ObjectId,Crash ID,Primary Road,Intersecting Road,Crash Date,Day,Month,Year,Hour,Weekday,Crash Type Code,Highway Classification Code,Community Code,Jurisdiction Code,Lane Departure Type Code,Surface Type,Road Condition,Weather Condition,Lighting Condition,Speed Limit,Lanes,Units,Occupants,Most Severe Injury,Fatal Injuries,Suspected Serious Injuries,Suspected Minor Injuries,Possible Injuries,Property Damage Only,Secondary Crash,Traffic Control,Red Light Run,Hit and Run,Alcohol,Drugs,Unbelted Person,Work Zone,Speeding Driver,Distracted Driver,Driveway,Pedestrian,Elderly Driver,Young Driver,Commercial Vehicle,Emergency Vehicles,Train,School Bus,Motorcycle,Bicycle,Deer,Longitude,Latitude,geom,geog,x,y
401,1245955,N/B M-39,MCNICHOLS,2017-12-26,26,12,2017,10,3,97,3,,1,0,,3,1,1,55,3,2,3,4,0,0,0,2,false,,false,false,false,false,false,,,,,,false,false,false,,,false,false,false,false,false,-83.21871,42.41536,"{
  ""coordinates"": [
    -8.321870960800000e+01,
    4.241535841100010e+01
  ],
  ""type"": ""Point""
}","{
  ""coordinates"": [
    -83.218709608,
    42.415358411
  ],
  ""type"": ""Point""
}",-83.218709608,42.4153584110001
402,1245980,S M 10,RAMP 105A,2017-12-26,26,12,2017,14,3,8,3,,1,0,,3,1,1,55,3,2,2,5,0,0,0,0,true,,false,false,false,false,false,,,,,,false,false,true,,,false,false,false,false,false,-83.16248,42.40673,"{
  ""coordinates"": [
    -8.316247771300000e+01,
    4.240672588600010e+01
  ],
  ""type"": ""Point""
}","{
  ""coordinates"": [
    -83.162477713,
    42.406725886
  ],
  ""type"": ""Point""
}",-83.162477713,42.4067258860001
403,1244138,M10,WYOMING,2017-12-26,26,12,2017,0,3,8,3,,1,0,,3,5,4,55,3,2,1,5,0,0,0,0,true,,false,false,true,false,false,,,,,,false,false,false,,,false,false,false,false,false,-83.16161,42.40623,"{
  ""coordinates"": [
    -8.316161424300000e+01,
    4.240623206000000e+01
  ],
  ""type"": ""Point""
}","{
  ""coordinates"": [
    -83.161614243,
    42.40623206
  ],
  ""type"": ""Point""
}",-83.161614243,42.40623206
404,1245963,N M 10,RAMP 110A,2017-12-26,26,12,2017,10,3,1,3,,1,1,,3,1,1,55,3,1,1,5,0,0,0,0,true,,false,false,false,false,false,,,,,,false,false,false,,,false,false,false,false,false,-83.10634,42.39371,"{
  ""coordinates"": [
    -8.310634046500000e+01,
    4.239370700000010e+01
  ],
  ""type"": ""Point""
}","{
  ""coordinates"": [
    -83.106340465,
    42.393707
  ],
  ""type"": ""Point""
}",-83.106340465,42.3937070000001
405,1269915,I-75,I 94,2017-12-26,26,12,2017,15,3,8,1,,1,0,,2,1,1,70,3,2,3,4,0,0,0,1,false,,false,false,true,false,false,,,,,,false,true,false,,,false,false,false,false,false,-83.05787,42.36781,"{
  ""coordinates"": [
    -8.305787076099990e+01,
    4.236781446100010e+01
  ],
  ""type"": ""Point""
}","{
  ""coordinates"": [
    -83.057870761,
    42.367814461
  ],
  ""type"": ""Point""
}",-83.0578707609999,42.3678144610001
406,1244196,LIVERNOIS,MARGARETA,2017-12-26,26,12,2017,15,3,4,9,,4,0,,4,2,1,30,2,2,2,4,0,0,0,2,false,,false,false,false,false,false,,,,,,false,false,false,,,false,false,false,false,false,-83.14143,42.42802,"{
  ""coordinates"": [
    -8.314143032200001e+01,
    4.242802380700000e+01
  ],
  ""type"": ""Point""
}","{
  ""coordinates"": [
    -83.141430322,
    42.428023807
  ],
  ""type"": ""Point""
}",-83.141430322,42.428023807
407,1242527,RUTHERFORD,GRAND RIVER,2017-12-26,26,12,2017,4,3,5,3,,,0,,4,5,2,25,2,2,1,5,0,0,0,0,true,,false,false,true,false,false,,,,,,false,false,false,,,false,false,false,false,false,-83.2038,42.3946,"{
  ""coordinates"": [
    -8.320380672700000e+01,
    4.239460036200010e+01
  ],
  ""type"": ""Point""
}","{
  ""coordinates"": [
    -83.203806727,
    42.394600362
  ],
  ""type"": ""Point""
}",-83.203806727,42.3946003620001
408,1245976,S M 10,7 MILE,2017-12-26,26,12,2017,11,3,5,3,,1,0,,2,1,1,55,3,2,3,5,0,0,0,0,true,,false,false,false,false,false,,,,,,false,false,true,,,false,false,false,false,false,-83.18692,42.43061,"{
  ""coordinates"": [
    -8.318691941899991e+01,
    4.243061432300000e+01
  ],
  ""type"": ""Point""
}","{
  ""coordinates"": [
    -83.186919419,
    42.430614323
  ],
  ""type"": ""Point""
}",-83.1869194189999,42.430614323
409,1245973,N M 10,MEYERS,2017-12-26,26,12,2017,10,3,1,3,,1,1,,3,1,1,55,3,1,1,5,0,0,0,0,true,,false,false,false,false,false,,,,,,false,false,false,,,false,false,false,false,false,-83.16998,42.4144,"{
  ""coordinates"": [
    -8.316997806599990e+01,
    4.241440119600000e+01
  ],
  ""type"": ""Point""
}","{
  ""coordinates"": [
    -83.169978066,
    42.414401196
  ],
  ""type"": ""Point""
}",-83.1699780659999,42.414401196
410,1245942,N/B M-39,MCNICHOLS,2017-12-26,26,12,2017,9,3,1,3,,1,1,,3,1,1,55,3,1,1,5,0,0,0,0,true,,false,false,false,false,false,,,,,,false,true,false,,,false,false,false,false,false,-83.21871,42.41536,"{
  ""coordinates"": [
    -8.321870960800000e+01,
    4.241535841100010e+01
  ],
  ""type"": ""Point""
}","{
  ""coordinates"": [
    -83.218709608,
    42.415358411
  ],
  ""type"": ""Point""
}",-83.218709608,42.4153584110001
411,1244145,JOY,PRAIRIE,2017-12-26,26,12,2017,23,3,8,9,,4,0,,4,5,5,35,2,2,1,5,0,0,0,0,true,,false,false,true,false,false,,,,,,false,false,false,,,false,false,false,false,false,-83.14328,42.35927,"{
  ""coordinates"": [
    -8.314328006999990e+01,
    4.235926712500000e+01
  ],
  ""type"": ""Point""
}","{
  ""coordinates"": [
    -83.14328007,
    42.359267125
  ],
  ""type"": ""Point""
}",-83.1432800699999,42.359267125
412,1261570,I 75,NEVADA,2017-12-26,26,12,2017,9,3,98,1,,1,0,,3,1,1,70,3,2,2,5,0,0,0,0,true,,false,false,false,false,false,,,,,,false,false,false,,,false,false,false,false,false,-83.09243,42.42353,"{
  ""coordinates"": [
    -8.309242811099990e+01,
    4.242353153800010e+01
  ],
  ""type"": ""Point""
}","{
  ""coordinates"": [
    -83.092428111,
    42.423531538
  ],
  ""type"": ""Point""
}",-83.0924281109999,42.4235315380001
413,1249102,S M 10,WYOMING,2017-12-26,26,12,2017,9,3,8,3,,1,0,,3,1,1,55,3,2,1,5,0,0,0,0,true,,false,false,true,false,false,,,,,,false,false,false,,,false,false,false,false,false,-83.1599,42.4052,"{
  ""coordinates"": [
    -8.315989903199990e+01,
    4.240520119200000e+01
  ],
  ""type"": ""Point""
}","{
  ""coordinates"": [
    -83.159899032,
    42.405201192
  ],
  ""type"": ""Point""
}",-83.1598990319999,42.405201192
414,1244153,8717 JEFFERSON,DEARBORN,2017-12-26,26,12,2017,14,3,1,9,,4,1,,4,1,1,35,2,1,1,5,0,0,0,0,true,,false,false,false,false,false,,,,,,false,false,false,,,false,false,false,false,false,-83.11832,42.29022,"{
  ""coordinates"": [
    -8.311832141699990e+01,
    4.229021754200010e+01
  ],
  ""type"": ""Point""
}","{
  ""coordinates"": [
    -83.118321417,
    42.290217542
  ],
  ""type"": ""Point""
}",-83.1183214169999,42.2902175420001
415,1246006,ALTER,ESSEX,2017-12-26,26,12,2017,9,3,2,9,,4,2,,3,5,1,25,2,2,1,5,0,0,0,0,true,,false,false,false,false,false,,,,,,false,false,true,,,false,false,false,false,false,-82.93542,42.36868,"{
  ""coordinates"": [
    -8.293541615200000e+01,
    4.236867370600000e+01
  ],
  ""type"": ""Point""
}","{
  ""coordinates"": [
    -82.935416152,
    42.368673706
  ],
  ""type"": ""Point""
}",-82.935416152,42.368673706
416,1245983,N M 39,RAMP 006B,2017-12-26,26,12,2017,17,3,5,3,,1,0,,4,5,5,55,3,2,2,5,0,0,0,0,true,,false,false,false,false,false,,,,,,false,false,false,,,false,false,false,false,false,-83.21615,42.34626,"{
  ""coordinates"": [
    -8.321614459100000e+01,
    4.234626397500010e+01
  ],
  ""type"": ""Point""
}","{
  ""coordinates"": [
    -83.216144591,
    42.346263975
  ],
  ""type"": ""Point""
}",-83.216144591,42.3462639750001
417,1244160,LIVERNOIS,FEDERAL,2017-12-26,26,12,2017,17,3,3,9,,4,0,,2,5,4,35,2,2,1,5,0,0,0,0,true,,false,false,true,false,false,,,,,,false,false,false,,,false,false,false,false,false,-83.11315,42.32124,"{
  ""coordinates"": [
    -8.311314861100000e+01,
    4.232123537400000e+01
  ],
  ""type"": ""Point""
}","{
  ""coordinates"": [
    -83.113148611,
    42.321235374
  ],
  ""type"": ""Point""
}",-83.113148611,42.321235374
418,1278288,MACKENZIE,PREST,2017-12-26,26,12,2017,1,3,4,9,,,0,,4,5,1,25,2,2,2,5,0,0,0,0,true,,false,false,true,false,false,,,,,,false,false,false,,,false,false,false,false,false,-83.19624,42.35578,"{
  ""coordinates"": [
    -8.319624071899990e+01,
    4.235577869200010e+01
  ],
  ""type"": ""Point""
}","{
  ""coordinates"": [
    -83.196240719,
    42.355778692
  ],
  ""type"": ""Point""
}",-83.1962407189999,42.3557786920001
419,1279343,W I 94,CADIEUX,2017-12-26,26,12,2017,6,3,1,1,,1,1,,3,1,1,55,3,1,1,5,0,0,0,0,true,,false,false,false,false,false,,,,,,false,false,false,,,false,false,false,false,false,-82.93662,42.41766,"{
  ""coordinates"": [
    -8.293662147799991e+01,
    4.241766371200000e+01
  ],
  ""type"": ""Point""
}","{
  ""coordinates"": [
    -82.936621478,
    42.417663712
  ],
  ""type"": ""Point""
}",-82.9366214779999,42.417663712
420,1257121,M10,7 MILE,2017-12-26,26,12,2017,6,3,5,3,,1,0,,3,1,4,55,3,2,2,5,0,0,0,0,true,,false,false,false,false,false,,,,,,false,false,true,,,false,false,false,false,false,-83.17831,42.42308,"{
  ""coordinates"": [
    -8.317830483900001e+01,
    4.242308535800000e+01
  ],
  ""type"": ""Point""
}","{
  ""coordinates"": [
    -83.178304839,
    42.423085358
  ],
  ""type"": ""Point""
}",-83.178304839,42.423085358
421,1242550,7 MILE,RIOPELLE,2017-12-26,26,12,2017,20,3,5,9,,4,0,,4,5,4,35,2,2,2,5,0,0,0,0,true,,false,false,true,false,false,,,,,,false,true,false,,,false,false,false,false,false,-83.08655,42.43279,"{
  ""coordinates"": [
    -8.308654885399990e+01,
    4.243278403500010e+01
  ],
  ""type"": ""Point""
}","{
  ""coordinates"": [
    -83.086548854,
    42.432784035
  ],
  ""type"": ""Point""
}",-83.0865488539999,42.4327840350001
422,1279341,N I 75,MCNICHOLS,2017-12-26,26,12,2017,3,3,1,1,,1,1,,3,5,4,70,3,1,1,5,0,0,0,0,true,,false,false,false,false,false,,,,,,false,false,false,,,false,false,false,false,false,-83.08762,42.41809,"{
  ""coordinates"": [
    -8.308762358300000e+01,
    4.241809313500000e+01
  ],
  ""type"": ""Point""
}","{
  ""coordinates"": [
    -83.087623583,
    42.418093135
  ],
  ""type"": ""Point""
}",-83.087623583,42.418093135
423,1242548,DAVISON,MT ELLIOTT,2017-12-26,26,12,2017,16,3,8,9,,4,0,,4,5,1,35,2,2,1,5,0,0,0,0,true,,false,false,false,false,false,,,,,,false,false,false,,,false,false,false,false,false,-83.0385,42.42327,"{
  ""coordinates"": [
    -8.303850123699991e+01,
    4.242327028500010e+01
  ],
  ""type"": ""Point""
}","{
  ""coordinates"": [
    -83.038501237,
    42.423270285
  ],
  ""type"": ""Point""
}",-83.0385012369999,42.4232702850001
424,1257315,7 MILE,SAN JUAN,2017-12-26,26,12,2017,17,3,98,9,,2,0,,1,1,4,0,2,2,0,4,0,0,0,1,false,,false,false,true,false,false,,,,,,true,false,false,,,false,false,false,false,false,-83.14723,42.4315,"{
  ""coordinates"": [
    -8.314723433099989e+01,
    4.243149549800010e+01
  ],
  ""type"": ""Point""
}","{
  ""coordinates"": [
    -83.147234331,
    42.431495498
  ],
  ""type"": ""Point""
}",-83.1472343309999,42.4314954980001
425,1249101,M-8,WOODWARD,2017-12-26,26,12,2017,8,3,5,3,,1,0,,3,1,1,55,3,2,3,5,0,0,0,0,true,,false,false,false,false,false,,,,,,false,false,false,,,false,false,false,false,false,-83.05504,42.32742,"{
  ""coordinates"": [
    -8.305503734400000e+01,
    4.232742500000010e+01
  ],
  ""type"": ""Point""
}","{
  ""coordinates"": [
    -83.055037344,
    42.327425
  ],
  ""type"": ""Point""
}",-83.055037344,42.3274250000001
426,1257144,I75,M8,2017-12-26,26,12,2017,1,3,1,1,,1,1,,3,1,4,70,4,1,1,5,0,0,0,0,true,,false,false,false,false,false,,,,,,false,false,true,,,false,false,false,false,false,-83.08032,42.40997,"{
  ""coordinates"": [
    -8.308031911099989e+01,
    4.240996588500010e+01
  ],
  ""type"": ""Point""
}","{
  ""coordinates"": [
    -83.080319111,
    42.409965885
  ],
  ""type"": ""Point""
}",-83.0803191109999,42.4099658850001
427,1242556,MCNICHOLS,WHITCOMB,2017-12-26,26,12,2017,11,3,8,9,,2,0,,4,1,1,35,4,2,1,5,0,0,0,0,true,,false,false,true,false,false,,,,,,false,false,false,,,false,false,false,false,false,-83.19698,42.41609,"{
  ""coordinates"": [
    -8.319698121800000e+01,
    4.241608925800010e+01
  ],
  ""type"": ""Point""
}","{
  ""coordinates"": [
    -83.196981218,
    42.416089258
  ],
  ""type"": ""Point""
}",-83.196981218,42.4160892580001
428,1242526,PLAINVIEW,VAN BUREN,2017-12-26,26,12,2017,9,3,1,9,,,1,,4,5,98,25,2,1,1,5,0,0,0,0,true,,false,false,false,false,false,,,,,,false,false,false,,,false,false,false,false,false,-83.23466,42.35576,"{
  ""coordinates"": [
    -8.323465758000000e+01,
    4.235575812000010e+01
  ],
  ""type"": ""Point""
}","{
  ""coordinates"": [
    -83.23465758,
    42.35575812
  ],
  ""type"": ""Point""
}",-83.23465758,42.3557581200001
429,1240941,S/B M-39,MCNICHOLS,2017-12-26,26,12,2017,1,3,1,3,,1,1,,4,5,4,55,3,1,2,5,0,0,0,0,true,,false,false,false,false,false,,,,,,false,false,false,,,false,false,false,false,false,-83.21889,42.41541,"{
  ""coordinates"": [
    -8.321889263100000e+01,
    4.241540858500010e+01
  ],
  ""type"": ""Point""
}","{
  ""coordinates"": [
    -83.218892631,
    42.415408585
  ],
  ""type"": ""Point""
}",-83.218892631,42.4154085850001
430,1257120,M10,WYOMING,2017-12-26,26,12,2017,5,3,1,3,,1,1,,3,1,4,55,3,1,1,5,0,0,0,0,true,,false,false,false,false,false,,,,,,false,false,false,,,false,false,false,false,false,-83.16612,42.41076,"{
  ""coordinates"": [
    -8.316612447900000e+01,
    4.241076331000000e+01
  ],
  ""type"": ""Point""
}","{
  ""coordinates"": [
    -83.166124479,
    42.41076331
  ],
  ""type"": ""Point""
}",-83.166124479,42.41076331
431,1242544,8 MILE,RENO,2017-12-26,26,12,2017,3,3,5,3,,1,0,,4,8,4,35,4,2,1,5,0,0,0,0,true,,false,false,true,false,false,,,,,,false,false,false,,,false,false,false,false,false,-82.98327,42.44934,"{
  ""coordinates"": [
    -8.298327190899990e+01,
    4.244934421600000e+01
  ],
  ""type"": ""Point""
}","{
  ""coordinates"": [
    -82.983271909,
    42.449344216
  ],
  ""type"": ""Point""
}",-82.9832719089999,42.449344216
432,1242534,8 MILE,CHAPEL,2017-12-26,26,12,2017,15,3,4,3,,1,0,,4,5,1,45,8,2,1,5,0,0,0,0,true,,false,false,false,false,false,,,,,,false,false,false,,,false,false,false,false,false,-83.25149,42.44344,"{
  ""coordinates"": [
    -8.325148780099990e+01,
    4.244343444800010e+01
  ],
  ""type"": ""Point""
}","{
  ""coordinates"": [
    -83.251487801,
    42.443434448
  ],
  ""type"": ""Point""
}",-83.2514878009999,42.4434344480001
433,1242509,JOY,LAUDER,2017-12-26,26,12,2017,21,3,5,9,,4,0,,4,1,4,35,2,2,1,5,0,0,0,0,true,,false,false,false,false,false,,,,,,false,false,true,,,false,false,false,false,false,-83.1895,42.3583,"{
  ""coordinates"": [
    -8.318949779400000e+01,
    4.235830276400000e+01
  ],
  ""type"": ""Point""
}","{
  ""coordinates"": [
    -83.189497794,
    42.358302764
  ],
  ""type"": ""Point""
}",-83.189497794,42.358302764
434,1278287,PAUL,MERCURY,2017-12-26,26,12,2017,2,3,5,9,,4,0,,3,5,1,25,4,2,2,5,0,0,0,0,true,,false,false,false,false,false,,,,,,false,false,false,,,false,false,false,false,false,-83.21587,42.33614,"{
  ""coordinates"": [
    -8.321587340400001e+01,
    4.233613616800010e+01
  ],
  ""type"": ""Point""
}","{
  ""coordinates"": [
    -83.215873404,
    42.336136168
  ],
  ""type"": ""Point""
}",-83.215873404,42.3361361680001
435,1255374,DRAGOON,VERNOR,2017-12-26,26,12,2017,10,3,5,9,,4,0,,1,1,1,30,2,2,2,5,0,0,0,0,true,,false,false,true,false,false,,,,,,false,false,false,,,false,false,false,false,false,-83.10854,42.31567,"{
  ""coordinates"": [
    -8.310854580199999e+01,
    4.231567399600000e+01
  ],
  ""type"": ""Point""
}","{
  ""coordinates"": [
    -83.108545802,
    42.315673996
  ],
  ""type"": ""Point""
}",-83.108545802,42.315673996
436,1242558,PENNINGTON,OUTER,2017-12-26,26,12,2017,13,3,4,9,,,0,,6,2,1,25,1,2,1,5,0,0,0,0,true,,false,false,true,false,false,,,,,,false,false,false,,,false,false,false,false,false,-83.14827,42.43501,"{
  ""coordinates"": [
    -8.314827072500000e+01,
    4.243501036700010e+01
  ],
  ""type"": ""Point""
}","{
  ""coordinates"": [
    -83.148270725,
    42.435010367
  ],
  ""type"": ""Point""
}",-83.148270725,42.4350103670001
437,1292182,N I 75,RAMP 047E,2017-12-26,26,12,2017,2,3,1,1,,1,1,,4,5,4,70,4,1,1,5,0,0,0,0,true,,false,false,false,false,false,,,,,,false,false,false,,,false,false,false,false,false,-83.07786,42.40753,"{
  ""coordinates"": [
    -8.307785681999999e+01,
    4.240753035600010e+01
  ],
  ""type"": ""Point""
}","{
  ""coordinates"": [
    -83.07785682,
    42.407530356
  ],
  ""type"": ""Point""
}",-83.07785682,42.4075303560001
438,1270754,KELLY,WASHTENAW,2017-12-26,26,12,2017,15,3,8,9,,2,0,,2,2,1,35,2,2,3,5,0,0,0,0,true,,false,false,false,false,false,,,,,,false,false,false,,,false,false,false,false,false,-82.95126,42.43676,"{
  ""coordinates"": [
    -8.295125508699989e+01,
    4.243676026400000e+01
  ],
  ""type"": ""Point""
}","{
  ""coordinates"": [
    -82.951255087,
    42.436760264
  ],
  ""type"": ""Point""
}",-82.9512550869999,42.436760264
439,1245939,I-75,OAKLAND,2017-12-26,26,12,2017,7,3,8,1,,1,0,,3,5,2,70,4,2,2,5,0,0,0,0,true,,false,false,false,false,false,,,,,,false,false,false,,,false,false,false,false,false,-83.09441,42.4272,"{
  ""coordinates"": [
    -8.309441486799990e+01,
    4.242719581400010e+01
  ],
  ""type"": ""Point""
}","{
  ""coordinates"": [
    -83.094414868,
    42.427195814
  ],
  ""type"": ""Point""
}",-83.0944148679999,42.4271958140001
440,1280893,SOUTHFIELD SERVICE DRIVE,GRAND RIVER,2017-12-26,26,12,2017,14,3,5,3,,4,0,,6,5,1,30,3,2,1,5,0,0,0,0,true,,false,false,false,false,false,,,,,,false,false,true,,,false,false,false,false,false,-83.21859,42.40077,"{
  ""coordinates"": [
    -8.321859332299989e+01,
    4.240077131900010e+01
  ],
  ""type"": ""Point""
}","{
  ""coordinates"": [
    -83.218593323,
    42.400771319
  ],
  ""type"": ""Point""
}",-83.2185933229999,42.4007713190001
441,1278258,I 94,CADIEUX,2017-12-26,26,12,2017,6,3,97,1,,1,0,,3,2,4,55,3,3,4,3,0,0,1,0,false,,false,false,false,false,false,,,,,,false,false,false,,,false,false,false,false,false,-82.93753,42.41716,"{
  ""coordinates"": [
    -8.293752674599990e+01,
    4.241715863800000e+01
  ],
  ""type"": ""Point""
}","{
  ""coordinates"": [
    -82.937526746,
    42.417158638
  ],
  ""type"": ""Point""
}",-82.9375267459999,42.417158638
442,1242513,WHITTIER,E I 94,2017-12-26,26,12,2017,10,3,1,9,,4,0,,3,5,1,30,2,1,1,4,0,0,0,1,false,,false,false,false,false,false,,,,,,false,false,false,,,false,false,false,false,false,-82.94321,42.41287,"{
  ""coordinates"": [
    -8.294321166299990e+01,
    4.241286761600000e+01
  ],
  ""type"": ""Point""
}","{
  ""coordinates"": [
    -82.943211663,
    42.412867616
  ],
  ""type"": ""Point""
}",-82.9432116629999,42.412867616
443,1279342,I 75,7 MILE/S I 75 RAMP,2017-12-26,26,12,2017,5,3,1,1,,1,1,,3,2,4,70,3,1,1,5,0,0,0,0,true,,false,false,false,false,false,,,,,,false,false,false,,,false,false,false,false,false,-83.09448,42.42821,"{
  ""coordinates"": [
    -8.309448302300000e+01,
    4.242820856100010e+01
  ],
  ""type"": ""Point""
}","{
  ""coordinates"": [
    -83.094483023,
    42.428208561
  ],
  ""type"": ""Point""
}",-83.094483023,42.4282085610001
444,1240930,W I 96,CONSOLIDATED RAIL CORPORATION,2017-12-25,25,12,2017,12,2,1,1,,1,1,,4,2,1,55,4,1,1,5,0,0,0,0,true,,false,false,false,false,false,,,,,,false,false,false,,,false,false,false,false,false,-83.18232,42.38244,"{
  ""coordinates"": [
    -8.318231929099990e+01,
    4.238244230100000e+01
  ],
  ""type"": ""Point""
}","{
  ""coordinates"": [
    -83.182319291,
    42.382442301
  ],
  ""type"": ""Point""
}",-83.1823192909999,42.382442301
445,1244155,FORT,MILLER,2017-12-25,25,12,2017,16,2,8,3,,1,0,,4,8,1,45,5,2,2,5,0,0,0,0,true,,false,false,false,false,false,,,,,,false,false,true,,,false,false,false,false,false,-83.14135,42.29171,"{
  ""coordinates"": [
    -8.314135254900000e+01,
    4.229171525700010e+01
  ],
  ""type"": ""Point""
}","{
  ""coordinates"": [
    -83.141352549,
    42.291715257
  ],
  ""type"": ""Point""
}",-83.141352549,42.2917152570001
446,1244126,M-39,MCNICHOLS,2017-12-25,25,12,2017,22,2,1,3,,1,1,,3,1,4,55,3,1,1,4,0,0,0,1,false,,false,false,false,false,false,,,,,,false,false,false,,,false,false,false,false,false,-83.21872,42.41639,"{
  ""coordinates"": [
    -8.321872001600001e+01,
    4.241639043200010e+01
  ],
  ""type"": ""Point""
}","{
  ""coordinates"": [
    -83.218720016,
    42.416390432
  ],
  ""type"": ""Point""
}",-83.218720016,42.4163904320001
447,1257150,S M 10,LIVERNOIS,2017-12-25,25,12,2017,20,2,97,3,,1,0,,3,1,4,55,3,2,4,5,0,0,0,0,true,,false,false,false,false,false,,,,,,false,false,false,,,false,false,false,false,false,-83.14075,42.40481,"{
  ""coordinates"": [
    -8.314075541600000e+01,
    4.240480829600010e+01
  ],
  ""type"": ""Point""
}","{
  ""coordinates"": [
    -83.140755416,
    42.404808296
  ],
  ""type"": ""Point""
}",-83.140755416,42.4048082960001
448,1242540,SEYMOUR,GROVER,2017-12-25,25,12,2017,20,2,1,9,,4,0,,4,5,4,25,2,2,1,2,0,1,0,0,false,,false,false,true,false,false,,,,,,false,false,false,,,false,false,false,true,false,-82.98014,42.42701,"{
  ""coordinates"": [
    -8.298013991999990e+01,
    4.242700895200010e+01
  ],
  ""type"": ""Point""
}","{
  ""coordinates"": [
    -82.98013992,
    42.427008952
  ],
  ""type"": ""Point""
}",-82.9801399199999,42.4270089520001
449,1262913,S/B M-39,8 MILE,2017-12-25,25,12,2017,13,2,4,3,,1,0,,4,1,1,55,3,2,2,5,0,0,0,0,true,,false,false,false,false,false,,,,,,false,false,true,,,false,false,false,false,false,-83.21987,42.442,"{
  ""coordinates"": [
    -8.321986875200000e+01,
    4.244199772400000e+01
  ],
  ""type"": ""Point""
}","{
  ""coordinates"": [
    -83.219868752,
    42.441997724
  ],
  ""type"": ""Point""
}",-83.219868752,42.441997724
450,1251899,I-75,6 MILE,2017-12-25,25,12,2017,23,2,1,1,,1,1,,3,1,4,70,4,1,1,5,0,0,0,0,true,,false,false,false,false,false,,,,,,false,false,false,,,false,false,false,false,false,-83.08663,42.41687,"{
  ""coordinates"": [
    -8.308662818300000e+01,
    4.241686651100010e+01
  ],
  ""type"": ""Point""
}","{
  ""coordinates"": [
    -83.086628183,
    42.416866511
  ],
  ""type"": ""Point""
}",-83.086628183,42.4168665110001
451,1251888,RAMP 008V,I-96,2017-12-25,25,12,2017,15,2,97,1,,1,0,,2,5,4,55,1,2,1,5,0,0,0,0,true,,false,false,true,false,false,,,,,,false,false,false,,,false,false,false,false,false,-83.21088,42.37845,"{
  ""coordinates"": [
    -8.321088690900000e+01,
    4.237845027800010e+01
  ],
  ""type"": ""Point""
}","{
  ""coordinates"": [
    -83.210886909,
    42.378450278
  ],
  ""type"": ""Point""
}",-83.210886909,42.3784502780001
452,1257148,N/B I-75,FORT,2017-12-25,25,12,2017,16,2,1,1,,1,1,,4,5,1,55,3,1,2,4,0,0,0,1,false,,false,false,false,false,false,,,,,,false,false,true,,,false,false,false,false,false,-83.15324,42.27823,"{
  ""coordinates"": [
    -8.315323681800000e+01,
    4.227823204900010e+01
  ],
  ""type"": ""Point""
}","{
  ""coordinates"": [
    -83.153236818,
    42.278232049
  ],
  ""type"": ""Point""
}",-83.153236818,42.2782320490001
453,1242521,CONNER,CANFIELD,2017-12-25,25,12,2017,19,2,5,9,,4,0,,2,5,4,30,6,2,1,5,0,0,0,0,true,,false,false,true,false,false,,,,,,false,true,false,,,false,false,false,false,false,-82.97073,42.38704,"{
  ""coordinates"": [
    -8.297072283599989e+01,
    4.238704214300000e+01
  ],
  ""type"": ""Point""
}","{
  ""coordinates"": [
    -82.970722836,
    42.387042143
  ],
  ""type"": ""Point""
}",-82.9707228359999,42.387042143
454,1242505,E I 96 CD,SCHAEFER,2017-12-25,25,12,2017,13,2,1,1,,1,1,,3,5,1,35,2,1,1,5,0,0,0,0,true,,false,false,false,false,false,,,,,,false,false,false,,,false,false,false,false,false,-83.17902,42.38282,"{
  ""coordinates"": [
    -8.317902096499991e+01,
    4.238281685000000e+01
  ],
  ""type"": ""Point""
}","{
  ""coordinates"": [
    -83.179020965,
    42.38281685
  ],
  ""type"": ""Point""
}",-83.1790209649999,42.38281685
455,1240933,RAMP 119C,N M 10,2017-12-25,25,12,2017,8,2,1,3,,1,1,,4,5,1,55,1,1,1,5,0,0,0,0,true,,false,false,false,false,false,,,,,,false,false,true,,,false,false,false,false,false,-83.07102,42.34978,"{
  ""coordinates"": [
    -8.307102222000000e+01,
    4.234978023600010e+01
  ],
  ""type"": ""Point""
}","{
  ""coordinates"": [
    -83.07102222,
    42.349780236
  ],
  ""type"": ""Point""
}",-83.07102222,42.3497802360001
456,1240964,SCHOENHERR,7 MILE,2017-12-25,25,12,2017,13,2,4,9,,4,0,,6,2,1,30,3,2,3,3,0,0,1,1,false,,true,true,false,false,false,,,,,,false,true,false,,,false,false,false,false,false,-82.98512,42.43493,"{
  ""coordinates"": [
    -8.298512014900000e+01,
    4.243492382800010e+01
  ],
  ""type"": ""Point""
}","{
  ""coordinates"": [
    -82.985120149,
    42.434923828
  ],
  ""type"": ""Point""
}",-82.985120149,42.4349238280001
457,1257162,S M 39,RAMP 010C,2017-12-25,25,12,2017,22,2,5,3,,1,0,,4,1,1,55,3,2,2,5,0,0,0,0,true,,false,false,false,false,false,,,,,,false,false,true,,,false,false,false,false,false,-83.21889,42.41694,"{
  ""coordinates"": [
    -8.321889454099990e+01,
    4.241693777200000e+01
  ],
  ""type"": ""Point""
}","{
  ""coordinates"": [
    -83.218894541,
    42.416937772
  ],
  ""type"": ""Point""
}",-83.2188945409999,42.416937772