ObjectId,Crash ID,Primary Road,Intersecting Road,Crash Date,Day,Month,Year,Hour,Weekday,Crash Type Code,Highway Classification Code,Community Code,Jurisdiction Code,Lane Departure Type Code,Surface Type,Road Condition,Weather Condition,Lighting Condition,Speed Limit,Lanes,Units,Occupants,Most Severe Injury,Fatal Injuries,Suspected Serious Injuries,Suspected Minor Injuries,Possible Injuries,Property Damage Only,Secondary Crash,Traffic Control,Red Light Run,Hit and Run,Alcohol,Drugs,Unbelted Person,Work Zone,Speeding Driver,Distracted Driver,Driveway,Pedestrian,Elderly Driver,Young Driver,Commercial Vehicle,Emergency Vehicles,Train,School Bus,Motorcycle,Bicycle,Deer,Longitude,Latitude,geom,geog,x,y
515,1240952,EVERGREEN,SANTA MARIA,2017-12-25,25,12,2017,11,2,4,9,,4,0,,3,2,1,30,4,2,2,5,0,0,0,0,true,,false,false,false,false,false,,,,,,false,true,false,,,false,false,false,false,false,-83.2383,42.41745,"{
  ""coordinates"": [
    -8.323830176900000e+01,
    4.241745147300000e+01
  ],
  ""type"": ""Point""
}","{
  ""coordinates"": [
    -83.238301769,
    42.417451473
  ],
  ""type"": ""Point""
}",-83.238301769,42.417451473
516,1261625,SOUTHFIELD SERVICE DRIVE,MCNICHOLS,2017-12-25,25,12,2017,16,2,5,3,,4,0,,4,5,1,35,2,2,3,5,0,0,0,0,true,,false,false,false,false,false,,,,,,false,false,true,,,false,false,false,false,false,-83.21839,42.41554,"{
  ""coordinates"": [
    -8.321839274599991e+01,
    4.241554033000010e+01
  ],
  ""type"": ""Point""
}","{
  ""coordinates"": [
    -83.218392746,
    42.41554033
  ],
  ""type"": ""Point""
}",-83.2183927459999,42.4155403300001
517,1245938,M 10,MCNICHOLS,2017-12-25,25,12,2017,21,2,97,3,,1,0,,4,5,5,55,3,2,2,5,0,0,0,0,true,,false,false,false,false,false,,,,,,false,false,false,,,false,false,false,false,false,-83.17201,42.4166,"{
  ""coordinates"": [
    -8.317201174099991e+01,
    4.241660042000010e+01
  ],
  ""type"": ""Point""
}","{
  ""coordinates"": [
    -83.172011741,
    42.41660042
  ],
  ""type"": ""Point""
}",-83.1720117409999,42.4166004200001
518,1261597,SPRINGWELLS,CHAMBERLAIN,2017-12-25,25,12,2017,0,2,1,9,,4,0,,4,5,4,35,2,1,2,4,0,0,0,3,false,,false,false,false,false,false,,,,,,false,false,false,,,false,false,false,false,false,-83.12186,42.30414,"{
  ""coordinates"": [
    -8.312185580200000e+01,
    4.230413944900000e+01
  ],
  ""type"": ""Point""
}","{
  ""coordinates"": [
    -83.121855802,
    42.304139449
  ],
  ""type"": ""Point""
}",-83.121855802,42.304139449
519,1242559,PRINCETON,MCNICHOLS,2017-12-25,25,12,2017,23,2,98,9,,,0,,2,5,5,25,2,2,0,5,0,0,0,0,true,,false,false,false,false,false,,,,,,false,false,false,,,false,false,false,false,false,-83.12926,42.41733,"{
  ""coordinates"": [
    -8.312925845099990e+01,
    4.241733320900000e+01
  ],
  ""type"": ""Point""
}","{
  ""coordinates"": [
    -83.129258451,
    42.417333209
  ],
  ""type"": ""Point""
}",-83.1292584509999,42.417333209
520,1261568,I 94,JUNCTION,2017-12-25,25,12,2017,22,2,8,1,,1,0,,3,5,4,55,3,2,1,5,0,0,0,0,true,,false,false,true,false,false,,,,,,false,false,true,,,false,false,false,false,false,-83.11968,42.33968,"{
  ""coordinates"": [
    -8.311968343500000e+01,
    4.233968448400000e+01
  ],
  ""type"": ""Point""
}","{
  ""coordinates"": [
    -83.119683435,
    42.339684484
  ],
  ""type"": ""Point""
}",-83.119683435,42.339684484
521,1240982,SCHAEFER,CHIPPEWA,2017-12-25,25,12,2017,11,2,4,9,,4,0,,6,8,1,0,5,2,2,5,0,0,0,0,true,,false,false,true,false,false,,,,,,false,false,false,,,false,false,false,false,false,-83.18085,42.44079,"{
  ""coordinates"": [
    -8.318084528799990e+01,
    4.244079151100000e+01
  ],
  ""type"": ""Point""
}","{
  ""coordinates"": [
    -83.180845288,
    42.440791511
  ],
  ""type"": ""Point""
}",-83.1808452879999,42.440791511
522,1251894,I-75,6 MILE,2017-12-25,25,12,2017,18,2,5,1,,1,0,,4,5,4,70,4,2,4,5,0,0,0,0,true,,false,false,false,false,false,,,,,,false,false,false,,,false,false,false,false,false,-83.08693,42.41686,"{
  ""coordinates"": [
    -8.308692743700000e+01,
    4.241685783300010e+01
  ],
  ""type"": ""Point""
}","{
  ""coordinates"": [
    -83.086927437,
    42.416857833
  ],
  ""type"": ""Point""
}",-83.086927437,42.4168578330001
523,1240983,GREENFIELD,S M 10,2017-12-25,25,12,2017,10,2,4,7,,1,0,,6,5,1,35,5,2,3,5,0,0,0,0,true,,true,true,false,false,false,,,,,,false,false,false,,,false,false,false,false,false,-83.20038,42.44223,"{
  ""coordinates"": [
    -8.320037628199999e+01,
    4.244223077900010e+01
  ],
  ""type"": ""Point""
}","{
  ""coordinates"": [
    -83.200376282,
    42.442230779
  ],
  ""type"": ""Point""
}",-83.200376282,42.4422307790001
524,1240911,W/B I-94,VAN DYKE,2017-12-25,25,12,2017,10,2,8,1,,1,0,,2,1,1,55,3,2,1,5,0,0,0,0,true,,false,false,true,false,false,,,,,,false,false,false,,,false,false,false,false,false,-83.01756,42.38727,"{
  ""coordinates"": [
    -8.301755371199989e+01,
    4.238727270500000e+01
  ],
  ""type"": ""Point""
}","{
  ""coordinates"": [
    -83.017553712,
    42.387272705
  ],
  ""type"": ""Point""
}",-83.0175537119999,42.387272705
525,1240931,E I 96,RAMP 008J,2017-12-25,25,12,2017,13,2,97,1,,1,0,,4,2,1,70,3,2,2,5,0,0,0,0,true,,false,false,false,false,false,,,,,,false,false,false,,,false,false,false,false,false,-83.22195,42.37828,"{
  ""coordinates"": [
    -8.322194860099999e+01,
    4.237828419700000e+01
  ],
  ""type"": ""Point""
}","{
  ""coordinates"": [
    -83.221948601,
    42.378284197
  ],
  ""type"": ""Point""
}",-83.221948601,42.378284197
526,1240962,N M 39,GRAND RIVER,2017-12-25,25,12,2017,8,2,1,3,,1,0,,4,5,1,25,2,1,1,5,0,0,0,0,true,,false,false,false,false,false,,,,,,false,false,false,,,false,false,false,false,false,-83.2182,42.40047,"{
  ""coordinates"": [
    -8.321819904900001e+01,
    4.240046958100000e+01
  ],
  ""type"": ""Point""
}","{
  ""coordinates"": [
    -83.218199049,
    42.400469581
  ],
  ""type"": ""Point""
}",-83.218199049,42.400469581
527,1242530,MCNICHOLS,RUTHERFORD,2017-12-25,25,12,2017,11,2,5,9,,2,0,,4,5,1,25,4,2,1,5,0,0,0,0,true,,false,false,true,false,false,,,,,,false,false,false,,,false,false,false,false,false,-83.20472,42.41586,"{
  ""coordinates"": [
    -8.320472252600000e+01,
    4.241585727200000e+01
  ],
  ""type"": ""Point""
}","{
  ""coordinates"": [
    -83.204722526,
    42.415857272
  ],
  ""type"": ""Point""
}",-83.204722526,42.415857272
528,1240934,I-75,CLAY,2017-12-25,25,12,2017,10,2,1,1,,1,1,,2,2,1,70,4,1,2,5,0,0,0,0,true,,false,false,false,false,false,,,,,,false,false,false,,,false,false,false,false,false,-83.06343,42.37962,"{
  ""coordinates"": [
    -8.306343342100000e+01,
    4.237961955200010e+01
  ],
  ""type"": ""Point""
}","{
  ""coordinates"": [
    -83.063433421,
    42.379619552
  ],
  ""type"": ""Point""
}",-83.063433421,42.3796195520001
529,1242504,WYOMING,INTERVALE,2017-12-25,25,12,2017,20,2,2,9,,4,0,,4,5,4,0,4,2,2,4,0,0,0,2,false,,false,false,true,false,false,,,,,,false,false,false,,,false,false,false,false,false,-83.1592,42.39165,"{
  ""coordinates"": [
    -8.315920528100000e+01,
    4.239165625900010e+01
  ],
  ""type"": ""Point""
}","{
  ""coordinates"": [
    -83.159205281,
    42.391656259
  ],
  ""type"": ""Point""
}",-83.159205281,42.3916562590001
530,1251898,I-75,6 MILE,2017-12-25,25,12,2017,23,2,97,1,,1,0,,3,1,4,70,4,2,2,5,0,0,0,0,true,,false,false,false,false,false,,,,,,false,false,false,,,false,false,false,false,false,-83.08663,42.41687,"{
  ""coordinates"": [
    -8.308662818300000e+01,
    4.241686651100010e+01
  ],
  ""type"": ""Point""
}","{
  ""coordinates"": [
    -83.086628183,
    42.416866511
  ],
  ""type"": ""Point""
}",-83.086628183,42.4168665110001
531,1240939,N/B M-39,7 MILE,2017-12-25,25,12,2017,22,2,1,3,,1,1,,4,5,4,55,3,1,1,5,0,0,0,0,true,,false,false,false,false,false,,,,,,false,false,true,,,false,false,false,false,false,-83.21923,42.43017,"{
  ""coordinates"": [
    -8.321923405699989e+01,
    4.243017136400000e+01
  ],
  ""type"": ""Point""
}","{
  ""coordinates"": [
    -83.219234057,
    42.430171364
  ],
  ""type"": ""Point""
}",-83.2192340569999,42.430171364
532,1242552,MCNICHOLS,APPOLINE,2017-12-25,25,12,2017,23,2,4,9,,2,0,,4,5,4,35,2,2,3,4,0,0,0,1,false,,false,false,false,false,false,,,,,,false,false,true,,,false,false,false,false,false,-83.17068,42.41666,"{
  ""coordinates"": [
    -8.317067385800000e+01,
    4.241665792000000e+01
  ],
  ""type"": ""Point""
}","{
  ""coordinates"": [
    -83.170673858,
    42.41665792
  ],
  ""type"": ""Point""
}",-83.170673858,42.41665792
533,1329975,ALLENDALE,IRONWOOD,2017-12-25,25,12,2017,11,2,4,9,,,0,,3,5,1,25,2,2,1,5,0,0,0,0,true,,true,false,true,false,false,,,,,,false,false,true,,,false,false,false,false,false,-83.12304,42.3548,"{
  ""coordinates"": [
    -8.312304188000000e+01,
    4.235479780300010e+01
  ],
  ""type"": ""Point""
}","{
  ""coordinates"": [
    -83.12304188,
    42.354797803
  ],
  ""type"": ""Point""
}",-83.12304188,42.3547978030001
534,1240940,N/B M-39,MCNICHOLS,2017-12-25,25,12,2017,23,2,5,3,,1,0,,4,5,4,55,3,2,2,5,0,0,0,0,true,,false,false,false,false,false,,,,,,false,false,true,,,false,false,false,false,false,-83.21871,42.41571,"{
  ""coordinates"": [
    -8.321870932400000e+01,
    4.241571610200000e+01
  ],
  ""type"": ""Point""
}","{
  ""coordinates"": [
    -83.218709324,
    42.415716102
  ],
  ""type"": ""Point""
}",-83.218709324,42.415716102
535,1251896,I-75,6 MILE,2017-12-25,25,12,2017,20,2,1,1,,1,1,,3,1,4,70,4,1,3,5,0,0,0,0,true,,false,false,false,false,false,,,,,,false,false,false,,,false,false,false,false,false,-83.08663,42.41687,"{
  ""coordinates"": [
    -8.308662818300000e+01,
    4.241686651100010e+01
  ],
  ""type"": ""Point""
}","{
  ""coordinates"": [
    -83.086628183,
    42.416866511
  ],
  ""type"": ""Point""
}",-83.086628183,42.4168665110001
536,1251887,W I 96,GRAND RIVER,2017-12-25,25,12,2017,14,2,5,1,,1,0,,2,1,4,70,4,2,2,4,0,0,0,1,false,,false,false,false,false,false,,,,,,false,false,false,,,false,false,false,false,false,-83.17453,42.38416,"{
  ""coordinates"": [
    -8.317453063200000e+01,
    4.238415830200010e+01
  ],
  ""type"": ""Point""
}","{
  ""coordinates"": [
    -83.174530632,
    42.384158302
  ],
  ""type"": ""Point""
}",-83.174530632,42.3841583020001
537,1240947,MILITARY,MICHIGAN,2017-12-25,25,12,2017,2,2,9,2,,,2,,4,5,4,30,6,2,2,5,0,0,0,0,true,,false,false,true,false,false,,,,,,false,false,false,,,false,false,false,false,false,-83.11884,42.33112,"{
  ""coordinates"": [
    -8.311883482499999e+01,
    4.233112444500010e+01
  ],
  ""type"": ""Point""
}","{
  ""coordinates"": [
    -83.118834825,
    42.331124445
  ],
  ""type"": ""Point""
}",-83.118834825,42.3311244450001
538,1272347,N M 39,PURITAN,2017-12-25,25,12,2017,16,2,8,3,,1,0,,4,5,1,55,3,2,3,2,0,1,0,0,false,,false,false,false,false,false,,,,,,false,true,false,,,false,false,false,false,false,-83.21853,42.40831,"{
  ""coordinates"": [
    -8.321852554700000e+01,
    4.240830950000000e+01
  ],
  ""type"": ""Point""
}","{
  ""coordinates"": [
    -83.218525547,
    42.4083095
  ],
  ""type"": ""Point""
}",-83.218525547,42.4083095
539,1242532,STOUT,SANTA CLARA,2017-12-25,25,12,2017,17,2,4,9,,,0,,4,5,1,25,2,2,6,4,0,0,0,1,false,,false,false,false,false,false,,,,,,false,false,false,,,false,false,false,false,false,-83.24258,42.41911,"{
  ""coordinates"": [
    -8.324257904800000e+01,
    4.241910796400000e+01
  ],
  ""type"": ""Point""
}","{
  ""coordinates"": [
    -83.242579048,
    42.419107964
  ],
  ""type"": ""Point""
}",-83.242579048,42.419107964
540,1244130,I96,OUTER,2017-12-25,25,12,2017,16,2,97,1,,1,1,,4,5,1,70,3,1,1,5,0,0,0,0,true,,false,false,false,false,false,,,,,,false,false,true,,,false,false,false,false,false,-83.2513,42.38556,"{
  ""coordinates"": [
    -8.325129336500000e+01,
    4.238555417600000e+01
  ],
  ""type"": ""Point""
}","{
  ""coordinates"": [
    -83.251293365,
    42.385554176
  ],
  ""type"": ""Point""
}",-83.251293365,42.385554176
541,1244131,I94,I75,2017-12-25,25,12,2017,19,2,1,1,,1,1,,3,1,4,70,3,1,1,5,0,0,0,0,true,,false,false,false,false,false,,,,,,false,false,false,,,false,false,false,false,false,-83.05434,42.37112,"{
  ""coordinates"": [
    -8.305434637600000e+01,
    4.237112065600010e+01
  ],
  ""type"": ""Point""
}","{
  ""coordinates"": [
    -83.054346376,
    42.371120656
  ],
  ""type"": ""Point""
}",-83.054346376,42.3711206560001
542,1240956,GRAND RIVER,WINSTON,2017-12-25,25,12,2017,10,2,97,3,,1,0,,6,5,1,45,3,2,2,5,0,0,0,0,true,,false,false,false,false,false,,,,,,false,false,false,,,false,false,false,false,false,-83.28419,42.42734,"{
  ""coordinates"": [
    -8.328419231600000e+01,
    4.242734181500000e+01
  ],
  ""type"": ""Point""
}","{
  ""coordinates"": [
    -83.284192316,
    42.427341815
  ],
  ""type"": ""Point""
}",-83.284192316,42.427341815
543,1261587,SPRINGWELLS,CHAMBERLAIN,2017-12-25,25,12,2017,12,2,1,9,,4,1,,4,5,4,35,2,1,2,3,0,0,1,2,false,,false,false,false,false,false,,,,,,false,false,false,,,false,false,false,false,false,-83.12186,42.30414,"{
  ""coordinates"": [
    -8.312185580200000e+01,
    4.230413944900000e+01
  ],
  ""type"": ""Point""
}","{
  ""coordinates"": [
    -83.121855802,
    42.304139449
  ],
  ""type"": ""Point""
}",-83.121855802,42.304139449
544,1245936,M 10,ROSA PARKS,2017-12-25,25,12,2017,20,2,1,3,,1,1,,4,5,5,55,3,1,1,5,0,0,0,0,true,,false,false,false,false,false,,,,,,false,false,false,,,false,false,false,false,false,-83.11805,42.4031,"{
  ""coordinates"": [
    -8.311804802700000e+01,
    4.240309803500000e+01
  ],
  ""type"": ""Point""
}","{
  ""coordinates"": [
    -83.118048027,
    42.403098035
  ],
  ""type"": ""Point""
}",-83.118048027,42.403098035
545,1258998,M 10,MCNICHOLS,2017-12-25,25,12,2017,21,2,8,3,,1,0,,4,5,5,55,3,2,2,5,0,0,0,0,true,,false,false,false,false,false,,,,,,false,false,false,,,false,false,false,false,false,-83.17201,42.4166,"{
  ""coordinates"": [
    -8.317201174099991e+01,
    4.241660042000010e+01
  ],
  ""type"": ""Point""
}","{
  ""coordinates"": [
    -83.172011741,
    42.41660042
  ],
  ""type"": ""Point""
}",-83.1720117409999,42.4166004200001
546,1244123,RAMP 047A,MEADE,2017-12-25,25,12,2017,14,2,1,1,,1,1,,4,5,1,55,2,1,1,5,0,0,0,0,true,,false,false,false,false,false,,,,,,false,false,false,,,false,false,false,false,false,-83.07661,42.40716,"{
  ""coordinates"": [
    -8.307661586200000e+01,
    4.240716096300010e+01
  ],
  ""type"": ""Point""
}","{
  ""coordinates"": [
    -83.076615862,
    42.407160963
  ],
  ""type"": ""Point""
}",-83.076615862,42.4071609630001
547,1242503,HUBBELL,PLYMOUTH,2017-12-25,25,12,2017,14,2,1,9,,4,1,,4,5,1,0,2,1,1,5,0,0,0,0,true,,false,false,false,false,false,,,,,,false,false,false,,,false,false,false,false,false,-83.18775,42.37297,"{
  ""coordinates"": [
    -8.318775178700000e+01,
    4.237296978400010e+01
  ],
  ""type"": ""Point""
}","{
  ""coordinates"": [
    -83.187751787,
    42.372969784
  ],
  ""type"": ""Point""
}",-83.187751787,42.3729697840001
548,1244133,N M 10,GRAND,2017-12-25,25,12,2017,22,2,5,3,,1,0,,3,1,4,55,3,4,3,4,0,0,0,1,false,,false,false,true,false,false,,,,,,false,false,true,,,false,false,false,false,false,-83.08133,42.36656,"{
  ""coordinates"": [
    -8.308133142400000e+01,
    4.236655760000010e+01
  ],
  ""type"": ""Point""
}","{
  ""coordinates"": [
    -83.081331424,
    42.3665576
  ],
  ""type"": ""Point""
}",-83.081331424,42.3665576000001
549,1244132,I94,OUTER,2017-12-25,25,12,2017,20,2,1,1,,1,1,,3,1,4,70,3,1,1,5,0,0,0,0,true,,false,false,false,false,false,,,,,,false,false,false,,,false,false,false,false,false,-82.96393,42.40394,"{
  ""coordinates"": [
    -8.296393200100000e+01,
    4.240393844800010e+01
  ],
  ""type"": ""Point""
}","{
  ""coordinates"": [
    -82.963932001,
    42.403938448
  ],
  ""type"": ""Point""
}",-82.963932001,42.4039384480001
550,1240976,GREENFIELD,S M 10,2017-12-25,25,12,2017,15,2,5,7,,1,0,,4,5,1,30,2,2,3,4,0,0,0,1,false,,false,false,false,false,false,,,,,,false,false,false,,,false,false,false,false,false,-83.20039,42.44244,"{
  ""coordinates"": [
    -8.320038508600000e+01,
    4.244243997700000e+01
  ],
  ""type"": ""Point""
}","{
  ""coordinates"": [
    -83.200385086,
    42.442439977
  ],
  ""type"": ""Point""
}",-83.200385086,42.442439977
551,1245962,M 10,WYOMING,2017-12-25,25,12,2017,22,2,1,3,,1,1,,4,5,5,55,3,1,1,5,0,0,0,0,true,,false,false,false,false,false,,,,,,false,false,false,,,false,false,false,false,false,-83.16014,42.40529,"{
  ""coordinates"": [
    -8.316014288299991e+01,
    4.240528988200000e+01
  ],
  ""type"": ""Point""
}","{
  ""coordinates"": [
    -83.160142883,
    42.405289882
  ],
  ""type"": ""Point""
}",-83.1601428829999,42.405289882
552,1240921,I-94,CADILLAC,2017-12-25,25,12,2017,8,2,1,1,,1,1,,4,1,1,55,3,1,2,5,0,0,0,0,true,,false,false,false,false,false,,,,,,false,false,false,,,false,false,false,false,false,-83.00321,42.39194,"{
  ""coordinates"": [
    -8.300321149199991e+01,
    4.239194125500010e+01
  ],
  ""type"": ""Point""
}","{
  ""coordinates"": [
    -83.003211492,
    42.391941255
  ],
  ""type"": ""Point""
}",-83.0032114919999,42.3919412550001
553,1242543,I-94,OUTER,2017-12-25,25,12,2017,20,2,5,1,,1,0,,4,5,4,55,3,2,2,5,0,0,0,0,true,,false,false,true,false,false,,,,,,false,false,false,,,false,false,false,false,false,-82.95834,42.40567,"{
  ""coordinates"": [
    -8.295833259900000e+01,
    4.240566718900000e+01
  ],
  ""type"": ""Point""
}","{
  ""coordinates"": [
    -82.958332599,
    42.405667189
  ],
  ""type"": ""Point""
}",-82.958332599,42.405667189
554,1239792,7 MILE,BARLOW,2017-12-24,24,12,2017,2,1,1,9,,4,0,,1,1,4,35,2,1,1,5,0,0,0,0,true,,false,false,false,false,false,,,,,,false,false,false,,,false,false,false,false,false,-82.99604,42.43468,"{
  ""coordinates"": [
    -8.299603777499991e+01,
    4.243467946900010e+01
  ],
  ""type"": ""Point""
}","{
  ""coordinates"": [
    -82.996037775,
    42.434679469
  ],
  ""type"": ""Point""
}",-82.9960377749999,42.4346794690001
555,1240987,EIGHT MILE,LAHSER,2017-12-24,24,12,2017,18,1,5,3,,1,0,,4,5,4,45,4,2,1,5,0,0,0,0,true,,false,false,true,false,false,,,,,,false,true,false,,,false,false,false,false,false,-83.25701,42.44329,"{
  ""coordinates"": [
    -8.325701472700000e+01,
    4.244328883800010e+01
  ],
  ""type"": ""Point""
}","{
  ""coordinates"": [
    -83.257014727,
    42.443288838
  ],
  ""type"": ""Point""
}",-83.257014727,42.4432888380001
556,1239762,S I 75 SERVICE DRIVE,3RD,2017-12-24,24,12,2017,2,1,97,9,,5,0,,1,1,4,30,3,3,3,5,0,0,0,0,true,,false,false,true,false,false,,,,,,false,false,false,,,false,false,false,false,false,-83.06048,42.33664,"{
  ""coordinates"": [
    -8.306047465099989e+01,
    4.233663626600000e+01
  ],
  ""type"": ""Point""
}","{
  ""coordinates"": [
    -83.060474651,
    42.336636266
  ],
  ""type"": ""Point""
}",-83.0604746509999,42.336636266
557,1255317,I 94,CADIEUX,2017-12-24,24,12,2017,2,1,8,1,,1,0,,1,1,4,55,3,2,7,5,0,0,0,0,true,,false,false,true,false,false,,,,,,false,false,false,,,false,false,false,false,false,-82.9414,42.41424,"{
  ""coordinates"": [
    -8.294139549300000e+01,
    4.241424189300010e+01
  ],
  ""type"": ""Point""
}","{
  ""coordinates"": [
    -82.941395493,
    42.414241893
  ],
  ""type"": ""Point""
}",-82.941395493,42.4142418930001
558,1242533,MCNICHOLS,TELEGRAPH,2017-12-24,24,12,2017,14,1,1,9,,2,0,,4,5,1,35,4,2,0,5,0,0,0,0,true,,false,false,true,false,false,,,,,,true,false,false,,,false,false,false,false,false,-83.2789,42.4145,"{
  ""coordinates"": [
    -8.327890063000000e+01,
    4.241449776000010e+01
  ],
  ""type"": ""Point""
}","{
  ""coordinates"": [
    -83.27890063,
    42.41449776
  ],
  ""type"": ""Point""
}",-83.27890063,42.4144977600001
559,1246043,MCNICHOLS,ILENE,2017-12-24,24,12,2017,18,1,4,9,,2,0,,4,5,4,30,5,2,1,5,0,0,0,0,true,,false,false,true,false,false,,,,,,false,false,false,,,false,false,false,false,false,-83.16246,42.41688,"{
  ""coordinates"": [
    -8.316245702899990e+01,
    4.241687846000010e+01
  ],
  ""type"": ""Point""
}","{
  ""coordinates"": [
    -83.162457029,
    42.41687846
  ],
  ""type"": ""Point""
}",-83.1624570289999,42.4168784600001
560,1239793,I-75,MACK,2017-12-24,24,12,2017,14,1,8,1,,1,0,,4,5,1,0,4,2,1,5,0,0,0,0,true,,false,false,true,false,false,,,,,,false,false,false,,,false,false,false,false,false,-83.04831,42.35143,"{
  ""coordinates"": [
    -8.304830706900000e+01,
    4.235142417200010e+01
  ],
  ""type"": ""Point""
}","{
  ""coordinates"": [
    -83.048307069,
    42.351424172
  ],
  ""type"": ""Point""
}",-83.048307069,42.3514241720001
561,1242512,CHALMERS,CHARLEVOIX,2017-12-24,24,12,2017,13,1,1,9,,4,0,,3,5,1,30,2,1,1,5,0,0,0,0,true,,false,false,false,false,false,,,,,,false,false,false,,,false,false,false,false,false,-82.95061,42.38291,"{
  ""coordinates"": [
    -8.295061165999989e+01,
    4.238291010100000e+01
  ],
  ""type"": ""Point""
}","{
  ""coordinates"": [
    -82.95061166,
    42.382910101
  ],
  ""type"": ""Point""
}",-82.9506116599999,42.382910101
562,1239757,W I 94,RAMP 213C,2017-12-24,24,12,2017,23,1,8,1,,1,0,,4,5,4,55,3,2,2,4,0,0,0,1,false,,false,false,false,false,false,,,,,,false,false,false,,,false,false,false,false,false,-83.10567,42.34818,"{
  ""coordinates"": [
    -8.310566708600000e+01,
    4.234817448200000e+01
  ],
  ""type"": ""Point""
}","{
  ""coordinates"": [
    -83.105667086,
    42.348174482
  ],
  ""type"": ""Point""
}",-83.105667086,42.348174482
563,1239759,I96,TELEGRAPH,2017-12-24,24,12,2017,21,1,8,1,,1,0,,4,5,4,70,4,2,5,5,0,0,0,0,true,,false,false,false,false,false,,,,,,false,false,false,,,false,false,false,false,false,-83.26627,42.38579,"{
  ""coordinates"": [
    -8.326627631199990e+01,
    4.238578818600010e+01
  ],
  ""type"": ""Point""
}","{
  ""coordinates"": [
    -83.266276312,
    42.385788186
  ],
  ""type"": ""Point""
}",-83.2662763119999,42.3857881860001
564,1244180,FAIRMOUNT,HAYES,2017-12-24,24,12,2017,19,1,4,9,,,0,,4,5,4,25,2,2,1,5,0,0,0,0,true,,false,false,true,false,false,,,,,,false,false,false,,,false,false,false,false,false,-82.96584,42.44452,"{
  ""coordinates"": [
    -8.296583620500000e+01,
    4.244451674200010e+01
  ],
  ""type"": ""Point""
}","{
  ""coordinates"": [
    -82.965836205,
    42.444516742
  ],
  ""type"": ""Point""
}",-82.965836205,42.4445167420001
565,1246023,GRATIOT,BRINGARD,2017-12-24,24,12,2017,14,1,3,3,,1,0,,4,5,4,35,8,2,2,5,0,0,0,0,true,,false,false,false,false,false,,,,,,false,false,false,,,false,false,false,false,false,-82.97031,42.44627,"{
  ""coordinates"": [
    -8.297031425099991e+01,
    4.244626751200010e+01
  ],
  ""type"": ""Point""
}","{
  ""coordinates"": [
    -82.970314251,
    42.446267512
  ],
  ""type"": ""Point""
}",-82.9703142509999,42.4462675120001
566,1266404,MACK,MARYLAND,2017-12-24,24,12,2017,19,1,8,9,,2,0,,4,5,4,30,5,3,2,5,0,0,0,0,true,,false,false,true,false,false,,,,,,false,false,false,,,false,false,false,false,false,-82.94453,42.38784,"{
  ""coordinates"": [
    -8.294452432100000e+01,
    4.238784366700000e+01
  ],
  ""type"": ""Point""
}","{
  ""coordinates"": [
    -82.944524321,
    42.387843667
  ],
  ""type"": ""Point""
}",-82.944524321,42.387843667
567,1239807,VAN DYKE,OUTER,2017-12-24,24,12,2017,17,1,4,3,,1,0,,4,5,4,35,4,2,2,5,0,0,0,0,true,,false,false,false,false,false,,,,,,false,false,false,,,false,false,false,false,false,-83.02448,42.4411,"{
  ""coordinates"": [
    -8.302448599900001e+01,
    4.244109636000010e+01
  ],
  ""type"": ""Point""
}","{
  ""coordinates"": [
    -83.024485999,
    42.44109636
  ],
  ""type"": ""Point""
}",-83.024485999,42.4410963600001
568,1239778,GREENFIELD,WHITLOCK,2017-12-24,24,12,2017,20,1,4,9,,2,0,,4,5,4,35,2,2,4,5,0,0,0,0,true,,false,false,true,false,false,,,,,,false,false,true,,,false,false,false,false,false,-83.19613,42.33992,"{
  ""coordinates"": [
    -8.319613106700000e+01,
    4.233992455400000e+01
  ],
  ""type"": ""Point""
}","{
  ""coordinates"": [
    -83.196131067,
    42.339924554
  ],
  ""type"": ""Point""
}",-83.196131067,42.339924554
569,1242524,ALTER,MACK,2017-12-24,24,12,2017,21,1,7,9,,4,0,,4,5,4,25,2,2,3,5,0,0,0,0,true,,false,false,false,false,false,,,,,,false,true,false,,,false,false,false,false,false,-82.94769,42.38731,"{
  ""coordinates"": [
    -8.294769385799999e+01,
    4.238730664300000e+01
  ],
  ""type"": ""Point""
}","{
  ""coordinates"": [
    -82.947693858,
    42.387306643
  ],
  ""type"": ""Point""
}",-82.947693858,42.387306643
570,1257333,SELDEN,CASS,2017-12-24,24,12,2017,12,1,5,9,,4,0,,4,5,1,25,2,2,2,5,0,0,0,0,true,,false,false,false,false,false,,,,,,false,false,false,,,false,false,false,false,false,-83.06232,42.34808,"{
  ""coordinates"": [
    -8.306232499500000e+01,
    4.234807751100000e+01
  ],
  ""type"": ""Point""
}","{
  ""coordinates"": [
    -83.062324995,
    42.348077511
  ],
  ""type"": ""Point""
}",-83.062324995,42.348077511
571,1239787,7 MILE,TELEGRAPH,2017-12-24,24,12,2017,14,1,4,2,,2,0,,4,5,1,35,4,2,2,5,0,0,0,0,true,,false,false,false,false,false,,,,,,false,false,false,,,false,false,false,false,false,-83.27779,42.42894,"{
  ""coordinates"": [
    -8.327779156400000e+01,
    4.242893890300010e+01
  ],
  ""type"": ""Point""
}","{
  ""coordinates"": [
    -83.277791564,
    42.428938903
  ],
  ""type"": ""Point""
}",-83.277791564,42.4289389030001