ObjectId,Crash ID,Primary Road,Intersecting Road,Crash Date,Day,Month,Year,Hour,Weekday,Crash Type Code,Highway Classification Code,Community Code,Jurisdiction Code,Lane Departure Type Code,Surface Type,Road Condition,Weather Condition,Lighting Condition,Speed Limit,Lanes,Units,Occupants,Most Severe Injury,Fatal Injuries,Suspected Serious Injuries,Suspected Minor Injuries,Possible Injuries,Property Damage Only,Secondary Crash,Traffic Control,Red Light Run,Hit and Run,Alcohol,Drugs,Unbelted Person,Work Zone,Speeding Driver,Distracted Driver,Driveway,Pedestrian,Elderly Driver,Young Driver,Commercial Vehicle,Emergency Vehicles,Train,School Bus,Motorcycle,Bicycle,Deer,Longitude,Latitude,geom,geog,x,y
743,1238900,DAVISON,WOODROW WILSON,2017-12-22,22,12,2017,16,6,4,3,,1,0,,1,1,2,35,3,2,3,4,0,0,0,1,false,,false,false,false,false,false,,,,,,false,true,true,,,false,false,false,false,false,-83.11109,42.39743,"{
  ""coordinates"": [
    -8.311109510700000e+01,
    4.239742869900000e+01
  ],
  ""type"": ""Point""
}","{
  ""coordinates"": [
    -83.111095107,
    42.397428699
  ],
  ""type"": ""Point""
}",-83.111095107,42.397428699
744,1239779,WARREN,ROSEMONT,2017-12-22,22,12,2017,18,6,3,9,,2,0,,1,1,4,35,4,2,6,3,0,0,1,0,false,,false,false,false,false,false,,,,,,false,true,true,,,false,false,false,false,false,-83.21835,42.34335,"{
  ""coordinates"": [
    -8.321834623300001e+01,
    4.234335498700010e+01
  ],
  ""type"": ""Point""
}","{
  ""coordinates"": [
    -83.218346233,
    42.343354987
  ],
  ""type"": ""Point""
}",-83.218346233,42.3433549870001
745,1238882,TELEGRAPH,8 MILE,2017-12-22,22,12,2017,19,6,1,2,,1,1,,2,4,4,45,1,1,1,4,0,0,0,1,false,,false,false,false,false,false,,,,,,false,false,false,,,false,false,false,false,false,-83.27832,42.44266,"{
  ""coordinates"": [
    -8.327831790000000e+01,
    4.244266198200010e+01
  ],
  ""type"": ""Point""
}","{
  ""coordinates"": [
    -83.2783179,
    42.442661982
  ],
  ""type"": ""Point""
}",-83.2783179,42.4426619820001
746,1239817,WOODWARD,STATE FAIR,2017-12-22,22,12,2017,7,6,8,3,,1,0,,1,1,1,45,4,2,1,5,0,0,0,0,true,,false,false,true,false,false,,,,,,false,false,false,,,false,false,false,false,false,-83.12031,42.43935,"{
  ""coordinates"": [
    -8.312030802699999e+01,
    4.243934884400010e+01
  ],
  ""type"": ""Point""
}","{
  ""coordinates"": [
    -83.120308027,
    42.439348844
  ],
  ""type"": ""Point""
}",-83.120308027,42.4393488440001
747,1250635,E I 94,N M 10,2017-12-22,22,12,2017,0,6,5,1,,1,0,,1,2,4,55,3,2,2,5,0,0,0,0,true,,false,false,false,false,false,,,,,,false,false,false,,,false,false,false,false,false,-83.07576,42.35923,"{
  ""coordinates"": [
    -8.307576002400000e+01,
    4.235923273700010e+01
  ],
  ""type"": ""Point""
}","{
  ""coordinates"": [
    -83.075760024,
    42.359232737
  ],
  ""type"": ""Point""
}",-83.075760024,42.3592327370001
748,1251877,I 75,GRAND RIVER,2017-12-22,22,12,2017,18,6,5,1,,1,0,,1,2,5,55,3,2,5,5,0,0,0,0,true,,false,false,false,false,false,,,,,,false,false,true,,,false,false,false,false,false,-83.06087,42.33601,"{
  ""coordinates"": [
    -8.306087249599990e+01,
    4.233600846400000e+01
  ],
  ""type"": ""Point""
}","{
  ""coordinates"": [
    -83.060872496,
    42.336008464
  ],
  ""type"": ""Point""
}",-83.0608724959999,42.336008464
749,1238872,GRANDRIVER,MCINTYRE,2017-12-22,22,12,2017,11,6,8,3,,1,0,,1,1,1,35,3,2,2,5,0,0,0,0,true,,false,false,false,false,false,,,,,,false,true,false,,,false,false,false,false,false,-83.26457,42.41928,"{
  ""coordinates"": [
    -8.326457209199999e+01,
    4.241927860000000e+01
  ],
  ""type"": ""Point""
}","{
  ""coordinates"": [
    -83.264572092,
    42.4192786
  ],
  ""type"": ""Point""
}",-83.264572092,42.4192786
750,1246003,CADIEUX,CHANDLER PARK,2017-12-22,22,12,2017,7,6,8,9,,4,0,,2,5,1,0,6,2,3,5,0,0,0,0,true,,false,false,false,false,false,,,,,,false,false,true,,,false,false,false,false,false,-82.93306,42.41102,"{
  ""coordinates"": [
    -8.293305944500000e+01,
    4.241102221600000e+01
  ],
  ""type"": ""Point""
}","{
  ""coordinates"": [
    -82.933059445,
    42.411022216
  ],
  ""type"": ""Point""
}",-82.933059445,42.411022216
751,1238773,I-94,SECOND,2017-12-22,22,12,2017,16,6,8,1,,1,0,,1,1,1,55,3,2,2,4,0,0,0,1,false,,false,false,true,false,false,,,,,,false,false,false,,,false,false,false,false,false,-83.07102,42.36261,"{
  ""coordinates"": [
    -8.307102254800000e+01,
    4.236260853300010e+01
  ],
  ""type"": ""Point""
}","{
  ""coordinates"": [
    -83.071022548,
    42.362608533
  ],
  ""type"": ""Point""
}",-83.071022548,42.3626085330001
752,1238885,CHALMERS,HARPER,2017-12-22,22,12,2017,8,6,8,9,,4,0,,1,2,1,30,4,2,2,5,0,0,0,0,true,,false,false,false,false,false,,,,,,false,true,false,,,false,true,false,false,false,-82.9646,42.4047,"{
  ""coordinates"": [
    -8.296459856000000e+01,
    4.240469682400000e+01
  ],
  ""type"": ""Point""
}","{
  ""coordinates"": [
    -82.96459856,
    42.404696824
  ],
  ""type"": ""Point""
}",-82.96459856,42.404696824
753,1242538,7 MILE,HOOVER,2017-12-22,22,12,2017,8,6,4,3,,4,0,,1,1,2,30,4,2,3,4,0,0,0,3,false,,true,true,false,false,false,,,,,,false,false,true,,,false,false,false,false,false,-83.00468,42.43443,"{
  ""coordinates"": [
    -8.300468739400000e+01,
    4.243443308600010e+01
  ],
  ""type"": ""Point""
}","{
  ""coordinates"": [
    -83.004687394,
    42.434433086
  ],
  ""type"": ""Point""
}",-83.004687394,42.4344330860001
754,1251933,GREENFIELD,CASTLETON,2017-12-22,22,12,2017,8,6,5,9,,2,0,,1,1,1,35,6,4,10,4,0,0,0,2,false,,false,false,false,false,false,,,,,,false,false,false,,,false,false,false,false,false,-83.19769,42.37627,"{
  ""coordinates"": [
    -8.319769490899991e+01,
    4.237626794400010e+01
  ],
  ""type"": ""Point""
}","{
  ""coordinates"": [
    -83.197694909,
    42.376267944
  ],
  ""type"": ""Point""
}",-83.1976949089999,42.3762679440001
755,1242518,JEFFERSON,ST JEAN,2017-12-22,22,12,2017,20,6,5,9,,4,0,,1,1,4,35,5,2,2,5,0,0,0,0,true,,false,false,false,false,false,,,,,,false,false,false,,,false,false,false,false,false,-82.97076,42.36692,"{
  ""coordinates"": [
    -8.297075295900000e+01,
    4.236691745300000e+01
  ],
  ""type"": ""Point""
}","{
  ""coordinates"": [
    -82.970752959,
    42.366917453
  ],
  ""type"": ""Point""
}",-82.970752959,42.366917453
756,1274049,FENTON,NORFOLK,2017-12-22,22,12,2017,20,6,4,9,,,0,,1,1,4,25,2,2,2,5,0,0,0,0,true,,false,false,false,false,false,,,,,,false,false,true,,,false,false,false,false,false,-83.28278,42.43981,"{
  ""coordinates"": [
    -8.328277757500000e+01,
    4.243981084100010e+01
  ],
  ""type"": ""Point""
}","{
  ""coordinates"": [
    -83.282777575,
    42.439810841
  ],
  ""type"": ""Point""
}",-83.282777575,42.4398108410001
757,1238895,KENNEBEC,BRADFORD,2017-12-21,21,12,2017,12,5,5,9,,,0,,2,4,4,0,2,2,3,4,0,0,0,2,false,,false,false,false,false,false,,,,,,false,false,false,,,false,false,false,false,false,-82.99916,42.4207,"{
  ""coordinates"": [
    -8.299915701399991e+01,
    4.242070357000010e+01
  ],
  ""type"": ""Point""
}","{
  ""coordinates"": [
    -82.999157014,
    42.42070357
  ],
  ""type"": ""Point""
}",-82.9991570139999,42.4207035700001
758,1238867,W.WARREN,GRANDVILLE,2017-12-21,21,12,2017,14,5,10,9,,2,0,,1,1,1,35,2,2,0,5,0,0,0,0,true,,false,false,true,false,false,,,,,,false,false,false,,,false,false,false,false,false,-83.22883,42.34324,"{
  ""coordinates"": [
    -8.322882497499999e+01,
    4.234323483600010e+01
  ],
  ""type"": ""Point""
}","{
  ""coordinates"": [
    -83.228824975,
    42.343234836
  ],
  ""type"": ""Point""
}",-83.228824975,42.3432348360001
759,1245960,N/B M 39,8 MILE,2017-12-21,21,12,2017,17,5,5,3,,1,0,,1,2,3,55,3,2,2,5,0,0,0,0,true,,false,false,false,false,false,,,,,,false,true,false,,,false,false,false,false,false,-83.21945,42.43549,"{
  ""coordinates"": [
    -8.321945228899990e+01,
    4.243548868600000e+01
  ],
  ""type"": ""Point""
}","{
  ""coordinates"": [
    -83.219452289,
    42.435488686
  ],
  ""type"": ""Point""
}",-83.2194522889999,42.435488686
760,1237326,CHARLEVOIX,BELLEVUE,2017-12-21,21,12,2017,14,5,9,9,,4,0,,1,1,1,25,3,2,2,5,0,0,0,0,true,,false,false,false,false,false,,,,,,false,false,true,,,false,false,false,false,false,-83.01492,42.35849,"{
  ""coordinates"": [
    -8.301492364900000e+01,
    4.235848486100010e+01
  ],
  ""type"": ""Point""
}","{
  ""coordinates"": [
    -83.014923649,
    42.358484861
  ],
  ""type"": ""Point""
}",-83.014923649,42.3584848610001
761,1237334,W.WARREN,LIVERNOIS,2017-12-21,21,12,2017,18,5,3,9,,4,0,,1,2,2,35,5,2,2,3,0,0,1,1,false,,false,false,false,false,false,,,,,,false,false,false,,,false,false,false,false,false,-83.13038,42.34465,"{
  ""coordinates"": [
    -8.313037690899991e+01,
    4.234464487100010e+01
  ],
  ""type"": ""Point""
}","{
  ""coordinates"": [
    -83.130376909,
    42.344644871
  ],
  ""type"": ""Point""
}",-83.1303769089999,42.3446448710001
762,1237305,JEFFERSON,DRAGOON,2017-12-21,21,12,2017,7,5,8,9,,4,0,,1,2,1,35,1,2,1,5,0,0,0,0,true,,false,false,false,false,false,,,,,,false,false,false,,,false,false,false,false,false,-83.09837,42.30075,"{
  ""coordinates"": [
    -8.309836347299991e+01,
    4.230075424700000e+01
  ],
  ""type"": ""Point""
}","{
  ""coordinates"": [
    -83.098363473,
    42.300754247
  ],
  ""type"": ""Point""
}",-83.0983634729999,42.300754247
763,1237327,MACK,MITCHELL,2017-12-21,21,12,2017,6,5,4,9,,4,0,,1,1,4,25,2,2,1,4,0,0,0,1,false,,false,false,true,false,false,,,,,,false,true,false,,,false,false,false,false,false,-83.03072,42.35796,"{
  ""coordinates"": [
    -8.303071583500000e+01,
    4.235796331300000e+01
  ],
  ""type"": ""Point""
}","{
  ""coordinates"": [
    -83.030715835,
    42.357963313
  ],
  ""type"": ""Point""
}",-83.030715835,42.357963313
764,1255320,I-75,MCNICHOLS,2017-12-21,21,12,2017,18,5,5,1,,1,0,,1,1,4,70,4,4,4,5,0,0,0,0,true,,false,false,false,false,false,,,,,,false,false,true,,,false,false,false,false,false,-83.08841,42.41905,"{
  ""coordinates"": [
    -8.308840822600000e+01,
    4.241904973600000e+01
  ],
  ""type"": ""Point""
}","{
  ""coordinates"": [
    -83.088408226,
    42.419049736
  ],
  ""type"": ""Point""
}",-83.088408226,42.419049736
765,1237337,DEQUINDRE,7 MILE,2017-12-21,21,12,2017,11,5,5,9,,4,0,,1,2,1,0,2,2,1,5,0,0,0,0,true,,false,false,true,false,false,,,,,,false,false,false,,,false,false,false,false,false,-83.0829,42.43318,"{
  ""coordinates"": [
    -8.308289897299990e+01,
    4.243318366700000e+01
  ],
  ""type"": ""Point""
}","{
  ""coordinates"": [
    -83.082898973,
    42.433183667
  ],
  ""type"": ""Point""
}",-83.0828989729999,42.433183667
766,1237322,CADILLAC,MOFFAT,2017-12-21,21,12,2017,16,5,4,9,,4,0,,1,1,1,25,4,2,2,4,0,0,0,2,false,,true,false,true,false,false,,,,,,false,false,false,,,false,false,false,false,false,-82.99838,42.3847,"{
  ""coordinates"": [
    -8.299838290600000e+01,
    4.238469801000010e+01
  ],
  ""type"": ""Point""
}","{
  ""coordinates"": [
    -82.998382906,
    42.38469801
  ],
  ""type"": ""Point""
}",-82.998382906,42.3846980100001
767,1237350,MT ELLIOTT,CONANT,2017-12-21,21,12,2017,18,5,3,9,,4,0,,1,2,4,30,9,2,3,5,0,0,0,0,true,,false,false,false,false,false,,,,,,false,false,true,,,false,false,false,false,false,-83.03915,42.38602,"{
  ""coordinates"": [
    -8.303915495299999e+01,
    4.238601869100010e+01
  ],
  ""type"": ""Point""
}","{
  ""coordinates"": [
    -83.039154953,
    42.386018691
  ],
  ""type"": ""Point""
}",-83.039154953,42.3860186910001
768,1240945,WOODWARD,BALTIMORE,2017-12-21,21,12,2017,16,5,5,3,,1,0,,1,2,1,30,6,2,2,5,0,0,0,0,true,,false,false,false,false,false,,,,,,false,false,false,,,false,false,false,false,false,-83.07207,42.36838,"{
  ""coordinates"": [
    -8.307206821800000e+01,
    4.236838002900000e+01
  ],
  ""type"": ""Point""
}","{
  ""coordinates"": [
    -83.072068218,
    42.368380029
  ],
  ""type"": ""Point""
}",-83.072068218,42.368380029
769,1238923,MONROE,ST ANTOINE,2017-12-21,21,12,2017,17,5,97,9,,4,0,,1,1,3,25,2,2,1,4,0,0,0,1,false,,false,false,false,false,false,,,,,,true,false,false,,,false,false,false,false,false,-83.04101,42.33559,"{
  ""coordinates"": [
    -8.304100615300000e+01,
    4.233558932800000e+01
  ],
  ""type"": ""Point""
}","{
  ""coordinates"": [
    -83.041006153,
    42.335589328
  ],
  ""type"": ""Point""
}",-83.041006153,42.335589328
770,1238847,GRAND,RISDON,2017-12-21,21,12,2017,3,5,5,9,,4,0,,1,1,4,30,2,2,1,4,0,0,0,1,false,,false,false,false,false,false,,,,,,false,false,false,,,false,false,false,false,false,-83.09357,42.329,"{
  ""coordinates"": [
    -8.309356533000000e+01,
    4.232899699900000e+01
  ],
  ""type"": ""Point""
}","{
  ""coordinates"": [
    -83.09356533,
    42.328996999
  ],
  ""type"": ""Point""
}",-83.09356533,42.328996999
771,1238904,OUTER,GRATIOT,2017-12-21,21,12,2017,15,5,5,3,,2,0,,1,2,1,0,2,2,1,5,0,0,0,0,true,,false,false,true,false,false,,,,,,false,false,false,,,false,false,false,false,false,-82.99677,42.40664,"{
  ""coordinates"": [
    -8.299677550000000e+01,
    4.240664299900000e+01
  ],
  ""type"": ""Point""
}","{
  ""coordinates"": [
    -82.9967755,
    42.406642999
  ],
  ""type"": ""Point""
}",-82.9967755,42.406642999
772,1237328,FOREST,CONCORD,2017-12-21,21,12,2017,16,5,5,9,,4,0,,1,1,1,30,3,2,4,5,0,0,0,0,true,,false,false,false,false,false,,,,,,false,false,true,,,false,false,false,false,false,-83.02086,42.37036,"{
  ""coordinates"": [
    -8.302085522800000e+01,
    4.237035939600000e+01
  ],
  ""type"": ""Point""
}","{
  ""coordinates"": [
    -83.020855228,
    42.370359396
  ],
  ""type"": ""Point""
}",-83.020855228,42.370359396
773,1309626,BRUSH,BALTIMORE,2017-12-21,21,12,2017,8,5,8,9,,4,0,,1,1,2,25,3,2,4,5,0,0,0,0,true,,false,false,false,false,false,,,,,,false,false,true,,,false,false,false,false,false,-83.06744,42.37014,"{
  ""coordinates"": [
    -8.306744307600000e+01,
    4.237013717600010e+01
  ],
  ""type"": ""Point""
}","{
  ""coordinates"": [
    -83.067443076,
    42.370137176
  ],
  ""type"": ""Point""
}",-83.067443076,42.3701371760001
774,1237325,GRAND,MACK,2017-12-21,21,12,2017,7,5,8,9,,4,3,,1,1,2,30,1,2,0,5,0,0,0,0,true,,false,false,true,false,false,,,,,,false,false,false,,,false,false,false,false,false,-83.06187,42.34523,"{
  ""coordinates"": [
    -8.306186697899990e+01,
    4.234523201800000e+01
  ],
  ""type"": ""Point""
}","{
  ""coordinates"": [
    -83.061866979,
    42.345232018
  ],
  ""type"": ""Point""
}",-83.0618669789999,42.345232018
775,1246054,SAINT ANTOINE,CANFIELD,2017-12-21,21,12,2017,17,5,4,9,,4,0,,1,2,98,25,4,2,2,3,0,0,1,0,false,,false,false,false,false,false,,,,,,false,false,false,,,false,false,false,false,false,-83.05444,42.35555,"{
  ""coordinates"": [
    -8.305444566200001e+01,
    4.235554950900010e+01
  ],
  ""type"": ""Point""
}","{
  ""coordinates"": [
    -83.054445662,
    42.355549509
  ],
  ""type"": ""Point""
}",-83.054445662,42.3555495090001
776,1240919,I-75,WARREN,2017-12-21,21,12,2017,17,5,8,1,,1,0,,1,1,5,55,3,2,2,5,0,0,0,0,true,,false,false,false,false,true,,,,,,false,true,false,,,false,false,false,false,false,-83.0544,42.36108,"{
  ""coordinates"": [
    -8.305439822800000e+01,
    4.236107715900000e+01
  ],
  ""type"": ""Point""
}","{
  ""coordinates"": [
    -83.054398228,
    42.361077159
  ],
  ""type"": ""Point""
}",-83.054398228,42.361077159
777,1238826,JEFFERSON,WOODWARD,2017-12-21,21,12,2017,10,5,98,3,,1,3,,1,1,1,30,3,2,0,5,0,0,0,0,true,,false,false,true,false,false,,,,,,false,false,false,,,false,false,false,false,false,-83.04417,42.32903,"{
  ""coordinates"": [
    -8.304416372100000e+01,
    4.232902980500010e+01
  ],
  ""type"": ""Point""
}","{
  ""coordinates"": [
    -83.044163721,
    42.329029805
  ],
  ""type"": ""Point""
}",-83.044163721,42.3290298050001
778,1250641,I-94,BEAUBIEN,2017-12-21,21,12,2017,19,5,1,1,,1,1,,1,1,4,55,3,1,1,3,0,0,1,0,false,,false,false,false,false,false,,,,,,false,false,false,,,false,false,false,false,false,-83.06104,42.36714,"{
  ""coordinates"": [
    -8.306104447599991e+01,
    4.236713867900000e+01
  ],
  ""type"": ""Point""
}","{
  ""coordinates"": [
    -83.061044476,
    42.367138679
  ],
  ""type"": ""Point""
}",-83.0610444759999,42.367138679
779,1257293,LIVERNOIS,COLLINGWOOD,2017-12-21,21,12,2017,8,5,97,9,,4,0,,1,1,1,35,2,3,2,3,0,0,1,0,false,,true,true,false,false,false,,,,,,true,false,false,,,false,false,false,false,false,-83.13877,42.37154,"{
  ""coordinates"": [
    -8.313877177099990e+01,
    4.237154386800010e+01
  ],
  ""type"": ""Point""
}","{
  ""coordinates"": [
    -83.138771771,
    42.371543868
  ],
  ""type"": ""Point""
}",-83.1387717709999,42.3715438680001
780,1249165,8 MILE,CHAPEL,2017-12-21,21,12,2017,19,5,8,3,,1,0,,4,5,4,45,2,2,1,5,0,0,0,0,true,,false,false,true,false,false,,,,,,false,true,false,,,false,false,false,false,false,-83.25522,42.44334,"{
  ""coordinates"": [
    -8.325521646000000e+01,
    4.244333691700010e+01
  ],
  ""type"": ""Point""
}","{
  ""coordinates"": [
    -83.25521646,
    42.443336917
  ],
  ""type"": ""Point""
}",-83.25521646,42.4433369170001
781,1237299,S I 75 SERVICE DRIVE,MACK,2017-12-21,21,12,2017,9,5,8,1,,4,0,,1,2,1,25,3,2,4,5,0,0,0,0,true,,false,false,false,false,false,,,,,,false,false,false,,,false,false,false,false,false,-83.0486,42.35114,"{
  ""coordinates"": [
    -8.304860156200000e+01,
    4.235113974600010e+01
  ],
  ""type"": ""Point""
}","{
  ""coordinates"": [
    -83.048601562,
    42.351139746
  ],
  ""type"": ""Point""
}",-83.048601562,42.3511397460001
782,1244146,HUBBELL,GROVE,2017-12-21,21,12,2017,16,5,4,9,,4,0,,1,2,1,30,2,2,2,5,0,0,0,0,true,,false,false,false,false,false,,,,,,false,true,true,,,false,false,false,false,false,-83.18946,42.41429,"{
  ""coordinates"": [
    -8.318946132400001e+01,
    4.241428882800010e+01
  ],
  ""type"": ""Point""
}","{
  ""coordinates"": [
    -83.189461324,
    42.414288828
  ],
  ""type"": ""Point""
}",-83.189461324,42.4142888280001
783,1237338,VAN DYKE,HARPER,2017-12-21,21,12,2017,8,5,4,3,,1,0,,1,2,2,35,2,2,6,5,0,0,0,0,true,,false,false,false,false,false,,,,,,false,false,false,,,false,false,false,false,false,-83.02128,42.38782,"{
  ""coordinates"": [
    -8.302127798100000e+01,
    4.238782031300010e+01
  ],
  ""type"": ""Point""
}","{
  ""coordinates"": [
    -83.021277981,
    42.387820313
  ],
  ""type"": ""Point""
}",-83.021277981,42.3878203130001
784,1258993,M-39,GRAND RIVER,2017-12-21,21,12,2017,23,5,97,3,,1,0,,1,1,4,55,3,3,3,4,0,0,0,2,false,,false,false,false,false,false,,,,,,false,false,true,,,false,false,false,false,false,-83.21819,42.3964,"{
  ""coordinates"": [
    -8.321819290600000e+01,
    4.239640528300000e+01
  ],
  ""type"": ""Point""
}","{
  ""coordinates"": [
    -83.218192906,
    42.396405283
  ],
  ""type"": ""Point""
}",-83.218192906,42.396405283
785,1246052,SAINT ANTOINE,WARREN,2017-12-21,21,12,2017,9,5,4,9,,4,0,,1,2,1,25,4,2,3,5,0,0,0,0,true,,false,false,false,false,false,,,,,,false,false,false,,,false,false,false,false,false,-83.05708,42.35984,"{
  ""coordinates"": [
    -8.305708022700000e+01,
    4.235983522200010e+01
  ],
  ""type"": ""Point""
}","{
  ""coordinates"": [
    -83.057080227,
    42.359835222
  ],
  ""type"": ""Point""
}",-83.057080227,42.3598352220001
786,1310734,5051 DEVONSHIRE,WARREN,2017-12-21,21,12,2017,10,5,97,9,,,1,,98,98,98,20,2,1,0,5,0,0,0,0,true,,false,false,false,false,false,,,,,,false,true,false,,,false,false,false,false,false,-82.94206,42.4019,"{
  ""coordinates"": [
    -8.294206556099989e+01,
    4.240189774000000e+01
  ],
  ""type"": ""Point""
}","{
  ""coordinates"": [
    -82.942065561,
    42.40189774
  ],
  ""type"": ""Point""
}",-82.9420655609999,42.40189774
787,1248001,S M 39,CURTIS,2017-12-21,21,12,2017,16,5,5,3,,1,0,,1,1,1,55,3,2,2,5,0,0,0,0,true,,false,false,false,false,false,,,,,,false,false,false,,,false,false,false,false,false,-83.21918,42.42415,"{
  ""coordinates"": [
    -8.321917795500001e+01,
    4.242415165600000e+01
  ],
  ""type"": ""Point""
}","{
  ""coordinates"": [
    -83.219177955,
    42.424151656
  ],
  ""type"": ""Point""
}",-83.219177955,42.424151656
788,1235724,CARRIE,MILBANK,2017-12-21,21,12,2017,4,5,8,9,,,0,,1,1,4,25,1,2,1,5,0,0,0,0,true,,false,false,true,false,false,,,,,,false,false,false,,,false,false,false,false,false,-83.03069,42.44339,"{
  ""coordinates"": [
    -8.303069666800000e+01,
    4.244339119300000e+01
  ],
  ""type"": ""Point""
}","{
  ""coordinates"": [
    -83.030696668,
    42.443391193
  ],
  ""type"": ""Point""
}",-83.030696668,42.443391193
789,1238851,S I 75,CLARK,2017-12-21,21,12,2017,15,5,10,1,,1,0,,1,2,1,25,2,2,3,5,0,0,0,0,true,,false,false,false,false,false,,,,,,false,false,false,,,false,false,false,false,false,-83.09121,42.31363,"{
  ""coordinates"": [
    -8.309120883799990e+01,
    4.231363209200000e+01
  ],
  ""type"": ""Point""
}","{
  ""coordinates"": [
    -83.091208838,
    42.313632092
  ],
  ""type"": ""Point""
}",-83.0912088379999,42.313632092
790,1242555,SORRENTO,MARGARETA,2017-12-21,21,12,2017,23,5,97,9,,,0,,1,1,4,0,2,2,3,5,0,0,0,0,true,,false,false,true,false,false,,,,,,false,false,false,,,false,false,false,false,false,-83.17406,42.42759,"{
  ""coordinates"": [
    -8.317405767100000e+01,
    4.242759001100010e+01
  ],
  ""type"": ""Point""
}","{
  ""coordinates"": [
    -83.174057671,
    42.427590011
  ],
  ""type"": ""Point""
}",-83.174057671,42.4275900110001
791,1237332,7 MILE,HAYES,2017-12-21,21,12,2017,6,5,98,9,,2,0,,1,1,4,30,5,2,0,4,0,0,0,1,false,,false,false,true,false,false,,,,,,true,false,false,,,false,false,false,false,false,-82.96574,42.43542,"{
  ""coordinates"": [
    -8.296574029800000e+01,
    4.243542163900000e+01
  ],
  ""type"": ""Point""
}","{
  ""coordinates"": [
    -82.965740298,
    42.435421639
  ],
  ""type"": ""Point""
}",-82.965740298,42.435421639
792,1238824,GRISWOLD,CONGRESS,2017-12-21,21,12,2017,9,5,1,9,,4,0,,1,1,1,25,2,2,0,5,0,0,0,0,true,,false,false,true,false,false,,,,,,true,false,false,,,false,false,false,false,false,-83.04673,42.32991,"{
  ""coordinates"": [
    -8.304672787700000e+01,
    4.232991270400000e+01
  ],
  ""type"": ""Point""
}","{
  ""coordinates"": [
    -83.046727877,
    42.329912704
  ],
  ""type"": ""Point""
}",-83.046727877,42.329912704
793,1237329,RIOPELLE,ADELAIDE,2017-12-21,21,12,2017,12,5,97,9,,,0,,1,1,1,0,2,2,2,5,0,0,0,0,true,,false,false,false,false,false,,,,,,false,false,true,,,false,false,false,false,false,-83.03911,42.34729,"{
  ""coordinates"": [
    -8.303910523300000e+01,
    4.234728876900000e+01
  ],
  ""type"": ""Point""
}","{
  ""coordinates"": [
    -83.039105233,
    42.347288769
  ],
  ""type"": ""Point""
}",-83.039105233,42.347288769
794,1238836,CASS,TEMPLE,2017-12-21,21,12,2017,11,5,3,9,,4,0,,1,1,1,30,2,2,3,4,0,0,0,1,false,,false,false,false,false,false,,,,,,false,false,true,,,false,false,false,false,false,-83.05854,42.34178,"{
  ""coordinates"": [
    -8.305854049000000e+01,
    4.234177955300000e+01
  ],
  ""type"": ""Point""
}","{
  ""coordinates"": [
    -83.05854049,
    42.341779553
  ],
  ""type"": ""Point""
}",-83.05854049,42.341779553
795,1272450,GUNSTON,MCNICHOLS,2017-12-21,21,12,2017,15,5,5,3,,1,0,,2,5,1,30,4,2,1,5,0,0,0,0,true,,false,false,true,false,false,,,,,,false,false,false,,,false,false,false,false,false,-83.00313,42.42021,"{
  ""coordinates"": [
    -8.300312880000000e+01,
    4.242021318000010e+01
  ],
  ""type"": ""Point""
}","{
  ""coordinates"": [
    -83.0031288,
    42.42021318
  ],
  ""type"": ""Point""
}",-83.0031288,42.4202131800001
796,1237324,VERNOR,VAN DYKE,2017-12-21,21,12,2017,15,5,8,9,,4,0,,1,2,1,30,4,2,3,4,0,0,0,1,false,,false,false,false,false,false,,,,,,false,false,false,,,false,false,false,false,false,-83.0013,42.36051,"{
  ""coordinates"": [
    -8.300130719000001e+01,
    4.236050696500010e+01
  ],
  ""type"": ""Point""
}","{
  ""coordinates"": [
    -83.00130719,
    42.360506965
  ],
  ""type"": ""Point""
}",-83.00130719,42.3605069650001
797,1237295,BUENA VISTA,SCHAEFER,2017-12-21,21,12,2017,17,5,5,9,,,0,,1,1,4,35,2,2,0,5,0,0,0,0,true,,false,false,true,false,false,,,,,,false,false,false,,,false,false,false,false,false,-83.18132,42.38341,"{
  ""coordinates"": [
    -8.318131743200000e+01,
    4.238340882700000e+01
  ],
  ""type"": ""Point""
}","{
  ""coordinates"": [
    -83.181317432,
    42.383408827
  ],
  ""type"": ""Point""
}",-83.181317432,42.383408827
798,1238889,ROSEBERRY,KILBOURNE,2017-12-21,21,12,2017,17,5,98,9,,,3,,1,1,4,25,2,2,0,5,0,0,0,0,true,,false,false,true,false,false,,,,,,false,false,false,,,false,false,false,false,false,-82.98833,42.41052,"{
  ""coordinates"": [
    -8.298832901199999e+01,
    4.241052425500000e+01
  ],
  ""type"": ""Point""
}","{
  ""coordinates"": [
    -82.988329012,
    42.410524255
  ],
  ""type"": ""Point""
}",-82.988329012,42.410524255
799,1237294,APPOLINE,FLORENCE,2017-12-21,21,12,2017,13,5,9,9,,,2,,2,1,1,25,2,2,0,5,0,0,0,0,true,,false,false,true,false,false,,,,,,false,false,false,,,false,false,false,false,false,-83.17091,42.41129,"{
  ""coordinates"": [
    -8.317090659300000e+01,
    4.241128601400000e+01
  ],
  ""type"": ""Point""
}","{
  ""coordinates"": [
    -83.170906593,
    42.411286014
  ],
  ""type"": ""Point""
}",-83.170906593,42.411286014