ObjectId,Crash ID,Primary Road,Intersecting Road,Crash Date,Day,Month,Year,Hour,Weekday,Crash Type Code,Highway Classification Code,Community Code,Jurisdiction Code,Lane Departure Type Code,Surface Type,Road Condition,Weather Condition,Lighting Condition,Speed Limit,Lanes,Units,Occupants,Most Severe Injury,Fatal Injuries,Suspected Serious Injuries,Suspected Minor Injuries,Possible Injuries,Property Damage Only,Secondary Crash,Traffic Control,Red Light Run,Hit and Run,Alcohol,Drugs,Unbelted Person,Work Zone,Speeding Driver,Distracted Driver,Driveway,Pedestrian,Elderly Driver,Young Driver,Commercial Vehicle,Emergency Vehicles,Train,School Bus,Motorcycle,Bicycle,Deer,Longitude,Latitude,geom,geog,x,y
1086,1232104,MANNOR,ELLIS,2017-12-16,16,12,2017,22,7,5,9,,,0,,4,5,4,25,2,2,0,5,0,0,0,0,true,,false,false,true,false,false,,,,,,false,false,false,,,false,false,false,false,false,-83.1666,42.36124,"{
  ""coordinates"": [
    -8.316659730399989e+01,
    4.236123930900000e+01
  ],
  ""type"": ""Point""
}","{
  ""coordinates"": [
    -83.166597304,
    42.361239309
  ],
  ""type"": ""Point""
}",-83.1665973039999,42.361239309
1087,1230715,W I 96,KENTFIELD,2017-12-16,16,12,2017,6,7,1,1,,1,1,,3,5,2,55,2,1,1,5,0,0,0,0,true,,false,false,false,false,false,,,,,,false,false,true,,,false,false,false,false,false,-83.23928,42.38263,"{
  ""coordinates"": [
    -8.323927695200000e+01,
    4.238262423000000e+01
  ],
  ""type"": ""Point""
}","{
  ""coordinates"": [
    -83.239276952,
    42.38262423
  ],
  ""type"": ""Point""
}",-83.239276952,42.38262423
1088,1230479,GRATIOT,RUSSELL,2017-12-16,16,12,2017,2,7,1,3,,1,1,,3,5,4,30,3,1,2,2,0,1,0,0,false,,false,false,false,false,false,,,,,,false,false,false,,,false,false,false,false,false,-83.04111,42.34045,"{
  ""coordinates"": [
    -8.304111828500000e+01,
    4.234044612400000e+01
  ],
  ""type"": ""Point""
}","{
  ""coordinates"": [
    -83.041118285,
    42.340446124
  ],
  ""type"": ""Point""
}",-83.041118285,42.340446124
1089,1230418,RAMP 139C,E M 8,2017-12-16,16,12,2017,13,7,1,1,,1,1,,2,2,1,45,1,1,1,5,0,0,0,0,true,,false,false,false,false,false,,,,,,false,false,true,,,false,false,false,false,false,-83.14812,42.38416,"{
  ""coordinates"": [
    -8.314812055999990e+01,
    4.238415715500000e+01
  ],
  ""type"": ""Point""
}","{
  ""coordinates"": [
    -83.14812056,
    42.384157155
  ],
  ""type"": ""Point""
}",-83.1481205599999,42.384157155
1090,1232091,8 MILE,LAHSER,2017-12-16,16,12,2017,18,7,2,3,,1,2,,2,1,4,45,4,2,2,5,0,0,0,0,true,,false,false,false,false,false,,,,,,false,false,false,,,false,false,false,false,false,-83.25922,42.44323,"{
  ""coordinates"": [
    -8.325921857299990e+01,
    4.244323218200000e+01
  ],
  ""type"": ""Point""
}","{
  ""coordinates"": [
    -83.259218573,
    42.443232182
  ],
  ""type"": ""Point""
}",-83.2592185729999,42.443232182
1091,1235707,CENTRAL,PICNIC,2017-12-16,16,12,2017,0,7,8,3,,1,0,,98,98,98,25,2,2,1,5,0,0,0,0,true,,false,false,false,false,false,,,,,,false,false,true,,,false,false,false,false,false,-82.99256,42.33737,"{
  ""coordinates"": [
    -8.299256274500000e+01,
    4.233736823900010e+01
  ],
  ""type"": ""Point""
}","{
  ""coordinates"": [
    -82.992562745,
    42.337368239
  ],
  ""type"": ""Point""
}",-82.992562745,42.3373682390001
1092,1230483,SOUTHFIELD SERVICE DRIVE,8 MILE,2017-12-16,16,12,2017,21,7,5,3,,5,0,,1,1,4,55,3,2,3,5,0,0,0,0,true,,false,false,true,false,false,,,,,,false,false,false,,,false,false,false,false,false,-83.22015,42.44415,"{
  ""coordinates"": [
    -8.322014337900001e+01,
    4.244414405700010e+01
  ],
  ""type"": ""Point""
}","{
  ""coordinates"": [
    -83.220143379,
    42.444144057
  ],
  ""type"": ""Point""
}",-83.220143379,42.4441440570001
1093,1240927,JEFFERSON,RANDOLPH,2017-12-16,16,12,2017,3,7,1,3,,1,1,,6,5,4,55,3,1,1,4,0,0,0,1,false,,false,false,false,false,false,,,,,,false,false,false,,,false,false,false,false,false,-83.04307,42.3295,"{
  ""coordinates"": [
    -8.304306867299989e+01,
    4.232950217900000e+01
  ],
  ""type"": ""Point""
}","{
  ""coordinates"": [
    -83.043068673,
    42.329502179
  ],
  ""type"": ""Point""
}",-83.0430686729999,42.329502179
1094,1230429,CHICAGO,JEFFRIES,2017-12-16,16,12,2017,22,7,4,9,,4,0,,2,2,3,35,3,2,3,3,0,0,1,0,false,,false,false,false,false,false,,,,,,false,false,false,,,false,false,false,false,false,-83.13954,42.36806,"{
  ""coordinates"": [
    -8.313954040499991e+01,
    4.236806605400010e+01
  ],
  ""type"": ""Point""
}","{
  ""coordinates"": [
    -83.139540405,
    42.368066054
  ],
  ""type"": ""Point""
}",-83.1395404049999,42.3680660540001
1095,1234579,8 MILE,WOODWARD,2017-12-16,16,12,2017,12,7,8,3,,1,0,,2,1,1,40,4,2,2,5,0,0,0,0,true,,false,false,false,false,false,,,,,,false,false,false,,,false,false,false,false,false,-83.12485,42.44651,"{
  ""coordinates"": [
    -8.312484632699990e+01,
    4.244651300500000e+01
  ],
  ""type"": ""Point""
}","{
  ""coordinates"": [
    -83.124846327,
    42.446513005
  ],
  ""type"": ""Point""
}",-83.1248463269999,42.446513005
1096,1230443,VERNOR,FERRIS,2017-12-16,16,12,2017,15,7,8,9,,4,0,,2,2,1,30,2,2,1,5,0,0,0,0,true,,false,false,true,false,false,,,,,,false,false,false,,,false,false,false,false,false,-83.13237,42.30935,"{
  ""coordinates"": [
    -8.313236674900000e+01,
    4.230934680700010e+01
  ],
  ""type"": ""Point""
}","{
  ""coordinates"": [
    -83.132366749,
    42.309346807
  ],
  ""type"": ""Point""
}",-83.132366749,42.3093468070001
1097,1230438,MCGRAW,PROCTOR,2017-12-16,16,12,2017,22,7,1,9,,4,1,,3,2,4,30,5,2,1,1,1,0,0,0,false,,false,false,false,true,false,,,,,,true,false,false,,,false,false,false,false,false,-83.13905,42.33619,"{
  ""coordinates"": [
    -8.313904208900000e+01,
    4.233618540500000e+01
  ],
  ""type"": ""Point""
}","{
  ""coordinates"": [
    -83.139042089,
    42.336185405
  ],
  ""type"": ""Point""
}",-83.139042089,42.336185405
1098,1240928,RAMP 008F,CSX TRANSPORTATION,2017-12-16,16,12,2017,20,7,1,1,,1,1,,2,1,4,55,2,1,1,5,0,0,0,0,true,,false,false,false,false,false,,,,,,false,false,false,,,false,false,false,false,false,-83.21744,42.37939,"{
  ""coordinates"": [
    -8.321743816500000e+01,
    4.237939416300000e+01
  ],
  ""type"": ""Point""
}","{
  ""coordinates"": [
    -83.217438165,
    42.379394163
  ],
  ""type"": ""Point""
}",-83.217438165,42.379394163
1099,1235680,ARDEN PARK,BRUSH,2017-12-16,16,12,2017,15,7,97,9,,4,0,,4,5,1,25,2,3,6,4,0,0,0,2,false,,false,false,false,false,false,,,,,,false,false,false,,,false,false,false,false,false,-83.07805,42.38848,"{
  ""coordinates"": [
    -8.307805067200000e+01,
    4.238847657200010e+01
  ],
  ""type"": ""Point""
}","{
  ""coordinates"": [
    -83.078050672,
    42.388476572
  ],
  ""type"": ""Point""
}",-83.078050672,42.3884765720001
1100,1248065,7 MILE,LAUDER,2017-12-16,16,12,2017,18,7,5,9,,2,0,,1,1,5,0,5,2,2,4,0,0,0,2,false,,false,false,true,false,false,,,,,,false,false,true,,,false,false,false,false,false,-83.19248,42.43064,"{
  ""coordinates"": [
    -8.319248203900000e+01,
    4.243064651800010e+01
  ],
  ""type"": ""Point""
}","{
  ""coordinates"": [
    -83.192482039,
    42.430646518
  ],
  ""type"": ""Point""
}",-83.192482039,42.4306465180001
1101,1230427,SCHAEFER,EATON,2017-12-16,16,12,2017,3,7,1,9,,4,1,,4,5,4,30,2,1,1,4,0,0,0,1,false,,false,false,false,false,false,,,,,,false,false,false,,,false,false,false,false,false,-83.17894,42.39808,"{
  ""coordinates"": [
    -8.317894352699990e+01,
    4.239808078300010e+01
  ],
  ""type"": ""Point""
}","{
  ""coordinates"": [
    -83.178943527,
    42.398080783
  ],
  ""type"": ""Point""
}",-83.1789435269999,42.3980807830001
1102,1230498,NEVADA,VAN DYKE,2017-12-16,16,12,2017,3,7,5,3,,4,0,,4,5,4,0,6,2,6,4,0,0,0,4,false,,false,false,false,false,false,,,,,,false,false,false,,,false,false,false,false,false,-83.02402,42.42674,"{
  ""coordinates"": [
    -8.302401824499999e+01,
    4.242674074800000e+01
  ],
  ""type"": ""Point""
}","{
  ""coordinates"": [
    -83.024018245,
    42.426740748
  ],
  ""type"": ""Point""
}",-83.024018245,42.426740748
1103,1232100,PEMBROKE,LAHSER,2017-12-16,16,12,2017,20,7,5,9,,,0,,1,1,4,0,4,2,1,4,0,0,0,1,false,,false,false,true,false,false,,,,,,false,false,false,,,false,false,false,false,false,-83.25853,42.43636,"{
  ""coordinates"": [
    -8.325852894199990e+01,
    4.243636234300000e+01
  ],
  ""type"": ""Point""
}","{
  ""coordinates"": [
    -83.258528942,
    42.436362343
  ],
  ""type"": ""Point""
}",-83.2585289419999,42.436362343
1104,1234519,MONROE,ST ANTOINE,2017-12-16,16,12,2017,20,7,8,9,,4,3,,2,1,4,25,2,2,2,5,0,0,0,0,true,,false,false,false,false,false,,,,,,false,false,false,,,false,false,false,false,false,-83.04065,42.33574,"{
  ""coordinates"": [
    -8.304065224899990e+01,
    4.233574164600000e+01
  ],
  ""type"": ""Point""
}","{
  ""coordinates"": [
    -83.040652249,
    42.335741646
  ],
  ""type"": ""Point""
}",-83.0406522489999,42.335741646
1105,1232064,6 MILE,LESURE,2017-12-16,16,12,2017,18,7,97,9,,2,0,,1,1,3,40,4,1,1,5,0,0,0,0,true,,false,false,true,false,false,,,,,,false,false,false,,,false,false,false,false,false,-83.18179,42.41657,"{
  ""coordinates"": [
    -8.318179626999989e+01,
    4.241657434800000e+01
  ],
  ""type"": ""Point""
}","{
  ""coordinates"": [
    -83.18179627,
    42.416574348
  ],
  ""type"": ""Point""
}",-83.1817962699999,42.416574348
1106,1230475,WARREN,GREENVIEW,2017-12-16,16,12,2017,17,7,5,9,,2,0,,2,1,4,35,4,2,5,5,0,0,0,0,true,,false,false,false,false,false,,,,,,false,false,true,,,false,false,false,false,false,-83.22204,42.34332,"{
  ""coordinates"": [
    -8.322204192000000e+01,
    4.234332314600000e+01
  ],
  ""type"": ""Point""
}","{
  ""coordinates"": [
    -83.22204192,
    42.343323146
  ],
  ""type"": ""Point""
}",-83.22204192,42.343323146
1107,1250647,I-75,VERNOR,2017-12-16,16,12,2017,21,7,1,1,,1,1,,2,1,4,55,3,1,7,3,0,0,2,1,false,,false,false,false,false,false,,,,,,false,true,false,,,false,false,false,false,false,-83.08266,42.32365,"{
  ""coordinates"": [
    -8.308265834600000e+01,
    4.232365330700000e+01
  ],
  ""type"": ""Point""
}","{
  ""coordinates"": [
    -83.082658346,
    42.323653307
  ],
  ""type"": ""Point""
}",-83.082658346,42.323653307
1108,1232097,8 MILE,WOODWARD,2017-12-16,16,12,2017,1,7,6,3,,1,0,,6,5,4,0,4,2,1,5,0,0,0,0,true,,false,false,true,false,false,,,,,,false,false,false,,,false,false,false,false,false,-83.1253,42.4465,"{
  ""coordinates"": [
    -8.312529560599999e+01,
    4.244650279100010e+01
  ],
  ""type"": ""Point""
}","{
  ""coordinates"": [
    -83.125295606,
    42.446502791
  ],
  ""type"": ""Point""
}",-83.125295606,42.4465027910001
1109,1240926,RAMP 109E,DAVISON,2017-12-16,16,12,2017,2,7,1,3,,1,1,,4,5,4,55,1,1,2,5,0,0,0,0,true,,false,false,false,false,false,,,,,,false,false,true,,,false,false,false,false,false,-83.11192,42.39736,"{
  ""coordinates"": [
    -8.311192034399990e+01,
    4.239736218100010e+01
  ],
  ""type"": ""Point""
}","{
  ""coordinates"": [
    -83.111920344,
    42.397362181
  ],
  ""type"": ""Point""
}",-83.1119203439999,42.3973621810001
1110,1230474,7784 MEMORIAL,TIREMAN,2017-12-16,16,12,2017,16,7,97,9,,,0,,3,1,1,25,1,2,2,5,0,0,0,0,true,,false,false,false,false,false,,,,,,false,false,true,,,false,false,false,false,false,-83.21067,42.34987,"{
  ""coordinates"": [
    -8.321066786700000e+01,
    4.234987439600010e+01
  ],
  ""type"": ""Point""
}","{
  ""coordinates"": [
    -83.210667867,
    42.349874396
  ],
  ""type"": ""Point""
}",-83.210667867,42.3498743960001
1111,1265817,I-94,GRATIOT,2017-12-16,16,12,2017,20,7,8,1,,1,0,,1,1,4,70,3,2,1,5,0,0,0,0,true,,false,false,true,false,false,,,,,,false,false,false,,,false,false,false,false,false,-83.00656,42.39146,"{
  ""coordinates"": [
    -8.300656041300000e+01,
    4.239146317700000e+01
  ],
  ""type"": ""Point""
}","{
  ""coordinates"": [
    -83.006560413,
    42.391463177
  ],
  ""type"": ""Point""
}",-83.006560413,42.391463177
1112,1232079,RUSSELL,GRATIOT,2017-12-16,16,12,2017,11,7,98,3,,4,0,,2,1,1,25,1,1,0,5,0,0,0,0,true,,false,false,true,false,false,,,,,,false,false,false,,,false,false,false,false,false,-83.03886,42.34384,"{
  ""coordinates"": [
    -8.303885940899990e+01,
    4.234384058700000e+01
  ],
  ""type"": ""Point""
}","{
  ""coordinates"": [
    -83.038859409,
    42.343840587
  ],
  ""type"": ""Point""
}",-83.0388594089999,42.343840587
1113,1230436,ELSMERE,WOODMERE,2017-12-16,16,12,2017,12,7,1,9,,,0,,4,5,1,25,1,1,1,5,0,0,0,0,true,,false,false,false,false,false,,,,,,false,false,false,,,false,false,false,false,false,-83.13501,42.30595,"{
  ""coordinates"": [
    -8.313500627499999e+01,
    4.230594636100010e+01
  ],
  ""type"": ""Point""
}","{
  ""coordinates"": [
    -83.135006275,
    42.305946361
  ],
  ""type"": ""Point""
}",-83.135006275,42.3059463610001
1114,1230469,RADNOR,CHESTER,2017-12-16,16,12,2017,10,7,2,9,,,0,,4,1,1,25,2,2,4,5,0,0,0,0,true,,false,false,false,false,false,,,,,,false,false,false,,,false,false,false,false,false,-82.92587,42.42136,"{
  ""coordinates"": [
    -8.292587375100000e+01,
    4.242135883500000e+01
  ],
  ""type"": ""Point""
}","{
  ""coordinates"": [
    -82.925873751,
    42.421358835
  ],
  ""type"": ""Point""
}",-82.925873751,42.421358835
1115,1230493,LIVERNOIS,MICHIGAN,2017-12-16,16,12,2017,2,7,1,2,,4,1,,4,5,4,35,4,1,0,5,0,0,0,0,true,,false,false,true,false,false,,,,,,false,false,false,,,false,false,false,false,false,-83.12035,42.33114,"{
  ""coordinates"": [
    -8.312035167300000e+01,
    4.233114379800000e+01
  ],
  ""type"": ""Point""
}","{
  ""coordinates"": [
    -83.120351673,
    42.331143798
  ],
  ""type"": ""Point""
}",-83.120351673,42.331143798
1116,1230494,DAVISON,LAWTON,2017-12-16,16,12,2017,20,7,97,3,,1,0,,6,5,4,35,4,1,0,5,0,0,0,0,true,,false,false,false,false,false,,,,,,false,false,false,,,false,false,false,false,false,-83.12476,42.39201,"{
  ""coordinates"": [
    -8.312476172600000e+01,
    4.239200753100000e+01
  ],
  ""type"": ""Point""
}","{
  ""coordinates"": [
    -83.124761726,
    42.392007531
  ],
  ""type"": ""Point""
}",-83.124761726,42.392007531
1117,1230442,LONYO,ARNOLD,2017-12-16,16,12,2017,13,7,8,9,,4,0,,2,2,1,30,4,2,2,5,0,0,0,0,true,,false,false,false,false,false,,,,,,false,false,true,,,false,false,false,false,false,-83.14307,42.32857,"{
  ""coordinates"": [
    -8.314307745399999e+01,
    4.232857160600000e+01
  ],
  ""type"": ""Point""
}","{
  ""coordinates"": [
    -83.143077454,
    42.328571606
  ],
  ""type"": ""Point""
}",-83.143077454,42.328571606
1118,1238919,LIVERNOIS,PEMBROKE,2017-12-16,16,12,2017,1,7,5,9,,4,0,,2,5,1,30,2,2,4,5,0,0,0,0,true,,false,false,false,false,false,,,,,,false,true,false,,,false,false,false,false,false,-83.14163,42.43868,"{
  ""coordinates"": [
    -8.314162884099990e+01,
    4.243868442500010e+01
  ],
  ""type"": ""Point""
}","{
  ""coordinates"": [
    -83.141628841,
    42.438684425
  ],
  ""type"": ""Point""
}",-83.1416288409999,42.4386844250001
1119,1232081,LARNED,CHENE,2017-12-16,16,12,2017,6,7,98,9,,4,0,,6,5,1,25,3,2,5,5,0,0,0,0,true,,false,false,false,false,false,,,,,,false,false,true,,,false,false,false,false,false,-83.02321,42.33911,"{
  ""coordinates"": [
    -8.302320596300000e+01,
    4.233911000000010e+01
  ],
  ""type"": ""Point""
}","{
  ""coordinates"": [
    -83.023205963,
    42.33911
  ],
  ""type"": ""Point""
}",-83.023205963,42.3391100000001
1120,1230476,EVERGREEN,I96 SERVICE,2017-12-16,16,12,2017,4,7,5,1,,1,0,,4,5,4,35,5,2,3,4,0,0,0,1,false,,false,false,false,false,false,,,,,,false,false,false,,,false,false,false,false,false,-83.23817,42.38084,"{
  ""coordinates"": [
    -8.323816702800001e+01,
    4.238083693500000e+01
  ],
  ""type"": ""Point""
}","{
  ""coordinates"": [
    -83.238167028,
    42.380836935
  ],
  ""type"": ""Point""
}",-83.238167028,42.380836935
1121,1238822,MONROE,BRUSH,2017-12-16,16,12,2017,19,7,8,9,,4,0,,2,5,4,25,2,2,2,5,0,0,0,0,true,,false,false,true,false,false,,,,,,false,false,false,,,false,false,false,false,false,-83.0437,42.33443,"{
  ""coordinates"": [
    -8.304370471100000e+01,
    4.233442497800010e+01
  ],
  ""type"": ""Point""
}","{
  ""coordinates"": [
    -83.043704711,
    42.334424978
  ],
  ""type"": ""Point""
}",-83.043704711,42.3344249780001
1122,1237286,M-10,HOLDEN,2017-12-16,16,12,2017,16,7,8,9,,,0,,2,5,1,55,4,2,2,5,0,0,0,0,true,,false,false,false,false,false,,,,,,false,true,false,,,false,false,false,false,false,-83.07847,42.36131,"{
  ""coordinates"": [
    -8.307846662199999e+01,
    4.236131295900000e+01
  ],
  ""type"": ""Point""
}","{
  ""coordinates"": [
    -83.078466622,
    42.361312959
  ],
  ""type"": ""Point""
}",-83.078466622,42.361312959
1123,1232088,EVERGREEN,GRAND RIVER,2017-12-16,16,12,2017,21,7,5,3,,4,0,,4,2,4,0,3,2,1,4,0,0,0,1,false,,false,false,true,false,false,,,,,,false,false,false,,,false,false,false,false,false,-83.23778,42.40842,"{
  ""coordinates"": [
    -8.323777733299990e+01,
    4.240841490400000e+01
  ],
  ""type"": ""Point""
}","{
  ""coordinates"": [
    -83.237777333,
    42.408414904
  ],
  ""type"": ""Point""
}",-83.2377773329999,42.408414904
1124,1232080,MT ELLIOTT,MEDBURY,2017-12-16,16,12,2017,12,7,97,9,,4,0,,2,1,1,30,1,2,3,5,0,0,0,0,true,,false,false,false,false,false,,,,,,false,true,false,,,false,false,false,false,false,-83.03247,42.37784,"{
  ""coordinates"": [
    -8.303247215399990e+01,
    4.237783694500010e+01
  ],
  ""type"": ""Point""
}","{
  ""coordinates"": [
    -83.032472154,
    42.377836945
  ],
  ""type"": ""Point""
}",-83.0324721539999,42.3778369450001
1125,1265940,IRVINGTON,LANTZ,2017-12-16,16,12,2017,13,7,8,9,,,0,,4,5,98,25,1,2,1,4,0,0,0,1,false,,false,false,true,false,false,,,,,,false,true,false,,,false,false,false,false,false,-83.0982,42.43749,"{
  ""coordinates"": [
    -8.309820050000000e+01,
    4.243749090000010e+01
  ],
  ""type"": ""Point""
}","{
  ""coordinates"": [
    -83.0982005,
    42.4374909
  ],
  ""type"": ""Point""
}",-83.0982005,42.4374909000001
1126,1232112,RYAN,NEVADA,2017-12-16,16,12,2017,8,7,5,9,,4,0,,3,5,1,30,2,2,2,5,0,0,0,0,true,,false,false,false,false,false,,,,,,false,false,true,,,false,false,false,false,false,-83.06273,42.42646,"{
  ""coordinates"": [
    -8.306273080400000e+01,
    4.242645587200010e+01
  ],
  ""type"": ""Point""
}","{
  ""coordinates"": [
    -83.062730804,
    42.426455872
  ],
  ""type"": ""Point""
}",-83.062730804,42.4264558720001
1127,1230725,N/B I-75,GRAND,2017-12-15,15,12,2017,14,6,8,1,,1,0,,2,5,1,55,4,2,2,5,0,0,0,0,true,,false,false,false,false,false,,,,,,false,false,false,,,false,false,false,false,false,-83.05984,42.37414,"{
  ""coordinates"": [
    -8.305983796800000e+01,
    4.237413697400010e+01
  ],
  ""type"": ""Point""
}","{
  ""coordinates"": [
    -83.059837968,
    42.374136974
  ],
  ""type"": ""Point""
}",-83.059837968,42.3741369740001
1128,1230487,KELLY,ALMA,2017-12-15,15,12,2017,18,6,1,9,,4,1,,6,5,4,25,2,1,1,5,0,0,0,0,true,,false,false,false,false,false,,,,,,false,false,false,,,false,false,false,false,false,-82.96277,42.42172,"{
  ""coordinates"": [
    -8.296277191500000e+01,
    4.242171905900010e+01
  ],
  ""type"": ""Point""
}","{
  ""coordinates"": [
    -82.962771915,
    42.421719059
  ],
  ""type"": ""Point""
}",-82.962771915,42.4217190590001
1129,1232095,FENKELL,ARCHDALE,2017-12-15,15,12,2017,7,6,4,9,,2,0,,4,5,2,0,4,2,1,5,0,0,0,0,true,,true,false,true,false,false,,,,,,false,false,true,,,false,false,false,false,false,-83.21619,42.40116,"{
  ""coordinates"": [
    -8.321618346100000e+01,
    4.240116056700000e+01
  ],
  ""type"": ""Point""
}","{
  ""coordinates"": [
    -83.216183461,
    42.401160567
  ],
  ""type"": ""Point""
}",-83.216183461,42.401160567
1130,1230728,W I 94,GRAND,2017-12-15,15,12,2017,9,6,5,1,,1,0,,2,2,1,55,3,2,2,5,0,0,0,0,true,,false,false,false,false,false,,,,,,false,false,true,,,false,false,false,false,false,-83.1091,42.34711,"{
  ""coordinates"": [
    -8.310910401000000e+01,
    4.234710942700010e+01
  ],
  ""type"": ""Point""
}","{
  ""coordinates"": [
    -83.10910401,
    42.347109427
  ],
  ""type"": ""Point""
}",-83.10910401,42.3471094270001
1131,1230477,CLIFFORD,MT CALM,2017-12-15,15,12,2017,20,6,8,9,,4,0,,4,5,4,0,2,2,1,4,0,0,0,1,false,,false,false,true,false,false,,,,,,false,false,false,,,false,false,false,false,false,-83.05501,42.33727,"{
  ""coordinates"": [
    -8.305500904199990e+01,
    4.233726557400010e+01
  ],
  ""type"": ""Point""
}","{
  ""coordinates"": [
    -83.055009042,
    42.337265574
  ],
  ""type"": ""Point""
}",-83.0550090419999,42.3372655740001
1132,1230726,RAMP 047D,RAMP 047B,2017-12-15,15,12,2017,15,6,8,1,,1,0,,2,5,1,55,2,2,3,4,0,0,0,1,false,,false,false,false,false,false,,,,,,false,false,false,,,false,false,false,false,false,-83.08191,42.41101,"{
  ""coordinates"": [
    -8.308191048799991e+01,
    4.241100580600000e+01
  ],
  ""type"": ""Point""
}","{
  ""coordinates"": [
    -83.081910488,
    42.411005806
  ],
  ""type"": ""Point""
}",-83.0819104879999,42.411005806
1133,1230431,TERRY,TIREMAN,2017-12-15,15,12,2017,15,6,98,9,,,0,,4,5,1,25,1,2,1,5,0,0,0,0,true,,false,false,false,false,false,,,,,,false,false,false,,,false,false,false,false,false,-83.19028,42.35122,"{
  ""coordinates"": [
    -8.319028768999991e+01,
    4.235122030700010e+01
  ],
  ""type"": ""Point""
}","{
  ""coordinates"": [
    -83.19028769,
    42.351220307
  ],
  ""type"": ""Point""
}",-83.1902876899999,42.3512203070001
1134,1230497,CONANT,EMERY,2017-12-15,15,12,2017,20,6,4,9,,4,0,,4,5,4,30,3,2,1,4,0,0,0,1,false,,false,false,true,false,false,,,,,,false,false,false,,,false,false,false,false,false,-83.07623,42.43648,"{
  ""coordinates"": [
    -8.307622311800000e+01,
    4.243647978800000e+01
  ],
  ""type"": ""Point""
}","{
  ""coordinates"": [
    -83.076223118,
    42.436479788
  ],
  ""type"": ""Point""
}",-83.076223118,42.436479788
1135,1230486,MORANG,BALFOUR,2017-12-15,15,12,2017,20,6,7,9,,4,0,,4,5,2,25,2,2,2,5,0,0,0,0,true,,false,false,false,false,false,,,,,,false,false,true,,,false,false,false,false,false,-82.94262,42.42311,"{
  ""coordinates"": [
    -8.294261756200000e+01,
    4.242311409300000e+01
  ],
  ""type"": ""Point""
}","{
  ""coordinates"": [
    -82.942617562,
    42.423114093
  ],
  ""type"": ""Point""
}",-82.942617562,42.423114093
1136,1230719,M-39,WARREN,2017-12-15,15,12,2017,17,6,5,3,,1,0,,2,5,3,55,3,2,2,5,0,0,0,0,true,,false,false,false,false,false,,,,,,false,false,true,,,false,false,false,false,false,-83.21629,42.34482,"{
  ""coordinates"": [
    -8.321628301299999e+01,
    4.234481962200000e+01
  ],
  ""type"": ""Point""
}","{
  ""coordinates"": [
    -83.216283013,
    42.344819622
  ],
  ""type"": ""Point""
}",-83.216283013,42.344819622
1137,1284598,JEFFERSON,DEARBORN,2017-12-15,15,12,2017,16,6,5,9,,4,0,,4,5,1,35,2,2,2,5,0,0,0,0,true,,false,false,false,false,false,,,,,,false,false,false,,,false,false,false,false,false,-83.11736,42.29063,"{
  ""coordinates"": [
    -8.311735704400000e+01,
    4.229062676600010e+01
  ],
  ""type"": ""Point""
}","{
  ""coordinates"": [
    -83.117357044,
    42.290626766
  ],
  ""type"": ""Point""
}",-83.117357044,42.2906267660001
1138,1283569,ROSEMONT,CHALFONTE,2017-12-15,15,12,2017,4,6,98,9,,,0,,4,5,5,25,2,2,1,5,0,0,0,0,true,,false,false,true,false,false,,,,,,false,false,true,,,false,false,false,false,false,-83.22043,42.3988,"{
  ""coordinates"": [
    -8.322042483099990e+01,
    4.239880181100010e+01
  ],
  ""type"": ""Point""
}","{
  ""coordinates"": [
    -83.220424831,
    42.398801811
  ],
  ""type"": ""Point""
}",-83.2204248309999,42.3988018110001
1139,1253929,M10,TELEGRAPH,2017-12-15,15,12,2017,7,6,5,3,,1,0,,4,1,1,70,3,2,2,5,0,0,0,0,true,,false,false,false,false,false,,,,,,false,false,false,,,false,false,false,false,false,-83.259,42.44324,"{
  ""coordinates"": [
    -8.325900357899999e+01,
    4.244323745300010e+01
  ],
  ""type"": ""Point""
}","{
  ""coordinates"": [
    -83.259003579,
    42.443237453
  ],
  ""type"": ""Point""
}",-83.259003579,42.4432374530001
1140,1238796,I 75,8 MILE,2017-12-15,15,12,2017,0,6,97,1,,1,0,,2,2,5,70,3,2,2,5,0,0,0,0,true,,false,false,false,false,false,,,,,,false,false,true,,,false,false,false,false,false,-83.09467,42.44653,"{
  ""coordinates"": [
    -8.309467347799990e+01,
    4.244652852600010e+01
  ],
  ""type"": ""Point""
}","{
  ""coordinates"": [
    -83.094673478,
    42.446528526
  ],
  ""type"": ""Point""
}",-83.0946734779999,42.4465285260001
1141,1237296,BRYDEN,CHICAGO,2017-12-15,15,12,2017,10,6,5,9,,,0,,3,1,1,25,2,2,2,5,0,0,0,0,true,,false,false,false,false,false,,,,,,false,false,true,,,false,false,false,false,false,-83.14554,42.36646,"{
  ""coordinates"": [
    -8.314553594800000e+01,
    4.236645565800010e+01
  ],
  ""type"": ""Point""
}","{
  ""coordinates"": [
    -83.145535948,
    42.366455658
  ],
  ""type"": ""Point""
}",-83.145535948,42.3664556580001
1142,1232089,N M 39,GRAND RIVER,2017-12-15,15,12,2017,18,6,1,3,,1,0,,4,5,4,35,2,2,0,3,0,0,1,0,false,,false,false,true,false,false,,,,,,true,false,false,,,false,false,false,false,false,-83.2182,42.4006,"{
  ""coordinates"": [
    -8.321819934800000e+01,
    4.240059963000000e+01
  ],
  ""type"": ""Point""
}","{
  ""coordinates"": [
    -83.218199348,
    42.40059963
  ],
  ""type"": ""Point""
}",-83.218199348,42.40059963