ObjectId,Crash ID,Primary Road,Intersecting Road,Crash Date,Day,Month,Year,Hour,Weekday,Crash Type Code,Highway Classification Code,Community Code,Jurisdiction Code,Lane Departure Type Code,Surface Type,Road Condition,Weather Condition,Lighting Condition,Speed Limit,Lanes,Units,Occupants,Most Severe Injury,Fatal Injuries,Suspected Serious Injuries,Suspected Minor Injuries,Possible Injuries,Property Damage Only,Secondary Crash,Traffic Control,Red Light Run,Hit and Run,Alcohol,Drugs,Unbelted Person,Work Zone,Speeding Driver,Distracted Driver,Driveway,Pedestrian,Elderly Driver,Young Driver,Commercial Vehicle,Emergency Vehicles,Train,School Bus,Motorcycle,Bicycle,Deer,Longitude,Latitude,geom,geog,x,y
1313,1228215,I 96,OUTER,2017-12-13,13,12,2017,14,4,8,1,,1,0,,4,5,1,70,4,2,2,5,0,0,0,0,true,,false,false,false,false,false,,,,,,false,false,true,,,false,false,false,false,false,-83.25816,42.38546,"{
  ""coordinates"": [
    -8.325815597499999e+01,
    4.238546190900010e+01
  ],
  ""type"": ""Point""
}","{
  ""coordinates"": [
    -83.258155975,
    42.385461909
  ],
  ""type"": ""Point""
}",-83.258155975,42.3854619090001
1314,1269924,E/B I-94,MT ELLIOTT,2017-12-13,13,12,2017,23,4,1,1,,1,1,,4,5,4,55,3,1,1,5,0,0,0,0,true,,false,false,false,false,false,,,,,,false,false,false,,,false,false,false,false,false,-83.03361,42.3793,"{
  ""coordinates"": [
    -8.303360640999990e+01,
    4.237929718300010e+01
  ],
  ""type"": ""Point""
}","{
  ""coordinates"": [
    -83.03360641,
    42.379297183
  ],
  ""type"": ""Point""
}",-83.0336064099999,42.3792971830001
1315,1225423,JOY,MANSFIELD,2017-12-13,13,12,2017,9,4,5,9,,2,0,,2,2,1,30,4,2,3,4,0,0,0,2,false,,false,false,false,false,false,,,,,,false,false,true,,,false,false,false,false,false,-83.20329,42.35804,"{
  ""coordinates"": [
    -8.320329649099990e+01,
    4.235804184800000e+01
  ],
  ""type"": ""Point""
}","{
  ""coordinates"": [
    -83.203296491,
    42.358041848
  ],
  ""type"": ""Point""
}",-83.2032964909999,42.358041848
1316,1235696,PHILIP,KORTE,2017-12-13,13,12,2017,12,4,4,9,,,0,,3,5,1,25,2,2,2,5,0,0,0,0,true,,false,false,false,false,false,,,,,,false,false,false,,,false,false,false,false,false,-82.9357,42.36393,"{
  ""coordinates"": [
    -8.293570207300000e+01,
    4.236392679800010e+01
  ],
  ""type"": ""Point""
}","{
  ""coordinates"": [
    -82.935702073,
    42.363926798
  ],
  ""type"": ""Point""
}",-82.935702073,42.3639267980001
1317,1230457,DICKERSON,WARREN,2017-12-13,13,12,2017,16,4,9,9,,4,0,,4,5,3,35,2,2,1,5,0,0,0,0,true,,false,false,true,false,false,,,,,,false,false,false,,,false,false,false,false,false,-82.96704,42.39251,"{
  ""coordinates"": [
    -8.296703949899999e+01,
    4.239250617300010e+01
  ],
  ""type"": ""Point""
}","{
  ""coordinates"": [
    -82.967039499,
    42.392506173
  ],
  ""type"": ""Point""
}",-82.967039499,42.3925061730001
1318,1225429,GRATIOT,MCCLELLAN,2017-12-13,13,12,2017,14,4,2,3,,1,2,,3,5,1,35,7,2,2,5,0,0,0,0,true,,false,false,false,false,false,,,,,,false,false,false,,,false,false,false,false,false,-83.00724,42.39009,"{
  ""coordinates"": [
    -8.300724410899990e+01,
    4.239008624600010e+01
  ],
  ""type"": ""Point""
}","{
  ""coordinates"": [
    -83.007244109,
    42.390086246
  ],
  ""type"": ""Point""
}",-83.0072441089999,42.3900862460001
1319,1238793,I-75,ROSA PARKS,2017-12-13,13,12,2017,12,4,1,1,,4,1,,4,5,1,55,3,1,1,5,0,0,0,0,true,,false,false,false,false,false,,,,,,false,false,false,,,false,false,false,false,false,-83.0731,42.33399,"{
  ""coordinates"": [
    -8.307310001400000e+01,
    4.233399080300010e+01
  ],
  ""type"": ""Point""
}","{
  ""coordinates"": [
    -83.073100014,
    42.333990803
  ],
  ""type"": ""Point""
}",-83.073100014,42.3339908030001
1320,1223816,MILWAUKEE,S M 10,2017-12-13,13,12,2017,8,4,4,3,,4,0,,2,1,1,35,2,2,2,4,0,0,0,1,false,,true,true,false,false,false,,,,,,false,false,false,,,false,false,false,false,false,-83.08101,42.36594,"{
  ""coordinates"": [
    -8.308100962100001e+01,
    4.236594454800010e+01
  ],
  ""type"": ""Point""
}","{
  ""coordinates"": [
    -83.081009621,
    42.365944548
  ],
  ""type"": ""Point""
}",-83.081009621,42.3659445480001
1321,1250685,SCHAEFER,PLYMOUTH,2017-12-13,13,12,2017,13,4,3,9,,4,0,,4,5,1,35,4,2,1,5,0,0,0,0,true,,false,false,true,false,false,,,,,,false,false,false,,,false,false,false,false,false,-83.17799,42.37304,"{
  ""coordinates"": [
    -8.317798868800000e+01,
    4.237304426800010e+01
  ],
  ""type"": ""Point""
}","{
  ""coordinates"": [
    -83.177988688,
    42.373044268
  ],
  ""type"": ""Point""
}",-83.177988688,42.3730442680001
1322,1225458,DAVISON,EWALD,2017-12-13,13,12,2017,12,4,5,3,,1,0,,3,5,1,35,3,2,1,5,0,0,0,0,true,,false,false,false,false,false,,,,,,false,false,true,,,false,false,false,false,false,-83.14521,42.38641,"{
  ""coordinates"": [
    -8.314520789400000e+01,
    4.238641474300000e+01
  ],
  ""type"": ""Point""
}","{
  ""coordinates"": [
    -83.145207894,
    42.386414743
  ],
  ""type"": ""Point""
}",-83.145207894,42.386414743
1323,1277238,I 75,WOODWARD,2017-12-13,13,12,2017,22,4,97,1,,1,0,,4,5,4,55,3,2,2,5,0,0,0,0,true,,false,false,false,false,false,,,,,,false,true,false,,,false,false,false,false,false,-83.05249,42.33998,"{
  ""coordinates"": [
    -8.305248760200000e+01,
    4.233998551400000e+01
  ],
  ""type"": ""Point""
}","{
  ""coordinates"": [
    -83.052487602,
    42.339985514
  ],
  ""type"": ""Point""
}",-83.052487602,42.339985514
1324,1225414,SUSSEX,TYLER,2017-12-13,13,12,2017,8,4,4,9,,,0,,4,5,1,25,2,2,2,5,0,0,0,0,true,,false,false,false,false,false,,,,,,false,false,false,,,false,false,false,false,false,-83.1946,42.38387,"{
  ""coordinates"": [
    -8.319460517700000e+01,
    4.238387008100010e+01
  ],
  ""type"": ""Point""
}","{
  ""coordinates"": [
    -83.194605177,
    42.383870081
  ],
  ""type"": ""Point""
}",-83.194605177,42.3838700810001
1325,1230467,BARHAM,LOZIER,2017-12-13,13,12,2017,17,4,3,9,,,0,,4,8,5,25,2,2,3,5,0,0,0,0,true,,false,false,true,false,false,,,,,,false,false,false,,,false,false,false,false,false,-82.94547,42.39122,"{
  ""coordinates"": [
    -8.294546386400000e+01,
    4.239121928300010e+01
  ],
  ""type"": ""Point""
}","{
  ""coordinates"": [
    -82.945463864,
    42.391219283
  ],
  ""type"": ""Point""
}",-82.945463864,42.3912192830001
1326,1225471,CLIFF,VARJO,2017-12-13,13,12,2017,2,4,4,9,,,0,,3,5,1,25,2,2,3,5,0,0,0,0,true,,false,false,true,false,false,,,,,,false,false,false,,,false,false,false,false,false,-83.02811,42.42558,"{
  ""coordinates"": [
    -8.302810350199999e+01,
    4.242557740900000e+01
  ],
  ""type"": ""Point""
}","{
  ""coordinates"": [
    -83.028103502,
    42.425577409
  ],
  ""type"": ""Point""
}",-83.028103502,42.425577409
1327,1232111,DAVISON,KENTFIELD,2017-12-13,13,12,2017,15,4,8,9,,,0,,4,5,1,0,3,2,1,5,0,0,0,0,true,,false,false,true,false,false,,,,,,false,false,false,,,false,false,false,false,false,-83.23979,42.3839,"{
  ""coordinates"": [
    -8.323979537299989e+01,
    4.238389527100000e+01
  ],
  ""type"": ""Point""
}","{
  ""coordinates"": [
    -83.239795373,
    42.383895271
  ],
  ""type"": ""Point""
}",-83.2397953729999,42.383895271
1328,1234541,GRAND,MACK,2017-12-13,13,12,2017,15,4,4,9,,4,0,,4,5,1,0,3,2,2,5,0,0,0,0,true,,false,false,false,false,false,,,,,,false,false,false,,,false,false,false,false,false,-83.01295,42.36425,"{
  ""coordinates"": [
    -8.301295141999999e+01,
    4.236425178700010e+01
  ],
  ""type"": ""Point""
}","{
  ""coordinates"": [
    -83.01295142,
    42.364251787
  ],
  ""type"": ""Point""
}",-83.01295142,42.3642517870001
1329,1234556,GRAND RIVER,OUTER,2017-12-13,13,12,2017,11,4,5,3,,1,0,,4,5,1,25,1,2,2,5,0,0,0,0,true,,false,false,false,false,false,,,,,,false,true,false,,,false,false,false,false,false,-83.23229,42.40634,"{
  ""coordinates"": [
    -8.323229353799999e+01,
    4.240633808000010e+01
  ],
  ""type"": ""Point""
}","{
  ""coordinates"": [
    -83.232293538,
    42.40633808
  ],
  ""type"": ""Point""
}",-83.232293538,42.4063380800001
1330,1228261,I-96,LIVERNOIS,2017-12-13,13,12,2017,6,4,5,1,,1,0,,4,5,4,55,3,3,1,5,0,0,0,0,true,,false,false,true,false,false,,,,,,false,false,false,,,false,false,false,false,false,-83.14349,42.36927,"{
  ""coordinates"": [
    -8.314348791899990e+01,
    4.236926511800000e+01
  ],
  ""type"": ""Point""
}","{
  ""coordinates"": [
    -83.143487919,
    42.369265118
  ],
  ""type"": ""Point""
}",-83.1434879189999,42.369265118
1331,1246869,N M 39,FORD,2017-12-13,13,12,2017,16,4,5,3,,1,0,,4,5,1,35,2,2,1,5,0,0,0,0,true,,false,false,true,false,false,,,,,,false,false,false,,,false,false,false,false,false,-83.2156,42.32937,"{
  ""coordinates"": [
    -8.321559735999990e+01,
    4.232936776500000e+01
  ],
  ""type"": ""Point""
}","{
  ""coordinates"": [
    -83.21559736,
    42.329367765
  ],
  ""type"": ""Point""
}",-83.2155973599999,42.329367765
1332,1230745,GRANDRIVER,WOODSIDE,2017-12-13,13,12,2017,19,4,5,3,,1,0,,4,5,4,35,3,2,4,4,0,0,0,1,false,,false,false,false,false,false,,,,,,false,false,false,,,false,false,false,false,false,-83.13663,42.3678,"{
  ""coordinates"": [
    -8.313663070099990e+01,
    4.236779723900000e+01
  ],
  ""type"": ""Point""
}","{
  ""coordinates"": [
    -83.136630701,
    42.367797239
  ],
  ""type"": ""Point""
}",-83.1366307009999,42.367797239
1333,1225443,OUTER,ROSEBERRY,2017-12-13,13,12,2017,18,4,5,9,,2,0,,4,5,4,30,3,2,1,5,0,0,0,0,true,,false,false,false,false,false,,,,,,false,false,false,,,false,false,false,false,false,-82.9872,42.40921,"{
  ""coordinates"": [
    -8.298719455400000e+01,
    4.240921475900010e+01
  ],
  ""type"": ""Point""
}","{
  ""coordinates"": [
    -82.987194554,
    42.409214759
  ],
  ""type"": ""Point""
}",-82.987194554,42.4092147590001
1334,1273883,RAMP 105B,M-10,2017-12-13,13,12,2017,13,4,1,3,,1,1,,4,5,1,55,1,1,2,5,0,0,0,0,true,,false,false,false,false,false,,,,,,false,false,true,,,false,false,false,false,false,-83.15813,42.40471,"{
  ""coordinates"": [
    -8.315812549000000e+01,
    4.240471326700000e+01
  ],
  ""type"": ""Point""
}","{
  ""coordinates"": [
    -83.15812549,
    42.404713267
  ],
  ""type"": ""Point""
}",-83.15812549,42.404713267
1335,1238777,I-75,WATERMAN,2017-12-13,13,12,2017,7,4,5,1,,1,0,,1,2,4,55,1,2,2,5,0,0,0,0,true,,false,false,false,false,false,,,,,,false,false,true,,,false,false,false,false,false,-83.10743,42.30631,"{
  ""coordinates"": [
    -8.310742831399990e+01,
    4.230630871900010e+01
  ],
  ""type"": ""Point""
}","{
  ""coordinates"": [
    -83.107428314,
    42.306308719
  ],
  ""type"": ""Point""
}",-83.1074283139999,42.3063087190001
1336,1238745,I-75,STATE FAIR,2017-12-13,13,12,2017,15,4,8,1,,1,0,,4,4,1,70,4,2,2,5,0,0,0,0,true,,false,false,false,false,false,,,,,,false,true,false,,,false,false,false,false,false,-83.0952,42.44003,"{
  ""coordinates"": [
    -8.309519778000001e+01,
    4.244003246700000e+01
  ],
  ""type"": ""Point""
}","{
  ""coordinates"": [
    -83.09519778,
    42.440032467
  ],
  ""type"": ""Point""
}",-83.09519778,42.440032467
1337,1230459,OUTER,AUDUBON,2017-12-13,13,12,2017,18,4,4,9,,2,0,,3,5,4,30,2,2,4,4,0,0,0,2,false,,false,false,false,false,false,,,,,,false,false,true,,,false,false,false,false,false,-82.94102,42.40799,"{
  ""coordinates"": [
    -8.294102246400000e+01,
    4.240798936800010e+01
  ],
  ""type"": ""Point""
}","{
  ""coordinates"": [
    -82.941022464,
    42.407989368
  ],
  ""type"": ""Point""
}",-82.941022464,42.4079893680001
1338,1225431,FENKELL,RIVERVIEW,2017-12-13,13,12,2017,13,4,1,9,,2,0,,4,8,1,35,4,1,1,5,0,0,0,0,true,,false,false,false,false,false,,,,,,false,false,false,,,false,false,false,false,false,-83.27367,42.4001,"{
  ""coordinates"": [
    -8.327367527599991e+01,
    4.240010041200000e+01
  ],
  ""type"": ""Point""
}","{
  ""coordinates"": [
    -83.273675276,
    42.400100412
  ],
  ""type"": ""Point""
}",-83.2736752759999,42.400100412
1339,1228263,MAINE,JEROME,2017-12-13,13,12,2017,4,4,4,9,,,0,,3,5,1,25,2,2,1,5,0,0,0,0,true,,false,false,true,false,false,,,,,,false,false,false,,,false,false,false,false,false,-83.07529,42.42136,"{
  ""coordinates"": [
    -8.307529160099990e+01,
    4.242135856700000e+01
  ],
  ""type"": ""Point""
}","{
  ""coordinates"": [
    -83.075291601,
    42.421358567
  ],
  ""type"": ""Point""
}",-83.0752916009999,42.421358567
1340,1228243,ROHNS,WARREN,2017-12-13,13,12,2017,7,4,8,9,,,0,,3,2,1,30,2,2,2,5,0,0,0,0,true,,false,false,false,false,false,,,,,,false,false,false,,,false,false,false,false,false,-83.00337,42.37965,"{
  ""coordinates"": [
    -8.300336865900000e+01,
    4.237964974600000e+01
  ],
  ""type"": ""Point""
}","{
  ""coordinates"": [
    -83.003368659,
    42.379649746
  ],
  ""type"": ""Point""
}",-83.003368659,42.379649746
1341,1238902,ARTESIAN,SCHOOLCRAFT,2017-12-13,13,12,2017,17,4,1,9,,,1,,1,2,1,0,1,1,1,5,0,0,0,0,true,,false,false,false,false,false,,,,,,false,false,false,,,false,false,false,false,false,-83.22716,42.38644,"{
  ""coordinates"": [
    -8.322716107799990e+01,
    4.238644539100010e+01
  ],
  ""type"": ""Point""
}","{
  ""coordinates"": [
    -83.227161078,
    42.386445391
  ],
  ""type"": ""Point""
}",-83.2271610779999,42.3864453910001
1342,1238757,N/B M 39,WAARREN,2017-12-13,13,12,2017,7,4,5,3,,1,0,,1,2,1,55,3,2,2,4,0,0,0,1,false,,false,false,false,false,false,,,,,,false,false,false,,,false,false,false,false,false,-83.21603,42.34048,"{
  ""coordinates"": [
    -8.321603005100000e+01,
    4.234048607400010e+01
  ],
  ""type"": ""Point""
}","{
  ""coordinates"": [
    -83.216030051,
    42.340486074
  ],
  ""type"": ""Point""
}",-83.216030051,42.3404860740001
1343,1223916,8 MILE,CANADIAN NATIONAL RAILWAY,2017-12-13,13,12,2017,1,4,5,3,,1,0,,1,2,4,45,4,2,3,4,0,0,0,2,false,,false,false,false,false,false,,,,,,false,false,false,,,false,false,false,false,false,-83.00565,42.44881,"{
  ""coordinates"": [
    -8.300564712800001e+01,
    4.244880726800010e+01
  ],
  ""type"": ""Point""
}","{
  ""coordinates"": [
    -83.005647128,
    42.448807268
  ],
  ""type"": ""Point""
}",-83.005647128,42.4488072680001
1344,1225474,CHARLES,MOENART,2017-12-13,13,12,2017,7,4,97,9,,4,0,,3,5,1,30,4,2,2,5,0,0,0,0,true,,false,false,false,false,false,,,,,,false,false,false,,,false,false,false,false,false,-83.0491,42.41174,"{
  ""coordinates"": [
    -8.304910177600000e+01,
    4.241174396200010e+01
  ],
  ""type"": ""Point""
}","{
  ""coordinates"": [
    -83.049101776,
    42.411743962
  ],
  ""type"": ""Point""
}",-83.049101776,42.4117439620001
1345,1223901,PORTLANCE,SIMMS,2017-12-13,13,12,2017,6,4,9,9,,,2,,3,2,2,25,1,2,4,4,0,0,0,1,false,,false,false,false,false,false,,,,,,false,false,false,,,false,false,false,false,false,-83.0078,42.41858,"{
  ""coordinates"": [
    -8.300780440400000e+01,
    4.241857402100000e+01
  ],
  ""type"": ""Point""
}","{
  ""coordinates"": [
    -83.007804404,
    42.418574021
  ],
  ""type"": ""Point""
}",-83.007804404,42.418574021
1346,1225422,TIREMAN,FAUST,2017-12-13,13,12,2017,16,4,4,9,,4,0,,4,5,1,25,2,2,3,5,0,0,0,0,true,,true,false,false,false,false,,,,,,false,true,false,,,false,false,false,false,false,-83.22106,42.35056,"{
  ""coordinates"": [
    -8.322106350099990e+01,
    4.235055421500000e+01
  ],
  ""type"": ""Point""
}","{
  ""coordinates"": [
    -83.221063501,
    42.350554215
  ],
  ""type"": ""Point""
}",-83.2210635009999,42.350554215
1347,1225426,EVERGREEN,E I 96,2017-12-13,13,12,2017,15,4,8,9,,4,0,,4,5,1,35,5,2,1,4,0,0,0,1,false,,false,false,false,false,false,,,,,,false,false,false,,,false,false,false,false,false,-83.23665,42.38037,"{
  ""coordinates"": [
    -8.323664525700001e+01,
    4.238036545100000e+01
  ],
  ""type"": ""Point""
}","{
  ""coordinates"": [
    -83.236645257,
    42.380365451
  ],
  ""type"": ""Point""
}",-83.236645257,42.380365451
1348,1235719,LIVERNOIS,S M 10,2017-12-13,13,12,2017,16,4,6,9,,4,0,,4,8,1,35,4,2,2,5,0,0,0,0,true,,false,false,false,false,false,,,,,,false,false,true,,,false,false,false,false,false,-83.14022,42.40473,"{
  ""coordinates"": [
    -8.314022064100000e+01,
    4.240472830200010e+01
  ],
  ""type"": ""Point""
}","{
  ""coordinates"": [
    -83.140220641,
    42.404728302
  ],
  ""type"": ""Point""
}",-83.140220641,42.4047283020001
1349,1225461,HAZELWOOD,WOODWARD,2017-12-13,13,12,2017,8,4,9,3,,,0,,4,5,1,25,1,2,1,5,0,0,0,0,true,,false,false,true,false,false,,,,,,false,false,false,,,false,false,false,false,false,-83.08083,42.38118,"{
  ""coordinates"": [
    -8.308082565399999e+01,
    4.238117966400010e+01
  ],
  ""type"": ""Point""
}","{
  ""coordinates"": [
    -83.080825654,
    42.381179664
  ],
  ""type"": ""Point""
}",-83.080825654,42.3811796640001
1350,1246021,ROSSITER,MORANG,2017-12-13,13,12,2017,2,4,1,9,,,0,,4,1,4,25,2,1,0,5,0,0,0,0,true,,false,false,true,false,false,,,,,,false,false,false,,,false,false,false,false,false,-82.94886,42.42573,"{
  ""coordinates"": [
    -8.294886383999990e+01,
    4.242573312400000e+01
  ],
  ""type"": ""Point""
}","{
  ""coordinates"": [
    -82.94886384,
    42.425733124
  ],
  ""type"": ""Point""
}",-82.9488638399999,42.425733124
1351,1228232,I-75 SERVICE,FORT,2017-12-13,13,12,2017,3,4,4,3,,4,0,,2,5,5,35,2,2,3,5,0,0,0,0,true,,false,false,true,false,false,,,,,,false,true,false,,,false,false,false,false,false,-83.12453,42.29814,"{
  ""coordinates"": [
    -8.312453763100000e+01,
    4.229814231100000e+01
  ],
  ""type"": ""Point""
}","{
  ""coordinates"": [
    -83.124537631,
    42.298142311
  ],
  ""type"": ""Point""
}",-83.124537631,42.298142311
1352,1225439,GRATIOT,FINDLAY,2017-12-13,13,12,2017,7,4,9,3,,1,2,,1,2,2,35,7,3,4,4,0,0,0,3,false,,false,false,false,false,false,,,,,,false,false,true,,,false,false,false,false,false,-82.98956,42.41705,"{
  ""coordinates"": [
    -8.298955433200000e+01,
    4.241704379800010e+01
  ],
  ""type"": ""Point""
}","{
  ""coordinates"": [
    -82.989554332,
    42.417043798
  ],
  ""type"": ""Point""
}",-82.989554332,42.4170437980001
1353,1228237,GRAND RIVER,ASHTON,2017-12-13,13,12,2017,5,4,5,3,,1,0,,1,1,1,30,4,2,1,5,0,0,0,0,true,,false,false,true,false,false,,,,,,false,false,true,,,false,false,false,false,false,-83.21922,42.40107,"{
  ""coordinates"": [
    -8.321921596200001e+01,
    4.240107232500000e+01
  ],
  ""type"": ""Point""
}","{
  ""coordinates"": [
    -83.219215962,
    42.401072325
  ],
  ""type"": ""Point""
}",-83.219215962,42.401072325
1354,1250652,I 94 E/B,CHENE,2017-12-13,13,12,2017,4,4,1,1,,1,1,,3,1,5,70,4,1,1,5,0,0,0,0,true,,false,false,false,false,false,,,,,,false,false,false,,,false,false,false,false,false,-83.04804,42.37371,"{
  ""coordinates"": [
    -8.304804168500000e+01,
    4.237371052000000e+01
  ],
  ""type"": ""Point""
}","{
  ""coordinates"": [
    -83.048041685,
    42.37371052
  ],
  ""type"": ""Point""
}",-83.048041685,42.37371052
1355,1225454,SECOND,BURLINGAME,2017-12-13,13,12,2017,15,4,4,9,,4,0,,3,5,1,30,2,2,2,5,0,0,0,0,true,,false,false,true,false,false,,,,,,false,false,false,,,false,false,false,false,false,-83.09087,42.3908,"{
  ""coordinates"": [
    -8.309087025600000e+01,
    4.239080013700000e+01
  ],
  ""type"": ""Point""
}","{
  ""coordinates"": [
    -83.090870256,
    42.390800137
  ],
  ""type"": ""Point""
}",-83.090870256,42.390800137
1356,1225378,S M 10,WYOMING,2017-12-13,13,12,2017,12,4,1,3,,1,1,,4,5,1,55,3,1,1,5,0,0,0,0,true,,false,false,false,false,false,,,,,,false,false,true,,,false,false,false,false,false,-83.16014,42.40529,"{
  ""coordinates"": [
    -8.316014288299991e+01,
    4.240528988200000e+01
  ],
  ""type"": ""Point""
}","{
  ""coordinates"": [
    -83.160142883,
    42.405289882
  ],
  ""type"": ""Point""
}",-83.1601428829999,42.405289882
1357,1223782,I-75,M-8,2017-12-12,12,12,2017,6,3,1,1,,1,1,,4,5,2,70,4,1,1,5,0,0,0,0,true,,false,false,false,false,false,,,,,,false,false,true,,,false,false,false,false,false,-83.07265,42.40358,"{
  ""coordinates"": [
    -8.307265561000000e+01,
    4.240357410400000e+01
  ],
  ""type"": ""Point""
}","{
  ""coordinates"": [
    -83.07265561,
    42.403574104
  ],
  ""type"": ""Point""
}",-83.07265561,42.403574104
1358,1223812,HARPER,BEAUBIEN,2017-12-12,12,12,2017,9,3,4,9,,,0,,4,5,1,35,4,2,2,4,0,0,0,1,false,,false,false,false,false,false,,,,,,false,true,false,,,false,false,false,false,false,-83.06416,42.36752,"{
  ""coordinates"": [
    -8.306415706600001e+01,
    4.236751376900000e+01
  ],
  ""type"": ""Point""
}","{
  ""coordinates"": [
    -83.064157066,
    42.367513769
  ],
  ""type"": ""Point""
}",-83.064157066,42.367513769
1359,1228221,SCHAEFER,ORANGELAWN,2017-12-12,12,12,2017,10,3,4,9,,4,0,,4,1,1,30,2,2,1,5,0,0,0,0,true,,false,false,true,false,false,,,,,,false,true,false,,,false,false,false,false,false,-83.17781,42.36829,"{
  ""coordinates"": [
    -8.317781233499990e+01,
    4.236828982500000e+01
  ],
  ""type"": ""Point""
}","{
  ""coordinates"": [
    -83.177812335,
    42.368289825
  ],
  ""type"": ""Point""
}",-83.1778123349999,42.368289825
1360,1238914,WYOMING,MCNICHOLS,2017-12-12,12,12,2017,8,3,5,9,,4,0,,4,8,1,35,2,2,2,5,0,0,0,0,true,,false,false,false,false,false,,,,,,false,false,false,,,false,false,false,false,false,-83.16032,42.41688,"{
  ""coordinates"": [
    -8.316031679299989e+01,
    4.241688034800010e+01
  ],
  ""type"": ""Point""
}","{
  ""coordinates"": [
    -83.160316793,
    42.416880348
  ],
  ""type"": ""Point""
}",-83.1603167929999,42.4168803480001
1361,1223864,CHENE,CANFIELD,2017-12-12,12,12,2017,7,3,4,9,,4,0,,4,2,1,30,2,2,2,4,0,0,0,1,false,,false,false,true,false,false,,,,,,false,false,false,,,false,false,false,false,false,-83.03799,42.36148,"{
  ""coordinates"": [
    -8.303798973600000e+01,
    4.236148319100000e+01
  ],
  ""type"": ""Point""
}","{
  ""coordinates"": [
    -83.037989736,
    42.361483191
  ],
  ""type"": ""Point""
}",-83.037989736,42.361483191
1362,1223799,I-75,VERNOR,2017-12-12,12,12,2017,11,3,8,1,,1,0,,2,1,1,55,4,2,2,5,0,0,0,0,true,,false,false,false,false,false,,,,,,false,false,false,,,false,false,false,false,false,-83.08195,42.32175,"{
  ""coordinates"": [
    -8.308195342999990e+01,
    4.232175343100000e+01
  ],
  ""type"": ""Point""
}","{
  ""coordinates"": [
    -83.08195343,
    42.321753431
  ],
  ""type"": ""Point""
}",-83.0819534299999,42.321753431
1363,1223844,E I 96 CD,KENTFIELD,2017-12-12,12,12,2017,17,3,8,1,,1,0,,4,1,3,25,2,2,2,5,0,0,0,0,true,,false,false,true,false,false,,,,,,false,false,false,,,false,false,false,false,false,-83.2401,42.38286,"{
  ""coordinates"": [
    -8.324009424000000e+01,
    4.238286352900010e+01
  ],
  ""type"": ""Point""
}","{
  ""coordinates"": [
    -83.24009424,
    42.382863529
  ],
  ""type"": ""Point""
}",-83.24009424,42.3828635290001
1364,1223891,SCHOENHERR,BRINGARD,2017-12-12,12,12,2017,11,3,5,9,,4,0,,6,1,1,30,3,2,1,4,0,0,0,1,false,,false,false,true,false,false,,,,,,false,false,true,,,false,false,false,false,false,-82.98553,42.44591,"{
  ""coordinates"": [
    -8.298553500100000e+01,
    4.244590974000000e+01
  ],
  ""type"": ""Point""
}","{
  ""coordinates"": [
    -82.985535001,
    42.44590974
  ],
  ""type"": ""Point""
}",-82.985535001,42.44590974
1365,1250335,EB I-94,M-10,2017-12-12,12,12,2017,10,3,8,1,,1,0,,6,5,1,55,3,2,2,5,0,0,0,0,true,,false,false,false,false,false,,,,,,false,true,false,,,false,false,false,false,false,-83.07454,42.36,"{
  ""coordinates"": [
    -8.307454159299991e+01,
    4.236000632400000e+01
  ],
  ""type"": ""Point""
}","{
  ""coordinates"": [
    -83.074541593,
    42.360006324
  ],
  ""type"": ""Point""
}",-83.0745415929999,42.360006324
1366,1228242,GRATIOT,FISCHER,2017-12-12,12,12,2017,8,3,3,3,,1,0,,4,2,1,35,6,2,3,5,0,0,0,0,true,,false,false,true,false,false,,,,,,false,false,false,,,false,false,false,false,false,-83.01048,42.38519,"{
  ""coordinates"": [
    -8.301047569399999e+01,
    4.238519434100000e+01
  ],
  ""type"": ""Point""
}","{
  ""coordinates"": [
    -83.010475694,
    42.385194341
  ],
  ""type"": ""Point""
}",-83.010475694,42.385194341
1367,1230720,W I 96 SERVICE DRIVE,GRAND RIVER,2017-12-12,12,12,2017,13,3,8,1,,1,0,,1,2,1,70,4,2,2,4,0,0,0,1,false,,false,false,false,false,false,,,,,,false,false,false,,,false,false,false,false,false,-83.17678,42.38417,"{
  ""coordinates"": [
    -8.317677905799999e+01,
    4.238416841600010e+01
  ],
  ""type"": ""Point""
}","{
  ""coordinates"": [
    -83.176779058,
    42.384168416
  ],
  ""type"": ""Point""
}",-83.176779058,42.3841684160001
1368,1234633,FOREST,CASS,2017-12-12,12,12,2017,17,3,5,9,,4,0,,2,1,3,30,8,2,3,5,0,0,0,0,true,,false,false,true,false,false,,,,,,false,false,false,,,false,false,false,false,false,-83.06537,42.35374,"{
  ""coordinates"": [
    -8.306537095300000e+01,
    4.235374482300010e+01
  ],
  ""type"": ""Point""
}","{
  ""coordinates"": [
    -83.065370953,
    42.353744823
  ],
  ""type"": ""Point""
}",-83.065370953,42.3537448230001
1369,1223909,NEVADA,SHERWOOD,2017-12-12,12,12,2017,19,3,5,9,,4,0,,4,5,97,0,4,2,2,5,0,0,0,0,true,,false,false,false,false,false,,,,,,false,false,false,,,false,false,false,false,false,-83.03352,42.42653,"{
  ""coordinates"": [
    -8.303352377300000e+01,
    4.242653350800000e+01
  ],
  ""type"": ""Point""
}","{
  ""coordinates"": [
    -83.033523773,
    42.426533508
  ],
  ""type"": ""Point""
}",-83.033523773,42.426533508