ObjectId,Crash ID,Primary Road,Intersecting Road,Crash Date,Day,Month,Year,Hour,Weekday,Crash Type Code,Highway Classification Code,Community Code,Jurisdiction Code,Lane Departure Type Code,Surface Type,Road Condition,Weather Condition,Lighting Condition,Speed Limit,Lanes,Units,Occupants,Most Severe Injury,Fatal Injuries,Suspected Serious Injuries,Suspected Minor Injuries,Possible Injuries,Property Damage Only,Secondary Crash,Traffic Control,Red Light Run,Hit and Run,Alcohol,Drugs,Unbelted Person,Work Zone,Speeding Driver,Distracted Driver,Driveway,Pedestrian,Elderly Driver,Young Driver,Commercial Vehicle,Emergency Vehicles,Train,School Bus,Motorcycle,Bicycle,Deer,Longitude,Latitude,geom,geog,x,y
1370,1223898,GRATIOT,CONNER,2017-12-12,12,12,2017,8,3,5,3,,1,0,,4,1,1,35,7,2,2,5,0,0,0,0,true,,false,false,false,false,false,,,,,,false,false,false,,,false,false,false,false,false,-82.99734,42.40516,"{
  ""coordinates"": [
    -8.299733554800000e+01,
    4.240516444500000e+01
  ],
  ""type"": ""Point""
}","{
  ""coordinates"": [
    -82.997335548,
    42.405164445
  ],
  ""type"": ""Point""
}",-82.997335548,42.405164445
1371,1230717,N/B M 10,7 MILE,2017-12-12,12,12,2017,9,3,1,3,,1,1,,2,1,1,55,3,1,1,3,0,0,1,0,false,,false,false,false,false,false,,,,,,false,true,false,,,false,false,false,false,false,-83.18687,42.43077,"{
  ""coordinates"": [
    -8.318686938000000e+01,
    4.243076940800010e+01
  ],
  ""type"": ""Point""
}","{
  ""coordinates"": [
    -83.18686938,
    42.430769408
  ],
  ""type"": ""Point""
}",-83.18686938,42.4307694080001
1372,1223897,MCKINNEY,MOROSS,2017-12-12,12,12,2017,15,3,1,9,,,1,,6,8,1,25,1,1,1,5,0,0,0,0,true,,false,false,false,false,false,,,,,,false,false,true,,,false,false,false,false,false,-82.93887,42.42634,"{
  ""coordinates"": [
    -8.293887481300000e+01,
    4.242634250400000e+01
  ],
  ""type"": ""Point""
}","{
  ""coordinates"": [
    -82.938874813,
    42.426342504
  ],
  ""type"": ""Point""
}",-82.938874813,42.426342504
1373,1223808,GREENFIELD,CHICAGO,2017-12-12,12,12,2017,13,3,8,9,,2,0,,6,2,1,35,4,2,4,4,0,0,0,1,false,,false,false,false,false,false,,,,,,false,false,true,,,false,false,false,false,false,-83.1973,42.36592,"{
  ""coordinates"": [
    -8.319729333500000e+01,
    4.236592354700010e+01
  ],
  ""type"": ""Point""
}","{
  ""coordinates"": [
    -83.197293335,
    42.365923547
  ],
  ""type"": ""Point""
}",-83.197293335,42.3659235470001
1374,1228222,GREENFIELD,CHICAGO,2017-12-12,12,12,2017,23,3,97,9,,2,0,,4,5,4,35,5,2,1,5,0,0,0,0,true,,false,false,false,false,false,,,,,,false,false,true,,,false,false,false,false,false,-83.19728,42.36537,"{
  ""coordinates"": [
    -8.319728154200000e+01,
    4.236537157500000e+01
  ],
  ""type"": ""Point""
}","{
  ""coordinates"": [
    -83.197281542,
    42.365371575
  ],
  ""type"": ""Point""
}",-83.197281542,42.365371575
1375,1223822,MILWAUKEE,S M 10,2017-12-12,12,12,2017,10,3,98,3,,4,0,,6,8,1,0,3,3,3,5,0,0,0,0,true,,true,true,false,false,false,,,,,,false,false,false,,,false,false,false,false,false,-83.08106,42.36592,"{
  ""coordinates"": [
    -8.308106006299990e+01,
    4.236592573800000e+01
  ],
  ""type"": ""Point""
}","{
  ""coordinates"": [
    -83.081060063,
    42.365925738
  ],
  ""type"": ""Point""
}",-83.0810600629999,42.365925738
1376,1223805,TRACEY,CHALFONTE,2017-12-12,12,12,2017,15,3,1,9,,,1,,4,1,1,25,2,1,1,4,0,0,0,1,false,,false,false,false,false,false,,,,,,false,false,true,,,false,false,false,false,false,-83.18009,42.39993,"{
  ""coordinates"": [
    -8.318009311299990e+01,
    4.239993237400010e+01
  ],
  ""type"": ""Point""
}","{
  ""coordinates"": [
    -83.180093113,
    42.399932374
  ],
  ""type"": ""Point""
}",-83.1800931129999,42.3999323740001
1377,1223865,GEORGIA,ST CYRIL,2017-12-12,12,12,2017,13,3,10,9,,4,0,,6,1,1,25,2,2,3,5,0,0,0,0,true,,false,false,false,false,false,,,,,,false,false,true,,,false,false,false,false,false,-83.02841,42.3936,"{
  ""coordinates"": [
    -8.302841270300000e+01,
    4.239360212300010e+01
  ],
  ""type"": ""Point""
}","{
  ""coordinates"": [
    -83.028412703,
    42.393602123
  ],
  ""type"": ""Point""
}",-83.028412703,42.3936021230001
1378,1223913,CHARLES,BLOOM,2017-12-12,12,12,2017,15,3,4,9,,4,0,,3,5,1,30,2,2,2,5,0,0,0,0,true,,false,false,false,false,false,,,,,,false,false,false,,,false,false,false,false,false,-83.04845,42.41176,"{
  ""coordinates"": [
    -8.304844991999990e+01,
    4.241175890300010e+01
  ],
  ""type"": ""Point""
}","{
  ""coordinates"": [
    -83.04844992,
    42.411758903
  ],
  ""type"": ""Point""
}",-83.0484499199999,42.4117589030001
1379,1223811,GREENFIELD,GROVE,2017-12-12,12,12,2017,12,3,4,9,,2,0,,3,5,1,35,4,2,1,5,0,0,0,0,true,,false,false,false,false,false,,,,,,false,false,false,,,false,false,false,false,false,-83.19923,42.4142,"{
  ""coordinates"": [
    -8.319923671299991e+01,
    4.241420077500000e+01
  ],
  ""type"": ""Point""
}","{
  ""coordinates"": [
    -83.199236713,
    42.414200775
  ],
  ""type"": ""Point""
}",-83.1992367129999,42.414200775
1380,1234563,7 MILE,SAINT MARYS,2017-12-12,12,12,2017,6,3,4,9,,2,0,,4,5,3,25,4,2,3,5,0,0,0,0,true,,false,false,false,false,false,,,,,,false,false,false,,,false,false,false,false,false,-83.20726,42.43032,"{
  ""coordinates"": [
    -8.320726215400001e+01,
    4.243032010500010e+01
  ],
  ""type"": ""Point""
}","{
  ""coordinates"": [
    -83.207262154,
    42.430320105
  ],
  ""type"": ""Point""
}",-83.207262154,42.4303201050001
1381,1223814,1351 SPRUCE,BROOKLYN,2017-12-12,12,12,2017,9,3,10,9,,,0,,4,5,1,25,2,2,2,5,0,0,0,0,true,,false,false,false,false,false,,,,,,false,false,false,,,false,false,false,false,false,-83.06697,42.33729,"{
  ""coordinates"": [
    -8.306697249500000e+01,
    4.233729329000000e+01
  ],
  ""type"": ""Point""
}","{
  ""coordinates"": [
    -83.066972495,
    42.33729329
  ],
  ""type"": ""Point""
}",-83.066972495,42.33729329
1382,1225440,7 MILE,HAYES,2017-12-12,12,12,2017,16,3,4,9,,2,0,,2,2,1,30,5,2,3,3,0,0,2,0,false,,true,true,false,false,false,,,,,,false,true,true,,,false,false,false,false,false,-82.96547,42.43543,"{
  ""coordinates"": [
    -8.296546658800000e+01,
    4.243542984100000e+01
  ],
  ""type"": ""Point""
}","{
  ""coordinates"": [
    -82.965466588,
    42.435429841
  ],
  ""type"": ""Point""
}",-82.965466588,42.435429841
1383,1223845,ANN ARBOR,WARREN,2017-12-12,12,12,2017,10,3,5,9,,4,0,,2,1,1,35,2,2,2,5,0,0,0,0,true,,false,false,false,false,false,,,,,,false,false,false,,,false,false,false,false,false,-83.26234,42.34192,"{
  ""coordinates"": [
    -8.326233488100000e+01,
    4.234192290200010e+01
  ],
  ""type"": ""Point""
}","{
  ""coordinates"": [
    -83.262334881,
    42.341922902
  ],
  ""type"": ""Point""
}",-83.262334881,42.3419229020001
1384,1250649,N I 75,ROSA PARKS,2017-12-12,12,12,2017,1,3,1,1,,1,1,,3,5,5,70,3,1,1,5,0,0,0,0,true,,false,false,false,false,false,,,,,,false,false,false,,,false,false,false,false,false,-83.07312,42.33326,"{
  ""coordinates"": [
    -8.307312273900000e+01,
    4.233326041200010e+01
  ],
  ""type"": ""Point""
}","{
  ""coordinates"": [
    -83.073122739,
    42.333260412
  ],
  ""type"": ""Point""
}",-83.073122739,42.3332604120001
1385,1284680,MCNICHOLS,PRAIRIE,2017-12-12,12,12,2017,20,3,97,9,,4,0,,6,5,4,30,2,3,4,3,0,0,1,1,false,,false,false,true,false,false,,,,,,false,false,false,,,false,false,false,false,false,-83.14516,42.41714,"{
  ""coordinates"": [
    -8.314515669699990e+01,
    4.241713968500010e+01
  ],
  ""type"": ""Point""
}","{
  ""coordinates"": [
    -83.145156697,
    42.417139685
  ],
  ""type"": ""Point""
}",-83.1451566969999,42.4171396850001
1386,1269989,LIVERNOIS,FLORENCE,2017-12-12,12,12,2017,9,3,4,9,,4,0,,98,1,1,0,3,2,1,5,0,0,0,0,true,,false,false,false,false,false,,,,,,false,false,true,,,false,false,false,false,false,-83.14052,42.4125,"{
  ""coordinates"": [
    -8.314051749100000e+01,
    4.241250153800010e+01
  ],
  ""type"": ""Point""
}","{
  ""coordinates"": [
    -83.140517491,
    42.412501538
  ],
  ""type"": ""Point""
}",-83.140517491,42.4125015380001
1387,1223862,GRATIOT,CHENE,2017-12-12,12,12,2017,16,3,97,3,,1,0,,4,1,1,35,6,3,4,5,0,0,0,0,true,,true,true,false,false,false,,,,,,false,false,true,,,false,false,false,false,false,-83.03207,42.35245,"{
  ""coordinates"": [
    -8.303207614900001e+01,
    4.235244916500010e+01
  ],
  ""type"": ""Point""
}","{
  ""coordinates"": [
    -83.032076149,
    42.352449165
  ],
  ""type"": ""Point""
}",-83.032076149,42.3524491650001
1388,1223826,GRATIOT,8 MILE,2017-12-12,12,12,2017,8,3,8,3,,1,0,,4,5,1,45,3,3,1,5,0,0,0,0,true,,false,false,true,false,false,,,,,,false,false,true,,,false,false,false,false,false,-82.9682,42.44944,"{
  ""coordinates"": [
    -8.296820396699999e+01,
    4.244944226200000e+01
  ],
  ""type"": ""Point""
}","{
  ""coordinates"": [
    -82.968203967,
    42.449442262
  ],
  ""type"": ""Point""
}",-82.968203967,42.449442262
1389,1230458,CANYON,WARREN,2017-12-12,12,12,2017,10,3,4,9,,,0,,4,5,1,30,3,2,2,5,0,0,0,0,true,,false,false,false,false,false,,,,,,false,true,false,,,false,false,false,false,false,-82.91523,42.41145,"{
  ""coordinates"": [
    -8.291523097600000e+01,
    4.241144641300010e+01
  ],
  ""type"": ""Point""
}","{
  ""coordinates"": [
    -82.915230976,
    42.411446413
  ],
  ""type"": ""Point""
}",-82.915230976,42.4114464130001
1390,1284601,WARREN,LAKEWOOD,2017-12-12,12,12,2017,8,3,3,9,,4,0,,4,1,1,25,2,2,3,5,0,0,0,0,true,,false,false,true,false,false,,,,,,false,true,false,,,false,false,false,false,false,-82.96011,42.395,"{
  ""coordinates"": [
    -8.296010535200000e+01,
    4.239500153800000e+01
  ],
  ""type"": ""Point""
}","{
  ""coordinates"": [
    -82.960105352,
    42.395001538
  ],
  ""type"": ""Point""
}",-82.960105352,42.395001538
1391,1305098,RAMP 041C,N I 75,2017-12-12,12,12,2017,21,3,5,7,,1,0,,3,1,4,55,3,2,3,3,0,0,1,0,false,,false,false,true,true,false,,,,,,false,false,true,,,false,false,false,false,false,-83.04641,42.34224,"{
  ""coordinates"": [
    -8.304640762699999e+01,
    4.234224463000000e+01
  ],
  ""type"": ""Point""
}","{
  ""coordinates"": [
    -83.046407627,
    42.34224463
  ],
  ""type"": ""Point""
}",-83.046407627,42.34224463
1392,1261602,HARPER,FRENCH,2017-12-12,12,12,2017,10,3,5,9,,4,0,,4,5,1,30,4,2,1,5,0,0,0,0,true,,false,false,true,false,false,,,,,,false,false,false,,,false,false,false,false,false,-82.99723,42.39478,"{
  ""coordinates"": [
    -8.299722678099990e+01,
    4.239478216100010e+01
  ],
  ""type"": ""Point""
}","{
  ""coordinates"": [
    -82.997226781,
    42.394782161
  ],
  ""type"": ""Point""
}",-82.9972267809999,42.3947821610001
1393,1225451,OUTER,RUTHERFORD,2017-12-12,12,12,2017,5,3,4,9,,2,0,,2,5,4,30,2,2,1,5,0,0,0,0,true,,false,false,true,false,false,,,,,,false,false,false,,,false,false,false,false,false,-83.20485,42.41956,"{
  ""coordinates"": [
    -8.320485006000000e+01,
    4.241955950100000e+01
  ],
  ""type"": ""Point""
}","{
  ""coordinates"": [
    -83.20485006,
    42.419559501
  ],
  ""type"": ""Point""
}",-83.20485006,42.419559501
1394,1230465,HAVERHILL,CORNWALL,2017-12-12,12,12,2017,11,3,97,9,,,0,,4,5,5,25,1,1,2,5,0,0,0,0,true,,false,false,true,false,false,,,,,,false,false,false,,,false,false,false,false,false,-82.9416,42.39937,"{
  ""coordinates"": [
    -8.294159709500001e+01,
    4.239936748100010e+01
  ],
  ""type"": ""Point""
}","{
  ""coordinates"": [
    -82.941597095,
    42.399367481
  ],
  ""type"": ""Point""
}",-82.941597095,42.3993674810001
1395,1223912,MOUND,8 MILE,2017-12-12,12,12,2017,15,3,6,3,,2,0,,1,1,1,35,2,2,2,4,0,0,0,1,false,,false,false,false,false,false,,,,,,false,false,true,,,false,false,false,false,false,-83.04394,42.44759,"{
  ""coordinates"": [
    -8.304394061900000e+01,
    4.244759068200010e+01
  ],
  ""type"": ""Point""
}","{
  ""coordinates"": [
    -83.043940619,
    42.447590682
  ],
  ""type"": ""Point""
}",-83.043940619,42.4475906820001
1396,1251906,GRATIOT,RANDOLPH,2017-12-12,12,12,2017,19,3,8,3,,1,0,,4,2,4,35,7,2,2,5,0,0,0,0,true,,false,false,false,false,false,,,,,,false,false,false,,,false,false,false,false,false,-83.04497,42.33543,"{
  ""coordinates"": [
    -8.304496470299991e+01,
    4.233542582900000e+01
  ],
  ""type"": ""Point""
}","{
  ""coordinates"": [
    -83.044964703,
    42.335425829
  ],
  ""type"": ""Point""
}",-83.0449647029999,42.335425829
1397,1223797,S/B I-75,DAVISON,2017-12-12,12,12,2017,10,3,8,1,,1,0,,4,1,1,55,4,2,3,5,0,0,0,0,true,,false,false,false,false,false,,,,,,false,false,false,,,false,false,false,false,false,-83.07838,42.4076,"{
  ""coordinates"": [
    -8.307837302699990e+01,
    4.240759679800000e+01
  ],
  ""type"": ""Point""
}","{
  ""coordinates"": [
    -83.078373027,
    42.407596798
  ],
  ""type"": ""Point""
}",-83.0783730269999,42.407596798
1398,1250650,I-75 S/B,DAVISON,2017-12-12,12,12,2017,2,3,1,1,,1,0,,6,5,4,70,4,1,1,5,0,0,0,0,true,,false,false,false,false,false,,,,,,false,false,false,,,false,false,false,false,false,-83.07809,42.40768,"{
  ""coordinates"": [
    -8.307809271100000e+01,
    4.240768411200000e+01
  ],
  ""type"": ""Point""
}","{
  ""coordinates"": [
    -83.078092711,
    42.407684112
  ],
  ""type"": ""Point""
}",-83.078092711,42.407684112
1399,1225480,MOUND,OUTER,2017-12-12,12,12,2017,7,3,4,9,,2,0,,3,5,1,30,2,2,2,5,0,0,0,0,true,,false,false,false,false,false,,,,,,false,true,true,,,false,false,false,false,false,-83.0437,42.44101,"{
  ""coordinates"": [
    -8.304370328700000e+01,
    4.244100428400000e+01
  ],
  ""type"": ""Point""
}","{
  ""coordinates"": [
    -83.043703287,
    42.441004284
  ],
  ""type"": ""Point""
}",-83.043703287,42.441004284
1400,1223910,N I 75,8 MILE,2017-12-12,12,12,2017,15,3,5,1,,1,0,,4,5,1,35,2,2,4,4,0,0,0,2,false,,false,false,false,false,false,,,,,,false,false,false,,,false,false,false,false,false,-83.09469,42.44686,"{
  ""coordinates"": [
    -8.309469127599991e+01,
    4.244685569900000e+01
  ],
  ""type"": ""Point""
}","{
  ""coordinates"": [
    -83.094691276,
    42.446855699
  ],
  ""type"": ""Point""
}",-83.0946912759999,42.446855699
1401,1223875,MCHNICHOLS,TELEGRAPH,2017-12-12,12,12,2017,17,3,4,2,,2,0,,2,1,3,45,4,2,2,5,0,0,0,0,true,,false,false,false,false,false,,,,,,false,false,true,,,false,false,false,false,false,-83.27696,42.41454,"{
  ""coordinates"": [
    -8.327696310999990e+01,
    4.241454158900010e+01
  ],
  ""type"": ""Point""
}","{
  ""coordinates"": [
    -83.27696311,
    42.414541589
  ],
  ""type"": ""Point""
}",-83.2769631099999,42.4145415890001
1402,1248010,WOODWARD,GRATIOT,2017-12-12,12,12,2017,18,3,5,9,,4,0,,4,5,3,35,3,2,3,5,0,0,0,0,true,,false,false,false,false,false,,,,,,false,false,false,,,false,false,false,false,false,-83.04792,42.33304,"{
  ""coordinates"": [
    -8.304791680300001e+01,
    4.233304305100010e+01
  ],
  ""type"": ""Point""
}","{
  ""coordinates"": [
    -83.047916803,
    42.333043051
  ],
  ""type"": ""Point""
}",-83.047916803,42.3330430510001
1403,1223869,GRAND,CHARLEVOIX,2017-12-12,12,12,2017,13,3,8,9,,4,0,,6,1,1,30,3,2,3,5,0,0,0,0,true,,false,false,false,false,false,,,,,,false,true,false,,,false,false,false,false,false,-83.00994,42.35937,"{
  ""coordinates"": [
    -8.300993829100000e+01,
    4.235937114100010e+01
  ],
  ""type"": ""Point""
}","{
  ""coordinates"": [
    -83.009938291,
    42.359371141
  ],
  ""type"": ""Point""
}",-83.009938291,42.3593711410001
1404,1223888,KERCHEVAL,ST JEAN,2017-12-12,12,12,2017,15,3,4,9,,4,0,,3,5,1,35,4,2,2,5,0,0,0,0,true,,false,false,false,false,false,,,,,,false,false,false,,,false,false,false,false,false,-82.97382,42.36875,"{
  ""coordinates"": [
    -8.297381907099999e+01,
    4.236874848000010e+01
  ],
  ""type"": ""Point""
}","{
  ""coordinates"": [
    -82.973819071,
    42.36874848
  ],
  ""type"": ""Point""
}",-82.973819071,42.3687484800001
1405,1223795,S I 75,TRUMBULL,2017-12-12,12,12,2017,8,3,8,1,,1,0,,2,8,1,55,3,2,1,5,0,0,0,0,true,,false,false,false,false,false,,,,,,false,false,true,,,false,false,false,false,false,-83.06806,42.33462,"{
  ""coordinates"": [
    -8.306805964700000e+01,
    4.233462181400010e+01
  ],
  ""type"": ""Point""
}","{
  ""coordinates"": [
    -83.068059647,
    42.334621814
  ],
  ""type"": ""Point""
}",-83.068059647,42.3346218140001
1406,1225424,SOUTHFIELD SERVICE DRIVE,MCNICHOLS,2017-12-12,12,12,2017,12,3,1,3,,4,1,,4,4,1,55,3,1,1,5,0,0,0,0,true,,false,false,false,false,false,,,,,,false,false,false,,,false,false,false,false,false,-83.21839,42.4155,"{
  ""coordinates"": [
    -8.321839100100000e+01,
    4.241549687000000e+01
  ],
  ""type"": ""Point""
}","{
  ""coordinates"": [
    -83.218391001,
    42.41549687
  ],
  ""type"": ""Point""
}",-83.218391001,42.41549687
1407,1234636,JOHN R,WARREN,2017-12-12,12,12,2017,12,3,5,9,,4,0,,4,1,1,25,2,2,4,5,0,0,0,0,true,,false,false,false,false,false,,,,,,false,false,false,,,false,false,false,false,false,-83.06229,42.35787,"{
  ""coordinates"": [
    -8.306228712500000e+01,
    4.235786749300010e+01
  ],
  ""type"": ""Point""
}","{
  ""coordinates"": [
    -83.062287125,
    42.357867493
  ],
  ""type"": ""Point""
}",-83.062287125,42.3578674930001
1408,1223911,DAVISON,CONANT,2017-12-12,12,12,2017,18,3,5,3,,4,0,,3,5,3,35,4,2,3,5,0,0,0,0,true,,false,false,false,false,false,,,,,,false,false,false,,,false,false,false,false,false,-83.06124,42.41562,"{
  ""coordinates"": [
    -8.306124019500000e+01,
    4.241561960300000e+01
  ],
  ""type"": ""Point""
}","{
  ""coordinates"": [
    -83.061240195,
    42.415619603
  ],
  ""type"": ""Point""
}",-83.061240195,42.415619603
1409,1223863,HUNT,CHENE,2017-12-12,12,12,2017,9,3,10,9,,,0,,4,1,1,25,1,2,2,5,0,0,0,0,true,,false,false,false,false,false,,,,,,false,false,true,,,false,false,false,false,false,-83.03133,42.35128,"{
  ""coordinates"": [
    -8.303132293800000e+01,
    4.235127993300010e+01
  ],
  ""type"": ""Point""
}","{
  ""coordinates"": [
    -83.031322938,
    42.351279933
  ],
  ""type"": ""Point""
}",-83.031322938,42.3512799330001
1410,1223807,E I 96,LIVERNOIS,2017-12-12,12,12,2017,19,3,1,1,,1,0,,6,1,4,35,3,1,1,5,0,0,0,0,true,,false,false,false,false,false,,,,,,false,true,false,,,false,false,false,false,false,-83.13898,42.36726,"{
  ""coordinates"": [
    -8.313898678500000e+01,
    4.236726117000010e+01
  ],
  ""type"": ""Point""
}","{
  ""coordinates"": [
    -83.138986785,
    42.36726117
  ],
  ""type"": ""Point""
}",-83.138986785,42.3672611700001
1411,1223908,N I 75,8 MILE SERVICE DRIVE,2017-12-12,12,12,2017,15,3,97,1,,1,0,,3,1,4,25,2,2,2,5,0,0,0,0,true,,false,false,false,false,false,,,,,,false,false,false,,,false,false,false,false,false,-83.09468,42.44667,"{
  ""coordinates"": [
    -8.309467955900000e+01,
    4.244667427600010e+01
  ],
  ""type"": ""Point""
}","{
  ""coordinates"": [
    -83.094679559,
    42.446674276
  ],
  ""type"": ""Point""
}",-83.094679559,42.4466742760001
1412,1230448,FAIRVIEW,MACK,2017-12-12,12,12,2017,7,3,4,9,,,0,,4,5,1,25,2,2,7,5,0,0,0,0,true,,false,false,false,false,false,,,,,,false,false,false,,,false,true,false,false,false,-82.98124,42.377,"{
  ""coordinates"": [
    -8.298124134400000e+01,
    4.237700220400010e+01
  ],
  ""type"": ""Point""
}","{
  ""coordinates"": [
    -82.981241344,
    42.377002204
  ],
  ""type"": ""Point""
}",-82.981241344,42.3770022040001
1413,1230721,I-94,M-10,2017-12-12,12,12,2017,15,3,5,1,,1,0,,1,2,1,55,3,2,2,5,0,0,0,0,true,,false,false,false,false,false,,,,,,false,false,false,,,false,false,false,false,false,-83.07708,42.35841,"{
  ""coordinates"": [
    -8.307707626199991e+01,
    4.235840831600010e+01
  ],
  ""type"": ""Point""
}","{
  ""coordinates"": [
    -83.077076262,
    42.358408316
  ],
  ""type"": ""Point""
}",-83.0770762619999,42.3584083160001
1414,1248086,RIOPELLE,LANTZ,2017-12-12,12,12,2017,13,3,4,9,,,0,,3,2,1,25,2,2,3,5,0,0,0,0,true,,false,false,true,false,false,,,,,,false,false,true,,,false,false,false,false,false,-83.08669,42.4376,"{
  ""coordinates"": [
    -8.308669458400000e+01,
    4.243759951100000e+01
  ],
  ""type"": ""Point""
}","{
  ""coordinates"": [
    -83.086694584,
    42.437599511
  ],
  ""type"": ""Point""
}",-83.086694584,42.437599511
1415,1223800,E I 96,TIREMAN,2017-12-12,12,12,2017,12,3,97,1,,1,0,,2,1,1,55,4,2,1,5,0,0,0,0,true,,false,false,false,false,false,,,,,,false,false,false,,,false,false,false,false,false,-83.11054,42.35574,"{
  ""coordinates"": [
    -8.311054172000000e+01,
    4.235573427000000e+01
  ],
  ""type"": ""Point""
}","{
  ""coordinates"": [
    -83.11054172,
    42.35573427
  ],
  ""type"": ""Point""
}",-83.11054172,42.35573427
1416,1223828,BLAINE,LAWTON,2017-12-12,12,12,2017,16,3,97,9,,,0,,4,1,1,25,4,2,3,4,0,0,0,1,false,,true,false,true,false,false,,,,,,false,false,false,,,false,false,false,false,false,-83.1088,42.36834,"{
  ""coordinates"": [
    -8.310879730700000e+01,
    4.236834462200010e+01
  ],
  ""type"": ""Point""
}","{
  ""coordinates"": [
    -83.108797307,
    42.368344622
  ],
  ""type"": ""Point""
}",-83.108797307,42.3683446220001
1417,1234569,CHRYSLER,MCNICHOLS,2017-12-12,12,12,2017,10,3,5,1,,1,0,,1,1,1,65,3,2,1,4,0,0,0,1,false,,false,false,true,false,false,,,,,,false,false,false,,,false,false,false,false,false,-83.08772,42.41822,"{
  ""coordinates"": [
    -8.308772520600000e+01,
    4.241821713300000e+01
  ],
  ""type"": ""Point""
}","{
  ""coordinates"": [
    -83.087725206,
    42.418217133
  ],
  ""type"": ""Point""
}",-83.087725206,42.418217133
1418,1223857,DAVISON,CONLEY,2017-12-12,12,12,2017,15,3,1,9,,2,0,,6,1,1,30,6,2,1,4,0,0,0,1,false,,false,false,false,false,false,,,,,,true,false,false,,,false,false,false,false,false,-83.05186,42.4192,"{
  ""coordinates"": [
    -8.305185546900000e+01,
    4.241920540800000e+01
  ],
  ""type"": ""Point""
}","{
  ""coordinates"": [
    -83.051855469,
    42.419205408
  ],
  ""type"": ""Point""
}",-83.051855469,42.419205408
1419,1277311,CHRYSLER,MCNICHOLS,2017-12-12,12,12,2017,10,3,5,1,,1,0,,1,1,1,65,3,2,1,4,0,0,0,1,false,,false,false,true,false,false,,,,,,false,false,false,,,false,false,false,false,false,-83.08772,42.41822,"{
  ""coordinates"": [
    -8.308772520600000e+01,
    4.241821713300000e+01
  ],
  ""type"": ""Point""
}","{
  ""coordinates"": [
    -83.087725206,
    42.418217133
  ],
  ""type"": ""Point""
}",-83.087725206,42.418217133
1420,1223789,S/B I 75,M 8,2017-12-12,12,12,2017,5,3,97,1,,1,0,,4,5,4,70,4,2,2,5,0,0,0,0,true,,false,false,false,false,false,,,,,,false,false,false,,,false,false,false,false,false,-83.08072,42.41005,"{
  ""coordinates"": [
    -8.308071821599999e+01,
    4.241005140000000e+01
  ],
  ""type"": ""Point""
}","{
  ""coordinates"": [
    -83.080718216,
    42.4100514
  ],
  ""type"": ""Point""
}",-83.080718216,42.4100514
1421,1234575,STOTTER,7 MILE,2017-12-12,12,12,2017,18,3,4,9,,,0,,4,5,4,35,2,2,2,5,0,0,0,0,true,,false,false,false,false,false,,,,,,false,false,true,,,false,false,false,false,false,-83.02527,42.43396,"{
  ""coordinates"": [
    -8.302526883400000e+01,
    4.243395558600000e+01
  ],
  ""type"": ""Point""
}","{
  ""coordinates"": [
    -83.025268834,
    42.433955586
  ],
  ""type"": ""Point""
}",-83.025268834,42.433955586
1422,1222308,GRAND RIVER,LOTHROP,2017-12-12,12,12,2017,7,3,4,3,,1,0,,3,5,1,35,6,2,3,4,0,0,0,2,false,,false,false,false,false,false,,,,,,false,false,true,,,false,false,false,false,false,-83.11095,42.35743,"{
  ""coordinates"": [
    -8.311095611300000e+01,
    4.235743027600010e+01
  ],
  ""type"": ""Point""
}","{
  ""coordinates"": [
    -83.110956113,
    42.357430276
  ],
  ""type"": ""Point""
}",-83.110956113,42.3574302760001
1423,1222265,I-75,M-10,2017-12-12,12,12,2017,4,3,1,1,,1,1,,6,5,4,55,3,1,1,5,0,0,0,0,true,,false,false,false,false,false,,,,,,false,false,false,,,false,false,false,false,false,-83.09496,42.44078,"{
  ""coordinates"": [
    -8.309495887500000e+01,
    4.244078365900000e+01
  ],
  ""type"": ""Point""
}","{
  ""coordinates"": [
    -83.094958875,
    42.440783659
  ],
  ""type"": ""Point""
}",-83.094958875,42.440783659
1424,1223790,W/B I 94,MOROSS,2017-12-12,12,12,2017,7,3,5,1,,1,0,,2,2,2,55,3,3,4,5,0,0,0,0,true,,false,false,false,false,false,,,,,,false,false,true,,,false,false,false,false,false,-82.9284,42.42511,"{
  ""coordinates"": [
    -8.292840125700000e+01,
    4.242510437300010e+01
  ],
  ""type"": ""Point""
}","{
  ""coordinates"": [
    -82.928401257,
    42.425104373
  ],
  ""type"": ""Point""
}",-82.928401257,42.4251043730001
1425,1223890,BRETTON,GRAND RIVER,2017-12-12,12,12,2017,14,3,4,3,,,0,,4,2,1,25,4,2,2,5,0,0,0,0,true,,true,true,false,false,false,,,,,,false,false,false,,,false,false,false,false,false,-83.2193,42.4011,"{
  ""coordinates"": [
    -8.321930308100001e+01,
    4.240110572900010e+01
  ],
  ""type"": ""Point""
}","{
  ""coordinates"": [
    -83.219303081,
    42.401105729
  ],
  ""type"": ""Point""
}",-83.219303081,42.4011057290001
1426,1223817,SAINT ANTOINE,HANCOCK,2017-12-12,12,12,2017,12,3,4,9,,4,0,,3,2,1,25,6,2,2,5,0,0,0,0,true,,false,false,true,false,false,,,,,,false,false,false,,,false,false,false,false,false,-83.05653,42.35869,"{
  ""coordinates"": [
    -8.305652837799990e+01,
    4.235869226100000e+01
  ],
  ""type"": ""Point""
}","{
  ""coordinates"": [
    -83.056528378,
    42.358692261
  ],
  ""type"": ""Point""
}",-83.0565283779999,42.358692261