ObjectId,Crash ID,Primary Road,Intersecting Road,Crash Date,Day,Month,Year,Hour,Weekday,Crash Type Code,Highway Classification Code,Community Code,Jurisdiction Code,Lane Departure Type Code,Surface Type,Road Condition,Weather Condition,Lighting Condition,Speed Limit,Lanes,Units,Occupants,Most Severe Injury,Fatal Injuries,Suspected Serious Injuries,Suspected Minor Injuries,Possible Injuries,Property Damage Only,Secondary Crash,Traffic Control,Red Light Run,Hit and Run,Alcohol,Drugs,Unbelted Person,Work Zone,Speeding Driver,Distracted Driver,Driveway,Pedestrian,Elderly Driver,Young Driver,Commercial Vehicle,Emergency Vehicles,Train,School Bus,Motorcycle,Bicycle,Deer,Longitude,Latitude,geom,geog,x,y
1541,1222248,N M 39,I 96 SERVICE DRIVE,2017-12-11,11,12,2017,19,2,8,3,,1,0,,4,5,3,55,3,2,1,5,0,0,0,0,true,,false,false,true,false,false,,,,,,false,false,false,,,false,false,false,false,false,-83.21687,42.37811,"{
  ""coordinates"": [
    -8.321686331599990e+01,
    4.237810693700000e+01
  ],
  ""type"": ""Point""
}","{
  ""coordinates"": [
    -83.216863316,
    42.378106937
  ],
  ""type"": ""Point""
}",-83.2168633159999,42.378106937
1542,1222271,JOY,GREENFIELD,2017-12-11,11,12,2017,18,2,97,9,,2,0,,4,5,4,35,5,3,2,5,0,0,0,0,true,,true,true,true,false,false,,,,,,false,false,false,,,false,false,false,false,false,-83.19699,42.35814,"{
  ""coordinates"": [
    -8.319699252399990e+01,
    4.235813564000010e+01
  ],
  ""type"": ""Point""
}","{
  ""coordinates"": [
    -83.196992524,
    42.35813564
  ],
  ""type"": ""Point""
}",-83.1969925239999,42.3581356400001
1543,1223928,7 MILE,MARK TWAIN,2017-12-11,11,12,2017,19,2,2,9,,2,2,,3,5,5,35,2,2,3,5,0,0,0,0,true,,false,false,false,false,false,,,,,,false,false,false,,,false,false,false,false,false,-83.1875,42.43081,"{
  ""coordinates"": [
    -8.318750174699990e+01,
    4.243081141900010e+01
  ],
  ""type"": ""Point""
}","{
  ""coordinates"": [
    -83.187501747,
    42.430811419
  ],
  ""type"": ""Point""
}",-83.1875017469999,42.4308114190001
1544,1277294,RUTHERFORD,KEELER,2017-12-11,11,12,2017,17,2,10,9,,,3,,2,5,4,25,2,2,0,5,0,0,0,0,true,,false,false,true,false,false,,,,,,false,false,false,,,false,false,false,false,false,-83.20418,42.40338,"{
  ""coordinates"": [
    -8.320417810799999e+01,
    4.240337764100010e+01
  ],
  ""type"": ""Point""
}","{
  ""coordinates"": [
    -83.204178108,
    42.403377641
  ],
  ""type"": ""Point""
}",-83.204178108,42.4033776410001
1545,1222293,ROCKDALE,WARREN,2017-12-11,11,12,2017,13,2,8,9,,,0,,4,5,1,25,3,2,0,5,0,0,0,0,true,,false,false,false,false,false,,,,,,false,true,false,,,false,false,false,false,false,-83.25488,42.34191,"{
  ""coordinates"": [
    -8.325488242999999e+01,
    4.234190714300010e+01
  ],
  ""type"": ""Point""
}","{
  ""coordinates"": [
    -83.25488243,
    42.341907143
  ],
  ""type"": ""Point""
}",-83.25488243,42.3419071430001
1546,1223856,EDSEL FORD SERVICE,CHENE,2017-12-11,11,12,2017,13,2,8,1,,1,0,,2,5,1,30,3,2,3,5,0,0,0,0,true,,false,false,false,false,false,,,,,,false,true,false,,,false,false,false,false,false,-83.04737,42.37394,"{
  ""coordinates"": [
    -8.304736969899990e+01,
    4.237394505900010e+01
  ],
  ""type"": ""Point""
}","{
  ""coordinates"": [
    -83.047369699,
    42.373945059
  ],
  ""type"": ""Point""
}",-83.0473696989999,42.3739450590001
1547,1225465,HARPER,VAN DYKE,2017-12-11,11,12,2017,8,2,8,3,,4,0,,1,1,1,35,4,2,1,4,0,0,0,1,false,,false,false,true,false,false,,,,,,false,false,false,,,false,false,false,false,false,-83.02141,42.388,"{
  ""coordinates"": [
    -8.302140756400000e+01,
    4.238800208800010e+01
  ],
  ""type"": ""Point""
}","{
  ""coordinates"": [
    -83.021407564,
    42.388002088
  ],
  ""type"": ""Point""
}",-83.021407564,42.3880020880001
1548,1222261,W I 96,OUTER,2017-12-11,11,12,2017,12,2,1,1,,1,1,,3,5,1,70,3,1,1,5,0,0,0,0,true,,false,false,false,false,false,,,,,,false,false,true,,,false,false,false,false,false,-83.25638,42.38562,"{
  ""coordinates"": [
    -8.325637892500001e+01,
    4.238562477100000e+01
  ],
  ""type"": ""Point""
}","{
  ""coordinates"": [
    -83.256378925,
    42.385624771
  ],
  ""type"": ""Point""
}",-83.256378925,42.385624771
1549,1223827,MILWAUKEE,M-10 SERVICE,2017-12-11,11,12,2017,19,2,5,9,,4,0,,4,5,4,25,4,2,2,5,0,0,0,0,true,,false,false,false,false,false,,,,,,false,false,true,,,false,false,false,false,false,-83.08148,42.36577,"{
  ""coordinates"": [
    -8.308148574700000e+01,
    4.236576681400000e+01
  ],
  ""type"": ""Point""
}","{
  ""coordinates"": [
    -83.081485747,
    42.365766814
  ],
  ""type"": ""Point""
}",-83.081485747,42.365766814
1550,1240986,GROVE,LINWOOD,2017-12-11,11,12,2017,8,2,8,9,,,0,,4,5,1,25,4,2,1,5,0,0,0,0,true,,false,false,false,false,false,,,,,,false,false,false,,,false,false,false,false,false,-83.12859,42.41498,"{
  ""coordinates"": [
    -8.312858304799990e+01,
    4.241498295000010e+01
  ],
  ""type"": ""Point""
}","{
  ""coordinates"": [
    -83.128583048,
    42.41498295
  ],
  ""type"": ""Point""
}",-83.1285830479999,42.4149829500001
1551,1238869,FAUST,TIREMAN,2017-12-11,11,12,2017,22,2,5,9,,,0,,3,5,5,25,2,2,4,4,0,0,0,3,false,,false,false,true,false,false,,,,,,false,false,false,,,false,false,false,false,false,-83.22107,42.35077,"{
  ""coordinates"": [
    -8.322107199600001e+01,
    4.235077079200000e+01
  ],
  ""type"": ""Point""
}","{
  ""coordinates"": [
    -83.221071996,
    42.350770792
  ],
  ""type"": ""Point""
}",-83.221071996,42.350770792
1552,1223802,I-75,NEVADA,2017-12-11,11,12,2017,19,2,8,1,,1,0,,4,5,4,70,4,3,3,5,0,0,0,0,true,,false,false,false,false,false,,,,,,false,false,true,,,false,false,false,false,false,-83.09418,42.42619,"{
  ""coordinates"": [
    -8.309418536999991e+01,
    4.242619454800010e+01
  ],
  ""type"": ""Point""
}","{
  ""coordinates"": [
    -83.09418537,
    42.426194548
  ],
  ""type"": ""Point""
}",-83.0941853699999,42.4261945480001
1553,1225449,ELMHURST,DEXTER,2017-12-11,11,12,2017,10,2,6,9,,4,0,,4,5,1,0,2,2,0,5,0,0,0,0,true,,false,false,true,false,false,,,,,,false,false,false,,,false,false,false,false,false,-83.12503,42.38099,"{
  ""coordinates"": [
    -8.312503335799990e+01,
    4.238098722500010e+01
  ],
  ""type"": ""Point""
}","{
  ""coordinates"": [
    -83.125033358,
    42.380987225
  ],
  ""type"": ""Point""
}",-83.1250333579999,42.3809872250001
1554,1230716,M-39,OUTER,2017-12-11,11,12,2017,12,2,8,3,,1,0,,4,5,1,55,3,2,2,5,0,0,0,0,true,,false,false,false,false,false,,,,,,false,true,true,,,false,false,false,false,false,-83.21881,42.41895,"{
  ""coordinates"": [
    -8.321881000699990e+01,
    4.241895039700010e+01
  ],
  ""type"": ""Point""
}","{
  ""coordinates"": [
    -83.218810007,
    42.418950397
  ],
  ""type"": ""Point""
}",-83.2188100069999,42.4189503970001
1555,1223894,NOTTIINGHAM,BERKSHIRE,2017-12-11,11,12,2017,12,2,1,9,,,1,,3,5,1,25,2,1,1,5,0,0,0,0,true,,false,false,false,false,false,,,,,,false,false,true,,,false,false,false,false,false,-82.95461,42.40974,"{
  ""coordinates"": [
    -8.295461384299990e+01,
    4.240974000400010e+01
  ],
  ""type"": ""Point""
}","{
  ""coordinates"": [
    -82.954613843,
    42.409740004
  ],
  ""type"": ""Point""
}",-82.9546138429999,42.4097400040001
1556,1222291,7 MILE,HUBBELL,2017-12-11,11,12,2017,11,2,4,9,,2,0,,4,5,1,30,4,2,1,5,0,0,0,0,true,,false,false,false,false,false,,,,,,false,false,true,,,false,false,false,false,false,-83.19002,42.43073,"{
  ""coordinates"": [
    -8.319001430700000e+01,
    4.243072777600000e+01
  ],
  ""type"": ""Point""
}","{
  ""coordinates"": [
    -83.190014307,
    42.430727776
  ],
  ""type"": ""Point""
}",-83.190014307,42.430727776
1557,1223830,CARBON,HERKIMER,2017-12-11,11,12,2017,11,2,97,9,,,0,,3,5,1,25,3,2,2,5,0,0,0,0,true,,false,false,false,false,false,,,,,,false,false,false,,,false,false,false,false,false,-83.13097,42.29099,"{
  ""coordinates"": [
    -8.313096892899991e+01,
    4.229099056200000e+01
  ],
  ""type"": ""Point""
}","{
  ""coordinates"": [
    -83.130968929,
    42.290990562
  ],
  ""type"": ""Point""
}",-83.1309689289999,42.290990562
1558,1231840,S M 10,LINWOOD,2017-12-11,11,12,2017,12,2,1,3,,1,1,,2,2,1,55,3,1,1,5,0,0,0,0,true,,false,false,false,false,false,,,,,,false,false,true,,,false,false,false,false,false,-83.1274,42.40509,"{
  ""coordinates"": [
    -8.312740182700000e+01,
    4.240508636100000e+01
  ],
  ""type"": ""Point""
}","{
  ""coordinates"": [
    -83.127401827,
    42.405086361
  ],
  ""type"": ""Point""
}",-83.127401827,42.405086361
1559,1222310,SYRACUSE,LUCE,2017-12-11,11,12,2017,9,2,4,9,,,0,,3,5,1,25,2,2,3,5,0,0,0,0,true,,false,false,false,false,false,,,,,,false,false,true,,,false,false,false,false,false,-83.04465,42.41573,"{
  ""coordinates"": [
    -8.304464972999990e+01,
    4.241573294400010e+01
  ],
  ""type"": ""Point""
}","{
  ""coordinates"": [
    -83.04464973,
    42.415732944
  ],
  ""type"": ""Point""
}",-83.0446497299999,42.4157329440001
1560,1225446,CHALMERS,FORDHAM,2017-12-11,11,12,2017,11,2,4,9,,4,0,,4,5,1,30,2,2,2,5,0,0,0,0,true,,false,false,false,false,false,,,,,,false,false,false,,,false,false,false,false,false,-82.97526,42.43431,"{
  ""coordinates"": [
    -8.297525660799990e+01,
    4.243431510900010e+01
  ],
  ""type"": ""Point""
}","{
  ""coordinates"": [
    -82.975256608,
    42.434315109
  ],
  ""type"": ""Point""
}",-82.9752566079999,42.4343151090001
1561,1223893,RUNYON,GIETZEN,2017-12-11,11,12,2017,12,2,4,9,,,0,,3,5,1,25,2,2,2,5,0,0,0,0,true,,false,false,false,false,false,,,,,,false,false,false,,,false,false,false,false,false,-83.00671,42.4253,"{
  ""coordinates"": [
    -8.300671371899990e+01,
    4.242529785600000e+01
  ],
  ""type"": ""Point""
}","{
  ""coordinates"": [
    -83.006713719,
    42.425297856
  ],
  ""type"": ""Point""
}",-83.0067137189999,42.425297856
1562,1240977,7 MILE,OUTER,2017-12-11,11,12,2017,13,2,5,9,,2,0,,6,5,1,30,4,2,4,5,0,0,0,0,true,,false,false,false,false,false,,,,,,false,false,true,,,false,false,false,false,false,-83.17518,42.43118,"{
  ""coordinates"": [
    -8.317518176300000e+01,
    4.243118165000000e+01
  ],
  ""type"": ""Point""
}","{
  ""coordinates"": [
    -83.175181763,
    42.43118165
  ],
  ""type"": ""Point""
}",-83.175181763,42.43118165
1563,1222272,LARNED,WASHINGTON,2017-12-11,11,12,2017,7,2,5,9,,4,0,,1,2,2,30,3,2,2,4,0,0,0,1,false,,false,false,false,false,false,,,,,,false,false,false,,,false,false,false,false,false,-83.04861,42.32798,"{
  ""coordinates"": [
    -8.304861440199990e+01,
    4.232798319600000e+01
  ],
  ""type"": ""Point""
}","{
  ""coordinates"": [
    -83.048614402,
    42.327983196
  ],
  ""type"": ""Point""
}",-83.0486144019999,42.327983196
1564,1253920,I-75,CLAY,2017-12-10,10,12,2017,9,1,1,1,,1,0,,1,1,1,70,3,1,1,5,0,0,0,0,true,,false,false,false,false,false,,,,,,false,false,false,,,false,false,false,false,false,-83.05947,42.37159,"{
  ""coordinates"": [
    -8.305946847199991e+01,
    4.237158641100010e+01
  ],
  ""type"": ""Point""
}","{
  ""coordinates"": [
    -83.059468472,
    42.371586411
  ],
  ""type"": ""Point""
}",-83.0594684719999,42.3715864110001
1565,1225475,8 MILE,VAN DYKE,2017-12-10,10,12,2017,4,1,5,3,,1,0,,3,2,1,40,2,2,2,5,0,0,0,0,true,,false,false,false,false,false,,,,,,false,false,true,,,false,false,false,false,false,-83.02548,42.44815,"{
  ""coordinates"": [
    -8.302548578100000e+01,
    4.244814886500010e+01
  ],
  ""type"": ""Point""
}","{
  ""coordinates"": [
    -83.025485781,
    42.448148865
  ],
  ""type"": ""Point""
}",-83.025485781,42.4481488650001
1566,1220716,GODDARD,LANTZ,2017-12-10,10,12,2017,11,1,4,9,,,0,,3,5,1,25,1,2,4,5,0,0,0,0,true,,false,false,false,false,false,,,,,,false,false,true,,,false,false,false,false,false,-83.07816,42.43782,"{
  ""coordinates"": [
    -8.307815217800000e+01,
    4.243781611000000e+01
  ],
  ""type"": ""Point""
}","{
  ""coordinates"": [
    -83.078152178,
    42.43781611
  ],
  ""type"": ""Point""
}",-83.078152178,42.43781611
1567,1238744,S M 10,WYOMING,2017-12-10,10,12,2017,1,1,1,3,,1,1,,3,1,4,0,3,1,1,5,0,0,0,0,true,,false,false,false,true,false,,,,,,false,false,false,,,false,false,false,false,false,-83.15987,42.40519,"{
  ""coordinates"": [
    -8.315986419700000e+01,
    4.240518852200010e+01
  ],
  ""type"": ""Point""
}","{
  ""coordinates"": [
    -83.159864197,
    42.405188522
  ],
  ""type"": ""Point""
}",-83.159864197,42.4051885220001
1568,1223884,MCNICHOLS,PLAINVIEW,2017-12-10,10,12,2017,19,1,5,9,,2,0,,1,1,4,35,6,2,3,5,0,0,0,0,true,,false,false,false,true,false,,,,,,false,false,false,,,false,false,false,false,false,-83.23724,42.41514,"{
  ""coordinates"": [
    -8.323723960400000e+01,
    4.241513858600010e+01
  ],
  ""type"": ""Point""
}","{
  ""coordinates"": [
    -83.237239604,
    42.415138586
  ],
  ""type"": ""Point""
}",-83.237239604,42.4151385860001
1569,1223934,16600 GREENLAWN,MARYGROVE,2017-12-10,10,12,2017,0,1,98,9,,,0,,3,1,4,0,1,2,0,5,0,0,0,0,true,,false,false,true,false,false,,,,,,false,false,false,,,false,false,false,false,false,-83.15107,42.41408,"{
  ""coordinates"": [
    -8.315106768100000e+01,
    4.241408150200000e+01
  ],
  ""type"": ""Point""
}","{
  ""coordinates"": [
    -83.151067681,
    42.414081502
  ],
  ""type"": ""Point""
}",-83.151067681,42.414081502
1570,1225467,BLOOM,LANTZ,2017-12-10,10,12,2017,10,1,5,9,,,0,,3,2,1,25,2,2,1,5,0,0,0,0,true,,false,false,true,false,false,,,,,,false,false,false,,,false,false,false,false,false,-83.04919,42.4356,"{
  ""coordinates"": [
    -8.304919673900000e+01,
    4.243560596700010e+01
  ],
  ""type"": ""Point""
}","{
  ""coordinates"": [
    -83.049196739,
    42.435605967
  ],
  ""type"": ""Point""
}",-83.049196739,42.4356059670001
1571,1223836,NAVY,CENTRAL,2017-12-10,10,12,2017,17,1,4,9,,,0,,3,2,4,0,2,2,2,5,0,0,0,0,true,,true,false,false,false,false,,,,,,false,true,false,,,false,false,false,false,false,-83.1229,42.31067,"{
  ""coordinates"": [
    -8.312290093800000e+01,
    4.231067367200010e+01
  ],
  ""type"": ""Point""
}","{
  ""coordinates"": [
    -83.122900938,
    42.310673672
  ],
  ""type"": ""Point""
}",-83.122900938,42.3106736720001
1572,1223880,FENKELL,STRATHMOOR,2017-12-10,10,12,2017,17,1,5,9,,2,0,,3,5,3,35,2,2,2,5,0,0,0,0,true,,false,false,false,false,false,,,,,,false,true,false,,,false,false,false,false,false,-83.18749,42.40186,"{
  ""coordinates"": [
    -8.318749019900000e+01,
    4.240186425400000e+01
  ],
  ""type"": ""Point""
}","{
  ""coordinates"": [
    -83.187490199,
    42.401864254
  ],
  ""type"": ""Point""
}",-83.187490199,42.401864254
1573,1223835,DIX,LONYO,2017-12-10,10,12,2017,16,1,1,9,,2,1,,3,1,3,25,2,1,2,4,0,0,0,2,false,,false,false,false,false,false,,,,,,false,false,false,,,false,false,false,false,false,-83.13493,42.31617,"{
  ""coordinates"": [
    -8.313493670100000e+01,
    4.231616745000010e+01
  ],
  ""type"": ""Point""
}","{
  ""coordinates"": [
    -83.134936701,
    42.31616745
  ],
  ""type"": ""Point""
}",-83.134936701,42.3161674500001
1574,1222266,GRAND RIVER,FREELAND,2017-12-10,10,12,2017,1,1,4,3,,1,0,,1,1,4,35,4,2,3,5,0,0,0,0,true,,false,false,true,false,false,,,,,,false,false,false,,,false,false,false,false,false,-83.18495,42.38726,"{
  ""coordinates"": [
    -8.318495356699999e+01,
    4.238726342700010e+01
  ],
  ""type"": ""Point""
}","{
  ""coordinates"": [
    -83.184953567,
    42.387263427
  ],
  ""type"": ""Point""
}",-83.184953567,42.3872634270001
1575,1222304,HAYES,PROMENADE,2017-12-10,10,12,2017,23,1,8,9,,4,0,,6,5,4,25,2,3,3,3,0,0,1,1,false,,false,false,false,false,false,,,,,,false,false,false,,,false,false,false,false,false,-82.96471,42.41355,"{
  ""coordinates"": [
    -8.296471538100000e+01,
    4.241355128000000e+01
  ],
  ""type"": ""Point""
}","{
  ""coordinates"": [
    -82.964715381,
    42.41355128
  ],
  ""type"": ""Point""
}",-82.964715381,42.41355128
1576,1257246,TIREMAN,TRINITY,2017-12-10,10,12,2017,12,1,1,9,,4,1,,3,5,1,0,2,1,1,4,0,0,0,1,false,,false,false,false,false,false,,,,,,false,false,false,,,false,false,false,false,false,-83.24664,42.35013,"{
  ""coordinates"": [
    -8.324663589799999e+01,
    4.235012921700010e+01
  ],
  ""type"": ""Point""
}","{
  ""coordinates"": [
    -83.246635898,
    42.350129217
  ],
  ""type"": ""Point""
}",-83.246635898,42.3501292170001
1577,1295963,E/B I-94,I-75,2017-12-10,10,12,2017,14,1,8,1,,1,0,,1,2,1,70,3,2,1,5,0,0,0,0,true,,false,false,true,false,false,,,,,,false,false,false,,,false,false,false,false,false,-83.05947,42.36763,"{
  ""coordinates"": [
    -8.305947274000000e+01,
    4.236763526000000e+01
  ],
  ""type"": ""Point""
}","{
  ""coordinates"": [
    -83.05947274,
    42.36763526
  ],
  ""type"": ""Point""
}",-83.05947274,42.36763526
1578,1223818,2ND,EUCLID,2017-12-10,10,12,2017,22,1,4,9,,4,0,,2,1,4,25,3,2,2,5,0,0,0,0,true,,false,false,false,false,false,,,,,,false,false,false,,,false,false,false,false,false,-83.08095,42.37606,"{
  ""coordinates"": [
    -8.308094637400001e+01,
    4.237606139100010e+01
  ],
  ""type"": ""Point""
}","{
  ""coordinates"": [
    -83.080946374,
    42.376061391
  ],
  ""type"": ""Point""
}",-83.080946374,42.3760613910001
1579,1228254,RAMP 111A,S M 10 SERVICE DRIVE,2017-12-10,10,12,2017,2,1,1,3,,1,1,,3,5,4,25,1,1,1,5,0,0,0,0,true,,false,false,false,false,false,,,,,,false,false,false,,,false,false,false,false,false,-83.10396,42.38979,"{
  ""coordinates"": [
    -8.310396093500000e+01,
    4.238978413800000e+01
  ],
  ""type"": ""Point""
}","{
  ""coordinates"": [
    -83.103960935,
    42.389784138
  ],
  ""type"": ""Point""
}",-83.103960935,42.389784138
1580,1223905,WOODSIDE,JEFFRIES,2017-12-10,10,12,2017,16,1,4,9,,,0,,3,5,3,30,3,2,2,5,0,0,0,0,true,,false,false,false,false,false,,,,,,false,true,false,,,false,false,false,false,false,-83.1377,42.36736,"{
  ""coordinates"": [
    -8.313769242700000e+01,
    4.236735922200010e+01
  ],
  ""type"": ""Point""
}","{
  ""coordinates"": [
    -83.137692427,
    42.367359222
  ],
  ""type"": ""Point""
}",-83.137692427,42.3673592220001
1581,1223936,ROSELAWN,CURTIS,2017-12-10,10,12,2017,10,1,98,9,,,0,,4,5,98,0,1,2,0,5,0,0,0,0,true,,false,false,true,false,false,,,,,,false,false,false,,,false,false,false,false,false,-83.15279,42.42445,"{
  ""coordinates"": [
    -8.315279160800000e+01,
    4.242444932600010e+01
  ],
  ""type"": ""Point""
}","{
  ""coordinates"": [
    -83.152791608,
    42.424449326
  ],
  ""type"": ""Point""
}",-83.152791608,42.4244493260001
1582,1220712,7 MILE,QUEEN,2017-12-10,10,12,2017,11,1,7,9,,2,0,,1,2,1,30,2,2,2,5,0,0,0,0,true,,false,false,true,false,false,,,,,,false,false,false,,,false,false,false,false,false,-82.96825,42.43535,"{
  ""coordinates"": [
    -8.296824281600000e+01,
    4.243534685000000e+01
  ],
  ""type"": ""Point""
}","{
  ""coordinates"": [
    -82.968242816,
    42.43534685
  ],
  ""type"": ""Point""
}",-82.968242816,42.43534685
1583,1238743,I-94,LONYO,2017-12-10,10,12,2017,14,1,5,1,,1,0,,1,2,1,55,3,2,3,4,0,0,0,1,false,,false,false,false,false,false,,,,,,false,true,true,,,false,false,false,false,false,-83.14323,42.33169,"{
  ""coordinates"": [
    -8.314322484900001e+01,
    4.233168605800010e+01
  ],
  ""type"": ""Point""
}","{
  ""coordinates"": [
    -83.143224849,
    42.331686058
  ],
  ""type"": ""Point""
}",-83.143224849,42.3316860580001
1584,1225390,M 39,JOY,2017-12-10,10,12,2017,2,1,5,3,,1,0,,1,2,5,55,3,2,2,4,0,0,0,1,false,,false,false,false,false,false,,,,,,false,false,false,,,false,false,false,false,false,-83.2164,42.35923,"{
  ""coordinates"": [
    -8.321640157699990e+01,
    4.235923086500000e+01
  ],
  ""type"": ""Point""
}","{
  ""coordinates"": [
    -83.216401577,
    42.359230865
  ],
  ""type"": ""Point""
}",-83.2164015769999,42.359230865
1585,1284668,I-75 SERVICE,MCNICHOLS,2017-12-10,10,12,2017,18,1,1,1,,4,0,,1,5,4,30,3,1,3,1,1,0,0,0,false,,false,false,false,false,false,,,,,,false,false,true,,,false,false,false,false,false,-83.08731,42.41838,"{
  ""coordinates"": [
    -8.308731330200000e+01,
    4.241838531500010e+01
  ],
  ""type"": ""Point""
}","{
  ""coordinates"": [
    -83.087313302,
    42.418385315
  ],
  ""type"": ""Point""
}",-83.087313302,42.4183853150001
1586,1222268,WYOMING,FULLERTON,2017-12-10,10,12,2017,3,1,1,9,,4,1,,3,1,4,30,3,1,0,5,0,0,0,0,true,,false,false,false,false,false,,,,,,false,false,false,,,false,false,false,false,false,-83.15883,42.38082,"{
  ""coordinates"": [
    -8.315883205100000e+01,
    4.238081814600010e+01
  ],
  ""type"": ""Point""
}","{
  ""coordinates"": [
    -83.158832051,
    42.380818146
  ],
  ""type"": ""Point""
}",-83.158832051,42.3808181460001
1587,1222281,OUTER,EVERGREEN,2017-12-10,10,12,2017,3,1,1,9,,2,0,,2,2,4,35,6,1,0,5,0,0,0,0,true,,false,false,true,false,false,,,,,,false,false,false,,,false,false,false,false,false,-83.2375,42.3981,"{
  ""coordinates"": [
    -8.323749293600000e+01,
    4.239809625700010e+01
  ],
  ""type"": ""Point""
}","{
  ""coordinates"": [
    -83.237492936,
    42.398096257
  ],
  ""type"": ""Point""
}",-83.237492936,42.3980962570001
1588,1225434,8 MILE,HOOVER,2017-12-10,10,12,2017,3,1,5,3,,1,0,,1,1,4,45,8,2,1,5,0,0,0,0,true,,false,false,true,false,false,,,,,,false,false,true,,,false,false,false,false,false,-83.00782,42.4487,"{
  ""coordinates"": [
    -8.300781877700000e+01,
    4.244869978800010e+01
  ],
  ""type"": ""Point""
}","{
  ""coordinates"": [
    -83.007818777,
    42.448699788
  ],
  ""type"": ""Point""
}",-83.007818777,42.4486997880001
1589,1223935,8 MILE,MEYERS,2017-12-10,10,12,2017,11,1,8,3,,1,0,,4,1,1,0,4,2,3,5,0,0,0,0,true,,false,false,false,false,false,,,,,,false,false,false,,,false,false,false,false,false,-83.1688,42.44546,"{
  ""coordinates"": [
    -8.316880013500000e+01,
    4.244546238800010e+01
  ],
  ""type"": ""Point""
}","{
  ""coordinates"": [
    -83.168800135,
    42.445462388
  ],
  ""type"": ""Point""
}",-83.168800135,42.4454623880001
1590,1225384,M-10,7 MILE,2017-12-10,10,12,2017,4,1,5,3,,1,0,,3,1,4,55,3,2,2,5,0,0,0,0,true,,false,false,false,false,false,,,,,,false,false,false,,,false,false,false,false,false,-83.18378,42.42808,"{
  ""coordinates"": [
    -8.318377710100000e+01,
    4.242808282700000e+01
  ],
  ""type"": ""Point""
}","{
  ""coordinates"": [
    -83.183777101,
    42.428082827
  ],
  ""type"": ""Point""
}",-83.183777101,42.428082827
1591,1225400,RAMP 047A,I-75,2017-12-10,10,12,2017,4,1,1,1,,1,1,,3,5,4,0,1,1,1,5,0,0,0,0,true,,false,false,false,false,false,,,,,,false,false,false,,,false,false,false,false,false,-83.07685,42.40847,"{
  ""coordinates"": [
    -8.307685028299990e+01,
    4.240846449600010e+01
  ],
  ""type"": ""Point""
}","{
  ""coordinates"": [
    -83.076850283,
    42.408464496
  ],
  ""type"": ""Point""
}",-83.0768502829999,42.4084644960001
1592,1238742,I-75,M-8,2017-12-10,10,12,2017,11,1,8,1,,1,0,,1,2,1,70,4,2,3,5,0,0,0,0,true,,false,false,false,false,false,,,,,,false,false,false,,,false,false,false,false,false,-83.07874,42.40819,"{
  ""coordinates"": [
    -8.307874442699990e+01,
    4.240818878900010e+01
  ],
  ""type"": ""Point""
}","{
  ""coordinates"": [
    -83.078744427,
    42.408188789
  ],
  ""type"": ""Point""
}",-83.0787444269999,42.4081887890001
1593,1230426,GRANDRIVER,WASHBURN,2017-12-10,10,12,2017,13,1,8,3,,1,0,,1,2,1,35,6,2,3,5,0,0,0,0,true,,false,false,false,false,false,,,,,,false,false,false,,,false,false,false,false,false,-83.15979,42.37713,"{
  ""coordinates"": [
    -8.315979118699990e+01,
    4.237713016300010e+01
  ],
  ""type"": ""Point""
}","{
  ""coordinates"": [
    -83.159791187,
    42.377130163
  ],
  ""type"": ""Point""
}",-83.1597911869999,42.3771301630001
1594,1223813,2ND,AMSTERDAM,2017-12-10,10,12,2017,16,1,4,9,,4,0,,4,5,1,25,2,2,5,4,0,0,0,1,false,,false,false,false,false,false,,,,,,false,false,false,,,false,false,false,false,false,-83.07445,42.36543,"{
  ""coordinates"": [
    -8.307444467800001e+01,
    4.236542955600000e+01
  ],
  ""type"": ""Point""
}","{
  ""coordinates"": [
    -83.074444678,
    42.365429556
  ],
  ""type"": ""Point""
}",-83.074444678,42.365429556
1595,1223879,KENTFIELD,7 MILE,2017-12-10,10,12,2017,10,1,4,9,,,0,,3,5,1,25,2,2,0,5,0,0,0,0,true,,false,false,true,false,false,,,,,,false,false,false,,,false,false,false,false,false,-83.24184,42.42907,"{
  ""coordinates"": [
    -8.324184155099989e+01,
    4.242907489500000e+01
  ],
  ""type"": ""Point""
}","{
  ""coordinates"": [
    -83.241841551,
    42.429074895
  ],
  ""type"": ""Point""
}",-83.2418415509999,42.429074895
1596,1239795,MEYER,PURITIAN,2017-12-10,10,12,2017,7,1,98,9,,4,0,,4,5,1,25,1,2,0,5,0,0,0,0,true,,false,false,true,false,false,,,,,,false,false,false,,,false,false,false,false,false,-83.16977,42.40961,"{
  ""coordinates"": [
    -8.316976616499990e+01,
    4.240961405300000e+01
  ],
  ""type"": ""Point""
}","{
  ""coordinates"": [
    -83.169766165,
    42.409614053
  ],
  ""type"": ""Point""
}",-83.1697661649999,42.409614053
1597,1234629,MACK,S I 75 SERVICE DRIVE,2017-12-10,10,12,2017,19,1,4,9,,4,0,,2,1,4,30,3,2,4,5,0,0,0,0,true,,false,false,false,false,false,,,,,,false,false,true,,,false,false,false,false,false,-83.04858,42.3511,"{
  ""coordinates"": [
    -8.304857636400000e+01,
    4.235110165400000e+01
  ],
  ""type"": ""Point""
}","{
  ""coordinates"": [
    -83.048576364,
    42.351101654
  ],
  ""type"": ""Point""
}",-83.048576364,42.351101654