ObjectId,Crash ID,Primary Road,Intersecting Road,Crash Date,Day,Month,Year,Hour,Weekday,Crash Type Code,Highway Classification Code,Community Code,Jurisdiction Code,Lane Departure Type Code,Surface Type,Road Condition,Weather Condition,Lighting Condition,Speed Limit,Lanes,Units,Occupants,Most Severe Injury,Fatal Injuries,Suspected Serious Injuries,Suspected Minor Injuries,Possible Injuries,Property Damage Only,Secondary Crash,Traffic Control,Red Light Run,Hit and Run,Alcohol,Drugs,Unbelted Person,Work Zone,Speeding Driver,Distracted Driver,Driveway,Pedestrian,Elderly Driver,Young Driver,Commercial Vehicle,Emergency Vehicles,Train,School Bus,Motorcycle,Bicycle,Deer,Longitude,Latitude,geom,geog,x,y
1769,1223852,ANTIETAM,ST AUBIN,2017-12-08,8,12,2017,13,6,98,9,,4,0,,1,2,1,25,2,2,0,5,0,0,0,0,true,,false,false,true,false,false,,,,,,false,false,false,,,false,false,false,false,false,-83.0346,42.34543,"{
  ""coordinates"": [
    -8.303459770500000e+01,
    4.234542671800010e+01
  ],
  ""type"": ""Point""
}","{
  ""coordinates"": [
    -83.034597705,
    42.345426718
  ],
  ""type"": ""Point""
}",-83.034597705,42.3454267180001
1770,1225401,I 75,GRAND RIVER,2017-12-08,8,12,2017,19,6,5,1,,1,0,,1,1,5,55,3,2,2,5,0,0,0,0,true,,false,false,false,false,false,,,,,,false,false,false,,,false,false,false,false,false,-83.05947,42.33638,"{
  ""coordinates"": [
    -8.305946904599990e+01,
    4.233638296500000e+01
  ],
  ""type"": ""Point""
}","{
  ""coordinates"": [
    -83.059469046,
    42.336382965
  ],
  ""type"": ""Point""
}",-83.0594690459999,42.336382965
1771,1219932,8 MILE,HEYDEN,2017-12-08,8,12,2017,18,6,5,3,,1,0,,1,1,4,40,4,2,3,5,0,0,0,0,true,,false,false,false,false,false,,,,,,false,false,false,,,false,false,false,false,false,-83.24186,42.4437,"{
  ""coordinates"": [
    -8.324186022200000e+01,
    4.244369316700000e+01
  ],
  ""type"": ""Point""
}","{
  ""coordinates"": [
    -83.241860222,
    42.443693167
  ],
  ""type"": ""Point""
}",-83.241860222,42.443693167
1772,1219897,WARREN,ALTER,2017-12-08,8,12,2017,16,6,5,9,,4,0,,1,1,1,35,5,3,5,4,0,0,0,4,false,,false,false,true,false,false,,,,,,false,false,false,,,false,false,false,false,false,-82.95448,42.39703,"{
  ""coordinates"": [
    -8.295448663099999e+01,
    4.239702736700010e+01
  ],
  ""type"": ""Point""
}","{
  ""coordinates"": [
    -82.954486631,
    42.397027367
  ],
  ""type"": ""Point""
}",-82.954486631,42.3970273670001
1773,1219855,WYOMING,LYNDON,2017-12-08,8,12,2017,18,6,5,9,,4,0,,1,1,4,35,4,2,3,5,0,0,0,0,true,,false,false,false,false,false,,,,,,false,false,false,,,false,false,false,false,false,-83.15936,42.39538,"{
  ""coordinates"": [
    -8.315935192099990e+01,
    4.239537662200010e+01
  ],
  ""type"": ""Point""
}","{
  ""coordinates"": [
    -83.159351921,
    42.395376622
  ],
  ""type"": ""Point""
}",-83.1593519209999,42.3953766220001
1774,1238740,E I 96,RAMP 213K,2017-12-08,8,12,2017,13,6,8,1,,1,0,,1,1,1,55,3,2,1,5,0,0,0,0,true,,false,false,true,false,false,,,,,,false,false,true,,,false,false,false,false,false,-83.09951,42.35035,"{
  ""coordinates"": [
    -8.309951159900000e+01,
    4.235035232900000e+01
  ],
  ""type"": ""Point""
}","{
  ""coordinates"": [
    -83.099511599,
    42.350352329
  ],
  ""type"": ""Point""
}",-83.099511599,42.350352329
1775,1238815,JEFFERSON,WOODWARD,2017-12-08,8,12,2017,13,6,8,3,,1,0,,1,1,1,35,3,2,2,5,0,0,0,0,true,,false,false,false,false,false,,,,,,false,false,false,,,false,false,false,false,false,-83.04459,42.32846,"{
  ""coordinates"": [
    -8.304458923300000e+01,
    4.232845661000000e+01
  ],
  ""type"": ""Point""
}","{
  ""coordinates"": [
    -83.044589233,
    42.32845661
  ],
  ""type"": ""Point""
}",-83.044589233,42.32845661
1776,1219936,MONTROSE,CAMBRIDGE,2017-12-08,8,12,2017,20,6,8,9,,,3,,1,1,4,25,2,2,1,5,0,0,0,0,true,,false,false,false,false,false,,,,,,false,false,false,,,false,false,false,false,false,-83.20213,42.43238,"{
  ""coordinates"": [
    -8.320212780900000e+01,
    4.243238425700010e+01
  ],
  ""type"": ""Point""
}","{
  ""coordinates"": [
    -83.202127809,
    42.432384257
  ],
  ""type"": ""Point""
}",-83.202127809,42.4323842570001
1777,1219944,8 MILE,MOHICAN,2017-12-08,8,12,2017,12,6,5,3,,1,0,,1,1,1,40,4,2,4,5,0,0,0,0,true,,false,false,false,false,false,,,,,,false,false,false,,,false,false,false,false,false,-82.97146,42.44965,"{
  ""coordinates"": [
    -8.297146073200000e+01,
    4.244965343400000e+01
  ],
  ""type"": ""Point""
}","{
  ""coordinates"": [
    -82.971460732,
    42.449653434
  ],
  ""type"": ""Point""
}",-82.971460732,42.449653434
1778,1219980,WOODWARD,7 MILE,2017-12-08,8,12,2017,18,6,4,3,,1,0,,1,1,4,40,4,2,2,5,0,0,0,0,true,,false,false,true,false,false,,,,,,false,false,false,,,false,false,false,false,false,-83.11475,42.43178,"{
  ""coordinates"": [
    -8.311474319000000e+01,
    4.243177877200000e+01
  ],
  ""type"": ""Point""
}","{
  ""coordinates"": [
    -83.11474319,
    42.431778772
  ],
  ""type"": ""Point""
}",-83.11474319,42.431778772
1779,1238739,I-75,DEARBORN,2017-12-08,8,12,2017,13,6,8,1,,1,0,,1,1,1,55,3,2,2,5,0,0,0,0,true,,false,false,false,false,false,,,,,,false,false,false,,,false,false,false,false,false,-83.13519,42.28855,"{
  ""coordinates"": [
    -8.313519239000000e+01,
    4.228854671300010e+01
  ],
  ""type"": ""Point""
}","{
  ""coordinates"": [
    -83.13519239,
    42.288546713
  ],
  ""type"": ""Point""
}",-83.13519239,42.2885467130001
1780,1219870,CASS,AMSTERDAM,2017-12-08,8,12,2017,8,6,5,9,,4,0,,1,2,1,35,2,2,1,5,0,0,0,0,true,,false,false,true,false,false,,,,,,false,false,false,,,false,false,false,false,false,-83.07297,42.36706,"{
  ""coordinates"": [
    -8.307296963499989e+01,
    4.236705946700000e+01
  ],
  ""type"": ""Point""
}","{
  ""coordinates"": [
    -83.072969635,
    42.367059467
  ],
  ""type"": ""Point""
}",-83.0729696349999,42.367059467
1781,1219844,I-96,M-39,2017-12-08,8,12,2017,7,6,5,1,,1,0,,1,1,2,55,3,2,2,5,0,0,0,0,true,,false,false,false,false,false,,,,,,false,false,false,,,false,false,false,false,false,-83.21748,42.37864,"{
  ""coordinates"": [
    -8.321747390699990e+01,
    4.237863578900000e+01
  ],
  ""type"": ""Point""
}","{
  ""coordinates"": [
    -83.217473907,
    42.378635789
  ],
  ""type"": ""Point""
}",-83.2174739069999,42.378635789
1782,1220710,CHALMERS,7 MILE,2017-12-08,8,12,2017,12,6,5,9,,4,0,,1,1,1,25,4,2,1,3,0,0,1,0,false,,true,true,true,false,false,,,,,,false,false,false,,,false,false,false,false,false,-82.97527,42.43507,"{
  ""coordinates"": [
    -8.297527364099990e+01,
    4.243506707700000e+01
  ],
  ""type"": ""Point""
}","{
  ""coordinates"": [
    -82.975273641,
    42.435067077
  ],
  ""type"": ""Point""
}",-82.9752736409999,42.435067077
1783,1219960,WARREN,I 96 SERVICE,2017-12-08,8,12,2017,14,6,5,9,,4,0,,1,1,1,35,7,2,3,5,0,0,0,0,true,,false,false,false,false,false,,,,,,false,true,false,,,false,false,false,false,false,-83.09727,42.34621,"{
  ""coordinates"": [
    -8.309727503700000e+01,
    4.234621327100010e+01
  ],
  ""type"": ""Point""
}","{
  ""coordinates"": [
    -83.097275037,
    42.346213271
  ],
  ""type"": ""Point""
}",-83.097275037,42.3462132710001
1784,1219852,M-39,PAUL,2017-12-08,8,12,2017,8,6,5,3,,1,0,,1,1,1,55,3,3,3,5,0,0,0,0,true,,false,false,false,false,false,,,,,,false,true,false,,,false,false,false,false,false,-83.21616,42.33902,"{
  ""coordinates"": [
    -8.321616047000001e+01,
    4.233902500600000e+01
  ],
  ""type"": ""Point""
}","{
  ""coordinates"": [
    -83.21616047,
    42.339025006
  ],
  ""type"": ""Point""
}",-83.21616047,42.339025006
1785,1219984,CLARITA,COYLE,2017-12-08,8,12,2017,1,6,97,9,,,1,,1,1,4,25,2,1,0,5,0,0,0,0,true,,false,false,true,false,false,,,,,,false,false,false,,,false,false,false,false,false,-83.19549,42.42874,"{
  ""coordinates"": [
    -8.319548678000000e+01,
    4.242873892800000e+01
  ],
  ""type"": ""Point""
}","{
  ""coordinates"": [
    -83.19548678,
    42.428738928
  ],
  ""type"": ""Point""
}",-83.19548678,42.428738928
1786,1223874,FLORENCE,BURT,2017-12-08,8,12,2017,23,6,4,9,,,0,,1,1,4,25,4,2,4,5,0,0,0,0,true,,false,false,false,false,false,,,,,,false,false,false,,,false,false,false,false,false,-83.24751,42.40955,"{
  ""coordinates"": [
    -8.324751473100000e+01,
    4.240954825800000e+01
  ],
  ""type"": ""Point""
}","{
  ""coordinates"": [
    -83.247514731,
    42.409548258
  ],
  ""type"": ""Point""
}",-83.247514731,42.409548258
1787,1219958,DEXTER,JOY,2017-12-08,8,12,2017,12,6,97,9,,4,0,,1,2,1,30,4,2,2,5,0,0,0,0,true,,false,false,false,false,false,,,,,,false,false,false,,,false,false,false,false,false,-83.11779,42.3704,"{
  ""coordinates"": [
    -8.311779384600000e+01,
    4.237040359000010e+01
  ],
  ""type"": ""Point""
}","{
  ""coordinates"": [
    -83.117793846,
    42.37040359
  ],
  ""type"": ""Point""
}",-83.117793846,42.3704035900001
1788,1219927,PURITAN,RUTHERFORD,2017-12-08,8,12,2017,14,6,4,9,,4,0,,1,1,1,35,4,2,4,3,0,0,1,2,false,,false,false,false,false,false,,,,,,false,false,false,,,false,false,false,false,false,-83.20442,42.40866,"{
  ""coordinates"": [
    -8.320441898599999e+01,
    4.240866103300000e+01
  ],
  ""type"": ""Point""
}","{
  ""coordinates"": [
    -83.204418986,
    42.408661033
  ],
  ""type"": ""Point""
}",-83.204418986,42.408661033
1789,1219962,DRAGOON,N I 75,2017-12-08,8,12,2017,14,6,8,9,,4,0,,1,1,1,25,3,2,3,5,0,0,0,0,true,,false,false,false,false,false,,,,,,false,false,true,,,false,false,false,false,false,-83.10306,42.30827,"{
  ""coordinates"": [
    -8.310305742600001e+01,
    4.230826755800010e+01
  ],
  ""type"": ""Point""
}","{
  ""coordinates"": [
    -83.103057426,
    42.308267558
  ],
  ""type"": ""Point""
}",-83.103057426,42.3082675580001
1790,1219848,W I 96,HUBBELL,2017-12-08,8,12,2017,14,6,5,1,,1,0,,1,1,1,55,3,2,1,5,0,0,0,0,true,,false,false,false,false,false,,,,,,false,false,false,,,false,false,false,false,false,-83.18779,42.38079,"{
  ""coordinates"": [
    -8.318778966300000e+01,
    4.238079017200000e+01
  ],
  ""type"": ""Point""
}","{
  ""coordinates"": [
    -83.187789663,
    42.380790172
  ],
  ""type"": ""Point""
}",-83.187789663,42.380790172
1791,1228206,I-94,24TH,2017-12-08,8,12,2017,16,6,5,1,,1,0,,1,1,1,55,3,2,2,5,0,0,0,0,true,,false,false,false,false,false,,,,,,false,false,false,,,false,false,false,false,false,-83.10585,42.34797,"{
  ""coordinates"": [
    -8.310585324199999e+01,
    4.234796999200010e+01
  ],
  ""type"": ""Point""
}","{
  ""coordinates"": [
    -83.105853242,
    42.347969992
  ],
  ""type"": ""Point""
}",-83.105853242,42.3479699920001
1792,1268441,COMMONWEALTH,ALEXANDRINE,2017-12-08,8,12,2017,22,6,9,9,,,2,,1,1,4,25,2,2,0,5,0,0,0,0,true,,false,false,true,false,false,,,,,,false,false,false,,,false,false,false,false,false,-83.07622,42.34522,"{
  ""coordinates"": [
    -8.307621773100000e+01,
    4.234521819600010e+01
  ],
  ""type"": ""Point""
}","{
  ""coordinates"": [
    -83.076217731,
    42.345218196
  ],
  ""type"": ""Point""
}",-83.076217731,42.3452181960001
1793,1219845,W I 94,GRAND,2017-12-08,8,12,2017,10,6,8,1,,1,0,,1,1,1,55,3,2,2,5,0,0,0,0,true,,false,false,false,false,false,,,,,,false,false,false,,,false,false,false,false,false,-83.10909,42.34711,"{
  ""coordinates"": [
    -8.310908596400000e+01,
    4.234711498000010e+01
  ],
  ""type"": ""Point""
}","{
  ""coordinates"": [
    -83.109085964,
    42.34711498
  ],
  ""type"": ""Point""
}",-83.109085964,42.3471149800001
1794,1222285,WARREN,S M 39,2017-12-08,8,12,2017,8,6,4,9,,2,0,,1,1,1,30,4,2,2,5,0,0,0,0,true,,false,false,false,false,false,,,,,,false,false,true,,,false,false,false,false,false,-83.21634,42.34337,"{
  ""coordinates"": [
    -8.321634077700000e+01,
    4.234337042600000e+01
  ],
  ""type"": ""Point""
}","{
  ""coordinates"": [
    -83.216340777,
    42.343370426
  ],
  ""type"": ""Point""
}",-83.216340777,42.343370426
1795,1219925,TRAVERSE,GRACE,2017-12-08,8,12,2017,7,6,4,9,,,0,,1,1,1,25,2,2,3,3,0,0,1,2,false,,false,false,false,false,false,,,,,,false,false,false,,,false,false,false,false,false,-83.00401,42.40054,"{
  ""coordinates"": [
    -8.300400996099999e+01,
    4.240053497600010e+01
  ],
  ""type"": ""Point""
}","{
  ""coordinates"": [
    -83.004009961,
    42.400534976
  ],
  ""type"": ""Point""
}",-83.004009961,42.4005349760001
1796,1234573,DEQUINDRE,NEVADA,2017-12-08,8,12,2017,14,6,5,9,,4,0,,1,1,1,35,2,2,2,5,0,0,0,0,true,,false,false,false,false,false,,,,,,false,false,true,,,false,false,false,false,false,-83.08254,42.42535,"{
  ""coordinates"": [
    -8.308253887300000e+01,
    4.242534660700010e+01
  ],
  ""type"": ""Point""
}","{
  ""coordinates"": [
    -83.082538873,
    42.425346607
  ],
  ""type"": ""Point""
}",-83.082538873,42.4253466070001
1797,1219841,I-75,M-8,2017-12-08,8,12,2017,6,6,5,1,,1,0,,1,1,1,70,4,2,2,5,0,0,0,0,true,,false,false,false,false,false,,,,,,false,false,false,,,false,false,false,false,false,-83.08072,42.41005,"{
  ""coordinates"": [
    -8.308071821599999e+01,
    4.241005140000000e+01
  ],
  ""type"": ""Point""
}","{
  ""coordinates"": [
    -83.080718216,
    42.4100514
  ],
  ""type"": ""Point""
}",-83.080718216,42.4100514
1798,1219964,NORTHLAWN,STAWELL,2017-12-08,8,12,2017,23,6,4,9,,,0,,1,1,4,15,1,2,3,4,0,0,0,2,false,,false,false,true,false,false,,,,,,false,false,false,,,false,false,false,false,false,-83.152,42.36097,"{
  ""coordinates"": [
    -8.315200358700000e+01,
    4.236096545000000e+01
  ],
  ""type"": ""Point""
}","{
  ""coordinates"": [
    -83.152003587,
    42.36096545
  ],
  ""type"": ""Point""
}",-83.152003587,42.36096545
1799,1219915,WARREN,ANATOLE,2017-12-08,8,12,2017,13,6,4,9,,4,0,,1,1,1,25,6,2,2,5,0,0,0,0,true,,false,false,false,false,false,,,,,,false,true,false,,,false,false,false,false,false,-82.91349,42.41208,"{
  ""coordinates"": [
    -8.291349211300000e+01,
    4.241208274600010e+01
  ],
  ""type"": ""Point""
}","{
  ""coordinates"": [
    -82.913492113,
    42.412082746
  ],
  ""type"": ""Point""
}",-82.913492113,42.4120827460001
1800,1219795,RAMP 008H,SOUTHFIELD SERVICE DRIVE,2017-12-08,8,12,2017,16,6,8,1,,1,0,,1,1,1,25,1,2,1,3,0,0,1,0,false,,false,false,true,false,false,,,,,,false,false,true,,,false,false,false,false,false,-83.21763,42.38168,"{
  ""coordinates"": [
    -8.321762504899991e+01,
    4.238168254600000e+01
  ],
  ""type"": ""Point""
}","{
  ""coordinates"": [
    -83.217625049,
    42.381682546
  ],
  ""type"": ""Point""
}",-83.2176250489999,42.381682546
1801,1219989,7 MILE,LINCOLNSHIRE,2017-12-08,8,12,2017,10,6,8,9,,2,0,,1,1,1,0,2,2,0,5,0,0,0,0,true,,false,false,true,false,false,,,,,,false,false,false,,,false,false,false,false,false,-83.11993,42.43208,"{
  ""coordinates"": [
    -8.311992477299999e+01,
    4.243208414900000e+01
  ],
  ""type"": ""Point""
}","{
  ""coordinates"": [
    -83.119924773,
    42.432084149
  ],
  ""type"": ""Point""
}",-83.119924773,42.432084149
1802,1219866,MICHIGAN,TRUMBULL,2017-12-08,8,12,2017,12,6,97,2,,1,0,,1,1,1,35,2,2,3,5,0,0,0,0,true,,false,false,true,false,false,,,,,,false,false,false,,,false,false,false,false,false,-83.06712,42.33142,"{
  ""coordinates"": [
    -8.306712090300000e+01,
    4.233142181700000e+01
  ],
  ""type"": ""Point""
}","{
  ""coordinates"": [
    -83.067120903,
    42.331421817
  ],
  ""type"": ""Point""
}",-83.067120903,42.331421817
1803,1223861,E I 94,CHENE,2017-12-08,8,12,2017,10,6,5,1,,1,0,,1,1,4,30,3,2,2,5,0,0,0,0,true,,false,false,false,false,false,,,,,,false,false,true,,,false,false,false,false,false,-83.04645,42.37427,"{
  ""coordinates"": [
    -8.304645013000000e+01,
    4.237426600300010e+01
  ],
  ""type"": ""Point""
}","{
  ""coordinates"": [
    -83.04645013,
    42.374266003
  ],
  ""type"": ""Point""
}",-83.04645013,42.3742660030001
1804,1219974,RYAN,OUTER,2017-12-08,8,12,2017,19,6,5,9,,4,0,,1,1,4,30,2,2,1,5,0,0,0,0,true,,false,false,true,false,false,,,,,,false,false,false,,,false,false,false,false,false,-83.06355,42.44045,"{
  ""coordinates"": [
    -8.306355615099990e+01,
    4.244045073100010e+01
  ],
  ""type"": ""Point""
}","{
  ""coordinates"": [
    -83.063556151,
    42.440450731
  ],
  ""type"": ""Point""
}",-83.0635561509999,42.4404507310001
1805,1219968,7 MILE,KEMPA,2017-12-08,8,12,2017,16,6,4,9,,4,0,,1,1,1,35,2,2,2,5,0,0,0,0,true,,false,false,true,false,false,,,,,,false,false,false,,,false,false,false,false,false,-83.01962,42.43406,"{
  ""coordinates"": [
    -8.301962534700000e+01,
    4.243406307700010e+01
  ],
  ""type"": ""Point""
}","{
  ""coordinates"": [
    -83.019625347,
    42.434063077
  ],
  ""type"": ""Point""
}",-83.019625347,42.4340630770001
1806,1228207,I-94,LONYO,2017-12-08,8,12,2017,16,6,5,1,,1,0,,1,1,1,55,3,2,2,5,0,0,0,0,true,,false,false,false,false,false,,,,,,false,false,true,,,false,false,false,false,false,-83.14394,42.33143,"{
  ""coordinates"": [
    -8.314394315700000e+01,
    4.233142824100000e+01
  ],
  ""type"": ""Point""
}","{
  ""coordinates"": [
    -83.143943157,
    42.331428241
  ],
  ""type"": ""Point""
}",-83.143943157,42.331428241
1807,1327849,I 75,SPRINGWELLS,2017-12-08,8,12,2017,18,6,5,1,,1,0,,1,1,4,55,1,3,4,4,0,0,0,2,false,,false,false,false,false,false,,,,,,false,true,false,,,false,false,false,false,false,-83.1209,42.30058,"{
  ""coordinates"": [
    -8.312090447700000e+01,
    4.230057602700000e+01
  ],
  ""type"": ""Point""
}","{
  ""coordinates"": [
    -83.120904477,
    42.300576027
  ],
  ""type"": ""Point""
}",-83.120904477,42.300576027
1808,1219969,S I 75,BRENTWOOD,2017-12-08,8,12,2017,8,6,5,1,,1,0,,1,1,1,0,3,2,1,5,0,0,0,0,true,,false,false,true,false,false,,,,,,false,false,false,,,false,false,false,false,false,-83.09476,42.43113,"{
  ""coordinates"": [
    -8.309476112800000e+01,
    4.243112673700010e+01
  ],
  ""type"": ""Point""
}","{
  ""coordinates"": [
    -83.094761128,
    42.431126737
  ],
  ""type"": ""Point""
}",-83.094761128,42.4311267370001
1809,1228208,I-75,SCHAEFER,2017-12-08,8,12,2017,17,6,5,1,,1,0,,1,1,3,55,3,2,2,5,0,0,0,0,true,,false,false,false,false,false,,,,,,false,false,false,,,false,false,false,false,false,-83.14932,42.2819,"{
  ""coordinates"": [
    -8.314932415299999e+01,
    4.228190242200000e+01
  ],
  ""type"": ""Point""
}","{
  ""coordinates"": [
    -83.149324153,
    42.281902422
  ],
  ""type"": ""Point""
}",-83.149324153,42.281902422
1810,1219972,LANTZ,LAMONT,2017-12-08,8,12,2017,17,6,5,9,,,0,,1,1,1,25,1,2,1,5,0,0,0,0,true,,false,false,true,false,false,,,,,,false,false,false,,,false,false,false,false,false,-83.05507,42.43823,"{
  ""coordinates"": [
    -8.305506643699989e+01,
    4.243823112500010e+01
  ],
  ""type"": ""Point""
}","{
  ""coordinates"": [
    -83.055066437,
    42.438231125
  ],
  ""type"": ""Point""
}",-83.0550664369999,42.4382311250001
1811,1219937,PREVOST,PURITAN,2017-12-08,8,12,2017,10,6,4,9,,,0,,1,1,1,25,2,2,2,1,1,1,0,0,false,,false,false,true,false,false,,,,,,false,false,false,,,false,false,false,false,false,-83.20322,42.40867,"{
  ""coordinates"": [
    -8.320321351900000e+01,
    4.240866831300010e+01
  ],
  ""type"": ""Point""
}","{
  ""coordinates"": [
    -83.203213519,
    42.408668313
  ],
  ""type"": ""Point""
}",-83.203213519,42.4086683130001
1812,1219853,I-96,VERNOR,2017-12-08,8,12,2017,13,6,5,1,,1,0,,1,1,1,55,2,2,2,5,0,0,0,0,true,,false,false,false,false,false,,,,,,false,false,false,,,false,false,false,false,false,-83.0836,42.32348,"{
  ""coordinates"": [
    -8.308359436300000e+01,
    4.232348116500000e+01
  ],
  ""type"": ""Point""
}","{
  ""coordinates"": [
    -83.083594363,
    42.323481165
  ],
  ""type"": ""Point""
}",-83.083594363,42.323481165
1813,1220701,DAVISON,OAKLAND,2017-12-08,8,12,2017,16,6,5,3,,1,0,,1,1,1,55,2,2,2,4,0,0,0,1,false,,false,false,true,false,false,,,,,,false,true,false,,,false,false,false,false,false,-83.07903,42.40896,"{
  ""coordinates"": [
    -8.307903373800001e+01,
    4.240896385000010e+01
  ],
  ""type"": ""Point""
}","{
  ""coordinates"": [
    -83.079033738,
    42.40896385
  ],
  ""type"": ""Point""
}",-83.079033738,42.4089638500001
1814,1232069,HENRY,GRAND RIVER,2017-12-08,8,12,2017,20,6,97,3,,,0,,1,1,4,35,7,2,1,5,0,0,0,0,true,,false,false,true,false,false,,,,,,true,false,false,,,false,false,false,false,false,-83.06168,42.33753,"{
  ""coordinates"": [
    -8.306168307099990e+01,
    4.233752941500010e+01
  ],
  ""type"": ""Point""
}","{
  ""coordinates"": [
    -83.061683071,
    42.337529415
  ],
  ""type"": ""Point""
}",-83.0616830709999,42.3375294150001
1815,1228245,CHENE,E I 94,2017-12-08,8,12,2017,13,6,5,9,,4,0,,97,1,1,30,2,3,3,5,0,0,0,0,true,,false,false,false,false,false,,,,,,false,false,false,,,false,false,false,false,false,-83.04638,42.37437,"{
  ""coordinates"": [
    -8.304637662899999e+01,
    4.237436783100000e+01
  ],
  ""type"": ""Point""
}","{
  ""coordinates"": [
    -83.046376629,
    42.374367831
  ],
  ""type"": ""Point""
}",-83.046376629,42.374367831
1816,1220703,M-39,GRANDRIVER,2017-12-08,8,12,2017,17,6,5,3,,1,0,,1,1,3,55,3,4,6,5,0,0,0,0,true,,false,false,true,false,false,,,,,,false,false,true,,,false,false,false,false,false,-83.21838,42.40034,"{
  ""coordinates"": [
    -8.321837721400000e+01,
    4.240034034500010e+01
  ],
  ""type"": ""Point""
}","{
  ""coordinates"": [
    -83.218377214,
    42.400340345
  ],
  ""type"": ""Point""
}",-83.218377214,42.4003403450001
1817,1234634,WARREN,S M 10,2017-12-08,8,12,2017,13,6,3,9,,4,0,,1,1,1,30,4,2,4,5,0,0,0,0,true,,false,false,false,false,false,,,,,,false,true,false,,,false,false,false,false,false,-83.07364,42.35388,"{
  ""coordinates"": [
    -8.307363759499999e+01,
    4.235387965600010e+01
  ],
  ""type"": ""Point""
}","{
  ""coordinates"": [
    -83.073637595,
    42.353879656
  ],
  ""type"": ""Point""
}",-83.073637595,42.3538796560001
1818,1219946,GRATIOT,CONNER,2017-12-08,8,12,2017,17,6,4,3,,1,0,,1,1,4,35,7,2,2,4,0,0,0,1,false,,false,false,false,false,false,,,,,,false,false,false,,,false,false,false,false,false,-82.9979,42.40431,"{
  ""coordinates"": [
    -8.299789973400000e+01,
    4.240430704600000e+01
  ],
  ""type"": ""Point""
}","{
  ""coordinates"": [
    -82.997899734,
    42.404307046
  ],
  ""type"": ""Point""
}",-82.997899734,42.404307046
1819,1219898,CADIEUX,CHANDLER PARK,2017-12-08,8,12,2017,14,6,4,9,,4,0,,4,1,1,30,4,2,2,4,0,0,0,1,false,,true,true,true,false,false,,,,,,false,false,false,,,false,false,false,false,false,-82.93304,42.41098,"{
  ""coordinates"": [
    -8.293303368100000e+01,
    4.241098310900000e+01
  ],
  ""type"": ""Point""
}","{
  ""coordinates"": [
    -82.933033681,
    42.410983109
  ],
  ""type"": ""Point""
}",-82.933033681,42.410983109
1820,1222254,RAMP 007B,N M 39 SERVICE DRIVE,2017-12-08,8,12,2017,15,6,5,3,,1,0,,1,1,1,55,1,2,2,4,0,0,0,1,false,,false,false,false,false,false,,,,,,false,false,true,,,false,false,false,false,false,-83.2162,42.35924,"{
  ""coordinates"": [
    -8.321619907000000e+01,
    4.235924078700000e+01
  ],
  ""type"": ""Point""
}","{
  ""coordinates"": [
    -83.21619907,
    42.359240787
  ],
  ""type"": ""Point""
}",-83.21619907,42.359240787
1821,1223843,ARTESIAN,FENKELL,2017-12-08,8,12,2017,6,6,1,9,,,1,,1,1,4,25,2,1,1,5,0,0,0,0,true,,false,false,false,false,false,,,,,,false,true,false,,,false,false,false,false,false,-83.22763,42.40076,"{
  ""coordinates"": [
    -8.322763393000000e+01,
    4.240075736500010e+01
  ],
  ""type"": ""Point""
}","{
  ""coordinates"": [
    -83.22763393,
    42.400757365
  ],
  ""type"": ""Point""
}",-83.22763393,42.4007573650001
1822,1303467,WOODWARD,ALFRED,2017-12-08,8,12,2017,16,6,5,3,,1,0,,1,1,1,35,5,2,2,5,0,0,0,0,true,,false,false,false,false,false,,,,,,false,false,true,,,false,false,false,false,false,-83.05479,42.34278,"{
  ""coordinates"": [
    -8.305479242000000e+01,
    4.234278647700010e+01
  ],
  ""type"": ""Point""
}","{
  ""coordinates"": [
    -83.05479242,
    42.342786477
  ],
  ""type"": ""Point""
}",-83.05479242,42.3427864770001
1823,1218088,7 MILE,ALCOY,2017-12-07,7,12,2017,12,5,8,9,,4,0,,1,2,1,30,2,2,1,5,0,0,0,0,true,,false,false,true,false,false,,,,,,false,false,false,,,false,false,false,false,false,-82.98895,42.43484,"{
  ""coordinates"": [
    -8.298895571299990e+01,
    4.243483666500000e+01
  ],
  ""type"": ""Point""
}","{
  ""coordinates"": [
    -82.988955713,
    42.434836665
  ],
  ""type"": ""Point""
}",-82.9889557129999,42.434836665
1824,1218086,LINDSAY,CURTIS,2017-12-07,7,12,2017,17,5,97,9,,,0,,1,1,4,35,5,2,1,5,0,0,0,0,true,,false,false,false,false,false,,,,,,false,false,false,,,false,false,false,false,false,-83.21356,42.42276,"{
  ""coordinates"": [
    -8.321356029299990e+01,
    4.242276258300010e+01
  ],
  ""type"": ""Point""
}","{
  ""coordinates"": [
    -83.213560293,
    42.422762583
  ],
  ""type"": ""Point""
}",-83.2135602929999,42.4227625830001
1825,1219986,8 MILE,STAHELIN,2017-12-07,7,12,2017,0,5,1,3,,1,0,,1,1,4,0,4,1,2,5,0,0,0,0,true,,false,false,false,false,false,,,,,,false,true,false,,,false,false,false,false,true,-83.2281,42.444,"{
  ""coordinates"": [
    -8.322810375900001e+01,
    4.244399708700010e+01
  ],
  ""type"": ""Point""
}","{
  ""coordinates"": [
    -83.228103759,
    42.443997087
  ],
  ""type"": ""Point""
}",-83.228103759,42.4439970870001