ObjectId,Crash ID,Primary Road,Intersecting Road,Crash Date,Day,Month,Year,Hour,Weekday,Crash Type Code,Highway Classification Code,Community Code,Jurisdiction Code,Lane Departure Type Code,Surface Type,Road Condition,Weather Condition,Lighting Condition,Speed Limit,Lanes,Units,Occupants,Most Severe Injury,Fatal Injuries,Suspected Serious Injuries,Suspected Minor Injuries,Possible Injuries,Property Damage Only,Secondary Crash,Traffic Control,Red Light Run,Hit and Run,Alcohol,Drugs,Unbelted Person,Work Zone,Speeding Driver,Distracted Driver,Driveway,Pedestrian,Elderly Driver,Young Driver,Commercial Vehicle,Emergency Vehicles,Train,School Bus,Motorcycle,Bicycle,Deer,Longitude,Latitude,geom,geog,x,y
1826,1218068,OUTER,FORT,2017-12-07,7,12,2017,9,5,97,3,,2,1,,2,5,1,35,3,1,1,5,0,0,0,0,true,,false,false,false,false,false,,,,,,false,false,false,,,false,false,false,false,false,-83.16697,42.26231,"{
  ""coordinates"": [
    -8.316697215799999e+01,
    4.226230972600010e+01
  ],
  ""type"": ""Point""
}","{
  ""coordinates"": [
    -83.166972158,
    42.262309726
  ],
  ""type"": ""Point""
}",-83.166972158,42.2623097260001
1827,1223785,E I 94,MOUNT ELLIOTT,2017-12-07,7,12,2017,12,5,8,1,,1,3,,1,1,1,55,3,2,1,5,0,0,0,0,true,,false,false,false,false,false,,,,,,false,false,false,,,false,false,false,false,false,-83.03306,42.37971,"{
  ""coordinates"": [
    -8.303305451499990e+01,
    4.237970941900010e+01
  ],
  ""type"": ""Point""
}","{
  ""coordinates"": [
    -83.033054515,
    42.379709419
  ],
  ""type"": ""Point""
}",-83.0330545149999,42.3797094190001
1828,1219881,CONNER,SHOEMAKER30,2017-12-07,7,12,2017,16,5,5,9,,4,0,,1,1,1,30,3,2,2,5,0,0,0,0,true,,false,false,false,false,false,,,,,,false,false,false,,,false,false,false,false,false,-82.98321,42.39294,"{
  ""coordinates"": [
    -8.298321124599990e+01,
    4.239294438300000e+01
  ],
  ""type"": ""Point""
}","{
  ""coordinates"": [
    -82.983211246,
    42.392944383
  ],
  ""type"": ""Point""
}",-82.9832112459999,42.392944383
1829,1218031,MCNICHOLS,MARKTWAIN,2017-12-07,7,12,2017,13,5,4,9,,2,0,,1,1,1,35,4,2,3,5,0,0,0,0,true,,false,false,true,false,false,,,,,,false,false,true,,,false,false,false,false,false,-83.18725,42.4165,"{
  ""coordinates"": [
    -8.318724681000000e+01,
    4.241650366700000e+01
  ],
  ""type"": ""Point""
}","{
  ""coordinates"": [
    -83.18724681,
    42.416503667
  ],
  ""type"": ""Point""
}",-83.18724681,42.416503667
1830,1218080,GRATIOT,ST AUBIN,2017-12-07,7,12,2017,9,5,4,3,,1,0,,1,2,1,35,3,2,2,5,0,0,0,0,true,,false,false,false,false,false,,,,,,false,false,false,,,false,false,false,false,false,-83.03433,42.34925,"{
  ""coordinates"": [
    -8.303433388400001e+01,
    4.234925003900000e+01
  ],
  ""type"": ""Point""
}","{
  ""coordinates"": [
    -83.034333884,
    42.349250039
  ],
  ""type"": ""Point""
}",-83.034333884,42.349250039
1831,1219930,8 MILE,SOUTHFIELD SERVICE DRIVE,2017-12-07,7,12,2017,9,5,1,3,,1,0,,4,5,1,40,4,1,1,4,0,0,0,1,false,,false,false,false,false,false,,,,,,false,false,true,,,false,false,false,false,false,-83.21925,42.44419,"{
  ""coordinates"": [
    -8.321925337200000e+01,
    4.244419200900010e+01
  ],
  ""type"": ""Point""
}","{
  ""coordinates"": [
    -83.219253372,
    42.444192009
  ],
  ""type"": ""Point""
}",-83.219253372,42.4441920090001
1832,1223788,N M 10,RAMP 215E,2017-12-07,7,12,2017,9,5,97,3,,1,0,,4,5,1,55,4,2,2,5,0,0,0,0,true,,false,false,false,false,false,,,,,,false,false,false,,,false,false,false,false,false,-83.07769,42.36168,"{
  ""coordinates"": [
    -8.307768689300001e+01,
    4.236168263200010e+01
  ],
  ""type"": ""Point""
}","{
  ""coordinates"": [
    -83.077686893,
    42.361682632
  ],
  ""type"": ""Point""
}",-83.077686893,42.3616826320001
1833,1219942,E I 96 CD,KENTFIELD,2017-12-07,7,12,2017,14,5,4,1,,1,0,,1,1,1,0,2,2,2,5,0,0,0,0,true,,false,false,false,false,false,,,,,,false,false,false,,,false,false,false,false,false,-83.23923,42.38207,"{
  ""coordinates"": [
    -8.323923358899999e+01,
    4.238207096000010e+01
  ],
  ""type"": ""Point""
}","{
  ""coordinates"": [
    -83.239233589,
    42.38207096
  ],
  ""type"": ""Point""
}",-83.239233589,42.3820709600001
1834,1219953,MADDELEIN,REDMOND,2017-12-07,7,12,2017,15,5,8,9,,,3,,1,1,1,25,2,2,1,5,0,0,0,0,true,,false,false,false,false,false,,,,,,false,false,false,,,false,false,false,false,false,-82.95542,42.43652,"{
  ""coordinates"": [
    -8.295542456000000e+01,
    4.243651740700010e+01
  ],
  ""type"": ""Point""
}","{
  ""coordinates"": [
    -82.95542456,
    42.436517407
  ],
  ""type"": ""Point""
}",-82.95542456,42.4365174070001
1835,1250634,W/B I-94,I-75,2017-12-07,7,12,2017,23,5,4,1,,1,0,,1,1,4,55,3,2,1,4,0,0,0,1,false,,false,false,true,false,false,,,,,,false,true,false,,,false,false,false,false,false,-83.05775,42.36892,"{
  ""coordinates"": [
    -8.305775348000000e+01,
    4.236891660400000e+01
  ],
  ""type"": ""Point""
}","{
  ""coordinates"": [
    -83.05775348,
    42.368916604
  ],
  ""type"": ""Point""
}",-83.05775348,42.368916604
1836,1225421,OUTER,SCHOOLCRAFT,2017-12-07,7,12,2017,21,5,1,9,,2,0,,1,1,4,35,2,1,2,5,0,0,0,0,true,,false,false,false,false,false,,,,,,false,false,true,,,false,false,false,false,false,-83.25617,42.38504,"{
  ""coordinates"": [
    -8.325616891300000e+01,
    4.238504421100000e+01
  ],
  ""type"": ""Point""
}","{
  ""coordinates"": [
    -83.256168913,
    42.385044211
  ],
  ""type"": ""Point""
}",-83.256168913,42.385044211
1837,1222259,I-94,RUSSELL,2017-12-07,7,12,2017,9,5,1,1,,1,1,,2,5,1,55,4,1,1,5,0,0,0,0,true,,false,false,false,false,false,,,,,,false,false,true,,,false,false,false,false,false,-83.05632,42.36961,"{
  ""coordinates"": [
    -8.305632138800000e+01,
    4.236960819500010e+01
  ],
  ""type"": ""Point""
}","{
  ""coordinates"": [
    -83.056321388,
    42.369608195
  ],
  ""type"": ""Point""
}",-83.056321388,42.3696081950001
1838,1219874,WARREN,N I 75 SERVICE DRIVE,2017-12-07,7,12,2017,9,5,8,9,,4,0,,4,5,1,30,4,2,1,5,0,0,0,0,true,,false,false,true,false,false,,,,,,false,false,false,,,false,false,false,false,false,-83.05386,42.36118,"{
  ""coordinates"": [
    -8.305385419000000e+01,
    4.236118148200010e+01
  ],
  ""type"": ""Point""
}","{
  ""coordinates"": [
    -83.05385419,
    42.361181482
  ],
  ""type"": ""Point""
}",-83.05385419,42.3611814820001
1839,1260296,S/B M-10,GRAND,2017-12-07,7,12,2017,16,5,8,3,,1,0,,1,2,1,55,3,2,2,5,0,0,0,0,true,,false,false,false,false,false,,,,,,false,true,false,,,false,false,false,false,false,-83.08008,42.36462,"{
  ""coordinates"": [
    -8.308007803399990e+01,
    4.236461493400000e+01
  ],
  ""type"": ""Point""
}","{
  ""coordinates"": [
    -83.080078034,
    42.364614934
  ],
  ""type"": ""Point""
}",-83.0800780339999,42.364614934
1840,1219959,LIVERNOIS,W I 96,2017-12-07,7,12,2017,10,5,9,9,,4,0,,4,5,1,35,2,2,2,5,0,0,0,0,true,,false,false,true,false,false,,,,,,false,false,false,,,false,false,false,false,false,-83.13875,42.36738,"{
  ""coordinates"": [
    -8.313874505099990e+01,
    4.236737637400010e+01
  ],
  ""type"": ""Point""
}","{
  ""coordinates"": [
    -83.138745051,
    42.367376374
  ],
  ""type"": ""Point""
}",-83.1387450509999,42.3673763740001
1841,1218032,GREENFIELD,PURITAN,2017-12-07,7,12,2017,15,5,3,9,,2,0,,1,1,1,0,6,2,2,5,0,0,0,0,true,,false,false,true,false,false,,,,,,false,false,true,,,false,false,false,false,false,-83.19901,42.40876,"{
  ""coordinates"": [
    -8.319901260099989e+01,
    4.240875909900010e+01
  ],
  ""type"": ""Point""
}","{
  ""coordinates"": [
    -83.199012601,
    42.408759099
  ],
  ""type"": ""Point""
}",-83.1990126009999,42.4087590990001
1842,1218023,M-10,CANFIELD,2017-12-07,7,12,2017,10,5,1,9,,4,1,,1,1,1,55,3,1,1,5,0,0,0,0,true,,false,false,false,false,false,,,,,,false,false,false,,,false,false,false,false,false,-83.0715,42.34949,"{
  ""coordinates"": [
    -8.307149410999990e+01,
    4.234949531800000e+01
  ],
  ""type"": ""Point""
}","{
  ""coordinates"": [
    -83.07149411,
    42.349495318
  ],
  ""type"": ""Point""
}",-83.0714941099999,42.349495318
1843,1248078,RUPERT,BUFFALO,2017-12-07,7,12,2017,8,5,4,9,,,0,,2,5,1,25,1,2,2,5,0,0,0,0,true,,false,false,false,false,false,,,,,,false,false,true,,,false,false,false,false,false,-83.04755,42.41396,"{
  ""coordinates"": [
    -8.304754556700000e+01,
    4.241395721800010e+01
  ],
  ""type"": ""Point""
}","{
  ""coordinates"": [
    -83.047545567,
    42.413957218
  ],
  ""type"": ""Point""
}",-83.047545567,42.4139572180001
1844,1219873,WARREN,S I 75,2017-12-07,7,12,2017,10,5,5,9,,4,0,,4,5,1,30,4,2,1,5,0,0,0,0,true,,false,false,true,false,false,,,,,,false,false,false,,,false,false,false,false,false,-83.05437,42.36079,"{
  ""coordinates"": [
    -8.305437839599990e+01,
    4.236078556600010e+01
  ],
  ""type"": ""Point""
}","{
  ""coordinates"": [
    -83.054378396,
    42.360785566
  ],
  ""type"": ""Point""
}",-83.0543783959999,42.3607855660001
1845,1218084,LAFAYETTE,FIELD,2017-12-07,7,12,2017,12,5,4,9,,4,0,,1,1,1,30,2,2,3,5,0,0,0,0,true,,true,false,false,false,false,,,,,,false,false,false,,,false,false,false,false,false,-83.00247,42.35098,"{
  ""coordinates"": [
    -8.300247231799990e+01,
    4.235098122300010e+01
  ],
  ""type"": ""Point""
}","{
  ""coordinates"": [
    -83.002472318,
    42.350981223
  ],
  ""type"": ""Point""
}",-83.0024723179999,42.3509812230001
1846,1219797,I-94,I-75,2017-12-07,7,12,2017,13,5,5,1,,1,0,,1,2,1,55,3,2,2,5,0,0,0,0,true,,false,false,false,false,false,,,,,,false,false,false,,,false,false,false,false,false,-83.05653,42.36966,"{
  ""coordinates"": [
    -8.305652634700000e+01,
    4.236965938600010e+01
  ],
  ""type"": ""Point""
}","{
  ""coordinates"": [
    -83.056526347,
    42.369659386
  ],
  ""type"": ""Point""
}",-83.056526347,42.3696593860001
1847,1239338,OUTER,SOUTHFIELD SERVICE DRIVE,2017-12-07,7,12,2017,10,5,5,9,,2,0,,3,5,1,35,5,2,4,5,0,0,0,0,true,,false,false,false,false,false,,,,,,false,false,true,,,false,false,false,false,false,-83.2187,42.41927,"{
  ""coordinates"": [
    -8.321869386299990e+01,
    4.241927377300000e+01
  ],
  ""type"": ""Point""
}","{
  ""coordinates"": [
    -83.218693863,
    42.419273773
  ],
  ""type"": ""Point""
}",-83.2186938629999,42.419273773
1848,1218087,WALTHAM,GRATIOT,2017-12-07,7,12,2017,7,5,4,3,,,0,,1,5,2,25,8,2,5,5,0,0,0,0,true,,false,false,false,false,false,,,,,,false,false,false,,,false,false,false,false,false,-82.98824,42.41908,"{
  ""coordinates"": [
    -8.298824508300000e+01,
    4.241907655900010e+01
  ],
  ""type"": ""Point""
}","{
  ""coordinates"": [
    -82.988245083,
    42.419076559
  ],
  ""type"": ""Point""
}",-82.988245083,42.4190765590001
1849,1219887,OAKWOOD,SANDERS,2017-12-07,7,12,2017,13,5,5,9,,,0,,1,1,1,25,4,2,2,5,0,0,0,0,true,,false,false,false,false,false,,,,,,false,false,false,,,false,false,false,false,false,-83.15121,42.28828,"{
  ""coordinates"": [
    -8.315120563999990e+01,
    4.228828406500000e+01
  ],
  ""type"": ""Point""
}","{
  ""coordinates"": [
    -83.15120564,
    42.288284065
  ],
  ""type"": ""Point""
}",-83.1512056399999,42.288284065
1850,1219931,GREENFIELD,MCNICHOLS,2017-12-07,7,12,2017,18,5,97,9,,2,0,,2,5,4,35,4,2,1,4,0,0,0,1,false,,false,false,false,false,false,,,,,,true,false,false,,,false,false,false,false,false,-83.19932,42.41612,"{
  ""coordinates"": [
    -8.319931719399990e+01,
    4.241611966800010e+01
  ],
  ""type"": ""Point""
}","{
  ""coordinates"": [
    -83.199317194,
    42.416119668
  ],
  ""type"": ""Point""
}",-83.1993171939999,42.4161196680001
1851,1218092,YOLANDA,OUTER,2017-12-07,7,12,2017,20,5,1,9,,,0,,4,1,3,35,4,2,0,3,0,0,1,0,false,,false,false,true,false,false,,,,,,true,false,false,,,false,false,false,false,false,-83.01568,42.43815,"{
  ""coordinates"": [
    -8.301567989499991e+01,
    4.243815253600010e+01
  ],
  ""type"": ""Point""
}","{
  ""coordinates"": [
    -83.015679895,
    42.438152536
  ],
  ""type"": ""Point""
}",-83.0156798949999,42.4381525360001
1852,1223784,S/B I-75,LODGE,2017-12-07,7,12,2017,9,5,1,1,,1,1,,3,8,1,55,1,1,1,4,0,0,0,1,false,,false,false,false,false,false,,,,,,false,false,false,,,false,false,false,false,false,-83.08564,42.33163,"{
  ""coordinates"": [
    -8.308563805800000e+01,
    4.233163190400010e+01
  ],
  ""type"": ""Point""
}","{
  ""coordinates"": [
    -83.085638058,
    42.331631904
  ],
  ""type"": ""Point""
}",-83.085638058,42.3316319040001
1853,1228198,I-96,OUTER,2017-12-07,7,12,2017,18,5,5,1,,1,0,,1,2,4,70,5,2,2,5,0,0,0,0,true,,false,false,false,false,false,,,,,,false,false,false,,,false,false,false,false,false,-83.26595,42.38579,"{
  ""coordinates"": [
    -8.326594444499990e+01,
    4.238579141600010e+01
  ],
  ""type"": ""Point""
}","{
  ""coordinates"": [
    -83.265944445,
    42.385791416
  ],
  ""type"": ""Point""
}",-83.2659444449999,42.3857914160001
1854,1223780,I-96,WARREN,2017-12-07,7,12,2017,17,5,5,1,,1,0,,2,5,5,70,4,2,2,5,0,0,0,0,true,,false,false,false,false,false,,,,,,false,false,true,,,false,false,false,false,false,-83.09584,42.34517,"{
  ""coordinates"": [
    -8.309583689800000e+01,
    4.234516744300000e+01
  ],
  ""type"": ""Point""
}","{
  ""coordinates"": [
    -83.095836898,
    42.345167443
  ],
  ""type"": ""Point""
}",-83.095836898,42.345167443
1855,1223550,RAMP 222A,E I 94,2017-12-07,7,12,2017,19,5,5,1,,1,0,,1,2,5,70,3,2,2,5,0,0,0,0,true,,false,false,false,false,false,,,,,,false,false,true,,,false,false,false,false,false,-82.95011,42.40788,"{
  ""coordinates"": [
    -8.295011009599990e+01,
    4.240788017200000e+01
  ],
  ""type"": ""Point""
}","{
  ""coordinates"": [
    -82.950110096,
    42.407880172
  ],
  ""type"": ""Point""
}",-82.9501100959999,42.407880172
1856,1218035,WYOMING,FULLERTON,2017-12-07,7,12,2017,16,5,8,9,,4,0,,1,2,1,35,3,2,1,5,0,0,0,0,true,,false,false,false,false,false,,,,,,false,true,false,,,false,false,false,false,false,-83.15887,42.38198,"{
  ""coordinates"": [
    -8.315886856500001e+01,
    4.238197615600010e+01
  ],
  ""type"": ""Point""
}","{
  ""coordinates"": [
    -83.158868565,
    42.381976156
  ],
  ""type"": ""Point""
}",-83.158868565,42.3819761560001
1857,1253922,I-75,CLARK,2017-12-07,7,12,2017,19,5,8,1,,1,0,,4,5,4,55,4,2,1,5,0,0,0,0,true,,false,false,false,false,false,,,,,,false,false,false,,,false,false,false,false,false,-83.08921,42.31415,"{
  ""coordinates"": [
    -8.308920800600001e+01,
    4.231415004800000e+01
  ],
  ""type"": ""Point""
}","{
  ""coordinates"": [
    -83.089208006,
    42.314150048
  ],
  ""type"": ""Point""
}",-83.089208006,42.314150048
1858,1244198,GREENLAWN,SANTA CLARA,2017-12-07,7,12,2017,15,5,8,9,,,0,,1,1,1,25,2,2,1,5,0,0,0,0,true,,false,false,false,false,false,,,,,,false,false,true,,,false,false,false,false,false,-83.15137,42.42085,"{
  ""coordinates"": [
    -8.315136375299990e+01,
    4.242085353600000e+01
  ],
  ""type"": ""Point""
}","{
  ""coordinates"": [
    -83.151363753,
    42.420853536
  ],
  ""type"": ""Point""
}",-83.1513637529999,42.420853536
1859,1218074,PATTON,CAMBRIDGE,2017-12-07,7,12,2017,14,5,4,9,,,0,,1,2,1,25,1,2,2,5,0,0,0,0,true,,true,false,false,false,false,,,,,,false,false,false,,,false,false,false,false,false,-83.24525,42.43125,"{
  ""coordinates"": [
    -8.324524520400000e+01,
    4.243124596500010e+01
  ],
  ""type"": ""Point""
}","{
  ""coordinates"": [
    -83.245245204,
    42.431245965
  ],
  ""type"": ""Point""
}",-83.245245204,42.4312459650001
1860,1218033,GRAND RIVER,TERRY,2017-12-07,7,12,2017,9,5,1,3,,1,1,,3,5,1,30,5,1,1,5,0,0,0,0,true,,false,false,false,false,false,,,,,,false,false,false,,,false,false,false,false,false,-83.19163,42.38995,"{
  ""coordinates"": [
    -8.319162883599989e+01,
    4.238994950200000e+01
  ],
  ""type"": ""Point""
}","{
  ""coordinates"": [
    -83.191628836,
    42.389949502
  ],
  ""type"": ""Point""
}",-83.1916288359999,42.389949502
1861,1218065,GREUSEL,OTIS,2017-12-07,7,12,2017,4,5,9,9,,,2,,2,5,4,25,2,2,0,5,0,0,0,0,true,,false,false,true,false,false,,,,,,false,false,false,,,false,false,false,false,false,-83.11155,42.32896,"{
  ""coordinates"": [
    -8.311154686099999e+01,
    4.232896155300010e+01
  ],
  ""type"": ""Point""
}","{
  ""coordinates"": [
    -83.111546861,
    42.328961553
  ],
  ""type"": ""Point""
}",-83.111546861,42.3289615530001
1862,1219970,TALBOT,FENELON,2017-12-07,7,12,2017,13,5,9,9,,,2,,4,5,1,0,1,2,0,5,0,0,0,0,true,,false,false,true,false,false,,,,,,false,false,false,,,false,false,false,false,false,-83.0513,42.40665,"{
  ""coordinates"": [
    -8.305129965799991e+01,
    4.240665159300000e+01
  ],
  ""type"": ""Point""
}","{
  ""coordinates"": [
    -83.051299658,
    42.406651593
  ],
  ""type"": ""Point""
}",-83.0512996579999,42.406651593
1863,1239742,M-10,7 MILE,2017-12-07,7,12,2017,18,5,5,3,,1,0,,4,5,4,55,3,2,2,5,0,0,0,0,true,,false,false,false,false,false,,,,,,false,false,true,,,false,false,false,false,false,-83.19008,42.43373,"{
  ""coordinates"": [
    -8.319007763400000e+01,
    4.243373257700010e+01
  ],
  ""type"": ""Point""
}","{
  ""coordinates"": [
    -83.190077634,
    42.433732577
  ],
  ""type"": ""Point""
}",-83.190077634,42.4337325770001
1864,1219922,CHENE,ANTIETAM,2017-12-07,7,12,2017,18,5,8,9,,,0,,1,1,4,30,2,2,2,5,0,0,0,0,true,,false,false,true,false,false,,,,,,false,false,false,,,false,false,false,false,false,-83.02629,42.34668,"{
  ""coordinates"": [
    -8.302629468899990e+01,
    4.234668386900010e+01
  ],
  ""type"": ""Point""
}","{
  ""coordinates"": [
    -83.026294689,
    42.346683869
  ],
  ""type"": ""Point""
}",-83.0262946889999,42.3466838690001
1865,1219987,8 MILE,RALSTON,2017-12-07,7,12,2017,12,5,5,3,,1,0,,1,1,1,40,4,2,2,5,0,0,0,0,true,,false,false,false,false,false,,,,,,false,false,true,,,false,false,false,false,false,-83.11769,42.44659,"{
  ""coordinates"": [
    -8.311768993800000e+01,
    4.244659501000010e+01
  ],
  ""type"": ""Point""
}","{
  ""coordinates"": [
    -83.117689938,
    42.44659501
  ],
  ""type"": ""Point""
}",-83.117689938,42.4465950100001
1866,1219948,KELLY,MORANG,2017-12-07,7,12,2017,21,5,97,9,,4,0,,4,5,4,30,5,2,3,5,0,0,0,0,true,,false,false,true,false,false,,,,,,false,false,true,,,false,false,false,false,false,-82.95724,42.42911,"{
  ""coordinates"": [
    -8.295724658200000e+01,
    4.242910746100010e+01
  ],
  ""type"": ""Point""
}","{
  ""coordinates"": [
    -82.957246582,
    42.429107461
  ],
  ""type"": ""Point""
}",-82.957246582,42.4291074610001
1867,1218079,I-96 SD,KENTFIELD,2017-12-07,7,12,2017,14,5,4,9,,2,0,,1,1,1,35,3,2,1,5,0,0,0,0,true,,false,false,false,false,false,,,,,,false,false,false,,,false,false,false,false,false,-83.23962,42.3862,"{
  ""coordinates"": [
    -8.323961446999991e+01,
    4.238620474200010e+01
  ],
  ""type"": ""Point""
}","{
  ""coordinates"": [
    -83.23961447,
    42.386204742
  ],
  ""type"": ""Point""
}",-83.2396144699999,42.3862047420001
1868,1280900,PRAIRE,MCNICHOLS,2017-12-07,7,12,2017,0,5,8,9,,,0,,1,1,4,30,1,2,2,5,0,0,0,0,true,,false,false,true,false,false,,,,,,false,false,true,,,false,false,false,false,false,-83.14516,42.41714,"{
  ""coordinates"": [
    -8.314515669699990e+01,
    4.241713968500010e+01
  ],
  ""type"": ""Point""
}","{
  ""coordinates"": [
    -83.145156697,
    42.417139685
  ],
  ""type"": ""Point""
}",-83.1451566969999,42.4171396850001
1869,1218090,EIGHT MILE,HOOVER,2017-12-07,7,12,2017,8,5,4,3,,1,0,,1,1,4,40,4,2,2,5,0,0,0,0,true,,false,false,false,false,false,,,,,,false,false,false,,,false,false,false,false,false,-83.00957,42.4486,"{
  ""coordinates"": [
    -8.300956853000000e+01,
    4.244859932200010e+01
  ],
  ""type"": ""Point""
}","{
  ""coordinates"": [
    -83.00956853,
    42.448599322
  ],
  ""type"": ""Point""
}",-83.00956853,42.4485993220001
1870,1218085,MACK,N I 75 SERVICE DRIVE,2017-12-07,7,12,2017,10,5,8,9,,4,0,,3,5,1,25,3,2,2,5,0,0,0,0,true,,false,false,false,false,false,,,,,,false,false,false,,,false,false,false,false,false,-83.04742,42.35137,"{
  ""coordinates"": [
    -8.304741483600000e+01,
    4.235136883100010e+01
  ],
  ""type"": ""Point""
}","{
  ""coordinates"": [
    -83.047414836,
    42.351368831
  ],
  ""type"": ""Point""
}",-83.047414836,42.3513688310001
1871,1233502,S M 10 SERVICE DRIVE,ELMHURST,2017-12-07,7,12,2017,7,5,5,3,,4,0,,2,8,1,55,3,2,2,5,0,0,0,0,true,,false,false,false,true,false,,,,,,false,false,false,,,false,false,false,false,false,-83.1039,42.38957,"{
  ""coordinates"": [
    -8.310390769200001e+01,
    4.238957096700010e+01
  ],
  ""type"": ""Point""
}","{
  ""coordinates"": [
    -83.103907692,
    42.389570967
  ],
  ""type"": ""Point""
}",-83.103907692,42.3895709670001
1872,1219943,GRATIOT,PELKEY,2017-12-07,7,12,2017,18,5,4,3,,1,0,,1,1,4,35,7,2,4,5,0,0,0,0,true,,false,false,false,false,false,,,,,,false,true,false,,,false,false,false,false,false,-82.98414,42.4253,"{
  ""coordinates"": [
    -8.298414185000000e+01,
    4.242530282800000e+01
  ],
  ""type"": ""Point""
}","{
  ""coordinates"": [
    -82.98414185,
    42.425302828
  ],
  ""type"": ""Point""
}",-82.98414185,42.425302828
1873,1218028,RAMP 215B,N M 10,2017-12-07,7,12,2017,9,5,1,1,,1,1,,2,5,1,55,1,1,1,5,0,0,0,0,true,,false,false,false,false,false,,,,,,false,false,true,,,false,false,false,false,false,-83.07735,42.36106,"{
  ""coordinates"": [
    -8.307735505200000e+01,
    4.236106628700000e+01
  ],
  ""type"": ""Point""
}","{
  ""coordinates"": [
    -83.077355052,
    42.361066287
  ],
  ""type"": ""Point""
}",-83.077355052,42.361066287
1874,1218091,CONCORD,MCNICHOLS,2017-12-07,7,12,2017,22,5,9,9,,,0,,1,1,4,25,1,2,1,5,0,0,0,0,true,,false,false,false,false,false,,,,,,false,false,false,,,false,false,false,false,false,-83.03196,42.41929,"{
  ""coordinates"": [
    -8.303195824900000e+01,
    4.241929372800010e+01
  ],
  ""type"": ""Point""
}","{
  ""coordinates"": [
    -83.031958249,
    42.419293728
  ],
  ""type"": ""Point""
}",-83.031958249,42.4192937280001
1875,1218083,CHRYSTLER SERVICE,MACK,2017-12-07,7,12,2017,17,5,4,1,,5,0,,1,1,3,30,6,2,5,4,0,0,0,1,false,,true,true,false,false,false,,,,,,false,false,true,,,false,false,false,false,false,-83.04745,42.35146,"{
  ""coordinates"": [
    -8.304745038000000e+01,
    4.235145448000000e+01
  ],
  ""type"": ""Point""
}","{
  ""coordinates"": [
    -83.04745038,
    42.35145448
  ],
  ""type"": ""Point""
}",-83.04745038,42.35145448
1876,1218089,OUTER,GRATIOT,2017-12-07,7,12,2017,13,5,6,3,,2,0,,1,1,1,35,3,2,1,5,0,0,0,0,true,,false,false,true,false,false,,,,,,false,false,false,,,false,false,false,false,false,-82.99648,42.40631,"{
  ""coordinates"": [
    -8.299647332000001e+01,
    4.240630983100000e+01
  ],
  ""type"": ""Point""
}","{
  ""coordinates"": [
    -82.99647332,
    42.406309831
  ],
  ""type"": ""Point""
}",-82.99647332,42.406309831
1877,1216655,STATE FAIR,CORDELL,2017-12-06,6,12,2017,9,4,10,9,,5,0,,1,1,1,30,2,2,3,5,0,0,0,0,true,,false,false,false,false,false,,,,,,false,true,false,,,false,false,false,false,false,-82.95074,42.44293,"{
  ""coordinates"": [
    -8.295074009900000e+01,
    4.244293143600000e+01
  ],
  ""type"": ""Point""
}","{
  ""coordinates"": [
    -82.950740099,
    42.442931436
  ],
  ""type"": ""Point""
}",-82.950740099,42.442931436
1878,1219871,OWEN,BRUSH,2017-12-06,6,12,2017,22,4,4,9,,4,0,,1,1,4,0,4,2,3,5,0,0,0,0,true,,true,false,true,false,false,,,,,,false,false,false,,,false,false,false,false,false,-83.07571,42.385,"{
  ""coordinates"": [
    -8.307570973999999e+01,
    4.238499896700010e+01
  ],
  ""type"": ""Point""
}","{
  ""coordinates"": [
    -83.07570974,
    42.384998967
  ],
  ""type"": ""Point""
}",-83.07570974,42.3849989670001
1879,1216670,JAMES COUZENS SD,KEELER,2017-12-06,6,12,2017,14,4,1,9,,4,1,,1,1,1,35,3,1,1,4,0,0,0,1,false,,false,false,false,false,false,,,,,,false,false,false,,,false,false,false,false,false,-83.16077,42.40445,"{
  ""coordinates"": [
    -8.316077066199990e+01,
    4.240444996700010e+01
  ],
  ""type"": ""Point""
}","{
  ""coordinates"": [
    -83.160770662,
    42.404449967
  ],
  ""type"": ""Point""
}",-83.1607706619999,42.4044499670001
1880,1216627,M-39,CHICAGO,2017-12-06,6,12,2017,15,4,5,3,,1,0,,1,1,1,55,3,2,2,5,0,0,0,0,true,,false,false,false,false,false,,,,,,false,false,true,,,false,false,false,false,false,-83.21638,42.36554,"{
  ""coordinates"": [
    -8.321638232299991e+01,
    4.236554066100010e+01
  ],
  ""type"": ""Point""
}","{
  ""coordinates"": [
    -83.216382323,
    42.365540661
  ],
  ""type"": ""Point""
}",-83.2163823229999,42.3655406610001
1881,1216633,STEEL,PLYMOUTH,2017-12-06,6,12,2017,12,4,8,9,,,0,,1,1,1,0,2,2,1,5,0,0,0,0,true,,false,false,false,false,false,,,,,,false,false,false,,,false,false,false,false,false,-83.17064,42.37401,"{
  ""coordinates"": [
    -8.317064213200000e+01,
    4.237400934000000e+01
  ],
  ""type"": ""Point""
}","{
  ""coordinates"": [
    -83.170642132,
    42.37400934
  ],
  ""type"": ""Point""
}",-83.170642132,42.37400934
1882,1216661,GRATIOT,GLENFIELD,2017-12-06,6,12,2017,7,4,8,3,,1,0,,1,1,1,35,7,2,3,5,0,0,0,0,true,,false,false,false,false,false,,,,,,false,false,false,,,false,false,false,false,false,-82.994,42.41027,"{
  ""coordinates"": [
    -8.299399678000000e+01,
    4.241026584900000e+01
  ],
  ""type"": ""Point""
}","{
  ""coordinates"": [
    -82.99399678,
    42.410265849
  ],
  ""type"": ""Point""
}",-82.99399678,42.410265849