ObjectId,Crash ID,Primary Road,Intersecting Road,Crash Date,Day,Month,Year,Hour,Weekday,Crash Type Code,Highway Classification Code,Community Code,Jurisdiction Code,Lane Departure Type Code,Surface Type,Road Condition,Weather Condition,Lighting Condition,Speed Limit,Lanes,Units,Occupants,Most Severe Injury,Fatal Injuries,Suspected Serious Injuries,Suspected Minor Injuries,Possible Injuries,Property Damage Only,Secondary Crash,Traffic Control,Red Light Run,Hit and Run,Alcohol,Drugs,Unbelted Person,Work Zone,Speeding Driver,Distracted Driver,Driveway,Pedestrian,Elderly Driver,Young Driver,Commercial Vehicle,Emergency Vehicles,Train,School Bus,Motorcycle,Bicycle,Deer,Longitude,Latitude,geom,geog,x,y
1883,1234635,CASS,PALMER,2017-12-06,6,12,2017,13,4,97,9,,4,0,,1,1,1,25,4,2,1,5,0,0,0,0,true,,false,false,false,false,false,,,,,,false,false,false,,,false,false,false,false,false,-83.06977,42.36146,"{
  ""coordinates"": [
    -8.306977077200000e+01,
    4.236145633500010e+01
  ],
  ""type"": ""Point""
}","{
  ""coordinates"": [
    -83.069770772,
    42.361456335
  ],
  ""type"": ""Point""
}",-83.069770772,42.3614563350001
1884,1219975,8 MILE,N I 75,2017-12-06,6,12,2017,18,4,9,3,,1,0,,1,1,4,0,4,2,1,5,0,0,0,0,true,,false,false,true,false,false,,,,,,false,false,false,,,false,false,false,false,false,-83.09479,42.44681,"{
  ""coordinates"": [
    -8.309478702099990e+01,
    4.244680713300000e+01
  ],
  ""type"": ""Point""
}","{
  ""coordinates"": [
    -83.094787021,
    42.446807133
  ],
  ""type"": ""Point""
}",-83.0947870209999,42.446807133
1885,1216672,7 MILE,LITTLEFIELD,2017-12-06,6,12,2017,14,4,4,9,,2,0,,1,1,1,30,4,2,4,5,0,0,0,0,true,,false,false,false,false,false,,,,,,false,false,false,,,false,false,false,false,false,-83.17719,42.43115,"{
  ""coordinates"": [
    -8.317718479900000e+01,
    4.243115215900010e+01
  ],
  ""type"": ""Point""
}","{
  ""coordinates"": [
    -83.177184799,
    42.431152159
  ],
  ""type"": ""Point""
}",-83.177184799,42.4311521590001
1886,1216676,7 MILE,CHARLESTON,2017-12-06,6,12,2017,16,4,8,9,,4,0,,1,1,1,30,5,2,3,5,0,0,0,0,true,,false,false,false,false,false,,,,,,false,false,false,,,false,false,false,false,false,-83.10653,42.43222,"{
  ""coordinates"": [
    -8.310653054200000e+01,
    4.243222517600000e+01
  ],
  ""type"": ""Point""
}","{
  ""coordinates"": [
    -83.106530542,
    42.432225176
  ],
  ""type"": ""Point""
}",-83.106530542,42.432225176
1887,1216616,I-75,WARREN,2017-12-06,6,12,2017,15,4,5,1,,1,0,,1,1,1,70,3,2,2,5,0,0,0,0,true,,false,false,false,false,false,,,,,,false,false,false,,,false,false,false,false,false,-83.05431,42.36095,"{
  ""coordinates"": [
    -8.305431630600000e+01,
    4.236094987500010e+01
  ],
  ""type"": ""Point""
}","{
  ""coordinates"": [
    -83.054316306,
    42.360949875
  ],
  ""type"": ""Point""
}",-83.054316306,42.3609498750001
1888,1227852,NB M-10,GLENDALE,2017-12-06,6,12,2017,15,4,5,3,,1,0,,1,1,1,55,3,2,2,5,0,0,0,0,true,,false,false,false,false,false,,,,,,false,false,false,,,false,false,false,false,false,-83.10703,42.39465,"{
  ""coordinates"": [
    -8.310703187500000e+01,
    4.239465150500010e+01
  ],
  ""type"": ""Point""
}","{
  ""coordinates"": [
    -83.107031875,
    42.394651505
  ],
  ""type"": ""Point""
}",-83.107031875,42.3946515050001
1889,1238860,GRATIOT,HARPER,2017-12-06,6,12,2017,16,4,97,3,,1,0,,1,1,1,30,4,2,3,5,0,0,0,0,true,,false,false,true,false,false,,,,,,false,true,false,,,false,false,false,false,false,-83.0051,42.39332,"{
  ""coordinates"": [
    -8.300510644199990e+01,
    4.239331973200010e+01
  ],
  ""type"": ""Point""
}","{
  ""coordinates"": [
    -83.005106442,
    42.393319732
  ],
  ""type"": ""Point""
}",-83.0051064419999,42.3933197320001
1890,1218063,JEFFERSON,ZUG,2017-12-06,6,12,2017,18,4,5,9,,4,0,,2,1,4,35,2,3,4,4,0,0,0,1,false,,false,false,false,false,false,,,,,,false,true,true,,,false,false,false,false,false,-83.1119,42.29302,"{
  ""coordinates"": [
    -8.311189855100000e+01,
    4.229301966800010e+01
  ],
  ""type"": ""Point""
}","{
  ""coordinates"": [
    -83.111898551,
    42.293019668
  ],
  ""type"": ""Point""
}",-83.111898551,42.2930196680001
1891,1219910,CHANDLER,RADNOR,2017-12-06,6,12,2017,16,4,4,9,,2,0,,1,1,1,35,1,2,2,5,0,0,0,0,true,,false,false,false,false,false,,,,,,false,false,false,,,false,false,false,false,false,-82.92174,42.41504,"{
  ""coordinates"": [
    -8.292173688400000e+01,
    4.241504090600010e+01
  ],
  ""type"": ""Point""
}","{
  ""coordinates"": [
    -82.921736884,
    42.415040906
  ],
  ""type"": ""Point""
}",-82.921736884,42.4150409060001
1892,1216668,N I 75,HOLBROOK,2017-12-06,6,12,2017,16,4,5,1,,1,0,,1,1,1,55,3,2,3,5,0,0,0,0,true,,false,false,true,false,false,,,,,,false,false,false,,,false,false,false,false,false,-83.06809,42.38658,"{
  ""coordinates"": [
    -8.306809589999990e+01,
    4.238657907200010e+01
  ],
  ""type"": ""Point""
}","{
  ""coordinates"": [
    -83.0680959,
    42.386579072
  ],
  ""type"": ""Point""
}",-83.0680958999999,42.3865790720001
1893,1222314,SCHAEFER,PEMBROKE,2017-12-06,6,12,2017,7,4,3,9,,4,0,,1,1,1,30,4,2,8,4,0,0,0,7,false,,true,true,false,false,false,,,,,,false,false,false,,,false,false,false,false,false,-83.18076,42.43833,"{
  ""coordinates"": [
    -8.318075475599990e+01,
    4.243832847600000e+01
  ],
  ""type"": ""Point""
}","{
  ""coordinates"": [
    -83.180754756,
    42.438328476
  ],
  ""type"": ""Point""
}",-83.1807547559999,42.438328476
1894,1219875,WOODWARD,MACK,2017-12-06,6,12,2017,22,4,5,3,,1,0,,1,1,4,35,6,2,3,4,0,0,0,1,false,,false,false,false,false,false,,,,,,false,false,true,,,false,false,false,false,false,-83.05787,42.34739,"{
  ""coordinates"": [
    -8.305787202300000e+01,
    4.234738763900000e+01
  ],
  ""type"": ""Point""
}","{
  ""coordinates"": [
    -83.057872023,
    42.347387639
  ],
  ""type"": ""Point""
}",-83.057872023,42.347387639
1895,1216628,I-94,FRENCH,2017-12-06,6,12,2017,6,4,8,1,,1,0,,1,2,5,55,3,2,1,5,0,0,0,0,true,,false,false,true,false,false,,,,,,false,true,false,,,false,false,false,false,false,-82.99406,42.39283,"{
  ""coordinates"": [
    -8.299406007700000e+01,
    4.239282717800010e+01
  ],
  ""type"": ""Point""
}","{
  ""coordinates"": [
    -82.994060077,
    42.392827178
  ],
  ""type"": ""Point""
}",-82.994060077,42.3928271780001
1896,1219951,EIGHTMILE,VANDYKE,2017-12-06,6,12,2017,18,4,5,3,,1,0,,1,1,4,45,8,2,1,5,0,0,0,0,true,,false,false,true,false,false,,,,,,false,true,false,,,false,false,false,false,false,-83.02458,42.44817,"{
  ""coordinates"": [
    -8.302458447799999e+01,
    4.244816962900010e+01
  ],
  ""type"": ""Point""
}","{
  ""coordinates"": [
    -83.024584478,
    42.448169629
  ],
  ""type"": ""Point""
}",-83.024584478,42.4481696290001
1897,1228213,W I 96,KENTFIELD,2017-12-06,6,12,2017,18,4,5,1,,1,0,,1,1,4,70,2,2,1,4,0,0,0,1,false,,false,false,true,false,false,,,,,,false,false,false,,,false,false,false,false,false,-83.24062,42.38378,"{
  ""coordinates"": [
    -8.324061651900000e+01,
    4.238377581600000e+01
  ],
  ""type"": ""Point""
}","{
  ""coordinates"": [
    -83.240616519,
    42.383775816
  ],
  ""type"": ""Point""
}",-83.240616519,42.383775816
1898,1216663,ELMDALE,GUNSTON,2017-12-06,6,12,2017,12,4,4,9,,,0,,1,1,1,25,2,2,2,5,0,0,0,0,true,,true,false,false,false,false,,,,,,false,false,true,,,false,false,false,false,false,-82.99041,42.40253,"{
  ""coordinates"": [
    -8.299041042200000e+01,
    4.240253571100000e+01
  ],
  ""type"": ""Point""
}","{
  ""coordinates"": [
    -82.990410422,
    42.402535711
  ],
  ""type"": ""Point""
}",-82.990410422,42.402535711
1899,1223774,I-75,7 MILE,2017-12-06,6,12,2017,19,4,1,1,,1,0,,1,1,4,70,4,1,1,5,0,0,0,0,true,,false,false,false,false,false,,,,,,false,false,false,,,false,false,false,false,false,-83.09448,42.43112,"{
  ""coordinates"": [
    -8.309448094200000e+01,
    4.243111905200000e+01
  ],
  ""type"": ""Point""
}","{
  ""coordinates"": [
    -83.094480942,
    42.431119052
  ],
  ""type"": ""Point""
}",-83.094480942,42.431119052
1900,1219854,GRANDRIVER,BERG,2017-12-06,6,12,2017,4,4,98,3,,1,0,,1,1,1,40,6,2,1,5,0,0,0,0,true,,false,false,true,false,false,,,,,,false,false,false,,,false,false,false,false,false,-83.26665,42.42022,"{
  ""coordinates"": [
    -8.326665244599999e+01,
    4.242022269000010e+01
  ],
  ""type"": ""Point""
}","{
  ""coordinates"": [
    -83.266652446,
    42.42022269
  ],
  ""type"": ""Point""
}",-83.266652446,42.4202226900001
1901,1216669,8 MILE,DEQUINDRE,2017-12-06,6,12,2017,16,4,97,3,,1,0,,1,1,1,40,4,2,1,4,0,0,0,1,false,,false,false,false,false,false,,,,,,true,false,false,,,false,false,false,false,false,-83.08338,42.44703,"{
  ""coordinates"": [
    -8.308338192500000e+01,
    4.244702651400010e+01
  ],
  ""type"": ""Point""
}","{
  ""coordinates"": [
    -83.083381925,
    42.447026514
  ],
  ""type"": ""Point""
}",-83.083381925,42.4470265140001
1902,1219794,I 75,CLARK,2017-12-06,6,12,2017,11,4,8,1,,1,0,,1,1,1,55,2,2,2,5,0,0,0,0,true,,false,false,false,false,false,,,,,,false,false,false,,,false,false,false,false,false,-83.08936,42.31435,"{
  ""coordinates"": [
    -8.308935728599990e+01,
    4.231434623900000e+01
  ],
  ""type"": ""Point""
}","{
  ""coordinates"": [
    -83.089357286,
    42.314346239
  ],
  ""type"": ""Point""
}",-83.0893572859999,42.314346239
1903,1223787,M-39,PLYMOUTH,2017-12-06,6,12,2017,15,4,5,3,,1,0,,1,1,1,55,3,4,3,5,0,0,0,0,true,,false,false,true,false,false,,,,,,false,false,true,,,false,false,false,false,false,-83.21678,42.37254,"{
  ""coordinates"": [
    -8.321677825400000e+01,
    4.237253528700010e+01
  ],
  ""type"": ""Point""
}","{
  ""coordinates"": [
    -83.216778254,
    42.372535287
  ],
  ""type"": ""Point""
}",-83.216778254,42.3725352870001
1904,1216659,SEVEN MILE,HAMBURG,2017-12-06,6,12,2017,10,4,3,9,,4,0,,1,2,1,30,4,2,2,5,0,0,0,0,true,,false,false,false,false,false,,,,,,false,false,false,,,false,false,false,false,false,-82.99727,42.43465,"{
  ""coordinates"": [
    -8.299726768399999e+01,
    4.243464740800000e+01
  ],
  ""type"": ""Point""
}","{
  ""coordinates"": [
    -82.997267684,
    42.434647408
  ],
  ""type"": ""Point""
}",-82.997267684,42.434647408
1905,1219988,WOODWARD,8 MILE,2017-12-06,6,12,2017,18,4,8,3,,1,0,,1,1,1,40,3,2,2,5,0,0,0,0,true,,false,false,false,false,false,,,,,,false,true,false,,,false,false,false,false,false,-83.12502,42.44651,"{
  ""coordinates"": [
    -8.312502419600000e+01,
    4.244650882400000e+01
  ],
  ""type"": ""Point""
}","{
  ""coordinates"": [
    -83.125024196,
    42.446508824
  ],
  ""type"": ""Point""
}",-83.125024196,42.446508824
1906,1216657,GRATIOT,GUNSTON,2017-12-06,6,12,2017,14,4,4,3,,1,0,,1,1,1,35,7,2,4,5,0,0,0,0,true,,false,false,false,false,false,,,,,,false,false,true,,,false,false,false,false,false,-82.99538,42.40813,"{
  ""coordinates"": [
    -8.299538577600001e+01,
    4.240813384800000e+01
  ],
  ""type"": ""Point""
}","{
  ""coordinates"": [
    -82.995385776,
    42.408133848
  ],
  ""type"": ""Point""
}",-82.995385776,42.408133848
1907,1218064,JEFFERSON,POST,2017-12-06,6,12,2017,11,4,4,9,,4,0,,1,1,1,30,2,2,2,5,0,0,0,0,true,,false,false,false,false,false,,,,,,false,false,true,,,false,false,false,false,false,-83.10574,42.29573,"{
  ""coordinates"": [
    -8.310574391199999e+01,
    4.229573464200010e+01
  ],
  ""type"": ""Point""
}","{
  ""coordinates"": [
    -83.105743912,
    42.295734642
  ],
  ""type"": ""Point""
}",-83.105743912,42.2957346420001
1908,1216656,EASTWOOD,CHALMERS,2017-12-06,6,12,2017,10,4,4,9,,,0,,1,1,1,25,3,2,2,5,0,0,0,0,true,,true,false,false,false,false,,,,,,false,false,false,,,false,false,false,false,false,-82.97523,42.43356,"{
  ""coordinates"": [
    -8.297523877000000e+01,
    4.243356196200010e+01
  ],
  ""type"": ""Point""
}","{
  ""coordinates"": [
    -82.97523877,
    42.433561962
  ],
  ""type"": ""Point""
}",-82.97523877,42.4335619620001
1909,1218017,I 96,EVERGREEN,2017-12-06,6,12,2017,18,4,5,1,,1,0,,1,1,4,70,3,2,2,5,0,0,0,0,true,,false,false,false,false,false,,,,,,false,false,false,,,false,false,false,false,false,-83.23518,42.37953,"{
  ""coordinates"": [
    -8.323517253999999e+01,
    4.237952932100010e+01
  ],
  ""type"": ""Point""
}","{
  ""coordinates"": [
    -83.23517254,
    42.379529321
  ],
  ""type"": ""Point""
}",-83.23517254,42.3795293210001
1910,1239738,I-75,MCNICHOLS,2017-12-06,6,12,2017,18,4,5,1,,1,0,,1,1,4,70,4,2,2,5,0,0,0,0,true,,false,false,false,false,false,,,,,,false,false,false,,,false,false,false,false,false,-83.08755,42.41763,"{
  ""coordinates"": [
    -8.308755609400001e+01,
    4.241762517800000e+01
  ],
  ""type"": ""Point""
}","{
  ""coordinates"": [
    -83.087556094,
    42.417625178
  ],
  ""type"": ""Point""
}",-83.087556094,42.417625178
1911,1218069,DIX,LONYO,2017-12-06,6,12,2017,9,4,98,9,,2,1,,3,1,1,35,2,1,1,5,0,0,0,0,true,,false,false,false,false,false,,,,,,false,false,false,,,false,false,false,false,false,-83.13437,42.31642,"{
  ""coordinates"": [
    -8.313436891500000e+01,
    4.231642284300010e+01
  ],
  ""type"": ""Point""
}","{
  ""coordinates"": [
    -83.134368915,
    42.316422843
  ],
  ""type"": ""Point""
}",-83.134368915,42.3164228430001
1912,1216646,GREENFIELD,CHICAGO,2017-12-06,6,12,2017,20,4,1,9,,2,0,,1,1,4,35,5,2,1,4,0,0,0,1,false,,false,false,false,false,false,,,,,,true,false,false,,,false,false,false,false,false,-83.19728,42.36544,"{
  ""coordinates"": [
    -8.319728138900000e+01,
    4.236544410000000e+01
  ],
  ""type"": ""Point""
}","{
  ""coordinates"": [
    -83.197281389,
    42.3654441
  ],
  ""type"": ""Point""
}",-83.197281389,42.3654441
1913,1216667,OUTER,CONANT,2017-12-06,6,12,2017,18,4,4,9,,2,0,,1,1,4,35,2,2,3,4,0,0,0,2,false,,true,true,false,false,false,,,,,,false,false,false,,,false,false,false,false,false,-83.0788,42.44007,"{
  ""coordinates"": [
    -8.307880779000000e+01,
    4.244007373000010e+01
  ],
  ""type"": ""Point""
}","{
  ""coordinates"": [
    -83.07880779,
    42.44007373
  ],
  ""type"": ""Point""
}",-83.07880779,42.4400737300001
1914,1218058,VERNOR,23RD,2017-12-06,6,12,2017,14,4,6,9,,4,0,,1,1,1,25,2,2,3,5,0,0,0,0,true,,false,false,true,false,false,,,,,,false,true,false,,,false,false,false,false,false,-83.08547,42.32436,"{
  ""coordinates"": [
    -8.308547383299999e+01,
    4.232435529000000e+01
  ],
  ""type"": ""Point""
}","{
  ""coordinates"": [
    -83.085473833,
    42.32435529
  ],
  ""type"": ""Point""
}",-83.085473833,42.32435529
1915,1216625,E I 96,GRAND,2017-12-06,6,12,2017,7,4,8,1,,1,0,,1,1,4,70,4,2,2,5,0,0,0,0,true,,false,false,false,false,false,,,,,,false,true,false,,,false,false,false,false,false,-83.11017,42.35555,"{
  ""coordinates"": [
    -8.311016471399989e+01,
    4.235555356200010e+01
  ],
  ""type"": ""Point""
}","{
  ""coordinates"": [
    -83.110164714,
    42.355553562
  ],
  ""type"": ""Point""
}",-83.1101647139999,42.3555535620001
1916,1219928,GRAND RIVER,FENKELL,2017-12-06,6,12,2017,15,4,8,3,,1,0,,1,1,1,35,6,2,1,5,0,0,0,0,true,,false,false,true,false,false,,,,,,false,false,true,,,false,false,false,false,false,-83.21934,42.40112,"{
  ""coordinates"": [
    -8.321933714300000e+01,
    4.240111974300000e+01
  ],
  ""type"": ""Point""
}","{
  ""coordinates"": [
    -83.219337143,
    42.401119743
  ],
  ""type"": ""Point""
}",-83.219337143,42.401119743
1917,1216664,HAYES,OUTER,2017-12-06,6,12,2017,8,4,6,9,,4,0,,1,1,1,0,4,2,3,5,0,0,0,0,true,,false,false,true,false,false,,,,,,false,false,false,,,false,false,false,false,false,-82.96476,42.41452,"{
  ""coordinates"": [
    -8.296475816200000e+01,
    4.241452073700000e+01
  ],
  ""type"": ""Point""
}","{
  ""coordinates"": [
    -82.964758162,
    42.414520737
  ],
  ""type"": ""Point""
}",-82.964758162,42.414520737
1918,1308299,TYLER,WILDEMERE,2017-12-06,6,12,2017,16,4,10,9,,,0,,1,1,1,25,2,2,2,5,0,0,0,0,true,,false,false,false,false,false,,,,,,false,false,false,,,false,false,false,false,false,-83.12621,42.38981,"{
  ""coordinates"": [
    -8.312621405700000e+01,
    4.238981056600010e+01
  ],
  ""type"": ""Point""
}","{
  ""coordinates"": [
    -83.126214057,
    42.389810566
  ],
  ""type"": ""Point""
}",-83.126214057,42.3898105660001
1919,1216491,M-39,SCHOOLCRAFT,2017-12-06,6,12,2017,8,4,6,3,,1,0,,1,2,1,55,3,2,2,5,0,0,0,0,true,,false,false,false,false,false,,,,,,false,false,false,,,false,false,false,false,false,-83.21776,42.38754,"{
  ""coordinates"": [
    -8.321775901699991e+01,
    4.238754236400010e+01
  ],
  ""type"": ""Point""
}","{
  ""coordinates"": [
    -83.217759017,
    42.387542364
  ],
  ""type"": ""Point""
}",-83.2177590169999,42.3875423640001
1920,1219913,94 SERVICE,CADIEUX,2017-12-06,6,12,2017,20,4,5,9,,4,0,,1,1,1,0,3,2,2,5,0,0,0,0,true,,false,false,false,false,false,,,,,,false,false,false,,,false,false,false,false,false,-82.93675,42.41639,"{
  ""coordinates"": [
    -8.293675294099999e+01,
    4.241639453600000e+01
  ],
  ""type"": ""Point""
}","{
  ""coordinates"": [
    -82.936752941,
    42.416394536
  ],
  ""type"": ""Point""
}",-82.936752941,42.416394536
1921,1219876,HOWARD,S M 10,2017-12-06,6,12,2017,11,4,4,3,,4,0,,1,1,1,35,4,2,2,4,0,0,0,1,false,,true,true,false,false,false,,,,,,false,false,false,,,false,false,false,false,false,-83.05783,42.32851,"{
  ""coordinates"": [
    -8.305783057199990e+01,
    4.232850841700010e+01
  ],
  ""type"": ""Point""
}","{
  ""coordinates"": [
    -83.057830572,
    42.328508417
  ],
  ""type"": ""Point""
}",-83.0578305719999,42.3285084170001
1922,1216615,E I 96,RAMP 008J,2017-12-06,6,12,2017,7,4,5,1,,1,0,,1,1,1,70,4,2,2,5,0,0,0,0,true,,false,false,false,false,false,,,,,,false,false,false,,,false,false,false,false,false,-83.22108,42.37839,"{
  ""coordinates"": [
    -8.322108010700001e+01,
    4.237839048300000e+01
  ],
  ""type"": ""Point""
}","{
  ""coordinates"": [
    -83.221080107,
    42.378390483
  ],
  ""type"": ""Point""
}",-83.221080107,42.378390483
1923,1225436,GRATIOT,ROSEMARY,2017-12-06,6,12,2017,17,4,8,3,,1,3,,1,1,1,40,7,2,1,5,0,0,0,0,true,,false,false,true,false,false,,,,,,false,true,false,,,false,false,false,false,false,-82.99572,42.40762,"{
  ""coordinates"": [
    -8.299571945600000e+01,
    4.240762326500000e+01
  ],
  ""type"": ""Point""
}","{
  ""coordinates"": [
    -82.995719456,
    42.407623265
  ],
  ""type"": ""Point""
}",-82.995719456,42.407623265
1924,1215356,8 MILE,LAHSER,2017-12-06,6,12,2017,7,4,1,3,,1,1,,1,1,1,45,8,1,1,5,0,0,0,0,true,,false,false,false,false,false,,,,,,false,false,false,,,false,false,false,false,false,-83.25542,42.44333,"{
  ""coordinates"": [
    -8.325541382199999e+01,
    4.244333164100000e+01
  ],
  ""type"": ""Point""
}","{
  ""coordinates"": [
    -83.255413822,
    42.443331641
  ],
  ""type"": ""Point""
}",-83.255413822,42.443331641
1925,1219926,EVERGREEN,CURTIS,2017-12-06,6,12,2017,21,4,8,9,,4,0,,1,1,4,25,2,2,1,5,0,0,0,0,true,,false,false,true,false,false,,,,,,false,false,false,,,false,false,false,false,false,-83.23853,42.4224,"{
  ""coordinates"": [
    -8.323852336300000e+01,
    4.242240264600010e+01
  ],
  ""type"": ""Point""
}","{
  ""coordinates"": [
    -83.238523363,
    42.422402646
  ],
  ""type"": ""Point""
}",-83.238523363,42.4224026460001
1926,1216671,N M 10,MEYERS,2017-12-06,6,12,2017,20,4,8,3,,1,0,,1,1,4,30,3,2,2,4,0,0,0,1,false,,false,false,false,false,false,,,,,,false,false,true,,,false,false,false,false,false,-83.16998,42.4144,"{
  ""coordinates"": [
    -8.316997806599990e+01,
    4.241440119600000e+01
  ],
  ""type"": ""Point""
}","{
  ""coordinates"": [
    -83.169978066,
    42.414401196
  ],
  ""type"": ""Point""
}",-83.1699780659999,42.414401196
1927,1216649,ST AUBIN,HALE,2017-12-06,6,12,2017,21,4,4,9,,4,0,,1,1,4,30,2,2,5,4,0,0,0,2,false,,false,false,false,false,false,,,,,,false,false,false,,,false,false,false,false,false,-83.03781,42.35455,"{
  ""coordinates"": [
    -8.303781444000001e+01,
    4.235455357400010e+01
  ],
  ""type"": ""Point""
}","{
  ""coordinates"": [
    -83.03781444,
    42.354553574
  ],
  ""type"": ""Point""
}",-83.03781444,42.3545535740001
1928,1218082,MT.ELLIOT,WATERLOO,2017-12-06,6,12,2017,15,4,5,9,,4,0,,1,1,1,30,1,2,4,5,0,0,0,0,true,,false,false,false,false,false,,,,,,false,false,false,,,false,false,false,false,false,-83.01713,42.35451,"{
  ""coordinates"": [
    -8.301712643799991e+01,
    4.235451252200010e+01
  ],
  ""type"": ""Point""
}","{
  ""coordinates"": [
    -83.017126438,
    42.354512522
  ],
  ""type"": ""Point""
}",-83.0171264379999,42.3545125220001
1929,1216614,I-94,M-10,2017-12-06,6,12,2017,7,4,5,1,,1,0,,1,1,1,55,3,2,2,5,0,0,0,0,true,,false,false,false,false,false,,,,,,false,true,false,,,false,false,false,false,false,-83.078,42.35783,"{
  ""coordinates"": [
    -8.307800152599999e+01,
    4.235782929600000e+01
  ],
  ""type"": ""Point""
}","{
  ""coordinates"": [
    -83.078001526,
    42.357829296
  ],
  ""type"": ""Point""
}",-83.078001526,42.357829296
1930,1232070,JEFFERSON,BEAUBIEN,2017-12-06,6,12,2017,16,4,8,4,,1,0,,1,1,1,30,4,2,1,5,0,0,0,0,true,,false,false,true,false,false,,,,,,false,false,false,,,false,false,false,false,false,-83.03954,42.33065,"{
  ""coordinates"": [
    -8.303953202799990e+01,
    4.233064550400010e+01
  ],
  ""type"": ""Point""
}","{
  ""coordinates"": [
    -83.039532028,
    42.330645504
  ],
  ""type"": ""Point""
}",-83.0395320279999,42.3306455040001
1931,1219880,CONGRESS,SHELBY,2017-12-06,6,12,2017,9,4,97,9,,4,0,,1,1,1,30,2,2,0,5,0,0,0,0,true,,false,false,true,false,false,,,,,,true,false,false,,,false,false,false,false,false,-83.04807,42.32924,"{
  ""coordinates"": [
    -8.304806206900000e+01,
    4.232923812200000e+01
  ],
  ""type"": ""Point""
}","{
  ""coordinates"": [
    -83.048062069,
    42.329238122
  ],
  ""type"": ""Point""
}",-83.048062069,42.329238122
1932,1216626,E I 94,N M 10,2017-12-06,6,12,2017,7,4,8,1,,1,0,,1,10,2,55,4,2,2,5,0,0,0,0,true,,false,false,false,false,false,,,,,,false,false,false,,,false,false,false,false,false,-83.07589,42.35915,"{
  ""coordinates"": [
    -8.307589322699990e+01,
    4.235914943400010e+01
  ],
  ""type"": ""Point""
}","{
  ""coordinates"": [
    -83.075893227,
    42.359149434
  ],
  ""type"": ""Point""
}",-83.0758932269999,42.3591494340001
1933,1216648,GRATIOT,SHERIDAN,2017-12-06,6,12,2017,8,4,4,3,,1,0,,1,1,1,35,3,2,2,5,0,0,0,0,true,,true,false,true,false,false,,,,,,false,false,false,,,false,false,false,false,false,-83.01723,42.37499,"{
  ""coordinates"": [
    -8.301723814199990e+01,
    4.237498961100000e+01
  ],
  ""type"": ""Point""
}","{
  ""coordinates"": [
    -83.017238142,
    42.374989611
  ],
  ""type"": ""Point""
}",-83.0172381419999,42.374989611
1934,1218013,E I 96,E/W SCHOOLCRAFT CROSSOVER,2017-12-06,6,12,2017,18,4,5,1,,1,0,,1,1,4,55,5,2,3,5,0,0,0,0,true,,false,false,false,true,false,,,,,,false,false,false,,,false,false,false,false,false,-83.25729,42.38545,"{
  ""coordinates"": [
    -8.325729541299999e+01,
    4.238545400300010e+01
  ],
  ""type"": ""Point""
}","{
  ""coordinates"": [
    -83.257295413,
    42.385454003
  ],
  ""type"": ""Point""
}",-83.257295413,42.3854540030001
1935,1234583,I 75,DAVISON,2017-12-06,6,12,2017,16,4,5,1,,1,0,,1,1,1,35,4,2,3,5,0,0,0,0,true,,false,false,true,false,false,,,,,,false,false,false,,,false,false,false,false,false,-83.07954,42.40866,"{
  ""coordinates"": [
    -8.307954126000000e+01,
    4.240866274800000e+01
  ],
  ""type"": ""Point""
}","{
  ""coordinates"": [
    -83.07954126,
    42.408662748
  ],
  ""type"": ""Point""
}",-83.07954126,42.408662748
1936,1215326,LITTLEFIELD,ELLIS,2017-12-05,5,12,2017,6,3,4,9,,,0,,2,2,4,25,2,2,3,4,0,0,0,2,false,,false,false,false,false,false,,,,,,false,false,false,,,false,false,false,false,false,-83.17512,42.36087,"{
  ""coordinates"": [
    -8.317511559899999e+01,
    4.236086569000000e+01
  ],
  ""type"": ""Point""
}","{
  ""coordinates"": [
    -83.175115599,
    42.36086569
  ],
  ""type"": ""Point""
}",-83.175115599,42.36086569
1937,1215367,STATE FAIR,GREELEY,2017-12-05,5,12,2017,16,3,4,9,,4,0,,1,1,1,35,1,2,3,5,0,0,0,0,true,,false,false,false,false,false,,,,,,false,false,true,,,false,false,false,false,false,-83.08813,42.43996,"{
  ""coordinates"": [
    -8.308813082899999e+01,
    4.243995685200010e+01
  ],
  ""type"": ""Point""
}","{
  ""coordinates"": [
    -83.088130829,
    42.439956852
  ],
  ""type"": ""Point""
}",-83.088130829,42.4399568520001
1938,1225408,RAMP 215H,W I 94,2017-12-05,5,12,2017,19,3,1,1,,1,1,,1,1,4,55,1,1,1,4,0,0,0,1,false,,false,false,false,false,false,,,,,,false,false,false,,,false,false,false,false,false,-83.07899,42.35764,"{
  ""coordinates"": [
    -8.307898357099999e+01,
    4.235763636900000e+01
  ],
  ""type"": ""Point""
}","{
  ""coordinates"": [
    -83.078983571,
    42.357636369
  ],
  ""type"": ""Point""
}",-83.078983571,42.357636369
1939,1219865,JOHN R,W I 94,2017-12-05,5,12,2017,16,3,4,1,,4,0,,1,1,1,25,3,2,1,5,0,0,0,0,true,,false,false,true,false,false,,,,,,false,false,false,,,false,false,false,false,false,-83.06686,42.36474,"{
  ""coordinates"": [
    -8.306685396500001e+01,
    4.236473894000010e+01
  ],
  ""type"": ""Point""
}","{
  ""coordinates"": [
    -83.066853965,
    42.36473894
  ],
  ""type"": ""Point""
}",-83.066853965,42.3647389400001