ObjectId,Crash ID,Primary Road,Intersecting Road,Crash Date,Day,Month,Year,Hour,Weekday,Crash Type Code,Highway Classification Code,Community Code,Jurisdiction Code,Lane Departure Type Code,Surface Type,Road Condition,Weather Condition,Lighting Condition,Speed Limit,Lanes,Units,Occupants,Most Severe Injury,Fatal Injuries,Suspected Serious Injuries,Suspected Minor Injuries,Possible Injuries,Property Damage Only,Secondary Crash,Traffic Control,Red Light Run,Hit and Run,Alcohol,Drugs,Unbelted Person,Work Zone,Speeding Driver,Distracted Driver,Driveway,Pedestrian,Elderly Driver,Young Driver,Commercial Vehicle,Emergency Vehicles,Train,School Bus,Motorcycle,Bicycle,Deer,Longitude,Latitude,geom,geog,x,y
2111,1213359,OUTER,WEXFORD,2017-12-03,3,12,2017,16,1,1,9,,2,1,,1,1,1,35,4,1,1,4,0,0,0,1,false,,false,false,false,false,false,,,,,,false,false,true,,,false,false,false,false,false,-83.06554,42.44031,"{
  ""coordinates"": [
    -8.306554586300000e+01,
    4.244031238000010e+01
  ],
  ""type"": ""Point""
}","{
  ""coordinates"": [
    -83.065545863,
    42.44031238
  ],
  ""type"": ""Point""
}",-83.065545863,42.4403123800001
2112,1214298,SCHAEFER,PLYMOUTH,2017-12-03,3,12,2017,9,1,8,9,,4,0,,1,1,1,0,4,2,1,4,0,0,0,1,false,,false,false,true,false,false,,,,,,false,false,false,,,false,false,false,false,false,-83.17799,42.37293,"{
  ""coordinates"": [
    -8.317798439700000e+01,
    4.237292892400010e+01
  ],
  ""type"": ""Point""
}","{
  ""coordinates"": [
    -83.177984397,
    42.372928924
  ],
  ""type"": ""Point""
}",-83.177984397,42.3729289240001
2113,1214312,SORRENTO,GRAND RIVER,2017-12-03,3,12,2017,17,1,97,3,,,3,,98,98,98,25,2,2,0,5,0,0,0,0,true,,false,false,true,false,false,,,,,,false,false,false,,,false,false,false,false,false,-83.17206,42.3821,"{
  ""coordinates"": [
    -8.317205852300000e+01,
    4.238210148500010e+01
  ],
  ""type"": ""Point""
}","{
  ""coordinates"": [
    -83.172058523,
    42.382101485
  ],
  ""type"": ""Point""
}",-83.172058523,42.3821014850001
2114,1213348,MONTROSE,WESTFIELD,2017-12-03,3,12,2017,14,1,98,9,,,0,,98,98,98,0,2,2,0,5,0,0,0,0,true,,false,false,true,false,false,,,,,,false,false,false,,,false,false,false,false,false,-83.19933,42.36368,"{
  ""coordinates"": [
    -8.319933408400000e+01,
    4.236367902500010e+01
  ],
  ""type"": ""Point""
}","{
  ""coordinates"": [
    -83.199334084,
    42.363679025
  ],
  ""type"": ""Point""
}",-83.199334084,42.3636790250001
2115,1213364,JEFFERSON,VAN DYKE,2017-12-03,3,12,2017,15,1,8,9,,4,0,,1,1,1,35,3,2,1,5,0,0,0,0,true,,false,false,false,false,false,,,,,,false,false,true,,,false,false,false,false,false,-82.99572,42.35086,"{
  ""coordinates"": [
    -8.299572007499999e+01,
    4.235086042900010e+01
  ],
  ""type"": ""Point""
}","{
  ""coordinates"": [
    -82.995720075,
    42.350860429
  ],
  ""type"": ""Point""
}",-82.995720075,42.3508604290001
2116,1216620,M-39,LYNDON,2017-12-03,3,12,2017,14,1,5,3,,1,0,,1,1,1,55,3,2,2,5,0,0,0,0,true,,false,false,false,false,false,,,,,,false,false,true,,,false,false,false,false,false,-83.21787,42.39335,"{
  ""coordinates"": [
    -8.321787455700000e+01,
    4.239335201800000e+01
  ],
  ""type"": ""Point""
}","{
  ""coordinates"": [
    -83.217874557,
    42.393352018
  ],
  ""type"": ""Point""
}",-83.217874557,42.393352018
2117,1216652,8 MILE,GREENFIELD,2017-12-03,3,12,2017,16,1,5,3,,1,0,,1,1,1,45,2,2,3,4,0,0,0,1,false,,false,false,false,false,false,,,,,,false,true,true,,,false,false,false,false,false,-83.20005,42.44482,"{
  ""coordinates"": [
    -8.320004755900000e+01,
    4.244482301600000e+01
  ],
  ""type"": ""Point""
}","{
  ""coordinates"": [
    -83.200047559,
    42.444823016
  ],
  ""type"": ""Point""
}",-83.200047559,42.444823016
2118,1244184,WAVERLY,DEXTER,2017-12-03,3,12,2017,17,1,5,9,,,0,,1,1,4,25,2,2,3,5,0,0,0,0,true,,false,false,false,false,false,,,,,,false,false,true,,,false,false,false,false,false,-83.13068,42.38903,"{
  ""coordinates"": [
    -8.313068380599999e+01,
    4.238902647700010e+01
  ],
  ""type"": ""Point""
}","{
  ""coordinates"": [
    -83.130683806,
    42.389026477
  ],
  ""type"": ""Point""
}",-83.130683806,42.3890264770001
2119,1267099,LAFAYETTE,SAINT ANTOINE,2017-12-03,3,12,2017,9,1,5,9,,4,0,,1,1,4,0,2,2,4,5,0,0,0,0,true,,false,false,false,false,false,,,,,,false,false,false,,,false,false,false,false,false,-83.03996,42.33471,"{
  ""coordinates"": [
    -8.303995730900000e+01,
    4.233470563600010e+01
  ],
  ""type"": ""Point""
}","{
  ""coordinates"": [
    -83.039957309,
    42.334705636
  ],
  ""type"": ""Point""
}",-83.039957309,42.3347056360001
2120,1214326,TELEGRAPH,MCNICHOLS,2017-12-03,3,12,2017,15,1,5,2,,1,0,,1,1,1,45,4,2,5,4,0,0,0,4,false,,false,false,false,false,false,,,,,,false,false,false,,,false,false,false,false,false,-83.27695,42.41426,"{
  ""coordinates"": [
    -8.327695037500000e+01,
    4.241426488600010e+01
  ],
  ""type"": ""Point""
}","{
  ""coordinates"": [
    -83.276950375,
    42.414264886
  ],
  ""type"": ""Point""
}",-83.276950375,42.4142648860001
2121,1211214,SOUTHFIELD SERVICE,PLYMOUTH,2017-12-03,3,12,2017,3,1,5,3,,1,0,,1,1,4,30,3,2,2,5,0,0,0,0,true,,false,false,false,false,false,,,,,,false,false,false,,,false,false,false,false,false,-83.21644,42.36901,"{
  ""coordinates"": [
    -8.321643468500000e+01,
    4.236901074500000e+01
  ],
  ""type"": ""Point""
}","{
  ""coordinates"": [
    -83.216434685,
    42.369010745
  ],
  ""type"": ""Point""
}",-83.216434685,42.369010745
2122,1215346,SCHOOLCRAFT,FIELDING,2017-12-03,3,12,2017,14,1,1,9,,2,0,,1,1,1,25,3,2,1,5,0,0,0,0,true,,false,false,true,false,false,,,,,,false,false,false,,,false,false,false,true,false,-83.24206,42.38616,"{
  ""coordinates"": [
    -8.324205655999999e+01,
    4.238616148100000e+01
  ],
  ""type"": ""Point""
}","{
  ""coordinates"": [
    -83.24205656,
    42.386161481
  ],
  ""type"": ""Point""
}",-83.24205656,42.386161481
2123,1213346,FORT,VISGER,2017-12-03,3,12,2017,7,1,1,3,,1,1,,1,1,1,0,2,1,1,3,0,0,1,0,false,,false,false,false,false,false,,,,,,false,false,false,,,false,false,false,false,false,-83.16158,42.26842,"{
  ""coordinates"": [
    -8.316158013200000e+01,
    4.226842407100000e+01
  ],
  ""type"": ""Point""
}","{
  ""coordinates"": [
    -83.161580132,
    42.268424071
  ],
  ""type"": ""Point""
}",-83.161580132,42.268424071
2124,1213345,MICHIGAN,CICOTTE,2017-12-03,3,12,2017,11,1,4,2,,1,0,,1,1,1,35,5,2,2,3,0,0,1,1,false,,false,false,false,false,false,,,,,,false,false,false,,,false,false,false,false,false,-83.12358,42.33113,"{
  ""coordinates"": [
    -8.312357917299990e+01,
    4.233113213800000e+01
  ],
  ""type"": ""Point""
}","{
  ""coordinates"": [
    -83.123579173,
    42.331132138
  ],
  ""type"": ""Point""
}",-83.1235791729999,42.331132138
2125,1215406,7 MILE,SCHAEFER,2017-12-03,3,12,2017,15,1,8,9,,2,0,,1,1,1,30,2,2,5,5,0,0,0,0,true,,false,false,true,false,false,,,,,,false,false,false,,,false,false,false,false,false,-83.18023,42.43109,"{
  ""coordinates"": [
    -8.318022853300000e+01,
    4.243109058600000e+01
  ],
  ""type"": ""Point""
}","{
  ""coordinates"": [
    -83.180228533,
    42.431090586
  ],
  ""type"": ""Point""
}",-83.180228533,42.431090586
2126,1239736,RAMP 216E,E I 94,2017-12-03,3,12,2017,18,1,5,1,,1,0,,1,1,4,55,1,2,2,5,0,0,0,0,true,,false,false,false,false,false,,,,,,false,true,false,,,false,false,false,false,false,-83.05499,42.37047,"{
  ""coordinates"": [
    -8.305498789099990e+01,
    4.237047150900000e+01
  ],
  ""type"": ""Point""
}","{
  ""coordinates"": [
    -83.054987891,
    42.370471509
  ],
  ""type"": ""Point""
}",-83.0549878909999,42.370471509
2127,1214320,8 MILE,BURT,2017-12-03,3,12,2017,20,1,8,3,,1,0,,1,1,4,45,4,2,2,3,0,0,1,1,false,,false,false,false,false,false,,,,,,false,false,true,,,false,false,false,false,false,-83.24967,42.44348,"{
  ""coordinates"": [
    -8.324967475800000e+01,
    4.244348215500000e+01
  ],
  ""type"": ""Point""
}","{
  ""coordinates"": [
    -83.249674758,
    42.443482155
  ],
  ""type"": ""Point""
}",-83.249674758,42.443482155
2128,1213376,HANCOCK,JOHN R,2017-12-03,3,12,2017,13,1,1,9,,,0,,1,1,1,25,4,2,2,5,0,0,0,0,true,,false,false,false,false,false,,,,,,false,false,false,,,false,false,false,true,false,-83.06123,42.35684,"{
  ""coordinates"": [
    -8.306123732299990e+01,
    4.235683909000010e+01
  ],
  ""type"": ""Point""
}","{
  ""coordinates"": [
    -83.061237323,
    42.35683909
  ],
  ""type"": ""Point""
}",-83.0612373229999,42.3568390900001
2129,1244151,W I 94,RAMP 213L,2017-12-03,3,12,2017,22,1,8,1,,1,0,,2,1,4,55,3,2,1,5,0,0,0,0,true,,false,false,true,false,false,,,,,,false,false,false,,,false,false,false,false,false,-83.09711,42.35087,"{
  ""coordinates"": [
    -8.309711282799999e+01,
    4.235086718600010e+01
  ],
  ""type"": ""Point""
}","{
  ""coordinates"": [
    -83.097112828,
    42.350867186
  ],
  ""type"": ""Point""
}",-83.097112828,42.3508671860001
2130,1213344,INGLIS,VERNOR,2017-12-03,3,12,2017,2,1,8,9,,,0,,1,1,4,35,2,2,2,4,0,0,0,1,false,,false,false,true,false,false,,,,,,false,false,false,,,false,false,false,false,false,-83.12859,42.3112,"{
  ""coordinates"": [
    -8.312859589200001e+01,
    4.231119628600000e+01
  ],
  ""type"": ""Point""
}","{
  ""coordinates"": [
    -83.128595892,
    42.311196286
  ],
  ""type"": ""Point""
}",-83.128595892,42.311196286
2131,1214310,GRAND RIVER,OAKMAN,2017-12-02,2,12,2017,8,7,5,3,,1,0,,1,2,2,35,5,2,1,5,0,0,0,0,true,,false,false,true,false,false,,,,,,false,false,false,,,false,false,false,false,false,-83.15087,42.37354,"{
  ""coordinates"": [
    -8.315087473700000e+01,
    4.237353761400000e+01
  ],
  ""type"": ""Point""
}","{
  ""coordinates"": [
    -83.150874737,
    42.373537614
  ],
  ""type"": ""Point""
}",-83.150874737,42.373537614
2132,1218036,WISCONSIN,JOY,2017-12-02,2,12,2017,16,7,4,9,,,0,,1,1,3,35,2,2,3,4,0,0,0,1,false,,false,false,true,false,false,,,,,,false,true,false,,,false,false,false,false,false,-83.15441,42.35896,"{
  ""coordinates"": [
    -8.315440769100000e+01,
    4.235896080100010e+01
  ],
  ""type"": ""Point""
}","{
  ""coordinates"": [
    -83.154407691,
    42.358960801
  ],
  ""type"": ""Point""
}",-83.154407691,42.3589608010001
2133,1211216,WARREN,FORRER,2017-12-02,2,12,2017,17,7,4,9,,2,0,,1,1,4,35,4,2,3,5,0,0,0,0,true,,false,false,false,false,false,,,,,,false,false,false,,,false,false,false,false,false,-83.19991,42.34362,"{
  ""coordinates"": [
    -8.319990360799990e+01,
    4.234362496300000e+01
  ],
  ""type"": ""Point""
}","{
  ""coordinates"": [
    -83.199903608,
    42.343624963
  ],
  ""type"": ""Point""
}",-83.1999036079999,42.343624963
2134,1216636,CASS,CANFIELD,2017-12-02,2,12,2017,23,7,8,9,,4,0,,1,1,4,25,2,2,1,5,0,0,0,0,true,,false,false,false,false,false,,,,,,false,false,false,,,false,false,false,false,false,-83.06413,42.35158,"{
  ""coordinates"": [
    -8.306413038499990e+01,
    4.235157610700000e+01
  ],
  ""type"": ""Point""
}","{
  ""coordinates"": [
    -83.064130385,
    42.351576107
  ],
  ""type"": ""Point""
}",-83.0641303849999,42.351576107
2135,1239798,DEXTER,BOURKE,2017-12-02,2,12,2017,12,7,2,9,,4,2,,1,1,1,30,4,2,3,3,0,0,2,1,false,,false,false,false,false,false,,,,,,false,false,true,,,false,false,false,false,false,-83.13543,42.39915,"{
  ""coordinates"": [
    -8.313543191500000e+01,
    4.239915034400010e+01
  ],
  ""type"": ""Point""
}","{
  ""coordinates"": [
    -83.135431915,
    42.399150344
  ],
  ""type"": ""Point""
}",-83.135431915,42.3991503440001
2136,1211462,DAVISON,CARRIE,2017-12-02,2,12,2017,20,7,97,9,,4,0,,1,1,4,0,4,2,3,5,0,0,0,0,true,,false,false,false,false,false,,,,,,false,false,false,,,false,false,false,false,false,-83.02958,42.42349,"{
  ""coordinates"": [
    -8.302958007300001e+01,
    4.242348690600010e+01
  ],
  ""type"": ""Point""
}","{
  ""coordinates"": [
    -83.029580073,
    42.423486906
  ],
  ""type"": ""Point""
}",-83.029580073,42.4234869060001
2137,1261564,I 75,CHRYSLER SERVICE RAMP 54,2017-12-02,2,12,2017,17,7,5,1,,1,0,,1,1,4,55,1,2,3,5,0,0,0,0,true,,false,false,false,false,false,,,,,,false,false,false,,,false,false,false,false,false,-83.0449,42.34619,"{
  ""coordinates"": [
    -8.304489896800000e+01,
    4.234618920200010e+01
  ],
  ""type"": ""Point""
}","{
  ""coordinates"": [
    -83.044898968,
    42.346189202
  ],
  ""type"": ""Point""
}",-83.044898968,42.3461892020001
2138,1213343,VERNOR,FERRIS,2017-12-02,2,12,2017,6,7,9,9,,4,2,,1,1,1,30,2,2,1,5,0,0,0,0,true,,false,false,true,false,false,,,,,,false,false,false,,,false,false,false,false,false,-83.13187,42.30955,"{
  ""coordinates"": [
    -8.313187691099991e+01,
    4.230954684800000e+01
  ],
  ""type"": ""Point""
}","{
  ""coordinates"": [
    -83.131876911,
    42.309546848
  ],
  ""type"": ""Point""
}",-83.1318769109999,42.309546848
2139,1215393,STEEL,GROVE,2017-12-02,2,12,2017,15,7,4,9,,,0,,1,1,1,25,2,2,2,5,0,0,0,0,true,,false,false,false,false,false,,,,,,false,false,true,,,false,false,false,false,false,-83.17209,42.4142,"{
  ""coordinates"": [
    -8.317208502999991e+01,
    4.241419820200010e+01
  ],
  ""type"": ""Point""
}","{
  ""coordinates"": [
    -83.17208503,
    42.414198202
  ],
  ""type"": ""Point""
}",-83.1720850299999,42.4141982020001
2140,1228250,GREENFIELD,LYNDON,2017-12-02,2,12,2017,17,7,4,9,,2,0,,1,1,1,0,4,2,3,5,0,0,0,0,true,,false,false,false,false,false,,,,,,false,false,true,,,false,false,false,false,false,-83.19843,42.39469,"{
  ""coordinates"": [
    -8.319843555200001e+01,
    4.239468642000000e+01
  ],
  ""type"": ""Point""
}","{
  ""coordinates"": [
    -83.198435552,
    42.39468642
  ],
  ""type"": ""Point""
}",-83.198435552,42.39468642
2141,1216642,WALTHAM,LAPPIN,2017-12-02,2,12,2017,15,7,4,9,,,0,,1,1,1,25,1,2,2,5,0,0,0,0,true,,false,false,true,false,false,,,,,,false,false,true,,,false,false,false,false,false,-82.99493,42.43652,"{
  ""coordinates"": [
    -8.299492800199990e+01,
    4.243651922100000e+01
  ],
  ""type"": ""Point""
}","{
  ""coordinates"": [
    -82.994928002,
    42.436519221
  ],
  ""type"": ""Point""
}",-82.9949280019999,42.436519221
2142,1245011,GREENFIELD,BLESSER,2017-12-02,2,12,2017,21,7,8,9,,2,0,,1,2,4,35,3,2,4,5,0,0,0,0,true,,false,false,false,false,false,,,,,,false,false,true,,,false,false,false,false,false,-83.19622,42.34192,"{
  ""coordinates"": [
    -8.319621699100000e+01,
    4.234191372000000e+01
  ],
  ""type"": ""Point""
}","{
  ""coordinates"": [
    -83.196216991,
    42.34191372
  ],
  ""type"": ""Point""
}",-83.196216991,42.34191372
2143,1210939,MCNICHOLS,FREELAND,2017-12-02,2,12,2017,11,7,97,9,,2,0,,1,1,1,35,5,1,3,5,0,0,0,0,true,,false,false,false,false,false,,,,,,false,false,false,,,false,false,false,false,false,-83.18593,42.41652,"{
  ""coordinates"": [
    -8.318593134299989e+01,
    4.241652157000000e+01
  ],
  ""type"": ""Point""
}","{
  ""coordinates"": [
    -83.185931343,
    42.41652157
  ],
  ""type"": ""Point""
}",-83.1859313429999,42.41652157
2144,1211213,GRAND RIVER,NORTHWESTERN,2017-12-02,2,12,2017,12,7,97,3,,1,0,,1,1,1,35,4,2,1,5,0,0,0,0,true,,false,false,true,false,false,,,,,,false,false,false,,,false,false,false,false,false,-83.06639,42.33944,"{
  ""coordinates"": [
    -8.306639262399990e+01,
    4.233944069400010e+01
  ],
  ""type"": ""Point""
}","{
  ""coordinates"": [
    -83.066392624,
    42.339440694
  ],
  ""type"": ""Point""
}",-83.0663926239999,42.3394406940001
2145,1213341,VERNOR,CARSON,2017-12-02,2,12,2017,12,7,9,9,,4,0,,1,1,1,25,1,2,2,5,0,0,0,0,true,,false,false,false,false,false,,,,,,false,false,true,,,false,false,false,false,false,-83.12746,42.31134,"{
  ""coordinates"": [
    -8.312746394399990e+01,
    4.231134236700010e+01
  ],
  ""type"": ""Point""
}","{
  ""coordinates"": [
    -83.127463944,
    42.311342367
  ],
  ""type"": ""Point""
}",-83.1274639439999,42.3113423670001
2146,1215405,LIVERNOIS,MCNICHOLS,2017-12-02,2,12,2017,15,7,1,9,,4,0,,1,1,1,35,4,2,1,5,0,0,0,0,true,,false,false,false,false,false,,,,,,true,false,false,,,false,false,false,false,false,-83.14095,42.41714,"{
  ""coordinates"": [
    -8.314094570799990e+01,
    4.241713916100010e+01
  ],
  ""type"": ""Point""
}","{
  ""coordinates"": [
    -83.140945708,
    42.417139161
  ],
  ""type"": ""Point""
}",-83.1409457079999,42.4171391610001
2147,1211212,ASHTON,DAYTON,2017-12-02,2,12,2017,9,7,10,9,,,0,,1,1,1,25,2,2,1,5,0,0,0,0,true,,false,false,false,false,false,,,,,,false,false,false,,,false,false,false,false,false,-83.21684,42.33426,"{
  ""coordinates"": [
    -8.321684158200000e+01,
    4.233425925300000e+01
  ],
  ""type"": ""Point""
}","{
  ""coordinates"": [
    -83.216841582,
    42.334259253
  ],
  ""type"": ""Point""
}",-83.216841582,42.334259253
2148,1214302,PLYMOUTH,ROBSON,2017-12-02,2,12,2017,0,7,1,9,,4,1,,1,1,4,35,2,1,1,5,0,0,0,0,true,,false,false,false,false,false,,,,,,false,false,false,,,false,false,false,false,false,-83.19205,42.37272,"{
  ""coordinates"": [
    -8.319205247100000e+01,
    4.237271895700010e+01
  ],
  ""type"": ""Point""
}","{
  ""coordinates"": [
    -83.192052471,
    42.372718957
  ],
  ""type"": ""Point""
}",-83.192052471,42.3727189570001
2149,1215334,CASS,FISHER,2017-12-02,2,12,2017,12,7,4,9,,4,0,,1,1,1,0,4,2,3,5,0,0,0,0,true,,false,false,false,false,false,,,,,,false,false,false,,,false,false,false,false,false,-83.0566,42.33834,"{
  ""coordinates"": [
    -8.305659890500000e+01,
    4.233833974700010e+01
  ],
  ""type"": ""Point""
}","{
  ""coordinates"": [
    -83.056598905,
    42.338339747
  ],
  ""type"": ""Point""
}",-83.056598905,42.3383397470001
2150,1211463,8 MILE,CANADIAN NATIONAL RAILWAY,2017-12-02,2,12,2017,16,7,5,3,,1,0,,1,1,1,40,4,3,4,4,0,0,0,1,false,,false,false,true,false,false,,,,,,false,false,true,,,false,false,false,false,false,-83.00592,42.4488,"{
  ""coordinates"": [
    -8.300591828700000e+01,
    4.244879654400010e+01
  ],
  ""type"": ""Point""
}","{
  ""coordinates"": [
    -83.005918287,
    42.448796544
  ],
  ""type"": ""Point""
}",-83.005918287,42.4487965440001
2151,1237285,S I 75,RAMP 035E,2017-12-02,2,12,2017,18,7,5,1,,1,0,,1,1,4,55,4,5,5,4,0,0,0,1,false,,false,false,false,false,false,,,,,,false,false,false,,,false,false,false,false,false,-83.08306,42.32316,"{
  ""coordinates"": [
    -8.308305904600000e+01,
    4.232316095700000e+01
  ],
  ""type"": ""Point""
}","{
  ""coordinates"": [
    -83.083059046,
    42.323160957
  ],
  ""type"": ""Point""
}",-83.083059046,42.323160957
2152,1213363,7 MILE,VAN DYKE,2017-12-02,2,12,2017,17,7,4,3,,4,0,,1,1,3,35,2,2,2,4,0,0,0,1,false,,true,true,false,true,false,,,,,,false,false,false,,,false,false,false,false,false,-83.02435,42.43398,"{
  ""coordinates"": [
    -8.302435010300000e+01,
    4.243397455200010e+01
  ],
  ""type"": ""Point""
}","{
  ""coordinates"": [
    -83.024350103,
    42.433974552
  ],
  ""type"": ""Point""
}",-83.024350103,42.4339745520001
2153,1211461,OUTER,LAMONT,2017-12-02,2,12,2017,22,7,8,9,,2,0,,1,1,4,35,3,2,3,5,0,0,0,0,true,,false,false,true,false,false,,,,,,false,false,false,,,false,false,false,false,false,-83.05538,42.44049,"{
  ""coordinates"": [
    -8.305538132500000e+01,
    4.244049094100010e+01
  ],
  ""type"": ""Point""
}","{
  ""coordinates"": [
    -83.055381325,
    42.440490941
  ],
  ""type"": ""Point""
}",-83.055381325,42.4404909410001
2154,1216643,HARPER,MANISTIQUE,2017-12-02,2,12,2017,21,7,1,9,,4,1,,1,1,4,35,4,1,1,3,0,0,1,0,false,,false,false,false,false,false,,,,,,false,false,false,,,false,false,false,false,false,-82.96208,42.40541,"{
  ""coordinates"": [
    -8.296208550100000e+01,
    4.240540504600010e+01
  ],
  ""type"": ""Point""
}","{
  ""coordinates"": [
    -82.962085501,
    42.405405046
  ],
  ""type"": ""Point""
}",-82.962085501,42.4054050460001
2155,1225417,FERRY,JOHN R,2017-12-02,2,12,2017,19,7,8,9,,4,0,,1,1,4,25,2,2,1,5,0,0,0,0,true,,false,false,false,false,false,,,,,,false,false,true,,,false,false,false,false,false,-83.06494,42.36195,"{
  ""coordinates"": [
    -8.306494441900000e+01,
    4.236195340300000e+01
  ],
  ""type"": ""Point""
}","{
  ""coordinates"": [
    -83.064944419,
    42.361953403
  ],
  ""type"": ""Point""
}",-83.064944419,42.361953403
2156,1214349,HILDALE,SUNSET,2017-12-02,2,12,2017,11,7,4,9,,,0,,1,1,4,25,2,2,2,4,0,0,0,1,false,,true,false,false,false,false,,,,,,false,false,true,,,false,false,false,false,false,-83.06076,42.42957,"{
  ""coordinates"": [
    -8.306075790900000e+01,
    4.242957230000010e+01
  ],
  ""type"": ""Point""
}","{
  ""coordinates"": [
    -83.060757909,
    42.4295723
  ],
  ""type"": ""Point""
}",-83.060757909,42.4295723000001
2157,1219908,ASHLAND,JEFFERSON,2017-12-02,2,12,2017,9,7,5,9,,,0,,1,1,3,25,2,2,1,5,0,0,0,0,true,,false,false,false,false,false,,,,,,false,false,false,,,false,false,false,false,false,-82.94049,42.37461,"{
  ""coordinates"": [
    -8.294049251699990e+01,
    4.237461082700000e+01
  ],
  ""type"": ""Point""
}","{
  ""coordinates"": [
    -82.940492517,
    42.374610827
  ],
  ""type"": ""Point""
}",-82.9404925169999,42.374610827
2158,1213329,W/B I-96,SCHAEFER,2017-12-02,2,12,2017,14,7,8,1,,1,0,,1,1,1,70,3,2,6,5,0,0,0,0,true,,false,false,false,false,false,,,,,,false,true,false,,,false,false,false,false,false,-83.18023,42.38291,"{
  ""coordinates"": [
    -8.318022844799999e+01,
    4.238290974000010e+01
  ],
  ""type"": ""Point""
}","{
  ""coordinates"": [
    -83.180228448,
    42.38290974
  ],
  ""type"": ""Point""
}",-83.180228448,42.3829097400001
2159,1213353,SOUTHFIELD SERVICE DRIVE,GRAND RIVER,2017-12-02,2,12,2017,23,7,5,3,,4,0,,1,1,4,55,4,2,1,5,0,0,0,0,true,,false,false,true,false,false,,,,,,false,false,false,,,false,false,false,false,false,-83.21799,42.40056,"{
  ""coordinates"": [
    -8.321798451500000e+01,
    4.240055723200000e+01
  ],
  ""type"": ""Point""
}","{
  ""coordinates"": [
    -83.217984515,
    42.400557232
  ],
  ""type"": ""Point""
}",-83.217984515,42.400557232
2160,1219933,OUTER,LANCASHIRE,2017-12-02,2,12,2017,3,7,1,9,,2,0,,1,1,4,30,2,1,1,1,1,0,0,0,false,,false,false,false,false,false,,,,,,false,false,false,,,false,false,false,false,false,-83.23198,42.40702,"{
  ""coordinates"": [
    -8.323197984399999e+01,
    4.240702411600010e+01
  ],
  ""type"": ""Point""
}","{
  ""coordinates"": [
    -83.231979844,
    42.407024116
  ],
  ""type"": ""Point""
}",-83.231979844,42.4070241160001
2161,1288265,VERNOR,FIELD,2017-12-02,2,12,2017,2,7,5,9,,4,3,,1,1,4,25,4,2,1,5,0,0,0,0,true,,false,false,false,false,false,,,,,,false,false,true,,,false,false,false,false,false,-83.00796,42.35805,"{
  ""coordinates"": [
    -8.300795396200000e+01,
    4.235804841400010e+01
  ],
  ""type"": ""Point""
}","{
  ""coordinates"": [
    -83.007953962,
    42.358048414
  ],
  ""type"": ""Point""
}",-83.007953962,42.3580484140001
2162,1219901,CADIEUX,MACK,2017-12-02,2,12,2017,14,7,4,9,,4,0,,1,1,1,35,2,2,4,5,0,0,0,0,true,,true,true,false,false,false,,,,,,false,false,false,,,false,false,false,false,false,-82.92239,42.39484,"{
  ""coordinates"": [
    -8.292239377800000e+01,
    4.239483582600010e+01
  ],
  ""type"": ""Point""
}","{
  ""coordinates"": [
    -82.922393778,
    42.394835826
  ],
  ""type"": ""Point""
}",-82.922393778,42.3948358260001
2163,1219906,CHANDLER,MARSEILLES,2017-12-02,2,12,2017,12,7,4,9,,2,0,,1,1,1,35,2,2,2,5,0,0,0,0,true,,false,false,false,false,false,,,,,,false,false,false,,,false,false,false,false,false,-82.92464,42.41426,"{
  ""coordinates"": [
    -8.292464030799989e+01,
    4.241425660500000e+01
  ],
  ""type"": ""Point""
}","{
  ""coordinates"": [
    -82.924640308,
    42.414256605
  ],
  ""type"": ""Point""
}",-82.9246403079999,42.414256605
2164,1216603,SOUTHFIELD SERVICE DRIVE,RAMP 008P,2017-12-02,2,12,2017,18,7,5,9,,4,0,,1,1,4,70,3,2,1,5,0,0,0,0,true,,false,false,true,false,false,,,,,,false,false,false,,,false,false,false,false,false,-83.21675,42.37893,"{
  ""coordinates"": [
    -8.321675173200001e+01,
    4.237892959700010e+01
  ],
  ""type"": ""Point""
}","{
  ""coordinates"": [
    -83.216751732,
    42.378929597
  ],
  ""type"": ""Point""
}",-83.216751732,42.3789295970001
2165,1257331,CANFIELD,SECOND,2017-12-02,2,12,2017,20,7,98,9,,4,0,,98,98,98,25,2,2,0,5,0,0,0,0,true,,false,false,true,false,false,,,,,,false,false,false,,,false,false,false,false,false,-83.06638,42.3511,"{
  ""coordinates"": [
    -8.306638564399999e+01,
    4.235110201600000e+01
  ],
  ""type"": ""Point""
}","{
  ""coordinates"": [
    -83.066385644,
    42.351102016
  ],
  ""type"": ""Point""
}",-83.066385644,42.351102016
2166,1214306,CHICAGO,JEFFRIES,2017-12-02,2,12,2017,11,7,4,9,,4,0,,1,1,1,30,3,2,2,5,0,0,0,0,true,,false,false,true,false,false,,,,,,false,false,false,,,false,false,false,false,false,-83.13954,42.36806,"{
  ""coordinates"": [
    -8.313954040499991e+01,
    4.236806605400010e+01
  ],
  ""type"": ""Point""
}","{
  ""coordinates"": [
    -83.139540405,
    42.368066054
  ],
  ""type"": ""Point""
}",-83.1395404049999,42.3680660540001
2167,1211249,SEMINOLE,HARPER,2017-12-02,2,12,2017,11,7,5,9,,,0,,1,1,1,25,1,2,1,4,0,0,0,1,false,,false,false,false,false,false,,,,,,false,false,false,,,false,false,false,false,false,-83.0175,42.38796,"{
  ""coordinates"": [
    -8.301750292500000e+01,
    4.238796070000010e+01
  ],
  ""type"": ""Point""
}","{
  ""coordinates"": [
    -83.017502925,
    42.3879607
  ],
  ""type"": ""Point""
}",-83.017502925,42.3879607000001