ObjectId,Crash ID,Primary Road,Intersecting Road,Crash Date,Day,Month,Year,Hour,Weekday,Crash Type Code,Highway Classification Code,Community Code,Jurisdiction Code,Lane Departure Type Code,Surface Type,Road Condition,Weather Condition,Lighting Condition,Speed Limit,Lanes,Units,Occupants,Most Severe Injury,Fatal Injuries,Suspected Serious Injuries,Suspected Minor Injuries,Possible Injuries,Property Damage Only,Secondary Crash,Traffic Control,Red Light Run,Hit and Run,Alcohol,Drugs,Unbelted Person,Work Zone,Speeding Driver,Distracted Driver,Driveway,Pedestrian,Elderly Driver,Young Driver,Commercial Vehicle,Emergency Vehicles,Train,School Bus,Motorcycle,Bicycle,Deer,Longitude,Latitude,geom,geog,x,y
2168,1213330,W/B I-94,I-96,2017-12-02,2,12,2017,17,7,8,1,,1,0,,1,1,3,55,3,2,1,5,0,0,0,0,true,,false,false,true,false,false,,,,,,false,false,false,,,false,false,false,false,false,-83.09727,42.35081,"{
  ""coordinates"": [
    -8.309727515000000e+01,
    4.235081647600000e+01
  ],
  ""type"": ""Point""
}","{
  ""coordinates"": [
    -83.09727515,
    42.350816476
  ],
  ""type"": ""Point""
}",-83.09727515,42.350816476
2169,1211376,BARLFOUR,COURVILLE,2017-12-02,2,12,2017,1,7,8,9,,,0,,98,98,5,25,1,3,0,5,0,0,0,0,true,,false,false,true,false,false,,,,,,false,false,false,,,false,false,false,false,false,-82.94975,42.4133,"{
  ""coordinates"": [
    -8.294974558800000e+01,
    4.241329998900010e+01
  ],
  ""type"": ""Point""
}","{
  ""coordinates"": [
    -82.949745588,
    42.413299989
  ],
  ""type"": ""Point""
}",-82.949745588,42.4132999890001
2170,1232068,ADAMS,WOODWARD,2017-12-02,2,12,2017,2,7,8,3,,4,0,,1,1,4,25,2,2,8,5,0,0,0,0,true,,false,false,false,false,false,,,,,,false,false,true,,,false,false,false,false,false,-83.05121,42.33685,"{
  ""coordinates"": [
    -8.305120621000000e+01,
    4.233684859000000e+01
  ],
  ""type"": ""Point""
}","{
  ""coordinates"": [
    -83.05120621,
    42.33684859
  ],
  ""type"": ""Point""
}",-83.05120621,42.33684859
2171,1215380,PURITAN,HOLMUR,2017-12-02,2,12,2017,7,7,1,9,,4,1,,1,1,1,35,2,1,1,4,0,0,0,1,false,,false,false,false,false,false,,,,,,false,false,false,,,false,false,false,false,false,-83.13746,42.40997,"{
  ""coordinates"": [
    -8.313746133700000e+01,
    4.240996593200000e+01
  ],
  ""type"": ""Point""
}","{
  ""coordinates"": [
    -83.137461337,
    42.409965932
  ],
  ""type"": ""Point""
}",-83.137461337,42.409965932
2172,1214301,HUBBELL,MCNICHOLS,2017-12-02,2,12,2017,12,7,4,9,,4,0,,1,1,1,35,2,2,1,5,0,0,0,0,true,,false,false,true,false,false,,,,,,false,false,false,,,false,false,false,false,false,-83.18955,42.41647,"{
  ""coordinates"": [
    -8.318955069600000e+01,
    4.241646570300000e+01
  ],
  ""type"": ""Point""
}","{
  ""coordinates"": [
    -83.189550696,
    42.416465703
  ],
  ""type"": ""Point""
}",-83.189550696,42.416465703
2173,1213357,7 MILE,HAYES,2017-12-02,2,12,2017,19,7,5,9,,2,0,,1,1,4,30,2,2,1,4,0,0,0,1,false,,false,false,false,false,false,,,,,,false,false,false,,,false,false,false,false,false,-82.96543,42.43543,"{
  ""coordinates"": [
    -8.296542752399991e+01,
    4.243543102300000e+01
  ],
  ""type"": ""Point""
}","{
  ""coordinates"": [
    -82.965427524,
    42.435431023
  ],
  ""type"": ""Point""
}",-82.9654275239999,42.435431023
2174,1214303,FENKELL,GRAYFIELD,2017-12-02,2,12,2017,15,7,5,9,,2,0,,1,1,1,35,2,2,2,5,0,0,0,0,true,,false,false,false,false,false,,,,,,false,true,false,,,false,false,false,false,false,-83.26905,42.40021,"{
  ""coordinates"": [
    -8.326905204400001e+01,
    4.240020904700000e+01
  ],
  ""type"": ""Point""
}","{
  ""coordinates"": [
    -83.269052044,
    42.400209047
  ],
  ""type"": ""Point""
}",-83.269052044,42.400209047
2175,1215363,DEQUINDRE,STATE FAIR,2017-12-02,2,12,2017,18,7,4,9,,4,0,,1,1,1,30,2,2,2,5,0,0,0,0,true,,false,false,true,false,false,,,,,,false,false,false,,,false,false,false,false,false,-83.08313,42.44042,"{
  ""coordinates"": [
    -8.308312653599999e+01,
    4.244041938200010e+01
  ],
  ""type"": ""Point""
}","{
  ""coordinates"": [
    -83.083126536,
    42.440419382
  ],
  ""type"": ""Point""
}",-83.083126536,42.4404193820001
2176,1238918,VAN DYKE,MACK,2017-12-02,2,12,2017,13,7,8,9,,4,0,,1,1,1,0,2,2,1,5,0,0,0,0,true,,false,false,false,false,false,,,,,,false,false,false,,,false,false,false,false,false,-83.00623,42.36716,"{
  ""coordinates"": [
    -8.300623129699990e+01,
    4.236716391200010e+01
  ],
  ""type"": ""Point""
}","{
  ""coordinates"": [
    -83.006231297,
    42.367163912
  ],
  ""type"": ""Point""
}",-83.0062312969999,42.3671639120001
2177,1244185,EWALD,FULLERTON,2017-12-02,2,12,2017,19,7,4,9,,4,0,,1,1,4,25,2,2,2,5,0,0,0,0,true,,true,false,false,false,false,,,,,,false,true,false,,,false,false,false,false,false,-83.14516,42.38068,"{
  ""coordinates"": [
    -8.314515679499991e+01,
    4.238067722700000e+01
  ],
  ""type"": ""Point""
}","{
  ""coordinates"": [
    -83.145156795,
    42.380677227
  ],
  ""type"": ""Point""
}",-83.1451567949999,42.380677227
2178,1213351,MCNICHOLS,TRINITY,2017-12-02,2,12,2017,21,7,4,9,,2,0,,1,1,4,35,4,2,6,5,0,0,0,0,true,,false,false,false,false,false,,,,,,false,false,true,,,false,false,false,false,false,-83.24894,42.41473,"{
  ""coordinates"": [
    -8.324893982000000e+01,
    4.241473211900010e+01
  ],
  ""type"": ""Point""
}","{
  ""coordinates"": [
    -83.24893982,
    42.414732119
  ],
  ""type"": ""Point""
}",-83.24893982,42.4147321190001
2179,1218076,JOY,GREENVIEW,2017-12-02,2,12,2017,19,7,8,9,,2,0,,1,1,3,35,4,2,2,5,0,0,0,0,true,,false,false,false,false,false,,,,,,false,false,false,,,false,false,false,false,false,-83.22245,42.35777,"{
  ""coordinates"": [
    -8.322245176000000e+01,
    4.235776747300010e+01
  ],
  ""type"": ""Point""
}","{
  ""coordinates"": [
    -83.22245176,
    42.357767473
  ],
  ""type"": ""Point""
}",-83.22245176,42.3577674730001
2180,1211319,BURT,FLORENCE,2017-12-02,2,12,2017,14,7,4,9,,4,0,,1,1,1,35,2,2,3,4,0,0,0,4,false,,false,false,false,false,false,,,,,,false,false,false,,,false,false,false,false,false,-83.24751,42.40955,"{
  ""coordinates"": [
    -8.324751473100000e+01,
    4.240954825800000e+01
  ],
  ""type"": ""Point""
}","{
  ""coordinates"": [
    -83.247514731,
    42.409548258
  ],
  ""type"": ""Point""
}",-83.247514731,42.409548258
2181,1216634,N M 10,WARREN,2017-12-02,2,12,2017,9,7,10,3,,1,0,,1,1,3,15,3,2,2,5,0,0,0,0,true,,false,false,false,false,false,,,,,,false,false,false,,,false,false,false,false,false,-83.07343,42.35386,"{
  ""coordinates"": [
    -8.307343507800000e+01,
    4.235386260800000e+01
  ],
  ""type"": ""Point""
}","{
  ""coordinates"": [
    -83.073435078,
    42.353862608
  ],
  ""type"": ""Point""
}",-83.073435078,42.353862608
2182,1211217,PLYMOUTH,GREENFIELD,2017-12-02,2,12,2017,16,7,4,9,,4,0,,1,1,1,35,5,2,2,5,0,0,0,0,true,,false,false,false,false,false,,,,,,false,false,false,,,false,false,false,false,false,-83.19763,42.37257,"{
  ""coordinates"": [
    -8.319763375699991e+01,
    4.237256543900000e+01
  ],
  ""type"": ""Point""
}","{
  ""coordinates"": [
    -83.197633757,
    42.372565439
  ],
  ""type"": ""Point""
}",-83.1976337569999,42.372565439
2183,1213339,WILLIS,CASS,2017-12-02,2,12,2017,18,7,8,9,,,0,,1,1,4,25,2,2,1,5,0,0,0,0,true,,false,false,true,false,false,,,,,,false,false,false,,,false,false,false,false,false,-83.06286,42.35078,"{
  ""coordinates"": [
    -8.306285817700000e+01,
    4.235077645500010e+01
  ],
  ""type"": ""Point""
}","{
  ""coordinates"": [
    -83.062858177,
    42.350776455
  ],
  ""type"": ""Point""
}",-83.062858177,42.3507764550001
2184,1223781,I-96,LIVERNOIS,2017-12-02,2,12,2017,7,7,5,1,,1,0,,1,2,1,70,3,2,2,4,0,0,0,1,false,,false,false,false,false,false,,,,,,false,false,false,,,false,false,false,false,false,-83.14301,42.36893,"{
  ""coordinates"": [
    -8.314300449200000e+01,
    4.236892731100000e+01
  ],
  ""type"": ""Point""
}","{
  ""coordinates"": [
    -83.143004492,
    42.368927311
  ],
  ""type"": ""Point""
}",-83.143004492,42.368927311
2185,1215369,OUTER,SCHAEFER,2017-12-02,2,12,2017,15,7,4,9,,2,0,,1,1,1,35,4,2,5,5,0,0,0,0,true,,true,true,false,false,false,,,,,,false,false,true,,,false,false,false,false,false,-83.17997,42.42011,"{
  ""coordinates"": [
    -8.317996800899989e+01,
    4.242011296900010e+01
  ],
  ""type"": ""Point""
}","{
  ""coordinates"": [
    -83.179968009,
    42.420112969
  ],
  ""type"": ""Point""
}",-83.1799680089999,42.4201129690001
2186,1276285,N I 75,NORFOLK SOUTHERN RAILWAY,2017-12-02,2,12,2017,18,7,1,1,,1,0,,1,1,4,70,3,1,1,1,1,0,0,0,false,,false,false,false,false,false,,,,,,false,false,false,,,false,false,false,false,false,-83.12595,42.29595,"{
  ""coordinates"": [
    -8.312594692899999e+01,
    4.229595065900000e+01
  ],
  ""type"": ""Point""
}","{
  ""coordinates"": [
    -83.125946929,
    42.295950659
  ],
  ""type"": ""Point""
}",-83.125946929,42.295950659
2187,1211318,TELEGRAPH,7 MILE,2017-12-02,2,12,2017,0,7,97,2,,1,0,,1,1,4,45,9,2,2,2,0,1,0,0,false,,false,false,false,false,false,,,,,,true,false,true,,,false,false,false,false,false,-83.27749,42.42735,"{
  ""coordinates"": [
    -8.327748917100000e+01,
    4.242735403100000e+01
  ],
  ""type"": ""Point""
}","{
  ""coordinates"": [
    -83.277489171,
    42.427354031
  ],
  ""type"": ""Point""
}",-83.277489171,42.427354031
2188,1214300,OAKMAN,GRAND RIVER,2017-12-02,2,12,2017,17,7,3,3,,4,0,,1,1,4,35,4,2,5,5,0,0,0,0,true,,false,false,true,false,false,,,,,,false,false,true,,,false,false,false,false,false,-83.15071,42.37344,"{
  ""coordinates"": [
    -8.315071473800000e+01,
    4.237344528600000e+01
  ],
  ""type"": ""Point""
}","{
  ""coordinates"": [
    -83.150714738,
    42.373445286
  ],
  ""type"": ""Point""
}",-83.150714738,42.373445286
2189,1246011,VERNOR,BELLEVUE,2017-12-02,2,12,2017,6,7,98,9,,4,0,,1,1,2,25,2,2,0,5,0,0,0,0,true,,false,false,true,false,false,,,,,,false,false,false,,,false,false,false,false,false,-83.01334,42.3561,"{
  ""coordinates"": [
    -8.301334213900000e+01,
    4.235610315300000e+01
  ],
  ""type"": ""Point""
}","{
  ""coordinates"": [
    -83.013342139,
    42.356103153
  ],
  ""type"": ""Point""
}",-83.013342139,42.356103153
2190,1214311,MCNICHOLS,CONANT,2017-12-02,2,12,2017,13,7,8,9,,4,0,,1,1,1,35,4,2,1,5,0,0,0,0,true,,false,false,true,false,false,,,,,,false,true,false,,,false,false,false,false,false,-83.06364,42.41866,"{
  ""coordinates"": [
    -8.306364559900000e+01,
    4.241865945800000e+01
  ],
  ""type"": ""Point""
}","{
  ""coordinates"": [
    -83.063645599,
    42.418659458
  ],
  ""type"": ""Point""
}",-83.063645599,42.418659458
2191,1219905,CORNWALL,SOMERSET,2017-12-01,1,12,2017,13,6,4,9,,,0,,1,1,1,25,1,2,4,4,0,0,0,4,false,,false,false,false,false,false,,,,,,false,false,true,,,false,false,false,false,false,-82.9467,42.3978,"{
  ""coordinates"": [
    -8.294670422999999e+01,
    4.239779978700010e+01
  ],
  ""type"": ""Point""
}","{
  ""coordinates"": [
    -82.94670423,
    42.397799787
  ],
  ""type"": ""Point""
}",-82.94670423,42.3977997870001
2192,1214277,I-96,EVERGREEN,2017-12-01,1,12,2017,10,6,1,1,,1,1,,1,1,1,70,3,1,1,4,0,0,0,1,false,,false,false,false,false,false,,,,,,false,true,false,,,false,false,false,false,false,-83.23515,42.37932,"{
  ""coordinates"": [
    -8.323515163899999e+01,
    4.237931923900000e+01
  ],
  ""type"": ""Point""
}","{
  ""coordinates"": [
    -83.235151639,
    42.379319239
  ],
  ""type"": ""Point""
}",-83.235151639,42.379319239
2193,1223768,I-75,SPRINGWELLS,2017-12-01,1,12,2017,19,6,10,1,,1,0,,1,2,4,60,1,2,2,4,0,0,0,1,false,,false,false,false,false,false,,,,,,false,false,false,,,false,false,false,false,false,-83.11074,42.305,"{
  ""coordinates"": [
    -8.311074377400000e+01,
    4.230499538500000e+01
  ],
  ""type"": ""Point""
}","{
  ""coordinates"": [
    -83.110743774,
    42.304995385
  ],
  ""type"": ""Point""
}",-83.110743774,42.304995385
2194,1210883,I-94,I-96,2017-12-01,1,12,2017,18,6,5,1,,1,0,,1,1,4,55,3,2,2,5,0,0,0,0,true,,false,false,false,false,false,,,,,,false,false,false,,,false,false,false,false,false,-83.10096,42.34953,"{
  ""coordinates"": [
    -8.310095903300000e+01,
    4.234952961500010e+01
  ],
  ""type"": ""Point""
}","{
  ""coordinates"": [
    -83.100959033,
    42.349529615
  ],
  ""type"": ""Point""
}",-83.100959033,42.3495296150001
2195,1211064,MICHIGAN,JOE,2017-12-01,1,12,2017,19,6,97,2,,1,0,,1,1,4,35,5,2,0,3,0,0,1,0,false,,false,false,true,false,false,,,,,,true,false,false,,,false,false,false,false,false,-83.11614,42.33115,"{
  ""coordinates"": [
    -8.311614535000000e+01,
    4.233115019200010e+01
  ],
  ""type"": ""Point""
}","{
  ""coordinates"": [
    -83.11614535,
    42.331150192
  ],
  ""type"": ""Point""
}",-83.11614535,42.3311501920001
2196,1239747,N M 39,LYNDON,2017-12-01,1,12,2017,22,6,5,3,,1,0,,1,1,4,55,3,2,2,5,0,0,0,0,true,,false,false,false,false,false,,,,,,false,false,true,,,false,true,false,false,false,-83.2179,42.39396,"{
  ""coordinates"": [
    -8.321790462900000e+01,
    4.239396018500000e+01
  ],
  ""type"": ""Point""
}","{
  ""coordinates"": [
    -83.217904629,
    42.393960185
  ],
  ""type"": ""Point""
}",-83.217904629,42.393960185
2197,1216666,MCNICHOLS,CONANT,2017-12-01,1,12,2017,13,6,97,9,,4,0,,1,1,1,30,4,1,1,5,0,0,0,0,true,,false,false,true,false,false,,,,,,false,false,false,,,false,false,false,false,false,-83.06364,42.41866,"{
  ""coordinates"": [
    -8.306364559900000e+01,
    4.241865945800000e+01
  ],
  ""type"": ""Point""
}","{
  ""coordinates"": [
    -83.063645599,
    42.418659458
  ],
  ""type"": ""Point""
}",-83.063645599,42.418659458
2198,1210891,I-75,WARREN,2017-12-01,1,12,2017,13,6,5,1,,1,0,,1,1,1,70,4,4,5,2,0,1,0,0,false,,false,false,false,false,false,,,,,,false,false,false,,,false,false,false,false,false,-83.05407,42.3606,"{
  ""coordinates"": [
    -8.305407072600001e+01,
    4.236059424900000e+01
  ],
  ""type"": ""Point""
}","{
  ""coordinates"": [
    -83.054070726,
    42.360594249
  ],
  ""type"": ""Point""
}",-83.054070726,42.360594249
2199,1223775,I-94,GRATIOT,2017-12-01,1,12,2017,21,6,5,1,,1,0,,1,1,4,55,3,2,1,5,0,0,0,0,true,,false,false,true,false,false,,,,,,false,false,true,,,false,false,false,false,false,-83.0061,42.39158,"{
  ""coordinates"": [
    -8.300610339799989e+01,
    4.239158198200000e+01
  ],
  ""type"": ""Point""
}","{
  ""coordinates"": [
    -83.006103398,
    42.391581982
  ],
  ""type"": ""Point""
}",-83.0061033979999,42.391581982
2200,1211063,FORT,ELSMERE,2017-12-01,1,12,2017,18,6,8,3,,1,0,,1,1,3,35,5,2,2,5,0,0,0,0,true,,false,false,false,false,false,,,,,,false,false,false,,,false,false,false,false,false,-83.12785,42.29686,"{
  ""coordinates"": [
    -8.312785128500001e+01,
    4.229686528900000e+01
  ],
  ""type"": ""Point""
}","{
  ""coordinates"": [
    -83.127851285,
    42.296865289
  ],
  ""type"": ""Point""
}",-83.127851285,42.296865289
2201,1215397,MCNICHOLS,PRAIRIE,2017-12-01,1,12,2017,6,6,3,9,,4,0,,1,1,4,30,3,2,2,5,0,0,0,0,true,,false,false,false,false,false,,,,,,false,false,false,,,false,false,false,false,false,-83.14516,42.41714,"{
  ""coordinates"": [
    -8.314515669699990e+01,
    4.241713968500010e+01
  ],
  ""type"": ""Point""
}","{
  ""coordinates"": [
    -83.145156697,
    42.417139685
  ],
  ""type"": ""Point""
}",-83.1451566969999,42.4171396850001
2202,1211322,PEMBROOK,ASHTON,2017-12-01,1,12,2017,10,6,97,9,,4,0,,1,1,4,35,4,2,2,5,0,0,0,0,true,,false,false,false,false,false,,,,,,false,false,false,,,false,false,false,false,false,-83.21885,42.43726,"{
  ""coordinates"": [
    -8.321884897599990e+01,
    4.243725416300000e+01
  ],
  ""type"": ""Point""
}","{
  ""coordinates"": [
    -83.218848976,
    42.437254163
  ],
  ""type"": ""Point""
}",-83.2188489759999,42.437254163
2203,1211008,S M 10 SERVICE DRIVE,S JOHN C LODGE/N JOHN C LODGE,2017-12-01,1,12,2017,20,6,8,3,,4,0,,1,1,4,20,3,2,3,5,0,0,0,0,true,,false,false,false,false,false,,,,,,false,false,true,,,false,false,false,false,false,-83.07278,42.35169,"{
  ""coordinates"": [
    -8.307277632599990e+01,
    4.235168799400000e+01
  ],
  ""type"": ""Point""
}","{
  ""coordinates"": [
    -83.072776326,
    42.351687994
  ],
  ""type"": ""Point""
}",-83.0727763259999,42.351687994
2204,1213327,RAMP 223C,W I 94 SERVICE DRIVE,2017-12-01,1,12,2017,17,6,5,1,,1,0,,1,2,1,55,1,2,2,4,0,0,0,1,false,,false,false,false,false,false,,,,,,false,false,false,,,false,false,false,false,false,-82.93609,42.41819,"{
  ""coordinates"": [
    -8.293609036200000e+01,
    4.241818596800000e+01
  ],
  ""type"": ""Point""
}","{
  ""coordinates"": [
    -82.936090362,
    42.418185968
  ],
  ""type"": ""Point""
}",-82.936090362,42.418185968
2205,1234628,SECOND,FOREST,2017-12-01,1,12,2017,7,6,4,9,,4,0,,1,1,1,30,4,2,6,4,0,0,0,1,false,,true,true,false,false,false,,,,,,false,false,false,,,false,false,false,false,false,-83.0676,42.35302,"{
  ""coordinates"": [
    -8.306760718100000e+01,
    4.235301984600010e+01
  ],
  ""type"": ""Point""
}","{
  ""coordinates"": [
    -83.067607181,
    42.353019846
  ],
  ""type"": ""Point""
}",-83.067607181,42.3530198460001
2206,1211000,RAMP 038D,S I 75,2017-12-01,1,12,2017,21,6,8,1,,1,0,,1,2,4,25,3,2,5,5,0,0,0,0,true,,false,false,false,false,false,,,,,,false,false,true,,,false,false,false,false,false,-83.06883,42.33447,"{
  ""coordinates"": [
    -8.306883238899999e+01,
    4.233446789000000e+01
  ],
  ""type"": ""Point""
}","{
  ""coordinates"": [
    -83.068832389,
    42.33446789
  ],
  ""type"": ""Point""
}",-83.068832389,42.33446789
2207,1211001,14TH,MICHIGAN,2017-12-01,1,12,2017,8,6,8,2,,4,0,,1,1,1,30,3,2,2,5,0,0,0,0,true,,false,false,false,false,false,,,,,,false,false,false,,,false,false,false,false,false,-83.07647,42.33135,"{
  ""coordinates"": [
    -8.307646980999991e+01,
    4.233135329100000e+01
  ],
  ""type"": ""Point""
}","{
  ""coordinates"": [
    -83.07646981,
    42.331353291
  ],
  ""type"": ""Point""
}",-83.0764698099999,42.331353291
2208,1225395,I-94,CONNER,2017-12-01,1,12,2017,1,6,1,1,,1,1,,1,1,4,55,3,1,1,5,0,0,0,0,true,,false,false,false,false,false,,,,,,false,false,false,,,false,false,false,false,false,-82.99195,42.3935,"{
  ""coordinates"": [
    -8.299195298099990e+01,
    4.239350259700010e+01
  ],
  ""type"": ""Point""
}","{
  ""coordinates"": [
    -82.991952981,
    42.393502597
  ],
  ""type"": ""Point""
}",-82.9919529809999,42.3935025970001
2209,1211004,JOHN R,PALMER,2017-12-01,1,12,2017,6,6,8,9,,4,0,,1,1,1,30,2,2,2,5,0,0,0,0,true,,false,false,false,false,false,,,,,,false,true,false,,,false,false,false,false,false,-83.06584,42.36323,"{
  ""coordinates"": [
    -8.306584042500000e+01,
    4.236322625600010e+01
  ],
  ""type"": ""Point""
}","{
  ""coordinates"": [
    -83.065840425,
    42.363226256
  ],
  ""type"": ""Point""
}",-83.065840425,42.3632262560001
2210,1216644,WARREN,UNIVERSITY,2017-12-01,1,12,2017,17,6,3,9,,4,0,,1,1,1,35,2,2,2,5,0,0,0,0,true,,false,false,false,false,false,,,,,,false,true,true,,,false,false,false,false,false,-82.9224,42.40878,"{
  ""coordinates"": [
    -8.292239773499990e+01,
    4.240877704600010e+01
  ],
  ""type"": ""Point""
}","{
  ""coordinates"": [
    -82.922397735,
    42.408777046
  ],
  ""type"": ""Point""
}",-82.9223977349999,42.4087770460001
2211,1211224,RIOPELLE,WILKINS,2017-12-01,1,12,2017,12,6,9,9,,,2,,1,1,1,15,2,2,2,5,0,0,0,0,true,,false,false,false,false,false,,,,,,false,true,false,,,false,false,false,false,false,-83.04082,42.34982,"{
  ""coordinates"": [
    -8.304081940700000e+01,
    4.234981763300000e+01
  ],
  ""type"": ""Point""
}","{
  ""coordinates"": [
    -83.040819407,
    42.349817633
  ],
  ""type"": ""Point""
}",-83.040819407,42.349817633
2212,1214336,LIVERNOIS,DAVISON,2017-12-01,1,12,2017,13,6,97,3,,4,0,,1,1,1,30,4,3,4,5,0,0,0,0,true,,false,false,false,false,false,,,,,,false,true,false,,,false,false,false,false,false,-83.13944,42.38639,"{
  ""coordinates"": [
    -8.313944361900001e+01,
    4.238638937400000e+01
  ],
  ""type"": ""Point""
}","{
  ""coordinates"": [
    -83.139443619,
    42.386389374
  ],
  ""type"": ""Point""
}",-83.139443619,42.386389374
2213,1234553,7 MILE,FIELDING,2017-12-01,1,12,2017,15,6,5,9,,2,0,,1,1,1,25,2,2,2,5,0,0,0,0,true,,false,false,false,false,false,,,,,,false,true,true,,,false,false,false,false,false,-83.24432,42.42945,"{
  ""coordinates"": [
    -8.324431455599991e+01,
    4.242944741100010e+01
  ],
  ""type"": ""Point""
}","{
  ""coordinates"": [
    -83.244314556,
    42.429447411
  ],
  ""type"": ""Point""
}",-83.2443145559999,42.4294474110001
2214,1234909,FORD,ALTER,2017-12-01,1,12,2017,8,6,4,1,,1,0,,1,1,1,45,4,2,3,3,0,0,1,0,false,,false,false,false,false,false,,,,,,false,false,true,,,false,false,false,false,false,-82.96049,42.405,"{
  ""coordinates"": [
    -8.296048747200000e+01,
    4.240500422100010e+01
  ],
  ""type"": ""Point""
}","{
  ""coordinates"": [
    -82.960487472,
    42.405004221
  ],
  ""type"": ""Point""
}",-82.960487472,42.4050042210001
2215,1211554,ALLEN,WEST,2017-12-01,1,12,2017,17,6,4,9,,2,0,,1,1,1,45,5,2,2,5,0,0,0,0,true,,false,false,false,false,false,,,,,,false,false,true,,,false,false,false,false,false,-83.20019,42.43801,"{
  ""coordinates"": [
    -8.320019029600000e+01,
    4.243800640500010e+01
  ],
  ""type"": ""Point""
}","{
  ""coordinates"": [
    -83.200190296,
    42.438006405
  ],
  ""type"": ""Point""
}",-83.200190296,42.4380064050001
2216,1211459,8 MILE,CHAREST,2017-12-01,1,12,2017,17,6,5,3,,1,0,,1,1,1,40,4,2,2,4,0,0,0,1,false,,false,false,false,false,false,,,,,,false,false,false,,,false,false,false,false,false,-83.07176,42.44717,"{
  ""coordinates"": [
    -8.307176051700000e+01,
    4.244717254600000e+01
  ],
  ""type"": ""Point""
}","{
  ""coordinates"": [
    -83.071760517,
    42.447172546
  ],
  ""type"": ""Point""
}",-83.071760517,42.447172546
2217,1216618,E I 94,RAMP 215D,2017-12-01,1,12,2017,16,6,97,1,,1,0,,1,1,1,55,3,2,1,5,0,0,0,0,true,,false,false,true,false,false,,,,,,false,false,false,,,false,false,false,false,false,-83.07494,42.35975,"{
  ""coordinates"": [
    -8.307494103700000e+01,
    4.235974695900010e+01
  ],
  ""type"": ""Point""
}","{
  ""coordinates"": [
    -83.074941037,
    42.359746959
  ],
  ""type"": ""Point""
}",-83.074941037,42.3597469590001
2218,1214314,ST MARYS,PLYMOUTH,2017-12-01,1,12,2017,12,6,4,9,,,0,,1,1,1,25,3,2,0,5,0,0,0,0,true,,false,false,true,false,false,,,,,,false,false,false,,,false,false,false,false,false,-83.20477,42.37255,"{
  ""coordinates"": [
    -8.320476652900000e+01,
    4.237255022400010e+01
  ],
  ""type"": ""Point""
}","{
  ""coordinates"": [
    -83.204766529,
    42.372550224
  ],
  ""type"": ""Point""
}",-83.204766529,42.3725502240001
2219,1239746,RAMP 008R,N M 39,2017-12-01,1,12,2017,21,6,5,1,,1,0,,1,1,4,55,2,2,2,5,0,0,0,0,true,,false,false,false,false,false,,,,,,false,false,false,,,false,false,false,false,false,-83.21733,42.38344,"{
  ""coordinates"": [
    -8.321733097500000e+01,
    4.238344215600010e+01
  ],
  ""type"": ""Point""
}","{
  ""coordinates"": [
    -83.217330975,
    42.383442156
  ],
  ""type"": ""Point""
}",-83.217330975,42.3834421560001
2220,1211317,MCNICHOLS,LENORE,2017-12-01,1,12,2017,0,6,5,9,,2,0,,1,1,4,35,4,2,4,2,0,1,1,2,false,,false,false,false,false,false,,,,,,false,false,true,,,false,false,false,false,false,-83.2807,42.41444,"{
  ""coordinates"": [
    -8.328069995100000e+01,
    4.241444178100010e+01
  ],
  ""type"": ""Point""
}","{
  ""coordinates"": [
    -83.280699951,
    42.414441781
  ],
  ""type"": ""Point""
}",-83.280699951,42.4144417810001
2221,1223887,MCNICHOLS,SOUTHFIELD SERVICE DRIVE,2017-12-01,1,12,2017,7,6,4,9,,2,0,,1,5,1,35,4,2,1,5,0,0,0,0,true,,false,false,false,false,false,,,,,,false,false,false,,,false,false,false,false,false,-83.21848,42.41557,"{
  ""coordinates"": [
    -8.321847244799990e+01,
    4.241556697000000e+01
  ],
  ""type"": ""Point""
}","{
  ""coordinates"": [
    -83.218472448,
    42.41556697
  ],
  ""type"": ""Point""
}",-83.2184724479999,42.41556697
2222,1211005,WOODWARD,CHANDLER,2017-12-01,1,12,2017,8,6,8,3,,1,0,,1,1,1,30,3,2,2,5,0,0,0,0,true,,false,false,false,false,false,,,,,,false,false,false,,,false,false,false,false,false,-83.07584,42.37406,"{
  ""coordinates"": [
    -8.307583811799999e+01,
    4.237406202100000e+01
  ],
  ""type"": ""Point""
}","{
  ""coordinates"": [
    -83.075838118,
    42.374062021
  ],
  ""type"": ""Point""
}",-83.075838118,42.374062021
2223,1211315,7 MILE,SOUTHFIELD,2017-12-01,1,12,2017,19,6,8,9,,2,0,,1,1,4,35,5,3,4,5,0,0,0,0,true,,false,false,true,false,false,,,,,,false,false,false,,,false,false,false,false,false,-83.21975,42.43002,"{
  ""coordinates"": [
    -8.321974596900000e+01,
    4.243001647600000e+01
  ],
  ""type"": ""Point""
}","{
  ""coordinates"": [
    -83.219745969,
    42.430016476
  ],
  ""type"": ""Point""
}",-83.219745969,42.430016476
2224,1215359,OAKMAN,KENDALL,2017-12-01,1,12,2017,17,6,98,9,,4,0,,98,98,98,25,4,2,0,5,0,0,0,0,true,,false,false,true,false,false,,,,,,false,false,false,,,false,false,false,false,false,-83.12585,42.39762,"{
  ""coordinates"": [
    -8.312584542699990e+01,
    4.239761733500010e+01
  ],
  ""type"": ""Point""
}","{
  ""coordinates"": [
    -83.125845427,
    42.397617335
  ],
  ""type"": ""Point""
}",-83.1258454269999,42.3976173350001