ObjectId,Crash ID,Primary Road,Intersecting Road,Crash Date,Day,Month,Year,Hour,Weekday,Crash Type Code,Highway Classification Code,Community Code,Jurisdiction Code,Lane Departure Type Code,Surface Type,Road Condition,Weather Condition,Lighting Condition,Speed Limit,Lanes,Units,Occupants,Most Severe Injury,Fatal Injuries,Suspected Serious Injuries,Suspected Minor Injuries,Possible Injuries,Property Damage Only,Secondary Crash,Traffic Control,Red Light Run,Hit and Run,Alcohol,Drugs,Unbelted Person,Work Zone,Speeding Driver,Distracted Driver,Driveway,Pedestrian,Elderly Driver,Young Driver,Commercial Vehicle,Emergency Vehicles,Train,School Bus,Motorcycle,Bicycle,Deer,Longitude,Latitude,geom,geog,x,y
2225,1223776,M-39,7 MILE,2017-12-01,1,12,2017,23,6,8,3,,1,0,,1,1,4,55,3,2,3,4,0,0,0,1,false,,false,false,false,false,false,,,,,,false,false,true,,,false,false,false,false,false,-83.21916,42.42865,"{
  ""coordinates"": [
    -8.321916524800000e+01,
    4.242865551800000e+01
  ],
  ""type"": ""Point""
}","{
  ""coordinates"": [
    -83.219165248,
    42.428655518
  ],
  ""type"": ""Point""
}",-83.219165248,42.428655518
2226,1211007,WOODWARD,ERSKINE,2017-12-01,1,12,2017,12,6,8,3,,1,0,,1,1,1,35,3,2,1,5,0,0,0,0,true,,false,false,true,false,false,,,,,,false,false,false,,,false,false,false,false,false,-83.05667,42.34559,"{
  ""coordinates"": [
    -8.305666852500001e+01,
    4.234558977000010e+01
  ],
  ""type"": ""Point""
}","{
  ""coordinates"": [
    -83.056668525,
    42.34558977
  ],
  ""type"": ""Point""
}",-83.056668525,42.3455897700001
2227,1215364,NEVADA,MOUND,2017-12-01,1,12,2017,11,6,4,9,,4,0,,1,1,1,30,6,2,2,3,0,0,2,0,false,,true,true,false,false,false,,,,,,false,false,true,,,false,false,false,false,false,-83.04301,42.42631,"{
  ""coordinates"": [
    -8.304301435100000e+01,
    4.242630817500000e+01
  ],
  ""type"": ""Point""
}","{
  ""coordinates"": [
    -83.043014351,
    42.426308175
  ],
  ""type"": ""Point""
}",-83.043014351,42.426308175
2228,1215347,GREENVIEW,WARREN,2017-12-01,1,12,2017,20,6,4,9,,,0,,1,1,4,25,1,2,7,4,0,0,0,1,false,,false,false,false,false,false,,,,,,false,false,true,,,false,false,false,false,false,-83.22196,42.34264,"{
  ""coordinates"": [
    -8.322195853999990e+01,
    4.234264343200000e+01
  ],
  ""type"": ""Point""
}","{
  ""coordinates"": [
    -83.22195854,
    42.342643432
  ],
  ""type"": ""Point""
}",-83.2219585399999,42.342643432
2229,1213319,I-94,M-10,2017-12-01,1,12,2017,8,6,8,1,,1,0,,1,1,1,55,3,2,2,5,0,0,0,0,true,,false,false,false,false,false,,,,,,false,false,false,,,false,false,false,false,false,-83.08451,42.35469,"{
  ""coordinates"": [
    -8.308451193000001e+01,
    4.235468799500010e+01
  ],
  ""type"": ""Point""
}","{
  ""coordinates"": [
    -83.08451193,
    42.354687995
  ],
  ""type"": ""Point""
}",-83.08451193,42.3546879950001
2230,1246000,JEFFERSON,WOODWARD,2017-12-01,1,12,2017,9,6,8,3,,1,0,,1,1,1,35,5,2,4,5,0,0,0,0,true,,false,false,false,false,false,,,,,,false,false,false,,,false,false,false,false,false,-83.04454,42.32848,"{
  ""coordinates"": [
    -8.304453810699989e+01,
    4.232847838000000e+01
  ],
  ""type"": ""Point""
}","{
  ""coordinates"": [
    -83.044538107,
    42.32847838
  ],
  ""type"": ""Point""
}",-83.0445381069999,42.32847838
2231,1215392,LAUDER,TROJAN,2017-12-01,1,12,2017,12,6,8,9,,,0,,1,1,1,25,1,2,2,5,0,0,0,0,true,,false,false,false,false,false,,,,,,false,false,false,,,false,false,false,false,false,-83.193,42.44143,"{
  ""coordinates"": [
    -8.319300091199990e+01,
    4.244143096200000e+01
  ],
  ""type"": ""Point""
}","{
  ""coordinates"": [
    -83.193000912,
    42.441430962
  ],
  ""type"": ""Point""
}",-83.1930009119999,42.441430962
2232,1219903,SAINT JEAN,MACK,2017-12-01,1,12,2017,8,6,97,9,,4,0,,3,2,2,25,4,2,2,5,0,0,0,0,true,,false,false,false,false,false,,,,,,false,false,false,,,false,false,false,false,false,-82.97859,42.37919,"{
  ""coordinates"": [
    -8.297859154199990e+01,
    4.237919103900000e+01
  ],
  ""type"": ""Point""
}","{
  ""coordinates"": [
    -82.978591542,
    42.379191039
  ],
  ""type"": ""Point""
}",-82.9785915419999,42.379191039
2233,1211374,7 MILE,GRATIOT,2017-12-01,1,12,2017,16,6,97,3,,4,0,,1,1,1,30,2,2,0,4,0,0,0,1,false,,false,false,true,false,false,,,,,,true,false,false,,,false,false,false,false,false,-82.97775,42.43508,"{
  ""coordinates"": [
    -8.297774958399999e+01,
    4.243508288000000e+01
  ],
  ""type"": ""Point""
}","{
  ""coordinates"": [
    -82.977749584,
    42.43508288
  ],
  ""type"": ""Point""
}",-82.977749584,42.43508288
2234,1238821,JEFFERSON,BEAUBIEN,2017-12-01,1,12,2017,15,6,8,4,,1,0,,1,1,1,30,4,2,5,5,0,0,0,0,true,,false,false,false,false,false,,,,,,false,false,false,,,false,false,false,false,false,-83.03989,42.33085,"{
  ""coordinates"": [
    -8.303989505100000e+01,
    4.233084843600010e+01
  ],
  ""type"": ""Point""
}","{
  ""coordinates"": [
    -83.039895051,
    42.330848436
  ],
  ""type"": ""Point""
}",-83.039895051,42.3308484360001
2235,1210870,M-10,DAVISON,2017-12-01,1,12,2017,8,6,5,3,,1,0,,1,1,1,55,3,2,2,5,0,0,0,0,true,,false,false,false,false,false,,,,,,false,false,false,,,false,false,false,false,false,-83.11183,42.39898,"{
  ""coordinates"": [
    -8.311183239199990e+01,
    4.239897968100010e+01
  ],
  ""type"": ""Point""
}","{
  ""coordinates"": [
    -83.111832392,
    42.398979681
  ],
  ""type"": ""Point""
}",-83.1118323919999,42.3989796810001
2236,1215379,8 MILE,S M 10 SERVICE DRIVE,2017-12-01,1,12,2017,13,6,8,3,,1,0,,1,1,1,40,3,2,2,5,0,0,0,0,true,,false,false,false,false,false,,,,,,false,false,false,,,false,false,false,false,false,-83.20388,42.44468,"{
  ""coordinates"": [
    -8.320387694599999e+01,
    4.244468181400000e+01
  ],
  ""type"": ""Point""
}","{
  ""coordinates"": [
    -83.203876946,
    42.444681814
  ],
  ""type"": ""Point""
}",-83.203876946,42.444681814
2237,1214324,CHELSEA,BARRETT,2017-12-01,1,12,2017,11,6,98,9,,,3,,98,98,1,25,2,2,0,5,0,0,0,0,true,,false,false,true,false,false,,,,,,false,false,false,,,false,false,false,false,false,-82.98795,42.40572,"{
  ""coordinates"": [
    -8.298794732200000e+01,
    4.240571782500010e+01
  ],
  ""type"": ""Point""
}","{
  ""coordinates"": [
    -82.987947322,
    42.405717825
  ],
  ""type"": ""Point""
}",-82.987947322,42.4057178250001
2238,1215376,STRATHMOOR,CLARITA,2017-12-01,1,12,2017,19,6,2,9,,,0,,1,1,4,25,4,2,3,5,0,0,0,0,true,,false,false,true,false,false,,,,,,false,false,false,,,false,false,false,false,false,-83.18875,42.42896,"{
  ""coordinates"": [
    -8.318875039400000e+01,
    4.242895429800010e+01
  ],
  ""type"": ""Point""
}","{
  ""coordinates"": [
    -83.188750394,
    42.428954298
  ],
  ""type"": ""Point""
}",-83.188750394,42.4289542980001
2239,1288315,MCNICHOLS,WISCONSON,2017-12-01,1,12,2017,20,6,5,9,,4,0,,1,1,4,30,2,2,1,5,0,0,0,0,true,,false,false,false,true,false,,,,,,false,false,false,,,false,false,false,false,false,-83.15891,42.41697,"{
  ""coordinates"": [
    -8.315891182599999e+01,
    4.241696539700010e+01
  ],
  ""type"": ""Point""
}","{
  ""coordinates"": [
    -83.158911826,
    42.416965397
  ],
  ""type"": ""Point""
}",-83.158911826,42.4169653970001
2240,1211065,VERNOR,GRAND,2017-12-01,1,12,2017,16,6,3,9,,4,0,,1,1,1,35,3,2,2,5,0,0,0,0,true,,false,false,false,false,false,,,,,,false,false,true,,,false,false,false,false,false,-83.08923,42.32287,"{
  ""coordinates"": [
    -8.308922843999990e+01,
    4.232286739900010e+01
  ],
  ""type"": ""Point""
}","{
  ""coordinates"": [
    -83.08922844,
    42.322867399
  ],
  ""type"": ""Point""
}",-83.0892284399999,42.3228673990001
2241,1211352,HARPER,CONNER,2017-12-01,1,12,2017,8,6,97,9,,4,0,,3,1,1,30,6,2,3,5,0,0,0,0,true,,false,false,false,false,false,,,,,,false,true,false,,,false,false,false,false,false,-82.98994,42.39719,"{
  ""coordinates"": [
    -8.298994389099990e+01,
    4.239718781100000e+01
  ],
  ""type"": ""Point""
}","{
  ""coordinates"": [
    -82.989943891,
    42.397187811
  ],
  ""type"": ""Point""
}",-82.9899438909999,42.397187811
2242,1211002,E I 94,3RD,2017-12-01,1,12,2017,19,6,5,1,,1,0,,1,1,4,55,3,2,1,4,0,0,0,1,false,,false,false,true,false,false,,,,,,false,false,false,,,false,false,false,false,false,-83.07458,42.35998,"{
  ""coordinates"": [
    -8.307458597599999e+01,
    4.235997750500010e+01
  ],
  ""type"": ""Point""
}","{
  ""coordinates"": [
    -83.074585976,
    42.359977505
  ],
  ""type"": ""Point""
}",-83.074585976,42.3599775050001
2243,1215374,20026 SANTA ROSA,CHIPPEWEA,2017-12-01,1,12,2017,10,6,10,9,,,0,,1,1,1,0,1,2,1,5,0,0,0,0,true,,false,false,true,false,false,,,,,,false,true,false,,,false,false,false,false,false,-83.144,42.4409,"{
  ""coordinates"": [
    -8.314400538900000e+01,
    4.244090067000010e+01
  ],
  ""type"": ""Point""
}","{
  ""coordinates"": [
    -83.144005389,
    42.44090067
  ],
  ""type"": ""Point""
}",-83.144005389,42.4409006700001
2244,1211066,VERNOR,CAMPBELL,2017-12-01,1,12,2017,17,6,5,9,,4,0,,1,1,3,35,2,2,3,5,0,0,0,0,true,,false,false,false,false,false,,,,,,false,false,true,,,false,false,false,false,false,-83.10384,42.317,"{
  ""coordinates"": [
    -8.310383264799999e+01,
    4.231700168300010e+01
  ],
  ""type"": ""Point""
}","{
  ""coordinates"": [
    -83.103832648,
    42.317001683
  ],
  ""type"": ""Point""
}",-83.103832648,42.3170016830001
2245,1211354,CONNER,EVANSTON,2017-12-01,1,12,2017,8,6,8,9,,4,0,,1,1,1,30,5,2,1,5,0,0,0,0,true,,false,false,true,false,false,,,,,,false,false,false,,,false,false,false,false,false,-82.9903,42.39808,"{
  ""coordinates"": [
    -8.299030144699999e+01,
    4.239808379100000e+01
  ],
  ""type"": ""Point""
}","{
  ""coordinates"": [
    -82.990301447,
    42.398083791
  ],
  ""type"": ""Point""
}",-82.990301447,42.398083791
2246,1278289,GREENFIELD,RAMP 136D,2017-12-01,1,12,2017,0,6,4,1,,2,0,,1,1,4,35,6,2,3,1,1,0,0,0,false,,false,false,true,true,false,,,,,,false,false,false,,,false,false,false,false,false,-83.19804,42.3796,"{
  ""coordinates"": [
    -8.319804565399990e+01,
    4.237960047000010e+01
  ],
  ""type"": ""Point""
}","{
  ""coordinates"": [
    -83.198045654,
    42.37960047
  ],
  ""type"": ""Point""
}",-83.1980456539999,42.3796004700001
2247,1213374,CASS,CANFIELD,2017-12-01,1,12,2017,13,6,8,9,,4,0,,1,1,1,25,4,2,3,5,0,0,0,0,true,,false,false,false,false,false,,,,,,false,false,false,,,false,false,false,false,false,-83.06384,42.35107,"{
  ""coordinates"": [
    -8.306384238699999e+01,
    4.235106966400010e+01
  ],
  ""type"": ""Point""
}","{
  ""coordinates"": [
    -83.063842387,
    42.351069664
  ],
  ""type"": ""Point""
}",-83.063842387,42.3510696640001
2248,1210885,I-94,GRATIOT,2017-12-01,1,12,2017,20,6,1,1,,1,0,,1,1,4,55,3,1,2,5,0,0,0,0,true,,false,false,false,false,false,,,,,,false,false,true,,,false,false,false,false,false,-83.00765,42.39115,"{
  ""coordinates"": [
    -8.300765405200001e+01,
    4.239114598800010e+01
  ],
  ""type"": ""Point""
}","{
  ""coordinates"": [
    -83.007654052,
    42.391145988
  ],
  ""type"": ""Point""
}",-83.007654052,42.3911459880001
2249,1211250,GRATIOT,ARNDT,2017-12-01,1,12,2017,17,6,1,3,,1,1,,1,1,3,35,7,2,2,4,0,0,0,1,false,,false,false,false,false,false,,,,,,true,false,false,,,false,false,false,false,false,-83.03147,42.35336,"{
  ""coordinates"": [
    -8.303147322800000e+01,
    4.235336213500010e+01
  ],
  ""type"": ""Point""
}","{
  ""coordinates"": [
    -83.031473228,
    42.353362135
  ],
  ""type"": ""Point""
}",-83.031473228,42.3533621350001
2250,1216647,ELLIS,RUTHERFORD,2017-12-01,1,12,2017,12,6,9,9,,,0,,1,1,1,25,2,2,0,5,0,0,0,0,true,,false,false,true,false,false,,,,,,false,false,false,,,false,false,false,false,false,-83.20258,42.36046,"{
  ""coordinates"": [
    -8.320258659000000e+01,
    4.236045932300000e+01
  ],
  ""type"": ""Point""
}","{
  ""coordinates"": [
    -83.20258659,
    42.360459323
  ],
  ""type"": ""Point""
}",-83.20258659,42.360459323
2251,1225394,E I 96 CD,CSX TRANSPORTATION,2017-12-01,1,12,2017,2,6,1,1,,1,1,,1,1,4,70,4,1,3,2,0,2,0,1,false,,false,false,false,true,false,,,,,,false,false,true,,,false,false,false,false,false,-83.19018,42.37956,"{
  ""coordinates"": [
    -8.319017504500000e+01,
    4.237955669900000e+01
  ],
  ""type"": ""Point""
}","{
  ""coordinates"": [
    -83.190175045,
    42.379556699
  ],
  ""type"": ""Point""
}",-83.190175045,42.379556699
2252,1210888,I-75,MCNICHOLS,2017-12-01,1,12,2017,6,6,5,1,,1,0,,1,1,2,70,4,2,2,5,0,0,0,0,true,,false,false,false,false,false,,,,,,false,false,false,,,false,false,false,false,false,-83.08693,42.41686,"{
  ""coordinates"": [
    -8.308692743700000e+01,
    4.241685783300010e+01
  ],
  ""type"": ""Point""
}","{
  ""coordinates"": [
    -83.086927437,
    42.416857833
  ],
  ""type"": ""Point""
}",-83.086927437,42.4168578330001
2253,1211377,ANNSBURY,HARPER,2017-12-01,1,12,2017,19,6,1,9,,,0,,1,1,4,25,2,2,1,5,0,0,0,0,true,,false,false,false,false,false,,,,,,true,false,false,,,false,false,false,false,false,-82.97865,42.4006,"{
  ""coordinates"": [
    -8.297864969599991e+01,
    4.240060490200010e+01
  ],
  ""type"": ""Point""
}","{
  ""coordinates"": [
    -82.978649696,
    42.400604902
  ],
  ""type"": ""Point""
}",-82.9786496959999,42.4006049020001
2254,1213356,JUNCTION,BUCHANAN,2017-12-01,1,12,2017,13,6,4,9,,4,0,,1,1,1,0,4,2,2,5,0,0,0,0,true,,true,true,true,false,false,,,,,,false,false,false,,,false,false,false,false,false,-83.11462,42.33514,"{
  ""coordinates"": [
    -8.311461883399990e+01,
    4.233513763500010e+01
  ],
  ""type"": ""Point""
}","{
  ""coordinates"": [
    -83.114618834,
    42.335137635
  ],
  ""type"": ""Point""
}",-83.1146188339999,42.3351376350001
2255,1211314,MCNICHOLS,GILCHRIST,2017-12-01,1,12,2017,15,6,8,9,,2,0,,1,1,1,0,4,2,6,5,0,0,0,0,true,,false,false,false,false,false,,,,,,false,false,false,,,false,true,false,false,false,-83.21301,42.41568,"{
  ""coordinates"": [
    -8.321301596399999e+01,
    4.241568131000000e+01
  ],
  ""type"": ""Point""
}","{
  ""coordinates"": [
    -83.213015964,
    42.41568131
  ],
  ""type"": ""Point""
}",-83.213015964,42.41568131
2256,1223765,S M 39,I 96 SERVICE DRIVE,2017-12-01,1,12,2017,18,6,5,3,,1,0,,1,2,4,55,3,2,2,5,0,0,0,0,true,,false,false,false,false,false,,,,,,false,false,false,,,false,false,false,false,false,-83.217,42.37744,"{
  ""coordinates"": [
    -8.321699477700000e+01,
    4.237744167900010e+01
  ],
  ""type"": ""Point""
}","{
  ""coordinates"": [
    -83.216994777,
    42.377441679
  ],
  ""type"": ""Point""
}",-83.216994777,42.3774416790001
2257,1211313,8 MILE,ROSEMONT,2017-12-01,1,12,2017,16,6,8,3,,1,0,,1,1,1,40,4,2,2,5,0,0,0,0,true,,false,false,false,false,false,,,,,,false,false,false,,,false,false,false,false,false,-83.2225,42.44413,"{
  ""coordinates"": [
    -8.322249876599990e+01,
    4.244412430000010e+01
  ],
  ""type"": ""Point""
}","{
  ""coordinates"": [
    -83.222498766,
    42.4441243
  ],
  ""type"": ""Point""
}",-83.2224987659999,42.4441243000001
2258,1211311,SOUTHFIELD,HESSEL,2017-12-01,1,12,2017,16,6,5,3,,5,0,,1,1,3,35,2,2,2,5,0,0,0,0,true,,false,false,false,false,false,,,,,,false,false,false,,,false,false,false,false,false,-83.22011,42.44279,"{
  ""coordinates"": [
    -8.322010967300000e+01,
    4.244278527700000e+01
  ],
  ""type"": ""Point""
}","{
  ""coordinates"": [
    -83.220109673,
    42.442785277
  ],
  ""type"": ""Point""
}",-83.220109673,42.442785277
2259,1242554,SCHAEFER,OUTER,2017-12-01,1,12,2017,7,6,5,9,,4,3,,1,1,2,30,5,2,0,5,0,0,0,0,true,,false,false,true,false,false,,,,,,false,false,false,,,false,false,false,false,false,-83.1799,42.41874,"{
  ""coordinates"": [
    -8.317990240200000e+01,
    4.241874217600010e+01
  ],
  ""type"": ""Point""
}","{
  ""coordinates"": [
    -83.179902402,
    42.418742176
  ],
  ""type"": ""Point""
}",-83.179902402,42.4187421760001
2260,1219900,ST JEAN,MACK,2017-12-01,1,12,2017,7,6,5,9,,4,0,,3,1,1,30,5,2,2,5,0,0,0,0,true,,false,false,false,false,false,,,,,,false,false,false,,,false,false,false,false,false,-82.97881,42.37952,"{
  ""coordinates"": [
    -8.297881110599999e+01,
    4.237951501000000e+01
  ],
  ""type"": ""Point""
}","{
  ""coordinates"": [
    -82.978811106,
    42.37951501
  ],
  ""type"": ""Point""
}",-82.978811106,42.37951501
2261,1211375,EASTBURN,MARBUD,2017-12-01,1,12,2017,14,6,4,9,,,0,,1,1,1,25,1,2,6,5,0,0,0,0,true,,true,false,true,false,false,,,,,,false,false,true,,,false,false,false,false,false,-82.9734,42.44522,"{
  ""coordinates"": [
    -8.297339404400000e+01,
    4.244522371900010e+01
  ],
  ""type"": ""Point""
}","{
  ""coordinates"": [
    -82.973394044,
    42.445223719
  ],
  ""type"": ""Point""
}",-82.973394044,42.4452237190001
2262,1211251,JEFFERSON,RIVARD,2017-12-01,1,12,2017,9,6,8,9,,4,0,,1,1,1,30,6,2,2,5,0,0,0,0,true,,false,false,false,false,false,,,,,,false,false,false,,,false,false,false,false,false,-83.03416,42.33329,"{
  ""coordinates"": [
    -8.303416818399999e+01,
    4.233329348300000e+01
  ],
  ""type"": ""Point""
}","{
  ""coordinates"": [
    -83.034168184,
    42.333293483
  ],
  ""type"": ""Point""
}",-83.034168184,42.333293483
2263,1210892,N M 39,JOY,2017-12-01,1,12,2017,15,6,5,3,,1,0,,1,1,1,55,3,3,4,5,0,0,0,0,true,,false,false,false,false,false,,,,,,false,false,false,,,false,false,false,false,false,-83.21638,42.35772,"{
  ""coordinates"": [
    -8.321638584199999e+01,
    4.235772499300000e+01
  ],
  ""type"": ""Point""
}","{
  ""coordinates"": [
    -83.216385842,
    42.357724993
  ],
  ""type"": ""Point""
}",-83.216385842,42.357724993
2264,1210865,I-75,MCNICHOLS,2017-12-01,1,12,2017,7,6,5,1,,1,0,,1,2,2,70,4,2,1,5,0,0,0,0,true,,false,false,true,false,false,,,,,,false,false,false,,,false,false,false,false,false,-83.08907,42.41947,"{
  ""coordinates"": [
    -8.308907555800000e+01,
    4.241946748100000e+01
  ],
  ""type"": ""Point""
}","{
  ""coordinates"": [
    -83.089075558,
    42.419467481
  ],
  ""type"": ""Point""
}",-83.089075558,42.419467481
2265,1211320,8 MILE,BILTMORE,2017-12-01,1,12,2017,9,6,97,3,,1,0,,1,1,1,35,4,3,4,4,0,0,0,1,false,,true,true,true,false,false,,,,,,false,false,false,,,false,false,false,false,false,-83.21257,42.44436,"{
  ""coordinates"": [
    -8.321256955699990e+01,
    4.244435977000010e+01
  ],
  ""type"": ""Point""
}","{
  ""coordinates"": [
    -83.212569557,
    42.44435977
  ],
  ""type"": ""Point""
}",-83.2125695569999,42.4443597700001
2266,1238817,MADISON,BEAUBIEN,2017-12-01,1,12,2017,13,6,9,9,,4,0,,1,1,1,30,2,2,3,5,0,0,0,0,true,,false,false,false,false,false,,,,,,false,false,false,,,false,false,false,false,false,-83.04456,42.33786,"{
  ""coordinates"": [
    -8.304456199600000e+01,
    4.233785841100010e+01
  ],
  ""type"": ""Point""
}","{
  ""coordinates"": [
    -83.044561996,
    42.337858411
  ],
  ""type"": ""Point""
}",-83.044561996,42.3378584110001
2267,1214343,8MILE,VAN DYKE,2017-12-01,1,12,2017,9,6,5,3,,1,0,,1,1,1,40,2,2,2,5,0,0,0,0,true,,false,false,true,false,false,,,,,,false,false,false,,,false,false,false,false,false,-83.02512,42.44816,"{
  ""coordinates"": [
    -8.302511281900000e+01,
    4.244815726700010e+01
  ],
  ""type"": ""Point""
}","{
  ""coordinates"": [
    -83.025112819,
    42.448157267
  ],
  ""type"": ""Point""
}",-83.025112819,42.4481572670001
2268,1211067,VERNOR,OAKDALE,2017-12-01,1,12,2017,16,6,5,9,,4,0,,1,1,1,25,2,2,4,4,0,0,0,3,false,,false,false,false,false,false,,,,,,false,false,true,,,false,false,false,false,false,-83.13434,42.30855,"{
  ""coordinates"": [
    -8.313433666600000e+01,
    4.230854686900010e+01
  ],
  ""type"": ""Point""
}","{
  ""coordinates"": [
    -83.134336666,
    42.308546869
  ],
  ""type"": ""Point""
}",-83.134336666,42.3085468690001
2269,1214305,PURITAN,MARLOWE,2017-12-01,1,12,2017,8,6,1,9,,4,0,,1,1,2,30,2,1,3,5,0,0,0,0,true,,false,false,true,false,false,,,,,,false,false,false,,,false,false,false,false,false,-83.1904,42.40902,"{
  ""coordinates"": [
    -8.319039676900000e+01,
    4.240902406700010e+01
  ],
  ""type"": ""Point""
}","{
  ""coordinates"": [
    -83.190396769,
    42.409024067
  ],
  ""type"": ""Point""
}",-83.190396769,42.4090240670001
2270,1215339,LOTHROP,2ND,2017-12-01,1,12,2017,17,6,5,9,,4,0,,1,1,1,25,2,2,5,5,0,0,0,0,true,,false,false,false,false,false,,,,,,false,false,true,,,false,false,false,false,false,-83.07717,42.37043,"{
  ""coordinates"": [
    -8.307717462700001e+01,
    4.237043344300000e+01
  ],
  ""type"": ""Point""
}","{
  ""coordinates"": [
    -83.077174627,
    42.370433443
  ],
  ""type"": ""Point""
}",-83.077174627,42.370433443
2271,1236207,MACKAY,CARPENTER,2017-12-01,1,12,2017,9,6,5,9,,,0,,1,98,4,25,2,2,0,5,0,0,0,0,true,,false,false,false,false,false,,,,,,false,false,false,,,false,false,false,false,false,-83.0669,42.40568,"{
  ""coordinates"": [
    -8.306690427900000e+01,
    4.240568314800000e+01
  ],
  ""type"": ""Point""
}","{
  ""coordinates"": [
    -83.066904279,
    42.405683148
  ],
  ""type"": ""Point""
}",-83.066904279,42.405683148
2272,1219894,VERNOR,MCKINSTRY,2017-12-01,1,12,2017,8,6,4,9,,4,0,,1,1,1,35,2,2,2,5,0,0,0,0,true,,false,false,false,false,false,,,,,,false,false,false,,,false,false,false,false,false,-83.09716,42.31974,"{
  ""coordinates"": [
    -8.309715954599990e+01,
    4.231974371500010e+01
  ],
  ""type"": ""Point""
}","{
  ""coordinates"": [
    -83.097159546,
    42.319743715
  ],
  ""type"": ""Point""
}",-83.0971595459999,42.3197437150001
2273,1210973,WOODWARD,WILLIS,2017-11-30,30,11,2017,14,5,4,3,,1,0,,1,1,1,30,7,2,3,5,0,0,0,0,true,,false,false,false,false,false,,,,,,false,false,false,,,false,false,false,false,false,-83.06075,42.35168,"{
  ""coordinates"": [
    -8.306074358799999e+01,
    4.235167558000010e+01
  ],
  ""type"": ""Point""
}","{
  ""coordinates"": [
    -83.060743588,
    42.35167558
  ],
  ""type"": ""Point""
}",-83.060743588,42.3516755800001
2274,1234560,OUTER,OUTER,2017-11-30,30,11,2017,23,5,8,9,,2,0,,1,1,4,0,2,2,0,5,0,0,0,0,true,,false,false,true,false,false,,,,,,false,false,false,,,false,false,false,false,false,-83.23283,42.40358,"{
  ""coordinates"": [
    -8.323283359300000e+01,
    4.240357796800000e+01
  ],
  ""type"": ""Point""
}","{
  ""coordinates"": [
    -83.232833593,
    42.403577968
  ],
  ""type"": ""Point""
}",-83.232833593,42.403577968
2275,1210999,N M 10 SERVICE DRIVE,GRAND,2017-11-30,30,11,2017,18,5,8,9,,4,0,,1,1,4,35,2,2,1,5,0,0,0,0,true,,false,false,true,false,false,,,,,,false,false,false,,,false,false,false,false,false,-83.08138,42.36713,"{
  ""coordinates"": [
    -8.308137550500000e+01,
    4.236712797400000e+01
  ],
  ""type"": ""Point""
}","{
  ""coordinates"": [
    -83.081375505,
    42.367127974
  ],
  ""type"": ""Point""
}",-83.081375505,42.367127974
2276,1214293,I 75,HOLBROOK,2017-11-30,30,11,2017,18,5,8,1,,1,0,,1,1,4,70,3,2,3,5,0,0,0,0,true,,false,false,false,false,false,,,,,,false,false,false,,,false,false,false,false,false,-83.06861,42.38731,"{
  ""coordinates"": [
    -8.306861438399990e+01,
    4.238731069700000e+01
  ],
  ""type"": ""Point""
}","{
  ""coordinates"": [
    -83.068614384,
    42.387310697
  ],
  ""type"": ""Point""
}",-83.0686143839999,42.387310697
2277,1211425,RYAN,8 MILE,2017-11-30,30,11,2017,18,5,4,3,,4,0,,1,1,3,35,4,2,5,5,0,0,0,0,true,,false,false,false,false,false,,,,,,false,false,false,,,false,false,false,false,false,-83.06387,42.44706,"{
  ""coordinates"": [
    -8.306386508199989e+01,
    4.244706192700000e+01
  ],
  ""type"": ""Point""
}","{
  ""coordinates"": [
    -83.063865082,
    42.447061927
  ],
  ""type"": ""Point""
}",-83.0638650819999,42.447061927
2278,1238823,MICHIGAN,CICOTTE,2017-11-30,30,11,2017,7,5,8,2,,1,0,,1,1,1,35,2,2,2,5,0,0,0,0,true,,false,false,false,false,false,,,,,,false,false,true,,,false,false,false,false,false,-83.12358,42.33113,"{
  ""coordinates"": [
    -8.312357917299990e+01,
    4.233113213800000e+01
  ],
  ""type"": ""Point""
}","{
  ""coordinates"": [
    -83.123579173,
    42.331132138
  ],
  ""type"": ""Point""
}",-83.1235791729999,42.331132138
2279,1222251,S I 75,CLIFFORD,2017-11-30,30,11,2017,18,5,5,1,,1,0,,1,1,4,70,4,2,2,4,0,0,0,1,false,,false,false,false,false,false,,,,,,false,false,false,,,false,false,false,false,false,-83.05463,42.33926,"{
  ""coordinates"": [
    -8.305463592099990e+01,
    4.233926134800000e+01
  ],
  ""type"": ""Point""
}","{
  ""coordinates"": [
    -83.054635921,
    42.339261348
  ],
  ""type"": ""Point""
}",-83.0546359209999,42.339261348
2280,1219950,13408 PROMENADE,NEWPORT,2017-11-30,30,11,2017,10,5,8,9,,,0,,2,4,1,25,2,2,2,5,0,0,0,0,true,,false,false,true,false,false,,,,,,false,false,false,,,false,false,false,false,false,-82.97346,42.41304,"{
  ""coordinates"": [
    -8.297346242200000e+01,
    4.241304361700000e+01
  ],
  ""type"": ""Point""
}","{
  ""coordinates"": [
    -82.973462422,
    42.413043617
  ],
  ""type"": ""Point""
}",-82.973462422,42.413043617
2281,1210898,FORT,GREEN,2017-11-30,30,11,2017,16,5,5,3,,1,0,,1,1,1,30,5,4,4,5,0,0,0,0,true,,false,false,false,false,false,,,,,,false,false,false,,,false,false,false,false,false,-83.1133,42.3025,"{
  ""coordinates"": [
    -8.311329979700000e+01,
    4.230249753300010e+01
  ],
  ""type"": ""Point""
}","{
  ""coordinates"": [
    -83.113299797,
    42.302497533
  ],
  ""type"": ""Point""
}",-83.113299797,42.3024975330001