ObjectId,Crash ID,Primary Road,Intersecting Road,Crash Date,Day,Month,Year,Hour,Weekday,Crash Type Code,Highway Classification Code,Community Code,Jurisdiction Code,Lane Departure Type Code,Surface Type,Road Condition,Weather Condition,Lighting Condition,Speed Limit,Lanes,Units,Occupants,Most Severe Injury,Fatal Injuries,Suspected Serious Injuries,Suspected Minor Injuries,Possible Injuries,Property Damage Only,Secondary Crash,Traffic Control,Red Light Run,Hit and Run,Alcohol,Drugs,Unbelted Person,Work Zone,Speeding Driver,Distracted Driver,Driveway,Pedestrian,Elderly Driver,Young Driver,Commercial Vehicle,Emergency Vehicles,Train,School Bus,Motorcycle,Bicycle,Deer,Longitude,Latitude,geom,geog,x,y
2282,1210649,S I 75,MCNICHOLS,2017-11-30,30,11,2017,2,5,1,1,,1,1,,1,1,4,70,4,1,1,5,0,0,0,0,true,,false,false,false,true,false,,,,,,false,false,false,,,false,false,false,false,false,-83.0871,42.41707,"{
  ""coordinates"": [
    -8.308709980899989e+01,
    4.241706823400010e+01
  ],
  ""type"": ""Point""
}","{
  ""coordinates"": [
    -83.087099809,
    42.417068234
  ],
  ""type"": ""Point""
}",-83.0870998089999,42.4170682340001
2283,1211387,WOODROW WILSON,LESLIE,2017-11-30,30,11,2017,13,5,4,9,,4,0,,1,2,1,35,2,2,2,4,0,0,0,1,false,,true,false,true,false,false,,,,,,false,false,true,,,false,false,false,false,false,-83.10835,42.39344,"{
  ""coordinates"": [
    -8.310834429700000e+01,
    4.239343596400000e+01
  ],
  ""type"": ""Point""
}","{
  ""coordinates"": [
    -83.108344297,
    42.393435964
  ],
  ""type"": ""Point""
}",-83.108344297,42.393435964
2284,1216638,CHANDLER PARK,YORKSHIRE,2017-11-30,30,11,2017,18,5,4,9,,2,0,,1,1,4,0,3,2,1,5,0,0,0,0,true,,false,false,true,false,false,,,,,,false,false,false,,,false,false,false,false,false,-82.93753,42.4095,"{
  ""coordinates"": [
    -8.293753209099999e+01,
    4.240949774700000e+01
  ],
  ""type"": ""Point""
}","{
  ""coordinates"": [
    -82.937532091,
    42.409497747
  ],
  ""type"": ""Point""
}",-82.937532091,42.409497747
2285,1215385,MEYERS,CURTIS,2017-11-30,30,11,2017,9,5,3,9,,4,0,,1,1,1,35,2,2,3,4,0,0,0,1,false,,false,false,false,false,false,,,,,,false,false,true,,,false,false,false,false,false,-83.17043,42.42402,"{
  ""coordinates"": [
    -8.317043453699991e+01,
    4.242401444300000e+01
  ],
  ""type"": ""Point""
}","{
  ""coordinates"": [
    -83.170434537,
    42.424014443
  ],
  ""type"": ""Point""
}",-83.1704345369999,42.424014443
2286,1211158,S M 39 SERVICE DRIVE,WARREN,2017-11-30,30,11,2017,8,5,8,9,,4,0,,1,1,1,55,3,2,1,4,0,0,0,1,false,,false,false,true,false,false,,,,,,false,false,true,,,false,false,false,false,false,-83.21653,42.34336,"{
  ""coordinates"": [
    -8.321653094600001e+01,
    4.234336655700000e+01
  ],
  ""type"": ""Point""
}","{
  ""coordinates"": [
    -83.216530946,
    42.343366557
  ],
  ""type"": ""Point""
}",-83.216530946,42.343366557
2287,1228200,S/B I-75,WOODWARD,2017-11-30,30,11,2017,19,5,5,7,,1,0,,1,1,4,70,4,3,2,3,0,0,1,0,false,,false,false,true,false,false,,,,,,false,false,false,,,false,false,false,false,false,-83.0512,42.34071,"{
  ""coordinates"": [
    -8.305120388900001e+01,
    4.234071178400010e+01
  ],
  ""type"": ""Point""
}","{
  ""coordinates"": [
    -83.051203889,
    42.340711784
  ],
  ""type"": ""Point""
}",-83.051203889,42.3407117840001
2288,1210842,I 94,24TH,2017-11-30,30,11,2017,17,5,5,1,,1,0,,1,1,3,55,3,2,2,4,0,0,0,1,false,,false,false,false,false,false,,,,,,false,false,false,,,false,false,false,false,false,-83.10282,42.34892,"{
  ""coordinates"": [
    -8.310282117900000e+01,
    4.234892269300010e+01
  ],
  ""type"": ""Point""
}","{
  ""coordinates"": [
    -83.102821179,
    42.348922693
  ],
  ""type"": ""Point""
}",-83.102821179,42.3489226930001
2289,1214294,DAVISON RAMP 014E,I 75,2017-11-30,30,11,2017,19,5,8,9,,4,0,,1,1,4,70,2,2,2,5,0,0,0,0,true,,false,false,false,false,false,,,,,,false,false,false,,,false,false,false,false,false,-83.08057,42.40875,"{
  ""coordinates"": [
    -8.308057773800000e+01,
    4.240875292600000e+01
  ],
  ""type"": ""Point""
}","{
  ""coordinates"": [
    -83.080577738,
    42.408752926
  ],
  ""type"": ""Point""
}",-83.080577738,42.408752926
2290,1211043,VISGER,LIDDESDALE,2017-11-30,30,11,2017,14,5,4,9,,4,0,,1,1,1,25,2,2,2,5,0,0,0,0,true,,true,false,false,false,false,,,,,,false,false,false,,,false,false,false,false,false,-83.15865,42.26704,"{
  ""coordinates"": [
    -8.315865023299990e+01,
    4.226703631700010e+01
  ],
  ""type"": ""Point""
}","{
  ""coordinates"": [
    -83.158650233,
    42.267036317
  ],
  ""type"": ""Point""
}",-83.1586502329999,42.2670363170001
2291,1234561,16544 SUNDERLAND,FLORENCE,2017-11-30,30,11,2017,23,5,2,9,,,2,,1,1,4,25,2,2,0,5,0,0,0,0,true,,false,false,true,false,false,,,,,,false,false,false,,,false,false,false,false,false,-83.22758,42.40955,"{
  ""coordinates"": [
    -8.322758837899990e+01,
    4.240955323700010e+01
  ],
  ""type"": ""Point""
}","{
  ""coordinates"": [
    -83.227588379,
    42.409553237
  ],
  ""type"": ""Point""
}",-83.2275883789999,42.4095532370001
2292,1211060,CENTRAL,KIRKWOOD,2017-11-30,30,11,2017,3,5,8,9,,4,0,,1,2,5,25,2,2,1,5,0,0,0,0,true,,false,false,true,false,false,,,,,,false,false,false,,,false,false,false,false,false,-83.14362,42.33923,"{
  ""coordinates"": [
    -8.314362392200000e+01,
    4.233923446000010e+01
  ],
  ""type"": ""Point""
}","{
  ""coordinates"": [
    -83.143623922,
    42.33923446
  ],
  ""type"": ""Point""
}",-83.143623922,42.3392344600001
2293,1215403,7 MILE,DERBY,2017-11-30,30,11,2017,13,5,5,9,,4,0,,1,1,1,30,4,3,1,5,0,0,0,0,true,,false,false,false,false,false,,,,,,false,false,false,,,false,false,false,false,false,-83.10441,42.43225,"{
  ""coordinates"": [
    -8.310440484100000e+01,
    4.243225119600000e+01
  ],
  ""type"": ""Point""
}","{
  ""coordinates"": [
    -83.104404841,
    42.432251196
  ],
  ""type"": ""Point""
}",-83.104404841,42.432251196
2294,1218070,LABROSSE,TRUMBULL,2017-11-30,30,11,2017,17,5,5,9,,,0,,1,1,1,25,2,2,2,5,0,0,0,0,true,,false,false,false,false,false,,,,,,false,false,false,,,false,false,false,false,false,-83.06489,42.3287,"{
  ""coordinates"": [
    -8.306489047399999e+01,
    4.232870033600010e+01
  ],
  ""type"": ""Point""
}","{
  ""coordinates"": [
    -83.064890474,
    42.328700336
  ],
  ""type"": ""Point""
}",-83.064890474,42.3287003360001
2295,1211042,SCHAEFER,FORT,2017-11-30,30,11,2017,13,5,8,7,,1,0,,2,2,1,30,4,2,2,5,0,0,0,0,true,,false,false,false,false,false,,,,,,false,true,false,,,false,false,false,false,false,-83.15545,42.27639,"{
  ""coordinates"": [
    -8.315544571899990e+01,
    4.227639512300000e+01
  ],
  ""type"": ""Point""
}","{
  ""coordinates"": [
    -83.155445719,
    42.276395123
  ],
  ""type"": ""Point""
}",-83.1554457189999,42.276395123
2296,1219815,I-75,DEARBORN,2017-11-30,30,11,2017,9,5,8,1,,1,0,,2,4,1,55,3,2,2,5,0,0,0,0,true,,false,false,false,false,false,,,,,,false,false,false,,,false,false,false,false,false,-83.12798,42.29276,"{
  ""coordinates"": [
    -8.312797700300000e+01,
    4.229276134100010e+01
  ],
  ""type"": ""Point""
}","{
  ""coordinates"": [
    -83.127977003,
    42.292761341
  ],
  ""type"": ""Point""
}",-83.127977003,42.2927613410001
2297,1218026,I-94,I-96,2017-11-30,30,11,2017,15,5,5,1,,1,0,,1,1,1,55,3,2,2,4,0,0,0,1,false,,false,false,false,false,false,,,,,,false,false,true,,,false,false,false,false,false,-83.09367,42.35196,"{
  ""coordinates"": [
    -8.309367576200000e+01,
    4.235195807800010e+01
  ],
  ""type"": ""Point""
}","{
  ""coordinates"": [
    -83.093675762,
    42.351958078
  ],
  ""type"": ""Point""
}",-83.093675762,42.3519580780001
2298,1219814,I-94,JOHN R,2017-11-30,30,11,2017,6,5,1,1,,1,0,,2,1,4,55,3,1,1,5,0,0,0,0,true,,false,false,false,false,false,,,,,,false,false,false,,,false,false,false,false,false,-83.06655,42.3649,"{
  ""coordinates"": [
    -8.306654860099999e+01,
    4.236489907900010e+01
  ],
  ""type"": ""Point""
}","{
  ""coordinates"": [
    -83.066548601,
    42.364899079
  ],
  ""type"": ""Point""
}",-83.066548601,42.3648990790001
2299,1211080,W I 94,CONNER,2017-11-30,30,11,2017,12,5,5,1,,1,0,,2,4,1,0,2,2,2,5,0,0,0,0,true,,false,false,true,false,false,,,,,,false,true,false,,,false,false,false,false,false,-82.98785,42.39657,"{
  ""coordinates"": [
    -8.298785750600000e+01,
    4.239657350000000e+01
  ],
  ""type"": ""Point""
}","{
  ""coordinates"": [
    -82.987857506,
    42.3965735
  ],
  ""type"": ""Point""
}",-82.987857506,42.3965735
2300,1211312,GRAND RIVER,EVERGREEN,2017-11-30,30,11,2017,18,5,9,3,,1,0,,1,1,4,35,5,2,1,4,0,0,0,1,false,,true,true,true,false,false,,,,,,false,false,false,,,false,false,false,false,false,-83.23779,42.40855,"{
  ""coordinates"": [
    -8.323778731000000e+01,
    4.240854673900000e+01
  ],
  ""type"": ""Point""
}","{
  ""coordinates"": [
    -83.23778731,
    42.408546739
  ],
  ""type"": ""Point""
}",-83.23778731,42.408546739
2301,1238834,PARK,WOODWARD,2017-11-30,30,11,2017,19,5,97,3,,,0,,1,1,4,25,3,2,3,5,0,0,0,0,true,,false,false,false,false,false,,,,,,false,false,true,,,false,false,false,false,false,-83.10639,42.41951,"{
  ""coordinates"": [
    -8.310639049699989e+01,
    4.241950869100000e+01
  ],
  ""type"": ""Point""
}","{
  ""coordinates"": [
    -83.106390497,
    42.419508691
  ],
  ""type"": ""Point""
}",-83.1063904969999,42.419508691
2302,1210880,M 10,WYOMING,2017-11-30,30,11,2017,0,5,1,3,,1,1,,1,1,5,55,3,1,1,5,0,0,0,0,true,,false,false,false,false,false,,,,,,false,false,false,,,false,false,false,false,false,-83.16133,42.40586,"{
  ""coordinates"": [
    -8.316133459700001e+01,
    4.240585866100000e+01
  ],
  ""type"": ""Point""
}","{
  ""coordinates"": [
    -83.161334597,
    42.405858661
  ],
  ""type"": ""Point""
}",-83.161334597,42.405858661
2303,1219820,M-10,I-94,2017-11-30,30,11,2017,12,5,1,3,,1,1,,2,2,1,55,4,1,1,5,0,0,0,0,true,,false,false,false,false,false,,,,,,false,false,false,,,false,false,false,false,false,-83.07808,42.36142,"{
  ""coordinates"": [
    -8.307807975700000e+01,
    4.236141582900010e+01
  ],
  ""type"": ""Point""
}","{
  ""coordinates"": [
    -83.078079757,
    42.361415829
  ],
  ""type"": ""Point""
}",-83.078079757,42.3614158290001
2304,1215389,7 MILE,BERKELEY,2017-11-30,30,11,2017,2,5,1,9,,2,1,,1,1,4,0,4,1,2,5,0,0,0,0,true,,false,false,false,false,false,,,,,,false,false,false,,,false,false,false,false,false,-83.13834,42.43167,"{
  ""coordinates"": [
    -8.313833380599991e+01,
    4.243167199600000e+01
  ],
  ""type"": ""Point""
}","{
  ""coordinates"": [
    -83.138333806,
    42.431671996
  ],
  ""type"": ""Point""
}",-83.1383338059999,42.431671996
2305,1209393,8 MILE,LESURE,2017-11-30,30,11,2017,18,5,5,3,,1,0,,1,1,5,40,4,2,2,5,0,0,0,0,true,,false,false,false,false,false,,,,,,false,true,false,,,false,false,false,false,false,-83.18328,42.44515,"{
  ""coordinates"": [
    -8.318327911499991e+01,
    4.244514983800010e+01
  ],
  ""type"": ""Point""
}","{
  ""coordinates"": [
    -83.183279115,
    42.445149838
  ],
  ""type"": ""Point""
}",-83.1832791149999,42.4451498380001
2306,1211220,GRAND,WOODWARD,2017-11-30,30,11,2017,12,5,5,9,,4,0,,2,1,1,30,3,2,2,5,0,0,0,0,true,,false,false,true,false,false,,,,,,false,false,false,,,false,false,false,false,false,-83.04842,42.33424,"{
  ""coordinates"": [
    -8.304842148400000e+01,
    4.233423480200000e+01
  ],
  ""type"": ""Point""
}","{
  ""coordinates"": [
    -83.048421484,
    42.334234802
  ],
  ""type"": ""Point""
}",-83.048421484,42.334234802
2307,1216650,JEFFERSON,GRAND,2017-11-30,30,11,2017,15,5,5,9,,4,0,,1,1,1,35,4,2,2,5,0,0,0,0,true,,false,false,false,false,false,,,,,,false,true,false,,,false,false,false,false,false,-83.00187,42.34725,"{
  ""coordinates"": [
    -8.300187268699990e+01,
    4.234725093900000e+01
  ],
  ""type"": ""Point""
}","{
  ""coordinates"": [
    -83.001872687,
    42.347250939
  ],
  ""type"": ""Point""
}",-83.0018726869999,42.347250939
2308,1214325,LYNDON,ARCHDALE,2017-11-30,30,11,2017,7,5,5,9,,,0,,98,98,98,25,1,2,1,5,0,0,0,0,true,,false,false,true,false,false,,,,,,false,true,false,,,false,false,false,false,false,-83.21632,42.39394,"{
  ""coordinates"": [
    -8.321632762999999e+01,
    4.239394037400010e+01
  ],
  ""type"": ""Point""
}","{
  ""coordinates"": [
    -83.21632763,
    42.393940374
  ],
  ""type"": ""Point""
}",-83.21632763,42.3939403740001
2309,1219790,N I 75,FERRY,2017-11-30,30,11,2017,17,5,5,1,,1,0,,1,1,4,55,3,2,2,5,0,0,0,0,true,,false,false,false,false,false,,,,,,false,false,true,,,false,false,false,false,false,-83.05664,42.3658,"{
  ""coordinates"": [
    -8.305663861499990e+01,
    4.236579385000000e+01
  ],
  ""type"": ""Point""
}","{
  ""coordinates"": [
    -83.056638615,
    42.36579385
  ],
  ""type"": ""Point""
}",-83.0566386149999,42.36579385
2310,1219819,I-94,GRAND RIVER,2017-11-30,30,11,2017,15,5,98,1,,1,0,,2,1,1,55,3,2,1,5,0,0,0,0,true,,false,false,true,false,false,,,,,,false,false,false,,,false,false,false,false,false,-83.09591,42.35112,"{
  ""coordinates"": [
    -8.309591094900000e+01,
    4.235111890100010e+01
  ],
  ""type"": ""Point""
}","{
  ""coordinates"": [
    -83.095910949,
    42.351118901
  ],
  ""type"": ""Point""
}",-83.095910949,42.3511189010001
2311,1210878,N I 75,PLEASANT,2017-11-30,30,11,2017,10,5,5,1,,1,0,,2,4,1,70,2,2,2,5,0,0,0,0,true,,false,false,false,false,false,,,,,,false,false,true,,,false,false,false,false,false,-83.1493,42.28193,"{
  ""coordinates"": [
    -8.314929985600000e+01,
    4.228192507100000e+01
  ],
  ""type"": ""Point""
}","{
  ""coordinates"": [
    -83.149299856,
    42.281925071
  ],
  ""type"": ""Point""
}",-83.149299856,42.281925071
2312,1219813,I-94,DICKERSON,2017-11-30,30,11,2017,8,5,5,1,,1,0,,1,2,1,55,3,2,2,4,0,0,0,1,false,,false,false,false,false,false,,,,,,false,false,false,,,false,false,false,false,false,-82.97589,42.40092,"{
  ""coordinates"": [
    -8.297588933700000e+01,
    4.240092033800000e+01
  ],
  ""type"": ""Point""
}","{
  ""coordinates"": [
    -82.975889337,
    42.400920338
  ],
  ""type"": ""Point""
}",-82.975889337,42.400920338
2313,1211263,7 MILE,FORRER,2017-11-30,30,11,2017,17,5,97,9,,2,0,,1,1,3,35,2,2,4,3,0,0,1,0,false,,false,false,false,false,false,,,,,,true,false,false,,,false,false,false,false,false,-83.20306,42.43037,"{
  ""coordinates"": [
    -8.320305946600000e+01,
    4.243037005700010e+01
  ],
  ""type"": ""Point""
}","{
  ""coordinates"": [
    -83.203059466,
    42.430370057
  ],
  ""type"": ""Point""
}",-83.203059466,42.4303700570001
2314,1211285,MCNICHOLS,SUSSEX,2017-11-30,30,11,2017,12,5,5,9,,2,0,,2,1,1,35,5,2,1,5,0,0,0,0,true,,false,false,false,false,false,,,,,,false,false,false,,,false,false,false,false,false,-83.19578,42.41615,"{
  ""coordinates"": [
    -8.319578093599991e+01,
    4.241615137400000e+01
  ],
  ""type"": ""Point""
}","{
  ""coordinates"": [
    -83.195780936,
    42.416151374
  ],
  ""type"": ""Point""
}",-83.1957809359999,42.416151374
2315,1211014,FORT,JUNCTION,2017-11-30,30,11,2017,11,5,97,3,,1,0,,2,2,1,30,5,2,3,5,0,0,0,0,true,,false,false,false,false,false,,,,,,false,false,false,,,false,false,false,false,false,-83.09618,42.3097,"{
  ""coordinates"": [
    -8.309618369899989e+01,
    4.230969981900010e+01
  ],
  ""type"": ""Point""
}","{
  ""coordinates"": [
    -83.096183699,
    42.309699819
  ],
  ""type"": ""Point""
}",-83.0961836989999,42.3096998190001
2316,1215383,PICKFORD,INDIANA,2017-11-30,30,11,2017,21,5,4,9,,,0,,1,1,4,25,2,2,1,5,0,0,0,0,true,,false,false,true,false,false,,,,,,false,false,false,,,false,false,false,false,false,-83.15861,42.426,"{
  ""coordinates"": [
    -8.315861120400000e+01,
    4.242600298000010e+01
  ],
  ""type"": ""Point""
}","{
  ""coordinates"": [
    -83.158611204,
    42.42600298
  ],
  ""type"": ""Point""
}",-83.158611204,42.4260029800001
2317,1215388,JAMES COUZENS,MYERS/M 10 CROSSOVER,2017-11-30,30,11,2017,12,5,5,3,,4,0,,2,2,1,35,3,2,3,5,0,0,0,0,true,,false,false,false,false,false,,,,,,false,false,false,,,false,false,false,false,false,-83.16941,42.41408,"{
  ""coordinates"": [
    -8.316941349099990e+01,
    4.241407588600000e+01
  ],
  ""type"": ""Point""
}","{
  ""coordinates"": [
    -83.169413491,
    42.414075886
  ],
  ""type"": ""Point""
}",-83.1694134909999,42.414075886
2318,1238763,S I 75,SPRINGWELLS,2017-11-30,30,11,2017,18,5,5,1,,1,0,,1,1,4,50,1,2,2,5,0,0,0,0,true,,false,false,false,false,false,,,,,,false,false,true,,,false,false,false,false,false,-83.11902,42.3017,"{
  ""coordinates"": [
    -8.311901900200000e+01,
    4.230169693800010e+01
  ],
  ""type"": ""Point""
}","{
  ""coordinates"": [
    -83.119019002,
    42.301696938
  ],
  ""type"": ""Point""
}",-83.119019002,42.3016969380001
2319,1215309,I 75,7 MILE,2017-11-30,30,11,2017,18,5,5,1,,1,0,,1,1,4,70,4,2,2,5,0,0,0,0,true,,false,false,false,false,false,,,,,,false,false,false,,,false,false,false,false,false,-83.09467,42.43269,"{
  ""coordinates"": [
    -8.309466879099990e+01,
    4.243269231200000e+01
  ],
  ""type"": ""Point""
}","{
  ""coordinates"": [
    -83.094668791,
    42.432692312
  ],
  ""type"": ""Point""
}",-83.0946687909999,42.432692312
2320,1216654,DUCHESS,BRITAIN,2017-11-30,30,11,2017,12,5,9,9,,,2,,2,2,1,25,1,2,1,5,0,0,0,0,true,,false,false,true,false,false,,,,,,false,false,false,,,false,false,false,false,false,-82.95559,42.42584,"{
  ""coordinates"": [
    -8.295558644999990e+01,
    4.242583665900000e+01
  ],
  ""type"": ""Point""
}","{
  ""coordinates"": [
    -82.95558645,
    42.425836659
  ],
  ""type"": ""Point""
}",-82.9555864499999,42.425836659
2321,1214296,RAMP 212C,LIVERNOIS,2017-11-30,30,11,2017,3,5,1,1,,1,1,,1,2,4,55,1,1,1,4,0,0,0,1,false,,false,false,false,true,false,,,,,,false,false,false,,,false,false,false,false,false,-83.12548,42.33817,"{
  ""coordinates"": [
    -8.312547861900001e+01,
    4.233816466100010e+01
  ],
  ""type"": ""Point""
}","{
  ""coordinates"": [
    -83.125478619,
    42.338164661
  ],
  ""type"": ""Point""
}",-83.125478619,42.3381646610001
2322,1215372,S M 10,MCNICHOLS,2017-11-30,30,11,2017,9,5,8,3,,1,0,,2,4,2,0,3,2,2,5,0,0,0,0,true,,false,false,false,false,false,,,,,,false,false,true,,,false,false,false,false,false,-83.17215,42.41654,"{
  ""coordinates"": [
    -8.317214813500000e+01,
    4.241653979400010e+01
  ],
  ""type"": ""Point""
}","{
  ""coordinates"": [
    -83.172148135,
    42.416539794
  ],
  ""type"": ""Point""
}",-83.172148135,42.4165397940001
2323,1219817,RAMP 215 F,I-94,2017-11-30,30,11,2017,9,5,1,1,,1,1,,2,4,1,55,1,1,1,5,0,0,0,0,true,,false,false,false,false,false,,,,,,false,false,false,,,false,false,false,false,false,-83.07449,42.36024,"{
  ""coordinates"": [
    -8.307449487100000e+01,
    4.236024041200010e+01
  ],
  ""type"": ""Point""
}","{
  ""coordinates"": [
    -83.074494871,
    42.360240412
  ],
  ""type"": ""Point""
}",-83.074494871,42.3602404120001
2324,1219818,RAMP 213P,RAMP 213E,2017-11-30,30,11,2017,11,5,5,1,,1,0,,2,4,1,30,1,2,2,5,0,0,0,0,true,,false,false,false,false,false,,,,,,false,false,true,,,false,false,false,false,false,-83.10078,42.35093,"{
  ""coordinates"": [
    -8.310078730899990e+01,
    4.235093256300010e+01
  ],
  ""type"": ""Point""
}","{
  ""coordinates"": [
    -83.100787309,
    42.350932563
  ],
  ""type"": ""Point""
}",-83.1007873089999,42.3509325630001
2325,1211324,ROSEMARY,ANNSBURY,2017-11-30,30,11,2017,23,5,1,9,,,1,,1,1,4,25,1,1,2,5,0,0,0,0,true,,false,false,false,false,false,,,,,,false,false,false,,,false,false,false,false,false,-82.98558,42.41096,"{
  ""coordinates"": [
    -8.298558125100000e+01,
    4.241096232800000e+01
  ],
  ""type"": ""Point""
}","{
  ""coordinates"": [
    -82.985581251,
    42.410962328
  ],
  ""type"": ""Point""
}",-82.985581251,42.410962328
2326,1211162,WARREN,PENROD,2017-11-30,30,11,2017,17,5,1,9,,2,0,,1,1,4,35,4,3,1,1,1,0,0,1,false,,false,false,true,false,false,,,,,,true,false,false,,,false,false,false,false,false,-83.21956,42.34335,"{
  ""coordinates"": [
    -8.321956040200000e+01,
    4.234334445700010e+01
  ],
  ""type"": ""Point""
}","{
  ""coordinates"": [
    -83.219560402,
    42.343344457
  ],
  ""type"": ""Point""
}",-83.219560402,42.3433444570001
2327,1219806,I-96,OAKMAN,2017-11-30,30,11,2017,8,5,5,3,,1,0,,1,1,2,70,4,3,2,5,0,0,0,0,true,,false,false,true,false,false,,,,,,false,false,false,,,false,false,false,false,false,-83.14504,42.38627,"{
  ""coordinates"": [
    -8.314504281799999e+01,
    4.238626821100010e+01
  ],
  ""type"": ""Point""
}","{
  ""coordinates"": [
    -83.145042818,
    42.386268211
  ],
  ""type"": ""Point""
}",-83.145042818,42.3862682110001
2328,1219816,I-75,MICHIGAN,2017-11-30,30,11,2017,11,5,1,1,,1,1,,2,4,1,55,3,1,1,5,0,0,0,0,true,,false,false,false,false,false,,,,,,false,false,false,,,false,false,false,false,false,-83.08482,42.33129,"{
  ""coordinates"": [
    -8.308482162699990e+01,
    4.233128890400010e+01
  ],
  ""type"": ""Point""
}","{
  ""coordinates"": [
    -83.084821627,
    42.331288904
  ],
  ""type"": ""Point""
}",-83.0848216269999,42.3312889040001
2329,1211384,STURTEVANT,HOLMUR,2017-11-30,30,11,2017,4,5,97,9,,,0,,1,1,1,0,1,2,1,5,0,0,0,0,true,,false,false,false,false,false,,,,,,true,false,false,,,false,false,false,false,false,-83.1301,42.38325,"{
  ""coordinates"": [
    -8.313009581700000e+01,
    4.238325151600000e+01
  ],
  ""type"": ""Point""
}","{
  ""coordinates"": [
    -83.130095817,
    42.383251516
  ],
  ""type"": ""Point""
}",-83.130095817,42.383251516
2330,1219807,I-75,NEVADA,2017-11-30,30,11,2017,10,5,8,1,,1,0,,2,4,1,70,4,3,2,5,0,0,0,0,true,,false,false,false,false,false,,,,,,false,false,true,,,false,false,false,false,false,-83.09286,42.42449,"{
  ""coordinates"": [
    -8.309285852399999e+01,
    4.242449054400000e+01
  ],
  ""type"": ""Point""
}","{
  ""coordinates"": [
    -83.092858524,
    42.424490544
  ],
  ""type"": ""Point""
}",-83.092858524,42.424490544
2331,1210947,MICHIGAN,18TH,2017-11-30,30,11,2017,16,5,98,2,,1,0,,1,1,1,35,4,2,2,5,0,0,0,0,true,,false,false,false,false,false,,,,,,false,false,false,,,false,false,false,false,false,-83.08138,42.33135,"{
  ""coordinates"": [
    -8.308137365300000e+01,
    4.233134927900010e+01
  ],
  ""type"": ""Point""
}","{
  ""coordinates"": [
    -83.081373653,
    42.331349279
  ],
  ""type"": ""Point""
}",-83.081373653,42.3313492790001
2332,1215384,CLARITA,ILENE,2017-11-30,30,11,2017,22,5,1,9,,,0,,98,1,4,25,2,2,0,2,0,1,0,0,false,,false,false,true,false,false,,,,,,true,false,false,,,false,false,false,false,false,-83.16336,42.42955,"{
  ""coordinates"": [
    -8.316335871699989e+01,
    4.242955339300000e+01
  ],
  ""type"": ""Point""
}","{
  ""coordinates"": [
    -83.163358717,
    42.429553393
  ],
  ""type"": ""Point""
}",-83.1633587169999,42.429553393
2333,1222249,WB I-96,SCHAEFER,2017-11-30,30,11,2017,12,5,97,1,,1,0,,2,4,1,55,3,2,5,4,0,0,0,1,false,,false,false,false,false,false,,,,,,false,false,true,,,false,false,false,false,false,-83.14984,42.38383,"{
  ""coordinates"": [
    -8.314984501799999e+01,
    4.238383169500000e+01
  ],
  ""type"": ""Point""
}","{
  ""coordinates"": [
    -83.149845018,
    42.383831695
  ],
  ""type"": ""Point""
}",-83.149845018,42.383831695
2334,1222262,E I 94,SAGINAW,2017-11-30,30,11,2017,5,5,5,1,,1,0,,1,1,4,55,3,2,1,4,0,0,0,1,false,,false,false,true,false,false,,,,,,false,false,true,,,false,false,false,false,false,-83.03451,42.37875,"{
  ""coordinates"": [
    -8.303450790499990e+01,
    4.237874421000000e+01
  ],
  ""type"": ""Point""
}","{
  ""coordinates"": [
    -83.034507905,
    42.37874421
  ],
  ""type"": ""Point""
}",-83.0345079049999,42.37874421
2335,1211187,WADSWORTH,MANSFIELD,2017-11-30,30,11,2017,19,5,4,9,,,0,,1,1,4,25,2,2,5,3,0,0,3,0,false,,false,false,true,false,false,,,,,,false,false,false,,,false,false,false,false,false,-83.20346,42.37467,"{
  ""coordinates"": [
    -8.320346446400001e+01,
    4.237467055300000e+01
  ],
  ""type"": ""Point""
}","{
  ""coordinates"": [
    -83.203464464,
    42.374670553
  ],
  ""type"": ""Point""
}",-83.203464464,42.374670553
2336,1211025,ANNABELLE,VISGER,2017-11-30,30,11,2017,8,5,97,9,,,0,,2,4,1,25,2,2,3,4,0,0,0,1,false,,true,false,false,false,false,,,,,,false,false,true,,,false,false,false,false,false,-83.15749,42.26646,"{
  ""coordinates"": [
    -8.315749468599989e+01,
    4.226646136300010e+01
  ],
  ""type"": ""Point""
}","{
  ""coordinates"": [
    -83.157494686,
    42.266461363
  ],
  ""type"": ""Point""
}",-83.1574946859999,42.2664613630001
2337,1253918,RAMP 043C,S I 75 SERVICE DRIVE,2017-11-30,30,11,2017,19,5,9,1,,1,2,,1,1,4,45,1,2,2,5,0,0,0,0,true,,false,false,true,false,false,,,,,,false,false,false,,,false,false,false,false,false,-83.04915,42.35217,"{
  ""coordinates"": [
    -8.304914914999991e+01,
    4.235216891100000e+01
  ],
  ""type"": ""Point""
}","{
  ""coordinates"": [
    -83.04914915,
    42.352168911
  ],
  ""type"": ""Point""
}",-83.0491491499999,42.352168911
2338,1210972,2ND,FOREST,2017-11-30,30,11,2017,14,5,97,9,,5,0,,2,2,1,25,3,2,3,5,0,0,0,0,true,,false,false,false,false,false,,,,,,false,false,true,,,false,false,false,false,false,-83.06766,42.35312,"{
  ""coordinates"": [
    -8.306766034299990e+01,
    4.235311326700000e+01
  ],
  ""type"": ""Point""
}","{
  ""coordinates"": [
    -83.067660343,
    42.353113267
  ],
  ""type"": ""Point""
}",-83.0676603429999,42.353113267