ObjectId,Crash ID,Primary Road,Intersecting Road,Crash Date,Day,Month,Year,Hour,Weekday,Crash Type Code,Highway Classification Code,Community Code,Jurisdiction Code,Lane Departure Type Code,Surface Type,Road Condition,Weather Condition,Lighting Condition,Speed Limit,Lanes,Units,Occupants,Most Severe Injury,Fatal Injuries,Suspected Serious Injuries,Suspected Minor Injuries,Possible Injuries,Property Damage Only,Secondary Crash,Traffic Control,Red Light Run,Hit and Run,Alcohol,Drugs,Unbelted Person,Work Zone,Speeding Driver,Distracted Driver,Driveway,Pedestrian,Elderly Driver,Young Driver,Commercial Vehicle,Emergency Vehicles,Train,School Bus,Motorcycle,Bicycle,Deer,Longitude,Latitude,geom,geog,x,y
2339,1215394,7 MILE,EXETER,2017-11-30,30,11,2017,22,5,5,9,,4,3,,1,1,5,30,2,2,0,5,0,0,0,0,true,,false,false,true,false,false,,,,,,false,false,false,,,false,false,false,false,false,-83.10544,42.43223,"{
  ""coordinates"": [
    -8.310544116400000e+01,
    4.243222885900010e+01
  ],
  ""type"": ""Point""
}","{
  ""coordinates"": [
    -83.105441164,
    42.432228859
  ],
  ""type"": ""Point""
}",-83.105441164,42.4322288590001
2340,1211044,VERNOR,VINEWOOD,2017-11-30,30,11,2017,15,5,4,9,,4,0,,1,2,1,25,2,2,6,5,0,0,0,0,true,,false,false,false,false,false,,,,,,false,false,true,,,false,false,false,false,false,-83.09054,42.32236,"{
  ""coordinates"": [
    -8.309053786200001e+01,
    4.232236305500000e+01
  ],
  ""type"": ""Point""
}","{
  ""coordinates"": [
    -83.090537862,
    42.322363055
  ],
  ""type"": ""Point""
}",-83.090537862,42.322363055
2341,1214283,WB I-96,SCHAEFER,2017-11-30,30,11,2017,12,5,1,1,,1,1,,2,4,1,55,3,1,1,5,0,0,0,0,true,,false,false,false,false,false,,,,,,false,false,false,,,false,false,false,false,false,-83.21115,42.37918,"{
  ""coordinates"": [
    -8.321114945399999e+01,
    4.237917994500000e+01
  ],
  ""type"": ""Point""
}","{
  ""coordinates"": [
    -83.211149454,
    42.379179945
  ],
  ""type"": ""Point""
}",-83.211149454,42.379179945
2342,1211316,GRAND RIVER,BRAILE,2017-11-30,30,11,2017,10,5,1,3,,1,0,,2,4,1,35,5,1,1,5,0,0,0,0,true,,false,false,false,false,false,,,,,,false,false,false,,,false,false,false,false,false,-83.24538,42.4116,"{
  ""coordinates"": [
    -8.324538723300000e+01,
    4.241160170400010e+01
  ],
  ""type"": ""Point""
}","{
  ""coordinates"": [
    -83.245387233,
    42.411601704
  ],
  ""type"": ""Point""
}",-83.245387233,42.4116017040001
2343,1211409,LONGFELLOW,BYRON,2017-11-30,30,11,2017,12,5,8,9,,,0,,2,1,1,0,2,2,2,5,0,0,0,0,true,,false,false,true,false,false,,,,,,false,false,false,,,false,false,false,false,false,-83.09515,42.3812,"{
  ""coordinates"": [
    -8.309514666400000e+01,
    4.238119460000010e+01
  ],
  ""type"": ""Point""
}","{
  ""coordinates"": [
    -83.095146664,
    42.3811946
  ],
  ""type"": ""Point""
}",-83.095146664,42.3811946000001
2344,1211215,KEELER,FIELDING,2017-11-30,30,11,2017,12,5,1,9,,,0,,1,1,1,25,4,1,2,5,0,0,0,0,true,,false,false,false,false,false,,,,,,false,false,false,,,false,false,false,false,false,-83.24271,42.4024,"{
  ""coordinates"": [
    -8.324270599099999e+01,
    4.240240249300010e+01
  ],
  ""type"": ""Point""
}","{
  ""coordinates"": [
    -83.242705991,
    42.402402493
  ],
  ""type"": ""Point""
}",-83.242705991,42.4024024930001
2345,1211388,EPWORTH,WARREN,2017-11-30,30,11,2017,15,5,97,9,,4,0,,1,1,1,30,2,2,0,4,0,0,0,1,false,,false,false,false,false,false,,,,,,false,false,false,,,false,false,false,false,false,-83.12463,42.34475,"{
  ""coordinates"": [
    -8.312463681799990e+01,
    4.234474420000000e+01
  ],
  ""type"": ""Point""
}","{
  ""coordinates"": [
    -83.124636818,
    42.3447442
  ],
  ""type"": ""Point""
}",-83.1246368179999,42.3447442
2346,1211239,WARREN,N I 75 SERVICE DRIVE,2017-11-30,30,11,2017,13,5,4,9,,4,0,,1,1,1,30,4,2,3,5,0,0,0,0,true,,false,false,false,false,false,,,,,,false,false,false,,,false,false,false,false,false,-83.05367,42.36104,"{
  ""coordinates"": [
    -8.305367520999989e+01,
    4.236103757600010e+01
  ],
  ""type"": ""Point""
}","{
  ""coordinates"": [
    -83.05367521,
    42.361037576
  ],
  ""type"": ""Point""
}",-83.0536752099999,42.3610375760001
2347,1211301,BURT,OUTER,2017-11-30,30,11,2017,13,5,8,9,,4,0,,2,2,1,0,2,2,3,5,0,0,0,0,true,,false,false,false,false,false,,,,,,false,false,true,,,false,false,false,false,false,-83.24699,42.39726,"{
  ""coordinates"": [
    -8.324699658500001e+01,
    4.239726146500000e+01
  ],
  ""type"": ""Point""
}","{
  ""coordinates"": [
    -83.246996585,
    42.397261465
  ],
  ""type"": ""Point""
}",-83.246996585,42.397261465
2348,1210919,GRANDRIVER,WHITCOMB,2017-11-29,29,11,2017,18,4,5,3,,1,0,,1,1,4,35,5,2,2,5,0,0,0,0,true,,false,false,true,false,false,,,,,,false,false,false,,,false,false,false,false,false,-83.19649,42.39191,"{
  ""coordinates"": [
    -8.319648508599990e+01,
    4.239190649900010e+01
  ],
  ""type"": ""Point""
}","{
  ""coordinates"": [
    -83.196485086,
    42.391906499
  ],
  ""type"": ""Point""
}",-83.1964850859999,42.3919064990001
2349,1210648,E I 94,GRAND,2017-11-29,29,11,2017,18,4,5,1,,1,0,,1,1,4,55,3,2,3,4,0,0,0,1,false,,false,false,false,false,false,,,,,,false,false,true,,,false,false,false,false,false,-83.10831,42.34708,"{
  ""coordinates"": [
    -8.310830606300000e+01,
    4.234708282700010e+01
  ],
  ""type"": ""Point""
}","{
  ""coordinates"": [
    -83.108306063,
    42.347082827
  ],
  ""type"": ""Point""
}",-83.108306063,42.3470828270001
2350,1222257,I-75,8 MILE,2017-11-29,29,11,2017,18,4,8,1,,1,0,,1,1,4,70,4,2,3,5,0,0,0,0,true,,false,false,false,false,false,,,,,,false,false,true,,,false,false,false,false,false,-83.09497,42.44246,"{
  ""coordinates"": [
    -8.309497383599999e+01,
    4.244246087300010e+01
  ],
  ""type"": ""Point""
}","{
  ""coordinates"": [
    -83.094973836,
    42.442460873
  ],
  ""type"": ""Point""
}",-83.094973836,42.4424608730001
2351,1218077,TELEGRAPH,8 MILE,2017-11-29,29,11,2017,8,4,5,2,,1,0,,1,1,1,35,4,2,2,5,0,0,0,0,true,,false,false,false,false,false,,,,,,false,false,false,,,false,false,false,false,false,-83.27831,42.4427,"{
  ""coordinates"": [
    -8.327830759999991e+01,
    4.244270400800010e+01
  ],
  ""type"": ""Point""
}","{
  ""coordinates"": [
    -83.2783076,
    42.442704008
  ],
  ""type"": ""Point""
}",-83.2783075999999,42.4427040080001
2352,1210944,ROSA PARKS,FERRY PARK,2017-11-29,29,11,2017,15,4,4,9,,4,0,,1,1,1,30,5,2,6,5,0,0,0,0,true,,false,false,false,false,false,,,,,,false,false,false,,,false,false,false,false,false,-83.09019,42.36249,"{
  ""coordinates"": [
    -8.309018781200000e+01,
    4.236248859200000e+01
  ],
  ""type"": ""Point""
}","{
  ""coordinates"": [
    -83.090187812,
    42.362488592
  ],
  ""type"": ""Point""
}",-83.090187812,42.362488592
2353,1219811,I-75FWY,MCNICHOLS,2017-11-29,29,11,2017,17,4,5,1,,1,0,,1,1,1,70,5,3,2,5,0,0,0,0,true,,false,false,true,false,false,,,,,,false,false,false,,,false,false,false,false,false,-83.08693,42.41686,"{
  ""coordinates"": [
    -8.308692743700000e+01,
    4.241685783300010e+01
  ],
  ""type"": ""Point""
}","{
  ""coordinates"": [
    -83.086927437,
    42.416857833
  ],
  ""type"": ""Point""
}",-83.086927437,42.4168578330001
2354,1210912,LOTHROP,WOODWARD,2017-11-29,29,11,2017,13,4,4,3,,4,0,,1,1,1,25,2,2,2,5,0,0,0,0,true,,false,false,false,false,false,,,,,,false,true,false,,,false,false,false,false,false,-83.07426,42.37153,"{
  ""coordinates"": [
    -8.307426428299991e+01,
    4.237152948800010e+01
  ],
  ""type"": ""Point""
}","{
  ""coordinates"": [
    -83.074264283,
    42.371529488
  ],
  ""type"": ""Point""
}",-83.0742642829999,42.3715294880001
2355,1211516,PICKFORD,ILENE,2017-11-29,29,11,2017,14,4,5,9,,,0,,1,1,1,25,2,2,0,5,0,0,0,0,true,,false,false,true,false,false,,,,,,false,false,false,,,false,false,false,false,false,-83.16331,42.42594,"{
  ""coordinates"": [
    -8.316330959100000e+01,
    4.242594116000000e+01
  ],
  ""type"": ""Point""
}","{
  ""coordinates"": [
    -83.163309591,
    42.42594116
  ],
  ""type"": ""Point""
}",-83.163309591,42.42594116
2356,1219802,I-75,MCNICHOLS,2017-11-29,29,11,2017,9,4,5,1,,1,0,,1,1,1,70,4,3,3,5,0,0,0,0,true,,false,false,false,false,false,,,,,,false,false,true,,,false,false,false,false,false,-83.08589,42.41563,"{
  ""coordinates"": [
    -8.308589466099990e+01,
    4.241562853200000e+01
  ],
  ""type"": ""Point""
}","{
  ""coordinates"": [
    -83.085894661,
    42.415628532
  ],
  ""type"": ""Point""
}",-83.0858946609999,42.415628532
2357,1210652,I 75,NEVADA,2017-11-29,29,11,2017,18,4,5,1,,1,0,,1,1,5,70,4,3,3,5,0,0,0,0,true,,false,false,false,false,false,,,,,,false,false,true,,,false,false,false,false,false,-83.09282,42.42444,"{
  ""coordinates"": [
    -8.309282052000000e+01,
    4.242443995500000e+01
  ],
  ""type"": ""Point""
}","{
  ""coordinates"": [
    -83.09282052,
    42.424439955
  ],
  ""type"": ""Point""
}",-83.09282052,42.424439955
2358,1216662,LANDSDOWNE,CASINO,2017-11-29,29,11,2017,22,4,4,9,,,0,,1,1,4,25,2,2,1,5,0,0,0,0,true,,true,false,true,false,false,,,,,,false,false,false,,,false,false,false,false,false,-82.94966,42.4283,"{
  ""coordinates"": [
    -8.294966361500001e+01,
    4.242829764300010e+01
  ],
  ""type"": ""Point""
}","{
  ""coordinates"": [
    -82.949663615,
    42.428297643
  ],
  ""type"": ""Point""
}",-82.949663615,42.4282976430001
2359,1211332,GRATIOT,CONNER,2017-11-29,29,11,2017,12,4,5,3,,1,0,,1,1,1,35,5,2,4,4,0,0,0,2,false,,false,false,true,false,false,,,,,,false,true,false,,,false,false,false,false,false,-82.99783,42.40442,"{
  ""coordinates"": [
    -8.299782299200000e+01,
    4.240442365000010e+01
  ],
  ""type"": ""Point""
}","{
  ""coordinates"": [
    -82.997822992,
    42.40442365
  ],
  ""type"": ""Point""
}",-82.997822992,42.4044236500001
2360,1219787,N/B I 75,JUNCTION,2017-11-29,29,11,2017,16,4,8,1,,1,0,,1,1,1,55,3,2,2,5,0,0,0,0,true,,false,false,false,false,false,,,,,,false,false,true,,,false,false,false,false,false,-83.09872,42.31043,"{
  ""coordinates"": [
    -8.309871775100000e+01,
    4.231042799800010e+01
  ],
  ""type"": ""Point""
}","{
  ""coordinates"": [
    -83.098717751,
    42.310427998
  ],
  ""type"": ""Point""
}",-83.098717751,42.3104279980001
2361,1218022,I-75,HOLBROOK,2017-11-29,29,11,2017,9,4,5,1,,1,0,,1,1,1,70,4,2,2,5,0,0,0,0,true,,false,false,false,false,false,,,,,,false,false,false,,,false,false,false,false,false,-83.06849,42.38668,"{
  ""coordinates"": [
    -8.306849003100000e+01,
    4.238668471300010e+01
  ],
  ""type"": ""Point""
}","{
  ""coordinates"": [
    -83.068490031,
    42.386684713
  ],
  ""type"": ""Point""
}",-83.068490031,42.3866847130001
2362,1214327,SEVEN MILE,MONARCH,2017-11-29,29,11,2017,10,4,1,9,,2,1,,1,1,1,30,2,1,1,2,0,1,0,0,false,,false,false,false,false,false,,,,,,false,true,false,,,false,false,false,false,false,-82.9727,42.43521,"{
  ""coordinates"": [
    -8.297270515699999e+01,
    4.243521469500010e+01
  ],
  ""type"": ""Point""
}","{
  ""coordinates"": [
    -82.972705157,
    42.435214695
  ],
  ""type"": ""Point""
}",-82.972705157,42.4352146950001
2363,1234567,LAING,CASINO,2017-11-29,29,11,2017,20,4,4,9,,,0,,1,1,4,25,2,2,2,4,0,0,0,2,false,,false,false,true,false,false,,,,,,false,false,false,,,false,false,false,false,false,-82.95167,42.42932,"{
  ""coordinates"": [
    -8.295166960200000e+01,
    4.242931660700000e+01
  ],
  ""type"": ""Point""
}","{
  ""coordinates"": [
    -82.951669602,
    42.429316607
  ],
  ""type"": ""Point""
}",-82.951669602,42.429316607
2364,1219803,I-75,WARREN,2017-11-29,29,11,2017,15,4,5,1,,1,0,,1,1,1,55,4,2,2,5,0,0,0,0,true,,false,false,false,false,false,,,,,,false,true,false,,,false,false,false,false,false,-83.05336,42.35954,"{
  ""coordinates"": [
    -8.305336248899989e+01,
    4.235954187500000e+01
  ],
  ""type"": ""Point""
}","{
  ""coordinates"": [
    -83.053362489,
    42.359541875
  ],
  ""type"": ""Point""
}",-83.0533624889999,42.359541875
2365,1211087,OUTER,ROSEWOOD,2017-11-29,29,11,2017,16,4,4,9,,2,0,,1,1,1,30,2,2,5,5,0,0,0,0,true,,false,false,false,false,false,,,,,,false,true,true,,,false,false,false,false,false,-82.93063,42.3944,"{
  ""coordinates"": [
    -8.293062406999999e+01,
    4.239439903100000e+01
  ],
  ""type"": ""Point""
}","{
  ""coordinates"": [
    -82.93062407,
    42.394399031
  ],
  ""type"": ""Point""
}",-82.93062407,42.394399031
2366,1211446,HULL,NEVADA,2017-11-29,29,11,2017,17,4,10,9,,,0,,1,1,4,25,2,2,1,3,0,0,1,0,false,,false,false,true,false,false,,,,,,false,false,false,,,false,false,false,false,false,-83.08866,42.42532,"{
  ""coordinates"": [
    -8.308865939600000e+01,
    4.242532261100010e+01
  ],
  ""type"": ""Point""
}","{
  ""coordinates"": [
    -83.088659396,
    42.425322611
  ],
  ""type"": ""Point""
}",-83.088659396,42.4253226110001
2367,1219812,I-94,CHENE,2017-11-29,29,11,2017,10,4,5,1,,1,0,,1,1,1,55,3,3,2,5,0,0,0,0,true,,false,false,true,false,false,,,,,,false,true,true,,,false,false,false,false,false,-83.04672,42.37432,"{
  ""coordinates"": [
    -8.304672500800000e+01,
    4.237431878900000e+01
  ],
  ""type"": ""Point""
}","{
  ""coordinates"": [
    -83.046725008,
    42.374318789
  ],
  ""type"": ""Point""
}",-83.046725008,42.374318789
2368,1211077,WARREN,BRUSH,2017-11-29,29,11,2017,14,4,8,9,,4,0,,1,1,1,25,2,2,3,5,0,0,0,0,true,,false,false,false,false,false,,,,,,false,true,false,,,false,false,false,false,false,-83.06061,42.35829,"{
  ""coordinates"": [
    -8.306060543000000e+01,
    4.235828930000010e+01
  ],
  ""type"": ""Point""
}","{
  ""coordinates"": [
    -83.06060543,
    42.3582893
  ],
  ""type"": ""Point""
}",-83.06060543,42.3582893000001
2369,1219821,N M 39,PLYMOUTH,2017-11-29,29,11,2017,14,4,5,3,,1,0,,1,1,1,55,3,3,4,5,0,0,0,0,true,,false,false,false,false,false,,,,,,false,false,false,,,false,false,false,false,false,-83.21657,42.372,"{
  ""coordinates"": [
    -8.321657002700000e+01,
    4.237200178800000e+01
  ],
  ""type"": ""Point""
}","{
  ""coordinates"": [
    -83.216570027,
    42.372001788
  ],
  ""type"": ""Point""
}",-83.216570027,42.372001788
2370,1210946,S M 10,RAMP 111A,2017-11-29,29,11,2017,6,4,5,3,,1,0,,1,1,3,55,4,2,1,4,0,0,0,1,false,,false,false,true,false,false,,,,,,false,false,false,,,false,false,false,false,false,-83.10472,42.39117,"{
  ""coordinates"": [
    -8.310472401500000e+01,
    4.239117578500000e+01
  ],
  ""type"": ""Point""
}","{
  ""coordinates"": [
    -83.104724015,
    42.391175785
  ],
  ""type"": ""Point""
}",-83.104724015,42.391175785
2371,1210938,GRAND RIVER,WHITCOMB,2017-11-29,29,11,2017,15,4,4,3,,1,0,,1,1,1,35,2,2,5,4,0,0,0,1,false,,true,true,false,false,false,,,,,,false,false,false,,,false,false,false,false,false,-83.19633,42.39185,"{
  ""coordinates"": [
    -8.319633083799989e+01,
    4.239184429100000e+01
  ],
  ""type"": ""Point""
}","{
  ""coordinates"": [
    -83.196330838,
    42.391844291
  ],
  ""type"": ""Point""
}",-83.1963308379999,42.391844291
2372,1225453,DAVISON,LINWOOD,2017-11-29,29,11,2017,9,4,4,3,,1,0,,1,1,1,35,5,2,2,5,0,0,0,0,true,,false,false,true,false,false,,,,,,false,false,false,,,false,false,false,false,false,-83.12178,42.39312,"{
  ""coordinates"": [
    -8.312178180200000e+01,
    4.239311604900010e+01
  ],
  ""type"": ""Point""
}","{
  ""coordinates"": [
    -83.121781802,
    42.393116049
  ],
  ""type"": ""Point""
}",-83.121781802,42.3931160490001
2373,1219799,I-94,I-75,2017-11-29,29,11,2017,13,4,1,1,,1,1,,1,1,1,55,3,1,1,5,0,0,0,0,true,,false,false,false,false,false,,,,,,false,false,false,,,false,false,false,false,false,-83.05976,42.36769,"{
  ""coordinates"": [
    -8.305976017200000e+01,
    4.236768856000000e+01
  ],
  ""type"": ""Point""
}","{
  ""coordinates"": [
    -83.059760172,
    42.36768856
  ],
  ""type"": ""Point""
}",-83.059760172,42.36768856
2374,1203620,S M39,OUTER,2017-11-29,29,11,2017,15,4,5,3,,1,0,,1,1,1,55,3,2,2,5,0,0,0,0,true,,false,false,false,false,false,,,,,,false,false,true,,,false,false,false,false,false,-83.21905,42.42046,"{
  ""coordinates"": [
    -8.321905134600000e+01,
    4.242045827500000e+01
  ],
  ""type"": ""Point""
}","{
  ""coordinates"": [
    -83.219051346,
    42.420458275
  ],
  ""type"": ""Point""
}",-83.219051346,42.420458275
2375,1211181,WESTWOOD,WARREN,2017-11-29,29,11,2017,17,4,4,9,,,0,,1,1,4,35,5,2,1,5,0,0,0,0,true,,true,true,true,false,false,,,,,,false,false,false,,,false,false,false,false,false,-83.2305,42.34321,"{
  ""coordinates"": [
    -8.323050003700000e+01,
    4.234320876600000e+01
  ],
  ""type"": ""Point""
}","{
  ""coordinates"": [
    -83.230500037,
    42.343208766
  ],
  ""type"": ""Point""
}",-83.230500037,42.343208766
2376,1219784,S M 10,RAMP 215F,2017-11-29,29,11,2017,10,4,8,3,,1,0,,1,1,1,55,3,2,2,5,0,0,0,0,true,,false,false,false,false,false,,,,,,false,false,false,,,false,false,false,false,false,-83.07756,42.36054,"{
  ""coordinates"": [
    -8.307756412799991e+01,
    4.236054044800010e+01
  ],
  ""type"": ""Point""
}","{
  ""coordinates"": [
    -83.077564128,
    42.360540448
  ],
  ""type"": ""Point""
}",-83.0775641279999,42.3605404480001
2377,1211038,SAINT AUBIN,LARNED,2017-11-29,29,11,2017,8,4,8,9,,4,0,,1,1,1,30,4,2,2,5,0,0,0,0,true,,false,false,false,false,false,,,,,,false,false,false,,,false,false,false,false,false,-83.02851,42.33686,"{
  ""coordinates"": [
    -8.302850848100000e+01,
    4.233686326000000e+01
  ],
  ""type"": ""Point""
}","{
  ""coordinates"": [
    -83.028508481,
    42.33686326
  ],
  ""type"": ""Point""
}",-83.028508481,42.33686326
2378,1211232,VERNOR,JOSEPH CAMPAU,2017-11-29,29,11,2017,10,4,97,9,,4,0,,1,1,1,30,4,2,1,2,0,1,0,0,false,,false,false,false,false,false,,,,,,true,false,false,,,false,false,false,false,false,-83.02743,42.35113,"{
  ""coordinates"": [
    -8.302742646900001e+01,
    4.235113282600000e+01
  ],
  ""type"": ""Point""
}","{
  ""coordinates"": [
    -83.027426469,
    42.351132826
  ],
  ""type"": ""Point""
}",-83.027426469,42.351132826
2379,1219823,N M 39,PLYMOUTH,2017-11-29,29,11,2017,15,4,5,3,,1,0,,1,1,1,55,3,3,4,3,0,0,1,0,false,,false,false,false,true,false,,,,,,false,false,false,,,false,false,false,false,false,-83.21657,42.37199,"{
  ""coordinates"": [
    -8.321656942899990e+01,
    4.237198726300010e+01
  ],
  ""type"": ""Point""
}","{
  ""coordinates"": [
    -83.216569429,
    42.371987263
  ],
  ""type"": ""Point""
}",-83.2165694289999,42.3719872630001
2380,1219805,I-94,MORANG,2017-11-29,29,11,2017,13,4,8,1,,1,0,,1,1,1,55,3,2,2,5,0,0,0,0,true,,false,false,false,false,false,,,,,,false,false,true,,,false,false,false,false,false,-82.934,42.41908,"{
  ""coordinates"": [
    -8.293399622200000e+01,
    4.241907509800010e+01
  ],
  ""type"": ""Point""
}","{
  ""coordinates"": [
    -82.933996222,
    42.419075098
  ],
  ""type"": ""Point""
}",-82.933996222,42.4190750980001
2381,1214304,DAVISON,14TH,2017-11-29,29,11,2017,14,4,1,3,,1,0,,98,98,98,35,4,2,1,3,0,0,1,0,false,,false,false,true,false,false,,,,,,false,false,false,,,false,false,false,true,false,-83.1177,42.39463,"{
  ""coordinates"": [
    -8.311770238299989e+01,
    4.239463267500000e+01
  ],
  ""type"": ""Point""
}","{
  ""coordinates"": [
    -83.117702383,
    42.394632675
  ],
  ""type"": ""Point""
}",-83.1177023829999,42.394632675
2382,1218075,SOUTHFIELD SERVICE DRIVE,PLYMOUTH,2017-11-29,29,11,2017,13,4,8,9,,4,0,,1,1,1,55,4,2,2,5,0,0,0,0,true,,false,false,true,false,false,,,,,,false,false,true,,,false,false,false,false,false,-83.21709,42.37229,"{
  ""coordinates"": [
    -8.321709257000001e+01,
    4.237228703100000e+01
  ],
  ""type"": ""Point""
}","{
  ""coordinates"": [
    -83.21709257,
    42.372287031
  ],
  ""type"": ""Point""
}",-83.21709257,42.372287031
2383,1235735,GRAND RIVER,TEMPLE,2017-11-29,29,11,2017,21,4,97,3,,1,0,,1,1,4,35,4,2,2,4,0,0,0,1,false,,true,true,false,false,false,,,,,,false,true,false,,,false,false,false,false,false,-83.06602,42.33929,"{
  ""coordinates"": [
    -8.306602539100000e+01,
    4.233929470900010e+01
  ],
  ""type"": ""Point""
}","{
  ""coordinates"": [
    -83.066025391,
    42.339294709
  ],
  ""type"": ""Point""
}",-83.066025391,42.3392947090001
2384,1210622,I-75,LIVERNOIS,2017-11-29,29,11,2017,4,4,5,1,,1,0,,1,1,4,55,3,2,1,5,0,0,0,0,true,,false,false,true,false,false,,,,,,false,false,false,,,false,false,false,false,false,-83.10176,42.30888,"{
  ""coordinates"": [
    -8.310176245799990e+01,
    4.230887850400010e+01
  ],
  ""type"": ""Point""
}","{
  ""coordinates"": [
    -83.101762458,
    42.308878504
  ],
  ""type"": ""Point""
}",-83.1017624579999,42.3088785040001
2385,1215373,8 MILE,MEYERS,2017-11-29,29,11,2017,22,4,8,3,,1,0,,1,1,4,35,4,2,1,5,0,0,0,0,true,,false,false,true,false,false,,,,,,false,false,false,,,false,false,false,false,false,-83.17127,42.4454,"{
  ""coordinates"": [
    -8.317126988000000e+01,
    4.244540528200010e+01
  ],
  ""type"": ""Point""
}","{
  ""coordinates"": [
    -83.17126988,
    42.445405282
  ],
  ""type"": ""Point""
}",-83.17126988,42.4454052820001
2386,1219800,E I 96,E M 8,2017-11-29,29,11,2017,8,4,5,1,,1,0,,1,1,1,55,2,2,2,5,0,0,0,0,true,,false,false,false,false,false,,,,,,false,false,true,,,false,false,false,false,false,-83.15414,42.38504,"{
  ""coordinates"": [
    -8.315413583299990e+01,
    4.238503687700010e+01
  ],
  ""type"": ""Point""
}","{
  ""coordinates"": [
    -83.154135833,
    42.385036877
  ],
  ""type"": ""Point""
}",-83.1541358329999,42.3850368770001
2387,1223933,7 MILE,S I 75 SERVICE DRIVE,2017-11-29,29,11,2017,17,4,3,9,,4,0,,1,1,3,35,4,2,3,5,0,0,0,0,true,,false,false,false,false,false,,,,,,false,false,false,,,false,false,false,false,false,-83.09539,42.43246,"{
  ""coordinates"": [
    -8.309538718999990e+01,
    4.243246241300010e+01
  ],
  ""type"": ""Point""
}","{
  ""coordinates"": [
    -83.09538719,
    42.432462413
  ],
  ""type"": ""Point""
}",-83.0953871899999,42.4324624130001
2388,1210965,MARTIN LUTHER KING JR,ROSA PARKS,2017-11-29,29,11,2017,18,4,98,9,,4,0,,1,1,4,35,4,2,2,5,0,0,0,0,true,,false,false,false,false,false,,,,,,false,false,false,,,false,false,false,false,false,-83.07724,42.3405,"{
  ""coordinates"": [
    -8.307724317000000e+01,
    4.234049822800010e+01
  ],
  ""type"": ""Point""
}","{
  ""coordinates"": [
    -83.07724317,
    42.340498228
  ],
  ""type"": ""Point""
}",-83.07724317,42.3404982280001
2389,1218021,W I 96,MEYERS,2017-11-29,29,11,2017,6,4,8,1,,1,0,,1,1,1,70,3,2,4,4,0,0,0,2,false,,false,false,false,false,false,,,,,,false,false,false,,,false,false,false,false,false,-83.16823,42.38533,"{
  ""coordinates"": [
    -8.316823071200000e+01,
    4.238533387300000e+01
  ],
  ""type"": ""Point""
}","{
  ""coordinates"": [
    -83.168230712,
    42.385333873
  ],
  ""type"": ""Point""
}",-83.168230712,42.385333873
2390,1216675,WYOMING,THATCHER,2017-11-29,29,11,2017,19,4,8,9,,4,0,,1,1,4,0,2,2,1,5,0,0,0,0,true,,false,false,false,false,false,,,,,,false,true,false,,,false,false,false,false,false,-83.16064,42.42265,"{
  ""coordinates"": [
    -8.316063613400000e+01,
    4.242264806700010e+01
  ],
  ""type"": ""Point""
}","{
  ""coordinates"": [
    -83.160636134,
    42.422648067
  ],
  ""type"": ""Point""
}",-83.160636134,42.4226480670001
2391,1223876,BENNETT,BENTLER,2017-11-29,29,11,2017,21,4,9,9,,,2,,1,1,4,25,2,2,1,5,0,0,0,0,true,,false,false,true,false,false,,,,,,false,false,false,,,false,false,false,false,false,-83.25323,42.41968,"{
  ""coordinates"": [
    -8.325322567200000e+01,
    4.241967827600010e+01
  ],
  ""type"": ""Point""
}","{
  ""coordinates"": [
    -83.253225672,
    42.419678276
  ],
  ""type"": ""Point""
}",-83.253225672,42.4196782760001
2392,1273954,I-75,GREEN,2017-11-29,29,11,2017,14,4,8,1,,1,0,,1,1,1,55,3,2,3,5,0,0,0,0,true,,false,false,false,false,false,,,,,,false,false,false,,,false,false,false,false,false,-83.11211,42.30418,"{
  ""coordinates"": [
    -8.311210271999990e+01,
    4.230417693800010e+01
  ],
  ""type"": ""Point""
}","{
  ""coordinates"": [
    -83.11210272,
    42.304176938
  ],
  ""type"": ""Point""
}",-83.1121027199999,42.3041769380001
2393,1222258,I-75,CLAY,2017-11-29,29,11,2017,18,4,5,1,,1,0,,1,1,4,55,4,4,3,5,0,0,0,0,true,,false,false,true,false,false,,,,,,false,false,true,,,false,false,false,false,false,-83.06173,42.37709,"{
  ""coordinates"": [
    -8.306173111600000e+01,
    4.237709141900010e+01
  ],
  ""type"": ""Point""
}","{
  ""coordinates"": [
    -83.061731116,
    42.377091419
  ],
  ""type"": ""Point""
}",-83.061731116,42.3770914190001
2394,1219810,W I 94,SCOTTEN,2017-11-29,29,11,2017,15,4,5,1,,1,0,,1,1,1,55,3,3,3,5,0,0,0,0,true,,false,false,false,false,false,,,,,,false,false,true,,,false,false,false,false,false,-83.11096,42.34636,"{
  ""coordinates"": [
    -8.311096492599999e+01,
    4.234635855500010e+01
  ],
  ""type"": ""Point""
}","{
  ""coordinates"": [
    -83.110964926,
    42.346358555
  ],
  ""type"": ""Point""
}",-83.110964926,42.3463585550001
2395,1219804,I-75,MCNICHOLS,2017-11-29,29,11,2017,16,4,5,1,,1,0,,1,1,1,70,4,2,2,5,0,0,0,0,true,,false,false,false,false,false,,,,,,false,false,false,,,false,false,false,false,false,-83.08877,42.41948,"{
  ""coordinates"": [
    -8.308876969999990e+01,
    4.241948231900010e+01
  ],
  ""type"": ""Point""
}","{
  ""coordinates"": [
    -83.0887697,
    42.419482319
  ],
  ""type"": ""Point""
}",-83.0887696999999,42.4194823190001