ObjectId,Crash ID,Primary Road,Intersecting Road,Crash Date,Day,Month,Year,Hour,Weekday,Crash Type Code,Highway Classification Code,Community Code,Jurisdiction Code,Lane Departure Type Code,Surface Type,Road Condition,Weather Condition,Lighting Condition,Speed Limit,Lanes,Units,Occupants,Most Severe Injury,Fatal Injuries,Suspected Serious Injuries,Suspected Minor Injuries,Possible Injuries,Property Damage Only,Secondary Crash,Traffic Control,Red Light Run,Hit and Run,Alcohol,Drugs,Unbelted Person,Work Zone,Speeding Driver,Distracted Driver,Driveway,Pedestrian,Elderly Driver,Young Driver,Commercial Vehicle,Emergency Vehicles,Train,School Bus,Motorcycle,Bicycle,Deer,Longitude,Latitude,geom,geog,x,y
2453,1211341,GRATIOT,FAIRMOUNT,2017-11-28,28,11,2017,14,3,8,3,,1,0,,1,1,1,35,7,2,4,5,0,0,0,0,true,,false,false,false,false,false,,,,,,false,false,true,,,false,false,false,false,false,-82.97157,42.44437,"{
  ""coordinates"": [
    -8.297157059100000e+01,
    4.244436635900010e+01
  ],
  ""type"": ""Point""
}","{
  ""coordinates"": [
    -82.971570591,
    42.444366359
  ],
  ""type"": ""Point""
}",-82.971570591,42.4443663590001
2454,1211027,CENTRAL,PITT,2017-11-28,28,11,2017,21,3,3,9,,4,0,,1,1,4,30,3,2,1,5,0,0,0,0,true,,false,false,true,false,false,,,,,,false,false,false,,,false,false,false,false,false,-83.12564,42.31448,"{
  ""coordinates"": [
    -8.312564119400000e+01,
    4.231448517800000e+01
  ],
  ""type"": ""Point""
}","{
  ""coordinates"": [
    -83.125641194,
    42.314485178
  ],
  ""type"": ""Point""
}",-83.125641194,42.314485178
2455,1210839,I-75,TRUMBULL,2017-11-28,28,11,2017,18,3,5,9,,4,0,,1,1,4,55,4,2,2,5,0,0,0,0,true,,false,false,false,false,false,,,,,,false,false,true,,,false,false,false,false,false,-83.07005,42.33339,"{
  ""coordinates"": [
    -8.307004226799999e+01,
    4.233338449500010e+01
  ],
  ""type"": ""Point""
}","{
  ""coordinates"": [
    -83.070042268,
    42.333384495
  ],
  ""type"": ""Point""
}",-83.070042268,42.3333844950001
2456,1211041,WESTEND,MELVILLE,2017-11-28,28,11,2017,18,3,4,9,,4,0,,1,1,4,30,2,2,2,5,0,0,0,0,true,,true,false,false,false,false,,,,,,false,false,true,,,false,false,false,false,false,-83.11636,42.2963,"{
  ""coordinates"": [
    -8.311635324400000e+01,
    4.229629749500000e+01
  ],
  ""type"": ""Point""
}","{
  ""coordinates"": [
    -83.116353244,
    42.296297495
  ],
  ""type"": ""Point""
}",-83.116353244,42.296297495
2457,1210869,W/B I 94,GRATIOT,2017-11-28,28,11,2017,9,3,5,1,,1,0,,1,1,1,55,3,2,2,5,0,0,0,0,true,,false,false,false,false,false,,,,,,false,false,false,,,false,false,false,false,false,-83.0052,42.39177,"{
  ""coordinates"": [
    -8.300519860900000e+01,
    4.239177051400000e+01
  ],
  ""type"": ""Point""
}","{
  ""coordinates"": [
    -83.005198609,
    42.391770514
  ],
  ""type"": ""Point""
}",-83.005198609,42.391770514
2458,1213317,S/B I 75,PIQUETTE,2017-11-28,28,11,2017,8,3,5,1,,1,0,,1,1,1,55,3,2,2,5,0,0,0,0,true,,false,false,false,false,false,,,,,,false,false,false,,,false,false,false,false,false,-83.05956,42.37207,"{
  ""coordinates"": [
    -8.305956153600000e+01,
    4.237207101700010e+01
  ],
  ""type"": ""Point""
}","{
  ""coordinates"": [
    -83.059561536,
    42.372071017
  ],
  ""type"": ""Point""
}",-83.059561536,42.3720710170001
2459,1218016,I-96,WYOMING,2017-11-28,28,11,2017,18,3,5,1,,1,0,,1,1,4,55,2,2,5,5,0,0,0,0,true,,false,false,false,false,false,,,,,,false,false,true,,,false,false,false,false,false,-83.1541,42.38521,"{
  ""coordinates"": [
    -8.315410177800000e+01,
    4.238520646100010e+01
  ],
  ""type"": ""Point""
}","{
  ""coordinates"": [
    -83.154101778,
    42.385206461
  ],
  ""type"": ""Point""
}",-83.154101778,42.3852064610001
2460,1216605,E/B I-94,I-96,2017-11-28,28,11,2017,20,3,5,1,,1,0,,1,2,4,70,3,2,2,5,0,0,0,0,true,,false,false,false,false,false,,,,,,false,false,false,,,false,false,false,false,false,-83.10105,42.3495,"{
  ""coordinates"": [
    -8.310104856100000e+01,
    4.234950043800010e+01
  ],
  ""type"": ""Point""
}","{
  ""coordinates"": [
    -83.101048561,
    42.349500438
  ],
  ""type"": ""Point""
}",-83.101048561,42.3495004380001
2461,1277302,FENTON,NORFOLK,2017-11-28,28,11,2017,4,3,4,9,,,0,,1,1,4,25,2,2,1,5,0,0,0,0,true,,false,false,true,false,false,,,,,,false,false,false,,,false,false,false,false,false,-83.28278,42.43968,"{
  ""coordinates"": [
    -8.328277343100000e+01,
    4.243967992500010e+01
  ],
  ""type"": ""Point""
}","{
  ""coordinates"": [
    -83.282773431,
    42.439679925
  ],
  ""type"": ""Point""
}",-83.282773431,42.4396799250001
2462,1210871,S/B M 39,MCNICHOLS,2017-11-28,28,11,2017,16,3,5,3,,1,0,,1,1,1,55,3,2,2,4,0,0,0,1,false,,false,false,false,false,false,,,,,,false,false,false,,,false,false,false,false,false,-83.21888,42.41623,"{
  ""coordinates"": [
    -8.321887836799991e+01,
    4.241623222100000e+01
  ],
  ""type"": ""Point""
}","{
  ""coordinates"": [
    -83.218878368,
    42.416232221
  ],
  ""type"": ""Point""
}",-83.2188783679999,42.416232221
2463,1215375,PEMBROKE,ARDMORE,2017-11-28,28,11,2017,18,3,4,9,,5,0,,98,1,3,0,2,2,1,5,0,0,0,0,true,,true,false,true,false,false,,,,,,false,false,false,,,false,false,false,false,false,-83.18555,42.43815,"{
  ""coordinates"": [
    -8.318554992599999e+01,
    4.243814782000000e+01
  ],
  ""type"": ""Point""
}","{
  ""coordinates"": [
    -83.185549926,
    42.43814782
  ],
  ""type"": ""Point""
}",-83.185549926,42.43814782
2464,1253915,I-96,SOUTHFIELD,2017-11-28,28,11,2017,7,3,5,1,,1,0,,1,1,1,70,3,2,3,4,0,0,0,2,false,,false,false,false,false,false,,,,,,false,false,false,,,false,false,false,false,false,-83.19717,42.37907,"{
  ""coordinates"": [
    -8.319717719600000e+01,
    4.237907429900010e+01
  ],
  ""type"": ""Point""
}","{
  ""coordinates"": [
    -83.197177196,
    42.379074299
  ],
  ""type"": ""Point""
}",-83.197177196,42.3790742990001
2465,1214291,RAMP 008K,I 96 SERVICE DRIVE,2017-11-28,28,11,2017,6,3,8,1,,1,0,,1,2,4,55,2,2,2,5,0,0,0,0,true,,false,false,false,false,false,,,,,,false,false,false,,,false,false,false,false,false,-83.21796,42.37802,"{
  ""coordinates"": [
    -8.321796175999999e+01,
    4.237802287600000e+01
  ],
  ""type"": ""Point""
}","{
  ""coordinates"": [
    -83.21796176,
    42.378022876
  ],
  ""type"": ""Point""
}",-83.21796176,42.378022876
2466,1210834,E/B I-94,BRUSH,2017-11-28,28,11,2017,5,3,5,1,,1,0,,1,1,4,55,2,3,3,5,0,0,0,0,true,,false,false,false,false,false,,,,,,false,false,false,,,false,false,false,false,false,-83.0647,42.36554,"{
  ""coordinates"": [
    -8.306469749000000e+01,
    4.236554333700010e+01
  ],
  ""type"": ""Point""
}","{
  ""coordinates"": [
    -83.06469749,
    42.365543337
  ],
  ""type"": ""Point""
}",-83.06469749,42.3655433370001
2467,1210985,E I 94,RAMP 216A,2017-11-28,28,11,2017,16,3,5,1,,1,0,,1,1,1,55,3,2,1,5,0,0,0,0,true,,false,false,true,false,false,,,,,,false,false,false,,,false,false,false,false,false,-83.06251,42.3664,"{
  ""coordinates"": [
    -8.306250604800000e+01,
    4.236639811500000e+01
  ],
  ""type"": ""Point""
}","{
  ""coordinates"": [
    -83.062506048,
    42.366398115
  ],
  ""type"": ""Point""
}",-83.062506048,42.366398115
2468,1219872,WOODWARD,WILLIS,2017-11-28,28,11,2017,8,3,1,3,,1,0,,1,6,1,35,4,2,3,5,0,0,0,0,true,,false,false,false,false,false,,,,,,false,false,false,,,true,false,false,false,false,-83.06091,42.35192,"{
  ""coordinates"": [
    -8.306091136700000e+01,
    4.235192273700010e+01
  ],
  ""type"": ""Point""
}","{
  ""coordinates"": [
    -83.060911367,
    42.351922737
  ],
  ""type"": ""Point""
}",-83.060911367,42.3519227370001
2469,1213322,E/B I-94,CECIL,2017-11-28,28,11,2017,15,3,5,1,,1,0,,1,1,1,55,3,2,2,5,0,0,0,0,true,,false,false,false,false,false,,,,,,false,true,false,,,false,false,false,false,false,-83.13412,42.33365,"{
  ""coordinates"": [
    -8.313412795100000e+01,
    4.233364852800000e+01
  ],
  ""type"": ""Point""
}","{
  ""coordinates"": [
    -83.134127951,
    42.333648528
  ],
  ""type"": ""Point""
}",-83.134127951,42.333648528
2470,1210951,TRUMBULL,HANCOCK,2017-11-28,28,11,2017,13,3,4,9,,4,0,,1,1,1,25,4,2,3,4,0,0,0,3,false,,false,false,false,false,false,,,,,,false,false,true,,,false,false,false,false,false,-83.07811,42.35104,"{
  ""coordinates"": [
    -8.307811285699999e+01,
    4.235103940700000e+01
  ],
  ""type"": ""Point""
}","{
  ""coordinates"": [
    -83.078112857,
    42.351039407
  ],
  ""type"": ""Point""
}",-83.078112857,42.351039407
2471,1210967,MILWAUKEE,S M 10 SERVICE DRIVE,2017-11-28,28,11,2017,15,3,98,9,,4,0,,1,1,1,25,4,2,3,4,0,0,0,1,false,,true,true,false,false,false,,,,,,false,true,false,,,false,false,false,false,false,-83.08145,42.36578,"{
  ""coordinates"": [
    -8.308145097900000e+01,
    4.236577993100010e+01
  ],
  ""type"": ""Point""
}","{
  ""coordinates"": [
    -83.081450979,
    42.365779931
  ],
  ""type"": ""Point""
}",-83.081450979,42.3657799310001
2472,1211024,6TH,FORT,2017-11-28,28,11,2017,8,3,4,3,,4,0,,1,1,1,0,2,2,2,5,0,0,0,0,true,,false,false,false,false,false,,,,,,false,false,false,,,false,false,false,false,false,-83.05789,42.32619,"{
  ""coordinates"": [
    -8.305789229600001e+01,
    4.232619530300010e+01
  ],
  ""type"": ""Point""
}","{
  ""coordinates"": [
    -83.057892296,
    42.326195303
  ],
  ""type"": ""Point""
}",-83.057892296,42.3261953030001
2473,1210643,N/B M-39,TIREMAN,2017-11-28,28,11,2017,8,3,5,3,,1,0,,1,1,1,55,3,2,2,5,0,0,0,0,true,,false,false,false,false,false,,,,,,false,false,false,,,false,false,false,false,false,-83.21626,42.35042,"{
  ""coordinates"": [
    -8.321625897099990e+01,
    4.235042207700010e+01
  ],
  ""type"": ""Point""
}","{
  ""coordinates"": [
    -83.216258971,
    42.350422077
  ],
  ""type"": ""Point""
}",-83.2162589709999,42.3504220770001
2474,1210983,EDSEL,I75,2017-11-28,28,11,2017,17,3,8,1,,1,0,,1,1,4,55,3,2,1,5,0,0,0,0,true,,false,false,true,false,false,,,,,,false,false,false,,,false,false,false,false,false,-83.05871,42.36804,"{
  ""coordinates"": [
    -8.305870767600000e+01,
    4.236804107000010e+01
  ],
  ""type"": ""Point""
}","{
  ""coordinates"": [
    -83.058707676,
    42.36804107
  ],
  ""type"": ""Point""
}",-83.058707676,42.3680410700001
2475,1210837,I-75,PIQUETTE,2017-11-28,28,11,2017,11,3,5,1,,1,0,,1,1,1,70,3,2,3,5,0,0,0,0,true,,false,false,false,false,false,,,,,,false,false,true,,,false,false,false,false,false,-83.05929,42.37091,"{
  ""coordinates"": [
    -8.305928764600000e+01,
    4.237091378900000e+01
  ],
  ""type"": ""Point""
}","{
  ""coordinates"": [
    -83.059287646,
    42.370913789
  ],
  ""type"": ""Point""
}",-83.059287646,42.370913789
2476,1211417,MOENART,HILDALE,2017-11-28,28,11,2017,20,3,8,9,,,0,,1,1,1,25,2,2,0,5,0,0,0,0,true,,false,false,true,false,false,,,,,,false,false,false,,,false,false,false,false,false,-83.05006,42.42892,"{
  ""coordinates"": [
    -8.305006693099990e+01,
    4.242891508300000e+01
  ],
  ""type"": ""Point""
}","{
  ""coordinates"": [
    -83.050066931,
    42.428915083
  ],
  ""type"": ""Point""
}",-83.0500669309999,42.428915083
2477,1210874,N M 10,RAMP 215H,2017-11-28,28,11,2017,9,3,1,3,,1,1,,1,1,1,55,1,1,1,5,0,0,0,0,true,,false,false,false,false,false,,,,,,false,false,true,,,false,false,false,false,false,-83.07486,42.35694,"{
  ""coordinates"": [
    -8.307485600000000e+01,
    4.235694297900010e+01
  ],
  ""type"": ""Point""
}","{
  ""coordinates"": [
    -83.074856,
    42.356942979
  ],
  ""type"": ""Point""
}",-83.074856,42.3569429790001
2478,1210894,I-94,ROOSEVELT,2017-11-28,28,11,2017,14,3,97,9,,,0,,1,1,1,55,4,2,2,5,0,0,0,0,true,,false,false,false,false,false,,,,,,false,true,false,,,false,false,false,false,false,-83.105,42.3479,"{
  ""coordinates"": [
    -8.310500488600000e+01,
    4.234789815400010e+01
  ],
  ""type"": ""Point""
}","{
  ""coordinates"": [
    -83.105004886,
    42.347898154
  ],
  ""type"": ""Point""
}",-83.105004886,42.3478981540001
2479,1211342,7 MILE,GOULBURN,2017-11-28,28,11,2017,18,3,3,9,,4,0,,1,1,4,35,2,2,1,2,0,1,0,0,false,,false,false,true,false,false,,,,,,false,false,false,,,false,false,true,false,false,-82.99365,42.43474,"{
  ""coordinates"": [
    -8.299364869899991e+01,
    4.243473685400010e+01
  ],
  ""type"": ""Point""
}","{
  ""coordinates"": [
    -82.993648699,
    42.434736854
  ],
  ""type"": ""Point""
}",-82.9936486989999,42.4347368540001
2480,1211426,7 MILE,BINDER,2017-11-28,28,11,2017,15,3,4,9,,4,0,,1,1,1,30,2,2,2,5,0,0,0,0,true,,false,false,false,false,false,,,,,,false,false,false,,,false,false,false,false,false,-83.0642,42.43311,"{
  ""coordinates"": [
    -8.306420184800000e+01,
    4.243311072400010e+01
  ],
  ""type"": ""Point""
}","{
  ""coordinates"": [
    -83.064201848,
    42.433110724
  ],
  ""type"": ""Point""
}",-83.064201848,42.4331107240001
2481,1211421,MORAN,LAWLEY,2017-11-28,28,11,2017,20,3,4,9,,,0,,1,1,4,25,2,2,1,5,0,0,0,0,true,,true,false,true,false,false,,,,,,false,false,true,,,false,false,false,false,false,-83.06092,42.41299,"{
  ""coordinates"": [
    -8.306092238799990e+01,
    4.241298859700000e+01
  ],
  ""type"": ""Point""
}","{
  ""coordinates"": [
    -83.060922388,
    42.412988597
  ],
  ""type"": ""Point""
}",-83.0609223879999,42.412988597
2482,1211003,I-75,DAVIDSON,2017-11-28,28,11,2017,16,3,5,1,,1,0,,1,1,1,55,3,2,1,5,0,0,0,0,true,,false,false,true,false,false,,,,,,false,true,false,,,false,false,false,false,false,-83.07838,42.4076,"{
  ""coordinates"": [
    -8.307837302699990e+01,
    4.240759679800000e+01
  ],
  ""type"": ""Point""
}","{
  ""coordinates"": [
    -83.078373027,
    42.407596798
  ],
  ""type"": ""Point""
}",-83.0783730269999,42.407596798
2483,1214289,I-75,HOLBROOK,2017-11-28,28,11,2017,18,3,5,1,,1,0,,1,1,1,55,4,2,3,5,0,0,0,0,true,,false,false,false,false,false,,,,,,false,false,true,,,false,false,false,false,false,-83.06972,42.39069,"{
  ""coordinates"": [
    -8.306971445900000e+01,
    4.239068892600010e+01
  ],
  ""type"": ""Point""
}","{
  ""coordinates"": [
    -83.069714459,
    42.390688926
  ],
  ""type"": ""Point""
}",-83.069714459,42.3906889260001
2484,1211058,LUMLEY,MCGRAW,2017-11-28,28,11,2017,19,3,8,9,,,0,,1,1,4,25,1,2,0,5,0,0,0,0,true,,false,false,true,false,false,,,,,,false,false,false,,,false,false,false,false,false,-83.14334,42.33425,"{
  ""coordinates"": [
    -8.314334028300000e+01,
    4.233424587500010e+01
  ],
  ""type"": ""Point""
}","{
  ""coordinates"": [
    -83.143340283,
    42.334245875
  ],
  ""type"": ""Point""
}",-83.143340283,42.3342458750001
2485,1210924,MEYERS,CONSOLIDATED RAIL CORPORATION,2017-11-28,28,11,2017,7,3,1,9,,4,1,,1,1,4,30,2,1,0,5,0,0,0,0,true,,false,false,false,false,false,,,,,,false,false,false,,,false,false,false,false,false,-83.16902,42.39429,"{
  ""coordinates"": [
    -8.316902334900000e+01,
    4.239428559800010e+01
  ],
  ""type"": ""Point""
}","{
  ""coordinates"": [
    -83.169023349,
    42.394285598
  ],
  ""type"": ""Point""
}",-83.169023349,42.3942855980001
2486,1210911,GRAND RIVER,WYOMING,2017-11-28,28,11,2017,8,3,4,3,,1,0,,1,1,1,35,7,2,2,2,0,1,0,0,false,,false,false,false,false,false,,,,,,false,false,true,,,false,false,false,false,false,-83.15868,42.37669,"{
  ""coordinates"": [
    -8.315868321300000e+01,
    4.237668444900000e+01
  ],
  ""type"": ""Point""
}","{
  ""coordinates"": [
    -83.158683213,
    42.376684449
  ],
  ""type"": ""Point""
}",-83.158683213,42.376684449
2487,1210916,MEYERS,INTERVALE,2017-11-28,28,11,2017,8,3,1,9,,4,1,,1,1,1,35,2,1,1,5,0,0,0,0,true,,false,false,false,false,false,,,,,,false,false,true,,,false,false,false,false,false,-83.16888,42.39164,"{
  ""coordinates"": [
    -8.316888181699990e+01,
    4.239164103900000e+01
  ],
  ""type"": ""Point""
}","{
  ""coordinates"": [
    -83.168881817,
    42.391641039
  ],
  ""type"": ""Point""
}",-83.1688818169999,42.391641039
2488,1210961,MACK,JOHN R,2017-11-28,28,11,2017,13,3,8,9,,4,0,,1,1,1,35,2,2,2,5,0,0,0,0,true,,false,false,false,false,false,,,,,,false,true,false,,,false,false,false,false,false,-83.05538,42.34848,"{
  ""coordinates"": [
    -8.305538396000000e+01,
    4.234848032200010e+01
  ],
  ""type"": ""Point""
}","{
  ""coordinates"": [
    -83.05538396,
    42.348480322
  ],
  ""type"": ""Point""
}",-83.05538396,42.3484803220001
2489,1211310,MCNICHOLS,ASHTON,2017-11-28,28,11,2017,8,3,3,9,,2,0,,1,1,1,25,4,2,1,5,0,0,0,0,true,,false,false,true,false,false,,,,,,false,false,false,,,false,false,false,false,false,-83.22008,42.41554,"{
  ""coordinates"": [
    -8.322007520100000e+01,
    4.241553946500010e+01
  ],
  ""type"": ""Point""
}","{
  ""coordinates"": [
    -83.220075201,
    42.415539465
  ],
  ""type"": ""Point""
}",-83.220075201,42.4155394650001
2490,1216665,VAN DYKE,SIRRON,2017-11-28,28,11,2017,19,3,5,3,,1,0,,1,1,4,40,7,2,1,5,0,0,0,0,true,,false,false,true,false,false,,,,,,false,false,false,,,false,false,false,false,false,-83.02448,42.44085,"{
  ""coordinates"": [
    -8.302447646300000e+01,
    4.244084971500010e+01
  ],
  ""type"": ""Point""
}","{
  ""coordinates"": [
    -83.024476463,
    42.440849715
  ],
  ""type"": ""Point""
}",-83.024476463,42.4408497150001
2491,1235734,TEMPLE,BROOKLYN,2017-11-28,28,11,2017,17,3,97,9,,4,0,,1,1,4,25,2,2,2,5,0,0,0,0,true,,false,false,false,false,false,,,,,,false,false,false,,,false,false,false,false,false,-83.06764,42.33885,"{
  ""coordinates"": [
    -8.306764587000001e+01,
    4.233885044400010e+01
  ],
  ""type"": ""Point""
}","{
  ""coordinates"": [
    -83.06764587,
    42.338850444
  ],
  ""type"": ""Point""
}",-83.06764587,42.3388504440001
2492,1238835,BEAUBIEN,MADISON,2017-11-28,28,11,2017,7,3,4,9,,4,0,,1,1,1,25,4,2,2,5,0,0,0,0,true,,false,false,false,false,false,,,,,,false,false,false,,,false,false,false,false,false,-83.04455,42.33783,"{
  ""coordinates"": [
    -8.304454484500000e+01,
    4.233783245900000e+01
  ],
  ""type"": ""Point""
}","{
  ""coordinates"": [
    -83.044544845,
    42.337832459
  ],
  ""type"": ""Point""
}",-83.044544845,42.337832459
2493,1211391,GRAND RIVER,NORTHWESTERN,2017-11-28,28,11,2017,16,3,4,3,,1,0,,1,1,1,35,6,2,1,4,0,0,0,1,false,,false,false,true,false,false,,,,,,false,false,false,,,false,false,false,false,false,-83.11254,42.35807,"{
  ""coordinates"": [
    -8.311254457699989e+01,
    4.235807298600000e+01
  ],
  ""type"": ""Point""
}","{
  ""coordinates"": [
    -83.112544577,
    42.358072986
  ],
  ""type"": ""Point""
}",-83.1125445769999,42.358072986
2494,1211450,5056 CHARLES,FENELON,2017-11-28,28,11,2017,6,3,97,9,,4,0,,1,1,4,30,2,3,1,5,0,0,0,0,true,,false,false,false,false,false,,,,,,false,false,true,,,false,false,false,false,false,-83.05242,42.41167,"{
  ""coordinates"": [
    -8.305241949399991e+01,
    4.241166680900010e+01
  ],
  ""type"": ""Point""
}","{
  ""coordinates"": [
    -83.052419494,
    42.411666809
  ],
  ""type"": ""Point""
}",-83.0524194939999,42.4116668090001
2495,1211382,96 SERVICE,DAVISON,2017-11-27,27,11,2017,13,2,8,9,,4,0,,1,1,1,35,3,2,1,5,0,0,0,0,true,,false,false,true,false,false,,,,,,false,false,true,,,false,false,false,false,false,-83.15902,42.38476,"{
  ""coordinates"": [
    -8.315901637300000e+01,
    4.238476228100010e+01
  ],
  ""type"": ""Point""
}","{
  ""coordinates"": [
    -83.159016373,
    42.384762281
  ],
  ""type"": ""Point""
}",-83.159016373,42.3847622810001
2496,1210804,W/B I-94,WARREN,2017-11-27,27,11,2017,7,2,5,1,,1,0,,1,1,2,55,3,2,2,5,0,0,0,0,true,,false,false,false,false,false,,,,,,false,false,false,,,false,false,false,false,false,-83.11327,42.34485,"{
  ""coordinates"": [
    -8.311326713900000e+01,
    4.234485084300010e+01
  ],
  ""type"": ""Point""
}","{
  ""coordinates"": [
    -83.113267139,
    42.344850843
  ],
  ""type"": ""Point""
}",-83.113267139,42.3448508430001
2497,1211477,MEYERS,SANTA MARIA,2017-11-27,27,11,2017,16,2,4,9,,4,0,,1,1,1,30,2,2,1,5,0,0,0,0,true,,true,false,true,false,false,,,,,,false,false,false,,,false,false,false,false,false,-83.17021,42.41869,"{
  ""coordinates"": [
    -8.317020921499990e+01,
    4.241868759200000e+01
  ],
  ""type"": ""Point""
}","{
  ""coordinates"": [
    -83.170209215,
    42.418687592
  ],
  ""type"": ""Point""
}",-83.1702092149999,42.418687592
2498,1210787,S M 39,7 MILE,2017-11-27,27,11,2017,9,2,5,3,,1,0,,1,1,1,55,3,2,2,5,0,0,0,0,true,,false,false,false,false,false,,,,,,false,false,false,,,false,false,false,false,false,-83.21942,42.4303,"{
  ""coordinates"": [
    -8.321942152699999e+01,
    4.243029829100000e+01
  ],
  ""type"": ""Point""
}","{
  ""coordinates"": [
    -83.219421527,
    42.430298291
  ],
  ""type"": ""Point""
}",-83.219421527,42.430298291
2499,1211010,RAMP 031A,N I 75 SERVICE DRIVE,2017-11-27,27,11,2017,17,2,4,1,,1,0,,1,1,3,35,2,2,2,5,0,0,0,0,true,,false,false,false,false,false,,,,,,false,false,false,,,false,false,false,false,false,-83.11935,42.30082,"{
  ""coordinates"": [
    -8.311934533000000e+01,
    4.230082277800010e+01
  ],
  ""type"": ""Point""
}","{
  ""coordinates"": [
    -83.11934533,
    42.300822778
  ],
  ""type"": ""Point""
}",-83.11934533,42.3008227780001
2500,1238839,CANFIELD,SECOND,2017-11-27,27,11,2017,11,2,5,9,,4,0,,1,1,1,25,2,2,2,5,0,0,0,0,true,,false,false,false,false,false,,,,,,false,false,true,,,false,false,false,false,false,-83.06642,42.35109,"{
  ""coordinates"": [
    -8.306642166599990e+01,
    4.235109074900000e+01
  ],
  ""type"": ""Point""
}","{
  ""coordinates"": [
    -83.066421666,
    42.351090749
  ],
  ""type"": ""Point""
}",-83.0664216659999,42.351090749
2501,1211226,I-94,ROSA PARKS,2017-11-27,27,11,2017,16,2,5,1,,1,0,,1,1,1,55,3,2,3,4,0,0,0,1,false,,false,false,false,false,false,,,,,,false,false,false,,,false,false,false,false,false,-83.08604,42.35422,"{
  ""coordinates"": [
    -8.308603484400000e+01,
    4.235422147100010e+01
  ],
  ""type"": ""Point""
}","{
  ""coordinates"": [
    -83.086034844,
    42.354221471
  ],
  ""type"": ""Point""
}",-83.086034844,42.3542214710001
2502,1210838,I-94,24TH,2017-11-27,27,11,2017,17,2,8,1,,1,0,,1,2,3,55,3,2,2,5,0,0,0,0,true,,false,false,false,false,false,,,,,,false,false,false,,,false,false,false,false,false,-83.10144,42.3495,"{
  ""coordinates"": [
    -8.310144112700000e+01,
    4.234949994900010e+01
  ],
  ""type"": ""Point""
}","{
  ""coordinates"": [
    -83.101441127,
    42.349499949
  ],
  ""type"": ""Point""
}",-83.101441127,42.3494999490001
2503,1211343,FIELD,LAFAYETTE,2017-11-27,27,11,2017,11,2,4,9,,,0,,1,1,1,25,2,2,4,4,0,0,0,2,false,,false,false,false,false,false,,,,,,false,false,false,,,false,false,false,false,false,-83.00259,42.35116,"{
  ""coordinates"": [
    -8.300259274099990e+01,
    4.235116331200000e+01
  ],
  ""type"": ""Point""
}","{
  ""coordinates"": [
    -83.002592741,
    42.351163312
  ],
  ""type"": ""Point""
}",-83.0025927409999,42.351163312
2504,1259020,I-94,MOROSS,2017-11-27,27,11,2017,6,2,5,1,,1,0,,1,1,4,55,3,2,2,5,0,0,0,0,true,,false,false,false,false,false,,,,,,false,false,true,,,false,false,false,false,false,-82.92904,42.42429,"{
  ""coordinates"": [
    -8.292903652699989e+01,
    4.242429002300000e+01
  ],
  ""type"": ""Point""
}","{
  ""coordinates"": [
    -82.929036527,
    42.424290023
  ],
  ""type"": ""Point""
}",-82.9290365269999,42.424290023
2505,1210829,W/B I-94,NOTTINGHAM,2017-11-27,27,11,2017,8,2,5,1,,1,0,,1,1,1,55,3,4,4,5,0,0,0,0,true,,false,false,false,false,false,,,,,,false,false,false,,,false,false,false,false,false,-82.9538,42.40698,"{
  ""coordinates"": [
    -8.295379314199990e+01,
    4.240698355000010e+01
  ],
  ""type"": ""Point""
}","{
  ""coordinates"": [
    -82.953793142,
    42.40698355
  ],
  ""type"": ""Point""
}",-82.9537931419999,42.4069835500001
2506,1211498,MCNICHOLS,WOODWARD,2017-11-27,27,11,2017,8,2,4,3,,4,0,,1,1,1,30,2,2,4,5,0,0,0,0,true,,true,true,false,false,false,,,,,,false,false,true,,,false,false,false,false,false,-83.10535,42.41776,"{
  ""coordinates"": [
    -8.310534754600000e+01,
    4.241775530800000e+01
  ],
  ""type"": ""Point""
}","{
  ""coordinates"": [
    -83.105347546,
    42.417755308
  ],
  ""type"": ""Point""
}",-83.105347546,42.417755308
2507,1211257,SOUTHFIELD SERVICE DRIVE,PEMBROKE,2017-11-27,27,11,2017,18,2,5,9,,5,0,,1,1,4,0,3,3,5,5,0,0,0,0,true,,false,false,false,false,false,,,,,,false,false,false,,,false,false,false,false,false,-83.21991,42.43727,"{
  ""coordinates"": [
    -8.321990690599991e+01,
    4.243726652900010e+01
  ],
  ""type"": ""Point""
}","{
  ""coordinates"": [
    -83.219906906,
    42.437266529
  ],
  ""type"": ""Point""
}",-83.2199069059999,42.4372665290001
2508,1210798,M-39,MCNICHOLS,2017-11-27,27,11,2017,13,2,8,3,,1,0,,1,1,1,55,3,2,2,5,0,0,0,0,true,,false,false,false,false,false,,,,,,false,false,true,,,false,false,false,false,false,-83.21889,42.415,"{
  ""coordinates"": [
    -8.321888646300000e+01,
    4.241500145900010e+01
  ],
  ""type"": ""Point""
}","{
  ""coordinates"": [
    -83.218886463,
    42.415001459
  ],
  ""type"": ""Point""
}",-83.218886463,42.4150014590001
2509,1211333,ROXBURY,CASINO,2017-11-27,27,11,2017,20,2,8,9,,,0,,1,1,4,25,1,3,1,5,0,0,0,0,true,,false,false,true,true,false,,,,,,false,false,false,,,false,false,false,false,false,-82.9478,42.4234,"{
  ""coordinates"": [
    -8.294780215299990e+01,
    4.242339531300010e+01
  ],
  ""type"": ""Point""
}","{
  ""coordinates"": [
    -82.947802153,
    42.423395313
  ],
  ""type"": ""Point""
}",-82.9478021529999,42.4233953130001