ObjectId,Crash ID,Primary Road,Intersecting Road,Crash Date,Day,Month,Year,Hour,Weekday,Crash Type Code,Highway Classification Code,Community Code,Jurisdiction Code,Lane Departure Type Code,Surface Type,Road Condition,Weather Condition,Lighting Condition,Speed Limit,Lanes,Units,Occupants,Most Severe Injury,Fatal Injuries,Suspected Serious Injuries,Suspected Minor Injuries,Possible Injuries,Property Damage Only,Secondary Crash,Traffic Control,Red Light Run,Hit and Run,Alcohol,Drugs,Unbelted Person,Work Zone,Speeding Driver,Distracted Driver,Driveway,Pedestrian,Elderly Driver,Young Driver,Commercial Vehicle,Emergency Vehicles,Train,School Bus,Motorcycle,Bicycle,Deer,Longitude,Latitude,geom,geog,x,y
2510,1211273,PURITAN,BURT,2017-11-27,27,11,2017,15,2,4,9,,,0,,1,1,1,0,1,2,1,4,0,0,0,1,false,,false,false,true,false,false,,,,,,false,false,false,,,false,false,false,false,false,-83.24739,42.4077,"{
  ""coordinates"": [
    -8.324739207899999e+01,
    4.240770106600010e+01
  ],
  ""type"": ""Point""
}","{
  ""coordinates"": [
    -83.247392079,
    42.407701066
  ],
  ""type"": ""Point""
}",-83.247392079,42.4077010660001
2511,1211222,FERRY,ST AUBIN,2017-11-27,27,11,2017,16,2,97,9,,4,0,,1,1,1,25,2,2,4,5,0,0,0,0,true,,false,false,false,false,false,,,,,,false,false,false,,,false,false,false,false,false,-83.04745,42.36846,"{
  ""coordinates"": [
    -8.304744385200000e+01,
    4.236846062900000e+01
  ],
  ""type"": ""Point""
}","{
  ""coordinates"": [
    -83.047443852,
    42.368460629
  ],
  ""type"": ""Point""
}",-83.047443852,42.368460629
2512,1210794,S I 75,RAMP 216J,2017-11-27,27,11,2017,11,2,5,1,,1,0,,1,1,1,55,4,2,3,4,0,0,0,2,false,,false,false,false,false,false,,,,,,false,false,false,,,false,false,false,false,false,-83.05854,42.36925,"{
  ""coordinates"": [
    -8.305854285700001e+01,
    4.236924718800000e+01
  ],
  ""type"": ""Point""
}","{
  ""coordinates"": [
    -83.058542857,
    42.369247188
  ],
  ""type"": ""Point""
}",-83.058542857,42.369247188
2513,1210832,RAMP 216A,RAMP 044C,2017-11-27,27,11,2017,15,2,1,1,,1,1,,1,2,1,55,2,1,1,5,0,0,0,0,true,,false,false,false,false,false,,,,,,false,false,true,,,false,false,false,false,false,-83.0555,42.36242,"{
  ""coordinates"": [
    -8.305550413700000e+01,
    4.236241698000000e+01
  ],
  ""type"": ""Point""
}","{
  ""coordinates"": [
    -83.055504137,
    42.36241698
  ],
  ""type"": ""Point""
}",-83.055504137,42.36241698
2514,1210872,M-39,PEMBROKE,2017-11-27,27,11,2017,17,2,5,3,,1,0,,1,2,1,55,3,2,2,5,0,0,0,0,true,,false,false,false,false,false,,,,,,false,true,true,,,false,false,false,false,false,-83.21951,42.43684,"{
  ""coordinates"": [
    -8.321951634500000e+01,
    4.243683700400000e+01
  ],
  ""type"": ""Point""
}","{
  ""coordinates"": [
    -83.219516345,
    42.436837004
  ],
  ""type"": ""Point""
}",-83.219516345,42.436837004
2515,1211034,FORT,KAIER,2017-11-27,27,11,2017,19,2,5,3,,1,0,,1,1,4,30,5,2,3,5,0,0,0,0,true,,false,false,false,false,false,,,,,,false,false,false,,,false,false,false,false,false,-83.13213,42.29528,"{
  ""coordinates"": [
    -8.313213643900001e+01,
    4.229527550900010e+01
  ],
  ""type"": ""Point""
}","{
  ""coordinates"": [
    -83.132136439,
    42.295275509
  ],
  ""type"": ""Point""
}",-83.132136439,42.2952755090001
2516,1210783,S M 39,FENKELL,2017-11-27,27,11,2017,8,2,5,3,,1,0,,1,1,1,55,3,2,2,5,0,0,0,0,true,,false,false,false,false,false,,,,,,false,false,false,,,false,false,false,false,false,-83.21838,42.4014,"{
  ""coordinates"": [
    -8.321837745800001e+01,
    4.240140107400000e+01
  ],
  ""type"": ""Point""
}","{
  ""coordinates"": [
    -83.218377458,
    42.401401074
  ],
  ""type"": ""Point""
}",-83.218377458,42.401401074
2517,1210791,I-94,24TH,2017-11-27,27,11,2017,17,2,8,1,,1,0,,1,2,3,55,3,2,1,5,0,0,0,0,true,,false,false,true,false,false,,,,,,false,false,false,,,false,false,false,false,false,-83.10144,42.3495,"{
  ""coordinates"": [
    -8.310144112700000e+01,
    4.234949994900010e+01
  ],
  ""type"": ""Point""
}","{
  ""coordinates"": [
    -83.101441127,
    42.349499949
  ],
  ""type"": ""Point""
}",-83.101441127,42.3494999490001
2518,1211326,MORANG,CADIEUX,2017-11-27,27,11,2017,8,2,5,9,,4,0,,1,1,1,30,2,2,3,5,0,0,0,0,true,,false,false,true,false,false,,,,,,false,false,false,,,false,false,false,false,false,-82.94048,42.42224,"{
  ""coordinates"": [
    -8.294048650699990e+01,
    4.242224299000000e+01
  ],
  ""type"": ""Point""
}","{
  ""coordinates"": [
    -82.940486507,
    42.42224299
  ],
  ""type"": ""Point""
}",-82.9404865069999,42.42224299
2519,1211373,KELLY,HAZELRIDGE,2017-11-27,27,11,2017,17,2,4,9,,4,0,,1,1,1,25,2,2,4,5,0,0,0,0,true,,false,false,true,false,false,,,,,,false,false,false,,,false,false,false,false,false,-82.96049,42.42477,"{
  ""coordinates"": [
    -8.296049081900000e+01,
    4.242476598600010e+01
  ],
  ""type"": ""Point""
}","{
  ""coordinates"": [
    -82.960490819,
    42.424765986
  ],
  ""type"": ""Point""
}",-82.960490819,42.4247659860001
2520,1211308,8 MILE,GRANDVILLE,2017-11-27,27,11,2017,18,2,5,3,,1,0,,1,1,4,35,4,2,3,5,0,0,0,0,true,,false,false,false,false,false,,,,,,false,true,false,,,false,false,false,false,false,-83.23305,42.44389,"{
  ""coordinates"": [
    -8.323304474400000e+01,
    4.244389224700010e+01
  ],
  ""type"": ""Point""
}","{
  ""coordinates"": [
    -83.233044744,
    42.443892247
  ],
  ""type"": ""Point""
}",-83.233044744,42.4438922470001
2521,1210868,I-94,THIRD,2017-11-27,27,11,2017,20,2,5,1,,1,0,,1,1,4,55,3,2,2,5,0,0,0,0,true,,false,false,false,false,false,,,,,,false,false,false,,,false,false,false,false,false,-83.0757,42.35927,"{
  ""coordinates"": [
    -8.307570082300001e+01,
    4.235926976100010e+01
  ],
  ""type"": ""Point""
}","{
  ""coordinates"": [
    -83.075700823,
    42.359269761
  ],
  ""type"": ""Point""
}",-83.075700823,42.3592697610001
2522,1210887,M-10,SCHAEFER,2017-11-27,27,11,2017,8,2,5,3,,1,0,,1,1,1,55,3,6,6,5,0,0,0,0,true,,false,false,false,false,false,,,,,,false,true,true,,,false,false,false,false,false,-83.18066,42.42525,"{
  ""coordinates"": [
    -8.318066110099990e+01,
    4.242525291800010e+01
  ],
  ""type"": ""Point""
}","{
  ""coordinates"": [
    -83.180661101,
    42.425252918
  ],
  ""type"": ""Point""
}",-83.1806611009999,42.4252529180001
2523,1210831,E I 94,RAMP 222A,2017-11-27,27,11,2017,8,2,8,1,,1,0,,1,1,1,55,3,2,2,5,0,0,0,0,true,,false,false,false,false,false,,,,,,false,false,false,,,false,false,false,false,false,-82.95064,42.40772,"{
  ""coordinates"": [
    -8.295063524299999e+01,
    4.240771920100010e+01
  ],
  ""type"": ""Point""
}","{
  ""coordinates"": [
    -82.950635243,
    42.407719201
  ],
  ""type"": ""Point""
}",-82.950635243,42.4077192010001
2524,1211174,PAUL,MANSFIELD,2017-11-27,27,11,2017,12,2,8,9,,4,0,,1,1,1,25,2,2,2,5,0,0,0,0,true,,false,false,false,false,false,,,,,,false,false,false,,,false,false,false,false,false,-83.20184,42.33636,"{
  ""coordinates"": [
    -8.320183346999990e+01,
    4.233636292000010e+01
  ],
  ""type"": ""Point""
}","{
  ""coordinates"": [
    -83.20183347,
    42.33636292
  ],
  ""type"": ""Point""
}",-83.2018334699999,42.3363629200001
2525,1210810,I-75,LIVERNOIS,2017-11-27,27,11,2017,15,2,8,1,,1,0,,1,1,1,55,3,2,2,5,0,0,0,0,true,,false,false,false,false,false,,,,,,false,false,false,,,false,false,false,false,false,-83.10444,42.3074,"{
  ""coordinates"": [
    -8.310443778800000e+01,
    4.230740020800000e+01
  ],
  ""type"": ""Point""
}","{
  ""coordinates"": [
    -83.104437788,
    42.307400208
  ],
  ""type"": ""Point""
}",-83.104437788,42.307400208
2526,1215337,RANDOLPH,JEFFERSON,2017-11-27,27,11,2017,20,2,8,3,,1,0,,1,1,4,35,4,2,1,5,0,0,0,0,true,,false,false,true,false,false,,,,,,false,false,false,,,false,false,false,false,false,-83.04208,42.32976,"{
  ""coordinates"": [
    -8.304207416600001e+01,
    4.232975968600000e+01
  ],
  ""type"": ""Point""
}","{
  ""coordinates"": [
    -83.042074166,
    42.329759686
  ],
  ""type"": ""Point""
}",-83.042074166,42.329759686
2527,1215349,PEMBROKE,N M 39,2017-11-27,27,11,2017,16,2,4,9,,4,0,,1,2,1,25,2,2,4,4,0,0,0,2,false,,false,false,false,false,false,,,,,,false,false,false,,,false,false,false,false,false,-83.21957,42.43724,"{
  ""coordinates"": [
    -8.321957344499999e+01,
    4.243724237500000e+01
  ],
  ""type"": ""Point""
}","{
  ""coordinates"": [
    -83.219573445,
    42.437242375
  ],
  ""type"": ""Point""
}",-83.219573445,42.437242375
2528,1215313,I-94 W/B,14 TH,2017-11-27,27,11,2017,19,2,97,1,,1,0,,1,2,4,55,3,2,2,4,0,0,0,1,false,,false,false,false,false,false,,,,,,false,false,false,,,false,false,false,false,false,-83.09353,42.35201,"{
  ""coordinates"": [
    -8.309353243899990e+01,
    4.235200332600000e+01
  ],
  ""type"": ""Point""
}","{
  ""coordinates"": [
    -83.093532439,
    42.352003326
  ],
  ""type"": ""Point""
}",-83.0935324389999,42.352003326
2529,1314368,ELMIRA,WARD,2017-11-27,27,11,2017,4,2,4,9,,,0,,1,98,3,25,2,2,3,5,0,0,0,0,true,,false,false,true,false,false,,,,,,false,false,false,,,false,false,false,false,false,-83.17309,42.37074,"{
  ""coordinates"": [
    -8.317308715500000e+01,
    4.237073630700010e+01
  ],
  ""type"": ""Point""
}","{
  ""coordinates"": [
    -83.173087155,
    42.370736307
  ],
  ""type"": ""Point""
}",-83.173087155,42.3707363070001
2530,1279373,SAINT JEAN,MACK,2017-11-27,27,11,2017,8,2,9,9,,4,2,,3,1,1,30,5,2,8,5,0,0,0,0,true,,false,false,false,false,false,,,,,,false,false,false,,,false,false,false,false,false,-82.97841,42.3789,"{
  ""coordinates"": [
    -8.297840842499990e+01,
    4.237890220800010e+01
  ],
  ""type"": ""Point""
}","{
  ""coordinates"": [
    -82.978408425,
    42.378902208
  ],
  ""type"": ""Point""
}",-82.9784084249999,42.3789022080001
2531,1240908,RAMP 047C,N I 75,2017-11-27,27,11,2017,6,2,10,1,,1,0,,1,1,2,55,1,2,1,5,0,0,0,0,true,,false,false,true,false,false,,,,,,false,false,false,,,false,false,false,false,false,-83.07688,42.40977,"{
  ""coordinates"": [
    -8.307688230399999e+01,
    4.240977010300000e+01
  ],
  ""type"": ""Point""
}","{
  ""coordinates"": [
    -83.076882304,
    42.409770103
  ],
  ""type"": ""Point""
}",-83.076882304,42.409770103
2532,1209420,I-75,8 MILE,2017-11-27,27,11,2017,15,2,8,1,,1,0,,1,1,1,70,4,2,2,5,0,0,0,0,true,,false,false,false,false,false,,,,,,false,false,false,,,false,false,false,false,false,-83.09516,42.4432,"{
  ""coordinates"": [
    -8.309516515400000e+01,
    4.244320234100010e+01
  ],
  ""type"": ""Point""
}","{
  ""coordinates"": [
    -83.095165154,
    42.443202341
  ],
  ""type"": ""Point""
}",-83.095165154,42.4432023410001
2533,1210833,N/B I-75,WILKINS,2017-11-27,27,11,2017,15,2,8,1,,1,0,,1,2,1,55,4,2,3,5,0,0,0,0,true,,false,false,false,false,false,,,,,,false,false,false,,,false,false,false,false,false,-83.0452,42.34725,"{
  ""coordinates"": [
    -8.304519406900000e+01,
    4.234724828600010e+01
  ],
  ""type"": ""Point""
}","{
  ""coordinates"": [
    -83.045194069,
    42.347248286
  ],
  ""type"": ""Point""
}",-83.045194069,42.3472482860001
2534,1211295,7 MILE,STAHELIN,2017-11-27,27,11,2017,19,2,5,9,,2,0,,1,1,4,35,6,2,1,4,0,0,0,1,false,,false,false,true,false,false,,,,,,false,true,false,,,false,false,false,false,false,-83.22769,42.42987,"{
  ""coordinates"": [
    -8.322769273300000e+01,
    4.242987158600000e+01
  ],
  ""type"": ""Point""
}","{
  ""coordinates"": [
    -83.227692733,
    42.429871586
  ],
  ""type"": ""Point""
}",-83.227692733,42.429871586
2535,1211031,75 SERVICE,SPRINGWELLS,2017-11-27,27,11,2017,12,2,9,1,,4,2,,1,1,1,25,2,2,2,5,0,0,0,0,true,,false,false,false,false,false,,,,,,false,true,false,,,false,false,false,false,false,-83.11991,42.3017,"{
  ""coordinates"": [
    -8.311990790800000e+01,
    4.230170347200000e+01
  ],
  ""type"": ""Point""
}","{
  ""coordinates"": [
    -83.119907908,
    42.301703472
  ],
  ""type"": ""Point""
}",-83.119907908,42.301703472
2536,1211057,FORT,LIVERNOIS,2017-11-27,27,11,2017,19,2,4,3,,1,0,,1,1,4,0,4,2,2,5,0,0,0,0,true,,true,true,true,false,false,,,,,,false,false,false,,,false,false,false,false,false,-83.10362,42.30657,"{
  ""coordinates"": [
    -8.310362211899999e+01,
    4.230657280100010e+01
  ],
  ""type"": ""Point""
}","{
  ""coordinates"": [
    -83.103622119,
    42.306572801
  ],
  ""type"": ""Point""
}",-83.103622119,42.3065728010001
2537,1211049,MICHIGAN,52ND,2017-11-27,27,11,2017,18,2,8,2,,1,0,,1,1,4,35,5,2,1,5,0,0,0,0,true,,false,false,false,false,false,,,,,,false,false,false,,,false,false,false,false,false,-83.13666,42.3311,"{
  ""coordinates"": [
    -8.313665851099999e+01,
    4.233109772800000e+01
  ],
  ""type"": ""Point""
}","{
  ""coordinates"": [
    -83.136658511,
    42.331097728
  ],
  ""type"": ""Point""
}",-83.136658511,42.331097728
2538,1211225,W I 96,KENTFIELD,2017-11-27,27,11,2017,13,2,8,1,,1,0,,1,1,1,55,3,2,3,5,0,0,0,0,true,,false,false,false,false,false,,,,,,false,false,true,,,false,false,false,false,false,-83.24071,42.38385,"{
  ""coordinates"": [
    -8.324070608200000e+01,
    4.238385242000000e+01
  ],
  ""type"": ""Point""
}","{
  ""coordinates"": [
    -83.240706082,
    42.38385242
  ],
  ""type"": ""Point""
}",-83.240706082,42.38385242
2539,1238907,8 MILE,DEQUINDRE,2017-11-27,27,11,2017,19,2,5,3,,1,0,,1,1,4,35,5,2,1,5,0,0,0,0,true,,false,false,false,false,false,,,,,,false,false,false,,,false,false,false,false,false,-83.08264,42.44704,"{
  ""coordinates"": [
    -8.308263781999990e+01,
    4.244703814400000e+01
  ],
  ""type"": ""Point""
}","{
  ""coordinates"": [
    -83.08263782,
    42.447038144
  ],
  ""type"": ""Point""
}",-83.0826378199999,42.447038144
2540,1211139,GREENFIELD,WADSWORTH,2017-11-27,27,11,2017,13,2,1,9,,2,1,,1,1,1,35,4,1,1,5,0,0,0,0,true,,false,false,false,false,false,,,,,,false,false,false,,,false,false,false,false,false,-83.19761,42.37431,"{
  ""coordinates"": [
    -8.319760852699990e+01,
    4.237431486900000e+01
  ],
  ""type"": ""Point""
}","{
  ""coordinates"": [
    -83.197608527,
    42.374314869
  ],
  ""type"": ""Point""
}",-83.1976085269999,42.374314869
2541,1257249,PLYMOUTH STRE,ST MARYS,2017-11-27,27,11,2017,9,2,4,9,,4,0,,1,1,1,0,4,2,3,5,0,0,0,0,true,,true,false,true,false,false,,,,,,false,false,true,,,false,false,false,false,false,-83.20477,42.37248,"{
  ""coordinates"": [
    -8.320476364000000e+01,
    4.237247777100000e+01
  ],
  ""type"": ""Point""
}","{
  ""coordinates"": [
    -83.20476364,
    42.372477771
  ],
  ""type"": ""Point""
}",-83.20476364,42.372477771
2542,1210997,CASS,PETERBORO,2017-11-27,27,11,2017,13,2,8,9,,4,0,,1,1,1,35,2,2,1,5,0,0,0,0,true,,false,false,false,false,false,,,,,,false,true,false,,,false,false,false,false,false,-83.05996,42.34426,"{
  ""coordinates"": [
    -8.305996082199989e+01,
    4.234426256600010e+01
  ],
  ""type"": ""Point""
}","{
  ""coordinates"": [
    -83.059960822,
    42.344262566
  ],
  ""type"": ""Point""
}",-83.0599608219999,42.3442625660001
2543,1211514,7 MILE,FREELAND,2017-11-27,27,11,2017,8,2,8,9,,2,0,,1,1,1,0,3,2,6,5,0,0,0,0,true,,false,false,true,false,false,,,,,,false,false,false,,,false,false,false,false,false,-83.1862,42.43087,"{
  ""coordinates"": [
    -8.318619467000001e+01,
    4.243087240800000e+01
  ],
  ""type"": ""Point""
}","{
  ""coordinates"": [
    -83.18619467,
    42.430872408
  ],
  ""type"": ""Point""
}",-83.18619467,42.430872408
2544,1211237,GRATIOT,MORAN,2017-11-27,27,11,2017,13,2,98,3,,1,0,,1,1,1,35,3,2,1,5,0,0,0,0,true,,false,false,true,false,false,,,,,,false,true,false,,,false,false,false,false,false,-83.0265,42.36097,"{
  ""coordinates"": [
    -8.302649317100000e+01,
    4.236097121800000e+01
  ],
  ""type"": ""Point""
}","{
  ""coordinates"": [
    -83.026493171,
    42.360971218
  ],
  ""type"": ""Point""
}",-83.026493171,42.360971218
2545,1210931,GRAND RIVER,WYOMING,2017-11-27,27,11,2017,9,2,8,3,,1,0,,1,1,1,35,7,2,1,5,0,0,0,0,true,,false,false,true,false,false,,,,,,false,true,false,,,false,false,false,false,false,-83.15868,42.37669,"{
  ""coordinates"": [
    -8.315868321300000e+01,
    4.237668444900000e+01
  ],
  ""type"": ""Point""
}","{
  ""coordinates"": [
    -83.158683213,
    42.376684449
  ],
  ""type"": ""Point""
}",-83.158683213,42.376684449
2546,1211300,GREENFIELD,GRAND RIVER,2017-11-27,27,11,2017,16,2,5,3,,2,0,,1,1,1,0,3,2,2,5,0,0,0,0,true,,false,false,false,false,false,,,,,,false,true,false,,,false,false,false,false,false,-83.19836,42.39269,"{
  ""coordinates"": [
    -8.319836190300001e+01,
    4.239269186300000e+01
  ],
  ""type"": ""Point""
}","{
  ""coordinates"": [
    -83.198361903,
    42.392691863
  ],
  ""type"": ""Point""
}",-83.198361903,42.392691863
2547,1211269,ACACIA,METTETAL,2017-11-27,27,11,2017,8,2,5,9,,,0,,1,1,1,25,2,2,1,5,0,0,0,0,true,,false,false,true,false,false,,,,,,false,false,false,,,false,false,false,false,false,-83.20706,42.39169,"{
  ""coordinates"": [
    -8.320705845200000e+01,
    4.239168924200000e+01
  ],
  ""type"": ""Point""
}","{
  ""coordinates"": [
    -83.207058452,
    42.391689242
  ],
  ""type"": ""Point""
}",-83.207058452,42.391689242
2548,1210949,WARREN,WOODWARD,2017-11-27,27,11,2017,16,2,5,3,,4,0,,1,1,1,30,4,2,2,5,0,0,0,0,true,,false,false,false,false,false,,,,,,false,false,false,,,false,false,false,false,false,-83.06429,42.35679,"{
  ""coordinates"": [
    -8.306428199100000e+01,
    4.235679145600010e+01
  ],
  ""type"": ""Point""
}","{
  ""coordinates"": [
    -83.064281991,
    42.356791456
  ],
  ""type"": ""Point""
}",-83.064281991,42.3567914560001
2549,1210841,I-94,THIRD,2017-11-27,27,11,2017,19,2,5,1,,1,0,,1,1,4,55,3,2,2,4,0,0,0,1,false,,false,false,false,false,false,,,,,,false,false,false,,,false,false,false,false,false,-83.07457,42.35999,"{
  ""coordinates"": [
    -8.307457118199990e+01,
    4.235998711100010e+01
  ],
  ""type"": ""Point""
}","{
  ""coordinates"": [
    -83.074571182,
    42.359987111
  ],
  ""type"": ""Point""
}",-83.0745711819999,42.3599871110001
2550,1210805,I-94,MARTIN,2017-11-27,27,11,2017,14,2,8,1,,1,0,,1,2,1,55,3,2,2,5,0,0,0,0,true,,false,false,false,false,false,,,,,,false,false,true,,,false,false,false,false,false,-83.13091,42.33511,"{
  ""coordinates"": [
    -8.313090447600000e+01,
    4.233510920600000e+01
  ],
  ""type"": ""Point""
}","{
  ""coordinates"": [
    -83.130904476,
    42.335109206
  ],
  ""type"": ""Point""
}",-83.130904476,42.335109206
2551,1210634,I-96,JOY,2017-11-27,27,11,2017,20,2,5,1,,1,0,,1,1,4,70,4,2,2,4,0,0,0,2,false,,false,false,false,false,false,,,,,,false,false,false,,,false,false,false,false,false,-83.12881,42.36345,"{
  ""coordinates"": [
    -8.312880825900000e+01,
    4.236344485800000e+01
  ],
  ""type"": ""Point""
}","{
  ""coordinates"": [
    -83.128808259,
    42.363444858
  ],
  ""type"": ""Point""
}",-83.128808259,42.363444858
2552,1210977,E I 94,BRUSH,2017-11-27,27,11,2017,13,2,4,1,,1,0,,1,1,1,25,5,2,3,5,0,0,0,0,true,,false,false,false,false,false,,,,,,false,false,true,,,false,false,false,false,false,-83.06442,42.36566,"{
  ""coordinates"": [
    -8.306442531099999e+01,
    4.236565741900010e+01
  ],
  ""type"": ""Point""
}","{
  ""coordinates"": [
    -83.064425311,
    42.365657419
  ],
  ""type"": ""Point""
}",-83.064425311,42.3656574190001
2553,1211340,OUTER,WADE,2017-11-27,27,11,2017,17,2,4,9,,2,0,,1,1,5,25,3,2,1,5,0,0,0,0,true,,false,false,true,false,false,,,,,,false,false,false,,,false,false,false,false,false,-82.96119,42.40868,"{
  ""coordinates"": [
    -8.296119278799991e+01,
    4.240867474400010e+01
  ],
  ""type"": ""Point""
}","{
  ""coordinates"": [
    -82.961192788,
    42.408674744
  ],
  ""type"": ""Point""
}",-82.9611927879999,42.4086747440001
2554,1211204,JOHN C LODGE S D,ELMHURST,2017-11-26,26,11,2017,2,1,1,9,,,1,,1,1,4,25,2,1,1,5,0,0,0,0,true,,false,false,false,false,false,,,,,,false,false,false,,,false,false,false,false,false,-83.10368,42.38942,"{
  ""coordinates"": [
    -8.310367286600000e+01,
    4.238942428200000e+01
  ],
  ""type"": ""Point""
}","{
  ""coordinates"": [
    -83.103672866,
    42.389424282
  ],
  ""type"": ""Point""
}",-83.103672866,42.389424282
2555,1211115,ALTER,KERCHEVAL,2017-11-26,26,11,2017,13,1,5,9,,4,0,,1,1,1,35,2,2,3,5,0,0,0,0,true,,false,false,false,false,false,,,,,,false,false,false,,,false,false,false,false,false,-82.94317,42.38038,"{
  ""coordinates"": [
    -8.294316500500000e+01,
    4.238038195700010e+01
  ],
  ""type"": ""Point""
}","{
  ""coordinates"": [
    -82.943165005,
    42.380381957
  ],
  ""type"": ""Point""
}",-82.943165005,42.3803819570001
2556,1211136,GREENVIEW,WARREN,2017-11-26,26,11,2017,0,1,5,9,,,0,,1,1,4,25,2,3,1,5,0,0,0,0,true,,false,false,false,false,false,,,,,,false,false,false,,,false,false,false,false,false,-83.22198,42.34335,"{
  ""coordinates"": [
    -8.322198370500000e+01,
    4.234335274300000e+01
  ],
  ""type"": ""Point""
}","{
  ""coordinates"": [
    -83.221983705,
    42.343352743
  ],
  ""type"": ""Point""
}",-83.221983705,42.343352743
2557,1210768,M 10,FOREST,2017-11-26,26,11,2017,18,1,5,3,,1,0,,1,2,5,55,3,2,2,5,0,0,0,0,true,,false,false,false,false,false,,,,,,false,true,false,,,false,false,false,false,false,-83.07235,42.35168,"{
  ""coordinates"": [
    -8.307235188600001e+01,
    4.235167773400010e+01
  ],
  ""type"": ""Point""
}","{
  ""coordinates"": [
    -83.072351886,
    42.351677734
  ],
  ""type"": ""Point""
}",-83.072351886,42.3516777340001
2558,1211242,GRATIOT,RUSSELL,2017-11-26,26,11,2017,15,1,5,3,,1,0,,1,1,1,35,4,2,2,5,0,0,0,0,true,,true,true,false,false,false,,,,,,false,false,true,,,false,false,false,false,false,-83.0387,42.34359,"{
  ""coordinates"": [
    -8.303870312899990e+01,
    4.234359078700000e+01
  ],
  ""type"": ""Point""
}","{
  ""coordinates"": [
    -83.038703129,
    42.343590787
  ],
  ""type"": ""Point""
}",-83.0387031289999,42.343590787
2559,1210796,N I 75,RAMP 216B,2017-11-26,26,11,2017,14,1,5,1,,1,0,,1,1,1,55,4,2,5,4,0,0,0,1,false,,false,false,false,false,false,,,,,,false,false,true,,,false,false,false,false,false,-83.05738,42.36737,"{
  ""coordinates"": [
    -8.305737929999999e+01,
    4.236737572100000e+01
  ],
  ""type"": ""Point""
}","{
  ""coordinates"": [
    -83.0573793,
    42.367375721
  ],
  ""type"": ""Point""
}",-83.0573793,42.367375721
2560,1211110,MACK,JOHN R,2017-11-26,26,11,2017,5,1,7,9,,4,0,,1,1,2,35,3,2,1,5,0,0,0,0,true,,false,false,false,false,false,,,,,,false,false,false,,,false,false,false,false,false,-83.05597,42.34841,"{
  ""coordinates"": [
    -8.305596733599999e+01,
    4.234840940700010e+01
  ],
  ""type"": ""Point""
}","{
  ""coordinates"": [
    -83.055967336,
    42.348409407
  ],
  ""type"": ""Point""
}",-83.055967336,42.3484094070001
2561,1211357,CONNER,PROMENADE,2017-11-26,26,11,2017,17,1,8,9,,4,0,,1,1,3,30,5,2,3,4,0,0,0,1,false,,false,false,false,false,false,,,,,,false,false,false,,,false,false,false,false,false,-82.99699,42.40452,"{
  ""coordinates"": [
    -8.299698384899990e+01,
    4.240451704100010e+01
  ],
  ""type"": ""Point""
}","{
  ""coordinates"": [
    -82.996983849,
    42.404517041
  ],
  ""type"": ""Point""
}",-82.9969838489999,42.4045170410001
2562,1211293,SEVEN MILE,FAUST,2017-11-26,26,11,2017,17,1,6,9,,2,0,,1,1,1,35,4,2,3,5,0,0,0,0,true,,false,false,false,false,false,,,,,,false,false,true,,,false,false,false,false,false,-83.2242,42.42993,"{
  ""coordinates"": [
    -8.322419676000000e+01,
    4.242992904300010e+01
  ],
  ""type"": ""Point""
}","{
  ""coordinates"": [
    -83.22419676,
    42.429929043
  ],
  ""type"": ""Point""
}",-83.22419676,42.4299290430001
2563,1211111,MOROSS,E I 94,2017-11-26,26,11,2017,13,1,5,9,,2,0,,1,1,1,35,3,2,2,5,0,0,0,0,true,,false,false,true,false,false,,,,,,false,false,false,,,false,false,false,false,false,-82.92842,42.42466,"{
  ""coordinates"": [
    -8.292842168000000e+01,
    4.242465686400000e+01
  ],
  ""type"": ""Point""
}","{
  ""coordinates"": [
    -82.92842168,
    42.424656864
  ],
  ""type"": ""Point""
}",-82.92842168,42.424656864
2564,1210823,E I 94,HARPER,2017-11-26,26,11,2017,0,1,1,1,,1,1,,1,1,5,55,3,1,1,4,0,0,0,1,false,,false,false,false,false,false,,,,,,false,false,false,,,false,false,false,false,false,-83.03174,42.38118,"{
  ""coordinates"": [
    -8.303173571500000e+01,
    4.238117680700000e+01
  ],
  ""type"": ""Point""
}","{
  ""coordinates"": [
    -83.031735715,
    42.381176807
  ],
  ""type"": ""Point""
}",-83.031735715,42.381176807
2565,1210797,I-94,TRUMBULL,2017-11-26,26,11,2017,10,1,8,1,,1,0,,1,1,1,55,3,2,1,5,0,0,0,0,true,,false,false,true,false,false,,,,,,false,false,false,,,false,false,false,false,false,-83.08016,42.3569,"{
  ""coordinates"": [
    -8.308016159300000e+01,
    4.235689628700000e+01
  ],
  ""type"": ""Point""
}","{
  ""coordinates"": [
    -83.080161593,
    42.356896287
  ],
  ""type"": ""Point""
}",-83.080161593,42.356896287
2566,1222298,GRATIOT,ROHNS,2017-11-26,26,11,2017,16,1,5,3,,1,0,,1,1,1,35,7,2,2,4,0,0,0,1,false,,false,false,false,false,false,,,,,,false,false,false,,,false,false,false,false,false,-83.00912,42.38724,"{
  ""coordinates"": [
    -8.300912109500000e+01,
    4.238724189200010e+01
  ],
  ""type"": ""Point""
}","{
  ""coordinates"": [
    -83.009121095,
    42.387241892
  ],
  ""type"": ""Point""
}",-83.009121095,42.3872418920001