ObjectId,Crash ID,Primary Road,Intersecting Road,Crash Date,Day,Month,Year,Hour,Weekday,Crash Type Code,Highway Classification Code,Community Code,Jurisdiction Code,Lane Departure Type Code,Surface Type,Road Condition,Weather Condition,Lighting Condition,Speed Limit,Lanes,Units,Occupants,Most Severe Injury,Fatal Injuries,Suspected Serious Injuries,Suspected Minor Injuries,Possible Injuries,Property Damage Only,Secondary Crash,Traffic Control,Red Light Run,Hit and Run,Alcohol,Drugs,Unbelted Person,Work Zone,Speeding Driver,Distracted Driver,Driveway,Pedestrian,Elderly Driver,Young Driver,Commercial Vehicle,Emergency Vehicles,Train,School Bus,Motorcycle,Bicycle,Deer,Longitude,Latitude,geom,geog,x,y
2738,1211173,WARWICK,ORANGELAWN,2017-11-22,22,11,2017,13,4,1,9,,,1,,1,2,1,25,1,1,1,3,0,0,1,0,false,,false,false,false,false,false,,,,,,false,false,false,,,false,false,false,false,false,-83.22761,42.36763,"{
  ""coordinates"": [
    -8.322760865100000e+01,
    4.236763139700000e+01
  ],
  ""type"": ""Point""
}","{
  ""coordinates"": [
    -83.227608651,
    42.367631397
  ],
  ""type"": ""Point""
}",-83.227608651,42.367631397
2739,1215320,I-96,JOY,2017-11-22,22,11,2017,17,4,8,1,,1,0,,1,1,3,55,4,2,3,5,0,0,0,0,true,,false,false,true,false,false,,,,,,false,true,false,,,false,false,false,false,false,-83.13564,42.366,"{
  ""coordinates"": [
    -8.313564543800000e+01,
    4.236600339700000e+01
  ],
  ""type"": ""Point""
}","{
  ""coordinates"": [
    -83.135645438,
    42.366003397
  ],
  ""type"": ""Point""
}",-83.135645438,42.366003397
2740,1210766,E I 94,SCOTTEN,2017-11-22,22,11,2017,15,4,5,1,,1,0,,1,1,1,70,3,2,2,5,0,0,0,0,true,,false,false,false,false,false,,,,,,false,false,true,,,false,false,false,false,false,-83.11062,42.34606,"{
  ""coordinates"": [
    -8.311062181800000e+01,
    4.234605759500000e+01
  ],
  ""type"": ""Point""
}","{
  ""coordinates"": [
    -83.110621818,
    42.346057595
  ],
  ""type"": ""Point""
}",-83.110621818,42.346057595
2741,1211512,8 MILE,RALSTON,2017-11-22,22,11,2017,12,4,8,3,,1,0,,1,1,1,0,5,2,1,5,0,0,0,0,true,,false,false,false,false,false,,,,,,false,false,false,,,false,false,false,false,false,-83.11839,42.44658,"{
  ""coordinates"": [
    -8.311839268800000e+01,
    4.244657709700000e+01
  ],
  ""type"": ""Point""
}","{
  ""coordinates"": [
    -83.118392688,
    42.446577097
  ],
  ""type"": ""Point""
}",-83.118392688,42.446577097
2742,1211296,KENTFIELD,HESSEL,2017-11-22,22,11,2017,16,4,4,9,,,0,,1,1,3,25,2,2,5,4,0,0,0,2,false,,false,false,false,false,false,,,,,,false,false,true,,,false,false,false,false,false,-83.24301,42.44208,"{
  ""coordinates"": [
    -8.324301434200000e+01,
    4.244208311100000e+01
  ],
  ""type"": ""Point""
}","{
  ""coordinates"": [
    -83.243014342,
    42.442083111
  ],
  ""type"": ""Point""
}",-83.243014342,42.442083111
2743,1238915,E M 1 SERVICE DRIVE,8 MILE,2017-11-22,22,11,2017,22,4,1,3,,1,0,,1,1,4,40,3,1,1,5,0,0,0,0,true,,false,false,false,true,true,,,,,,false,false,false,,,false,false,false,false,false,-83.1253,42.44653,"{
  ""coordinates"": [
    -8.312529509900000e+01,
    4.244652965200000e+01
  ],
  ""type"": ""Point""
}","{
  ""coordinates"": [
    -83.125295099,
    42.446529652
  ],
  ""type"": ""Point""
}",-83.125295099,42.446529652
2744,1211365,CONNER,SAINT PATRICK,2017-11-22,22,11,2017,13,4,4,9,,4,0,,1,1,1,30,4,2,2,5,0,0,0,0,true,,true,false,false,false,false,,,,,,false,true,false,,,false,false,false,false,false,-83.00361,42.40965,"{
  ""coordinates"": [
    -8.300361033300000e+01,
    4.240964843900010e+01
  ],
  ""type"": ""Point""
}","{
  ""coordinates"": [
    -83.003610333,
    42.409648439
  ],
  ""type"": ""Point""
}",-83.003610333,42.4096484390001
2745,1215402,PEMBROKE,GREENFIELD,2017-11-22,22,11,2017,14,4,5,9,,4,0,,1,1,1,35,2,2,3,5,0,0,0,0,true,,false,false,false,false,false,,,,,,false,false,false,,,false,false,false,false,false,-83.20017,42.43763,"{
  ""coordinates"": [
    -8.320017339299990e+01,
    4.243763076200000e+01
  ],
  ""type"": ""Point""
}","{
  ""coordinates"": [
    -83.200173393,
    42.437630762
  ],
  ""type"": ""Point""
}",-83.2001733929999,42.437630762
2746,1210910,RAMP 122B,RAMP 122I,2017-11-22,22,11,2017,18,4,5,1,,1,0,,1,1,4,60,3,2,5,5,0,0,0,0,true,,false,false,false,false,false,,,,,,false,false,false,,,false,false,false,false,false,-83.06496,42.33556,"{
  ""coordinates"": [
    -8.306495856500000e+01,
    4.233555870500000e+01
  ],
  ""type"": ""Point""
}","{
  ""coordinates"": [
    -83.064958565,
    42.335558705
  ],
  ""type"": ""Point""
}",-83.064958565,42.335558705
2747,1211418,DEQUINDRE,7 MILE,2017-11-22,22,11,2017,8,4,8,9,,4,0,,1,1,1,35,5,2,2,4,0,0,0,1,false,,false,false,false,false,false,,,,,,false,true,false,,,false,false,false,false,false,-83.08289,42.43291,"{
  ""coordinates"": [
    -8.308288978400000e+01,
    4.243290816400000e+01
  ],
  ""type"": ""Point""
}","{
  ""coordinates"": [
    -83.082889784,
    42.432908164
  ],
  ""type"": ""Point""
}",-83.082889784,42.432908164
2748,1210845,E/B M 8,WOODROW WILSON,2017-11-22,22,11,2017,11,4,4,3,,1,0,,1,2,1,35,3,2,2,3,0,0,1,0,false,,false,false,false,false,false,,,,,,false,false,false,,,false,false,false,false,false,-83.11107,42.39745,"{
  ""coordinates"": [
    -8.311106750899999e+01,
    4.239744940500000e+01
  ],
  ""type"": ""Point""
}","{
  ""coordinates"": [
    -83.111067509,
    42.397449405
  ],
  ""type"": ""Point""
}",-83.111067509,42.397449405
2749,1211497,LIVERNOIS,SAINT MARTINS,2017-11-22,22,11,2017,13,4,97,9,,4,0,,1,1,1,30,4,2,2,5,0,0,0,0,true,,false,false,false,false,false,,,,,,false,false,false,,,false,false,false,false,false,-83.14157,42.43696,"{
  ""coordinates"": [
    -8.314156879200000e+01,
    4.243695690400010e+01
  ],
  ""type"": ""Point""
}","{
  ""coordinates"": [
    -83.141568792,
    42.436956904
  ],
  ""type"": ""Point""
}",-83.141568792,42.4369569040001
2750,1211046,MICHIGAN,MARTIN,2017-11-22,22,11,2017,18,4,3,9,,4,0,,1,1,4,30,5,2,2,5,0,0,0,0,true,,false,false,false,false,false,,,,,,false,false,false,,,false,false,false,false,false,-83.23906,42.43499,"{
  ""coordinates"": [
    -8.323906167699990e+01,
    4.243499229900000e+01
  ],
  ""type"": ""Point""
}","{
  ""coordinates"": [
    -83.239061677,
    42.434992299
  ],
  ""type"": ""Point""
}",-83.2390616769999,42.434992299
2751,1211484,7 MILE,WISCONSIN,2017-11-22,22,11,2017,18,4,4,9,,2,0,,1,1,5,30,2,2,2,5,0,0,0,0,true,,false,false,false,false,false,,,,,,false,true,true,,,false,false,false,false,false,-83.1577,42.43139,"{
  ""coordinates"": [
    -8.315769677700000e+01,
    4.243138954700000e+01
  ],
  ""type"": ""Point""
}","{
  ""coordinates"": [
    -83.157696777,
    42.431389547
  ],
  ""type"": ""Point""
}",-83.157696777,42.431389547
2752,1211385,DAVISON,WILDEMERE,2017-11-22,22,11,2017,15,4,5,3,,1,0,,1,1,1,35,6,4,3,5,0,0,0,0,true,,false,false,false,false,false,,,,,,false,false,false,,,false,false,false,false,false,-83.12728,42.39108,"{
  ""coordinates"": [
    -8.312727841500001e+01,
    4.239107388400000e+01
  ],
  ""type"": ""Point""
}","{
  ""coordinates"": [
    -83.127278415,
    42.391073884
  ],
  ""type"": ""Point""
}",-83.127278415,42.391073884
2753,1211200,N M 39,E I 96,2017-11-22,22,11,2017,17,4,5,3,,1,0,,1,1,1,55,4,2,2,5,0,0,0,0,true,,false,false,false,false,false,,,,,,false,false,false,,,false,false,false,false,false,-83.2169,42.37865,"{
  ""coordinates"": [
    -8.321690739300000e+01,
    4.237864581300000e+01
  ],
  ""type"": ""Point""
}","{
  ""coordinates"": [
    -83.216907393,
    42.378645813
  ],
  ""type"": ""Point""
}",-83.216907393,42.378645813
2754,1248008,LARNED,WASHINGTON,2017-11-22,22,11,2017,18,4,8,9,,4,0,,1,1,4,25,4,2,2,5,0,0,0,0,true,,false,false,false,false,false,,,,,,false,false,false,,,false,false,false,false,false,-83.04853,42.32802,"{
  ""coordinates"": [
    -8.304853010799999e+01,
    4.232801900700010e+01
  ],
  ""type"": ""Point""
}","{
  ""coordinates"": [
    -83.048530108,
    42.328019007
  ],
  ""type"": ""Point""
}",-83.048530108,42.3280190070001
2755,1211515,LIVERNOIS,PEMBROKE,2017-11-22,22,11,2017,21,4,98,9,,4,0,,1,1,4,30,2,2,0,5,0,0,0,0,true,,false,false,true,false,false,,,,,,false,false,false,,,false,false,false,false,false,-83.14162,42.43857,"{
  ""coordinates"": [
    -8.314162480600000e+01,
    4.243856827400000e+01
  ],
  ""type"": ""Point""
}","{
  ""coordinates"": [
    -83.141624806,
    42.438568274
  ],
  ""type"": ""Point""
}",-83.141624806,42.438568274
2756,1211240,GRATIOT,RUSSELL,2017-11-22,22,11,2017,16,4,8,7,,1,0,,1,1,1,30,3,2,3,5,0,0,0,0,true,,false,false,false,false,false,,,,,,false,false,true,,,false,false,false,false,false,-83.03864,42.34547,"{
  ""coordinates"": [
    -8.303864522299990e+01,
    4.234546586000000e+01
  ],
  ""type"": ""Point""
}","{
  ""coordinates"": [
    -83.038645223,
    42.34546586
  ],
  ""type"": ""Point""
}",-83.0386452229999,42.34546586
2757,1210784,I-75,HOLBROOK,2017-11-22,22,11,2017,8,4,8,1,,1,0,,1,2,1,70,4,2,3,5,0,0,0,0,true,,false,false,false,false,false,,,,,,false,false,false,,,false,false,false,false,false,-83.06919,42.38774,"{
  ""coordinates"": [
    -8.306919258399989e+01,
    4.238773595600000e+01
  ],
  ""type"": ""Point""
}","{
  ""coordinates"": [
    -83.069192584,
    42.387735956
  ],
  ""type"": ""Point""
}",-83.0691925839999,42.387735956
2758,1211513,PURITAN,WARD,2017-11-22,22,11,2017,18,4,4,9,,4,0,,1,1,4,30,5,2,2,4,0,0,0,1,false,,false,false,false,false,false,,,,,,false,false,false,,,false,false,false,false,false,-83.17406,42.40946,"{
  ""coordinates"": [
    -8.317406017600000e+01,
    4.240945926700000e+01
  ],
  ""type"": ""Point""
}","{
  ""coordinates"": [
    -83.174060176,
    42.409459267
  ],
  ""type"": ""Point""
}",-83.174060176,42.409459267
2759,1210848,I-94,CONNER,2017-11-22,22,11,2017,5,4,8,1,,1,0,,1,1,4,55,3,2,1,5,0,0,0,0,true,,false,false,true,false,false,,,,,,false,false,false,,,false,false,false,false,false,-82.99035,42.39452,"{
  ""coordinates"": [
    -8.299034891299991e+01,
    4.239451523000000e+01
  ],
  ""type"": ""Point""
}","{
  ""coordinates"": [
    -82.990348913,
    42.39451523
  ],
  ""type"": ""Point""
}",-82.9903489129999,42.39451523
2760,1211036,DIX,CENTRAL,2017-11-22,22,11,2017,17,4,4,9,,4,0,,1,1,4,30,3,2,1,4,0,0,0,1,false,,true,true,true,false,false,,,,,,false,false,true,,,false,false,false,false,false,-83.12758,42.31716,"{
  ""coordinates"": [
    -8.312757991900000e+01,
    4.231716000000010e+01
  ],
  ""type"": ""Point""
}","{
  ""coordinates"": [
    -83.127579919,
    42.31716
  ],
  ""type"": ""Point""
}",-83.127579919,42.3171600000001
2761,1210854,S M 10,RAMP 215G,2017-11-22,22,11,2017,16,4,5,3,,1,0,,1,2,1,55,4,2,3,4,0,0,0,1,false,,false,false,false,false,false,,,,,,false,true,false,,,false,false,false,false,false,-83.07864,42.3624,"{
  ""coordinates"": [
    -8.307864580200000e+01,
    4.236239729700000e+01
  ],
  ""type"": ""Point""
}","{
  ""coordinates"": [
    -83.078645802,
    42.362397297
  ],
  ""type"": ""Point""
}",-83.078645802,42.362397297
2762,1210782,I-94,LIVERNOIS,2017-11-22,22,11,2017,16,4,5,1,,1,0,,1,1,4,55,3,3,4,4,0,0,0,1,false,,false,false,false,false,false,,,,,,false,false,false,,,false,false,false,false,false,-83.12428,42.33771,"{
  ""coordinates"": [
    -8.312427998399990e+01,
    4.233770928000010e+01
  ],
  ""type"": ""Point""
}","{
  ""coordinates"": [
    -83.124279984,
    42.33770928
  ],
  ""type"": ""Point""
}",-83.1242799839999,42.3377092800001
2763,1210853,RAMP 047A,MEADE,2017-11-22,22,11,2017,15,4,5,1,,1,0,,1,2,1,55,2,2,6,5,0,0,0,0,true,,false,false,false,false,false,,,,,,false,false,true,,,false,false,false,false,false,-83.07646,42.40705,"{
  ""coordinates"": [
    -8.307645847100000e+01,
    4.240705279900000e+01
  ],
  ""type"": ""Point""
}","{
  ""coordinates"": [
    -83.076458471,
    42.407052799
  ],
  ""type"": ""Point""
}",-83.076458471,42.407052799
2764,1210763,I-94,LIVERNOIS,2017-11-22,22,11,2017,10,4,5,1,,1,0,,1,1,1,70,3,2,2,5,0,0,0,0,true,,false,false,false,false,false,,,,,,false,false,true,,,false,false,false,false,false,-83.14276,42.33175,"{
  ""coordinates"": [
    -8.314276419799999e+01,
    4.233175207200000e+01
  ],
  ""type"": ""Point""
}","{
  ""coordinates"": [
    -83.142764198,
    42.331752072
  ],
  ""type"": ""Point""
}",-83.142764198,42.331752072
2765,1210801,W I 96,SOUTHFIELD SERVICE DRIVE,2017-11-22,22,11,2017,4,4,5,1,,1,0,,1,1,4,70,3,2,2,5,0,0,0,0,true,,false,false,false,false,false,,,,,,false,false,false,,,false,false,false,false,false,-83.21655,42.37881,"{
  ""coordinates"": [
    -8.321655296599990e+01,
    4.237881160900000e+01
  ],
  ""type"": ""Point""
}","{
  ""coordinates"": [
    -83.216552966,
    42.378811609
  ],
  ""type"": ""Point""
}",-83.2165529659999,42.378811609
2766,1211362,KELLY,TROESTER,2017-11-22,22,11,2017,12,4,6,9,,4,0,,1,1,1,30,2,2,6,5,0,0,0,0,true,,false,false,false,false,false,,,,,,false,false,true,,,false,false,false,false,false,-82.95939,42.42622,"{
  ""coordinates"": [
    -8.295938568500000e+01,
    4.242622291300010e+01
  ],
  ""type"": ""Point""
}","{
  ""coordinates"": [
    -82.959385685,
    42.426222913
  ],
  ""type"": ""Point""
}",-82.959385685,42.4262229130001
2767,1211039,CICOTTE,GLADYS,2017-11-22,22,11,2017,11,4,4,9,,,0,,1,2,1,25,2,2,3,5,0,0,0,0,true,,false,false,false,false,false,,,,,,false,false,true,,,false,false,false,false,false,-83.12933,42.33908,"{
  ""coordinates"": [
    -8.312933191000000e+01,
    4.233908642700000e+01
  ],
  ""type"": ""Point""
}","{
  ""coordinates"": [
    -83.12933191,
    42.339086427
  ],
  ""type"": ""Point""
}",-83.12933191,42.339086427
2768,1211262,8 MILE,OAKFIELD,2017-11-22,22,11,2017,5,4,5,3,,1,0,,1,1,4,40,4,3,2,5,0,0,0,0,true,,false,false,true,false,false,,,,,,false,false,false,,,false,false,false,false,false,-83.21604,42.44427,"{
  ""coordinates"": [
    -8.321603798300001e+01,
    4.244426896200010e+01
  ],
  ""type"": ""Point""
}","{
  ""coordinates"": [
    -83.216037983,
    42.444268962
  ],
  ""type"": ""Point""
}",-83.216037983,42.4442689620001
2769,1211153,EVERGREEN,FORD,2017-11-22,22,11,2017,7,4,5,9,,4,0,,1,1,1,25,3,2,1,5,0,0,0,0,true,,false,false,false,false,false,,,,,,false,false,true,,,false,false,false,false,false,-83.23862,42.42456,"{
  ""coordinates"": [
    -8.323861563900000e+01,
    4.242456076600010e+01
  ],
  ""type"": ""Point""
}","{
  ""coordinates"": [
    -83.238615639,
    42.424560766
  ],
  ""type"": ""Point""
}",-83.238615639,42.4245607660001
2770,1218066,N I 75 SERVICE DRIVE,FERRY,2017-11-22,22,11,2017,12,4,97,9,,4,0,,1,1,1,25,3,2,2,5,0,0,0,0,true,,false,false,false,false,false,,,,,,false,false,true,,,false,false,false,false,false,-83.05573,42.36516,"{
  ""coordinates"": [
    -8.305572276299991e+01,
    4.236516286700000e+01
  ],
  ""type"": ""Point""
}","{
  ""coordinates"": [
    -83.055722763,
    42.365162867
  ],
  ""type"": ""Point""
}",-83.0557227629999,42.365162867
2771,1303536,PREST,PEMBROKE,2017-11-22,22,11,2017,9,4,98,9,,,0,,98,98,98,25,2,2,0,5,0,0,0,0,true,,false,false,true,false,false,,,,,,false,false,false,,,false,false,false,false,false,-83.19897,42.43746,"{
  ""coordinates"": [
    -8.319897092500000e+01,
    4.243746100100000e+01
  ],
  ""type"": ""Point""
}","{
  ""coordinates"": [
    -83.198970925,
    42.437461001
  ],
  ""type"": ""Point""
}",-83.198970925,42.437461001
2772,1211350,MCNICHOLS,GUNSTON,2017-11-22,22,11,2017,16,4,5,3,,4,0,,1,1,1,40,2,2,3,4,0,0,0,1,false,,false,false,false,false,false,,,,,,false,false,true,,,false,false,false,false,false,-83.00308,42.42028,"{
  ""coordinates"": [
    -8.300308476799999e+01,
    4.242027681500010e+01
  ],
  ""type"": ""Point""
}","{
  ""coordinates"": [
    -83.003084768,
    42.420276815
  ],
  ""type"": ""Point""
}",-83.003084768,42.4202768150001
2773,1211469,MEYERS,CAMBRIDGE,2017-11-22,22,11,2017,8,4,4,9,,4,0,,1,1,1,30,3,2,3,4,0,0,0,1,false,,true,false,false,false,false,,,,,,false,false,false,,,false,false,false,false,false,-83.17077,42.43303,"{
  ""coordinates"": [
    -8.317076918700000e+01,
    4.243302700300010e+01
  ],
  ""type"": ""Point""
}","{
  ""coordinates"": [
    -83.170769187,
    42.433027003
  ],
  ""type"": ""Point""
}",-83.170769187,42.4330270030001
2774,1211358,HOOVER,8 MILE,2017-11-22,22,11,2017,15,4,1,9,,4,1,,1,1,1,30,2,1,1,5,0,0,0,0,true,,false,false,true,false,false,,,,,,false,false,false,,,false,false,false,false,false,-83.00516,42.4472,"{
  ""coordinates"": [
    -8.300515500700000e+01,
    4.244720589000010e+01
  ],
  ""type"": ""Point""
}","{
  ""coordinates"": [
    -83.005155007,
    42.44720589
  ],
  ""type"": ""Point""
}",-83.005155007,42.4472058900001
2775,1211020,FORT,SPRINGWELLS,2017-11-22,22,11,2017,11,4,5,3,,1,0,,1,1,1,35,2,2,3,5,0,0,0,0,true,,false,false,false,false,false,,,,,,false,false,false,,,false,false,false,false,false,-83.11919,42.3002,"{
  ""coordinates"": [
    -8.311919744900000e+01,
    4.230019984700000e+01
  ],
  ""type"": ""Point""
}","{
  ""coordinates"": [
    -83.119197449,
    42.300199847
  ],
  ""type"": ""Point""
}",-83.119197449,42.300199847
2776,1211163,GREENFIELD,MACKENZIE,2017-11-22,22,11,2017,22,4,6,9,,2,0,,1,1,4,35,2,2,2,4,0,0,0,1,false,,false,false,false,false,false,,,,,,false,false,false,,,false,false,false,false,false,-83.19687,42.35556,"{
  ""coordinates"": [
    -8.319686918699990e+01,
    4.235556173000000e+01
  ],
  ""type"": ""Point""
}","{
  ""coordinates"": [
    -83.196869187,
    42.35556173
  ],
  ""type"": ""Point""
}",-83.1968691869999,42.35556173
2777,1211202,WARREN,WINTHROP,2017-11-22,22,11,2017,18,4,4,9,,2,0,,2,4,4,30,4,2,3,5,0,0,0,0,true,,false,false,false,false,false,,,,,,false,false,false,,,false,false,false,false,false,-83.19746,42.34365,"{
  ""coordinates"": [
    -8.319746761399990e+01,
    4.234365589000000e+01
  ],
  ""type"": ""Point""
}","{
  ""coordinates"": [
    -83.197467614,
    42.34365589
  ],
  ""type"": ""Point""
}",-83.1974676139999,42.34365589
2778,1210943,JOHN R,FARNSWORTH,2017-11-22,22,11,2017,14,4,6,9,,4,0,,1,1,1,25,3,2,3,5,0,0,0,0,true,,false,false,false,false,false,,,,,,false,false,false,,,false,false,false,false,false,-83.06302,42.359,"{
  ""coordinates"": [
    -8.306301916699989e+01,
    4.235900567100000e+01
  ],
  ""type"": ""Point""
}","{
  ""coordinates"": [
    -83.063019167,
    42.359005671
  ],
  ""type"": ""Point""
}",-83.0630191669999,42.359005671
2779,1210850,I-96,M-39,2017-11-22,22,11,2017,18,4,1,1,,1,0,,1,1,4,55,3,1,1,5,0,0,0,0,true,,false,false,false,false,false,,,,,,false,false,false,,,false,false,false,false,false,-83.2268,42.37787,"{
  ""coordinates"": [
    -8.322679929600000e+01,
    4.237787378700010e+01
  ],
  ""type"": ""Point""
}","{
  ""coordinates"": [
    -83.226799296,
    42.377873787
  ],
  ""type"": ""Point""
}",-83.226799296,42.3778737870001
2780,1210859,I-94,VAN DYKE,2017-11-22,22,11,2017,23,4,5,1,,1,0,,1,1,4,55,3,2,2,4,0,0,0,1,false,,false,false,false,false,false,,,,,,false,false,false,,,false,false,false,false,false,-83.01154,42.38969,"{
  ""coordinates"": [
    -8.301153646700000e+01,
    4.238968955000010e+01
  ],
  ""type"": ""Point""
}","{
  ""coordinates"": [
    -83.011536467,
    42.38968955
  ],
  ""type"": ""Point""
}",-83.011536467,42.3896895500001
2781,1238840,CASS,SPROAT,2017-11-22,22,11,2017,18,4,10,9,,4,0,,1,1,4,25,2,2,3,5,0,0,0,0,true,,true,false,false,false,false,,,,,,false,true,false,,,false,false,false,false,false,-83.05801,42.34072,"{
  ""coordinates"": [
    -8.305801640000000e+01,
    4.234072182100000e+01
  ],
  ""type"": ""Point""
}","{
  ""coordinates"": [
    -83.0580164,
    42.340721821
  ],
  ""type"": ""Point""
}",-83.0580164,42.340721821
2782,1210605,W I 96,MEYERS,2017-11-22,22,11,2017,12,4,97,1,,1,0,,1,1,1,70,3,2,2,5,0,0,0,0,true,,false,false,false,false,false,,,,,,false,false,false,,,false,false,false,false,false,-83.16679,42.38542,"{
  ""coordinates"": [
    -8.316678519700000e+01,
    4.238541744700010e+01
  ],
  ""type"": ""Point""
}","{
  ""coordinates"": [
    -83.166785197,
    42.385417447
  ],
  ""type"": ""Point""
}",-83.166785197,42.3854174470001
2783,1210764,I-96,GRAND,2017-11-22,22,11,2017,14,4,5,1,,1,0,,1,1,1,70,4,2,2,5,0,0,0,0,true,,false,false,false,false,false,,,,,,false,false,false,,,false,false,false,false,false,-83.10184,42.35225,"{
  ""coordinates"": [
    -8.310183628100000e+01,
    4.235224807500000e+01
  ],
  ""type"": ""Point""
}","{
  ""coordinates"": [
    -83.101836281,
    42.352248075
  ],
  ""type"": ""Point""
}",-83.101836281,42.352248075
2784,1210729,RAMP 215C,E I 94,2017-11-22,22,11,2017,14,4,1,1,,1,1,,1,1,1,55,1,1,1,4,0,0,0,1,false,,false,false,false,false,false,,,,,,false,false,false,,,false,false,false,false,false,-83.07487,42.35755,"{
  ""coordinates"": [
    -8.307487580700000e+01,
    4.235754665900000e+01
  ],
  ""type"": ""Point""
}","{
  ""coordinates"": [
    -83.074875807,
    42.357546659
  ],
  ""type"": ""Point""
}",-83.074875807,42.357546659
2785,1211499,JAMES COUZENS,7 MILE,2017-11-22,22,11,2017,18,4,5,9,,4,0,,1,1,4,30,1,2,2,5,0,0,0,0,true,,false,false,false,false,false,,,,,,false,false,false,,,false,false,false,false,false,-83.18659,42.43082,"{
  ""coordinates"": [
    -8.318659527599991e+01,
    4.243081797100010e+01
  ],
  ""type"": ""Point""
}","{
  ""coordinates"": [
    -83.186595276,
    42.430817971
  ],
  ""type"": ""Point""
}",-83.1865952759999,42.4308179710001
2786,1210847,I-94,M-10,2017-11-22,22,11,2017,0,4,1,1,,1,1,,1,1,4,55,3,1,2,3,0,0,1,0,false,,false,false,false,false,false,,,,,,false,false,true,,,false,false,false,false,false,-83.0795,42.3569,"{
  ""coordinates"": [
    -8.307949822099989e+01,
    4.235689605100000e+01
  ],
  ""type"": ""Point""
}","{
  ""coordinates"": [
    -83.079498221,
    42.356896051
  ],
  ""type"": ""Point""
}",-83.0794982209999,42.356896051
2787,1211307,HAYES,SPRING GARDEN,2017-11-22,22,11,2017,21,4,4,9,,4,0,,1,1,4,35,2,2,3,4,0,0,0,2,false,,false,false,false,false,false,,,,,,false,true,true,,,false,false,false,false,false,-82.96529,42.42791,"{
  ""coordinates"": [
    -8.296528493400000e+01,
    4.242790949500010e+01
  ],
  ""type"": ""Point""
}","{
  ""coordinates"": [
    -82.965284934,
    42.427909495
  ],
  ""type"": ""Point""
}",-82.965284934,42.4279094950001
2788,1211168,PLYMOUTH,MINOCK,2017-11-22,22,11,2017,6,4,9,9,,4,0,,1,1,4,35,7,2,2,5,0,0,0,0,true,,false,false,false,false,false,,,,,,false,false,false,,,false,false,false,false,false,-83.23241,42.37196,"{
  ""coordinates"": [
    -8.323241771499990e+01,
    4.237195909200010e+01
  ],
  ""type"": ""Point""
}","{
  ""coordinates"": [
    -83.232417715,
    42.371959092
  ],
  ""type"": ""Point""
}",-83.2324177149999,42.3719590920001
2789,1211438,CONANT,OUTER,2017-11-22,22,11,2017,13,4,5,9,,4,0,,1,1,1,35,2,2,3,4,0,0,0,1,false,,false,false,false,false,false,,,,,,false,false,false,,,false,false,false,false,false,-83.07898,42.44032,"{
  ""coordinates"": [
    -8.307897957700000e+01,
    4.244031381500000e+01
  ],
  ""type"": ""Point""
}","{
  ""coordinates"": [
    -83.078979577,
    42.440313815
  ],
  ""type"": ""Point""
}",-83.078979577,42.440313815
2790,1211033,W I 94,ADDISON,2017-11-22,22,11,2017,12,4,5,1,,1,0,,1,2,1,55,3,2,2,5,0,0,0,0,true,,false,false,true,false,false,,,,,,false,false,false,,,false,false,false,false,false,-83.151,42.33019,"{
  ""coordinates"": [
    -8.315100287300000e+01,
    4.233019034000010e+01
  ],
  ""type"": ""Point""
}","{
  ""coordinates"": [
    -83.151002873,
    42.33019034
  ],
  ""type"": ""Point""
}",-83.151002873,42.3301903400001
2791,1210739,I-94,GRANDRIVER,2017-11-22,22,11,2017,18,4,1,1,,1,0,,1,1,4,70,3,1,2,5,0,0,0,0,true,,false,false,false,false,false,,,,,,false,false,true,,,false,false,false,false,false,-83.11314,42.34496,"{
  ""coordinates"": [
    -8.311313728099999e+01,
    4.234495867800010e+01
  ],
  ""type"": ""Point""
}","{
  ""coordinates"": [
    -83.113137281,
    42.344958678
  ],
  ""type"": ""Point""
}",-83.113137281,42.3449586780001
2792,1234940,MACK,BERKSHIRE,2017-11-22,22,11,2017,17,4,3,9,,2,0,,1,1,1,30,4,2,1,5,0,0,0,0,true,,false,false,true,false,false,,,,,,false,true,false,,,false,false,false,false,false,-82.93738,42.38925,"{
  ""coordinates"": [
    -8.293737840400000e+01,
    4.238925155800010e+01
  ],
  ""type"": ""Point""
}","{
  ""coordinates"": [
    -82.937378404,
    42.389251558
  ],
  ""type"": ""Point""
}",-82.937378404,42.3892515580001
2793,1211413,MAINE,ROBINWOOD,2017-11-22,22,11,2017,10,4,8,9,,,0,,1,2,1,25,2,2,0,5,0,0,0,0,true,,false,false,false,false,false,,,,,,false,false,false,,,false,false,false,false,false,-83.07594,42.43105,"{
  ""coordinates"": [
    -8.307593969999991e+01,
    4.243104998500010e+01
  ],
  ""type"": ""Point""
}","{
  ""coordinates"": [
    -83.0759397,
    42.431049985
  ],
  ""type"": ""Point""
}",-83.0759396999999,42.4310499850001
2794,1211327,CADIEUX,BRITAIN,2017-11-22,22,11,2017,18,4,97,9,,4,0,,1,1,5,30,2,2,1,2,0,1,0,0,false,,false,false,false,false,false,,,,,,true,false,false,,,false,false,false,false,false,-82.93806,42.41862,"{
  ""coordinates"": [
    -8.293806749500000e+01,
    4.241862613900000e+01
  ],
  ""type"": ""Point""
}","{
  ""coordinates"": [
    -82.938067495,
    42.418626139
  ],
  ""type"": ""Point""
}",-82.938067495,42.418626139