ObjectId,Crash ID,Primary Road,Intersecting Road,Crash Date,Day,Month,Year,Hour,Weekday,Crash Type Code,Highway Classification Code,Community Code,Jurisdiction Code,Lane Departure Type Code,Surface Type,Road Condition,Weather Condition,Lighting Condition,Speed Limit,Lanes,Units,Occupants,Most Severe Injury,Fatal Injuries,Suspected Serious Injuries,Suspected Minor Injuries,Possible Injuries,Property Damage Only,Secondary Crash,Traffic Control,Red Light Run,Hit and Run,Alcohol,Drugs,Unbelted Person,Work Zone,Speeding Driver,Distracted Driver,Driveway,Pedestrian,Elderly Driver,Young Driver,Commercial Vehicle,Emergency Vehicles,Train,School Bus,Motorcycle,Bicycle,Deer,Longitude,Latitude,geom,geog,x,y
2795,1211277,PARKWAY,MIDLAND,2017-11-22,22,11,2017,21,4,4,9,,,0,,1,1,4,30,4,2,4,3,0,0,1,0,false,,true,false,false,false,false,,,,,,false,false,true,,,false,false,false,false,false,-83.26683,42.40385,"{
  ""coordinates"": [
    -8.326683363700000e+01,
    4.240385445400010e+01
  ],
  ""type"": ""Point""
}","{
  ""coordinates"": [
    -83.266833637,
    42.403854454
  ],
  ""type"": ""Point""
}",-83.266833637,42.4038544540001
2796,1211291,7 MILE,HUNTINGTON,2017-11-22,22,11,2017,16,4,5,9,,2,0,,1,1,1,35,4,2,3,5,0,0,0,0,true,,false,false,false,false,false,,,,,,false,false,false,,,false,false,false,false,false,-83.2333,42.42973,"{
  ""coordinates"": [
    -8.323329787400000e+01,
    4.242973025400000e+01
  ],
  ""type"": ""Point""
}","{
  ""coordinates"": [
    -83.233297874,
    42.429730254
  ],
  ""type"": ""Point""
}",-83.233297874,42.429730254
2797,1211182,S I 75,SPRINGWELLS,2017-11-22,22,11,2017,12,4,97,1,,1,0,,1,1,1,25,3,2,2,5,0,0,0,0,true,,false,false,false,false,false,,,,,,false,false,true,,,false,false,false,false,false,-83.11938,42.30155,"{
  ""coordinates"": [
    -8.311938066000000e+01,
    4.230155262400010e+01
  ],
  ""type"": ""Point""
}","{
  ""coordinates"": [
    -83.11938066,
    42.301552624
  ],
  ""type"": ""Point""
}",-83.11938066,42.3015526240001
2798,1210708,M 39,8 MILE,2017-11-22,22,11,2017,2,4,8,3,,1,0,,1,1,5,55,3,2,2,5,0,0,0,0,true,,false,false,true,false,false,,,,,,false,false,false,,,false,false,false,false,false,-83.21964,42.44363,"{
  ""coordinates"": [
    -8.321963800799990e+01,
    4.244362868600010e+01
  ],
  ""type"": ""Point""
}","{
  ""coordinates"": [
    -83.219638008,
    42.443628686
  ],
  ""type"": ""Point""
}",-83.2196380079999,42.4436286860001
2799,1210811,M-39,SCHOOLCRAFT,2017-11-22,22,11,2017,15,4,5,3,,1,0,,1,2,1,55,3,4,8,5,0,0,0,0,true,,false,false,false,false,false,,,,,,false,true,false,,,false,false,false,false,false,-83.21778,42.38816,"{
  ""coordinates"": [
    -8.321777926399990e+01,
    4.238816505400010e+01
  ],
  ""type"": ""Point""
}","{
  ""coordinates"": [
    -83.217779264,
    42.388165054
  ],
  ""type"": ""Point""
}",-83.2177792639999,42.3881650540001
2800,1210957,WOODWARD,PHILADELPHIA,2017-11-22,22,11,2017,16,4,1,3,,1,0,,1,1,3,35,4,2,2,5,0,0,0,0,true,,false,false,false,false,false,,,,,,false,false,false,,,false,false,false,true,false,-83.07845,42.37795,"{
  ""coordinates"": [
    -8.307845463699989e+01,
    4.237794757200000e+01
  ],
  ""type"": ""Point""
}","{
  ""coordinates"": [
    -83.078454637,
    42.377947572
  ],
  ""type"": ""Point""
}",-83.0784546369999,42.377947572
2801,1211408,EWALD,CORTLAND,2017-11-22,22,11,2017,12,4,8,9,,4,3,,1,1,1,30,2,2,0,5,0,0,0,0,true,,false,false,true,false,false,,,,,,false,false,false,,,false,false,false,false,false,-83.14511,42.37952,"{
  ""coordinates"": [
    -8.314510892800000e+01,
    4.237951783700000e+01
  ],
  ""type"": ""Point""
}","{
  ""coordinates"": [
    -83.145108928,
    42.379517837
  ],
  ""type"": ""Point""
}",-83.145108928,42.379517837
2802,1211109,RAMP 217G,W I 94,2017-11-22,22,11,2017,22,4,5,1,,1,0,,2,4,4,55,1,2,3,5,0,0,0,0,true,,false,false,false,false,false,,,,,,false,true,false,,,false,false,false,false,false,-83.03256,42.38058,"{
  ""coordinates"": [
    -8.303256515299999e+01,
    4.238058515300000e+01
  ],
  ""type"": ""Point""
}","{
  ""coordinates"": [
    -83.032565153,
    42.380585153
  ],
  ""type"": ""Point""
}",-83.032565153,42.380585153
2803,1214322,PLAINVIEW,LYNDON,2017-11-22,22,11,2017,20,4,2,9,,,2,,1,1,4,25,2,4,0,5,0,0,0,0,true,,false,false,true,false,false,,,,,,false,false,false,,,false,false,false,false,false,-83.23598,42.39391,"{
  ""coordinates"": [
    -8.323598099600000e+01,
    4.239391496600010e+01
  ],
  ""type"": ""Point""
}","{
  ""coordinates"": [
    -83.235980996,
    42.393914966
  ],
  ""type"": ""Point""
}",-83.235980996,42.3939149660001
2804,1274040,MCNICHOLS,GREENFIELD,2017-11-22,22,11,2017,18,4,8,9,,2,0,,1,1,1,35,4,2,1,4,0,0,0,1,false,,false,false,true,false,false,,,,,,false,false,false,,,false,false,false,false,false,-83.19913,42.416,"{
  ""coordinates"": [
    -8.319913606999999e+01,
    4.241599531800010e+01
  ],
  ""type"": ""Point""
}","{
  ""coordinates"": [
    -83.19913607,
    42.415995318
  ],
  ""type"": ""Point""
}",-83.19913607,42.4159953180001
2805,1211494,MCNICHOLS,SCHAEFER,2017-11-21,21,11,2017,15,3,3,9,,2,0,,1,2,1,30,4,2,3,5,0,0,0,0,true,,false,false,false,false,false,,,,,,false,true,false,,,false,false,false,false,false,-83.17959,42.41659,"{
  ""coordinates"": [
    -8.317958839100000e+01,
    4.241659150100000e+01
  ],
  ""type"": ""Point""
}","{
  ""coordinates"": [
    -83.179588391,
    42.416591501
  ],
  ""type"": ""Point""
}",-83.179588391,42.416591501
2806,1211434,7 MILE,HEALY,2017-11-21,21,11,2017,15,3,6,9,,4,0,,1,1,1,35,4,2,2,5,0,0,0,0,true,,false,false,false,false,false,,,,,,false,true,false,,,false,false,false,false,false,-83.05547,42.4333,"{
  ""coordinates"": [
    -8.305547599399991e+01,
    4.243330288100000e+01
  ],
  ""type"": ""Point""
}","{
  ""coordinates"": [
    -83.055475994,
    42.433302881
  ],
  ""type"": ""Point""
}",-83.0554759939999,42.433302881
2807,1210989,S M 10,W M 8,2017-11-21,21,11,2017,8,3,5,3,,1,0,,1,1,1,55,3,2,2,5,0,0,0,0,true,,false,false,false,false,false,,,,,,false,true,false,,,false,false,false,false,false,-83.11069,42.39818,"{
  ""coordinates"": [
    -8.311068718999999e+01,
    4.239818094100010e+01
  ],
  ""type"": ""Point""
}","{
  ""coordinates"": [
    -83.11068719,
    42.398180941
  ],
  ""type"": ""Point""
}",-83.11068719,42.3981809410001
2808,1210826,I-94,M-10,2017-11-21,21,11,2017,19,3,8,1,,1,0,,2,4,4,55,3,2,2,5,0,0,0,0,true,,false,false,false,false,false,,,,,,false,false,false,,,false,false,false,false,false,-83.07965,42.35725,"{
  ""coordinates"": [
    -8.307965124499999e+01,
    4.235725456700000e+01
  ],
  ""type"": ""Point""
}","{
  ""coordinates"": [
    -83.079651245,
    42.357254567
  ],
  ""type"": ""Point""
}",-83.079651245,42.357254567
2809,1211019,TARNOW,MICHIGAN,2017-11-21,21,11,2017,22,3,8,2,,,0,,2,4,4,25,2,2,0,5,0,0,0,0,true,,false,false,true,false,false,,,,,,false,false,false,,,false,false,false,false,false,-83.13458,42.33129,"{
  ""coordinates"": [
    -8.313458299599991e+01,
    4.233128760800000e+01
  ],
  ""type"": ""Point""
}","{
  ""coordinates"": [
    -83.134582996,
    42.331287608
  ],
  ""type"": ""Point""
}",-83.1345829959999,42.331287608
2810,1211351,LAKEPOINTE,COURVILLE,2017-11-21,21,11,2017,2,3,5,9,,,0,,1,1,4,25,1,2,1,5,0,0,0,0,true,,false,false,false,false,false,,,,,,false,false,true,,,false,false,false,false,false,-82.95576,42.41558,"{
  ""coordinates"": [
    -8.295576159900000e+01,
    4.241557771100000e+01
  ],
  ""type"": ""Point""
}","{
  ""coordinates"": [
    -82.955761599,
    42.415577711
  ],
  ""type"": ""Point""
}",-82.955761599,42.415577711
2811,1215307,N/B M-10,DAVISON,2017-11-21,21,11,2017,18,3,5,3,,1,0,,2,4,4,55,3,3,5,4,0,0,0,1,false,,false,false,false,false,false,,,,,,false,true,false,,,false,false,false,false,false,-83.10961,42.39818,"{
  ""coordinates"": [
    -8.310961335000000e+01,
    4.239817965100010e+01
  ],
  ""type"": ""Point""
}","{
  ""coordinates"": [
    -83.10961335,
    42.398179651
  ],
  ""type"": ""Point""
}",-83.10961335,42.3981796510001
2812,1211209,SCHOOLCRAFT,BURT,2017-11-21,21,11,2017,22,3,4,9,,4,0,,2,1,4,30,4,2,1,5,0,0,0,0,true,,false,false,true,false,false,,,,,,false,false,false,,,false,false,false,false,false,-83.24664,42.385,"{
  ""coordinates"": [
    -8.324663242000000e+01,
    4.238499877100000e+01
  ],
  ""type"": ""Point""
}","{
  ""coordinates"": [
    -83.24663242,
    42.384998771
  ],
  ""type"": ""Point""
}",-83.24663242,42.384998771
2813,1211482,MCNICHOLS,STOEPEL,2017-11-21,21,11,2017,11,3,8,9,,4,0,,1,1,1,25,2,2,2,5,0,0,0,0,true,,false,false,false,false,false,,,,,,false,false,false,,,false,false,false,false,false,-83.14204,42.41715,"{
  ""coordinates"": [
    -8.314204749899990e+01,
    4.241714832200010e+01
  ],
  ""type"": ""Point""
}","{
  ""coordinates"": [
    -83.142047499,
    42.417148322
  ],
  ""type"": ""Point""
}",-83.1420474989999,42.4171483220001
2814,1234582,7 MILE,CARRIE,2017-11-21,21,11,2017,18,3,1,9,,4,0,,2,4,4,30,4,2,0,2,0,1,0,0,false,,false,false,true,false,false,,,,,,true,false,false,,,false,false,false,false,false,-83.03064,42.43385,"{
  ""coordinates"": [
    -8.303063989799990e+01,
    4.243384665200010e+01
  ],
  ""type"": ""Point""
}","{
  ""coordinates"": [
    -83.030639898,
    42.433846652
  ],
  ""type"": ""Point""
}",-83.0306398979999,42.4338466520001
2815,1211270,MCINTYRE,LEEWIN,2017-11-21,21,11,2017,8,3,8,9,,,0,,1,1,1,25,2,2,1,5,0,0,0,0,true,,false,false,true,false,false,,,,,,false,false,false,,,false,false,false,false,false,-83.2634,42.43723,"{
  ""coordinates"": [
    -8.326340513199990e+01,
    4.243723344300000e+01
  ],
  ""type"": ""Point""
}","{
  ""coordinates"": [
    -83.263405132,
    42.437233443
  ],
  ""type"": ""Point""
}",-83.2634051319999,42.437233443
2816,1211323,8 MILE,BOULDER,2017-11-21,21,11,2017,16,3,4,3,,1,0,,2,4,4,40,3,2,2,2,0,2,0,0,false,,false,false,true,false,false,,,,,,false,false,false,,,false,false,false,false,false,-82.95353,42.45011,"{
  ""coordinates"": [
    -8.295353039600000e+01,
    4.245010596800010e+01
  ],
  ""type"": ""Point""
}","{
  ""coordinates"": [
    -82.953530396,
    42.450105968
  ],
  ""type"": ""Point""
}",-82.953530396,42.4501059680001
2817,1211255,SOUTHFIELD SERVICE DRIVE,MCNICHOLS,2017-11-21,21,11,2017,10,3,8,9,,4,0,,1,1,1,25,2,4,5,4,0,0,0,2,false,,false,false,false,false,false,,,,,,false,false,true,,,false,false,false,false,false,-83.21922,42.41557,"{
  ""coordinates"": [
    -8.321922225000000e+01,
    4.241557376400000e+01
  ],
  ""type"": ""Point""
}","{
  ""coordinates"": [
    -83.21922225,
    42.415573764
  ],
  ""type"": ""Point""
}",-83.21922225,42.415573764
2818,1211400,DAVISON,OAKMAN,2017-11-21,21,11,2017,15,3,4,3,,1,0,,1,1,1,35,3,2,3,5,0,0,0,0,true,,false,false,false,false,false,,,,,,false,false,false,,,false,false,false,false,false,-83.14395,42.38645,"{
  ""coordinates"": [
    -8.314395361399990e+01,
    4.238644649100010e+01
  ],
  ""type"": ""Point""
}","{
  ""coordinates"": [
    -83.143953614,
    42.386446491
  ],
  ""type"": ""Point""
}",-83.1439536139999,42.3864464910001
2819,1211483,STATE FAIR,WOODWARD,2017-11-21,21,11,2017,16,3,5,3,,7,0,,2,4,4,30,2,2,1,4,0,0,0,1,false,,false,false,true,false,false,,,,,,false,false,true,,,false,false,false,false,false,-83.12019,42.43915,"{
  ""coordinates"": [
    -8.312018370800000e+01,
    4.243915291800000e+01
  ],
  ""type"": ""Point""
}","{
  ""coordinates"": [
    -83.120183708,
    42.439152918
  ],
  ""type"": ""Point""
}",-83.120183708,42.439152918
2820,1211201,WARREN,WESTWOOD,2017-11-21,21,11,2017,18,3,4,9,,2,0,,2,4,4,35,4,2,4,5,0,0,0,0,true,,false,false,false,false,false,,,,,,false,false,false,,,false,false,false,false,false,-83.2305,42.34321,"{
  ""coordinates"": [
    -8.323050003700000e+01,
    4.234320876600000e+01
  ],
  ""type"": ""Point""
}","{
  ""coordinates"": [
    -83.230500037,
    42.343208766
  ],
  ""type"": ""Point""
}",-83.230500037,42.343208766
2821,1218005,N M 39,GRAND RIVER,2017-11-21,21,11,2017,18,3,5,3,,1,0,,2,4,4,55,3,2,2,5,0,0,0,0,true,,false,false,false,false,false,,,,,,false,false,true,,,false,false,false,false,false,-83.2182,42.4006,"{
  ""coordinates"": [
    -8.321819934800000e+01,
    4.240059963000000e+01
  ],
  ""type"": ""Point""
}","{
  ""coordinates"": [
    -83.218199348,
    42.40059963
  ],
  ""type"": ""Point""
}",-83.218199348,42.40059963
2822,1211053,LIVERNOIS,FORT,2017-11-21,21,11,2017,23,3,97,3,,4,0,,1,1,4,0,2,2,1,5,0,0,0,0,true,,false,false,true,false,false,,,,,,false,false,false,,,false,false,false,false,false,-83.10349,42.30666,"{
  ""coordinates"": [
    -8.310348699399999e+01,
    4.230666163600010e+01
  ],
  ""type"": ""Point""
}","{
  ""coordinates"": [
    -83.103486994,
    42.306661636
  ],
  ""type"": ""Point""
}",-83.103486994,42.3066616360001
2823,1211271,7 MILE,HUBBELL,2017-11-21,21,11,2017,15,3,4,9,,2,0,,1,2,1,35,2,2,2,5,0,0,0,0,true,,false,false,false,false,false,,,,,,false,false,false,,,false,false,false,false,false,-83.18964,42.43074,"{
  ""coordinates"": [
    -8.318964306299991e+01,
    4.243073952500000e+01
  ],
  ""type"": ""Point""
}","{
  ""coordinates"": [
    -83.189643063,
    42.430739525
  ],
  ""type"": ""Point""
}",-83.1896430629999,42.430739525
2824,1211441,JOSEPH CAMPAU,JEROME,2017-11-21,21,11,2017,23,3,9,9,,4,2,,2,1,4,30,2,2,7,4,0,0,0,2,false,,false,false,true,false,false,,,,,,false,false,true,,,false,false,false,false,false,-83.07297,42.4192,"{
  ""coordinates"": [
    -8.307297087500000e+01,
    4.241919673400000e+01
  ],
  ""type"": ""Point""
}","{
  ""coordinates"": [
    -83.072970875,
    42.419196734
  ],
  ""type"": ""Point""
}",-83.072970875,42.419196734
2825,1210956,GRAND RIVER,GIBSON,2017-11-21,21,11,2017,18,3,8,3,,1,0,,2,4,4,35,5,2,2,3,0,0,1,1,false,,false,false,true,false,false,,,,,,false,true,false,,,false,false,false,false,false,-83.0703,42.34104,"{
  ""coordinates"": [
    -8.307030685099990e+01,
    4.234103800200010e+01
  ],
  ""type"": ""Point""
}","{
  ""coordinates"": [
    -83.070306851,
    42.341038002
  ],
  ""type"": ""Point""
}",-83.0703068509999,42.3410380020001
2826,1211199,TIREMAN,WYOMING,2017-11-21,21,11,2017,16,3,9,9,,4,0,,2,4,1,35,2,2,2,5,0,0,0,0,true,,false,false,false,false,false,,,,,,false,false,false,,,false,false,false,false,false,-83.15754,42.35172,"{
  ""coordinates"": [
    -8.315754067300000e+01,
    4.235172162200010e+01
  ],
  ""type"": ""Point""
}","{
  ""coordinates"": [
    -83.157540673,
    42.351721622
  ],
  ""type"": ""Point""
}",-83.157540673,42.3517216220001
2827,1210844,DAVISON,I96,2017-11-21,21,11,2017,6,3,1,3,,1,1,,2,4,4,70,3,1,1,4,0,0,0,1,false,,false,false,false,false,false,,,,,,false,false,false,,,false,false,false,false,false,-83.12992,42.3901,"{
  ""coordinates"": [
    -8.312992299200000e+01,
    4.239009925000000e+01
  ],
  ""type"": ""Point""
}","{
  ""coordinates"": [
    -83.129922992,
    42.39009925
  ],
  ""type"": ""Point""
}",-83.129922992,42.39009925
2828,1211436,CHARLES,MOUND,2017-11-21,21,11,2017,5,3,2,9,,4,0,,1,1,4,30,3,2,2,5,0,0,0,0,true,,false,false,false,false,false,,,,,,false,false,false,,,false,false,false,false,false,-83.0428,42.41189,"{
  ""coordinates"": [
    -8.304279981000001e+01,
    4.241189209700010e+01
  ],
  ""type"": ""Point""
}","{
  ""coordinates"": [
    -83.04279981,
    42.411892097
  ],
  ""type"": ""Point""
}",-83.04279981,42.4118920970001
2829,1210617,I 94,I 96,2017-11-21,21,11,2017,18,3,5,1,,1,0,,2,4,4,55,3,2,2,5,0,0,0,0,true,,false,false,false,false,false,,,,,,false,false,false,,,false,false,false,false,false,-83.09737,42.35079,"{
  ""coordinates"": [
    -8.309736532900000e+01,
    4.235078830200010e+01
  ],
  ""type"": ""Point""
}","{
  ""coordinates"": [
    -83.097365329,
    42.350788302
  ],
  ""type"": ""Point""
}",-83.097365329,42.3507883020001
2830,1218688,FORD,OUTER DR,2017-11-21,21,11,2017,12,3,8,1,,1,0,,1,1,1,45,4,3,3,5,0,0,0,0,true,,false,false,false,false,false,,,,,,false,false,true,,,false,false,false,false,false,-82.95687,42.40609,"{
  ""coordinates"": [
    -8.295687464699991e+01,
    4.240608430000000e+01
  ],
  ""type"": ""Point""
}","{
  ""coordinates"": [
    -82.956874647,
    42.4060843
  ],
  ""type"": ""Point""
}",-82.9568746469999,42.4060843
2831,1238816,CADILLAC,RANDOLPH,2017-11-21,21,11,2017,14,3,5,3,,4,0,,1,1,1,15,3,2,2,5,0,0,0,0,true,,false,false,false,false,false,,,,,,false,false,false,,,false,false,false,false,false,-83.04346,42.33141,"{
  ""coordinates"": [
    -8.304346056400000e+01,
    4.233140871800000e+01
  ],
  ""type"": ""Point""
}","{
  ""coordinates"": [
    -83.043460564,
    42.331408718
  ],
  ""type"": ""Point""
}",-83.043460564,42.331408718
2832,1210606,S M 10,BELDEN,2017-11-21,21,11,2017,8,3,5,3,,1,0,,1,1,1,55,3,2,2,5,0,0,0,0,true,,false,false,false,false,false,,,,,,false,true,false,,,false,false,false,false,false,-83.13609,42.40489,"{
  ""coordinates"": [
    -8.313608243800000e+01,
    4.240488960500010e+01
  ],
  ""type"": ""Point""
}","{
  ""coordinates"": [
    -83.136082438,
    42.404889605
  ],
  ""type"": ""Point""
}",-83.136082438,42.4048896050001
2833,1210619,I 94,CHENE,2017-11-21,21,11,2017,18,3,5,1,,1,0,,2,4,4,55,4,2,3,4,0,0,0,3,false,,false,false,false,false,false,,,,,,false,true,false,,,false,false,false,false,false,-83.04672,42.37432,"{
  ""coordinates"": [
    -8.304672500800000e+01,
    4.237431878900000e+01
  ],
  ""type"": ""Point""
}","{
  ""coordinates"": [
    -83.046725008,
    42.374318789
  ],
  ""type"": ""Point""
}",-83.046725008,42.374318789
2834,1211160,MAJESTIC,MEMORIAL,2017-11-21,21,11,2017,19,3,4,9,,,0,,2,4,4,25,2,2,2,4,0,0,0,1,false,,false,false,false,false,false,,,,,,false,false,true,,,false,false,false,false,false,-83.21051,42.34585,"{
  ""coordinates"": [
    -8.321050839400000e+01,
    4.234585181900010e+01
  ],
  ""type"": ""Point""
}","{
  ""coordinates"": [
    -83.210508394,
    42.345851819
  ],
  ""type"": ""Point""
}",-83.210508394,42.3458518190001
2835,1222297,GRATIOT,DEVINE,2017-11-21,21,11,2017,17,3,8,3,,1,0,,2,4,1,35,3,2,2,5,0,0,0,0,true,,false,false,false,false,false,,,,,,false,false,false,,,false,false,false,false,false,-83.00187,42.39823,"{
  ""coordinates"": [
    -8.300186869899990e+01,
    4.239822727900000e+01
  ],
  ""type"": ""Point""
}","{
  ""coordinates"": [
    -83.001868699,
    42.398227279
  ],
  ""type"": ""Point""
}",-83.0018686989999,42.398227279
2836,1211437,8 MILE,HOOVER,2017-11-21,21,11,2017,17,3,5,3,,1,0,,2,4,4,40,4,2,1,5,0,0,0,0,true,,false,false,false,false,false,,,,,,false,false,false,,,false,false,false,false,false,-83.0069,42.44875,"{
  ""coordinates"": [
    -8.300689585299990e+01,
    4.244875243300000e+01
  ],
  ""type"": ""Point""
}","{
  ""coordinates"": [
    -83.006895853,
    42.448752433
  ],
  ""type"": ""Point""
}",-83.0068958529999,42.448752433
2837,1210979,BRUSH,PIQUETTE,2017-11-21,21,11,2017,0,3,1,9,,4,1,,1,1,4,25,2,1,1,5,0,0,0,0,true,,false,false,false,false,false,,,,,,false,false,true,,,false,false,false,false,false,-83.06618,42.36823,"{
  ""coordinates"": [
    -8.306617540699990e+01,
    4.236823203300000e+01
  ],
  ""type"": ""Point""
}","{
  ""coordinates"": [
    -83.066175407,
    42.368232033
  ],
  ""type"": ""Point""
}",-83.0661754069999,42.368232033
2838,1211172,WARREN,EVERGREEN,2017-11-21,21,11,2017,14,3,4,9,,2,0,,1,2,1,35,2,2,2,5,0,0,0,0,true,,false,false,false,false,false,,,,,,false,false,true,,,false,false,false,false,false,-83.23576,42.34312,"{
  ""coordinates"": [
    -8.323575403800000e+01,
    4.234312571300010e+01
  ],
  ""type"": ""Point""
}","{
  ""coordinates"": [
    -83.235754038,
    42.343125713
  ],
  ""type"": ""Point""
}",-83.235754038,42.3431257130001
2839,1210960,N I 75,RAMP 044A,2017-11-21,21,11,2017,18,3,5,1,,1,0,,2,4,4,55,4,2,4,5,0,0,0,0,true,,false,false,false,false,false,,,,,,false,false,true,,,false,false,false,false,false,-83.05176,42.35712,"{
  ""coordinates"": [
    -8.305175470300000e+01,
    4.235711746100000e+01
  ],
  ""type"": ""Point""
}","{
  ""coordinates"": [
    -83.051754703,
    42.357117461
  ],
  ""type"": ""Point""
}",-83.051754703,42.357117461
2840,1211154,MURRAY HILL,PILGRIM,2017-11-21,21,11,2017,16,3,8,9,,,3,,2,4,1,25,2,2,1,5,0,0,0,0,true,,false,false,false,false,false,,,,,,false,false,false,,,false,true,false,false,false,-83.20756,42.40619,"{
  ""coordinates"": [
    -8.320755616299989e+01,
    4.240618730100000e+01
  ],
  ""type"": ""Point""
}","{
  ""coordinates"": [
    -83.207556163,
    42.406187301
  ],
  ""type"": ""Point""
}",-83.2075561629999,42.406187301
2841,1211056,RAMP 938F,ROSA PARKS,2017-11-21,21,11,2017,14,3,8,1,,1,0,,1,1,1,0,3,2,1,5,0,0,0,0,true,,false,false,true,false,false,,,,,,false,false,false,,,false,false,false,false,false,-83.07323,42.33359,"{
  ""coordinates"": [
    -8.307323163300001e+01,
    4.233359098900010e+01
  ],
  ""type"": ""Point""
}","{
  ""coordinates"": [
    -83.073231633,
    42.333590989
  ],
  ""type"": ""Point""
}",-83.073231633,42.3335909890001
2842,1210936,WYOMING,INTERVALE,2017-11-21,21,11,2017,11,3,5,9,,4,0,,1,1,1,35,3,2,1,4,0,0,0,1,false,,false,false,true,false,false,,,,,,false,false,false,,,false,false,false,false,false,-83.15912,42.3896,"{
  ""coordinates"": [
    -8.315911605500000e+01,
    4.238959368200010e+01
  ],
  ""type"": ""Point""
}","{
  ""coordinates"": [
    -83.159116055,
    42.389593682
  ],
  ""type"": ""Point""
}",-83.159116055,42.3895936820001
2843,1210640,W/I-94,THIRD,2017-11-21,21,11,2017,13,3,5,1,,1,0,,1,2,1,55,3,2,1,5,0,0,0,0,true,,false,false,true,false,false,,,,,,false,false,false,,,false,false,false,false,false,-83.07297,42.36146,"{
  ""coordinates"": [
    -8.307296905000000e+01,
    4.236146260200010e+01
  ],
  ""type"": ""Point""
}","{
  ""coordinates"": [
    -83.07296905,
    42.361462602
  ],
  ""type"": ""Point""
}",-83.07296905,42.3614626020001
2844,1211411,HOOVER ST/,GREINER,2017-11-21,21,11,2017,17,3,5,3,,1,0,,2,4,1,30,2,2,2,5,0,0,0,0,true,,false,false,false,false,false,,,,,,false,false,false,,,false,false,false,false,false,-83.00429,42.42669,"{
  ""coordinates"": [
    -8.300429035400001e+01,
    4.242668532600000e+01
  ],
  ""type"": ""Point""
}","{
  ""coordinates"": [
    -83.004290354,
    42.426685326
  ],
  ""type"": ""Point""
}",-83.004290354,42.426685326
2845,1210655,I-94,SECOND,2017-11-21,21,11,2017,11,3,8,1,,1,0,,1,1,1,55,3,4,4,3,0,0,1,0,false,,false,false,false,false,false,,,,,,false,false,true,,,false,false,false,false,false,-83.07102,42.36261,"{
  ""coordinates"": [
    -8.307102254800000e+01,
    4.236260853300010e+01
  ],
  ""type"": ""Point""
}","{
  ""coordinates"": [
    -83.071022548,
    42.362608533
  ],
  ""type"": ""Point""
}",-83.071022548,42.3626085330001
2846,1235733,TEMPLE,FOURTH,2017-11-21,21,11,2017,19,3,4,9,,4,0,,2,1,4,25,2,2,2,4,0,0,0,2,false,,false,false,false,false,false,,,,,,false,false,true,,,false,false,false,false,false,-83.0639,42.34005,"{
  ""coordinates"": [
    -8.306390599299991e+01,
    4.234004636700010e+01
  ],
  ""type"": ""Point""
}","{
  ""coordinates"": [
    -83.063905993,
    42.340046367
  ],
  ""type"": ""Point""
}",-83.0639059929999,42.3400463670001
2847,1211248,ORLEANS,LAYFAYETTE,2017-11-21,21,11,2017,7,3,4,9,,,0,,2,4,4,15,2,2,2,5,0,0,0,0,true,,false,false,false,false,false,,,,,,false,false,true,,,false,false,false,false,false,-83.03089,42.33911,"{
  ""coordinates"": [
    -8.303089138699990e+01,
    4.233911013600000e+01
  ],
  ""type"": ""Point""
}","{
  ""coordinates"": [
    -83.030891387,
    42.339110136
  ],
  ""type"": ""Point""
}",-83.0308913869999,42.339110136
2848,1210758,E I 96,GREENFIELD,2017-11-21,21,11,2017,18,3,8,1,,1,0,,2,4,4,70,3,2,3,4,0,0,0,2,false,,false,false,false,false,false,,,,,,false,false,true,,,false,false,false,false,false,-83.19749,42.37907,"{
  ""coordinates"": [
    -8.319749032700000e+01,
    4.237907265400000e+01
  ],
  ""type"": ""Point""
}","{
  ""coordinates"": [
    -83.197490327,
    42.379072654
  ],
  ""type"": ""Point""
}",-83.197490327,42.379072654
2849,1210656,I-75,DEARBORN,2017-11-21,21,11,2017,16,3,8,1,,1,0,,2,4,4,55,3,2,3,5,0,0,0,0,true,,false,false,false,false,false,,,,,,false,true,true,,,false,false,false,false,false,-83.12875,42.29174,"{
  ""coordinates"": [
    -8.312875699999999e+01,
    4.229174278200000e+01
  ],
  ""type"": ""Point""
}","{
  ""coordinates"": [
    -83.128757,
    42.291742782
  ],
  ""type"": ""Point""
}",-83.128757,42.291742782
2850,1210795,RAMP 139G,DAVISON,2017-11-21,21,11,2017,17,3,1,3,,1,1,,2,4,3,55,3,1,2,5,0,0,0,0,true,,false,false,false,false,false,,,,,,false,false,true,,,false,false,false,false,false,-83.14452,42.38643,"{
  ""coordinates"": [
    -8.314452366200000e+01,
    4.238643012100000e+01
  ],
  ""type"": ""Point""
}","{
  ""coordinates"": [
    -83.144523662,
    42.386430121
  ],
  ""type"": ""Point""
}",-83.144523662,42.386430121
2851,1211289,S M 39,GRAND RIVER,2017-11-21,21,11,2017,21,3,8,3,,1,0,,1,1,4,35,7,2,2,5,0,0,0,0,true,,true,true,false,false,false,,,,,,false,true,true,,,false,false,false,false,false,-83.21838,42.40069,"{
  ""coordinates"": [
    -8.321838087099999e+01,
    4.240068702100010e+01
  ],
  ""type"": ""Point""
}","{
  ""coordinates"": [
    -83.218380871,
    42.400687021
  ],
  ""type"": ""Point""
}",-83.218380871,42.4006870210001