ObjectId,Crash ID,Primary Road,Intersecting Road,Crash Date,Day,Month,Year,Hour,Weekday,Crash Type Code,Highway Classification Code,Community Code,Jurisdiction Code,Lane Departure Type Code,Surface Type,Road Condition,Weather Condition,Lighting Condition,Speed Limit,Lanes,Units,Occupants,Most Severe Injury,Fatal Injuries,Suspected Serious Injuries,Suspected Minor Injuries,Possible Injuries,Property Damage Only,Secondary Crash,Traffic Control,Red Light Run,Hit and Run,Alcohol,Drugs,Unbelted Person,Work Zone,Speeding Driver,Distracted Driver,Driveway,Pedestrian,Elderly Driver,Young Driver,Commercial Vehicle,Emergency Vehicles,Train,School Bus,Motorcycle,Bicycle,Deer,Longitude,Latitude,geom,geog,x,y
3080,1199490,I-94,SAGINAW,2017-11-18,18,11,2017,21,7,8,1,,1,0,,2,4,4,55,3,2,7,5,0,0,0,0,true,,false,false,false,false,false,,,,,,false,false,true,,,false,false,false,false,false,-83.03429,42.37886,"{
  ""coordinates"": [
    -8.303428884000000e+01,
    4.237886455000010e+01
  ],
  ""type"": ""Point""
}","{
  ""coordinates"": [
    -83.03428884,
    42.37886455
  ],
  ""type"": ""Point""
}",-83.03428884,42.3788645500001
3081,1198275,FORT,LAWNDALE,2017-11-18,18,11,2017,19,7,5,3,,1,0,,2,4,5,35,5,2,3,5,0,0,0,0,true,,false,false,false,false,false,,,,,,false,false,false,,,false,false,false,false,false,-83.12455,42.29813,"{
  ""coordinates"": [
    -8.312454956999990e+01,
    4.229813087200010e+01
  ],
  ""type"": ""Point""
}","{
  ""coordinates"": [
    -83.12454957,
    42.298130872
  ],
  ""type"": ""Point""
}",-83.1245495699999,42.2981308720001
3082,1199488,M-39,LYNDON,2017-11-18,18,11,2017,16,7,5,3,,1,0,,2,4,3,55,3,2,3,5,0,0,0,0,true,,false,false,false,false,false,,,,,,false,false,false,,,false,false,false,false,false,-83.21815,42.39535,"{
  ""coordinates"": [
    -8.321814467999999e+01,
    4.239534737900000e+01
  ],
  ""type"": ""Point""
}","{
  ""coordinates"": [
    -83.21814468,
    42.395347379
  ],
  ""type"": ""Point""
}",-83.21814468,42.395347379
3083,1199518,S/B I-75,8 MILE,2017-11-18,18,11,2017,12,7,97,1,,1,0,,2,4,1,70,3,2,7,5,0,0,0,0,true,,false,false,false,false,false,,,,,,false,false,false,,,false,false,false,false,false,-83.09516,42.4432,"{
  ""coordinates"": [
    -8.309516515400000e+01,
    4.244320234100010e+01
  ],
  ""type"": ""Point""
}","{
  ""coordinates"": [
    -83.095165154,
    42.443202341
  ],
  ""type"": ""Point""
}",-83.095165154,42.4432023410001
3084,1199520,E/B I-94,CADIEUX,2017-11-18,18,11,2017,13,7,1,1,,1,1,,2,4,1,55,3,1,1,5,0,0,0,0,true,,false,false,false,false,false,,,,,,false,false,true,,,false,false,false,false,false,-82.93324,42.41941,"{
  ""coordinates"": [
    -8.293324107200000e+01,
    4.241940669300000e+01
  ],
  ""type"": ""Point""
}","{
  ""coordinates"": [
    -82.933241072,
    42.419406693
  ],
  ""type"": ""Point""
}",-82.933241072,42.419406693
3085,1198334,NB I-75,HOLBROOK OVERPASS,2017-11-18,18,11,2017,14,7,1,1,,1,1,,2,4,1,70,4,1,1,5,0,0,0,0,true,,false,false,false,false,false,,,,,,false,false,true,,,false,false,false,false,false,-83.06828,42.38682,"{
  ""coordinates"": [
    -8.306827457900000e+01,
    4.238682011800010e+01
  ],
  ""type"": ""Point""
}","{
  ""coordinates"": [
    -83.068274579,
    42.386820118
  ],
  ""type"": ""Point""
}",-83.068274579,42.3868201180001
3086,1198304,MORANG,GLENWOOD,2017-11-18,18,11,2017,10,7,4,9,,4,0,,2,1,1,30,2,2,3,4,0,0,0,2,false,,false,false,false,false,false,,,,,,false,false,true,,,false,false,false,false,false,-82.95904,42.431,"{
  ""coordinates"": [
    -8.295903464400000e+01,
    4.243099743700000e+01
  ],
  ""type"": ""Point""
}","{
  ""coordinates"": [
    -82.959034644,
    42.430997437
  ],
  ""type"": ""Point""
}",-82.959034644,42.430997437
3087,1199524,SUSSEX,WADSWORTH,2017-11-18,18,11,2017,21,7,4,9,,,0,,2,4,5,25,2,2,3,5,0,0,0,0,true,,false,false,false,false,false,,,,,,false,false,true,,,false,false,false,false,false,-83.19435,42.37478,"{
  ""coordinates"": [
    -8.319435206999999e+01,
    4.237478016700000e+01
  ],
  ""type"": ""Point""
}","{
  ""coordinates"": [
    -83.19435207,
    42.374780167
  ],
  ""type"": ""Point""
}",-83.19435207,42.374780167
3088,1199537,W I 96,HUBBELL,2017-11-18,18,11,2017,0,7,5,1,,1,0,,2,4,4,55,3,3,2,5,0,0,0,0,true,,false,false,true,false,false,,,,,,false,false,false,,,false,false,false,false,false,-83.18837,42.38058,"{
  ""coordinates"": [
    -8.318836707700000e+01,
    4.238058159600010e+01
  ],
  ""type"": ""Point""
}","{
  ""coordinates"": [
    -83.188367077,
    42.380581596
  ],
  ""type"": ""Point""
}",-83.188367077,42.3805815960001
3089,1198281,JOY,PATTON,2017-11-18,18,11,2017,17,7,6,9,,2,0,,2,4,4,35,2,2,3,3,0,0,2,0,false,,false,false,false,true,false,,,,,,false,false,false,,,false,false,false,false,false,-83.24203,42.35746,"{
  ""coordinates"": [
    -8.324203261100000e+01,
    4.235745922300000e+01
  ],
  ""type"": ""Point""
}","{
  ""coordinates"": [
    -83.242032611,
    42.357459223
  ],
  ""type"": ""Point""
}",-83.242032611,42.357459223
3090,1199554,JEFFERSON,MOUNT ELLIOTT,2017-11-18,18,11,2017,19,7,5,9,,4,0,,2,4,4,35,6,3,5,4,0,0,0,3,false,,false,false,true,false,false,,,,,,false,false,false,,,false,false,false,false,false,-83.00973,42.3438,"{
  ""coordinates"": [
    -8.300972661700000e+01,
    4.234380477900000e+01
  ],
  ""type"": ""Point""
}","{
  ""coordinates"": [
    -83.009726617,
    42.343804779
  ],
  ""type"": ""Point""
}",-83.009726617,42.343804779
3091,1234603,ST ANTOINE,MONROE,2017-11-18,18,11,2017,21,7,97,9,,4,0,,2,4,4,25,2,2,2,5,0,0,0,0,true,,false,false,false,false,false,,,,,,false,false,false,,,false,false,false,false,false,-83.04109,42.33579,"{
  ""coordinates"": [
    -8.304109318799991e+01,
    4.233578797100010e+01
  ],
  ""type"": ""Point""
}","{
  ""coordinates"": [
    -83.041093188,
    42.335787971
  ],
  ""type"": ""Point""
}",-83.0410931879999,42.3357879710001
3092,1199553,GRATIOT,SAINT AUBIN,2017-11-18,18,11,2017,18,7,8,3,,1,0,,2,4,4,35,6,2,1,5,0,0,0,0,true,,false,false,true,false,false,,,,,,false,false,false,,,false,false,false,false,false,-83.03436,42.34922,"{
  ""coordinates"": [
    -8.303435348200000e+01,
    4.234922459900010e+01
  ],
  ""type"": ""Point""
}","{
  ""coordinates"": [
    -83.034353482,
    42.349224599
  ],
  ""type"": ""Point""
}",-83.034353482,42.3492245990001
3093,1199517,RAMP 109A,E M 8,2017-11-18,18,11,2017,8,7,1,3,,1,1,,2,2,1,55,1,1,1,4,0,0,0,1,false,,false,false,false,false,false,,,,,,false,true,false,,,false,false,false,false,false,-83.10985,42.39815,"{
  ""coordinates"": [
    -8.310984794800000e+01,
    4.239814595400000e+01
  ],
  ""type"": ""Point""
}","{
  ""coordinates"": [
    -83.109847948,
    42.398145954
  ],
  ""type"": ""Point""
}",-83.109847948,42.398145954
3094,1199579,WARREN,JOHN R,2017-11-18,18,11,2017,19,7,97,3,,4,0,,2,4,4,35,4,2,4,5,0,0,0,0,true,,false,false,false,false,false,,,,,,false,false,false,,,false,false,false,false,false,-83.06406,42.35685,"{
  ""coordinates"": [
    -8.306406097800000e+01,
    4.235684747800010e+01
  ],
  ""type"": ""Point""
}","{
  ""coordinates"": [
    -83.064060978,
    42.356847478
  ],
  ""type"": ""Point""
}",-83.064060978,42.3568474780001
3095,1237403,MACK,JOHN R,2017-11-18,18,11,2017,23,7,8,9,,4,0,,98,98,4,25,2,2,2,5,0,0,0,0,true,,false,false,false,false,false,,,,,,false,false,true,,,false,false,false,false,false,-83.05629,42.34827,"{
  ""coordinates"": [
    -8.305629046300000e+01,
    4.234827299100000e+01
  ],
  ""type"": ""Point""
}","{
  ""coordinates"": [
    -83.056290463,
    42.348272991
  ],
  ""type"": ""Point""
}",-83.056290463,42.348272991
3096,1199552,RUSSELL,MACK,2017-11-18,18,11,2017,13,7,9,9,,4,0,,2,4,1,25,3,2,1,5,0,0,0,0,true,,false,false,true,false,false,,,,,,false,false,false,,,false,false,false,false,false,-83.04474,42.35267,"{
  ""coordinates"": [
    -8.304473726700000e+01,
    4.235266689800010e+01
  ],
  ""type"": ""Point""
}","{
  ""coordinates"": [
    -83.044737267,
    42.352666898
  ],
  ""type"": ""Point""
}",-83.044737267,42.3526668980001
3097,1199486,M-39,7MILE,2017-11-18,18,11,2017,22,7,5,3,,1,0,,2,4,4,55,3,2,2,4,0,0,0,1,false,,false,false,false,false,false,,,,,,false,false,true,,,false,false,false,false,false,-83.21929,42.42785,"{
  ""coordinates"": [
    -8.321929408800000e+01,
    4.242785265300010e+01
  ],
  ""type"": ""Point""
}","{
  ""coordinates"": [
    -83.219294088,
    42.427852653
  ],
  ""type"": ""Point""
}",-83.219294088,42.4278526530001
3098,1199527,I-94,CADIEUX,2017-11-18,18,11,2017,19,7,97,1,,1,0,,2,5,4,55,4,2,2,5,0,0,0,0,true,,false,false,true,false,false,,,,,,false,false,false,,,false,false,false,false,false,-82.93662,42.41766,"{
  ""coordinates"": [
    -8.293662147799991e+01,
    4.241766371200000e+01
  ],
  ""type"": ""Point""
}","{
  ""coordinates"": [
    -82.936621478,
    42.417663712
  ],
  ""type"": ""Point""
}",-82.9366214779999,42.417663712
3099,1198259,2ND,CANFIELD,2017-11-18,18,11,2017,17,7,98,9,,4,0,,2,4,2,30,2,1,1,5,0,0,0,0,true,,false,false,false,false,false,,,,,,false,false,false,,,false,false,false,false,false,-83.06649,42.35107,"{
  ""coordinates"": [
    -8.306649371100001e+01,
    4.235106821500010e+01
  ],
  ""type"": ""Point""
}","{
  ""coordinates"": [
    -83.066493711,
    42.351068215
  ],
  ""type"": ""Point""
}",-83.066493711,42.3510682150001
3100,1199509,W I 96,GRAND RIVER,2017-11-18,18,11,2017,14,7,97,1,,1,1,,2,4,1,70,4,1,2,4,0,0,0,1,false,,false,false,false,false,false,,,,,,false,false,false,,,false,false,false,false,false,-83.17444,42.38418,"{
  ""coordinates"": [
    -8.317443691600000e+01,
    4.238417850200010e+01
  ],
  ""type"": ""Point""
}","{
  ""coordinates"": [
    -83.174436916,
    42.384178502
  ],
  ""type"": ""Point""
}",-83.174436916,42.3841785020001
3101,1198164,W/B I 94,VAN DYKE,2017-11-18,18,11,2017,6,7,5,1,,1,0,,2,4,4,55,3,2,8,5,0,0,0,0,true,,false,false,false,false,false,,,,,,false,false,false,,,false,false,false,false,false,-83.01842,42.38694,"{
  ""coordinates"": [
    -8.301842467199999e+01,
    4.238694120300000e+01
  ],
  ""type"": ""Point""
}","{
  ""coordinates"": [
    -83.018424672,
    42.386941203
  ],
  ""type"": ""Point""
}",-83.018424672,42.386941203
3102,1198279,MICHIGAN,WESSON,2017-11-18,18,11,2017,14,7,4,2,,1,0,,2,4,1,30,8,2,2,4,0,0,0,1,false,,false,false,false,false,false,,,,,,false,false,true,,,false,false,false,false,false,-83.1157,42.33115,"{
  ""coordinates"": [
    -8.311569887900001e+01,
    4.233115375200000e+01
  ],
  ""type"": ""Point""
}","{
  ""coordinates"": [
    -83.115698879,
    42.331153752
  ],
  ""type"": ""Point""
}",-83.115698879,42.331153752
3103,1199536,SCHOOLCRAFT,OUTER,2017-11-18,18,11,2017,7,7,4,9,,4,0,,2,2,1,35,3,2,2,5,0,0,0,0,true,,false,false,false,false,false,,,,,,false,true,true,,,false,false,false,false,false,-83.25626,42.38505,"{
  ""coordinates"": [
    -8.325626540600000e+01,
    4.238504648500000e+01
  ],
  ""type"": ""Point""
}","{
  ""coordinates"": [
    -83.256265406,
    42.385046485
  ],
  ""type"": ""Point""
}",-83.256265406,42.385046485
3104,1198308,LINWOOD,DAVISON,2017-11-18,18,11,2017,6,7,4,3,,4,0,,2,4,4,35,4,2,1,4,0,0,0,1,false,,false,false,true,false,false,,,,,,false,false,false,,,false,false,false,false,false,-83.12202,42.39302,"{
  ""coordinates"": [
    -8.312202594599999e+01,
    4.239302515600010e+01
  ],
  ""type"": ""Point""
}","{
  ""coordinates"": [
    -83.122025946,
    42.393025156
  ],
  ""type"": ""Point""
}",-83.122025946,42.3930251560001
3105,1196617,7 MILE,N I 75,2017-11-17,17,11,2017,9,6,8,9,,4,0,,1,2,1,30,4,2,2,5,0,0,0,0,true,,false,false,false,false,false,,,,,,false,false,true,,,false,false,false,false,false,-83.09455,42.4325,"{
  ""coordinates"": [
    -8.309454833400000e+01,
    4.243249416300010e+01
  ],
  ""type"": ""Point""
}","{
  ""coordinates"": [
    -83.094548334,
    42.432494163
  ],
  ""type"": ""Point""
}",-83.094548334,42.4324941630001
3106,1199497,I-94,I-96,2017-11-17,17,11,2017,18,6,5,1,,1,0,,1,1,4,55,3,2,2,4,0,0,0,1,false,,false,false,false,false,false,,,,,,false,false,true,,,false,false,false,false,false,-83.10374,42.34864,"{
  ""coordinates"": [
    -8.310373629799990e+01,
    4.234864040700010e+01
  ],
  ""type"": ""Point""
}","{
  ""coordinates"": [
    -83.103736298,
    42.348640407
  ],
  ""type"": ""Point""
}",-83.1037362979999,42.3486404070001
3107,1211449,8 MILE,CHRYSLER,2017-11-17,17,11,2017,15,6,97,3,,1,0,,1,1,1,35,3,2,4,5,0,0,0,0,true,,false,false,true,false,false,,,,,,false,false,false,,,false,false,false,false,false,-83.09444,42.44682,"{
  ""coordinates"": [
    -8.309444311899991e+01,
    4.244681684100000e+01
  ],
  ""type"": ""Point""
}","{
  ""coordinates"": [
    -83.094443119,
    42.446816841
  ],
  ""type"": ""Point""
}",-83.0944431189999,42.446816841
3108,1198255,HAZELWOOD,ROSA,2017-11-17,17,11,2017,11,6,8,9,,,0,,1,2,1,25,2,2,1,5,0,0,0,0,true,,false,false,false,false,false,,,,,,false,false,false,,,false,false,false,false,false,-83.09853,42.37474,"{
  ""coordinates"": [
    -8.309853470000000e+01,
    4.237474613900010e+01
  ],
  ""type"": ""Point""
}","{
  ""coordinates"": [
    -83.0985347,
    42.374746139
  ],
  ""type"": ""Point""
}",-83.0985347,42.3747461390001
3109,1210988,GRANDRIVER,14TH,2017-11-17,17,11,2017,15,6,4,3,,1,0,,1,1,4,35,2,2,3,5,0,0,0,0,true,,true,true,false,false,false,,,,,,false,true,false,,,false,false,false,false,false,-83.08559,42.34721,"{
  ""coordinates"": [
    -8.308559508899999e+01,
    4.234720528700010e+01
  ],
  ""type"": ""Point""
}","{
  ""coordinates"": [
    -83.085595089,
    42.347205287
  ],
  ""type"": ""Point""
}",-83.085595089,42.3472052870001
3110,1198331,MIDLAND,WYOMING,2017-11-17,17,11,2017,13,6,4,9,,,0,,1,1,1,25,2,2,3,5,0,0,0,0,true,,false,false,true,false,false,,,,,,false,true,false,,,false,false,false,false,false,-83.15985,42.40612,"{
  ""coordinates"": [
    -8.315984880799989e+01,
    4.240611522600010e+01
  ],
  ""type"": ""Point""
}","{
  ""coordinates"": [
    -83.159848808,
    42.406115226
  ],
  ""type"": ""Point""
}",-83.1598488079999,42.4061152260001
3111,1198291,GLENCO,HEYDEN,2017-11-17,17,11,2017,20,6,5,9,,,0,,1,1,5,0,2,2,0,5,0,0,0,0,true,,false,false,true,false,false,,,,,,false,false,false,,,false,false,false,false,false,-83.24041,42.42164,"{
  ""coordinates"": [
    -8.324041294999989e+01,
    4.242163836700010e+01
  ],
  ""type"": ""Point""
}","{
  ""coordinates"": [
    -83.24041295,
    42.421638367
  ],
  ""type"": ""Point""
}",-83.2404129499999,42.4216383670001
3112,1198221,CHALFONTE,MEYERS,2017-11-17,17,11,2017,13,6,4,9,,,0,,1,1,1,30,2,2,4,4,0,0,0,1,false,,true,true,false,false,false,,,,,,false,true,true,,,false,false,false,false,false,-83.16946,42.40004,"{
  ""coordinates"": [
    -8.316946548000000e+01,
    4.240003986800010e+01
  ],
  ""type"": ""Point""
}","{
  ""coordinates"": [
    -83.16946548,
    42.400039868
  ],
  ""type"": ""Point""
}",-83.16946548,42.4000398680001
3113,1198256,ATKINSON,BYRON,2017-11-17,17,11,2017,13,6,4,9,,,0,,1,2,1,25,2,2,1,5,0,0,0,0,true,,false,false,false,false,false,,,,,,false,false,false,,,false,false,false,false,false,-83.09437,42.37932,"{
  ""coordinates"": [
    -8.309436917999990e+01,
    4.237932010900000e+01
  ],
  ""type"": ""Point""
}","{
  ""coordinates"": [
    -83.09436918,
    42.379320109
  ],
  ""type"": ""Point""
}",-83.0943691799999,42.379320109
3114,1211076,HARPER,MORANG,2017-11-17,17,11,2017,16,6,4,9,,4,0,,1,1,4,35,2,2,1,2,0,1,0,0,false,,false,false,true,false,false,,,,,,false,false,false,,,false,false,false,false,false,-82.93407,42.41784,"{
  ""coordinates"": [
    -8.293406855500000e+01,
    4.241783886100010e+01
  ],
  ""type"": ""Point""
}","{
  ""coordinates"": [
    -82.934068555,
    42.417838861
  ],
  ""type"": ""Point""
}",-82.934068555,42.4178388610001
3115,1198168,M-39,PLYMOUTH,2017-11-17,17,11,2017,14,6,5,3,,1,0,,1,2,1,55,3,2,2,5,0,0,0,0,true,,false,false,false,false,false,,,,,,false,false,true,,,false,false,false,false,false,-83.21652,42.37081,"{
  ""coordinates"": [
    -8.321652100100000e+01,
    4.237081074100010e+01
  ],
  ""type"": ""Point""
}","{
  ""coordinates"": [
    -83.216521001,
    42.370810741
  ],
  ""type"": ""Point""
}",-83.216521001,42.3708107410001
3116,1198207,I-96,TELEGRAPH,2017-11-17,17,11,2017,19,6,5,1,,1,0,,1,1,4,70,4,2,2,5,0,0,0,0,true,,false,false,false,false,false,,,,,,false,false,false,,,false,false,false,false,false,-83.27419,42.3855,"{
  ""coordinates"": [
    -8.327418459200000e+01,
    4.238549780100000e+01
  ],
  ""type"": ""Point""
}","{
  ""coordinates"": [
    -83.274184592,
    42.385497801
  ],
  ""type"": ""Point""
}",-83.274184592,42.385497801
3117,1198165,I-94,CASS,2017-11-17,17,11,2017,23,6,5,1,,1,0,,2,4,4,55,3,2,2,3,0,0,1,0,false,,false,false,false,false,false,,,,,,false,false,true,,,false,false,false,false,false,-83.06908,42.36368,"{
  ""coordinates"": [
    -8.306908233999999e+01,
    4.236367858900010e+01
  ],
  ""type"": ""Point""
}","{
  ""coordinates"": [
    -83.06908234,
    42.363678589
  ],
  ""type"": ""Point""
}",-83.06908234,42.3636785890001
3118,1277296,7 MILE,GLASTONBURY,2017-11-17,17,11,2017,20,6,97,9,,2,0,,5,1,4,35,4,2,1,5,0,0,0,0,true,,false,false,false,false,false,,,,,,true,true,false,,,false,false,false,false,false,-83.22308,42.42995,"{
  ""coordinates"": [
    -8.322308052499990e+01,
    4.242995144700010e+01
  ],
  ""type"": ""Point""
}","{
  ""coordinates"": [
    -83.223080525,
    42.429951447
  ],
  ""type"": ""Point""
}",-83.2230805249999,42.4299514470001
3119,1211086,BERDEN,YORKSHIRE,2017-11-17,17,11,2017,13,6,1,9,,,1,,1,1,1,25,1,1,1,4,0,0,0,1,false,,false,false,false,false,false,,,,,,false,false,true,,,false,false,false,false,false,-82.93932,42.41276,"{
  ""coordinates"": [
    -8.293932576600000e+01,
    4.241276050800010e+01
  ],
  ""type"": ""Point""
}","{
  ""coordinates"": [
    -82.939325766,
    42.412760508
  ],
  ""type"": ""Point""
}",-82.939325766,42.4127605080001
3120,1199498,M-39,JOY,2017-11-17,17,11,2017,23,6,5,3,,1,0,,2,4,4,55,3,2,1,5,0,0,0,0,true,,false,false,true,false,false,,,,,,false,false,false,,,false,false,false,false,false,-83.2166,42.3584,"{
  ""coordinates"": [
    -8.321660124600000e+01,
    4.235840273900000e+01
  ],
  ""type"": ""Point""
}","{
  ""coordinates"": [
    -83.216601246,
    42.358402739
  ],
  ""type"": ""Point""
}",-83.216601246,42.358402739
3121,1199477,I-94,14TH,2017-11-17,17,11,2017,18,6,5,1,,1,0,,1,1,4,55,3,2,2,5,0,0,0,0,true,,false,false,false,false,false,,,,,,false,false,true,,,false,false,false,false,false,-83.08829,42.35351,"{
  ""coordinates"": [
    -8.308829213699990e+01,
    4.235351291400010e+01
  ],
  ""type"": ""Point""
}","{
  ""coordinates"": [
    -83.088292137,
    42.353512914
  ],
  ""type"": ""Point""
}",-83.0882921369999,42.3535129140001
3122,1199575,RYAN,EMERY,2017-11-17,17,11,2017,16,6,8,9,,4,0,,1,1,3,35,2,2,1,5,0,0,0,0,true,,false,false,false,false,false,,,,,,false,false,false,,,false,false,false,false,false,-83.06326,42.4355,"{
  ""coordinates"": [
    -8.306325409100000e+01,
    4.243550419600010e+01
  ],
  ""type"": ""Point""
}","{
  ""coordinates"": [
    -83.063254091,
    42.435504196
  ],
  ""type"": ""Point""
}",-83.063254091,42.4355041960001
3123,1198271,JOHN KRONK,LIVERNOIS,2017-11-17,17,11,2017,5,6,1,9,,,0,,1,1,4,30,2,1,0,5,0,0,0,0,true,,false,false,true,false,false,,,,,,false,false,false,,,false,false,false,false,false,-83.11535,42.32431,"{
  ""coordinates"": [
    -8.311534595599990e+01,
    4.232431365800010e+01
  ],
  ""type"": ""Point""
}","{
  ""coordinates"": [
    -83.115345956,
    42.324313658
  ],
  ""type"": ""Point""
}",-83.1153459559999,42.3243136580001
3124,1198244,CONGRESS,BEAUBIEN,2017-11-17,17,11,2017,22,6,8,9,,4,0,,2,4,4,25,2,2,2,5,0,0,0,0,true,,true,true,false,false,false,,,,,,false,false,false,,,false,false,false,false,false,-83.04082,42.33235,"{
  ""coordinates"": [
    -8.304082778799990e+01,
    4.233235109900000e+01
  ],
  ""type"": ""Point""
}","{
  ""coordinates"": [
    -83.040827788,
    42.332351099
  ],
  ""type"": ""Point""
}",-83.0408277879999,42.332351099
3125,1198328,WYOMING,NORFOLK,2017-11-17,17,11,2017,17,6,8,9,,4,0,,1,1,4,35,2,2,17,5,0,0,0,0,true,,false,false,true,false,false,,,,,,false,false,false,,,false,true,false,false,false,-83.16142,42.44348,"{
  ""coordinates"": [
    -8.316141639200001e+01,
    4.244347906500010e+01
  ],
  ""type"": ""Point""
}","{
  ""coordinates"": [
    -83.161416392,
    42.443479065
  ],
  ""type"": ""Point""
}",-83.161416392,42.4434790650001
3126,1198237,ROSA PARKS,MICHIGAN,2017-11-17,17,11,2017,7,6,1,2,,4,0,,1,1,1,35,6,2,2,4,0,0,0,1,false,,false,false,false,false,false,,,,,,false,false,false,,,false,false,false,true,false,-83.0718,42.33144,"{
  ""coordinates"": [
    -8.307180160500000e+01,
    4.233143919000000e+01
  ],
  ""type"": ""Point""
}","{
  ""coordinates"": [
    -83.071801605,
    42.33143919
  ],
  ""type"": ""Point""
}",-83.071801605,42.33143919
3127,1198309,DAVISON,WILDEMERE,2017-11-17,17,11,2017,18,6,5,3,,1,0,,1,1,4,35,6,2,1,5,0,0,0,0,true,,false,false,true,false,false,,,,,,false,false,false,,,false,false,false,false,false,-83.12695,42.3912,"{
  ""coordinates"": [
    -8.312694459100000e+01,
    4.239119725400010e+01
  ],
  ""type"": ""Point""
}","{
  ""coordinates"": [
    -83.126944591,
    42.391197254
  ],
  ""type"": ""Point""
}",-83.126944591,42.3911972540001
3128,1210682,N I 75,RAMP 044B,2017-11-17,17,11,2017,20,6,5,1,,1,0,,1,1,4,55,3,2,1,5,0,0,0,0,true,,false,false,true,false,false,,,,,,false,false,false,,,false,false,false,false,false,-83.05629,42.36505,"{
  ""coordinates"": [
    -8.305629084600000e+01,
    4.236505223800000e+01
  ],
  ""type"": ""Point""
}","{
  ""coordinates"": [
    -83.056290846,
    42.365052238
  ],
  ""type"": ""Point""
}",-83.056290846,42.365052238
3129,1198290,HUBBELL,EATON,2017-11-17,17,11,2017,14,6,4,9,,4,0,,1,1,1,0,2,2,2,5,0,0,0,0,true,,false,false,false,false,false,,,,,,false,false,false,,,false,false,false,false,false,-83.18871,42.39703,"{
  ""coordinates"": [
    -8.318871194799991e+01,
    4.239703051800010e+01
  ],
  ""type"": ""Point""
}","{
  ""coordinates"": [
    -83.188711948,
    42.397030518
  ],
  ""type"": ""Point""
}",-83.1887119479999,42.3970305180001
3130,1198306,DAVISON,WILDEMERE,2017-11-17,17,11,2017,9,6,3,3,,1,0,,1,1,1,35,3,2,2,5,0,0,0,0,true,,false,false,false,false,false,,,,,,false,false,false,,,false,false,false,false,false,-83.12744,42.39102,"{
  ""coordinates"": [
    -8.312743777599999e+01,
    4.239101829300010e+01
  ],
  ""type"": ""Point""
}","{
  ""coordinates"": [
    -83.127437776,
    42.391018293
  ],
  ""type"": ""Point""
}",-83.127437776,42.3910182930001
3131,1222252,I-94,I-75,2017-11-17,17,11,2017,6,6,5,1,,1,0,,1,1,4,55,4,4,3,3,0,0,1,0,false,,false,false,true,false,false,,,,,,false,false,false,,,false,false,false,false,false,-83.05733,42.36917,"{
  ""coordinates"": [
    -8.305733254800001e+01,
    4.236917556600010e+01
  ],
  ""type"": ""Point""
}","{
  ""coordinates"": [
    -83.057332548,
    42.369175566
  ],
  ""type"": ""Point""
}",-83.057332548,42.3691755660001
3132,1210901,WOODWARD,GRATIOT,2017-11-17,17,11,2017,13,6,8,9,,4,0,,1,1,1,35,4,2,5,5,0,0,0,0,true,,false,false,false,false,false,,,,,,false,false,false,,,false,false,false,false,false,-83.04769,42.33275,"{
  ""coordinates"": [
    -8.304769442299990e+01,
    4.233275406300000e+01
  ],
  ""type"": ""Point""
}","{
  ""coordinates"": [
    -83.047694423,
    42.332754063
  ],
  ""type"": ""Point""
}",-83.0476944229999,42.332754063
3133,1211561,SELDEN,WOODWARD,2017-11-17,17,11,2017,16,6,97,9,,,0,,1,2,1,25,4,2,1,5,0,0,0,0,true,,false,false,true,false,false,,,,,,false,true,false,,,false,false,false,false,false,-83.06097,42.34891,"{
  ""coordinates"": [
    -8.306096422699990e+01,
    4.234890835100000e+01
  ],
  ""type"": ""Point""
}","{
  ""coordinates"": [
    -83.060964227,
    42.348908351
  ],
  ""type"": ""Point""
}",-83.0609642269999,42.348908351
3134,1199560,MOUNT ELLIOTT,MILLER,2017-11-17,17,11,2017,12,6,8,9,,4,0,,1,1,1,30,4,2,2,5,0,0,0,0,true,,false,false,false,false,false,,,,,,false,true,false,,,false,false,false,false,false,-83.03732,42.39054,"{
  ""coordinates"": [
    -8.303732621800000e+01,
    4.239053665600010e+01
  ],
  ""type"": ""Point""
}","{
  ""coordinates"": [
    -83.037326218,
    42.390536656
  ],
  ""type"": ""Point""
}",-83.037326218,42.3905366560001
3135,1198245,I-94,CASS,2017-11-17,17,11,2017,16,6,5,1,,1,0,,2,2,3,55,3,2,2,5,0,0,0,0,true,,false,false,false,false,false,,,,,,false,false,true,,,false,false,false,false,false,-83.07042,42.36276,"{
  ""coordinates"": [
    -8.307041572000000e+01,
    4.236276185900000e+01
  ],
  ""type"": ""Point""
}","{
  ""coordinates"": [
    -83.07041572,
    42.362761859
  ],
  ""type"": ""Point""
}",-83.07041572,42.362761859
3136,1199563,FENKELL,BRAMELL,2017-11-17,17,11,2017,3,6,1,9,,2,1,,1,1,5,35,2,1,1,5,0,0,0,0,true,,false,false,false,false,false,,,,,,false,false,false,,,false,false,false,false,false,-83.26399,42.40026,"{
  ""coordinates"": [
    -8.326399182999999e+01,
    4.240025755400010e+01
  ],
  ""type"": ""Point""
}","{
  ""coordinates"": [
    -83.26399183,
    42.400257554
  ],
  ""type"": ""Point""
}",-83.26399183,42.4002575540001