ObjectId,Crash ID,Primary Road,Intersecting Road,Crash Date,Day,Month,Year,Hour,Weekday,Crash Type Code,Highway Classification Code,Community Code,Jurisdiction Code,Lane Departure Type Code,Surface Type,Road Condition,Weather Condition,Lighting Condition,Speed Limit,Lanes,Units,Occupants,Most Severe Injury,Fatal Injuries,Suspected Serious Injuries,Suspected Minor Injuries,Possible Injuries,Property Damage Only,Secondary Crash,Traffic Control,Red Light Run,Hit and Run,Alcohol,Drugs,Unbelted Person,Work Zone,Speeding Driver,Distracted Driver,Driveway,Pedestrian,Elderly Driver,Young Driver,Commercial Vehicle,Emergency Vehicles,Train,School Bus,Motorcycle,Bicycle,Deer,Longitude,Latitude,geom,geog,x,y
3194,1196583,N I 75 SERVICE DRIVE,SPRINGWELLS,2017-11-16,16,11,2017,16,5,8,1,,4,0,,1,1,1,30,3,2,2,5,0,0,0,0,true,,false,false,false,false,false,,,,,,false,false,false,,,false,false,false,false,false,-83.11924,42.30085,"{
  ""coordinates"": [
    -8.311923604000000e+01,
    4.230085191400010e+01
  ],
  ""type"": ""Point""
}","{
  ""coordinates"": [
    -83.11923604,
    42.300851914
  ],
  ""type"": ""Point""
}",-83.11923604,42.3008519140001
3195,1198317,WYOMING,MARGARETA,2017-11-16,16,11,2017,17,5,8,9,,4,0,,2,2,3,30,2,2,0,5,0,0,0,0,true,,false,false,true,false,false,,,,,,false,false,false,,,false,false,false,false,false,-83.16083,42.42734,"{
  ""coordinates"": [
    -8.316082805799989e+01,
    4.242734123800010e+01
  ],
  ""type"": ""Point""
}","{
  ""coordinates"": [
    -83.160828058,
    42.427341238
  ],
  ""type"": ""Point""
}",-83.1608280579999,42.4273412380001
3196,1198323,WYOMING,MARGARETA,2017-11-16,16,11,2017,14,5,97,9,,4,0,,1,2,1,30,5,2,1,5,0,0,0,0,true,,false,false,false,false,false,,,,,,false,false,false,,,false,false,false,false,false,-83.16083,42.42737,"{
  ""coordinates"": [
    -8.316082906500000e+01,
    4.242737021900010e+01
  ],
  ""type"": ""Point""
}","{
  ""coordinates"": [
    -83.160829065,
    42.427370219
  ],
  ""type"": ""Point""
}",-83.160829065,42.4273702190001
3197,1198321,DEQUINDRE,STATE FAIR,2017-11-16,16,11,2017,14,5,5,9,,4,0,,1,1,1,30,2,2,1,5,0,0,0,0,true,,false,false,true,false,false,,,,,,false,false,false,,,false,false,false,false,false,-83.08311,42.44022,"{
  ""coordinates"": [
    -8.308311801900000e+01,
    4.244021658100010e+01
  ],
  ""type"": ""Point""
}","{
  ""coordinates"": [
    -83.083118019,
    42.440216581
  ],
  ""type"": ""Point""
}",-83.083118019,42.4402165810001
3198,1210772,RAMP 213P,I-96,2017-11-16,16,11,2017,8,5,5,1,,1,0,,1,1,1,55,1,2,2,5,0,0,0,0,true,,false,false,false,false,false,,,,,,false,false,false,,,false,false,false,false,false,-83.09808,42.35049,"{
  ""coordinates"": [
    -8.309807207400000e+01,
    4.235049071100010e+01
  ],
  ""type"": ""Point""
}","{
  ""coordinates"": [
    -83.098072074,
    42.350490711
  ],
  ""type"": ""Point""
}",-83.098072074,42.3504907110001
3199,1211104,MARLBOROUGH,AVONDALE,2017-11-16,16,11,2017,18,5,8,9,,,0,,1,1,4,25,3,2,0,5,0,0,0,0,true,,false,false,true,false,false,,,,,,false,false,false,,,false,false,false,false,false,-82.93772,42.36471,"{
  ""coordinates"": [
    -8.293772126499989e+01,
    4.236470649300000e+01
  ],
  ""type"": ""Point""
}","{
  ""coordinates"": [
    -82.937721265,
    42.364706493
  ],
  ""type"": ""Point""
}",-82.9377212649999,42.364706493
3200,1211231,VAN DYKE,GRATIOT01,2017-11-16,16,11,2017,11,5,9,3,,1,0,,1,1,1,25,2,2,4,5,0,0,0,0,true,,false,false,false,false,false,,,,,,false,false,true,,,false,false,false,false,false,-83.01469,42.37883,"{
  ""coordinates"": [
    -8.301468343800001e+01,
    4.237882942500000e+01
  ],
  ""type"": ""Point""
}","{
  ""coordinates"": [
    -83.014683438,
    42.378829425
  ],
  ""type"": ""Point""
}",-83.014683438,42.378829425
3201,1211562,ANTHONY WAYNE,WARREN,2017-11-16,16,11,2017,9,5,4,9,,4,0,,1,1,1,30,4,2,2,2,0,1,0,0,false,,false,false,false,false,false,,,,,,false,false,true,,,false,false,false,false,false,-83.07133,42.35447,"{
  ""coordinates"": [
    -8.307133077400000e+01,
    4.235447143900010e+01
  ],
  ""type"": ""Point""
}","{
  ""coordinates"": [
    -83.071330774,
    42.354471439
  ],
  ""type"": ""Point""
}",-83.071330774,42.3544714390001
3202,1198316,GRAND,CANFIELD,2017-11-16,16,11,2017,16,5,8,9,,4,0,,1,2,1,30,4,2,1,5,0,0,0,0,true,,false,false,true,false,false,,,,,,false,false,false,,,false,false,false,false,false,-83.01576,42.36816,"{
  ""coordinates"": [
    -8.301576137799999e+01,
    4.236816056700010e+01
  ],
  ""type"": ""Point""
}","{
  ""coordinates"": [
    -83.015761378,
    42.368160567
  ],
  ""type"": ""Point""
}",-83.015761378,42.3681605670001
3203,1210776,W I 96,LIVERNOIS,2017-11-16,16,11,2017,0,5,1,1,,1,1,,2,2,4,70,4,1,1,3,0,0,1,0,false,,false,false,false,false,false,,,,,,false,false,true,,,false,false,false,false,false,-83.13873,42.3674,"{
  ""coordinates"": [
    -8.313872919700000e+01,
    4.236739793000000e+01
  ],
  ""type"": ""Point""
}","{
  ""coordinates"": [
    -83.138729197,
    42.36739793
  ],
  ""type"": ""Point""
}",-83.138729197,42.36739793
3204,1198288,GRATIOT,MOUNT ELLIOTT,2017-11-16,16,11,2017,16,5,97,3,,1,0,,1,1,1,35,5,2,1,5,0,0,0,0,true,,false,false,true,false,false,,,,,,false,false,false,,,false,false,false,false,false,-83.02396,42.36484,"{
  ""coordinates"": [
    -8.302395757100000e+01,
    4.236484264400010e+01
  ],
  ""type"": ""Point""
}","{
  ""coordinates"": [
    -83.023957571,
    42.364842644
  ],
  ""type"": ""Point""
}",-83.023957571,42.3648426440001
3205,1198235,FOREST,JOHN C LODGE SERVICE,2017-11-16,16,11,2017,13,5,5,9,,4,0,,1,2,1,25,1,2,2,5,0,0,0,0,true,,false,false,false,false,false,,,,,,false,false,false,,,false,false,false,false,false,-83.07232,42.35155,"{
  ""coordinates"": [
    -8.307232086800001e+01,
    4.235155535700010e+01
  ],
  ""type"": ""Point""
}","{
  ""coordinates"": [
    -83.072320868,
    42.351555357
  ],
  ""type"": ""Point""
}",-83.072320868,42.3515553570001
3206,1210747,M-39,FORD,2017-11-16,16,11,2017,8,5,8,3,,1,0,,1,2,1,55,3,2,2,4,0,0,0,1,false,,false,false,false,false,false,,,,,,false,false,false,,,false,false,false,false,false,-83.21564,42.33055,"{
  ""coordinates"": [
    -8.321564470300000e+01,
    4.233055518400000e+01
  ],
  ""type"": ""Point""
}","{
  ""coordinates"": [
    -83.215644703,
    42.330555184
  ],
  ""type"": ""Point""
}",-83.215644703,42.330555184
3207,1196586,SPRINGWELLS,N I 75,2017-11-16,16,11,2017,0,5,97,1,,4,0,,1,1,1,25,2,2,2,5,0,0,0,0,true,,false,false,false,false,false,,,,,,false,false,true,,,false,false,false,false,false,-83.11932,42.30111,"{
  ""coordinates"": [
    -8.311932278300000e+01,
    4.230111304400000e+01
  ],
  ""type"": ""Point""
}","{
  ""coordinates"": [
    -83.119322783,
    42.301113044
  ],
  ""type"": ""Point""
}",-83.119322783,42.301113044
3208,1211102,WARREN,BERKSHIRE,2017-11-16,16,11,2017,12,5,97,9,,4,0,,1,1,1,35,2,2,2,5,0,0,0,0,true,,false,false,false,false,false,,,,,,false,true,false,,,false,false,false,false,false,-82.94476,42.4006,"{
  ""coordinates"": [
    -8.294475690000000e+01,
    4.240060230600010e+01
  ],
  ""type"": ""Point""
}","{
  ""coordinates"": [
    -82.9447569,
    42.400602306
  ],
  ""type"": ""Point""
}",-82.9447569,42.4006023060001
3209,1210612,E I 94,MOUNT ELLIOTT,2017-11-16,16,11,2017,17,5,8,1,,1,0,,1,1,4,55,3,2,1,5,0,0,0,0,true,,false,false,true,false,false,,,,,,false,false,false,,,false,false,false,false,false,-83.03301,42.37974,"{
  ""coordinates"": [
    -8.303301452999990e+01,
    4.237974142000010e+01
  ],
  ""type"": ""Point""
}","{
  ""coordinates"": [
    -83.03301453,
    42.37974142
  ],
  ""type"": ""Point""
}",-83.0330145299999,42.3797414200001
3210,1196616,CONANT,SOBIESKI,2017-11-16,16,11,2017,19,5,5,9,,4,0,,1,1,4,30,2,2,2,4,0,0,0,1,false,,false,false,false,false,false,,,,,,false,false,false,,,false,false,false,false,false,-83.05779,42.41005,"{
  ""coordinates"": [
    -8.305778289900000e+01,
    4.241005117700010e+01
  ],
  ""type"": ""Point""
}","{
  ""coordinates"": [
    -83.057782899,
    42.410051177
  ],
  ""type"": ""Point""
}",-83.057782899,42.4100511770001
3211,1199538,PLYMOUTH,BURT,2017-11-16,16,11,2017,23,5,4,9,,4,0,,1,1,4,40,6,2,1,5,0,0,0,0,true,,false,false,true,false,false,,,,,,false,false,false,,,false,false,false,false,false,-83.24628,42.37183,"{
  ""coordinates"": [
    -8.324628246100001e+01,
    4.237183425000010e+01
  ],
  ""type"": ""Point""
}","{
  ""coordinates"": [
    -83.246282461,
    42.37183425
  ],
  ""type"": ""Point""
}",-83.246282461,42.3718342500001
3212,1196620,VAN DYKE DYKE,SAVAGE,2017-11-16,16,11,2017,19,5,1,3,,1,0,,1,1,2,35,4,2,0,2,0,1,0,0,false,,false,false,true,false,false,,,,,,true,false,false,,,false,false,false,false,false,-83.02468,42.44622,"{
  ""coordinates"": [
    -8.302467780599990e+01,
    4.244622089200000e+01
  ],
  ""type"": ""Point""
}","{
  ""coordinates"": [
    -83.024677806,
    42.446220892
  ],
  ""type"": ""Point""
}",-83.0246778059999,42.446220892
3213,1198294,SOUTHFIELD SERVICE DRIVE,8 MILE,2017-11-16,16,11,2017,18,5,7,3,,5,0,,1,1,4,35,3,2,3,4,0,0,0,2,false,,false,false,false,false,false,,,,,,false,false,false,,,false,false,false,false,false,-83.22015,42.44417,"{
  ""coordinates"": [
    -8.322014410400000e+01,
    4.244417327800010e+01
  ],
  ""type"": ""Point""
}","{
  ""coordinates"": [
    -83.220144104,
    42.444173278
  ],
  ""type"": ""Point""
}",-83.220144104,42.4441732780001
3214,1211487,LIVERNOIS,MCNICHOLS,2017-11-16,16,11,2017,18,5,5,9,,4,0,,1,1,4,30,3,2,2,5,0,0,0,0,true,,false,false,false,false,false,,,,,,false,false,false,,,false,false,false,false,false,-83.14069,42.4166,"{
  ""coordinates"": [
    -8.314069554500000e+01,
    4.241660288000000e+01
  ],
  ""type"": ""Point""
}","{
  ""coordinates"": [
    -83.140695545,
    42.41660288
  ],
  ""type"": ""Point""
}",-83.140695545,42.41660288
3215,1211112,ALTER,FOREST,2017-11-16,16,11,2017,15,5,8,9,,4,0,,1,1,1,25,2,2,2,5,0,0,0,0,true,,false,false,false,false,false,,,,,,false,false,false,,,false,false,false,false,false,-82.95319,42.39552,"{
  ""coordinates"": [
    -8.295319556299999e+01,
    4.239551903700000e+01
  ],
  ""type"": ""Point""
}","{
  ""coordinates"": [
    -82.953195563,
    42.395519037
  ],
  ""type"": ""Point""
}",-82.953195563,42.395519037
3216,1210954,JEFFERSON,GRISWOLD,2017-11-16,16,11,2017,18,5,5,3,,1,0,,1,2,4,55,3,2,2,5,0,0,0,0,true,,false,false,false,false,false,,,,,,false,false,false,,,false,false,false,false,false,-83.04568,42.32826,"{
  ""coordinates"": [
    -8.304568567800000e+01,
    4.232826403300000e+01
  ],
  ""type"": ""Point""
}","{
  ""coordinates"": [
    -83.045685678,
    42.328264033
  ],
  ""type"": ""Point""
}",-83.045685678,42.328264033
3217,1210733,I-75,SPRINGWELLS,2017-11-16,16,11,2017,8,5,5,1,,1,0,,1,1,1,55,3,2,2,5,0,0,0,0,true,,false,false,false,false,false,,,,,,false,false,false,,,false,false,false,false,false,-83.119,42.30144,"{
  ""coordinates"": [
    -8.311900629699990e+01,
    4.230143684700000e+01
  ],
  ""type"": ""Point""
}","{
  ""coordinates"": [
    -83.119006297,
    42.301436847
  ],
  ""type"": ""Point""
}",-83.1190062969999,42.301436847
3218,1211166,FAUST,DAYTON,2017-11-16,16,11,2017,15,5,4,9,,,0,,1,2,1,25,4,2,3,5,0,0,0,0,true,,false,false,false,false,false,,,,,,false,false,false,,,false,false,false,false,false,-83.22047,42.33448,"{
  ""coordinates"": [
    -8.322047322299990e+01,
    4.233448304700000e+01
  ],
  ""type"": ""Point""
}","{
  ""coordinates"": [
    -83.220473223,
    42.334483047
  ],
  ""type"": ""Point""
}",-83.2204732229999,42.334483047
3219,1196603,7 MILE,TEPPERT,2017-11-16,16,11,2017,19,5,4,9,,4,0,,1,1,4,30,2,2,1,3,0,0,1,0,false,,true,false,true,false,false,,,,,,false,false,false,,,false,false,false,false,false,-83.00792,42.43436,"{
  ""coordinates"": [
    -8.300791562400001e+01,
    4.243435874600000e+01
  ],
  ""type"": ""Point""
}","{
  ""coordinates"": [
    -83.007915624,
    42.434358746
  ],
  ""type"": ""Point""
}",-83.007915624,42.434358746
3220,1210756,I-94,WYOMING,2017-11-16,16,11,2017,19,5,8,1,,1,0,,1,1,4,55,3,2,4,5,0,0,0,0,true,,false,false,true,false,false,,,,,,false,false,false,,,false,false,false,false,false,-83.15294,42.3296,"{
  ""coordinates"": [
    -8.315293540099999e+01,
    4.232959568200000e+01
  ],
  ""type"": ""Point""
}","{
  ""coordinates"": [
    -83.152935401,
    42.329595682
  ],
  ""type"": ""Point""
}",-83.152935401,42.329595682
3221,1198227,N I 75,2ND,2017-11-16,16,11,2017,11,5,5,1,,1,0,,1,1,1,55,3,2,2,4,0,0,0,1,false,,false,false,false,false,false,,,,,,false,false,true,,,false,false,false,false,false,-83.05847,42.33681,"{
  ""coordinates"": [
    -8.305847423599990e+01,
    4.233681134800000e+01
  ],
  ""type"": ""Point""
}","{
  ""coordinates"": [
    -83.058474236,
    42.336811348
  ],
  ""type"": ""Point""
}",-83.0584742359999,42.336811348
3222,1199593,WARREN,N M 10,2017-11-16,16,11,2017,13,5,8,9,,4,0,,1,2,1,30,4,2,2,5,0,0,0,0,true,,false,false,true,false,false,,,,,,false,false,true,,,false,false,false,false,false,-83.07328,42.35381,"{
  ""coordinates"": [
    -8.307328396900000e+01,
    4.235381075100000e+01
  ],
  ""type"": ""Point""
}","{
  ""coordinates"": [
    -83.073283969,
    42.353810751
  ],
  ""type"": ""Point""
}",-83.073283969,42.353810751
3223,1196588,HUBBELL,LYNDON,2017-11-16,16,11,2017,23,5,1,9,,4,0,,1,1,5,25,2,2,1,5,0,0,0,0,true,,false,false,false,false,false,,,,,,true,false,false,,,false,false,false,false,false,-83.18861,42.39462,"{
  ""coordinates"": [
    -8.318861446200000e+01,
    4.239461648600010e+01
  ],
  ""type"": ""Point""
}","{
  ""coordinates"": [
    -83.188614462,
    42.394616486
  ],
  ""type"": ""Point""
}",-83.188614462,42.3946164860001
3224,1198266,ST ANTOINE,CANFIELD,2017-11-16,16,11,2017,13,5,4,9,,4,0,,1,2,1,30,5,2,3,5,0,0,0,0,true,,false,false,false,false,false,,,,,,false,false,false,,,false,false,false,false,false,-83.05425,42.35562,"{
  ""coordinates"": [
    -8.305425630199990e+01,
    4.235561782100010e+01
  ],
  ""type"": ""Point""
}","{
  ""coordinates"": [
    -83.054256302,
    42.355617821
  ],
  ""type"": ""Point""
}",-83.0542563019999,42.3556178210001
3225,1196606,HARPER,GREENSBORO,2017-11-16,16,11,2017,19,5,97,9,,4,0,,1,1,4,30,2,2,4,4,0,0,0,2,false,,false,false,true,false,false,,,,,,false,false,false,,,false,false,false,false,false,-82.95643,42.40705,"{
  ""coordinates"": [
    -8.295642770900000e+01,
    4.240705367500000e+01
  ],
  ""type"": ""Point""
}","{
  ""coordinates"": [
    -82.956427709,
    42.407053675
  ],
  ""type"": ""Point""
}",-82.956427709,42.407053675
3226,1198307,VISGER,FORT,2017-11-16,16,11,2017,14,5,98,3,,,0,,1,1,1,25,2,2,0,5,0,0,0,0,true,,false,false,true,false,false,,,,,,false,false,false,,,false,false,false,false,false,-83.16206,42.26863,"{
  ""coordinates"": [
    -8.316205418700000e+01,
    4.226862551700000e+01
  ],
  ""type"": ""Point""
}","{
  ""coordinates"": [
    -83.162054187,
    42.268625517
  ],
  ""type"": ""Point""
}",-83.162054187,42.268625517
3227,1196605,MOROSS,BEACONSFIELD,2017-11-16,16,11,2017,16,5,4,9,,2,0,,1,1,1,30,4,2,2,4,0,0,0,1,false,,true,true,true,false,false,,,,,,false,false,false,,,false,false,false,false,false,-82.94156,42.42965,"{
  ""coordinates"": [
    -8.294155894300000e+01,
    4.242964861600010e+01
  ],
  ""type"": ""Point""
}","{
  ""coordinates"": [
    -82.941558943,
    42.429648616
  ],
  ""type"": ""Point""
}",-82.941558943,42.4296486160001
3228,1198297,PURITAN,LINDSAY,2017-11-16,16,11,2017,22,5,6,9,,4,0,,98,98,98,25,2,2,1,4,0,0,0,1,false,,false,false,false,false,false,,,,,,false,false,false,,,false,false,false,false,false,-83.21301,42.40845,"{
  ""coordinates"": [
    -8.321300501600000e+01,
    4.240845285600010e+01
  ],
  ""type"": ""Point""
}","{
  ""coordinates"": [
    -83.213005016,
    42.408452856
  ],
  ""type"": ""Point""
}",-83.213005016,42.4084528560001
3229,1196618,RYAN,OUTER,2017-11-16,16,11,2017,11,5,4,9,,4,0,,1,2,1,35,2,2,2,5,0,0,0,0,true,,false,false,false,false,false,,,,,,false,true,false,,,false,false,false,false,false,-83.06355,42.44033,"{
  ""coordinates"": [
    -8.306354981899990e+01,
    4.244033489400000e+01
  ],
  ""type"": ""Point""
}","{
  ""coordinates"": [
    -83.063549819,
    42.440334894
  ],
  ""type"": ""Point""
}",-83.0635498189999,42.440334894
3230,1211176,SNOWDEN,MCNICHOLS,2017-11-16,16,11,2017,19,5,9,9,,,2,,1,1,4,25,4,2,0,5,0,0,0,0,true,,false,false,true,false,false,,,,,,false,false,false,,,false,false,false,false,false,-83.17746,42.41681,"{
  ""coordinates"": [
    -8.317746206500000e+01,
    4.241680488200010e+01
  ],
  ""type"": ""Point""
}","{
  ""coordinates"": [
    -83.177462065,
    42.416804882
  ],
  ""type"": ""Point""
}",-83.177462065,42.4168048820001
3231,1196590,RAMP 217A,E I 94,2017-11-16,16,11,2017,8,5,97,1,,1,0,,1,1,1,55,3,1,1,5,0,0,0,0,true,,false,false,true,false,false,,,,,,false,true,false,,,false,false,false,false,false,-83.04935,42.3731,"{
  ""coordinates"": [
    -8.304934537799990e+01,
    4.237309482100010e+01
  ],
  ""type"": ""Point""
}","{
  ""coordinates"": [
    -83.049345378,
    42.373094821
  ],
  ""type"": ""Point""
}",-83.0493453779999,42.3730948210001
3232,1210651,W I 96,GRAND RIVER,2017-11-16,16,11,2017,15,5,97,1,,1,1,,1,1,1,70,3,1,1,5,0,0,0,0,true,,false,false,false,false,false,,,,,,false,false,false,,,false,false,false,false,false,-83.14497,42.37116,"{
  ""coordinates"": [
    -8.314496690599999e+01,
    4.237115953500010e+01
  ],
  ""type"": ""Point""
}","{
  ""coordinates"": [
    -83.144966906,
    42.371159535
  ],
  ""type"": ""Point""
}",-83.144966906,42.3711595350001
3233,1198273,LARNED,BRUSH,2017-11-16,16,11,2017,14,5,5,9,,4,3,,1,1,1,25,4,2,0,5,0,0,0,0,true,,false,false,true,false,false,,,,,,false,false,false,,,false,false,false,false,false,-83.04157,42.33101,"{
  ""coordinates"": [
    -8.304157129399989e+01,
    4.233100992600000e+01
  ],
  ""type"": ""Point""
}","{
  ""coordinates"": [
    -83.041571294,
    42.331009926
  ],
  ""type"": ""Point""
}",-83.0415712939999,42.331009926
3234,1198325,WYOMING,JAMES COUZENS,2017-11-16,16,11,2017,18,5,8,9,,4,0,,1,1,3,25,1,2,4,5,0,0,0,0,true,,false,false,false,false,false,,,,,,false,false,true,,,false,false,false,false,false,-83.15983,42.40558,"{
  ""coordinates"": [
    -8.315982857499991e+01,
    4.240558286000000e+01
  ],
  ""type"": ""Point""
}","{
  ""coordinates"": [
    -83.159828575,
    42.40558286
  ],
  ""type"": ""Point""
}",-83.1598285749999,42.40558286
3235,1196611,JOHN R,CANFIELD,2017-11-16,16,11,2017,10,5,5,9,,4,0,,1,1,1,30,2,2,3,5,0,0,0,0,true,,false,false,false,false,false,,,,,,false,true,false,,,false,false,false,false,false,-83.0592,42.35337,"{
  ""coordinates"": [
    -8.305920291699989e+01,
    4.235337514800010e+01
  ],
  ""type"": ""Point""
}","{
  ""coordinates"": [
    -83.059202917,
    42.353375148
  ],
  ""type"": ""Point""
}",-83.0592029169999,42.3533751480001
3236,1196598,TROJAN,PATTON,2017-11-16,16,11,2017,7,5,97,9,,,0,,1,1,1,25,2,3,3,5,0,0,0,0,true,,false,false,true,false,false,,,,,,false,false,false,,,false,false,false,false,false,-83.24534,42.44021,"{
  ""coordinates"": [
    -8.324534067899999e+01,
    4.244020852400010e+01
  ],
  ""type"": ""Point""
}","{
  ""coordinates"": [
    -83.245340679,
    42.440208524
  ],
  ""type"": ""Point""
}",-83.245340679,42.4402085240001
3237,1198310,DAVISON,LIVERNOIS,2017-11-16,16,11,2017,15,5,5,3,,1,0,,1,1,1,35,7,2,2,5,0,0,0,0,true,,false,false,true,false,false,,,,,,false,false,false,,,false,false,false,false,false,-83.13937,42.38671,"{
  ""coordinates"": [
    -8.313936654400000e+01,
    4.238670571600010e+01
  ],
  ""type"": ""Point""
}","{
  ""coordinates"": [
    -83.139366544,
    42.386705716
  ],
  ""type"": ""Point""
}",-83.139366544,42.3867057160001
3238,1196593,EVERGREEN,GROVE,2017-11-16,16,11,2017,22,5,9,9,,4,2,,1,1,4,35,2,2,4,4,0,0,0,1,false,,false,false,true,false,false,,,,,,false,false,false,,,false,false,false,false,false,-83.23805,42.41282,"{
  ""coordinates"": [
    -8.323805437300000e+01,
    4.241281648900010e+01
  ],
  ""type"": ""Point""
}","{
  ""coordinates"": [
    -83.238054373,
    42.412816489
  ],
  ""type"": ""Point""
}",-83.238054373,42.4128164890001
3239,1196581,TIREMAN,DECATUR,2017-11-16,16,11,2017,11,5,1,9,,2,0,,1,2,1,30,2,1,1,4,0,0,0,1,false,,false,false,false,false,false,,,,,,false,false,false,,,false,false,false,false,false,-83.17976,42.35123,"{
  ""coordinates"": [
    -8.317976350700000e+01,
    4.235123496500010e+01
  ],
  ""type"": ""Point""
}","{
  ""coordinates"": [
    -83.179763507,
    42.351234965
  ],
  ""type"": ""Point""
}",-83.179763507,42.3512349650001
3240,1196591,CHRYSLER,FOREST,2017-11-16,16,11,2017,8,5,4,9,,4,0,,1,1,1,25,1,2,4,5,0,0,0,0,true,,false,false,false,false,false,,,,,,false,false,false,,,false,true,false,false,false,-83.05246,42.35886,"{
  ""coordinates"": [
    -8.305245834100000e+01,
    4.235886198000000e+01
  ],
  ""type"": ""Point""
}","{
  ""coordinates"": [
    -83.052458341,
    42.35886198
  ],
  ""type"": ""Point""
}",-83.052458341,42.35886198
3241,1198313,DEXTER,BURLINGAME,2017-11-16,16,11,2017,15,5,8,9,,4,0,,1,1,1,30,4,2,2,5,0,0,0,0,true,,false,false,true,false,false,,,,,,false,true,false,,,false,false,false,false,false,-83.12351,42.37883,"{
  ""coordinates"": [
    -8.312351149800000e+01,
    4.237883229200000e+01
  ],
  ""type"": ""Point""
}","{
  ""coordinates"": [
    -83.123511498,
    42.378832292
  ],
  ""type"": ""Point""
}",-83.123511498,42.378832292
3242,1195263,N I 75,BRENTWOOD,2017-11-16,16,11,2017,3,5,1,1,,1,1,,1,2,4,35,3,1,1,5,0,0,0,0,true,,false,false,false,false,false,,,,,,false,false,false,,,false,false,false,false,false,-83.09455,42.43165,"{
  ""coordinates"": [
    -8.309455343000000e+01,
    4.243165337700000e+01
  ],
  ""type"": ""Point""
}","{
  ""coordinates"": [
    -83.09455343,
    42.431653377
  ],
  ""type"": ""Point""
}",-83.09455343,42.431653377
3243,1195260,MOUND,CASMERE,2017-11-15,15,11,2017,17,4,8,9,,2,0,,2,4,4,35,4,2,3,5,0,0,0,0,true,,false,false,false,false,false,,,,,,false,false,false,,,false,false,false,false,false,-83.04247,42.40874,"{
  ""coordinates"": [
    -8.304246276600000e+01,
    4.240873574000010e+01
  ],
  ""type"": ""Point""
}","{
  ""coordinates"": [
    -83.042462766,
    42.40873574
  ],
  ""type"": ""Point""
}",-83.042462766,42.4087357400001
3244,1195252,HARPER,MCCLELLAN,2017-11-15,15,11,2017,14,4,4,9,,4,0,,2,4,1,30,2,2,1,5,0,0,0,0,true,,true,true,true,false,false,,,,,,false,false,false,,,false,false,false,false,false,-83.01063,42.39212,"{
  ""coordinates"": [
    -8.301063086499990e+01,
    4.239212435900000e+01
  ],
  ""type"": ""Point""
}","{
  ""coordinates"": [
    -83.010630865,
    42.392124359
  ],
  ""type"": ""Point""
}",-83.0106308649999,42.392124359
3245,1195251,S I 75 SERVICE DRIVE,MACK,2017-11-15,15,11,2017,20,4,1,1,,4,0,,2,4,4,30,2,2,2,5,0,0,0,0,true,,false,false,true,false,false,,,,,,false,false,false,,,false,false,false,true,false,-83.04852,42.35101,"{
  ""coordinates"": [
    -8.304851402600001e+01,
    4.235100758500000e+01
  ],
  ""type"": ""Point""
}","{
  ""coordinates"": [
    -83.048514026,
    42.351007585
  ],
  ""type"": ""Point""
}",-83.048514026,42.351007585
3246,1195249,GRATIOT,RAMP 219B,2017-11-15,15,11,2017,16,4,3,3,,1,0,,2,4,3,35,5,2,2,5,0,0,0,0,true,,false,false,false,false,false,,,,,,false,false,false,,,false,false,false,false,false,-83.00678,42.39078,"{
  ""coordinates"": [
    -8.300678556699999e+01,
    4.239077892500010e+01
  ],
  ""type"": ""Point""
}","{
  ""coordinates"": [
    -83.006785567,
    42.390778925
  ],
  ""type"": ""Point""
}",-83.006785567,42.3907789250001
3247,1195235,WOODWARD,STIMSON,2017-11-15,15,11,2017,21,4,4,3,,1,0,,2,4,4,30,7,2,2,5,0,0,0,0,true,,false,false,true,false,false,,,,,,false,false,false,,,false,false,false,false,false,-83.05753,42.34687,"{
  ""coordinates"": [
    -8.305752898000000e+01,
    4.234687538500000e+01
  ],
  ""type"": ""Point""
}","{
  ""coordinates"": [
    -83.05752898,
    42.346875385
  ],
  ""type"": ""Point""
}",-83.05752898,42.346875385
3248,1211386,MARGARITA,GREENVIEW,2017-11-15,15,11,2017,20,4,98,9,,,0,,1,1,4,15,1,2,0,5,0,0,0,0,true,,false,false,true,false,false,,,,,,false,false,false,,,false,false,false,false,false,-83.22549,42.42674,"{
  ""coordinates"": [
    -8.322548750700000e+01,
    4.242674221900010e+01
  ],
  ""type"": ""Point""
}","{
  ""coordinates"": [
    -83.225487507,
    42.426742219
  ],
  ""type"": ""Point""
}",-83.225487507,42.4267422190001
3249,1195267,LIVERNOIS,7 MILE,2017-11-15,15,11,2017,10,4,5,9,,4,0,,1,1,1,30,2,3,5,5,0,0,0,0,true,,false,false,false,false,false,,,,,,false,false,true,,,false,false,false,false,false,-83.14159,42.43203,"{
  ""coordinates"": [
    -8.314158938500000e+01,
    4.243203196300000e+01
  ],
  ""type"": ""Point""
}","{
  ""coordinates"": [
    -83.141589385,
    42.432031963
  ],
  ""type"": ""Point""
}",-83.141589385,42.432031963
3250,1195227,SCHAEFER,SCHOOLCRAFT,2017-11-15,15,11,2017,13,4,3,9,,4,0,,2,4,1,35,5,2,3,4,0,0,0,1,false,,false,false,false,false,false,,,,,,false,true,false,,,false,false,false,false,false,-83.17853,42.38801,"{
  ""coordinates"": [
    -8.317852678100000e+01,
    4.238800926700000e+01
  ],
  ""type"": ""Point""
}","{
  ""coordinates"": [
    -83.178526781,
    42.388009267
  ],
  ""type"": ""Point""
}",-83.178526781,42.388009267