ObjectId,Crash ID,Primary Road,Intersecting Road,Crash Date,Day,Month,Year,Hour,Weekday,Crash Type Code,Highway Classification Code,Community Code,Jurisdiction Code,Lane Departure Type Code,Surface Type,Road Condition,Weather Condition,Lighting Condition,Speed Limit,Lanes,Units,Occupants,Most Severe Injury,Fatal Injuries,Suspected Serious Injuries,Suspected Minor Injuries,Possible Injuries,Property Damage Only,Secondary Crash,Traffic Control,Red Light Run,Hit and Run,Alcohol,Drugs,Unbelted Person,Work Zone,Speeding Driver,Distracted Driver,Driveway,Pedestrian,Elderly Driver,Young Driver,Commercial Vehicle,Emergency Vehicles,Train,School Bus,Motorcycle,Bicycle,Deer,Longitude,Latitude,geom,geog,x,y
3251,1210751,M-39,JOY,2017-11-15,15,11,2017,14,4,1,9,,4,1,,2,4,1,55,3,1,1,5,0,0,0,0,true,,false,false,false,false,false,,,,,,false,false,true,,,false,false,false,false,false,-83.21625,42.37009,"{
  ""coordinates"": [
    -8.321624822800000e+01,
    4.237009230800000e+01
  ],
  ""type"": ""Point""
}","{
  ""coordinates"": [
    -83.216248228,
    42.370092308
  ],
  ""type"": ""Point""
}",-83.216248228,42.370092308
3252,1195186,RAMP 216E,RAMP 216D,2017-11-15,15,11,2017,18,4,8,1,,1,0,,2,4,4,55,2,2,2,5,0,0,0,0,true,,false,false,false,false,false,,,,,,false,true,false,,,false,false,false,false,false,-83.05714,42.36827,"{
  ""coordinates"": [
    -8.305714679800001e+01,
    4.236827215200000e+01
  ],
  ""type"": ""Point""
}","{
  ""coordinates"": [
    -83.057146798,
    42.368272152
  ],
  ""type"": ""Point""
}",-83.057146798,42.368272152
3253,1196585,CLARK,N I 75,2017-11-15,15,11,2017,11,4,4,7,,1,0,,1,2,1,25,4,2,2,5,0,0,0,0,true,,true,true,false,false,false,,,,,,false,false,false,,,false,false,false,false,false,-83.09091,42.31343,"{
  ""coordinates"": [
    -8.309090919499990e+01,
    4.231342599400010e+01
  ],
  ""type"": ""Point""
}","{
  ""coordinates"": [
    -83.090909195,
    42.313425994
  ],
  ""type"": ""Point""
}",-83.0909091949999,42.3134259940001
3254,1210945,S I 75,RAMP 035K,2017-11-15,15,11,2017,16,4,8,1,,1,0,,2,4,3,35,6,2,3,5,0,0,0,0,true,,false,false,false,false,false,,,,,,false,false,false,,,false,false,false,false,false,-83.08406,42.31691,"{
  ""coordinates"": [
    -8.308406439700001e+01,
    4.231690768400010e+01
  ],
  ""type"": ""Point""
}","{
  ""coordinates"": [
    -83.084064397,
    42.316907684
  ],
  ""type"": ""Point""
}",-83.084064397,42.3169076840001
3255,1195238,WYOMING,OUTER,2017-11-15,15,11,2017,12,4,8,9,,4,0,,1,1,1,35,3,2,1,5,0,0,0,0,true,,false,false,true,false,false,,,,,,false,false,true,,,false,false,false,false,false,-83.1611,42.43499,"{
  ""coordinates"": [
    -8.316110495600000e+01,
    4.243499214300000e+01
  ],
  ""type"": ""Point""
}","{
  ""coordinates"": [
    -83.161104956,
    42.434992143
  ],
  ""type"": ""Point""
}",-83.161104956,42.434992143
3256,1198298,RAMP 051G,8 MILE,2017-11-15,15,11,2017,15,4,5,2,,1,0,,2,4,1,0,3,2,2,5,0,0,0,0,true,,false,false,false,false,false,,,,,,false,true,false,,,false,false,false,false,false,-83.27917,42.44271,"{
  ""coordinates"": [
    -8.327916561500000e+01,
    4.244271055000010e+01
  ],
  ""type"": ""Point""
}","{
  ""coordinates"": [
    -83.279165615,
    42.44271055
  ],
  ""type"": ""Point""
}",-83.279165615,42.4427105500001
3257,1195248,GRATIOT,KNODELL,2017-11-15,15,11,2017,19,4,5,3,,1,0,,2,4,4,35,7,4,7,3,0,0,7,0,false,,false,false,false,false,false,,,,,,false,false,false,,,false,false,false,false,false,-83.00119,42.39927,"{
  ""coordinates"": [
    -8.300118893299999e+01,
    4.239926535900000e+01
  ],
  ""type"": ""Point""
}","{
  ""coordinates"": [
    -83.001188933,
    42.399265359
  ],
  ""type"": ""Point""
}",-83.001188933,42.399265359
3258,1199590,BRUSH,PALMER,2017-11-15,15,11,2017,15,4,4,9,,4,0,,2,4,1,30,3,2,2,5,0,0,0,0,true,,false,false,false,false,false,,,,,,false,false,true,,,false,false,false,false,false,-83.06335,42.36399,"{
  ""coordinates"": [
    -8.306335663800000e+01,
    4.236398805100000e+01
  ],
  ""type"": ""Point""
}","{
  ""coordinates"": [
    -83.063356638,
    42.363988051
  ],
  ""type"": ""Point""
}",-83.063356638,42.363988051
3259,1198232,GRAND RIVER,FOREST,2017-11-15,15,11,2017,19,4,1,3,,1,0,,2,98,4,30,5,1,2,5,0,0,0,0,true,,false,false,true,true,false,,,,,,false,false,false,,,false,false,false,false,false,-83.08485,42.34691,"{
  ""coordinates"": [
    -8.308485647500000e+01,
    4.234690806600000e+01
  ],
  ""type"": ""Point""
}","{
  ""coordinates"": [
    -83.084856475,
    42.346908066
  ],
  ""type"": ""Point""
}",-83.084856475,42.346908066
3260,1195271,MCNICHOLS,SANTA ROSA,2017-11-15,15,11,2017,15,4,98,9,,4,3,,2,4,1,30,5,2,0,5,0,0,0,0,true,,false,false,true,false,false,,,,,,false,false,false,,,false,false,false,false,false,-83.14375,42.41714,"{
  ""coordinates"": [
    -8.314375024799990e+01,
    4.241714383000000e+01
  ],
  ""type"": ""Point""
}","{
  ""coordinates"": [
    -83.143750248,
    42.41714383
  ],
  ""type"": ""Point""
}",-83.1437502479999,42.41714383
3261,1196625,CASS,HANCOCK,2017-11-15,15,11,2017,20,4,8,9,,4,3,,2,4,4,30,2,2,1,5,0,0,0,0,true,,false,false,true,false,false,,,,,,false,false,false,,,false,false,false,false,false,-83.06597,42.3548,"{
  ""coordinates"": [
    -8.306597076700000e+01,
    4.235479657100010e+01
  ],
  ""type"": ""Point""
}","{
  ""coordinates"": [
    -83.065970767,
    42.354796571
  ],
  ""type"": ""Point""
}",-83.065970767,42.3547965710001
3262,1219907,STATEFAIR,STRASBURG,2017-11-15,15,11,2017,7,4,10,9,,4,0,,1,1,2,25,2,2,2,5,0,0,0,0,true,,false,false,true,false,false,,,,,,false,false,false,,,false,false,false,false,false,-82.99873,42.44186,"{
  ""coordinates"": [
    -8.299873029699999e+01,
    4.244185823300010e+01
  ],
  ""type"": ""Point""
}","{
  ""coordinates"": [
    -82.998730297,
    42.441858233
  ],
  ""type"": ""Point""
}",-82.998730297,42.4418582330001
3263,1195241,S M 39 SERVICE DRIVE,JOY,2017-11-15,15,11,2017,18,4,5,9,,4,0,,2,4,4,30,3,2,1,5,0,0,0,0,true,,false,false,true,false,false,,,,,,false,false,false,,,false,false,false,false,false,-83.2169,42.35787,"{
  ""coordinates"": [
    -8.321690481000000e+01,
    4.235787265300010e+01
  ],
  ""type"": ""Point""
}","{
  ""coordinates"": [
    -83.21690481,
    42.357872653
  ],
  ""type"": ""Point""
}",-83.21690481,42.3578726530001
3264,1210745,I-94,CADIEUX,2017-11-15,15,11,2017,15,4,1,1,,1,1,,2,4,1,55,3,1,1,4,0,0,0,1,false,,false,false,false,false,false,,,,,,false,false,false,,,false,false,false,false,false,-82.93562,42.41817,"{
  ""coordinates"": [
    -8.293561935400000e+01,
    4.241816725000010e+01
  ],
  ""type"": ""Point""
}","{
  ""coordinates"": [
    -82.935619354,
    42.41816725
  ],
  ""type"": ""Point""
}",-82.935619354,42.4181672500001
3265,1195258,CHURCHILL,GRAND,2017-11-15,15,11,2017,9,4,8,9,,,0,,2,4,1,25,1,2,0,5,0,0,0,0,true,,false,false,true,false,false,,,,,,false,false,false,,,false,false,false,false,false,-83.09029,42.36493,"{
  ""coordinates"": [
    -8.309029535099999e+01,
    4.236492691800000e+01
  ],
  ""type"": ""Point""
}","{
  ""coordinates"": [
    -83.090295351,
    42.364926918
  ],
  ""type"": ""Point""
}",-83.090295351,42.364926918
3266,1195256,GRATIOT,FRENCH,2017-11-15,15,11,2017,19,4,5,3,,1,0,,2,4,4,35,4,2,1,4,0,0,0,1,false,,false,false,true,false,false,,,,,,false,false,true,,,false,false,false,false,false,-83.00078,42.39989,"{
  ""coordinates"": [
    -8.300077983200001e+01,
    4.239989200100010e+01
  ],
  ""type"": ""Point""
}","{
  ""coordinates"": [
    -83.000779832,
    42.399892001
  ],
  ""type"": ""Point""
}",-83.000779832,42.3998920010001
3267,1198326,8 MILE SERVICE DRIVE,OXLEY,2017-11-15,15,11,2017,14,4,4,3,,1,0,,2,4,1,40,8,2,3,4,0,0,0,1,false,,false,false,false,false,false,,,,,,false,false,true,,,false,false,false,false,false,-83.19682,42.44487,"{
  ""coordinates"": [
    -8.319682168400000e+01,
    4.244486568900000e+01
  ],
  ""type"": ""Point""
}","{
  ""coordinates"": [
    -83.196821684,
    42.444865689
  ],
  ""type"": ""Point""
}",-83.196821684,42.444865689
3268,1228271,WOODINGHAM,MCNICHOLS,2017-11-15,15,11,2017,1,4,1,9,,,1,,1,1,5,25,1,1,1,1,1,0,0,0,false,,false,false,false,false,false,,,,,,false,false,true,,,false,false,false,false,false,-83.14999,42.41767,"{
  ""coordinates"": [
    -8.314999441200000e+01,
    4.241766746100010e+01
  ],
  ""type"": ""Point""
}","{
  ""coordinates"": [
    -83.149994412,
    42.417667461
  ],
  ""type"": ""Point""
}",-83.149994412,42.4176674610001
3269,1198289,CHENE,FOREST,2017-11-15,15,11,2017,16,4,4,9,,4,0,,2,4,4,30,4,2,2,4,0,0,0,1,false,,true,true,false,false,false,,,,,,false,false,false,,,false,false,false,false,false,-83.0394,42.36361,"{
  ""coordinates"": [
    -8.303940181199989e+01,
    4.236361170400000e+01
  ],
  ""type"": ""Point""
}","{
  ""coordinates"": [
    -83.039401812,
    42.363611704
  ],
  ""type"": ""Point""
}",-83.0394018119999,42.363611704
3270,1198327,SCHAEFER,GROVE,2017-11-15,15,11,2017,19,4,4,9,,4,0,,2,4,4,30,2,2,1,5,0,0,0,0,true,,false,false,true,false,false,,,,,,false,false,false,,,false,false,false,false,false,-83.17969,42.4141,"{
  ""coordinates"": [
    -8.317968786700000e+01,
    4.241409853800010e+01
  ],
  ""type"": ""Point""
}","{
  ""coordinates"": [
    -83.179687867,
    42.414098538
  ],
  ""type"": ""Point""
}",-83.179687867,42.4140985380001
3271,1195266,NORTHLAWN,CLARITA,2017-11-15,15,11,2017,20,4,4,9,,,0,,2,4,4,25,2,2,3,5,0,0,0,0,true,,true,false,false,false,false,,,,,,false,false,false,,,false,false,false,false,false,-83.15423,42.42961,"{
  ""coordinates"": [
    -8.315422800200000e+01,
    4.242961034200000e+01
  ],
  ""type"": ""Point""
}","{
  ""coordinates"": [
    -83.154228002,
    42.429610342
  ],
  ""type"": ""Point""
}",-83.154228002,42.429610342
3272,1210906,ANTHONY WAYNE,WARREN,2017-11-15,15,11,2017,19,4,98,9,,4,0,,2,4,4,30,2,1,1,5,0,0,0,0,true,,false,false,true,false,false,,,,,,false,false,true,,,false,false,false,false,false,-83.07117,42.35467,"{
  ""coordinates"": [
    -8.307116806300000e+01,
    4.235467237500010e+01
  ],
  ""type"": ""Point""
}","{
  ""coordinates"": [
    -83.071168063,
    42.354672375
  ],
  ""type"": ""Point""
}",-83.071168063,42.3546723750001
3273,1195250,ROHNS,DUNCAN,2017-11-15,15,11,2017,20,4,1,9,,,0,,2,4,4,25,2,1,0,5,0,0,0,0,true,,false,false,false,false,false,,,,,,false,false,false,,,false,false,false,false,false,-83.01157,42.39016,"{
  ""coordinates"": [
    -8.301156955300000e+01,
    4.239015961400000e+01
  ],
  ""type"": ""Point""
}","{
  ""coordinates"": [
    -83.011569553,
    42.390159614
  ],
  ""type"": ""Point""
}",-83.011569553,42.390159614
3274,1210669,E I 96,E M 8,2017-11-15,15,11,2017,14,4,1,1,,1,1,,2,4,1,70,3,1,1,5,0,0,0,0,true,,false,false,false,false,false,,,,,,false,false,false,,,false,false,false,false,false,-83.15703,42.38525,"{
  ""coordinates"": [
    -8.315703117500000e+01,
    4.238525222400010e+01
  ],
  ""type"": ""Point""
}","{
  ""coordinates"": [
    -83.157031175,
    42.385252224
  ],
  ""type"": ""Point""
}",-83.157031175,42.3852522240001
3275,1210688,RAMP 047E,DAVISON,2017-11-15,15,11,2017,15,4,8,1,,1,0,,2,4,1,35,1,2,2,4,0,0,0,1,false,,false,false,false,false,false,,,,,,false,false,false,,,false,false,false,false,false,-83.07541,42.40956,"{
  ""coordinates"": [
    -8.307540942100000e+01,
    4.240955764600010e+01
  ],
  ""type"": ""Point""
}","{
  ""coordinates"": [
    -83.075409421,
    42.409557646
  ],
  ""type"": ""Point""
}",-83.075409421,42.4095576460001
3276,1257220,FORT,CASS,2017-11-15,15,11,2017,14,4,4,3,,1,0,,2,4,1,30,8,2,4,3,0,0,1,1,false,,true,true,false,false,false,,,,,,false,false,true,,,false,false,false,false,false,-83.05072,42.32929,"{
  ""coordinates"": [
    -8.305071737599999e+01,
    4.232929020100000e+01
  ],
  ""type"": ""Point""
}","{
  ""coordinates"": [
    -83.050717376,
    42.329290201
  ],
  ""type"": ""Point""
}",-83.050717376,42.329290201
3277,1195184,N I 75,WARREN,2017-11-15,15,11,2017,18,4,5,1,,1,0,,2,4,4,55,4,2,2,5,0,0,0,0,true,,false,false,false,false,false,,,,,,false,false,true,,,false,false,false,false,false,-83.05428,42.3609,"{
  ""coordinates"": [
    -8.305428099700001e+01,
    4.236090153200010e+01
  ],
  ""type"": ""Point""
}","{
  ""coordinates"": [
    -83.054280997,
    42.360901532
  ],
  ""type"": ""Point""
}",-83.054280997,42.3609015320001
3278,1195259,OUTER,CONNER,2017-11-15,15,11,2017,7,4,9,9,,2,2,,1,1,2,35,4,2,2,5,0,0,0,0,true,,false,false,false,false,false,,,,,,false,false,false,,,false,false,false,false,false,-82.9985,42.40608,"{
  ""coordinates"": [
    -8.299850602899990e+01,
    4.240607685100010e+01
  ],
  ""type"": ""Point""
}","{
  ""coordinates"": [
    -82.998506029,
    42.406076851
  ],
  ""type"": ""Point""
}",-82.9985060289999,42.4060768510001
3279,1195247,CHENE,FOREST,2017-11-15,15,11,2017,18,4,8,9,,4,0,,2,4,4,35,4,2,3,5,0,0,0,0,true,,false,false,false,false,false,,,,,,false,false,false,,,false,false,false,false,false,-83.03928,42.36343,"{
  ""coordinates"": [
    -8.303928146700000e+01,
    4.236343089200010e+01
  ],
  ""type"": ""Point""
}","{
  ""coordinates"": [
    -83.039281467,
    42.363430892
  ],
  ""type"": ""Point""
}",-83.039281467,42.3634308920001
3280,1199480,RAMP 215H,W I 94,2017-11-15,15,11,2017,20,4,1,1,,1,1,,2,2,4,55,1,1,1,4,0,0,0,1,false,,false,false,false,false,false,,,,,,false,false,false,,,false,false,false,false,false,-83.07864,42.35784,"{
  ""coordinates"": [
    -8.307863261999999e+01,
    4.235784261000000e+01
  ],
  ""type"": ""Point""
}","{
  ""coordinates"": [
    -83.07863262,
    42.35784261
  ],
  ""type"": ""Point""
}",-83.07863262,42.35784261
3281,1210968,FOREST,N M 10,2017-11-15,15,11,2017,17,4,8,9,,4,0,,2,4,4,25,4,2,2,5,0,0,0,0,true,,false,false,false,false,false,,,,,,false,true,false,,,false,false,false,false,false,-83.07214,42.35161,"{
  ""coordinates"": [
    -8.307213846900000e+01,
    4.235161253300000e+01
  ],
  ""type"": ""Point""
}","{
  ""coordinates"": [
    -83.072138469,
    42.351612533
  ],
  ""type"": ""Point""
}",-83.072138469,42.351612533
3282,1210693,W I 94,MARTIN,2017-11-15,15,11,2017,5,4,5,1,,1,0,,2,4,1,70,3,2,1,5,0,0,0,0,true,,false,false,true,false,false,,,,,,false,false,false,,,false,false,false,false,false,-83.12926,42.33575,"{
  ""coordinates"": [
    -8.312925492100000e+01,
    4.233575330500000e+01
  ],
  ""type"": ""Point""
}","{
  ""coordinates"": [
    -83.129254921,
    42.335753305
  ],
  ""type"": ""Point""
}",-83.129254921,42.335753305
3283,1195242,CHICAGO,ROSEMONT,2017-11-15,15,11,2017,22,4,97,9,,4,0,,2,4,4,30,2,2,0,4,0,0,0,1,false,,false,false,true,false,false,,,,,,true,false,false,,,false,false,false,false,false,-83.21907,42.36502,"{
  ""coordinates"": [
    -8.321907173499990e+01,
    4.236502193300000e+01
  ],
  ""type"": ""Point""
}","{
  ""coordinates"": [
    -83.219071735,
    42.365021933
  ],
  ""type"": ""Point""
}",-83.2190717349999,42.365021933
3284,1199525,SELDEN,WOODWARD,2017-11-15,15,11,2017,15,4,5,3,,,3,,2,4,1,25,2,2,1,5,0,0,0,0,true,,false,false,true,false,false,,,,,,false,false,false,,,false,false,false,false,false,-83.05968,42.34946,"{
  ""coordinates"": [
    -8.305967645299999e+01,
    4.234945736300010e+01
  ],
  ""type"": ""Point""
}","{
  ""coordinates"": [
    -83.059676453,
    42.349457363
  ],
  ""type"": ""Point""
}",-83.059676453,42.3494573630001
3285,1210679,N M 10,RAMP 122K,2017-11-15,15,11,2017,16,4,5,3,,1,0,,2,4,4,55,2,2,2,5,0,0,0,0,true,,false,false,false,false,false,,,,,,false,false,false,,,false,false,false,false,false,-83.06431,42.33554,"{
  ""coordinates"": [
    -8.306431138200000e+01,
    4.233554157900010e+01
  ],
  ""type"": ""Point""
}","{
  ""coordinates"": [
    -83.064311382,
    42.335541579
  ],
  ""type"": ""Point""
}",-83.064311382,42.3355415790001
3286,1199522,JEFFERSON,JEFFERSON,2017-11-15,15,11,2017,17,4,8,9,,4,0,,2,4,4,30,3,2,2,5,0,0,0,0,true,,false,false,false,false,false,,,,,,false,true,false,,,false,false,false,false,false,-83.03445,42.33317,"{
  ""coordinates"": [
    -8.303444685900000e+01,
    4.233316758400010e+01
  ],
  ""type"": ""Point""
}","{
  ""coordinates"": [
    -83.034446859,
    42.333167584
  ],
  ""type"": ""Point""
}",-83.034446859,42.3331675840001
3287,1198262,GRAND RIVER,GRAND RIVER,2017-11-15,15,11,2017,17,4,97,9,,4,0,,2,4,4,30,2,2,1,5,0,0,0,0,true,,false,false,false,false,false,,,,,,true,false,false,,,false,false,false,false,false,-83.04881,42.33406,"{
  ""coordinates"": [
    -8.304880737400001e+01,
    4.233406413100000e+01
  ],
  ""type"": ""Point""
}","{
  ""coordinates"": [
    -83.048807374,
    42.334064131
  ],
  ""type"": ""Point""
}",-83.048807374,42.334064131
3288,1195262,OUTER,FENELON,2017-11-15,15,11,2017,16,4,8,9,,2,0,,2,4,3,35,3,2,3,5,0,0,0,0,true,,false,false,false,false,false,,,,,,false,false,false,,,false,false,false,false,false,-83.05418,42.44051,"{
  ""coordinates"": [
    -8.305418167800001e+01,
    4.244051398400010e+01
  ],
  ""type"": ""Point""
}","{
  ""coordinates"": [
    -83.054181678,
    42.440513984
  ],
  ""type"": ""Point""
}",-83.054181678,42.4405139840001
3289,1198287,W I 94,MOUNT ELLIOTT,2017-11-15,15,11,2017,14,4,5,1,,1,0,,2,4,1,30,2,2,2,5,0,0,0,0,true,,true,false,false,false,false,,,,,,false,true,false,,,false,false,false,false,false,-83.03374,42.37938,"{
  ""coordinates"": [
    -8.303374259000000e+01,
    4.237937660100000e+01
  ],
  ""type"": ""Point""
}","{
  ""coordinates"": [
    -83.03374259,
    42.379376601
  ],
  ""type"": ""Point""
}",-83.03374259,42.379376601
3290,1210671,I 75,MACK,2017-11-15,15,11,2017,19,4,5,1,,1,0,,2,4,4,55,4,2,4,4,0,0,0,1,false,,false,false,false,false,false,,,,,,false,false,false,,,false,false,false,false,false,-83.04397,42.3446,"{
  ""coordinates"": [
    -8.304396912500000e+01,
    4.234460398500000e+01
  ],
  ""type"": ""Point""
}","{
  ""coordinates"": [
    -83.043969125,
    42.344603985
  ],
  ""type"": ""Point""
}",-83.043969125,42.344603985
3291,1211563,SELDEN,THIRD,2017-11-15,15,11,2017,14,4,4,9,,4,0,,2,4,1,30,3,2,2,4,0,0,0,1,false,,true,true,false,false,false,,,,,,false,true,false,,,false,false,false,false,false,-83.06667,42.34673,"{
  ""coordinates"": [
    -8.306667026199990e+01,
    4.234673474700000e+01
  ],
  ""type"": ""Point""
}","{
  ""coordinates"": [
    -83.066670262,
    42.346734747
  ],
  ""type"": ""Point""
}",-83.0666702619999,42.346734747
3292,1195272,LAWTON,PURITAN,2017-11-15,15,11,2017,17,4,97,9,,,0,,2,4,1,25,2,2,1,5,0,0,0,0,true,,false,false,false,false,false,,,,,,false,false,true,,,false,false,false,false,false,-83.12969,42.40955,"{
  ""coordinates"": [
    -8.312969502500000e+01,
    4.240955446100000e+01
  ],
  ""type"": ""Point""
}","{
  ""coordinates"": [
    -83.129695025,
    42.409554461
  ],
  ""type"": ""Point""
}",-83.129695025,42.409554461
3293,1210673,I-94,DICKERSON,2017-11-15,15,11,2017,6,4,5,1,,1,0,,1,1,4,55,3,2,3,4,0,0,0,3,false,,false,false,false,false,false,,,,,,false,false,true,,,false,false,false,false,false,-82.97338,42.40139,"{
  ""coordinates"": [
    -8.297338237199990e+01,
    4.240138776000000e+01
  ],
  ""type"": ""Point""
}","{
  ""coordinates"": [
    -82.973382372,
    42.40138776
  ],
  ""type"": ""Point""
}",-82.9733823719999,42.40138776
3294,1210752,I-75,NEVADA,2017-11-15,15,11,2017,15,4,8,1,,1,0,,2,4,1,70,4,2,2,4,0,0,0,2,false,,false,false,false,false,false,,,,,,false,true,false,,,false,false,false,false,false,-83.0941,42.42697,"{
  ""coordinates"": [
    -8.309409946400000e+01,
    4.242696752500010e+01
  ],
  ""type"": ""Point""
}","{
  ""coordinates"": [
    -83.094099464,
    42.426967525
  ],
  ""type"": ""Point""
}",-83.094099464,42.4269675250001
3295,1198269,OTIS,WESSON,2017-11-15,15,11,2017,2,4,2,9,,,2,,1,1,5,25,3,2,1,5,0,0,0,0,true,,false,false,false,false,false,,,,,,false,false,false,,,false,false,false,false,false,-83.11295,42.32777,"{
  ""coordinates"": [
    -8.311295699999989e+01,
    4.232777263800010e+01
  ],
  ""type"": ""Point""
}","{
  ""coordinates"": [
    -83.112957,
    42.327772638
  ],
  ""type"": ""Point""
}",-83.1129569999999,42.3277726380001
3296,1214286,I-94,ROSAPARKS,2017-11-15,15,11,2017,17,4,8,1,,1,0,,2,4,1,55,3,2,2,5,0,0,0,0,true,,false,false,false,false,false,,,,,,false,false,false,,,false,false,false,false,false,-83.07737,42.35881,"{
  ""coordinates"": [
    -8.307736837499991e+01,
    4.235881612300010e+01
  ],
  ""type"": ""Point""
}","{
  ""coordinates"": [
    -83.077368375,
    42.358816123
  ],
  ""type"": ""Point""
}",-83.0773683749999,42.3588161230001
3297,1210731,I-75,GREENDALE,2017-11-15,15,11,2017,10,4,1,9,,4,1,,1,1,1,70,3,1,1,5,0,0,0,0,true,,false,false,false,false,false,,,,,,false,false,true,,,false,false,false,false,false,-83.09322,42.42574,"{
  ""coordinates"": [
    -8.309322181700000e+01,
    4.242573500100010e+01
  ],
  ""type"": ""Point""
}","{
  ""coordinates"": [
    -83.093221817,
    42.425735001
  ],
  ""type"": ""Point""
}",-83.093221817,42.4257350010001
3298,1193837,JOHN R,ADAMS,2017-11-15,15,11,2017,8,4,1,9,,4,1,,1,2,1,25,2,1,1,5,0,0,0,0,true,,false,false,false,false,false,,,,,,false,false,false,,,false,false,false,false,false,-83.04813,42.33814,"{
  ""coordinates"": [
    -8.304812899500000e+01,
    4.233814402900000e+01
  ],
  ""type"": ""Point""
}","{
  ""coordinates"": [
    -83.048128995,
    42.338144029
  ],
  ""type"": ""Point""
}",-83.048128995,42.338144029
3299,1195254,SARATOGA,CHALMERS,2017-11-15,15,11,2017,16,4,97,9,,,0,,2,4,3,25,2,3,6,5,0,0,0,0,true,,true,false,false,false,false,,,,,,false,true,false,,,false,false,false,false,false,-82.97524,42.4328,"{
  ""coordinates"": [
    -8.297523944999990e+01,
    4.243280406200010e+01
  ],
  ""type"": ""Point""
}","{
  ""coordinates"": [
    -82.97523945,
    42.432804062
  ],
  ""type"": ""Point""
}",-82.9752394499999,42.4328040620001
3300,1210674,I-75,MACK,2017-11-15,15,11,2017,16,4,1,1,,1,1,,2,4,1,55,4,1,1,4,0,0,0,1,false,,false,false,false,false,false,,,,,,false,false,false,,,false,false,false,false,false,-83.04835,42.35149,"{
  ""coordinates"": [
    -8.304834961599990e+01,
    4.235148944400000e+01
  ],
  ""type"": ""Point""
}","{
  ""coordinates"": [
    -83.048349616,
    42.351489444
  ],
  ""type"": ""Point""
}",-83.0483496159999,42.351489444
3301,1196600,MCNICHOLS,ANNCHESTER,2017-11-15,15,11,2017,21,4,4,9,,2,0,,2,4,4,35,4,2,2,4,0,0,0,1,false,,false,false,false,false,false,,,,,,false,false,true,,,false,false,false,false,false,-83.23495,42.41524,"{
  ""coordinates"": [
    -8.323495207699990e+01,
    4.241524239800000e+01
  ],
  ""type"": ""Point""
}","{
  ""coordinates"": [
    -83.234952077,
    42.415242398
  ],
  ""type"": ""Point""
}",-83.2349520769999,42.415242398
3302,1198250,GRAND RIVER,WOODWARD,2017-11-15,15,11,2017,10,4,8,9,,4,0,,1,2,1,30,4,2,2,5,0,0,0,0,true,,false,false,true,false,false,,,,,,false,false,false,,,false,false,false,false,false,-83.04874,42.3341,"{
  ""coordinates"": [
    -8.304874118100000e+01,
    4.233409560400000e+01
  ],
  ""type"": ""Point""
}","{
  ""coordinates"": [
    -83.048741181,
    42.334095604
  ],
  ""type"": ""Point""
}",-83.048741181,42.334095604
3303,1210705,I-94,TRUMBULL,2017-11-15,15,11,2017,11,4,8,1,,1,0,,1,1,1,70,3,2,1,5,0,0,0,0,true,,false,false,true,false,false,,,,,,false,false,false,,,false,false,false,false,false,-83.08041,42.35638,"{
  ""coordinates"": [
    -8.308040493599999e+01,
    4.235637728700000e+01
  ],
  ""type"": ""Point""
}","{
  ""coordinates"": [
    -83.080404936,
    42.356377287
  ],
  ""type"": ""Point""
}",-83.080404936,42.356377287
3304,1211338,HAYES,CHELSEA,2017-11-15,15,11,2017,8,4,8,9,,4,0,,1,2,2,30,2,2,2,4,0,0,0,1,false,,false,false,false,false,false,,,,,,false,false,false,,,false,true,false,false,false,-82.96463,42.41159,"{
  ""coordinates"": [
    -8.296462874500000e+01,
    4.241159327900000e+01
  ],
  ""type"": ""Point""
}","{
  ""coordinates"": [
    -82.964628745,
    42.411593279
  ],
  ""type"": ""Point""
}",-82.964628745,42.411593279
3305,1210964,BRUSH,TROWBRIDGE,2017-11-15,15,11,2017,5,4,98,9,,4,0,,1,1,4,25,2,2,1,5,0,0,0,0,true,,false,false,true,false,false,,,,,,false,false,false,,,false,false,false,false,false,-83.08031,42.39184,"{
  ""coordinates"": [
    -8.308031501999990e+01,
    4.239184088500010e+01
  ],
  ""type"": ""Point""
}","{
  ""coordinates"": [
    -83.08031502,
    42.391840885
  ],
  ""type"": ""Point""
}",-83.0803150199999,42.3918408850001
3306,1195239,DAVISON,BROADSTREET,2017-11-15,15,11,2017,17,4,8,3,,1,0,,2,4,3,35,2,2,2,5,0,0,0,0,true,,false,false,true,false,false,,,,,,false,false,false,,,false,false,false,false,false,-83.13929,42.38671,"{
  ""coordinates"": [
    -8.313928766799999e+01,
    4.238670937800000e+01
  ],
  ""type"": ""Point""
}","{
  ""coordinates"": [
    -83.139287668,
    42.386709378
  ],
  ""type"": ""Point""
}",-83.139287668,42.386709378
3307,1210680,N I 75,W I 96,2017-11-15,15,11,2017,15,4,8,1,,1,0,,2,4,1,70,4,2,2,4,0,0,0,1,false,,false,false,false,false,false,,,,,,false,false,false,,,false,false,false,false,false,-83.08232,42.31903,"{
  ""coordinates"": [
    -8.308231785399990e+01,
    4.231903339200010e+01
  ],
  ""type"": ""Point""
}","{
  ""coordinates"": [
    -83.082317854,
    42.319033392
  ],
  ""type"": ""Point""
}",-83.0823178539999,42.3190333920001