ObjectId,Crash ID,Primary Road,Intersecting Road,Crash Date,Day,Month,Year,Hour,Weekday,Crash Type Code,Highway Classification Code,Community Code,Jurisdiction Code,Lane Departure Type Code,Surface Type,Road Condition,Weather Condition,Lighting Condition,Speed Limit,Lanes,Units,Occupants,Most Severe Injury,Fatal Injuries,Suspected Serious Injuries,Suspected Minor Injuries,Possible Injuries,Property Damage Only,Secondary Crash,Traffic Control,Red Light Run,Hit and Run,Alcohol,Drugs,Unbelted Person,Work Zone,Speeding Driver,Distracted Driver,Driveway,Pedestrian,Elderly Driver,Young Driver,Commercial Vehicle,Emergency Vehicles,Train,School Bus,Motorcycle,Bicycle,Deer,Longitude,Latitude,geom,geog,x,y
3365,1193849,ARTESIAN,WHITLOCK,2017-11-14,14,11,2017,1,3,8,9,,,0,,1,1,5,25,2,3,1,5,0,0,0,0,true,,false,false,false,false,false,,,,,,false,false,true,,,false,false,false,false,false,-83.22559,42.34171,"{
  ""coordinates"": [
    -8.322558981500001e+01,
    4.234170459400010e+01
  ],
  ""type"": ""Point""
}","{
  ""coordinates"": [
    -83.225589815,
    42.341704594
  ],
  ""type"": ""Point""
}",-83.225589815,42.3417045940001
3366,1198181,I-96,LIVERNOIS,2017-11-14,14,11,2017,8,3,5,1,,1,0,,1,1,1,55,4,4,2,5,0,0,0,0,true,,false,false,true,false,false,,,,,,false,false,false,,,false,false,false,false,false,-83.13809,42.36691,"{
  ""coordinates"": [
    -8.313809351600000e+01,
    4.236691057800000e+01
  ],
  ""type"": ""Point""
}","{
  ""coordinates"": [
    -83.138093516,
    42.366910578
  ],
  ""type"": ""Point""
}",-83.138093516,42.366910578
3367,1193851,EVERGREEN,ORANGELAWN,2017-11-14,14,11,2017,20,3,1,9,,4,0,,1,1,4,35,4,1,1,2,0,1,0,0,false,,false,false,false,false,false,,,,,,false,false,false,,,false,false,false,false,false,-83.23611,42.367,"{
  ""coordinates"": [
    -8.323610415600000e+01,
    4.236700203300010e+01
  ],
  ""type"": ""Point""
}","{
  ""coordinates"": [
    -83.236104156,
    42.367002033
  ],
  ""type"": ""Point""
}",-83.236104156,42.3670020330001
3368,1198167,I-75,HOLBROOK,2017-11-14,14,11,2017,15,3,1,1,,1,0,,1,2,1,70,4,1,1,5,0,0,0,0,true,,false,false,false,false,false,,,,,,false,false,false,,,false,false,false,false,false,-83.06724,42.38528,"{
  ""coordinates"": [
    -8.306723900500000e+01,
    4.238527522500000e+01
  ],
  ""type"": ""Point""
}","{
  ""coordinates"": [
    -83.067239005,
    42.385275225
  ],
  ""type"": ""Point""
}",-83.067239005,42.385275225
3369,1193863,EPWORTH,TIREMAN,2017-11-14,14,11,2017,20,3,3,9,,4,0,,1,1,4,30,2,3,3,5,0,0,0,0,true,,false,false,false,false,false,,,,,,false,false,false,,,false,false,false,false,false,-83.12975,42.35197,"{
  ""coordinates"": [
    -8.312975599299990e+01,
    4.235196620800010e+01
  ],
  ""type"": ""Point""
}","{
  ""coordinates"": [
    -83.129755993,
    42.351966208
  ],
  ""type"": ""Point""
}",-83.1297559929999,42.3519662080001
3370,1269939,MARTIN LUTHER KING JR,GRAND RIVER,2017-11-13,13,11,2017,7,2,5,3,,4,0,,2,2,1,0,3,3,4,3,0,0,1,3,false,,false,false,false,false,false,,,,,,false,false,true,,,false,false,false,false,false,-83.07207,42.34195,"{
  ""coordinates"": [
    -8.307207036999991e+01,
    4.234194573300000e+01
  ],
  ""type"": ""Point""
}","{
  ""coordinates"": [
    -83.07207037,
    42.341945733
  ],
  ""type"": ""Point""
}",-83.0720703699999,42.341945733
3371,1192734,HEYDEN,TROJAN,2017-11-13,13,11,2017,8,2,4,9,,,0,,2,2,1,25,2,2,2,3,0,0,2,0,false,,false,false,false,false,false,,,,,,false,false,false,,,false,false,false,false,false,-83.24172,42.44032,"{
  ""coordinates"": [
    -8.324172079499991e+01,
    4.244031877900010e+01
  ],
  ""type"": ""Point""
}","{
  ""coordinates"": [
    -83.241720795,
    42.440318779
  ],
  ""type"": ""Point""
}",-83.2417207949999,42.4403187790001
3372,1211480,ROSEBERRY,CHELSEA,2017-11-13,13,11,2017,12,2,9,9,,,0,,1,2,1,25,2,2,0,5,0,0,0,0,true,,false,false,true,false,false,,,,,,false,false,false,,,false,false,false,false,false,-82.98569,42.40628,"{
  ""coordinates"": [
    -8.298568828799991e+01,
    4.240628284900000e+01
  ],
  ""type"": ""Point""
}","{
  ""coordinates"": [
    -82.985688288,
    42.406282849
  ],
  ""type"": ""Point""
}",-82.9856882879999,42.406282849
3373,1195209,N/B I 75,LIVERNOIS,2017-11-13,13,11,2017,6,2,5,1,,1,0,,1,2,2,70,3,2,2,5,0,0,0,0,true,,false,false,false,false,false,,,,,,false,false,false,,,false,false,false,false,false,-83.10746,42.30602,"{
  ""coordinates"": [
    -8.310745949900000e+01,
    4.230601957000000e+01
  ],
  ""type"": ""Point""
}","{
  ""coordinates"": [
    -83.107459499,
    42.30601957
  ],
  ""type"": ""Point""
}",-83.107459499,42.30601957
3374,1211502,BAGLEY,GRAND,2017-11-13,13,11,2017,14,2,4,9,,,0,,1,1,1,30,2,2,3,5,0,0,0,0,true,,false,false,false,false,false,,,,,,false,true,false,,,false,false,false,false,false,-83.08842,42.32204,"{
  ""coordinates"": [
    -8.308842650699999e+01,
    4.232204503400000e+01
  ],
  ""type"": ""Point""
}","{
  ""coordinates"": [
    -83.088426507,
    42.322045034
  ],
  ""type"": ""Point""
}",-83.088426507,42.322045034
3375,1192715,MELVILLE,DEARBORN,2017-11-13,13,11,2017,10,2,10,9,,,0,,1,2,1,35,1,2,2,5,0,0,0,0,true,,false,false,false,false,false,,,,,,false,false,false,,,false,false,false,false,false,-83.12528,42.29247,"{
  ""coordinates"": [
    -8.312528500400001e+01,
    4.229246745700000e+01
  ],
  ""type"": ""Point""
}","{
  ""coordinates"": [
    -83.125285004,
    42.292467457
  ],
  ""type"": ""Point""
}",-83.125285004,42.292467457
3376,1192737,7 MILE,STRASBURG,2017-11-13,13,11,2017,15,2,8,9,,4,0,,1,1,1,30,4,2,2,5,0,0,0,0,true,,false,false,true,false,false,,,,,,false,false,false,,,false,false,false,false,false,-82.99926,42.4346,"{
  ""coordinates"": [
    -8.299925627800000e+01,
    4.243459719500000e+01
  ],
  ""type"": ""Point""
}","{
  ""coordinates"": [
    -82.999256278,
    42.434597195
  ],
  ""type"": ""Point""
}",-82.999256278,42.434597195
3377,1195216,I-94,HARPER,2017-11-13,13,11,2017,0,2,1,1,,1,1,,2,1,4,55,3,1,1,5,0,0,0,0,true,,false,false,false,false,false,,,,,,false,false,false,,,false,false,false,false,false,-83.03252,42.38021,"{
  ""coordinates"": [
    -8.303252388100000e+01,
    4.238021286900000e+01
  ],
  ""type"": ""Point""
}","{
  ""coordinates"": [
    -83.032523881,
    42.380212869
  ],
  ""type"": ""Point""
}",-83.032523881,42.380212869
3378,1192728,SCHAEFER,S M 10,2017-11-13,13,11,2017,8,2,5,9,,4,0,,1,1,1,35,2,2,1,5,0,0,0,0,true,,false,false,true,false,false,,,,,,false,false,false,,,false,false,false,false,false,-83.18019,42.42487,"{
  ""coordinates"": [
    -8.318019154000000e+01,
    4.242487162100010e+01
  ],
  ""type"": ""Point""
}","{
  ""coordinates"": [
    -83.18019154,
    42.424871621
  ],
  ""type"": ""Point""
}",-83.18019154,42.4248716210001
3379,1191510,PARKINSON,MICHIGAN,2017-11-13,13,11,2017,7,2,4,2,,,0,,1,2,1,0,2,2,3,5,0,0,0,0,true,,false,false,false,false,false,,,,,,false,false,false,,,false,false,false,false,false,-83.13187,42.33109,"{
  ""coordinates"": [
    -8.313187034399991e+01,
    4.233109320700000e+01
  ],
  ""type"": ""Point""
}","{
  ""coordinates"": [
    -83.131870344,
    42.331093207
  ],
  ""type"": ""Point""
}",-83.1318703439999,42.331093207
3380,1211171,JOY,ROSEMONT,2017-11-13,13,11,2017,16,2,5,9,,2,0,,1,2,1,35,4,2,6,5,0,0,0,0,true,,false,false,true,false,false,,,,,,false,false,true,,,false,false,false,false,false,-83.21902,42.35781,"{
  ""coordinates"": [
    -8.321901762999990e+01,
    4.235781587200010e+01
  ],
  ""type"": ""Point""
}","{
  ""coordinates"": [
    -83.21901763,
    42.357815872
  ],
  ""type"": ""Point""
}",-83.2190176299999,42.3578158720001
3381,1193829,S I 75 SERVICE DRIVE,RAMP 039A,2017-11-13,13,11,2017,9,2,8,1,,4,0,,1,2,1,30,4,2,2,5,0,0,0,0,true,,false,false,false,false,false,,,,,,false,false,false,,,false,false,false,false,false,-83.05866,42.33721,"{
  ""coordinates"": [
    -8.305866071199991e+01,
    4.233720914700010e+01
  ],
  ""type"": ""Point""
}","{
  ""coordinates"": [
    -83.058660712,
    42.337209147
  ],
  ""type"": ""Point""
}",-83.0586607119999,42.3372091470001
3382,1268437,WOODWARD,HARPER,2017-11-13,13,11,2017,16,2,4,3,,1,0,,1,1,1,30,3,2,5,4,0,0,0,1,false,,false,false,false,false,false,,,,,,false,true,false,,,false,false,false,false,false,-83.06993,42.36515,"{
  ""coordinates"": [
    -8.306993285000000e+01,
    4.236514488100000e+01
  ],
  ""type"": ""Point""
}","{
  ""coordinates"": [
    -83.06993285,
    42.365144881
  ],
  ""type"": ""Point""
}",-83.06993285,42.365144881
3383,1198248,14TH,GLENDALE,2017-11-13,13,11,2017,1,2,4,9,,4,0,,2,2,4,25,2,2,1,5,0,0,0,0,true,,true,false,true,false,false,,,,,,false,false,false,,,false,false,false,false,false,-83.11404,42.39235,"{
  ""coordinates"": [
    -8.311403347299991e+01,
    4.239234887800010e+01
  ],
  ""type"": ""Point""
}","{
  ""coordinates"": [
    -83.114033473,
    42.392348878
  ],
  ""type"": ""Point""
}",-83.1140334729999,42.3923488780001
3384,1192733,FERGUSON,8 MILE,2017-11-13,13,11,2017,3,2,2,3,,,0,,2,1,4,25,2,3,0,5,0,0,0,0,true,,false,false,false,false,false,,,,,,false,false,true,,,false,false,false,false,false,-83.21137,42.44436,"{
  ""coordinates"": [
    -8.321137155900000e+01,
    4.244436159600010e+01
  ],
  ""type"": ""Point""
}","{
  ""coordinates"": [
    -83.211371559,
    42.444361596
  ],
  ""type"": ""Point""
}",-83.211371559,42.4443615960001
3385,1198180,I-75,MCNICHOLS,2017-11-13,13,11,2017,7,2,5,1,,1,0,,1,2,1,70,5,3,2,5,0,0,0,0,true,,false,false,true,false,false,,,,,,false,false,true,,,false,false,false,false,false,-83.08716,42.41752,"{
  ""coordinates"": [
    -8.308716106900000e+01,
    4.241752318900010e+01
  ],
  ""type"": ""Point""
}","{
  ""coordinates"": [
    -83.087161069,
    42.417523189
  ],
  ""type"": ""Point""
}",-83.087161069,42.4175231890001
3386,1192719,CONNER,VERNOR,2017-11-13,13,11,2017,4,2,8,9,,4,0,,1,1,4,35,6,2,3,5,0,0,0,0,true,,false,false,true,false,false,,,,,,false,false,false,,,false,false,false,false,false,-82.96259,42.37567,"{
  ""coordinates"": [
    -8.296258988100000e+01,
    4.237566658300010e+01
  ],
  ""type"": ""Point""
}","{
  ""coordinates"": [
    -82.962589881,
    42.375666583
  ],
  ""type"": ""Point""
}",-82.962589881,42.3756665830001
3387,1195224,I-75,MICHIGAN,2017-11-13,13,11,2017,1,2,1,1,,1,1,,2,4,4,55,3,1,1,5,0,0,0,0,true,,false,false,false,false,false,,,,,,false,false,false,,,false,false,false,false,false,-83.08523,42.32753,"{
  ""coordinates"": [
    -8.308522415800000e+01,
    4.232752733700000e+01
  ],
  ""type"": ""Point""
}","{
  ""coordinates"": [
    -83.085224158,
    42.327527337
  ],
  ""type"": ""Point""
}",-83.085224158,42.327527337
3388,1192723,WARREN,MCCLELLAN,2017-11-13,13,11,2017,12,2,4,9,,4,0,,1,2,1,30,3,2,4,4,0,0,0,2,false,,false,false,false,false,false,,,,,,false,true,true,,,false,false,false,false,false,-83.00034,42.38088,"{
  ""coordinates"": [
    -8.300034390199990e+01,
    4.238087694100010e+01
  ],
  ""type"": ""Point""
}","{
  ""coordinates"": [
    -83.000343902,
    42.380876941
  ],
  ""type"": ""Point""
}",-83.0003439019999,42.3808769410001
3389,1195237,OUTER,LYNDON,2017-11-13,13,11,2017,2,2,8,9,,2,0,,1,1,4,35,2,2,2,3,0,0,1,1,false,,false,false,true,false,false,,,,,,false,false,false,,,false,false,false,false,false,-83.25642,42.39337,"{
  ""coordinates"": [
    -8.325642586100000e+01,
    4.239336596200010e+01
  ],
  ""type"": ""Point""
}","{
  ""coordinates"": [
    -83.256425861,
    42.393365962
  ],
  ""type"": ""Point""
}",-83.256425861,42.3933659620001
3390,1198231,3RD,HOWARD,2017-11-13,13,11,2017,9,2,8,9,,4,0,,1,2,1,30,4,2,5,5,0,0,0,0,true,,false,false,false,false,false,,,,,,false,false,false,,,false,false,false,false,false,-83.05591,42.32933,"{
  ""coordinates"": [
    -8.305591070500000e+01,
    4.232933429100010e+01
  ],
  ""type"": ""Point""
}","{
  ""coordinates"": [
    -83.055910705,
    42.329334291
  ],
  ""type"": ""Point""
}",-83.055910705,42.3293342910001
3391,1192735,MCNICHOLS,HICKORY,2017-11-13,13,11,2017,10,2,4,9,,4,0,,1,1,1,25,4,2,3,5,0,0,0,0,true,,false,false,false,false,false,,,,,,false,true,false,,,false,false,false,false,false,-82.98686,42.4261,"{
  ""coordinates"": [
    -8.298686133500000e+01,
    4.242609663600010e+01
  ],
  ""type"": ""Point""
}","{
  ""coordinates"": [
    -82.986861335,
    42.426096636
  ],
  ""type"": ""Point""
}",-82.986861335,42.4260966360001
3392,1193793,S M 10,RAMP 215G,2017-11-13,13,11,2017,13,2,8,3,,1,0,,1,2,1,55,4,2,2,4,0,0,0,1,false,,false,false,false,false,false,,,,,,false,false,false,,,false,false,false,false,false,-83.0788,42.36263,"{
  ""coordinates"": [
    -8.307879309399991e+01,
    4.236263421000010e+01
  ],
  ""type"": ""Point""
}","{
  ""coordinates"": [
    -83.078793094,
    42.36263421
  ],
  ""type"": ""Point""
}",-83.0787930939999,42.3626342100001
3393,1195282,CASS,HANCOCK,2017-11-13,13,11,2017,10,2,97,9,,4,0,,1,2,1,25,4,2,2,5,0,0,0,0,true,,false,false,false,false,false,,,,,,false,false,false,,,false,false,false,false,false,-83.0667,42.35609,"{
  ""coordinates"": [
    -8.306670716699990e+01,
    4.235608749800010e+01
  ],
  ""type"": ""Point""
}","{
  ""coordinates"": [
    -83.066707167,
    42.356087498
  ],
  ""type"": ""Point""
}",-83.0667071669999,42.3560874980001
3394,1193805,M-39 SERVICE,PAUL,2017-11-13,13,11,2017,14,2,5,9,,5,0,,1,2,1,30,1,2,2,5,0,0,0,0,true,,false,false,false,false,false,,,,,,false,true,false,,,false,false,false,false,false,-83.21622,42.3353,"{
  ""coordinates"": [
    -8.321622626500000e+01,
    4.233529991200000e+01
  ],
  ""type"": ""Point""
}","{
  ""coordinates"": [
    -83.216226265,
    42.335299912
  ],
  ""type"": ""Point""
}",-83.216226265,42.335299912
3395,1193801,I-75,8 MILE,2017-11-13,13,11,2017,17,2,5,1,,1,0,,1,2,3,70,3,3,3,5,0,0,0,0,true,,false,false,false,false,false,,,,,,false,false,false,,,false,false,false,false,false,-83.09467,42.44653,"{
  ""coordinates"": [
    -8.309467347799990e+01,
    4.244652852600010e+01
  ],
  ""type"": ""Point""
}","{
  ""coordinates"": [
    -83.094673478,
    42.446528526
  ],
  ""type"": ""Point""
}",-83.0946734779999,42.4465285260001
3396,1193871,MCNICHOLS,MEYERS,2017-11-13,13,11,2017,0,2,4,9,,2,0,,2,4,4,35,6,2,5,5,0,0,0,0,true,,false,false,true,false,false,,,,,,false,false,false,,,false,false,false,false,false,-83.1704,42.41666,"{
  ""coordinates"": [
    -8.317039947300000e+01,
    4.241666046100000e+01
  ],
  ""type"": ""Point""
}","{
  ""coordinates"": [
    -83.170399473,
    42.416660461
  ],
  ""type"": ""Point""
}",-83.170399473,42.416660461
3397,1192716,MICHIGAN,LIVERNOIS,2017-11-13,13,11,2017,5,2,4,2,,1,0,,1,1,4,35,5,2,2,5,0,0,0,0,true,,false,false,false,false,false,,,,,,false,false,false,,,false,false,false,false,false,-83.12051,42.33112,"{
  ""coordinates"": [
    -8.312050936999999e+01,
    4.233111916700010e+01
  ],
  ""type"": ""Point""
}","{
  ""coordinates"": [
    -83.12050937,
    42.331119167
  ],
  ""type"": ""Point""
}",-83.12050937,42.3311191670001
3398,1210706,W I 96,W M 8,2017-11-13,13,11,2017,16,2,8,1,,1,0,,1,2,1,70,3,2,3,5,0,0,0,0,true,,false,false,false,false,false,,,,,,false,false,false,,,false,false,false,false,false,-83.15702,42.38542,"{
  ""coordinates"": [
    -8.315701912799990e+01,
    4.238541811700000e+01
  ],
  ""type"": ""Point""
}","{
  ""coordinates"": [
    -83.157019128,
    42.385418117
  ],
  ""type"": ""Point""
}",-83.1570191279999,42.385418117
3399,1199482,I-94 W/B,M-10,2017-11-13,13,11,2017,18,2,8,1,,1,0,,1,2,4,55,3,4,6,5,0,0,0,0,true,,false,false,false,false,false,,,,,,false,false,true,,,false,false,false,false,false,-83.08447,42.35486,"{
  ""coordinates"": [
    -8.308446782399990e+01,
    4.235486312800000e+01
  ],
  ""type"": ""Point""
}","{
  ""coordinates"": [
    -83.084467824,
    42.354863128
  ],
  ""type"": ""Point""
}",-83.0844678239999,42.354863128
3400,1193803,I-94,LINWOOD,2017-11-13,13,11,2017,6,2,8,1,,1,0,,1,2,5,55,3,2,1,5,0,0,0,0,true,,false,false,true,false,false,,,,,,false,false,true,,,false,false,false,false,false,-83.092,42.35249,"{
  ""coordinates"": [
    -8.309199169199999e+01,
    4.235248972500010e+01
  ],
  ""type"": ""Point""
}","{
  ""coordinates"": [
    -83.091991692,
    42.352489725
  ],
  ""type"": ""Point""
}",-83.091991692,42.3524897250001
3401,1192718,GRATIOT,FRENCH,2017-11-13,13,11,2017,7,2,97,3,,1,0,,1,1,1,35,3,2,0,2,0,1,0,0,false,,false,false,true,false,false,,,,,,true,false,false,,,false,false,false,false,false,-83.00034,42.40057,"{
  ""coordinates"": [
    -8.300033628300000e+01,
    4.240057042200000e+01
  ],
  ""type"": ""Point""
}","{
  ""coordinates"": [
    -83.000336283,
    42.400570422
  ],
  ""type"": ""Point""
}",-83.000336283,42.400570422
3402,1238913,ROBSON,CLARITA,2017-11-13,13,11,2017,2,2,2,9,,,2,,2,4,4,25,2,2,0,5,0,0,0,0,true,,false,false,true,false,false,,,,,,false,false,false,,,false,false,false,false,false,-83.19374,42.42892,"{
  ""coordinates"": [
    -8.319374237300001e+01,
    4.242892587100000e+01
  ],
  ""type"": ""Point""
}","{
  ""coordinates"": [
    -83.193742373,
    42.428925871
  ],
  ""type"": ""Point""
}",-83.193742373,42.428925871
3403,1299747,W I 96,FULLERTON,2017-11-13,13,11,2017,5,2,8,1,,1,0,,2,2,4,55,4,2,2,4,0,0,0,2,false,,false,false,false,false,false,,,,,,false,false,true,,,false,false,false,false,false,-83.18911,42.38031,"{
  ""coordinates"": [
    -8.318911279500000e+01,
    4.238031154200010e+01
  ],
  ""type"": ""Point""
}","{
  ""coordinates"": [
    -83.189112795,
    42.380311542
  ],
  ""type"": ""Point""
}",-83.189112795,42.3803115420001
3404,1193865,WARREN,COLFAX,2017-11-13,13,11,2017,10,2,8,9,,4,0,,1,1,1,0,2,2,2,5,0,0,0,0,true,,false,false,false,false,false,,,,,,false,false,false,,,false,false,false,false,false,-83.12331,42.34452,"{
  ""coordinates"": [
    -8.312331768999999e+01,
    4.234452091800010e+01
  ],
  ""type"": ""Point""
}","{
  ""coordinates"": [
    -83.12331769,
    42.344520918
  ],
  ""type"": ""Point""
}",-83.12331769,42.3445209180001
3405,1195215,E/B I 94,CADIEUX,2017-11-13,13,11,2017,10,2,8,1,,1,0,,1,2,1,70,3,2,9,5,0,0,0,0,true,,false,false,false,false,false,,,,,,false,true,true,,,false,false,false,false,false,-82.94002,42.41527,"{
  ""coordinates"": [
    -8.294002101500000e+01,
    4.241527364200000e+01
  ],
  ""type"": ""Point""
}","{
  ""coordinates"": [
    -82.940021015,
    42.415273642
  ],
  ""type"": ""Point""
}",-82.940021015,42.415273642
3406,1193877,GREENFIELD,PEMBROKE,2017-11-13,13,11,2017,15,2,8,9,,2,0,,1,1,1,0,2,2,3,5,0,0,0,0,true,,false,false,true,false,false,,,,,,false,false,false,,,false,false,false,false,false,-83.20016,42.43744,"{
  ""coordinates"": [
    -8.320016558499999e+01,
    4.243744228000000e+01
  ],
  ""type"": ""Point""
}","{
  ""coordinates"": [
    -83.200165585,
    42.43744228
  ],
  ""type"": ""Point""
}",-83.200165585,42.43744228
3407,1193868,8 MILE,RENFREW,2017-11-13,13,11,2017,8,2,5,3,,1,0,,1,1,1,35,8,2,2,4,0,0,0,1,false,,false,false,false,false,false,,,,,,false,false,false,,,false,false,false,false,false,-83.13552,42.44622,"{
  ""coordinates"": [
    -8.313552252100000e+01,
    4.244622345200000e+01
  ],
  ""type"": ""Point""
}","{
  ""coordinates"": [
    -83.135522521,
    42.446223452
  ],
  ""type"": ""Point""
}",-83.135522521,42.446223452
3408,1192726,FENKELL,BRETTON,2017-11-13,13,11,2017,10,2,4,3,,2,0,,1,1,1,35,2,2,4,4,0,0,0,2,false,,false,false,false,false,false,,,,,,false,true,false,,,false,false,false,false,false,-83.21913,42.40111,"{
  ""coordinates"": [
    -8.321912932299990e+01,
    4.240110929500000e+01
  ],
  ""type"": ""Point""
}","{
  ""coordinates"": [
    -83.219129323,
    42.401109295
  ],
  ""type"": ""Point""
}",-83.2191293229999,42.401109295
3409,1192729,S M 39,RAMP 008W,2017-11-13,13,11,2017,9,2,97,3,,1,0,,2,1,1,40,2,2,3,3,0,0,1,1,false,,false,false,false,false,false,,,,,,false,false,false,,,false,false,false,false,false,-83.2178,42.38877,"{
  ""coordinates"": [
    -8.321779904200000e+01,
    4.238877326200000e+01
  ],
  ""type"": ""Point""
}","{
  ""coordinates"": [
    -83.217799042,
    42.388773262
  ],
  ""type"": ""Point""
}",-83.217799042,42.388773262
3410,1192709,ROSA PARKS,N I 75 SERVICE DRIVE,2017-11-13,13,11,2017,22,2,8,9,,4,0,,1,1,4,35,4,2,2,5,0,0,0,0,true,,false,false,false,false,false,,,,,,false,false,true,,,false,false,false,false,false,-83.07285,42.33288,"{
  ""coordinates"": [
    -8.307284863000000e+01,
    4.233287859300000e+01
  ],
  ""type"": ""Point""
}","{
  ""coordinates"": [
    -83.07284863,
    42.332878593
  ],
  ""type"": ""Point""
}",-83.07284863,42.332878593
3411,1192738,KLINGER,HALLECK,2017-11-13,13,11,2017,16,2,9,9,,,0,,1,1,1,25,2,2,3,4,0,0,0,1,false,,false,false,false,false,false,,,,,,false,false,false,,,false,false,false,false,false,-83.06027,42.41027,"{
  ""coordinates"": [
    -8.306027359699991e+01,
    4.241027208200010e+01
  ],
  ""type"": ""Point""
}","{
  ""coordinates"": [
    -83.060273597,
    42.410272082
  ],
  ""type"": ""Point""
}",-83.0602735969999,42.4102720820001
3412,1195207,I94,CONCORD,2017-11-13,13,11,2017,0,2,5,1,,1,0,,2,4,4,55,3,2,1,5,0,0,0,0,true,,false,false,true,false,false,,,,,,false,false,false,,,false,false,false,false,false,-83.02972,42.38344,"{
  ""coordinates"": [
    -8.302971505300000e+01,
    4.238344247400000e+01
  ],
  ""type"": ""Point""
}","{
  ""coordinates"": [
    -83.029715053,
    42.383442474
  ],
  ""type"": ""Point""
}",-83.029715053,42.383442474
3413,1193876,7 MILE,JOHN R,2017-11-13,13,11,2017,16,2,5,9,,4,0,,1,1,1,25,2,2,1,5,0,0,0,0,true,,false,false,true,false,false,,,,,,false,false,false,,,false,false,false,false,false,-83.10236,42.43229,"{
  ""coordinates"": [
    -8.310235744600000e+01,
    4.243228387400010e+01
  ],
  ""type"": ""Point""
}","{
  ""coordinates"": [
    -83.102357446,
    42.432283874
  ],
  ""type"": ""Point""
}",-83.102357446,42.4322838740001
3414,1193798,W/B I 94,BEAUBIEN,2017-11-13,13,11,2017,11,2,5,1,,1,0,,1,2,1,55,3,2,2,5,0,0,0,0,true,,false,false,false,false,false,,,,,,false,false,true,,,false,false,false,false,false,-83.06322,42.36627,"{
  ""coordinates"": [
    -8.306322536499989e+01,
    4.236626747600010e+01
  ],
  ""type"": ""Point""
}","{
  ""coordinates"": [
    -83.063225365,
    42.366267476
  ],
  ""type"": ""Point""
}",-83.0632253649999,42.3662674760001
3415,1195228,CASS,GRAND,2017-11-13,13,11,2017,13,2,8,9,,4,0,,1,2,1,25,2,2,2,5,0,0,0,0,true,,false,false,false,false,false,,,,,,false,false,false,,,false,false,false,false,false,-83.07475,42.36961,"{
  ""coordinates"": [
    -8.307474582400000e+01,
    4.236960642400000e+01
  ],
  ""type"": ""Point""
}","{
  ""coordinates"": [
    -83.074745824,
    42.369606424
  ],
  ""type"": ""Point""
}",-83.074745824,42.369606424
3416,1198263,WOODAWRD,WILLIS,2017-11-13,13,11,2017,9,2,98,3,,1,0,,1,1,2,30,3,3,3,5,0,0,0,0,true,,false,false,true,false,false,,,,,,false,false,false,,,false,false,false,false,false,-83.06071,42.35163,"{
  ""coordinates"": [
    -8.306071748499990e+01,
    4.235163659700000e+01
  ],
  ""type"": ""Point""
}","{
  ""coordinates"": [
    -83.060717485,
    42.351636597
  ],
  ""type"": ""Point""
}",-83.0607174849999,42.351636597
3417,1192703,SCHOOLCRAFT,MEYERS,2017-11-13,13,11,2017,11,2,5,9,,4,0,,1,1,1,35,2,2,2,5,0,0,0,0,true,,false,false,true,false,false,,,,,,false,true,false,,,false,false,false,false,false,-83.16834,42.38826,"{
  ""coordinates"": [
    -8.316834412400000e+01,
    4.238826507300010e+01
  ],
  ""type"": ""Point""
}","{
  ""coordinates"": [
    -83.168344124,
    42.388265073
  ],
  ""type"": ""Point""
}",-83.168344124,42.3882650730001
3418,1198166,E I 96,SCHAEFER,2017-11-13,13,11,2017,6,2,8,1,,1,0,,1,1,4,70,4,2,2,5,0,0,0,0,true,,false,false,false,false,false,,,,,,false,false,false,,,false,false,false,false,false,-83.1778,42.38327,"{
  ""coordinates"": [
    -8.317779340899990e+01,
    4.238327327300000e+01
  ],
  ""type"": ""Point""
}","{
  ""coordinates"": [
    -83.177793409,
    42.383273273
  ],
  ""type"": ""Point""
}",-83.1777934089999,42.383273273
3419,1191515,PLYMOUTH,FAUST,2017-11-13,13,11,2017,1,2,5,9,,4,0,,2,4,4,35,4,2,1,5,0,0,0,0,true,,false,false,true,false,false,,,,,,false,false,false,,,false,false,false,false,false,-83.22204,42.37215,"{
  ""coordinates"": [
    -8.322203714400000e+01,
    4.237215539400010e+01
  ],
  ""type"": ""Point""
}","{
  ""coordinates"": [
    -83.222037144,
    42.372155394
  ],
  ""type"": ""Point""
}",-83.222037144,42.3721553940001
3420,1192714,CLARK,VERNOR,2017-11-13,13,11,2017,21,2,2,9,,4,2,,1,1,4,25,2,3,1,5,0,0,0,0,true,,false,false,false,false,false,,,,,,false,false,false,,,false,false,false,false,false,-83.09496,42.31907,"{
  ""coordinates"": [
    -8.309496294500001e+01,
    4.231906621100010e+01
  ],
  ""type"": ""Point""
}","{
  ""coordinates"": [
    -83.094962945,
    42.319066211
  ],
  ""type"": ""Point""
}",-83.094962945,42.3190662110001
3421,1211254,LENORE,7 MILE,2017-11-13,13,11,2017,20,2,9,9,,,2,,1,1,4,25,2,2,2,5,0,0,0,0,true,,false,false,true,false,false,,,,,,false,false,false,,,false,false,false,false,false,-83.28172,42.42768,"{
  ""coordinates"": [
    -8.328171767399991e+01,
    4.242767670900000e+01
  ],
  ""type"": ""Point""
}","{
  ""coordinates"": [
    -83.281717674,
    42.427676709
  ],
  ""type"": ""Point""
}",-83.2817176739999,42.427676709