ObjectId,Crash ID,Primary Road,Intersecting Road,Crash Date,Day,Month,Year,Hour,Weekday,Crash Type Code,Highway Classification Code,Community Code,Jurisdiction Code,Lane Departure Type Code,Surface Type,Road Condition,Weather Condition,Lighting Condition,Speed Limit,Lanes,Units,Occupants,Most Severe Injury,Fatal Injuries,Suspected Serious Injuries,Suspected Minor Injuries,Possible Injuries,Property Damage Only,Secondary Crash,Traffic Control,Red Light Run,Hit and Run,Alcohol,Drugs,Unbelted Person,Work Zone,Speeding Driver,Distracted Driver,Driveway,Pedestrian,Elderly Driver,Young Driver,Commercial Vehicle,Emergency Vehicles,Train,School Bus,Motorcycle,Bicycle,Deer,Longitude,Latitude,geom,geog,x,y
3422,1210978,ELIZABETH,8TH,2017-11-13,13,11,2017,22,2,4,9,,,0,,1,1,4,25,4,2,1,5,0,0,0,0,true,,true,false,true,false,false,,,,,,false,false,false,,,false,false,false,false,false,-83.06595,42.33229,"{
  ""coordinates"": [
    -8.306594536999999e+01,
    4.233228830000010e+01
  ],
  ""type"": ""Point""
}","{
  ""coordinates"": [
    -83.06594537,
    42.3322883
  ],
  ""type"": ""Point""
}",-83.06594537,42.3322883000001
3423,1195192,I 94,CADIEUX,2017-11-12,12,11,2017,23,1,8,1,,1,0,,2,4,5,55,3,2,2,5,0,0,0,0,true,,false,false,false,false,false,,,,,,false,false,false,,,false,false,false,false,false,-82.93693,42.41751,"{
  ""coordinates"": [
    -8.293692504900000e+01,
    4.241750537900000e+01
  ],
  ""type"": ""Point""
}","{
  ""coordinates"": [
    -82.936925049,
    42.417505379
  ],
  ""type"": ""Point""
}",-82.936925049,42.417505379
3424,1190119,SCHAEFER,JOY,2017-11-12,12,11,2017,2,1,5,9,,4,0,,1,1,4,0,4,2,1,4,0,0,0,1,false,,false,false,false,false,false,,,,,,false,false,true,,,false,false,false,false,false,-83.1775,42.35868,"{
  ""coordinates"": [
    -8.317749530000000e+01,
    4.235868347100010e+01
  ],
  ""type"": ""Point""
}","{
  ""coordinates"": [
    -83.1774953,
    42.358683471
  ],
  ""type"": ""Point""
}",-83.1774953,42.3586834710001
3425,1195281,WOODWARD,MACK,2017-11-12,12,11,2017,18,1,4,3,,1,0,,2,4,4,40,7,2,3,5,0,0,0,0,true,,false,false,false,false,false,,,,,,false,false,true,,,false,false,false,false,false,-83.05795,42.3475,"{
  ""coordinates"": [
    -8.305794963900000e+01,
    4.234750353200010e+01
  ],
  ""type"": ""Point""
}","{
  ""coordinates"": [
    -83.057949639,
    42.347503532
  ],
  ""type"": ""Point""
}",-83.057949639,42.3475035320001
3426,1211503,8 MILE,GARDENDALE,2017-11-12,12,11,2017,19,1,97,3,,1,0,,2,4,5,0,4,2,0,5,0,0,0,0,true,,false,false,true,false,false,,,,,,true,false,false,,,false,false,false,false,false,-83.13924,42.44615,"{
  ""coordinates"": [
    -8.313923555600000e+01,
    4.244615262400000e+01
  ],
  ""type"": ""Point""
}","{
  ""coordinates"": [
    -83.139235556,
    42.446152624
  ],
  ""type"": ""Point""
}",-83.139235556,42.446152624
3427,1191505,ROSA PARKS,LAFAYETTE,2017-11-12,12,11,2017,19,1,1,9,,4,0,,2,4,4,35,4,1,1,4,0,0,0,1,false,,false,false,false,false,false,,,,,,false,false,false,,,false,false,false,false,false,-83.06718,42.32332,"{
  ""coordinates"": [
    -8.306717618499989e+01,
    4.232331911300000e+01
  ],
  ""type"": ""Point""
}","{
  ""coordinates"": [
    -83.067176185,
    42.323319113
  ],
  ""type"": ""Point""
}",-83.0671761849999,42.323319113
3428,1192721,LAFAYETTE,ORLEANS,2017-11-12,12,11,2017,20,1,4,9,,4,0,,2,4,4,30,4,2,1,4,0,0,0,1,false,,false,false,true,false,false,,,,,,false,false,false,,,false,false,false,false,false,-83.03078,42.33869,"{
  ""coordinates"": [
    -8.303077771999990e+01,
    4.233869243800010e+01
  ],
  ""type"": ""Point""
}","{
  ""coordinates"": [
    -83.03077772,
    42.338692438
  ],
  ""type"": ""Point""
}",-83.0307777199999,42.3386924380001
3429,1191526,MORANG,MCKINNEY,2017-11-12,12,11,2017,12,1,4,9,,4,0,,1,1,1,30,4,2,2,4,0,0,0,2,false,,false,false,true,false,false,,,,,,false,false,true,,,false,false,false,false,false,-82.9416,42.4227,"{
  ""coordinates"": [
    -8.294160804500000e+01,
    4.242270142200000e+01
  ],
  ""type"": ""Point""
}","{
  ""coordinates"": [
    -82.941608045,
    42.422701422
  ],
  ""type"": ""Point""
}",-82.941608045,42.422701422
3430,1191543,DEQUINDRE,OUTER,2017-11-12,12,11,2017,2,1,5,9,,4,3,,1,1,4,35,4,3,2,4,0,0,0,1,false,,false,false,false,false,false,,,,,,false,false,false,,,false,false,false,false,false,-83.08313,42.44042,"{
  ""coordinates"": [
    -8.308312653599999e+01,
    4.244041938200010e+01
  ],
  ""type"": ""Point""
}","{
  ""coordinates"": [
    -83.083126536,
    42.440419382
  ],
  ""type"": ""Point""
}",-83.083126536,42.4404193820001
3431,1210728,W I 94,LINWOOD,2017-11-12,12,11,2017,16,1,8,1,,1,0,,2,4,4,55,3,2,2,5,0,0,0,0,true,,false,false,false,false,false,,,,,,false,false,false,,,false,false,false,false,false,-83.09393,42.35188,"{
  ""coordinates"": [
    -8.309392764700000e+01,
    4.235187825900000e+01
  ],
  ""type"": ""Point""
}","{
  ""coordinates"": [
    -83.093927647,
    42.351878259
  ],
  ""type"": ""Point""
}",-83.093927647,42.351878259
3432,1191527,GRAND,ST AUBIN,2017-11-12,12,11,2017,15,1,1,9,,4,1,,2,4,1,35,2,1,2,5,0,0,0,0,true,,false,false,false,false,false,,,,,,false,false,true,,,false,false,false,false,false,-83.05047,42.37378,"{
  ""coordinates"": [
    -8.305047219799999e+01,
    4.237377633000010e+01
  ],
  ""type"": ""Point""
}","{
  ""coordinates"": [
    -83.050472198,
    42.37377633
  ],
  ""type"": ""Point""
}",-83.050472198,42.3737763300001
3433,1193879,WOODWARD,WARREN,2017-11-12,12,11,2017,17,1,7,3,,1,0,,2,4,3,30,7,2,2,5,0,0,0,0,true,,false,false,false,false,false,,,,,,false,false,true,,,false,false,false,false,false,-83.06437,42.35695,"{
  ""coordinates"": [
    -8.306437291400000e+01,
    4.235695074900010e+01
  ],
  ""type"": ""Point""
}","{
  ""coordinates"": [
    -83.064372914,
    42.356950749
  ],
  ""type"": ""Point""
}",-83.064372914,42.3569507490001
3434,1193869,WYOMING,OUTER,2017-11-12,12,11,2017,17,1,4,9,,4,0,,2,4,4,30,2,2,1,4,0,0,0,1,false,,false,false,true,false,false,,,,,,false,true,false,,,false,false,false,false,false,-83.16111,42.43527,"{
  ""coordinates"": [
    -8.316111307900000e+01,
    4.243526868400010e+01
  ],
  ""type"": ""Point""
}","{
  ""coordinates"": [
    -83.161113079,
    42.435268684
  ],
  ""type"": ""Point""
}",-83.161113079,42.4352686840001
3435,1191534,LIVERNOIS,WARREN,2017-11-12,12,11,2017,3,1,8,9,,4,0,,1,1,4,35,4,2,1,5,0,0,0,0,true,,false,false,true,false,false,,,,,,false,false,false,,,false,false,false,false,false,-83.13047,42.34476,"{
  ""coordinates"": [
    -8.313046748900000e+01,
    4.234475691600010e+01
  ],
  ""type"": ""Point""
}","{
  ""coordinates"": [
    -83.130467489,
    42.344756916
  ],
  ""type"": ""Point""
}",-83.130467489,42.3447569160001
3436,1192742,MCNICHOLS/N I 75 RAMP,GALLAGHER,2017-11-12,12,11,2017,13,1,4,9,,4,0,,2,1,1,35,4,2,3,5,0,0,0,0,true,,false,false,false,false,false,,,,,,false,false,false,,,false,false,false,false,false,-83.06788,42.41864,"{
  ""coordinates"": [
    -8.306787635800001e+01,
    4.241864564300000e+01
  ],
  ""type"": ""Point""
}","{
  ""coordinates"": [
    -83.067876358,
    42.418645643
  ],
  ""type"": ""Point""
}",-83.067876358,42.418645643
3437,1198251,PARK,WOODWARD,2017-11-12,12,11,2017,15,1,98,9,,4,0,,2,4,4,25,2,2,0,5,0,0,0,0,true,,false,false,true,false,false,,,,,,false,false,false,,,false,false,false,false,false,-83.05309,42.3371,"{
  ""coordinates"": [
    -8.305308270400000e+01,
    4.233710178900000e+01
  ],
  ""type"": ""Point""
}","{
  ""coordinates"": [
    -83.053082704,
    42.337101789
  ],
  ""type"": ""Point""
}",-83.053082704,42.337101789
3438,1191509,WOODMERE,FORT,2017-11-12,12,11,2017,19,1,4,3,,4,0,,2,4,4,30,3,2,2,5,0,0,0,0,true,,false,false,false,false,false,,,,,,false,false,false,,,false,false,false,false,false,-83.13095,42.2958,"{
  ""coordinates"": [
    -8.313094826600000e+01,
    4.229579413900010e+01
  ],
  ""type"": ""Point""
}","{
  ""coordinates"": [
    -83.130948266,
    42.295794139
  ],
  ""type"": ""Point""
}",-83.130948266,42.2957941390001
3439,1192706,FORT,CASS,2017-11-12,12,11,2017,17,1,4,3,,1,0,,2,4,3,35,5,2,3,5,0,0,0,0,true,,true,true,true,false,false,,,,,,false,false,false,,,false,false,false,false,false,-83.05072,42.32929,"{
  ""coordinates"": [
    -8.305071737599999e+01,
    4.232929020100000e+01
  ],
  ""type"": ""Point""
}","{
  ""coordinates"": [
    -83.050717376,
    42.329290201
  ],
  ""type"": ""Point""
}",-83.050717376,42.329290201
3440,1191519,WARREN,GRANDVILLE,2017-11-12,12,11,2017,17,1,9,9,,2,2,,2,4,4,35,4,2,3,5,0,0,0,0,true,,false,false,true,false,false,,,,,,false,false,false,,,false,false,false,false,false,-83.22974,42.34322,"{
  ""coordinates"": [
    -8.322974122600000e+01,
    4.234322064200010e+01
  ],
  ""type"": ""Point""
}","{
  ""coordinates"": [
    -83.229741226,
    42.343220642
  ],
  ""type"": ""Point""
}",-83.229741226,42.3432206420001
3441,1192731,EIGHT MILE,ASHTON,2017-11-12,12,11,2017,16,1,5,3,,1,0,,2,4,3,35,4,3,5,4,0,0,0,1,false,,false,false,false,false,false,,,,,,false,true,false,,,false,false,false,false,false,-83.22092,42.44416,"{
  ""coordinates"": [
    -8.322092682300000e+01,
    4.244415711200000e+01
  ],
  ""type"": ""Point""
}","{
  ""coordinates"": [
    -83.220926823,
    42.444157112
  ],
  ""type"": ""Point""
}",-83.220926823,42.444157112
3442,1193860,DAVISON,LA SALLE,2017-11-12,12,11,2017,19,1,5,3,,1,0,,1,4,4,35,7,2,1,5,0,0,0,0,true,,false,false,true,false,false,,,,,,false,false,false,,,false,false,false,false,false,-83.11814,42.39447,"{
  ""coordinates"": [
    -8.311814024800000e+01,
    4.239446989900010e+01
  ],
  ""type"": ""Point""
}","{
  ""coordinates"": [
    -83.118140248,
    42.394469899
  ],
  ""type"": ""Point""
}",-83.118140248,42.3944698990001
3443,1211198,MACK,BRUSH,2017-11-12,12,11,2017,11,1,8,9,,4,0,,1,1,1,25,3,2,1,5,0,0,0,0,true,,false,false,true,false,false,,,,,,false,false,false,,,false,false,false,false,false,-83.05351,42.34927,"{
  ""coordinates"": [
    -8.305351170599990e+01,
    4.234926492600000e+01
  ],
  ""type"": ""Point""
}","{
  ""coordinates"": [
    -83.053511706,
    42.349264926
  ],
  ""type"": ""Point""
}",-83.0535117059999,42.349264926
3444,1191531,GLENDALE,ROSA PARKS,2017-11-12,12,11,2017,15,1,4,9,,4,0,,2,4,1,25,2,2,4,4,0,0,0,1,false,,false,false,false,false,false,,,,,,false,false,true,,,false,false,false,false,false,-83.11054,42.39367,"{
  ""coordinates"": [
    -8.311054261500000e+01,
    4.239367369000010e+01
  ],
  ""type"": ""Point""
}","{
  ""coordinates"": [
    -83.110542615,
    42.39367369
  ],
  ""type"": ""Point""
}",-83.110542615,42.3936736900001
3445,1193857,GRATIOT,OUTER,2017-11-12,12,11,2017,20,1,5,3,,1,0,,2,4,4,35,3,2,2,4,0,0,0,2,false,,false,false,false,false,false,,,,,,false,false,false,,,false,false,false,false,false,-82.99655,42.40635,"{
  ""coordinates"": [
    -8.299655298399990e+01,
    4.240635428100010e+01
  ],
  ""type"": ""Point""
}","{
  ""coordinates"": [
    -82.996552984,
    42.406354281
  ],
  ""type"": ""Point""
}",-82.9965529839999,42.4063542810001
3446,1191513,MICHIGAN,WEIR,2017-11-12,12,11,2017,3,1,9,2,,1,2,,1,2,4,30,4,2,1,5,0,0,0,0,true,,false,false,true,false,false,,,,,,false,false,false,,,false,false,false,false,false,-83.15306,42.32878,"{
  ""coordinates"": [
    -8.315305721899990e+01,
    4.232878160800000e+01
  ],
  ""type"": ""Point""
}","{
  ""coordinates"": [
    -83.153057219,
    42.328781608
  ],
  ""type"": ""Point""
}",-83.1530572189999,42.328781608
3447,1191521,GRANDVILLE,VASSAR,2017-11-12,12,11,2017,0,1,98,9,,,3,,1,98,4,25,2,2,1,5,0,0,0,0,true,,false,false,false,false,false,,,,,,false,false,false,,,false,false,false,false,false,-83.23228,42.43333,"{
  ""coordinates"": [
    -8.323227933299999e+01,
    4.243332976900010e+01
  ],
  ""type"": ""Point""
}","{
  ""coordinates"": [
    -83.232279333,
    42.433329769
  ],
  ""type"": ""Point""
}",-83.232279333,42.4333297690001
3448,1191542,CONANT,REMINGTON,2017-11-12,12,11,2017,21,1,98,9,,4,0,,2,4,4,35,2,3,2,5,0,0,0,0,true,,false,false,true,false,false,,,,,,false,false,false,,,false,false,false,false,false,-83.08064,42.44262,"{
  ""coordinates"": [
    -8.308063824399990e+01,
    4.244261669300000e+01
  ],
  ""type"": ""Point""
}","{
  ""coordinates"": [
    -83.080638244,
    42.442616693
  ],
  ""type"": ""Point""
}",-83.0806382439999,42.442616693
3449,1199568,PFENT,ANVIL,2017-11-12,12,11,2017,21,1,98,9,,,0,,2,4,4,25,1,2,0,5,0,0,0,0,true,,false,false,true,false,false,,,,,,false,false,false,,,false,false,false,false,false,-82.97768,42.43794,"{
  ""coordinates"": [
    -8.297768691800000e+01,
    4.243794123200010e+01
  ],
  ""type"": ""Point""
}","{
  ""coordinates"": [
    -82.977686918,
    42.437941232
  ],
  ""type"": ""Point""
}",-82.977686918,42.4379412320001
3450,1192704,SHELBY,CONGRESS,2017-11-12,12,11,2017,20,1,4,9,,4,0,,2,4,4,30,3,2,2,5,0,0,0,0,true,,true,true,true,false,false,,,,,,false,false,true,,,false,false,false,false,false,-83.04807,42.32924,"{
  ""coordinates"": [
    -8.304806206900000e+01,
    4.232923812200000e+01
  ],
  ""type"": ""Point""
}","{
  ""coordinates"": [
    -83.048062069,
    42.329238122
  ],
  ""type"": ""Point""
}",-83.048062069,42.329238122
3451,1191511,MICHIGAN,CECIL,2017-11-12,12,11,2017,13,1,5,2,,1,0,,2,4,1,35,5,2,5,4,0,0,0,1,false,,false,false,false,false,false,,,,,,false,false,false,,,false,false,false,false,false,-83.13078,42.33111,"{
  ""coordinates"": [
    -8.313077419800000e+01,
    4.233111338900010e+01
  ],
  ""type"": ""Point""
}","{
  ""coordinates"": [
    -83.130774198,
    42.331113389
  ],
  ""type"": ""Point""
}",-83.130774198,42.3311133890001
3452,1190195,OUTER,WADE,2017-11-12,12,11,2017,1,1,1,9,,2,0,,1,1,4,0,5,2,3,2,0,1,0,0,false,,false,false,false,false,false,,,,,,false,false,false,,,false,false,false,true,false,-82.96092,42.40868,"{
  ""coordinates"": [
    -8.296091956700000e+01,
    4.240868379000010e+01
  ],
  ""type"": ""Point""
}","{
  ""coordinates"": [
    -82.960919567,
    42.40868379
  ],
  ""type"": ""Point""
}",-82.960919567,42.4086837900001
3453,1191540,MOUNT ELLIOTT,HARPER,2017-11-12,12,11,2017,6,1,1,9,,4,1,,1,1,2,35,2,1,1,4,0,0,0,1,false,,false,false,false,false,false,,,,,,false,false,false,,,false,false,false,false,false,-83.03422,42.37954,"{
  ""coordinates"": [
    -8.303421940000000e+01,
    4.237953802500000e+01
  ],
  ""type"": ""Point""
}","{
  ""coordinates"": [
    -83.0342194,
    42.379538025
  ],
  ""type"": ""Point""
}",-83.0342194,42.379538025
3454,1193839,DARTMOUTH,GLEASON,2017-11-12,12,11,2017,4,1,5,9,,,0,,1,1,4,25,2,2,0,5,0,0,0,0,true,,false,false,true,false,false,,,,,,false,false,false,,,false,false,false,false,false,-83.16751,42.26594,"{
  ""coordinates"": [
    -8.316751466900000e+01,
    4.226593772500010e+01
  ],
  ""type"": ""Point""
}","{
  ""coordinates"": [
    -83.167514669,
    42.265937725
  ],
  ""type"": ""Point""
}",-83.167514669,42.2659377250001
3455,1195213,W I 94,CADIEUX,2017-11-12,12,11,2017,19,1,1,1,,1,1,,2,1,4,55,3,1,1,5,0,0,0,0,true,,false,false,false,false,false,,,,,,false,false,false,,,false,false,false,false,false,-82.93693,42.41751,"{
  ""coordinates"": [
    -8.293692504900000e+01,
    4.241750537900000e+01
  ],
  ""type"": ""Point""
}","{
  ""coordinates"": [
    -82.936925049,
    42.417505379
  ],
  ""type"": ""Point""
}",-82.936925049,42.417505379
3456,1195240,ABINGTON,PLYMOUTH,2017-11-12,12,11,2017,6,1,2,9,,,2,,2,4,2,25,2,2,1,5,0,0,0,0,true,,false,false,false,false,false,,,,,,false,false,true,,,false,false,false,false,false,-83.21079,42.3721,"{
  ""coordinates"": [
    -8.321079488800000e+01,
    4.237210241800010e+01
  ],
  ""type"": ""Point""
}","{
  ""coordinates"": [
    -83.210794888,
    42.372102418
  ],
  ""type"": ""Point""
}",-83.210794888,42.3721024180001
3457,1191522,SCHOOLCRAFT,VIRGIL,2017-11-12,12,11,2017,4,1,1,9,,4,1,,1,1,4,35,2,1,1,4,0,0,0,1,false,,false,false,false,false,false,,,,,,false,false,false,,,false,false,false,false,false,-83.27183,42.38507,"{
  ""coordinates"": [
    -8.327182916299989e+01,
    4.238506956000000e+01
  ],
  ""type"": ""Point""
}","{
  ""coordinates"": [
    -83.271829163,
    42.38506956
  ],
  ""type"": ""Point""
}",-83.2718291629999,42.38506956
3458,1198216,MADISON,BEAUBIEN,2017-11-12,12,11,2017,18,1,3,9,,4,0,,2,4,3,35,4,2,9,5,0,0,0,0,true,,false,false,false,false,false,,,,,,false,false,false,,,false,false,false,false,false,-83.04455,42.33786,"{
  ""coordinates"": [
    -8.304454450400000e+01,
    4.233786464100010e+01
  ],
  ""type"": ""Point""
}","{
  ""coordinates"": [
    -83.044544504,
    42.337864641
  ],
  ""type"": ""Point""
}",-83.044544504,42.3378646410001
3459,1198211,I-75,WARREN,2017-11-12,12,11,2017,17,1,5,1,,1,0,,2,4,4,55,4,2,7,5,0,0,0,0,true,,false,false,false,false,false,,,,,,false,false,false,,,false,false,false,false,false,-83.05399,42.36048,"{
  ""coordinates"": [
    -8.305399203199990e+01,
    4.236047731800010e+01
  ],
  ""type"": ""Point""
}","{
  ""coordinates"": [
    -83.053992032,
    42.360477318
  ],
  ""type"": ""Point""
}",-83.0539920319999,42.3604773180001
3460,1210702,I-75,MACK,2017-11-12,12,11,2017,17,1,5,1,,1,0,,2,4,1,55,3,2,2,5,0,0,0,0,true,,false,false,false,false,false,,,,,,false,false,true,,,false,false,false,false,false,-83.05034,42.3545,"{
  ""coordinates"": [
    -8.305033878800000e+01,
    4.235449625100010e+01
  ],
  ""type"": ""Point""
}","{
  ""coordinates"": [
    -83.050338788,
    42.354496251
  ],
  ""type"": ""Point""
}",-83.050338788,42.3544962510001
3461,1198201,E I 96,WYOMING,2017-11-12,12,11,2017,14,1,1,1,,1,1,,2,4,1,55,3,1,4,5,0,0,0,0,true,,false,false,false,false,false,,,,,,false,false,false,,,false,false,false,false,false,-83.15874,42.38525,"{
  ""coordinates"": [
    -8.315873427199990e+01,
    4.238525404500010e+01
  ],
  ""type"": ""Point""
}","{
  ""coordinates"": [
    -83.158734272,
    42.385254045
  ],
  ""type"": ""Point""
}",-83.1587342719999,42.3852540450001
3462,1195223,I-75,MICHIGAN,2017-11-12,12,11,2017,20,1,1,1,,1,1,,2,4,4,55,3,1,1,5,0,0,0,0,true,,false,false,false,false,false,,,,,,false,false,false,,,false,false,false,false,false,-83.08523,42.32753,"{
  ""coordinates"": [
    -8.308522415800000e+01,
    4.232752733700000e+01
  ],
  ""type"": ""Point""
}","{
  ""coordinates"": [
    -83.085224158,
    42.327527337
  ],
  ""type"": ""Point""
}",-83.085224158,42.327527337
3463,1193845,LIVERNOIS,LAFAYETTE,2017-11-12,12,11,2017,18,1,8,9,,4,0,,2,4,4,25,2,2,0,5,0,0,0,0,true,,false,false,true,false,false,,,,,,false,false,false,,,false,false,false,false,false,-83.10498,42.30872,"{
  ""coordinates"": [
    -8.310498162200000e+01,
    4.230872200100000e+01
  ],
  ""type"": ""Point""
}","{
  ""coordinates"": [
    -83.104981622,
    42.308722001
  ],
  ""type"": ""Point""
}",-83.104981622,42.308722001
3464,1191533,WYOMING,SCHOOLCRAFT,2017-11-12,12,11,2017,18,1,5,9,,4,0,,2,4,4,30,3,4,4,4,0,0,0,2,false,,false,false,true,false,false,,,,,,false,false,false,,,false,false,false,false,false,-83.15909,42.38906,"{
  ""coordinates"": [
    -8.315909156399989e+01,
    4.238905759700000e+01
  ],
  ""type"": ""Point""
}","{
  ""coordinates"": [
    -83.159091564,
    42.389057597
  ],
  ""type"": ""Point""
}",-83.1590915639999,42.389057597
3465,1198329,7 MILE,SCHAEFER,2017-11-12,12,11,2017,2,1,4,9,,2,0,,1,1,4,35,4,2,4,3,0,0,1,3,false,,false,false,false,false,false,,,,,,false,false,true,,,false,false,false,false,false,-83.18078,42.43108,"{
  ""coordinates"": [
    -8.318077690199991e+01,
    4.243107417400010e+01
  ],
  ""type"": ""Point""
}","{
  ""coordinates"": [
    -83.180776902,
    42.431074174
  ],
  ""type"": ""Point""
}",-83.1807769019999,42.4310741740001
3466,1191518,BURT,GLENDALE,2017-11-12,12,11,2017,20,1,5,9,,4,0,,2,4,4,35,5,2,2,4,0,0,0,1,false,,false,false,false,false,false,,,,,,false,false,false,,,false,false,false,false,false,-83.24647,42.38138,"{
  ""coordinates"": [
    -8.324647108499990e+01,
    4.238138151000000e+01
  ],
  ""type"": ""Point""
}","{
  ""coordinates"": [
    -83.246471085,
    42.38138151
  ],
  ""type"": ""Point""
}",-83.2464710849999,42.38138151
3467,1191523,VERN,BILTMORE,2017-11-12,12,11,2017,18,1,4,9,,,0,,2,4,4,0,2,2,1,5,0,0,0,0,true,,false,false,true,false,false,,,,,,false,false,false,,,false,false,false,false,false,-83.21122,42.41208,"{
  ""coordinates"": [
    -8.321121798500000e+01,
    4.241208141700000e+01
  ],
  ""type"": ""Point""
}","{
  ""coordinates"": [
    -83.211217985,
    42.412081417
  ],
  ""type"": ""Point""
}",-83.211217985,42.412081417
3468,1195204,I94,CONNER,2017-11-12,12,11,2017,23,1,1,1,,1,1,,2,4,4,55,3,1,1,5,0,0,0,0,true,,false,false,false,false,false,,,,,,false,false,true,,,false,false,false,false,false,-82.98373,42.3985,"{
  ""coordinates"": [
    -8.298372918599991e+01,
    4.239849989600000e+01
  ],
  ""type"": ""Point""
}","{
  ""coordinates"": [
    -82.983729186,
    42.398499896
  ],
  ""type"": ""Point""
}",-82.9837291859999,42.398499896
3469,1191532,MILFORD,HARTFORD,2017-11-12,12,11,2017,12,1,97,9,,,0,,1,1,1,25,2,3,9,5,0,0,0,0,true,,false,false,false,false,false,,,,,,false,false,false,,,false,false,false,false,false,-83.11333,42.34993,"{
  ""coordinates"": [
    -8.311332758000000e+01,
    4.234993055600010e+01
  ],
  ""type"": ""Point""
}","{
  ""coordinates"": [
    -83.11332758,
    42.349930556
  ],
  ""type"": ""Point""
}",-83.11332758,42.3499305560001
3470,1191537,YOLANDA,VAN DYKE,2017-11-12,12,11,2017,3,1,9,3,,,2,,1,1,4,35,2,2,1,5,0,0,0,0,true,,false,false,false,false,false,,,,,,false,false,false,,,false,false,false,false,false,-83.02432,42.43798,"{
  ""coordinates"": [
    -8.302432434300000e+01,
    4.243798094300010e+01
  ],
  ""type"": ""Point""
}","{
  ""coordinates"": [
    -83.024324343,
    42.437980943
  ],
  ""type"": ""Point""
}",-83.024324343,42.4379809430001
3471,1199529,EVERGREEN,SAWYER,2017-11-12,12,11,2017,16,1,3,9,,4,0,,2,4,1,0,2,2,3,5,0,0,0,0,true,,false,false,false,false,false,,,,,,false,false,true,,,false,false,false,false,false,-83.23553,42.34709,"{
  ""coordinates"": [
    -8.323552766900001e+01,
    4.234708607000000e+01
  ],
  ""type"": ""Point""
}","{
  ""coordinates"": [
    -83.235527669,
    42.34708607
  ],
  ""type"": ""Point""
}",-83.235527669,42.34708607
3472,1195217,I-96,M-39,2017-11-12,12,11,2017,15,1,1,1,,1,1,,2,4,1,70,3,1,1,5,0,0,0,0,true,,false,false,false,false,false,,,,,,false,false,true,,,false,false,false,false,false,-83.21497,42.37883,"{
  ""coordinates"": [
    -8.321497143700000e+01,
    4.237882711500000e+01
  ],
  ""type"": ""Point""
}","{
  ""coordinates"": [
    -83.214971437,
    42.378827115
  ],
  ""type"": ""Point""
}",-83.214971437,42.378827115
3473,1195210,RAMP 139D,DAVISON,2017-11-12,12,11,2017,14,1,1,1,,1,1,,2,4,1,55,3,1,1,5,0,0,0,0,true,,false,false,false,false,false,,,,,,false,false,false,,,false,false,false,false,false,-83.1494,42.38366,"{
  ""coordinates"": [
    -8.314939632600000e+01,
    4.238366249900000e+01
  ],
  ""type"": ""Point""
}","{
  ""coordinates"": [
    -83.149396326,
    42.383662499
  ],
  ""type"": ""Point""
}",-83.149396326,42.383662499
3474,1191506,GRAND,I 96 SERVICE,2017-11-12,12,11,2017,18,1,8,9,,4,0,,2,2,5,30,4,2,3,4,0,0,0,2,false,,false,false,false,false,false,,,,,,false,false,true,,,false,false,false,false,false,-83.1106,42.35635,"{
  ""coordinates"": [
    -8.311059942900000e+01,
    4.235635451000010e+01
  ],
  ""type"": ""Point""
}","{
  ""coordinates"": [
    -83.110599429,
    42.35635451
  ],
  ""type"": ""Point""
}",-83.110599429,42.3563545100001
3475,1195243,BURT,PLYMOUTH,2017-11-12,12,11,2017,20,1,5,9,,4,0,,2,4,4,30,4,2,1,5,0,0,0,0,true,,false,false,false,false,false,,,,,,false,false,false,,,false,false,false,false,false,-83.24622,42.37191,"{
  ""coordinates"": [
    -8.324622567199999e+01,
    4.237190759600000e+01
  ],
  ""type"": ""Point""
}","{
  ""coordinates"": [
    -83.246225672,
    42.371907596
  ],
  ""type"": ""Point""
}",-83.246225672,42.371907596
3476,1191514,SCHOOLCRAFT,OUTER,2017-11-12,12,11,2017,0,1,8,9,,4,0,,1,1,4,35,3,2,1,5,0,0,0,0,true,,false,false,true,false,false,,,,,,false,false,true,,,false,false,false,false,false,-83.25632,42.38597,"{
  ""coordinates"": [
    -8.325631545499991e+01,
    4.238596599700000e+01
  ],
  ""type"": ""Point""
}","{
  ""coordinates"": [
    -83.256315455,
    42.385965997
  ],
  ""type"": ""Point""
}",-83.2563154549999,42.385965997
3477,1193830,WITHERELL,BROADWAY,2017-11-12,12,11,2017,13,1,1,9,,4,0,,2,2,1,0,2,2,1,4,0,0,0,1,false,,true,false,false,false,false,,,,,,true,true,false,,,false,false,false,false,false,-83.04957,42.33644,"{
  ""coordinates"": [
    -8.304956962300000e+01,
    4.233644344800010e+01
  ],
  ""type"": ""Point""
}","{
  ""coordinates"": [
    -83.049569623,
    42.336443448
  ],
  ""type"": ""Point""
}",-83.049569623,42.3364434480001
3478,1196414,N M 39,TIREMAN,2017-11-12,12,11,2017,18,1,5,3,,1,0,,1,1,4,55,3,2,2,5,0,0,0,0,true,,false,false,false,false,false,,,,,,false,false,true,,,false,false,false,false,false,-83.21626,42.35075,"{
  ""coordinates"": [
    -8.321626102300000e+01,
    4.235075487500010e+01
  ],
  ""type"": ""Point""
}","{
  ""coordinates"": [
    -83.216261023,
    42.350754875
  ],
  ""type"": ""Point""
}",-83.216261023,42.3507548750001