ObjectId,Crash ID,Primary Road,Intersecting Road,Crash Date,Day,Month,Year,Hour,Weekday,Crash Type Code,Highway Classification Code,Community Code,Jurisdiction Code,Lane Departure Type Code,Surface Type,Road Condition,Weather Condition,Lighting Condition,Speed Limit,Lanes,Units,Occupants,Most Severe Injury,Fatal Injuries,Suspected Serious Injuries,Suspected Minor Injuries,Possible Injuries,Property Damage Only,Secondary Crash,Traffic Control,Red Light Run,Hit and Run,Alcohol,Drugs,Unbelted Person,Work Zone,Speeding Driver,Distracted Driver,Driveway,Pedestrian,Elderly Driver,Young Driver,Commercial Vehicle,Emergency Vehicles,Train,School Bus,Motorcycle,Bicycle,Deer,Longitude,Latitude,geom,geog,x,y
3479,1203945,WARREN,DACOSTA,2017-11-12,12,11,2017,0,1,2,9,,2,2,,1,1,4,35,4,3,4,3,0,0,1,2,false,,false,false,true,true,false,,,,,,false,false,false,,,false,false,false,false,false,-83.25716,42.34177,"{
  ""coordinates"": [
    -8.325716707200000e+01,
    4.234177291500000e+01
  ],
  ""type"": ""Point""
}","{
  ""coordinates"": [
    -83.257167072,
    42.341772915
  ],
  ""type"": ""Point""
}",-83.257167072,42.341772915
3480,1192708,SAINT ANTOINE,MACK,2017-11-12,12,11,2017,16,1,4,9,,,0,,2,4,1,25,2,2,3,5,0,0,0,0,true,,false,false,false,false,false,,,,,,false,false,true,,,false,false,false,false,false,-83.05068,42.35027,"{
  ""coordinates"": [
    -8.305068548700000e+01,
    4.235027070700000e+01
  ],
  ""type"": ""Point""
}","{
  ""coordinates"": [
    -83.050685487,
    42.350270707
  ],
  ""type"": ""Point""
}",-83.050685487,42.350270707
3481,1195172,I 75,7 MILE,2017-11-12,12,11,2017,22,1,8,1,,1,0,,2,4,4,55,4,2,2,5,0,0,0,0,true,,false,false,false,false,false,,,,,,false,false,true,,,false,false,false,false,false,-83.09422,42.42888,"{
  ""coordinates"": [
    -8.309422102500000e+01,
    4.242887872800000e+01
  ],
  ""type"": ""Point""
}","{
  ""coordinates"": [
    -83.094221025,
    42.428878728
  ],
  ""type"": ""Point""
}",-83.094221025,42.428878728
3482,1196587,VERNOR,ST ANNE,2017-11-12,12,11,2017,5,1,1,9,,4,0,,1,1,1,25,2,1,0,5,0,0,0,0,true,,false,false,true,false,false,,,,,,false,false,false,,,false,false,false,false,false,-83.08026,42.32651,"{
  ""coordinates"": [
    -8.308025775399990e+01,
    4.232650826000000e+01
  ],
  ""type"": ""Point""
}","{
  ""coordinates"": [
    -83.080257754,
    42.32650826
  ],
  ""type"": ""Point""
}",-83.0802577539999,42.32650826
3483,1191541,OUTER,BUFFALO,2017-11-12,12,11,2017,19,1,5,9,,2,0,,2,4,4,35,2,2,3,4,0,0,0,1,false,,false,false,true,false,false,,,,,,false,false,false,,,false,false,false,false,false,-83.04851,42.44083,"{
  ""coordinates"": [
    -8.304850428500001e+01,
    4.244083315700000e+01
  ],
  ""type"": ""Point""
}","{
  ""coordinates"": [
    -83.048504285,
    42.440833157
  ],
  ""type"": ""Point""
}",-83.048504285,42.440833157
3484,1211485,PICKFORD,PRAIRIE,2017-11-12,12,11,2017,9,1,4,9,,,0,,2,2,1,25,2,2,3,4,0,0,0,3,false,,true,false,false,false,false,,,,,,false,false,true,,,false,false,false,false,false,-83.14558,42.42616,"{
  ""coordinates"": [
    -8.314558074000000e+01,
    4.242615455700010e+01
  ],
  ""type"": ""Point""
}","{
  ""coordinates"": [
    -83.14558074,
    42.426154557
  ],
  ""type"": ""Point""
}",-83.14558074,42.4261545570001
3485,1210666,I75,SPRINGWELLS,2017-11-12,12,11,2017,18,1,5,1,,1,0,,2,4,4,50,1,3,5,5,0,0,0,0,true,,false,false,true,false,false,,,,,,false,false,false,,,false,false,false,false,false,-83.11074,42.305,"{
  ""coordinates"": [
    -8.311074377400000e+01,
    4.230499538500000e+01
  ],
  ""type"": ""Point""
}","{
  ""coordinates"": [
    -83.110743774,
    42.304995385
  ],
  ""type"": ""Point""
}",-83.110743774,42.304995385
3486,1196554,W I 96,LIVERNOIS,2017-11-12,12,11,2017,14,1,1,1,,1,1,,2,4,1,70,4,1,1,5,0,0,0,0,true,,false,false,false,false,false,,,,,,false,false,false,,,false,false,false,false,false,-83.13856,42.36733,"{
  ""coordinates"": [
    -8.313855790000000e+01,
    4.236732814900010e+01
  ],
  ""type"": ""Point""
}","{
  ""coordinates"": [
    -83.1385579,
    42.367328149
  ],
  ""type"": ""Point""
}",-83.1385579,42.3673281490001
3487,1191524,LAHSER,PEMBROKE,2017-11-12,12,11,2017,12,1,97,9,,2,0,,2,1,1,25,4,3,3,4,0,0,0,2,false,,true,true,true,false,false,,,,,,false,true,false,,,false,false,false,false,false,-83.25857,42.43636,"{
  ""coordinates"": [
    -8.325856789900000e+01,
    4.243636156100010e+01
  ],
  ""type"": ""Point""
}","{
  ""coordinates"": [
    -83.258567899,
    42.436361561
  ],
  ""type"": ""Point""
}",-83.258567899,42.4363615610001
3488,1191538,CONANT,REMINGTON,2017-11-12,12,11,2017,21,1,8,9,,4,0,,2,4,4,35,2,2,0,5,0,0,0,0,true,,false,false,true,false,false,,,,,,false,false,false,,,false,false,false,false,false,-83.08043,42.44232,"{
  ""coordinates"": [
    -8.308042647199990e+01,
    4.244232253400000e+01
  ],
  ""type"": ""Point""
}","{
  ""coordinates"": [
    -83.080426472,
    42.442322534
  ],
  ""type"": ""Point""
}",-83.0804264719999,42.442322534
3489,1191529,ANNOTT,BRINGARD,2017-11-12,12,11,2017,15,1,98,9,,,0,,2,1,1,25,1,2,1,5,0,0,0,0,true,,false,false,false,false,false,,,,,,false,false,false,,,false,false,false,false,false,-83.00264,42.44527,"{
  ""coordinates"": [
    -8.300264116999990e+01,
    4.244527287200000e+01
  ],
  ""type"": ""Point""
}","{
  ""coordinates"": [
    -83.00264117,
    42.445272872
  ],
  ""type"": ""Point""
}",-83.0026411699999,42.445272872
3490,1191516,GREENFIELD,THATCHER,2017-11-12,12,11,2017,0,1,97,9,,2,0,,1,2,4,35,4,1,1,3,0,0,1,0,false,,false,false,false,false,false,,,,,,false,true,false,,,false,false,false,false,false,-83.19952,42.42161,"{
  ""coordinates"": [
    -8.319952671500000e+01,
    4.242161169200010e+01
  ],
  ""type"": ""Point""
}","{
  ""coordinates"": [
    -83.199526715,
    42.421611692
  ],
  ""type"": ""Point""
}",-83.199526715,42.4216116920001
3491,1195187,I96,TELEGRAPH,2017-11-12,12,11,2017,21,1,8,1,,1,0,,2,4,4,70,5,2,2,5,0,0,0,0,true,,false,false,true,false,false,,,,,,false,true,false,,,false,false,false,false,false,-83.27419,42.3855,"{
  ""coordinates"": [
    -8.327418459200000e+01,
    4.238549780100000e+01
  ],
  ""type"": ""Point""
}","{
  ""coordinates"": [
    -83.274184592,
    42.385497801
  ],
  ""type"": ""Point""
}",-83.274184592,42.385497801
3492,1195188,W I 94,N M 10,2017-11-12,12,11,2017,19,1,5,1,,1,0,,2,4,5,55,3,2,1,5,0,0,0,0,true,,false,false,true,false,false,,,,,,false,false,false,,,false,false,false,false,false,-83.07599,42.35968,"{
  ""coordinates"": [
    -8.307598497799999e+01,
    4.235968500000010e+01
  ],
  ""type"": ""Point""
}","{
  ""coordinates"": [
    -83.075984978,
    42.359685
  ],
  ""type"": ""Point""
}",-83.075984978,42.3596850000001
3493,1191530,LINWOOD,VICKSBURG,2017-11-12,12,11,2017,0,1,2,9,,4,2,,1,1,4,25,2,2,1,5,0,0,0,0,true,,false,false,false,false,false,,,,,,false,false,false,,,false,false,false,false,false,-83.10351,42.36563,"{
  ""coordinates"": [
    -8.310350808999991e+01,
    4.236562733200000e+01
  ],
  ""type"": ""Point""
}","{
  ""coordinates"": [
    -83.10350809,
    42.365627332
  ],
  ""type"": ""Point""
}",-83.1035080899999,42.365627332
3494,1195214,I-94,I-75,2017-11-12,12,11,2017,23,1,8,1,,1,0,,2,2,4,55,3,2,1,5,0,0,0,0,true,,false,false,true,false,false,,,,,,false,false,false,,,false,false,false,false,false,-83.05877,42.3682,"{
  ""coordinates"": [
    -8.305876819600000e+01,
    4.236820403500010e+01
  ],
  ""type"": ""Point""
}","{
  ""coordinates"": [
    -83.058768196,
    42.368204035
  ],
  ""type"": ""Point""
}",-83.058768196,42.3682040350001
3495,1195245,WARREN,MCDOUGALL,2017-11-11,11,11,2017,14,7,5,9,,4,0,,1,1,1,30,2,2,2,5,0,0,0,0,true,,false,false,false,false,false,,,,,,false,false,false,,,false,false,false,false,false,-83.03585,42.3675,"{
  ""coordinates"": [
    -8.303585222600000e+01,
    4.236749863000010e+01
  ],
  ""type"": ""Point""
}","{
  ""coordinates"": [
    -83.035852226,
    42.36749863
  ],
  ""type"": ""Point""
}",-83.035852226,42.3674986300001
3496,1190198,OUTER,BARRETT,2017-11-11,11,11,2017,15,7,4,9,,2,0,,1,1,1,35,2,2,3,5,0,0,0,0,true,,false,false,false,false,false,,,,,,false,true,false,,,false,false,false,false,false,-82.99022,42.40816,"{
  ""coordinates"": [
    -8.299022265199990e+01,
    4.240816197100000e+01
  ],
  ""type"": ""Point""
}","{
  ""coordinates"": [
    -82.990222652,
    42.408161971
  ],
  ""type"": ""Point""
}",-82.9902226519999,42.408161971
3497,1190208,DAVISON,LINWOOD,2017-11-11,11,11,2017,14,7,5,3,,1,0,,1,1,1,35,2,2,2,5,0,0,0,0,true,,false,false,false,false,false,,,,,,false,true,false,,,false,false,false,false,false,-83.12227,42.39293,"{
  ""coordinates"": [
    -8.312227101500000e+01,
    4.239293306200010e+01
  ],
  ""type"": ""Point""
}","{
  ""coordinates"": [
    -83.122271015,
    42.392933062
  ],
  ""type"": ""Point""
}",-83.122271015,42.3929330620001
3498,1190142,MCGRAW,LONYO,2017-11-11,11,11,2017,11,7,97,9,,4,0,,1,1,1,30,5,2,1,5,0,0,0,0,true,,true,true,true,false,false,,,,,,false,false,false,,,false,false,false,false,false,-83.14639,42.33323,"{
  ""coordinates"": [
    -8.314638730699990e+01,
    4.233323333000000e+01
  ],
  ""type"": ""Point""
}","{
  ""coordinates"": [
    -83.146387307,
    42.33323333
  ],
  ""type"": ""Point""
}",-83.1463873069999,42.33323333
3499,1190126,CENTRAL,ST JOHN,2017-11-11,11,11,2017,18,7,1,9,,4,0,,1,1,4,30,2,2,0,5,0,0,0,0,true,,false,false,true,false,false,,,,,,true,false,false,,,false,false,false,false,false,-83.13489,42.32728,"{
  ""coordinates"": [
    -8.313489132699991e+01,
    4.232727905900000e+01
  ],
  ""type"": ""Point""
}","{
  ""coordinates"": [
    -83.134891327,
    42.327279059
  ],
  ""type"": ""Point""
}",-83.1348913269999,42.327279059
3500,1193828,SAINT ANTOINE,LAFAYETTE,2017-11-11,11,11,2017,1,7,8,9,,4,0,,1,2,4,15,2,2,1,5,0,0,0,0,true,,false,false,false,false,false,,,,,,false,false,false,,,false,false,false,false,false,-83.04034,42.33467,"{
  ""coordinates"": [
    -8.304034633799991e+01,
    4.233467396000000e+01
  ],
  ""type"": ""Point""
}","{
  ""coordinates"": [
    -83.040346338,
    42.33467396
  ],
  ""type"": ""Point""
}",-83.0403463379999,42.33467396
3501,1190118,MEYERS,I 96 SERVICE,2017-11-11,11,11,2017,12,7,4,9,,4,0,,1,1,1,30,4,2,3,5,0,0,0,0,true,,true,true,false,false,false,,,,,,false,false,false,,,false,false,false,false,false,-83.16857,42.38459,"{
  ""coordinates"": [
    -8.316857249400000e+01,
    4.238459380700000e+01
  ],
  ""type"": ""Point""
}","{
  ""coordinates"": [
    -83.168572494,
    42.384593807
  ],
  ""type"": ""Point""
}",-83.168572494,42.384593807
3502,1190246,OUTER,PREST,2017-11-11,11,11,2017,14,7,5,9,,2,0,,1,1,1,25,2,2,2,5,0,0,0,0,true,,false,false,false,false,false,,,,,,false,false,false,,,false,false,false,false,false,-83.19822,42.41952,"{
  ""coordinates"": [
    -8.319821896000001e+01,
    4.241952032300000e+01
  ],
  ""type"": ""Point""
}","{
  ""coordinates"": [
    -83.19821896,
    42.419520323
  ],
  ""type"": ""Point""
}",-83.19821896,42.419520323
3503,1190174,GRAND RIVER,EVERGREEN,2017-11-11,11,11,2017,19,7,3,3,,1,0,,1,1,4,35,5,2,2,5,0,0,0,0,true,,false,false,false,false,false,,,,,,false,false,true,,,false,false,false,false,false,-83.23803,42.40865,"{
  ""coordinates"": [
    -8.323803133300000e+01,
    4.240864522200010e+01
  ],
  ""type"": ""Point""
}","{
  ""coordinates"": [
    -83.238031333,
    42.408645222
  ],
  ""type"": ""Point""
}",-83.238031333,42.4086452220001
3504,1190167,MCNICHOLS,WINSTON,2017-11-11,11,11,2017,10,7,4,9,,2,0,,1,1,1,35,4,2,3,3,0,0,1,0,false,,false,false,false,false,false,,,,,,false,false,true,,,false,false,false,false,false,-83.28391,42.41434,"{
  ""coordinates"": [
    -8.328390792800000e+01,
    4.241433614800010e+01
  ],
  ""type"": ""Point""
}","{
  ""coordinates"": [
    -83.283907928,
    42.414336148
  ],
  ""type"": ""Point""
}",-83.283907928,42.4143361480001
3505,1190211,DEXTER,BOURKE,2017-11-11,11,11,2017,21,7,4,9,,4,0,,1,1,5,35,4,2,2,5,0,0,0,0,true,,false,false,false,false,false,,,,,,false,false,false,,,false,false,false,false,false,-83.13543,42.39908,"{
  ""coordinates"": [
    -8.313542886700000e+01,
    4.239907787300010e+01
  ],
  ""type"": ""Point""
}","{
  ""coordinates"": [
    -83.135428867,
    42.399077873
  ],
  ""type"": ""Point""
}",-83.135428867,42.3990778730001
3506,1193840,5695 VERNOR,JUNCTION,2017-11-11,11,11,2017,1,7,97,9,,4,3,,1,1,4,30,2,2,1,5,0,0,0,0,true,,false,false,true,false,false,,,,,,false,false,false,,,false,false,false,false,false,-83.10263,42.31749,"{
  ""coordinates"": [
    -8.310263320400000e+01,
    4.231749414000010e+01
  ],
  ""type"": ""Point""
}","{
  ""coordinates"": [
    -83.102633204,
    42.31749414
  ],
  ""type"": ""Point""
}",-83.102633204,42.3174941400001
3507,1190240,WYOMING,PICKFORD,2017-11-11,11,11,2017,13,7,6,9,,4,0,,1,1,1,30,2,2,1,4,0,0,0,1,false,,true,false,true,false,false,,,,,,false,false,false,,,false,false,false,false,false,-83.16078,42.42598,"{
  ""coordinates"": [
    -8.316078078200000e+01,
    4.242597911400000e+01
  ],
  ""type"": ""Point""
}","{
  ""coordinates"": [
    -83.160780782,
    42.425979114
  ],
  ""type"": ""Point""
}",-83.160780782,42.425979114
3508,1190133,DIX,WESTERN,2017-11-11,11,11,2017,0,7,1,9,,2,1,,1,1,4,30,2,1,1,5,0,0,0,0,true,,false,false,false,false,false,,,,,,false,false,false,,,false,false,false,false,false,-83.14044,42.31125,"{
  ""coordinates"": [
    -8.314044466500000e+01,
    4.231124926100010e+01
  ],
  ""type"": ""Point""
}","{
  ""coordinates"": [
    -83.140444665,
    42.311249261
  ],
  ""type"": ""Point""
}",-83.140444665,42.3112492610001
3509,1198254,EVERGREEN,LYNDON,2017-11-11,11,11,2017,13,7,8,9,,4,0,,2,2,1,35,3,2,2,5,0,0,0,0,true,,false,false,false,false,false,,,,,,false,false,true,,,false,false,false,false,false,-83.23713,42.3933,"{
  ""coordinates"": [
    -8.323712599399990e+01,
    4.239329728100010e+01
  ],
  ""type"": ""Point""
}","{
  ""coordinates"": [
    -83.237125994,
    42.393297281
  ],
  ""type"": ""Point""
}",-83.2371259939999,42.3932972810001
3510,1190191,ST JEAN,SHOEMAKER,2017-11-11,11,11,2017,3,7,5,9,,4,0,,1,1,4,30,2,2,1,4,0,0,0,1,false,,false,false,true,false,false,,,,,,false,false,false,,,false,false,false,false,false,-82.98579,42.39025,"{
  ""coordinates"": [
    -8.298578806499999e+01,
    4.239025017000010e+01
  ],
  ""type"": ""Point""
}","{
  ""coordinates"": [
    -82.985788065,
    42.39025017
  ],
  ""type"": ""Point""
}",-82.985788065,42.3902501700001
3511,1195222,RAMP 048B,HULL,2017-11-11,11,11,2017,0,7,1,1,,1,0,,1,1,4,55,1,1,1,5,0,0,0,0,true,,false,false,false,false,false,,,,,,false,false,false,,,false,false,false,false,false,-83.08904,42.42014,"{
  ""coordinates"": [
    -8.308904558599990e+01,
    4.242014349500000e+01
  ],
  ""type"": ""Point""
}","{
  ""coordinates"": [
    -83.089045586,
    42.420143495
  ],
  ""type"": ""Point""
}",-83.0890455859999,42.420143495
3512,1191493,RAMP 136C,GREENFIELD,2017-11-11,11,11,2017,12,7,5,1,,1,0,,1,1,1,55,2,2,2,5,0,0,0,0,true,,false,false,false,false,false,,,,,,false,false,true,,,false,false,false,false,false,-83.19793,42.3796,"{
  ""coordinates"": [
    -8.319792843300000e+01,
    4.237959899100010e+01
  ],
  ""type"": ""Point""
}","{
  ""coordinates"": [
    -83.197928433,
    42.379598991
  ],
  ""type"": ""Point""
}",-83.197928433,42.3795989910001
3513,1192743,JOSEPH CAMPAU,NEVADA,2017-11-11,11,11,2017,23,7,1,9,,4,0,,1,2,4,30,2,1,0,5,0,0,0,0,true,,false,false,true,false,false,,,,,,false,false,false,,,false,false,false,false,false,-83.07272,42.42587,"{
  ""coordinates"": [
    -8.307272688099989e+01,
    4.242587131400010e+01
  ],
  ""type"": ""Point""
}","{
  ""coordinates"": [
    -83.072726881,
    42.425871314
  ],
  ""type"": ""Point""
}",-83.0727268809999,42.4258713140001
3514,1193836,6TH,LAFAYETTE,2017-11-11,11,11,2017,12,7,4,9,,4,0,,1,1,1,30,2,2,2,4,0,0,0,1,false,,true,false,false,false,false,,,,,,false,false,false,,,false,false,false,false,false,-83.05863,42.32711,"{
  ""coordinates"": [
    -8.305863241599999e+01,
    4.232710641300010e+01
  ],
  ""type"": ""Point""
}","{
  ""coordinates"": [
    -83.058632416,
    42.327106413
  ],
  ""type"": ""Point""
}",-83.058632416,42.3271064130001
3515,1198179,RAMP 008P,E I 96 CD,2017-11-11,11,11,2017,8,7,8,1,,1,0,,1,1,1,55,1,2,1,5,0,0,0,0,true,,false,false,true,false,false,,,,,,false,false,false,,,false,false,false,false,false,-83.21715,42.3771,"{
  ""coordinates"": [
    -8.321714511899999e+01,
    4.237709948700010e+01
  ],
  ""type"": ""Point""
}","{
  ""coordinates"": [
    -83.217145119,
    42.377099487
  ],
  ""type"": ""Point""
}",-83.217145119,42.3770994870001
3516,1190192,WADE,COPLIN,2017-11-11,11,11,2017,19,7,4,9,,,0,,1,1,5,0,2,2,2,5,0,0,0,0,true,,false,false,true,false,false,,,,,,false,false,true,,,false,false,false,false,false,-82.97202,42.40601,"{
  ""coordinates"": [
    -8.297201693700001e+01,
    4.240600739400000e+01
  ],
  ""type"": ""Point""
}","{
  ""coordinates"": [
    -82.972016937,
    42.406007394
  ],
  ""type"": ""Point""
}",-82.972016937,42.406007394
3517,1192732,8 MILE,LAHSER,2017-11-11,11,11,2017,14,7,5,3,,1,0,,1,1,1,45,4,2,2,5,0,0,0,0,true,,false,false,true,false,false,,,,,,false,true,false,,,false,false,false,false,false,-83.25912,42.44323,"{
  ""coordinates"": [
    -8.325912084799999e+01,
    4.244323457800000e+01
  ],
  ""type"": ""Point""
}","{
  ""coordinates"": [
    -83.259120848,
    42.443234578
  ],
  ""type"": ""Point""
}",-83.259120848,42.443234578
3518,1196559,M-39,JOY,2017-11-11,11,11,2017,13,7,5,3,,1,0,,1,2,1,55,3,3,4,4,0,0,0,2,false,,false,false,false,false,false,,,,,,false,false,false,,,false,false,false,false,false,-83.21633,42.35648,"{
  ""coordinates"": [
    -8.321632972099999e+01,
    4.235647878000000e+01
  ],
  ""type"": ""Point""
}","{
  ""coordinates"": [
    -83.216329721,
    42.35647878
  ],
  ""type"": ""Point""
}",-83.216329721,42.35647878
3519,1192720,JEFFERSON,SEYBURN,2017-11-11,11,11,2017,16,7,1,9,,4,0,,1,1,1,35,7,2,0,5,0,0,0,0,true,,false,false,true,false,false,,,,,,true,false,false,,,false,false,false,false,false,-82.99684,42.35014,"{
  ""coordinates"": [
    -8.299684483100000e+01,
    4.235013454200000e+01
  ],
  ""type"": ""Point""
}","{
  ""coordinates"": [
    -82.996844831,
    42.350134542
  ],
  ""type"": ""Point""
}",-82.996844831,42.350134542
3520,1216639,WARREN,OUTER,2017-11-11,11,11,2017,17,7,1,9,,2,0,,1,1,1,35,5,1,1,5,0,0,0,0,true,,false,false,false,false,false,,,,,,false,false,false,,,false,false,false,false,false,-83.25217,42.34204,"{
  ""coordinates"": [
    -8.325216300999990e+01,
    4.234203991100000e+01
  ],
  ""type"": ""Point""
}","{
  ""coordinates"": [
    -83.25216301,
    42.342039911
  ],
  ""type"": ""Point""
}",-83.2521630099999,42.342039911
3521,1190134,FORT,SCHAEFER,2017-11-11,11,11,2017,5,7,1,3,,1,1,,1,1,4,35,4,1,1,5,0,0,0,0,true,,false,false,false,false,false,,,,,,false,false,false,,,false,false,false,false,false,-83.15456,42.27708,"{
  ""coordinates"": [
    -8.315455978800000e+01,
    4.227708472400010e+01
  ],
  ""type"": ""Point""
}","{
  ""coordinates"": [
    -83.154559788,
    42.277084724
  ],
  ""type"": ""Point""
}",-83.154559788,42.2770847240001
3522,1196566,I-75,WARREN,2017-11-11,11,11,2017,18,7,8,1,,1,0,,1,1,4,55,3,2,2,5,0,0,0,0,true,,false,false,false,false,false,,,,,,false,false,false,,,false,false,false,false,false,-83.05484,42.36138,"{
  ""coordinates"": [
    -8.305484204100000e+01,
    4.236138222600000e+01
  ],
  ""type"": ""Point""
}","{
  ""coordinates"": [
    -83.054842041,
    42.361382226
  ],
  ""type"": ""Point""
}",-83.054842041,42.361382226
3523,1195288,JOHN R,FARNSWORTH,2017-11-11,11,11,2017,12,7,4,9,,4,0,,1,1,1,25,2,2,4,5,0,0,0,0,true,,false,false,false,false,false,,,,,,false,false,false,,,false,false,false,false,false,-83.06296,42.35891,"{
  ""coordinates"": [
    -8.306295771100000e+01,
    4.235890400100000e+01
  ],
  ""type"": ""Point""
}","{
  ""coordinates"": [
    -83.062957711,
    42.358904001
  ],
  ""type"": ""Point""
}",-83.062957711,42.358904001
3524,1190155,KENDALL,VAUGHAN,2017-11-11,11,11,2017,14,7,98,9,,,0,,1,1,1,25,2,2,2,5,0,0,0,0,true,,false,false,false,false,false,,,,,,false,false,true,,,false,false,false,false,false,-83.23801,42.38864,"{
  ""coordinates"": [
    -8.323800826000000e+01,
    4.238864264000010e+01
  ],
  ""type"": ""Point""
}","{
  ""coordinates"": [
    -83.23800826,
    42.38864264
  ],
  ""type"": ""Point""
}",-83.23800826,42.3886426400001
3525,1190207,DAVISON,EWALD,2017-11-11,11,11,2017,16,7,97,3,,1,0,,1,2,1,45,6,2,2,4,0,0,0,1,false,,false,false,false,false,false,,,,,,false,false,false,,,false,false,false,false,false,-83.14536,42.38626,"{
  ""coordinates"": [
    -8.314535365800000e+01,
    4.238626147200010e+01
  ],
  ""type"": ""Point""
}","{
  ""coordinates"": [
    -83.145353658,
    42.386261472
  ],
  ""type"": ""Point""
}",-83.145353658,42.3862614720001
3526,1190154,BURT,WESTFIELD,2017-11-11,11,11,2017,15,7,5,9,,,0,,1,1,1,35,5,2,4,5,0,0,0,0,true,,false,false,false,false,false,,,,,,false,false,false,,,false,false,false,false,false,-83.24583,42.36259,"{
  ""coordinates"": [
    -8.324582677300000e+01,
    4.236258550000010e+01
  ],
  ""type"": ""Point""
}","{
  ""coordinates"": [
    -83.245826773,
    42.3625855
  ],
  ""type"": ""Point""
}",-83.245826773,42.3625855000001
3527,1311349,I-94,ADDISON,2017-11-11,11,11,2017,21,7,8,1,,1,0,,1,1,4,55,3,2,4,4,0,0,0,2,false,,false,false,false,false,false,,,,,,false,false,false,,,false,false,false,false,false,-83.15562,42.32898,"{
  ""coordinates"": [
    -8.315561462499990e+01,
    4.232898408400010e+01
  ],
  ""type"": ""Point""
}","{
  ""coordinates"": [
    -83.155614625,
    42.328984084
  ],
  ""type"": ""Point""
}",-83.1556146249999,42.3289840840001
3528,1190121,WYOMING,PLYMOUTH,2017-11-11,11,11,2017,17,7,1,9,,4,1,,1,1,4,35,3,1,1,4,0,0,0,1,false,,false,false,false,false,false,,,,,,false,true,false,,,false,false,false,false,false,-83.15856,42.37338,"{
  ""coordinates"": [
    -8.315855869599990e+01,
    4.237338036300010e+01
  ],
  ""type"": ""Point""
}","{
  ""coordinates"": [
    -83.158558696,
    42.373380363
  ],
  ""type"": ""Point""
}",-83.1585586959999,42.3733803630001
3529,1190169,ARTESIAN,ACACIA,2017-11-11,11,11,2017,12,7,8,9,,,0,,1,1,1,25,2,2,1,5,0,0,0,0,true,,false,false,true,false,false,,,,,,false,true,false,,,false,false,false,false,false,-83.22733,42.39124,"{
  ""coordinates"": [
    -8.322732297700000e+01,
    4.239123762900000e+01
  ],
  ""type"": ""Point""
}","{
  ""coordinates"": [
    -83.227322977,
    42.391237629
  ],
  ""type"": ""Point""
}",-83.227322977,42.391237629
3530,1191504,JOY,MANOR,2017-11-11,11,11,2017,1,7,1,9,,4,0,,1,1,4,30,2,1,2,3,0,0,2,0,false,,false,false,false,false,false,,,,,,false,false,true,,,false,false,false,false,false,-83.16648,42.35875,"{
  ""coordinates"": [
    -8.316647747600000e+01,
    4.235875280300010e+01
  ],
  ""type"": ""Point""
}","{
  ""coordinates"": [
    -83.166477476,
    42.358752803
  ],
  ""type"": ""Point""
}",-83.166477476,42.3587528030001
3531,1190139,WATERMAN,BOSTWICK,2017-11-11,11,11,2017,6,7,97,9,,4,0,,1,1,4,25,4,2,1,5,0,0,0,0,true,,false,false,false,false,false,,,,,,false,false,false,,,false,false,false,false,false,-83.11295,42.31086,"{
  ""coordinates"": [
    -8.311295624600000e+01,
    4.231085490300010e+01
  ],
  ""type"": ""Point""
}","{
  ""coordinates"": [
    -83.112956246,
    42.310854903
  ],
  ""type"": ""Point""
}",-83.112956246,42.3108549030001
3532,1190151,PLYMOUTH,CHATHAM,2017-11-11,11,11,2017,16,7,8,9,,4,0,,1,1,1,35,5,2,1,4,0,0,0,1,false,,false,false,true,false,false,,,,,,false,false,false,,,false,false,false,false,false,-83.26218,42.37158,"{
  ""coordinates"": [
    -8.326218540600000e+01,
    4.237157867900000e+01
  ],
  ""type"": ""Point""
}","{
  ""coordinates"": [
    -83.262185406,
    42.371578679
  ],
  ""type"": ""Point""
}",-83.262185406,42.371578679
3533,1190245,RAMP 105E,JAMES COUZENS,2017-11-11,11,11,2017,4,7,1,3,,1,1,,1,1,4,25,1,1,3,4,0,0,0,3,false,,false,false,false,false,false,,,,,,false,false,true,,,false,false,false,false,false,-83.16022,42.40577,"{
  ""coordinates"": [
    -8.316022774899990e+01,
    4.240577410100010e+01
  ],
  ""type"": ""Point""
}","{
  ""coordinates"": [
    -83.160227749,
    42.405774101
  ],
  ""type"": ""Point""
}",-83.1602277489999,42.4057741010001
3534,1190182,GRAND,EVERGREEN,2017-11-11,11,11,2017,15,7,8,3,,1,0,,1,1,1,35,5,2,2,5,0,0,0,0,true,,false,false,true,false,false,,,,,,false,false,false,,,false,false,false,false,false,-83.23763,42.40849,"{
  ""coordinates"": [
    -8.323763388299990e+01,
    4.240848519800010e+01
  ],
  ""type"": ""Point""
}","{
  ""coordinates"": [
    -83.237633883,
    42.408485198
  ],
  ""type"": ""Point""
}",-83.2376338829999,42.4084851980001
3535,1210690,N M 39,GRAND RIVER,2017-11-11,11,11,2017,23,7,5,3,,1,0,,1,1,4,55,3,2,2,5,0,0,0,0,true,,false,false,false,false,false,,,,,,false,false,false,,,false,false,false,false,false,-83.21815,42.39916,"{
  ""coordinates"": [
    -8.321815832199999e+01,
    4.239915704800010e+01
  ],
  ""type"": ""Point""
}","{
  ""coordinates"": [
    -83.218158322,
    42.399157048
  ],
  ""type"": ""Point""
}",-83.218158322,42.3991570480001