ObjectId,Crash ID,Primary Road,Intersecting Road,Crash Date,Day,Month,Year,Hour,Weekday,Crash Type Code,Highway Classification Code,Community Code,Jurisdiction Code,Lane Departure Type Code,Surface Type,Road Condition,Weather Condition,Lighting Condition,Speed Limit,Lanes,Units,Occupants,Most Severe Injury,Fatal Injuries,Suspected Serious Injuries,Suspected Minor Injuries,Possible Injuries,Property Damage Only,Secondary Crash,Traffic Control,Red Light Run,Hit and Run,Alcohol,Drugs,Unbelted Person,Work Zone,Speeding Driver,Distracted Driver,Driveway,Pedestrian,Elderly Driver,Young Driver,Commercial Vehicle,Emergency Vehicles,Train,School Bus,Motorcycle,Bicycle,Deer,Longitude,Latitude,geom,geog,x,y
3593,1190147,SCHAEFER,GROVE,2017-11-10,10,11,2017,10,6,5,9,,4,0,,1,1,1,30,4,2,1,5,0,0,0,0,true,,false,false,true,false,false,,,,,,false,false,true,,,false,false,false,false,false,-83.17968,42.41391,"{
  ""coordinates"": [
    -8.317967942600001e+01,
    4.241391228400000e+01
  ],
  ""type"": ""Point""
}","{
  ""coordinates"": [
    -83.179679426,
    42.413912284
  ],
  ""type"": ""Point""
}",-83.179679426,42.413912284
3594,1191502,M-10,CLAIRMOUNT,2017-11-10,10,11,2017,15,6,5,3,,1,0,,1,1,1,55,3,2,2,5,0,0,0,0,true,,false,false,false,false,false,,,,,,false,false,true,,,false,false,false,false,false,-83.08758,42.37584,"{
  ""coordinates"": [
    -8.308757407800000e+01,
    4.237584443300010e+01
  ],
  ""type"": ""Point""
}","{
  ""coordinates"": [
    -83.087574078,
    42.375844433
  ],
  ""type"": ""Point""
}",-83.087574078,42.3758444330001
3595,1190199,SAINT JEAN,WARREN,2017-11-10,10,11,2017,15,6,5,9,,4,0,,1,1,1,35,2,2,2,5,0,0,0,0,true,,false,false,false,false,false,,,,,,false,false,true,,,false,false,false,false,false,-82.98381,42.38722,"{
  ""coordinates"": [
    -8.298381033100000e+01,
    4.238722096000000e+01
  ],
  ""type"": ""Point""
}","{
  ""coordinates"": [
    -82.983810331,
    42.38722096
  ],
  ""type"": ""Point""
}",-82.983810331,42.38722096
3596,1190124,BASSETT,VISGER,2017-11-10,10,11,2017,6,6,4,9,,,0,,1,1,4,25,2,2,1,5,0,0,0,0,true,,true,false,true,false,false,,,,,,false,false,false,,,false,false,false,false,false,-83.15354,42.26464,"{
  ""coordinates"": [
    -8.315354518399990e+01,
    4.226464538000000e+01
  ],
  ""type"": ""Point""
}","{
  ""coordinates"": [
    -83.153545184,
    42.26464538
  ],
  ""type"": ""Point""
}",-83.1535451839999,42.26464538
3597,1190183,GRATIOT,COLLINGHAM,2017-11-10,10,11,2017,20,6,9,3,,1,2,,1,1,4,35,7,2,2,5,0,0,0,0,true,,false,false,false,false,false,,,,,,false,false,true,,,false,false,false,false,false,-82.96886,42.44846,"{
  ""coordinates"": [
    -8.296886212000000e+01,
    4.244845858700010e+01
  ],
  ""type"": ""Point""
}","{
  ""coordinates"": [
    -82.96886212,
    42.448458587
  ],
  ""type"": ""Point""
}",-82.96886212,42.4484585870001
3598,1198252,LAWRENCE,HAMILTON,2017-11-10,10,11,2017,22,6,98,9,,,0,,1,2,4,25,2,2,0,5,0,0,0,0,true,,false,false,false,false,false,,,,,,false,false,false,,,false,false,false,false,false,-83.09464,42.38836,"{
  ""coordinates"": [
    -8.309463415999990e+01,
    4.238835931400010e+01
  ],
  ""type"": ""Point""
}","{
  ""coordinates"": [
    -83.09463416,
    42.388359314
  ],
  ""type"": ""Point""
}",-83.0946341599999,42.3883593140001
3599,1190123,LAWNDALE,OLIVET,2017-11-10,10,11,2017,19,6,2,9,,4,2,,1,1,4,25,2,2,0,5,0,0,0,0,true,,false,false,true,false,false,,,,,,false,false,false,,,false,false,false,false,false,-83.12636,42.30026,"{
  ""coordinates"": [
    -8.312636096800000e+01,
    4.230025812700010e+01
  ],
  ""type"": ""Point""
}","{
  ""coordinates"": [
    -83.126360968,
    42.300258127
  ],
  ""type"": ""Point""
}",-83.126360968,42.3002581270001
3600,1190153,WOODMONT,GLENDALE,2017-11-10,10,11,2017,6,6,5,9,,,0,,1,1,2,25,1,2,0,5,0,0,0,0,true,,false,false,false,false,false,,,,,,false,false,false,,,false,false,false,false,false,-83.20877,42.38212,"{
  ""coordinates"": [
    -8.320877032899990e+01,
    4.238212330900010e+01
  ],
  ""type"": ""Point""
}","{
  ""coordinates"": [
    -83.208770329,
    42.382123309
  ],
  ""type"": ""Point""
}",-83.2087703289999,42.3821233090001
3601,1195291,2ND,SELDEN,2017-11-10,10,11,2017,23,6,4,9,,4,0,,1,1,1,30,2,2,2,5,0,0,0,0,true,,true,true,false,false,false,,,,,,false,false,true,,,false,false,false,false,false,-83.06445,42.34749,"{
  ""coordinates"": [
    -8.306445001700000e+01,
    4.234749053300000e+01
  ],
  ""type"": ""Point""
}","{
  ""coordinates"": [
    -83.064450017,
    42.347490533
  ],
  ""type"": ""Point""
}",-83.064450017,42.347490533
3602,1191500,I-94,CENTRAL,2017-11-10,10,11,2017,6,6,1,1,,1,1,,1,1,2,55,3,1,1,4,0,0,0,1,false,,false,false,false,false,false,,,,,,false,false,false,,,false,false,false,false,false,-83.13745,42.33272,"{
  ""coordinates"": [
    -8.313745244599990e+01,
    4.233271815300000e+01
  ],
  ""type"": ""Point""
}","{
  ""coordinates"": [
    -83.137452446,
    42.332718153
  ],
  ""type"": ""Point""
}",-83.1374524459999,42.332718153
3603,1190234,WOODWARD,GRIXDALE,2017-11-10,10,11,2017,21,6,97,3,,1,1,,1,1,4,40,5,1,2,5,0,0,0,0,true,,false,false,false,false,false,,,,,,false,false,true,,,false,false,false,false,false,-83.11176,42.42737,"{
  ""coordinates"": [
    -8.311175517399990e+01,
    4.242737113100000e+01
  ],
  ""type"": ""Point""
}","{
  ""coordinates"": [
    -83.111755174,
    42.427371131
  ],
  ""type"": ""Point""
}",-83.1117551739999,42.427371131
3604,1190122,DAVISON,LAWTON,2017-11-10,10,11,2017,14,6,5,3,,1,0,,1,1,1,40,4,2,2,4,0,0,0,1,false,,false,false,false,false,false,,,,,,false,true,false,,,false,false,false,false,false,-83.12464,42.39205,"{
  ""coordinates"": [
    -8.312464124400000e+01,
    4.239205222600000e+01
  ],
  ""type"": ""Point""
}","{
  ""coordinates"": [
    -83.124641244,
    42.392052226
  ],
  ""type"": ""Point""
}",-83.124641244,42.392052226
3605,1198203,N M 10,RAMP 215D,2017-11-10,10,11,2017,22,6,5,3,,1,0,,1,1,4,55,3,2,1,5,0,0,0,0,true,,false,false,true,false,false,,,,,,false,false,false,,,false,false,false,false,false,-83.07525,42.35774,"{
  ""coordinates"": [
    -8.307524889800000e+01,
    4.235774223400010e+01
  ],
  ""type"": ""Point""
}","{
  ""coordinates"": [
    -83.075248898,
    42.357742234
  ],
  ""type"": ""Point""
}",-83.075248898,42.3577422340001
3606,1190113,GRAND RIVER,GLASTONBURY,2017-11-10,10,11,2017,13,6,8,3,,1,0,,1,1,1,35,5,4,1,4,0,0,0,1,false,,false,false,false,false,false,,,,,,false,true,false,,,false,false,false,false,false,-83.22512,42.40346,"{
  ""coordinates"": [
    -8.322512341299991e+01,
    4.240345711400000e+01
  ],
  ""type"": ""Point""
}","{
  ""coordinates"": [
    -83.225123413,
    42.403457114
  ],
  ""type"": ""Point""
}",-83.2251234129999,42.403457114
3607,1190150,JAMES COUZENS,GREENFIELD,2017-11-10,10,11,2017,6,6,4,3,,1,0,,1,1,2,35,2,2,2,5,0,0,0,0,true,,false,false,false,false,false,,,,,,false,false,true,,,false,false,false,false,false,-83.20039,42.4427,"{
  ""coordinates"": [
    -8.320038436399990e+01,
    4.244270346900000e+01
  ],
  ""type"": ""Point""
}","{
  ""coordinates"": [
    -83.200384364,
    42.442703469
  ],
  ""type"": ""Point""
}",-83.2003843639999,42.442703469
3608,1190152,WADSWORTH,ROSEMONT,2017-11-10,10,11,2017,16,6,4,9,,,0,,1,1,1,25,2,2,1,5,0,0,0,0,true,,false,false,false,false,false,,,,,,false,false,false,,,false,false,false,false,false,-83.21933,42.37439,"{
  ""coordinates"": [
    -8.321932622000000e+01,
    4.237439231900000e+01
  ],
  ""type"": ""Point""
}","{
  ""coordinates"": [
    -83.21932622,
    42.374392319
  ],
  ""type"": ""Point""
}",-83.21932622,42.374392319
3609,1190185,7 MILE,BLACKMOOR,2017-11-10,10,11,2017,15,6,1,9,,4,0,,1,1,1,30,4,2,1,4,0,0,0,1,false,,false,false,true,false,false,,,,,,true,false,false,,,false,false,false,false,false,-83.01321,42.43421,"{
  ""coordinates"": [
    -8.301321131899989e+01,
    4.243420708700010e+01
  ],
  ""type"": ""Point""
}","{
  ""coordinates"": [
    -83.013211319,
    42.434207087
  ],
  ""type"": ""Point""
}",-83.0132113189999,42.4342070870001
3610,1190202,LAFAYETTE,CASS,2017-11-10,10,11,2017,8,6,8,9,,4,0,,1,1,1,0,2,2,2,5,0,0,0,0,true,,false,false,false,false,false,,,,,,false,false,false,,,false,false,false,false,false,-83.02435,42.34146,"{
  ""coordinates"": [
    -8.302434407800000e+01,
    4.234146091900000e+01
  ],
  ""type"": ""Point""
}","{
  ""coordinates"": [
    -83.024344078,
    42.341460919
  ],
  ""type"": ""Point""
}",-83.024344078,42.341460919
3611,1190222,7 MILE,N M 10,2017-11-10,10,11,2017,7,6,8,9,,2,0,,1,1,1,35,3,2,2,5,0,0,0,0,true,,false,false,false,false,false,,,,,,false,false,false,,,false,true,false,false,false,-83.18698,42.43084,"{
  ""coordinates"": [
    -8.318698386100000e+01,
    4.243083615300000e+01
  ],
  ""type"": ""Point""
}","{
  ""coordinates"": [
    -83.186983861,
    42.430836153
  ],
  ""type"": ""Point""
}",-83.186983861,42.430836153
3612,1192711,ELIZABETH,GRANDRIVER,2017-11-10,10,11,2017,23,6,5,3,,4,0,,1,1,3,0,2,2,2,4,0,0,0,1,false,,false,false,false,false,false,,,,,,false,false,true,,,false,false,false,false,false,-83.05654,42.33542,"{
  ""coordinates"": [
    -8.305654339900001e+01,
    4.233542140700010e+01
  ],
  ""type"": ""Point""
}","{
  ""coordinates"": [
    -83.056543399,
    42.335421407
  ],
  ""type"": ""Point""
}",-83.056543399,42.3354214070001
3613,1190214,DAVIDSON,CONANT,2017-11-10,10,11,2017,17,6,3,3,,4,0,,1,1,4,35,2,2,3,5,0,0,0,0,true,,false,false,false,false,false,,,,,,false,false,false,,,false,false,false,false,false,-83.06146,42.41553,"{
  ""coordinates"": [
    -8.306146480800000e+01,
    4.241553423700000e+01
  ],
  ""type"": ""Point""
}","{
  ""coordinates"": [
    -83.061464808,
    42.415534237
  ],
  ""type"": ""Point""
}",-83.061464808,42.415534237
3614,1190128,N I 75 SERVICE DRIVE,LIVERNOIS,2017-11-10,10,11,2017,13,6,8,9,,4,0,,1,1,1,25,3,2,2,5,0,0,0,0,true,,false,false,false,false,false,,,,,,false,false,false,,,false,false,false,false,false,-83.10388,42.30712,"{
  ""coordinates"": [
    -8.310388505500001e+01,
    4.230712027300010e+01
  ],
  ""type"": ""Point""
}","{
  ""coordinates"": [
    -83.103885055,
    42.307120273
  ],
  ""type"": ""Point""
}",-83.103885055,42.3071202730001
3615,1191536,NEVADA,RYAN,2017-11-10,10,11,2017,21,6,5,9,,4,0,,1,1,3,35,2,2,1,5,0,0,0,0,true,,false,false,false,false,false,,,,,,false,false,true,,,false,false,false,false,false,-83.06262,42.42591,"{
  ""coordinates"": [
    -8.306262366599999e+01,
    4.242590981200000e+01
  ],
  ""type"": ""Point""
}","{
  ""coordinates"": [
    -83.062623666,
    42.425909812
  ],
  ""type"": ""Point""
}",-83.062623666,42.425909812
3616,1276348,FORT,SCHAEFER,2017-11-10,10,11,2017,4,6,8,3,,1,0,,1,1,4,35,3,2,2,5,0,0,0,0,true,,false,false,false,false,false,,,,,,false,false,false,,,false,false,false,false,false,-83.15515,42.27618,"{
  ""coordinates"": [
    -8.315515221999991e+01,
    4.227617486200010e+01
  ],
  ""type"": ""Point""
}","{
  ""coordinates"": [
    -83.15515222,
    42.276174862
  ],
  ""type"": ""Point""
}",-83.1551522199999,42.2761748620001
3617,1198187,I-94,M-10,2017-11-10,10,11,2017,22,6,5,1,,1,0,,1,1,4,55,3,2,2,5,0,0,0,0,true,,false,false,false,false,false,,,,,,false,false,false,,,false,false,false,false,false,-83.06856,42.36395,"{
  ""coordinates"": [
    -8.306855673800000e+01,
    4.236394433700010e+01
  ],
  ""type"": ""Point""
}","{
  ""coordinates"": [
    -83.068556738,
    42.363944337
  ],
  ""type"": ""Point""
}",-83.068556738,42.3639443370001
3618,1196560,E I 96,MCGRAW,2017-11-10,10,11,2017,18,6,5,1,,1,0,,1,1,4,55,5,2,4,5,0,0,0,0,true,,false,false,false,false,false,,,,,,false,false,true,,,false,false,false,false,false,-83.10258,42.3527,"{
  ""coordinates"": [
    -8.310257832799989e+01,
    4.235269388600010e+01
  ],
  ""type"": ""Point""
}","{
  ""coordinates"": [
    -83.102578328,
    42.352693886
  ],
  ""type"": ""Point""
}",-83.1025783279999,42.3526938860001
3619,1190173,PENROD,CHALFONTE,2017-11-10,10,11,2017,8,6,4,9,,,0,,1,1,1,25,2,2,6,4,0,0,0,5,false,,false,false,false,false,false,,,,,,false,false,false,,,false,false,false,false,false,-83.2216,42.39861,"{
  ""coordinates"": [
    -8.322160134700000e+01,
    4.239860939000000e+01
  ],
  ""type"": ""Point""
}","{
  ""coordinates"": [
    -83.221601347,
    42.39860939
  ],
  ""type"": ""Point""
}",-83.221601347,42.39860939
3620,1190188,GRATIOT,FRENCH,2017-11-10,10,11,2017,8,6,2,3,,1,2,,1,1,1,35,7,2,2,5,0,0,0,0,true,,false,false,false,false,false,,,,,,false,false,false,,,false,false,false,false,false,-83.00036,42.40053,"{
  ""coordinates"": [
    -8.300036184600000e+01,
    4.240053125700010e+01
  ],
  ""type"": ""Point""
}","{
  ""coordinates"": [
    -83.000361846,
    42.400531257
  ],
  ""type"": ""Point""
}",-83.000361846,42.4005312570001
3621,1192710,S I 75,MACK,2017-11-09,9,11,2017,6,5,5,1,,1,0,,1,1,4,70,3,2,5,2,0,1,0,0,false,,false,false,false,false,false,,,,,,false,false,true,,,false,false,false,false,false,-83.04815,42.35118,"{
  ""coordinates"": [
    -8.304814533500000e+01,
    4.235117813400010e+01
  ],
  ""type"": ""Point""
}","{
  ""coordinates"": [
    -83.048145335,
    42.351178134
  ],
  ""type"": ""Point""
}",-83.048145335,42.3511781340001
3622,1188486,MOUNT ELLIOTT,8 MILE,2017-11-09,9,11,2017,13,5,5,3,,4,0,,1,2,1,35,4,2,1,5,0,0,0,0,true,,false,false,true,false,false,,,,,,false,false,false,,,false,false,false,false,false,-83.03941,42.44788,"{
  ""coordinates"": [
    -8.303941263300000e+01,
    4.244788044600010e+01
  ],
  ""type"": ""Point""
}","{
  ""coordinates"": [
    -83.039412633,
    42.447880446
  ],
  ""type"": ""Point""
}",-83.039412633,42.4478804460001
3623,1244624,8 MILE,MARX,2017-11-09,9,11,2017,20,5,1,3,,1,0,,1,1,4,40,5,1,2,2,0,1,0,0,false,,false,false,false,false,false,,,,,,false,false,false,,,false,false,false,false,false,-83.08413,42.44701,"{
  ""coordinates"": [
    -8.308413023400000e+01,
    4.244701509600000e+01
  ],
  ""type"": ""Point""
}","{
  ""coordinates"": [
    -83.084130234,
    42.447015096
  ],
  ""type"": ""Point""
}",-83.084130234,42.447015096
3624,1191507,EDSEL FORD FWY SER,BEAUBIEN,2017-11-09,9,11,2017,16,5,97,1,,1,0,,8,2,1,25,2,3,3,4,0,0,0,2,false,,true,true,false,false,false,,,,,,false,false,false,,,false,false,false,false,false,-83.06329,42.3661,"{
  ""coordinates"": [
    -8.306328762999991e+01,
    4.236610324900000e+01
  ],
  ""type"": ""Point""
}","{
  ""coordinates"": [
    -83.06328763,
    42.366103249
  ],
  ""type"": ""Point""
}",-83.0632876299999,42.366103249
3625,1193794,I-94,MT ELLIOT,2017-11-09,9,11,2017,9,5,5,1,,1,0,,1,1,1,55,3,2,2,5,0,0,0,0,true,,false,false,false,false,false,,,,,,false,false,false,,,false,false,false,false,false,-83.01836,42.38697,"{
  ""coordinates"": [
    -8.301835499600000e+01,
    4.238696772300010e+01
  ],
  ""type"": ""Point""
}","{
  ""coordinates"": [
    -83.018354996,
    42.386967723
  ],
  ""type"": ""Point""
}",-83.018354996,42.3869677230001
3626,1190200,GRATIOT,7 MILE,2017-11-09,9,11,2017,21,5,10,3,,1,0,,1,1,4,35,2,2,3,5,0,0,0,0,true,,false,false,false,false,false,,,,,,false,false,true,,,false,false,false,false,false,-82.97781,42.4349,"{
  ""coordinates"": [
    -8.297781167399999e+01,
    4.243490058500000e+01
  ],
  ""type"": ""Point""
}","{
  ""coordinates"": [
    -82.977811674,
    42.434900585
  ],
  ""type"": ""Point""
}",-82.977811674,42.434900585
3627,1190228,OUTER,COYLE,2017-11-09,9,11,2017,14,5,8,9,,2,0,,1,2,1,35,2,2,37,4,0,0,0,1,false,,false,false,false,false,false,,,,,,false,false,false,,,false,false,false,false,false,-83.19405,42.41971,"{
  ""coordinates"": [
    -8.319404317999989e+01,
    4.241970916100010e+01
  ],
  ""type"": ""Point""
}","{
  ""coordinates"": [
    -83.19404318,
    42.419709161
  ],
  ""type"": ""Point""
}",-83.1940431799999,42.4197091610001
3628,1190137,VISGER,ANNABELLE,2017-11-09,9,11,2017,2,5,4,9,,4,0,,1,1,4,25,4,2,1,4,0,0,0,1,false,,true,false,true,false,false,,,,,,false,false,false,,,false,false,false,false,false,-83.15747,42.26649,"{
  ""coordinates"": [
    -8.315747394700000e+01,
    4.226648598000000e+01
  ],
  ""type"": ""Point""
}","{
  ""coordinates"": [
    -83.157473947,
    42.26648598
  ],
  ""type"": ""Point""
}",-83.157473947,42.26648598
3629,1193878,WARREN,BEAUBIEN,2017-11-09,9,11,2017,9,5,4,9,,4,0,,1,2,1,30,4,2,2,5,0,0,0,0,true,,false,false,false,false,false,,,,,,false,false,true,,,false,false,false,false,false,-83.05836,42.35954,"{
  ""coordinates"": [
    -8.305835532899989e+01,
    4.235954282500010e+01
  ],
  ""type"": ""Point""
}","{
  ""coordinates"": [
    -83.058355329,
    42.359542825
  ],
  ""type"": ""Point""
}",-83.0583553289999,42.3595428250001
3630,1188487,MITCHELL,WINCHESTER,2017-11-09,9,11,2017,17,5,8,9,,,0,,1,1,1,25,1,2,0,5,0,0,0,0,true,,false,false,true,false,false,,,,,,false,false,false,,,false,false,false,false,false,-83.07292,42.44469,"{
  ""coordinates"": [
    -8.307292027800000e+01,
    4.244468655900000e+01
  ],
  ""type"": ""Point""
}","{
  ""coordinates"": [
    -83.072920278,
    42.444686559
  ],
  ""type"": ""Point""
}",-83.072920278,42.444686559
3631,1188479,GRATIOT,GUNSTON,2017-11-09,9,11,2017,20,5,5,3,,1,0,,1,1,4,35,7,2,2,5,0,0,0,0,true,,false,false,false,false,false,,,,,,false,false,false,,,false,false,false,false,false,-82.99509,42.40858,"{
  ""coordinates"": [
    -8.299509342300000e+01,
    4.240858289400010e+01
  ],
  ""type"": ""Point""
}","{
  ""coordinates"": [
    -82.995093423,
    42.408582894
  ],
  ""type"": ""Point""
}",-82.995093423,42.4085828940001
3632,1199591,CANFIELD,SAINT ANTOINE,2017-11-09,9,11,2017,17,5,5,9,,4,0,,1,1,3,25,2,2,2,5,0,0,0,0,true,,false,false,false,false,false,,,,,,false,false,false,,,false,false,false,false,false,-83.05424,42.35563,"{
  ""coordinates"": [
    -8.305423864999990e+01,
    4.235562424400010e+01
  ],
  ""type"": ""Point""
}","{
  ""coordinates"": [
    -83.05423865,
    42.355624244
  ],
  ""type"": ""Point""
}",-83.0542386499999,42.3556242440001
3633,1187300,MACK,VAN DYKE,2017-11-09,9,11,2017,0,5,4,9,,4,0,,1,1,4,35,4,2,1,5,0,0,0,0,true,,false,false,true,false,false,,,,,,false,false,false,,,false,false,false,false,false,-83.0061,42.36699,"{
  ""coordinates"": [
    -8.300610133899990e+01,
    4.236698489000000e+01
  ],
  ""type"": ""Point""
}","{
  ""coordinates"": [
    -83.006101339,
    42.36698489
  ],
  ""type"": ""Point""
}",-83.0061013389999,42.36698489
3634,1190225,SCHAEFER,MARGARETA,2017-11-09,9,11,2017,7,5,4,9,,4,0,,1,1,1,30,1,2,2,5,0,0,0,0,true,,false,false,false,false,false,,,,,,false,false,false,,,false,false,false,false,false,-83.18033,42.42771,"{
  ""coordinates"": [
    -8.318032729200000e+01,
    4.242770854700010e+01
  ],
  ""type"": ""Point""
}","{
  ""coordinates"": [
    -83.180327292,
    42.427708547
  ],
  ""type"": ""Point""
}",-83.180327292,42.4277085470001
3635,1188465,FENKELL,COYLE,2017-11-09,9,11,2017,12,5,4,9,,2,0,,1,2,1,30,4,2,2,5,0,0,0,0,true,,true,false,false,false,false,,,,,,false,false,false,,,false,false,false,false,false,-83.19382,42.40167,"{
  ""coordinates"": [
    -8.319382263900000e+01,
    4.240167112700000e+01
  ],
  ""type"": ""Point""
}","{
  ""coordinates"": [
    -83.193822639,
    42.401671127
  ],
  ""type"": ""Point""
}",-83.193822639,42.401671127
3636,1188474,JEFFERSON,RIVARD,2017-11-09,9,11,2017,8,5,5,9,,4,0,,1,1,1,35,6,2,16,5,0,0,0,0,true,,false,false,false,false,false,,,,,,false,false,false,,,false,false,false,false,false,-83.03416,42.33329,"{
  ""coordinates"": [
    -8.303416818399999e+01,
    4.233329348300000e+01
  ],
  ""type"": ""Point""
}","{
  ""coordinates"": [
    -83.034168184,
    42.333293483
  ],
  ""type"": ""Point""
}",-83.034168184,42.333293483
3637,1191508,ST ANTOINE,MADISON,2017-11-09,9,11,2017,21,5,10,9,,4,0,,1,5,4,25,2,2,2,5,0,0,0,0,true,,false,false,false,false,false,,,,,,false,false,false,,,false,false,false,false,false,-83.04332,42.33916,"{
  ""coordinates"": [
    -8.304331989300000e+01,
    4.233916402600000e+01
  ],
  ""type"": ""Point""
}","{
  ""coordinates"": [
    -83.043319893,
    42.339164026
  ],
  ""type"": ""Point""
}",-83.043319893,42.339164026
3638,1188480,N M 10,BELDEN,2017-11-09,9,11,2017,16,5,4,3,,1,0,,1,1,1,25,3,2,2,5,0,0,0,0,true,,false,false,false,false,false,,,,,,false,false,false,,,false,false,false,false,false,-83.13552,42.40503,"{
  ""coordinates"": [
    -8.313552385199991e+01,
    4.240502473000000e+01
  ],
  ""type"": ""Point""
}","{
  ""coordinates"": [
    -83.135523852,
    42.40502473
  ],
  ""type"": ""Point""
}",-83.1355238519999,42.40502473
3639,1188466,GREENFIELD,CURTIS,2017-11-09,9,11,2017,16,5,4,9,,2,0,,98,98,98,35,4,2,1,5,0,0,0,0,true,,false,false,true,false,false,,,,,,false,false,false,,,false,false,false,false,false,-83.19958,42.42318,"{
  ""coordinates"": [
    -8.319958427499991e+01,
    4.242317638400000e+01
  ],
  ""type"": ""Point""
}","{
  ""coordinates"": [
    -83.199584275,
    42.423176384
  ],
  ""type"": ""Point""
}",-83.1995842749999,42.423176384
3640,1190172,FLORENCE,WESMORLAND,2017-11-09,9,11,2017,11,5,5,9,,,3,,1,1,1,35,2,2,1,5,0,0,0,0,true,,false,false,true,false,false,,,,,,false,false,false,,,false,false,false,false,false,-83.2356,42.40981,"{
  ""coordinates"": [
    -8.323559572200000e+01,
    4.240980665400010e+01
  ],
  ""type"": ""Point""
}","{
  ""coordinates"": [
    -83.235595722,
    42.409806654
  ],
  ""type"": ""Point""
}",-83.235595722,42.4098066540001
3641,1188477,REX,FAIRMOUNT,2017-11-09,9,11,2017,13,5,97,9,,,0,,1,1,1,25,2,4,1,5,0,0,0,0,true,,false,false,true,false,false,,,,,,false,false,false,,,false,false,false,false,false,-82.95851,42.44469,"{
  ""coordinates"": [
    -8.295851169500000e+01,
    4.244468601800000e+01
  ],
  ""type"": ""Point""
}","{
  ""coordinates"": [
    -82.958511695,
    42.444686018
  ],
  ""type"": ""Point""
}",-82.958511695,42.444686018
3642,1190179,17690 GREENVIEW,OUTER,2017-11-09,9,11,2017,10,5,8,9,,,0,,1,1,1,35,2,2,0,5,0,0,0,0,true,,false,false,true,false,false,,,,,,false,false,false,,,false,false,false,false,false,-83.2249,42.41914,"{
  ""coordinates"": [
    -8.322490214299999e+01,
    4.241914240600000e+01
  ],
  ""type"": ""Point""
}","{
  ""coordinates"": [
    -83.224902143,
    42.419142406
  ],
  ""type"": ""Point""
}",-83.224902143,42.419142406
3643,1198242,ANTIETAM,ORLEANS,2017-11-09,9,11,2017,7,5,98,9,,4,0,,1,1,1,25,2,2,0,5,0,0,0,0,true,,false,false,true,false,false,,,,,,false,false,false,,,false,false,false,false,false,-83.03555,42.345,"{
  ""coordinates"": [
    -8.303554496899990e+01,
    4.234499901000000e+01
  ],
  ""type"": ""Point""
}","{
  ""coordinates"": [
    -83.035544969,
    42.34499901
  ],
  ""type"": ""Point""
}",-83.0355449689999,42.34499901
3644,1198303,ALTER,VERNOR,2017-11-09,9,11,2017,15,5,5,9,,4,0,,1,1,1,30,4,2,2,5,0,0,0,0,true,,false,false,false,false,false,,,,,,false,false,false,,,false,false,false,false,false,-82.94429,42.38208,"{
  ""coordinates"": [
    -8.294428820400000e+01,
    4.238207876700010e+01
  ],
  ""type"": ""Point""
}","{
  ""coordinates"": [
    -82.944288204,
    42.382078767
  ],
  ""type"": ""Point""
}",-82.944288204,42.3820787670001
3645,1192687,I-94,CADIEAUX,2017-11-09,9,11,2017,13,5,97,1,,1,0,,1,1,1,55,3,3,4,5,0,0,0,0,true,,false,false,false,false,false,,,,,,false,false,false,,,false,false,false,false,false,-82.93855,42.41633,"{
  ""coordinates"": [
    -8.293855483100000e+01,
    4.241633159700010e+01
  ],
  ""type"": ""Point""
}","{
  ""coordinates"": [
    -82.938554831,
    42.416331597
  ],
  ""type"": ""Point""
}",-82.938554831,42.4163315970001
3646,1188460,I-94,30TH,2017-11-09,9,11,2017,15,5,5,1,,1,0,,1,1,1,55,3,2,2,5,0,0,0,0,true,,false,false,false,false,false,,,,,,false,true,false,,,false,false,false,false,false,-83.09864,42.35038,"{
  ""coordinates"": [
    -8.309864390199991e+01,
    4.235038346400010e+01
  ],
  ""type"": ""Point""
}","{
  ""coordinates"": [
    -83.098643902,
    42.350383464
  ],
  ""type"": ""Point""
}",-83.0986439019999,42.3503834640001
3647,1196594,GRAND RIVER,SHORT,2017-11-09,9,11,2017,19,5,97,3,,1,0,,1,5,5,45,4,2,2,4,0,0,0,1,false,,false,false,false,false,false,,,,,,false,false,false,,,false,false,false,false,false,-83.27534,42.42346,"{
  ""coordinates"": [
    -8.327534503899990e+01,
    4.242346100400000e+01
  ],
  ""type"": ""Point""
}","{
  ""coordinates"": [
    -83.275345039,
    42.423461004
  ],
  ""type"": ""Point""
}",-83.2753450389999,42.423461004
3648,1193867,WOODINGHAM,ST MARTINS,2017-11-09,9,11,2017,10,5,4,9,,,0,,1,1,1,25,2,2,2,4,0,0,0,1,false,,false,false,false,false,false,,,,,,false,false,true,,,false,false,false,false,false,-83.15082,42.43684,"{
  ""coordinates"": [
    -8.315082060899989e+01,
    4.243684340300010e+01
  ],
  ""type"": ""Point""
}","{
  ""coordinates"": [
    -83.150820609,
    42.436843403
  ],
  ""type"": ""Point""
}",-83.1508206089999,42.4368434030001
3649,1190227,KENTUCKY,CLARITA,2017-11-09,9,11,2017,21,5,4,9,,,0,,1,1,4,25,2,2,2,4,0,0,0,2,false,,false,false,true,false,false,,,,,,false,false,false,,,false,false,false,false,false,-83.15983,42.42958,"{
  ""coordinates"": [
    -8.315982592700000e+01,
    4.242958295100000e+01
  ],
  ""type"": ""Point""
}","{
  ""coordinates"": [
    -83.159825927,
    42.429582951
  ],
  ""type"": ""Point""
}",-83.159825927,42.429582951