ObjectId,Crash ID,Primary Road,Intersecting Road,Crash Date,Day,Month,Year,Hour,Weekday,Crash Type Code,Highway Classification Code,Community Code,Jurisdiction Code,Lane Departure Type Code,Surface Type,Road Condition,Weather Condition,Lighting Condition,Speed Limit,Lanes,Units,Occupants,Most Severe Injury,Fatal Injuries,Suspected Serious Injuries,Suspected Minor Injuries,Possible Injuries,Property Damage Only,Secondary Crash,Traffic Control,Red Light Run,Hit and Run,Alcohol,Drugs,Unbelted Person,Work Zone,Speeding Driver,Distracted Driver,Driveway,Pedestrian,Elderly Driver,Young Driver,Commercial Vehicle,Emergency Vehicles,Train,School Bus,Motorcycle,Bicycle,Deer,Longitude,Latitude,geom,geog,x,y
3707,1187272,WYOMING,FENKELL,2017-11-08,8,11,2017,18,4,5,9,,4,0,,1,1,4,35,4,3,3,4,0,0,0,1,false,,false,false,false,false,false,,,,,,false,true,false,,,false,false,false,false,false,-83.1597,42.40265,"{
  ""coordinates"": [
    -8.315969773800001e+01,
    4.240265195300000e+01
  ],
  ""type"": ""Point""
}","{
  ""coordinates"": [
    -83.159697738,
    42.402651953
  ],
  ""type"": ""Point""
}",-83.159697738,42.402651953
3708,1190132,JOHN KRONK,MARTIN,2017-11-08,8,11,2017,23,4,8,9,,4,0,,1,1,4,30,2,2,1,5,0,0,0,0,true,,false,false,true,false,false,,,,,,false,false,false,,,false,false,false,false,false,-83.12159,42.32342,"{
  ""coordinates"": [
    -8.312159289100001e+01,
    4.232342325000010e+01
  ],
  ""type"": ""Point""
}","{
  ""coordinates"": [
    -83.121592891,
    42.32342325
  ],
  ""type"": ""Point""
}",-83.121592891,42.3234232500001
3709,1190236,7 MILE,MEYERS,2017-11-08,8,11,2017,17,4,8,9,,2,0,,1,1,4,30,5,2,3,5,0,0,0,0,true,,false,false,false,false,false,,,,,,false,false,false,,,false,false,false,false,false,-83.17052,42.43126,"{
  ""coordinates"": [
    -8.317051718899999e+01,
    4.243125644500000e+01
  ],
  ""type"": ""Point""
}","{
  ""coordinates"": [
    -83.170517189,
    42.431256445
  ],
  ""type"": ""Point""
}",-83.170517189,42.431256445
3710,1187270,I-94,WOODWARD,2017-11-08,8,11,2017,14,4,5,1,,1,0,,1,1,1,55,3,2,2,5,0,0,0,0,true,,false,false,false,false,false,,,,,,false,false,true,,,false,false,false,false,false,-83.06861,42.36391,"{
  ""coordinates"": [
    -8.306861469099989e+01,
    4.236391503800010e+01
  ],
  ""type"": ""Point""
}","{
  ""coordinates"": [
    -83.068614691,
    42.363915038
  ],
  ""type"": ""Point""
}",-83.0686146909999,42.3639150380001
3711,1187320,CURTIS,WOODINGHAM,2017-11-08,8,11,2017,8,4,4,9,,4,0,,1,1,1,25,2,2,2,5,0,0,0,0,true,,true,false,true,false,false,,,,,,false,false,true,,,false,false,false,false,false,-83.15044,42.4243,"{
  ""coordinates"": [
    -8.315043590399991e+01,
    4.242430212200000e+01
  ],
  ""type"": ""Point""
}","{
  ""coordinates"": [
    -83.150435904,
    42.424302122
  ],
  ""type"": ""Point""
}",-83.1504359039999,42.424302122
3712,1190181,GRIGGS,BEECHDALE,2017-11-08,8,11,2017,23,4,4,9,,,0,,1,1,4,35,4,2,2,4,0,0,0,1,false,,false,false,true,false,false,,,,,,false,false,false,,,false,false,false,false,false,-83.16179,42.37017,"{
  ""coordinates"": [
    -8.316178738399999e+01,
    4.237017164500000e+01
  ],
  ""type"": ""Point""
}","{
  ""coordinates"": [
    -83.161787384,
    42.370171645
  ],
  ""type"": ""Point""
}",-83.161787384,42.370171645
3713,1193807,N M 10,GREENLAWN,2017-11-08,8,11,2017,8,4,5,3,,1,0,,1,1,1,55,3,3,3,5,0,0,0,0,true,,false,false,false,false,false,,,,,,false,false,true,,,false,false,false,false,false,-83.15057,42.40487,"{
  ""coordinates"": [
    -8.315056888200000e+01,
    4.240487438400000e+01
  ],
  ""type"": ""Point""
}","{
  ""coordinates"": [
    -83.150568882,
    42.404874384
  ],
  ""type"": ""Point""
}",-83.150568882,42.404874384
3714,1187304,MCINTYRE,LEEWIN,2017-11-08,8,11,2017,11,4,8,9,,,3,,1,1,1,15,1,2,0,5,0,0,0,0,true,,false,false,true,false,false,,,,,,false,false,false,,,false,false,false,false,false,-83.26339,42.43732,"{
  ""coordinates"": [
    -8.326339170599989e+01,
    4.243731917100010e+01
  ],
  ""type"": ""Point""
}","{
  ""coordinates"": [
    -83.263391706,
    42.437319171
  ],
  ""type"": ""Point""
}",-83.2633917059999,42.4373191710001
3715,1192707,WARREN,14TH,2017-11-08,8,11,2017,0,4,5,9,,4,0,,1,1,4,30,2,2,3,4,0,0,0,2,false,,false,false,false,false,false,,,,,,false,false,true,,,false,false,false,false,false,-83.08659,42.34962,"{
  ""coordinates"": [
    -8.308658674799990e+01,
    4.234962168600000e+01
  ],
  ""type"": ""Point""
}","{
  ""coordinates"": [
    -83.086586748,
    42.349621686
  ],
  ""type"": ""Point""
}",-83.0865867479999,42.349621686
3716,1279379,GRISWOLD,FORT,2017-11-08,8,11,2017,17,4,1,3,,4,0,,1,1,1,35,2,2,1,5,0,0,0,0,true,,false,false,true,false,false,,,,,,true,false,false,,,false,false,false,false,false,-83.04761,42.33094,"{
  ""coordinates"": [
    -8.304760963099990e+01,
    4.233094450300010e+01
  ],
  ""type"": ""Point""
}","{
  ""coordinates"": [
    -83.047609631,
    42.330944503
  ],
  ""type"": ""Point""
}",-83.0476096309999,42.3309445030001
3717,1210974,WOODWARD,FISHER SRV,2017-11-08,8,11,2017,21,4,4,3,,1,0,,1,2,4,35,2,2,2,4,0,0,0,1,false,,false,false,false,false,false,,,,,,false,false,false,,,false,false,false,false,false,-83.05277,42.3398,"{
  ""coordinates"": [
    -8.305277537300000e+01,
    4.233979622300010e+01
  ],
  ""type"": ""Point""
}","{
  ""coordinates"": [
    -83.052775373,
    42.339796223
  ],
  ""type"": ""Point""
}",-83.052775373,42.3397962230001
3718,1192702,TIREMAN,MANDALAY,2017-11-08,8,11,2017,15,4,8,9,,4,0,,1,1,1,30,2,2,2,5,0,0,0,0,true,,false,false,true,false,false,,,,,,false,false,false,,,false,false,false,false,false,-83.13712,42.3521,"{
  ""coordinates"": [
    -8.313711936800000e+01,
    4.235209795800010e+01
  ],
  ""type"": ""Point""
}","{
  ""coordinates"": [
    -83.137119368,
    42.352097958
  ],
  ""type"": ""Point""
}",-83.137119368,42.3520979580001
3719,1211082,CHALMERS,CHANDLER PARK,2017-11-08,8,11,2017,10,4,4,9,,4,0,,1,1,1,30,1,2,6,4,0,0,0,1,false,,false,false,false,false,false,,,,,,false,false,false,,,false,false,false,false,false,-82.96198,42.40033,"{
  ""coordinates"": [
    -8.296197317799989e+01,
    4.240032777300010e+01
  ],
  ""type"": ""Point""
}","{
  ""coordinates"": [
    -82.961973178,
    42.400327773
  ],
  ""type"": ""Point""
}",-82.9619731779999,42.4003277730001
3720,1187268,I-94,CENTRAL,2017-11-08,8,11,2017,10,4,5,1,,1,0,,1,1,1,55,3,3,2,5,0,0,0,0,true,,false,false,true,false,false,,,,,,false,false,true,,,false,false,false,false,false,-83.13876,42.33224,"{
  ""coordinates"": [
    -8.313876512400000e+01,
    4.233224429600010e+01
  ],
  ""type"": ""Point""
}","{
  ""coordinates"": [
    -83.138765124,
    42.332244296
  ],
  ""type"": ""Point""
}",-83.138765124,42.3322442960001
3721,1195233,TEMPLE,GRAND RIVER,2017-11-08,8,11,2017,11,4,1,3,,4,0,,1,1,1,25,2,1,1,5,0,0,0,0,true,,false,false,false,false,false,,,,,,false,true,false,,,false,false,false,false,false,-83.06611,42.33926,"{
  ""coordinates"": [
    -8.306611091500000e+01,
    4.233925463900000e+01
  ],
  ""type"": ""Point""
}","{
  ""coordinates"": [
    -83.066110915,
    42.339254639
  ],
  ""type"": ""Point""
}",-83.066110915,42.339254639
3722,1187317,VAN DYKE,CANADIAN NATIONAL RAILWAY,2017-11-08,8,11,2017,10,4,5,3,,1,0,,1,1,1,35,2,2,1,5,0,0,0,0,true,,false,false,true,false,false,,,,,,false,true,false,,,false,false,false,false,false,-83.02387,42.42389,"{
  ""coordinates"": [
    -8.302387434199990e+01,
    4.242388746100000e+01
  ],
  ""type"": ""Point""
}","{
  ""coordinates"": [
    -83.023874342,
    42.423887461
  ],
  ""type"": ""Point""
}",-83.0238743419999,42.423887461
3723,1190136,WOODMERE,LAWNDALE,2017-11-08,8,11,2017,18,4,10,9,,4,0,,1,1,4,35,2,2,1,5,0,0,0,0,true,,false,false,false,false,false,,,,,,false,false,false,,,false,false,false,false,false,-83.13489,42.31207,"{
  ""coordinates"": [
    -8.313488622200001e+01,
    4.231206613100010e+01
  ],
  ""type"": ""Point""
}","{
  ""coordinates"": [
    -83.134886222,
    42.312066131
  ],
  ""type"": ""Point""
}",-83.134886222,42.3120661310001
3724,1211070,SAINT JEAN,JEFFERSON,2017-11-08,8,11,2017,15,4,8,9,,4,0,,1,1,1,30,4,2,2,5,0,0,0,0,true,,false,false,false,false,false,,,,,,false,false,false,,,false,false,false,false,false,-82.97059,42.36696,"{
  ""coordinates"": [
    -8.297058950800000e+01,
    4.236696261100010e+01
  ],
  ""type"": ""Point""
}","{
  ""coordinates"": [
    -82.970589508,
    42.366962611
  ],
  ""type"": ""Point""
}",-82.970589508,42.3669626110001
3725,1190215,7 MILE,BUFFALO,2017-11-08,8,11,2017,16,4,8,9,,4,0,,1,1,1,30,4,2,3,5,0,0,0,0,true,,false,false,false,false,false,,,,,,false,false,false,,,false,false,false,false,false,-83.04811,42.43347,"{
  ""coordinates"": [
    -8.304810735400000e+01,
    4.243347237000010e+01
  ],
  ""type"": ""Point""
}","{
  ""coordinates"": [
    -83.048107354,
    42.43347237
  ],
  ""type"": ""Point""
}",-83.048107354,42.4334723700001
3726,1188469,FORRER,SCHOOLCRAFT,2017-11-08,8,11,2017,21,4,8,9,,,0,,1,1,4,25,2,2,1,5,0,0,0,0,true,,false,false,false,false,false,,,,,,false,false,false,,,false,false,false,false,false,-83.2013,42.38712,"{
  ""coordinates"": [
    -8.320129779500000e+01,
    4.238712350600010e+01
  ],
  ""type"": ""Point""
}","{
  ""coordinates"": [
    -83.201297795,
    42.387123506
  ],
  ""type"": ""Point""
}",-83.201297795,42.3871235060001
3727,1188461,I-75,DAVISON,2017-11-08,8,11,2017,18,4,5,1,,1,0,,1,2,3,70,4,2,2,5,0,0,0,0,true,,false,false,false,false,false,,,,,,false,false,false,,,false,false,false,false,false,-83.07988,42.40944,"{
  ""coordinates"": [
    -8.307988293200000e+01,
    4.240943626800000e+01
  ],
  ""type"": ""Point""
}","{
  ""coordinates"": [
    -83.079882932,
    42.409436268
  ],
  ""type"": ""Point""
}",-83.079882932,42.409436268
3728,1187265,I-96,GRAND,2017-11-08,8,11,2017,8,4,5,1,,1,0,,1,1,1,70,4,2,2,5,0,0,0,0,true,,false,false,false,false,false,,,,,,false,false,false,,,false,false,false,false,false,-83.11239,42.35664,"{
  ""coordinates"": [
    -8.311238650500000e+01,
    4.235663575800000e+01
  ],
  ""type"": ""Point""
}","{
  ""coordinates"": [
    -83.112386505,
    42.356635758
  ],
  ""type"": ""Point""
}",-83.112386505,42.356635758
3729,1187271,GREENFIELD,KENDALL,2017-11-08,8,11,2017,18,4,8,9,,2,0,,1,1,4,35,4,2,3,5,0,0,0,0,true,,false,false,false,false,false,,,,,,false,false,true,,,false,false,false,false,false,-83.19823,42.38908,"{
  ""coordinates"": [
    -8.319823768099999e+01,
    4.238908159400010e+01
  ],
  ""type"": ""Point""
}","{
  ""coordinates"": [
    -83.198237681,
    42.389081594
  ],
  ""type"": ""Point""
}",-83.198237681,42.3890815940001
3730,1195211,I 96,MEYERS,2017-11-08,8,11,2017,3,4,1,1,,1,1,,1,1,4,70,3,1,1,5,0,0,0,0,true,,false,false,false,false,false,,,,,,false,false,true,,,false,false,false,false,false,-83.17041,42.38485,"{
  ""coordinates"": [
    -8.317041080900000e+01,
    4.238485132600000e+01
  ],
  ""type"": ""Point""
}","{
  ""coordinates"": [
    -83.170410809,
    42.384851326
  ],
  ""type"": ""Point""
}",-83.170410809,42.384851326
3731,1187329,CASS,KIRBY,2017-11-08,8,11,2017,8,4,9,9,,4,2,,1,1,1,25,4,2,5,5,0,0,0,0,true,,false,false,false,false,false,,,,,,false,false,false,,,false,false,false,false,false,-83.06826,42.35881,"{
  ""coordinates"": [
    -8.306826178999999e+01,
    4.235880844300000e+01
  ],
  ""type"": ""Point""
}","{
  ""coordinates"": [
    -83.06826179,
    42.358808443
  ],
  ""type"": ""Point""
}",-83.06826179,42.358808443
3732,1192705,MARTIN LUTHER KING JR,W I 96,2017-11-08,8,11,2017,16,4,5,9,,4,0,,1,1,1,35,3,2,2,5,0,0,0,0,true,,false,false,false,false,false,,,,,,false,false,true,,,false,false,false,false,false,-83.09055,42.33631,"{
  ""coordinates"": [
    -8.309054349699990e+01,
    4.233631016100000e+01
  ],
  ""type"": ""Point""
}","{
  ""coordinates"": [
    -83.090543497,
    42.336310161
  ],
  ""type"": ""Point""
}",-83.0905434969999,42.336310161
3733,1187305,7 MILE,GRANDVIEW,2017-11-08,8,11,2017,8,4,8,9,,2,0,,1,1,1,35,5,2,2,5,0,0,0,0,true,,false,false,false,false,false,,,,,,false,false,false,,,false,false,false,false,false,-83.28529,42.42863,"{
  ""coordinates"": [
    -8.328528939900001e+01,
    4.242863625900000e+01
  ],
  ""type"": ""Point""
}","{
  ""coordinates"": [
    -83.285289399,
    42.428636259
  ],
  ""type"": ""Point""
}",-83.285289399,42.428636259
3734,1187303,TELEGRAPH,GRAND RIVER,2017-11-08,8,11,2017,7,4,4,2,,1,0,,1,1,1,45,4,2,2,3,0,0,1,0,false,,false,false,false,false,false,,,,,,false,false,false,,,false,true,false,false,false,-83.27784,42.42527,"{
  ""coordinates"": [
    -8.327783798599999e+01,
    4.242527545600010e+01
  ],
  ""type"": ""Point""
}","{
  ""coordinates"": [
    -83.277837986,
    42.425275456
  ],
  ""type"": ""Point""
}",-83.277837986,42.4252754560001
3735,1187315,WYOMING,MACKENZIE,2017-11-08,8,11,2017,8,4,5,9,,4,0,,1,1,1,0,2,2,3,5,0,0,0,0,true,,false,false,false,false,false,,,,,,false,false,false,,,false,false,false,false,false,-83.15781,42.35676,"{
  ""coordinates"": [
    -8.315780856399989e+01,
    4.235676238100010e+01
  ],
  ""type"": ""Point""
}","{
  ""coordinates"": [
    -83.157808564,
    42.356762381
  ],
  ""type"": ""Point""
}",-83.1578085639999,42.3567623810001
3736,1190120,WYOMING,FULLERTON,2017-11-08,8,11,2017,17,4,4,9,,4,0,,1,1,3,35,4,2,2,4,0,0,0,1,false,,true,true,false,false,false,,,,,,false,false,false,,,false,false,false,false,false,-83.15883,42.38074,"{
  ""coordinates"": [
    -8.315882976899999e+01,
    4.238074577000000e+01
  ],
  ""type"": ""Point""
}","{
  ""coordinates"": [
    -83.158829769,
    42.38074577
  ],
  ""type"": ""Point""
}",-83.158829769,42.38074577
3737,1187267,S M 10,RAMP 215F,2017-11-08,8,11,2017,15,4,5,3,,1,0,,1,1,1,55,4,3,5,5,0,0,0,0,true,,false,false,false,false,false,,,,,,false,true,false,,,false,false,false,false,false,-83.07763,42.36065,"{
  ""coordinates"": [
    -8.307762693699991e+01,
    4.236064595400010e+01
  ],
  ""type"": ""Point""
}","{
  ""coordinates"": [
    -83.077626937,
    42.360645954
  ],
  ""type"": ""Point""
}",-83.0776269369999,42.3606459540001
3738,1187269,RAMP 213P,RAMP 213E,2017-11-08,8,11,2017,11,4,5,1,,1,0,,1,1,1,25,1,2,2,5,0,0,0,0,true,,false,false,false,false,false,,,,,,false,true,true,,,false,false,false,false,false,-83.10104,42.35105,"{
  ""coordinates"": [
    -8.310103380600000e+01,
    4.235104747200010e+01
  ],
  ""type"": ""Point""
}","{
  ""coordinates"": [
    -83.101033806,
    42.351047472
  ],
  ""type"": ""Point""
}",-83.101033806,42.3510474720001
3739,1188483,LINWOOD,FENKELL,2017-11-08,8,11,2017,15,4,9,9,,7,0,,1,1,1,30,2,2,1,5,0,0,0,0,true,,false,false,true,false,false,,,,,,false,false,false,,,false,false,false,false,false,-83.12724,42.40296,"{
  ""coordinates"": [
    -8.312724303899989e+01,
    4.240295790100000e+01
  ],
  ""type"": ""Point""
}","{
  ""coordinates"": [
    -83.127243039,
    42.402957901
  ],
  ""type"": ""Point""
}",-83.1272430389999,42.402957901
3740,1187294,CHICAGO,E I 96,2017-11-08,8,11,2017,8,4,4,9,,4,0,,1,1,1,35,4,2,2,5,0,0,0,0,true,,true,true,false,false,false,,,,,,false,true,false,,,false,false,false,false,false,-83.13982,42.36765,"{
  ""coordinates"": [
    -8.313982241300000e+01,
    4.236765260900010e+01
  ],
  ""type"": ""Point""
}","{
  ""coordinates"": [
    -83.139822413,
    42.367652609
  ],
  ""type"": ""Point""
}",-83.139822413,42.3676526090001
3741,1188454,I-94,I-96,2017-11-08,8,11,2017,18,4,5,1,,1,0,,1,1,4,55,3,3,3,5,0,0,0,0,true,,false,false,false,false,false,,,,,,false,false,true,,,false,false,false,false,false,-83.10096,42.34953,"{
  ""coordinates"": [
    -8.310095903300000e+01,
    4.234952961500010e+01
  ],
  ""type"": ""Point""
}","{
  ""coordinates"": [
    -83.100959033,
    42.349529615
  ],
  ""type"": ""Point""
}",-83.100959033,42.3495296150001
3742,1187316,17885 JOS CAMPAU,NEVADA,2017-11-08,8,11,2017,15,4,4,9,,4,0,,1,1,1,35,2,2,2,5,0,0,0,0,true,,false,false,false,false,false,,,,,,false,true,false,,,false,false,false,false,false,-83.0728,42.42579,"{
  ""coordinates"": [
    -8.307279813900000e+01,
    4.242579300800000e+01
  ],
  ""type"": ""Point""
}","{
  ""coordinates"": [
    -83.072798139,
    42.425793008
  ],
  ""type"": ""Point""
}",-83.072798139,42.425793008
3743,1210723,I-94,M-10,2017-11-08,8,11,2017,4,4,8,1,,1,0,,1,2,2,55,3,2,2,5,0,0,0,0,true,,false,false,false,true,false,,,,,,false,false,false,,,false,false,false,false,false,-83.07732,42.35884,"{
  ""coordinates"": [
    -8.307732412999999e+01,
    4.235884395700000e+01
  ],
  ""type"": ""Point""
}","{
  ""coordinates"": [
    -83.07732413,
    42.358843957
  ],
  ""type"": ""Point""
}",-83.07732413,42.358843957
3744,1188455,I-94,MT ELLIOT,2017-11-08,8,11,2017,19,4,5,1,,1,0,,1,1,4,55,3,2,2,5,0,0,0,0,true,,false,false,false,false,false,,,,,,false,false,true,,,false,false,false,false,false,-83.03524,42.37839,"{
  ""coordinates"": [
    -8.303524141299989e+01,
    4.237838740200000e+01
  ],
  ""type"": ""Point""
}","{
  ""coordinates"": [
    -83.035241413,
    42.378387402
  ],
  ""type"": ""Point""
}",-83.0352414129999,42.378387402
3745,1195219,M 10,WYOMING,2017-11-08,8,11,2017,1,4,1,3,,1,1,,1,1,5,55,3,1,1,5,0,0,0,0,true,,false,false,false,true,false,,,,,,false,false,false,,,false,false,false,false,false,-83.15997,42.40523,"{
  ""coordinates"": [
    -8.315996870399989e+01,
    4.240522653200000e+01
  ],
  ""type"": ""Point""
}","{
  ""coordinates"": [
    -83.159968704,
    42.405226532
  ],
  ""type"": ""Point""
}",-83.1599687039999,42.405226532
3746,1190221,SEVEN MILE,TELEGRAPH,2017-11-08,8,11,2017,18,4,8,9,,2,0,,1,1,4,0,4,2,2,5,0,0,0,0,true,,false,false,false,false,false,,,,,,false,false,false,,,false,false,false,false,false,-83.27873,42.42891,"{
  ""coordinates"": [
    -8.327872947299990e+01,
    4.242890618300000e+01
  ],
  ""type"": ""Point""
}","{
  ""coordinates"": [
    -83.278729473,
    42.428906183
  ],
  ""type"": ""Point""
}",-83.2787294729999,42.428906183
3747,1192741,BRUSH,HOLBROOK,2017-11-08,8,11,2017,19,4,4,9,,4,0,,1,1,4,25,2,2,5,4,0,0,0,1,false,,true,false,false,false,false,,,,,,false,false,true,,,false,false,false,false,false,-83.07478,42.38332,"{
  ""coordinates"": [
    -8.307478666899991e+01,
    4.238332164500010e+01
  ],
  ""type"": ""Point""
}","{
  ""coordinates"": [
    -83.074786669,
    42.383321645
  ],
  ""type"": ""Point""
}",-83.0747866689999,42.3833216450001
3748,1191488,I-75,DAVISON,2017-11-07,7,11,2017,16,3,5,1,,1,0,,1,1,1,70,4,2,1,5,0,0,0,0,true,,false,false,true,false,false,,,,,,false,false,false,,,false,false,false,false,false,-83.07909,42.40851,"{
  ""coordinates"": [
    -8.307908317600000e+01,
    4.240850794600000e+01
  ],
  ""type"": ""Point""
}","{
  ""coordinates"": [
    -83.079083176,
    42.408507946
  ],
  ""type"": ""Point""
}",-83.079083176,42.408507946
3749,1201418,DEQUINDRE,ROBINWOOD,2017-11-07,7,11,2017,22,3,1,9,,4,1,,1,1,1,35,4,1,1,5,0,0,0,0,true,,false,false,false,false,false,,,,,,false,false,false,,,false,false,false,false,false,-83.08281,42.43104,"{
  ""coordinates"": [
    -8.308280593300000e+01,
    4.243103814600000e+01
  ],
  ""type"": ""Point""
}","{
  ""coordinates"": [
    -83.082805933,
    42.431038146
  ],
  ""type"": ""Point""
}",-83.082805933,42.431038146
3750,1191483,M-10,I-94,2017-11-07,7,11,2017,11,3,8,3,,1,0,,1,1,1,55,4,2,3,5,0,0,0,0,true,,false,false,false,false,false,,,,,,false,true,false,,,false,false,false,false,false,-83.07873,42.36253,"{
  ""coordinates"": [
    -8.307872763099989e+01,
    4.236252891600000e+01
  ],
  ""type"": ""Point""
}","{
  ""coordinates"": [
    -83.078727631,
    42.362528916
  ],
  ""type"": ""Point""
}",-83.0787276309999,42.362528916
3751,1187313,SCOTTEN,E I 96,2017-11-07,7,11,2017,20,3,8,9,,4,0,,1,1,4,30,3,2,3,5,0,0,0,0,true,,false,false,false,false,false,,,,,,false,true,false,,,false,false,false,false,false,-83.11227,42.35661,"{
  ""coordinates"": [
    -8.311226797800001e+01,
    4.235661254400000e+01
  ],
  ""type"": ""Point""
}","{
  ""coordinates"": [
    -83.112267978,
    42.356612544
  ],
  ""type"": ""Point""
}",-83.112267978,42.356612544
3752,1191499,M-10,GRAND,2017-11-07,7,11,2017,13,3,8,3,,1,0,,1,1,1,55,3,2,2,5,0,0,0,0,true,,false,false,false,false,false,,,,,,false,false,true,,,false,false,false,false,false,-83.08265,42.36812,"{
  ""coordinates"": [
    -8.308264941100001e+01,
    4.236811781800000e+01
  ],
  ""type"": ""Point""
}","{
  ""coordinates"": [
    -83.082649411,
    42.368117818
  ],
  ""type"": ""Point""
}",-83.082649411,42.368117818
3753,1187275,MACK,N I 75,2017-11-07,7,11,2017,22,3,4,9,,4,0,,1,1,4,0,2,2,2,5,0,0,0,0,true,,false,false,true,false,false,,,,,,false,false,false,,,false,false,false,false,false,-83.04785,42.35121,"{
  ""coordinates"": [
    -8.304785051499989e+01,
    4.235121180600000e+01
  ],
  ""type"": ""Point""
}","{
  ""coordinates"": [
    -83.047850515,
    42.351211806
  ],
  ""type"": ""Point""
}",-83.0478505149999,42.351211806
3754,1211094,WARREN,ALTER,2017-11-07,7,11,2017,15,3,4,9,,4,0,,1,1,1,35,2,2,8,5,0,0,0,0,true,,false,false,false,false,false,,,,,,false,false,false,,,false,false,false,false,false,-82.95445,42.39704,"{
  ""coordinates"": [
    -8.295445164499991e+01,
    4.239704020100000e+01
  ],
  ""type"": ""Point""
}","{
  ""coordinates"": [
    -82.954451645,
    42.397040201
  ],
  ""type"": ""Point""
}",-82.9544516449999,42.397040201
3755,1211245,MACK,SENECA,2017-11-07,7,11,2017,16,3,5,9,,4,0,,1,1,3,35,4,2,2,5,0,0,0,0,true,,false,false,false,false,false,,,,,,false,false,false,,,false,false,false,false,false,-83.00124,42.36894,"{
  ""coordinates"": [
    -8.300123924800000e+01,
    4.236893746800010e+01
  ],
  ""type"": ""Point""
}","{
  ""coordinates"": [
    -83.001239248,
    42.368937468
  ],
  ""type"": ""Point""
}",-83.001239248,42.3689374680001
3756,1187312,DAVISON,PETOSKEY,2017-11-07,7,11,2017,17,3,5,3,,1,0,,1,1,1,35,7,3,2,5,0,0,0,0,true,,false,false,false,false,false,,,,,,false,false,false,,,false,false,false,false,false,-83.13504,42.38817,"{
  ""coordinates"": [
    -8.313503719300000e+01,
    4.238817191200010e+01
  ],
  ""type"": ""Point""
}","{
  ""coordinates"": [
    -83.135037193,
    42.388171912
  ],
  ""type"": ""Point""
}",-83.135037193,42.3881719120001
3757,1190148,JOY,VAUGHAN,2017-11-07,7,11,2017,17,3,8,9,,2,0,,1,1,1,35,4,3,2,4,0,0,0,2,false,,false,false,true,false,false,,,,,,false,false,false,,,false,false,false,false,false,-83.23739,42.35755,"{
  ""coordinates"": [
    -8.323739010299990e+01,
    4.235754707700000e+01
  ],
  ""type"": ""Point""
}","{
  ""coordinates"": [
    -83.237390103,
    42.357547077
  ],
  ""type"": ""Point""
}",-83.2373901029999,42.357547077
3758,1186219,MCNICHOLS,GODDARD,2017-11-07,7,11,2017,16,3,5,9,,4,0,,1,1,1,35,2,2,2,5,0,0,0,0,true,,false,false,true,false,false,,,,,,false,false,false,,,false,false,false,false,false,-83.07838,42.41854,"{
  ""coordinates"": [
    -8.307837601400000e+01,
    4.241853925100000e+01
  ],
  ""type"": ""Point""
}","{
  ""coordinates"": [
    -83.078376014,
    42.418539251
  ],
  ""type"": ""Point""
}",-83.078376014,42.418539251
3759,1187276,WOODWARD,HAZELWOOD,2017-11-07,7,11,2017,18,3,4,3,,1,0,,1,1,4,30,3,2,2,5,0,0,0,0,true,,false,false,false,false,false,,,,,,false,false,true,,,false,false,false,false,false,-83.08067,42.38124,"{
  ""coordinates"": [
    -8.308066753400000e+01,
    4.238123761000000e+01
  ],
  ""type"": ""Point""
}","{
  ""coordinates"": [
    -83.080667534,
    42.38123761
  ],
  ""type"": ""Point""
}",-83.080667534,42.38123761
3760,1186183,RAMP 213L,RAMP 213M,2017-11-07,7,11,2017,1,3,5,1,,1,0,,1,1,4,55,2,2,1,5,0,0,0,0,true,,false,false,true,false,false,,,,,,false,false,false,,,false,false,false,false,false,-83.10011,42.35202,"{
  ""coordinates"": [
    -8.310010181800000e+01,
    4.235202311900010e+01
  ],
  ""type"": ""Point""
}","{
  ""coordinates"": [
    -83.100101818,
    42.352023119
  ],
  ""type"": ""Point""
}",-83.100101818,42.3520231190001
3761,1191481,I-94,FRENCH,2017-11-07,7,11,2017,14,3,5,1,,1,0,,1,1,1,55,3,2,2,5,0,0,0,0,true,,false,false,false,false,false,,,,,,false,false,false,,,false,false,false,false,false,-82.99628,42.39235,"{
  ""coordinates"": [
    -8.299628584999989e+01,
    4.239235180500000e+01
  ],
  ""type"": ""Point""
}","{
  ""coordinates"": [
    -82.99628585,
    42.392351805
  ],
  ""type"": ""Point""
}",-82.9962858499999,42.392351805
3762,1186224,ROBINWOOD,HEALY,2017-11-07,7,11,2017,15,3,5,9,,,0,,1,1,1,25,1,4,4,5,0,0,0,0,true,,false,false,true,false,false,,,,,,false,false,false,,,false,false,false,false,false,-83.05533,42.43144,"{
  ""coordinates"": [
    -8.305532710900000e+01,
    4.243143671600010e+01
  ],
  ""type"": ""Point""
}","{
  ""coordinates"": [
    -83.055327109,
    42.431436716
  ],
  ""type"": ""Point""
}",-83.055327109,42.4314367160001
3763,1210928,GROVE,PREVOST,2017-11-07,7,11,2017,15,3,97,9,,,0,,1,1,1,35,2,2,6,5,0,0,0,0,true,,false,false,true,false,false,,,,,,false,false,false,,,false,false,false,false,false,-83.2034,42.41407,"{
  ""coordinates"": [
    -8.320339945400001e+01,
    4.241406864200010e+01
  ],
  ""type"": ""Point""
}","{
  ""coordinates"": [
    -83.203399454,
    42.414068642
  ],
  ""type"": ""Point""
}",-83.203399454,42.4140686420001