ObjectId,Crash ID,Primary Road,Intersecting Road,Crash Date,Day,Month,Year,Hour,Weekday,Crash Type Code,Highway Classification Code,Community Code,Jurisdiction Code,Lane Departure Type Code,Surface Type,Road Condition,Weather Condition,Lighting Condition,Speed Limit,Lanes,Units,Occupants,Most Severe Injury,Fatal Injuries,Suspected Serious Injuries,Suspected Minor Injuries,Possible Injuries,Property Damage Only,Secondary Crash,Traffic Control,Red Light Run,Hit and Run,Alcohol,Drugs,Unbelted Person,Work Zone,Speeding Driver,Distracted Driver,Driveway,Pedestrian,Elderly Driver,Young Driver,Commercial Vehicle,Emergency Vehicles,Train,School Bus,Motorcycle,Bicycle,Deer,Longitude,Latitude,geom,geog,x,y
3878,1183895,JOY,FAUST,2017-11-05,5,11,2017,11,1,3,9,,2,0,,2,2,1,35,4,2,6,3,0,0,2,0,false,,false,false,false,false,false,,,,,,false,false,false,,,false,false,false,false,false,-83.22137,42.35778,"{
  ""coordinates"": [
    -8.322137269000000e+01,
    4.235778135100000e+01
  ],
  ""type"": ""Point""
}","{
  ""coordinates"": [
    -83.22137269,
    42.357781351
  ],
  ""type"": ""Point""
}",-83.22137269,42.357781351
3879,1183875,I-94,GRAND RIVER,2017-11-05,5,11,2017,14,1,8,1,,1,0,,2,4,1,70,3,2,3,5,0,0,0,0,true,,false,false,false,false,false,,,,,,false,false,false,,,false,false,false,false,false,-83.10005,42.34982,"{
  ""coordinates"": [
    -8.310005485200000e+01,
    4.234981361200000e+01
  ],
  ""type"": ""Point""
}","{
  ""coordinates"": [
    -83.100054852,
    42.349813612
  ],
  ""type"": ""Point""
}",-83.100054852,42.349813612
3880,1196561,I-94,CONCORD,2017-11-05,5,11,2017,9,1,8,1,,1,0,,2,4,1,55,3,2,2,5,0,0,0,0,true,,false,false,true,false,false,,,,,,false,false,false,,,false,false,false,false,false,-83.0284,42.38433,"{
  ""coordinates"": [
    -8.302840793800000e+01,
    4.238433508100010e+01
  ],
  ""type"": ""Point""
}","{
  ""coordinates"": [
    -83.028407938,
    42.384335081
  ],
  ""type"": ""Point""
}",-83.028407938,42.3843350810001
3881,1183869,I96,GRAND,2017-11-05,5,11,2017,10,1,1,1,,1,1,,2,3,1,70,4,1,1,5,0,0,0,0,true,,false,false,false,false,false,,,,,,false,false,false,,,false,false,false,false,false,-83.10851,42.35508,"{
  ""coordinates"": [
    -8.310851497100001e+01,
    4.235508001300010e+01
  ],
  ""type"": ""Point""
}","{
  ""coordinates"": [
    -83.108514971,
    42.355080013
  ],
  ""type"": ""Point""
}",-83.108514971,42.3550800130001
3882,1183883,E I 96,CSX TRANSPORTATION,2017-11-05,5,11,2017,12,1,1,1,,1,1,,2,2,1,70,4,1,1,5,0,0,0,0,true,,false,false,false,false,false,,,,,,false,false,true,,,false,false,false,false,false,-83.19055,42.37962,"{
  ""coordinates"": [
    -8.319054885500000e+01,
    4.237962170800010e+01
  ],
  ""type"": ""Point""
}","{
  ""coordinates"": [
    -83.190548855,
    42.379621708
  ],
  ""type"": ""Point""
}",-83.190548855,42.3796217080001
3883,1186196,SOUTHFIELD SERVICE DRIVE,PURITAN,2017-11-05,5,11,2017,0,1,4,9,,4,0,,2,4,4,25,2,2,1,5,0,0,0,0,true,,false,false,true,false,false,,,,,,false,false,true,,,false,false,false,false,false,-83.21899,42.40834,"{
  ""coordinates"": [
    -8.321899263900001e+01,
    4.240834187700010e+01
  ],
  ""type"": ""Point""
}","{
  ""coordinates"": [
    -83.218992639,
    42.408341877
  ],
  ""type"": ""Point""
}",-83.218992639,42.4083418770001
3884,1183913,VAN DYKE,ROLYAT,2017-11-05,5,11,2017,5,1,1,3,,1,0,,2,4,4,35,6,1,1,5,0,0,0,0,true,,false,false,false,false,false,,,,,,false,false,true,,,false,false,false,false,false,-83.02444,42.43953,"{
  ""coordinates"": [
    -8.302443320799991e+01,
    4.243953347700010e+01
  ],
  ""type"": ""Point""
}","{
  ""coordinates"": [
    -83.024433208,
    42.439533477
  ],
  ""type"": ""Point""
}",-83.0244332079999,42.4395334770001
3885,1183871,N I 75,ROSA PARKS,2017-11-05,5,11,2017,7,1,5,1,,1,0,,2,4,1,70,3,2,3,5,0,0,0,0,true,,false,false,false,false,false,,,,,,false,false,false,,,false,false,false,false,false,-83.07309,42.33327,"{
  ""coordinates"": [
    -8.307308637499990e+01,
    4.233327151200010e+01
  ],
  ""type"": ""Point""
}","{
  ""coordinates"": [
    -83.073086375,
    42.333271512
  ],
  ""type"": ""Point""
}",-83.0730863749999,42.3332715120001
3886,1199555,CRANE,SAINT PAUL,2017-11-05,5,11,2017,11,1,4,9,,,0,,2,4,1,25,2,2,7,4,0,0,0,2,false,,false,false,false,false,false,,,,,,false,false,false,,,false,false,false,false,false,-82.99059,42.35995,"{
  ""coordinates"": [
    -8.299058932500000e+01,
    4.235995203500000e+01
  ],
  ""type"": ""Point""
}","{
  ""coordinates"": [
    -82.990589325,
    42.359952035
  ],
  ""type"": ""Point""
}",-82.990589325,42.359952035
3887,1302247,RALSTON,WOODWARD,2017-11-05,5,11,2017,22,1,1,3,,,1,,1,1,4,40,1,1,2,5,0,0,0,0,true,,false,false,false,false,false,,,,,,false,false,false,,,false,false,false,false,false,-83.11704,42.4353,"{
  ""coordinates"": [
    -8.311703879500000e+01,
    4.243530016100000e+01
  ],
  ""type"": ""Point""
}","{
  ""coordinates"": [
    -83.117038795,
    42.435300161
  ],
  ""type"": ""Point""
}",-83.117038795,42.435300161
3888,1199596,CASS,WARREN,2017-11-05,5,11,2017,15,1,98,9,,4,3,,2,4,1,30,2,2,0,5,0,0,0,0,true,,false,false,true,false,false,,,,,,false,false,false,,,false,false,false,false,false,-83.06647,42.35567,"{
  ""coordinates"": [
    -8.306646652400001e+01,
    4.235566607100000e+01
  ],
  ""type"": ""Point""
}","{
  ""coordinates"": [
    -83.066466524,
    42.355666071
  ],
  ""type"": ""Point""
}",-83.066466524,42.355666071
3889,1183874,S M 39,GRAND RIVER,2017-11-05,5,11,2017,14,1,1,3,,1,1,,2,4,1,55,3,1,1,5,0,0,0,0,true,,false,false,false,false,false,,,,,,false,false,true,,,false,false,false,false,false,-83.21838,42.40047,"{
  ""coordinates"": [
    -8.321837966699999e+01,
    4.240047036100000e+01
  ],
  ""type"": ""Point""
}","{
  ""coordinates"": [
    -83.218379667,
    42.400470361
  ],
  ""type"": ""Point""
}",-83.218379667,42.400470361
3890,1211360,HAYES,HOUSTON WHITTIER,2017-11-05,5,11,2017,18,1,5,9,,4,0,,1,1,1,30,4,2,1,5,0,0,0,0,true,,false,false,true,false,false,,,,,,false,false,false,,,false,false,false,false,false,-82.96503,42.42069,"{
  ""coordinates"": [
    -8.296502725200000e+01,
    4.242069427900000e+01
  ],
  ""type"": ""Point""
}","{
  ""coordinates"": [
    -82.965027252,
    42.420694279
  ],
  ""type"": ""Point""
}",-82.965027252,42.420694279
3891,1211170,VAUGHAN,VAN BUREN,2017-11-05,5,11,2017,9,1,5,9,,,0,,2,1,1,35,2,2,0,5,0,0,0,0,true,,false,false,false,false,false,,,,,,false,false,false,,,false,false,false,false,false,-83.2371,42.35561,"{
  ""coordinates"": [
    -8.323710223499999e+01,
    4.235561402800000e+01
  ],
  ""type"": ""Point""
}","{
  ""coordinates"": [
    -83.237102235,
    42.355614028
  ],
  ""type"": ""Point""
}",-83.237102235,42.355614028
3892,1193808,I-94,CONCORD,2017-11-05,5,11,2017,7,1,1,1,,1,1,,2,4,2,55,3,1,1,5,0,0,0,0,true,,false,false,false,false,false,,,,,,false,false,false,,,false,false,false,false,false,-83.0284,42.38433,"{
  ""coordinates"": [
    -8.302840793800000e+01,
    4.238433508100010e+01
  ],
  ""type"": ""Point""
}","{
  ""coordinates"": [
    -83.028407938,
    42.384335081
  ],
  ""type"": ""Point""
}",-83.028407938,42.3843350810001
3893,1238853,6800 CLAYTON,MARTIN,2017-11-05,5,11,2017,2,1,5,9,,,0,,1,1,4,25,2,3,0,5,0,0,0,0,true,,false,false,true,false,false,,,,,,false,false,false,,,false,false,false,false,false,-83.12444,42.32648,"{
  ""coordinates"": [
    -8.312444651700000e+01,
    4.232648647600010e+01
  ],
  ""type"": ""Point""
}","{
  ""coordinates"": [
    -83.124446517,
    42.326486476
  ],
  ""type"": ""Point""
}",-83.124446517,42.3264864760001
3894,1183868,I 96,GRAND,2017-11-05,5,11,2017,9,1,1,1,,1,1,,2,3,1,70,4,1,1,5,0,0,0,0,true,,false,false,false,false,false,,,,,,false,false,false,,,false,false,false,false,false,-83.10851,42.35508,"{
  ""coordinates"": [
    -8.310851497100001e+01,
    4.235508001300010e+01
  ],
  ""type"": ""Point""
}","{
  ""coordinates"": [
    -83.108514971,
    42.355080013
  ],
  ""type"": ""Point""
}",-83.108514971,42.3550800130001
3895,1186202,E I 96,OUTER,2017-11-05,5,11,2017,10,1,9,1,,1,0,,98,98,98,55,4,2,2,5,0,0,0,0,true,,false,false,false,false,false,,,,,,false,true,false,,,false,false,false,false,false,-83.25615,42.38544,"{
  ""coordinates"": [
    -8.325614725600001e+01,
    4.238544167900010e+01
  ],
  ""type"": ""Point""
}","{
  ""coordinates"": [
    -83.256147256,
    42.385441679
  ],
  ""type"": ""Point""
}",-83.256147256,42.3854416790001
3896,1187338,PALMER,BRUSH,2017-11-05,5,11,2017,14,1,98,9,,,0,,2,4,1,25,2,2,0,5,0,0,0,0,true,,false,false,true,false,false,,,,,,false,false,false,,,false,false,false,false,false,-83.06301,42.36409,"{
  ""coordinates"": [
    -8.306301017800000e+01,
    4.236408750300010e+01
  ],
  ""type"": ""Point""
}","{
  ""coordinates"": [
    -83.063010178,
    42.364087503
  ],
  ""type"": ""Point""
}",-83.063010178,42.3640875030001
3897,1195270,7 MILE,LINDSAY,2017-11-05,5,11,2017,11,1,5,9,,2,0,,1,2,2,30,4,2,3,5,0,0,0,0,true,,false,false,false,false,false,,,,,,false,false,false,,,false,false,false,false,false,-83.21416,42.43016,"{
  ""coordinates"": [
    -8.321416264100000e+01,
    4.243016378800010e+01
  ],
  ""type"": ""Point""
}","{
  ""coordinates"": [
    -83.214162641,
    42.430163788
  ],
  ""type"": ""Point""
}",-83.214162641,42.4301637880001
3898,1185068,S M 10,RAMP 111A,2017-11-05,5,11,2017,15,1,1,3,,1,1,,2,4,1,55,1,1,3,5,0,0,0,0,true,,false,false,false,false,false,,,,,,false,false,false,,,false,false,false,false,false,-83.10472,42.39117,"{
  ""coordinates"": [
    -8.310472401500000e+01,
    4.239117578500000e+01
  ],
  ""type"": ""Point""
}","{
  ""coordinates"": [
    -83.104724015,
    42.391175785
  ],
  ""type"": ""Point""
}",-83.104724015,42.391175785
3899,1193790,E I 96,CSX TRANSPORTATION,2017-11-05,5,11,2017,11,1,1,1,,1,1,,2,2,1,70,4,1,1,5,0,0,0,0,true,,false,false,false,false,false,,,,,,false,false,false,,,false,false,false,false,false,-83.19055,42.37962,"{
  ""coordinates"": [
    -8.319054885500000e+01,
    4.237962170800010e+01
  ],
  ""type"": ""Point""
}","{
  ""coordinates"": [
    -83.190548855,
    42.379621708
  ],
  ""type"": ""Point""
}",-83.190548855,42.3796217080001
3900,1196545,I 96 W/B,SHAEFER,2017-11-05,5,11,2017,1,1,5,1,,1,0,,2,1,4,55,3,2,1,5,0,0,0,0,true,,false,false,false,false,false,,,,,,false,false,false,,,false,false,false,false,false,-83.17551,42.38395,"{
  ""coordinates"": [
    -8.317550527400000e+01,
    4.238394822800010e+01
  ],
  ""type"": ""Point""
}","{
  ""coordinates"": [
    -83.175505274,
    42.383948228
  ],
  ""type"": ""Point""
}",-83.175505274,42.3839482280001
3901,1186216,REX,CORAM,2017-11-05,5,11,2017,1,1,2,9,,,0,,2,4,4,25,1,2,0,5,0,0,0,0,true,,false,false,true,false,false,,,,,,false,false,false,,,false,false,false,false,false,-82.95829,42.4384,"{
  ""coordinates"": [
    -8.295829361100000e+01,
    4.243840128200000e+01
  ],
  ""type"": ""Point""
}","{
  ""coordinates"": [
    -82.958293611,
    42.438401282
  ],
  ""type"": ""Point""
}",-82.958293611,42.438401282
3902,1199531,PARKWAY,CONSTANCE,2017-11-05,5,11,2017,7,1,5,9,,4,0,,2,2,1,0,1,2,1,5,0,0,0,0,true,,false,false,false,false,false,,,,,,false,false,false,,,false,false,false,false,false,-83.26463,42.35386,"{
  ""coordinates"": [
    -8.326462194399990e+01,
    4.235385572500010e+01
  ],
  ""type"": ""Point""
}","{
  ""coordinates"": [
    -83.264621944,
    42.353855725
  ],
  ""type"": ""Point""
}",-83.2646219439999,42.3538557250001
3903,1183888,MEYERS,ORANGELAWN,2017-11-05,5,11,2017,23,1,1,9,,4,1,,1,1,5,35,2,1,1,4,0,0,0,1,false,,false,false,true,false,false,,,,,,false,false,true,,,false,false,false,false,false,-83.16805,42.37023,"{
  ""coordinates"": [
    -8.316805502499990e+01,
    4.237023079500010e+01
  ],
  ""type"": ""Point""
}","{
  ""coordinates"": [
    -83.168055025,
    42.370230795
  ],
  ""type"": ""Point""
}",-83.1680550249999,42.3702307950001
3904,1183892,SCHAEFER,FORT,2017-11-05,5,11,2017,13,1,8,7,,1,0,,2,4,1,35,2,2,1,5,0,0,0,0,true,,false,false,true,false,false,,,,,,false,false,true,,,false,false,false,false,false,-83.15594,42.27685,"{
  ""coordinates"": [
    -8.315594709699999e+01,
    4.227684649700010e+01
  ],
  ""type"": ""Point""
}","{
  ""coordinates"": [
    -83.155947097,
    42.276846497
  ],
  ""type"": ""Point""
}",-83.155947097,42.2768464970001
3905,1288306,LIVERNOIS,SANTA CLARA,2017-11-05,5,11,2017,8,1,1,9,,4,1,,1,3,1,30,2,1,2,5,0,0,0,0,true,,false,false,false,false,false,,,,,,false,false,false,,,false,false,false,false,false,-83.14111,42.42077,"{
  ""coordinates"": [
    -8.314111070900000e+01,
    4.242076780000010e+01
  ],
  ""type"": ""Point""
}","{
  ""coordinates"": [
    -83.141110709,
    42.4207678
  ],
  ""type"": ""Point""
}",-83.141110709,42.4207678000001
3906,1188470,BURT,TROJAN,2017-11-05,5,11,2017,2,1,9,9,,4,2,,1,1,4,35,2,2,1,5,0,0,0,0,true,,false,false,true,false,false,,,,,,false,false,false,,,false,false,false,false,false,-83.249,42.43984,"{
  ""coordinates"": [
    -8.324900104300001e+01,
    4.243983968800010e+01
  ],
  ""type"": ""Point""
}","{
  ""coordinates"": [
    -83.249001043,
    42.439839688
  ],
  ""type"": ""Point""
}",-83.249001043,42.4398396880001
3907,1211443,CONANT,OUTER,2017-11-05,5,11,2017,18,1,97,9,,4,0,,2,4,4,30,3,2,1,5,0,0,0,0,true,,false,false,true,false,false,,,,,,false,false,false,,,false,false,false,false,false,-83.07889,42.44019,"{
  ""coordinates"": [
    -8.307888886800001e+01,
    4.244018718800000e+01
  ],
  ""type"": ""Point""
}","{
  ""coordinates"": [
    -83.078888868,
    42.440187188
  ],
  ""type"": ""Point""
}",-83.078888868,42.440187188
3908,1183887,GRAND RIVER,OAKMAN,2017-11-05,5,11,2017,16,1,4,3,,1,0,,1,4,3,35,4,2,3,4,0,0,0,1,false,,true,true,false,false,false,,,,,,false,false,false,,,false,false,false,false,false,-83.15072,42.37347,"{
  ""coordinates"": [
    -8.315071596699990e+01,
    4.237347405500000e+01
  ],
  ""type"": ""Point""
}","{
  ""coordinates"": [
    -83.150715967,
    42.373474055
  ],
  ""type"": ""Point""
}",-83.1507159669999,42.373474055
3909,1187286,VAN DYKE,SAVAGE,2017-11-05,5,11,2017,18,1,5,3,,1,0,,2,4,1,30,4,2,2,5,0,0,0,0,true,,false,false,false,false,false,,,,,,false,false,false,,,false,false,false,false,false,-83.02467,42.44613,"{
  ""coordinates"": [
    -8.302467502699990e+01,
    4.244613381300010e+01
  ],
  ""type"": ""Point""
}","{
  ""coordinates"": [
    -83.024675027,
    42.446133813
  ],
  ""type"": ""Point""
}",-83.0246750269999,42.4461338130001
3910,1183910,8 MILE,VEACH,2017-11-05,5,11,2017,17,1,4,3,,1,0,,2,4,3,40,4,2,3,5,0,0,0,0,true,,false,false,false,false,false,,,,,,false,false,true,,,false,false,false,false,false,-83.02113,42.44827,"{
  ""coordinates"": [
    -8.302112344299999e+01,
    4.244826365200000e+01
  ],
  ""type"": ""Point""
}","{
  ""coordinates"": [
    -83.021123443,
    42.448263652
  ],
  ""type"": ""Point""
}",-83.021123443,42.448263652
3911,1186185,RAMP 109A,DAVISON,2017-11-05,5,11,2017,8,1,1,3,,1,1,,2,4,1,55,1,1,2,5,0,0,0,0,true,,false,false,false,false,false,,,,,,false,false,false,,,false,false,false,false,false,-83.11169,42.39899,"{
  ""coordinates"": [
    -8.311168675600000e+01,
    4.239899406200000e+01
  ],
  ""type"": ""Point""
}","{
  ""coordinates"": [
    -83.111686756,
    42.398994062
  ],
  ""type"": ""Point""
}",-83.111686756,42.398994062
3912,1215378,WHITTIER,NOTTINGHAM,2017-11-05,5,11,2017,13,1,8,9,,4,0,,2,1,1,0,2,2,4,5,0,0,0,0,true,,false,false,false,false,false,,,,,,false,false,false,,,false,false,false,false,false,-82.95056,42.41591,"{
  ""coordinates"": [
    -8.295056251999991e+01,
    4.241591015800000e+01
  ],
  ""type"": ""Point""
}","{
  ""coordinates"": [
    -82.95056252,
    42.415910158
  ],
  ""type"": ""Point""
}",-82.9505625199999,42.415910158
3913,1183866,RAMP 122L,N M 10,2017-11-05,5,11,2017,7,1,1,1,,1,1,,2,3,1,45,1,1,1,5,0,0,0,0,true,,false,false,false,false,false,,,,,,false,false,false,,,false,false,false,false,false,-83.06561,42.33813,"{
  ""coordinates"": [
    -8.306560976700000e+01,
    4.233812641200010e+01
  ],
  ""type"": ""Point""
}","{
  ""coordinates"": [
    -83.065609767,
    42.338126412
  ],
  ""type"": ""Point""
}",-83.065609767,42.3381264120001
3914,1233513,E/B I-94,VAN DYKE,2017-11-05,5,11,2017,1,1,5,1,,1,0,,2,4,4,55,3,4,7,3,0,0,1,2,false,,false,false,true,false,false,,,,,,false,false,true,,,false,false,false,false,false,-83.01991,42.38622,"{
  ""coordinates"": [
    -8.301990179099990e+01,
    4.238622086400010e+01
  ],
  ""type"": ""Point""
}","{
  ""coordinates"": [
    -83.019901791,
    42.386220864
  ],
  ""type"": ""Point""
}",-83.0199017909999,42.3862208640001
3915,1183881,I-94,FRONTENAC,2017-11-05,5,11,2017,10,1,1,1,,1,1,,2,4,1,55,3,1,1,5,0,0,0,0,true,,false,false,false,false,false,,,,,,false,false,false,,,false,false,false,false,false,-83.02809,42.3843,"{
  ""coordinates"": [
    -8.302809196100000e+01,
    4.238429746100010e+01
  ],
  ""type"": ""Point""
}","{
  ""coordinates"": [
    -83.028091961,
    42.384297461
  ],
  ""type"": ""Point""
}",-83.028091961,42.3842974610001
3916,1210937,PLYMOUTH,MARK TWAIN,2017-11-05,5,11,2017,1,1,3,9,,4,0,,2,1,3,35,3,2,2,5,0,0,0,0,true,,false,false,false,false,false,,,,,,false,false,false,,,false,false,false,false,false,-83.18532,42.37289,"{
  ""coordinates"": [
    -8.318531585400000e+01,
    4.237288988500010e+01
  ],
  ""type"": ""Point""
}","{
  ""coordinates"": [
    -83.185315854,
    42.372889885
  ],
  ""type"": ""Point""
}",-83.185315854,42.3728898850001
3917,1183907,7 MILE,TELEGRAPH,2017-11-05,5,11,2017,12,1,5,2,,,0,,2,4,1,45,2,2,1,5,0,0,0,0,true,,false,false,true,false,false,,,,,,false,false,true,,,false,false,false,false,false,-83.27768,42.42731,"{
  ""coordinates"": [
    -8.327768244799999e+01,
    4.242730842700010e+01
  ],
  ""type"": ""Point""
}","{
  ""coordinates"": [
    -83.277682448,
    42.427308427
  ],
  ""type"": ""Point""
}",-83.277682448,42.4273084270001
3918,1187261,E I 96,FULLERTON,2017-11-05,5,11,2017,17,1,8,1,,1,0,,2,4,4,70,5,2,1,5,0,0,0,0,true,,false,false,true,false,false,,,,,,false,false,false,,,false,false,false,false,false,-83.1891,42.38014,"{
  ""coordinates"": [
    -8.318910112799990e+01,
    4.238013900800010e+01
  ],
  ""type"": ""Point""
}","{
  ""coordinates"": [
    -83.189101128,
    42.380139008
  ],
  ""type"": ""Point""
}",-83.1891011279999,42.3801390080001
3919,1183898,PLYMOUTH,N M 39,2017-11-05,5,11,2017,20,1,5,9,,4,0,,1,2,4,30,4,2,3,4,0,0,0,1,false,,false,false,false,true,false,,,,,,false,false,true,,,false,false,false,false,false,-83.21662,42.37226,"{
  ""coordinates"": [
    -8.321662167800000e+01,
    4.237226283100010e+01
  ],
  ""type"": ""Point""
}","{
  ""coordinates"": [
    -83.216621678,
    42.372262831
  ],
  ""type"": ""Point""
}",-83.216621678,42.3722628310001
3920,1183901,MCCELELLAN,GRATIOT,2017-11-05,5,11,2017,9,1,9,3,,4,0,,2,1,1,30,2,2,4,5,0,0,0,0,true,,false,false,false,false,false,,,,,,false,false,false,,,false,false,false,false,false,-83.00731,42.39045,"{
  ""coordinates"": [
    -8.300730536099999e+01,
    4.239044828800010e+01
  ],
  ""type"": ""Point""
}","{
  ""coordinates"": [
    -83.007305361,
    42.390448288
  ],
  ""type"": ""Point""
}",-83.007305361,42.3904482880001
3921,1187262,I-75,MILWAUKEE,2017-11-05,5,11,2017,16,1,5,1,,1,0,,2,4,1,70,3,2,2,5,0,0,0,0,true,,false,false,false,false,false,,,,,,false,true,false,,,false,false,false,false,false,-83.05984,42.37349,"{
  ""coordinates"": [
    -8.305984643600000e+01,
    4.237349473000010e+01
  ],
  ""type"": ""Point""
}","{
  ""coordinates"": [
    -83.059846436,
    42.37349473
  ],
  ""type"": ""Point""
}",-83.059846436,42.3734947300001
3922,1192717,CHALMERS,FRANKFORT,2017-11-05,5,11,2017,0,1,1,9,,4,1,,2,4,4,30,4,1,6,5,0,0,0,0,true,,false,false,false,false,false,,,,,,false,false,false,,,false,false,false,false,false,-82.95959,42.39659,"{
  ""coordinates"": [
    -8.295958625199999e+01,
    4.239658624600000e+01
  ],
  ""type"": ""Point""
}","{
  ""coordinates"": [
    -82.959586252,
    42.396586246
  ],
  ""type"": ""Point""
}",-82.959586252,42.396586246
3923,1190171,MCNICHOLS,SOUTHFIELD,2017-11-05,5,11,2017,4,1,1,9,,2,1,,2,4,4,35,4,1,2,5,0,0,0,0,true,,false,false,false,false,false,,,,,,false,false,false,,,false,false,false,false,false,-83.21783,42.41558,"{
  ""coordinates"": [
    -8.321783443399990e+01,
    4.241558121800010e+01
  ],
  ""type"": ""Point""
}","{
  ""coordinates"": [
    -83.217834434,
    42.415581218
  ],
  ""type"": ""Point""
}",-83.2178344339999,42.4155812180001
3924,1276380,COYLE,CAMBRIDGE,2017-11-05,5,11,2017,15,1,4,9,,,0,,2,4,3,25,2,2,1,3,0,0,1,0,false,,false,false,true,false,false,,,,,,false,false,false,,,false,false,false,false,false,-83.19498,42.43232,"{
  ""coordinates"": [
    -8.319498438999990e+01,
    4.243232140000000e+01
  ],
  ""type"": ""Point""
}","{
  ""coordinates"": [
    -83.19498439,
    42.4323214
  ],
  ""type"": ""Point""
}",-83.1949843899999,42.4323214
3925,1187291,LONYO,MCGRAW,2017-11-05,5,11,2017,5,1,4,9,,4,0,,2,4,1,35,2,2,1,5,0,0,0,0,true,,true,true,true,false,false,,,,,,false,false,false,,,false,false,false,false,false,-83.14642,42.33322,"{
  ""coordinates"": [
    -8.314642197300000e+01,
    4.233321932900000e+01
  ],
  ""type"": ""Point""
}","{
  ""coordinates"": [
    -83.146421973,
    42.333219329
  ],
  ""type"": ""Point""
}",-83.146421973,42.333219329
3926,1187298,KERCHEVAL,MAXWELL,2017-11-05,5,11,2017,18,1,97,9,,4,0,,2,4,3,0,4,1,1,5,0,0,0,0,true,,false,false,true,false,false,,,,,,false,true,false,,,false,false,false,false,false,-82.99769,42.35928,"{
  ""coordinates"": [
    -8.299768959600000e+01,
    4.235927569000010e+01
  ],
  ""type"": ""Point""
}","{
  ""coordinates"": [
    -82.997689596,
    42.35927569
  ],
  ""type"": ""Point""
}",-82.997689596,42.3592756900001
3927,1190243,8 MILE,MURRAY HILL,2017-11-05,5,11,2017,20,1,97,3,,1,0,,1,1,4,0,2,3,4,4,0,0,0,1,false,,false,false,true,false,false,,,,,,false,false,false,,,false,false,false,false,false,-83.20892,42.44449,"{
  ""coordinates"": [
    -8.320891521300000e+01,
    4.244448915100000e+01
  ],
  ""type"": ""Point""
}","{
  ""coordinates"": [
    -83.208915213,
    42.444489151
  ],
  ""type"": ""Point""
}",-83.208915213,42.444489151
3928,1183885,E I 96,CSX TRANSPORTATION,2017-11-05,5,11,2017,17,1,1,1,,1,1,,2,4,3,70,4,1,1,2,0,1,0,0,false,,false,false,false,false,false,,,,,,false,false,false,,,false,false,false,false,false,-83.18996,42.37985,"{
  ""coordinates"": [
    -8.318996701799990e+01,
    4.237985060200000e+01
  ],
  ""type"": ""Point""
}","{
  ""coordinates"": [
    -83.189967018,
    42.379850602
  ],
  ""type"": ""Point""
}",-83.1899670179999,42.379850602
3929,1187283,PLEASANT,BEATRICE,2017-11-05,5,11,2017,16,1,1,9,,,1,,2,4,1,35,2,1,1,5,0,0,0,0,true,,false,false,false,false,false,,,,,,false,false,false,,,false,false,false,false,false,-83.14397,42.28112,"{
  ""coordinates"": [
    -8.314397010499989e+01,
    4.228112582400010e+01
  ],
  ""type"": ""Point""
}","{
  ""coordinates"": [
    -83.143970105,
    42.281125824
  ],
  ""type"": ""Point""
}",-83.1439701049999,42.2811258240001
3930,1244183,GREENWAY,HOWELL,2017-11-05,5,11,2017,17,1,10,9,,,3,,2,4,5,25,1,2,3,4,0,0,0,1,false,,false,false,false,false,false,,,,,,false,true,false,,,false,false,false,false,false,-83.1379,42.36082,"{
  ""coordinates"": [
    -8.313790398000000e+01,
    4.236082001200000e+01
  ],
  ""type"": ""Point""
}","{
  ""coordinates"": [
    -83.13790398,
    42.360820012
  ],
  ""type"": ""Point""
}",-83.13790398,42.360820012
3931,1190176,EVERGREEN,SANTA CLARA,2017-11-05,5,11,2017,7,1,5,9,,4,0,,1,1,4,25,2,2,2,5,0,0,0,0,true,,false,false,false,false,false,,,,,,false,true,false,,,false,false,false,false,false,-83.23838,42.41919,"{
  ""coordinates"": [
    -8.323837955899999e+01,
    4.241918404900010e+01
  ],
  ""type"": ""Point""
}","{
  ""coordinates"": [
    -83.238379559,
    42.419184049
  ],
  ""type"": ""Point""
}",-83.238379559,42.4191840490001
3932,1183879,N/B I-75,VERNOR,2017-11-05,5,11,2017,5,1,1,1,,1,1,,2,4,4,70,3,1,1,5,0,0,0,0,true,,false,false,false,false,false,,,,,,false,false,true,,,false,false,false,false,false,-83.08371,42.32526,"{
  ""coordinates"": [
    -8.308371040199999e+01,
    4.232526184700000e+01
  ],
  ""type"": ""Point""
}","{
  ""coordinates"": [
    -83.083710402,
    42.325261847
  ],
  ""type"": ""Point""
}",-83.083710402,42.325261847
3933,1182423,RAMP 214C,E I 94,2017-11-04,4,11,2017,8,7,1,1,,1,1,,1,1,1,55,1,1,1,5,0,0,0,0,true,,false,false,false,false,false,,,,,,false,false,false,,,false,false,false,false,false,-83.08606,42.35414,"{
  ""coordinates"": [
    -8.308606152100000e+01,
    4.235413888700000e+01
  ],
  ""type"": ""Point""
}","{
  ""coordinates"": [
    -83.086061521,
    42.354138887
  ],
  ""type"": ""Point""
}",-83.086061521,42.354138887
3934,1188442,I 75,NEVADA,2017-11-04,4,11,2017,18,7,5,1,,1,0,,2,4,4,70,4,2,2,5,0,0,0,0,true,,false,false,false,false,false,,,,,,false,false,false,,,false,false,false,false,false,-83.09322,42.42455,"{
  ""coordinates"": [
    -8.309321576100000e+01,
    4.242454850800000e+01
  ],
  ""type"": ""Point""
}","{
  ""coordinates"": [
    -83.093215761,
    42.424548508
  ],
  ""type"": ""Point""
}",-83.093215761,42.424548508