ObjectId,Crash ID,Primary Road,Intersecting Road,Crash Date,Day,Month,Year,Hour,Weekday,Crash Type Code,Highway Classification Code,Community Code,Jurisdiction Code,Lane Departure Type Code,Surface Type,Road Condition,Weather Condition,Lighting Condition,Speed Limit,Lanes,Units,Occupants,Most Severe Injury,Fatal Injuries,Suspected Serious Injuries,Suspected Minor Injuries,Possible Injuries,Property Damage Only,Secondary Crash,Traffic Control,Red Light Run,Hit and Run,Alcohol,Drugs,Unbelted Person,Work Zone,Speeding Driver,Distracted Driver,Driveway,Pedestrian,Elderly Driver,Young Driver,Commercial Vehicle,Emergency Vehicles,Train,School Bus,Motorcycle,Bicycle,Deer,Longitude,Latitude,geom,geog,x,y
3935,1190170,GREENVIEW,FARGO,2017-11-04,4,11,2017,2,7,4,9,,,0,,1,1,4,25,4,2,3,4,0,0,0,2,false,,false,false,true,false,false,,,,,,false,false,false,,,false,false,false,false,false,-83.22585,42.43882,"{
  ""coordinates"": [
    -8.322584735200000e+01,
    4.243882091100010e+01
  ],
  ""type"": ""Point""
}","{
  ""coordinates"": [
    -83.225847352,
    42.438820911
  ],
  ""type"": ""Point""
}",-83.225847352,42.4388209110001
3936,1216610,I-75,7 MILE,2017-11-04,4,11,2017,20,7,97,1,,1,0,,2,4,4,55,4,2,2,5,0,0,0,0,true,,false,false,false,false,false,,,,,,false,false,true,,,false,false,false,false,false,-83.09429,42.4296,"{
  ""coordinates"": [
    -8.309428805499989e+01,
    4.242960201900010e+01
  ],
  ""type"": ""Point""
}","{
  ""coordinates"": [
    -83.094288055,
    42.429602019
  ],
  ""type"": ""Point""
}",-83.0942880549999,42.4296020190001
3937,1182424,S M 39,JOY,2017-11-04,4,11,2017,15,7,5,3,,1,0,,1,1,1,55,3,2,1,5,0,0,0,0,true,,false,false,true,false,false,,,,,,false,false,false,,,false,false,false,false,false,-83.21659,42.35813,"{
  ""coordinates"": [
    -8.321658906300000e+01,
    4.235812705600010e+01
  ],
  ""type"": ""Point""
}","{
  ""coordinates"": [
    -83.216589063,
    42.358127056
  ],
  ""type"": ""Point""
}",-83.216589063,42.3581270560001
3938,1183893,VERNOR,CAVALRY,2017-11-04,4,11,2017,15,7,8,9,,4,0,,1,1,1,25,2,2,2,5,0,0,0,0,true,,false,false,false,false,false,,,,,,false,false,false,,,false,false,false,false,false,-83.10566,42.31626,"{
  ""coordinates"": [
    -8.310565864499991e+01,
    4.231625717800010e+01
  ],
  ""type"": ""Point""
}","{
  ""coordinates"": [
    -83.105658645,
    42.316257178
  ],
  ""type"": ""Point""
}",-83.1056586449999,42.3162571780001
3939,1195199,N M 10,RAMP 102I,2017-11-04,4,11,2017,8,7,1,3,,1,1,,1,1,1,55,3,1,1,5,0,0,0,0,true,,false,false,false,false,false,,,,,,false,false,false,,,false,false,false,false,false,-83.19625,42.43946,"{
  ""coordinates"": [
    -8.319624845200001e+01,
    4.243945993100000e+01
  ],
  ""type"": ""Point""
}","{
  ""coordinates"": [
    -83.196248452,
    42.439459931
  ],
  ""type"": ""Point""
}",-83.196248452,42.439459931
3940,1182426,S M 10,RAMP 215B,2017-11-04,4,11,2017,16,7,5,3,,1,0,,2,4,1,55,4,3,4,2,0,1,0,0,false,,false,false,false,false,false,,,,,,false,true,false,,,false,false,false,false,false,-83.07746,42.36037,"{
  ""coordinates"": [
    -8.307746206300000e+01,
    4.236036899800010e+01
  ],
  ""type"": ""Point""
}","{
  ""coordinates"": [
    -83.077462063,
    42.360368998
  ],
  ""type"": ""Point""
}",-83.077462063,42.3603689980001
3941,1190178,SANTA MARIA,FERGUSON,2017-11-04,4,11,2017,9,7,4,9,,,0,,1,1,1,25,2,2,2,4,0,0,0,1,false,,true,false,false,false,false,,,,,,false,true,false,,,false,false,false,false,false,-83.21009,42.41757,"{
  ""coordinates"": [
    -8.321009017499991e+01,
    4.241756909800010e+01
  ],
  ""type"": ""Point""
}","{
  ""coordinates"": [
    -83.210090175,
    42.417569098
  ],
  ""type"": ""Point""
}",-83.2100901749999,42.4175690980001
3942,1182410,I-96,M-39,2017-11-04,4,11,2017,17,7,5,1,,1,0,,2,4,1,55,3,2,2,5,0,0,0,0,true,,false,false,false,false,false,,,,,,false,false,true,,,false,false,false,false,false,-83.22195,42.37828,"{
  ""coordinates"": [
    -8.322194860099999e+01,
    4.237828419700000e+01
  ],
  ""type"": ""Point""
}","{
  ""coordinates"": [
    -83.221948601,
    42.378284197
  ],
  ""type"": ""Point""
}",-83.221948601,42.378284197
3943,1218073,JOY,STAHELIN,2017-11-04,4,11,2017,21,7,7,9,,2,0,,2,4,4,35,4,2,5,5,0,0,0,0,true,,false,false,false,false,false,,,,,,false,false,false,,,false,false,false,false,false,-83.22485,42.35773,"{
  ""coordinates"": [
    -8.322485125999999e+01,
    4.235773376300010e+01
  ],
  ""type"": ""Point""
}","{
  ""coordinates"": [
    -83.22485126,
    42.357733763
  ],
  ""type"": ""Point""
}",-83.22485126,42.3577337630001
3944,1216611,I-75,RAMP 017,2017-11-04,4,11,2017,21,7,97,1,,1,0,,2,4,4,55,5,3,4,3,0,0,2,0,false,,false,false,false,false,false,,,,,,false,false,true,,,false,false,false,false,false,-83.0433,42.34316,"{
  ""coordinates"": [
    -8.304330196399999e+01,
    4.234315808900000e+01
  ],
  ""type"": ""Point""
}","{
  ""coordinates"": [
    -83.043301964,
    42.343158089
  ],
  ""type"": ""Point""
}",-83.043301964,42.343158089
3945,1182385,I 96,M39,2017-11-04,4,11,2017,13,7,5,1,,1,0,,1,1,1,70,2,2,2,5,0,0,0,0,true,,false,false,false,false,false,,,,,,false,false,true,,,false,false,false,false,false,-83.2268,42.37787,"{
  ""coordinates"": [
    -8.322679929600000e+01,
    4.237787378700010e+01
  ],
  ""type"": ""Point""
}","{
  ""coordinates"": [
    -83.226799296,
    42.377873787
  ],
  ""type"": ""Point""
}",-83.226799296,42.3778737870001
3946,1182437,I-96,M-39,2017-11-04,4,11,2017,2,7,97,1,,1,0,,1,1,4,70,3,2,2,5,0,0,0,0,true,,false,false,false,false,false,,,,,,false,false,false,,,false,false,false,false,false,-83.21652,42.37865,"{
  ""coordinates"": [
    -8.321652163999990e+01,
    4.237864971400010e+01
  ],
  ""type"": ""Point""
}","{
  ""coordinates"": [
    -83.21652164,
    42.378649714
  ],
  ""type"": ""Point""
}",-83.2165216399999,42.3786497140001
3947,1182429,I-94,I-75,2017-11-04,4,11,2017,17,7,5,1,,1,0,,2,4,1,55,3,3,1,5,0,0,0,0,true,,false,false,true,false,false,,,,,,false,false,true,,,false,false,false,false,false,-83.05434,42.37112,"{
  ""coordinates"": [
    -8.305434637600000e+01,
    4.237112065600010e+01
  ],
  ""type"": ""Point""
}","{
  ""coordinates"": [
    -83.054346376,
    42.371120656
  ],
  ""type"": ""Point""
}",-83.054346376,42.3711206560001
3948,1193842,FORT,8TH,2017-11-04,4,11,2017,2,7,5,3,,1,0,,1,1,4,0,3,2,0,5,0,0,0,0,true,,false,false,true,false,false,,,,,,false,false,false,,,false,false,false,false,false,-83.06037,42.32512,"{
  ""coordinates"": [
    -8.306037271900000e+01,
    4.232512176200000e+01
  ],
  ""type"": ""Point""
}","{
  ""coordinates"": [
    -83.060372719,
    42.325121762
  ],
  ""type"": ""Point""
}",-83.060372719,42.325121762
3949,1182561,HUBBELL,VASSAR,2017-11-04,4,11,2017,6,7,8,9,,4,0,,1,1,1,0,2,2,1,5,0,0,0,0,true,,false,false,true,false,false,,,,,,false,false,false,,,false,false,false,false,false,-83.19016,42.43444,"{
  ""coordinates"": [
    -8.319015365199991e+01,
    4.243443694300000e+01
  ],
  ""type"": ""Point""
}","{
  ""coordinates"": [
    -83.190153652,
    42.434436943
  ],
  ""type"": ""Point""
}",-83.1901536519999,42.434436943
3950,1185063,M 39,PLYMOUTH,2017-11-04,4,11,2017,21,7,5,3,,1,0,,2,4,5,55,3,2,2,4,0,0,0,1,false,,false,false,false,false,false,,,,,,false,false,false,,,false,false,false,false,false,-83.21677,42.37232,"{
  ""coordinates"": [
    -8.321676762100000e+01,
    4.237231906700000e+01
  ],
  ""type"": ""Point""
}","{
  ""coordinates"": [
    -83.216767621,
    42.372319067
  ],
  ""type"": ""Point""
}",-83.216767621,42.372319067
3951,1272500,SECOND,PRENTIS,2017-11-04,4,11,2017,1,7,4,9,,4,0,,2,1,4,30,5,2,3,4,0,0,0,2,false,,false,false,false,false,false,,,,,,false,false,true,,,false,false,false,false,false,-83.06719,42.35229,"{
  ""coordinates"": [
    -8.306718835200000e+01,
    4.235228610200010e+01
  ],
  ""type"": ""Point""
}","{
  ""coordinates"": [
    -83.067188352,
    42.352286102
  ],
  ""type"": ""Point""
}",-83.067188352,42.3522861020001
3952,1182428,S M 39,FULLERTON,2017-11-04,4,11,2017,19,7,5,3,,1,0,,2,4,4,55,2,2,6,5,0,0,0,0,true,,false,false,false,false,false,,,,,,false,false,true,,,false,false,false,false,false,-83.21726,42.3801,"{
  ""coordinates"": [
    -8.321726204600000e+01,
    4.238009479400010e+01
  ],
  ""type"": ""Point""
}","{
  ""coordinates"": [
    -83.217262046,
    42.380094794
  ],
  ""type"": ""Point""
}",-83.217262046,42.3800947940001
3953,1186208,GRAND RIVER,BURT,2017-11-04,4,11,2017,14,7,1,3,,1,1,,1,1,1,35,5,1,1,3,0,0,1,0,false,,false,false,false,false,false,,,,,,false,true,false,,,false,false,false,false,false,-83.24763,42.4125,"{
  ""coordinates"": [
    -8.324762899500000e+01,
    4.241249778700010e+01
  ],
  ""type"": ""Point""
}","{
  ""coordinates"": [
    -83.247628995,
    42.412497787
  ],
  ""type"": ""Point""
}",-83.247628995,42.4124977870001
3954,1182468,SHELBY,STATE,2017-11-04,4,11,2017,18,7,98,3,,4,0,,2,4,4,25,2,2,2,5,0,0,0,0,true,,false,false,true,false,false,,,,,,false,false,true,,,false,false,false,false,false,-83.04879,42.33017,"{
  ""coordinates"": [
    -8.304878883000001e+01,
    4.233016914100010e+01
  ],
  ""type"": ""Point""
}","{
  ""coordinates"": [
    -83.04878883,
    42.330169141
  ],
  ""type"": ""Point""
}",-83.04878883,42.3301691410001
3955,1193834,MONROE,BRUSH,2017-11-04,4,11,2017,16,7,10,9,,4,3,,2,4,1,25,3,2,0,5,0,0,0,0,true,,false,false,false,false,false,,,,,,false,false,false,,,false,false,false,false,false,-83.04364,42.33445,"{
  ""coordinates"": [
    -8.304363685899990e+01,
    4.233445409200000e+01
  ],
  ""type"": ""Point""
}","{
  ""coordinates"": [
    -83.043636859,
    42.334454092
  ],
  ""type"": ""Point""
}",-83.0436368589999,42.334454092
3956,1182509,CRANE,MOFFAT,2017-11-04,4,11,2017,3,7,5,9,,,0,,1,1,4,25,2,2,1,5,0,0,0,0,true,,false,false,false,false,false,,,,,,false,false,false,,,false,false,false,false,false,-83.00651,42.38141,"{
  ""coordinates"": [
    -8.300651082600000e+01,
    4.238141225400010e+01
  ],
  ""type"": ""Point""
}","{
  ""coordinates"": [
    -83.006510826,
    42.381412254
  ],
  ""type"": ""Point""
}",-83.006510826,42.3814122540001
3957,1182452,SCHOOLCRAFT,GRAND RIVER,2017-11-04,4,11,2017,0,7,1,3,,2,0,,1,1,3,25,1,1,1,4,0,0,0,1,false,,false,false,false,false,false,,,,,,false,false,false,,,false,false,false,false,false,-83.18542,42.38745,"{
  ""coordinates"": [
    -8.318541711500001e+01,
    4.238745069600000e+01
  ],
  ""type"": ""Point""
}","{
  ""coordinates"": [
    -83.185417115,
    42.387450696
  ],
  ""type"": ""Point""
}",-83.185417115,42.387450696
3958,1182533,FENKELL,BAYLIS,2017-11-04,4,11,2017,9,7,1,9,,4,0,,1,1,1,30,2,1,0,5,0,0,0,0,true,,false,false,true,false,false,,,,,,false,false,false,,,false,false,false,false,false,-83.1236,42.40303,"{
  ""coordinates"": [
    -8.312360756800000e+01,
    4.240302730300000e+01
  ],
  ""type"": ""Point""
}","{
  ""coordinates"": [
    -83.123607568,
    42.403027303
  ],
  ""type"": ""Point""
}",-83.123607568,42.403027303
3959,1183903,RIAD,MCCORMICK,2017-11-04,4,11,2017,13,7,4,9,,,0,,1,2,1,25,2,2,3,4,0,0,0,3,false,,true,false,true,false,false,,,,,,false,false,true,,,false,false,false,false,false,-82.95037,42.43457,"{
  ""coordinates"": [
    -8.295036967800000e+01,
    4.243457530200000e+01
  ],
  ""type"": ""Point""
}","{
  ""coordinates"": [
    -82.950369678,
    42.434575302
  ],
  ""type"": ""Point""
}",-82.950369678,42.434575302
3960,1195203,RAMP 215F,W I 94,2017-11-04,4,11,2017,18,7,1,1,,1,1,,2,4,3,55,1,1,1,4,0,0,0,1,false,,false,false,false,false,false,,,,,,false,false,true,,,false,false,false,false,false,-83.07532,42.36,"{
  ""coordinates"": [
    -8.307531687399999e+01,
    4.236000382200010e+01
  ],
  ""type"": ""Point""
}","{
  ""coordinates"": [
    -83.075316874,
    42.360003822
  ],
  ""type"": ""Point""
}",-83.075316874,42.3600038220001
3961,1185090,VERNOR,JOSEPH CAMPAU,2017-11-04,4,11,2017,19,7,6,9,,4,0,,2,4,5,0,4,2,2,5,0,0,0,0,true,,false,false,false,false,false,,,,,,false,true,true,,,false,false,false,false,false,-83.02746,42.35112,"{
  ""coordinates"": [
    -8.302746030799990e+01,
    4.235111826900000e+01
  ],
  ""type"": ""Point""
}","{
  ""coordinates"": [
    -83.027460308,
    42.351118269
  ],
  ""type"": ""Point""
}",-83.0274603079999,42.351118269
3962,1183915,8 MILE,STOTTER,2017-11-04,4,11,2017,7,7,8,3,,1,0,,2,4,4,0,4,2,1,5,0,0,0,0,true,,false,false,true,false,false,,,,,,false,true,false,,,false,false,false,false,false,-83.02568,42.44814,"{
  ""coordinates"": [
    -8.302568207800000e+01,
    4.244814444200010e+01
  ],
  ""type"": ""Point""
}","{
  ""coordinates"": [
    -83.025682078,
    42.448144442
  ],
  ""type"": ""Point""
}",-83.025682078,42.4481444420001
3963,1199564,8 MILE,EVERGREEN,2017-11-04,4,11,2017,1,7,3,3,,1,0,,1,1,4,40,4,2,1,5,0,0,0,0,true,,false,false,true,false,false,,,,,,false,false,false,,,false,false,false,false,false,-83.23639,42.44382,"{
  ""coordinates"": [
    -8.323639145500000e+01,
    4.244382392900010e+01
  ],
  ""type"": ""Point""
}","{
  ""coordinates"": [
    -83.236391455,
    42.443823929
  ],
  ""type"": ""Point""
}",-83.236391455,42.4438239290001
3964,1182525,7MILE,HOOVER,2017-11-04,4,11,2017,17,7,97,3,,4,0,,2,4,1,30,5,2,2,5,0,0,0,0,true,,true,true,true,false,false,,,,,,false,false,false,,,false,false,false,false,false,-83.00465,42.43443,"{
  ""coordinates"": [
    -8.300464865899990e+01,
    4.243443421000010e+01
  ],
  ""type"": ""Point""
}","{
  ""coordinates"": [
    -83.004648659,
    42.43443421
  ],
  ""type"": ""Point""
}",-83.0046486589999,42.4344342100001
3965,1183900,VAN DYKE,AGNES,2017-11-04,4,11,2017,19,7,8,9,,4,0,,2,4,4,25,2,2,2,5,0,0,0,0,true,,false,false,false,false,false,,,,,,false,false,false,,,false,false,false,false,false,-82.99749,42.35503,"{
  ""coordinates"": [
    -8.299749035699990e+01,
    4.235502845900000e+01
  ],
  ""type"": ""Point""
}","{
  ""coordinates"": [
    -82.997490357,
    42.355028459
  ],
  ""type"": ""Point""
}",-82.9974903569999,42.355028459
3966,1183886,N M 10,MILWAUKEE,2017-11-04,4,11,2017,20,7,4,3,,1,0,,2,4,4,25,2,2,6,5,0,0,0,0,true,,true,true,false,false,false,,,,,,false,false,false,,,false,false,false,false,false,-83.08091,42.36601,"{
  ""coordinates"": [
    -8.308091151100000e+01,
    4.236601371600010e+01
  ],
  ""type"": ""Point""
}","{
  ""coordinates"": [
    -83.080911511,
    42.366013716
  ],
  ""type"": ""Point""
}",-83.080911511,42.3660137160001
3967,1183914,N I 75 SERVICE DRIVE,8 MILE SERVICE DRIVE,2017-11-04,4,11,2017,13,7,4,1,,1,0,,1,2,1,35,2,2,4,5,0,0,0,0,true,,false,false,true,false,false,,,,,,false,false,false,,,false,false,false,false,false,-83.09435,42.4466,"{
  ""coordinates"": [
    -8.309434198299989e+01,
    4.244659817400000e+01
  ],
  ""type"": ""Point""
}","{
  ""coordinates"": [
    -83.094341983,
    42.446598174
  ],
  ""type"": ""Point""
}",-83.0943419829999,42.446598174
3968,1187311,WYOMING,EATON,2017-11-04,4,11,2017,17,7,4,9,,4,0,,2,4,1,30,3,2,1,5,0,0,0,0,true,,false,false,true,false,false,,,,,,false,false,false,,,false,false,false,false,false,-83.15947,42.39803,"{
  ""coordinates"": [
    -8.315947116099990e+01,
    4.239803502100010e+01
  ],
  ""type"": ""Point""
}","{
  ""coordinates"": [
    -83.159471161,
    42.398035021
  ],
  ""type"": ""Point""
}",-83.1594711609999,42.3980350210001
3969,1183912,BUFFALO,CARPENTER,2017-11-04,4,11,2017,17,7,5,9,,4,0,,2,4,1,0,2,2,0,5,0,0,0,0,true,,false,false,true,false,false,,,,,,false,false,false,,,false,false,false,false,false,-83.04735,42.40815,"{
  ""coordinates"": [
    -8.304734991799999e+01,
    4.240815493200010e+01
  ],
  ""type"": ""Point""
}","{
  ""coordinates"": [
    -83.047349918,
    42.408154932
  ],
  ""type"": ""Point""
}",-83.047349918,42.4081549320001
3970,1182459,CHICAGO,MEYERS,2017-11-04,4,11,2017,9,7,1,9,,4,0,,1,2,1,30,3,2,0,4,0,0,0,1,false,,false,false,true,false,false,,,,,,true,false,false,,,false,false,false,false,false,-83.16788,42.366,"{
  ""coordinates"": [
    -8.316788469900000e+01,
    4.236600537200010e+01
  ],
  ""type"": ""Point""
}","{
  ""coordinates"": [
    -83.167884699,
    42.366005372
  ],
  ""type"": ""Point""
}",-83.167884699,42.3660053720001
3971,1182443,E I 96,GRAND RIVER,2017-11-04,4,11,2017,19,7,1,1,,1,1,,2,4,5,70,4,1,1,5,0,0,0,0,true,,false,false,false,false,false,,,,,,false,false,false,,,false,false,false,false,false,-83.17561,42.38375,"{
  ""coordinates"": [
    -8.317561340499999e+01,
    4.238374882200000e+01
  ],
  ""type"": ""Point""
}","{
  ""coordinates"": [
    -83.175613405,
    42.383748822
  ],
  ""type"": ""Point""
}",-83.175613405,42.383748822
3972,1183897,RIVERVIEW,GENDALE,2017-11-04,4,11,2017,22,7,8,9,,,0,,2,4,4,25,2,2,1,5,0,0,0,0,true,,false,false,true,false,false,,,,,,false,false,false,,,false,false,false,false,false,-83.27338,42.38125,"{
  ""coordinates"": [
    -8.327337985400000e+01,
    4.238125034400010e+01
  ],
  ""type"": ""Point""
}","{
  ""coordinates"": [
    -83.273379854,
    42.381250344
  ],
  ""type"": ""Point""
}",-83.273379854,42.3812503440001
3973,1187281,WOODWARD,FISHER,2017-11-04,4,11,2017,22,7,5,3,,1,0,,2,4,4,30,2,2,2,5,0,0,0,0,true,,false,false,false,false,false,,,,,,false,false,false,,,false,false,false,false,false,-83.05456,42.34243,"{
  ""coordinates"": [
    -8.305455601499990e+01,
    4.234243349400000e+01
  ],
  ""type"": ""Point""
}","{
  ""coordinates"": [
    -83.054556015,
    42.342433494
  ],
  ""type"": ""Point""
}",-83.0545560149999,42.342433494
3974,1190250,8 MILE,TELEGRAPH,2017-11-04,4,11,2017,22,7,5,3,,1,0,,2,4,5,30,5,2,1,5,0,0,0,0,true,,false,false,false,false,false,,,,,,false,false,false,,,false,false,false,false,false,-83.27826,42.44275,"{
  ""coordinates"": [
    -8.327825801900001e+01,
    4.244274674800000e+01
  ],
  ""type"": ""Point""
}","{
  ""coordinates"": [
    -83.278258019,
    42.442746748
  ],
  ""type"": ""Point""
}",-83.278258019,42.442746748
3975,1211092,EDGEFIELD,MOROSS,2017-11-04,4,11,2017,16,7,9,9,,,0,,1,1,1,0,1,2,1,5,0,0,0,0,true,,false,false,false,false,false,,,,,,false,false,false,,,false,false,false,false,false,-82.92594,42.4233,"{
  ""coordinates"": [
    -8.292594070500000e+01,
    4.242329914400010e+01
  ],
  ""type"": ""Point""
}","{
  ""coordinates"": [
    -82.925940705,
    42.423299144
  ],
  ""type"": ""Point""
}",-82.925940705,42.4232991440001
3976,1216606,I 75,NEVADA,2017-11-04,4,11,2017,17,7,8,1,,1,0,,2,4,1,70,4,2,1,4,0,0,0,1,false,,false,false,true,false,false,,,,,,false,false,false,,,false,false,false,false,false,-83.09283,42.42445,"{
  ""coordinates"": [
    -8.309283002300000e+01,
    4.242445260300010e+01
  ],
  ""type"": ""Point""
}","{
  ""coordinates"": [
    -83.092830023,
    42.424452603
  ],
  ""type"": ""Point""
}",-83.092830023,42.4244526030001
3977,1195198,S M 39,MCNICHOLS,2017-11-04,4,11,2017,6,7,1,3,,1,1,,1,1,4,55,3,1,1,2,0,1,0,0,false,,false,false,false,false,false,,,,,,false,false,false,,,false,false,false,false,false,-83.21888,42.41475,"{
  ""coordinates"": [
    -8.321888271800000e+01,
    4.241475427700000e+01
  ],
  ""type"": ""Point""
}","{
  ""coordinates"": [
    -83.218882718,
    42.414754277
  ],
  ""type"": ""Point""
}",-83.218882718,42.414754277
3978,1211081,BEDFORD,LINVILLE,2017-11-04,4,11,2017,21,7,4,9,,,0,,2,4,4,25,4,2,2,5,0,0,0,0,true,,false,false,true,false,false,,,,,,false,false,true,,,false,false,false,false,false,-82.94524,42.40858,"{
  ""coordinates"": [
    -8.294524630799999e+01,
    4.240857790100010e+01
  ],
  ""type"": ""Point""
}","{
  ""coordinates"": [
    -82.945246308,
    42.408577901
  ],
  ""type"": ""Point""
}",-82.945246308,42.4085779010001
3979,1182519,HAYES,8 MILE,2017-11-04,4,11,2017,19,7,4,3,,4,0,,2,4,4,35,3,2,2,2,0,1,0,0,false,,true,true,true,false,false,,,,,,false,false,true,,,false,false,false,false,false,-82.96609,42.44989,"{
  ""coordinates"": [
    -8.296608734199999e+01,
    4.244989323500000e+01
  ],
  ""type"": ""Point""
}","{
  ""coordinates"": [
    -82.966087342,
    42.449893235
  ],
  ""type"": ""Point""
}",-82.966087342,42.449893235
3980,1183882,N/B I-75,HOLBROOK,2017-11-04,4,11,2017,22,7,1,1,,1,1,,2,4,4,70,4,1,1,5,0,0,0,0,true,,false,false,false,false,false,,,,,,false,false,false,,,false,false,false,false,false,-83.06897,42.38787,"{
  ""coordinates"": [
    -8.306897168400000e+01,
    4.238787226300010e+01
  ],
  ""type"": ""Point""
}","{
  ""coordinates"": [
    -83.068971684,
    42.387872263
  ],
  ""type"": ""Point""
}",-83.068971684,42.3878722630001
3981,1182512,MACK,CADILLAC,2017-11-04,4,11,2017,13,7,97,9,,4,0,,1,2,1,30,2,2,3,5,0,0,0,0,true,,false,false,false,false,false,,,,,,false,false,false,,,false,false,false,false,false,-82.99069,42.37363,"{
  ""coordinates"": [
    -8.299069068700000e+01,
    4.237362758700000e+01
  ],
  ""type"": ""Point""
}","{
  ""coordinates"": [
    -82.990690687,
    42.373627587
  ],
  ""type"": ""Point""
}",-82.990690687,42.373627587
3982,1182486,CHALMERS,LINVILLE,2017-11-04,4,11,2017,1,7,4,9,,4,0,,1,1,5,25,4,2,6,4,0,0,0,3,false,,false,false,false,false,false,,,,,,false,false,true,,,false,false,false,false,false,-82.9631,42.40204,"{
  ""coordinates"": [
    -8.296310789700000e+01,
    4.240203855300010e+01
  ],
  ""type"": ""Point""
}","{
  ""coordinates"": [
    -82.963107897,
    42.402038553
  ],
  ""type"": ""Point""
}",-82.963107897,42.4020385530001
3983,1195170,I-94,MT.ELLIOT,2017-11-04,4,11,2017,5,7,5,1,,1,0,,1,1,1,55,3,2,4,4,0,0,0,1,false,,false,false,false,false,false,,,,,,false,false,false,,,false,false,false,false,false,-83.05125,42.37272,"{
  ""coordinates"": [
    -8.305125520199989e+01,
    4.237272195700010e+01
  ],
  ""type"": ""Point""
}","{
  ""coordinates"": [
    -83.051255202,
    42.372721957
  ],
  ""type"": ""Point""
}",-83.0512552019999,42.3727219570001
3984,1182431,M-10,LINWOOD,2017-11-04,4,11,2017,20,7,1,3,,1,1,,2,4,4,55,3,1,1,5,0,0,0,0,true,,false,false,false,false,false,,,,,,false,false,true,,,false,false,false,false,false,-83.12238,42.40499,"{
  ""coordinates"": [
    -8.312238650899999e+01,
    4.240499607500000e+01
  ],
  ""type"": ""Point""
}","{
  ""coordinates"": [
    -83.122386509,
    42.404996075
  ],
  ""type"": ""Point""
}",-83.122386509,42.404996075
3985,1182436,S M 10,W I 94,2017-11-04,4,11,2017,17,7,1,3,,1,1,,2,4,1,55,3,1,1,5,0,0,0,0,true,,false,false,false,false,false,,,,,,false,false,false,,,false,false,false,false,false,-83.07666,42.35902,"{
  ""coordinates"": [
    -8.307666357999990e+01,
    4.235902593600010e+01
  ],
  ""type"": ""Point""
}","{
  ""coordinates"": [
    -83.07666358,
    42.359025936
  ],
  ""type"": ""Point""
}",-83.0766635799999,42.3590259360001
3986,1198210,I-94,ROSA PARKS,2017-11-04,4,11,2017,23,7,5,1,,1,0,,2,4,4,55,3,2,2,5,0,0,0,0,true,,false,false,false,false,false,,,,,,false,true,false,,,false,false,false,false,false,-83.0834,42.35519,"{
  ""coordinates"": [
    -8.308339545900000e+01,
    4.235519051900010e+01
  ],
  ""type"": ""Point""
}","{
  ""coordinates"": [
    -83.083395459,
    42.355190519
  ],
  ""type"": ""Point""
}",-83.083395459,42.3551905190001
3987,1193831,FORT,SHELBY,2017-11-04,4,11,2017,9,7,8,3,,1,0,,1,2,1,35,4,2,2,5,0,0,0,0,true,,false,false,false,false,false,,,,,,false,true,true,,,false,false,false,false,false,-83.04883,42.3301,"{
  ""coordinates"": [
    -8.304882700199990e+01,
    4.233010338700010e+01
  ],
  ""type"": ""Point""
}","{
  ""coordinates"": [
    -83.048827002,
    42.330103387
  ],
  ""type"": ""Point""
}",-83.0488270019999,42.3301033870001
3988,1275320,RAMP 037A,N I 75,2017-11-04,4,11,2017,23,7,5,1,,1,0,,2,2,4,55,1,4,4,5,0,0,0,0,true,,false,false,false,false,false,,,,,,false,false,false,,,false,false,false,false,false,-83.08311,42.33206,"{
  ""coordinates"": [
    -8.308310720500000e+01,
    4.233205704200000e+01
  ],
  ""type"": ""Point""
}","{
  ""coordinates"": [
    -83.083107205,
    42.332057042
  ],
  ""type"": ""Point""
}",-83.083107205,42.332057042
3989,1202508,MACK,WHITTIER,2017-11-04,4,11,2017,18,7,5,9,,2,0,,2,4,1,30,4,2,2,4,0,0,0,1,false,,false,false,false,false,false,,,,,,false,false,false,,,false,false,false,false,false,-82.92912,42.39219,"{
  ""coordinates"": [
    -8.292911773700000e+01,
    4.239219296000000e+01
  ],
  ""type"": ""Point""
}","{
  ""coordinates"": [
    -82.929117737,
    42.39219296
  ],
  ""type"": ""Point""
}",-82.929117737,42.39219296
3990,1248066,GRATIOT,ALMA,2017-11-04,4,11,2017,20,7,1,3,,1,0,,2,4,5,25,2,1,3,4,0,0,0,1,false,,false,false,false,false,false,,,,,,false,false,false,,,false,false,false,false,false,-82.98682,42.42123,"{
  ""coordinates"": [
    -8.298682171999999e+01,
    4.242122585900010e+01
  ],
  ""type"": ""Point""
}","{
  ""coordinates"": [
    -82.98682172,
    42.421225859
  ],
  ""type"": ""Point""
}",-82.98682172,42.4212258590001
3991,1216607,I 75,OAKLAND,2017-11-04,4,11,2017,17,7,8,1,,1,0,,2,4,1,70,4,2,1,5,0,0,0,0,true,,false,false,true,false,false,,,,,,false,false,false,,,false,false,false,false,false,-83.0938,42.42538,"{
  ""coordinates"": [
    -8.309380585900000e+01,
    4.242538406500010e+01
  ],
  ""type"": ""Point""
}","{
  ""coordinates"": [
    -83.093805859,
    42.425384065
  ],
  ""type"": ""Point""
}",-83.093805859,42.4253840650001