ObjectId,Crash ID,Primary Road,Intersecting Road,Crash Date,Day,Month,Year,Hour,Weekday,Crash Type Code,Highway Classification Code,Community Code,Jurisdiction Code,Lane Departure Type Code,Surface Type,Road Condition,Weather Condition,Lighting Condition,Speed Limit,Lanes,Units,Occupants,Most Severe Injury,Fatal Injuries,Suspected Serious Injuries,Suspected Minor Injuries,Possible Injuries,Property Damage Only,Secondary Crash,Traffic Control,Red Light Run,Hit and Run,Alcohol,Drugs,Unbelted Person,Work Zone,Speeding Driver,Distracted Driver,Driveway,Pedestrian,Elderly Driver,Young Driver,Commercial Vehicle,Emergency Vehicles,Train,School Bus,Motorcycle,Bicycle,Deer,Longitude,Latitude,geom,geog,x,y
4220,1182398,I 96,UNDERWOOD,2017-11-01,1,11,2017,8,4,5,1,,1,0,,1,1,1,70,4,2,2,5,0,0,0,0,true,,false,false,false,false,false,,,,,,false,false,false,,,false,false,false,false,false,-83.13428,42.36548,"{
  ""coordinates"": [
    -8.313428512599999e+01,
    4.236548307900010e+01
  ],
  ""type"": ""Point""
}","{
  ""coordinates"": [
    -83.134285126,
    42.365483079
  ],
  ""type"": ""Point""
}",-83.134285126,42.3654830790001
4221,1180761,MICHIGAN,MARTIN,2017-11-01,1,11,2017,7,4,97,2,,1,0,,1,1,4,35,5,2,1,5,0,0,0,0,true,,false,false,false,false,false,,,,,,false,false,false,,,false,false,false,false,false,-83.12725,42.33115,"{
  ""coordinates"": [
    -8.312725190700000e+01,
    4.233115413700010e+01
  ],
  ""type"": ""Point""
}","{
  ""coordinates"": [
    -83.127251907,
    42.331154137
  ],
  ""type"": ""Point""
}",-83.127251907,42.3311541370001
4222,1179524,MCNICHOLS,HOOVER,2017-11-01,1,11,2017,20,4,4,9,,4,0,,1,1,4,30,5,2,2,4,0,0,0,1,false,,true,true,false,false,false,,,,,,false,false,false,,,false,false,false,false,false,-83.004,42.41995,"{
  ""coordinates"": [
    -8.300399942400000e+01,
    4.241994914300010e+01
  ],
  ""type"": ""Point""
}","{
  ""coordinates"": [
    -83.003999424,
    42.419949143
  ],
  ""type"": ""Point""
}",-83.003999424,42.4199491430001
4223,1180781,TRINITY,VASSAR,2017-11-01,1,11,2017,2,4,5,9,,,0,,1,1,5,25,1,3,1,5,0,0,0,0,true,,false,false,false,false,false,,,,,,true,false,false,,,false,false,false,false,false,-83.24998,42.43299,"{
  ""coordinates"": [
    -8.324998075199990e+01,
    4.243299218100000e+01
  ],
  ""type"": ""Point""
}","{
  ""coordinates"": [
    -83.249980752,
    42.432992181
  ],
  ""type"": ""Point""
}",-83.2499807519999,42.432992181
4224,1182487,MACK,CADIEUX,2017-11-01,1,11,2017,10,4,5,9,,2,0,,1,1,4,30,5,2,2,5,0,0,0,0,true,,false,false,false,false,false,,,,,,false,true,false,,,false,false,false,false,false,-82.92236,42.39486,"{
  ""coordinates"": [
    -8.292236255400000e+01,
    4.239485368400010e+01
  ],
  ""type"": ""Point""
}","{
  ""coordinates"": [
    -82.922362554,
    42.394853684
  ],
  ""type"": ""Point""
}",-82.922362554,42.3948536840001
4225,1185080,GREENFIELD,CAPITOL,2017-11-01,1,11,2017,17,4,5,9,,2,0,,1,2,1,35,4,2,3,5,0,0,0,0,true,,false,false,false,false,false,,,,,,false,false,false,,,false,false,false,false,false,-83.19788,42.37732,"{
  ""coordinates"": [
    -8.319788577700000e+01,
    4.237731851700000e+01
  ],
  ""type"": ""Point""
}","{
  ""coordinates"": [
    -83.197885777,
    42.377318517
  ],
  ""type"": ""Point""
}",-83.197885777,42.377318517
4226,1179532,DAVISON,LINWOOD,2017-11-01,1,11,2017,8,4,8,3,,1,0,,1,1,1,30,3,2,4,5,0,0,0,0,true,,false,false,false,false,false,,,,,,false,false,false,,,false,false,false,false,false,-83.12199,42.39304,"{
  ""coordinates"": [
    -8.312199106900000e+01,
    4.239303814100000e+01
  ],
  ""type"": ""Point""
}","{
  ""coordinates"": [
    -83.121991069,
    42.393038141
  ],
  ""type"": ""Point""
}",-83.121991069,42.393038141
4227,1179508,BURT,MIDLAND,2017-11-01,1,11,2017,11,4,8,9,,4,0,,1,1,1,35,2,2,2,5,0,0,0,0,true,,false,false,true,false,false,,,,,,false,false,false,,,false,false,false,false,false,-83.24726,42.40384,"{
  ""coordinates"": [
    -8.324725918699990e+01,
    4.240383363200000e+01
  ],
  ""type"": ""Point""
}","{
  ""coordinates"": [
    -83.247259187,
    42.403833632
  ],
  ""type"": ""Point""
}",-83.2472591869999,42.403833632
4228,1180719,I-75,MACK,2017-11-01,1,11,2017,19,4,97,1,,1,0,,1,1,4,55,4,2,2,5,0,0,0,0,true,,false,false,false,false,false,,,,,,false,false,true,,,false,false,false,false,false,-83.05034,42.3545,"{
  ""coordinates"": [
    -8.305033878800000e+01,
    4.235449625100010e+01
  ],
  ""type"": ""Point""
}","{
  ""coordinates"": [
    -83.050338788,
    42.354496251
  ],
  ""type"": ""Point""
}",-83.050338788,42.3544962510001
4229,1179498,SELDEN,ROSA PARKS,2017-11-01,1,11,2017,0,4,1,9,,,0,,1,1,4,25,2,1,1,5,0,0,0,0,true,,false,false,false,false,false,,,,,,false,false,true,,,false,false,false,false,false,-83.07864,42.34307,"{
  ""coordinates"": [
    -8.307863992700000e+01,
    4.234306902500000e+01
  ],
  ""type"": ""Point""
}","{
  ""coordinates"": [
    -83.078639927,
    42.343069025
  ],
  ""type"": ""Point""
}",-83.078639927,42.343069025
4230,1180758,VISGER,LIDDESDALE,2017-11-01,1,11,2017,12,4,4,9,,4,0,,1,2,1,30,2,2,2,5,0,0,0,0,true,,false,false,false,false,false,,,,,,false,false,false,,,false,false,false,false,false,-83.15867,42.26704,"{
  ""coordinates"": [
    -8.315866585500000e+01,
    4.226704361800010e+01
  ],
  ""type"": ""Point""
}","{
  ""coordinates"": [
    -83.158665855,
    42.267043618
  ],
  ""type"": ""Point""
}",-83.158665855,42.2670436180001
4231,1182454,MEYERS,EATON,2017-11-01,1,11,2017,15,4,1,9,,4,0,,1,2,1,35,2,2,2,5,0,0,0,0,true,,false,false,false,false,false,,,,,,false,false,false,,,false,false,false,true,false,-83.16918,42.39775,"{
  ""coordinates"": [
    -8.316918104299999e+01,
    4.239775089100000e+01
  ],
  ""type"": ""Point""
}","{
  ""coordinates"": [
    -83.169181043,
    42.397750891
  ],
  ""type"": ""Point""
}",-83.169181043,42.397750891
4232,1179526,HAYES,EIGHT MILE,2017-11-01,1,11,2017,9,4,5,3,,4,0,,1,1,1,30,2,3,2,5,0,0,0,0,true,,false,false,true,false,false,,,,,,false,false,false,,,false,false,false,false,false,-82.96608,42.4497,"{
  ""coordinates"": [
    -8.296608008399990e+01,
    4.244970450100000e+01
  ],
  ""type"": ""Point""
}","{
  ""coordinates"": [
    -82.966080084,
    42.449704501
  ],
  ""type"": ""Point""
}",-82.9660800839999,42.449704501
4233,1211135,JOY,SOUTHFIELD,2017-11-01,1,11,2017,18,4,3,9,,2,0,,1,1,5,35,4,2,2,5,0,0,0,0,true,,true,true,false,false,false,,,,,,false,true,false,,,false,false,false,false,false,-83.21606,42.35786,"{
  ""coordinates"": [
    -8.321606787199990e+01,
    4.235786249000010e+01
  ],
  ""type"": ""Point""
}","{
  ""coordinates"": [
    -83.216067872,
    42.35786249
  ],
  ""type"": ""Point""
}",-83.2160678719999,42.3578624900001
4234,1179521,GRATIOT,ROSSINI,2017-11-01,1,11,2017,8,4,5,3,,1,0,,1,1,2,35,7,2,2,5,0,0,0,0,true,,false,false,false,false,false,,,,,,false,false,false,,,false,false,false,false,false,-82.97225,42.44333,"{
  ""coordinates"": [
    -8.297225567600000e+01,
    4.244333308600010e+01
  ],
  ""type"": ""Point""
}","{
  ""coordinates"": [
    -82.972255676,
    42.443333086
  ],
  ""type"": ""Point""
}",-82.972255676,42.4433330860001
4235,1179559,BALTIMORE,CASS,2017-11-01,1,11,2017,16,4,5,9,,4,0,,1,2,1,30,2,2,3,5,0,0,0,0,true,,false,false,false,false,false,,,,,,false,false,true,,,false,false,false,false,false,-83.0739,42.36773,"{
  ""coordinates"": [
    -8.307389733399999e+01,
    4.236772574000000e+01
  ],
  ""type"": ""Point""
}","{
  ""coordinates"": [
    -83.073897334,
    42.36772574
  ],
  ""type"": ""Point""
}",-83.073897334,42.36772574
4236,1196577,MCNICHOLS,GREENFIELD,2017-11-01,1,11,2017,13,4,5,9,,2,0,,1,1,1,35,5,2,4,5,0,0,0,0,true,,false,false,false,false,false,,,,,,false,false,false,,,false,false,false,false,false,-83.19968,42.41598,"{
  ""coordinates"": [
    -8.319968098699999e+01,
    4.241597962800010e+01
  ],
  ""type"": ""Point""
}","{
  ""coordinates"": [
    -83.199680987,
    42.415979628
  ],
  ""type"": ""Point""
}",-83.199680987,42.4159796280001
4237,1182421,M-10,M-8,2017-11-01,1,11,2017,9,4,5,3,,1,0,,1,2,1,55,4,2,2,5,0,0,0,0,true,,false,false,false,false,false,,,,,,false,false,false,,,false,false,false,false,false,-83.11202,42.39911,"{
  ""coordinates"": [
    -8.311202032200001e+01,
    4.239910648700000e+01
  ],
  ""type"": ""Point""
}","{
  ""coordinates"": [
    -83.112020322,
    42.399106487
  ],
  ""type"": ""Point""
}",-83.112020322,42.399106487
4238,1179509,PLYMOUTH,COYLE,2017-11-01,1,11,2017,22,4,10,9,,4,3,,2,4,4,0,2,2,0,5,0,0,0,0,true,,false,false,false,false,false,,,,,,false,false,false,,,false,false,false,false,false,-83.19306,42.37269,"{
  ""coordinates"": [
    -8.319306491099999e+01,
    4.237269134800000e+01
  ],
  ""type"": ""Point""
}","{
  ""coordinates"": [
    -83.193064911,
    42.372691348
  ],
  ""type"": ""Point""
}",-83.193064911,42.372691348
4239,1183889,GRAND RIVER,5TH,2017-11-01,1,11,2017,23,4,4,3,,1,0,,2,4,4,30,2,2,2,5,0,0,0,0,true,,false,false,false,false,false,,,,,,false,false,false,,,false,false,false,false,false,-83.06416,42.33854,"{
  ""coordinates"": [
    -8.306416205399999e+01,
    4.233853756100010e+01
  ],
  ""type"": ""Point""
}","{
  ""coordinates"": [
    -83.064162054,
    42.338537561
  ],
  ""type"": ""Point""
}",-83.064162054,42.3385375610001
4240,1179558,CASS,KIRBY,2017-11-01,1,11,2017,12,4,10,9,,4,3,,1,2,1,25,4,2,1,5,0,0,0,0,true,,false,false,false,false,false,,,,,,false,false,true,,,false,false,false,false,false,-83.06818,42.35868,"{
  ""coordinates"": [
    -8.306818565099999e+01,
    4.235867506600000e+01
  ],
  ""type"": ""Point""
}","{
  ""coordinates"": [
    -83.068185651,
    42.358675066
  ],
  ""type"": ""Point""
}",-83.068185651,42.358675066
4241,1182481,EASTBURN,GRATIOT,2017-11-01,1,11,2017,9,4,5,3,,,0,,1,1,1,25,2,2,2,4,0,0,0,1,false,,false,false,false,false,false,,,,,,false,false,false,,,false,false,false,false,false,-82.97116,42.44527,"{
  ""coordinates"": [
    -8.297115803100000e+01,
    4.244527539700000e+01
  ],
  ""type"": ""Point""
}","{
  ""coordinates"": [
    -82.971158031,
    42.445275397
  ],
  ""type"": ""Point""
}",-82.971158031,42.445275397
4242,1182536,DAVISON,JUSTINE,2017-11-01,1,11,2017,1,4,97,9,,4,0,,98,98,98,35,6,2,1,2,0,1,0,0,false,,false,false,false,false,false,,,,,,true,false,false,,,false,false,false,false,false,-83.05724,42.41713,"{
  ""coordinates"": [
    -8.305724128700000e+01,
    4.241713363000010e+01
  ],
  ""type"": ""Point""
}","{
  ""coordinates"": [
    -83.057241287,
    42.41713363
  ],
  ""type"": ""Point""
}",-83.057241287,42.4171336300001
4243,1187264,M 39,CHICAGO,2017-11-01,1,11,2017,17,4,5,3,,1,0,,1,2,1,55,3,2,2,5,0,0,0,0,true,,false,false,false,false,false,,,,,,false,false,false,,,false,false,false,false,false,-83.21657,42.3654,"{
  ""coordinates"": [
    -8.321656510500000e+01,
    4.236539720600010e+01
  ],
  ""type"": ""Point""
}","{
  ""coordinates"": [
    -83.216565105,
    42.365397206
  ],
  ""type"": ""Point""
}",-83.216565105,42.3653972060001
4244,1179550,ANTHONY WAYNE,WARREN,2017-11-01,1,11,2017,11,4,8,9,,4,0,,1,2,1,25,3,2,1,5,0,0,0,0,true,,false,false,true,false,false,,,,,,false,false,true,,,false,false,false,false,false,-83.07114,42.35463,"{
  ""coordinates"": [
    -8.307114598500000e+01,
    4.235463332900010e+01
  ],
  ""type"": ""Point""
}","{
  ""coordinates"": [
    -83.071145985,
    42.354633329
  ],
  ""type"": ""Point""
}",-83.071145985,42.3546333290001
4245,1182472,SCOTTEN,HERBERT,2017-11-01,1,11,2017,12,4,4,9,,4,0,,1,2,1,30,2,2,4,3,0,0,2,0,false,,true,false,false,false,false,,,,,,false,false,true,,,false,false,false,false,false,-83.11002,42.3433,"{
  ""coordinates"": [
    -8.311001232400000e+01,
    4.234330446900000e+01
  ],
  ""type"": ""Point""
}","{
  ""coordinates"": [
    -83.110012324,
    42.343304469
  ],
  ""type"": ""Point""
}",-83.110012324,42.343304469
4246,1179493,PLYMOUTH,MARK TWAIN,2017-11-01,1,11,2017,23,4,4,9,,4,0,,2,4,4,30,2,2,1,5,0,0,0,0,true,,false,false,false,false,false,,,,,,false,false,false,,,false,false,false,false,false,-83.18553,42.37289,"{
  ""coordinates"": [
    -8.318553038499989e+01,
    4.237288550300010e+01
  ],
  ""type"": ""Point""
}","{
  ""coordinates"": [
    -83.185530385,
    42.372885503
  ],
  ""type"": ""Point""
}",-83.1855303849999,42.3728855030001
4247,1257226,TEMPLE,LODGE SERVICE,2017-11-01,1,11,2017,23,4,8,9,,4,0,,2,4,4,35,2,2,2,4,0,0,0,1,false,,false,false,false,false,false,,,,,,false,false,false,,,false,false,false,false,false,-83.06577,42.33952,"{
  ""coordinates"": [
    -8.306576856600000e+01,
    4.233951408900000e+01
  ],
  ""type"": ""Point""
}","{
  ""coordinates"": [
    -83.065768566,
    42.339514089
  ],
  ""type"": ""Point""
}",-83.065768566,42.339514089
4248,1179504,MEMORIAL,WARREN,2017-11-01,1,11,2017,21,4,98,9,,,0,,1,1,4,0,2,2,0,5,0,0,0,0,true,,false,false,true,false,false,,,,,,false,false,false,,,false,false,false,false,false,-83.21101,42.34326,"{
  ""coordinates"": [
    -8.321100667699990e+01,
    4.234325663700000e+01
  ],
  ""type"": ""Point""
}","{
  ""coordinates"": [
    -83.211006677,
    42.343256637
  ],
  ""type"": ""Point""
}",-83.2110066769999,42.343256637
4249,1180789,CRANBROOK,KINGSWOOD,2017-11-01,1,11,2017,9,4,8,9,,,0,,1,2,1,0,2,2,1,5,0,0,0,0,true,,false,false,true,false,false,,,,,,false,true,false,,,false,false,false,false,false,-83.15749,42.4356,"{
  ""coordinates"": [
    -8.315748352100000e+01,
    4.243560577300010e+01
  ],
  ""type"": ""Point""
}","{
  ""coordinates"": [
    -83.157483521,
    42.435605773
  ],
  ""type"": ""Point""
}",-83.157483521,42.4356057730001
4250,1187334,BALTIMORE,CASS,2017-11-01,1,11,2017,16,4,4,9,,4,0,,98,98,1,20,2,2,3,5,0,0,0,0,true,,false,false,false,false,false,,,,,,false,false,true,,,false,false,false,false,false,-83.07357,42.36785,"{
  ""coordinates"": [
    -8.307356855400000e+01,
    4.236784967600000e+01
  ],
  ""type"": ""Point""
}","{
  ""coordinates"": [
    -83.073568554,
    42.367849676
  ],
  ""type"": ""Point""
}",-83.073568554,42.367849676
4251,1211243,GEORGIA,ROHNS,2017-11-01,1,11,2017,10,4,97,9,,,0,,1,1,1,25,4,2,2,5,0,0,0,0,true,,false,false,true,false,false,,,,,,false,false,false,,,false,false,false,false,false,-83.01389,42.39429,"{
  ""coordinates"": [
    -8.301389004000001e+01,
    4.239429508700000e+01
  ],
  ""type"": ""Point""
}","{
  ""coordinates"": [
    -83.01389004,
    42.394295087
  ],
  ""type"": ""Point""
}",-83.01389004,42.394295087
4252,1191539,MCNICHOLS,BRUSH,2017-11-01,1,11,2017,5,4,1,9,,4,0,,1,1,4,30,2,2,1,4,0,0,0,1,false,,false,false,false,false,false,,,,,,true,true,false,,,false,false,false,false,false,-83.09834,42.41795,"{
  ""coordinates"": [
    -8.309833362099990e+01,
    4.241794717800010e+01
  ],
  ""type"": ""Point""
}","{
  ""coordinates"": [
    -83.098333621,
    42.417947178
  ],
  ""type"": ""Point""
}",-83.0983336209999,42.4179471780001
4253,1185107,WOODWARD,WARREN,2017-11-01,1,11,2017,20,4,1,3,,1,0,,1,1,5,30,3,2,1,2,0,1,0,0,false,,false,false,false,false,false,,,,,,true,false,false,,,false,false,false,false,false,-83.06429,42.35679,"{
  ""coordinates"": [
    -8.306428199100000e+01,
    4.235679145600010e+01
  ],
  ""type"": ""Point""
}","{
  ""coordinates"": [
    -83.064281991,
    42.356791456
  ],
  ""type"": ""Point""
}",-83.064281991,42.3567914560001
4254,1182395,RAMP 048D,MCNICHOLS,2017-11-01,1,11,2017,8,4,1,1,,1,1,,1,2,1,55,1,1,1,3,0,0,1,0,false,,false,false,false,false,false,,,,,,false,false,false,,,false,false,false,false,false,-83.088,42.41751,"{
  ""coordinates"": [
    -8.308799567299999e+01,
    4.241750574300000e+01
  ],
  ""type"": ""Point""
}","{
  ""coordinates"": [
    -83.087995673,
    42.417505743
  ],
  ""type"": ""Point""
}",-83.087995673,42.417505743
4255,1179678,SOUTHFIELD SERVICE DRIVE,OUTER,2017-11-01,1,11,2017,7,4,1,9,,4,0,,1,1,4,35,6,1,1,5,0,0,0,0,true,,false,false,false,false,false,,,,,,false,false,false,,,false,false,false,false,false,-83.21928,42.4193,"{
  ""coordinates"": [
    -8.321927789800000e+01,
    4.241929787100000e+01
  ],
  ""type"": ""Point""
}","{
  ""coordinates"": [
    -83.219277898,
    42.419297871
  ],
  ""type"": ""Point""
}",-83.219277898,42.419297871
4256,1179537,3626 NOTTINGHAM,WINDSOR,2017-11-01,1,11,2017,11,4,10,9,,,3,,1,1,1,25,2,2,0,5,0,0,0,0,true,,false,false,true,false,false,,,,,,false,false,false,,,false,false,false,false,false,-82.94322,42.39069,"{
  ""coordinates"": [
    -8.294321977899990e+01,
    4.239068741000010e+01
  ],
  ""type"": ""Point""
}","{
  ""coordinates"": [
    -82.943219779,
    42.39068741
  ],
  ""type"": ""Point""
}",-82.9432197789999,42.3906874100001
4257,1182404,I-75,WARREN,2017-11-01,1,11,2017,17,4,5,1,,1,0,,1,2,1,55,4,3,3,4,0,0,0,2,false,,false,false,false,false,false,,,,,,false,false,true,,,false,false,false,false,false,-83.05399,42.36048,"{
  ""coordinates"": [
    -8.305399203199990e+01,
    4.236047731800010e+01
  ],
  ""type"": ""Point""
}","{
  ""coordinates"": [
    -83.053992032,
    42.360477318
  ],
  ""type"": ""Point""
}",-83.0539920319999,42.3604773180001
4258,1211073,OUTER,NOTTINGHAM,2017-11-01,1,11,2017,8,4,4,9,,2,0,,1,2,1,35,4,2,5,4,0,0,0,2,false,,true,false,false,false,false,,,,,,false,false,false,,,false,false,false,false,false,-82.95215,42.40414,"{
  ""coordinates"": [
    -8.295215173199990e+01,
    4.240413755100010e+01
  ],
  ""type"": ""Point""
}","{
  ""coordinates"": [
    -82.952151732,
    42.404137551
  ],
  ""type"": ""Point""
}",-82.9521517319999,42.4041375510001
4259,1180762,VERNOR,LAWNDALE,2017-11-01,1,11,2017,12,4,97,9,,4,0,,1,2,1,25,2,2,1,5,0,0,0,0,true,,false,false,false,false,false,,,,,,false,false,false,,,false,false,false,false,false,-83.13256,42.30927,"{
  ""coordinates"": [
    -8.313255918399990e+01,
    4.230926821900000e+01
  ],
  ""type"": ""Point""
}","{
  ""coordinates"": [
    -83.132559184,
    42.309268219
  ],
  ""type"": ""Point""
}",-83.1325591839999,42.309268219
4260,1186203,LAFAYETTE,GRAND,2017-11-01,1,11,2017,19,4,5,9,,4,0,,1,1,4,0,4,3,3,5,0,0,0,0,true,,false,false,true,false,false,,,,,,false,false,false,,,false,false,false,false,false,-83.00426,42.3503,"{
  ""coordinates"": [
    -8.300425796499999e+01,
    4.235029833200010e+01
  ],
  ""type"": ""Point""
}","{
  ""coordinates"": [
    -83.004257965,
    42.350298332
  ],
  ""type"": ""Point""
}",-83.004257965,42.3502983320001
4261,1195230,E I 94,RAMP 216D,2017-11-01,1,11,2017,14,4,8,1,,1,0,,1,1,1,55,3,2,1,5,0,0,0,0,true,,false,false,true,false,false,,,,,,false,false,false,,,false,false,false,false,false,-83.05795,42.36848,"{
  ""coordinates"": [
    -8.305794660899990e+01,
    4.236848496600000e+01
  ],
  ""type"": ""Point""
}","{
  ""coordinates"": [
    -83.057946609,
    42.368484966
  ],
  ""type"": ""Point""
}",-83.0579466089999,42.368484966
4262,1182399,M-39,WARREN,2017-11-01,1,11,2017,17,4,5,3,,1,0,,1,2,1,55,3,4,7,5,0,0,0,0,true,,false,false,false,false,false,,,,,,false,false,true,,,false,false,false,false,false,-83.21621,42.34192,"{
  ""coordinates"": [
    -8.321621202800000e+01,
    4.234192163200000e+01
  ],
  ""type"": ""Point""
}","{
  ""coordinates"": [
    -83.216212028,
    42.341921632
  ],
  ""type"": ""Point""
}",-83.216212028,42.341921632
4263,1182374,RAMP 109A,M-8,2017-11-01,1,11,2017,14,4,1,3,,1,1,,1,2,1,55,1,1,1,3,0,0,1,0,false,,false,false,false,false,false,,,,,,false,false,false,,,false,false,false,false,false,-83.11191,42.39912,"{
  ""coordinates"": [
    -8.311190442799990e+01,
    4.239911772600000e+01
  ],
  ""type"": ""Point""
}","{
  ""coordinates"": [
    -83.111904428,
    42.399117726
  ],
  ""type"": ""Point""
}",-83.1119044279999,42.399117726
4264,1179500,CASS,ELIZABETH,2017-11-01,1,11,2017,7,4,4,9,,4,0,,1,2,2,30,4,2,2,5,0,0,0,0,true,,false,false,false,false,false,,,,,,false,false,false,,,false,false,false,false,false,-83.05527,42.33601,"{
  ""coordinates"": [
    -8.305527001000000e+01,
    4.233600624300000e+01
  ],
  ""type"": ""Point""
}","{
  ""coordinates"": [
    -83.05527001,
    42.336006243
  ],
  ""type"": ""Point""
}",-83.05527001,42.336006243
4265,1182503,GREENFIELD,PLYMOUTH,2017-11-01,1,11,2017,22,4,4,9,,2,0,,2,4,4,35,5,2,4,5,0,0,0,0,true,,false,false,false,false,false,,,,,,false,false,true,,,false,false,false,false,false,-83.19755,42.37238,"{
  ""coordinates"": [
    -8.319754780800000e+01,
    4.237237857400000e+01
  ],
  ""type"": ""Point""
}","{
  ""coordinates"": [
    -83.197547808,
    42.372378574
  ],
  ""type"": ""Point""
}",-83.197547808,42.372378574
4266,1190141,GREEN,VERNOR,2017-11-01,1,11,2017,14,4,10,9,,,0,,1,1,1,25,2,2,1,5,0,0,0,0,true,,false,false,false,false,false,,,,,,false,false,false,,,false,false,false,false,false,-83.12128,42.31384,"{
  ""coordinates"": [
    -8.312128551399999e+01,
    4.231383891100010e+01
  ],
  ""type"": ""Point""
}","{
  ""coordinates"": [
    -83.121285514,
    42.313838911
  ],
  ""type"": ""Point""
}",-83.121285514,42.3138389110001
4267,1182408,SOUTHFIELD SERVICE DRIVE,GRAND RIVER,2017-11-01,1,11,2017,21,4,5,3,,4,0,,2,4,4,30,1,2,2,5,0,0,0,0,true,,false,false,false,false,false,,,,,,false,false,false,,,false,false,false,false,false,-83.21799,42.40059,"{
  ""coordinates"": [
    -8.321798533200000e+01,
    4.240058610900010e+01
  ],
  ""type"": ""Point""
}","{
  ""coordinates"": [
    -83.217985332,
    42.400586109
  ],
  ""type"": ""Point""
}",-83.217985332,42.4005861090001
4268,1180741,I-94,M-10,2017-11-01,1,11,2017,17,4,5,1,,1,0,,1,2,1,70,3,2,2,5,0,0,0,0,true,,false,false,false,false,false,,,,,,false,true,false,,,false,false,false,false,false,-83.07486,42.36039,"{
  ""coordinates"": [
    -8.307486310300000e+01,
    4.236038610400000e+01
  ],
  ""type"": ""Point""
}","{
  ""coordinates"": [
    -83.074863103,
    42.360386104
  ],
  ""type"": ""Point""
}",-83.074863103,42.360386104
4269,1182467,N M 10,GRAND,2017-11-01,1,11,2017,14,4,97,3,,1,0,,1,2,1,55,3,1,1,5,0,0,0,0,true,,false,false,false,false,false,,,,,,false,true,false,,,false,false,false,false,false,-83.08159,42.36692,"{
  ""coordinates"": [
    -8.308159047399990e+01,
    4.236691669700010e+01
  ],
  ""type"": ""Point""
}","{
  ""coordinates"": [
    -83.081590474,
    42.366916697
  ],
  ""type"": ""Point""
}",-83.0815904739999,42.3669166970001
4270,1182480,CADIEUX,LINVILLE,2017-11-01,1,11,2017,2,4,97,9,,4,0,,1,1,4,30,2,2,2,3,0,0,1,1,false,,false,false,true,false,false,,,,,,false,false,true,,,false,false,false,false,false,-82.93381,42.41216,"{
  ""coordinates"": [
    -8.293381063100000e+01,
    4.241215327300010e+01
  ],
  ""type"": ""Point""
}","{
  ""coordinates"": [
    -82.933810631,
    42.412153273
  ],
  ""type"": ""Point""
}",-82.933810631,42.4121532730001
4271,1179533,REMINGTON,WEXFORD,2017-11-01,1,11,2017,18,4,8,9,,,0,,1,1,3,25,2,2,3,3,0,0,1,0,false,,false,false,false,false,true,,,,,,false,false,true,,,false,false,false,false,false,-83.06542,42.4427,"{
  ""coordinates"": [
    -8.306542197000000e+01,
    4.244269705900010e+01
  ],
  ""type"": ""Point""
}","{
  ""coordinates"": [
    -83.06542197,
    42.442697059
  ],
  ""type"": ""Point""
}",-83.06542197,42.4426970590001
4272,1182575,SECOND,PRENTIS,2017-11-01,1,11,2017,0,4,4,9,,4,0,,2,4,4,30,2,2,4,5,0,0,0,0,true,,false,false,false,false,false,,,,,,false,true,false,,,false,false,false,false,false,-83.06725,42.35241,"{
  ""coordinates"": [
    -8.306725688700000e+01,
    4.235240617000010e+01
  ],
  ""type"": ""Point""
}","{
  ""coordinates"": [
    -83.067256887,
    42.35240617
  ],
  ""type"": ""Point""
}",-83.067256887,42.3524061700001
4273,1179499,MACK,N I 75,2017-11-01,1,11,2017,11,4,8,9,,4,0,,1,2,1,30,3,2,3,5,0,0,0,0,true,,false,false,false,false,false,,,,,,false,true,false,,,false,false,false,false,false,-83.04795,42.35133,"{
  ""coordinates"": [
    -8.304795092099990e+01,
    4.235133171000010e+01
  ],
  ""type"": ""Point""
}","{
  ""coordinates"": [
    -83.047950921,
    42.35133171
  ],
  ""type"": ""Point""
}",-83.0479509209999,42.3513317100001
4274,1211091,CHALMERS,CHARLEVOIX,2017-11-01,1,11,2017,4,4,5,9,,4,0,,1,98,5,35,2,2,2,5,0,0,0,0,true,,false,false,true,false,false,,,,,,false,false,true,,,false,false,false,false,false,-82.95036,42.38255,"{
  ""coordinates"": [
    -8.295036668900001e+01,
    4.238254736700000e+01
  ],
  ""type"": ""Point""
}","{
  ""coordinates"": [
    -82.950366689,
    42.382547367
  ],
  ""type"": ""Point""
}",-82.950366689,42.382547367
4275,1182492,WHITTIER,KELLY,2017-11-01,1,11,2017,16,4,5,9,,4,0,,1,1,1,30,2,2,0,5,0,0,0,0,true,,false,false,true,false,false,,,,,,false,false,false,,,false,false,false,false,false,-82.96346,42.42082,"{
  ""coordinates"": [
    -8.296345316599999e+01,
    4.242082185700010e+01
  ],
  ""type"": ""Point""
}","{
  ""coordinates"": [
    -82.963453166,
    42.420821857
  ],
  ""type"": ""Point""
}",-82.963453166,42.4208218570001
4276,1182550,ROSELAWN,OUTER,2017-11-01,1,11,2017,15,4,97,9,,,0,,1,2,1,25,1,3,10,4,0,0,0,3,false,,true,false,false,false,false,,,,,,false,true,false,,,false,false,false,false,false,-83.15318,42.43493,"{
  ""coordinates"": [
    -8.315318175999990e+01,
    4.243493379400010e+01
  ],
  ""type"": ""Point""
}","{
  ""coordinates"": [
    -83.15318176,
    42.434933794
  ],
  ""type"": ""Point""
}",-83.1531817599999,42.4349337940001
4277,1179536,I75 SERVICE,8 MILE,2017-11-01,1,11,2017,19,4,8,1,,5,0,,1,1,4,25,4,2,5,5,0,0,0,0,true,,false,false,false,false,false,,,,,,false,false,false,,,false,false,false,false,false,-83.0956,42.44252,"{
  ""coordinates"": [
    -8.309559569500000e+01,
    4.244252542900010e+01
  ],
  ""type"": ""Point""
}","{
  ""coordinates"": [
    -83.095595695,
    42.442525429
  ],
  ""type"": ""Point""
}",-83.095595695,42.4425254290001