ObjectId,Crash ID,Primary Road,Intersecting Road,Crash Date,Day,Month,Year,Hour,Weekday,Crash Type Code,Highway Classification Code,Community Code,Jurisdiction Code,Lane Departure Type Code,Surface Type,Road Condition,Weather Condition,Lighting Condition,Speed Limit,Lanes,Units,Occupants,Most Severe Injury,Fatal Injuries,Suspected Serious Injuries,Suspected Minor Injuries,Possible Injuries,Property Damage Only,Secondary Crash,Traffic Control,Red Light Run,Hit and Run,Alcohol,Drugs,Unbelted Person,Work Zone,Speeding Driver,Distracted Driver,Driveway,Pedestrian,Elderly Driver,Young Driver,Commercial Vehicle,Emergency Vehicles,Train,School Bus,Motorcycle,Bicycle,Deer,Longitude,Latitude,geom,geog,x,y
4278,1182420,I-75,CLARK,2017-11-01,1,11,2017,6,4,8,1,,1,0,,1,1,4,55,1,2,3,5,0,0,0,0,true,,false,false,false,false,false,,,,,,false,true,false,,,false,false,false,false,false,-83.08936,42.31435,"{
  ""coordinates"": [
    -8.308935728599990e+01,
    4.231434623900000e+01
  ],
  ""type"": ""Point""
}","{
  ""coordinates"": [
    -83.089357286,
    42.314346239
  ],
  ""type"": ""Point""
}",-83.0893572859999,42.314346239
4279,1182546,JAMES COUZENS,GROVE,2017-10-31,31,10,2017,15,3,8,9,,4,0,,1,2,1,30,3,2,2,4,0,0,0,1,false,,false,false,false,false,false,,,,,,false,false,true,,,false,false,false,false,false,-83.17029,42.4143,"{
  ""coordinates"": [
    -8.317028708799999e+01,
    4.241430129000000e+01
  ],
  ""type"": ""Point""
}","{
  ""coordinates"": [
    -83.170287088,
    42.41430129
  ],
  ""type"": ""Point""
}",-83.170287088,42.41430129
4280,1182341,W I 96,KENTFIELD,2017-10-31,31,10,2017,7,3,8,1,,1,0,,2,5,5,70,3,2,2,5,0,0,0,0,true,,false,false,false,false,false,,,,,,false,false,false,,,false,false,false,false,false,-83.24043,42.38361,"{
  ""coordinates"": [
    -8.324042459899989e+01,
    4.238361166600000e+01
  ],
  ""type"": ""Point""
}","{
  ""coordinates"": [
    -83.240424599,
    42.383611666
  ],
  ""type"": ""Point""
}",-83.2404245989999,42.383611666
4281,1179538,KEELER,LIVERNOIS,2017-10-31,31,10,2017,8,3,5,9,,4,0,,98,98,1,55,3,2,1,5,0,0,0,0,true,,false,false,true,false,false,,,,,,false,false,false,,,false,false,false,false,false,-83.14043,42.40451,"{
  ""coordinates"": [
    -8.314042386900000e+01,
    4.240450915900000e+01
  ],
  ""type"": ""Point""
}","{
  ""coordinates"": [
    -83.140423869,
    42.404509159
  ],
  ""type"": ""Point""
}",-83.140423869,42.404509159
4282,1178523,7 MILE,WOODWARD,2017-10-31,31,10,2017,18,3,97,3,,2,0,,1,1,1,30,4,3,3,5,0,0,0,0,true,,false,false,false,false,false,,,,,,false,false,false,,,false,false,false,false,false,-83.11532,42.43213,"{
  ""coordinates"": [
    -8.311531645299991e+01,
    4.243212641300000e+01
  ],
  ""type"": ""Point""
}","{
  ""coordinates"": [
    -83.115316453,
    42.432126413
  ],
  ""type"": ""Point""
}",-83.1153164529999,42.432126413
4283,1193820,LARNED,ST ANTIONE,2017-10-31,31,10,2017,10,3,8,9,,4,0,,1,2,1,35,3,2,2,5,0,0,0,0,true,,false,false,false,false,false,,,,,,false,false,true,,,false,false,false,false,false,-83.0387,42.33225,"{
  ""coordinates"": [
    -8.303870221900000e+01,
    4.233225383700010e+01
  ],
  ""type"": ""Point""
}","{
  ""coordinates"": [
    -83.038702219,
    42.332253837
  ],
  ""type"": ""Point""
}",-83.038702219,42.3322538370001
4284,1180724,W/B I-96,M-39,2017-10-31,31,10,2017,21,3,8,1,,1,0,,1,1,4,70,3,2,2,5,0,0,0,0,true,,false,false,false,false,false,,,,,,false,false,false,,,false,false,false,false,false,-83.21908,42.37875,"{
  ""coordinates"": [
    -8.321907425700000e+01,
    4.237875335100010e+01
  ],
  ""type"": ""Point""
}","{
  ""coordinates"": [
    -83.219074257,
    42.378753351
  ],
  ""type"": ""Point""
}",-83.219074257,42.3787533510001
4285,1182517,CARLISLE,CRUSADE,2017-10-31,31,10,2017,18,3,97,9,,,0,,1,1,3,0,2,2,4,3,0,0,1,0,false,,false,false,true,false,false,,,,,,false,false,false,,,false,false,false,false,false,-82.9611,42.44909,"{
  ""coordinates"": [
    -8.296109810900001e+01,
    4.244909099800000e+01
  ],
  ""type"": ""Point""
}","{
  ""coordinates"": [
    -82.961098109,
    42.449090998
  ],
  ""type"": ""Point""
}",-82.961098109,42.449090998
4286,1178513,7 MILE,MARK TWAIN,2017-10-31,31,10,2017,16,3,5,9,,2,0,,1,1,1,0,2,2,3,5,0,0,0,0,true,,false,false,true,false,false,,,,,,false,false,true,,,false,false,false,false,false,-83.18785,42.4308,"{
  ""coordinates"": [
    -8.318785413499999e+01,
    4.243079807400010e+01
  ],
  ""type"": ""Point""
}","{
  ""coordinates"": [
    -83.187854135,
    42.430798074
  ],
  ""type"": ""Point""
}",-83.187854135,42.4307980740001
4287,1195284,AMSTERDAM,CASS,2017-10-31,31,10,2017,15,3,97,9,,,0,,1,2,1,15,2,2,2,5,0,0,0,0,true,,false,false,false,false,false,,,,,,false,true,false,,,false,false,false,false,false,-83.07246,42.36606,"{
  ""coordinates"": [
    -8.307246155099990e+01,
    4.236605952600010e+01
  ],
  ""type"": ""Point""
}","{
  ""coordinates"": [
    -83.072461551,
    42.366059526
  ],
  ""type"": ""Point""
}",-83.0724615509999,42.3660595260001
4288,1182491,MARTIN LUTHER KING JR,CASS,2017-10-31,31,10,2017,14,3,4,9,,4,0,,1,1,1,0,6,2,2,5,0,0,0,0,true,,false,false,false,false,false,,,,,,false,true,false,,,false,false,false,false,false,-83.06069,42.34554,"{
  ""coordinates"": [
    -8.306068804599990e+01,
    4.234553787300010e+01
  ],
  ""type"": ""Point""
}","{
  ""coordinates"": [
    -83.060688046,
    42.345537873
  ],
  ""type"": ""Point""
}",-83.0606880459999,42.3455378730001
4289,1197314,WARREN,WARRENDALE,2017-10-31,31,10,2017,12,3,4,9,,2,0,,1,2,1,40,5,2,2,5,0,0,0,0,true,,false,false,false,false,false,,,,,,false,false,false,,,false,false,false,false,false,-83.26224,42.34174,"{
  ""coordinates"": [
    -8.326223375599990e+01,
    4.234173563100010e+01
  ],
  ""type"": ""Point""
}","{
  ""coordinates"": [
    -83.262233756,
    42.341735631
  ],
  ""type"": ""Point""
}",-83.2622337559999,42.3417356310001
4290,1179531,ELMHURST,BRYDEN,2017-10-31,31,10,2017,17,3,5,9,,4,0,,1,2,4,0,2,2,1,5,0,0,0,0,true,,false,false,true,false,false,,,,,,false,false,false,,,false,false,false,false,false,-83.1459,42.37603,"{
  ""coordinates"": [
    -8.314589410799989e+01,
    4.237602459400010e+01
  ],
  ""type"": ""Point""
}","{
  ""coordinates"": [
    -83.145894108,
    42.376024594
  ],
  ""type"": ""Point""
}",-83.1458941079999,42.3760245940001
4291,1182394,I 96,M39,2017-10-31,31,10,2017,7,3,5,1,,1,0,,2,4,4,70,3,2,2,5,0,0,0,0,true,,false,false,false,false,false,,,,,,false,false,false,,,false,false,false,false,false,-83.21861,42.37878,"{
  ""coordinates"": [
    -8.321860684799999e+01,
    4.237877832200010e+01
  ],
  ""type"": ""Point""
}","{
  ""coordinates"": [
    -83.218606848,
    42.378778322
  ],
  ""type"": ""Point""
}",-83.218606848,42.3787783220001
4292,1178508,SEVEN MILE,OUTER,2017-10-31,31,10,2017,16,3,8,9,,4,0,,1,1,2,35,2,2,2,5,0,0,0,0,true,,false,false,false,false,false,,,,,,false,false,false,,,false,false,false,false,false,-83.01434,42.43418,"{
  ""coordinates"": [
    -8.301433718000000e+01,
    4.243417692200010e+01
  ],
  ""type"": ""Point""
}","{
  ""coordinates"": [
    -83.01433718,
    42.434176922
  ],
  ""type"": ""Point""
}",-83.01433718,42.4341769220001
4293,1199592,S I 75,RAMP 216F,2017-10-31,31,10,2017,8,3,5,1,,1,0,,98,1,1,70,4,2,1,5,0,0,0,0,true,,false,false,false,false,false,,,,,,false,false,true,,,false,false,false,false,false,-83.05795,42.36798,"{
  ""coordinates"": [
    -8.305794765800000e+01,
    4.236797881400000e+01
  ],
  ""type"": ""Point""
}","{
  ""coordinates"": [
    -83.057947658,
    42.367978814
  ],
  ""type"": ""Point""
}",-83.057947658,42.367978814
4294,1180784,FENKELL,ROSEMONT,2017-10-31,31,10,2017,2,3,9,9,,2,2,,1,1,4,35,4,2,2,5,0,0,0,0,true,,false,false,false,false,false,,,,,,false,false,true,,,false,false,false,false,false,-83.22022,42.40107,"{
  ""coordinates"": [
    -8.322022224100000e+01,
    4.240107139200010e+01
  ],
  ""type"": ""Point""
}","{
  ""coordinates"": [
    -83.220222241,
    42.401071392
  ],
  ""type"": ""Point""
}",-83.220222241,42.4010713920001
4295,1182441,I-75,JUNCTION,2017-10-31,31,10,2017,21,3,8,1,,1,0,,1,1,1,55,3,2,2,5,0,0,0,0,true,,false,false,false,false,false,,,,,,false,false,false,,,false,false,false,false,false,-83.09528,42.31179,"{
  ""coordinates"": [
    -8.309528007300000e+01,
    4.231178670200010e+01
  ],
  ""type"": ""Point""
}","{
  ""coordinates"": [
    -83.095280073,
    42.311786702
  ],
  ""type"": ""Point""
}",-83.095280073,42.3117867020001
4296,1182347,I 75,DAVISON,2017-10-31,31,10,2017,8,3,8,1,,1,0,,1,1,1,70,4,3,3,5,0,0,0,0,true,,false,false,false,false,false,,,,,,false,true,false,,,false,false,false,false,false,-83.08057,42.40986,"{
  ""coordinates"": [
    -8.308056596999999e+01,
    4.240986398600010e+01
  ],
  ""type"": ""Point""
}","{
  ""coordinates"": [
    -83.08056597,
    42.409863986
  ],
  ""type"": ""Point""
}",-83.08056597,42.4098639860001
4297,1182329,W I 94,RAMP 220F,2017-10-31,31,10,2017,8,3,5,1,,1,0,,1,2,2,55,3,3,3,5,0,0,0,0,true,,false,false,false,false,false,,,,,,false,false,false,,,false,false,false,false,false,-82.98604,42.39771,"{
  ""coordinates"": [
    -8.298603826100000e+01,
    4.239771071200000e+01
  ],
  ""type"": ""Point""
}","{
  ""coordinates"": [
    -82.986038261,
    42.397710712
  ],
  ""type"": ""Point""
}",-82.986038261,42.397710712
4298,1211145,PAUL,STAHELIN,2017-10-31,31,10,2017,8,3,1,9,,4,0,,1,1,1,30,2,2,1,3,0,0,1,0,false,,false,false,false,false,false,,,,,,true,false,false,,,false,false,false,false,false,-83.22382,42.33603,"{
  ""coordinates"": [
    -8.322381624400001e+01,
    4.233603123500010e+01
  ],
  ""type"": ""Point""
}","{
  ""coordinates"": [
    -83.223816244,
    42.336031235
  ],
  ""type"": ""Point""
}",-83.223816244,42.3360312350001
4299,1177705,DICKERSON,MAIDEN,2017-10-31,31,10,2017,0,3,4,9,,4,0,,1,1,4,25,2,2,4,4,0,0,0,1,false,,true,false,false,false,false,,,,,,false,false,false,,,false,false,false,false,false,-82.97538,42.4059,"{
  ""coordinates"": [
    -8.297538338299999e+01,
    4.240589475800000e+01
  ],
  ""type"": ""Point""
}","{
  ""coordinates"": [
    -82.975383383,
    42.405894758
  ],
  ""type"": ""Point""
}",-82.975383383,42.405894758
4300,1259031,SEVEN MILE,SOUTHFIELD SERVICE,2017-10-31,31,10,2017,16,3,8,9,,2,0,,1,2,1,35,5,2,2,5,0,0,0,0,true,,false,false,false,false,false,,,,,,false,false,false,,,false,false,false,false,false,-83.21895,42.43003,"{
  ""coordinates"": [
    -8.321894874400000e+01,
    4.243003271200010e+01
  ],
  ""type"": ""Point""
}","{
  ""coordinates"": [
    -83.218948744,
    42.430032712
  ],
  ""type"": ""Point""
}",-83.218948744,42.4300327120001
4301,1191535,GODDARD,REMINGTON,2017-10-31,31,10,2017,18,3,5,9,,,0,,1,2,4,25,1,2,2,5,0,0,0,0,true,,false,false,false,false,false,,,,,,false,false,false,,,false,false,false,false,false,-83.07758,42.44258,"{
  ""coordinates"": [
    -8.307757576400000e+01,
    4.244258439400010e+01
  ],
  ""type"": ""Point""
}","{
  ""coordinates"": [
    -83.077575764,
    42.442584394
  ],
  ""type"": ""Point""
}",-83.077575764,42.4425843940001
4302,1198212,M 10,LINWOOD,2017-10-31,31,10,2017,17,3,8,3,,1,0,,1,1,1,55,3,3,4,4,0,0,0,1,false,,false,false,true,false,false,,,,,,false,false,true,,,false,false,false,false,false,-83.12788,42.40508,"{
  ""coordinates"": [
    -8.312787343699991e+01,
    4.240507638700010e+01
  ],
  ""type"": ""Point""
}","{
  ""coordinates"": [
    -83.127873437,
    42.405076387
  ],
  ""type"": ""Point""
}",-83.1278734369999,42.4050763870001
4303,1182513,FENKELL,BILTMORE,2017-10-31,31,10,2017,4,3,5,9,,2,0,,98,98,1,30,2,2,3,5,0,0,0,0,true,,false,false,false,false,false,,,,,,false,false,false,,,false,true,false,false,false,-83.2105,42.40126,"{
  ""coordinates"": [
    -8.321050585099989e+01,
    4.240125705000000e+01
  ],
  ""type"": ""Point""
}","{
  ""coordinates"": [
    -83.210505851,
    42.40125705
  ],
  ""type"": ""Point""
}",-83.2105058509999,42.40125705
4304,1182490,I94 SERVICE,MOROSS,2017-10-31,31,10,2017,12,3,8,1,,4,0,,1,1,1,25,2,2,2,5,0,0,0,0,true,,false,false,false,false,false,,,,,,false,false,false,,,false,false,false,false,false,-82.92812,42.42456,"{
  ""coordinates"": [
    -8.292812167600000e+01,
    4.242456134500000e+01
  ],
  ""type"": ""Point""
}","{
  ""coordinates"": [
    -82.928121676,
    42.424561345
  ],
  ""type"": ""Point""
}",-82.928121676,42.424561345
4305,1178511,MT ELLIOT,EMERY,2017-10-31,31,10,2017,7,3,5,9,,4,0,,2,1,1,30,4,2,2,5,0,0,0,0,true,,false,false,false,false,false,,,,,,false,false,false,,,false,false,false,false,false,-83.03902,42.43584,"{
  ""coordinates"": [
    -8.303901884999991e+01,
    4.243583991000000e+01
  ],
  ""type"": ""Point""
}","{
  ""coordinates"": [
    -83.03901885,
    42.43583991
  ],
  ""type"": ""Point""
}",-83.0390188499999,42.43583991
4306,1178515,MEYERS,MIDLAND,2017-10-31,31,10,2017,12,3,5,9,,4,0,,1,2,1,30,2,2,1,5,0,0,0,0,true,,false,false,false,false,false,,,,,,false,true,false,,,false,false,false,false,false,-83.1696,42.40631,"{
  ""coordinates"": [
    -8.316960382199990e+01,
    4.240630576900000e+01
  ],
  ""type"": ""Point""
}","{
  ""coordinates"": [
    -83.169603822,
    42.406305769
  ],
  ""type"": ""Point""
}",-83.1696038219999,42.406305769
4307,1179554,JOHN R,PALMER,2017-10-31,31,10,2017,11,3,4,9,,4,0,,1,2,1,25,4,2,2,5,0,0,0,0,true,,true,false,false,false,false,,,,,,false,false,true,,,false,false,false,false,false,-83.06567,42.36298,"{
  ""coordinates"": [
    -8.306567387500000e+01,
    4.236297761600010e+01
  ],
  ""type"": ""Point""
}","{
  ""coordinates"": [
    -83.065673875,
    42.362977616
  ],
  ""type"": ""Point""
}",-83.065673875,42.3629776160001
4308,1179556,MILWAUKEE,LINCOLN,2017-10-31,31,10,2017,16,3,98,9,,4,0,,1,2,1,30,2,2,0,5,0,0,0,0,true,,false,false,true,false,false,,,,,,false,false,false,,,false,false,false,false,false,-83.08274,42.3653,"{
  ""coordinates"": [
    -8.308273734700001e+01,
    4.236529460500000e+01
  ],
  ""type"": ""Point""
}","{
  ""coordinates"": [
    -83.082737347,
    42.365294605
  ],
  ""type"": ""Point""
}",-83.082737347,42.365294605
4309,1182433,I 96 CD,FULLERTON,2017-10-31,31,10,2017,17,3,5,1,,1,0,,1,2,1,55,3,2,4,5,0,0,0,0,true,,false,false,false,false,false,,,,,,false,false,false,,,false,false,false,false,false,-83.18891,42.38059,"{
  ""coordinates"": [
    -8.318891108100000e+01,
    4.238058840700010e+01
  ],
  ""type"": ""Point""
}","{
  ""coordinates"": [
    -83.188911081,
    42.380588407
  ],
  ""type"": ""Point""
}",-83.188911081,42.3805884070001
4310,1179519,MANNING,FAIRPORT,2017-10-31,31,10,2017,20,3,8,9,,,0,,1,1,4,25,4,2,0,5,0,0,0,0,true,,false,false,false,false,false,,,,,,false,false,false,,,false,false,false,false,false,-82.99126,42.44046,"{
  ""coordinates"": [
    -8.299125351100000e+01,
    4.244045769100010e+01
  ],
  ""type"": ""Point""
}","{
  ""coordinates"": [
    -82.991253511,
    42.440457691
  ],
  ""type"": ""Point""
}",-82.991253511,42.4404576910001
4311,1180753,LAUDER,GRAND RIVER,2017-10-31,31,10,2017,13,3,5,9,,,0,,1,1,1,25,1,2,1,5,0,0,0,0,true,,false,false,true,false,false,,,,,,false,false,false,,,false,false,false,false,false,-83.19009,42.38879,"{
  ""coordinates"": [
    -8.319008310200000e+01,
    4.238878837500000e+01
  ],
  ""type"": ""Point""
}","{
  ""coordinates"": [
    -83.190083102,
    42.388788375
  ],
  ""type"": ""Point""
}",-83.190083102,42.388788375
4312,1178532,SEVEN MILE,JOHN R,2017-10-31,31,10,2017,7,3,3,9,,4,0,,1,2,2,35,4,2,1,5,0,0,0,0,true,,true,true,false,false,false,,,,,,false,false,false,,,false,false,false,false,false,-83.10249,42.43228,"{
  ""coordinates"": [
    -8.310249515500000e+01,
    4.243228180200000e+01
  ],
  ""type"": ""Point""
}","{
  ""coordinates"": [
    -83.102495155,
    42.432281802
  ],
  ""type"": ""Point""
}",-83.102495155,42.432281802
4313,1182422,W/B I-94,GRATIOT,2017-10-31,31,10,2017,6,3,1,1,,1,0,,1,1,4,55,3,1,1,5,0,0,0,0,true,,false,false,false,false,false,,,,,,false,false,false,,,false,false,false,false,false,-83.00438,42.39191,"{
  ""coordinates"": [
    -8.300437956099999e+01,
    4.239191333300000e+01
  ],
  ""type"": ""Point""
}","{
  ""coordinates"": [
    -83.004379561,
    42.391913333
  ],
  ""type"": ""Point""
}",-83.004379561,42.391913333
4314,1182363,S I 75,RAMP 122E,2017-10-31,31,10,2017,16,3,8,1,,1,0,,1,2,1,55,3,2,2,5,0,0,0,0,true,,false,false,false,false,false,,,,,,false,false,false,,,false,false,false,false,false,-83.06394,42.33551,"{
  ""coordinates"": [
    -8.306393878700000e+01,
    4.233550853300010e+01
  ],
  ""type"": ""Point""
}","{
  ""coordinates"": [
    -83.063938787,
    42.335508533
  ],
  ""type"": ""Point""
}",-83.063938787,42.3355085330001
4315,1178494,EDSEL,MIAMI,2017-10-31,31,10,2017,15,3,8,9,,,0,,1,2,1,25,1,2,0,5,0,0,0,0,true,,false,false,true,false,false,,,,,,false,false,false,,,false,false,false,false,false,-83.15602,42.27367,"{
  ""coordinates"": [
    -8.315602026099999e+01,
    4.227366725200010e+01
  ],
  ""type"": ""Point""
}","{
  ""coordinates"": [
    -83.156020261,
    42.273667252
  ],
  ""type"": ""Point""
}",-83.156020261,42.2736672520001
4316,1179515,GRAND RIVER,KENTFORD,2017-10-31,31,10,2017,21,3,5,3,,1,0,,1,1,4,35,2,2,2,5,0,0,0,0,true,,false,false,false,false,false,,,,,,false,false,false,,,false,false,false,false,false,-83.22157,42.40203,"{
  ""coordinates"": [
    -8.322157380300000e+01,
    4.240202842700010e+01
  ],
  ""type"": ""Point""
}","{
  ""coordinates"": [
    -83.221573803,
    42.402028427
  ],
  ""type"": ""Point""
}",-83.221573803,42.4020284270001
4317,1178476,CHEYENNE,ELMIRA,2017-10-31,31,10,2017,21,3,4,9,,,0,,1,1,4,25,2,2,4,5,0,0,0,0,true,,false,false,true,false,false,,,,,,false,false,true,,,false,false,false,false,false,-83.17425,42.37072,"{
  ""coordinates"": [
    -8.317424990300000e+01,
    4.237071646200010e+01
  ],
  ""type"": ""Point""
}","{
  ""coordinates"": [
    -83.174249903,
    42.370716462
  ],
  ""type"": ""Point""
}",-83.174249903,42.3707164620001
4318,1178500,N M 39,7 MILE,2017-10-31,31,10,2017,16,3,4,3,,1,0,,1,1,1,30,5,2,2,5,0,0,0,0,true,,false,false,false,false,false,,,,,,false,false,true,,,false,false,false,false,false,-83.21923,42.43,"{
  ""coordinates"": [
    -8.321922717200000e+01,
    4.242999813700000e+01
  ],
  ""type"": ""Point""
}","{
  ""coordinates"": [
    -83.219227172,
    42.429998137
  ],
  ""type"": ""Point""
}",-83.219227172,42.429998137
4319,1187274,CASS,MILWAUKEE,2017-10-31,31,10,2017,17,3,8,9,,4,0,,1,1,1,30,2,2,1,5,0,0,0,0,true,,false,false,false,false,false,,,,,,false,false,false,,,false,false,false,false,false,-83.07409,42.36863,"{
  ""coordinates"": [
    -8.307409281100000e+01,
    4.236862944000010e+01
  ],
  ""type"": ""Point""
}","{
  ""coordinates"": [
    -83.074092811,
    42.36862944
  ],
  ""type"": ""Point""
}",-83.074092811,42.3686294400001
4320,1178501,ROHNS,MACK,2017-10-31,31,10,2017,17,3,4,9,,,0,,1,2,98,35,2,2,2,4,0,0,0,1,false,,false,false,false,false,false,,,,,,false,false,false,,,false,false,false,false,false,-82.99707,42.37062,"{
  ""coordinates"": [
    -8.299706979099990e+01,
    4.237062346700000e+01
  ],
  ""type"": ""Point""
}","{
  ""coordinates"": [
    -82.997069791,
    42.370623467
  ],
  ""type"": ""Point""
}",-82.9970697909999,42.370623467
4321,1177642,I 75,DAVISON,2017-10-31,31,10,2017,8,3,5,1,,1,0,,1,1,2,70,3,3,3,5,0,0,0,0,true,,false,false,false,false,false,,,,,,false,false,false,,,false,false,false,false,false,-83.08241,42.41198,"{
  ""coordinates"": [
    -8.308240312600000e+01,
    4.241198342800000e+01
  ],
  ""type"": ""Point""
}","{
  ""coordinates"": [
    -83.082403126,
    42.411983428
  ],
  ""type"": ""Point""
}",-83.082403126,42.411983428
4322,1180733,RAMP 109A,S M 10,2017-10-31,31,10,2017,23,3,5,3,,1,0,,1,2,4,35,1,2,1,5,0,0,0,0,true,,false,false,true,false,false,,,,,,false,false,true,,,false,false,false,false,false,-83.11234,42.39936,"{
  ""coordinates"": [
    -8.311234307500000e+01,
    4.239936153000010e+01
  ],
  ""type"": ""Point""
}","{
  ""coordinates"": [
    -83.112343075,
    42.39936153
  ],
  ""type"": ""Point""
}",-83.112343075,42.3993615300001
4323,1180732,I-94,I-96,2017-10-31,31,10,2017,18,3,5,1,,1,0,,1,2,1,55,3,2,2,5,0,0,0,0,true,,false,false,false,false,false,,,,,,false,false,true,,,false,false,false,false,false,-83.09968,42.35006,"{
  ""coordinates"": [
    -8.309967950700000e+01,
    4.235006007500000e+01
  ],
  ""type"": ""Point""
}","{
  ""coordinates"": [
    -83.099679507,
    42.350060075
  ],
  ""type"": ""Point""
}",-83.099679507,42.350060075
4324,1187279,MARTIN LUTHER KING JR,CASS,2017-10-31,31,10,2017,17,3,4,9,,4,0,,1,1,1,30,2,2,2,5,0,0,0,0,true,,false,false,false,false,false,,,,,,false,true,false,,,false,false,false,false,false,-83.06076,42.34552,"{
  ""coordinates"": [
    -8.306076387400000e+01,
    4.234552340200000e+01
  ],
  ""type"": ""Point""
}","{
  ""coordinates"": [
    -83.060763874,
    42.345523402
  ],
  ""type"": ""Point""
}",-83.060763874,42.345523402
4325,1211371,CARLISE,CRUSADE,2017-10-31,31,10,2017,19,3,5,9,,,3,,1,1,4,25,2,2,0,5,0,0,0,0,true,,false,false,true,false,false,,,,,,false,false,false,,,false,false,false,false,false,-82.96072,42.4491,"{
  ""coordinates"": [
    -8.296072751500000e+01,
    4.244909725000010e+01
  ],
  ""type"": ""Point""
}","{
  ""coordinates"": [
    -82.960727515,
    42.44909725
  ],
  ""type"": ""Point""
}",-82.960727515,42.4490972500001
4326,1178509,VAN DYKE,7 MILE,2017-10-31,31,10,2017,14,3,3,3,,1,0,,1,2,1,35,5,3,2,5,0,0,0,0,true,,false,false,true,false,false,,,,,,false,false,false,,,false,false,false,false,false,-83.02426,42.43418,"{
  ""coordinates"": [
    -8.302425892100000e+01,
    4.243417634000010e+01
  ],
  ""type"": ""Point""
}","{
  ""coordinates"": [
    -83.024258921,
    42.43417634
  ],
  ""type"": ""Point""
}",-83.024258921,42.4341763400001
4327,1178495,VERNOR,CHENE,2017-10-31,31,10,2017,8,3,5,9,,4,0,,1,1,1,15,1,2,3,5,0,0,0,0,true,,false,false,false,false,false,,,,,,false,false,true,,,false,false,false,false,false,-83.0303,42.34987,"{
  ""coordinates"": [
    -8.303030642300000e+01,
    4.234987292600000e+01
  ],
  ""type"": ""Point""
}","{
  ""coordinates"": [
    -83.030306423,
    42.349872926
  ],
  ""type"": ""Point""
}",-83.030306423,42.349872926
4328,1179523,7 MILE,HOOVER,2017-10-31,31,10,2017,4,3,1,3,,4,0,,1,2,4,30,5,1,3,5,0,0,0,0,true,,false,false,false,false,false,,,,,,false,false,false,,,false,false,false,false,false,-83.00442,42.43444,"{
  ""coordinates"": [
    -8.300441625099999e+01,
    4.243444095000010e+01
  ],
  ""type"": ""Point""
}","{
  ""coordinates"": [
    -83.004416251,
    42.43444095
  ],
  ""type"": ""Point""
}",-83.004416251,42.4344409500001
4329,1180780,TELEGRAPH,CLARITA,2017-10-31,31,10,2017,14,3,4,2,,1,0,,1,1,1,0,4,2,2,3,0,0,2,0,false,,false,false,false,false,false,,,,,,false,false,true,,,false,false,false,false,false,-83.27788,42.42638,"{
  ""coordinates"": [
    -8.327788137300000e+01,
    4.242637870000000e+01
  ],
  ""type"": ""Point""
}","{
  ""coordinates"": [
    -83.277881373,
    42.4263787
  ],
  ""type"": ""Point""
}",-83.277881373,42.4263787
4330,1178510,CONANT,EMERY,2017-10-31,31,10,2017,20,3,8,9,,4,0,,1,1,4,30,2,2,4,4,0,0,0,3,false,,false,false,true,false,false,,,,,,false,true,false,,,false,false,false,false,false,-83.07552,42.4355,"{
  ""coordinates"": [
    -8.307552110300000e+01,
    4.243550112600010e+01
  ],
  ""type"": ""Point""
}","{
  ""coordinates"": [
    -83.075521103,
    42.435501126
  ],
  ""type"": ""Point""
}",-83.075521103,42.4355011260001
4331,1218072,HEYDEN,EATON,2017-10-31,31,10,2017,9,3,2,9,,,2,,1,2,1,25,2,2,2,5,0,0,0,0,true,,false,false,false,false,false,,,,,,false,false,false,,,false,true,false,false,false,-83.2393,42.39509,"{
  ""coordinates"": [
    -8.323930074799991e+01,
    4.239508851100000e+01
  ],
  ""type"": ""Point""
}","{
  ""coordinates"": [
    -83.239300748,
    42.395088511
  ],
  ""type"": ""Point""
}",-83.2393007479999,42.395088511
4332,1197334,KINGSVILLE,ROSSITER,2017-10-31,31,10,2017,8,3,4,9,,,0,,2,4,1,25,2,2,2,4,0,0,0,1,false,,false,false,false,false,false,,,,,,false,false,false,,,false,false,false,false,false,-82.9436,42.43264,"{
  ""coordinates"": [
    -8.294360686900001e+01,
    4.243264352400010e+01
  ],
  ""type"": ""Point""
}","{
  ""coordinates"": [
    -82.943606869,
    42.432643524
  ],
  ""type"": ""Point""
}",-82.943606869,42.4326435240001
4333,1179551,WARREN,WOODWARD,2017-10-31,31,10,2017,18,3,10,3,,4,0,,1,2,4,30,4,2,2,5,0,0,0,0,true,,false,false,false,false,false,,,,,,false,false,true,,,false,false,false,false,false,-83.06429,42.35679,"{
  ""coordinates"": [
    -8.306428199100000e+01,
    4.235679145600010e+01
  ],
  ""type"": ""Point""
}","{
  ""coordinates"": [
    -83.064281991,
    42.356791456
  ],
  ""type"": ""Point""
}",-83.064281991,42.3567914560001
4334,1179505,PLYMOUTH,SOUTHFIELD SERVICE DRIVE,2017-10-31,31,10,2017,8,3,5,9,,4,0,,2,2,1,35,6,3,4,4,0,0,0,4,false,,false,false,false,false,false,,,,,,false,false,false,,,false,false,false,false,false,-83.21639,42.37226,"{
  ""coordinates"": [
    -8.321639311300000e+01,
    4.237226514200010e+01
  ],
  ""type"": ""Point""
}","{
  ""coordinates"": [
    -83.216393113,
    42.372265142
  ],
  ""type"": ""Point""
}",-83.216393113,42.3722651420001