ObjectId,Crash ID,Primary Road,Intersecting Road,Crash Date,Day,Month,Year,Hour,Weekday,Crash Type Code,Highway Classification Code,Community Code,Jurisdiction Code,Lane Departure Type Code,Surface Type,Road Condition,Weather Condition,Lighting Condition,Speed Limit,Lanes,Units,Occupants,Most Severe Injury,Fatal Injuries,Suspected Serious Injuries,Suspected Minor Injuries,Possible Injuries,Property Damage Only,Secondary Crash,Traffic Control,Red Light Run,Hit and Run,Alcohol,Drugs,Unbelted Person,Work Zone,Speeding Driver,Distracted Driver,Driveway,Pedestrian,Elderly Driver,Young Driver,Commercial Vehicle,Emergency Vehicles,Train,School Bus,Motorcycle,Bicycle,Deer,Longitude,Latitude,geom,geog,x,y
4335,1182402,I 96,M39,2017-10-31,31,10,2017,6,3,1,1,,1,1,,2,4,4,70,3,1,1,5,0,0,0,0,true,,false,false,false,false,false,,,,,,false,false,false,,,false,false,false,false,false,-83.21861,42.37878,"{
  ""coordinates"": [
    -8.321860684799999e+01,
    4.237877832200010e+01
  ],
  ""type"": ""Point""
}","{
  ""coordinates"": [
    -83.218606848,
    42.378778322
  ],
  ""type"": ""Point""
}",-83.218606848,42.3787783220001
4336,1179525,WHITTIER,LAKEPOINTE,2017-10-31,31,10,2017,15,3,5,9,,4,0,,1,1,1,30,2,2,5,5,0,0,0,0,true,,false,false,true,false,false,,,,,,false,false,false,,,false,false,false,false,false,-82.95411,42.41738,"{
  ""coordinates"": [
    -8.295411294900001e+01,
    4.241738063400000e+01
  ],
  ""type"": ""Point""
}","{
  ""coordinates"": [
    -82.954112949,
    42.417380634
  ],
  ""type"": ""Point""
}",-82.954112949,42.417380634
4337,1178490,TRUMBULL,FOREST,2017-10-31,31,10,2017,10,3,5,9,,4,0,,1,2,1,30,2,2,2,4,0,0,0,1,false,,false,false,false,false,false,,,,,,false,false,false,,,false,false,false,false,false,-83.07872,42.3521,"{
  ""coordinates"": [
    -8.307872376300000e+01,
    4.235210059000010e+01
  ],
  ""type"": ""Point""
}","{
  ""coordinates"": [
    -83.078723763,
    42.35210059
  ],
  ""type"": ""Point""
}",-83.078723763,42.3521005900001
4338,1182349,I-94,MT ELLIOT,2017-10-31,31,10,2017,7,3,1,1,,1,0,,1,1,4,55,3,1,1,5,0,0,0,0,true,,false,false,false,false,false,,,,,,false,false,false,,,false,false,false,false,false,-83.03361,42.37947,"{
  ""coordinates"": [
    -8.303360569900001e+01,
    4.237947328400000e+01
  ],
  ""type"": ""Point""
}","{
  ""coordinates"": [
    -83.033605699,
    42.379473284
  ],
  ""type"": ""Point""
}",-83.033605699,42.379473284
4339,1178502,DAVISON,EWALD,2017-10-31,31,10,2017,10,3,1,3,,1,0,,1,1,1,35,2,2,2,4,0,0,0,1,false,,false,false,false,false,false,,,,,,true,false,true,,,false,false,false,false,false,-83.14542,42.38641,"{
  ""coordinates"": [
    -8.314541873600000e+01,
    4.238641066100010e+01
  ],
  ""type"": ""Point""
}","{
  ""coordinates"": [
    -83.145418736,
    42.386410661
  ],
  ""type"": ""Point""
}",-83.145418736,42.3864106610001
4340,1178496,LAFAYETTE,RIVARD,2017-10-31,31,10,2017,17,3,4,9,,4,0,,1,1,1,35,2,2,1,5,0,0,0,0,true,,false,false,true,false,false,,,,,,false,false,false,,,false,false,false,false,false,-83.03627,42.33633,"{
  ""coordinates"": [
    -8.303626964199999e+01,
    4.233632918300000e+01
  ],
  ""type"": ""Point""
}","{
  ""coordinates"": [
    -83.036269642,
    42.336329183
  ],
  ""type"": ""Point""
}",-83.036269642,42.336329183
4341,1178525,8 MILE,HUBBELL,2017-10-31,31,10,2017,14,3,5,3,,1,0,,1,2,1,35,4,2,1,5,0,0,0,0,true,,false,false,true,false,false,,,,,,false,false,false,,,false,false,false,false,false,-83.19082,42.445,"{
  ""coordinates"": [
    -8.319082142400001e+01,
    4.244500362000010e+01
  ],
  ""type"": ""Point""
}","{
  ""coordinates"": [
    -83.190821424,
    42.44500362
  ],
  ""type"": ""Point""
}",-83.190821424,42.4450036200001
4342,1179516,7 MILE,PREST,2017-10-31,31,10,2017,18,3,8,9,,2,0,,1,1,4,35,5,2,2,5,0,0,0,0,true,,false,false,false,false,false,,,,,,false,true,false,,,false,false,false,false,false,-83.19872,42.43045,"{
  ""coordinates"": [
    -8.319871798000000e+01,
    4.243045496300000e+01
  ],
  ""type"": ""Point""
}","{
  ""coordinates"": [
    -83.19871798,
    42.430454963
  ],
  ""type"": ""Point""
}",-83.19871798,42.430454963
4343,1178506,DAVISON,MOUND,2017-10-31,31,10,2017,11,3,5,9,,2,0,,1,1,1,35,4,2,3,4,0,0,0,2,false,,false,false,false,false,false,,,,,,false,false,false,,,false,false,false,false,false,-83.04322,42.42247,"{
  ""coordinates"": [
    -8.304322220700000e+01,
    4.242247146600000e+01
  ],
  ""type"": ""Point""
}","{
  ""coordinates"": [
    -83.043222207,
    42.422471466
  ],
  ""type"": ""Point""
}",-83.043222207,42.422471466
4344,1182355,I 96,M39,2017-10-31,31,10,2017,7,3,97,1,,1,0,,2,4,4,70,3,1,1,5,0,0,0,0,true,,false,false,true,false,false,,,,,,false,false,false,,,false,false,false,false,false,-83.21861,42.37878,"{
  ""coordinates"": [
    -8.321860684799999e+01,
    4.237877832200010e+01
  ],
  ""type"": ""Point""
}","{
  ""coordinates"": [
    -83.218606848,
    42.378778322
  ],
  ""type"": ""Point""
}",-83.218606848,42.3787783220001
4345,1182499,JOY,COYLE,2017-10-31,31,10,2017,14,3,5,9,,4,0,,1,1,1,35,2,2,3,5,0,0,0,0,true,,false,false,true,false,false,,,,,,false,false,false,,,false,false,false,false,false,-83.19276,42.35823,"{
  ""coordinates"": [
    -8.319276798300000e+01,
    4.235822795200000e+01
  ],
  ""type"": ""Point""
}","{
  ""coordinates"": [
    -83.192767983,
    42.358227952
  ],
  ""type"": ""Point""
}",-83.192767983,42.358227952
4346,1178492,WOODWARD,LEICESTER,2017-10-31,31,10,2017,17,3,5,3,,1,0,,1,2,1,35,4,2,2,5,0,0,0,0,true,,false,false,false,false,false,,,,,,false,false,false,,,false,false,false,false,false,-83.08229,42.38365,"{
  ""coordinates"": [
    -8.308228898800000e+01,
    4.238364832600010e+01
  ],
  ""type"": ""Point""
}","{
  ""coordinates"": [
    -83.082288988,
    42.383648326
  ],
  ""type"": ""Point""
}",-83.082288988,42.3836483260001
4347,1177702,CONNER,WHITHORN,2017-10-30,30,10,2017,19,2,1,9,,4,1,,1,1,4,35,5,1,1,3,0,0,1,0,false,,false,false,false,true,false,,,,,,false,false,false,,,false,false,false,false,false,-83.00513,42.41083,"{
  ""coordinates"": [
    -8.300513827200000e+01,
    4.241083263500010e+01
  ],
  ""type"": ""Point""
}","{
  ""coordinates"": [
    -83.005138272,
    42.410832635
  ],
  ""type"": ""Point""
}",-83.005138272,42.4108326350001
4348,1178514,HUBBELL,OUTER,2017-10-30,30,10,2017,15,2,4,9,,4,0,,1,1,1,30,2,2,2,5,0,0,0,0,true,,false,false,false,false,false,,,,,,false,true,true,,,false,false,false,false,false,-83.18964,42.42006,"{
  ""coordinates"": [
    -8.318964739099989e+01,
    4.242006364500000e+01
  ],
  ""type"": ""Point""
}","{
  ""coordinates"": [
    -83.189647391,
    42.420063645
  ],
  ""type"": ""Point""
}",-83.1896473909999,42.420063645
4349,1230736,MCNICHOLS,SHAFTSBURY,2017-10-30,30,10,2017,19,2,97,9,,2,0,,1,2,4,35,4,2,2,5,0,0,0,0,true,,false,false,false,false,false,,,,,,false,false,true,,,false,false,false,false,false,-83.23047,42.41533,"{
  ""coordinates"": [
    -8.323047045600001e+01,
    4.241533002500010e+01
  ],
  ""type"": ""Point""
}","{
  ""coordinates"": [
    -83.230470456,
    42.415330025
  ],
  ""type"": ""Point""
}",-83.230470456,42.4153300250001
4350,1177701,PROMENADE,HAYES,2017-10-30,30,10,2017,10,2,4,9,,,0,,1,2,1,25,3,2,2,4,0,0,0,1,false,,true,false,false,false,false,,,,,,false,true,false,,,false,false,false,false,false,-82.96472,42.41361,"{
  ""coordinates"": [
    -8.296471790299999e+01,
    4.241360866400000e+01
  ],
  ""type"": ""Point""
}","{
  ""coordinates"": [
    -82.964717903,
    42.413608664
  ],
  ""type"": ""Point""
}",-82.964717903,42.413608664
4351,1178522,MUIRLAND,GROVE,2017-10-30,30,10,2017,0,2,98,9,,,0,,98,98,98,0,2,2,1,5,0,0,0,0,true,,false,false,true,false,false,,,,,,false,true,false,,,false,false,false,false,false,-83.13396,42.41464,"{
  ""coordinates"": [
    -8.313395730199990e+01,
    4.241464231000000e+01
  ],
  ""type"": ""Point""
}","{
  ""coordinates"": [
    -83.133957302,
    42.41464231
  ],
  ""type"": ""Point""
}",-83.1339573019999,42.41464231
4352,1177616,N M 39,PURITAN,2017-10-30,30,10,2017,18,2,1,3,,1,1,,2,2,1,55,3,1,1,4,0,0,0,1,false,,false,false,false,false,false,,,,,,false,false,false,,,false,false,false,false,false,-83.21861,42.40968,"{
  ""coordinates"": [
    -8.321860664000000e+01,
    4.240968113800010e+01
  ],
  ""type"": ""Point""
}","{
  ""coordinates"": [
    -83.21860664,
    42.409681138
  ],
  ""type"": ""Point""
}",-83.21860664,42.4096811380001
4353,1177667,FORT,TORONTO,2017-10-30,30,10,2017,12,2,5,3,,1,0,,1,2,1,35,4,2,2,5,0,0,0,0,true,,false,false,true,false,false,,,,,,false,false,true,,,false,false,false,false,false,-83.15282,42.27954,"{
  ""coordinates"": [
    -8.315282617699999e+01,
    4.227954042000000e+01
  ],
  ""type"": ""Point""
}","{
  ""coordinates"": [
    -83.152826177,
    42.27954042
  ],
  ""type"": ""Point""
}",-83.152826177,42.27954042
4354,1177662,WYOMING,FENKELL,2017-10-30,30,10,2017,9,2,5,9,,4,0,,1,1,1,35,3,2,1,4,0,0,0,1,false,,false,false,true,false,false,,,,,,false,false,false,,,false,false,false,false,false,-83.15971,42.40285,"{
  ""coordinates"": [
    -8.315970356600000e+01,
    4.240285466200000e+01
  ],
  ""type"": ""Point""
}","{
  ""coordinates"": [
    -83.159703566,
    42.402854662
  ],
  ""type"": ""Point""
}",-83.159703566,42.402854662
4355,1177710,N I 75,DAVISON,2017-10-30,30,10,2017,16,2,5,1,,1,0,,1,1,1,65,6,2,2,5,0,0,0,0,true,,false,false,false,false,false,,,,,,false,false,false,,,false,false,false,false,false,-83.07911,42.40853,"{
  ""coordinates"": [
    -8.307910654599991e+01,
    4.240853114900010e+01
  ],
  ""type"": ""Point""
}","{
  ""coordinates"": [
    -83.079106546,
    42.408531149
  ],
  ""type"": ""Point""
}",-83.0791065459999,42.4085311490001
4356,1177625,I-94 E/B,M-10,2017-10-30,30,10,2017,17,2,5,1,,1,0,,1,1,1,55,3,3,4,5,0,0,0,0,true,,false,false,false,false,false,,,,,,false,false,false,,,false,false,false,false,false,-83.08451,42.35469,"{
  ""coordinates"": [
    -8.308451193000001e+01,
    4.235468799500010e+01
  ],
  ""type"": ""Point""
}","{
  ""coordinates"": [
    -83.08451193,
    42.354687995
  ],
  ""type"": ""Point""
}",-83.08451193,42.3546879950001
4357,1178503,DAVISON,MONICA,2017-10-30,30,10,2017,9,2,97,3,,1,0,,2,4,1,35,2,2,5,4,0,0,0,1,false,,false,false,false,false,false,,,,,,false,true,false,,,false,false,false,false,false,-83.14274,42.38638,"{
  ""coordinates"": [
    -8.314273737699990e+01,
    4.238637435400010e+01
  ],
  ""type"": ""Point""
}","{
  ""coordinates"": [
    -83.142737377,
    42.386374354
  ],
  ""type"": ""Point""
}",-83.1427373769999,42.3863743540001
4358,1188447,N M 10,RAMP 122D,2017-10-30,30,10,2017,1,2,8,3,,1,0,,1,1,4,55,3,3,4,5,0,0,0,0,true,,false,false,true,false,false,,,,,,false,false,false,,,false,false,false,false,false,-83.06365,42.3345,"{
  ""coordinates"": [
    -8.306365063399990e+01,
    4.233449775600010e+01
  ],
  ""type"": ""Point""
}","{
  ""coordinates"": [
    -83.063650634,
    42.334497756
  ],
  ""type"": ""Point""
}",-83.0636506339999,42.3344977560001
4359,1240901,E/B I-94,I-75,2017-10-30,30,10,2017,14,2,8,1,,1,0,,1,1,1,55,3,2,2,5,0,0,0,0,true,,false,false,true,false,false,,,,,,false,false,false,,,false,false,false,false,false,-83.05576,42.36997,"{
  ""coordinates"": [
    -8.305576338199999e+01,
    4.236997271700010e+01
  ],
  ""type"": ""Point""
}","{
  ""coordinates"": [
    -83.055763382,
    42.369972717
  ],
  ""type"": ""Point""
}",-83.055763382,42.3699727170001
4360,1176406,PREST,CHICAGO,2017-10-30,30,10,2017,0,2,5,9,,,0,,1,1,4,30,3,2,1,5,0,0,0,0,true,,false,false,false,false,false,,,,,,false,false,false,,,false,false,false,false,false,-83.19618,42.36539,"{
  ""coordinates"": [
    -8.319618500599999e+01,
    4.236539626500010e+01
  ],
  ""type"": ""Point""
}","{
  ""coordinates"": [
    -83.196185006,
    42.365396265
  ],
  ""type"": ""Point""
}",-83.196185006,42.3653962650001
4361,1177686,JEFFERSON,CANTON,2017-10-30,30,10,2017,7,2,5,9,,4,0,,1,1,1,35,3,4,4,4,0,0,0,1,false,,false,false,false,false,false,,,,,,false,false,false,,,false,false,false,false,false,-83.00427,42.3462,"{
  ""coordinates"": [
    -8.300427124399990e+01,
    4.234619999500010e+01
  ],
  ""type"": ""Point""
}","{
  ""coordinates"": [
    -83.004271244,
    42.346199995
  ],
  ""type"": ""Point""
}",-83.0042712439999,42.3461999950001
4362,1177666,VERNOR,INFANTRY,2017-10-30,30,10,2017,17,2,8,9,,4,0,,2,98,98,30,2,2,2,5,0,0,0,0,true,,false,false,false,false,false,,,,,,false,false,true,,,false,false,false,false,false,-83.11146,42.31558,"{
  ""coordinates"": [
    -8.311145590200000e+01,
    4.231557657800000e+01
  ],
  ""type"": ""Point""
}","{
  ""coordinates"": [
    -83.111455902,
    42.315576578
  ],
  ""type"": ""Point""
}",-83.111455902,42.315576578
4363,1179503,51ST,MICHIGAN,2017-10-30,30,10,2017,13,2,97,2,,,0,,1,1,1,25,3,2,1,5,0,0,0,0,true,,false,false,false,false,false,,,,,,false,false,true,,,false,false,false,false,false,-83.13512,42.33105,"{
  ""coordinates"": [
    -8.313511707500000e+01,
    4.233105413200010e+01
  ],
  ""type"": ""Point""
}","{
  ""coordinates"": [
    -83.135117075,
    42.331054132
  ],
  ""type"": ""Point""
}",-83.135117075,42.3310541320001
4364,1177668,MCGRAW,OGDEN,2017-10-30,30,10,2017,16,2,8,9,,4,0,,2,4,1,30,4,2,1,5,0,0,0,0,true,,false,false,true,false,false,,,,,,false,false,false,,,false,false,false,false,false,-83.14867,42.33231,"{
  ""coordinates"": [
    -8.314867737799990e+01,
    4.233231463200010e+01
  ],
  ""type"": ""Point""
}","{
  ""coordinates"": [
    -83.148677378,
    42.332314632
  ],
  ""type"": ""Point""
}",-83.1486773779999,42.3323146320001
4365,1178512,YACAMA,STATE FAIR,2017-10-30,30,10,2017,20,2,97,9,,,0,,1,1,5,0,2,2,1,3,0,0,1,0,false,,false,false,true,false,false,,,,,,true,false,false,,,false,false,false,false,false,-83.09718,42.43949,"{
  ""coordinates"": [
    -8.309718613000000e+01,
    4.243949188700000e+01
  ],
  ""type"": ""Point""
}","{
  ""coordinates"": [
    -83.09718613,
    42.439491887
  ],
  ""type"": ""Point""
}",-83.09718613,42.439491887
4366,1178507,HARNED,REMINGTON,2017-10-30,30,10,2017,18,2,5,9,,,0,,1,1,1,25,1,2,0,5,0,0,0,0,true,,false,false,true,false,false,,,,,,false,false,false,,,false,false,false,false,false,-83.07394,42.44319,"{
  ""coordinates"": [
    -8.307393268800000e+01,
    4.244318927700000e+01
  ],
  ""type"": ""Point""
}","{
  ""coordinates"": [
    -83.073932688,
    42.443189277
  ],
  ""type"": ""Point""
}",-83.073932688,42.443189277
4367,1177692,MCNICHOLS,FORRER,2017-10-30,30,10,2017,14,2,3,9,,2,0,,2,2,1,0,4,2,1,5,0,0,0,0,true,,false,false,true,false,false,,,,,,false,true,false,,,false,false,false,false,false,-83.20213,42.41591,"{
  ""coordinates"": [
    -8.320212952000000e+01,
    4.241591256800010e+01
  ],
  ""type"": ""Point""
}","{
  ""coordinates"": [
    -83.20212952,
    42.415912568
  ],
  ""type"": ""Point""
}",-83.20212952,42.4159125680001
4368,1177644,N M 10,HAMILTON,2017-10-30,30,10,2017,13,2,1,3,,1,1,,1,1,1,55,3,1,1,5,0,0,0,0,true,,false,false,false,false,false,,,,,,false,true,false,,,false,false,false,false,false,-83.09178,42.38123,"{
  ""coordinates"": [
    -8.309178369900000e+01,
    4.238123347800010e+01
  ],
  ""type"": ""Point""
}","{
  ""coordinates"": [
    -83.091783699,
    42.381233478
  ],
  ""type"": ""Point""
}",-83.091783699,42.3812334780001
4369,1178482,GREENFIELD,PLYMOUTH,2017-10-30,30,10,2017,7,2,8,9,,2,0,,1,2,1,45,3,2,1,5,0,0,0,0,true,,false,false,false,false,false,,,,,,false,false,false,,,false,false,false,false,false,-83.19756,42.3727,"{
  ""coordinates"": [
    -8.319756139700000e+01,
    4.237269745900010e+01
  ],
  ""type"": ""Point""
}","{
  ""coordinates"": [
    -83.197561397,
    42.372697459
  ],
  ""type"": ""Point""
}",-83.197561397,42.3726974590001
4370,1179495,LYNDON,ROBSON,2017-10-30,30,10,2017,14,2,4,9,,4,0,,1,2,1,25,4,2,3,4,0,0,0,2,false,,false,false,false,false,false,,,,,,false,false,true,,,false,false,false,false,false,-83.19262,42.39444,"{
  ""coordinates"": [
    -8.319261690000000e+01,
    4.239443505100010e+01
  ],
  ""type"": ""Point""
}","{
  ""coordinates"": [
    -83.1926169,
    42.394435051
  ],
  ""type"": ""Point""
}",-83.1926169,42.3944350510001
4371,1183736,I-94,M-10,2017-10-30,30,10,2017,8,2,5,1,,1,0,,98,2,1,70,3,2,1,5,0,0,0,0,true,,false,false,false,false,false,,,,,,false,false,false,,,false,false,false,false,false,-83.07479,42.36043,"{
  ""coordinates"": [
    -8.307478774899990e+01,
    4.236043311500000e+01
  ],
  ""type"": ""Point""
}","{
  ""coordinates"": [
    -83.074787749,
    42.360433115
  ],
  ""type"": ""Point""
}",-83.0747877489999,42.360433115
4372,1182157,I-96,WYOMING,2017-10-30,30,10,2017,0,2,8,1,,1,0,,1,2,4,70,3,2,1,5,0,0,0,0,true,,false,false,true,false,false,,,,,,false,true,false,,,false,false,false,false,false,-83.15842,42.38543,"{
  ""coordinates"": [
    -8.315842702899990e+01,
    4.238542618800010e+01
  ],
  ""type"": ""Point""
}","{
  ""coordinates"": [
    -83.158427029,
    42.385426188
  ],
  ""type"": ""Point""
}",-83.1584270289999,42.3854261880001
4373,1178498,SOUTHFIELD SERVICE DRIVE,OUTER,2017-10-30,30,10,2017,20,2,97,9,,4,0,,2,4,4,30,4,2,1,5,0,0,0,0,true,,false,false,false,false,false,,,,,,false,false,false,,,false,false,false,false,false,-83.21865,42.41907,"{
  ""coordinates"": [
    -8.321864873500000e+01,
    4.241906914000000e+01
  ],
  ""type"": ""Point""
}","{
  ""coordinates"": [
    -83.218648735,
    42.41906914
  ],
  ""type"": ""Point""
}",-83.218648735,42.41906914
4374,1202506,MACK,COURVILLE,2017-10-30,30,10,2017,17,2,4,9,,2,0,,1,1,1,30,4,2,2,5,0,0,0,0,true,,false,false,false,false,false,,,,,,false,false,true,,,false,false,false,false,false,-82.93144,42.39125,"{
  ""coordinates"": [
    -8.293144212999989e+01,
    4.239124950500010e+01
  ],
  ""type"": ""Point""
}","{
  ""coordinates"": [
    -82.93144213,
    42.391249505
  ],
  ""type"": ""Point""
}",-82.9314421299999,42.3912495050001
4375,1210626,M-10,LINWOOD,2017-10-30,30,10,2017,1,2,1,3,,1,1,,1,1,4,55,3,1,1,4,0,0,0,1,false,,false,false,false,false,false,,,,,,false,false,false,,,false,false,false,false,false,-83.1188,42.40377,"{
  ""coordinates"": [
    -8.311879472699999e+01,
    4.240377392800010e+01
  ],
  ""type"": ""Point""
}","{
  ""coordinates"": [
    -83.118794727,
    42.403773928
  ],
  ""type"": ""Point""
}",-83.118794727,42.4037739280001
4376,1177706,GRATIOT,COLLINGHAM,2017-10-30,30,10,2017,11,2,8,3,,1,0,,1,2,1,35,7,2,3,5,0,0,0,0,true,,false,false,false,false,false,,,,,,false,true,true,,,false,false,false,false,false,-82.96939,42.44766,"{
  ""coordinates"": [
    -8.296938872100000e+01,
    4.244766307400000e+01
  ],
  ""type"": ""Point""
}","{
  ""coordinates"": [
    -82.969388721,
    42.447663074
  ],
  ""type"": ""Point""
}",-82.969388721,42.447663074
4377,1177673,VERNOR,CAVALRY,2017-10-30,30,10,2017,12,2,9,9,,4,0,,1,2,1,25,1,2,2,5,0,0,0,0,true,,false,false,false,false,false,,,,,,false,false,false,,,false,false,false,false,false,-83.10566,42.31626,"{
  ""coordinates"": [
    -8.310565864499991e+01,
    4.231625717800010e+01
  ],
  ""type"": ""Point""
}","{
  ""coordinates"": [
    -83.105658645,
    42.316257178
  ],
  ""type"": ""Point""
}",-83.1056586449999,42.3162571780001
4378,1177712,7 MILE,N I 75,2017-10-30,30,10,2017,7,2,5,9,,4,0,,1,1,1,0,2,3,2,5,0,0,0,0,true,,false,false,true,false,false,,,,,,false,false,false,,,false,false,false,false,false,-83.09459,42.43249,"{
  ""coordinates"": [
    -8.309458871800000e+01,
    4.243249263400000e+01
  ],
  ""type"": ""Point""
}","{
  ""coordinates"": [
    -83.094588718,
    42.432492634
  ],
  ""type"": ""Point""
}",-83.094588718,42.432492634
4379,1177622,N M 39,CSX TRANSPORTATION,2017-10-30,30,10,2017,16,2,5,3,,1,0,,2,2,1,0,3,2,2,4,0,0,0,1,false,,false,false,false,false,false,,,,,,false,false,false,,,false,false,false,false,false,-83.21702,42.37952,"{
  ""coordinates"": [
    -8.321701499999990e+01,
    4.237951995300010e+01
  ],
  ""type"": ""Point""
}","{
  ""coordinates"": [
    -83.217015,
    42.379519953
  ],
  ""type"": ""Point""
}",-83.2170149999999,42.3795199530001
4380,1179497,BEAUBIEN,MONROE,2017-10-30,30,10,2017,19,2,8,9,,4,0,,1,1,4,25,2,2,3,5,0,0,0,0,true,,false,false,false,false,false,,,,,,false,false,false,,,false,false,false,false,false,-83.04281,42.33526,"{
  ""coordinates"": [
    -8.304280953999999e+01,
    4.233526174200010e+01
  ],
  ""type"": ""Point""
}","{
  ""coordinates"": [
    -83.04280954,
    42.335261742
  ],
  ""type"": ""Point""
}",-83.04280954,42.3352617420001
4381,1193815,LARNED,ST ANTOINE,2017-10-30,30,10,2017,9,2,8,9,,4,0,,1,2,1,35,3,2,2,5,0,0,0,0,true,,false,false,false,false,false,,,,,,false,false,false,,,false,true,false,false,false,-83.0387,42.33225,"{
  ""coordinates"": [
    -8.303870221900000e+01,
    4.233225383700010e+01
  ],
  ""type"": ""Point""
}","{
  ""coordinates"": [
    -83.038702219,
    42.332253837
  ],
  ""type"": ""Point""
}",-83.038702219,42.3322538370001
4382,1185093,GRAND RIVER,LAHSER,2017-10-30,30,10,2017,16,2,4,3,,1,0,,1,1,1,35,4,2,2,5,0,0,0,0,true,,false,false,false,false,false,,,,,,false,false,true,,,false,false,false,false,false,-83.25764,42.4165,"{
  ""coordinates"": [
    -8.325763905500000e+01,
    4.241649551200000e+01
  ],
  ""type"": ""Point""
}","{
  ""coordinates"": [
    -83.257639055,
    42.416495512
  ],
  ""type"": ""Point""
}",-83.257639055,42.416495512
4383,1179501,VERNOR,JUNCTION,2017-10-30,30,10,2017,22,2,4,9,,4,0,,1,2,4,25,2,2,4,5,0,0,0,0,true,,true,true,false,false,false,,,,,,false,false,true,,,false,false,false,false,false,-83.10183,42.31783,"{
  ""coordinates"": [
    -8.310182775800000e+01,
    4.231782488900010e+01
  ],
  ""type"": ""Point""
}","{
  ""coordinates"": [
    -83.101827758,
    42.317824889
  ],
  ""type"": ""Point""
}",-83.101827758,42.3178248890001
4384,1182339,I-75,GREEN,2017-10-30,30,10,2017,12,2,5,1,,1,0,,1,2,1,55,1,2,4,5,0,0,0,0,true,,false,false,false,false,false,,,,,,false,false,false,,,false,false,false,false,false,-83.11226,42.30439,"{
  ""coordinates"": [
    -8.311225823900000e+01,
    4.230438834200000e+01
  ],
  ""type"": ""Point""
}","{
  ""coordinates"": [
    -83.112258239,
    42.304388342
  ],
  ""type"": ""Point""
}",-83.112258239,42.304388342
4385,1177639,I 75,DAVISON,2017-10-30,30,10,2017,5,2,5,1,,1,0,,1,1,5,70,3,2,1,5,0,0,0,0,true,,false,false,true,false,false,,,,,,false,true,false,,,false,false,false,false,false,-83.08527,42.41493,"{
  ""coordinates"": [
    -8.308526653599991e+01,
    4.241493199700010e+01
  ],
  ""type"": ""Point""
}","{
  ""coordinates"": [
    -83.085266536,
    42.414931997
  ],
  ""type"": ""Point""
}",-83.0852665359999,42.4149319970001
4386,1178483,CASS,HANCOCK,2017-10-30,30,10,2017,11,2,98,9,,4,0,,1,2,1,35,2,2,1,5,0,0,0,0,true,,false,false,true,false,false,,,,,,false,false,false,,,false,false,false,false,false,-83.06606,42.35494,"{
  ""coordinates"": [
    -8.306605458699990e+01,
    4.235494358700000e+01
  ],
  ""type"": ""Point""
}","{
  ""coordinates"": [
    -83.066054587,
    42.354943587
  ],
  ""type"": ""Point""
}",-83.0660545869999,42.354943587
4387,1177685,GRATIOT,CHENE,2017-10-30,30,10,2017,14,2,4,3,,1,0,,1,1,1,30,3,2,2,5,0,0,0,0,true,,false,false,false,false,false,,,,,,false,true,false,,,false,false,false,false,false,-83.03204,42.3525,"{
  ""coordinates"": [
    -8.303204171100001e+01,
    4.235250160900010e+01
  ],
  ""type"": ""Point""
}","{
  ""coordinates"": [
    -83.032041711,
    42.352501609
  ],
  ""type"": ""Point""
}",-83.032041711,42.3525016090001
4388,1177669,MCGRAW,SAINT LAWRENCE,2017-10-30,30,10,2017,15,2,2,9,,4,2,,1,2,1,30,4,2,2,3,0,0,1,1,false,,false,false,false,false,false,,,,,,false,false,true,,,false,false,false,false,false,-83.14538,42.33364,"{
  ""coordinates"": [
    -8.314538092200000e+01,
    4.233363968600000e+01
  ],
  ""type"": ""Point""
}","{
  ""coordinates"": [
    -83.145380922,
    42.333639686
  ],
  ""type"": ""Point""
}",-83.145380922,42.333639686
4389,1195190,W I 96,GRAND RIVER,2017-10-30,30,10,2017,0,2,97,1,,1,0,,1,1,4,55,4,2,4,5,0,0,0,0,true,,false,false,false,false,false,,,,,,false,false,true,,,false,false,false,false,false,-83.17645,42.38375,"{
  ""coordinates"": [
    -8.317644378200001e+01,
    4.238374561400010e+01
  ],
  ""type"": ""Point""
}","{
  ""coordinates"": [
    -83.176443782,
    42.383745614
  ],
  ""type"": ""Point""
}",-83.176443782,42.3837456140001
4390,1183924,JEFFERSON,BEAUBIEN,2017-10-30,30,10,2017,11,2,8,4,,1,0,,1,1,1,35,4,2,2,5,0,0,0,0,true,,false,false,false,false,false,,,,,,false,true,false,,,false,false,false,false,false,-83.04015,42.33074,"{
  ""coordinates"": [
    -8.304015276000000e+01,
    4.233074354900000e+01
  ],
  ""type"": ""Point""
}","{
  ""coordinates"": [
    -83.04015276,
    42.330743549
  ],
  ""type"": ""Point""
}",-83.04015276,42.330743549
4391,1179506,WOODMONT,KENDALL,2017-10-30,30,10,2017,9,2,10,9,,,0,,1,1,1,25,2,2,0,5,0,0,0,0,true,,false,false,true,false,false,,,,,,false,false,false,,,false,false,false,false,false,-83.20938,42.38898,"{
  ""coordinates"": [
    -8.320938191099999e+01,
    4.238897886500010e+01
  ],
  ""type"": ""Point""
}","{
  ""coordinates"": [
    -83.209381911,
    42.388978865
  ],
  ""type"": ""Point""
}",-83.209381911,42.3889788650001