ObjectId,Crash ID,Primary Road,Intersecting Road,Crash Date,Day,Month,Year,Hour,Weekday,Crash Type Code,Highway Classification Code,Community Code,Jurisdiction Code,Lane Departure Type Code,Surface Type,Road Condition,Weather Condition,Lighting Condition,Speed Limit,Lanes,Units,Occupants,Most Severe Injury,Fatal Injuries,Suspected Serious Injuries,Suspected Minor Injuries,Possible Injuries,Property Damage Only,Secondary Crash,Traffic Control,Red Light Run,Hit and Run,Alcohol,Drugs,Unbelted Person,Work Zone,Speeding Driver,Distracted Driver,Driveway,Pedestrian,Elderly Driver,Young Driver,Commercial Vehicle,Emergency Vehicles,Train,School Bus,Motorcycle,Bicycle,Deer,Longitude,Latitude,geom,geog,x,y
4448,1198195,I-94,GRAND RIVER,2017-10-29,29,10,2017,1,1,8,1,,1,0,,1,1,4,55,3,2,2,5,0,0,0,0,true,,false,false,true,false,false,,,,,,false,false,true,,,false,false,false,false,false,-83.09591,42.35112,"{
  ""coordinates"": [
    -8.309591094900000e+01,
    4.235111890100010e+01
  ],
  ""type"": ""Point""
}","{
  ""coordinates"": [
    -83.095910949,
    42.351118901
  ],
  ""type"": ""Point""
}",-83.095910949,42.3511189010001
4449,1176401,M-10,WARREN,2017-10-29,29,10,2017,3,1,5,3,,1,0,,1,1,4,55,3,2,1,5,0,0,0,0,true,,false,false,true,false,false,,,,,,false,false,false,,,false,false,false,false,false,-83.07262,42.35252,"{
  ""coordinates"": [
    -8.307262774700000e+01,
    4.235252391400010e+01
  ],
  ""type"": ""Point""
}","{
  ""coordinates"": [
    -83.072627747,
    42.352523914
  ],
  ""type"": ""Point""
}",-83.072627747,42.3525239140001
4450,1176444,IOWA,CLIFF,2017-10-29,29,10,2017,4,1,5,9,,,0,,98,98,98,25,1,2,0,5,0,0,0,0,true,,false,false,true,false,false,,,,,,false,false,false,,,false,false,false,false,false,-83.02824,42.42508,"{
  ""coordinates"": [
    -8.302823592700000e+01,
    4.242508237700010e+01
  ],
  ""type"": ""Point""
}","{
  ""coordinates"": [
    -83.028235927,
    42.425082377
  ],
  ""type"": ""Point""
}",-83.028235927,42.4250823770001
4451,1176437,AUGUST,GRATIOT,2017-10-29,29,10,2017,11,1,97,3,,,0,,1,1,1,35,7,3,3,4,0,0,0,1,false,,false,false,true,false,false,,,,,,false,false,false,,,false,false,false,false,false,-82.98881,42.41819,"{
  ""coordinates"": [
    -8.298880599700000e+01,
    4.241818996700000e+01
  ],
  ""type"": ""Point""
}","{
  ""coordinates"": [
    -82.988805997,
    42.418189967
  ],
  ""type"": ""Point""
}",-82.988805997,42.418189967
4452,1180731,I-96,SCHAEFER,2017-10-29,29,10,2017,23,1,5,1,,1,0,,1,2,4,55,3,2,3,5,0,0,0,0,true,,false,false,false,false,false,,,,,,false,true,false,,,false,false,false,false,false,-83.17648,42.38374,"{
  ""coordinates"": [
    -8.317648160800000e+01,
    4.238373738200000e+01
  ],
  ""type"": ""Point""
}","{
  ""coordinates"": [
    -83.176481608,
    42.383737382
  ],
  ""type"": ""Point""
}",-83.176481608,42.383737382
4453,1191528,SCHOENHERR,8 MILE,2017-10-29,29,10,2017,1,1,2,3,,4,0,,1,1,4,35,4,2,1,5,0,0,0,0,true,,false,false,true,false,false,,,,,,false,false,false,,,false,false,false,false,false,-82.98565,42.44923,"{
  ""coordinates"": [
    -8.298565159000000e+01,
    4.244922850900010e+01
  ],
  ""type"": ""Point""
}","{
  ""coordinates"": [
    -82.98565159,
    42.449228509
  ],
  ""type"": ""Point""
}",-82.98565159,42.4492285090001
4454,1272451,RUSSELL,DIVISION,2017-10-29,29,10,2017,19,1,8,9,,4,0,,1,1,1,25,2,2,0,5,0,0,0,0,true,,false,false,true,false,false,,,,,,false,false,false,,,false,false,false,false,false,-83.041,42.34717,"{
  ""coordinates"": [
    -8.304099721499990e+01,
    4.234716770600010e+01
  ],
  ""type"": ""Point""
}","{
  ""coordinates"": [
    -83.040997215,
    42.347167706
  ],
  ""type"": ""Point""
}",-83.0409972149999,42.3471677060001
4455,1214342,8 MILE,MOUND,2017-10-29,29,10,2017,5,1,4,3,,1,0,,1,1,4,35,6,2,2,5,0,0,0,0,true,,true,true,false,false,false,,,,,,false,false,false,,,false,false,false,false,false,-83.04407,42.44778,"{
  ""coordinates"": [
    -8.304406624900000e+01,
    4.244777615500000e+01
  ],
  ""type"": ""Point""
}","{
  ""coordinates"": [
    -83.044066249,
    42.447776155
  ],
  ""type"": ""Point""
}",-83.044066249,42.447776155
4456,1178519,WYOMING,CHIPPEWA,2017-10-29,29,10,2017,1,1,4,9,,4,0,,1,1,4,30,5,2,2,4,0,0,0,1,false,,false,false,true,false,false,,,,,,false,false,true,,,false,false,false,false,false,-83.16131,42.44094,"{
  ""coordinates"": [
    -8.316131028300001e+01,
    4.244093631500000e+01
  ],
  ""type"": ""Point""
}","{
  ""coordinates"": [
    -83.161310283,
    42.440936315
  ],
  ""type"": ""Point""
}",-83.161310283,42.440936315
4457,1250702,TELEGRAPH,MCNICHOLS,2017-10-29,29,10,2017,22,1,8,2,,1,0,,4,5,4,0,6,2,1,5,0,0,0,0,true,,false,false,true,false,false,,,,,,false,false,false,,,false,false,false,false,false,-83.27745,42.41581,"{
  ""coordinates"": [
    -8.327745005199991e+01,
    4.241581464100010e+01
  ],
  ""type"": ""Point""
}","{
  ""coordinates"": [
    -83.277450052,
    42.415814641
  ],
  ""type"": ""Point""
}",-83.2774500519999,42.4158146410001
4458,1177695,7 MILE,PIERSON,2017-10-29,29,10,2017,23,1,4,9,,2,0,,1,1,4,35,4,2,1,5,0,0,0,0,true,,false,false,false,false,false,,,,,,false,false,false,,,false,false,false,false,false,-83.24778,42.42936,"{
  ""coordinates"": [
    -8.324777860599990e+01,
    4.242936145600000e+01
  ],
  ""type"": ""Point""
}","{
  ""coordinates"": [
    -83.247778606,
    42.429361456
  ],
  ""type"": ""Point""
}",-83.2477786059999,42.429361456
4459,1176403,BERKSHIRE,NOTTINGHAM,2017-10-29,29,10,2017,17,1,4,9,,4,0,,98,98,98,25,2,2,2,5,0,0,0,0,true,,false,false,false,false,false,,,,,,false,false,false,,,false,false,false,false,false,-82.95454,42.41047,"{
  ""coordinates"": [
    -8.295453570599990e+01,
    4.241047415900000e+01
  ],
  ""type"": ""Point""
}","{
  ""coordinates"": [
    -82.954535706,
    42.410474159
  ],
  ""type"": ""Point""
}",-82.9545357059999,42.410474159
4460,1179539,RUSSELL,GRATIOT,2017-10-29,29,10,2017,17,1,1,3,,4,0,,1,1,1,30,6,2,2,5,0,0,0,0,true,,false,false,true,false,false,,,,,,false,false,false,,,false,false,false,true,false,-83.03873,42.34364,"{
  ""coordinates"": [
    -8.303873602899991e+01,
    4.234364337700000e+01
  ],
  ""type"": ""Point""
}","{
  ""coordinates"": [
    -83.038736029,
    42.343643377
  ],
  ""type"": ""Point""
}",-83.0387360289999,42.343643377
4461,1176411,GRATIOIT,BEAUBIEN,2017-10-29,29,10,2017,1,1,97,3,,1,0,,1,1,4,35,4,2,2,4,0,0,0,1,false,,false,false,true,false,false,,,,,,false,false,false,,,false,false,false,false,false,-83.04376,42.33701,"{
  ""coordinates"": [
    -8.304376002600000e+01,
    4.233700672800010e+01
  ],
  ""type"": ""Point""
}","{
  ""coordinates"": [
    -83.043760026,
    42.337006728
  ],
  ""type"": ""Point""
}",-83.043760026,42.3370067280001
4462,1186222,OUTER,CONANT,2017-10-29,29,10,2017,18,1,4,9,,2,0,,1,2,4,35,2,2,3,4,0,0,0,1,false,,true,true,false,false,false,,,,,,false,false,false,,,false,false,false,false,false,-83.07891,42.44007,"{
  ""coordinates"": [
    -8.307890721599991e+01,
    4.244007226800010e+01
  ],
  ""type"": ""Point""
}","{
  ""coordinates"": [
    -83.078907216,
    42.440072268
  ],
  ""type"": ""Point""
}",-83.0789072159999,42.4400722680001
4463,1178474,WINDER,WOODWARD,2017-10-29,29,10,2017,11,1,98,3,,,0,,98,98,98,0,2,2,1,5,0,0,0,0,true,,false,false,true,false,false,,,,,,false,false,false,,,false,false,false,false,false,-83.05369,42.34059,"{
  ""coordinates"": [
    -8.305369044299989e+01,
    4.234059101700010e+01
  ],
  ""type"": ""Point""
}","{
  ""coordinates"": [
    -83.053690443,
    42.340591017
  ],
  ""type"": ""Point""
}",-83.0536904429999,42.3405910170001
4464,1174786,MAPLEWOOD,BEECHWOOD,2017-10-29,29,10,2017,2,1,8,9,,,0,,1,1,4,25,1,2,2,5,0,0,0,0,true,,false,false,false,false,false,,,,,,false,false,false,,,false,false,false,false,false,-83.12453,42.36028,"{
  ""coordinates"": [
    -8.312453556199991e+01,
    4.236027355800010e+01
  ],
  ""type"": ""Point""
}","{
  ""coordinates"": [
    -83.124535562,
    42.360273558
  ],
  ""type"": ""Point""
}",-83.1245355619999,42.3602735580001
4465,1211432,DEQUINDRE,MEADE,2017-10-29,29,10,2017,6,1,1,9,,4,0,,1,1,4,30,4,1,3,1,1,1,0,1,false,,false,false,false,false,false,,,,,,false,false,false,,,false,false,false,false,false,-83.07506,42.40642,"{
  ""coordinates"": [
    -8.307505856300000e+01,
    4.240642135700010e+01
  ],
  ""type"": ""Point""
}","{
  ""coordinates"": [
    -83.075058563,
    42.406421357
  ],
  ""type"": ""Point""
}",-83.075058563,42.4064213570001
4466,1176393,N M 10,RAMP 114B,2017-10-29,29,10,2017,19,1,8,3,,1,0,,1,1,4,55,3,2,3,5,0,0,0,0,true,,false,false,false,false,false,,,,,,false,false,true,,,false,false,false,false,false,-83.08582,42.37342,"{
  ""coordinates"": [
    -8.308582523699990e+01,
    4.237342544600010e+01
  ],
  ""type"": ""Point""
}","{
  ""coordinates"": [
    -83.085825237,
    42.373425446
  ],
  ""type"": ""Point""
}",-83.0858252369999,42.3734254460001
4467,1176405,LYNDON,BIRWOOD,2017-10-29,29,10,2017,22,1,5,9,,4,0,,1,1,4,35,4,2,1,5,0,0,0,0,true,,false,false,true,false,false,,,,,,false,false,false,,,false,false,false,false,false,-83.16356,42.39516,"{
  ""coordinates"": [
    -8.316356164200000e+01,
    4.239515709800000e+01
  ],
  ""type"": ""Point""
}","{
  ""coordinates"": [
    -83.163561642,
    42.395157098
  ],
  ""type"": ""Point""
}",-83.163561642,42.395157098
4468,1177684,GARFIELD,MCDOUGALL,2017-10-29,29,10,2017,14,1,10,9,,,0,,1,1,1,15,1,2,2,5,0,0,0,0,true,,false,false,true,false,false,,,,,,false,false,false,,,false,false,false,false,false,-83.03377,42.36436,"{
  ""coordinates"": [
    -8.303376899999989e+01,
    4.236435922600000e+01
  ],
  ""type"": ""Point""
}","{
  ""coordinates"": [
    -83.033769,
    42.364359226
  ],
  ""type"": ""Point""
}",-83.0337689999999,42.364359226
4469,1176462,MONROE,BRUSH,2017-10-29,29,10,2017,1,1,8,3,,4,0,,1,1,4,25,2,2,3,5,0,0,0,0,true,,false,false,true,false,false,,,,,,false,false,false,,,false,false,false,false,false,-83.04436,42.33417,"{
  ""coordinates"": [
    -8.304436256400000e+01,
    4.233416818400010e+01
  ],
  ""type"": ""Point""
}","{
  ""coordinates"": [
    -83.044362564,
    42.334168184
  ],
  ""type"": ""Point""
}",-83.044362564,42.3341681840001
4470,1182493,ALGONQUIN,ESSEX,2017-10-29,29,10,2017,7,1,8,9,,,0,,1,1,5,25,2,2,3,5,0,0,0,0,true,,false,false,false,false,false,,,,,,false,false,true,,,false,false,false,false,false,-82.95193,42.36258,"{
  ""coordinates"": [
    -8.295192735800001e+01,
    4.236258228800010e+01
  ],
  ""type"": ""Point""
}","{
  ""coordinates"": [
    -82.951927358,
    42.362582288
  ],
  ""type"": ""Point""
}",-82.951927358,42.3625822880001
4471,1185059,W I 96 CD,GRAND RIVER,2017-10-29,29,10,2017,23,1,5,1,,1,0,,1,2,4,55,3,4,5,5,0,0,0,0,true,,false,false,false,false,false,,,,,,false,true,true,,,false,false,false,false,false,-83.17622,42.38397,"{
  ""coordinates"": [
    -8.317621366899991e+01,
    4.238396838600000e+01
  ],
  ""type"": ""Point""
}","{
  ""coordinates"": [
    -83.176213669,
    42.383968386
  ],
  ""type"": ""Point""
}",-83.1762136689999,42.383968386
4472,1183878,I-75,DAVISON,2017-10-29,29,10,2017,2,1,97,1,,1,0,,2,1,4,70,4,2,4,5,0,0,0,0,true,,false,false,false,false,false,,,,,,false,false,true,,,false,false,false,false,false,-83.08473,42.41475,"{
  ""coordinates"": [
    -8.308473134799991e+01,
    4.241474887900010e+01
  ],
  ""type"": ""Point""
}","{
  ""coordinates"": [
    -83.084731348,
    42.414748879
  ],
  ""type"": ""Point""
}",-83.0847313479999,42.4147488790001
4473,1176441,BRITAIN,MCKINNEY,2017-10-29,29,10,2017,19,1,4,9,,,0,,1,2,4,25,2,2,6,5,0,0,0,0,true,,true,false,false,false,false,,,,,,false,false,true,,,false,false,false,false,false,-82.94312,42.42045,"{
  ""coordinates"": [
    -8.294311390099990e+01,
    4.242045309000010e+01
  ],
  ""type"": ""Point""
}","{
  ""coordinates"": [
    -82.943113901,
    42.42045309
  ],
  ""type"": ""Point""
}",-82.9431139009999,42.4204530900001
4474,1176460,7 MILE,CHALMERS,2017-10-29,29,10,2017,3,1,3,9,,2,0,,1,1,4,30,3,2,3,5,0,0,0,0,true,,false,false,false,false,false,,,,,,false,false,false,,,false,false,false,false,false,-82.97533,42.43514,"{
  ""coordinates"": [
    -8.297533370799989e+01,
    4.243513809700000e+01
  ],
  ""type"": ""Point""
}","{
  ""coordinates"": [
    -82.975333708,
    42.435138097
  ],
  ""type"": ""Point""
}",-82.9753337079999,42.435138097
4475,1176427,GRATIOT,MT ELLIOT,2017-10-28,28,10,2017,14,7,3,3,,1,0,,1,2,1,35,7,2,4,4,0,0,0,4,false,,false,false,false,false,false,,,,,,false,false,true,,,false,false,false,false,false,-83.02396,42.36484,"{
  ""coordinates"": [
    -8.302395757100000e+01,
    4.236484264400010e+01
  ],
  ""type"": ""Point""
}","{
  ""coordinates"": [
    -83.023957571,
    42.364842644
  ],
  ""type"": ""Point""
}",-83.023957571,42.3648426440001
4476,1176416,JOHN R,GRAND,2017-10-28,28,10,2017,19,7,5,9,,4,0,,1,1,4,35,4,2,1,5,0,0,0,0,true,,false,false,true,false,false,,,,,,false,true,false,,,false,false,false,false,false,-83.07098,42.37091,"{
  ""coordinates"": [
    -8.307097945100000e+01,
    4.237090752800000e+01
  ],
  ""type"": ""Point""
}","{
  ""coordinates"": [
    -83.070979451,
    42.370907528
  ],
  ""type"": ""Point""
}",-83.070979451,42.370907528
4477,1178475,CONGRESS,WASHINGTON,2017-10-28,28,10,2017,23,7,1,9,,4,0,,1,1,4,0,2,1,1,5,0,0,0,0,true,,false,false,false,false,false,,,,,,false,false,false,,,false,false,false,false,false,-83.04942,42.32865,"{
  ""coordinates"": [
    -8.304942228000000e+01,
    4.232865202400010e+01
  ],
  ""type"": ""Point""
}","{
  ""coordinates"": [
    -83.04942228,
    42.328652024
  ],
  ""type"": ""Point""
}",-83.04942228,42.3286520240001
4478,1174707,N M 39,8 MILE,2017-10-28,28,10,2017,11,7,5,3,,1,0,,1,2,1,25,1,2,2,5,0,0,0,0,true,,false,false,false,false,false,,,,,,false,false,false,,,false,false,false,false,false,-83.21963,42.44398,"{
  ""coordinates"": [
    -8.321962836800000e+01,
    4.244397910300010e+01
  ],
  ""type"": ""Point""
}","{
  ""coordinates"": [
    -83.219628368,
    42.443979103
  ],
  ""type"": ""Point""
}",-83.219628368,42.4439791030001
4479,1174690,M-10,LINWOOD,2017-10-28,28,10,2017,8,7,1,3,,1,1,,1,1,1,55,3,1,1,5,0,0,0,0,true,,false,false,false,false,false,,,,,,false,false,false,,,false,false,false,false,false,-83.1219,42.40476,"{
  ""coordinates"": [
    -8.312190370199990e+01,
    4.240475716300010e+01
  ],
  ""type"": ""Point""
}","{
  ""coordinates"": [
    -83.121903702,
    42.404757163
  ],
  ""type"": ""Point""
}",-83.1219037019999,42.4047571630001
4480,1176443,MORANG,CADIEUX,2017-10-28,28,10,2017,19,7,8,9,,4,0,,1,1,1,30,2,2,5,5,0,0,0,0,true,,false,false,false,false,false,,,,,,false,false,false,,,false,false,false,false,false,-82.94045,42.42223,"{
  ""coordinates"": [
    -8.294045232500000e+01,
    4.242222902400000e+01
  ],
  ""type"": ""Point""
}","{
  ""coordinates"": [
    -82.940452325,
    42.422229024
  ],
  ""type"": ""Point""
}",-82.940452325,42.422229024
4481,1174793,MCNICHOLS,RYAN,2017-10-28,28,10,2017,2,7,5,9,,4,0,,2,4,4,35,2,2,3,5,0,0,0,0,true,,false,false,true,false,false,,,,,,false,false,false,,,false,false,false,false,false,-83.0627,42.41869,"{
  ""coordinates"": [
    -8.306270183899990e+01,
    4.241868713700010e+01
  ],
  ""type"": ""Point""
}","{
  ""coordinates"": [
    -83.062701839,
    42.418687137
  ],
  ""type"": ""Point""
}",-83.0627018389999,42.4186871370001
4482,1174725,CADET,DRAGOON,2017-10-28,28,10,2017,15,7,4,9,,,0,,1,1,1,25,2,2,4,5,0,0,0,0,true,,false,false,false,false,false,,,,,,false,true,false,,,false,false,false,false,false,-83.10744,42.31418,"{
  ""coordinates"": [
    -8.310744458399989e+01,
    4.231417737900010e+01
  ],
  ""type"": ""Point""
}","{
  ""coordinates"": [
    -83.107444584,
    42.314177379
  ],
  ""type"": ""Point""
}",-83.1074445839999,42.3141773790001
4483,1174708,GREENFIELD,JOY,2017-10-28,28,10,2017,12,7,97,9,,2,0,,2,4,4,35,5,1,1,5,0,0,0,0,true,,false,false,false,false,false,,,,,,false,false,false,,,false,false,false,false,false,-83.19698,42.35786,"{
  ""coordinates"": [
    -8.319697886499991e+01,
    4.235785918500010e+01
  ],
  ""type"": ""Point""
}","{
  ""coordinates"": [
    -83.196978865,
    42.357859185
  ],
  ""type"": ""Point""
}",-83.1969788649999,42.3578591850001
4484,1176400,I-75,7 MILE,2017-10-28,28,10,2017,0,7,1,1,,1,1,,2,4,4,70,4,1,1,4,0,0,0,1,false,,false,false,false,false,false,,,,,,false,false,false,,,false,false,false,false,false,-83.09422,42.42888,"{
  ""coordinates"": [
    -8.309422102500000e+01,
    4.242887872800000e+01
  ],
  ""type"": ""Point""
}","{
  ""coordinates"": [
    -83.094221025,
    42.428878728
  ],
  ""type"": ""Point""
}",-83.094221025,42.428878728
4485,1177611,N I 75,VERNOR,2017-10-28,28,10,2017,1,7,5,1,,1,0,,2,1,4,55,3,2,3,4,0,0,0,1,false,,false,false,false,false,false,,,,,,false,true,true,,,false,false,false,false,false,-83.08329,42.32465,"{
  ""coordinates"": [
    -8.308328749400000e+01,
    4.232464658000000e+01
  ],
  ""type"": ""Point""
}","{
  ""coordinates"": [
    -83.083287494,
    42.32464658
  ],
  ""type"": ""Point""
}",-83.083287494,42.32464658
4486,1179507,JAMES COUZENS,RAMP 102J,2017-10-28,28,10,2017,12,7,8,3,,1,0,,1,1,1,35,2,2,1,5,0,0,0,0,true,,false,false,true,false,false,,,,,,false,false,false,,,false,false,false,false,false,-83.2001,42.44193,"{
  ""coordinates"": [
    -8.320009849500001e+01,
    4.244192647000010e+01
  ],
  ""type"": ""Point""
}","{
  ""coordinates"": [
    -83.200098495,
    42.44192647
  ],
  ""type"": ""Point""
}",-83.200098495,42.4419264700001
4487,1176424,EVERGREEN,SCHOOLCRAFT,2017-10-28,28,10,2017,23,7,5,9,,4,0,,1,1,4,35,4,2,2,5,0,0,0,0,true,,false,false,true,false,false,,,,,,false,false,false,,,false,false,false,false,false,-83.23685,42.38629,"{
  ""coordinates"": [
    -8.323684829699990e+01,
    4.238628911200000e+01
  ],
  ""type"": ""Point""
}","{
  ""coordinates"": [
    -83.236848297,
    42.386289112
  ],
  ""type"": ""Point""
}",-83.2368482969999,42.386289112
4488,1174780,PARKGROVE,MCCRARY,2017-10-28,28,10,2017,19,7,2,9,,,0,,1,1,4,25,1,2,1,5,0,0,0,0,true,,false,false,false,false,false,,,,,,false,false,false,,,false,false,false,false,false,-82.97042,42.42992,"{
  ""coordinates"": [
    -8.297042378499999e+01,
    4.242992096000010e+01
  ],
  ""type"": ""Point""
}","{
  ""coordinates"": [
    -82.970423785,
    42.42992096
  ],
  ""type"": ""Point""
}",-82.970423785,42.4299209600001
4489,1176397,I-96,GREENFIELD,2017-10-28,28,10,2017,21,7,1,1,,1,1,,1,2,4,70,2,1,2,3,0,0,1,0,false,,false,false,false,false,false,,,,,,false,false,false,,,false,false,false,false,false,-83.20009,42.37923,"{
  ""coordinates"": [
    -8.320008521100000e+01,
    4.237923366600010e+01
  ],
  ""type"": ""Point""
}","{
  ""coordinates"": [
    -83.200085211,
    42.379233666
  ],
  ""type"": ""Point""
}",-83.200085211,42.3792336660001
4490,1176382,RAMP 122N,RAMP 122E,2017-10-28,28,10,2017,2,7,1,3,,1,1,,2,4,4,55,1,1,2,4,0,0,0,2,false,,false,false,false,false,false,,,,,,false,false,true,,,false,false,false,false,false,-83.06258,42.33287,"{
  ""coordinates"": [
    -8.306257450299999e+01,
    4.233287498700000e+01
  ],
  ""type"": ""Point""
}","{
  ""coordinates"": [
    -83.062574503,
    42.332874987
  ],
  ""type"": ""Point""
}",-83.062574503,42.332874987
4491,1174776,MORANG,ROXBURY,2017-10-28,28,10,2017,2,7,9,9,,4,0,,2,4,4,30,4,2,2,4,0,0,0,1,false,,false,false,true,false,false,,,,,,false,false,false,,,false,false,false,false,false,-82.94676,42.42481,"{
  ""coordinates"": [
    -8.294676362500000e+01,
    4.242480810100010e+01
  ],
  ""type"": ""Point""
}","{
  ""coordinates"": [
    -82.946763625,
    42.424808101
  ],
  ""type"": ""Point""
}",-82.946763625,42.4248081010001
4492,1180782,TELEGRAPH,MCNICHOLS,2017-10-28,28,10,2017,10,7,8,2,,1,0,,1,1,1,40,4,2,3,5,0,0,0,0,true,,false,false,false,false,false,,,,,,false,false,false,,,false,false,false,false,false,-83.27696,42.4146,"{
  ""coordinates"": [
    -8.327696596000000e+01,
    4.241459924100010e+01
  ],
  ""type"": ""Point""
}","{
  ""coordinates"": [
    -83.27696596,
    42.414599241
  ],
  ""type"": ""Point""
}",-83.27696596,42.4145992410001
4493,1178497,GREENFIELD,FENKELL,2017-10-28,28,10,2017,18,7,5,9,,2,0,,1,1,1,30,5,2,1,5,0,0,0,0,true,,false,false,false,false,false,,,,,,false,false,false,,,false,false,false,false,false,-83.19869,42.40159,"{
  ""coordinates"": [
    -8.319869444200000e+01,
    4.240159213200010e+01
  ],
  ""type"": ""Point""
}","{
  ""coordinates"": [
    -83.198694442,
    42.401592132
  ],
  ""type"": ""Point""
}",-83.198694442,42.4015921320001
4494,1176442,ALGONAC,7 MILE,2017-10-28,28,10,2017,23,7,97,9,,,0,,1,1,4,25,2,2,0,4,0,0,0,1,false,,false,false,true,false,false,,,,,,true,false,false,,,false,false,false,false,false,-83.01069,42.43427,"{
  ""coordinates"": [
    -8.301069251099990e+01,
    4.243427458800010e+01
  ],
  ""type"": ""Point""
}","{
  ""coordinates"": [
    -83.010692511,
    42.434274588
  ],
  ""type"": ""Point""
}",-83.0106925109999,42.4342745880001
4495,1174800,7 MILE,N I 75,2017-10-28,28,10,2017,22,7,4,9,,4,0,,1,1,4,35,2,2,3,4,0,0,0,2,false,,false,false,false,false,false,,,,,,false,false,false,,,false,false,false,false,false,-83.09467,42.43249,"{
  ""coordinates"": [
    -8.309466859199991e+01,
    4.243248961100010e+01
  ],
  ""type"": ""Point""
}","{
  ""coordinates"": [
    -83.094668592,
    42.432489611
  ],
  ""type"": ""Point""
}",-83.0946685919999,42.4324896110001
4496,1176384,I-94,GRANDRIVER,2017-10-28,28,10,2017,19,7,8,1,,1,0,,1,1,4,55,3,2,3,5,0,0,0,0,true,,false,false,false,false,false,,,,,,false,false,false,,,false,false,false,false,false,-83.09607,42.3512,"{
  ""coordinates"": [
    -8.309606968400000e+01,
    4.235119978800000e+01
  ],
  ""type"": ""Point""
}","{
  ""coordinates"": [
    -83.096069684,
    42.351199788
  ],
  ""type"": ""Point""
}",-83.096069684,42.351199788
4497,1176402,I-94,CONCORD,2017-10-28,28,10,2017,3,7,1,1,,1,1,,2,4,4,55,3,1,1,4,0,0,0,1,false,,false,false,false,false,false,,,,,,false,false,true,,,false,false,false,false,false,-83.0297,42.38365,"{
  ""coordinates"": [
    -8.302970283000001e+01,
    4.238365338400010e+01
  ],
  ""type"": ""Point""
}","{
  ""coordinates"": [
    -83.02970283,
    42.383653384
  ],
  ""type"": ""Point""
}",-83.02970283,42.3836533840001
4498,1178521,CHIPPEWA,WYOMING,2017-10-28,28,10,2017,1,7,4,9,,,0,,1,1,4,0,2,2,2,5,0,0,0,0,true,,true,true,true,false,false,,,,,,false,false,false,,,false,false,false,false,false,-83.16113,42.44093,"{
  ""coordinates"": [
    -8.316113496299990e+01,
    4.244092625200010e+01
  ],
  ""type"": ""Point""
}","{
  ""coordinates"": [
    -83.161134963,
    42.440926252
  ],
  ""type"": ""Point""
}",-83.1611349629999,42.4409262520001
4499,1177663,WOODWARD,MARTIN LUTHER KING JR,2017-10-28,28,10,2017,2,7,4,3,,1,0,,1,1,4,30,3,2,2,5,0,0,0,0,true,,false,false,false,false,false,,,,,,false,false,false,,,false,false,false,false,false,-83.05775,42.3472,"{
  ""coordinates"": [
    -8.305774887900000e+01,
    4.234720375300000e+01
  ],
  ""type"": ""Point""
}","{
  ""coordinates"": [
    -83.057748879,
    42.347203753
  ],
  ""type"": ""Point""
}",-83.057748879,42.347203753
4500,1174764,LAHSER,7 MILE,2017-10-28,28,10,2017,14,7,5,9,,2,0,,1,1,1,30,2,2,2,5,0,0,0,0,true,,false,false,false,false,false,,,,,,false,false,false,,,false,false,false,false,false,-83.25835,42.43051,"{
  ""coordinates"": [
    -8.325835365899999e+01,
    4.243050580600000e+01
  ],
  ""type"": ""Point""
}","{
  ""coordinates"": [
    -83.258353659,
    42.430505806
  ],
  ""type"": ""Point""
}",-83.258353659,42.430505806
4501,1174724,JOHN KRONK,LONYO,2017-10-28,28,10,2017,1,7,4,9,,4,0,,2,4,4,35,6,2,2,5,0,0,0,0,true,,true,true,true,false,false,,,,,,false,false,true,,,false,false,false,false,false,-83.13767,42.32112,"{
  ""coordinates"": [
    -8.313767491399990e+01,
    4.232111629900000e+01
  ],
  ""type"": ""Point""
}","{
  ""coordinates"": [
    -83.137674914,
    42.321116299
  ],
  ""type"": ""Point""
}",-83.1376749139999,42.321116299
4502,1174779,EASTWOOD,CELESTINE,2017-10-28,28,10,2017,14,7,4,9,,,0,,1,1,1,25,1,2,1,4,0,0,0,1,false,,false,false,true,false,false,,,,,,false,false,false,,,false,false,false,false,false,-82.9726,42.43363,"{
  ""coordinates"": [
    -8.297260493499989e+01,
    4.243362869300010e+01
  ],
  ""type"": ""Point""
}","{
  ""coordinates"": [
    -82.972604935,
    42.433628693
  ],
  ""type"": ""Point""
}",-82.9726049349999,42.4336286930001
4503,1178526,7 MILE,HUBBELL,2017-10-28,28,10,2017,7,7,5,9,,2,0,,1,2,3,35,4,2,3,5,0,0,0,0,true,,false,false,true,false,false,,,,,,false,false,false,,,false,false,false,false,false,-83.19028,42.43072,"{
  ""coordinates"": [
    -8.319028815400000e+01,
    4.243071896200010e+01
  ],
  ""type"": ""Point""
}","{
  ""coordinates"": [
    -83.190288154,
    42.430718962
  ],
  ""type"": ""Point""
}",-83.190288154,42.4307189620001
4504,1174799,CONANT,JOS CAMPAU,2017-10-28,28,10,2017,14,7,9,9,,4,0,,1,1,1,30,2,2,1,5,0,0,0,0,true,,false,false,true,false,false,,,,,,false,true,false,,,false,false,false,false,false,-83.07269,42.43159,"{
  ""coordinates"": [
    -8.307268716700000e+01,
    4.243158620300010e+01
  ],
  ""type"": ""Point""
}","{
  ""coordinates"": [
    -83.072687167,
    42.431586203
  ],
  ""type"": ""Point""
}",-83.072687167,42.4315862030001