ObjectId,Crash ID,Primary Road,Intersecting Road,Crash Date,Day,Month,Year,Hour,Weekday,Crash Type Code,Highway Classification Code,Community Code,Jurisdiction Code,Lane Departure Type Code,Surface Type,Road Condition,Weather Condition,Lighting Condition,Speed Limit,Lanes,Units,Occupants,Most Severe Injury,Fatal Injuries,Suspected Serious Injuries,Suspected Minor Injuries,Possible Injuries,Property Damage Only,Secondary Crash,Traffic Control,Red Light Run,Hit and Run,Alcohol,Drugs,Unbelted Person,Work Zone,Speeding Driver,Distracted Driver,Driveway,Pedestrian,Elderly Driver,Young Driver,Commercial Vehicle,Emergency Vehicles,Train,School Bus,Motorcycle,Bicycle,Deer,Longitude,Latitude,geom,geog,x,y
4619,1176380,N M 39,TIREMAN,2017-10-27,27,10,2017,23,6,8,3,,1,0,,2,4,4,55,3,2,2,5,0,0,0,0,true,,false,false,false,false,false,,,,,,false,false,true,,,false,false,false,false,false,-83.21626,42.35062,"{
  ""coordinates"": [
    -8.321626118899999e+01,
    4.235062494100000e+01
  ],
  ""type"": ""Point""
}","{
  ""coordinates"": [
    -83.216261189,
    42.350624941
  ],
  ""type"": ""Point""
}",-83.216261189,42.350624941
4620,1174701,CHICAGO,WYOMING,2017-10-27,27,10,2017,17,6,8,9,,4,0,,2,4,4,35,3,2,2,5,0,0,0,0,true,,false,false,false,false,false,,,,,,false,true,false,,,false,false,false,false,false,-83.16006,42.36616,"{
  ""coordinates"": [
    -8.316006774800000e+01,
    4.236616321800010e+01
  ],
  ""type"": ""Point""
}","{
  ""coordinates"": [
    -83.160067748,
    42.366163218
  ],
  ""type"": ""Point""
}",-83.160067748,42.3661632180001
4621,1174756,GRAND RIVER,RUTHERFORD,2017-10-26,26,10,2017,13,5,4,3,,1,0,,1,1,1,35,4,2,2,4,0,0,0,1,false,,true,false,false,false,false,,,,,,false,true,false,,,false,false,false,false,false,-83.20394,42.39492,"{
  ""coordinates"": [
    -8.320394240800000e+01,
    4.239491559300010e+01
  ],
  ""type"": ""Point""
}","{
  ""coordinates"": [
    -83.203942408,
    42.394915593
  ],
  ""type"": ""Point""
}",-83.203942408,42.3949155930001
4622,1177693,8TH,FORT,2017-10-26,26,10,2017,11,5,8,3,,,0,,1,1,1,25,2,2,2,5,0,0,0,0,true,,false,false,false,false,false,,,,,,false,false,false,,,false,false,false,false,false,-83.06042,42.32505,"{
  ""coordinates"": [
    -8.306042708599990e+01,
    4.232504785900010e+01
  ],
  ""type"": ""Point""
}","{
  ""coordinates"": [
    -83.060427086,
    42.325047859
  ],
  ""type"": ""Point""
}",-83.0604270859999,42.3250478590001
4623,1171877,GRAND RIVER,WARREN,2017-10-26,26,10,2017,2,5,8,3,,1,0,,1,1,4,30,2,2,2,5,0,0,0,0,true,,false,false,false,true,false,,,,,,false,false,false,,,false,false,false,false,false,-83.09,42.34898,"{
  ""coordinates"": [
    -8.308999661500000e+01,
    4.234898137700000e+01
  ],
  ""type"": ""Point""
}","{
  ""coordinates"": [
    -83.089996615,
    42.348981377
  ],
  ""type"": ""Point""
}",-83.089996615,42.348981377
4624,1190637,WARREN,LAMPHERE,2017-10-26,26,10,2017,11,5,5,9,,2,0,,1,1,1,35,4,2,2,5,0,0,0,0,true,,false,false,false,false,false,,,,,,false,false,false,,,false,false,false,false,false,-83.25878,42.34173,"{
  ""coordinates"": [
    -8.325878045300000e+01,
    4.234173234900000e+01
  ],
  ""type"": ""Point""
}","{
  ""coordinates"": [
    -83.258780453,
    42.341732349
  ],
  ""type"": ""Point""
}",-83.258780453,42.341732349
4625,1174773,HAYES,HARPER,2017-10-26,26,10,2017,16,5,4,9,,4,0,,1,1,1,30,4,2,6,4,0,0,0,3,false,,false,false,false,false,false,,,,,,false,false,true,,,false,false,false,false,false,-82.96432,42.40474,"{
  ""coordinates"": [
    -8.296432818400000e+01,
    4.240474498100010e+01
  ],
  ""type"": ""Point""
}","{
  ""coordinates"": [
    -82.964328184,
    42.404744981
  ],
  ""type"": ""Point""
}",-82.964328184,42.4047449810001
4626,1177635,E/B I-96,SCOTTEN,2017-10-26,26,10,2017,2,5,8,1,,1,0,,1,1,4,70,4,2,1,5,0,0,0,0,true,,false,false,true,false,false,,,,,,false,false,false,,,false,false,false,false,false,-83.11461,42.35772,"{
  ""coordinates"": [
    -8.311461089700001e+01,
    4.235771975300000e+01
  ],
  ""type"": ""Point""
}","{
  ""coordinates"": [
    -83.114610897,
    42.357719753
  ],
  ""type"": ""Point""
}",-83.114610897,42.357719753
4627,1174741,KERCHEVAL,CONCORD,2017-10-26,26,10,2017,12,5,4,9,,4,0,,1,2,1,30,2,2,2,4,0,0,0,1,false,,true,false,false,false,false,,,,,,false,false,false,,,false,false,false,false,false,-83.01064,42.35445,"{
  ""coordinates"": [
    -8.301063903100000e+01,
    4.235445492000010e+01
  ],
  ""type"": ""Point""
}","{
  ""coordinates"": [
    -83.010639031,
    42.35445492
  ],
  ""type"": ""Point""
}",-83.010639031,42.3544549200001
4628,1174810,MCNICHOLS,WARD,2017-10-26,26,10,2017,15,5,97,9,,2,1,,1,1,1,0,1,1,1,5,0,0,0,0,true,,false,false,false,false,false,,,,,,false,false,false,,,false,false,false,false,false,-83.17503,42.41663,"{
  ""coordinates"": [
    -8.317502754400000e+01,
    4.241662971500010e+01
  ],
  ""type"": ""Point""
}","{
  ""coordinates"": [
    -83.175027544,
    42.416629715
  ],
  ""type"": ""Point""
}",-83.175027544,42.4166297150001
4629,1174822,ROBSON,CLARITA,2017-10-26,26,10,2017,18,5,4,9,,,0,,1,1,1,25,2,2,1,5,0,0,0,0,true,,false,false,true,false,false,,,,,,false,false,false,,,false,false,false,false,false,-83.19376,42.42923,"{
  ""coordinates"": [
    -8.319375470599989e+01,
    4.242922917300010e+01
  ],
  ""type"": ""Point""
}","{
  ""coordinates"": [
    -83.193754706,
    42.429229173
  ],
  ""type"": ""Point""
}",-83.1937547059999,42.4292291730001
4630,1172920,DRAGOON,CADET,2017-10-26,26,10,2017,10,5,97,9,,4,0,,1,1,1,25,2,2,4,5,0,0,0,0,true,,false,false,false,false,false,,,,,,false,true,false,,,false,false,false,false,false,-83.10738,42.31424,"{
  ""coordinates"": [
    -8.310737639699990e+01,
    4.231423744100000e+01
  ],
  ""type"": ""Point""
}","{
  ""coordinates"": [
    -83.107376397,
    42.314237441
  ],
  ""type"": ""Point""
}",-83.1073763969999,42.314237441
4631,1211068,N M 39,8 MILE,2017-10-26,26,10,2017,7,5,5,3,,1,0,,1,1,1,0,2,2,2,5,0,0,0,0,true,,false,false,false,false,false,,,,,,false,false,false,,,false,false,false,false,false,-83.21962,42.44415,"{
  ""coordinates"": [
    -8.321962354800000e+01,
    4.244415431200010e+01
  ],
  ""type"": ""Point""
}","{
  ""coordinates"": [
    -83.219623548,
    42.444154312
  ],
  ""type"": ""Point""
}",-83.219623548,42.4441543120001
4632,1172956,DEQUINDRE,LANTZ,2017-10-26,26,10,2017,17,5,2,9,,4,2,,1,1,1,30,2,2,3,4,0,0,0,1,false,,false,false,false,false,false,,,,,,false,false,false,,,false,false,false,false,false,-83.08302,42.4369,"{
  ""coordinates"": [
    -8.308301316099990e+01,
    4.243689870000000e+01
  ],
  ""type"": ""Point""
}","{
  ""coordinates"": [
    -83.083013161,
    42.4368987
  ],
  ""type"": ""Point""
}",-83.0830131609999,42.4368987
4633,1176429,N I 75 SERVICE DRIVE,WILKINS,2017-10-26,26,10,2017,16,5,5,9,,5,0,,1,1,1,30,7,2,2,5,0,0,0,0,true,,false,false,false,false,false,,,,,,false,true,false,,,false,false,false,false,false,-83.04529,42.3481,"{
  ""coordinates"": [
    -8.304528546599990e+01,
    4.234809947800010e+01
  ],
  ""type"": ""Point""
}","{
  ""coordinates"": [
    -83.045285466,
    42.348099478
  ],
  ""type"": ""Point""
}",-83.0452854659999,42.3480994780001
4634,1174720,FORT,DEARBORN,2017-10-26,26,10,2017,15,5,8,3,,1,0,,1,1,1,30,5,2,2,5,0,0,0,0,true,,false,false,false,false,false,,,,,,false,false,true,,,false,false,false,false,false,-83.13607,42.29381,"{
  ""coordinates"": [
    -8.313607209199991e+01,
    4.229381362100000e+01
  ],
  ""type"": ""Point""
}","{
  ""coordinates"": [
    -83.136072092,
    42.293813621
  ],
  ""type"": ""Point""
}",-83.1360720919999,42.293813621
4635,1211150,TIREMAN,PIEDMONT,2017-10-26,26,10,2017,2,5,5,9,,4,0,,1,1,4,25,2,2,3,4,0,0,0,1,false,,false,false,true,false,false,,,,,,false,false,false,,,false,false,false,false,false,-83.22803,42.35045,"{
  ""coordinates"": [
    -8.322802459699990e+01,
    4.235044935100010e+01
  ],
  ""type"": ""Point""
}","{
  ""coordinates"": [
    -83.228024597,
    42.350449351
  ],
  ""type"": ""Point""
}",-83.2280245969999,42.3504493510001
4636,1172941,7 MILE,SCHOENHERR,2017-10-26,26,10,2017,21,5,97,9,,4,0,,1,1,4,30,2,2,6,4,0,0,0,1,false,,false,false,false,true,false,,,,,,false,false,false,,,false,false,false,false,false,-82.98506,42.43493,"{
  ""coordinates"": [
    -8.298506191500000e+01,
    4.243492463800000e+01
  ],
  ""type"": ""Point""
}","{
  ""coordinates"": [
    -82.985061915,
    42.434924638
  ],
  ""type"": ""Point""
}",-82.985061915,42.434924638
4637,1178389,N I 75,WARREN,2017-10-26,26,10,2017,22,5,8,1,,1,0,,1,1,4,55,4,2,2,5,0,0,0,0,true,,false,false,false,false,false,,,,,,false,false,true,,,false,false,false,false,false,-83.05447,42.3612,"{
  ""coordinates"": [
    -8.305446624099990e+01,
    4.236119749500010e+01
  ],
  ""type"": ""Point""
}","{
  ""coordinates"": [
    -83.054466241,
    42.361197495
  ],
  ""type"": ""Point""
}",-83.0544662409999,42.3611974950001
4638,1178533,OUTER,SCHAEFER,2017-10-26,26,10,2017,8,5,8,9,,2,0,,1,1,1,30,4,2,2,5,0,0,0,0,true,,false,false,true,false,false,,,,,,false,false,false,,,false,false,false,false,false,-83.18109,42.42009,"{
  ""coordinates"": [
    -8.318108778399990e+01,
    4.242009339000000e+01
  ],
  ""type"": ""Point""
}","{
  ""coordinates"": [
    -83.181087784,
    42.42009339
  ],
  ""type"": ""Point""
}",-83.1810877839999,42.42009339
4639,1174699,E I 94,RAMP 213D,2017-10-26,26,10,2017,18,5,8,1,,1,0,,1,1,3,50,1,2,2,5,0,0,0,0,true,,false,false,true,false,false,,,,,,false,false,false,,,false,false,false,false,false,-83.10447,42.34842,"{
  ""coordinates"": [
    -8.310447136099999e+01,
    4.234841691200010e+01
  ],
  ""type"": ""Point""
}","{
  ""coordinates"": [
    -83.104471361,
    42.348416912
  ],
  ""type"": ""Point""
}",-83.104471361,42.3484169120001
4640,1180779,GRAND RIVER,ARCHDALE,2017-10-26,26,10,2017,17,5,4,3,,1,0,,1,2,1,35,2,2,2,5,0,0,0,0,true,,false,false,false,false,false,,,,,,false,false,true,,,false,false,false,false,false,-83.21645,42.39996,"{
  ""coordinates"": [
    -8.321644385799991e+01,
    4.239996130600010e+01
  ],
  ""type"": ""Point""
}","{
  ""coordinates"": [
    -83.216443858,
    42.399961306
  ],
  ""type"": ""Point""
}",-83.2164438579999,42.3999613060001
4641,1176415,SECOND,GRAND,2017-10-26,26,10,2017,7,5,5,9,,4,0,,1,1,1,25,2,2,0,5,0,0,0,0,true,,false,false,true,false,false,,,,,,false,false,false,,,false,false,false,false,false,-83.07648,42.36943,"{
  ""coordinates"": [
    -8.307648504900000e+01,
    4.236942494700000e+01
  ],
  ""type"": ""Point""
}","{
  ""coordinates"": [
    -83.076485049,
    42.369424947
  ],
  ""type"": ""Point""
}",-83.076485049,42.369424947
4642,1177657,I-75,JOHN R,2017-10-26,26,10,2017,7,5,5,1,,1,0,,1,1,4,55,4,4,4,5,0,0,0,0,true,,false,false,false,false,false,,,,,,false,false,false,,,false,false,false,false,false,-83.05064,42.34076,"{
  ""coordinates"": [
    -8.305063647500000e+01,
    4.234076269100010e+01
  ],
  ""type"": ""Point""
}","{
  ""coordinates"": [
    -83.050636475,
    42.340762691
  ],
  ""type"": ""Point""
}",-83.050636475,42.3407626910001
4643,1176408,WYOMING,SCHOOLCRAFT,2017-10-26,26,10,2017,16,5,5,9,,4,0,,1,1,1,30,4,2,3,5,0,0,0,0,true,,false,false,false,false,false,,,,,,false,false,true,,,false,false,false,false,false,-83.15909,42.38906,"{
  ""coordinates"": [
    -8.315909156399989e+01,
    4.238905759700000e+01
  ],
  ""type"": ""Point""
}","{
  ""coordinates"": [
    -83.159091564,
    42.389057597
  ],
  ""type"": ""Point""
}",-83.1590915639999,42.389057597
4644,1172930,EATON,VAUGHAN,2017-10-26,26,10,2017,18,5,4,9,,,0,,1,1,3,25,1,2,1,4,0,0,0,1,false,,false,false,true,false,false,,,,,,false,false,false,,,false,false,false,false,false,-83.23821,42.39579,"{
  ""coordinates"": [
    -8.323821521600000e+01,
    4.239578473300000e+01
  ],
  ""type"": ""Point""
}","{
  ""coordinates"": [
    -83.238215216,
    42.395784733
  ],
  ""type"": ""Point""
}",-83.238215216,42.395784733
4645,1177659,I-94,I-75,2017-10-26,26,10,2017,16,5,5,1,,1,0,,1,1,1,55,4,2,2,5,0,0,0,0,true,,false,false,false,false,false,,,,,,false,true,false,,,false,false,false,false,false,-83.05434,42.37112,"{
  ""coordinates"": [
    -8.305434637600000e+01,
    4.237112065600010e+01
  ],
  ""type"": ""Point""
}","{
  ""coordinates"": [
    -83.054346376,
    42.371120656
  ],
  ""type"": ""Point""
}",-83.054346376,42.3711206560001
4646,1172916,GRISWOLD,LARNED,2017-10-26,26,10,2017,9,5,5,9,,4,0,,1,1,1,30,8,2,1,5,0,0,0,0,true,,false,false,true,false,false,,,,,,false,false,false,,,false,false,false,false,false,-83.04604,42.32904,"{
  ""coordinates"": [
    -8.304604276299990e+01,
    4.232903793600010e+01
  ],
  ""type"": ""Point""
}","{
  ""coordinates"": [
    -83.046042763,
    42.329037936
  ],
  ""type"": ""Point""
}",-83.0460427629999,42.3290379360001
4647,1172931,WARREN,ROSEMONT,2017-10-26,26,10,2017,14,5,4,9,,2,0,,1,1,1,30,1,2,3,5,0,0,0,0,true,,false,false,true,false,false,,,,,,false,false,true,,,false,false,false,false,false,-83.21861,42.34335,"{
  ""coordinates"": [
    -8.321861638000000e+01,
    4.234335263000000e+01
  ],
  ""type"": ""Point""
}","{
  ""coordinates"": [
    -83.21861638,
    42.34335263
  ],
  ""type"": ""Point""
}",-83.21861638,42.34335263
4648,1172912,TEMPLE,4TH,2017-10-26,26,10,2017,6,5,4,9,,4,0,,1,1,4,25,3,2,2,4,0,0,0,1,false,,false,false,false,false,false,,,,,,false,false,true,,,false,false,false,false,false,-83.06389,42.34005,"{
  ""coordinates"": [
    -8.306388798700000e+01,
    4.234005200700010e+01
  ],
  ""type"": ""Point""
}","{
  ""coordinates"": [
    -83.063887987,
    42.340052007
  ],
  ""type"": ""Point""
}",-83.063887987,42.3400520070001
4649,1174784,MACK,HELEN,2017-10-26,26,10,2017,4,5,9,9,,4,2,,1,1,4,25,2,2,0,5,0,0,0,0,true,,false,false,true,false,false,,,,,,false,false,false,,,false,false,false,false,false,-83.01399,42.36407,"{
  ""coordinates"": [
    -8.301399411800000e+01,
    4.236407462300010e+01
  ],
  ""type"": ""Point""
}","{
  ""coordinates"": [
    -83.013994118,
    42.364074623
  ],
  ""type"": ""Point""
}",-83.013994118,42.3640746230001
4650,1187331,N M 10,FOREST,2017-10-26,26,10,2017,8,5,8,3,,1,0,,1,1,1,25,2,2,2,5,0,0,0,0,true,,false,false,false,false,false,,,,,,false,false,true,,,false,false,false,false,false,-83.0721,42.35165,"{
  ""coordinates"": [
    -8.307209871700000e+01,
    4.235165492900010e+01
  ],
  ""type"": ""Point""
}","{
  ""coordinates"": [
    -83.072098717,
    42.351654929
  ],
  ""type"": ""Point""
}",-83.072098717,42.3516549290001
4651,1177614,RAMP 005H,S M 39,2017-10-26,26,10,2017,7,5,8,3,,1,0,,1,1,2,55,2,2,1,5,0,0,0,0,true,,false,false,true,false,false,,,,,,false,false,false,,,false,false,false,false,false,-83.21596,42.33491,"{
  ""coordinates"": [
    -8.321595596899991e+01,
    4.233490870100010e+01
  ],
  ""type"": ""Point""
}","{
  ""coordinates"": [
    -83.215955969,
    42.334908701
  ],
  ""type"": ""Point""
}",-83.2159559689999,42.3349087010001
4652,1174815,MCNICHOLS,JAMES COUZENS,2017-10-26,26,10,2017,8,5,8,9,,2,0,,1,1,1,30,4,2,23,5,0,0,0,0,true,,false,false,false,false,false,,,,,,false,false,false,,,false,false,false,false,false,-83.17278,42.41665,"{
  ""coordinates"": [
    -8.317278590900000e+01,
    4.241664381400010e+01
  ],
  ""type"": ""Point""
}","{
  ""coordinates"": [
    -83.172785909,
    42.416643814
  ],
  ""type"": ""Point""
}",-83.172785909,42.4166438140001
4653,1176458,DAVIDSON,DEXTER,2017-10-26,26,10,2017,8,5,8,3,,1,0,,1,1,1,35,3,2,4,5,0,0,0,0,true,,false,false,false,false,false,,,,,,false,false,false,,,false,false,false,false,false,-83.1302,42.39,"{
  ""coordinates"": [
    -8.313020301200000e+01,
    4.238999569300010e+01
  ],
  ""type"": ""Point""
}","{
  ""coordinates"": [
    -83.130203012,
    42.389995693
  ],
  ""type"": ""Point""
}",-83.130203012,42.3899956930001
4654,1174727,FORD,WYOMING,2017-10-26,26,10,2017,14,5,8,1,,1,0,,1,1,1,35,2,2,2,5,0,0,0,0,true,,false,false,false,false,false,,,,,,false,true,false,,,false,false,false,false,false,-83.15347,42.32947,"{
  ""coordinates"": [
    -8.315347611899990e+01,
    4.232947066100010e+01
  ],
  ""type"": ""Point""
}","{
  ""coordinates"": [
    -83.153476119,
    42.329470661
  ],
  ""type"": ""Point""
}",-83.1534761189999,42.3294706610001
4655,1172950,GABLE,LUCE,2017-10-26,26,10,2017,15,5,4,9,,,0,,1,1,1,25,2,2,2,5,0,0,0,0,true,,false,false,false,false,false,,,,,,false,false,true,,,false,false,false,false,false,-83.04172,42.41531,"{
  ""coordinates"": [
    -8.304171701300000e+01,
    4.241531453700000e+01
  ],
  ""type"": ""Point""
}","{
  ""coordinates"": [
    -83.041717013,
    42.415314537
  ],
  ""type"": ""Point""
}",-83.041717013,42.415314537
4656,1272445,ELMO,NASHVILLE,2017-10-26,26,10,2017,22,5,9,9,,,0,,1,1,4,25,2,2,0,5,0,0,0,0,true,,false,false,true,false,false,,,,,,false,false,false,,,false,false,false,false,false,-83.00446,42.41588,"{
  ""coordinates"": [
    -8.300445176499990e+01,
    4.241587811300010e+01
  ],
  ""type"": ""Point""
}","{
  ""coordinates"": [
    -83.004451765,
    42.415878113
  ],
  ""type"": ""Point""
}",-83.0044517649999,42.4158781130001
4657,1177658,E I 94,GRAND,2017-10-26,26,10,2017,15,5,5,1,,1,0,,1,1,1,55,3,3,4,5,0,0,0,0,true,,false,false,false,false,false,,,,,,false,true,true,,,false,false,false,false,false,-83.10887,42.34685,"{
  ""coordinates"": [
    -8.310886869500000e+01,
    4.234685064200000e+01
  ],
  ""type"": ""Point""
}","{
  ""coordinates"": [
    -83.108868695,
    42.346850642
  ],
  ""type"": ""Point""
}",-83.108868695,42.346850642
4658,1177637,I-75,M-8,2017-10-26,26,10,2017,9,5,5,1,,1,0,,1,1,1,70,4,2,2,5,0,0,0,0,true,,false,false,false,false,false,,,,,,false,false,false,,,false,false,false,false,false,-83.07999,42.40916,"{
  ""coordinates"": [
    -8.307998610800000e+01,
    4.240915571800010e+01
  ],
  ""type"": ""Point""
}","{
  ""coordinates"": [
    -83.079986108,
    42.409155718
  ],
  ""type"": ""Point""
}",-83.079986108,42.4091557180001
4659,1172937,PATTON,EATON,2017-10-26,26,10,2017,0,5,5,9,,,0,,2,1,3,25,2,2,0,5,0,0,0,0,true,,false,false,true,false,false,,,,,,false,false,false,,,false,false,false,false,false,-83.24355,42.3957,"{
  ""coordinates"": [
    -8.324354261300000e+01,
    4.239570324000000e+01
  ],
  ""type"": ""Point""
}","{
  ""coordinates"": [
    -83.243542613,
    42.39570324
  ],
  ""type"": ""Point""
}",-83.243542613,42.39570324
4660,1174710,MACK,WOODWARD,2017-10-26,26,10,2017,13,5,8,3,,4,0,,1,1,1,30,2,2,2,5,0,0,0,0,true,,false,false,false,false,false,,,,,,false,false,false,,,false,false,false,false,false,-83.05757,42.34772,"{
  ""coordinates"": [
    -8.305757466199999e+01,
    4.234772118500010e+01
  ],
  ""type"": ""Point""
}","{
  ""coordinates"": [
    -83.057574662,
    42.347721185
  ],
  ""type"": ""Point""
}",-83.057574662,42.3477211850001
4661,1172938,FERGUSON,SEVENMILE,2017-10-26,26,10,2017,1,5,4,9,,,0,,1,1,4,30,2,2,5,4,0,0,0,2,false,,false,false,false,false,false,,,,,,false,false,false,,,false,false,false,false,false,-83.21066,42.43046,"{
  ""coordinates"": [
    -8.321066269300000e+01,
    4.243046187800010e+01
  ],
  ""type"": ""Point""
}","{
  ""coordinates"": [
    -83.210662693,
    42.430461878
  ],
  ""type"": ""Point""
}",-83.210662693,42.4304618780001
4662,1182359,I-94,CONCORD,2017-10-26,26,10,2017,22,5,1,1,,1,0,,1,1,4,55,3,1,1,5,0,0,0,0,true,,false,false,false,false,false,,,,,,false,false,false,,,false,false,false,false,false,-83.0301,42.38315,"{
  ""coordinates"": [
    -8.303010121700000e+01,
    4.238315150800000e+01
  ],
  ""type"": ""Point""
}","{
  ""coordinates"": [
    -83.030101217,
    42.383151508
  ],
  ""type"": ""Point""
}",-83.030101217,42.383151508
4663,1174791,OUTER,ROLYAT,2017-10-26,26,10,2017,19,5,5,9,,2,0,,1,1,4,0,4,2,2,5,0,0,0,0,true,,false,false,true,false,false,,,,,,false,true,false,,,false,false,false,false,false,-83.01689,42.4397,"{
  ""coordinates"": [
    -8.301689001200000e+01,
    4.243970292200000e+01
  ],
  ""type"": ""Point""
}","{
  ""coordinates"": [
    -83.016890012,
    42.439702922
  ],
  ""type"": ""Point""
}",-83.016890012,42.439702922
4664,1177661,CLAIRMOUNT,WOODROW WILSON,2017-10-26,26,10,2017,20,5,98,9,,4,0,,1,1,4,25,2,2,0,5,0,0,0,0,true,,false,false,true,false,false,,,,,,false,false,false,,,false,false,false,false,false,-83.09689,42.37732,"{
  ""coordinates"": [
    -8.309689580100000e+01,
    4.237732064800010e+01
  ],
  ""type"": ""Point""
}","{
  ""coordinates"": [
    -83.096895801,
    42.377320648
  ],
  ""type"": ""Point""
}",-83.096895801,42.3773206480001
4665,1174721,MCGRAW,WESSON,2017-10-26,26,10,2017,18,5,97,9,,4,0,,1,1,4,25,2,2,2,5,0,0,0,0,true,,false,false,false,false,false,,,,,,false,true,false,,,false,false,false,false,false,-83.12346,42.34239,"{
  ""coordinates"": [
    -8.312345821400000e+01,
    4.234239376000000e+01
  ],
  ""type"": ""Point""
}","{
  ""coordinates"": [
    -83.123458214,
    42.34239376
  ],
  ""type"": ""Point""
}",-83.123458214,42.34239376
4666,1172952,BUFFALO,7 MILE,2017-10-26,26,10,2017,10,5,97,9,,,1,,1,1,1,25,1,1,1,5,0,0,0,0,true,,false,false,false,false,false,,,,,,false,false,false,,,false,false,false,false,false,-83.04809,42.43402,"{
  ""coordinates"": [
    -8.304809172499991e+01,
    4.243402192100010e+01
  ],
  ""type"": ""Point""
}","{
  ""coordinates"": [
    -83.048091725,
    42.434021921
  ],
  ""type"": ""Point""
}",-83.0480917249999,42.4340219210001
4667,1176404,GRAND RIVER,MEYERS,2017-10-26,26,10,2017,7,5,4,3,,1,0,,1,2,1,35,7,2,4,5,0,0,0,0,true,,true,true,false,false,false,,,,,,false,false,false,,,false,false,false,false,false,-83.16845,42.3806,"{
  ""coordinates"": [
    -8.316845226600000e+01,
    4.238059916300010e+01
  ],
  ""type"": ""Point""
}","{
  ""coordinates"": [
    -83.168452266,
    42.380599163
  ],
  ""type"": ""Point""
}",-83.168452266,42.3805991630001
4668,1176413,CHARLOTTE,PARK,2017-10-26,26,10,2017,13,5,1,9,,,0,,1,1,1,25,2,2,2,4,0,0,0,1,false,,false,false,false,false,false,,,,,,false,true,false,,,false,false,false,true,false,-83.05819,42.34335,"{
  ""coordinates"": [
    -8.305818594800000e+01,
    4.234334704400000e+01
  ],
  ""type"": ""Point""
}","{
  ""coordinates"": [
    -83.058185948,
    42.343347044
  ],
  ""type"": ""Point""
}",-83.058185948,42.343347044
4669,1172926,SOMERSET,OUTER,2017-10-26,26,10,2017,17,5,1,9,,,0,,1,1,1,0,1,1,1,4,0,0,0,1,false,,false,false,false,false,false,,,,,,false,false,false,,,false,false,false,false,false,-82.95103,42.40432,"{
  ""coordinates"": [
    -8.295103389499999e+01,
    4.240432057900010e+01
  ],
  ""type"": ""Point""
}","{
  ""coordinates"": [
    -82.951033895,
    42.404320579
  ],
  ""type"": ""Point""
}",-82.951033895,42.4043205790001
4670,1174712,WOODWARD,FISHER,2017-10-26,26,10,2017,15,5,4,3,,1,0,,1,1,1,30,3,2,3,4,0,0,0,1,false,,false,false,true,false,false,,,,,,false,false,false,,,false,false,false,false,false,-83.05302,42.34016,"{
  ""coordinates"": [
    -8.305302548200000e+01,
    4.234015738800010e+01
  ],
  ""type"": ""Point""
}","{
  ""coordinates"": [
    -83.053025482,
    42.340157388
  ],
  ""type"": ""Point""
}",-83.053025482,42.3401573880001
4671,1177652,W I 94,LONYO,2017-10-26,26,10,2017,21,5,5,1,,1,0,,1,1,4,55,3,3,3,4,0,0,0,2,false,,false,false,false,false,false,,,,,,false,false,false,,,false,false,false,false,false,-83.14478,42.33147,"{
  ""coordinates"": [
    -8.314478093299989e+01,
    4.233147087200010e+01
  ],
  ""type"": ""Point""
}","{
  ""coordinates"": [
    -83.144780933,
    42.331470872
  ],
  ""type"": ""Point""
}",-83.1447809329999,42.3314708720001
4672,1174728,JEFFERSON,CROSSLEY,2017-10-26,26,10,2017,17,5,8,9,,4,0,,1,1,1,35,2,3,3,5,0,0,0,0,true,,false,false,false,false,false,,,,,,false,false,true,,,false,false,false,false,false,-83.11018,42.29379,"{
  ""coordinates"": [
    -8.311017556900001e+01,
    4.229378848400010e+01
  ],
  ""type"": ""Point""
}","{
  ""coordinates"": [
    -83.110175569,
    42.293788484
  ],
  ""type"": ""Point""
}",-83.110175569,42.2937884840001
4673,1182348,W I 96,HUBBELL,2017-10-26,26,10,2017,17,5,8,1,,1,0,,1,1,1,55,4,2,3,5,0,0,0,0,true,,false,false,false,false,false,,,,,,false,true,false,,,false,false,false,false,false,-83.18745,42.38091,"{
  ""coordinates"": [
    -8.318745417000000e+01,
    4.238091030300010e+01
  ],
  ""type"": ""Point""
}","{
  ""coordinates"": [
    -83.18745417,
    42.380910303
  ],
  ""type"": ""Point""
}",-83.18745417,42.3809103030001
4674,1172932,EVERGREEN,FORD,2017-10-26,26,10,2017,8,5,8,9,,4,0,,1,1,2,30,3,2,4,5,0,0,0,0,true,,false,false,false,false,false,,,,,,false,false,false,,,false,false,false,false,false,-83.23862,42.42452,"{
  ""coordinates"": [
    -8.323861364299999e+01,
    4.242451748000010e+01
  ],
  ""type"": ""Point""
}","{
  ""coordinates"": [
    -83.238613643,
    42.42451748
  ],
  ""type"": ""Point""
}",-83.238613643,42.4245174800001
4675,1174713,CLARKDALE,VERNOR,2017-10-26,26,10,2017,16,5,8,9,,,0,,1,1,1,25,1,2,1,5,0,0,0,0,true,,false,false,false,false,false,,,,,,false,false,false,,,false,false,false,false,false,-83.09525,42.32113,"{
  ""coordinates"": [
    -8.309525512999990e+01,
    4.232113282800000e+01
  ],
  ""type"": ""Point""
}","{
  ""coordinates"": [
    -83.09525513,
    42.321132828
  ],
  ""type"": ""Point""
}",-83.0952551299999,42.321132828