ObjectId,Crash ID,Primary Road,Intersecting Road,Crash Date,Day,Month,Year,Hour,Weekday,Crash Type Code,Highway Classification Code,Community Code,Jurisdiction Code,Lane Departure Type Code,Surface Type,Road Condition,Weather Condition,Lighting Condition,Speed Limit,Lanes,Units,Occupants,Most Severe Injury,Fatal Injuries,Suspected Serious Injuries,Suspected Minor Injuries,Possible Injuries,Property Damage Only,Secondary Crash,Traffic Control,Red Light Run,Hit and Run,Alcohol,Drugs,Unbelted Person,Work Zone,Speeding Driver,Distracted Driver,Driveway,Pedestrian,Elderly Driver,Young Driver,Commercial Vehicle,Emergency Vehicles,Train,School Bus,Motorcycle,Bicycle,Deer,Longitude,Latitude,geom,geog,x,y
4733,1196607,SAINT PATRICK,ELMO,2017-10-25,25,10,2017,13,4,8,9,,,0,,2,1,1,25,1,3,1,5,0,0,0,0,true,,false,false,false,false,true,,,,,,false,false,false,,,false,false,false,false,false,-83.00005,42.41081,"{
  ""coordinates"": [
    -8.300004448200001e+01,
    4.241081291600010e+01
  ],
  ""type"": ""Point""
}","{
  ""coordinates"": [
    -83.000044482,
    42.410812916
  ],
  ""type"": ""Point""
}",-83.000044482,42.4108129160001
4734,1174823,MONICA,PICKFORD,2017-10-25,25,10,2017,20,4,4,9,,,0,,1,1,5,25,2,2,2,5,0,0,0,0,true,,false,false,false,false,false,,,,,,false,false,false,,,false,false,false,false,false,-83.14453,42.42699,"{
  ""coordinates"": [
    -8.314452831700000e+01,
    4.242699063600000e+01
  ],
  ""type"": ""Point""
}","{
  ""coordinates"": [
    -83.144528317,
    42.426990636
  ],
  ""type"": ""Point""
}",-83.144528317,42.426990636
4735,1171892,AUDUBON,WARREN,2017-10-25,25,10,2017,0,4,5,9,,,0,,2,4,4,25,2,2,1,5,0,0,0,0,true,,false,false,false,true,false,,,,,,false,false,false,,,false,false,false,false,false,-82.93798,42.4034,"{
  ""coordinates"": [
    -8.293798251399990e+01,
    4.240339723100000e+01
  ],
  ""type"": ""Point""
}","{
  ""coordinates"": [
    -82.937982514,
    42.403397231
  ],
  ""type"": ""Point""
}",-82.9379825139999,42.403397231
4736,1177624,S I 75,RAMP 033C,2017-10-25,25,10,2017,8,4,97,1,,1,0,,2,1,1,70,2,2,2,5,0,0,0,0,true,,false,false,false,false,false,,,,,,false,false,false,,,false,false,false,false,false,-83.08619,42.3156,"{
  ""coordinates"": [
    -8.308618735800000e+01,
    4.231559612600010e+01
  ],
  ""type"": ""Point""
}","{
  ""coordinates"": [
    -83.086187358,
    42.315596126
  ],
  ""type"": ""Point""
}",-83.086187358,42.3155961260001
4737,1171900,JOY,GREENFIELD,2017-10-25,25,10,2017,9,4,5,9,,4,0,,2,1,1,30,4,2,1,5,0,0,0,0,true,,false,false,true,false,false,,,,,,false,false,false,,,false,false,false,false,false,-83.1969,42.35814,"{
  ""coordinates"": [
    -8.319689581499991e+01,
    4.235813752400000e+01
  ],
  ""type"": ""Point""
}","{
  ""coordinates"": [
    -83.196895815,
    42.358137524
  ],
  ""type"": ""Point""
}",-83.1968958149999,42.358137524
4738,1170786,VAN DYKE,OUTER,2017-10-25,25,10,2017,9,4,4,3,,1,0,,2,1,1,40,3,2,3,5,0,0,0,0,true,,true,true,false,false,false,,,,,,false,false,false,,,false,false,false,false,false,-83.02449,42.44124,"{
  ""coordinates"": [
    -8.302449200599990e+01,
    4.244124409500010e+01
  ],
  ""type"": ""Point""
}","{
  ""coordinates"": [
    -83.024492006,
    42.441244095
  ],
  ""type"": ""Point""
}",-83.0244920059999,42.4412440950001
4739,1174816,MCNICHOLS,MEYERS,2017-10-25,25,10,2017,1,4,4,9,,2,0,,2,4,4,35,4,2,1,5,0,0,0,0,true,,false,false,true,false,false,,,,,,false,false,false,,,false,false,false,false,false,-83.17003,42.41666,"{
  ""coordinates"": [
    -8.317002741700000e+01,
    4.241666549700010e+01
  ],
  ""type"": ""Point""
}","{
  ""coordinates"": [
    -83.170027417,
    42.416665497
  ],
  ""type"": ""Point""
}",-83.170027417,42.4166654970001
4740,1177683,RUTHERFORD,GRAND RIVER,2017-10-25,25,10,2017,11,4,10,3,,,0,,2,1,1,25,3,2,1,5,0,0,0,0,true,,false,false,false,false,false,,,,,,false,false,false,,,false,false,false,false,false,-83.20383,42.39482,"{
  ""coordinates"": [
    -8.320382952200001e+01,
    4.239481652800000e+01
  ],
  ""type"": ""Point""
}","{
  ""coordinates"": [
    -83.203829522,
    42.394816528
  ],
  ""type"": ""Point""
}",-83.203829522,42.394816528
4741,1182554,THATCHER,MARK TWAIN,2017-10-25,25,10,2017,10,4,4,9,,,0,,2,4,1,25,1,2,1,4,0,0,0,1,false,,false,false,true,false,false,,,,,,false,false,false,,,false,false,false,false,false,-83.18738,42.42184,"{
  ""coordinates"": [
    -8.318737502800001e+01,
    4.242184391000010e+01
  ],
  ""type"": ""Point""
}","{
  ""coordinates"": [
    -83.187375028,
    42.42184391
  ],
  ""type"": ""Point""
}",-83.187375028,42.4218439100001
4742,1171874,MEYERS,CIVIC,2017-10-25,25,10,2017,20,4,8,9,,,0,,1,1,4,25,2,2,1,5,0,0,0,0,true,,false,false,false,false,false,,,,,,false,false,false,,,false,false,false,false,false,-83.16743,42.35239,"{
  ""coordinates"": [
    -8.316743090599989e+01,
    4.235238598300000e+01
  ],
  ""type"": ""Point""
}","{
  ""coordinates"": [
    -83.167430906,
    42.352385983
  ],
  ""type"": ""Point""
}",-83.1674309059999,42.352385983
4743,1172953,MOUNT ELLIOTT,MOUNT ELLIOTT,2017-10-25,25,10,2017,17,4,5,9,,4,0,,1,2,1,0,2,2,1,5,0,0,0,0,true,,false,false,false,true,false,,,,,,false,false,false,,,false,false,false,false,false,-83.03996,42.40614,"{
  ""coordinates"": [
    -8.303996194000000e+01,
    4.240614016800000e+01
  ],
  ""type"": ""Point""
}","{
  ""coordinates"": [
    -83.03996194,
    42.406140168
  ],
  ""type"": ""Point""
}",-83.03996194,42.406140168
4744,1171857,N I 75,SPRINGWELLS,2017-10-25,25,10,2017,7,4,5,1,,1,0,,2,2,2,55,3,2,2,5,0,0,0,0,true,,false,false,false,false,false,,,,,,false,false,true,,,false,false,false,false,false,-83.11966,42.30117,"{
  ""coordinates"": [
    -8.311965856200000e+01,
    4.230117384800010e+01
  ],
  ""type"": ""Point""
}","{
  ""coordinates"": [
    -83.119658562,
    42.301173848
  ],
  ""type"": ""Point""
}",-83.119658562,42.3011738480001
4745,1172921,N I 75,SCHAEFER,2017-10-25,25,10,2017,23,4,5,1,,1,0,,2,1,4,0,2,2,1,5,0,0,0,0,true,,false,false,true,false,false,,,,,,false,false,false,,,false,false,false,false,false,-83.15652,42.27707,"{
  ""coordinates"": [
    -8.315652722700000e+01,
    4.227706932300000e+01
  ],
  ""type"": ""Point""
}","{
  ""coordinates"": [
    -83.156527227,
    42.277069323
  ],
  ""type"": ""Point""
}",-83.156527227,42.277069323
4746,1171924,ST CYRIL,GUTHRIE,2017-10-25,25,10,2017,13,4,4,9,,4,0,,2,4,1,35,2,2,8,5,0,0,0,0,true,,false,false,false,false,false,,,,,,false,false,false,,,false,false,false,false,false,-83.02603,42.39874,"{
  ""coordinates"": [
    -8.302603085299999e+01,
    4.239873520700010e+01
  ],
  ""type"": ""Point""
}","{
  ""coordinates"": [
    -83.026030853,
    42.398735207
  ],
  ""type"": ""Point""
}",-83.026030853,42.3987352070001
4747,1172928,MOROSS,CHANDLER PARK,2017-10-25,25,10,2017,13,4,1,9,,2,0,,1,1,1,35,2,2,1,5,0,0,0,0,true,,false,false,true,false,false,,,,,,false,false,false,,,false,false,false,true,false,-82.91492,42.41859,"{
  ""coordinates"": [
    -8.291491665800000e+01,
    4.241858685700000e+01
  ],
  ""type"": ""Point""
}","{
  ""coordinates"": [
    -82.914916658,
    42.418586857
  ],
  ""type"": ""Point""
}",-82.914916658,42.418586857
4748,1176391,I-75,MICHIGAN,2017-10-25,25,10,2017,4,4,1,1,,1,1,,2,4,4,70,3,1,1,5,0,0,0,0,true,,false,false,false,false,false,,,,,,false,false,false,,,false,false,false,false,false,-83.08348,42.32493,"{
  ""coordinates"": [
    -8.308348462399989e+01,
    4.232492778200000e+01
  ],
  ""type"": ""Point""
}","{
  ""coordinates"": [
    -83.083484624,
    42.324927782
  ],
  ""type"": ""Point""
}",-83.0834846239999,42.324927782
4749,1174803,MARK TWAIN,THATCHER,2017-10-25,25,10,2017,11,4,4,9,,,0,,1,2,1,25,2,2,1,5,0,0,0,0,true,,false,false,true,false,false,,,,,,false,false,false,,,false,false,false,false,false,-83.18738,42.42184,"{
  ""coordinates"": [
    -8.318737502800001e+01,
    4.242184391000010e+01
  ],
  ""type"": ""Point""
}","{
  ""coordinates"": [
    -83.187375028,
    42.42184391
  ],
  ""type"": ""Point""
}",-83.187375028,42.4218439100001
4750,1172923,SHOEMAKER,ST JEAN,2017-10-25,25,10,2017,20,4,4,9,,4,0,,1,1,4,30,2,2,3,5,0,0,0,0,true,,false,false,false,false,false,,,,,,false,false,true,,,false,false,false,false,false,-82.98593,42.39017,"{
  ""coordinates"": [
    -8.298592886499991e+01,
    4.239017377300010e+01
  ],
  ""type"": ""Point""
}","{
  ""coordinates"": [
    -82.985928865,
    42.390173773
  ],
  ""type"": ""Point""
}",-82.9859288649999,42.3901737730001
4751,1171873,PURITAN,HARTWELL,2017-10-25,25,10,2017,14,4,5,9,,4,0,,1,2,1,30,2,2,2,5,0,0,0,0,true,,false,false,false,false,false,,,,,,false,false,false,,,false,false,false,false,false,-83.1783,42.40939,"{
  ""coordinates"": [
    -8.317830010599990e+01,
    4.240938892600010e+01
  ],
  ""type"": ""Point""
}","{
  ""coordinates"": [
    -83.178300106,
    42.409388926
  ],
  ""type"": ""Point""
}",-83.1783001059999,42.4093889260001
4752,1171898,CAPITOL,GRANDMONT,2017-10-25,25,10,2017,8,4,1,9,,,0,,2,1,1,25,2,1,0,5,0,0,0,0,true,,false,false,true,false,false,,,,,,false,false,false,,,false,false,false,false,false,-83.21014,42.37687,"{
  ""coordinates"": [
    -8.321013614700000e+01,
    4.237686669200010e+01
  ],
  ""type"": ""Point""
}","{
  ""coordinates"": [
    -83.210136147,
    42.376866692
  ],
  ""type"": ""Point""
}",-83.210136147,42.3768666920001
4753,1177634,E I 94,CENTRAL,2017-10-25,25,10,2017,14,4,1,1,,1,1,,1,2,1,55,3,1,1,5,0,0,0,0,true,,false,false,false,false,false,,,,,,false,false,true,,,false,false,false,false,false,-83.13876,42.33224,"{
  ""coordinates"": [
    -8.313876512400000e+01,
    4.233224429600010e+01
  ],
  ""type"": ""Point""
}","{
  ""coordinates"": [
    -83.138765124,
    42.332244296
  ],
  ""type"": ""Point""
}",-83.138765124,42.3322442960001
4754,1171858,E I 96,GRAND RIVER,2017-10-25,25,10,2017,10,4,5,1,,1,0,,2,2,1,70,3,2,2,5,0,0,0,0,true,,false,false,false,false,false,,,,,,false,false,true,,,false,false,false,false,false,-83.17319,42.38427,"{
  ""coordinates"": [
    -8.317319479699999e+01,
    4.238427434700000e+01
  ],
  ""type"": ""Point""
}","{
  ""coordinates"": [
    -83.173194797,
    42.384274347
  ],
  ""type"": ""Point""
}",-83.173194797,42.384274347
4755,1171896,FIELDING,ORANGELAWN,2017-10-25,25,10,2017,13,4,8,9,,,0,,1,1,1,25,3,2,1,5,0,0,0,0,true,,false,false,false,false,false,,,,,,false,false,false,,,false,false,false,false,false,-83.24107,42.36712,"{
  ""coordinates"": [
    -8.324107151200000e+01,
    4.236711991400010e+01
  ],
  ""type"": ""Point""
}","{
  ""coordinates"": [
    -83.241071512,
    42.367119914
  ],
  ""type"": ""Point""
}",-83.241071512,42.3671199140001
4756,1171869,I-75,CLAY,2017-10-25,25,10,2017,7,4,5,1,,1,0,,2,4,2,55,4,2,1,5,0,0,0,0,true,,false,false,true,false,false,,,,,,false,false,true,,,false,false,false,false,false,-83.06302,42.37854,"{
  ""coordinates"": [
    -8.306301800300000e+01,
    4.237853851800000e+01
  ],
  ""type"": ""Point""
}","{
  ""coordinates"": [
    -83.063018003,
    42.378538518
  ],
  ""type"": ""Point""
}",-83.063018003,42.378538518
4757,1215387,LIVERNOIS,CHIPPEWA,2017-10-25,25,10,2017,11,4,10,9,,4,3,,1,1,4,35,3,2,0,5,0,0,0,0,true,,false,false,true,false,false,,,,,,false,false,false,,,false,false,false,false,false,-83.14195,42.44112,"{
  ""coordinates"": [
    -8.314195156300001e+01,
    4.244112488300000e+01
  ],
  ""type"": ""Point""
}","{
  ""coordinates"": [
    -83.141951563,
    42.441124883
  ],
  ""type"": ""Point""
}",-83.141951563,42.441124883
4758,1170760,WILFRED,ROSEBERRY,2017-10-25,25,10,2017,2,4,5,9,,,0,,2,4,4,25,1,2,0,5,0,0,0,0,true,,false,false,true,false,false,,,,,,false,false,false,,,false,false,false,false,false,-82.98936,42.4128,"{
  ""coordinates"": [
    -8.298936836500000e+01,
    4.241280481200000e+01
  ],
  ""type"": ""Point""
}","{
  ""coordinates"": [
    -82.989368365,
    42.412804812
  ],
  ""type"": ""Point""
}",-82.989368365,42.412804812
4759,1174763,ARCHDALE,GROVE,2017-10-25,25,10,2017,9,4,4,9,,,0,,2,1,1,25,2,2,7,5,0,0,0,0,true,,false,false,false,false,false,,,,,,false,false,false,,,false,false,false,false,false,-83.21661,42.41376,"{
  ""coordinates"": [
    -8.321661587200001e+01,
    4.241375743700010e+01
  ],
  ""type"": ""Point""
}","{
  ""coordinates"": [
    -83.216615872,
    42.413757437
  ],
  ""type"": ""Point""
}",-83.216615872,42.4137574370001
4760,1177623,S I 75,S I 75,2017-10-25,25,10,2017,7,4,5,1,,1,0,,2,4,4,70,3,5,5,4,0,0,0,1,false,,false,false,false,false,false,,,,,,false,false,true,,,false,false,false,false,false,-83.04534,42.34695,"{
  ""coordinates"": [
    -8.304534455899990e+01,
    4.234694652800000e+01
  ],
  ""type"": ""Point""
}","{
  ""coordinates"": [
    -83.045344559,
    42.346946528
  ],
  ""type"": ""Point""
}",-83.0453445589999,42.346946528
4761,1171922,RUTHERFORD,LYNDON,2017-10-25,25,10,2017,11,4,10,3,,,0,,2,1,1,25,2,2,1,5,0,0,0,0,true,,false,false,false,false,false,,,,,,false,false,false,,,false,false,false,false,false,-83.2038,42.39457,"{
  ""coordinates"": [
    -8.320380537499990e+01,
    4.239457148100010e+01
  ],
  ""type"": ""Point""
}","{
  ""coordinates"": [
    -83.203805375,
    42.394571481
  ],
  ""type"": ""Point""
}",-83.2038053749999,42.3945714810001
4762,1171919,EPWORTH,LINSDALE,2017-10-25,25,10,2017,14,4,1,9,,4,1,,2,4,1,30,2,1,0,5,0,0,0,0,true,,false,false,false,false,false,,,,,,false,false,false,,,false,false,false,false,false,-83.13412,42.35805,"{
  ""coordinates"": [
    -8.313412568099990e+01,
    4.235804964200000e+01
  ],
  ""type"": ""Point""
}","{
  ""coordinates"": [
    -83.134125681,
    42.358049642
  ],
  ""type"": ""Point""
}",-83.1341256809999,42.358049642
4763,1172955,SOUTHFIELD SERVICE,MCNICHOS,2017-10-25,25,10,2017,17,4,4,3,,1,0,,1,2,1,0,2,2,1,5,0,0,0,0,true,,true,true,false,true,false,,,,,,false,false,false,,,false,false,false,false,false,-83.21886,42.41156,"{
  ""coordinates"": [
    -8.321886005700000e+01,
    4.241155889900010e+01
  ],
  ""type"": ""Point""
}","{
  ""coordinates"": [
    -83.218860057,
    42.411558899
  ],
  ""type"": ""Point""
}",-83.218860057,42.4115588990001
4764,1171897,CURTIS,ASHTON,2017-10-25,25,10,2017,17,4,9,9,,,0,,1,1,1,25,2,2,2,5,0,0,0,0,true,,false,false,false,false,false,,,,,,false,false,false,,,false,false,false,false,false,-83.22025,42.42276,"{
  ""coordinates"": [
    -8.322024628799990e+01,
    4.242276363800000e+01
  ],
  ""type"": ""Point""
}","{
  ""coordinates"": [
    -83.220246288,
    42.422763638
  ],
  ""type"": ""Point""
}",-83.2202462879999,42.422763638
4765,1171880,FOREST,4TH,2017-10-25,25,10,2017,7,4,5,9,,4,0,,2,4,2,30,3,2,2,4,0,0,0,1,false,,false,false,false,false,false,,,,,,false,false,false,,,false,false,false,false,false,-83.07088,42.35202,"{
  ""coordinates"": [
    -8.307088804900000e+01,
    4.235202376200000e+01
  ],
  ""type"": ""Point""
}","{
  ""coordinates"": [
    -83.070888049,
    42.352023762
  ],
  ""type"": ""Point""
}",-83.070888049,42.352023762
4766,1172913,ALEXANDRINE,2ND,2017-10-25,25,10,2017,14,4,4,9,,,0,,1,2,1,30,2,2,2,5,0,0,0,0,true,,false,false,false,false,false,,,,,,false,false,true,,,false,false,false,false,false,-83.06516,42.34872,"{
  ""coordinates"": [
    -8.306515717799989e+01,
    4.234872442100000e+01
  ],
  ""type"": ""Point""
}","{
  ""coordinates"": [
    -83.065157178,
    42.348724421
  ],
  ""type"": ""Point""
}",-83.0651571779999,42.348724421
4767,1171871,I-75,MCNICHOLS,2017-10-25,25,10,2017,9,4,5,1,,1,0,,2,2,1,70,4,4,5,4,0,0,0,2,false,,false,false,false,false,false,,,,,,false,false,false,,,false,false,false,false,false,-83.08775,42.41786,"{
  ""coordinates"": [
    -8.308774874999990e+01,
    4.241786033100000e+01
  ],
  ""type"": ""Point""
}","{
  ""coordinates"": [
    -83.08774875,
    42.417860331
  ],
  ""type"": ""Point""
}",-83.0877487499999,42.417860331
4768,1188473,GRAND,RUSSELL,2017-10-25,25,10,2017,14,4,2,9,,4,0,,1,1,1,20,3,2,5,4,0,0,0,2,false,,false,false,false,true,false,,,,,,false,true,false,,,false,false,false,false,false,-83.05942,42.37494,"{
  ""coordinates"": [
    -8.305942007000000e+01,
    4.237493578100000e+01
  ],
  ""type"": ""Point""
}","{
  ""coordinates"": [
    -83.05942007,
    42.374935781
  ],
  ""type"": ""Point""
}",-83.05942007,42.374935781
4769,1174709,GRAND,MCGRAW,2017-10-25,25,10,2017,8,4,4,3,,1,0,,2,4,1,25,2,2,4,5,0,0,0,0,true,,false,false,false,false,false,,,,,,false,false,false,,,false,false,false,false,false,-83.10092,42.35338,"{
  ""coordinates"": [
    -8.310092100000000e+01,
    4.235337660500010e+01
  ],
  ""type"": ""Point""
}","{
  ""coordinates"": [
    -83.100921,
    42.353376605
  ],
  ""type"": ""Point""
}",-83.100921,42.3533766050001
4770,1172951,SOMERSET,CASINO,2017-10-25,25,10,2017,18,4,4,9,,,0,,1,1,1,25,1,2,5,5,0,0,0,0,true,,false,false,false,false,false,,,,,,false,false,false,,,false,false,false,false,false,-82.94241,42.42527,"{
  ""coordinates"": [
    -8.294240377100000e+01,
    4.242526545300010e+01
  ],
  ""type"": ""Point""
}","{
  ""coordinates"": [
    -82.942403771,
    42.425265453
  ],
  ""type"": ""Point""
}",-82.942403771,42.4252654530001
4771,1172909,M 39,PAUL,2017-10-25,25,10,2017,16,4,5,3,,1,0,,1,2,1,55,3,3,7,5,0,0,0,0,true,,false,false,false,false,false,,,,,,false,false,false,,,false,false,false,false,false,-83.21595,42.33641,"{
  ""coordinates"": [
    -8.321595191300000e+01,
    4.233640913100000e+01
  ],
  ""type"": ""Point""
}","{
  ""coordinates"": [
    -83.215951913,
    42.336409131
  ],
  ""type"": ""Point""
}",-83.215951913,42.336409131
4772,1174703,HARTWELL,CHICAGO,2017-10-25,25,10,2017,10,4,10,9,,,0,,1,1,1,15,2,2,1,5,0,0,0,0,true,,false,false,false,false,false,,,,,,false,false,false,,,false,false,false,false,false,-83.1765,42.36587,"{
  ""coordinates"": [
    -8.317649705100000e+01,
    4.236586745000010e+01
  ],
  ""type"": ""Point""
}","{
  ""coordinates"": [
    -83.176497051,
    42.36586745
  ],
  ""type"": ""Point""
}",-83.176497051,42.3658674500001
4773,1182345,S I 75,ROSA PARKS,2017-10-25,25,10,2017,13,4,97,1,,1,0,,2,1,1,55,2,4,2,5,0,0,0,0,true,,false,false,true,false,false,,,,,,false,false,true,,,false,false,false,false,false,-83.07301,42.33348,"{
  ""coordinates"": [
    -8.307301690600001e+01,
    4.233347916000000e+01
  ],
  ""type"": ""Point""
}","{
  ""coordinates"": [
    -83.073016906,
    42.33347916
  ],
  ""type"": ""Point""
}",-83.073016906,42.33347916
4774,1171920,TIREMAN,BEGOLE,2017-10-25,25,10,2017,17,4,8,9,,4,0,,1,1,1,30,6,2,2,5,0,0,0,0,true,,false,false,false,false,false,,,,,,false,false,false,,,false,false,false,false,false,-83.12308,42.35184,"{
  ""coordinates"": [
    -8.312307990499990e+01,
    4.235184315000000e+01
  ],
  ""type"": ""Point""
}","{
  ""coordinates"": [
    -83.123079905,
    42.35184315
  ],
  ""type"": ""Point""
}",-83.1230799049999,42.35184315
4775,1172927,VERNOR,ALGONQUIN,2017-10-25,25,10,2017,15,4,4,9,,4,0,,2,2,1,30,3,2,3,5,0,0,0,0,true,,true,false,false,false,false,,,,,,false,false,false,,,false,false,false,false,false,-82.96047,42.37633,"{
  ""coordinates"": [
    -8.296047283900000e+01,
    4.237632765800000e+01
  ],
  ""type"": ""Point""
}","{
  ""coordinates"": [
    -82.960472839,
    42.376327658
  ],
  ""type"": ""Point""
}",-82.960472839,42.376327658
4776,1171889,CADIEUX,CHANDLER PARK,2017-10-25,25,10,2017,17,4,97,9,,4,0,,1,1,1,25,4,4,4,5,0,0,0,0,true,,false,false,false,false,false,,,,,,false,true,true,,,false,false,false,false,false,-82.93316,42.41116,"{
  ""coordinates"": [
    -8.293315567900000e+01,
    4.241116505500000e+01
  ],
  ""type"": ""Point""
}","{
  ""coordinates"": [
    -82.933155679,
    42.411165055
  ],
  ""type"": ""Point""
}",-82.933155679,42.411165055
4777,1178491,LINCOLN,ELIJAH MCCOY,2017-10-25,25,10,2017,19,4,2,9,,,2,,1,1,5,0,2,2,2,4,0,0,0,1,false,,false,false,true,false,false,,,,,,false,false,false,,,false,false,false,false,false,-83.08134,42.35905,"{
  ""coordinates"": [
    -8.308133985800001e+01,
    4.235904609600000e+01
  ],
  ""type"": ""Point""
}","{
  ""coordinates"": [
    -83.081339858,
    42.359046096
  ],
  ""type"": ""Point""
}",-83.081339858,42.359046096
4778,1171899,SOUTHFIELD SERVICE DRIVE,8 MILE,2017-10-25,25,10,2017,8,4,5,3,,5,0,,2,1,1,55,4,2,1,5,0,0,0,0,true,,false,false,false,false,false,,,,,,false,false,false,,,false,false,false,false,false,-83.21927,42.44413,"{
  ""coordinates"": [
    -8.321927151800000e+01,
    4.244413342800000e+01
  ],
  ""type"": ""Point""
}","{
  ""coordinates"": [
    -83.219271518,
    42.444133428
  ],
  ""type"": ""Point""
}",-83.219271518,42.444133428
4779,1177632,W/B I-94,WOODWARD,2017-10-25,25,10,2017,14,4,5,1,,1,0,,1,1,1,55,3,4,5,5,0,0,0,0,true,,false,false,false,false,false,,,,,,false,false,false,,,false,false,false,false,false,-83.07127,42.36246,"{
  ""coordinates"": [
    -8.307126348500000e+01,
    4.236245989200010e+01
  ],
  ""type"": ""Point""
}","{
  ""coordinates"": [
    -83.071263485,
    42.362459892
  ],
  ""type"": ""Point""
}",-83.071263485,42.3624598920001
4780,1171861,I-94,WOODWARD,2017-10-25,25,10,2017,16,4,5,1,,1,0,,1,1,1,70,3,3,2,5,0,0,0,0,true,,false,false,true,false,false,,,,,,false,false,false,,,false,false,false,false,false,-83.05288,42.37186,"{
  ""coordinates"": [
    -8.305287778699990e+01,
    4.237185528800010e+01
  ],
  ""type"": ""Point""
}","{
  ""coordinates"": [
    -83.052877787,
    42.371855288
  ],
  ""type"": ""Point""
}",-83.0528777869999,42.3718552880001
4781,1176425,GRAND RIVER,GRANDMONT,2017-10-25,25,10,2017,13,4,8,3,,1,0,,2,4,1,35,3,2,1,5,0,0,0,0,true,,false,false,true,false,false,,,,,,false,false,false,,,false,false,false,false,false,-83.2099,42.39732,"{
  ""coordinates"": [
    -8.320990054200000e+01,
    4.239732190200000e+01
  ],
  ""type"": ""Point""
}","{
  ""coordinates"": [
    -83.209900542,
    42.397321902
  ],
  ""type"": ""Point""
}",-83.209900542,42.397321902
4782,1211244,I 94,MT ELLIOT,2017-10-24,24,10,2017,1,3,1,1,,1,1,,2,4,4,55,3,1,1,5,0,0,0,0,true,,false,false,false,false,false,,,,,,false,false,false,,,false,false,false,false,false,-83.03361,42.37947,"{
  ""coordinates"": [
    -8.303360569900001e+01,
    4.237947328400000e+01
  ],
  ""type"": ""Point""
}","{
  ""coordinates"": [
    -83.033605699,
    42.379473284
  ],
  ""type"": ""Point""
}",-83.033605699,42.379473284
4783,1171868,RAMP 220I,RAMP 220E,2017-10-24,24,10,2017,15,3,5,1,,1,0,,1,2,1,55,1,2,2,5,0,0,0,0,true,,false,false,false,false,false,,,,,,false,false,false,,,false,false,false,false,false,-82.98696,42.39603,"{
  ""coordinates"": [
    -8.298696105999990e+01,
    4.239602536400000e+01
  ],
  ""type"": ""Point""
}","{
  ""coordinates"": [
    -82.98696106,
    42.396025364
  ],
  ""type"": ""Point""
}",-82.9869610599999,42.396025364
4784,1172918,MICHIGAN,MARTIN,2017-10-24,24,10,2017,13,3,97,2,,1,0,,1,1,1,35,7,2,2,5,0,0,0,0,true,,false,false,true,false,false,,,,,,false,false,false,,,false,false,false,false,false,-83.12755,42.33115,"{
  ""coordinates"": [
    -8.312754889999999e+01,
    4.233115277700010e+01
  ],
  ""type"": ""Point""
}","{
  ""coordinates"": [
    -83.1275489,
    42.331152777
  ],
  ""type"": ""Point""
}",-83.1275489,42.3311527770001
4785,1170741,JOY,RUTLAND,2017-10-24,24,10,2017,17,3,5,9,,2,0,,1,2,1,0,2,2,1,5,0,0,0,0,true,,false,false,false,false,false,,,,,,false,false,false,,,false,false,false,false,false,-83.21255,42.35793,"{
  ""coordinates"": [
    -8.321255404399990e+01,
    4.235793074500000e+01
  ],
  ""type"": ""Point""
}","{
  ""coordinates"": [
    -83.212554044,
    42.357930745
  ],
  ""type"": ""Point""
}",-83.2125540439999,42.357930745
4786,1170758,REDFORD,GRAND RIVER,2017-10-24,24,10,2017,7,3,97,3,,4,0,,2,4,1,35,6,3,3,4,0,0,0,1,false,,false,false,false,false,false,,,,,,false,false,false,,,false,false,false,false,false,-83.25854,42.41679,"{
  ""coordinates"": [
    -8.325853931099989e+01,
    4.241679027600000e+01
  ],
  ""type"": ""Point""
}","{
  ""coordinates"": [
    -83.258539311,
    42.416790276
  ],
  ""type"": ""Point""
}",-83.2585393109999,42.416790276
4787,1176378,I-75,WARREN,2017-10-24,24,10,2017,3,3,5,1,,1,0,,2,2,4,55,3,2,2,2,0,1,1,0,false,,false,false,false,false,false,,,,,,false,false,false,,,false,false,false,false,false,-83.05336,42.35954,"{
  ""coordinates"": [
    -8.305336248899989e+01,
    4.235954187500000e+01
  ],
  ""type"": ""Point""
}","{
  ""coordinates"": [
    -83.053362489,
    42.359541875
  ],
  ""type"": ""Point""
}",-83.0533624889999,42.359541875
4788,1170753,MCNICHOLS,LAHSER,2017-10-24,24,10,2017,8,3,5,9,,2,0,,2,4,1,35,5,2,2,5,0,0,0,0,true,,false,false,false,false,false,,,,,,false,true,true,,,false,false,false,false,false,-83.25747,42.4146,"{
  ""coordinates"": [
    -8.325746538500000e+01,
    4.241460365200000e+01
  ],
  ""type"": ""Point""
}","{
  ""coordinates"": [
    -83.257465385,
    42.414603652
  ],
  ""type"": ""Point""
}",-83.257465385,42.414603652
4789,1170756,SCHAEFER,SEVEN MILE,2017-10-24,24,10,2017,14,3,5,9,,4,0,,1,1,1,35,4,2,1,5,0,0,0,0,true,,false,false,true,false,false,,,,,,false,false,false,,,false,true,false,false,false,-83.1805,42.43113,"{
  ""coordinates"": [
    -8.318050390400001e+01,
    4.243112748000000e+01
  ],
  ""type"": ""Point""
}","{
  ""coordinates"": [
    -83.180503904,
    42.43112748
  ],
  ""type"": ""Point""
}",-83.180503904,42.43112748