ObjectId,Crash ID,Primary Road,Intersecting Road,Crash Date,Day,Month,Year,Hour,Weekday,Crash Type Code,Highway Classification Code,Community Code,Jurisdiction Code,Lane Departure Type Code,Surface Type,Road Condition,Weather Condition,Lighting Condition,Speed Limit,Lanes,Units,Occupants,Most Severe Injury,Fatal Injuries,Suspected Serious Injuries,Suspected Minor Injuries,Possible Injuries,Property Damage Only,Secondary Crash,Traffic Control,Red Light Run,Hit and Run,Alcohol,Drugs,Unbelted Person,Work Zone,Speeding Driver,Distracted Driver,Driveway,Pedestrian,Elderly Driver,Young Driver,Commercial Vehicle,Emergency Vehicles,Train,School Bus,Motorcycle,Bicycle,Deer,Longitude,Latitude,geom,geog,x,y
4790,1171866,I-94,M-10,2017-10-24,24,10,2017,12,3,5,1,,1,0,,2,2,1,55,3,2,2,5,0,0,0,0,true,,false,false,false,false,false,,,,,,false,false,true,,,false,false,false,false,false,-83.07732,42.35884,"{
  ""coordinates"": [
    -8.307732412999999e+01,
    4.235884395700000e+01
  ],
  ""type"": ""Point""
}","{
  ""coordinates"": [
    -83.07732413,
    42.358843957
  ],
  ""type"": ""Point""
}",-83.07732413,42.358843957
4791,1174696,I-96,WARREN,2017-10-24,24,10,2017,9,3,8,1,,1,0,,1,2,1,55,4,2,2,5,0,0,0,0,true,,false,false,false,false,false,,,,,,false,false,false,,,false,false,false,false,false,-83.09612,42.34509,"{
  ""coordinates"": [
    -8.309611377300000e+01,
    4.234508579200010e+01
  ],
  ""type"": ""Point""
}","{
  ""coordinates"": [
    -83.096113773,
    42.345085792
  ],
  ""type"": ""Point""
}",-83.096113773,42.3450857920001
4792,1171916,GROESBECK,8 MILE,2017-10-24,24,10,2017,19,3,5,3,,1,0,,2,4,4,0,4,2,2,5,0,0,0,0,true,,false,false,false,false,false,,,,,,false,true,false,,,false,false,false,false,false,-83.00262,42.44901,"{
  ""coordinates"": [
    -8.300261983699990e+01,
    4.244901007300010e+01
  ],
  ""type"": ""Point""
}","{
  ""coordinates"": [
    -83.002619837,
    42.449010073
  ],
  ""type"": ""Point""
}",-83.0026198369999,42.4490100730001
4793,1215401,WILDEMERE,MCNICHOLS,2017-10-24,24,10,2017,17,3,8,9,,,0,,1,1,4,25,2,2,2,5,0,0,0,0,true,,false,false,false,false,false,,,,,,false,false,true,,,false,false,false,false,false,-83.13285,42.41705,"{
  ""coordinates"": [
    -8.313285026499990e+01,
    4.241705077500010e+01
  ],
  ""type"": ""Point""
}","{
  ""coordinates"": [
    -83.132850265,
    42.417050775
  ],
  ""type"": ""Point""
}",-83.1328502649999,42.4170507750001
4794,1174694,I-96,FULLERTON,2017-10-24,24,10,2017,7,3,8,1,,1,0,,2,4,4,70,5,2,5,5,0,0,0,0,true,,false,false,false,false,false,,,,,,false,false,false,,,false,false,false,false,false,-83.18711,42.38084,"{
  ""coordinates"": [
    -8.318711466500000e+01,
    4.238084285600010e+01
  ],
  ""type"": ""Point""
}","{
  ""coordinates"": [
    -83.187114665,
    42.380842856
  ],
  ""type"": ""Point""
}",-83.187114665,42.3808428560001
4795,1170782,MOUNT ELLIOTT,OUTER,2017-10-24,24,10,2017,3,3,4,9,,4,0,,2,1,4,35,2,2,2,5,0,0,0,0,true,,false,false,false,false,false,,,,,,false,false,false,,,false,false,false,false,false,-83.03919,42.44092,"{
  ""coordinates"": [
    -8.303919155700000e+01,
    4.244091803300010e+01
  ],
  ""type"": ""Point""
}","{
  ""coordinates"": [
    -83.039191557,
    42.440918033
  ],
  ""type"": ""Point""
}",-83.039191557,42.4409180330001
4796,1180728,E I 96,SCHAEFER,2017-10-24,24,10,2017,5,3,1,1,,1,0,,2,4,4,55,3,1,1,5,0,0,0,0,true,,false,false,false,false,false,,,,,,false,false,false,,,false,false,false,false,false,-83.18069,42.38263,"{
  ""coordinates"": [
    -8.318069531299990e+01,
    4.238262633900010e+01
  ],
  ""type"": ""Point""
}","{
  ""coordinates"": [
    -83.180695313,
    42.382626339
  ],
  ""type"": ""Point""
}",-83.1806953129999,42.3826263390001
4797,1171878,THIRD,BAGLEY,2017-10-24,24,10,2017,12,3,5,9,,4,0,,1,1,1,25,4,2,2,5,0,0,0,0,true,,false,false,false,false,false,,,,,,false,false,true,,,false,false,false,false,false,-83.05782,42.33249,"{
  ""coordinates"": [
    -8.305782622899990e+01,
    4.233249267800010e+01
  ],
  ""type"": ""Point""
}","{
  ""coordinates"": [
    -83.057826229,
    42.332492678
  ],
  ""type"": ""Point""
}",-83.0578262289999,42.3324926780001
4798,1171890,KERCHEVAL,DEFER,2017-10-24,24,10,2017,7,3,4,9,,4,0,,2,4,1,0,5,2,2,5,0,0,0,0,true,,true,false,true,false,false,,,,,,false,false,false,,,false,false,false,false,false,-82.97286,42.36913,"{
  ""coordinates"": [
    -8.297286255800000e+01,
    4.236912783800010e+01
  ],
  ""type"": ""Point""
}","{
  ""coordinates"": [
    -82.972862558,
    42.369127838
  ],
  ""type"": ""Point""
}",-82.972862558,42.3691278380001
4799,1170745,WYOMING,KEELER,2017-10-24,24,10,2017,6,3,5,3,,4,0,,2,1,1,30,4,2,1,3,0,0,1,0,false,,false,false,true,false,false,,,,,,false,false,false,,,false,false,false,false,false,-83.15977,42.40435,"{
  ""coordinates"": [
    -8.315977146499991e+01,
    4.240434519400000e+01
  ],
  ""type"": ""Point""
}","{
  ""coordinates"": [
    -83.159771465,
    42.404345194
  ],
  ""type"": ""Point""
}",-83.1597714649999,42.404345194
4800,1171902,LAFAYETTE,SAINT AUBIN,2017-10-24,24,10,2017,16,3,4,9,,4,0,,1,2,1,25,4,2,2,5,0,0,0,0,true,,true,true,false,false,false,,,,,,false,false,true,,,false,false,false,false,false,-83.02979,42.33912,"{
  ""coordinates"": [
    -8.302978352699991e+01,
    4.233912017600010e+01
  ],
  ""type"": ""Point""
}","{
  ""coordinates"": [
    -83.029783527,
    42.339120176
  ],
  ""type"": ""Point""
}",-83.0297835269999,42.3391201760001
4801,1172935,I 94,VAN DYKE,2017-10-24,24,10,2017,19,3,1,1,,1,0,,2,4,3,55,3,1,1,5,0,0,0,0,true,,false,false,false,false,false,,,,,,false,false,false,,,false,false,false,false,false,-83.01974,42.38628,"{
  ""coordinates"": [
    -8.301974223500000e+01,
    4.238627698200000e+01
  ],
  ""type"": ""Point""
}","{
  ""coordinates"": [
    -83.019742235,
    42.386276982
  ],
  ""type"": ""Point""
}",-83.019742235,42.386276982
4802,1176360,I-75,SCHAEFER,2017-10-24,24,10,2017,0,3,1,1,,1,1,,2,4,4,70,3,1,3,4,0,0,0,1,false,,false,false,false,false,false,,,,,,false,false,true,,,false,false,false,false,false,-83.1546,42.2777,"{
  ""coordinates"": [
    -8.315460225800000e+01,
    4.227770259900010e+01
  ],
  ""type"": ""Point""
}","{
  ""coordinates"": [
    -83.154602258,
    42.277702599
  ],
  ""type"": ""Point""
}",-83.154602258,42.2777025990001
4803,1177650,M-10,M-8,2017-10-24,24,10,2017,9,3,5,3,,1,0,,1,2,1,55,3,2,2,5,0,0,0,0,true,,false,false,false,false,false,,,,,,false,false,false,,,false,false,false,false,false,-83.11086,42.3983,"{
  ""coordinates"": [
    -8.311085847800000e+01,
    4.239830155400010e+01
  ],
  ""type"": ""Point""
}","{
  ""coordinates"": [
    -83.110858478,
    42.398301554
  ],
  ""type"": ""Point""
}",-83.110858478,42.3983015540001
4804,1171910,JEFFERSON,MCCLELLAN,2017-10-24,24,10,2017,20,3,5,9,,4,0,,2,4,4,0,8,2,2,5,0,0,0,0,true,,false,false,false,false,false,,,,,,false,false,false,,,false,false,false,false,false,-82.98461,42.3588,"{
  ""coordinates"": [
    -8.298461058399990e+01,
    4.235880301300010e+01
  ],
  ""type"": ""Point""
}","{
  ""coordinates"": [
    -82.984610584,
    42.358803013
  ],
  ""type"": ""Point""
}",-82.9846105839999,42.3588030130001
4805,1176375,I-94,BARRETT,2017-10-24,24,10,2017,19,3,5,1,,1,0,,2,4,4,55,3,2,2,5,0,0,0,0,true,,false,false,false,false,false,,,,,,false,false,false,,,false,false,false,false,false,-82.98366,42.39852,"{
  ""coordinates"": [
    -8.298365632500000e+01,
    4.239852142900000e+01
  ],
  ""type"": ""Point""
}","{
  ""coordinates"": [
    -82.983656325,
    42.398521429
  ],
  ""type"": ""Point""
}",-82.983656325,42.398521429
4806,1230485,HOUSTON WHITTIER,LORETTO,2017-10-24,24,10,2017,11,3,6,9,,4,0,,2,4,1,30,2,3,2,4,0,0,0,1,false,,false,false,true,false,false,,,,,,false,false,false,,,false,false,false,false,false,-82.97694,42.42062,"{
  ""coordinates"": [
    -8.297693632600000e+01,
    4.242061433800010e+01
  ],
  ""type"": ""Point""
}","{
  ""coordinates"": [
    -82.976936326,
    42.420614338
  ],
  ""type"": ""Point""
}",-82.976936326,42.4206143380001
4807,1193813,JEFFERSON,MCDOUGALL,2017-10-24,24,10,2017,16,3,8,9,,4,0,,2,2,3,35,3,2,1,4,0,0,0,1,false,,false,false,true,false,false,,,,,,false,false,false,,,false,false,false,false,false,-83.01639,42.34094,"{
  ""coordinates"": [
    -8.301638431000001e+01,
    4.234094101000010e+01
  ],
  ""type"": ""Point""
}","{
  ""coordinates"": [
    -83.01638431,
    42.34094101
  ],
  ""type"": ""Point""
}",-83.01638431,42.3409410100001
4808,1170750,RAMP 051A,TELEGRAPH,2017-10-24,24,10,2017,23,3,1,2,,1,1,,2,4,5,0,1,1,1,5,0,0,0,0,true,,false,false,false,false,false,,,,,,false,false,true,,,false,false,false,false,false,-83.27842,42.44178,"{
  ""coordinates"": [
    -8.327842195499990e+01,
    4.244177733600000e+01
  ],
  ""type"": ""Point""
}","{
  ""coordinates"": [
    -83.278421955,
    42.441777336
  ],
  ""type"": ""Point""
}",-83.2784219549999,42.441777336
4809,1170732,STRATHMOOR,INTERVALE,2017-10-24,24,10,2017,11,3,98,9,,,0,,2,4,1,0,2,2,0,5,0,0,0,0,true,,false,false,true,false,false,,,,,,false,false,false,,,false,false,false,false,false,-83.18732,42.3911,"{
  ""coordinates"": [
    -8.318732447100000e+01,
    4.239109641900010e+01
  ],
  ""type"": ""Point""
}","{
  ""coordinates"": [
    -83.187324471,
    42.391096419
  ],
  ""type"": ""Point""
}",-83.187324471,42.3910964190001
4810,1174695,DAVISON,I-96,2017-10-24,24,10,2017,8,3,5,3,,1,0,,1,2,1,55,3,2,2,4,0,0,0,2,false,,false,false,false,false,false,,,,,,false,false,false,,,false,false,false,false,false,-83.14437,42.38643,"{
  ""coordinates"": [
    -8.314436728399990e+01,
    4.238643383400010e+01
  ],
  ""type"": ""Point""
}","{
  ""coordinates"": [
    -83.144367284,
    42.386433834
  ],
  ""type"": ""Point""
}",-83.1443672839999,42.3864338340001
4811,1170764,BRINGARD,SCHOENHERR,2017-10-24,24,10,2017,8,3,97,9,,,0,,2,4,97,35,2,1,4,5,0,0,0,0,true,,false,false,true,false,false,,,,,,false,false,false,,,false,false,false,false,false,-82.98553,42.44582,"{
  ""coordinates"": [
    -8.298553198899999e+01,
    4.244582304900010e+01
  ],
  ""type"": ""Point""
}","{
  ""coordinates"": [
    -82.985531989,
    42.445823049
  ],
  ""type"": ""Point""
}",-82.985531989,42.4458230490001
4812,1170759,7 MILE,GREENFIELD,2017-10-24,24,10,2017,10,3,5,9,,2,0,,2,4,1,35,4,3,4,5,0,0,0,0,true,,false,false,true,false,false,,,,,,false,false,false,,,false,false,false,false,false,-83.19994,42.43043,"{
  ""coordinates"": [
    -8.319994726399990e+01,
    4.243042718900010e+01
  ],
  ""type"": ""Point""
}","{
  ""coordinates"": [
    -83.199947264,
    42.430427189
  ],
  ""type"": ""Point""
}",-83.1999472639999,42.4304271890001
4813,1174664,RAMP 010D,S M 39,2017-10-24,24,10,2017,7,3,5,3,,1,0,,2,4,4,55,3,2,2,4,0,0,0,1,false,,false,false,false,false,false,,,,,,false,false,false,,,false,false,false,false,false,-83.21895,42.4132,"{
  ""coordinates"": [
    -8.321894930000001e+01,
    4.241320385200000e+01
  ],
  ""type"": ""Point""
}","{
  ""coordinates"": [
    -83.2189493,
    42.413203852
  ],
  ""type"": ""Point""
}",-83.2189493,42.413203852
4814,1220697,S M 39,FULLERTON,2017-10-24,24,10,2017,17,3,5,3,,1,0,,2,2,1,55,3,2,2,5,0,0,0,0,true,,false,false,false,false,false,,,,,,false,false,false,,,false,false,false,false,false,-83.21725,42.38002,"{
  ""coordinates"": [
    -8.321725435799991e+01,
    4.238002265300000e+01
  ],
  ""type"": ""Point""
}","{
  ""coordinates"": [
    -83.217254358,
    42.380022653
  ],
  ""type"": ""Point""
}",-83.2172543579999,42.380022653
4815,1177648,I-75,CLIFFORD,2017-10-24,24,10,2017,6,3,8,1,,1,0,,1,2,4,55,4,2,2,5,0,0,0,0,true,,false,false,false,false,false,,,,,,false,true,true,,,false,false,false,false,false,-83.0562,42.33824,"{
  ""coordinates"": [
    -8.305620000300000e+01,
    4.233823925700010e+01
  ],
  ""type"": ""Point""
}","{
  ""coordinates"": [
    -83.056200003,
    42.338239257
  ],
  ""type"": ""Point""
}",-83.056200003,42.3382392570001
4816,1170762,ROHNS,FOREST,2017-10-24,24,10,2017,12,3,2,9,,,0,,1,1,1,25,2,2,1,5,0,0,0,0,true,,false,false,true,false,false,,,,,,false,false,false,,,false,false,false,false,false,-83.00193,42.37766,"{
  ""coordinates"": [
    -8.300192666000000e+01,
    4.237765604600000e+01
  ],
  ""type"": ""Point""
}","{
  ""coordinates"": [
    -83.00192666,
    42.377656046
  ],
  ""type"": ""Point""
}",-83.00192666,42.377656046
4817,1174820,STATE FAIR,WOODWARD,2017-10-24,24,10,2017,6,3,5,3,,7,0,,2,4,2,40,4,2,2,5,0,0,0,0,true,,false,false,false,false,false,,,,,,false,false,false,,,false,false,false,false,false,-83.12008,42.43919,"{
  ""coordinates"": [
    -8.312007886299990e+01,
    4.243918942300010e+01
  ],
  ""type"": ""Point""
}","{
  ""coordinates"": [
    -83.120078863,
    42.439189423
  ],
  ""type"": ""Point""
}",-83.1200788629999,42.4391894230001
4818,1189237,KELLY,EIGHT MILE,2017-10-24,24,10,2017,12,3,4,9,,2,0,,1,1,1,35,3,2,2,5,0,0,0,0,true,,false,false,true,false,false,,,,,,false,false,false,,,false,false,false,false,false,-82.94139,42.44956,"{
  ""coordinates"": [
    -8.294138772500000e+01,
    4.244956116700010e+01
  ],
  ""type"": ""Point""
}","{
  ""coordinates"": [
    -82.941387725,
    42.449561167
  ],
  ""type"": ""Point""
}",-82.941387725,42.4495611670001
4819,1170746,WYOMING,7MILE,2017-10-24,24,10,2017,7,3,5,9,,4,0,,2,4,4,30,4,2,1,5,0,0,0,0,true,,false,false,false,false,false,,,,,,false,false,false,,,false,false,false,false,false,-83.16098,42.43143,"{
  ""coordinates"": [
    -8.316098237999999e+01,
    4.243142571200010e+01
  ],
  ""type"": ""Point""
}","{
  ""coordinates"": [
    -83.16098238,
    42.431425712
  ],
  ""type"": ""Point""
}",-83.16098238,42.4314257120001
4820,1171867,N M 10,MARTIN LUTHER KING JR,2017-10-24,24,10,2017,13,3,5,3,,1,0,,1,2,1,55,3,2,1,5,0,0,0,0,true,,false,false,true,false,false,,,,,,false,true,false,,,false,false,false,false,false,-83.06796,42.34311,"{
  ""coordinates"": [
    -8.306795575200000e+01,
    4.234310698400000e+01
  ],
  ""type"": ""Point""
}","{
  ""coordinates"": [
    -83.067955752,
    42.343106984
  ],
  ""type"": ""Point""
}",-83.067955752,42.343106984
4821,1176381,I-96,GREENFIELD,2017-10-24,24,10,2017,23,3,1,1,,1,1,,2,4,4,55,3,1,1,5,0,0,0,0,true,,false,false,false,false,false,,,,,,false,false,false,,,false,false,false,false,false,-83.19608,42.37925,"{
  ""coordinates"": [
    -8.319608244599991e+01,
    4.237925091000010e+01
  ],
  ""type"": ""Point""
}","{
  ""coordinates"": [
    -83.196082446,
    42.37925091
  ],
  ""type"": ""Point""
}",-83.1960824459999,42.3792509100001
4822,1177649,I-96,M-39,2017-10-24,24,10,2017,8,3,5,1,,1,0,,1,2,2,70,3,2,2,5,0,0,0,0,true,,false,false,false,false,false,,,,,,false,false,true,,,false,false,false,false,false,-83.21652,42.37865,"{
  ""coordinates"": [
    -8.321652163999990e+01,
    4.237864971400010e+01
  ],
  ""type"": ""Point""
}","{
  ""coordinates"": [
    -83.21652164,
    42.378649714
  ],
  ""type"": ""Point""
}",-83.2165216399999,42.3786497140001
4823,1174697,I-75,SCHAEFER,2017-10-24,24,10,2017,10,3,1,1,,1,1,,2,2,1,55,3,1,1,5,0,0,0,0,true,,false,false,false,false,false,,,,,,false,false,false,,,false,false,false,false,false,-83.1546,42.2777,"{
  ""coordinates"": [
    -8.315460225800000e+01,
    4.227770259900010e+01
  ],
  ""type"": ""Point""
}","{
  ""coordinates"": [
    -83.154602258,
    42.277702599
  ],
  ""type"": ""Point""
}",-83.154602258,42.2777025990001
4824,1195264,7 MILE,GREENFIELD,2017-10-24,24,10,2017,19,3,8,9,,2,0,,2,4,4,35,5,2,1,5,0,0,0,0,true,,false,false,true,false,false,,,,,,false,false,false,,,false,false,false,false,false,-83.19959,42.43044,"{
  ""coordinates"": [
    -8.319959622800000e+01,
    4.243043489200010e+01
  ],
  ""type"": ""Point""
}","{
  ""coordinates"": [
    -83.199596228,
    42.430434892
  ],
  ""type"": ""Point""
}",-83.199596228,42.4304348920001
4825,1170776,LYNCH,ELDON,2017-10-24,24,10,2017,16,3,5,9,,4,0,,1,1,3,30,2,2,2,3,0,0,1,0,false,,false,false,false,false,false,,,,,,false,false,false,,,false,false,false,false,false,-83.02658,42.40495,"{
  ""coordinates"": [
    -8.302657974100001e+01,
    4.240494631900000e+01
  ],
  ""type"": ""Point""
}","{
  ""coordinates"": [
    -83.026579741,
    42.404946319
  ],
  ""type"": ""Point""
}",-83.026579741,42.404946319
4826,1182358,I-94,NOTTINGHAM,2017-10-24,24,10,2017,7,3,5,1,,1,0,,1,2,4,55,3,2,2,5,0,0,0,0,true,,false,false,false,false,false,,,,,,false,false,true,,,false,false,false,false,false,-82.9537,42.40701,"{
  ""coordinates"": [
    -8.295369961400000e+01,
    4.240700554500010e+01
  ],
  ""type"": ""Point""
}","{
  ""coordinates"": [
    -82.953699614,
    42.407005545
  ],
  ""type"": ""Point""
}",-82.953699614,42.4070055450001
4827,1174665,E I 96,SCHAEFER,2017-10-24,24,10,2017,8,3,5,1,,1,0,,2,4,1,70,3,7,6,4,0,0,0,1,false,,false,false,false,false,false,,,,,,false,true,false,,,false,false,false,false,false,-83.17908,42.38299,"{
  ""coordinates"": [
    -8.317908551799999e+01,
    4.238298692200000e+01
  ],
  ""type"": ""Point""
}","{
  ""coordinates"": [
    -83.179085518,
    42.382986922
  ],
  ""type"": ""Point""
}",-83.179085518,42.382986922
4828,1169501,MAYFIELD,HAYES,2017-10-24,24,10,2017,7,3,4,9,,,0,,2,2,3,25,3,2,3,5,0,0,0,0,true,,true,false,false,false,false,,,,,,false,false,true,,,false,false,false,false,false,-82.96507,42.4224,"{
  ""coordinates"": [
    -8.296506994000001e+01,
    4.242239572700000e+01
  ],
  ""type"": ""Point""
}","{
  ""coordinates"": [
    -82.96506994,
    42.422395727
  ],
  ""type"": ""Point""
}",-82.96506994,42.422395727
4829,1170727,I-94,SEVEN MILE,2017-10-24,24,10,2017,7,3,5,1,,1,0,,2,4,1,55,3,2,2,5,0,0,0,0,true,,false,false,false,false,false,,,,,,false,false,false,,,false,false,false,false,false,-82.95775,42.40583,"{
  ""coordinates"": [
    -8.295774893100000e+01,
    4.240583383900000e+01
  ],
  ""type"": ""Point""
}","{
  ""coordinates"": [
    -82.957748931,
    42.405833839
  ],
  ""type"": ""Point""
}",-82.957748931,42.405833839
4830,1174753,FENKELL,STAHELIN,2017-10-24,24,10,2017,14,3,10,9,,2,0,,1,2,1,35,2,2,2,5,0,0,0,0,true,,false,false,false,false,false,,,,,,false,true,false,,,false,false,false,false,false,-83.2262,42.40092,"{
  ""coordinates"": [
    -8.322620272700000e+01,
    4.240092050700010e+01
  ],
  ""type"": ""Point""
}","{
  ""coordinates"": [
    -83.226202727,
    42.400920507
  ],
  ""type"": ""Point""
}",-83.226202727,42.4009205070001
4831,1196567,CONANT,7 MILE,2017-10-24,24,10,2017,19,3,4,9,,4,0,,1,1,2,35,6,2,1,5,0,0,0,0,true,,false,false,true,false,false,,,,,,false,false,false,,,false,false,false,false,false,-83.07365,42.43291,"{
  ""coordinates"": [
    -8.307364911900000e+01,
    4.243291072200000e+01
  ],
  ""type"": ""Point""
}","{
  ""coordinates"": [
    -83.073649119,
    42.432910722
  ],
  ""type"": ""Point""
}",-83.073649119,42.432910722
4832,1172915,VINEWOOD,VERNOR,2017-10-24,24,10,2017,7,3,97,9,,4,0,,2,2,4,25,4,2,2,5,0,0,0,0,true,,false,false,false,false,false,,,,,,false,false,true,,,false,false,false,false,false,-83.09088,42.32285,"{
  ""coordinates"": [
    -8.309088499599990e+01,
    4.232285018400010e+01
  ],
  ""type"": ""Point""
}","{
  ""coordinates"": [
    -83.090884996,
    42.322850184
  ],
  ""type"": ""Point""
}",-83.0908849959999,42.3228501840001
4833,1170748,JOY,FAUST,2017-10-24,24,10,2017,8,3,5,9,,2,0,,2,4,1,35,4,2,1,4,0,0,0,1,false,,false,false,true,false,false,,,,,,false,false,false,,,false,false,false,false,false,-83.22137,42.35778,"{
  ""coordinates"": [
    -8.322137269000000e+01,
    4.235778135100000e+01
  ],
  ""type"": ""Point""
}","{
  ""coordinates"": [
    -83.22137269,
    42.357781351
  ],
  ""type"": ""Point""
}",-83.22137269,42.357781351
4834,1170737,GRATIOT,BRUSH,2017-10-24,24,10,2017,8,3,4,3,,1,0,,1,1,1,30,6,2,2,5,0,0,0,0,true,,false,false,false,false,false,,,,,,false,false,false,,,false,false,false,false,false,-83.04463,42.33586,"{
  ""coordinates"": [
    -8.304462897499999e+01,
    4.233585864400000e+01
  ],
  ""type"": ""Point""
}","{
  ""coordinates"": [
    -83.044628975,
    42.335858644
  ],
  ""type"": ""Point""
}",-83.044628975,42.335858644
4835,1176361,W I 96,W SCHOOLCRAFT/E I 96 CROSSOVER,2017-10-24,24,10,2017,15,3,4,1,,1,0,,1,2,1,70,3,2,2,4,0,0,0,1,false,,false,false,false,false,false,,,,,,false,false,true,,,false,false,false,false,false,-83.27405,42.3855,"{
  ""coordinates"": [
    -8.327404735899999e+01,
    4.238550089500010e+01
  ],
  ""type"": ""Point""
}","{
  ""coordinates"": [
    -83.274047359,
    42.385500895
  ],
  ""type"": ""Point""
}",-83.274047359,42.3855008950001
4836,1171929,WARREN,SECOND,2017-10-24,24,10,2017,18,3,6,9,,4,0,,2,4,4,25,6,2,2,5,0,0,0,0,true,,false,false,false,false,false,,,,,,false,false,false,,,false,false,false,false,false,-83.06882,42.35521,"{
  ""coordinates"": [
    -8.306882850200000e+01,
    4.235520579800000e+01
  ],
  ""type"": ""Point""
}","{
  ""coordinates"": [
    -83.068828502,
    42.355205798
  ],
  ""type"": ""Point""
}",-83.068828502,42.355205798
4837,1171865,I-94,ROSAPARKS,2017-10-24,24,10,2017,11,3,5,1,,1,0,,2,4,1,55,3,2,2,5,0,0,0,0,true,,false,false,false,false,false,,,,,,false,false,true,,,false,false,false,false,false,-83.08485,42.35474,"{
  ""coordinates"": [
    -8.308485017800000e+01,
    4.235473657900010e+01
  ],
  ""type"": ""Point""
}","{
  ""coordinates"": [
    -83.084850178,
    42.354736579
  ],
  ""type"": ""Point""
}",-83.084850178,42.3547365790001
4838,1170754,N M 39 SERVICE DRIVE,JOY,2017-10-24,24,10,2017,8,3,5,9,,4,0,,2,4,1,30,2,3,7,5,0,0,0,0,true,,false,false,false,false,false,,,,,,false,false,false,,,false,false,false,false,false,-83.21606,42.3578,"{
  ""coordinates"": [
    -8.321606761800000e+01,
    4.235780450300010e+01
  ],
  ""type"": ""Point""
}","{
  ""coordinates"": [
    -83.216067618,
    42.357804503
  ],
  ""type"": ""Point""
}",-83.216067618,42.3578045030001
4839,1210654,I-94,I-75,2017-10-24,24,10,2017,8,3,5,1,,1,0,,98,98,98,55,3,2,2,5,0,0,0,0,true,,false,false,false,false,false,,,,,,false,false,true,,,false,false,false,false,false,-83.0566,42.36961,"{
  ""coordinates"": [
    -8.305660055800000e+01,
    4.236961247600000e+01
  ],
  ""type"": ""Point""
}","{
  ""coordinates"": [
    -83.056600558,
    42.369612476
  ],
  ""type"": ""Point""
}",-83.056600558,42.369612476
4840,1170757,ARCHDALE,GRAND RIVER,2017-10-24,24,10,2017,14,3,2,3,,,2,,1,2,1,15,2,2,2,3,0,0,1,0,false,,false,false,true,false,false,,,,,,false,true,false,,,false,false,false,false,false,-83.2167,42.39994,"{
  ""coordinates"": [
    -8.321669782200000e+01,
    4.239993491200000e+01
  ],
  ""type"": ""Point""
}","{
  ""coordinates"": [
    -83.216697822,
    42.399934912
  ],
  ""type"": ""Point""
}",-83.216697822,42.399934912
4841,1171903,CHENE,FOREST,2017-10-24,24,10,2017,11,3,4,9,,4,0,,2,4,1,30,3,2,2,5,0,0,0,0,true,,true,true,false,false,false,,,,,,false,false,true,,,false,false,false,false,false,-83.0394,42.36361,"{
  ""coordinates"": [
    -8.303940181199989e+01,
    4.236361170400000e+01
  ],
  ""type"": ""Point""
}","{
  ""coordinates"": [
    -83.039401812,
    42.363611704
  ],
  ""type"": ""Point""
}",-83.0394018119999,42.363611704
4842,1170770,PINGREE,LINWOOD,2017-10-24,24,10,2017,10,3,5,9,,,0,,1,1,1,25,2,2,0,5,0,0,0,0,true,,false,false,true,false,false,,,,,,false,false,false,,,false,false,false,false,false,-83.10657,42.3683,"{
  ""coordinates"": [
    -8.310656940400000e+01,
    4.236829660800000e+01
  ],
  ""type"": ""Point""
}","{
  ""coordinates"": [
    -83.106569404,
    42.368296608
  ],
  ""type"": ""Point""
}",-83.106569404,42.368296608
4843,1170731,PLYMOUTH,GRIGGS,2017-10-24,24,10,2017,18,3,5,9,,4,0,,2,4,4,35,6,3,5,4,0,0,0,1,false,,false,false,false,false,false,,,,,,false,false,false,,,false,false,false,false,false,-83.16193,42.37342,"{
  ""coordinates"": [
    -8.316193738299999e+01,
    4.237342470300010e+01
  ],
  ""type"": ""Point""
}","{
  ""coordinates"": [
    -83.161937383,
    42.373424703
  ],
  ""type"": ""Point""
}",-83.161937383,42.3734247030001
4844,1177651,RAMP 3215A,M-10,2017-10-24,24,10,2017,10,3,1,1,,1,1,,2,4,1,55,1,1,1,4,0,0,0,1,false,,false,false,false,false,false,,,,,,false,false,true,,,false,false,false,false,false,-83.07517,42.35646,"{
  ""coordinates"": [
    -8.307517348399990e+01,
    4.235645582300000e+01
  ],
  ""type"": ""Point""
}","{
  ""coordinates"": [
    -83.075173484,
    42.356455823
  ],
  ""type"": ""Point""
}",-83.0751734839999,42.356455823
4845,1170774,SCHOENHERR,BRINGARD,2017-10-24,24,10,2017,9,3,4,9,,4,0,,2,2,1,35,4,2,2,5,0,0,0,0,true,,false,false,true,false,false,,,,,,false,false,false,,,false,false,false,false,false,-82.98553,42.44582,"{
  ""coordinates"": [
    -8.298553198899999e+01,
    4.244582304900010e+01
  ],
  ""type"": ""Point""
}","{
  ""coordinates"": [
    -82.985531989,
    42.445823049
  ],
  ""type"": ""Point""
}",-82.985531989,42.4458230490001
4846,1178499,GRAND RIVER,WARWICK,2017-10-24,24,10,2017,2,3,2,3,,1,0,,2,4,4,35,5,2,2,1,1,0,0,0,false,,false,false,false,false,false,,,,,,false,false,false,,,false,false,false,false,false,-83.22863,42.40487,"{
  ""coordinates"": [
    -8.322862862700001e+01,
    4.240486648700000e+01
  ],
  ""type"": ""Point""
}","{
  ""coordinates"": [
    -83.228628627,
    42.404866487
  ],
  ""type"": ""Point""
}",-83.228628627,42.404866487