ObjectId,Crash ID,Primary Road,Intersecting Road,Crash Date,Day,Month,Year,Hour,Weekday,Crash Type Code,Highway Classification Code,Community Code,Jurisdiction Code,Lane Departure Type Code,Surface Type,Road Condition,Weather Condition,Lighting Condition,Speed Limit,Lanes,Units,Occupants,Most Severe Injury,Fatal Injuries,Suspected Serious Injuries,Suspected Minor Injuries,Possible Injuries,Property Damage Only,Secondary Crash,Traffic Control,Red Light Run,Hit and Run,Alcohol,Drugs,Unbelted Person,Work Zone,Speeding Driver,Distracted Driver,Driveway,Pedestrian,Elderly Driver,Young Driver,Commercial Vehicle,Emergency Vehicles,Train,School Bus,Motorcycle,Bicycle,Deer,Longitude,Latitude,geom,geog,x,y
4847,1171884,MCGRAW,CABOT,2017-10-24,24,10,2017,23,3,4,9,,4,0,,2,4,4,30,5,2,2,4,0,0,0,1,false,,false,false,true,false,false,,,,,,false,false,true,,,false,false,false,false,false,-83.15084,42.33145,"{
  ""coordinates"": [
    -8.315083801799990e+01,
    4.233144722600010e+01
  ],
  ""type"": ""Point""
}","{
  ""coordinates"": [
    -83.150838018,
    42.331447226
  ],
  ""type"": ""Point""
}",-83.1508380179999,42.3314472260001
4848,1172917,MICHIGAN,SHARON,2017-10-24,24,10,2017,10,3,97,2,,1,0,,2,4,1,35,7,2,3,5,0,0,0,0,true,,false,false,false,false,false,,,,,,false,false,true,,,false,false,false,false,false,-83.15206,42.32907,"{
  ""coordinates"": [
    -8.315206147200000e+01,
    4.232907278300010e+01
  ],
  ""type"": ""Point""
}","{
  ""coordinates"": [
    -83.152061472,
    42.329072783
  ],
  ""type"": ""Point""
}",-83.152061472,42.3290727830001
4849,1174667,E/B I-96,WYOMING,2017-10-24,24,10,2017,11,3,98,1,,1,0,,2,1,1,55,3,2,1,5,0,0,0,0,true,,false,false,true,false,false,,,,,,false,false,false,,,false,false,false,false,false,-83.1586,42.38525,"{
  ""coordinates"": [
    -8.315859691199999e+01,
    4.238525361500010e+01
  ],
  ""type"": ""Point""
}","{
  ""coordinates"": [
    -83.158596912,
    42.385253615
  ],
  ""type"": ""Point""
}",-83.158596912,42.3852536150001
4850,1171891,WARREN,SAINT JEAN,2017-10-24,24,10,2017,10,3,4,9,,4,0,,2,4,1,40,7,2,2,5,0,0,0,0,true,,false,false,false,false,false,,,,,,false,true,false,,,false,false,false,false,false,-82.98388,42.38726,"{
  ""coordinates"": [
    -8.298388017699990e+01,
    4.238726024400010e+01
  ],
  ""type"": ""Point""
}","{
  ""coordinates"": [
    -82.983880177,
    42.387260244
  ],
  ""type"": ""Point""
}",-82.9838801769999,42.3872602440001
4851,1174821,STOEPEL,PICKFORD,2017-10-24,24,10,2017,11,3,98,9,,,0,,2,4,1,0,1,2,1,5,0,0,0,0,true,,false,false,true,false,false,,,,,,false,false,false,,,false,false,false,false,false,-83.14233,42.42616,"{
  ""coordinates"": [
    -8.314232427600000e+01,
    4.242615809800000e+01
  ],
  ""type"": ""Point""
}","{
  ""coordinates"": [
    -83.142324276,
    42.426158098
  ],
  ""type"": ""Point""
}",-83.142324276,42.426158098
4852,1170769,DAVISON,ROSA PARKS,2017-10-24,24,10,2017,13,3,4,3,,1,0,,1,1,1,35,3,2,5,5,0,0,0,0,true,,false,false,false,false,false,,,,,,false,true,false,,,false,false,false,false,false,-83.1127,42.39648,"{
  ""coordinates"": [
    -8.311269796099999e+01,
    4.239647674700010e+01
  ],
  ""type"": ""Point""
}","{
  ""coordinates"": [
    -83.112697961,
    42.396476747
  ],
  ""type"": ""Point""
}",-83.112697961,42.3964767470001
4853,1170755,GRANDRIVER,REDFORD,2017-10-24,24,10,2017,8,3,8,3,,1,0,,2,2,1,35,4,2,1,5,0,0,0,0,true,,false,false,true,false,false,,,,,,false,false,false,,,false,false,false,false,false,-83.25784,42.41658,"{
  ""coordinates"": [
    -8.325784534000000e+01,
    4.241657830000000e+01
  ],
  ""type"": ""Point""
}","{
  ""coordinates"": [
    -83.25784534,
    42.4165783
  ],
  ""type"": ""Point""
}",-83.25784534,42.4165783
4854,1170765,TRAVERSE,ERWIN,2017-10-24,24,10,2017,6,3,5,9,,,3,,2,2,2,25,2,2,0,5,0,0,0,0,true,,false,false,true,false,false,,,,,,false,false,false,,,false,false,false,false,false,-83.01732,42.40007,"{
  ""coordinates"": [
    -8.301731500900000e+01,
    4.240006567800000e+01
  ],
  ""type"": ""Point""
}","{
  ""coordinates"": [
    -83.017315009,
    42.400065678
  ],
  ""type"": ""Point""
}",-83.017315009,42.400065678
4855,1170767,LIVERNOIS,DAVISON,2017-10-24,24,10,2017,15,3,5,3,,4,0,,2,2,1,35,4,2,3,5,0,0,0,0,true,,false,false,false,false,false,,,,,,false,false,false,,,false,false,false,false,false,-83.13954,42.3866,"{
  ""coordinates"": [
    -8.313954034299999e+01,
    4.238660600100010e+01
  ],
  ""type"": ""Point""
}","{
  ""coordinates"": [
    -83.139540343,
    42.386606001
  ],
  ""type"": ""Point""
}",-83.139540343,42.3866060010001
4856,1174693,E I 96,FULLERTON,2017-10-24,24,10,2017,7,3,1,1,,1,1,,2,4,4,70,5,1,1,4,0,0,0,1,false,,false,false,false,false,false,,,,,,false,false,false,,,false,false,false,false,false,-83.18898,42.38018,"{
  ""coordinates"": [
    -8.318897679199991e+01,
    4.238017837900000e+01
  ],
  ""type"": ""Point""
}","{
  ""coordinates"": [
    -83.188976792,
    42.380178379
  ],
  ""type"": ""Point""
}",-83.1889767919999,42.380178379
4857,1170772,DEXTER,ELMHURST,2017-10-24,24,10,2017,12,3,5,9,,4,0,,2,4,1,30,3,2,2,5,0,0,0,0,true,,false,false,false,false,false,,,,,,false,true,false,,,false,false,false,false,false,-83.12493,42.38093,"{
  ""coordinates"": [
    -8.312492928400000e+01,
    4.238093020200010e+01
  ],
  ""type"": ""Point""
}","{
  ""coordinates"": [
    -83.124929284,
    42.380930202
  ],
  ""type"": ""Point""
}",-83.124929284,42.3809302020001
4858,1170742,ARTESIAN,PAUL,2017-10-24,24,10,2017,13,3,5,9,,,0,,1,1,1,25,2,2,2,5,0,0,0,0,true,,false,false,false,false,false,,,,,,false,false,true,,,false,false,false,false,false,-83.22542,42.33628,"{
  ""coordinates"": [
    -8.322541638000000e+01,
    4.233628449300010e+01
  ],
  ""type"": ""Point""
}","{
  ""coordinates"": [
    -83.22541638,
    42.336284493
  ],
  ""type"": ""Point""
}",-83.22541638,42.3362844930001
4859,1174813,LIVERNOIS,MCNICHOLS,2017-10-24,24,10,2017,20,3,97,9,,4,0,,2,4,4,30,2,2,1,4,0,0,0,1,false,,false,false,true,false,false,,,,,,false,false,true,,,false,false,false,false,false,-83.14072,42.41716,"{
  ""coordinates"": [
    -8.314071593300000e+01,
    4.241715559800010e+01
  ],
  ""type"": ""Point""
}","{
  ""coordinates"": [
    -83.140715933,
    42.417155598
  ],
  ""type"": ""Point""
}",-83.140715933,42.4171555980001
4860,1171881,GRISWOLD,JEFFERSON,2017-10-24,24,10,2017,17,3,97,3,,4,0,,2,6,3,30,4,2,2,5,0,0,0,0,true,,false,false,false,false,false,,,,,,false,false,false,,,false,false,false,false,false,-83.04556,42.32841,"{
  ""coordinates"": [
    -8.304555467099991e+01,
    4.232841218300010e+01
  ],
  ""type"": ""Point""
}","{
  ""coordinates"": [
    -83.045554671,
    42.328412183
  ],
  ""type"": ""Point""
}",-83.0455546709999,42.3284121830001
4861,1169491,JOY,N M 39 SERVICE DRIVE,2017-10-23,23,10,2017,19,2,97,9,,2,0,,2,1,4,35,3,2,1,5,0,0,0,0,true,,false,false,true,false,false,,,,,,false,false,false,,,false,false,false,false,false,-83.21593,42.35786,"{
  ""coordinates"": [
    -8.321593081299990e+01,
    4.235786522500010e+01
  ],
  ""type"": ""Point""
}","{
  ""coordinates"": [
    -83.215930813,
    42.357865225
  ],
  ""type"": ""Point""
}",-83.2159308129999,42.3578652250001
4862,1169508,LOTHROP,WILDEMERE,2017-10-23,23,10,2017,17,2,6,9,,,0,,2,4,3,25,2,2,3,4,0,0,0,1,false,,false,false,false,false,false,,,,,,false,false,false,,,false,true,false,false,false,-83.10625,42.35936,"{
  ""coordinates"": [
    -8.310624473599999e+01,
    4.235935893000000e+01
  ],
  ""type"": ""Point""
}","{
  ""coordinates"": [
    -83.106244736,
    42.35935893
  ],
  ""type"": ""Point""
}",-83.106244736,42.35935893
4863,1168349,OUTER,MCKAY,2017-10-23,23,10,2017,4,2,1,9,,2,0,,1,2,4,25,8,1,1,5,0,0,0,0,true,,false,false,false,false,false,,,,,,false,false,false,,,false,false,false,false,false,-83.07612,42.44032,"{
  ""coordinates"": [
    -8.307612163999990e+01,
    4.244032459800010e+01
  ],
  ""type"": ""Point""
}","{
  ""coordinates"": [
    -83.07612164,
    42.440324598
  ],
  ""type"": ""Point""
}",-83.0761216399999,42.4403245980001
4864,1170785,NEVADA,SUNSET,2017-10-23,23,10,2017,12,2,7,9,,4,0,,1,2,1,35,2,2,2,4,0,0,0,1,false,,false,false,false,false,false,,,,,,false,false,false,,,false,false,false,false,false,-83.06051,42.42596,"{
  ""coordinates"": [
    -8.306050892199990e+01,
    4.242595669900000e+01
  ],
  ""type"": ""Point""
}","{
  ""coordinates"": [
    -83.060508922,
    42.425956699
  ],
  ""type"": ""Point""
}",-83.0605089219999,42.425956699
4865,1169490,GRAND RIVER,LAHSER,2017-10-23,23,10,2017,18,2,97,3,,1,0,,2,4,4,35,7,2,2,5,0,0,0,0,true,,false,false,false,false,false,,,,,,false,true,false,,,false,false,false,false,false,-83.25788,42.41659,"{
  ""coordinates"": [
    -8.325787972099990e+01,
    4.241659209700000e+01
  ],
  ""type"": ""Point""
}","{
  ""coordinates"": [
    -83.257879721,
    42.416592097
  ],
  ""type"": ""Point""
}",-83.2578797209999,42.416592097
4866,1170780,CHARLES,SPARLING,2017-10-23,23,10,2017,23,2,6,9,,4,0,,2,4,4,25,2,2,3,5,0,0,0,0,true,,false,false,false,false,false,,,,,,false,false,true,,,false,false,false,false,false,-83.04555,42.41183,"{
  ""coordinates"": [
    -8.304554514199999e+01,
    4.241182963700000e+01
  ],
  ""type"": ""Point""
}","{
  ""coordinates"": [
    -83.045545142,
    42.411829637
  ],
  ""type"": ""Point""
}",-83.045545142,42.411829637
4867,1176366,N M 39,RAMP 008B,2017-10-23,23,10,2017,18,2,5,3,,1,0,,2,4,2,55,4,2,2,5,0,0,0,0,true,,false,false,false,false,false,,,,,,false,false,false,,,false,false,false,false,false,-83.21671,42.37523,"{
  ""coordinates"": [
    -8.321670539400000e+01,
    4.237523067800000e+01
  ],
  ""type"": ""Point""
}","{
  ""coordinates"": [
    -83.216705394,
    42.375230678
  ],
  ""type"": ""Point""
}",-83.216705394,42.375230678
4868,1183905,WYOMING,FENKELL,2017-10-23,23,10,2017,15,2,5,9,,4,0,,1,1,1,30,4,2,1,5,0,0,0,0,true,,false,false,true,false,false,,,,,,false,false,false,,,false,false,false,false,false,-83.15966,42.40232,"{
  ""coordinates"": [
    -8.315966354600000e+01,
    4.240231937700000e+01
  ],
  ""type"": ""Point""
}","{
  ""coordinates"": [
    -83.159663546,
    42.402319377
  ],
  ""type"": ""Point""
}",-83.159663546,42.402319377
4869,1182353,I-94,MORANG,2017-10-23,23,10,2017,6,2,5,1,,1,0,,1,1,4,55,3,3,3,5,0,0,0,0,true,,false,false,false,false,false,,,,,,false,false,false,,,false,false,false,false,false,-82.934,42.41908,"{
  ""coordinates"": [
    -8.293399622200000e+01,
    4.241907509800010e+01
  ],
  ""type"": ""Point""
}","{
  ""coordinates"": [
    -82.933996222,
    42.419075098
  ],
  ""type"": ""Point""
}",-82.933996222,42.4190750980001
4870,1170763,MARLBOROUGH,WARREN,2017-10-23,23,10,2017,23,2,5,9,,,3,,2,4,97,25,2,2,1,5,0,0,0,0,true,,false,false,false,false,false,,,,,,false,false,false,,,false,false,false,false,false,-82.958,42.39598,"{
  ""coordinates"": [
    -8.295799964900000e+01,
    4.239598403200010e+01
  ],
  ""type"": ""Point""
}","{
  ""coordinates"": [
    -82.957999649,
    42.395984032
  ],
  ""type"": ""Point""
}",-82.957999649,42.3959840320001
4871,1170768,DAVISON,LINWOOD,2017-10-23,23,10,2017,22,2,3,3,,1,0,,2,4,4,30,5,2,1,5,0,0,0,0,true,,true,true,true,false,false,,,,,,false,false,true,,,false,false,false,false,false,-83.12202,42.39302,"{
  ""coordinates"": [
    -8.312202594599999e+01,
    4.239302515600010e+01
  ],
  ""type"": ""Point""
}","{
  ""coordinates"": [
    -83.122025946,
    42.393025156
  ],
  ""type"": ""Point""
}",-83.122025946,42.3930251560001
4872,1169454,CASS,PUTNAM,2017-10-23,23,10,2017,14,2,8,9,,4,0,,1,4,1,30,2,2,3,5,0,0,0,0,true,,false,false,false,false,false,,,,,,false,true,false,,,false,false,false,false,false,-83.06731,42.35715,"{
  ""coordinates"": [
    -8.306731769299989e+01,
    4.235715456100010e+01
  ],
  ""type"": ""Point""
}","{
  ""coordinates"": [
    -83.067317693,
    42.357154561
  ],
  ""type"": ""Point""
}",-83.0673176929999,42.3571545610001
4873,1169521,7 MILE,CHARLESTON,2017-10-23,23,10,2017,14,2,5,9,,4,0,,2,4,1,30,2,2,2,5,0,0,0,0,true,,false,false,false,false,false,,,,,,false,false,false,,,false,false,false,false,false,-83.10756,42.43223,"{
  ""coordinates"": [
    -8.310755938400000e+01,
    4.243222659400000e+01
  ],
  ""type"": ""Point""
}","{
  ""coordinates"": [
    -83.107559384,
    42.432226594
  ],
  ""type"": ""Point""
}",-83.107559384,42.432226594
4874,1183894,BUCKINGHAM,FRANKFORT,2017-10-23,23,10,2017,15,2,4,9,,,0,,2,4,1,25,2,2,5,4,0,0,0,4,false,,false,false,true,false,false,,,,,,false,false,false,,,false,false,false,false,false,-82.94493,42.40266,"{
  ""coordinates"": [
    -8.294493405599999e+01,
    4.240266051000000e+01
  ],
  ""type"": ""Point""
}","{
  ""coordinates"": [
    -82.944934056,
    42.40266051
  ],
  ""type"": ""Point""
}",-82.944934056,42.40266051
4875,1169494,TELEGRAPH,8 MILE,2017-10-23,23,10,2017,15,2,97,2,,1,0,,2,4,97,45,4,2,2,5,0,0,0,0,true,,false,false,false,false,false,,,,,,false,false,true,,,false,false,false,false,false,-83.27831,42.44272,"{
  ""coordinates"": [
    -8.327830416700000e+01,
    4.244271801700010e+01
  ],
  ""type"": ""Point""
}","{
  ""coordinates"": [
    -83.278304167,
    42.442718017
  ],
  ""type"": ""Point""
}",-83.278304167,42.4427180170001
4876,1171908,JEFFERSON,ORLEANS,2017-10-23,23,10,2017,13,2,4,9,,4,0,,1,2,1,0,7,2,3,2,0,2,1,0,false,,false,false,false,false,false,,,,,,false,false,true,,,false,false,false,false,false,-83.02959,42.33525,"{
  ""coordinates"": [
    -8.302959682499990e+01,
    4.233525106700010e+01
  ],
  ""type"": ""Point""
}","{
  ""coordinates"": [
    -83.029596825,
    42.335251067
  ],
  ""type"": ""Point""
}",-83.0295968249999,42.3352510670001
4877,1169460,WALDO,MARTIN,2017-10-23,23,10,2017,16,2,4,9,,,0,,2,4,1,25,2,2,2,5,0,0,0,0,true,,false,false,false,false,false,,,,,,false,false,false,,,false,false,false,false,false,-83.12596,42.32882,"{
  ""coordinates"": [
    -8.312596092299999e+01,
    4.232882166000010e+01
  ],
  ""type"": ""Point""
}","{
  ""coordinates"": [
    -83.125960923,
    42.32882166
  ],
  ""type"": ""Point""
}",-83.125960923,42.3288216600001
4878,1169461,CENTRAL,MICHIGAN,2017-10-23,23,10,2017,15,2,1,2,,4,0,,2,4,1,25,2,2,1,4,0,0,0,1,false,,false,false,false,false,false,,,,,,true,false,false,,,false,false,false,false,false,-83.13762,42.33123,"{
  ""coordinates"": [
    -8.313761697699989e+01,
    4.233123174700010e+01
  ],
  ""type"": ""Point""
}","{
  ""coordinates"": [
    -83.137616977,
    42.331231747
  ],
  ""type"": ""Point""
}",-83.1376169769999,42.3312317470001
4879,1174673,I 75,LIVERNOIS,2017-10-23,23,10,2017,7,2,5,1,,1,0,,1,1,4,55,3,2,2,5,0,0,0,0,true,,false,false,false,false,false,,,,,,false,false,true,,,false,false,false,false,false,-83.10506,42.30707,"{
  ""coordinates"": [
    -8.310505803000000e+01,
    4.230706857200000e+01
  ],
  ""type"": ""Point""
}","{
  ""coordinates"": [
    -83.10505803,
    42.307068572
  ],
  ""type"": ""Point""
}",-83.10505803,42.307068572
4880,1174659,RAMP 224C,HARPER,2017-10-23,23,10,2017,14,2,5,1,,1,0,,2,4,1,55,1,3,4,5,0,0,0,0,true,,false,false,true,false,false,,,,,,false,false,true,,,false,false,false,false,false,-82.92805,42.42601,"{
  ""coordinates"": [
    -8.292804338900000e+01,
    4.242601303900010e+01
  ],
  ""type"": ""Point""
}","{
  ""coordinates"": [
    -82.928043389,
    42.426013039
  ],
  ""type"": ""Point""
}",-82.928043389,42.4260130390001
4881,1183919,7 MILE,WOODWARD,2017-10-23,23,10,2017,6,2,97,3,,2,0,,1,1,4,30,3,3,6,3,0,0,2,3,false,,true,true,false,false,false,,,,,,false,false,false,,,false,true,false,false,false,-83.11543,42.43211,"{
  ""coordinates"": [
    -8.311543235200000e+01,
    4.243211439200010e+01
  ],
  ""type"": ""Point""
}","{
  ""coordinates"": [
    -83.115432352,
    42.432114392
  ],
  ""type"": ""Point""
}",-83.115432352,42.4321143920001
4882,1171907,GRANDY,THEODORE,2017-10-23,23,10,2017,18,2,98,9,,,1,,2,4,4,25,2,1,0,5,0,0,0,0,true,,false,false,true,false,false,,,,,,false,false,false,,,false,false,false,false,false,-83.03925,42.36719,"{
  ""coordinates"": [
    -8.303924583199991e+01,
    4.236718979500010e+01
  ],
  ""type"": ""Point""
}","{
  ""coordinates"": [
    -83.039245832,
    42.367189795
  ],
  ""type"": ""Point""
}",-83.0392458319999,42.3671897950001
4883,1170775,7 MILE,ROGGE,2017-10-23,23,10,2017,21,2,5,9,,4,0,,2,4,3,30,1,3,4,4,0,0,0,1,false,,false,false,false,false,false,,,,,,false,false,false,,,false,false,false,false,false,-83.02951,42.43387,"{
  ""coordinates"": [
    -8.302951284600000e+01,
    4.243386903700010e+01
  ],
  ""type"": ""Point""
}","{
  ""coordinates"": [
    -83.029512846,
    42.433869037
  ],
  ""type"": ""Point""
}",-83.029512846,42.4338690370001
4884,1169496,8 MILE,HUNTINTON,2017-10-23,23,10,2017,2,2,1,3,,1,1,,1,1,4,40,4,1,1,4,0,0,0,1,false,,false,false,false,false,false,,,,,,false,false,false,,,false,false,false,false,false,-83.23445,42.44386,"{
  ""coordinates"": [
    -8.323444758799999e+01,
    4.244386402500000e+01
  ],
  ""type"": ""Point""
}","{
  ""coordinates"": [
    -83.234447588,
    42.443864025
  ],
  ""type"": ""Point""
}",-83.234447588,42.443864025
4885,1174676,RAMP 216I,I 75,2017-10-23,23,10,2017,11,2,5,1,,1,0,,1,2,1,55,2,2,4,4,0,0,0,1,false,,false,false,false,false,false,,,,,,false,false,true,,,false,false,false,false,false,-83.05992,42.37336,"{
  ""coordinates"": [
    -8.305991829100000e+01,
    4.237335471300000e+01
  ],
  ""type"": ""Point""
}","{
  ""coordinates"": [
    -83.059918291,
    42.373354713
  ],
  ""type"": ""Point""
}",-83.059918291,42.373354713
4886,1174766,GRAND RIVER,BRETTON,2017-10-23,23,10,2017,20,2,97,3,,1,0,,2,4,4,30,5,2,1,5,0,0,0,0,true,,false,false,false,false,false,,,,,,false,true,false,,,false,false,false,false,false,-83.21935,42.40113,"{
  ""coordinates"": [
    -8.321935417400000e+01,
    4.240112675000010e+01
  ],
  ""type"": ""Point""
}","{
  ""coordinates"": [
    -83.219354174,
    42.40112675
  ],
  ""type"": ""Point""
}",-83.219354174,42.4011267500001
4887,1170771,SCHAEFER,PLYMOUTH,2017-10-23,23,10,2017,11,2,8,9,,4,0,,2,1,4,35,2,2,2,5,0,0,0,0,true,,false,false,true,false,false,,,,,,false,false,false,,,false,false,false,false,false,-83.17798,42.37284,"{
  ""coordinates"": [
    -8.317798117800000e+01,
    4.237284241500000e+01
  ],
  ""type"": ""Point""
}","{
  ""coordinates"": [
    -83.177981178,
    42.372842415
  ],
  ""type"": ""Point""
}",-83.177981178,42.372842415
4888,1169504,MORANG,GLENWOOD,2017-10-23,23,10,2017,15,2,97,9,,4,0,,2,4,1,30,2,2,0,3,0,0,1,0,false,,false,false,false,false,false,,,,,,true,false,false,,,false,false,false,false,false,-82.9589,42.43079,"{
  ""coordinates"": [
    -8.295889916800000e+01,
    4.243079231400000e+01
  ],
  ""type"": ""Point""
}","{
  ""coordinates"": [
    -82.958899168,
    42.430792314
  ],
  ""type"": ""Point""
}",-82.958899168,42.430792314
4889,1169507,LAWTON,GLYNN,2017-10-23,23,10,2017,11,2,4,9,,,0,,1,1,1,25,2,2,1,3,0,0,1,0,false,,true,false,true,false,false,,,,,,false,false,false,,,false,false,false,false,false,-83.1153,42.37804,"{
  ""coordinates"": [
    -8.311530299499999e+01,
    4.237803542800000e+01
  ],
  ""type"": ""Point""
}","{
  ""coordinates"": [
    -83.115302995,
    42.378035428
  ],
  ""type"": ""Point""
}",-83.115302995,42.378035428
4890,1168325,GRAND RIVER,MEYERS,2017-10-23,23,10,2017,2,2,4,3,,1,0,,1,1,4,35,5,2,5,2,0,1,1,0,false,,false,false,false,false,false,,,,,,false,false,true,,,false,false,false,false,false,-83.16831,42.38055,"{
  ""coordinates"": [
    -8.316831459100000e+01,
    4.238054820100010e+01
  ],
  ""type"": ""Point""
}","{
  ""coordinates"": [
    -83.168314591,
    42.380548201
  ],
  ""type"": ""Point""
}",-83.168314591,42.3805482010001
4891,1182435,N M 39,PLYMOUTH,2017-10-23,23,10,2017,17,2,5,3,,1,0,,2,4,1,55,3,2,2,5,0,0,0,0,true,,false,false,true,false,false,,,,,,false,false,true,,,false,false,false,false,false,-83.21654,42.37123,"{
  ""coordinates"": [
    -8.321653833999990e+01,
    4.237123196500000e+01
  ],
  ""type"": ""Point""
}","{
  ""coordinates"": [
    -83.21653834,
    42.371231965
  ],
  ""type"": ""Point""
}",-83.2165383399999,42.371231965
4892,1170734,CLAY,CHRYSLER,2017-10-23,23,10,2017,18,2,4,9,,4,0,,2,4,4,35,4,2,2,4,0,0,0,2,false,,false,false,false,false,false,,,,,,false,false,false,,,false,false,false,false,false,-83.06351,42.37805,"{
  ""coordinates"": [
    -8.306351144599989e+01,
    4.237804781400010e+01
  ],
  ""type"": ""Point""
}","{
  ""coordinates"": [
    -83.063511446,
    42.378047814
  ],
  ""type"": ""Point""
}",-83.0635114459999,42.3780478140001
4893,1169485,E I 94,RAMP 220A,2017-10-23,23,10,2017,16,2,5,1,,1,0,,2,4,1,55,3,2,4,5,0,0,0,0,true,,false,false,false,false,false,,,,,,false,false,false,,,false,false,false,false,false,-82.9999,42.39211,"{
  ""coordinates"": [
    -8.299989750100001e+01,
    4.239211172200000e+01
  ],
  ""type"": ""Point""
}","{
  ""coordinates"": [
    -82.999897501,
    42.392111722
  ],
  ""type"": ""Point""
}",-82.999897501,42.392111722
4894,1169469,MICHIGAN,CLIPPERT,2017-10-23,23,10,2017,1,2,97,2,,1,0,,1,1,4,0,4,4,3,5,0,0,0,0,true,,false,false,true,false,false,,,,,,false,false,false,,,false,false,false,false,false,-83.12626,42.33115,"{
  ""coordinates"": [
    -8.312625885700000e+01,
    4.233115166700000e+01
  ],
  ""type"": ""Point""
}","{
  ""coordinates"": [
    -83.126258857,
    42.331151667
  ],
  ""type"": ""Point""
}",-83.126258857,42.331151667
4895,1174689,S M 39,SCHOOLCRAFT,2017-10-23,23,10,2017,15,2,1,3,,1,1,,2,4,1,55,3,1,1,5,0,0,0,0,true,,false,false,false,false,false,,,,,,false,false,false,,,false,false,false,false,false,-83.2177,42.38615,"{
  ""coordinates"": [
    -8.321770735900000e+01,
    4.238614973600000e+01
  ],
  ""type"": ""Point""
}","{
  ""coordinates"": [
    -83.217707359,
    42.386149736
  ],
  ""type"": ""Point""
}",-83.217707359,42.386149736
4896,1169473,FORT,DENMARK,2017-10-23,23,10,2017,15,2,5,3,,4,0,,2,4,1,35,5,3,3,5,0,0,0,0,true,,false,false,false,false,false,,,,,,false,false,false,,,false,false,false,false,false,-83.1435,42.29089,"{
  ""coordinates"": [
    -8.314350272699990e+01,
    4.229089352000010e+01
  ],
  ""type"": ""Point""
}","{
  ""coordinates"": [
    -83.143502727,
    42.29089352
  ],
  ""type"": ""Point""
}",-83.1435027269999,42.2908935200001
4897,1169470,DIX,LONYO,2017-10-23,23,10,2017,17,2,4,9,,2,0,,2,4,1,30,2,2,2,5,0,0,0,0,true,,false,false,false,false,false,,,,,,false,false,false,,,false,false,false,false,false,-83.13438,42.31656,"{
  ""coordinates"": [
    -8.313437826300000e+01,
    4.231655903100010e+01
  ],
  ""type"": ""Point""
}","{
  ""coordinates"": [
    -83.134378263,
    42.316559031
  ],
  ""type"": ""Point""
}",-83.134378263,42.3165590310001
4898,1169505,CARLISLE,HAYES,2017-10-23,23,10,2017,19,2,4,9,,,0,,2,4,4,25,2,2,2,4,0,0,0,1,false,,false,false,true,false,false,,,,,,false,false,false,,,false,false,false,false,false,-82.96606,42.44901,"{
  ""coordinates"": [
    -8.296605329099999e+01,
    4.244900764200000e+01
  ],
  ""type"": ""Point""
}","{
  ""coordinates"": [
    -82.966053291,
    42.449007642
  ],
  ""type"": ""Point""
}",-82.966053291,42.449007642
4899,1176376,I-96,CHICAGO,2017-10-23,23,10,2017,22,2,1,1,,1,1,,2,4,4,70,4,1,1,5,0,0,0,0,true,,false,false,false,false,false,,,,,,false,false,false,,,false,false,false,false,false,-83.14162,42.36823,"{
  ""coordinates"": [
    -8.314162005299990e+01,
    4.236822330900000e+01
  ],
  ""type"": ""Point""
}","{
  ""coordinates"": [
    -83.141620053,
    42.368223309
  ],
  ""type"": ""Point""
}",-83.1416200529999,42.368223309
4900,1176387,E I 96,KENTFIELD,2017-10-23,23,10,2017,23,2,1,1,,1,1,,2,4,4,30,3,1,1,5,0,0,0,0,true,,false,false,false,false,false,,,,,,false,false,false,,,false,false,false,false,false,-83.24097,42.38381,"{
  ""coordinates"": [
    -8.324096715600000e+01,
    4.238381367900010e+01
  ],
  ""type"": ""Point""
}","{
  ""coordinates"": [
    -83.240967156,
    42.383813679
  ],
  ""type"": ""Point""
}",-83.240967156,42.3838136790001
4901,1174692,I-94,CHALMERS,2017-10-23,23,10,2017,16,2,8,1,,1,0,,2,4,1,55,3,3,4,5,0,0,0,0,true,,false,false,false,false,false,,,,,,false,false,true,,,false,false,false,false,false,-82.96595,42.40322,"{
  ""coordinates"": [
    -8.296594852100000e+01,
    4.240321990200000e+01
  ],
  ""type"": ""Point""
}","{
  ""coordinates"": [
    -82.965948521,
    42.403219902
  ],
  ""type"": ""Point""
}",-82.965948521,42.403219902
4902,1169522,WOODWARD,7 MILE,2017-10-23,23,10,2017,17,2,4,3,,1,0,,2,4,1,40,4,2,5,5,0,0,0,0,true,,false,false,false,false,false,,,,,,false,false,true,,,false,false,false,false,false,-83.11542,42.43212,"{
  ""coordinates"": [
    -8.311541633400000e+01,
    4.243212266300000e+01
  ],
  ""type"": ""Point""
}","{
  ""coordinates"": [
    -83.115416334,
    42.432122663
  ],
  ""type"": ""Point""
}",-83.115416334,42.432122663
4903,1177606,I 94,MT ELLIOT,2017-10-23,23,10,2017,13,2,8,1,,1,0,,2,2,1,55,3,2,1,5,0,0,0,0,true,,false,false,true,false,false,,,,,,false,false,false,,,false,false,false,false,false,-83.02957,42.38354,"{
  ""coordinates"": [
    -8.302957240099990e+01,
    4.238354261600010e+01
  ],
  ""type"": ""Point""
}","{
  ""coordinates"": [
    -83.029572401,
    42.383542616
  ],
  ""type"": ""Point""
}",-83.0295724009999,42.3835426160001