ObjectId,Crash ID,Primary Road,Intersecting Road,Crash Date,Day,Month,Year,Hour,Weekday,Crash Type Code,Highway Classification Code,Community Code,Jurisdiction Code,Lane Departure Type Code,Surface Type,Road Condition,Weather Condition,Lighting Condition,Speed Limit,Lanes,Units,Occupants,Most Severe Injury,Fatal Injuries,Suspected Serious Injuries,Suspected Minor Injuries,Possible Injuries,Property Damage Only,Secondary Crash,Traffic Control,Red Light Run,Hit and Run,Alcohol,Drugs,Unbelted Person,Work Zone,Speeding Driver,Distracted Driver,Driveway,Pedestrian,Elderly Driver,Young Driver,Commercial Vehicle,Emergency Vehicles,Train,School Bus,Motorcycle,Bicycle,Deer,Longitude,Latitude,geom,geog,x,y
4904,1174817,SCHAEFER,NORFOLK,2017-10-23,23,10,2017,15,2,1,9,,4,1,,2,4,1,30,3,1,1,5,0,0,0,0,true,,false,false,false,false,false,,,,,,false,true,false,,,false,false,false,false,false,-83.18092,42.44265,"{
  ""coordinates"": [
    -8.318091524099999e+01,
    4.244264535000010e+01
  ],
  ""type"": ""Point""
}","{
  ""coordinates"": [
    -83.180915241,
    42.44264535
  ],
  ""type"": ""Point""
}",-83.180915241,42.4426453500001
4905,1171886,VERNOR,LAKEVIEW,2017-10-23,23,10,2017,15,2,4,9,,4,0,,2,4,1,0,2,2,7,3,0,0,1,0,false,,false,false,false,false,false,,,,,,false,false,false,,,false,false,false,false,false,-82.95339,42.37893,"{
  ""coordinates"": [
    -8.295338982600001e+01,
    4.237893392100010e+01
  ],
  ""type"": ""Point""
}","{
  ""coordinates"": [
    -82.953389826,
    42.378933921
  ],
  ""type"": ""Point""
}",-82.953389826,42.3789339210001
4906,1169510,LINWOOD,BURLINGAME,2017-10-23,23,10,2017,21,2,8,9,,4,0,,2,6,4,35,5,2,1,5,0,0,0,0,true,,false,false,true,false,false,,,,,,false,false,false,,,false,false,false,false,false,-83.11456,42.38214,"{
  ""coordinates"": [
    -8.311455350900000e+01,
    4.238214597400000e+01
  ],
  ""type"": ""Point""
}","{
  ""coordinates"": [
    -83.114553509,
    42.382145974
  ],
  ""type"": ""Point""
}",-83.114553509,42.382145974
4907,1171909,GRATIOT,M 3/W I 94 RAMP,2017-10-23,23,10,2017,18,2,5,3,,1,0,,2,4,4,35,7,2,1,5,0,0,0,0,true,,false,false,true,false,false,,,,,,false,false,false,,,false,false,false,false,false,-83.00594,42.39206,"{
  ""coordinates"": [
    -8.300594201500000e+01,
    4.239205624300010e+01
  ],
  ""type"": ""Point""
}","{
  ""coordinates"": [
    -83.005942015,
    42.392056243
  ],
  ""type"": ""Point""
}",-83.005942015,42.3920562430001
4908,1169450,SCHOOLCRAFT,SCHAEFER,2017-10-23,23,10,2017,14,2,4,9,,4,0,,2,4,1,30,3,2,3,5,0,0,0,0,true,,false,false,false,false,false,,,,,,false,false,true,,,false,false,false,false,false,-83.17853,42.38801,"{
  ""coordinates"": [
    -8.317852678100000e+01,
    4.238800926700000e+01
  ],
  ""type"": ""Point""
}","{
  ""coordinates"": [
    -83.178526781,
    42.388009267
  ],
  ""type"": ""Point""
}",-83.178526781,42.388009267
4909,1170747,JOY,N M 39,2017-10-23,23,10,2017,17,2,5,9,,2,0,,2,1,1,30,4,2,1,4,0,0,0,1,false,,false,false,true,false,false,,,,,,false,false,false,,,false,false,false,false,false,-83.21649,42.35785,"{
  ""coordinates"": [
    -8.321649464200000e+01,
    4.235785297900000e+01
  ],
  ""type"": ""Point""
}","{
  ""coordinates"": [
    -83.216494642,
    42.357852979
  ],
  ""type"": ""Point""
}",-83.216494642,42.357852979
4910,1177691,LAFAYETTE,MOUNT ELLIOTT,2017-10-23,23,10,2017,18,2,2,9,,4,2,,2,4,4,30,2,2,2,4,0,0,0,1,false,,false,false,true,false,false,,,,,,false,false,false,,,false,false,false,false,false,-83.01229,42.34685,"{
  ""coordinates"": [
    -8.301229442200000e+01,
    4.234685323100010e+01
  ],
  ""type"": ""Point""
}","{
  ""coordinates"": [
    -83.012294422,
    42.346853231
  ],
  ""type"": ""Point""
}",-83.012294422,42.3468532310001
4911,1176373,RAMP 214E,TRUMBULL,2017-10-23,23,10,2017,19,2,5,1,,1,0,,2,4,4,55,1,2,2,5,0,0,0,0,true,,false,false,false,false,false,,,,,,false,false,true,,,false,false,false,false,false,-83.08141,42.35646,"{
  ""coordinates"": [
    -8.308140845500000e+01,
    4.235645516300010e+01
  ],
  ""type"": ""Point""
}","{
  ""coordinates"": [
    -83.081408455,
    42.356455163
  ],
  ""type"": ""Point""
}",-83.081408455,42.3564551630001
4912,1169500,GRATIOT,EASTBURN,2017-10-23,23,10,2017,18,2,5,3,,1,0,,2,4,3,35,3,2,6,5,0,0,0,0,true,,false,false,false,false,false,,,,,,false,false,false,,,false,false,false,false,false,-82.97099,42.44526,"{
  ""coordinates"": [
    -8.297098228800000e+01,
    4.244526247800010e+01
  ],
  ""type"": ""Point""
}","{
  ""coordinates"": [
    -82.970982288,
    42.445262478
  ],
  ""type"": ""Point""
}",-82.970982288,42.4452624780001
4913,1174663,N M 10,RAMP 215F,2017-10-23,23,10,2017,16,2,5,3,,1,0,,2,4,2,55,3,3,6,5,0,0,0,0,true,,false,false,false,false,false,,,,,,false,false,true,,,false,false,false,false,false,-83.07684,42.36039,"{
  ""coordinates"": [
    -8.307683639899990e+01,
    4.236039442800010e+01
  ],
  ""type"": ""Point""
}","{
  ""coordinates"": [
    -83.076836399,
    42.360394428
  ],
  ""type"": ""Point""
}",-83.0768363989999,42.3603944280001
4914,1176371,I-94,JOHN R,2017-10-23,23,10,2017,19,2,5,1,,1,0,,2,4,4,55,3,2,2,5,0,0,0,0,true,,false,false,false,false,false,,,,,,false,false,true,,,false,false,false,false,false,-83.0652,42.36552,"{
  ""coordinates"": [
    -8.306519883000000e+01,
    4.236552094300000e+01
  ],
  ""type"": ""Point""
}","{
  ""coordinates"": [
    -83.06519883,
    42.365520943
  ],
  ""type"": ""Point""
}",-83.06519883,42.365520943
4915,1174674,S M 10,CLAIRMOUNT,2017-10-23,23,10,2017,8,2,1,3,,1,1,,1,2,1,55,3,1,1,5,0,0,0,0,true,,false,false,false,false,false,,,,,,false,false,false,,,false,false,false,false,false,-83.09106,42.38044,"{
  ""coordinates"": [
    -8.309105960600000e+01,
    4.238043852900010e+01
  ],
  ""type"": ""Point""
}","{
  ""coordinates"": [
    -83.091059606,
    42.380438529
  ],
  ""type"": ""Point""
}",-83.091059606,42.3804385290001
4916,1169495,TELEGRAPH,8 MILE,2017-10-23,23,10,2017,19,2,5,2,,1,0,,2,4,4,35,2,2,2,5,0,0,0,0,true,,false,false,false,false,false,,,,,,false,false,false,,,false,false,false,false,false,-83.27831,42.44269,"{
  ""coordinates"": [
    -8.327831103400000e+01,
    4.244269000000000e+01
  ],
  ""type"": ""Point""
}","{
  ""coordinates"": [
    -83.278311034,
    42.44269
  ],
  ""type"": ""Point""
}",-83.278311034,42.44269
4917,1169497,GRAND RIVER,LAHSER,2017-10-23,23,10,2017,8,2,8,3,,1,0,,1,2,1,35,6,2,2,5,0,0,0,0,true,,false,false,false,false,false,,,,,,false,true,true,,,false,false,false,false,false,-83.25755,42.41646,"{
  ""coordinates"": [
    -8.325755320199990e+01,
    4.241646140400010e+01
  ],
  ""type"": ""Point""
}","{
  ""coordinates"": [
    -83.257553202,
    42.416461404
  ],
  ""type"": ""Point""
}",-83.2575532019999,42.4164614040001
4918,1218049,GRAND RIVER,5TH,2017-10-23,23,10,2017,21,2,4,3,,1,0,,2,4,4,30,3,2,3,5,0,0,0,0,true,,false,false,false,false,false,,,,,,false,true,true,,,false,false,false,false,false,-83.0644,42.33863,"{
  ""coordinates"": [
    -8.306439993600000e+01,
    4.233863435400010e+01
  ],
  ""type"": ""Point""
}","{
  ""coordinates"": [
    -83.064399936,
    42.338634354
  ],
  ""type"": ""Point""
}",-83.064399936,42.3386343540001
4919,1198301,MORANG,GLENWOOD,2017-10-23,23,10,2017,15,2,1,9,,4,0,,2,4,1,0,2,2,0,3,0,0,1,0,false,,false,false,false,false,false,,,,,,true,false,false,,,false,false,false,false,false,-82.95906,42.43104,"{
  ""coordinates"": [
    -8.295906007699990e+01,
    4.243103608100010e+01
  ],
  ""type"": ""Point""
}","{
  ""coordinates"": [
    -82.959060077,
    42.431036081
  ],
  ""type"": ""Point""
}",-82.9590600769999,42.4310360810001
4920,1169526,WYOMING,OUTER,2017-10-23,23,10,2017,15,2,97,9,,4,0,,2,4,1,30,5,2,2,5,0,0,0,0,true,,false,false,false,false,false,,,,,,false,true,false,,,false,false,false,false,false,-83.16112,42.43541,"{
  ""coordinates"": [
    -8.316111764800000e+01,
    4.243541354300000e+01
  ],
  ""type"": ""Point""
}","{
  ""coordinates"": [
    -83.161117648,
    42.435413543
  ],
  ""type"": ""Point""
}",-83.161117648,42.435413543
4921,1170779,VAN DYKE,MILBANK,2017-10-23,23,10,2017,18,2,5,3,,1,0,,2,4,4,40,6,2,2,5,0,0,0,0,true,,false,false,false,false,false,,,,,,false,false,false,,,false,false,false,false,false,-83.0246,42.44384,"{
  ""coordinates"": [
    -8.302459532500001e+01,
    4.244383629000000e+01
  ],
  ""type"": ""Point""
}","{
  ""coordinates"": [
    -83.024595325,
    42.44383629
  ],
  ""type"": ""Point""
}",-83.024595325,42.44383629
4922,1174679,I-94,GRAND RIVER,2017-10-23,23,10,2017,14,2,1,1,,1,0,,2,4,1,55,3,1,1,5,0,0,0,0,true,,false,false,false,false,false,,,,,,false,true,false,,,false,false,false,false,false,-83.09753,42.35074,"{
  ""coordinates"": [
    -8.309752765099999e+01,
    4.235073759200000e+01
  ],
  ""type"": ""Point""
}","{
  ""coordinates"": [
    -83.097527651,
    42.350737592
  ],
  ""type"": ""Point""
}",-83.097527651,42.350737592
4923,1176386,I-94,MARTIN,2017-10-23,23,10,2017,18,2,5,1,,1,0,,2,4,4,55,3,2,3,4,0,0,0,1,false,,false,false,false,false,false,,,,,,false,false,false,,,false,false,false,false,false,-83.13009,42.33543,"{
  ""coordinates"": [
    -8.313008616499999e+01,
    4.233543126900000e+01
  ],
  ""type"": ""Point""
}","{
  ""coordinates"": [
    -83.130086165,
    42.335431269
  ],
  ""type"": ""Point""
}",-83.130086165,42.335431269
4924,1174680,I 75 CD RAMP,TRUMBULL,2017-10-23,23,10,2017,17,2,5,1,,1,0,,2,4,1,55,2,2,2,4,0,0,0,1,false,,false,false,false,false,false,,,,,,false,false,false,,,false,false,false,false,false,-83.06932,42.33463,"{
  ""coordinates"": [
    -8.306932401400000e+01,
    4.233462536000010e+01
  ],
  ""type"": ""Point""
}","{
  ""coordinates"": [
    -83.069324014,
    42.33462536
  ],
  ""type"": ""Point""
}",-83.069324014,42.3346253600001
4925,1169489,TIREMAN,GRANDVILLE,2017-10-23,23,10,2017,14,2,4,9,,4,0,,2,4,1,30,2,2,2,4,0,0,0,1,false,,true,false,true,false,false,,,,,,false,false,true,,,false,false,false,false,false,-83.22956,42.35043,"{
  ""coordinates"": [
    -8.322956085000000e+01,
    4.235042746900010e+01
  ],
  ""type"": ""Point""
}","{
  ""coordinates"": [
    -83.22956085,
    42.350427469
  ],
  ""type"": ""Point""
}",-83.22956085,42.3504274690001
4926,1174678,RAMP 213C,I 94,2017-10-23,23,10,2017,12,2,8,1,,1,0,,1,2,1,55,1,2,3,5,0,0,0,0,true,,false,false,false,false,false,,,,,,false,true,false,,,false,false,false,false,false,-83.10735,42.3478,"{
  ""coordinates"": [
    -8.310734403399989e+01,
    4.234780014600010e+01
  ],
  ""type"": ""Point""
}","{
  ""coordinates"": [
    -83.107344034,
    42.347800146
  ],
  ""type"": ""Point""
}",-83.1073440339999,42.3478001460001
4927,1174662,S M 10,7 MILE,2017-10-23,23,10,2017,14,2,1,3,,1,1,,2,4,4,55,3,1,1,5,0,0,0,0,true,,false,false,false,false,false,,,,,,false,false,true,,,false,false,false,false,false,-83.18692,42.43061,"{
  ""coordinates"": [
    -8.318691941899991e+01,
    4.243061432300000e+01
  ],
  ""type"": ""Point""
}","{
  ""coordinates"": [
    -83.186919419,
    42.430614323
  ],
  ""type"": ""Point""
}",-83.1869194189999,42.430614323
4928,1169523,MCNICHOLS,BIRWOOD,2017-10-23,23,10,2017,21,2,8,9,,2,0,,2,4,4,30,2,2,1,5,0,0,0,0,true,,false,false,true,false,false,,,,,,false,false,false,,,false,false,false,false,false,-83.16465,42.41682,"{
  ""coordinates"": [
    -8.316464795099991e+01,
    4.241681624500010e+01
  ],
  ""type"": ""Point""
}","{
  ""coordinates"": [
    -83.164647951,
    42.416816245
  ],
  ""type"": ""Point""
}",-83.1646479509999,42.4168162450001
4929,1176372,I-75,MICHIGAN,2017-10-23,23,10,2017,23,2,1,1,,1,1,,2,4,4,55,3,1,1,5,0,0,0,0,true,,false,false,false,false,false,,,,,,false,false,false,,,false,false,false,false,false,-83.08482,42.33129,"{
  ""coordinates"": [
    -8.308482162699990e+01,
    4.233128890400010e+01
  ],
  ""type"": ""Point""
}","{
  ""coordinates"": [
    -83.084821627,
    42.331288904
  ],
  ""type"": ""Point""
}",-83.0848216269999,42.3312889040001
4930,1169527,8 MILE,SANTA ROSA,2017-10-23,23,10,2017,19,2,5,3,,1,0,,2,4,4,35,4,2,2,5,0,0,0,0,true,,false,false,true,false,false,,,,,,false,false,false,,,false,false,false,false,false,-83.14399,42.44605,"{
  ""coordinates"": [
    -8.314399207400000e+01,
    4.244604779400000e+01
  ],
  ""type"": ""Point""
}","{
  ""coordinates"": [
    -83.143992074,
    42.446047794
  ],
  ""type"": ""Point""
}",-83.143992074,42.446047794
4931,1176374,I-94,14TH,2017-10-23,23,10,2017,17,2,8,1,,1,0,,2,4,1,55,3,2,4,5,0,0,0,0,true,,false,false,true,false,false,,,,,,false,false,false,,,false,false,false,false,false,-83.08932,42.35319,"{
  ""coordinates"": [
    -8.308931750200000e+01,
    4.235318928000000e+01
  ],
  ""type"": ""Point""
}","{
  ""coordinates"": [
    -83.089317502,
    42.35318928
  ],
  ""type"": ""Point""
}",-83.089317502,42.35318928
4932,1171876,FORT,8TH,2017-10-22,22,10,2017,14,1,3,3,,1,0,,1,1,1,30,5,2,4,5,0,0,0,0,true,,false,false,false,false,false,,,,,,false,true,false,,,false,false,false,false,false,-83.06037,42.32512,"{
  ""coordinates"": [
    -8.306037271900000e+01,
    4.232512176200000e+01
  ],
  ""type"": ""Point""
}","{
  ""coordinates"": [
    -83.060372719,
    42.325121762
  ],
  ""type"": ""Point""
}",-83.060372719,42.325121762
4933,1174751,KENTFIELD,SANTA CLARA,2017-10-22,22,10,2017,16,1,4,9,,,0,,1,1,1,25,2,2,2,5,0,0,0,0,true,,false,false,true,false,false,,,,,,false,false,false,,,false,false,false,false,false,-83.24137,42.41914,"{
  ""coordinates"": [
    -8.324137286800000e+01,
    4.241914187300010e+01
  ],
  ""type"": ""Point""
}","{
  ""coordinates"": [
    -83.241372868,
    42.419141873
  ],
  ""type"": ""Point""
}",-83.241372868,42.4191418730001
4934,1174787,DEXTER,KENDALL,2017-10-22,22,10,2017,15,1,4,9,,4,0,,1,1,1,30,2,2,11,5,0,0,0,0,true,,false,false,true,false,false,,,,,,false,true,false,,,false,false,false,false,false,-83.13402,42.39457,"{
  ""coordinates"": [
    -8.313402168899999e+01,
    4.239457211900000e+01
  ],
  ""type"": ""Point""
}","{
  ""coordinates"": [
    -83.134021689,
    42.394572119
  ],
  ""type"": ""Point""
}",-83.134021689,42.394572119
4935,1168341,MACK,S I 75 SERVICE DRIVE,2017-10-22,22,10,2017,19,1,4,9,,4,0,,1,1,4,30,6,2,2,4,0,0,0,1,false,,false,false,true,false,false,,,,,,false,false,false,,,false,false,false,false,false,-83.04863,42.35091,"{
  ""coordinates"": [
    -8.304862711999991e+01,
    4.235091519600010e+01
  ],
  ""type"": ""Point""
}","{
  ""coordinates"": [
    -83.04862712,
    42.350915196
  ],
  ""type"": ""Point""
}",-83.0486271199999,42.3509151960001
4936,1171879,WOODWARD,S I 75,2017-10-22,22,10,2017,22,1,5,3,,1,0,,1,1,4,35,2,2,2,5,0,0,0,0,true,,false,false,false,false,false,,,,,,false,false,false,,,false,false,false,false,false,-83.05289,42.33998,"{
  ""coordinates"": [
    -8.305289655699990e+01,
    4.233997961200000e+01
  ],
  ""type"": ""Point""
}","{
  ""coordinates"": [
    -83.052896557,
    42.339979612
  ],
  ""type"": ""Point""
}",-83.0528965569999,42.339979612
4937,1170752,BURT,VASSAR,2017-10-22,22,10,2017,3,1,5,9,,4,3,,1,1,4,25,2,2,0,5,0,0,0,0,true,,false,false,false,false,false,,,,,,false,false,false,,,false,false,false,false,false,-83.24873,42.43282,"{
  ""coordinates"": [
    -8.324873167999991e+01,
    4.243281553300010e+01
  ],
  ""type"": ""Point""
}","{
  ""coordinates"": [
    -83.24873168,
    42.432815533
  ],
  ""type"": ""Point""
}",-83.2487316799999,42.4328155330001
4938,1169463,GARTNER,CENTRAL,2017-10-22,22,10,2017,12,1,5,9,,,0,,1,1,1,25,2,2,3,4,0,0,0,1,false,,false,false,false,false,false,,,,,,false,false,false,,,false,false,false,false,false,-83.12241,42.30996,"{
  ""coordinates"": [
    -8.312241267400000e+01,
    4.230995782500000e+01
  ],
  ""type"": ""Point""
}","{
  ""coordinates"": [
    -83.122412674,
    42.309957825
  ],
  ""type"": ""Point""
}",-83.122412674,42.309957825
4939,1169453,WINDER,BEAUBIEN,2017-10-22,22,10,2017,17,1,10,9,,4,0,,1,1,1,25,2,2,6,4,0,0,0,1,false,,false,false,false,false,false,,,,,,false,false,false,,,false,false,false,false,false,-83.04797,42.34329,"{
  ""coordinates"": [
    -8.304796609399990e+01,
    4.234328966300010e+01
  ],
  ""type"": ""Point""
}","{
  ""coordinates"": [
    -83.047966094,
    42.343289663
  ],
  ""type"": ""Point""
}",-83.0479660939999,42.3432896630001
4940,1182332,I-94,LIVERNOIS,2017-10-22,22,10,2017,6,1,1,1,,1,1,,1,1,5,70,3,1,1,5,0,0,0,0,true,,false,false,false,true,false,,,,,,false,false,true,,,false,false,false,false,false,-83.14276,42.33175,"{
  ""coordinates"": [
    -8.314276419799999e+01,
    4.233175207200000e+01
  ],
  ""type"": ""Point""
}","{
  ""coordinates"": [
    -83.142764198,
    42.331752072
  ],
  ""type"": ""Point""
}",-83.142764198,42.331752072
4941,1169506,LA SALLE BVLD,HAZELWOOD,2017-10-22,22,10,2017,19,1,4,9,,,0,,1,1,5,25,2,2,2,4,0,0,0,1,false,,false,false,false,false,false,,,,,,false,false,true,,,false,false,false,false,false,-83.10371,42.37129,"{
  ""coordinates"": [
    -8.310371539499990e+01,
    4.237129045800000e+01
  ],
  ""type"": ""Point""
}","{
  ""coordinates"": [
    -83.103715395,
    42.371290458
  ],
  ""type"": ""Point""
}",-83.1037153949999,42.371290458
4942,1169459,DIX,CENTRAL,2017-10-22,22,10,2017,21,1,3,9,,4,0,,1,1,3,30,2,2,2,5,0,0,0,0,true,,false,false,false,false,false,,,,,,false,false,false,,,false,false,true,false,false,-83.12749,42.31714,"{
  ""coordinates"": [
    -8.312748502600000e+01,
    4.231714240200010e+01
  ],
  ""type"": ""Point""
}","{
  ""coordinates"": [
    -83.127485026,
    42.317142402
  ],
  ""type"": ""Point""
}",-83.127485026,42.3171424020001
4943,1169514,SANTA ROSE,ELHURST,2017-10-22,22,10,2017,12,1,8,9,,,0,,1,1,1,25,1,2,0,5,0,0,0,0,true,,false,false,true,false,false,,,,,,false,false,false,,,false,false,false,false,false,-83.14126,42.37612,"{
  ""coordinates"": [
    -8.314126176100000e+01,
    4.237612095400000e+01
  ],
  ""type"": ""Point""
}","{
  ""coordinates"": [
    -83.141261761,
    42.376120954
  ],
  ""type"": ""Point""
}",-83.141261761,42.376120954
4944,1169509,CHICAGO,LAWTON,2017-10-22,22,10,2017,15,1,4,9,,4,0,,1,1,1,30,2,2,2,3,0,0,1,1,false,,false,false,false,false,false,,,,,,false,true,false,,,false,false,false,false,false,-83.11373,42.37564,"{
  ""coordinates"": [
    -8.311372807700000e+01,
    4.237564322600010e+01
  ],
  ""type"": ""Point""
}","{
  ""coordinates"": [
    -83.113728077,
    42.375643226
  ],
  ""type"": ""Point""
}",-83.113728077,42.3756432260001
4945,1174770,GRATIOT,STATE FAIR,2017-10-22,22,10,2017,2,1,4,3,,1,0,,1,1,4,35,7,2,2,5,0,0,0,0,true,,false,false,false,false,false,,,,,,false,false,false,,,false,false,false,false,false,-82.9728,42.44251,"{
  ""coordinates"": [
    -8.297280215399999e+01,
    4.244250755700010e+01
  ],
  ""type"": ""Point""
}","{
  ""coordinates"": [
    -82.972802154,
    42.442507557
  ],
  ""type"": ""Point""
}",-82.972802154,42.4425075570001
4946,1174730,S I 75 SERVICE DRIVE,RAMP 031D,2017-10-22,22,10,2017,22,1,9,1,,4,2,,1,1,4,25,3,2,2,5,0,0,0,0,true,,false,false,false,false,false,,,,,,false,false,false,,,false,false,false,false,false,-83.1199,42.30171,"{
  ""coordinates"": [
    -8.311989254100000e+01,
    4.230171276900010e+01
  ],
  ""type"": ""Point""
}","{
  ""coordinates"": [
    -83.119892541,
    42.301712769
  ],
  ""type"": ""Point""
}",-83.119892541,42.3017127690001
4947,1211370,EDSEL FORD,VAN DYKE,2017-10-22,22,10,2017,16,1,5,1,,1,0,,1,1,1,55,3,2,3,5,0,0,0,0,true,,false,false,false,false,false,,,,,,false,false,true,,,false,false,false,false,false,-83.02116,42.38598,"{
  ""coordinates"": [
    -8.302116766300000e+01,
    4.238598362000000e+01
  ],
  ""type"": ""Point""
}","{
  ""coordinates"": [
    -83.021167663,
    42.38598362
  ],
  ""type"": ""Point""
}",-83.021167663,42.38598362
4948,1169515,THIRD,FISHER,2017-10-22,22,10,2017,18,1,8,9,,4,0,,1,1,4,0,2,2,3,5,0,0,0,0,true,,false,false,true,false,false,,,,,,false,false,false,,,false,false,false,false,false,-83.06018,42.33633,"{
  ""coordinates"": [
    -8.306017706199999e+01,
    4.233633047300000e+01
  ],
  ""type"": ""Point""
}","{
  ""coordinates"": [
    -83.060177062,
    42.336330473
  ],
  ""type"": ""Point""
}",-83.060177062,42.336330473
4949,1174841,E I 94,TRUMBULL,2017-10-22,22,10,2017,6,1,1,1,,1,1,,1,1,4,30,2,1,1,5,0,0,0,0,true,,false,false,true,false,false,,,,,,false,false,false,,,false,false,false,false,false,-83.08077,42.35617,"{
  ""coordinates"": [
    -8.308077376599989e+01,
    4.235616626300000e+01
  ],
  ""type"": ""Point""
}","{
  ""coordinates"": [
    -83.080773766,
    42.356166263
  ],
  ""type"": ""Point""
}",-83.0807737659999,42.356166263
4950,1169519,ARDMORE,THATCHER,2017-10-22,22,10,2017,3,1,2,9,,,2,,1,1,4,25,2,2,2,3,0,0,1,1,false,,false,false,false,false,false,,,,,,false,false,true,,,false,false,false,false,false,-83.18497,42.42271,"{
  ""coordinates"": [
    -8.318496494000000e+01,
    4.242270909700010e+01
  ],
  ""type"": ""Point""
}","{
  ""coordinates"": [
    -83.18496494,
    42.422709097
  ],
  ""type"": ""Point""
}",-83.18496494,42.4227090970001
4951,1169525,WYOMING,JOHN C LODGE SERVICE,2017-10-22,22,10,2017,3,1,5,9,,4,0,,1,1,4,35,2,2,1,5,0,0,0,0,true,,false,false,true,false,false,,,,,,false,false,true,,,false,false,false,false,false,-83.15984,42.40568,"{
  ""coordinates"": [
    -8.315983286200000e+01,
    4.240568186900000e+01
  ],
  ""type"": ""Point""
}","{
  ""coordinates"": [
    -83.159832862,
    42.405681869
  ],
  ""type"": ""Point""
}",-83.159832862,42.405681869
4952,1170766,GRAYTON,EDSEL,2017-10-22,22,10,2017,11,1,98,9,,,3,,1,1,1,25,1,2,0,5,0,0,0,0,true,,false,false,true,false,false,,,,,,false,false,false,,,false,false,false,false,false,-82.93848,42.41502,"{
  ""coordinates"": [
    -8.293848195200000e+01,
    4.241501712700010e+01
  ],
  ""type"": ""Point""
}","{
  ""coordinates"": [
    -82.938481952,
    42.415017127
  ],
  ""type"": ""Point""
}",-82.938481952,42.4150171270001
4953,1178530,8 MILE,S M 39,2017-10-22,22,10,2017,2,1,8,3,,1,0,,1,1,4,40,4,2,3,5,0,0,0,0,true,,false,false,true,false,false,,,,,,false,false,false,,,false,false,false,false,false,-83.2199,42.44418,"{
  ""coordinates"": [
    -8.321989997900000e+01,
    4.244417617600000e+01
  ],
  ""type"": ""Point""
}","{
  ""coordinates"": [
    -83.219899979,
    42.444176176
  ],
  ""type"": ""Point""
}",-83.219899979,42.444176176
4954,1169458,N I 75 SERVICE DRIVE,GRAND RIVER,2017-10-22,22,10,2017,21,1,8,3,,5,0,,1,1,4,35,2,2,1,5,0,0,0,0,true,,false,false,true,false,false,,,,,,false,false,false,,,false,false,false,false,false,-83.05917,42.33623,"{
  ""coordinates"": [
    -8.305916572500000e+01,
    4.233622783600000e+01
  ],
  ""type"": ""Point""
}","{
  ""coordinates"": [
    -83.059165725,
    42.336227836
  ],
  ""type"": ""Point""
}",-83.059165725,42.336227836
4955,1168323,I-96,BURT,2017-10-22,22,10,2017,16,1,1,1,,1,1,,1,1,1,55,3,1,1,4,0,0,0,1,false,,false,false,false,false,false,,,,,,false,false,true,,,false,false,false,false,false,-83.24696,42.38544,"{
  ""coordinates"": [
    -8.324695480600001e+01,
    4.238544199300000e+01
  ],
  ""type"": ""Point""
}","{
  ""coordinates"": [
    -83.246954806,
    42.385441993
  ],
  ""type"": ""Point""
}",-83.246954806,42.385441993
4956,1177647,W/B I-94,FRENCH,2017-10-22,22,10,2017,19,1,97,1,,1,0,,1,1,4,55,3,3,5,5,0,0,0,0,true,,false,false,false,false,false,,,,,,false,false,true,,,false,false,false,false,false,-82.99566,42.39245,"{
  ""coordinates"": [
    -8.299565631999999e+01,
    4.239244827000000e+01
  ],
  ""type"": ""Point""
}","{
  ""coordinates"": [
    -82.99565632,
    42.39244827
  ],
  ""type"": ""Point""
}",-82.99565632,42.39244827
4957,1169520,7 MILE,LAUDER,2017-10-22,22,10,2017,20,1,5,9,,2,0,,1,1,4,35,4,2,3,4,0,0,0,2,false,,false,false,false,false,false,,,,,,false,false,true,,,false,false,false,false,false,-83.19228,42.43065,"{
  ""coordinates"": [
    -8.319227299399989e+01,
    4.243065360700010e+01
  ],
  ""type"": ""Point""
}","{
  ""coordinates"": [
    -83.192272994,
    42.430653607
  ],
  ""type"": ""Point""
}",-83.1922729939999,42.4306536070001
4958,1169455,3RD,S I 75 SERVICE DRIVE,2017-10-22,22,10,2017,8,1,4,9,,4,0,,1,1,1,35,5,2,2,5,0,0,0,0,true,,true,true,false,false,false,,,,,,false,false,false,,,false,false,false,false,false,-83.06048,42.33664,"{
  ""coordinates"": [
    -8.306047465099989e+01,
    4.233663626600000e+01
  ],
  ""type"": ""Point""
}","{
  ""coordinates"": [
    -83.060474651,
    42.336636266
  ],
  ""type"": ""Point""
}",-83.0604746509999,42.336636266
4959,1176435,STATE FAIR,QUEEN,2017-10-22,22,10,2017,23,1,8,9,,4,0,,1,1,4,25,2,2,1,5,0,0,0,0,true,,false,false,false,false,false,,,,,,false,false,false,,,false,false,false,false,false,-82.97073,42.44256,"{
  ""coordinates"": [
    -8.297072289200000e+01,
    4.244256256700000e+01
  ],
  ""type"": ""Point""
}","{
  ""coordinates"": [
    -82.970722892,
    42.442562567
  ],
  ""type"": ""Point""
}",-82.970722892,42.442562567
4960,1169518,GREENLAWN,SAINT MARTIN,2017-10-22,22,10,2017,11,1,8,9,,,0,,1,1,1,25,1,2,1,5,0,0,0,0,true,,false,false,false,false,false,,,,,,false,false,true,,,false,false,false,false,false,-83.15204,42.43696,"{
  ""coordinates"": [
    -8.315204032900000e+01,
    4.243695753200010e+01
  ],
  ""type"": ""Point""
}","{
  ""coordinates"": [
    -83.152040329,
    42.436957532
  ],
  ""type"": ""Point""
}",-83.152040329,42.4369575320001