ObjectId,Crash ID,Primary Road,Intersecting Road,Crash Date,Day,Month,Year,Hour,Weekday,Crash Type Code,Highway Classification Code,Community Code,Jurisdiction Code,Lane Departure Type Code,Surface Type,Road Condition,Weather Condition,Lighting Condition,Speed Limit,Lanes,Units,Occupants,Most Severe Injury,Fatal Injuries,Suspected Serious Injuries,Suspected Minor Injuries,Possible Injuries,Property Damage Only,Secondary Crash,Traffic Control,Red Light Run,Hit and Run,Alcohol,Drugs,Unbelted Person,Work Zone,Speeding Driver,Distracted Driver,Driveway,Pedestrian,Elderly Driver,Young Driver,Commercial Vehicle,Emergency Vehicles,Train,School Bus,Motorcycle,Bicycle,Deer,Longitude,Latitude,geom,geog,x,y
4961,1169517,8 MILE,SHERWOOD,2017-10-22,22,10,2017,16,1,5,3,,1,0,,1,1,1,40,4,2,2,5,0,0,0,0,true,,false,false,false,false,false,,,,,,false,false,true,,,false,false,false,false,false,-83.03265,42.44798,"{
  ""coordinates"": [
    -8.303265601899990e+01,
    4.244798049700010e+01
  ],
  ""type"": ""Point""
}","{
  ""coordinates"": [
    -83.032656019,
    42.447980497
  ],
  ""type"": ""Point""
}",-83.0326560189999,42.4479804970001
4962,1182340,I-94,LIVERNOIS,2017-10-22,22,10,2017,22,1,8,1,,1,0,,1,1,4,55,3,2,2,5,0,0,0,0,true,,false,false,false,false,false,,,,,,false,false,false,,,false,false,false,false,false,-83.12461,42.33758,"{
  ""coordinates"": [
    -8.312460802200000e+01,
    4.233758001900000e+01
  ],
  ""type"": ""Point""
}","{
  ""coordinates"": [
    -83.124608022,
    42.337580019
  ],
  ""type"": ""Point""
}",-83.124608022,42.337580019
4963,1168347,ANNOTT,BRINGARD,2017-10-22,22,10,2017,9,1,8,9,,,0,,1,1,1,25,2,2,0,5,0,0,0,0,true,,false,false,true,false,false,,,,,,false,false,false,,,false,false,false,false,false,-83.00263,42.44495,"{
  ""coordinates"": [
    -8.300262870800000e+01,
    4.244495387800000e+01
  ],
  ""type"": ""Point""
}","{
  ""coordinates"": [
    -83.002628708,
    42.444953878
  ],
  ""type"": ""Point""
}",-83.002628708,42.444953878
4964,1168343,LYNDON,WESTWOOD,2017-10-22,22,10,2017,13,1,97,9,,,0,,1,1,1,25,2,2,4,4,0,0,0,1,false,,false,false,true,false,false,,,,,,false,false,false,,,false,false,false,false,false,-83.23226,42.3936,"{
  ""coordinates"": [
    -8.323225818500001e+01,
    4.239359523900000e+01
  ],
  ""type"": ""Point""
}","{
  ""coordinates"": [
    -83.232258185,
    42.393595239
  ],
  ""type"": ""Point""
}",-83.232258185,42.393595239
4965,1168321,M-39,FENKELL,2017-10-22,22,10,2017,12,1,97,3,,1,0,,1,1,1,55,3,4,9,2,0,1,2,1,false,,false,false,false,false,false,,,,,,false,true,false,,,false,false,false,false,false,-83.21837,42.40168,"{
  ""coordinates"": [
    -8.321837114399990e+01,
    4.240167498900010e+01
  ],
  ""type"": ""Point""
}","{
  ""coordinates"": [
    -83.218371144,
    42.401674989
  ],
  ""type"": ""Point""
}",-83.2183711439999,42.4016749890001
4966,1169524,LILAC,PURITAN,2017-10-22,22,10,2017,17,1,97,9,,,0,,1,1,1,25,1,3,0,5,0,0,0,0,true,,false,false,true,false,false,,,,,,false,false,false,,,false,false,false,false,false,-83.14687,42.40986,"{
  ""coordinates"": [
    -8.314687662499990e+01,
    4.240986301400010e+01
  ],
  ""type"": ""Point""
}","{
  ""coordinates"": [
    -83.146876625,
    42.409863014
  ],
  ""type"": ""Point""
}",-83.1468766249999,42.4098630140001
4967,1169457,VERNOR,MULLANE,2017-10-22,22,10,2017,3,1,3,9,,4,0,,1,1,4,30,2,2,3,4,0,0,0,1,false,,false,false,false,false,false,,,,,,false,false,false,,,false,false,false,false,false,-83.12967,42.31044,"{
  ""coordinates"": [
    -8.312966625500000e+01,
    4.231044557400000e+01
  ],
  ""type"": ""Point""
}","{
  ""coordinates"": [
    -83.129666255,
    42.310445574
  ],
  ""type"": ""Point""
}",-83.129666255,42.310445574
4968,1172919,APPLE,MICHIGAN,2017-10-22,22,10,2017,10,1,5,2,,,0,,1,1,1,25,2,2,0,5,0,0,0,0,true,,false,false,true,false,false,,,,,,false,false,false,,,false,false,false,false,false,-83.1294,42.33108,"{
  ""coordinates"": [
    -8.312940055099990e+01,
    4.233107772600000e+01
  ],
  ""type"": ""Point""
}","{
  ""coordinates"": [
    -83.129400551,
    42.331077726
  ],
  ""type"": ""Point""
}",-83.1294005509999,42.331077726
4969,1168322,I-94,CADIEUX,2017-10-22,22,10,2017,15,1,8,1,,1,0,,1,1,1,55,3,2,2,5,0,0,0,0,true,,false,false,false,false,false,,,,,,false,false,true,,,false,false,false,false,false,-82.93743,42.41705,"{
  ""coordinates"": [
    -8.293743508199999e+01,
    4.241705024700010e+01
  ],
  ""type"": ""Point""
}","{
  ""coordinates"": [
    -82.937435082,
    42.417050247
  ],
  ""type"": ""Point""
}",-82.937435082,42.4170502470001
4970,1169516,WYOMING,CURTIS,2017-10-22,22,10,2017,10,1,8,9,,4,0,,1,1,1,0,2,2,2,4,0,0,0,1,false,,false,false,false,false,false,,,,,,false,false,false,,,false,false,false,false,false,-83.16071,42.42418,"{
  ""coordinates"": [
    -8.316071500500000e+01,
    4.242418286400000e+01
  ],
  ""type"": ""Point""
}","{
  ""coordinates"": [
    -83.160715005,
    42.424182864
  ],
  ""type"": ""Point""
}",-83.160715005,42.424182864
4971,1169467,CABOT,MICHIGAN,2017-10-21,21,10,2017,12,7,2,2,,,2,,1,1,1,0,2,2,2,5,0,0,0,0,true,,false,false,false,false,false,,,,,,false,false,true,,,false,false,false,false,false,-83.14944,42.32956,"{
  ""coordinates"": [
    -8.314944263500000e+01,
    4.232955727600010e+01
  ],
  ""type"": ""Point""
}","{
  ""coordinates"": [
    -83.149442635,
    42.329557276
  ],
  ""type"": ""Point""
}",-83.149442635,42.3295572760001
4972,1169462,FORT,SCHAEFER,2017-10-21,21,10,2017,2,7,1,1,,1,1,,1,1,4,30,4,1,0,5,0,0,0,0,true,,false,false,true,false,false,,,,,,false,false,false,,,false,false,false,false,false,-83.15611,42.27562,"{
  ""coordinates"": [
    -8.315611534200001e+01,
    4.227561686900000e+01
  ],
  ""type"": ""Point""
}","{
  ""coordinates"": [
    -83.156115342,
    42.275616869
  ],
  ""type"": ""Point""
}",-83.156115342,42.275616869
4973,1167104,MCNICHOLS,RUTHERFORD,2017-10-21,21,10,2017,15,7,4,9,,2,0,,1,1,1,35,5,2,2,5,0,0,0,0,true,,false,false,true,false,false,,,,,,false,false,true,,,false,false,false,false,false,-83.20472,42.41586,"{
  ""coordinates"": [
    -8.320472252600000e+01,
    4.241585727200000e+01
  ],
  ""type"": ""Point""
}","{
  ""coordinates"": [
    -83.204722526,
    42.415857272
  ],
  ""type"": ""Point""
}",-83.204722526,42.415857272
4974,1167056,I 94,I 75,2017-10-21,21,10,2017,11,7,8,1,,1,0,,1,1,1,55,3,2,1,5,0,0,0,0,true,,false,false,true,false,false,,,,,,false,false,false,,,false,false,false,false,false,-83.05738,42.36887,"{
  ""coordinates"": [
    -8.305738440700000e+01,
    4.236886918700000e+01
  ],
  ""type"": ""Point""
}","{
  ""coordinates"": [
    -83.057384407,
    42.368869187
  ],
  ""type"": ""Point""
}",-83.057384407,42.368869187
4975,1176457,7 MILE,STOTTER,2017-10-21,21,10,2017,2,7,4,9,,4,0,,1,1,4,30,2,2,3,5,0,0,0,0,true,,false,false,false,false,false,,,,,,false,false,false,,,false,false,false,false,false,-83.02499,42.43396,"{
  ""coordinates"": [
    -8.302499561499999e+01,
    4.243396133000000e+01
  ],
  ""type"": ""Point""
}","{
  ""coordinates"": [
    -83.024995615,
    42.43396133
  ],
  ""type"": ""Point""
}",-83.024995615,42.43396133
4976,1167144,OUTER,STEEL,2017-10-21,21,10,2017,10,7,4,9,,2,0,,1,1,1,30,3,2,3,5,0,0,0,0,true,,false,false,true,false,false,,,,,,false,true,false,,,false,false,false,false,false,-83.17297,42.43468,"{
  ""coordinates"": [
    -8.317296630600001e+01,
    4.243468509300000e+01
  ],
  ""type"": ""Point""
}","{
  ""coordinates"": [
    -83.172966306,
    42.434685093
  ],
  ""type"": ""Point""
}",-83.172966306,42.434685093
4977,1169474,CADIEUX,CHANDLER PARK,2017-10-21,21,10,2017,21,7,8,9,,4,0,,1,1,4,35,5,2,1,5,0,0,0,0,true,,false,false,true,false,false,,,,,,false,false,false,,,false,false,false,false,false,-82.93219,42.40969,"{
  ""coordinates"": [
    -8.293218861799990e+01,
    4.240969338200010e+01
  ],
  ""type"": ""Point""
}","{
  ""coordinates"": [
    -82.932188618,
    42.409693382
  ],
  ""type"": ""Point""
}",-82.9321886179999,42.4096933820001
4978,1170744,EVERGREEN,WARREN,2017-10-21,21,10,2017,20,7,1,9,,4,0,,1,1,4,35,2,2,2,5,0,0,0,0,true,,false,false,false,false,false,,,,,,true,false,false,,,false,false,false,false,false,-83.23538,42.34313,"{
  ""coordinates"": [
    -8.323538283100000e+01,
    4.234313233100000e+01
  ],
  ""type"": ""Point""
}","{
  ""coordinates"": [
    -83.235382831,
    42.343132331
  ],
  ""type"": ""Point""
}",-83.235382831,42.343132331
4979,1168335,BELVIDERE,GOETHE,2017-10-21,21,10,2017,5,7,8,9,,,0,,1,1,5,25,1,2,0,5,0,0,0,0,true,,false,false,true,false,false,,,,,,false,false,false,,,false,false,false,false,false,-82.99327,42.36911,"{
  ""coordinates"": [
    -8.299327416300000e+01,
    4.236911225800000e+01
  ],
  ""type"": ""Point""
}","{
  ""coordinates"": [
    -82.993274163,
    42.369112258
  ],
  ""type"": ""Point""
}",-82.993274163,42.369112258
4980,1167137,7 MILE,STRATHMOOR,2017-10-21,21,10,2017,10,7,8,9,,2,0,,1,1,1,30,2,2,2,5,0,0,0,0,true,,false,false,false,false,false,,,,,,false,false,false,,,false,false,false,false,false,-83.18873,42.43077,"{
  ""coordinates"": [
    -8.318872557799990e+01,
    4.243076851900000e+01
  ],
  ""type"": ""Point""
}","{
  ""coordinates"": [
    -83.188725578,
    42.430768519
  ],
  ""type"": ""Point""
}",-83.1887255779999,42.430768519
4981,1167135,MCNICHOLS,BIRWOOD,2017-10-21,21,10,2017,15,7,4,9,,2,0,,1,1,1,30,4,2,2,4,0,0,0,2,false,,false,false,false,false,false,,,,,,false,false,true,,,false,false,false,false,false,-83.16357,42.41685,"{
  ""coordinates"": [
    -8.316356466100000e+01,
    4.241684700700010e+01
  ],
  ""type"": ""Point""
}","{
  ""coordinates"": [
    -83.163564661,
    42.416847007
  ],
  ""type"": ""Point""
}",-83.163564661,42.4168470070001
4982,1168329,S I 75 SERVICE DRIVE,FORT,2017-10-21,21,10,2017,17,7,5,3,,4,0,,1,2,1,25,2,2,2,5,0,0,0,0,true,,false,false,false,false,false,,,,,,false,false,false,,,false,false,false,false,false,-83.12444,42.29823,"{
  ""coordinates"": [
    -8.312444211699990e+01,
    4.229823381500010e+01
  ],
  ""type"": ""Point""
}","{
  ""coordinates"": [
    -83.124442117,
    42.298233815
  ],
  ""type"": ""Point""
}",-83.1244421169999,42.2982338150001
4983,1177645,S/B I-75,DAVISON,2017-10-21,21,10,2017,2,7,1,1,,1,1,,1,1,4,70,4,1,2,2,0,1,0,1,false,,false,false,false,true,false,,,,,,false,false,true,,,false,false,false,false,false,-83.0783,42.40755,"{
  ""coordinates"": [
    -8.307830086199991e+01,
    4.240754718600000e+01
  ],
  ""type"": ""Point""
}","{
  ""coordinates"": [
    -83.078300862,
    42.407547186
  ],
  ""type"": ""Point""
}",-83.0783008619999,42.407547186
4984,1168337,VAN DYKE,AGNES,2017-10-21,21,10,2017,11,7,10,9,,4,0,,1,1,1,0,2,2,1,5,0,0,0,0,true,,false,false,false,false,false,,,,,,false,false,false,,,false,false,false,false,false,-82.99735,42.35484,"{
  ""coordinates"": [
    -8.299735263799990e+01,
    4.235483684900000e+01
  ],
  ""type"": ""Point""
}","{
  ""coordinates"": [
    -82.997352638,
    42.354836849
  ],
  ""type"": ""Point""
}",-82.9973526379999,42.354836849
4985,1167046,W I 96,W M 8,2017-10-21,21,10,2017,1,7,8,1,,1,0,,1,1,3,70,4,2,1,4,0,0,0,1,false,,false,false,true,false,false,,,,,,false,true,false,,,false,false,false,false,false,-83.15786,42.38542,"{
  ""coordinates"": [
    -8.315786009399990e+01,
    4.238542280200010e+01
  ],
  ""type"": ""Point""
}","{
  ""coordinates"": [
    -83.157860094,
    42.385422802
  ],
  ""type"": ""Point""
}",-83.1578600939999,42.3854228020001
4986,1169471,BASSETT,SCHAEFER,2017-10-21,21,10,2017,0,7,98,9,,,0,,98,1,4,25,3,2,1,5,0,0,0,0,true,,false,false,true,false,false,,,,,,false,false,false,,,false,false,false,false,false,-83.14487,42.27574,"{
  ""coordinates"": [
    -8.314487014799990e+01,
    4.227573932600010e+01
  ],
  ""type"": ""Point""
}","{
  ""coordinates"": [
    -83.144870148,
    42.275739326
  ],
  ""type"": ""Point""
}",-83.1448701479999,42.2757393260001
4987,1169468,CENTRAL,JOHN KRONK,2017-10-21,21,10,2017,13,7,5,9,,4,0,,1,1,1,35,2,2,1,4,0,0,0,1,false,,false,false,true,false,false,,,,,,false,false,true,,,false,false,false,false,false,-83.13171,42.32286,"{
  ""coordinates"": [
    -8.313170260600000e+01,
    4.232286304100010e+01
  ],
  ""type"": ""Point""
}","{
  ""coordinates"": [
    -83.131702606,
    42.322863041
  ],
  ""type"": ""Point""
}",-83.131702606,42.3228630410001
4988,1167110,GRATIOT,MCNICHOLS,2017-10-21,21,10,2017,13,7,4,3,,1,0,,1,1,1,35,8,2,1,5,0,0,0,0,true,,false,false,true,false,false,,,,,,false,false,false,,,false,false,false,false,false,-82.98331,42.42657,"{
  ""coordinates"": [
    -8.298330755500000e+01,
    4.242656926400010e+01
  ],
  ""type"": ""Point""
}","{
  ""coordinates"": [
    -82.983307555,
    42.426569264
  ],
  ""type"": ""Point""
}",-82.983307555,42.4265692640001
4989,1168350,FAIRFIELD,FLORENCE,2017-10-21,21,10,2017,20,7,97,9,,,0,,1,1,4,25,3,2,1,5,0,0,0,0,true,,false,false,false,false,false,,,,,,false,false,false,,,false,false,false,false,false,-83.13509,42.4125,"{
  ""coordinates"": [
    -8.313508288799990e+01,
    4.241250108000000e+01
  ],
  ""type"": ""Point""
}","{
  ""coordinates"": [
    -83.135082888,
    42.41250108
  ],
  ""type"": ""Point""
}",-83.1350828879999,42.41250108
4990,1174768,GRATIOT,STATE FAIR,2017-10-21,21,10,2017,22,7,3,3,,1,0,,1,1,4,35,7,3,6,4,0,0,0,3,false,,false,false,false,false,false,,,,,,false,true,true,,,false,false,false,false,false,-82.9728,42.44251,"{
  ""coordinates"": [
    -8.297280215399999e+01,
    4.244250755700010e+01
  ],
  ""type"": ""Point""
}","{
  ""coordinates"": [
    -82.972802154,
    42.442507557
  ],
  ""type"": ""Point""
}",-82.972802154,42.4425075570001
4991,1169466,VERNOR,DIX,2017-10-21,21,10,2017,10,7,5,9,,4,0,,1,1,1,25,2,2,2,5,0,0,0,0,true,,false,false,false,false,false,,,,,,false,false,false,,,false,false,false,false,false,-83.11609,42.31591,"{
  ""coordinates"": [
    -8.311608664700000e+01,
    4.231591569900010e+01
  ],
  ""type"": ""Point""
}","{
  ""coordinates"": [
    -83.116086647,
    42.315915699
  ],
  ""type"": ""Point""
}",-83.116086647,42.3159156990001
4992,1169512,JOY,AMERICAN,2017-10-21,21,10,2017,12,7,4,9,,4,0,,1,1,1,35,3,2,1,4,0,0,0,1,false,,false,false,true,false,false,,,,,,false,false,false,,,false,false,false,false,false,-83.14436,42.35924,"{
  ""coordinates"": [
    -8.314435315599999e+01,
    4.235924061100010e+01
  ],
  ""type"": ""Point""
}","{
  ""coordinates"": [
    -83.144353156,
    42.359240611
  ],
  ""type"": ""Point""
}",-83.144353156,42.3592406110001
4993,1169456,HENRY,WOODWARD,2017-10-21,21,10,2017,19,7,1,9,,,1,,1,1,4,15,1,1,2,5,0,0,0,0,true,,false,false,false,false,false,,,,,,false,false,false,,,false,false,false,false,false,-83.05413,42.3404,"{
  ""coordinates"": [
    -8.305413097400000e+01,
    4.234040135100000e+01
  ],
  ""type"": ""Point""
}","{
  ""coordinates"": [
    -83.054130974,
    42.340401351
  ],
  ""type"": ""Point""
}",-83.054130974,42.340401351
4994,1168326,SCHAEFER,LYNDON,2017-10-21,21,10,2017,16,7,4,9,,4,0,,1,1,1,30,2,2,1,5,0,0,0,0,true,,true,true,true,false,false,,,,,,false,false,false,,,false,false,false,false,false,-83.17879,42.39483,"{
  ""coordinates"": [
    -8.317879569099991e+01,
    4.239483078800000e+01
  ],
  ""type"": ""Point""
}","{
  ""coordinates"": [
    -83.178795691,
    42.394830788
  ],
  ""type"": ""Point""
}",-83.1787956909999,42.394830788
4995,1168328,W I 96 CD,DAVISON CROSSOVER,2017-10-21,21,10,2017,16,7,8,1,,1,0,,1,1,1,70,2,2,2,5,0,0,0,0,true,,false,false,false,false,false,,,,,,false,false,false,,,false,false,false,false,false,-83.16084,42.38563,"{
  ""coordinates"": [
    -8.316083293400000e+01,
    4.238562692500010e+01
  ],
  ""type"": ""Point""
}","{
  ""coordinates"": [
    -83.160832934,
    42.385626925
  ],
  ""type"": ""Point""
}",-83.160832934,42.3856269250001
4996,1211208,FORRER,ACACIA,2017-10-21,21,10,2017,1,7,98,9,,,3,,1,1,4,15,2,2,0,5,0,0,0,0,true,,false,false,true,false,false,,,,,,false,false,false,,,false,false,false,false,false,-83.20146,42.39063,"{
  ""coordinates"": [
    -8.320146128300000e+01,
    4.239062658000010e+01
  ],
  ""type"": ""Point""
}","{
  ""coordinates"": [
    -83.201461283,
    42.39062658
  ],
  ""type"": ""Point""
}",-83.201461283,42.3906265800001
4997,1167078,S I 75 SERVICE DRIVE,SPRINGWELLS,2017-10-21,21,10,2017,7,7,4,9,,4,0,,1,1,2,25,4,2,2,5,0,0,0,0,true,,false,false,true,false,false,,,,,,false,false,false,,,false,false,false,false,false,-83.11943,42.30196,"{
  ""coordinates"": [
    -8.311942895599999e+01,
    4.230196000400010e+01
  ],
  ""type"": ""Point""
}","{
  ""coordinates"": [
    -83.119428956,
    42.301960004
  ],
  ""type"": ""Point""
}",-83.119428956,42.3019600040001
4998,1168345,MCNICHOLS,FORRER,2017-10-21,21,10,2017,3,7,1,9,,2,0,,1,1,4,40,4,1,0,5,0,0,0,0,true,,false,false,false,false,false,,,,,,false,false,false,,,false,false,false,false,false,-83.20209,42.41591,"{
  ""coordinates"": [
    -8.320209006800000e+01,
    4.241591365900010e+01
  ],
  ""type"": ""Point""
}","{
  ""coordinates"": [
    -83.202090068,
    42.415913659
  ],
  ""type"": ""Point""
}",-83.202090068,42.4159136590001
4999,1167156,MILWAUKEE,RAMP 117A,2017-10-21,21,10,2017,12,7,4,3,,4,0,,1,1,1,35,2,2,1,4,0,0,0,1,false,,false,false,true,false,false,,,,,,false,false,false,,,false,false,false,false,false,-83.0806,42.3661,"{
  ""coordinates"": [
    -8.308060576699999e+01,
    4.236609572900010e+01
  ],
  ""type"": ""Point""
}","{
  ""coordinates"": [
    -83.080605767,
    42.366095729
  ],
  ""type"": ""Point""
}",-83.080605767,42.3660957290001
5000,1169465,DIX,HONORAH,2017-10-21,21,10,2017,7,7,1,9,,4,1,,1,1,1,0,4,1,1,5,0,0,0,0,true,,false,false,false,false,false,,,,,,false,false,false,,,false,false,false,false,false,-83.12585,42.31696,"{
  ""coordinates"": [
    -8.312585199900001e+01,
    4.231695591600000e+01
  ],
  ""type"": ""Point""
}","{
  ""coordinates"": [
    -83.125851999,
    42.316955916
  ],
  ""type"": ""Point""
}",-83.125851999,42.316955916
5001,1167127,RYAN,OUTER,2017-10-21,21,10,2017,11,7,4,9,,4,0,,1,1,1,35,4,2,2,2,0,1,1,0,false,,true,true,false,false,false,,,,,,false,false,false,,,false,false,false,false,false,-83.06356,42.44054,"{
  ""coordinates"": [
    -8.306356089900000e+01,
    4.244053761100000e+01
  ],
  ""type"": ""Point""
}","{
  ""coordinates"": [
    -83.063560899,
    42.440537611
  ],
  ""type"": ""Point""
}",-83.063560899,42.440537611
5002,1199532,ARTESIAN,WARREN,2017-10-21,21,10,2017,19,7,8,9,,,0,,1,1,5,25,2,2,3,4,0,0,0,3,false,,false,false,true,false,false,,,,,,false,false,false,,,false,false,false,false,false,-83.22565,42.34341,"{
  ""coordinates"": [
    -8.322564660800001e+01,
    4.234341432300000e+01
  ],
  ""type"": ""Point""
}","{
  ""coordinates"": [
    -83.225646608,
    42.343414323
  ],
  ""type"": ""Point""
}",-83.225646608,42.343414323
5003,1168331,JOY,SOUTHFIELD,2017-10-21,21,10,2017,21,7,5,9,,2,0,,1,1,4,35,5,2,1,4,0,0,0,1,false,,false,false,true,false,false,,,,,,false,false,false,,,false,false,false,false,false,-83.21624,42.35786,"{
  ""coordinates"": [
    -8.321623947900000e+01,
    4.235785865300010e+01
  ],
  ""type"": ""Point""
}","{
  ""coordinates"": [
    -83.216239479,
    42.357858653
  ],
  ""type"": ""Point""
}",-83.216239479,42.3578586530001
5004,1169513,BURLINGAME,2ND,2017-10-21,21,10,2017,16,7,4,9,,,0,,1,1,1,25,2,2,0,5,0,0,0,0,true,,false,false,true,false,false,,,,,,false,false,false,,,false,false,false,false,false,-83.09112,42.39071,"{
  ""coordinates"": [
    -8.309111443599990e+01,
    4.239070955500010e+01
  ],
  ""type"": ""Point""
}","{
  ""coordinates"": [
    -83.091114436,
    42.390709555
  ],
  ""type"": ""Point""
}",-83.0911144359999,42.3907095550001
5005,1169472,VISGER,FORT,2017-10-21,21,10,2017,11,7,8,3,,4,0,,1,1,1,40,4,2,2,5,0,0,0,0,true,,false,false,true,false,false,,,,,,false,false,true,,,false,false,false,false,false,-83.16156,42.26839,"{
  ""coordinates"": [
    -8.316155716599999e+01,
    4.226839603800000e+01
  ],
  ""type"": ""Point""
}","{
  ""coordinates"": [
    -83.161557166,
    42.268396038
  ],
  ""type"": ""Point""
}",-83.161557166,42.268396038
5006,1174818,MEYER,MCNICHOLS,2017-10-21,21,10,2017,21,7,5,9,,4,0,,2,1,4,30,2,2,2,5,0,0,0,0,true,,false,false,true,false,false,,,,,,false,false,true,,,false,false,false,false,false,-83.1701,42.41646,"{
  ""coordinates"": [
    -8.317009985100000e+01,
    4.241646179000000e+01
  ],
  ""type"": ""Point""
}","{
  ""coordinates"": [
    -83.170099851,
    42.41646179
  ],
  ""type"": ""Point""
}",-83.170099851,42.41646179
5007,1167044,I-75,8 MILE,2017-10-21,21,10,2017,9,7,5,1,,1,0,,1,1,1,70,4,2,2,5,0,0,0,0,true,,false,false,false,false,false,,,,,,false,false,true,,,false,false,false,false,false,-83.09492,42.44319,"{
  ""coordinates"": [
    -8.309491704399990e+01,
    4.244318647700000e+01
  ],
  ""type"": ""Point""
}","{
  ""coordinates"": [
    -83.094917044,
    42.443186477
  ],
  ""type"": ""Point""
}",-83.0949170439999,42.443186477
5008,1178480,SEWARD,THIRD,2017-10-21,21,10,2017,11,7,98,9,,,0,,1,1,1,35,2,2,0,5,0,0,0,0,true,,false,false,true,false,false,,,,,,false,false,false,,,false,false,false,false,false,-83.08304,42.37274,"{
  ""coordinates"": [
    -8.308303990199990e+01,
    4.237273694800010e+01
  ],
  ""type"": ""Point""
}","{
  ""coordinates"": [
    -83.083039902,
    42.372736948
  ],
  ""type"": ""Point""
}",-83.0830399019999,42.3727369480001
5009,1177607,S/B M-10,LAFAYETTE,2017-10-21,21,10,2017,9,7,5,3,,1,0,,1,1,1,55,3,2,2,5,0,0,0,0,true,,false,false,false,false,false,,,,,,false,false,false,,,false,false,false,false,false,-83.05901,42.32929,"{
  ""coordinates"": [
    -8.305901665200000e+01,
    4.232929064500010e+01
  ],
  ""type"": ""Point""
}","{
  ""coordinates"": [
    -83.059016652,
    42.329290645
  ],
  ""type"": ""Point""
}",-83.059016652,42.3292906450001
5010,1182335,I-94,GRATIOT,2017-10-21,21,10,2017,8,7,8,1,,1,0,,1,1,1,55,3,2,1,4,0,0,0,1,false,,false,false,true,false,false,,,,,,false,false,false,,,false,false,false,false,false,-83.00816,42.39085,"{
  ""coordinates"": [
    -8.300816114700000e+01,
    4.239085096900000e+01
  ],
  ""type"": ""Point""
}","{
  ""coordinates"": [
    -83.008161147,
    42.390850969
  ],
  ""type"": ""Point""
}",-83.008161147,42.390850969
5011,1190114,DAVISON,ROSA,2017-10-21,21,10,2017,0,7,3,3,,1,0,,1,1,4,35,4,2,5,5,0,0,0,0,true,,false,false,false,false,false,,,,,,false,false,true,,,false,false,false,false,false,-83.14176,42.38642,"{
  ""coordinates"": [
    -8.314176307600000e+01,
    4.238641803600010e+01
  ],
  ""type"": ""Point""
}","{
  ""coordinates"": [
    -83.141763076,
    42.386418036
  ],
  ""type"": ""Point""
}",-83.141763076,42.3864180360001
5012,1169447,SOUTHFIELD SERVICE,8 MILE,2017-10-21,21,10,2017,16,7,5,3,,1,0,,1,2,1,35,2,2,2,4,0,0,0,1,false,,false,false,false,false,false,,,,,,false,false,false,,,false,false,false,false,false,-83.21963,42.4439,"{
  ""coordinates"": [
    -8.321963037499999e+01,
    4.244390609900010e+01
  ],
  ""type"": ""Point""
}","{
  ""coordinates"": [
    -83.219630375,
    42.443906099
  ],
  ""type"": ""Point""
}",-83.219630375,42.4439060990001
5013,1169477,CHALMERS,CHANDLER PARK,2017-10-21,21,10,2017,9,7,5,9,,4,0,,1,1,1,35,2,2,2,5,0,0,0,0,true,,false,false,true,false,false,,,,,,false,false,false,,,false,false,false,false,false,-82.96191,42.40022,"{
  ""coordinates"": [
    -8.296190482899991e+01,
    4.240022433600010e+01
  ],
  ""type"": ""Point""
}","{
  ""coordinates"": [
    -82.961904829,
    42.400224336
  ],
  ""type"": ""Point""
}",-82.9619048289999,42.4002243360001
5014,1169476,CHALMERS,LINVILLE,2017-10-21,21,10,2017,16,7,8,9,,4,0,,1,1,1,35,2,2,3,5,0,0,0,0,true,,false,false,false,false,false,,,,,,false,false,false,,,false,false,false,false,false,-82.9631,42.40204,"{
  ""coordinates"": [
    -8.296310789700000e+01,
    4.240203855300010e+01
  ],
  ""type"": ""Point""
}","{
  ""coordinates"": [
    -82.963107897,
    42.402038553
  ],
  ""type"": ""Point""
}",-82.963107897,42.4020385530001
5015,1168330,VERNOR,STAIR,2017-10-21,21,10,2017,15,7,5,9,,4,0,,1,1,1,25,2,2,1,5,0,0,0,0,true,,false,false,true,false,false,,,,,,false,false,false,,,false,false,false,false,false,-83.12236,42.31345,"{
  ""coordinates"": [
    -8.312236148300001e+01,
    4.231344512300010e+01
  ],
  ""type"": ""Point""
}","{
  ""coordinates"": [
    -83.122361483,
    42.313445123
  ],
  ""type"": ""Point""
}",-83.122361483,42.3134451230001
5016,1176453,DAVISON,BROADSTREET,2017-10-21,21,10,2017,11,7,5,3,,1,0,,1,1,1,35,4,4,6,4,0,0,0,2,false,,false,false,false,false,false,,,,,,false,false,false,,,false,false,false,false,false,-83.13857,42.3868,"{
  ""coordinates"": [
    -8.313856473500000e+01,
    4.238680187900010e+01
  ],
  ""type"": ""Point""
}","{
  ""coordinates"": [
    -83.138564735,
    42.386801879
  ],
  ""type"": ""Point""
}",-83.138564735,42.3868018790001
5017,1170733,BALTIMORE,JOHN R,2017-10-20,20,10,2017,15,6,9,9,,4,2,,1,1,1,25,2,2,1,5,0,0,0,0,true,,false,false,false,false,false,,,,,,false,false,false,,,false,false,false,false,false,-83.07317,42.368,"{
  ""coordinates"": [
    -8.307316720100000e+01,
    4.236800077000000e+01
  ],
  ""type"": ""Point""
}","{
  ""coordinates"": [
    -83.073167201,
    42.36800077
  ],
  ""type"": ""Point""
}",-83.073167201,42.36800077