ObjectId,Crash ID,Primary Road,Intersecting Road,Crash Date,Day,Month,Year,Hour,Weekday,Crash Type Code,Highway Classification Code,Community Code,Jurisdiction Code,Lane Departure Type Code,Surface Type,Road Condition,Weather Condition,Lighting Condition,Speed Limit,Lanes,Units,Occupants,Most Severe Injury,Fatal Injuries,Suspected Serious Injuries,Suspected Minor Injuries,Possible Injuries,Property Damage Only,Secondary Crash,Traffic Control,Red Light Run,Hit and Run,Alcohol,Drugs,Unbelted Person,Work Zone,Speeding Driver,Distracted Driver,Driveway,Pedestrian,Elderly Driver,Young Driver,Commercial Vehicle,Emergency Vehicles,Train,School Bus,Motorcycle,Bicycle,Deer,Longitude,Latitude,geom,geog,x,y
5075,1174767,N M 39,PURITAN,2017-10-20,20,10,2017,22,6,8,3,,1,0,,1,1,4,0,4,2,2,5,0,0,0,0,true,,false,false,false,false,false,,,,,,false,false,false,,,false,false,false,false,false,-83.21849,42.40771,"{
  ""coordinates"": [
    -8.321848845300001e+01,
    4.240771600200000e+01
  ],
  ""type"": ""Point""
}","{
  ""coordinates"": [
    -83.218488453,
    42.407716002
  ],
  ""type"": ""Point""
}",-83.218488453,42.407716002
5076,1167016,I-75,BRUSH,2017-10-20,20,10,2017,7,6,8,1,,1,0,,1,1,5,55,4,2,2,4,0,0,0,1,false,,false,false,false,false,false,,,,,,false,true,false,,,false,false,false,false,false,-83.05025,42.34092,"{
  ""coordinates"": [
    -8.305025071400000e+01,
    4.234092433800000e+01
  ],
  ""type"": ""Point""
}","{
  ""coordinates"": [
    -83.050250714,
    42.340924338
  ],
  ""type"": ""Point""
}",-83.050250714,42.340924338
5077,1167120,LONGFELLOW,BYRON,2017-10-20,20,10,2017,9,6,8,9,,,3,,1,1,4,0,1,2,0,5,0,0,0,0,true,,false,false,true,false,false,,,,,,false,false,false,,,false,false,false,false,false,-83.09515,42.3812,"{
  ""coordinates"": [
    -8.309514666400000e+01,
    4.238119460000010e+01
  ],
  ""type"": ""Point""
}","{
  ""coordinates"": [
    -83.095146664,
    42.3811946
  ],
  ""type"": ""Point""
}",-83.095146664,42.3811946000001
5078,1167050,I-94,BEAUBIEN,2017-10-20,20,10,2017,20,6,5,1,,1,0,,1,1,4,55,3,2,2,5,0,0,0,0,true,,false,false,false,false,false,,,,,,false,false,false,,,false,false,false,false,false,-83.06161,42.36691,"{
  ""coordinates"": [
    -8.306161160300000e+01,
    4.236691317100010e+01
  ],
  ""type"": ""Point""
}","{
  ""coordinates"": [
    -83.061611603,
    42.366913171
  ],
  ""type"": ""Point""
}",-83.061611603,42.3669131710001
5079,1167128,CONANT,FREDRO,2017-10-20,20,10,2017,12,6,2,9,,2,2,,1,1,1,0,2,2,3,3,0,0,2,0,false,,false,false,true,false,false,,,,,,false,false,false,,,false,false,false,false,false,-83.05705,42.40896,"{
  ""coordinates"": [
    -8.305704927200000e+01,
    4.240896241700010e+01
  ],
  ""type"": ""Point""
}","{
  ""coordinates"": [
    -83.057049272,
    42.408962417
  ],
  ""type"": ""Point""
}",-83.057049272,42.4089624170001
5080,1167007,I-75,MACK,2017-10-20,20,10,2017,17,6,5,1,,1,0,,1,1,1,55,4,2,2,5,0,0,0,0,true,,false,false,false,false,false,,,,,,false,false,true,,,false,false,false,false,false,-83.04565,42.34798,"{
  ""coordinates"": [
    -8.304564655999999e+01,
    4.234798424500010e+01
  ],
  ""type"": ""Point""
}","{
  ""coordinates"": [
    -83.04564656,
    42.347984245
  ],
  ""type"": ""Point""
}",-83.04564656,42.3479842450001
5081,1169449,JEFFERSON,RANDOLPH,2017-10-20,20,10,2017,17,6,5,4,,1,0,,1,1,1,35,8,2,2,5,0,0,0,0,true,,false,false,false,false,false,,,,,,false,false,false,,,false,false,false,false,false,-83.04195,42.32998,"{
  ""coordinates"": [
    -8.304194643600000e+01,
    4.232997978000000e+01
  ],
  ""type"": ""Point""
}","{
  ""coordinates"": [
    -83.041946436,
    42.32997978
  ],
  ""type"": ""Point""
}",-83.041946436,42.32997978
5082,1167017,M-39,WARREN,2017-10-20,20,10,2017,15,6,5,3,,1,0,,1,1,1,55,3,4,3,4,0,0,0,1,false,,false,false,true,false,false,,,,,,false,false,false,,,false,false,false,false,false,-83.21603,42.34193,"{
  ""coordinates"": [
    -8.321603215499989e+01,
    4.234193000200000e+01
  ],
  ""type"": ""Point""
}","{
  ""coordinates"": [
    -83.216032155,
    42.341930002
  ],
  ""type"": ""Point""
}",-83.2160321549999,42.341930002
5083,1177679,GRATIOT,8 MILE,2017-10-20,20,10,2017,16,6,5,3,,1,0,,1,1,1,35,2,2,2,5,0,0,0,0,true,,true,true,false,false,false,,,,,,false,false,false,,,false,false,false,false,false,-82.96793,42.44984,"{
  ""coordinates"": [
    -8.296793321199991e+01,
    4.244984240400000e+01
  ],
  ""type"": ""Point""
}","{
  ""coordinates"": [
    -82.967933212,
    42.449842404
  ],
  ""type"": ""Point""
}",-82.9679332119999,42.449842404
5084,1167158,WOODWARD,HARPER,2017-10-20,20,10,2017,17,6,4,3,,1,0,,1,1,1,30,3,2,1,5,0,0,0,0,true,,false,false,true,false,false,,,,,,false,false,false,,,false,false,false,false,false,-83.06994,42.36516,"{
  ""coordinates"": [
    -8.306994212599990e+01,
    4.236515752600010e+01
  ],
  ""type"": ""Point""
}","{
  ""coordinates"": [
    -83.069942126,
    42.365157526
  ],
  ""type"": ""Point""
}",-83.0699421259999,42.3651575260001
5085,1211134,TIREMAN,N M 39 SERVICE DRIVE,2017-10-20,20,10,2017,17,6,3,9,,4,0,,1,1,1,30,2,2,3,5,0,0,0,0,true,,false,false,false,false,false,,,,,,false,false,true,,,false,false,false,false,false,-83.21593,42.35063,"{
  ""coordinates"": [
    -8.321593591899990e+01,
    4.235062929700010e+01
  ],
  ""type"": ""Point""
}","{
  ""coordinates"": [
    -83.215935919,
    42.350629297
  ],
  ""type"": ""Point""
}",-83.2159359189999,42.3506292970001
5086,1167005,I-94,M-10,2017-10-20,20,10,2017,12,6,1,1,,1,1,,1,1,1,55,3,1,1,3,0,0,1,0,false,,false,false,false,false,false,,,,,,false,true,false,,,false,false,false,false,false,-83.07532,42.35951,"{
  ""coordinates"": [
    -8.307531600999990e+01,
    4.235951041400010e+01
  ],
  ""type"": ""Point""
}","{
  ""coordinates"": [
    -83.07531601,
    42.359510414
  ],
  ""type"": ""Point""
}",-83.0753160099999,42.3595104140001
5087,1167163,SECOND,WILLIS,2017-10-20,20,10,2017,23,6,4,9,,4,0,,1,1,4,0,3,2,4,5,0,0,0,0,true,,false,false,false,false,false,,,,,,false,false,true,,,false,false,false,false,false,-83.06577,42.3498,"{
  ""coordinates"": [
    -8.306577353499991e+01,
    4.234980395900000e+01
  ],
  ""type"": ""Point""
}","{
  ""coordinates"": [
    -83.065773535,
    42.349803959
  ],
  ""type"": ""Point""
}",-83.0657735349999,42.349803959
5088,1167123,CONANT,OUTER,2017-10-20,20,10,2017,19,6,5,9,,4,0,,1,1,1,35,4,3,2,4,0,0,0,1,false,,false,false,false,false,false,,,,,,false,false,false,,,false,false,false,false,false,-83.07868,42.4399,"{
  ""coordinates"": [
    -8.307867938000000e+01,
    4.243989477300000e+01
  ],
  ""type"": ""Point""
}","{
  ""coordinates"": [
    -83.07867938,
    42.439894773
  ],
  ""type"": ""Point""
}",-83.07867938,42.439894773
5089,1167093,ABINGTON,ELMIRA,2017-10-20,20,10,2017,20,6,1,9,,,0,,1,1,5,25,2,2,1,3,0,0,1,0,false,,false,false,true,false,false,,,,,,false,false,false,,,false,false,false,true,false,-83.21072,42.36985,"{
  ""coordinates"": [
    -8.321072579600001e+01,
    4.236984815500010e+01
  ],
  ""type"": ""Point""
}","{
  ""coordinates"": [
    -83.210725796,
    42.369848155
  ],
  ""type"": ""Point""
}",-83.210725796,42.3698481550001
5090,1167076,E I 96 SERVICE DRIVE,DAVISON,2017-10-20,20,10,2017,12,6,97,9,,4,0,,1,1,1,0,4,2,1,5,0,0,0,0,true,,false,false,true,false,false,,,,,,false,false,false,,,false,false,false,false,false,-83.2421,42.3839,"{
  ""coordinates"": [
    -8.324209849800000e+01,
    4.238390244200010e+01
  ],
  ""type"": ""Point""
}","{
  ""coordinates"": [
    -83.242098498,
    42.383902442
  ],
  ""type"": ""Point""
}",-83.242098498,42.3839024420001
5091,1167058,WYOMING,FENKELL,2017-10-20,20,10,2017,22,6,98,9,,4,0,,1,1,4,35,5,2,2,4,0,0,0,1,false,,false,false,false,false,false,,,,,,false,false,false,,,false,false,false,false,false,-83.15969,42.40257,"{
  ""coordinates"": [
    -8.315969020999999e+01,
    4.240256513800010e+01
  ],
  ""type"": ""Point""
}","{
  ""coordinates"": [
    -83.15969021,
    42.402565138
  ],
  ""type"": ""Point""
}",-83.15969021,42.4025651380001
5092,1167109,BRINGARD,HAYES,2017-10-20,20,10,2017,9,6,4,9,,,0,,1,1,1,25,3,2,3,5,0,0,0,0,true,,true,false,false,false,false,,,,,,false,false,false,,,false,false,false,false,false,-82.9659,42.4463,"{
  ""coordinates"": [
    -8.296590744900000e+01,
    4.244630256600000e+01
  ],
  ""type"": ""Point""
}","{
  ""coordinates"": [
    -82.965907449,
    42.446302566
  ],
  ""type"": ""Point""
}",-82.965907449,42.446302566
5093,1199572,CLAIRMOUNT,LAWTON,2017-10-20,20,10,2017,18,6,98,9,,,0,,1,1,1,25,2,1,1,4,0,0,0,1,false,,false,false,false,false,false,,,,,,false,false,false,,,false,false,true,false,false,-83.11117,42.37179,"{
  ""coordinates"": [
    -8.311116852899990e+01,
    4.237179073700000e+01
  ],
  ""type"": ""Point""
}","{
  ""coordinates"": [
    -83.111168529,
    42.371790737
  ],
  ""type"": ""Point""
}",-83.1111685289999,42.371790737
5094,1167026,I 94,BARRETT,2017-10-20,20,10,2017,7,6,5,1,,1,0,,1,1,1,55,3,3,2,4,0,0,0,1,false,,false,false,true,false,false,,,,,,false,true,false,,,false,false,false,false,false,-82.98377,42.39864,"{
  ""coordinates"": [
    -8.298377152499999e+01,
    4.239863785500010e+01
  ],
  ""type"": ""Point""
}","{
  ""coordinates"": [
    -82.983771525,
    42.398637855
  ],
  ""type"": ""Point""
}",-82.983771525,42.3986378550001
5095,1167047,I-75,7 MILE,2017-10-20,20,10,2017,19,6,5,1,,1,0,,1,1,4,70,4,3,1,5,0,0,0,0,true,,false,false,true,false,false,,,,,,false,false,true,,,false,false,false,false,false,-83.09418,42.42816,"{
  ""coordinates"": [
    -8.309418382400000e+01,
    4.242815592700000e+01
  ],
  ""type"": ""Point""
}","{
  ""coordinates"": [
    -83.094183824,
    42.428155927
  ],
  ""type"": ""Point""
}",-83.094183824,42.428155927
5096,1167092,CADIEUX,HARPER,2017-10-20,20,10,2017,19,6,5,1,,4,0,,1,1,4,30,2,3,4,4,0,0,0,1,false,,false,false,false,false,false,,,,,,false,false,false,,,false,false,false,false,false,-82.93675,42.41663,"{
  ""coordinates"": [
    -8.293674928300000e+01,
    4.241662534900010e+01
  ],
  ""type"": ""Point""
}","{
  ""coordinates"": [
    -82.936749283,
    42.416625349
  ],
  ""type"": ""Point""
}",-82.936749283,42.4166253490001
5097,1167057,M-39,MCNICHOLS,2017-10-20,20,10,2017,0,6,1,3,,1,1,,1,1,4,55,3,1,1,5,0,0,0,0,true,,false,false,false,false,false,,,,,,false,false,false,,,false,false,false,false,false,-83.21889,42.417,"{
  ""coordinates"": [
    -8.321889586200000e+01,
    4.241699536800010e+01
  ],
  ""type"": ""Point""
}","{
  ""coordinates"": [
    -83.218895862,
    42.416995368
  ],
  ""type"": ""Point""
}",-83.218895862,42.4169953680001
5098,1168348,EWALD,LIVERNOIS,2017-10-20,20,10,2017,21,6,4,9,,4,0,,1,1,4,30,4,2,1,5,0,0,0,0,true,,true,true,true,false,false,,,,,,false,false,false,,,false,false,false,false,false,-83.13988,42.39148,"{
  ""coordinates"": [
    -8.313987982700000e+01,
    4.239148344700000e+01
  ],
  ""type"": ""Point""
}","{
  ""coordinates"": [
    -83.139879827,
    42.391483447
  ],
  ""type"": ""Point""
}",-83.139879827,42.391483447
5099,1167090,LONYO,MCGRAW,2017-10-20,20,10,2017,14,6,4,9,,4,0,,1,1,1,30,2,2,2,5,0,0,0,0,true,,false,false,false,false,false,,,,,,false,false,false,,,false,false,false,false,false,-83.14643,42.33323,"{
  ""coordinates"": [
    -8.314643133999991e+01,
    4.233323224500000e+01
  ],
  ""type"": ""Point""
}","{
  ""coordinates"": [
    -83.14643134,
    42.333232245
  ],
  ""type"": ""Point""
}",-83.1464313399999,42.333232245
5100,1167113,PALLISTER,POE,2017-10-20,20,10,2017,16,6,5,9,,,0,,1,1,1,25,2,2,0,5,0,0,0,0,true,,false,false,true,false,false,,,,,,false,false,false,,,false,false,false,false,false,-83.08806,42.3688,"{
  ""coordinates"": [
    -8.308805911199990e+01,
    4.236880313400010e+01
  ],
  ""type"": ""Point""
}","{
  ""coordinates"": [
    -83.088059112,
    42.368803134
  ],
  ""type"": ""Point""
}",-83.0880591119999,42.3688031340001
5101,1167098,JEFFERSON,PARKER,2017-10-20,20,10,2017,10,6,5,9,,4,0,,1,1,1,30,6,2,3,4,0,0,0,1,false,,false,false,false,false,false,,,,,,false,false,false,,,false,false,false,false,false,-82.99403,42.35195,"{
  ""coordinates"": [
    -8.299403477300000e+01,
    4.235194970300010e+01
  ],
  ""type"": ""Point""
}","{
  ""coordinates"": [
    -82.994034773,
    42.351949703
  ],
  ""type"": ""Point""
}",-82.994034773,42.3519497030001
5102,1167045,W I 94,S M 10,2017-10-20,20,10,2017,19,6,5,1,,1,0,,1,1,4,55,3,2,2,5,0,0,0,0,true,,false,false,false,false,false,,,,,,false,false,false,,,false,false,false,false,false,-83.07655,42.35933,"{
  ""coordinates"": [
    -8.307655264100001e+01,
    4.235932903700010e+01
  ],
  ""type"": ""Point""
}","{
  ""coordinates"": [
    -83.076552641,
    42.359329037
  ],
  ""type"": ""Point""
}",-83.076552641,42.3593290370001
5103,1196574,SAINT MARYS,7 MILE,2017-10-19,19,10,2017,17,5,8,9,,,0,,1,1,1,25,2,2,0,5,0,0,0,0,true,,false,false,true,false,false,,,,,,false,false,false,,,false,false,false,false,false,-83.20735,42.43035,"{
  ""coordinates"": [
    -8.320734871600000e+01,
    4.243034662300000e+01
  ],
  ""type"": ""Point""
}","{
  ""coordinates"": [
    -83.207348716,
    42.430346623
  ],
  ""type"": ""Point""
}",-83.207348716,42.430346623
5104,1167145,PURITAN,INVERNOUS,2017-10-19,19,10,2017,10,5,97,9,,4,0,,1,1,1,25,2,2,2,5,0,0,0,0,true,,false,false,true,false,false,,,,,,false,false,false,,,false,false,false,false,false,-83.12276,42.41027,"{
  ""coordinates"": [
    -8.312275827699990e+01,
    4.241027103600000e+01
  ],
  ""type"": ""Point""
}","{
  ""coordinates"": [
    -83.122758277,
    42.410271036
  ],
  ""type"": ""Point""
}",-83.1227582769999,42.410271036
5105,1165731,HILDALE,LAMONT,2017-10-19,19,10,2017,22,5,9,9,,,2,,1,1,4,30,2,2,1,5,0,0,0,0,true,,false,false,false,false,false,,,,,,false,false,false,,,false,false,false,false,false,-83.05311,42.42973,"{
  ""coordinates"": [
    -8.305310640499989e+01,
    4.242972871300000e+01
  ],
  ""type"": ""Point""
}","{
  ""coordinates"": [
    -83.053106405,
    42.429728713
  ],
  ""type"": ""Point""
}",-83.0531064049999,42.429728713
5106,1188443,I-75,HOLBROOK,2017-10-19,19,10,2017,18,5,5,1,,1,0,,1,1,1,70,4,2,2,4,0,0,0,1,false,,false,false,true,false,false,,,,,,false,false,true,,,false,false,false,false,false,-83.06728,42.38534,"{
  ""coordinates"": [
    -8.306728175599990e+01,
    4.238534046200000e+01
  ],
  ""type"": ""Point""
}","{
  ""coordinates"": [
    -83.067281756,
    42.385340462
  ],
  ""type"": ""Point""
}",-83.0672817559999,42.385340462
5107,1165735,RYAN,GRIXDALE,2017-10-19,19,10,2017,11,5,6,9,,4,0,,1,1,1,35,2,2,3,5,0,0,0,0,true,,false,false,false,false,false,,,,,,false,false,false,,,false,false,false,false,false,-83.06286,42.42881,"{
  ""coordinates"": [
    -8.306286108499999e+01,
    4.242881240900000e+01
  ],
  ""type"": ""Point""
}","{
  ""coordinates"": [
    -83.062861085,
    42.428812409
  ],
  ""type"": ""Point""
}",-83.062861085,42.428812409
5108,1165733,N M 10,RAMP 110A,2017-10-19,19,10,2017,8,5,8,3,,1,0,,1,1,1,35,2,2,2,5,0,0,0,0,true,,false,false,false,false,false,,,,,,false,false,false,,,false,false,false,false,false,-83.10567,42.39279,"{
  ""coordinates"": [
    -8.310567124600000e+01,
    4.239278700000010e+01
  ],
  ""type"": ""Point""
}","{
  ""coordinates"": [
    -83.105671246,
    42.392787
  ],
  ""type"": ""Point""
}",-83.105671246,42.3927870000001
5109,1169452,2ND,2ND/FISHER CUTOFF,2017-10-19,19,10,2017,7,5,6,1,,4,0,,1,1,1,35,3,2,4,5,0,0,0,0,true,,false,false,false,false,false,,,,,,false,false,false,,,false,false,false,false,false,-83.05859,42.33712,"{
  ""coordinates"": [
    -8.305859347900000e+01,
    4.233711483500010e+01
  ],
  ""type"": ""Point""
}","{
  ""coordinates"": [
    -83.058593479,
    42.337114835
  ],
  ""type"": ""Point""
}",-83.058593479,42.3371148350001
5110,1167095,WARREN,ASBURY,2017-10-19,19,10,2017,19,5,1,9,,2,0,,1,2,3,25,1,2,2,5,0,0,0,0,true,,false,false,false,false,false,,,,,,false,false,false,,,false,false,false,true,false,-83.20576,42.34354,"{
  ""coordinates"": [
    -8.320575831699990e+01,
    4.234354519000000e+01
  ],
  ""type"": ""Point""
}","{
  ""coordinates"": [
    -83.205758317,
    42.34354519
  ],
  ""type"": ""Point""
}",-83.2057583169999,42.34354519
5111,1174660,I 94,BEAUBIEN,2017-10-19,19,10,2017,14,5,5,1,,1,0,,1,1,1,55,3,2,1,5,0,0,0,0,true,,false,false,true,false,false,,,,,,false,false,false,,,false,false,false,false,false,-83.06376,42.36592,"{
  ""coordinates"": [
    -8.306375606400000e+01,
    4.236592404200010e+01
  ],
  ""type"": ""Point""
}","{
  ""coordinates"": [
    -83.063756064,
    42.365924042
  ],
  ""type"": ""Point""
}",-83.063756064,42.3659240420001
5112,1218045,KIRBY,WOODWARD,2017-10-19,19,10,2017,18,5,4,3,,,0,,1,1,1,30,2,2,3,5,0,0,0,0,true,,false,false,true,false,false,,,,,,false,true,false,,,false,false,false,false,false,-83.06626,42.36006,"{
  ""coordinates"": [
    -8.306625832899989e+01,
    4.236006348100010e+01
  ],
  ""type"": ""Point""
}","{
  ""coordinates"": [
    -83.066258329,
    42.360063481
  ],
  ""type"": ""Point""
}",-83.0662583289999,42.3600634810001
5113,1174698,I-94,TRUMBULL,2017-10-19,19,10,2017,8,5,8,1,,1,0,,1,1,2,55,3,2,1,4,0,0,0,1,false,,false,false,true,false,false,,,,,,false,false,false,,,false,false,false,false,false,-83.08359,42.355,"{
  ""coordinates"": [
    -8.308358549199990e+01,
    4.235499791700000e+01
  ],
  ""type"": ""Point""
}","{
  ""coordinates"": [
    -83.083585492,
    42.354997917
  ],
  ""type"": ""Point""
}",-83.0835854919999,42.354997917
5114,1176362,I-75,DAVISON,2017-10-19,19,10,2017,18,5,8,1,,1,0,,1,1,1,70,2,2,2,5,0,0,0,0,true,,false,false,true,false,false,,,,,,false,false,false,,,false,false,false,false,false,-83.07949,42.40896,"{
  ""coordinates"": [
    -8.307948691000000e+01,
    4.240896046200000e+01
  ],
  ""type"": ""Point""
}","{
  ""coordinates"": [
    -83.07948691,
    42.408960462
  ],
  ""type"": ""Point""
}",-83.07948691,42.408960462
5115,1167071,ADDISON,DAYTON,2017-10-19,19,10,2017,23,5,3,9,,,0,,1,1,5,25,2,2,2,4,0,0,0,2,false,,false,false,true,false,false,,,,,,false,false,false,,,false,false,false,false,false,-83.15536,42.33624,"{
  ""coordinates"": [
    -8.315536550600000e+01,
    4.233623641200010e+01
  ],
  ""type"": ""Point""
}","{
  ""coordinates"": [
    -83.155365506,
    42.336236412
  ],
  ""type"": ""Point""
}",-83.155365506,42.3362364120001
5116,1167133,7 MILE,JAMES COUZENS,2017-10-19,19,10,2017,8,5,1,9,,2,1,,1,1,1,35,3,1,2,5,0,0,0,0,true,,false,false,false,false,false,,,,,,false,false,false,,,false,false,false,false,false,-83.18659,42.43085,"{
  ""coordinates"": [
    -8.318659466100000e+01,
    4.243085466300000e+01
  ],
  ""type"": ""Point""
}","{
  ""coordinates"": [
    -83.186594661,
    42.430854663
  ],
  ""type"": ""Point""
}",-83.186594661,42.430854663
5117,1176379,M-39,SCHOOLCRAFT,2017-10-19,19,10,2017,19,5,5,3,,1,0,,1,1,4,55,3,2,6,4,0,0,0,3,false,,false,false,false,false,false,,,,,,false,true,false,,,false,false,false,false,false,-83.21767,42.38534,"{
  ""coordinates"": [
    -8.321767420200000e+01,
    4.238533661700010e+01
  ],
  ""type"": ""Point""
}","{
  ""coordinates"": [
    -83.217674202,
    42.385336617
  ],
  ""type"": ""Point""
}",-83.217674202,42.3853366170001
5118,1176363,I-94,ADDISON,2017-10-19,19,10,2017,18,5,5,1,,1,0,,1,1,3,55,3,3,4,5,0,0,0,0,true,,false,false,false,false,false,,,,,,false,false,true,,,false,false,false,false,false,-83.15068,42.33026,"{
  ""coordinates"": [
    -8.315068394799989e+01,
    4.233026288000010e+01
  ],
  ""type"": ""Point""
}","{
  ""coordinates"": [
    -83.150683948,
    42.33026288
  ],
  ""type"": ""Point""
}",-83.1506839479999,42.3302628800001
5119,1211061,MICHIGAN,WABASH,2017-10-19,19,10,2017,17,5,9,2,,1,0,,1,1,1,35,5,2,3,5,0,0,0,0,true,,false,false,false,false,false,,,,,,false,false,true,,,false,false,false,false,false,-83.07507,42.33138,"{
  ""coordinates"": [
    -8.307506749800000e+01,
    4.233137946600000e+01
  ],
  ""type"": ""Point""
}","{
  ""coordinates"": [
    -83.075067498,
    42.331379466
  ],
  ""type"": ""Point""
}",-83.075067498,42.331379466
5120,1165716,GOULBURN,GREINER,2017-10-19,19,10,2017,12,5,1,9,,,1,,1,1,1,25,2,1,1,5,0,0,0,0,true,,false,false,true,false,false,,,,,,false,false,false,,,false,false,false,false,false,-82.99339,42.42728,"{
  ""coordinates"": [
    -8.299339303799999e+01,
    4.242727984800010e+01
  ],
  ""type"": ""Point""
}","{
  ""coordinates"": [
    -82.993393038,
    42.427279848
  ],
  ""type"": ""Point""
}",-82.993393038,42.4272798480001
5121,1165714,OUTER,MCNICHOLS,2017-10-19,19,10,2017,10,5,8,9,,2,0,,1,1,1,35,3,2,2,5,0,0,0,0,true,,false,false,false,false,false,,,,,,false,false,false,,,false,false,false,false,false,-83.23173,42.4151,"{
  ""coordinates"": [
    -8.323172546700000e+01,
    4.241509794300000e+01
  ],
  ""type"": ""Point""
}","{
  ""coordinates"": [
    -83.231725467,
    42.415097943
  ],
  ""type"": ""Point""
}",-83.231725467,42.415097943
5122,1172905,M 39,WARREN,2017-10-19,19,10,2017,16,5,5,3,,1,0,,1,2,1,55,3,2,3,5,0,0,0,0,true,,false,false,false,false,false,,,,,,false,false,false,,,false,false,false,false,false,-83.21603,42.34255,"{
  ""coordinates"": [
    -8.321602652199989e+01,
    4.234255168400010e+01
  ],
  ""type"": ""Point""
}","{
  ""coordinates"": [
    -83.216026522,
    42.342551684
  ],
  ""type"": ""Point""
}",-83.2160265219999,42.3425516840001
5123,1167134,ROSA PARKS,PILGRIM,2017-10-19,19,10,2017,15,5,2,9,,4,2,,1,1,1,25,1,2,2,4,0,0,0,1,false,,false,false,false,false,false,,,,,,false,false,false,,,false,false,false,false,false,-83.11808,42.4076,"{
  ""coordinates"": [
    -8.311808009700000e+01,
    4.240759627200000e+01
  ],
  ""type"": ""Point""
}","{
  ""coordinates"": [
    -83.118080097,
    42.407596272
  ],
  ""type"": ""Point""
}",-83.118080097,42.407596272
5124,1167151,7 MILE,WYOMING,2017-10-19,19,10,2017,13,5,4,9,,2,0,,1,1,1,30,5,2,3,5,0,0,0,0,true,,false,false,false,false,false,,,,,,false,true,false,,,false,false,false,false,false,-83.16109,42.43135,"{
  ""coordinates"": [
    -8.316109693100000e+01,
    4.243135210600010e+01
  ],
  ""type"": ""Point""
}","{
  ""coordinates"": [
    -83.161096931,
    42.431352106
  ],
  ""type"": ""Point""
}",-83.161096931,42.4313521060001
5125,1164497,E I 96,SCHOOLCRAFT,2017-10-19,19,10,2017,0,5,1,1,,1,1,,1,1,4,70,4,1,1,5,0,0,0,0,true,,false,false,false,false,false,,,,,,false,false,false,,,false,false,false,false,false,-83.24263,42.38479,"{
  ""coordinates"": [
    -8.324263248999991e+01,
    4.238478825400010e+01
  ],
  ""type"": ""Point""
}","{
  ""coordinates"": [
    -83.24263249,
    42.384788254
  ],
  ""type"": ""Point""
}",-83.2426324899999,42.3847882540001
5126,1165707,WARREN,RUSSELL,2017-10-19,19,10,2017,16,5,5,9,,4,0,,1,1,1,30,4,2,2,5,0,0,0,0,true,,false,false,false,false,false,,,,,,false,true,false,,,false,false,false,false,false,-83.05116,42.36219,"{
  ""coordinates"": [
    -8.305116171500001e+01,
    4.236218860900000e+01
  ],
  ""type"": ""Point""
}","{
  ""coordinates"": [
    -83.051161715,
    42.362188609
  ],
  ""type"": ""Point""
}",-83.051161715,42.362188609
5127,1167106,GREENFIELD,7 MILE,2017-10-19,19,10,2017,17,5,9,9,,2,0,,1,1,1,35,4,2,1,5,0,0,0,0,true,,false,false,false,false,false,,,,,,false,false,false,,,false,false,false,false,false,-83.19987,42.43043,"{
  ""coordinates"": [
    -8.319986945999990e+01,
    4.243042864700000e+01
  ],
  ""type"": ""Point""
}","{
  ""coordinates"": [
    -83.19986946,
    42.430428647
  ],
  ""type"": ""Point""
}",-83.1998694599999,42.430428647
5128,1170783,OUTER,MOUND,2017-10-19,19,10,2017,16,5,8,9,,2,0,,1,1,1,35,2,2,1,5,0,0,0,0,true,,false,false,true,false,false,,,,,,false,false,false,,,false,false,false,false,false,-83.04443,42.44072,"{
  ""coordinates"": [
    -8.304442553599991e+01,
    4.244071486100010e+01
  ],
  ""type"": ""Point""
}","{
  ""coordinates"": [
    -83.044425536,
    42.440714861
  ],
  ""type"": ""Point""
}",-83.0444255359999,42.4407148610001
5129,1218057,E I 94,RAMP 214D,2017-10-19,19,10,2017,15,5,8,1,,1,0,,1,1,1,55,3,2,1,5,0,0,0,0,true,,false,false,true,false,false,,,,,,false,false,false,,,false,false,false,false,false,-83.08411,42.35482,"{
  ""coordinates"": [
    -8.308410446399991e+01,
    4.235482011900010e+01
  ],
  ""type"": ""Point""
}","{
  ""coordinates"": [
    -83.084104464,
    42.354820119
  ],
  ""type"": ""Point""
}",-83.0841044639999,42.3548201190001
5130,1170743,WARREN,ABINGTON,2017-10-19,19,10,2017,14,5,5,9,,2,0,,1,1,1,35,4,2,2,3,0,0,1,0,false,,false,false,false,false,false,,,,,,false,false,false,,,false,false,false,false,false,-83.20941,42.34349,"{
  ""coordinates"": [
    -8.320941504099990e+01,
    4.234348560200000e+01
  ],
  ""type"": ""Point""
}","{
  ""coordinates"": [
    -83.209415041,
    42.343485602
  ],
  ""type"": ""Point""
}",-83.2094150409999,42.343485602
5131,1165734,3RD,S I 75 SERVICE DRIVE,2017-10-19,19,10,2017,8,5,5,9,,4,0,,1,1,1,25,3,2,3,5,0,0,0,0,true,,false,false,false,false,false,,,,,,false,true,true,,,false,false,false,false,false,-83.06039,42.33655,"{
  ""coordinates"": [
    -8.306039710800000e+01,
    4.233655237300010e+01
  ],
  ""type"": ""Point""
}","{
  ""coordinates"": [
    -83.060397108,
    42.336552373
  ],
  ""type"": ""Point""
}",-83.060397108,42.3365523730001