ObjectId,Crash ID,Primary Road,Intersecting Road,Crash Date,Day,Month,Year,Hour,Weekday,Crash Type Code,Highway Classification Code,Community Code,Jurisdiction Code,Lane Departure Type Code,Surface Type,Road Condition,Weather Condition,Lighting Condition,Speed Limit,Lanes,Units,Occupants,Most Severe Injury,Fatal Injuries,Suspected Serious Injuries,Suspected Minor Injuries,Possible Injuries,Property Damage Only,Secondary Crash,Traffic Control,Red Light Run,Hit and Run,Alcohol,Drugs,Unbelted Person,Work Zone,Speeding Driver,Distracted Driver,Driveway,Pedestrian,Elderly Driver,Young Driver,Commercial Vehicle,Emergency Vehicles,Train,School Bus,Motorcycle,Bicycle,Deer,Longitude,Latitude,geom,geog,x,y
5132,1183009,M39 SERVICE DR,FORD,2017-10-19,19,10,2017,15,5,8,3,,1,0,,1,1,1,45,2,2,1,5,0,0,0,0,true,,false,false,false,false,false,,,,,,false,false,false,,,false,false,false,false,false,-83.21539,42.33022,"{
  ""coordinates"": [
    -8.321538788600000e+01,
    4.233022405700010e+01
  ],
  ""type"": ""Point""
}","{
  ""coordinates"": [
    -83.215387886,
    42.330224057
  ],
  ""type"": ""Point""
}",-83.215387886,42.3302240570001
5133,1165710,SOUTHFIELD SERVICE DRIVE,8 MILE,2017-10-19,19,10,2017,1,5,8,3,,5,0,,1,1,4,35,3,2,1,5,0,0,0,0,true,,false,false,true,false,false,,,,,,false,false,false,,,false,false,false,false,false,-83.21927,42.44406,"{
  ""coordinates"": [
    -8.321926984500000e+01,
    4.244406070000010e+01
  ],
  ""type"": ""Point""
}","{
  ""coordinates"": [
    -83.219269845,
    42.4440607
  ],
  ""type"": ""Point""
}",-83.219269845,42.4440607000001
5134,1198293,GRIGGS,FLORENCE,2017-10-19,19,10,2017,5,5,98,9,,,0,,98,98,4,25,2,1,0,5,0,0,0,0,true,,false,false,true,false,false,,,,,,false,false,false,,,false,false,false,false,false,-83.16336,42.41222,"{
  ""coordinates"": [
    -8.316336082799999e+01,
    4.241221545400000e+01
  ],
  ""type"": ""Point""
}","{
  ""coordinates"": [
    -83.163360828,
    42.412215454
  ],
  ""type"": ""Point""
}",-83.163360828,42.412215454
5135,1167094,14TH,MARANTETTE,2017-10-19,19,10,2017,2,5,98,9,,4,0,,1,1,2,35,2,2,1,5,0,0,0,0,true,,false,false,true,false,false,,,,,,false,false,false,,,false,false,false,false,false,-83.07469,42.32816,"{
  ""coordinates"": [
    -8.307468963799990e+01,
    4.232816336600010e+01
  ],
  ""type"": ""Point""
}","{
  ""coordinates"": [
    -83.074689638,
    42.328163366
  ],
  ""type"": ""Point""
}",-83.0746896379999,42.3281633660001
5136,1167165,WARREN,WOODWARD,2017-10-19,19,10,2017,12,5,8,9,,4,0,,1,1,1,30,4,2,2,5,0,0,0,0,true,,false,false,false,false,false,,,,,,false,false,true,,,false,false,false,false,false,-83.06497,42.35659,"{
  ""coordinates"": [
    -8.306497086300000e+01,
    4.235658974400010e+01
  ],
  ""type"": ""Point""
}","{
  ""coordinates"": [
    -83.064970863,
    42.356589744
  ],
  ""type"": ""Point""
}",-83.064970863,42.3565897440001
5137,1167037,I-94,WYOMING,2017-10-19,19,10,2017,21,5,97,1,,1,0,,1,1,4,55,3,2,3,3,0,0,1,1,false,,false,false,false,false,false,,,,,,false,false,false,,,false,false,false,false,false,-83.15633,42.329,"{
  ""coordinates"": [
    -8.315632636100000e+01,
    4.232899684800000e+01
  ],
  ""type"": ""Point""
}","{
  ""coordinates"": [
    -83.156326361,
    42.328996848
  ],
  ""type"": ""Point""
}",-83.156326361,42.328996848
5138,1167146,PURITAN,SAN JUAN,2017-10-19,19,10,2017,17,5,3,9,,4,0,,1,1,1,35,2,2,2,1,1,0,0,0,false,,false,false,false,false,false,,,,,,false,false,true,,,false,false,true,false,false,-83.14592,42.40986,"{
  ""coordinates"": [
    -8.314591953300000e+01,
    4.240985774200000e+01
  ],
  ""type"": ""Point""
}","{
  ""coordinates"": [
    -83.145919533,
    42.409857742
  ],
  ""type"": ""Point""
}",-83.145919533,42.409857742
5139,1167055,M 39,M 102/S M 39 RAMP,2017-10-19,19,10,2017,12,5,5,3,,1,0,,1,1,1,55,3,2,3,5,0,0,0,0,true,,false,false,false,false,false,,,,,,false,true,true,,,false,false,false,false,false,-83.21981,42.44028,"{
  ""coordinates"": [
    -8.321981205100001e+01,
    4.244028084400000e+01
  ],
  ""type"": ""Point""
}","{
  ""coordinates"": [
    -83.219812051,
    42.440280844
  ],
  ""type"": ""Point""
}",-83.219812051,42.440280844
5140,1167091,JEFFERSON,TERMINAL,2017-10-19,19,10,2017,15,5,3,9,,4,0,,1,1,1,35,5,2,2,5,0,0,0,0,true,,false,false,false,false,false,,,,,,false,true,false,,,false,false,false,false,false,-82.96564,42.36896,"{
  ""coordinates"": [
    -8.296564460899999e+01,
    4.236895915900000e+01
  ],
  ""type"": ""Point""
}","{
  ""coordinates"": [
    -82.965644609,
    42.368959159
  ],
  ""type"": ""Point""
}",-82.965644609,42.368959159
5141,1164546,MCNICHOLS,LIVERNOIS,2017-10-19,19,10,2017,0,5,4,9,,4,3,,1,1,4,35,3,2,1,5,0,0,0,0,true,,false,false,false,true,false,,,,,,false,false,false,,,false,false,false,false,false,-83.14098,42.41715,"{
  ""coordinates"": [
    -8.314098475700000e+01,
    4.241715328800010e+01
  ],
  ""type"": ""Point""
}","{
  ""coordinates"": [
    -83.140984757,
    42.417153288
  ],
  ""type"": ""Point""
}",-83.140984757,42.4171532880001
5142,1165723,DAVISON,MONICA,2017-10-19,19,10,2017,7,5,97,3,,1,0,,1,1,2,35,4,3,5,5,0,0,0,0,true,,false,false,false,false,false,,,,,,false,false,false,,,false,false,false,false,false,-83.14278,42.38652,"{
  ""coordinates"": [
    -8.314278139899990e+01,
    4.238651797900010e+01
  ],
  ""type"": ""Point""
}","{
  ""coordinates"": [
    -83.142781399,
    42.386517979
  ],
  ""type"": ""Point""
}",-83.1427813989999,42.3865179790001
5143,1165713,TELEGRAPH,8 MILE,2017-10-19,19,10,2017,7,5,5,2,,1,0,,1,1,5,45,2,2,2,5,0,0,0,0,true,,false,false,false,false,false,,,,,,false,false,false,,,false,false,false,false,false,-83.27831,42.44272,"{
  ""coordinates"": [
    -8.327830416700000e+01,
    4.244271801700010e+01
  ],
  ""type"": ""Point""
}","{
  ""coordinates"": [
    -83.278304167,
    42.442718017
  ],
  ""type"": ""Point""
}",-83.278304167,42.4427180170001
5144,1167042,W I 96,RAMP 139C,2017-10-19,19,10,2017,13,5,8,1,,1,0,,1,1,1,55,2,2,2,5,0,0,0,0,true,,false,false,false,false,false,,,,,,false,false,false,,,false,false,false,false,false,-83.14631,42.38036,"{
  ""coordinates"": [
    -8.314630961500001e+01,
    4.238035722500010e+01
  ],
  ""type"": ""Point""
}","{
  ""coordinates"": [
    -83.146309615,
    42.380357225
  ],
  ""type"": ""Point""
}",-83.146309615,42.3803572250001
5145,1165712,ASTON,GROVE,2017-10-19,19,10,2017,16,5,4,9,,,0,,1,1,1,25,2,2,2,5,0,0,0,0,true,,false,false,true,false,false,,,,,,false,false,false,,,false,false,false,false,false,-83.2228,42.41379,"{
  ""coordinates"": [
    -8.322279981900000e+01,
    4.241379140600000e+01
  ],
  ""type"": ""Point""
}","{
  ""coordinates"": [
    -83.222799819,
    42.413791406
  ],
  ""type"": ""Point""
}",-83.222799819,42.413791406
5146,1167164,HANCOCK,ST ANTIONE,2017-10-19,19,10,2017,9,5,5,9,,,0,,1,1,1,0,4,2,2,5,0,0,0,0,true,,false,false,false,false,false,,,,,,false,false,false,,,false,false,false,false,false,-83.05637,42.35876,"{
  ""coordinates"": [
    -8.305637087900000e+01,
    4.235876597900010e+01
  ],
  ""type"": ""Point""
}","{
  ""coordinates"": [
    -83.056370879,
    42.358765979
  ],
  ""type"": ""Point""
}",-83.056370879,42.3587659790001
5147,1165692,WYOMING,INTERVALE,2017-10-19,19,10,2017,16,5,5,9,,4,0,,1,1,1,35,3,3,4,5,0,0,0,0,true,,false,false,false,false,false,,,,,,false,false,true,,,false,false,false,false,false,-83.1592,42.39163,"{
  ""coordinates"": [
    -8.315920405900000e+01,
    4.239162717000000e+01
  ],
  ""type"": ""Point""
}","{
  ""coordinates"": [
    -83.159204059,
    42.39162717
  ],
  ""type"": ""Point""
}",-83.159204059,42.39162717
5148,1218050,SECOND,TAYLOR,2017-10-19,19,10,2017,17,5,4,9,,4,0,,1,1,1,25,3,2,2,5,0,0,0,0,true,,true,false,true,false,false,,,,,,false,false,false,,,false,false,false,false,false,-83.0842,42.38089,"{
  ""coordinates"": [
    -8.308419976999990e+01,
    4.238089313200000e+01
  ],
  ""type"": ""Point""
}","{
  ""coordinates"": [
    -83.08419977,
    42.380893132
  ],
  ""type"": ""Point""
}",-83.0841997699999,42.380893132
5149,1165729,VAN DYKE,IOWA,2017-10-19,19,10,2017,10,5,5,3,,1,0,,1,1,1,35,7,2,3,4,0,0,0,2,false,,false,false,false,false,false,,,,,,false,false,false,,,false,false,false,false,false,-83.02392,42.42514,"{
  ""coordinates"": [
    -8.302392103200000e+01,
    4.242514527300010e+01
  ],
  ""type"": ""Point""
}","{
  ""coordinates"": [
    -83.023921032,
    42.425145273
  ],
  ""type"": ""Point""
}",-83.023921032,42.4251452730001
5150,1167081,MICHIGAN,LONYO,2017-10-19,19,10,2017,17,5,4,2,,1,0,,1,1,1,35,5,2,2,5,0,0,0,0,true,,false,false,false,false,false,,,,,,false,false,false,,,false,false,false,false,false,-83.14481,42.3304,"{
  ""coordinates"": [
    -8.314480345200000e+01,
    4.233040303100010e+01
  ],
  ""type"": ""Point""
}","{
  ""coordinates"": [
    -83.144803452,
    42.330403031
  ],
  ""type"": ""Point""
}",-83.144803452,42.3304030310001
5151,1165732,SHERWOOD,MCNICHOLS,2017-10-19,19,10,2017,12,5,8,9,,4,0,,1,1,1,35,4,2,2,5,0,0,0,0,true,,false,false,false,false,false,,,,,,false,false,false,,,false,false,false,false,false,-83.03345,42.41949,"{
  ""coordinates"": [
    -8.303344555400000e+01,
    4.241949053300000e+01
  ],
  ""type"": ""Point""
}","{
  ""coordinates"": [
    -83.033445554,
    42.419490533
  ],
  ""type"": ""Point""
}",-83.033445554,42.419490533
5152,1167054,M-39,JOY,2017-10-19,19,10,2017,19,5,5,3,,1,0,,1,1,4,55,3,2,2,5,0,0,0,0,true,,false,false,false,false,false,,,,,,false,false,false,,,false,false,false,false,false,-83.21659,42.3593,"{
  ""coordinates"": [
    -8.321658780800000e+01,
    4.235930255200000e+01
  ],
  ""type"": ""Point""
}","{
  ""coordinates"": [
    -83.216587808,
    42.359302552
  ],
  ""type"": ""Point""
}",-83.216587808,42.359302552
5153,1165701,OUTER,LAPPIN,2017-10-19,19,10,2017,15,5,1,9,,2,0,,1,1,1,30,4,2,1,2,0,1,0,0,false,,false,false,false,true,false,,,,,,true,false,false,,,false,false,false,false,false,-83.01474,42.43686,"{
  ""coordinates"": [
    -8.301474158699990e+01,
    4.243685685300010e+01
  ],
  ""type"": ""Point""
}","{
  ""coordinates"": [
    -83.014741587,
    42.436856853
  ],
  ""type"": ""Point""
}",-83.0147415869999,42.4368568530001
5154,1165730,MCDOUGAL,GAYLORD,2017-10-19,19,10,2017,9,5,4,9,,,0,,1,1,1,25,2,2,2,5,0,0,0,0,true,,false,false,false,false,false,,,,,,false,false,false,,,false,false,false,false,false,-83.06951,42.41811,"{
  ""coordinates"": [
    -8.306951317999990e+01,
    4.241810731400010e+01
  ],
  ""type"": ""Point""
}","{
  ""coordinates"": [
    -83.06951318,
    42.418107314
  ],
  ""type"": ""Point""
}",-83.0695131799999,42.4181073140001
5155,1172914,WATERMAN,CADET,2017-10-19,19,10,2017,8,5,97,9,,4,0,,1,1,1,25,2,1,1,5,0,0,0,0,true,,false,false,false,false,false,,,,,,false,false,false,,,false,false,false,false,false,-83.1137,42.31188,"{
  ""coordinates"": [
    -8.311370166400000e+01,
    4.231188343100010e+01
  ],
  ""type"": ""Point""
}","{
  ""coordinates"": [
    -83.113701664,
    42.311883431
  ],
  ""type"": ""Point""
}",-83.113701664,42.3118834310001
5156,1168351,SEVEN MILE,GRATIOT,2017-10-19,19,10,2017,15,5,4,3,,4,0,,1,1,1,30,7,2,2,4,0,0,0,1,false,,true,true,false,false,false,,,,,,false,false,false,,,false,false,false,false,false,-82.97775,42.43508,"{
  ""coordinates"": [
    -8.297774958399999e+01,
    4.243508288000000e+01
  ],
  ""type"": ""Point""
}","{
  ""coordinates"": [
    -82.977749584,
    42.43508288
  ],
  ""type"": ""Point""
}",-82.977749584,42.43508288
5157,1211146,I 96,EVERGREEN,2017-10-19,19,10,2017,19,5,5,1,,1,0,,1,1,4,55,4,2,2,4,0,0,0,1,false,,false,false,false,false,false,,,,,,false,false,true,,,false,false,false,false,false,-83.23917,42.38226,"{
  ""coordinates"": [
    -8.323916869399990e+01,
    4.238226218400010e+01
  ],
  ""type"": ""Point""
}","{
  ""coordinates"": [
    -83.239168694,
    42.382262184
  ],
  ""type"": ""Point""
}",-83.2391686939999,42.3822621840001
5158,1167043,N/B M 39,WARREN,2017-10-19,19,10,2017,14,5,8,3,,1,0,,1,1,1,55,3,2,2,2,0,1,0,0,false,,false,false,false,false,false,,,,,,false,true,false,,,false,false,false,false,false,-83.21597,42.33904,"{
  ""coordinates"": [
    -8.321596649500000e+01,
    4.233903977100000e+01
  ],
  ""type"": ""Point""
}","{
  ""coordinates"": [
    -83.215966495,
    42.339039771
  ],
  ""type"": ""Point""
}",-83.215966495,42.339039771
5159,1171872,CHICAGO,SORRENTO,2017-10-19,19,10,2017,16,5,5,9,,4,0,,1,2,1,30,4,2,5,5,0,0,0,0,true,,false,false,false,false,false,,,,,,false,false,false,,,false,false,false,false,false,-83.17142,42.36593,"{
  ""coordinates"": [
    -8.317142631900001e+01,
    4.236593156800010e+01
  ],
  ""type"": ""Point""
}","{
  ""coordinates"": [
    -83.171426319,
    42.365931568
  ],
  ""type"": ""Point""
}",-83.171426319,42.3659315680001
5160,1167148,7 MILE,JOHN R,2017-10-19,19,10,2017,17,5,97,9,,4,0,,1,1,1,0,4,2,2,5,0,0,0,0,true,,true,true,false,false,false,,,,,,false,false,true,,,false,false,false,false,false,-83.10242,42.43228,"{
  ""coordinates"": [
    -8.310241625899990e+01,
    4.243228286900010e+01
  ],
  ""type"": ""Point""
}","{
  ""coordinates"": [
    -83.102416259,
    42.432282869
  ],
  ""type"": ""Point""
}",-83.1024162589999,42.4322828690001
5161,1165702,WARREN,ST AUBIN,2017-10-19,19,10,2017,17,5,4,9,,4,0,,1,1,3,30,5,2,3,4,0,0,0,1,false,,false,false,false,false,false,,,,,,false,false,false,,,false,false,false,false,false,-83.04431,42.36443,"{
  ""coordinates"": [
    -8.304431013700000e+01,
    4.236442549000000e+01
  ],
  ""type"": ""Point""
}","{
  ""coordinates"": [
    -83.044310137,
    42.36442549
  ],
  ""type"": ""Point""
}",-83.044310137,42.36442549
5162,1165728,MOUNT ELLIOTT,NEVADA,2017-10-19,19,10,2017,20,5,4,9,,4,0,,1,1,1,30,1,2,1,5,0,0,0,0,true,,false,false,true,false,false,,,,,,false,false,false,,,false,false,false,false,false,-83.03864,42.42635,"{
  ""coordinates"": [
    -8.303863150200000e+01,
    4.242635176000000e+01
  ],
  ""type"": ""Point""
}","{
  ""coordinates"": [
    -83.038631502,
    42.42635176
  ],
  ""type"": ""Point""
}",-83.038631502,42.42635176
5163,1211229,MELDRUM,GRATIOT,2017-10-19,19,10,2017,10,5,5,3,,,0,,1,1,1,25,1,2,0,5,0,0,0,0,true,,false,false,true,false,false,,,,,,false,false,false,,,false,false,false,false,false,-83.02309,42.36592,"{
  ""coordinates"": [
    -8.302309066200000e+01,
    4.236592087000000e+01
  ],
  ""type"": ""Point""
}","{
  ""coordinates"": [
    -83.023090662,
    42.36592087
  ],
  ""type"": ""Point""
}",-83.023090662,42.36592087
5164,1169488,E I 94 SERVICE DRIVE,MOROSS,2017-10-19,19,10,2017,14,5,4,1,,4,0,,1,1,1,35,4,2,2,5,0,0,0,0,true,,true,true,true,false,false,,,,,,false,false,true,,,false,false,false,false,false,-82.92812,42.42456,"{
  ""coordinates"": [
    -8.292812167600000e+01,
    4.242456134500000e+01
  ],
  ""type"": ""Point""
}","{
  ""coordinates"": [
    -82.928121676,
    42.424561345
  ],
  ""type"": ""Point""
}",-82.928121676,42.424561345
5165,1165720,GRATIOT,EDMORE,2017-10-19,19,10,2017,17,5,8,3,,1,0,,1,1,1,35,7,2,2,5,0,0,0,0,true,,false,false,false,false,false,,,,,,false,false,true,,,false,false,false,false,false,-82.96992,42.44687,"{
  ""coordinates"": [
    -8.296991749800000e+01,
    4.244686531700010e+01
  ],
  ""type"": ""Point""
}","{
  ""coordinates"": [
    -82.969917498,
    42.446865317
  ],
  ""type"": ""Point""
}",-82.969917498,42.4468653170001
5166,1165727,GRAND BLVD,VERNOR,2017-10-18,18,10,2017,21,4,5,9,,4,0,,1,1,4,25,5,2,1,5,0,0,0,0,true,,false,false,true,false,false,,,,,,false,false,false,,,false,false,false,false,false,-83.00883,42.3577,"{
  ""coordinates"": [
    -8.300883587999991e+01,
    4.235769903000000e+01
  ],
  ""type"": ""Point""
}","{
  ""coordinates"": [
    -83.00883588,
    42.35769903
  ],
  ""type"": ""Point""
}",-83.0088358799999,42.35769903
5167,1164519,CHENE,MEDBURY,2017-10-18,18,10,2017,12,4,9,9,,4,0,,1,1,1,25,1,2,2,5,0,0,0,0,true,,false,false,true,false,false,,,,,,false,false,false,,,false,false,false,false,false,-83.04563,42.373,"{
  ""coordinates"": [
    -8.304562829500000e+01,
    4.237300408600000e+01
  ],
  ""type"": ""Point""
}","{
  ""coordinates"": [
    -83.045628295,
    42.373004086
  ],
  ""type"": ""Point""
}",-83.045628295,42.373004086
5168,1164521,JEFFERSON,CHENE,2017-10-18,18,10,2017,11,4,4,9,,4,0,,1,1,1,35,6,2,2,4,0,0,0,1,false,,false,false,false,false,false,,,,,,false,false,true,,,false,false,false,false,false,-83.02288,42.33815,"{
  ""coordinates"": [
    -8.302287815200000e+01,
    4.233814959400010e+01
  ],
  ""type"": ""Point""
}","{
  ""coordinates"": [
    -83.022878152,
    42.338149594
  ],
  ""type"": ""Point""
}",-83.022878152,42.3381495940001
5169,1164535,EPWORTH,TIREMAN,2017-10-18,18,10,2017,13,4,8,9,,4,0,,1,1,1,25,2,2,1,5,0,0,0,0,true,,false,false,false,false,false,,,,,,false,false,false,,,false,false,false,false,false,-83.12949,42.35161,"{
  ""coordinates"": [
    -8.312948945999990e+01,
    4.235161302900010e+01
  ],
  ""type"": ""Point""
}","{
  ""coordinates"": [
    -83.12948946,
    42.351613029
  ],
  ""type"": ""Point""
}",-83.1294894599999,42.3516130290001
5170,1180742,RAMP 105A,S M 10,2017-10-18,18,10,2017,1,4,1,3,,1,1,,1,2,4,35,1,1,4,2,0,4,0,0,false,,false,false,false,false,false,,,,,,false,false,false,,,false,false,false,false,false,-83.16172,42.40606,"{
  ""coordinates"": [
    -8.316171831000000e+01,
    4.240606237300010e+01
  ],
  ""type"": ""Point""
}","{
  ""coordinates"": [
    -83.16171831,
    42.406062373
  ],
  ""type"": ""Point""
}",-83.16171831,42.4060623730001
5171,1164496,I-75,JOHN R,2017-10-18,18,10,2017,19,4,5,1,,1,0,,1,1,4,55,4,2,2,5,0,0,0,0,true,,false,false,false,false,false,,,,,,false,false,false,,,false,false,false,false,false,-83.05201,42.34019,"{
  ""coordinates"": [
    -8.305201252099990e+01,
    4.234018588400010e+01
  ],
  ""type"": ""Point""
}","{
  ""coordinates"": [
    -83.052012521,
    42.340185884
  ],
  ""type"": ""Point""
}",-83.0520125209999,42.3401858840001
5172,1165698,MILWAUKEE,RAMP 117A,2017-10-18,18,10,2017,11,4,4,3,,4,0,,1,1,1,0,2,2,3,5,0,0,0,0,true,,true,true,false,false,false,,,,,,false,true,false,,,false,false,false,false,false,-83.08066,42.36608,"{
  ""coordinates"": [
    -8.308065763699990e+01,
    4.236607616600000e+01
  ],
  ""type"": ""Point""
}","{
  ""coordinates"": [
    -83.080657637,
    42.366076166
  ],
  ""type"": ""Point""
}",-83.0806576369999,42.366076166
5173,1218053,S M 10,N JOHN C LODGE/S JOHN C LODGE,2017-10-18,18,10,2017,18,4,5,3,,1,0,,1,1,1,35,3,2,1,5,0,0,0,0,true,,false,false,true,false,false,,,,,,false,false,true,,,false,false,false,false,false,-83.07217,42.35137,"{
  ""coordinates"": [
    -8.307217258900000e+01,
    4.235137364000010e+01
  ],
  ""type"": ""Point""
}","{
  ""coordinates"": [
    -83.072172589,
    42.35137364
  ],
  ""type"": ""Point""
}",-83.072172589,42.3513736400001
5174,1169885,FORT,MILLER,2017-10-18,18,10,2017,15,4,5,3,,1,0,,1,1,1,30,5,3,3,5,0,0,0,0,true,,false,false,false,false,false,,,,,,false,false,false,,,false,false,false,false,false,-83.14079,42.29195,"{
  ""coordinates"": [
    -8.314079134300000e+01,
    4.229195131300000e+01
  ],
  ""type"": ""Point""
}","{
  ""coordinates"": [
    -83.140791343,
    42.291951313
  ],
  ""type"": ""Point""
}",-83.140791343,42.291951313
5175,1178479,RAMP 213K,W I 94 SERVICE DRIVE,2017-10-18,18,10,2017,17,4,98,1,,1,0,,1,1,1,35,4,2,4,4,0,0,0,1,false,,false,false,false,false,false,,,,,,false,true,false,,,false,false,false,false,false,-83.09637,42.35153,"{
  ""coordinates"": [
    -8.309637700400000e+01,
    4.235152985700010e+01
  ],
  ""type"": ""Point""
}","{
  ""coordinates"": [
    -83.096377004,
    42.351529857
  ],
  ""type"": ""Point""
}",-83.096377004,42.3515298570001
5176,1164525,TELEGRAPH,8 MILE,2017-10-18,18,10,2017,18,4,5,2,,1,0,,1,1,1,45,2,2,2,5,0,0,0,0,true,,false,false,false,false,false,,,,,,false,true,false,,,false,false,false,false,false,-83.2783,42.44275,"{
  ""coordinates"": [
    -8.327829730099999e+01,
    4.244274603400000e+01
  ],
  ""type"": ""Point""
}","{
  ""coordinates"": [
    -83.278297301,
    42.442746034
  ],
  ""type"": ""Point""
}",-83.278297301,42.442746034
5177,1170729,MICHIGAN,WASHINGTON,2017-10-18,18,10,2017,17,4,8,9,,4,0,,1,1,1,20,4,2,1,5,0,0,0,0,true,,false,false,true,false,false,,,,,,false,false,false,,,false,false,false,false,false,-83.05109,42.33168,"{
  ""coordinates"": [
    -8.305109513199990e+01,
    4.233168351200000e+01
  ],
  ""type"": ""Point""
}","{
  ""coordinates"": [
    -83.051095132,
    42.331683512
  ],
  ""type"": ""Point""
}",-83.0510951319999,42.331683512
5178,1167077,SCHAEFER,FORT,2017-10-18,18,10,2017,14,4,8,7,,1,0,,1,1,1,30,4,2,3,5,0,0,0,0,true,,false,false,false,false,false,,,,,,false,false,false,,,false,false,false,false,false,-83.15551,42.27645,"{
  ""coordinates"": [
    -8.315550761599999e+01,
    4.227645143400010e+01
  ],
  ""type"": ""Point""
}","{
  ""coordinates"": [
    -83.155507616,
    42.276451434
  ],
  ""type"": ""Point""
}",-83.155507616,42.2764514340001
5179,1167040,W/B I 94,LONYO,2017-10-18,18,10,2017,14,4,5,1,,1,0,,1,1,1,55,3,3,3,4,0,0,0,1,false,,false,false,false,false,false,,,,,,false,false,true,,,false,false,false,false,false,-83.14131,42.33199,"{
  ""coordinates"": [
    -8.314131197099989e+01,
    4.233199032700000e+01
  ],
  ""type"": ""Point""
}","{
  ""coordinates"": [
    -83.141311971,
    42.331990327
  ],
  ""type"": ""Point""
}",-83.1413119709999,42.331990327
5180,1167039,W/B I 94,WOODWARD,2017-10-18,18,10,2017,12,4,5,1,,1,0,,1,1,1,55,3,2,2,5,0,0,0,0,true,,false,false,false,false,false,,,,,,false,false,false,,,false,false,false,false,false,-83.07051,42.36292,"{
  ""coordinates"": [
    -8.307051357499989e+01,
    4.236292201600000e+01
  ],
  ""type"": ""Point""
}","{
  ""coordinates"": [
    -83.070513575,
    42.362922016
  ],
  ""type"": ""Point""
}",-83.0705135749999,42.362922016
5181,1165705,MOUNT ELLIOTT,CONANT,2017-10-18,18,10,2017,18,4,3,9,,4,0,,1,1,1,30,5,2,5,5,0,0,0,0,true,,false,false,false,false,false,,,,,,false,false,false,,,false,false,false,false,false,-83.03916,42.38599,"{
  ""coordinates"": [
    -8.303916217299999e+01,
    4.238599035400010e+01
  ],
  ""type"": ""Point""
}","{
  ""coordinates"": [
    -83.039162173,
    42.385990354
  ],
  ""type"": ""Point""
}",-83.039162173,42.3859903540001
5182,1215410,LIVERNOIS,PEMBROKE,2017-10-18,18,10,2017,23,4,1,9,,4,1,,2,4,4,30,2,1,1,5,0,0,0,0,true,,false,false,false,false,false,,,,,,false,true,false,,,false,false,false,false,false,-83.14165,42.43912,"{
  ""coordinates"": [
    -8.314164662199990e+01,
    4.243911866000010e+01
  ],
  ""type"": ""Point""
}","{
  ""coordinates"": [
    -83.141646622,
    42.43911866
  ],
  ""type"": ""Point""
}",-83.1416466219999,42.4391186600001
5183,1182338,I 94,JOHN R,2017-10-18,18,10,2017,16,4,5,1,,1,0,,1,1,1,55,3,2,2,5,0,0,0,0,true,,false,false,false,false,false,,,,,,false,false,false,,,false,false,false,false,false,-83.06738,42.36432,"{
  ""coordinates"": [
    -8.306737535500000e+01,
    4.236431533800000e+01
  ],
  ""type"": ""Point""
}","{
  ""coordinates"": [
    -83.067375355,
    42.364315338
  ],
  ""type"": ""Point""
}",-83.067375355,42.364315338
5184,1164520,WARREN,ST AUBIN,2017-10-18,18,10,2017,8,4,4,9,,4,0,,1,1,1,30,2,2,2,5,0,0,0,0,true,,false,false,true,false,false,,,,,,false,false,true,,,false,false,false,false,false,-83.0443,42.36443,"{
  ""coordinates"": [
    -8.304429260099990e+01,
    4.236443184900000e+01
  ],
  ""type"": ""Point""
}","{
  ""coordinates"": [
    -83.044292601,
    42.364431849
  ],
  ""type"": ""Point""
}",-83.0442926009999,42.364431849
5185,1167149,WYOMING,CURTIS,2017-10-18,18,10,2017,19,4,2,9,,4,0,,1,1,4,25,2,2,3,5,0,0,0,0,true,,false,false,false,false,false,,,,,,false,true,true,,,false,false,false,false,false,-83.16071,42.42418,"{
  ""coordinates"": [
    -8.316071500500000e+01,
    4.242418286400000e+01
  ],
  ""type"": ""Point""
}","{
  ""coordinates"": [
    -83.160715005,
    42.424182864
  ],
  ""type"": ""Point""
}",-83.160715005,42.424182864
5186,1165696,EDSEL FORD SERVICE,BRUSH,2017-10-18,18,10,2017,14,4,4,1,,1,0,,1,1,1,30,2,2,6,4,0,0,0,2,false,,false,false,false,false,false,,,,,,false,false,false,,,false,false,false,false,false,-83.06462,42.36576,"{
  ""coordinates"": [
    -8.306462385299990e+01,
    4.236575838700000e+01
  ],
  ""type"": ""Point""
}","{
  ""coordinates"": [
    -83.064623853,
    42.365758387
  ],
  ""type"": ""Point""
}",-83.0646238529999,42.365758387
5187,1165695,14 TH,WARREN,2017-10-18,18,10,2017,0,4,8,9,,4,0,,1,1,1,30,4,2,2,5,0,0,0,0,true,,false,false,false,false,false,,,,,,false,false,false,,,false,false,false,false,false,-83.08671,42.34928,"{
  ""coordinates"": [
    -8.308671156600001e+01,
    4.234928258100010e+01
  ],
  ""type"": ""Point""
}","{
  ""coordinates"": [
    -83.086711566,
    42.349282581
  ],
  ""type"": ""Point""
}",-83.086711566,42.3492825810001