ObjectId,Crash ID,Primary Road,Intersecting Road,Crash Date,Day,Month,Year,Hour,Weekday,Crash Type Code,Highway Classification Code,Community Code,Jurisdiction Code,Lane Departure Type Code,Surface Type,Road Condition,Weather Condition,Lighting Condition,Speed Limit,Lanes,Units,Occupants,Most Severe Injury,Fatal Injuries,Suspected Serious Injuries,Suspected Minor Injuries,Possible Injuries,Property Damage Only,Secondary Crash,Traffic Control,Red Light Run,Hit and Run,Alcohol,Drugs,Unbelted Person,Work Zone,Speeding Driver,Distracted Driver,Driveway,Pedestrian,Elderly Driver,Young Driver,Commercial Vehicle,Emergency Vehicles,Train,School Bus,Motorcycle,Bicycle,Deer,Longitude,Latitude,geom,geog,x,y
5188,1169486,VERNOR,CADILLAC,2017-10-18,18,10,2017,15,4,10,9,,4,0,,1,1,1,25,3,2,2,5,0,0,0,0,true,,false,false,true,false,false,,,,,,false,true,false,,,false,false,false,false,false,-82.9861,42.36691,"{
  ""coordinates"": [
    -8.298609943699999e+01,
    4.236690967400010e+01
  ],
  ""type"": ""Point""
}","{
  ""coordinates"": [
    -82.986099437,
    42.366909674
  ],
  ""type"": ""Point""
}",-82.986099437,42.3669096740001
5189,1163460,I 94,DICKERSON,2017-10-18,18,10,2017,6,4,5,1,,1,0,,1,1,4,55,3,2,2,5,0,0,0,0,true,,false,false,false,false,false,,,,,,false,false,true,,,false,false,false,false,false,-82.9786,42.40016,"{
  ""coordinates"": [
    -8.297859706199991e+01,
    4.240015959800010e+01
  ],
  ""type"": ""Point""
}","{
  ""coordinates"": [
    -82.978597062,
    42.400159598
  ],
  ""type"": ""Point""
}",-82.9785970619999,42.4001595980001
5190,1218052,W I 94,RAMP 215F,2017-10-18,18,10,2017,17,4,5,1,,1,0,,1,1,1,55,3,2,2,5,0,0,0,0,true,,false,false,false,false,false,,,,,,false,false,true,,,false,false,false,false,false,-83.07588,42.35975,"{
  ""coordinates"": [
    -8.307588127000000e+01,
    4.235974995300010e+01
  ],
  ""type"": ""Point""
}","{
  ""coordinates"": [
    -83.07588127,
    42.359749953
  ],
  ""type"": ""Point""
}",-83.07588127,42.3597499530001
5191,1169479,CHANDLER PARK,CADIEUX,2017-10-18,18,10,2017,12,4,1,9,,2,0,,1,1,1,30,1,2,3,4,0,0,0,1,false,,false,false,false,false,false,,,,,,false,false,false,,,false,false,false,true,false,-82.93312,42.41111,"{
  ""coordinates"": [
    -8.293311956100000e+01,
    4.241111346800010e+01
  ],
  ""type"": ""Point""
}","{
  ""coordinates"": [
    -82.933119561,
    42.411113468
  ],
  ""type"": ""Point""
}",-82.933119561,42.4111134680001
5192,1211433,NEVADA,BINDER,2017-10-18,18,10,2017,8,4,5,9,,4,0,,1,1,1,25,2,2,34,5,0,0,0,0,true,,false,false,false,false,false,,,,,,false,true,false,,,false,true,false,false,false,-83.06344,42.4259,"{
  ""coordinates"": [
    -8.306344047300000e+01,
    4.242589561200000e+01
  ],
  ""type"": ""Point""
}","{
  ""coordinates"": [
    -83.063440473,
    42.425895612
  ],
  ""type"": ""Point""
}",-83.063440473,42.425895612
5193,1164515,SOUTHFIELD SERVICE DRIVE,PLYMOUTH,2017-10-18,18,10,2017,15,4,5,9,,4,0,,1,1,1,55,3,2,3,5,0,0,0,0,true,,false,false,false,false,false,,,,,,false,false,true,,,false,false,false,false,false,-83.21626,42.37226,"{
  ""coordinates"": [
    -8.321626113300000e+01,
    4.237226648100010e+01
  ],
  ""type"": ""Point""
}","{
  ""coordinates"": [
    -83.216261133,
    42.372266481
  ],
  ""type"": ""Point""
}",-83.216261133,42.3722664810001
5194,1167062,CHALFONTE,HUBBELL,2017-10-18,18,10,2017,12,4,1,9,,,0,,1,1,1,25,1,1,0,5,0,0,0,0,true,,false,false,true,false,false,,,,,,false,false,false,,,false,false,false,false,false,-83.18892,42.39961,"{
  ""coordinates"": [
    -8.318891652400001e+01,
    4.239960821800000e+01
  ],
  ""type"": ""Point""
}","{
  ""coordinates"": [
    -83.188916524,
    42.399608218
  ],
  ""type"": ""Point""
}",-83.188916524,42.399608218
5195,1165711,TELEGRAPH,GRAND RIVER,2017-10-18,18,10,2017,21,4,6,2,,1,0,,1,1,4,35,4,2,2,5,0,0,0,0,true,,false,false,false,false,false,,,,,,false,false,false,,,false,false,false,false,false,-83.27782,42.42474,"{
  ""coordinates"": [
    -8.327782154900000e+01,
    4.242474119900000e+01
  ],
  ""type"": ""Point""
}","{
  ""coordinates"": [
    -83.277821549,
    42.424741199
  ],
  ""type"": ""Point""
}",-83.277821549,42.424741199
5196,1165697,WOODWARD,ALGER,2017-10-18,18,10,2017,16,4,5,3,,1,0,,1,1,1,30,7,2,2,4,0,0,0,1,false,,false,false,false,false,false,,,,,,false,false,true,,,false,false,false,false,false,-83.07956,42.37959,"{
  ""coordinates"": [
    -8.307955857899999e+01,
    4.237958867300010e+01
  ],
  ""type"": ""Point""
}","{
  ""coordinates"": [
    -83.079558579,
    42.379588673
  ],
  ""type"": ""Point""
}",-83.079558579,42.3795886730001
5197,1164524,8 MILE,EVERGREEN,2017-10-18,18,10,2017,14,4,97,3,,1,0,,1,1,1,45,3,2,3,5,0,0,0,0,true,,false,false,false,false,false,,,,,,false,false,false,,,false,false,false,false,false,-83.2394,42.44376,"{
  ""coordinates"": [
    -8.323940220500000e+01,
    4.244376192900010e+01
  ],
  ""type"": ""Point""
}","{
  ""coordinates"": [
    -83.239402205,
    42.443761929
  ],
  ""type"": ""Point""
}",-83.239402205,42.4437619290001
5198,1167142,MCNICHOLS,SCHAEFER,2017-10-18,18,10,2017,9,4,4,9,,2,0,,1,1,1,0,2,2,2,5,0,0,0,0,true,,false,false,false,false,false,,,,,,false,true,false,,,false,false,false,false,false,-83.17963,42.41659,"{
  ""coordinates"": [
    -8.317962718699989e+01,
    4.241659250700010e+01
  ],
  ""type"": ""Point""
}","{
  ""coordinates"": [
    -83.179627187,
    42.416592507
  ],
  ""type"": ""Point""
}",-83.1796271869999,42.4165925070001
5199,1183906,OAKMAN,LINWOOD,2017-10-18,18,10,2017,17,4,1,9,,4,0,,1,1,1,25,6,2,0,4,0,0,0,1,false,,false,false,true,false,false,,,,,,true,false,false,,,false,false,false,false,false,-83.1256,42.39788,"{
  ""coordinates"": [
    -8.312560112800000e+01,
    4.239788000800010e+01
  ],
  ""type"": ""Point""
}","{
  ""coordinates"": [
    -83.125601128,
    42.397880008
  ],
  ""type"": ""Point""
}",-83.125601128,42.3978800080001
5200,1164526,SOUTHFIELD SERVICE DRIVE,8 MILE,2017-10-18,18,10,2017,16,4,5,3,,5,0,,1,1,1,55,3,2,1,4,0,0,0,1,false,,false,false,true,false,false,,,,,,false,true,false,,,false,false,false,false,false,-83.21927,42.44408,"{
  ""coordinates"": [
    -8.321927018000000e+01,
    4.244407524600010e+01
  ],
  ""type"": ""Point""
}","{
  ""coordinates"": [
    -83.21927018,
    42.444075246
  ],
  ""type"": ""Point""
}",-83.21927018,42.4440752460001
5201,1164542,HILDALE,ROGGE,2017-10-18,18,10,2017,18,4,5,9,,,0,,1,1,1,25,3,2,4,5,0,0,0,0,true,,false,false,true,false,false,,,,,,false,false,false,,,false,false,false,false,false,-83.02911,42.43019,"{
  ""coordinates"": [
    -8.302911324000000e+01,
    4.243019316100000e+01
  ],
  ""type"": ""Point""
}","{
  ""coordinates"": [
    -83.02911324,
    42.430193161
  ],
  ""type"": ""Point""
}",-83.02911324,42.430193161
5202,1167150,8 MILE,STRATFORD,2017-10-18,18,10,2017,15,4,8,3,,1,0,,1,1,1,40,4,2,6,4,0,0,0,4,false,,false,false,false,false,false,,,,,,false,false,true,,,false,false,false,false,false,-83.13663,42.44621,"{
  ""coordinates"": [
    -8.313662759499989e+01,
    4.244620382400010e+01
  ],
  ""type"": ""Point""
}","{
  ""coordinates"": [
    -83.136627595,
    42.446203824
  ],
  ""type"": ""Point""
}",-83.1366275949999,42.4462038240001
5203,1169484,CADIEUX,EDSEL,2017-10-18,18,10,2017,9,4,8,1,,1,0,,1,1,1,30,2,2,2,5,0,0,0,0,true,,false,false,false,false,false,,,,,,false,false,false,,,false,false,false,false,false,-82.93501,42.41827,"{
  ""coordinates"": [
    -8.293501184800000e+01,
    4.241827001900000e+01
  ],
  ""type"": ""Point""
}","{
  ""coordinates"": [
    -82.935011848,
    42.418270019
  ],
  ""type"": ""Point""
}",-82.935011848,42.418270019
5204,1167052,M 39,7 MILE,2017-10-18,18,10,2017,17,4,5,3,,1,0,,1,1,1,55,3,3,3,4,0,0,0,2,false,,false,false,false,false,false,,,,,,false,false,false,,,false,false,false,false,false,-83.21931,42.42858,"{
  ""coordinates"": [
    -8.321931448799999e+01,
    4.242857720200000e+01
  ],
  ""type"": ""Point""
}","{
  ""coordinates"": [
    -83.219314488,
    42.428577202
  ],
  ""type"": ""Point""
}",-83.219314488,42.428577202
5205,1164522,GRAND RIVER,STOUT,2017-10-18,18,10,2017,11,4,5,3,,1,0,,1,1,1,35,4,2,2,5,0,0,0,0,true,,false,false,false,false,false,,,,,,false,false,false,,,false,false,false,false,false,-83.24173,42.41013,"{
  ""coordinates"": [
    -8.324173002299990e+01,
    4.241013209600000e+01
  ],
  ""type"": ""Point""
}","{
  ""coordinates"": [
    -83.241730023,
    42.410132096
  ],
  ""type"": ""Point""
}",-83.2417300229999,42.410132096
5206,1171901,BERG,7 MILE,2017-10-18,18,10,2017,12,4,2,9,,4,2,,1,1,1,25,3,2,1,4,0,0,0,1,false,,false,false,true,false,false,,,,,,false,false,false,,,false,false,false,false,false,-83.26786,42.42925,"{
  ""coordinates"": [
    -8.326785660699990e+01,
    4.242924918900010e+01
  ],
  ""type"": ""Point""
}","{
  ""coordinates"": [
    -83.267856607,
    42.429249189
  ],
  ""type"": ""Point""
}",-83.2678566069999,42.4292491890001
5207,1167138,OUTER,COYLE,2017-10-18,18,10,2017,12,4,1,9,,2,0,,1,1,1,35,4,1,1,5,0,0,0,0,true,,false,false,false,false,false,,,,,,false,false,true,,,false,false,false,false,false,-83.19481,42.41987,"{
  ""coordinates"": [
    -8.319480854299999e+01,
    4.241987266000010e+01
  ],
  ""type"": ""Point""
}","{
  ""coordinates"": [
    -83.194808543,
    42.41987266
  ],
  ""type"": ""Point""
}",-83.194808543,42.4198726600001
5208,1164502,LIVERNOIS,JOY,2017-10-18,18,10,2017,16,4,4,9,,4,0,,1,1,1,35,6,2,5,2,0,1,1,0,false,,true,true,false,false,false,,,,,,false,false,true,,,false,false,false,false,false,-83.13839,42.35943,"{
  ""coordinates"": [
    -8.313839077199999e+01,
    4.235943351000000e+01
  ],
  ""type"": ""Point""
}","{
  ""coordinates"": [
    -83.138390772,
    42.35943351
  ],
  ""type"": ""Point""
}",-83.138390772,42.35943351
5209,1164510,MICHIGAN,APPLE,2017-10-18,18,10,2017,8,4,9,2,,1,2,,1,1,1,35,5,2,2,5,0,0,0,0,true,,false,false,true,false,false,,,,,,false,false,false,,,false,false,false,false,false,-83.1289,42.33113,"{
  ""coordinates"": [
    -8.312889784399989e+01,
    4.233113668000000e+01
  ],
  ""type"": ""Point""
}","{
  ""coordinates"": [
    -83.128897844,
    42.33113668
  ],
  ""type"": ""Point""
}",-83.1288978439999,42.33113668
5210,1167131,MCNICHOLS,SANTA ROSA,2017-10-18,18,10,2017,18,4,4,9,,4,0,,1,1,1,0,2,2,1,5,0,0,0,0,true,,true,false,true,false,false,,,,,,false,false,false,,,false,false,false,false,false,-83.14301,42.41714,"{
  ""coordinates"": [
    -8.314300282900000e+01,
    4.241714586100010e+01
  ],
  ""type"": ""Point""
}","{
  ""coordinates"": [
    -83.143002829,
    42.417145861
  ],
  ""type"": ""Point""
}",-83.143002829,42.4171458610001
5211,1165694,MACK,SAINT ANTOINE,2017-10-18,18,10,2017,22,4,4,9,,4,0,,1,1,4,35,2,2,2,5,0,0,0,0,true,,false,false,false,false,false,,,,,,false,false,false,,,false,false,false,false,false,-83.05234,42.34961,"{
  ""coordinates"": [
    -8.305233721400000e+01,
    4.234960953600010e+01
  ],
  ""type"": ""Point""
}","{
  ""coordinates"": [
    -83.052337214,
    42.349609536
  ],
  ""type"": ""Point""
}",-83.052337214,42.3496095360001
5212,1164534,LA SALLE,LINWOOD,2017-10-18,18,10,2017,1,4,9,9,,,0,,1,1,1,25,2,2,2,5,0,0,0,0,true,,false,false,false,false,false,,,,,,false,false,false,,,false,false,false,false,false,-83.10238,42.36399,"{
  ""coordinates"": [
    -8.310237571800000e+01,
    4.236398900200000e+01
  ],
  ""type"": ""Point""
}","{
  ""coordinates"": [
    -83.102375718,
    42.363989002
  ],
  ""type"": ""Point""
}",-83.102375718,42.363989002
5213,1164531,HAYES,BONITA,2017-10-18,18,10,2017,21,4,4,9,,4,0,,1,1,4,35,2,2,3,4,0,0,0,1,false,,true,false,true,false,false,,,,,,false,false,true,,,false,false,false,false,false,-82.96482,42.41584,"{
  ""coordinates"": [
    -8.296481744600000e+01,
    4.241584307900010e+01
  ],
  ""type"": ""Point""
}","{
  ""coordinates"": [
    -82.964817446,
    42.415843079
  ],
  ""type"": ""Point""
}",-82.964817446,42.4158430790001
5214,1192697,I 94 E/B,VAN DYKE,2017-10-18,18,10,2017,10,4,5,1,,1,0,,1,1,1,55,3,2,2,5,0,0,0,0,true,,false,false,false,false,false,,,,,,false,false,false,,,false,false,false,false,false,-83.00236,42.39202,"{
  ""coordinates"": [
    -8.300235658000000e+01,
    4.239202628800010e+01
  ],
  ""type"": ""Point""
}","{
  ""coordinates"": [
    -83.00235658,
    42.392026288
  ],
  ""type"": ""Point""
}",-83.00235658,42.3920262880001
5215,1164492,RAMP 117A,MILWAUKEE,2017-10-18,18,10,2017,18,4,4,3,,1,0,,1,1,1,25,2,2,2,4,0,0,0,2,false,,true,true,false,false,false,,,,,,false,false,false,,,false,false,false,false,false,-83.08064,42.36608,"{
  ""coordinates"": [
    -8.308063961399991e+01,
    4.236608291400010e+01
  ],
  ""type"": ""Point""
}","{
  ""coordinates"": [
    -83.080639614,
    42.366082914
  ],
  ""type"": ""Point""
}",-83.0806396139999,42.3660829140001
5216,1164513,N M 39 SERVICE DRIVE,JOY,2017-10-18,18,10,2017,21,4,1,9,,4,1,,1,1,4,30,3,1,1,5,0,0,0,0,true,,false,false,false,false,false,,,,,,false,false,false,,,false,false,false,false,false,-83.21606,42.35786,"{
  ""coordinates"": [
    -8.321606787199990e+01,
    4.235786249000010e+01
  ],
  ""type"": ""Point""
}","{
  ""coordinates"": [
    -83.216067872,
    42.35786249
  ],
  ""type"": ""Point""
}",-83.2160678719999,42.3578624900001
5217,1164530,HOOVER,CLOUGH,2017-10-18,18,10,2017,15,4,4,3,,1,0,,1,1,1,30,2,2,2,5,0,0,0,0,true,,false,false,false,false,false,,,,,,false,false,false,,,false,false,false,false,false,-83.0042,42.42445,"{
  ""coordinates"": [
    -8.300419824600000e+01,
    4.242445054300000e+01
  ],
  ""type"": ""Point""
}","{
  ""coordinates"": [
    -83.004198246,
    42.424450543
  ],
  ""type"": ""Point""
}",-83.004198246,42.424450543
5218,1164541,PACKARD,EMERY,2017-10-18,18,10,2017,15,4,8,9,,,0,,1,1,1,25,2,2,1,5,0,0,0,0,true,,false,false,false,false,false,,,,,,false,false,false,,,false,false,false,false,false,-83.02736,42.43575,"{
  ""coordinates"": [
    -8.302735675699989e+01,
    4.243574370200000e+01
  ],
  ""type"": ""Point""
}","{
  ""coordinates"": [
    -83.027356757,
    42.435743702
  ],
  ""type"": ""Point""
}",-83.0273567569999,42.435743702
5219,1274036,SOUTHFIELD SERVICE DRIVE,7 MILE,2017-10-18,18,10,2017,8,4,5,9,,4,0,,1,1,1,25,2,2,2,5,0,0,0,0,true,,false,false,false,false,false,,,,,,false,true,false,,,false,false,false,false,false,-83.21889,42.43003,"{
  ""coordinates"": [
    -8.321888879600000e+01,
    4.243003393300010e+01
  ],
  ""type"": ""Point""
}","{
  ""coordinates"": [
    -83.218888796,
    42.430033933
  ],
  ""type"": ""Point""
}",-83.218888796,42.4300339330001
5220,1164516,DAVISON,ARTESIAN,2017-10-18,18,10,2017,18,4,4,9,,,0,,1,1,3,0,2,2,2,5,0,0,0,0,true,,true,false,false,false,false,,,,,,false,true,false,,,false,false,false,false,false,-83.22678,42.38416,"{
  ""coordinates"": [
    -8.322678738099999e+01,
    4.238416105400010e+01
  ],
  ""type"": ""Point""
}","{
  ""coordinates"": [
    -83.226787381,
    42.384161054
  ],
  ""type"": ""Point""
}",-83.226787381,42.3841610540001
5221,1164494,S M 39,WARREN,2017-10-18,18,10,2017,18,4,5,3,,1,0,,1,1,1,55,3,2,3,5,0,0,0,0,true,,false,false,false,false,false,,,,,,false,false,true,,,false,false,false,false,false,-83.21622,42.3431,"{
  ""coordinates"": [
    -8.321621545999990e+01,
    4.234309873700000e+01
  ],
  ""type"": ""Point""
}","{
  ""coordinates"": [
    -83.21621546,
    42.343098737
  ],
  ""type"": ""Point""
}",-83.2162154599999,42.343098737
5222,1164544,7 MILE,FENELON,2017-10-18,18,10,2017,12,4,98,9,,4,0,,1,1,1,35,2,2,1,5,0,0,0,0,true,,false,false,true,false,false,,,,,,false,false,false,,,false,false,false,false,false,-83.05348,42.43335,"{
  ""coordinates"": [
    -8.305348546399991e+01,
    4.243334690700000e+01
  ],
  ""type"": ""Point""
}","{
  ""coordinates"": [
    -83.053485464,
    42.433346907
  ],
  ""type"": ""Point""
}",-83.0534854639999,42.433346907
5223,1181335,OAKMAN,FORD,2017-10-18,18,10,2017,13,4,5,9,,4,0,,1,1,1,40,4,2,2,5,0,0,0,0,true,,false,false,false,false,false,,,,,,false,false,false,,,false,false,false,false,false,-83.12904,42.3943,"{
  ""coordinates"": [
    -8.312903838600000e+01,
    4.239430150500000e+01
  ],
  ""type"": ""Point""
}","{
  ""coordinates"": [
    -83.129038386,
    42.394301505
  ],
  ""type"": ""Point""
}",-83.129038386,42.394301505
5224,1164499,I-75,DAVISON,2017-10-18,18,10,2017,20,4,1,1,,1,1,,1,1,4,70,4,1,2,4,0,0,0,2,false,,false,false,false,false,false,,,,,,false,false,true,,,false,false,false,false,false,-83.07909,42.40851,"{
  ""coordinates"": [
    -8.307908317600000e+01,
    4.240850794600000e+01
  ],
  ""type"": ""Point""
}","{
  ""coordinates"": [
    -83.079083176,
    42.408507946
  ],
  ""type"": ""Point""
}",-83.079083176,42.408507946
5225,1167070,MICHIGAN,SAINT LAWRANCE,2017-10-18,18,10,2017,18,4,8,2,,1,0,,1,1,3,35,5,2,3,5,0,0,0,0,true,,false,false,false,false,false,,,,,,false,true,false,,,false,false,false,false,false,-83.14259,42.33071,"{
  ""coordinates"": [
    -8.314259009499990e+01,
    4.233070965000010e+01
  ],
  ""type"": ""Point""
}","{
  ""coordinates"": [
    -83.142590095,
    42.33070965
  ],
  ""type"": ""Point""
}",-83.1425900949999,42.3307096500001
5226,1164508,BUCHANAN,JUNCTION,2017-10-18,18,10,2017,8,4,9,9,,4,0,,1,1,1,25,4,2,6,5,0,0,0,0,true,,false,false,false,false,false,,,,,,false,false,false,,,false,false,false,false,false,-83.11461,42.33516,"{
  ""coordinates"": [
    -8.311461081600000e+01,
    4.233515729700010e+01
  ],
  ""type"": ""Point""
}","{
  ""coordinates"": [
    -83.114610816,
    42.335157297
  ],
  ""type"": ""Point""
}",-83.114610816,42.3351572970001
5227,1165719,7 MILE,REX,2017-10-18,18,10,2017,19,4,4,9,,2,0,,1,1,1,30,2,2,3,5,0,0,0,0,true,,false,false,true,false,false,,,,,,false,false,false,,,false,false,false,false,false,-82.95821,42.4356,"{
  ""coordinates"": [
    -8.295820964900000e+01,
    4.243559990800000e+01
  ],
  ""type"": ""Point""
}","{
  ""coordinates"": [
    -82.958209649,
    42.435599908
  ],
  ""type"": ""Point""
}",-82.958209649,42.435599908
5228,1164543,OUTER,MOUNT ELLIOTT,2017-10-18,18,10,2017,22,4,4,9,,2,0,,1,1,4,40,4,2,2,2,0,1,0,0,false,,false,false,false,false,false,,,,,,false,false,false,,,false,false,true,false,false,-83.03912,42.44083,"{
  ""coordinates"": [
    -8.303911932100000e+01,
    4.244083362000000e+01
  ],
  ""type"": ""Point""
}","{
  ""coordinates"": [
    -83.039119321,
    42.44083362
  ],
  ""type"": ""Point""
}",-83.039119321,42.44083362
5229,1165717,OUTER,CHALMERS,2017-10-18,18,10,2017,23,4,1,9,,2,0,,1,1,4,35,2,1,1,2,0,1,0,0,false,,false,false,false,true,false,,,,,,false,false,false,,,false,false,false,false,false,-82.97135,42.41494,"{
  ""coordinates"": [
    -8.297135026200000e+01,
    4.241494018900000e+01
  ],
  ""type"": ""Point""
}","{
  ""coordinates"": [
    -82.971350262,
    42.414940189
  ],
  ""type"": ""Point""
}",-82.971350262,42.414940189
5230,1164538,CONANT,OUTER,2017-10-18,18,10,2017,6,4,5,9,,4,0,,1,1,1,30,5,2,3,5,0,0,0,0,true,,false,false,false,false,false,,,,,,false,true,false,,,false,false,false,false,false,-83.07893,42.44025,"{
  ""coordinates"": [
    -8.307893391300000e+01,
    4.244025021900010e+01
  ],
  ""type"": ""Point""
}","{
  ""coordinates"": [
    -83.078933913,
    42.440250219
  ],
  ""type"": ""Point""
}",-83.078933913,42.4402502190001
5231,1165715,OUTER,SOUTHFIELD SERVICE DRIVE,2017-10-18,18,10,2017,20,4,4,9,,2,0,,1,1,4,35,4,2,2,5,0,0,0,0,true,,true,true,false,false,false,,,,,,false,false,false,,,false,false,false,false,false,-83.21864,42.41927,"{
  ""coordinates"": [
    -8.321863738000000e+01,
    4.241927440500010e+01
  ],
  ""type"": ""Point""
}","{
  ""coordinates"": [
    -83.21863738,
    42.419274405
  ],
  ""type"": ""Point""
}",-83.21863738,42.4192744050001
5232,1218047,ANTHONY WAYNE,WARREN,2017-10-18,18,10,2017,20,4,4,9,,4,0,,1,1,4,30,2,2,3,4,0,0,0,1,false,,false,false,false,false,false,,,,,,false,false,false,,,false,false,false,false,false,-83.07145,42.35468,"{
  ""coordinates"": [
    -8.307144762900001e+01,
    4.235467858500000e+01
  ],
  ""type"": ""Point""
}","{
  ""coordinates"": [
    -83.071447629,
    42.354678585
  ],
  ""type"": ""Point""
}",-83.071447629,42.354678585
5233,1164512,TIREMAN,DOLPHIN,2017-10-18,18,10,2017,7,4,8,9,,4,0,,1,1,1,25,1,2,2,5,0,0,0,0,true,,false,false,false,false,false,,,,,,false,false,false,,,false,false,false,false,false,-83.2569,42.34936,"{
  ""coordinates"": [
    -8.325690446100000e+01,
    4.234936275600010e+01
  ],
  ""type"": ""Point""
}","{
  ""coordinates"": [
    -83.256904461,
    42.349362756
  ],
  ""type"": ""Point""
}",-83.256904461,42.3493627560001
5234,1211458,7 MILE,VAN DYKE,2017-10-17,17,10,2017,10,3,9,3,,4,2,,1,1,1,35,2,2,1,5,0,0,0,0,true,,false,false,false,false,false,,,,,,false,false,false,,,false,false,false,false,false,-83.02398,42.43398,"{
  ""coordinates"": [
    -8.302397784199999e+01,
    4.243398164500010e+01
  ],
  ""type"": ""Point""
}","{
  ""coordinates"": [
    -83.023977842,
    42.433981645
  ],
  ""type"": ""Point""
}",-83.023977842,42.4339816450001
5235,1163481,SAWYER,GRENVIEW,2017-10-17,17,10,2017,9,3,8,9,,,0,,1,1,1,25,3,2,1,5,0,0,0,0,true,,false,false,true,false,false,,,,,,false,false,false,,,false,false,false,false,false,-83.22202,42.34698,"{
  ""coordinates"": [
    -8.322202302800000e+01,
    4.234698630100010e+01
  ],
  ""type"": ""Point""
}","{
  ""coordinates"": [
    -83.222023028,
    42.346986301
  ],
  ""type"": ""Point""
}",-83.222023028,42.3469863010001
5236,1182889,7 MILE,S I 75 SERVICE DRIVE,2017-10-17,17,10,2017,23,3,4,9,,4,0,,1,1,4,30,4,2,2,3,0,0,1,0,false,,true,true,true,false,false,,,,,,false,false,false,,,false,false,false,false,false,-83.09547,42.43246,"{
  ""coordinates"": [
    -8.309546362499999e+01,
    4.243245950900010e+01
  ],
  ""type"": ""Point""
}","{
  ""coordinates"": [
    -83.095463625,
    42.432459509
  ],
  ""type"": ""Point""
}",-83.095463625,42.4324595090001
5237,1163475,N M 10,MILWAUKEE,2017-10-17,17,10,2017,14,3,4,3,,1,0,,1,1,1,35,3,2,2,4,0,0,0,1,false,,true,true,false,false,false,,,,,,false,false,false,,,false,false,false,false,false,-83.08084,42.36592,"{
  ""coordinates"": [
    -8.308084317200000e+01,
    4.236592610500000e+01
  ],
  ""type"": ""Point""
}","{
  ""coordinates"": [
    -83.080843172,
    42.365926105
  ],
  ""type"": ""Point""
}",-83.080843172,42.365926105
5238,1163470,WYOMING,GRAND RIVER,2017-10-17,17,10,2017,1,3,5,3,,4,0,,1,1,4,35,3,2,2,5,0,0,0,0,true,,false,false,false,false,false,,,,,,false,false,false,,,false,false,false,false,false,-83.15868,42.37676,"{
  ""coordinates"": [
    -8.315868606500000e+01,
    4.237675686200000e+01
  ],
  ""type"": ""Point""
}","{
  ""coordinates"": [
    -83.158686065,
    42.376756862
  ],
  ""type"": ""Point""
}",-83.158686065,42.376756862
5239,1167069,VERNOR,GREEN,2017-10-17,17,10,2017,21,3,8,9,,4,0,,1,1,4,30,2,2,1,5,0,0,0,0,true,,false,false,true,false,false,,,,,,false,false,true,,,false,false,false,false,false,-83.12128,42.31389,"{
  ""coordinates"": [
    -8.312128165000000e+01,
    4.231389051100010e+01
  ],
  ""type"": ""Point""
}","{
  ""coordinates"": [
    -83.12128165,
    42.313890511
  ],
  ""type"": ""Point""
}",-83.12128165,42.3138905110001
5240,1170781,8 MILE,SPENCER,2017-10-17,17,10,2017,12,3,4,3,,1,0,,1,1,1,35,3,2,2,5,0,0,0,0,true,,false,false,false,false,false,,,,,,false,false,false,,,false,false,false,false,false,-83.02754,42.4481,"{
  ""coordinates"": [
    -8.302753855200000e+01,
    4.244810286100010e+01
  ],
  ""type"": ""Point""
}","{
  ""coordinates"": [
    -83.027538552,
    42.448102861
  ],
  ""type"": ""Point""
}",-83.027538552,42.4481028610001
5241,1164539,CHAREST,JEROME,2017-10-17,17,10,2017,21,3,7,9,,,0,,1,1,4,25,2,2,1,5,0,0,0,0,true,,false,false,true,false,false,,,,,,false,true,false,,,false,false,false,false,false,-83.06983,42.42086,"{
  ""coordinates"": [
    -8.306983227599990e+01,
    4.242085643000010e+01
  ],
  ""type"": ""Point""
}","{
  ""coordinates"": [
    -83.069832276,
    42.42085643
  ],
  ""type"": ""Point""
}",-83.0698322759999,42.4208564300001
5242,1167015,E I 94,LIVERNOIS,2017-10-17,17,10,2017,9,3,5,1,,1,0,,1,1,1,55,3,3,3,5,0,0,0,0,true,,false,false,false,false,false,,,,,,false,false,true,,,false,false,false,false,false,-83.12518,42.3372,"{
  ""coordinates"": [
    -8.312517839899991e+01,
    4.233720102400010e+01
  ],
  ""type"": ""Point""
}","{
  ""coordinates"": [
    -83.125178399,
    42.337201024
  ],
  ""type"": ""Point""
}",-83.1251783989999,42.3372010240001
5243,1218048,WOODWARD,ALEXANDRINE,2017-10-17,17,10,2017,17,3,5,3,,1,0,,1,1,1,35,3,2,3,5,0,0,0,0,true,,false,false,false,false,false,,,,,,false,false,false,,,false,false,false,false,false,-83.06034,42.35108,"{
  ""coordinates"": [
    -8.306034335500000e+01,
    4.235107783800000e+01
  ],
  ""type"": ""Point""
}","{
  ""coordinates"": [
    -83.060343355,
    42.351077838
  ],
  ""type"": ""Point""
}",-83.060343355,42.351077838
5244,1164507,WESTEND,FORT,2017-10-17,17,10,2017,13,3,8,3,,4,0,,1,1,1,0,2,2,3,5,0,0,0,0,true,,false,false,false,false,false,,,,,,false,false,true,,,false,false,false,false,false,-83.11918,42.30017,"{
  ""coordinates"": [
    -8.311917881700001e+01,
    4.230017425800000e+01
  ],
  ""type"": ""Point""
}","{
  ""coordinates"": [
    -83.119178817,
    42.300174258
  ],
  ""type"": ""Point""
}",-83.119178817,42.300174258