ObjectId,Crash ID,Primary Road,Intersecting Road,Crash Date,Day,Month,Year,Hour,Weekday,Crash Type Code,Highway Classification Code,Community Code,Jurisdiction Code,Lane Departure Type Code,Surface Type,Road Condition,Weather Condition,Lighting Condition,Speed Limit,Lanes,Units,Occupants,Most Severe Injury,Fatal Injuries,Suspected Serious Injuries,Suspected Minor Injuries,Possible Injuries,Property Damage Only,Secondary Crash,Traffic Control,Red Light Run,Hit and Run,Alcohol,Drugs,Unbelted Person,Work Zone,Speeding Driver,Distracted Driver,Driveway,Pedestrian,Elderly Driver,Young Driver,Commercial Vehicle,Emergency Vehicles,Train,School Bus,Motorcycle,Bicycle,Deer,Longitude,Latitude,geom,geog,x,y
5359,1162355,SAINT ANTOINE,GRATIOT,2017-10-16,16,10,2017,22,2,97,3,,4,0,,1,1,4,35,2,2,5,4,0,0,0,2,false,,false,false,true,false,false,,,,,,false,false,false,,,false,false,false,false,false,-83.04285,42.33844,"{
  ""coordinates"": [
    -8.304285639499990e+01,
    4.233844120500000e+01
  ],
  ""type"": ""Point""
}","{
  ""coordinates"": [
    -83.042856395,
    42.338441205
  ],
  ""type"": ""Point""
}",-83.0428563949999,42.338441205
5360,1167141,8 MILE,HUBBELL,2017-10-16,16,10,2017,15,2,5,3,,1,0,,1,1,1,35,4,2,1,5,0,0,0,0,true,,false,false,true,false,false,,,,,,false,false,false,,,false,false,false,false,false,-83.19128,42.445,"{
  ""coordinates"": [
    -8.319127741200001e+01,
    4.244499422500010e+01
  ],
  ""type"": ""Point""
}","{
  ""coordinates"": [
    -83.191277412,
    42.444994225
  ],
  ""type"": ""Point""
}",-83.191277412,42.4449942250001
5361,1162318,S M 10,S JOHN C LODGE/N JOHN C LODGE,2017-10-16,16,10,2017,16,2,5,3,,1,0,,1,1,1,30,5,2,1,5,0,0,0,0,true,,false,false,true,false,false,,,,,,false,false,true,,,false,false,false,false,false,-83.07231,42.35162,"{
  ""coordinates"": [
    -8.307231371800000e+01,
    4.235161434500000e+01
  ],
  ""type"": ""Point""
}","{
  ""coordinates"": [
    -83.072313718,
    42.351614345
  ],
  ""type"": ""Point""
}",-83.072313718,42.351614345
5362,1162344,HARPER,SAINT CLAIR,2017-10-16,16,10,2017,3,2,1,9,,4,0,,1,1,4,35,4,1,2,3,0,0,1,1,false,,false,false,false,false,false,,,,,,false,false,false,,,false,false,false,false,false,-82.99942,42.39407,"{
  ""coordinates"": [
    -8.299941948999999e+01,
    4.239407507600000e+01
  ],
  ""type"": ""Point""
}","{
  ""coordinates"": [
    -82.99941949,
    42.394075076
  ],
  ""type"": ""Point""
}",-82.99941949,42.394075076
5363,1162361,CANTON,BENSON,2017-10-16,16,10,2017,10,2,10,9,,,0,,1,1,1,25,1,2,2,5,0,0,0,0,true,,false,false,false,false,false,,,,,,false,false,false,,,false,false,false,false,false,-83.01323,42.3602,"{
  ""coordinates"": [
    -8.301323077300000e+01,
    4.236020196700010e+01
  ],
  ""type"": ""Point""
}","{
  ""coordinates"": [
    -83.013230773,
    42.360201967
  ],
  ""type"": ""Point""
}",-83.013230773,42.3602019670001
5364,1161378,MICHIGAN,GILBERT,2017-10-15,15,10,2017,1,1,5,2,,1,0,,2,4,4,35,3,2,2,4,0,0,0,2,false,,false,false,true,false,false,,,,,,false,false,false,,,false,false,false,false,false,-83.1217,42.33112,"{
  ""coordinates"": [
    -8.312170312400001e+01,
    4.233112494400010e+01
  ],
  ""type"": ""Point""
}","{
  ""coordinates"": [
    -83.121703124,
    42.331124944
  ],
  ""type"": ""Point""
}",-83.121703124,42.3311249440001
5365,1161391,DEXTER,FENKELL,2017-10-15,15,10,2017,9,1,5,9,,4,0,,1,1,1,25,2,2,1,5,0,0,0,0,true,,false,false,true,false,false,,,,,,false,false,false,,,false,false,false,false,false,-83.13555,42.40195,"{
  ""coordinates"": [
    -8.313555096600000e+01,
    4.240195496900000e+01
  ],
  ""type"": ""Point""
}","{
  ""coordinates"": [
    -83.135550966,
    42.401954969
  ],
  ""type"": ""Point""
}",-83.135550966,42.401954969
5366,1161361,M-10,CLAIRMONT,2017-10-15,15,10,2017,4,1,1,3,,1,1,,2,2,4,55,3,1,1,4,0,0,0,1,false,,false,false,false,false,false,,,,,,false,false,false,,,false,false,false,false,false,-83.09147,42.38079,"{
  ""coordinates"": [
    -8.309146765500000e+01,
    4.238078983500000e+01
  ],
  ""type"": ""Point""
}","{
  ""coordinates"": [
    -83.091467655,
    42.380789835
  ],
  ""type"": ""Point""
}",-83.091467655,42.380789835
5367,1251874,RAMP 223C,I 94,2017-10-15,15,10,2017,14,1,8,1,,1,0,,1,2,1,45,3,2,2,2,0,1,0,0,false,,false,false,false,false,false,,,,,,false,false,false,,,false,false,false,false,false,-82.93462,42.41875,"{
  ""coordinates"": [
    -8.293461550400001e+01,
    4.241875043200000e+01
  ],
  ""type"": ""Point""
}","{
  ""coordinates"": [
    -82.934615504,
    42.418750432
  ],
  ""type"": ""Point""
}",-82.934615504,42.418750432
5368,1161386,GRIENER,STRASBURG,2017-10-15,15,10,2017,14,1,4,9,,4,0,,2,4,1,35,2,2,2,4,0,0,0,1,false,,true,false,false,false,false,,,,,,false,false,false,,,false,false,false,false,false,-82.99828,42.42737,"{
  ""coordinates"": [
    -8.299827440500000e+01,
    4.242737001500010e+01
  ],
  ""type"": ""Point""
}","{
  ""coordinates"": [
    -82.998274405,
    42.427370015
  ],
  ""type"": ""Point""
}",-82.998274405,42.4273700150001
5369,1190189,WHITTIER,LAING,2017-10-15,15,10,2017,0,1,8,9,,4,0,,2,4,4,30,2,2,2,4,0,0,0,1,false,,false,false,false,true,false,,,,,,false,false,false,,,false,false,false,false,false,-82.95872,42.41929,"{
  ""coordinates"": [
    -8.295872200299991e+01,
    4.241928797800010e+01
  ],
  ""type"": ""Point""
}","{
  ""coordinates"": [
    -82.958722003,
    42.419287978
  ],
  ""type"": ""Point""
}",-82.9587220029999,42.4192879780001
5370,1162335,I-75,LIVERNOIS,2017-10-15,15,10,2017,12,1,5,1,,1,0,,2,4,1,55,3,2,2,5,0,0,0,0,true,,false,false,true,false,false,,,,,,false,false,false,,,false,false,false,false,false,-83.12113,42.30044,"{
  ""coordinates"": [
    -8.312113147799990e+01,
    4.230043861000010e+01
  ],
  ""type"": ""Point""
}","{
  ""coordinates"": [
    -83.121131478,
    42.30043861
  ],
  ""type"": ""Point""
}",-83.1211314779999,42.3004386100001
5371,1159881,KERCHEVAL,MOUNT ELLIOTT,2017-10-15,15,10,2017,2,1,1,9,,4,1,,2,2,4,30,4,1,1,5,0,0,0,0,true,,false,false,false,false,false,,,,,,false,false,false,,,false,false,false,false,false,-83.01569,42.35262,"{
  ""coordinates"": [
    -8.301569674200000e+01,
    4.235261758400000e+01
  ],
  ""type"": ""Point""
}","{
  ""coordinates"": [
    -83.015696742,
    42.352617584
  ],
  ""type"": ""Point""
}",-83.015696742,42.352617584
5372,1167022,M-10,GRAND RIVER,2017-10-15,15,10,2017,21,1,1,3,,1,1,,1,1,4,55,3,1,1,5,0,0,0,0,true,,false,false,false,false,false,,,,,,false,false,false,,,false,false,false,false,false,-83.06561,42.33807,"{
  ""coordinates"": [
    -8.306560266799990e+01,
    4.233807084300000e+01
  ],
  ""type"": ""Point""
}","{
  ""coordinates"": [
    -83.065602668,
    42.338070843
  ],
  ""type"": ""Point""
}",-83.0656026679999,42.338070843
5373,1159879,GRATIOT,VAN DYKE,2017-10-15,15,10,2017,3,1,98,3,,1,0,,2,4,4,35,4,2,3,4,0,0,0,2,false,,false,false,true,false,false,,,,,,false,false,false,,,false,false,false,false,false,-83.01466,42.37886,"{
  ""coordinates"": [
    -8.301466612300000e+01,
    4.237885558300010e+01
  ],
  ""type"": ""Point""
}","{
  ""coordinates"": [
    -83.014666123,
    42.378855583
  ],
  ""type"": ""Point""
}",-83.014666123,42.3788555830001
5374,1161390,PARK,ELIZABETH,2017-10-15,15,10,2017,23,1,10,9,,4,0,,1,1,4,25,3,2,0,5,0,0,0,0,true,,false,false,true,false,false,,,,,,false,false,false,,,false,false,false,false,false,-83.05303,42.33704,"{
  ""coordinates"": [
    -8.305303300400000e+01,
    4.233703876500000e+01
  ],
  ""type"": ""Point""
}","{
  ""coordinates"": [
    -83.053033004,
    42.337038765
  ],
  ""type"": ""Point""
}",-83.053033004,42.337038765
5375,1165709,MARGARETA,STAHELIN,2017-10-15,15,10,2017,12,1,2,9,,,2,,2,2,4,25,1,3,0,5,0,0,0,0,true,,false,false,true,false,false,,,,,,false,false,false,,,false,false,false,false,false,-83.22764,42.4267,"{
  ""coordinates"": [
    -8.322764157300000e+01,
    4.242670524800010e+01
  ],
  ""type"": ""Point""
}","{
  ""coordinates"": [
    -83.227641573,
    42.426705248
  ],
  ""type"": ""Point""
}",-83.227641573,42.4267052480001
5376,1162329,FORT,MORRELL,2017-10-15,15,10,2017,20,1,8,3,,1,0,,1,1,4,30,5,2,3,5,0,0,0,0,true,,false,false,false,false,false,,,,,,false,false,false,,,false,false,false,false,false,-83.09486,42.31028,"{
  ""coordinates"": [
    -8.309485784299990e+01,
    4.231028469600010e+01
  ],
  ""type"": ""Point""
}","{
  ""coordinates"": [
    -83.094857843,
    42.310284696
  ],
  ""type"": ""Point""
}",-83.0948578429999,42.3102846960001
5377,1169478,CHANDLER,CONNER,2017-10-15,15,10,2017,16,1,4,9,,4,0,,1,2,1,30,2,2,3,2,0,1,0,0,false,,true,true,false,false,false,,,,,,false,false,false,,,false,false,false,false,false,-82.98321,42.39294,"{
  ""coordinates"": [
    -8.298321124599990e+01,
    4.239294438300000e+01
  ],
  ""type"": ""Point""
}","{
  ""coordinates"": [
    -82.983211246,
    42.392944383
  ],
  ""type"": ""Point""
}",-82.9832112459999,42.392944383
5378,1161381,LARNED,SAINT AUBIN,2017-10-15,15,10,2017,13,1,4,9,,4,0,,2,4,1,30,2,2,2,5,0,0,0,0,true,,false,false,true,false,false,,,,,,false,true,false,,,false,false,false,false,false,-83.02835,42.3369,"{
  ""coordinates"": [
    -8.302834894599989e+01,
    4.233689861900010e+01
  ],
  ""type"": ""Point""
}","{
  ""coordinates"": [
    -83.028348946,
    42.336898619
  ],
  ""type"": ""Point""
}",-83.0283489459999,42.3368986190001
5379,1162319,CASS,ELIZABETH,2017-10-15,15,10,2017,16,1,4,9,,4,0,,1,2,1,25,3,2,4,4,0,0,0,1,false,,true,false,false,false,false,,,,,,false,false,false,,,false,false,false,false,false,-83.05526,42.33599,"{
  ""coordinates"": [
    -8.305526226099990e+01,
    4.233599266400010e+01
  ],
  ""type"": ""Point""
}","{
  ""coordinates"": [
    -83.055262261,
    42.335992664
  ],
  ""type"": ""Point""
}",-83.0552622609999,42.3359926640001
5380,1163458,E I 94,HARPER,2017-10-15,15,10,2017,4,1,8,1,,1,0,,2,2,4,55,3,2,3,3,0,0,1,0,false,,false,false,false,false,false,,,,,,false,false,true,,,false,false,false,false,false,-83.03175,42.38115,"{
  ""coordinates"": [
    -8.303175040600000e+01,
    4.238115485700010e+01
  ],
  ""type"": ""Point""
}","{
  ""coordinates"": [
    -83.031750406,
    42.381154857
  ],
  ""type"": ""Point""
}",-83.031750406,42.3811548570001
5381,1162380,GROSEBECK,8 MILE,2017-10-15,15,10,2017,19,1,5,3,,1,0,,1,1,4,30,4,3,1,5,0,0,0,0,true,,false,false,true,false,false,,,,,,false,false,false,,,false,false,false,false,false,-83.00283,42.44873,"{
  ""coordinates"": [
    -8.300282799599999e+01,
    4.244873129600010e+01
  ],
  ""type"": ""Point""
}","{
  ""coordinates"": [
    -83.002827996,
    42.448731296
  ],
  ""type"": ""Point""
}",-83.002827996,42.4487312960001
5382,1159898,GRATIOT,MOHICAN,2017-10-15,15,10,2017,2,1,8,3,,1,0,,1,2,4,35,4,2,2,5,0,0,0,0,true,,false,false,true,false,false,,,,,,false,false,false,,,false,false,false,false,false,-82.97061,42.44582,"{
  ""coordinates"": [
    -8.297061382000000e+01,
    4.244581602400010e+01
  ],
  ""type"": ""Point""
}","{
  ""coordinates"": [
    -82.97061382,
    42.445816024
  ],
  ""type"": ""Point""
}",-82.97061382,42.4458160240001
5383,1162353,FENKELL,PREVOST,2017-10-15,15,10,2017,10,1,5,9,,2,3,,2,4,1,35,2,3,0,5,0,0,0,0,true,,false,false,true,false,false,,,,,,false,false,false,,,false,false,false,false,false,-83.20385,42.40139,"{
  ""coordinates"": [
    -8.320385276099999e+01,
    4.240139502700000e+01
  ],
  ""type"": ""Point""
}","{
  ""coordinates"": [
    -83.203852761,
    42.401395027
  ],
  ""type"": ""Point""
}",-83.203852761,42.401395027
5384,1162314,HUBBELL,CHICAGO,2017-10-15,15,10,2017,21,1,5,9,,4,0,,1,1,5,35,2,2,1,5,0,0,0,0,true,,false,false,false,true,false,,,,,,false,false,false,,,false,false,false,false,false,-83.18755,42.36696,"{
  ""coordinates"": [
    -8.318754408200000e+01,
    4.236696134200000e+01
  ],
  ""type"": ""Point""
}","{
  ""coordinates"": [
    -83.187544082,
    42.366961342
  ],
  ""type"": ""Point""
}",-83.187544082,42.366961342
5385,1162336,CADET,DRAGOON,2017-10-15,15,10,2017,12,1,4,9,,,0,,2,4,1,25,3,2,2,4,0,0,0,1,false,,true,false,false,false,false,,,,,,false,false,false,,,false,false,false,false,false,-83.10736,42.31421,"{
  ""coordinates"": [
    -8.310735783299999e+01,
    4.231421189400000e+01
  ],
  ""type"": ""Point""
}","{
  ""coordinates"": [
    -83.107357833,
    42.314211894
  ],
  ""type"": ""Point""
}",-83.107357833,42.314211894
5386,1161398,OUTER,STRATHMOOR,2017-10-15,15,10,2017,17,1,4,9,,2,0,,1,1,1,35,4,2,2,4,0,0,0,2,false,,true,false,false,false,false,,,,,,false,false,false,,,false,false,false,false,false,-83.1885,42.41997,"{
  ""coordinates"": [
    -8.318850256899999e+01,
    4.241997122800010e+01
  ],
  ""type"": ""Point""
}","{
  ""coordinates"": [
    -83.188502569,
    42.419971228
  ],
  ""type"": ""Point""
}",-83.188502569,42.4199712280001
5387,1163444,RAMP 139G,W I 96 CD,2017-10-15,15,10,2017,2,1,97,1,,1,0,,2,4,4,55,3,2,1,5,0,0,0,0,true,,false,false,true,false,false,,,,,,false,false,false,,,false,false,false,false,false,-83.15659,42.3856,"{
  ""coordinates"": [
    -8.315659621099999e+01,
    4.238559954700000e+01
  ],
  ""type"": ""Point""
}","{
  ""coordinates"": [
    -83.156596211,
    42.385599547
  ],
  ""type"": ""Point""
}",-83.156596211,42.385599547
5388,1162387,JOY,WYOMING,2017-10-15,15,10,2017,13,1,9,9,,4,0,,2,4,1,0,2,2,3,5,0,0,0,0,true,,false,false,true,false,false,,,,,,false,false,false,,,false,false,false,false,false,-83.15796,42.35889,"{
  ""coordinates"": [
    -8.315795900800001e+01,
    4.235889391400010e+01
  ],
  ""type"": ""Point""
}","{
  ""coordinates"": [
    -83.157959008,
    42.358893914
  ],
  ""type"": ""Point""
}",-83.157959008,42.3588939140001
5389,1161369,I-94,CADIEUX,2017-10-15,15,10,2017,5,1,1,1,,1,1,,2,4,4,55,3,1,1,5,0,0,0,0,true,,false,false,false,false,false,,,,,,false,false,false,,,false,false,false,false,false,-82.93562,42.41817,"{
  ""coordinates"": [
    -8.293561935400000e+01,
    4.241816725000010e+01
  ],
  ""type"": ""Point""
}","{
  ""coordinates"": [
    -82.935619354,
    42.41816725
  ],
  ""type"": ""Point""
}",-82.935619354,42.4181672500001
5390,1174746,ST AUBIN,LAFAYETTE,2017-10-15,15,10,2017,9,1,10,9,,4,0,,2,2,1,25,2,2,3,5,0,0,0,0,true,,false,false,false,false,false,,,,,,false,false,false,,,false,false,false,false,false,-83.02986,42.33927,"{
  ""coordinates"": [
    -8.302986071700001e+01,
    4.233926962900010e+01
  ],
  ""type"": ""Point""
}","{
  ""coordinates"": [
    -83.029860717,
    42.339269629
  ],
  ""type"": ""Point""
}",-83.029860717,42.3392696290001
5391,1163439,I-96,CHICAGO,2017-10-15,15,10,2017,2,1,5,1,,1,0,,2,4,4,70,4,2,1,5,0,0,0,0,true,,false,false,true,false,false,,,,,,false,false,false,,,false,false,false,false,false,-83.14021,42.36769,"{
  ""coordinates"": [
    -8.314020906400000e+01,
    4.236768752500010e+01
  ],
  ""type"": ""Point""
}","{
  ""coordinates"": [
    -83.140209064,
    42.367687525
  ],
  ""type"": ""Point""
}",-83.140209064,42.3676875250001
5392,1163452,I-94,M-10,2017-10-15,15,10,2017,1,1,5,1,,1,0,,2,4,4,55,3,2,2,5,0,0,0,0,true,,false,false,true,false,false,,,,,,false,false,true,,,false,false,false,false,false,-83.078,42.35783,"{
  ""coordinates"": [
    -8.307800152599999e+01,
    4.235782929600000e+01
  ],
  ""type"": ""Point""
}","{
  ""coordinates"": [
    -83.078001526,
    42.357829296
  ],
  ""type"": ""Point""
}",-83.078001526,42.357829296
5393,1164518,FIELDING,BELTON,2017-10-15,15,10,2017,18,1,98,9,,,3,,1,98,98,25,2,2,0,5,0,0,0,0,true,,false,false,true,false,false,,,,,,false,false,false,,,false,false,false,false,false,-83.24063,42.35227,"{
  ""coordinates"": [
    -8.324063114700000e+01,
    4.235226665800010e+01
  ],
  ""type"": ""Point""
}","{
  ""coordinates"": [
    -83.240631147,
    42.352266658
  ],
  ""type"": ""Point""
}",-83.240631147,42.3522666580001
5394,1161388,GRATIOT,MANNING,2017-10-15,15,10,2017,2,1,8,3,,1,0,,1,2,4,35,6,2,1,5,0,0,0,0,true,,false,false,false,false,false,,,,,,false,false,true,,,false,false,false,false,false,-82.97343,42.44156,"{
  ""coordinates"": [
    -8.297343060299990e+01,
    4.244155570100000e+01
  ],
  ""type"": ""Point""
}","{
  ""coordinates"": [
    -82.973430603,
    42.441555701
  ],
  ""type"": ""Point""
}",-82.9734306029999,42.441555701
5395,1169498,CIRCLE,SOUTHFIELD SERVICE DRIVE,2017-10-15,15,10,2017,20,1,5,3,,1,0,,1,1,4,45,3,2,1,5,0,0,0,0,true,,false,false,false,false,false,,,,,,false,false,false,,,false,false,false,false,false,-83.21925,42.44326,"{
  ""coordinates"": [
    -8.321924857300000e+01,
    4.244326368900000e+01
  ],
  ""type"": ""Point""
}","{
  ""coordinates"": [
    -83.219248573,
    42.443263689
  ],
  ""type"": ""Point""
}",-83.219248573,42.443263689
5396,1163454,RAMP 017B,I-375,2017-10-15,15,10,2017,16,1,1,1,,1,1,,1,1,1,55,1,1,1,3,0,0,1,0,false,,false,false,false,false,false,,,,,,false,true,false,,,false,false,false,false,false,-83.04007,42.33837,"{
  ""coordinates"": [
    -8.304006846999989e+01,
    4.233836797700010e+01
  ],
  ""type"": ""Point""
}","{
  ""coordinates"": [
    -83.04006847,
    42.338367977
  ],
  ""type"": ""Point""
}",-83.0400684699999,42.3383679770001
5397,1162333,WARREN,SCOTTEN,2017-10-15,15,10,2017,21,1,8,9,,4,0,,2,2,4,0,4,2,1,5,0,0,0,0,true,,false,false,true,false,false,,,,,,false,false,true,,,false,false,false,false,false,-83.11109,42.34474,"{
  ""coordinates"": [
    -8.311109411000000e+01,
    4.234474271100000e+01
  ],
  ""type"": ""Point""
}","{
  ""coordinates"": [
    -83.11109411,
    42.344742711
  ],
  ""type"": ""Point""
}",-83.11109411,42.344742711
5398,1161371,W I 96,SCHAEFER,2017-10-15,15,10,2017,6,1,1,1,,1,1,,2,4,4,70,4,1,1,5,0,0,0,0,true,,false,false,false,false,false,,,,,,false,false,false,,,false,false,false,false,false,-83.17815,42.38337,"{
  ""coordinates"": [
    -8.317815528400000e+01,
    4.238337214300000e+01
  ],
  ""type"": ""Point""
}","{
  ""coordinates"": [
    -83.178155284,
    42.383372143
  ],
  ""type"": ""Point""
}",-83.178155284,42.383372143
5399,1162372,RIAD,GRAYTON,2017-10-15,15,10,2017,23,1,4,9,,,0,,1,1,3,25,1,2,9,4,0,0,0,9,false,,false,false,false,false,false,,,,,,false,false,false,,,false,false,false,false,false,-82.95839,42.4239,"{
  ""coordinates"": [
    -8.295839204799999e+01,
    4.242390597600010e+01
  ],
  ""type"": ""Point""
}","{
  ""coordinates"": [
    -82.958392048,
    42.423905976
  ],
  ""type"": ""Point""
}",-82.958392048,42.4239059760001
5400,1161368,I-94,MT ELLIOT,2017-10-15,15,10,2017,0,1,1,1,,1,1,,2,4,4,55,3,1,1,5,0,0,0,0,true,,false,false,false,false,false,,,,,,false,false,true,,,false,false,false,false,false,-83.03259,42.38038,"{
  ""coordinates"": [
    -8.303258474499999e+01,
    4.238038403800000e+01
  ],
  ""type"": ""Point""
}","{
  ""coordinates"": [
    -83.032584745,
    42.380384038
  ],
  ""type"": ""Point""
}",-83.032584745,42.380384038
5401,1161406,OUTER,S M 10,2017-10-15,15,10,2017,12,1,4,9,,2,0,,1,2,1,35,3,2,1,4,0,0,0,1,false,,true,true,true,false,false,,,,,,false,false,true,,,false,false,false,false,false,-83.17639,42.42101,"{
  ""coordinates"": [
    -8.317639506499999e+01,
    4.242100525300000e+01
  ],
  ""type"": ""Point""
}","{
  ""coordinates"": [
    -83.176395065,
    42.421005253
  ],
  ""type"": ""Point""
}",-83.176395065,42.421005253
5402,1163445,I-96,MICHIGAN,2017-10-15,15,10,2017,5,1,1,1,,1,1,,2,4,4,55,2,1,1,5,0,0,0,0,true,,false,false,false,false,false,,,,,,false,false,false,,,false,false,false,false,false,-83.23692,42.38066,"{
  ""coordinates"": [
    -8.323691595199990e+01,
    4.238066165900010e+01
  ],
  ""type"": ""Point""
}","{
  ""coordinates"": [
    -83.236915952,
    42.380661659
  ],
  ""type"": ""Point""
}",-83.2369159519999,42.3806616590001
5403,1163486,FENKELL,LAHSER,2017-10-15,15,10,2017,15,1,4,9,,2,0,,1,1,1,25,2,2,7,5,0,0,0,0,true,,false,false,false,false,false,,,,,,false,true,false,,,false,false,false,false,false,-83.2571,42.4003,"{
  ""coordinates"": [
    -8.325710307700000e+01,
    4.240029381700000e+01
  ],
  ""type"": ""Point""
}","{
  ""coordinates"": [
    -83.257103077,
    42.400293817
  ],
  ""type"": ""Point""
}",-83.257103077,42.400293817
5404,1162373,SHERIDAN,VERNOR,2017-10-15,15,10,2017,21,1,5,9,,,3,,1,2,4,25,3,2,0,5,0,0,0,0,true,,false,false,true,false,false,,,,,,false,false,false,,,false,false,false,false,false,-83.00665,42.35944,"{
  ""coordinates"": [
    -8.300665487399991e+01,
    4.235943836800000e+01
  ],
  ""type"": ""Point""
}","{
  ""coordinates"": [
    -83.006654874,
    42.359438368
  ],
  ""type"": ""Point""
}",-83.0066548739999,42.359438368
5405,1167067,VERNOR,NEWARK,2017-10-15,15,10,2017,21,1,1,9,,4,1,,1,1,1,30,4,1,1,5,0,0,0,0,true,,false,false,false,false,false,,,,,,false,false,false,,,false,false,false,false,false,-83.07944,42.32748,"{
  ""coordinates"": [
    -8.307944336600001e+01,
    4.232747805000000e+01
  ],
  ""type"": ""Point""
}","{
  ""coordinates"": [
    -83.079443366,
    42.32747805
  ],
  ""type"": ""Point""
}",-83.079443366,42.32747805
5406,1162331,FREER,MICHIGAN,2017-10-15,15,10,2017,3,1,8,2,,,0,,1,1,4,25,2,2,0,5,0,0,0,0,true,,false,false,true,false,false,,,,,,false,false,false,,,false,false,false,false,false,-83.13389,42.33098,"{
  ""coordinates"": [
    -8.313388937400001e+01,
    4.233098271000010e+01
  ],
  ""type"": ""Point""
}","{
  ""coordinates"": [
    -83.133889374,
    42.33098271
  ],
  ""type"": ""Point""
}",-83.133889374,42.3309827100001
5407,1163499,PILGRIM,LINWOOD,2017-10-15,15,10,2017,17,1,3,9,,,0,,1,1,1,0,4,2,3,5,0,0,0,0,true,,false,false,true,false,false,,,,,,false,true,false,,,false,false,false,false,false,-83.12747,42.40779,"{
  ""coordinates"": [
    -8.312747320600000e+01,
    4.240778764000000e+01
  ],
  ""type"": ""Point""
}","{
  ""coordinates"": [
    -83.127473206,
    42.40778764
  ],
  ""type"": ""Point""
}",-83.127473206,42.40778764
5408,1182334,E I 96,RAMP 008J,2017-10-15,15,10,2017,13,1,2,1,,1,2,,2,2,1,55,3,2,2,5,0,0,0,0,true,,false,false,false,false,false,,,,,,false,false,false,,,false,false,false,false,false,-83.22483,42.37798,"{
  ""coordinates"": [
    -8.322483033600000e+01,
    4.237797755000000e+01
  ],
  ""type"": ""Point""
}","{
  ""coordinates"": [
    -83.224830336,
    42.37797755
  ],
  ""type"": ""Point""
}",-83.224830336,42.37797755
5409,1180730,I-96,WARREN,2017-10-15,15,10,2017,5,1,5,1,,1,0,,2,4,4,55,4,2,2,5,0,0,0,0,true,,false,false,false,false,false,,,,,,false,false,false,,,false,false,false,false,false,-83.09863,42.34972,"{
  ""coordinates"": [
    -8.309862876100000e+01,
    4.234971438900000e+01
  ],
  ""type"": ""Point""
}","{
  ""coordinates"": [
    -83.098628761,
    42.349714389
  ],
  ""type"": ""Point""
}",-83.098628761,42.349714389
5410,1162332,TRUMBULL,ELIZABETH,2017-10-15,15,10,2017,9,1,8,9,,4,0,,1,1,1,35,2,2,2,5,0,0,0,0,true,,false,false,false,false,false,,,,,,false,false,false,,,false,false,false,false,false,-83.06734,42.33215,"{
  ""coordinates"": [
    -8.306733482800000e+01,
    4.233215408600010e+01
  ],
  ""type"": ""Point""
}","{
  ""coordinates"": [
    -83.067334828,
    42.332154086
  ],
  ""type"": ""Point""
}",-83.067334828,42.3321540860001
5411,1161357,M 39,PLYMOUTH,2017-10-15,15,10,2017,2,1,2,3,,1,2,,2,4,4,55,3,2,2,3,0,0,2,0,false,,false,false,false,false,false,,,,,,false,false,false,,,false,false,false,false,false,-83.21682,42.37336,"{
  ""coordinates"": [
    -8.321681865999990e+01,
    4.237335692000000e+01
  ],
  ""type"": ""Point""
}","{
  ""coordinates"": [
    -83.21681866,
    42.37335692
  ],
  ""type"": ""Point""
}",-83.2168186599999,42.37335692
5412,1162337,RATHBONE,ELSMERE,2017-10-15,15,10,2017,2,1,97,9,,,0,,2,2,4,25,1,2,2,5,0,0,0,0,true,,false,false,false,false,false,,,,,,false,false,true,,,false,false,false,false,false,-83.13078,42.30109,"{
  ""coordinates"": [
    -8.313078537900000e+01,
    4.230109566000000e+01
  ],
  ""type"": ""Point""
}","{
  ""coordinates"": [
    -83.130785379,
    42.30109566
  ],
  ""type"": ""Point""
}",-83.130785379,42.30109566
5413,1161405,WOODWARD,7 MILE,2017-10-15,15,10,2017,11,1,8,3,,1,0,,1,2,1,40,8,2,3,5,0,0,0,0,true,,false,false,false,false,false,,,,,,false,true,false,,,false,false,false,false,false,-83.11542,42.43212,"{
  ""coordinates"": [
    -8.311541633400000e+01,
    4.243212266300000e+01
  ],
  ""type"": ""Point""
}","{
  ""coordinates"": [
    -83.115416334,
    42.432122663
  ],
  ""type"": ""Point""
}",-83.115416334,42.432122663
5414,1162367,BERG,8 MILE,2017-10-15,15,10,2017,23,1,5,3,,4,3,,1,1,4,25,2,3,1,2,0,1,0,0,false,,false,false,false,false,false,,,,,,false,true,true,,,false,false,false,false,false,-83.26846,42.443,"{
  ""coordinates"": [
    -8.326846409099990e+01,
    4.244300263800010e+01
  ],
  ""type"": ""Point""
}","{
  ""coordinates"": [
    -83.268464091,
    42.443002638
  ],
  ""type"": ""Point""
}",-83.2684640909999,42.4430026380001
5415,1161379,PARKVIEW,JEFFERSON,2017-10-15,15,10,2017,11,1,10,9,,,0,,1,2,1,25,1,2,2,5,0,0,0,0,true,,false,false,false,false,false,,,,,,false,false,false,,,false,false,false,false,false,-82.98338,42.35825,"{
  ""coordinates"": [
    -8.298337757099991e+01,
    4.235824887600010e+01
  ],
  ""type"": ""Point""
}","{
  ""coordinates"": [
    -82.983377571,
    42.358248876
  ],
  ""type"": ""Point""
}",-82.9833775709999,42.3582488760001