ObjectId,Crash ID,Primary Road,Intersecting Road,Crash Date,Day,Month,Year,Hour,Weekday,Crash Type Code,Highway Classification Code,Community Code,Jurisdiction Code,Lane Departure Type Code,Surface Type,Road Condition,Weather Condition,Lighting Condition,Speed Limit,Lanes,Units,Occupants,Most Severe Injury,Fatal Injuries,Suspected Serious Injuries,Suspected Minor Injuries,Possible Injuries,Property Damage Only,Secondary Crash,Traffic Control,Red Light Run,Hit and Run,Alcohol,Drugs,Unbelted Person,Work Zone,Speeding Driver,Distracted Driver,Driveway,Pedestrian,Elderly Driver,Young Driver,Commercial Vehicle,Emergency Vehicles,Train,School Bus,Motorcycle,Bicycle,Deer,Longitude,Latitude,geom,geog,x,y
5587,1167122,RYAN,NEVADA,2017-10-12,12,10,2017,14,5,97,9,,4,0,,1,1,1,35,2,2,3,4,0,0,0,2,false,,false,false,false,false,false,,,,,,false,false,true,,,false,false,false,false,false,-83.06269,42.4257,"{
  ""coordinates"": [
    -8.306269178199990e+01,
    4.242570415100000e+01
  ],
  ""type"": ""Point""
}","{
  ""coordinates"": [
    -83.062691782,
    42.425704151
  ],
  ""type"": ""Point""
}",-83.0626917819999,42.425704151
5588,1158601,ELMER,MCGRAW,2017-10-12,12,10,2017,18,5,8,9,,,0,,2,4,3,30,2,2,2,5,0,0,0,0,true,,false,false,false,false,false,,,,,,false,false,true,,,false,false,false,false,false,-83.14431,42.33404,"{
  ""coordinates"": [
    -8.314430866600000e+01,
    4.233403878400000e+01
  ],
  ""type"": ""Point""
}","{
  ""coordinates"": [
    -83.144308666,
    42.334038784
  ],
  ""type"": ""Point""
}",-83.144308666,42.334038784
5589,1159840,PLYMOUTH,HUBBELL,2017-10-12,12,10,2017,15,5,97,9,,4,0,,1,2,1,35,5,2,3,5,0,0,0,0,true,,false,false,true,false,false,,,,,,false,false,false,,,false,false,false,false,false,-83.18738,42.37285,"{
  ""coordinates"": [
    -8.318737818699999e+01,
    4.237284719700010e+01
  ],
  ""type"": ""Point""
}","{
  ""coordinates"": [
    -83.187378187,
    42.372847197
  ],
  ""type"": ""Point""
}",-83.187378187,42.3728471970001
5590,1161410,PICKFORD,WISCONSIN,2017-10-12,12,10,2017,17,5,5,9,,,0,,2,4,1,25,2,2,1,5,0,0,0,0,true,,false,false,true,false,false,,,,,,false,false,false,,,false,false,false,false,false,-83.15826,42.42601,"{
  ""coordinates"": [
    -8.315825985700000e+01,
    4.242600682300010e+01
  ],
  ""type"": ""Point""
}","{
  ""coordinates"": [
    -83.158259857,
    42.426006823
  ],
  ""type"": ""Point""
}",-83.158259857,42.4260068230001
5591,1158625,OUTER,WARWICK,2017-10-12,12,10,2017,1,5,1,9,,2,1,,2,98,4,30,2,1,1,3,0,0,1,0,false,,false,false,false,false,false,,,,,,false,false,false,,,false,false,false,false,false,-83.22912,42.41885,"{
  ""coordinates"": [
    -8.322911483800000e+01,
    4.241885335600010e+01
  ],
  ""type"": ""Point""
}","{
  ""coordinates"": [
    -83.229114838,
    42.418853356
  ],
  ""type"": ""Point""
}",-83.229114838,42.4188533560001
5592,1158613,CHICAGO,WESTWOOD,2017-10-12,12,10,2017,11,5,97,9,,4,0,,2,2,1,30,4,2,4,4,0,0,0,2,false,,false,false,false,false,false,,,,,,false,false,true,,,false,false,false,false,false,-83.23121,42.3648,"{
  ""coordinates"": [
    -8.323120735500000e+01,
    4.236480100100000e+01
  ],
  ""type"": ""Point""
}","{
  ""coordinates"": [
    -83.231207355,
    42.364801001
  ],
  ""type"": ""Point""
}",-83.231207355,42.364801001
5593,1159915,MOENART,7 MILE,2017-10-12,12,10,2017,17,5,4,9,,,0,,1,1,1,25,1,2,3,5,0,0,0,0,true,,false,false,false,false,false,,,,,,false,false,true,,,false,false,false,false,false,-83.05022,42.43336,"{
  ""coordinates"": [
    -8.305022280500000e+01,
    4.243335966300000e+01
  ],
  ""type"": ""Point""
}","{
  ""coordinates"": [
    -83.050222805,
    42.433359663
  ],
  ""type"": ""Point""
}",-83.050222805,42.433359663
5594,1162351,BEDFORD,OUTER,2017-10-12,12,10,2017,17,5,8,9,,,0,,1,1,1,25,2,2,1,5,0,0,0,0,true,,false,false,true,false,false,,,,,,false,false,false,,,false,false,false,false,false,-82.94396,42.40661,"{
  ""coordinates"": [
    -8.294395971700000e+01,
    4.240660892800000e+01
  ],
  ""type"": ""Point""
}","{
  ""coordinates"": [
    -82.943959717,
    42.406608928
  ],
  ""type"": ""Point""
}",-82.943959717,42.406608928
5595,1157590,JOHN R,LONGWOOD,2017-10-12,12,10,2017,3,5,1,9,,4,1,,1,1,4,35,4,1,1,2,0,1,0,0,false,,false,false,false,false,false,,,,,,false,false,false,,,false,false,false,false,false,-83.10197,42.42231,"{
  ""coordinates"": [
    -8.310197053900001e+01,
    4.242230815400010e+01
  ],
  ""type"": ""Point""
}","{
  ""coordinates"": [
    -83.101970539,
    42.422308154
  ],
  ""type"": ""Point""
}",-83.101970539,42.4223081540001
5596,1196570,PLYMONTH,ROBSON,2017-10-12,12,10,2017,15,5,8,9,,4,0,,1,1,1,35,4,2,2,5,0,0,0,0,true,,false,false,false,false,false,,,,,,false,false,false,,,false,false,false,false,false,-83.19172,42.37273,"{
  ""coordinates"": [
    -8.319171728200000e+01,
    4.237273029400010e+01
  ],
  ""type"": ""Point""
}","{
  ""coordinates"": [
    -83.191717282,
    42.372730294
  ],
  ""type"": ""Point""
}",-83.191717282,42.3727302940001
5597,1158608,MACK,ALTER,2017-10-12,12,10,2017,9,5,4,9,,4,0,,2,4,1,35,5,2,1,5,0,0,0,0,true,,true,true,true,false,false,,,,,,false,false,true,,,false,false,false,false,false,-82.94777,42.38729,"{
  ""coordinates"": [
    -8.294777048500001e+01,
    4.238729467700010e+01
  ],
  ""type"": ""Point""
}","{
  ""coordinates"": [
    -82.947770485,
    42.387294677
  ],
  ""type"": ""Point""
}",-82.947770485,42.3872946770001
5598,1158585,I-94,SECOND,2017-10-12,12,10,2017,21,5,5,1,,1,0,,1,1,4,55,3,2,2,5,0,0,0,0,true,,false,false,true,false,false,,,,,,false,false,false,,,false,false,false,false,false,-83.07212,42.36195,"{
  ""coordinates"": [
    -8.307211877700000e+01,
    4.236195107000000e+01
  ],
  ""type"": ""Point""
}","{
  ""coordinates"": [
    -83.072118777,
    42.36195107
  ],
  ""type"": ""Point""
}",-83.072118777,42.36195107
5599,1158619,LARNED,SAINT AUBIN,2017-10-12,12,10,2017,9,5,4,9,,4,0,,2,4,1,30,3,2,2,5,0,0,0,0,true,,false,false,false,false,false,,,,,,false,false,true,,,false,false,false,false,false,-83.0284,42.3367,"{
  ""coordinates"": [
    -8.302839757399990e+01,
    4.233669548800000e+01
  ],
  ""type"": ""Point""
}","{
  ""coordinates"": [
    -83.028397574,
    42.336695488
  ],
  ""type"": ""Point""
}",-83.0283975739999,42.336695488
5600,1158645,GODDARD,8 MILE,2017-10-12,12,10,2017,16,5,97,3,,,3,,1,1,1,25,1,2,2,5,0,0,0,0,true,,false,false,false,false,false,,,,,,false,false,true,,,false,false,false,false,false,-83.07784,42.4469,"{
  ""coordinates"": [
    -8.307784426900000e+01,
    4.244689615100000e+01
  ],
  ""type"": ""Point""
}","{
  ""coordinates"": [
    -83.077844269,
    42.446896151
  ],
  ""type"": ""Point""
}",-83.077844269,42.446896151
5601,1158583,E M 8,W I 96 CD,2017-10-12,12,10,2017,11,5,1,3,,1,1,,2,4,1,55,3,1,1,5,0,0,0,0,true,,false,false,false,false,false,,,,,,false,false,true,,,false,false,false,false,false,-83.15119,42.38464,"{
  ""coordinates"": [
    -8.315119380700000e+01,
    4.238464505900000e+01
  ],
  ""type"": ""Point""
}","{
  ""coordinates"": [
    -83.151193807,
    42.384645059
  ],
  ""type"": ""Point""
}",-83.151193807,42.384645059
5602,1158629,BLACKSTONE,OUTER,2017-10-12,12,10,2017,9,5,5,9,,,0,,2,4,1,35,1,2,1,5,0,0,0,0,true,,false,false,true,false,false,,,,,,false,false,false,,,false,false,false,false,false,-83.24921,42.39782,"{
  ""coordinates"": [
    -8.324920761899990e+01,
    4.239781996600000e+01
  ],
  ""type"": ""Point""
}","{
  ""coordinates"": [
    -83.249207619,
    42.397819966
  ],
  ""type"": ""Point""
}",-83.2492076189999,42.397819966
5603,1159909,7 MILE,MOENART,2017-10-12,12,10,2017,19,5,4,9,,4,0,,2,4,4,35,2,2,1,5,0,0,0,0,true,,false,false,false,false,false,,,,,,false,false,false,,,false,false,false,false,false,-83.05005,42.43342,"{
  ""coordinates"": [
    -8.305004527100000e+01,
    4.243342254100000e+01
  ],
  ""type"": ""Point""
}","{
  ""coordinates"": [
    -83.050045271,
    42.433422541
  ],
  ""type"": ""Point""
}",-83.050045271,42.433422541
5604,1158626,PEMBROKE,COOLEY,2017-10-12,12,10,2017,16,5,8,9,,,0,,2,2,1,25,2,2,4,5,0,0,0,0,true,,false,false,true,false,false,,,,,,false,false,false,,,false,false,false,false,false,-83.25996,42.43634,"{
  ""coordinates"": [
    -8.325996107600000e+01,
    4.243634249900000e+01
  ],
  ""type"": ""Point""
}","{
  ""coordinates"": [
    -83.259961076,
    42.436342499
  ],
  ""type"": ""Point""
}",-83.259961076,42.436342499
5605,1169480,MOROSS,CHANDLER PARK,2017-10-12,12,10,2017,13,5,5,9,,2,0,,1,1,1,30,4,2,2,5,0,0,0,0,true,,false,false,false,false,false,,,,,,false,false,true,,,false,false,false,false,false,-82.91521,42.41871,"{
  ""coordinates"": [
    -8.291520837500001e+01,
    4.241870971100010e+01
  ],
  ""type"": ""Point""
}","{
  ""coordinates"": [
    -82.915208375,
    42.418709711
  ],
  ""type"": ""Point""
}",-82.915208375,42.4187097110001
5606,1158595,OAKMAN,ELMHURST,2017-10-12,12,10,2017,17,5,8,9,,4,0,,1,1,3,0,2,2,3,5,0,0,0,0,true,,false,false,false,false,false,,,,,,false,true,true,,,false,false,false,false,false,-83.14962,42.37595,"{
  ""coordinates"": [
    -8.314961820400001e+01,
    4.237595530200010e+01
  ],
  ""type"": ""Point""
}","{
  ""coordinates"": [
    -83.149618204,
    42.375955302
  ],
  ""type"": ""Point""
}",-83.149618204,42.3759553020001
5607,1176452,GRAND,PETOSKEY,2017-10-12,12,10,2017,16,5,2,9,,,2,,2,1,1,25,2,2,1,4,0,0,0,1,false,,false,false,false,false,false,,,,,,false,false,false,,,false,false,false,false,false,-83.13678,42.38953,"{
  ""coordinates"": [
    -8.313678024799999e+01,
    4.238953239600000e+01
  ],
  ""type"": ""Point""
}","{
  ""coordinates"": [
    -83.136780248,
    42.389532396
  ],
  ""type"": ""Point""
}",-83.136780248,42.389532396
5608,1158568,I-94,24TH,2017-10-12,12,10,2017,23,5,5,1,,1,0,,1,2,4,55,3,3,3,5,0,0,0,0,true,,false,false,false,false,false,,,,,,false,false,true,,,false,false,false,false,false,-83.10299,42.34901,"{
  ""coordinates"": [
    -8.310298806999999e+01,
    4.234901233200000e+01
  ],
  ""type"": ""Point""
}","{
  ""coordinates"": [
    -83.10298807,
    42.349012332
  ],
  ""type"": ""Point""
}",-83.10298807,42.349012332
5609,1158573,E I 96,SCHOOLCRAFT,2017-10-12,12,10,2017,17,5,1,1,,1,1,,2,2,1,55,2,1,1,3,0,0,1,0,false,,false,false,false,false,false,,,,,,false,false,false,,,false,false,false,false,false,-83.24158,42.38425,"{
  ""coordinates"": [
    -8.324158802900000e+01,
    4.238425473700000e+01
  ],
  ""type"": ""Point""
}","{
  ""coordinates"": [
    -83.241588029,
    42.384254737
  ],
  ""type"": ""Point""
}",-83.241588029,42.384254737
5610,1158600,DAVIDSON,12 TH,2017-10-12,12,10,2017,11,5,8,3,,1,0,,2,2,1,35,3,2,1,5,0,0,0,0,true,,false,false,true,false,false,,,,,,false,false,false,,,false,false,false,false,false,-83.11311,42.39632,"{
  ""coordinates"": [
    -8.311311604399999e+01,
    4.239632379800000e+01
  ],
  ""type"": ""Point""
}","{
  ""coordinates"": [
    -83.113116044,
    42.396323798
  ],
  ""type"": ""Point""
}",-83.113116044,42.396323798
5611,1158609,CONNER,MACK,2017-10-12,12,10,2017,6,5,5,9,,4,0,,2,4,1,0,8,2,3,5,0,0,0,0,true,,false,false,false,false,false,,,,,,false,false,true,,,false,false,false,false,false,-82.96776,42.38359,"{
  ""coordinates"": [
    -8.296776145099990e+01,
    4.238358549800010e+01
  ],
  ""type"": ""Point""
}","{
  ""coordinates"": [
    -82.967761451,
    42.383585498
  ],
  ""type"": ""Point""
}",-82.9677614509999,42.3835854980001
5612,1161408,FORT,WOODWARD,2017-10-12,12,10,2017,16,5,5,9,,4,0,,2,2,1,25,2,2,2,5,0,0,0,0,true,,false,false,false,false,false,,,,,,false,false,false,,,false,false,false,false,false,-83.04699,42.33119,"{
  ""coordinates"": [
    -8.304699228600001e+01,
    4.233119229300010e+01
  ],
  ""type"": ""Point""
}","{
  ""coordinates"": [
    -83.046992286,
    42.331192293
  ],
  ""type"": ""Point""
}",-83.046992286,42.3311922930001
5613,1158560,I-75,DAVISON,2017-10-12,12,10,2017,17,5,5,1,,1,0,,2,4,1,70,4,2,2,5,0,0,0,0,true,,false,false,false,false,false,,,,,,false,false,false,,,false,false,false,false,false,-83.0799,42.40946,"{
  ""coordinates"": [
    -8.307990322099990e+01,
    4.240946090200000e+01
  ],
  ""type"": ""Point""
}","{
  ""coordinates"": [
    -83.079903221,
    42.409460902
  ],
  ""type"": ""Point""
}",-83.0799032209999,42.409460902
5614,1158660,WYOMING,NORFOLK,2017-10-12,12,10,2017,8,5,4,9,,4,0,,2,4,1,30,2,2,2,5,0,0,0,0,true,,false,false,false,false,false,,,,,,false,false,false,,,false,false,false,false,false,-83.16139,42.44283,"{
  ""coordinates"": [
    -8.316138980300001e+01,
    4.244282844500000e+01
  ],
  ""type"": ""Point""
}","{
  ""coordinates"": [
    -83.161389803,
    42.442828445
  ],
  ""type"": ""Point""
}",-83.161389803,42.442828445
5615,1158588,I-75,DEARBORN,2017-10-12,12,10,2017,9,5,5,1,,1,0,,2,4,1,55,3,3,3,5,0,0,0,0,true,,false,false,false,false,false,,,,,,false,false,false,,,false,false,false,false,false,-83.12766,42.29326,"{
  ""coordinates"": [
    -8.312765694900000e+01,
    4.229326040700000e+01
  ],
  ""type"": ""Point""
}","{
  ""coordinates"": [
    -83.127656949,
    42.293260407
  ],
  ""type"": ""Point""
}",-83.127656949,42.293260407
5616,1158572,S M 10,RAMP 122A,2017-10-12,12,10,2017,16,5,5,3,,1,0,,1,1,1,55,3,2,3,5,0,0,0,0,true,,false,false,false,false,false,,,,,,false,false,false,,,false,false,false,false,false,-83.06579,42.3379,"{
  ""coordinates"": [
    -8.306578831199990e+01,
    4.233790016400010e+01
  ],
  ""type"": ""Point""
}","{
  ""coordinates"": [
    -83.065788312,
    42.337900164
  ],
  ""type"": ""Point""
}",-83.0657883119999,42.3379001640001
5617,1158633,8 MILE,ANVIL,2017-10-12,12,10,2017,16,5,4,3,,1,0,,1,1,1,40,3,2,2,4,0,0,0,1,false,,false,false,false,false,false,,,,,,false,false,true,,,false,false,false,false,false,-82.97827,42.44947,"{
  ""coordinates"": [
    -8.297827326700001e+01,
    4.244947254100000e+01
  ],
  ""type"": ""Point""
}","{
  ""coordinates"": [
    -82.978273267,
    42.449472541
  ],
  ""type"": ""Point""
}",-82.978273267,42.449472541
5618,1158566,I 96,PACIFIC,2017-10-12,12,10,2017,18,5,1,1,,1,0,,1,2,1,70,4,1,1,5,0,0,0,0,true,,false,false,false,false,false,,,,,,false,false,false,,,false,false,false,false,false,-83.116,42.3586,"{
  ""coordinates"": [
    -8.311600702500000e+01,
    4.235860203100000e+01
  ],
  ""type"": ""Point""
}","{
  ""coordinates"": [
    -83.116007025,
    42.358602031
  ],
  ""type"": ""Point""
}",-83.116007025,42.358602031
5619,1159912,8 MILE,SAN JUAN,2017-10-12,12,10,2017,17,5,6,3,,1,0,,2,4,2,40,2,2,2,5,0,0,0,0,true,,false,false,true,false,false,,,,,,false,false,false,,,false,false,false,false,false,-83.1471,42.44598,"{
  ""coordinates"": [
    -8.314709959000000e+01,
    4.244597797900010e+01
  ],
  ""type"": ""Point""
}","{
  ""coordinates"": [
    -83.14709959,
    42.445977979
  ],
  ""type"": ""Point""
}",-83.14709959,42.4459779790001
5620,1158594,SCHAEFER,TYLER,2017-10-12,12,10,2017,8,5,8,1,,4,0,,2,4,2,35,5,2,2,5,0,0,0,0,true,,false,false,false,false,false,,,,,,false,false,false,,,false,false,false,false,false,-83.17839,42.38415,"{
  ""coordinates"": [
    -8.317839121199999e+01,
    4.238415124900010e+01
  ],
  ""type"": ""Point""
}","{
  ""coordinates"": [
    -83.178391212,
    42.384151249
  ],
  ""type"": ""Point""
}",-83.178391212,42.3841512490001
5621,1159899,HAYES,EASTWOOD,2017-10-12,12,10,2017,2,5,97,9,,4,0,,2,1,1,35,4,2,2,5,0,0,0,0,true,,false,false,true,false,false,,,,,,false,false,false,,,false,false,false,false,false,-82.96544,42.4333,"{
  ""coordinates"": [
    -8.296543557699989e+01,
    4.243330436300000e+01
  ],
  ""type"": ""Point""
}","{
  ""coordinates"": [
    -82.965435577,
    42.433304363
  ],
  ""type"": ""Point""
}",-82.9654355769999,42.433304363
5622,1158612,WARREN,ST MARYS,2017-10-12,12,10,2017,9,5,5,9,,2,0,,2,4,1,45,4,2,2,5,0,0,0,0,true,,false,false,false,false,false,,,,,,false,false,false,,,false,false,false,false,false,-83.20322,42.34358,"{
  ""coordinates"": [
    -8.320322411599990e+01,
    4.234358173400010e+01
  ],
  ""type"": ""Point""
}","{
  ""coordinates"": [
    -83.203224116,
    42.343581734
  ],
  ""type"": ""Point""
}",-83.2032241159999,42.3435817340001
5623,1167020,M-39,MCNICHOLS,2017-10-12,12,10,2017,16,5,5,3,,1,0,,1,1,1,55,3,3,4,5,0,0,0,0,true,,false,false,false,false,false,,,,,,false,false,false,,,false,false,false,false,false,-83.21888,42.41473,"{
  ""coordinates"": [
    -8.321888227700001e+01,
    4.241472519600010e+01
  ],
  ""type"": ""Point""
}","{
  ""coordinates"": [
    -83.218882277,
    42.414725196
  ],
  ""type"": ""Point""
}",-83.218882277,42.4147251960001
5624,1180770,GRATIOT,W I 94,2017-10-12,12,10,2017,8,5,5,3,,1,0,,2,4,1,35,3,2,2,5,0,0,0,0,true,,false,false,false,false,false,,,,,,false,false,false,,,false,false,false,false,false,-83.00629,42.39152,"{
  ""coordinates"": [
    -8.300628956100000e+01,
    4.239151817100000e+01
  ],
  ""type"": ""Point""
}","{
  ""coordinates"": [
    -83.006289561,
    42.391518171
  ],
  ""type"": ""Point""
}",-83.006289561,42.391518171
5625,1158628,EVERGREEN,8 MILE,2017-10-12,12,10,2017,15,5,4,3,,4,0,,1,1,1,0,2,2,2,5,0,0,0,0,true,,false,false,false,false,false,,,,,,false,false,false,,,false,false,false,false,false,-83.23941,42.44387,"{
  ""coordinates"": [
    -8.323940965500000e+01,
    4.244386510300010e+01
  ],
  ""type"": ""Point""
}","{
  ""coordinates"": [
    -83.239409655,
    42.443865103
  ],
  ""type"": ""Point""
}",-83.239409655,42.4438651030001
5626,1158603,WARREN,CONNER,2017-10-12,12,10,2017,14,5,97,9,,4,0,,1,2,1,35,5,2,3,4,0,0,0,1,false,,true,true,true,false,false,,,,,,false,false,false,,,false,false,false,false,false,-82.97602,42.38929,"{
  ""coordinates"": [
    -8.297602402099990e+01,
    4.238929424100010e+01
  ],
  ""type"": ""Point""
}","{
  ""coordinates"": [
    -82.976024021,
    42.389294241
  ],
  ""type"": ""Point""
}",-82.9760240209999,42.3892942410001
5627,1159864,ROSEMONT,CONSTANCE,2017-10-12,12,10,2017,20,5,97,9,,,0,,1,1,4,25,3,2,0,5,0,0,0,0,true,,false,false,true,false,false,,,,,,false,false,false,,,false,false,false,false,false,-83.21876,42.35403,"{
  ""coordinates"": [
    -8.321876058500000e+01,
    4.235402968300010e+01
  ],
  ""type"": ""Point""
}","{
  ""coordinates"": [
    -83.218760585,
    42.354029683
  ],
  ""type"": ""Point""
}",-83.218760585,42.3540296830001
5628,1158652,7 MILE,STRATHMOOR,2017-10-12,12,10,2017,11,5,5,9,,2,0,,2,4,1,0,2,2,2,5,0,0,0,0,true,,false,false,false,false,false,,,,,,false,true,false,,,false,false,false,false,false,-83.18851,42.43077,"{
  ""coordinates"": [
    -8.318851255999989e+01,
    4.243077574400010e+01
  ],
  ""type"": ""Point""
}","{
  ""coordinates"": [
    -83.18851256,
    42.430775744
  ],
  ""type"": ""Point""
}",-83.1885125599999,42.4307757440001
5629,1158571,M-39,FORD,2017-10-12,12,10,2017,17,5,5,3,,1,0,,1,2,1,55,3,2,2,3,0,0,1,0,false,,false,false,false,false,false,,,,,,false,false,false,,,false,false,false,false,false,-83.2159,42.33416,"{
  ""coordinates"": [
    -8.321590253799999e+01,
    4.233416462000010e+01
  ],
  ""type"": ""Point""
}","{
  ""coordinates"": [
    -83.215902538,
    42.33416462
  ],
  ""type"": ""Point""
}",-83.215902538,42.3341646200001
5630,1158630,ASHTON,FARGO,2017-10-12,12,10,2017,13,5,4,9,,,0,,2,2,1,25,2,2,1,5,0,0,0,0,true,,false,false,true,false,false,,,,,,false,false,false,,,false,false,false,false,false,-83.22111,42.4389,"{
  ""coordinates"": [
    -8.322110716899989e+01,
    4.243890225900000e+01
  ],
  ""type"": ""Point""
}","{
  ""coordinates"": [
    -83.221107169,
    42.438902259
  ],
  ""type"": ""Point""
}",-83.2211071689999,42.438902259
5631,1159848,WARREN,CASS,2017-10-12,12,10,2017,15,5,5,9,,4,0,,1,2,1,30,3,2,2,5,0,0,0,0,true,,false,false,false,false,false,,,,,,false,true,false,,,false,false,false,false,false,-83.06628,42.35604,"{
  ""coordinates"": [
    -8.306628162200001e+01,
    4.235604482700010e+01
  ],
  ""type"": ""Point""
}","{
  ""coordinates"": [
    -83.066281622,
    42.356044827
  ],
  ""type"": ""Point""
}",-83.066281622,42.3560448270001
5632,1158607,ALGONQUIN,WAVENY,2017-10-12,12,10,2017,7,5,4,9,,,0,,2,4,2,25,2,2,1,5,0,0,0,0,true,,true,false,true,false,false,,,,,,false,false,false,,,false,false,false,false,false,-82.96693,42.3862,"{
  ""coordinates"": [
    -8.296692296399991e+01,
    4.238620022700010e+01
  ],
  ""type"": ""Point""
}","{
  ""coordinates"": [
    -82.966922964,
    42.386200227
  ],
  ""type"": ""Point""
}",-82.9669229639999,42.3862002270001
5633,1161403,8 MILE,RALSTON,2017-10-12,12,10,2017,8,5,5,3,,1,0,,2,2,1,40,4,2,5,5,0,0,0,0,true,,false,false,false,false,false,,,,,,false,false,false,,,false,false,false,false,false,-83.11673,42.44662,"{
  ""coordinates"": [
    -8.311673075700000e+01,
    4.244661928200000e+01
  ],
  ""type"": ""Point""
}","{
  ""coordinates"": [
    -83.116730757,
    42.446619282
  ],
  ""type"": ""Point""
}",-83.116730757,42.446619282
5634,1158589,I-75,LIVERNOIS,2017-10-12,12,10,2017,9,5,5,1,,1,0,,2,4,1,55,3,2,2,5,0,0,0,0,true,,false,false,false,false,false,,,,,,false,false,false,,,false,false,false,false,false,-83.10459,42.30761,"{
  ""coordinates"": [
    -8.310459101200000e+01,
    4.230761150600010e+01
  ],
  ""type"": ""Point""
}","{
  ""coordinates"": [
    -83.104591012,
    42.307611506
  ],
  ""type"": ""Point""
}",-83.104591012,42.3076115060001
5635,1158658,MCNICHOLS,WARD,2017-10-12,12,10,2017,16,5,8,3,,4,0,,1,2,1,35,2,3,5,4,0,0,0,2,false,,false,false,true,false,false,,,,,,false,false,false,,,false,false,false,false,false,-83.10529,42.41776,"{
  ""coordinates"": [
    -8.310528887899990e+01,
    4.241775583700010e+01
  ],
  ""type"": ""Point""
}","{
  ""coordinates"": [
    -83.105288879,
    42.417755837
  ],
  ""type"": ""Point""
}",-83.1052888789999,42.4177558370001
5636,1158604,MACK,ALTER,2017-10-12,12,10,2017,16,5,10,9,,4,0,,1,2,1,30,5,2,2,5,0,0,0,0,true,,false,false,true,false,false,,,,,,false,false,true,,,false,false,false,false,false,-82.94773,42.3873,"{
  ""coordinates"": [
    -8.294773217200000e+01,
    4.238730066000010e+01
  ],
  ""type"": ""Point""
}","{
  ""coordinates"": [
    -82.947732172,
    42.38730066
  ],
  ""type"": ""Point""
}",-82.947732172,42.3873006600001
5637,1296141,PICKFORD,WISCONSIN,2017-10-12,12,10,2017,17,5,5,9,,,0,,2,4,1,25,2,2,1,5,0,0,0,0,true,,false,false,true,false,false,,,,,,false,false,false,,,false,false,false,false,false,-83.15826,42.42601,"{
  ""coordinates"": [
    -8.315825985700000e+01,
    4.242600682300010e+01
  ],
  ""type"": ""Point""
}","{
  ""coordinates"": [
    -83.158259857,
    42.426006823
  ],
  ""type"": ""Point""
}",-83.158259857,42.4260068230001
5638,1158632,CONNER,MAIDEN,2017-10-12,12,10,2017,9,5,4,9,,4,0,,2,4,1,30,6,2,2,4,0,0,0,1,false,,false,false,false,false,false,,,,,,false,false,false,,,false,false,false,false,false,-82.9921,42.39999,"{
  ""coordinates"": [
    -8.299210599299990e+01,
    4.239998779700010e+01
  ],
  ""type"": ""Point""
}","{
  ""coordinates"": [
    -82.992105993,
    42.399987797
  ],
  ""type"": ""Point""
}",-82.9921059929999,42.3999877970001
5639,1161382,VAN DYKE,VERNOR,2017-10-12,12,10,2017,16,5,4,9,,4,0,,1,2,1,30,4,2,2,5,0,0,0,0,true,,false,false,false,false,false,,,,,,false,false,false,,,false,false,false,false,false,-83.00141,42.36047,"{
  ""coordinates"": [
    -8.300140913699990e+01,
    4.236046646300010e+01
  ],
  ""type"": ""Point""
}","{
  ""coordinates"": [
    -83.001409137,
    42.360466463
  ],
  ""type"": ""Point""
}",-83.0014091369999,42.3604664630001
5640,1164504,CHICAGO,STRATHMOOR,2017-10-12,12,10,2017,16,5,10,9,,4,0,,1,2,1,30,4,2,1,5,0,0,0,0,true,,false,false,false,false,false,,,,,,false,false,false,,,false,false,false,false,false,-83.18591,42.36562,"{
  ""coordinates"": [
    -8.318590915399990e+01,
    4.236562286500000e+01
  ],
  ""type"": ""Point""
}","{
  ""coordinates"": [
    -83.185909154,
    42.365622865
  ],
  ""type"": ""Point""
}",-83.1859091539999,42.365622865
5641,1218042,BEAUBIEN,BEACON,2017-10-12,12,10,2017,12,5,8,9,,,0,,1,1,1,25,1,2,1,5,0,0,0,0,true,,false,false,false,false,false,,,,,,false,false,false,,,false,false,false,false,false,-83.04496,42.33845,"{
  ""coordinates"": [
    -8.304495709299989e+01,
    4.233845283300010e+01
  ],
  ""type"": ""Point""
}","{
  ""coordinates"": [
    -83.044957093,
    42.338452833
  ],
  ""type"": ""Point""
}",-83.0449570929999,42.3384528330001
5642,1158657,8 MILE,RALSTON,2017-10-12,12,10,2017,8,5,8,3,,1,0,,2,2,1,40,4,2,3,5,0,0,0,0,true,,false,false,false,false,false,,,,,,false,true,true,,,false,false,false,false,false,-83.11673,42.44662,"{
  ""coordinates"": [
    -8.311673075700000e+01,
    4.244661928200000e+01
  ],
  ""type"": ""Point""
}","{
  ""coordinates"": [
    -83.116730757,
    42.446619282
  ],
  ""type"": ""Point""
}",-83.116730757,42.446619282
5643,1164562,ANTHONY WAYNE,KIRBY,2017-10-12,12,10,2017,22,5,5,9,,4,0,,2,4,4,25,2,2,3,5,0,0,0,0,true,,false,false,false,false,false,,,,,,false,false,false,,,false,false,false,false,false,-83.07304,42.35795,"{
  ""coordinates"": [
    -8.307303465000000e+01,
    4.235795348200000e+01
  ],
  ""type"": ""Point""
}","{
  ""coordinates"": [
    -83.07303465,
    42.357953482
  ],
  ""type"": ""Point""
}",-83.07303465,42.357953482