ObjectId,Crash ID,Primary Road,Intersecting Road,Crash Date,Day,Month,Year,Hour,Weekday,Crash Type Code,Highway Classification Code,Community Code,Jurisdiction Code,Lane Departure Type Code,Surface Type,Road Condition,Weather Condition,Lighting Condition,Speed Limit,Lanes,Units,Occupants,Most Severe Injury,Fatal Injuries,Suspected Serious Injuries,Suspected Minor Injuries,Possible Injuries,Property Damage Only,Secondary Crash,Traffic Control,Red Light Run,Hit and Run,Alcohol,Drugs,Unbelted Person,Work Zone,Speeding Driver,Distracted Driver,Driveway,Pedestrian,Elderly Driver,Young Driver,Commercial Vehicle,Emergency Vehicles,Train,School Bus,Motorcycle,Bicycle,Deer,Longitude,Latitude,geom,geog,x,y
5815,1157559,OAKWOOD,DIX,2017-10-10,10,10,2017,6,3,5,9,,,0,,1,1,4,35,4,2,2,5,0,0,0,0,true,,false,false,false,false,false,,,,,,false,false,true,,,false,false,false,false,false,-83.15984,42.28608,"{
  ""coordinates"": [
    -8.315984019299999e+01,
    4.228608240800000e+01
  ],
  ""type"": ""Point""
}","{
  ""coordinates"": [
    -83.159840193,
    42.286082408
  ],
  ""type"": ""Point""
}",-83.159840193,42.286082408
5816,1158597,BEAUBIEN,MACK,2017-10-10,10,10,2017,10,3,5,9,,4,0,,1,2,1,30,3,2,4,4,0,0,0,1,false,,false,false,false,false,false,,,,,,false,false,false,,,false,false,false,false,false,-83.05249,42.34977,"{
  ""coordinates"": [
    -8.305248893200000e+01,
    4.234977487100010e+01
  ],
  ""type"": ""Point""
}","{
  ""coordinates"": [
    -83.052488932,
    42.349774871
  ],
  ""type"": ""Point""
}",-83.052488932,42.3497748710001
5817,1156143,FENKELL,PREVOST,2017-10-10,10,10,2017,14,3,98,9,,2,3,,1,1,1,35,2,2,1,5,0,0,0,0,true,,false,false,true,false,false,,,,,,false,false,false,,,false,false,false,false,false,-83.20311,42.40141,"{
  ""coordinates"": [
    -8.320310904999999e+01,
    4.240141200000010e+01
  ],
  ""type"": ""Point""
}","{
  ""coordinates"": [
    -83.20310905,
    42.401412
  ],
  ""type"": ""Point""
}",-83.20310905,42.4014120000001
5818,1156134,SPRINGWELLS,N I 75 SERVICE DRIVE,2017-10-10,10,10,2017,7,3,8,1,,4,0,,1,1,1,25,3,2,2,5,0,0,0,0,true,,false,false,false,false,false,,,,,,false,false,false,,,false,false,false,false,false,-83.11931,42.30082,"{
  ""coordinates"": [
    -8.311930723300000e+01,
    4.230081705900010e+01
  ],
  ""type"": ""Point""
}","{
  ""coordinates"": [
    -83.119307233,
    42.300817059
  ],
  ""type"": ""Point""
}",-83.119307233,42.3008170590001
5819,1156179,EVERGREEN,7 MILE,2017-10-10,10,10,2017,15,3,1,9,,4,0,,1,2,1,30,2,2,3,4,0,0,0,2,false,,false,false,false,false,false,,,,,,false,false,false,,,false,false,false,true,false,-83.23886,42.42949,"{
  ""coordinates"": [
    -8.323885729100000e+01,
    4.242949159600000e+01
  ],
  ""type"": ""Point""
}","{
  ""coordinates"": [
    -83.238857291,
    42.429491596
  ],
  ""type"": ""Point""
}",-83.238857291,42.429491596
5820,1182330,N M 39,RAMP 007B,2017-10-10,10,10,2017,16,3,5,3,,1,0,,1,1,1,55,3,2,2,5,0,0,0,0,true,,false,false,false,false,false,,,,,,false,false,false,,,false,false,false,false,false,-83.21637,42.36003,"{
  ""coordinates"": [
    -8.321636602300001e+01,
    4.236002677800010e+01
  ],
  ""type"": ""Point""
}","{
  ""coordinates"": [
    -83.216366023,
    42.360026778
  ],
  ""type"": ""Point""
}",-83.216366023,42.3600267780001
5821,1156169,8 MILE,TELEGRAPH,2017-10-10,10,10,2017,8,3,5,3,,1,0,,1,2,1,35,4,2,1,5,0,0,0,0,true,,false,false,true,false,false,,,,,,false,false,false,,,false,false,false,false,false,-83.278,42.44275,"{
  ""coordinates"": [
    -8.327800268300000e+01,
    4.244275138600010e+01
  ],
  ""type"": ""Point""
}","{
  ""coordinates"": [
    -83.278002683,
    42.442751386
  ],
  ""type"": ""Point""
}",-83.278002683,42.4427513860001
5822,1156164,OUTER,HERN,2017-10-10,10,10,2017,15,3,4,9,,2,0,,1,1,1,30,2,2,1,5,0,0,0,0,true,,false,false,true,false,false,,,,,,false,false,false,,,false,false,false,false,false,-82.95976,42.4047,"{
  ""coordinates"": [
    -8.295976567500000e+01,
    4.240469987900010e+01
  ],
  ""type"": ""Point""
}","{
  ""coordinates"": [
    -82.959765675,
    42.404699879
  ],
  ""type"": ""Point""
}",-82.959765675,42.4046998790001
5823,1156150,N I 75,GRAND RIVER,2017-10-10,10,10,2017,16,3,5,1,,1,0,,1,1,1,30,4,2,2,5,0,0,0,0,true,,false,false,true,false,false,,,,,,false,false,false,,,false,false,false,false,false,-83.05907,42.33652,"{
  ""coordinates"": [
    -8.305907650400000e+01,
    4.233651881400000e+01
  ],
  ""type"": ""Point""
}","{
  ""coordinates"": [
    -83.059076504,
    42.336518814
  ],
  ""type"": ""Point""
}",-83.059076504,42.336518814
5824,1157552,WATERMAN,ARMY,2017-10-09,9,10,2017,1,2,97,9,,4,3,,2,4,4,35,2,4,1,5,0,0,0,0,true,,false,false,true,true,false,,,,,,false,false,true,,,false,false,false,false,false,-83.11118,42.30842,"{
  ""coordinates"": [
    -8.311118587999989e+01,
    4.230841931300010e+01
  ],
  ""type"": ""Point""
}","{
  ""coordinates"": [
    -83.11118588,
    42.308419313
  ],
  ""type"": ""Point""
}",-83.1111858799999,42.3084193130001
5825,1155301,MAIDEN,PARK,2017-10-09,9,10,2017,22,2,4,9,,,0,,1,1,4,25,2,2,2,1,1,0,0,0,false,,false,false,false,false,false,,,,,,false,true,true,,,false,false,false,false,false,-82.97803,42.40484,"{
  ""coordinates"": [
    -8.297802870399990e+01,
    4.240483981700000e+01
  ],
  ""type"": ""Point""
}","{
  ""coordinates"": [
    -82.978028704,
    42.404839817
  ],
  ""type"": ""Point""
}",-82.9780287039999,42.404839817
5826,1158662,SEVEN MILE,WHITCOMB,2017-10-09,9,10,2017,17,2,4,9,,2,0,,1,1,1,35,4,2,5,5,0,0,0,0,true,,false,false,false,false,false,,,,,,false,false,false,,,false,false,false,false,false,-83.19742,42.43049,"{
  ""coordinates"": [
    -8.319741857900000e+01,
    4.243048782300010e+01
  ],
  ""type"": ""Point""
}","{
  ""coordinates"": [
    -83.197418579,
    42.430487823
  ],
  ""type"": ""Point""
}",-83.197418579,42.4304878230001
5827,1163476,E I 94,ADDISON,2017-10-09,9,10,2017,16,2,1,1,,1,1,,1,1,1,55,3,1,1,5,0,0,0,0,true,,false,false,false,false,false,,,,,,false,false,false,,,false,false,false,false,false,-83.15121,42.32999,"{
  ""coordinates"": [
    -8.315120400000001e+01,
    4.232999473100010e+01
  ],
  ""type"": ""Point""
}","{
  ""coordinates"": [
    -83.151204,
    42.329994731
  ],
  ""type"": ""Point""
}",-83.151204,42.3299947310001
5828,1155282,N M 39,WARREN,2017-10-09,9,10,2017,16,2,5,3,,1,0,,1,1,1,55,3,2,1,5,0,0,0,0,true,,false,false,true,false,false,,,,,,false,false,false,,,false,false,false,false,false,-83.21609,42.34475,"{
  ""coordinates"": [
    -8.321609008800000e+01,
    4.234475495800010e+01
  ],
  ""type"": ""Point""
}","{
  ""coordinates"": [
    -83.216090088,
    42.344754958
  ],
  ""type"": ""Point""
}",-83.216090088,42.3447549580001
5829,1157521,I-96,MARTIN LUTHER KING,2017-10-09,9,10,2017,3,2,1,1,,1,0,,2,4,4,70,4,1,1,5,0,0,0,0,true,,false,false,false,false,false,,,,,,false,false,true,,,false,false,false,false,false,-83.09072,42.33655,"{
  ""coordinates"": [
    -8.309071937800000e+01,
    4.233655278000000e+01
  ],
  ""type"": ""Point""
}","{
  ""coordinates"": [
    -83.090719378,
    42.33655278
  ],
  ""type"": ""Point""
}",-83.090719378,42.33655278
5830,1171927,WARREN,ANTHONY WAYNE,2017-10-09,9,10,2017,17,2,5,9,,4,0,,1,1,1,30,3,2,2,5,0,0,0,0,true,,false,false,false,false,false,,,,,,false,false,true,,,false,false,false,false,false,-83.07114,42.35448,"{
  ""coordinates"": [
    -8.307114454500000e+01,
    4.235448036900000e+01
  ],
  ""type"": ""Point""
}","{
  ""coordinates"": [
    -83.071144545,
    42.354480369
  ],
  ""type"": ""Point""
}",-83.071144545,42.354480369
5831,1159863,SCHOOLCRAFT,MINOCK,2017-10-09,9,10,2017,5,2,8,9,,2,0,,1,2,4,30,6,2,3,5,0,0,0,0,true,,false,false,false,false,false,,,,,,false,false,false,,,false,false,false,false,false,-83.23324,42.38634,"{
  ""coordinates"": [
    -8.323323657700000e+01,
    4.238633895300010e+01
  ],
  ""type"": ""Point""
}","{
  ""coordinates"": [
    -83.233236577,
    42.386338953
  ],
  ""type"": ""Point""
}",-83.233236577,42.3863389530001
5832,1155288,KNODELL,GRATIOT,2017-10-09,9,10,2017,11,2,1,3,,,0,,1,1,1,35,7,1,1,5,0,0,0,0,true,,false,false,false,false,false,,,,,,false,false,true,,,false,false,false,false,false,-83.00124,42.39901,"{
  ""coordinates"": [
    -8.300123311599999e+01,
    4.239901468000010e+01
  ],
  ""type"": ""Point""
}","{
  ""coordinates"": [
    -83.001233116,
    42.39901468
  ],
  ""type"": ""Point""
}",-83.001233116,42.3990146800001
5833,1155307,OUTER,VANDYKE,2017-10-09,9,10,2017,7,2,5,3,,2,0,,2,1,1,35,2,2,1,5,0,0,0,0,true,,false,false,true,false,false,,,,,,false,true,false,,,false,false,false,false,false,-83.02422,42.44115,"{
  ""coordinates"": [
    -8.302421446200000e+01,
    4.244115400900010e+01
  ],
  ""type"": ""Point""
}","{
  ""coordinates"": [
    -83.024214462,
    42.441154009
  ],
  ""type"": ""Point""
}",-83.024214462,42.4411540090001
5834,1155246,CASS,S I 75,2017-10-09,9,10,2017,14,2,4,9,,4,0,,1,1,1,25,5,2,2,4,0,0,0,1,false,,true,true,false,false,false,,,,,,false,false,false,,,false,false,false,false,false,-83.05659,42.33831,"{
  ""coordinates"": [
    -8.305658438800000e+01,
    4.233831330900010e+01
  ],
  ""type"": ""Point""
}","{
  ""coordinates"": [
    -83.056584388,
    42.338313309
  ],
  ""type"": ""Point""
}",-83.056584388,42.3383133090001
5835,1155265,MICHIGAN,LONYO,2017-10-09,9,10,2017,18,2,97,2,,1,0,,1,1,1,35,4,3,4,3,0,0,1,0,false,,true,true,false,false,false,,,,,,false,true,false,,,false,false,false,false,false,-83.14445,42.33046,"{
  ""coordinates"": [
    -8.314444399099990e+01,
    4.233045616800010e+01
  ],
  ""type"": ""Point""
}","{
  ""coordinates"": [
    -83.144443991,
    42.330456168
  ],
  ""type"": ""Point""
}",-83.1444439909999,42.3304561680001
5836,1155269,WARREN,FIELDING,2017-10-09,9,10,2017,19,2,5,9,,2,0,,1,1,1,35,4,2,3,4,0,0,0,1,false,,false,false,false,false,false,,,,,,false,false,false,,,false,false,false,false,false,-83.24036,42.34305,"{
  ""coordinates"": [
    -8.324035754300000e+01,
    4.234304675300010e+01
  ],
  ""type"": ""Point""
}","{
  ""coordinates"": [
    -83.240357543,
    42.343046753
  ],
  ""type"": ""Point""
}",-83.240357543,42.3430467530001
5837,1156168,BURT,CAPITOL,2017-10-09,9,10,2017,15,2,8,9,,4,0,,1,1,1,35,2,2,1,5,0,0,0,0,true,,false,false,true,false,false,,,,,,false,false,false,,,false,false,false,false,false,-83.24634,42.37645,"{
  ""coordinates"": [
    -8.324634029399991e+01,
    4.237644512000000e+01
  ],
  ""type"": ""Point""
}","{
  ""coordinates"": [
    -83.246340294,
    42.37644512
  ],
  ""type"": ""Point""
}",-83.2463402939999,42.37644512
5838,1157446,S I 75,RAMP 045C,2017-10-09,9,10,2017,20,2,8,1,,1,0,,1,1,1,70,2,2,3,5,0,0,0,0,true,,false,false,false,false,false,,,,,,false,false,true,,,false,false,false,false,false,-83.06422,42.38028,"{
  ""coordinates"": [
    -8.306422184000000e+01,
    4.238028335000010e+01
  ],
  ""type"": ""Point""
}","{
  ""coordinates"": [
    -83.06422184,
    42.38028335
  ],
  ""type"": ""Point""
}",-83.06422184,42.3802833500001
5839,1155324,WARREN,TRUMBULL,2017-10-09,9,10,2017,18,2,8,9,,4,0,,1,1,1,30,3,2,2,5,0,0,0,0,true,,false,false,false,false,false,,,,,,false,false,true,,,false,false,false,false,false,-83.07872,42.3521,"{
  ""coordinates"": [
    -8.307872376300000e+01,
    4.235210059000010e+01
  ],
  ""type"": ""Point""
}","{
  ""coordinates"": [
    -83.078723763,
    42.35210059
  ],
  ""type"": ""Point""
}",-83.078723763,42.3521005900001
5840,1155298,SCHOENHERR,7 MILE,2017-10-09,9,10,2017,19,2,4,9,,4,0,,1,1,4,35,2,2,3,5,0,0,0,0,true,,false,false,false,false,false,,,,,,false,false,true,,,false,false,false,false,false,-82.98512,42.43493,"{
  ""coordinates"": [
    -8.298512014900000e+01,
    4.243492382800010e+01
  ],
  ""type"": ""Point""
}","{
  ""coordinates"": [
    -82.985120149,
    42.434923828
  ],
  ""type"": ""Point""
}",-82.985120149,42.4349238280001
5841,1164523,N M 39,8 MILE,2017-10-09,9,10,2017,12,2,5,3,,1,0,,2,1,1,35,3,2,2,4,0,0,0,2,false,,false,false,true,false,false,,,,,,false,false,false,,,false,false,false,false,false,-83.21963,42.44411,"{
  ""coordinates"": [
    -8.321962475299991e+01,
    4.244411050900000e+01
  ],
  ""type"": ""Point""
}","{
  ""coordinates"": [
    -83.219624753,
    42.444110509
  ],
  ""type"": ""Point""
}",-83.2196247529999,42.444110509
5842,1162381,ERWIN,MARCUS,2017-10-09,9,10,2017,17,2,97,9,,,0,,1,1,1,25,1,2,2,5,0,0,0,0,true,,false,false,true,false,false,,,,,,false,false,false,,,false,false,false,false,false,-83.01746,42.396,"{
  ""coordinates"": [
    -8.301745809200000e+01,
    4.239599455600010e+01
  ],
  ""type"": ""Point""
}","{
  ""coordinates"": [
    -83.017458092,
    42.395994556
  ],
  ""type"": ""Point""
}",-83.017458092,42.3959945560001
5843,1155256,GRAND,WOODWARD,2017-10-09,9,10,2017,13,2,8,3,,4,0,,1,1,1,30,4,2,2,5,0,0,0,0,true,,false,false,false,false,false,,,,,,false,true,false,,,false,false,false,false,false,-83.0733,42.37039,"{
  ""coordinates"": [
    -8.307329472899990e+01,
    4.237039003300000e+01
  ],
  ""type"": ""Point""
}","{
  ""coordinates"": [
    -83.073294729,
    42.370390033
  ],
  ""type"": ""Point""
}",-83.0732947289999,42.370390033
5844,1155290,GRAND RIVER,LONGACRE,2017-10-09,9,10,2017,16,2,5,3,,1,0,,1,1,1,35,5,2,2,5,0,0,0,0,true,,false,false,false,false,false,,,,,,false,false,true,,,false,false,false,false,false,-83.21523,42.39947,"{
  ""coordinates"": [
    -8.321522363600000e+01,
    4.239947152200010e+01
  ],
  ""type"": ""Point""
}","{
  ""coordinates"": [
    -83.215223636,
    42.399471522
  ],
  ""type"": ""Point""
}",-83.215223636,42.3994715220001
5845,1156183,ALLENDALE,BEECHWOOD,2017-10-09,9,10,2017,3,2,5,9,,,0,,2,4,4,25,1,2,1,4,0,0,0,1,false,,false,false,false,false,false,,,,,,false,false,false,,,false,false,false,false,false,-83.12084,42.35564,"{
  ""coordinates"": [
    -8.312083862400000e+01,
    4.235564088700000e+01
  ],
  ""type"": ""Point""
}","{
  ""coordinates"": [
    -83.120838624,
    42.355640887
  ],
  ""type"": ""Point""
}",-83.120838624,42.355640887
5846,1157464,I-75,CLAY,2017-10-09,9,10,2017,7,2,5,1,,1,0,,2,2,4,70,4,2,2,5,0,0,0,0,true,,false,false,false,false,false,,,,,,false,false,true,,,false,false,false,false,false,-83.06203,42.37707,"{
  ""coordinates"": [
    -8.306202689500000e+01,
    4.237706585600010e+01
  ],
  ""type"": ""Point""
}","{
  ""coordinates"": [
    -83.062026895,
    42.377065856
  ],
  ""type"": ""Point""
}",-83.062026895,42.3770658560001
5847,1163450,I-94,LINWOOD,2017-10-09,9,10,2017,23,2,8,1,,1,0,,1,1,4,55,1,2,2,5,0,0,0,0,true,,false,false,false,false,false,,,,,,false,false,false,,,false,false,false,false,false,-83.09337,42.3519,"{
  ""coordinates"": [
    -8.309336969899989e+01,
    4.235190383600010e+01
  ],
  ""type"": ""Point""
}","{
  ""coordinates"": [
    -83.093369699,
    42.351903836
  ],
  ""type"": ""Point""
}",-83.0933696989999,42.3519038360001
5848,1155299,EDMORE,SCHOENHERR,2017-10-09,9,10,2017,17,2,2,9,,,2,,1,1,1,30,4,2,2,5,0,0,0,0,true,,false,false,false,false,false,,,,,,false,false,true,,,false,false,false,false,false,-82.98519,42.44674,"{
  ""coordinates"": [
    -8.298519270199991e+01,
    4.244674260200000e+01
  ],
  ""type"": ""Point""
}","{
  ""coordinates"": [
    -82.985192702,
    42.446742602
  ],
  ""type"": ""Point""
}",-82.9851927019999,42.446742602
5849,1158663,WOODWARD,BRENTWOOD,2017-10-09,9,10,2017,14,2,97,3,,1,0,,1,1,1,35,4,2,1,4,0,0,0,1,false,,false,false,false,false,false,,,,,,true,false,true,,,false,false,false,false,false,-83.11456,42.43149,"{
  ""coordinates"": [
    -8.311456205099999e+01,
    4.243149114000000e+01
  ],
  ""type"": ""Point""
}","{
  ""coordinates"": [
    -83.114562051,
    42.43149114
  ],
  ""type"": ""Point""
}",-83.114562051,42.43149114
5850,1155279,GREENFIELD,I96,2017-10-09,9,10,2017,16,2,4,9,,2,0,,1,1,1,35,5,2,3,4,0,0,0,1,false,,false,false,false,false,false,,,,,,false,false,false,,,false,false,false,false,false,-83.19804,42.37909,"{
  ""coordinates"": [
    -8.319803811900000e+01,
    4.237908604400010e+01
  ],
  ""type"": ""Point""
}","{
  ""coordinates"": [
    -83.198038119,
    42.379086044
  ],
  ""type"": ""Point""
}",-83.198038119,42.3790860440001
5851,1156161,SAINT CLAIR,WARREN,2017-10-09,9,10,2017,11,2,10,9,,,0,,1,1,1,25,1,2,2,5,0,0,0,0,true,,false,false,false,false,false,,,,,,false,true,false,,,false,false,false,false,false,-82.99413,42.38632,"{
  ""coordinates"": [
    -8.299413525400000e+01,
    4.238631964200000e+01
  ],
  ""type"": ""Point""
}","{
  ""coordinates"": [
    -82.994135254,
    42.386319642
  ],
  ""type"": ""Point""
}",-82.994135254,42.386319642
5852,1155273,OUTER,ACACIA,2017-10-09,9,10,2017,19,2,4,9,,2,0,,1,1,1,35,4,2,1,5,0,0,0,0,true,,false,false,true,false,false,,,,,,false,false,false,,,false,false,false,false,false,-83.25633,42.3907,"{
  ""coordinates"": [
    -8.325633469699990e+01,
    4.239069931300000e+01
  ],
  ""type"": ""Point""
}","{
  ""coordinates"": [
    -83.256334697,
    42.390699313
  ],
  ""type"": ""Point""
}",-83.2563346969999,42.390699313
5853,1158617,GRANDRIVER,GREENFIELD,2017-10-09,9,10,2017,19,2,5,3,,1,0,,1,1,3,35,3,2,2,5,0,0,0,0,true,,false,false,true,false,false,,,,,,false,false,true,,,false,false,false,false,false,-83.19833,42.39265,"{
  ""coordinates"": [
    -8.319832625399989e+01,
    4.239264901400000e+01
  ],
  ""type"": ""Point""
}","{
  ""coordinates"": [
    -83.198326254,
    42.392649014
  ],
  ""type"": ""Point""
}",-83.1983262539999,42.392649014
5854,1157439,M-39,WARREN,2017-10-09,9,10,2017,16,2,5,3,,1,0,,1,1,1,55,3,3,2,4,0,0,0,2,false,,false,false,true,false,false,,,,,,false,false,true,,,false,false,false,false,false,-83.21603,42.34296,"{
  ""coordinates"": [
    -8.321602703500000e+01,
    4.234296265300000e+01
  ],
  ""type"": ""Point""
}","{
  ""coordinates"": [
    -83.216027035,
    42.342962653
  ],
  ""type"": ""Point""
}",-83.216027035,42.342962653
5855,1156145,N M 10 SERVICE DRIVE,PALLISTER,2017-10-09,9,10,2017,17,2,8,9,,4,0,,1,1,1,30,2,2,1,5,0,0,0,0,true,,false,false,true,false,false,,,,,,false,false,false,,,false,false,false,false,false,-83.08343,42.37032,"{
  ""coordinates"": [
    -8.308342932799999e+01,
    4.237032490000010e+01
  ],
  ""type"": ""Point""
}","{
  ""coordinates"": [
    -83.083429328,
    42.3703249
  ],
  ""type"": ""Point""
}",-83.083429328,42.3703249000001
5856,1155293,7 MILE,TRINITY,2017-10-09,9,10,2017,8,2,3,9,,2,0,,1,1,1,0,4,3,19,3,0,0,1,1,false,,false,false,false,false,false,,,,,,false,false,true,,,false,false,false,false,false,-83.2501,42.42931,"{
  ""coordinates"": [
    -8.325009615099999e+01,
    4.242930960500010e+01
  ],
  ""type"": ""Point""
}","{
  ""coordinates"": [
    -83.250096151,
    42.429309605
  ],
  ""type"": ""Point""
}",-83.250096151,42.4293096050001
5857,1155297,MACK,N I 75,2017-10-09,9,10,2017,14,2,4,9,,4,0,,1,1,1,0,6,2,2,4,0,0,0,1,false,,false,false,false,false,false,,,,,,false,true,false,,,false,false,false,false,false,-83.04766,42.35128,"{
  ""coordinates"": [
    -8.304765949700000e+01,
    4.235128112300000e+01
  ],
  ""type"": ""Point""
}","{
  ""coordinates"": [
    -83.047659497,
    42.351281123
  ],
  ""type"": ""Point""
}",-83.047659497,42.351281123
5858,1157447,I-75,RAMP 2161 9TO I-940,2017-10-09,9,10,2017,21,2,8,1,,1,0,,1,1,4,70,2,2,1,5,0,0,0,0,true,,false,false,true,false,false,,,,,,false,false,false,,,false,false,false,false,false,-83.05494,42.3615,"{
  ""coordinates"": [
    -8.305493716300001e+01,
    4.236149433600010e+01
  ],
  ""type"": ""Point""
}","{
  ""coordinates"": [
    -83.054937163,
    42.361494336
  ],
  ""type"": ""Point""
}",-83.054937163,42.3614943360001
5859,1156162,CHALMERS,AVONDALE,2017-10-09,9,10,2017,12,2,8,9,,,0,,1,1,1,25,2,2,1,5,0,0,0,0,true,,false,false,true,false,false,,,,,,false,true,false,,,false,false,false,false,false,-82.93911,42.36457,"{
  ""coordinates"": [
    -8.293910720199990e+01,
    4.236457224300010e+01
  ],
  ""type"": ""Point""
}","{
  ""coordinates"": [
    -82.939107202,
    42.364572243
  ],
  ""type"": ""Point""
}",-82.9391072019999,42.3645722430001
5860,1155305,OUTER,CARRIE,2017-10-09,9,10,2017,2,2,5,9,,2,0,,2,4,4,30,2,2,1,3,0,0,1,0,false,,false,false,false,false,false,,,,,,false,false,false,,,false,false,false,false,false,-83.03135,42.4412,"{
  ""coordinates"": [
    -8.303134879500000e+01,
    4.244119536300010e+01
  ],
  ""type"": ""Point""
}","{
  ""coordinates"": [
    -83.031348795,
    42.441195363
  ],
  ""type"": ""Point""
}",-83.031348795,42.4411953630001
5861,1155255,JOHN C LODGE SERVICE,MILWAUKEE,2017-10-09,9,10,2017,11,2,4,3,,1,0,,1,1,1,30,2,2,3,5,0,0,0,0,true,,true,true,false,false,false,,,,,,false,false,false,,,false,false,false,false,false,-83.08089,42.36599,"{
  ""coordinates"": [
    -8.308089192300000e+01,
    4.236598843800000e+01
  ],
  ""type"": ""Point""
}","{
  ""coordinates"": [
    -83.080891923,
    42.365988438
  ],
  ""type"": ""Point""
}",-83.080891923,42.365988438
5862,1163420,M-10,HAMILTON,2017-10-09,9,10,2017,1,2,8,3,,1,0,,2,4,4,55,3,2,3,5,0,0,0,0,true,,false,false,true,true,false,,,,,,false,true,false,,,false,false,false,false,false,-83.09409,42.38225,"{
  ""coordinates"": [
    -8.309408540800000e+01,
    4.238224919600000e+01
  ],
  ""type"": ""Point""
}","{
  ""coordinates"": [
    -83.094085408,
    42.382249196
  ],
  ""type"": ""Point""
}",-83.094085408,42.382249196
5863,1157520,I-96,MARTIN LUTHER KIND,2017-10-09,9,10,2017,2,2,1,1,,1,1,,2,4,4,70,4,1,1,5,0,0,0,0,true,,false,false,false,false,false,,,,,,false,false,false,,,false,false,false,false,false,-83.09072,42.33655,"{
  ""coordinates"": [
    -8.309071937800000e+01,
    4.233655278000000e+01
  ],
  ""type"": ""Point""
}","{
  ""coordinates"": [
    -83.090719378,
    42.33655278
  ],
  ""type"": ""Point""
}",-83.090719378,42.33655278
5864,1157438,I-75,MILWAUKEE,2017-10-09,9,10,2017,15,2,8,1,,1,0,,1,1,1,55,4,2,4,4,0,0,0,2,false,,false,false,false,false,false,,,,,,false,false,false,,,false,false,false,false,false,-83.05959,42.37344,"{
  ""coordinates"": [
    -8.305958994100000e+01,
    4.237344408200000e+01
  ],
  ""type"": ""Point""
}","{
  ""coordinates"": [
    -83.059589941,
    42.373444082
  ],
  ""type"": ""Point""
}",-83.059589941,42.373444082
5865,1172924,CHALMERS,AVONDALE,2017-10-09,9,10,2017,11,2,1,9,,,0,,1,1,1,25,1,1,1,5,0,0,0,0,true,,false,false,true,false,false,,,,,,false,true,false,,,false,false,false,false,false,-82.93968,42.36544,"{
  ""coordinates"": [
    -8.293968067199999e+01,
    4.236544597900010e+01
  ],
  ""type"": ""Point""
}","{
  ""coordinates"": [
    -82.939680672,
    42.365445979
  ],
  ""type"": ""Point""
}",-82.939680672,42.3654459790001
5866,1154388,N M 10,RAMP 215D,2017-10-09,9,10,2017,0,2,5,3,,1,0,,2,4,4,55,3,3,3,4,0,0,0,2,false,,false,false,false,false,false,,,,,,false,false,true,,,false,false,false,false,false,-83.07529,42.35781,"{
  ""coordinates"": [
    -8.307528441300001e+01,
    4.235780912600010e+01
  ],
  ""type"": ""Point""
}","{
  ""coordinates"": [
    -83.075284413,
    42.357809126
  ],
  ""type"": ""Point""
}",-83.075284413,42.3578091260001
5867,1157496,W I 94,RAMP 216I,2017-10-09,9,10,2017,6,2,5,1,,1,0,,1,1,4,55,1,2,1,5,0,0,0,0,true,,false,false,true,false,false,,,,,,false,false,false,,,false,false,false,false,false,-83.06227,42.36666,"{
  ""coordinates"": [
    -8.306226753100000e+01,
    4.236665698800000e+01
  ],
  ""type"": ""Point""
}","{
  ""coordinates"": [
    -83.062267531,
    42.366656988
  ],
  ""type"": ""Point""
}",-83.062267531,42.366656988
5868,1157550,MASON,ELSMERE,2017-10-09,9,10,2017,16,2,4,9,,,0,,1,1,1,25,2,2,2,5,0,0,0,0,true,,false,false,false,false,false,,,,,,false,true,false,,,false,false,false,false,false,-83.13425,42.30468,"{
  ""coordinates"": [
    -8.313424626699999e+01,
    4.230468306000010e+01
  ],
  ""type"": ""Point""
}","{
  ""coordinates"": [
    -83.134246267,
    42.30468306
  ],
  ""type"": ""Point""
}",-83.134246267,42.3046830600001
5869,1156181,NORTHFIELD,DAILEY,2017-10-09,9,10,2017,8,2,9,9,,,0,,1,1,1,0,2,2,2,5,0,0,0,0,true,,false,false,true,false,false,,,,,,false,false,false,,,false,false,false,false,false,-83.1328,42.36197,"{
  ""coordinates"": [
    -8.313279690300000e+01,
    4.236196556800010e+01
  ],
  ""type"": ""Point""
}","{
  ""coordinates"": [
    -83.132796903,
    42.361965568
  ],
  ""type"": ""Point""
}",-83.132796903,42.3619655680001
5870,1157498,M-39,CATHEDRAL,2017-10-09,9,10,2017,7,2,5,9,,4,0,,1,1,1,55,3,4,6,5,0,0,0,0,true,,false,false,false,false,false,,,,,,false,false,true,,,false,false,false,false,false,-83.21688,42.3629,"{
  ""coordinates"": [
    -8.321688323399999e+01,
    4.236290511900010e+01
  ],
  ""type"": ""Point""
}","{
  ""coordinates"": [
    -83.216883234,
    42.362905119
  ],
  ""type"": ""Point""
}",-83.216883234,42.3629051190001
5871,1155296,7MILE,SOUTHFIELD,2017-10-09,9,10,2017,13,2,97,9,,2,0,,1,1,1,35,4,4,5,5,0,0,0,0,true,,false,false,false,false,false,,,,,,false,false,false,,,false,false,false,false,false,-83.21889,42.43003,"{
  ""coordinates"": [
    -8.321888879600000e+01,
    4.243003393300010e+01
  ],
  ""type"": ""Point""
}","{
  ""coordinates"": [
    -83.218888796,
    42.430033933
  ],
  ""type"": ""Point""
}",-83.218888796,42.4300339330001