ObjectId,Crash ID,Primary Road,Intersecting Road,Crash Date,Day,Month,Year,Hour,Weekday,Crash Type Code,Highway Classification Code,Community Code,Jurisdiction Code,Lane Departure Type Code,Surface Type,Road Condition,Weather Condition,Lighting Condition,Speed Limit,Lanes,Units,Occupants,Most Severe Injury,Fatal Injuries,Suspected Serious Injuries,Suspected Minor Injuries,Possible Injuries,Property Damage Only,Secondary Crash,Traffic Control,Red Light Run,Hit and Run,Alcohol,Drugs,Unbelted Person,Work Zone,Speeding Driver,Distracted Driver,Driveway,Pedestrian,Elderly Driver,Young Driver,Commercial Vehicle,Emergency Vehicles,Train,School Bus,Motorcycle,Bicycle,Deer,Longitude,Latitude,geom,geog,x,y
5872,1154404,E I 94,RAMP 213H,2017-10-09,9,10,2017,0,2,5,1,,1,0,,10,4,4,55,3,2,2,5,0,0,0,0,true,,false,false,false,false,false,,,,,,false,false,true,,,false,false,false,false,false,-83.09627,42.351,"{
  ""coordinates"": [
    -8.309626829000000e+01,
    4.235100343500010e+01
  ],
  ""type"": ""Point""
}","{
  ""coordinates"": [
    -83.09626829,
    42.351003435
  ],
  ""type"": ""Point""
}",-83.09626829,42.3510034350001
5873,1154432,WOODWARD,MCNICHOLS,2017-10-09,9,10,2017,4,2,4,3,,1,0,,1,1,4,40,5,2,3,4,0,0,0,1,false,,true,true,false,false,false,,,,,,false,false,true,,,false,false,false,false,false,-83.10529,42.41776,"{
  ""coordinates"": [
    -8.310528887899990e+01,
    4.241775583700010e+01
  ],
  ""type"": ""Point""
}","{
  ""coordinates"": [
    -83.105288879,
    42.417755837
  ],
  ""type"": ""Point""
}",-83.1052888789999,42.4177558370001
5874,1158405,I-94,M-10,2017-10-09,9,10,2017,5,2,8,1,,1,0,,1,2,4,55,3,2,3,5,0,0,0,0,true,,false,false,true,false,false,,,,,,false,false,false,,,false,false,false,false,false,-83.07518,42.3596,"{
  ""coordinates"": [
    -8.307518044999991e+01,
    4.235959516900000e+01
  ],
  ""type"": ""Point""
}","{
  ""coordinates"": [
    -83.07518045,
    42.359595169
  ],
  ""type"": ""Point""
}",-83.0751804499999,42.359595169
5875,1170738,BARTON,RANGOON,2017-10-09,9,10,2017,13,2,2,9,,,2,,1,1,1,25,2,2,0,5,0,0,0,0,true,,false,false,true,false,false,,,,,,false,false,false,,,false,false,false,false,false,-83.13811,42.34926,"{
  ""coordinates"": [
    -8.313811819400000e+01,
    4.234925951800010e+01
  ],
  ""type"": ""Point""
}","{
  ""coordinates"": [
    -83.138118194,
    42.349259518
  ],
  ""type"": ""Point""
}",-83.138118194,42.3492595180001
5876,1155292,JOY,ST MARYS,2017-10-09,9,10,2017,15,2,4,9,,2,0,,1,1,1,35,4,2,3,4,0,0,0,3,false,,false,false,false,false,false,,,,,,false,true,false,,,false,false,false,false,false,-83.2043,42.35802,"{
  ""coordinates"": [
    -8.320430312199990e+01,
    4.235802354700010e+01
  ],
  ""type"": ""Point""
}","{
  ""coordinates"": [
    -83.204303122,
    42.358023547
  ],
  ""type"": ""Point""
}",-83.2043031219999,42.3580235470001
5877,1157503,I-96,MCGRAW,2017-10-09,9,10,2017,19,2,1,1,,1,1,,1,1,1,55,4,1,1,5,0,0,0,0,true,,false,false,false,false,false,,,,,,false,false,false,,,false,false,false,false,false,-83.10393,42.35333,"{
  ""coordinates"": [
    -8.310392629700000e+01,
    4.235333079100010e+01
  ],
  ""type"": ""Point""
}","{
  ""coordinates"": [
    -83.103926297,
    42.353330791
  ],
  ""type"": ""Point""
}",-83.103926297,42.3533307910001
5878,1158650,MCNICHOLS,WYOMING,2017-10-09,9,10,2017,15,2,3,9,,4,0,,1,1,1,35,2,2,2,5,0,0,0,0,true,,false,false,false,false,false,,,,,,false,false,true,,,false,false,false,false,false,-83.16026,42.41694,"{
  ""coordinates"": [
    -8.316026090299989e+01,
    4.241693936700010e+01
  ],
  ""type"": ""Point""
}","{
  ""coordinates"": [
    -83.160260903,
    42.416939367
  ],
  ""type"": ""Point""
}",-83.1602609029999,42.4169393670001
5879,1158661,JAMES COUZENS,BASIL,2017-10-09,9,10,2017,22,2,5,9,,4,0,,1,1,2,30,2,2,2,4,0,0,0,2,false,,false,false,true,false,false,,,,,,false,false,false,,,false,false,false,false,false,-83.19643,42.43981,"{
  ""coordinates"": [
    -8.319643296600000e+01,
    4.243981331100010e+01
  ],
  ""type"": ""Point""
}","{
  ""coordinates"": [
    -83.196432966,
    42.439813311
  ],
  ""type"": ""Point""
}",-83.196432966,42.4398133110001
5880,1154403,E I 94,RAMP 213H,2017-10-09,9,10,2017,0,2,98,1,,1,0,,2,4,4,55,3,2,2,5,0,0,0,0,true,,false,false,false,false,false,,,,,,false,false,false,,,false,false,false,false,false,-83.09589,42.35112,"{
  ""coordinates"": [
    -8.309589307999990e+01,
    4.235112467400010e+01
  ],
  ""type"": ""Point""
}","{
  ""coordinates"": [
    -83.09589308,
    42.351124674
  ],
  ""type"": ""Point""
}",-83.0958930799999,42.3511246740001
5881,1155254,ENDICOTT,WOODWARD,2017-10-09,9,10,2017,9,2,5,3,,,0,,1,1,2,30,2,2,1,5,0,0,0,0,true,,false,false,false,false,false,,,,,,false,true,false,,,false,false,false,false,false,-83.07103,42.36742,"{
  ""coordinates"": [
    -8.307102952000000e+01,
    4.236741504900000e+01
  ],
  ""type"": ""Point""
}","{
  ""coordinates"": [
    -83.07102952,
    42.367415049
  ],
  ""type"": ""Point""
}",-83.07102952,42.367415049
5882,1155264,DRAGOON,CADET,2017-10-09,9,10,2017,16,2,4,9,,4,0,,1,1,1,30,3,2,1,5,0,0,0,0,true,,true,false,true,false,false,,,,,,false,false,false,,,false,false,false,false,false,-83.10737,42.31422,"{
  ""coordinates"": [
    -8.310736711399990e+01,
    4.231422466700010e+01
  ],
  ""type"": ""Point""
}","{
  ""coordinates"": [
    -83.107367114,
    42.314224667
  ],
  ""type"": ""Point""
}",-83.1073671139999,42.3142246670001
5883,1155295,GRAND RIVER,STAHELIN,2017-10-09,9,10,2017,8,2,8,3,,1,0,,1,1,1,35,7,2,2,5,0,0,0,0,true,,false,false,true,false,false,,,,,,false,false,false,,,false,false,false,false,false,-83.22618,42.40388,"{
  ""coordinates"": [
    -8.322618381300001e+01,
    4.240388542200000e+01
  ],
  ""type"": ""Point""
}","{
  ""coordinates"": [
    -83.226183813,
    42.403885422
  ],
  ""type"": ""Point""
}",-83.226183813,42.403885422
5884,1159901,MAPLEWOOD,GRANDRIVER,2017-10-09,9,10,2017,16,2,9,9,,,2,,1,1,1,25,2,2,1,5,0,0,0,0,true,,false,false,true,false,false,,,,,,false,false,false,,,false,false,false,false,false,-83.12189,42.36128,"{
  ""coordinates"": [
    -8.312189620800000e+01,
    4.236128144000000e+01
  ],
  ""type"": ""Point""
}","{
  ""coordinates"": [
    -83.121896208,
    42.36128144
  ],
  ""type"": ""Point""
}",-83.121896208,42.36128144
5885,1157500,DAVISON,M-10,2017-10-09,9,10,2017,5,2,1,3,,1,1,,2,2,4,55,3,1,1,5,0,0,0,0,true,,false,false,false,false,false,,,,,,false,false,false,,,false,false,false,false,false,-83.11169,42.39744,"{
  ""coordinates"": [
    -8.311169090200001e+01,
    4.239744188000000e+01
  ],
  ""type"": ""Point""
}","{
  ""coordinates"": [
    -83.111690902,
    42.39744188
  ],
  ""type"": ""Point""
}",-83.111690902,42.39744188
5886,1156189,LAFAYETTE,ST ANTOINE,2017-10-09,9,10,2017,7,2,8,9,,4,0,,2,2,1,35,6,2,2,5,0,0,0,0,true,,false,false,false,false,false,,,,,,false,false,true,,,false,false,false,false,false,-83.04028,42.33478,"{
  ""coordinates"": [
    -8.304028504199989e+01,
    4.233477960000000e+01
  ],
  ""type"": ""Point""
}","{
  ""coordinates"": [
    -83.040285042,
    42.3347796
  ],
  ""type"": ""Point""
}",-83.0402850419999,42.3347796
5887,1155294,LAHSER,GRAND RIVER,2017-10-09,9,10,2017,14,2,8,3,,2,0,,1,2,1,35,2,2,2,5,0,0,0,0,true,,false,false,false,false,false,,,,,,false,true,false,,,false,false,false,false,false,-83.25764,42.41644,"{
  ""coordinates"": [
    -8.325763366099990e+01,
    4.241643775400010e+01
  ],
  ""type"": ""Point""
}","{
  ""coordinates"": [
    -83.257633661,
    42.416437754
  ],
  ""type"": ""Point""
}",-83.2576336609999,42.4164377540001
5888,1164551,CANFIELD,2ND,2017-10-09,9,10,2017,17,2,5,9,,,0,,1,1,1,25,2,2,2,5,0,0,0,0,true,,false,false,false,false,false,,,,,,false,false,false,,,false,false,false,false,false,-83.06651,42.35106,"{
  ""coordinates"": [
    -8.306651159099989e+01,
    4.235106249200000e+01
  ],
  ""type"": ""Point""
}","{
  ""coordinates"": [
    -83.066511591,
    42.351062492
  ],
  ""type"": ""Point""
}",-83.0665115909999,42.351062492
5889,1157467,I-75,CLAY,2017-10-09,9,10,2017,10,2,5,1,,1,0,,1,1,1,70,4,2,4,5,0,0,0,0,true,,false,false,false,false,false,,,,,,false,false,false,,,false,false,false,false,false,-83.0637,42.37952,"{
  ""coordinates"": [
    -8.306369571000000e+01,
    4.237952079600010e+01
  ],
  ""type"": ""Point""
}","{
  ""coordinates"": [
    -83.06369571,
    42.379520796
  ],
  ""type"": ""Point""
}",-83.06369571,42.3795207960001
5890,1157506,I-94,SCOTTEN,2017-10-09,9,10,2017,12,2,5,1,,1,0,,1,1,1,55,3,2,2,5,0,0,0,0,true,,false,false,false,false,false,,,,,,false,false,true,,,false,false,false,false,false,-83.11003,42.34634,"{
  ""coordinates"": [
    -8.311002887200000e+01,
    4.234634399600000e+01
  ],
  ""type"": ""Point""
}","{
  ""coordinates"": [
    -83.110028872,
    42.346343996
  ],
  ""type"": ""Point""
}",-83.110028872,42.346343996
5891,1157448,I 94,CHENE,2017-10-09,9,10,2017,16,2,5,1,,1,0,,1,1,1,55,3,2,2,5,0,0,0,0,true,,false,false,false,false,false,,,,,,false,false,false,,,false,false,false,false,false,-83.05139,42.37267,"{
  ""coordinates"": [
    -8.305139509100000e+01,
    4.237267002700000e+01
  ],
  ""type"": ""Point""
}","{
  ""coordinates"": [
    -83.051395091,
    42.372670027
  ],
  ""type"": ""Point""
}",-83.051395091,42.372670027
5892,1162357,WOODLAWN,ERWIN,2017-10-09,9,10,2017,22,2,4,9,,,0,,1,2,4,25,3,2,5,3,0,0,1,3,false,,true,false,false,false,false,,,,,,false,false,true,,,false,false,false,false,false,-83.01752,42.39922,"{
  ""coordinates"": [
    -8.301751432600000e+01,
    4.239921754900010e+01
  ],
  ""type"": ""Point""
}","{
  ""coordinates"": [
    -83.017514326,
    42.399217549
  ],
  ""type"": ""Point""
}",-83.017514326,42.3992175490001
5893,1158655,M10,WYOMING,2017-10-09,9,10,2017,8,2,5,3,,1,0,,1,1,1,65,3,2,2,5,0,0,0,0,true,,false,false,true,false,false,,,,,,false,false,false,,,false,false,false,false,false,-83.16212,42.40663,"{
  ""coordinates"": [
    -8.316212322699990e+01,
    4.240663216600010e+01
  ],
  ""type"": ""Point""
}","{
  ""coordinates"": [
    -83.162123227,
    42.406632166
  ],
  ""type"": ""Point""
}",-83.1621232269999,42.4066321660001
5894,1155248,WINDER,RUSSELL,2017-10-09,9,10,2017,8,2,8,9,,,0,,1,1,1,30,1,2,3,5,0,0,0,0,true,,false,false,false,false,false,,,,,,false,false,false,,,false,false,false,false,false,-83.04008,42.34595,"{
  ""coordinates"": [
    -8.304008355300000e+01,
    4.234594948600010e+01
  ],
  ""type"": ""Point""
}","{
  ""coordinates"": [
    -83.040083553,
    42.345949486
  ],
  ""type"": ""Point""
}",-83.040083553,42.3459494860001
5895,1164495,I-94,WOODWARD,2017-10-09,9,10,2017,12,2,8,1,,1,0,,1,1,1,55,3,2,2,5,0,0,0,0,true,,false,false,true,false,false,,,,,,false,false,false,,,false,false,false,false,false,-83.06729,42.36455,"{
  ""coordinates"": [
    -8.306729008600000e+01,
    4.236455075700010e+01
  ],
  ""type"": ""Point""
}","{
  ""coordinates"": [
    -83.067290086,
    42.364550757
  ],
  ""type"": ""Point""
}",-83.067290086,42.3645507570001
5896,1157504,I-94,WHITTIER,2017-10-09,9,10,2017,20,2,1,1,,1,1,,1,1,4,55,3,1,1,5,0,0,0,0,true,,false,false,false,false,false,,,,,,false,false,false,,,false,false,false,false,false,-82.94202,42.41397,"{
  ""coordinates"": [
    -8.294201956500000e+01,
    4.241397611200010e+01
  ],
  ""type"": ""Point""
}","{
  ""coordinates"": [
    -82.942019565,
    42.413976112
  ],
  ""type"": ""Point""
}",-82.942019565,42.4139761120001
5897,1167033,I-96,EVERGREEN,2017-10-09,9,10,2017,0,2,8,1,,1,0,,2,4,5,70,3,2,2,5,0,0,0,0,true,,false,false,false,false,false,,,,,,false,false,false,,,false,false,false,false,false,-83.23637,42.38029,"{
  ""coordinates"": [
    -8.323637152600000e+01,
    4.238028744000010e+01
  ],
  ""type"": ""Point""
}","{
  ""coordinates"": [
    -83.236371526,
    42.38028744
  ],
  ""type"": ""Point""
}",-83.236371526,42.3802874400001
5898,1154421,VAN DYKE,OUTER,2017-10-08,8,10,2017,11,1,4,3,,1,0,,1,1,1,40,9,2,2,5,0,0,0,0,true,,false,false,true,false,false,,,,,,false,true,false,,,false,false,false,false,false,-83.02449,42.44114,"{
  ""coordinates"": [
    -8.302448768300000e+01,
    4.244113988600000e+01
  ],
  ""type"": ""Point""
}","{
  ""coordinates"": [
    -83.024487683,
    42.441139886
  ],
  ""type"": ""Point""
}",-83.024487683,42.441139886
5899,1154387,I-75,WARREN,2017-10-08,8,10,2017,12,1,5,1,,1,0,,1,1,1,55,4,2,2,5,0,0,0,0,true,,false,false,false,false,false,,,,,,false,false,false,,,false,false,false,false,false,-83.05431,42.3605,"{
  ""coordinates"": [
    -8.305430582699999e+01,
    4.236050279500010e+01
  ],
  ""type"": ""Point""
}","{
  ""coordinates"": [
    -83.054305827,
    42.360502795
  ],
  ""type"": ""Point""
}",-83.054305827,42.3605027950001
5900,1157549,MILITARY,ARMY,2017-10-08,8,10,2017,19,1,4,9,,,0,,1,1,3,25,2,2,2,5,0,0,0,0,true,,false,false,true,false,false,,,,,,false,false,true,,,false,false,false,false,false,-83.10368,42.31137,"{
  ""coordinates"": [
    -8.310368277399991e+01,
    4.231136804700000e+01
  ],
  ""type"": ""Point""
}","{
  ""coordinates"": [
    -83.103682774,
    42.311368047
  ],
  ""type"": ""Point""
}",-83.1036827739999,42.311368047
5901,1154398,W I 94,CONCORD,2017-10-08,8,10,2017,17,1,1,1,,1,1,,1,1,1,55,3,1,1,4,0,0,0,1,false,,false,false,false,false,false,,,,,,false,false,false,,,false,false,false,false,false,-83.03024,42.38326,"{
  ""coordinates"": [
    -8.303024198000000e+01,
    4.238325355000010e+01
  ],
  ""type"": ""Point""
}","{
  ""coordinates"": [
    -83.03024198,
    42.38325355
  ],
  ""type"": ""Point""
}",-83.03024198,42.3832535500001
5902,1154402,RAMP 047D,RAMP 047B,2017-10-08,8,10,2017,22,1,5,1,,1,0,,1,1,4,35,1,2,2,5,0,0,0,0,true,,false,false,false,false,false,,,,,,false,false,false,,,false,false,false,false,false,-83.08196,42.41108,"{
  ""coordinates"": [
    -8.308196223499991e+01,
    4.241108376600000e+01
  ],
  ""type"": ""Point""
}","{
  ""coordinates"": [
    -83.081962235,
    42.411083766
  ],
  ""type"": ""Point""
}",-83.0819622349999,42.411083766
5903,1257219,N I 375,LARNED,2017-10-08,8,10,2017,7,1,5,1,,1,0,,1,1,1,25,1,3,4,5,0,0,0,0,true,,false,false,false,false,false,,,,,,false,true,true,,,false,false,false,false,false,-83.03638,42.33368,"{
  ""coordinates"": [
    -8.303638002700001e+01,
    4.233367847400010e+01
  ],
  ""type"": ""Point""
}","{
  ""coordinates"": [
    -83.036380027,
    42.333678474
  ],
  ""type"": ""Point""
}",-83.036380027,42.3336784740001
5904,1154420,CONNER,SAINT PATRICK,2017-10-08,8,10,2017,14,1,97,9,,4,0,,1,1,1,30,5,4,4,3,0,0,4,0,false,,false,false,true,false,false,,,,,,false,false,false,,,false,false,false,false,false,-83.00327,42.40939,"{
  ""coordinates"": [
    -8.300327380100001e+01,
    4.240938850400000e+01
  ],
  ""type"": ""Point""
}","{
  ""coordinates"": [
    -83.003273801,
    42.409388504
  ],
  ""type"": ""Point""
}",-83.003273801,42.409388504
5905,1154407,HOLDEN,LINCOLN,2017-10-08,8,10,2017,8,1,1,9,,,1,,1,1,2,30,2,1,1,5,0,0,0,0,true,,false,false,true,false,false,,,,,,false,false,false,,,false,false,false,false,false,-83.08286,42.36294,"{
  ""coordinates"": [
    -8.308285374799991e+01,
    4.236294083500010e+01
  ],
  ""type"": ""Point""
}","{
  ""coordinates"": [
    -83.082853748,
    42.362940835
  ],
  ""type"": ""Point""
}",-83.0828537479999,42.3629408350001
5906,1155304,ROSSINI,HAYES,2017-10-08,8,10,2017,10,1,97,9,,,0,,1,1,4,25,2,2,1,5,0,0,0,0,true,,false,false,false,false,false,,,,,,false,false,false,,,false,false,false,false,false,-82.96579,42.44363,"{
  ""coordinates"": [
    -8.296579288100000e+01,
    4.244363127600010e+01
  ],
  ""type"": ""Point""
}","{
  ""coordinates"": [
    -82.965792881,
    42.443631276
  ],
  ""type"": ""Point""
}",-82.965792881,42.4436312760001
5907,1162305,E I 94,JOHN R,2017-10-08,8,10,2017,19,1,8,1,,1,0,,1,1,1,55,3,2,5,4,0,0,0,2,false,,false,false,false,false,false,,,,,,false,false,false,,,false,false,false,false,false,-83.06645,42.36475,"{
  ""coordinates"": [
    -8.306644890000000e+01,
    4.236475092500010e+01
  ],
  ""type"": ""Point""
}","{
  ""coordinates"": [
    -83.0664489,
    42.364750925
  ],
  ""type"": ""Point""
}",-83.0664489,42.3647509250001
5908,1155251,RANDOLPH,JEFFERSON,2017-10-08,8,10,2017,1,1,8,3,,4,0,,2,4,4,25,2,2,2,5,0,0,0,0,true,,false,false,true,false,false,,,,,,false,false,false,,,false,false,false,false,false,-83.04182,42.32962,"{
  ""coordinates"": [
    -8.304181801500000e+01,
    4.232962076200000e+01
  ],
  ""type"": ""Point""
}","{
  ""coordinates"": [
    -83.041818015,
    42.329620762
  ],
  ""type"": ""Point""
}",-83.041818015,42.329620762
5909,1155291,7 MILE,ASBURY PARK,2017-10-08,8,10,2017,23,1,3,9,,2,0,,2,4,4,35,5,2,4,4,0,0,0,3,false,,false,false,false,true,false,,,,,,false,false,false,,,false,false,false,false,false,-83.20905,42.43029,"{
  ""coordinates"": [
    -8.320904414200000e+01,
    4.243029135500010e+01
  ],
  ""type"": ""Point""
}","{
  ""coordinates"": [
    -83.209044142,
    42.430291355
  ],
  ""type"": ""Point""
}",-83.209044142,42.4302913550001
5910,1154393,I-94,WARREN,2017-10-08,8,10,2017,21,1,8,1,,1,0,,1,1,4,55,3,2,2,5,0,0,0,0,true,,false,false,true,false,false,,,,,,false,false,true,,,false,false,false,false,false,-83.11626,42.34206,"{
  ""coordinates"": [
    -8.311625853800000e+01,
    4.234206464700000e+01
  ],
  ""type"": ""Point""
}","{
  ""coordinates"": [
    -83.116258538,
    42.342064647
  ],
  ""type"": ""Point""
}",-83.116258538,42.342064647
5911,1154401,RAMP 213H,E I 94,2017-10-08,8,10,2017,22,1,5,1,,1,0,,1,1,4,55,3,3,3,5,0,0,0,0,true,,false,false,false,false,false,,,,,,false,false,true,,,false,false,false,false,false,-83.09588,42.3511,"{
  ""coordinates"": [
    -8.309588096000000e+01,
    4.235110621200000e+01
  ],
  ""type"": ""Point""
}","{
  ""coordinates"": [
    -83.09588096,
    42.351106212
  ],
  ""type"": ""Point""
}",-83.09588096,42.351106212
5912,1154425,PRAIRIE,CHIPPEWA,2017-10-08,8,10,2017,4,1,9,9,,,2,,1,1,4,25,1,2,1,5,0,0,0,0,true,,false,false,true,false,false,,,,,,false,false,false,,,false,false,false,false,false,-83.14618,42.44154,"{
  ""coordinates"": [
    -8.314617846700000e+01,
    4.244154476600000e+01
  ],
  ""type"": ""Point""
}","{
  ""coordinates"": [
    -83.146178467,
    42.441544766
  ],
  ""type"": ""Point""
}",-83.146178467,42.441544766
5913,1154357,I-96,SCHAEFER,2017-10-08,8,10,2017,16,1,97,1,,1,0,,1,2,1,55,3,2,2,4,0,0,0,1,false,,false,false,false,false,false,,,,,,false,false,true,,,false,false,false,false,false,-83.17648,42.38356,"{
  ""coordinates"": [
    -8.317647889100000e+01,
    4.238356036700000e+01
  ],
  ""type"": ""Point""
}","{
  ""coordinates"": [
    -83.176478891,
    42.383560367
  ],
  ""type"": ""Point""
}",-83.176478891,42.383560367
5914,1155281,JOY,EVERGREEN,2017-10-08,8,10,2017,1,1,5,9,,2,0,,1,1,4,35,5,2,1,5,0,0,0,0,true,,false,false,true,false,false,,,,,,false,false,false,,,false,false,false,false,false,-83.23597,42.35758,"{
  ""coordinates"": [
    -8.323596822499999e+01,
    4.235757854200010e+01
  ],
  ""type"": ""Point""
}","{
  ""coordinates"": [
    -83.235968225,
    42.357578542
  ],
  ""type"": ""Point""
}",-83.235968225,42.3575785420001
5915,1154360,I-96,HUBBELL,2017-10-08,8,10,2017,18,1,1,1,,1,0,,1,2,1,70,3,1,3,4,0,0,0,2,false,,false,false,false,false,false,,,,,,false,false,true,,,false,false,false,false,false,-83.18878,42.38024,"{
  ""coordinates"": [
    -8.318878140899990e+01,
    4.238024025100000e+01
  ],
  ""type"": ""Point""
}","{
  ""coordinates"": [
    -83.188781409,
    42.380240251
  ],
  ""type"": ""Point""
}",-83.1887814089999,42.380240251
5916,1158651,N M 10,MCNICHOLS,2017-10-08,8,10,2017,20,1,5,3,,1,0,,1,1,4,0,2,2,3,4,0,0,0,1,false,,false,false,false,false,false,,,,,,false,false,false,,,false,false,true,false,false,-83.17204,42.41662,"{
  ""coordinates"": [
    -8.317203437599990e+01,
    4.241662405100000e+01
  ],
  ""type"": ""Point""
}","{
  ""coordinates"": [
    -83.172034376,
    42.416624051
  ],
  ""type"": ""Point""
}",-83.1720343759999,42.416624051
5917,1155287,BURNS,SYLVESTER,2017-10-08,8,10,2017,20,1,2,9,,,0,,1,1,4,25,4,2,1,3,0,0,1,0,false,,false,false,false,true,false,,,,,,false,false,false,,,false,false,false,false,false,-83.0022,42.37204,"{
  ""coordinates"": [
    -8.300219643799990e+01,
    4.237203647200000e+01
  ],
  ""type"": ""Point""
}","{
  ""coordinates"": [
    -83.002196438,
    42.372036472
  ],
  ""type"": ""Point""
}",-83.0021964379999,42.372036472
5918,1154399,RAMP 109A,E M 8,2017-10-08,8,10,2017,9,1,1,3,,1,1,,1,1,1,55,1,1,1,4,0,0,0,1,false,,false,false,false,false,false,,,,,,false,false,true,,,false,false,false,false,false,-83.10983,42.39814,"{
  ""coordinates"": [
    -8.310982823400001e+01,
    4.239814550700000e+01
  ],
  ""type"": ""Point""
}","{
  ""coordinates"": [
    -83.109828234,
    42.398145507
  ],
  ""type"": ""Point""
}",-83.109828234,42.398145507
5919,1158649,ARDMORE,W I 96 SERVICE DRIVE,2017-10-08,8,10,2017,11,1,97,9,,,0,,1,1,1,25,1,2,1,5,0,0,0,0,true,,false,false,false,false,false,,,,,,false,false,false,,,false,false,false,false,false,-83.18375,42.38304,"{
  ""coordinates"": [
    -8.318375470900000e+01,
    4.238304116800000e+01
  ],
  ""type"": ""Point""
}","{
  ""coordinates"": [
    -83.183754709,
    42.383041168
  ],
  ""type"": ""Point""
}",-83.183754709,42.383041168
5920,1162366,GRAND RIVER,FENKELL,2017-10-08,8,10,2017,15,1,8,3,,1,0,,1,1,1,35,3,2,2,5,0,0,0,0,true,,false,false,false,false,false,,,,,,false,true,false,,,false,false,false,false,false,-83.2193,42.4011,"{
  ""coordinates"": [
    -8.321930308100001e+01,
    4.240110572900010e+01
  ],
  ""type"": ""Point""
}","{
  ""coordinates"": [
    -83.219303081,
    42.401105729
  ],
  ""type"": ""Point""
}",-83.219303081,42.4011057290001
5921,1154408,BRUSH,MARSTON,2017-10-08,8,10,2017,8,1,4,9,,4,0,,1,1,1,30,3,2,3,5,0,0,0,0,true,,false,false,true,false,false,,,,,,false,false,true,,,false,false,false,false,false,-83.07178,42.37662,"{
  ""coordinates"": [
    -8.307178085000000e+01,
    4.237661965900000e+01
  ],
  ""type"": ""Point""
}","{
  ""coordinates"": [
    -83.07178085,
    42.376619659
  ],
  ""type"": ""Point""
}",-83.07178085,42.376619659
5922,1157558,MELLON,DIX,2017-10-08,8,10,2017,16,1,4,9,,4,0,,1,2,1,30,4,2,3,4,0,0,0,3,false,,false,false,false,false,false,,,,,,false,true,true,,,false,false,false,false,false,-83.15652,42.29052,"{
  ""coordinates"": [
    -8.315651431399991e+01,
    4.229052285400010e+01
  ],
  ""type"": ""Point""
}","{
  ""coordinates"": [
    -83.156514314,
    42.290522854
  ],
  ""type"": ""Point""
}",-83.1565143139999,42.2905228540001
5923,1155274,7 MILE,GREENFIELD,2017-10-08,8,10,2017,16,1,4,9,,2,0,,1,1,1,35,4,2,1,5,0,0,0,0,true,,false,false,true,false,false,,,,,,false,false,false,,,false,false,false,false,false,-83.20024,42.43042,"{
  ""coordinates"": [
    -8.320023903100000e+01,
    4.243042171800000e+01
  ],
  ""type"": ""Point""
}","{
  ""coordinates"": [
    -83.200239031,
    42.430421718
  ],
  ""type"": ""Point""
}",-83.200239031,42.430421718
5924,1153011,8 MILE,GRANDVILLE,2017-10-08,8,10,2017,1,1,5,3,,1,0,,2,98,4,35,4,5,5,5,0,0,0,0,true,,false,false,false,false,false,,,,,,false,false,true,,,false,false,false,false,false,-83.23295,42.44389,"{
  ""coordinates"": [
    -8.323294709699999e+01,
    4.244389432200010e+01
  ],
  ""type"": ""Point""
}","{
  ""coordinates"": [
    -83.232947097,
    42.443894322
  ],
  ""type"": ""Point""
}",-83.232947097,42.4438943220001
5925,1154416,JEFFERSON,MT ELLIOTT,2017-10-08,8,10,2017,12,1,4,9,,4,0,,1,1,1,35,7,2,5,5,0,0,0,0,true,,false,false,false,false,false,,,,,,false,true,false,,,false,false,false,false,false,-83.01013,42.34363,"{
  ""coordinates"": [
    -8.301013127600000e+01,
    4.234363004900010e+01
  ],
  ""type"": ""Point""
}","{
  ""coordinates"": [
    -83.010131276,
    42.343630049
  ],
  ""type"": ""Point""
}",-83.010131276,42.3436300490001
5926,1168319,I-94,JOHN R,2017-10-08,8,10,2017,23,1,5,1,,1,0,,2,4,4,55,1,2,2,5,0,0,0,0,true,,false,false,false,true,false,,,,,,false,false,true,,,false,false,false,false,false,-83.0652,42.36552,"{
  ""coordinates"": [
    -8.306519883000000e+01,
    4.236552094300000e+01
  ],
  ""type"": ""Point""
}","{
  ""coordinates"": [
    -83.06519883,
    42.365520943
  ],
  ""type"": ""Point""
}",-83.06519883,42.365520943
5927,1158610,ALTER,MACK,2017-10-08,8,10,2017,16,1,1,9,,4,0,,1,1,1,30,3,1,1,5,0,0,0,0,true,,false,false,false,false,false,,,,,,false,false,false,,,false,false,false,false,false,-82.94769,42.38731,"{
  ""coordinates"": [
    -8.294769385799999e+01,
    4.238730664300000e+01
  ],
  ""type"": ""Point""
}","{
  ""coordinates"": [
    -82.947693858,
    42.387306643
  ],
  ""type"": ""Point""
}",-82.947693858,42.387306643
5928,1154415,GILROY,ANNABELLE,2017-10-08,8,10,2017,11,1,4,9,,,0,,1,1,1,25,4,2,1,5,0,0,0,0,true,,true,false,true,false,false,,,,,,false,true,false,,,false,false,false,false,false,-83.14784,42.27802,"{
  ""coordinates"": [
    -8.314784591100000e+01,
    4.227801797700000e+01
  ],
  ""type"": ""Point""
}","{
  ""coordinates"": [
    -83.147845911,
    42.278017977
  ],
  ""type"": ""Point""
}",-83.147845911,42.278017977