ObjectId,Crash ID,Primary Road,Intersecting Road,Crash Date,Day,Month,Year,Hour,Weekday,Crash Type Code,Highway Classification Code,Community Code,Jurisdiction Code,Lane Departure Type Code,Surface Type,Road Condition,Weather Condition,Lighting Condition,Speed Limit,Lanes,Units,Occupants,Most Severe Injury,Fatal Injuries,Suspected Serious Injuries,Suspected Minor Injuries,Possible Injuries,Property Damage Only,Secondary Crash,Traffic Control,Red Light Run,Hit and Run,Alcohol,Drugs,Unbelted Person,Work Zone,Speeding Driver,Distracted Driver,Driveway,Pedestrian,Elderly Driver,Young Driver,Commercial Vehicle,Emergency Vehicles,Train,School Bus,Motorcycle,Bicycle,Deer,Longitude,Latitude,geom,geog,x,y
6043,1152922,I-75,GREENDALE,2017-10-06,6,10,2017,7,6,1,9,,4,1,,2,4,2,70,4,1,1,5,0,0,0,0,true,,false,false,false,false,false,,,,,,false,false,false,,,false,false,false,false,false,-83.09322,42.42574,"{
  ""coordinates"": [
    -8.309322181700000e+01,
    4.242573500100010e+01
  ],
  ""type"": ""Point""
}","{
  ""coordinates"": [
    -83.093221817,
    42.425735001
  ],
  ""type"": ""Point""
}",-83.093221817,42.4257350010001
6044,1170722,I-75,GREENDALE,2017-10-06,6,10,2017,21,6,8,9,,4,0,,2,4,4,70,4,3,5,5,0,0,0,0,true,,false,false,false,false,false,,,,,,false,true,true,,,false,false,false,false,false,-83.0935,42.42661,"{
  ""coordinates"": [
    -8.309350174100000e+01,
    4.242661157900010e+01
  ],
  ""type"": ""Point""
}","{
  ""coordinates"": [
    -83.093501741,
    42.426611579
  ],
  ""type"": ""Point""
}",-83.093501741,42.4266115790001
6045,1152909,N M 10,RAMP 120B,2017-10-06,6,10,2017,0,6,5,3,,1,0,,2,4,4,55,3,2,1,5,0,0,0,0,true,,false,false,true,false,false,,,,,,false,false,false,,,false,false,false,false,false,-83.06746,42.34198,"{
  ""coordinates"": [
    -8.306745765499990e+01,
    4.234197828000000e+01
  ],
  ""type"": ""Point""
}","{
  ""coordinates"": [
    -83.067457655,
    42.34197828
  ],
  ""type"": ""Point""
}",-83.0674576549999,42.34197828
6046,1174801,DAVISON,LIVERNOIS,2017-10-06,6,10,2017,8,6,5,3,,1,0,,1,1,1,35,3,2,2,5,0,0,0,0,true,,false,false,false,false,false,,,,,,false,false,false,,,false,false,false,false,false,-83.1393,42.38652,"{
  ""coordinates"": [
    -8.313929790799990e+01,
    4.238651912700000e+01
  ],
  ""type"": ""Point""
}","{
  ""coordinates"": [
    -83.139297908,
    42.386519127
  ],
  ""type"": ""Point""
}",-83.1392979079999,42.386519127
6047,1152898,RAMP 044B,N I 75,2017-10-06,6,10,2017,23,6,5,1,,1,0,,2,3,4,55,1,2,2,5,0,0,0,0,true,,false,false,false,false,false,,,,,,false,false,false,,,false,false,false,false,false,-83.05614,42.36475,"{
  ""coordinates"": [
    -8.305614680600000e+01,
    4.236475182300010e+01
  ],
  ""type"": ""Point""
}","{
  ""coordinates"": [
    -83.056146806,
    42.364751823
  ],
  ""type"": ""Point""
}",-83.056146806,42.3647518230001
6048,1178516,CURTIS,LIVERNOIS,2017-10-06,6,10,2017,20,6,8,9,,4,0,,1,1,4,25,2,2,0,5,0,0,0,0,true,,false,false,true,false,false,,,,,,false,false,false,,,false,false,false,false,false,-83.14133,42.4244,"{
  ""coordinates"": [
    -8.314133380500000e+01,
    4.242440410500010e+01
  ],
  ""type"": ""Point""
}","{
  ""coordinates"": [
    -83.141333805,
    42.424404105
  ],
  ""type"": ""Point""
}",-83.141333805,42.4244041050001
6049,1155327,COMMONWEALTH,PUTNAM,2017-10-06,6,10,2017,20,6,8,9,,,0,,2,4,4,25,1,2,1,5,0,0,0,0,true,,false,false,false,false,false,,,,,,false,false,false,,,false,false,false,false,false,-83.08028,42.35229,"{
  ""coordinates"": [
    -8.308027980500000e+01,
    4.235228978900010e+01
  ],
  ""type"": ""Point""
}","{
  ""coordinates"": [
    -83.080279805,
    42.352289789
  ],
  ""type"": ""Point""
}",-83.080279805,42.3522897890001
6050,1158624,BILTMORE,MIDLAND,2017-10-06,6,10,2017,16,6,97,9,,,0,,2,2,1,25,2,3,9,5,0,0,0,0,true,,false,false,true,false,false,,,,,,false,false,false,,,false,false,false,false,false,-83.21053,42.40508,"{
  ""coordinates"": [
    -8.321053670000001e+01,
    4.240507904700010e+01
  ],
  ""type"": ""Point""
}","{
  ""coordinates"": [
    -83.2105367,
    42.405079047
  ],
  ""type"": ""Point""
}",-83.2105367,42.4050790470001
6051,1155275,WARREN,ARTESIAN,2017-10-06,6,10,2017,15,6,5,9,,2,0,,2,2,1,35,4,2,2,4,0,0,0,1,false,,false,false,false,false,false,,,,,,false,false,false,,,false,false,false,false,false,-83.22675,42.34327,"{
  ""coordinates"": [
    -8.322675164000000e+01,
    4.234326783300000e+01
  ],
  ""type"": ""Point""
}","{
  ""coordinates"": [
    -83.22675164,
    42.343267833
  ],
  ""type"": ""Point""
}",-83.22675164,42.343267833
6052,1156138,DUBOIS,JEFFERSON,2017-10-06,6,10,2017,7,6,5,9,,,0,,2,4,1,30,2,2,2,4,0,0,0,1,false,,false,false,false,false,false,,,,,,false,false,false,,,false,false,false,false,false,-83.02458,42.33741,"{
  ""coordinates"": [
    -8.302458208699990e+01,
    4.233741235100010e+01
  ],
  ""type"": ""Point""
}","{
  ""coordinates"": [
    -83.024582087,
    42.337412351
  ],
  ""type"": ""Point""
}",-83.0245820869999,42.3374123510001
6053,1155268,EVERGREEN,BELTON,2017-10-06,6,10,2017,2,6,97,9,,4,0,,2,4,5,35,2,2,1,5,0,0,0,0,true,,false,false,false,false,false,,,,,,false,false,false,,,false,false,false,false,false,-83.23573,42.35235,"{
  ""coordinates"": [
    -8.323573146400000e+01,
    4.235235131800000e+01
  ],
  ""type"": ""Point""
}","{
  ""coordinates"": [
    -83.235731464,
    42.352351318
  ],
  ""type"": ""Point""
}",-83.235731464,42.352351318
6054,1157554,LAFAYETTE,LEWERENZ,2017-10-06,6,10,2017,19,6,5,9,,4,3,,1,2,4,0,2,2,1,5,0,0,0,0,true,,false,false,true,false,false,,,,,,false,false,false,,,false,false,false,false,false,-83.11119,42.30613,"{
  ""coordinates"": [
    -8.311118999999999e+01,
    4.230613149700010e+01
  ],
  ""type"": ""Point""
}","{
  ""coordinates"": [
    -83.11119,
    42.306131497
  ],
  ""type"": ""Point""
}",-83.11119,42.3061314970001
6055,1151426,W I 94,GRAND,2017-10-06,6,10,2017,7,6,5,1,,1,0,,2,4,1,30,2,2,2,5,0,0,0,0,true,,false,false,false,false,false,,,,,,false,false,false,,,false,false,false,false,false,-83.10954,42.34695,"{
  ""coordinates"": [
    -8.310953346699991e+01,
    4.234695230700000e+01
  ],
  ""type"": ""Point""
}","{
  ""coordinates"": [
    -83.109533467,
    42.346952307
  ],
  ""type"": ""Point""
}",-83.1095334669999,42.346952307
6056,1153049,JAMES COUZENS,7 MILE,2017-10-06,6,10,2017,12,6,1,3,,4,0,,2,4,1,35,3,1,3,5,0,0,0,0,true,,false,false,false,false,false,,,,,,false,false,false,,,false,false,false,false,false,-83.18735,42.43078,"{
  ""coordinates"": [
    -8.318734446300000e+01,
    4.243078288200010e+01
  ],
  ""type"": ""Point""
}","{
  ""coordinates"": [
    -83.187344463,
    42.430782882
  ],
  ""type"": ""Point""
}",-83.187344463,42.4307828820001
6057,1154389,N I 75,SCHAEFER,2017-10-06,6,10,2017,10,6,1,1,,1,0,,2,4,1,55,3,1,1,5,0,0,0,0,true,,false,false,false,false,false,,,,,,false,false,false,,,false,false,false,false,false,-83.15562,42.27737,"{
  ""coordinates"": [
    -8.315561528200000e+01,
    4.227736628200010e+01
  ],
  ""type"": ""Point""
}","{
  ""coordinates"": [
    -83.155615282,
    42.277366282
  ],
  ""type"": ""Point""
}",-83.155615282,42.2773662820001
6058,1196589,WISCONSIN,PURTIAN,2017-10-06,6,10,2017,17,6,4,9,,,0,,1,1,1,25,2,2,2,5,0,0,0,0,true,,false,false,false,false,false,,,,,,false,true,true,,,false,false,false,false,false,-83.15674,42.40977,"{
  ""coordinates"": [
    -8.315673746200000e+01,
    4.240977642200000e+01
  ],
  ""type"": ""Point""
}","{
  ""coordinates"": [
    -83.156737462,
    42.409776422
  ],
  ""type"": ""Point""
}",-83.156737462,42.409776422
6059,1152955,E I 94,MOROSS,2017-10-06,6,10,2017,21,6,5,1,,1,0,,2,1,4,55,3,2,4,4,0,0,0,1,false,,false,false,true,false,false,,,,,,false,false,false,,,false,false,false,false,false,-82.92869,42.42445,"{
  ""coordinates"": [
    -8.292869048300000e+01,
    4.242445548000010e+01
  ],
  ""type"": ""Point""
}","{
  ""coordinates"": [
    -82.928690483,
    42.42445548
  ],
  ""type"": ""Point""
}",-82.928690483,42.4244554800001
6060,1153017,7MILE,PREVOST,2017-10-06,6,10,2017,12,6,4,9,,2,0,,1,2,1,35,4,2,4,3,0,0,1,0,false,,false,false,false,false,false,,,,,,false,false,false,,,false,false,false,false,false,-83.20386,42.43036,"{
  ""coordinates"": [
    -8.320385938299999e+01,
    4.243036086700000e+01
  ],
  ""type"": ""Point""
}","{
  ""coordinates"": [
    -83.203859383,
    42.430360867
  ],
  ""type"": ""Point""
}",-83.203859383,42.430360867
6061,1163318,M-39,8 MILE,2017-10-06,6,10,2017,12,6,5,3,,1,0,,2,4,1,55,3,2,1,5,0,0,0,0,true,,false,false,false,false,false,,,,,,false,false,false,,,false,false,false,false,false,-83.21967,42.44273,"{
  ""coordinates"": [
    -8.321967341000000e+01,
    4.244272962200010e+01
  ],
  ""type"": ""Point""
}","{
  ""coordinates"": [
    -83.21967341,
    42.442729622
  ],
  ""type"": ""Point""
}",-83.21967341,42.4427296220001
6062,1152916,I-94,GRATIOT,2017-10-06,6,10,2017,10,6,97,1,,1,0,,2,4,1,55,3,3,5,4,0,0,0,1,false,,false,false,false,false,false,,,,,,false,false,false,,,false,false,false,false,false,-83.00809,42.39101,"{
  ""coordinates"": [
    -8.300808812400000e+01,
    4.239101391400000e+01
  ],
  ""type"": ""Point""
}","{
  ""coordinates"": [
    -83.008088124,
    42.391013914
  ],
  ""type"": ""Point""
}",-83.008088124,42.391013914
6063,1154374,I-94,VAN DYKE,2017-10-06,6,10,2017,2,6,5,1,,1,0,,2,4,4,55,3,2,4,5,0,0,0,0,true,,false,false,false,false,false,,,,,,false,false,false,,,false,false,false,false,false,-83.02042,42.38605,"{
  ""coordinates"": [
    -8.302041930000000e+01,
    4.238604839900010e+01
  ],
  ""type"": ""Point""
}","{
  ""coordinates"": [
    -83.0204193,
    42.386048399
  ],
  ""type"": ""Point""
}",-83.0204193,42.3860483990001
6064,1237318,JEFFERSON,DUBOIS,2017-10-06,6,10,2017,7,6,5,9,,4,0,,2,4,4,35,5,2,2,5,0,0,0,0,true,,false,false,false,false,false,,,,,,false,false,false,,,false,false,false,false,false,-83.02461,42.3374,"{
  ""coordinates"": [
    -8.302461573100000e+01,
    4.233739790900010e+01
  ],
  ""type"": ""Point""
}","{
  ""coordinates"": [
    -83.024615731,
    42.337397909
  ],
  ""type"": ""Point""
}",-83.024615731,42.3373979090001
6065,1154356,I94,30TH,2017-10-06,6,10,2017,13,6,5,1,,1,0,,2,4,1,55,4,2,2,5,0,0,0,0,true,,false,false,false,false,false,,,,,,false,false,true,,,false,false,false,false,false,-83.11597,42.34232,"{
  ""coordinates"": [
    -8.311596304900000e+01,
    4.234231410600010e+01
  ],
  ""type"": ""Point""
}","{
  ""coordinates"": [
    -83.115963049,
    42.342314106
  ],
  ""type"": ""Point""
}",-83.115963049,42.3423141060001
6066,1153042,SCHAEFER,MCNICHOLS,2017-10-06,6,10,2017,22,6,5,9,,4,0,,2,4,4,30,2,2,2,5,0,0,0,0,true,,false,false,true,false,false,,,,,,false,false,false,,,false,false,false,false,false,-83.17982,42.41715,"{
  ""coordinates"": [
    -8.317982807000000e+01,
    4.241714676300010e+01
  ],
  ""type"": ""Point""
}","{
  ""coordinates"": [
    -83.17982807,
    42.417146763
  ],
  ""type"": ""Point""
}",-83.17982807,42.4171467630001
6067,1161376,COMMONWEALTH,FOREST,2017-10-06,6,10,2017,12,6,8,9,,,0,,2,4,1,25,1,2,0,5,0,0,0,0,true,,false,false,true,false,false,,,,,,false,false,false,,,false,false,false,false,false,-83.07725,42.34702,"{
  ""coordinates"": [
    -8.307725062100000e+01,
    4.234701583400000e+01
  ],
  ""type"": ""Point""
}","{
  ""coordinates"": [
    -83.077250621,
    42.347015834
  ],
  ""type"": ""Point""
}",-83.077250621,42.347015834
6068,1171040,8 MILE,8 MILE/JOHN R,2017-10-06,6,10,2017,15,6,5,3,,1,0,,2,4,1,40,4,2,2,5,0,0,0,0,true,,false,false,false,false,false,,,,,,false,false,true,,,false,false,false,false,false,-83.10504,42.44695,"{
  ""coordinates"": [
    -8.310504061700000e+01,
    4.244695124300010e+01
  ],
  ""type"": ""Point""
}","{
  ""coordinates"": [
    -83.105040617,
    42.446951243
  ],
  ""type"": ""Point""
}",-83.105040617,42.4469512430001
6069,1157441,N M 39,RAMP 008R,2017-10-06,6,10,2017,2,6,8,3,,1,0,,2,4,4,55,3,3,4,5,0,0,0,0,true,,false,false,true,false,false,,,,,,false,false,false,,,false,false,false,false,false,-83.21743,42.38409,"{
  ""coordinates"": [
    -8.321742778799999e+01,
    4.238408978800000e+01
  ],
  ""type"": ""Point""
}","{
  ""coordinates"": [
    -83.217427788,
    42.384089788
  ],
  ""type"": ""Point""
}",-83.217427788,42.384089788
6070,1152983,MOROSS,W I 94,2017-10-06,6,10,2017,22,6,5,9,,2,0,,2,4,2,35,3,3,4,5,0,0,0,0,true,,true,true,false,true,false,,,,,,false,false,false,,,false,false,false,false,false,-82.9286,42.42473,"{
  ""coordinates"": [
    -8.292859533300000e+01,
    4.242473067300010e+01
  ],
  ""type"": ""Point""
}","{
  ""coordinates"": [
    -82.928595333,
    42.424730673
  ],
  ""type"": ""Point""
}",-82.928595333,42.4247306730001
6071,1155258,GRAND RIVER,MARTIN LURTHER KING JR,2017-10-06,6,10,2017,1,6,6,3,,1,0,,2,4,4,35,6,2,2,5,0,0,0,0,true,,false,false,false,false,false,,,,,,false,true,false,,,false,false,false,false,false,-83.07233,42.34186,"{
  ""coordinates"": [
    -8.307233719800000e+01,
    4.234185983500000e+01
  ],
  ""type"": ""Point""
}","{
  ""coordinates"": [
    -83.072337198,
    42.341859835
  ],
  ""type"": ""Point""
}",-83.072337198,42.341859835
6072,1151442,MOROSS,SANILAC,2017-10-06,6,10,2017,4,6,8,9,,2,0,,98,98,4,30,2,2,1,5,0,0,0,0,true,,false,false,false,false,false,,,,,,false,false,false,,,false,false,false,false,false,-82.93089,42.42568,"{
  ""coordinates"": [
    -8.293089630500000e+01,
    4.242568075700010e+01
  ],
  ""type"": ""Point""
}","{
  ""coordinates"": [
    -82.930896305,
    42.425680757
  ],
  ""type"": ""Point""
}",-82.930896305,42.4256807570001
6073,1152977,LIVERNOIS,S I 75 SERVICE DRIVE,2017-10-06,6,10,2017,6,6,4,9,,4,0,,2,4,4,25,3,2,3,5,0,0,0,0,true,,false,false,false,false,false,,,,,,false,false,false,,,false,false,false,false,false,-83.10454,42.30811,"{
  ""coordinates"": [
    -8.310453846800000e+01,
    4.230811448800010e+01
  ],
  ""type"": ""Point""
}","{
  ""coordinates"": [
    -83.104538468,
    42.308114488
  ],
  ""type"": ""Point""
}",-83.104538468,42.3081144880001
6074,1152987,8 MILE,TELEGRAPH,2017-10-06,6,10,2017,6,6,5,3,,1,0,,2,4,1,35,4,2,1,5,0,0,0,0,true,,false,false,false,false,false,,,,,,false,false,false,,,false,false,false,false,false,-83.27839,42.44275,"{
  ""coordinates"": [
    -8.327839222300000e+01,
    4.244274465000010e+01
  ],
  ""type"": ""Point""
}","{
  ""coordinates"": [
    -83.278392223,
    42.44274465
  ],
  ""type"": ""Point""
}",-83.278392223,42.4427446500001
6075,1154383,I-94,VAN DYKE,2017-10-06,6,10,2017,2,6,1,1,,1,1,,2,4,4,55,3,1,2,4,0,0,0,1,false,,false,false,false,false,false,,,,,,false,false,false,,,false,false,false,false,false,-83.02042,42.38605,"{
  ""coordinates"": [
    -8.302041930000000e+01,
    4.238604839900010e+01
  ],
  ""type"": ""Point""
}","{
  ""coordinates"": [
    -83.0204193,
    42.386048399
  ],
  ""type"": ""Point""
}",-83.0204193,42.3860483990001
6076,1152903,I96,FULLERTON,2017-10-06,6,10,2017,13,6,1,1,,1,1,,2,4,1,70,4,1,1,5,0,0,0,0,true,,false,false,false,false,false,,,,,,false,false,true,,,false,false,false,false,false,-83.1881,42.38049,"{
  ""coordinates"": [
    -8.318810089199999e+01,
    4.238048844800010e+01
  ],
  ""type"": ""Point""
}","{
  ""coordinates"": [
    -83.188100892,
    42.380488448
  ],
  ""type"": ""Point""
}",-83.188100892,42.3804884480001
6077,1152964,GREENFIELD,FLORENCE,2017-10-06,6,10,2017,14,6,4,9,,2,0,,2,1,1,35,5,2,2,5,0,0,0,0,true,,false,false,false,false,false,,,,,,false,false,true,,,false,false,false,false,false,-83.1991,42.41069,"{
  ""coordinates"": [
    -8.319909323000000e+01,
    4.241068977800010e+01
  ],
  ""type"": ""Point""
}","{
  ""coordinates"": [
    -83.19909323,
    42.410689778
  ],
  ""type"": ""Point""
}",-83.19909323,42.4106897780001
6078,1154376,W I 96,ELMHURST,2017-10-06,6,10,2017,9,6,1,1,,1,1,,2,4,1,70,3,1,1,5,0,0,0,0,true,,false,false,false,false,false,,,,,,false,false,false,,,false,false,false,false,false,-83.14618,42.37593,"{
  ""coordinates"": [
    -8.314617899599990e+01,
    4.237593196600010e+01
  ],
  ""type"": ""Point""
}","{
  ""coordinates"": [
    -83.146178996,
    42.375931966
  ],
  ""type"": ""Point""
}",-83.1461789959999,42.3759319660001
6079,1163430,I-94 E/B,BURNS,2017-10-06,6,10,2017,17,6,5,1,,1,0,,1,2,1,55,3,2,3,5,0,0,0,0,true,,false,false,false,false,false,,,,,,false,false,true,,,false,false,false,false,false,-83.01576,42.38786,"{
  ""coordinates"": [
    -8.301575923400000e+01,
    4.238785686500010e+01
  ],
  ""type"": ""Point""
}","{
  ""coordinates"": [
    -83.015759234,
    42.387856865
  ],
  ""type"": ""Point""
}",-83.015759234,42.3878568650001
6080,1152953,N I 75,RAMP 041A,2017-10-06,6,10,2017,9,6,8,1,,1,0,,2,4,1,55,5,2,3,5,0,0,0,0,true,,false,false,true,false,false,,,,,,false,false,true,,,false,false,false,false,false,-83.04547,42.3419,"{
  ""coordinates"": [
    -8.304546804500001e+01,
    4.234190249800000e+01
  ],
  ""type"": ""Point""
}","{
  ""coordinates"": [
    -83.045468045,
    42.341902498
  ],
  ""type"": ""Point""
}",-83.045468045,42.341902498
6081,1152899,W I 94,WOODWARD,2017-10-06,6,10,2017,18,6,5,1,,1,0,,1,1,1,55,3,2,2,5,0,0,0,0,true,,false,false,false,false,false,,,,,,false,false,false,,,false,false,false,false,false,-83.06861,42.36391,"{
  ""coordinates"": [
    -8.306861469099989e+01,
    4.236391503800010e+01
  ],
  ""type"": ""Point""
}","{
  ""coordinates"": [
    -83.068614691,
    42.363915038
  ],
  ""type"": ""Point""
}",-83.0686146909999,42.3639150380001
6082,1167154,7 MILE,GREENFIELD,2017-10-06,6,10,2017,18,6,8,9,,2,0,,1,1,1,30,3,2,2,5,0,0,0,0,true,,false,false,false,false,false,,,,,,false,false,false,,,false,false,false,false,false,-83.20014,42.43042,"{
  ""coordinates"": [
    -8.320014177600000e+01,
    4.243042354200000e+01
  ],
  ""type"": ""Point""
}","{
  ""coordinates"": [
    -83.200141776,
    42.430423542
  ],
  ""type"": ""Point""
}",-83.200141776,42.430423542
6083,1152948,RAMP 938E,RAMP 038G,2017-10-06,6,10,2017,9,6,5,1,,1,0,,2,4,1,55,2,3,3,5,0,0,0,0,true,,false,false,false,false,false,,,,,,false,false,true,,,false,false,false,false,false,-83.07018,42.33359,"{
  ""coordinates"": [
    -8.307017448999990e+01,
    4.233358971100010e+01
  ],
  ""type"": ""Point""
}","{
  ""coordinates"": [
    -83.07017449,
    42.333589711
  ],
  ""type"": ""Point""
}",-83.0701744899999,42.3335897110001
6084,1151436,7 MILE,SCHOENHERR,2017-10-06,6,10,2017,1,6,4,9,,4,0,,2,4,4,30,4,2,3,3,0,0,2,0,false,,true,true,false,true,false,,,,,,false,false,true,,,false,false,false,false,false,-82.98508,42.43493,"{
  ""coordinates"": [
    -8.298508132599990e+01,
    4.243492436700010e+01
  ],
  ""type"": ""Point""
}","{
  ""coordinates"": [
    -82.985081326,
    42.434924367
  ],
  ""type"": ""Point""
}",-82.9850813259999,42.4349243670001
6085,1155257,E I 94,GRAND,2017-10-06,6,10,2017,0,6,4,1,,1,0,,2,4,4,25,3,2,11,5,0,0,0,0,true,,false,false,false,false,false,,,,,,false,false,true,,,false,false,false,false,false,-83.10912,42.34674,"{
  ""coordinates"": [
    -8.310912402199990e+01,
    4.234674425200010e+01
  ],
  ""type"": ""Point""
}","{
  ""coordinates"": [
    -83.109124022,
    42.346744252
  ],
  ""type"": ""Point""
}",-83.1091240219999,42.3467442520001
6086,1157466,E I 96,FULLERTON,2017-10-06,6,10,2017,22,6,8,1,,1,0,,2,4,3,70,4,2,2,4,0,0,0,1,false,,false,false,true,false,false,,,,,,false,false,false,,,false,false,false,false,false,-83.18912,42.38013,"{
  ""coordinates"": [
    -8.318911888900000e+01,
    4.238013338200010e+01
  ],
  ""type"": ""Point""
}","{
  ""coordinates"": [
    -83.189118889,
    42.380133382
  ],
  ""type"": ""Point""
}",-83.189118889,42.3801333820001
6087,1317693,MCNICHOLS,HUBBELL,2017-10-06,6,10,2017,21,6,5,9,,2,0,,2,4,3,35,2,2,1,5,0,0,0,0,true,,false,false,true,false,false,,,,,,false,false,false,,,false,false,false,false,false,-83.18948,42.41647,"{
  ""coordinates"": [
    -8.318947297499990e+01,
    4.241646718200010e+01
  ],
  ""type"": ""Point""
}","{
  ""coordinates"": [
    -83.189472975,
    42.416467182
  ],
  ""type"": ""Point""
}",-83.1894729749999,42.4164671820001
6088,1152944,I-75,CARPENTER,2017-10-06,6,10,2017,8,6,8,1,,1,0,,2,4,2,70,5,2,2,4,0,0,0,1,false,,false,false,false,false,false,,,,,,false,true,false,,,false,false,false,false,false,-83.07276,42.40322,"{
  ""coordinates"": [
    -8.307276417900000e+01,
    4.240322281300010e+01
  ],
  ""type"": ""Point""
}","{
  ""coordinates"": [
    -83.072764179,
    42.403222813
  ],
  ""type"": ""Point""
}",-83.072764179,42.4032228130001
6089,1162391,LINWOOD,GROVE,2017-10-06,6,10,2017,16,6,9,9,,4,2,,98,98,1,30,2,2,2,5,0,0,0,0,true,,false,false,true,false,false,,,,,,false,false,true,,,false,false,false,false,false,-83.12805,42.4154,"{
  ""coordinates"": [
    -8.312804918499999e+01,
    4.241539772000000e+01
  ],
  ""type"": ""Point""
}","{
  ""coordinates"": [
    -83.128049185,
    42.41539772
  ],
  ""type"": ""Point""
}",-83.128049185,42.41539772
6090,1155284,7 MILE,S M 39,2017-10-06,6,10,2017,15,6,5,9,,2,0,,2,4,1,35,2,2,3,5,0,0,0,0,true,,false,false,false,false,false,,,,,,false,false,false,,,false,false,false,false,false,-83.21947,42.43002,"{
  ""coordinates"": [
    -8.321946834999990e+01,
    4.243002215400000e+01
  ],
  ""type"": ""Point""
}","{
  ""coordinates"": [
    -83.21946835,
    42.430022154
  ],
  ""type"": ""Point""
}",-83.2194683499999,42.430022154
6091,1211196,TIREMAN,MEMORIAL,2017-10-06,6,10,2017,6,6,9,9,,4,0,,2,4,4,0,2,2,0,5,0,0,0,0,true,,false,false,true,false,false,,,,,,false,false,false,,,false,false,false,false,false,-83.21074,42.3507,"{
  ""coordinates"": [
    -8.321074020899989e+01,
    4.235069890900010e+01
  ],
  ""type"": ""Point""
}","{
  ""coordinates"": [
    -83.210740209,
    42.350698909
  ],
  ""type"": ""Point""
}",-83.2107402089999,42.3506989090001
6092,1153021,8 MILE,BROCK,2017-10-06,6,10,2017,11,6,5,3,,1,0,,2,2,1,40,4,2,3,5,0,0,0,0,true,,false,false,false,false,false,,,,,,false,false,false,,,false,false,false,false,false,-82.96359,42.44994,"{
  ""coordinates"": [
    -8.296358912600000e+01,
    4.244993865900010e+01
  ],
  ""type"": ""Point""
}","{
  ""coordinates"": [
    -82.963589126,
    42.449938659
  ],
  ""type"": ""Point""
}",-82.963589126,42.4499386590001
6093,1152879,M-10,GRAND,2017-10-06,6,10,2017,16,6,5,3,,1,0,,1,2,1,55,3,2,2,5,0,0,0,0,true,,false,false,false,false,false,,,,,,false,false,false,,,false,false,false,false,false,-83.08196,42.36745,"{
  ""coordinates"": [
    -8.308196508400000e+01,
    4.236744798400010e+01
  ],
  ""type"": ""Point""
}","{
  ""coordinates"": [
    -83.081965084,
    42.367447984
  ],
  ""type"": ""Point""
}",-83.081965084,42.3674479840001
6094,1171782,N/B I-75,7 MILE,2017-10-06,6,10,2017,18,6,5,1,,1,0,,1,1,1,70,3,4,3,5,0,0,0,0,true,,false,false,true,false,false,,,,,,false,true,true,,,false,false,false,false,false,-83.09418,42.42816,"{
  ""coordinates"": [
    -8.309418382400000e+01,
    4.242815592700000e+01
  ],
  ""type"": ""Point""
}","{
  ""coordinates"": [
    -83.094183824,
    42.428155927
  ],
  ""type"": ""Point""
}",-83.094183824,42.428155927
6095,1152952,I-75,8 MILE,2017-10-06,6,10,2017,8,6,8,1,,1,0,,2,4,1,70,4,2,2,5,0,0,0,0,true,,false,false,false,false,false,,,,,,false,false,false,,,false,false,false,false,false,-83.09466,42.44535,"{
  ""coordinates"": [
    -8.309466079600000e+01,
    4.244535407500010e+01
  ],
  ""type"": ""Point""
}","{
  ""coordinates"": [
    -83.094660796,
    42.445354075
  ],
  ""type"": ""Point""
}",-83.094660796,42.4453540750001
6096,1157563,MORANG,PAYTON,2017-10-06,6,10,2017,22,6,5,9,,4,0,,98,1,3,25,2,2,1,5,0,0,0,0,true,,false,false,true,false,false,,,,,,false,false,true,,,false,false,false,false,false,-82.95609,42.42863,"{
  ""coordinates"": [
    -8.295609566699990e+01,
    4.242862886200000e+01
  ],
  ""type"": ""Point""
}","{
  ""coordinates"": [
    -82.956095667,
    42.428628862
  ],
  ""type"": ""Point""
}",-82.9560956669999,42.428628862
6097,1154410,JEFFERSON,WOODWARD,2017-10-06,6,10,2017,13,6,97,3,,1,0,,1,2,1,30,4,2,3,5,0,0,0,0,true,,false,false,false,false,false,,,,,,false,false,true,,,false,false,false,false,false,-83.04472,42.32878,"{
  ""coordinates"": [
    -8.304471362000000e+01,
    4.232877897600010e+01
  ],
  ""type"": ""Point""
}","{
  ""coordinates"": [
    -83.04471362,
    42.328778976
  ],
  ""type"": ""Point""
}",-83.04471362,42.3287789760001
6098,1153007,PURITAN,CHATHAM,2017-10-06,6,10,2017,2,6,8,9,,,3,,2,4,4,25,1,2,0,5,0,0,0,0,true,,false,false,true,false,false,,,,,,false,false,false,,,false,false,false,false,false,-83.26383,42.40761,"{
  ""coordinates"": [
    -8.326383008200000e+01,
    4.240761139700000e+01
  ],
  ""type"": ""Point""
}","{
  ""coordinates"": [
    -83.263830082,
    42.407611397
  ],
  ""type"": ""Point""
}",-83.263830082,42.407611397
6099,1152956,RAMP 141C,UNDERWOOD,2017-10-06,6,10,2017,13,6,5,1,,1,0,,2,2,1,70,1,3,3,4,0,0,0,1,false,,false,false,false,false,false,,,,,,false,false,false,,,false,false,false,false,false,-83.13487,42.36614,"{
  ""coordinates"": [
    -8.313487204800001e+01,
    4.236614306800000e+01
  ],
  ""type"": ""Point""
}","{
  ""coordinates"": [
    -83.134872048,
    42.366143068
  ],
  ""type"": ""Point""
}",-83.134872048,42.366143068