ObjectId,Crash ID,Primary Road,Intersecting Road,Crash Date,Day,Month,Year,Hour,Weekday,Crash Type Code,Highway Classification Code,Community Code,Jurisdiction Code,Lane Departure Type Code,Surface Type,Road Condition,Weather Condition,Lighting Condition,Speed Limit,Lanes,Units,Occupants,Most Severe Injury,Fatal Injuries,Suspected Serious Injuries,Suspected Minor Injuries,Possible Injuries,Property Damage Only,Secondary Crash,Traffic Control,Red Light Run,Hit and Run,Alcohol,Drugs,Unbelted Person,Work Zone,Speeding Driver,Distracted Driver,Driveway,Pedestrian,Elderly Driver,Young Driver,Commercial Vehicle,Emergency Vehicles,Train,School Bus,Motorcycle,Bicycle,Deer,Longitude,Latitude,geom,geog,x,y
6100,1152996,WARREN,SEMINOLE,2017-10-06,6,10,2017,9,6,4,9,,4,0,,2,4,1,30,3,2,4,3,0,0,2,1,false,,false,false,false,false,false,,,,,,false,true,true,,,false,false,false,false,false,-83.00967,42.37714,"{
  ""coordinates"": [
    -8.300967466500001e+01,
    4.237713929700000e+01
  ],
  ""type"": ""Point""
}","{
  ""coordinates"": [
    -83.009674665,
    42.377139297
  ],
  ""type"": ""Point""
}",-83.009674665,42.377139297
6101,1153031,JOY,YOSEMITE,2017-10-06,6,10,2017,7,6,5,9,,4,0,,2,4,1,35,2,2,2,5,0,0,0,0,true,,false,false,false,false,false,,,,,,false,false,false,,,false,false,false,false,false,-83.1286,42.36601,"{
  ""coordinates"": [
    -8.312859731600000e+01,
    4.236601397700010e+01
  ],
  ""type"": ""Point""
}","{
  ""coordinates"": [
    -83.128597316,
    42.366013977
  ],
  ""type"": ""Point""
}",-83.128597316,42.3660139770001
6102,1151437,HOUSTON-WHITTIER,FILBERT,2017-10-06,6,10,2017,0,6,1,9,,4,1,,98,98,4,30,2,1,0,5,0,0,0,0,true,,false,false,true,false,false,,,,,,false,false,false,,,false,false,false,false,false,-82.98011,42.42054,"{
  ""coordinates"": [
    -8.298010662199989e+01,
    4.242054320000010e+01
  ],
  ""type"": ""Point""
}","{
  ""coordinates"": [
    -82.980106622,
    42.4205432
  ],
  ""type"": ""Point""
}",-82.9801066219999,42.4205432000001
6103,1153023,GRATIOT,8 MILE,2017-10-06,6,10,2017,15,6,5,3,,1,0,,1,1,1,35,7,2,2,5,0,0,0,0,true,,false,false,false,false,false,,,,,,false,false,false,,,false,false,false,false,false,-82.96805,42.44967,"{
  ""coordinates"": [
    -8.296804675500000e+01,
    4.244967460200010e+01
  ],
  ""type"": ""Point""
}","{
  ""coordinates"": [
    -82.968046755,
    42.449674602
  ],
  ""type"": ""Point""
}",-82.968046755,42.4496746020001
6104,1152972,N I 75 SERVICE DRIVE,LIVERNOIS,2017-10-06,6,10,2017,10,6,1,9,,4,0,,2,4,1,25,4,2,3,2,0,1,0,0,false,,false,false,false,false,false,,,,,,true,false,false,,,false,false,false,false,false,-83.1039,42.30711,"{
  ""coordinates"": [
    -8.310390276899990e+01,
    4.230711371200000e+01
  ],
  ""type"": ""Point""
}","{
  ""coordinates"": [
    -83.103902769,
    42.307113712
  ],
  ""type"": ""Point""
}",-83.1039027689999,42.307113712
6105,1152993,ASBURY,WHITLOCK,2017-10-06,6,10,2017,23,6,6,9,,,0,,2,1,4,25,2,2,2,4,0,0,0,2,false,,false,false,true,false,false,,,,,,false,true,false,,,false,false,false,false,false,-83.20602,42.33979,"{
  ""coordinates"": [
    -8.320601926900000e+01,
    4.233978824600010e+01
  ],
  ""type"": ""Point""
}","{
  ""coordinates"": [
    -83.206019269,
    42.339788246
  ],
  ""type"": ""Point""
}",-83.206019269,42.3397882460001
6106,1154354,E I 96,HUBBELL,2017-10-06,6,10,2017,13,6,97,1,,1,0,,2,2,1,70,3,2,5,5,0,0,0,0,true,,false,false,false,false,false,,,,,,false,false,true,,,false,false,false,false,false,-83.18843,42.38037,"{
  ""coordinates"": [
    -8.318843242600001e+01,
    4.238036753300000e+01
  ],
  ""type"": ""Point""
}","{
  ""coordinates"": [
    -83.188432426,
    42.380367533
  ],
  ""type"": ""Point""
}",-83.188432426,42.380367533
6107,1153004,JAMES COUZENS,GREENFIELD,2017-10-06,6,10,2017,8,6,8,3,,1,0,,2,4,1,35,3,2,2,5,0,0,0,0,true,,false,false,false,false,false,,,,,,false,false,true,,,false,false,false,false,false,-83.20034,42.44267,"{
  ""coordinates"": [
    -8.320034152999990e+01,
    4.244267383100000e+01
  ],
  ""type"": ""Point""
}","{
  ""coordinates"": [
    -83.20034153,
    42.442673831
  ],
  ""type"": ""Point""
}",-83.2003415299999,42.442673831
6108,1155260,MILWAUKEE,M 10 SERVICE,2017-10-06,6,10,2017,15,6,98,9,,4,0,,2,1,3,25,4,2,2,5,0,0,0,0,true,,true,true,false,false,false,,,,,,false,false,false,,,false,false,false,false,false,-83.0815,42.36576,"{
  ""coordinates"": [
    -8.308150313000000e+01,
    4.236576025500010e+01
  ],
  ""type"": ""Point""
}","{
  ""coordinates"": [
    -83.08150313,
    42.365760255
  ],
  ""type"": ""Point""
}",-83.08150313,42.3657602550001
6109,1216658,DUCHESS,MOROSS,2017-10-06,6,10,2017,16,6,4,9,,,0,,2,1,1,25,2,2,1,5,0,0,0,0,true,,false,false,true,false,false,,,,,,false,false,false,,,false,false,false,false,false,-82.95053,42.43254,"{
  ""coordinates"": [
    -8.295053241700001e+01,
    4.243254090600000e+01
  ],
  ""type"": ""Point""
}","{
  ""coordinates"": [
    -82.950532417,
    42.432540906
  ],
  ""type"": ""Point""
}",-82.950532417,42.432540906
6110,1154341,I 75,DEARBORN,2017-10-06,6,10,2017,8,6,8,1,,1,0,,2,4,2,50,3,2,2,5,0,0,0,0,true,,false,false,false,false,false,,,,,,false,false,false,,,false,false,false,false,false,-83.12727,42.29427,"{
  ""coordinates"": [
    -8.312727657900000e+01,
    4.229427284600010e+01
  ],
  ""type"": ""Point""
}","{
  ""coordinates"": [
    -83.127276579,
    42.294272846
  ],
  ""type"": ""Point""
}",-83.127276579,42.2942728460001
6111,1159918,JAMES COUZENS,OUTER,2017-10-06,6,10,2017,15,6,5,9,,4,0,,1,2,1,30,3,2,3,5,0,0,0,0,true,,false,false,false,false,false,,,,,,false,false,true,,,false,false,false,false,false,-83.17654,42.42097,"{
  ""coordinates"": [
    -8.317654119299991e+01,
    4.242096586000010e+01
  ],
  ""type"": ""Point""
}","{
  ""coordinates"": [
    -83.176541193,
    42.42096586
  ],
  ""type"": ""Point""
}",-83.1765411929999,42.4209658600001
6112,1153029,BLAINE,14TH,2017-10-06,6,10,2017,10,6,1,9,,,1,,2,4,1,25,1,1,1,5,0,0,0,0,true,,false,false,false,false,false,,,,,,false,false,false,,,false,false,false,false,false,-83.10051,42.37194,"{
  ""coordinates"": [
    -8.310051239300000e+01,
    4.237194386000000e+01
  ],
  ""type"": ""Point""
}","{
  ""coordinates"": [
    -83.100512393,
    42.37194386
  ],
  ""type"": ""Point""
}",-83.100512393,42.37194386
6113,1155300,MORANG,MARNE,2017-10-06,6,10,2017,4,6,8,9,,4,0,,2,4,4,30,4,2,2,5,0,0,0,0,true,,false,false,false,true,false,,,,,,false,false,false,,,false,false,false,false,false,-82.9384,42.42139,"{
  ""coordinates"": [
    -8.293839727200000e+01,
    4.242139067300010e+01
  ],
  ""type"": ""Point""
}","{
  ""coordinates"": [
    -82.938397272,
    42.421390673
  ],
  ""type"": ""Point""
}",-82.938397272,42.4213906730001
6114,1152980,CONNER,HERN,2017-10-06,6,10,2017,3,6,8,9,,4,0,,1,2,1,25,2,2,5,4,0,0,0,3,false,,true,true,false,false,false,,,,,,false,false,false,,,false,false,false,false,false,-82.98761,42.39511,"{
  ""coordinates"": [
    -8.298761053699999e+01,
    4.239510930700000e+01
  ],
  ""type"": ""Point""
}","{
  ""coordinates"": [
    -82.987610537,
    42.395109307
  ],
  ""type"": ""Point""
}",-82.987610537,42.395109307
6115,1153044,7 MILE,SORRENTO,2017-10-06,6,10,2017,17,6,4,9,,2,0,,2,2,1,30,4,2,1,5,0,0,0,0,true,,false,false,true,false,false,,,,,,false,false,false,,,false,false,false,false,false,-83.17419,42.4312,"{
  ""coordinates"": [
    -8.317418376599990e+01,
    4.243119724100010e+01
  ],
  ""type"": ""Point""
}","{
  ""coordinates"": [
    -83.174183766,
    42.431197241
  ],
  ""type"": ""Point""
}",-83.1741837659999,42.4311972410001
6116,1154365,I94,WEIR,2017-10-06,6,10,2017,7,6,5,1,,1,0,,2,4,1,55,3,2,2,4,0,0,0,1,false,,false,false,true,false,false,,,,,,false,false,true,,,false,false,false,false,false,-83.15616,42.32886,"{
  ""coordinates"": [
    -8.315615474700000e+01,
    4.232885864500000e+01
  ],
  ""type"": ""Point""
}","{
  ""coordinates"": [
    -83.156154747,
    42.328858645
  ],
  ""type"": ""Point""
}",-83.156154747,42.328858645
6117,1157556,CAVALRY,CADET,2017-10-06,6,10,2017,21,6,8,9,,,3,,2,4,4,25,1,2,0,5,0,0,0,0,true,,false,false,true,false,false,,,,,,false,false,false,,,false,false,false,false,false,-83.10476,42.31501,"{
  ""coordinates"": [
    -8.310475691999990e+01,
    4.231501532500000e+01
  ],
  ""type"": ""Point""
}","{
  ""coordinates"": [
    -83.10475692,
    42.315015325
  ],
  ""type"": ""Point""
}",-83.1047569199999,42.315015325
6118,1151430,MACK,N I 75 SERVICE DRIVE,2017-10-06,6,10,2017,7,6,4,9,,4,0,,2,1,2,30,2,2,1,5,0,0,0,0,true,,false,false,true,false,false,,,,,,false,false,false,,,false,false,false,false,false,-83.04745,42.35152,"{
  ""coordinates"": [
    -8.304745038300000e+01,
    4.235152033200010e+01
  ],
  ""type"": ""Point""
}","{
  ""coordinates"": [
    -83.047450383,
    42.351520332
  ],
  ""type"": ""Point""
}",-83.047450383,42.3515203320001
6119,1152923,N I 75,ROSA PARKS,2017-10-06,6,10,2017,21,6,1,1,,1,1,,2,4,4,55,2,1,1,5,0,0,0,0,true,,false,false,false,false,false,,,,,,false,false,false,,,false,false,true,false,false,-83.0732,42.33324,"{
  ""coordinates"": [
    -8.307319546699991e+01,
    4.233323821300010e+01
  ],
  ""type"": ""Point""
}","{
  ""coordinates"": [
    -83.073195467,
    42.333238213
  ],
  ""type"": ""Point""
}",-83.0731954669999,42.3332382130001
6120,1152974,BUCHANAN,35TH,2017-10-06,6,10,2017,13,6,4,9,,4,0,,2,2,1,30,6,2,1,5,0,0,0,0,true,,true,false,true,false,false,,,,,,false,false,false,,,false,false,false,false,false,-83.11549,42.3348,"{
  ""coordinates"": [
    -8.311549331899990e+01,
    4.233480385000010e+01
  ],
  ""type"": ""Point""
}","{
  ""coordinates"": [
    -83.115493319,
    42.33480385
  ],
  ""type"": ""Point""
}",-83.1154933189999,42.3348038500001
6121,1152975,FORT,23RD,2017-10-06,6,10,2017,10,6,97,3,,1,0,,2,4,1,30,4,2,2,3,0,0,1,0,false,,false,false,false,false,false,,,,,,false,true,false,,,false,false,false,false,false,-83.07993,42.31673,"{
  ""coordinates"": [
    -8.307993657400000e+01,
    4.231673020000010e+01
  ],
  ""type"": ""Point""
}","{
  ""coordinates"": [
    -83.079936574,
    42.3167302
  ],
  ""type"": ""Point""
}",-83.079936574,42.3167302000001
6122,1152881,RAMP 047A,I-75,2017-10-06,6,10,2017,23,6,1,1,,1,1,,2,3,4,70,1,1,1,5,0,0,0,0,true,,false,false,false,false,false,,,,,,false,false,false,,,false,false,false,false,false,-83.07694,42.40829,"{
  ""coordinates"": [
    -8.307694458100001e+01,
    4.240829004900010e+01
  ],
  ""type"": ""Point""
}","{
  ""coordinates"": [
    -83.076944581,
    42.408290049
  ],
  ""type"": ""Point""
}",-83.076944581,42.4082900490001
6123,1152995,8 MILE,SHERWOOD,2017-10-06,6,10,2017,23,6,8,3,,1,0,,2,4,4,35,4,2,3,5,0,0,0,0,true,,false,false,false,false,false,,,,,,false,false,false,,,false,false,false,false,false,-83.03661,42.44794,"{
  ""coordinates"": [
    -8.303661641900000e+01,
    4.244793580500000e+01
  ],
  ""type"": ""Point""
}","{
  ""coordinates"": [
    -83.036616419,
    42.447935805
  ],
  ""type"": ""Point""
}",-83.036616419,42.447935805
6124,1153028,LINWOOD,CLEMENTS,2017-10-06,6,10,2017,23,6,5,9,,4,3,,2,98,4,0,3,2,1,5,0,0,0,0,true,,false,false,false,false,false,,,,,,false,false,false,,,false,false,false,false,false,-83.12263,42.39393,"{
  ""coordinates"": [
    -8.312262971199991e+01,
    4.239392806800000e+01
  ],
  ""type"": ""Point""
}","{
  ""coordinates"": [
    -83.122629712,
    42.393928068
  ],
  ""type"": ""Point""
}",-83.1226297119999,42.393928068
6125,1153047,MEYERS,CURTIS,2017-10-06,6,10,2017,17,6,3,9,,4,0,,2,2,3,30,2,2,3,4,0,0,0,3,false,,false,false,false,false,false,,,,,,false,false,true,,,false,false,false,false,false,-83.17043,42.424,"{
  ""coordinates"": [
    -8.317043403400000e+01,
    4.242399990200000e+01
  ],
  ""type"": ""Point""
}","{
  ""coordinates"": [
    -83.170434034,
    42.423999902
  ],
  ""type"": ""Point""
}",-83.170434034,42.423999902
6126,1153006,MCNICHOLS,FORRER,2017-10-06,6,10,2017,15,6,5,9,,2,0,,2,2,4,35,4,4,5,5,0,0,0,0,true,,false,false,false,false,false,,,,,,false,false,true,,,false,false,false,false,false,-83.20213,42.41591,"{
  ""coordinates"": [
    -8.320212952000000e+01,
    4.241591256800010e+01
  ],
  ""type"": ""Point""
}","{
  ""coordinates"": [
    -83.20212952,
    42.415912568
  ],
  ""type"": ""Point""
}",-83.20212952,42.4159125680001
6127,1153020,WESTPHALIA,COLLINGHAM,2017-10-06,6,10,2017,12,6,4,9,,,0,,2,4,1,25,1,2,2,4,0,0,0,1,false,,true,false,false,false,false,,,,,,false,false,false,,,false,false,false,false,false,-82.9929,42.44747,"{
  ""coordinates"": [
    -8.299289783800000e+01,
    4.244746813500010e+01
  ],
  ""type"": ""Point""
}","{
  ""coordinates"": [
    -82.992897838,
    42.447468135
  ],
  ""type"": ""Point""
}",-82.992897838,42.4474681350001
6128,1152925,I-75,GREENDALE,2017-10-06,6,10,2017,6,6,5,9,,4,0,,2,4,5,70,4,3,3,5,0,0,0,0,true,,false,false,false,false,false,,,,,,false,false,false,,,false,false,false,false,false,-83.09359,42.42688,"{
  ""coordinates"": [
    -8.309358732899990e+01,
    4.242688083800000e+01
  ],
  ""type"": ""Point""
}","{
  ""coordinates"": [
    -83.093587329,
    42.426880838
  ],
  ""type"": ""Point""
}",-83.0935873289999,42.426880838
6129,1152908,I-75,CARPENTER,2017-10-06,6,10,2017,7,6,5,1,,1,0,,2,4,2,70,5,2,1,5,0,0,0,0,true,,false,false,true,false,false,,,,,,false,false,false,,,false,false,false,false,false,-83.07292,42.40347,"{
  ""coordinates"": [
    -8.307292556399990e+01,
    4.240347070800000e+01
  ],
  ""type"": ""Point""
}","{
  ""coordinates"": [
    -83.072925564,
    42.403470708
  ],
  ""type"": ""Point""
}",-83.0729255639999,42.403470708
6130,1152949,I-96,WYOMING,2017-10-06,6,10,2017,14,6,1,1,,1,1,,2,2,1,55,4,1,1,2,0,1,0,0,false,,false,false,false,false,false,,,,,,false,false,false,,,false,false,false,false,false,-83.1541,42.38503,"{
  ""coordinates"": [
    -8.315409758200001e+01,
    4.238503028200010e+01
  ],
  ""type"": ""Point""
}","{
  ""coordinates"": [
    -83.154097582,
    42.385030282
  ],
  ""type"": ""Point""
}",-83.154097582,42.3850302820001
6131,1153046,MEYERS,7 MILE,2017-10-06,6,10,2017,16,6,5,9,,4,0,,1,1,1,30,4,2,3,4,0,0,0,1,false,,false,false,false,false,false,,,,,,false,false,true,,,false,false,false,false,false,-83.17069,42.4312,"{
  ""coordinates"": [
    -8.317069088499990e+01,
    4.243119677900010e+01
  ],
  ""type"": ""Point""
}","{
  ""coordinates"": [
    -83.170690885,
    42.431196779
  ],
  ""type"": ""Point""
}",-83.1706908849999,42.4311967790001
6132,1156149,JEFFERSON,GRISWOLD,2017-10-06,6,10,2017,0,6,4,3,,1,0,,2,4,4,30,8,2,1,5,0,0,0,0,true,,false,false,true,false,false,,,,,,false,true,false,,,false,false,false,false,false,-83.04536,42.32817,"{
  ""coordinates"": [
    -8.304536433899990e+01,
    4.232817180600010e+01
  ],
  ""type"": ""Point""
}","{
  ""coordinates"": [
    -83.045364339,
    42.328171806
  ],
  ""type"": ""Point""
}",-83.0453643389999,42.3281718060001
6133,1152984,CONNER,WARREN,2017-10-06,6,10,2017,4,6,5,9,,4,0,,2,4,4,35,5,2,2,5,0,0,0,0,true,,false,false,false,false,false,,,,,,false,false,true,,,false,false,false,false,false,-82.97599,42.38928,"{
  ""coordinates"": [
    -8.297598901500000e+01,
    4.238928164000000e+01
  ],
  ""type"": ""Point""
}","{
  ""coordinates"": [
    -82.975989015,
    42.38928164
  ],
  ""type"": ""Point""
}",-82.975989015,42.38928164
6134,1153022,GLENFIELD,ROSEBERRY,2017-10-06,6,10,2017,0,6,2,9,,,0,,2,4,5,25,2,2,0,5,0,0,0,0,true,,false,false,true,false,false,,,,,,false,false,false,,,false,false,false,false,false,-82.98914,42.41199,"{
  ""coordinates"": [
    -8.298914600200000e+01,
    4.241198603800010e+01
  ],
  ""type"": ""Point""
}","{
  ""coordinates"": [
    -82.989146002,
    42.411986038
  ],
  ""type"": ""Point""
}",-82.989146002,42.4119860380001
6135,1151444,2010 MONTEREY,14TH,2017-10-06,6,10,2017,2,6,5,9,,,3,,2,4,5,0,1,2,1,5,0,0,0,0,true,,false,false,true,false,false,,,,,,false,false,false,,,false,false,false,false,false,-83.10993,42.38773,"{
  ""coordinates"": [
    -8.310993548499989e+01,
    4.238772729100000e+01
  ],
  ""type"": ""Point""
}","{
  ""coordinates"": [
    -83.109935485,
    42.387727291
  ],
  ""type"": ""Point""
}",-83.1099354849999,42.387727291
6136,1155314,WEST,EDSEL,2017-10-06,6,10,2017,7,6,5,3,,1,0,,2,4,2,35,4,2,2,5,0,0,0,0,true,,false,false,false,false,false,,,,,,false,false,false,,,false,false,false,false,false,-83.07599,42.359,"{
  ""coordinates"": [
    -8.307598736200001e+01,
    4.235899982300000e+01
  ],
  ""type"": ""Point""
}","{
  ""coordinates"": [
    -83.075987362,
    42.358999823
  ],
  ""type"": ""Point""
}",-83.075987362,42.358999823
6137,1153038,MT ELLIOT,HUBER,2017-10-06,6,10,2017,6,6,5,9,,4,0,,2,4,4,0,4,2,2,5,0,0,0,0,true,,false,false,false,false,false,,,,,,false,false,true,,,false,false,false,false,false,-83.03757,42.39728,"{
  ""coordinates"": [
    -8.303757015799989e+01,
    4.239728261400010e+01
  ],
  ""type"": ""Point""
}","{
  ""coordinates"": [
    -83.037570158,
    42.397282614
  ],
  ""type"": ""Point""
}",-83.0375701579999,42.3972826140001
6138,1157501,N M 39,WARREN,2017-10-06,6,10,2017,3,6,8,3,,1,0,,2,4,4,55,3,2,2,5,0,0,0,0,true,,false,false,true,false,false,,,,,,false,false,false,,,false,false,false,false,false,-83.21605,42.34365,"{
  ""coordinates"": [
    -8.321605025799990e+01,
    4.234365221600010e+01
  ],
  ""type"": ""Point""
}","{
  ""coordinates"": [
    -83.216050258,
    42.343652216
  ],
  ""type"": ""Point""
}",-83.2160502579999,42.3436522160001
6139,1153002,MC NICOLAS,WOODWARD,2017-10-06,6,10,2017,8,6,5,3,,4,0,,2,4,1,30,4,2,1,5,0,0,0,0,true,,false,false,false,false,false,,,,,,false,false,false,,,false,false,false,false,false,-83.10537,42.41776,"{
  ""coordinates"": [
    -8.310536710000000e+01,
    4.241775513200000e+01
  ],
  ""type"": ""Point""
}","{
  ""coordinates"": [
    -83.1053671,
    42.417755132
  ],
  ""type"": ""Point""
}",-83.1053671,42.417755132
6140,1154433,RAMP 039A,S I 75 SERVICE DRIVE,2017-10-06,6,10,2017,19,6,5,1,,1,0,,2,4,4,0,1,2,3,4,0,0,0,1,false,,false,false,false,false,false,,,,,,false,true,false,,,false,false,false,false,false,-83.05849,42.33727,"{
  ""coordinates"": [
    -8.305849598400000e+01,
    4.233727314500000e+01
  ],
  ""type"": ""Point""
}","{
  ""coordinates"": [
    -83.058495984,
    42.337273145
  ],
  ""type"": ""Point""
}",-83.058495984,42.337273145
6141,1152988,TIREMAN,MEMORIAL,2017-10-06,6,10,2017,4,6,2,9,,4,2,,98,98,98,35,2,2,0,5,0,0,0,0,true,,false,false,false,false,false,,,,,,false,false,false,,,false,false,false,false,false,-83.21043,42.3507,"{
  ""coordinates"": [
    -8.321042716300001e+01,
    4.235070177400010e+01
  ],
  ""type"": ""Point""
}","{
  ""coordinates"": [
    -83.210427163,
    42.350701774
  ],
  ""type"": ""Point""
}",-83.210427163,42.3507017740001
6142,1153036,7 MILE,VAN DYKE,2017-10-06,6,10,2017,11,6,8,3,,4,0,,2,4,4,30,4,2,1,5,0,0,0,0,true,,false,false,true,false,false,,,,,,false,false,false,,,false,false,false,false,false,-83.02419,42.43398,"{
  ""coordinates"": [
    -8.302419342000000e+01,
    4.243397763200010e+01
  ],
  ""type"": ""Point""
}","{
  ""coordinates"": [
    -83.02419342,
    42.433977632
  ],
  ""type"": ""Point""
}",-83.02419342,42.4339776320001
6143,1152963,SCHAEFER,EATON,2017-10-06,6,10,2017,6,6,1,9,,4,1,,2,4,4,30,4,1,0,5,0,0,0,0,true,,false,false,false,false,false,,,,,,false,false,false,,,false,false,false,false,false,-83.17886,42.39619,"{
  ""coordinates"": [
    -8.317885756399990e+01,
    4.239619595300010e+01
  ],
  ""type"": ""Point""
}","{
  ""coordinates"": [
    -83.178857564,
    42.396195953
  ],
  ""type"": ""Point""
}",-83.1788575639999,42.3961959530001
6144,1152978,MICHIGAN,JUNCTION,2017-10-06,6,10,2017,7,6,4,2,,1,0,,2,4,4,35,5,2,36,5,0,0,0,0,true,,false,false,false,false,false,,,,,,false,false,false,,,false,false,false,false,false,-83.11151,42.33118,"{
  ""coordinates"": [
    -8.311150909299990e+01,
    4.233117601700010e+01
  ],
  ""type"": ""Point""
}","{
  ""coordinates"": [
    -83.111509093,
    42.331176017
  ],
  ""type"": ""Point""
}",-83.1115090929999,42.3311760170001
6145,1171184,WARREN,ANN ARBOR TRAIL,2017-10-05,5,10,2017,7,5,4,9,,2,0,,1,1,1,35,5,2,5,5,0,0,0,0,true,,true,true,false,false,false,,,,,,false,false,false,,,false,false,false,false,false,-83.26224,42.34174,"{
  ""coordinates"": [
    -8.326223375599990e+01,
    4.234173563100010e+01
  ],
  ""type"": ""Point""
}","{
  ""coordinates"": [
    -83.262233756,
    42.341735631
  ],
  ""type"": ""Point""
}",-83.2622337559999,42.3417356310001
6146,1151457,7 MILE,HARTWELL,2017-10-05,5,10,2017,16,5,5,9,,2,0,,1,1,1,30,5,3,2,5,0,0,0,0,true,,false,false,false,false,false,,,,,,false,true,false,,,false,false,false,false,false,-83.17874,42.43113,"{
  ""coordinates"": [
    -8.317873822000000e+01,
    4.243112634800010e+01
  ],
  ""type"": ""Point""
}","{
  ""coordinates"": [
    -83.17873822,
    42.431126348
  ],
  ""type"": ""Point""
}",-83.17873822,42.4311263480001
6147,1151435,TELEGRAPH,RAMP 051B,2017-10-05,5,10,2017,14,5,5,2,,1,0,,1,1,1,0,4,2,2,5,0,0,0,0,true,,false,false,false,false,false,,,,,,false,false,false,,,false,false,false,false,false,-83.27835,42.44254,"{
  ""coordinates"": [
    -8.327834879600000e+01,
    4.244253590400010e+01
  ],
  ""type"": ""Point""
}","{
  ""coordinates"": [
    -83.278348796,
    42.442535904
  ],
  ""type"": ""Point""
}",-83.278348796,42.4425359040001
6148,1151452,JAMES COUZENS,CHIPPEWA,2017-10-05,5,10,2017,12,5,1,9,,4,1,,1,1,1,35,3,1,1,5,0,0,0,0,true,,false,false,false,false,true,,,,,,false,true,false,,,false,false,false,false,false,-83.19716,42.44054,"{
  ""coordinates"": [
    -8.319716197900000e+01,
    4.244053873000010e+01
  ],
  ""type"": ""Point""
}","{
  ""coordinates"": [
    -83.197161979,
    42.44053873
  ],
  ""type"": ""Point""
}",-83.197161979,42.4405387300001
6149,1151419,ASHTON,SAWYER,2017-10-05,5,10,2017,13,5,5,9,,,0,,1,1,1,25,2,2,1,5,0,0,0,0,true,,false,false,false,false,false,,,,,,false,false,false,,,false,false,false,false,false,-83.21729,42.3466,"{
  ""coordinates"": [
    -8.321728670800000e+01,
    4.234660490200010e+01
  ],
  ""type"": ""Point""
}","{
  ""coordinates"": [
    -83.217286708,
    42.346604902
  ],
  ""type"": ""Point""
}",-83.217286708,42.3466049020001
6150,1151405,FORT,OUTER,2017-10-05,5,10,2017,6,5,8,3,,1,0,,1,1,2,30,2,2,1,5,0,0,0,0,true,,false,false,true,false,false,,,,,,false,false,false,,,false,false,false,false,false,-83.16708,42.2625,"{
  ""coordinates"": [
    -8.316708556000000e+01,
    4.226250557400000e+01
  ],
  ""type"": ""Point""
}","{
  ""coordinates"": [
    -83.16708556,
    42.262505574
  ],
  ""type"": ""Point""
}",-83.16708556,42.262505574
6151,1157485,M-39,SCHOOLCRAFT,2017-10-05,5,10,2017,10,5,5,3,,1,0,,1,1,1,55,3,2,2,4,0,0,0,1,false,,false,false,false,false,false,,,,,,false,true,false,,,false,false,false,false,false,-83.21749,42.38527,"{
  ""coordinates"": [
    -8.321748875999999e+01,
    4.238526621000010e+01
  ],
  ""type"": ""Point""
}","{
  ""coordinates"": [
    -83.21748876,
    42.38526621
  ],
  ""type"": ""Point""
}",-83.21748876,42.3852662100001
6152,1151443,7 MILE,HOOVER,2017-10-05,5,10,2017,15,5,5,3,,4,0,,1,1,1,30,2,3,5,4,0,0,0,1,false,,false,false,false,false,false,,,,,,false,false,true,,,false,false,false,false,false,-83.00494,42.43443,"{
  ""coordinates"": [
    -8.300494382700001e+01,
    4.243442721600010e+01
  ],
  ""type"": ""Point""
}","{
  ""coordinates"": [
    -83.004943827,
    42.434427216
  ],
  ""type"": ""Point""
}",-83.004943827,42.4344272160001
6153,1151394,FULLERTON,STEEL,2017-10-05,5,10,2017,17,5,8,9,,4,0,,1,1,1,30,2,2,2,5,0,0,0,0,true,,false,false,false,false,false,,,,,,false,false,false,,,false,false,false,false,false,-83.17087,42.38045,"{
  ""coordinates"": [
    -8.317087148900001e+01,
    4.238044733500000e+01
  ],
  ""type"": ""Point""
}","{
  ""coordinates"": [
    -83.170871489,
    42.380447335
  ],
  ""type"": ""Point""
}",-83.170871489,42.380447335
6154,1151401,N M 10,LINWOOD,2017-10-05,5,10,2017,9,5,5,3,,1,0,,1,1,1,55,4,2,2,5,0,0,0,0,true,,false,false,false,false,false,,,,,,false,false,false,,,false,false,false,false,false,-83.12737,42.40522,"{
  ""coordinates"": [
    -8.312736772200000e+01,
    4.240522513500010e+01
  ],
  ""type"": ""Point""
}","{
  ""coordinates"": [
    -83.127367722,
    42.405225135
  ],
  ""type"": ""Point""
}",-83.127367722,42.4052251350001
6155,1151400,BALTIMORE,SECOND,2017-10-05,5,10,2017,8,5,4,9,,4,0,,1,1,1,25,4,2,2,5,0,0,0,0,true,,false,false,true,false,false,,,,,,false,false,false,,,false,false,false,false,false,-83.07526,42.36721,"{
  ""coordinates"": [
    -8.307526477200000e+01,
    4.236721134400010e+01
  ],
  ""type"": ""Point""
}","{
  ""coordinates"": [
    -83.075264772,
    42.367211344
  ],
  ""type"": ""Point""
}",-83.075264772,42.3672113440001
6156,1154350,RAMP 212B,E I 94,2017-10-05,5,10,2017,17,5,97,1,,1,0,,1,1,1,55,3,3,2,5,0,0,0,0,true,,false,false,true,false,false,,,,,,false,false,false,,,false,false,false,false,false,-83.12331,42.33789,"{
  ""coordinates"": [
    -8.312331017799990e+01,
    4.233788555100010e+01
  ],
  ""type"": ""Point""
}","{
  ""coordinates"": [
    -83.123310178,
    42.337885551
  ],
  ""type"": ""Point""
}",-83.1233101779999,42.3378855510001