ObjectId,Crash ID,Primary Road,Intersecting Road,Crash Date,Day,Month,Year,Hour,Weekday,Crash Type Code,Highway Classification Code,Community Code,Jurisdiction Code,Lane Departure Type Code,Surface Type,Road Condition,Weather Condition,Lighting Condition,Speed Limit,Lanes,Units,Occupants,Most Severe Injury,Fatal Injuries,Suspected Serious Injuries,Suspected Minor Injuries,Possible Injuries,Property Damage Only,Secondary Crash,Traffic Control,Red Light Run,Hit and Run,Alcohol,Drugs,Unbelted Person,Work Zone,Speeding Driver,Distracted Driver,Driveway,Pedestrian,Elderly Driver,Young Driver,Commercial Vehicle,Emergency Vehicles,Train,School Bus,Motorcycle,Bicycle,Deer,Longitude,Latitude,geom,geog,x,y
6328,1149220,I-94 W/B,MOROSS,2017-10-03,3,10,2017,19,3,5,1,,1,0,,1,1,4,55,3,2,3,5,0,0,0,0,true,,false,false,false,false,false,,,,,,false,false,true,,,false,false,false,false,false,-82.92983,42.42328,"{
  ""coordinates"": [
    -8.292982966400000e+01,
    4.242327942400000e+01
  ],
  ""type"": ""Point""
}","{
  ""coordinates"": [
    -82.929829664,
    42.423279424
  ],
  ""type"": ""Point""
}",-82.929829664,42.423279424
6329,1150353,ST JOHN,TRENTON,2017-10-03,3,10,2017,14,3,1,9,,,1,,1,1,1,25,2,1,1,4,0,0,0,1,false,,false,false,false,false,false,,,,,,false,false,true,,,false,false,false,false,false,-83.14357,42.32438,"{
  ""coordinates"": [
    -8.314356821900000e+01,
    4.232437698300000e+01
  ],
  ""type"": ""Point""
}","{
  ""coordinates"": [
    -83.143568219,
    42.324376983
  ],
  ""type"": ""Point""
}",-83.143568219,42.324376983
6330,1162395,SOBIESKI,JUSTINE,2017-10-03,3,10,2017,16,3,4,9,,,0,,1,1,1,25,2,2,2,5,0,0,0,0,true,,false,false,false,false,false,,,,,,false,false,false,,,false,false,false,false,false,-83.05524,42.41011,"{
  ""coordinates"": [
    -8.305524697200001e+01,
    4.241010990000010e+01
  ],
  ""type"": ""Point""
}","{
  ""coordinates"": [
    -83.055246972,
    42.4101099
  ],
  ""type"": ""Point""
}",-83.055246972,42.4101099000001
6331,1151409,MICHIGAN,WESTERN,2017-10-03,3,10,2017,11,3,8,2,,1,0,,1,1,1,35,5,2,2,5,0,0,0,0,true,,false,false,false,false,false,,,,,,false,true,false,,,false,false,false,false,false,-83.15298,42.3288,"{
  ""coordinates"": [
    -8.315298430400000e+01,
    4.232880293100000e+01
  ],
  ""type"": ""Point""
}","{
  ""coordinates"": [
    -83.152984304,
    42.328802931
  ],
  ""type"": ""Point""
}",-83.152984304,42.328802931
6332,1155321,ANTHONY WAYNE,WARREN,2017-10-03,3,10,2017,17,3,5,9,,4,0,,1,1,1,25,3,3,2,5,0,0,0,0,true,,false,false,true,false,false,,,,,,false,false,false,,,false,false,false,false,false,-83.07155,42.35485,"{
  ""coordinates"": [
    -8.307154575200001e+01,
    4.235485193900010e+01
  ],
  ""type"": ""Point""
}","{
  ""coordinates"": [
    -83.071545752,
    42.354851939
  ],
  ""type"": ""Point""
}",-83.071545752,42.3548519390001
6333,1164514,GREENFIELD,CHICAGO,2017-10-03,3,10,2017,14,3,4,9,,2,0,,1,1,1,35,6,2,3,5,0,0,0,0,true,,false,false,false,false,false,,,,,,false,true,true,,,false,false,false,false,false,-83.19728,42.36537,"{
  ""coordinates"": [
    -8.319728154200000e+01,
    4.236537157500000e+01
  ],
  ""type"": ""Point""
}","{
  ""coordinates"": [
    -83.197281542,
    42.365371575
  ],
  ""type"": ""Point""
}",-83.197281542,42.365371575
6334,1149292,MARX,8 MILE,2017-10-03,3,10,2017,11,3,1,3,,,0,,1,1,1,25,2,2,1,5,0,0,0,0,true,,false,false,true,false,false,,,,,,true,false,false,,,false,false,false,false,false,-83.08458,42.44673,"{
  ""coordinates"": [
    -8.308457583400001e+01,
    4.244673109900000e+01
  ],
  ""type"": ""Point""
}","{
  ""coordinates"": [
    -83.084575834,
    42.446731099
  ],
  ""type"": ""Point""
}",-83.084575834,42.446731099
6335,1150388,HOOVER,LAPPIN,2017-10-03,3,10,2017,22,3,5,3,,1,0,,1,1,5,30,2,2,0,5,0,0,0,0,true,,false,false,true,false,false,,,,,,false,false,false,,,false,false,false,false,false,-83.00475,42.4364,"{
  ""coordinates"": [
    -8.300475538400001e+01,
    4.243640175300000e+01
  ],
  ""type"": ""Point""
}","{
  ""coordinates"": [
    -83.004755384,
    42.436401753
  ],
  ""type"": ""Point""
}",-83.004755384,42.436401753
6336,1149266,CADIEUX,MERLIN,2017-10-03,3,10,2017,13,3,4,9,,4,0,,1,1,1,30,6,2,3,5,0,0,0,0,true,,true,false,true,false,false,,,,,,false,false,false,,,false,false,false,false,false,-82.939,42.42003,"{
  ""coordinates"": [
    -8.293899719500000e+01,
    4.242002767200010e+01
  ],
  ""type"": ""Point""
}","{
  ""coordinates"": [
    -82.938997195,
    42.420027672
  ],
  ""type"": ""Point""
}",-82.938997195,42.4200276720001
6337,1150401,GREELEY,ROBINWOOD,2017-10-03,3,10,2017,21,3,4,9,,,0,,1,1,4,25,1,2,2,5,0,0,0,0,true,,false,false,false,false,false,,,,,,false,false,true,,,false,false,false,false,false,-83.08765,42.43011,"{
  ""coordinates"": [
    -8.308765362299989e+01,
    4.243011476400010e+01
  ],
  ""type"": ""Point""
}","{
  ""coordinates"": [
    -83.087653623,
    42.430114764
  ],
  ""type"": ""Point""
}",-83.0876536229999,42.4301147640001
6338,1152895,RAMP 216J,S I 75,2017-10-03,3,10,2017,15,3,5,1,,1,0,,1,1,1,55,2,2,2,5,0,0,0,0,true,,false,false,false,false,false,,,,,,false,false,false,,,false,false,false,false,false,-83.0586,42.36913,"{
  ""coordinates"": [
    -8.305859807800000e+01,
    4.236913392500000e+01
  ],
  ""type"": ""Point""
}","{
  ""coordinates"": [
    -83.058598078,
    42.369133925
  ],
  ""type"": ""Point""
}",-83.058598078,42.369133925
6339,1155247,LARNED,SAINT ANTOINE,2017-10-03,3,10,2017,17,3,8,9,,4,0,,1,1,1,25,2,2,1,5,0,0,0,0,true,,false,false,true,false,false,,,,,,false,false,false,,,false,false,false,false,false,-83.03873,42.33224,"{
  ""coordinates"": [
    -8.303873573100000e+01,
    4.233223926900010e+01
  ],
  ""type"": ""Point""
}","{
  ""coordinates"": [
    -83.038735731,
    42.332239269
  ],
  ""type"": ""Point""
}",-83.038735731,42.3322392690001
6340,1149263,TELEGRAPH,8 MILE,2017-10-03,3,10,2017,13,3,5,2,,1,0,,1,1,1,45,1,2,3,5,0,0,0,0,true,,false,false,false,false,false,,,,,,false,false,false,,,false,false,false,false,false,-83.27831,42.44268,"{
  ""coordinates"": [
    -8.327831446700000e+01,
    4.244267599100000e+01
  ],
  ""type"": ""Point""
}","{
  ""coordinates"": [
    -83.278314467,
    42.442675991
  ],
  ""type"": ""Point""
}",-83.278314467,42.442675991
6341,1158569,I-94,GRATIOT,2017-10-03,3,10,2017,14,3,5,1,,1,0,,1,1,1,55,3,2,2,5,0,0,0,0,true,,false,false,false,false,false,,,,,,false,false,true,,,false,false,false,false,false,-83.00633,42.39141,"{
  ""coordinates"": [
    -8.300633082199990e+01,
    4.239141177500010e+01
  ],
  ""type"": ""Point""
}","{
  ""coordinates"": [
    -83.006330822,
    42.391411775
  ],
  ""type"": ""Point""
}",-83.0063308219999,42.3914117750001
6342,1149268,ELMDALE,CHALMERS,2017-10-03,3,10,2017,8,3,4,9,,,0,,1,1,1,25,3,2,1,5,0,0,0,0,true,,true,false,true,false,false,,,,,,false,false,false,,,false,false,false,false,false,-82.96801,42.41026,"{
  ""coordinates"": [
    -8.296801153900000e+01,
    4.241025944200000e+01
  ],
  ""type"": ""Point""
}","{
  ""coordinates"": [
    -82.968011539,
    42.410259442
  ],
  ""type"": ""Point""
}",-82.968011539,42.410259442
6343,1219912,BENITEAU,JEFFERSON,2017-10-03,3,10,2017,14,3,8,9,,,0,,1,1,1,0,2,2,2,5,0,0,0,0,true,,false,false,false,false,false,,,,,,false,false,false,,,false,false,false,false,false,-82.972,42.36637,"{
  ""coordinates"": [
    -8.297199811000000e+01,
    4.236636863800000e+01
  ],
  ""type"": ""Point""
}","{
  ""coordinates"": [
    -82.97199811,
    42.366368638
  ],
  ""type"": ""Point""
}",-82.97199811,42.366368638
6344,1149242,VIRGIL,DAVISON,2017-10-03,3,10,2017,12,3,97,9,,,0,,1,1,1,0,2,2,1,5,0,0,0,0,true,,false,false,true,false,false,,,,,,false,false,false,,,false,false,false,false,false,-83.27104,42.38368,"{
  ""coordinates"": [
    -8.327104513599990e+01,
    4.238368174200010e+01
  ],
  ""type"": ""Point""
}","{
  ""coordinates"": [
    -83.271045136,
    42.383681742
  ],
  ""type"": ""Point""
}",-83.2710451359999,42.3836817420001
6345,1149213,I-94,WHITTIER,2017-10-03,3,10,2017,18,3,8,1,,1,0,,1,1,1,55,3,2,2,5,0,0,0,0,true,,false,false,false,false,false,,,,,,false,false,true,,,false,false,false,false,false,-82.94202,42.41397,"{
  ""coordinates"": [
    -8.294201956500000e+01,
    4.241397611200010e+01
  ],
  ""type"": ""Point""
}","{
  ""coordinates"": [
    -82.942019565,
    42.413976112
  ],
  ""type"": ""Point""
}",-82.942019565,42.4139761120001
6346,1152907,I-75,JUNCTION,2017-10-03,3,10,2017,9,3,1,1,,1,1,,1,1,1,55,1,1,1,3,0,0,1,0,false,,false,false,false,false,false,,,,,,false,false,false,,,false,false,false,false,false,-83.09544,42.31201,"{
  ""coordinates"": [
    -8.309543992200000e+01,
    4.231200693200000e+01
  ],
  ""type"": ""Point""
}","{
  ""coordinates"": [
    -83.095439922,
    42.312006932
  ],
  ""type"": ""Point""
}",-83.095439922,42.312006932
6347,1150345,GRAND,TIREMAN,2017-10-03,3,10,2017,8,3,8,9,,4,0,,1,1,1,30,2,2,3,5,0,0,0,0,true,,false,false,false,false,false,,,,,,false,false,false,,,false,false,false,false,false,-83.1106,42.35635,"{
  ""coordinates"": [
    -8.311059942900000e+01,
    4.235635451000010e+01
  ],
  ""type"": ""Point""
}","{
  ""coordinates"": [
    -83.110599429,
    42.35635451
  ],
  ""type"": ""Point""
}",-83.110599429,42.3563545100001
6348,1149270,SCHOENHERR,STATE FAIR,2017-10-03,3,10,2017,14,3,3,9,,4,0,,1,1,1,30,3,2,7,5,0,0,0,0,true,,true,true,false,false,false,,,,,,false,false,true,,,false,false,false,false,false,-82.9854,42.44221,"{
  ""coordinates"": [
    -8.298540177699989e+01,
    4.244221224300000e+01
  ],
  ""type"": ""Point""
}","{
  ""coordinates"": [
    -82.985401777,
    42.442212243
  ],
  ""type"": ""Point""
}",-82.9854017769999,42.442212243
6349,1149269,BALFOUR,MORANG,2017-10-03,3,10,2017,11,3,1,9,,,1,,5,1,1,25,1,1,2,5,0,0,0,0,true,,false,false,false,false,false,,,,,,false,false,true,,,false,false,false,false,false,-82.94273,42.42285,"{
  ""coordinates"": [
    -8.294273258100000e+01,
    4.242284721600000e+01
  ],
  ""type"": ""Point""
}","{
  ""coordinates"": [
    -82.942732581,
    42.422847216
  ],
  ""type"": ""Point""
}",-82.942732581,42.422847216
6350,1150348,FORT,JUNCTION,2017-10-03,3,10,2017,15,3,4,3,,1,0,,1,1,1,30,5,2,2,5,0,0,0,0,true,,false,false,false,false,false,,,,,,false,false,false,,,false,false,false,false,false,-83.09557,42.30998,"{
  ""coordinates"": [
    -8.309556590699999e+01,
    4.230997759700010e+01
  ],
  ""type"": ""Point""
}","{
  ""coordinates"": [
    -83.095565907,
    42.309977597
  ],
  ""type"": ""Point""
}",-83.095565907,42.3099775970001
6351,1149245,HUBBELL,MCNICHOLS,2017-10-03,3,10,2017,7,3,4,9,,4,0,,1,1,1,25,4,2,1,5,0,0,0,0,true,,false,false,true,false,false,,,,,,false,false,true,,,false,false,false,false,false,-83.18955,42.41654,"{
  ""coordinates"": [
    -8.318955318499999e+01,
    4.241653833400010e+01
  ],
  ""type"": ""Point""
}","{
  ""coordinates"": [
    -83.189553185,
    42.416538334
  ],
  ""type"": ""Point""
}",-83.189553185,42.4165383340001
6352,1149277,WOODWARD,CHICAGO,2017-10-03,3,10,2017,17,3,7,3,,1,0,,1,1,1,25,9,3,2,4,0,0,0,2,false,,true,true,true,false,false,,,,,,false,false,false,,,false,false,false,false,false,-83.08409,42.38632,"{
  ""coordinates"": [
    -8.308408951400000e+01,
    4.238632025800010e+01
  ],
  ""type"": ""Point""
}","{
  ""coordinates"": [
    -83.084089514,
    42.386320258
  ],
  ""type"": ""Point""
}",-83.084089514,42.3863202580001
6353,1149252,WARREN,BEAUFAIT,2017-10-03,3,10,2017,18,3,8,9,,4,0,,1,1,3,30,3,2,3,5,0,0,0,0,true,,false,false,false,false,false,,,,,,false,false,false,,,false,false,false,false,false,-83.02513,42.3714,"{
  ""coordinates"": [
    -8.302513135299991e+01,
    4.237139426800010e+01
  ],
  ""type"": ""Point""
}","{
  ""coordinates"": [
    -83.025131353,
    42.371394268
  ],
  ""type"": ""Point""
}",-83.0251313529999,42.3713942680001
6354,1164558,WARREN,CASS,2017-10-03,3,10,2017,16,3,5,9,,4,0,,1,1,1,30,2,2,3,5,0,0,0,0,true,,false,false,false,false,false,,,,,,false,false,false,,,false,false,true,false,false,-83.06664,42.35611,"{
  ""coordinates"": [
    -8.306663743599999e+01,
    4.235611314000000e+01
  ],
  ""type"": ""Point""
}","{
  ""coordinates"": [
    -83.066637436,
    42.35611314
  ],
  ""type"": ""Point""
}",-83.066637436,42.35611314
6355,1149294,DEAN,7 MILE,2017-10-03,3,10,2017,9,3,8,9,,,0,,1,1,1,0,2,2,1,5,0,0,0,0,true,,false,false,false,false,false,,,,,,false,false,false,,,false,false,false,false,false,-83.06206,42.43316,"{
  ""coordinates"": [
    -8.306206100500000e+01,
    4.243316036300010e+01
  ],
  ""type"": ""Point""
}","{
  ""coordinates"": [
    -83.062061005,
    42.433160363
  ],
  ""type"": ""Point""
}",-83.062061005,42.4331603630001
6356,1149264,FENKELL,LINDSAY,2017-10-03,3,10,2017,13,3,4,9,,2,0,,1,1,1,35,4,2,2,4,0,0,0,1,false,,true,false,false,false,false,,,,,,false,false,true,,,false,false,false,false,false,-83.2128,42.40121,"{
  ""coordinates"": [
    -8.321279757199990e+01,
    4.240121480100000e+01
  ],
  ""type"": ""Point""
}","{
  ""coordinates"": [
    -83.212797572,
    42.401214801
  ],
  ""type"": ""Point""
}",-83.2127975719999,42.401214801
6357,1150393,GRATIOT,CONNER,2017-10-03,3,10,2017,18,3,5,3,,1,0,,1,1,1,35,7,2,3,4,0,0,0,1,false,,false,false,true,false,false,,,,,,false,false,false,,,false,false,false,false,false,-82.99761,42.40475,"{
  ""coordinates"": [
    -8.299760981900000e+01,
    4.240474755200010e+01
  ],
  ""type"": ""Point""
}","{
  ""coordinates"": [
    -82.997609819,
    42.404747552
  ],
  ""type"": ""Point""
}",-82.997609819,42.4047475520001
6358,1149232,HENRY,CASS,2017-10-03,3,10,2017,15,3,98,9,,,0,,1,1,1,20,2,2,0,5,0,0,0,0,true,,false,false,true,false,false,,,,,,false,false,false,,,false,false,false,false,false,-83.05772,42.33888,"{
  ""coordinates"": [
    -8.305771847599991e+01,
    4.233887742200010e+01
  ],
  ""type"": ""Point""
}","{
  ""coordinates"": [
    -83.057718476,
    42.338877422
  ],
  ""type"": ""Point""
}",-83.0577184759999,42.3388774220001
6359,1150370,JOY,FAUST,2017-10-03,3,10,2017,21,3,9,9,,2,2,,1,1,4,35,5,4,5,4,0,0,0,2,false,,true,true,false,false,false,,,,,,false,false,false,,,false,false,false,false,false,-83.22129,42.35778,"{
  ""coordinates"": [
    -8.322129425799990e+01,
    4.235778241800010e+01
  ],
  ""type"": ""Point""
}","{
  ""coordinates"": [
    -83.221294258,
    42.357782418
  ],
  ""type"": ""Point""
}",-83.2212942579999,42.3577824180001
6360,1149225,M-39,8 MILE,2017-10-03,3,10,2017,22,3,5,3,,1,0,,1,1,4,55,3,2,2,4,0,0,0,1,false,,false,false,false,false,false,,,,,,false,false,false,,,false,false,false,false,false,-83.21982,42.44362,"{
  ""coordinates"": [
    -8.321981557600000e+01,
    4.244361808600010e+01
  ],
  ""type"": ""Point""
}","{
  ""coordinates"": [
    -83.219815576,
    42.443618086
  ],
  ""type"": ""Point""
}",-83.219815576,42.4436180860001
6361,1149262,TELEGRAPH,PEMBROKE,2017-10-03,3,10,2017,12,3,5,2,,1,0,,1,1,1,45,4,3,3,5,0,0,0,0,true,,false,false,false,false,false,,,,,,false,true,false,,,false,false,false,false,false,-83.27861,42.43635,"{
  ""coordinates"": [
    -8.327860946500000e+01,
    4.243634690100000e+01
  ],
  ""type"": ""Point""
}","{
  ""coordinates"": [
    -83.278609465,
    42.436346901
  ],
  ""type"": ""Point""
}",-83.278609465,42.436346901
6362,1152896,E I 94,CONSOLIDATED RAIL CORPORATION,2017-10-03,3,10,2017,16,3,5,1,,1,0,,1,1,1,55,3,4,4,4,0,0,0,1,false,,false,false,true,false,false,,,,,,false,false,true,,,false,false,false,false,false,-82.99105,42.39403,"{
  ""coordinates"": [
    -8.299104771899989e+01,
    4.239402894700000e+01
  ],
  ""type"": ""Point""
}","{
  ""coordinates"": [
    -82.991047719,
    42.394028947
  ],
  ""type"": ""Point""
}",-82.9910477189999,42.394028947
6363,1149243,GRANDVILLE,ACACIA,2017-10-03,3,10,2017,7,3,2,9,,,2,,1,1,98,25,2,2,1,5,0,0,0,0,true,,false,false,true,false,false,,,,,,false,false,false,,,false,false,false,false,false,-83.23103,42.39175,"{
  ""coordinates"": [
    -8.323102723700001e+01,
    4.239174624600000e+01
  ],
  ""type"": ""Point""
}","{
  ""coordinates"": [
    -83.231027237,
    42.391746246
  ],
  ""type"": ""Point""
}",-83.231027237,42.391746246
6364,1150328,I-94,FRENCH,2017-10-03,3,10,2017,10,3,5,1,,1,0,,1,1,1,55,3,2,2,5,0,0,0,0,true,,false,false,false,false,false,,,,,,false,true,false,,,false,false,false,false,false,-82.99556,42.39246,"{
  ""coordinates"": [
    -8.299556176700000e+01,
    4.239246552500000e+01
  ],
  ""type"": ""Point""
}","{
  ""coordinates"": [
    -82.995561767,
    42.392465525
  ],
  ""type"": ""Point""
}",-82.995561767,42.392465525
6365,1154377,I-94,GRATIOT,2017-10-03,3,10,2017,14,3,8,1,,1,0,,1,1,1,55,3,2,1,3,0,0,1,0,false,,false,false,true,false,false,,,,,,false,true,false,,,false,false,true,false,false,-83.01069,42.39002,"{
  ""coordinates"": [
    -8.301069124400000e+01,
    4.239002241900000e+01
  ],
  ""type"": ""Point""
}","{
  ""coordinates"": [
    -83.010691244,
    42.390022419
  ],
  ""type"": ""Point""
}",-83.010691244,42.390022419
6366,1149295,GRINNELL,VAN DYKE,2017-10-03,3,10,2017,18,3,3,3,,4,0,,1,1,1,30,5,2,3,5,0,0,0,0,true,,false,false,false,false,false,,,,,,false,false,false,,,false,false,false,false,false,-83.02299,42.40096,"{
  ""coordinates"": [
    -8.302299557000001e+01,
    4.240095969300010e+01
  ],
  ""type"": ""Point""
}","{
  ""coordinates"": [
    -83.02299557,
    42.400959693
  ],
  ""type"": ""Point""
}",-83.02299557,42.4009596930001
6367,1163425,W I 96,CSX TRANSPORTATION,2017-10-03,3,10,2017,17,3,97,1,,1,0,,1,1,1,55,3,5,5,4,0,0,0,2,false,,false,false,false,false,false,,,,,,false,true,false,,,false,false,false,false,false,-83.23266,42.37841,"{
  ""coordinates"": [
    -8.323265719800000e+01,
    4.237840983800000e+01
  ],
  ""type"": ""Point""
}","{
  ""coordinates"": [
    -83.232657198,
    42.378409838
  ],
  ""type"": ""Point""
}",-83.232657198,42.378409838
6368,1149233,GRAND RIVER,REDFORD,2017-10-03,3,10,2017,8,3,4,3,,1,0,,1,1,1,35,4,2,4,5,0,0,0,0,true,,true,false,true,false,false,,,,,,false,false,false,,,false,false,false,false,false,-83.25865,42.4169,"{
  ""coordinates"": [
    -8.325865355099999e+01,
    4.241690332300000e+01
  ],
  ""type"": ""Point""
}","{
  ""coordinates"": [
    -83.258653551,
    42.416903323
  ],
  ""type"": ""Point""
}",-83.258653551,42.416903323
6369,1150405,7 MILE,JOHN R,2017-10-03,3,10,2017,21,3,3,9,,4,0,,1,1,4,30,4,2,2,3,0,0,1,0,false,,false,false,false,false,false,,,,,,false,false,true,,,false,false,false,false,false,-83.10238,42.43229,"{
  ""coordinates"": [
    -8.310237680900001e+01,
    4.243228340200010e+01
  ],
  ""type"": ""Point""
}","{
  ""coordinates"": [
    -83.102376809,
    42.432283402
  ],
  ""type"": ""Point""
}",-83.102376809,42.4322834020001
6370,1150346,EVERGREEN,CURTIS,2017-10-03,3,10,2017,15,3,8,9,,4,0,,1,1,1,30,2,2,4,5,0,0,0,0,true,,false,false,false,false,false,,,,,,false,true,false,,,false,false,false,false,false,-83.23851,42.42217,"{
  ""coordinates"": [
    -8.323851308800000e+01,
    4.242217093500010e+01
  ],
  ""type"": ""Point""
}","{
  ""coordinates"": [
    -83.238513088,
    42.422170935
  ],
  ""type"": ""Point""
}",-83.238513088,42.4221709350001
6371,1280878,E I 96,GRAND,2017-10-03,3,10,2017,8,3,8,1,,1,0,,1,1,1,0,2,2,3,5,0,0,0,0,true,,false,false,false,false,false,,,,,,false,true,false,,,false,false,false,false,false,-83.11089,42.35591,"{
  ""coordinates"": [
    -8.311089674100000e+01,
    4.235590672900000e+01
  ],
  ""type"": ""Point""
}","{
  ""coordinates"": [
    -83.110896741,
    42.355906729
  ],
  ""type"": ""Point""
}",-83.110896741,42.355906729
6372,1149227,SCHAEFER,PILGRIM,2017-10-03,3,10,2017,22,3,8,9,,4,0,,1,1,4,30,2,2,1,4,0,0,0,1,false,,false,false,false,false,false,,,,,,false,false,false,,,false,false,false,false,false,-83.17937,42.40754,"{
  ""coordinates"": [
    -8.317937559900000e+01,
    4.240753552000010e+01
  ],
  ""type"": ""Point""
}","{
  ""coordinates"": [
    -83.179375599,
    42.40753552
  ],
  ""type"": ""Point""
}",-83.179375599,42.4075355200001
6373,1280879,CHRYSLER SER,WARREN,2017-10-03,3,10,2017,12,3,8,1,,1,0,,1,1,1,0,2,2,2,5,0,0,0,0,true,,false,false,false,false,false,,,,,,false,false,false,,,false,false,false,false,false,-83.05425,42.36087,"{
  ""coordinates"": [
    -8.305425451399999e+01,
    4.236086527300010e+01
  ],
  ""type"": ""Point""
}","{
  ""coordinates"": [
    -83.054254514,
    42.360865273
  ],
  ""type"": ""Point""
}",-83.054254514,42.3608652730001
6374,1154358,S/B I-75,LIVERNOIS,2017-10-03,3,10,2017,10,3,5,1,,1,0,,1,1,1,55,3,2,2,5,0,0,0,0,true,,false,false,false,false,false,,,,,,false,false,true,,,false,false,false,false,false,-83.10675,42.30658,"{
  ""coordinates"": [
    -8.310674738099991e+01,
    4.230658498200010e+01
  ],
  ""type"": ""Point""
}","{
  ""coordinates"": [
    -83.106747381,
    42.306584982
  ],
  ""type"": ""Point""
}",-83.1067473809999,42.3065849820001
6375,1150375,CHENE,CANFIELD,2017-10-03,3,10,2017,16,3,4,9,,4,0,,1,1,1,30,2,2,2,5,0,0,0,0,true,,false,false,false,false,false,,,,,,false,true,false,,,false,false,false,false,false,-83.03802,42.36152,"{
  ""coordinates"": [
    -8.303801542199990e+01,
    4.236152193600000e+01
  ],
  ""type"": ""Point""
}","{
  ""coordinates"": [
    -83.038015422,
    42.361521936
  ],
  ""type"": ""Point""
}",-83.0380154219999,42.361521936
6376,1149239,MOROSS,W I 94,2017-10-02,2,10,2017,16,2,4,9,,2,0,,1,1,1,35,6,2,3,5,0,0,0,0,true,,true,true,false,false,false,,,,,,false,true,false,,,false,false,false,false,false,-82.92886,42.42445,"{
  ""coordinates"": [
    -8.292886677300000e+01,
    4.242445146000010e+01
  ],
  ""type"": ""Point""
}","{
  ""coordinates"": [
    -82.928866773,
    42.42445146
  ],
  ""type"": ""Point""
}",-82.928866773,42.4244514600001
6377,1150380,MCNICHOLS,FORRER,2017-10-02,2,10,2017,17,2,97,9,,2,0,,1,1,1,35,4,2,3,1,1,0,0,0,false,,false,false,false,false,false,,,,,,false,false,false,,,false,false,true,false,false,-83.2025,42.4159,"{
  ""coordinates"": [
    -8.320249981300000e+01,
    4.241590462900010e+01
  ],
  ""type"": ""Point""
}","{
  ""coordinates"": [
    -83.202499813,
    42.415904629
  ],
  ""type"": ""Point""
}",-83.202499813,42.4159046290001
6378,1148466,OUTER,DOLPHIN,2017-10-02,2,10,2017,17,2,1,9,,2,1,,1,1,1,35,4,1,4,4,0,0,0,4,false,,false,false,false,false,false,,,,,,false,false,false,,,false,false,false,false,false,-83.25986,42.38352,"{
  ""coordinates"": [
    -8.325986226399991e+01,
    4.238352027200010e+01
  ],
  ""type"": ""Point""
}","{
  ""coordinates"": [
    -83.259862264,
    42.383520272
  ],
  ""type"": ""Point""
}",-83.2598622639999,42.3835202720001
6379,1148470,WARREN,RUTLAND,2017-10-02,2,10,2017,13,2,5,9,,2,0,,1,1,1,35,4,4,4,4,0,0,0,2,false,,false,false,true,false,false,,,,,,false,false,false,,,false,false,false,false,false,-83.21326,42.34342,"{
  ""coordinates"": [
    -8.321326009700000e+01,
    4.234342198500010e+01
  ],
  ""type"": ""Point""
}","{
  ""coordinates"": [
    -83.213260097,
    42.343421985
  ],
  ""type"": ""Point""
}",-83.213260097,42.3434219850001
6380,1148433,M-39,7 MILE,2017-10-02,2,10,2017,17,2,5,3,,1,0,,1,1,1,55,3,2,2,5,0,0,0,0,true,,false,false,false,false,false,,,,,,false,false,false,,,false,false,false,false,false,-83.21937,42.43364,"{
  ""coordinates"": [
    -8.321936439099990e+01,
    4.243363841300000e+01
  ],
  ""type"": ""Point""
}","{
  ""coordinates"": [
    -83.219364391,
    42.433638413
  ],
  ""type"": ""Point""
}",-83.2193643909999,42.433638413
6381,1148408,E I 94,HARPER,2017-10-02,2,10,2017,13,2,5,1,,1,0,,1,1,1,55,3,2,2,4,0,0,0,3,false,,false,false,false,false,false,,,,,,false,false,true,,,false,false,false,false,false,-83.03175,42.38115,"{
  ""coordinates"": [
    -8.303175040600000e+01,
    4.238115485700010e+01
  ],
  ""type"": ""Point""
}","{
  ""coordinates"": [
    -83.031750406,
    42.381154857
  ],
  ""type"": ""Point""
}",-83.031750406,42.3811548570001
6382,1164549,CASS,WARREN,2017-10-02,2,10,2017,10,2,8,9,,4,0,,1,1,1,25,2,2,1,5,0,0,0,0,true,,false,false,true,false,false,,,,,,false,false,false,,,false,false,false,false,false,-83.06664,42.35596,"{
  ""coordinates"": [
    -8.306663355099990e+01,
    4.235595886700000e+01
  ],
  ""type"": ""Point""
}","{
  ""coordinates"": [
    -83.066633551,
    42.355958867
  ],
  ""type"": ""Point""
}",-83.0666335509999,42.355958867
6383,1149276,HILLSBORO,DAILEY,2017-10-02,2,10,2017,22,2,1,9,,,1,,1,1,4,25,2,1,0,5,0,0,0,0,true,,false,false,true,false,false,,,,,,false,false,false,,,false,false,false,false,false,-83.13103,42.36151,"{
  ""coordinates"": [
    -8.313103597299990e+01,
    4.236150645800010e+01
  ],
  ""type"": ""Point""
}","{
  ""coordinates"": [
    -83.131035973,
    42.361506458
  ],
  ""type"": ""Point""
}",-83.1310359729999,42.3615064580001
6384,1148432,I-96,M-39,2017-10-02,2,10,2017,6,2,5,1,,1,0,,1,1,4,70,3,2,3,5,0,0,0,0,true,,false,false,false,false,false,,,,,,false,false,false,,,false,false,false,false,false,-83.22682,42.37804,"{
  ""coordinates"": [
    -8.322682290599990e+01,
    4.237804230300000e+01
  ],
  ""type"": ""Point""
}","{
  ""coordinates"": [
    -83.226822906,
    42.378042303
  ],
  ""type"": ""Point""
}",-83.2268229059999,42.378042303