ObjectId,Crash ID,Primary Road,Intersecting Road,Crash Date,Day,Month,Year,Hour,Weekday,Crash Type Code,Highway Classification Code,Community Code,Jurisdiction Code,Lane Departure Type Code,Surface Type,Road Condition,Weather Condition,Lighting Condition,Speed Limit,Lanes,Units,Occupants,Most Severe Injury,Fatal Injuries,Suspected Serious Injuries,Suspected Minor Injuries,Possible Injuries,Property Damage Only,Secondary Crash,Traffic Control,Red Light Run,Hit and Run,Alcohol,Drugs,Unbelted Person,Work Zone,Speeding Driver,Distracted Driver,Driveway,Pedestrian,Elderly Driver,Young Driver,Commercial Vehicle,Emergency Vehicles,Train,School Bus,Motorcycle,Bicycle,Deer,Longitude,Latitude,geom,geog,x,y
6385,1148468,SOUTHFIELD,GRANDRIVER,2017-10-02,2,10,2017,18,2,5,3,,1,0,,1,1,1,55,3,2,2,5,0,0,0,0,true,,false,false,false,false,false,,,,,,false,false,true,,,false,false,false,false,false,-83.21822,42.40394,"{
  ""coordinates"": [
    -8.321822711800000e+01,
    4.240393755300000e+01
  ],
  ""type"": ""Point""
}","{
  ""coordinates"": [
    -83.218227118,
    42.403937553
  ],
  ""type"": ""Point""
}",-83.218227118,42.403937553
6386,1148430,I-96,OUTER,2017-10-02,2,10,2017,9,2,8,1,,1,0,,1,1,1,70,5,2,2,5,0,0,0,0,true,,false,false,false,false,false,,,,,,false,false,false,,,false,false,false,false,false,-83.25816,42.38546,"{
  ""coordinates"": [
    -8.325815597499999e+01,
    4.238546190900010e+01
  ],
  ""type"": ""Point""
}","{
  ""coordinates"": [
    -83.258155975,
    42.385461909
  ],
  ""type"": ""Point""
}",-83.258155975,42.3854619090001
6387,1174842,CASS,KIRBY,2017-10-02,2,10,2017,9,2,8,9,,4,0,,1,1,1,25,4,2,2,5,0,0,0,0,true,,false,false,false,false,false,,,,,,false,false,false,,,false,false,false,false,false,-83.06834,42.35896,"{
  ""coordinates"": [
    -8.306834554200000e+01,
    4.235895517600010e+01
  ],
  ""type"": ""Point""
}","{
  ""coordinates"": [
    -83.068345542,
    42.358955176
  ],
  ""type"": ""Point""
}",-83.068345542,42.3589551760001
6388,1148407,W I 94,HARPER,2017-10-02,2,10,2017,9,2,5,1,,1,0,,1,1,1,55,3,2,3,4,0,0,0,2,false,,false,false,false,false,false,,,,,,false,false,true,,,false,false,false,false,false,-83.03191,42.38125,"{
  ""coordinates"": [
    -8.303191477599999e+01,
    4.238124702800010e+01
  ],
  ""type"": ""Point""
}","{
  ""coordinates"": [
    -83.031914776,
    42.381247028
  ],
  ""type"": ""Point""
}",-83.031914776,42.3812470280001
6389,1149293,MILLER,ST CYRIL,2017-10-02,2,10,2017,10,2,1,9,,4,1,,1,1,1,25,2,1,1,4,0,0,0,1,false,,false,false,false,false,false,,,,,,false,false,false,,,false,false,false,false,false,-83.02617,42.39047,"{
  ""coordinates"": [
    -8.302617019500001e+01,
    4.239047427700010e+01
  ],
  ""type"": ""Point""
}","{
  ""coordinates"": [
    -83.026170195,
    42.390474277
  ],
  ""type"": ""Point""
}",-83.026170195,42.3904742770001
6390,1152942,M-10,GRANDRIVER,2017-10-02,2,10,2017,14,2,8,3,,1,0,,1,1,1,55,3,2,2,5,0,0,0,0,true,,false,false,false,false,false,,,,,,false,false,false,,,false,false,false,false,false,-83.06662,42.33974,"{
  ""coordinates"": [
    -8.306661637400001e+01,
    4.233974350000010e+01
  ],
  ""type"": ""Point""
}","{
  ""coordinates"": [
    -83.066616374,
    42.3397435
  ],
  ""type"": ""Point""
}",-83.066616374,42.3397435000001
6391,1148480,TELEGRAPH,RAMP 051B,2017-10-02,2,10,2017,9,2,5,2,,1,0,,1,1,1,45,1,2,2,5,0,0,0,0,true,,false,false,false,false,false,,,,,,false,false,true,,,false,false,false,false,false,-83.27837,42.44247,"{
  ""coordinates"": [
    -8.327836596200000e+01,
    4.244246586100010e+01
  ],
  ""type"": ""Point""
}","{
  ""coordinates"": [
    -83.278365962,
    42.442465861
  ],
  ""type"": ""Point""
}",-83.278365962,42.4424658610001
6392,1149272,SEMINOLE,HARPER,2017-10-02,2,10,2017,13,2,4,9,,,0,,1,1,1,25,2,2,1,5,0,0,0,0,true,,false,false,true,false,false,,,,,,false,false,false,,,false,false,false,false,false,-83.01885,42.38919,"{
  ""coordinates"": [
    -8.301885035399989e+01,
    4.238918510900000e+01
  ],
  ""type"": ""Point""
}","{
  ""coordinates"": [
    -83.018850354,
    42.389185109
  ],
  ""type"": ""Point""
}",-83.0188503539999,42.389185109
6393,1149265,MANNING,BOULDER,2017-10-02,2,10,2017,14,2,10,9,,,0,,1,1,1,25,1,2,3,5,0,0,0,0,true,,false,false,false,false,false,,,,,,false,false,false,,,false,false,false,false,false,-82.95423,42.44104,"{
  ""coordinates"": [
    -8.295423207100001e+01,
    4.244103716300000e+01
  ],
  ""type"": ""Point""
}","{
  ""coordinates"": [
    -82.954232071,
    42.441037163
  ],
  ""type"": ""Point""
}",-82.954232071,42.441037163
6394,1148449,DIX,VERNOR,2017-10-02,2,10,2017,8,2,5,9,,4,0,,1,1,1,25,3,3,7,4,0,0,0,1,false,,false,false,false,false,false,,,,,,false,false,false,,,false,false,false,false,false,-83.11634,42.31594,"{
  ""coordinates"": [
    -8.311634246499990e+01,
    4.231594079800000e+01
  ],
  ""type"": ""Point""
}","{
  ""coordinates"": [
    -83.116342465,
    42.315940798
  ],
  ""type"": ""Point""
}",-83.1163424649999,42.315940798
6395,1148438,ARDMORE,EATON,2017-10-02,2,10,2017,6,2,5,9,,,0,,1,1,4,25,2,3,1,5,0,0,0,0,true,,false,false,false,false,false,,,,,,false,false,true,,,false,false,false,false,false,-83.18433,42.39731,"{
  ""coordinates"": [
    -8.318432597499999e+01,
    4.239731137000010e+01
  ],
  ""type"": ""Point""
}","{
  ""coordinates"": [
    -83.184325975,
    42.39731137
  ],
  ""type"": ""Point""
}",-83.184325975,42.3973113700001
6396,1148441,GRANDRIVER,WYOMING,2017-10-02,2,10,2017,14,2,4,3,,1,0,,1,1,1,35,6,2,1,5,0,0,0,0,true,,false,false,true,false,false,,,,,,false,true,false,,,false,false,false,false,false,-83.15865,42.37667,"{
  ""coordinates"": [
    -8.315864909000000e+01,
    4.237667072400010e+01
  ],
  ""type"": ""Point""
}","{
  ""coordinates"": [
    -83.15864909,
    42.376670724
  ],
  ""type"": ""Point""
}",-83.15864909,42.3766707240001
6397,1148429,I-94,MARTIN,2017-10-02,2,10,2017,7,2,5,1,,1,0,,1,1,1,55,3,2,2,5,0,0,0,0,true,,false,false,false,false,false,,,,,,false,false,false,,,false,false,false,false,false,-83.13203,42.33449,"{
  ""coordinates"": [
    -8.313202584299999e+01,
    4.233448961400010e+01
  ],
  ""type"": ""Point""
}","{
  ""coordinates"": [
    -83.132025843,
    42.334489614
  ],
  ""type"": ""Point""
}",-83.132025843,42.3344896140001
6398,1148476,CURTIS,EDINBOROUGH,2017-10-02,2,10,2017,8,2,9,9,,,2,,1,1,1,25,2,2,3,5,0,0,0,0,true,,false,false,true,false,false,,,,,,false,true,false,,,false,false,false,false,false,-83.23459,42.42246,"{
  ""coordinates"": [
    -8.323458755000000e+01,
    4.242246086400010e+01
  ],
  ""type"": ""Point""
}","{
  ""coordinates"": [
    -83.23458755,
    42.422460864
  ],
  ""type"": ""Point""
}",-83.23458755,42.4224608640001
6399,1149230,CASS,GRAND,2017-10-02,2,10,2017,11,2,8,9,,4,3,,1,1,1,0,2,2,1,5,0,0,0,0,true,,false,false,true,false,false,,,,,,false,false,false,,,false,false,false,false,false,-83.07456,42.36933,"{
  ""coordinates"": [
    -8.307456297800000e+01,
    4.236933287000010e+01
  ],
  ""type"": ""Point""
}","{
  ""coordinates"": [
    -83.074562978,
    42.36933287
  ],
  ""type"": ""Point""
}",-83.074562978,42.3693328700001
6400,1174781,LINSDALE,BEECHWOOD,2017-10-02,2,10,2017,21,2,5,9,,,3,,1,1,4,25,1,2,1,5,0,0,0,0,true,,false,false,true,false,false,,,,,,false,false,false,,,false,false,false,false,false,-83.12527,42.36098,"{
  ""coordinates"": [
    -8.312526605999990e+01,
    4.236097674000010e+01
  ],
  ""type"": ""Point""
}","{
  ""coordinates"": [
    -83.12526606,
    42.36097674
  ],
  ""type"": ""Point""
}",-83.1252660599999,42.3609767400001
6401,1149271,GRIENER,WALTHAM,2017-10-02,2,10,2017,8,2,4,9,,4,0,,1,1,2,25,2,2,1,4,0,0,0,1,false,,true,false,false,false,false,,,,,,false,false,false,,,false,false,false,false,false,-82.99453,42.42745,"{
  ""coordinates"": [
    -8.299452855700000e+01,
    4.242745305200000e+01
  ],
  ""type"": ""Point""
}","{
  ""coordinates"": [
    -82.994528557,
    42.427453052
  ],
  ""type"": ""Point""
}",-82.994528557,42.427453052
6402,1150343,CASS,FERRY,2017-10-02,2,10,2017,17,2,98,9,,4,0,,1,1,1,25,2,2,0,5,0,0,0,0,true,,false,false,true,false,false,,,,,,false,false,false,,,false,false,false,false,false,-83.0696,42.36116,"{
  ""coordinates"": [
    -8.306960227099999e+01,
    4.236116105900000e+01
  ],
  ""type"": ""Point""
}","{
  ""coordinates"": [
    -83.069602271,
    42.361161059
  ],
  ""type"": ""Point""
}",-83.069602271,42.361161059
6403,1148419,I-94 E/B,30TH,2017-10-02,2,10,2017,17,2,5,1,,1,0,,1,1,1,55,3,2,2,4,0,0,0,1,false,,false,false,true,false,false,,,,,,false,false,false,,,false,false,false,false,false,-83.11633,42.342,"{
  ""coordinates"": [
    -8.311633562199999e+01,
    4.234199956900010e+01
  ],
  ""type"": ""Point""
}","{
  ""coordinates"": [
    -83.116335622,
    42.341999569
  ],
  ""type"": ""Point""
}",-83.116335622,42.3419995690001
6404,1151441,7 MILE,GRATIOT,2017-10-02,2,10,2017,8,2,8,3,,2,0,,1,1,1,35,2,2,1,5,0,0,0,0,true,,false,false,false,false,false,,,,,,false,false,false,,,false,false,false,false,false,-82.97762,42.43509,"{
  ""coordinates"": [
    -8.297761285099990e+01,
    4.243508583000000e+01
  ],
  ""type"": ""Point""
}","{
  ""coordinates"": [
    -82.977612851,
    42.43508583
  ],
  ""type"": ""Point""
}",-82.9776128509999,42.43508583
6405,1148461,NORTHROP,7 MILE,2017-10-02,2,10,2017,1,2,5,9,,,0,,1,1,5,25,2,2,0,5,0,0,0,0,true,,false,false,true,false,false,,,,,,false,false,false,,,false,false,false,false,false,-83.26198,42.4292,"{
  ""coordinates"": [
    -8.326197553700000e+01,
    4.242919721100000e+01
  ],
  ""type"": ""Point""
}","{
  ""coordinates"": [
    -83.261975537,
    42.429197211
  ],
  ""type"": ""Point""
}",-83.261975537,42.429197211
6406,1148462,ELMIRA,CHATAM,2017-10-02,2,10,2017,4,2,97,9,,,0,,1,1,5,25,2,2,1,5,0,0,0,0,true,,false,false,false,false,false,,,,,,false,false,false,,,false,false,false,false,false,-83.26212,42.36918,"{
  ""coordinates"": [
    -8.326212301100000e+01,
    4.236917721300010e+01
  ],
  ""type"": ""Point""
}","{
  ""coordinates"": [
    -83.262123011,
    42.369177213
  ],
  ""type"": ""Point""
}",-83.262123011,42.3691772130001
6407,1148479,GRAND RIVER,WINSTON,2017-10-02,2,10,2017,17,2,8,3,,1,0,,1,1,1,35,2,2,2,5,0,0,0,0,true,,false,false,false,false,false,,,,,,false,false,true,,,false,false,false,false,false,-83.28417,42.42733,"{
  ""coordinates"": [
    -8.328417520799999e+01,
    4.242733502700000e+01
  ],
  ""type"": ""Point""
}","{
  ""coordinates"": [
    -83.284175208,
    42.427335027
  ],
  ""type"": ""Point""
}",-83.284175208,42.427335027
6408,1190217,N I 75 SERVICE DRIVE,7 MILE,2017-10-02,2,10,2017,2,2,4,9,,4,0,,1,1,4,25,2,2,1,5,0,0,0,0,true,,false,false,true,false,false,,,,,,false,false,false,,,false,false,false,false,false,-83.09424,42.43246,"{
  ""coordinates"": [
    -8.309424140399990e+01,
    4.243246257900010e+01
  ],
  ""type"": ""Point""
}","{
  ""coordinates"": [
    -83.094241404,
    42.432462579
  ],
  ""type"": ""Point""
}",-83.0942414039999,42.4324625790001
6409,1148458,MORANG,WAYBURN,2017-10-02,2,10,2017,20,2,5,9,,4,0,,1,1,3,25,2,3,1,4,0,0,0,1,false,,false,false,true,false,false,,,,,,false,false,false,,,false,false,false,false,false,-82.95017,42.4262,"{
  ""coordinates"": [
    -8.295017182399990e+01,
    4.242620210800000e+01
  ],
  ""type"": ""Point""
}","{
  ""coordinates"": [
    -82.950171824,
    42.426202108
  ],
  ""type"": ""Point""
}",-82.9501718239999,42.426202108
6410,1153026,DAVISON,WILDEMERE,2017-10-02,2,10,2017,18,2,8,3,,1,0,,1,1,1,35,7,2,4,5,0,0,0,0,true,,false,false,false,false,false,,,,,,false,false,true,,,false,false,false,false,false,-83.12577,42.39164,"{
  ""coordinates"": [
    -8.312576831000000e+01,
    4.239163437100010e+01
  ],
  ""type"": ""Point""
}","{
  ""coordinates"": [
    -83.12576831,
    42.391634371
  ],
  ""type"": ""Point""
}",-83.12576831,42.3916343710001
6411,1152941,I-96,WYOMING,2017-10-02,2,10,2017,9,2,8,1,,1,0,,1,1,1,70,4,2,2,5,0,0,0,0,true,,false,false,false,false,false,,,,,,false,false,true,,,false,false,false,false,false,-83.1541,42.38521,"{
  ""coordinates"": [
    -8.315410177800000e+01,
    4.238520646100010e+01
  ],
  ""type"": ""Point""
}","{
  ""coordinates"": [
    -83.154101778,
    42.385206461
  ],
  ""type"": ""Point""
}",-83.154101778,42.3852064610001
6412,1148439,SCHAEFER,FULLERTON,2017-10-02,2,10,2017,16,2,5,9,,4,0,,1,1,1,35,2,2,1,5,0,0,0,0,true,,false,false,false,false,false,,,,,,false,true,false,,,false,false,false,false,false,-83.17826,42.38038,"{
  ""coordinates"": [
    -8.317826015999999e+01,
    4.238037801400000e+01
  ],
  ""type"": ""Point""
}","{
  ""coordinates"": [
    -83.17826016,
    42.380378014
  ],
  ""type"": ""Point""
}",-83.17826016,42.380378014
6413,1149285,BINDER,STOCKTON,2017-10-02,2,10,2017,8,2,4,9,,,0,,1,1,1,25,2,2,2,5,0,0,0,0,true,,false,false,false,false,false,,,,,,false,false,false,,,false,false,false,false,false,-83.06393,42.42737,"{
  ""coordinates"": [
    -8.306392781800000e+01,
    4.242737388500010e+01
  ],
  ""type"": ""Point""
}","{
  ""coordinates"": [
    -83.063927818,
    42.427373885
  ],
  ""type"": ""Point""
}",-83.063927818,42.4273738850001
6414,1178528,LIVERNOIS,CURTIS,2017-10-02,2,10,2017,19,2,97,9,,4,3,,1,1,4,30,2,2,0,5,0,0,0,0,true,,false,false,false,false,false,,,,,,false,false,false,,,false,false,false,false,false,-83.14129,42.42461,"{
  ""coordinates"": [
    -8.314128540400000e+01,
    4.242460670700010e+01
  ],
  ""type"": ""Point""
}","{
  ""coordinates"": [
    -83.141285404,
    42.424606707
  ],
  ""type"": ""Point""
}",-83.141285404,42.4246067070001
6415,1148483,CELESTINE,EASTWOOD,2017-10-02,2,10,2017,14,2,4,9,,,0,,1,1,1,25,4,2,4,3,0,0,2,0,false,,false,false,false,false,false,,,,,,false,false,false,,,false,false,false,false,false,-82.97266,42.43363,"{
  ""coordinates"": [
    -8.297266358600000e+01,
    4.243362683800010e+01
  ],
  ""type"": ""Point""
}","{
  ""coordinates"": [
    -82.972663586,
    42.433626838
  ],
  ""type"": ""Point""
}",-82.972663586,42.4336268380001
6416,1148459,EVERGREEN,PLYMOUTH,2017-10-02,2,10,2017,16,2,4,9,,4,0,,1,1,1,30,5,2,2,5,0,0,0,0,true,,false,false,false,false,false,,,,,,false,false,false,,,false,false,false,false,false,-83.23626,42.37203,"{
  ""coordinates"": [
    -8.323625750500000e+01,
    4.237202671500010e+01
  ],
  ""type"": ""Point""
}","{
  ""coordinates"": [
    -83.236257505,
    42.372026715
  ],
  ""type"": ""Point""
}",-83.236257505,42.3720267150001
6417,1149219,M 39,7 MILE,2017-10-02,2,10,2017,17,2,5,3,,1,0,,1,1,1,55,3,4,4,3,0,0,1,1,false,,false,false,false,false,false,,,,,,false,false,false,,,false,false,false,false,false,-83.21925,42.43058,"{
  ""coordinates"": [
    -8.321924960400000e+01,
    4.243057555400000e+01
  ],
  ""type"": ""Point""
}","{
  ""coordinates"": [
    -83.219249604,
    42.430575554
  ],
  ""type"": ""Point""
}",-83.219249604,42.430575554
6418,1148477,SEVEN MILE,OAKFIELD,2017-10-02,2,10,2017,10,2,98,9,,2,0,,1,1,1,35,6,2,2,5,0,0,0,0,true,,false,false,true,false,false,,,,,,false,false,true,,,false,false,false,false,false,-83.21498,42.43014,"{
  ""coordinates"": [
    -8.321497933599990e+01,
    4.243014160300000e+01
  ],
  ""type"": ""Point""
}","{
  ""coordinates"": [
    -83.214979336,
    42.430141603
  ],
  ""type"": ""Point""
}",-83.2149793359999,42.430141603
6419,1152905,E I 94,GRAND,2017-10-02,2,10,2017,17,2,5,1,,1,0,,1,1,1,55,3,2,2,5,0,0,0,0,true,,false,false,false,false,false,,,,,,false,true,false,,,false,false,false,false,false,-83.10958,42.34655,"{
  ""coordinates"": [
    -8.310957942300000e+01,
    4.234654614200010e+01
  ],
  ""type"": ""Point""
}","{
  ""coordinates"": [
    -83.109579423,
    42.346546142
  ],
  ""type"": ""Point""
}",-83.109579423,42.3465461420001
6420,1149281,LIVERNOIS,OAKMAN,2017-10-02,2,10,2017,21,2,4,9,,4,0,,1,1,4,35,6,2,1,5,0,0,0,0,true,,false,false,true,false,false,,,,,,false,true,false,,,false,false,false,false,false,-83.1396,42.39027,"{
  ""coordinates"": [
    -8.313959186300001e+01,
    4.239026569800010e+01
  ],
  ""type"": ""Point""
}","{
  ""coordinates"": [
    -83.139591863,
    42.390265698
  ],
  ""type"": ""Point""
}",-83.139591863,42.3902656980001
6421,1150334,N M 10,RAMP 119C,2017-10-02,2,10,2017,2,2,5,3,,1,0,,1,1,4,55,3,2,2,4,0,0,0,1,false,,false,false,false,false,false,,,,,,false,true,false,,,false,false,false,false,false,-83.07137,42.35037,"{
  ""coordinates"": [
    -8.307136469800000e+01,
    4.235036672000010e+01
  ],
  ""type"": ""Point""
}","{
  ""coordinates"": [
    -83.071364698,
    42.35036672
  ],
  ""type"": ""Point""
}",-83.071364698,42.3503667200001
6422,1151433,GRATIOT,DUBOIS,2017-10-02,2,10,2017,15,2,97,3,,1,0,,1,1,1,35,3,2,6,5,0,0,0,0,true,,false,false,false,false,false,,,,,,false,false,false,,,false,false,false,false,false,-83.03329,42.35065,"{
  ""coordinates"": [
    -8.303328603599989e+01,
    4.235064998600010e+01
  ],
  ""type"": ""Point""
}","{
  ""coordinates"": [
    -83.033286036,
    42.350649986
  ],
  ""type"": ""Point""
}",-83.0332860359999,42.3506499860001
6423,1151427,LARNED,RIVARD,2017-10-02,2,10,2017,1,2,5,9,,4,3,,1,1,4,30,3,3,1,4,0,0,0,1,false,,false,false,false,false,false,,,,,,false,false,true,,,false,false,false,false,false,-83.03233,42.33518,"{
  ""coordinates"": [
    -8.303233130800000e+01,
    4.233518231600000e+01
  ],
  ""type"": ""Point""
}","{
  ""coordinates"": [
    -83.032331308,
    42.335182316
  ],
  ""type"": ""Point""
}",-83.032331308,42.335182316
6424,1148443,MADISON,JOHN R,2017-10-02,2,10,2017,8,2,5,9,,4,0,,1,1,1,30,4,2,1,5,0,0,0,0,true,,false,false,false,false,false,,,,,,false,false,false,,,false,false,false,false,false,-83.04776,42.33719,"{
  ""coordinates"": [
    -8.304776014299991e+01,
    4.233718960400010e+01
  ],
  ""type"": ""Point""
}","{
  ""coordinates"": [
    -83.047760143,
    42.337189604
  ],
  ""type"": ""Point""
}",-83.0477601429999,42.3371896040001
6425,1150398,VAN DYKE,MCNICHOLS,2017-10-02,2,10,2017,13,2,3,3,,1,0,,1,1,1,35,4,2,2,3,0,0,1,0,false,,false,false,true,false,false,,,,,,false,false,true,,,false,false,false,false,false,-83.0237,42.41931,"{
  ""coordinates"": [
    -8.302370016899989e+01,
    4.241930906100000e+01
  ],
  ""type"": ""Point""
}","{
  ""coordinates"": [
    -83.023700169,
    42.419309061
  ],
  ""type"": ""Point""
}",-83.0237001689999,42.419309061
6426,1162354,RANDOLPH,BATES,2017-10-02,2,10,2017,8,2,8,3,,1,0,,1,1,1,25,2,2,2,5,0,0,0,0,true,,false,false,false,false,false,,,,,,false,false,false,,,false,false,false,false,false,-83.04421,42.33321,"{
  ""coordinates"": [
    -8.304421079799990e+01,
    4.233321313200000e+01
  ],
  ""type"": ""Point""
}","{
  ""coordinates"": [
    -83.044210798,
    42.333213132
  ],
  ""type"": ""Point""
}",-83.0442107979999,42.333213132
6427,1148494,ARDMORE,OUTER,2017-10-02,2,10,2017,12,2,4,9,,,0,,1,1,1,35,1,2,3,4,0,0,0,1,false,,false,false,false,false,false,,,,,,false,false,false,,,false,false,false,false,false,-83.18484,42.42012,"{
  ""coordinates"": [
    -8.318484687800000e+01,
    4.242011617100010e+01
  ],
  ""type"": ""Point""
}","{
  ""coordinates"": [
    -83.184846878,
    42.420116171
  ],
  ""type"": ""Point""
}",-83.184846878,42.4201161710001
6428,1148440,GRAND RIVER,MARK TWAIN,2017-10-02,2,10,2017,11,2,1,3,,1,1,,1,1,1,35,6,1,2,5,0,0,0,0,true,,false,false,false,false,false,,,,,,false,false,false,,,false,false,false,false,false,-83.18581,42.38761,"{
  ""coordinates"": [
    -8.318581127300000e+01,
    4.238760928300010e+01
  ],
  ""type"": ""Point""
}","{
  ""coordinates"": [
    -83.185811273,
    42.387609283
  ],
  ""type"": ""Point""
}",-83.185811273,42.3876092830001
6429,1149301,SCHAEFER,8 MILE,2017-10-02,2,10,2017,18,2,8,3,,4,0,,1,1,1,30,5,2,4,5,0,0,0,0,true,,false,false,true,false,false,,,,,,false,false,false,,,false,false,false,false,false,-83.18098,42.44479,"{
  ""coordinates"": [
    -8.318098301399991e+01,
    4.244479132900010e+01
  ],
  ""type"": ""Point""
}","{
  ""coordinates"": [
    -83.180983014,
    42.444791329
  ],
  ""type"": ""Point""
}",-83.1809830139999,42.4447913290001
6430,1150344,JOHN R,ALFRED,2017-10-02,2,10,2017,19,2,98,9,,4,0,,1,1,4,30,2,2,0,5,0,0,0,0,true,,false,false,true,false,false,,,,,,false,false,false,,,false,false,false,false,false,-83.05276,42.34392,"{
  ""coordinates"": [
    -8.305276048000000e+01,
    4.234391880500000e+01
  ],
  ""type"": ""Point""
}","{
  ""coordinates"": [
    -83.05276048,
    42.343918805
  ],
  ""type"": ""Point""
}",-83.05276048,42.343918805
6431,1152901,I-75,MCNICHOLS,2017-10-02,2,10,2017,15,2,5,1,,1,0,,1,1,1,55,4,2,2,5,0,0,0,0,true,,false,false,false,false,false,,,,,,false,false,false,,,false,false,false,false,false,-83.08775,42.41786,"{
  ""coordinates"": [
    -8.308774874999990e+01,
    4.241786033100000e+01
  ],
  ""type"": ""Point""
}","{
  ""coordinates"": [
    -83.08774875,
    42.417860331
  ],
  ""type"": ""Point""
}",-83.0877487499999,42.417860331
6432,1148491,JAMES COUZENS,GREENFIELD,2017-10-02,2,10,2017,11,2,4,3,,1,0,,1,1,1,35,1,2,3,5,0,0,0,0,true,,true,true,true,false,false,,,,,,false,false,true,,,false,false,false,false,false,-83.20039,42.44213,"{
  ""coordinates"": [
    -8.320039737499999e+01,
    4.244213289100000e+01
  ],
  ""type"": ""Point""
}","{
  ""coordinates"": [
    -83.200397375,
    42.442132891
  ],
  ""type"": ""Point""
}",-83.200397375,42.442132891
6433,1176356,M-14,FORD,2017-10-02,2,10,2017,13,2,5,9,,4,0,,1,1,1,70,3,2,1,5,0,0,0,0,true,,false,false,true,false,false,,,,,,false,false,false,,,false,false,false,false,false,-83.19256,42.3727,"{
  ""coordinates"": [
    -8.319255894900000e+01,
    4.237270501300000e+01
  ],
  ""type"": ""Point""
}","{
  ""coordinates"": [
    -83.192558949,
    42.372705013
  ],
  ""type"": ""Point""
}",-83.192558949,42.372705013
6434,1196569,RAMP 137A,E I 96 SERVICE DRIVE,2017-10-02,2,10,2017,15,2,5,1,,1,0,,1,1,1,15,3,2,2,4,0,0,0,2,false,,false,false,false,false,false,,,,,,false,false,false,,,false,false,false,false,false,-83.17836,42.38268,"{
  ""coordinates"": [
    -8.317835937699989e+01,
    4.238268344500010e+01
  ],
  ""type"": ""Point""
}","{
  ""coordinates"": [
    -83.178359377,
    42.382683445
  ],
  ""type"": ""Point""
}",-83.1783593769999,42.3826834450001
6435,1149235,E I 94,MOROSS,2017-10-02,2,10,2017,13,2,97,1,,1,0,,1,1,1,35,3,2,3,5,0,0,0,0,true,,false,false,true,false,false,,,,,,false,false,true,,,false,false,false,false,false,-82.9285,42.42469,"{
  ""coordinates"": [
    -8.292850429299990e+01,
    4.242469205600000e+01
  ],
  ""type"": ""Point""
}","{
  ""coordinates"": [
    -82.928504293,
    42.424692056
  ],
  ""type"": ""Point""
}",-82.9285042929999,42.424692056
6436,1149236,E I 94 SERVICE DRIVE,SPRINGFIELD,2017-10-02,2,10,2017,20,2,1,9,,,1,,1,1,5,25,4,1,2,5,0,0,0,0,true,,false,false,false,false,false,,,,,,false,false,false,,,false,false,false,false,false,-82.99251,42.39286,"{
  ""coordinates"": [
    -8.299250625099999e+01,
    4.239286357300010e+01
  ],
  ""type"": ""Point""
}","{
  ""coordinates"": [
    -82.992506251,
    42.392863573
  ],
  ""type"": ""Point""
}",-82.992506251,42.3928635730001
6437,1148484,CHALMERS,E I 94,2017-10-02,2,10,2017,11,2,4,1,,4,0,,1,1,1,30,6,2,3,5,0,0,0,0,true,,true,true,false,false,false,,,,,,false,false,false,,,false,false,false,false,false,-82.96423,42.40372,"{
  ""coordinates"": [
    -8.296422278100000e+01,
    4.240372401400000e+01
  ],
  ""type"": ""Point""
}","{
  ""coordinates"": [
    -82.964222781,
    42.403724014
  ],
  ""type"": ""Point""
}",-82.964222781,42.403724014
6438,1148447,CENTRAL,PITT,2017-10-02,2,10,2017,6,2,9,9,,4,2,,1,1,3,25,2,3,1,4,0,0,0,1,false,,false,false,false,false,false,,,,,,false,true,false,,,false,false,false,false,false,-83.12583,42.31475,"{
  ""coordinates"": [
    -8.312583508099991e+01,
    4.231475271400010e+01
  ],
  ""type"": ""Point""
}","{
  ""coordinates"": [
    -83.125835081,
    42.314752714
  ],
  ""type"": ""Point""
}",-83.1258350809999,42.3147527140001
6439,1149259,SOUTHFIELD SERVICE DRIVE,MCNICHOLS,2017-10-02,2,10,2017,18,2,5,3,,4,0,,1,1,1,35,3,2,2,5,0,0,0,0,true,,false,false,false,false,false,,,,,,false,false,true,,,false,false,false,false,false,-83.21839,42.41555,"{
  ""coordinates"": [
    -8.321839332699990e+01,
    4.241555481800000e+01
  ],
  ""type"": ""Point""
}","{
  ""coordinates"": [
    -83.218393327,
    42.415554818
  ],
  ""type"": ""Point""
}",-83.2183933269999,42.415554818
6440,1148465,WARREN,MINOCK,2017-10-02,2,10,2017,12,2,8,9,,2,0,,1,1,1,35,4,2,1,5,0,0,0,0,true,,false,false,true,false,false,,,,,,false,false,false,,,false,false,false,false,false,-83.232,42.34319,"{
  ""coordinates"": [
    -8.323199990599990e+01,
    4.234318512900010e+01
  ],
  ""type"": ""Point""
}","{
  ""coordinates"": [
    -83.231999906,
    42.343185129
  ],
  ""type"": ""Point""
}",-83.2319999059999,42.3431851290001
6441,1148454,END,JEFFERSON,2017-10-02,2,10,2017,6,2,5,9,,4,0,,2,1,2,30,2,2,2,5,0,0,0,0,true,,false,false,false,false,false,,,,,,false,false,false,,,false,false,false,false,false,-83.11351,42.29247,"{
  ""coordinates"": [
    -8.311351076100000e+01,
    4.229247081700000e+01
  ],
  ""type"": ""Point""
}","{
  ""coordinates"": [
    -83.113510761,
    42.292470817
  ],
  ""type"": ""Point""
}",-83.113510761,42.292470817