ObjectId,Crash ID,Primary Road,Intersecting Road,Crash Date,Day,Month,Year,Hour,Weekday,Crash Type Code,Highway Classification Code,Community Code,Jurisdiction Code,Lane Departure Type Code,Surface Type,Road Condition,Weather Condition,Lighting Condition,Speed Limit,Lanes,Units,Occupants,Most Severe Injury,Fatal Injuries,Suspected Serious Injuries,Suspected Minor Injuries,Possible Injuries,Property Damage Only,Secondary Crash,Traffic Control,Red Light Run,Hit and Run,Alcohol,Drugs,Unbelted Person,Work Zone,Speeding Driver,Distracted Driver,Driveway,Pedestrian,Elderly Driver,Young Driver,Commercial Vehicle,Emergency Vehicles,Train,School Bus,Motorcycle,Bicycle,Deer,Longitude,Latitude,geom,geog,x,y
6442,1148467,STAHELIN,SAWYER,2017-10-02,2,10,2017,14,2,4,9,,,0,,1,1,1,25,2,2,2,5,0,0,0,0,true,,false,false,false,false,false,,,,,,false,false,true,,,false,false,false,false,false,-83.22446,42.34696,"{
  ""coordinates"": [
    -8.322445599799990e+01,
    4.234696177000010e+01
  ],
  ""type"": ""Point""
}","{
  ""coordinates"": [
    -83.224455998,
    42.34696177
  ],
  ""type"": ""Point""
}",-83.2244559979999,42.3469617700001
6443,1149299,EIGHT MILE,EXETER,2017-10-02,2,10,2017,23,2,5,3,,1,0,,1,1,4,40,3,2,3,3,0,0,1,0,false,,false,false,false,false,false,,,,,,false,false,true,,,false,false,true,false,false,-83.10568,42.44693,"{
  ""coordinates"": [
    -8.310568263600000e+01,
    4.244693438200010e+01
  ],
  ""type"": ""Point""
}","{
  ""coordinates"": [
    -83.105682636,
    42.446934382
  ],
  ""type"": ""Point""
}",-83.105682636,42.4469343820001
6444,1148435,I-96,TELEGRAPH,2017-10-02,2,10,2017,18,2,8,1,,1,0,,1,1,1,70,4,2,1,5,0,0,0,0,true,,false,false,true,false,false,,,,,,false,false,false,,,false,false,false,false,false,-83.27512,42.38548,"{
  ""coordinates"": [
    -8.327512561400000e+01,
    4.238547657700010e+01
  ],
  ""type"": ""Point""
}","{
  ""coordinates"": [
    -83.275125614,
    42.385476577
  ],
  ""type"": ""Point""
}",-83.275125614,42.3854765770001
6445,1148492,SEVEN MILE,APPOLINE,2017-10-02,2,10,2017,20,2,97,9,,2,0,,1,1,4,30,4,2,1,5,0,0,0,0,true,,false,false,false,false,false,,,,,,true,true,false,,,false,false,false,false,false,-83.17165,42.43125,"{
  ""coordinates"": [
    -8.317165419900000e+01,
    4.243124913800010e+01
  ],
  ""type"": ""Point""
}","{
  ""coordinates"": [
    -83.171654199,
    42.431249138
  ],
  ""type"": ""Point""
}",-83.171654199,42.4312491380001
6446,1149275,ROCHESTER,LAWTON,2017-10-02,2,10,2017,6,2,8,9,,,0,,1,1,4,25,2,2,0,5,0,0,0,0,true,,false,false,true,false,false,,,,,,false,false,false,,,false,false,false,false,false,-83.11488,42.37618,"{
  ""coordinates"": [
    -8.311488384800001e+01,
    4.237618219000010e+01
  ],
  ""type"": ""Point""
}","{
  ""coordinates"": [
    -83.114883848,
    42.37618219
  ],
  ""type"": ""Point""
}",-83.114883848,42.3761821900001
6447,1156148,GRISWOLD,FORT,2017-10-02,2,10,2017,16,2,98,3,,4,3,,98,1,1,25,2,2,0,5,0,0,0,0,true,,false,false,true,false,false,,,,,,false,false,false,,,false,false,false,false,false,-83.04716,42.33043,"{
  ""coordinates"": [
    -8.304716791800000e+01,
    4.233042943900010e+01
  ],
  ""type"": ""Point""
}","{
  ""coordinates"": [
    -83.047167918,
    42.330429439
  ],
  ""type"": ""Point""
}",-83.047167918,42.3304294390001
6448,1148444,3RD,WEBB,2017-10-02,2,10,2017,9,2,4,9,,,0,,1,1,1,30,2,2,1,5,0,0,0,0,true,,true,false,false,false,false,,,,,,false,false,false,,,false,false,false,false,false,-83.09447,42.39061,"{
  ""coordinates"": [
    -8.309446607400000e+01,
    4.239061009700000e+01
  ],
  ""type"": ""Point""
}","{
  ""coordinates"": [
    -83.094466074,
    42.390610097
  ],
  ""type"": ""Point""
}",-83.094466074,42.390610097
6449,1196568,MARK TWIN,CHIPPEWA,2017-10-01,1,10,2017,12,1,4,9,,,0,,1,1,1,25,2,2,1,5,0,0,0,0,true,,false,false,false,false,false,,,,,,false,false,false,,,false,false,false,false,false,-83.18813,42.44198,"{
  ""coordinates"": [
    -8.318813229800000e+01,
    4.244198042000000e+01
  ],
  ""type"": ""Point""
}","{
  ""coordinates"": [
    -83.188132298,
    42.44198042
  ],
  ""type"": ""Point""
}",-83.188132298,42.44198042
6450,1148452,FERRIS,VERNOR,2017-10-01,1,10,2017,23,1,9,9,,,2,,1,1,3,25,1,2,0,5,0,0,0,0,true,,false,false,true,false,false,,,,,,false,false,false,,,false,false,false,false,false,-83.13205,42.30979,"{
  ""coordinates"": [
    -8.313205127399991e+01,
    4.230978934200000e+01
  ],
  ""type"": ""Point""
}","{
  ""coordinates"": [
    -83.132051274,
    42.309789342
  ],
  ""type"": ""Point""
}",-83.1320512739999,42.309789342
6451,1147267,WARREN,OUTER,2017-10-01,1,10,2017,10,1,4,9,,2,0,,1,1,1,35,5,2,3,5,0,0,0,0,true,,false,false,false,false,false,,,,,,false,false,false,,,false,false,false,false,false,-83.25237,42.34202,"{
  ""coordinates"": [
    -8.325237378299990e+01,
    4.234201772100000e+01
  ],
  ""type"": ""Point""
}","{
  ""coordinates"": [
    -83.252373783,
    42.342017721
  ],
  ""type"": ""Point""
}",-83.2523737829999,42.342017721
6452,1147260,MCNICHOLS,PREVOST,2017-10-01,1,10,2017,19,1,4,9,,2,0,,1,1,4,35,4,2,2,5,0,0,0,0,true,,false,false,false,false,false,,,,,,false,false,false,,,false,false,false,false,false,-83.20351,42.41588,"{
  ""coordinates"": [
    -8.320351324599990e+01,
    4.241588289400000e+01
  ],
  ""type"": ""Point""
}","{
  ""coordinates"": [
    -83.203513246,
    42.415882894
  ],
  ""type"": ""Point""
}",-83.2035132459999,42.415882894
6453,1148442,HUBBELL,PURITAN,2017-10-01,1,10,2017,8,1,8,9,,4,0,,1,1,1,25,3,2,1,5,0,0,0,0,true,,false,false,true,false,false,,,,,,false,false,false,,,false,false,false,false,false,-83.18925,42.40961,"{
  ""coordinates"": [
    -8.318925318100000e+01,
    4.240961303200000e+01
  ],
  ""type"": ""Point""
}","{
  ""coordinates"": [
    -83.189253181,
    42.409613032
  ],
  ""type"": ""Point""
}",-83.189253181,42.409613032
6454,1234574,BURNSIDE,MAINE,2017-10-01,1,10,2017,21,1,4,9,,,0,,1,1,4,25,1,2,1,5,0,0,0,0,true,,false,false,false,false,false,,,,,,false,false,true,,,false,false,false,false,false,-83.0669,42.40703,"{
  ""coordinates"": [
    -8.306690545399989e+01,
    4.240703123600010e+01
  ],
  ""type"": ""Point""
}","{
  ""coordinates"": [
    -83.066905454,
    42.407031236
  ],
  ""type"": ""Point""
}",-83.0669054539999,42.4070312360001
6455,1149297,CONNER,HARPER,2017-10-01,1,10,2017,0,1,5,9,,4,0,,1,1,4,30,2,2,1,5,0,0,0,0,true,,false,false,true,false,false,,,,,,false,false,false,,,false,false,false,false,false,-82.98938,42.39723,"{
  ""coordinates"": [
    -8.298938079300000e+01,
    4.239722942800010e+01
  ],
  ""type"": ""Point""
}","{
  ""coordinates"": [
    -82.989380793,
    42.397229428
  ],
  ""type"": ""Point""
}",-82.989380793,42.3972294280001
6456,1276379,MEYERS,SANTA MARIA,2017-10-01,1,10,2017,17,1,5,9,,4,0,,1,1,1,0,2,2,2,5,0,0,0,0,true,,false,false,true,false,false,,,,,,false,true,false,,,false,false,false,false,false,-83.1702,42.4185,"{
  ""coordinates"": [
    -8.317019998799999e+01,
    4.241849986300010e+01
  ],
  ""type"": ""Point""
}","{
  ""coordinates"": [
    -83.170199988,
    42.418499863
  ],
  ""type"": ""Point""
}",-83.170199988,42.4184998630001
6457,1148451,SAINT JOHN,CENTRAL,2017-10-01,1,10,2017,7,1,5,9,,,0,,1,1,2,25,1,2,1,5,0,0,0,0,true,,false,false,false,false,false,,,,,,false,false,false,,,false,false,false,false,false,-83.13365,42.32731,"{
  ""coordinates"": [
    -8.313365472299991e+01,
    4.232731213600000e+01
  ],
  ""type"": ""Point""
}","{
  ""coordinates"": [
    -83.133654723,
    42.327312136
  ],
  ""type"": ""Point""
}",-83.1336547229999,42.327312136
6458,1147277,WYOMING,FENKELL,2017-10-01,1,10,2017,0,1,1,9,,4,1,,1,1,4,35,2,1,1,4,0,0,0,1,false,,false,false,false,false,false,,,,,,false,false,true,,,false,false,false,false,false,-83.15966,42.40225,"{
  ""coordinates"": [
    -8.315966005199989e+01,
    4.240224654300000e+01
  ],
  ""type"": ""Point""
}","{
  ""coordinates"": [
    -83.159660052,
    42.402246543
  ],
  ""type"": ""Point""
}",-83.1596600519999,42.402246543
6459,1147261,GRANDRIVER,EVERGREEN,2017-10-01,1,10,2017,17,1,3,3,,1,0,,1,1,1,35,6,2,1,4,0,0,0,1,false,,false,false,true,false,false,,,,,,false,false,false,,,false,false,false,false,false,-83.23755,42.40845,"{
  ""coordinates"": [
    -8.323754864499990e+01,
    4.240845100900000e+01
  ],
  ""type"": ""Point""
}","{
  ""coordinates"": [
    -83.237548645,
    42.408451009
  ],
  ""type"": ""Point""
}",-83.2375486449999,42.408451009
6460,1147252,PLYMOUTH,SCHAEFER,2017-10-01,1,10,2017,12,1,7,9,,4,0,,1,1,1,0,2,2,4,5,0,0,0,0,true,,false,false,false,false,false,,,,,,false,false,false,,,false,false,false,false,false,-83.17799,42.37304,"{
  ""coordinates"": [
    -8.317798868800000e+01,
    4.237304426800010e+01
  ],
  ""type"": ""Point""
}","{
  ""coordinates"": [
    -83.177988688,
    42.373044268
  ],
  ""type"": ""Point""
}",-83.177988688,42.3730442680001
6461,1147258,EVERGREEN,MCNICHOLS,2017-10-01,1,10,2017,14,1,98,9,,4,0,,1,1,1,30,3,5,2,4,0,0,0,1,false,,false,false,false,false,false,,,,,,true,false,true,,,false,false,false,false,false,-83.23821,42.41539,"{
  ""coordinates"": [
    -8.323821182599990e+01,
    4.241539286800000e+01
  ],
  ""type"": ""Point""
}","{
  ""coordinates"": [
    -83.238211826,
    42.415392868
  ],
  ""type"": ""Point""
}",-83.2382118259999,42.415392868
6462,1147250,SCHAEFER,FULLERTON,2017-10-01,1,10,2017,15,1,5,9,,4,0,,1,1,1,30,3,2,2,5,0,0,0,0,true,,false,false,false,false,false,,,,,,false,false,false,,,false,false,false,false,false,-83.17826,42.38035,"{
  ""coordinates"": [
    -8.317825915500001e+01,
    4.238034914300000e+01
  ],
  ""type"": ""Point""
}","{
  ""coordinates"": [
    -83.178259155,
    42.380349143
  ],
  ""type"": ""Point""
}",-83.178259155,42.380349143
6463,1147255,ALEXANDRINE,JOHN R,2017-10-01,1,10,2017,14,1,6,9,,4,0,,1,1,1,30,1,2,3,5,0,0,0,0,true,,false,false,true,false,false,,,,,,false,false,false,,,false,false,false,false,false,-83.05799,42.35145,"{
  ""coordinates"": [
    -8.305799463600000e+01,
    4.235145088100010e+01
  ],
  ""type"": ""Point""
}","{
  ""coordinates"": [
    -83.057994636,
    42.351450881
  ],
  ""type"": ""Point""
}",-83.057994636,42.3514508810001
6464,1147257,LAHSER,GROVE,2017-10-01,1,10,2017,1,1,6,9,,2,0,,1,1,1,25,2,2,2,4,0,0,0,1,false,,false,false,false,false,false,,,,,,false,true,false,,,false,false,false,false,false,-83.25739,42.41306,"{
  ""coordinates"": [
    -8.325738829700001e+01,
    4.241306335000010e+01
  ],
  ""type"": ""Point""
}","{
  ""coordinates"": [
    -83.257388297,
    42.41306335
  ],
  ""type"": ""Point""
}",-83.257388297,42.4130633500001
6465,1147270,LINNHURST,BLACKMOOR,2017-10-01,1,10,2017,16,1,4,9,,,0,,1,1,1,25,2,2,2,5,0,0,0,0,true,,false,false,true,false,false,,,,,,false,false,false,,,false,false,false,false,false,-83.01322,42.4306,"{
  ""coordinates"": [
    -8.301322128600000e+01,
    4.243059785100010e+01
  ],
  ""type"": ""Point""
}","{
  ""coordinates"": [
    -83.013221286,
    42.430597851
  ],
  ""type"": ""Point""
}",-83.013221286,42.4305978510001
6466,1147263,7 MILE,SOUTHFIELD SERVICE DRIVE,2017-10-01,1,10,2017,0,1,4,9,,2,0,,1,1,4,35,4,2,1,5,0,0,0,0,true,,true,true,false,false,false,,,,,,false,false,false,,,false,false,false,false,false,-83.21891,42.43003,"{
  ""coordinates"": [
    -8.321890877800000e+01,
    4.243003352700000e+01
  ],
  ""type"": ""Point""
}","{
  ""coordinates"": [
    -83.218908778,
    42.430033527
  ],
  ""type"": ""Point""
}",-83.218908778,42.430033527
6467,1147253,GREENFIELD,THATCHER,2017-10-01,1,10,2017,15,1,5,9,,2,0,,1,1,1,35,4,2,3,5,0,0,0,0,true,,false,false,false,false,false,,,,,,false,true,false,,,false,false,false,false,false,-83.19952,42.42134,"{
  ""coordinates"": [
    -8.319951654300000e+01,
    4.242133527300010e+01
  ],
  ""type"": ""Point""
}","{
  ""coordinates"": [
    -83.199516543,
    42.421335273
  ],
  ""type"": ""Point""
}",-83.199516543,42.4213352730001
6468,1156155,MICHIGAN,LARKINS,2017-10-01,1,10,2017,11,1,5,2,,1,0,,1,1,4,35,2,2,2,5,0,0,0,0,true,,false,false,false,false,false,,,,,,false,false,false,,,false,false,false,false,false,-83.13054,42.33112,"{
  ""coordinates"": [
    -8.313053838400000e+01,
    4.233111533800010e+01
  ],
  ""type"": ""Point""
}","{
  ""coordinates"": [
    -83.130538384,
    42.331115338
  ],
  ""type"": ""Point""
}",-83.130538384,42.3311153380001
6469,1169464,TOLEDO,GRAND,2017-10-01,1,10,2017,12,1,8,9,,4,0,,1,1,1,25,1,2,2,5,0,0,0,0,true,,false,false,false,false,false,,,,,,false,false,false,,,false,false,false,false,false,-83.09148,42.32592,"{
  ""coordinates"": [
    -8.309147620000000e+01,
    4.232592010200010e+01
  ],
  ""type"": ""Point""
}","{
  ""coordinates"": [
    -83.0914762,
    42.325920102
  ],
  ""type"": ""Point""
}",-83.0914762,42.3259201020001
6470,1147249,APPOLINE,SANTA MARIA,2017-10-01,1,10,2017,15,1,8,9,,,0,,1,1,1,25,2,2,0,5,0,0,0,0,true,,false,false,true,false,false,,,,,,false,false,false,,,false,false,false,false,false,-83.17136,42.41986,"{
  ""coordinates"": [
    -8.317135398999990e+01,
    4.241986228200010e+01
  ],
  ""type"": ""Point""
}","{
  ""coordinates"": [
    -83.17135399,
    42.419862282
  ],
  ""type"": ""Point""
}",-83.1713539899999,42.4198622820001
6471,1150335,I-96,JOY,2017-10-01,1,10,2017,21,1,8,1,,1,0,,1,1,4,55,4,2,7,5,0,0,0,0,true,,false,false,true,false,false,,,,,,false,false,false,,,false,false,false,false,false,-83.14001,42.36761,"{
  ""coordinates"": [
    -8.314001681400001e+01,
    4.236761586600010e+01
  ],
  ""type"": ""Point""
}","{
  ""coordinates"": [
    -83.140016814,
    42.367615866
  ],
  ""type"": ""Point""
}",-83.140016814,42.3676158660001
6472,1147268,7 MILE,DRESDEN,2017-10-01,1,10,2017,22,1,1,9,,4,1,,1,1,4,30,4,1,1,2,0,1,0,0,false,,false,false,false,true,false,,,,,,false,false,false,,,false,false,true,false,false,-82.9998,42.43458,"{
  ""coordinates"": [
    -8.299980007499990e+01,
    4.243458294900010e+01
  ],
  ""type"": ""Point""
}","{
  ""coordinates"": [
    -82.999800075,
    42.434582949
  ],
  ""type"": ""Point""
}",-82.9998000749999,42.4345829490001
6473,1148474,GRATIOT,VERNOR,2017-10-01,1,10,2017,20,1,4,1,,1,0,,1,1,4,35,7,2,4,3,0,0,1,0,false,,false,false,false,false,false,,,,,,false,false,true,,,false,false,false,false,false,-83.12782,42.29301,"{
  ""coordinates"": [
    -8.312781624699990e+01,
    4.229300986900010e+01
  ],
  ""type"": ""Point""
}","{
  ""coordinates"": [
    -83.127816247,
    42.293009869
  ],
  ""type"": ""Point""
}",-83.1278162469999,42.2930098690001
6474,1148471,MACK,MT ELLIOT,2017-10-01,1,10,2017,17,1,4,9,,4,0,,1,1,1,30,3,2,3,3,0,0,1,0,false,,true,true,false,false,false,,,,,,false,false,true,,,false,false,false,false,false,-83.02161,42.3613,"{
  ""coordinates"": [
    -8.302160791300000e+01,
    4.236129800200010e+01
  ],
  ""type"": ""Point""
}","{
  ""coordinates"": [
    -83.021607913,
    42.361298002
  ],
  ""type"": ""Point""
}",-83.021607913,42.3612980020001
6475,1147278,PEENNINGTON,ST MARTIN'S,2017-10-01,1,10,2017,20,1,97,9,,,0,,1,1,4,25,2,1,1,5,0,0,0,0,true,,false,false,true,false,false,,,,,,false,false,false,,,false,false,false,false,false,-83.14833,42.4371,"{
  ""coordinates"": [
    -8.314833429899990e+01,
    4.243709861900000e+01
  ],
  ""type"": ""Point""
}","{
  ""coordinates"": [
    -83.148334299,
    42.437098619
  ],
  ""type"": ""Point""
}",-83.1483342989999,42.437098619
6476,1215370,OHIO,SANTA MARIA,2017-10-01,1,10,2017,17,1,98,9,,,0,,1,98,1,25,2,2,0,5,0,0,0,0,true,,false,false,true,false,false,,,,,,false,false,false,,,false,false,false,false,false,-83.15607,42.41902,"{
  ""coordinates"": [
    -8.315606791800001e+01,
    4.241902337900010e+01
  ],
  ""type"": ""Point""
}","{
  ""coordinates"": [
    -83.156067918,
    42.419023379
  ],
  ""type"": ""Point""
}",-83.156067918,42.4190233790001
6477,1147251,SCHAEFER,SCHOOLCRAFT,2017-10-01,1,10,2017,1,1,4,9,,4,0,,1,1,4,35,2,2,1,5,0,0,0,0,true,,false,false,true,false,false,,,,,,false,true,false,,,false,false,false,false,false,-83.17853,42.38801,"{
  ""coordinates"": [
    -8.317852678100000e+01,
    4.238800926700000e+01
  ],
  ""type"": ""Point""
}","{
  ""coordinates"": [
    -83.178526781,
    42.388009267
  ],
  ""type"": ""Point""
}",-83.178526781,42.388009267
6478,1164493,W I 96,CONSOLIDATED RAIL CORPORATION,2017-10-01,1,10,2017,18,1,1,1,,1,0,,1,1,1,55,4,1,1,4,0,0,0,1,false,,false,false,false,false,false,,,,,,false,false,false,,,false,false,false,false,false,-83.18559,42.38156,"{
  ""coordinates"": [
    -8.318559068099999e+01,
    4.238155804500010e+01
  ],
  ""type"": ""Point""
}","{
  ""coordinates"": [
    -83.185590681,
    42.381558045
  ],
  ""type"": ""Point""
}",-83.185590681,42.3815580450001
6479,1147256,HARPER,VAN DYKE,2017-10-01,1,10,2017,0,1,8,3,,4,0,,1,1,4,35,3,2,2,5,0,0,0,0,true,,false,false,true,false,false,,,,,,false,false,false,,,false,false,false,false,false,-83.02141,42.388,"{
  ""coordinates"": [
    -8.302140756400000e+01,
    4.238800208800010e+01
  ],
  ""type"": ""Point""
}","{
  ""coordinates"": [
    -83.021407564,
    42.388002088
  ],
  ""type"": ""Point""
}",-83.021407564,42.3880020880001
6480,1157459,I-94,CASS,2017-10-01,1,10,2017,16,1,5,1,,1,0,,1,1,1,55,3,2,1,4,0,0,0,1,false,,false,false,true,false,false,,,,,,false,false,true,,,false,false,false,false,false,-83.07135,42.36218,"{
  ""coordinates"": [
    -8.307134825500000e+01,
    4.236218087600000e+01
  ],
  ""type"": ""Point""
}","{
  ""coordinates"": [
    -83.071348255,
    42.362180876
  ],
  ""type"": ""Point""
}",-83.071348255,42.362180876
6481,1148475,MT ELLIOTT,GRAND,2017-10-01,1,10,2017,13,1,1,9,,4,0,,1,1,1,25,4,1,3,5,0,0,0,0,true,,false,false,false,false,false,,,,,,false,false,false,,,false,false,false,false,false,-83.03183,42.37686,"{
  ""coordinates"": [
    -8.303183180400001e+01,
    4.237685978300000e+01
  ],
  ""type"": ""Point""
}","{
  ""coordinates"": [
    -83.031831804,
    42.376859783
  ],
  ""type"": ""Point""
}",-83.031831804,42.376859783
6482,1147262,BURT,CAMBRIDGE,2017-10-01,1,10,2017,10,1,4,9,,4,0,,1,1,1,25,2,2,3,4,0,0,0,1,false,,true,false,false,false,false,,,,,,false,false,false,,,false,false,false,false,false,-83.24863,42.43095,"{
  ""coordinates"": [
    -8.324863229999990e+01,
    4.243094636600010e+01
  ],
  ""type"": ""Point""
}","{
  ""coordinates"": [
    -83.2486323,
    42.430946366
  ],
  ""type"": ""Point""
}",-83.2486322999999,42.4309463660001
6483,1149254,WOODBRIDGE,SAINT AUBIN,2017-10-01,1,10,2017,2,1,97,9,,,0,,1,1,4,25,2,5,1,3,0,0,1,0,false,,false,false,false,true,false,,,,,,false,false,false,,,false,false,false,false,false,-83.02592,42.33593,"{
  ""coordinates"": [
    -8.302591754199990e+01,
    4.233593162200000e+01
  ],
  ""type"": ""Point""
}","{
  ""coordinates"": [
    -83.025917542,
    42.335931622
  ],
  ""type"": ""Point""
}",-83.0259175419999,42.335931622
6484,1147279,MCNICHOLS,MANOR,2017-10-01,1,10,2017,11,1,8,9,,2,0,,1,1,1,0,4,2,0,5,0,0,0,0,true,,false,false,true,false,false,,,,,,false,false,false,,,false,false,false,false,false,-83.16938,42.41668,"{
  ""coordinates"": [
    -8.316938278299990e+01,
    4.241668195700000e+01
  ],
  ""type"": ""Point""
}","{
  ""coordinates"": [
    -83.169382783,
    42.416681957
  ],
  ""type"": ""Point""
}",-83.1693827829999,42.416681957
6485,1148453,LIVERNOIS,CADET,2017-10-01,1,10,2017,2,1,4,9,,4,0,,1,1,1,35,2,2,2,3,0,0,2,0,false,,false,false,false,false,false,,,,,,false,false,true,,,false,false,false,false,false,-83.10861,42.31372,"{
  ""coordinates"": [
    -8.310860944900000e+01,
    4.231371804800010e+01
  ],
  ""type"": ""Point""
}","{
  ""coordinates"": [
    -83.108609449,
    42.313718048
  ],
  ""type"": ""Point""
}",-83.108609449,42.3137180480001
6486,1167592,KELLY,KENOSHA,2017-10-01,1,10,2017,12,1,4,9,,2,0,,1,1,1,35,2,2,2,5,0,0,0,0,true,,false,false,false,false,false,,,,,,false,true,false,,,false,false,false,false,false,-82.9508,42.43736,"{
  ""coordinates"": [
    -8.295079958100000e+01,
    4.243736342300010e+01
  ],
  ""type"": ""Point""
}","{
  ""coordinates"": [
    -82.950799581,
    42.437363423
  ],
  ""type"": ""Point""
}",-82.950799581,42.4373634230001
6487,1147282,MCNICHOLS,LITTLEFIELD,2017-10-01,1,10,2017,21,1,97,9,,2,0,,1,1,4,35,4,3,7,4,0,0,0,6,false,,false,false,false,false,false,,,,,,false,false,true,,,false,false,false,false,false,-83.17642,42.41661,"{
  ""coordinates"": [
    -8.317641969800000e+01,
    4.241661148800010e+01
  ],
  ""type"": ""Point""
}","{
  ""coordinates"": [
    -83.176419698,
    42.416611488
  ],
  ""type"": ""Point""
}",-83.176419698,42.4166114880001
6488,1149237,UNIVERSITY,SOUTHAMPTON,2017-10-01,1,10,2017,12,1,4,9,,,0,,1,1,1,25,1,2,6,4,0,0,0,2,false,,false,false,false,false,false,,,,,,false,false,true,,,false,false,false,false,false,-82.92463,42.41215,"{
  ""coordinates"": [
    -8.292462861599989e+01,
    4.241214947700010e+01
  ],
  ""type"": ""Point""
}","{
  ""coordinates"": [
    -82.924628616,
    42.412149477
  ],
  ""type"": ""Point""
}",-82.9246286159999,42.4121494770001
6489,1148457,LENOX,LINVILLE,2017-10-01,1,10,2017,17,1,8,9,,,3,,1,1,1,25,2,2,0,5,0,0,0,0,true,,false,false,true,false,false,,,,,,false,false,false,,,false,false,false,false,false,-82.97057,42.3996,"{
  ""coordinates"": [
    -8.297056283500000e+01,
    4.239960599200000e+01
  ],
  ""type"": ""Point""
}","{
  ""coordinates"": [
    -82.970562835,
    42.399605992
  ],
  ""type"": ""Point""
}",-82.970562835,42.399605992
6490,1157476,I-94,RUSSELL,2017-10-01,1,10,2017,12,1,8,1,,1,0,,1,1,1,55,3,3,2,5,0,0,0,0,true,,false,false,true,false,false,,,,,,false,false,false,,,false,false,false,false,false,-83.05747,42.36881,"{
  ""coordinates"": [
    -8.305746986900000e+01,
    4.236880964500010e+01
  ],
  ""type"": ""Point""
}","{
  ""coordinates"": [
    -83.057469869,
    42.368809645
  ],
  ""type"": ""Point""
}",-83.057469869,42.3688096450001
6491,1164545,SNOWDEN,EATON,2017-10-01,1,10,2017,21,1,4,9,,,0,,1,1,4,25,2,2,3,4,0,0,0,3,false,,false,false,true,false,false,,,,,,false,false,false,,,false,false,false,false,false,-83.17674,42.39734,"{
  ""coordinates"": [
    -8.317674512799989e+01,
    4.239734017700000e+01
  ],
  ""type"": ""Point""
}","{
  ""coordinates"": [
    -83.176745128,
    42.397340177
  ],
  ""type"": ""Point""
}",-83.1767451279999,42.397340177
6492,1147280,MEYERS,7 MILE,2017-10-01,1,10,2017,23,1,5,9,,4,0,,1,1,4,35,4,2,2,5,0,0,0,0,true,,false,false,true,false,false,,,,,,false,false,false,,,false,false,false,false,false,-83.17069,42.43122,"{
  ""coordinates"": [
    -8.317069202499989e+01,
    4.243122605300000e+01
  ],
  ""type"": ""Point""
}","{
  ""coordinates"": [
    -83.170692025,
    42.431226053
  ],
  ""type"": ""Point""
}",-83.1706920249999,42.431226053
6493,1150402,8 MILE,DEQUINDRE,2017-10-01,1,10,2017,23,1,5,3,,1,0,,1,1,4,45,5,3,3,2,0,1,0,0,false,,false,false,false,false,false,,,,,,false,false,false,,,false,false,false,false,false,-83.08344,42.44703,"{
  ""coordinates"": [
    -8.308344100499990e+01,
    4.244702598300010e+01
  ],
  ""type"": ""Point""
}","{
  ""coordinates"": [
    -83.083441005,
    42.447025983
  ],
  ""type"": ""Point""
}",-83.0834410049999,42.4470259830001
6494,1148446,LAFAYETTE,WHEELOCK,2017-10-01,1,10,2017,21,1,2,9,,4,2,,1,1,98,25,2,2,1,5,0,0,0,0,true,,false,false,true,false,false,,,,,,false,false,false,,,false,false,false,false,false,-83.11594,42.30484,"{
  ""coordinates"": [
    -8.311593435299990e+01,
    4.230484248400010e+01
  ],
  ""type"": ""Point""
}","{
  ""coordinates"": [
    -83.115934353,
    42.304842484
  ],
  ""type"": ""Point""
}",-83.1159343529999,42.3048424840001
6495,1150341,FARNSWORTH,JOHN R,2017-10-01,1,10,2017,12,1,4,9,,,0,,1,1,1,25,2,2,6,5,0,0,0,0,true,,false,false,false,false,false,,,,,,false,true,false,,,false,false,false,false,false,-83.06296,42.35881,"{
  ""coordinates"": [
    -8.306296106600000e+01,
    4.235880941500010e+01
  ],
  ""type"": ""Point""
}","{
  ""coordinates"": [
    -83.062961066,
    42.358809415
  ],
  ""type"": ""Point""
}",-83.062961066,42.3588094150001
6496,1157560,SPRINGEWELLS,VERNOR,2017-10-01,1,10,2017,2,1,5,9,,,0,,1,1,3,25,3,2,4,4,0,0,0,4,false,,false,false,true,false,false,,,,,,false,false,true,,,false,false,false,false,false,-82.95938,42.37669,"{
  ""coordinates"": [
    -8.295938471200000e+01,
    4.237669562000010e+01
  ],
  ""type"": ""Point""
}","{
  ""coordinates"": [
    -82.959384712,
    42.37669562
  ],
  ""type"": ""Point""
}",-82.959384712,42.3766956200001
6497,1149267,8 MILE,STRASBURG,2017-09-30,30,9,2017,19,7,4,3,,1,0,,1,1,3,35,6,2,2,5,0,0,0,0,true,,false,false,false,false,false,,,,,,false,false,false,,,false,false,false,false,false,-82.99872,42.44899,"{
  ""coordinates"": [
    -8.299872097100000e+01,
    4.244898759900010e+01
  ],
  ""type"": ""Point""
}","{
  ""coordinates"": [
    -82.998720971,
    42.448987599
  ],
  ""type"": ""Point""
}",-82.998720971,42.4489875990001
6498,1146263,SEVEN MILE,FIELDING,2017-09-30,30,9,2017,4,7,5,9,,2,0,,1,1,4,35,4,3,3,2,0,2,0,0,false,,false,false,false,false,false,,,,,,false,false,true,,,false,false,false,false,false,-83.24389,42.42946,"{
  ""coordinates"": [
    -8.324388555300000e+01,
    4.242945853600000e+01
  ],
  ""type"": ""Point""
}","{
  ""coordinates"": [
    -83.243885553,
    42.429458536
  ],
  ""type"": ""Point""
}",-83.243885553,42.429458536