ObjectId,Crash ID,Primary Road,Intersecting Road,Crash Date,Day,Month,Year,Hour,Weekday,Crash Type Code,Highway Classification Code,Community Code,Jurisdiction Code,Lane Departure Type Code,Surface Type,Road Condition,Weather Condition,Lighting Condition,Speed Limit,Lanes,Units,Occupants,Most Severe Injury,Fatal Injuries,Suspected Serious Injuries,Suspected Minor Injuries,Possible Injuries,Property Damage Only,Secondary Crash,Traffic Control,Red Light Run,Hit and Run,Alcohol,Drugs,Unbelted Person,Work Zone,Speeding Driver,Distracted Driver,Driveway,Pedestrian,Elderly Driver,Young Driver,Commercial Vehicle,Emergency Vehicles,Train,School Bus,Motorcycle,Bicycle,Deer,Longitude,Latitude,geom,geog,x,y
6499,1146320,CHERRYLAWN,CLARITA,2017-09-30,30,9,2017,12,7,4,9,,,0,,1,1,1,25,2,2,3,4,0,0,0,1,false,,false,false,false,false,false,,,,,,false,false,true,,,false,false,false,false,false,-83.15544,42.4296,"{
  ""coordinates"": [
    -8.315543806100000e+01,
    4.242960370800010e+01
  ],
  ""type"": ""Point""
}","{
  ""coordinates"": [
    -83.155438061,
    42.429603708
  ],
  ""type"": ""Point""
}",-83.155438061,42.4296037080001
6500,1156141,BEAUBIEN,CLINTON,2017-09-30,30,9,2017,19,7,8,9,,4,0,,1,2,3,25,2,2,1,4,0,0,0,1,false,,false,false,true,false,false,,,,,,false,false,true,,,false,false,true,false,false,-83.0435,42.3363,"{
  ""coordinates"": [
    -8.304350567499991e+01,
    4.233630020600000e+01
  ],
  ""type"": ""Point""
}","{
  ""coordinates"": [
    -83.043505675,
    42.336300206
  ],
  ""type"": ""Point""
}",-83.0435056749999,42.336300206
6501,1146197,WHITCOMB,ELMIRA,2017-09-30,30,9,2017,15,7,98,9,,,0,,1,1,1,25,4,3,0,5,0,0,0,0,true,,false,false,true,false,false,,,,,,false,true,false,,,false,false,false,false,false,-83.19526,42.37013,"{
  ""coordinates"": [
    -8.319526060899990e+01,
    4.237013066300010e+01
  ],
  ""type"": ""Point""
}","{
  ""coordinates"": [
    -83.195260609,
    42.370130663
  ],
  ""type"": ""Point""
}",-83.1952606089999,42.3701306630001
6502,1146268,GREENVIEW,MCNICHOLS,2017-09-30,30,9,2017,12,7,5,9,,,0,,1,1,1,25,1,2,2,5,0,0,0,0,true,,false,false,false,false,false,,,,,,false,false,false,,,false,false,false,false,false,-83.22434,42.41545,"{
  ""coordinates"": [
    -8.322433955500000e+01,
    4.241545078500010e+01
  ],
  ""type"": ""Point""
}","{
  ""coordinates"": [
    -83.224339555,
    42.415450785
  ],
  ""type"": ""Point""
}",-83.224339555,42.4154507850001
6503,1155323,CASS,HANCOCK,2017-09-30,30,9,2017,13,7,8,9,,4,3,,1,1,1,25,2,2,1,5,0,0,0,0,true,,false,false,false,false,false,,,,,,false,false,true,,,false,false,false,false,false,-83.06555,42.35406,"{
  ""coordinates"": [
    -8.306555356500000e+01,
    4.235406481800000e+01
  ],
  ""type"": ""Point""
}","{
  ""coordinates"": [
    -83.065553565,
    42.354064818
  ],
  ""type"": ""Point""
}",-83.065553565,42.354064818
6504,1147281,PURITAN,MANOR,2017-09-30,30,9,2017,8,7,4,9,,4,0,,1,1,4,25,2,2,2,5,0,0,0,0,true,,false,false,false,false,false,,,,,,false,false,false,,,false,false,false,false,false,-83.16862,42.40956,"{
  ""coordinates"": [
    -8.316862620800001e+01,
    4.240955933900010e+01
  ],
  ""type"": ""Point""
}","{
  ""coordinates"": [
    -83.168626208,
    42.409559339
  ],
  ""type"": ""Point""
}",-83.168626208,42.4095593390001
6505,1146262,OUTER,ASBURY,2017-09-30,30,9,2017,10,7,4,9,,2,0,,1,1,1,25,4,2,4,3,0,0,1,0,false,,true,true,false,false,false,,,,,,false,false,false,,,false,false,false,false,false,-83.20914,42.41927,"{
  ""coordinates"": [
    -8.320913538699990e+01,
    4.241927396900010e+01
  ],
  ""type"": ""Point""
}","{
  ""coordinates"": [
    -83.209135387,
    42.419273969
  ],
  ""type"": ""Point""
}",-83.2091353869999,42.4192739690001
6506,1149273,STOEPEL,CORTLAND,2017-09-30,30,9,2017,15,7,4,9,,,0,,1,1,1,25,2,2,1,5,0,0,0,0,true,,false,false,false,false,false,,,,,,false,false,false,,,false,false,false,false,false,-83.14033,42.37983,"{
  ""coordinates"": [
    -8.314032868399990e+01,
    4.237983091000010e+01
  ],
  ""type"": ""Point""
}","{
  ""coordinates"": [
    -83.140328684,
    42.37983091
  ],
  ""type"": ""Point""
}",-83.1403286839999,42.3798309100001
6507,1146214,SAINT ANTOINE,CANFIELD,2017-09-30,30,9,2017,22,7,1,9,,4,1,,1,1,4,25,3,1,1,2,0,1,0,0,false,,false,false,true,true,false,,,,,,false,false,false,,,false,false,false,false,false,-83.05296,42.35345,"{
  ""coordinates"": [
    -8.305296080700001e+01,
    4.235344977600000e+01
  ],
  ""type"": ""Point""
}","{
  ""coordinates"": [
    -83.052960807,
    42.353449776
  ],
  ""type"": ""Point""
}",-83.052960807,42.353449776
6508,1154411,OTIS,HAMMOND,2017-09-30,30,9,2017,15,7,8,9,,,0,,1,1,1,30,4,2,0,5,0,0,0,0,true,,false,false,true,false,false,,,,,,false,false,false,,,false,false,false,false,false,-83.11431,42.32724,"{
  ""coordinates"": [
    -8.311430754600001e+01,
    4.232723945500000e+01
  ],
  ""type"": ""Point""
}","{
  ""coordinates"": [
    -83.114307546,
    42.327239455
  ],
  ""type"": ""Point""
}",-83.114307546,42.327239455
6509,1157468,M-10,WARREN,2017-09-30,30,9,2017,18,7,8,3,,1,0,,1,1,1,55,4,3,5,1,1,0,0,0,false,,false,false,false,false,false,,,,,,false,true,true,,,false,false,false,false,false,-83.07436,42.35505,"{
  ""coordinates"": [
    -8.307435786699990e+01,
    4.235504936200000e+01
  ],
  ""type"": ""Point""
}","{
  ""coordinates"": [
    -83.074357867,
    42.355049362
  ],
  ""type"": ""Point""
}",-83.0743578669999,42.355049362
6510,1148412,S I 75,RAMP 033C,2017-09-30,30,9,2017,19,7,1,1,,1,1,,1,1,4,55,2,1,2,5,0,0,0,0,true,,false,false,false,false,false,,,,,,false,false,false,,,false,false,false,false,false,-83.08622,42.31558,"{
  ""coordinates"": [
    -8.308622137600000e+01,
    4.231558162300010e+01
  ],
  ""type"": ""Point""
}","{
  ""coordinates"": [
    -83.086221376,
    42.315581623
  ],
  ""type"": ""Point""
}",-83.086221376,42.3155816230001
6511,1146283,KLINGER,REMINGTON,2017-09-30,30,9,2017,7,7,8,9,,,0,,1,1,1,25,1,2,0,5,0,0,0,0,true,,false,false,true,false,false,,,,,,false,false,true,,,false,false,false,false,false,-83.06984,42.44307,"{
  ""coordinates"": [
    -8.306983639899990e+01,
    4.244307397100000e+01
  ],
  ""type"": ""Point""
}","{
  ""coordinates"": [
    -83.069836399,
    42.443073971
  ],
  ""type"": ""Point""
}",-83.0698363989999,42.443073971
6512,1147265,LIVERNOIS,GRAND,2017-09-30,30,9,2017,13,7,8,9,,4,0,,1,1,1,30,7,2,2,5,0,0,0,0,true,,false,false,false,false,false,,,,,,false,false,true,,,false,false,false,false,false,-83.13947,42.38845,"{
  ""coordinates"": [
    -8.313946766100000e+01,
    4.238844683200010e+01
  ],
  ""type"": ""Point""
}","{
  ""coordinates"": [
    -83.139467661,
    42.388446832
  ],
  ""type"": ""Point""
}",-83.139467661,42.3884468320001
6513,1170773,8 MILE,COVENTRY,2017-09-30,30,9,2017,10,7,5,3,,1,0,,1,1,1,40,4,2,2,5,0,0,0,0,true,,false,false,false,false,false,,,,,,false,false,true,,,false,false,false,false,false,-83.10183,42.44695,"{
  ""coordinates"": [
    -8.310182951900001e+01,
    4.244695185900010e+01
  ],
  ""type"": ""Point""
}","{
  ""coordinates"": [
    -83.101829519,
    42.446951859
  ],
  ""type"": ""Point""
}",-83.101829519,42.4469518590001
6514,1146275,HOOVER,GRIENER,2017-09-30,30,9,2017,2,7,4,3,,1,0,,1,1,4,30,4,2,2,2,0,1,0,0,false,,true,true,false,false,false,,,,,,false,false,true,,,false,false,false,false,false,-83.00431,42.42723,"{
  ""coordinates"": [
    -8.300431336699999e+01,
    4.242723432800010e+01
  ],
  ""type"": ""Point""
}","{
  ""coordinates"": [
    -83.004313367,
    42.427234328
  ],
  ""type"": ""Point""
}",-83.004313367,42.4272343280001
6515,1149217,M-10,MEYERS,2017-09-30,30,9,2017,0,7,5,3,,1,0,,1,1,4,55,3,2,2,5,0,0,0,0,true,,false,false,true,false,false,,,,,,false,false,false,,,false,false,false,false,false,-83.16979,42.4142,"{
  ""coordinates"": [
    -8.316979176800000e+01,
    4.241420273000010e+01
  ],
  ""type"": ""Point""
}","{
  ""coordinates"": [
    -83.169791768,
    42.41420273
  ],
  ""type"": ""Point""
}",-83.169791768,42.4142027300001
6516,1146245,SOUTHFIELD,FORD,2017-09-30,30,9,2017,18,7,5,3,,1,0,,1,1,1,25,4,2,6,4,0,0,0,1,false,,false,false,true,false,false,,,,,,false,false,false,,,false,false,false,false,false,-83.21577,42.32911,"{
  ""coordinates"": [
    -8.321576952600000e+01,
    4.232910401100000e+01
  ],
  ""type"": ""Point""
}","{
  ""coordinates"": [
    -83.215769526,
    42.329104011
  ],
  ""type"": ""Point""
}",-83.215769526,42.329104011
6517,1155252,BRUSH,GRATIOT,2017-09-30,30,9,2017,3,7,5,9,,4,0,,1,2,4,25,2,2,3,5,0,0,0,0,true,,false,false,true,false,false,,,,,,false,false,false,,,false,false,false,false,false,-83.04868,42.34184,"{
  ""coordinates"": [
    -8.304867722199999e+01,
    4.234183710000010e+01
  ],
  ""type"": ""Point""
}","{
  ""coordinates"": [
    -83.048677222,
    42.3418371
  ],
  ""type"": ""Point""
}",-83.048677222,42.3418371000001
6518,1179491,7 MILE,HUNTINGTON,2017-09-30,30,9,2017,21,7,8,9,,2,0,,1,1,4,35,6,2,1,4,0,0,0,1,false,,false,false,true,false,false,,,,,,false,false,false,,,false,false,false,false,false,-83.23344,42.42973,"{
  ""coordinates"": [
    -8.323343507000000e+01,
    4.242972650600010e+01
  ],
  ""type"": ""Point""
}","{
  ""coordinates"": [
    -83.23343507,
    42.429726506
  ],
  ""type"": ""Point""
}",-83.23343507,42.4297265060001
6519,1146321,SCHAEFER,JAMES COUZENS,2017-09-30,30,9,2017,16,7,5,9,,4,0,,1,1,1,30,4,2,2,5,0,0,0,0,true,,false,false,false,false,false,,,,,,false,false,false,,,false,false,false,false,false,-83.18018,42.42452,"{
  ""coordinates"": [
    -8.318017475100000e+01,
    4.242451800300010e+01
  ],
  ""type"": ""Point""
}","{
  ""coordinates"": [
    -83.180174751,
    42.424518003
  ],
  ""type"": ""Point""
}",-83.180174751,42.4245180030001
6520,1152897,I 375,LAFAYETTE,2017-09-30,30,9,2017,21,7,1,1,,1,1,,1,1,4,55,3,1,1,4,0,0,0,1,false,,false,false,false,false,false,,,,,,false,false,false,,,false,false,false,false,false,-83.03724,42.33493,"{
  ""coordinates"": [
    -8.303723918799990e+01,
    4.233493198400000e+01
  ],
  ""type"": ""Point""
}","{
  ""coordinates"": [
    -83.037239188,
    42.334931984
  ],
  ""type"": ""Point""
}",-83.0372391879999,42.334931984
6521,1146244,WARREN,HEYDEN,2017-09-30,30,9,2017,16,7,97,9,,2,0,,1,1,1,35,4,2,1,4,0,0,0,1,false,,false,false,false,false,false,,,,,,true,false,false,,,false,false,false,false,false,-83.23757,42.3431,"{
  ""coordinates"": [
    -8.323756924900000e+01,
    4.234309615200000e+01
  ],
  ""type"": ""Point""
}","{
  ""coordinates"": [
    -83.237569249,
    42.343096152
  ],
  ""type"": ""Point""
}",-83.237569249,42.343096152
6522,1148455,FORT,SPRINGWELLS,2017-09-30,30,9,2017,6,7,4,3,,1,0,,1,1,4,35,6,2,3,5,0,0,0,0,true,,false,false,true,false,false,,,,,,false,false,false,,,false,false,false,false,false,-83.11919,42.3002,"{
  ""coordinates"": [
    -8.311919744900000e+01,
    4.230019984700000e+01
  ],
  ""type"": ""Point""
}","{
  ""coordinates"": [
    -83.119197449,
    42.300199847
  ],
  ""type"": ""Point""
}",-83.119197449,42.300199847
6523,1149247,OUTER,SOUTHFIELD,2017-09-30,30,9,2017,2,7,5,9,,2,0,,1,1,4,35,2,2,4,3,0,0,1,1,false,,false,false,true,false,false,,,,,,false,false,false,,,false,false,false,false,false,-83.21893,42.41927,"{
  ""coordinates"": [
    -8.321892493300000e+01,
    4.241927254500010e+01
  ],
  ""type"": ""Point""
}","{
  ""coordinates"": [
    -83.218924933,
    42.419272545
  ],
  ""type"": ""Point""
}",-83.218924933,42.4192725450001
6524,1146215,MACK,BEAUBIEN,2017-09-30,30,9,2017,9,7,8,9,,4,0,,1,1,1,30,3,2,4,5,0,0,0,0,true,,false,false,false,false,false,,,,,,false,false,false,,,false,false,false,false,false,-83.05267,42.34966,"{
  ""coordinates"": [
    -8.305266517699989e+01,
    4.234965850600000e+01
  ],
  ""type"": ""Point""
}","{
  ""coordinates"": [
    -83.052665177,
    42.349658506
  ],
  ""type"": ""Point""
}",-83.0526651769999,42.349658506
6525,1147247,I-96,OUTER,2017-09-30,30,9,2017,23,7,1,1,,1,0,,1,1,4,55,2,1,2,5,0,0,0,0,true,,false,false,false,false,false,,,,,,false,false,false,,,false,false,false,false,false,-83.25423,42.38557,"{
  ""coordinates"": [
    -8.325422337000001e+01,
    4.238557147100000e+01
  ],
  ""type"": ""Point""
}","{
  ""coordinates"": [
    -83.25422337,
    42.385571471
  ],
  ""type"": ""Point""
}",-83.25422337,42.385571471
6526,1156159,MONROE,CHRYSLER SERVICE,2017-09-30,30,9,2017,19,7,4,9,,4,0,,1,1,3,25,2,2,2,5,0,0,0,0,true,,false,false,false,false,false,,,,,,false,false,true,,,false,false,false,false,false,-83.03815,42.33681,"{
  ""coordinates"": [
    -8.303815830500000e+01,
    4.233681187400000e+01
  ],
  ""type"": ""Point""
}","{
  ""coordinates"": [
    -83.038158305,
    42.336811874
  ],
  ""type"": ""Point""
}",-83.038158305,42.336811874
6527,1147239,N M 10,LINWOOD,2017-09-30,30,9,2017,5,7,1,3,,1,1,,1,1,4,55,3,1,1,4,0,0,0,1,false,,false,false,false,false,false,,,,,,false,false,false,,,false,false,false,false,false,-83.12733,42.40522,"{
  ""coordinates"": [
    -8.312732859099999e+01,
    4.240522546400010e+01
  ],
  ""type"": ""Point""
}","{
  ""coordinates"": [
    -83.127328591,
    42.405225464
  ],
  ""type"": ""Point""
}",-83.127328591,42.4052254640001
6528,1147283,LIVERNOIS,OUTER,2017-09-30,30,9,2017,23,7,97,9,,4,0,,1,1,4,30,3,2,1,5,0,0,0,0,true,,false,false,true,false,false,,,,,,false,false,false,,,false,false,false,false,false,-83.1415,42.43496,"{
  ""coordinates"": [
    -8.314150503600000e+01,
    4.243495831800000e+01
  ],
  ""type"": ""Point""
}","{
  ""coordinates"": [
    -83.141505036,
    42.434958318
  ],
  ""type"": ""Point""
}",-83.141505036,42.434958318
6529,1147271,LAKEPOINTE,MOROSS,2017-09-30,30,9,2017,1,7,5,9,,,0,,1,1,4,25,2,2,1,5,0,0,0,0,true,,false,false,true,false,false,,,,,,false,false,false,,,false,false,false,false,false,-82.9439,42.43037,"{
  ""coordinates"": [
    -8.294389942799999e+01,
    4.243036864500000e+01
  ],
  ""type"": ""Point""
}","{
  ""coordinates"": [
    -82.943899428,
    42.430368645
  ],
  ""type"": ""Point""
}",-82.943899428,42.430368645
6530,1149255,VERNIER,GRATIOT,2017-09-30,30,9,2017,22,7,8,3,,1,0,,1,1,4,30,2,2,2,5,0,0,0,0,true,,false,false,false,false,false,,,,,,false,false,false,,,false,false,false,false,false,-82.96471,42.44992,"{
  ""coordinates"": [
    -8.296470306499999e+01,
    4.244991853300010e+01
  ],
  ""type"": ""Point""
}","{
  ""coordinates"": [
    -82.964703065,
    42.449918533
  ],
  ""type"": ""Point""
}",-82.964703065,42.4499185330001
6531,1163428,I-75,GRAND,2017-09-30,30,9,2017,16,7,5,1,,1,0,,1,1,1,55,4,2,3,5,0,0,0,0,true,,false,false,false,false,false,,,,,,false,false,false,,,false,false,false,false,false,-83.06108,42.37566,"{
  ""coordinates"": [
    -8.306108293299999e+01,
    4.237566498300000e+01
  ],
  ""type"": ""Point""
}","{
  ""coordinates"": [
    -83.061082933,
    42.375664983
  ],
  ""type"": ""Point""
}",-83.061082933,42.375664983
6532,1148427,W I 96,RAMP 213F,2017-09-30,30,9,2017,20,7,1,1,,1,1,,1,1,1,55,4,1,1,5,0,0,0,0,true,,false,false,false,false,false,,,,,,false,false,true,,,false,false,false,false,false,-83.09872,42.34983,"{
  ""coordinates"": [
    -8.309871544799999e+01,
    4.234982605400010e+01
  ],
  ""type"": ""Point""
}","{
  ""coordinates"": [
    -83.098715448,
    42.349826054
  ],
  ""type"": ""Point""
}",-83.098715448,42.3498260540001
6533,1146273,GRATIOT,JOANN,2017-09-30,30,9,2017,3,7,1,3,,1,1,,1,1,4,35,7,1,2,5,0,0,0,0,true,,false,false,true,false,false,,,,,,false,false,false,,,false,false,false,false,false,-82.98576,42.42285,"{
  ""coordinates"": [
    -8.298575564600000e+01,
    4.242285032500010e+01
  ],
  ""type"": ""Point""
}","{
  ""coordinates"": [
    -82.985755646,
    42.422850325
  ],
  ""type"": ""Point""
}",-82.985755646,42.4228503250001
6534,1149290,DAVISON,LINWOOD,2017-09-30,30,9,2017,7,7,4,3,,1,0,,1,1,1,35,4,2,2,5,0,0,0,0,true,,false,false,false,false,false,,,,,,false,false,false,,,false,false,false,false,false,-83.12227,42.39293,"{
  ""coordinates"": [
    -8.312227101500000e+01,
    4.239293306200010e+01
  ],
  ""type"": ""Point""
}","{
  ""coordinates"": [
    -83.122271015,
    42.392933062
  ],
  ""type"": ""Point""
}",-83.122271015,42.3929330620001
6535,1146280,HAYES,7 MILE,2017-09-30,30,9,2017,19,7,4,9,,4,0,,1,1,1,30,4,2,2,2,0,1,0,0,false,,false,false,false,false,false,,,,,,false,true,false,,,false,false,false,false,false,-82.96547,42.43543,"{
  ""coordinates"": [
    -8.296546658800000e+01,
    4.243542984100000e+01
  ],
  ""type"": ""Point""
}","{
  ""coordinates"": [
    -82.965466588,
    42.435429841
  ],
  ""type"": ""Point""
}",-82.965466588,42.435429841
6536,1147246,M-10,WYOMING,2017-09-30,30,9,2017,3,7,8,3,,1,0,,1,1,4,55,3,2,2,5,0,0,0,0,true,,false,false,false,false,false,,,,,,false,true,false,,,false,false,false,false,false,-83.16034,42.40554,"{
  ""coordinates"": [
    -8.316033806000000e+01,
    4.240553620300010e+01
  ],
  ""type"": ""Point""
}","{
  ""coordinates"": [
    -83.16033806,
    42.405536203
  ],
  ""type"": ""Point""
}",-83.16033806,42.4055362030001
6537,1148456,CLARK,VERNOR,2017-09-30,30,9,2017,16,7,5,9,,4,0,,1,1,1,25,4,2,3,5,0,0,0,0,true,,false,false,false,false,false,,,,,,false,false,false,,,false,false,false,false,false,-83.0957,42.3201,"{
  ""coordinates"": [
    -8.309570419600000e+01,
    4.232010166900010e+01
  ],
  ""type"": ""Point""
}","{
  ""coordinates"": [
    -83.095704196,
    42.320101669
  ],
  ""type"": ""Point""
}",-83.095704196,42.3201016690001
6538,1148445,SCHAEFER,FORT,2017-09-30,30,9,2017,15,7,7,7,,1,0,,1,1,1,0,2,2,2,5,0,0,0,0,true,,false,false,false,false,false,,,,,,false,false,false,,,false,false,false,false,false,-83.15543,42.27638,"{
  ""coordinates"": [
    -8.315543368300000e+01,
    4.227638425400000e+01
  ],
  ""type"": ""Point""
}","{
  ""coordinates"": [
    -83.155433683,
    42.276384254
  ],
  ""type"": ""Point""
}",-83.155433683,42.276384254
6539,1149288,DAVIDSON,CONANT,2017-09-30,30,9,2017,19,7,5,3,,1,0,,1,1,4,35,1,2,2,4,0,0,0,1,false,,false,false,false,false,false,,,,,,false,false,false,,,false,false,false,false,false,-83.06173,42.41544,"{
  ""coordinates"": [
    -8.306172801600000e+01,
    4.241544221900010e+01
  ],
  ""type"": ""Point""
}","{
  ""coordinates"": [
    -83.061728016,
    42.415442219
  ],
  ""type"": ""Point""
}",-83.061728016,42.4154422190001
6540,1147245,N M 10,7 MILE,2017-09-30,30,9,2017,0,7,5,3,,1,0,,1,1,4,55,3,2,1,5,0,0,0,0,true,,false,false,true,false,false,,,,,,false,false,false,,,false,false,false,false,false,-83.18571,42.42971,"{
  ""coordinates"": [
    -8.318571815800000e+01,
    4.242970558400000e+01
  ],
  ""type"": ""Point""
}","{
  ""coordinates"": [
    -83.185718158,
    42.429705584
  ],
  ""type"": ""Point""
}",-83.185718158,42.429705584
6541,1146203,TEMPLE,BROOKLYN,2017-09-30,30,9,2017,23,7,5,9,,4,0,,1,1,4,25,2,2,3,4,0,0,0,1,false,,false,false,true,false,false,,,,,,false,false,false,,,false,false,false,false,false,-83.06786,42.33879,"{
  ""coordinates"": [
    -8.306786608700000e+01,
    4.233878847100000e+01
  ],
  ""type"": ""Point""
}","{
  ""coordinates"": [
    -83.067866087,
    42.338788471
  ],
  ""type"": ""Point""
}",-83.067866087,42.338788471
6542,1146231,CENTRAL,JOHN KRONK,2017-09-30,30,9,2017,15,7,9,9,,4,2,,1,1,1,25,2,2,3,5,0,0,0,0,true,,false,false,true,false,false,,,,,,false,false,false,,,false,false,false,false,false,-83.1313,42.32232,"{
  ""coordinates"": [
    -8.313129928799999e+01,
    4.232231382000000e+01
  ],
  ""type"": ""Point""
}","{
  ""coordinates"": [
    -83.131299288,
    42.32231382
  ],
  ""type"": ""Point""
}",-83.131299288,42.32231382
6543,1150356,FRANKFORT,LENOX,2017-09-30,30,9,2017,6,7,97,9,,,0,,1,1,2,25,2,3,0,5,0,0,0,0,true,,false,false,true,false,false,,,,,,false,false,false,,,false,false,false,false,false,-82.96709,42.39445,"{
  ""coordinates"": [
    -8.296708883699991e+01,
    4.239445011300010e+01
  ],
  ""type"": ""Point""
}","{
  ""coordinates"": [
    -82.967088837,
    42.394450113
  ],
  ""type"": ""Point""
}",-82.9670888369999,42.3944501130001
6544,1147264,GRAND RIVER,MCNICHOLS,2017-09-30,30,9,2017,14,7,5,3,,1,0,,1,1,1,35,3,2,2,5,0,0,0,0,true,,false,false,false,false,false,,,,,,false,true,true,,,false,false,false,false,false,-83.25312,42.41471,"{
  ""coordinates"": [
    -8.325312110800000e+01,
    4.241471505500000e+01
  ],
  ""type"": ""Point""
}","{
  ""coordinates"": [
    -83.253121108,
    42.414715055
  ],
  ""type"": ""Point""
}",-83.253121108,42.414715055
6545,1150337,WOODWARD,GRAND RIVER,2017-09-30,30,9,2017,3,7,5,9,,4,0,,1,1,4,35,4,2,2,5,0,0,0,0,true,,true,true,true,false,false,,,,,,false,false,false,,,false,false,false,false,false,-83.04861,42.33392,"{
  ""coordinates"": [
    -8.304860378300000e+01,
    4.233392018000010e+01
  ],
  ""type"": ""Point""
}","{
  ""coordinates"": [
    -83.048603783,
    42.33392018
  ],
  ""type"": ""Point""
}",-83.048603783,42.3339201800001
6546,1146202,3RD,ATKINSON,2017-09-30,30,9,2017,15,7,8,9,,4,0,,1,1,1,30,2,2,2,5,0,0,0,0,true,,false,false,true,false,false,,,,,,false,false,false,,,false,false,false,false,false,-83.08842,42.38164,"{
  ""coordinates"": [
    -8.308842223600000e+01,
    4.238163907900010e+01
  ],
  ""type"": ""Point""
}","{
  ""coordinates"": [
    -83.088422236,
    42.381639079
  ],
  ""type"": ""Point""
}",-83.088422236,42.3816390790001
6547,1146191,SECOND,FOREST,2017-09-30,30,9,2017,1,7,97,9,,4,0,,1,1,4,30,1,2,3,3,0,0,1,1,false,,false,false,false,false,false,,,,,,false,false,true,,,false,false,false,false,false,-83.06743,42.35271,"{
  ""coordinates"": [
    -8.306743203300000e+01,
    4.235271300800010e+01
  ],
  ""type"": ""Point""
}","{
  ""coordinates"": [
    -83.067432033,
    42.352713008
  ],
  ""type"": ""Point""
}",-83.067432033,42.3527130080001
6548,1146285,7 MILE,CONANT,2017-09-30,30,9,2017,2,7,4,9,,4,0,,1,2,4,35,4,2,2,4,0,0,0,1,false,,false,false,false,false,false,,,,,,false,false,false,,,false,false,false,false,false,-83.07367,42.43294,"{
  ""coordinates"": [
    -8.307366790200000e+01,
    4.243293610200000e+01
  ],
  ""type"": ""Point""
}","{
  ""coordinates"": [
    -83.073667902,
    42.432936102
  ],
  ""type"": ""Point""
}",-83.073667902,42.432936102
6549,1149279,EWALD,DAVISON,2017-09-30,30,9,2017,18,7,5,3,,4,0,,1,1,1,35,7,3,1,5,0,0,0,0,true,,false,false,true,false,false,,,,,,false,true,false,,,false,false,false,false,false,-83.14529,42.38639,"{
  ""coordinates"": [
    -8.314528435299999e+01,
    4.238638579800000e+01
  ],
  ""type"": ""Point""
}","{
  ""coordinates"": [
    -83.145284353,
    42.386385798
  ],
  ""type"": ""Point""
}",-83.145284353,42.386385798
6550,1149287,MCNICHOLS,CHRYLSER,2017-09-30,30,9,2017,16,7,9,1,,1,0,,1,1,1,35,2,2,1,5,0,0,0,0,true,,true,true,true,false,false,,,,,,false,false,true,,,false,false,false,false,false,-83.08701,42.41802,"{
  ""coordinates"": [
    -8.308701694900000e+01,
    4.241802396200010e+01
  ],
  ""type"": ""Point""
}","{
  ""coordinates"": [
    -83.087016949,
    42.418023962
  ],
  ""type"": ""Point""
}",-83.087016949,42.4180239620001
6551,1146237,CHANDLER PARK,BISHOP,2017-09-30,30,9,2017,13,7,4,9,,2,0,,1,1,1,35,4,2,5,4,0,0,0,3,false,,false,false,false,false,false,,,,,,false,false,true,,,false,false,false,false,false,-82.93625,42.40974,"{
  ""coordinates"": [
    -8.293625164600000e+01,
    4.240974021400010e+01
  ],
  ""type"": ""Point""
}","{
  ""coordinates"": [
    -82.936251646,
    42.409740214
  ],
  ""type"": ""Point""
}",-82.936251646,42.4097402140001
6552,1148414,WB I-96,GRAND,2017-09-30,30,9,2017,1,7,1,1,,1,1,,1,1,4,70,3,1,1,5,0,0,0,0,true,,false,false,false,false,false,,,,,,false,false,false,,,false,false,false,false,false,-83.10608,42.35431,"{
  ""coordinates"": [
    -8.310608132100000e+01,
    4.235430663100000e+01
  ],
  ""type"": ""Point""
}","{
  ""coordinates"": [
    -83.106081321,
    42.354306631
  ],
  ""type"": ""Point""
}",-83.106081321,42.354306631
6553,1149278,DAVISON,LAWTON,2017-09-30,30,9,2017,19,7,3,3,,1,0,,1,1,3,35,6,2,2,5,0,0,0,0,true,,true,false,false,false,false,,,,,,false,false,false,,,false,false,false,false,false,-83.12479,42.39199,"{
  ""coordinates"": [
    -8.312479459799989e+01,
    4.239199533900010e+01
  ],
  ""type"": ""Point""
}","{
  ""coordinates"": [
    -83.124794598,
    42.391995339
  ],
  ""type"": ""Point""
}",-83.1247945979999,42.3919953390001
6554,1150357,ASHLAND,JEFFERSON,2017-09-30,30,9,2017,20,7,9,9,,,2,,1,1,2,25,2,2,1,5,0,0,0,0,true,,false,false,false,false,false,,,,,,false,false,false,,,false,false,false,false,false,-82.94058,42.37474,"{
  ""coordinates"": [
    -8.294058162399990e+01,
    4.237473991900000e+01
  ],
  ""type"": ""Point""
}","{
  ""coordinates"": [
    -82.940581624,
    42.374739919
  ],
  ""type"": ""Point""
}",-82.9405816239999,42.374739919
6555,1146209,WOODWARD,WILLIS,2017-09-30,30,9,2017,14,7,4,3,,1,0,,1,1,1,30,4,2,2,5,0,0,0,0,true,,false,false,false,false,false,,,,,,false,false,true,,,false,false,false,false,false,-83.06075,42.35168,"{
  ""coordinates"": [
    -8.306074358799999e+01,
    4.235167558000010e+01
  ],
  ""type"": ""Point""
}","{
  ""coordinates"": [
    -83.060743588,
    42.35167558
  ],
  ""type"": ""Point""
}",-83.060743588,42.3516755800001