ObjectId,Crash ID,Primary Road,Intersecting Road,Crash Date,Day,Month,Year,Hour,Weekday,Crash Type Code,Highway Classification Code,Community Code,Jurisdiction Code,Lane Departure Type Code,Surface Type,Road Condition,Weather Condition,Lighting Condition,Speed Limit,Lanes,Units,Occupants,Most Severe Injury,Fatal Injuries,Suspected Serious Injuries,Suspected Minor Injuries,Possible Injuries,Property Damage Only,Secondary Crash,Traffic Control,Red Light Run,Hit and Run,Alcohol,Drugs,Unbelted Person,Work Zone,Speeding Driver,Distracted Driver,Driveway,Pedestrian,Elderly Driver,Young Driver,Commercial Vehicle,Emergency Vehicles,Train,School Bus,Motorcycle,Bicycle,Deer,Longitude,Latitude,geom,geog,x,y
6556,1149289,GRINNELL,VAN DYKE,2017-09-30,30,9,2017,22,7,5,3,,4,0,,1,1,3,30,1,2,2,5,0,0,0,0,true,,false,false,false,false,false,,,,,,false,false,false,,,false,false,false,false,false,-83.02282,42.40096,"{
  ""coordinates"": [
    -8.302282054999991e+01,
    4.240095451400000e+01
  ],
  ""type"": ""Point""
}","{
  ""coordinates"": [
    -83.02282055,
    42.400954514
  ],
  ""type"": ""Point""
}",-83.0228205499999,42.400954514
6557,1148448,MCGRAW,WYOMING,2017-09-30,30,9,2017,18,7,5,3,,1,0,,1,1,1,35,5,2,2,5,0,0,0,0,true,,false,false,true,false,false,,,,,,false,false,true,,,false,false,false,false,false,-83.15636,42.32995,"{
  ""coordinates"": [
    -8.315636689300000e+01,
    4.232994717600010e+01
  ],
  ""type"": ""Point""
}","{
  ""coordinates"": [
    -83.156366893,
    42.329947176
  ],
  ""type"": ""Point""
}",-83.156366893,42.3299471760001
6558,1147238,RAMP 212C,LIVERNOIS,2017-09-30,30,9,2017,1,7,1,1,,1,1,,2,1,4,55,1,1,2,2,0,2,0,0,false,,false,false,false,false,false,,,,,,false,false,false,,,false,false,false,false,false,-83.12548,42.33817,"{
  ""coordinates"": [
    -8.312547861900001e+01,
    4.233816466100010e+01
  ],
  ""type"": ""Point""
}","{
  ""coordinates"": [
    -83.125478619,
    42.338164661
  ],
  ""type"": ""Point""
}",-83.125478619,42.3381646610001
6559,1147244,M-39,PEMBROKE,2017-09-29,29,9,2017,19,6,5,3,,1,0,,2,4,1,55,3,2,2,5,0,0,0,0,true,,false,false,false,false,false,,,,,,false,false,true,,,false,false,false,false,false,-83.21947,42.43579,"{
  ""coordinates"": [
    -8.321946675399990e+01,
    4.243579314500000e+01
  ],
  ""type"": ""Point""
}","{
  ""coordinates"": [
    -83.219466754,
    42.435793145
  ],
  ""type"": ""Point""
}",-83.2194667539999,42.435793145
6560,1153041,7 MILE,S I 75,2017-09-29,29,9,2017,9,6,97,9,,4,0,,1,1,1,30,5,2,1,5,0,0,0,0,true,,false,false,false,false,false,,,,,,false,false,false,,,false,false,false,false,false,-83.09488,42.43248,"{
  ""coordinates"": [
    -8.309488086300000e+01,
    4.243248158700000e+01
  ],
  ""type"": ""Point""
}","{
  ""coordinates"": [
    -83.094880863,
    42.432481587
  ],
  ""type"": ""Point""
}",-83.094880863,42.432481587
6561,1149244,SCHOOLCRAFT,ASBURY,2017-09-29,29,9,2017,23,6,3,9,,2,0,,1,1,4,30,3,2,1,5,0,0,0,0,true,,false,false,false,false,false,,,,,,false,true,false,,,false,false,false,false,false,-83.20779,42.38688,"{
  ""coordinates"": [
    -8.320778333899990e+01,
    4.238687624000000e+01
  ],
  ""type"": ""Point""
}","{
  ""coordinates"": [
    -83.207783339,
    42.38687624
  ],
  ""type"": ""Point""
}",-83.2077833389999,42.38687624
6562,1146235,BEDFORD,SOUTHAMPTON,2017-09-29,29,9,2017,16,6,8,9,,,0,,1,1,1,25,1,2,2,5,0,0,0,0,true,,false,false,false,false,false,,,,,,false,false,false,,,false,false,false,false,false,-82.94308,42.40527,"{
  ""coordinates"": [
    -8.294308181100000e+01,
    4.240526481200000e+01
  ],
  ""type"": ""Point""
}","{
  ""coordinates"": [
    -82.943081811,
    42.405264812
  ],
  ""type"": ""Point""
}",-82.943081811,42.405264812
6563,1164557,TRUMBULL,MARTIN LUTHER KING JR,2017-09-29,29,9,2017,17,6,1,3,,4,0,,1,1,1,30,5,2,2,4,0,0,0,1,false,,false,false,false,false,false,,,,,,false,false,false,,,false,false,false,true,false,-83.07281,42.3418,"{
  ""coordinates"": [
    -8.307281433799990e+01,
    4.234180131500010e+01
  ],
  ""type"": ""Point""
}","{
  ""coordinates"": [
    -83.072814338,
    42.341801315
  ],
  ""type"": ""Point""
}",-83.0728143379999,42.3418013150001
6564,1148431,S M 39,PURITAN,2017-09-29,29,9,2017,19,6,5,3,,1,0,,1,1,1,55,3,2,3,5,0,0,0,0,true,,false,false,false,false,false,,,,,,false,false,false,,,false,false,false,false,false,-83.21868,42.40797,"{
  ""coordinates"": [
    -8.321868385399991e+01,
    4.240797172500000e+01
  ],
  ""type"": ""Point""
}","{
  ""coordinates"": [
    -83.218683854,
    42.407971725
  ],
  ""type"": ""Point""
}",-83.2186838539999,42.407971725
6565,1147273,DAVISON,DEXTER,2017-09-29,29,9,2017,17,6,4,3,,1,0,,1,1,1,35,6,2,3,4,0,0,0,1,false,,false,false,false,false,false,,,,,,false,false,false,,,false,false,false,false,false,-83.13087,42.38975,"{
  ""coordinates"": [
    -8.313086805400000e+01,
    4.238974974100010e+01
  ],
  ""type"": ""Point""
}","{
  ""coordinates"": [
    -83.130868054,
    42.389749741
  ],
  ""type"": ""Point""
}",-83.130868054,42.3897497410001
6566,1146190,I-75,SCHAEFER RAMP ID 029A,2017-09-29,29,9,2017,17,6,1,1,,1,1,,1,1,1,70,1,1,1,5,0,0,0,0,true,,false,false,false,false,false,,,,,,false,false,false,,,false,false,false,false,false,-83.15703,42.2761,"{
  ""coordinates"": [
    -8.315702829199989e+01,
    4.227610421900000e+01
  ],
  ""type"": ""Point""
}","{
  ""coordinates"": [
    -83.157028292,
    42.276104219
  ],
  ""type"": ""Point""
}",-83.1570282919999,42.276104219
6567,1150347,HANCOCK,ST.ANTIONE,2017-09-29,29,9,2017,1,6,1,9,,,0,,1,1,4,25,2,2,1,4,0,0,0,1,false,,false,false,false,false,false,,,,,,true,true,false,,,false,false,false,false,false,-83.05639,42.35876,"{
  ""coordinates"": [
    -8.305638748299999e+01,
    4.235875990900010e+01
  ],
  ""type"": ""Point""
}","{
  ""coordinates"": [
    -83.056387483,
    42.358759909
  ],
  ""type"": ""Point""
}",-83.056387483,42.3587599090001
6568,1146284,WEXFORD,GRIXDALE,2017-09-29,29,9,2017,22,6,4,9,,,0,,1,1,4,25,2,2,2,5,0,0,0,0,true,,false,false,false,false,false,,,,,,false,false,true,,,false,false,false,false,false,-83.06524,42.42876,"{
  ""coordinates"": [
    -8.306524042699991e+01,
    4.242875894800010e+01
  ],
  ""type"": ""Point""
}","{
  ""coordinates"": [
    -83.065240427,
    42.428758948
  ],
  ""type"": ""Point""
}",-83.0652404269999,42.4287589480001
6569,1146251,HOLCOMB,SYLVESTER,2017-09-29,29,9,2017,10,6,8,9,,,0,,1,1,1,25,2,2,4,4,0,0,0,1,false,,false,false,false,false,false,,,,,,false,false,false,,,false,false,false,false,false,-82.99781,42.37369,"{
  ""coordinates"": [
    -8.299780965600000e+01,
    4.237368977600000e+01
  ],
  ""type"": ""Point""
}","{
  ""coordinates"": [
    -82.997809656,
    42.373689776
  ],
  ""type"": ""Point""
}",-82.997809656,42.373689776
6570,1148472,JEFFERSON,CHENE,2017-09-29,29,9,2017,22,6,8,9,,4,0,,1,1,4,35,5,2,7,5,0,0,0,0,true,,false,false,false,false,false,,,,,,false,true,false,,,false,false,false,false,false,-83.022,42.33853,"{
  ""coordinates"": [
    -8.302199749800000e+01,
    4.233852838200000e+01
  ],
  ""type"": ""Point""
}","{
  ""coordinates"": [
    -83.021997498,
    42.338528382
  ],
  ""type"": ""Point""
}",-83.021997498,42.338528382
6571,1146276,OUTER,HAYES,2017-09-29,29,9,2017,13,6,4,9,,2,0,,1,1,1,35,2,2,4,4,0,0,0,1,false,,false,false,false,false,false,,,,,,false,true,false,,,false,false,false,false,false,-82.96474,42.41459,"{
  ""coordinates"": [
    -8.296474208099990e+01,
    4.241458922100000e+01
  ],
  ""type"": ""Point""
}","{
  ""coordinates"": [
    -82.964742081,
    42.414589221
  ],
  ""type"": ""Point""
}",-82.9647420809999,42.414589221
6572,1147254,BAGLEY,PARK,2017-09-29,29,9,2017,9,6,5,9,,4,0,,98,98,1,0,4,2,2,5,0,0,0,0,true,,false,false,false,false,false,,,,,,false,false,false,,,false,false,false,false,false,-83.05193,42.33588,"{
  ""coordinates"": [
    -8.305192853599991e+01,
    4.233587914200010e+01
  ],
  ""type"": ""Point""
}","{
  ""coordinates"": [
    -83.051928536,
    42.335879142
  ],
  ""type"": ""Point""
}",-83.0519285359999,42.3358791420001
6573,1146259,GRAND RIVER,N M 39,2017-09-29,29,9,2017,13,6,10,3,,1,0,,1,2,1,35,4,2,4,5,0,0,0,0,true,,false,false,true,false,false,,,,,,false,false,false,,,false,false,false,false,false,-83.2182,42.40067,"{
  ""coordinates"": [
    -8.321819926200000e+01,
    4.240067191700010e+01
  ],
  ""type"": ""Point""
}","{
  ""coordinates"": [
    -83.218199262,
    42.400671917
  ],
  ""type"": ""Point""
}",-83.218199262,42.4006719170001
6574,1146221,MICHIGAN,BURTON,2017-09-29,29,9,2017,9,6,5,2,,1,0,,1,1,1,35,5,2,1,5,0,0,0,0,true,,false,false,false,false,false,,,,,,false,false,false,,,false,false,false,false,false,-83.12515,42.33113,"{
  ""coordinates"": [
    -8.312514932999990e+01,
    4.233113491800000e+01
  ],
  ""type"": ""Point""
}","{
  ""coordinates"": [
    -83.12514933,
    42.331134918
  ],
  ""type"": ""Point""
}",-83.1251493299999,42.331134918
6575,1146201,N I 75,RAMP 045B,2017-09-29,29,9,2017,17,6,8,1,,1,0,,1,2,1,55,4,2,1,5,0,0,0,0,true,,false,false,true,false,false,,,,,,false,false,false,,,false,false,false,false,false,-83.06438,42.38102,"{
  ""coordinates"": [
    -8.306437378600000e+01,
    4.238102333300000e+01
  ],
  ""type"": ""Point""
}","{
  ""coordinates"": [
    -83.064373786,
    42.381023333
  ],
  ""type"": ""Point""
}",-83.064373786,42.381023333
6576,1155243,WOODWARD,N I 75,2017-09-29,29,9,2017,19,6,8,3,,1,0,,2,4,1,35,2,2,4,5,0,0,0,0,true,,false,false,false,false,false,,,,,,false,false,false,,,false,false,false,false,false,-83.05286,42.33991,"{
  ""coordinates"": [
    -8.305285284699990e+01,
    4.233991388000000e+01
  ],
  ""type"": ""Point""
}","{
  ""coordinates"": [
    -83.052852847,
    42.33991388
  ],
  ""type"": ""Point""
}",-83.0528528469999,42.33991388
6577,1146219,FORT,VINEWOOD,2017-09-29,29,9,2017,8,6,3,3,,1,0,,2,4,1,35,2,2,5,4,0,0,0,2,false,,false,false,false,false,false,,,,,,false,false,false,,,false,false,false,false,false,-83.08466,42.31469,"{
  ""coordinates"": [
    -8.308465461299990e+01,
    4.231469001700000e+01
  ],
  ""type"": ""Point""
}","{
  ""coordinates"": [
    -83.084654613,
    42.314690017
  ],
  ""type"": ""Point""
}",-83.0846546129999,42.314690017
6578,1211223,7 MILE,S I 75,2017-09-29,29,9,2017,10,6,4,9,,4,0,,1,1,1,30,2,2,3,4,0,0,0,1,false,,false,false,false,false,false,,,,,,false,false,true,,,false,false,false,false,false,-83.0948,42.43248,"{
  ""coordinates"": [
    -8.309480367299990e+01,
    4.243248450500000e+01
  ],
  ""type"": ""Point""
}","{
  ""coordinates"": [
    -83.094803673,
    42.432484505
  ],
  ""type"": ""Point""
}",-83.0948036729999,42.432484505
6579,1146258,7 MILE,BURT,2017-09-29,29,9,2017,16,6,4,9,,2,0,,1,1,1,35,6,2,5,2,0,1,0,0,false,,false,false,false,false,false,,,,,,false,false,false,,,false,false,false,false,false,-83.24864,42.42934,"{
  ""coordinates"": [
    -8.324863892099999e+01,
    4.242934116400000e+01
  ],
  ""type"": ""Point""
}","{
  ""coordinates"": [
    -83.248638921,
    42.429341164
  ],
  ""type"": ""Point""
}",-83.248638921,42.429341164
6580,1148411,RAMP 045D,S I 75,2017-09-29,29,9,2017,17,6,5,1,,1,0,,1,1,1,55,3,2,1,5,0,0,0,0,true,,false,false,true,false,false,,,,,,false,false,false,,,false,false,false,false,false,-83.06212,42.37687,"{
  ""coordinates"": [
    -8.306212039400000e+01,
    4.237687111300000e+01
  ],
  ""type"": ""Point""
}","{
  ""coordinates"": [
    -83.062120394,
    42.376871113
  ],
  ""type"": ""Point""
}",-83.062120394,42.376871113
6581,1146233,WARREN,BEACONSFIELD,2017-09-29,29,9,2017,18,6,4,9,,4,0,,1,2,1,35,4,2,2,4,0,0,0,2,false,,false,false,false,false,false,,,,,,false,false,false,,,false,false,false,false,false,-82.94979,42.39876,"{
  ""coordinates"": [
    -8.294978720899999e+01,
    4.239875925000010e+01
  ],
  ""type"": ""Point""
}","{
  ""coordinates"": [
    -82.949787209,
    42.39875925
  ],
  ""type"": ""Point""
}",-82.949787209,42.3987592500001
6582,1146186,I-75,8 MILE,2017-09-29,29,9,2017,8,6,8,1,,1,0,,1,1,1,70,3,2,3,5,0,0,0,0,true,,false,false,true,false,false,,,,,,false,false,false,,,false,false,false,false,false,-83.09489,42.44537,"{
  ""coordinates"": [
    -8.309488807199990e+01,
    4.244536512500010e+01
  ],
  ""type"": ""Point""
}","{
  ""coordinates"": [
    -83.094888072,
    42.445365125
  ],
  ""type"": ""Point""
}",-83.0948880719999,42.4453651250001
6583,1163815,GREENFIELD,ARTHUR,2017-09-29,29,9,2017,15,6,1,9,,2,0,,1,1,1,40,4,2,1,4,0,0,0,1,false,,false,false,false,false,false,,,,,,true,false,false,,,false,false,false,false,false,-83.19614,42.34,"{
  ""coordinates"": [
    -8.319613462099990e+01,
    4.233999830200000e+01
  ],
  ""type"": ""Point""
}","{
  ""coordinates"": [
    -83.196134621,
    42.339998302
  ],
  ""type"": ""Point""
}",-83.1961346209999,42.339998302
6584,1144804,LIVERNOIS,JEFFERIES EB SERVICE,2017-09-29,29,9,2017,1,6,5,9,,4,0,,1,1,4,35,2,2,2,3,0,0,1,0,false,,false,false,false,false,false,,,,,,false,false,true,,,false,false,false,false,false,-83.14023,42.4049,"{
  ""coordinates"": [
    -8.314023091999999e+01,
    4.240490438300000e+01
  ],
  ""type"": ""Point""
}","{
  ""coordinates"": [
    -83.14023092,
    42.404904383
  ],
  ""type"": ""Point""
}",-83.14023092,42.404904383
6585,1146171,I-94,WARREN,2017-09-29,29,9,2017,13,6,5,1,,1,0,,1,1,1,55,3,2,2,4,0,0,0,1,false,,false,false,false,false,false,,,,,,false,false,false,,,false,false,false,false,false,-83.11216,42.3457,"{
  ""coordinates"": [
    -8.311215989599999e+01,
    4.234570470100000e+01
  ],
  ""type"": ""Point""
}","{
  ""coordinates"": [
    -83.112159896,
    42.345704701
  ],
  ""type"": ""Point""
}",-83.112159896,42.345704701
6586,1148478,FENKELL,LAHSER,2017-09-29,29,9,2017,8,6,2,9,,2,0,,1,1,1,30,4,2,3,4,0,0,0,2,false,,false,false,false,false,false,,,,,,false,false,true,,,false,false,false,false,false,-83.25687,42.4003,"{
  ""coordinates"": [
    -8.325686787300000e+01,
    4.240029569100010e+01
  ],
  ""type"": ""Point""
}","{
  ""coordinates"": [
    -83.256867873,
    42.400295691
  ],
  ""type"": ""Point""
}",-83.256867873,42.4002956910001
6587,1146184,I-94,I-75,2017-09-29,29,9,2017,13,6,8,1,,1,0,,1,1,1,55,3,2,2,5,0,0,0,0,true,,false,false,false,false,false,,,,,,false,true,false,,,false,false,false,false,false,-83.06142,42.36682,"{
  ""coordinates"": [
    -8.306142004299990e+01,
    4.236682124300010e+01
  ],
  ""type"": ""Point""
}","{
  ""coordinates"": [
    -83.061420043,
    42.366821243
  ],
  ""type"": ""Point""
}",-83.0614200429999,42.3668212430001
6588,1147285,S I  375 SERVICE DRIVE,MACOMB,2017-09-29,29,9,2017,7,6,1,9,,4,0,,2,4,1,35,1,1,2,5,0,0,0,0,true,,false,false,false,false,false,,,,,,false,false,false,,,false,false,false,false,false,-83.03951,42.33719,"{
  ""coordinates"": [
    -8.303950178600000e+01,
    4.233718739900010e+01
  ],
  ""type"": ""Point""
}","{
  ""coordinates"": [
    -83.039501786,
    42.337187399
  ],
  ""type"": ""Point""
}",-83.039501786,42.3371873990001
6589,1146220,FORT,CENTRAL,2017-09-29,29,9,2017,17,6,3,3,,1,0,,1,2,1,30,3,2,3,4,0,0,0,1,false,,false,false,true,false,false,,,,,,false,false,true,,,false,false,false,false,false,-83.11655,42.30124,"{
  ""coordinates"": [
    -8.311654341500000e+01,
    4.230123615000010e+01
  ],
  ""type"": ""Point""
}","{
  ""coordinates"": [
    -83.116543415,
    42.30123615
  ],
  ""type"": ""Point""
}",-83.116543415,42.3012361500001
6590,1144806,MACK,BEAUBIEN,2017-09-29,29,9,2017,2,6,1,9,,4,0,,1,1,4,35,3,1,1,5,0,0,0,0,true,,false,false,false,false,false,,,,,,false,false,false,,,false,false,false,false,false,-83.05244,42.34971,"{
  ""coordinates"": [
    -8.305244030100000e+01,
    4.234970795700010e+01
  ],
  ""type"": ""Point""
}","{
  ""coordinates"": [
    -83.052440301,
    42.349707957
  ],
  ""type"": ""Point""
}",-83.052440301,42.3497079570001
6591,1153000,MT ELLIOTT,ST PAUL,2017-09-29,29,9,2017,18,6,8,9,,4,0,,1,2,3,30,2,2,5,5,0,0,0,0,true,,false,false,false,false,false,,,,,,false,false,true,,,false,false,false,false,false,-83.01403,42.34981,"{
  ""coordinates"": [
    -8.301402988300001e+01,
    4.234981342700010e+01
  ],
  ""type"": ""Point""
}","{
  ""coordinates"": [
    -83.014029883,
    42.349813427
  ],
  ""type"": ""Point""
}",-83.014029883,42.3498134270001
6592,1146199,WOODWARD,MACK,2017-09-29,29,9,2017,20,6,8,3,,1,0,,2,4,4,30,3,2,2,5,0,0,0,0,true,,false,false,true,false,false,,,,,,false,false,true,,,false,false,false,false,false,-83.05795,42.3475,"{
  ""coordinates"": [
    -8.305794963900000e+01,
    4.234750353200010e+01
  ],
  ""type"": ""Point""
}","{
  ""coordinates"": [
    -83.057949639,
    42.347503532
  ],
  ""type"": ""Point""
}",-83.057949639,42.3475035320001
6593,1146189,I-94,WARREN,2017-09-29,29,9,2017,15,6,5,1,,1,0,,1,1,1,55,3,2,3,5,0,0,0,0,true,,false,false,false,false,false,,,,,,false,false,false,,,false,false,false,false,false,-83.11141,42.34563,"{
  ""coordinates"": [
    -8.311141491500000e+01,
    4.234563387900000e+01
  ],
  ""type"": ""Point""
}","{
  ""coordinates"": [
    -83.111414915,
    42.345633879
  ],
  ""type"": ""Point""
}",-83.111414915,42.345633879
6594,1146274,KELLY,YOUNG,2017-09-29,29,9,2017,17,6,8,9,,4,0,,1,1,1,25,2,2,5,3,0,0,1,0,false,,false,false,false,false,false,,,,,,false,false,false,,,false,false,false,false,false,-82.96112,42.42393,"{
  ""coordinates"": [
    -8.296111718100001e+01,
    4.242393213600010e+01
  ],
  ""type"": ""Point""
}","{
  ""coordinates"": [
    -82.961117181,
    42.423932136
  ],
  ""type"": ""Point""
}",-82.961117181,42.4239321360001
6595,1157456,N I 75,LIVERNOIS,2017-09-29,29,9,2017,8,6,8,1,,1,0,,1,1,1,55,4,2,1,5,0,0,0,0,true,,false,false,true,false,false,,,,,,false,false,true,,,false,false,false,false,false,-83.1042,42.30753,"{
  ""coordinates"": [
    -8.310420271200000e+01,
    4.230753105100010e+01
  ],
  ""type"": ""Point""
}","{
  ""coordinates"": [
    -83.104202712,
    42.307531051
  ],
  ""type"": ""Point""
}",-83.104202712,42.3075310510001
6596,1146240,PURITAN,GREENFEILD,2017-09-29,29,9,2017,8,6,6,9,,4,0,,2,1,2,30,3,2,1,5,0,0,0,0,true,,false,false,true,false,false,,,,,,false,false,false,,,false,false,false,false,false,-83.19901,42.40876,"{
  ""coordinates"": [
    -8.319901260099989e+01,
    4.240875909900010e+01
  ],
  ""type"": ""Point""
}","{
  ""coordinates"": [
    -83.199012601,
    42.408759099
  ],
  ""type"": ""Point""
}",-83.1990126009999,42.4087590990001
6597,1146307,HUBBELL,OUTER,2017-09-29,29,9,2017,7,6,5,9,,4,0,,2,4,2,30,2,3,2,1,1,0,0,0,false,,false,false,false,false,false,,,,,,true,false,false,,,false,false,false,false,false,-83.18964,42.41979,"{
  ""coordinates"": [
    -8.318964064300000e+01,
    4.241978865300010e+01
  ],
  ""type"": ""Point""
}","{
  ""coordinates"": [
    -83.189640643,
    42.419788653
  ],
  ""type"": ""Point""
}",-83.189640643,42.4197886530001
6598,1146200,MACK,SAINT ANTOINE,2017-09-29,29,9,2017,15,6,5,9,,4,0,,1,1,1,30,3,2,3,5,0,0,0,0,true,,false,false,true,false,false,,,,,,false,true,false,,,false,false,false,false,false,-83.05235,42.34973,"{
  ""coordinates"": [
    -8.305234862099999e+01,
    4.234973232300010e+01
  ],
  ""type"": ""Point""
}","{
  ""coordinates"": [
    -83.052348621,
    42.349732323
  ],
  ""type"": ""Point""
}",-83.052348621,42.3497323230001
6599,1149226,EDSEL,WOODWARD,2017-09-29,29,9,2017,15,6,5,1,,1,0,,1,1,1,55,3,3,4,5,0,0,0,0,true,,false,false,false,false,false,,,,,,false,true,true,,,false,false,false,false,false,-83.06923,42.36361,"{
  ""coordinates"": [
    -8.306922794699990e+01,
    4.236360495700010e+01
  ],
  ""type"": ""Point""
}","{
  ""coordinates"": [
    -83.069227947,
    42.363604957
  ],
  ""type"": ""Point""
}",-83.0692279469999,42.3636049570001
6600,1146318,VASSAR,LESURE,2017-09-29,29,9,2017,20,6,8,9,,4,0,,1,1,4,25,2,3,5,4,0,0,0,2,false,,false,false,false,false,false,,,,,,false,false,true,,,false,false,false,false,false,-83.18301,42.43468,"{
  ""coordinates"": [
    -8.318301622699990e+01,
    4.243468262800010e+01
  ],
  ""type"": ""Point""
}","{
  ""coordinates"": [
    -83.183016227,
    42.434682628
  ],
  ""type"": ""Point""
}",-83.1830162269999,42.4346826280001
6601,1147235,I-75,MILWAUKEE,2017-09-29,29,9,2017,18,6,5,1,,1,0,,1,1,1,55,4,3,4,5,0,0,0,0,true,,false,false,false,false,false,,,,,,false,false,true,,,false,false,false,false,false,-83.05963,42.37357,"{
  ""coordinates"": [
    -8.305962796900000e+01,
    4.237357473900000e+01
  ],
  ""type"": ""Point""
}","{
  ""coordinates"": [
    -83.059627969,
    42.373574739
  ],
  ""type"": ""Point""
}",-83.059627969,42.373574739
6602,1147237,E I 96,FULLERTON,2017-09-29,29,9,2017,20,6,1,1,,1,1,,2,4,4,70,4,1,1,4,0,0,0,1,false,,false,false,false,false,false,,,,,,false,false,true,,,false,false,false,false,false,-83.18912,42.38013,"{
  ""coordinates"": [
    -8.318911888900000e+01,
    4.238013338200010e+01
  ],
  ""type"": ""Point""
}","{
  ""coordinates"": [
    -83.189118889,
    42.380133382
  ],
  ""type"": ""Point""
}",-83.189118889,42.3801333820001
6603,1146277,MCKINNEY,WHITTIER,2017-09-29,29,9,2017,3,6,97,9,,,0,,1,1,4,25,2,2,9,5,0,0,0,0,true,,false,false,false,false,false,,,,,,false,false,true,,,false,false,false,false,false,-82.94781,42.41414,"{
  ""coordinates"": [
    -8.294780531399989e+01,
    4.241413964800010e+01
  ],
  ""type"": ""Point""
}","{
  ""coordinates"": [
    -82.947805314,
    42.414139648
  ],
  ""type"": ""Point""
}",-82.9478053139999,42.4141396480001
6604,1147241,S I 75,MILWAUKEE,2017-09-29,29,9,2017,18,6,5,1,,1,0,,1,1,1,55,4,2,2,5,0,0,0,0,true,,false,false,false,false,false,,,,,,false,false,true,,,false,false,false,false,false,-83.05994,42.37376,"{
  ""coordinates"": [
    -8.305993878100000e+01,
    4.237375900700000e+01
  ],
  ""type"": ""Point""
}","{
  ""coordinates"": [
    -83.059938781,
    42.373759007
  ],
  ""type"": ""Point""
}",-83.059938781,42.373759007
6605,1146241,WARWICK,GRANDRIVER,2017-09-29,29,9,2017,17,6,4,3,,,0,,1,1,1,35,2,2,2,4,0,0,0,2,false,,false,false,true,false,false,,,,,,false,false,true,,,false,false,false,false,false,-83.22903,42.40484,"{
  ""coordinates"": [
    -8.322903174899990e+01,
    4.240484313700010e+01
  ],
  ""type"": ""Point""
}","{
  ""coordinates"": [
    -83.229031749,
    42.404843137
  ],
  ""type"": ""Point""
}",-83.2290317489999,42.4048431370001
6606,1146195,GREENFIELD,TYLER,2017-09-29,29,9,2017,22,6,97,9,,2,0,,1,1,4,35,8,2,4,5,0,0,0,0,true,,false,false,false,false,false,,,,,,false,false,true,,,false,false,false,false,false,-83.19801,42.38379,"{
  ""coordinates"": [
    -8.319800644999999e+01,
    4.238378766600000e+01
  ],
  ""type"": ""Point""
}","{
  ""coordinates"": [
    -83.19800645,
    42.383787666
  ],
  ""type"": ""Point""
}",-83.19800645,42.383787666
6607,1146146,M-10,FOREST,2017-09-29,29,9,2017,6,6,1,3,,1,1,,2,4,3,55,3,1,3,4,0,0,0,1,false,,false,false,false,false,false,,,,,,false,false,false,,,false,false,false,false,false,-83.07307,42.35289,"{
  ""coordinates"": [
    -8.307306963000001e+01,
    4.235289036800000e+01
  ],
  ""type"": ""Point""
}","{
  ""coordinates"": [
    -83.07306963,
    42.352890368
  ],
  ""type"": ""Point""
}",-83.07306963,42.352890368
6608,1149216,I-75,DAVISON,2017-09-29,29,9,2017,19,6,5,1,,1,0,,2,4,1,70,4,2,4,5,0,0,0,0,true,,false,false,true,false,false,,,,,,false,false,false,,,false,false,false,false,false,-83.07949,42.40896,"{
  ""coordinates"": [
    -8.307948691000000e+01,
    4.240896046200000e+01
  ],
  ""type"": ""Point""
}","{
  ""coordinates"": [
    -83.07948691,
    42.408960462
  ],
  ""type"": ""Point""
}",-83.07948691,42.408960462
6609,1149280,JOHN C,LIVERNOIS,2017-09-29,29,9,2017,18,6,5,3,,1,0,,2,4,1,30,3,2,2,5,0,0,0,0,true,,false,false,false,false,false,,,,,,false,false,false,,,false,true,false,false,false,-83.14024,42.40496,"{
  ""coordinates"": [
    -8.314023479900000e+01,
    4.240496381800010e+01
  ],
  ""type"": ""Point""
}","{
  ""coordinates"": [
    -83.140234799,
    42.404963818
  ],
  ""type"": ""Point""
}",-83.140234799,42.4049638180001
6610,1146194,WYOMING,PLYMOUTH,2017-09-29,29,9,2017,11,6,5,9,,4,0,,1,1,1,35,6,2,3,4,0,0,0,1,false,,false,false,true,true,false,,,,,,false,false,true,,,false,false,false,false,false,-83.15857,42.3736,"{
  ""coordinates"": [
    -8.315856798300000e+01,
    4.237359987800010e+01
  ],
  ""type"": ""Point""
}","{
  ""coordinates"": [
    -83.158567983,
    42.373599878
  ],
  ""type"": ""Point""
}",-83.158567983,42.3735998780001
6611,1146243,SCHOOLCRAFT,DALE,2017-09-29,29,9,2017,17,6,5,9,,4,0,,1,1,1,35,2,2,1,5,0,0,0,0,true,,false,false,true,false,false,,,,,,false,false,true,,,false,false,false,false,false,-83.2744,42.38487,"{
  ""coordinates"": [
    -8.327440197300000e+01,
    4.238486848200010e+01
  ],
  ""type"": ""Point""
}","{
  ""coordinates"": [
    -83.274401973,
    42.384868482
  ],
  ""type"": ""Point""
}",-83.274401973,42.3848684820001
6612,1146228,LONYO,DIX,2017-09-29,29,9,2017,17,6,4,9,,4,0,,1,1,1,30,2,2,6,5,0,0,0,0,true,,false,false,false,false,false,,,,,,false,false,false,,,false,false,false,false,false,-83.1343,42.31645,"{
  ""coordinates"": [
    -8.313430031900000e+01,
    4.231645112800000e+01
  ],
  ""type"": ""Point""
}","{
  ""coordinates"": [
    -83.134300319,
    42.316451128
  ],
  ""type"": ""Point""
}",-83.134300319,42.316451128
6613,1146253,GRATIOT,RUSSELL,2017-09-29,29,9,2017,15,6,4,3,,1,0,,1,1,1,35,5,2,3,4,0,0,0,1,false,,false,false,false,false,false,,,,,,false,true,false,,,false,false,false,false,false,-83.03874,42.34354,"{
  ""coordinates"": [
    -8.303874180000000e+01,
    4.234354031600000e+01
  ],
  ""type"": ""Point""
}","{
  ""coordinates"": [
    -83.0387418,
    42.343540316
  ],
  ""type"": ""Point""
}",-83.0387418,42.343540316