ObjectId,Crash ID,Primary Road,Intersecting Road,Crash Date,Day,Month,Year,Hour,Weekday,Crash Type Code,Highway Classification Code,Community Code,Jurisdiction Code,Lane Departure Type Code,Surface Type,Road Condition,Weather Condition,Lighting Condition,Speed Limit,Lanes,Units,Occupants,Most Severe Injury,Fatal Injuries,Suspected Serious Injuries,Suspected Minor Injuries,Possible Injuries,Property Damage Only,Secondary Crash,Traffic Control,Red Light Run,Hit and Run,Alcohol,Drugs,Unbelted Person,Work Zone,Speeding Driver,Distracted Driver,Driveway,Pedestrian,Elderly Driver,Young Driver,Commercial Vehicle,Emergency Vehicles,Train,School Bus,Motorcycle,Bicycle,Deer,Longitude,Latitude,geom,geog,x,y
6728,1198204,I-94 E/B,RUSSELL,2017-09-27,27,9,2017,16,4,5,1,,1,0,,1,2,1,55,3,2,3,5,0,0,0,0,true,,false,false,false,false,false,,,,,,false,false,false,,,false,false,false,false,false,-83.05978,42.36749,"{
  ""coordinates"": [
    -8.305978524600000e+01,
    4.236748618300000e+01
  ],
  ""type"": ""Point""
}","{
  ""coordinates"": [
    -83.059785246,
    42.367486183
  ],
  ""type"": ""Point""
}",-83.059785246,42.367486183
6729,1143828,7 MILE,JOHN C LODGE SERVICE,2017-09-27,27,9,2017,21,4,8,9,,2,0,,1,1,1,30,5,2,2,5,0,0,0,0,true,,false,false,true,false,false,,,,,,false,false,false,,,false,false,false,false,false,-83.1859,42.43089,"{
  ""coordinates"": [
    -8.318589749099991e+01,
    4.243088433700010e+01
  ],
  ""type"": ""Point""
}","{
  ""coordinates"": [
    -83.185897491,
    42.430884337
  ],
  ""type"": ""Point""
}",-83.1858974909999,42.4308843370001
6730,1150363,CHANDLER PARK,CONNER,2017-09-27,27,9,2017,18,4,1,9,,4,1,,1,1,1,25,2,1,1,5,0,0,0,0,true,,false,false,false,false,false,,,,,,false,false,false,,,false,false,false,false,false,-82.98025,42.39342,"{
  ""coordinates"": [
    -8.298024969399999e+01,
    4.239341938900000e+01
  ],
  ""type"": ""Point""
}","{
  ""coordinates"": [
    -82.980249694,
    42.393419389
  ],
  ""type"": ""Point""
}",-82.980249694,42.393419389
6731,1146289,BRENTWOOD,I 75 SERVICE,2017-09-27,27,9,2017,16,4,4,9,,,0,,1,1,1,35,2,2,2,5,0,0,0,0,true,,false,false,false,false,false,,,,,,false,false,false,,,false,false,false,false,false,-83.09414,42.43172,"{
  ""coordinates"": [
    -8.309414231200000e+01,
    4.243172247900000e+01
  ],
  ""type"": ""Point""
}","{
  ""coordinates"": [
    -83.094142312,
    42.431722479
  ],
  ""type"": ""Point""
}",-83.094142312,42.431722479
6732,1144834,STAHELIN,MCNICHOLS,2017-09-27,27,9,2017,2,4,98,9,,,0,,1,1,1,35,2,2,0,5,0,0,0,0,true,,false,false,true,false,false,,,,,,false,false,false,,,false,false,false,false,false,-83.22674,42.4156,"{
  ""coordinates"": [
    -8.322673460599999e+01,
    4.241560265500000e+01
  ],
  ""type"": ""Point""
}","{
  ""coordinates"": [
    -83.226734606,
    42.415602655
  ],
  ""type"": ""Point""
}",-83.226734606,42.415602655
6733,1144858,DAVISON,CONANT,2017-09-27,27,9,2017,14,4,4,3,,1,0,,1,1,1,35,2,2,2,5,0,0,0,0,true,,true,true,false,false,false,,,,,,false,false,true,,,false,false,false,false,false,-83.06152,42.41552,"{
  ""coordinates"": [
    -8.306151722000000e+01,
    4.241551546300010e+01
  ],
  ""type"": ""Point""
}","{
  ""coordinates"": [
    -83.06151722,
    42.415515463
  ],
  ""type"": ""Point""
}",-83.06151722,42.4155154630001
6734,1146282,WARREN,LIVERNOIS,2017-09-27,27,9,2017,13,4,1,9,,4,1,,1,1,1,35,7,1,1,5,0,0,0,0,true,,false,false,false,false,false,,,,,,false,true,false,,,false,false,false,false,false,-83.12852,42.34454,"{
  ""coordinates"": [
    -8.312852825200000e+01,
    4.234453952900000e+01
  ],
  ""type"": ""Point""
}","{
  ""coordinates"": [
    -83.128528252,
    42.344539529
  ],
  ""type"": ""Point""
}",-83.128528252,42.344539529
6735,1143802,TIREMAN,MILITARY,2017-09-27,27,9,2017,3,4,9,9,,4,2,,1,1,4,35,4,2,2,5,0,0,0,0,true,,false,false,true,false,false,,,,,,false,false,false,,,false,false,false,false,false,-83.13276,42.35202,"{
  ""coordinates"": [
    -8.313275554300000e+01,
    4.235202254700000e+01
  ],
  ""type"": ""Point""
}","{
  ""coordinates"": [
    -83.132755543,
    42.352022547
  ],
  ""type"": ""Point""
}",-83.132755543,42.352022547
6736,1144864,MT ELLIOTT,EMERY,2017-09-27,27,9,2017,13,4,8,9,,4,0,,1,1,1,35,2,2,3,5,0,0,0,0,true,,false,false,true,false,false,,,,,,false,false,false,,,false,false,false,false,false,-83.03902,42.43571,"{
  ""coordinates"": [
    -8.303901451400000e+01,
    4.243571017600000e+01
  ],
  ""type"": ""Point""
}","{
  ""coordinates"": [
    -83.039014514,
    42.435710176
  ],
  ""type"": ""Point""
}",-83.039014514,42.435710176
6737,1143786,S M 39,W I 96,2017-09-27,27,9,2017,17,4,5,3,,1,0,,1,1,1,55,3,2,2,4,0,0,0,2,false,,false,false,false,false,false,,,,,,false,false,false,,,false,false,false,false,false,-83.21711,42.37881,"{
  ""coordinates"": [
    -8.321711321200000e+01,
    4.237881036900010e+01
  ],
  ""type"": ""Point""
}","{
  ""coordinates"": [
    -83.217113212,
    42.378810369
  ],
  ""type"": ""Point""
}",-83.217113212,42.3788103690001
6738,1146300,JOHN R,FARNSWORTH,2017-09-27,27,9,2017,13,4,8,9,,4,0,,1,1,1,0,2,2,2,5,0,0,0,0,true,,false,false,false,false,false,,,,,,false,false,false,,,false,false,false,false,false,-83.06299,42.35895,"{
  ""coordinates"": [
    -8.306298639100000e+01,
    4.235895144700000e+01
  ],
  ""type"": ""Point""
}","{
  ""coordinates"": [
    -83.062986391,
    42.358951447
  ],
  ""type"": ""Point""
}",-83.062986391,42.358951447
6739,1144770,I 94,MOROSS,2017-09-27,27,9,2017,18,4,8,1,,1,0,,1,1,1,55,3,2,2,5,0,0,0,0,true,,false,false,true,false,false,,,,,,false,false,false,,,false,false,false,false,false,-82.92831,42.42523,"{
  ""coordinates"": [
    -8.292830371900000e+01,
    4.242522966100010e+01
  ],
  ""type"": ""Point""
}","{
  ""coordinates"": [
    -82.928303719,
    42.425229661
  ],
  ""type"": ""Point""
}",-82.928303719,42.4252296610001
6740,1143824,GUNSTON,GRATIOT,2017-09-27,27,9,2017,7,4,8,3,,1,0,,1,1,1,30,9,2,2,5,0,0,0,0,true,,false,false,false,false,false,,,,,,false,false,false,,,false,false,false,false,false,-82.99516,42.40861,"{
  ""coordinates"": [
    -8.299516370299990e+01,
    4.240860822300000e+01
  ],
  ""type"": ""Point""
}","{
  ""coordinates"": [
    -82.995163703,
    42.408608223
  ],
  ""type"": ""Point""
}",-82.9951637029999,42.408608223
6741,1143817,7 MILE,RUTHERFORD,2017-09-27,27,9,2017,14,4,5,9,,2,0,,1,1,1,35,4,3,5,4,0,0,0,2,false,,false,false,false,false,false,,,,,,false,true,false,,,false,false,false,false,false,-83.20537,42.43034,"{
  ""coordinates"": [
    -8.320536675100000e+01,
    4.243034344100000e+01
  ],
  ""type"": ""Point""
}","{
  ""coordinates"": [
    -83.205366751,
    42.430343441
  ],
  ""type"": ""Point""
}",-83.205366751,42.430343441
6742,1144771,W M 8,DEQUINDRE,2017-09-27,27,9,2017,14,4,8,3,,1,0,,1,1,1,55,3,2,2,5,0,0,0,0,true,,false,false,false,false,false,,,,,,false,false,true,,,false,false,false,false,false,-83.07507,42.40999,"{
  ""coordinates"": [
    -8.307506294699991e+01,
    4.240999074700010e+01
  ],
  ""type"": ""Point""
}","{
  ""coordinates"": [
    -83.075062947,
    42.409990747
  ],
  ""type"": ""Point""
}",-83.0750629469999,42.4099907470001
6743,1144820,EVERGREEN,CAMBRIDGE,2017-09-27,27,9,2017,21,4,5,9,,4,0,,1,1,4,35,3,2,3,4,0,0,0,2,false,,false,false,false,false,false,,,,,,false,false,false,,,false,false,false,false,false,-83.23892,42.43154,"{
  ""coordinates"": [
    -8.323892499800000e+01,
    4.243153837500010e+01
  ],
  ""type"": ""Point""
}","{
  ""coordinates"": [
    -83.238924998,
    42.431538375
  ],
  ""type"": ""Point""
}",-83.238924998,42.4315383750001
6744,1146229,SCOTTEN,HANCOCK,2017-09-27,27,9,2017,14,4,1,9,,4,0,,1,1,1,25,2,1,1,5,0,0,0,0,true,,false,false,false,false,false,,,,,,false,false,false,,,false,false,false,false,false,-83.10822,42.34084,"{
  ""coordinates"": [
    -8.310822394600000e+01,
    4.234083673700010e+01
  ],
  ""type"": ""Point""
}","{
  ""coordinates"": [
    -83.108223946,
    42.340836737
  ],
  ""type"": ""Point""
}",-83.108223946,42.3408367370001
6745,1144824,CHICAGO,ASBURY,2017-09-27,27,9,2017,17,4,98,9,,4,0,,1,1,1,35,5,2,0,5,0,0,0,0,true,,false,false,true,false,false,,,,,,false,false,false,,,false,false,false,false,false,-83.20708,42.36522,"{
  ""coordinates"": [
    -8.320707572500000e+01,
    4.236522177400010e+01
  ],
  ""type"": ""Point""
}","{
  ""coordinates"": [
    -83.207075725,
    42.365221774
  ],
  ""type"": ""Point""
}",-83.207075725,42.3652217740001
6746,1143825,WHITTIER,SOMERSET,2017-09-27,27,9,2017,15,4,3,9,,4,0,,1,1,1,30,2,3,3,5,0,0,0,0,true,,false,false,false,false,false,,,,,,false,true,false,,,false,false,false,false,false,-82.94945,42.41545,"{
  ""coordinates"": [
    -8.294944981400000e+01,
    4.241544937400000e+01
  ],
  ""type"": ""Point""
}","{
  ""coordinates"": [
    -82.949449814,
    42.415449374
  ],
  ""type"": ""Point""
}",-82.949449814,42.415449374
6747,1148488,CLAIRMOUNT,ROSA PARKS,2017-09-27,27,9,2017,15,4,5,9,,4,0,,1,1,1,25,2,2,1,5,0,0,0,0,true,,false,false,false,false,false,,,,,,false,false,false,,,false,false,false,false,false,-83.09961,42.37633,"{
  ""coordinates"": [
    -8.309961220600000e+01,
    4.237633237500010e+01
  ],
  ""type"": ""Point""
}","{
  ""coordinates"": [
    -83.099612206,
    42.376332375
  ],
  ""type"": ""Point""
}",-83.099612206,42.3763323750001
6748,1151420,24TH,JEFFERSON,2017-09-27,27,9,2017,22,4,4,9,,,0,,1,2,4,30,8,2,2,4,0,0,0,1,false,,true,false,true,false,false,,,,,,false,false,false,,,false,false,false,false,false,-83.08003,42.31479,"{
  ""coordinates"": [
    -8.308002940800000e+01,
    4.231478408100000e+01
  ],
  ""type"": ""Point""
}","{
  ""coordinates"": [
    -83.080029408,
    42.314784081
  ],
  ""type"": ""Point""
}",-83.080029408,42.314784081
6749,1143806,JEFFERSON,GRAND,2017-09-27,27,9,2017,10,4,5,9,,4,0,,1,1,1,30,3,2,4,4,0,0,0,2,false,,false,false,false,false,false,,,,,,false,true,false,,,false,false,false,false,false,-83.00177,42.34729,"{
  ""coordinates"": [
    -8.300177190900000e+01,
    4.234729388800010e+01
  ],
  ""type"": ""Point""
}","{
  ""coordinates"": [
    -83.001771909,
    42.347293888
  ],
  ""type"": ""Point""
}",-83.001771909,42.3472938880001
6750,1154375,N/B I-75,GRAND RIVER,2017-09-27,27,9,2017,7,4,8,1,,1,0,,1,1,1,55,3,2,2,5,0,0,0,0,true,,false,false,false,false,false,,,,,,false,false,true,,,false,false,false,false,false,-83.05683,42.33783,"{
  ""coordinates"": [
    -8.305683266900000e+01,
    4.233783161200010e+01
  ],
  ""type"": ""Point""
}","{
  ""coordinates"": [
    -83.056832669,
    42.337831612
  ],
  ""type"": ""Point""
}",-83.056832669,42.3378316120001
6751,1154361,I-94,I-96,2017-09-27,27,9,2017,16,4,5,1,,1,0,,1,1,1,55,3,2,2,5,0,0,0,0,true,,false,false,true,false,false,,,,,,false,false,false,,,false,false,false,false,false,-83.09873,42.35036,"{
  ""coordinates"": [
    -8.309873388999991e+01,
    4.235035556500000e+01
  ],
  ""type"": ""Point""
}","{
  ""coordinates"": [
    -83.09873389,
    42.350355565
  ],
  ""type"": ""Point""
}",-83.0987338899999,42.350355565
6752,1148423,RAMP 216J,RAMP 216H,2017-09-27,27,9,2017,7,4,5,1,,1,0,,1,1,1,55,4,2,2,5,0,0,0,0,true,,false,false,false,false,false,,,,,,false,false,false,,,false,false,false,false,false,-83.05799,42.36889,"{
  ""coordinates"": [
    -8.305798900400001e+01,
    4.236888970300000e+01
  ],
  ""type"": ""Point""
}","{
  ""coordinates"": [
    -83.057989004,
    42.368889703
  ],
  ""type"": ""Point""
}",-83.057989004,42.368889703
6753,1144827,GRATIOT,SAINT AUBIN,2017-09-27,27,9,2017,22,4,8,3,,1,0,,1,1,4,35,7,2,2,5,0,0,0,0,true,,false,false,false,false,false,,,,,,false,false,true,,,false,false,false,false,false,-83.03432,42.34926,"{
  ""coordinates"": [
    -8.303432408499999e+01,
    4.234926275900010e+01
  ],
  ""type"": ""Point""
}","{
  ""coordinates"": [
    -83.034324085,
    42.349262759
  ],
  ""type"": ""Point""
}",-83.034324085,42.3492627590001
6754,1143792,M 10,EUCLID,2017-09-27,27,9,2017,17,4,5,3,,1,0,,1,1,1,55,4,2,2,5,0,0,0,0,true,,false,false,false,false,false,,,,,,false,false,true,,,false,false,false,false,false,-83.08644,42.37418,"{
  ""coordinates"": [
    -8.308643771999991e+01,
    4.237417553800000e+01
  ],
  ""type"": ""Point""
}","{
  ""coordinates"": [
    -83.08643772,
    42.374175538
  ],
  ""type"": ""Point""
}",-83.0864377199999,42.374175538
6755,1146192,WARREN,ST ANTOINE,2017-09-27,27,9,2017,5,4,98,9,,4,0,,1,1,4,30,3,2,4,4,0,0,0,2,false,,false,false,false,false,false,,,,,,false,false,false,,,false,false,false,false,false,-83.05731,42.35972,"{
  ""coordinates"": [
    -8.305731018400000e+01,
    4.235971988000010e+01
  ],
  ""type"": ""Point""
}","{
  ""coordinates"": [
    -83.057310184,
    42.35971988
  ],
  ""type"": ""Point""
}",-83.057310184,42.3597198800001
6756,1144815,CONNER,WARREN,2017-09-27,27,9,2017,15,4,5,9,,4,0,,1,1,1,35,3,2,2,5,0,0,0,0,true,,false,false,false,false,false,,,,,,false,false,false,,,false,false,false,false,false,-82.97611,42.38932,"{
  ""coordinates"": [
    -8.297611547500000e+01,
    4.238932078600000e+01
  ],
  ""type"": ""Point""
}","{
  ""coordinates"": [
    -82.976115475,
    42.389320786
  ],
  ""type"": ""Point""
}",-82.976115475,42.389320786
6757,1144803,TIREMAN,PRAIRIE,2017-09-27,27,9,2017,9,4,8,9,,4,0,,1,1,1,35,2,2,1,5,0,0,0,0,true,,false,false,true,false,false,,,,,,false,true,false,,,false,false,false,false,false,-83.14291,42.35202,"{
  ""coordinates"": [
    -8.314291092900000e+01,
    4.235201793400010e+01
  ],
  ""type"": ""Point""
}","{
  ""coordinates"": [
    -83.142910929,
    42.352017934
  ],
  ""type"": ""Point""
}",-83.142910929,42.3520179340001
6758,1143800,S I 75 SERVICE DRIVE,LIVERNOIS,2017-09-27,27,9,2017,14,4,4,9,,4,0,,1,1,1,25,2,2,2,4,0,0,0,1,false,,false,false,false,false,false,,,,,,false,false,false,,,false,false,false,false,false,-83.10448,42.30817,"{
  ""coordinates"": [
    -8.310447339099990e+01,
    4.230816817900010e+01
  ],
  ""type"": ""Point""
}","{
  ""coordinates"": [
    -83.104473391,
    42.308168179
  ],
  ""type"": ""Point""
}",-83.1044733909999,42.3081681790001
6759,1146242,PATTON,JOY,2017-09-27,27,9,2017,4,4,98,9,,,3,,98,98,4,25,2,2,0,5,0,0,0,0,true,,false,false,true,false,false,,,,,,false,false,false,,,false,false,false,false,false,-83.24205,42.35801,"{
  ""coordinates"": [
    -8.324204732000000e+01,
    4.235801285600010e+01
  ],
  ""type"": ""Point""
}","{
  ""coordinates"": [
    -83.24204732,
    42.358012856
  ],
  ""type"": ""Point""
}",-83.24204732,42.3580128560001
6760,1143809,JEFFERSON,BALDWIN,2017-09-27,27,9,2017,11,4,9,9,,4,2,,1,1,1,10,1,2,0,5,0,0,0,0,true,,false,false,true,false,false,,,,,,false,false,false,,,false,false,false,false,false,-82.99854,42.34902,"{
  ""coordinates"": [
    -8.299853355200000e+01,
    4.234901881600010e+01
  ],
  ""type"": ""Point""
}","{
  ""coordinates"": [
    -82.998533552,
    42.349018816
  ],
  ""type"": ""Point""
}",-82.998533552,42.3490188160001
6761,1144852,WOODWARD,ROSEDALE,2017-09-27,27,9,2017,17,4,5,3,,1,0,,1,1,1,35,4,2,1,4,0,0,0,1,false,,false,false,false,false,false,,,,,,false,false,false,,,false,false,false,false,false,-83.08717,42.39088,"{
  ""coordinates"": [
    -8.308716327400001e+01,
    4.239088611100000e+01
  ],
  ""type"": ""Point""
}","{
  ""coordinates"": [
    -83.087163274,
    42.390886111
  ],
  ""type"": ""Point""
}",-83.087163274,42.390886111
6762,1146281,LESLIE,14TH,2017-09-27,27,9,2017,1,4,98,9,,,0,,98,98,4,25,1,2,0,5,0,0,0,0,true,,false,false,true,false,false,,,,,,false,false,false,,,false,false,false,false,false,-83.11279,42.39192,"{
  ""coordinates"": [
    -8.311279399700000e+01,
    4.239191724000010e+01
  ],
  ""type"": ""Point""
}","{
  ""coordinates"": [
    -83.112793997,
    42.39191724
  ],
  ""type"": ""Point""
}",-83.112793997,42.3919172400001
6763,1144851,KIPLING,BETHUNE,2017-09-27,27,9,2017,15,4,97,9,,,0,,1,1,1,25,1,3,1,5,0,0,0,0,true,,false,false,false,false,false,,,,,,false,false,false,,,false,false,false,false,false,-83.08929,42.36736,"{
  ""coordinates"": [
    -8.308928428500001e+01,
    4.236735721500000e+01
  ],
  ""type"": ""Point""
}","{
  ""coordinates"": [
    -83.089284285,
    42.367357215
  ],
  ""type"": ""Point""
}",-83.089284285,42.367357215
6764,1146205,I-75 SERVICE,WARREN,2017-09-27,27,9,2017,9,4,8,1,,4,0,,1,1,1,30,2,2,22,5,0,0,0,0,true,,false,false,false,false,false,,,,,,false,false,false,,,false,false,false,false,false,-83.05505,42.36084,"{
  ""coordinates"": [
    -8.305504804200000e+01,
    4.236084377600010e+01
  ],
  ""type"": ""Point""
}","{
  ""coordinates"": [
    -83.055048042,
    42.360843776
  ],
  ""type"": ""Point""
}",-83.055048042,42.3608437760001
6765,1144830,LENORE,FLORENCE,2017-09-27,27,9,2017,19,4,4,9,,,0,,1,1,1,25,2,2,1,5,0,0,0,0,true,,false,false,true,false,false,,,,,,false,false,true,,,false,false,false,false,false,-83.28078,42.40952,"{
  ""coordinates"": [
    -8.328078500800000e+01,
    4.240951358100010e+01
  ],
  ""type"": ""Point""
}","{
  ""coordinates"": [
    -83.280785008,
    42.409513581
  ],
  ""type"": ""Point""
}",-83.280785008,42.4095135810001
6766,1144829,VERNOR,CANTON,2017-09-27,27,9,2017,12,4,4,9,,4,0,,1,1,1,30,5,2,2,4,0,0,0,1,false,,false,false,false,false,false,,,,,,false,false,false,,,false,false,false,false,false,-83.01106,42.35692,"{
  ""coordinates"": [
    -8.301105896099990e+01,
    4.235691995500010e+01
  ],
  ""type"": ""Point""
}","{
  ""coordinates"": [
    -83.011058961,
    42.356919955
  ],
  ""type"": ""Point""
}",-83.0110589609999,42.3569199550001
6767,1152937,W I 94,LUCKY,2017-09-27,27,9,2017,15,4,5,1,,1,0,,1,1,1,55,3,3,2,5,0,0,0,0,true,,false,false,true,false,false,,,,,,false,false,true,,,false,false,false,false,false,-83.03828,42.3774,"{
  ""coordinates"": [
    -8.303827840600000e+01,
    4.237740359400000e+01
  ],
  ""type"": ""Point""
}","{
  ""coordinates"": [
    -83.038278406,
    42.377403594
  ],
  ""type"": ""Point""
}",-83.038278406,42.377403594
6768,1150355,KITCHENER,FREUD,2017-09-27,27,9,2017,8,4,2,9,,,0,,1,1,1,25,2,2,2,5,0,0,0,0,true,,false,false,false,false,false,,,,,,false,false,false,,,false,false,false,false,false,-82.95294,42.36591,"{
  ""coordinates"": [
    -8.295294501700000e+01,
    4.236590793100000e+01
  ],
  ""type"": ""Point""
}","{
  ""coordinates"": [
    -82.952945017,
    42.365907931
  ],
  ""type"": ""Point""
}",-82.952945017,42.365907931
6769,1144734,S/B M-10,DAVISON,2017-09-27,27,9,2017,14,4,8,3,,1,0,,1,1,1,55,3,2,2,4,0,0,0,1,false,,false,false,false,false,false,,,,,,false,true,false,,,false,false,false,false,false,-83.10855,42.39631,"{
  ""coordinates"": [
    -8.310855010700000e+01,
    4.239630773500010e+01
  ],
  ""type"": ""Point""
}","{
  ""coordinates"": [
    -83.108550107,
    42.396307735
  ],
  ""type"": ""Point""
}",-83.108550107,42.3963077350001
6770,1143826,WHITEHILL,MORANG,2017-09-27,27,9,2017,17,4,4,9,,,0,,1,1,1,25,2,2,3,5,0,0,0,0,true,,true,false,true,false,false,,,,,,false,false,false,,,false,false,false,false,false,-82.95212,42.42703,"{
  ""coordinates"": [
    -8.295211590299991e+01,
    4.242703089800010e+01
  ],
  ""type"": ""Point""
}","{
  ""coordinates"": [
    -82.952115903,
    42.427030898
  ],
  ""type"": ""Point""
}",-82.9521159029999,42.4270308980001
6771,1143778,I-96,MENDOTA,2017-09-27,27,9,2017,15,4,5,9,,4,0,,1,1,1,70,3,3,3,5,0,0,0,0,true,,false,false,false,false,false,,,,,,false,false,false,,,false,false,false,false,false,-83.16362,42.38597,"{
  ""coordinates"": [
    -8.316362028700000e+01,
    4.238597046500010e+01
  ],
  ""type"": ""Point""
}","{
  ""coordinates"": [
    -83.163620287,
    42.385970465
  ],
  ""type"": ""Point""
}",-83.163620287,42.3859704650001
6772,1150360,MOROSS,ROLANDALE,2017-09-27,27,9,2017,19,4,7,9,,2,0,,1,1,5,35,2,2,3,4,0,0,0,1,false,,false,false,false,false,false,,,,,,false,false,false,,,false,false,false,false,false,-82.9194,42.42039,"{
  ""coordinates"": [
    -8.291939725500001e+01,
    4.242038714900010e+01
  ],
  ""type"": ""Point""
}","{
  ""coordinates"": [
    -82.919397255,
    42.420387149
  ],
  ""type"": ""Point""
}",-82.919397255,42.4203871490001
6773,1144862,8 MILE,CHRYSLER,2017-09-27,27,9,2017,13,4,8,3,,1,0,,1,1,1,25,2,2,4,5,0,0,0,0,true,,false,false,false,false,false,,,,,,false,true,true,,,false,false,false,false,false,-83.09528,42.4468,"{
  ""coordinates"": [
    -8.309527431799999e+01,
    4.244679668100010e+01
  ],
  ""type"": ""Point""
}","{
  ""coordinates"": [
    -83.095274318,
    42.446796681
  ],
  ""type"": ""Point""
}",-83.095274318,42.4467966810001
6774,1144855,NEVADA,MOUND,2017-09-27,27,9,2017,10,4,8,9,,4,0,,1,1,1,35,4,2,2,5,0,0,0,0,true,,false,false,true,false,false,,,,,,false,false,false,,,false,false,false,false,false,-83.04323,42.4263,"{
  ""coordinates"": [
    -8.304322725500001e+01,
    4.242630267200010e+01
  ],
  ""type"": ""Point""
}","{
  ""coordinates"": [
    -83.043227255,
    42.426302672
  ],
  ""type"": ""Point""
}",-83.043227255,42.4263026720001
6775,1144761,RAMP 213D,E I 96,2017-09-27,27,9,2017,13,4,8,1,,1,0,,1,1,1,55,1,2,3,4,0,0,0,1,false,,false,false,false,false,false,,,,,,false,true,false,,,false,false,false,false,false,-83.09663,42.3459,"{
  ""coordinates"": [
    -8.309662971400000e+01,
    4.234589848100010e+01
  ],
  ""type"": ""Point""
}","{
  ""coordinates"": [
    -83.096629714,
    42.345898481
  ],
  ""type"": ""Point""
}",-83.096629714,42.3458984810001
6776,1143814,BURGESS,KEELER,2017-09-27,27,9,2017,13,4,4,9,,,0,,1,1,1,25,2,2,2,5,0,0,0,0,true,,true,false,false,false,false,,,,,,false,false,true,,,false,false,false,false,false,-83.25446,42.40215,"{
  ""coordinates"": [
    -8.325446591900000e+01,
    4.240215386400010e+01
  ],
  ""type"": ""Point""
}","{
  ""coordinates"": [
    -83.254465919,
    42.402153864
  ],
  ""type"": ""Point""
}",-83.254465919,42.4021538640001
6777,1144826,JEFFERSON,MOUNT ELLIOTT,2017-09-27,27,9,2017,16,4,1,9,,4,0,,1,1,1,35,7,2,1,3,0,0,1,0,false,,false,false,false,false,false,,,,,,true,false,false,,,false,false,false,false,false,-83.01006,42.34366,"{
  ""coordinates"": [
    -8.301006384800000e+01,
    4.234365903500000e+01
  ],
  ""type"": ""Point""
}","{
  ""coordinates"": [
    -83.010063848,
    42.343659035
  ],
  ""type"": ""Point""
}",-83.010063848,42.343659035
6778,1143808,MT ELLLIOTT,HEIDELBERG,2017-09-27,27,9,2017,10,4,8,9,,4,0,,1,1,1,35,2,2,1,5,0,0,0,0,true,,false,false,true,false,false,,,,,,false,false,false,,,false,false,false,false,false,-83.02006,42.35895,"{
  ""coordinates"": [
    -8.302005582200000e+01,
    4.235895078400010e+01
  ],
  ""type"": ""Point""
}","{
  ""coordinates"": [
    -83.020055822,
    42.358950784
  ],
  ""type"": ""Point""
}",-83.020055822,42.3589507840001
6779,1144856,VANDYKE,EMERY,2017-09-27,27,9,2017,10,4,1,3,,1,0,,1,1,1,35,3,1,2,5,0,0,0,0,true,,false,false,false,false,false,,,,,,false,false,false,,,false,false,false,false,false,-83.02431,42.43581,"{
  ""coordinates"": [
    -8.302430995500001e+01,
    4.243581162200010e+01
  ],
  ""type"": ""Point""
}","{
  ""coordinates"": [
    -83.024309955,
    42.435811622
  ],
  ""type"": ""Point""
}",-83.024309955,42.4358116220001
6780,1144847,DAVISON,LINWOOD,2017-09-27,27,9,2017,7,4,4,3,,1,0,,1,1,1,35,3,2,2,5,0,0,0,0,true,,false,false,false,false,false,,,,,,false,false,false,,,false,false,false,false,false,-83.12194,42.39306,"{
  ""coordinates"": [
    -8.312193875199991e+01,
    4.239305761800010e+01
  ],
  ""type"": ""Point""
}","{
  ""coordinates"": [
    -83.121938752,
    42.393057618
  ],
  ""type"": ""Point""
}",-83.1219387519999,42.3930576180001
6781,1144839,GREENFIELD,PEMBROKE,2017-09-27,27,9,2017,8,4,5,9,,2,0,,1,1,1,35,2,2,2,5,0,0,0,0,true,,false,false,false,false,false,,,,,,false,false,true,,,false,false,false,false,false,-83.20016,42.4375,"{
  ""coordinates"": [
    -8.320016798800000e+01,
    4.243750027500000e+01
  ],
  ""type"": ""Point""
}","{
  ""coordinates"": [
    -83.200167988,
    42.437500275
  ],
  ""type"": ""Point""
}",-83.200167988,42.437500275
6782,1144744,RAMP 216J,RAMP 216I,2017-09-27,27,9,2017,16,4,8,1,,1,0,,1,1,1,55,3,2,2,5,0,0,0,0,true,,false,false,false,false,false,,,,,,false,false,false,,,false,false,false,false,false,-83.05881,42.36932,"{
  ""coordinates"": [
    -8.305881084500000e+01,
    4.236932393100010e+01
  ],
  ""type"": ""Point""
}","{
  ""coordinates"": [
    -83.058810845,
    42.369323931
  ],
  ""type"": ""Point""
}",-83.058810845,42.3693239310001
6783,1157548,N M 10,GRAND,2017-09-27,27,9,2017,9,4,97,3,,1,0,,1,2,1,30,2,2,2,5,0,0,0,0,true,,false,false,false,false,false,,,,,,false,false,true,,,false,false,false,false,false,-83.08163,42.36697,"{
  ""coordinates"": [
    -8.308162747999999e+01,
    4.236696799700010e+01
  ],
  ""type"": ""Point""
}","{
  ""coordinates"": [
    -83.08162748,
    42.366967997
  ],
  ""type"": ""Point""
}",-83.08162748,42.3669679970001
6784,1143804,FORD,GREENVIEW,2017-09-27,27,9,2017,15,4,5,3,,1,0,,1,1,1,45,4,2,2,5,0,0,0,0,true,,false,false,false,false,false,,,,,,false,false,false,,,false,false,false,false,false,-83.22113,42.32901,"{
  ""coordinates"": [
    -8.322112782600000e+01,
    4.232901484500010e+01
  ],
  ""type"": ""Point""
}","{
  ""coordinates"": [
    -83.221127826,
    42.329014845
  ],
  ""type"": ""Point""
}",-83.221127826,42.3290148450001