ObjectId,Crash ID,Primary Road,Intersecting Road,Crash Date,Day,Month,Year,Hour,Weekday,Crash Type Code,Highway Classification Code,Community Code,Jurisdiction Code,Lane Departure Type Code,Surface Type,Road Condition,Weather Condition,Lighting Condition,Speed Limit,Lanes,Units,Occupants,Most Severe Injury,Fatal Injuries,Suspected Serious Injuries,Suspected Minor Injuries,Possible Injuries,Property Damage Only,Secondary Crash,Traffic Control,Red Light Run,Hit and Run,Alcohol,Drugs,Unbelted Person,Work Zone,Speeding Driver,Distracted Driver,Driveway,Pedestrian,Elderly Driver,Young Driver,Commercial Vehicle,Emergency Vehicles,Train,School Bus,Motorcycle,Bicycle,Deer,Longitude,Latitude,geom,geog,x,y
6899,1164552,WARREN,ANTHONY WAYNE,2017-09-25,25,9,2017,18,2,8,9,,4,0,,1,1,1,40,4,2,2,5,0,0,0,0,true,,false,false,false,false,false,,,,,,false,false,true,,,false,false,false,false,false,-83.07207,42.35439,"{
  ""coordinates"": [
    -8.307207841699990e+01,
    4.235438664700010e+01
  ],
  ""type"": ""Point""
}","{
  ""coordinates"": [
    -83.072078417,
    42.354386647
  ],
  ""type"": ""Point""
}",-83.0720784169999,42.3543866470001
6900,1146167,M-39,7 MILE,2017-09-25,25,9,2017,9,2,5,3,,1,0,,1,1,1,55,3,2,2,5,0,0,0,0,true,,false,false,false,false,false,,,,,,false,false,false,,,false,false,false,false,false,-83.21946,42.4314,"{
  ""coordinates"": [
    -8.321945632900000e+01,
    4.243139830200000e+01
  ],
  ""type"": ""Point""
}","{
  ""coordinates"": [
    -83.219456329,
    42.431398302
  ],
  ""type"": ""Point""
}",-83.219456329,42.431398302
6901,1163823,S M 39,FORD,2017-09-25,25,9,2017,18,2,5,3,,1,0,,1,1,1,55,3,2,2,5,0,0,0,0,true,,false,false,false,false,false,,,,,,false,false,true,,,false,false,false,false,false,-83.21577,42.32906,"{
  ""coordinates"": [
    -8.321576783599990e+01,
    4.232906026000010e+01
  ],
  ""type"": ""Point""
}","{
  ""coordinates"": [
    -83.215767836,
    42.32906026
  ],
  ""type"": ""Point""
}",-83.2157678359999,42.3290602600001
6902,1171153,TIREMAN,SCHAEFER,2017-09-25,25,9,2017,14,2,9,9,,2,0,,1,1,1,30,2,2,3,4,0,0,0,1,false,,false,false,false,false,false,,,,,,false,true,false,,,false,false,false,false,false,-83.17718,42.35129,"{
  ""coordinates"": [
    -8.317717955900000e+01,
    4.235129066100010e+01
  ],
  ""type"": ""Point""
}","{
  ""coordinates"": [
    -83.177179559,
    42.351290661
  ],
  ""type"": ""Point""
}",-83.177179559,42.3512906610001
6903,1146161,I-94,JUNCTION,2017-09-25,25,9,2017,16,2,5,1,,1,0,,1,1,1,55,3,2,2,5,0,0,0,0,true,,false,false,false,false,false,,,,,,false,false,true,,,false,false,false,false,false,-83.12238,42.33831,"{
  ""coordinates"": [
    -8.312237711900001e+01,
    4.233831138500010e+01
  ],
  ""type"": ""Point""
}","{
  ""coordinates"": [
    -83.122377119,
    42.338311385
  ],
  ""type"": ""Point""
}",-83.122377119,42.3383113850001
6904,1155234,I-75,SPRINGWELLS,2017-09-25,25,9,2017,14,2,8,1,,1,0,,1,1,1,55,3,2,1,5,0,0,0,0,true,,false,false,true,false,false,,,,,,false,false,false,,,false,false,false,false,false,-83.11073,42.30473,"{
  ""coordinates"": [
    -8.311072776499999e+01,
    4.230472946600000e+01
  ],
  ""type"": ""Point""
}","{
  ""coordinates"": [
    -83.110727765,
    42.304729466
  ],
  ""type"": ""Point""
}",-83.110727765,42.304729466
6905,1146299,CAMBRIDGE,OUTER,2017-09-25,25,9,2017,9,2,4,9,,,0,,1,1,1,0,4,2,2,5,0,0,0,0,true,,false,false,false,false,false,,,,,,false,false,true,,,false,false,false,false,false,-83.17592,42.43295,"{
  ""coordinates"": [
    -8.317591693100000e+01,
    4.243294893100010e+01
  ],
  ""type"": ""Point""
}","{
  ""coordinates"": [
    -83.175916931,
    42.432948931
  ],
  ""type"": ""Point""
}",-83.175916931,42.4329489310001
6906,1146267,ARCHDALE,HESSEL,2017-09-25,25,9,2017,17,2,4,9,,,0,,1,1,1,25,1,2,2,5,0,0,0,0,true,,false,false,false,false,false,,,,,,false,true,true,,,false,false,false,false,false,-83.21727,42.44271,"{
  ""coordinates"": [
    -8.321726628700000e+01,
    4.244271298000010e+01
  ],
  ""type"": ""Point""
}","{
  ""coordinates"": [
    -83.217266287,
    42.44271298
  ],
  ""type"": ""Point""
}",-83.217266287,42.4427129800001
6907,1146169,I-75,SEVEN MILE,2017-09-25,25,9,2017,7,2,5,1,,1,0,,1,1,1,70,4,5,4,5,0,0,0,0,true,,false,false,true,false,false,,,,,,false,false,true,,,false,false,false,false,false,-83.09457,42.4296,"{
  ""coordinates"": [
    -8.309456675599991e+01,
    4.242959789800010e+01
  ],
  ""type"": ""Point""
}","{
  ""coordinates"": [
    -83.094566756,
    42.429597898
  ],
  ""type"": ""Point""
}",-83.0945667559999,42.4295978980001
6908,1142764,COLUMBUS,WILDEMERE,2017-09-25,25,9,2017,19,2,10,9,,,0,,1,1,1,25,2,2,0,5,0,0,0,0,true,,false,false,true,false,false,,,,,,false,false,false,,,false,false,false,false,false,-83.10786,42.36241,"{
  ""coordinates"": [
    -8.310786003999991e+01,
    4.236240859800010e+01
  ],
  ""type"": ""Point""
}","{
  ""coordinates"": [
    -83.10786004,
    42.362408598
  ],
  ""type"": ""Point""
}",-83.1078600399999,42.3624085980001
6909,1146227,ARMY,LIVERNOIS,2017-09-25,25,9,2017,12,2,4,9,,,0,,1,1,1,25,1,2,2,5,0,0,0,0,true,,false,false,false,false,false,,,,,,false,false,true,,,false,false,false,false,false,-83.10616,42.31035,"{
  ""coordinates"": [
    -8.310615820899990e+01,
    4.231034747900000e+01
  ],
  ""type"": ""Point""
}","{
  ""coordinates"": [
    -83.106158209,
    42.310347479
  ],
  ""type"": ""Point""
}",-83.1061582089999,42.310347479
6910,1146293,OHIO,CURTIS,2017-09-25,25,9,2017,10,2,1,9,,,0,,1,1,1,25,1,1,1,5,0,0,0,0,true,,false,false,false,false,false,,,,,,false,false,true,,,false,false,false,false,false,-83.15639,42.42533,"{
  ""coordinates"": [
    -8.315639724099999e+01,
    4.242533043500000e+01
  ],
  ""type"": ""Point""
}","{
  ""coordinates"": [
    -83.156397241,
    42.425330435
  ],
  ""type"": ""Point""
}",-83.156397241,42.425330435
6911,1146138,RAMP 008K,E I 96 CD,2017-09-25,25,9,2017,6,2,5,1,,1,0,,1,1,4,55,2,3,3,5,0,0,0,0,true,,false,false,false,false,false,,,,,,false,false,false,,,false,false,false,false,false,-83.22229,42.37799,"{
  ""coordinates"": [
    -8.322228794100000e+01,
    4.237799228800000e+01
  ],
  ""type"": ""Point""
}","{
  ""coordinates"": [
    -83.222287941,
    42.377992288
  ],
  ""type"": ""Point""
}",-83.222287941,42.377992288
6912,1146311,FAIRFIELD,CURTIS,2017-09-25,25,9,2017,20,2,2,9,,,2,,1,1,1,25,2,2,2,5,0,0,0,0,true,,false,false,false,false,false,,,,,,false,false,false,,,false,false,false,false,false,-83.13564,42.42448,"{
  ""coordinates"": [
    -8.313563692500000e+01,
    4.242448434400010e+01
  ],
  ""type"": ""Point""
}","{
  ""coordinates"": [
    -83.135636925,
    42.424484344
  ],
  ""type"": ""Point""
}",-83.135636925,42.4244843440001
6913,1146252,ROHNS,WARREN,2017-09-25,25,9,2017,21,2,4,9,,,0,,1,1,4,35,2,2,2,5,0,0,0,0,true,,false,false,false,false,false,,,,,,false,false,true,,,false,false,false,false,false,-83.0034,42.3797,"{
  ""coordinates"": [
    -8.300340426000000e+01,
    4.237970128600010e+01
  ],
  ""type"": ""Point""
}","{
  ""coordinates"": [
    -83.00340426,
    42.379701286
  ],
  ""type"": ""Point""
}",-83.00340426,42.3797012860001
6914,1142055,MORANG,BEACONSFIELD,2017-09-25,25,9,2017,13,2,4,9,,4,0,,1,1,1,30,2,2,3,5,0,0,0,0,true,,false,false,false,true,false,,,,,,false,false,false,,,false,false,false,false,false,-82.94582,42.42442,"{
  ""coordinates"": [
    -8.294581523600000e+01,
    4.242441978300010e+01
  ],
  ""type"": ""Point""
}","{
  ""coordinates"": [
    -82.945815236,
    42.424419783
  ],
  ""type"": ""Point""
}",-82.945815236,42.4244197830001
6915,1146141,I-94,I-75,2017-09-25,25,9,2017,15,2,5,1,,1,0,,1,1,1,5,3,2,2,5,0,0,0,0,true,,false,false,false,false,false,,,,,,false,false,true,,,false,false,false,false,false,-83.05751,42.36878,"{
  ""coordinates"": [
    -8.305751260100000e+01,
    4.236877987400000e+01
  ],
  ""type"": ""Point""
}","{
  ""coordinates"": [
    -83.057512601,
    42.368779874
  ],
  ""type"": ""Point""
}",-83.057512601,42.368779874
6916,1142046,MCNICHOLS,FERGUSON,2017-09-25,25,9,2017,17,2,4,9,,2,0,,1,1,1,35,6,2,2,2,0,1,0,1,false,,false,false,false,false,false,,,,,,false,true,false,,,false,false,false,false,false,-83.21002,42.41575,"{
  ""coordinates"": [
    -8.321002462699990e+01,
    4.241574993400010e+01
  ],
  ""type"": ""Point""
}","{
  ""coordinates"": [
    -83.210024627,
    42.415749934
  ],
  ""type"": ""Point""
}",-83.2100246269999,42.4157499340001
6917,1143798,CLINTON,BEAUBIEN,2017-09-25,25,9,2017,20,2,97,9,,4,0,,1,1,2,25,4,2,2,5,0,0,0,0,true,,false,false,false,false,false,,,,,,false,false,false,,,false,false,false,false,false,-83.04349,42.33627,"{
  ""coordinates"": [
    -8.304348809899990e+01,
    4.233627486200000e+01
  ],
  ""type"": ""Point""
}","{
  ""coordinates"": [
    -83.043488099,
    42.336274862
  ],
  ""type"": ""Point""
}",-83.0434880989999,42.336274862
6918,1142757,29TH,MICHIGAN,2017-09-25,25,9,2017,21,2,5,2,,,0,,1,1,4,25,1,2,5,4,0,0,0,4,false,,false,false,false,false,false,,,,,,false,false,false,,,false,false,false,false,false,-83.10574,42.33108,"{
  ""coordinates"": [
    -8.310574209600000e+01,
    4.233108102100000e+01
  ],
  ""type"": ""Point""
}","{
  ""coordinates"": [
    -83.105742096,
    42.331081021
  ],
  ""type"": ""Point""
}",-83.105742096,42.331081021
6919,1142016,TEMPLE,CASS,2017-09-24,24,9,2017,15,1,98,9,,4,0,,1,1,1,35,2,2,0,5,0,0,0,0,true,,false,false,false,false,false,,,,,,false,false,false,,,false,false,false,false,false,-83.05871,42.34174,"{
  ""coordinates"": [
    -8.305870987599999e+01,
    4.234174484900010e+01
  ],
  ""type"": ""Point""
}","{
  ""coordinates"": [
    -83.058709876,
    42.341744849
  ],
  ""type"": ""Point""
}",-83.058709876,42.3417448490001
6920,1141219,LEDYARD,3RD,2017-09-24,24,9,2017,12,1,8,9,,,0,,1,1,1,30,2,2,2,4,0,0,0,1,false,,false,false,false,false,false,,,,,,false,false,false,,,false,false,false,false,false,-83.06234,42.33902,"{
  ""coordinates"": [
    -8.306233645299990e+01,
    4.233901772800000e+01
  ],
  ""type"": ""Point""
}","{
  ""coordinates"": [
    -83.062336453,
    42.339017728
  ],
  ""type"": ""Point""
}",-83.0623364529999,42.339017728
6921,1141226,PITT,NORMAN,2017-09-24,24,9,2017,19,1,5,9,,,0,,1,1,5,25,2,2,0,5,0,0,0,0,true,,false,false,true,false,false,,,,,,false,false,false,,,false,false,false,false,false,-83.13099,42.31236,"{
  ""coordinates"": [
    -8.313098852900001e+01,
    4.231236052800010e+01
  ],
  ""type"": ""Point""
}","{
  ""coordinates"": [
    -83.130988529,
    42.312360528
  ],
  ""type"": ""Point""
}",-83.130988529,42.3123605280001
6922,1141223,N I 75,WOODWARD,2017-09-24,24,9,2017,21,1,8,1,,1,0,,1,1,4,40,3,2,2,5,0,0,0,0,true,,false,false,false,false,false,,,,,,false,false,true,,,false,false,false,false,false,-83.05281,42.33985,"{
  ""coordinates"": [
    -8.305280913999999e+01,
    4.233984814700010e+01
  ],
  ""type"": ""Point""
}","{
  ""coordinates"": [
    -83.05280914,
    42.339848147
  ],
  ""type"": ""Point""
}",-83.05280914,42.3398481470001
6923,1142015,WOODWARD,S I 75 SERVICE DRIVE,2017-09-24,24,9,2017,21,1,4,3,,1,0,,1,1,4,35,3,2,13,5,0,0,0,0,true,,false,false,false,false,false,,,,,,false,false,true,,,false,false,false,false,false,-83.05302,42.34016,"{
  ""coordinates"": [
    -8.305302548200000e+01,
    4.234015738800010e+01
  ],
  ""type"": ""Point""
}","{
  ""coordinates"": [
    -83.053025482,
    42.340157388
  ],
  ""type"": ""Point""
}",-83.053025482,42.3401573880001
6924,1141234,ALTER,WAVENEY,2017-09-24,24,9,2017,21,1,5,9,,4,0,,1,1,4,35,2,2,0,5,0,0,0,0,true,,false,false,true,false,false,,,,,,false,false,false,,,false,false,false,false,false,-82.95127,42.39265,"{
  ""coordinates"": [
    -8.295127124500000e+01,
    4.239264844400000e+01
  ],
  ""type"": ""Point""
}","{
  ""coordinates"": [
    -82.951271245,
    42.392648444
  ],
  ""type"": ""Point""
}",-82.951271245,42.392648444
6925,1142063,7 MILE,CLIFF,2017-09-24,24,9,2017,15,1,3,9,,4,0,,1,1,1,30,4,2,2,5,0,0,0,0,true,,false,false,false,false,false,,,,,,false,false,true,,,false,false,false,false,false,-83.02816,42.4339,"{
  ""coordinates"": [
    -8.302816013400000e+01,
    4.243389578500010e+01
  ],
  ""type"": ""Point""
}","{
  ""coordinates"": [
    -83.028160134,
    42.433895785
  ],
  ""type"": ""Point""
}",-83.028160134,42.4338957850001
6926,1141244,FENKELL,OAKFIELD,2017-09-24,24,9,2017,8,1,6,9,,2,0,,1,1,1,35,2,2,3,4,0,0,0,3,false,,false,false,false,false,false,,,,,,false,false,false,,,false,false,false,false,false,-83.21419,42.4012,"{
  ""coordinates"": [
    -8.321419130500000e+01,
    4.240119491600010e+01
  ],
  ""type"": ""Point""
}","{
  ""coordinates"": [
    -83.214191305,
    42.401194916
  ],
  ""type"": ""Point""
}",-83.214191305,42.4011949160001
6927,1211062,MICHIGAN,CENTRAL,2017-09-24,24,9,2017,18,1,5,2,,1,0,,1,1,1,35,5,2,2,5,0,0,0,0,true,,false,false,false,false,false,,,,,,false,false,true,,,false,false,false,false,false,-83.13759,42.33111,"{
  ""coordinates"": [
    -8.313759212500000e+01,
    4.233110856900000e+01
  ],
  ""type"": ""Point""
}","{
  ""coordinates"": [
    -83.137592125,
    42.331108569
  ],
  ""type"": ""Point""
}",-83.137592125,42.331108569
6928,1142006,BEAUBIEN,JEFFERSON,2017-09-24,24,9,2017,16,1,8,4,,4,0,,1,1,1,0,3,2,3,5,0,0,0,0,true,,false,false,false,false,false,,,,,,false,true,false,,,false,false,false,false,false,-83.03961,42.33063,"{
  ""coordinates"": [
    -8.303961135999999e+01,
    4.233062976500000e+01
  ],
  ""type"": ""Point""
}","{
  ""coordinates"": [
    -83.03961136,
    42.330629765
  ],
  ""type"": ""Point""
}",-83.03961136,42.330629765
6929,1142027,MACOMB,BRUSH,2017-09-24,24,9,2017,22,1,98,9,,4,0,,1,1,4,25,2,2,2,5,0,0,0,0,true,,false,false,true,false,false,,,,,,false,false,false,,,false,false,false,false,false,-83.04424,42.33509,"{
  ""coordinates"": [
    -8.304423423799990e+01,
    4.233509509200010e+01
  ],
  ""type"": ""Point""
}","{
  ""coordinates"": [
    -83.044234238,
    42.335095092
  ],
  ""type"": ""Point""
}",-83.0442342379999,42.3350950920001
6930,1211137,PIEDMONT,TIREMAN,2017-09-24,24,9,2017,3,1,1,9,,,1,,1,1,4,25,2,1,1,2,0,1,0,0,false,,false,false,false,true,false,,,,,,false,false,false,,,false,false,false,false,false,-83.22834,42.3499,"{
  ""coordinates"": [
    -8.322833846700000e+01,
    4.234989405800010e+01
  ],
  ""type"": ""Point""
}","{
  ""coordinates"": [
    -83.228338467,
    42.349894058
  ],
  ""type"": ""Point""
}",-83.228338467,42.3498940580001
6931,1142018,NORMAN,PITT,2017-09-24,24,9,2017,6,1,8,9,,,0,,1,1,98,25,2,2,0,5,0,0,0,0,true,,false,false,true,false,false,,,,,,false,false,false,,,false,false,false,false,false,-83.13058,42.31237,"{
  ""coordinates"": [
    -8.313057851400001e+01,
    4.231236863500000e+01
  ],
  ""type"": ""Point""
}","{
  ""coordinates"": [
    -83.130578514,
    42.312368635
  ],
  ""type"": ""Point""
}",-83.130578514,42.312368635
6932,1144869,WOODINGHAM,MIDLAND,2017-09-24,24,9,2017,14,1,8,9,,,0,,1,1,1,25,4,2,1,4,0,0,0,1,false,,false,false,true,false,false,,,,,,false,false,false,,,false,false,false,false,false,-83.14962,42.40623,"{
  ""coordinates"": [
    -8.314962208000000e+01,
    4.240623385200010e+01
  ],
  ""type"": ""Point""
}","{
  ""coordinates"": [
    -83.14962208,
    42.406233852
  ],
  ""type"": ""Point""
}",-83.14962208,42.4062338520001
6933,1142050,7 MILE,GREENVIEW,2017-09-24,24,9,2017,0,1,98,9,,2,3,,1,1,4,35,1,2,0,5,0,0,0,0,true,,false,false,true,false,false,,,,,,false,true,false,,,false,false,false,false,false,-83.2257,42.4299,"{
  ""coordinates"": [
    -8.322569744899990e+01,
    4.242990401400000e+01
  ],
  ""type"": ""Point""
}","{
  ""coordinates"": [
    -83.225697449,
    42.429904014
  ],
  ""type"": ""Point""
}",-83.2256974489999,42.429904014
6934,1141229,FORT,MILLER,2017-09-24,24,9,2017,17,1,5,3,,1,0,,1,1,1,35,5,2,5,5,0,0,0,0,true,,false,false,false,false,false,,,,,,false,false,false,,,false,false,false,false,false,-83.14117,42.29179,"{
  ""coordinates"": [
    -8.314116634800000e+01,
    4.229179359100000e+01
  ],
  ""type"": ""Point""
}","{
  ""coordinates"": [
    -83.141166348,
    42.291793591
  ],
  ""type"": ""Point""
}",-83.141166348,42.291793591
6935,1140233,CRUSE,PURITAN,2017-09-24,24,9,2017,0,1,2,9,,,2,,1,1,5,25,2,2,1,5,0,0,0,0,true,,false,false,false,false,false,,,,,,false,false,false,,,false,false,false,false,false,-83.18374,42.40911,"{
  ""coordinates"": [
    -8.318373697200001e+01,
    4.240910640800010e+01
  ],
  ""type"": ""Point""
}","{
  ""coordinates"": [
    -83.183736972,
    42.409106408
  ],
  ""type"": ""Point""
}",-83.183736972,42.4091064080001
6936,1141210,E/B I-94,WOODWARD,2017-09-24,24,9,2017,4,1,5,1,,1,0,,1,1,4,55,3,2,2,5,0,0,0,0,true,,false,false,false,false,false,,,,,,false,false,true,,,false,false,false,false,false,-83.07033,42.36282,"{
  ""coordinates"": [
    -8.307032406699990e+01,
    4.236281766000010e+01
  ],
  ""type"": ""Point""
}","{
  ""coordinates"": [
    -83.070324067,
    42.36281766
  ],
  ""type"": ""Point""
}",-83.0703240669999,42.3628176600001
6937,1141221,GRAND,GRAND RIVER,2017-09-24,24,9,2017,14,1,8,3,,,0,,1,1,1,0,3,2,0,5,0,0,0,0,true,,false,false,true,false,false,,,,,,false,false,false,,,false,false,false,false,false,-83.20982,42.39706,"{
  ""coordinates"": [
    -8.320982080800000e+01,
    4.239705804900010e+01
  ],
  ""type"": ""Point""
}","{
  ""coordinates"": [
    -83.209820808,
    42.397058049
  ],
  ""type"": ""Point""
}",-83.209820808,42.3970580490001
6938,1152992,BAGLEY,GRAND RIVER,2017-09-24,24,9,2017,12,1,5,9,,4,0,,98,98,98,35,4,2,2,5,0,0,0,0,true,,false,false,false,false,false,,,,,,false,false,false,,,false,false,false,false,false,-83.05316,42.33427,"{
  ""coordinates"": [
    -8.305316367599990e+01,
    4.233427004500000e+01
  ],
  ""type"": ""Point""
}","{
  ""coordinates"": [
    -83.053163676,
    42.334270045
  ],
  ""type"": ""Point""
}",-83.0531636759999,42.334270045
6939,1140316,OUTER,RYAN,2017-09-24,24,9,2017,2,1,4,9,,2,0,,1,1,4,35,2,2,5,4,0,0,0,1,false,,true,true,true,false,false,,,,,,false,true,false,,,false,false,false,false,false,-83.06353,42.44033,"{
  ""coordinates"": [
    -8.306353054300000e+01,
    4.244033519500000e+01
  ],
  ""type"": ""Point""
}","{
  ""coordinates"": [
    -83.063530543,
    42.440335195
  ],
  ""type"": ""Point""
}",-83.063530543,42.440335195
6940,1140259,GRATIOT,GEORGIA,2017-09-24,24,9,2017,3,1,5,3,,1,0,,1,1,4,35,7,2,0,5,0,0,0,0,true,,false,false,false,false,false,,,,,,false,false,false,,,false,false,false,false,false,-83.00339,42.3959,"{
  ""coordinates"": [
    -8.300338996799999e+01,
    4.239590578800010e+01
  ],
  ""type"": ""Point""
}","{
  ""coordinates"": [
    -83.003389968,
    42.395905788
  ],
  ""type"": ""Point""
}",-83.003389968,42.3959057880001
6941,1142062,JEFFERIES,BURNETTE,2017-09-24,24,9,2017,21,1,5,9,,4,0,,1,1,4,25,2,2,1,5,0,0,0,0,true,,false,false,true,false,false,,,,,,false,false,false,,,false,false,true,false,false,-83.14234,42.36919,"{
  ""coordinates"": [
    -8.314234354199991e+01,
    4.236918890300010e+01
  ],
  ""type"": ""Point""
}","{
  ""coordinates"": [
    -83.142343542,
    42.369188903
  ],
  ""type"": ""Point""
}",-83.1423435419999,42.3691889030001
6942,1141215,N I 75,PLEASANT,2017-09-24,24,9,2017,0,1,97,1,,1,1,,1,1,4,70,2,1,1,5,0,0,0,0,true,,false,false,false,false,false,,,,,,false,false,true,,,false,false,false,false,false,-83.14677,42.28374,"{
  ""coordinates"": [
    -8.314677609099989e+01,
    4.228374417600000e+01
  ],
  ""type"": ""Point""
}","{
  ""coordinates"": [
    -83.146776091,
    42.283744176
  ],
  ""type"": ""Point""
}",-83.1467760909999,42.283744176
6943,1141228,JUNCTION,HERBERT,2017-09-24,24,9,2017,10,1,4,9,,4,0,,1,1,1,30,2,2,2,5,0,0,0,0,true,,false,false,true,false,false,,,,,,false,false,false,,,false,false,false,false,false,-83.11807,42.33994,"{
  ""coordinates"": [
    -8.311806991799990e+01,
    4.233993558500000e+01
  ],
  ""type"": ""Point""
}","{
  ""coordinates"": [
    -83.118069918,
    42.339935585
  ],
  ""type"": ""Point""
}",-83.1180699179999,42.339935585
6944,1142768,RUSSELL,WILKINS,2017-09-24,24,9,2017,11,1,8,9,,4,0,,1,1,1,25,4,2,0,5,0,0,0,0,true,,false,false,true,false,false,,,,,,false,false,false,,,false,false,false,false,false,-83.04189,42.34849,"{
  ""coordinates"": [
    -8.304188221800000e+01,
    4.234848879700010e+01
  ],
  ""type"": ""Point""
}","{
  ""coordinates"": [
    -83.041882218,
    42.348488797
  ],
  ""type"": ""Point""
}",-83.041882218,42.3484887970001
6945,1142045,EVERGREEN,MCNICHOLS,2017-09-24,24,9,2017,21,1,1,9,,4,1,,1,1,4,30,2,2,0,5,0,0,0,0,true,,false,false,true,false,false,,,,,,true,false,false,,,false,false,false,false,false,-83.2382,42.4151,"{
  ""coordinates"": [
    -8.323819627099989e+01,
    4.241510004500000e+01
  ],
  ""type"": ""Point""
}","{
  ""coordinates"": [
    -83.238196271,
    42.415100045
  ],
  ""type"": ""Point""
}",-83.2381962709999,42.415100045
6946,1141242,S I 75,RAMP 041I,2017-09-24,24,9,2017,9,1,5,1,,1,0,,1,1,1,35,3,2,2,5,0,0,0,0,true,,false,false,false,false,false,,,,,,false,false,false,,,false,false,false,false,false,-83.04626,42.34339,"{
  ""coordinates"": [
    -8.304625540300000e+01,
    4.234338980800000e+01
  ],
  ""type"": ""Point""
}","{
  ""coordinates"": [
    -83.046255403,
    42.343389808
  ],
  ""type"": ""Point""
}",-83.046255403,42.343389808
6947,1141252,GALLAGHER,GRIXDALE,2017-09-24,24,9,2017,21,1,4,9,,,0,,1,1,4,25,1,2,3,5,0,0,0,0,true,,true,false,true,false,false,,,,,,false,false,true,,,false,false,false,false,false,-83.06967,42.42846,"{
  ""coordinates"": [
    -8.306967187700000e+01,
    4.242846298700000e+01
  ],
  ""type"": ""Point""
}","{
  ""coordinates"": [
    -83.069671877,
    42.428462987
  ],
  ""type"": ""Point""
}",-83.069671877,42.428462987
6948,1141232,HARPER,BLUEHILL,2017-09-24,24,9,2017,2,1,4,9,,4,0,,1,1,3,35,2,2,2,1,1,0,0,0,false,,false,false,true,false,false,,,,,,false,false,false,,,false,false,true,false,false,-82.93488,42.41733,"{
  ""coordinates"": [
    -8.293487262699990e+01,
    4.241733154800000e+01
  ],
  ""type"": ""Point""
}","{
  ""coordinates"": [
    -82.934872627,
    42.417331548
  ],
  ""type"": ""Point""
}",-82.9348726269999,42.417331548
6949,1141220,GRATIOT,BRUSH,2017-09-24,24,9,2017,10,1,3,3,,1,0,,1,1,1,30,5,2,3,3,0,0,1,1,false,,false,false,false,false,false,,,,,,false,false,false,,,false,false,false,false,false,-83.04465,42.33583,"{
  ""coordinates"": [
    -8.304464782500000e+01,
    4.233583322400010e+01
  ],
  ""type"": ""Point""
}","{
  ""coordinates"": [
    -83.044647825,
    42.335833224
  ],
  ""type"": ""Point""
}",-83.044647825,42.3358332240001
6950,1144756,2ND,N I 75,2017-09-24,24,9,2017,13,1,5,1,,4,0,,1,1,1,25,2,2,2,5,0,0,0,0,true,,false,false,false,false,false,,,,,,false,true,false,,,false,false,false,false,false,-83.05846,42.33692,"{
  ""coordinates"": [
    -8.305846017499989e+01,
    4.233692209200010e+01
  ],
  ""type"": ""Point""
}","{
  ""coordinates"": [
    -83.058460175,
    42.336922092
  ],
  ""type"": ""Point""
}",-83.0584601749999,42.3369220920001
6951,1141230,SPRINGWELLS,CYPRESS,2017-09-24,24,9,2017,18,1,8,9,,,0,,1,1,1,35,2,3,1,5,0,0,0,0,true,,false,false,false,false,false,,,,,,false,false,true,,,false,false,false,false,false,-83.13864,42.32933,"{
  ""coordinates"": [
    -8.313864044600000e+01,
    4.232932765500000e+01
  ],
  ""type"": ""Point""
}","{
  ""coordinates"": [
    -83.138640446,
    42.329327655
  ],
  ""type"": ""Point""
}",-83.138640446,42.329327655
6952,1141254,OUTER,DEQUINDRE,2017-09-24,24,9,2017,18,1,4,9,,2,0,,1,1,1,35,2,2,7,4,0,0,0,4,false,,true,true,false,false,false,,,,,,false,false,false,,,false,false,false,false,false,-83.08296,42.44018,"{
  ""coordinates"": [
    -8.308296448300000e+01,
    4.244017736600010e+01
  ],
  ""type"": ""Point""
}","{
  ""coordinates"": [
    -83.082964483,
    42.440177366
  ],
  ""type"": ""Point""
}",-83.082964483,42.4401773660001
6953,1142054,RIVARD,MACK,2017-09-24,24,9,2017,17,1,5,9,,,0,,1,1,1,25,2,2,2,5,0,0,0,0,true,,false,false,true,false,false,,,,,,false,false,false,,,false,false,false,false,false,-83.04591,42.35191,"{
  ""coordinates"": [
    -8.304590382799999e+01,
    4.235191219600010e+01
  ],
  ""type"": ""Point""
}","{
  ""coordinates"": [
    -83.045903828,
    42.351912196
  ],
  ""type"": ""Point""
}",-83.045903828,42.3519121960001
6954,1141250,GRATIOT,CONNER,2017-09-24,24,9,2017,13,1,8,3,,1,0,,1,1,1,35,7,2,2,4,0,0,0,1,false,,false,false,true,false,false,,,,,,false,true,false,,,false,false,false,false,false,-82.99783,42.40442,"{
  ""coordinates"": [
    -8.299782299200000e+01,
    4.240442365000010e+01
  ],
  ""type"": ""Point""
}","{
  ""coordinates"": [
    -82.997822992,
    42.40442365
  ],
  ""type"": ""Point""
}",-82.997822992,42.4044236500001
6955,1141224,FORT,ELSMERE,2017-09-24,24,9,2017,18,1,1,3,,1,1,,1,1,1,30,2,1,1,5,0,0,0,0,true,,false,false,false,false,false,,,,,,false,false,false,,,false,false,false,false,false,-83.1262,42.29749,"{
  ""coordinates"": [
    -8.312620040000000e+01,
    4.229749319400000e+01
  ],
  ""type"": ""Point""
}","{
  ""coordinates"": [
    -83.1262004,
    42.297493194
  ],
  ""type"": ""Point""
}",-83.1262004,42.297493194