ObjectId,Crash ID,Primary Road,Intersecting Road,Crash Date,Day,Month,Year,Hour,Weekday,Crash Type Code,Highway Classification Code,Community Code,Jurisdiction Code,Lane Departure Type Code,Surface Type,Road Condition,Weather Condition,Lighting Condition,Speed Limit,Lanes,Units,Occupants,Most Severe Injury,Fatal Injuries,Suspected Serious Injuries,Suspected Minor Injuries,Possible Injuries,Property Damage Only,Secondary Crash,Traffic Control,Red Light Run,Hit and Run,Alcohol,Drugs,Unbelted Person,Work Zone,Speeding Driver,Distracted Driver,Driveway,Pedestrian,Elderly Driver,Young Driver,Commercial Vehicle,Emergency Vehicles,Train,School Bus,Motorcycle,Bicycle,Deer,Longitude,Latitude,geom,geog,x,y
7070,1140267,AVON,PEMBROKE,2017-09-22,22,9,2017,16,6,4,9,,,0,,1,1,1,25,2,2,5,3,0,0,1,0,false,,true,false,true,false,false,,,,,,false,false,false,,,false,false,false,false,false,-83.22681,42.4371,"{
  ""coordinates"": [
    -8.322681075500000e+01,
    4.243709845100010e+01
  ],
  ""type"": ""Point""
}","{
  ""coordinates"": [
    -83.226810755,
    42.437098451
  ],
  ""type"": ""Point""
}",-83.226810755,42.4370984510001
7071,1140248,LAFAYETTE,WATERMAN,2017-09-22,22,9,2017,15,6,3,9,,4,0,,1,1,1,25,4,2,3,5,0,0,0,0,true,,false,false,false,false,false,,,,,,false,true,false,,,false,false,false,false,false,-83.11015,42.30658,"{
  ""coordinates"": [
    -8.311014656799991e+01,
    4.230657838300000e+01
  ],
  ""type"": ""Point""
}","{
  ""coordinates"": [
    -83.110146568,
    42.306578383
  ],
  ""type"": ""Point""
}",-83.1101465679999,42.306578383
7072,1140311,VAN DYKE,NEVADA,2017-09-22,22,9,2017,19,6,8,3,,1,0,,1,1,3,30,5,2,4,4,0,0,0,1,false,,false,false,false,false,false,,,,,,false,false,false,,,false,false,false,false,false,-83.02399,42.42694,"{
  ""coordinates"": [
    -8.302398666900000e+01,
    4.242694310500010e+01
  ],
  ""type"": ""Point""
}","{
  ""coordinates"": [
    -83.023986669,
    42.426943105
  ],
  ""type"": ""Point""
}",-83.023986669,42.4269431050001
7073,1140278,HARPER,NOTTINGHAM,2017-09-22,22,9,2017,16,6,6,9,,4,0,,1,1,1,35,2,2,1,5,0,0,0,0,true,,false,false,true,false,false,,,,,,false,false,false,,,false,false,false,false,false,-82.95442,42.40757,"{
  ""coordinates"": [
    -8.295442149199990e+01,
    4.240756688500010e+01
  ],
  ""type"": ""Point""
}","{
  ""coordinates"": [
    -82.954421492,
    42.407566885
  ],
  ""type"": ""Point""
}",-82.9544214919999,42.4075668850001
7074,1141251,EWALD,DAVISON,2017-09-22,22,9,2017,19,6,5,3,,4,0,,1,1,1,25,1,3,2,5,0,0,0,0,true,,false,false,false,false,false,,,,,,false,false,false,,,false,false,false,false,false,-83.14529,42.38662,"{
  ""coordinates"": [
    -8.314529493600000e+01,
    4.238661606600000e+01
  ],
  ""type"": ""Point""
}","{
  ""coordinates"": [
    -83.145294936,
    42.386616066
  ],
  ""type"": ""Point""
}",-83.145294936,42.386616066
7075,1140307,VANDYKE,OUTER,2017-09-22,22,9,2017,14,6,5,3,,1,0,,1,1,1,35,2,2,2,5,0,0,0,0,true,,false,false,true,false,false,,,,,,false,false,false,,,false,false,false,false,false,-83.02449,42.44114,"{
  ""coordinates"": [
    -8.302448768300000e+01,
    4.244113988600000e+01
  ],
  ""type"": ""Point""
}","{
  ""coordinates"": [
    -83.024487683,
    42.441139886
  ],
  ""type"": ""Point""
}",-83.024487683,42.441139886
7076,1140262,MACK,CRANE,2017-09-22,22,9,2017,22,6,8,9,,4,0,,1,1,4,35,2,2,2,5,0,0,0,0,true,,false,false,true,false,false,,,,,,false,false,false,,,false,false,false,false,false,-82.99828,42.37012,"{
  ""coordinates"": [
    -8.299828714400000e+01,
    4.237012601400000e+01
  ],
  ""type"": ""Point""
}","{
  ""coordinates"": [
    -82.998287144,
    42.370126014
  ],
  ""type"": ""Point""
}",-82.998287144,42.370126014
7077,1140324,EVERGREEN,FENKELL,2017-09-22,22,9,2017,17,6,5,9,,4,0,,1,1,1,30,2,2,4,4,0,0,0,3,false,,false,false,false,false,false,,,,,,false,false,false,,,false,false,false,false,false,-83.23742,42.40059,"{
  ""coordinates"": [
    -8.323741702500000e+01,
    4.240058920500010e+01
  ],
  ""type"": ""Point""
}","{
  ""coordinates"": [
    -83.237417025,
    42.400589205
  ],
  ""type"": ""Point""
}",-83.237417025,42.4005892050001
7078,1140182,W I 96,E M 8,2017-09-22,22,9,2017,16,6,8,1,,1,0,,1,1,1,70,4,2,2,4,0,0,0,1,false,,false,false,false,false,false,,,,,,false,false,true,,,false,false,false,false,false,-83.15105,42.38438,"{
  ""coordinates"": [
    -8.315105382900001e+01,
    4.238438022800010e+01
  ],
  ""type"": ""Point""
}","{
  ""coordinates"": [
    -83.151053829,
    42.384380228
  ],
  ""type"": ""Point""
}",-83.151053829,42.3843802280001
7079,1140243,S I 75,FORT,2017-09-22,22,9,2017,12,6,5,1,,1,0,,1,1,1,30,2,2,2,5,0,0,0,0,true,,false,false,false,false,false,,,,,,false,false,false,,,false,false,false,false,false,-83.1535,42.27833,"{
  ""coordinates"": [
    -8.315349785099990e+01,
    4.227832898600010e+01
  ],
  ""type"": ""Point""
}","{
  ""coordinates"": [
    -83.153497851,
    42.278328986
  ],
  ""type"": ""Point""
}",-83.1534978509999,42.2783289860001
7080,1140257,WARREN,GRANDY,2017-09-22,22,9,2017,15,6,9,9,,4,0,,1,1,1,30,3,2,1,5,0,0,0,0,true,,false,false,true,false,false,,,,,,false,false,false,,,false,false,false,false,false,-83.03875,42.36645,"{
  ""coordinates"": [
    -8.303874660199990e+01,
    4.236644591000000e+01
  ],
  ""type"": ""Point""
}","{
  ""coordinates"": [
    -83.038746602,
    42.36644591
  ],
  ""type"": ""Point""
}",-83.0387466019999,42.36644591
7081,1140265,STEEL,JOHN C LODGE SR,2017-09-22,22,9,2017,16,6,10,9,,,0,,1,1,1,25,2,2,1,5,0,0,0,0,true,,false,false,true,false,false,,,,,,false,false,false,,,false,false,false,false,false,-83.17273,42.4176,"{
  ""coordinates"": [
    -8.317273010799990e+01,
    4.241759923900000e+01
  ],
  ""type"": ""Point""
}","{
  ""coordinates"": [
    -83.172730108,
    42.417599239
  ],
  ""type"": ""Point""
}",-83.1727301079999,42.417599239
7082,1140302,BOSTON,3RD,2017-09-22,22,9,2017,10,6,4,9,,,0,,1,1,1,25,2,2,3,4,0,0,0,1,false,,false,false,false,false,false,,,,,,false,false,false,,,false,false,false,false,false,-83.09084,42.38522,"{
  ""coordinates"": [
    -8.309083429899989e+01,
    4.238521982600000e+01
  ],
  ""type"": ""Point""
}","{
  ""coordinates"": [
    -83.090834299,
    42.385219826
  ],
  ""type"": ""Point""
}",-83.0908342989999,42.385219826
7083,1167063,ROSA PARKS,MICHIGAN,2017-09-22,22,9,2017,9,6,5,2,,4,0,,1,1,1,30,3,2,2,5,0,0,0,0,true,,false,false,false,false,false,,,,,,false,false,true,,,false,false,false,false,false,-83.07203,42.33142,"{
  ""coordinates"": [
    -8.307202655700000e+01,
    4.233142422500000e+01
  ],
  ""type"": ""Point""
}","{
  ""coordinates"": [
    -83.072026557,
    42.331424225
  ],
  ""type"": ""Point""
}",-83.072026557,42.331424225
7084,1162293,W I 96,KENTFIELD,2017-09-22,22,9,2017,12,6,5,1,,1,0,,1,1,1,70,3,3,4,4,0,0,0,4,false,,false,false,true,false,false,,,,,,false,true,false,,,false,false,false,false,false,-83.24068,42.38383,"{
  ""coordinates"": [
    -8.324068049200000e+01,
    4.238383053400000e+01
  ],
  ""type"": ""Point""
}","{
  ""coordinates"": [
    -83.240680492,
    42.383830534
  ],
  ""type"": ""Point""
}",-83.240680492,42.383830534
7085,1140283,NOVARA,QUEEN,2017-09-22,22,9,2017,12,6,4,9,,,0,,1,1,1,25,2,2,2,5,0,0,0,0,true,,false,false,false,false,false,,,,,,false,false,false,,,false,false,false,false,false,-82.96877,42.43934,"{
  ""coordinates"": [
    -8.296876549699989e+01,
    4.243934437000010e+01
  ],
  ""type"": ""Point""
}","{
  ""coordinates"": [
    -82.968765497,
    42.43934437
  ],
  ""type"": ""Point""
}",-82.9687654969999,42.4393443700001
7086,1199598,WARREN,BRUSH,2017-09-22,22,9,2017,21,6,8,9,,4,0,,1,1,4,30,4,2,4,5,0,0,0,0,true,,false,false,false,false,false,,,,,,false,false,true,,,false,false,false,false,false,-83.05987,42.35865,"{
  ""coordinates"": [
    -8.305986944499990e+01,
    4.235865147800010e+01
  ],
  ""type"": ""Point""
}","{
  ""coordinates"": [
    -83.059869445,
    42.358651478
  ],
  ""type"": ""Point""
}",-83.0598694449999,42.3586514780001
7087,1140196,I-94,LIVERNOIS,2017-09-22,22,9,2017,15,6,5,1,,1,0,,1,1,1,55,3,2,2,5,0,0,0,0,true,,false,false,false,false,false,,,,,,false,false,false,,,false,false,false,false,false,-83.12744,42.33631,"{
  ""coordinates"": [
    -8.312743807000000e+01,
    4.233630947300000e+01
  ],
  ""type"": ""Point""
}","{
  ""coordinates"": [
    -83.12743807,
    42.336309473
  ],
  ""type"": ""Point""
}",-83.12743807,42.336309473
7088,1140255,SCHOOLCRAFT,SOUTHFIELD SERVICE DRIVE,2017-09-22,22,9,2017,16,6,5,9,,2,0,,1,2,1,35,4,2,1,5,0,0,0,0,true,,false,false,true,false,false,,,,,,false,false,false,,,false,false,false,false,false,-83.21806,42.3867,"{
  ""coordinates"": [
    -8.321805347500000e+01,
    4.238670007300000e+01
  ],
  ""type"": ""Point""
}","{
  ""coordinates"": [
    -83.218053475,
    42.386700073
  ],
  ""type"": ""Point""
}",-83.218053475,42.386700073
7089,1147228,I-75,DEARBORN,2017-09-22,22,9,2017,5,6,8,1,,1,0,,1,1,4,70,3,2,2,5,0,0,0,0,true,,false,false,false,false,false,,,,,,false,false,false,,,false,false,false,false,false,-83.12698,42.29433,"{
  ""coordinates"": [
    -8.312698260000001e+01,
    4.229433068400000e+01
  ],
  ""type"": ""Point""
}","{
  ""coordinates"": [
    -83.1269826,
    42.294330684
  ],
  ""type"": ""Point""
}",-83.1269826,42.294330684
7090,1142011,WASHINGTTON,MICHIGAN,2017-09-22,22,9,2017,14,6,8,9,,4,0,,1,1,1,30,2,2,1,5,0,0,0,0,true,,false,false,false,false,false,,,,,,false,false,false,,,false,false,true,false,false,-83.05117,42.33181,"{
  ""coordinates"": [
    -8.305117340699999e+01,
    4.233181497900010e+01
  ],
  ""type"": ""Point""
}","{
  ""coordinates"": [
    -83.051173407,
    42.331814979
  ],
  ""type"": ""Point""
}",-83.051173407,42.3318149790001
7091,1141218,14TH,GRAND,2017-09-22,22,9,2017,13,6,4,9,,4,0,,1,1,1,30,2,2,2,4,0,0,0,2,false,,false,false,false,false,false,,,,,,false,false,false,,,false,false,false,false,false,-83.0946,42.36245,"{
  ""coordinates"": [
    -8.309459590499991e+01,
    4.236245314400000e+01
  ],
  ""type"": ""Point""
}","{
  ""coordinates"": [
    -83.094595905,
    42.362453144
  ],
  ""type"": ""Point""
}",-83.0945959049999,42.362453144
7092,1144748,W I 94,W I 96,2017-09-22,22,9,2017,16,6,8,1,,1,0,,1,1,1,55,4,2,2,5,0,0,0,0,true,,false,false,false,false,false,,,,,,false,false,false,,,false,false,false,false,false,-83.09895,42.35029,"{
  ""coordinates"": [
    -8.309895027600000e+01,
    4.235029078900000e+01
  ],
  ""type"": ""Point""
}","{
  ""coordinates"": [
    -83.098950276,
    42.350290789
  ],
  ""type"": ""Point""
}",-83.098950276,42.350290789
7093,1140249,MCGRAW,MERWIN,2017-09-22,22,9,2017,17,6,5,3,,1,0,,1,1,1,45,4,2,8,5,0,0,0,0,true,,false,false,false,false,false,,,,,,false,false,false,,,false,false,false,false,false,-83.15644,42.32994,"{
  ""coordinates"": [
    -8.315644387299990e+01,
    4.232994376100000e+01
  ],
  ""type"": ""Point""
}","{
  ""coordinates"": [
    -83.156443873,
    42.329943761
  ],
  ""type"": ""Point""
}",-83.1564438729999,42.329943761
7094,1144799,W/B I-94,LONYO,2017-09-22,22,9,2017,15,6,5,1,,1,0,,1,1,1,55,3,3,5,5,0,0,0,0,true,,false,false,false,false,false,,,,,,false,true,false,,,false,false,false,false,false,-83.14248,42.3318,"{
  ""coordinates"": [
    -8.314247758200000e+01,
    4.233180039200000e+01
  ],
  ""type"": ""Point""
}","{
  ""coordinates"": [
    -83.142477582,
    42.331800392
  ],
  ""type"": ""Point""
}",-83.142477582,42.331800392
7095,1140200,E/B I-94,CONNER,2017-09-22,22,9,2017,22,6,1,1,,1,1,,1,1,4,55,3,1,3,5,0,0,0,0,true,,false,false,false,false,false,,,,,,false,false,true,,,false,false,false,false,false,-82.98895,42.39557,"{
  ""coordinates"": [
    -8.298894740700000e+01,
    4.239556888600000e+01
  ],
  ""type"": ""Point""
}","{
  ""coordinates"": [
    -82.988947407,
    42.395568886
  ],
  ""type"": ""Point""
}",-82.988947407,42.395568886
7096,1141279,CASS,PUTNAM,2017-09-22,22,9,2017,11,6,10,9,,4,0,,1,1,1,25,4,2,1,5,0,0,0,0,true,,false,false,false,false,false,,,,,,false,false,true,,,false,false,true,false,false,-83.06865,42.35949,"{
  ""coordinates"": [
    -8.306864997799990e+01,
    4.235948885600000e+01
  ],
  ""type"": ""Point""
}","{
  ""coordinates"": [
    -83.068649978,
    42.359488856
  ],
  ""type"": ""Point""
}",-83.0686499779999,42.359488856
7097,1148487,GREENFIELD,8 MILE,2017-09-22,22,9,2017,15,6,9,7,,1,2,,1,1,1,35,2,2,3,5,0,0,0,0,true,,false,false,false,false,false,,,,,,false,false,false,,,false,false,false,false,false,-83.20052,42.44479,"{
  ""coordinates"": [
    -8.320051594900001e+01,
    4.244479375200010e+01
  ],
  ""type"": ""Point""
}","{
  ""coordinates"": [
    -83.200515949,
    42.444793752
  ],
  ""type"": ""Point""
}",-83.200515949,42.4447937520001
7098,1140127,W I 94,RAMP 220G,2017-09-22,22,9,2017,8,6,5,1,,1,0,,1,1,1,55,3,3,3,5,0,0,0,0,true,,false,false,false,false,false,,,,,,false,false,false,,,false,false,false,false,false,-82.99084,42.39437,"{
  ""coordinates"": [
    -8.299083330600000e+01,
    4.239436937200000e+01
  ],
  ""type"": ""Point""
}","{
  ""coordinates"": [
    -82.990833306,
    42.394369372
  ],
  ""type"": ""Point""
}",-82.990833306,42.394369372
7099,1140251,E I 96 CD,EVERGREEN,2017-09-22,22,9,2017,8,6,1,1,,1,1,,1,1,1,30,2,1,1,4,0,0,0,1,false,,false,false,false,true,false,,,,,,false,false,false,,,false,false,false,false,false,-83.2377,42.38078,"{
  ""coordinates"": [
    -8.323770401699990e+01,
    4.238077361500010e+01
  ],
  ""type"": ""Point""
}","{
  ""coordinates"": [
    -83.237704017,
    42.380773615
  ],
  ""type"": ""Point""
}",-83.2377040169999,42.3807736150001
7100,1140328,MEYERS,CHIPPEWA,2017-09-22,22,9,2017,1,6,97,9,,4,3,,1,1,4,35,2,2,1,4,0,0,0,1,false,,false,false,false,false,false,,,,,,false,false,false,,,false,false,false,false,false,-83.17111,42.44155,"{
  ""coordinates"": [
    -8.317111145400000e+01,
    4.244154716400000e+01
  ],
  ""type"": ""Point""
}","{
  ""coordinates"": [
    -83.171111454,
    42.441547164
  ],
  ""type"": ""Point""
}",-83.171111454,42.441547164
7101,1156654,TIREMAN,MEAD,2017-09-22,22,9,2017,14,6,8,9,,2,0,,1,1,1,30,2,2,1,5,0,0,0,0,true,,false,false,true,false,false,,,,,,false,false,true,,,false,false,false,false,false,-83.19146,42.35099,"{
  ""coordinates"": [
    -8.319145702000000e+01,
    4.235099494800010e+01
  ],
  ""type"": ""Point""
}","{
  ""coordinates"": [
    -83.19145702,
    42.350994948
  ],
  ""type"": ""Point""
}",-83.19145702,42.3509949480001
7102,1140245,N/B 75,W/B 96,2017-09-22,22,9,2017,6,6,5,1,,1,0,,1,1,1,55,4,2,2,5,0,0,0,0,true,,false,false,false,false,false,,,,,,false,false,true,,,false,false,false,false,false,-83.08237,42.31889,"{
  ""coordinates"": [
    -8.308236845800000e+01,
    4.231889458700000e+01
  ],
  ""type"": ""Point""
}","{
  ""coordinates"": [
    -83.082368458,
    42.318894587
  ],
  ""type"": ""Point""
}",-83.082368458,42.318894587
7103,1140139,I-94,LONYO,2017-09-22,22,9,2017,10,6,5,1,,1,0,,1,1,1,55,3,2,2,5,0,0,0,0,true,,false,false,false,false,false,,,,,,false,false,false,,,false,false,false,false,false,-83.14025,42.33199,"{
  ""coordinates"": [
    -8.314025130800000e+01,
    4.233198813400000e+01
  ],
  ""type"": ""Point""
}","{
  ""coordinates"": [
    -83.140251308,
    42.331988134
  ],
  ""type"": ""Point""
}",-83.140251308,42.331988134
7104,1140322,SCHAEFER,OUTER,2017-09-22,22,9,2017,13,6,4,9,,4,0,,1,1,1,30,2,2,2,4,0,0,0,2,false,,false,false,false,false,false,,,,,,false,false,true,,,false,false,false,false,false,-83.17997,42.42011,"{
  ""coordinates"": [
    -8.317996800899989e+01,
    4.242011296900010e+01
  ],
  ""type"": ""Point""
}","{
  ""coordinates"": [
    -83.179968009,
    42.420112969
  ],
  ""type"": ""Point""
}",-83.1799680089999,42.4201129690001
7105,1153034,LIVERNOIS,GRAND RIVER,2017-09-22,22,9,2017,15,6,3,3,,4,0,,1,1,1,35,5,2,2,5,0,0,0,0,true,,false,false,false,false,false,,,,,,false,false,false,,,false,false,false,false,false,-83.13879,42.36867,"{
  ""coordinates"": [
    -8.313879767200000e+01,
    4.236867123400000e+01
  ],
  ""type"": ""Point""
}","{
  ""coordinates"": [
    -83.138797672,
    42.368671234
  ],
  ""type"": ""Point""
}",-83.138797672,42.368671234
7106,1140277,8 MILE,REGENT,2017-09-22,22,9,2017,17,6,5,3,,1,0,,1,1,1,40,4,2,1,5,0,0,0,0,true,,false,false,true,false,false,,,,,,false,false,false,,,false,false,false,false,false,-82.97582,42.44954,"{
  ""coordinates"": [
    -8.297582281500000e+01,
    4.244953691200000e+01
  ],
  ""type"": ""Point""
}","{
  ""coordinates"": [
    -82.975822815,
    42.449536912
  ],
  ""type"": ""Point""
}",-82.975822815,42.449536912
7107,1140131,I-75,LIVERNOIS,2017-09-22,22,9,2017,7,6,5,1,,1,0,,1,1,1,55,3,4,3,5,0,0,0,0,true,,false,false,false,false,false,,,,,,false,false,false,,,false,false,false,false,false,-83.10474,42.30724,"{
  ""coordinates"": [
    -8.310473625700000e+01,
    4.230723514200000e+01
  ],
  ""type"": ""Point""
}","{
  ""coordinates"": [
    -83.104736257,
    42.307235142
  ],
  ""type"": ""Point""
}",-83.104736257,42.307235142
7108,1310728,GRATIOT,TOWNSEND,2017-09-22,22,9,2017,10,6,8,3,,1,0,,1,1,1,35,3,2,2,5,0,0,0,0,true,,false,false,true,false,false,,,,,,false,false,false,,,false,false,false,false,false,-83.01675,42.37572,"{
  ""coordinates"": [
    -8.301675765899989e+01,
    4.237571580400000e+01
  ],
  ""type"": ""Point""
}","{
  ""coordinates"": [
    -83.016757659,
    42.375715804
  ],
  ""type"": ""Point""
}",-83.0167576589999,42.375715804
7109,1140273,7 MILE,TELEGRAPH,2017-09-22,22,9,2017,7,6,4,2,,2,0,,1,1,1,0,4,2,2,5,0,0,0,0,true,,false,false,true,false,false,,,,,,false,true,false,,,false,false,false,false,false,-83.27795,42.42894,"{
  ""coordinates"": [
    -8.327794795999991e+01,
    4.242893441100010e+01
  ],
  ""type"": ""Point""
}","{
  ""coordinates"": [
    -83.27794796,
    42.428934411
  ],
  ""type"": ""Point""
}",-83.2779479599999,42.4289344110001
7110,1140246,N I 75,CLARK,2017-09-22,22,9,2017,8,6,4,1,,1,0,,1,1,1,0,3,2,2,5,0,0,0,0,true,,false,false,false,false,false,,,,,,false,false,false,,,false,false,false,false,false,-83.09091,42.31349,"{
  ""coordinates"": [
    -8.309090968200000e+01,
    4.231348930200010e+01
  ],
  ""type"": ""Point""
}","{
  ""coordinates"": [
    -83.090909682,
    42.313489302
  ],
  ""type"": ""Point""
}",-83.090909682,42.3134893020001
7111,1140128,W I 96,CSX TRANSPORTATION,2017-09-22,22,9,2017,12,6,8,1,,1,0,,1,1,1,70,4,2,2,5,0,0,0,0,true,,false,false,false,false,false,,,,,,false,false,false,,,false,false,false,false,false,-83.1917,42.37946,"{
  ""coordinates"": [
    -8.319170320700000e+01,
    4.237945897000000e+01
  ],
  ""type"": ""Point""
}","{
  ""coordinates"": [
    -83.191703207,
    42.37945897
  ],
  ""type"": ""Point""
}",-83.191703207,42.37945897
7112,1140327,PEMBROKE,BIRWOOD,2017-09-22,22,9,2017,19,6,8,9,,,0,,1,1,4,25,4,2,1,5,0,0,0,0,true,,false,false,false,false,false,,,,,,false,false,false,,,false,false,false,false,false,-83.16577,42.43891,"{
  ""coordinates"": [
    -8.316576810600000e+01,
    4.243890879800010e+01
  ],
  ""type"": ""Point""
}","{
  ""coordinates"": [
    -83.165768106,
    42.438908798
  ],
  ""type"": ""Point""
}",-83.165768106,42.4389087980001
7113,1150418,MCNICHOLS,JOHN R,2017-09-22,22,9,2017,17,6,5,9,,4,0,,1,1,1,30,6,2,3,5,0,0,0,0,true,,false,false,false,false,false,,,,,,false,false,true,,,false,false,false,false,false,-83.10191,42.41783,"{
  ""coordinates"": [
    -8.310190531099990e+01,
    4.241783295500010e+01
  ],
  ""type"": ""Point""
}","{
  ""coordinates"": [
    -83.101905311,
    42.417832955
  ],
  ""type"": ""Point""
}",-83.1019053109999,42.4178329550001
7114,1138918,MCNICHOLS,SEYMOUR,2017-09-22,22,9,2017,2,6,4,3,,4,0,,1,1,4,35,4,2,1,5,0,0,0,0,true,,true,true,true,false,false,,,,,,false,false,false,,,false,false,false,false,false,-82.98306,42.42694,"{
  ""coordinates"": [
    -8.298306371800000e+01,
    4.242693614400010e+01
  ],
  ""type"": ""Point""
}","{
  ""coordinates"": [
    -82.983063718,
    42.426936144
  ],
  ""type"": ""Point""
}",-82.983063718,42.4269361440001
7115,1141237,WARREN,NOTTINGHAM,2017-09-22,22,9,2017,20,6,8,9,,4,0,,1,1,5,35,5,2,1,5,0,0,0,0,true,,false,false,true,false,false,,,,,,false,true,false,,,false,false,false,false,false,-82.94877,42.39913,"{
  ""coordinates"": [
    -8.294876661300000e+01,
    4.239913345700010e+01
  ],
  ""type"": ""Point""
}","{
  ""coordinates"": [
    -82.948766613,
    42.399133457
  ],
  ""type"": ""Point""
}",-82.948766613,42.3991334570001
7116,1140318,GRATIOT,STATE FAIR,2017-09-22,22,9,2017,8,6,8,3,,1,0,,1,1,2,40,3,2,3,5,0,0,0,0,true,,false,false,false,false,false,,,,,,false,false,true,,,false,false,false,false,false,-82.97272,42.44263,"{
  ""coordinates"": [
    -8.297272408600000e+01,
    4.244262548900010e+01
  ],
  ""type"": ""Point""
}","{
  ""coordinates"": [
    -82.972724086,
    42.442625489
  ],
  ""type"": ""Point""
}",-82.972724086,42.4426254890001
7117,1140178,W I 96,E M 8,2017-09-22,22,9,2017,12,6,97,1,,1,0,,1,1,1,70,4,4,4,2,0,2,0,2,false,,false,false,false,false,false,,,,,,false,false,false,,,false,false,false,false,false,-83.15305,42.385,"{
  ""coordinates"": [
    -8.315304649500000e+01,
    4.238499755400010e+01
  ],
  ""type"": ""Point""
}","{
  ""coordinates"": [
    -83.153046495,
    42.384997554
  ],
  ""type"": ""Point""
}",-83.153046495,42.3849975540001
7118,1140179,S M 39,LYNDON,2017-09-22,22,9,2017,15,6,5,3,,1,0,,1,1,1,55,3,2,2,5,0,0,0,0,true,,false,false,false,false,false,,,,,,false,true,true,,,false,false,false,false,false,-83.21809,42.39417,"{
  ""coordinates"": [
    -8.321809446100001e+01,
    4.239417381600000e+01
  ],
  ""type"": ""Point""
}","{
  ""coordinates"": [
    -83.218094461,
    42.394173816
  ],
  ""type"": ""Point""
}",-83.218094461,42.394173816
7119,1141231,HARPER,CADIEUX,2017-09-22,22,9,2017,21,6,8,9,,4,0,,1,2,3,35,4,2,1,5,0,0,0,0,true,,false,false,true,false,false,,,,,,false,false,true,,,false,false,false,false,false,-82.93599,42.41671,"{
  ""coordinates"": [
    -8.293598862300000e+01,
    4.241671351400000e+01
  ],
  ""type"": ""Point""
}","{
  ""coordinates"": [
    -82.935988623,
    42.416713514
  ],
  ""type"": ""Point""
}",-82.935988623,42.416713514
7120,1140300,JOY,DEXTER,2017-09-22,22,9,2017,17,6,5,9,,4,0,,1,1,1,30,4,2,2,4,0,0,0,1,false,,false,false,true,false,false,,,,,,false,false,false,,,false,false,false,false,false,-83.11761,42.37016,"{
  ""coordinates"": [
    -8.311760927499989e+01,
    4.237016263900010e+01
  ],
  ""type"": ""Point""
}","{
  ""coordinates"": [
    -83.117609275,
    42.370162639
  ],
  ""type"": ""Point""
}",-83.1176092749999,42.3701626390001
7121,1140158,I-94,LIVERNOIS,2017-09-22,22,9,2017,10,6,5,1,,1,0,,1,1,1,55,3,2,2,5,0,0,0,0,true,,false,false,false,false,false,,,,,,false,true,true,,,false,false,false,false,false,-83.12478,42.33751,"{
  ""coordinates"": [
    -8.312478067300000e+01,
    4.233751198500000e+01
  ],
  ""type"": ""Point""
}","{
  ""coordinates"": [
    -83.124780673,
    42.337511985
  ],
  ""type"": ""Point""
}",-83.124780673,42.337511985
7122,1140238,CANFIELD,ROSA,2017-09-22,22,9,2017,18,6,4,9,,4,0,,1,1,1,20,4,2,2,5,0,0,0,0,true,,false,false,false,false,false,,,,,,false,false,false,,,false,false,false,false,false,-83.08072,42.34674,"{
  ""coordinates"": [
    -8.308071981900000e+01,
    4.234673932900010e+01
  ],
  ""type"": ""Point""
}","{
  ""coordinates"": [
    -83.080719819,
    42.346739329
  ],
  ""type"": ""Point""
}",-83.080719819,42.3467393290001
7123,1195174,I-94,M10,2017-09-22,22,9,2017,16,6,6,1,,1,0,,1,1,1,0,3,2,1,5,0,0,0,0,true,,false,false,true,false,false,,,,,,false,false,false,,,false,false,false,false,false,-83.09346,42.35202,"{
  ""coordinates"": [
    -8.309346077700000e+01,
    4.235202594900010e+01
  ],
  ""type"": ""Point""
}","{
  ""coordinates"": [
    -83.093460777,
    42.352025949
  ],
  ""type"": ""Point""
}",-83.093460777,42.3520259490001
7124,1140203,N M 10,E I 94,2017-09-22,22,9,2017,18,6,5,3,,1,0,,1,1,1,55,3,2,2,5,0,0,0,0,true,,false,false,false,false,false,,,,,,false,false,true,,,false,false,false,false,false,-83.07591,42.35887,"{
  ""coordinates"": [
    -8.307590922799990e+01,
    4.235886720800000e+01
  ],
  ""type"": ""Point""
}","{
  ""coordinates"": [
    -83.075909228,
    42.358867208
  ],
  ""type"": ""Point""
}",-83.0759092279999,42.358867208
7125,1141240,FAUST,PLYMOUTH,2017-09-22,22,9,2017,23,6,10,9,,,0,,1,1,4,25,4,2,0,5,0,0,0,0,true,,false,false,true,false,false,,,,,,false,false,false,,,false,false,false,false,false,-83.22166,42.37223,"{
  ""coordinates"": [
    -8.322166455900000e+01,
    4.237223575600010e+01
  ],
  ""type"": ""Point""
}","{
  ""coordinates"": [
    -83.221664559,
    42.372235756
  ],
  ""type"": ""Point""
}",-83.221664559,42.3722357560001
7126,1142012,WOODWARD,EDISON,2017-09-22,22,9,2017,17,6,5,3,,1,0,,1,1,1,30,3,2,2,5,0,0,0,0,true,,false,false,false,false,false,,,,,,false,false,true,,,false,false,false,false,false,-83.08294,42.38461,"{
  ""coordinates"": [
    -8.308293545899990e+01,
    4.238460835000010e+01
  ],
  ""type"": ""Point""
}","{
  ""coordinates"": [
    -83.082935459,
    42.38460835
  ],
  ""type"": ""Point""
}",-83.0829354589999,42.3846083500001