ObjectId,Crash ID,Primary Road,Intersecting Road,Crash Date,Day,Month,Year,Hour,Weekday,Crash Type Code,Highway Classification Code,Community Code,Jurisdiction Code,Lane Departure Type Code,Surface Type,Road Condition,Weather Condition,Lighting Condition,Speed Limit,Lanes,Units,Occupants,Most Severe Injury,Fatal Injuries,Suspected Serious Injuries,Suspected Minor Injuries,Possible Injuries,Property Damage Only,Secondary Crash,Traffic Control,Red Light Run,Hit and Run,Alcohol,Drugs,Unbelted Person,Work Zone,Speeding Driver,Distracted Driver,Driveway,Pedestrian,Elderly Driver,Young Driver,Commercial Vehicle,Emergency Vehicles,Train,School Bus,Motorcycle,Bicycle,Deer,Longitude,Latitude,geom,geog,x,y
7127,1142031,FOREST,MAXWELL,2017-09-22,22,9,2017,13,6,9,9,,4,0,,1,1,1,30,2,2,1,5,0,0,0,0,true,,false,false,true,false,false,,,,,,false,false,false,,,false,false,false,false,false,-83.00909,42.37466,"{
  ""coordinates"": [
    -8.300909355200000e+01,
    4.237465972700010e+01
  ],
  ""type"": ""Point""
}","{
  ""coordinates"": [
    -83.009093552,
    42.374659727
  ],
  ""type"": ""Point""
}",-83.009093552,42.3746597270001
7128,1179557,SECOND,PRENTIS,2017-09-22,22,9,2017,2,6,8,9,,4,0,,98,98,4,30,3,2,0,5,0,0,0,0,true,,false,false,true,false,false,,,,,,false,false,false,,,false,true,false,false,false,-83.06714,42.35219,"{
  ""coordinates"": [
    -8.306713503100001e+01,
    4.235219250300000e+01
  ],
  ""type"": ""Point""
}","{
  ""coordinates"": [
    -83.067135031,
    42.352192503
  ],
  ""type"": ""Point""
}",-83.067135031,42.352192503
7129,1140304,LIVERNOIS,ELMHURST,2017-09-22,22,9,2017,16,6,5,9,,4,0,,1,1,1,35,3,2,2,4,0,0,0,1,false,,false,false,false,false,false,,,,,,false,false,false,,,false,false,false,false,false,-83.13898,42.37612,"{
  ""coordinates"": [
    -8.313898169299991e+01,
    4.237611757500010e+01
  ],
  ""type"": ""Point""
}","{
  ""coordinates"": [
    -83.138981693,
    42.376117575
  ],
  ""type"": ""Point""
}",-83.1389816929999,42.3761175750001
7130,1142007,LARNED,RAMP 125C,2017-09-22,22,9,2017,10,6,4,9,,4,0,,1,1,1,30,3,2,2,5,0,0,0,0,true,,true,true,false,false,false,,,,,,false,false,false,,,false,false,false,false,false,-83.04987,42.32747,"{
  ""coordinates"": [
    -8.304986663900000e+01,
    4.232746983700010e+01
  ],
  ""type"": ""Point""
}","{
  ""coordinates"": [
    -83.049866639,
    42.327469837
  ],
  ""type"": ""Point""
}",-83.049866639,42.3274698370001
7131,1142044,GRATIOT,RUSSELL,2017-09-22,22,9,2017,9,6,9,3,,1,0,,1,1,1,35,3,2,2,5,0,0,0,0,true,,false,false,false,false,false,,,,,,false,false,false,,,false,false,false,false,false,-83.0387,42.34359,"{
  ""coordinates"": [
    -8.303870312899990e+01,
    4.234359078700000e+01
  ],
  ""type"": ""Point""
}","{
  ""coordinates"": [
    -83.038703129,
    42.343590787
  ],
  ""type"": ""Point""
}",-83.0387031289999,42.343590787
7132,1154431,S M 10,GRAND,2017-09-22,22,9,2017,9,6,8,3,,1,0,,1,1,1,0,3,2,2,5,0,0,0,0,true,,false,false,true,false,false,,,,,,false,false,false,,,false,false,false,false,false,-83.0827,42.36818,"{
  ""coordinates"": [
    -8.308269173300000e+01,
    4.236818309800000e+01
  ],
  ""type"": ""Point""
}","{
  ""coordinates"": [
    -83.082691733,
    42.368183098
  ],
  ""type"": ""Point""
}",-83.082691733,42.368183098
7133,1140271,TROJAN,EVERGREEN,2017-09-22,22,9,2017,21,6,4,9,,,0,,1,1,4,25,4,2,5,4,0,0,0,2,false,,false,false,false,false,false,,,,,,false,true,true,,,false,false,false,false,false,-83.23937,42.44034,"{
  ""coordinates"": [
    -8.323937442399991e+01,
    4.244033664300010e+01
  ],
  ""type"": ""Point""
}","{
  ""coordinates"": [
    -83.239374424,
    42.440336643
  ],
  ""type"": ""Point""
}",-83.2393744239999,42.4403366430001
7134,1140242,2ND,2ND/FISHER CUTOFF,2017-09-22,22,9,2017,7,6,8,1,,4,0,,1,1,1,30,4,2,1,5,0,0,0,0,true,,false,false,true,false,false,,,,,,false,false,false,,,false,false,false,false,false,-83.05858,42.33709,"{
  ""coordinates"": [
    -8.305857504200000e+01,
    4.233708972500010e+01
  ],
  ""type"": ""Point""
}","{
  ""coordinates"": [
    -83.058575042,
    42.337089725
  ],
  ""type"": ""Point""
}",-83.058575042,42.3370897250001
7135,1142029,ALGONQUIN,JEFFERSON,2017-09-22,22,9,2017,15,6,7,9,,,0,,1,1,1,25,2,2,2,5,0,0,0,0,true,,false,false,false,false,false,,,,,,false,false,false,,,false,false,false,false,false,-82.95654,42.37031,"{
  ""coordinates"": [
    -8.295654192200000e+01,
    4.237031181000000e+01
  ],
  ""type"": ""Point""
}","{
  ""coordinates"": [
    -82.956541922,
    42.37031181
  ],
  ""type"": ""Point""
}",-82.956541922,42.37031181
7136,1138923,RYAN,NAUMANN,2017-09-22,22,9,2017,2,6,1,9,,4,1,,1,1,4,30,2,1,0,5,0,0,0,0,true,,false,false,false,false,false,,,,,,false,false,false,,,false,false,false,false,false,-83.06263,42.42322,"{
  ""coordinates"": [
    -8.306263064400000e+01,
    4.242322157200000e+01
  ],
  ""type"": ""Point""
}","{
  ""coordinates"": [
    -83.062630644,
    42.423221572
  ],
  ""type"": ""Point""
}",-83.062630644,42.423221572
7137,1140224,I-94 W/B,I-75,2017-09-22,22,9,2017,19,6,8,1,,1,0,,1,1,1,55,3,2,5,5,0,0,0,0,true,,false,false,false,false,false,,,,,,false,false,true,,,false,false,false,false,false,-83.05434,42.37112,"{
  ""coordinates"": [
    -8.305434637600000e+01,
    4.237112065600010e+01
  ],
  ""type"": ""Point""
}","{
  ""coordinates"": [
    -83.054346376,
    42.371120656
  ],
  ""type"": ""Point""
}",-83.054346376,42.3711206560001
7138,1140214,M-39,6 MILE,2017-09-22,22,9,2017,22,6,8,3,,1,0,,1,1,4,55,3,2,1,5,0,0,0,0,true,,false,false,true,false,false,,,,,,false,false,false,,,false,false,false,false,false,-83.21888,42.41596,"{
  ""coordinates"": [
    -8.321888218299991e+01,
    4.241595830200000e+01
  ],
  ""type"": ""Point""
}","{
  ""coordinates"": [
    -83.218882183,
    42.415958302
  ],
  ""type"": ""Point""
}",-83.2188821829999,42.415958302
7139,1141253,8 MILE,VEACH,2017-09-22,22,9,2017,18,6,3,3,,1,0,,1,1,1,40,4,2,4,5,0,0,0,0,true,,false,false,false,false,false,,,,,,false,false,true,,,false,false,false,false,false,-83.02155,42.44825,"{
  ""coordinates"": [
    -8.302155408899991e+01,
    4.244825066700000e+01
  ],
  ""type"": ""Point""
}","{
  ""coordinates"": [
    -83.021554089,
    42.448250667
  ],
  ""type"": ""Point""
}",-83.0215540889999,42.448250667
7140,1140309,7 MILE,VAN DYKE,2017-09-22,22,9,2017,7,6,8,3,,4,0,,1,1,1,35,2,2,3,5,0,0,0,0,true,,false,false,true,false,false,,,,,,false,false,false,,,false,false,false,false,false,-83.02415,42.43398,"{
  ""coordinates"": [
    -8.302415422400000e+01,
    4.243397836200010e+01
  ],
  ""type"": ""Point""
}","{
  ""coordinates"": [
    -83.024154224,
    42.433978362
  ],
  ""type"": ""Point""
}",-83.024154224,42.4339783620001
7141,1140306,8 MILE,CONCORD,2017-09-22,22,9,2017,14,6,4,3,,1,0,,1,1,1,40,4,2,2,4,0,0,0,1,false,,false,false,false,false,false,,,,,,false,false,false,,,false,false,false,false,false,-83.03334,42.44796,"{
  ""coordinates"": [
    -8.303333853299991e+01,
    4.244796347100000e+01
  ],
  ""type"": ""Point""
}","{
  ""coordinates"": [
    -83.033338533,
    42.447963471
  ],
  ""type"": ""Point""
}",-83.0333385329999,42.447963471
7142,1293536,WARREN,WOODWARD,2017-09-22,22,9,2017,14,6,8,3,,4,0,,1,1,1,30,4,2,2,5,0,0,0,0,true,,false,false,false,false,false,,,,,,false,false,true,,,false,false,false,false,false,-83.06435,42.35677,"{
  ""coordinates"": [
    -8.306435578799990e+01,
    4.235677236800010e+01
  ],
  ""type"": ""Point""
}","{
  ""coordinates"": [
    -83.064355788,
    42.356772368
  ],
  ""type"": ""Point""
}",-83.0643557879999,42.3567723680001
7143,1155283,PIEDMONT,ELMIRA,2017-09-22,22,9,2017,16,6,4,9,,,0,,1,1,1,0,2,2,3,5,0,0,0,0,true,,false,false,false,false,false,,,,,,false,false,false,,,false,false,false,false,false,-83.2289,42.36962,"{
  ""coordinates"": [
    -8.322890184600000e+01,
    4.236961853200010e+01
  ],
  ""type"": ""Point""
}","{
  ""coordinates"": [
    -83.228901846,
    42.369618532
  ],
  ""type"": ""Point""
}",-83.228901846,42.3696185320001
7144,1138893,GRAND,I 96 SERVICE,2017-09-21,21,9,2017,9,5,5,3,,1,0,,1,1,1,30,4,2,2,5,0,0,0,0,true,,false,false,false,false,false,,,,,,false,false,true,,,false,false,false,false,false,-83.17524,42.38335,"{
  ""coordinates"": [
    -8.317524138499989e+01,
    4.238335448700010e+01
  ],
  ""type"": ""Point""
}","{
  ""coordinates"": [
    -83.175241385,
    42.383354487
  ],
  ""type"": ""Point""
}",-83.1752413849999,42.3833544870001
7145,1142075,WARREN,TRUMBULL,2017-09-21,21,9,2017,6,5,8,9,,4,0,,1,1,2,30,4,2,2,5,0,0,0,0,true,,false,false,false,false,false,,,,,,false,false,true,,,false,false,false,false,false,-83.07689,42.35287,"{
  ""coordinates"": [
    -8.307688976900000e+01,
    4.235287573200000e+01
  ],
  ""type"": ""Point""
}","{
  ""coordinates"": [
    -83.076889769,
    42.352875732
  ],
  ""type"": ""Point""
}",-83.076889769,42.352875732
7146,1140282,MORANG,BALFOUR,2017-09-21,21,9,2017,11,5,8,9,,4,0,,1,1,4,0,2,2,2,5,0,0,0,0,true,,false,false,true,false,false,,,,,,false,false,false,,,false,false,false,false,false,-82.94279,42.42319,"{
  ""coordinates"": [
    -8.294279785000001e+01,
    4.242318772200010e+01
  ],
  ""type"": ""Point""
}","{
  ""coordinates"": [
    -82.94279785,
    42.423187722
  ],
  ""type"": ""Point""
}",-82.94279785,42.4231877220001
7147,1138894,FORT,DEARBORN,2017-09-21,21,9,2017,7,5,97,3,,1,0,,1,1,1,30,2,2,2,5,0,0,0,0,true,,false,false,false,false,false,,,,,,false,false,false,,,false,false,true,false,false,-83.13631,42.29372,"{
  ""coordinates"": [
    -8.313631455800000e+01,
    4.229372122900000e+01
  ],
  ""type"": ""Point""
}","{
  ""coordinates"": [
    -83.136314558,
    42.293721229
  ],
  ""type"": ""Point""
}",-83.136314558,42.293721229
7148,1140253,TELEGRAPH,VERNE,2017-09-21,21,9,2017,17,5,5,2,,1,0,,98,98,98,50,4,2,2,5,0,0,0,0,true,,false,false,false,false,false,,,,,,false,false,false,,,false,false,false,false,false,-83.27681,42.4106,"{
  ""coordinates"": [
    -8.327681239400000e+01,
    4.241059994500010e+01
  ],
  ""type"": ""Point""
}","{
  ""coordinates"": [
    -83.276812394,
    42.410599945
  ],
  ""type"": ""Point""
}",-83.276812394,42.4105999450001
7149,1140260,GRATIOT,VAN DYKE,2017-09-21,21,9,2017,21,5,4,3,,1,0,,1,1,4,35,7,2,3,4,0,0,0,1,false,,false,false,false,false,false,,,,,,false,false,true,,,false,false,false,false,false,-83.01472,42.37878,"{
  ""coordinates"": [
    -8.301471811600000e+01,
    4.237877745800010e+01
  ],
  ""type"": ""Point""
}","{
  ""coordinates"": [
    -83.014718116,
    42.378777458
  ],
  ""type"": ""Point""
}",-83.014718116,42.3787774580001
7150,1142797,STEEL,MARGARETA,2017-09-21,21,9,2017,15,5,10,9,,,0,,1,1,1,25,2,2,2,5,0,0,0,0,true,,false,false,true,false,false,,,,,,false,false,false,,,false,false,false,false,false,-83.17287,42.4274,"{
  ""coordinates"": [
    -8.317287746600000e+01,
    4.242740389300010e+01
  ],
  ""type"": ""Point""
}","{
  ""coordinates"": [
    -83.172877466,
    42.427403893
  ],
  ""type"": ""Point""
}",-83.172877466,42.4274038930001
7151,1138913,GRAND RIVER,GRANDVILLE,2017-09-21,21,9,2017,22,5,4,3,,1,0,,1,1,4,35,4,2,3,2,0,3,0,0,false,,false,false,false,true,true,,,,,,false,false,true,,,false,false,false,false,false,-83.23243,42.40639,"{
  ""coordinates"": [
    -8.323243169499990e+01,
    4.240639364200010e+01
  ],
  ""type"": ""Point""
}","{
  ""coordinates"": [
    -83.232431695,
    42.406393642
  ],
  ""type"": ""Point""
}",-83.2324316949999,42.4063936420001
7152,1146156,W I 96,SCHOOLCRAFT,2017-09-21,21,9,2017,16,5,5,1,,1,0,,1,1,1,55,2,2,4,5,0,0,0,0,true,,false,false,false,false,false,,,,,,false,false,false,,,false,false,false,false,false,-83.24377,42.38535,"{
  ""coordinates"": [
    -8.324377020500000e+01,
    4.238534746500010e+01
  ],
  ""type"": ""Point""
}","{
  ""coordinates"": [
    -83.243770205,
    42.385347465
  ],
  ""type"": ""Point""
}",-83.243770205,42.3853474650001
7153,1144785,M-39,SCHOOLCRAFT,2017-09-21,21,9,2017,2,5,5,3,,1,0,,1,1,4,55,3,2,1,5,0,0,0,0,true,,false,false,true,false,false,,,,,,false,false,false,,,false,false,false,false,false,-83.21778,42.38816,"{
  ""coordinates"": [
    -8.321777926399990e+01,
    4.238816505400010e+01
  ],
  ""type"": ""Point""
}","{
  ""coordinates"": [
    -83.217779264,
    42.388165054
  ],
  ""type"": ""Point""
}",-83.2177792639999,42.3881650540001
7154,1138915,8 MILE,LAHSER,2017-09-21,21,9,2017,17,5,5,3,,1,0,,1,1,1,45,3,3,2,5,0,0,0,0,true,,false,false,true,false,false,,,,,,false,true,false,,,false,false,false,false,false,-83.25922,42.44323,"{
  ""coordinates"": [
    -8.325921857299990e+01,
    4.244323218200000e+01
  ],
  ""type"": ""Point""
}","{
  ""coordinates"": [
    -83.259218573,
    42.443232182
  ],
  ""type"": ""Point""
}",-83.2592185729999,42.443232182
7155,1137954,CRUSADE,BRINGARD,2017-09-21,21,9,2017,5,5,8,9,,,0,,98,98,5,25,1,2,1,5,0,0,0,0,true,,false,false,false,false,false,,,,,,false,false,true,,,false,false,false,false,false,-82.96101,42.44625,"{
  ""coordinates"": [
    -8.296101179999989e+01,
    4.244624731200000e+01
  ],
  ""type"": ""Point""
}","{
  ""coordinates"": [
    -82.9610118,
    42.446247312
  ],
  ""type"": ""Point""
}",-82.9610117999999,42.446247312
7156,1142052,BURGESS,FENKELL,2017-09-21,21,9,2017,14,5,97,9,,,0,,1,1,1,25,3,2,1,5,0,0,0,0,true,,false,false,false,false,false,,,,,,false,false,true,,,false,false,false,false,false,-83.25439,42.40041,"{
  ""coordinates"": [
    -8.325439467900000e+01,
    4.240040620600010e+01
  ],
  ""type"": ""Point""
}","{
  ""coordinates"": [
    -83.254394679,
    42.400406206
  ],
  ""type"": ""Point""
}",-83.254394679,42.4004062060001
7157,1143791,I 96,EVERGREEN,2017-09-21,21,9,2017,17,5,5,1,,1,0,,1,1,1,70,3,2,2,5,0,0,0,0,true,,false,false,false,false,false,,,,,,false,false,true,,,false,false,false,false,false,-83.23357,42.37872,"{
  ""coordinates"": [
    -8.323356800800001e+01,
    4.237872023200000e+01
  ],
  ""type"": ""Point""
}","{
  ""coordinates"": [
    -83.233568008,
    42.378720232
  ],
  ""type"": ""Point""
}",-83.233568008,42.378720232
7158,1141246,TELEGRAPH,VERNE,2017-09-21,21,9,2017,17,5,5,2,,1,0,,1,1,1,45,8,2,2,5,0,0,0,0,true,,false,false,false,false,false,,,,,,false,false,false,,,false,false,false,false,false,-83.27682,42.4107,"{
  ""coordinates"": [
    -8.327681742599999e+01,
    4.241070065700010e+01
  ],
  ""type"": ""Point""
}","{
  ""coordinates"": [
    -83.276817426,
    42.410700657
  ],
  ""type"": ""Point""
}",-83.276817426,42.4107006570001
7159,1138895,SPRINGWELLS,FISHER,2017-09-21,21,9,2017,15,5,6,9,,4,0,,1,1,1,25,1,2,2,5,0,0,0,0,true,,false,false,false,false,false,,,,,,false,true,false,,,false,false,false,false,false,-83.11935,42.30151,"{
  ""coordinates"": [
    -8.311934331899990e+01,
    4.230150849500010e+01
  ],
  ""type"": ""Point""
}","{
  ""coordinates"": [
    -83.119343319,
    42.301508495
  ],
  ""type"": ""Point""
}",-83.1193433189999,42.3015084950001
7160,1146310,OUTER,PINEHURST,2017-09-21,21,9,2017,14,5,4,9,,2,0,,1,1,1,30,4,2,1,5,0,0,0,0,true,,false,false,true,false,false,,,,,,false,true,false,,,false,false,false,false,false,-83.16772,42.43486,"{
  ""coordinates"": [
    -8.316772513300000e+01,
    4.243486420700000e+01
  ],
  ""type"": ""Point""
}","{
  ""coordinates"": [
    -83.167725133,
    42.434864207
  ],
  ""type"": ""Point""
}",-83.167725133,42.434864207
7161,1140288,E I 94,GRATIOT,2017-09-21,21,9,2017,21,5,8,1,,1,0,,1,1,4,55,4,2,3,4,0,0,0,1,false,,false,false,false,false,false,,,,,,false,false,false,,,false,false,false,false,false,-83.00652,42.39136,"{
  ""coordinates"": [
    -8.300651264399990e+01,
    4.239135820900000e+01
  ],
  ""type"": ""Point""
}","{
  ""coordinates"": [
    -83.006512644,
    42.391358209
  ],
  ""type"": ""Point""
}",-83.0065126439999,42.391358209
7162,1149231,FOREST,LODGE SERV,2017-09-21,21,9,2017,8,5,5,9,,4,0,,1,1,1,0,4,2,2,5,0,0,0,0,true,,false,false,false,false,false,,,,,,false,false,false,,,false,false,false,false,false,-83.07296,42.35391,"{
  ""coordinates"": [
    -8.307296170599990e+01,
    4.235391398300000e+01
  ],
  ""type"": ""Point""
}","{
  ""coordinates"": [
    -83.072961706,
    42.353913983
  ],
  ""type"": ""Point""
}",-83.0729617059999,42.353913983
7163,1144822,TELEGRAPH,MCNICHOLS,2017-09-21,21,9,2017,16,5,5,2,,1,0,,1,1,1,40,3,2,3,5,0,0,0,0,true,,false,false,false,false,false,,,,,,false,false,false,,,false,false,false,false,false,-83.27695,42.41413,"{
  ""coordinates"": [
    -8.327694434300000e+01,
    4.241413381600010e+01
  ],
  ""type"": ""Point""
}","{
  ""coordinates"": [
    -83.276944343,
    42.414133816
  ],
  ""type"": ""Point""
}",-83.276944343,42.4141338160001
7164,1140252,OUTER,SHAFER,2017-09-21,21,9,2017,9,5,5,9,,2,0,,98,98,98,35,4,2,1,5,0,0,0,0,true,,false,false,true,false,false,,,,,,false,false,false,,,false,false,false,false,false,-83.17983,42.42012,"{
  ""coordinates"": [
    -8.317983299900000e+01,
    4.242011486700010e+01
  ],
  ""type"": ""Point""
}","{
  ""coordinates"": [
    -83.179832999,
    42.420114867
  ],
  ""type"": ""Point""
}",-83.179832999,42.4201148670001
7165,1150371,7 MILE,BRAILE,2017-09-21,21,9,2017,14,5,1,9,,2,1,,1,2,1,35,6,1,1,3,0,0,1,0,false,,false,false,false,false,false,,,,,,false,false,false,,,false,false,true,false,false,-83.24635,42.4294,"{
  ""coordinates"": [
    -8.324634517500000e+01,
    4.242939788400000e+01
  ],
  ""type"": ""Point""
}","{
  ""coordinates"": [
    -83.246345175,
    42.429397884
  ],
  ""type"": ""Point""
}",-83.246345175,42.429397884
7166,1144790,M-39,FORD,2017-09-21,21,9,2017,16,5,5,3,,1,0,,1,1,1,55,3,2,2,5,0,0,0,0,true,,false,false,false,false,false,,,,,,false,false,true,,,false,false,false,false,false,-83.21583,42.33055,"{
  ""coordinates"": [
    -8.321582623499999e+01,
    4.233054974500000e+01
  ],
  ""type"": ""Point""
}","{
  ""coordinates"": [
    -83.215826235,
    42.330549745
  ],
  ""type"": ""Point""
}",-83.215826235,42.330549745
7167,1138881,PLYMOUTH,WHITCOMB,2017-09-21,21,9,2017,20,5,4,9,,4,0,,1,1,4,35,2,2,2,5,0,0,0,0,true,,false,false,false,false,false,,,,,,false,false,false,,,false,false,false,false,false,-83.19531,42.37263,"{
  ""coordinates"": [
    -8.319531504100000e+01,
    4.237262983200000e+01
  ],
  ""type"": ""Point""
}","{
  ""coordinates"": [
    -83.195315041,
    42.372629832
  ],
  ""type"": ""Point""
}",-83.195315041,42.372629832
7168,1143803,EDSEL FORD SERVICE,MOROSS,2017-09-21,21,9,2017,13,5,8,1,,1,0,,1,1,1,30,2,2,1,5,0,0,0,0,true,,false,false,true,false,false,,,,,,false,true,false,,,false,false,false,false,false,-82.92867,42.42476,"{
  ""coordinates"": [
    -8.292866816599999e+01,
    4.242476156500000e+01
  ],
  ""type"": ""Point""
}","{
  ""coordinates"": [
    -82.928668166,
    42.424761565
  ],
  ""type"": ""Point""
}",-82.928668166,42.424761565
7169,1137961,DAVISON,RYAN,2017-09-21,21,9,2017,7,5,5,9,,4,0,,1,1,1,0,2,2,1,5,0,0,0,0,true,,false,false,false,false,false,,,,,,false,false,false,,,false,false,false,false,false,-83.06091,42.41574,"{
  ""coordinates"": [
    -8.306091191300000e+01,
    4.241574436900000e+01
  ],
  ""type"": ""Point""
}","{
  ""coordinates"": [
    -83.060911913,
    42.415744369
  ],
  ""type"": ""Point""
}",-83.060911913,42.415744369
7170,1140183,RAMP 047A,MEADE,2017-09-21,21,9,2017,21,5,5,1,,1,0,,1,1,4,35,1,2,2,5,0,0,0,0,true,,false,false,false,false,false,,,,,,false,false,true,,,false,false,false,false,false,-83.07597,42.40674,"{
  ""coordinates"": [
    -8.307597715700000e+01,
    4.240673707200010e+01
  ],
  ""type"": ""Point""
}","{
  ""coordinates"": [
    -83.075977157,
    42.406737072
  ],
  ""type"": ""Point""
}",-83.075977157,42.4067370720001
7171,1138880,CHALFONTE,GLASTONBURY,2017-09-21,21,9,2017,19,5,4,9,,,0,,1,1,2,0,2,2,1,5,0,0,0,0,true,,false,false,true,false,false,,,,,,false,false,false,,,false,false,false,false,false,-83.22467,42.39848,"{
  ""coordinates"": [
    -8.322466919899991e+01,
    4.239848402400000e+01
  ],
  ""type"": ""Point""
}","{
  ""coordinates"": [
    -83.224669199,
    42.398484024
  ],
  ""type"": ""Point""
}",-83.2246691989999,42.398484024
7172,1138917,MCNICHOLS,SOUTHFIELD SERVICE DRIVE,2017-09-21,21,9,2017,13,5,4,9,,2,0,,1,1,1,35,4,2,2,4,0,0,0,2,false,,true,true,false,false,false,,,,,,false,false,false,,,false,false,false,false,false,-83.2196,42.41555,"{
  ""coordinates"": [
    -8.321959889000000e+01,
    4.241554585200000e+01
  ],
  ""type"": ""Point""
}","{
  ""coordinates"": [
    -83.21959889,
    42.415545852
  ],
  ""type"": ""Point""
}",-83.21959889,42.415545852
7173,1141277,HANCOCK,CASS,2017-09-21,21,9,2017,12,5,8,9,,,0,,1,1,1,25,4,2,1,5,0,0,0,0,true,,false,false,false,false,false,,,,,,false,false,true,,,false,false,false,false,false,-83.06595,42.35484,"{
  ""coordinates"": [
    -8.306595045499991e+01,
    4.235483554200000e+01
  ],
  ""type"": ""Point""
}","{
  ""coordinates"": [
    -83.065950455,
    42.354835542
  ],
  ""type"": ""Point""
}",-83.0659504549999,42.354835542
7174,1140285,MOROSS,E I 94,2017-09-21,21,9,2017,14,5,8,9,,2,0,,1,1,1,30,5,2,2,5,0,0,0,0,true,,false,false,false,false,false,,,,,,false,false,false,,,false,false,false,false,false,-82.92854,42.42471,"{
  ""coordinates"": [
    -8.292854070899990e+01,
    4.242470750300000e+01
  ],
  ""type"": ""Point""
}","{
  ""coordinates"": [
    -82.928540709,
    42.424707503
  ],
  ""type"": ""Point""
}",-82.9285407089999,42.424707503
7175,1146210,BATES,CADILLAC,2017-09-21,21,9,2017,12,5,2,9,,4,2,,1,1,1,25,2,2,3,5,0,0,0,0,true,,false,false,false,false,false,,,,,,false,false,true,,,false,false,false,false,false,-83.04461,42.33145,"{
  ""coordinates"": [
    -8.304460606600000e+01,
    4.233144650800010e+01
  ],
  ""type"": ""Point""
}","{
  ""coordinates"": [
    -83.044606066,
    42.331446508
  ],
  ""type"": ""Point""
}",-83.044606066,42.3314465080001
7176,1155240,GRATIOT,MARCUS,2017-09-21,21,9,2017,7,5,9,3,,1,2,,1,1,1,35,3,2,2,5,0,0,0,0,true,,false,false,true,false,false,,,,,,false,false,false,,,false,false,false,false,false,-83.00259,42.39711,"{
  ""coordinates"": [
    -8.300259744100001e+01,
    4.239711415500010e+01
  ],
  ""type"": ""Point""
}","{
  ""coordinates"": [
    -83.002597441,
    42.397114155
  ],
  ""type"": ""Point""
}",-83.002597441,42.3971141550001
7177,1146153,I-94,WOODWARD,2017-09-21,21,9,2017,11,5,8,1,,1,0,,1,1,1,55,3,2,1,5,0,0,0,0,true,,false,false,true,false,false,,,,,,false,false,false,,,false,false,false,false,false,-83.06926,42.36338,"{
  ""coordinates"": [
    -8.306925886600000e+01,
    4.236337742100010e+01
  ],
  ""type"": ""Point""
}","{
  ""coordinates"": [
    -83.069258866,
    42.363377421
  ],
  ""type"": ""Point""
}",-83.069258866,42.3633774210001
7178,1138900,JEFFERSON,KITCHNER,2017-09-21,21,9,2017,19,5,4,9,,4,0,,1,1,3,35,4,2,3,3,0,0,1,2,false,,false,false,true,false,false,,,,,,false,false,false,,,false,false,false,false,false,-82.95593,42.3703,"{
  ""coordinates"": [
    -8.295593193799991e+01,
    4.237030140700010e+01
  ],
  ""type"": ""Point""
}","{
  ""coordinates"": [
    -82.955931938,
    42.370301407
  ],
  ""type"": ""Point""
}",-82.9559319379999,42.3703014070001
7179,1138922,OAKMAN,DEXTER,2017-09-21,21,9,2017,15,5,5,9,,4,0,,1,1,1,30,4,2,2,5,0,0,0,0,true,,false,false,false,false,false,,,,,,false,false,true,,,false,false,false,false,false,-83.13293,42.39286,"{
  ""coordinates"": [
    -8.313293170599999e+01,
    4.239285745300000e+01
  ],
  ""type"": ""Point""
}","{
  ""coordinates"": [
    -83.132931706,
    42.392857453
  ],
  ""type"": ""Point""
}",-83.132931706,42.392857453
7180,1148404,S M 39,TIREMAN,2017-09-21,21,9,2017,18,5,5,3,,1,0,,1,1,1,55,3,2,2,5,0,0,0,0,true,,false,false,false,false,false,,,,,,false,false,false,,,false,false,false,false,false,-83.21644,42.35061,"{
  ""coordinates"": [
    -8.321644154800001e+01,
    4.235060802100000e+01
  ],
  ""type"": ""Point""
}","{
  ""coordinates"": [
    -83.216441548,
    42.350608021
  ],
  ""type"": ""Point""
}",-83.216441548,42.350608021
7181,1138879,FREELAND,CHALFONTE,2017-09-21,21,9,2017,8,5,4,9,,,0,,1,1,2,25,2,2,1,5,0,0,0,0,true,,false,false,true,false,false,,,,,,false,false,true,,,false,false,false,false,false,-83.18542,42.39972,"{
  ""coordinates"": [
    -8.318542451000000e+01,
    4.239971445600000e+01
  ],
  ""type"": ""Point""
}","{
  ""coordinates"": [
    -83.18542451,
    42.399714456
  ],
  ""type"": ""Point""
}",-83.18542451,42.399714456
7182,1138914,REDFORD,ROCKDALE,2017-09-21,21,9,2017,7,5,8,9,,4,0,,4,1,1,0,1,2,4,5,0,0,0,0,true,,false,false,true,false,false,,,,,,false,false,false,,,false,false,false,false,false,-83.25883,42.41644,"{
  ""coordinates"": [
    -8.325882450200000e+01,
    4.241643898600010e+01
  ],
  ""type"": ""Point""
}","{
  ""coordinates"": [
    -83.258824502,
    42.416438986
  ],
  ""type"": ""Point""
}",-83.258824502,42.4164389860001
7183,1144786,I-75,DEARBORN,2017-09-21,21,9,2017,7,5,5,1,,1,0,,1,1,1,70,3,2,4,5,0,0,0,0,true,,false,false,false,false,false,,,,,,false,false,true,,,false,false,false,false,false,-83.12875,42.29174,"{
  ""coordinates"": [
    -8.312875699999999e+01,
    4.229174278200000e+01
  ],
  ""type"": ""Point""
}","{
  ""coordinates"": [
    -83.128757,
    42.291742782
  ],
  ""type"": ""Point""
}",-83.128757,42.291742782
7184,1138896,MICHIGAN,LONYO,2017-09-21,21,9,2017,14,5,4,2,,1,0,,1,1,1,35,5,2,2,5,0,0,0,0,true,,false,false,false,false,false,,,,,,false,true,true,,,false,false,false,false,false,-83.1445,42.33045,"{
  ""coordinates"": [
    -8.314450074800000e+01,
    4.233044777900010e+01
  ],
  ""type"": ""Point""
}","{
  ""coordinates"": [
    -83.144500748,
    42.330447779
  ],
  ""type"": ""Point""
}",-83.144500748,42.3304477790001