ObjectId,Crash ID,Primary Road,Intersecting Road,Crash Date,Day,Month,Year,Hour,Weekday,Crash Type Code,Highway Classification Code,Community Code,Jurisdiction Code,Lane Departure Type Code,Surface Type,Road Condition,Weather Condition,Lighting Condition,Speed Limit,Lanes,Units,Occupants,Most Severe Injury,Fatal Injuries,Suspected Serious Injuries,Suspected Minor Injuries,Possible Injuries,Property Damage Only,Secondary Crash,Traffic Control,Red Light Run,Hit and Run,Alcohol,Drugs,Unbelted Person,Work Zone,Speeding Driver,Distracted Driver,Driveway,Pedestrian,Elderly Driver,Young Driver,Commercial Vehicle,Emergency Vehicles,Train,School Bus,Motorcycle,Bicycle,Deer,Longitude,Latitude,geom,geog,x,y
7185,1138921,ROSEMARY,COPLIN,2017-09-21,21,9,2017,22,5,5,9,,,0,,1,1,4,25,1,2,3,4,0,0,0,2,false,,false,false,true,false,false,,,,,,false,false,true,,,false,false,false,false,false,-82.97681,42.41406,"{
  ""coordinates"": [
    -8.297681175900000e+01,
    4.241406434200010e+01
  ],
  ""type"": ""Point""
}","{
  ""coordinates"": [
    -82.976811759,
    42.414064342
  ],
  ""type"": ""Point""
}",-82.976811759,42.4140643420001
7186,1140202,I-96,SCHAEFER,2017-09-21,21,9,2017,4,5,5,1,,1,0,,1,1,4,55,3,2,2,4,0,0,0,1,false,,false,false,false,false,false,,,,,,false,false,false,,,false,false,false,false,false,-83.18013,42.38275,"{
  ""coordinates"": [
    -8.318013375800000e+01,
    4.238275212600010e+01
  ],
  ""type"": ""Point""
}","{
  ""coordinates"": [
    -83.180133758,
    42.382752126
  ],
  ""type"": ""Point""
}",-83.180133758,42.3827521260001
7187,1138885,N M 10,WARREN,2017-09-21,21,9,2017,11,5,8,3,,1,0,,1,1,1,25,2,2,2,5,0,0,0,0,true,,false,false,false,false,false,,,,,,false,false,false,,,false,false,false,false,false,-83.07341,42.35382,"{
  ""coordinates"": [
    -8.307341309100001e+01,
    4.235381942300010e+01
  ],
  ""type"": ""Point""
}","{
  ""coordinates"": [
    -83.073413091,
    42.353819423
  ],
  ""type"": ""Point""
}",-83.073413091,42.3538194230001
7188,1144783,I-94,WARREN,2017-09-21,21,9,2017,8,5,5,1,,1,0,,1,1,1,55,3,2,2,5,0,0,0,0,true,,false,false,false,false,false,,,,,,false,false,false,,,false,false,false,false,false,-83.11223,42.34516,"{
  ""coordinates"": [
    -8.311222849399999e+01,
    4.234515579700010e+01
  ],
  ""type"": ""Point""
}","{
  ""coordinates"": [
    -83.112228494,
    42.345155797
  ],
  ""type"": ""Point""
}",-83.112228494,42.3451557970001
7189,1138924,MCNICHOLS,OMIRA,2017-09-21,21,9,2017,0,5,4,9,,4,0,,1,1,1,0,2,2,1,5,0,0,0,0,true,,true,false,true,false,false,,,,,,false,false,false,,,false,false,false,false,false,-83.09615,42.41802,"{
  ""coordinates"": [
    -8.309614492100000e+01,
    4.241801853500000e+01
  ],
  ""type"": ""Point""
}","{
  ""coordinates"": [
    -83.096144921,
    42.418018535
  ],
  ""type"": ""Point""
}",-83.096144921,42.418018535
7190,1172940,CHALMERS,HAZELRIDGE,2017-09-21,21,9,2017,12,5,4,9,,4,0,,1,1,1,30,2,2,2,3,0,0,1,0,false,,false,false,false,false,false,,,,,,false,true,false,,,false,false,false,false,false,-82.97498,42.42464,"{
  ""coordinates"": [
    -8.297498399100000e+01,
    4.242464587900000e+01
  ],
  ""type"": ""Point""
}","{
  ""coordinates"": [
    -82.974983991,
    42.424645879
  ],
  ""type"": ""Point""
}",-82.974983991,42.424645879
7191,1140268,VASSAR,MANSFIELD,2017-09-21,21,9,2017,15,5,4,9,,,0,,1,1,1,25,2,2,2,5,0,0,0,0,true,,false,false,true,false,false,,,,,,false,false,true,,,false,false,false,false,false,-83.20642,42.43395,"{
  ""coordinates"": [
    -8.320642344700001e+01,
    4.243394798600010e+01
  ],
  ""type"": ""Point""
}","{
  ""coordinates"": [
    -83.206423447,
    42.433947986
  ],
  ""type"": ""Point""
}",-83.206423447,42.4339479860001
7192,1138899,MICHIGAN,APPLE,2017-09-21,21,9,2017,13,5,8,2,,1,0,,1,1,1,30,3,3,5,4,0,0,0,1,false,,false,false,false,false,false,,,,,,false,true,false,,,false,false,false,false,false,-83.12917,42.33113,"{
  ""coordinates"": [
    -8.312916827600000e+01,
    4.233113236300010e+01
  ],
  ""type"": ""Point""
}","{
  ""coordinates"": [
    -83.129168276,
    42.331132363
  ],
  ""type"": ""Point""
}",-83.129168276,42.3311323630001
7193,1144781,I-75,DEARBORN,2017-09-21,21,9,2017,7,5,5,1,,1,0,,1,1,1,70,3,2,2,4,0,0,0,1,false,,false,false,false,false,false,,,,,,false,false,true,,,false,false,true,false,false,-83.12875,42.29174,"{
  ""coordinates"": [
    -8.312875699999999e+01,
    4.229174278200000e+01
  ],
  ""type"": ""Point""
}","{
  ""coordinates"": [
    -83.128757,
    42.291742782
  ],
  ""type"": ""Point""
}",-83.128757,42.291742782
7194,1146152,RAMP 216F,I-94,2017-09-21,21,9,2017,8,5,8,1,,1,0,,1,1,1,55,1,2,2,5,0,0,0,0,true,,false,false,false,false,false,,,,,,false,false,true,,,false,false,false,false,false,-83.05779,42.36806,"{
  ""coordinates"": [
    -8.305779014300001e+01,
    4.236806178700000e+01
  ],
  ""type"": ""Point""
}","{
  ""coordinates"": [
    -83.057790143,
    42.368061787
  ],
  ""type"": ""Point""
}",-83.057790143,42.368061787
7195,1140256,VAN DYKE,HARPER,2017-09-21,21,9,2017,16,5,5,3,,1,0,,1,1,1,35,5,2,2,4,0,0,0,2,false,,false,false,true,false,false,,,,,,false,false,false,,,false,false,false,false,false,-83.02141,42.388,"{
  ""coordinates"": [
    -8.302140756400000e+01,
    4.238800208800010e+01
  ],
  ""type"": ""Point""
}","{
  ""coordinates"": [
    -83.021407564,
    42.388002088
  ],
  ""type"": ""Point""
}",-83.021407564,42.3880020880001
7196,1138892,1ST,CONGRESS,2017-09-21,21,9,2017,17,5,98,9,,4,0,,1,1,1,25,4,2,2,5,0,0,0,0,true,,false,false,false,false,false,,,,,,false,false,false,,,false,false,false,false,false,-83.05141,42.32788,"{
  ""coordinates"": [
    -8.305140502499999e+01,
    4.232788242700010e+01
  ],
  ""type"": ""Point""
}","{
  ""coordinates"": [
    -83.051405025,
    42.327882427
  ],
  ""type"": ""Point""
}",-83.051405025,42.3278824270001
7197,1140319,WOODWARD,STATE FAIR,2017-09-21,21,9,2017,12,5,97,3,,1,0,,1,1,1,40,4,4,4,4,0,0,0,4,false,,false,false,false,false,false,,,,,,false,true,false,,,false,false,false,false,false,-83.12118,42.44062,"{
  ""coordinates"": [
    -8.312117746199991e+01,
    4.244062333000010e+01
  ],
  ""type"": ""Point""
}","{
  ""coordinates"": [
    -83.121177462,
    42.44062333
  ],
  ""type"": ""Point""
}",-83.1211774619999,42.4406233300001
7198,1138905,SAWYER,HEYDEN,2017-09-21,21,9,2017,18,5,1,9,,,0,,1,1,1,25,2,2,2,2,0,1,0,0,false,,false,false,false,false,false,,,,,,true,false,true,,,false,false,false,false,false,-83.23834,42.34678,"{
  ""coordinates"": [
    -8.323834368900000e+01,
    4.234677492200010e+01
  ],
  ""type"": ""Point""
}","{
  ""coordinates"": [
    -83.238343689,
    42.346774922
  ],
  ""type"": ""Point""
}",-83.238343689,42.3467749220001
7199,1140331,MCNICHOLS,MANOR,2017-09-21,21,9,2017,16,5,4,9,,2,0,,1,1,1,35,4,2,3,4,0,0,0,3,false,,false,false,false,false,false,,,,,,false,false,false,,,false,false,false,false,false,-83.16901,42.41669,"{
  ""coordinates"": [
    -8.316901163100000e+01,
    4.241669143300000e+01
  ],
  ""type"": ""Point""
}","{
  ""coordinates"": [
    -83.169011631,
    42.416691433
  ],
  ""type"": ""Point""
}",-83.169011631,42.416691433
7200,1138887,N I 75,CLARK,2017-09-21,21,9,2017,6,5,1,1,,1,0,,1,1,2,70,4,1,1,4,0,0,0,1,false,,false,false,false,false,false,,,,,,false,false,false,,,false,false,true,false,false,-83.09089,42.3135,"{
  ""coordinates"": [
    -8.309089231800000e+01,
    4.231349604500010e+01
  ],
  ""type"": ""Point""
}","{
  ""coordinates"": [
    -83.090892318,
    42.313496045
  ],
  ""type"": ""Point""
}",-83.090892318,42.3134960450001
7201,1144789,M-39,7 MILE,2017-09-21,21,9,2017,12,5,5,3,,1,0,,1,1,1,55,3,2,2,5,0,0,0,0,true,,false,false,false,false,false,,,,,,false,false,false,,,false,false,false,false,false,-83.21946,42.43147,"{
  ""coordinates"": [
    -8.321945861800000e+01,
    4.243147067200000e+01
  ],
  ""type"": ""Point""
}","{
  ""coordinates"": [
    -83.219458618,
    42.431470672
  ],
  ""type"": ""Point""
}",-83.219458618,42.431470672
7202,1138884,GRAND RIVER,BROOKLYN,2017-09-21,21,9,2017,7,5,4,3,,1,0,,1,1,1,35,2,2,7,5,0,0,0,0,true,,false,false,false,false,false,,,,,,false,false,false,,,false,false,false,false,false,-83.06875,42.3404,"{
  ""coordinates"": [
    -8.306874846400000e+01,
    4.234040533000010e+01
  ],
  ""type"": ""Point""
}","{
  ""coordinates"": [
    -83.068748464,
    42.34040533
  ],
  ""type"": ""Point""
}",-83.068748464,42.3404053300001
7203,1142010,WARREN,BRUSH,2017-09-21,21,9,2017,16,5,97,9,,4,0,,1,1,1,30,4,3,4,5,0,0,0,0,true,,false,false,false,false,false,,,,,,false,false,true,,,false,false,false,false,false,-83.05994,42.35883,"{
  ""coordinates"": [
    -8.305994676099991e+01,
    4.235883489200010e+01
  ],
  ""type"": ""Point""
}","{
  ""coordinates"": [
    -83.059946761,
    42.358834892
  ],
  ""type"": ""Point""
}",-83.0599467609999,42.3588348920001
7204,1138903,I-94,VAN DYKE,2017-09-21,21,9,2017,16,5,5,1,,1,0,,1,1,1,55,3,2,2,5,0,0,0,0,true,,false,false,false,false,false,,,,,,false,false,false,,,false,false,false,false,false,-83.01617,42.38769,"{
  ""coordinates"": [
    -8.301617322300000e+01,
    4.238769188600000e+01
  ],
  ""type"": ""Point""
}","{
  ""coordinates"": [
    -83.016173223,
    42.387691886
  ],
  ""type"": ""Point""
}",-83.016173223,42.387691886
7205,1140323,HUBBELL,MARGARETA,2017-09-21,21,9,2017,21,5,98,9,,4,3,,1,1,4,25,2,2,0,5,0,0,0,0,true,,false,false,true,false,false,,,,,,false,false,false,,,false,false,false,false,false,-83.1898,42.42644,"{
  ""coordinates"": [
    -8.318980738399991e+01,
    4.242643694900000e+01
  ],
  ""type"": ""Point""
}","{
  ""coordinates"": [
    -83.189807384,
    42.426436949
  ],
  ""type"": ""Point""
}",-83.1898073839999,42.426436949
7206,1149251,MOUNT ELLIOTT,HARPER,2017-09-21,21,9,2017,9,5,4,9,,4,0,,1,1,1,35,4,2,2,3,0,0,1,0,false,,false,false,false,false,false,,,,,,false,false,false,,,false,false,false,false,false,-83.03346,42.37899,"{
  ""coordinates"": [
    -8.303346283099999e+01,
    4.237898941500000e+01
  ],
  ""type"": ""Point""
}","{
  ""coordinates"": [
    -83.033462831,
    42.378989415
  ],
  ""type"": ""Point""
}",-83.033462831,42.378989415
7207,1140320,S M 10,7 MILE,2017-09-21,21,9,2017,9,5,4,3,,1,0,,1,1,1,30,5,2,2,5,0,0,0,0,true,,true,true,false,false,false,,,,,,false,true,false,,,false,false,false,false,false,-83.18716,42.43083,"{
  ""coordinates"": [
    -8.318715397900000e+01,
    4.243082797900010e+01
  ],
  ""type"": ""Point""
}","{
  ""coordinates"": [
    -83.187153979,
    42.430827979
  ],
  ""type"": ""Point""
}",-83.187153979,42.4308279790001
7208,1141257,7 MILE,OUTER,2017-09-21,21,9,2017,17,5,5,9,,4,0,,1,1,1,0,2,2,1,4,0,0,0,2,false,,false,false,true,false,false,,,,,,false,false,false,,,false,false,false,false,false,-83.01359,42.4342,"{
  ""coordinates"": [
    -8.301358565500000e+01,
    4.243420346700000e+01
  ],
  ""type"": ""Point""
}","{
  ""coordinates"": [
    -83.013585655,
    42.434203467
  ],
  ""type"": ""Point""
}",-83.013585655,42.434203467
7209,1138888,MT ELLIOTT,KERCHEVAL,2017-09-21,21,9,2017,18,5,5,9,,4,0,,1,1,1,35,4,2,4,5,0,0,0,0,true,,false,false,false,false,false,,,,,,false,false,false,,,false,false,false,false,false,-83.01581,42.35253,"{
  ""coordinates"": [
    -8.301581157200000e+01,
    4.235252781300010e+01
  ],
  ""type"": ""Point""
}","{
  ""coordinates"": [
    -83.015811572,
    42.352527813
  ],
  ""type"": ""Point""
}",-83.015811572,42.3525278130001
7210,1148415,I-75,SPRINGWELLS,2017-09-21,21,9,2017,19,5,5,1,,1,0,,1,1,1,55,1,3,4,5,0,0,0,0,true,,false,false,false,false,false,,,,,,false,false,true,,,false,false,false,false,false,-83.12596,42.29636,"{
  ""coordinates"": [
    -8.312596136600000e+01,
    4.229636010500010e+01
  ],
  ""type"": ""Point""
}","{
  ""coordinates"": [
    -83.125961366,
    42.296360105
  ],
  ""type"": ""Point""
}",-83.125961366,42.2963601050001
7211,1138912,PLYMOUTH,GLASTONBURY,2017-09-21,21,9,2017,17,5,5,9,,4,0,,1,1,1,35,4,2,2,5,0,0,0,0,true,,true,true,false,false,false,,,,,,false,false,true,,,false,false,false,false,false,-83.22411,42.37213,"{
  ""coordinates"": [
    -8.322410677399991e+01,
    4.237212771200010e+01
  ],
  ""type"": ""Point""
}","{
  ""coordinates"": [
    -83.224106774,
    42.372127712
  ],
  ""type"": ""Point""
}",-83.2241067739999,42.3721277120001
7212,1137963,7 MILE,BIRCHCREST,2017-09-21,21,9,2017,6,5,1,9,,2,0,,1,1,1,35,2,1,1,5,0,0,0,0,true,,false,false,false,false,false,,,,,,false,false,false,,,false,false,false,false,false,-83.13738,42.43168,"{
  ""coordinates"": [
    -8.313738331699990e+01,
    4.243168440500010e+01
  ],
  ""type"": ""Point""
}","{
  ""coordinates"": [
    -83.137383317,
    42.431684405
  ],
  ""type"": ""Point""
}",-83.1373833169999,42.4316844050001
7213,1138878,FLORIDA,KIRKWOOD,2017-09-21,21,9,2017,1,5,97,9,,,0,,1,1,4,25,2,3,2,5,0,0,0,0,true,,false,false,false,false,false,,,,,,false,false,false,,,false,false,false,false,false,-83.1431,42.34007,"{
  ""coordinates"": [
    -8.314310469599999e+01,
    4.234006375500010e+01
  ],
  ""type"": ""Point""
}","{
  ""coordinates"": [
    -83.143104696,
    42.340063755
  ],
  ""type"": ""Point""
}",-83.143104696,42.3400637550001
7214,1138901,JEFFERSON,BELLEVUE,2017-09-21,21,9,2017,14,5,1,9,,4,0,,1,1,1,35,1,2,1,5,0,0,0,0,true,,false,false,true,false,false,,,,,,false,false,false,,,false,false,false,true,false,-83.00622,42.34531,"{
  ""coordinates"": [
    -8.300621759200000e+01,
    4.234531359200000e+01
  ],
  ""type"": ""Point""
}","{
  ""coordinates"": [
    -83.006217592,
    42.345313592
  ],
  ""type"": ""Point""
}",-83.006217592,42.345313592
7215,1146322,OUTER,SCHOOLCRAFT,2017-09-21,21,9,2017,9,5,5,9,,2,0,,1,1,1,0,4,2,2,5,0,0,0,0,true,,false,false,false,false,false,,,,,,false,false,false,,,false,false,false,false,false,-83.25617,42.38513,"{
  ""coordinates"": [
    -8.325617275199990e+01,
    4.238512957300000e+01
  ],
  ""type"": ""Point""
}","{
  ""coordinates"": [
    -83.256172752,
    42.385129573
  ],
  ""type"": ""Point""
}",-83.2561727519999,42.385129573
7216,1284679,MARK TWAIN,PEMBROKE,2017-09-21,21,9,2017,16,5,8,9,,,0,,1,1,1,25,1,2,1,4,0,0,0,1,false,,false,false,false,false,false,,,,,,false,true,false,,,false,false,false,false,false,-83.1879,42.43751,"{
  ""coordinates"": [
    -8.318790709300001e+01,
    4.243750874000010e+01
  ],
  ""type"": ""Point""
}","{
  ""coordinates"": [
    -83.187907093,
    42.43750874
  ],
  ""type"": ""Point""
}",-83.187907093,42.4375087400001
7217,1137909,VERNOR,MICHIGAN,2017-09-21,21,9,2017,7,5,7,2,,4,0,,1,1,1,30,3,2,2,5,0,0,0,0,true,,false,false,false,false,false,,,,,,false,false,false,,,false,false,false,false,false,-83.07647,42.33135,"{
  ""coordinates"": [
    -8.307646980999991e+01,
    4.233135329100000e+01
  ],
  ""type"": ""Point""
}","{
  ""coordinates"": [
    -83.07646981,
    42.331353291
  ],
  ""type"": ""Point""
}",-83.0764698099999,42.331353291
7218,1140236,WOODWARD,MILWAUKEE,2017-09-21,21,9,2017,15,5,5,3,,1,0,,1,1,1,35,5,2,3,4,0,0,0,1,false,,false,false,false,false,false,,,,,,false,true,false,,,false,false,false,false,false,-83.07224,42.36863,"{
  ""coordinates"": [
    -8.307223391799990e+01,
    4.236862818700010e+01
  ],
  ""type"": ""Point""
}","{
  ""coordinates"": [
    -83.072233918,
    42.368628187
  ],
  ""type"": ""Point""
}",-83.0722339179999,42.3686281870001
7219,1146158,I-75,WILKINS,2017-09-21,21,9,2017,17,5,4,1,,1,0,,1,1,1,55,4,2,2,5,0,0,0,0,true,,false,false,false,false,false,,,,,,false,true,false,,,false,false,false,false,false,-83.04385,42.3439,"{
  ""coordinates"": [
    -8.304385099300001e+01,
    4.234390066600000e+01
  ],
  ""type"": ""Point""
}","{
  ""coordinates"": [
    -83.043850993,
    42.343900666
  ],
  ""type"": ""Point""
}",-83.043850993,42.343900666
7220,1146154,I-94,CADIEUX,2017-09-21,21,9,2017,15,5,5,1,,1,0,,1,1,1,55,3,2,2,5,0,0,0,0,true,,false,false,false,false,false,,,,,,false,false,false,,,false,false,false,false,false,-82.94071,42.41476,"{
  ""coordinates"": [
    -8.294070834699990e+01,
    4.241475948000000e+01
  ],
  ""type"": ""Point""
}","{
  ""coordinates"": [
    -82.940708347,
    42.41475948
  ],
  ""type"": ""Point""
}",-82.9407083469999,42.41475948
7221,1144774,N I 75,RAMP 031A,2017-09-20,20,9,2017,7,4,5,1,,1,0,,1,1,1,70,3,2,2,5,0,0,0,0,true,,false,false,false,false,false,,,,,,false,false,false,,,false,false,false,false,false,-83.12098,42.30053,"{
  ""coordinates"": [
    -8.312098014299990e+01,
    4.230053022200010e+01
  ],
  ""type"": ""Point""
}","{
  ""coordinates"": [
    -83.120980143,
    42.300530222
  ],
  ""type"": ""Point""
}",-83.1209801429999,42.3005302220001
7222,1137872,M-39,8 MILE,2017-09-20,20,9,2017,19,4,8,3,,1,0,,1,1,1,55,3,3,2,5,0,0,0,0,true,,false,false,true,false,false,,,,,,false,false,false,,,false,false,false,false,false,-83.2197,42.43692,"{
  ""coordinates"": [
    -8.321970660800000e+01,
    4.243692271900010e+01
  ],
  ""type"": ""Point""
}","{
  ""coordinates"": [
    -83.219706608,
    42.436922719
  ],
  ""type"": ""Point""
}",-83.219706608,42.4369227190001
7223,1144793,SOUTHFIELD,WARREN,2017-09-20,20,9,2017,14,4,1,3,,1,1,,1,1,1,55,3,1,1,5,0,0,0,0,true,,false,false,false,false,false,,,,,,false,false,true,,,false,false,false,false,false,-83.216,42.33976,"{
  ""coordinates"": [
    -8.321600540700000e+01,
    4.233976379400010e+01
  ],
  ""type"": ""Point""
}","{
  ""coordinates"": [
    -83.216005407,
    42.339763794
  ],
  ""type"": ""Point""
}",-83.216005407,42.3397637940001
7224,1142756,I-75 SER DR S/B,WOODWARD,2017-09-20,20,9,2017,22,4,8,3,,4,0,,1,1,4,30,3,2,2,5,0,0,0,0,true,,false,false,true,false,false,,,,,,false,false,false,,,false,false,false,false,false,-83.05306,42.34014,"{
  ""coordinates"": [
    -8.305305931500000e+01,
    4.234014245000000e+01
  ],
  ""type"": ""Point""
}","{
  ""coordinates"": [
    -83.053059315,
    42.34014245
  ],
  ""type"": ""Point""
}",-83.053059315,42.34014245
7225,1138886,JOHN R,WARREN,2017-09-20,20,9,2017,18,4,97,9,,4,0,,1,1,1,35,2,2,1,5,0,0,0,0,true,,false,false,false,false,false,,,,,,false,false,false,,,false,false,false,false,false,-83.062,42.35748,"{
  ""coordinates"": [
    -8.306199749300001e+01,
    4.235748349400010e+01
  ],
  ""type"": ""Point""
}","{
  ""coordinates"": [
    -83.061997493,
    42.357483494
  ],
  ""type"": ""Point""
}",-83.061997493,42.3574834940001
7226,1137957,KELLY,8MILE,2017-09-20,20,9,2017,15,4,8,3,,2,0,,1,1,1,35,2,2,4,5,0,0,0,0,true,,false,false,true,false,false,,,,,,false,false,false,,,false,false,false,false,false,-82.94149,42.45001,"{
  ""coordinates"": [
    -8.294148643499990e+01,
    4.245000744500000e+01
  ],
  ""type"": ""Point""
}","{
  ""coordinates"": [
    -82.941486435,
    42.450007445
  ],
  ""type"": ""Point""
}",-82.9414864349999,42.450007445
7227,1140132,M39,SCHOOLCRAFT,2017-09-20,20,9,2017,17,4,8,3,,1,0,,1,1,1,55,3,2,2,5,0,0,0,0,true,,false,false,false,false,false,,,,,,false,false,false,,,false,false,false,false,false,-83.21774,42.3868,"{
  ""coordinates"": [
    -8.321773420900000e+01,
    4.238680361200010e+01
  ],
  ""type"": ""Point""
}","{
  ""coordinates"": [
    -83.217734209,
    42.386803612
  ],
  ""type"": ""Point""
}",-83.217734209,42.3868036120001
7228,1137939,S M 39 SERVICE DRIVE,WARREN,2017-09-20,20,9,2017,8,4,4,9,,4,0,,1,2,1,35,2,2,2,5,0,0,0,0,true,,false,false,false,false,false,,,,,,false,false,true,,,false,false,false,false,false,-83.21653,42.34341,"{
  ""coordinates"": [
    -8.321653183699991e+01,
    4.234341033100000e+01
  ],
  ""type"": ""Point""
}","{
  ""coordinates"": [
    -83.216531837,
    42.343410331
  ],
  ""type"": ""Point""
}",-83.2165318369999,42.343410331
7229,1137952,FENKELL,PREVOST,2017-09-20,20,9,2017,10,4,5,9,,2,0,,1,2,1,35,4,2,2,4,0,0,0,1,false,,false,false,false,false,false,,,,,,false,true,false,,,false,false,false,false,false,-83.20307,42.40141,"{
  ""coordinates"": [
    -8.320306990800000e+01,
    4.240141289300000e+01
  ],
  ""type"": ""Point""
}","{
  ""coordinates"": [
    -83.203069908,
    42.401412893
  ],
  ""type"": ""Point""
}",-83.203069908,42.401412893
7230,1146177,M-39,OUTER,2017-09-20,20,9,2017,10,4,8,3,,1,0,,1,1,1,55,3,2,1,4,0,0,0,1,false,,false,false,true,false,false,,,,,,false,false,false,,,false,false,false,false,false,-83.21887,42.42053,"{
  ""coordinates"": [
    -8.321886985000000e+01,
    4.242053268700000e+01
  ],
  ""type"": ""Point""
}","{
  ""coordinates"": [
    -83.21886985,
    42.420532687
  ],
  ""type"": ""Point""
}",-83.21886985,42.420532687
7231,1137930,MCGRAW,WYOMING,2017-09-20,20,9,2017,10,4,5,3,,1,0,,1,1,1,30,4,2,3,5,0,0,0,0,true,,false,false,false,false,false,,,,,,false,false,false,,,false,false,false,false,false,-83.15662,42.32994,"{
  ""coordinates"": [
    -8.315661707500000e+01,
    4.232993607700010e+01
  ],
  ""type"": ""Point""
}","{
  ""coordinates"": [
    -83.156617075,
    42.329936077
  ],
  ""type"": ""Point""
}",-83.156617075,42.3299360770001
7232,1146180,I-96,OUTER,2017-09-20,20,9,2017,9,4,1,1,,1,1,,1,3,2,70,4,1,1,5,0,0,0,0,true,,false,false,false,false,false,,,,,,false,true,false,,,false,false,false,false,false,-83.25806,42.38546,"{
  ""coordinates"": [
    -8.325805819100000e+01,
    4.238546026800000e+01
  ],
  ""type"": ""Point""
}","{
  ""coordinates"": [
    -83.258058191,
    42.385460268
  ],
  ""type"": ""Point""
}",-83.258058191,42.385460268
7233,1142033,N M 39 SERVICE DRIVE,TIREMAN,2017-09-20,20,9,2017,18,4,97,9,,4,0,,1,1,1,35,2,3,3,5,0,0,0,0,true,,true,true,false,false,false,,,,,,false,false,false,,,false,false,false,false,false,-83.21593,42.35063,"{
  ""coordinates"": [
    -8.321593591899990e+01,
    4.235062929700010e+01
  ],
  ""type"": ""Point""
}","{
  ""coordinates"": [
    -83.215935919,
    42.350629297
  ],
  ""type"": ""Point""
}",-83.2159359189999,42.3506292970001
7234,1137950,MCNICHOLS,WARWICK,2017-09-20,20,9,2017,18,4,8,9,,2,0,,1,1,1,35,4,2,3,3,0,0,1,0,false,,false,false,false,false,false,,,,,,false,false,false,,,false,false,false,false,false,-83.22921,42.41535,"{
  ""coordinates"": [
    -8.322921009600000e+01,
    4.241535333800000e+01
  ],
  ""type"": ""Point""
}","{
  ""coordinates"": [
    -83.229210096,
    42.415353338
  ],
  ""type"": ""Point""
}",-83.229210096,42.415353338
7235,1152094,TIREMAN,CHASE,2017-09-20,20,9,2017,17,4,4,9,,2,0,,1,1,1,30,2,2,4,5,0,0,0,0,true,,false,false,false,false,false,,,,,,false,true,false,,,false,false,false,false,false,-83.18687,42.35109,"{
  ""coordinates"": [
    -8.318686704100000e+01,
    4.235108708900000e+01
  ],
  ""type"": ""Point""
}","{
  ""coordinates"": [
    -83.186867041,
    42.351087089
  ],
  ""type"": ""Point""
}",-83.186867041,42.351087089
7236,1137907,FORT,10 TH,2017-09-20,20,9,2017,9,4,4,3,,1,0,,1,1,1,30,7,2,2,4,0,0,0,2,false,,false,false,false,false,false,,,,,,false,false,false,,,false,false,false,false,false,-83.06302,42.32399,"{
  ""coordinates"": [
    -8.306301864700001e+01,
    4.232399403900010e+01
  ],
  ""type"": ""Point""
}","{
  ""coordinates"": [
    -83.063018647,
    42.323994039
  ],
  ""type"": ""Point""
}",-83.063018647,42.3239940390001
7237,1177603,WB I-94,M-39,2017-09-20,20,9,2017,15,4,5,1,,1,0,,1,1,1,70,3,2,3,4,0,0,0,1,false,,false,false,false,false,false,,,,,,false,false,true,,,false,false,false,false,false,-83.21507,42.37883,"{
  ""coordinates"": [
    -8.321506906199990e+01,
    4.237882615800000e+01
  ],
  ""type"": ""Point""
}","{
  ""coordinates"": [
    -83.215069062,
    42.378826158
  ],
  ""type"": ""Point""
}",-83.2150690619999,42.378826158
7238,1140136,E I 96,GRAND RIVER,2017-09-20,20,9,2017,18,4,1,1,,1,0,,1,1,1,70,3,1,3,4,0,0,0,3,false,,false,false,false,false,false,,,,,,false,false,false,,,false,false,false,false,false,-83.17586,42.3837,"{
  ""coordinates"": [
    -8.317585711200000e+01,
    4.238369586500000e+01
  ],
  ""type"": ""Point""
}","{
  ""coordinates"": [
    -83.175857112,
    42.383695865
  ],
  ""type"": ""Point""
}",-83.175857112,42.383695865
7239,1142786,OUTER,HAYES,2017-09-20,20,9,2017,4,4,1,9,,2,1,,1,3,4,35,6,1,1,2,0,1,0,0,false,,false,false,false,false,false,,,,,,false,false,false,,,false,false,false,false,false,-82.96503,42.41462,"{
  ""coordinates"": [
    -8.296503016799990e+01,
    4.241462238300010e+01
  ],
  ""type"": ""Point""
}","{
  ""coordinates"": [
    -82.965030168,
    42.414622383
  ],
  ""type"": ""Point""
}",-82.9650301679999,42.4146223830001
7240,1141265,SECOND,PALMER,2017-09-20,20,9,2017,9,4,5,9,,4,0,,1,1,1,30,2,2,1,5,0,0,0,0,true,,false,false,true,false,false,,,,,,false,false,false,,,false,false,false,false,false,-83.07226,42.36101,"{
  ""coordinates"": [
    -8.307226143500000e+01,
    4.236101120400010e+01
  ],
  ""type"": ""Point""
}","{
  ""coordinates"": [
    -83.072261435,
    42.361011204
  ],
  ""type"": ""Point""
}",-83.072261435,42.3610112040001
7241,1144778,I-75,WARREN,2017-09-20,20,9,2017,16,4,5,1,,1,0,,1,1,1,55,3,4,4,5,0,0,0,0,true,,false,false,false,false,false,,,,,,false,false,false,,,false,false,false,false,false,-83.05447,42.3612,"{
  ""coordinates"": [
    -8.305446624099990e+01,
    4.236119749500010e+01
  ],
  ""type"": ""Point""
}","{
  ""coordinates"": [
    -83.054466241,
    42.361197495
  ],
  ""type"": ""Point""
}",-83.0544662409999,42.3611974950001