ObjectId,Crash ID,Primary Road,Intersecting Road,Crash Date,Day,Month,Year,Hour,Weekday,Crash Type Code,Highway Classification Code,Community Code,Jurisdiction Code,Lane Departure Type Code,Surface Type,Road Condition,Weather Condition,Lighting Condition,Speed Limit,Lanes,Units,Occupants,Most Severe Injury,Fatal Injuries,Suspected Serious Injuries,Suspected Minor Injuries,Possible Injuries,Property Damage Only,Secondary Crash,Traffic Control,Red Light Run,Hit and Run,Alcohol,Drugs,Unbelted Person,Work Zone,Speeding Driver,Distracted Driver,Driveway,Pedestrian,Elderly Driver,Young Driver,Commercial Vehicle,Emergency Vehicles,Train,School Bus,Motorcycle,Bicycle,Deer,Longitude,Latitude,geom,geog,x,y
7242,1144777,I-94,ADDISON,2017-09-20,20,9,2017,8,4,5,1,,1,0,,1,1,1,55,3,2,2,5,0,0,0,0,true,,false,false,false,false,false,,,,,,false,false,false,,,false,false,false,false,false,-83.15023,42.33021,"{
  ""coordinates"": [
    -8.315023064300000e+01,
    4.233020886300010e+01
  ],
  ""type"": ""Point""
}","{
  ""coordinates"": [
    -83.150230643,
    42.330208863
  ],
  ""type"": ""Point""
}",-83.150230643,42.3302088630001
7243,1138907,WARREN,WINTHROP,2017-09-20,20,9,2017,17,4,8,9,,2,0,,1,1,1,35,4,2,2,5,0,0,0,0,true,,false,false,false,false,false,,,,,,false,false,false,,,false,false,false,false,false,-83.19775,42.34365,"{
  ""coordinates"": [
    -8.319774363499990e+01,
    4.234365247100000e+01
  ],
  ""type"": ""Point""
}","{
  ""coordinates"": [
    -83.197743635,
    42.343652471
  ],
  ""type"": ""Point""
}",-83.1977436349999,42.343652471
7244,1137089,DAVISON CROSSOVER,I 96,2017-09-20,20,9,2017,7,4,8,3,,1,0,,2,3,1,35,4,2,5,5,0,0,0,0,true,,false,false,false,false,false,,,,,,false,false,false,,,false,false,false,false,false,-83.11314,42.39635,"{
  ""coordinates"": [
    -8.311314099200000e+01,
    4.239635153500010e+01
  ],
  ""type"": ""Point""
}","{
  ""coordinates"": [
    -83.113140992,
    42.396351535
  ],
  ""type"": ""Point""
}",-83.113140992,42.3963515350001
7245,1138911,MIDLAND,OUTER,2017-09-20,20,9,2017,22,4,5,9,,,0,,1,1,5,35,2,2,0,5,0,0,0,0,true,,false,false,true,false,false,,,,,,false,false,false,,,false,false,true,false,false,-83.23272,42.40441,"{
  ""coordinates"": [
    -8.323271858699999e+01,
    4.240440605600000e+01
  ],
  ""type"": ""Point""
}","{
  ""coordinates"": [
    -83.232718587,
    42.404406056
  ],
  ""type"": ""Point""
}",-83.232718587,42.404406056
7246,1140280,CHALMERS,E I 94,2017-09-20,20,9,2017,11,4,4,1,,4,0,,1,1,1,30,7,2,4,5,0,0,0,0,true,,true,true,false,false,false,,,,,,false,false,true,,,false,false,false,false,false,-82.96425,42.40376,"{
  ""coordinates"": [
    -8.296424906899991e+01,
    4.240376341700010e+01
  ],
  ""type"": ""Point""
}","{
  ""coordinates"": [
    -82.964249069,
    42.403763417
  ],
  ""type"": ""Point""
}",-82.9642490689999,42.4037634170001
7247,1137933,MARLBOROUGH,SOUTHAMPTON,2017-09-20,20,9,2017,11,4,4,9,,,0,,1,1,1,0,1,2,0,5,0,0,0,0,true,,false,false,true,false,false,,,,,,false,false,false,,,false,false,false,false,false,-82.95972,42.39923,"{
  ""coordinates"": [
    -8.295972600800000e+01,
    4.239922963000000e+01
  ],
  ""type"": ""Point""
}","{
  ""coordinates"": [
    -82.959726008,
    42.39922963
  ],
  ""type"": ""Point""
}",-82.959726008,42.39922963
7248,1137911,BRUSH,PIQUETTE,2017-09-20,20,9,2017,14,4,1,9,,4,1,,1,1,1,25,2,1,1,5,0,0,0,0,true,,false,false,false,false,false,,,,,,false,false,false,,,false,false,false,false,false,-83.06635,42.36849,"{
  ""coordinates"": [
    -8.306634522500001e+01,
    4.236849226300010e+01
  ],
  ""type"": ""Point""
}","{
  ""coordinates"": [
    -83.066345225,
    42.368492263
  ],
  ""type"": ""Point""
}",-83.066345225,42.3684922630001
7249,1140261,GRAND,JEFFERSON,2017-09-20,20,9,2017,15,4,5,3,,1,0,,1,1,1,30,3,2,1,5,0,0,0,0,true,,false,false,true,false,false,,,,,,false,false,false,,,false,false,false,false,false,-83.06673,42.33958,"{
  ""coordinates"": [
    -8.306673453699990e+01,
    4.233958071500010e+01
  ],
  ""type"": ""Point""
}","{
  ""coordinates"": [
    -83.066734537,
    42.339580715
  ],
  ""type"": ""Point""
}",-83.0667345369999,42.3395807150001
7250,1137953,EVERGREEN,CLARITA,2017-09-20,20,9,2017,15,4,4,9,,4,0,,1,1,1,30,4,2,4,5,0,0,0,0,true,,false,false,false,false,false,,,,,,false,false,true,,,false,false,false,false,false,-83.23872,42.42696,"{
  ""coordinates"": [
    -8.323872609599989e+01,
    4.242695595300010e+01
  ],
  ""type"": ""Point""
}","{
  ""coordinates"": [
    -83.238726096,
    42.426955953
  ],
  ""type"": ""Point""
}",-83.2387260959999,42.4269559530001
7251,1144775,RAMP 217F,E I 94,2017-09-20,20,9,2017,7,4,5,1,,1,0,,1,1,1,55,1,3,5,5,0,0,0,0,true,,false,false,false,false,false,,,,,,false,true,true,,,false,false,false,false,false,-83.03226,42.38047,"{
  ""coordinates"": [
    -8.303226398699999e+01,
    4.238047140200010e+01
  ],
  ""type"": ""Point""
}","{
  ""coordinates"": [
    -83.032263987,
    42.380471402
  ],
  ""type"": ""Point""
}",-83.032263987,42.3804714020001
7252,1141266,S I 75 SERVICE DRIVE,MACK,2017-09-20,20,9,2017,9,4,4,1,,4,0,,1,1,1,25,3,2,2,5,0,0,0,0,true,,true,true,false,false,false,,,,,,false,false,false,,,false,false,false,false,false,-83.04859,42.35113,"{
  ""coordinates"": [
    -8.304859316300001e+01,
    4.235112704900010e+01
  ],
  ""type"": ""Point""
}","{
  ""coordinates"": [
    -83.048593163,
    42.351127049
  ],
  ""type"": ""Point""
}",-83.048593163,42.3511270490001
7253,1144759,I-94,LIVERNOIS,2017-09-20,20,9,2017,18,4,5,1,,1,0,,1,1,1,55,3,2,1,5,0,0,0,0,true,,false,false,true,false,false,,,,,,false,false,true,,,false,false,false,false,false,-83.11695,42.34148,"{
  ""coordinates"": [
    -8.311695474899990e+01,
    4.234147988700000e+01
  ],
  ""type"": ""Point""
}","{
  ""coordinates"": [
    -83.116954749,
    42.341479887
  ],
  ""type"": ""Point""
}",-83.1169547489999,42.341479887
7254,1138869,WOODWARD,FORT,2017-09-20,20,9,2017,18,4,8,9,,4,0,,1,1,1,35,3,2,3,5,0,0,0,0,true,,false,false,false,false,false,,,,,,false,true,false,,,false,false,false,false,false,-83.04698,42.3312,"{
  ""coordinates"": [
    -8.304697812300000e+01,
    4.233119516400010e+01
  ],
  ""type"": ""Point""
}","{
  ""coordinates"": [
    -83.046978123,
    42.331195164
  ],
  ""type"": ""Point""
}",-83.046978123,42.3311951640001
7255,1146178,M-10,ROSA,2017-09-20,20,9,2017,16,4,8,3,,1,0,,1,1,1,55,3,2,2,4,0,0,0,1,false,,false,false,true,false,false,,,,,,false,false,true,,,false,false,false,false,false,-83.11889,42.40362,"{
  ""coordinates"": [
    -8.311888723899990e+01,
    4.240361735000000e+01
  ],
  ""type"": ""Point""
}","{
  ""coordinates"": [
    -83.118887239,
    42.40361735
  ],
  ""type"": ""Point""
}",-83.1188872389999,42.40361735
7256,1142069,RAMP 029B,N I 75,2017-09-20,20,9,2017,18,4,7,1,,1,0,,1,1,1,70,2,2,2,5,0,0,0,0,true,,false,false,false,false,false,,,,,,false,false,false,,,false,false,false,false,false,-83.15709,42.27669,"{
  ""coordinates"": [
    -8.315708981800000e+01,
    4.227668938100000e+01
  ],
  ""type"": ""Point""
}","{
  ""coordinates"": [
    -83.157089818,
    42.276689381
  ],
  ""type"": ""Point""
}",-83.157089818,42.276689381
7257,1137944,E I 94,RAMP 216A,2017-09-20,20,9,2017,12,4,5,1,,1,0,,1,1,1,70,4,2,2,5,0,0,0,0,true,,false,false,true,false,false,,,,,,false,false,false,,,false,false,false,false,false,-83.06264,42.36634,"{
  ""coordinates"": [
    -8.306264470500000e+01,
    4.236634551400000e+01
  ],
  ""type"": ""Point""
}","{
  ""coordinates"": [
    -83.062644705,
    42.366345514
  ],
  ""type"": ""Point""
}",-83.062644705,42.366345514
7258,1137889,I-94,I-96,2017-09-20,20,9,2017,18,4,5,1,,1,0,,1,1,1,55,3,2,1,5,0,0,0,0,true,,false,false,true,false,false,,,,,,false,false,false,,,false,false,false,false,false,-83.09873,42.35036,"{
  ""coordinates"": [
    -8.309873388999991e+01,
    4.235035556500000e+01
  ],
  ""type"": ""Point""
}","{
  ""coordinates"": [
    -83.09873389,
    42.350355565
  ],
  ""type"": ""Point""
}",-83.0987338899999,42.350355565
7259,1137906,JEFFERSON,COPLAND,2017-09-20,20,9,2017,11,4,1,9,,4,0,,1,1,1,55,2,1,1,3,0,0,1,0,false,,false,false,false,false,false,,,,,,false,false,false,,,false,false,false,false,false,-83.1195,42.28965,"{
  ""coordinates"": [
    -8.311950250000000e+01,
    4.228964950400010e+01
  ],
  ""type"": ""Point""
}","{
  ""coordinates"": [
    -83.1195025,
    42.289649504
  ],
  ""type"": ""Point""
}",-83.1195025,42.2896495040001
7260,1137964,LANTZ,DANBURY,2017-09-20,20,9,2017,0,4,8,9,,,0,,2,2,5,25,2,2,1,5,0,0,0,0,true,,false,false,true,false,false,,,,,,false,false,true,,,false,false,false,false,false,-83.10451,42.43698,"{
  ""coordinates"": [
    -8.310450890700000e+01,
    4.243698167200010e+01
  ],
  ""type"": ""Point""
}","{
  ""coordinates"": [
    -83.104508907,
    42.436981672
  ],
  ""type"": ""Point""
}",-83.104508907,42.4369816720001
7261,1137905,JAMES COUZENS,MENDOTA,2017-09-20,20,9,2017,16,4,1,9,,4,0,,1,1,1,35,2,2,3,2,0,1,0,0,false,,false,false,false,false,false,,,,,,false,false,false,,,false,false,false,true,false,-83.16584,42.41071,"{
  ""coordinates"": [
    -8.316584351300000e+01,
    4.241071082600010e+01
  ],
  ""type"": ""Point""
}","{
  ""coordinates"": [
    -83.165843513,
    42.410710826
  ],
  ""type"": ""Point""
}",-83.165843513,42.4107108260001
7262,1137927,DEARBORN,I-75,2017-09-20,20,9,2017,8,4,4,1,,1,0,,1,1,1,30,2,2,2,4,0,0,0,1,false,,false,false,false,false,false,,,,,,false,false,true,,,false,false,false,false,false,-83.12685,42.29335,"{
  ""coordinates"": [
    -8.312685675700000e+01,
    4.229335044600000e+01
  ],
  ""type"": ""Point""
}","{
  ""coordinates"": [
    -83.126856757,
    42.293350446
  ],
  ""type"": ""Point""
}",-83.126856757,42.293350446
7263,1140193,W/B I-94,LIVERNOIS,2017-09-20,20,9,2017,3,4,1,1,,1,1,,1,1,4,55,3,1,1,4,0,0,0,1,false,,false,false,false,false,false,,,,,,false,false,false,,,false,false,false,false,false,-83.12476,42.33752,"{
  ""coordinates"": [
    -8.312476340900000e+01,
    4.233751878900010e+01
  ],
  ""type"": ""Point""
}","{
  ""coordinates"": [
    -83.124763409,
    42.337518789
  ],
  ""type"": ""Point""
}",-83.124763409,42.3375187890001
7264,1144767,SOUTHFIELD,FORD,2017-09-20,20,9,2017,17,4,5,3,,1,0,,1,1,1,55,3,2,2,5,0,0,0,0,true,,false,false,false,false,false,,,,,,false,false,true,,,false,false,false,false,false,-83.21595,42.33634,"{
  ""coordinates"": [
    -8.321594685600000e+01,
    4.233633685700000e+01
  ],
  ""type"": ""Point""
}","{
  ""coordinates"": [
    -83.215946856,
    42.336336857
  ],
  ""type"": ""Point""
}",-83.215946856,42.336336857
7265,1146302,7 MILE,JAMES COUZENS,2017-09-20,20,9,2017,17,4,4,9,,2,0,,3,1,1,45,2,2,2,4,0,0,0,1,false,,false,false,true,false,false,,,,,,false,false,false,,,false,false,false,false,false,-83.18667,42.43085,"{
  ""coordinates"": [
    -8.318667032400000e+01,
    4.243085106000010e+01
  ],
  ""type"": ""Point""
}","{
  ""coordinates"": [
    -83.186670324,
    42.43085106
  ],
  ""type"": ""Point""
}",-83.186670324,42.4308510600001
7266,1180617,S M 10,RAMP 109A,2017-09-20,20,9,2017,11,4,1,3,,1,1,,1,1,1,55,1,1,1,5,0,0,0,0,true,,false,false,false,false,false,,,,,,false,false,false,,,false,false,false,false,false,-83.11283,42.39965,"{
  ""coordinates"": [
    -8.311283306599999e+01,
    4.239965078900010e+01
  ],
  ""type"": ""Point""
}","{
  ""coordinates"": [
    -83.112833066,
    42.399650789
  ],
  ""type"": ""Point""
}",-83.112833066,42.3996507890001
7267,1140301,DAVISON,W DAVISON/E DAVISON,2017-09-20,20,9,2017,19,4,1,3,,1,1,,1,1,1,30,3,1,1,5,0,0,0,0,true,,false,false,false,false,false,,,,,,false,false,false,,,false,false,true,false,false,-83.11222,42.39671,"{
  ""coordinates"": [
    -8.311222446600000e+01,
    4.239670654300010e+01
  ],
  ""type"": ""Point""
}","{
  ""coordinates"": [
    -83.112224466,
    42.396706543
  ],
  ""type"": ""Point""
}",-83.112224466,42.3967065430001
7268,1137966,BIRWOOD,7 MILE,2017-09-20,20,9,2017,14,4,4,9,,,0,,1,1,1,25,1,2,2,5,0,0,0,0,true,,false,false,false,false,false,,,,,,false,false,true,,,false,false,false,false,false,-83.16529,42.43132,"{
  ""coordinates"": [
    -8.316529029799990e+01,
    4.243131448800010e+01
  ],
  ""type"": ""Point""
}","{
  ""coordinates"": [
    -83.165290298,
    42.431314488
  ],
  ""type"": ""Point""
}",-83.1652902979999,42.4313144880001
7269,1156187,TEMPLE,BROOKYN,2017-09-20,20,9,2017,20,4,5,9,,4,0,,1,1,4,25,2,2,5,5,0,0,0,0,true,,false,false,false,false,false,,,,,,false,false,true,,,false,false,false,false,false,-83.0679,42.33878,"{
  ""coordinates"": [
    -8.306790278999991e+01,
    4.233877814200010e+01
  ],
  ""type"": ""Point""
}","{
  ""coordinates"": [
    -83.06790279,
    42.338778142
  ],
  ""type"": ""Point""
}",-83.0679027899999,42.3387781420001
7270,1137937,I 94,VAN DYKE,2017-09-20,20,9,2017,17,4,5,1,,1,0,,1,1,1,60,3,2,2,5,0,0,0,0,true,,false,false,false,false,false,,,,,,false,false,true,,,false,false,false,false,false,-83.01974,42.38628,"{
  ""coordinates"": [
    -8.301974223500000e+01,
    4.238627698200000e+01
  ],
  ""type"": ""Point""
}","{
  ""coordinates"": [
    -83.019742235,
    42.386276982
  ],
  ""type"": ""Point""
}",-83.019742235,42.386276982
7271,1137925,AVIS,LAWNDALE,2017-09-20,20,9,2017,4,4,8,9,,,0,,2,1,4,25,1,2,0,5,0,0,0,0,true,,false,false,true,false,false,,,,,,false,false,false,,,false,false,false,false,false,-83.13058,42.30458,"{
  ""coordinates"": [
    -8.313058832199989e+01,
    4.230457958800010e+01
  ],
  ""type"": ""Point""
}","{
  ""coordinates"": [
    -83.130588322,
    42.304579588
  ],
  ""type"": ""Point""
}",-83.1305883219999,42.3045795880001
7272,1138904,CONNER,FRANKFORT,2017-09-20,20,9,2017,15,4,4,9,,4,0,,1,1,1,25,7,2,2,4,0,0,0,1,false,,false,false,false,false,false,,,,,,false,false,false,,,false,false,false,false,false,-82.97878,42.39022,"{
  ""coordinates"": [
    -8.297877208499990e+01,
    4.239022125400000e+01
  ],
  ""type"": ""Point""
}","{
  ""coordinates"": [
    -82.978772085,
    42.390221254
  ],
  ""type"": ""Point""
}",-82.9787720849999,42.390221254
7273,1140325,CURTIS,MENDOTA,2017-09-20,20,9,2017,19,4,8,9,,4,0,,1,1,1,35,5,2,5,4,0,0,0,2,false,,false,false,false,false,false,,,,,,false,false,false,,,false,false,false,false,false,-83.1656,42.42409,"{
  ""coordinates"": [
    -8.316560377899999e+01,
    4.242409228200010e+01
  ],
  ""type"": ""Point""
}","{
  ""coordinates"": [
    -83.165603779,
    42.424092282
  ],
  ""type"": ""Point""
}",-83.165603779,42.4240922820001
7274,1137962,8 MILE,YACAMA,2017-09-20,20,9,2017,13,4,4,3,,1,0,,1,1,1,40,5,2,2,5,0,0,0,0,true,,false,false,true,false,false,,,,,,false,false,false,,,false,false,false,false,false,-83.09747,42.44656,"{
  ""coordinates"": [
    -8.309746548100000e+01,
    4.244656378100010e+01
  ],
  ""type"": ""Point""
}","{
  ""coordinates"": [
    -83.097465481,
    42.446563781
  ],
  ""type"": ""Point""
}",-83.097465481,42.4465637810001
7275,1146304,WOODWARD,ARDEN PARK,2017-09-20,20,9,2017,14,4,4,3,,1,0,,1,1,1,0,6,2,3,5,0,0,0,0,true,,false,false,true,false,false,,,,,,false,true,false,,,false,false,false,false,false,-83.08412,42.38637,"{
  ""coordinates"": [
    -8.308412458799999e+01,
    4.238637231100010e+01
  ],
  ""type"": ""Point""
}","{
  ""coordinates"": [
    -83.084124588,
    42.386372311
  ],
  ""type"": ""Point""
}",-83.084124588,42.3863723110001
7276,1147131,SOUTHFIELD SERVICE DRIVE,CSX TRANSPORTATION,2017-09-20,20,9,2017,9,4,5,9,,4,0,,1,1,1,70,3,2,2,4,0,0,0,1,false,,false,false,false,false,false,,,,,,false,false,false,,,false,false,false,false,false,-83.21687,42.3795,"{
  ""coordinates"": [
    -8.321687047200000e+01,
    4.237950258000010e+01
  ],
  ""type"": ""Point""
}","{
  ""coordinates"": [
    -83.216870472,
    42.37950258
  ],
  ""type"": ""Point""
}",-83.216870472,42.3795025800001
7277,1137956,OUTER,GRATIOT,2017-09-20,20,9,2017,16,4,8,3,,4,0,,1,1,1,25,3,2,3,5,0,0,0,0,true,,false,false,false,false,false,,,,,,false,false,false,,,false,false,false,false,false,-82.99735,42.4048,"{
  ""coordinates"": [
    -8.299735302399991e+01,
    4.240480358800000e+01
  ],
  ""type"": ""Point""
}","{
  ""coordinates"": [
    -82.997353024,
    42.404803588
  ],
  ""type"": ""Point""
}",-82.9973530239999,42.404803588
7278,1141290,WARREN,BRUSH,2017-09-20,20,9,2017,2,4,1,9,,4,1,,1,1,4,30,8,1,1,5,0,0,0,0,true,,false,false,true,false,false,,,,,,false,false,false,,,false,false,false,false,false,-83.05953,42.35882,"{
  ""coordinates"": [
    -8.305953180800000e+01,
    4.235882067400010e+01
  ],
  ""type"": ""Point""
}","{
  ""coordinates"": [
    -83.059531808,
    42.358820674
  ],
  ""type"": ""Point""
}",-83.059531808,42.3588206740001
7279,1144772,M-39,PLYMOUTH,2017-09-20,20,9,2017,6,4,5,3,,1,0,,1,3,2,55,3,3,3,5,0,0,0,0,true,,false,false,false,false,false,,,,,,false,false,false,,,false,false,false,false,false,-83.21674,42.37588,"{
  ""coordinates"": [
    -8.321673441800000e+01,
    4.237588130100000e+01
  ],
  ""type"": ""Point""
}","{
  ""coordinates"": [
    -83.216734418,
    42.375881301
  ],
  ""type"": ""Point""
}",-83.216734418,42.375881301
7280,1137955,CELESTINE,GLENWOOD,2017-09-20,20,9,2017,21,4,4,9,,,0,,1,1,4,25,2,2,3,4,0,0,0,1,false,,false,false,true,false,false,,,,,,false,false,false,,,false,false,false,false,false,-82.97259,42.43062,"{
  ""coordinates"": [
    -8.297259069200000e+01,
    4.243061827800010e+01
  ],
  ""type"": ""Point""
}","{
  ""coordinates"": [
    -82.972590692,
    42.430618278
  ],
  ""type"": ""Point""
}",-82.972590692,42.4306182780001
7281,1138858,JEFFERSON,CONNER,2017-09-20,20,9,2017,20,4,1,9,,4,1,,1,1,5,35,3,1,1,5,0,0,0,0,true,,false,false,false,false,false,,,,,,false,false,false,,,false,false,false,false,false,-82.95898,42.37,"{
  ""coordinates"": [
    -8.295897827100001e+01,
    4.236999931600010e+01
  ],
  ""type"": ""Point""
}","{
  ""coordinates"": [
    -82.958978271,
    42.369999316
  ],
  ""type"": ""Point""
}",-82.958978271,42.3699993160001
7282,1137070,GRAND RIVER,VAUGHAN,2017-09-20,20,9,2017,7,4,4,3,,1,0,,1,3,1,35,4,2,1,5,0,0,0,0,true,,false,false,true,false,false,,,,,,false,false,false,,,false,false,true,false,false,-83.23849,42.40883,"{
  ""coordinates"": [
    -8.323848452000000e+01,
    4.240882811800000e+01
  ],
  ""type"": ""Point""
}","{
  ""coordinates"": [
    -83.23848452,
    42.408828118
  ],
  ""type"": ""Point""
}",-83.23848452,42.408828118
7283,1137054,WABASH,POPLAR,2017-09-20,20,9,2017,7,4,98,9,,,0,,1,1,1,25,3,2,2,5,0,0,0,0,true,,false,false,false,false,false,,,,,,false,false,true,,,false,false,false,false,false,-83.08223,42.34411,"{
  ""coordinates"": [
    -8.308223133500000e+01,
    4.234410861000000e+01
  ],
  ""type"": ""Point""
}","{
  ""coordinates"": [
    -83.082231335,
    42.34410861
  ],
  ""type"": ""Point""
}",-83.082231335,42.34410861
7284,1137913,LAFAYETTE,GRISWOLD,2017-09-20,20,9,2017,2,4,9,9,,4,2,,1,1,4,35,4,2,0,5,0,0,0,0,true,,false,false,true,false,false,,,,,,false,false,false,,,false,false,false,false,false,-83.04832,42.33154,"{
  ""coordinates"": [
    -8.304831339700000e+01,
    4.233154241700000e+01
  ],
  ""type"": ""Point""
}","{
  ""coordinates"": [
    -83.048313397,
    42.331542417
  ],
  ""type"": ""Point""
}",-83.048313397,42.331542417
7285,1138916,GREENFIELD,MARGARETA,2017-09-20,20,9,2017,21,4,4,9,,2,0,,1,1,4,35,4,2,2,4,0,0,0,2,false,,false,false,false,false,false,,,,,,false,false,true,,,false,false,false,false,false,-83.19972,42.42678,"{
  ""coordinates"": [
    -8.319972575400000e+01,
    4.242678044800000e+01
  ],
  ""type"": ""Point""
}","{
  ""coordinates"": [
    -83.199725754,
    42.426780448
  ],
  ""type"": ""Point""
}",-83.199725754,42.426780448
7286,1144782,I-75,GRAND,2017-09-20,20,9,2017,17,4,5,1,,1,0,,1,1,1,55,4,2,1,5,0,0,0,0,true,,false,false,true,false,false,,,,,,false,false,false,,,false,false,false,false,false,-83.06075,42.37517,"{
  ""coordinates"": [
    -8.306074692599999e+01,
    4.237516977800000e+01
  ],
  ""type"": ""Point""
}","{
  ""coordinates"": [
    -83.060746926,
    42.375169778
  ],
  ""type"": ""Point""
}",-83.060746926,42.375169778
7287,1137958,WARREN,LIVERNOIS,2017-09-20,20,9,2017,12,4,97,9,,4,0,,1,2,1,35,7,2,1,4,0,0,0,1,false,,false,false,false,false,false,,,,,,true,true,false,,,false,false,false,false,false,-83.13032,42.34464,"{
  ""coordinates"": [
    -8.313031853099990e+01,
    4.234464154400010e+01
  ],
  ""type"": ""Point""
}","{
  ""coordinates"": [
    -83.130318531,
    42.344641544
  ],
  ""type"": ""Point""
}",-83.1303185309999,42.3446415440001
7288,1137904,SCHAEFER,GRANDRIVER,2017-09-20,20,9,2017,8,4,5,1,,4,0,,1,1,1,35,3,2,2,5,0,0,0,0,true,,false,false,false,false,false,,,,,,false,true,false,,,false,false,false,false,false,-83.17839,42.38406,"{
  ""coordinates"": [
    -8.317838799400000e+01,
    4.238406392700010e+01
  ],
  ""type"": ""Point""
}","{
  ""coordinates"": [
    -83.178387994,
    42.384063927
  ],
  ""type"": ""Point""
}",-83.178387994,42.3840639270001
7289,1174755,7 MILE,PIERSON,2017-09-20,20,9,2017,20,4,3,9,,2,0,,1,1,4,35,4,4,5,1,1,0,0,0,false,,false,false,true,false,false,,,,,,false,false,true,,,false,false,false,false,false,-83.2477,42.42936,"{
  ""coordinates"": [
    -8.324770027400000e+01,
    4.242936332900010e+01
  ],
  ""type"": ""Point""
}","{
  ""coordinates"": [
    -83.247700274,
    42.429363329
  ],
  ""type"": ""Point""
}",-83.247700274,42.4293633290001
7290,1146166,M-39,JOY,2017-09-20,20,9,2017,6,4,5,3,,1,0,,1,3,2,55,3,3,2,5,0,0,0,0,true,,false,false,true,false,false,,,,,,false,false,true,,,false,false,false,false,false,-83.2164,42.35923,"{
  ""coordinates"": [
    -8.321640157699990e+01,
    4.235923086500000e+01
  ],
  ""type"": ""Point""
}","{
  ""coordinates"": [
    -83.216401577,
    42.359230865
  ],
  ""type"": ""Point""
}",-83.2164015769999,42.359230865
7291,1137932,MACK,LAKEVIEW,2017-09-20,20,9,2017,12,4,4,9,,4,0,,1,1,1,30,5,2,7,5,0,0,0,0,true,,false,false,false,false,false,,,,,,false,true,false,,,false,false,false,false,false,-82.95773,42.38565,"{
  ""coordinates"": [
    -8.295773424200000e+01,
    4.238564567000000e+01
  ],
  ""type"": ""Point""
}","{
  ""coordinates"": [
    -82.957734242,
    42.38564567
  ],
  ""type"": ""Point""
}",-82.957734242,42.38564567
7292,1137947,VAN DYKE,GEORGIA,2017-09-20,20,9,2017,11,4,1,3,,1,0,,1,1,1,35,2,1,1,3,0,0,1,0,false,,false,false,false,false,true,,,,,,false,false,false,,,false,false,false,false,false,-83.02268,42.39333,"{
  ""coordinates"": [
    -8.302268076500000e+01,
    4.239333296100010e+01
  ],
  ""type"": ""Point""
}","{
  ""coordinates"": [
    -83.022680765,
    42.393332961
  ],
  ""type"": ""Point""
}",-83.022680765,42.3933329610001
7293,1141289,JOHN C LODGE SERVICE,FOREST,2017-09-19,19,9,2017,16,3,5,3,,1,0,,2,4,1,30,3,2,1,5,0,0,0,0,true,,false,false,false,false,false,,,,,,false,false,false,,,false,false,false,false,false,-83.07201,42.35151,"{
  ""coordinates"": [
    -8.307200889400001e+01,
    4.235150359700000e+01
  ],
  ""type"": ""Point""
}","{
  ""coordinates"": [
    -83.072008894,
    42.351503597
  ],
  ""type"": ""Point""
}",-83.072008894,42.351503597
7294,1146207,GRAND,WABASH,2017-09-19,19,9,2017,15,3,8,9,,4,0,,1,1,1,35,4,2,2,5,0,0,0,0,true,,false,false,false,false,false,,,,,,false,false,false,,,false,false,false,false,false,-83.09357,42.36267,"{
  ""coordinates"": [
    -8.309356698399991e+01,
    4.236266729700000e+01
  ],
  ""type"": ""Point""
}","{
  ""coordinates"": [
    -83.093566984,
    42.362667297
  ],
  ""type"": ""Point""
}",-83.0935669839999,42.362667297
7295,1140130,I-96,JOY,2017-09-19,19,9,2017,19,3,5,1,,1,0,,2,2,1,70,4,2,2,5,0,0,0,0,true,,false,false,false,false,false,,,,,,false,false,true,,,false,false,false,false,false,-83.13049,42.3643,"{
  ""coordinates"": [
    -8.313049145799990e+01,
    4.236429616300010e+01
  ],
  ""type"": ""Point""
}","{
  ""coordinates"": [
    -83.130491458,
    42.364296163
  ],
  ""type"": ""Point""
}",-83.1304914579999,42.3642961630001
7296,1142795,VAN DYKE,OUTER,2017-09-19,19,9,2017,17,3,4,3,,1,0,,2,4,1,35,5,2,8,4,0,0,0,2,false,,false,false,false,false,false,,,,,,false,false,false,,,false,false,false,false,false,-83.02451,42.44175,"{
  ""coordinates"": [
    -8.302451273199991e+01,
    4.244175418600000e+01
  ],
  ""type"": ""Point""
}","{
  ""coordinates"": [
    -83.024512732,
    42.441754186
  ],
  ""type"": ""Point""
}",-83.0245127319999,42.441754186
7297,1137969,JAMES COUZENS,GREENLODGE,2017-09-19,19,9,2017,20,3,97,3,,1,0,,2,1,4,30,4,2,1,4,0,0,0,1,false,,false,false,true,false,false,,,,,,false,false,false,,,false,false,false,false,false,-83.20139,42.4429,"{
  ""coordinates"": [
    -8.320139303000001e+01,
    4.244290076500000e+01
  ],
  ""type"": ""Point""
}","{
  ""coordinates"": [
    -83.20139303,
    42.442900765
  ],
  ""type"": ""Point""
}",-83.20139303,42.442900765
7298,1155318,3RD,BRAINARD,2017-09-19,19,9,2017,19,3,1,9,,4,1,,2,4,4,30,2,1,1,5,0,0,0,0,true,,false,false,false,false,false,,,,,,false,false,false,,,false,false,false,false,false,-83.06592,42.34546,"{
  ""coordinates"": [
    -8.306592112000000e+01,
    4.234545760000000e+01
  ],
  ""type"": ""Point""
}","{
  ""coordinates"": [
    -83.06592112,
    42.3454576
  ],
  ""type"": ""Point""
}",-83.06592112,42.3454576