ObjectId,Crash ID,Primary Road,Intersecting Road,Crash Date,Day,Month,Year,Hour,Weekday,Crash Type Code,Highway Classification Code,Community Code,Jurisdiction Code,Lane Departure Type Code,Surface Type,Road Condition,Weather Condition,Lighting Condition,Speed Limit,Lanes,Units,Occupants,Most Severe Injury,Fatal Injuries,Suspected Serious Injuries,Suspected Minor Injuries,Possible Injuries,Property Damage Only,Secondary Crash,Traffic Control,Red Light Run,Hit and Run,Alcohol,Drugs,Unbelted Person,Work Zone,Speeding Driver,Distracted Driver,Driveway,Pedestrian,Elderly Driver,Young Driver,Commercial Vehicle,Emergency Vehicles,Train,School Bus,Motorcycle,Bicycle,Deer,Longitude,Latitude,geom,geog,x,y
7527,1134424,8 MILE,LIVERNOIS,2017-09-16,16,9,2017,0,7,8,3,,1,0,,1,1,4,40,4,2,4,5,0,0,0,0,true,,false,false,true,false,false,,,,,,false,false,false,,,false,false,false,false,false,-83.14388,42.44605,"{
  ""coordinates"": [
    -8.314387445599991e+01,
    4.244605044900000e+01
  ],
  ""type"": ""Point""
}","{
  ""coordinates"": [
    -83.143874456,
    42.446050449
  ],
  ""type"": ""Point""
}",-83.1438744559999,42.446050449
7528,1141270,MILWAUKEE,CASS,2017-09-16,16,9,2017,23,7,5,9,,4,0,,1,1,4,25,4,2,1,5,0,0,0,0,true,,false,false,false,false,false,,,,,,false,false,true,,,false,false,false,false,false,-83.07393,42.36861,"{
  ""coordinates"": [
    -8.307392710300000e+01,
    4.236861035200010e+01
  ],
  ""type"": ""Point""
}","{
  ""coordinates"": [
    -83.073927103,
    42.368610352
  ],
  ""type"": ""Point""
}",-83.073927103,42.3686103520001
7529,1135380,E I 94,LINWOOD,2017-09-16,16,9,2017,8,7,4,1,,1,0,,1,1,1,35,1,2,3,4,0,0,0,3,false,,true,true,false,false,false,,,,,,false,false,false,,,false,false,false,false,false,-83.09361,42.35183,"{
  ""coordinates"": [
    -8.309360462700000e+01,
    4.235183371600000e+01
  ],
  ""type"": ""Point""
}","{
  ""coordinates"": [
    -83.093604627,
    42.351833716
  ],
  ""type"": ""Point""
}",-83.093604627,42.351833716
7530,1135431,N I 75,MCNICHOLS,2017-09-16,16,9,2017,10,7,9,1,,1,0,,1,1,5,70,4,2,2,5,0,0,0,0,true,,false,false,false,false,false,,,,,,false,false,false,,,false,false,false,false,false,-83.08759,42.41806,"{
  ""coordinates"": [
    -8.308759341900000e+01,
    4.241805596500010e+01
  ],
  ""type"": ""Point""
}","{
  ""coordinates"": [
    -83.087593419,
    42.418055965
  ],
  ""type"": ""Point""
}",-83.087593419,42.4180559650001
7531,1137891,I-96,MAPLEWOOD,2017-09-16,16,9,2017,3,7,5,1,,1,0,,1,1,4,70,4,2,1,4,0,0,0,1,false,,false,false,true,false,false,,,,,,false,false,false,,,false,false,false,false,false,-83.12394,42.36184,"{
  ""coordinates"": [
    -8.312394037400000e+01,
    4.236184425600000e+01
  ],
  ""type"": ""Point""
}","{
  ""coordinates"": [
    -83.123940374,
    42.361844256
  ],
  ""type"": ""Point""
}",-83.123940374,42.361844256
7532,1136197,WARREN,MEMORIAL,2017-09-16,16,9,2017,0,7,4,9,,2,0,,1,1,4,35,4,2,2,4,0,0,0,2,false,,true,true,true,false,false,,,,,,false,false,true,,,false,false,false,false,false,-83.21059,42.34347,"{
  ""coordinates"": [
    -8.321058684199990e+01,
    4.234346645600000e+01
  ],
  ""type"": ""Point""
}","{
  ""coordinates"": [
    -83.210586842,
    42.343466456
  ],
  ""type"": ""Point""
}",-83.2105868419999,42.343466456
7533,1157462,I-75,DAVISON,2017-09-16,16,9,2017,20,7,8,1,,1,0,,1,1,1,70,4,3,2,5,0,0,0,0,true,,false,false,true,false,false,,,,,,false,false,false,,,false,false,false,false,false,-83.07977,42.40888,"{
  ""coordinates"": [
    -8.307976337600000e+01,
    4.240888338600010e+01
  ],
  ""type"": ""Point""
}","{
  ""coordinates"": [
    -83.079763376,
    42.408883386
  ],
  ""type"": ""Point""
}",-83.079763376,42.4088833860001
7534,1135411,TELEGRAPH,TELEGRAPH/7 MILE,2017-09-16,16,9,2017,20,7,97,2,,1,0,,1,1,4,35,3,2,2,5,0,0,0,0,true,,false,false,true,false,false,,,,,,false,false,false,,,false,false,false,false,false,-83.27808,42.43168,"{
  ""coordinates"": [
    -8.327808056700000e+01,
    4.243167866300010e+01
  ],
  ""type"": ""Point""
}","{
  ""coordinates"": [
    -83.278080567,
    42.431678663
  ],
  ""type"": ""Point""
}",-83.278080567,42.4316786630001
7535,1135378,COYLE,PURITAN,2017-09-16,16,9,2017,22,7,4,9,,,0,,1,1,4,25,2,2,3,5,0,0,0,0,true,,false,false,false,false,false,,,,,,false,false,true,,,false,false,false,false,false,-83.19417,42.4087,"{
  ""coordinates"": [
    -8.319417026500000e+01,
    4.240870183200010e+01
  ],
  ""type"": ""Point""
}","{
  ""coordinates"": [
    -83.194170265,
    42.408701832
  ],
  ""type"": ""Point""
}",-83.194170265,42.4087018320001
7536,1135382,MICHIGAN,CLIPPERT,2017-09-16,16,9,2017,8,7,1,2,,1,0,,1,1,1,35,4,1,1,4,0,0,0,1,false,,false,false,false,false,false,,,,,,false,false,false,,,false,false,false,false,false,-83.12519,42.33113,"{
  ""coordinates"": [
    -8.312518829299999e+01,
    4.233113480800010e+01
  ],
  ""type"": ""Point""
}","{
  ""coordinates"": [
    -83.125188293,
    42.331134808
  ],
  ""type"": ""Point""
}",-83.125188293,42.3311348080001
7537,1134411,WYOMING,CHICAGO,2017-09-16,16,9,2017,4,7,5,9,,4,0,,1,1,5,30,2,2,1,5,0,0,0,0,true,,false,false,false,false,false,,,,,,false,false,false,,,false,false,false,false,false,-83.1582,42.3662,"{
  ""coordinates"": [
    -8.315820479999999e+01,
    4.236620054300000e+01
  ],
  ""type"": ""Point""
}","{
  ""coordinates"": [
    -83.1582048,
    42.366200543
  ],
  ""type"": ""Point""
}",-83.1582048,42.366200543
7538,1153043,7 MILE,OHIO,2017-09-16,16,9,2017,10,7,6,9,,2,0,,1,1,4,30,2,2,3,5,0,0,0,0,true,,false,false,false,false,false,,,,,,false,false,false,,,false,false,false,false,false,-83.15665,42.43139,"{
  ""coordinates"": [
    -8.315665709699989e+01,
    4.243139427300010e+01
  ],
  ""type"": ""Point""
}","{
  ""coordinates"": [
    -83.156657097,
    42.431394273
  ],
  ""type"": ""Point""
}",-83.1566570969999,42.4313942730001
7539,1134433,7 MILE,JAMES COUZENS,2017-09-16,16,9,2017,18,7,4,9,,2,0,,1,1,1,35,3,2,1,5,0,0,0,0,true,,false,false,false,false,false,,,,,,false,false,false,,,false,false,false,false,false,-83.18738,42.43082,"{
  ""coordinates"": [
    -8.318738097999990e+01,
    4.243081718900000e+01
  ],
  ""type"": ""Point""
}","{
  ""coordinates"": [
    -83.18738098,
    42.430817189
  ],
  ""type"": ""Point""
}",-83.1873809799999,42.430817189
7540,1134401,HARPER,COPLIN,2017-09-16,16,9,2017,23,7,5,9,,4,0,,1,1,4,35,2,3,0,5,0,0,0,0,true,,false,false,true,false,false,,,,,,false,false,false,,,false,false,false,false,false,-82.97069,42.40288,"{
  ""coordinates"": [
    -8.297069109499991e+01,
    4.240287680000010e+01
  ],
  ""type"": ""Point""
}","{
  ""coordinates"": [
    -82.970691095,
    42.4028768
  ],
  ""type"": ""Point""
}",-82.9706910949999,42.4028768000001
7541,1144766,I-96,SOUTHFIELD,2017-09-16,16,9,2017,7,7,5,1,,1,0,,1,1,1,70,3,2,3,5,0,0,0,0,true,,false,false,false,true,false,,,,,,false,false,false,,,false,false,false,false,false,-83.22704,42.37804,"{
  ""coordinates"": [
    -8.322703752599990e+01,
    4.237803645000000e+01
  ],
  ""type"": ""Point""
}","{
  ""coordinates"": [
    -83.227037526,
    42.37803645
  ],
  ""type"": ""Point""
}",-83.2270375259999,42.37803645
7542,1140287,VANDYKE,EIGHTMILE,2017-09-16,16,9,2017,16,7,5,3,,1,0,,1,1,1,35,8,2,2,5,0,0,0,0,true,,false,false,false,false,false,,,,,,false,false,false,,,false,false,false,false,false,-83.02473,42.44796,"{
  ""coordinates"": [
    -8.302473337299990e+01,
    4.244796248200000e+01
  ],
  ""type"": ""Point""
}","{
  ""coordinates"": [
    -83.024733373,
    42.447962482
  ],
  ""type"": ""Point""
}",-83.0247333729999,42.447962482
7543,1135377,I-94,TRUMBULL,2017-09-16,16,9,2017,17,7,5,1,,1,0,,1,1,1,55,3,2,3,5,0,0,0,0,true,,false,false,false,false,false,,,,,,false,false,true,,,false,false,false,false,false,-83.07968,42.35723,"{
  ""coordinates"": [
    -8.307967975400000e+01,
    4.235723428900010e+01
  ],
  ""type"": ""Point""
}","{
  ""coordinates"": [
    -83.079679754,
    42.357234289
  ],
  ""type"": ""Point""
}",-83.079679754,42.3572342890001
7544,1134263,I-75,CLAY,2017-09-16,16,9,2017,8,7,5,1,,1,0,,1,1,1,70,3,2,3,5,0,0,0,0,true,,false,false,false,false,false,,,,,,false,false,true,,,false,false,false,false,false,-83.06374,42.37959,"{
  ""coordinates"": [
    -8.306374029700000e+01,
    4.237958541800000e+01
  ],
  ""type"": ""Point""
}","{
  ""coordinates"": [
    -83.063740297,
    42.379585418
  ],
  ""type"": ""Point""
}",-83.063740297,42.379585418
7545,1134397,PELKEY,PINEWOOD,2017-09-16,16,9,2017,18,7,8,9,,,0,,1,1,3,25,2,2,2,5,0,0,0,0,true,,false,false,true,false,false,,,,,,false,false,false,,,false,false,false,false,false,-82.98647,42.43854,"{
  ""coordinates"": [
    -8.298646471900000e+01,
    4.243853821900010e+01
  ],
  ""type"": ""Point""
}","{
  ""coordinates"": [
    -82.986464719,
    42.438538219
  ],
  ""type"": ""Point""
}",-82.986464719,42.4385382190001
7546,1135430,SCHAEFER,FENKELL,2017-09-16,16,9,2017,7,7,4,9,,4,0,,1,1,4,35,2,2,2,5,0,0,0,0,true,,false,false,true,false,false,,,,,,false,false,true,,,false,false,false,false,false,-83.17912,42.40204,"{
  ""coordinates"": [
    -8.317912293300000e+01,
    4.240204276400000e+01
  ],
  ""type"": ""Point""
}","{
  ""coordinates"": [
    -83.179122933,
    42.402042764
  ],
  ""type"": ""Point""
}",-83.179122933,42.402042764
7547,1144757,M-10,DAVISON,2017-09-16,16,9,2017,10,7,8,3,,1,0,,1,1,1,55,3,2,2,5,0,0,0,0,true,,false,false,false,false,false,,,,,,false,true,true,,,false,false,false,false,false,-83.10915,42.39697,"{
  ""coordinates"": [
    -8.310915449600000e+01,
    4.239696415700010e+01
  ],
  ""type"": ""Point""
}","{
  ""coordinates"": [
    -83.109154496,
    42.396964157
  ],
  ""type"": ""Point""
}",-83.109154496,42.3969641570001
7548,1284582,GRATIOT,BROADWAY,2017-09-16,16,9,2017,20,7,4,9,,4,0,,1,1,4,30,1,2,2,5,0,0,0,0,true,,false,false,true,false,false,,,,,,false,false,false,,,false,false,false,false,false,-83.04563,42.3347,"{
  ""coordinates"": [
    -8.304563126499990e+01,
    4.233469717700010e+01
  ],
  ""type"": ""Point""
}","{
  ""coordinates"": [
    -83.045631265,
    42.334697177
  ],
  ""type"": ""Point""
}",-83.0456312649999,42.3346971770001
7549,1136233,LIVERNOIS,WARREN,2017-09-16,16,9,2017,11,7,8,9,,4,0,,1,1,1,35,5,2,2,5,0,0,0,0,true,,false,false,false,false,false,,,,,,false,false,false,,,false,false,false,false,false,-83.13038,42.34465,"{
  ""coordinates"": [
    -8.313037690899991e+01,
    4.234464487100010e+01
  ],
  ""type"": ""Point""
}","{
  ""coordinates"": [
    -83.130376909,
    42.344644871
  ],
  ""type"": ""Point""
}",-83.1303769089999,42.3446448710001
7550,1140141,W/B I-96,M-39,2017-09-16,16,9,2017,8,7,8,1,,1,0,,1,2,1,70,3,2,2,5,0,0,0,0,true,,false,false,false,false,false,,,,,,false,false,false,,,false,false,false,false,false,-83.21908,42.37875,"{
  ""coordinates"": [
    -8.321907425700000e+01,
    4.237875335100010e+01
  ],
  ""type"": ""Point""
}","{
  ""coordinates"": [
    -83.219074257,
    42.378753351
  ],
  ""type"": ""Point""
}",-83.219074257,42.3787533510001
7551,1134346,PLYMOUTH,WARD,2017-09-16,16,9,2017,14,7,97,9,,4,0,,1,1,1,35,4,3,3,5,0,0,0,0,true,,false,false,true,false,false,,,,,,false,true,false,,,false,false,false,false,false,-83.17305,42.37313,"{
  ""coordinates"": [
    -8.317304865200001e+01,
    4.237313179900010e+01
  ],
  ""type"": ""Point""
}","{
  ""coordinates"": [
    -83.173048652,
    42.373131799
  ],
  ""type"": ""Point""
}",-83.173048652,42.3731317990001
7552,1134343,HUBBELL,CHALFONTE,2017-09-16,16,9,2017,11,7,4,9,,4,0,,1,1,1,25,4,2,3,4,0,0,0,2,false,,true,false,false,false,false,,,,,,false,false,true,,,false,false,false,false,false,-83.18882,42.39961,"{
  ""coordinates"": [
    -8.318881898200000e+01,
    4.239961198100010e+01
  ],
  ""type"": ""Point""
}","{
  ""coordinates"": [
    -83.188818982,
    42.399611981
  ],
  ""type"": ""Point""
}",-83.188818982,42.3996119810001
7553,1148614,KELLY,EASTLAND,2017-09-16,16,9,2017,14,7,4,9,,2,0,,1,1,1,35,3,2,2,4,0,0,0,1,false,,false,false,false,false,false,,,,,,false,true,true,,,false,false,false,false,false,-82.94325,42.44741,"{
  ""coordinates"": [
    -8.294324957500000e+01,
    4.244741206400000e+01
  ],
  ""type"": ""Point""
}","{
  ""coordinates"": [
    -82.943249575,
    42.447412064
  ],
  ""type"": ""Point""
}",-82.943249575,42.447412064
7554,1134365,BEWICK,CHARLEVOIX,2017-09-16,16,9,2017,15,7,5,9,,,0,,1,1,1,25,1,2,0,5,0,0,0,0,true,,false,false,true,false,false,,,,,,false,false,false,,,false,false,false,false,false,-82.98601,42.37068,"{
  ""coordinates"": [
    -8.298600446200000e+01,
    4.237068076800010e+01
  ],
  ""type"": ""Point""
}","{
  ""coordinates"": [
    -82.986004462,
    42.370680768
  ],
  ""type"": ""Point""
}",-82.986004462,42.3706807680001
7555,1134392,SEVEN MILE,SHAFTSBURY,2017-09-16,16,9,2017,10,7,5,9,,2,0,,1,1,1,35,4,2,2,4,0,0,0,1,false,,false,false,false,false,false,,,,,,false,false,true,,,false,false,false,false,false,-83.23069,42.4298,"{
  ""coordinates"": [
    -8.323069131499990e+01,
    4.242980334300010e+01
  ],
  ""type"": ""Point""
}","{
  ""coordinates"": [
    -83.230691315,
    42.429803343
  ],
  ""type"": ""Point""
}",-83.2306913149999,42.4298033430001
7556,1140152,S M 10,LINWOOD,2017-09-16,16,9,2017,0,7,5,3,,1,0,,1,1,4,55,3,2,6,3,0,0,2,1,false,,false,false,false,false,false,,,,,,false,false,false,,,false,false,false,false,false,-83.12701,42.40509,"{
  ""coordinates"": [
    -8.312701127699999e+01,
    4.240509473700010e+01
  ],
  ""type"": ""Point""
}","{
  ""coordinates"": [
    -83.127011277,
    42.405094737
  ],
  ""type"": ""Point""
}",-83.127011277,42.4050947370001
7557,1135428,ANDOVER,STATE FAIR,2017-09-16,16,9,2017,0,7,5,9,,,0,,1,1,4,25,2,2,1,5,0,0,0,0,true,,false,false,true,false,false,,,,,,false,false,false,,,false,false,false,false,false,-83.09935,42.43963,"{
  ""coordinates"": [
    -8.309934912499990e+01,
    4.243962680600000e+01
  ],
  ""type"": ""Point""
}","{
  ""coordinates"": [
    -83.099349125,
    42.439626806
  ],
  ""type"": ""Point""
}",-83.0993491249999,42.439626806
7558,1134342,GRAND RIVER,SCHAEFER,2017-09-16,16,9,2017,14,7,97,3,,1,0,,1,1,4,30,5,2,3,5,0,0,0,0,true,,false,false,false,false,false,,,,,,false,false,false,,,false,false,false,false,false,-83.17873,42.38476,"{
  ""coordinates"": [
    -8.317872802999990e+01,
    4.238476067600000e+01
  ],
  ""type"": ""Point""
}","{
  ""coordinates"": [
    -83.17872803,
    42.384760676
  ],
  ""type"": ""Point""
}",-83.1787280299999,42.384760676
7559,1134399,NOVARA,QUEEN,2017-09-16,16,9,2017,15,7,4,9,,,0,,1,1,1,25,2,2,0,5,0,0,0,0,true,,false,false,true,false,false,,,,,,false,false,false,,,false,false,false,false,false,-82.96874,42.43935,"{
  ""coordinates"": [
    -8.296874591100000e+01,
    4.243934481500000e+01
  ],
  ""type"": ""Point""
}","{
  ""coordinates"": [
    -82.968745911,
    42.439344815
  ],
  ""type"": ""Point""
}",-82.968745911,42.439344815
7560,1135375,I-75,FERRY,2017-09-16,16,9,2017,15,7,8,1,,1,0,,1,1,1,70,3,2,2,5,0,0,0,0,true,,false,false,false,false,false,,,,,,false,true,true,,,false,false,false,false,false,-83.05542,42.36396,"{
  ""coordinates"": [
    -8.305541644800000e+01,
    4.236396139800010e+01
  ],
  ""type"": ""Point""
}","{
  ""coordinates"": [
    -83.055416448,
    42.363961398
  ],
  ""type"": ""Point""
}",-83.055416448,42.3639613980001
7561,1174777,MCNICHOLS,ALCOY,2017-09-16,16,9,2017,21,7,2,9,,4,0,,1,1,4,30,4,2,1,4,0,0,0,1,false,,false,false,true,false,false,,,,,,false,false,false,,,false,false,false,false,false,-82.98792,42.42572,"{
  ""coordinates"": [
    -8.298791847699989e+01,
    4.242572100400000e+01
  ],
  ""type"": ""Point""
}","{
  ""coordinates"": [
    -82.987918477,
    42.425721004
  ],
  ""type"": ""Point""
}",-82.9879184769999,42.425721004
7562,1134377,FENKELL,EVERGREEN,2017-09-16,16,9,2017,19,7,4,9,,2,0,,1,1,3,30,2,2,2,5,0,0,0,0,true,,true,true,false,false,false,,,,,,false,true,false,,,false,false,false,false,false,-83.23742,42.40068,"{
  ""coordinates"": [
    -8.323742070000000e+01,
    4.240067600000000e+01
  ],
  ""type"": ""Point""
}","{
  ""coordinates"": [
    -83.2374207,
    42.400676
  ],
  ""type"": ""Point""
}",-83.2374207,42.400676
7563,1134414,7 MILE,CONCORD,2017-09-16,16,9,2017,2,7,1,9,,4,0,,1,1,4,35,2,1,1,5,0,0,0,0,true,,false,false,false,false,false,,,,,,false,false,true,,,false,false,false,false,false,-83.03283,42.4338,"{
  ""coordinates"": [
    -8.303283222000000e+01,
    4.243380160100000e+01
  ],
  ""type"": ""Point""
}","{
  ""coordinates"": [
    -83.03283222,
    42.433801601
  ],
  ""type"": ""Point""
}",-83.03283222,42.433801601
7564,1135383,VERNOR,LIVERNOIS,2017-09-16,16,9,2017,21,7,2,9,,4,0,,1,1,4,30,3,2,2,5,0,0,0,0,true,,false,false,false,true,false,,,,,,false,false,false,,,false,false,false,false,false,-83.1097,42.31563,"{
  ""coordinates"": [
    -8.310970219599990e+01,
    4.231562984300010e+01
  ],
  ""type"": ""Point""
}","{
  ""coordinates"": [
    -83.109702196,
    42.315629843
  ],
  ""type"": ""Point""
}",-83.1097021959999,42.3156298430001
7565,1135396,I 94,CONNER,2017-09-15,15,9,2017,20,6,9,1,,1,0,,1,1,5,55,3,2,2,5,0,0,0,0,true,,false,false,true,false,false,,,,,,false,true,false,,,false,false,false,false,false,-82.98884,42.39555,"{
  ""coordinates"": [
    -8.298883699200000e+01,
    4.239555077400010e+01
  ],
  ""type"": ""Point""
}","{
  ""coordinates"": [
    -82.988836992,
    42.395550774
  ],
  ""type"": ""Point""
}",-82.988836992,42.3955507740001
7566,1134261,RAMP 216F,RAMP 216K,2017-09-15,15,9,2017,16,6,8,1,,1,0,,1,1,1,55,1,2,2,5,0,0,0,0,true,,false,false,false,false,false,,,,,,false,false,false,,,false,false,false,false,false,-83.05989,42.36806,"{
  ""coordinates"": [
    -8.305988936300000e+01,
    4.236805671700010e+01
  ],
  ""type"": ""Point""
}","{
  ""coordinates"": [
    -83.059889363,
    42.368056717
  ],
  ""type"": ""Point""
}",-83.059889363,42.3680567170001
7567,1134304,I-75,BRUSH,2017-09-15,15,9,2017,7,6,5,7,,1,0,,1,1,1,55,4,3,3,4,0,0,0,1,false,,false,false,false,false,false,,,,,,false,false,false,,,false,false,false,false,false,-83.04865,42.34161,"{
  ""coordinates"": [
    -8.304865568900000e+01,
    4.234160858800000e+01
  ],
  ""type"": ""Point""
}","{
  ""coordinates"": [
    -83.048655689,
    42.341608588
  ],
  ""type"": ""Point""
}",-83.048655689,42.341608588
7568,1140270,8 MILE,GLASTONBURY,2017-09-15,15,9,2017,18,6,5,3,,1,0,,1,1,1,40,4,2,2,5,0,0,0,0,true,,false,false,false,false,false,,,,,,false,false,true,,,false,false,false,false,false,-83.22359,42.4441,"{
  ""coordinates"": [
    -8.322358490399991e+01,
    4.244409988000010e+01
  ],
  ""type"": ""Point""
}","{
  ""coordinates"": [
    -83.223584904,
    42.44409988
  ],
  ""type"": ""Point""
}",-83.2235849039999,42.4440998800001
7569,1137065,MT.ELLIOT,MACK,2017-09-15,15,9,2017,12,6,9,9,,4,0,,1,1,1,30,2,2,1,5,0,0,0,0,true,,false,false,true,false,false,,,,,,false,false,false,,,false,false,false,false,false,-83.02161,42.3613,"{
  ""coordinates"": [
    -8.302160791300000e+01,
    4.236129800200010e+01
  ],
  ""type"": ""Point""
}","{
  ""coordinates"": [
    -83.021607913,
    42.361298002
  ],
  ""type"": ""Point""
}",-83.021607913,42.3612980020001
7570,1282063,GRAND,MCGRAW,2017-09-15,15,9,2017,4,6,6,9,,4,0,,1,1,4,30,2,3,1,5,0,0,0,0,true,,false,false,false,false,false,,,,,,false,false,false,,,false,false,false,false,false,-83.11005,42.34818,"{
  ""coordinates"": [
    -8.311005449800000e+01,
    4.234817840000010e+01
  ],
  ""type"": ""Point""
}","{
  ""coordinates"": [
    -83.110054498,
    42.3481784
  ],
  ""type"": ""Point""
}",-83.110054498,42.3481784000001
7571,1134421,MEYERS,CURTIS,2017-09-15,15,9,2017,15,6,5,9,,4,0,,1,1,1,35,4,2,1,5,0,0,0,0,true,,false,false,true,false,false,,,,,,false,false,false,,,false,false,false,false,false,-83.17043,42.42373,"{
  ""coordinates"": [
    -8.317042257000000e+01,
    4.242372527700010e+01
  ],
  ""type"": ""Point""
}","{
  ""coordinates"": [
    -83.17042257,
    42.423725277
  ],
  ""type"": ""Point""
}",-83.17042257,42.4237252770001
7572,1134349,I 75,CLAY,2017-09-15,15,9,2017,17,6,8,1,,1,0,,1,1,1,0,4,2,1,5,0,0,0,0,true,,false,false,true,false,false,,,,,,false,false,true,,,false,false,false,false,false,-83.06273,42.37856,"{
  ""coordinates"": [
    -8.306272815400000e+01,
    4.237856461300000e+01
  ],
  ""type"": ""Point""
}","{
  ""coordinates"": [
    -83.062728154,
    42.378564613
  ],
  ""type"": ""Point""
}",-83.062728154,42.378564613
7573,1134403,VICKSBURG,HOLMUR,2017-09-15,15,9,2017,10,6,4,9,,,0,,1,1,1,25,2,2,5,4,0,0,0,3,false,,true,false,false,false,false,,,,,,false,false,true,,,false,false,false,false,false,-83.11639,42.36101,"{
  ""coordinates"": [
    -8.311638306499999e+01,
    4.236101246900010e+01
  ],
  ""type"": ""Point""
}","{
  ""coordinates"": [
    -83.116383065,
    42.361012469
  ],
  ""type"": ""Point""
}",-83.116383065,42.3610124690001
7574,1134380,ST MARTINS,BRAILE,2017-09-15,15,9,2017,12,6,98,9,,,0,,1,1,1,0,1,2,1,5,0,0,0,0,true,,false,false,false,false,false,,,,,,false,true,false,,,false,false,false,false,false,-83.24642,42.43482,"{
  ""coordinates"": [
    -8.324642073299999e+01,
    4.243481997100000e+01
  ],
  ""type"": ""Point""
}","{
  ""coordinates"": [
    -83.246420733,
    42.434819971
  ],
  ""type"": ""Point""
}",-83.246420733,42.434819971
7575,1138849,CONGRESS,WASHINGTON,2017-09-15,15,9,2017,2,6,4,9,,4,0,,1,1,4,0,3,2,2,4,0,0,0,1,false,,true,true,false,false,false,,,,,,false,false,true,,,false,false,false,false,false,-83.04919,42.32875,"{
  ""coordinates"": [
    -8.304918369599990e+01,
    4.232875567000010e+01
  ],
  ""type"": ""Point""
}","{
  ""coordinates"": [
    -83.049183696,
    42.32875567
  ],
  ""type"": ""Point""
}",-83.0491836959999,42.3287556700001
7576,1134323,I-94,LINWOOD,2017-09-15,15,9,2017,10,6,5,1,,1,0,,1,1,1,55,3,2,1,5,0,0,0,0,true,,false,false,true,false,false,,,,,,false,false,false,,,false,false,false,false,false,-83.0893,42.35334,"{
  ""coordinates"": [
    -8.308929875900000e+01,
    4.235333574200010e+01
  ],
  ""type"": ""Point""
}","{
  ""coordinates"": [
    -83.089298759,
    42.353335742
  ],
  ""type"": ""Point""
}",-83.089298759,42.3533357420001
7577,1134340,LIVERNOIS,HORATIO,2017-09-15,15,9,2017,7,6,97,9,,4,0,,1,1,1,35,5,2,4,5,0,0,0,0,true,,false,false,true,false,false,,,,,,false,false,false,,,false,false,false,false,false,-83.12383,42.33593,"{
  ""coordinates"": [
    -8.312383625200000e+01,
    4.233593165700010e+01
  ],
  ""type"": ""Point""
}","{
  ""coordinates"": [
    -83.123836252,
    42.335931657
  ],
  ""type"": ""Point""
}",-83.123836252,42.3359316570001
7578,1137878,S M 39,FORD,2017-09-15,15,9,2017,18,6,5,3,,1,0,,1,1,1,55,3,2,2,5,0,0,0,0,true,,false,false,false,false,false,,,,,,false,true,false,,,false,false,false,false,false,-83.21578,42.32938,"{
  ""coordinates"": [
    -8.321578029999991e+01,
    4.232937870100010e+01
  ],
  ""type"": ""Point""
}","{
  ""coordinates"": [
    -83.2157803,
    42.329378701
  ],
  ""type"": ""Point""
}",-83.2157802999999,42.3293787010001
7579,1137048,SECOND,TEMPLE,2017-09-15,15,9,2017,23,6,5,9,,4,0,,1,1,4,25,2,2,2,5,0,0,0,0,true,,false,false,true,false,false,,,,,,false,false,false,,,false,false,false,false,false,-83.0608,42.3411,"{
  ""coordinates"": [
    -8.306080202500000e+01,
    4.234109703800000e+01
  ],
  ""type"": ""Point""
}","{
  ""coordinates"": [
    -83.060802025,
    42.341097038
  ],
  ""type"": ""Point""
}",-83.060802025,42.341097038
7580,1134420,OUTER,HUBBELL,2017-09-15,15,9,2017,23,6,4,9,,2,0,,1,1,4,35,2,2,2,5,0,0,0,0,true,,true,true,false,false,false,,,,,,false,false,false,,,false,false,false,false,false,-83.18961,42.41995,"{
  ""coordinates"": [
    -8.318960534000000e+01,
    4.241994927700010e+01
  ],
  ""type"": ""Point""
}","{
  ""coordinates"": [
    -83.18960534,
    42.419949277
  ],
  ""type"": ""Point""
}",-83.18960534,42.4199492770001
7581,1134425,VASSAR,ARDMORE,2017-09-15,15,9,2017,1,6,5,9,,4,0,,1,1,4,25,2,2,1,5,0,0,0,0,true,,false,false,false,false,false,,,,,,false,false,false,,,false,false,false,false,false,-83.18352,42.43446,"{
  ""coordinates"": [
    -8.318351709900000e+01,
    4.243446003900000e+01
  ],
  ""type"": ""Point""
}","{
  ""coordinates"": [
    -83.183517099,
    42.434460039
  ],
  ""type"": ""Point""
}",-83.183517099,42.434460039
7582,1134345,I96,JOY,2017-09-15,15,9,2017,18,6,8,1,,1,0,,1,1,1,70,4,2,4,4,0,0,0,2,false,,false,false,false,false,false,,,,,,false,false,true,,,false,false,false,false,false,-83.13393,42.36535,"{
  ""coordinates"": [
    -8.313393656200000e+01,
    4.236534891300000e+01
  ],
  ""type"": ""Point""
}","{
  ""coordinates"": [
    -83.133936562,
    42.365348913
  ],
  ""type"": ""Point""
}",-83.133936562,42.365348913
7583,1137887,I-75,SCHAEFER,2017-09-15,15,9,2017,23,6,1,1,,1,0,,1,1,4,70,4,1,1,5,0,0,0,0,true,,false,false,false,false,false,,,,,,false,false,false,,,false,false,false,false,false,-83.15664,42.27703,"{
  ""coordinates"": [
    -8.315663642700000e+01,
    4.227703574900000e+01
  ],
  ""type"": ""Point""
}","{
  ""coordinates"": [
    -83.156636427,
    42.277035749
  ],
  ""type"": ""Point""
}",-83.156636427,42.277035749