ObjectId,Crash ID,Primary Road,Intersecting Road,Crash Date,Day,Month,Year,Hour,Weekday,Crash Type Code,Highway Classification Code,Community Code,Jurisdiction Code,Lane Departure Type Code,Surface Type,Road Condition,Weather Condition,Lighting Condition,Speed Limit,Lanes,Units,Occupants,Most Severe Injury,Fatal Injuries,Suspected Serious Injuries,Suspected Minor Injuries,Possible Injuries,Property Damage Only,Secondary Crash,Traffic Control,Red Light Run,Hit and Run,Alcohol,Drugs,Unbelted Person,Work Zone,Speeding Driver,Distracted Driver,Driveway,Pedestrian,Elderly Driver,Young Driver,Commercial Vehicle,Emergency Vehicles,Train,School Bus,Motorcycle,Bicycle,Deer,Longitude,Latitude,geom,geog,x,y
7699,1133119,LARNED,ORLEANS,2017-09-14,14,9,2017,17,5,4,9,,4,0,,1,1,1,30,6,2,2,5,0,0,0,0,true,,false,false,true,false,false,,,,,,false,false,false,,,false,false,false,false,false,-83.02922,42.33652,"{
  ""coordinates"": [
    -8.302922071200000e+01,
    4.233652259000010e+01
  ],
  ""type"": ""Point""
}","{
  ""coordinates"": [
    -83.029220712,
    42.33652259
  ],
  ""type"": ""Point""
}",-83.029220712,42.3365225900001
7700,1157450,I/96,GRAND,2017-09-14,14,9,2017,8,5,1,1,,1,1,,1,1,1,55,3,1,1,5,0,0,0,0,true,,false,false,false,false,false,,,,,,false,false,false,,,false,false,false,false,false,-83.09693,42.34652,"{
  ""coordinates"": [
    -8.309692928500000e+01,
    4.234652111000000e+01
  ],
  ""type"": ""Point""
}","{
  ""coordinates"": [
    -83.096929285,
    42.34652111
  ],
  ""type"": ""Point""
}",-83.096929285,42.34652111
7701,1133129,REGENT,EASTBURN,2017-09-14,14,9,2017,9,5,4,9,,,0,,1,1,1,25,1,2,2,5,0,0,0,0,true,,false,false,true,false,false,,,,,,false,false,false,,,false,false,false,false,false,-82.97569,42.44517,"{
  ""coordinates"": [
    -8.297569412300000e+01,
    4.244516860000000e+01
  ],
  ""type"": ""Point""
}","{
  ""coordinates"": [
    -82.975694123,
    42.4451686
  ],
  ""type"": ""Point""
}",-82.975694123,42.4451686
7702,1134317,E I 94,RAMP 220D,2017-09-14,14,9,2017,16,5,5,1,,1,0,,1,2,1,55,3,3,3,4,0,0,0,1,false,,false,false,false,false,false,,,,,,false,false,false,,,false,false,false,false,false,-82.98953,42.39514,"{
  ""coordinates"": [
    -8.298953606200000e+01,
    4.239514308500000e+01
  ],
  ""type"": ""Point""
}","{
  ""coordinates"": [
    -82.989536062,
    42.395143085
  ],
  ""type"": ""Point""
}",-82.989536062,42.395143085
7703,1137069,LIVERNOIS,THATCHER,2017-09-14,14,9,2017,16,5,8,9,,4,0,,1,1,1,40,8,2,0,5,0,0,0,0,true,,false,false,true,false,false,,,,,,false,false,false,,,false,false,false,false,false,-83.14094,42.42233,"{
  ""coordinates"": [
    -8.314093939400000e+01,
    4.242232402300000e+01
  ],
  ""type"": ""Point""
}","{
  ""coordinates"": [
    -83.140939394,
    42.422324023
  ],
  ""type"": ""Point""
}",-83.140939394,42.422324023
7704,1136179,E I 96,SCHAEFER,2017-09-14,14,9,2017,3,5,8,1,,1,0,,1,2,4,55,3,2,3,4,0,0,0,1,false,,false,false,false,false,false,,,,,,false,false,true,,,false,false,false,false,false,-83.18069,42.38263,"{
  ""coordinates"": [
    -8.318069531299990e+01,
    4.238262633900010e+01
  ],
  ""type"": ""Point""
}","{
  ""coordinates"": [
    -83.180695313,
    42.382626339
  ],
  ""type"": ""Point""
}",-83.1806953129999,42.3826263390001
7705,1134318,I-96,OUTER,2017-09-14,14,9,2017,18,5,5,1,,1,0,,1,1,1,55,2,2,2,5,0,0,0,0,true,,false,false,false,false,false,,,,,,false,false,false,,,false,false,false,false,false,-83.2513,42.38556,"{
  ""coordinates"": [
    -8.325129336500000e+01,
    4.238555417600000e+01
  ],
  ""type"": ""Point""
}","{
  ""coordinates"": [
    -83.251293365,
    42.385554176
  ],
  ""type"": ""Point""
}",-83.251293365,42.385554176
7706,1135394,EDSEL FRD SD 9WEST BOUND0,MOROSS,2017-09-14,14,9,2017,8,5,8,1,,1,0,,1,1,1,30,3,2,3,5,0,0,0,0,true,,false,false,false,false,false,,,,,,false,false,false,,,false,false,false,false,false,-82.92893,42.42443,"{
  ""coordinates"": [
    -8.292892845100000e+01,
    4.242442787400010e+01
  ],
  ""type"": ""Point""
}","{
  ""coordinates"": [
    -82.928928451,
    42.424427874
  ],
  ""type"": ""Point""
}",-82.928928451,42.4244278740001
7707,1140220,E I 96,SCHOOLCRAFT,2017-09-14,14,9,2017,11,5,1,1,,1,1,,1,1,1,55,2,1,1,3,0,0,1,0,false,,false,false,false,false,false,,,,,,false,true,false,,,false,false,false,false,false,-83.24375,42.38517,"{
  ""coordinates"": [
    -8.324375490700000e+01,
    4.238516518400010e+01
  ],
  ""type"": ""Point""
}","{
  ""coordinates"": [
    -83.243754907,
    42.385165184
  ],
  ""type"": ""Point""
}",-83.243754907,42.3851651840001
7708,1134316,I-75 N/B,WOODWARDAVE,2017-09-14,14,9,2017,16,5,5,1,,1,0,,1,1,1,0,4,2,3,5,0,0,0,0,true,,false,false,false,false,false,,,,,,false,false,false,,,false,false,false,false,false,-83.05685,42.33782,"{
  ""coordinates"": [
    -8.305684738600000e+01,
    4.233782209900010e+01
  ],
  ""type"": ""Point""
}","{
  ""coordinates"": [
    -83.056847386,
    42.337822099
  ],
  ""type"": ""Point""
}",-83.056847386,42.3378220990001
7709,1138841,N I 75,RAMP 041F,2017-09-14,14,9,2017,6,5,8,1,,1,0,,1,1,5,55,5,2,2,5,0,0,0,0,true,,false,false,false,false,false,,,,,,false,false,false,,,false,false,false,false,false,-83.04443,42.34596,"{
  ""coordinates"": [
    -8.304442260000000e+01,
    4.234596215500010e+01
  ],
  ""type"": ""Point""
}","{
  ""coordinates"": [
    -83.0444226,
    42.345962155
  ],
  ""type"": ""Point""
}",-83.0444226,42.3459621550001
7710,1141276,WOODWARD,SELDEN,2017-09-14,14,9,2017,9,5,8,3,,1,0,,1,1,1,30,7,2,2,5,0,0,0,0,true,,false,false,false,false,false,,,,,,false,true,false,,,false,false,false,false,false,-83.05937,42.34962,"{
  ""coordinates"": [
    -8.305937205600000e+01,
    4.234962057000010e+01
  ],
  ""type"": ""Point""
}","{
  ""coordinates"": [
    -83.059372056,
    42.34962057
  ],
  ""type"": ""Point""
}",-83.059372056,42.3496205700001
7711,1133132,MAYFIELD,HAYES,2017-09-14,14,9,2017,6,5,5,9,,,0,,1,1,2,25,1,2,0,5,0,0,0,0,true,,false,false,false,false,false,,,,,,false,false,false,,,false,false,false,false,false,-82.96674,42.42237,"{
  ""coordinates"": [
    -8.296674293900000e+01,
    4.242237632400000e+01
  ],
  ""type"": ""Point""
}","{
  ""coordinates"": [
    -82.966742939,
    42.422376324
  ],
  ""type"": ""Point""
}",-82.966742939,42.422376324
7712,1176412,CASS,KIRBY,2017-09-14,14,9,2017,15,5,10,9,,4,0,,1,2,1,30,2,2,1,5,0,0,0,0,true,,false,false,false,false,false,,,,,,false,false,false,,,false,false,false,false,false,-83.06821,42.35872,"{
  ""coordinates"": [
    -8.306820849300000e+01,
    4.235871507900000e+01
  ],
  ""type"": ""Point""
}","{
  ""coordinates"": [
    -83.068208493,
    42.358715079
  ],
  ""type"": ""Point""
}",-83.068208493,42.358715079
7713,1140176,I-375,LARNED,2017-09-14,14,9,2017,9,5,5,1,,1,0,,1,1,1,55,2,2,2,4,0,0,0,1,false,,false,false,false,false,false,,,,,,false,false,true,,,false,false,false,false,false,-83.03645,42.33339,"{
  ""coordinates"": [
    -8.303644358000000e+01,
    4.233338638000000e+01
  ],
  ""type"": ""Point""
}","{
  ""coordinates"": [
    -83.03644358,
    42.33338638
  ],
  ""type"": ""Point""
}",-83.03644358,42.33338638
7714,1134338,SCHOOL CRAFT,LESURE,2017-09-14,14,9,2017,11,5,4,9,,4,0,,1,1,4,30,2,2,4,5,0,0,0,0,true,,false,false,false,false,false,,,,,,false,false,false,,,false,false,false,false,false,-83.17978,42.38798,"{
  ""coordinates"": [
    -8.317977765900000e+01,
    4.238797956100010e+01
  ],
  ""type"": ""Point""
}","{
  ""coordinates"": [
    -83.179777659,
    42.387979561
  ],
  ""type"": ""Point""
}",-83.179777659,42.3879795610001
7715,1133102,TIREMAN,LITTLEFIELD,2017-09-14,14,9,2017,15,5,5,9,,2,0,,1,1,1,30,4,2,1,5,0,0,0,0,true,,false,false,false,false,false,,,,,,false,false,false,,,false,false,false,false,false,-83.16739,42.35151,"{
  ""coordinates"": [
    -8.316738846899990e+01,
    4.235150512400000e+01
  ],
  ""type"": ""Point""
}","{
  ""coordinates"": [
    -83.167388469,
    42.351505124
  ],
  ""type"": ""Point""
}",-83.1673884689999,42.351505124
7716,1134354,JEFFERSON,BEAUBIEN,2017-09-14,14,9,2017,17,5,5,4,,1,0,,1,1,1,25,6,2,2,5,0,0,0,0,true,,false,false,false,false,false,,,,,,false,false,false,,,false,false,false,false,false,-83.03969,42.33058,"{
  ""coordinates"": [
    -8.303968534400001e+01,
    4.233057986400010e+01
  ],
  ""type"": ""Point""
}","{
  ""coordinates"": [
    -83.039685344,
    42.330579864
  ],
  ""type"": ""Point""
}",-83.039685344,42.3305798640001
7717,1134404,JOHN C LODGE SERVICE,WARREN,2017-09-14,14,9,2017,13,5,8,3,,1,0,,1,1,1,30,4,2,1,5,0,0,0,0,true,,false,false,true,false,false,,,,,,false,true,false,,,false,false,false,false,false,-83.07359,42.35373,"{
  ""coordinates"": [
    -8.307358901899990e+01,
    4.235372891300010e+01
  ],
  ""type"": ""Point""
}","{
  ""coordinates"": [
    -83.073589019,
    42.353728913
  ],
  ""type"": ""Point""
}",-83.0735890189999,42.3537289130001
7718,1134353,GRAND,M 10 SERVICE,2017-09-14,14,9,2017,15,5,4,9,,,0,,1,1,1,30,6,2,1,5,0,0,0,0,true,,false,false,true,false,false,,,,,,false,false,false,,,false,false,false,false,false,-83.11034,42.39938,"{
  ""coordinates"": [
    -8.311034373299999e+01,
    4.239937834600000e+01
  ],
  ""type"": ""Point""
}","{
  ""coordinates"": [
    -83.110343733,
    42.399378346
  ],
  ""type"": ""Point""
}",-83.110343733,42.399378346
7719,1133110,FORT,SCHAEFER,2017-09-14,14,9,2017,14,5,5,3,,1,0,,1,1,1,35,3,2,2,5,0,0,0,0,true,,false,false,false,false,false,,,,,,false,false,false,,,false,false,false,false,false,-83.15532,42.27657,"{
  ""coordinates"": [
    -8.315531999400000e+01,
    4.227656830800000e+01
  ],
  ""type"": ""Point""
}","{
  ""coordinates"": [
    -83.155319994,
    42.276568308
  ],
  ""type"": ""Point""
}",-83.155319994,42.276568308
7720,1133106,WABASH,MARQUETTE,2017-09-14,14,9,2017,14,5,1,9,,,0,,1,2,1,25,2,2,2,4,0,0,0,1,false,,false,false,false,false,false,,,,,,false,false,false,,,false,false,false,true,false,-83.09124,42.35989,"{
  ""coordinates"": [
    -8.309123995300000e+01,
    4.235989160100010e+01
  ],
  ""type"": ""Point""
}","{
  ""coordinates"": [
    -83.091239953,
    42.359891601
  ],
  ""type"": ""Point""
}",-83.091239953,42.3598916010001
7721,1143782,I 75,M-10,2017-09-14,14,9,2017,17,5,8,1,,1,0,,1,1,1,55,2,2,3,5,0,0,0,0,true,,false,false,false,false,false,,,,,,false,false,false,,,false,false,false,false,false,-83.09467,42.44522,"{
  ""coordinates"": [
    -8.309466580799990e+01,
    4.244522348500000e+01
  ],
  ""type"": ""Point""
}","{
  ""coordinates"": [
    -83.094665808,
    42.445223485
  ],
  ""type"": ""Point""
}",-83.0946658079999,42.445223485
7722,1133144,7 MILE,MENDOTA,2017-09-14,14,9,2017,3,5,5,9,,2,0,,1,1,4,35,4,2,1,4,0,0,0,1,false,,false,false,true,false,false,,,,,,false,false,false,,,false,false,false,false,false,-83.16652,42.4313,"{
  ""coordinates"": [
    -8.316651668700000e+01,
    4.243129723300010e+01
  ],
  ""type"": ""Point""
}","{
  ""coordinates"": [
    -83.166516687,
    42.431297233
  ],
  ""type"": ""Point""
}",-83.166516687,42.4312972330001
7723,1149215,I-75,PIQUETTE,2017-09-14,14,9,2017,21,5,5,1,,1,0,,1,2,4,55,4,2,3,3,0,0,1,0,false,,false,false,false,false,false,,,,,,false,false,false,,,false,false,true,false,false,-83.05903,42.37094,"{
  ""coordinates"": [
    -8.305903140700001e+01,
    4.237094431900000e+01
  ],
  ""type"": ""Point""
}","{
  ""coordinates"": [
    -83.059031407,
    42.370944319
  ],
  ""type"": ""Point""
}",-83.059031407,42.370944319
7724,1133103,GRAND RIVER,MARK TWAIN,2017-09-13,13,9,2017,16,4,5,3,,1,0,,1,1,1,35,5,2,2,5,0,0,0,0,true,,false,false,false,false,false,,,,,,false,true,false,,,false,false,false,false,false,-83.18617,42.38775,"{
  ""coordinates"": [
    -8.318617001599991e+01,
    4.238775365000000e+01
  ],
  ""type"": ""Point""
}","{
  ""coordinates"": [
    -83.186170016,
    42.38775365
  ],
  ""type"": ""Point""
}",-83.1861700159999,42.38775365
7725,1138840,M-39,PAUL,2017-09-13,13,9,2017,10,4,5,3,,1,0,,1,1,1,55,3,2,2,5,0,0,0,0,true,,false,false,false,false,false,,,,,,false,false,true,,,false,false,false,false,false,-83.21593,42.33616,"{
  ""coordinates"": [
    -8.321593472000001e+01,
    4.233616339800010e+01
  ],
  ""type"": ""Point""
}","{
  ""coordinates"": [
    -83.21593472,
    42.336163398
  ],
  ""type"": ""Point""
}",-83.21593472,42.3361633980001
7726,1138838,M-39,SCHOOLCRAFT,2017-09-13,13,9,2017,9,4,5,3,,1,0,,2,4,1,55,3,2,2,5,0,0,0,0,true,,false,false,false,false,false,,,,,,false,false,true,,,false,false,false,false,false,-83.21778,42.38816,"{
  ""coordinates"": [
    -8.321777926399990e+01,
    4.238816505400010e+01
  ],
  ""type"": ""Point""
}","{
  ""coordinates"": [
    -83.217779264,
    42.388165054
  ],
  ""type"": ""Point""
}",-83.2177792639999,42.3881650540001
7727,1137051,W I 94 SERVICE DRIVE,HUDSON,2017-09-13,13,9,2017,8,4,1,9,,,0,,1,1,1,35,2,1,1,5,0,0,0,0,true,,false,false,false,false,false,,,,,,false,false,false,,,false,false,false,false,false,-83.08881,42.35383,"{
  ""coordinates"": [
    -8.308881273000000e+01,
    4.235382910900010e+01
  ],
  ""type"": ""Point""
}","{
  ""coordinates"": [
    -83.08881273,
    42.353829109
  ],
  ""type"": ""Point""
}",-83.08881273,42.3538291090001
7728,1134256,E I 96 CD,N M 39,2017-09-13,13,9,2017,17,4,5,1,,1,0,,1,1,1,55,2,2,2,5,0,0,0,0,true,,false,false,false,false,false,,,,,,false,false,true,,,false,false,false,false,false,-83.21698,42.37842,"{
  ""coordinates"": [
    -8.321697683600000e+01,
    4.237841661300010e+01
  ],
  ""type"": ""Point""
}","{
  ""coordinates"": [
    -83.216976836,
    42.378416613
  ],
  ""type"": ""Point""
}",-83.216976836,42.3784166130001
7729,1133116,EVERGREEN,SAWYER,2017-09-13,13,9,2017,17,4,1,9,,4,0,,1,1,1,35,2,1,2,5,0,0,0,0,true,,false,false,false,false,false,,,,,,false,false,true,,,false,false,false,false,false,-83.23551,42.34674,"{
  ""coordinates"": [
    -8.323551493199990e+01,
    4.234673768900010e+01
  ],
  ""type"": ""Point""
}","{
  ""coordinates"": [
    -83.235514932,
    42.346737689
  ],
  ""type"": ""Point""
}",-83.2355149319999,42.3467376890001
7730,1244150,PERRY,COCHRANE,2017-09-13,13,9,2017,16,4,4,9,,,0,,1,2,1,25,2,2,4,3,0,0,3,0,false,,false,false,true,false,false,,,,,,false,false,true,,,false,false,false,false,false,-83.0723,42.33652,"{
  ""coordinates"": [
    -8.307230035600000e+01,
    4.233651624400010e+01
  ],
  ""type"": ""Point""
}","{
  ""coordinates"": [
    -83.072300356,
    42.336516244
  ],
  ""type"": ""Point""
}",-83.072300356,42.3365162440001
7731,1132138,WARREN,DEQUINDRE,2017-09-13,13,9,2017,11,4,1,9,,4,0,,1,1,1,30,3,1,2,4,0,0,0,2,false,,false,false,false,false,false,,,,,,false,false,false,,,false,false,false,false,false,-83.05049,42.36215,"{
  ""coordinates"": [
    -8.305048954800000e+01,
    4.236215138600010e+01
  ],
  ""type"": ""Point""
}","{
  ""coordinates"": [
    -83.050489548,
    42.362151386
  ],
  ""type"": ""Point""
}",-83.050489548,42.3621513860001
7732,1131271,MOUND,OUTER,2017-09-13,13,9,2017,8,4,5,9,,2,0,,1,1,1,35,3,2,2,5,0,0,0,0,true,,false,false,false,false,false,,,,,,false,false,true,,,false,false,false,false,false,-83.04406,42.44093,"{
  ""coordinates"": [
    -8.304405636300000e+01,
    4.244092456400010e+01
  ],
  ""type"": ""Point""
}","{
  ""coordinates"": [
    -83.044056363,
    42.440924564
  ],
  ""type"": ""Point""
}",-83.044056363,42.4409245640001
7733,1133122,GRAND RIVER,BURGESS,2017-09-13,13,9,2017,15,4,5,3,,1,0,,1,2,1,0,6,2,2,4,0,0,0,1,false,,false,false,true,false,false,,,,,,false,true,false,,,false,false,false,false,false,-83.25492,42.41544,"{
  ""coordinates"": [
    -8.325492022400000e+01,
    4.241544262000010e+01
  ],
  ""type"": ""Point""
}","{
  ""coordinates"": [
    -83.254920224,
    42.41544262
  ],
  ""type"": ""Point""
}",-83.254920224,42.4154426200001
7734,1134352,MACK,WOODWARD,2017-09-13,13,9,2017,19,4,4,3,,4,0,,1,1,1,35,2,2,1,5,0,0,0,0,true,,false,false,true,false,false,,,,,,false,false,true,,,false,false,false,false,false,-83.05782,42.34741,"{
  ""coordinates"": [
    -8.305782343100000e+01,
    4.234741200500010e+01
  ],
  ""type"": ""Point""
}","{
  ""coordinates"": [
    -83.057823431,
    42.347412005
  ],
  ""type"": ""Point""
}",-83.057823431,42.3474120050001
7735,1132150,7 MILE,GABLE,2017-09-13,13,9,2017,16,4,4,9,,4,0,,1,1,1,30,2,2,2,4,0,0,0,1,false,,false,false,false,false,false,,,,,,false,false,false,,,false,false,false,false,false,-83.04271,42.43359,"{
  ""coordinates"": [
    -8.304271277200000e+01,
    4.243359552200010e+01
  ],
  ""type"": ""Point""
}","{
  ""coordinates"": [
    -83.042712772,
    42.433595522
  ],
  ""type"": ""Point""
}",-83.042712772,42.4335955220001
7736,1132129,3685 CENTRAL,JOHN KRONK,2017-09-13,13,9,2017,2,4,1,9,,4,0,,1,1,4,30,4,1,2,5,0,0,0,0,true,,false,false,false,false,false,,,,,,false,false,false,,,false,false,false,false,false,-83.13178,42.32298,"{
  ""coordinates"": [
    -8.313178542700000e+01,
    4.232297773200000e+01
  ],
  ""type"": ""Point""
}","{
  ""coordinates"": [
    -83.131785427,
    42.322977732
  ],
  ""type"": ""Point""
}",-83.131785427,42.322977732
7737,1167153,LINWOOD,PILGRIM,2017-09-13,13,9,2017,11,4,10,9,,4,0,,1,1,1,25,1,2,1,5,0,0,0,0,true,,false,false,true,false,false,,,,,,false,false,false,,,false,false,false,false,false,-83.12753,42.40806,"{
  ""coordinates"": [
    -8.312753198900000e+01,
    4.240806025500010e+01
  ],
  ""type"": ""Point""
}","{
  ""coordinates"": [
    -83.127531989,
    42.408060255
  ],
  ""type"": ""Point""
}",-83.127531989,42.4080602550001
7738,1138860,LARNED,WASHINGTON,2017-09-13,13,9,2017,17,4,10,9,,4,0,,98,98,98,30,4,2,0,5,0,0,0,0,true,,false,false,true,false,false,,,,,,false,false,false,,,false,false,false,false,false,-83.04836,42.32809,"{
  ""coordinates"": [
    -8.304836206499991e+01,
    4.232809065800010e+01
  ],
  ""type"": ""Point""
}","{
  ""coordinates"": [
    -83.048362065,
    42.328090658
  ],
  ""type"": ""Point""
}",-83.0483620649999,42.3280906580001
7739,1134348,LINWOOD,I 94 SERVICE,2017-09-13,13,9,2017,19,4,98,9,,4,0,,1,1,1,25,4,2,3,4,0,0,0,1,false,,true,true,true,false,false,,,,,,false,false,true,,,false,false,false,false,false,-83.09402,42.35232,"{
  ""coordinates"": [
    -8.309401580699991e+01,
    4.235232191500010e+01
  ],
  ""type"": ""Point""
}","{
  ""coordinates"": [
    -83.094015807,
    42.352321915
  ],
  ""type"": ""Point""
}",-83.0940158069999,42.3523219150001
7740,1140170,S/B M-39,CURTIS,2017-09-13,13,9,2017,8,4,5,3,,1,0,,1,2,1,55,3,2,2,5,0,0,0,0,true,,false,false,false,false,false,,,,,,false,false,false,,,false,false,false,false,false,-83.21915,42.42306,"{
  ""coordinates"": [
    -8.321914720599990e+01,
    4.242306303300010e+01
  ],
  ""type"": ""Point""
}","{
  ""coordinates"": [
    -83.219147206,
    42.423063033
  ],
  ""type"": ""Point""
}",-83.2191472059999,42.4230630330001
7741,1132131,MACK,BENITEAU,2017-09-13,13,9,2017,8,4,4,9,,4,0,,1,2,1,30,4,2,4,5,0,0,0,0,true,,true,false,true,false,false,,,,,,false,false,false,,,false,false,false,false,false,-82.97971,42.37864,"{
  ""coordinates"": [
    -8.297971246899991e+01,
    4.237864075900010e+01
  ],
  ""type"": ""Point""
}","{
  ""coordinates"": [
    -82.979712469,
    42.378640759
  ],
  ""type"": ""Point""
}",-82.9797124689999,42.3786407590001
7742,1132148,NORTHFIELD,JOY,2017-09-13,13,9,2017,23,4,1,9,,,0,,1,1,4,25,2,1,1,5,0,0,0,0,true,,false,false,false,false,false,,,,,,false,false,false,,,false,false,false,false,false,-83.13284,42.36203,"{
  ""coordinates"": [
    -8.313284049600000e+01,
    4.236202936900000e+01
  ],
  ""type"": ""Point""
}","{
  ""coordinates"": [
    -83.132840496,
    42.362029369
  ],
  ""type"": ""Point""
}",-83.132840496,42.362029369
7743,1133124,BRETTON,GRANDRIVER,2017-09-13,13,9,2017,9,4,8,3,,,0,,1,1,1,25,1,2,2,5,0,0,0,0,true,,false,false,true,false,false,,,,,,false,true,false,,,false,false,false,false,false,-83.2193,42.4011,"{
  ""coordinates"": [
    -8.321930308100001e+01,
    4.240110572900010e+01
  ],
  ""type"": ""Point""
}","{
  ""coordinates"": [
    -83.219303081,
    42.401105729
  ],
  ""type"": ""Point""
}",-83.219303081,42.4011057290001
7744,1133126,SOUTHFIELD SERVICE DRIVE,RAMP 012D,2017-09-13,13,9,2017,22,4,5,9,,5,0,,1,1,4,35,3,2,1,5,0,0,0,0,true,,false,false,true,false,false,,,,,,false,false,false,,,false,false,false,false,false,-83.22008,42.44176,"{
  ""coordinates"": [
    -8.322007698100001e+01,
    4.244176159100000e+01
  ],
  ""type"": ""Point""
}","{
  ""coordinates"": [
    -83.220076981,
    42.441761591
  ],
  ""type"": ""Point""
}",-83.220076981,42.441761591
7745,1141996,M-39,GRANDRIVER,2017-09-13,13,9,2017,16,4,5,3,,1,0,,1,1,1,55,3,2,1,5,0,0,0,0,true,,false,false,false,false,false,,,,,,false,false,false,,,false,false,false,false,false,-83.21805,42.39706,"{
  ""coordinates"": [
    -8.321804843699989e+01,
    4.239706227200000e+01
  ],
  ""type"": ""Point""
}","{
  ""coordinates"": [
    -83.218048437,
    42.397062272
  ],
  ""type"": ""Point""
}",-83.2180484369999,42.397062272
7746,1136168,I-94,CASS,2017-09-13,13,9,2017,18,4,8,1,,1,0,,1,1,1,55,3,2,2,5,0,0,0,0,true,,false,false,false,false,false,,,,,,false,false,false,,,false,false,false,false,false,-83.07078,42.36254,"{
  ""coordinates"": [
    -8.307077724500000e+01,
    4.236253694400010e+01
  ],
  ""type"": ""Point""
}","{
  ""coordinates"": [
    -83.070777245,
    42.362536944
  ],
  ""type"": ""Point""
}",-83.070777245,42.3625369440001
7747,1165706,MACK,SAINT AUBIN,2017-09-13,13,9,2017,15,4,97,9,,4,0,,1,1,1,25,2,3,7,4,0,0,0,2,false,,false,false,false,false,false,,,,,,false,false,true,,,false,false,false,false,false,-83.03825,42.35522,"{
  ""coordinates"": [
    -8.303825287200000e+01,
    4.235521789500010e+01
  ],
  ""type"": ""Point""
}","{
  ""coordinates"": [
    -83.038252872,
    42.355217895
  ],
  ""type"": ""Point""
}",-83.038252872,42.3552178950001
7748,1134351,WARREN,S I 75,2017-09-13,13,9,2017,15,4,8,9,,4,0,,1,1,1,35,3,2,2,5,0,0,0,0,true,,false,false,false,false,false,,,,,,false,false,false,,,false,false,false,false,false,-83.05452,42.36094,"{
  ""coordinates"": [
    -8.305452166000001e+01,
    4.236094125400010e+01
  ],
  ""type"": ""Point""
}","{
  ""coordinates"": [
    -83.05452166,
    42.360941254
  ],
  ""type"": ""Point""
}",-83.05452166,42.3609412540001
7749,1134278,I-96 W/B,MICHIGAN,2017-09-13,13,9,2017,16,4,8,1,,1,0,,1,2,1,55,2,2,2,3,0,0,1,0,false,,false,false,false,false,false,,,,,,false,false,true,,,false,false,false,false,false,-83.23991,42.38317,"{
  ""coordinates"": [
    -8.323991282000000e+01,
    4.238317393100000e+01
  ],
  ""type"": ""Point""
}","{
  ""coordinates"": [
    -83.23991282,
    42.383173931
  ],
  ""type"": ""Point""
}",-83.23991282,42.383173931
7750,1134402,DAVISON,LIVERNOIS,2017-09-13,13,9,2017,14,4,5,3,,1,0,,1,1,1,35,4,2,3,5,0,0,0,0,true,,false,false,false,false,false,,,,,,false,false,true,,,false,false,false,false,false,-83.13944,42.3867,"{
  ""coordinates"": [
    -8.313944541700000e+01,
    4.238670205300010e+01
  ],
  ""type"": ""Point""
}","{
  ""coordinates"": [
    -83.139445417,
    42.386702053
  ],
  ""type"": ""Point""
}",-83.139445417,42.3867020530001
7751,1132149,WEBB,BYRON,2017-09-13,13,9,2017,19,4,8,9,,4,0,,1,2,1,0,4,2,3,4,0,0,0,2,false,,false,false,false,false,false,,,,,,false,false,true,,,false,false,false,false,false,-83.10071,42.38836,"{
  ""coordinates"": [
    -8.310070967999999e+01,
    4.238835446200010e+01
  ],
  ""type"": ""Point""
}","{
  ""coordinates"": [
    -83.10070968,
    42.388354462
  ],
  ""type"": ""Point""
}",-83.10070968,42.3883544620001
7752,1136988,S I 375,RAMP 018B,2017-09-13,13,9,2017,15,4,8,1,,1,0,,1,1,1,55,3,2,3,5,0,0,0,0,true,,false,false,false,false,false,,,,,,false,false,true,,,false,false,false,false,false,-83.04241,42.3404,"{
  ""coordinates"": [
    -8.304241114099990e+01,
    4.234039624700010e+01
  ],
  ""type"": ""Point""
}","{
  ""coordinates"": [
    -83.042411141,
    42.340396247
  ],
  ""type"": ""Point""
}",-83.0424111409999,42.3403962470001
7753,1132144,HOOVER,SAUER,2017-09-13,13,9,2017,15,4,7,3,,1,0,,1,2,1,30,2,2,3,5,0,0,0,0,true,,false,false,false,false,false,,,,,,false,false,true,,,false,false,false,false,false,-83.00407,42.42157,"{
  ""coordinates"": [
    -8.300407784200000e+01,
    4.242156582100010e+01
  ],
  ""type"": ""Point""
}","{
  ""coordinates"": [
    -83.004077842,
    42.421565821
  ],
  ""type"": ""Point""
}",-83.004077842,42.4215658210001
7754,1132128,MCGRAW,LONYO,2017-09-13,13,9,2017,1,4,4,9,,4,0,,1,1,4,35,5,2,2,2,0,1,0,0,false,,true,true,false,false,false,,,,,,false,false,false,,,false,false,false,false,false,-83.14642,42.33322,"{
  ""coordinates"": [
    -8.314642197300000e+01,
    4.233321932900000e+01
  ],
  ""type"": ""Point""
}","{
  ""coordinates"": [
    -83.146421973,
    42.333219329
  ],
  ""type"": ""Point""
}",-83.146421973,42.333219329
7755,1144805,CASS,ALEXANDRINE,2017-09-13,13,9,2017,14,4,9,9,,4,0,,1,1,1,30,2,2,2,5,0,0,0,0,true,,false,false,false,false,false,,,,,,false,false,true,,,false,false,false,false,false,-83.06295,42.3495,"{
  ""coordinates"": [
    -8.306294734600000e+01,
    4.234949939900010e+01
  ],
  ""type"": ""Point""
}","{
  ""coordinates"": [
    -83.062947346,
    42.349499399
  ],
  ""type"": ""Point""
}",-83.062947346,42.3494993990001