ObjectId,Crash ID,Primary Road,Intersecting Road,Crash Date,Day,Month,Year,Hour,Weekday,Crash Type Code,Highway Classification Code,Community Code,Jurisdiction Code,Lane Departure Type Code,Surface Type,Road Condition,Weather Condition,Lighting Condition,Speed Limit,Lanes,Units,Occupants,Most Severe Injury,Fatal Injuries,Suspected Serious Injuries,Suspected Minor Injuries,Possible Injuries,Property Damage Only,Secondary Crash,Traffic Control,Red Light Run,Hit and Run,Alcohol,Drugs,Unbelted Person,Work Zone,Speeding Driver,Distracted Driver,Driveway,Pedestrian,Elderly Driver,Young Driver,Commercial Vehicle,Emergency Vehicles,Train,School Bus,Motorcycle,Bicycle,Deer,Longitude,Latitude,geom,geog,x,y
7870,1130489,GALLAGHER,8 MILE,2017-09-11,11,9,2017,20,2,1,3,,,0,,1,1,3,25,2,1,1,5,0,0,0,0,true,,false,false,false,false,false,,,,,,false,false,true,,,false,false,false,false,false,-83.07104,42.44715,"{
  ""coordinates"": [
    -8.307103964500000e+01,
    4.244715277300000e+01
  ],
  ""type"": ""Point""
}","{
  ""coordinates"": [
    -83.071039645,
    42.447152773
  ],
  ""type"": ""Point""
}",-83.071039645,42.447152773
7871,1131249,CURTIS,NORTHROP,2017-09-11,11,9,2017,2,2,4,9,,,0,,1,1,4,25,2,2,3,5,0,0,0,0,true,,false,false,true,false,false,,,,,,false,false,true,,,false,false,false,false,false,-83.2615,42.42192,"{
  ""coordinates"": [
    -8.326149815699991e+01,
    4.242192328900010e+01
  ],
  ""type"": ""Point""
}","{
  ""coordinates"": [
    -83.261498157,
    42.421923289
  ],
  ""type"": ""Point""
}",-83.2614981569999,42.4219232890001
7872,1140329,TRACEY,PEMBROKE,2017-09-11,11,9,2017,13,2,4,9,,,0,,1,1,1,0,2,2,1,4,0,0,0,1,false,,false,false,false,false,false,,,,,,false,false,false,,,false,false,false,false,false,-83.18197,42.43829,"{
  ""coordinates"": [
    -8.318197248900000e+01,
    4.243828463100000e+01
  ],
  ""type"": ""Point""
}","{
  ""coordinates"": [
    -83.181972489,
    42.438284631
  ],
  ""type"": ""Point""
}",-83.181972489,42.438284631
7873,1130440,LYNDON,SUSSEX,2017-09-11,11,9,2017,16,2,8,9,,4,0,,1,1,1,25,1,2,1,5,0,0,0,0,true,,false,false,true,false,false,,,,,,false,true,false,,,false,false,false,false,false,-83.19473,42.39438,"{
  ""coordinates"": [
    -8.319473289099990e+01,
    4.239437770000010e+01
  ],
  ""type"": ""Point""
}","{
  ""coordinates"": [
    -83.194732891,
    42.3943777
  ],
  ""type"": ""Point""
}",-83.1947328909999,42.3943777000001
7874,1134285,I-94,CADIEUX,2017-09-11,11,9,2017,17,2,5,1,,1,0,,1,1,1,55,3,2,2,5,0,0,0,0,true,,false,false,false,false,false,,,,,,false,false,false,,,false,false,false,false,false,-82.94071,42.41476,"{
  ""coordinates"": [
    -8.294070834699990e+01,
    4.241475948000000e+01
  ],
  ""type"": ""Point""
}","{
  ""coordinates"": [
    -82.940708347,
    42.41475948
  ],
  ""type"": ""Point""
}",-82.9407083469999,42.41475948
7875,1130493,OUTER,VAN DYKE,2017-09-11,11,9,2017,16,2,97,3,,2,0,,1,1,1,35,4,3,5,4,0,0,0,3,false,,false,false,true,false,false,,,,,,false,false,false,,,false,false,false,false,false,-83.02457,42.44114,"{
  ""coordinates"": [
    -8.302456566900000e+01,
    4.244113576500010e+01
  ],
  ""type"": ""Point""
}","{
  ""coordinates"": [
    -83.024565669,
    42.441135765
  ],
  ""type"": ""Point""
}",-83.024565669,42.4411357650001
7876,1130441,E I 94,CONSOLIDATED RAIL CORPORATION,2017-09-11,11,9,2017,8,2,1,1,,1,0,,1,1,1,35,2,1,1,4,0,0,0,1,false,,false,false,false,false,false,,,,,,false,false,true,,,false,false,false,false,false,-83.08649,42.35408,"{
  ""coordinates"": [
    -8.308648547900000e+01,
    4.235408281300000e+01
  ],
  ""type"": ""Point""
}","{
  ""coordinates"": [
    -83.086485479,
    42.354082813
  ],
  ""type"": ""Point""
}",-83.086485479,42.354082813
7877,1131264,PEMBROKE,NORTHROP,2017-09-11,11,9,2017,16,2,8,9,,,0,,1,1,1,25,1,2,1,5,0,0,0,0,true,,false,false,true,false,false,,,,,,false,false,false,,,false,false,false,false,false,-83.26248,42.43631,"{
  ""coordinates"": [
    -8.326248437700001e+01,
    4.243631220400000e+01
  ],
  ""type"": ""Point""
}","{
  ""coordinates"": [
    -83.262484377,
    42.436312204
  ],
  ""type"": ""Point""
}",-83.262484377,42.436312204
7878,1131244,MCINTYRE,CHIPPEWA,2017-09-11,11,9,2017,17,2,8,9,,,0,,2,1,4,25,2,2,0,5,0,0,0,0,true,,false,false,true,false,false,,,,,,false,false,false,,,false,false,false,false,false,-83.26299,42.43884,"{
  ""coordinates"": [
    -8.326299246400001e+01,
    4.243883629300010e+01
  ],
  ""type"": ""Point""
}","{
  ""coordinates"": [
    -83.262992464,
    42.438836293
  ],
  ""type"": ""Point""
}",-83.262992464,42.4388362930001
7879,1129313,ROSSITER,YORKSHIRE,2017-09-11,11,9,2017,2,2,5,9,,,0,,1,1,4,25,1,2,0,5,0,0,0,0,true,,false,false,true,false,false,,,,,,false,false,false,,,false,false,false,false,false,-82.95332,42.41974,"{
  ""coordinates"": [
    -8.295331998800000e+01,
    4.241974364000000e+01
  ],
  ""type"": ""Point""
}","{
  ""coordinates"": [
    -82.953319988,
    42.41974364
  ],
  ""type"": ""Point""
}",-82.953319988,42.41974364
7880,1162327,CASS,LEDYARD,2017-09-11,11,9,2017,12,2,4,9,,4,0,,1,1,1,25,1,2,2,5,0,0,0,0,true,,false,false,false,false,false,,,,,,false,true,false,,,false,false,false,false,false,-83.05785,42.34044,"{
  ""coordinates"": [
    -8.305784953800000e+01,
    4.234044002100010e+01
  ],
  ""type"": ""Point""
}","{
  ""coordinates"": [
    -83.057849538,
    42.340440021
  ],
  ""type"": ""Point""
}",-83.057849538,42.3404400210001
7881,1131268,VAN DYKE,OUTER,2017-09-11,11,9,2017,6,2,1,3,,1,0,,1,1,2,35,5,2,0,2,0,1,0,0,false,,false,false,true,false,false,,,,,,true,false,false,,,false,false,false,false,false,-83.02449,42.44115,"{
  ""coordinates"": [
    -8.302448830100001e+01,
    4.244115477400000e+01
  ],
  ""type"": ""Point""
}","{
  ""coordinates"": [
    -83.024488301,
    42.441154774
  ],
  ""type"": ""Point""
}",-83.024488301,42.441154774
7882,1137059,JOY,METTETAL,2017-09-11,11,9,2017,17,2,5,9,,2,0,,1,1,1,35,4,2,5,3,0,0,1,4,false,,false,false,false,false,false,,,,,,false,false,true,,,false,false,false,false,false,-83.20548,42.35801,"{
  ""coordinates"": [
    -8.320548394900000e+01,
    4.235800538000010e+01
  ],
  ""type"": ""Point""
}","{
  ""coordinates"": [
    -83.205483949,
    42.35800538
  ],
  ""type"": ""Point""
}",-83.205483949,42.3580053800001
7883,1138871,MACOMB,RANDOLPH,2017-09-11,11,9,2017,21,2,9,3,,4,2,,1,1,4,20,2,2,1,5,0,0,0,0,true,,false,false,true,false,false,,,,,,false,false,false,,,false,false,false,false,false,-83.04516,42.33471,"{
  ""coordinates"": [
    -8.304515655599990e+01,
    4.233471295100000e+01
  ],
  ""type"": ""Point""
}","{
  ""coordinates"": [
    -83.045156556,
    42.334712951
  ],
  ""type"": ""Point""
}",-83.0451565559999,42.334712951
7884,1130470,SOUTHFIELD SERVICE DRIVE,HESSEL,2017-09-11,11,9,2017,8,2,4,3,,5,0,,1,1,1,30,2,2,2,4,0,0,0,1,false,,true,true,false,false,false,,,,,,false,true,false,,,false,false,false,false,false,-83.21943,42.44278,"{
  ""coordinates"": [
    -8.321942895900000e+01,
    4.244278007800010e+01
  ],
  ""type"": ""Point""
}","{
  ""coordinates"": [
    -83.219428959,
    42.442780078
  ],
  ""type"": ""Point""
}",-83.219428959,42.4427800780001
7885,1141268,ALEXANDRINE,THIRD,2017-09-11,11,9,2017,18,2,5,9,,,0,,1,1,1,25,2,2,2,5,0,0,0,0,true,,false,false,false,false,false,,,,,,false,false,false,,,false,false,false,false,false,-83.06729,42.34806,"{
  ""coordinates"": [
    -8.306729375899990e+01,
    4.234805526500000e+01
  ],
  ""type"": ""Point""
}","{
  ""coordinates"": [
    -83.067293759,
    42.348055265
  ],
  ""type"": ""Point""
}",-83.0672937589999,42.348055265
7886,1130487,DAVISON,WILDEMERE,2017-09-11,11,9,2017,18,2,5,3,,1,0,,1,1,1,35,5,2,2,5,0,0,0,0,true,,false,false,true,false,false,,,,,,false,false,false,,,false,false,false,false,false,-83.12728,42.39108,"{
  ""coordinates"": [
    -8.312727841500001e+01,
    4.239107388400000e+01
  ],
  ""type"": ""Point""
}","{
  ""coordinates"": [
    -83.127278415,
    42.391073884
  ],
  ""type"": ""Point""
}",-83.127278415,42.391073884
7887,1130442,CLIFFORD,MONTCALM,2017-09-11,11,9,2017,16,2,5,9,,4,0,,1,1,1,30,2,2,3,5,0,0,0,0,true,,false,false,false,false,false,,,,,,false,false,true,,,false,false,false,false,false,-83.05528,42.33762,"{
  ""coordinates"": [
    -8.305528591699991e+01,
    4.233761611600000e+01
  ],
  ""type"": ""Point""
}","{
  ""coordinates"": [
    -83.055285917,
    42.337616116
  ],
  ""type"": ""Point""
}",-83.0552859169999,42.337616116
7888,1144764,DAVISON,DEQUINDRE,2017-09-11,11,9,2017,15,2,1,9,,4,1,,1,1,1,55,3,1,1,4,0,0,0,1,false,,false,false,false,false,false,,,,,,false,false,false,,,false,false,false,false,false,-83.07738,42.4087,"{
  ""coordinates"": [
    -8.307738580800000e+01,
    4.240869472700010e+01
  ],
  ""type"": ""Point""
}","{
  ""coordinates"": [
    -83.077385808,
    42.408694727
  ],
  ""type"": ""Point""
}",-83.077385808,42.4086947270001
7889,1130473,CARLISLE,REGENT,2017-09-11,11,9,2017,7,2,5,9,,,0,,1,1,1,25,2,2,1,5,0,0,0,0,true,,true,false,true,false,false,,,,,,false,false,false,,,false,false,false,false,false,-82.97611,42.44873,"{
  ""coordinates"": [
    -8.297611409800000e+01,
    4.244872664100010e+01
  ],
  ""type"": ""Point""
}","{
  ""coordinates"": [
    -82.976114098,
    42.448726641
  ],
  ""type"": ""Point""
}",-82.976114098,42.4487266410001
7890,1131266,GRAND,DEXTER,2017-09-11,11,9,2017,17,2,5,9,,,0,,1,2,1,35,2,2,2,5,0,0,0,0,true,,false,false,false,false,false,,,,,,false,false,false,,,false,false,false,false,false,-83.13163,42.39148,"{
  ""coordinates"": [
    -8.313163236100000e+01,
    4.239147771000010e+01
  ],
  ""type"": ""Point""
}","{
  ""coordinates"": [
    -83.131632361,
    42.39147771
  ],
  ""type"": ""Point""
}",-83.131632361,42.3914777100001
7891,1130455,E I 96,MARTIN LUTHER KING JR,2017-09-11,11,9,2017,8,2,8,1,,1,0,,1,1,1,55,4,2,2,5,0,0,0,0,true,,false,false,false,false,false,,,,,,false,false,false,,,false,false,false,false,false,-83.09081,42.33625,"{
  ""coordinates"": [
    -8.309080547699990e+01,
    4.233625202300000e+01
  ],
  ""type"": ""Point""
}","{
  ""coordinates"": [
    -83.090805477,
    42.336252023
  ],
  ""type"": ""Point""
}",-83.0908054769999,42.336252023
7892,1130477,LINWOOD,GRAND,2017-09-11,11,9,2017,12,2,5,9,,4,0,,1,2,1,35,2,3,0,5,0,0,0,0,true,,false,false,true,false,false,,,,,,false,false,true,,,false,false,false,false,false,-83.12331,42.39493,"{
  ""coordinates"": [
    -8.312330305300000e+01,
    4.239492656300010e+01
  ],
  ""type"": ""Point""
}","{
  ""coordinates"": [
    -83.123303053,
    42.394926563
  ],
  ""type"": ""Point""
}",-83.123303053,42.3949265630001
7893,1131222,TOLEDO,CLARK,2017-09-11,11,9,2017,19,2,10,9,,4,0,,1,1,1,25,2,2,4,5,0,0,0,0,true,,false,false,true,false,false,,,,,,false,false,false,,,false,false,false,false,false,-83.09782,42.3232,"{
  ""coordinates"": [
    -8.309781627599990e+01,
    4.232320121100000e+01
  ],
  ""type"": ""Point""
}","{
  ""coordinates"": [
    -83.097816276,
    42.323201211
  ],
  ""type"": ""Point""
}",-83.0978162759999,42.323201211
7894,1133143,7 MILE,WOODINGHAM,2017-09-11,11,9,2017,17,2,5,9,,2,0,,1,1,1,30,4,2,1,3,0,0,1,0,false,,false,false,false,false,false,,,,,,false,false,false,,,false,false,false,false,false,-83.15068,42.43143,"{
  ""coordinates"": [
    -8.315067921399999e+01,
    4.243143397700000e+01
  ],
  ""type"": ""Point""
}","{
  ""coordinates"": [
    -83.150679214,
    42.431433977
  ],
  ""type"": ""Point""
}",-83.150679214,42.431433977
7895,1141995,W I 94,E I 96,2017-09-11,11,9,2017,18,2,5,1,,1,0,,1,1,1,55,3,2,2,5,0,0,0,0,true,,false,false,false,false,false,,,,,,false,false,true,,,false,false,false,false,false,-83.09943,42.35014,"{
  ""coordinates"": [
    -8.309942651599989e+01,
    4.235013787400000e+01
  ],
  ""type"": ""Point""
}","{
  ""coordinates"": [
    -83.099426516,
    42.350137874
  ],
  ""type"": ""Point""
}",-83.0994265159999,42.350137874
7896,1129557,ALLEN,OUTER,2017-09-11,11,9,2017,11,2,1,9,,2,0,,1,1,1,35,5,2,2,4,0,0,0,1,false,,false,false,false,false,false,,,,,,false,false,false,,,false,false,false,true,false,-83.19944,42.41947,"{
  ""coordinates"": [
    -8.319944248800000e+01,
    4.241947301500010e+01
  ],
  ""type"": ""Point""
}","{
  ""coordinates"": [
    -83.199442488,
    42.419473015
  ],
  ""type"": ""Point""
}",-83.199442488,42.4194730150001
7897,1138889,WOODWARD,FORT,2017-09-11,11,9,2017,10,2,1,9,,4,0,,1,1,1,35,3,2,4,4,0,0,0,1,false,,false,false,false,false,false,,,,,,false,false,false,,,true,false,false,false,false,-83.047,42.33125,"{
  ""coordinates"": [
    -8.304699811300000e+01,
    4.233124965300000e+01
  ],
  ""type"": ""Point""
}","{
  ""coordinates"": [
    -83.046998113,
    42.331249653
  ],
  ""type"": ""Point""
}",-83.046998113,42.331249653
7898,1134272,RAMP 216A,I-75,2017-09-11,11,9,2017,9,2,5,1,,1,0,,1,1,1,55,1,2,2,4,0,0,0,1,false,,false,false,false,false,false,,,,,,false,false,false,,,false,false,false,false,false,-83.05555,42.36248,"{
  ""coordinates"": [
    -8.305554617400000e+01,
    4.236248235400010e+01
  ],
  ""type"": ""Point""
}","{
  ""coordinates"": [
    -83.055546174,
    42.362482354
  ],
  ""type"": ""Point""
}",-83.055546174,42.3624823540001
7899,1130444,E I 96,MARTIN LUTHER KING JR,2017-09-11,11,9,2017,0,2,4,1,,1,0,,1,1,1,25,3,2,3,5,0,0,0,0,true,,true,true,false,false,false,,,,,,false,false,true,,,false,false,false,false,false,-83.09074,42.33618,"{
  ""coordinates"": [
    -8.309074553100000e+01,
    4.233617988400000e+01
  ],
  ""type"": ""Point""
}","{
  ""coordinates"": [
    -83.090745531,
    42.336179884
  ],
  ""type"": ""Point""
}",-83.090745531,42.336179884
7900,1131236,TIREMAN,ASHTON,2017-09-11,11,9,2017,10,2,97,9,,4,0,,1,1,1,25,2,3,6,3,0,0,3,1,false,,false,false,false,false,false,,,,,,false,false,false,,,false,false,false,false,false,-83.21744,42.35061,"{
  ""coordinates"": [
    -8.321743854999990e+01,
    4.235060913700000e+01
  ],
  ""type"": ""Point""
}","{
  ""coordinates"": [
    -83.21743855,
    42.350609137
  ],
  ""type"": ""Point""
}",-83.2174385499999,42.350609137
7901,1130490,JOSEPH CAMPAU,VICTORIA,2017-09-11,11,9,2017,17,2,5,9,,4,0,,1,1,1,25,4,2,2,2,0,1,0,1,false,,false,false,false,false,false,,,,,,false,false,false,,,false,false,false,false,false,-83.07092,42.41615,"{
  ""coordinates"": [
    -8.307092067500000e+01,
    4.241615040700000e+01
  ],
  ""type"": ""Point""
}","{
  ""coordinates"": [
    -83.070920675,
    42.416150407
  ],
  ""type"": ""Point""
}",-83.070920675,42.416150407
7902,1130461,GREENFIELD,CHICAGO,2017-09-11,11,9,2017,8,2,5,9,,2,0,,1,1,1,35,5,2,2,5,0,0,0,0,true,,false,false,false,false,false,,,,,,false,false,false,,,false,false,false,false,false,-83.19728,42.3653,"{
  ""coordinates"": [
    -8.319728019800000e+01,
    4.236529924700010e+01
  ],
  ""type"": ""Point""
}","{
  ""coordinates"": [
    -83.197280198,
    42.365299247
  ],
  ""type"": ""Point""
}",-83.197280198,42.3652992470001
7903,1130494,KENTUCKY,CAMBRIDGE,2017-09-11,11,9,2017,14,2,8,9,,,0,,1,1,1,25,3,2,1,5,0,0,0,0,true,,false,false,false,false,false,,,,,,false,false,false,,,false,true,false,false,false,-83.15995,42.43326,"{
  ""coordinates"": [
    -8.315995173999990e+01,
    4.243325677900000e+01
  ],
  ""type"": ""Point""
}","{
  ""coordinates"": [
    -83.15995174,
    42.433256779
  ],
  ""type"": ""Point""
}",-83.1599517399999,42.433256779
7904,1134215,SOUTHFIELD,WARREN,2017-09-11,11,9,2017,17,2,5,3,,1,0,,1,1,1,55,3,2,2,4,0,0,0,1,false,,false,false,false,false,false,,,,,,false,false,true,,,false,false,false,false,false,-83.21622,42.34324,"{
  ""coordinates"": [
    -8.321622127900000e+01,
    4.234324087100000e+01
  ],
  ""type"": ""Point""
}","{
  ""coordinates"": [
    -83.216221279,
    42.343240871
  ],
  ""type"": ""Point""
}",-83.216221279,42.343240871
7905,1134292,I-75,CLAY,2017-09-11,11,9,2017,17,2,5,1,,1,0,,1,1,1,70,4,2,3,4,0,0,0,3,false,,false,false,false,false,false,,,,,,false,false,false,,,false,false,false,false,false,-83.06203,42.37707,"{
  ""coordinates"": [
    -8.306202689500000e+01,
    4.237706585600010e+01
  ],
  ""type"": ""Point""
}","{
  ""coordinates"": [
    -83.062026895,
    42.377065856
  ],
  ""type"": ""Point""
}",-83.062026895,42.3770658560001
7906,1141271,ST ANTOINE,WARREN,2017-09-11,11,9,2017,18,2,5,9,,4,0,,1,1,1,30,3,2,2,5,0,0,0,0,true,,false,false,false,false,false,,,,,,false,false,false,,,false,false,false,false,false,-83.05698,42.35968,"{
  ""coordinates"": [
    -8.305698123199990e+01,
    4.235968518200010e+01
  ],
  ""type"": ""Point""
}","{
  ""coordinates"": [
    -83.056981232,
    42.359685182
  ],
  ""type"": ""Point""
}",-83.0569812319999,42.3596851820001
7907,1130475,GRAND,RUSSELL,2017-09-11,11,9,2017,15,2,8,9,,4,0,,1,1,1,35,7,2,3,5,0,0,0,0,true,,false,false,false,false,false,,,,,,false,true,false,,,false,false,false,false,false,-83.05942,42.37495,"{
  ""coordinates"": [
    -8.305941391200000e+01,
    4.237494960600000e+01
  ],
  ""type"": ""Point""
}","{
  ""coordinates"": [
    -83.059413912,
    42.374949606
  ],
  ""type"": ""Point""
}",-83.059413912,42.374949606
7908,1134291,I-75,CLAY,2017-09-11,11,9,2017,17,2,8,1,,1,0,,1,1,1,55,4,2,1,5,0,0,0,0,true,,false,false,true,false,false,,,,,,false,false,true,,,false,false,false,false,false,-83.06111,42.37571,"{
  ""coordinates"": [
    -8.306110946099990e+01,
    4.237570407900010e+01
  ],
  ""type"": ""Point""
}","{
  ""coordinates"": [
    -83.061109461,
    42.375704079
  ],
  ""type"": ""Point""
}",-83.0611094609999,42.3757040790001
7909,1138926,RANDOLPH,MADISON,2017-09-11,11,9,2017,18,2,1,9,,4,0,,1,1,1,25,2,2,1,4,0,0,0,1,false,,false,false,false,false,false,,,,,,true,false,false,,,false,false,false,false,false,-83.04665,42.3371,"{
  ""coordinates"": [
    -8.304665310999999e+01,
    4.233709958100010e+01
  ],
  ""type"": ""Point""
}","{
  ""coordinates"": [
    -83.04665311,
    42.337099581
  ],
  ""type"": ""Point""
}",-83.04665311,42.3370995810001
7910,1134271,I-375,GRATIOT,2017-09-11,11,9,2017,8,2,5,1,,1,0,,1,1,2,55,4,2,2,5,0,0,0,0,true,,false,false,false,false,false,,,,,,false,false,false,,,false,false,false,false,false,-83.04202,42.34009,"{
  ""coordinates"": [
    -8.304202216199999e+01,
    4.234008704200010e+01
  ],
  ""type"": ""Point""
}","{
  ""coordinates"": [
    -83.042022162,
    42.340087042
  ],
  ""type"": ""Point""
}",-83.042022162,42.3400870420001
7911,1141275,WARREN,BRUSH,2017-09-11,11,9,2017,9,2,5,9,,4,0,,1,1,1,30,4,2,2,5,0,0,0,0,true,,false,false,false,false,false,,,,,,false,true,true,,,false,false,false,false,false,-83.06003,42.3588,"{
  ""coordinates"": [
    -8.306002807100000e+01,
    4.235879455900000e+01
  ],
  ""type"": ""Point""
}","{
  ""coordinates"": [
    -83.060028071,
    42.358794559
  ],
  ""type"": ""Point""
}",-83.060028071,42.358794559
7912,1136239,TEMPLE,TRUMBULL,2017-09-11,11,9,2017,19,2,4,9,,4,0,,1,1,1,25,2,2,2,5,0,0,0,0,true,,false,false,false,false,false,,,,,,false,false,false,,,false,false,false,false,false,-83.07035,42.33802,"{
  ""coordinates"": [
    -8.307034871499999e+01,
    4.233801473700000e+01
  ],
  ""type"": ""Point""
}","{
  ""coordinates"": [
    -83.070348715,
    42.338014737
  ],
  ""type"": ""Point""
}",-83.070348715,42.338014737
7913,1130491,HULL,STATE FAIR,2017-09-11,11,9,2017,17,2,97,9,,,0,,1,1,1,30,3,2,1,5,0,0,0,0,true,,false,false,true,false,false,,,,,,false,false,false,,,false,false,false,false,false,-83.08895,42.4398,"{
  ""coordinates"": [
    -8.308895139299990e+01,
    4.243980269200010e+01
  ],
  ""type"": ""Point""
}","{
  ""coordinates"": [
    -83.088951393,
    42.439802692
  ],
  ""type"": ""Point""
}",-83.0889513929999,42.4398026920001
7914,1133148,GREENLAWN,PURITAN,2017-09-11,11,9,2017,20,2,1,9,,,0,,1,1,5,25,1,2,0,4,0,0,0,1,false,,false,false,true,true,false,,,,,,true,false,false,,,false,false,false,false,false,-83.15096,42.41048,"{
  ""coordinates"": [
    -8.315096595100000e+01,
    4.241048572600000e+01
  ],
  ""type"": ""Point""
}","{
  ""coordinates"": [
    -83.150965951,
    42.410485726
  ],
  ""type"": ""Point""
}",-83.150965951,42.410485726
7915,1129308,GRATIOT,MCCELLAN,2017-09-11,11,9,2017,0,2,8,3,,1,0,,1,1,4,35,7,2,3,5,0,0,0,0,true,,false,false,false,false,false,,,,,,false,false,false,,,false,false,false,false,false,-83.00684,42.3907,"{
  ""coordinates"": [
    -8.300683753000000e+01,
    4.239070023000000e+01
  ],
  ""type"": ""Point""
}","{
  ""coordinates"": [
    -83.00683753,
    42.39070023
  ],
  ""type"": ""Point""
}",-83.00683753,42.39070023
7916,1130483,DAVISON,LIVERNOIS,2017-09-11,11,9,2017,10,2,5,3,,1,0,,1,1,1,35,3,2,2,5,0,0,0,0,true,,false,false,false,false,false,,,,,,false,false,true,,,false,false,false,false,false,-83.13917,42.38671,"{
  ""coordinates"": [
    -8.313916935600000e+01,
    4.238671487100000e+01
  ],
  ""type"": ""Point""
}","{
  ""coordinates"": [
    -83.139169356,
    42.386714871
  ],
  ""type"": ""Point""
}",-83.139169356,42.386714871
7917,1135388,JEFFERSON,CHALMERS,2017-09-11,11,9,2017,18,2,4,9,,4,0,,1,1,1,35,3,2,6,5,0,0,0,0,true,,false,false,false,false,false,,,,,,false,true,false,,,false,false,false,false,false,-82.94431,42.37291,"{
  ""coordinates"": [
    -8.294430466400000e+01,
    4.237290761500000e+01
  ],
  ""type"": ""Point""
}","{
  ""coordinates"": [
    -82.944304664,
    42.372907615
  ],
  ""type"": ""Point""
}",-82.944304664,42.372907615
7918,1149206,I 94 W/B,WYOMING,2017-09-11,11,9,2017,17,2,8,1,,1,0,,1,1,1,70,3,4,4,5,0,0,0,0,true,,false,false,false,false,false,,,,,,false,false,false,,,false,false,false,false,false,-83.15294,42.32975,"{
  ""coordinates"": [
    -8.315293805200000e+01,
    4.232974775100010e+01
  ],
  ""type"": ""Point""
}","{
  ""coordinates"": [
    -83.152938052,
    42.329747751
  ],
  ""type"": ""Point""
}",-83.152938052,42.3297477510001
7919,1134274,I-75,CLARK,2017-09-11,11,9,2017,6,2,8,1,,1,0,,1,1,1,55,2,2,3,5,0,0,0,0,true,,false,false,false,false,false,,,,,,false,false,false,,,false,false,false,false,false,-83.08936,42.31435,"{
  ""coordinates"": [
    -8.308935728599990e+01,
    4.231434623900000e+01
  ],
  ""type"": ""Point""
}","{
  ""coordinates"": [
    -83.089357286,
    42.314346239
  ],
  ""type"": ""Point""
}",-83.0893572859999,42.314346239
7920,1130447,THIRD,FISHER,2017-09-11,11,9,2017,17,2,8,9,,4,0,,1,1,1,25,4,2,6,5,0,0,0,0,true,,false,false,false,false,false,,,,,,false,false,false,,,false,false,false,false,false,-83.06048,42.33664,"{
  ""coordinates"": [
    -8.306047465099989e+01,
    4.233663626600000e+01
  ],
  ""type"": ""Point""
}","{
  ""coordinates"": [
    -83.060474651,
    42.336636266
  ],
  ""type"": ""Point""
}",-83.0604746509999,42.336636266
7921,1130469,BURT,MIDLAND,2017-09-11,11,9,2017,14,2,4,9,,4,0,,1,1,1,30,2,2,7,4,0,0,0,4,false,,false,false,false,false,false,,,,,,false,false,true,,,false,false,false,false,false,-83.24732,42.40521,"{
  ""coordinates"": [
    -8.324732062200000e+01,
    4.240521288500000e+01
  ],
  ""type"": ""Point""
}","{
  ""coordinates"": [
    -83.247320622,
    42.405212885
  ],
  ""type"": ""Point""
}",-83.247320622,42.405212885
7922,1132151,HUBBELL,CURTIS,2017-09-11,11,9,2017,10,2,98,9,,4,0,,1,1,1,25,2,2,0,5,0,0,0,0,true,,false,false,true,false,false,,,,,,false,false,false,,,false,false,false,false,false,-83.18974,42.42348,"{
  ""coordinates"": [
    -8.318973317400000e+01,
    4.242347946300000e+01
  ],
  ""type"": ""Point""
}","{
  ""coordinates"": [
    -83.189733174,
    42.423479463
  ],
  ""type"": ""Point""
}",-83.189733174,42.423479463
7923,1130439,MCNICHOLS,STRATHMOOR,2017-09-11,11,9,2017,9,2,4,9,,2,0,,1,1,1,35,4,2,2,5,0,0,0,0,true,,false,false,false,false,false,,,,,,false,false,false,,,false,false,false,false,false,-83.1885,42.41648,"{
  ""coordinates"": [
    -8.318850145200000e+01,
    4.241648566700010e+01
  ],
  ""type"": ""Point""
}","{
  ""coordinates"": [
    -83.188501452,
    42.416485667
  ],
  ""type"": ""Point""
}",-83.188501452,42.4164856670001
7924,1134283,N I 75,14TH,2017-09-11,11,9,2017,9,2,5,1,,1,0,,1,1,1,55,3,2,2,5,0,0,0,0,true,,false,false,false,false,false,,,,,,false,false,true,,,false,false,false,false,false,-83.07711,42.33237,"{
  ""coordinates"": [
    -8.307711128600000e+01,
    4.233237287000000e+01
  ],
  ""type"": ""Point""
}","{
  ""coordinates"": [
    -83.077111286,
    42.33237287
  ],
  ""type"": ""Point""
}",-83.077111286,42.33237287
7925,1134385,LEEWIN,MCINTYRE,2017-09-11,11,9,2017,15,2,9,9,,,2,,1,1,1,25,1,2,1,5,0,0,0,0,true,,false,false,false,false,false,,,,,,false,false,false,,,false,false,false,false,false,-83.26379,42.43718,"{
  ""coordinates"": [
    -8.326378416300000e+01,
    4.243718057600010e+01
  ],
  ""type"": ""Point""
}","{
  ""coordinates"": [
    -83.263784163,
    42.437180576
  ],
  ""type"": ""Point""
}",-83.263784163,42.4371805760001
7926,1131226,OUTER,VAN DYKE,2017-09-11,11,9,2017,13,2,1,3,,2,0,,1,1,1,0,4,2,0,4,0,0,0,1,false,,false,false,true,false,false,,,,,,true,false,false,,,false,false,false,false,false,-83.02449,42.44114,"{
  ""coordinates"": [
    -8.302448768300000e+01,
    4.244113988600000e+01
  ],
  ""type"": ""Point""
}","{
  ""coordinates"": [
    -83.024487683,
    42.441139886
  ],
  ""type"": ""Point""
}",-83.024487683,42.441139886