ObjectId,Crash ID,Primary Road,Intersecting Road,Crash Date,Day,Month,Year,Hour,Weekday,Crash Type Code,Highway Classification Code,Community Code,Jurisdiction Code,Lane Departure Type Code,Surface Type,Road Condition,Weather Condition,Lighting Condition,Speed Limit,Lanes,Units,Occupants,Most Severe Injury,Fatal Injuries,Suspected Serious Injuries,Suspected Minor Injuries,Possible Injuries,Property Damage Only,Secondary Crash,Traffic Control,Red Light Run,Hit and Run,Alcohol,Drugs,Unbelted Person,Work Zone,Speeding Driver,Distracted Driver,Driveway,Pedestrian,Elderly Driver,Young Driver,Commercial Vehicle,Emergency Vehicles,Train,School Bus,Motorcycle,Bicycle,Deer,Longitude,Latitude,geom,geog,x,y
7927,1134284,I-75,MCNICHOLS,2017-09-11,11,9,2017,15,2,5,1,,1,0,,1,1,1,70,4,3,2,5,0,0,0,0,true,,false,false,false,false,false,,,,,,false,true,false,,,false,false,false,false,false,-83.08825,42.41847,"{
  ""coordinates"": [
    -8.308824674100001e+01,
    4.241846785600010e+01
  ],
  ""type"": ""Point""
}","{
  ""coordinates"": [
    -83.088246741,
    42.418467856
  ],
  ""type"": ""Point""
}",-83.088246741,42.4184678560001
7928,1130465,JEFFERSON,AMBASSADOR,2017-09-10,10,9,2017,23,1,8,9,,,0,,1,1,4,35,6,2,2,5,0,0,0,0,true,,false,false,false,false,false,,,,,,false,false,false,,,false,false,false,false,false,-83.07751,42.31627,"{
  ""coordinates"": [
    -8.307750800799990e+01,
    4.231627394300010e+01
  ],
  ""type"": ""Point""
}","{
  ""coordinates"": [
    -83.077508008,
    42.316273943
  ],
  ""type"": ""Point""
}",-83.0775080079999,42.3162739430001
7929,1129322,8 MILE,REGENT,2017-09-10,10,9,2017,2,1,5,3,,1,0,,1,1,4,0,3,2,1,5,0,0,0,0,true,,false,false,true,false,false,,,,,,false,false,false,,,false,false,false,false,false,-82.97547,42.44955,"{
  ""coordinates"": [
    -8.297546981600000e+01,
    4.244954579300000e+01
  ],
  ""type"": ""Point""
}","{
  ""coordinates"": [
    -82.975469816,
    42.449545793
  ],
  ""type"": ""Point""
}",-82.975469816,42.449545793
7930,1129307,FENKELL,EVERGREEN,2017-09-10,10,9,2017,18,1,5,9,,2,0,,1,1,1,0,2,2,4,5,0,0,0,0,true,,false,false,false,false,false,,,,,,false,false,false,,,false,false,false,false,false,-83.23769,42.40067,"{
  ""coordinates"": [
    -8.323769249400000e+01,
    4.240067159800000e+01
  ],
  ""type"": ""Point""
}","{
  ""coordinates"": [
    -83.237692494,
    42.400671598
  ],
  ""type"": ""Point""
}",-83.237692494,42.400671598
7931,1129335,SCHAEFER,MARGARETA,2017-09-10,10,9,2017,20,1,5,9,,4,0,,1,1,3,35,4,2,1,4,0,0,0,1,false,,false,false,false,false,false,,,,,,false,false,true,,,false,false,false,false,false,-83.18033,42.42769,"{
  ""coordinates"": [
    -8.318032660800000e+01,
    4.242769411700000e+01
  ],
  ""type"": ""Point""
}","{
  ""coordinates"": [
    -83.180326608,
    42.427694117
  ],
  ""type"": ""Point""
}",-83.180326608,42.427694117
7932,1142792,JOS CAMPAU,MINNESOTA,2017-09-10,10,9,2017,12,1,97,9,,4,0,,1,1,1,35,2,1,1,4,0,0,0,1,false,,false,false,false,false,false,,,,,,false,false,false,,,false,false,false,false,false,-83.0731,42.4232,"{
  ""coordinates"": [
    -8.307309806799999e+01,
    4.242320003800010e+01
  ],
  ""type"": ""Point""
}","{
  ""coordinates"": [
    -83.073098068,
    42.423200038
  ],
  ""type"": ""Point""
}",-83.073098068,42.4232000380001
7933,1129303,OUTER,CHALMERS,2017-09-10,10,9,2017,14,1,8,9,,2,0,,1,1,1,35,3,2,1,5,0,0,0,0,true,,false,false,true,false,false,,,,,,false,false,false,,,false,false,false,false,false,-82.97095,42.41481,"{
  ""coordinates"": [
    -8.297094937400000e+01,
    4.241481078700010e+01
  ],
  ""type"": ""Point""
}","{
  ""coordinates"": [
    -82.970949374,
    42.414810787
  ],
  ""type"": ""Point""
}",-82.970949374,42.4148107870001
7934,1129298,VERNOR,DIX,2017-09-10,10,9,2017,14,1,3,9,,4,0,,1,1,1,30,2,2,1,5,0,0,0,0,true,,false,false,true,false,false,,,,,,false,false,false,,,false,false,false,false,false,-83.11642,42.31586,"{
  ""coordinates"": [
    -8.311641821200000e+01,
    4.231585994900010e+01
  ],
  ""type"": ""Point""
}","{
  ""coordinates"": [
    -83.116418212,
    42.315859949
  ],
  ""type"": ""Point""
}",-83.116418212,42.3158599490001
7935,1129311,FAIRPORT,PINEWOOD,2017-09-10,10,9,2017,2,1,4,9,,,0,,1,1,4,25,2,2,1,5,0,0,0,0,true,,false,false,true,false,false,,,,,,false,false,false,,,false,false,false,false,false,-82.99135,42.43827,"{
  ""coordinates"": [
    -8.299134511999991e+01,
    4.243827610800000e+01
  ],
  ""type"": ""Point""
}","{
  ""coordinates"": [
    -82.99134512,
    42.438276108
  ],
  ""type"": ""Point""
}",-82.9913451199999,42.438276108
7936,1128295,GRAND RIVER,OAKMAN,2017-09-10,10,9,2017,4,1,1,3,,1,0,,1,1,4,35,5,1,0,5,0,0,0,0,true,,false,false,false,false,false,,,,,,false,false,false,,,false,false,false,false,false,-83.15084,42.37352,"{
  ""coordinates"": [
    -8.315083945399989e+01,
    4.237352349000000e+01
  ],
  ""type"": ""Point""
}","{
  ""coordinates"": [
    -83.150839454,
    42.37352349
  ],
  ""type"": ""Point""
}",-83.1508394539999,42.37352349
7937,1128306,WOODWARD,MICHIGAN,2017-09-10,10,9,2017,2,1,8,9,,4,0,,1,1,4,35,3,2,2,5,0,0,0,0,true,,false,false,false,false,false,,,,,,false,false,true,,,false,false,false,false,false,-83.04702,42.33173,"{
  ""coordinates"": [
    -8.304701829800000e+01,
    4.233173360900000e+01
  ],
  ""type"": ""Point""
}","{
  ""coordinates"": [
    -83.047018298,
    42.331733609
  ],
  ""type"": ""Point""
}",-83.047018298,42.331733609
7938,1129325,STATE FAIR,ORLEANS,2017-09-10,10,9,2017,16,1,8,9,,4,0,,1,1,1,35,2,2,7,4,0,0,0,1,false,,false,false,false,false,false,,,,,,false,true,false,,,false,false,false,false,false,-83.08572,42.44003,"{
  ""coordinates"": [
    -8.308572286499999e+01,
    4.244002690100010e+01
  ],
  ""type"": ""Point""
}","{
  ""coordinates"": [
    -83.085722865,
    42.440026901
  ],
  ""type"": ""Point""
}",-83.085722865,42.4400269010001
7939,1135406,GRATIOT,SAINT AUBIN,2017-09-10,10,9,2017,20,1,8,3,,1,0,,1,1,4,35,7,3,1,3,0,0,1,0,false,,false,false,false,false,false,,,,,,false,false,false,,,false,false,false,false,false,-83.03439,42.34917,"{
  ""coordinates"": [
    -8.303439267900001e+01,
    4.234917372000010e+01
  ],
  ""type"": ""Point""
}","{
  ""coordinates"": [
    -83.034392679,
    42.34917372
  ],
  ""type"": ""Point""
}",-83.034392679,42.3491737200001
7940,1144172,S M 39,FORD,2017-09-10,10,9,2017,0,1,1,3,,1,1,,1,1,4,55,3,1,1,3,0,0,1,0,false,,false,false,false,true,false,,,,,,false,false,false,,,false,false,false,false,false,-83.21577,42.32907,"{
  ""coordinates"": [
    -8.321576839900000e+01,
    4.232907484300010e+01
  ],
  ""type"": ""Point""
}","{
  ""coordinates"": [
    -83.215768399,
    42.329074843
  ],
  ""type"": ""Point""
}",-83.215768399,42.3290748430001
7941,1168342,SOUTHFIELD SERVICE DRIVE,MCNICHOLS,2017-09-10,10,9,2017,1,1,5,3,,4,0,,1,1,5,30,1,2,2,4,0,0,0,1,false,,true,true,true,false,false,,,,,,false,false,false,,,false,false,false,false,false,-83.21839,42.41554,"{
  ""coordinates"": [
    -8.321839274599991e+01,
    4.241554033000010e+01
  ],
  ""type"": ""Point""
}","{
  ""coordinates"": [
    -83.218392746,
    42.41554033
  ],
  ""type"": ""Point""
}",-83.2183927459999,42.4155403300001
7942,1141285,AVERY,GRAND RIVER,2017-09-10,10,9,2017,20,1,98,9,,,0,,98,98,98,25,1,2,0,5,0,0,0,0,true,,false,false,true,false,false,,,,,,false,false,false,,,false,false,false,false,false,-83.0771,42.34423,"{
  ""coordinates"": [
    -8.307710393300000e+01,
    4.234422629200000e+01
  ],
  ""type"": ""Point""
}","{
  ""coordinates"": [
    -83.077103933,
    42.344226292
  ],
  ""type"": ""Point""
}",-83.077103933,42.344226292
7943,1129284,SCHAEFER,MIDLAND,2017-09-10,10,9,2017,10,1,4,9,,4,0,,1,1,1,35,4,2,2,4,0,0,0,1,false,,false,false,false,false,false,,,,,,false,false,false,,,false,false,false,false,false,-83.17929,42.40576,"{
  ""coordinates"": [
    -8.317929264199999e+01,
    4.240575711400000e+01
  ],
  ""type"": ""Point""
}","{
  ""coordinates"": [
    -83.179292642,
    42.405757114
  ],
  ""type"": ""Point""
}",-83.179292642,42.405757114
7944,1128300,WHITCOMB,CHALFONTE,2017-09-10,10,9,2017,3,1,2,9,,,2,,1,1,4,25,2,2,1,5,0,0,0,0,true,,false,false,false,false,false,,,,,,false,false,false,,,false,false,false,false,false,-83.19613,42.39801,"{
  ""coordinates"": [
    -8.319612655500001e+01,
    4.239800889300010e+01
  ],
  ""type"": ""Point""
}","{
  ""coordinates"": [
    -83.196126555,
    42.398008893
  ],
  ""type"": ""Point""
}",-83.196126555,42.3980088930001
7945,1130468,SHIAWASSEE,GRANDRIVER,2017-09-10,10,9,2017,23,1,8,3,,,0,,1,1,4,20,2,2,2,5,0,0,0,0,true,,false,false,false,false,false,,,,,,false,false,true,,,false,false,false,false,false,-83.27245,42.42263,"{
  ""coordinates"": [
    -8.327245239800000e+01,
    4.242263083700000e+01
  ],
  ""type"": ""Point""
}","{
  ""coordinates"": [
    -83.272452398,
    42.422630837
  ],
  ""type"": ""Point""
}",-83.272452398,42.422630837
7946,1129314,GRATIOT,FINDLAY,2017-09-10,10,9,2017,13,1,97,3,,1,0,,1,1,1,35,6,3,3,5,0,0,0,0,true,,false,false,false,false,false,,,,,,false,false,true,,,false,false,false,false,false,-82.9894,42.41728,"{
  ""coordinates"": [
    -8.298940006200000e+01,
    4.241727888300010e+01
  ],
  ""type"": ""Point""
}","{
  ""coordinates"": [
    -82.989400062,
    42.417278883
  ],
  ""type"": ""Point""
}",-82.989400062,42.4172788830001
7947,1135409,MACK,SAINT AUBIN,2017-09-10,10,9,2017,12,1,5,9,,4,0,,1,1,1,30,2,2,2,5,0,0,0,0,true,,false,false,false,false,false,,,,,,false,false,false,,,false,false,false,false,false,-83.03825,42.35522,"{
  ""coordinates"": [
    -8.303825287200000e+01,
    4.235521789500010e+01
  ],
  ""type"": ""Point""
}","{
  ""coordinates"": [
    -83.038252872,
    42.355217895
  ],
  ""type"": ""Point""
}",-83.038252872,42.3552178950001
7948,1129305,BANGOR,BUCHANAN,2017-09-10,10,9,2017,18,1,98,9,,,3,,1,1,1,25,1,2,0,5,0,0,0,0,true,,false,false,true,false,false,,,,,,false,false,false,,,false,false,false,false,false,-83.10504,42.33878,"{
  ""coordinates"": [
    -8.310504323100000e+01,
    4.233877533600000e+01
  ],
  ""type"": ""Point""
}","{
  ""coordinates"": [
    -83.105043231,
    42.338775336
  ],
  ""type"": ""Point""
}",-83.105043231,42.338775336
7949,1129316,CARLISLE,MOHICAN,2017-09-10,10,9,2017,16,1,5,9,,,3,,1,1,1,25,2,2,0,5,0,0,0,0,true,,false,false,true,false,false,,,,,,false,false,false,,,false,false,false,false,false,-82.97118,42.44885,"{
  ""coordinates"": [
    -8.297118268400000e+01,
    4.244884884100000e+01
  ],
  ""type"": ""Point""
}","{
  ""coordinates"": [
    -82.971182684,
    42.448848841
  ],
  ""type"": ""Point""
}",-82.971182684,42.448848841
7950,1128296,GRAND RIVER,JEFFERIES SERVICE,2017-09-10,10,9,2017,0,1,2,3,,1,0,,1,1,4,35,5,2,1,2,0,1,0,0,false,,false,false,false,false,false,,,,,,false,false,false,,,false,false,false,false,false,-83.06602,42.33929,"{
  ""coordinates"": [
    -8.306602539100000e+01,
    4.233929470900010e+01
  ],
  ""type"": ""Point""
}","{
  ""coordinates"": [
    -83.066025391,
    42.339294709
  ],
  ""type"": ""Point""
}",-83.066025391,42.3392947090001
7951,1129337,INDIANA,THATCHER,2017-09-10,10,9,2017,21,1,5,9,,,0,,1,1,4,25,4,2,2,5,0,0,0,0,true,,false,false,true,false,false,,,,,,false,false,false,,,false,false,false,false,false,-83.15848,42.42281,"{
  ""coordinates"": [
    -8.315847413499991e+01,
    4.242281014600010e+01
  ],
  ""type"": ""Point""
}","{
  ""coordinates"": [
    -83.158474135,
    42.422810146
  ],
  ""type"": ""Point""
}",-83.1584741349999,42.4228101460001
7952,1132120,I-96,STOUT,2017-09-10,10,9,2017,19,1,8,9,,4,0,,1,1,1,70,3,2,2,5,0,0,0,0,true,,false,false,false,false,false,,,,,,false,true,true,,,false,false,false,false,false,-83.24217,42.38395,"{
  ""coordinates"": [
    -8.324217231700000e+01,
    4.238394942500000e+01
  ],
  ""type"": ""Point""
}","{
  ""coordinates"": [
    -83.242172317,
    42.383949425
  ],
  ""type"": ""Point""
}",-83.242172317,42.383949425
7953,1130429,S I 75,TRUMBULL,2017-09-10,10,9,2017,17,1,5,1,,1,0,,1,1,1,55,3,2,3,5,0,0,0,0,true,,false,false,false,false,false,,,,,,false,false,true,,,false,false,false,false,false,-83.06841,42.33454,"{
  ""coordinates"": [
    -8.306841452899990e+01,
    4.233453940100000e+01
  ],
  ""type"": ""Point""
}","{
  ""coordinates"": [
    -83.068414529,
    42.334539401
  ],
  ""type"": ""Point""
}",-83.0684145289999,42.334539401
7954,1129310,SOUTHFIELD SERVICE,PURITAN,2017-09-10,10,9,2017,3,1,1,3,,1,1,,1,1,4,25,2,1,1,5,0,0,0,0,true,,false,false,false,false,false,,,,,,false,false,false,,,false,false,false,false,false,-83.21868,42.40793,"{
  ""coordinates"": [
    -8.321868090000000e+01,
    4.240792823300010e+01
  ],
  ""type"": ""Point""
}","{
  ""coordinates"": [
    -83.2186809,
    42.407928233
  ],
  ""type"": ""Point""
}",-83.2186809,42.4079282330001
7955,1136177,041A,I-75,2017-09-10,10,9,2017,0,1,5,1,,1,0,,1,1,1,55,2,2,2,5,0,0,0,0,true,,false,false,false,false,false,,,,,,false,false,false,,,false,false,false,false,false,-83.04295,42.34087,"{
  ""coordinates"": [
    -8.304295022600000e+01,
    4.234086760100010e+01
  ],
  ""type"": ""Point""
}","{
  ""coordinates"": [
    -83.042950226,
    42.340867601
  ],
  ""type"": ""Point""
}",-83.042950226,42.3408676010001
7956,1130453,E I 94,NOTTINGHAM,2017-09-10,10,9,2017,13,1,4,1,,1,0,,1,1,1,25,4,2,1,5,0,0,0,0,true,,false,false,true,false,false,,,,,,false,false,false,,,false,false,false,false,false,-82.95408,42.40673,"{
  ""coordinates"": [
    -8.295408097500000e+01,
    4.240673526900010e+01
  ],
  ""type"": ""Point""
}","{
  ""coordinates"": [
    -82.954080975,
    42.406735269
  ],
  ""type"": ""Point""
}",-82.954080975,42.4067352690001
7957,1129315,OUTER,7 MILE,2017-09-10,10,9,2017,5,1,5,9,,2,0,,1,1,2,35,3,2,0,5,0,0,0,0,true,,false,false,true,false,false,,,,,,false,false,false,,,false,false,false,false,false,-83.01433,42.43405,"{
  ""coordinates"": [
    -8.301433131200000e+01,
    4.243404687700010e+01
  ],
  ""type"": ""Point""
}","{
  ""coordinates"": [
    -83.014331312,
    42.434046877
  ],
  ""type"": ""Point""
}",-83.014331312,42.4340468770001
7958,1134350,WOODWARD,CLAIRMOUNT,2017-09-10,10,9,2017,14,1,8,3,,1,0,,1,1,1,35,3,2,2,5,0,0,0,0,true,,false,false,true,false,false,,,,,,false,false,false,,,false,false,false,false,false,-83.08173,42.38282,"{
  ""coordinates"": [
    -8.308173317500000e+01,
    4.238282120300000e+01
  ],
  ""type"": ""Point""
}","{
  ""coordinates"": [
    -83.081733175,
    42.382821203
  ],
  ""type"": ""Point""
}",-83.081733175,42.382821203
7959,1130430,W I 96,SCHAEFER,2017-09-10,10,9,2017,19,1,1,1,,1,1,,1,1,1,55,4,1,2,3,0,0,1,1,false,,false,false,false,false,false,,,,,,false,false,false,,,false,false,false,false,false,-83.17963,42.38304,"{
  ""coordinates"": [
    -8.317963105900000e+01,
    4.238304328800010e+01
  ],
  ""type"": ""Point""
}","{
  ""coordinates"": [
    -83.179631059,
    42.383043288
  ],
  ""type"": ""Point""
}",-83.179631059,42.3830432880001
7960,1136175,I-94,GRATIOT,2017-09-10,10,9,2017,1,1,8,1,,1,0,,1,2,4,55,3,2,2,5,0,0,0,0,true,,false,false,false,false,false,,,,,,false,false,true,,,false,false,false,false,false,-83.00528,42.39161,"{
  ""coordinates"": [
    -8.300528224599999e+01,
    4.239160443800010e+01
  ],
  ""type"": ""Point""
}","{
  ""coordinates"": [
    -83.005282246,
    42.391604438
  ],
  ""type"": ""Point""
}",-83.005282246,42.3916044380001
7961,1130448,CHRISTIANCY,JUNCTION,2017-09-10,10,9,2017,14,1,97,9,,,0,,1,1,1,25,3,2,4,5,0,0,0,0,true,,false,false,true,false,false,,,,,,false,true,false,,,false,false,false,false,false,-83.10008,42.31546,"{
  ""coordinates"": [
    -8.310008247199990e+01,
    4.231545632700000e+01
  ],
  ""type"": ""Point""
}","{
  ""coordinates"": [
    -83.100082472,
    42.315456327
  ],
  ""type"": ""Point""
}",-83.1000824719999,42.315456327
7962,1130474,ORLEANS,MACK,2017-09-10,10,9,2017,18,1,97,9,,,0,,1,1,1,25,1,2,0,5,0,0,0,0,true,,false,false,true,false,false,,,,,,false,false,false,,,false,false,false,false,false,-83.04146,42.35369,"{
  ""coordinates"": [
    -8.304145956900000e+01,
    4.235368848500010e+01
  ],
  ""type"": ""Point""
}","{
  ""coordinates"": [
    -83.041459569,
    42.353688485
  ],
  ""type"": ""Point""
}",-83.041459569,42.3536884850001
7963,1132142,FINDLAY,CONNER,2017-09-10,10,9,2017,15,1,5,9,,4,0,,1,1,1,25,2,2,0,5,0,0,0,0,true,,false,false,true,false,false,,,,,,false,false,false,,,false,false,false,false,false,-83.00566,42.41153,"{
  ""coordinates"": [
    -8.300565862300000e+01,
    4.241153274200010e+01
  ],
  ""type"": ""Point""
}","{
  ""coordinates"": [
    -83.005658623,
    42.411532742
  ],
  ""type"": ""Point""
}",-83.005658623,42.4115327420001
7964,1129296,KIRKWOOD,LONYO,2017-09-10,10,9,2017,19,1,9,9,,,2,,1,2,1,25,2,3,1,5,0,0,0,0,true,,false,false,false,false,false,,,,,,false,false,true,,,false,false,false,false,false,-83.14949,42.33694,"{
  ""coordinates"": [
    -8.314949053100000e+01,
    4.233694051900010e+01
  ],
  ""type"": ""Point""
}","{
  ""coordinates"": [
    -83.149490531,
    42.336940519
  ],
  ""type"": ""Point""
}",-83.149490531,42.3369405190001
7965,1129319,GAYLORD,CONANT,2017-09-10,10,9,2017,4,1,2,9,,,2,,1,1,4,30,2,2,0,5,0,0,0,0,true,,false,false,true,false,false,,,,,,false,false,false,,,false,false,false,false,false,-83.06445,42.41999,"{
  ""coordinates"": [
    -8.306444487399990e+01,
    4.241999353300000e+01
  ],
  ""type"": ""Point""
}","{
  ""coordinates"": [
    -83.064444874,
    42.419993533
  ],
  ""type"": ""Point""
}",-83.0644448739999,42.419993533
7966,1131257,EDSEL FORD SERVICE,HEREFORD,2017-09-10,10,9,2017,23,1,8,9,,4,0,,1,1,4,30,5,2,4,4,0,0,0,1,false,,false,false,false,false,false,,,,,,false,false,true,,,false,false,false,false,false,-82.93185,42.41982,"{
  ""coordinates"": [
    -8.293184458400000e+01,
    4.241981394400010e+01
  ],
  ""type"": ""Point""
}","{
  ""coordinates"": [
    -82.931844584,
    42.419813944
  ],
  ""type"": ""Point""
}",-82.931844584,42.4198139440001
7967,1129321,7 MILE,MT ELLIOTT,2017-09-10,10,9,2017,8,1,4,9,,4,0,,1,1,1,35,2,2,6,2,0,1,0,0,false,,true,true,false,false,false,,,,,,false,false,false,,,false,false,false,false,false,-83.0389,42.43369,"{
  ""coordinates"": [
    -8.303890359199990e+01,
    4.243368934900010e+01
  ],
  ""type"": ""Point""
}","{
  ""coordinates"": [
    -83.038903592,
    42.433689349
  ],
  ""type"": ""Point""
}",-83.0389035919999,42.4336893490001
7968,1132143,LANSDOWNE,MOROSS,2017-09-10,10,9,2017,11,1,98,9,,,0,,1,1,1,25,1,2,1,5,0,0,0,0,true,,false,false,true,false,false,,,,,,false,false,true,,,false,false,false,false,false,-82.94687,42.43199,"{
  ""coordinates"": [
    -8.294687023499991e+01,
    4.243198686700000e+01
  ],
  ""type"": ""Point""
}","{
  ""coordinates"": [
    -82.946870235,
    42.431986867
  ],
  ""type"": ""Point""
}",-82.9468702349999,42.431986867
7969,1136185,I-75,8 MILE,2017-09-10,10,9,2017,1,1,5,1,,1,0,,1,1,4,70,2,2,3,4,0,0,0,2,false,,false,false,false,false,false,,,,,,false,false,true,,,false,false,false,false,false,-83.09497,42.44246,"{
  ""coordinates"": [
    -8.309497383599999e+01,
    4.244246087300010e+01
  ],
  ""type"": ""Point""
}","{
  ""coordinates"": [
    -83.094973836,
    42.442460873
  ],
  ""type"": ""Point""
}",-83.094973836,42.4424608730001
7970,1130467,EVERGREEN,LYNDON,2017-09-10,10,9,2017,11,1,5,9,,4,0,,1,1,1,35,2,2,1,5,0,0,0,0,true,,false,false,true,false,false,,,,,,false,false,false,,,false,false,false,false,false,-83.23713,42.39346,"{
  ""coordinates"": [
    -8.323713231100000e+01,
    4.239345550500010e+01
  ],
  ""type"": ""Point""
}","{
  ""coordinates"": [
    -83.237132311,
    42.393455505
  ],
  ""type"": ""Point""
}",-83.237132311,42.3934555050001
7971,1131251,MARNE,CADIEUX,2017-09-10,10,9,2017,22,1,8,9,,,0,,1,1,4,25,1,2,1,5,0,0,0,0,true,,false,false,true,false,false,,,,,,false,false,false,,,false,false,false,false,false,-82.93907,42.42044,"{
  ""coordinates"": [
    -8.293907512200001e+01,
    4.242044520100010e+01
  ],
  ""type"": ""Point""
}","{
  ""coordinates"": [
    -82.939075122,
    42.420445201
  ],
  ""type"": ""Point""
}",-82.939075122,42.4204452010001
7972,1130464,VAN DYKE,MACK,2017-09-10,10,9,2017,15,1,3,9,,4,0,,1,1,1,35,4,2,3,4,0,0,0,2,false,,false,false,false,false,false,,,,,,false,false,true,,,false,false,false,false,false,-83.00607,42.36695,"{
  ""coordinates"": [
    -8.300607371500000e+01,
    4.236694668500010e+01
  ],
  ""type"": ""Point""
}","{
  ""coordinates"": [
    -83.006073715,
    42.366946685
  ],
  ""type"": ""Point""
}",-83.006073715,42.3669466850001
7973,1134276,N I 75,TRUMBULL,2017-09-10,10,9,2017,18,1,5,1,,1,0,,1,1,1,55,3,2,7,4,0,0,0,2,false,,false,false,false,false,false,,,,,,false,false,false,,,false,false,false,false,false,-83.06876,42.33431,"{
  ""coordinates"": [
    -8.306875804299990e+01,
    4.233430997600000e+01
  ],
  ""type"": ""Point""
}","{
  ""coordinates"": [
    -83.068758043,
    42.334309976
  ],
  ""type"": ""Point""
}",-83.0687580429999,42.334309976
7974,1136190,GRAND RIVER,I 75 SERVICE,2017-09-10,10,9,2017,0,1,3,3,,1,0,,1,1,4,0,4,2,1,5,0,0,0,0,true,,true,true,true,false,false,,,,,,false,false,false,,,false,false,false,false,false,-83.05978,42.33675,"{
  ""coordinates"": [
    -8.305977726700000e+01,
    4.233675449200010e+01
  ],
  ""type"": ""Point""
}","{
  ""coordinates"": [
    -83.059777267,
    42.336754492
  ],
  ""type"": ""Point""
}",-83.059777267,42.3367544920001
7975,1136170,E I 96,EVERGREEN,2017-09-10,10,9,2017,20,1,1,1,,1,0,,1,2,4,55,3,1,1,4,0,0,0,1,false,,false,false,false,false,false,,,,,,false,false,false,,,false,false,false,false,false,-83.23684,42.38041,"{
  ""coordinates"": [
    -8.323683794599999e+01,
    4.238040406900010e+01
  ],
  ""type"": ""Point""
}","{
  ""coordinates"": [
    -83.236837946,
    42.380404069
  ],
  ""type"": ""Point""
}",-83.236837946,42.3804040690001
7976,1128378,MANOR,8 MILE,2017-09-09,9,9,2017,16,7,8,3,,,0,,1,1,1,25,2,2,2,5,0,0,0,0,true,,false,false,false,false,false,,,,,,false,false,false,,,false,false,false,false,false,-83.17014,42.4454,"{
  ""coordinates"": [
    -8.317013891800001e+01,
    4.244539870100000e+01
  ],
  ""type"": ""Point""
}","{
  ""coordinates"": [
    -83.170138918,
    42.445398701
  ],
  ""type"": ""Point""
}",-83.170138918,42.445398701
7977,1162322,MARTIN LUTHER KING JR,GRAND,2017-09-09,9,9,2017,1,7,1,9,,4,0,,1,1,4,30,2,1,1,5,0,0,0,0,true,,false,false,false,false,false,,,,,,false,false,false,,,false,false,false,false,false,-83.0966,42.33386,"{
  ""coordinates"": [
    -8.309659458899991e+01,
    4.233385810900010e+01
  ],
  ""type"": ""Point""
}","{
  ""coordinates"": [
    -83.096594589,
    42.333858109
  ],
  ""type"": ""Point""
}",-83.0965945889999,42.3338581090001
7978,1137045,I-75,7 MILE,2017-09-09,9,9,2017,0,7,5,1,,1,0,,1,1,4,70,3,3,6,5,0,0,0,0,true,,false,false,true,false,false,,,,,,false,false,false,,,false,false,false,false,false,-83.09462,42.43222,"{
  ""coordinates"": [
    -8.309461832200000e+01,
    4.243221617800000e+01
  ],
  ""type"": ""Point""
}","{
  ""coordinates"": [
    -83.094618322,
    42.432216178
  ],
  ""type"": ""Point""
}",-83.094618322,42.432216178
7979,1128298,COPLIN,MAIDEN,2017-09-09,9,9,2017,12,7,1,9,,,1,,1,1,1,25,2,1,1,4,0,0,0,1,false,,false,false,false,false,false,,,,,,false,false,false,,,false,false,false,false,false,-82.97202,42.40601,"{
  ""coordinates"": [
    -8.297201693700001e+01,
    4.240600739400000e+01
  ],
  ""type"": ""Point""
}","{
  ""coordinates"": [
    -82.972016937,
    42.406007394
  ],
  ""type"": ""Point""
}",-82.972016937,42.406007394
7980,1129324,ROBINWOOD,MOUND,2017-09-09,9,9,2017,23,7,4,9,,,0,,1,1,4,35,3,2,1,5,0,0,0,0,true,,false,false,true,false,false,,,,,,false,false,false,,,false,false,false,false,false,-83.04354,42.43171,"{
  ""coordinates"": [
    -8.304354400999991e+01,
    4.243170758000010e+01
  ],
  ""type"": ""Point""
}","{
  ""coordinates"": [
    -83.04354401,
    42.43170758
  ],
  ""type"": ""Point""
}",-83.0435440099999,42.4317075800001
7981,1129283,MEYERS,FENKELL,2017-09-09,9,9,2017,19,7,8,9,,4,0,,1,1,1,35,4,2,1,5,0,0,0,0,true,,false,false,true,false,false,,,,,,false,true,false,,,false,false,false,false,false,-83.1694,42.40226,"{
  ""coordinates"": [
    -8.316939892100000e+01,
    4.240226490900010e+01
  ],
  ""type"": ""Point""
}","{
  ""coordinates"": [
    -83.169398921,
    42.402264909
  ],
  ""type"": ""Point""
}",-83.169398921,42.4022649090001
7982,1130450,ROCKCASTLE,FARMBROOK,2017-09-09,9,9,2017,8,7,4,9,,,0,,1,1,1,25,2,2,2,5,0,0,0,0,true,,false,false,false,false,false,,,,,,false,false,true,,,false,false,false,false,false,-82.9285,42.42171,"{
  ""coordinates"": [
    -8.292850458200000e+01,
    4.242170547200000e+01
  ],
  ""type"": ""Point""
}","{
  ""coordinates"": [
    -82.928504582,
    42.421705472
  ],
  ""type"": ""Point""
}",-82.928504582,42.421705472
7983,1130471,HOOVER,7 MILE,2017-09-09,9,9,2017,19,7,5,3,,1,0,,1,1,1,30,3,2,2,5,0,0,0,0,true,,false,false,true,false,false,,,,,,false,false,false,,,false,false,false,false,false,-83.00468,42.43436,"{
  ""coordinates"": [
    -8.300468334100000e+01,
    4.243436053700000e+01
  ],
  ""type"": ""Point""
}","{
  ""coordinates"": [
    -83.004683341,
    42.434360537
  ],
  ""type"": ""Point""
}",-83.004683341,42.434360537