ObjectId,Crash ID,Primary Road,Intersecting Road,Crash Date,Day,Month,Year,Hour,Weekday,Crash Type Code,Highway Classification Code,Community Code,Jurisdiction Code,Lane Departure Type Code,Surface Type,Road Condition,Weather Condition,Lighting Condition,Speed Limit,Lanes,Units,Occupants,Most Severe Injury,Fatal Injuries,Suspected Serious Injuries,Suspected Minor Injuries,Possible Injuries,Property Damage Only,Secondary Crash,Traffic Control,Red Light Run,Hit and Run,Alcohol,Drugs,Unbelted Person,Work Zone,Speeding Driver,Distracted Driver,Driveway,Pedestrian,Elderly Driver,Young Driver,Commercial Vehicle,Emergency Vehicles,Train,School Bus,Motorcycle,Bicycle,Deer,Longitude,Latitude,geom,geog,x,y
8041,1138830,I-94,CECIL,2017-09-08,8,9,2017,16,6,5,1,,1,0,,1,1,1,55,3,3,3,4,0,0,0,1,false,,false,false,false,false,false,,,,,,false,false,true,,,false,false,false,false,false,-83.13366,42.33401,"{
  ""coordinates"": [
    -8.313366235099990e+01,
    4.233401238500010e+01
  ],
  ""type"": ""Point""
}","{
  ""coordinates"": [
    -83.133662351,
    42.334012385
  ],
  ""type"": ""Point""
}",-83.1336623509999,42.3340123850001
8042,1128349,7 MILE,GOULBURN,2017-09-08,8,9,2017,11,6,5,9,,4,0,,1,1,1,30,2,2,3,5,0,0,0,0,true,,false,false,false,false,false,,,,,,false,false,false,,,false,false,false,false,false,-82.99338,42.43474,"{
  ""coordinates"": [
    -8.299337581499999e+01,
    4.243474267000000e+01
  ],
  ""type"": ""Point""
}","{
  ""coordinates"": [
    -82.993375815,
    42.43474267
  ],
  ""type"": ""Point""
}",-82.993375815,42.43474267
8043,1127168,I 94,LIVERNOIS,2017-09-08,8,9,2017,6,6,8,1,,1,0,,1,1,4,55,3,2,1,5,0,0,0,0,true,,false,false,true,false,false,,,,,,false,false,false,,,false,false,false,false,false,-83.12916,42.33562,"{
  ""coordinates"": [
    -8.312915978400000e+01,
    4.233562616200000e+01
  ],
  ""type"": ""Point""
}","{
  ""coordinates"": [
    -83.129159784,
    42.335626162
  ],
  ""type"": ""Point""
}",-83.129159784,42.335626162
8044,1128297,TIREMAN,CENTRAL,2017-09-08,8,9,2017,21,6,4,9,,4,0,,1,1,4,30,2,2,3,3,0,0,1,0,false,,false,false,false,false,false,,,,,,false,false,false,,,false,false,false,false,false,-83.14614,42.35196,"{
  ""coordinates"": [
    -8.314614072400001e+01,
    4.235195419600010e+01
  ],
  ""type"": ""Point""
}","{
  ""coordinates"": [
    -83.146140724,
    42.351954196
  ],
  ""type"": ""Point""
}",-83.146140724,42.3519541960001
8045,1168316,I-94,JUNCTION,2017-09-08,8,9,2017,13,6,5,1,,1,0,,1,1,1,55,3,2,1,5,0,0,0,0,true,,false,false,false,false,false,,,,,,false,false,true,,,false,false,false,false,false,-83.11717,42.34156,"{
  ""coordinates"": [
    -8.311717134199991e+01,
    4.234156331500000e+01
  ],
  ""type"": ""Point""
}","{
  ""coordinates"": [
    -83.117171342,
    42.341563315
  ],
  ""type"": ""Point""
}",-83.1171713419999,42.341563315
8046,1133155,SCHAEFER,PURITAN,2017-09-08,8,9,2017,17,6,5,9,,4,0,,1,1,1,30,5,2,3,3,0,0,1,1,false,,false,false,false,false,false,,,,,,false,true,false,,,false,false,false,false,false,-83.1795,42.41005,"{
  ""coordinates"": [
    -8.317949415100000e+01,
    4.241004929500010e+01
  ],
  ""type"": ""Point""
}","{
  ""coordinates"": [
    -83.179494151,
    42.410049295
  ],
  ""type"": ""Point""
}",-83.179494151,42.4100492950001
8047,1127211,PURITAN,GLASTONBURY,2017-09-08,8,9,2017,0,6,1,9,,4,0,,2,2,4,25,4,1,0,5,0,0,0,0,true,,false,false,false,false,false,,,,,,false,false,false,,,false,false,false,false,false,-83.22256,42.40825,"{
  ""coordinates"": [
    -8.322255889199990e+01,
    4.240825136100010e+01
  ],
  ""type"": ""Point""
}","{
  ""coordinates"": [
    -83.222558892,
    42.408251361
  ],
  ""type"": ""Point""
}",-83.2225588919999,42.4082513610001
8048,1127167,E I 96,RAMP 213E,2017-09-08,8,9,2017,7,6,5,1,,1,0,,1,1,1,70,5,2,1,5,0,0,0,0,true,,false,false,true,false,false,,,,,,false,false,false,,,false,false,false,false,false,-83.10043,42.35122,"{
  ""coordinates"": [
    -8.310043612699999e+01,
    4.235121443300010e+01
  ],
  ""type"": ""Point""
}","{
  ""coordinates"": [
    -83.100436127,
    42.351214433
  ],
  ""type"": ""Point""
}",-83.100436127,42.3512144330001
8049,1127234,LAFAYETTE,ROSA PARKS,2017-09-08,8,9,2017,8,6,9,9,,4,0,,1,1,1,30,3,2,2,5,0,0,0,0,true,,false,false,false,false,false,,,,,,false,false,true,,,false,false,false,false,false,-83.06714,42.3234,"{
  ""coordinates"": [
    -8.306713979999989e+01,
    4.232339831900000e+01
  ],
  ""type"": ""Point""
}","{
  ""coordinates"": [
    -83.0671398,
    42.323398319
  ],
  ""type"": ""Point""
}",-83.0671397999999,42.323398319
8050,1133100,JOY,SUSSEX,2017-09-08,8,9,2017,0,6,3,9,,4,0,,1,1,4,35,2,2,4,5,0,0,0,0,true,,false,false,false,false,false,,,,,,false,false,false,,,false,false,false,false,false,-83.19379,42.3582,"{
  ""coordinates"": [
    -8.319379392600000e+01,
    4.235820419800010e+01
  ],
  ""type"": ""Point""
}","{
  ""coordinates"": [
    -83.193793926,
    42.358204198
  ],
  ""type"": ""Point""
}",-83.193793926,42.3582041980001
8051,1140164,S I 75,PIQUETTE,2017-09-08,8,9,2017,14,6,8,1,,1,0,,1,1,1,55,4,2,1,5,0,0,0,0,true,,false,false,true,false,false,,,,,,false,false,false,,,false,false,false,false,false,-83.05952,42.37187,"{
  ""coordinates"": [
    -8.305952649999990e+01,
    4.237187059900000e+01
  ],
  ""type"": ""Point""
}","{
  ""coordinates"": [
    -83.0595265,
    42.371870599
  ],
  ""type"": ""Point""
}",-83.0595264999999,42.371870599
8052,1128336,GREENFIELD,SANTA MARIA,2017-09-08,8,9,2017,10,6,97,9,,2,0,,1,1,1,35,4,2,3,4,0,0,0,1,false,,false,false,false,false,false,,,,,,false,false,false,,,false,false,false,false,false,-83.19938,42.41779,"{
  ""coordinates"": [
    -8.319938090300001e+01,
    4.241778984000010e+01
  ],
  ""type"": ""Point""
}","{
  ""coordinates"": [
    -83.199380903,
    42.41778984
  ],
  ""type"": ""Point""
}",-83.199380903,42.4177898400001
8053,1138877,GRISWOLD,CONGRESS,2017-09-08,8,9,2017,18,6,97,9,,4,0,,1,1,1,25,4,2,3,5,0,0,0,0,true,,false,false,false,false,false,,,,,,false,false,false,,,false,false,false,false,false,-83.04682,42.33002,"{
  ""coordinates"": [
    -8.304681987100000e+01,
    4.233002443000000e+01
  ],
  ""type"": ""Point""
}","{
  ""coordinates"": [
    -83.046819871,
    42.33002443
  ],
  ""type"": ""Point""
}",-83.046819871,42.33002443
8054,1134226,I 75,MCNICHOLS,2017-09-08,8,9,2017,18,6,5,1,,1,0,,1,1,1,70,4,2,2,5,0,0,0,0,true,,false,false,false,false,false,,,,,,false,false,false,,,false,false,false,false,false,-83.08775,42.41786,"{
  ""coordinates"": [
    -8.308774874999990e+01,
    4.241786033100000e+01
  ],
  ""type"": ""Point""
}","{
  ""coordinates"": [
    -83.08774875,
    42.417860331
  ],
  ""type"": ""Point""
}",-83.0877487499999,42.417860331
8055,1140166,RAMP 008F,M-39,2017-09-08,8,9,2017,14,6,5,1,,1,0,,1,1,1,55,2,3,3,5,0,0,0,0,true,,false,false,false,false,false,,,,,,false,false,false,,,false,false,false,false,false,-83.21664,42.37858,"{
  ""coordinates"": [
    -8.321663623900000e+01,
    4.237857854000000e+01
  ],
  ""type"": ""Point""
}","{
  ""coordinates"": [
    -83.216636239,
    42.37857854
  ],
  ""type"": ""Point""
}",-83.216636239,42.37857854
8056,1128307,ADDISON,DENNISON,2017-09-08,8,9,2017,13,6,5,9,,,0,,1,1,1,25,2,2,3,5,0,0,0,0,true,,false,false,true,false,false,,,,,,false,false,false,,,false,false,false,false,false,-83.15394,42.3342,"{
  ""coordinates"": [
    -8.315393752400000e+01,
    4.233419727200000e+01
  ],
  ""type"": ""Point""
}","{
  ""coordinates"": [
    -83.153937524,
    42.334197272
  ],
  ""type"": ""Point""
}",-83.153937524,42.334197272
8057,1140163,S/B M-39,MCNICOLS,2017-09-08,8,9,2017,14,6,4,3,,1,0,,1,1,1,55,3,2,2,4,0,0,0,1,false,,false,false,false,false,false,,,,,,false,true,false,,,false,false,false,false,false,-83.21893,42.41772,"{
  ""coordinates"": [
    -8.321892174300000e+01,
    4.241771649400000e+01
  ],
  ""type"": ""Point""
}","{
  ""coordinates"": [
    -83.218921743,
    42.417716494
  ],
  ""type"": ""Point""
}",-83.218921743,42.417716494
8058,1128320,7 MILE,WINTHROP,2017-09-08,8,9,2017,18,6,4,9,,2,0,,1,1,1,35,6,2,3,2,0,1,0,0,false,,false,false,false,false,false,,,,,,false,false,false,,,false,false,true,false,false,-83.20116,42.4304,"{
  ""coordinates"": [
    -8.320116098299999e+01,
    4.243040431200010e+01
  ],
  ""type"": ""Point""
}","{
  ""coordinates"": [
    -83.201160983,
    42.430404312
  ],
  ""type"": ""Point""
}",-83.201160983,42.4304043120001
8059,1128346,TROESTER,BROCK,2017-09-08,8,9,2017,18,6,5,9,,,0,,1,1,1,0,2,2,2,4,0,0,0,3,false,,false,false,false,false,false,,,,,,false,false,false,,,false,false,false,false,false,-82.96297,42.42643,"{
  ""coordinates"": [
    -8.296297337000000e+01,
    4.242643132400010e+01
  ],
  ""type"": ""Point""
}","{
  ""coordinates"": [
    -82.96297337,
    42.426431324
  ],
  ""type"": ""Point""
}",-82.96297337,42.4264313240001
8060,1155320,WOODWARD,SELDEN,2017-09-08,8,9,2017,11,6,97,3,,1,0,,1,1,1,30,7,2,2,5,0,0,0,0,true,,false,false,false,false,false,,,,,,false,false,true,,,false,false,false,false,false,-83.05937,42.34962,"{
  ""coordinates"": [
    -8.305937205600000e+01,
    4.234962057000010e+01
  ],
  ""type"": ""Point""
}","{
  ""coordinates"": [
    -83.059372056,
    42.34962057
  ],
  ""type"": ""Point""
}",-83.059372056,42.3496205700001
8061,1129289,S M 10,W I 94,2017-09-08,8,9,2017,16,6,5,3,,1,0,,1,1,1,55,3,2,1,5,0,0,0,0,true,,false,false,true,false,false,,,,,,false,false,false,,,false,false,false,false,false,-83.07689,42.35941,"{
  ""coordinates"": [
    -8.307689222800001e+01,
    4.235941217600000e+01
  ],
  ""type"": ""Point""
}","{
  ""coordinates"": [
    -83.076892228,
    42.359412176
  ],
  ""type"": ""Point""
}",-83.076892228,42.359412176
8062,1136237,GRAND RIVER,FARMER,2017-09-08,8,9,2017,12,6,8,9,,4,0,,1,1,1,0,2,2,2,5,0,0,0,0,true,,false,false,false,false,false,,,,,,false,false,false,,,false,false,false,false,false,-83.04762,42.33463,"{
  ""coordinates"": [
    -8.304761244399999e+01,
    4.233463229600010e+01
  ],
  ""type"": ""Point""
}","{
  ""coordinates"": [
    -83.047612444,
    42.334632296
  ],
  ""type"": ""Point""
}",-83.047612444,42.3346322960001
8063,1128291,M-39,7 MILE,2017-09-08,8,9,2017,21,6,5,3,,1,0,,1,2,4,55,3,2,2,4,0,0,0,1,false,,false,false,false,false,false,,,,,,false,false,false,,,false,false,false,false,false,-83.21943,42.43057,"{
  ""coordinates"": [
    -8.321943022600000e+01,
    4.243057329400010e+01
  ],
  ""type"": ""Point""
}","{
  ""coordinates"": [
    -83.219430226,
    42.430573294
  ],
  ""type"": ""Point""
}",-83.219430226,42.4305732940001
8064,1130495,JAMES COUZENS,BASIL,2017-09-08,8,9,2017,18,6,5,9,,4,0,,1,1,1,35,3,2,1,5,0,0,0,0,true,,false,false,false,false,false,,,,,,false,false,true,,,false,false,false,false,false,-83.19611,42.43953,"{
  ""coordinates"": [
    -8.319610918700000e+01,
    4.243952645300000e+01
  ],
  ""type"": ""Point""
}","{
  ""coordinates"": [
    -83.196109187,
    42.439526453
  ],
  ""type"": ""Point""
}",-83.196109187,42.439526453
8065,1138829,I-94,JUNCTION,2017-09-08,8,9,2017,13,6,5,1,,1,0,,1,1,1,55,3,2,3,5,0,0,0,0,true,,false,false,false,false,false,,,,,,false,false,true,,,false,false,false,false,false,-83.11717,42.34156,"{
  ""coordinates"": [
    -8.311717134199991e+01,
    4.234156331500000e+01
  ],
  ""type"": ""Point""
}","{
  ""coordinates"": [
    -83.117171342,
    42.341563315
  ],
  ""type"": ""Point""
}",-83.1171713419999,42.341563315
8066,1174749,VAUGHAN,VERNE,2017-09-08,8,9,2017,17,6,4,9,,,0,,1,1,1,25,2,2,5,4,0,0,0,1,false,,false,false,false,false,false,,,,,,false,false,false,,,false,false,false,false,false,-83.23897,42.41154,"{
  ""coordinates"": [
    -8.323897058700000e+01,
    4.241154291400010e+01
  ],
  ""type"": ""Point""
}","{
  ""coordinates"": [
    -83.238970587,
    42.411542914
  ],
  ""type"": ""Point""
}",-83.238970587,42.4115429140001
8067,1155289,MCNICHOLS,ROSEMONT,2017-09-08,8,9,2017,8,6,6,9,,2,0,,1,1,1,35,4,2,2,5,0,0,0,0,true,,false,false,false,false,false,,,,,,false,false,true,,,false,false,false,false,false,-83.22171,42.4155,"{
  ""coordinates"": [
    -8.322170790099990e+01,
    4.241550189500000e+01
  ],
  ""type"": ""Point""
}","{
  ""coordinates"": [
    -83.221707901,
    42.415501895
  ],
  ""type"": ""Point""
}",-83.2217079009999,42.415501895
8068,1138863,LARNED,RANDOLPH,2017-09-08,8,9,2017,8,6,8,3,,4,0,,1,1,1,35,4,2,2,5,0,0,0,0,true,,false,false,false,false,false,,,,,,false,false,false,,,false,false,false,false,false,-83.04264,42.33054,"{
  ""coordinates"": [
    -8.304263831799990e+01,
    4.233054267100000e+01
  ],
  ""type"": ""Point""
}","{
  ""coordinates"": [
    -83.042638318,
    42.330542671
  ],
  ""type"": ""Point""
}",-83.0426383179999,42.330542671
8069,1138828,E I 96,MCGRAW,2017-09-08,8,9,2017,8,6,5,1,,1,0,,1,1,1,70,4,2,2,5,0,0,0,0,true,,false,false,false,false,false,,,,,,false,false,false,,,false,false,false,false,false,-83.10182,42.35224,"{
  ""coordinates"": [
    -8.310182193400000e+01,
    4.235223829500010e+01
  ],
  ""type"": ""Point""
}","{
  ""coordinates"": [
    -83.101821934,
    42.352238295
  ],
  ""type"": ""Point""
}",-83.101821934,42.3522382950001
8070,1129328,NEVADA,SUNSET,2017-09-08,8,9,2017,17,6,8,9,,4,0,,1,1,1,30,2,2,2,5,0,0,0,0,true,,false,false,true,false,false,,,,,,false,false,false,,,false,false,false,false,false,-83.06027,42.42596,"{
  ""coordinates"": [
    -8.306027285499989e+01,
    4.242596176900000e+01
  ],
  ""type"": ""Point""
}","{
  ""coordinates"": [
    -83.060272855,
    42.425961769
  ],
  ""type"": ""Point""
}",-83.0602728549999,42.425961769
8071,1129297,CENTRAL,JOHN KRONK,2017-09-08,8,9,2017,20,6,5,9,,4,0,,1,1,3,25,2,2,1,5,0,0,0,0,true,,false,false,true,false,false,,,,,,false,false,false,,,false,false,false,false,false,-83.13148,42.32256,"{
  ""coordinates"": [
    -8.313148168299990e+01,
    4.232255514500010e+01
  ],
  ""type"": ""Point""
}","{
  ""coordinates"": [
    -83.131481683,
    42.322555145
  ],
  ""type"": ""Point""
}",-83.1314816829999,42.3225551450001
8072,1129290,WOODWARD,WILLIS,2017-09-08,8,9,2017,22,6,8,3,,1,0,,1,1,4,35,7,2,4,5,0,0,0,0,true,,false,false,false,false,false,,,,,,false,false,false,,,false,false,false,false,false,-83.06041,42.35118,"{
  ""coordinates"": [
    -8.306041295900000e+01,
    4.235118179200000e+01
  ],
  ""type"": ""Point""
}","{
  ""coordinates"": [
    -83.060412959,
    42.351181792
  ],
  ""type"": ""Point""
}",-83.060412959,42.351181792
8073,1130462,N M 39,TIREMAN,2017-09-08,8,9,2017,7,6,8,3,,1,0,,1,1,1,30,2,2,2,5,0,0,0,0,true,,false,false,true,false,false,,,,,,false,false,false,,,false,false,false,false,false,-83.21626,42.3507,"{
  ""coordinates"": [
    -8.321626109700000e+01,
    4.235069712600010e+01
  ],
  ""type"": ""Point""
}","{
  ""coordinates"": [
    -83.216261097,
    42.350697126
  ],
  ""type"": ""Point""
}",-83.216261097,42.3506971260001
8074,1128329,MACK,N I 75,2017-09-08,8,9,2017,16,6,4,9,,4,0,,1,1,1,30,6,2,2,5,0,0,0,0,true,,false,false,false,false,false,,,,,,false,false,false,,,false,false,false,false,false,-83.04787,42.35136,"{
  ""coordinates"": [
    -8.304786575299990e+01,
    4.235136407700000e+01
  ],
  ""type"": ""Point""
}","{
  ""coordinates"": [
    -83.047865753,
    42.351364077
  ],
  ""type"": ""Point""
}",-83.0478657529999,42.351364077
8075,1129295,WOODWARD,AMSTERDAM,2017-09-08,8,9,2017,15,6,5,3,,1,0,,1,1,1,35,2,2,2,5,0,0,0,0,true,,false,false,true,false,false,,,,,,false,true,false,,,false,false,false,false,false,-83.07086,42.3665,"{
  ""coordinates"": [
    -8.307086448000000e+01,
    4.236650467200010e+01
  ],
  ""type"": ""Point""
}","{
  ""coordinates"": [
    -83.07086448,
    42.366504672
  ],
  ""type"": ""Point""
}",-83.07086448,42.3665046720001
8076,1128287,I-94,WOODWARD,2017-09-08,8,9,2017,20,6,5,1,,1,0,,1,1,2,55,3,2,2,5,0,0,0,0,true,,false,false,false,false,false,,,,,,false,true,true,,,false,false,false,false,false,-83.06552,42.36518,"{
  ""coordinates"": [
    -8.306552326900000e+01,
    4.236518376800010e+01
  ],
  ""type"": ""Point""
}","{
  ""coordinates"": [
    -83.065523269,
    42.365183768
  ],
  ""type"": ""Point""
}",-83.065523269,42.3651837680001
8077,1128317,MICHIGAN,LIVERNOIS,2017-09-08,8,9,2017,4,6,8,2,,1,0,,1,1,1,35,6,2,2,4,0,0,0,1,false,,false,false,true,false,false,,,,,,false,false,false,,,false,false,false,false,false,-83.11997,42.33111,"{
  ""coordinates"": [
    -8.311997075399999e+01,
    4.233111325200010e+01
  ],
  ""type"": ""Point""
}","{
  ""coordinates"": [
    -83.119970754,
    42.331113252
  ],
  ""type"": ""Point""
}",-83.119970754,42.3311132520001
8078,1129292,CASS,SPROAT,2017-09-08,8,9,2017,18,6,5,9,,4,0,,1,1,1,35,2,2,1,4,0,0,0,1,false,,false,false,true,false,false,,,,,,false,false,false,,,false,false,false,false,false,-83.05804,42.34077,"{
  ""coordinates"": [
    -8.305804645500000e+01,
    4.234077501800000e+01
  ],
  ""type"": ""Point""
}","{
  ""coordinates"": [
    -83.058046455,
    42.340775018
  ],
  ""type"": ""Point""
}",-83.058046455,42.340775018
8079,1128321,GLENDALE,VIRGIL,2017-09-08,8,9,2017,4,6,97,9,,,0,,1,1,4,25,2,2,0,4,0,0,0,1,false,,false,false,true,false,false,,,,,,true,false,false,,,false,false,false,false,false,-83.27095,42.38103,"{
  ""coordinates"": [
    -8.327095056400000e+01,
    4.238102873900000e+01
  ],
  ""type"": ""Point""
}","{
  ""coordinates"": [
    -83.270950564,
    42.381028739
  ],
  ""type"": ""Point""
}",-83.270950564,42.381028739
8080,1128340,ST MARYS,FENKELL,2017-09-08,8,9,2017,11,6,97,9,,4,0,,1,1,1,25,2,2,2,3,0,0,1,0,false,,false,false,false,false,false,,,,,,false,true,false,,,false,false,false,false,false,-83.2066,42.40108,"{
  ""coordinates"": [
    -8.320660587600000e+01,
    4.240108536600010e+01
  ],
  ""type"": ""Point""
}","{
  ""coordinates"": [
    -83.206605876,
    42.401085366
  ],
  ""type"": ""Point""
}",-83.206605876,42.4010853660001
8081,1128331,CHENE,HUNT,2017-09-08,8,9,2017,17,6,1,9,,4,0,,1,1,1,30,2,2,6,4,0,0,0,1,false,,false,false,false,false,false,,,,,,false,false,false,,,false,false,false,true,false,-83.03126,42.35131,"{
  ""coordinates"": [
    -8.303125510000000e+01,
    4.235130903800010e+01
  ],
  ""type"": ""Point""
}","{
  ""coordinates"": [
    -83.0312551,
    42.351309038
  ],
  ""type"": ""Point""
}",-83.0312551,42.3513090380001
8082,1140184,S/B M-10,MILWAUKEE,2017-09-08,8,9,2017,16,6,8,3,,1,0,,1,1,1,55,3,2,7,4,0,0,0,2,false,,false,false,false,false,false,,,,,,false,false,false,,,false,false,false,false,false,-83.08002,42.36454,"{
  ""coordinates"": [
    -8.308002438200000e+01,
    4.236453795600000e+01
  ],
  ""type"": ""Point""
}","{
  ""coordinates"": [
    -83.080024382,
    42.364537956
  ],
  ""type"": ""Point""
}",-83.080024382,42.364537956
8083,1128365,CARRIE,DAVISON,2017-09-08,8,9,2017,16,6,8,9,,,0,,1,1,1,25,2,2,1,5,0,0,0,0,true,,false,false,true,false,false,,,,,,false,false,false,,,false,false,false,false,false,-83.03013,42.42347,"{
  ""coordinates"": [
    -8.303012771499991e+01,
    4.242347481600010e+01
  ],
  ""type"": ""Point""
}","{
  ""coordinates"": [
    -83.030127715,
    42.423474816
  ],
  ""type"": ""Point""
}",-83.0301277149999,42.4234748160001
8084,1127186,WARREN,ROSA PARKS,2017-09-08,8,9,2017,8,6,97,9,,4,0,,1,1,1,25,4,2,7,3,0,0,2,0,false,,true,true,false,false,false,,,,,,false,false,true,,,false,false,false,false,false,-83.08298,42.35075,"{
  ""coordinates"": [
    -8.308298798300000e+01,
    4.235075207300010e+01
  ],
  ""type"": ""Point""
}","{
  ""coordinates"": [
    -83.082987983,
    42.350752073
  ],
  ""type"": ""Point""
}",-83.082987983,42.3507520730001
8085,1138826,I-94,14TH,2017-09-08,8,9,2017,13,6,5,1,,1,0,,1,1,1,55,3,2,2,5,0,0,0,0,true,,false,false,false,false,false,,,,,,false,false,false,,,false,false,false,false,false,-83.08888,42.35347,"{
  ""coordinates"": [
    -8.308888342599990e+01,
    4.235346486200010e+01
  ],
  ""type"": ""Point""
}","{
  ""coordinates"": [
    -83.088883426,
    42.353464862
  ],
  ""type"": ""Point""
}",-83.0888834259999,42.3534648620001
8086,1130426,I-75 N/B,NAVADA,2017-09-08,8,9,2017,16,6,5,1,,1,0,,1,1,1,70,3,2,2,4,0,0,0,1,false,,false,false,false,false,false,,,,,,false,false,true,,,false,false,false,false,false,-83.08813,42.41871,"{
  ""coordinates"": [
    -8.308813311900001e+01,
    4.241871440400010e+01
  ],
  ""type"": ""Point""
}","{
  ""coordinates"": [
    -83.088133119,
    42.418714404
  ],
  ""type"": ""Point""
}",-83.088133119,42.4187144040001
8087,1128304,GRAND,JOHN C LODGE SV,2017-09-08,8,9,2017,14,6,4,9,,,0,,1,1,1,35,2,2,2,4,0,0,0,1,false,,true,true,true,false,false,,,,,,false,false,false,,,false,false,false,false,false,-83.11256,42.39856,"{
  ""coordinates"": [
    -8.311255292200001e+01,
    4.239856356500010e+01
  ],
  ""type"": ""Point""
}","{
  ""coordinates"": [
    -83.112552922,
    42.398563565
  ],
  ""type"": ""Point""
}",-83.112552922,42.3985635650001
8088,1138882,MACKENZIE,MARK TWAIN,2017-09-08,8,9,2017,12,6,8,9,,,3,,1,1,1,25,2,2,0,5,0,0,0,0,true,,false,false,true,false,false,,,,,,false,false,false,,,false,false,false,false,false,-83.18507,42.35602,"{
  ""coordinates"": [
    -8.318506454200001e+01,
    4.235602363900010e+01
  ],
  ""type"": ""Point""
}","{
  ""coordinates"": [
    -83.185064542,
    42.356023639
  ],
  ""type"": ""Point""
}",-83.185064542,42.3560236390001
8089,1128316,CAVALRY,VERNOR,2017-09-08,8,9,2017,17,6,1,9,,,0,,1,1,1,25,1,2,0,4,0,0,0,1,false,,false,false,true,false,false,,,,,,true,false,false,,,false,false,false,false,false,-83.10566,42.31626,"{
  ""coordinates"": [
    -8.310565864499991e+01,
    4.231625717800010e+01
  ],
  ""type"": ""Point""
}","{
  ""coordinates"": [
    -83.105658645,
    42.316257178
  ],
  ""type"": ""Point""
}",-83.1056586449999,42.3162571780001
8090,1134273,I 75,8 MILE,2017-09-08,8,9,2017,19,6,8,1,,1,0,,1,1,1,70,4,2,2,5,0,0,0,0,true,,false,false,false,false,false,,,,,,false,false,false,,,false,false,false,false,false,-83.09466,42.44543,"{
  ""coordinates"": [
    -8.309465801100001e+01,
    4.244542662400000e+01
  ],
  ""type"": ""Point""
}","{
  ""coordinates"": [
    -83.094658011,
    42.445426624
  ],
  ""type"": ""Point""
}",-83.094658011,42.445426624
8091,1128326,TELEGRAPH,MCNICHOLS,2017-09-08,8,9,2017,17,6,5,2,,1,0,,1,1,1,40,3,2,3,4,0,0,0,1,false,,false,false,false,false,false,,,,,,false,false,true,,,false,false,false,false,false,-83.27696,42.41448,"{
  ""coordinates"": [
    -8.327696042799990e+01,
    4.241448333600000e+01
  ],
  ""type"": ""Point""
}","{
  ""coordinates"": [
    -83.276960428,
    42.414483336
  ],
  ""type"": ""Point""
}",-83.2769604279999,42.414483336
8092,1128315,PERSHING,CENTRAL,2017-09-08,8,9,2017,20,6,8,9,,,3,,1,2,4,25,2,2,1,5,0,0,0,0,true,,false,false,false,false,false,,,,,,false,false,false,,,false,false,false,false,false,-83.12115,42.30706,"{
  ""coordinates"": [
    -8.312115573599991e+01,
    4.230706221000000e+01
  ],
  ""type"": ""Point""
}","{
  ""coordinates"": [
    -83.121155736,
    42.30706221
  ],
  ""type"": ""Point""
}",-83.1211557359999,42.30706221
8093,1138832,RAMP 216I,RAMP 216K,2017-09-08,8,9,2017,15,6,8,1,,1,0,,1,1,1,55,1,2,2,5,0,0,0,0,true,,false,false,false,false,false,,,,,,false,false,false,,,false,false,false,false,false,-83.05901,42.3689,"{
  ""coordinates"": [
    -8.305901595499989e+01,
    4.236890393500000e+01
  ],
  ""type"": ""Point""
}","{
  ""coordinates"": [
    -83.059015955,
    42.368903935
  ],
  ""type"": ""Point""
}",-83.0590159549999,42.368903935
8094,1128333,JEFFERSON,JEFFERSON,2017-09-08,8,9,2017,7,6,5,9,,4,0,,1,2,1,35,9,2,3,5,0,0,0,0,true,,false,false,false,false,false,,,,,,false,false,false,,,false,false,false,false,false,-83.00761,42.34472,"{
  ""coordinates"": [
    -8.300760328199991e+01,
    4.234471784200010e+01
  ],
  ""type"": ""Point""
}","{
  ""coordinates"": [
    -83.007603282,
    42.344717842
  ],
  ""type"": ""Point""
}",-83.0076032819999,42.3447178420001
8095,1128294,STANSBURY,MCNICHOLS,2017-09-08,8,9,2017,11,6,8,9,,,0,,1,1,1,25,2,2,2,5,0,0,0,0,true,,false,false,false,false,false,,,,,,false,false,true,,,false,false,false,false,false,-83.18336,42.41664,"{
  ""coordinates"": [
    -8.318335720899999e+01,
    4.241664191800000e+01
  ],
  ""type"": ""Point""
}","{
  ""coordinates"": [
    -83.183357209,
    42.416641918
  ],
  ""type"": ""Point""
}",-83.183357209,42.416641918
8096,1128312,WARREN,W I 96,2017-09-08,8,9,2017,8,6,5,9,,4,0,,1,1,1,30,5,2,1,5,0,0,0,0,true,,false,false,false,false,false,,,,,,false,false,false,,,false,false,false,false,false,-83.09666,42.3464,"{
  ""coordinates"": [
    -8.309666735899999e+01,
    4.234639784300000e+01
  ],
  ""type"": ""Point""
}","{
  ""coordinates"": [
    -83.096667359,
    42.346397843
  ],
  ""type"": ""Point""
}",-83.096667359,42.346397843
8097,1138861,BEAUBIEN,JEFFERSON,2017-09-08,8,9,2017,10,6,6,4,,4,0,,1,1,1,35,3,2,3,5,0,0,0,0,true,,false,false,false,false,false,,,,,,false,true,false,,,false,false,false,false,false,-83.0396,42.33062,"{
  ""coordinates"": [
    -8.303960063800000e+01,
    4.233061746600000e+01
  ],
  ""type"": ""Point""
}","{
  ""coordinates"": [
    -83.039600638,
    42.330617466
  ],
  ""type"": ""Point""
}",-83.039600638,42.330617466