ObjectId,Crash ID,Primary Road,Intersecting Road,Crash Date,Day,Month,Year,Hour,Weekday,Crash Type Code,Highway Classification Code,Community Code,Jurisdiction Code,Lane Departure Type Code,Surface Type,Road Condition,Weather Condition,Lighting Condition,Speed Limit,Lanes,Units,Occupants,Most Severe Injury,Fatal Injuries,Suspected Serious Injuries,Suspected Minor Injuries,Possible Injuries,Property Damage Only,Secondary Crash,Traffic Control,Red Light Run,Hit and Run,Alcohol,Drugs,Unbelted Person,Work Zone,Speeding Driver,Distracted Driver,Driveway,Pedestrian,Elderly Driver,Young Driver,Commercial Vehicle,Emergency Vehicles,Train,School Bus,Motorcycle,Bicycle,Deer,Longitude,Latitude,geom,geog,x,y
8098,1127196,VERNOR,OAKDALE,2017-09-08,8,9,2017,6,6,5,9,,4,0,,1,1,1,30,2,2,3,4,0,0,0,1,false,,false,false,false,false,false,,,,,,false,false,true,,,false,false,false,false,false,-83.13398,42.30869,"{
  ""coordinates"": [
    -8.313397737400000e+01,
    4.230869143100010e+01
  ],
  ""type"": ""Point""
}","{
  ""coordinates"": [
    -83.133977374,
    42.308691431
  ],
  ""type"": ""Point""
}",-83.133977374,42.3086914310001
8099,1138825,E I 96,E M 8,2017-09-08,8,9,2017,10,6,5,1,,1,0,,1,1,1,55,3,2,2,5,0,0,0,0,true,,false,false,false,false,false,,,,,,false,false,false,,,false,false,false,false,false,-83.15345,42.38491,"{
  ""coordinates"": [
    -8.315345138899990e+01,
    4.238490795300000e+01
  ],
  ""type"": ""Point""
}","{
  ""coordinates"": [
    -83.153451389,
    42.384907953
  ],
  ""type"": ""Point""
}",-83.1534513889999,42.384907953
8100,1128338,SOUTHFIELD SERVICE,MCNICHOLS,2017-09-08,8,9,2017,22,6,9,9,,4,2,,1,1,4,30,4,2,2,5,0,0,0,0,true,,false,false,true,false,false,,,,,,false,false,false,,,false,false,false,false,false,-83.21922,42.41534,"{
  ""coordinates"": [
    -8.321921800199991e+01,
    4.241534223800010e+01
  ],
  ""type"": ""Point""
}","{
  ""coordinates"": [
    -83.219218002,
    42.415342238
  ],
  ""type"": ""Point""
}",-83.2192180019999,42.4153422380001
8101,1127115,N/B I-275,WARREN,2017-09-08,8,9,2017,7,6,5,1,,1,0,,1,1,1,70,3,3,4,5,0,0,0,0,true,,false,false,false,false,false,,,,,,false,false,true,,,false,false,false,false,false,-83.0544,42.36108,"{
  ""coordinates"": [
    -8.305439822800000e+01,
    4.236107715900000e+01
  ],
  ""type"": ""Point""
}","{
  ""coordinates"": [
    -83.054398228,
    42.361077159
  ],
  ""type"": ""Point""
}",-83.054398228,42.361077159
8102,1128369,GREENFIELD,8 MILE,2017-09-07,7,9,2017,21,5,4,7,,1,0,,2,4,4,35,6,2,3,5,0,0,0,0,true,,false,false,false,false,false,,,,,,false,false,false,,,false,false,false,false,false,-83.20049,42.44425,"{
  ""coordinates"": [
    -8.320048648900000e+01,
    4.244425181100010e+01
  ],
  ""type"": ""Point""
}","{
  ""coordinates"": [
    -83.200486489,
    42.444251811
  ],
  ""type"": ""Point""
}",-83.200486489,42.4442518110001
8103,1134217,SB I-75,CLAY,2017-09-07,7,9,2017,19,5,5,1,,1,0,,2,2,1,70,4,2,2,5,0,0,0,0,true,,false,false,false,false,false,,,,,,false,true,false,,,false,false,false,false,false,-83.0637,42.37952,"{
  ""coordinates"": [
    -8.306369571000000e+01,
    4.237952079600010e+01
  ],
  ""type"": ""Point""
}","{
  ""coordinates"": [
    -83.06369571,
    42.379520796
  ],
  ""type"": ""Point""
}",-83.06369571,42.3795207960001
8104,1127238,CASS,WARREN,2017-09-07,7,9,2017,8,5,8,9,,4,0,,1,1,4,30,3,2,2,5,0,0,0,0,true,,false,false,false,false,false,,,,,,false,true,false,,,false,false,false,false,false,-83.0667,42.35609,"{
  ""coordinates"": [
    -8.306670716699990e+01,
    4.235608749800010e+01
  ],
  ""type"": ""Point""
}","{
  ""coordinates"": [
    -83.066707167,
    42.356087498
  ],
  ""type"": ""Point""
}",-83.0667071669999,42.3560874980001
8105,1127193,JOHN R,SMITH,2017-09-07,7,9,2017,8,5,97,9,,4,0,,1,1,1,35,3,2,2,5,0,0,0,0,true,,false,false,false,false,false,,,,,,false,false,false,,,false,false,false,false,false,-83.0727,42.37348,"{
  ""coordinates"": [
    -8.307270085899999e+01,
    4.237348019300000e+01
  ],
  ""type"": ""Point""
}","{
  ""coordinates"": [
    -83.072700859,
    42.373480193
  ],
  ""type"": ""Point""
}",-83.072700859,42.373480193
8106,1134248,I-94,TRUMBULL,2017-09-07,7,9,2017,8,5,5,1,,1,0,,1,1,1,55,3,3,3,5,0,0,0,0,true,,false,false,false,false,false,,,,,,false,true,false,,,false,false,false,false,false,-83.08273,42.35544,"{
  ""coordinates"": [
    -8.308273465799989e+01,
    4.235544187700000e+01
  ],
  ""type"": ""Point""
}","{
  ""coordinates"": [
    -83.082734658,
    42.355441877
  ],
  ""type"": ""Point""
}",-83.0827346579999,42.355441877
8107,1127162,I-94,M-10,2017-09-07,7,9,2017,19,5,5,1,,1,0,,2,4,1,55,3,2,2,4,0,0,0,1,false,,false,false,false,false,false,,,,,,false,false,false,,,false,false,false,false,false,-83.06857,42.36373,"{
  ""coordinates"": [
    -8.306856730399990e+01,
    4.236372924300010e+01
  ],
  ""type"": ""Point""
}","{
  ""coordinates"": [
    -83.068567304,
    42.363729243
  ],
  ""type"": ""Point""
}",-83.0685673039999,42.3637292430001
8108,1152875,E/B I 96,GRAND,2017-09-07,7,9,2017,9,5,5,1,,1,0,,1,1,1,55,4,2,2,5,0,0,0,0,true,,false,false,false,false,false,,,,,,false,false,false,,,false,false,false,false,false,-83.11246,42.35667,"{
  ""coordinates"": [
    -8.311246812500001e+01,
    4.235667581900000e+01
  ],
  ""type"": ""Point""
}","{
  ""coordinates"": [
    -83.112468125,
    42.356675819
  ],
  ""type"": ""Point""
}",-83.112468125,42.356675819
8109,1127199,MICHIGAN,WYOMING,2017-09-07,7,9,2017,16,5,4,2,,1,0,,2,2,1,35,6,2,1,5,0,0,0,0,true,,false,false,true,false,false,,,,,,false,false,false,,,false,false,false,false,false,-83.15602,42.32796,"{
  ""coordinates"": [
    -8.315602420800001e+01,
    4.232795954900010e+01
  ],
  ""type"": ""Point""
}","{
  ""coordinates"": [
    -83.156024208,
    42.327959549
  ],
  ""type"": ""Point""
}",-83.156024208,42.3279595490001
8110,1127231,CHRYSLER,DAVISON,2017-09-07,7,9,2017,11,5,8,1,,1,0,,1,2,1,55,4,2,1,5,0,0,0,0,true,,false,false,true,false,false,,,,,,false,false,false,,,false,false,false,false,false,-83.0815,42.41098,"{
  ""coordinates"": [
    -8.308150530499999e+01,
    4.241098449900010e+01
  ],
  ""type"": ""Point""
}","{
  ""coordinates"": [
    -83.081505305,
    42.410984499
  ],
  ""type"": ""Point""
}",-83.081505305,42.4109844990001
8111,1134268,I-94,LIVERNOIS,2017-09-07,7,9,2017,12,5,8,1,,1,0,,1,1,1,55,3,2,2,5,0,0,0,0,true,,false,false,false,false,false,,,,,,false,true,true,,,false,false,false,false,false,-83.12404,42.33765,"{
  ""coordinates"": [
    -8.312404245499989e+01,
    4.233765393500000e+01
  ],
  ""type"": ""Point""
}","{
  ""coordinates"": [
    -83.124042455,
    42.337653935
  ],
  ""type"": ""Point""
}",-83.1240424549999,42.337653935
8112,1127195,FORT,15TH,2017-09-07,7,9,2017,6,5,1,3,,1,1,,1,1,4,30,5,1,2,5,0,0,0,0,true,,false,false,false,false,false,,,,,,false,false,true,,,false,false,false,false,false,-83.07371,42.31941,"{
  ""coordinates"": [
    -8.307370434200000e+01,
    4.231941401500010e+01
  ],
  ""type"": ""Point""
}","{
  ""coordinates"": [
    -83.073704342,
    42.319414015
  ],
  ""type"": ""Point""
}",-83.073704342,42.3194140150001
8113,1134230,M-39,SCHOOLCRAFT,2017-09-07,7,9,2017,6,5,8,3,,1,0,,1,1,1,55,3,2,1,5,0,0,0,0,true,,false,false,true,false,false,,,,,,false,true,false,,,false,false,false,false,false,-83.21767,42.38527,"{
  ""coordinates"": [
    -8.321767124300000e+01,
    4.238526401800000e+01
  ],
  ""type"": ""Point""
}","{
  ""coordinates"": [
    -83.217671243,
    42.385264018
  ],
  ""type"": ""Point""
}",-83.217671243,42.385264018
8114,1167088,FORT,LIVERNOIS,2017-09-07,7,9,2017,15,5,5,3,,1,0,,1,1,1,35,4,2,1,5,0,0,0,0,true,,false,false,true,false,false,,,,,,false,false,true,,,false,false,false,false,false,-83.103,42.30684,"{
  ""coordinates"": [
    -8.310299574100000e+01,
    4.230683743900000e+01
  ],
  ""type"": ""Point""
}","{
  ""coordinates"": [
    -83.102995741,
    42.306837439
  ],
  ""type"": ""Point""
}",-83.102995741,42.306837439
8115,1127225,8 MILE,KLINGER,2017-09-07,7,9,2017,17,5,4,3,,1,0,,2,4,1,40,4,2,2,4,0,0,0,1,false,,false,false,true,false,false,,,,,,false,false,false,,,false,false,false,false,false,-83.07003,42.44719,"{
  ""coordinates"": [
    -8.307002892000000e+01,
    4.244719344800010e+01
  ],
  ""type"": ""Point""
}","{
  ""coordinates"": [
    -83.07002892,
    42.447193448
  ],
  ""type"": ""Point""
}",-83.07002892,42.4471934480001
8116,1141997,M-39,JOY,2017-09-07,7,9,2017,16,5,5,3,,1,0,,1,1,1,55,3,2,2,5,0,0,0,0,true,,false,false,false,false,false,,,,,,false,false,false,,,false,false,false,false,false,-83.21626,42.35423,"{
  ""coordinates"": [
    -8.321625986299991e+01,
    4.235423222400000e+01
  ],
  ""type"": ""Point""
}","{
  ""coordinates"": [
    -83.216259863,
    42.354232224
  ],
  ""type"": ""Point""
}",-83.2162598629999,42.354232224
8117,1127174,I75,CLAY,2017-09-07,7,9,2017,19,5,8,1,,1,0,,2,4,3,70,4,2,1,5,0,0,0,0,true,,false,false,false,false,false,,,,,,false,false,false,,,false,false,false,false,false,-83.06353,42.37928,"{
  ""coordinates"": [
    -8.306352628199990e+01,
    4.237927522600010e+01
  ],
  ""type"": ""Point""
}","{
  ""coordinates"": [
    -83.063526282,
    42.379275226
  ],
  ""type"": ""Point""
}",-83.0635262819999,42.3792752260001
8118,1128310,HONORAH,PITT,2017-09-07,7,9,2017,18,5,4,9,,,0,,2,4,1,25,2,2,2,3,0,0,1,1,false,,false,false,true,false,false,,,,,,false,false,true,,,false,false,false,false,false,-83.12444,42.31503,"{
  ""coordinates"": [
    -8.312443332799999e+01,
    4.231502657000000e+01
  ],
  ""type"": ""Point""
}","{
  ""coordinates"": [
    -83.124433328,
    42.31502657
  ],
  ""type"": ""Point""
}",-83.124433328,42.31502657
8119,1137876,I-94,TRUMBULL,2017-09-07,7,9,2017,23,5,1,1,,1,0,,2,2,4,55,3,1,1,5,0,0,0,0,true,,false,false,false,false,false,,,,,,false,false,true,,,false,false,false,false,false,-83.08141,42.35609,"{
  ""coordinates"": [
    -8.308140225100000e+01,
    4.235608566200010e+01
  ],
  ""type"": ""Point""
}","{
  ""coordinates"": [
    -83.081402251,
    42.356085662
  ],
  ""type"": ""Point""
}",-83.081402251,42.3560856620001
8120,1127222,DAVISON,LIVERNOIS,2017-09-07,7,9,2017,8,5,8,3,,1,0,,1,1,1,35,3,2,1,5,0,0,0,0,true,,false,false,false,false,false,,,,,,false,false,false,,,false,false,false,false,false,-83.14009,42.38648,"{
  ""coordinates"": [
    -8.314008735499991e+01,
    4.238648238200010e+01
  ],
  ""type"": ""Point""
}","{
  ""coordinates"": [
    -83.140087355,
    42.386482382
  ],
  ""type"": ""Point""
}",-83.1400873549999,42.3864823820001
8121,1131237,FENKELL,LINDSAY,2017-09-07,7,9,2017,16,5,4,9,,2,0,,2,4,1,30,6,2,2,5,0,0,0,0,true,,false,false,true,false,false,,,,,,false,false,false,,,false,false,false,false,false,-83.21268,42.40121,"{
  ""coordinates"": [
    -8.321268142799990e+01,
    4.240121645800010e+01
  ],
  ""type"": ""Point""
}","{
  ""coordinates"": [
    -83.212681428,
    42.401216458
  ],
  ""type"": ""Point""
}",-83.2126814279999,42.4012164580001
8122,1128303,MONROE,WOODWARD,2017-09-07,7,9,2017,15,5,98,9,,4,0,,1,1,1,25,1,2,0,5,0,0,0,0,true,,false,false,true,false,false,,,,,,false,false,false,,,false,false,false,false,false,-83.04591,42.33246,"{
  ""coordinates"": [
    -8.304591347199990e+01,
    4.233246119800000e+01
  ],
  ""type"": ""Point""
}","{
  ""coordinates"": [
    -83.045913472,
    42.332461198
  ],
  ""type"": ""Point""
}",-83.0459134719999,42.332461198
8123,1127188,MCNICHOLS,HUBBELL,2017-09-07,7,9,2017,7,5,4,9,,2,0,,1,1,1,30,4,2,3,4,0,0,0,1,false,,true,true,false,false,false,,,,,,false,false,false,,,false,false,false,false,false,-83.18955,42.41647,"{
  ""coordinates"": [
    -8.318955069600000e+01,
    4.241646570300000e+01
  ],
  ""type"": ""Point""
}","{
  ""coordinates"": [
    -83.189550696,
    42.416465703
  ],
  ""type"": ""Point""
}",-83.189550696,42.416465703
8124,1127241,BRUSH,FERRY,2017-09-07,7,9,2017,17,5,4,9,,4,0,,2,4,1,25,3,2,2,5,0,0,0,0,true,,false,false,false,false,false,,,,,,false,false,false,,,false,false,false,false,false,-83.06266,42.36294,"{
  ""coordinates"": [
    -8.306266271899990e+01,
    4.236294199300000e+01
  ],
  ""type"": ""Point""
}","{
  ""coordinates"": [
    -83.062662719,
    42.362941993
  ],
  ""type"": ""Point""
}",-83.0626627189999,42.362941993
8125,1128302,JEFFERSON,YZERMAN,2017-09-07,7,9,2017,18,5,5,9,,4,0,,2,4,1,25,2,2,1,5,0,0,0,0,true,,false,false,true,false,false,,,,,,false,false,true,,,false,false,false,false,false,-83.05449,42.32544,"{
  ""coordinates"": [
    -8.305449194300000e+01,
    4.232543625200000e+01
  ],
  ""type"": ""Point""
}","{
  ""coordinates"": [
    -83.054491943,
    42.325436252
  ],
  ""type"": ""Point""
}",-83.054491943,42.325436252
8126,1128381,7 MILE,KENTFIELD,2017-09-07,7,9,2017,15,5,5,9,,2,0,,1,2,1,35,4,2,3,4,0,0,0,1,false,,false,false,false,false,false,,,,,,false,false,true,,,false,false,false,false,false,-83.24213,42.4295,"{
  ""coordinates"": [
    -8.324213544000000e+01,
    4.242950068500010e+01
  ],
  ""type"": ""Point""
}","{
  ""coordinates"": [
    -83.24213544,
    42.429500685
  ],
  ""type"": ""Point""
}",-83.24213544,42.4295006850001
8127,1127213,EVERGREEN,PEMBROKE,2017-09-07,7,9,2017,17,5,5,9,,4,0,,2,4,1,30,4,2,2,4,0,0,0,1,false,,false,false,false,false,false,,,,,,false,false,true,,,false,false,false,false,false,-83.23913,42.43672,"{
  ""coordinates"": [
    -8.323912993000000e+01,
    4.243672126000010e+01
  ],
  ""type"": ""Point""
}","{
  ""coordinates"": [
    -83.23912993,
    42.43672126
  ],
  ""type"": ""Point""
}",-83.23912993,42.4367212600001
8128,1127191,COYLE,ELMIRA,2017-09-07,7,9,2017,11,5,4,9,,,0,,1,1,1,25,4,2,2,5,0,0,0,0,true,,false,false,false,false,false,,,,,,false,false,true,,,false,false,false,false,false,-83.19309,42.37031,"{
  ""coordinates"": [
    -8.319308926900000e+01,
    4.237031103700010e+01
  ],
  ""type"": ""Point""
}","{
  ""coordinates"": [
    -83.193089269,
    42.370311037
  ],
  ""type"": ""Point""
}",-83.193089269,42.3703110370001
8129,1127171,M-39,CHICAGO,2017-09-07,7,9,2017,20,5,5,3,,1,0,,2,4,4,55,3,2,2,5,0,0,0,0,true,,false,false,false,false,false,,,,,,false,false,true,,,false,false,false,false,false,-83.21638,42.36499,"{
  ""coordinates"": [
    -8.321637493700000e+01,
    4.236498963900000e+01
  ],
  ""type"": ""Point""
}","{
  ""coordinates"": [
    -83.216374937,
    42.364989639
  ],
  ""type"": ""Point""
}",-83.216374937,42.364989639
8130,1134249,E/B I 96,WYOMING,2017-09-07,7,9,2017,8,5,5,1,,1,0,,1,1,1,55,3,2,1,5,0,0,0,0,true,,false,false,false,false,false,,,,,,false,false,false,,,false,false,false,false,false,-83.15701,42.38525,"{
  ""coordinates"": [
    -8.315701161299999e+01,
    4.238525194600000e+01
  ],
  ""type"": ""Point""
}","{
  ""coordinates"": [
    -83.157011613,
    42.385251946
  ],
  ""type"": ""Point""
}",-83.157011613,42.385251946
8131,1134267,S/B I 75,DAVISON,2017-09-07,7,9,2017,10,5,5,1,,1,0,,1,1,1,55,4,4,4,3,0,0,1,0,false,,false,false,false,false,false,,,,,,false,false,true,,,false,false,false,false,false,-83.0783,42.40755,"{
  ""coordinates"": [
    -8.307830086199991e+01,
    4.240754718600000e+01
  ],
  ""type"": ""Point""
}","{
  ""coordinates"": [
    -83.078300862,
    42.407547186
  ],
  ""type"": ""Point""
}",-83.0783008619999,42.407547186
8132,1128292,FENKELL,SCHAEFER,2017-09-07,7,9,2017,17,5,4,9,,2,0,,2,4,1,35,2,2,3,5,0,0,0,0,true,,true,true,true,false,false,,,,,,false,false,false,,,false,false,false,false,false,-83.17912,42.40208,"{
  ""coordinates"": [
    -8.317912479700000e+01,
    4.240208620000000e+01
  ],
  ""type"": ""Point""
}","{
  ""coordinates"": [
    -83.179124797,
    42.4020862
  ],
  ""type"": ""Point""
}",-83.179124797,42.4020862
8133,1127190,PURITAN,STANSBURY,2017-09-07,7,9,2017,15,5,5,9,,4,0,,1,1,1,30,4,3,5,2,0,1,0,0,false,,false,false,false,false,false,,,,,,false,false,false,,,false,false,false,false,false,-83.18262,42.40927,"{
  ""coordinates"": [
    -8.318261917800000e+01,
    4.240927092000000e+01
  ],
  ""type"": ""Point""
}","{
  ""coordinates"": [
    -83.182619178,
    42.40927092
  ],
  ""type"": ""Point""
}",-83.182619178,42.40927092
8134,1127226,GALLAGHER,WINCHESTER,2017-09-07,7,9,2017,12,5,8,9,,,3,,1,1,1,25,1,2,1,5,0,0,0,0,true,,false,false,true,false,false,,,,,,false,false,true,,,false,false,false,false,false,-83.07093,42.44484,"{
  ""coordinates"": [
    -8.307093340400000e+01,
    4.244483647500000e+01
  ],
  ""type"": ""Point""
}","{
  ""coordinates"": [
    -83.070933404,
    42.444836475
  ],
  ""type"": ""Point""
}",-83.070933404,42.444836475
8135,1134252,I-94,ROSA,2017-09-07,7,9,2017,15,5,5,1,,1,0,,1,1,1,55,3,3,2,5,0,0,0,0,true,,false,false,false,false,false,,,,,,false,false,false,,,false,false,false,false,false,-83.08691,42.3541,"{
  ""coordinates"": [
    -8.308690264099990e+01,
    4.235409563200010e+01
  ],
  ""type"": ""Point""
}","{
  ""coordinates"": [
    -83.086902641,
    42.354095632
  ],
  ""type"": ""Point""
}",-83.0869026409999,42.3540956320001
8136,1238911,SCHAEFER,OUTER,2017-09-07,7,9,2017,21,5,98,9,,4,0,,98,98,98,0,2,2,2,5,0,0,0,0,true,,false,false,false,false,false,,,,,,false,false,false,,,false,false,false,false,false,-83.17997,42.42022,"{
  ""coordinates"": [
    -8.317997300600000e+01,
    4.242022176700000e+01
  ],
  ""type"": ""Point""
}","{
  ""coordinates"": [
    -83.179973006,
    42.420221767
  ],
  ""type"": ""Point""
}",-83.179973006,42.420221767
8137,1127212,FENKELL,ARTESIAN,2017-09-07,7,9,2017,17,5,4,9,,2,0,,2,4,1,35,2,2,1,5,0,0,0,0,true,,false,false,true,false,false,,,,,,false,true,false,,,false,false,false,false,false,-83.22764,42.40089,"{
  ""coordinates"": [
    -8.322763825700000e+01,
    4.240088734100000e+01
  ],
  ""type"": ""Point""
}","{
  ""coordinates"": [
    -83.227638257,
    42.400887341
  ],
  ""type"": ""Point""
}",-83.227638257,42.400887341
8138,1134212,I 94,I 75,2017-09-07,7,9,2017,19,5,8,1,,1,0,,2,4,1,0,3,2,2,5,0,0,0,0,true,,false,false,false,false,false,,,,,,false,false,false,,,false,false,false,false,false,-83.05746,42.36909,"{
  ""coordinates"": [
    -8.305746648900001e+01,
    4.236909091400000e+01
  ],
  ""type"": ""Point""
}","{
  ""coordinates"": [
    -83.057466489,
    42.369090914
  ],
  ""type"": ""Point""
}",-83.057466489,42.369090914
8139,1127192,GRISWOLD,CONGRESS,2017-09-07,7,9,2017,9,5,97,9,,4,0,,1,1,1,30,4,2,0,5,0,0,0,0,true,,false,false,true,false,false,,,,,,false,false,false,,,false,false,false,false,false,-83.04659,42.32974,"{
  ""coordinates"": [
    -8.304659079800000e+01,
    4.232973730700010e+01
  ],
  ""type"": ""Point""
}","{
  ""coordinates"": [
    -83.046590798,
    42.329737307
  ],
  ""type"": ""Point""
}",-83.046590798,42.3297373070001
8140,1134244,I-96,GRAND,2017-09-07,7,9,2017,7,5,5,1,,1,0,,1,1,1,55,5,4,4,4,0,0,0,2,false,,false,false,false,false,false,,,,,,false,false,true,,,false,false,false,false,false,-83.10045,42.35123,"{
  ""coordinates"": [
    -8.310044893000000e+01,
    4.235122518500000e+01
  ],
  ""type"": ""Point""
}","{
  ""coordinates"": [
    -83.10044893,
    42.351225185
  ],
  ""type"": ""Point""
}",-83.10044893,42.351225185
8141,1128293,GRATIOT,BALDWIN,2017-09-07,7,9,2017,17,5,4,3,,1,0,,2,4,1,35,7,2,2,5,0,0,0,0,true,,false,false,false,false,false,,,,,,false,false,true,,,false,false,false,false,false,-83.01601,42.37685,"{
  ""coordinates"": [
    -8.301600742600000e+01,
    4.237684576200010e+01
  ],
  ""type"": ""Point""
}","{
  ""coordinates"": [
    -83.016007426,
    42.376845762
  ],
  ""type"": ""Point""
}",-83.016007426,42.3768457620001
8142,1128323,ANNOTT,LAPPIN,2017-09-07,7,9,2017,22,5,9,9,,,2,,2,4,5,25,2,2,1,5,0,0,0,0,true,,false,false,false,false,false,,,,,,false,false,false,,,false,false,false,false,false,-83.00228,42.43587,"{
  ""coordinates"": [
    -8.300228261200000e+01,
    4.243586678700010e+01
  ],
  ""type"": ""Point""
}","{
  ""coordinates"": [
    -83.002282612,
    42.435866787
  ],
  ""type"": ""Point""
}",-83.002282612,42.4358667870001
8143,1132146,7 MILE,WOODBINE,2017-09-07,7,9,2017,7,5,9,9,,2,0,,98,98,1,35,2,2,2,4,0,0,0,1,false,,false,false,false,false,false,,,,,,false,true,false,,,false,false,false,false,false,-83.2793,42.42888,"{
  ""coordinates"": [
    -8.327930110699999e+01,
    4.242888328600000e+01
  ],
  ""type"": ""Point""
}","{
  ""coordinates"": [
    -83.279301107,
    42.428883286
  ],
  ""type"": ""Point""
}",-83.279301107,42.428883286
8144,1127219,7 MILE,TELEGRAPH,2017-09-07,7,9,2017,7,5,4,2,,2,0,,1,1,1,30,2,2,2,5,0,0,0,0,true,,false,false,false,false,false,,,,,,false,true,false,,,false,false,false,false,false,-83.27773,42.42894,"{
  ""coordinates"": [
    -8.327773291499990e+01,
    4.242894058900000e+01
  ],
  ""type"": ""Point""
}","{
  ""coordinates"": [
    -83.277732915,
    42.428940589
  ],
  ""type"": ""Point""
}",-83.2777329149999,42.428940589
8145,1127161,I-75,JUNCTION,2017-09-07,7,9,2017,18,5,5,1,,1,0,,2,4,1,55,3,2,2,5,0,0,0,0,true,,false,false,false,false,false,,,,,,false,false,false,,,false,false,false,false,false,-83.10522,42.30727,"{
  ""coordinates"": [
    -8.310521952999990e+01,
    4.230727037800010e+01
  ],
  ""type"": ""Point""
}","{
  ""coordinates"": [
    -83.10521953,
    42.307270378
  ],
  ""type"": ""Point""
}",-83.1052195299999,42.3072703780001
8146,1134243,I-94,I-75,2017-09-07,7,9,2017,6,5,5,1,,1,0,,1,1,4,55,3,2,3,4,0,0,0,1,false,,false,false,false,false,false,,,,,,false,false,true,,,false,false,false,false,false,-83.05733,42.36917,"{
  ""coordinates"": [
    -8.305733254800001e+01,
    4.236917556600010e+01
  ],
  ""type"": ""Point""
}","{
  ""coordinates"": [
    -83.057332548,
    42.369175566
  ],
  ""type"": ""Point""
}",-83.057332548,42.3691755660001
8147,1128339,MCNICHOLS,OAKFIELD,2017-09-07,7,9,2017,12,5,2,9,,2,0,,1,1,1,35,4,4,2,4,0,0,0,1,false,,false,false,false,false,false,,,,,,true,true,false,,,false,false,false,false,false,-83.2146,42.41565,"{
  ""coordinates"": [
    -8.321460130100000e+01,
    4.241565119600010e+01
  ],
  ""type"": ""Point""
}","{
  ""coordinates"": [
    -83.214601301,
    42.415651196
  ],
  ""type"": ""Point""
}",-83.214601301,42.4156511960001
8148,1130284,N/B M-10,8 MILE,2017-09-07,7,9,2017,16,5,5,3,,1,0,,2,4,1,55,3,2,2,5,0,0,0,0,true,,false,false,true,false,false,,,,,,false,false,false,,,false,false,false,false,false,-83.20054,42.44264,"{
  ""coordinates"": [
    -8.320054222900001e+01,
    4.244264350700010e+01
  ],
  ""type"": ""Point""
}","{
  ""coordinates"": [
    -83.200542229,
    42.442643507
  ],
  ""type"": ""Point""
}",-83.200542229,42.4426435070001
8149,1127214,7 MILE,GREENVIEW,2017-09-07,7,9,2017,18,5,4,9,,2,0,,2,4,4,0,4,2,3,4,0,0,0,1,false,,false,false,false,false,false,,,,,,false,false,true,,,false,false,false,false,false,-83.22543,42.42991,"{
  ""coordinates"": [
    -8.322542565299990e+01,
    4.242990852700010e+01
  ],
  ""type"": ""Point""
}","{
  ""coordinates"": [
    -83.225425653,
    42.429908527
  ],
  ""type"": ""Point""
}",-83.2254256529999,42.4299085270001
8150,1140157,NB M-10,PEMBROKE,2017-09-07,7,9,2017,18,5,97,3,,1,0,,2,4,1,55,3,3,3,5,0,0,0,0,true,,false,false,false,false,false,,,,,,false,false,false,,,false,false,false,false,false,-83.19301,42.43676,"{
  ""coordinates"": [
    -8.319301011399990e+01,
    4.243675849700000e+01
  ],
  ""type"": ""Point""
}","{
  ""coordinates"": [
    -83.193010114,
    42.436758497
  ],
  ""type"": ""Point""
}",-83.1930101139999,42.436758497
8151,1127207,4816 MAXWELL,WILLARD,2017-09-07,7,9,2017,7,5,9,9,,,2,,1,1,1,25,2,2,0,5,0,0,0,0,true,,false,false,true,false,false,,,,,,false,false,false,,,false,false,false,false,false,-83.00951,42.37516,"{
  ""coordinates"": [
    -8.300950348700000e+01,
    4.237516343800010e+01
  ],
  ""type"": ""Point""
}","{
  ""coordinates"": [
    -83.009503487,
    42.375163438
  ],
  ""type"": ""Point""
}",-83.009503487,42.3751634380001
8152,1211138,SCHOOLCRAFT,OUTER,2017-09-07,7,9,2017,3,5,98,9,,4,0,,1,1,4,35,2,2,1,5,0,0,0,0,true,,false,false,true,false,false,,,,,,false,false,false,,,false,false,false,false,false,-83.2561,42.38596,"{
  ""coordinates"": [
    -8.325610111000000e+01,
    4.238595716900010e+01
  ],
  ""type"": ""Point""
}","{
  ""coordinates"": [
    -83.25610111,
    42.385957169
  ],
  ""type"": ""Point""
}",-83.25610111,42.3859571690001
8153,1141202,I 75,CLAY,2017-09-07,7,9,2017,18,5,8,1,,1,0,,2,4,1,70,4,2,2,5,0,0,0,0,true,,false,false,false,false,false,,,,,,false,true,false,,,false,false,false,false,false,-83.0642,42.38026,"{
  ""coordinates"": [
    -8.306420400499999e+01,
    4.238025750100010e+01
  ],
  ""type"": ""Point""
}","{
  ""coordinates"": [
    -83.064204005,
    42.380257501
  ],
  ""type"": ""Point""
}",-83.064204005,42.3802575010001
8154,1134247,I-96,MCGRAW,2017-09-07,7,9,2017,7,5,8,1,,1,0,,1,1,2,70,5,3,6,4,0,0,0,5,false,,false,false,false,false,false,,,,,,false,false,false,,,false,false,false,false,false,-83.10658,42.35424,"{
  ""coordinates"": [
    -8.310658612700000e+01,
    4.235423585200000e+01
  ],
  ""type"": ""Point""
}","{
  ""coordinates"": [
    -83.106586127,
    42.354235852
  ],
  ""type"": ""Point""
}",-83.106586127,42.354235852
8155,1128309,CASPER,MICHIGAN,2017-09-07,7,9,2017,12,5,8,2,,,0,,1,1,1,25,2,2,1,5,0,0,0,0,true,,false,false,false,false,false,,,,,,false,true,false,,,false,false,false,false,false,-83.13883,42.33141,"{
  ""coordinates"": [
    -8.313882955900000e+01,
    4.233140625500000e+01
  ],
  ""type"": ""Point""
}","{
  ""coordinates"": [
    -83.138829559,
    42.331406255
  ],
  ""type"": ""Point""
}",-83.138829559,42.331406255