ObjectId,Crash ID,Primary Road,Intersecting Road,Crash Date,Day,Month,Year,Hour,Weekday,Crash Type Code,Highway Classification Code,Community Code,Jurisdiction Code,Lane Departure Type Code,Surface Type,Road Condition,Weather Condition,Lighting Condition,Speed Limit,Lanes,Units,Occupants,Most Severe Injury,Fatal Injuries,Suspected Serious Injuries,Suspected Minor Injuries,Possible Injuries,Property Damage Only,Secondary Crash,Traffic Control,Red Light Run,Hit and Run,Alcohol,Drugs,Unbelted Person,Work Zone,Speeding Driver,Distracted Driver,Driveway,Pedestrian,Elderly Driver,Young Driver,Commercial Vehicle,Emergency Vehicles,Train,School Bus,Motorcycle,Bicycle,Deer,Longitude,Latitude,geom,geog,x,y
8156,1126328,BESSEMORE,ERWIN,2017-09-07,7,9,2017,3,5,5,9,,,3,,1,1,5,25,2,2,0,5,0,0,0,0,true,,false,false,true,false,false,,,,,,false,false,false,,,false,false,false,false,false,-83.01723,42.39294,"{
  ""coordinates"": [
    -8.301722810000000e+01,
    4.239293755800000e+01
  ],
  ""type"": ""Point""
}","{
  ""coordinates"": [
    -83.0172281,
    42.392937558
  ],
  ""type"": ""Point""
}",-83.0172281,42.392937558
8157,1127216,7 MILE,HAYES,2017-09-07,7,9,2017,8,5,5,9,,2,0,,1,1,1,30,9,2,6,5,0,0,0,0,true,,false,false,false,false,false,,,,,,false,false,true,,,false,false,false,false,false,-82.96558,42.43542,"{
  ""coordinates"": [
    -8.296558389300000e+01,
    4.243542632600000e+01
  ],
  ""type"": ""Point""
}","{
  ""coordinates"": [
    -82.965583893,
    42.435426326
  ],
  ""type"": ""Point""
}",-82.965583893,42.435426326
8158,1134269,RAMP 041D,I-375,2017-09-07,7,9,2017,14,5,8,1,,1,0,,1,1,1,55,2,2,2,4,0,0,0,1,false,,false,false,true,false,false,,,,,,false,false,false,,,false,false,false,false,false,-83.04307,42.34232,"{
  ""coordinates"": [
    -8.304306421500000e+01,
    4.234231634700010e+01
  ],
  ""type"": ""Point""
}","{
  ""coordinates"": [
    -83.043064215,
    42.342316347
  ],
  ""type"": ""Point""
}",-83.043064215,42.3423163470001
8159,1127137,I-96,FULLERTON,2017-09-07,7,9,2017,18,5,1,1,,1,1,,2,4,1,70,4,1,1,5,0,0,0,0,true,,false,false,false,false,false,,,,,,false,false,false,,,false,false,false,false,false,-83.18845,42.38036,"{
  ""coordinates"": [
    -8.318844987700000e+01,
    4.238036116800000e+01
  ],
  ""type"": ""Point""
}","{
  ""coordinates"": [
    -83.188449877,
    42.380361168
  ],
  ""type"": ""Point""
}",-83.188449877,42.380361168
8160,1127138,I-94,ROSA PARKS,2017-09-07,7,9,2017,18,5,97,1,,1,0,,2,4,1,55,3,2,3,5,0,0,0,0,true,,false,false,false,false,false,,,,,,false,false,true,,,false,false,false,false,false,-83.08093,42.35637,"{
  ""coordinates"": [
    -8.308093618100000e+01,
    4.235636994900010e+01
  ],
  ""type"": ""Point""
}","{
  ""coordinates"": [
    -83.080936181,
    42.356369949
  ],
  ""type"": ""Point""
}",-83.080936181,42.3563699490001
8161,1140162,W/B I-94,I-96,2017-09-07,7,9,2017,15,5,5,1,,1,0,,1,1,1,70,3,2,2,5,0,0,0,0,true,,false,false,false,false,false,,,,,,false,false,false,,,false,false,false,false,false,-83.09637,42.3511,"{
  ""coordinates"": [
    -8.309637506099990e+01,
    4.235110156700010e+01
  ],
  ""type"": ""Point""
}","{
  ""coordinates"": [
    -83.096375061,
    42.351101567
  ],
  ""type"": ""Point""
}",-83.0963750609999,42.3511015670001
8162,1128373,MCNICHOLS,WYOMING,2017-09-07,7,9,2017,20,5,5,9,,2,0,,2,2,4,30,5,2,2,5,0,0,0,0,true,,false,false,true,false,false,,,,,,false,true,false,,,false,false,false,false,false,-83.16042,42.41693,"{
  ""coordinates"": [
    -8.316041705000001e+01,
    4.241693557000010e+01
  ],
  ""type"": ""Point""
}","{
  ""coordinates"": [
    -83.16041705,
    42.41693557
  ],
  ""type"": ""Point""
}",-83.16041705,42.4169355700001
8163,1127201,MCNICHOLS,TELEGRAPH,2017-09-07,7,9,2017,9,5,5,2,,2,0,,1,1,1,45,4,2,3,5,0,0,0,0,true,,false,false,false,false,false,,,,,,false,false,false,,,false,false,false,false,false,-83.27721,42.41454,"{
  ""coordinates"": [
    -8.327721039900000e+01,
    4.241453892200010e+01
  ],
  ""type"": ""Point""
}","{
  ""coordinates"": [
    -83.277210399,
    42.414538922
  ],
  ""type"": ""Point""
}",-83.277210399,42.4145389220001
8164,1128372,LIVERNOIS,MCNICHOLS,2017-09-07,7,9,2017,15,5,5,9,,4,0,,1,2,1,30,5,2,1,5,0,0,0,0,true,,false,false,true,false,false,,,,,,false,false,false,,,false,false,false,false,false,-83.14071,42.41703,"{
  ""coordinates"": [
    -8.314071110400000e+01,
    4.241702469100010e+01
  ],
  ""type"": ""Point""
}","{
  ""coordinates"": [
    -83.140711104,
    42.417024691
  ],
  ""type"": ""Point""
}",-83.140711104,42.4170246910001
8165,1134266,I-75,DAVISON,2017-09-07,7,9,2017,9,5,5,1,,1,0,,1,1,1,70,4,2,2,5,0,0,0,0,true,,false,false,false,false,false,,,,,,false,false,false,,,false,false,false,false,false,-83.08059,42.40989,"{
  ""coordinates"": [
    -8.308058631599989e+01,
    4.240988883700000e+01
  ],
  ""type"": ""Point""
}","{
  ""coordinates"": [
    -83.080586316,
    42.409888837
  ],
  ""type"": ""Point""
}",-83.0805863159999,42.409888837
8166,1127223,MCNICHOLS,N I 75,2017-09-07,7,9,2017,17,5,5,9,,2,0,,2,4,1,35,4,2,2,5,0,0,0,0,true,,false,false,false,false,false,,,,,,false,false,false,,,false,false,false,false,false,-83.08767,42.41825,"{
  ""coordinates"": [
    -8.308766777999990e+01,
    4.241824642200000e+01
  ],
  ""type"": ""Point""
}","{
  ""coordinates"": [
    -83.08766778,
    42.418246422
  ],
  ""type"": ""Point""
}",-83.0876677799999,42.418246422
8167,1129288,TRUMBULL,BAGLEY,2017-09-07,7,9,2017,21,5,5,9,,4,0,,2,4,4,35,6,2,2,5,0,0,0,0,true,,false,false,false,false,false,,,,,,false,false,false,,,false,false,false,false,false,-83.06551,42.32948,"{
  ""coordinates"": [
    -8.306550392799990e+01,
    4.232948429900010e+01
  ],
  ""type"": ""Point""
}","{
  ""coordinates"": [
    -83.065503928,
    42.329484299
  ],
  ""type"": ""Point""
}",-83.0655039279999,42.3294842990001
8168,1127197,BUCHANAN,MILITARY,2017-09-07,7,9,2017,17,5,4,9,,4,0,,2,4,1,25,2,2,3,5,0,0,0,0,true,,true,false,false,false,false,,,,,,false,true,false,,,false,false,false,false,false,-83.12003,42.33301,"{
  ""coordinates"": [
    -8.312002825799991e+01,
    4.233301280500010e+01
  ],
  ""type"": ""Point""
}","{
  ""coordinates"": [
    -83.120028258,
    42.333012805
  ],
  ""type"": ""Point""
}",-83.1200282579999,42.3330128050001
8169,1134254,E I 96,RAMP 213N,2017-09-07,7,9,2017,8,5,8,1,,1,0,,1,1,1,55,4,2,3,5,0,0,0,0,true,,false,false,false,false,false,,,,,,false,false,true,,,false,false,false,false,false,-83.10339,42.35309,"{
  ""coordinates"": [
    -8.310339079100000e+01,
    4.235309247900010e+01
  ],
  ""type"": ""Point""
}","{
  ""coordinates"": [
    -83.103390791,
    42.353092479
  ],
  ""type"": ""Point""
}",-83.103390791,42.3530924790001
8170,1132024,S M 10,LINWOOD,2017-09-07,7,9,2017,17,5,8,3,,1,0,,2,2,1,55,3,2,2,4,0,0,0,1,false,,false,false,false,false,false,,,,,,false,false,false,,,false,false,false,false,false,-83.12749,42.40508,"{
  ""coordinates"": [
    -8.312749420400000e+01,
    4.240508440700010e+01
  ],
  ""type"": ""Point""
}","{
  ""coordinates"": [
    -83.127494204,
    42.405084407
  ],
  ""type"": ""Point""
}",-83.127494204,42.4050844070001
8171,1178505,8 MILE,RYAN,2017-09-07,7,9,2017,7,5,5,3,,1,0,,1,1,1,40,4,2,2,5,0,0,0,0,true,,false,false,true,false,false,,,,,,false,false,false,,,false,false,false,false,false,-83.06387,42.44727,"{
  ""coordinates"": [
    -8.306387240200000e+01,
    4.244726498100000e+01
  ],
  ""type"": ""Point""
}","{
  ""coordinates"": [
    -83.063872402,
    42.447264981
  ],
  ""type"": ""Point""
}",-83.063872402,42.447264981
8172,1127198,WARREN,PIERSON,2017-09-07,7,9,2017,18,5,5,9,,2,0,,2,2,2,35,4,2,6,5,0,0,0,0,true,,false,false,false,false,false,,,,,,false,false,true,,,false,false,false,false,false,-83.24277,42.343,"{
  ""coordinates"": [
    -8.324277538199991e+01,
    4.234300380200010e+01
  ],
  ""type"": ""Point""
}","{
  ""coordinates"": [
    -83.242775382,
    42.343003802
  ],
  ""type"": ""Point""
}",-83.2427753819999,42.3430038020001
8173,1127169,M-39,8 MILE,2017-09-07,7,9,2017,19,5,5,3,,1,0,,2,4,1,55,3,3,3,5,0,0,0,0,true,,false,false,false,false,false,,,,,,false,false,true,,,false,false,false,false,false,-83.21963,42.4439,"{
  ""coordinates"": [
    -8.321963037499999e+01,
    4.244390609900010e+01
  ],
  ""type"": ""Point""
}","{
  ""coordinates"": [
    -83.219630375,
    42.443906099
  ],
  ""type"": ""Point""
}",-83.219630375,42.4439060990001
8174,1141992,N I 75,GRAND,2017-09-07,7,9,2017,12,5,8,1,,1,0,,1,1,1,55,3,2,1,5,0,0,0,0,true,,false,false,true,false,false,,,,,,false,false,true,,,false,false,false,false,false,-83.08466,42.31607,"{
  ""coordinates"": [
    -8.308465334000000e+01,
    4.231606580100000e+01
  ],
  ""type"": ""Point""
}","{
  ""coordinates"": [
    -83.08465334,
    42.316065801
  ],
  ""type"": ""Point""
}",-83.08465334,42.316065801
8175,1128361,WOODROW WILSON,ELMHURST,2017-09-07,7,9,2017,23,5,1,9,,4,1,,2,1,4,30,3,1,1,5,0,0,0,0,true,,false,false,false,false,false,,,,,,false,false,false,,,false,false,false,false,false,-83.10406,42.38805,"{
  ""coordinates"": [
    -8.310406372999999e+01,
    4.238804565700010e+01
  ],
  ""type"": ""Point""
}","{
  ""coordinates"": [
    -83.10406373,
    42.388045657
  ],
  ""type"": ""Point""
}",-83.10406373,42.3880456570001
8176,1127180,M-39,8 MILE,2017-09-07,7,9,2017,18,5,5,3,,1,0,,2,4,1,55,3,2,2,5,0,0,0,0,true,,false,false,false,false,false,,,,,,false,false,false,,,false,false,false,false,false,-83.21963,42.4439,"{
  ""coordinates"": [
    -8.321963037499999e+01,
    4.244390609900010e+01
  ],
  ""type"": ""Point""
}","{
  ""coordinates"": [
    -83.219630375,
    42.443906099
  ],
  ""type"": ""Point""
}",-83.219630375,42.4439060990001
8177,1127206,TIREMAN,FAUST,2017-09-07,7,9,2017,7,5,5,9,,4,0,,1,1,1,25,2,2,1,5,0,0,0,0,true,,false,false,false,false,false,,,,,,false,false,false,,,false,false,false,false,false,-83.22116,42.35055,"{
  ""coordinates"": [
    -8.322116095599991e+01,
    4.235055266000010e+01
  ],
  ""type"": ""Point""
}","{
  ""coordinates"": [
    -83.221160956,
    42.35055266
  ],
  ""type"": ""Point""
}",-83.2211609559999,42.3505526600001
8178,1127230,VASSAR,SCHAEFER,2017-09-07,7,9,2017,14,5,4,9,,4,0,,1,2,1,25,4,2,5,4,0,0,0,2,false,,false,false,false,false,false,,,,,,false,false,false,,,false,false,false,false,false,-83.18063,42.43476,"{
  ""coordinates"": [
    -8.318062242300000e+01,
    4.243476643700010e+01
  ],
  ""type"": ""Point""
}","{
  ""coordinates"": [
    -83.180622423,
    42.434766437
  ],
  ""type"": ""Point""
}",-83.180622423,42.4347664370001
8179,1128301,PARK,TEMPLE,2017-09-07,7,9,2017,13,5,98,9,,,0,,1,1,1,25,2,2,3,5,0,0,0,0,true,,false,false,false,false,false,,,,,,false,false,false,,,false,false,false,false,false,-83.0572,42.34235,"{
  ""coordinates"": [
    -8.305719891000000e+01,
    4.234234766100010e+01
  ],
  ""type"": ""Point""
}","{
  ""coordinates"": [
    -83.05719891,
    42.342347661
  ],
  ""type"": ""Point""
}",-83.05719891,42.3423476610001
8180,1127170,E I 96,SOUTHFIELD SERVICE DRIVE,2017-09-07,7,9,2017,19,5,5,1,,1,0,,2,4,1,70,3,3,3,5,0,0,0,0,true,,false,false,false,false,false,,,,,,false,false,true,,,false,false,false,false,false,-83.21748,42.37864,"{
  ""coordinates"": [
    -8.321747390699990e+01,
    4.237863578900000e+01
  ],
  ""type"": ""Point""
}","{
  ""coordinates"": [
    -83.217473907,
    42.378635789
  ],
  ""type"": ""Point""
}",-83.2174739069999,42.378635789
8181,1134250,I-96,LIVERNOIS,2017-09-07,7,9,2017,8,5,5,1,,1,0,,1,1,1,70,4,2,3,5,0,0,0,0,true,,false,false,true,false,false,,,,,,false,false,false,,,false,false,false,false,false,-83.13701,42.36651,"{
  ""coordinates"": [
    -8.313701067800000e+01,
    4.236650763600010e+01
  ],
  ""type"": ""Point""
}","{
  ""coordinates"": [
    -83.137010678,
    42.366507636
  ],
  ""type"": ""Point""
}",-83.137010678,42.3665076360001
8182,1128345,7MILE,HUNTINGTON,2017-09-07,7,9,2017,18,5,5,9,,2,0,,2,1,1,0,2,2,2,4,0,0,0,1,false,,false,false,false,false,false,,,,,,false,false,false,,,false,false,false,false,false,-83.2331,42.42974,"{
  ""coordinates"": [
    -8.323310231300000e+01,
    4.242973581100010e+01
  ],
  ""type"": ""Point""
}","{
  ""coordinates"": [
    -83.233102313,
    42.429735811
  ],
  ""type"": ""Point""
}",-83.233102313,42.4297358110001
8183,1129318,EWALD,DEXTER,2017-09-07,7,9,2017,6,5,4,9,,4,0,,1,1,4,35,5,2,3,4,0,0,0,1,false,,true,true,true,false,false,,,,,,false,false,false,,,false,false,false,false,false,-83.13354,42.39378,"{
  ""coordinates"": [
    -8.313354772100000e+01,
    4.239377458000010e+01
  ],
  ""type"": ""Point""
}","{
  ""coordinates"": [
    -83.133547721,
    42.39377458
  ],
  ""type"": ""Point""
}",-83.133547721,42.3937745800001
8184,1127233,WOODWARD,7 MILE,2017-09-06,6,9,2017,9,4,8,3,,1,0,,1,1,1,30,2,2,2,5,0,0,0,0,true,,false,false,false,false,false,,,,,,false,false,false,,,false,false,false,false,false,-83.11497,42.43214,"{
  ""coordinates"": [
    -8.311497685900000e+01,
    4.243213916300000e+01
  ],
  ""type"": ""Point""
}","{
  ""coordinates"": [
    -83.114976859,
    42.432139163
  ],
  ""type"": ""Point""
}",-83.114976859,42.432139163
8185,1141282,2ND,WARREN,2017-09-06,6,9,2017,17,4,8,9,,5,0,,1,1,1,30,4,2,2,5,0,0,0,0,true,,false,false,false,false,false,,,,,,false,false,true,,,false,false,false,false,false,-83.06897,42.35535,"{
  ""coordinates"": [
    -8.306896971000000e+01,
    4.235534661200010e+01
  ],
  ""type"": ""Point""
}","{
  ""coordinates"": [
    -83.06896971,
    42.355346612
  ],
  ""type"": ""Point""
}",-83.06896971,42.3553466120001
8186,1126319,FORT,FISHER SERVICE,2017-09-06,6,9,2017,18,4,9,3,,1,0,,1,1,1,30,5,2,2,5,0,0,0,0,true,,false,false,false,false,false,,,,,,false,false,false,,,false,false,false,false,false,-83.12339,42.29858,"{
  ""coordinates"": [
    -8.312338656900000e+01,
    4.229858201100010e+01
  ],
  ""type"": ""Point""
}","{
  ""coordinates"": [
    -83.123386569,
    42.298582011
  ],
  ""type"": ""Point""
}",-83.123386569,42.2985820110001
8187,1134232,RAMP 216A,I-75,2017-09-06,6,9,2017,7,4,8,1,,1,0,,1,1,2,55,2,2,1,5,0,0,0,0,true,,false,false,true,false,false,,,,,,false,false,false,,,false,false,false,false,false,-83.05504,42.36167,"{
  ""coordinates"": [
    -8.305504217500000e+01,
    4.236166578000010e+01
  ],
  ""type"": ""Point""
}","{
  ""coordinates"": [
    -83.055042175,
    42.36166578
  ],
  ""type"": ""Point""
}",-83.055042175,42.3616657800001
8188,1126322,CHANDLER,CANYON,2017-09-06,6,9,2017,12,4,9,9,,2,0,,1,1,1,35,2,2,5,5,0,0,0,0,true,,false,false,false,false,false,,,,,,false,false,true,,,false,false,false,false,false,-82.91851,42.41624,"{
  ""coordinates"": [
    -8.291851239300000e+01,
    4.241623668900010e+01
  ],
  ""type"": ""Point""
}","{
  ""coordinates"": [
    -82.918512393,
    42.416236689
  ],
  ""type"": ""Point""
}",-82.918512393,42.4162366890001
8189,1134227,I-94,VAN DYKE,2017-09-06,6,9,2017,15,4,5,1,,1,0,,1,2,1,55,3,2,2,5,0,0,0,0,true,,false,false,false,false,false,,,,,,false,false,false,,,false,false,false,false,false,-83.02181,42.38567,"{
  ""coordinates"": [
    -8.302181039000000e+01,
    4.238567201200000e+01
  ],
  ""type"": ""Point""
}","{
  ""coordinates"": [
    -83.02181039,
    42.385672012
  ],
  ""type"": ""Point""
}",-83.02181039,42.385672012
8190,1127229,7 MILE,LIVERNOIS,2017-09-06,6,9,2017,11,4,8,9,,2,0,,1,1,1,0,4,2,2,4,0,0,0,1,false,,false,false,false,false,false,,,,,,false,false,false,,,false,false,false,false,false,-83.14183,42.43161,"{
  ""coordinates"": [
    -8.314182694199999e+01,
    4.243160592800010e+01
  ],
  ""type"": ""Point""
}","{
  ""coordinates"": [
    -83.141826942,
    42.431605928
  ],
  ""type"": ""Point""
}",-83.141826942,42.4316059280001
8191,1129291,LINWOOD,GRAND,2017-09-06,6,9,2017,19,4,5,9,,4,0,,1,2,4,30,2,2,1,4,0,0,0,1,false,,false,false,true,false,false,,,,,,false,false,false,,,false,false,false,false,false,-83.09986,42.3602,"{
  ""coordinates"": [
    -8.309985872399990e+01,
    4.236019817800010e+01
  ],
  ""type"": ""Point""
}","{
  ""coordinates"": [
    -83.099858724,
    42.360198178
  ],
  ""type"": ""Point""
}",-83.0998587239999,42.3601981780001
8192,1126334,HAZELRIDGE,PEORIA,2017-09-06,6,9,2017,18,4,4,9,,,0,,2,1,1,25,2,2,3,4,0,0,0,1,false,,false,false,true,false,false,,,,,,false,true,false,,,false,false,false,false,false,-82.9768,42.42463,"{
  ""coordinates"": [
    -8.297679995700000e+01,
    4.242462821000000e+01
  ],
  ""type"": ""Point""
}","{
  ""coordinates"": [
    -82.976799957,
    42.42462821
  ],
  ""type"": ""Point""
}",-82.976799957,42.42462821
8193,1126335,SHERWOOD,OUTER,2017-09-06,6,9,2017,7,4,4,9,,4,0,,1,1,1,35,4,2,3,4,0,0,0,2,false,,true,true,false,false,false,,,,,,false,false,false,,,false,false,false,false,false,-83.03429,42.44113,"{
  ""coordinates"": [
    -8.303429286200000e+01,
    4.244112710000010e+01
  ],
  ""type"": ""Point""
}","{
  ""coordinates"": [
    -83.034292862,
    42.4411271
  ],
  ""type"": ""Point""
}",-83.034292862,42.4411271000001
8194,1126323,VERNOR,DREXEL,2017-09-06,6,9,2017,15,4,4,9,,4,0,,1,1,1,30,5,2,2,5,0,0,0,0,true,,false,false,false,false,false,,,,,,false,true,false,,,false,false,false,false,false,-82.95528,42.37824,"{
  ""coordinates"": [
    -8.295528226499989e+01,
    4.237823797100000e+01
  ],
  ""type"": ""Point""
}","{
  ""coordinates"": [
    -82.955282265,
    42.378237971
  ],
  ""type"": ""Point""
}",-82.9552822649999,42.378237971
8195,1126332,8 MILE,SCHOENHERR,2017-09-06,6,9,2017,21,4,1,3,,1,0,,1,1,4,40,7,1,1,5,0,0,0,0,true,,false,false,false,false,false,,,,,,false,false,false,,,false,false,false,false,false,-82.98569,42.44929,"{
  ""coordinates"": [
    -8.298569298599990e+01,
    4.244928581000000e+01
  ],
  ""type"": ""Point""
}","{
  ""coordinates"": [
    -82.985692986,
    42.44928581
  ],
  ""type"": ""Point""
}",-82.9856929859999,42.44928581
8196,1134236,I-75,CLAY,2017-09-06,6,9,2017,12,4,8,1,,1,0,,1,1,1,55,4,2,3,5,0,0,0,0,true,,false,false,false,false,false,,,,,,false,true,false,,,false,false,false,false,false,-83.06001,42.37449,"{
  ""coordinates"": [
    -8.306000701400001e+01,
    4.237449002900010e+01
  ],
  ""type"": ""Point""
}","{
  ""coordinates"": [
    -83.060007014,
    42.374490029
  ],
  ""type"": ""Point""
}",-83.060007014,42.3744900290001
8197,1211195,MANSFIELD,ORANGELAWN,2017-09-06,6,9,2017,23,4,97,9,,,0,,1,1,4,25,2,2,0,5,0,0,0,0,true,,false,false,true,false,false,,,,,,false,false,false,,,false,false,false,false,false,-83.20337,42.36747,"{
  ""coordinates"": [
    -8.320337238199990e+01,
    4.236746759400010e+01
  ],
  ""type"": ""Point""
}","{
  ""coordinates"": [
    -83.203372382,
    42.367467594
  ],
  ""type"": ""Point""
}",-83.2033723819999,42.3674675940001
8198,1126313,ROSA PARKS,CANFIELD,2017-09-06,6,9,2017,14,4,4,9,,4,0,,1,2,1,30,2,2,2,5,0,0,0,0,true,,false,false,false,false,false,,,,,,false,true,false,,,false,false,false,false,false,-83.08072,42.34674,"{
  ""coordinates"": [
    -8.308071981900000e+01,
    4.234673932900010e+01
  ],
  ""type"": ""Point""
}","{
  ""coordinates"": [
    -83.080719819,
    42.346739329
  ],
  ""type"": ""Point""
}",-83.080719819,42.3467393290001
8199,1138859,WARREN,BRUSH,2017-09-06,6,9,2017,12,4,4,9,,4,0,,1,1,1,30,3,2,2,5,0,0,0,0,true,,false,false,false,false,false,,,,,,false,false,true,,,false,false,false,false,false,-83.06309,42.35739,"{
  ""coordinates"": [
    -8.306308389500001e+01,
    4.235738966800010e+01
  ],
  ""type"": ""Point""
}","{
  ""coordinates"": [
    -83.063083895,
    42.357389668
  ],
  ""type"": ""Point""
}",-83.063083895,42.3573896680001
8200,1215348,FORD,SOUTHFIELD,2017-09-06,6,9,2017,8,4,5,3,,1,0,,1,1,1,45,4,3,3,3,0,0,1,2,false,,false,false,false,false,false,,,,,,false,false,true,,,false,false,false,false,false,-83.216,42.3291,"{
  ""coordinates"": [
    -8.321600051300000e+01,
    4.232910014200010e+01
  ],
  ""type"": ""Point""
}","{
  ""coordinates"": [
    -83.216000513,
    42.329100142
  ],
  ""type"": ""Point""
}",-83.216000513,42.3291001420001
8201,1126329,EDSEL,MT ELLIOTT,2017-09-06,6,9,2017,14,4,5,1,,1,0,,1,1,1,55,6,2,2,4,0,0,0,1,false,,false,false,false,false,false,,,,,,false,false,false,,,false,false,false,false,false,-83.03409,42.37915,"{
  ""coordinates"": [
    -8.303409173999999e+01,
    4.237914673800000e+01
  ],
  ""type"": ""Point""
}","{
  ""coordinates"": [
    -83.03409174,
    42.379146738
  ],
  ""type"": ""Point""
}",-83.03409174,42.379146738
8202,1127200,N M 39,WARREN,2017-09-06,6,9,2017,17,4,8,3,,1,0,,1,1,1,30,2,2,2,5,0,0,0,0,true,,false,false,true,false,false,,,,,,false,false,false,,,false,false,false,false,false,-83.21603,42.3431,"{
  ""coordinates"": [
    -8.321603145099991e+01,
    4.234310041800010e+01
  ],
  ""type"": ""Point""
}","{
  ""coordinates"": [
    -83.216031451,
    42.343100418
  ],
  ""type"": ""Point""
}",-83.2160314509999,42.3431004180001
8203,1127239,WOODWARD,FERRY,2017-09-06,6,9,2017,23,4,8,3,,1,0,,1,1,4,30,6,2,2,5,0,0,0,0,true,,false,false,true,false,false,,,,,,false,false,true,,,false,false,false,false,false,-83.067,42.36089,"{
  ""coordinates"": [
    -8.306700006100000e+01,
    4.236089288100000e+01
  ],
  ""type"": ""Point""
}","{
  ""coordinates"": [
    -83.067000061,
    42.360892881
  ],
  ""type"": ""Point""
}",-83.067000061,42.360892881
8204,1232085,8 MILE,CIRCLE,2017-09-06,6,9,2017,4,4,5,3,,1,0,,1,1,4,35,2,2,2,3,0,0,1,0,false,,false,false,false,false,false,,,,,,false,false,false,,,false,false,false,false,false,-83.21655,42.44426,"{
  ""coordinates"": [
    -8.321654624999999e+01,
    4.244425611200010e+01
  ],
  ""type"": ""Point""
}","{
  ""coordinates"": [
    -83.21654625,
    42.444256112
  ],
  ""type"": ""Point""
}",-83.21654625,42.4442561120001
8205,1126339,SHERWOOD,OUTER,2017-09-06,6,9,2017,15,4,4,9,,4,0,,1,1,1,35,2,2,1,5,0,0,0,0,true,,true,true,true,false,false,,,,,,false,false,false,,,false,false,false,false,false,-83.03429,42.44094,"{
  ""coordinates"": [
    -8.303428627800000e+01,
    4.244094260300010e+01
  ],
  ""type"": ""Point""
}","{
  ""coordinates"": [
    -83.034286278,
    42.440942603
  ],
  ""type"": ""Point""
}",-83.034286278,42.4409426030001
8206,1127228,MEYERS,THATCHER,2017-09-06,6,9,2017,8,4,8,9,,4,0,,1,1,2,0,4,2,2,5,0,0,0,0,true,,false,false,false,false,false,,,,,,false,false,false,,,false,false,false,false,false,-83.17035,42.4219,"{
  ""coordinates"": [
    -8.317034756600000e+01,
    4.242190282000010e+01
  ],
  ""type"": ""Point""
}","{
  ""coordinates"": [
    -83.170347566,
    42.42190282
  ],
  ""type"": ""Point""
}",-83.170347566,42.4219028200001
8207,1126340,OUTER,GALLAGHER,2017-09-06,6,9,2017,9,4,4,9,,2,0,,1,1,1,0,3,2,2,4,0,0,0,1,false,,false,false,false,false,false,,,,,,false,false,false,,,false,false,false,false,false,-83.07066,42.44042,"{
  ""coordinates"": [
    -8.307065333900000e+01,
    4.244041647400010e+01
  ],
  ""type"": ""Point""
}","{
  ""coordinates"": [
    -83.070653339,
    42.440416474
  ],
  ""type"": ""Point""
}",-83.070653339,42.4404164740001
8208,1134233,I-94,LIVERNOIS,2017-09-06,6,9,2017,9,4,5,1,,1,0,,1,1,1,55,3,2,3,4,0,0,0,2,false,,false,false,false,false,false,,,,,,false,false,false,,,false,false,false,false,false,-83.12534,42.33714,"{
  ""coordinates"": [
    -8.312533321500000e+01,
    4.233713925800000e+01
  ],
  ""type"": ""Point""
}","{
  ""coordinates"": [
    -83.125333215,
    42.337139258
  ],
  ""type"": ""Point""
}",-83.125333215,42.337139258
8209,1126326,STAHELIN,PAUL,2017-09-06,6,9,2017,18,4,98,9,,,0,,1,1,1,25,2,2,1,5,0,0,0,0,true,,false,false,true,false,false,,,,,,false,false,false,,,false,false,false,false,false,-83.22408,42.33582,"{
  ""coordinates"": [
    -8.322407969200000e+01,
    4.233582208800000e+01
  ],
  ""type"": ""Point""
}","{
  ""coordinates"": [
    -83.224079692,
    42.335822088
  ],
  ""type"": ""Point""
}",-83.224079692,42.335822088
8210,1127119,M-39,TIREMAN,2017-09-06,6,9,2017,6,4,1,3,,1,0,,1,1,4,55,3,1,1,5,0,0,0,0,true,,false,false,false,false,false,,,,,,false,false,false,,,false,false,false,false,false,-83.21642,42.35424,"{
  ""coordinates"": [
    -8.321642280200000e+01,
    4.235424364300010e+01
  ],
  ""type"": ""Point""
}","{
  ""coordinates"": [
    -83.216422802,
    42.354243643
  ],
  ""type"": ""Point""
}",-83.216422802,42.3542436430001
8211,1134235,I-75,MEADE,2017-09-06,6,9,2017,11,4,8,1,,1,0,,1,1,1,70,4,3,4,5,0,0,0,0,true,,false,false,true,false,false,,,,,,false,false,false,,,false,false,false,false,false,-83.07786,42.40726,"{
  ""coordinates"": [
    -8.307785613599999e+01,
    4.240726332000000e+01
  ],
  ""type"": ""Point""
}","{
  ""coordinates"": [
    -83.077856136,
    42.40726332
  ],
  ""type"": ""Point""
}",-83.077856136,42.40726332
8212,1134391,7 MILE,BURT,2017-09-06,6,9,2017,18,4,8,9,,2,3,,1,1,1,35,4,2,0,5,0,0,0,0,true,,false,false,true,false,false,,,,,,false,false,false,,,false,false,false,false,false,-83.24906,42.42933,"{
  ""coordinates"": [
    -8.324906486099999e+01,
    4.242933204600010e+01
  ],
  ""type"": ""Point""
}","{
  ""coordinates"": [
    -83.249064861,
    42.429332046
  ],
  ""type"": ""Point""
}",-83.249064861,42.4293320460001