ObjectId,Crash ID,Primary Road,Intersecting Road,Crash Date,Day,Month,Year,Hour,Weekday,Crash Type Code,Highway Classification Code,Community Code,Jurisdiction Code,Lane Departure Type Code,Surface Type,Road Condition,Weather Condition,Lighting Condition,Speed Limit,Lanes,Units,Occupants,Most Severe Injury,Fatal Injuries,Suspected Serious Injuries,Suspected Minor Injuries,Possible Injuries,Property Damage Only,Secondary Crash,Traffic Control,Red Light Run,Hit and Run,Alcohol,Drugs,Unbelted Person,Work Zone,Speeding Driver,Distracted Driver,Driveway,Pedestrian,Elderly Driver,Young Driver,Commercial Vehicle,Emergency Vehicles,Train,School Bus,Motorcycle,Bicycle,Deer,Longitude,Latitude,geom,geog,x,y
8213,1128332,DEQUINDRE,CANFIELD,2017-09-06,6,9,2017,16,4,4,9,,5,0,,1,1,1,30,4,2,2,5,0,0,0,0,true,,true,false,false,false,false,,,,,,false,true,true,,,false,false,false,false,false,-83.04408,42.35931,"{
  ""coordinates"": [
    -8.304408410199990e+01,
    4.235931486400010e+01
  ],
  ""type"": ""Point""
}","{
  ""coordinates"": [
    -83.044084102,
    42.359314864
  ],
  ""type"": ""Point""
}",-83.0440841019999,42.3593148640001
8214,1128366,FENKELL,WARD,2017-09-06,6,9,2017,7,4,5,9,,4,0,,1,1,1,30,4,2,3,3,0,0,1,0,false,,false,false,false,false,false,,,,,,false,false,true,,,false,false,false,false,false,-83.09423,42.36909,"{
  ""coordinates"": [
    -8.309423097699990e+01,
    4.236908975800000e+01
  ],
  ""type"": ""Point""
}","{
  ""coordinates"": [
    -83.094230977,
    42.369089758
  ],
  ""type"": ""Point""
}",-83.0942309769999,42.369089758
8215,1142074,S M 10 SERVICE DRIVE,WARREN,2017-09-06,6,9,2017,10,4,4,9,,4,0,,1,1,1,30,4,2,1,5,0,0,0,0,true,,false,false,true,false,false,,,,,,false,false,true,,,false,false,false,false,false,-83.07402,42.35379,"{
  ""coordinates"": [
    -8.307402031500000e+01,
    4.235378984800010e+01
  ],
  ""type"": ""Point""
}","{
  ""coordinates"": [
    -83.074020315,
    42.353789848
  ],
  ""type"": ""Point""
}",-83.074020315,42.3537898480001
8216,1134241,W I 94,MOUNT ELLIOTT,2017-09-06,6,9,2017,14,4,5,1,,1,0,,1,1,1,55,3,2,1,5,0,0,0,0,true,,false,false,true,false,false,,,,,,false,false,false,,,false,false,false,false,false,-83.03383,42.37931,"{
  ""coordinates"": [
    -8.303382814799990e+01,
    4.237931617400010e+01
  ],
  ""type"": ""Point""
}","{
  ""coordinates"": [
    -83.033828148,
    42.379316174
  ],
  ""type"": ""Point""
}",-83.0338281479999,42.3793161740001
8217,1126321,MOROSS,TYRONE,2017-09-06,6,9,2017,8,4,4,9,,2,0,,1,1,1,0,4,2,3,5,0,0,0,0,true,,false,false,false,false,false,,,,,,false,false,false,,,false,false,false,false,false,-82.92481,42.42299,"{
  ""coordinates"": [
    -8.292481421100000e+01,
    4.242298633100010e+01
  ],
  ""type"": ""Point""
}","{
  ""coordinates"": [
    -82.924814211,
    42.422986331
  ],
  ""type"": ""Point""
}",-82.924814211,42.4229863310001
8218,1210627,W I 94,W I 96,2017-09-06,6,9,2017,4,4,8,1,,1,0,,1,1,2,55,3,2,1,5,0,0,0,0,true,,false,false,true,false,false,,,,,,false,false,false,,,false,false,false,false,false,-83.09914,42.35023,"{
  ""coordinates"": [
    -8.309914574399990e+01,
    4.235022971100010e+01
  ],
  ""type"": ""Point""
}","{
  ""coordinates"": [
    -83.099145744,
    42.350229711
  ],
  ""type"": ""Point""
}",-83.0991457439999,42.3502297110001
8219,1134238,RAMP 216H,E I 94,2017-09-06,6,9,2017,12,4,1,1,,1,1,,1,1,1,55,2,1,1,5,0,0,0,0,true,,false,false,false,false,false,,,,,,false,false,false,,,false,false,false,false,false,-83.06001,42.36686,"{
  ""coordinates"": [
    -8.306001336600001e+01,
    4.236685739300000e+01
  ],
  ""type"": ""Point""
}","{
  ""coordinates"": [
    -83.060013366,
    42.366857393
  ],
  ""type"": ""Point""
}",-83.060013366,42.366857393
8220,1127120,I-75,WARREN,2017-09-06,6,9,2017,22,4,8,1,,1,0,,1,1,4,55,4,2,2,4,0,0,0,1,false,,false,false,true,false,false,,,,,,false,false,false,,,false,false,false,false,false,-83.05336,42.35954,"{
  ""coordinates"": [
    -8.305336248899989e+01,
    4.235954187500000e+01
  ],
  ""type"": ""Point""
}","{
  ""coordinates"": [
    -83.053362489,
    42.359541875
  ],
  ""type"": ""Point""
}",-83.0533624889999,42.359541875
8221,1134231,I-94,LIVERNOIS,2017-09-06,6,9,2017,7,4,5,1,,1,0,,1,1,1,55,3,2,2,5,0,0,0,0,true,,false,false,false,false,false,,,,,,false,false,false,,,false,false,false,false,false,-83.12141,42.3387,"{
  ""coordinates"": [
    -8.312140387399999e+01,
    4.233870439100010e+01
  ],
  ""type"": ""Point""
}","{
  ""coordinates"": [
    -83.121403874,
    42.338704391
  ],
  ""type"": ""Point""
}",-83.121403874,42.3387043910001
8222,1126325,GREENFIELD,CHALFONTE,2017-09-06,6,9,2017,12,4,4,9,,2,0,,1,1,1,45,4,2,2,5,0,0,0,0,true,,false,false,false,false,false,,,,,,false,true,false,,,false,false,false,false,false,-83.19864,42.39931,"{
  ""coordinates"": [
    -8.319863532999990e+01,
    4.239931120400010e+01
  ],
  ""type"": ""Point""
}","{
  ""coordinates"": [
    -83.19863533,
    42.399311204
  ],
  ""type"": ""Point""
}",-83.1986353299999,42.3993112040001
8223,1128379,WOODINGHAM,SANTA CLARA,2017-09-06,6,9,2017,8,4,8,9,,,0,,1,1,1,25,2,2,2,5,0,0,0,0,true,,false,false,true,false,false,,,,,,false,false,false,,,false,false,false,false,false,-83.15018,42.42074,"{
  ""coordinates"": [
    -8.315017832699991e+01,
    4.242074163400010e+01
  ],
  ""type"": ""Point""
}","{
  ""coordinates"": [
    -83.150178327,
    42.420741634
  ],
  ""type"": ""Point""
}",-83.1501783269999,42.4207416340001
8224,1134242,I-94,CONNER,2017-09-06,6,9,2017,16,4,5,1,,1,0,,1,2,1,55,3,3,4,4,0,0,0,1,false,,false,false,false,false,false,,,,,,false,false,false,,,false,false,false,false,false,-82.98948,42.39518,"{
  ""coordinates"": [
    -8.298947979400000e+01,
    4.239518350900000e+01
  ],
  ""type"": ""Point""
}","{
  ""coordinates"": [
    -82.989479794,
    42.395183509
  ],
  ""type"": ""Point""
}",-82.989479794,42.395183509
8225,1128367,LAUDER,PICKFORD,2017-09-06,6,9,2017,16,4,4,9,,,0,,1,1,1,0,2,2,4,5,0,0,0,0,true,,false,false,false,false,false,,,,,,false,false,true,,,false,false,false,false,false,-83.19236,42.4252,"{
  ""coordinates"": [
    -8.319235854800000e+01,
    4.242519755500010e+01
  ],
  ""type"": ""Point""
}","{
  ""coordinates"": [
    -83.192358548,
    42.425197555
  ],
  ""type"": ""Point""
}",-83.192358548,42.4251975550001
8226,1126314,ST ANTOINE,HANCOCK,2017-09-06,6,9,2017,9,4,8,9,,4,0,,1,1,1,30,3,2,2,5,0,0,0,0,true,,false,false,false,false,false,,,,,,false,false,false,,,false,false,false,false,false,-83.05635,42.35877,"{
  ""coordinates"": [
    -8.305635427300000e+01,
    4.235877204900000e+01
  ],
  ""type"": ""Point""
}","{
  ""coordinates"": [
    -83.056354273,
    42.358772049
  ],
  ""type"": ""Point""
}",-83.056354273,42.358772049
8227,1134240,I-75,TRUMBULL,2017-09-06,6,9,2017,15,4,5,9,,4,0,,1,2,1,55,3,2,5,4,0,0,0,2,false,,false,false,false,false,false,,,,,,false,false,false,,,false,false,false,false,false,-83.07013,42.33336,"{
  ""coordinates"": [
    -8.307013319399989e+01,
    4.233335835800010e+01
  ],
  ""type"": ""Point""
}","{
  ""coordinates"": [
    -83.070133194,
    42.333358358
  ],
  ""type"": ""Point""
}",-83.0701331939999,42.3333583580001
8228,1128371,FAIRFIELD,6 MILE,2017-09-06,6,9,2017,18,4,9,9,,,2,,1,1,1,25,2,2,1,5,0,0,0,0,true,,false,false,true,false,false,,,,,,false,false,false,,,false,false,false,false,false,-83.13533,42.41779,"{
  ""coordinates"": [
    -8.313532830000000e+01,
    4.241778374900010e+01
  ],
  ""type"": ""Point""
}","{
  ""coordinates"": [
    -83.1353283,
    42.417783749
  ],
  ""type"": ""Point""
}",-83.1353283,42.4177837490001
8229,1146270,CHALMERS,CHELSEA,2017-09-06,6,9,2017,3,4,5,9,,4,0,,1,1,4,25,2,2,2,4,0,0,0,1,false,,false,false,true,false,false,,,,,,false,false,false,,,false,false,false,false,false,-82.96942,42.41241,"{
  ""coordinates"": [
    -8.296942487699989e+01,
    4.241241469600000e+01
  ],
  ""type"": ""Point""
}","{
  ""coordinates"": [
    -82.969424877,
    42.412414696
  ],
  ""type"": ""Point""
}",-82.9694248769999,42.412414696
8230,1134239,RAMP 038G,I-75 SERVICE,2017-09-06,6,9,2017,14,4,5,1,,1,0,,1,1,1,55,1,2,2,4,0,0,0,1,false,,false,false,false,false,false,,,,,,false,false,false,,,false,false,false,false,false,-83.07224,42.333,"{
  ""coordinates"": [
    -8.307224208500000e+01,
    4.233299841000010e+01
  ],
  ""type"": ""Point""
}","{
  ""coordinates"": [
    -83.072242085,
    42.33299841
  ],
  ""type"": ""Point""
}",-83.072242085,42.3329984100001
8231,1126330,GRAND RIVER,WESTBROOK,2017-09-06,6,9,2017,8,4,1,3,,1,0,,1,1,1,35,3,1,1,5,0,0,0,0,true,,false,false,false,false,false,,,,,,false,false,false,,,false,false,false,false,false,-83.25108,42.41388,"{
  ""coordinates"": [
    -8.325107324699999e+01,
    4.241387816700010e+01
  ],
  ""type"": ""Point""
}","{
  ""coordinates"": [
    -83.251073247,
    42.413878167
  ],
  ""type"": ""Point""
}",-83.251073247,42.4138781670001
8232,1126315,ETHEL,SCHAEFER,2017-09-06,6,9,2017,14,4,10,9,,,0,,1,2,1,25,3,2,3,5,0,0,0,0,true,,false,false,false,false,false,,,,,,false,true,false,,,false,false,false,false,false,-83.14661,42.27547,"{
  ""coordinates"": [
    -8.314661268700000e+01,
    4.227546957800010e+01
  ],
  ""type"": ""Point""
}","{
  ""coordinates"": [
    -83.146612687,
    42.275469578
  ],
  ""type"": ""Point""
}",-83.146612687,42.2754695780001
8233,1127210,8 MILE,OAKFIELD,2017-09-06,6,9,2017,0,4,7,3,,1,0,,1,1,4,40,4,2,2,4,0,0,0,1,false,,false,false,false,false,false,,,,,,false,false,false,,,false,false,false,false,false,-83.21616,42.44427,"{
  ""coordinates"": [
    -8.321615569399999e+01,
    4.244426596400010e+01
  ],
  ""type"": ""Point""
}","{
  ""coordinates"": [
    -83.216155694,
    42.444265964
  ],
  ""type"": ""Point""
}",-83.216155694,42.4442659640001
8234,1129326,MCNICHOLS,OAKLAND,2017-09-06,6,9,2017,11,4,97,9,,2,0,,1,1,1,30,5,2,2,5,0,0,0,0,true,,false,false,false,false,false,,,,,,false,false,false,,,false,false,false,false,false,-83.09402,42.4181,"{
  ""coordinates"": [
    -8.309401453899990e+01,
    4.241809738300000e+01
  ],
  ""type"": ""Point""
}","{
  ""coordinates"": [
    -83.094014539,
    42.418097383
  ],
  ""type"": ""Point""
}",-83.0940145389999,42.418097383
8235,1127220,EUCLID,WOODROW WILSON,2017-09-06,6,9,2017,8,4,5,9,,4,0,,1,1,1,25,1,2,3,5,0,0,0,0,true,,false,false,true,false,false,,,,,,false,false,false,,,false,false,false,false,false,-83.0929,42.37164,"{
  ""coordinates"": [
    -8.309289204000000e+01,
    4.237163910800010e+01
  ],
  ""type"": ""Point""
}","{
  ""coordinates"": [
    -83.09289204,
    42.371639108
  ],
  ""type"": ""Point""
}",-83.09289204,42.3716391080001
8236,1127208,JEFFERSON,RIVARD,2017-09-06,6,9,2017,15,4,4,9,,4,0,,1,2,1,35,7,2,2,5,0,0,0,0,true,,false,false,false,false,false,,,,,,false,false,false,,,false,false,false,false,false,-83.03407,42.33334,"{
  ""coordinates"": [
    -8.303406602800000e+01,
    4.233333681300010e+01
  ],
  ""type"": ""Point""
}","{
  ""coordinates"": [
    -83.034066028,
    42.333336813
  ],
  ""type"": ""Point""
}",-83.034066028,42.3333368130001
8237,1129302,E I 94,JUNCTION,2017-09-06,6,9,2017,17,4,5,1,,1,0,,1,1,1,60,3,2,3,5,0,0,0,0,true,,false,false,false,false,false,,,,,,false,true,false,,,false,false,false,false,false,-83.11813,42.34051,"{
  ""coordinates"": [
    -8.311812764000000e+01,
    4.234050843200000e+01
  ],
  ""type"": ""Point""
}","{
  ""coordinates"": [
    -83.11812764,
    42.340508432
  ],
  ""type"": ""Point""
}",-83.11812764,42.340508432
8238,1137942,MCNICHOLS,WHITCOMB,2017-09-06,6,9,2017,19,4,4,9,,2,0,,1,1,1,35,4,2,2,5,0,0,0,0,true,,false,false,false,false,false,,,,,,false,true,false,,,false,false,false,false,false,-83.19686,42.4161,"{
  ""coordinates"": [
    -8.319686351900000e+01,
    4.241609527200010e+01
  ],
  ""type"": ""Point""
}","{
  ""coordinates"": [
    -83.196863519,
    42.416095272
  ],
  ""type"": ""Point""
}",-83.196863519,42.4160952720001
8239,1134234,I-96,GRAND,2017-09-06,6,9,2017,8,4,5,1,,1,0,,1,1,1,70,4,2,2,5,0,0,0,0,true,,false,false,false,false,false,,,,,,false,false,false,,,false,false,false,false,false,-83.10341,42.3531,"{
  ""coordinates"": [
    -8.310340746999999e+01,
    4.235309999600000e+01
  ],
  ""type"": ""Point""
}","{
  ""coordinates"": [
    -83.10340747,
    42.353099996
  ],
  ""type"": ""Point""
}",-83.10340747,42.353099996
8240,1126312,HOLDEN,4TH,2017-09-06,6,9,2017,15,4,8,9,,,0,,1,1,1,25,2,2,1,5,0,0,0,0,true,,false,false,true,false,false,,,,,,false,false,false,,,false,false,false,false,false,-83.07655,42.36212,"{
  ""coordinates"": [
    -8.307654706900000e+01,
    4.236212278600000e+01
  ],
  ""type"": ""Point""
}","{
  ""coordinates"": [
    -83.076547069,
    42.362122786
  ],
  ""type"": ""Point""
}",-83.076547069,42.362122786
8241,1128364,HALLECK,GALLAGHER,2017-09-06,6,9,2017,7,4,9,9,,,2,,1,1,1,0,1,2,1,5,0,0,0,0,true,,false,false,false,false,false,,,,,,false,true,false,,,false,true,false,false,false,-83.06233,42.40952,"{
  ""coordinates"": [
    -8.306233066700000e+01,
    4.240951426100000e+01
  ],
  ""type"": ""Point""
}","{
  ""coordinates"": [
    -83.062330667,
    42.409514261
  ],
  ""type"": ""Point""
}",-83.062330667,42.409514261
8242,1128342,7 MILE,BURT,2017-09-06,6,9,2017,18,4,8,9,,2,0,,1,1,1,30,4,2,0,5,0,0,0,0,true,,false,false,true,false,false,,,,,,false,false,false,,,false,false,false,false,false,-83.24889,42.42934,"{
  ""coordinates"": [
    -8.324889061200000e+01,
    4.242933577700010e+01
  ],
  ""type"": ""Point""
}","{
  ""coordinates"": [
    -83.248890612,
    42.429335777
  ],
  ""type"": ""Point""
}",-83.248890612,42.4293357770001
8243,1127221,ELMHURST,LAWTON,2017-09-06,6,9,2017,8,4,10,9,,4,0,,1,1,1,30,3,2,2,5,0,0,0,0,true,,false,false,false,false,false,,,,,,false,false,false,,,false,false,false,false,false,-83.11864,42.38358,"{
  ""coordinates"": [
    -8.311864050000000e+01,
    4.238358263700010e+01
  ],
  ""type"": ""Point""
}","{
  ""coordinates"": [
    -83.1186405,
    42.383582637
  ],
  ""type"": ""Point""
}",-83.1186405,42.3835826370001
8244,1125282,OUTER,RYAN,2017-09-06,6,9,2017,7,4,4,9,,2,0,,1,1,1,35,2,2,4,4,0,0,0,1,false,,false,false,false,false,false,,,,,,false,false,true,,,false,false,false,false,false,-83.06369,42.44033,"{
  ""coordinates"": [
    -8.306368645299990e+01,
    4.244033271800000e+01
  ],
  ""type"": ""Point""
}","{
  ""coordinates"": [
    -83.063686453,
    42.440332718
  ],
  ""type"": ""Point""
}",-83.0636864529999,42.440332718
8245,1125288,SCHAEFER,PEMBROKE,2017-09-05,5,9,2017,17,3,5,9,,4,0,,1,1,1,30,2,2,4,4,0,0,0,1,false,,false,false,true,false,false,,,,,,false,false,false,,,false,false,false,false,false,-83.18075,42.43814,"{
  ""coordinates"": [
    -8.318074775699991e+01,
    4.243813931700000e+01
  ],
  ""type"": ""Point""
}","{
  ""coordinates"": [
    -83.180747757,
    42.438139317
  ],
  ""type"": ""Point""
}",-83.1807477569999,42.438139317
8246,1128341,MURRAY HILL,GROVE,2017-09-05,5,9,2017,22,3,98,9,,,3,,1,1,4,25,2,2,0,5,0,0,0,0,true,,false,false,true,false,false,,,,,,false,false,false,,,false,false,false,false,false,-83.20791,42.41453,"{
  ""coordinates"": [
    -8.320790816700000e+01,
    4.241452779300000e+01
  ],
  ""type"": ""Point""
}","{
  ""coordinates"": [
    -83.207908167,
    42.414527793
  ],
  ""type"": ""Point""
}",-83.207908167,42.414527793
8247,1125245,WARREN,ANTHONY WAYNE,2017-09-05,5,9,2017,10,3,8,9,,4,0,,1,1,1,30,3,2,3,5,0,0,0,0,true,,false,false,false,false,false,,,,,,false,false,true,,,false,false,false,false,false,-83.07134,42.35442,"{
  ""coordinates"": [
    -8.307134226900000e+01,
    4.235441783300010e+01
  ],
  ""type"": ""Point""
}","{
  ""coordinates"": [
    -83.071342269,
    42.354417833
  ],
  ""type"": ""Point""
}",-83.071342269,42.3544178330001
8248,1140143,W/B I-96,OUTER,2017-09-05,5,9,2017,16,3,5,1,,1,0,,1,2,1,70,4,4,4,5,0,0,0,0,true,,false,false,false,false,false,,,,,,false,false,true,,,false,false,false,false,false,-83.25325,42.38556,"{
  ""coordinates"": [
    -8.325324647300000e+01,
    4.238556379300010e+01
  ],
  ""type"": ""Point""
}","{
  ""coordinates"": [
    -83.253246473,
    42.385563793
  ],
  ""type"": ""Point""
}",-83.253246473,42.3855637930001
8249,1127240,CASS,HANCOCK,2017-09-05,5,9,2017,16,3,4,9,,4,0,,1,1,1,25,2,2,2,4,0,0,0,1,false,,true,false,false,false,false,,,,,,false,false,false,,,false,false,false,false,false,-83.06599,42.35482,"{
  ""coordinates"": [
    -8.306598593099990e+01,
    4.235482317300010e+01
  ],
  ""type"": ""Point""
}","{
  ""coordinates"": [
    -83.065985931,
    42.354823173
  ],
  ""type"": ""Point""
}",-83.0659859309999,42.3548231730001
8250,1125278,CONNER,WILSHIRE,2017-09-05,5,9,2017,15,3,5,9,,4,0,,1,1,1,35,5,2,2,5,0,0,0,0,true,,false,false,false,false,false,,,,,,false,false,true,,,false,false,false,false,false,-82.99591,42.40367,"{
  ""coordinates"": [
    -8.299591050700000e+01,
    4.240367296200000e+01
  ],
  ""type"": ""Point""
}","{
  ""coordinates"": [
    -82.995910507,
    42.403672962
  ],
  ""type"": ""Point""
}",-82.995910507,42.403672962
8251,1126297,SB M-39,SCHOOLCRAFT,2017-09-05,5,9,2017,17,3,5,3,,1,0,,1,1,1,70,3,2,2,4,0,0,0,1,false,,false,false,false,false,false,,,,,,false,true,true,,,false,false,false,false,false,-83.21767,42.38534,"{
  ""coordinates"": [
    -8.321767420200000e+01,
    4.238533661700010e+01
  ],
  ""type"": ""Point""
}","{
  ""coordinates"": [
    -83.217674202,
    42.385336617
  ],
  ""type"": ""Point""
}",-83.217674202,42.3853366170001
8252,1125267,CHENE,HENDRIE,2017-09-05,5,9,2017,23,3,1,9,,4,1,,1,2,4,30,2,1,1,5,0,0,0,0,true,,false,false,false,false,false,,,,,,false,false,false,,,false,false,false,false,false,-83.04507,42.37216,"{
  ""coordinates"": [
    -8.304506674399990e+01,
    4.237215864800000e+01
  ],
  ""type"": ""Point""
}","{
  ""coordinates"": [
    -83.045066744,
    42.372158648
  ],
  ""type"": ""Point""
}",-83.0450667439999,42.372158648
8253,1127217,14TH,CLEMENTS,2017-09-05,5,9,2017,8,3,4,9,,4,0,,1,2,1,30,3,2,3,5,0,0,0,0,true,,true,false,false,false,false,,,,,,false,true,false,,,false,false,false,false,false,-83.11658,42.39604,"{
  ""coordinates"": [
    -8.311657840399990e+01,
    4.239604301700010e+01
  ],
  ""type"": ""Point""
}","{
  ""coordinates"": [
    -83.116578404,
    42.396043017
  ],
  ""type"": ""Point""
}",-83.1165784039999,42.3960430170001
8254,1126311,W I 96,SCHAEFER,2017-09-05,5,9,2017,17,3,4,1,,1,0,,2,1,1,30,4,2,3,5,0,0,0,0,true,,true,true,true,false,false,,,,,,false,false,false,,,false,false,false,false,false,-83.17825,42.38335,"{
  ""coordinates"": [
    -8.317824906300000e+01,
    4.238335165300000e+01
  ],
  ""type"": ""Point""
}","{
  ""coordinates"": [
    -83.178249063,
    42.383351653
  ],
  ""type"": ""Point""
}",-83.178249063,42.383351653
8255,1137044,I94,MT ELLIOTT,2017-09-05,5,9,2017,16,3,5,1,,1,0,,2,4,1,55,3,2,3,4,0,0,0,1,false,,false,false,false,false,false,,,,,,false,true,false,,,false,false,false,false,false,-83.03415,42.37911,"{
  ""coordinates"": [
    -8.303415169600000e+01,
    4.237911066600000e+01
  ],
  ""type"": ""Point""
}","{
  ""coordinates"": [
    -83.034151696,
    42.379110666
  ],
  ""type"": ""Point""
}",-83.034151696,42.379110666
8256,1125254,5904 WOODHALL,LINVILLE,2017-09-05,5,9,2017,3,3,1,9,,,1,,1,1,4,25,1,1,2,5,0,0,0,0,true,,false,false,false,false,false,,,,,,false,false,false,,,false,false,false,false,false,-82.93047,42.41413,"{
  ""coordinates"": [
    -8.293047518400000e+01,
    4.241412669900010e+01
  ],
  ""type"": ""Point""
}","{
  ""coordinates"": [
    -82.930475184,
    42.414126699
  ],
  ""type"": ""Point""
}",-82.930475184,42.4141266990001
8257,1128286,N M 10,LIVERNOIS,2017-09-05,5,9,2017,20,3,8,3,,1,0,,1,1,4,55,3,2,2,5,0,0,0,0,true,,false,false,false,false,false,,,,,,false,true,false,,,false,false,false,false,false,-83.1402,42.40496,"{
  ""coordinates"": [
    -8.314019567799990e+01,
    4.240496384900010e+01
  ],
  ""type"": ""Point""
}","{
  ""coordinates"": [
    -83.140195678,
    42.404963849
  ],
  ""type"": ""Point""
}",-83.1401956779999,42.4049638490001
8258,1138908,JEFFERSON,MT ELLIOTT,2017-09-05,5,9,2017,11,3,8,9,,4,0,,1,1,1,35,3,2,2,5,0,0,0,0,true,,false,false,false,false,false,,,,,,false,false,false,,,false,false,false,false,false,-83.01012,42.34364,"{
  ""coordinates"": [
    -8.301011441799990e+01,
    4.234363729500010e+01
  ],
  ""type"": ""Point""
}","{
  ""coordinates"": [
    -83.010114418,
    42.343637295
  ],
  ""type"": ""Point""
}",-83.0101144179999,42.3436372950001
8259,1127150,RAMP 216B,RAMP 216H,2017-09-05,5,9,2017,12,3,8,1,,1,0,,1,1,1,55,2,2,3,5,0,0,0,0,true,,false,false,false,false,false,,,,,,false,false,true,,,false,false,false,false,false,-83.05818,42.36649,"{
  ""coordinates"": [
    -8.305818186999990e+01,
    4.236649478700010e+01
  ],
  ""type"": ""Point""
}","{
  ""coordinates"": [
    -83.05818187,
    42.366494787
  ],
  ""type"": ""Point""
}",-83.0581818699999,42.3664947870001
8260,1125243,GRAND RIVER,BAGLEY,2017-09-05,5,9,2017,11,3,8,9,,4,0,,1,1,1,25,4,2,1,5,0,0,0,0,true,,false,false,true,false,false,,,,,,false,false,false,,,false,false,false,false,false,-83.05306,42.33399,"{
  ""coordinates"": [
    -8.305306083499990e+01,
    4.233399217300010e+01
  ],
  ""type"": ""Point""
}","{
  ""coordinates"": [
    -83.053060835,
    42.333992173
  ],
  ""type"": ""Point""
}",-83.0530608349999,42.3339921730001
8261,1125283,WYOMING,N M 10,2017-09-05,5,9,2017,8,3,8,9,,4,0,,1,1,2,0,4,2,2,5,0,0,0,0,true,,false,false,false,false,false,,,,,,false,false,false,,,false,false,false,false,false,-83.15982,42.40544,"{
  ""coordinates"": [
    -8.315982334499989e+01,
    4.240544250600000e+01
  ],
  ""type"": ""Point""
}","{
  ""coordinates"": [
    -83.159823345,
    42.405442506
  ],
  ""type"": ""Point""
}",-83.1598233449999,42.405442506
8262,1126337,EMERY,FILER,2017-09-05,5,9,2017,10,3,1,9,,,0,,1,1,1,25,2,2,2,5,0,0,0,0,true,,false,false,false,false,false,,,,,,false,false,false,,,false,false,false,true,false,-83.0379,42.43573,"{
  ""coordinates"": [
    -8.303789388500000e+01,
    4.243573320600010e+01
  ],
  ""type"": ""Point""
}","{
  ""coordinates"": [
    -83.037893885,
    42.435733206
  ],
  ""type"": ""Point""
}",-83.037893885,42.4357332060001
8263,1126316,MCNICHOLS,ARDMORE,2017-09-05,5,9,2017,14,3,5,9,,2,0,,1,1,1,35,4,2,1,5,0,0,0,0,true,,false,false,true,false,false,,,,,,false,false,false,,,false,false,false,false,false,-83.18517,42.41653,"{
  ""coordinates"": [
    -8.318517083400000e+01,
    4.241653125900010e+01
  ],
  ""type"": ""Point""
}","{
  ""coordinates"": [
    -83.185170834,
    42.416531259
  ],
  ""type"": ""Point""
}",-83.185170834,42.4165312590001
8264,1125228,008K,M-39,2017-09-05,5,9,2017,18,3,5,1,,1,0,,2,4,1,55,2,3,6,5,0,0,0,0,true,,false,false,false,false,false,,,,,,false,false,true,,,false,false,false,false,false,-83.21715,42.37685,"{
  ""coordinates"": [
    -8.321714983800000e+01,
    4.237684822700000e+01
  ],
  ""type"": ""Point""
}","{
  ""coordinates"": [
    -83.217149838,
    42.376848227
  ],
  ""type"": ""Point""
}",-83.217149838,42.376848227
8265,1128308,FORT,OUTER,2017-09-05,5,9,2017,13,3,97,3,,1,0,,1,1,1,45,4,3,3,4,0,0,0,1,false,,true,true,true,false,false,,,,,,false,true,false,,,false,false,false,false,false,-83.16684,42.26218,"{
  ""coordinates"": [
    -8.316683603199991e+01,
    4.226217868900010e+01
  ],
  ""type"": ""Point""
}","{
  ""coordinates"": [
    -83.166836032,
    42.262178689
  ],
  ""type"": ""Point""
}",-83.1668360319999,42.2621786890001
8266,1124333,HESSEL,PREVOST,2017-09-05,5,9,2017,1,3,8,9,,,0,,2,1,4,25,2,2,0,5,0,0,0,0,true,,false,false,true,false,false,,,,,,false,false,false,,,false,false,false,false,false,-83.20479,42.44294,"{
  ""coordinates"": [
    -8.320479103199990e+01,
    4.244293408700000e+01
  ],
  ""type"": ""Point""
}","{
  ""coordinates"": [
    -83.204791032,
    42.442934087
  ],
  ""type"": ""Point""
}",-83.2047910319999,42.442934087
8267,1130486,E I 94,MOUNT ELLIOTT,2017-09-05,5,9,2017,22,3,5,1,,1,0,,1,1,4,55,4,2,3,5,0,0,0,0,true,,false,false,false,false,false,,,,,,false,false,false,,,false,false,false,false,false,-83.03375,42.3792,"{
  ""coordinates"": [
    -8.303375204500000e+01,
    4.237920001600000e+01
  ],
  ""type"": ""Point""
}","{
  ""coordinates"": [
    -83.033752045,
    42.379200016
  ],
  ""type"": ""Point""
}",-83.033752045,42.379200016
8268,1126336,JOHN R,STATE FAIR,2017-09-05,5,9,2017,18,3,4,9,,4,0,,1,1,1,0,2,2,1,5,0,0,0,0,true,,true,true,true,false,false,,,,,,false,true,false,,,false,false,false,false,false,-83.10259,42.43981,"{
  ""coordinates"": [
    -8.310259575399991e+01,
    4.243980856800000e+01
  ],
  ""type"": ""Point""
}","{
  ""coordinates"": [
    -83.102595754,
    42.439808568
  ],
  ""type"": ""Point""
}",-83.1025957539999,42.439808568
8269,1125268,8 MILE,REDFERN,2017-09-05,5,9,2017,19,3,4,3,,1,0,,2,2,2,40,4,2,2,5,0,0,0,0,true,,false,false,false,false,false,,,,,,false,false,true,,,false,false,false,false,false,-83.26527,42.44308,"{
  ""coordinates"": [
    -8.326527414500001e+01,
    4.244308143300000e+01
  ],
  ""type"": ""Point""
}","{
  ""coordinates"": [
    -83.265274145,
    42.443081433
  ],
  ""type"": ""Point""
}",-83.265274145,42.443081433