ObjectId,Crash ID,Primary Road,Intersecting Road,Crash Date,Day,Month,Year,Hour,Weekday,Crash Type Code,Highway Classification Code,Community Code,Jurisdiction Code,Lane Departure Type Code,Surface Type,Road Condition,Weather Condition,Lighting Condition,Speed Limit,Lanes,Units,Occupants,Most Severe Injury,Fatal Injuries,Suspected Serious Injuries,Suspected Minor Injuries,Possible Injuries,Property Damage Only,Secondary Crash,Traffic Control,Red Light Run,Hit and Run,Alcohol,Drugs,Unbelted Person,Work Zone,Speeding Driver,Distracted Driver,Driveway,Pedestrian,Elderly Driver,Young Driver,Commercial Vehicle,Emergency Vehicles,Train,School Bus,Motorcycle,Bicycle,Deer,Longitude,Latitude,geom,geog,x,y
8270,1125255,HEREFORD,MACK,2017-09-05,5,9,2017,7,3,8,9,,,0,,1,1,1,25,3,2,0,5,0,0,0,0,true,,false,false,true,false,false,,,,,,false,false,false,,,false,false,false,false,false,-82.91923,42.40165,"{
  ""coordinates"": [
    -8.291923023200000e+01,
    4.240164713900000e+01
  ],
  ""type"": ""Point""
}","{
  ""coordinates"": [
    -82.919230232,
    42.401647139
  ],
  ""type"": ""Point""
}",-82.919230232,42.401647139
8271,1127116,M-8,3RD,2017-09-05,5,9,2017,17,3,5,3,,1,0,,1,1,1,55,5,2,1,5,0,0,0,0,true,,false,false,true,false,false,,,,,,false,false,false,,,false,false,false,false,false,-83.05402,42.32787,"{
  ""coordinates"": [
    -8.305401871299991e+01,
    4.232786385600010e+01
  ],
  ""type"": ""Point""
}","{
  ""coordinates"": [
    -83.054018713,
    42.327863856
  ],
  ""type"": ""Point""
}",-83.0540187129999,42.3278638560001
8272,1125246,DAVIDSON,LASALLE,2017-09-05,5,9,2017,13,3,9,3,,1,0,,1,1,1,30,4,2,2,4,0,0,0,1,false,,false,false,false,false,false,,,,,,false,true,false,,,false,false,false,false,false,-83.11903,42.39414,"{
  ""coordinates"": [
    -8.311902549599991e+01,
    4.239413874400000e+01
  ],
  ""type"": ""Point""
}","{
  ""coordinates"": [
    -83.119025496,
    42.394138744
  ],
  ""type"": ""Point""
}",-83.1190254959999,42.394138744
8273,1125273,WARWICK,KENDALL,2017-09-05,5,9,2017,8,3,4,9,,,0,,1,1,1,25,4,2,2,5,0,0,0,0,true,,false,false,true,false,false,,,,,,false,false,true,,,false,false,false,false,false,-83.22851,42.38886,"{
  ""coordinates"": [
    -8.322850450500000e+01,
    4.238886184400010e+01
  ],
  ""type"": ""Point""
}","{
  ""coordinates"": [
    -83.228504505,
    42.388861844
  ],
  ""type"": ""Point""
}",-83.228504505,42.3888618440001
8274,1127127,EVERGREEN,MCNICHOLS,2017-09-05,5,9,2017,16,3,10,9,,4,0,,1,1,1,35,2,2,1,5,0,0,0,0,true,,false,false,false,false,false,,,,,,false,false,false,,,false,false,false,false,false,-83.23821,42.41547,"{
  ""coordinates"": [
    -8.323821540300000e+01,
    4.241546542000000e+01
  ],
  ""type"": ""Point""
}","{
  ""coordinates"": [
    -83.238215403,
    42.41546542
  ],
  ""type"": ""Point""
}",-83.238215403,42.41546542
8275,1125247,RENAISSANCE,BEAUBIEN,2017-09-05,5,9,2017,17,3,5,9,,,0,,2,2,1,20,1,2,2,5,0,0,0,0,true,,false,false,false,false,false,,,,,,false,false,false,,,false,false,false,false,false,-83.03941,42.33029,"{
  ""coordinates"": [
    -8.303940235100001e+01,
    4.233029336100000e+01
  ],
  ""type"": ""Point""
}","{
  ""coordinates"": [
    -83.039402351,
    42.330293361
  ],
  ""type"": ""Point""
}",-83.039402351,42.330293361
8276,1138876,WOODWARD,FISHER,2017-09-05,5,9,2017,18,3,1,3,,1,0,,1,1,1,25,7,2,2,4,0,0,0,1,false,,false,false,false,false,false,,,,,,false,false,false,,,false,false,false,true,false,-83.05298,42.3401,"{
  ""coordinates"": [
    -8.305297925699990e+01,
    4.234009407000010e+01
  ],
  ""type"": ""Point""
}","{
  ""coordinates"": [
    -83.052979257,
    42.34009407
  ],
  ""type"": ""Point""
}",-83.0529792569999,42.3400940700001
8277,1134366,BURT,FULLERTON,2017-09-05,5,9,2017,2,3,1,9,,4,1,,1,1,4,35,2,1,2,5,0,0,0,0,true,,false,false,false,false,false,,,,,,false,false,true,,,false,false,false,false,false,-83.24641,42.37935,"{
  ""coordinates"": [
    -8.324641493999999e+01,
    4.237935055900000e+01
  ],
  ""type"": ""Point""
}","{
  ""coordinates"": [
    -83.24641494,
    42.379350559
  ],
  ""type"": ""Point""
}",-83.24641494,42.379350559
8278,1127148,M39,PAUL,2017-09-05,5,9,2017,8,3,5,3,,1,0,,1,1,1,55,3,2,2,5,0,0,0,0,true,,false,false,false,false,false,,,,,,false,false,true,,,false,false,false,false,false,-83.21575,42.33607,"{
  ""coordinates"": [
    -8.321575260799990e+01,
    4.233606657300000e+01
  ],
  ""type"": ""Point""
}","{
  ""coordinates"": [
    -83.215752608,
    42.336066573
  ],
  ""type"": ""Point""
}",-83.2157526079999,42.336066573
8279,1124358,COMMONWEALTH,CANFIELD,2017-09-05,5,9,2017,9,3,8,9,,,3,,98,98,98,25,4,2,0,5,0,0,0,0,true,,false,false,false,false,false,,,,,,false,false,false,,,false,false,false,false,false,-83.07691,42.34643,"{
  ""coordinates"": [
    -8.307691432400000e+01,
    4.234643001500010e+01
  ],
  ""type"": ""Point""
}","{
  ""coordinates"": [
    -83.076914324,
    42.346430015
  ],
  ""type"": ""Point""
}",-83.076914324,42.3464300150001
8280,1125241,CHICAGO,SUSSEX,2017-09-05,5,9,2017,21,3,4,9,,4,0,,1,2,5,30,3,2,2,5,0,0,0,0,true,,false,false,true,false,false,,,,,,false,false,false,,,false,false,false,false,false,-83.19376,42.36545,"{
  ""coordinates"": [
    -8.319376634699999e+01,
    4.236544762400010e+01
  ],
  ""type"": ""Point""
}","{
  ""coordinates"": [
    -83.193766347,
    42.365447624
  ],
  ""type"": ""Point""
}",-83.193766347,42.3654476240001
8281,1125264,CHICAGO,EVERGREEN,2017-09-05,5,9,2017,14,3,3,9,,4,0,,1,1,1,30,4,2,2,5,0,0,0,0,true,,false,false,false,false,false,,,,,,false,false,false,,,false,false,false,false,false,-83.23604,42.36471,"{
  ""coordinates"": [
    -8.323603463900000e+01,
    4.236471061200010e+01
  ],
  ""type"": ""Point""
}","{
  ""coordinates"": [
    -83.236034639,
    42.364710612
  ],
  ""type"": ""Point""
}",-83.236034639,42.3647106120001
8282,1124314,LIVERNOIS,FORT,2017-09-05,5,9,2017,7,3,4,3,,4,0,,1,1,1,35,6,2,2,4,0,0,0,2,false,,true,true,false,false,false,,,,,,false,false,false,,,false,false,false,false,false,-83.10348,42.30665,"{
  ""coordinates"": [
    -8.310347791600000e+01,
    4.230664904900000e+01
  ],
  ""type"": ""Point""
}","{
  ""coordinates"": [
    -83.103477916,
    42.306649049
  ],
  ""type"": ""Point""
}",-83.103477916,42.306649049
8283,1128363,CLEMENTS,LASALLE,2017-09-05,5,9,2017,15,3,5,9,,,0,,1,1,1,0,1,2,1,4,0,0,0,1,false,,false,false,false,false,false,,,,,,false,false,false,,,false,false,false,false,false,-83.12135,42.39431,"{
  ""coordinates"": [
    -8.312134942700000e+01,
    4.239430453000010e+01
  ],
  ""type"": ""Point""
}","{
  ""coordinates"": [
    -83.121349427,
    42.39430453
  ],
  ""type"": ""Point""
}",-83.121349427,42.3943045300001
8284,1127218,DAVISON,LA SALLE,2017-09-05,5,9,2017,12,3,8,3,,1,0,,1,2,1,35,7,2,2,5,0,0,0,0,true,,false,false,false,false,false,,,,,,false,false,true,,,false,false,false,false,false,-83.11929,42.39404,"{
  ""coordinates"": [
    -8.311928586099999e+01,
    4.239404198400010e+01
  ],
  ""type"": ""Point""
}","{
  ""coordinates"": [
    -83.119285861,
    42.394041984
  ],
  ""type"": ""Point""
}",-83.119285861,42.3940419840001
8285,1126318,WOODMERE,OAKDALE,2017-09-05,5,9,2017,0,3,1,9,,4,0,,1,2,4,25,3,1,0,5,0,0,0,0,true,,false,false,true,false,false,,,,,,false,false,false,,,false,false,false,false,false,-83.13591,42.3106,"{
  ""coordinates"": [
    -8.313590809599999e+01,
    4.231059846400010e+01
  ],
  ""type"": ""Point""
}","{
  ""coordinates"": [
    -83.135908096,
    42.310598464
  ],
  ""type"": ""Point""
}",-83.135908096,42.3105984640001
8286,1125248,FORT,SOLVAY,2017-09-05,5,9,2017,18,3,4,3,,1,0,,1,1,1,30,5,2,2,5,0,0,0,0,true,,false,false,false,false,false,,,,,,false,false,false,,,false,false,false,false,false,-83.11533,42.30171,"{
  ""coordinates"": [
    -8.311532993299990e+01,
    4.230170876600000e+01
  ],
  ""type"": ""Point""
}","{
  ""coordinates"": [
    -83.115329933,
    42.301708766
  ],
  ""type"": ""Point""
}",-83.1153299329999,42.301708766
8287,1125249,FORT,MILLER,2017-09-05,5,9,2017,18,3,5,3,,1,0,,1,1,1,30,5,2,2,5,0,0,0,0,true,,false,false,false,false,false,,,,,,false,false,false,,,false,false,false,false,false,-83.14118,42.29179,"{
  ""coordinates"": [
    -8.314118327599989e+01,
    4.229178646900000e+01
  ],
  ""type"": ""Point""
}","{
  ""coordinates"": [
    -83.141183276,
    42.291786469
  ],
  ""type"": ""Point""
}",-83.1411832759999,42.291786469
8288,1125296,SEVEN MILE,ARDMORE,2017-09-05,5,9,2017,15,3,5,9,,2,0,,1,1,1,30,5,2,2,5,0,0,0,0,true,,false,false,false,false,false,,,,,,false,false,true,,,false,false,false,false,false,-83.18509,42.43092,"{
  ""coordinates"": [
    -8.318508679800000e+01,
    4.243091662200000e+01
  ],
  ""type"": ""Point""
}","{
  ""coordinates"": [
    -83.185086798,
    42.430916622
  ],
  ""type"": ""Point""
}",-83.185086798,42.430916622
8289,1130435,E I 94,CHENE,2017-09-05,5,9,2017,18,3,8,1,,1,0,,1,2,1,55,3,2,2,5,0,0,0,0,true,,false,false,false,false,false,,,,,,false,false,true,,,false,false,false,false,false,-83.04645,42.37427,"{
  ""coordinates"": [
    -8.304645013000000e+01,
    4.237426600300010e+01
  ],
  ""type"": ""Point""
}","{
  ""coordinates"": [
    -83.04645013,
    42.374266003
  ],
  ""type"": ""Point""
}",-83.04645013,42.3742660030001
8290,1127125,I-75,FERRY,2017-09-05,5,9,2017,16,3,5,1,,1,0,,1,1,1,55,3,2,2,5,0,0,0,0,true,,false,false,false,false,false,,,,,,false,false,true,,,false,false,false,false,false,-83.05649,42.36548,"{
  ""coordinates"": [
    -8.305649049000000e+01,
    4.236547738700010e+01
  ],
  ""type"": ""Point""
}","{
  ""coordinates"": [
    -83.05649049,
    42.365477387
  ],
  ""type"": ""Point""
}",-83.05649049,42.3654773870001
8291,1125250,LIVERNOIS,FORT,2017-09-05,5,9,2017,14,3,8,3,,4,0,,1,1,1,35,6,2,2,5,0,0,0,0,true,,false,false,false,false,false,,,,,,false,false,false,,,false,false,false,false,false,-83.10355,42.30675,"{
  ""coordinates"": [
    -8.310355053099990e+01,
    4.230674974800010e+01
  ],
  ""type"": ""Point""
}","{
  ""coordinates"": [
    -83.103550531,
    42.306749748
  ],
  ""type"": ""Point""
}",-83.1035505309999,42.3067497480001
8292,1125242,CASS,MARTIN LUTHER KING JR,2017-09-05,5,9,2017,16,3,97,9,,4,0,,1,2,1,30,4,2,1,5,0,0,0,0,true,,false,false,true,false,false,,,,,,false,false,false,,,false,false,false,false,false,-83.06071,42.34557,"{
  ""coordinates"": [
    -8.306070452499991e+01,
    4.234556683000010e+01
  ],
  ""type"": ""Point""
}","{
  ""coordinates"": [
    -83.060704525,
    42.34556683
  ],
  ""type"": ""Point""
}",-83.0607045249999,42.3455668300001
8293,1141260,SCHAEFER,7 MILE,2017-09-05,5,9,2017,7,3,5,9,,4,0,,98,98,98,30,2,2,3,5,0,0,0,0,true,,false,false,false,false,false,,,,,,false,false,false,,,false,false,false,false,false,-83.18051,42.43129,"{
  ""coordinates"": [
    -8.318050956600000e+01,
    4.243128637400010e+01
  ],
  ""type"": ""Point""
}","{
  ""coordinates"": [
    -83.180509566,
    42.431286374
  ],
  ""type"": ""Point""
}",-83.180509566,42.4312863740001
8294,1126331,MCNICHOLS,GOULBURN,2017-09-05,5,9,2017,18,3,4,9,,4,0,,2,4,1,35,2,2,3,4,0,0,0,2,false,,false,false,false,false,false,,,,,,false,true,false,,,false,false,false,false,false,-82.99323,42.42382,"{
  ""coordinates"": [
    -8.299323509399990e+01,
    4.242381772900010e+01
  ],
  ""type"": ""Point""
}","{
  ""coordinates"": [
    -82.993235094,
    42.423817729
  ],
  ""type"": ""Point""
}",-82.9932350939999,42.4238177290001
8295,1125226,I-96,LIVERNOIS,2017-09-05,5,9,2017,18,3,5,1,,1,0,,2,4,1,70,4,2,2,4,0,0,0,1,false,,false,false,false,false,false,,,,,,false,true,false,,,false,false,false,false,false,-83.13439,42.36552,"{
  ""coordinates"": [
    -8.313438969600000e+01,
    4.236552332900000e+01
  ],
  ""type"": ""Point""
}","{
  ""coordinates"": [
    -83.134389696,
    42.365523329
  ],
  ""type"": ""Point""
}",-83.134389696,42.365523329
8296,1127126,M-8,WOODWARD,2017-09-05,5,9,2017,17,3,5,3,,1,0,,1,1,1,55,5,2,2,5,0,0,0,0,true,,false,false,false,false,false,,,,,,false,false,false,,,false,false,false,false,false,-83.05082,42.32925,"{
  ""coordinates"": [
    -8.305081788200000e+01,
    4.232924663700000e+01
  ],
  ""type"": ""Point""
}","{
  ""coordinates"": [
    -83.050817882,
    42.329246637
  ],
  ""type"": ""Point""
}",-83.050817882,42.329246637
8297,1125244,TRUMBULL,GRANDRIVER,2017-09-05,5,9,2017,10,3,5,9,,4,0,,1,1,1,35,2,2,2,4,0,0,0,1,false,,false,false,false,false,false,,,,,,false,false,false,,,false,false,false,false,false,-83.07333,42.34262,"{
  ""coordinates"": [
    -8.307332491900000e+01,
    4.234262264200000e+01
  ],
  ""type"": ""Point""
}","{
  ""coordinates"": [
    -83.073324919,
    42.342622642
  ],
  ""type"": ""Point""
}",-83.073324919,42.342622642
8298,1125261,BILTMORE,TROJAN,2017-09-05,5,9,2017,4,3,98,9,,,0,,1,1,4,25,2,2,0,5,0,0,0,0,true,,false,false,true,false,false,,,,,,false,false,false,,,false,false,false,false,false,-83.21246,42.44106,"{
  ""coordinates"": [
    -8.321246270899999e+01,
    4.244105445600010e+01
  ],
  ""type"": ""Point""
}","{
  ""coordinates"": [
    -83.212462709,
    42.441054456
  ],
  ""type"": ""Point""
}",-83.212462709,42.4410544560001
8299,1190206,WYOMING,KENDALL,2017-09-05,5,9,2017,0,3,8,9,,4,0,,1,1,5,30,2,3,1,5,0,0,0,0,true,,false,false,false,true,false,,,,,,false,false,false,,,false,false,false,false,false,-83.15915,42.39033,"{
  ""coordinates"": [
    -8.315914971300001e+01,
    4.239033272000010e+01
  ],
  ""type"": ""Point""
}","{
  ""coordinates"": [
    -83.159149713,
    42.39033272
  ],
  ""type"": ""Point""
}",-83.159149713,42.3903327200001
8300,1125263,LAHSER,FENKELL,2017-09-05,5,9,2017,9,3,4,9,,2,0,,1,1,1,35,2,2,2,5,0,0,0,0,true,,true,true,true,false,false,,,,,,false,false,false,,,false,false,false,false,false,-83.25683,42.4003,"{
  ""coordinates"": [
    -8.325682867200000e+01,
    4.240029600300010e+01
  ],
  ""type"": ""Point""
}","{
  ""coordinates"": [
    -83.256828672,
    42.400296003
  ],
  ""type"": ""Point""
}",-83.256828672,42.4002960030001
8301,1125281,I 75 SR,I 75 SR,2017-09-05,5,9,2017,15,3,4,1,,1,0,,1,1,1,35,2,2,3,4,0,0,0,2,false,,false,false,false,false,false,,,,,,false,false,true,,,false,false,false,false,false,-83.04375,42.34339,"{
  ""coordinates"": [
    -8.304375450799991e+01,
    4.234338999400010e+01
  ],
  ""type"": ""Point""
}","{
  ""coordinates"": [
    -83.043754508,
    42.343389994
  ],
  ""type"": ""Point""
}",-83.0437545079999,42.3433899940001
8302,1125270,MCINTYRE,PEMBROKE,2017-09-05,5,9,2017,15,3,8,9,,,0,,1,1,1,25,2,2,4,5,0,0,0,0,true,,false,false,false,false,false,,,,,,false,false,true,,,false,false,false,false,false,-83.26339,42.43632,"{
  ""coordinates"": [
    -8.326338616000000e+01,
    4.243631630800010e+01
  ],
  ""type"": ""Point""
}","{
  ""coordinates"": [
    -83.26338616,
    42.436316308
  ],
  ""type"": ""Point""
}",-83.26338616,42.4363163080001
8303,1138897,JAMES COUZENS,8 MILE,2017-09-05,5,9,2017,15,3,5,3,,1,0,,1,1,1,25,2,2,2,5,0,0,0,0,true,,false,false,false,false,false,,,,,,false,true,false,,,false,false,false,false,false,-83.20258,42.44469,"{
  ""coordinates"": [
    -8.320257774200000e+01,
    4.244468526300010e+01
  ],
  ""type"": ""Point""
}","{
  ""coordinates"": [
    -83.202577742,
    42.444685263
  ],
  ""type"": ""Point""
}",-83.202577742,42.4446852630001
8304,1125272,W I 94,CONCORD,2017-09-05,5,9,2017,11,3,5,1,,1,0,,1,1,1,30,2,2,2,5,0,0,0,0,true,,false,false,true,false,false,,,,,,false,false,false,,,false,false,false,false,false,-83.0284,42.38433,"{
  ""coordinates"": [
    -8.302840793800000e+01,
    4.238433508100010e+01
  ],
  ""type"": ""Point""
}","{
  ""coordinates"": [
    -83.028407938,
    42.384335081
  ],
  ""type"": ""Point""
}",-83.028407938,42.3843350810001
8305,1125275,TROJAN,BURT,2017-09-05,5,9,2017,10,3,4,9,,,0,,1,1,1,30,2,2,3,4,0,0,0,1,false,,false,false,false,false,false,,,,,,false,false,false,,,false,false,false,false,false,-83.24901,42.44011,"{
  ""coordinates"": [
    -8.324901077000000e+01,
    4.244011402800000e+01
  ],
  ""type"": ""Point""
}","{
  ""coordinates"": [
    -83.24901077,
    42.440114028
  ],
  ""type"": ""Point""
}",-83.24901077,42.440114028
8306,1126327,JEFFERSON,MCDOUGALL,2017-09-05,5,9,2017,15,3,5,9,,4,0,,1,1,1,35,7,2,3,4,0,0,0,1,false,,false,false,false,false,false,,,,,,false,false,false,,,false,false,false,false,false,-83.01762,42.34041,"{
  ""coordinates"": [
    -8.301762453299990e+01,
    4.234040770000010e+01
  ],
  ""type"": ""Point""
}","{
  ""coordinates"": [
    -83.017624533,
    42.3404077
  ],
  ""type"": ""Point""
}",-83.0176245329999,42.3404077000001
8307,1125127,I-94,I-75,2017-09-04,4,9,2017,16,2,8,1,,1,0,,1,1,1,55,3,2,2,5,0,0,0,0,true,,false,false,true,false,false,,,,,,false,false,false,,,false,false,false,false,false,-83.05855,42.36813,"{
  ""coordinates"": [
    -8.305854867999990e+01,
    4.236812542900000e+01
  ],
  ""type"": ""Point""
}","{
  ""coordinates"": [
    -83.05854868,
    42.368125429
  ],
  ""type"": ""Point""
}",-83.0585486799999,42.368125429
8308,1124325,SOUTHFIELD,CHICAGO,2017-09-04,4,9,2017,0,2,1,3,,1,1,,1,1,4,55,3,1,1,4,0,0,0,1,false,,false,false,false,false,false,,,,,,false,false,true,,,false,false,false,false,false,-83.21655,42.36499,"{
  ""coordinates"": [
    -8.321655631100001e+01,
    4.236499224800010e+01
  ],
  ""type"": ""Point""
}","{
  ""coordinates"": [
    -83.216556311,
    42.364992248
  ],
  ""type"": ""Point""
}",-83.216556311,42.3649922480001
8309,1125260,JOY,LONGACRE,2017-09-04,4,9,2017,23,2,5,9,,2,0,,2,2,4,35,2,2,3,4,0,0,0,1,false,,false,false,false,false,false,,,,,,false,false,false,,,false,false,false,false,false,-83.21411,42.35791,"{
  ""coordinates"": [
    -8.321411148399990e+01,
    4.235790927100000e+01
  ],
  ""type"": ""Point""
}","{
  ""coordinates"": [
    -83.214111484,
    42.357909271
  ],
  ""type"": ""Point""
}",-83.2141114839999,42.357909271
8310,1125257,GRAYFIELD,GLENDALE,2017-09-04,4,9,2017,22,2,2,9,,,2,,2,2,4,25,2,2,1,5,0,0,0,0,true,,false,false,false,true,false,,,,,,false,false,false,,,false,false,false,false,false,-83.26855,42.38139,"{
  ""coordinates"": [
    -8.326854598499990e+01,
    4.238138760100000e+01
  ],
  ""type"": ""Point""
}","{
  ""coordinates"": [
    -83.268545985,
    42.381387601
  ],
  ""type"": ""Point""
}",-83.2685459849999,42.381387601
8311,1128359,M 10 SERVICE,CLAIRMOUNT,2017-09-04,4,9,2017,17,2,4,3,,4,0,,1,2,3,30,4,2,3,3,0,0,1,1,false,,true,true,false,false,false,,,,,,false,false,false,,,false,false,false,false,false,-83.08981,42.37985,"{
  ""coordinates"": [
    -8.308981598500000e+01,
    4.237985208900010e+01
  ],
  ""type"": ""Point""
}","{
  ""coordinates"": [
    -83.089815985,
    42.379852089
  ],
  ""type"": ""Point""
}",-83.089815985,42.3798520890001
8312,1123508,GRAND,MOUNT ELLIOTT,2017-09-04,4,9,2017,0,2,2,9,,4,2,,1,1,4,30,5,4,3,5,0,0,0,0,true,,false,false,false,false,false,,,,,,false,false,false,,,false,false,false,false,false,-83.03129,42.37696,"{
  ""coordinates"": [
    -8.303128967200000e+01,
    4.237696114500010e+01
  ],
  ""type"": ""Point""
}","{
  ""coordinates"": [
    -83.031289672,
    42.376961145
  ],
  ""type"": ""Point""
}",-83.031289672,42.3769611450001
8313,1125266,FIELDING,GRAND RIVER,2017-09-04,4,9,2017,23,2,98,3,,,0,,98,98,98,35,2,2,0,5,0,0,0,0,true,,false,false,true,false,false,,,,,,false,false,false,,,false,false,false,false,false,-83.24313,42.41089,"{
  ""coordinates"": [
    -8.324312573400000e+01,
    4.241088933800010e+01
  ],
  ""type"": ""Point""
}","{
  ""coordinates"": [
    -83.243125734,
    42.410889338
  ],
  ""type"": ""Point""
}",-83.243125734,42.4108893380001
8314,1131239,BRUSH,CONGRESS,2017-09-04,4,9,2017,2,2,5,9,,4,0,,1,1,5,25,2,2,2,3,0,0,1,0,false,,false,false,false,false,false,,,,,,false,false,false,,,false,false,false,false,false,-83.04211,42.33204,"{
  ""coordinates"": [
    -8.304211667899990e+01,
    4.233203352900010e+01
  ],
  ""type"": ""Point""
}","{
  ""coordinates"": [
    -83.042116679,
    42.332033529
  ],
  ""type"": ""Point""
}",-83.0421166789999,42.3320335290001
8315,1124350,E I 94,MOUNT ELLIOTT,2017-09-04,4,9,2017,6,2,8,1,,1,0,,1,1,1,30,3,2,1,5,0,0,0,0,true,,false,false,true,false,false,,,,,,false,false,false,,,false,false,false,false,false,-83.03378,42.37918,"{
  ""coordinates"": [
    -8.303378110300000e+01,
    4.237918062900010e+01
  ],
  ""type"": ""Point""
}","{
  ""coordinates"": [
    -83.033781103,
    42.379180629
  ],
  ""type"": ""Point""
}",-83.033781103,42.3791806290001
8316,1140231,SCHAEFER,KEELER,2017-09-04,4,9,2017,10,2,97,9,,4,0,,1,1,4,25,4,3,6,2,0,1,4,1,false,,true,false,false,true,false,,,,,,false,false,true,,,false,false,false,false,false,-83.17921,42.40391,"{
  ""coordinates"": [
    -8.317920555599990e+01,
    4.240390699200000e+01
  ],
  ""type"": ""Point""
}","{
  ""coordinates"": [
    -83.179205556,
    42.403906992
  ],
  ""type"": ""Point""
}",-83.1792055559999,42.403906992
8317,1125291,SHERWOOD,STRONG,2017-09-04,4,9,2017,3,2,2,9,,,2,,1,1,4,25,2,2,2,4,0,0,0,2,false,,false,false,true,false,false,,,,,,false,false,false,,,false,false,false,false,false,-83.03183,42.38539,"{
  ""coordinates"": [
    -8.303182921099990e+01,
    4.238539295800010e+01
  ],
  ""type"": ""Point""
}","{
  ""coordinates"": [
    -83.031829211,
    42.385392958
  ],
  ""type"": ""Point""
}",-83.0318292109999,42.3853929580001
8318,1124343,RENO,MANNING,2017-09-04,4,9,2017,15,2,98,9,,,0,,1,1,1,25,2,2,0,5,0,0,0,0,true,,false,false,true,false,false,,,,,,false,false,false,,,false,false,false,false,false,-82.98293,42.44206,"{
  ""coordinates"": [
    -8.298293521399999e+01,
    4.244205792400000e+01
  ],
  ""type"": ""Point""
}","{
  ""coordinates"": [
    -82.982935214,
    42.442057924
  ],
  ""type"": ""Point""
}",-82.982935214,42.442057924
8319,1124334,MCNICHOLS,SALEM,2017-09-04,4,9,2017,14,2,4,9,,2,0,,1,1,1,35,4,2,3,5,0,0,0,0,true,,false,false,false,false,false,,,,,,false,false,true,,,false,false,false,false,false,-83.28516,42.4143,"{
  ""coordinates"": [
    -8.328516611799991e+01,
    4.241429619700010e+01
  ],
  ""type"": ""Point""
}","{
  ""coordinates"": [
    -83.285166118,
    42.414296197
  ],
  ""type"": ""Point""
}",-83.2851661179999,42.4142961970001
8320,1124300,N M 10 SERVICE DRIVE,GRAND,2017-09-04,4,9,2017,17,2,4,9,,4,0,,1,1,3,25,3,2,2,4,0,0,0,1,false,,false,false,false,false,false,,,,,,false,false,false,,,false,false,false,false,false,-83.08136,42.3671,"{
  ""coordinates"": [
    -8.308135782900000e+01,
    4.236710221200010e+01
  ],
  ""type"": ""Point""
}","{
  ""coordinates"": [
    -83.081357829,
    42.367102212
  ],
  ""type"": ""Point""
}",-83.081357829,42.3671022120001
8321,1126317,LONYO,E I 94,2017-09-04,4,9,2017,22,2,5,1,,4,0,,1,1,4,30,4,2,2,5,0,0,0,0,true,,false,false,true,false,false,,,,,,false,false,false,,,false,false,false,false,false,-83.14505,42.33129,"{
  ""coordinates"": [
    -8.314505099300000e+01,
    4.233129061600000e+01
  ],
  ""type"": ""Point""
}","{
  ""coordinates"": [
    -83.145050993,
    42.331290616
  ],
  ""type"": ""Point""
}",-83.145050993,42.331290616
8322,1126341,COPLIN,CHANDLER PARK,2017-09-04,4,9,2017,22,2,98,9,,,3,,1,1,5,25,2,2,0,5,0,0,0,0,true,,false,false,true,false,false,,,,,,false,false,false,,,false,false,false,false,false,-82.96731,42.39816,"{
  ""coordinates"": [
    -8.296730997799990e+01,
    4.239816294300000e+01
  ],
  ""type"": ""Point""
}","{
  ""coordinates"": [
    -82.967309978,
    42.398162943
  ],
  ""type"": ""Point""
}",-82.9673099779999,42.398162943
8323,1140142,I 94,BRUSH,2017-09-04,4,9,2017,19,2,5,1,,1,0,,2,4,4,55,3,2,3,5,0,0,0,0,true,,false,false,false,false,false,,,,,,false,true,false,,,false,false,false,false,false,-83.06355,42.36615,"{
  ""coordinates"": [
    -8.306354149000001e+01,
    4.236614936600010e+01
  ],
  ""type"": ""Point""
}","{
  ""coordinates"": [
    -83.06354149,
    42.366149366
  ],
  ""type"": ""Point""
}",-83.06354149,42.3661493660001
8324,1125276,MCKINNEY,HAVERHILL,2017-09-04,4,9,2017,3,2,9,9,,,2,,1,1,4,25,2,2,1,5,0,0,0,0,true,,false,false,false,false,false,,,,,,false,false,false,,,false,false,false,false,false,-82.95036,42.41075,"{
  ""coordinates"": [
    -8.295035958600000e+01,
    4.241075055100000e+01
  ],
  ""type"": ""Point""
}","{
  ""coordinates"": [
    -82.950359586,
    42.410750551
  ],
  ""type"": ""Point""
}",-82.950359586,42.410750551
8325,1183922,MEYERS,CURTIS,2017-09-04,4,9,2017,4,2,5,9,,4,0,,1,1,4,30,2,2,1,5,0,0,0,0,true,,false,false,true,false,false,,,,,,false,false,true,,,false,false,false,false,false,-83.17044,42.42427,"{
  ""coordinates"": [
    -8.317044357200000e+01,
    4.242427616500000e+01
  ],
  ""type"": ""Point""
}","{
  ""coordinates"": [
    -83.170443572,
    42.424276165
  ],
  ""type"": ""Point""
}",-83.170443572,42.424276165
8326,1125259,PATTON,ORANGELAWN,2017-09-04,4,9,2017,22,2,8,9,,,0,,2,4,2,25,2,2,0,5,0,0,0,0,true,,false,false,true,false,false,,,,,,false,false,false,,,false,false,false,false,false,-83.24229,42.36703,"{
  ""coordinates"": [
    -8.324229056099990e+01,
    4.236703341100010e+01
  ],
  ""type"": ""Point""
}","{
  ""coordinates"": [
    -83.242290561,
    42.367033411
  ],
  ""type"": ""Point""
}",-83.2422905609999,42.3670334110001