ObjectId,Crash ID,Primary Road,Intersecting Road,Crash Date,Day,Month,Year,Hour,Weekday,Crash Type Code,Highway Classification Code,Community Code,Jurisdiction Code,Lane Departure Type Code,Surface Type,Road Condition,Weather Condition,Lighting Condition,Speed Limit,Lanes,Units,Occupants,Most Severe Injury,Fatal Injuries,Suspected Serious Injuries,Suspected Minor Injuries,Possible Injuries,Property Damage Only,Secondary Crash,Traffic Control,Red Light Run,Hit and Run,Alcohol,Drugs,Unbelted Person,Work Zone,Speeding Driver,Distracted Driver,Driveway,Pedestrian,Elderly Driver,Young Driver,Commercial Vehicle,Emergency Vehicles,Train,School Bus,Motorcycle,Bicycle,Deer,Longitude,Latitude,geom,geog,x,y
8327,1125287,PURITAN,INDIANA,2017-09-04,4,9,2017,20,2,5,9,,4,0,,2,4,4,30,4,2,1,5,0,0,0,0,true,,false,false,true,false,false,,,,,,false,false,false,,,false,false,false,false,false,-83.15795,42.40974,"{
  ""coordinates"": [
    -8.315794838200000e+01,
    4.240973588400000e+01
  ],
  ""type"": ""Point""
}","{
  ""coordinates"": [
    -83.157948382,
    42.409735884
  ],
  ""type"": ""Point""
}",-83.157948382,42.409735884
8328,1125274,LIVERNOIS,I 75,2017-09-04,4,9,2017,16,2,6,9,,4,0,,1,1,1,25,3,2,2,5,0,0,0,0,true,,false,false,false,false,false,,,,,,false,false,true,,,false,false,false,false,false,-83.1041,42.30751,"{
  ""coordinates"": [
    -8.310410267899989e+01,
    4.230751430800010e+01
  ],
  ""type"": ""Point""
}","{
  ""coordinates"": [
    -83.104102679,
    42.307514308
  ],
  ""type"": ""Point""
}",-83.1041026789999,42.3075143080001
8329,1127122,E I 96,GRAND RIVER,2017-09-04,4,9,2017,18,2,1,1,,1,1,,2,4,1,55,4,1,2,5,0,0,0,0,true,,false,false,false,false,false,,,,,,false,false,false,,,false,false,false,false,false,-83.17619,42.38362,"{
  ""coordinates"": [
    -8.317619580699990e+01,
    4.238362211300010e+01
  ],
  ""type"": ""Point""
}","{
  ""coordinates"": [
    -83.176195807,
    42.383622113
  ],
  ""type"": ""Point""
}",-83.1761958069999,42.3836221130001
8330,1124309,CLAY,ST AUBIN,2017-09-04,4,9,2017,2,2,1,9,,4,1,,1,1,5,30,2,1,1,5,0,0,0,0,true,,false,false,false,false,false,,,,,,false,false,false,,,false,false,false,false,false,-83.0562,42.38081,"{
  ""coordinates"": [
    -8.305619703799989e+01,
    4.238081132000010e+01
  ],
  ""type"": ""Point""
}","{
  ""coordinates"": [
    -83.056197038,
    42.38081132
  ],
  ""type"": ""Point""
}",-83.0561970379999,42.3808113200001
8331,1130446,I94,CADIUEX,2017-09-04,4,9,2017,0,2,1,1,,1,0,,1,1,4,55,3,1,1,5,0,0,0,0,true,,false,false,false,false,false,,,,,,false,false,false,,,false,false,false,false,false,-82.93278,42.41976,"{
  ""coordinates"": [
    -8.293277855600000e+01,
    4.241975881300000e+01
  ],
  ""type"": ""Point""
}","{
  ""coordinates"": [
    -82.932778556,
    42.419758813
  ],
  ""type"": ""Point""
}",-82.932778556,42.419758813
8332,1124304,PLYMOUTH,SUSSEX,2017-09-04,4,9,2017,18,2,4,9,,4,0,,2,4,4,35,4,2,1,3,0,0,1,0,false,,false,false,true,false,false,,,,,,false,false,false,,,false,false,false,false,false,-83.19427,42.37266,"{
  ""coordinates"": [
    -8.319426850000001e+01,
    4.237265989500000e+01
  ],
  ""type"": ""Point""
}","{
  ""coordinates"": [
    -83.1942685,
    42.372659895
  ],
  ""type"": ""Point""
}",-83.1942685,42.372659895
8333,1128354,GUNSTON,FINDLAY,2017-09-04,4,9,2017,19,2,1,3,,1,0,,2,4,1,30,2,1,2,4,0,0,0,1,false,,false,false,false,false,false,,,,,,false,false,false,,,false,false,false,false,false,-82.99911,42.41396,"{
  ""coordinates"": [
    -8.299911541599990e+01,
    4.241396259400010e+01
  ],
  ""type"": ""Point""
}","{
  ""coordinates"": [
    -82.999115416,
    42.413962594
  ],
  ""type"": ""Point""
}",-82.9991154159999,42.4139625940001
8334,1127178,SOUTHFIELD SERVICE DRIVE,MCNICHOLS,2017-09-04,4,9,2017,2,2,5,9,,4,0,,1,1,4,55,3,2,3,5,0,0,0,0,true,,false,false,false,false,false,,,,,,false,false,false,,,false,false,false,false,false,-83.21922,42.4156,"{
  ""coordinates"": [
    -8.321922277100001e+01,
    4.241560272300010e+01
  ],
  ""type"": ""Point""
}","{
  ""coordinates"": [
    -83.219222771,
    42.415602723
  ],
  ""type"": ""Point""
}",-83.219222771,42.4156027230001
8335,1124332,WINTHROP,KEELER,2017-09-04,4,9,2017,22,2,5,9,,,0,,2,1,5,25,2,2,1,5,0,0,0,0,true,,false,false,false,false,false,,,,,,false,false,false,,,false,false,false,false,false,-83.20023,42.40314,"{
  ""coordinates"": [
    -8.320023219500000e+01,
    4.240314436400010e+01
  ],
  ""type"": ""Point""
}","{
  ""coordinates"": [
    -83.200232195,
    42.403144364
  ],
  ""type"": ""Point""
}",-83.200232195,42.4031443640001
8336,1124311,PANAMA,PROCTOR,2017-09-04,4,9,2017,20,2,8,9,,,0,,2,4,4,25,5,2,1,5,0,0,0,0,true,,false,false,true,false,false,,,,,,false,false,false,,,false,false,false,false,false,-83.13825,42.33456,"{
  ""coordinates"": [
    -8.313824939900000e+01,
    4.233455783200000e+01
  ],
  ""type"": ""Point""
}","{
  ""coordinates"": [
    -83.138249399,
    42.334557832
  ],
  ""type"": ""Point""
}",-83.138249399,42.334557832
8337,1129330,7 MILE,EUREKA,2017-09-04,4,9,2017,7,2,4,9,,4,0,,2,4,4,35,2,2,2,5,0,0,0,0,true,,false,false,true,false,false,,,,,,false,false,true,,,false,false,false,false,false,-83.05801,42.43325,"{
  ""coordinates"": [
    -8.305801426700000e+01,
    4.243324815400010e+01
  ],
  ""type"": ""Point""
}","{
  ""coordinates"": [
    -83.058014267,
    42.433248154
  ],
  ""type"": ""Point""
}",-83.058014267,42.4332481540001
8338,1124315,N I 75,DRAGOON,2017-09-04,4,9,2017,20,2,5,1,,1,0,,2,4,3,65,3,2,1,5,0,0,0,0,true,,false,false,true,false,false,,,,,,false,false,false,,,false,false,false,false,false,-83.10278,42.30832,"{
  ""coordinates"": [
    -8.310278383100000e+01,
    4.230831509300000e+01
  ],
  ""type"": ""Point""
}","{
  ""coordinates"": [
    -83.102783831,
    42.308315093
  ],
  ""type"": ""Point""
}",-83.102783831,42.308315093
8339,1124326,GRATIOT,GEORGIA,2017-09-04,4,9,2017,13,2,97,3,,1,0,,1,1,1,35,7,3,3,4,0,0,0,1,false,,false,false,false,false,false,,,,,,false,false,true,,,false,false,false,false,false,-83.00349,42.39576,"{
  ""coordinates"": [
    -8.300348370499999e+01,
    4.239576286200000e+01
  ],
  ""type"": ""Point""
}","{
  ""coordinates"": [
    -83.003483705,
    42.395762862
  ],
  ""type"": ""Point""
}",-83.003483705,42.395762862
8340,1124323,SCHOOLCRAFT,MEMORIAL,2017-09-04,4,9,2017,12,2,8,9,,2,0,,1,2,1,30,6,2,3,5,0,0,0,0,true,,false,false,false,false,false,,,,,,false,false,true,,,false,false,false,false,false,-83.2126,42.38678,"{
  ""coordinates"": [
    -8.321260397600000e+01,
    4.238678320700010e+01
  ],
  ""type"": ""Point""
}","{
  ""coordinates"": [
    -83.212603976,
    42.386783207
  ],
  ""type"": ""Point""
}",-83.212603976,42.3867832070001
8341,1124303,LITTLEFIELD,PLYMOUTH,2017-09-04,4,9,2017,4,2,97,9,,,0,,1,1,4,25,2,3,1,5,0,0,0,0,true,,false,false,true,true,false,,,,,,false,false,false,,,false,false,false,false,false,-83.17553,42.37241,"{
  ""coordinates"": [
    -8.317552698299990e+01,
    4.237240471300000e+01
  ],
  ""type"": ""Point""
}","{
  ""coordinates"": [
    -83.175526983,
    42.372404713
  ],
  ""type"": ""Point""
}",-83.1755269829999,42.372404713
8342,1124329,OUTER,CHAPEL,2017-09-04,4,9,2017,15,2,4,9,,2,0,,1,1,1,35,4,2,3,3,0,0,1,2,false,,true,false,true,false,false,,,,,,false,false,false,,,false,false,false,false,false,-83.25312,42.39759,"{
  ""coordinates"": [
    -8.325312339700000e+01,
    4.239759295200000e+01
  ],
  ""type"": ""Point""
}","{
  ""coordinates"": [
    -83.253123397,
    42.397592952
  ],
  ""type"": ""Point""
}",-83.253123397,42.397592952
8343,1128370,LINWOOD,MIDLAND,2017-09-04,4,9,2017,13,2,5,9,,4,0,,1,1,1,25,2,2,3,5,0,0,0,0,true,,false,false,false,false,false,,,,,,false,false,false,,,false,false,false,false,false,-83.12746,42.40654,"{
  ""coordinates"": [
    -8.312745409599999e+01,
    4.240654079600010e+01
  ],
  ""type"": ""Point""
}","{
  ""coordinates"": [
    -83.127454096,
    42.406540796
  ],
  ""type"": ""Point""
}",-83.127454096,42.4065407960001
8344,1129336,PICKFORD,MEYERS,2017-09-04,4,9,2017,16,2,4,9,,,0,,1,1,1,30,2,2,2,3,0,0,1,0,false,,true,false,false,false,false,,,,,,false,false,false,,,false,false,true,false,false,-83.17049,42.42583,"{
  ""coordinates"": [
    -8.317049728700000e+01,
    4.242583196400010e+01
  ],
  ""type"": ""Point""
}","{
  ""coordinates"": [
    -83.170497287,
    42.425831964
  ],
  ""type"": ""Point""
}",-83.170497287,42.4258319640001
8345,1124337,ALCOY,STATE FAIR,2017-09-04,4,9,2017,0,2,4,9,,,0,,1,1,4,25,2,2,3,5,0,0,0,0,true,,true,false,true,false,false,,,,,,false,false,false,,,false,false,false,false,false,-82.98904,42.4421,"{
  ""coordinates"": [
    -8.298903463499990e+01,
    4.244210605400010e+01
  ],
  ""type"": ""Point""
}","{
  ""coordinates"": [
    -82.989034635,
    42.442106054
  ],
  ""type"": ""Point""
}",-82.9890346349999,42.4421060540001
8346,1123505,MOUNT ELLIOTT,KIRBY,2017-09-04,4,9,2017,4,2,5,9,,4,0,,1,1,4,30,4,3,2,4,0,0,0,1,false,,false,false,false,false,false,,,,,,false,false,true,,,false,false,false,false,false,-83.02978,42.37372,"{
  ""coordinates"": [
    -8.302977656199990e+01,
    4.237372227900000e+01
  ],
  ""type"": ""Point""
}","{
  ""coordinates"": [
    -83.029776562,
    42.373722279
  ],
  ""type"": ""Point""
}",-83.0297765619999,42.373722279
8347,1145999,DAVISON,RAMP 047E,2017-09-04,4,9,2017,19,2,8,9,,4,0,,2,4,3,55,2,2,2,5,0,0,0,0,true,,false,false,false,false,false,,,,,,false,false,false,,,false,false,false,false,false,-83.08015,42.40884,"{
  ""coordinates"": [
    -8.308015365200001e+01,
    4.240883706100000e+01
  ],
  ""type"": ""Point""
}","{
  ""coordinates"": [
    -83.080153652,
    42.408837061
  ],
  ""type"": ""Point""
}",-83.080153652,42.408837061
8348,1143683,W I 94,RAMP 216H,2017-09-04,4,9,2017,18,2,5,1,,1,0,,2,4,1,70,4,2,3,5,0,0,0,0,true,,false,false,false,false,false,,,,,,false,false,true,,,false,false,false,false,false,-83.06023,42.36748,"{
  ""coordinates"": [
    -8.306022764700000e+01,
    4.236747733000000e+01
  ],
  ""type"": ""Point""
}","{
  ""coordinates"": [
    -83.060227647,
    42.36747733
  ],
  ""type"": ""Point""
}",-83.060227647,42.36747733
8349,1124272,E I 96,RAMP 213K,2017-09-04,4,9,2017,15,2,8,1,,1,0,,1,1,1,70,4,2,1,5,0,0,0,0,true,,false,false,true,false,false,,,,,,false,false,false,,,false,false,false,false,false,-83.09955,42.35039,"{
  ""coordinates"": [
    -8.309954567599991e+01,
    4.235038748200000e+01
  ],
  ""type"": ""Point""
}","{
  ""coordinates"": [
    -83.099545676,
    42.350387482
  ],
  ""type"": ""Point""
}",-83.0995456759999,42.350387482
8350,1128358,ELMHURST,WOODROW WILSON,2017-09-04,4,9,2017,3,2,97,9,,4,3,,1,1,4,25,1,2,3,5,0,0,0,0,true,,false,false,false,false,false,,,,,,false,false,false,,,false,false,false,false,false,-83.10515,42.3891,"{
  ""coordinates"": [
    -8.310515186799999e+01,
    4.238909791700010e+01
  ],
  ""type"": ""Point""
}","{
  ""coordinates"": [
    -83.105151868,
    42.389097917
  ],
  ""type"": ""Point""
}",-83.105151868,42.3890979170001
8351,1131262,PROMENADE,GUNSTON,2017-09-04,4,9,2017,15,2,98,9,,,0,,1,1,1,25,1,2,0,5,0,0,0,0,true,,false,false,true,false,false,,,,,,false,false,false,,,false,false,false,false,false,-82.99268,42.40636,"{
  ""coordinates"": [
    -8.299267701100000e+01,
    4.240636463600000e+01
  ],
  ""type"": ""Point""
}","{
  ""coordinates"": [
    -82.992677011,
    42.406364636
  ],
  ""type"": ""Point""
}",-82.992677011,42.406364636
8352,1125238,AMERICAN,GARDEN,2017-09-04,4,9,2017,21,2,1,9,,,0,,1,1,4,25,2,1,1,4,0,0,0,1,false,,false,false,false,false,false,,,,,,false,false,true,,,false,false,false,false,false,-83.14404,42.35423,"{
  ""coordinates"": [
    -8.314403937199999e+01,
    4.235422375700010e+01
  ],
  ""type"": ""Point""
}","{
  ""coordinates"": [
    -83.144039372,
    42.354223757
  ],
  ""type"": ""Point""
}",-83.144039372,42.3542237570001
8353,1125277,DICKERSON,JANE,2017-09-04,4,9,2017,20,2,4,9,,4,0,,2,4,3,25,2,2,4,5,0,0,0,0,true,,true,false,false,true,false,,,,,,false,false,false,,,false,false,false,false,false,-82.98262,42.41723,"{
  ""coordinates"": [
    -8.298261751400000e+01,
    4.241723180100010e+01
  ],
  ""type"": ""Point""
}","{
  ""coordinates"": [
    -82.982617514,
    42.417231801
  ],
  ""type"": ""Point""
}",-82.982617514,42.4172318010001
8354,1124336,GRATIOT,OUTER,2017-09-04,4,9,2017,12,2,4,3,,1,0,,1,1,1,35,7,2,4,4,0,0,0,2,false,,false,false,false,false,false,,,,,,false,false,false,,,false,false,false,false,false,-82.99653,42.40639,"{
  ""coordinates"": [
    -8.299652763400000e+01,
    4.240639298800010e+01
  ],
  ""type"": ""Point""
}","{
  ""coordinates"": [
    -82.996527634,
    42.406392988
  ],
  ""type"": ""Point""
}",-82.996527634,42.4063929880001
8355,1140208,N/B I-75,VERNOR,2017-09-04,4,9,2017,18,2,1,1,,1,1,,2,4,97,55,3,1,1,5,0,0,0,0,true,,false,false,false,false,false,,,,,,false,false,true,,,false,false,false,false,false,-83.08371,42.32526,"{
  ""coordinates"": [
    -8.308371040199999e+01,
    4.232526184700000e+01
  ],
  ""type"": ""Point""
}","{
  ""coordinates"": [
    -83.083710402,
    42.325261847
  ],
  ""type"": ""Point""
}",-83.083710402,42.325261847
8356,1124274,S M 39,E I 96,2017-09-04,4,9,2017,19,2,8,3,,1,0,,2,4,97,55,3,2,2,5,0,0,0,0,true,,false,false,false,false,false,,,,,,false,false,false,,,false,false,false,false,false,-83.2171,42.37866,"{
  ""coordinates"": [
    -8.321709984400000e+01,
    4.237866022200010e+01
  ],
  ""type"": ""Point""
}","{
  ""coordinates"": [
    -83.217099844,
    42.378660222
  ],
  ""type"": ""Point""
}",-83.217099844,42.3786602220001
8357,1124341,CHANDLER PARK,HEREFORD,2017-09-03,3,9,2017,4,1,4,9,,2,0,,1,1,4,25,2,2,2,2,0,1,0,1,false,,false,false,false,false,false,,,,,,false,false,false,,,false,false,false,false,false,-82.92683,42.41321,"{
  ""coordinates"": [
    -8.292682355999990e+01,
    4.241321119000000e+01
  ],
  ""type"": ""Point""
}","{
  ""coordinates"": [
    -82.92682356,
    42.41321119
  ],
  ""type"": ""Point""
}",-82.9268235599999,42.41321119
8358,1127142,I-75,HOLBROOK,2017-09-03,3,9,2017,7,1,1,1,,1,1,,2,1,1,70,4,1,1,5,0,0,0,0,true,,false,false,false,false,false,,,,,,false,false,false,,,false,false,false,false,false,-83.06972,42.39069,"{
  ""coordinates"": [
    -8.306971445900000e+01,
    4.239068892600010e+01
  ],
  ""type"": ""Point""
}","{
  ""coordinates"": [
    -83.069714459,
    42.390688926
  ],
  ""type"": ""Point""
}",-83.069714459,42.3906889260001
8359,1177707,BEACONSFIELD,YORKSHIRE,2017-09-03,3,9,2017,23,1,9,9,,,0,,1,1,5,25,2,2,0,5,0,0,0,0,true,,false,false,false,false,false,,,,,,false,false,false,,,false,false,false,false,false,-82.95053,42.4181,"{
  ""coordinates"": [
    -8.295053363700001e+01,
    4.241810341800000e+01
  ],
  ""type"": ""Point""
}","{
  ""coordinates"": [
    -82.950533637,
    42.418103418
  ],
  ""type"": ""Point""
}",-82.950533637,42.418103418
8360,1123535,WINCHESTER,HARNED,2017-09-03,3,9,2017,18,1,8,9,,,0,,1,1,1,25,2,2,2,5,0,0,0,0,true,,false,false,true,false,false,,,,,,false,true,false,,,false,false,false,false,false,-83.07396,42.44508,"{
  ""coordinates"": [
    -8.307395950999999e+01,
    4.244507891100010e+01
  ],
  ""type"": ""Point""
}","{
  ""coordinates"": [
    -83.07395951,
    42.445078911
  ],
  ""type"": ""Point""
}",-83.07395951,42.4450789110001
8361,1124321,TRINITY,DAVISON,2017-09-03,3,9,2017,22,1,10,9,,,0,,1,1,4,25,1,2,1,5,0,0,0,0,true,,false,false,true,false,false,,,,,,false,false,true,,,false,false,false,false,false,-83.24763,42.38334,"{
  ""coordinates"": [
    -8.324763336599990e+01,
    4.238333556600000e+01
  ],
  ""type"": ""Point""
}","{
  ""coordinates"": [
    -83.247633366,
    42.383335566
  ],
  ""type"": ""Point""
}",-83.2476333659999,42.383335566
8362,1128357,LIVERNOIS,JEFFRIES,2017-09-03,3,9,2017,21,1,5,9,,4,0,,1,1,4,35,5,2,4,5,0,0,0,0,true,,false,false,false,false,false,,,,,,false,false,true,,,false,false,false,false,false,-83.13876,42.36777,"{
  ""coordinates"": [
    -8.313876257200000e+01,
    4.236777658500010e+01
  ],
  ""type"": ""Point""
}","{
  ""coordinates"": [
    -83.138762572,
    42.367776585
  ],
  ""type"": ""Point""
}",-83.138762572,42.3677765850001
8363,1124344,LIVERNOIS,DORIS,2017-09-03,3,9,2017,9,1,97,9,,4,0,,1,1,1,35,4,2,2,5,0,0,0,0,true,,false,false,false,false,false,,,,,,false,false,false,,,false,false,false,false,false,-83.13972,42.39342,"{
  ""coordinates"": [
    -8.313972025100000e+01,
    4.239342268100010e+01
  ],
  ""type"": ""Point""
}","{
  ""coordinates"": [
    -83.139720251,
    42.393422681
  ],
  ""type"": ""Point""
}",-83.139720251,42.3934226810001
8364,1123480,MONTCALM,BRUSH,2017-09-03,3,9,2017,13,1,5,9,,4,0,,1,1,1,15,2,2,3,5,0,0,0,0,true,,false,false,true,false,false,,,,,,false,false,false,,,false,false,false,false,false,-83.04718,42.34129,"{
  ""coordinates"": [
    -8.304717711399999e+01,
    4.234129246400000e+01
  ],
  ""type"": ""Point""
}","{
  ""coordinates"": [
    -83.047177114,
    42.341292464
  ],
  ""type"": ""Point""
}",-83.047177114,42.341292464
8365,1124302,PREST,PILGRIM,2017-09-03,3,9,2017,18,1,4,9,,,3,,1,1,1,25,2,2,0,5,0,0,0,0,true,,false,false,true,false,false,,,,,,false,false,false,,,false,false,false,false,false,-83.19775,42.4071,"{
  ""coordinates"": [
    -8.319775082800000e+01,
    4.240710014700010e+01
  ],
  ""type"": ""Point""
}","{
  ""coordinates"": [
    -83.197750828,
    42.407100147
  ],
  ""type"": ""Point""
}",-83.197750828,42.4071001470001
8366,1124317,HARVARD,WARREN,2017-09-03,3,9,2017,18,1,5,9,,,0,,1,1,1,25,2,2,8,5,0,0,0,0,true,,false,false,false,false,false,,,,,,false,true,false,,,false,false,false,false,false,-82.93088,42.4057,"{
  ""coordinates"": [
    -8.293087701699990e+01,
    4.240569564700010e+01
  ],
  ""type"": ""Point""
}","{
  ""coordinates"": [
    -82.930877017,
    42.405695647
  ],
  ""type"": ""Point""
}",-82.9308770169999,42.4056956470001
8367,1125252,FORT,SCHAEFER,2017-09-03,3,9,2017,17,1,8,3,,1,0,,1,1,1,0,4,2,3,5,0,0,0,0,true,,false,false,false,false,false,,,,,,false,false,false,,,false,false,false,false,false,-83.15537,42.27652,"{
  ""coordinates"": [
    -8.315536993500000e+01,
    4.227652417600010e+01
  ],
  ""type"": ""Point""
}","{
  ""coordinates"": [
    -83.155369935,
    42.276524176
  ],
  ""type"": ""Point""
}",-83.155369935,42.2765241760001
8368,1123533,REVERE,WINCHESTER,2017-09-03,3,9,2017,22,1,5,9,,,0,,1,1,4,25,1,2,1,3,0,0,1,0,false,,false,false,false,false,false,,,,,,false,false,false,,,false,false,false,false,false,-83.06888,42.44403,"{
  ""coordinates"": [
    -8.306887836999989e+01,
    4.244402762900010e+01
  ],
  ""type"": ""Point""
}","{
  ""coordinates"": [
    -83.06887837,
    42.444027629
  ],
  ""type"": ""Point""
}",-83.0688783699999,42.4440276290001
8369,1127227,N M 10,MCNICHOLS,2017-09-03,3,9,2017,14,1,8,3,,1,0,,1,1,1,35,2,2,2,5,0,0,0,0,true,,false,false,false,false,false,,,,,,false,true,false,,,false,false,false,false,false,-83.17204,42.41662,"{
  ""coordinates"": [
    -8.317203437599990e+01,
    4.241662405100000e+01
  ],
  ""type"": ""Point""
}","{
  ""coordinates"": [
    -83.172034376,
    42.416624051
  ],
  ""type"": ""Point""
}",-83.1720343759999,42.416624051
8370,1123523,SAINT MARYS,GRAND RIVER,2017-09-03,3,9,2017,19,1,3,3,,4,0,,1,1,1,25,2,2,3,4,0,0,0,2,false,,false,false,false,false,false,,,,,,false,false,false,,,false,false,false,false,false,-83.20639,42.3961,"{
  ""coordinates"": [
    -8.320639053600000e+01,
    4.239610324800000e+01
  ],
  ""type"": ""Point""
}","{
  ""coordinates"": [
    -83.206390536,
    42.396103248
  ],
  ""type"": ""Point""
}",-83.206390536,42.396103248
8371,1123475,7 MILE,STRASBURG,2017-09-03,3,9,2017,13,1,8,9,,4,0,,1,1,1,25,2,2,0,5,0,0,0,0,true,,false,false,true,false,false,,,,,,false,false,false,,,false,false,false,false,false,-82.99852,42.43462,"{
  ""coordinates"": [
    -8.299851873599989e+01,
    4.243461581000000e+01
  ],
  ""type"": ""Point""
}","{
  ""coordinates"": [
    -82.998518736,
    42.43461581
  ],
  ""type"": ""Point""
}",-82.9985187359999,42.43461581
8372,1125285,LIVERNOIS,PICKFORD,2017-09-03,3,9,2017,2,1,97,9,,4,0,,1,1,4,30,2,2,0,5,0,0,0,0,true,,false,false,true,false,false,,,,,,true,false,false,,,false,false,false,false,false,-83.14113,42.42603,"{
  ""coordinates"": [
    -8.314112506700000e+01,
    4.242602716000000e+01
  ],
  ""type"": ""Point""
}","{
  ""coordinates"": [
    -83.141125067,
    42.42602716
  ],
  ""type"": ""Point""
}",-83.141125067,42.42602716
8373,1127215,PELKEY,7 MILE,2017-09-03,3,9,2017,13,1,8,9,,,0,,1,1,1,35,4,2,1,5,0,0,0,0,true,,false,false,true,false,false,,,,,,false,false,false,,,false,false,false,false,false,-82.98634,42.4349,"{
  ""coordinates"": [
    -8.298634059100000e+01,
    4.243490003000010e+01
  ],
  ""type"": ""Point""
}","{
  ""coordinates"": [
    -82.986340591,
    42.43490003
  ],
  ""type"": ""Point""
}",-82.986340591,42.4349000300001
8374,1123506,SOBIESKI,JUSTINE,2017-09-03,3,9,2017,17,1,6,9,,,0,,1,1,1,25,1,2,1,5,0,0,0,0,true,,false,false,false,false,false,,,,,,false,false,false,,,false,false,false,false,false,-83.05598,42.41009,"{
  ""coordinates"": [
    -8.305598819700000e+01,
    4.241009313500010e+01
  ],
  ""type"": ""Point""
}","{
  ""coordinates"": [
    -83.055988197,
    42.410093135
  ],
  ""type"": ""Point""
}",-83.055988197,42.4100931350001
8375,1135374,I-75,GRATIOT,2017-09-03,3,9,2017,12,1,8,1,,1,0,,1,1,1,55,4,2,2,4,0,0,0,2,false,,false,false,false,false,false,,,,,,false,false,false,,,false,false,false,false,false,-83.04172,42.34046,"{
  ""coordinates"": [
    -8.304171425899990e+01,
    4.234046199200000e+01
  ],
  ""type"": ""Point""
}","{
  ""coordinates"": [
    -83.041714259,
    42.340461992
  ],
  ""type"": ""Point""
}",-83.0417142589999,42.340461992
8376,1123541,7 MILE,FENMORE,2017-09-03,3,9,2017,20,1,8,9,,2,0,,1,1,4,35,4,2,2,5,0,0,0,0,true,,false,false,true,false,false,,,,,,false,false,false,,,false,false,false,false,false,-83.21739,42.43007,"{
  ""coordinates"": [
    -8.321739303500000e+01,
    4.243007339100010e+01
  ],
  ""type"": ""Point""
}","{
  ""coordinates"": [
    -83.217393035,
    42.430073391
  ],
  ""type"": ""Point""
}",-83.217393035,42.4300733910001
8377,1123486,CENTRAL,SENATOR,2017-09-03,3,9,2017,14,1,8,9,,4,0,,1,1,1,25,2,2,1,5,0,0,0,0,true,,false,false,false,false,false,,,,,,false,false,false,,,false,false,false,false,false,-83.12338,42.31135,"{
  ""coordinates"": [
    -8.312338272100000e+01,
    4.231134893000010e+01
  ],
  ""type"": ""Point""
}","{
  ""coordinates"": [
    -83.123382721,
    42.31134893
  ],
  ""type"": ""Point""
}",-83.123382721,42.3113489300001
8378,1127146,M-39,SCHOOLCRAFT,2017-09-03,3,9,2017,13,1,5,3,,1,0,,1,1,1,55,3,3,5,5,0,0,0,0,true,,false,false,false,false,false,,,,,,false,true,false,,,false,false,false,false,false,-83.21761,42.38817,"{
  ""coordinates"": [
    -8.321760565400000e+01,
    4.238816800100010e+01
  ],
  ""type"": ""Point""
}","{
  ""coordinates"": [
    -83.217605654,
    42.388168001
  ],
  ""type"": ""Point""
}",-83.217605654,42.3881680010001
8379,1146261,GREENFIELD,PICKFORD,2017-09-03,3,9,2017,15,1,1,9,,2,0,,1,1,1,35,3,2,1,3,0,0,1,0,false,,false,false,true,false,false,,,,,,false,false,false,,,false,false,false,true,false,-83.19965,42.425,"{
  ""coordinates"": [
    -8.319965688600000e+01,
    4.242500283000000e+01
  ],
  ""type"": ""Point""
}","{
  ""coordinates"": [
    -83.199656886,
    42.42500283
  ],
  ""type"": ""Point""
}",-83.199656886,42.42500283
8380,1124271,I-94,MT ELLIOT,2017-09-03,3,9,2017,2,1,1,1,,1,1,,1,1,4,55,3,1,1,5,0,0,0,0,true,,false,false,false,false,false,,,,,,false,false,true,,,false,false,false,false,false,-83.03532,42.37835,"{
  ""coordinates"": [
    -8.303532016100000e+01,
    4.237835011500000e+01
  ],
  ""type"": ""Point""
}","{
  ""coordinates"": [
    -83.035320161,
    42.378350115
  ],
  ""type"": ""Point""
}",-83.035320161,42.378350115
8381,1123531,PROMENADE,PHILLIP,2017-09-03,3,9,2017,17,1,8,9,,,0,,1,1,1,25,2,2,2,5,0,0,0,0,true,,false,false,true,false,false,,,,,,false,false,false,,,false,false,false,false,false,-82.96311,42.41296,"{
  ""coordinates"": [
    -8.296311042799989e+01,
    4.241296205300010e+01
  ],
  ""type"": ""Point""
}","{
  ""coordinates"": [
    -82.963110428,
    42.412962053
  ],
  ""type"": ""Point""
}",-82.9631104279999,42.4129620530001
8382,1123527,CIRCLE,8 MILE,2017-09-03,3,9,2017,11,1,5,3,,1,0,,1,1,1,25,2,3,3,5,0,0,0,0,true,,false,false,false,false,false,,,,,,false,false,false,,,false,false,false,false,false,-83.21725,42.44419,"{
  ""coordinates"": [
    -8.321725160499990e+01,
    4.244419035500000e+01
  ],
  ""type"": ""Point""
}","{
  ""coordinates"": [
    -83.217251605,
    42.444190355
  ],
  ""type"": ""Point""
}",-83.2172516049999,42.444190355
8383,1124318,MONTCLAIR,GOETHE,2017-09-03,3,9,2017,22,1,97,9,,,0,,1,1,4,25,2,2,1,2,0,2,0,0,false,,false,false,false,false,false,,,,,,true,false,false,,,false,false,false,false,false,-82.98277,42.37487,"{
  ""coordinates"": [
    -8.298277604600000e+01,
    4.237486926800010e+01
  ],
  ""type"": ""Point""
}","{
  ""coordinates"": [
    -82.982776046,
    42.374869268
  ],
  ""type"": ""Point""
}",-82.982776046,42.3748692680001