ObjectId,Crash ID,Primary Road,Intersecting Road,Crash Date,Day,Month,Year,Hour,Weekday,Crash Type Code,Highway Classification Code,Community Code,Jurisdiction Code,Lane Departure Type Code,Surface Type,Road Condition,Weather Condition,Lighting Condition,Speed Limit,Lanes,Units,Occupants,Most Severe Injury,Fatal Injuries,Suspected Serious Injuries,Suspected Minor Injuries,Possible Injuries,Property Damage Only,Secondary Crash,Traffic Control,Red Light Run,Hit and Run,Alcohol,Drugs,Unbelted Person,Work Zone,Speeding Driver,Distracted Driver,Driveway,Pedestrian,Elderly Driver,Young Driver,Commercial Vehicle,Emergency Vehicles,Train,School Bus,Motorcycle,Bicycle,Deer,Longitude,Latitude,geom,geog,x,y
8384,1123476,CHEYENNE,ELLIS,2017-09-03,3,9,2017,21,1,8,9,,,0,,1,1,5,25,1,2,0,5,0,0,0,0,true,,true,false,true,false,false,,,,,,false,false,false,,,false,false,false,false,false,-83.17387,42.36088,"{
  ""coordinates"": [
    -8.317386565600000e+01,
    4.236087659000000e+01
  ],
  ""type"": ""Point""
}","{
  ""coordinates"": [
    -83.173865656,
    42.36087659
  ],
  ""type"": ""Point""
}",-83.173865656,42.36087659
8385,1123485,GREEN,LEXINGTON,2017-09-03,3,9,2017,16,1,5,9,,4,0,,1,1,1,25,4,2,3,5,0,0,0,0,true,,false,false,false,false,false,,,,,,false,false,false,,,false,false,false,false,false,-83.11507,42.30524,"{
  ""coordinates"": [
    -8.311507642700001e+01,
    4.230524037300010e+01
  ],
  ""type"": ""Point""
}","{
  ""coordinates"": [
    -83.115076427,
    42.305240373
  ],
  ""type"": ""Point""
}",-83.115076427,42.3052403730001
8386,1127145,E I 96,GREENFIELD,2017-09-03,3,9,2017,12,1,8,1,,1,0,,1,1,1,70,5,2,6,5,0,0,0,0,true,,false,false,false,false,false,,,,,,false,false,false,,,false,false,false,false,false,-83.19846,42.37907,"{
  ""coordinates"": [
    -8.319845755900000e+01,
    4.237906684400010e+01
  ],
  ""type"": ""Point""
}","{
  ""coordinates"": [
    -83.198457559,
    42.379066844
  ],
  ""type"": ""Point""
}",-83.198457559,42.3790668440001
8387,1124331,SEVEN MILE,FERGUSON,2017-09-03,3,9,2017,23,1,8,9,,2,0,,1,1,4,35,4,2,2,5,0,0,0,0,true,,false,false,false,false,false,,,,,,false,false,false,,,false,false,false,false,false,-83.2108,42.43026,"{
  ""coordinates"": [
    -8.321080258099990e+01,
    4.243025819500010e+01
  ],
  ""type"": ""Point""
}","{
  ""coordinates"": [
    -83.210802581,
    42.430258195
  ],
  ""type"": ""Point""
}",-83.2108025809999,42.4302581950001
8388,1123504,JEFFERSON,FISKE,2017-09-03,3,9,2017,20,1,8,9,,4,0,,1,1,3,35,9,2,2,3,0,0,1,0,false,,false,false,false,false,false,,,,,,false,false,false,,,false,false,false,false,false,-82.98707,42.35688,"{
  ""coordinates"": [
    -8.298707078699989e+01,
    4.235687906000000e+01
  ],
  ""type"": ""Point""
}","{
  ""coordinates"": [
    -82.987070787,
    42.35687906
  ],
  ""type"": ""Point""
}",-82.9870707869999,42.35687906
8389,1123530,GLENFIELD,DICKERSON,2017-09-03,3,9,2017,19,1,8,9,,,0,,1,1,1,25,2,2,2,3,0,0,1,0,false,,false,false,false,false,false,,,,,,false,false,false,,,false,false,true,false,false,-82.98138,42.41471,"{
  ""coordinates"": [
    -8.298137732100000e+01,
    4.241471208500010e+01
  ],
  ""type"": ""Point""
}","{
  ""coordinates"": [
    -82.981377321,
    42.414712085
  ],
  ""type"": ""Point""
}",-82.981377321,42.4147120850001
8390,1127143,I-96,GREENFIELD,2017-09-03,3,9,2017,7,1,1,1,,1,1,,2,2,1,70,3,1,1,4,0,0,0,1,false,,false,false,false,false,false,,,,,,false,false,true,,,false,false,false,false,false,-83.19608,42.37925,"{
  ""coordinates"": [
    -8.319608244599991e+01,
    4.237925091000010e+01
  ],
  ""type"": ""Point""
}","{
  ""coordinates"": [
    -83.196082446,
    42.37925091
  ],
  ""type"": ""Point""
}",-83.1960824459999,42.3792509100001
8391,1124310,N I 75,GRAND RIVER,2017-09-03,3,9,2017,23,1,5,1,,1,0,,1,1,4,35,3,2,3,5,0,0,0,0,true,,false,false,false,false,false,,,,,,false,false,false,,,false,false,false,false,false,-83.05898,42.33657,"{
  ""coordinates"": [
    -8.305897883900001e+01,
    4.233656625200010e+01
  ],
  ""type"": ""Point""
}","{
  ""coordinates"": [
    -83.058978839,
    42.336566252
  ],
  ""type"": ""Point""
}",-83.058978839,42.3365662520001
8392,1123521,MCNICHOLS,SOUTHFIELD SERVICE,2017-09-03,3,9,2017,6,1,4,9,,2,0,,1,1,1,35,5,2,1,2,0,1,0,0,false,,true,true,true,false,false,,,,,,false,false,false,,,false,false,false,false,false,-83.2194,42.41554,"{
  ""coordinates"": [
    -8.321940051099990e+01,
    4.241554230100010e+01
  ],
  ""type"": ""Point""
}","{
  ""coordinates"": [
    -83.219400511,
    42.415542301
  ],
  ""type"": ""Point""
}",-83.2194005109999,42.4155423010001
8393,1124301,NORTHLAWN,GRAND RIVER,2017-09-03,3,9,2017,1,1,98,9,,,3,,1,98,5,0,2,2,0,5,0,0,0,0,true,,false,false,true,false,false,,,,,,false,false,false,,,false,false,false,false,false,-83.15271,42.37368,"{
  ""coordinates"": [
    -8.315270759000001e+01,
    4.237367821700010e+01
  ],
  ""type"": ""Point""
}","{
  ""coordinates"": [
    -83.15270759,
    42.373678217
  ],
  ""type"": ""Point""
}",-83.15270759,42.3736782170001
8394,1123517,SEVEN MILE,HEYDEN,2017-09-03,3,9,2017,22,1,1,9,,2,1,,1,1,4,35,4,1,0,5,0,0,0,0,true,,false,false,true,false,false,,,,,,false,false,false,,,false,false,false,false,false,-83.24059,42.42953,"{
  ""coordinates"": [
    -8.324059401999990e+01,
    4.242953663500000e+01
  ],
  ""type"": ""Point""
}","{
  ""coordinates"": [
    -83.24059402,
    42.429536635
  ],
  ""type"": ""Point""
}",-83.2405940199999,42.429536635
8395,1124342,MOROSS,DUCHESS,2017-09-03,3,9,2017,4,1,5,9,,2,0,,1,1,4,35,4,2,2,4,0,0,0,1,false,,false,false,true,false,false,,,,,,false,false,false,,,false,false,false,false,false,-82.94993,42.43307,"{
  ""coordinates"": [
    -8.294992856899999e+01,
    4.243307098300010e+01
  ],
  ""type"": ""Point""
}","{
  ""coordinates"": [
    -82.949928569,
    42.433070983
  ],
  ""type"": ""Point""
}",-82.949928569,42.4330709830001
8396,1123472,MARLOWE,CHALFONTE,2017-09-03,3,9,2017,1,1,97,9,,,0,,1,1,4,25,2,3,1,3,0,0,1,0,false,,false,false,false,true,false,,,,,,false,false,false,,,false,false,false,false,false,-83.1898,42.39875,"{
  ""coordinates"": [
    -8.318979973700000e+01,
    4.239874806400010e+01
  ],
  ""type"": ""Point""
}","{
  ""coordinates"": [
    -83.189799737,
    42.398748064
  ],
  ""type"": ""Point""
}",-83.189799737,42.3987480640001
8397,1124322,BRAILE,WESTFIELD,2017-09-03,3,9,2017,22,1,4,9,,,0,,2,1,4,0,4,2,1,5,0,0,0,0,true,,false,false,true,false,false,,,,,,false,false,false,,,false,false,false,false,false,-83.24336,42.36276,"{
  ""coordinates"": [
    -8.324336530600000e+01,
    4.236276366100000e+01
  ],
  ""type"": ""Point""
}","{
  ""coordinates"": [
    -83.243365306,
    42.362763661
  ],
  ""type"": ""Point""
}",-83.243365306,42.362763661
8398,1127139,I-75,PIQUETTE,2017-09-03,3,9,2017,6,1,5,1,,1,0,,2,2,4,55,4,2,2,3,0,0,1,0,false,,false,false,false,false,false,,,,,,false,false,true,,,false,false,false,false,false,-83.05913,42.37127,"{
  ""coordinates"": [
    -8.305913121299990e+01,
    4.237126995400010e+01
  ],
  ""type"": ""Point""
}","{
  ""coordinates"": [
    -83.059131213,
    42.371269954
  ],
  ""type"": ""Point""
}",-83.0591312129999,42.3712699540001
8399,1123539,8 MILE,STRATHMOOR,2017-09-03,3,9,2017,0,1,1,3,,1,0,,1,1,4,0,3,1,1,5,0,0,0,0,true,,false,false,false,false,false,,,,,,false,false,false,,,false,false,false,false,false,-83.18961,42.44503,"{
  ""coordinates"": [
    -8.318960209999990e+01,
    4.244502855000010e+01
  ],
  ""type"": ""Point""
}","{
  ""coordinates"": [
    -83.1896021,
    42.44502855
  ],
  ""type"": ""Point""
}",-83.1896020999999,42.4450285500001
8400,1140235,GREENFIELD,MAJESTIC,2017-09-03,3,9,2017,15,1,4,9,,2,0,,1,1,1,35,3,2,2,4,0,0,0,1,false,,true,false,false,false,false,,,,,,false,true,false,,,false,false,false,false,false,-83.19637,42.34613,"{
  ""coordinates"": [
    -8.319637223300001e+01,
    4.234612759200010e+01
  ],
  ""type"": ""Point""
}","{
  ""coordinates"": [
    -83.196372233,
    42.346127592
  ],
  ""type"": ""Point""
}",-83.196372233,42.3461275920001
8401,1123507,E I 94,CHENE,2017-09-03,3,9,2017,11,1,4,1,,1,0,,1,1,1,35,5,2,5,5,0,0,0,0,true,,true,true,true,false,false,,,,,,false,false,true,,,false,false,false,false,false,-83.04642,42.37428,"{
  ""coordinates"": [
    -8.304641476300000e+01,
    4.237427834600000e+01
  ],
  ""type"": ""Point""
}","{
  ""coordinates"": [
    -83.046414763,
    42.374278346
  ],
  ""type"": ""Point""
}",-83.046414763,42.374278346
8402,1123499,N M 10,MCNICHOLS,2017-09-03,3,9,2017,12,1,1,3,,1,1,,1,1,1,30,2,1,1,5,0,0,0,0,true,,false,false,false,false,false,,,,,,false,false,false,,,false,false,true,false,false,-83.17163,42.41619,"{
  ""coordinates"": [
    -8.317163199500000e+01,
    4.241619597400010e+01
  ],
  ""type"": ""Point""
}","{
  ""coordinates"": [
    -83.171631995,
    42.416195974
  ],
  ""type"": ""Point""
}",-83.171631995,42.4161959740001
8403,1211325,OUTER,EVANSTON,2017-09-03,3,9,2017,6,1,8,9,,4,0,,1,1,2,30,6,2,1,5,0,0,0,0,true,,false,false,false,false,false,,,,,,false,false,false,,,false,false,false,false,false,-82.99007,42.39788,"{
  ""coordinates"": [
    -8.299007224099999e+01,
    4.239788524500010e+01
  ],
  ""type"": ""Point""
}","{
  ""coordinates"": [
    -82.990072241,
    42.397885245
  ],
  ""type"": ""Point""
}",-82.990072241,42.3978852450001
8404,1125253,GRATIOT,FRENCH,2017-09-03,3,9,2017,2,1,1,3,,1,1,,1,1,5,35,7,1,1,5,0,0,0,0,true,,false,false,false,false,false,,,,,,false,false,false,,,false,false,false,false,false,-83.00034,42.40057,"{
  ""coordinates"": [
    -8.300033628300000e+01,
    4.240057042200000e+01
  ],
  ""type"": ""Point""
}","{
  ""coordinates"": [
    -83.000336283,
    42.400570422
  ],
  ""type"": ""Point""
}",-83.000336283,42.400570422
8405,1125294,LIVERNOIS,N M 10,2017-09-03,3,9,2017,6,1,4,9,,4,0,,2,2,1,35,2,2,3,5,0,0,0,0,true,,false,false,true,false,false,,,,,,false,false,false,,,false,false,false,false,false,-83.14043,42.40496,"{
  ""coordinates"": [
    -8.314042839699989e+01,
    4.240496207200000e+01
  ],
  ""type"": ""Point""
}","{
  ""coordinates"": [
    -83.140428397,
    42.404962072
  ],
  ""type"": ""Point""
}",-83.1404283969999,42.404962072
8406,1124273,JEFFERSON,M-10,2017-09-03,3,9,2017,21,1,97,1,,1,0,,1,1,1,25,3,2,2,4,0,0,0,1,false,,false,false,true,false,false,,,,,,false,false,true,,,false,false,false,false,false,-83.03764,42.33159,"{
  ""coordinates"": [
    -8.303764588400000e+01,
    4.233158744000010e+01
  ],
  ""type"": ""Point""
}","{
  ""coordinates"": [
    -83.037645884,
    42.33158744
  ],
  ""type"": ""Point""
}",-83.037645884,42.3315874400001
8407,1147259,AVON,PICKFORD,2017-09-02,2,9,2017,3,7,4,9,,,0,,1,1,4,25,2,2,2,5,0,0,0,0,true,,false,false,true,false,false,,,,,,false,false,false,,,false,false,false,false,false,-83.22633,42.42498,"{
  ""coordinates"": [
    -8.322632562599991e+01,
    4.242497819200000e+01
  ],
  ""type"": ""Point""
}","{
  ""coordinates"": [
    -83.226325626,
    42.424978192
  ],
  ""type"": ""Point""
}",-83.2263256259999,42.424978192
8408,1122690,8 MILE,GREENFIELD,2017-09-02,2,9,2017,16,7,8,3,,1,0,,1,2,1,45,3,2,2,5,0,0,0,0,true,,false,false,false,false,false,,,,,,false,false,true,,,false,false,false,false,false,-83.20059,42.44479,"{
  ""coordinates"": [
    -8.320059440199999e+01,
    4.244479057400010e+01
  ],
  ""type"": ""Point""
}","{
  ""coordinates"": [
    -83.200594402,
    42.444790574
  ],
  ""type"": ""Point""
}",-83.200594402,42.4447905740001
8409,1124306,GRANDRIVER,SCHAEFER,2017-09-02,2,9,2017,18,7,5,3,,1,0,,1,1,1,35,5,2,2,5,0,0,0,0,true,,false,false,false,false,false,,,,,,false,false,true,,,false,false,false,false,false,-83.17817,42.38452,"{
  ""coordinates"": [
    -8.317817146100001e+01,
    4.238452029800000e+01
  ],
  ""type"": ""Point""
}","{
  ""coordinates"": [
    -83.178171461,
    42.384520298
  ],
  ""type"": ""Point""
}",-83.178171461,42.384520298
8410,1123494,FORD,N M 39,2017-09-02,2,9,2017,1,7,1,3,,1,0,,1,1,4,40,4,1,0,5,0,0,0,0,true,,false,false,false,false,false,,,,,,false,false,false,,,false,false,false,false,false,-83.21563,42.32911,"{
  ""coordinates"": [
    -8.321562753599990e+01,
    4.232910642300000e+01
  ],
  ""type"": ""Point""
}","{
  ""coordinates"": [
    -83.215627536,
    42.329106423
  ],
  ""type"": ""Point""
}",-83.2156275359999,42.329106423
8411,1122637,GRAND,MT ELLIOTT,2017-09-02,2,9,2017,8,7,8,9,,4,0,,1,1,1,30,3,3,0,5,0,0,0,0,true,,false,false,true,false,false,,,,,,false,false,false,,,false,false,false,false,false,-83.0416,42.37591,"{
  ""coordinates"": [
    -8.304159634400000e+01,
    4.237591059400010e+01
  ],
  ""type"": ""Point""
}","{
  ""coordinates"": [
    -83.041596344,
    42.375910594
  ],
  ""type"": ""Point""
}",-83.041596344,42.3759105940001
8412,1128356,LIVERNOIS,TUXEDO,2017-09-02,2,9,2017,23,7,5,9,,4,0,,1,1,3,35,6,2,2,4,0,0,0,1,false,,false,false,false,false,false,,,,,,false,true,true,,,false,false,false,false,false,-83.13895,42.37534,"{
  ""coordinates"": [
    -8.313895063500000e+01,
    4.237533403700010e+01
  ],
  ""type"": ""Point""
}","{
  ""coordinates"": [
    -83.138950635,
    42.375334037
  ],
  ""type"": ""Point""
}",-83.138950635,42.3753340370001
8413,1123473,DECATUR,BELTON,2017-09-02,2,9,2017,1,7,10,9,,,0,,1,1,4,25,2,2,0,5,0,0,0,0,true,,false,false,true,false,false,,,,,,false,false,false,,,false,false,false,false,false,-83.17968,42.35404,"{
  ""coordinates"": [
    -8.317967850399999e+01,
    4.235404384300010e+01
  ],
  ""type"": ""Point""
}","{
  ""coordinates"": [
    -83.179678504,
    42.354043843
  ],
  ""type"": ""Point""
}",-83.179678504,42.3540438430001
8414,1141273,WARREN,BRUSH,2017-09-02,2,9,2017,16,7,4,9,,4,0,,1,1,1,30,3,2,2,5,0,0,0,0,true,,false,false,false,false,false,,,,,,false,false,true,,,false,false,false,false,false,-83.05984,42.35867,"{
  ""coordinates"": [
    -8.305983674800000e+01,
    4.235866768100000e+01
  ],
  ""type"": ""Point""
}","{
  ""coordinates"": [
    -83.059836748,
    42.358667681
  ],
  ""type"": ""Point""
}",-83.059836748,42.358667681
8415,1122636,WARREN,N I 75,2017-09-02,2,9,2017,16,7,8,9,,4,0,,1,2,1,30,4,2,4,5,0,0,0,0,true,,false,false,false,false,false,,,,,,false,false,false,,,false,false,false,false,false,-83.05428,42.36083,"{
  ""coordinates"": [
    -8.305427224399990e+01,
    4.236082721700010e+01
  ],
  ""type"": ""Point""
}","{
  ""coordinates"": [
    -83.054272244,
    42.360827217
  ],
  ""type"": ""Point""
}",-83.0542722439999,42.3608272170001
8416,1123483,MICHIGAN,CICOTTE,2017-09-02,2,9,2017,17,7,1,2,,1,0,,1,2,1,35,5,2,1,3,0,0,1,0,false,,false,false,false,false,false,,,,,,true,false,false,,,false,false,false,false,false,-83.12376,42.33113,"{
  ""coordinates"": [
    -8.312375699599990e+01,
    4.233113317800010e+01
  ],
  ""type"": ""Point""
}","{
  ""coordinates"": [
    -83.123756996,
    42.331133178
  ],
  ""type"": ""Point""
}",-83.1237569959999,42.3311331780001
8417,1123484,TOLEDO,HAMMOND,2017-09-02,2,9,2017,3,7,2,9,,4,0,,1,1,4,35,2,2,0,5,0,0,0,0,true,,false,false,true,false,false,,,,,,false,false,false,,,false,false,false,false,false,-83.10867,42.31908,"{
  ""coordinates"": [
    -8.310866229200001e+01,
    4.231907489400000e+01
  ],
  ""type"": ""Point""
}","{
  ""coordinates"": [
    -83.108662292,
    42.319074894
  ],
  ""type"": ""Point""
}",-83.108662292,42.319074894
8418,1123495,JOY,FAUST,2017-09-02,2,9,2017,21,7,5,9,,2,0,,1,98,98,35,4,2,4,4,0,0,0,1,false,,false,false,true,false,false,,,,,,false,false,false,,,false,false,false,false,false,-83.22131,42.35778,"{
  ""coordinates"": [
    -8.322131385400000e+01,
    4.235778213700010e+01
  ],
  ""type"": ""Point""
}","{
  ""coordinates"": [
    -83.221313854,
    42.357782137
  ],
  ""type"": ""Point""
}",-83.221313854,42.3577821370001
8419,1303453,GRAND RIVER,BROOKLYN,2017-09-02,2,9,2017,23,7,5,3,,1,0,,1,1,4,35,2,2,2,5,0,0,0,0,true,,false,false,true,false,false,,,,,,false,false,false,,,false,false,false,false,false,-83.06872,42.34039,"{
  ""coordinates"": [
    -8.306871420499991e+01,
    4.234039122200010e+01
  ],
  ""type"": ""Point""
}","{
  ""coordinates"": [
    -83.068714205,
    42.340391222
  ],
  ""type"": ""Point""
}",-83.0687142049999,42.3403912220001
8420,1123482,LIVERNOIS,S I 75,2017-09-02,2,9,2017,17,7,4,9,,4,0,,1,1,3,0,4,2,6,4,0,0,0,1,false,,true,true,false,false,false,,,,,,false,false,false,,,false,false,false,false,false,-83.10422,42.30767,"{
  ""coordinates"": [
    -8.310421549400000e+01,
    4.230767014800010e+01
  ],
  ""type"": ""Point""
}","{
  ""coordinates"": [
    -83.104215494,
    42.307670148
  ],
  ""type"": ""Point""
}",-83.104215494,42.3076701480001
8421,1122615,LAFAYETTE,SHELBY,2017-09-02,2,9,2017,16,7,10,9,,4,3,,1,1,1,25,3,2,1,5,0,0,0,0,true,,false,false,true,false,false,,,,,,false,false,false,,,false,false,false,false,false,-83.04848,42.33142,"{
  ""coordinates"": [
    -8.304848125400000e+01,
    4.233142567800010e+01
  ],
  ""type"": ""Point""
}","{
  ""coordinates"": [
    -83.048481254,
    42.331425678
  ],
  ""type"": ""Point""
}",-83.048481254,42.3314256780001
8422,1136421,8 MILE,LESURE,2017-09-02,2,9,2017,20,7,1,3,,1,0,,1,1,4,40,4,2,0,3,0,0,1,0,false,,false,false,true,false,false,,,,,,true,false,false,,,false,false,false,false,false,-83.18353,42.44514,"{
  ""coordinates"": [
    -8.318353237299991e+01,
    4.244514517100000e+01
  ],
  ""type"": ""Point""
}","{
  ""coordinates"": [
    -83.183532373,
    42.445145171
  ],
  ""type"": ""Point""
}",-83.1835323729999,42.445145171
8423,1127140,GREENFIELD,N M 10,2017-09-02,2,9,2017,14,7,4,7,,1,0,,1,2,1,35,3,2,2,5,0,0,0,0,true,,false,false,false,false,false,,,,,,false,false,false,,,false,false,false,false,false,-83.20039,42.44244,"{
  ""coordinates"": [
    -8.320038508600000e+01,
    4.244243997700000e+01
  ],
  ""type"": ""Point""
}","{
  ""coordinates"": [
    -83.200385086,
    42.442439977
  ],
  ""type"": ""Point""
}",-83.200385086,42.442439977
8424,1122638,WARREN,TOWNSEND,2017-09-02,2,9,2017,20,7,8,9,,4,0,,1,1,4,30,3,2,2,5,0,0,0,0,true,,false,false,false,false,false,,,,,,false,false,false,,,false,false,false,false,false,-83.01589,42.37477,"{
  ""coordinates"": [
    -8.301589199700000e+01,
    4.237477563100000e+01
  ],
  ""type"": ""Point""
}","{
  ""coordinates"": [
    -83.015891997,
    42.374775631
  ],
  ""type"": ""Point""
}",-83.015891997,42.374775631
8425,1126338,LAMONT,EMERY,2017-09-02,2,9,2017,5,7,8,9,,,0,,1,1,4,25,2,2,0,5,0,0,0,0,true,,false,false,true,false,false,,,,,,false,false,false,,,false,false,false,false,false,-83.05492,42.43567,"{
  ""coordinates"": [
    -8.305491396600000e+01,
    4.243567313400010e+01
  ],
  ""type"": ""Point""
}","{
  ""coordinates"": [
    -83.054913966,
    42.435673134
  ],
  ""type"": ""Point""
}",-83.054913966,42.4356731340001
8426,1124348,DAVISON,14 TH,2017-09-02,2,9,2017,14,7,4,3,,1,0,,1,2,1,35,7,2,3,3,0,0,1,1,false,,false,false,false,false,false,,,,,,false,false,false,,,false,false,false,false,false,-83.1162,42.39519,"{
  ""coordinates"": [
    -8.311619262200000e+01,
    4.239518654600000e+01
  ],
  ""type"": ""Point""
}","{
  ""coordinates"": [
    -83.116192622,
    42.395186546
  ],
  ""type"": ""Point""
}",-83.116192622,42.395186546
8427,1122624,MICHIGAN,HARRISON,2017-09-02,2,9,2017,15,7,98,2,,1,3,,1,2,1,35,5,2,4,5,0,0,0,0,true,,false,false,true,false,false,,,,,,false,false,false,,,false,false,false,false,false,-83.07082,42.3314,"{
  ""coordinates"": [
    -8.307082215000000e+01,
    4.233140276900010e+01
  ],
  ""type"": ""Point""
}","{
  ""coordinates"": [
    -83.07082215,
    42.331402769
  ],
  ""type"": ""Point""
}",-83.07082215,42.3314027690001
8428,1122632,SANTA MARIA,MARK TWAIN,2017-09-02,2,9,2017,3,7,98,9,,,0,,1,98,4,25,2,2,2,5,0,0,0,0,true,,false,false,true,false,false,,,,,,false,false,false,,,false,false,false,false,false,-83.18756,42.41829,"{
  ""coordinates"": [
    -8.318756334100000e+01,
    4.241829466100010e+01
  ],
  ""type"": ""Point""
}","{
  ""coordinates"": [
    -83.187563341,
    42.418294661
  ],
  ""type"": ""Point""
}",-83.187563341,42.4182946610001
8429,1127194,WARREN,LODGE SERVICE,2017-09-02,2,9,2017,3,7,1,9,,4,0,,1,1,4,35,3,1,1,5,0,0,0,0,true,,false,false,false,false,false,,,,,,false,false,false,,,false,false,false,false,false,-83.073,42.3539,"{
  ""coordinates"": [
    -8.307299826699990e+01,
    4.235390278600000e+01
  ],
  ""type"": ""Point""
}","{
  ""coordinates"": [
    -83.072998267,
    42.353902786
  ],
  ""type"": ""Point""
}",-83.0729982669999,42.353902786
8430,1122622,GRAND,JEFFERIES,2017-09-02,2,9,2017,3,7,2,3,,1,2,,1,1,5,30,2,2,0,5,0,0,0,0,true,,false,false,true,false,false,,,,,,false,false,false,,,false,false,false,false,false,-83.14401,42.37077,"{
  ""coordinates"": [
    -8.314401504800000e+01,
    4.237077163800010e+01
  ],
  ""type"": ""Point""
}","{
  ""coordinates"": [
    -83.144015048,
    42.370771638
  ],
  ""type"": ""Point""
}",-83.144015048,42.3707716380001
8431,1123474,HUBBELL,CHICAGO,2017-09-02,2,9,2017,23,7,5,9,,4,0,,1,1,5,30,2,2,3,5,0,0,0,0,true,,false,false,true,false,false,,,,,,false,false,false,,,false,false,false,false,false,-83.1875,42.36556,"{
  ""coordinates"": [
    -8.318749625600000e+01,
    4.236555946900010e+01
  ],
  ""type"": ""Point""
}","{
  ""coordinates"": [
    -83.187496256,
    42.365559469
  ],
  ""type"": ""Point""
}",-83.187496256,42.3655594690001
8432,1125269,MCNICHOLS,BILTMORE,2017-09-02,2,9,2017,1,7,8,9,,2,0,,1,1,4,0,4,2,2,5,0,0,0,0,true,,false,false,true,false,false,,,,,,false,false,true,,,false,false,false,false,false,-83.21073,42.41573,"{
  ""coordinates"": [
    -8.321072787000000e+01,
    4.241573524400010e+01
  ],
  ""type"": ""Point""
}","{
  ""coordinates"": [
    -83.21072787,
    42.415735244
  ],
  ""type"": ""Point""
}",-83.21072787,42.4157352440001
8433,1123519,KENDALL,WINTHROP,2017-09-02,2,9,2017,13,7,8,9,,,0,,1,1,1,25,1,2,1,4,0,0,0,1,false,,false,false,false,false,false,,,,,,false,false,false,,,false,false,false,false,false,-83.19934,42.38934,"{
  ""coordinates"": [
    -8.319933792499999e+01,
    4.238933479300000e+01
  ],
  ""type"": ""Point""
}","{
  ""coordinates"": [
    -83.199337925,
    42.389334793
  ],
  ""type"": ""Point""
}",-83.199337925,42.389334793
8434,1126333,GRATIOT,7 MILE,2017-09-02,2,9,2017,11,7,8,3,,1,0,,1,1,1,35,3,2,3,5,0,0,0,0,true,,false,false,false,false,false,,,,,,false,false,false,,,false,false,false,false,false,-82.97757,42.43526,"{
  ""coordinates"": [
    -8.297757104599999e+01,
    4.243526583500010e+01
  ],
  ""type"": ""Point""
}","{
  ""coordinates"": [
    -82.977571046,
    42.435265835
  ],
  ""type"": ""Point""
}",-82.977571046,42.4352658350001
8435,1128375,7 MILE,ROBSON,2017-09-02,2,9,2017,20,7,8,9,,2,0,,1,1,3,25,2,2,2,5,0,0,0,0,true,,false,false,false,false,false,,,,,,false,false,false,,,false,false,false,false,false,-83.19331,42.43062,"{
  ""coordinates"": [
    -8.319331599500001e+01,
    4.243061833400000e+01
  ],
  ""type"": ""Point""
}","{
  ""coordinates"": [
    -83.193315995,
    42.430618334
  ],
  ""type"": ""Point""
}",-83.193315995,42.430618334
8436,1129304,CADIEUX,NEW YORK,2017-09-02,2,9,2017,12,7,9,9,,4,0,,1,1,1,35,4,2,1,5,0,0,0,0,true,,false,false,false,false,false,,,,,,false,false,false,,,false,false,false,false,false,-82.92927,42.40525,"{
  ""coordinates"": [
    -8.292926785400000e+01,
    4.240525434700000e+01
  ],
  ""type"": ""Point""
}","{
  ""coordinates"": [
    -82.929267854,
    42.405254347
  ],
  ""type"": ""Point""
}",-82.929267854,42.405254347
8437,1122631,EASTLAWN,KORTE,2017-09-02,2,9,2017,19,7,1,9,,,0,,1,1,2,35,2,1,1,5,0,0,0,0,true,,false,false,false,false,false,,,,,,false,false,false,,,false,false,false,false,false,-82.94129,42.36169,"{
  ""coordinates"": [
    -8.294128937300000e+01,
    4.236168928900000e+01
  ],
  ""type"": ""Point""
}","{
  ""coordinates"": [
    -82.941289373,
    42.361689289
  ],
  ""type"": ""Point""
}",-82.941289373,42.361689289
8438,1123522,GRAND RIVER,ARCHDALE,2017-09-02,2,9,2017,23,7,8,3,,1,0,,1,1,4,35,5,2,4,5,0,0,0,0,true,,false,false,false,false,false,,,,,,false,false,false,,,false,false,false,false,false,-83.21596,42.39977,"{
  ""coordinates"": [
    -8.321596050600000e+01,
    4.239976739000010e+01
  ],
  ""type"": ""Point""
}","{
  ""coordinates"": [
    -83.215960506,
    42.39976739
  ],
  ""type"": ""Point""
}",-83.215960506,42.3997673900001
8439,1122614,BEAUBIEN,GRATIOT,2017-09-02,2,9,2017,0,7,8,3,,4,0,,1,1,4,25,2,2,2,4,0,0,0,1,false,,false,false,true,false,false,,,,,,false,false,false,,,false,false,false,false,false,-83.04384,42.33678,"{
  ""coordinates"": [
    -8.304383961300000e+01,
    4.233678174800010e+01
  ],
  ""type"": ""Point""
}","{
  ""coordinates"": [
    -83.043839613,
    42.336781748
  ],
  ""type"": ""Point""
}",-83.043839613,42.3367817480001
8440,1122697,WISCONSIN,PEMBROKE,2017-09-02,2,9,2017,1,7,9,9,,,2,,1,1,4,25,4,2,1,5,0,0,0,0,true,,false,false,false,true,false,,,,,,false,false,true,,,false,false,false,false,false,-83.15797,42.4386,"{
  ""coordinates"": [
    -8.315796638400001e+01,
    4.243859797200000e+01
  ],
  ""type"": ""Point""
}","{
  ""coordinates"": [
    -83.157966384,
    42.438597972
  ],
  ""type"": ""Point""
}",-83.157966384,42.438597972