ObjectId,Crash ID,Primary Road,Intersecting Road,Crash Date,Day,Month,Year,Hour,Weekday,Crash Type Code,Highway Classification Code,Community Code,Jurisdiction Code,Lane Departure Type Code,Surface Type,Road Condition,Weather Condition,Lighting Condition,Speed Limit,Lanes,Units,Occupants,Most Severe Injury,Fatal Injuries,Suspected Serious Injuries,Suspected Minor Injuries,Possible Injuries,Property Damage Only,Secondary Crash,Traffic Control,Red Light Run,Hit and Run,Alcohol,Drugs,Unbelted Person,Work Zone,Speeding Driver,Distracted Driver,Driveway,Pedestrian,Elderly Driver,Young Driver,Commercial Vehicle,Emergency Vehicles,Train,School Bus,Motorcycle,Bicycle,Deer,Longitude,Latitude,geom,geog,x,y
8441,1123536,7 MILE,CAMERON,2017-09-02,2,9,2017,0,7,3,9,,4,0,,1,1,4,35,4,2,2,4,0,0,0,2,false,,false,false,true,false,false,,,,,,false,false,true,,,false,false,false,false,false,-83.09369,42.43253,"{
  ""coordinates"": [
    -8.309369025699991e+01,
    4.243252636400010e+01
  ],
  ""type"": ""Point""
}","{
  ""coordinates"": [
    -83.093690257,
    42.432526364
  ],
  ""type"": ""Point""
}",-83.0936902569999,42.4325263640001
8442,1123487,LONYO,ARNOLD,2017-09-02,2,9,2017,7,7,2,9,,4,2,,1,1,4,25,2,2,1,5,0,0,0,0,true,,false,false,false,false,false,,,,,,false,false,false,,,false,false,false,false,false,-83.14306,42.32854,"{
  ""coordinates"": [
    -8.314305895299999e+01,
    4.232854611500010e+01
  ],
  ""type"": ""Point""
}","{
  ""coordinates"": [
    -83.143058953,
    42.328546115
  ],
  ""type"": ""Point""
}",-83.143058953,42.3285461150001
8443,1124305,PURITAN,PRARIE,2017-09-02,2,9,2017,15,7,97,9,,4,0,,1,1,1,30,2,2,2,5,0,0,0,0,true,,false,false,false,false,false,,,,,,false,false,true,,,false,false,false,false,false,-83.14491,42.40987,"{
  ""coordinates"": [
    -8.314490899700000e+01,
    4.240986735400000e+01
  ],
  ""type"": ""Point""
}","{
  ""coordinates"": [
    -83.144908997,
    42.409867354
  ],
  ""type"": ""Point""
}",-83.144908997,42.409867354
8444,1124347,JOY,DEXTER,2017-09-02,2,9,2017,14,7,3,9,,4,0,,1,1,1,30,2,2,2,5,0,0,0,0,true,,false,false,false,false,false,,,,,,false,false,false,,,false,false,false,false,false,-83.1177,42.37013,"{
  ""coordinates"": [
    -8.311769634800000e+01,
    4.237012978700010e+01
  ],
  ""type"": ""Point""
}","{
  ""coordinates"": [
    -83.117696348,
    42.370129787
  ],
  ""type"": ""Point""
}",-83.117696348,42.3701297870001
8445,1125265,BRYDEN,WESTFIELD,2017-09-02,2,9,2017,10,7,98,9,,,0,,98,98,98,35,2,2,0,5,0,0,0,0,true,,false,false,true,false,false,,,,,,false,false,false,,,false,false,false,false,false,-83.14523,42.36366,"{
  ""coordinates"": [
    -8.314522715600000e+01,
    4.236365460700010e+01
  ],
  ""type"": ""Point""
}","{
  ""coordinates"": [
    -83.145227156,
    42.363654607
  ],
  ""type"": ""Point""
}",-83.145227156,42.3636546070001
8446,1123537,RYAN,OUTER,2017-09-02,2,9,2017,18,7,97,9,,4,0,,1,2,1,30,4,3,9,4,0,0,0,1,false,,true,true,false,false,false,,,,,,false,false,true,,,false,false,false,false,false,-83.06355,42.44033,"{
  ""coordinates"": [
    -8.306354981899990e+01,
    4.244033489400000e+01
  ],
  ""type"": ""Point""
}","{
  ""coordinates"": [
    -83.063549819,
    42.440334894
  ],
  ""type"": ""Point""
}",-83.0635498189999,42.440334894
8447,1125289,SCHAEFER,7 MILE,2017-09-02,2,9,2017,0,7,10,9,,4,0,,1,1,4,35,4,2,3,5,0,0,0,0,true,,false,false,false,false,false,,,,,,false,false,false,,,false,false,false,false,false,-83.18051,42.43136,"{
  ""coordinates"": [
    -8.318051213900000e+01,
    4.243135859900010e+01
  ],
  ""type"": ""Point""
}","{
  ""coordinates"": [
    -83.180512139,
    42.431358599
  ],
  ""type"": ""Point""
}",-83.180512139,42.4313585990001
8448,1132124,LINCOLN,HOLDEN,2017-09-02,2,9,2017,12,7,1,9,,4,0,,1,1,1,30,4,2,3,4,0,0,0,1,false,,false,false,false,false,false,,,,,,false,false,false,,,false,false,false,true,false,-83.0834,42.36298,"{
  ""coordinates"": [
    -8.308339816800000e+01,
    4.236297858900010e+01
  ],
  ""type"": ""Point""
}","{
  ""coordinates"": [
    -83.083398168,
    42.362978589
  ],
  ""type"": ""Point""
}",-83.083398168,42.3629785890001
8449,1124270,I-75,ROSA PARKS,2017-09-02,2,9,2017,2,7,1,9,,4,1,,1,1,4,55,3,1,1,5,0,0,0,0,true,,false,false,false,false,false,,,,,,false,false,false,,,false,false,false,false,false,-83.08295,42.33339,"{
  ""coordinates"": [
    -8.308294480700000e+01,
    4.233339494500010e+01
  ],
  ""type"": ""Point""
}","{
  ""coordinates"": [
    -83.082944807,
    42.333394945
  ],
  ""type"": ""Point""
}",-83.082944807,42.3333949450001
8450,1124345,DAVISON,LIVERNOIS75,2017-09-02,2,9,2017,11,7,8,3,,1,0,,1,1,1,45,3,2,2,5,0,0,0,0,true,,false,false,true,false,false,,,,,,false,true,false,,,false,false,false,false,false,-83.13982,42.38668,"{
  ""coordinates"": [
    -8.313981623900000e+01,
    4.238668480600010e+01
  ],
  ""type"": ""Point""
}","{
  ""coordinates"": [
    -83.139816239,
    42.386684806
  ],
  ""type"": ""Point""
}",-83.139816239,42.3866848060001
8451,1122652,CAMDEN,PARK,2017-09-02,2,9,2017,18,7,4,9,,,0,,1,1,4,25,2,2,1,4,0,0,0,1,false,,false,false,true,false,false,,,,,,false,false,false,,,false,false,true,false,false,-82.97716,42.40342,"{
  ""coordinates"": [
    -8.297716133900001e+01,
    4.240342075500010e+01
  ],
  ""type"": ""Point""
}","{
  ""coordinates"": [
    -82.977161339,
    42.403420755
  ],
  ""type"": ""Point""
}",-82.977161339,42.4034207550001
8452,1124328,S M 39,PEMBROKE,2017-09-01,1,9,2017,12,6,4,3,,1,0,,1,1,1,40,2,2,3,5,0,0,0,0,true,,true,true,false,false,false,,,,,,false,false,false,,,false,false,false,false,false,-83.21973,42.43744,"{
  ""coordinates"": [
    -8.321972715999991e+01,
    4.243744409300010e+01
  ],
  ""type"": ""Point""
}","{
  ""coordinates"": [
    -83.21972716,
    42.437444093
  ],
  ""type"": ""Point""
}",-83.2197271599999,42.4374440930001
8453,1122677,CONANT,SOBIESKI,2017-09-01,1,9,2017,10,6,5,9,,4,0,,1,1,1,25,4,3,3,5,0,0,0,0,true,,false,false,false,false,false,,,,,,false,false,false,,,false,false,false,false,false,-83.05792,42.41026,"{
  ""coordinates"": [
    -8.305792212400000e+01,
    4.241025727500000e+01
  ],
  ""type"": ""Point""
}","{
  ""coordinates"": [
    -83.057922124,
    42.410257275
  ],
  ""type"": ""Point""
}",-83.057922124,42.410257275
8454,1122640,TROMBLY,RIOPELLE,2017-09-01,1,9,2017,15,6,8,9,,,0,,1,2,1,25,1,2,2,5,0,0,0,0,true,,false,false,false,false,false,,,,,,false,false,false,,,false,false,false,false,false,-83.05591,42.37363,"{
  ""coordinates"": [
    -8.305591182400001e+01,
    4.237362787700000e+01
  ],
  ""type"": ""Point""
}","{
  ""coordinates"": [
    -83.055911824,
    42.373627877
  ],
  ""type"": ""Point""
}",-83.055911824,42.373627877
8455,1124266,I-94,BEAUBIEN,2017-09-01,1,9,2017,5,6,1,1,,1,1,,1,1,4,55,3,1,1,5,0,0,0,0,true,,false,false,false,false,false,,,,,,false,false,false,,,false,false,false,false,false,-83.06358,42.36599,"{
  ""coordinates"": [
    -8.306358617700000e+01,
    4.236599172300000e+01
  ],
  ""type"": ""Point""
}","{
  ""coordinates"": [
    -83.063586177,
    42.365991723
  ],
  ""type"": ""Point""
}",-83.063586177,42.365991723
8456,1122669,LIVERNOIS,LYNDON,2017-09-01,1,9,2017,8,6,8,9,,4,0,,1,1,1,30,2,2,2,5,0,0,0,0,true,,false,false,false,false,false,,,,,,false,false,true,,,false,false,false,false,false,-83.13982,42.39544,"{
  ""coordinates"": [
    -8.313981934799990e+01,
    4.239544144600010e+01
  ],
  ""type"": ""Point""
}","{
  ""coordinates"": [
    -83.139819348,
    42.395441446
  ],
  ""type"": ""Point""
}",-83.1398193479999,42.3954414460001
8457,1122580,M-39,FENKELL,2017-09-01,1,9,2017,16,6,5,3,,1,0,,1,1,1,55,3,2,2,5,0,0,0,0,true,,false,false,false,false,false,,,,,,false,false,true,,,false,false,false,false,false,-83.21835,42.40257,"{
  ""coordinates"": [
    -8.321835054099989e+01,
    4.240256882100000e+01
  ],
  ""type"": ""Point""
}","{
  ""coordinates"": [
    -83.218350541,
    42.402568821
  ],
  ""type"": ""Point""
}",-83.2183505409999,42.402568821
8458,1122679,8 MILE,VAN DYKE,2017-09-01,1,9,2017,13,6,5,3,,1,0,,1,1,1,40,4,2,1,4,0,0,0,1,false,,false,false,true,false,false,,,,,,false,false,false,,,false,false,false,false,false,-83.02467,42.44817,"{
  ""coordinates"": [
    -8.302466216700000e+01,
    4.244816764800000e+01
  ],
  ""type"": ""Point""
}","{
  ""coordinates"": [
    -83.024662167,
    42.448167648
  ],
  ""type"": ""Point""
}",-83.024662167,42.448167648
8459,1126191,S I 75,RAMP 035I,2017-09-01,1,9,2017,11,6,5,1,,1,0,,1,1,1,70,3,3,2,5,0,0,0,0,true,,false,false,true,false,false,,,,,,false,false,false,,,false,false,false,false,false,-83.08365,42.32427,"{
  ""coordinates"": [
    -8.308364569500000e+01,
    4.232426932100000e+01
  ],
  ""type"": ""Point""
}","{
  ""coordinates"": [
    -83.083645695,
    42.324269321
  ],
  ""type"": ""Point""
}",-83.083645695,42.324269321
8460,1123520,LINDSAY,FENKELL,2017-09-01,1,9,2017,21,6,97,9,,,0,,1,1,4,25,2,2,4,4,0,0,0,1,false,,true,false,false,false,false,,,,,,false,false,true,,,false,false,false,false,false,-83.21269,42.40142,"{
  ""coordinates"": [
    -8.321269047100000e+01,
    4.240141902200000e+01
  ],
  ""type"": ""Point""
}","{
  ""coordinates"": [
    -83.212690471,
    42.401419022
  ],
  ""type"": ""Point""
}",-83.212690471,42.401419022
8461,1122619,RANDOLPH,CONGRESS,2017-09-01,1,9,2017,18,6,8,3,,1,0,,1,1,1,25,3,2,2,5,0,0,0,0,true,,false,false,false,false,false,,,,,,false,true,false,,,false,false,false,false,false,-83.04308,42.331,"{
  ""coordinates"": [
    -8.304308268100000e+01,
    4.233099708100010e+01
  ],
  ""type"": ""Point""
}","{
  ""coordinates"": [
    -83.043082681,
    42.330997081
  ],
  ""type"": ""Point""
}",-83.043082681,42.3309970810001
8462,1124312,WATERMAN,LAFAYETTE,2017-09-01,1,9,2017,22,6,4,9,,4,0,,1,1,4,25,2,2,3,5,0,0,0,0,true,,false,false,true,false,false,,,,,,false,false,false,,,false,false,false,false,false,-83.10991,42.30666,"{
  ""coordinates"": [
    -8.310990554999999e+01,
    4.230665900200010e+01
  ],
  ""type"": ""Point""
}","{
  ""coordinates"": [
    -83.10990555,
    42.306659002
  ],
  ""type"": ""Point""
}",-83.10990555,42.3066590020001
8463,1123489,MACK,SAINT JEAN,2017-09-01,1,9,2017,12,6,5,9,,4,0,,1,1,1,35,2,2,4,5,0,0,0,0,true,,false,false,false,false,false,,,,,,false,false,true,,,false,false,false,false,false,-82.97853,42.37917,"{
  ""coordinates"": [
    -8.297853388599999e+01,
    4.237916799300010e+01
  ],
  ""type"": ""Point""
}","{
  ""coordinates"": [
    -82.978533886,
    42.379167993
  ],
  ""type"": ""Point""
}",-82.978533886,42.3791679930001
8464,1127132,M-10,HIGHLAND,2017-09-01,1,9,2017,10,6,8,9,,,0,,1,1,1,55,3,2,4,4,0,0,0,1,false,,false,false,false,false,false,,,,,,false,false,true,,,false,false,false,false,false,-83.10433,42.39135,"{
  ""coordinates"": [
    -8.310433399100000e+01,
    4.239134806300010e+01
  ],
  ""type"": ""Point""
}","{
  ""coordinates"": [
    -83.104333991,
    42.391348063
  ],
  ""type"": ""Point""
}",-83.104333991,42.3913480630001
8465,1122602,W I 94,RAMP 213I,2017-09-01,1,9,2017,11,6,8,1,,1,0,,1,1,4,55,4,3,9,5,0,0,0,0,true,,false,false,false,true,false,,,,,,false,false,true,,,false,false,false,false,false,-83.09872,42.35036,"{
  ""coordinates"": [
    -8.309871585900000e+01,
    4.235036096300010e+01
  ],
  ""type"": ""Point""
}","{
  ""coordinates"": [
    -83.098715859,
    42.350360963
  ],
  ""type"": ""Point""
}",-83.098715859,42.3503609630001
8466,1128368,WOODWARD,ROBINWOOD,2017-09-01,1,9,2017,21,6,5,3,,1,0,,1,1,4,40,4,3,1,3,0,0,1,0,false,,false,false,false,false,false,,,,,,false,false,true,,,false,false,false,false,false,-83.11319,42.4295,"{
  ""coordinates"": [
    -8.311318980800000e+01,
    4.242949635700010e+01
  ],
  ""type"": ""Point""
}","{
  ""coordinates"": [
    -83.113189808,
    42.429496357
  ],
  ""type"": ""Point""
}",-83.113189808,42.4294963570001
8467,1123496,OUTER,CHICAGO,2017-09-01,1,9,2017,7,6,4,9,,2,0,,1,1,1,35,2,2,2,4,0,0,0,1,false,,false,false,false,false,false,,,,,,false,false,false,,,false,false,false,false,false,-83.26051,42.36436,"{
  ""coordinates"": [
    -8.326050274100000e+01,
    4.236436314200010e+01
  ],
  ""type"": ""Point""
}","{
  ""coordinates"": [
    -83.260502741,
    42.364363142
  ],
  ""type"": ""Point""
}",-83.260502741,42.3643631420001
8468,1140228,MONROE,FARMER,2017-09-01,1,9,2017,21,6,8,9,,4,0,,1,1,4,0,3,2,4,5,0,0,0,0,true,,false,false,false,false,false,,,,,,false,false,false,,,false,false,false,false,false,-83.04559,42.33301,"{
  ""coordinates"": [
    -8.304559529399999e+01,
    4.233300980600010e+01
  ],
  ""type"": ""Point""
}","{
  ""coordinates"": [
    -83.045595294,
    42.333009806
  ],
  ""type"": ""Point""
}",-83.045595294,42.3330098060001
8469,1123498,ERSKINE,RUSSELL,2017-09-01,1,9,2017,8,6,9,9,,,2,,1,1,1,25,2,2,1,5,0,0,0,0,true,,false,false,false,false,false,,,,,,false,false,false,,,false,false,false,false,false,-83.04361,42.35033,"{
  ""coordinates"": [
    -8.304360781799990e+01,
    4.235033127800010e+01
  ],
  ""type"": ""Point""
}","{
  ""coordinates"": [
    -83.043607818,
    42.350331278
  ],
  ""type"": ""Point""
}",-83.0436078179999,42.3503312780001
8470,1125251,W I 94,S M 10,2017-09-01,1,9,2017,12,6,5,1,,1,0,,1,1,1,0,3,2,2,5,0,0,0,0,true,,false,false,false,false,false,,,,,,false,false,true,,,false,false,false,false,false,-83.07672,42.35923,"{
  ""coordinates"": [
    -8.307671846900000e+01,
    4.235922491300000e+01
  ],
  ""type"": ""Point""
}","{
  ""coordinates"": [
    -83.076718469,
    42.359224913
  ],
  ""type"": ""Point""
}",-83.076718469,42.359224913
8471,1211337,HARPER,WHITTIER,2017-09-01,1,9,2017,14,6,5,9,,4,0,,1,1,1,30,4,2,5,4,0,0,0,3,false,,true,true,true,false,false,,,,,,false,false,false,,,false,false,false,false,false,-82.94259,42.4123,"{
  ""coordinates"": [
    -8.294258557900000e+01,
    4.241230279500010e+01
  ],
  ""type"": ""Point""
}","{
  ""coordinates"": [
    -82.942585579,
    42.412302795
  ],
  ""type"": ""Point""
}",-82.942585579,42.4123027950001
8472,1122576,I-75,SCHAEFER,2017-09-01,1,9,2017,13,6,8,1,,1,0,,1,1,1,70,3,2,9,5,0,0,0,0,true,,false,false,false,false,false,,,,,,false,false,false,,,false,false,false,false,false,-83.15451,42.27773,"{
  ""coordinates"": [
    -8.315451339600000e+01,
    4.227773210000000e+01
  ],
  ""type"": ""Point""
}","{
  ""coordinates"": [
    -83.154513396,
    42.2777321
  ],
  ""type"": ""Point""
}",-83.154513396,42.2777321
8473,1122596,W I 96,SOUTHFIELD SERVICE DRIVE,2017-09-01,1,9,2017,23,6,9,1,,1,0,,1,1,4,55,2,2,1,5,0,0,0,0,true,,false,false,true,false,false,,,,,,false,false,false,,,false,false,false,false,false,-83.21677,42.37881,"{
  ""coordinates"": [
    -8.321676790500000e+01,
    4.237880943400010e+01
  ],
  ""type"": ""Point""
}","{
  ""coordinates"": [
    -83.216767905,
    42.378809434
  ],
  ""type"": ""Point""
}",-83.216767905,42.3788094340001
8474,1122696,8 MILE,LESURE,2017-09-01,1,9,2017,19,6,5,3,,1,0,,1,1,1,40,4,2,3,5,0,0,0,0,true,,false,false,false,false,false,,,,,,false,true,false,,,false,false,false,false,false,-83.18396,42.44514,"{
  ""coordinates"": [
    -8.318395908600000e+01,
    4.244513865700000e+01
  ],
  ""type"": ""Point""
}","{
  ""coordinates"": [
    -83.183959086,
    42.445138657
  ],
  ""type"": ""Point""
}",-83.183959086,42.445138657
8475,1123538,MEYERS,JAMES COUSINS FWY SERVICE,2017-09-01,1,9,2017,21,6,97,9,,4,0,,1,1,4,35,2,3,5,5,0,0,0,0,true,,false,false,false,true,false,,,,,,false,false,false,,,false,false,false,false,false,-83.16998,42.41414,"{
  ""coordinates"": [
    -8.316998093699991e+01,
    4.241414408400000e+01
  ],
  ""type"": ""Point""
}","{
  ""coordinates"": [
    -83.169980937,
    42.414144084
  ],
  ""type"": ""Point""
}",-83.1699809369999,42.414144084
8476,1122587,M-39,7 MILE,2017-09-01,1,9,2017,5,6,1,3,,1,1,,1,2,4,55,3,1,2,3,0,0,1,1,false,,false,false,false,false,false,,,,,,false,false,false,,,false,false,false,false,false,-83.21946,42.4314,"{
  ""coordinates"": [
    -8.321945632900000e+01,
    4.243139830200000e+01
  ],
  ""type"": ""Point""
}","{
  ""coordinates"": [
    -83.219456329,
    42.431398302
  ],
  ""type"": ""Point""
}",-83.219456329,42.431398302
8477,1137946,ST AUBIN,MACK,2017-09-01,1,9,2017,14,6,5,9,,4,0,,1,1,1,0,2,2,2,5,0,0,0,0,true,,false,false,false,false,false,,,,,,false,true,false,,,false,false,false,false,false,-83.03825,42.35522,"{
  ""coordinates"": [
    -8.303825287200000e+01,
    4.235521789500010e+01
  ],
  ""type"": ""Point""
}","{
  ""coordinates"": [
    -83.038252872,
    42.355217895
  ],
  ""type"": ""Point""
}",-83.038252872,42.3552178950001
8478,1125280,SHERWOOD,SAVAGE,2017-09-01,1,9,2017,20,6,1,9,,4,1,,1,1,4,35,2,1,0,5,0,0,0,0,true,,false,false,true,false,false,,,,,,false,false,false,,,false,false,false,false,false,-83.03445,42.44587,"{
  ""coordinates"": [
    -8.303445545100000e+01,
    4.244586411200000e+01
  ],
  ""type"": ""Point""
}","{
  ""coordinates"": [
    -83.034455451,
    42.445864112
  ],
  ""type"": ""Point""
}",-83.034455451,42.445864112
8479,1134339,GRAND RIVER,I-96 SERV,2017-09-01,1,9,2017,23,6,97,3,,1,0,,1,1,4,30,5,2,93,4,0,0,0,1,false,,true,true,false,false,false,,,,,,false,false,false,,,false,false,false,false,false,-83.17702,42.38406,"{
  ""coordinates"": [
    -8.317701430999990e+01,
    4.238405438900000e+01
  ],
  ""type"": ""Point""
}","{
  ""coordinates"": [
    -83.17701431,
    42.384054389
  ],
  ""type"": ""Point""
}",-83.1770143099999,42.384054389
8480,1122598,N M 10,MCNICHOLS,2017-09-01,1,9,2017,18,6,4,3,,1,0,,1,1,1,35,2,2,1,3,0,0,1,0,false,,false,false,true,false,false,,,,,,false,false,true,,,false,false,false,false,false,-83.17208,42.41667,"{
  ""coordinates"": [
    -8.317207973200000e+01,
    4.241667140800010e+01
  ],
  ""type"": ""Point""
}","{
  ""coordinates"": [
    -83.172079732,
    42.416671408
  ],
  ""type"": ""Point""
}",-83.172079732,42.4166714080001
8481,1122579,N/B M 39,WARREN,2017-09-01,1,9,2017,15,6,5,3,,1,0,,1,1,1,55,3,3,3,5,0,0,0,0,true,,false,false,false,false,false,,,,,,false,false,true,,,false,false,false,false,false,-83.21603,42.34193,"{
  ""coordinates"": [
    -8.321603215499989e+01,
    4.234193000200000e+01
  ],
  ""type"": ""Point""
}","{
  ""coordinates"": [
    -83.216032155,
    42.341930002
  ],
  ""type"": ""Point""
}",-83.2160321549999,42.341930002
8482,1122649,GRATIOT,FILBERT,2017-09-01,1,9,2017,21,6,4,3,,1,0,,1,1,4,35,7,2,1,5,0,0,0,0,true,,true,true,true,false,false,,,,,,false,false,true,,,false,false,false,false,false,-82.98945,42.4172,"{
  ""coordinates"": [
    -8.298945153800000e+01,
    4.241720023900010e+01
  ],
  ""type"": ""Point""
}","{
  ""coordinates"": [
    -82.989451538,
    42.417200239
  ],
  ""type"": ""Point""
}",-82.989451538,42.4172002390001
8483,1124339,12000 PROMENADE,BARRETT,2017-09-01,1,9,2017,21,6,97,9,,,1,,1,1,4,25,2,1,1,5,0,0,0,0,true,,false,false,false,false,false,,,,,,false,false,false,,,false,false,false,false,false,-82.99078,42.40702,"{
  ""coordinates"": [
    -8.299077993500001e+01,
    4.240702470100010e+01
  ],
  ""type"": ""Point""
}","{
  ""coordinates"": [
    -82.990779935,
    42.407024701
  ],
  ""type"": ""Point""
}",-82.990779935,42.4070247010001
8484,1123526,LAHSER,7 MILE,2017-09-01,1,9,2017,15,6,4,9,,2,0,,1,1,1,0,2,2,2,5,0,0,0,0,true,,false,false,false,false,false,,,,,,false,false,false,,,false,false,false,false,false,-83.25829,42.42885,"{
  ""coordinates"": [
    -8.325828525299990e+01,
    4.242885065600010e+01
  ],
  ""type"": ""Point""
}","{
  ""coordinates"": [
    -83.258285253,
    42.428850656
  ],
  ""type"": ""Point""
}",-83.2582852529999,42.4288506560001
8485,1122616,BEAUBIEN,W I 94,2017-09-01,1,9,2017,14,6,4,9,,4,0,,1,1,1,25,2,2,2,5,0,0,0,0,true,,false,false,false,false,false,,,,,,false,false,true,,,false,false,false,false,false,-83.06331,42.3662,"{
  ""coordinates"": [
    -8.306330917100000e+01,
    4.236619838000010e+01
  ],
  ""type"": ""Point""
}","{
  ""coordinates"": [
    -83.063309171,
    42.36619838
  ],
  ""type"": ""Point""
}",-83.063309171,42.3661983800001
8486,1122607,FORT,10 TH,2017-09-01,1,9,2017,7,6,4,3,,1,0,,1,1,1,30,4,2,3,5,0,0,0,0,true,,false,false,false,false,false,,,,,,false,false,false,,,false,false,false,false,false,-83.06302,42.32399,"{
  ""coordinates"": [
    -8.306301864700001e+01,
    4.232399403900010e+01
  ],
  ""type"": ""Point""
}","{
  ""coordinates"": [
    -83.063018647,
    42.323994039
  ],
  ""type"": ""Point""
}",-83.063018647,42.3239940390001
8487,1124352,SECOND,PRENTIS,2017-09-01,1,9,2017,7,6,4,9,,4,0,,1,1,1,30,3,2,2,5,0,0,0,0,true,,false,false,false,false,false,,,,,,false,false,false,,,false,false,false,false,false,-83.06721,42.35231,"{
  ""coordinates"": [
    -8.306720358299999e+01,
    4.235231278300010e+01
  ],
  ""type"": ""Point""
}","{
  ""coordinates"": [
    -83.067203583,
    42.352312783
  ],
  ""type"": ""Point""
}",-83.067203583,42.3523127830001
8488,1122625,BEATRICE,VISGER,2017-09-01,1,9,2017,12,6,9,9,,,0,,1,1,1,0,1,2,0,5,0,0,0,0,true,,false,false,true,false,false,,,,,,false,false,false,,,false,false,false,false,false,-83.15656,42.26606,"{
  ""coordinates"": [
    -8.315655778800000e+01,
    4.226605779200000e+01
  ],
  ""type"": ""Point""
}","{
  ""coordinates"": [
    -83.156557788,
    42.266057792
  ],
  ""type"": ""Point""
}",-83.156557788,42.266057792
8489,1122593,W/B I 94,WYOMING,2017-09-01,1,9,2017,12,6,5,1,,1,0,,1,1,1,55,3,2,2,5,0,0,0,0,true,,false,false,false,false,false,,,,,,false,false,true,,,false,false,false,false,false,-83.15481,42.32934,"{
  ""coordinates"": [
    -8.315480947499999e+01,
    4.232934326200010e+01
  ],
  ""type"": ""Point""
}","{
  ""coordinates"": [
    -83.154809475,
    42.329343262
  ],
  ""type"": ""Point""
}",-83.154809475,42.3293432620001
8490,1126320,JEFFERSON,WOODWARD,2017-09-01,1,9,2017,23,6,8,3,,1,0,,1,1,4,35,2,2,4,5,0,0,0,0,true,,false,false,true,false,false,,,,,,false,true,false,,,false,false,false,false,false,-83.04437,42.32855,"{
  ""coordinates"": [
    -8.304436889300000e+01,
    4.232855044100010e+01
  ],
  ""type"": ""Point""
}","{
  ""coordinates"": [
    -83.044368893,
    42.328550441
  ],
  ""type"": ""Point""
}",-83.044368893,42.3285504410001
8491,1122647,BELAND,EASTWOOD,2017-09-01,1,9,2017,0,6,4,9,,,0,,1,1,3,25,4,2,2,4,0,0,0,1,false,,true,false,true,false,false,,,,,,false,false,true,,,false,false,false,false,false,-83.00949,42.4325,"{
  ""coordinates"": [
    -8.300949282099999e+01,
    4.243249806800000e+01
  ],
  ""type"": ""Point""
}","{
  ""coordinates"": [
    -83.009492821,
    42.432498068
  ],
  ""type"": ""Point""
}",-83.009492821,42.432498068
8492,1127205,GREENFIELD,CHICAGO,2017-09-01,1,9,2017,14,6,8,9,,2,0,,1,2,1,35,4,2,3,5,0,0,0,0,true,,false,false,false,false,false,,,,,,false,false,false,,,false,false,false,false,false,-83.19728,42.3655,"{
  ""coordinates"": [
    -8.319728126599991e+01,
    4.236550212200010e+01
  ],
  ""type"": ""Point""
}","{
  ""coordinates"": [
    -83.197281266,
    42.365502122
  ],
  ""type"": ""Point""
}",-83.1972812659999,42.3655021220001
8493,1124299,E I 96,SCHOOLCRAFT,2017-09-01,1,9,2017,22,6,1,1,,1,1,,1,1,4,55,3,1,2,5,0,0,0,0,true,,false,false,false,false,false,,,,,,false,false,false,,,false,false,false,false,false,-83.24372,42.38515,"{
  ""coordinates"": [
    -8.324371808599990e+01,
    4.238515531200010e+01
  ],
  ""type"": ""Point""
}","{
  ""coordinates"": [
    -83.243718086,
    42.385155312
  ],
  ""type"": ""Point""
}",-83.2437180859999,42.3851553120001
8494,1122575,M-10,GLENDALE,2017-09-01,1,9,2017,14,6,10,3,,1,0,,1,1,1,55,3,2,1,5,0,0,0,0,true,,false,false,true,false,false,,,,,,false,false,false,,,false,false,false,false,false,-83.10677,42.39429,"{
  ""coordinates"": [
    -8.310677025800000e+01,
    4.239429412600000e+01
  ],
  ""type"": ""Point""
}","{
  ""coordinates"": [
    -83.106770258,
    42.394294126
  ],
  ""type"": ""Point""
}",-83.106770258,42.394294126
8495,1130458,GLENDALE,MANSFIELD,2017-09-01,1,9,2017,17,6,1,9,,,1,,1,1,1,25,2,1,1,3,0,0,1,0,false,,false,false,false,false,false,,,,,,false,false,false,,,false,false,true,false,false,-83.20365,42.38247,"{
  ""coordinates"": [
    -8.320365475400000e+01,
    4.238246771400000e+01
  ],
  ""type"": ""Point""
}","{
  ""coordinates"": [
    -83.203654754,
    42.382467714
  ],
  ""type"": ""Point""
}",-83.203654754,42.382467714
8496,1122698,OUTER,CURTIS,2017-09-01,1,9,2017,23,6,8,9,,2,0,,1,1,4,25,2,3,0,5,0,0,0,0,true,,false,false,true,false,false,,,,,,false,false,false,,,false,false,false,false,false,-83.17512,42.42365,"{
  ""coordinates"": [
    -8.317512076700000e+01,
    4.242364875200010e+01
  ],
  ""type"": ""Point""
}","{
  ""coordinates"": [
    -83.175120767,
    42.423648752
  ],
  ""type"": ""Point""
}",-83.175120767,42.4236487520001
8497,1122711,CURTIS,LITTLEFIELD,2017-09-01,1,9,2017,18,6,4,9,,4,0,,1,1,1,30,4,2,2,5,0,0,0,0,true,,false,false,true,false,false,,,,,,false,false,false,,,false,false,false,false,false,-83.1767,42.4239,"{
  ""coordinates"": [
    -8.317670091399999e+01,
    4.242389663000010e+01
  ],
  ""type"": ""Point""
}","{
  ""coordinates"": [
    -83.176700914,
    42.42389663
  ],
  ""type"": ""Point""
}",-83.176700914,42.4238966300001
8498,1211142,WARREN,WOODMONT,2017-09-01,1,9,2017,0,6,5,9,,2,0,,1,1,4,35,4,2,3,5,0,0,0,0,true,,false,false,true,false,false,,,,,,false,false,true,,,false,false,false,false,false,-83.2071,42.34352,"{
  ""coordinates"": [
    -8.320709953300000e+01,
    4.234352333300010e+01
  ],
  ""type"": ""Point""
}","{
  ""coordinates"": [
    -83.207099533,
    42.343523333
  ],
  ""type"": ""Point""
}",-83.207099533,42.3435233330001