ObjectId,Crash ID,Primary Road,Intersecting Road,Crash Date,Day,Month,Year,Hour,Weekday,Crash Type Code,Highway Classification Code,Community Code,Jurisdiction Code,Lane Departure Type Code,Surface Type,Road Condition,Weather Condition,Lighting Condition,Speed Limit,Lanes,Units,Occupants,Most Severe Injury,Fatal Injuries,Suspected Serious Injuries,Suspected Minor Injuries,Possible Injuries,Property Damage Only,Secondary Crash,Traffic Control,Red Light Run,Hit and Run,Alcohol,Drugs,Unbelted Person,Work Zone,Speeding Driver,Distracted Driver,Driveway,Pedestrian,Elderly Driver,Young Driver,Commercial Vehicle,Emergency Vehicles,Train,School Bus,Motorcycle,Bicycle,Deer,Longitude,Latitude,geom,geog,x,y
8613,1120671,SUSSEX,JOY,2017-08-30,30,8,2017,19,4,8,9,,,0,,1,1,1,25,2,2,0,5,0,0,0,0,true,,false,false,true,false,false,,,,,,false,false,false,,,false,false,false,false,false,-83.19382,42.35875,"{
  ""coordinates"": [
    -8.319381606000000e+01,
    4.235875316600000e+01
  ],
  ""type"": ""Point""
}","{
  ""coordinates"": [
    -83.19381606,
    42.358753166
  ],
  ""type"": ""Point""
}",-83.19381606,42.358753166
8614,1138866,BEAUBIEN,MONROE,2017-08-30,30,8,2017,9,4,8,9,,4,0,,1,1,1,25,1,2,2,5,0,0,0,0,true,,false,false,false,false,false,,,,,,false,false,true,,,false,false,false,false,false,-83.04256,42.33491,"{
  ""coordinates"": [
    -8.304256818000000e+01,
    4.233491261900010e+01
  ],
  ""type"": ""Point""
}","{
  ""coordinates"": [
    -83.04256818,
    42.334912619
  ],
  ""type"": ""Point""
}",-83.04256818,42.3349126190001
8615,1125286,OUTER,PENNINGTON,2017-08-30,30,8,2017,13,4,4,9,,2,0,,1,1,1,25,2,2,4,4,0,0,0,1,false,,false,false,false,false,false,,,,,,false,false,true,,,false,false,false,false,false,-83.14837,42.43501,"{
  ""coordinates"": [
    -8.314836834899999e+01,
    4.243500843500000e+01
  ],
  ""type"": ""Point""
}","{
  ""coordinates"": [
    -83.148368349,
    42.435008435
  ],
  ""type"": ""Point""
}",-83.148368349,42.435008435
8616,1120692,ELMHURST,LAWTON,2017-08-30,30,8,2017,11,4,4,9,,4,0,,1,1,1,35,2,2,1,4,0,0,0,1,false,,true,false,true,false,false,,,,,,false,false,true,,,false,false,false,false,false,-83.11897,42.38346,"{
  ""coordinates"": [
    -8.311897337200000e+01,
    4.238345900400000e+01
  ],
  ""type"": ""Point""
}","{
  ""coordinates"": [
    -83.118973372,
    42.383459004
  ],
  ""type"": ""Point""
}",-83.118973372,42.383459004
8617,1122712,CAMBRIDGE,LIVERNOIS,2017-08-30,30,8,2017,19,4,98,9,,,0,,1,1,1,25,2,2,1,5,0,0,0,0,true,,false,false,true,false,false,,,,,,false,false,false,,,false,false,false,false,false,-83.14163,42.43348,"{
  ""coordinates"": [
    -8.314162836500000e+01,
    4.243348411800010e+01
  ],
  ""type"": ""Point""
}","{
  ""coordinates"": [
    -83.141628365,
    42.433484118
  ],
  ""type"": ""Point""
}",-83.141628365,42.4334841180001
8618,1131225,CONNER,HARPER,2017-08-30,30,8,2017,21,4,8,9,,4,0,,1,1,4,30,2,2,3,5,0,0,0,0,true,,false,false,false,false,false,,,,,,false,false,false,,,false,false,false,false,false,-82.98946,42.39728,"{
  ""coordinates"": [
    -8.298945351200000e+01,
    4.239727811900010e+01
  ],
  ""type"": ""Point""
}","{
  ""coordinates"": [
    -82.989453512,
    42.397278119
  ],
  ""type"": ""Point""
}",-82.989453512,42.3972781190001
8619,1120697,CARDONI,7 MILE,2017-08-30,30,8,2017,18,4,5,9,,,0,,1,1,1,25,1,2,1,5,0,0,0,0,true,,false,false,false,false,true,,,,,,false,false,false,,,false,false,false,false,false,-83.09141,42.43206,"{
  ""coordinates"": [
    -8.309140522199991e+01,
    4.243205719900000e+01
  ],
  ""type"": ""Point""
}","{
  ""coordinates"": [
    -83.091405222,
    42.432057199
  ],
  ""type"": ""Point""
}",-83.0914052219999,42.432057199
8620,1121466,S/B M-39,JOY,2017-08-30,30,8,2017,18,4,5,3,,1,0,,1,1,1,55,3,3,3,5,0,0,0,0,true,,false,false,false,false,false,,,,,,false,true,true,,,false,false,false,false,false,-83.21652,42.36148,"{
  ""coordinates"": [
    -8.321651962300000e+01,
    4.236147628300010e+01
  ],
  ""type"": ""Point""
}","{
  ""coordinates"": [
    -83.216519623,
    42.361476283
  ],
  ""type"": ""Point""
}",-83.216519623,42.3614762830001
8621,1120687,NOVARA,CRUSADE,2017-08-30,30,8,2017,1,4,6,9,,,0,,2,3,4,25,2,2,4,5,0,0,0,0,true,,false,false,true,false,false,,,,,,false,false,false,,,false,false,false,false,false,-82.96075,42.43913,"{
  ""coordinates"": [
    -8.296075296399989e+01,
    4.243913142100010e+01
  ],
  ""type"": ""Point""
}","{
  ""coordinates"": [
    -82.960752964,
    42.439131421
  ],
  ""type"": ""Point""
}",-82.9607529639999,42.4391314210001
8622,1127157,I-94,I-75,2017-08-30,30,8,2017,16,4,5,1,,1,0,,1,1,1,55,3,4,6,4,0,0,0,2,false,,false,false,false,false,false,,,,,,false,true,true,,,false,false,false,false,false,-83.0597,42.36753,"{
  ""coordinates"": [
    -8.305970300900000e+01,
    4.236752541300010e+01
  ],
  ""type"": ""Point""
}","{
  ""coordinates"": [
    -83.059703009,
    42.367525413
  ],
  ""type"": ""Point""
}",-83.059703009,42.3675254130001
8623,1121468,E I 94,RAMP 223A,2017-08-30,30,8,2017,22,4,5,1,,1,0,,1,1,4,55,3,2,2,1,1,0,0,0,false,,false,false,false,false,false,,,,,,false,false,false,,,false,false,false,false,false,-82.94138,42.41425,"{
  ""coordinates"": [
    -8.294138162199989e+01,
    4.241425222600000e+01
  ],
  ""type"": ""Point""
}","{
  ""coordinates"": [
    -82.941381622,
    42.414252226
  ],
  ""type"": ""Point""
}",-82.9413816219999,42.414252226
8624,1120667,CONGRESS,WASHINGTON,2017-08-30,30,8,2017,18,4,8,9,,4,0,,1,1,1,25,3,2,2,5,0,0,0,0,true,,false,false,false,false,false,,,,,,false,false,false,,,false,false,false,false,false,-83.04923,42.32874,"{
  ""coordinates"": [
    -8.304923456599990e+01,
    4.232873363200010e+01
  ],
  ""type"": ""Point""
}","{
  ""coordinates"": [
    -83.049234566,
    42.328733632
  ],
  ""type"": ""Point""
}",-83.0492345659999,42.3287336320001
8625,1127151,I 94,TRUMBULL,2017-08-30,30,8,2017,14,4,5,1,,1,0,,1,1,1,55,3,4,4,5,0,0,0,0,true,,false,false,false,false,false,,,,,,false,true,false,,,false,false,false,false,false,-83.08141,42.35609,"{
  ""coordinates"": [
    -8.308140225100000e+01,
    4.235608566200010e+01
  ],
  ""type"": ""Point""
}","{
  ""coordinates"": [
    -83.081402251,
    42.356085662
  ],
  ""type"": ""Point""
}",-83.081402251,42.3560856620001
8626,1122626,SPRINGWELLS,HOMER,2017-08-30,30,8,2017,14,4,1,9,,4,0,,1,1,1,25,4,1,1,5,0,0,0,0,true,,false,false,false,false,false,,,,,,false,false,false,,,false,false,false,false,false,-83.12265,42.30512,"{
  ""coordinates"": [
    -8.312264638499990e+01,
    4.230511730500010e+01
  ],
  ""type"": ""Point""
}","{
  ""coordinates"": [
    -83.122646385,
    42.305117305
  ],
  ""type"": ""Point""
}",-83.1226463849999,42.3051173050001
8627,1127181,S M 10,RAMP 215F,2017-08-30,30,8,2017,13,4,1,3,,1,1,,1,1,1,55,3,1,1,4,0,0,0,1,false,,false,false,false,false,false,,,,,,false,false,false,,,false,false,false,false,false,-83.0777,42.36076,"{
  ""coordinates"": [
    -8.307769759699990e+01,
    4.236076465000010e+01
  ],
  ""type"": ""Point""
}","{
  ""coordinates"": [
    -83.077697597,
    42.36076465
  ],
  ""type"": ""Point""
}",-83.0776975969999,42.3607646500001
8628,1120685,KELLY,COURVILLE,2017-08-30,30,8,2017,17,4,1,9,,4,0,,1,1,1,0,4,2,1,4,0,0,0,1,false,,false,false,true,false,false,,,,,,false,false,false,,,false,false,false,true,false,-82.96434,42.41964,"{
  ""coordinates"": [
    -8.296434345700000e+01,
    4.241964405900010e+01
  ],
  ""type"": ""Point""
}","{
  ""coordinates"": [
    -82.964343457,
    42.419644059
  ],
  ""type"": ""Point""
}",-82.964343457,42.4196440590001
8629,1151431,SEMINOLE,SYLVESTER,2017-08-30,30,8,2017,21,4,9,9,,,0,,1,2,4,25,4,2,1,4,0,0,0,1,false,,false,false,true,false,false,,,,,,false,false,true,,,false,false,false,false,false,-83.0051,42.37083,"{
  ""coordinates"": [
    -8.300510590099999e+01,
    4.237083312000000e+01
  ],
  ""type"": ""Point""
}","{
  ""coordinates"": [
    -83.005105901,
    42.37083312
  ],
  ""type"": ""Point""
}",-83.005105901,42.37083312
8630,1122703,STATE FAIR,WOODWARD,2017-08-30,30,8,2017,12,4,4,3,,7,0,,1,2,1,30,2,2,2,5,0,0,0,0,true,,false,false,true,false,false,,,,,,false,false,false,,,false,false,false,false,false,-83.12019,42.43915,"{
  ""coordinates"": [
    -8.312018370800000e+01,
    4.243915291800000e+01
  ],
  ""type"": ""Point""
}","{
  ""coordinates"": [
    -83.120183708,
    42.439152918
  ],
  ""type"": ""Point""
}",-83.120183708,42.439152918
8631,1120673,MEYERS,SCHOOLCRAFT,2017-08-30,30,8,2017,12,4,4,9,,4,0,,1,1,1,35,4,2,3,5,0,0,0,0,true,,false,false,true,false,false,,,,,,false,false,false,,,false,false,false,false,false,-83.16871,42.38798,"{
  ""coordinates"": [
    -8.316870555400000e+01,
    4.238797957700010e+01
  ],
  ""type"": ""Point""
}","{
  ""coordinates"": [
    -83.168705554,
    42.387979577
  ],
  ""type"": ""Point""
}",-83.168705554,42.3879795770001
8632,1134107,I 75,ROSA PARK,2017-08-30,30,8,2017,3,4,8,1,,1,0,,1,1,4,70,3,2,1,5,0,0,0,0,true,,false,false,true,false,false,,,,,,false,false,false,,,false,false,false,false,false,-83.06844,42.33438,"{
  ""coordinates"": [
    -8.306844313399991e+01,
    4.233438173100010e+01
  ],
  ""type"": ""Point""
}","{
  ""coordinates"": [
    -83.068443134,
    42.334381731
  ],
  ""type"": ""Point""
}",-83.0684431339999,42.3343817310001
8633,1126324,OUTER,W I 96,2017-08-30,30,8,2017,15,4,4,9,,2,0,,1,2,1,35,4,2,2,5,0,0,0,0,true,,false,false,false,false,false,,,,,,false,false,false,,,false,false,false,false,false,-83.25642,42.38568,"{
  ""coordinates"": [
    -8.325641783799990e+01,
    4.238568285800010e+01
  ],
  ""type"": ""Point""
}","{
  ""coordinates"": [
    -83.256417838,
    42.385682858
  ],
  ""type"": ""Point""
}",-83.2564178379999,42.3856828580001
8634,1120688,GRATIOT,SEYMOUR,2017-08-30,30,8,2017,15,4,1,3,,1,1,,1,1,1,35,7,2,3,3,0,0,1,0,false,,false,false,false,false,false,,,,,,true,false,false,,,false,false,false,false,false,-82.98219,42.42827,"{
  ""coordinates"": [
    -8.298218244200000e+01,
    4.242827166300000e+01
  ],
  ""type"": ""Point""
}","{
  ""coordinates"": [
    -82.982182442,
    42.428271663
  ],
  ""type"": ""Point""
}",-82.982182442,42.428271663
8635,1120678,S M 39,WARREN,2017-08-30,30,8,2017,14,4,5,3,,1,0,,1,2,1,30,3,3,5,4,0,0,0,2,false,,false,false,false,false,false,,,,,,false,false,true,,,false,false,false,false,false,-83.21622,42.3434,"{
  ""coordinates"": [
    -8.321622780199991e+01,
    4.234340168500010e+01
  ],
  ""type"": ""Point""
}","{
  ""coordinates"": [
    -83.216227802,
    42.343401685
  ],
  ""type"": ""Point""
}",-83.2162278019999,42.3434016850001
8636,1127204,LIDDESDALE,VISAGER,2017-08-30,30,8,2017,0,4,98,9,,,0,,1,1,4,25,2,2,0,5,0,0,0,0,true,,false,false,true,false,false,,,,,,false,false,false,,,false,false,false,false,false,-83.15897,42.26653,"{
  ""coordinates"": [
    -8.315896278199990e+01,
    4.226653246400010e+01
  ],
  ""type"": ""Point""
}","{
  ""coordinates"": [
    -83.158962782,
    42.266532464
  ],
  ""type"": ""Point""
}",-83.1589627819999,42.2665324640001
8637,1122695,WYOMING,JOHN C,2017-08-30,30,8,2017,23,4,3,9,,4,0,,1,1,3,30,2,2,3,5,0,0,0,0,true,,false,false,true,false,false,,,,,,false,false,true,,,false,false,false,false,false,-83.15981,42.40526,"{
  ""coordinates"": [
    -8.315981587999990e+01,
    4.240525717500000e+01
  ],
  ""type"": ""Point""
}","{
  ""coordinates"": [
    -83.15981588,
    42.405257175
  ],
  ""type"": ""Point""
}",-83.1598158799999,42.405257175
8638,1121478,BEWICK,SHOEMAKER,2017-08-30,30,8,2017,20,4,1,9,,,0,,1,1,1,25,2,1,1,5,0,0,0,0,true,,false,false,false,false,false,,,,,,false,false,false,,,false,false,false,false,false,-82.99874,42.38941,"{
  ""coordinates"": [
    -8.299874160699990e+01,
    4.238940980000010e+01
  ],
  ""type"": ""Point""
}","{
  ""coordinates"": [
    -82.998741607,
    42.3894098
  ],
  ""type"": ""Point""
}",-82.9987416069999,42.3894098000001
8639,1125292,LIVERNOIS,MCNICHOLS,2017-08-30,30,8,2017,17,4,5,9,,4,0,,1,1,1,35,3,2,3,4,0,0,0,1,false,,false,false,false,false,false,,,,,,false,false,true,,,false,false,false,false,false,-83.14095,42.41715,"{
  ""coordinates"": [
    -8.314094625400000e+01,
    4.241715361900000e+01
  ],
  ""type"": ""Point""
}","{
  ""coordinates"": [
    -83.140946254,
    42.417153619
  ],
  ""type"": ""Point""
}",-83.140946254,42.417153619
8640,1123469,MARTIN LUTHER KING JR,LAWTON,2017-08-30,30,8,2017,12,4,6,9,,4,0,,1,1,1,0,3,2,4,5,0,0,0,0,true,,false,false,false,false,false,,,,,,false,false,false,,,false,false,false,false,false,-83.08871,42.33673,"{
  ""coordinates"": [
    -8.308871054600000e+01,
    4.233672758700000e+01
  ],
  ""type"": ""Point""
}","{
  ""coordinates"": [
    -83.088710546,
    42.336727587
  ],
  ""type"": ""Point""
}",-83.088710546,42.336727587
8641,1122609,HOWARD,ROSA PARKS,2017-08-30,30,8,2017,10,4,5,9,,,0,,2,1,1,25,4,2,2,5,0,0,0,0,true,,false,false,false,false,false,,,,,,false,true,false,,,false,false,false,false,false,-83.06776,42.32423,"{
  ""coordinates"": [
    -8.306775559000000e+01,
    4.232422576700000e+01
  ],
  ""type"": ""Point""
}","{
  ""coordinates"": [
    -83.06775559,
    42.324225767
  ],
  ""type"": ""Point""
}",-83.06775559,42.324225767
8642,1125293,8 MILE,DURHAM,2017-08-30,30,8,2017,13,4,8,3,,1,0,,1,1,1,40,4,2,1,5,0,0,0,0,true,,false,false,false,false,false,,,,,,false,false,true,,,false,false,false,false,false,-83.13055,42.44633,"{
  ""coordinates"": [
    -8.313055515400001e+01,
    4.244633150800010e+01
  ],
  ""type"": ""Point""
}","{
  ""coordinates"": [
    -83.130555154,
    42.446331508
  ],
  ""type"": ""Point""
}",-83.130555154,42.4463315080001
8643,1120699,OUTER,VAN DYKE,2017-08-30,30,8,2017,12,4,8,3,,2,0,,1,1,1,35,3,2,4,4,0,0,0,1,false,,false,false,false,false,false,,,,,,false,false,false,,,false,false,false,false,false,-83.02422,42.44135,"{
  ""coordinates"": [
    -8.302422518500001e+01,
    4.244135294700000e+01
  ],
  ""type"": ""Point""
}","{
  ""coordinates"": [
    -83.024225185,
    42.441352947
  ],
  ""type"": ""Point""
}",-83.024225185,42.441352947
8644,1119637,8MILE,TELEGRAPH,2017-08-30,30,8,2017,8,4,5,3,,1,0,,1,1,1,35,3,2,3,5,0,0,0,0,true,,false,false,false,false,false,,,,,,false,false,false,,,false,false,false,false,false,-83.27834,42.44275,"{
  ""coordinates"": [
    -8.327833527000000e+01,
    4.244274548100000e+01
  ],
  ""type"": ""Point""
}","{
  ""coordinates"": [
    -83.27833527,
    42.442745481
  ],
  ""type"": ""Point""
}",-83.27833527,42.442745481
8645,1119624,WARREN,HEREFORD,2017-08-30,30,8,2017,6,4,4,9,,4,0,,1,3,2,30,2,2,2,4,0,0,0,1,false,,false,false,false,false,false,,,,,,false,false,true,,,false,false,false,false,false,-82.92361,42.40833,"{
  ""coordinates"": [
    -8.292361265600000e+01,
    4.240832807600000e+01
  ],
  ""type"": ""Point""
}","{
  ""coordinates"": [
    -82.923612656,
    42.408328076
  ],
  ""type"": ""Point""
}",-82.923612656,42.408328076
8646,1134209,RAMP 139G,I-96,2017-08-30,30,8,2017,20,4,1,3,,1,1,,1,1,3,0,3,1,1,4,0,0,0,1,false,,false,false,false,false,false,,,,,,false,false,false,,,false,false,false,false,false,-83.15103,42.38493,"{
  ""coordinates"": [
    -8.315103453300000e+01,
    4.238492769000000e+01
  ],
  ""type"": ""Point""
}","{
  ""coordinates"": [
    -83.151034533,
    42.38492769
  ],
  ""type"": ""Point""
}",-83.151034533,42.38492769
8647,1120693,N M 10,CHICAGO,2017-08-30,30,8,2017,9,4,5,3,,1,0,,1,1,1,55,3,2,1,5,0,0,0,0,true,,false,false,true,false,false,,,,,,false,false,false,,,false,false,false,false,false,-83.09456,42.38239,"{
  ""coordinates"": [
    -8.309455767400000e+01,
    4.238239110600010e+01
  ],
  ""type"": ""Point""
}","{
  ""coordinates"": [
    -83.094557674,
    42.382391106
  ],
  ""type"": ""Point""
}",-83.094557674,42.3823911060001
8648,1134223,I 75,CLAY,2017-08-30,30,8,2017,16,4,5,1,,1,0,,1,1,1,70,4,2,2,5,0,0,0,0,true,,false,false,false,false,false,,,,,,false,false,true,,,false,false,false,false,false,-83.06194,42.3774,"{
  ""coordinates"": [
    -8.306194114499991e+01,
    4.237740122500000e+01
  ],
  ""type"": ""Point""
}","{
  ""coordinates"": [
    -83.061941145,
    42.377401225
  ],
  ""type"": ""Point""
}",-83.0619411449999,42.377401225
8649,1121472,CHICAGO,CHEYENNE,2017-08-30,30,8,2017,17,4,4,9,,4,0,,1,1,1,30,3,2,6,5,0,0,0,0,true,,false,false,false,false,false,,,,,,false,false,true,,,false,false,false,false,false,-83.17404,42.36588,"{
  ""coordinates"": [
    -8.317404223299999e+01,
    4.236587605400010e+01
  ],
  ""type"": ""Point""
}","{
  ""coordinates"": [
    -83.174042233,
    42.365876054
  ],
  ""type"": ""Point""
}",-83.174042233,42.3658760540001
8650,1122702,ARDMORE,THATCHER,2017-08-30,30,8,2017,19,4,4,9,,,0,,1,98,1,25,2,2,3,5,0,0,0,0,true,,false,false,false,false,false,,,,,,false,false,true,,,false,false,false,false,false,-83.18493,42.42188,"{
  ""coordinates"": [
    -8.318492724100000e+01,
    4.242187862500000e+01
  ],
  ""type"": ""Point""
}","{
  ""coordinates"": [
    -83.184927241,
    42.421878625
  ],
  ""type"": ""Point""
}",-83.184927241,42.421878625
8651,1122708,LIVERNOIS,CHESTERFIELD,2017-08-30,30,8,2017,17,4,8,9,,4,0,,1,1,1,30,2,2,2,5,0,0,0,0,true,,false,false,false,false,false,,,,,,false,true,true,,,false,false,false,false,false,-83.14151,42.43502,"{
  ""coordinates"": [
    -8.314150780700000e+01,
    4.243501611000000e+01
  ],
  ""type"": ""Point""
}","{
  ""coordinates"": [
    -83.141507807,
    42.43501611
  ],
  ""type"": ""Point""
}",-83.141507807,42.43501611
8652,1122603,ROSA PARKS,MICHIGAN,2017-08-30,30,8,2017,8,4,3,2,,4,0,,1,1,1,30,6,2,2,3,0,0,2,0,false,,false,false,false,false,false,,,,,,false,false,false,,,false,false,false,false,false,-83.07201,42.3314,"{
  ""coordinates"": [
    -8.307201252499991e+01,
    4.233139717200000e+01
  ],
  ""type"": ""Point""
}","{
  ""coordinates"": [
    -83.072012525,
    42.331397172
  ],
  ""type"": ""Point""
}",-83.0720125249999,42.331397172
8653,1123513,PLYMOUTH,EVERGREEN,2017-08-30,30,8,2017,16,4,8,9,,4,0,,1,1,1,45,3,3,3,4,0,0,0,1,false,,false,false,false,false,false,,,,,,false,false,false,,,false,false,false,false,false,-83.23651,42.37189,"{
  ""coordinates"": [
    -8.323650746700000e+01,
    4.237189459100010e+01
  ],
  ""type"": ""Point""
}","{
  ""coordinates"": [
    -83.236507467,
    42.371894591
  ],
  ""type"": ""Point""
}",-83.236507467,42.3718945910001
8654,1122691,N M 10,7 MILE,2017-08-29,29,8,2017,9,3,8,3,,1,0,,2,2,1,35,3,2,2,5,0,0,0,0,true,,false,false,false,false,false,,,,,,false,false,false,,,false,false,false,false,false,-83.18688,42.43078,"{
  ""coordinates"": [
    -8.318688137299991e+01,
    4.243078087300010e+01
  ],
  ""type"": ""Point""
}","{
  ""coordinates"": [
    -83.186881373,
    42.430780873
  ],
  ""type"": ""Point""
}",-83.1868813729999,42.4307808730001
8655,1122617,WOODWARD,MACK,2017-08-29,29,8,2017,21,3,3,3,,1,0,,98,1,4,30,6,2,1,5,0,0,0,0,true,,false,false,true,false,false,,,,,,false,false,false,,,false,false,false,false,false,-83.05789,42.34741,"{
  ""coordinates"": [
    -8.305788927200000e+01,
    4.234741339300010e+01
  ],
  ""type"": ""Point""
}","{
  ""coordinates"": [
    -83.057889272,
    42.347413393
  ],
  ""type"": ""Point""
}",-83.057889272,42.3474133930001
8656,1119644,GRATIOT,GUNSTON,2017-08-29,29,8,2017,14,3,5,3,,1,0,,2,4,1,35,6,2,3,4,0,0,0,1,false,,false,false,true,false,false,,,,,,false,false,false,,,false,false,false,false,false,-82.99509,42.40858,"{
  ""coordinates"": [
    -8.299509342300000e+01,
    4.240858289400010e+01
  ],
  ""type"": ""Point""
}","{
  ""coordinates"": [
    -82.995093423,
    42.408582894
  ],
  ""type"": ""Point""
}",-82.995093423,42.4085828940001
8657,1130460,BEAVERLAND,BELTON,2017-08-29,29,8,2017,9,3,5,9,,,0,,1,2,1,25,1,2,2,4,0,0,0,3,false,,false,false,false,false,false,,,,,,false,false,true,,,false,false,false,false,false,-83.26327,42.35209,"{
  ""coordinates"": [
    -8.326326653699989e+01,
    4.235209006600010e+01
  ],
  ""type"": ""Point""
}","{
  ""coordinates"": [
    -83.263266537,
    42.352090066
  ],
  ""type"": ""Point""
}",-83.2632665369999,42.3520900660001
8658,1122567,I-94,CONNER,2017-08-29,29,8,2017,12,3,8,1,,1,0,,2,4,1,55,3,2,2,5,0,0,0,0,true,,false,false,false,false,false,,,,,,false,false,true,,,false,false,false,false,false,-82.99107,42.39402,"{
  ""coordinates"": [
    -8.299106241699999e+01,
    4.239401934200000e+01
  ],
  ""type"": ""Point""
}","{
  ""coordinates"": [
    -82.991062417,
    42.394019342
  ],
  ""type"": ""Point""
}",-82.991062417,42.394019342
8659,1198233,CASS,AMSTERDAM,2017-08-29,29,8,2017,14,3,4,9,,4,0,,2,4,1,0,4,2,1,3,0,0,1,0,false,,false,false,true,false,false,,,,,,false,false,false,,,false,false,false,false,false,-83.07239,42.36604,"{
  ""coordinates"": [
    -8.307238490500001e+01,
    4.236603591100000e+01
  ],
  ""type"": ""Point""
}","{
  ""coordinates"": [
    -83.072384905,
    42.366035911
  ],
  ""type"": ""Point""
}",-83.072384905,42.366035911
8660,1122701,SNOWDEN,CHIPPEWA,2017-08-29,29,8,2017,15,3,4,9,,,0,,2,4,1,25,1,2,2,5,0,0,0,0,true,,false,false,false,false,false,,,,,,false,true,false,,,false,false,false,false,false,-83.17867,42.44056,"{
  ""coordinates"": [
    -8.317867389299990e+01,
    4.244056490800010e+01
  ],
  ""type"": ""Point""
}","{
  ""coordinates"": [
    -83.178673893,
    42.440564908
  ],
  ""type"": ""Point""
}",-83.1786738929999,42.4405649080001
8661,1122569,I-96,PACIFIC,2017-08-29,29,8,2017,14,3,8,1,,1,0,,2,4,1,70,4,2,1,5,0,0,0,0,true,,false,false,true,false,false,,,,,,false,false,false,,,false,false,false,false,false,-83.11543,42.35835,"{
  ""coordinates"": [
    -8.311543297799990e+01,
    4.235834485700010e+01
  ],
  ""type"": ""Point""
}","{
  ""coordinates"": [
    -83.115432978,
    42.358344857
  ],
  ""type"": ""Point""
}",-83.1154329779999,42.3583448570001
8662,1211141,ST MARYS,WARREN,2017-08-29,29,8,2017,18,3,97,9,,,0,,1,1,1,25,2,3,2,4,0,0,0,2,false,,false,false,false,false,false,,,,,,false,false,false,,,false,false,false,false,false,-83.20363,42.34337,"{
  ""coordinates"": [
    -8.320362793300001e+01,
    4.234337346800000e+01
  ],
  ""type"": ""Point""
}","{
  ""coordinates"": [
    -83.203627933,
    42.343373468
  ],
  ""type"": ""Point""
}",-83.203627933,42.343373468
8663,1122590,RAMP 213N,I-96,2017-08-29,29,8,2017,16,3,8,1,,1,0,,2,4,1,55,4,2,4,4,0,0,0,2,false,,false,false,false,false,false,,,,,,false,false,false,,,false,false,false,false,false,-83.10336,42.35298,"{
  ""coordinates"": [
    -8.310335896299991e+01,
    4.235298202700010e+01
  ],
  ""type"": ""Point""
}","{
  ""coordinates"": [
    -83.103358963,
    42.352982027
  ],
  ""type"": ""Point""
}",-83.1033589629999,42.3529820270001
8664,1119623,FARMBROOK,E I 94 SERVICE DRIVE,2017-08-29,29,8,2017,23,3,2,9,,,2,,2,1,4,20,2,2,2,5,0,0,0,0,true,,false,false,true,false,false,,,,,,false,false,false,,,false,false,false,false,false,-82.92976,42.42222,"{
  ""coordinates"": [
    -8.292975511600000e+01,
    4.242221940700010e+01
  ],
  ""type"": ""Point""
}","{
  ""coordinates"": [
    -82.929755116,
    42.422219407
  ],
  ""type"": ""Point""
}",-82.929755116,42.4222194070001
8665,1119640,GRATIOT,GUNSTON,2017-08-29,29,8,2017,9,3,4,3,,1,0,,2,4,1,35,9,2,2,5,0,0,0,0,true,,false,false,false,false,false,,,,,,false,false,false,,,false,false,false,false,false,-82.99511,42.40856,"{
  ""coordinates"": [
    -8.299511061999991e+01,
    4.240855647900000e+01
  ],
  ""type"": ""Point""
}","{
  ""coordinates"": [
    -82.99511062,
    42.408556479
  ],
  ""type"": ""Point""
}",-82.9951106199999,42.408556479
8666,1119621,TEMPLE,5TH,2017-08-29,29,8,2017,16,3,1,9,,4,0,,2,4,1,25,2,1,1,5,0,0,0,0,true,,false,false,false,false,false,,,,,,false,false,false,,,false,false,false,false,false,-83.06497,42.33971,"{
  ""coordinates"": [
    -8.306497424600001e+01,
    4.233970964200010e+01
  ],
  ""type"": ""Point""
}","{
  ""coordinates"": [
    -83.064974246,
    42.339709642
  ],
  ""type"": ""Point""
}",-83.064974246,42.3397096420001
8667,1123516,ASBURY,MCNICHOLS,2017-08-29,29,8,2017,15,3,4,9,,4,0,,1,1,1,35,4,2,2,5,0,0,0,0,true,,true,false,false,false,false,,,,,,false,false,true,,,false,false,false,false,false,-83.20903,42.41577,"{
  ""coordinates"": [
    -8.320902936100001e+01,
    4.241576948000010e+01
  ],
  ""type"": ""Point""
}","{
  ""coordinates"": [
    -83.209029361,
    42.41576948
  ],
  ""type"": ""Point""
}",-83.209029361,42.4157694800001
8668,1123512,TELEGRAPH,VERNE,2017-08-29,29,8,2017,16,3,1,2,,1,1,,2,1,1,45,8,1,1,5,0,0,0,0,true,,false,false,false,false,false,,,,,,false,false,true,,,false,false,false,false,false,-83.27682,42.4107,"{
  ""coordinates"": [
    -8.327681742599999e+01,
    4.241070065700010e+01
  ],
  ""type"": ""Point""
}","{
  ""coordinates"": [
    -83.276817426,
    42.410700657
  ],
  ""type"": ""Point""
}",-83.276817426,42.4107006570001
8669,1120660,N I 75,MODERN,2017-08-29,29,8,2017,15,3,5,1,,1,0,,2,4,1,70,4,2,1,5,0,0,0,0,true,,false,false,true,false,false,,,,,,false,false,false,,,false,false,false,false,false,-83.08463,42.41466,"{
  ""coordinates"": [
    -8.308463569600001e+01,
    4.241465762600010e+01
  ],
  ""type"": ""Point""
}","{
  ""coordinates"": [
    -83.084635696,
    42.414657626
  ],
  ""type"": ""Point""
}",-83.084635696,42.4146576260001