ObjectId,Crash ID,Primary Road,Intersecting Road,Crash Date,Day,Month,Year,Hour,Weekday,Crash Type Code,Highway Classification Code,Community Code,Jurisdiction Code,Lane Departure Type Code,Surface Type,Road Condition,Weather Condition,Lighting Condition,Speed Limit,Lanes,Units,Occupants,Most Severe Injury,Fatal Injuries,Suspected Serious Injuries,Suspected Minor Injuries,Possible Injuries,Property Damage Only,Secondary Crash,Traffic Control,Red Light Run,Hit and Run,Alcohol,Drugs,Unbelted Person,Work Zone,Speeding Driver,Distracted Driver,Driveway,Pedestrian,Elderly Driver,Young Driver,Commercial Vehicle,Emergency Vehicles,Train,School Bus,Motorcycle,Bicycle,Deer,Longitude,Latitude,geom,geog,x,y
8727,1122675,DAVISON,LIVERNOIS,2017-08-29,29,8,2017,14,3,3,3,,1,0,,2,4,1,0,7,2,8,3,0,0,3,1,false,,false,false,false,false,false,,,,,,false,true,false,,,false,false,false,false,false,-83.13947,42.3867,"{
  ""coordinates"": [
    -8.313946513600000e+01,
    4.238670113800000e+01
  ],
  ""type"": ""Point""
}","{
  ""coordinates"": [
    -83.139465136,
    42.386701138
  ],
  ""type"": ""Point""
}",-83.139465136,42.386701138
8728,1119639,TACOMA,REX,2017-08-29,29,8,2017,14,3,4,9,,,0,,2,4,1,25,2,2,2,5,0,0,0,0,true,,true,false,false,false,false,,,,,,false,false,false,,,false,false,false,false,false,-82.9584,42.44187,"{
  ""coordinates"": [
    -8.295840409100001e+01,
    4.244187284400000e+01
  ],
  ""type"": ""Point""
}","{
  ""coordinates"": [
    -82.958404091,
    42.441872844
  ],
  ""type"": ""Point""
}",-82.958404091,42.441872844
8729,1119651,BETHUNE,ROSA,2017-08-28,28,8,2017,10,2,1,9,,,1,,1,1,1,25,2,1,3,5,0,0,0,0,true,,false,false,false,false,false,,,,,,false,false,true,,,false,false,false,false,false,-83.09204,42.36636,"{
  ""coordinates"": [
    -8.309203780900000e+01,
    4.236635650300010e+01
  ],
  ""type"": ""Point""
}","{
  ""coordinates"": [
    -83.092037809,
    42.366356503
  ],
  ""type"": ""Point""
}",-83.092037809,42.3663565030001
8730,1119036,8MILE,ARDMORE,2017-08-28,28,8,2017,15,2,5,3,,1,0,,1,2,1,35,5,2,2,5,0,0,0,0,true,,false,false,false,false,false,,,,,,false,false,false,,,false,false,false,false,false,-83.18594,42.4451,"{
  ""coordinates"": [
    -8.318594239299991e+01,
    4.244510226900010e+01
  ],
  ""type"": ""Point""
}","{
  ""coordinates"": [
    -83.185942393,
    42.445102269
  ],
  ""type"": ""Point""
}",-83.1859423929999,42.4451022690001
8731,1122681,DAVISON,INDIANDALE,2017-08-28,28,8,2017,20,2,5,3,,1,0,,2,4,1,45,4,2,1,5,0,0,0,0,true,,false,false,true,false,false,,,,,,false,false,false,,,false,false,false,false,false,-83.11861,42.39429,"{
  ""coordinates"": [
    -8.311861186499991e+01,
    4.239429173400000e+01
  ],
  ""type"": ""Point""
}","{
  ""coordinates"": [
    -83.118611865,
    42.394291734
  ],
  ""type"": ""Point""
}",-83.1186118649999,42.394291734
8732,1125256,AVON,7 MILE,2017-08-28,28,8,2017,17,2,4,9,,,0,,1,1,1,25,2,2,1,5,0,0,0,0,true,,false,false,false,false,false,,,,,,false,false,false,,,false,false,false,false,false,-83.22657,42.43044,"{
  ""coordinates"": [
    -8.322656645599990e+01,
    4.243043821600000e+01
  ],
  ""type"": ""Point""
}","{
  ""coordinates"": [
    -83.226566456,
    42.430438216
  ],
  ""type"": ""Point""
}",-83.2265664559999,42.430438216
8733,1122705,I-75,8 MILE,2017-08-28,28,8,2017,13,2,8,1,,1,0,,2,4,1,65,2,2,2,5,0,0,0,0,true,,false,false,false,false,false,,,,,,false,false,false,,,false,false,false,false,false,-83.09491,42.43892,"{
  ""coordinates"": [
    -8.309490635299990e+01,
    4.243891443300000e+01
  ],
  ""type"": ""Point""
}","{
  ""coordinates"": [
    -83.094906353,
    42.438914433
  ],
  ""type"": ""Point""
}",-83.0949063529999,42.438914433
8734,1119025,OUTER,GREINER,2017-08-28,28,8,2017,18,2,5,9,,2,0,,2,4,3,35,4,2,2,5,0,0,0,0,true,,false,false,true,false,false,,,,,,false,false,false,,,false,false,false,false,false,-83.01402,42.4272,"{
  ""coordinates"": [
    -8.301402597399991e+01,
    4.242719692600010e+01
  ],
  ""type"": ""Point""
}","{
  ""coordinates"": [
    -83.014025974,
    42.427196926
  ],
  ""type"": ""Point""
}",-83.0140259739999,42.4271969260001
8735,1119038,SCHAEFER,GROVE,2017-08-28,28,8,2017,15,2,1,9,,4,0,,1,2,1,30,2,1,1,5,0,0,0,0,true,,false,false,false,false,false,,,,,,false,false,false,,,false,false,false,false,false,-83.1797,42.41424,"{
  ""coordinates"": [
    -8.317969432099990e+01,
    4.241424096900000e+01
  ],
  ""type"": ""Point""
}","{
  ""coordinates"": [
    -83.179694321,
    42.414240969
  ],
  ""type"": ""Point""
}",-83.1796943209999,42.414240969
8736,1119045,LIVERNOIS,FLORENCE,2017-08-28,28,8,2017,19,2,5,9,,4,0,,2,4,1,30,5,2,1,5,0,0,0,0,true,,false,false,false,false,false,,,,,,false,false,false,,,false,false,false,false,false,-83.1405,42.41195,"{
  ""coordinates"": [
    -8.314049672300000e+01,
    4.241195216000010e+01
  ],
  ""type"": ""Point""
}","{
  ""coordinates"": [
    -83.140496723,
    42.41195216
  ],
  ""type"": ""Point""
}",-83.140496723,42.4119521600001
8737,1124282,N M 10,LIVERNOIS,2017-08-28,28,8,2017,18,2,8,3,,1,0,,2,4,1,55,3,2,1,5,0,0,0,0,true,,false,false,true,false,false,,,,,,false,true,false,,,false,false,false,false,false,-83.14024,42.40496,"{
  ""coordinates"": [
    -8.314023479900000e+01,
    4.240496381800010e+01
  ],
  ""type"": ""Point""
}","{
  ""coordinates"": [
    -83.140234799,
    42.404963818
  ],
  ""type"": ""Point""
}",-83.140234799,42.4049638180001
8738,1178473,E I 96,CSX TRANSPORTATION,2017-08-28,28,8,2017,13,2,2,1,,1,2,,2,4,1,55,3,2,2,3,0,0,1,0,false,,false,false,false,false,false,,,,,,false,false,false,,,false,false,false,false,false,-83.19052,42.37963,"{
  ""coordinates"": [
    -8.319052114800000e+01,
    4.237963260800010e+01
  ],
  ""type"": ""Point""
}","{
  ""coordinates"": [
    -83.190521148,
    42.379632608
  ],
  ""type"": ""Point""
}",-83.190521148,42.3796326080001
8739,1130484,ROSA PARKS,LOTHROP,2017-08-28,28,8,2017,16,2,8,9,,,0,,1,1,1,30,3,2,4,5,0,0,0,0,true,,true,false,false,false,false,,,,,,false,false,false,,,false,false,false,false,false,-83.09137,42.36475,"{
  ""coordinates"": [
    -8.309136718500000e+01,
    4.236475361900010e+01
  ],
  ""type"": ""Point""
}","{
  ""coordinates"": [
    -83.091367185,
    42.364753619
  ],
  ""type"": ""Point""
}",-83.091367185,42.3647536190001
8740,1143784,S M 39,FULLERTON,2017-08-28,28,8,2017,8,2,5,3,,1,0,,1,2,1,55,3,2,2,5,0,0,0,0,true,,false,false,false,false,false,,,,,,false,false,false,,,false,false,false,false,false,-83.21726,42.3801,"{
  ""coordinates"": [
    -8.321726204600000e+01,
    4.238009479400010e+01
  ],
  ""type"": ""Point""
}","{
  ""coordinates"": [
    -83.217262046,
    42.380094794
  ],
  ""type"": ""Point""
}",-83.217262046,42.3800947940001
8741,1124297,M-10,7 MILE,2017-08-28,28,8,2017,18,2,5,3,,1,0,,2,4,1,55,3,2,2,5,0,0,0,0,true,,false,false,false,false,false,,,,,,false,false,false,,,false,false,false,false,false,-83.19286,42.43661,"{
  ""coordinates"": [
    -8.319285426600000e+01,
    4.243660943800010e+01
  ],
  ""type"": ""Point""
}","{
  ""coordinates"": [
    -83.192854266,
    42.436609438
  ],
  ""type"": ""Point""
}",-83.192854266,42.4366094380001
8742,1119043,BAYLIS,PURITAN,2017-08-28,28,8,2017,10,2,4,9,,,0,,2,4,4,25,2,2,1,5,0,0,0,0,true,,false,false,false,false,false,,,,,,false,false,false,,,false,false,false,false,false,-83.124,42.41052,"{
  ""coordinates"": [
    -8.312400277800000e+01,
    4.241051748700000e+01
  ],
  ""type"": ""Point""
}","{
  ""coordinates"": [
    -83.124002778,
    42.410517487
  ],
  ""type"": ""Point""
}",-83.124002778,42.410517487
8743,1119031,8 MILE,SHERWOOD,2017-08-28,28,8,2017,16,2,5,3,,1,0,,1,1,1,40,5,2,2,4,0,0,0,2,false,,false,false,false,false,false,,,,,,false,false,true,,,false,false,false,false,false,-83.03246,42.44799,"{
  ""coordinates"": [
    -8.303246115499999e+01,
    4.244798544900000e+01
  ],
  ""type"": ""Point""
}","{
  ""coordinates"": [
    -83.032461155,
    42.447985449
  ],
  ""type"": ""Point""
}",-83.032461155,42.447985449
8744,1119005,OUTER,WARREN,2017-08-28,28,8,2017,11,2,5,9,,2,0,,1,2,1,35,2,2,1,5,0,0,0,0,true,,false,false,true,false,false,,,,,,false,false,false,,,false,false,false,false,false,-82.93639,42.40368,"{
  ""coordinates"": [
    -8.293639481500000e+01,
    4.240367320800000e+01
  ],
  ""type"": ""Point""
}","{
  ""coordinates"": [
    -82.936394815,
    42.403673208
  ],
  ""type"": ""Point""
}",-82.936394815,42.403673208
8745,1119634,8 MILE,GREENFIELD,2017-08-28,28,8,2017,17,2,5,3,,1,0,,98,1,1,35,3,2,2,4,0,0,0,1,false,,false,false,false,false,false,,,,,,false,false,true,,,false,false,false,false,false,-83.20052,42.44479,"{
  ""coordinates"": [
    -8.320051594900001e+01,
    4.244479375200010e+01
  ],
  ""type"": ""Point""
}","{
  ""coordinates"": [
    -83.200515949,
    42.444793752
  ],
  ""type"": ""Point""
}",-83.200515949,42.4447937520001
8746,1119618,MICHIGAN,ROSA PARKS,2017-08-28,28,8,2017,16,2,5,2,,1,0,,1,1,1,30,3,2,2,5,0,0,0,0,true,,false,false,false,false,false,,,,,,false,false,false,,,false,false,false,false,false,-83.07172,42.3314,"{
  ""coordinates"": [
    -8.307172117600000e+01,
    4.233139866900010e+01
  ],
  ""type"": ""Point""
}","{
  ""coordinates"": [
    -83.071721176,
    42.331398669
  ],
  ""type"": ""Point""
}",-83.071721176,42.3313986690001
8747,1136240,LARNED,RANDOLPH,2017-08-28,28,8,2017,13,2,6,3,,4,0,,2,4,1,25,5,2,2,5,0,0,0,0,true,,false,false,false,false,false,,,,,,false,true,false,,,false,false,false,false,false,-83.04264,42.33054,"{
  ""coordinates"": [
    -8.304263831799990e+01,
    4.233054267100000e+01
  ],
  ""type"": ""Point""
}","{
  ""coordinates"": [
    -83.042638318,
    42.330542671
  ],
  ""type"": ""Point""
}",-83.0426383179999,42.330542671
8748,1119047,LAFAYETTE,SAINT ANTOINE,2017-08-28,28,8,2017,0,2,97,9,,4,0,,1,1,4,25,3,2,2,5,0,0,0,0,true,,false,false,false,false,false,,,,,,false,false,false,,,false,false,false,false,false,-83.04009,42.33464,"{
  ""coordinates"": [
    -8.304009049099990e+01,
    4.233464462500010e+01
  ],
  ""type"": ""Point""
}","{
  ""coordinates"": [
    -83.040090491,
    42.334644625
  ],
  ""type"": ""Point""
}",-83.0400904909999,42.3346446250001
8749,1124281,M-10,GRAND,2017-08-28,28,8,2017,22,2,98,3,,1,0,,2,4,4,55,3,2,3,2,0,1,1,0,false,,false,false,false,false,false,,,,,,false,true,false,,,false,false,false,false,false,-83.08393,42.37046,"{
  ""coordinates"": [
    -8.308392805200000e+01,
    4.237045480000010e+01
  ],
  ""type"": ""Point""
}","{
  ""coordinates"": [
    -83.083928052,
    42.3704548
  ],
  ""type"": ""Point""
}",-83.083928052,42.3704548000001
8750,1119001,FAIRVIEW,CANFIELD,2017-08-28,28,8,2017,14,2,4,9,,,0,,2,4,1,0,1,2,2,5,0,0,0,0,true,,true,false,false,false,false,,,,,,false,false,true,,,false,false,false,false,false,-82.98448,42.38188,"{
  ""coordinates"": [
    -8.298448222199990e+01,
    4.238188099800000e+01
  ],
  ""type"": ""Point""
}","{
  ""coordinates"": [
    -82.984482222,
    42.381880998
  ],
  ""type"": ""Point""
}",-82.9844822219999,42.381880998
8751,1119023,HAYES,EIGHT MILE,2017-08-28,28,8,2017,11,2,5,3,,4,0,,1,1,1,30,2,2,2,5,0,0,0,0,true,,false,false,false,false,false,,,,,,false,false,false,,,false,false,false,false,false,-82.96609,42.44989,"{
  ""coordinates"": [
    -8.296608734199999e+01,
    4.244989323500000e+01
  ],
  ""type"": ""Point""
}","{
  ""coordinates"": [
    -82.966087342,
    42.449893235
  ],
  ""type"": ""Point""
}",-82.966087342,42.449893235
8752,1119032,MOUND,CHARLES,2017-08-28,28,8,2017,12,2,5,9,,2,0,,1,1,1,35,2,2,2,4,0,0,0,1,false,,false,false,false,false,false,,,,,,false,false,false,,,false,false,false,false,false,-83.04308,42.41187,"{
  ""coordinates"": [
    -8.304307344599989e+01,
    4.241187204100000e+01
  ],
  ""type"": ""Point""
}","{
  ""coordinates"": [
    -83.043073446,
    42.411872041
  ],
  ""type"": ""Point""
}",-83.0430734459999,42.411872041
8753,1122546,RAMP 216J,RAMP 216H,2017-08-28,28,8,2017,11,2,5,1,,1,0,,1,1,1,55,1,2,3,5,0,0,0,0,true,,false,false,false,false,false,,,,,,false,false,true,,,false,false,false,false,false,-83.05815,42.36893,"{
  ""coordinates"": [
    -8.305815114500000e+01,
    4.236892724600010e+01
  ],
  ""type"": ""Point""
}","{
  ""coordinates"": [
    -83.058151145,
    42.368927246
  ],
  ""type"": ""Point""
}",-83.058151145,42.3689272460001
8754,1124283,E I 96,GRAND RIVER,2017-08-28,28,8,2017,19,2,1,1,,1,0,,2,4,1,70,4,1,3,5,0,0,0,0,true,,false,false,false,false,false,,,,,,false,false,false,,,false,false,false,false,false,-83.17563,42.38374,"{
  ""coordinates"": [
    -8.317563215199991e+01,
    4.238374474900010e+01
  ],
  ""type"": ""Point""
}","{
  ""coordinates"": [
    -83.175632152,
    42.383744749
  ],
  ""type"": ""Point""
}",-83.1756321519999,42.3837447490001
8755,1119042,8 MILE,SOUTHFIELD SERVICE DRIVE,2017-08-28,28,8,2017,8,2,5,3,,1,0,,1,1,1,0,2,2,2,5,0,0,0,0,true,,false,false,false,false,false,,,,,,false,true,false,,,false,false,false,false,false,-83.22,42.44418,"{
  ""coordinates"": [
    -8.322000169800000e+01,
    4.244417496800000e+01
  ],
  ""type"": ""Point""
}","{
  ""coordinates"": [
    -83.220001698,
    42.444174968
  ],
  ""type"": ""Point""
}",-83.220001698,42.444174968
8756,1124360,WARREN,ANTHONY WAYNE,2017-08-28,28,8,2017,23,2,4,9,,4,0,,2,4,4,30,3,2,3,5,0,0,0,0,true,,true,true,false,false,false,,,,,,false,false,false,,,false,false,false,false,false,-83.07146,42.35438,"{
  ""coordinates"": [
    -8.307146610099990e+01,
    4.235437857300010e+01
  ],
  ""type"": ""Point""
}","{
  ""coordinates"": [
    -83.071466101,
    42.354378573
  ],
  ""type"": ""Point""
}",-83.0714661009999,42.3543785730001
8757,1119006,ALGONQUIN,FREUD,2017-08-28,28,8,2017,20,2,8,9,,,0,,2,4,5,25,2,2,1,5,0,0,0,0,true,,false,false,true,false,false,,,,,,false,false,false,,,false,false,false,false,false,-82.95384,42.36551,"{
  ""coordinates"": [
    -8.295384038600000e+01,
    4.236550415700000e+01
  ],
  ""type"": ""Point""
}","{
  ""coordinates"": [
    -82.953840386,
    42.365504157
  ],
  ""type"": ""Point""
}",-82.953840386,42.365504157
8758,1119039,ROSELAWN,CHIPPEWA,2017-08-28,28,8,2017,18,2,98,9,,,0,,2,4,97,25,2,2,1,5,0,0,0,0,true,,false,false,true,false,false,,,,,,false,false,false,,,false,false,false,false,false,-83.15341,42.44128,"{
  ""coordinates"": [
    -8.315341287299999e+01,
    4.244127870700000e+01
  ],
  ""type"": ""Point""
}","{
  ""coordinates"": [
    -83.153412873,
    42.441278707
  ],
  ""type"": ""Point""
}",-83.153412873,42.441278707
8759,1124290,I-94,LIVERNOIS,2017-08-28,28,8,2017,22,2,1,1,,1,0,,2,4,4,55,3,1,2,4,0,0,0,1,false,,false,false,false,false,false,,,,,,false,false,false,,,false,false,false,false,false,-83.12664,42.33677,"{
  ""coordinates"": [
    -8.312664268400000e+01,
    4.233676768100000e+01
  ],
  ""type"": ""Point""
}","{
  ""coordinates"": [
    -83.126642684,
    42.336767681
  ],
  ""type"": ""Point""
}",-83.126642684,42.336767681
8760,1119656,LIVERNOIS,KEELER,2017-08-28,28,8,2017,18,2,97,9,,4,0,,2,4,3,35,3,2,2,5,0,0,0,0,true,,false,false,false,false,false,,,,,,false,false,true,,,false,false,false,false,false,-83.14021,42.40464,"{
  ""coordinates"": [
    -8.314021618100000e+01,
    4.240464137400010e+01
  ],
  ""type"": ""Point""
}","{
  ""coordinates"": [
    -83.140216181,
    42.404641374
  ],
  ""type"": ""Point""
}",-83.140216181,42.4046413740001
8761,1119007,GLASTONBURY,LANCASHIRE,2017-08-28,28,8,2017,17,2,4,9,,,0,,2,4,1,25,2,2,5,5,0,0,0,0,true,,false,false,false,false,false,,,,,,false,true,true,,,false,false,false,false,false,-83.22422,42.40413,"{
  ""coordinates"": [
    -8.322422377100000e+01,
    4.240413434900010e+01
  ],
  ""type"": ""Point""
}","{
  ""coordinates"": [
    -83.224223771,
    42.404134349
  ],
  ""type"": ""Point""
}",-83.224223771,42.4041343490001
8762,1119632,DAVISON,ROSA,2017-08-28,28,8,2017,15,2,5,3,,1,0,,2,2,1,35,7,2,2,5,0,0,0,0,true,,false,false,false,false,false,,,,,,false,false,true,,,false,false,false,false,false,-83.11323,42.39629,"{
  ""coordinates"": [
    -8.311322554000000e+01,
    4.239629290900010e+01
  ],
  ""type"": ""Point""
}","{
  ""coordinates"": [
    -83.11322554,
    42.396292909
  ],
  ""type"": ""Point""
}",-83.11322554,42.3962929090001
8763,1149291,CARPENTER,GALLAGHER,2017-08-28,28,8,2017,21,2,2,9,,4,2,,2,4,4,30,4,2,2,5,0,0,0,0,true,,false,false,false,false,false,,,,,,false,false,false,,,false,false,false,false,false,-83.06062,42.40768,"{
  ""coordinates"": [
    -8.306062188999989e+01,
    4.240768278300000e+01
  ],
  ""type"": ""Point""
}","{
  ""coordinates"": [
    -83.06062189,
    42.407682783
  ],
  ""type"": ""Point""
}",-83.0606218899999,42.407682783
8764,1123488,ALTER,VOIGHT,2017-08-28,28,8,2017,15,2,4,9,,4,0,,2,4,1,0,2,2,2,5,0,0,0,0,true,,false,false,false,false,false,,,,,,false,false,true,,,false,false,false,false,false,-82.95252,42.39452,"{
  ""coordinates"": [
    -8.295251997600000e+01,
    4.239451697600000e+01
  ],
  ""type"": ""Point""
}","{
  ""coordinates"": [
    -82.952519976,
    42.394516976
  ],
  ""type"": ""Point""
}",-82.952519976,42.394516976
8765,1119014,RYAN,EMERY,2017-08-28,28,8,2017,6,2,4,9,,4,0,,1,2,2,30,2,2,2,4,0,0,0,1,false,,true,false,false,false,false,,,,,,false,false,false,,,false,false,false,false,false,-83.06326,42.43571,"{
  ""coordinates"": [
    -8.306326629199999e+01,
    4.243570762700010e+01
  ],
  ""type"": ""Point""
}","{
  ""coordinates"": [
    -83.063266292,
    42.435707627
  ],
  ""type"": ""Point""
}",-83.063266292,42.4357076270001
8766,1149284,CARPENTER,GALLAGHER,2017-08-28,28,8,2017,21,2,2,9,,4,2,,2,4,4,30,4,2,2,4,0,0,0,1,false,,false,false,false,false,false,,,,,,false,false,false,,,false,false,false,false,false,-83.06059,42.4077,"{
  ""coordinates"": [
    -8.306058738400000e+01,
    4.240769550600000e+01
  ],
  ""type"": ""Point""
}","{
  ""coordinates"": [
    -83.060587384,
    42.407695506
  ],
  ""type"": ""Point""
}",-83.060587384,42.407695506
8767,1122547,I-75,CLAY,2017-08-28,28,8,2017,14,2,8,1,,1,0,,2,4,1,70,4,2,2,4,0,0,0,2,false,,false,false,false,false,false,,,,,,false,false,false,,,false,false,false,false,false,-83.0637,42.37952,"{
  ""coordinates"": [
    -8.306369571000000e+01,
    4.237952079600010e+01
  ],
  ""type"": ""Point""
}","{
  ""coordinates"": [
    -83.06369571,
    42.379520796
  ],
  ""type"": ""Point""
}",-83.06369571,42.3795207960001
8768,1138874,JEFFERSON,BRUSH,2017-08-28,28,8,2017,16,2,5,4,,1,0,,2,2,1,35,4,2,2,5,0,0,0,0,true,,false,false,false,false,false,,,,,,false,false,false,,,false,false,false,false,false,-83.04117,42.32995,"{
  ""coordinates"": [
    -8.304116937299990e+01,
    4.232995325800000e+01
  ],
  ""type"": ""Point""
}","{
  ""coordinates"": [
    -83.041169373,
    42.329953258
  ],
  ""type"": ""Point""
}",-83.0411693729999,42.329953258
8769,1124289,M-10,GRAND,2017-08-28,28,8,2017,19,2,5,3,,1,0,,2,4,1,55,3,2,2,5,0,0,0,0,true,,false,false,false,false,false,,,,,,false,true,true,,,false,false,false,false,false,-83.08092,42.36569,"{
  ""coordinates"": [
    -8.308091819200000e+01,
    4.236568804100010e+01
  ],
  ""type"": ""Point""
}","{
  ""coordinates"": [
    -83.080918192,
    42.365688041
  ],
  ""type"": ""Point""
}",-83.080918192,42.3656880410001
8770,1119630,S M 39 SERVICE DRIVE,JOY,2017-08-28,28,8,2017,16,2,7,9,,4,0,,2,1,1,25,3,2,2,5,0,0,0,0,true,,false,false,true,false,false,,,,,,false,false,true,,,false,false,false,false,false,-83.2169,42.35789,"{
  ""coordinates"": [
    -8.321690543400000e+01,
    4.235788705100000e+01
  ],
  ""type"": ""Point""
}","{
  ""coordinates"": [
    -83.216905434,
    42.357887051
  ],
  ""type"": ""Point""
}",-83.216905434,42.357887051
8771,1118998,N M 10 SERVICE DRIVE,GRAND,2017-08-28,28,8,2017,9,2,5,9,,4,0,,1,1,1,35,2,2,1,5,0,0,0,0,true,,false,false,true,false,false,,,,,,false,false,false,,,false,false,false,false,false,-83.08138,42.36713,"{
  ""coordinates"": [
    -8.308137550500000e+01,
    4.236712797400000e+01
  ],
  ""type"": ""Point""
}","{
  ""coordinates"": [
    -83.081375505,
    42.367127974
  ],
  ""type"": ""Point""
}",-83.081375505,42.367127974
8772,1122558,M-39,PLYMOUTH,2017-08-28,28,8,2017,8,2,5,3,,1,0,,1,1,1,55,3,2,2,5,0,0,0,0,true,,false,false,false,false,false,,,,,,false,false,false,,,false,false,false,false,false,-83.21684,42.3737,"{
  ""coordinates"": [
    -8.321683656300000e+01,
    4.237370276300000e+01
  ],
  ""type"": ""Point""
}","{
  ""coordinates"": [
    -83.216836563,
    42.373702763
  ],
  ""type"": ""Point""
}",-83.216836563,42.373702763
8773,1118995,GRAND RIVER,SUSSEX,2017-08-28,28,8,2017,10,2,97,3,,1,0,,1,1,1,40,4,1,2,4,0,0,0,2,false,,false,false,false,false,false,,,,,,false,false,true,,,false,false,false,false,false,-83.19481,42.39123,"{
  ""coordinates"": [
    -8.319480974200000e+01,
    4.239123139700010e+01
  ],
  ""type"": ""Point""
}","{
  ""coordinates"": [
    -83.194809742,
    42.391231397
  ],
  ""type"": ""Point""
}",-83.194809742,42.3912313970001
8774,1119012,N M 39 SERVICE DRIVE,JOY,2017-08-28,28,8,2017,17,2,97,9,,4,0,,1,2,1,55,6,2,2,5,0,0,0,0,true,,false,false,true,false,false,,,,,,false,false,false,,,false,false,false,false,false,-83.21613,42.3565,"{
  ""coordinates"": [
    -8.321612654899999e+01,
    4.235650109000010e+01
  ],
  ""type"": ""Point""
}","{
  ""coordinates"": [
    -83.216126549,
    42.35650109
  ],
  ""type"": ""Point""
}",-83.216126549,42.3565010900001
8775,1118992,JEFFERSON,RANDOLPH,2017-08-28,28,8,2017,10,2,8,4,,1,0,,1,2,1,35,3,2,2,5,0,0,0,0,true,,false,false,false,false,false,,,,,,false,true,false,,,false,false,false,false,false,-83.04177,42.32969,"{
  ""coordinates"": [
    -8.304177369000000e+01,
    4.232969107700010e+01
  ],
  ""type"": ""Point""
}","{
  ""coordinates"": [
    -83.04177369,
    42.329691077
  ],
  ""type"": ""Point""
}",-83.04177369,42.3296910770001
8776,1122556,I-96,MARTIN LUTHER KING JR,2017-08-28,28,8,2017,7,2,8,1,,1,0,,1,1,1,55,4,2,3,4,0,0,0,1,false,,false,false,false,false,false,,,,,,false,false,false,,,false,false,false,false,false,-83.09011,42.33539,"{
  ""coordinates"": [
    -8.309011359199999e+01,
    4.233538647100000e+01
  ],
  ""type"": ""Point""
}","{
  ""coordinates"": [
    -83.090113592,
    42.335386471
  ],
  ""type"": ""Point""
}",-83.090113592,42.335386471
8777,1138855,JEFFERSON,BEAUBIEN,2017-08-28,28,8,2017,2,2,8,4,,1,0,,2,4,1,35,2,2,2,5,0,0,0,0,true,,false,false,false,false,false,,,,,,false,false,false,,,false,false,false,false,false,-83.03972,42.33057,"{
  ""coordinates"": [
    -8.303971922600000e+01,
    4.233056482300000e+01
  ],
  ""type"": ""Point""
}","{
  ""coordinates"": [
    -83.039719226,
    42.330564823
  ],
  ""type"": ""Point""
}",-83.039719226,42.330564823
8778,1119003,HARPER,GUILFORD,2017-08-28,28,8,2017,15,2,5,9,,4,0,,1,2,1,30,4,2,2,5,0,0,0,0,true,,false,false,false,false,false,,,,,,false,false,true,,,false,false,false,false,false,-82.9341,42.41782,"{
  ""coordinates"": [
    -8.293409789899989e+01,
    4.241781984200000e+01
  ],
  ""type"": ""Point""
}","{
  ""coordinates"": [
    -82.934097899,
    42.417819842
  ],
  ""type"": ""Point""
}",-82.9340978989999,42.417819842
8779,1122683,S I 75 SERVICE DRIVE,7 MILE,2017-08-28,28,8,2017,10,2,4,9,,4,0,,1,1,1,30,4,2,1,5,0,0,0,0,true,,false,false,true,false,false,,,,,,false,true,false,,,false,false,false,false,false,-83.09535,42.43249,"{
  ""coordinates"": [
    -8.309535038800000e+01,
    4.243249306600010e+01
  ],
  ""type"": ""Point""
}","{
  ""coordinates"": [
    -83.095350388,
    42.432493066
  ],
  ""type"": ""Point""
}",-83.095350388,42.4324930660001
8780,1122548,I-75,CLAY,2017-08-28,28,8,2017,14,2,5,1,,1,0,,2,4,1,70,3,2,2,5,0,0,0,0,true,,false,false,false,false,false,,,,,,false,false,false,,,false,false,false,false,false,-83.06198,42.377,"{
  ""coordinates"": [
    -8.306198364799999e+01,
    4.237700127300010e+01
  ],
  ""type"": ""Point""
}","{
  ""coordinates"": [
    -83.061983648,
    42.377001273
  ],
  ""type"": ""Point""
}",-83.061983648,42.3770012730001
8781,1178486,ST ANTOINE,BEACON,2017-08-28,28,8,2017,17,2,8,1,,4,0,,1,2,1,0,2,2,2,5,0,0,0,0,true,,false,false,true,false,false,,,,,,false,false,false,,,false,false,false,false,false,-83.043,42.33867,"{
  ""coordinates"": [
    -8.304299967000000e+01,
    4.233867208300010e+01
  ],
  ""type"": ""Point""
}","{
  ""coordinates"": [
    -83.04299967,
    42.338672083
  ],
  ""type"": ""Point""
}",-83.04299967,42.3386720830001
8782,1119040,METTETAL,FULLERTON,2017-08-28,28,8,2017,11,2,8,9,,,3,,1,1,1,35,2,2,4,5,0,0,0,0,true,,false,false,true,false,false,,,,,,false,false,true,,,false,false,false,false,false,-83.20628,42.38011,"{
  ""coordinates"": [
    -8.320627797799990e+01,
    4.238011088000010e+01
  ],
  ""type"": ""Point""
}","{
  ""coordinates"": [
    -83.206277978,
    42.38011088
  ],
  ""type"": ""Point""
}",-83.2062779779999,42.3801108800001
8783,1123491,BRAMELL,PLYMOUTH,2017-08-28,28,8,2017,9,2,5,9,,,0,,1,1,1,25,2,2,1,5,0,0,0,0,true,,false,false,true,false,false,,,,,,false,false,false,,,false,false,false,false,false,-83.26324,42.37017,"{
  ""coordinates"": [
    -8.326324125500000e+01,
    4.237017540000010e+01
  ],
  ""type"": ""Point""
}","{
  ""coordinates"": [
    -83.263241255,
    42.3701754
  ],
  ""type"": ""Point""
}",-83.263241255,42.3701754000001