ObjectId,Crash ID,Primary Road,Intersecting Road,Crash Date,Day,Month,Year,Hour,Weekday,Crash Type Code,Highway Classification Code,Community Code,Jurisdiction Code,Lane Departure Type Code,Surface Type,Road Condition,Weather Condition,Lighting Condition,Speed Limit,Lanes,Units,Occupants,Most Severe Injury,Fatal Injuries,Suspected Serious Injuries,Suspected Minor Injuries,Possible Injuries,Property Damage Only,Secondary Crash,Traffic Control,Red Light Run,Hit and Run,Alcohol,Drugs,Unbelted Person,Work Zone,Speeding Driver,Distracted Driver,Driveway,Pedestrian,Elderly Driver,Young Driver,Commercial Vehicle,Emergency Vehicles,Train,School Bus,Motorcycle,Bicycle,Deer,Longitude,Latitude,geom,geog,x,y
8784,1151429,PARKER,ST PAUL,2017-08-28,28,8,2017,12,2,8,9,,,0,,1,2,1,25,1,2,2,5,0,0,0,0,true,,false,false,false,false,false,,,,,,false,true,false,,,false,false,false,false,false,-82.99727,42.35707,"{
  ""coordinates"": [
    -8.299726786399999e+01,
    4.235706680600000e+01
  ],
  ""type"": ""Point""
}","{
  ""coordinates"": [
    -82.997267864,
    42.357066806
  ],
  ""type"": ""Point""
}",-82.997267864,42.357066806
8785,1232072,CONGRESS,WOODWARD,2017-08-28,28,8,2017,9,2,8,9,,4,0,,1,1,1,30,3,2,2,5,0,0,0,0,true,,false,false,false,false,false,,,,,,false,false,false,,,false,false,false,false,false,-83.04578,42.33023,"{
  ""coordinates"": [
    -8.304577730699999e+01,
    4.233022818600010e+01
  ],
  ""type"": ""Point""
}","{
  ""coordinates"": [
    -83.045777307,
    42.330228186
  ],
  ""type"": ""Point""
}",-83.045777307,42.3302281860001
8786,1118993,SCHOOLCRAFT,MEYERS,2017-08-28,28,8,2017,18,2,97,9,,4,0,,2,4,1,35,2,2,1,2,0,1,0,0,false,,false,false,false,false,false,,,,,,true,true,false,,,false,false,false,false,false,-83.16878,42.38825,"{
  ""coordinates"": [
    -8.316877472600000e+01,
    4.238825322400000e+01
  ],
  ""type"": ""Point""
}","{
  ""coordinates"": [
    -83.168774726,
    42.388253224
  ],
  ""type"": ""Point""
}",-83.168774726,42.388253224
8787,1119034,OUTER,HUBBELL,2017-08-28,28,8,2017,9,2,8,9,,2,0,,1,1,1,30,2,2,3,5,0,0,0,0,true,,false,false,true,false,false,,,,,,false,false,true,,,false,false,false,false,false,-83.1897,42.41994,"{
  ""coordinates"": [
    -8.318970311800000e+01,
    4.241994456500000e+01
  ],
  ""type"": ""Point""
}","{
  ""coordinates"": [
    -83.189703118,
    42.419944565
  ],
  ""type"": ""Point""
}",-83.189703118,42.419944565
8788,1124291,E I 96 CD,GRAND RIVER,2017-08-28,28,8,2017,22,2,1,1,,1,1,,2,4,4,70,4,1,1,5,0,0,0,0,true,,false,false,false,false,false,,,,,,false,false,false,,,false,false,false,false,false,-83.17587,42.38352,"{
  ""coordinates"": [
    -8.317587581799999e+01,
    4.238351668000010e+01
  ],
  ""type"": ""Point""
}","{
  ""coordinates"": [
    -83.175875818,
    42.38351668
  ],
  ""type"": ""Point""
}",-83.175875818,42.3835166800001
8789,1119002,DICKERSON,FOREST,2017-08-28,28,8,2017,12,2,5,9,,4,0,,1,1,1,0,1,2,3,4,0,0,0,1,false,,false,false,true,false,false,,,,,,false,false,false,,,false,false,false,false,false,-82.96597,42.39093,"{
  ""coordinates"": [
    -8.296597315199990e+01,
    4.239093248300000e+01
  ],
  ""type"": ""Point""
}","{
  ""coordinates"": [
    -82.965973152,
    42.390932483
  ],
  ""type"": ""Point""
}",-82.9659731519999,42.390932483
8790,1122552,I-375,MONROE,2017-08-28,28,8,2017,8,2,5,1,,1,0,,1,1,1,55,3,2,2,5,0,0,0,0,true,,false,false,false,false,false,,,,,,false,false,true,,,false,false,false,false,false,-83.03918,42.33748,"{
  ""coordinates"": [
    -8.303917538300000e+01,
    4.233748097000010e+01
  ],
  ""type"": ""Point""
}","{
  ""coordinates"": [
    -83.039175383,
    42.33748097
  ],
  ""type"": ""Point""
}",-83.039175383,42.3374809700001
8791,1142061,DAVISON,PETOSKEY,2017-08-28,28,8,2017,13,2,3,3,,1,0,,2,1,1,30,6,3,3,4,0,0,0,1,false,,false,false,false,false,false,,,,,,false,true,false,,,false,false,false,false,false,-83.13531,42.38807,"{
  ""coordinates"": [
    -8.313531546699990e+01,
    4.238806967300010e+01
  ],
  ""type"": ""Point""
}","{
  ""coordinates"": [
    -83.135315467,
    42.388069673
  ],
  ""type"": ""Point""
}",-83.1353154669999,42.3880696730001
8792,1122655,DEXTER,DAVISON,2017-08-28,28,8,2017,14,2,7,3,,4,0,,2,4,4,30,5,2,2,3,0,0,1,0,false,,false,false,false,false,false,,,,,,false,false,true,,,false,false,false,false,false,-83.13085,42.38972,"{
  ""coordinates"": [
    -8.313084985099989e+01,
    4.238972379100010e+01
  ],
  ""type"": ""Point""
}","{
  ""coordinates"": [
    -83.130849851,
    42.389723791
  ],
  ""type"": ""Point""
}",-83.1308498509999,42.3897237910001
8793,1122559,I-75,MILWAUKEE,2017-08-28,28,8,2017,15,2,8,1,,1,0,,1,1,1,55,4,2,2,5,0,0,0,0,true,,false,false,false,false,false,,,,,,false,false,false,,,false,false,false,false,false,-83.06069,42.37509,"{
  ""coordinates"": [
    -8.306069387299991e+01,
    4.237509158700000e+01
  ],
  ""type"": ""Point""
}","{
  ""coordinates"": [
    -83.060693873,
    42.375091587
  ],
  ""type"": ""Point""
}",-83.0606938729999,42.375091587
8794,1119046,8 MILE,LESURE,2017-08-28,28,8,2017,18,2,8,3,,1,0,,2,4,1,35,4,2,1,5,0,0,0,0,true,,false,false,true,false,false,,,,,,false,false,false,,,false,false,false,false,false,-83.18396,42.44514,"{
  ""coordinates"": [
    -8.318395908600000e+01,
    4.244513865700000e+01
  ],
  ""type"": ""Point""
}","{
  ""coordinates"": [
    -83.183959086,
    42.445138657
  ],
  ""type"": ""Point""
}",-83.183959086,42.445138657
8795,1124286,E I 96 CD,GRAND RIVER,2017-08-28,28,8,2017,21,2,1,1,,1,0,,2,4,4,70,4,1,1,5,0,0,0,0,true,,false,false,false,false,false,,,,,,false,false,false,,,false,false,false,false,false,-83.1759,42.38351,"{
  ""coordinates"": [
    -8.317589464700001e+01,
    4.238351258000010e+01
  ],
  ""type"": ""Point""
}","{
  ""coordinates"": [
    -83.175894647,
    42.38351258
  ],
  ""type"": ""Point""
}",-83.175894647,42.3835125800001
8796,1120676,VERNOR,INGLIS,2017-08-28,28,8,2017,16,2,5,9,,4,0,,1,1,1,25,4,2,3,5,0,0,0,0,true,,false,false,true,false,false,,,,,,false,false,false,,,false,false,false,false,false,-83.12839,42.31097,"{
  ""coordinates"": [
    -8.312838556299990e+01,
    4.231096710900000e+01
  ],
  ""type"": ""Point""
}","{
  ""coordinates"": [
    -83.128385563,
    42.310967109
  ],
  ""type"": ""Point""
}",-83.1283855629999,42.310967109
8797,1119035,MEYERS,S M 10,2017-08-28,28,8,2017,22,2,97,9,,4,0,,2,4,4,30,2,1,2,5,0,0,0,0,true,,false,false,true,false,false,,,,,,false,false,true,,,false,false,false,false,false,-83.16998,42.41422,"{
  ""coordinates"": [
    -8.316998470899991e+01,
    4.241421684000010e+01
  ],
  ""type"": ""Point""
}","{
  ""coordinates"": [
    -83.169984709,
    42.41421684
  ],
  ""type"": ""Point""
}",-83.1699847089999,42.4142168400001
8798,1122658,CLEMENTS,PETOSKEY,2017-08-28,28,8,2017,14,2,97,9,,,3,,1,1,1,25,2,2,6,5,0,0,0,0,true,,false,false,false,false,false,,,,,,false,false,true,,,false,false,false,false,false,-83.13569,42.38897,"{
  ""coordinates"": [
    -8.313568515400000e+01,
    4.238897218300010e+01
  ],
  ""type"": ""Point""
}","{
  ""coordinates"": [
    -83.135685154,
    42.388972183
  ],
  ""type"": ""Point""
}",-83.135685154,42.3889721830001
8799,1119017,SOUTHFIELD SERVICE,OUTER,2017-08-28,28,8,2017,13,2,4,3,,1,0,,2,4,97,35,3,2,3,3,0,0,1,0,false,,false,false,false,false,false,,,,,,false,false,true,,,false,false,false,false,false,-83.21901,42.41927,"{
  ""coordinates"": [
    -8.321900649299990e+01,
    4.241927208900010e+01
  ],
  ""type"": ""Point""
}","{
  ""coordinates"": [
    -83.219006493,
    42.419272089
  ],
  ""type"": ""Point""
}",-83.2190064929999,42.4192720890001
8800,1119027,7 MILE,DEQUINDRE,2017-08-28,28,8,2017,22,2,5,9,,4,0,,2,4,4,35,2,2,2,3,0,0,1,1,false,,false,false,true,false,false,,,,,,false,true,false,,,false,false,false,false,false,-83.08307,42.43291,"{
  ""coordinates"": [
    -8.308306554900000e+01,
    4.243290544600010e+01
  ],
  ""type"": ""Point""
}","{
  ""coordinates"": [
    -83.083065549,
    42.432905446
  ],
  ""type"": ""Point""
}",-83.083065549,42.4329054460001
8801,1128348,GRATIOT,7 MILE,2017-08-28,28,8,2017,14,2,5,3,,1,0,,2,4,1,35,4,2,3,5,0,0,0,0,true,,false,false,false,false,false,,,,,,false,true,true,,,false,false,false,false,false,-82.97769,42.43509,"{
  ""coordinates"": [
    -8.297769083700000e+01,
    4.243508421800000e+01
  ],
  ""type"": ""Point""
}","{
  ""coordinates"": [
    -82.977690837,
    42.435084218
  ],
  ""type"": ""Point""
}",-82.977690837,42.435084218
8802,1122564,E/B I 94,WOODWARD,2017-08-28,28,8,2017,16,2,5,1,,1,0,,1,2,1,55,3,2,1,5,0,0,0,0,true,,false,false,true,false,false,,,,,,false,false,false,,,false,false,false,false,false,-83.06718,42.36441,"{
  ""coordinates"": [
    -8.306717673900000e+01,
    4.236440898000010e+01
  ],
  ""type"": ""Point""
}","{
  ""coordinates"": [
    -83.067176739,
    42.36440898
  ],
  ""type"": ""Point""
}",-83.067176739,42.3644089800001
8803,1120694,DAVISON,LIVERNOIS,2017-08-28,28,8,2017,13,2,3,3,,1,0,,2,4,1,35,7,3,3,4,0,0,0,1,false,,false,false,false,false,false,,,,,,false,true,false,,,false,false,false,false,false,-83.13973,42.38649,"{
  ""coordinates"": [
    -8.313973295300001e+01,
    4.238649324600000e+01
  ],
  ""type"": ""Point""
}","{
  ""coordinates"": [
    -83.139732953,
    42.386493246
  ],
  ""type"": ""Point""
}",-83.139732953,42.386493246
8804,1122544,I-94,THIRD,2017-08-28,28,8,2017,12,2,5,1,,1,0,,1,2,1,55,3,2,3,4,0,0,0,1,false,,false,false,false,false,false,,,,,,false,false,false,,,false,false,false,false,false,-83.07485,42.35981,"{
  ""coordinates"": [
    -8.307485227200000e+01,
    4.235980459600010e+01
  ],
  ""type"": ""Point""
}","{
  ""coordinates"": [
    -83.074852272,
    42.359804596
  ],
  ""type"": ""Point""
}",-83.074852272,42.3598045960001
8805,1121486,GRATIOT,MCCLELLAN,2017-08-28,28,8,2017,17,2,9,3,,1,0,,1,1,1,35,4,2,1,5,0,0,0,0,true,,false,false,true,false,false,,,,,,false,false,false,,,false,false,false,false,false,-83.00708,42.39033,"{
  ""coordinates"": [
    -8.300708002800000e+01,
    4.239033298800010e+01
  ],
  ""type"": ""Point""
}","{
  ""coordinates"": [
    -83.007080028,
    42.390332988
  ],
  ""type"": ""Point""
}",-83.007080028,42.3903329880001
8806,1119013,W.WARREN,ARTESIAN,2017-08-28,28,8,2017,9,2,97,9,,2,0,,1,2,1,35,2,2,2,5,0,0,0,0,true,,false,false,true,false,false,,,,,,false,false,false,,,false,false,false,false,false,-83.22574,42.34328,"{
  ""coordinates"": [
    -8.322573916000000e+01,
    4.234328277700010e+01
  ],
  ""type"": ""Point""
}","{
  ""coordinates"": [
    -83.22573916,
    42.343282777
  ],
  ""type"": ""Point""
}",-83.22573916,42.3432827770001
8807,1119004,MOROSS,CHANDLER PARK,2017-08-28,28,8,2017,14,2,5,9,,2,0,,2,4,1,35,4,2,2,5,0,0,0,0,true,,false,false,false,false,false,,,,,,false,false,false,,,false,false,false,false,false,-82.91525,42.41872,"{
  ""coordinates"": [
    -8.291524269500000e+01,
    4.241872416400000e+01
  ],
  ""type"": ""Point""
}","{
  ""coordinates"": [
    -82.915242695,
    42.418724164
  ],
  ""type"": ""Point""
}",-82.915242695,42.418724164
8808,1119633,8 MILE,SOUTHFIELD SERVICE DRIVE,2017-08-28,28,8,2017,17,2,8,3,,1,0,,2,1,1,0,4,2,2,5,0,0,0,0,true,,false,false,false,false,false,,,,,,false,false,true,,,false,false,false,false,false,-83.21998,42.44418,"{
  ""coordinates"": [
    -8.321998135400000e+01,
    4.244417520900000e+01
  ],
  ""type"": ""Point""
}","{
  ""coordinates"": [
    -83.219981354,
    42.444175209
  ],
  ""type"": ""Point""
}",-83.219981354,42.444175209
8809,1122673,RADFORD,VICKSBURG,2017-08-28,28,8,2017,2,2,1,9,,,0,,1,1,4,25,2,1,2,2,0,1,0,0,false,,false,false,false,false,false,,,,,,false,false,true,,,false,false,false,false,false,-83.11691,42.36088,"{
  ""coordinates"": [
    -8.311690487899990e+01,
    4.236088252900000e+01
  ],
  ""type"": ""Point""
}","{
  ""coordinates"": [
    -83.116904879,
    42.360882529
  ],
  ""type"": ""Point""
}",-83.1169048789999,42.360882529
8810,1133120,MOUNT ELLIOT,THEODORE,2017-08-28,28,8,2017,15,2,4,9,,4,0,,2,4,1,35,4,2,3,4,0,0,0,3,false,,false,false,false,false,false,,,,,,false,true,false,,,false,false,false,false,false,-83.0281,42.37116,"{
  ""coordinates"": [
    -8.302809718799990e+01,
    4.237115972000000e+01
  ],
  ""type"": ""Point""
}","{
  ""coordinates"": [
    -83.028097188,
    42.37115972
  ],
  ""type"": ""Point""
}",-83.0280971879999,42.37115972
8811,1119044,MCNICHOLS,SCHAEFER,2017-08-28,28,8,2017,7,2,6,9,,2,0,,2,1,1,25,2,2,2,5,0,0,0,0,true,,false,false,true,false,false,,,,,,false,false,false,,,false,false,false,false,false,-83.17982,42.4166,"{
  ""coordinates"": [
    -8.317981807599990e+01,
    4.241659692700010e+01
  ],
  ""type"": ""Point""
}","{
  ""coordinates"": [
    -83.179818076,
    42.416596927
  ],
  ""type"": ""Point""
}",-83.1798180759999,42.4165969270001
8812,1124285,I-96,MCGRAW,2017-08-28,28,8,2017,20,2,5,1,,1,0,,2,4,4,55,4,2,2,5,0,0,0,0,true,,false,false,false,false,false,,,,,,false,true,false,,,false,false,false,false,false,-83.10259,42.3527,"{
  ""coordinates"": [
    -8.310259435300000e+01,
    4.235270209400010e+01
  ],
  ""type"": ""Point""
}","{
  ""coordinates"": [
    -83.102594353,
    42.352702094
  ],
  ""type"": ""Point""
}",-83.102594353,42.3527020940001
8813,1119022,REGENT,TACOMA,2017-08-28,28,8,2017,15,2,4,9,,,0,,2,4,1,25,2,2,2,4,0,0,0,1,false,,true,false,true,false,false,,,,,,false,false,false,,,false,false,false,false,false,-82.97555,42.44164,"{
  ""coordinates"": [
    -8.297554949700000e+01,
    4.244164097700010e+01
  ],
  ""type"": ""Point""
}","{
  ""coordinates"": [
    -82.975549497,
    42.441640977
  ],
  ""type"": ""Point""
}",-82.975549497,42.4416409770001
8814,1119026,OUTER,KLINGER,2017-08-28,28,8,2017,19,2,8,9,,2,0,,2,4,3,35,1,2,2,5,0,0,0,0,true,,false,false,false,false,false,,,,,,false,false,false,,,false,false,false,false,false,-83.06977,42.44043,"{
  ""coordinates"": [
    -8.306977247299990e+01,
    4.244043367700000e+01
  ],
  ""type"": ""Point""
}","{
  ""coordinates"": [
    -83.069772473,
    42.440433677
  ],
  ""type"": ""Point""
}",-83.0697724729999,42.440433677
8815,1122684,7 MILE,HULL,2017-08-28,28,8,2017,14,2,8,9,,4,0,,2,2,1,35,4,2,2,5,0,0,0,0,true,,false,false,false,false,false,,,,,,false,false,false,,,false,false,false,false,false,-83.08927,42.43269,"{
  ""coordinates"": [
    -8.308927057499990e+01,
    4.243268640100010e+01
  ],
  ""type"": ""Point""
}","{
  ""coordinates"": [
    -83.089270575,
    42.432686401
  ],
  ""type"": ""Point""
}",-83.0892705749999,42.4326864010001
8816,1122545,M-39,PLYMOUTH,2017-08-28,28,8,2017,8,2,8,3,,1,0,,1,1,1,55,4,2,2,5,0,0,0,0,true,,false,false,false,false,false,,,,,,false,false,false,,,false,false,false,false,false,-83.21684,42.3737,"{
  ""coordinates"": [
    -8.321683656300000e+01,
    4.237370276300000e+01
  ],
  ""type"": ""Point""
}","{
  ""coordinates"": [
    -83.216836563,
    42.373702763
  ],
  ""type"": ""Point""
}",-83.216836563,42.373702763
8817,1119622,DIX,MELLON,2017-08-28,28,8,2017,6,2,97,9,,2,0,,1,1,4,35,4,3,3,3,0,0,2,0,false,,false,false,false,true,false,,,,,,false,false,true,,,false,false,false,false,false,-83.15646,42.29053,"{
  ""coordinates"": [
    -8.315645621499991e+01,
    4.229052866500010e+01
  ],
  ""type"": ""Point""
}","{
  ""coordinates"": [
    -83.156456215,
    42.290528665
  ],
  ""type"": ""Point""
}",-83.1564562149999,42.2905286650001
8818,1122557,I-94,GRATIOT,2017-08-28,28,8,2017,16,2,8,1,,1,0,,2,2,1,55,3,4,4,5,0,0,0,0,true,,false,false,false,false,false,,,,,,false,true,true,,,false,false,false,false,false,-83.00661,42.39145,"{
  ""coordinates"": [
    -8.300661525000000e+01,
    4.239144755600010e+01
  ],
  ""type"": ""Point""
}","{
  ""coordinates"": [
    -83.00661525,
    42.391447556
  ],
  ""type"": ""Point""
}",-83.00661525,42.3914475560001
8819,1122646,GRATIOT,JANE,2017-08-28,28,8,2017,10,2,10,3,,1,0,,2,4,1,35,7,2,2,5,0,0,0,0,true,,false,false,false,false,false,,,,,,false,false,false,,,false,false,false,false,false,-82.99122,42.41451,"{
  ""coordinates"": [
    -8.299121813300000e+01,
    4.241450790500010e+01
  ],
  ""type"": ""Point""
}","{
  ""coordinates"": [
    -82.991218133,
    42.414507905
  ],
  ""type"": ""Point""
}",-82.991218133,42.4145079050001
8820,1119037,LIVERNOIS,FLORENCE,2017-08-28,28,8,2017,18,2,10,9,,4,0,,2,4,1,30,2,2,2,5,0,0,0,0,true,,false,false,true,false,false,,,,,,false,false,true,,,false,false,false,false,false,-83.14077,42.41248,"{
  ""coordinates"": [
    -8.314077013199990e+01,
    4.241248433900010e+01
  ],
  ""type"": ""Point""
}","{
  ""coordinates"": [
    -83.140770132,
    42.412484339
  ],
  ""type"": ""Point""
}",-83.1407701319999,42.4124843390001
8821,1121501,DAVISON,14TH,2017-08-28,28,8,2017,13,2,8,3,,1,0,,2,4,1,35,7,5,5,1,1,0,0,0,false,,false,false,true,false,false,,,,,,true,false,true,,,false,false,false,false,false,-83.11604,42.39524,"{
  ""coordinates"": [
    -8.311603503899990e+01,
    4.239524535800010e+01
  ],
  ""type"": ""Point""
}","{
  ""coordinates"": [
    -83.116035039,
    42.395245358
  ],
  ""type"": ""Point""
}",-83.1160350389999,42.3952453580001
8822,1118997,JOHN R,GRAND,2017-08-28,28,8,2017,14,2,97,9,,4,0,,2,4,1,30,4,3,3,4,0,0,0,1,false,,false,false,true,false,false,,,,,,false,true,true,,,false,false,false,false,false,-83.07116,42.37117,"{
  ""coordinates"": [
    -8.307115755599990e+01,
    4.237117342100000e+01
  ],
  ""type"": ""Point""
}","{
  ""coordinates"": [
    -83.071157556,
    42.371173421
  ],
  ""type"": ""Point""
}",-83.0711575559999,42.371173421
8823,1119041,7 MILE,ARDMORE,2017-08-28,28,8,2017,0,2,5,9,,2,0,,1,5,4,35,4,2,1,5,0,0,0,0,true,,false,false,false,false,false,,,,,,false,false,false,,,false,false,false,false,false,-83.18491,42.43092,"{
  ""coordinates"": [
    -8.318491088499999e+01,
    4.243092330100010e+01
  ],
  ""type"": ""Point""
}","{
  ""coordinates"": [
    -83.184910885,
    42.430923301
  ],
  ""type"": ""Point""
}",-83.184910885,42.4309233010001
8824,1119024,EVANSTON,ANNSBURY,2017-08-28,28,8,2017,6,2,9,9,,,2,,1,1,2,25,2,2,0,5,0,0,0,0,true,,false,false,true,false,false,,,,,,false,false,false,,,false,false,false,false,false,-82.97932,42.40118,"{
  ""coordinates"": [
    -8.297931748199990e+01,
    4.240118251700010e+01
  ],
  ""type"": ""Point""
}","{
  ""coordinates"": [
    -82.979317482,
    42.401182517
  ],
  ""type"": ""Point""
}",-82.9793174819999,42.4011825170001
8825,1119033,VAN DYKE,GRIXDALE,2017-08-28,28,8,2017,20,2,4,3,,1,0,,2,4,5,35,5,2,1,5,0,0,0,0,true,,true,false,true,false,false,,,,,,false,false,true,,,false,false,false,false,false,-83.02409,42.42948,"{
  ""coordinates"": [
    -8.302408375200000e+01,
    4.242948098400010e+01
  ],
  ""type"": ""Point""
}","{
  ""coordinates"": [
    -83.024083752,
    42.429480984
  ],
  ""type"": ""Point""
}",-83.024083752,42.4294809840001
8826,1122553,I-94,LIVERNOIS,2017-08-28,28,8,2017,15,2,8,1,,1,0,,2,2,1,55,3,2,4,5,0,0,0,0,true,,false,false,false,false,false,,,,,,false,false,false,,,false,false,false,false,false,-83.1242,42.33759,"{
  ""coordinates"": [
    -8.312419739099990e+01,
    4.233759217800010e+01
  ],
  ""type"": ""Point""
}","{
  ""coordinates"": [
    -83.124197391,
    42.337592178
  ],
  ""type"": ""Point""
}",-83.1241973909999,42.3375921780001
8827,1162384,LIVERNOIS,CHESTERFIELD,2017-08-27,27,8,2017,16,1,8,9,,4,0,,1,1,3,35,5,2,4,5,0,0,0,0,true,,false,false,false,false,false,,,,,,false,false,true,,,false,false,false,false,false,-83.14151,42.43528,"{
  ""coordinates"": [
    -8.314150774500000e+01,
    4.243528215900010e+01
  ],
  ""type"": ""Point""
}","{
  ""coordinates"": [
    -83.141507745,
    42.435282159
  ],
  ""type"": ""Point""
}",-83.141507745,42.4352821590001
8828,1118103,E I 94,WOODWARD,2017-08-27,27,8,2017,13,1,5,1,,1,0,,1,1,1,70,4,2,1,4,0,0,0,1,false,,false,false,false,false,false,,,,,,false,false,false,,,false,false,false,false,false,-83.06911,42.36345,"{
  ""coordinates"": [
    -8.306911477599991e+01,
    4.236345126500000e+01
  ],
  ""type"": ""Point""
}","{
  ""coordinates"": [
    -83.069114776,
    42.363451265
  ],
  ""type"": ""Point""
}",-83.0691147759999,42.363451265
8829,1122670,WARREN,BEECHWOOD,2017-08-27,27,8,2017,12,1,3,9,,4,0,,1,2,1,30,5,2,2,5,0,0,0,0,true,,false,false,false,false,false,,,,,,false,true,false,,,false,false,false,false,false,-83.11849,42.34461,"{
  ""coordinates"": [
    -8.311849571999990e+01,
    4.234460926900000e+01
  ],
  ""type"": ""Point""
}","{
  ""coordinates"": [
    -83.11849572,
    42.344609269
  ],
  ""type"": ""Point""
}",-83.1184957199999,42.344609269
8830,1118135,SOUTHFIELD SERVICE DRIVE,MCNICHOLS,2017-08-27,27,8,2017,13,1,5,3,,4,0,,1,1,1,0,2,2,2,4,0,0,0,1,false,,false,false,true,false,false,,,,,,false,true,false,,,false,false,false,false,false,-83.21839,42.41554,"{
  ""coordinates"": [
    -8.321839274599991e+01,
    4.241554033000010e+01
  ],
  ""type"": ""Point""
}","{
  ""coordinates"": [
    -83.218392746,
    42.41554033
  ],
  ""type"": ""Point""
}",-83.2183927459999,42.4155403300001
8831,1118117,SOUTHFIELD SERVICE DRIVE,SCHOOLCRAFT,2017-08-27,27,8,2017,0,1,4,9,,4,0,,1,1,4,25,2,2,3,4,0,0,0,1,false,,false,false,false,false,false,,,,,,false,false,false,,,false,false,false,false,false,-83.21806,42.3867,"{
  ""coordinates"": [
    -8.321805347500000e+01,
    4.238670007300000e+01
  ],
  ""type"": ""Point""
}","{
  ""coordinates"": [
    -83.218053475,
    42.386700073
  ],
  ""type"": ""Point""
}",-83.218053475,42.386700073
8832,1117076,HAYES,FAIRMOUNT,2017-08-27,27,8,2017,1,1,4,9,,4,0,,1,1,4,35,2,2,2,4,0,0,0,2,false,,true,false,true,false,false,,,,,,false,false,false,,,false,false,false,false,false,-82.96584,42.44452,"{
  ""coordinates"": [
    -8.296583620500000e+01,
    4.244451674200010e+01
  ],
  ""type"": ""Point""
}","{
  ""coordinates"": [
    -82.965836205,
    42.444516742
  ],
  ""type"": ""Point""
}",-82.965836205,42.4445167420001
8833,1119642,PARK GROVE,GRATIOT,2017-08-27,27,8,2017,16,1,4,3,,,0,,1,1,1,25,2,2,2,4,0,0,0,1,false,,false,false,false,false,false,,,,,,false,false,false,,,false,false,false,false,false,-82.98117,42.4298,"{
  ""coordinates"": [
    -8.298117398900000e+01,
    4.242980167100010e+01
  ],
  ""type"": ""Point""
}","{
  ""coordinates"": [
    -82.981173989,
    42.429801671
  ],
  ""type"": ""Point""
}",-82.981173989,42.4298016710001
8834,1122639,7 MILE,STOUT,2017-08-27,27,8,2017,21,1,97,9,,2,3,,1,1,4,35,4,2,1,5,0,0,0,0,true,,false,false,false,false,false,,,,,,false,false,true,,,false,false,false,false,false,-83.24298,42.42948,"{
  ""coordinates"": [
    -8.324297741200000e+01,
    4.242948225400000e+01
  ],
  ""type"": ""Point""
}","{
  ""coordinates"": [
    -83.242977412,
    42.429482254
  ],
  ""type"": ""Point""
}",-83.242977412,42.429482254
8835,1118096,FULLERTON,STEEL,2017-08-27,27,8,2017,1,1,8,9,,4,0,,1,1,4,30,2,2,2,3,0,0,2,0,false,,false,false,false,false,false,,,,,,false,false,true,,,false,false,false,false,false,-83.17087,42.38045,"{
  ""coordinates"": [
    -8.317087148900001e+01,
    4.238044733500000e+01
  ],
  ""type"": ""Point""
}","{
  ""coordinates"": [
    -83.170871489,
    42.380447335
  ],
  ""type"": ""Point""
}",-83.170871489,42.380447335
8836,1119008,8 MILE,SOUTHFIELD SERVICE DRIVE,2017-08-27,27,8,2017,22,1,8,3,,1,0,,1,1,4,40,4,2,2,5,0,0,0,0,true,,false,false,false,false,false,,,,,,false,false,false,,,false,false,false,false,false,-83.2201,42.44417,"{
  ""coordinates"": [
    -8.322010341700000e+01,
    4.244417376000010e+01
  ],
  ""type"": ""Point""
}","{
  ""coordinates"": [
    -83.220103417,
    42.44417376
  ],
  ""type"": ""Point""
}",-83.220103417,42.4441737600001
8837,1119021,KELLY,LIBERAL,2017-08-27,27,8,2017,16,1,5,9,,2,0,,1,1,1,35,3,2,1,2,0,1,0,0,false,,false,false,false,false,false,,,,,,false,true,false,,,false,false,false,false,false,-82.94918,42.43985,"{
  ""coordinates"": [
    -8.294917886300000e+01,
    4.243984726500000e+01
  ],
  ""type"": ""Point""
}","{
  ""coordinates"": [
    -82.949178863,
    42.439847265
  ],
  ""type"": ""Point""
}",-82.949178863,42.439847265
8838,1124288,N/B M-10,LINWOOD,2017-08-27,27,8,2017,5,1,5,3,,1,0,,1,1,4,55,3,2,1,5,0,0,0,0,true,,false,false,true,false,false,,,,,,false,false,false,,,false,false,false,false,false,-83.1274,42.40522,"{
  ""coordinates"": [
    -8.312740685300000e+01,
    4.240522480600000e+01
  ],
  ""type"": ""Point""
}","{
  ""coordinates"": [
    -83.127406853,
    42.405224806
  ],
  ""type"": ""Point""
}",-83.127406853,42.405224806
8839,1121441,N/B I-75,DEARBORN,2017-08-27,27,8,2017,20,1,5,1,,1,0,,1,1,4,55,2,2,2,4,0,0,0,1,false,,false,false,false,false,false,,,,,,false,false,false,,,false,false,false,false,false,-83.12773,42.29314,"{
  ""coordinates"": [
    -8.312773240600001e+01,
    4.229314173100000e+01
  ],
  ""type"": ""Point""
}","{
  ""coordinates"": [
    -83.127732406,
    42.293141731
  ],
  ""type"": ""Point""
}",-83.127732406,42.293141731
8840,1121465,E/B I-94,I-75,2017-08-27,27,8,2017,22,1,5,1,,1,0,,1,1,4,55,3,2,3,5,0,0,0,0,true,,false,false,true,false,false,,,,,,false,false,false,,,false,false,false,false,false,-83.05764,42.36869,"{
  ""coordinates"": [
    -8.305764079399999e+01,
    4.236869056200000e+01
  ],
  ""type"": ""Point""
}","{
  ""coordinates"": [
    -83.057640794,
    42.368690562
  ],
  ""type"": ""Point""
}",-83.057640794,42.368690562