ObjectId,Crash ID,Primary Road,Intersecting Road,Crash Date,Day,Month,Year,Hour,Weekday,Crash Type Code,Highway Classification Code,Community Code,Jurisdiction Code,Lane Departure Type Code,Surface Type,Road Condition,Weather Condition,Lighting Condition,Speed Limit,Lanes,Units,Occupants,Most Severe Injury,Fatal Injuries,Suspected Serious Injuries,Suspected Minor Injuries,Possible Injuries,Property Damage Only,Secondary Crash,Traffic Control,Red Light Run,Hit and Run,Alcohol,Drugs,Unbelted Person,Work Zone,Speeding Driver,Distracted Driver,Driveway,Pedestrian,Elderly Driver,Young Driver,Commercial Vehicle,Emergency Vehicles,Train,School Bus,Motorcycle,Bicycle,Deer,Longitude,Latitude,geom,geog,x,y
9012,1116015,W.WARREN,ASHTON,2017-08-24,24,8,2017,12,5,5,9,,2,0,,1,1,1,35,4,2,4,5,0,0,0,0,true,,false,false,false,false,false,,,,,,false,false,false,,,false,false,false,false,false,-83.21734,42.34336,"{
  ""coordinates"": [
    -8.321734196999989e+01,
    4.234336469400010e+01
  ],
  ""type"": ""Point""
}","{
  ""coordinates"": [
    -83.21734197,
    42.343364694
  ],
  ""type"": ""Point""
}",-83.2173419699999,42.3433646940001
9013,1116039,MOUND,OUTER,2017-08-24,24,8,2017,21,5,5,9,,2,0,,1,1,3,35,4,2,1,5,0,0,0,0,true,,true,true,false,false,false,,,,,,false,false,false,,,false,false,false,false,false,-83.04405,42.44072,"{
  ""coordinates"": [
    -8.304405396999989e+01,
    4.244072263400010e+01
  ],
  ""type"": ""Point""
}","{
  ""coordinates"": [
    -83.04405397,
    42.440722634
  ],
  ""type"": ""Point""
}",-83.0440539699999,42.4407226340001
9014,1122648,WALTHAM,7 MILE,2017-08-24,24,8,2017,14,5,8,9,,,0,,98,98,1,25,2,2,0,5,0,0,0,0,true,,false,false,true,false,false,,,,,,false,false,false,,,false,false,false,false,false,-82.99479,42.43306,"{
  ""coordinates"": [
    -8.299478749100000e+01,
    4.243305864900000e+01
  ],
  ""type"": ""Point""
}","{
  ""coordinates"": [
    -82.994787491,
    42.433058649
  ],
  ""type"": ""Point""
}",-82.994787491,42.433058649
9015,1119608,I-94,WARREN,2017-08-24,24,8,2017,18,5,5,1,,1,0,,1,1,1,55,3,2,2,5,0,0,0,0,true,,false,false,false,false,false,,,,,,false,false,false,,,false,false,false,false,false,-83.10456,42.34839,"{
  ""coordinates"": [
    -8.310456128200001e+01,
    4.234838994900010e+01
  ],
  ""type"": ""Point""
}","{
  ""coordinates"": [
    -83.104561282,
    42.348389949
  ],
  ""type"": ""Point""
}",-83.104561282,42.3483899490001
9016,1119612,RAMP 035B,RAMP 035H,2017-08-24,24,8,2017,7,5,5,1,,1,0,,1,1,2,55,2,2,2,4,0,0,0,1,false,,false,false,false,false,false,,,,,,false,false,false,,,false,false,false,false,false,-83.08143,42.32045,"{
  ""coordinates"": [
    -8.308142958199990e+01,
    4.232045390100010e+01
  ],
  ""type"": ""Point""
}","{
  ""coordinates"": [
    -83.081429582,
    42.320453901
  ],
  ""type"": ""Point""
}",-83.0814295819999,42.3204539010001
9017,1121458,S I 75,SPRINGWELLS,2017-08-24,24,8,2017,10,5,5,1,,1,0,,1,1,1,55,2,2,2,5,0,0,0,0,true,,false,false,false,false,false,,,,,,false,false,false,,,false,false,false,false,false,-83.11931,42.30158,"{
  ""coordinates"": [
    -8.311931192999999e+01,
    4.230158015200000e+01
  ],
  ""type"": ""Point""
}","{
  ""coordinates"": [
    -83.11931193,
    42.301580152
  ],
  ""type"": ""Point""
}",-83.11931193,42.301580152
9018,1116032,E I 94,MOROSS,2017-08-24,24,8,2017,5,5,1,1,,1,0,,1,1,1,70,3,1,1,5,0,0,0,0,true,,false,false,false,false,false,,,,,,false,false,false,,,false,false,false,false,false,-82.92871,42.42443,"{
  ""coordinates"": [
    -8.292871006699990e+01,
    4.242443059700000e+01
  ],
  ""type"": ""Point""
}","{
  ""coordinates"": [
    -82.928710067,
    42.424430597
  ],
  ""type"": ""Point""
}",-82.9287100669999,42.424430597
9019,1124335,7 MILED,OUTER,2017-08-24,24,8,2017,20,5,5,9,,4,0,,1,1,4,35,2,2,2,5,0,0,0,0,true,,false,false,true,false,false,,,,,,false,false,false,,,false,false,false,false,false,-83.01533,42.43414,"{
  ""coordinates"": [
    -8.301532860400000e+01,
    4.243414286400010e+01
  ],
  ""type"": ""Point""
}","{
  ""coordinates"": [
    -83.015328604,
    42.434142864
  ],
  ""type"": ""Point""
}",-83.015328604,42.4341428640001
9020,1126309,M 10,GRAND RIVER,2017-08-24,24,8,2017,21,5,5,3,,1,0,,1,1,4,55,1,3,3,4,0,0,0,2,false,,false,false,false,false,false,,,,,,false,false,false,,,false,false,false,false,false,-83.06585,42.33859,"{
  ""coordinates"": [
    -8.306584854200000e+01,
    4.233859014600010e+01
  ],
  ""type"": ""Point""
}","{
  ""coordinates"": [
    -83.065848542,
    42.338590146
  ],
  ""type"": ""Point""
}",-83.065848542,42.3385901460001
9021,1119611,I-94,GRAND RIVER,2017-08-24,24,8,2017,6,5,1,1,,1,1,,1,1,4,55,3,1,1,4,0,0,0,1,false,,false,false,false,false,false,,,,,,false,false,false,,,false,false,false,false,false,-83.09932,42.35017,"{
  ""coordinates"": [
    -8.309931885200000e+01,
    4.235017148200010e+01
  ],
  ""type"": ""Point""
}","{
  ""coordinates"": [
    -83.099318852,
    42.350171482
  ],
  ""type"": ""Point""
}",-83.099318852,42.3501714820001
9022,1122656,ROSA PARKS,LAMOTHE,2017-08-24,24,8,2017,0,5,1,9,,4,0,,1,1,4,25,3,1,0,5,0,0,0,0,true,,false,false,false,false,false,,,,,,false,false,false,,,false,false,false,false,false,-83.09212,42.36588,"{
  ""coordinates"": [
    -8.309211881999990e+01,
    4.236588307900010e+01
  ],
  ""type"": ""Point""
}","{
  ""coordinates"": [
    -83.09211882,
    42.365883079
  ],
  ""type"": ""Point""
}",-83.0921188199999,42.3658830790001
9023,1117038,CABOT,MCGRAW,2017-08-24,24,8,2017,12,5,8,9,,,0,,1,1,1,25,3,2,2,5,0,0,0,0,true,,false,false,true,false,false,,,,,,false,false,false,,,false,false,false,false,false,-83.15128,42.33205,"{
  ""coordinates"": [
    -8.315127451799999e+01,
    4.233204558200000e+01
  ],
  ""type"": ""Point""
}","{
  ""coordinates"": [
    -83.151274518,
    42.332045582
  ],
  ""type"": ""Point""
}",-83.151274518,42.332045582
9024,1124279,I-94,FRENCH,2017-08-24,24,8,2017,21,5,8,1,,1,0,,1,1,4,55,3,2,3,4,0,0,0,2,false,,false,false,false,false,false,,,,,,false,true,true,,,false,false,false,false,false,-82.99622,42.39222,"{
  ""coordinates"": [
    -8.299622202499999e+01,
    4.239221761000000e+01
  ],
  ""type"": ""Point""
}","{
  ""coordinates"": [
    -82.996222025,
    42.39221761
  ],
  ""type"": ""Point""
}",-82.996222025,42.39221761
9025,1117018,GRAND RIVER,STRATHMOOR,2017-08-24,24,8,2017,16,5,4,3,,1,0,,1,1,1,35,3,2,2,5,0,0,0,0,true,,false,false,false,false,false,,,,,,false,true,false,,,false,false,false,false,false,-83.18721,42.38817,"{
  ""coordinates"": [
    -8.318720798299999e+01,
    4.238817142900010e+01
  ],
  ""type"": ""Point""
}","{
  ""coordinates"": [
    -83.187207983,
    42.388171429
  ],
  ""type"": ""Point""
}",-83.187207983,42.3881714290001
9026,1119645,TYLER,LA SALLE,2017-08-24,24,8,2017,10,5,4,9,,,0,,1,1,1,25,2,2,2,5,0,0,0,0,true,,false,false,true,false,false,,,,,,false,false,false,,,false,false,false,false,false,-83.11821,42.39277,"{
  ""coordinates"": [
    -8.311820949299990e+01,
    4.239276917700000e+01
  ],
  ""type"": ""Point""
}","{
  ""coordinates"": [
    -83.118209493,
    42.392769177
  ],
  ""type"": ""Point""
}",-83.1182094929999,42.392769177
9027,1121449,M-10,I-94,2017-08-24,24,8,2017,8,5,5,3,,1,0,,1,1,1,55,3,2,2,5,0,0,0,0,true,,false,false,false,false,false,,,,,,false,false,false,,,false,false,false,false,false,-83.07833,42.36186,"{
  ""coordinates"": [
    -8.307833389699989e+01,
    4.236186065600000e+01
  ],
  ""type"": ""Point""
}","{
  ""coordinates"": [
    -83.078333897,
    42.361860656
  ],
  ""type"": ""Point""
}",-83.0783338969999,42.361860656
9028,1119020,LAING,MORANG,2017-08-24,24,8,2017,19,5,4,9,,,0,,1,1,3,35,4,2,2,5,0,0,0,0,true,,false,false,false,false,false,,,,,,false,false,false,,,false,false,false,false,false,-82.95303,42.42752,"{
  ""coordinates"": [
    -8.295303124700000e+01,
    4.242751894100010e+01
  ],
  ""type"": ""Point""
}","{
  ""coordinates"": [
    -82.953031247,
    42.427518941
  ],
  ""type"": ""Point""
}",-82.953031247,42.4275189410001
9029,1121453,008T,M-39,2017-08-24,24,8,2017,15,5,5,3,,1,0,,1,1,1,55,1,2,3,4,0,0,0,2,false,,false,false,false,false,false,,,,,,false,false,false,,,false,false,false,false,false,-83.21763,42.38913,"{
  ""coordinates"": [
    -8.321763193200000e+01,
    4.238912648000010e+01
  ],
  ""type"": ""Point""
}","{
  ""coordinates"": [
    -83.217631932,
    42.38912648
  ],
  ""type"": ""Point""
}",-83.217631932,42.3891264800001
9030,1118139,ANTHONY WAYNE,WARREN,2017-08-24,24,8,2017,16,5,8,9,,4,0,,1,2,1,25,3,2,2,5,0,0,0,0,true,,false,false,false,false,false,,,,,,false,false,true,,,false,false,false,false,false,-83.0714,42.3546,"{
  ""coordinates"": [
    -8.307140243000001e+01,
    4.235459860600000e+01
  ],
  ""type"": ""Point""
}","{
  ""coordinates"": [
    -83.07140243,
    42.354598606
  ],
  ""type"": ""Point""
}",-83.07140243,42.354598606
9031,1124278,I-94,GRATIOT,2017-08-24,24,8,2017,18,5,5,1,,1,0,,1,2,1,55,3,2,2,5,0,0,0,0,true,,false,false,false,false,false,,,,,,false,false,true,,,false,false,false,false,false,-83.00671,42.3913,"{
  ""coordinates"": [
    -8.300670943700000e+01,
    4.239129653400000e+01
  ],
  ""type"": ""Point""
}","{
  ""coordinates"": [
    -83.006709437,
    42.391296534
  ],
  ""type"": ""Point""
}",-83.006709437,42.391296534
9032,1116030,GRATIOT,7 MILE,2017-08-24,24,8,2017,18,5,5,3,,1,0,,1,1,1,35,7,2,3,4,0,0,0,1,false,,false,false,false,false,false,,,,,,false,false,false,,,false,false,false,false,false,-82.97777,42.43497,"{
  ""coordinates"": [
    -8.297776851799991e+01,
    4.243496616900010e+01
  ],
  ""type"": ""Point""
}","{
  ""coordinates"": [
    -82.977768518,
    42.434966169
  ],
  ""type"": ""Point""
}",-82.9777685179999,42.4349661690001
9033,1117041,MICHIGAN,CECIL,2017-08-24,24,8,2017,15,5,1,2,,1,0,,1,2,1,30,5,1,1,5,0,0,0,0,true,,false,false,false,false,false,,,,,,false,false,false,,,false,false,false,false,false,-83.13226,42.33111,"{
  ""coordinates"": [
    -8.313226349999999e+01,
    4.233111333400010e+01
  ],
  ""type"": ""Point""
}","{
  ""coordinates"": [
    -83.1322635,
    42.331113334
  ],
  ""type"": ""Point""
}",-83.1322635,42.3311133340001
9034,1133098,TRUMBULL,SELDEN,2017-08-24,24,8,2017,12,5,1,9,,4,0,,1,1,1,30,4,2,2,4,0,0,0,1,false,,false,false,false,true,true,,,,,,false,false,false,,,false,false,false,true,false,-83.07428,42.34436,"{
  ""coordinates"": [
    -8.307428287700000e+01,
    4.234436388200000e+01
  ],
  ""type"": ""Point""
}","{
  ""coordinates"": [
    -83.074282877,
    42.344363882
  ],
  ""type"": ""Point""
}",-83.074282877,42.344363882
9035,1121435,I-96,WYOMING,2017-08-24,24,8,2017,8,5,5,1,,1,0,,1,1,1,70,3,2,2,5,0,0,0,0,true,,false,false,false,false,false,,,,,,false,false,false,,,false,false,false,false,false,-83.16091,42.38526,"{
  ""coordinates"": [
    -8.316091503299999e+01,
    4.238526283300010e+01
  ],
  ""type"": ""Point""
}","{
  ""coordinates"": [
    -83.160915033,
    42.385262833
  ],
  ""type"": ""Point""
}",-83.160915033,42.3852628330001
9036,1116022,8 MILE,ROSEMONT,2017-08-24,24,8,2017,18,5,4,3,,1,0,,1,1,1,45,4,2,2,5,0,0,0,0,true,,false,false,false,false,false,,,,,,false,false,true,,,false,false,false,false,false,-83.22176,42.44414,"{
  ""coordinates"": [
    -8.322176319000000e+01,
    4.244413970500010e+01
  ],
  ""type"": ""Point""
}","{
  ""coordinates"": [
    -83.22176319,
    42.444139705
  ],
  ""type"": ""Point""
}",-83.22176319,42.4441397050001
9037,1117037,FORT,SCHAEFER,2017-08-24,24,8,2017,10,5,4,3,,1,0,,1,1,1,35,5,2,1,5,0,0,0,0,true,,true,true,true,false,false,,,,,,false,false,false,,,false,false,false,false,false,-83.15547,42.27642,"{
  ""coordinates"": [
    -8.315546979299999e+01,
    4.227641685900010e+01
  ],
  ""type"": ""Point""
}","{
  ""coordinates"": [
    -83.155469793,
    42.276416859
  ],
  ""type"": ""Point""
}",-83.155469793,42.2764168590001
9038,1117100,CHRYSLER,GRAND,2017-08-24,24,8,2017,18,5,5,9,,4,0,,1,1,1,55,4,2,2,5,0,0,0,0,true,,false,false,false,false,false,,,,,,false,false,false,,,false,false,false,false,false,-83.06168,42.37573,"{
  ""coordinates"": [
    -8.306167304900001e+01,
    4.237573197100010e+01
  ],
  ""type"": ""Point""
}","{
  ""coordinates"": [
    -83.061673049,
    42.375731971
  ],
  ""type"": ""Point""
}",-83.061673049,42.3757319710001
9039,1138854,JEFFERSON,GRISWOLD,2017-08-24,24,8,2017,9,5,8,9,,5,0,,1,1,1,25,3,2,2,5,0,0,0,0,true,,false,false,false,false,false,,,,,,false,false,false,,,false,false,false,false,false,-83.04554,42.32845,"{
  ""coordinates"": [
    -8.304554135099990e+01,
    4.232845281800010e+01
  ],
  ""type"": ""Point""
}","{
  ""coordinates"": [
    -83.045541351,
    42.328452818
  ],
  ""type"": ""Point""
}",-83.0455413509999,42.3284528180001
9040,1117093,OUTER,PENNINGTON,2017-08-24,24,8,2017,17,5,4,9,,2,0,,1,2,1,35,2,2,2,4,0,0,0,1,false,,false,false,false,false,false,,,,,,false,false,false,,,false,false,false,false,false,-83.14827,42.43501,"{
  ""coordinates"": [
    -8.314827072500000e+01,
    4.243501036700010e+01
  ],
  ""type"": ""Point""
}","{
  ""coordinates"": [
    -83.148270725,
    42.435010367
  ],
  ""type"": ""Point""
}",-83.148270725,42.4350103670001
9041,1121451,I-94,CADIEUX,2017-08-24,24,8,2017,10,5,1,1,,1,0,,1,1,1,55,3,1,1,5,0,0,0,0,true,,false,false,false,false,false,,,,,,false,false,false,,,false,false,false,false,false,-82.9367,42.41746,"{
  ""coordinates"": [
    -8.293669705900000e+01,
    4.241745816200010e+01
  ],
  ""type"": ""Point""
}","{
  ""coordinates"": [
    -82.936697059,
    42.417458162
  ],
  ""type"": ""Point""
}",-82.936697059,42.4174581620001
9042,1122584,S M 10,RAMP 215B,2017-08-24,24,8,2017,15,5,5,3,,1,0,,1,2,1,55,3,2,3,5,0,0,0,0,true,,false,false,false,false,false,,,,,,false,false,true,,,false,false,false,false,false,-83.07725,42.36001,"{
  ""coordinates"": [
    -8.307725008300000e+01,
    4.236001291100010e+01
  ],
  ""type"": ""Point""
}","{
  ""coordinates"": [
    -83.077250083,
    42.360012911
  ],
  ""type"": ""Point""
}",-83.077250083,42.3600129110001
9043,1116023,MCNICHOLS,WARWICK,2017-08-24,24,8,2017,9,5,97,9,,2,0,,1,1,1,35,4,3,3,5,0,0,0,0,true,,false,false,false,false,false,,,,,,false,true,false,,,false,false,false,false,false,-83.22921,42.41535,"{
  ""coordinates"": [
    -8.322921009600000e+01,
    4.241535333800000e+01
  ],
  ""type"": ""Point""
}","{
  ""coordinates"": [
    -83.229210096,
    42.415353338
  ],
  ""type"": ""Point""
}",-83.229210096,42.415353338
9044,1125235,I 96,M-39,2017-08-23,23,8,2017,23,4,8,1,,1,0,,1,1,4,70,3,2,2,5,0,0,0,0,true,,false,false,true,false,false,,,,,,false,false,false,,,false,false,false,false,false,-83.21497,42.37883,"{
  ""coordinates"": [
    -8.321497143700000e+01,
    4.237882711500000e+01
  ],
  ""type"": ""Point""
}","{
  ""coordinates"": [
    -83.214971437,
    42.378827115
  ],
  ""type"": ""Point""
}",-83.214971437,42.378827115
9045,1115251,DUBOIS,JEFFERSON,2017-08-23,23,8,2017,13,4,8,9,,,0,,1,1,1,30,3,2,2,5,0,0,0,0,true,,false,false,false,false,false,,,,,,false,false,true,,,false,false,false,false,false,-83.02458,42.33741,"{
  ""coordinates"": [
    -8.302458208699990e+01,
    4.233741235100010e+01
  ],
  ""type"": ""Point""
}","{
  ""coordinates"": [
    -83.024582087,
    42.337412351
  ],
  ""type"": ""Point""
}",-83.0245820869999,42.3374123510001
9046,1115250,VAN DYKE,HARPER,2017-08-23,23,8,2017,9,4,5,3,,1,0,,1,1,1,0,8,2,2,5,0,0,0,0,true,,false,false,false,false,false,,,,,,false,false,false,,,false,false,false,false,false,-83.02142,42.38803,"{
  ""coordinates"": [
    -8.302142603599999e+01,
    4.238802753700000e+01
  ],
  ""type"": ""Point""
}","{
  ""coordinates"": [
    -83.021426036,
    42.388027537
  ],
  ""type"": ""Point""
}",-83.021426036,42.388027537
9047,1115258,STATE FAIR,JOANN,2017-08-23,23,8,2017,13,4,5,9,,4,0,,1,1,1,30,2,2,3,5,0,0,0,0,true,,false,false,false,false,false,,,,,,false,false,false,,,false,false,false,false,false,-82.98989,42.44209,"{
  ""coordinates"": [
    -8.298989154299990e+01,
    4.244208449100010e+01
  ],
  ""type"": ""Point""
}","{
  ""coordinates"": [
    -82.989891543,
    42.442084491
  ],
  ""type"": ""Point""
}",-82.9898915429999,42.4420844910001
9048,1121433,I-94,CONNER,2017-08-23,23,8,2017,7,4,5,1,,1,0,,1,1,1,55,3,2,3,5,0,0,0,0,true,,false,false,false,false,false,,,,,,false,false,true,,,false,false,false,false,false,-82.98914,42.39563,"{
  ""coordinates"": [
    -8.298913556100000e+01,
    4.239562456000000e+01
  ],
  ""type"": ""Point""
}","{
  ""coordinates"": [
    -82.989135561,
    42.39562456
  ],
  ""type"": ""Point""
}",-82.989135561,42.39562456
9049,1115248,CANFIELD,HELEN,2017-08-23,23,8,2017,0,4,4,9,,,0,,1,1,4,30,4,2,7,5,0,0,0,0,true,,true,false,true,false,false,,,,,,false,true,false,,,false,false,false,false,false,-83.01752,42.36897,"{
  ""coordinates"": [
    -8.301752515699999e+01,
    4.236896649900010e+01
  ],
  ""type"": ""Point""
}","{
  ""coordinates"": [
    -83.017525157,
    42.368966499
  ],
  ""type"": ""Point""
}",-83.017525157,42.3689664990001
9050,1115235,WARREN,CHALMERS,2017-08-23,23,8,2017,15,4,1,9,,4,0,,1,1,1,35,2,1,1,4,0,0,0,1,false,,false,false,false,true,false,,,,,,false,false,false,,,false,false,false,false,false,-82.95877,42.39548,"{
  ""coordinates"": [
    -8.295877267600000e+01,
    4.239547986700010e+01
  ],
  ""type"": ""Point""
}","{
  ""coordinates"": [
    -82.958772676,
    42.395479867
  ],
  ""type"": ""Point""
}",-82.958772676,42.3954798670001
9051,1115249,KERCHEVAL,BEAUFAIT,2017-08-23,23,8,2017,8,4,4,9,,4,0,,1,1,1,30,4,2,2,2,0,1,0,0,false,,true,false,false,false,false,,,,,,false,false,false,,,false,false,false,false,false,-83.01326,42.3535,"{
  ""coordinates"": [
    -8.301326112700001e+01,
    4.235350053400000e+01
  ],
  ""type"": ""Point""
}","{
  ""coordinates"": [
    -83.013261127,
    42.353500534
  ],
  ""type"": ""Point""
}",-83.013261127,42.353500534
9052,1116049,CURTIS,ROSELAWN,2017-08-23,23,8,2017,6,4,4,9,,4,0,,1,1,2,0,2,2,1,5,0,0,0,0,true,,true,false,true,false,false,,,,,,false,false,false,,,false,false,false,false,false,-83.15279,42.42427,"{
  ""coordinates"": [
    -8.315278244900000e+01,
    4.242427532700000e+01
  ],
  ""type"": ""Point""
}","{
  ""coordinates"": [
    -83.152782449,
    42.424275327
  ],
  ""type"": ""Point""
}",-83.152782449,42.424275327
9053,1115204,EB I-94,VANDYKE,2017-08-23,23,8,2017,19,4,1,1,,1,1,,1,1,1,55,3,1,1,5,0,0,0,0,true,,false,false,false,false,false,,,,,,false,false,false,,,false,false,false,false,false,-83.01842,42.38679,"{
  ""coordinates"": [
    -8.301842752899999e+01,
    4.238679104400010e+01
  ],
  ""type"": ""Point""
}","{
  ""coordinates"": [
    -83.018427529,
    42.386791044
  ],
  ""type"": ""Point""
}",-83.018427529,42.3867910440001
9054,1119030,MITCHELL,REMINGTON,2017-08-23,23,8,2017,19,4,10,9,,,3,,1,1,1,25,2,2,1,5,0,0,0,0,true,,false,false,false,false,false,,,,,,false,false,false,,,false,false,false,false,false,-83.07278,42.4423,"{
  ""coordinates"": [
    -8.307277683400000e+01,
    4.244229852000010e+01
  ],
  ""type"": ""Point""
}","{
  ""coordinates"": [
    -83.072776834,
    42.44229852
  ],
  ""type"": ""Point""
}",-83.072776834,42.4422985200001
9055,1122671,ROSA PARKS,CALVERT,2017-08-23,23,8,2017,17,4,4,9,,4,0,,1,1,1,25,5,2,3,5,0,0,0,0,true,,true,false,false,false,false,,,,,,false,false,false,,,false,false,false,false,false,-83.10394,42.3829,"{
  ""coordinates"": [
    -8.310393849199990e+01,
    4.238289997100000e+01
  ],
  ""type"": ""Point""
}","{
  ""coordinates"": [
    -83.103938492,
    42.382899971
  ],
  ""type"": ""Point""
}",-83.1039384919999,42.382899971
9056,1137384,W94,WOODSIDE,2017-08-23,23,8,2017,8,4,5,1,,1,0,,1,1,1,55,3,2,2,5,0,0,0,0,true,,false,false,false,false,false,,,,,,false,false,false,,,false,false,false,false,false,-83.13757,42.36694,"{
  ""coordinates"": [
    -8.313757496100000e+01,
    4.236693895800000e+01
  ],
  ""type"": ""Point""
}","{
  ""coordinates"": [
    -83.137574961,
    42.366938958
  ],
  ""type"": ""Point""
}",-83.137574961,42.366938958
9057,1115254,VAN DYKE,PALMER,2017-08-23,23,8,2017,17,4,3,3,,1,0,,1,1,1,35,4,2,2,3,0,0,2,0,false,,false,false,false,false,false,,,,,,false,false,false,,,false,false,false,false,false,-83.01611,42.38079,"{
  ""coordinates"": [
    -8.301611249000000e+01,
    4.238079352200000e+01
  ],
  ""type"": ""Point""
}","{
  ""coordinates"": [
    -83.01611249,
    42.380793522
  ],
  ""type"": ""Point""
}",-83.01611249,42.380793522
9058,1115257,TEPPERT,GREINER,2017-08-23,23,8,2017,11,4,8,9,,,0,,1,1,1,25,1,2,1,5,0,0,0,0,true,,false,false,false,false,false,,,,,,false,false,true,,,false,false,false,false,false,-83.008,42.42659,"{
  ""coordinates"": [
    -8.300800032699991e+01,
    4.242659467500000e+01
  ],
  ""type"": ""Point""
}","{
  ""coordinates"": [
    -83.008000327,
    42.426594675
  ],
  ""type"": ""Point""
}",-83.0080003269999,42.426594675
9059,1116019,GRAND RIVER,6 MILE,2017-08-23,23,8,2017,17,4,8,3,,1,0,,1,1,1,35,4,2,5,5,0,0,0,0,true,,false,false,false,false,false,,,,,,false,true,false,,,false,false,false,false,false,-83.25272,42.41454,"{
  ""coordinates"": [
    -8.325271292900000e+01,
    4.241453672800000e+01
  ],
  ""type"": ""Point""
}","{
  ""coordinates"": [
    -83.252712929,
    42.414536728
  ],
  ""type"": ""Point""
}",-83.252712929,42.414536728
9060,1116025,7MILE,HUNTINGTON,2017-08-23,23,8,2017,22,4,4,9,,2,0,,1,1,4,35,4,2,5,3,0,0,1,0,false,,false,false,true,false,false,,,,,,false,false,false,,,false,false,false,false,false,-83.23354,42.42973,"{
  ""coordinates"": [
    -8.323353323000001e+01,
    4.242972390600000e+01
  ],
  ""type"": ""Point""
}","{
  ""coordinates"": [
    -83.23353323,
    42.429723906
  ],
  ""type"": ""Point""
}",-83.23353323,42.429723906
9061,1115232,BRUSH,E I 94,2017-08-23,23,8,2017,9,4,98,9,,4,0,,1,1,1,35,4,2,2,4,0,0,0,1,false,,true,true,false,false,false,,,,,,false,false,false,,,false,false,false,false,false,-83.06448,42.36568,"{
  ""coordinates"": [
    -8.306448580599989e+01,
    4.236568269700010e+01
  ],
  ""type"": ""Point""
}","{
  ""coordinates"": [
    -83.064485806,
    42.365682697
  ],
  ""type"": ""Point""
}",-83.0644858059999,42.3656826970001
9062,1123497,MURRAY HILL,TROJAN,2017-08-23,23,8,2017,23,4,4,9,,,0,,1,1,4,25,2,2,1,5,0,0,0,0,true,,false,false,true,false,false,,,,,,false,false,false,,,false,false,false,false,false,-83.20892,42.44125,"{
  ""coordinates"": [
    -8.320892468499990e+01,
    4.244124960300010e+01
  ],
  ""type"": ""Point""
}","{
  ""coordinates"": [
    -83.208924685,
    42.441249603
  ],
  ""type"": ""Point""
}",-83.2089246849999,42.4412496030001
9063,1119601,N/B M 39,MCNICHOLS,2017-08-23,23,8,2017,8,4,5,3,,1,0,,1,1,1,55,3,3,3,5,0,0,0,0,true,,false,false,false,false,false,,,,,,false,false,false,,,false,false,false,false,false,-83.21873,42.41702,"{
  ""coordinates"": [
    -8.321873607700000e+01,
    4.241701736500000e+01
  ],
  ""type"": ""Point""
}","{
  ""coordinates"": [
    -83.218736077,
    42.417017365
  ],
  ""type"": ""Point""
}",-83.218736077,42.417017365
9064,1116024,EVERGREEN,SANTA MARIA,2017-08-23,23,8,2017,19,4,97,9,,4,0,,1,1,1,35,4,2,2,5,0,0,0,0,true,,false,false,true,false,false,,,,,,false,false,false,,,false,false,false,false,false,-83.2383,42.41732,"{
  ""coordinates"": [
    -8.323829617099990e+01,
    4.241732101600010e+01
  ],
  ""type"": ""Point""
}","{
  ""coordinates"": [
    -83.238296171,
    42.417321016
  ],
  ""type"": ""Point""
}",-83.2382961709999,42.4173210160001
9065,1125234,I 75,HOLBROOK,2017-08-23,23,8,2017,16,4,5,1,,1,0,,1,1,1,70,4,4,4,5,0,0,0,0,true,,false,false,false,false,false,,,,,,false,false,false,,,false,false,false,false,false,-83.06798,42.3864,"{
  ""coordinates"": [
    -8.306797435500000e+01,
    4.238639731300000e+01
  ],
  ""type"": ""Point""
}","{
  ""coordinates"": [
    -83.067974355,
    42.386397313
  ],
  ""type"": ""Point""
}",-83.067974355,42.386397313
9066,1121434,N/B M 39,TIREMAN,2017-08-23,23,8,2017,7,4,5,3,,1,0,,1,1,1,55,3,2,2,5,0,0,0,0,true,,false,false,false,false,false,,,,,,false,false,false,,,false,false,false,false,false,-83.21625,42.34917,"{
  ""coordinates"": [
    -8.321624535099990e+01,
    4.234917590800010e+01
  ],
  ""type"": ""Point""
}","{
  ""coordinates"": [
    -83.216245351,
    42.349175908
  ],
  ""type"": ""Point""
}",-83.2162453509999,42.3491759080001
9067,1119649,JEFFRIES SERV,CHICAGO,2017-08-23,23,8,2017,16,4,97,1,,1,0,,1,1,1,30,3,3,3,4,0,0,0,3,false,,true,true,false,false,false,,,,,,false,false,true,,,false,false,false,false,false,-83.13988,42.36756,"{
  ""coordinates"": [
    -8.313988200400000e+01,
    4.236756306600010e+01
  ],
  ""type"": ""Point""
}","{
  ""coordinates"": [
    -83.139882004,
    42.367563066
  ],
  ""type"": ""Point""
}",-83.139882004,42.3675630660001
9068,1116028,8 MILE,TELEGRAPH,2017-08-23,23,8,2017,11,4,5,3,,1,0,,1,1,1,45,4,2,2,4,0,0,0,2,false,,false,false,false,false,false,,,,,,false,false,false,,,false,false,false,false,false,-83.27835,42.44275,"{
  ""coordinates"": [
    -8.327835425400001e+01,
    4.244274520400010e+01
  ],
  ""type"": ""Point""
}","{
  ""coordinates"": [
    -83.278354254,
    42.442745204
  ],
  ""type"": ""Point""
}",-83.278354254,42.4427452040001