ObjectId,Crash ID,Primary Road,Intersecting Road,Crash Date,Day,Month,Year,Hour,Weekday,Crash Type Code,Highway Classification Code,Community Code,Jurisdiction Code,Lane Departure Type Code,Surface Type,Road Condition,Weather Condition,Lighting Condition,Speed Limit,Lanes,Units,Occupants,Most Severe Injury,Fatal Injuries,Suspected Serious Injuries,Suspected Minor Injuries,Possible Injuries,Property Damage Only,Secondary Crash,Traffic Control,Red Light Run,Hit and Run,Alcohol,Drugs,Unbelted Person,Work Zone,Speeding Driver,Distracted Driver,Driveway,Pedestrian,Elderly Driver,Young Driver,Commercial Vehicle,Emergency Vehicles,Train,School Bus,Motorcycle,Bicycle,Deer,Longitude,Latitude,geom,geog,x,y
9069,1116040,8MILE,FURGUISON,2017-08-23,23,8,2017,19,4,8,3,,1,0,,1,1,1,0,2,2,1,5,0,0,0,0,true,,false,false,false,false,false,,,,,,false,false,false,,,false,false,false,false,false,-83.21101,42.4444,"{
  ""coordinates"": [
    -8.321101267200000e+01,
    4.244439976100010e+01
  ],
  ""type"": ""Point""
}","{
  ""coordinates"": [
    -83.211012672,
    42.444399761
  ],
  ""type"": ""Point""
}",-83.211012672,42.4443997610001
9070,1117084,OUTER,KLINGER,2017-08-23,23,8,2017,17,4,4,9,,2,0,,1,1,1,35,4,2,2,5,0,0,0,0,true,,false,false,false,false,false,,,,,,false,false,true,,,false,false,false,false,false,-83.06964,42.44023,"{
  ""coordinates"": [
    -8.306963956600001e+01,
    4.244023239300000e+01
  ],
  ""type"": ""Point""
}","{
  ""coordinates"": [
    -83.069639566,
    42.440232393
  ],
  ""type"": ""Point""
}",-83.069639566,42.440232393
9071,1116026,MCNICHOLS,WHITCOMB,2017-08-23,23,8,2017,8,4,5,9,,2,0,,1,1,1,35,4,4,4,4,0,0,0,1,false,,false,false,false,false,false,,,,,,false,false,false,,,false,false,false,false,false,-83.19696,42.41609,"{
  ""coordinates"": [
    -8.319696160200000e+01,
    4.241609026100010e+01
  ],
  ""type"": ""Point""
}","{
  ""coordinates"": [
    -83.196961602,
    42.416090261
  ],
  ""type"": ""Point""
}",-83.196961602,42.4160902610001
9072,1115231,WYOMING,SCHOOLCRAFT,2017-08-23,23,8,2017,20,4,9,9,,4,2,,1,1,3,30,4,2,3,5,0,0,0,0,true,,false,false,false,false,false,,,,,,false,false,false,,,false,false,false,false,false,-83.15907,42.38853,"{
  ""coordinates"": [
    -8.315906773400000e+01,
    4.238853600300010e+01
  ],
  ""type"": ""Point""
}","{
  ""coordinates"": [
    -83.159067734,
    42.388536003
  ],
  ""type"": ""Point""
}",-83.159067734,42.3885360030001
9073,1117091,FAIRFIELD,GROVE,2017-08-23,23,8,2017,0,4,5,9,,,0,,1,1,3,0,2,2,1,5,0,0,0,0,true,,false,false,true,false,false,,,,,,false,false,false,,,false,false,false,false,false,-83.13519,42.41476,"{
  ""coordinates"": [
    -8.313518519000000e+01,
    4.241475496100000e+01
  ],
  ""type"": ""Point""
}","{
  ""coordinates"": [
    -83.13518519,
    42.414754961
  ],
  ""type"": ""Point""
}",-83.13518519,42.414754961
9074,1116009,PLYMOUTH,APPOLINE,2017-08-23,23,8,2017,17,4,97,9,,4,0,,1,1,1,35,2,3,2,5,0,0,0,0,true,,false,false,false,false,false,,,,,,false,true,false,,,false,false,false,false,false,-83.16929,42.37321,"{
  ""coordinates"": [
    -8.316929041400000e+01,
    4.237321151300010e+01
  ],
  ""type"": ""Point""
}","{
  ""coordinates"": [
    -83.169290414,
    42.373211513
  ],
  ""type"": ""Point""
}",-83.169290414,42.3732115130001
9075,1116050,MCNICHOLES,SNOWDEN,2017-08-23,23,8,2017,9,4,5,9,,2,0,,1,1,1,35,4,2,3,5,0,0,0,0,true,,false,false,true,false,false,,,,,,false,false,false,,,false,false,false,false,false,-83.17745,42.4166,"{
  ""coordinates"": [
    -8.317745249399999e+01,
    4.241660263000010e+01
  ],
  ""type"": ""Point""
}","{
  ""coordinates"": [
    -83.177452494,
    42.41660263
  ],
  ""type"": ""Point""
}",-83.177452494,42.4166026300001
9076,1163423,RAMP 213H,RAMP 213F,2017-08-23,23,8,2017,8,4,5,1,,1,0,,1,2,1,70,2,3,4,5,0,0,0,0,true,,false,false,false,false,false,,,,,,false,true,true,,,false,false,false,false,false,-83.09755,42.35008,"{
  ""coordinates"": [
    -8.309754635099991e+01,
    4.235007869900010e+01
  ],
  ""type"": ""Point""
}","{
  ""coordinates"": [
    -83.097546351,
    42.350078699
  ],
  ""type"": ""Point""
}",-83.0975463509999,42.3500786990001
9077,1121450,M-10,SELDEN,2017-08-23,23,8,2017,12,4,1,9,,4,1,,1,1,1,55,3,1,1,4,0,0,0,1,false,,false,false,false,false,false,,,,,,false,false,true,,,false,false,false,false,false,-83.06932,42.34666,"{
  ""coordinates"": [
    -8.306932105700000e+01,
    4.234665781900000e+01
  ],
  ""type"": ""Point""
}","{
  ""coordinates"": [
    -83.069321057,
    42.346657819
  ],
  ""type"": ""Point""
}",-83.069321057,42.346657819
9078,1115271,VICTORIA,MORAN,2017-08-23,23,8,2017,8,4,4,9,,,0,,1,1,1,25,2,2,2,5,0,0,0,0,true,,false,false,false,true,true,,,,,,false,false,true,,,false,false,false,false,false,-83.06428,42.41737,"{
  ""coordinates"": [
    -8.306427825000000e+01,
    4.241736862500010e+01
  ],
  ""type"": ""Point""
}","{
  ""coordinates"": [
    -83.06427825,
    42.417368625
  ],
  ""type"": ""Point""
}",-83.06427825,42.4173686250001
9079,1119647,14TH,EUCLID,2017-08-23,23,8,2017,15,4,4,9,,4,0,,1,1,1,30,3,2,3,4,0,0,0,1,false,,true,true,false,false,false,,,,,,false,true,false,,,false,false,false,false,false,-83.09914,42.36938,"{
  ""coordinates"": [
    -8.309913890000000e+01,
    4.236937897500010e+01
  ],
  ""type"": ""Point""
}","{
  ""coordinates"": [
    -83.0991389,
    42.369378975
  ],
  ""type"": ""Point""
}",-83.0991389,42.3693789750001
9080,1124265,N M 10,RAMP 215H,2017-08-23,23,8,2017,23,4,8,3,,1,0,,1,1,4,55,2,4,4,4,0,0,0,3,false,,false,false,false,false,false,,,,,,false,false,false,,,false,false,false,false,false,-83.07487,42.35698,"{
  ""coordinates"": [
    -8.307487438899990e+01,
    4.235698424200010e+01
  ],
  ""type"": ""Point""
}","{
  ""coordinates"": [
    -83.074874389,
    42.356984242
  ],
  ""type"": ""Point""
}",-83.0748743889999,42.3569842420001
9081,1115273,BLOOM,OUTER,2017-08-23,23,8,2017,12,4,8,9,,,0,,1,1,1,0,1,2,0,5,0,0,0,0,true,,false,false,true,false,false,,,,,,false,false,false,,,false,false,false,false,false,-83.04935,42.43924,"{
  ""coordinates"": [
    -8.304934553399990e+01,
    4.243924242800010e+01
  ],
  ""type"": ""Point""
}","{
  ""coordinates"": [
    -83.049345534,
    42.439242428
  ],
  ""type"": ""Point""
}",-83.0493455339999,42.4392424280001
9082,1119652,OAKMAN,LA SALLE,2017-08-23,23,8,2017,13,4,8,9,,4,0,,1,1,1,25,2,2,2,5,0,0,0,0,true,,false,false,false,false,false,,,,,,false,false,true,,,false,false,false,false,false,-83.12249,42.39909,"{
  ""coordinates"": [
    -8.312248840900000e+01,
    4.239909294400010e+01
  ],
  ""type"": ""Point""
}","{
  ""coordinates"": [
    -83.122488409,
    42.399092944
  ],
  ""type"": ""Point""
}",-83.122488409,42.3990929440001
9083,1116012,FORT,VISGER,2017-08-23,23,8,2017,4,4,4,3,,1,0,,1,1,1,35,3,2,1,5,0,0,0,0,true,,true,false,true,false,false,,,,,,false,false,false,,,false,false,false,false,false,-83.16159,42.26841,"{
  ""coordinates"": [
    -8.316159028999991e+01,
    4.226841163200000e+01
  ],
  ""type"": ""Point""
}","{
  ""coordinates"": [
    -83.16159029,
    42.268411632
  ],
  ""type"": ""Point""
}",-83.1615902899999,42.268411632
9084,1116047,7 MILE,WYOMING,2017-08-23,23,8,2017,13,4,8,9,,2,0,,1,1,1,30,5,2,61,5,0,0,0,0,true,,false,false,false,false,false,,,,,,false,false,true,,,false,false,false,false,false,-83.16108,42.43135,"{
  ""coordinates"": [
    -8.316107744100000e+01,
    4.243135234900010e+01
  ],
  ""type"": ""Point""
}","{
  ""coordinates"": [
    -83.161077441,
    42.431352349
  ],
  ""type"": ""Point""
}",-83.161077441,42.4313523490001
9085,1125232,I-75,I-375,2017-08-23,23,8,2017,17,4,8,1,,1,0,,1,1,1,55,3,2,2,5,0,0,0,0,true,,false,false,false,false,false,,,,,,false,false,false,,,false,false,false,false,false,-83.04221,42.34023,"{
  ""coordinates"": [
    -8.304220202300000e+01,
    4.234022838400010e+01
  ],
  ""type"": ""Point""
}","{
  ""coordinates"": [
    -83.042202023,
    42.340228384
  ],
  ""type"": ""Point""
}",-83.042202023,42.3402283840001
9086,1118141,WARREN,ST ANTOINE,2017-08-23,23,8,2017,15,4,5,9,,4,0,,1,1,1,30,4,2,2,5,0,0,0,0,true,,false,false,false,false,false,,,,,,false,false,true,,,false,false,false,false,false,-83.0574,42.35969,"{
  ""coordinates"": [
    -8.305739833699990e+01,
    4.235968816700010e+01
  ],
  ""type"": ""Point""
}","{
  ""coordinates"": [
    -83.057398337,
    42.359688167
  ],
  ""type"": ""Point""
}",-83.0573983369999,42.3596881670001
9087,1124264,RAMP 047F,DAVISON,2017-08-23,23,8,2017,23,4,8,1,,1,0,,1,1,4,55,2,2,1,4,0,0,0,1,false,,false,false,true,false,false,,,,,,false,false,false,,,false,false,false,false,false,-83.07939,42.40892,"{
  ""coordinates"": [
    -8.307939252400000e+01,
    4.240891902500000e+01
  ],
  ""type"": ""Point""
}","{
  ""coordinates"": [
    -83.079392524,
    42.408919025
  ],
  ""type"": ""Point""
}",-83.079392524,42.408919025
9088,1116020,8 MILE,FERGUSON,2017-08-23,23,8,2017,19,4,5,3,,1,0,,1,1,1,35,6,2,1,5,0,0,0,0,true,,false,false,false,false,false,,,,,,false,false,false,,,false,false,false,false,false,-83.21175,42.44438,"{
  ""coordinates"": [
    -8.321174507300000e+01,
    4.244438103400010e+01
  ],
  ""type"": ""Point""
}","{
  ""coordinates"": [
    -83.211745073,
    42.444381034
  ],
  ""type"": ""Point""
}",-83.211745073,42.4443810340001
9089,1115236,SHOEMAKER,CONNER,2017-08-23,23,8,2017,15,4,5,9,,4,0,,1,1,1,35,1,2,3,5,0,0,0,0,true,,false,false,false,false,false,,,,,,false,false,false,,,false,false,false,false,false,-82.98321,42.39294,"{
  ""coordinates"": [
    -8.298321124599990e+01,
    4.239294438300000e+01
  ],
  ""type"": ""Point""
}","{
  ""coordinates"": [
    -82.983211246,
    42.392944383
  ],
  ""type"": ""Point""
}",-82.9832112459999,42.392944383
9090,1119613,N/B M 39,TIREMAN,2017-08-23,23,8,2017,6,4,8,3,,1,0,,1,1,2,55,3,2,2,5,0,0,0,0,true,,false,false,false,false,false,,,,,,false,false,true,,,false,false,false,false,false,-83.21625,42.34917,"{
  ""coordinates"": [
    -8.321624535099990e+01,
    4.234917590800010e+01
  ],
  ""type"": ""Point""
}","{
  ""coordinates"": [
    -83.216245351,
    42.349175908
  ],
  ""type"": ""Point""
}",-83.2162453509999,42.3491759080001
9091,1118145,SECOND,CANFIELD,2017-08-23,23,8,2017,9,4,1,9,,4,0,,1,1,1,30,2,2,2,3,0,0,1,0,false,,false,false,false,true,false,,,,,,false,false,false,,,false,false,false,true,false,-83.06647,42.35104,"{
  ""coordinates"": [
    -8.306647839100000e+01,
    4.235104129500010e+01
  ],
  ""type"": ""Point""
}","{
  ""coordinates"": [
    -83.066478391,
    42.351041295
  ],
  ""type"": ""Point""
}",-83.066478391,42.3510412950001
9092,1117052,VAN DYKE,VAN DYKE,2017-08-23,23,8,2017,22,4,8,9,,,0,,1,1,4,25,2,2,3,5,0,0,0,0,true,,false,false,false,true,false,,,,,,false,false,false,,,false,false,false,false,false,-82.99563,42.35238,"{
  ""coordinates"": [
    -8.299563130900000e+01,
    4.235238396300010e+01
  ],
  ""type"": ""Point""
}","{
  ""coordinates"": [
    -82.995631309,
    42.352383963
  ],
  ""type"": ""Point""
}",-82.995631309,42.3523839630001
9093,1117039,CHOPIN,EDSEL FORD SERVICE,2017-08-23,23,8,2017,11,4,2,9,,,0,,1,2,1,25,2,2,3,5,0,0,0,0,true,,false,false,false,false,false,,,,,,false,false,false,,,false,false,false,false,false,-83.13476,42.33309,"{
  ""coordinates"": [
    -8.313475495199999e+01,
    4.233308731500010e+01
  ],
  ""type"": ""Point""
}","{
  ""coordinates"": [
    -83.134754952,
    42.333087315
  ],
  ""type"": ""Point""
}",-83.134754952,42.3330873150001
9094,1115247,PEMEBROOKE,GREENFIELD,2017-08-23,23,8,2017,19,4,97,9,,4,0,,1,1,3,25,2,2,1,5,0,0,0,0,true,,false,false,false,false,false,,,,,,false,false,false,,,false,false,false,false,false,-83.19832,42.43769,"{
  ""coordinates"": [
    -8.319831657000000e+01,
    4.243768686900010e+01
  ],
  ""type"": ""Point""
}","{
  ""coordinates"": [
    -83.19831657,
    42.437686869
  ],
  ""type"": ""Point""
}",-83.19831657,42.4376868690001
9095,1127202,N M 39 SERVICE DRIVE,TIREMAN,2017-08-23,23,8,2017,15,4,1,9,,4,0,,1,2,1,25,6,1,2,5,0,0,0,0,true,,false,false,false,false,false,,,,,,false,false,true,,,false,false,false,false,false,-83.21593,42.35062,"{
  ""coordinates"": [
    -8.321593594799999e+01,
    4.235061480800000e+01
  ],
  ""type"": ""Point""
}","{
  ""coordinates"": [
    -83.215935948,
    42.350614808
  ],
  ""type"": ""Point""
}",-83.215935948,42.350614808
9096,1116034,DAVISON,E M 8,2017-08-23,23,8,2017,19,4,4,3,,1,0,,1,1,2,35,4,2,3,4,0,0,0,2,false,,false,false,false,false,false,,,,,,false,false,true,,,false,false,false,false,false,-83.11109,42.39743,"{
  ""coordinates"": [
    -8.311109510700000e+01,
    4.239742869900000e+01
  ],
  ""type"": ""Point""
}","{
  ""coordinates"": [
    -83.111095107,
    42.397428699
  ],
  ""type"": ""Point""
}",-83.111095107,42.397428699
9097,1121439,M-10,WARREN,2017-08-23,23,8,2017,8,4,8,3,,1,0,,1,1,1,55,3,2,2,5,0,0,0,0,true,,false,false,false,false,false,,,,,,false,false,false,,,false,false,false,false,false,-83.07432,42.35498,"{
  ""coordinates"": [
    -8.307431926500000e+01,
    4.235498303100010e+01
  ],
  ""type"": ""Point""
}","{
  ""coordinates"": [
    -83.074319265,
    42.354983031
  ],
  ""type"": ""Point""
}",-83.074319265,42.3549830310001
9098,1116013,FORT,OUTER,2017-08-23,23,8,2017,17,4,5,3,,1,0,,1,1,1,40,3,2,2,5,0,0,0,0,true,,false,false,false,false,false,,,,,,false,false,false,,,false,false,false,false,false,-83.1667,42.26298,"{
  ""coordinates"": [
    -8.316670038900000e+01,
    4.226297625200000e+01
  ],
  ""type"": ""Point""
}","{
  ""coordinates"": [
    -83.166700389,
    42.262976252
  ],
  ""type"": ""Point""
}",-83.166700389,42.262976252
9099,1157427,MILWAUKEE,N M 10,2017-08-23,23,8,2017,20,4,4,3,,4,0,,1,1,4,35,2,2,5,5,0,0,0,0,true,,true,true,false,false,false,,,,,,false,true,false,,,false,false,false,false,false,-83.08092,42.36597,"{
  ""coordinates"": [
    -8.308092555000000e+01,
    4.236597589800000e+01
  ],
  ""type"": ""Point""
}","{
  ""coordinates"": [
    -83.08092555,
    42.365975898
  ],
  ""type"": ""Point""
}",-83.08092555,42.365975898
9100,1117016,MCNICHOLS,HUBBELL,2017-08-23,23,8,2017,19,4,8,9,,2,0,,1,1,1,35,2,2,3,5,0,0,0,0,true,,false,false,false,false,false,,,,,,false,false,false,,,false,false,false,false,false,-83.18993,42.41645,"{
  ""coordinates"": [
    -8.318992282100000e+01,
    4.241645194500010e+01
  ],
  ""type"": ""Point""
}","{
  ""coordinates"": [
    -83.189922821,
    42.416451945
  ],
  ""type"": ""Point""
}",-83.189922821,42.4164519450001
9101,1115229,GRATIOT,CADILLAC,2017-08-23,23,8,2017,16,4,4,3,,1,0,,1,2,1,35,7,2,105,4,0,0,0,1,false,,false,false,true,false,false,,,,,,false,false,false,,,false,false,false,false,false,-83.00502,42.39345,"{
  ""coordinates"": [
    -8.300502150700000e+01,
    4.239344859200000e+01
  ],
  ""type"": ""Point""
}","{
  ""coordinates"": [
    -83.005021507,
    42.393448592
  ],
  ""type"": ""Point""
}",-83.005021507,42.393448592
9102,1176660,I-94,24TH,2017-08-23,23,8,2017,16,4,5,1,,1,0,,1,1,1,55,4,2,2,5,0,0,0,0,true,,false,false,false,false,false,,,,,,false,false,true,,,false,false,false,false,false,-83.10367,42.34866,"{
  ""coordinates"": [
    -8.310366460199999e+01,
    4.234866223000010e+01
  ],
  ""type"": ""Point""
}","{
  ""coordinates"": [
    -83.103664602,
    42.34866223
  ],
  ""type"": ""Point""
}",-83.103664602,42.3486622300001
9103,1116021,SALEM,PURITAN,2017-08-23,23,8,2017,20,4,8,9,,,0,,1,1,4,25,2,2,2,2,0,2,0,0,false,,false,false,true,false,false,,,,,,false,false,true,,,false,false,true,false,false,-83.2849,42.40718,"{
  ""coordinates"": [
    -8.328489512199999e+01,
    4.240718111800000e+01
  ],
  ""type"": ""Point""
}","{
  ""coordinates"": [
    -83.284895122,
    42.407181118
  ],
  ""type"": ""Point""
}",-83.284895122,42.407181118
9104,1119609,S M 39,PEMBROKE,2017-08-23,23,8,2017,7,4,5,3,,1,0,,1,1,1,55,3,2,2,5,0,0,0,0,true,,false,false,false,false,false,,,,,,false,false,false,,,false,false,false,false,false,-83.21973,42.4373,"{
  ""coordinates"": [
    -8.321972540199990e+01,
    4.243729837300000e+01
  ],
  ""type"": ""Point""
}","{
  ""coordinates"": [
    -83.219725402,
    42.437298373
  ],
  ""type"": ""Point""
}",-83.2197254019999,42.437298373
9105,1119654,LIVERNOIS,DAVISON,2017-08-23,23,8,2017,7,4,5,3,,4,0,,1,1,1,45,2,2,2,5,0,0,0,0,true,,false,false,false,false,false,,,,,,false,false,false,,,false,false,false,false,false,-83.13953,42.3865,"{
  ""coordinates"": [
    -8.313953606299999e+01,
    4.238649928100010e+01
  ],
  ""type"": ""Point""
}","{
  ""coordinates"": [
    -83.139536063,
    42.386499281
  ],
  ""type"": ""Point""
}",-83.139536063,42.3864992810001
9106,1115237,BENITEAU,GOTHE,2017-08-23,23,8,2017,1,4,4,9,,,0,,1,1,4,25,2,2,1,2,0,1,0,0,false,,false,false,false,false,false,,,,,,false,false,false,,,false,false,false,false,false,-82.97753,42.37519,"{
  ""coordinates"": [
    -8.297753178999990e+01,
    4.237519190000010e+01
  ],
  ""type"": ""Point""
}","{
  ""coordinates"": [
    -82.97753179,
    42.3751919
  ],
  ""type"": ""Point""
}",-82.9775317899999,42.3751919000001
9107,1121443,I-94,I-75,2017-08-23,23,8,2017,5,4,8,1,,1,0,,1,1,4,70,3,2,2,5,0,0,0,0,true,,false,false,false,false,false,,,,,,false,false,false,,,false,false,false,false,false,-83.06653,42.36471,"{
  ""coordinates"": [
    -8.306653154599999e+01,
    4.236471227800010e+01
  ],
  ""type"": ""Point""
}","{
  ""coordinates"": [
    -83.066531546,
    42.364712278
  ],
  ""type"": ""Point""
}",-83.066531546,42.3647122780001
9108,1117040,GRAND,MICHIGAN,2017-08-23,23,8,2017,14,4,4,3,,1,0,,1,1,1,25,2,2,1,2,0,1,0,0,false,,false,false,false,false,false,,,,,,false,false,false,,,false,false,false,false,false,-83.23682,42.40816,"{
  ""coordinates"": [
    -8.323681560800000e+01,
    4.240815697800010e+01
  ],
  ""type"": ""Point""
}","{
  ""coordinates"": [
    -83.236815608,
    42.408156978
  ],
  ""type"": ""Point""
}",-83.236815608,42.4081569780001
9109,1115266,LIVERNOIS,DAVISON,2017-08-23,23,8,2017,10,4,8,3,,4,0,,1,2,1,35,7,2,2,5,0,0,0,0,true,,false,false,false,false,false,,,,,,false,false,false,,,false,false,false,false,false,-83.13949,42.38644,"{
  ""coordinates"": [
    -8.313948470500000e+01,
    4.238643822200000e+01
  ],
  ""type"": ""Point""
}","{
  ""coordinates"": [
    -83.139484705,
    42.386438222
  ],
  ""type"": ""Point""
}",-83.139484705,42.386438222
9110,1115208,I-94,LONYO,2017-08-23,23,8,2017,18,4,5,1,,1,0,,1,1,1,55,3,2,2,5,0,0,0,0,true,,false,false,false,false,false,,,,,,false,false,false,,,false,false,false,false,false,-83.14467,42.33132,"{
  ""coordinates"": [
    -8.314466908199999e+01,
    4.233131965900000e+01
  ],
  ""type"": ""Point""
}","{
  ""coordinates"": [
    -83.144669082,
    42.331319659
  ],
  ""type"": ""Point""
}",-83.144669082,42.331319659
9111,1115246,EVERGREEN,6 MILE,2017-08-23,23,8,2017,10,4,3,9,,4,0,,1,1,1,35,5,2,2,5,0,0,0,0,true,,false,false,true,false,false,,,,,,false,false,true,,,false,false,false,false,false,-83.23819,42.41502,"{
  ""coordinates"": [
    -8.323819165299990e+01,
    4.241502531300010e+01
  ],
  ""type"": ""Point""
}","{
  ""coordinates"": [
    -83.238191653,
    42.415025313
  ],
  ""type"": ""Point""
}",-83.2381916529999,42.4150253130001
9112,1121446,E I 94,RAMP 217C,2017-08-23,23,8,2017,4,4,1,1,,1,1,,1,1,4,55,3,1,1,1,1,0,0,0,false,,false,false,false,true,false,,,,,,false,false,false,,,false,false,false,false,false,-83.044,42.37517,"{
  ""coordinates"": [
    -8.304400133199989e+01,
    4.237517080400000e+01
  ],
  ""type"": ""Point""
}","{
  ""coordinates"": [
    -83.044001332,
    42.375170804
  ],
  ""type"": ""Point""
}",-83.0440013319999,42.375170804
9113,1115240,WHITLOCK,EVERGREEN,2017-08-23,23,8,2017,14,4,1,9,,,0,,1,2,1,25,1,1,0,5,0,0,0,0,true,,false,false,false,false,false,,,,,,false,false,false,,,false,false,false,false,false,-83.23531,42.3395,"{
  ""coordinates"": [
    -8.323530318900001e+01,
    4.233949523900000e+01
  ],
  ""type"": ""Point""
}","{
  ""coordinates"": [
    -83.235303189,
    42.339495239
  ],
  ""type"": ""Point""
}",-83.235303189,42.339495239
9114,1121457,M-39,OUTER,2017-08-23,23,8,2017,6,4,5,3,,1,0,,1,1,2,55,3,2,1,5,0,0,0,0,true,,false,false,true,false,false,,,,,,false,false,true,,,false,false,false,false,false,-83.21876,42.41764,"{
  ""coordinates"": [
    -8.321875468300000e+01,
    4.241764089400000e+01
  ],
  ""type"": ""Point""
}","{
  ""coordinates"": [
    -83.218754683,
    42.417640894
  ],
  ""type"": ""Point""
}",-83.218754683,42.417640894
9115,1130472,HARPER,CHALMERS,2017-08-23,23,8,2017,16,4,8,9,,4,0,,1,1,1,35,4,2,1,5,0,0,0,0,true,,false,false,true,false,false,,,,,,false,true,false,,,false,false,false,false,false,-82.96632,42.40416,"{
  ""coordinates"": [
    -8.296631320199999e+01,
    4.240416305400000e+01
  ],
  ""type"": ""Point""
}","{
  ""coordinates"": [
    -82.966313202,
    42.404163054
  ],
  ""type"": ""Point""
}",-82.966313202,42.404163054
9116,1114273,LARNED,RANDOLPH,2017-08-22,22,8,2017,12,3,97,3,,4,0,,1,2,1,30,4,2,1,5,0,0,0,0,true,,false,false,false,false,false,,,,,,false,false,false,,,false,false,false,false,false,-83.04262,42.33055,"{
  ""coordinates"": [
    -8.304262026799999e+01,
    4.233055087200010e+01
  ],
  ""type"": ""Point""
}","{
  ""coordinates"": [
    -83.042620268,
    42.330550872
  ],
  ""type"": ""Point""
}",-83.042620268,42.3305508720001
9117,1115280,WARREN,CASS,2017-08-22,22,8,2017,19,3,1,9,,4,0,,1,1,1,30,4,2,2,2,0,1,0,0,false,,false,false,true,true,true,,,,,,false,false,false,,,false,false,false,true,false,-83.0666,42.35593,"{
  ""coordinates"": [
    -8.306659402299989e+01,
    4.235592664800000e+01
  ],
  ""type"": ""Point""
}","{
  ""coordinates"": [
    -83.066594023,
    42.355926648
  ],
  ""type"": ""Point""
}",-83.0665940229999,42.355926648
9118,1114287,JOY,ASHTON,2017-08-22,22,8,2017,15,3,3,9,,2,0,,3,1,1,35,4,2,2,5,0,0,0,0,true,,false,false,false,false,false,,,,,,false,false,false,,,false,false,false,false,false,-83.21768,42.35783,"{
  ""coordinates"": [
    -8.321768428699990e+01,
    4.235783331400010e+01
  ],
  ""type"": ""Point""
}","{
  ""coordinates"": [
    -83.217684287,
    42.357833314
  ],
  ""type"": ""Point""
}",-83.2176842869999,42.3578333140001
9119,1115270,7 MILE,HULL,2017-08-22,22,8,2017,18,3,97,9,,4,0,,1,1,1,30,2,2,1,5,0,0,0,0,true,,false,false,false,false,false,,,,,,false,false,false,,,false,false,false,false,false,-83.08892,42.4327,"{
  ""coordinates"": [
    -8.308892248500000e+01,
    4.243269893800000e+01
  ],
  ""type"": ""Point""
}","{
  ""coordinates"": [
    -83.088922485,
    42.432698938
  ],
  ""type"": ""Point""
}",-83.088922485,42.432698938
9120,1114272,I-75 SD,CLAY,2017-08-22,22,8,2017,18,3,98,1,,1,0,,1,1,1,25,3,2,3,3,0,0,1,0,false,,false,false,false,false,false,,,,,,false,false,false,,,false,false,false,false,false,-83.06281,42.37823,"{
  ""coordinates"": [
    -8.306280533300000e+01,
    4.237822836400010e+01
  ],
  ""type"": ""Point""
}","{
  ""coordinates"": [
    -83.062805333,
    42.378228364
  ],
  ""type"": ""Point""
}",-83.062805333,42.3782283640001
9121,1114290,ROSEMONT,WHITLOCK,2017-08-22,22,8,2017,17,3,4,9,,,0,,1,1,1,25,2,2,2,5,0,0,0,0,true,,false,false,true,false,false,,,,,,false,false,false,,,false,false,false,false,false,-83.21824,42.33973,"{
  ""coordinates"": [
    -8.321823728699999e+01,
    4.233973027500010e+01
  ],
  ""type"": ""Point""
}","{
  ""coordinates"": [
    -83.218237287,
    42.339730275
  ],
  ""type"": ""Point""
}",-83.218237287,42.3397302750001
9122,1114301,MCNICHOLS,AVON,2017-08-22,22,8,2017,13,3,4,9,,2,0,,1,2,1,35,5,2,2,5,0,0,0,0,true,,false,false,false,false,false,,,,,,false,true,true,,,false,false,false,false,false,-83.22552,42.41543,"{
  ""coordinates"": [
    -8.322552326300000e+01,
    4.241542702500000e+01
  ],
  ""type"": ""Point""
}","{
  ""coordinates"": [
    -83.225523263,
    42.415427025
  ],
  ""type"": ""Point""
}",-83.225523263,42.415427025
9123,1117073,FRENCH,MACK,2017-08-22,22,8,2017,14,3,5,9,,4,0,,1,1,1,25,2,2,2,5,0,0,0,0,true,,false,false,true,false,false,,,,,,false,true,false,,,false,false,false,false,false,-82.98479,42.37657,"{
  ""coordinates"": [
    -8.298479752700000e+01,
    4.237657004700000e+01
  ],
  ""type"": ""Point""
}","{
  ""coordinates"": [
    -82.984797527,
    42.376570047
  ],
  ""type"": ""Point""
}",-82.984797527,42.376570047
9124,1115277,SCHOOLCRAFT,FAUST,2017-08-22,22,8,2017,14,3,97,9,,2,0,,2,4,1,30,6,2,3,5,0,0,0,0,true,,false,false,false,false,false,,,,,,false,false,false,,,false,false,false,false,false,-83.2223,42.38659,"{
  ""coordinates"": [
    -8.322229946200000e+01,
    4.238658662700000e+01
  ],
  ""type"": ""Point""
}","{
  ""coordinates"": [
    -83.222299462,
    42.386586627
  ],
  ""type"": ""Point""
}",-83.222299462,42.386586627
9125,1114254,I 75,TRUMBULL,2017-08-22,22,8,2017,16,3,5,1,,4,0,,1,1,1,55,3,3,3,4,0,0,0,1,false,,false,false,false,false,false,,,,,,false,false,false,,,false,false,false,false,false,-83.06721,42.33539,"{
  ""coordinates"": [
    -8.306720875699990e+01,
    4.233538919300000e+01
  ],
  ""type"": ""Point""
}","{
  ""coordinates"": [
    -83.067208757,
    42.335389193
  ],
  ""type"": ""Point""
}",-83.0672087569999,42.335389193