ObjectId,Crash ID,Primary Road,Intersecting Road,Crash Date,Day,Month,Year,Hour,Weekday,Crash Type Code,Highway Classification Code,Community Code,Jurisdiction Code,Lane Departure Type Code,Surface Type,Road Condition,Weather Condition,Lighting Condition,Speed Limit,Lanes,Units,Occupants,Most Severe Injury,Fatal Injuries,Suspected Serious Injuries,Suspected Minor Injuries,Possible Injuries,Property Damage Only,Secondary Crash,Traffic Control,Red Light Run,Hit and Run,Alcohol,Drugs,Unbelted Person,Work Zone,Speeding Driver,Distracted Driver,Driveway,Pedestrian,Elderly Driver,Young Driver,Commercial Vehicle,Emergency Vehicles,Train,School Bus,Motorcycle,Bicycle,Deer,Longitude,Latitude,geom,geog,x,y
9183,1113537,W I 94,RAMP 212C,2017-08-21,21,8,2017,15,2,1,1,,1,1,,1,1,1,55,3,1,1,5,0,0,0,0,true,,false,false,false,false,false,,,,,,false,false,false,,,false,false,false,false,false,-83.12345,42.33804,"{
  ""coordinates"": [
    -8.312345172100000e+01,
    4.233803760100010e+01
  ],
  ""type"": ""Point""
}","{
  ""coordinates"": [
    -83.123451721,
    42.338037601
  ],
  ""type"": ""Point""
}",-83.123451721,42.3380376010001
9184,1113502,I75,MACK,2017-08-21,21,8,2017,22,2,8,1,,1,0,,1,1,4,35,2,2,5,5,0,0,0,0,true,,false,false,false,false,false,,,,,,false,false,false,,,false,false,false,false,false,-83.0482,42.35127,"{
  ""coordinates"": [
    -8.304820438300000e+01,
    4.235126756200000e+01
  ],
  ""type"": ""Point""
}","{
  ""coordinates"": [
    -83.048204383,
    42.351267562
  ],
  ""type"": ""Point""
}",-83.048204383,42.351267562
9185,1113544,7 MILE,N I 75,2017-08-21,21,8,2017,19,2,97,9,,4,0,,1,1,1,30,3,3,3,5,0,0,0,0,true,,true,true,false,false,false,,,,,,false,false,true,,,false,false,false,false,false,-83.09467,42.43249,"{
  ""coordinates"": [
    -8.309466859199991e+01,
    4.243248961100010e+01
  ],
  ""type"": ""Point""
}","{
  ""coordinates"": [
    -83.094668592,
    42.432489611
  ],
  ""type"": ""Point""
}",-83.0946685919999,42.4324896110001
9186,1113501,OAKMAN,CLOVERLAWN,2017-08-21,21,8,2017,7,2,1,9,,4,1,,1,1,1,30,2,1,2,3,0,0,2,0,false,,false,false,false,false,false,,,,,,false,false,true,,,false,false,false,false,false,-83.15131,42.36784,"{
  ""coordinates"": [
    -8.315131516799990e+01,
    4.236783897500000e+01
  ],
  ""type"": ""Point""
}","{
  ""coordinates"": [
    -83.151315168,
    42.367838975
  ],
  ""type"": ""Point""
}",-83.1513151679999,42.367838975
9187,1116042,7 MILE,CHAREST,2017-08-21,21,8,2017,22,2,97,9,,4,0,,1,1,4,30,4,2,0,5,0,0,0,0,true,,false,false,true,false,false,,,,,,false,false,false,,,false,false,false,false,false,-83.07118,42.43296,"{
  ""coordinates"": [
    -8.307118326200001e+01,
    4.243295939200000e+01
  ],
  ""type"": ""Point""
}","{
  ""coordinates"": [
    -83.071183262,
    42.432959392
  ],
  ""type"": ""Point""
}",-83.071183262,42.432959392
9188,1114280,CENTRAL,DIX,2017-08-21,21,8,2017,9,2,9,9,,4,2,,1,1,1,0,2,2,1,5,0,0,0,0,true,,false,false,false,false,false,,,,,,false,false,false,,,false,false,false,false,false,-83.12775,42.3174,"{
  ""coordinates"": [
    -8.312775592400000e+01,
    4.231740272200010e+01
  ],
  ""type"": ""Point""
}","{
  ""coordinates"": [
    -83.127755924,
    42.317402722
  ],
  ""type"": ""Point""
}",-83.127755924,42.3174027220001
9189,1113543,VAN DYKE,MILBANK,2017-08-21,21,8,2017,15,2,2,3,,1,2,,1,1,1,40,1,2,6,5,0,0,0,0,true,,false,false,false,false,false,,,,,,false,false,true,,,false,false,false,false,false,-83.02458,42.44355,"{
  ""coordinates"": [
    -8.302458537599991e+01,
    4.244355166100010e+01
  ],
  ""type"": ""Point""
}","{
  ""coordinates"": [
    -83.024585376,
    42.443551661
  ],
  ""type"": ""Point""
}",-83.0245853759999,42.4435516610001
9190,1117032,JOHN R,FARNSWORTH,2017-08-21,21,8,2017,10,2,8,9,,4,0,,1,1,1,25,3,2,2,5,0,0,0,0,true,,false,false,false,false,false,,,,,,false,true,false,,,false,false,false,false,false,-83.06313,42.35918,"{
  ""coordinates"": [
    -8.306312568899990e+01,
    4.235918190000010e+01
  ],
  ""type"": ""Point""
}","{
  ""coordinates"": [
    -83.063125689,
    42.3591819
  ],
  ""type"": ""Point""
}",-83.0631256889999,42.3591819000001
9191,1116010,FORT,OMAHA,2017-08-21,21,8,2017,14,2,8,3,,1,0,,1,1,1,45,3,4,4,2,0,1,0,0,false,,false,false,false,false,false,,,,,,false,false,false,,,false,false,false,false,false,-83.16004,42.2703,"{
  ""coordinates"": [
    -8.316004370300000e+01,
    4.227030148200000e+01
  ],
  ""type"": ""Point""
}","{
  ""coordinates"": [
    -83.160043703,
    42.270301482
  ],
  ""type"": ""Point""
}",-83.160043703,42.270301482
9192,1112499,HENDRICKS,MCDOUGALL,2017-08-21,21,8,2017,2,2,5,9,,,0,,1,1,5,25,2,2,4,4,0,0,0,3,false,,false,false,true,false,false,,,,,,false,false,true,,,false,false,false,false,false,-83.02596,42.3527,"{
  ""coordinates"": [
    -8.302595289000000e+01,
    4.235270050300010e+01
  ],
  ""type"": ""Point""
}","{
  ""coordinates"": [
    -83.02595289,
    42.352700503
  ],
  ""type"": ""Point""
}",-83.02595289,42.3527005030001
9193,1115267,LARCHMONT,TIREMAN,2017-08-21,21,8,2017,15,2,97,9,,,0,,1,1,1,25,2,2,1,3,0,0,1,0,false,,false,false,false,false,false,,,,,,true,false,false,,,false,false,false,false,false,-83.12413,42.35233,"{
  ""coordinates"": [
    -8.312412835899990e+01,
    4.235232866600010e+01
  ],
  ""type"": ""Point""
}","{
  ""coordinates"": [
    -83.124128359,
    42.352328666
  ],
  ""type"": ""Point""
}",-83.1241283589999,42.3523286660001
9194,1112479,MOUNT ELLIOT,VARNEY,2017-08-21,21,8,2017,0,2,1,9,,4,0,,1,1,4,35,6,1,1,3,0,0,1,0,false,,false,false,false,false,false,,,,,,false,false,true,,,false,false,false,false,false,-83.03886,42.38688,"{
  ""coordinates"": [
    -8.303886227200000e+01,
    4.238687968100000e+01
  ],
  ""type"": ""Point""
}","{
  ""coordinates"": [
    -83.038862272,
    42.386879681
  ],
  ""type"": ""Point""
}",-83.038862272,42.386879681
9195,1119016,OUTER,SOUTHFIELD,2017-08-21,21,8,2017,8,2,4,9,,2,0,,1,1,1,35,3,2,2,5,0,0,0,0,true,,false,false,false,false,false,,,,,,false,false,true,,,false,false,false,false,false,-83.21866,42.41927,"{
  ""coordinates"": [
    -8.321865697200001e+01,
    4.241927396000010e+01
  ],
  ""type"": ""Point""
}","{
  ""coordinates"": [
    -83.218656972,
    42.41927396
  ],
  ""type"": ""Point""
}",-83.218656972,42.4192739600001
9196,1215360,VINEWOOD,BUCHANAN,2017-08-21,21,8,2017,19,2,98,9,,4,0,,1,1,2,15,2,2,0,5,0,0,0,0,true,,false,false,true,false,false,,,,,,false,false,false,,,false,false,false,false,false,-83.10277,42.33968,"{
  ""coordinates"": [
    -8.310277117200000e+01,
    4.233968402500010e+01
  ],
  ""type"": ""Point""
}","{
  ""coordinates"": [
    -83.102771172,
    42.339684025
  ],
  ""type"": ""Point""
}",-83.102771172,42.3396840250001
9197,1114284,HURLBUT,EMMONS,2017-08-21,21,8,2017,15,2,5,9,,,0,,1,1,1,15,1,2,1,5,0,0,0,0,true,,false,false,false,false,false,,,,,,false,true,false,,,false,false,false,false,false,-82.99054,42.37518,"{
  ""coordinates"": [
    -8.299053969100000e+01,
    4.237518298900010e+01
  ],
  ""type"": ""Point""
}","{
  ""coordinates"": [
    -82.990539691,
    42.375182989
  ],
  ""type"": ""Point""
}",-82.990539691,42.3751829890001
9198,1117097,STATED FAIR,HANVANNA,2017-08-21,21,8,2017,8,2,5,9,,4,0,,1,1,1,30,2,2,1,5,0,0,0,0,true,,false,false,true,false,false,,,,,,false,false,false,,,false,false,false,false,false,-83.11011,42.43945,"{
  ""coordinates"": [
    -8.311010361099990e+01,
    4.243945299500010e+01
  ],
  ""type"": ""Point""
}","{
  ""coordinates"": [
    -83.110103611,
    42.439452995
  ],
  ""type"": ""Point""
}",-83.1101036109999,42.4394529950001
9199,1130496,FIRST,BAGLEY,2017-08-21,21,8,2017,19,2,1,9,,4,1,,1,1,1,25,1,1,1,5,0,0,0,0,true,,false,false,false,false,false,,,,,,false,true,false,,,false,false,false,false,false,-83.05521,42.33326,"{
  ""coordinates"": [
    -8.305521571100000e+01,
    4.233325898400010e+01
  ],
  ""type"": ""Point""
}","{
  ""coordinates"": [
    -83.055215711,
    42.333258984
  ],
  ""type"": ""Point""
}",-83.055215711,42.3332589840001
9200,1113547,CONANT,CHARLERS,2017-08-21,21,8,2017,12,2,4,9,,4,0,,1,1,1,30,2,2,2,5,0,0,0,0,true,,false,false,false,false,false,,,,,,false,true,false,,,false,false,false,false,false,-83.05712,42.40907,"{
  ""coordinates"": [
    -8.305711886099991e+01,
    4.240906585200000e+01
  ],
  ""type"": ""Point""
}","{
  ""coordinates"": [
    -83.057118861,
    42.409065852
  ],
  ""type"": ""Point""
}",-83.0571188609999,42.409065852
9201,1114288,GRAND RIVER,SAINT MARYS,2017-08-21,21,8,2017,22,2,4,3,,1,0,,1,1,4,35,4,2,1,5,0,0,0,0,true,,false,false,true,false,false,,,,,,false,false,false,,,false,false,false,false,false,-83.20621,42.39583,"{
  ""coordinates"": [
    -8.320621423599989e+01,
    4.239583298600010e+01
  ],
  ""type"": ""Point""
}","{
  ""coordinates"": [
    -83.206214236,
    42.395832986
  ],
  ""type"": ""Point""
}",-83.2062142359999,42.3958329860001
9202,1113504,JOHN C LODGE SERVICE,GRAND,2017-08-21,21,8,2017,15,2,8,3,,1,0,,1,2,1,30,3,2,2,5,0,0,0,0,true,,true,true,false,false,false,,,,,,false,false,false,,,false,false,false,false,false,-83.08182,42.36723,"{
  ""coordinates"": [
    -8.308181540399990e+01,
    4.236722878800000e+01
  ],
  ""type"": ""Point""
}","{
  ""coordinates"": [
    -83.081815404,
    42.367228788
  ],
  ""type"": ""Point""
}",-83.0818154039999,42.367228788
9203,1113541,MCNICHOLS,WARWICK,2017-08-21,21,8,2017,11,2,9,9,,2,0,,1,1,1,30,2,2,1,5,0,0,0,0,true,,false,false,false,false,false,,,,,,false,false,true,,,false,false,false,false,false,-83.22884,42.41536,"{
  ""coordinates"": [
    -8.322884154000000e+01,
    4.241536047500010e+01
  ],
  ""type"": ""Point""
}","{
  ""coordinates"": [
    -83.22884154,
    42.415360475
  ],
  ""type"": ""Point""
}",-83.22884154,42.4153604750001
9204,1115268,TYLER,PETOSKEY,2017-08-21,21,8,2017,20,2,97,9,,,0,,1,1,3,25,4,2,5,2,0,1,1,2,false,,true,false,false,false,false,,,,,,false,false,true,,,false,false,false,false,false,-83.13447,42.38672,"{
  ""coordinates"": [
    -8.313447153000000e+01,
    4.238672098900000e+01
  ],
  ""type"": ""Point""
}","{
  ""coordinates"": [
    -83.13447153,
    42.386720989
  ],
  ""type"": ""Point""
}",-83.13447153,42.386720989
9205,1113507,S I 75 SERVICE DRIVE,RAMP 031C,2017-08-21,21,8,2017,16,2,10,1,,4,0,,1,1,1,25,2,3,6,5,0,0,0,0,true,,false,false,false,false,false,,,,,,false,false,true,,,false,false,false,false,false,-83.11862,42.3022,"{
  ""coordinates"": [
    -8.311861996300000e+01,
    4.230220113400000e+01
  ],
  ""type"": ""Point""
}","{
  ""coordinates"": [
    -83.118619963,
    42.302201134
  ],
  ""type"": ""Point""
}",-83.118619963,42.302201134
9206,1113535,HOOVER,7 MILE,2017-08-21,21,8,2017,15,2,9,3,,1,0,,1,1,1,35,2,2,3,5,0,0,0,0,true,,false,false,true,false,false,,,,,,false,true,false,,,false,false,false,false,false,-83.00468,42.43443,"{
  ""coordinates"": [
    -8.300468739400000e+01,
    4.243443308600010e+01
  ],
  ""type"": ""Point""
}","{
  ""coordinates"": [
    -83.004687394,
    42.434433086
  ],
  ""type"": ""Point""
}",-83.004687394,42.4344330860001
9207,1113510,MCGRAW,ADDISON,2017-08-21,21,8,2017,13,2,5,9,,4,0,,1,1,1,25,4,2,2,5,0,0,0,0,true,,false,false,false,false,false,,,,,,false,false,false,,,false,false,false,false,false,-83.15181,42.33106,"{
  ""coordinates"": [
    -8.315180687400000e+01,
    4.233105803500010e+01
  ],
  ""type"": ""Point""
}","{
  ""coordinates"": [
    -83.151806874,
    42.331058035
  ],
  ""type"": ""Point""
}",-83.151806874,42.3310580350001
9208,1115261,GRAND RIVER,STOEPEL,2017-08-21,21,8,2017,11,2,4,3,,1,0,,1,1,1,35,6,2,2,5,0,0,0,0,true,,false,false,false,false,false,,,,,,false,true,false,,,false,false,false,false,false,-83.13945,42.36893,"{
  ""coordinates"": [
    -8.313945229900000e+01,
    4.236893459200010e+01
  ],
  ""type"": ""Point""
}","{
  ""coordinates"": [
    -83.139452299,
    42.368934592
  ],
  ""type"": ""Point""
}",-83.139452299,42.3689345920001
9209,1112469,CLAIRMOUNT,HOLMUR,2017-08-21,21,8,2017,0,2,9,9,,,0,,1,1,5,25,2,2,2,4,0,0,0,1,false,,false,false,false,false,false,,,,,,false,false,false,,,false,false,false,false,false,-83.11935,42.36864,"{
  ""coordinates"": [
    -8.311935501600000e+01,
    4.236864325600000e+01
  ],
  ""type"": ""Point""
}","{
  ""coordinates"": [
    -83.119355016,
    42.368643256
  ],
  ""type"": ""Point""
}",-83.119355016,42.368643256
9210,1124330,LASHER,ULSTER,2017-08-21,21,8,2017,22,2,4,9,,2,0,,1,1,4,35,2,2,1,3,0,0,1,0,false,,false,false,true,false,false,,,,,,false,false,false,,,false,false,false,false,false,-83.25724,42.41002,"{
  ""coordinates"": [
    -8.325723730800000e+01,
    4.241001540200010e+01
  ],
  ""type"": ""Point""
}","{
  ""coordinates"": [
    -83.257237308,
    42.410015402
  ],
  ""type"": ""Point""
}",-83.257237308,42.4100154020001
9211,1114282,FORT,DOWNING,2017-08-21,21,8,2017,16,2,4,3,,1,0,,1,1,1,0,3,2,2,5,0,0,0,0,true,,false,false,false,false,false,,,,,,false,false,false,,,false,false,false,false,false,-83.15884,42.27238,"{
  ""coordinates"": [
    -8.315884749299990e+01,
    4.227238200100000e+01
  ],
  ""type"": ""Point""
}","{
  ""coordinates"": [
    -83.158847493,
    42.272382001
  ],
  ""type"": ""Point""
}",-83.1588474929999,42.272382001
9212,1117086,STATE FAIR,JOHN R,2017-08-21,21,8,2017,2,2,8,9,,4,0,,1,1,4,25,2,2,1,5,0,0,0,0,true,,false,false,true,false,false,,,,,,false,false,false,,,false,false,false,false,false,-83.10276,42.43953,"{
  ""coordinates"": [
    -8.310276253599990e+01,
    4.243953023400010e+01
  ],
  ""type"": ""Point""
}","{
  ""coordinates"": [
    -83.102762536,
    42.439530234
  ],
  ""type"": ""Point""
}",-83.1027625359999,42.4395302340001
9213,1113528,CASS,CANFIELD,2017-08-21,21,8,2017,14,2,8,9,,4,0,,1,1,1,30,2,2,3,5,0,0,0,0,true,,true,false,true,false,false,,,,,,false,false,true,,,false,false,false,false,false,-83.06412,42.35155,"{
  ""coordinates"": [
    -8.306411522600000e+01,
    4.235154945200000e+01
  ],
  ""type"": ""Point""
}","{
  ""coordinates"": [
    -83.064115226,
    42.351549452
  ],
  ""type"": ""Point""
}",-83.064115226,42.351549452
9214,1112452,WARWICK,FENKELL,2017-08-21,21,8,2017,4,2,4,9,,,0,,1,1,4,30,5,2,2,5,0,0,0,0,true,,true,false,false,false,false,,,,,,false,false,false,,,false,false,false,false,false,-83.2289,42.40086,"{
  ""coordinates"": [
    -8.322889976600000e+01,
    4.240085874600000e+01
  ],
  ""type"": ""Point""
}","{
  ""coordinates"": [
    -83.228899766,
    42.400858746
  ],
  ""type"": ""Point""
}",-83.228899766,42.400858746
9215,1218054,SHELBY,FORT,2017-08-21,21,8,2017,17,2,97,3,,4,0,,1,1,1,30,6,2,1,4,0,0,0,1,false,,false,false,false,false,false,,,,,,true,false,false,,,false,false,false,false,false,-83.04876,42.33013,"{
  ""coordinates"": [
    -8.304875964900000e+01,
    4.233013168700010e+01
  ],
  ""type"": ""Point""
}","{
  ""coordinates"": [
    -83.048759649,
    42.330131687
  ],
  ""type"": ""Point""
}",-83.048759649,42.3301316870001
9216,1113539,DAVISON,LAWTON,2017-08-21,21,8,2017,15,2,5,3,,1,0,,1,1,1,30,6,3,1,5,0,0,0,0,true,,false,false,false,false,false,,,,,,false,false,false,,,false,false,false,false,false,-83.12476,42.39201,"{
  ""coordinates"": [
    -8.312476172600000e+01,
    4.239200753100000e+01
  ],
  ""type"": ""Point""
}","{
  ""coordinates"": [
    -83.124761726,
    42.392007531
  ],
  ""type"": ""Point""
}",-83.124761726,42.392007531
9217,1114222,I-94,I-96,2017-08-21,21,8,2017,16,2,8,1,,1,0,,1,2,1,55,3,2,3,5,0,0,0,0,true,,false,false,false,false,false,,,,,,false,false,false,,,false,false,false,false,false,-83.09727,42.35081,"{
  ""coordinates"": [
    -8.309727515000000e+01,
    4.235081647600000e+01
  ],
  ""type"": ""Point""
}","{
  ""coordinates"": [
    -83.09727515,
    42.350816476
  ],
  ""type"": ""Point""
}",-83.09727515,42.350816476
9218,1124354,FOREST,TRUMBULL,2017-08-21,21,8,2017,17,2,8,9,,4,0,,1,1,1,30,4,2,2,5,0,0,0,0,true,,false,false,false,false,false,,,,,,false,false,false,,,false,false,false,false,false,-83.07748,42.34994,"{
  ""coordinates"": [
    -8.307747887600000e+01,
    4.234993644300000e+01
  ],
  ""type"": ""Point""
}","{
  ""coordinates"": [
    -83.077478876,
    42.349936443
  ],
  ""type"": ""Point""
}",-83.077478876,42.349936443
9219,1113546,BLOOM,NEVADA,2017-08-21,21,8,2017,17,2,97,9,,,0,,1,1,1,30,3,2,1,5,0,0,0,0,true,,false,false,false,false,false,,,,,,false,true,false,,,false,false,false,false,false,-83.04894,42.42638,"{
  ""coordinates"": [
    -8.304894046200000e+01,
    4.242638475600010e+01
  ],
  ""type"": ""Point""
}","{
  ""coordinates"": [
    -83.048940462,
    42.426384756
  ],
  ""type"": ""Point""
}",-83.048940462,42.4263847560001
9220,1115275,PICKFORD,ILENE,2017-08-21,21,8,2017,21,2,4,9,,,0,,1,1,5,0,2,2,1,4,0,0,0,1,false,,false,false,true,false,false,,,,,,false,false,false,,,false,false,false,false,false,-83.16286,42.42595,"{
  ""coordinates"": [
    -8.316286106000000e+01,
    4.242594839400000e+01
  ],
  ""type"": ""Point""
}","{
  ""coordinates"": [
    -83.16286106,
    42.425948394
  ],
  ""type"": ""Point""
}",-83.16286106,42.425948394
9221,1113519,CHANDLER PARK,NEFF,2017-08-20,20,8,2017,19,1,4,9,,2,0,,1,1,1,35,2,2,4,5,0,0,0,0,true,,false,false,false,false,false,,,,,,false,false,false,,,false,false,false,false,false,-82.92854,42.41283,"{
  ""coordinates"": [
    -8.292853500900000e+01,
    4.241282781800000e+01
  ],
  ""type"": ""Point""
}","{
  ""coordinates"": [
    -82.928535009,
    42.412827818
  ],
  ""type"": ""Point""
}",-82.928535009,42.412827818
9222,1126306,I-75,MACK,2017-08-20,20,8,2017,4,1,97,1,,1,0,,1,1,4,55,4,1,2,5,0,0,0,0,true,,false,false,true,false,false,,,,,,false,false,false,,,false,false,false,false,false,-83.04565,42.34798,"{
  ""coordinates"": [
    -8.304564655999999e+01,
    4.234798424500010e+01
  ],
  ""type"": ""Point""
}","{
  ""coordinates"": [
    -83.04564656,
    42.347984245
  ],
  ""type"": ""Point""
}",-83.04564656,42.3479842450001
9223,1112437,GRAND RIVER,W I 96 CD,2017-08-20,20,8,2017,22,1,97,3,,1,0,,1,1,4,35,7,2,3,2,0,1,0,0,false,,true,true,false,false,false,,,,,,false,true,false,,,false,false,true,false,false,-83.1767,42.38394,"{
  ""coordinates"": [
    -8.317670690700000e+01,
    4.238394111100010e+01
  ],
  ""type"": ""Point""
}","{
  ""coordinates"": [
    -83.176706907,
    42.383941111
  ],
  ""type"": ""Point""
}",-83.176706907,42.3839411110001
9224,1112473,VAN DYKE,GRINNELL,2017-08-20,20,8,2017,1,1,8,3,,1,0,,1,1,1,0,2,2,1,5,0,0,0,0,true,,false,false,true,false,false,,,,,,false,false,false,,,false,false,false,false,false,-83.02299,42.40096,"{
  ""coordinates"": [
    -8.302299557000001e+01,
    4.240095969300010e+01
  ],
  ""type"": ""Point""
}","{
  ""coordinates"": [
    -83.02299557,
    42.400959693
  ],
  ""type"": ""Point""
}",-83.02299557,42.4009596930001
9225,1127209,N I 75,WARREN,2017-08-20,20,8,2017,13,1,5,1,,1,0,,1,1,1,0,4,2,1,5,0,0,0,0,true,,false,false,true,false,false,,,,,,false,false,false,,,false,false,false,false,false,-83.05354,42.3598,"{
  ""coordinates"": [
    -8.305353736000001e+01,
    4.235980172100010e+01
  ],
  ""type"": ""Point""
}","{
  ""coordinates"": [
    -83.05353736,
    42.359801721
  ],
  ""type"": ""Point""
}",-83.05353736,42.3598017210001
9226,1113500,DAVISON,LASALLE,2017-08-20,20,8,2017,13,1,5,3,,1,0,,1,1,1,35,3,2,3,5,0,0,0,0,true,,false,false,false,false,false,,,,,,false,false,true,,,false,false,false,false,false,-83.11915,42.39409,"{
  ""coordinates"": [
    -8.311914634399990e+01,
    4.239409399500000e+01
  ],
  ""type"": ""Point""
}","{
  ""coordinates"": [
    -83.119146344,
    42.394093995
  ],
  ""type"": ""Point""
}",-83.1191463439999,42.394093995
9227,1112462,STATE FAIR,MONARCH,2017-08-20,20,8,2017,16,1,4,9,,4,0,,1,1,1,30,2,2,1,4,0,0,0,1,false,,false,false,true,false,false,,,,,,false,false,true,,,false,false,false,false,false,-82.97186,42.44254,"{
  ""coordinates"": [
    -8.297185915900000e+01,
    4.244253398600010e+01
  ],
  ""type"": ""Point""
}","{
  ""coordinates"": [
    -82.971859159,
    42.442533986
  ],
  ""type"": ""Point""
}",-82.971859159,42.4425339860001
9228,1113505,WOODWARD,STATE FAIR,2017-08-20,20,8,2017,21,1,98,3,,1,0,,1,1,4,45,3,1,1,5,0,0,0,0,true,,false,false,false,false,false,,,,,,false,false,false,,,false,false,false,false,false,-83.12028,42.4393,"{
  ""coordinates"": [
    -8.312027487500001e+01,
    4.243929659700010e+01
  ],
  ""type"": ""Point""
}","{
  ""coordinates"": [
    -83.120274875,
    42.439296597
  ],
  ""type"": ""Point""
}",-83.120274875,42.4392965970001
9229,1112445,SCHOOLCRAFT,OUTER,2017-08-20,20,8,2017,9,1,4,9,,4,0,,1,1,1,35,3,2,2,5,0,0,0,0,true,,false,false,false,false,false,,,,,,false,true,true,,,false,false,false,false,false,-83.25628,42.38596,"{
  ""coordinates"": [
    -8.325627657000000e+01,
    4.238596458400010e+01
  ],
  ""type"": ""Point""
}","{
  ""coordinates"": [
    -83.25627657,
    42.385964584
  ],
  ""type"": ""Point""
}",-83.25627657,42.3859645840001
9230,1115265,CARTER,DEXTER,2017-08-20,20,8,2017,9,1,8,9,,,0,,1,1,1,25,1,2,2,4,0,0,0,1,false,,false,false,false,false,false,,,,,,false,false,false,,,false,false,false,false,false,-83.11551,42.36671,"{
  ""coordinates"": [
    -8.311550894299999e+01,
    4.236671159400000e+01
  ],
  ""type"": ""Point""
}","{
  ""coordinates"": [
    -83.115508943,
    42.366711594
  ],
  ""type"": ""Point""
}",-83.115508943,42.366711594
9231,1112478,GALLAGHER,GRIXDALE,2017-08-20,20,8,2017,16,1,4,9,,,0,,1,1,1,0,2,2,3,5,0,0,0,0,true,,false,false,false,false,false,,,,,,false,true,false,,,false,false,false,false,false,-83.06968,42.42867,"{
  ""coordinates"": [
    -8.306968273599990e+01,
    4.242866634900000e+01
  ],
  ""type"": ""Point""
}","{
  ""coordinates"": [
    -83.069682736,
    42.428666349
  ],
  ""type"": ""Point""
}",-83.0696827359999,42.428666349
9232,1112475,CONANT,JOS CAMPAU,2017-08-20,20,8,2017,18,1,3,9,,4,0,,1,1,1,30,3,2,4,4,0,0,0,4,false,,true,false,false,false,false,,,,,,false,false,true,,,false,false,false,false,false,-83.07278,42.43172,"{
  ""coordinates"": [
    -8.307277331900001e+01,
    4.243171560100010e+01
  ],
  ""type"": ""Point""
}","{
  ""coordinates"": [
    -83.072773319,
    42.431715601
  ],
  ""type"": ""Point""
}",-83.072773319,42.4317156010001
9233,1114276,DIX,SPRIGWELLS,2017-08-20,20,8,2017,7,1,5,9,,4,0,,1,1,1,25,2,2,2,5,0,0,0,0,true,,false,false,true,false,false,,,,,,false,false,false,,,false,false,false,false,false,-83.13052,42.31717,"{
  ""coordinates"": [
    -8.313051517100000e+01,
    4.231716560000010e+01
  ],
  ""type"": ""Point""
}","{
  ""coordinates"": [
    -83.130515171,
    42.3171656
  ],
  ""type"": ""Point""
}",-83.130515171,42.3171656000001
9234,1112467,STATE FAIR,GRATIOT,2017-08-20,20,8,2017,17,1,98,9,,4,3,,1,1,1,0,2,2,0,5,0,0,0,0,true,,false,false,true,false,false,,,,,,false,false,false,,,false,false,false,false,false,-82.97188,42.44253,"{
  ""coordinates"": [
    -8.297187880500000e+01,
    4.244253343600010e+01
  ],
  ""type"": ""Point""
}","{
  ""coordinates"": [
    -82.971878805,
    42.442533436
  ],
  ""type"": ""Point""
}",-82.971878805,42.4425334360001
9235,1112500,SANTA MARIA,MARK TWAIN,2017-08-20,20,8,2017,21,1,8,9,,,0,,1,1,4,25,2,2,1,5,0,0,0,0,true,,false,false,true,false,false,,,,,,false,false,false,,,false,false,false,false,false,-83.18766,42.41829,"{
  ""coordinates"": [
    -8.318766116700000e+01,
    4.241829336000010e+01
  ],
  ""type"": ""Point""
}","{
  ""coordinates"": [
    -83.187661167,
    42.41829336
  ],
  ""type"": ""Point""
}",-83.187661167,42.4182933600001
9236,1114250,M-39,LYNDON,2017-08-20,20,8,2017,7,1,1,3,,1,0,,1,1,1,55,3,1,1,5,0,0,0,0,true,,false,false,false,false,false,,,,,,false,false,false,,,false,false,false,false,false,-83.21783,42.39246,"{
  ""coordinates"": [
    -8.321782999600001e+01,
    4.239245435500000e+01
  ],
  ""type"": ""Point""
}","{
  ""coordinates"": [
    -83.217829996,
    42.392454355
  ],
  ""type"": ""Point""
}",-83.217829996,42.392454355
9237,1115274,LIVERNOIS,7 MILE,2017-08-20,20,8,2017,22,1,8,9,,4,0,,1,1,4,35,2,2,3,3,0,0,2,0,false,,false,false,false,true,false,,,,,,false,false,true,,,false,false,false,false,false,-83.14137,42.43141,"{
  ""coordinates"": [
    -8.314136266500000e+01,
    4.243141280000000e+01
  ],
  ""type"": ""Point""
}","{
  ""coordinates"": [
    -83.141362665,
    42.4314128
  ],
  ""type"": ""Point""
}",-83.141362665,42.4314128
9238,1113540,FRENCH,ALMONT,2017-08-20,20,8,2017,19,1,4,9,,4,0,,1,1,1,30,2,2,2,1,1,1,0,0,false,,false,false,false,false,false,,,,,,false,false,true,,,false,false,true,false,false,-83.01538,42.4155,"{
  ""coordinates"": [
    -8.301538342600000e+01,
    4.241550096100010e+01
  ],
  ""type"": ""Point""
}","{
  ""coordinates"": [
    -83.015383426,
    42.415500961
  ],
  ""type"": ""Point""
}",-83.015383426,42.4155009610001
9239,1127141,I-96,SCHAEFER,2017-08-20,20,8,2017,5,1,1,1,,1,1,,1,1,4,55,4,1,3,4,0,0,0,1,false,,false,false,false,false,false,,,,,,false,false,false,,,false,false,false,false,false,-83.17872,42.38325,"{
  ""coordinates"": [
    -8.317871630099999e+01,
    4.238324777500000e+01
  ],
  ""type"": ""Point""
}","{
  ""coordinates"": [
    -83.178716301,
    42.383247775
  ],
  ""type"": ""Point""
}",-83.178716301,42.383247775