ObjectId,Crash ID,Primary Road,Intersecting Road,Crash Date,Day,Month,Year,Hour,Weekday,Crash Type Code,Highway Classification Code,Community Code,Jurisdiction Code,Lane Departure Type Code,Surface Type,Road Condition,Weather Condition,Lighting Condition,Speed Limit,Lanes,Units,Occupants,Most Severe Injury,Fatal Injuries,Suspected Serious Injuries,Suspected Minor Injuries,Possible Injuries,Property Damage Only,Secondary Crash,Traffic Control,Red Light Run,Hit and Run,Alcohol,Drugs,Unbelted Person,Work Zone,Speeding Driver,Distracted Driver,Driveway,Pedestrian,Elderly Driver,Young Driver,Commercial Vehicle,Emergency Vehicles,Train,School Bus,Motorcycle,Bicycle,Deer,Longitude,Latitude,geom,geog,x,y
9297,1111485,GRAND,LODGE SV,2017-08-19,19,8,2017,16,7,4,9,,,0,,1,1,1,35,2,2,2,5,0,0,0,0,true,,false,false,false,false,false,,,,,,false,false,false,,,false,false,false,false,false,-83.11038,42.39936,"{
  ""coordinates"": [
    -8.311037864500000e+01,
    4.239936546000010e+01
  ],
  ""type"": ""Point""
}","{
  ""coordinates"": [
    -83.110378645,
    42.39936546
  ],
  ""type"": ""Point""
}",-83.110378645,42.3993654600001
9298,1117023,MEYERS,CHICAGO,2017-08-19,19,8,2017,23,7,5,9,,4,0,,1,1,4,35,2,2,1,5,0,0,0,0,true,,false,false,false,false,false,,,,,,false,false,false,,,false,false,false,false,false,-83.16801,42.36874,"{
  ""coordinates"": [
    -8.316800752899999e+01,
    4.236874308700000e+01
  ],
  ""type"": ""Point""
}","{
  ""coordinates"": [
    -83.168007529,
    42.368743087
  ],
  ""type"": ""Point""
}",-83.168007529,42.368743087
9299,1112440,MICHIGAN,BROOKLYN,2017-08-19,19,8,2017,13,7,8,2,,1,0,,1,1,1,35,4,2,4,5,0,0,0,0,true,,false,false,false,false,false,,,,,,false,true,false,,,false,false,false,false,false,-83.06343,42.33146,"{
  ""coordinates"": [
    -8.306343221000000e+01,
    4.233146300300010e+01
  ],
  ""type"": ""Point""
}","{
  ""coordinates"": [
    -83.06343221,
    42.331463003
  ],
  ""type"": ""Point""
}",-83.06343221,42.3314630030001
9300,1120684,GRAND RIVER,GREYDALE,2017-08-19,19,8,2017,13,7,9,3,,1,0,,1,1,1,35,5,2,2,5,0,0,0,0,true,,false,false,false,false,false,,,,,,false,false,false,,,false,false,false,false,false,-83.25632,42.41597,"{
  ""coordinates"": [
    -8.325631665200000e+01,
    4.241597012600000e+01
  ],
  ""type"": ""Point""
}","{
  ""coordinates"": [
    -83.256316652,
    42.415970126
  ],
  ""type"": ""Point""
}",-83.256316652,42.415970126
9301,1112494,LIVERNOIS,7 MILE,2017-08-19,19,8,2017,19,7,9,9,,4,2,,1,1,1,35,2,3,2,5,0,0,0,0,true,,false,false,true,false,false,,,,,,false,false,false,,,false,false,false,false,false,-83.14137,42.43175,"{
  ""coordinates"": [
    -8.314137509699999e+01,
    4.243174592100010e+01
  ],
  ""type"": ""Point""
}","{
  ""coordinates"": [
    -83.141375097,
    42.431745921
  ],
  ""type"": ""Point""
}",-83.141375097,42.4317459210001
9302,1111472,9393 MEYERS,CHICAGO,2017-08-19,19,8,2017,11,7,1,9,,4,1,,1,1,1,35,2,1,1,5,0,0,0,0,true,,false,false,false,false,false,,,,,,false,false,false,,,false,false,false,false,false,-83.16792,42.36573,"{
  ""coordinates"": [
    -8.316791525500000e+01,
    4.236572761600010e+01
  ],
  ""type"": ""Point""
}","{
  ""coordinates"": [
    -83.167915255,
    42.365727616
  ],
  ""type"": ""Point""
}",-83.167915255,42.3657276160001
9303,1112492,8 MILE,JOHN R,2017-08-19,19,8,2017,23,7,5,3,,1,0,,1,1,4,40,3,2,5,5,0,0,0,0,true,,false,false,false,false,false,,,,,,false,false,false,,,false,false,false,false,false,-83.10269,42.44699,"{
  ""coordinates"": [
    -8.310269274300001e+01,
    4.244698766300010e+01
  ],
  ""type"": ""Point""
}","{
  ""coordinates"": [
    -83.102692743,
    42.446987663
  ],
  ""type"": ""Point""
}",-83.102692743,42.4469876630001
9304,1113527,PALMS,VERNOR,2017-08-19,19,8,2017,23,7,98,9,,,0,,98,98,98,25,2,2,0,5,0,0,0,0,true,,false,false,true,false,false,,,,,,false,false,true,,,false,false,false,false,false,-83.0932,42.32146,"{
  ""coordinates"": [
    -8.309320241200000e+01,
    4.232146281800000e+01
  ],
  ""type"": ""Point""
}","{
  ""coordinates"": [
    -83.093202412,
    42.321462818
  ],
  ""type"": ""Point""
}",-83.093202412,42.321462818
9305,1115276,FENMORE,CLARITA,2017-08-19,19,8,2017,22,7,9,9,,,2,,1,1,1,25,1,2,1,5,0,0,0,0,true,,false,false,true,false,false,,,,,,false,false,false,,,false,false,false,false,false,-83.21811,42.4287,"{
  ""coordinates"": [
    -8.321811029400000e+01,
    4.242869573800000e+01
  ],
  ""type"": ""Point""
}","{
  ""coordinates"": [
    -83.218110294,
    42.428695738
  ],
  ""type"": ""Point""
}",-83.218110294,42.428695738
9306,1112498,HUBBELL,MARGARETA,2017-08-19,19,8,2017,12,7,98,9,,4,0,,1,1,1,25,1,2,2,5,0,0,0,0,true,,false,false,false,false,false,,,,,,false,false,false,,,false,false,false,false,false,-83.18983,42.42732,"{
  ""coordinates"": [
    -8.318982955599991e+01,
    4.242732281900000e+01
  ],
  ""type"": ""Point""
}","{
  ""coordinates"": [
    -83.189829556,
    42.427322819
  ],
  ""type"": ""Point""
}",-83.1898295559999,42.427322819
9307,1111568,DAVISON,ROSA PARKS,2017-08-19,19,8,2017,11,7,8,3,,1,0,,1,1,1,35,4,2,2,4,0,0,0,1,false,,false,false,false,false,false,,,,,,false,false,false,,,false,false,true,false,false,-83.11315,42.39632,"{
  ""coordinates"": [
    -8.311315336400000e+01,
    4.239631485500010e+01
  ],
  ""type"": ""Point""
}","{
  ""coordinates"": [
    -83.113153364,
    42.396314855
  ],
  ""type"": ""Point""
}",-83.113153364,42.3963148550001
9308,1111570,KENTUCKY,SCHOOLCRAFT,2017-08-19,19,8,2017,11,7,97,9,,,3,,98,98,98,25,2,2,0,5,0,0,0,0,true,,false,false,true,false,false,,,,,,false,false,false,,,false,false,false,false,false,-83.15805,42.38847,"{
  ""coordinates"": [
    -8.315805227800000e+01,
    4.238846788800000e+01
  ],
  ""type"": ""Point""
}","{
  ""coordinates"": [
    -83.158052278,
    42.388467888
  ],
  ""type"": ""Point""
}",-83.158052278,42.388467888
9309,1111489,MILITARY,VERNOR,2017-08-19,19,8,2017,2,7,1,9,,,1,,1,1,4,35,3,1,1,5,0,0,0,0,true,,false,false,false,false,false,,,,,,false,false,false,,,false,false,false,false,false,-83.10723,42.31625,"{
  ""coordinates"": [
    -8.310722804200000e+01,
    4.231625096200000e+01
  ],
  ""type"": ""Point""
}","{
  ""coordinates"": [
    -83.107228042,
    42.316250962
  ],
  ""type"": ""Point""
}",-83.107228042,42.316250962
9310,1115211,LINWOOD,PURITAN,2017-08-19,19,8,2017,23,7,4,9,,4,0,,1,1,1,25,2,2,2,4,0,0,0,2,false,,true,true,true,false,false,,,,,,false,false,true,,,false,false,false,false,false,-83.12768,42.41009,"{
  ""coordinates"": [
    -8.312767967100000e+01,
    4.241008986300010e+01
  ],
  ""type"": ""Point""
}","{
  ""coordinates"": [
    -83.127679671,
    42.410089863
  ],
  ""type"": ""Point""
}",-83.127679671,42.4100898630001
9311,1111493,DIX,LONYO,2017-08-19,19,8,2017,12,7,4,9,,2,0,,1,1,1,30,4,2,4,5,0,0,0,0,true,,false,false,false,false,false,,,,,,false,false,true,,,false,false,false,false,false,-83.1343,42.31645,"{
  ""coordinates"": [
    -8.313430031900000e+01,
    4.231645112800000e+01
  ],
  ""type"": ""Point""
}","{
  ""coordinates"": [
    -83.134300319,
    42.316451128
  ],
  ""type"": ""Point""
}",-83.134300319,42.316451128
9312,1230470,N M 39 SERVICE DRIVE,JOY,2017-08-19,19,8,2017,0,7,8,9,,4,0,,1,1,4,30,2,2,2,5,0,0,0,0,true,,false,false,true,false,false,,,,,,false,false,false,,,false,false,false,false,false,-83.21607,42.35801,"{
  ""coordinates"": [
    -8.321607371000000e+01,
    4.235800819100010e+01
  ],
  ""type"": ""Point""
}","{
  ""coordinates"": [
    -83.21607371,
    42.358008191
  ],
  ""type"": ""Point""
}",-83.21607371,42.3580081910001
9313,1112458,KELLY,CUSHING,2017-08-19,19,8,2017,18,7,1,9,,2,0,,1,1,1,30,3,2,2,3,0,0,1,0,false,,false,false,false,false,false,,,,,,false,false,false,,,false,false,false,true,false,-82.9458,42.44401,"{
  ""coordinates"": [
    -8.294580041700000e+01,
    4.244401335100010e+01
  ],
  ""type"": ""Point""
}","{
  ""coordinates"": [
    -82.945800417,
    42.444013351
  ],
  ""type"": ""Point""
}",-82.945800417,42.4440133510001
9314,1117098,17300 MARK TWAIN,PICKFORD,2017-08-19,19,8,2017,7,7,98,9,,,0,,1,1,98,25,2,2,1,5,0,0,0,0,true,,false,false,true,false,false,,,,,,false,false,false,,,false,false,false,false,false,-83.18747,42.42561,"{
  ""coordinates"": [
    -8.318746927699991e+01,
    4.242560627200000e+01
  ],
  ""type"": ""Point""
}","{
  ""coordinates"": [
    -83.187469277,
    42.425606272
  ],
  ""type"": ""Point""
}",-83.1874692769999,42.425606272
9315,1111579,RYAN,SEVEN MILE,2017-08-19,19,8,2017,20,7,2,9,,4,0,,1,1,2,30,2,2,1,5,0,0,0,0,true,,false,false,true,false,false,,,,,,false,false,false,,,false,false,false,false,false,-83.06313,42.43341,"{
  ""coordinates"": [
    -8.306312870999990e+01,
    4.243341188800010e+01
  ],
  ""type"": ""Point""
}","{
  ""coordinates"": [
    -83.06312871,
    42.433411888
  ],
  ""type"": ""Point""
}",-83.0631287099999,42.4334118880001
9316,1111495,VERNOR,WATERMAN,2017-08-19,19,8,2017,4,7,1,9,,4,1,,1,1,4,30,2,1,0,5,0,0,0,0,true,,false,false,true,false,false,,,,,,false,false,false,,,false,false,false,false,false,-83.11623,42.31591,"{
  ""coordinates"": [
    -8.311623631099999e+01,
    4.231590687900010e+01
  ],
  ""type"": ""Point""
}","{
  ""coordinates"": [
    -83.116236311,
    42.315906879
  ],
  ""type"": ""Point""
}",-83.116236311,42.3159068790001
9317,1113538,DAVISON,PETOSKEY,2017-08-19,19,8,2017,20,7,5,3,,1,0,,1,1,1,35,7,2,3,5,0,0,0,0,true,,false,false,false,false,false,,,,,,false,false,false,,,false,false,false,false,false,-83.13702,42.38741,"{
  ""coordinates"": [
    -8.313701833099999e+01,
    4.238740584400010e+01
  ],
  ""type"": ""Point""
}","{
  ""coordinates"": [
    -83.137018331,
    42.387405844
  ],
  ""type"": ""Point""
}",-83.137018331,42.3874058440001
9318,1112491,GREENFIELD,JAMES COUZEN,2017-08-19,19,8,2017,17,7,4,7,,1,0,,1,1,1,30,2,2,3,5,0,0,0,0,true,,false,false,false,false,false,,,,,,false,false,false,,,false,false,false,false,false,-83.20039,42.44253,"{
  ""coordinates"": [
    -8.320038893299990e+01,
    4.244253005400000e+01
  ],
  ""type"": ""Point""
}","{
  ""coordinates"": [
    -83.200388933,
    42.442530054
  ],
  ""type"": ""Point""
}",-83.2003889329999,42.442530054
9319,1112476,OAKLAND,MCNICHOLS,2017-08-19,19,8,2017,22,7,97,1,,4,0,,1,1,3,35,2,2,1,5,0,0,0,0,true,,false,false,false,false,false,,,,,,true,true,false,,,false,false,false,false,false,-83.08824,42.41947,"{
  ""coordinates"": [
    -8.308824538999990e+01,
    4.241947351000000e+01
  ],
  ""type"": ""Point""
}","{
  ""coordinates"": [
    -83.08824539,
    42.41947351
  ],
  ""type"": ""Point""
}",-83.0882453899999,42.41947351
9320,1115242,WARREN,N M 39 SERVICE DRIVE,2017-08-19,19,8,2017,21,7,4,9,,2,0,,1,1,4,35,5,2,3,4,0,0,0,3,false,,false,false,false,false,false,,,,,,false,false,false,,,false,false,false,false,false,-83.21573,42.34338,"{
  ""coordinates"": [
    -8.321573160199991e+01,
    4.234338276900010e+01
  ],
  ""type"": ""Point""
}","{
  ""coordinates"": [
    -83.215731602,
    42.343382769
  ],
  ""type"": ""Point""
}",-83.2157316019999,42.3433827690001
9321,1118994,STANSBURY,CHALFONTE,2017-08-19,19,8,2017,13,7,1,9,,,1,,1,1,1,25,1,1,1,2,0,1,0,0,false,,false,false,false,false,false,,,,,,false,false,true,,,false,false,false,false,false,-83.18223,42.40063,"{
  ""coordinates"": [
    -8.318222890600001e+01,
    4.240062837500010e+01
  ],
  ""type"": ""Point""
}","{
  ""coordinates"": [
    -83.182228906,
    42.400628375
  ],
  ""type"": ""Point""
}",-83.182228906,42.4006283750001
9322,1115223,W/B I-96,WYOMING,2017-08-19,19,8,2017,20,7,8,1,,1,0,,1,1,1,55,3,2,5,4,0,0,0,3,false,,false,false,false,false,false,,,,,,false,false,true,,,false,false,false,false,false,-83.15702,42.38542,"{
  ""coordinates"": [
    -8.315701912799990e+01,
    4.238541811700000e+01
  ],
  ""type"": ""Point""
}","{
  ""coordinates"": [
    -83.157019128,
    42.385418117
  ],
  ""type"": ""Point""
}",-83.1570191279999,42.385418117
9323,1114268,GREENFIELD,PLYMOUTH,2017-08-19,19,8,2017,16,7,4,9,,2,0,,1,1,1,35,4,2,2,5,0,0,0,0,true,,false,false,false,false,false,,,,,,false,false,false,,,false,false,false,false,false,-83.19756,42.3727,"{
  ""coordinates"": [
    -8.319756139700000e+01,
    4.237269745900010e+01
  ],
  ""type"": ""Point""
}","{
  ""coordinates"": [
    -83.197561397,
    42.372697459
  ],
  ""type"": ""Point""
}",-83.197561397,42.3726974590001
9324,1115212,I-75,WARREN,2017-08-19,19,8,2017,21,7,8,1,,1,0,,1,1,4,70,4,3,8,4,0,0,0,4,false,,false,false,false,false,false,,,,,,false,false,true,,,false,false,false,false,false,-83.05494,42.3621,"{
  ""coordinates"": [
    -8.305493963799999e+01,
    4.236210321400010e+01
  ],
  ""type"": ""Point""
}","{
  ""coordinates"": [
    -83.054939638,
    42.362103214
  ],
  ""type"": ""Point""
}",-83.054939638,42.3621032140001
9325,1115199,I-94,LIVERNOIS,2017-08-19,19,8,2017,20,7,1,1,,1,1,,1,1,4,55,3,1,1,4,0,0,0,1,false,,false,false,false,false,false,,,,,,false,false,true,,,false,false,false,false,false,-83.12518,42.3372,"{
  ""coordinates"": [
    -8.312517839899991e+01,
    4.233720102400010e+01
  ],
  ""type"": ""Point""
}","{
  ""coordinates"": [
    -83.125178399,
    42.337201024
  ],
  ""type"": ""Point""
}",-83.1251783989999,42.3372010240001
9326,1111528,GREENFIELD,JOY,2017-08-19,19,8,2017,15,7,97,9,,2,0,,1,1,1,35,5,2,2,4,0,0,0,1,false,,false,false,false,false,false,,,,,,false,false,false,,,false,false,false,false,false,-83.19701,42.35841,"{
  ""coordinates"": [
    -8.319700598000000e+01,
    4.235840964400010e+01
  ],
  ""type"": ""Point""
}","{
  ""coordinates"": [
    -83.19700598,
    42.358409644
  ],
  ""type"": ""Point""
}",-83.19700598,42.3584096440001
9327,1112441,JUNCTION,VERNOR,2017-08-19,19,8,2017,17,7,98,9,,4,0,,1,1,1,25,2,2,0,5,0,0,0,0,true,,false,false,true,false,false,,,,,,false,false,false,,,false,false,false,false,false,-83.10178,42.31776,"{
  ""coordinates"": [
    -8.310178219999990e+01,
    4.231776125400010e+01
  ],
  ""type"": ""Point""
}","{
  ""coordinates"": [
    -83.1017822,
    42.317761254
  ],
  ""type"": ""Point""
}",-83.1017821999999,42.3177612540001
9328,1111522,EVERGREEN,CLARITA,2017-08-19,19,8,2017,3,7,1,9,,4,0,,1,1,4,35,2,1,1,2,0,1,0,0,false,,false,false,false,false,false,,,,,,false,false,false,,,false,false,false,false,false,-83.23872,42.42688,"{
  ""coordinates"": [
    -8.323872277000000e+01,
    4.242688380900010e+01
  ],
  ""type"": ""Point""
}","{
  ""coordinates"": [
    -83.23872277,
    42.426883809
  ],
  ""type"": ""Point""
}",-83.23872277,42.4268838090001
9329,1117081,MONTERREY,14TH,2017-08-19,19,8,2017,21,7,4,9,,,0,,1,1,4,30,2,2,2,3,0,0,1,0,false,,false,false,true,false,false,,,,,,false,false,false,,,false,false,false,false,false,-83.11009,42.38767,"{
  ""coordinates"": [
    -8.311009339600000e+01,
    4.238766840400010e+01
  ],
  ""type"": ""Point""
}","{
  ""coordinates"": [
    -83.110093396,
    42.387668404
  ],
  ""type"": ""Point""
}",-83.110093396,42.3876684040001
9330,1115253,N I 75,MACK,2017-08-19,19,8,2017,18,7,4,1,,1,0,,1,1,1,30,2,2,2,5,0,0,0,0,true,,false,false,false,false,false,,,,,,false,false,false,,,false,false,false,false,false,-83.04784,42.35126,"{
  ""coordinates"": [
    -8.304784462100000e+01,
    4.235126684200000e+01
  ],
  ""type"": ""Point""
}","{
  ""coordinates"": [
    -83.047844621,
    42.351266842
  ],
  ""type"": ""Point""
}",-83.047844621,42.351266842
9331,1111473,EATON,GREENFIELD,2017-08-19,19,8,2017,6,7,4,9,,,0,,1,1,1,25,2,2,2,5,0,0,0,0,true,,false,false,false,false,false,,,,,,false,true,false,,,false,false,false,false,false,-83.19843,42.3967,"{
  ""coordinates"": [
    -8.319842746899999e+01,
    4.239669625500010e+01
  ],
  ""type"": ""Point""
}","{
  ""coordinates"": [
    -83.198427469,
    42.396696255
  ],
  ""type"": ""Point""
}",-83.198427469,42.3966962550001
9332,1114213,W/B I-96,OUTER,2017-08-19,19,8,2017,0,7,1,1,,1,1,,1,1,4,55,2,1,1,5,0,0,0,0,true,,false,false,false,false,false,,,,,,false,false,false,,,false,false,false,false,false,-83.25638,42.38562,"{
  ""coordinates"": [
    -8.325637892500001e+01,
    4.238562477100000e+01
  ],
  ""type"": ""Point""
}","{
  ""coordinates"": [
    -83.256378925,
    42.385624771
  ],
  ""type"": ""Point""
}",-83.256378925,42.385624771
9333,1112439,PLYMOUTH,GREENFIELD,2017-08-19,19,8,2017,15,7,97,9,,4,0,,1,1,1,35,5,2,3,5,0,0,0,0,true,,false,false,false,false,false,,,,,,false,false,false,,,false,false,false,false,false,-83.19756,42.37257,"{
  ""coordinates"": [
    -8.319755609600000e+01,
    4.237256648100000e+01
  ],
  ""type"": ""Point""
}","{
  ""coordinates"": [
    -83.197556096,
    42.372566481
  ],
  ""type"": ""Point""
}",-83.197556096,42.372566481
9334,1137883,I-94,M-10,2017-08-19,19,8,2017,0,7,97,1,,1,0,,1,1,4,55,3,2,1,5,0,0,0,0,true,,false,false,true,false,false,,,,,,false,false,false,,,false,false,false,false,false,-83.07242,42.3615,"{
  ""coordinates"": [
    -8.307242167399990e+01,
    4.236149884600010e+01
  ],
  ""type"": ""Point""
}","{
  ""coordinates"": [
    -83.072421674,
    42.361498846
  ],
  ""type"": ""Point""
}",-83.0724216739999,42.3614988460001
9335,1117107,CLINTON,BEAUBIEN,2017-08-19,19,8,2017,4,7,8,9,,4,0,,1,1,5,25,3,2,1,5,0,0,0,0,true,,false,false,false,false,false,,,,,,false,false,true,,,false,false,false,false,false,-83.04284,42.33655,"{
  ""coordinates"": [
    -8.304284227200000e+01,
    4.233654919600010e+01
  ],
  ""type"": ""Point""
}","{
  ""coordinates"": [
    -83.042842272,
    42.336549196
  ],
  ""type"": ""Point""
}",-83.042842272,42.3365491960001
9336,1128762,WARREN,AUDUBON,2017-08-19,19,8,2017,3,7,1,9,,4,1,,1,1,4,35,5,1,1,5,0,0,0,0,true,,false,false,false,false,false,,,,,,false,false,false,,,false,false,false,false,false,-82.93735,42.40332,"{
  ""coordinates"": [
    -8.293734403699990e+01,
    4.240332389600010e+01
  ],
  ""type"": ""Point""
}","{
  ""coordinates"": [
    -82.937344037,
    42.403323896
  ],
  ""type"": ""Point""
}",-82.9373440369999,42.4033238960001
9337,1111580,VAN DYKE,VARJO,2017-08-19,19,8,2017,11,7,4,3,,1,0,,1,1,1,40,4,2,7,4,0,0,0,1,false,,false,false,false,false,false,,,,,,false,false,false,,,false,false,false,false,false,-83.02394,42.42574,"{
  ""coordinates"": [
    -8.302394309499989e+01,
    4.242574063300000e+01
  ],
  ""type"": ""Point""
}","{
  ""coordinates"": [
    -83.023943095,
    42.425740633
  ],
  ""type"": ""Point""
}",-83.0239430949999,42.425740633
9338,1111468,LYNDON,MEYERS,2017-08-19,19,8,2017,0,7,1,9,,4,1,,2,1,4,30,2,1,2,2,0,2,0,0,false,,false,false,false,false,false,,,,,,false,false,false,,,false,false,false,false,false,-83.16942,42.39503,"{
  ""coordinates"": [
    -8.316941985699999e+01,
    4.239503491800010e+01
  ],
  ""type"": ""Point""
}","{
  ""coordinates"": [
    -83.169419857,
    42.395034918
  ],
  ""type"": ""Point""
}",-83.169419857,42.3950349180001
9339,1112489,WYOMING,MARYGROVE,2017-08-18,18,8,2017,23,6,1,9,,4,1,,1,1,3,30,2,1,0,5,0,0,0,0,true,,false,false,false,false,false,,,,,,false,false,false,,,false,false,false,false,false,-83.16017,42.4136,"{
  ""coordinates"": [
    -8.316017159800001e+01,
    4.241360130100000e+01
  ],
  ""type"": ""Point""
}","{
  ""coordinates"": [
    -83.160171598,
    42.413601301
  ],
  ""type"": ""Point""
}",-83.160171598,42.413601301
9340,1111578,7 MILE,DEAN,2017-08-18,18,8,2017,12,6,5,9,,4,0,,1,1,1,0,2,2,1,4,0,0,0,1,false,,false,false,false,false,false,,,,,,false,false,false,,,false,false,false,false,false,-83.06243,42.43315,"{
  ""coordinates"": [
    -8.306243095199990e+01,
    4.243315183200010e+01
  ],
  ""type"": ""Point""
}","{
  ""coordinates"": [
    -83.062430952,
    42.433151832
  ],
  ""type"": ""Point""
}",-83.0624309519999,42.4331518320001
9341,1111539,WHITTIER,MCKINNEY,2017-08-18,18,8,2017,11,6,3,9,,4,0,,1,2,1,30,3,2,3,4,0,0,0,2,false,,false,false,false,false,false,,,,,,false,false,false,,,false,false,false,false,false,-82.94748,42.41463,"{
  ""coordinates"": [
    -8.294747754600000e+01,
    4.241463253200000e+01
  ],
  ""type"": ""Point""
}","{
  ""coordinates"": [
    -82.947477546,
    42.414632532
  ],
  ""type"": ""Point""
}",-82.947477546,42.414632532
9342,1115218,I-75,LANTZ,2017-08-18,18,8,2017,18,6,5,9,,4,0,,1,2,1,70,4,3,3,4,0,0,0,2,false,,false,false,false,false,false,,,,,,false,false,true,,,false,false,false,false,false,-83.09555,42.43882,"{
  ""coordinates"": [
    -8.309555023900000e+01,
    4.243881507700010e+01
  ],
  ""type"": ""Point""
}","{
  ""coordinates"": [
    -83.095550239,
    42.438815077
  ],
  ""type"": ""Point""
}",-83.095550239,42.4388150770001
9343,1124320,MINOCK,PAUL,2017-08-18,18,8,2017,13,6,5,9,,,0,,1,1,1,25,2,2,1,4,0,0,0,1,false,,false,false,false,false,false,,,,,,false,false,true,,,false,false,false,false,false,-83.23145,42.33612,"{
  ""coordinates"": [
    -8.323144902900000e+01,
    4.233611885900010e+01
  ],
  ""type"": ""Point""
}","{
  ""coordinates"": [
    -83.231449029,
    42.336118859
  ],
  ""type"": ""Point""
}",-83.231449029,42.3361188590001
9344,1112448,CAPITAL,MANSFIELD,2017-08-18,18,8,2017,21,6,6,9,,,0,,1,1,4,25,2,2,1,5,0,0,0,0,true,,false,false,true,false,false,,,,,,false,false,false,,,false,false,false,false,false,-83.20373,42.37697,"{
  ""coordinates"": [
    -8.320372990100000e+01,
    4.237697008700010e+01
  ],
  ""type"": ""Point""
}","{
  ""coordinates"": [
    -83.203729901,
    42.376970087
  ],
  ""type"": ""Point""
}",-83.203729901,42.3769700870001
9345,1111503,JOY,N M 39 SERVICE DRIVE,2017-08-18,18,8,2017,19,6,3,9,,2,0,,1,1,1,35,5,2,2,4,0,0,0,2,false,,false,false,false,false,false,,,,,,false,false,true,,,false,false,false,false,false,-83.21616,42.35786,"{
  ""coordinates"": [
    -8.321616320899990e+01,
    4.235786035800000e+01
  ],
  ""type"": ""Point""
}","{
  ""coordinates"": [
    -83.216163209,
    42.357860358
  ],
  ""type"": ""Point""
}",-83.2161632089999,42.357860358
9346,1111545,TIREMAN,WYOMING,2017-08-18,18,8,2017,14,6,5,9,,4,0,,1,2,1,20,2,2,4,5,0,0,0,0,true,,false,false,false,false,false,,,,,,false,false,true,,,false,false,false,false,false,-83.15762,42.35172,"{
  ""coordinates"": [
    -8.315761917099999e+01,
    4.235171999400010e+01
  ],
  ""type"": ""Point""
}","{
  ""coordinates"": [
    -83.157619171,
    42.351719994
  ],
  ""type"": ""Point""
}",-83.157619171,42.3517199940001
9347,1112461,8 MILE,WALTHAM,2017-08-18,18,8,2017,22,6,5,3,,1,0,,1,1,4,40,4,2,3,4,0,0,0,1,false,,false,false,true,false,false,,,,,,false,false,false,,,false,false,false,false,false,-82.99515,42.44907,"{
  ""coordinates"": [
    -8.299514671799990e+01,
    4.244907119300010e+01
  ],
  ""type"": ""Point""
}","{
  ""coordinates"": [
    -82.995146718,
    42.449071193
  ],
  ""type"": ""Point""
}",-82.9951467179999,42.4490711930001
9348,1117012,MADISON,BEAUBIEN,2017-08-18,18,8,2017,18,6,5,9,,4,0,,1,1,1,25,3,2,3,5,0,0,0,0,true,,false,false,false,false,false,,,,,,false,false,false,,,false,false,false,false,false,-83.04472,42.3378,"{
  ""coordinates"": [
    -8.304471957899990e+01,
    4.233780131900010e+01
  ],
  ""type"": ""Point""
}","{
  ""coordinates"": [
    -83.044719579,
    42.337801319
  ],
  ""type"": ""Point""
}",-83.0447195789999,42.3378013190001
9349,1111487,MICHIGAN,MILITARY,2017-08-18,18,8,2017,20,6,2,2,,1,0,,1,1,1,25,2,2,3,5,0,0,0,0,true,,false,false,false,false,false,,,,,,false,false,false,,,false,false,false,false,false,-83.11884,42.33112,"{
  ""coordinates"": [
    -8.311883482499999e+01,
    4.233112444500010e+01
  ],
  ""type"": ""Point""
}","{
  ""coordinates"": [
    -83.118834825,
    42.331124445
  ],
  ""type"": ""Point""
}",-83.118834825,42.3311244450001
9350,1110375,ROBINWOOD,MOUND,2017-08-18,18,8,2017,0,6,4,9,,,0,,1,1,4,35,5,2,2,3,0,0,1,0,false,,false,false,false,false,false,,,,,,false,false,true,,,false,false,false,false,false,-83.04354,42.43171,"{
  ""coordinates"": [
    -8.304354400999991e+01,
    4.243170758000010e+01
  ],
  ""type"": ""Point""
}","{
  ""coordinates"": [
    -83.04354401,
    42.43170758
  ],
  ""type"": ""Point""
}",-83.0435440099999,42.4317075800001
9351,1111550,BARLOW,7 MILE,2017-08-18,18,8,2017,16,6,9,9,,,2,,1,1,1,25,2,2,0,5,0,0,0,0,true,,false,false,true,false,false,,,,,,false,false,false,,,false,false,false,false,false,-82.99605,42.43496,"{
  ""coordinates"": [
    -8.299604844500000e+01,
    4.243495480200000e+01
  ],
  ""type"": ""Point""
}","{
  ""coordinates"": [
    -82.996048445,
    42.434954802
  ],
  ""type"": ""Point""
}",-82.996048445,42.434954802
9352,1111511,EVERGREEN,CAPITOL,2017-08-18,18,8,2017,17,6,3,9,,4,0,,1,1,1,0,2,2,1,5,0,0,0,0,true,,false,false,true,false,false,,,,,,false,false,false,,,false,false,false,false,false,-83.23639,42.37617,"{
  ""coordinates"": [
    -8.323639288800000e+01,
    4.237617291200010e+01
  ],
  ""type"": ""Point""
}","{
  ""coordinates"": [
    -83.236392888,
    42.376172912
  ],
  ""type"": ""Point""
}",-83.236392888,42.3761729120001
9353,1111510,ARTESIAN,VAN BUREN,2017-08-18,18,8,2017,7,6,97,9,,,0,,1,1,1,25,2,2,0,4,0,0,0,1,false,,false,false,true,false,false,,,,,,true,false,false,,,false,false,false,false,false,-83.22614,42.35588,"{
  ""coordinates"": [
    -8.322613725699991e+01,
    4.235587775300010e+01
  ],
  ""type"": ""Point""
}","{
  ""coordinates"": [
    -83.226137257,
    42.355877753
  ],
  ""type"": ""Point""
}",-83.2261372569999,42.3558777530001