ObjectId,Crash ID,Primary Road,Intersecting Road,Crash Date,Day,Month,Year,Hour,Weekday,Crash Type Code,Highway Classification Code,Community Code,Jurisdiction Code,Lane Departure Type Code,Surface Type,Road Condition,Weather Condition,Lighting Condition,Speed Limit,Lanes,Units,Occupants,Most Severe Injury,Fatal Injuries,Suspected Serious Injuries,Suspected Minor Injuries,Possible Injuries,Property Damage Only,Secondary Crash,Traffic Control,Red Light Run,Hit and Run,Alcohol,Drugs,Unbelted Person,Work Zone,Speeding Driver,Distracted Driver,Driveway,Pedestrian,Elderly Driver,Young Driver,Commercial Vehicle,Emergency Vehicles,Train,School Bus,Motorcycle,Bicycle,Deer,Longitude,Latitude,geom,geog,x,y
9354,1116016,JOY,N M 39 SERVICE DRIVE,2017-08-18,18,8,2017,14,6,9,9,,2,0,,1,2,1,35,4,2,2,5,0,0,0,0,true,,false,false,false,false,false,,,,,,false,false,false,,,false,false,false,false,false,-83.2161,42.35786,"{
  ""coordinates"": [
    -8.321610600699999e+01,
    4.235786163800000e+01
  ],
  ""type"": ""Point""
}","{
  ""coordinates"": [
    -83.216106007,
    42.357861638
  ],
  ""type"": ""Point""
}",-83.216106007,42.357861638
9355,1114279,FLORIDA,WAGNER,2017-08-18,18,8,2017,21,6,5,9,,,0,,1,1,1,25,2,3,0,5,0,0,0,0,true,,false,false,true,false,false,,,,,,false,false,false,,,false,false,false,false,false,-83.1413,42.33759,"{
  ""coordinates"": [
    -8.314129784300000e+01,
    4.233759041500010e+01
  ],
  ""type"": ""Point""
}","{
  ""coordinates"": [
    -83.141297843,
    42.337590415
  ],
  ""type"": ""Point""
}",-83.141297843,42.3375904150001
9356,1112490,LIVERNOIS,CHIPPEWA,2017-08-18,18,8,2017,15,6,5,9,,4,0,,1,1,1,30,1,2,2,5,0,0,0,0,true,,false,false,false,false,false,,,,,,false,false,false,,,false,false,false,false,false,-83.14175,42.44155,"{
  ""coordinates"": [
    -8.314175156999990e+01,
    4.244154911500000e+01
  ],
  ""type"": ""Point""
}","{
  ""coordinates"": [
    -83.14175157,
    42.441549115
  ],
  ""type"": ""Point""
}",-83.1417515699999,42.441549115
9357,1111454,RAMP 220F,CONNER,2017-08-18,18,8,2017,12,6,5,1,,1,0,,1,2,1,25,1,2,4,5,0,0,0,0,true,,false,false,false,false,false,,,,,,false,false,true,,,false,false,false,false,false,-82.98933,42.39566,"{
  ""coordinates"": [
    -8.298932663900000e+01,
    4.239566071200010e+01
  ],
  ""type"": ""Point""
}","{
  ""coordinates"": [
    -82.989326639,
    42.395660712
  ],
  ""type"": ""Point""
}",-82.989326639,42.3956607120001
9358,1113518,CONNER,WARREN,2017-08-18,18,8,2017,23,6,5,9,,4,0,,1,1,4,0,5,2,3,5,0,0,0,0,true,,false,false,false,false,false,,,,,,false,false,false,,,false,false,false,false,false,-82.97602,42.38929,"{
  ""coordinates"": [
    -8.297602402099990e+01,
    4.238929424100010e+01
  ],
  ""type"": ""Point""
}","{
  ""coordinates"": [
    -82.976024021,
    42.389294241
  ],
  ""type"": ""Point""
}",-82.9760240209999,42.3892942410001
9359,1124298,TUXEDO,LIVERNOIS,2017-08-18,18,8,2017,2,6,1,9,,,1,,1,1,4,25,1,1,1,5,0,0,0,0,true,,false,false,false,false,false,,,,,,false,false,true,,,false,false,true,false,false,-83.14005,42.37523,"{
  ""coordinates"": [
    -8.314004986000000e+01,
    4.237523451900010e+01
  ],
  ""type"": ""Point""
}","{
  ""coordinates"": [
    -83.14004986,
    42.375234519
  ],
  ""type"": ""Point""
}",-83.14004986,42.3752345190001
9360,1112497,7 MILE,DEQUINDRE,2017-08-18,18,8,2017,10,6,5,9,,4,0,,1,1,1,30,2,2,2,5,0,0,0,0,true,,false,false,false,false,false,,,,,,false,false,false,,,false,false,false,false,false,-83.08291,42.43291,"{
  ""coordinates"": [
    -8.308290931300000e+01,
    4.243290786200000e+01
  ],
  ""type"": ""Point""
}","{
  ""coordinates"": [
    -83.082909313,
    42.432907862
  ],
  ""type"": ""Point""
}",-83.082909313,42.432907862
9361,1111573,OUTER,RYAN,2017-08-18,18,8,2017,16,6,9,9,,2,0,,1,1,1,35,2,2,1,5,0,0,0,0,true,,false,false,true,false,false,,,,,,false,true,false,,,false,false,false,false,false,-83.06347,42.44033,"{
  ""coordinates"": [
    -8.306347271399990e+01,
    4.244033609800000e+01
  ],
  ""type"": ""Point""
}","{
  ""coordinates"": [
    -83.063472714,
    42.440336098
  ],
  ""type"": ""Point""
}",-83.0634727139999,42.440336098
9362,1111494,FORT,SCHAEFER,2017-08-18,18,8,2017,8,6,4,3,,1,0,,1,1,1,45,6,2,2,5,0,0,0,0,true,,false,false,false,false,false,,,,,,false,false,false,,,false,false,false,false,false,-83.15547,42.27642,"{
  ""coordinates"": [
    -8.315546979299999e+01,
    4.227641685900010e+01
  ],
  ""type"": ""Point""
}","{
  ""coordinates"": [
    -83.155469793,
    42.276416859
  ],
  ""type"": ""Point""
}",-83.155469793,42.2764168590001
9363,1111501,GREENVIEW,8 MILE,2017-08-18,18,8,2017,4,6,97,9,,,0,,1,1,1,25,2,2,0,5,0,0,0,0,true,,false,false,true,false,false,,,,,,false,false,false,,,false,false,false,false,false,-83.22599,42.44267,"{
  ""coordinates"": [
    -8.322599234499999e+01,
    4.244266572200010e+01
  ],
  ""type"": ""Point""
}","{
  ""coordinates"": [
    -83.225992345,
    42.442665722
  ],
  ""type"": ""Point""
}",-83.225992345,42.4426657220001
9364,1112510,CANFIELD,ST ANTOINE,2017-08-18,18,8,2017,17,6,5,9,,4,0,,1,1,1,25,1,2,2,5,0,0,0,0,true,,false,false,false,false,false,,,,,,false,false,false,,,false,false,false,false,false,-83.05474,42.35544,"{
  ""coordinates"": [
    -8.305474267300001e+01,
    4.235544084200010e+01
  ],
  ""type"": ""Point""
}","{
  ""coordinates"": [
    -83.054742673,
    42.355440842
  ],
  ""type"": ""Point""
}",-83.054742673,42.3554408420001
9365,1113529,FISHER,CLIFFORD,2017-08-18,18,8,2017,0,6,5,9,,4,0,,98,98,98,35,3,2,1,5,0,0,0,0,true,,false,false,false,false,false,,,,,,false,false,false,,,false,false,false,false,false,-83.05626,42.33879,"{
  ""coordinates"": [
    -8.305625776200000e+01,
    4.233879360700010e+01
  ],
  ""type"": ""Point""
}","{
  ""coordinates"": [
    -83.056257762,
    42.338793607
  ],
  ""type"": ""Point""
}",-83.056257762,42.3387936070001
9366,1111441,I-94,BURNS,2017-08-18,18,8,2017,17,6,5,1,,1,0,,1,1,1,55,3,2,2,5,0,0,0,0,true,,false,false,false,false,false,,,,,,false,false,false,,,false,false,false,false,false,-83.01585,42.38782,"{
  ""coordinates"": [
    -8.301584548300001e+01,
    4.238782249500010e+01
  ],
  ""type"": ""Point""
}","{
  ""coordinates"": [
    -83.015845483,
    42.387822495
  ],
  ""type"": ""Point""
}",-83.015845483,42.3878224950001
9367,1111443,N M 39,I 96 SERVICE DRIVE,2017-08-18,18,8,2017,14,6,5,3,,1,0,,1,1,1,55,3,2,2,5,0,0,0,0,true,,false,false,false,false,false,,,,,,false,false,false,,,false,false,false,false,false,-83.21682,42.37737,"{
  ""coordinates"": [
    -8.321681771700000e+01,
    4.237737003000010e+01
  ],
  ""type"": ""Point""
}","{
  ""coordinates"": [
    -83.216817717,
    42.37737003
  ],
  ""type"": ""Point""
}",-83.216817717,42.3773700300001
9368,1128351,PARK,HARPER,2017-08-18,18,8,2017,17,6,5,9,,,0,,1,1,1,0,2,2,2,4,0,0,0,1,false,,false,false,false,false,false,,,,,,false,true,false,,,false,false,false,false,false,-82.97582,42.40136,"{
  ""coordinates"": [
    -8.297581938799991e+01,
    4.240136454600000e+01
  ],
  ""type"": ""Point""
}","{
  ""coordinates"": [
    -82.975819388,
    42.401364546
  ],
  ""type"": ""Point""
}",-82.9758193879999,42.401364546
9369,1117011,WOODWARD,FORT,2017-08-18,18,8,2017,21,6,8,9,,4,0,,1,1,4,25,3,2,2,5,0,0,0,0,true,,false,false,false,false,false,,,,,,false,false,false,,,false,false,false,false,false,-83.047,42.33135,"{
  ""coordinates"": [
    -8.304700112300000e+01,
    4.233134937800000e+01
  ],
  ""type"": ""Point""
}","{
  ""coordinates"": [
    -83.047001123,
    42.331349378
  ],
  ""type"": ""Point""
}",-83.047001123,42.331349378
9370,1111524,GRAND RIVER,AUBURN,2017-08-18,18,8,2017,17,6,4,3,,1,0,,1,1,1,35,4,2,4,4,0,0,0,4,false,,false,false,false,false,false,,,,,,false,false,false,,,false,false,false,false,false,-83.23572,42.40772,"{
  ""coordinates"": [
    -8.323571971900000e+01,
    4.240771677800010e+01
  ],
  ""type"": ""Point""
}","{
  ""coordinates"": [
    -83.235719719,
    42.407716778
  ],
  ""type"": ""Point""
}",-83.235719719,42.4077167780001
9371,1111469,GRAND RIVER,OAKMAN,2017-08-18,18,8,2017,16,6,5,3,,1,0,,1,1,1,35,4,2,1,5,0,0,0,0,true,,false,false,true,false,false,,,,,,false,true,false,,,false,false,false,false,false,-83.15091,42.37355,"{
  ""coordinates"": [
    -8.315091001899999e+01,
    4.237355173800010e+01
  ],
  ""type"": ""Point""
}","{
  ""coordinates"": [
    -83.150910019,
    42.373551738
  ],
  ""type"": ""Point""
}",-83.150910019,42.3735517380001
9372,1113522,CANYON,CHESTER,2017-08-18,18,8,2017,11,6,4,9,,,0,,1,1,1,25,2,2,1,5,0,0,0,0,true,,false,false,true,false,false,,,,,,false,true,false,,,false,false,false,false,false,-82.92561,42.42147,"{
  ""coordinates"": [
    -8.292561051300000e+01,
    4.242146528800000e+01
  ],
  ""type"": ""Point""
}","{
  ""coordinates"": [
    -82.925610513,
    42.421465288
  ],
  ""type"": ""Point""
}",-82.925610513,42.421465288
9373,1111440,I-75,GRAND,2017-08-18,18,8,2017,12,6,1,1,,1,1,,1,1,1,55,4,1,2,4,0,0,0,1,false,,false,false,false,false,false,,,,,,false,false,true,,,false,false,false,false,false,-83.06113,42.37573,"{
  ""coordinates"": [
    -8.306112714499990e+01,
    4.237573014100010e+01
  ],
  ""type"": ""Point""
}","{
  ""coordinates"": [
    -83.061127145,
    42.375730141
  ],
  ""type"": ""Point""
}",-83.0611271449999,42.3757301410001
9374,1171912,CHRISTY,GUNSTON,2017-08-18,18,8,2017,4,6,9,3,,,2,,1,1,4,25,2,2,1,5,0,0,0,0,true,,false,false,false,false,false,,,,,,false,false,true,,,false,false,false,false,false,-82.99928,42.41469,"{
  ""coordinates"": [
    -8.299927855000000e+01,
    4.241469216500010e+01
  ],
  ""type"": ""Point""
}","{
  ""coordinates"": [
    -82.99927855,
    42.414692165
  ],
  ""type"": ""Point""
}",-82.99927855,42.4146921650001
9375,1120691,DEXTER,CLEMENTS,2017-08-18,18,8,2017,10,6,4,9,,4,0,,1,1,1,35,4,2,3,5,0,0,0,0,true,,true,false,false,false,false,,,,,,false,false,false,,,false,false,false,false,false,-83.13139,42.39052,"{
  ""coordinates"": [
    -8.313138327999999e+01,
    4.239051724900000e+01
  ],
  ""type"": ""Point""
}","{
  ""coordinates"": [
    -83.13138328,
    42.390517249
  ],
  ""type"": ""Point""
}",-83.13138328,42.390517249
9376,1111541,HARPER,DICKERSON,2017-08-18,18,8,2017,7,6,8,9,,4,0,,1,1,1,25,4,2,1,5,0,0,0,0,true,,false,false,true,false,false,,,,,,false,true,false,,,false,false,false,false,false,-82.97267,42.4023,"{
  ""coordinates"": [
    -8.297267115900000e+01,
    4.240229643800010e+01
  ],
  ""type"": ""Point""
}","{
  ""coordinates"": [
    -82.972671159,
    42.402296438
  ],
  ""type"": ""Point""
}",-82.972671159,42.4022964380001
9377,1111481,TEMPLE,4TH,2017-08-18,18,8,2017,23,6,4,9,,4,0,,1,1,4,35,4,2,6,5,0,0,0,0,true,,false,false,false,false,false,,,,,,false,false,true,,,false,false,false,false,false,-83.06395,42.34016,"{
  ""coordinates"": [
    -8.306395316600000e+01,
    4.234016542300000e+01
  ],
  ""type"": ""Point""
}","{
  ""coordinates"": [
    -83.063953166,
    42.340165423
  ],
  ""type"": ""Point""
}",-83.063953166,42.340165423
9378,1111581,VAN DYKE,DOYLE,2017-08-18,18,8,2017,17,6,5,3,,1,0,,1,1,1,35,2,4,5,2,0,1,1,1,false,,false,false,false,false,false,,,,,,false,true,false,,,false,false,false,false,false,-83.02361,42.41706,"{
  ""coordinates"": [
    -8.302361449800000e+01,
    4.241706087400010e+01
  ],
  ""type"": ""Point""
}","{
  ""coordinates"": [
    -83.023614498,
    42.417060874
  ],
  ""type"": ""Point""
}",-83.023614498,42.4170608740001
9379,1111474,W I 94,RAMP 213L,2017-08-18,18,8,2017,7,6,8,1,,1,0,,1,1,1,55,3,2,1,5,0,0,0,0,true,,false,false,true,false,false,,,,,,false,false,false,,,false,false,false,false,false,-83.09592,42.35125,"{
  ""coordinates"": [
    -8.309592638399990e+01,
    4.235124404700010e+01
  ],
  ""type"": ""Point""
}","{
  ""coordinates"": [
    -83.095926384,
    42.351244047
  ],
  ""type"": ""Point""
}",-83.0959263839999,42.3512440470001
9380,1112450,MT ELLIOTT,STRONG,2017-08-18,18,8,2017,19,6,5,9,,4,0,,1,1,1,25,4,2,2,5,0,0,0,0,true,,false,false,false,false,false,,,,,,false,false,false,,,false,false,false,false,false,-83.0387,42.38548,"{
  ""coordinates"": [
    -8.303869441499999e+01,
    4.238547730500010e+01
  ],
  ""type"": ""Point""
}","{
  ""coordinates"": [
    -83.038694415,
    42.385477305
  ],
  ""type"": ""Point""
}",-83.038694415,42.3854773050001
9381,1115245,GREENFIELD,SCHOOLCRAFT,2017-08-18,18,8,2017,12,6,5,9,,2,0,,1,1,1,35,5,2,2,5,0,0,0,0,true,,false,false,false,false,false,,,,,,false,false,false,,,false,false,false,false,false,-83.19816,42.38693,"{
  ""coordinates"": [
    -8.319815797400000e+01,
    4.238692838600010e+01
  ],
  ""type"": ""Point""
}","{
  ""coordinates"": [
    -83.198157974,
    42.386928386
  ],
  ""type"": ""Point""
}",-83.198157974,42.3869283860001
9382,1111483,RAMP 938F,RAMP 037E,2017-08-18,18,8,2017,15,6,8,1,,1,0,,1,2,1,30,7,2,2,5,0,0,0,0,true,,false,false,false,false,false,,,,,,false,false,true,,,false,false,false,false,false,-83.0775,42.33268,"{
  ""coordinates"": [
    -8.307749710500001e+01,
    4.233267587600010e+01
  ],
  ""type"": ""Point""
}","{
  ""coordinates"": [
    -83.077497105,
    42.332675876
  ],
  ""type"": ""Point""
}",-83.077497105,42.3326758760001
9383,1114289,PLYMOUTH,EVERGREEN,2017-08-18,18,8,2017,17,6,5,9,,4,0,,1,1,1,30,7,2,2,5,0,0,0,0,true,,false,false,true,false,false,,,,,,false,false,false,,,false,false,false,false,false,-83.23629,42.37189,"{
  ""coordinates"": [
    -8.323629222900000e+01,
    4.237189662000000e+01
  ],
  ""type"": ""Point""
}","{
  ""coordinates"": [
    -83.236292229,
    42.37189662
  ],
  ""type"": ""Point""
}",-83.236292229,42.37189662
9384,1111517,KERCHEVAL,GRAND,2017-08-18,18,8,2017,16,6,5,9,,4,0,,1,1,1,25,3,2,2,5,0,0,0,0,true,,false,false,false,false,false,,,,,,false,false,false,,,false,false,false,false,false,-83.00753,42.35558,"{
  ""coordinates"": [
    -8.300752813900000e+01,
    4.235558504400010e+01
  ],
  ""type"": ""Point""
}","{
  ""coordinates"": [
    -83.007528139,
    42.355585044
  ],
  ""type"": ""Point""
}",-83.007528139,42.3555850440001
9385,1111521,BURT,GRANDRIVER,2017-08-18,18,8,2017,8,6,8,3,,4,0,,1,1,1,30,6,2,4,5,0,0,0,0,true,,false,false,true,false,false,,,,,,false,false,false,,,false,false,false,false,false,-83.24763,42.41247,"{
  ""coordinates"": [
    -8.324762815699999e+01,
    4.241246860600010e+01
  ],
  ""type"": ""Point""
}","{
  ""coordinates"": [
    -83.247628157,
    42.412468606
  ],
  ""type"": ""Point""
}",-83.247628157,42.4124686060001
9386,1111488,SCHAEFER,FORT,2017-08-18,18,8,2017,11,6,5,7,,1,0,,1,1,1,35,4,2,2,5,0,0,0,0,true,,false,false,false,false,false,,,,,,false,false,true,,,false,false,false,false,false,-83.15515,42.27618,"{
  ""coordinates"": [
    -8.315515221999991e+01,
    4.227617486200010e+01
  ],
  ""type"": ""Point""
}","{
  ""coordinates"": [
    -83.15515222,
    42.276174862
  ],
  ""type"": ""Point""
}",-83.1551522199999,42.2761748620001
9387,1115200,I-75,OUTER,2017-08-18,18,8,2017,19,6,1,1,,1,0,,1,1,2,70,3,1,1,5,0,0,0,0,true,,false,false,false,false,false,,,,,,false,false,false,,,false,false,false,false,false,-83.16735,42.2674,"{
  ""coordinates"": [
    -8.316735034800000e+01,
    4.226739627000010e+01
  ],
  ""type"": ""Point""
}","{
  ""coordinates"": [
    -83.167350348,
    42.26739627
  ],
  ""type"": ""Point""
}",-83.167350348,42.2673962700001
9388,1111557,S M 10,W M 8,2017-08-18,18,8,2017,17,6,8,3,,1,0,,1,1,1,35,2,2,1,5,0,0,0,0,true,,false,false,true,false,false,,,,,,false,false,true,,,false,false,false,false,false,-83.11093,42.39835,"{
  ""coordinates"": [
    -8.311092984899990e+01,
    4.239835181000010e+01
  ],
  ""type"": ""Point""
}","{
  ""coordinates"": [
    -83.110929849,
    42.39835181
  ],
  ""type"": ""Point""
}",-83.1109298489999,42.3983518100001
9389,1111461,E I 96,E M 8,2017-08-18,18,8,2017,10,6,8,1,,1,0,,1,1,1,70,2,2,2,5,0,0,0,0,true,,false,false,false,false,false,,,,,,false,false,false,,,false,false,false,false,false,-83.15508,42.38516,"{
  ""coordinates"": [
    -8.315508028799999e+01,
    4.238516226700010e+01
  ],
  ""type"": ""Point""
}","{
  ""coordinates"": [
    -83.155080288,
    42.385162267
  ],
  ""type"": ""Point""
}",-83.155080288,42.3851622670001
9390,1113532,GRATIOT,ROSEMARY,2017-08-18,18,8,2017,23,6,5,3,,1,0,,1,1,3,35,7,3,4,3,0,0,1,0,false,,false,false,false,false,false,,,,,,false,false,true,,,false,false,false,false,false,-82.99523,42.40837,"{
  ""coordinates"": [
    -8.299523100200000e+01,
    4.240837157800010e+01
  ],
  ""type"": ""Point""
}","{
  ""coordinates"": [
    -82.995231002,
    42.408371578
  ],
  ""type"": ""Point""
}",-82.995231002,42.4083715780001
9391,1111559,E I 96 CD,RAMP 135A,2017-08-18,18,8,2017,23,6,6,1,,1,0,,1,1,4,45,3,2,2,5,0,0,0,0,true,,false,false,false,false,false,,,,,,false,false,true,,,false,false,false,false,false,-83.24333,42.38491,"{
  ""coordinates"": [
    -8.324333242199999e+01,
    4.238491369900000e+01
  ],
  ""type"": ""Point""
}","{
  ""coordinates"": [
    -83.243332422,
    42.384913699
  ],
  ""type"": ""Point""
}",-83.243332422,42.384913699
9392,1111554,DAVISON,DEXTER,2017-08-18,18,8,2017,22,6,4,3,,1,0,,1,1,4,35,5,2,2,4,0,0,0,1,false,,false,false,false,false,false,,,,,,false,false,true,,,false,false,false,false,false,-83.13087,42.38975,"{
  ""coordinates"": [
    -8.313086805400000e+01,
    4.238974974100010e+01
  ],
  ""type"": ""Point""
}","{
  ""coordinates"": [
    -83.130868054,
    42.389749741
  ],
  ""type"": ""Point""
}",-83.130868054,42.3897497410001
9393,1111467,INTERVALE,WYOMING,2017-08-18,18,8,2017,19,6,3,9,,,0,,1,2,1,25,2,2,2,5,0,0,0,0,true,,false,false,false,false,false,,,,,,false,false,true,,,false,false,false,false,false,-83.15909,42.39166,"{
  ""coordinates"": [
    -8.315908835800001e+01,
    4.239165889400000e+01
  ],
  ""type"": ""Point""
}","{
  ""coordinates"": [
    -83.159088358,
    42.391658894
  ],
  ""type"": ""Point""
}",-83.159088358,42.391658894
9394,1116029,7 MILE,QUEEN,2017-08-18,18,8,2017,15,6,8,9,,2,0,,1,2,1,30,2,2,1,5,0,0,0,0,true,,false,false,true,false,false,,,,,,false,false,false,,,false,false,false,false,false,-82.96851,42.43534,"{
  ""coordinates"": [
    -8.296851654400000e+01,
    4.243533883600000e+01
  ],
  ""type"": ""Point""
}","{
  ""coordinates"": [
    -82.968516544,
    42.435338836
  ],
  ""type"": ""Point""
}",-82.968516544,42.435338836
9395,1117030,ENGLEWOOD,OAKLAND,2017-08-18,18,8,2017,21,6,8,9,,,0,,1,1,4,25,1,2,0,5,0,0,0,0,true,,false,false,true,false,false,,,,,,false,false,false,,,false,false,false,false,false,-83.0808,42.39455,"{
  ""coordinates"": [
    -8.308080320499990e+01,
    4.239454560400000e+01
  ],
  ""type"": ""Point""
}","{
  ""coordinates"": [
    -83.080803205,
    42.394545604
  ],
  ""type"": ""Point""
}",-83.0808032049999,42.394545604
9396,1228342,WOODWARD,MACK,2017-08-18,18,8,2017,9,6,1,3,,1,0,,1,1,1,30,1,2,1,4,0,0,0,1,false,,false,false,true,false,false,,,,,,false,false,false,,,false,false,false,true,false,-83.05961,42.34998,"{
  ""coordinates"": [
    -8.305961104600000e+01,
    4.234998029200010e+01
  ],
  ""type"": ""Point""
}","{
  ""coordinates"": [
    -83.059611046,
    42.349980292
  ],
  ""type"": ""Point""
}",-83.059611046,42.3499802920001
9397,1112481,MEYER,CLARITA,2017-08-18,18,8,2017,11,6,4,9,,4,0,,1,1,1,0,2,2,3,5,0,0,0,0,true,,false,false,false,false,false,,,,,,false,false,false,,,false,false,false,false,false,-83.17063,42.42948,"{
  ""coordinates"": [
    -8.317062868499990e+01,
    4.242947768400010e+01
  ],
  ""type"": ""Point""
}","{
  ""coordinates"": [
    -83.170628685,
    42.429477684
  ],
  ""type"": ""Point""
}",-83.1706286849999,42.4294776840001
9398,1111452,I-75,STATE FAIR,2017-08-18,18,8,2017,11,6,5,1,,1,0,,1,1,1,70,4,2,3,5,0,0,0,0,true,,false,false,false,false,false,,,,,,false,false,true,,,false,false,false,false,false,-83.09477,42.43542,"{
  ""coordinates"": [
    -8.309477318400000e+01,
    4.243542103100000e+01
  ],
  ""type"": ""Point""
}","{
  ""coordinates"": [
    -83.094773184,
    42.435421031
  ],
  ""type"": ""Point""
}",-83.094773184,42.435421031
9399,1146181,FORT,MILITARY,2017-08-18,18,8,2017,12,6,8,3,,1,0,,1,2,1,30,2,2,2,5,0,0,0,0,true,,false,false,false,false,false,,,,,,false,false,false,,,false,false,false,false,false,-83.10107,42.30765,"{
  ""coordinates"": [
    -8.310107687500000e+01,
    4.230764940600010e+01
  ],
  ""type"": ""Point""
}","{
  ""coordinates"": [
    -83.101076875,
    42.307649406
  ],
  ""type"": ""Point""
}",-83.101076875,42.3076494060001
9400,1111490,HONORAH,PITT,2017-08-18,18,8,2017,11,6,9,9,,,0,,1,1,1,25,1,2,0,5,0,0,0,0,true,,false,false,false,false,false,,,,,,false,false,false,,,false,false,false,false,false,-83.12443,42.31501,"{
  ""coordinates"": [
    -8.312442406500000e+01,
    4.231501378800000e+01
  ],
  ""type"": ""Point""
}","{
  ""coordinates"": [
    -83.124424065,
    42.315013788
  ],
  ""type"": ""Point""
}",-83.124424065,42.315013788
9401,1115244,SOUTHFIELD SERVICE DRIVE,PLYMOUTH,2017-08-18,18,8,2017,8,6,5,9,,4,0,,1,1,1,55,3,2,2,5,0,0,0,0,true,,false,false,false,false,false,,,,,,false,false,true,,,false,false,false,false,false,-83.21712,42.37281,"{
  ""coordinates"": [
    -8.321712032600000e+01,
    4.237280675100000e+01
  ],
  ""type"": ""Point""
}","{
  ""coordinates"": [
    -83.217120326,
    42.372806751
  ],
  ""type"": ""Point""
}",-83.217120326,42.372806751
9402,1117087,7 MILE,DEAN,2017-08-18,18,8,2017,12,6,5,9,,4,0,,1,1,1,25,2,2,2,5,0,0,0,0,true,,false,false,false,false,false,,,,,,false,false,false,,,false,false,false,false,false,-83.06179,42.43317,"{
  ""coordinates"": [
    -8.306178719499999e+01,
    4.243316616600000e+01
  ],
  ""type"": ""Point""
}","{
  ""coordinates"": [
    -83.061787195,
    42.433166166
  ],
  ""type"": ""Point""
}",-83.061787195,42.433166166
9403,1112455,MCNICHOLS,GRATIOT,2017-08-18,18,8,2017,22,6,3,3,,4,0,,1,1,4,35,2,2,4,3,0,0,1,1,false,,false,false,false,false,false,,,,,,false,false,true,,,false,false,false,false,false,-82.98306,42.42694,"{
  ""coordinates"": [
    -8.298306371800000e+01,
    4.242693614400010e+01
  ],
  ""type"": ""Point""
}","{
  ""coordinates"": [
    -82.983063718,
    42.426936144
  ],
  ""type"": ""Point""
}",-82.983063718,42.4269361440001
9404,1111470,STRATHMOOR,FENKELL,2017-08-18,18,8,2017,20,6,4,9,,,0,,1,1,3,30,4,2,3,4,0,0,0,1,false,,false,false,false,false,false,,,,,,false,false,true,,,false,false,false,false,false,-83.18777,42.40184,"{
  ""coordinates"": [
    -8.318776618299999e+01,
    4.240184226700010e+01
  ],
  ""type"": ""Point""
}","{
  ""coordinates"": [
    -83.187766183,
    42.401842267
  ],
  ""type"": ""Point""
}",-83.187766183,42.4018422670001
9405,1111565,JOY,LIVERNOIS,2017-08-18,18,8,2017,20,6,97,9,,4,0,,1,1,3,30,3,2,2,5,0,0,0,0,true,,false,false,false,false,false,,,,,,false,true,false,,,false,false,false,false,false,-83.13816,42.35976,"{
  ""coordinates"": [
    -8.313816287700000e+01,
    4.235975576400010e+01
  ],
  ""type"": ""Point""
}","{
  ""coordinates"": [
    -83.138162877,
    42.359755764
  ],
  ""type"": ""Point""
}",-83.138162877,42.3597557640001
9406,1111453,I-94,LINWOOD,2017-08-18,18,8,2017,12,6,8,1,,1,0,,1,1,1,55,3,2,2,5,0,0,0,0,true,,false,false,false,false,false,,,,,,false,false,true,,,false,false,false,false,false,-83.08923,42.35322,"{
  ""coordinates"": [
    -8.308922775100000e+01,
    4.235321717900010e+01
  ],
  ""type"": ""Point""
}","{
  ""coordinates"": [
    -83.089227751,
    42.353217179
  ],
  ""type"": ""Point""
}",-83.089227751,42.3532171790001
9407,1111591,S M 10,RAMP 105A,2017-08-18,18,8,2017,14,6,1,3,,1,0,,1,1,1,15,3,2,2,5,0,0,0,0,true,,false,false,false,false,false,,,,,,false,false,false,,,false,false,false,true,false,-83.16139,42.4059,"{
  ""coordinates"": [
    -8.316139438399991e+01,
    4.240589552400010e+01
  ],
  ""type"": ""Point""
}","{
  ""coordinates"": [
    -83.161394384,
    42.405895524
  ],
  ""type"": ""Point""
}",-83.1613943839999,42.4058955240001
9408,1111451,RAMP 009A,N M 39,2017-08-18,18,8,2017,13,6,5,3,,1,0,,1,1,1,55,3,3,2,3,0,0,1,0,false,,false,false,true,false,false,,,,,,false,false,true,,,false,false,false,false,false,-83.21801,42.39779,"{
  ""coordinates"": [
    -8.321800770100000e+01,
    4.239778789900000e+01
  ],
  ""type"": ""Point""
}","{
  ""coordinates"": [
    -83.218007701,
    42.397787899
  ],
  ""type"": ""Point""
}",-83.218007701,42.397787899
9409,1111563,FULLERTON,WOODROW WILSON,2017-08-18,18,8,2017,15,6,5,9,,,0,,1,1,1,25,2,2,1,5,0,0,0,0,true,,false,false,false,false,false,,,,,,false,false,true,,,false,false,false,false,false,-83.10683,42.39305,"{
  ""coordinates"": [
    -8.310682529600000e+01,
    4.239305544500010e+01
  ],
  ""type"": ""Point""
}","{
  ""coordinates"": [
    -83.106825296,
    42.393055445
  ],
  ""type"": ""Point""
}",-83.106825296,42.3930554450001
9410,1111491,S M 39 SERVICE DRIVE,JOY,2017-08-18,18,8,2017,21,6,5,9,,4,0,,1,1,4,55,3,2,2,5,0,0,0,0,true,,false,false,true,false,false,,,,,,false,false,false,,,false,false,false,false,false,-83.2169,42.3579,"{
  ""coordinates"": [
    -8.321690605700000e+01,
    4.235790144900010e+01
  ],
  ""type"": ""Point""
}","{
  ""coordinates"": [
    -83.216906057,
    42.357901449
  ],
  ""type"": ""Point""
}",-83.216906057,42.3579014490001