ObjectId,Crash ID,Primary Road,Intersecting Road,Crash Date,Day,Month,Year,Hour,Weekday,Crash Type Code,Highway Classification Code,Community Code,Jurisdiction Code,Lane Departure Type Code,Surface Type,Road Condition,Weather Condition,Lighting Condition,Speed Limit,Lanes,Units,Occupants,Most Severe Injury,Fatal Injuries,Suspected Serious Injuries,Suspected Minor Injuries,Possible Injuries,Property Damage Only,Secondary Crash,Traffic Control,Red Light Run,Hit and Run,Alcohol,Drugs,Unbelted Person,Work Zone,Speeding Driver,Distracted Driver,Driveway,Pedestrian,Elderly Driver,Young Driver,Commercial Vehicle,Emergency Vehicles,Train,School Bus,Motorcycle,Bicycle,Deer,Longitude,Latitude,geom,geog,x,y
9411,1112484,GREENFIELD,8 MILE,2017-08-18,18,8,2017,17,6,4,7,,1,0,,1,1,1,40,4,2,1,5,0,0,0,0,true,,false,false,true,false,false,,,,,,false,false,false,,,false,false,false,false,false,-83.20049,42.44431,"{
  ""coordinates"": [
    -8.320048924000000e+01,
    4.244430964100010e+01
  ],
  ""type"": ""Point""
}","{
  ""coordinates"": [
    -83.20048924,
    42.444309641
  ],
  ""type"": ""Point""
}",-83.20048924,42.4443096410001
9412,1112468,FENKELL,QUINCY,2017-08-18,18,8,2017,3,6,1,9,,4,0,,1,1,4,35,3,1,2,1,1,1,0,0,false,,false,false,false,true,false,,,,,,false,false,true,,,false,false,false,false,false,-83.13808,42.40272,"{
  ""coordinates"": [
    -8.313807997299990e+01,
    4.240271991000000e+01
  ],
  ""type"": ""Point""
}","{
  ""coordinates"": [
    -83.138079973,
    42.40271991
  ],
  ""type"": ""Point""
}",-83.1380799729999,42.40271991
9413,1111439,E I 96,SOUTHFIELD SERVICE DRIVE,2017-08-18,18,8,2017,8,6,1,1,,1,0,,1,1,1,70,3,1,1,5,0,0,0,0,true,,false,false,false,false,false,,,,,,false,false,false,,,false,false,false,false,false,-83.21765,42.37862,"{
  ""coordinates"": [
    -8.321764890500000e+01,
    4.237862458100010e+01
  ],
  ""type"": ""Point""
}","{
  ""coordinates"": [
    -83.217648905,
    42.378624581
  ],
  ""type"": ""Point""
}",-83.217648905,42.3786245810001
9414,1114237,M-39,7 MILE,2017-08-18,18,8,2017,17,6,5,3,,1,0,,1,2,1,55,3,3,3,4,0,0,0,1,false,,false,false,false,false,false,,,,,,false,false,true,,,false,false,false,false,false,-83.21944,42.43085,"{
  ""coordinates"": [
    -8.321943892699990e+01,
    4.243084829600010e+01
  ],
  ""type"": ""Point""
}","{
  ""coordinates"": [
    -83.219438927,
    42.430848296
  ],
  ""type"": ""Point""
}",-83.2194389269999,42.4308482960001
9415,1110302,I 94,LUCKY,2017-08-17,17,8,2017,10,5,8,1,,1,0,,2,4,1,55,3,2,2,5,0,0,0,0,true,,false,false,false,false,false,,,,,,false,false,true,,,false,false,false,false,false,-83.03826,42.37741,"{
  ""coordinates"": [
    -8.303826088600000e+01,
    4.237741002700010e+01
  ],
  ""type"": ""Point""
}","{
  ""coordinates"": [
    -83.038260886,
    42.377410027
  ],
  ""type"": ""Point""
}",-83.038260886,42.3774100270001
9416,1109324,I-94,CADIEUX,2017-08-17,17,8,2017,1,5,5,1,,1,0,,1,1,4,55,3,3,3,4,0,0,0,1,false,,false,false,false,false,false,,,,,,false,true,true,,,false,false,false,false,false,-82.9415,42.41437,"{
  ""coordinates"": [
    -8.294149930700000e+01,
    4.241437027900000e+01
  ],
  ""type"": ""Point""
}","{
  ""coordinates"": [
    -82.941499307,
    42.414370279
  ],
  ""type"": ""Point""
}",-82.941499307,42.414370279
9417,1110353,ST AUBIN,MACK,2017-08-17,17,8,2017,12,5,4,9,,4,0,,1,1,1,30,1,2,2,5,0,0,0,0,true,,false,false,false,false,false,,,,,,false,false,true,,,false,false,false,false,false,-83.03824,42.35519,"{
  ""coordinates"": [
    -8.303823567800001e+01,
    4.235519184200010e+01
  ],
  ""type"": ""Point""
}","{
  ""coordinates"": [
    -83.038235678,
    42.355191842
  ],
  ""type"": ""Point""
}",-83.038235678,42.3551918420001
9418,1110357,ADELAIDE,VERNOR,2017-08-17,17,8,2017,8,5,97,3,,,0,,2,4,1,25,2,2,2,5,0,0,0,0,true,,false,false,false,false,false,,,,,,false,false,false,,,false,false,false,false,false,-83.03503,42.34855,"{
  ""coordinates"": [
    -8.303502576200000e+01,
    4.234854966000010e+01
  ],
  ""type"": ""Point""
}","{
  ""coordinates"": [
    -83.035025762,
    42.34854966
  ],
  ""type"": ""Point""
}",-83.035025762,42.3485496600001
9419,1123481,WOODWARD,WITHERELL,2017-08-17,17,8,2017,9,5,5,9,,4,0,,2,4,1,25,3,2,1,5,0,0,0,0,true,,false,false,true,false,false,,,,,,false,false,false,,,false,false,false,false,false,-83.05018,42.33596,"{
  ""coordinates"": [
    -8.305017991600000e+01,
    4.233596415500010e+01
  ],
  ""type"": ""Point""
}","{
  ""coordinates"": [
    -83.050179916,
    42.335964155
  ],
  ""type"": ""Point""
}",-83.050179916,42.3359641550001
9420,1117103,MONTROSE,VASSAR,2017-08-17,17,8,2017,15,5,4,9,,,0,,2,4,1,25,2,2,2,5,0,0,0,0,true,,false,false,false,false,false,,,,,,false,false,false,,,false,false,false,false,false,-83.20219,42.43399,"{
  ""coordinates"": [
    -8.320219654100001e+01,
    4.243399227200010e+01
  ],
  ""type"": ""Point""
}","{
  ""coordinates"": [
    -83.202196541,
    42.433992272
  ],
  ""type"": ""Point""
}",-83.202196541,42.4339922720001
9421,1114246,E I 96,E M 8,2017-08-17,17,8,2017,16,5,5,1,,1,0,,2,4,1,55,3,2,2,5,0,0,0,0,true,,false,false,false,false,false,,,,,,false,false,false,,,false,false,false,false,false,-83.15364,42.38494,"{
  ""coordinates"": [
    -8.315364004799990e+01,
    4.238494663000010e+01
  ],
  ""type"": ""Point""
}","{
  ""coordinates"": [
    -83.153640048,
    42.38494663
  ],
  ""type"": ""Point""
}",-83.1536400479999,42.3849466300001
9422,1114214,M-10,8 MILE,2017-08-17,17,8,2017,20,5,8,3,,1,0,,1,1,1,55,3,2,3,5,0,0,0,0,true,,false,false,false,false,false,,,,,,false,false,false,,,false,false,false,false,false,-83.20316,42.44441,"{
  ""coordinates"": [
    -8.320316118300001e+01,
    4.244440788800010e+01
  ],
  ""type"": ""Point""
}","{
  ""coordinates"": [
    -83.203161183,
    42.444407888
  ],
  ""type"": ""Point""
}",-83.203161183,42.4444078880001
9423,1120663,I-75,SPRINGWELLS,2017-08-17,17,8,2017,8,5,8,1,,1,0,,2,4,1,55,3,2,2,3,0,0,1,0,false,,false,false,false,false,false,,,,,,false,false,false,,,false,false,false,false,false,-83.11966,42.30117,"{
  ""coordinates"": [
    -8.311965856200000e+01,
    4.230117384800010e+01
  ],
  ""type"": ""Point""
}","{
  ""coordinates"": [
    -83.119658562,
    42.301173848
  ],
  ""type"": ""Point""
}",-83.119658562,42.3011738480001
9424,1109374,CHENE,GRAND,2017-08-17,17,8,2017,1,5,97,1,,4,0,,1,1,4,30,4,2,0,5,0,0,0,0,true,,false,false,false,false,false,,,,,,false,false,false,,,false,false,false,false,false,-83.04653,42.37514,"{
  ""coordinates"": [
    -8.304653132200001e+01,
    4.237514563900000e+01
  ],
  ""type"": ""Point""
}","{
  ""coordinates"": [
    -83.046531322,
    42.375145639
  ],
  ""type"": ""Point""
}",-83.046531322,42.375145639
9425,1110360,MCDOUGALL,FRANKLIN,2017-08-17,17,8,2017,14,5,3,9,,,0,,1,1,1,25,2,2,2,5,0,0,0,0,true,,false,false,false,false,false,,,,,,false,false,true,,,false,false,false,false,false,-83.01717,42.33923,"{
  ""coordinates"": [
    -8.301716850600000e+01,
    4.233922637900010e+01
  ],
  ""type"": ""Point""
}","{
  ""coordinates"": [
    -83.017168506,
    42.339226379
  ],
  ""type"": ""Point""
}",-83.017168506,42.3392263790001
9426,1114238,N M 39,PAUL,2017-08-17,17,8,2017,7,5,5,3,,1,0,,2,4,1,55,3,2,1,4,0,0,0,1,false,,false,false,true,false,false,,,,,,false,false,false,,,false,false,false,false,false,-83.21574,42.33586,"{
  ""coordinates"": [
    -8.321574642699990e+01,
    4.233586230500000e+01
  ],
  ""type"": ""Point""
}","{
  ""coordinates"": [
    -83.215746427,
    42.335862305
  ],
  ""type"": ""Point""
}",-83.2157464269999,42.335862305
9427,1114240,I-96,HUBBELL,2017-08-17,17,8,2017,9,5,5,1,,1,0,,2,4,1,55,3,3,3,5,0,0,0,0,true,,false,false,false,false,false,,,,,,false,false,false,,,false,false,false,false,false,-83.18794,42.38055,"{
  ""coordinates"": [
    -8.318794239200000e+01,
    4.238054540700010e+01
  ],
  ""type"": ""Point""
}","{
  ""coordinates"": [
    -83.187942392,
    42.380545407
  ],
  ""type"": ""Point""
}",-83.187942392,42.3805454070001
9428,1111531,MCKINNEY,BRITIAN,2017-08-17,17,8,2017,20,5,4,9,,,0,,1,1,3,0,2,2,5,4,0,0,0,4,false,,false,false,false,false,false,,,,,,false,false,false,,,false,false,false,false,false,-82.94312,42.42045,"{
  ""coordinates"": [
    -8.294311390099990e+01,
    4.242045309000010e+01
  ],
  ""type"": ""Point""
}","{
  ""coordinates"": [
    -82.943113901,
    42.42045309
  ],
  ""type"": ""Point""
}",-82.9431139009999,42.4204530900001
9429,1110354,GRAND,WARREN,2017-08-17,17,8,2017,8,5,97,9,,4,0,,2,4,1,30,3,3,3,5,0,0,0,0,true,,false,false,false,false,false,,,,,,false,false,false,,,false,false,false,false,false,-83.01904,42.37361,"{
  ""coordinates"": [
    -8.301903853300000e+01,
    4.237361000900010e+01
  ],
  ""type"": ""Point""
}","{
  ""coordinates"": [
    -83.019038533,
    42.373610009
  ],
  ""type"": ""Point""
}",-83.019038533,42.3736100090001
9430,1114241,I-96,SCOTTEN,2017-08-17,17,8,2017,14,5,1,1,,1,1,,2,4,2,55,4,1,1,5,0,0,0,0,true,,false,false,false,false,false,,,,,,false,false,false,,,false,false,false,false,false,-83.11197,42.35671,"{
  ""coordinates"": [
    -8.311196685199999e+01,
    4.235670875200000e+01
  ],
  ""type"": ""Point""
}","{
  ""coordinates"": [
    -83.111966852,
    42.356708752
  ],
  ""type"": ""Point""
}",-83.111966852,42.356708752
9431,1114257,I-94,WOODWARD,2017-08-17,17,8,2017,12,5,5,1,,1,0,,2,4,1,55,3,2,2,5,0,0,0,0,true,,false,false,false,false,false,,,,,,false,true,false,,,false,false,false,false,false,-83.06729,42.36455,"{
  ""coordinates"": [
    -8.306729008600000e+01,
    4.236455075700010e+01
  ],
  ""type"": ""Point""
}","{
  ""coordinates"": [
    -83.067290086,
    42.364550757
  ],
  ""type"": ""Point""
}",-83.067290086,42.3645507570001
9432,1110378,7 MILE,EUREKA,2017-08-17,17,8,2017,20,5,9,9,,4,2,,1,2,3,35,2,2,4,4,0,0,0,1,false,,false,false,false,false,false,,,,,,false,false,true,,,false,false,false,false,false,-83.05768,42.43326,"{
  ""coordinates"": [
    -8.305767747599999e+01,
    4.243325615900010e+01
  ],
  ""type"": ""Point""
}","{
  ""coordinates"": [
    -83.057677476,
    42.433256159
  ],
  ""type"": ""Point""
}",-83.057677476,42.4332561590001
9433,1110333,GARTNER,GREEN,2017-08-17,17,8,2017,7,5,2,9,,,2,,2,4,1,25,2,3,1,4,0,0,0,1,false,,false,false,false,false,false,,,,,,false,false,false,,,false,false,false,false,false,-83.11983,42.31099,"{
  ""coordinates"": [
    -8.311982906299990e+01,
    4.231098520200000e+01
  ],
  ""type"": ""Point""
}","{
  ""coordinates"": [
    -83.119829063,
    42.310985202
  ],
  ""type"": ""Point""
}",-83.1198290629999,42.310985202
9434,1111552,LESLIE,DEXTER,2017-08-17,17,8,2017,10,5,1,9,,,0,,2,2,1,25,2,1,2,4,0,0,0,1,false,,false,false,false,false,false,,,,,,false,false,false,,,false,false,false,false,false,-83.12791,42.38626,"{
  ""coordinates"": [
    -8.312790777299990e+01,
    4.238625703800010e+01
  ],
  ""type"": ""Point""
}","{
  ""coordinates"": [
    -83.127907773,
    42.386257038
  ],
  ""type"": ""Point""
}",-83.1279077729999,42.3862570380001
9435,1110370,CONNER,EDSEL FORD SERVICE,2017-08-17,17,8,2017,8,5,4,1,,1,0,,2,4,3,35,4,2,2,5,0,0,0,0,true,,false,false,false,false,false,,,,,,false,false,false,,,false,false,false,false,false,-82.9855,42.39779,"{
  ""coordinates"": [
    -8.298550393399999e+01,
    4.239778371100000e+01
  ],
  ""type"": ""Point""
}","{
  ""coordinates"": [
    -82.985503934,
    42.397783711
  ],
  ""type"": ""Point""
}",-82.985503934,42.397783711
9436,1110320,LONYO,MICHIGAN,2017-08-17,17,8,2017,16,5,6,1,,4,0,,2,2,1,35,2,2,3,4,0,0,0,1,false,,false,false,false,false,false,,,,,,false,true,false,,,false,false,false,false,false,-83.14462,42.3307,"{
  ""coordinates"": [
    -8.314462001800000e+01,
    4.233069872600000e+01
  ],
  ""type"": ""Point""
}","{
  ""coordinates"": [
    -83.144620018,
    42.330698726
  ],
  ""type"": ""Point""
}",-83.144620018,42.330698726
9437,1117035,JUNCTION,ANTHON,2017-08-17,17,8,2017,1,5,97,9,,4,0,,1,2,4,0,2,1,2,1,1,0,0,0,false,,false,false,false,false,false,,,,,,false,false,false,,,false,false,false,false,false,-83.09523,42.30865,"{
  ""coordinates"": [
    -8.309523200500000e+01,
    4.230864854800010e+01
  ],
  ""type"": ""Point""
}","{
  ""coordinates"": [
    -83.095232005,
    42.308648548
  ],
  ""type"": ""Point""
}",-83.095232005,42.3086485480001
9438,1109396,GRATIOT,OUTER,2017-08-17,17,8,2017,5,5,5,3,,1,0,,1,1,4,35,6,2,2,5,0,0,0,0,true,,false,false,false,false,false,,,,,,false,false,false,,,false,false,false,false,false,-82.99645,42.40651,"{
  ""coordinates"": [
    -8.299645158600001e+01,
    4.240650911200000e+01
  ],
  ""type"": ""Point""
}","{
  ""coordinates"": [
    -82.996451586,
    42.406509112
  ],
  ""type"": ""Point""
}",-82.996451586,42.406509112
9439,1114258,I-75,SCHAEFER,2017-08-17,17,8,2017,13,5,8,1,,1,0,,2,4,1,70,3,3,3,5,0,0,0,0,true,,false,false,false,false,false,,,,,,false,false,false,,,false,false,false,false,false,-83.15282,42.27845,"{
  ""coordinates"": [
    -8.315282046300000e+01,
    4.227844861200000e+01
  ],
  ""type"": ""Point""
}","{
  ""coordinates"": [
    -83.152820463,
    42.278448612
  ],
  ""type"": ""Point""
}",-83.152820463,42.278448612
9440,1114242,I-96,ROOSEVELT,2017-08-17,17,8,2017,15,5,8,9,,4,0,,2,4,1,55,4,2,2,5,0,0,0,0,true,,false,false,false,false,false,,,,,,false,false,false,,,false,false,false,false,false,-83.10667,42.35397,"{
  ""coordinates"": [
    -8.310667427000000e+01,
    4.235397308300000e+01
  ],
  ""type"": ""Point""
}","{
  ""coordinates"": [
    -83.10667427,
    42.353973083
  ],
  ""type"": ""Point""
}",-83.10667427,42.353973083
9441,1114252,DAVISON,MEYERS,2017-08-17,17,8,2017,9,5,1,9,,4,1,,2,4,1,0,3,1,1,4,0,0,0,1,false,,false,false,false,false,false,,,,,,false,false,false,,,false,false,false,false,false,-83.16846,42.38582,"{
  ""coordinates"": [
    -8.316846387699999e+01,
    4.238582122300010e+01
  ],
  ""type"": ""Point""
}","{
  ""coordinates"": [
    -83.168463877,
    42.385821223
  ],
  ""type"": ""Point""
}",-83.168463877,42.3858212230001
9442,1111478,LARNED,WASHINGTON,2017-08-17,17,8,2017,16,5,5,9,,4,0,,2,2,1,30,3,2,3,5,0,0,0,0,true,,false,false,false,false,false,,,,,,false,false,false,,,false,false,false,false,false,-83.04868,42.32795,"{
  ""coordinates"": [
    -8.304868270700000e+01,
    4.232795460200000e+01
  ],
  ""type"": ""Point""
}","{
  ""coordinates"": [
    -83.048682707,
    42.327954602
  ],
  ""type"": ""Point""
}",-83.048682707,42.327954602
9443,1110300,I 96,OUTER,2017-08-17,17,8,2017,9,5,8,1,,1,0,,2,4,1,70,5,2,1,5,0,0,0,0,true,,false,false,true,false,false,,,,,,false,false,false,,,false,false,false,false,false,-83.25581,42.38543,"{
  ""coordinates"": [
    -8.325581393300000e+01,
    4.238543408100000e+01
  ],
  ""type"": ""Point""
}","{
  ""coordinates"": [
    -83.255813933,
    42.385434081
  ],
  ""type"": ""Point""
}",-83.255813933,42.385434081
9444,1116006,W I 94,RAMP 219D,2017-08-17,17,8,2017,11,5,5,1,,1,0,,2,2,1,55,3,2,1,5,0,0,0,0,true,,false,false,true,false,false,,,,,,false,false,false,,,false,false,false,false,false,-83.01117,42.38983,"{
  ""coordinates"": [
    -8.301117315700000e+01,
    4.238983132600000e+01
  ],
  ""type"": ""Point""
}","{
  ""coordinates"": [
    -83.011173157,
    42.389831326
  ],
  ""type"": ""Point""
}",-83.011173157,42.389831326
9445,1110341,FORT,WATERMAN,2017-08-17,17,8,2017,15,5,5,3,,1,0,,2,4,1,30,5,2,4,5,0,0,0,0,true,,false,false,false,false,false,,,,,,false,false,false,,,false,false,false,false,false,-83.10847,42.30452,"{
  ""coordinates"": [
    -8.310846706500000e+01,
    4.230452074500000e+01
  ],
  ""type"": ""Point""
}","{
  ""coordinates"": [
    -83.108467065,
    42.304520745
  ],
  ""type"": ""Point""
}",-83.108467065,42.304520745
9446,1164517,MARGARETA,STAHELIN,2017-08-17,17,8,2017,8,5,4,9,,,0,,1,2,1,25,2,2,2,5,0,0,0,0,true,,false,false,true,false,false,,,,,,false,false,true,,,false,false,false,false,false,-83.22752,42.42671,"{
  ""coordinates"": [
    -8.322752277099990e+01,
    4.242670729800010e+01
  ],
  ""type"": ""Point""
}","{
  ""coordinates"": [
    -83.227522771,
    42.426707298
  ],
  ""type"": ""Point""
}",-83.2275227709999,42.4267072980001
9447,1110396,7 MILE,LIVERNOIS,2017-08-17,17,8,2017,12,5,5,9,,2,0,,2,4,1,30,2,2,2,5,0,0,0,0,true,,false,false,false,false,false,,,,,,false,false,true,,,false,false,false,false,false,-83.14137,42.43161,"{
  ""coordinates"": [
    -8.314137058300000e+01,
    4.243161551100010e+01
  ],
  ""type"": ""Point""
}","{
  ""coordinates"": [
    -83.141370583,
    42.431615511
  ],
  ""type"": ""Point""
}",-83.141370583,42.4316155110001
9448,1110299,M 10,OAKMAN,2017-08-17,17,8,2017,8,5,1,3,,1,1,,2,4,1,55,4,1,1,4,0,0,0,1,false,,false,false,false,false,false,,,,,,false,false,true,,,false,false,false,false,false,-83.11526,42.40149,"{
  ""coordinates"": [
    -8.311526278500000e+01,
    4.240149491300010e+01
  ],
  ""type"": ""Point""
}","{
  ""coordinates"": [
    -83.115262785,
    42.401494913
  ],
  ""type"": ""Point""
}",-83.115262785,42.4014949130001
9449,1111520,STAHELIN,MARGARETA,2017-08-17,17,8,2017,7,5,4,9,,,0,,2,2,1,35,1,2,2,5,0,0,0,0,true,,true,false,false,false,false,,,,,,false,false,false,,,false,false,false,false,false,-83.22746,42.42671,"{
  ""coordinates"": [
    -8.322746337000000e+01,
    4.242670832300010e+01
  ],
  ""type"": ""Point""
}","{
  ""coordinates"": [
    -83.22746337,
    42.426708323
  ],
  ""type"": ""Point""
}",-83.22746337,42.4267083230001
9450,1114261,M-39,LYNDON,2017-08-17,17,8,2017,17,5,5,3,,1,0,,2,4,1,55,3,2,1,4,0,0,0,1,false,,false,false,true,false,false,,,,,,false,false,true,,,false,false,false,false,false,-83.21815,42.39535,"{
  ""coordinates"": [
    -8.321814467999999e+01,
    4.239534737900000e+01
  ],
  ""type"": ""Point""
}","{
  ""coordinates"": [
    -83.21814468,
    42.395347379
  ],
  ""type"": ""Point""
}",-83.21814468,42.395347379
9451,1110394,OUTER,MEYERS,2017-08-17,17,8,2017,11,5,3,9,,2,0,,2,4,1,35,4,2,3,5,0,0,0,0,true,,false,false,false,false,false,,,,,,false,false,true,,,false,false,false,false,false,-83.17085,42.43492,"{
  ""coordinates"": [
    -8.317085006000001e+01,
    4.243492001400010e+01
  ],
  ""type"": ""Point""
}","{
  ""coordinates"": [
    -83.17085006,
    42.434920014
  ],
  ""type"": ""Point""
}",-83.17085006,42.4349200140001
9452,1111471,SCHOOLCRAFT,MONTEVISTA,2017-08-17,17,8,2017,12,5,4,9,,4,0,,2,4,1,35,2,2,1,4,0,0,0,1,false,,true,false,true,false,false,,,,,,false,false,false,,,false,false,false,false,false,-83.16669,42.38831,"{
  ""coordinates"": [
    -8.316669154000000e+01,
    4.238830671900010e+01
  ],
  ""type"": ""Point""
}","{
  ""coordinates"": [
    -83.16669154,
    42.388306719
  ],
  ""type"": ""Point""
}",-83.16669154,42.3883067190001
9453,1118114,JOY,GREENFIELD,2017-08-17,17,8,2017,19,5,8,9,,2,0,,1,1,1,35,4,2,1,5,0,0,0,0,true,,false,false,true,false,false,,,,,,false,false,false,,,false,false,false,false,false,-83.19727,42.35813,"{
  ""coordinates"": [
    -8.319726675399990e+01,
    4.235813228600010e+01
  ],
  ""type"": ""Point""
}","{
  ""coordinates"": [
    -83.197266754,
    42.358132286
  ],
  ""type"": ""Point""
}",-83.1972667539999,42.3581322860001
9454,1110297,RAMP 139E,DAVISON,2017-08-17,17,8,2017,7,5,1,3,,1,1,,2,4,1,55,3,1,1,5,0,0,0,0,true,,false,false,false,false,false,,,,,,false,false,false,,,false,false,false,false,false,-83.14536,42.38641,"{
  ""coordinates"": [
    -8.314536149199991e+01,
    4.238641172600010e+01
  ],
  ""type"": ""Point""
}","{
  ""coordinates"": [
    -83.145361492,
    42.386411726
  ],
  ""type"": ""Point""
}",-83.1453614919999,42.3864117260001
9455,1114218,EB I-96,CHICAGO,2017-08-17,17,8,2017,15,5,1,1,,1,1,,2,1,1,70,4,1,1,5,0,0,0,0,true,,false,false,false,false,false,,,,,,false,false,false,,,false,false,false,false,false,-83.14153,42.36819,"{
  ""coordinates"": [
    -8.314153330800001e+01,
    4.236818962100010e+01
  ],
  ""type"": ""Point""
}","{
  ""coordinates"": [
    -83.141533308,
    42.368189621
  ],
  ""type"": ""Point""
}",-83.141533308,42.3681896210001
9456,1138845,I-94,WOODWARD,2017-08-17,17,8,2017,11,5,5,1,,1,0,,2,4,1,55,3,2,2,5,0,0,0,0,true,,false,false,false,false,false,,,,,,false,false,false,,,false,false,false,false,false,-83.07051,42.36292,"{
  ""coordinates"": [
    -8.307051357499989e+01,
    4.236292201600000e+01
  ],
  ""type"": ""Point""
}","{
  ""coordinates"": [
    -83.070513575,
    42.362922016
  ],
  ""type"": ""Point""
}",-83.0705135749999,42.362922016
9457,1138870,RANDOLPH,FARMER,2017-08-17,17,8,2017,15,5,4,3,,1,0,,2,4,1,35,4,2,2,5,0,0,0,0,true,,false,false,false,false,false,,,,,,false,false,false,,,false,false,false,false,false,-83.0437,42.33247,"{
  ""coordinates"": [
    -8.304370330200000e+01,
    4.233247066700010e+01
  ],
  ""type"": ""Point""
}","{
  ""coordinates"": [
    -83.043703302,
    42.332470667
  ],
  ""type"": ""Point""
}",-83.043703302,42.3324706670001
9458,1110361,8 MILE,TELEGRAPH,2017-08-17,17,8,2017,20,5,5,3,,1,0,,1,1,1,25,1,2,3,5,0,0,0,0,true,,false,false,false,false,false,,,,,,false,false,true,,,false,false,false,false,false,-83.27834,42.44275,"{
  ""coordinates"": [
    -8.327833527000000e+01,
    4.244274548100000e+01
  ],
  ""type"": ""Point""
}","{
  ""coordinates"": [
    -83.27833527,
    42.442745481
  ],
  ""type"": ""Point""
}",-83.27833527,42.442745481
9459,1110369,GRATIOT,GUNSTON,2017-08-17,17,8,2017,13,5,5,3,,1,0,,2,4,1,35,7,2,2,5,0,0,0,0,true,,false,false,false,false,false,,,,,,false,false,true,,,false,false,false,false,false,-82.99525,42.40833,"{
  ""coordinates"": [
    -8.299525679700000e+01,
    4.240833195600000e+01
  ],
  ""type"": ""Point""
}","{
  ""coordinates"": [
    -82.995256797,
    42.408331956
  ],
  ""type"": ""Point""
}",-82.995256797,42.408331956
9460,1111543,JOHN R,WARREN,2017-08-17,17,8,2017,14,5,4,9,,4,0,,2,1,1,35,4,2,1,5,0,0,0,0,true,,false,false,true,false,false,,,,,,false,false,false,,,false,false,false,false,false,-83.0622,42.35775,"{
  ""coordinates"": [
    -8.306219981299991e+01,
    4.235775240900010e+01
  ],
  ""type"": ""Point""
}","{
  ""coordinates"": [
    -83.062199813,
    42.357752409
  ],
  ""type"": ""Point""
}",-83.0621998129999,42.3577524090001
9461,1111499,CADIEUX,LINVILLE,2017-08-17,17,8,2017,18,5,4,9,,4,0,,1,1,1,35,2,2,3,5,0,0,0,0,true,,false,false,false,false,false,,,,,,false,false,true,,,false,false,false,false,false,-82.93414,42.41265,"{
  ""coordinates"": [
    -8.293413635000000e+01,
    4.241264783300010e+01
  ],
  ""type"": ""Point""
}","{
  ""coordinates"": [
    -82.93413635,
    42.412647833
  ],
  ""type"": ""Point""
}",-82.93413635,42.4126478330001
9462,1111465,SCHAEFER,PURITAN,2017-08-17,17,8,2017,12,5,4,9,,4,0,,2,4,1,30,2,2,3,4,0,0,0,2,false,,false,false,false,false,false,,,,,,false,false,true,,,false,false,false,false,false,-83.17946,42.40937,"{
  ""coordinates"": [
    -8.317946187299999e+01,
    4.240936735400000e+01
  ],
  ""type"": ""Point""
}","{
  ""coordinates"": [
    -83.179461873,
    42.409367354
  ],
  ""type"": ""Point""
}",-83.179461873,42.409367354
9463,1110350,N M 39 SERVICE DRIVE,PAUL,2017-08-17,17,8,2017,12,5,4,9,,4,0,,2,4,1,25,2,2,2,5,0,0,0,0,true,,false,false,false,false,false,,,,,,false,false,false,,,false,false,false,false,false,-83.21541,42.33614,"{
  ""coordinates"": [
    -8.321541084899999e+01,
    4.233614180000010e+01
  ],
  ""type"": ""Point""
}","{
  ""coordinates"": [
    -83.215410849,
    42.3361418
  ],
  ""type"": ""Point""
}",-83.215410849,42.3361418000001
9464,1113512,CANFIELD,BENITEAU,2017-08-17,17,8,2017,3,5,4,9,,4,0,,1,1,4,25,4,2,2,2,0,2,0,0,false,,true,false,false,false,false,,,,,,false,true,false,,,false,false,false,false,false,-82.98237,42.38269,"{
  ""coordinates"": [
    -8.298236965800000e+01,
    4.238268540200000e+01
  ],
  ""type"": ""Point""
}","{
  ""coordinates"": [
    -82.982369658,
    42.382685402
  ],
  ""type"": ""Point""
}",-82.982369658,42.382685402
9465,1110346,MEADOWBROOK,JEFFERSON,2017-08-17,17,8,2017,15,5,4,9,,,0,,2,4,1,35,2,2,2,5,0,0,0,0,true,,false,false,false,false,false,,,,,,false,false,false,,,false,false,false,false,false,-82.97629,42.36426,"{
  ""coordinates"": [
    -8.297628840399990e+01,
    4.236426309200000e+01
  ],
  ""type"": ""Point""
}","{
  ""coordinates"": [
    -82.976288404,
    42.364263092
  ],
  ""type"": ""Point""
}",-82.9762884039999,42.364263092
9466,1114255,N/B I-75,LIVERNOIS,2017-08-17,17,8,2017,15,5,5,1,,1,0,,2,4,1,70,4,2,2,4,0,0,0,1,false,,false,false,false,false,false,,,,,,false,false,true,,,false,false,false,false,false,-83.10179,42.30886,"{
  ""coordinates"": [
    -8.310179388499991e+01,
    4.230886116800010e+01
  ],
  ""type"": ""Point""
}","{
  ""coordinates"": [
    -83.101793885,
    42.308861168
  ],
  ""type"": ""Point""
}",-83.1017938849999,42.3088611680001
9467,1110395,MCNICHOLS,BIRWOOD,2017-08-17,17,8,2017,15,5,9,9,,2,0,,2,2,1,35,4,2,2,5,0,0,0,0,true,,false,false,false,false,false,,,,,,false,false,false,,,false,false,false,false,false,-83.16465,42.41682,"{
  ""coordinates"": [
    -8.316464795099991e+01,
    4.241681624500010e+01
  ],
  ""type"": ""Point""
}","{
  ""coordinates"": [
    -83.164647951,
    42.416816245
  ],
  ""type"": ""Point""
}",-83.1646479509999,42.4168162450001