ObjectId,Crash ID,Primary Road,Intersecting Road,Crash Date,Day,Month,Year,Hour,Weekday,Crash Type Code,Highway Classification Code,Community Code,Jurisdiction Code,Lane Departure Type Code,Surface Type,Road Condition,Weather Condition,Lighting Condition,Speed Limit,Lanes,Units,Occupants,Most Severe Injury,Fatal Injuries,Suspected Serious Injuries,Suspected Minor Injuries,Possible Injuries,Property Damage Only,Secondary Crash,Traffic Control,Red Light Run,Hit and Run,Alcohol,Drugs,Unbelted Person,Work Zone,Speeding Driver,Distracted Driver,Driveway,Pedestrian,Elderly Driver,Young Driver,Commercial Vehicle,Emergency Vehicles,Train,School Bus,Motorcycle,Bicycle,Deer,Longitude,Latitude,geom,geog,x,y
9468,1110345,JEFFERSON,CHALMERS,2017-08-17,17,8,2017,14,5,5,9,,4,0,,2,4,1,35,2,2,1,5,0,0,0,0,true,,false,false,true,false,false,,,,,,false,false,false,,,false,false,false,false,false,-82.94434,42.37289,"{
  ""coordinates"": [
    -8.294433808399999e+01,
    4.237289388800010e+01
  ],
  ""type"": ""Point""
}","{
  ""coordinates"": [
    -82.944338084,
    42.372893888
  ],
  ""type"": ""Point""
}",-82.944338084,42.3728938880001
9469,1125706,GREENFIELD,WARREN,2017-08-17,17,8,2017,9,5,4,9,,2,0,,2,4,1,35,5,2,2,5,0,0,0,0,true,,false,false,false,false,false,,,,,,false,false,true,,,false,false,false,false,false,-83.19629,42.34395,"{
  ""coordinates"": [
    -8.319628747599999e+01,
    4.234394792300000e+01
  ],
  ""type"": ""Point""
}","{
  ""coordinates"": [
    -83.196287476,
    42.343947923
  ],
  ""type"": ""Point""
}",-83.196287476,42.343947923
9470,1111519,MCNICHOLS,SUNDERLAND,2017-08-17,17,8,2017,15,5,5,9,,2,3,,2,2,1,35,4,2,3,4,0,0,0,3,false,,false,false,false,false,false,,,,,,false,false,true,,,false,false,false,false,false,-83.2281,42.41537,"{
  ""coordinates"": [
    -8.322810617800000e+01,
    4.241537471000000e+01
  ],
  ""type"": ""Point""
}","{
  ""coordinates"": [
    -83.228106178,
    42.41537471
  ],
  ""type"": ""Point""
}",-83.228106178,42.41537471
9471,1114245,I-94,CONCORD,2017-08-17,17,8,2017,17,5,1,1,,1,1,,1,2,1,55,3,1,1,5,0,0,0,0,true,,false,false,false,false,false,,,,,,false,false,false,,,false,false,false,false,false,-83.0297,42.38365,"{
  ""coordinates"": [
    -8.302970283000001e+01,
    4.238365338400010e+01
  ],
  ""type"": ""Point""
}","{
  ""coordinates"": [
    -83.02970283,
    42.383653384
  ],
  ""type"": ""Point""
}",-83.02970283,42.3836533840001
9472,1110327,VERNOR,24TH,2017-08-17,17,8,2017,9,5,1,9,,4,1,,2,2,1,25,4,1,1,3,0,0,1,0,false,,false,false,false,false,false,,,,,,false,true,false,,,false,false,false,false,false,-83.08727,42.32364,"{
  ""coordinates"": [
    -8.308727598900001e+01,
    4.232363409800010e+01
  ],
  ""type"": ""Point""
}","{
  ""coordinates"": [
    -83.087275989,
    42.323634098
  ],
  ""type"": ""Point""
}",-83.087275989,42.3236340980001
9473,1110328,LAWNDALE,AVIS,2017-08-17,17,8,2017,19,5,2,9,,4,2,,1,1,1,30,2,2,2,4,0,0,0,1,false,,false,false,true,false,false,,,,,,false,false,false,,,false,false,false,false,false,-83.12984,42.30532,"{
  ""coordinates"": [
    -8.312984710099990e+01,
    4.230531771000010e+01
  ],
  ""type"": ""Point""
}","{
  ""coordinates"": [
    -83.129847101,
    42.30531771
  ],
  ""type"": ""Point""
}",-83.1298471009999,42.3053177100001
9474,1111590,JAMES COUZENS,8 MILE SERVICE DRIVE,2017-08-17,17,8,2017,17,5,6,3,,1,0,,1,1,1,0,2,2,2,5,0,0,0,0,true,,false,false,false,false,false,,,,,,false,false,true,,,false,false,false,false,false,-83.20247,42.44452,"{
  ""coordinates"": [
    -8.320246730299991e+01,
    4.244452263000010e+01
  ],
  ""type"": ""Point""
}","{
  ""coordinates"": [
    -83.202467303,
    42.44452263
  ],
  ""type"": ""Point""
}",-83.2024673029999,42.4445226300001
9475,1114256,I-94,WOODWARD,2017-08-17,17,8,2017,11,5,5,1,,1,0,,2,4,1,55,3,2,3,5,0,0,0,0,true,,false,false,false,false,false,,,,,,false,false,true,,,false,false,false,false,false,-83.06729,42.36455,"{
  ""coordinates"": [
    -8.306729008600000e+01,
    4.236455075700010e+01
  ],
  ""type"": ""Point""
}","{
  ""coordinates"": [
    -83.067290086,
    42.364550757
  ],
  ""type"": ""Point""
}",-83.067290086,42.3645507570001
9476,1111530,OUTER,BARRETT,2017-08-17,17,8,2017,9,5,4,9,,2,0,,2,4,1,0,2,2,2,5,0,0,0,0,true,,false,false,true,false,false,,,,,,false,false,false,,,false,false,false,false,false,-82.99051,42.40806,"{
  ""coordinates"": [
    -8.299050541000000e+01,
    4.240806365400000e+01
  ],
  ""type"": ""Point""
}","{
  ""coordinates"": [
    -82.99050541,
    42.408063654
  ],
  ""type"": ""Point""
}",-82.99050541,42.408063654
9477,1110310,GREENFIELD,EATON,2017-08-17,17,8,2017,15,5,8,9,,2,0,,2,4,1,45,6,2,4,5,0,0,0,0,true,,false,false,false,false,false,,,,,,false,false,false,,,false,false,false,false,false,-83.19848,42.39565,"{
  ""coordinates"": [
    -8.319847848500000e+01,
    4.239564618600010e+01
  ],
  ""type"": ""Point""
}","{
  ""coordinates"": [
    -83.198478485,
    42.395646186
  ],
  ""type"": ""Point""
}",-83.198478485,42.3956461860001
9478,1110340,FORT,SCHAEFER,2017-08-17,17,8,2017,14,5,5,3,,1,0,,2,4,1,35,3,2,2,5,0,0,0,0,true,,false,false,false,false,false,,,,,,false,false,true,,,false,false,false,false,false,-83.15421,42.27741,"{
  ""coordinates"": [
    -8.315420561600000e+01,
    4.227741069000010e+01
  ],
  ""type"": ""Point""
}","{
  ""coordinates"": [
    -83.154205616,
    42.27741069
  ],
  ""type"": ""Point""
}",-83.154205616,42.2774106900001
9479,1110397,WYOMING,FENKELL,2017-08-17,17,8,2017,16,5,5,9,,4,0,,2,4,1,30,2,3,3,5,0,0,0,0,true,,false,false,false,false,false,,,,,,false,false,true,,,false,false,false,false,false,-83.15968,42.40252,"{
  ""coordinates"": [
    -8.315968393199999e+01,
    4.240252176100010e+01
  ],
  ""type"": ""Point""
}","{
  ""coordinates"": [
    -83.159683932,
    42.402521761
  ],
  ""type"": ""Point""
}",-83.159683932,42.4025217610001
9480,1111506,FITZPATRICK,SOUTHFIELD,2017-08-17,17,8,2017,16,5,1,9,,4,1,,1,2,1,25,2,1,2,5,0,0,0,0,true,,false,false,false,false,false,,,,,,false,false,true,,,false,false,false,false,false,-83.21693,42.36377,"{
  ""coordinates"": [
    -8.321693378099999e+01,
    4.236376983300000e+01
  ],
  ""type"": ""Point""
}","{
  ""coordinates"": [
    -83.216933781,
    42.363769833
  ],
  ""type"": ""Point""
}",-83.216933781,42.363769833
9481,1110311,WASHINGTON,MICHIGAN,2017-08-17,17,8,2017,10,5,10,9,,4,3,,2,4,1,30,2,2,2,5,0,0,0,0,true,,false,false,false,false,false,,,,,,false,true,false,,,false,false,false,false,false,-83.05118,42.33196,"{
  ""coordinates"": [
    -8.305117641800000e+01,
    4.233196091600010e+01
  ],
  ""type"": ""Point""
}","{
  ""coordinates"": [
    -83.051176418,
    42.331960916
  ],
  ""type"": ""Point""
}",-83.051176418,42.3319609160001
9482,1114239,E I 96,ELMHURST,2017-08-17,17,8,2017,8,5,5,1,,1,0,,2,4,1,70,4,2,2,5,0,0,0,0,true,,false,false,false,false,false,,,,,,false,false,false,,,false,false,false,false,false,-83.14646,42.37604,"{
  ""coordinates"": [
    -8.314645900700000e+01,
    4.237604199000000e+01
  ],
  ""type"": ""Point""
}","{
  ""coordinates"": [
    -83.146459007,
    42.37604199
  ],
  ""type"": ""Point""
}",-83.146459007,42.37604199
9483,1110379,OUTER,MOUND,2017-08-17,17,8,2017,10,5,97,9,,2,0,,1,1,1,35,3,2,2,5,0,0,0,0,true,,false,false,false,false,false,,,,,,false,false,false,,,false,false,false,false,false,-83.04374,42.44073,"{
  ""coordinates"": [
    -8.304373585199990e+01,
    4.244072928700010e+01
  ],
  ""type"": ""Point""
}","{
  ""coordinates"": [
    -83.043735852,
    42.440729287
  ],
  ""type"": ""Point""
}",-83.0437358519999,42.4407292870001
9484,1112472,LESLIE,WILDEMERE,2017-08-17,17,8,2017,15,5,8,9,,,3,,1,1,1,0,1,2,0,5,0,0,0,0,true,,false,false,true,false,false,,,,,,false,false,false,,,false,false,false,false,false,-83.12497,42.38735,"{
  ""coordinates"": [
    -8.312497219700001e+01,
    4.238734710900010e+01
  ],
  ""type"": ""Point""
}","{
  ""coordinates"": [
    -83.124972197,
    42.387347109
  ],
  ""type"": ""Point""
}",-83.124972197,42.3873471090001
9485,1114249,N I 75,PIQUETTE,2017-08-17,17,8,2017,8,5,1,1,,1,1,,2,4,1,55,4,1,1,3,0,0,1,0,false,,false,false,false,false,false,,,,,,false,false,false,,,false,false,false,false,false,-83.05913,42.37125,"{
  ""coordinates"": [
    -8.305912734200000e+01,
    4.237125567900010e+01
  ],
  ""type"": ""Point""
}","{
  ""coordinates"": [
    -83.059127342,
    42.371255679
  ],
  ""type"": ""Point""
}",-83.059127342,42.3712556790001
9486,1110343,LIVERNOIS,VERNOR,2017-08-17,17,8,2017,12,5,8,9,,4,0,,2,4,1,35,3,2,1,5,0,0,0,0,true,,false,false,true,false,false,,,,,,false,false,false,,,false,false,false,false,false,-83.10999,42.31582,"{
  ""coordinates"": [
    -8.310998648100001e+01,
    4.231582058400010e+01
  ],
  ""type"": ""Point""
}","{
  ""coordinates"": [
    -83.109986481,
    42.315820584
  ],
  ""type"": ""Point""
}",-83.109986481,42.3158205840001
9487,1114243,E I 96,E M 8,2017-08-17,17,8,2017,15,5,1,1,,1,1,,2,4,1,55,3,1,1,5,0,0,0,0,true,,false,false,false,false,false,,,,,,false,false,false,,,false,false,false,false,false,-83.15467,42.38512,"{
  ""coordinates"": [
    -8.315467318400000e+01,
    4.238511579300010e+01
  ],
  ""type"": ""Point""
}","{
  ""coordinates"": [
    -83.154673184,
    42.385115793
  ],
  ""type"": ""Point""
}",-83.154673184,42.3851157930001
9488,1119604,M-39,FENKELL,2017-08-17,17,8,2017,15,5,5,3,,1,0,,1,1,1,55,3,2,2,5,0,0,0,0,true,,false,false,true,false,false,,,,,,false,true,false,,,false,false,false,false,false,-83.21806,42.39751,"{
  ""coordinates"": [
    -8.321806602399990e+01,
    4.239751132300010e+01
  ],
  ""type"": ""Point""
}","{
  ""coordinates"": [
    -83.218066024,
    42.397511323
  ],
  ""type"": ""Point""
}",-83.2180660239999,42.3975113230001
9489,1114260,M-39,8 MILE,2017-08-17,17,8,2017,16,5,5,3,,1,0,,2,4,1,55,3,2,2,4,0,0,0,3,false,,false,false,false,false,false,,,,,,false,false,false,,,false,false,false,false,false,-83.21985,42.44272,"{
  ""coordinates"": [
    -8.321985003799990e+01,
    4.244271792400010e+01
  ],
  ""type"": ""Point""
}","{
  ""coordinates"": [
    -83.219850038,
    42.442717924
  ],
  ""type"": ""Point""
}",-83.2198500379999,42.4427179240001
9490,1110347,GRATIOT,SAINT ANTOINE,2017-08-17,17,8,2017,8,5,8,3,,1,0,,2,4,1,35,3,2,1,5,0,0,0,0,true,,false,false,true,false,false,,,,,,false,false,false,,,false,false,false,false,false,-83.04279,42.33828,"{
  ""coordinates"": [
    -8.304279146600000e+01,
    4.233827984400010e+01
  ],
  ""type"": ""Point""
}","{
  ""coordinates"": [
    -83.042791466,
    42.338279844
  ],
  ""type"": ""Point""
}",-83.042791466,42.3382798440001
9491,1116004,W/B I-94,CADIEUX,2017-08-17,17,8,2017,15,5,8,1,,1,0,,2,4,1,55,3,2,2,5,0,0,0,0,true,,false,false,false,false,false,,,,,,false,false,false,,,false,false,false,false,false,-82.93943,42.41591,"{
  ""coordinates"": [
    -8.293942676599990e+01,
    4.241591446400000e+01
  ],
  ""type"": ""Point""
}","{
  ""coordinates"": [
    -82.939426766,
    42.415914464
  ],
  ""type"": ""Point""
}",-82.9394267659999,42.415914464
9492,1110363,8 MILE,M 39,2017-08-16,16,8,2017,17,4,5,3,,1,0,,1,1,1,40,4,2,2,5,0,0,0,0,true,,false,false,false,false,false,,,,,,false,false,false,,,false,false,true,false,false,-83.21935,42.44419,"{
  ""coordinates"": [
    -8.321935060999991e+01,
    4.244418981100010e+01
  ],
  ""type"": ""Point""
}","{
  ""coordinates"": [
    -83.21935061,
    42.444189811
  ],
  ""type"": ""Point""
}",-83.2193506099999,42.4441898110001
9493,1109391,BILTMORE,CURTIS,2017-08-16,16,8,2017,12,4,9,9,,,2,,1,1,1,25,2,2,0,5,0,0,0,0,true,,false,false,true,false,false,,,,,,false,false,false,,,false,false,false,false,false,-83.21131,42.42349,"{
  ""coordinates"": [
    -8.321130801000000e+01,
    4.242348791400010e+01
  ],
  ""type"": ""Point""
}","{
  ""coordinates"": [
    -83.21130801,
    42.423487914
  ],
  ""type"": ""Point""
}",-83.21130801,42.4234879140001
9494,1110390,HUBBELL,PURITAN,2017-08-16,16,8,2017,17,4,4,9,,4,0,,1,1,1,30,4,2,3,5,0,0,0,0,true,,false,false,true,false,false,,,,,,false,false,false,,,false,false,false,false,false,-83.18922,42.40905,"{
  ""coordinates"": [
    -8.318922788200000e+01,
    4.240904716100000e+01
  ],
  ""type"": ""Point""
}","{
  ""coordinates"": [
    -83.189227882,
    42.409047161
  ],
  ""type"": ""Point""
}",-83.189227882,42.409047161
9495,1109337,S M 10,RAMP 215D,2017-08-16,16,8,2017,16,4,5,3,,1,0,,1,1,1,55,4,2,2,5,0,0,0,0,true,,false,false,false,false,false,,,,,,false,false,false,,,false,false,false,false,false,-83.07483,42.35587,"{
  ""coordinates"": [
    -8.307482669099990e+01,
    4.235587414900000e+01
  ],
  ""type"": ""Point""
}","{
  ""coordinates"": [
    -83.074826691,
    42.355874149
  ],
  ""type"": ""Point""
}",-83.0748266909999,42.355874149
9496,1109384,GRATIOT,MACK,2017-08-16,16,8,2017,20,4,3,3,,1,0,,1,1,4,35,7,2,1,3,0,0,1,0,false,,false,false,true,false,false,,,,,,false,false,false,,,false,false,true,false,false,-83.02711,42.36003,"{
  ""coordinates"": [
    -8.302711508899991e+01,
    4.236002591500010e+01
  ],
  ""type"": ""Point""
}","{
  ""coordinates"": [
    -83.027115089,
    42.360025915
  ],
  ""type"": ""Point""
}",-83.0271150889999,42.3600259150001
9497,1138823,RAMP 111D,WEBB,2017-08-16,16,8,2017,12,4,10,3,,1,0,,1,1,1,0,1,2,2,5,0,0,0,0,true,,false,false,false,false,false,,,,,,false,false,false,,,false,false,false,false,false,-83.10197,42.38816,"{
  ""coordinates"": [
    -8.310197631499990e+01,
    4.238816169700000e+01
  ],
  ""type"": ""Point""
}","{
  ""coordinates"": [
    -83.101976315,
    42.388161697
  ],
  ""type"": ""Point""
}",-83.1019763149999,42.388161697
9498,1110355,JEFFERSON,VAN DYKE,2017-08-16,16,8,2017,8,4,5,9,,4,0,,2,4,1,30,3,2,2,5,0,0,0,0,true,,false,false,true,false,false,,,,,,false,false,false,,,false,false,false,false,false,-82.99509,42.35127,"{
  ""coordinates"": [
    -8.299508340599991e+01,
    4.235127122600010e+01
  ],
  ""type"": ""Point""
}","{
  ""coordinates"": [
    -82.995083406,
    42.351271226
  ],
  ""type"": ""Point""
}",-82.9950834059999,42.3512712260001
9499,1109397,DAVISON,LIVERNOIS,2017-08-16,16,8,2017,7,4,5,3,,1,0,,1,1,1,35,2,3,3,5,0,0,0,0,true,,false,false,false,false,false,,,,,,false,false,false,,,false,false,false,false,false,-83.13982,42.38668,"{
  ""coordinates"": [
    -8.313981623900000e+01,
    4.238668480600010e+01
  ],
  ""type"": ""Point""
}","{
  ""coordinates"": [
    -83.139816239,
    42.386684806
  ],
  ""type"": ""Point""
}",-83.139816239,42.3866848060001
9500,1110338,ERSKINE,RIVARD,2017-08-16,16,8,2017,10,4,4,9,,,0,,1,1,1,0,2,2,2,5,0,0,0,0,true,,false,false,false,false,false,,,,,,false,false,false,,,false,false,false,false,false,-83.04442,42.35004,"{
  ""coordinates"": [
    -8.304441603600000e+01,
    4.235003707200010e+01
  ],
  ""type"": ""Point""
}","{
  ""coordinates"": [
    -83.044416036,
    42.350037072
  ],
  ""type"": ""Point""
}",-83.044416036,42.3500370720001
9501,1109356,MICHIGAN,LIVERNOIS,2017-08-16,16,8,2017,16,4,8,2,,1,0,,1,1,1,35,5,2,2,5,0,0,0,0,true,,false,false,false,false,false,,,,,,false,false,true,,,false,false,false,false,false,-83.12033,42.33112,"{
  ""coordinates"": [
    -8.312033324299991e+01,
    4.233111831500000e+01
  ],
  ""type"": ""Point""
}","{
  ""coordinates"": [
    -83.120333243,
    42.331118315
  ],
  ""type"": ""Point""
}",-83.1203332429999,42.331118315
9502,1109405,LIVERNOIS,GROVE,2017-08-16,16,8,2017,13,4,4,9,,4,0,,1,1,1,30,4,2,2,5,0,0,0,0,true,,false,false,false,false,false,,,,,,false,false,true,,,false,false,false,false,false,-83.14085,42.4147,"{
  ""coordinates"": [
    -8.314085353900001e+01,
    4.241469568100010e+01
  ],
  ""type"": ""Point""
}","{
  ""coordinates"": [
    -83.140853539,
    42.414695681
  ],
  ""type"": ""Point""
}",-83.140853539,42.4146956810001
9503,1109400,DAVISON,JOS CAMPAU,2017-08-16,16,8,2017,8,4,4,3,,1,0,,1,1,1,35,2,2,3,5,0,0,0,0,true,,true,true,true,false,false,,,,,,false,false,false,,,false,false,false,false,false,-83.06884,42.41314,"{
  ""coordinates"": [
    -8.306883874700000e+01,
    4.241313601900000e+01
  ],
  ""type"": ""Point""
}","{
  ""coordinates"": [
    -83.068838747,
    42.413136019
  ],
  ""type"": ""Point""
}",-83.068838747,42.413136019
9504,1109352,LAFAYETTE,TRUMBULL,2017-08-16,16,8,2017,10,4,4,9,,4,0,,1,1,1,30,3,2,2,5,0,0,0,0,true,,false,false,false,false,false,,,,,,false,false,false,,,false,false,false,false,false,-83.06235,42.32547,"{
  ""coordinates"": [
    -8.306235099400000e+01,
    4.232546726000000e+01
  ],
  ""type"": ""Point""
}","{
  ""coordinates"": [
    -83.062350994,
    42.32546726
  ],
  ""type"": ""Point""
}",-83.062350994,42.32546726
9505,1109340,M-39,JOY,2017-08-16,16,8,2017,15,4,5,3,,1,0,,1,1,1,55,3,2,2,5,0,0,0,0,true,,false,false,false,false,false,,,,,,false,false,true,,,false,false,false,false,false,-83.2164,42.3593,"{
  ""coordinates"": [
    -8.321639834599991e+01,
    4.235930322100010e+01
  ],
  ""type"": ""Point""
}","{
  ""coordinates"": [
    -83.216398346,
    42.359303221
  ],
  ""type"": ""Point""
}",-83.2163983459999,42.3593032210001
9506,1110312,JOS CAMPAU,WIGHT,2017-08-16,16,8,2017,18,4,5,9,,4,0,,98,98,98,0,4,2,2,5,0,0,0,0,true,,false,false,false,false,false,,,,,,false,false,true,,,false,false,false,false,false,-83.01858,42.33774,"{
  ""coordinates"": [
    -8.301857764099999e+01,
    4.233773696700010e+01
  ],
  ""type"": ""Point""
}","{
  ""coordinates"": [
    -83.018577641,
    42.337736967
  ],
  ""type"": ""Point""
}",-83.018577641,42.3377369670001
9507,1110393,LIVERNOIS,FLORENCE,2017-08-16,16,8,2017,20,4,5,9,,4,0,,1,1,1,30,3,2,1,5,0,0,0,0,true,,false,false,true,false,false,,,,,,false,false,false,,,false,false,false,false,false,-83.14075,42.41214,"{
  ""coordinates"": [
    -8.314075701099991e+01,
    4.241213644800010e+01
  ],
  ""type"": ""Point""
}","{
  ""coordinates"": [
    -83.140757011,
    42.412136448
  ],
  ""type"": ""Point""
}",-83.1407570109999,42.4121364480001
9508,1109349,GRAND,N M 10 SERVICE DRIVE,2017-08-16,16,8,2017,17,4,8,9,,4,0,,1,1,1,35,3,2,2,5,0,0,0,0,true,,false,false,true,false,false,,,,,,false,false,false,,,false,false,false,false,false,-83.08153,42.36731,"{
  ""coordinates"": [
    -8.308152728499989e+01,
    4.236730418500010e+01
  ],
  ""type"": ""Point""
}","{
  ""coordinates"": [
    -83.081527285,
    42.367304185
  ],
  ""type"": ""Point""
}",-83.0815272849999,42.3673041850001
9509,1110366,CONNER,GRATIOT,2017-08-16,16,8,2017,23,4,4,3,,4,0,,1,1,4,35,7,2,2,5,0,0,0,0,true,,false,false,false,false,false,,,,,,false,false,false,,,false,false,false,false,false,-82.9975,42.40491,"{
  ""coordinates"": [
    -8.299749896899991e+01,
    4.240491598100000e+01
  ],
  ""type"": ""Point""
}","{
  ""coordinates"": [
    -82.997498969,
    42.404915981
  ],
  ""type"": ""Point""
}",-82.9974989689999,42.404915981
9510,1115217,I-94,CENTRAL,2017-08-16,16,8,2017,5,4,5,1,,1,0,,1,1,4,55,3,2,1,5,0,0,0,0,true,,false,false,true,false,false,,,,,,false,false,false,,,false,false,false,false,false,-83.13805,42.33241,"{
  ""coordinates"": [
    -8.313805363900001e+01,
    4.233240332900000e+01
  ],
  ""type"": ""Point""
}","{
  ""coordinates"": [
    -83.138053639,
    42.332403329
  ],
  ""type"": ""Point""
}",-83.138053639,42.332403329
9511,1113514,CADIEUX,HARPER,2017-08-16,16,8,2017,12,4,1,1,,4,0,,1,1,1,35,4,1,1,5,0,0,0,0,true,,false,false,false,false,false,,,,,,false,false,false,,,false,false,false,false,false,-82.93674,42.41661,"{
  ""coordinates"": [
    -8.293674088599990e+01,
    4.241661231500010e+01
  ],
  ""type"": ""Point""
}","{
  ""coordinates"": [
    -82.936740886,
    42.416612315
  ],
  ""type"": ""Point""
}",-82.9367408859999,42.4166123150001
9512,1109388,BENTLER,7 MILE,2017-08-16,16,8,2017,10,4,1,9,,,0,,1,1,1,25,2,2,1,4,0,0,0,1,false,,false,false,false,false,false,,,,,,false,false,false,,,false,false,false,true,false,-83.25343,42.42928,"{
  ""coordinates"": [
    -8.325342835899990e+01,
    4.242927542000010e+01
  ],
  ""type"": ""Point""
}","{
  ""coordinates"": [
    -83.253428359,
    42.42927542
  ],
  ""type"": ""Point""
}",-83.2534283589999,42.4292754200001
9513,1109336,I 94,WEIR,2017-08-16,16,8,2017,15,4,8,1,,1,0,,1,1,1,55,3,5,5,4,0,0,0,2,false,,false,false,false,false,false,,,,,,false,false,true,,,false,false,false,false,false,-83.15483,42.32934,"{
  ""coordinates"": [
    -8.315482822599991e+01,
    4.232933898000000e+01
  ],
  ""type"": ""Point""
}","{
  ""coordinates"": [
    -83.154828226,
    42.32933898
  ],
  ""type"": ""Point""
}",-83.1548282259999,42.32933898
9514,1111498,MOROSS,E I 94,2017-08-16,16,8,2017,15,4,4,9,,2,0,,1,1,1,35,3,2,2,5,0,0,0,0,true,,false,false,false,false,false,,,,,,false,true,false,,,false,false,false,false,false,-82.92879,42.42442,"{
  ""coordinates"": [
    -8.292878718999999e+01,
    4.242441509300010e+01
  ],
  ""type"": ""Point""
}","{
  ""coordinates"": [
    -82.92878719,
    42.424415093
  ],
  ""type"": ""Point""
}",-82.92878719,42.4244150930001
9515,1114217,E I 94,W I 96,2017-08-16,16,8,2017,12,4,8,1,,1,0,,1,1,1,55,3,2,3,5,0,0,0,0,true,,false,false,false,false,false,,,,,,false,false,false,,,false,false,false,false,false,-83.09908,42.35011,"{
  ""coordinates"": [
    -8.309907875300000e+01,
    4.235011450400000e+01
  ],
  ""type"": ""Point""
}","{
  ""coordinates"": [
    -83.099078753,
    42.350114504
  ],
  ""type"": ""Point""
}",-83.099078753,42.350114504
9516,1111484,W I 94,JOHN R,2017-08-16,16,8,2017,17,4,4,1,,1,0,,1,1,1,25,2,2,1,5,0,0,0,0,true,,true,true,true,false,false,,,,,,false,false,false,,,false,false,false,false,false,-83.06678,42.36479,"{
  ""coordinates"": [
    -8.306678031199991e+01,
    4.236479102000000e+01
  ],
  ""type"": ""Point""
}","{
  ""coordinates"": [
    -83.066780312,
    42.36479102
  ],
  ""type"": ""Point""
}",-83.0667803119999,42.36479102
9517,1109341,I-94,I-75,2017-08-16,16,8,2017,16,4,5,1,,1,0,,1,1,1,55,3,2,2,5,0,0,0,0,true,,false,false,false,false,false,,,,,,false,false,true,,,false,false,false,false,false,-83.0565,42.36949,"{
  ""coordinates"": [
    -8.305649531300000e+01,
    4.236949286400010e+01
  ],
  ""type"": ""Point""
}","{
  ""coordinates"": [
    -83.056495313,
    42.369492864
  ],
  ""type"": ""Point""
}",-83.056495313,42.3694928640001
9518,1114211,M-39,FORD,2017-08-16,16,8,2017,10,4,5,3,,1,0,,1,1,1,55,3,2,2,5,0,0,0,0,true,,false,false,false,false,false,,,,,,false,true,false,,,false,false,false,false,false,-83.21583,42.33055,"{
  ""coordinates"": [
    -8.321582623499999e+01,
    4.233054974500000e+01
  ],
  ""type"": ""Point""
}","{
  ""coordinates"": [
    -83.215826235,
    42.330549745
  ],
  ""type"": ""Point""
}",-83.215826235,42.330549745
9519,1116044,PURITAN,BIRWOOD,2017-08-16,16,8,2017,19,4,3,9,,4,0,,1,1,1,35,2,3,3,5,0,0,0,0,true,,false,false,false,false,false,,,,,,false,true,true,,,false,false,false,false,false,-83.16415,42.40964,"{
  ""coordinates"": [
    -8.316415369000001e+01,
    4.240964103600000e+01
  ],
  ""type"": ""Point""
}","{
  ""coordinates"": [
    -83.16415369,
    42.409641036
  ],
  ""type"": ""Point""
}",-83.16415369,42.409641036
9520,1110362,W I 94,RAMP 213P,2017-08-16,16,8,2017,15,4,8,1,,1,0,,1,1,1,55,4,2,2,5,0,0,0,0,true,,false,false,false,false,false,,,,,,false,false,false,,,false,false,false,false,false,-83.09743,42.35077,"{
  ""coordinates"": [
    -8.309743747300000e+01,
    4.235076576500010e+01
  ],
  ""type"": ""Point""
}","{
  ""coordinates"": [
    -83.097437473,
    42.350765765
  ],
  ""type"": ""Point""
}",-83.097437473,42.3507657650001
9521,1111482,FOREST,2ND,2017-08-16,16,8,2017,16,4,8,9,,4,0,,1,1,1,25,4,2,2,5,0,0,0,0,true,,false,false,false,false,false,,,,,,false,false,false,,,false,false,false,false,false,-83.06761,42.35303,"{
  ""coordinates"": [
    -8.306761479600000e+01,
    4.235303318700010e+01
  ],
  ""type"": ""Point""
}","{
  ""coordinates"": [
    -83.067614796,
    42.353033187
  ],
  ""type"": ""Point""
}",-83.067614796,42.3530331870001
9522,1112504,WARREN,ROSA PARKS,2017-08-16,16,8,2017,17,4,5,9,,4,0,,1,1,1,30,4,2,2,5,0,0,0,0,true,,false,false,false,false,false,,,,,,false,false,false,,,false,false,false,false,false,-83.08288,42.35078,"{
  ""coordinates"": [
    -8.308288031099990e+01,
    4.235078602400010e+01
  ],
  ""type"": ""Point""
}","{
  ""coordinates"": [
    -83.082880311,
    42.350786024
  ],
  ""type"": ""Point""
}",-83.0828803109999,42.3507860240001
9523,1109327,M-39,PLYMOUTH,2017-08-16,16,8,2017,15,4,5,3,,1,0,,1,1,1,55,3,2,2,5,0,0,0,0,true,,false,false,false,false,false,,,,,,false,false,true,,,false,false,false,false,false,-83.21658,42.37239,"{
  ""coordinates"": [
    -8.321658624600001e+01,
    4.237239351400010e+01
  ],
  ""type"": ""Point""
}","{
  ""coordinates"": [
    -83.216586246,
    42.372393514
  ],
  ""type"": ""Point""
}",-83.216586246,42.3723935140001
9524,1111523,EVERGREEN,FLORENCE,2017-08-16,16,8,2017,21,4,97,9,,4,0,,1,1,4,30,4,2,0,2,0,1,0,0,false,,false,false,true,false,false,,,,,,true,false,false,,,false,false,false,false,false,-83.23785,42.40994,"{
  ""coordinates"": [
    -8.323785133900000e+01,
    4.240994309300000e+01
  ],
  ""type"": ""Point""
}","{
  ""coordinates"": [
    -83.237851339,
    42.409943093
  ],
  ""type"": ""Point""
}",-83.237851339,42.409943093