ObjectId,Crash ID,Primary Road,Intersecting Road,Crash Date,Day,Month,Year,Hour,Weekday,Crash Type Code,Highway Classification Code,Community Code,Jurisdiction Code,Lane Departure Type Code,Surface Type,Road Condition,Weather Condition,Lighting Condition,Speed Limit,Lanes,Units,Occupants,Most Severe Injury,Fatal Injuries,Suspected Serious Injuries,Suspected Minor Injuries,Possible Injuries,Property Damage Only,Secondary Crash,Traffic Control,Red Light Run,Hit and Run,Alcohol,Drugs,Unbelted Person,Work Zone,Speeding Driver,Distracted Driver,Driveway,Pedestrian,Elderly Driver,Young Driver,Commercial Vehicle,Emergency Vehicles,Train,School Bus,Motorcycle,Bicycle,Deer,Longitude,Latitude,geom,geog,x,y
9582,1109369,VAN DYKE,CHARLEVOIX,2017-08-15,15,8,2017,22,3,4,9,,4,0,,1,1,4,30,3,2,5,2,0,1,1,1,false,,true,true,false,false,false,,,,,,false,false,false,,,false,false,false,false,false,-83.00312,42.36285,"{
  ""coordinates"": [
    -8.300311832100000e+01,
    4.236284633100010e+01
  ],
  ""type"": ""Point""
}","{
  ""coordinates"": [
    -83.003118321,
    42.362846331
  ],
  ""type"": ""Point""
}",-83.003118321,42.3628463310001
9583,1111450,I-75,VERNOR,2017-08-15,15,8,2017,10,3,8,1,,1,0,,2,4,1,55,3,2,1,5,0,0,0,0,true,,false,false,true,false,false,,,,,,false,false,false,,,false,false,false,false,false,-83.08537,42.32773,"{
  ""coordinates"": [
    -8.308537069300000e+01,
    4.232773331100000e+01
  ],
  ""type"": ""Point""
}","{
  ""coordinates"": [
    -83.085370693,
    42.327733311
  ],
  ""type"": ""Point""
}",-83.085370693,42.327733311
9584,1114303,RAMP 050I,8 MILE SERVICE DRIVE,2017-08-15,15,8,2017,19,3,1,3,,1,0,,1,2,4,35,3,2,2,1,1,0,1,1,false,,false,false,false,false,false,,,,,,true,false,true,,,false,false,false,false,false,-83.09632,42.44647,"{
  ""coordinates"": [
    -8.309632343999991e+01,
    4.244646802100000e+01
  ],
  ""type"": ""Point""
}","{
  ""coordinates"": [
    -83.09632344,
    42.446468021
  ],
  ""type"": ""Point""
}",-83.0963234399999,42.446468021
9585,1109361,ROSEMONT,BRETTON,2017-08-15,15,8,2017,4,3,98,9,,,0,,2,4,4,25,3,2,0,5,0,0,0,0,true,,false,false,true,false,false,,,,,,false,true,false,,,false,false,false,false,false,-83.22161,42.40428,"{
  ""coordinates"": [
    -8.322160950999999e+01,
    4.240427639300000e+01
  ],
  ""type"": ""Point""
}","{
  ""coordinates"": [
    -83.22160951,
    42.404276393
  ],
  ""type"": ""Point""
}",-83.22160951,42.404276393
9586,1110307,ROSA PARKS,HUGHES,2017-08-15,15,8,2017,7,3,5,9,,4,0,,1,1,2,25,2,3,0,5,0,0,0,0,true,,false,false,true,false,false,,,,,,false,false,false,,,false,false,false,false,false,-83.11798,42.40577,"{
  ""coordinates"": [
    -8.311798314500000e+01,
    4.240577356500010e+01
  ],
  ""type"": ""Point""
}","{
  ""coordinates"": [
    -83.117983145,
    42.405773565
  ],
  ""type"": ""Point""
}",-83.117983145,42.4057735650001
9587,1115213,I-94,CENTRAL,2017-08-15,15,8,2017,17,3,5,1,,1,0,,1,1,1,55,3,2,2,5,0,0,0,0,true,,false,false,false,false,false,,,,,,false,false,true,,,false,false,false,false,false,-83.13887,42.33239,"{
  ""coordinates"": [
    -8.313887093100000e+01,
    4.233239153800000e+01
  ],
  ""type"": ""Point""
}","{
  ""coordinates"": [
    -83.138870931,
    42.332391538
  ],
  ""type"": ""Point""
}",-83.138870931,42.332391538
9588,1110349,EVERGREEN,JOY,2017-08-15,15,8,2017,10,3,5,9,,4,0,,2,2,1,30,4,2,1,5,0,0,0,0,true,,false,false,true,false,false,,,,,,false,false,true,,,false,false,false,false,false,-83.23595,42.35793,"{
  ""coordinates"": [
    -8.323595427200000e+01,
    4.235792588400010e+01
  ],
  ""type"": ""Point""
}","{
  ""coordinates"": [
    -83.235954272,
    42.357925884
  ],
  ""type"": ""Point""
}",-83.235954272,42.3579258840001
9589,1195175,M-39,GRAND,2017-08-15,15,8,2017,8,3,5,3,,1,0,,2,4,1,55,3,3,3,5,0,0,0,0,true,,false,false,false,false,false,,,,,,false,false,true,,,false,false,false,false,false,-83.21816,42.39923,"{
  ""coordinates"": [
    -8.321816251000000e+01,
    4.239922920800010e+01
  ],
  ""type"": ""Point""
}","{
  ""coordinates"": [
    -83.21816251,
    42.399229208
  ],
  ""type"": ""Point""
}",-83.21816251,42.3992292080001
9590,1109385,GRATIOT,VERNOR,2017-08-15,15,8,2017,16,3,5,3,,1,0,,1,1,1,35,7,2,2,5,0,0,0,0,true,,false,false,false,false,false,,,,,,false,false,false,,,false,false,false,false,false,-83.03522,42.3481,"{
  ""coordinates"": [
    -8.303521898600000e+01,
    4.234809890300010e+01
  ],
  ""type"": ""Point""
}","{
  ""coordinates"": [
    -83.035218986,
    42.348098903
  ],
  ""type"": ""Point""
}",-83.035218986,42.3480989030001
9591,1110295,I-75,MCNICHOLS,2017-08-15,15,8,2017,8,3,8,1,,1,0,,2,4,1,55,5,2,2,4,0,0,0,2,false,,false,false,false,false,false,,,,,,false,false,false,,,false,false,false,false,false,-83.08503,42.41505,"{
  ""coordinates"": [
    -8.308503202100000e+01,
    4.241505159400000e+01
  ],
  ""type"": ""Point""
}","{
  ""coordinates"": [
    -83.085032021,
    42.415051594
  ],
  ""type"": ""Point""
}",-83.085032021,42.415051594
9592,1108636,7 MILE,OUTER,2017-08-15,15,8,2017,8,3,5,9,,4,0,,1,2,1,35,1,2,3,5,0,0,0,0,true,,false,false,true,false,false,,,,,,false,false,false,,,false,false,false,false,false,-83.01476,42.43415,"{
  ""coordinates"": [
    -8.301476585400000e+01,
    4.243415630500000e+01
  ],
  ""type"": ""Point""
}","{
  ""coordinates"": [
    -83.014765854,
    42.434156305
  ],
  ""type"": ""Point""
}",-83.014765854,42.434156305
9593,1148486,PACIFIC,IRONWOOD,2017-08-15,15,8,2017,22,3,8,9,,,0,,1,1,5,25,2,2,1,5,0,0,0,0,true,,false,false,false,false,false,,,,,,false,false,false,,,false,false,false,false,false,-83.12326,42.35572,"{
  ""coordinates"": [
    -8.312325953500000e+01,
    4.235572486000010e+01
  ],
  ""type"": ""Point""
}","{
  ""coordinates"": [
    -83.123259535,
    42.35572486
  ],
  ""type"": ""Point""
}",-83.123259535,42.3557248600001
9594,1108588,I 94 E/B,WYOMING,2017-08-15,15,8,2017,17,3,5,1,,1,0,,1,1,1,55,3,2,2,5,0,0,0,0,true,,false,false,false,false,false,,,,,,false,false,true,,,false,false,false,false,false,-83.15616,42.32904,"{
  ""coordinates"": [
    -8.315615763400000e+01,
    4.232903538000010e+01
  ],
  ""type"": ""Point""
}","{
  ""coordinates"": [
    -83.156157634,
    42.32903538
  ],
  ""type"": ""Point""
}",-83.156157634,42.3290353800001
9595,1108620,EVERGREEN,LYNDON,2017-08-15,15,8,2017,16,3,5,9,,4,0,,1,2,1,30,2,3,3,4,0,0,0,1,false,,false,false,true,false,false,,,,,,false,false,false,,,false,false,false,false,false,-83.23711,42.39281,"{
  ""coordinates"": [
    -8.323710647300000e+01,
    4.239280826200010e+01
  ],
  ""type"": ""Point""
}","{
  ""coordinates"": [
    -83.237106473,
    42.392808262
  ],
  ""type"": ""Point""
}",-83.237106473,42.3928082620001
9596,1109346,ILENE,E I 96 SERVICE DRIVE,2017-08-15,15,8,2017,19,3,5,9,,,0,,1,1,1,35,2,2,1,5,0,0,0,0,true,,false,false,true,false,false,,,,,,false,true,false,,,false,false,false,false,false,-83.16108,42.38473,"{
  ""coordinates"": [
    -8.316107863300000e+01,
    4.238472566400000e+01
  ],
  ""type"": ""Point""
}","{
  ""coordinates"": [
    -83.161078633,
    42.384725664
  ],
  ""type"": ""Point""
}",-83.161078633,42.384725664
9597,1108616,I-75,GRANDRIVER EXIT,2017-08-15,15,8,2017,13,3,1,3,,1,1,,1,1,1,55,3,1,1,5,0,0,0,0,true,,false,false,false,false,false,,,,,,false,false,false,,,false,false,false,false,false,-83.06454,42.336,"{
  ""coordinates"": [
    -8.306454547999989e+01,
    4.233599817400010e+01
  ],
  ""type"": ""Point""
}","{
  ""coordinates"": [
    -83.06454548,
    42.335998174
  ],
  ""type"": ""Point""
}",-83.0645454799999,42.3359981740001
9598,1108633,VERENE,STAHELIN,2017-08-15,15,8,2017,16,3,4,9,,,0,,1,1,1,25,4,2,3,4,0,0,0,1,false,,false,false,false,false,false,,,,,,false,false,true,,,false,false,false,false,false,-83.22649,42.41176,"{
  ""coordinates"": [
    -8.322649527999990e+01,
    4.241176099200000e+01
  ],
  ""type"": ""Point""
}","{
  ""coordinates"": [
    -83.22649528,
    42.411760992
  ],
  ""type"": ""Point""
}",-83.2264952799999,42.411760992
9599,1111576,LYNCH,VAN DYKE,2017-08-15,15,8,2017,15,3,4,3,,4,0,,1,1,1,0,2,2,1,5,0,0,0,0,true,,false,false,false,false,false,,,,,,false,false,true,,,false,false,false,false,false,-83.02353,42.405,"{
  ""coordinates"": [
    -8.302352657800000e+01,
    4.240499724300000e+01
  ],
  ""type"": ""Point""
}","{
  ""coordinates"": [
    -83.023526578,
    42.404997243
  ],
  ""type"": ""Point""
}",-83.023526578,42.404997243
9600,1110305,RAMP 125C,LARNED,2017-08-15,15,8,2017,9,3,5,3,,1,0,,2,4,1,55,3,2,2,5,0,0,0,0,true,,false,false,false,false,false,,,,,,false,false,false,,,false,false,false,false,false,-83.05054,42.32697,"{
  ""coordinates"": [
    -8.305053994300000e+01,
    4.232696460200000e+01
  ],
  ""type"": ""Point""
}","{
  ""coordinates"": [
    -83.050539943,
    42.326964602
  ],
  ""type"": ""Point""
}",-83.050539943,42.326964602
9601,1108632,SOUTHFIELD SERVICE DRIVE,FENKELL,2017-08-15,15,8,2017,11,3,8,9,,4,0,,1,2,1,30,3,2,1,4,0,0,0,1,false,,false,false,true,false,false,,,,,,false,false,false,,,false,false,false,false,false,-83.21859,42.40126,"{
  ""coordinates"": [
    -8.321859007099989e+01,
    4.240126406400000e+01
  ],
  ""type"": ""Point""
}","{
  ""coordinates"": [
    -83.218590071,
    42.401264064
  ],
  ""type"": ""Point""
}",-83.2185900709999,42.401264064
9602,1108625,EVERGREEN,MIDLAND,2017-08-15,15,8,2017,7,3,4,9,,4,0,,2,4,1,30,4,2,2,5,0,0,0,0,true,,true,false,false,false,false,,,,,,false,false,false,,,false,false,false,false,false,-83.23759,42.40437,"{
  ""coordinates"": [
    -8.323758703500000e+01,
    4.240436965100000e+01
  ],
  ""type"": ""Point""
}","{
  ""coordinates"": [
    -83.237587035,
    42.404369651
  ],
  ""type"": ""Point""
}",-83.237587035,42.404369651
9603,1109403,WOODWARD,7 MILE,2017-08-15,15,8,2017,13,3,4,3,,1,0,,1,1,1,0,4,2,2,5,0,0,0,0,true,,true,true,false,false,false,,,,,,false,true,false,,,false,false,false,false,false,-83.1149,42.43203,"{
  ""coordinates"": [
    -8.311489674400001e+01,
    4.243202418900010e+01
  ],
  ""type"": ""Point""
}","{
  ""coordinates"": [
    -83.114896744,
    42.432024189
  ],
  ""type"": ""Point""
}",-83.114896744,42.4320241890001
9604,1117036,SEVEN MILE,SUNSET,2017-08-15,15,8,2017,10,3,5,9,,4,0,,1,1,1,35,4,2,2,5,0,0,0,0,true,,false,false,false,false,false,,,,,,false,false,true,,,false,false,false,false,false,-83.06089,42.43319,"{
  ""coordinates"": [
    -8.306088753499991e+01,
    4.243318523000000e+01
  ],
  ""type"": ""Point""
}","{
  ""coordinates"": [
    -83.060887535,
    42.43318523
  ],
  ""type"": ""Point""
}",-83.0608875349999,42.43318523
9605,1118113,FRANKFORT,CHATSWORTH,2017-08-15,15,8,2017,13,3,98,9,,,0,,1,1,1,25,2,2,0,5,0,0,0,0,true,,false,false,true,false,false,,,,,,false,false,true,,,false,false,false,false,false,-82.94669,42.40199,"{
  ""coordinates"": [
    -8.294668274400000e+01,
    4.240198657600010e+01
  ],
  ""type"": ""Point""
}","{
  ""coordinates"": [
    -82.946682744,
    42.401986576
  ],
  ""type"": ""Point""
}",-82.946682744,42.4019865760001
9606,1127175,I-94,M-10,2017-08-15,15,8,2017,21,3,5,1,,1,0,,1,1,4,55,3,3,1,5,0,0,0,0,true,,false,false,true,false,false,,,,,,false,false,false,,,false,false,false,false,false,-83.07479,42.36043,"{
  ""coordinates"": [
    -8.307478774899990e+01,
    4.236043311500000e+01
  ],
  ""type"": ""Point""
}","{
  ""coordinates"": [
    -83.074787749,
    42.360433115
  ],
  ""type"": ""Point""
}",-83.0747877489999,42.360433115
9607,1109325,W I 94,GRAND RIVER,2017-08-15,15,8,2017,20,3,5,1,,1,0,,1,1,1,55,3,2,2,5,0,0,0,0,true,,false,false,false,false,false,,,,,,false,false,false,,,false,false,false,false,false,-83.09539,42.35141,"{
  ""coordinates"": [
    -8.309538801600000e+01,
    4.235141216400010e+01
  ],
  ""type"": ""Point""
}","{
  ""coordinates"": [
    -83.095388016,
    42.351412164
  ],
  ""type"": ""Point""
}",-83.095388016,42.3514121640001
9608,1110304,E I 96,CSX TRANSPORTATION,2017-08-15,15,8,2017,10,3,1,1,,1,1,,2,2,1,70,4,1,1,5,0,0,0,0,true,,false,false,false,false,false,,,,,,false,false,true,,,false,false,false,false,false,-83.19055,42.37962,"{
  ""coordinates"": [
    -8.319054885500000e+01,
    4.237962170800010e+01
  ],
  ""type"": ""Point""
}","{
  ""coordinates"": [
    -83.190548855,
    42.379621708
  ],
  ""type"": ""Point""
}",-83.190548855,42.3796217080001
9609,1108643,N I 75,DAVISON,2017-08-15,15,8,2017,18,3,5,1,,1,0,,1,1,1,55,5,2,2,5,0,0,0,0,true,,false,false,true,false,false,,,,,,false,false,false,,,false,false,false,false,false,-83.07922,42.40865,"{
  ""coordinates"": [
    -8.307922058699999e+01,
    4.240864694300010e+01
  ],
  ""type"": ""Point""
}","{
  ""coordinates"": [
    -83.079220587,
    42.408646943
  ],
  ""type"": ""Point""
}",-83.079220587,42.4086469430001
9610,1109383,VAN DYKE,GIESE,2017-08-15,15,8,2017,13,3,9,3,,1,0,,1,1,1,35,3,2,5,4,0,0,0,1,false,,false,false,false,false,false,,,,,,false,false,false,,,false,false,false,false,false,-83.02355,42.4155,"{
  ""coordinates"": [
    -8.302355327500000e+01,
    4.241549989400000e+01
  ],
  ""type"": ""Point""
}","{
  ""coordinates"": [
    -83.023553275,
    42.415499894
  ],
  ""type"": ""Point""
}",-83.023553275,42.415499894
9611,1107797,RAMP 051B,8 MILE,2017-08-15,15,8,2017,7,3,5,2,,1,0,,2,4,2,15,1,2,1,5,0,0,0,0,true,,false,false,false,false,false,,,,,,false,false,false,,,false,false,false,false,false,-83.2775,42.44275,"{
  ""coordinates"": [
    -8.327749704999999e+01,
    4.244274604400000e+01
  ],
  ""type"": ""Point""
}","{
  ""coordinates"": [
    -83.27749705,
    42.442746044
  ],
  ""type"": ""Point""
}",-83.27749705,42.442746044
9612,1108639,PEERLESS,MOROSS,2017-08-15,15,8,2017,7,3,4,9,,,0,,1,2,1,25,3,2,3,5,0,0,0,0,true,,true,false,false,false,false,,,,,,false,false,false,,,false,false,false,false,false,-82.93555,42.42725,"{
  ""coordinates"": [
    -8.293554426599999e+01,
    4.242725174200010e+01
  ],
  ""type"": ""Point""
}","{
  ""coordinates"": [
    -82.935544266,
    42.427251742
  ],
  ""type"": ""Point""
}",-82.935544266,42.4272517420001
9613,1113520,DICKERSON,MACK,2017-08-15,15,8,2017,8,3,5,9,,4,0,,1,1,1,0,4,2,1,5,0,0,0,0,true,,false,false,true,false,false,,,,,,false,true,false,,,false,false,false,false,false,-82.96191,42.3846,"{
  ""coordinates"": [
    -8.296190370700000e+01,
    4.238460329200010e+01
  ],
  ""type"": ""Point""
}","{
  ""coordinates"": [
    -82.961903707,
    42.384603292
  ],
  ""type"": ""Point""
}",-82.961903707,42.3846032920001
9614,1110388,3RD,WHITMORE,2017-08-15,15,8,2017,21,3,97,9,,4,0,,1,1,5,25,1,2,1,5,0,0,0,0,true,,false,false,true,false,false,,,,,,false,false,false,,,false,false,true,false,false,-83.11356,42.41963,"{
  ""coordinates"": [
    -8.311356478200000e+01,
    4.241962765700000e+01
  ],
  ""type"": ""Point""
}","{
  ""coordinates"": [
    -83.113564782,
    42.419627657
  ],
  ""type"": ""Point""
}",-83.113564782,42.419627657
9615,1109386,GRAND,RAMP 213C,2017-08-15,15,8,2017,16,3,3,1,,4,0,,1,1,1,30,9,2,2,4,0,0,0,1,false,,false,false,false,false,false,,,,,,false,true,false,,,false,false,false,false,false,-83.10974,42.34704,"{
  ""coordinates"": [
    -8.310974481900000e+01,
    4.234703646600010e+01
  ],
  ""type"": ""Point""
}","{
  ""coordinates"": [
    -83.109744819,
    42.347036466
  ],
  ""type"": ""Point""
}",-83.109744819,42.3470364660001
9616,1111553,BURLINGAME,3RD,2017-08-15,15,8,2017,19,3,4,9,,,0,,1,1,4,25,3,2,4,5,0,0,0,0,true,,false,false,false,false,false,,,,,,false,false,false,,,false,false,false,false,false,-83.09389,42.38968,"{
  ""coordinates"": [
    -8.309388768199990e+01,
    4.238968073900000e+01
  ],
  ""type"": ""Point""
}","{
  ""coordinates"": [
    -83.093887682,
    42.389680739
  ],
  ""type"": ""Point""
}",-83.0938876819999,42.389680739
9617,1110373,VAN DYKE,OUTER,2017-08-15,15,8,2017,13,3,97,3,,1,0,,1,1,1,35,2,4,5,4,0,0,0,2,false,,true,true,true,false,false,,,,,,false,false,true,,,false,false,false,false,false,-83.02449,42.44123,"{
  ""coordinates"": [
    -8.302449138799990e+01,
    4.244122920800000e+01
  ],
  ""type"": ""Point""
}","{
  ""coordinates"": [
    -83.024491388,
    42.441229208
  ],
  ""type"": ""Point""
}",-83.0244913879999,42.441229208
9618,1110296,I-94,I-96,2017-08-15,15,8,2017,9,3,5,1,,1,0,,2,4,1,55,3,2,2,5,0,0,0,0,true,,false,false,false,false,false,,,,,,false,false,false,,,false,false,false,false,false,-83.10463,42.34837,"{
  ""coordinates"": [
    -8.310463322100000e+01,
    4.234836837800000e+01
  ],
  ""type"": ""Point""
}","{
  ""coordinates"": [
    -83.104633221,
    42.348368378
  ],
  ""type"": ""Point""
}",-83.104633221,42.348368378
9619,1109350,TRUMBULL,BUTTERNUT,2017-08-15,15,8,2017,16,3,5,9,,4,0,,1,1,1,30,4,2,2,5,0,0,0,0,true,,false,false,false,false,false,,,,,,false,false,false,,,false,false,false,false,false,-83.07101,42.33862,"{
  ""coordinates"": [
    -8.307100848000000e+01,
    4.233861592700000e+01
  ],
  ""type"": ""Point""
}","{
  ""coordinates"": [
    -83.07100848,
    42.338615927
  ],
  ""type"": ""Point""
}",-83.07100848,42.338615927
9620,1111447,I-75,FERRY,2017-08-15,15,8,2017,17,3,5,1,,1,0,,1,1,1,55,3,2,2,5,0,0,0,0,true,,false,false,false,false,false,,,,,,false,false,false,,,false,false,false,false,false,-83.05582,42.36383,"{
  ""coordinates"": [
    -8.305581428600000e+01,
    4.236382745100010e+01
  ],
  ""type"": ""Point""
}","{
  ""coordinates"": [
    -83.055814286,
    42.363827451
  ],
  ""type"": ""Point""
}",-83.055814286,42.3638274510001
9621,1109343,WYOMING,DE SOTO,2017-08-15,15,8,2017,16,3,5,9,,4,0,,1,1,1,35,4,2,3,5,0,0,0,0,true,,false,false,false,false,false,,,,,,false,false,false,,,false,false,false,false,false,-83.15961,42.40119,"{
  ""coordinates"": [
    -8.315961199500001e+01,
    4.240118863300010e+01
  ],
  ""type"": ""Point""
}","{
  ""coordinates"": [
    -83.159611995,
    42.401188633
  ],
  ""type"": ""Point""
}",-83.159611995,42.4011886330001
9622,1110325,MICHIGAN,LAWNDALE,2017-08-15,15,8,2017,21,3,5,2,,1,0,,1,1,2,35,3,2,3,4,0,0,0,1,false,,false,false,false,false,false,,,,,,false,false,true,,,false,false,false,false,false,-83.14853,42.32984,"{
  ""coordinates"": [
    -8.314853021399990e+01,
    4.232983793600000e+01
  ],
  ""type"": ""Point""
}","{
  ""coordinates"": [
    -83.148530214,
    42.329837936
  ],
  ""type"": ""Point""
}",-83.1485302139999,42.329837936
9623,1113523,E I 94,RAMP 214F,2017-08-15,15,8,2017,15,3,5,1,,1,0,,1,1,1,70,6,2,2,5,0,0,0,0,true,,false,false,false,false,false,,,,,,false,false,false,,,false,false,false,false,false,-83.09213,42.35231,"{
  ""coordinates"": [
    -8.309213513200000e+01,
    4.235230512800010e+01
  ],
  ""type"": ""Point""
}","{
  ""coordinates"": [
    -83.092135132,
    42.352305128
  ],
  ""type"": ""Point""
}",-83.092135132,42.3523051280001
9624,1108638,SCHOENHERR,STATE FAIR,2017-08-15,15,8,2017,12,3,4,9,,4,0,,1,1,1,30,3,2,5,3,0,0,2,1,false,,true,true,false,false,false,,,,,,false,false,false,,,false,false,false,false,false,-82.9854,42.44221,"{
  ""coordinates"": [
    -8.298540177699989e+01,
    4.244221224300000e+01
  ],
  ""type"": ""Point""
}","{
  ""coordinates"": [
    -82.985401777,
    42.442212243
  ],
  ""type"": ""Point""
}",-82.9854017769999,42.442212243
9625,1112505,FISCHER,GRATIOT,2017-08-15,15,8,2017,17,3,8,3,,,0,,1,1,1,30,4,2,2,5,0,0,0,0,true,,false,false,false,false,false,,,,,,false,false,false,,,false,false,false,false,false,-83.01066,42.38543,"{
  ""coordinates"": [
    -8.301065935799990e+01,
    4.238542583100010e+01
  ],
  ""type"": ""Point""
}","{
  ""coordinates"": [
    -83.010659358,
    42.385425831
  ],
  ""type"": ""Point""
}",-83.0106593579999,42.3854258310001
9626,1109399,LYNDON,WYOMING,2017-08-15,15,8,2017,15,3,3,9,,4,0,,1,1,1,30,2,2,2,5,0,0,0,0,true,,true,true,true,false,false,,,,,,false,false,true,,,false,false,false,false,false,-83.15935,42.39525,"{
  ""coordinates"": [
    -8.315934607700000e+01,
    4.239524661300000e+01
  ],
  ""type"": ""Point""
}","{
  ""coordinates"": [
    -83.159346077,
    42.395246613
  ],
  ""type"": ""Point""
}",-83.159346077,42.395246613
9627,1109366,EVERGREEN,CAPITOL,2017-08-15,15,8,2017,22,3,5,9,,4,0,,1,1,4,35,4,2,1,5,0,0,0,0,true,,false,false,true,false,false,,,,,,false,false,false,,,false,false,false,false,false,-83.2364,42.37638,"{
  ""coordinates"": [
    -8.323639953700000e+01,
    4.237637683200010e+01
  ],
  ""type"": ""Point""
}","{
  ""coordinates"": [
    -83.236399537,
    42.376376832
  ],
  ""type"": ""Point""
}",-83.236399537,42.3763768320001
9628,1259030,SAINT MARYS,8 MILE SERVICE DRIVE,2017-08-15,15,8,2017,18,3,1,3,,,0,,1,2,1,25,2,2,0,4,0,0,0,1,false,,false,false,true,false,false,,,,,,true,false,false,,,false,false,false,false,false,-83.20795,42.44441,"{
  ""coordinates"": [
    -8.320795170500000e+01,
    4.244441131500000e+01
  ],
  ""type"": ""Point""
}","{
  ""coordinates"": [
    -83.207951705,
    42.444411315
  ],
  ""type"": ""Point""
}",-83.207951705,42.444411315
9629,1108614,JEFFERSON,HARDING,2017-08-15,15,8,2017,3,3,8,9,,4,0,,1,1,1,35,4,3,5,4,0,0,0,2,false,,false,false,false,false,false,,,,,,false,true,false,,,false,false,false,false,false,-82.97691,42.364,"{
  ""coordinates"": [
    -8.297691482200000e+01,
    4.236399807000000e+01
  ],
  ""type"": ""Point""
}","{
  ""coordinates"": [
    -82.976914822,
    42.36399807
  ],
  ""type"": ""Point""
}",-82.976914822,42.36399807
9630,1110306,I-94,ADDISON,2017-08-15,15,8,2017,14,3,8,1,,1,0,,1,1,1,55,3,2,5,5,0,0,0,0,true,,false,false,false,false,false,,,,,,false,true,true,,,false,false,false,false,false,-83.1529,42.32975,"{
  ""coordinates"": [
    -8.315290063899990e+01,
    4.232975573700000e+01
  ],
  ""type"": ""Point""
}","{
  ""coordinates"": [
    -83.152900639,
    42.329755737
  ],
  ""type"": ""Point""
}",-83.1529006389999,42.329755737
9631,1109358,SPRINGWELLS,FORT,2017-08-15,15,8,2017,17,3,8,3,,4,0,,1,1,1,30,2,2,1,5,0,0,0,0,true,,false,false,true,false,false,,,,,,false,false,false,,,false,false,false,false,false,-83.11919,42.3002,"{
  ""coordinates"": [
    -8.311919744900000e+01,
    4.230019984700000e+01
  ],
  ""type"": ""Point""
}","{
  ""coordinates"": [
    -83.119197449,
    42.300199847
  ],
  ""type"": ""Point""
}",-83.119197449,42.300199847
9632,1109344,W I 96,SCHAEFER,2017-08-15,15,8,2017,23,3,97,1,,1,0,,1,1,4,35,2,1,1,5,0,0,0,0,true,,false,false,false,false,false,,,,,,false,false,false,,,false,false,false,false,false,-83.17883,42.38322,"{
  ""coordinates"": [
    -8.317882831299990e+01,
    4.238322273600010e+01
  ],
  ""type"": ""Point""
}","{
  ""coordinates"": [
    -83.178828313,
    42.383222736
  ],
  ""type"": ""Point""
}",-83.1788283129999,42.3832227360001
9633,1113497,I-75,DAVISON,2017-08-15,15,8,2017,14,3,5,1,,1,0,,1,1,1,55,3,2,2,5,0,0,0,0,true,,false,false,false,false,false,,,,,,false,false,true,,,false,false,false,false,false,-83.08241,42.41198,"{
  ""coordinates"": [
    -8.308240312600000e+01,
    4.241198342800000e+01
  ],
  ""type"": ""Point""
}","{
  ""coordinates"": [
    -83.082403126,
    42.411983428
  ],
  ""type"": ""Point""
}",-83.082403126,42.411983428
9634,1108589,I 94 E/B,VAN DYKE,2017-08-15,15,8,2017,8,3,5,1,,1,0,,2,4,1,70,3,2,3,4,0,0,0,1,false,,false,false,false,false,false,,,,,,false,false,false,,,false,false,false,false,false,-83.01834,42.38683,"{
  ""coordinates"": [
    -8.301834139100001e+01,
    4.238682543200010e+01
  ],
  ""type"": ""Point""
}","{
  ""coordinates"": [
    -83.018341391,
    42.386825432
  ],
  ""type"": ""Point""
}",-83.018341391,42.3868254320001
9635,1108631,8 MILE,MURRAY,2017-08-15,15,8,2017,17,3,1,3,,1,1,,1,1,1,45,4,2,1,2,0,1,0,1,false,,false,false,false,false,false,,,,,,true,false,false,,,false,false,false,false,false,-83.20892,42.44449,"{
  ""coordinates"": [
    -8.320891521300000e+01,
    4.244448915100000e+01
  ],
  ""type"": ""Point""
}","{
  ""coordinates"": [
    -83.208915213,
    42.444489151
  ],
  ""type"": ""Point""
}",-83.208915213,42.444489151
9636,1112496,ROSA PARKS,HUGHES,2017-08-15,15,8,2017,7,3,8,9,,4,0,,2,4,1,25,1,3,1,5,0,0,0,0,true,,false,false,false,false,false,,,,,,false,false,false,,,false,false,false,false,false,-83.11798,42.40577,"{
  ""coordinates"": [
    -8.311798314500000e+01,
    4.240577356500010e+01
  ],
  ""type"": ""Point""
}","{
  ""coordinates"": [
    -83.117983145,
    42.405773565
  ],
  ""type"": ""Point""
}",-83.117983145,42.4057735650001
9637,1108626,WARREN,WESTWOOD,2017-08-15,15,8,2017,12,3,8,9,,2,0,,1,1,1,35,5,2,1,5,0,0,0,0,true,,false,false,true,false,false,,,,,,false,false,false,,,false,false,false,false,false,-83.2304,42.34321,"{
  ""coordinates"": [
    -8.323040275300001e+01,
    4.234321029000010e+01
  ],
  ""type"": ""Point""
}","{
  ""coordinates"": [
    -83.230402753,
    42.34321029
  ],
  ""type"": ""Point""
}",-83.230402753,42.3432102900001
9638,1110319,BAGLEY,24TH,2017-08-15,15,8,2017,11,3,4,9,,,0,,1,1,1,25,2,2,3,4,0,0,0,1,false,,false,false,false,false,false,,,,,,false,false,false,,,false,false,false,false,false,-83.08572,42.32307,"{
  ""coordinates"": [
    -8.308571722600000e+01,
    4.232306546500010e+01
  ],
  ""type"": ""Point""
}","{
  ""coordinates"": [
    -83.085717226,
    42.323065465
  ],
  ""type"": ""Point""
}",-83.085717226,42.3230654650001