ObjectId,Crash ID,Primary Road,Intersecting Road,Crash Date,Day,Month,Year,Hour,Weekday,Crash Type Code,Highway Classification Code,Community Code,Jurisdiction Code,Lane Departure Type Code,Surface Type,Road Condition,Weather Condition,Lighting Condition,Speed Limit,Lanes,Units,Occupants,Most Severe Injury,Fatal Injuries,Suspected Serious Injuries,Suspected Minor Injuries,Possible Injuries,Property Damage Only,Secondary Crash,Traffic Control,Red Light Run,Hit and Run,Alcohol,Drugs,Unbelted Person,Work Zone,Speeding Driver,Distracted Driver,Driveway,Pedestrian,Elderly Driver,Young Driver,Commercial Vehicle,Emergency Vehicles,Train,School Bus,Motorcycle,Bicycle,Deer,Longitude,Latitude,geom,geog,x,y
9754,1107007,CONNER,EUGENE,2017-08-13,13,8,2017,0,1,1,9,,4,0,,1,1,1,35,2,1,0,5,0,0,0,0,true,,false,false,true,false,false,,,,,,false,false,false,,,false,false,false,false,false,-82.97356,42.3884,"{
  ""coordinates"": [
    -8.297355612199991e+01,
    4.238840580500000e+01
  ],
  ""type"": ""Point""
}","{
  ""coordinates"": [
    -82.973556122,
    42.388405805
  ],
  ""type"": ""Point""
}",-82.9735561219999,42.388405805
9755,1107004,LIVERNOIS,FORT,2017-08-13,13,8,2017,15,1,4,3,,4,0,,1,1,1,30,5,2,2,4,0,0,0,1,false,,false,false,false,false,false,,,,,,false,true,false,,,false,false,false,false,false,-83.10347,42.30664,"{
  ""coordinates"": [
    -8.310346884099989e+01,
    4.230663646200000e+01
  ],
  ""type"": ""Point""
}","{
  ""coordinates"": [
    -83.103468841,
    42.306636462
  ],
  ""type"": ""Point""
}",-83.1034688409999,42.306636462
9756,1106926,N I 75,RAMP 216D,2017-08-13,13,8,2017,21,1,1,1,,1,1,,1,1,4,70,4,1,1,5,0,0,0,0,true,,false,false,false,false,false,,,,,,false,false,true,,,false,false,false,false,false,-83.05789,42.36845,"{
  ""coordinates"": [
    -8.305789107500000e+01,
    4.236845429600000e+01
  ],
  ""type"": ""Point""
}","{
  ""coordinates"": [
    -83.057891075,
    42.368454296
  ],
  ""type"": ""Point""
}",-83.057891075,42.368454296
9757,1110308,JEFFERSON,RANDOLPH,2017-08-13,13,8,2017,20,1,6,4,,1,0,,1,1,1,35,6,2,5,5,0,0,0,0,true,,false,false,false,false,false,,,,,,false,false,false,,,false,false,false,false,false,-83.04184,42.32966,"{
  ""coordinates"": [
    -8.304184119900000e+01,
    4.232966208900010e+01
  ],
  ""type"": ""Point""
}","{
  ""coordinates"": [
    -83.041841199,
    42.329662089
  ],
  ""type"": ""Point""
}",-83.041841199,42.3296620890001
9758,1111542,CHALMERS,W I 94,2017-08-13,13,8,2017,16,1,4,1,,4,0,,1,1,1,35,2,2,2,5,0,0,0,0,true,,true,true,true,false,false,,,,,,false,false,false,,,false,false,false,false,false,-82.96434,42.4039,"{
  ""coordinates"": [
    -8.296433715700000e+01,
    4.240389544900010e+01
  ],
  ""type"": ""Point""
}","{
  ""coordinates"": [
    -82.964337157,
    42.403895449
  ],
  ""type"": ""Point""
}",-82.964337157,42.4038954490001
9759,1110314,FORT,OUTER,2017-08-13,13,8,2017,0,1,5,3,,1,0,,1,1,4,0,6,2,1,5,0,0,0,0,true,,false,false,true,false,false,,,,,,false,false,false,,,false,false,false,false,false,-83.167,42.26262,"{
  ""coordinates"": [
    -8.316699606299990e+01,
    4.226261812300000e+01
  ],
  ""type"": ""Point""
}","{
  ""coordinates"": [
    -83.166996063,
    42.262618123
  ],
  ""type"": ""Point""
}",-83.1669960629999,42.262618123
9760,1117014,CADILLAC,WOODWARD,2017-08-12,12,8,2017,11,7,5,9,,4,0,,2,2,1,25,2,2,1,5,0,0,0,0,true,,false,false,true,false,false,,,,,,false,false,false,,,false,false,false,false,false,-83.04601,42.3314,"{
  ""coordinates"": [
    -8.304601560600000e+01,
    4.233139664800010e+01
  ],
  ""type"": ""Point""
}","{
  ""coordinates"": [
    -83.046015606,
    42.331396648
  ],
  ""type"": ""Point""
}",-83.046015606,42.3313966480001
9761,1106991,S/B I-75,MACK,2017-08-12,12,8,2017,12,7,5,1,,1,0,,1,1,1,55,5,3,8,4,0,0,0,1,false,,false,false,true,false,false,,,,,,false,false,false,,,false,false,false,false,false,-83.04946,42.3532,"{
  ""coordinates"": [
    -8.304946516500000e+01,
    4.235319944700010e+01
  ],
  ""type"": ""Point""
}","{
  ""coordinates"": [
    -83.049465165,
    42.353199447
  ],
  ""type"": ""Point""
}",-83.049465165,42.3531994470001
9762,1106985,I 96,PACIFIC,2017-08-12,12,8,2017,13,7,97,1,,1,0,,1,1,1,70,4,3,8,5,0,0,0,0,true,,false,false,true,false,false,,,,,,false,false,false,,,false,false,false,false,false,-83.11586,42.35829,"{
  ""coordinates"": [
    -8.311585834700000e+01,
    4.235829226800010e+01
  ],
  ""type"": ""Point""
}","{
  ""coordinates"": [
    -83.115858347,
    42.358292268
  ],
  ""type"": ""Point""
}",-83.115858347,42.3582922680001
9763,1107040,8MILE,HOOVER,2017-08-12,12,8,2017,12,7,97,3,,1,1,,1,1,1,40,2,2,1,4,0,0,0,1,false,,false,false,false,false,false,,,,,,true,false,false,,,false,false,false,false,false,-83.0069,42.44875,"{
  ""coordinates"": [
    -8.300689585299990e+01,
    4.244875243300000e+01
  ],
  ""type"": ""Point""
}","{
  ""coordinates"": [
    -83.006895853,
    42.448752433
  ],
  ""type"": ""Point""
}",-83.0068958529999,42.448752433
9764,1111566,DAVISON,PETOSKEY,2017-08-12,12,8,2017,5,7,97,3,,1,0,,1,1,5,35,2,2,1,5,0,0,0,0,true,,false,false,true,false,false,,,,,,false,false,false,,,false,false,false,false,false,-83.1353,42.38808,"{
  ""coordinates"": [
    -8.313529807399991e+01,
    4.238807606300000e+01
  ],
  ""type"": ""Point""
}","{
  ""coordinates"": [
    -83.135298074,
    42.388076063
  ],
  ""type"": ""Point""
}",-83.1352980739999,42.388076063
9765,1106949,I-75,MACK,2017-08-12,12,8,2017,18,7,1,1,,1,1,,1,1,1,55,4,1,1,4,0,0,0,1,false,,false,false,false,false,false,,,,,,false,false,false,,,false,false,false,false,false,-83.04879,42.35264,"{
  ""coordinates"": [
    -8.304879068900000e+01,
    4.235263931700010e+01
  ],
  ""type"": ""Point""
}","{
  ""coordinates"": [
    -83.048790689,
    42.352639317
  ],
  ""type"": ""Point""
}",-83.048790689,42.3526393170001
9766,1106113,GREENFIELD,FENKELL,2017-08-12,12,8,2017,18,7,5,9,,2,0,,1,1,1,30,5,2,2,5,0,0,0,0,true,,false,false,true,false,false,,,,,,false,false,true,,,false,false,false,false,false,-83.1987,42.40172,"{
  ""coordinates"": [
    -8.319870120300000e+01,
    4.240172204100000e+01
  ],
  ""type"": ""Point""
}","{
  ""coordinates"": [
    -83.198701203,
    42.401722041
  ],
  ""type"": ""Point""
}",-83.198701203,42.401722041
9767,1110321,TOLEDO,JUNCTION,2017-08-12,12,8,2017,3,7,8,9,,4,0,,1,1,4,25,2,2,0,5,0,0,0,0,true,,false,false,true,false,false,,,,,,false,false,false,,,false,false,false,false,false,-83.10404,42.32095,"{
  ""coordinates"": [
    -8.310403902199990e+01,
    4.232095200000000e+01
  ],
  ""type"": ""Point""
}","{
  ""coordinates"": [
    -83.104039022,
    42.320952
  ],
  ""type"": ""Point""
}",-83.1040390219999,42.320952
9768,1108648,LODGE SERVICE,WYOMING,2017-08-12,12,8,2017,16,7,8,3,,4,0,,1,1,1,15,3,2,3,5,0,0,0,0,true,,false,false,false,false,false,,,,,,false,true,false,,,false,false,false,false,false,-83.15983,42.40565,"{
  ""coordinates"": [
    -8.315983119000001e+01,
    4.240565303700000e+01
  ],
  ""type"": ""Point""
}","{
  ""coordinates"": [
    -83.15983119,
    42.405653037
  ],
  ""type"": ""Point""
}",-83.15983119,42.405653037
9769,1107014,JOY,MINOCK,2017-08-12,12,8,2017,22,7,5,9,,2,0,,1,1,4,35,4,2,7,5,0,0,0,0,true,,false,false,false,false,false,,,,,,false,false,true,,,false,false,false,false,false,-83.23257,42.35763,"{
  ""coordinates"": [
    -8.323257285800000e+01,
    4.235762660300000e+01
  ],
  ""type"": ""Point""
}","{
  ""coordinates"": [
    -83.232572858,
    42.357626603
  ],
  ""type"": ""Point""
}",-83.232572858,42.357626603
9770,1107048,BINDER,REMINGTON,2017-08-12,12,8,2017,12,7,10,9,,,0,,1,1,1,25,1,2,3,5,0,0,0,0,true,,false,false,false,false,false,,,,,,false,true,true,,,false,false,false,false,false,-83.06462,42.44133,"{
  ""coordinates"": [
    -8.306462255400000e+01,
    4.244133225000010e+01
  ],
  ""type"": ""Point""
}","{
  ""coordinates"": [
    -83.064622554,
    42.44133225
  ],
  ""type"": ""Point""
}",-83.064622554,42.4413322500001
9771,1107810,CONANT,OUTER,2017-08-12,12,8,2017,8,7,4,9,,4,0,,1,1,1,35,4,2,2,5,0,0,0,0,true,,false,false,false,false,false,,,,,,false,false,false,,,false,false,false,false,false,-83.0788,42.44007,"{
  ""coordinates"": [
    -8.307880779000000e+01,
    4.244007373000010e+01
  ],
  ""type"": ""Point""
}","{
  ""coordinates"": [
    -83.07880779,
    42.44007373
  ],
  ""type"": ""Point""
}",-83.07880779,42.4400737300001
9772,1107033,DAVISON,LAWTON,2017-08-12,12,8,2017,11,7,5,3,,1,0,,1,1,1,35,6,2,2,5,0,0,0,0,true,,false,false,false,false,false,,,,,,false,false,false,,,false,false,false,false,false,-83.12481,42.39199,"{
  ""coordinates"": [
    -8.312481103600000e+01,
    4.239198924400010e+01
  ],
  ""type"": ""Point""
}","{
  ""coordinates"": [
    -83.124811036,
    42.391989244
  ],
  ""type"": ""Point""
}",-83.124811036,42.3919892440001
9773,1108646,MCGRAW,WEIR,2017-08-12,12,8,2017,21,7,8,9,,4,0,,1,1,2,0,2,2,2,5,0,0,0,0,true,,false,false,false,false,false,,,,,,false,false,true,,,false,false,false,false,false,-83.15488,42.32998,"{
  ""coordinates"": [
    -8.315488229499989e+01,
    4.232998018100010e+01
  ],
  ""type"": ""Point""
}","{
  ""coordinates"": [
    -83.154882295,
    42.329980181
  ],
  ""type"": ""Point""
}",-83.1548822949999,42.3299801810001
9774,1114247,STONE,DEARBORN,2017-08-12,12,8,2017,18,7,1,9,,,1,,1,1,1,25,2,1,1,4,0,0,0,1,false,,false,false,false,false,false,,,,,,false,false,false,,,false,false,false,false,false,-83.13256,42.2934,"{
  ""coordinates"": [
    -8.313255803500000e+01,
    4.229339584500010e+01
  ],
  ""type"": ""Point""
}","{
  ""coordinates"": [
    -83.132558035,
    42.293395845
  ],
  ""type"": ""Point""
}",-83.132558035,42.2933958450001
9775,1107008,VERNOR,FAIRVIEW,2017-08-12,12,8,2017,18,7,4,9,,4,0,,1,1,1,25,4,2,3,5,0,0,0,0,true,,false,false,false,false,false,,,,,,false,false,true,,,false,false,false,false,false,-82.97691,42.3704,"{
  ""coordinates"": [
    -8.297691720700000e+01,
    4.237039800600010e+01
  ],
  ""type"": ""Point""
}","{
  ""coordinates"": [
    -82.976917207,
    42.370398006
  ],
  ""type"": ""Point""
}",-82.976917207,42.3703980060001
9776,1106992,N/B M-10,CHICAGO,2017-08-12,12,8,2017,17,7,5,3,,1,0,,1,1,1,55,3,3,5,4,0,0,0,2,false,,false,false,true,false,false,,,,,,false,true,false,,,false,false,false,false,false,-83.09206,42.38141,"{
  ""coordinates"": [
    -8.309206520700000e+01,
    4.238141076900010e+01
  ],
  ""type"": ""Point""
}","{
  ""coordinates"": [
    -83.092065207,
    42.381410769
  ],
  ""type"": ""Point""
}",-83.092065207,42.3814107690001
9777,1110391,NORTHLAWN,CURTIS,2017-08-12,12,8,2017,1,7,8,9,,,0,,1,1,4,25,2,2,1,5,0,0,0,0,true,,false,false,false,false,false,,,,,,false,false,false,,,false,false,false,false,false,-83.15402,42.42466,"{
  ""coordinates"": [
    -8.315402256399990e+01,
    4.242466392500010e+01
  ],
  ""type"": ""Point""
}","{
  ""coordinates"": [
    -83.154022564,
    42.424663925
  ],
  ""type"": ""Point""
}",-83.1540225639999,42.4246639250001
9778,1107031,LIBERAL,REDMOND,2017-08-12,12,8,2017,16,7,4,9,,,0,,1,1,1,25,2,2,6,5,0,0,0,0,true,,false,false,false,false,false,,,,,,false,false,false,,,false,false,false,false,false,-82.95595,42.44011,"{
  ""coordinates"": [
    -8.295594873899999e+01,
    4.244010796500000e+01
  ],
  ""type"": ""Point""
}","{
  ""coordinates"": [
    -82.955948739,
    42.440107965
  ],
  ""type"": ""Point""
}",-82.955948739,42.440107965
9779,1112509,WILLIS,CASS,2017-08-12,12,8,2017,18,7,98,9,,,0,,1,1,1,25,2,2,0,5,0,0,0,0,true,,false,false,true,false,false,,,,,,false,false,false,,,false,false,false,false,false,-83.06368,42.35046,"{
  ""coordinates"": [
    -8.306368583900000e+01,
    4.235045872900000e+01
  ],
  ""type"": ""Point""
}","{
  ""coordinates"": [
    -83.063685839,
    42.350458729
  ],
  ""type"": ""Point""
}",-83.063685839,42.350458729
9780,1106219,CURTIS,MEYERS,2017-08-12,12,8,2017,12,7,3,9,,4,0,,1,1,1,25,4,2,2,5,0,0,0,0,true,,false,false,false,false,false,,,,,,false,false,false,,,false,false,false,false,false,-83.17042,42.424,"{
  ""coordinates"": [
    -8.317041424600001e+01,
    4.242400026000010e+01
  ],
  ""type"": ""Point""
}","{
  ""coordinates"": [
    -83.170414246,
    42.42400026
  ],
  ""type"": ""Point""
}",-83.170414246,42.4240002600001
9781,1110384,FENKELL,ROSA PARK,2017-08-12,12,8,2017,11,7,4,9,,4,0,,1,1,1,30,2,2,2,4,0,0,0,1,false,,false,false,false,false,false,,,,,,false,true,false,,,false,false,true,false,false,-83.11867,42.40311,"{
  ""coordinates"": [
    -8.311867056200001e+01,
    4.240311561100000e+01
  ],
  ""type"": ""Point""
}","{
  ""coordinates"": [
    -83.118670562,
    42.403115611
  ],
  ""type"": ""Point""
}",-83.118670562,42.403115611
9782,1107814,CURTIS,MEYERS,2017-08-12,12,8,2017,12,7,4,9,,4,0,,1,1,1,30,2,2,2,5,0,0,0,0,true,,false,false,false,false,false,,,,,,false,false,false,,,false,false,false,false,false,-83.17049,42.424,"{
  ""coordinates"": [
    -8.317049253499989e+01,
    4.242399912500010e+01
  ],
  ""type"": ""Point""
}","{
  ""coordinates"": [
    -83.170492535,
    42.423999125
  ],
  ""type"": ""Point""
}",-83.1704925349999,42.4239991250001
9783,1106206,JOY,BROADSTREET,2017-08-12,12,8,2017,20,7,3,9,,4,0,,1,1,4,30,4,2,3,4,0,0,0,2,false,,false,false,false,false,false,,,,,,false,false,false,,,false,false,false,false,false,-83.12583,42.36707,"{
  ""coordinates"": [
    -8.312582827599989e+01,
    4.236706357200010e+01
  ],
  ""type"": ""Point""
}","{
  ""coordinates"": [
    -83.125828276,
    42.367063572
  ],
  ""type"": ""Point""
}",-83.1258282759999,42.3670635720001
9784,1106127,JEFFERSON,MT ELLIOTT,2017-08-12,12,8,2017,11,7,5,9,,4,0,,1,1,4,35,3,2,2,4,0,0,0,1,false,,false,false,false,false,false,,,,,,false,true,false,,,false,false,false,false,false,-83.01005,42.34367,"{
  ""coordinates"": [
    -8.301004699000001e+01,
    4.234366628000000e+01
  ],
  ""type"": ""Point""
}","{
  ""coordinates"": [
    -83.01004699,
    42.34366628
  ],
  ""type"": ""Point""
}",-83.01004699,42.34366628
9785,1109379,N I 75,RAMP 035H,2017-08-12,12,8,2017,1,7,8,1,,1,0,,1,1,4,25,5,2,4,5,0,0,0,0,true,,false,false,false,false,false,,,,,,false,false,true,,,false,false,false,false,false,-83.08205,42.31972,"{
  ""coordinates"": [
    -8.308204300999989e+01,
    4.231972252100010e+01
  ],
  ""type"": ""Point""
}","{
  ""coordinates"": [
    -83.08204301,
    42.319722521
  ],
  ""type"": ""Point""
}",-83.0820430099999,42.3197225210001
9786,1109377,SEMINOLE,SYLVESTER,2017-08-12,12,8,2017,3,7,8,9,,,0,,1,1,5,25,2,2,3,5,0,0,0,0,true,,false,false,false,false,false,,,,,,false,false,false,,,false,false,false,false,false,-83.00516,42.37091,"{
  ""coordinates"": [
    -8.300516121800000e+01,
    4.237090954300000e+01
  ],
  ""type"": ""Point""
}","{
  ""coordinates"": [
    -83.005161218,
    42.370909543
  ],
  ""type"": ""Point""
}",-83.005161218,42.370909543
9787,1108641,BEACONSFIELD,WADE,2017-08-12,12,8,2017,22,7,10,9,,,3,,1,1,4,25,2,2,1,5,0,0,0,0,true,,false,false,true,false,false,,,,,,false,false,false,,,false,false,false,false,false,-82.95574,42.40877,"{
  ""coordinates"": [
    -8.295573878099999e+01,
    4.240877204700010e+01
  ],
  ""type"": ""Point""
}","{
  ""coordinates"": [
    -82.955738781,
    42.408772047
  ],
  ""type"": ""Point""
}",-82.955738781,42.4087720470001
9788,1107805,DAVISON,LA SALLE,2017-08-12,12,8,2017,15,7,5,3,,1,0,,1,1,1,35,6,2,4,5,0,0,0,0,true,,false,false,false,false,false,,,,,,false,false,false,,,false,false,false,false,false,-83.11906,42.39413,"{
  ""coordinates"": [
    -8.311905996699990e+01,
    4.239412599400000e+01
  ],
  ""type"": ""Point""
}","{
  ""coordinates"": [
    -83.119059967,
    42.394125994
  ],
  ""type"": ""Point""
}",-83.1190599669999,42.394125994
9789,1106126,TEMPLE,4TH,2017-08-12,12,8,2017,13,7,8,9,,4,0,,2,1,1,25,2,2,1,5,0,0,0,0,true,,false,false,false,false,false,,,,,,false,true,false,,,false,false,false,false,false,-83.06385,42.34007,"{
  ""coordinates"": [
    -8.306385197500001e+01,
    4.234006328500000e+01
  ],
  ""type"": ""Point""
}","{
  ""coordinates"": [
    -83.063851975,
    42.340063285
  ],
  ""type"": ""Point""
}",-83.063851975,42.340063285
9790,1106190,PARKER,JEFFERSON,2017-08-12,12,8,2017,9,7,98,9,,,0,,1,2,1,25,2,2,1,5,0,0,0,0,true,,false,false,true,false,false,,,,,,false,false,false,,,false,false,false,false,false,-82.99403,42.35197,"{
  ""coordinates"": [
    -8.299402948499990e+01,
    4.235197193200000e+01
  ],
  ""type"": ""Point""
}","{
  ""coordinates"": [
    -82.994029485,
    42.351971932
  ],
  ""type"": ""Point""
}",-82.9940294849999,42.351971932
9791,1106970,I-94,BRUSH,2017-08-12,12,8,2017,14,7,5,1,,1,0,,1,1,1,55,3,2,2,4,0,0,0,1,false,,false,false,false,false,false,,,,,,false,false,true,,,false,false,false,false,false,-83.06461,42.36558,"{
  ""coordinates"": [
    -8.306461254100000e+01,
    4.236557919700000e+01
  ],
  ""type"": ""Point""
}","{
  ""coordinates"": [
    -83.064612541,
    42.365579197
  ],
  ""type"": ""Point""
}",-83.064612541,42.365579197
9792,1107809,RYAN,OUTER,2017-08-12,12,8,2017,12,7,4,9,,4,0,,1,1,1,35,4,2,3,5,0,0,0,0,true,,false,false,false,false,false,,,,,,false,false,false,,,false,false,false,false,false,-83.06356,42.44054,"{
  ""coordinates"": [
    -8.306356089900000e+01,
    4.244053761100000e+01
  ],
  ""type"": ""Point""
}","{
  ""coordinates"": [
    -83.063560899,
    42.440537611
  ],
  ""type"": ""Point""
}",-83.063560899,42.440537611
9793,1112443,TIREMAN,MANSFIELD,2017-08-12,12,8,2017,13,7,5,9,,4,0,,1,1,1,35,2,2,1,5,0,0,0,0,true,,false,false,false,false,false,,,,,,false,true,false,,,false,false,false,false,false,-83.20273,42.35081,"{
  ""coordinates"": [
    -8.320272503699989e+01,
    4.235080608900010e+01
  ],
  ""type"": ""Point""
}","{
  ""coordinates"": [
    -83.202725037,
    42.350806089
  ],
  ""type"": ""Point""
}",-83.2027250369999,42.3508060890001
9794,1106928,N/B I-75,VERNOR,2017-08-12,12,8,2017,1,7,1,1,,1,1,,1,1,4,55,3,1,1,5,0,0,0,0,true,,false,false,false,false,false,,,,,,false,false,false,,,false,false,false,false,false,-83.08446,42.32644,"{
  ""coordinates"": [
    -8.308445979299999e+01,
    4.232644417600010e+01
  ],
  ""type"": ""Point""
}","{
  ""coordinates"": [
    -83.084459793,
    42.326444176
  ],
  ""type"": ""Point""
}",-83.084459793,42.3264441760001
9795,1107776,HURLBUT,CHARLEVOIX,2017-08-12,12,8,2017,7,7,6,9,,,0,,1,1,1,25,2,2,1,5,0,0,0,0,true,,false,false,true,false,false,,,,,,false,false,false,,,false,false,false,false,false,-82.98596,42.36883,"{
  ""coordinates"": [
    -8.298596452699999e+01,
    4.236882693400000e+01
  ],
  ""type"": ""Point""
}","{
  ""coordinates"": [
    -82.985964527,
    42.368826934
  ],
  ""type"": ""Point""
}",-82.985964527,42.368826934
9796,1107034,GREENFIELD,SAINT MARTINS,2017-08-12,12,8,2017,17,7,5,9,,2,0,,1,2,1,30,2,2,2,5,0,0,0,0,true,,false,false,false,false,false,,,,,,false,true,false,,,false,false,false,false,false,-83.2001,42.43578,"{
  ""coordinates"": [
    -8.320009663600000e+01,
    4.243577539300000e+01
  ],
  ""type"": ""Point""
}","{
  ""coordinates"": [
    -83.200096636,
    42.435775393
  ],
  ""type"": ""Point""
}",-83.200096636,42.435775393
9797,1110382,WYOMING,PILGRIM,2017-08-12,12,8,2017,15,7,4,9,,4,0,,1,1,1,30,2,2,2,5,0,0,0,0,true,,false,false,false,false,false,,,,,,false,true,true,,,false,false,false,false,false,-83.15992,42.4079,"{
  ""coordinates"": [
    -8.315991689799991e+01,
    4.240790245000010e+01
  ],
  ""type"": ""Point""
}","{
  ""coordinates"": [
    -83.159916898,
    42.40790245
  ],
  ""type"": ""Point""
}",-83.1599168979999,42.4079024500001
9798,1107000,LANSING,TOLEDO,2017-08-12,12,8,2017,10,7,5,9,,,0,,1,1,1,25,2,2,3,5,0,0,0,0,true,,false,false,false,false,false,,,,,,false,false,true,,,false,false,false,false,false,-83.10048,42.32225,"{
  ""coordinates"": [
    -8.310047861200000e+01,
    4.232224925500000e+01
  ],
  ""type"": ""Point""
}","{
  ""coordinates"": [
    -83.100478612,
    42.322249255
  ],
  ""type"": ""Point""
}",-83.100478612,42.322249255
9799,1106189,LARNED,RIVARD,2017-08-12,12,8,2017,11,7,4,9,,4,0,,1,1,1,35,2,2,2,5,0,0,0,0,true,,false,false,false,false,false,,,,,,false,false,true,,,false,false,false,false,false,-83.0347,42.33416,"{
  ""coordinates"": [
    -8.303470036000000e+01,
    4.233416337300010e+01
  ],
  ""type"": ""Point""
}","{
  ""coordinates"": [
    -83.03470036,
    42.334163373
  ],
  ""type"": ""Point""
}",-83.03470036,42.3341633730001
9800,1106969,M-10,WYOMING,2017-08-12,12,8,2017,12,7,5,3,,1,0,,1,1,1,55,3,3,2,4,0,0,0,1,false,,false,false,true,false,false,,,,,,false,false,true,,,false,false,false,false,false,-83.15997,42.40539,"{
  ""coordinates"": [
    -8.315997589800000e+01,
    4.240538978400010e+01
  ],
  ""type"": ""Point""
}","{
  ""coordinates"": [
    -83.159975898,
    42.405389784
  ],
  ""type"": ""Point""
}",-83.159975898,42.4053897840001
9801,1106968,M-8,OAKMAN,2017-08-12,12,8,2017,8,7,8,3,,1,0,,1,2,1,55,3,2,1,5,0,0,0,0,true,,false,false,true,false,false,,,,,,false,false,true,,,false,false,false,false,false,-83.14458,42.38628,"{
  ""coordinates"": [
    -8.314457482599990e+01,
    4.238627879100010e+01
  ],
  ""type"": ""Point""
}","{
  ""coordinates"": [
    -83.144574826,
    42.386278791
  ],
  ""type"": ""Point""
}",-83.1445748259999,42.3862787910001
9802,1117970,I-75,8 MILE,2017-08-12,12,8,2017,22,7,8,1,,1,0,,1,2,4,70,4,2,2,5,0,0,0,0,true,,false,false,true,false,false,,,,,,false,false,false,,,false,false,false,false,false,-83.09467,42.4464,"{
  ""coordinates"": [
    -8.309466915099991e+01,
    4.244639807200010e+01
  ],
  ""type"": ""Point""
}","{
  ""coordinates"": [
    -83.094669151,
    42.446398072
  ],
  ""type"": ""Point""
}",-83.0946691509999,42.4463980720001
9803,1106993,RAMP 046A,N I 75,2017-08-12,12,8,2017,17,7,5,1,,1,0,,1,1,1,55,2,2,2,5,0,0,0,0,true,,false,false,true,false,true,,,,,,false,false,true,,,false,false,false,false,false,-83.06645,42.38422,"{
  ""coordinates"": [
    -8.306645441200000e+01,
    4.238422520800000e+01
  ],
  ""type"": ""Point""
}","{
  ""coordinates"": [
    -83.066454412,
    42.384225208
  ],
  ""type"": ""Point""
}",-83.066454412,42.384225208
9804,1109398,JEFFERIES,EDSEL FORD,2017-08-12,12,8,2017,4,7,8,1,,4,0,,1,1,4,55,1,2,3,3,0,0,1,0,false,,false,false,false,false,false,,,,,,false,false,true,,,false,false,false,false,false,-83.09679,42.35046,"{
  ""coordinates"": [
    -8.309678371400000e+01,
    4.235046508300010e+01
  ],
  ""type"": ""Point""
}","{
  ""coordinates"": [
    -83.096783714,
    42.350465083
  ],
  ""type"": ""Point""
}",-83.096783714,42.3504650830001
9805,1107039,BRINKER,GRIXDALE,2017-08-12,12,8,2017,23,7,8,9,,,0,,1,1,4,0,1,2,0,5,0,0,0,0,true,,false,false,false,false,false,,,,,,false,false,false,,,false,false,false,false,false,-83.07375,42.42693,"{
  ""coordinates"": [
    -8.307374701500000e+01,
    4.242692876400000e+01
  ],
  ""type"": ""Point""
}","{
  ""coordinates"": [
    -83.073747015,
    42.426928764
  ],
  ""type"": ""Point""
}",-83.073747015,42.426928764
9806,1107817,NORFLOK,STANSBURY,2017-08-12,12,8,2017,12,7,1,9,,,0,,1,1,4,25,2,2,1,2,0,1,0,0,false,,false,false,true,false,false,,,,,,true,false,false,,,false,false,false,false,false,-83.18456,42.44279,"{
  ""coordinates"": [
    -8.318455512100000e+01,
    4.244278993600010e+01
  ],
  ""type"": ""Point""
}","{
  ""coordinates"": [
    -83.184555121,
    42.442789936
  ],
  ""type"": ""Point""
}",-83.184555121,42.4427899360001
9807,1109372,JEFFERSON,HOLCOMB,2017-08-12,12,8,2017,19,7,4,9,,4,0,,2,4,1,30,7,2,2,4,0,0,0,1,false,,false,false,false,false,false,,,,,,false,false,true,,,false,false,false,false,false,-82.98626,42.35751,"{
  ""coordinates"": [
    -8.298626290700000e+01,
    4.235751156800010e+01
  ],
  ""type"": ""Point""
}","{
  ""coordinates"": [
    -82.986262907,
    42.357511568
  ],
  ""type"": ""Point""
}",-82.986262907,42.3575115680001
9808,1107028,NOTTINGHAM,GRAYTON,2017-08-12,12,8,2017,23,7,1,9,,,0,,1,1,4,25,2,2,0,3,0,0,1,0,false,,false,false,true,false,false,,,,,,true,false,false,,,false,false,false,false,false,-82.94794,42.41963,"{
  ""coordinates"": [
    -8.294793858500000e+01,
    4.241963242800010e+01
  ],
  ""type"": ""Point""
}","{
  ""coordinates"": [
    -82.947938585,
    42.419632428
  ],
  ""type"": ""Point""
}",-82.947938585,42.4196324280001
9809,1112444,GRAND RIVER,N M 39,2017-08-12,12,8,2017,17,7,4,3,,1,0,,1,1,1,35,2,2,4,5,0,0,0,0,true,,false,false,false,false,false,,,,,,false,true,false,,,false,false,false,false,false,-83.2182,42.40067,"{
  ""coordinates"": [
    -8.321819926200000e+01,
    4.240067191700010e+01
  ],
  ""type"": ""Point""
}","{
  ""coordinates"": [
    -83.218199262,
    42.400671917
  ],
  ""type"": ""Point""
}",-83.218199262,42.4006719170001
9810,1108622,SCHOOLCRAFT,WESTWOOD,2017-08-12,12,8,2017,21,7,97,9,,2,0,,98,98,98,35,2,3,1,5,0,0,0,0,true,,false,false,true,false,false,,,,,,false,false,false,,,false,false,false,false,false,-83.232,42.38637,"{
  ""coordinates"": [
    -8.323200317100000e+01,
    4.238636787300000e+01
  ],
  ""type"": ""Point""
}","{
  ""coordinates"": [
    -83.232003171,
    42.386367873
  ],
  ""type"": ""Point""
}",-83.232003171,42.386367873