ObjectId,Crash ID,Primary Road,Intersecting Road,Crash Date,Day,Month,Year,Hour,Weekday,Crash Type Code,Highway Classification Code,Community Code,Jurisdiction Code,Lane Departure Type Code,Surface Type,Road Condition,Weather Condition,Lighting Condition,Speed Limit,Lanes,Units,Occupants,Most Severe Injury,Fatal Injuries,Suspected Serious Injuries,Suspected Minor Injuries,Possible Injuries,Property Damage Only,Secondary Crash,Traffic Control,Red Light Run,Hit and Run,Alcohol,Drugs,Unbelted Person,Work Zone,Speeding Driver,Distracted Driver,Driveway,Pedestrian,Elderly Driver,Young Driver,Commercial Vehicle,Emergency Vehicles,Train,School Bus,Motorcycle,Bicycle,Deer,Longitude,Latitude,geom,geog,x,y
9868,1124319,WARREN,MEMORIAL,2017-08-11,11,8,2017,15,6,8,9,,2,0,,1,1,1,35,6,3,4,2,0,1,0,2,false,,false,false,true,false,false,,,,,,false,true,false,,,false,false,false,false,false,-83.21069,42.34346,"{
  ""coordinates"": [
    -8.321068433999990e+01,
    4.234346486400010e+01
  ],
  ""type"": ""Point""
}","{
  ""coordinates"": [
    -83.21068434,
    42.343464864
  ],
  ""type"": ""Point""
}",-83.2106843399999,42.3434648640001
9869,1112442,GREENFIELD,WARREN,2017-08-11,11,8,2017,11,6,4,9,,2,0,,2,4,1,35,4,2,3,4,0,0,0,1,false,,true,true,false,false,false,,,,,,false,false,false,,,false,false,false,false,false,-83.19628,42.34366,"{
  ""coordinates"": [
    -8.319628336400000e+01,
    4.234365719600000e+01
  ],
  ""type"": ""Point""
}","{
  ""coordinates"": [
    -83.196283364,
    42.343657196
  ],
  ""type"": ""Point""
}",-83.196283364,42.343657196
9870,1109338,PACIFIC,E I 96,2017-08-11,11,8,2017,15,6,1,9,,,0,,2,1,1,70,4,1,1,5,0,0,0,0,true,,false,false,false,false,false,,,,,,false,false,false,,,false,false,false,false,false,-83.11631,42.35839,"{
  ""coordinates"": [
    -8.311631221000000e+01,
    4.235839264600000e+01
  ],
  ""type"": ""Point""
}","{
  ""coordinates"": [
    -83.11631221,
    42.358392646
  ],
  ""type"": ""Point""
}",-83.11631221,42.358392646
9871,1106200,CADIEUX,DUPREY,2017-08-11,11,8,2017,12,6,5,9,,4,0,,1,1,1,30,2,2,0,5,0,0,0,0,true,,false,false,true,false,false,,,,,,false,false,false,,,false,false,false,false,false,-82.93838,42.4191,"{
  ""coordinates"": [
    -8.293838063000000e+01,
    4.241909632200000e+01
  ],
  ""type"": ""Point""
}","{
  ""coordinates"": [
    -82.93838063,
    42.419096322
  ],
  ""type"": ""Point""
}",-82.93838063,42.419096322
9872,1106205,NORTHLAWN,INTERVALE,2017-08-11,11,8,2017,11,6,4,9,,,0,,1,1,1,25,2,2,2,5,0,0,0,0,true,,true,false,false,false,false,,,,,,false,false,true,,,false,false,false,false,false,-83.15314,42.3918,"{
  ""coordinates"": [
    -8.315314665200000e+01,
    4.239179517100010e+01
  ],
  ""type"": ""Point""
}","{
  ""coordinates"": [
    -83.153146652,
    42.391795171
  ],
  ""type"": ""Point""
}",-83.153146652,42.3917951710001
9873,1106142,7 MILE,RUTHERFORD,2017-08-11,11,8,2017,17,6,97,9,,2,0,,1,1,1,35,2,3,2,5,0,0,0,0,true,,false,false,false,false,false,,,,,,false,false,false,,,false,false,false,false,false,-83.20535,42.43034,"{
  ""coordinates"": [
    -8.320534713599990e+01,
    4.243034367100010e+01
  ],
  ""type"": ""Point""
}","{
  ""coordinates"": [
    -83.205347136,
    42.430343671
  ],
  ""type"": ""Point""
}",-83.2053471359999,42.4303436710001
9874,1106922,I-94,ROSA PARKS,2017-08-11,11,8,2017,16,6,5,1,,1,0,,1,1,1,55,3,2,2,5,0,0,0,0,true,,false,false,false,false,false,,,,,,false,false,false,,,false,false,false,false,false,-83.0869,42.35395,"{
  ""coordinates"": [
    -8.308690260000000e+01,
    4.235395550700010e+01
  ],
  ""type"": ""Point""
}","{
  ""coordinates"": [
    -83.0869026,
    42.353955507
  ],
  ""type"": ""Point""
}",-83.0869026,42.3539555070001
9875,1106980,I 75,MEADE,2017-08-11,11,8,2017,6,6,5,1,,1,0,,2,4,2,70,4,2,2,5,0,0,0,0,true,,false,false,false,false,false,,,,,,false,false,false,,,false,false,false,false,false,-83.07577,42.40617,"{
  ""coordinates"": [
    -8.307576607199999e+01,
    4.240616640000010e+01
  ],
  ""type"": ""Point""
}","{
  ""coordinates"": [
    -83.075766072,
    42.4061664
  ],
  ""type"": ""Point""
}",-83.075766072,42.4061664000001
9876,1106149,MACK,RUSSELL,2017-08-11,11,8,2017,13,6,3,9,,4,0,,1,2,1,30,4,2,2,4,0,0,0,2,false,,false,false,false,false,false,,,,,,false,false,false,,,false,false,false,false,false,-83.04476,42.35273,"{
  ""coordinates"": [
    -8.304475813900000e+01,
    4.235273427300010e+01
  ],
  ""type"": ""Point""
}","{
  ""coordinates"": [
    -83.044758139,
    42.352734273
  ],
  ""type"": ""Point""
}",-83.044758139,42.3527342730001
9877,1106987,W/B I-96,TELEGRAPH,2017-08-11,11,8,2017,15,6,5,1,,1,0,,1,1,1,70,4,2,2,5,0,0,0,0,true,,false,false,false,false,false,,,,,,false,false,true,,,false,false,false,false,false,-83.27311,42.38553,"{
  ""coordinates"": [
    -8.327310776600000e+01,
    4.238552672300010e+01
  ],
  ""type"": ""Point""
}","{
  ""coordinates"": [
    -83.273107766,
    42.385526723
  ],
  ""type"": ""Point""
}",-83.273107766,42.3855267230001
9878,1111492,SOUTHFIELD SERVICE DRIVE,SCHOOLCRAFT,2017-08-11,11,8,2017,14,6,97,9,,4,0,,1,1,1,55,3,2,2,5,0,0,0,0,true,,false,false,false,false,false,,,,,,false,false,false,,,false,false,false,false,false,-83.21722,42.38669,"{
  ""coordinates"": [
    -8.321721278500000e+01,
    4.238669322200010e+01
  ],
  ""type"": ""Point""
}","{
  ""coordinates"": [
    -83.217212785,
    42.386693222
  ],
  ""type"": ""Point""
}",-83.217212785,42.3866932220001
9879,1111505,MEMORIAL,MAJESTIC,2017-08-11,11,8,2017,11,6,8,9,,,0,,1,1,1,25,2,2,1,4,0,0,0,1,false,,false,false,true,false,false,,,,,,false,false,false,,,false,false,false,false,false,-83.2105,42.34572,"{
  ""coordinates"": [
    -8.321050312100000e+01,
    4.234572190000010e+01
  ],
  ""type"": ""Point""
}","{
  ""coordinates"": [
    -83.210503121,
    42.3457219
  ],
  ""type"": ""Point""
}",-83.210503121,42.3457219000001
9880,1112506,CALUMET,ROSA,2017-08-11,11,8,2017,7,6,5,9,,,0,,2,2,1,25,1,3,1,5,0,0,0,0,true,,false,false,false,false,false,,,,,,false,false,false,,,false,false,false,false,false,-83.0802,42.34601,"{
  ""coordinates"": [
    -8.308020238099991e+01,
    4.234600808500010e+01
  ],
  ""type"": ""Point""
}","{
  ""coordinates"": [
    -83.080202381,
    42.346008085
  ],
  ""type"": ""Point""
}",-83.0802023809999,42.3460080850001
9881,1104981,W I 94 SERVICE DRIVE,CHALMERS,2017-08-11,11,8,2017,4,6,4,1,,7,0,,1,1,4,35,1,2,1,5,0,0,0,0,true,,true,true,true,false,false,,,,,,false,false,true,,,false,false,false,false,false,-82.96442,42.40409,"{
  ""coordinates"": [
    -8.296441469000000e+01,
    4.240409241000000e+01
  ],
  ""type"": ""Point""
}","{
  ""coordinates"": [
    -82.96441469,
    42.40409241
  ],
  ""type"": ""Point""
}",-82.96441469,42.40409241
9882,1106118,MICHIGAN,GRISWOLD,2017-08-11,11,8,2017,13,6,97,9,,4,3,,1,1,1,30,4,2,0,5,0,0,0,0,true,,false,false,false,false,false,,,,,,false,false,false,,,false,false,false,false,false,-83.04899,42.33167,"{
  ""coordinates"": [
    -8.304899146000000e+01,
    4.233167052700000e+01
  ],
  ""type"": ""Point""
}","{
  ""coordinates"": [
    -83.04899146,
    42.331670527
  ],
  ""type"": ""Point""
}",-83.04899146,42.331670527
9883,1104956,EDSEL FORD,VANDYKE,2017-08-11,11,8,2017,0,6,4,1,,4,0,,1,1,4,35,2,2,2,3,0,0,1,1,false,,true,true,false,false,false,,,,,,false,false,false,,,false,false,false,false,false,-83.02074,42.38647,"{
  ""coordinates"": [
    -8.302074234900000e+01,
    4.238647191500010e+01
  ],
  ""type"": ""Point""
}","{
  ""coordinates"": [
    -83.020742349,
    42.386471915
  ],
  ""type"": ""Point""
}",-83.020742349,42.3864719150001
9884,1106108,WOODWARD,MONROE,2017-08-11,11,8,2017,16,6,8,9,,4,0,,1,1,1,20,4,2,1,5,0,0,0,0,true,,false,false,true,false,false,,,,,,false,false,false,,,false,false,false,false,false,-83.04624,42.33204,"{
  ""coordinates"": [
    -8.304624245799990e+01,
    4.233203408800010e+01
  ],
  ""type"": ""Point""
}","{
  ""coordinates"": [
    -83.046242458,
    42.332034088
  ],
  ""type"": ""Point""
}",-83.0462424579999,42.3320340880001
9885,1106187,DEQUINDRE,MCNICHOLS,2017-08-11,11,8,2017,4,6,1,9,,4,1,,2,4,4,25,2,1,1,5,0,0,0,0,true,,false,false,false,false,false,,,,,,false,false,false,,,false,false,false,false,false,-83.08224,42.41821,"{
  ""coordinates"": [
    -8.308223513500000e+01,
    4.241820746700010e+01
  ],
  ""type"": ""Point""
}","{
  ""coordinates"": [
    -83.082235135,
    42.418207467
  ],
  ""type"": ""Point""
}",-83.082235135,42.4182074670001
9886,1112507,BRAINARD,THIRD,2017-08-11,11,8,2017,16,6,8,9,,,0,,1,1,1,25,2,2,3,5,0,0,0,0,true,,false,false,false,true,false,,,,,,false,false,true,,,false,false,false,false,false,-83.06455,42.34589,"{
  ""coordinates"": [
    -8.306455163000000e+01,
    4.234588715500010e+01
  ],
  ""type"": ""Point""
}","{
  ""coordinates"": [
    -83.06455163,
    42.345887155
  ],
  ""type"": ""Point""
}",-83.06455163,42.3458871550001
9887,1106191,GRANDRIVER,WOODMONT,2017-08-11,11,8,2017,18,6,8,3,,1,0,,1,1,1,35,5,2,2,3,0,0,2,0,false,,false,false,false,false,false,,,,,,false,true,true,,,false,false,false,false,false,-83.20881,42.39688,"{
  ""coordinates"": [
    -8.320880730800000e+01,
    4.239688021800000e+01
  ],
  ""type"": ""Point""
}","{
  ""coordinates"": [
    -83.208807308,
    42.396880218
  ],
  ""type"": ""Point""
}",-83.208807308,42.396880218
9888,1104973,LIVERNOIS,N I 75 SERVICE DRIVE,2017-08-10,10,8,2017,4,5,4,9,,4,0,,1,1,4,30,2,2,1,4,0,0,0,1,false,,false,false,true,false,false,,,,,,false,false,false,,,false,false,false,false,false,-83.10381,42.30711,"{
  ""coordinates"": [
    -8.310381375799990e+01,
    4.230711478100010e+01
  ],
  ""type"": ""Point""
}","{
  ""coordinates"": [
    -83.103813758,
    42.307114781
  ],
  ""type"": ""Point""
}",-83.1038137579999,42.3071147810001
9889,1106215,LIVERNOIS,PEMBROKE,2017-08-10,10,8,2017,3,5,1,9,,4,0,,98,98,98,30,2,2,0,2,0,1,0,0,false,,false,false,true,false,false,,,,,,true,false,false,,,false,false,false,false,false,-83.14164,42.4389,"{
  ""coordinates"": [
    -8.314163696500000e+01,
    4.243890192600000e+01
  ],
  ""type"": ""Point""
}","{
  ""coordinates"": [
    -83.141636965,
    42.438901926
  ],
  ""type"": ""Point""
}",-83.141636965,42.438901926
9890,1104958,JEFFERSON,BEAUBIEN,2017-08-10,10,8,2017,23,5,8,4,,1,0,,1,1,4,35,4,2,4,5,0,0,0,0,true,,false,false,false,false,false,,,,,,false,false,true,,,false,false,false,false,false,-83.0396,42.33062,"{
  ""coordinates"": [
    -8.303960063800000e+01,
    4.233061746600000e+01
  ],
  ""type"": ""Point""
}","{
  ""coordinates"": [
    -83.039600638,
    42.330617466
  ],
  ""type"": ""Point""
}",-83.039600638,42.330617466
9891,1110288,I-94,BRUSH,2017-08-10,10,8,2017,11,5,5,1,,1,0,,1,1,1,55,3,2,2,5,0,0,0,0,true,,false,false,false,false,false,,,,,,false,false,false,,,false,false,false,false,false,-83.06388,42.36603,"{
  ""coordinates"": [
    -8.306387952999999e+01,
    4.236602843500000e+01
  ],
  ""type"": ""Point""
}","{
  ""coordinates"": [
    -83.06387953,
    42.366028435
  ],
  ""type"": ""Point""
}",-83.06387953,42.366028435
9892,1104143,OLIVER,MT ELLIOTT,2017-08-10,10,8,2017,2,5,8,9,,,0,,1,2,4,25,1,4,0,5,0,0,0,0,true,,false,false,true,false,false,,,,,,false,false,false,,,false,false,false,false,false,-83.03789,42.39214,"{
  ""coordinates"": [
    -8.303789105300000e+01,
    4.239214082800000e+01
  ],
  ""type"": ""Point""
}","{
  ""coordinates"": [
    -83.037891053,
    42.392140828
  ],
  ""type"": ""Point""
}",-83.037891053,42.392140828
9893,1106216,JOHN R,LONGWOOD,2017-08-10,10,8,2017,13,5,8,9,,4,0,,1,1,1,30,2,2,3,5,0,0,0,0,true,,false,false,true,false,false,,,,,,false,false,false,,,false,false,false,false,false,-83.10195,42.42183,"{
  ""coordinates"": [
    -8.310195441799991e+01,
    4.242183152900000e+01
  ],
  ""type"": ""Point""
}","{
  ""coordinates"": [
    -83.101954418,
    42.421831529
  ],
  ""type"": ""Point""
}",-83.1019544179999,42.421831529
9894,1110286,I-94,CADIEUX,2017-08-10,10,8,2017,8,5,5,1,,1,0,,1,1,2,55,3,2,2,5,0,0,0,0,true,,false,false,false,false,false,,,,,,false,false,true,,,false,false,false,false,false,-82.93864,42.41645,"{
  ""coordinates"": [
    -8.293863822700000e+01,
    4.241645576000010e+01
  ],
  ""type"": ""Point""
}","{
  ""coordinates"": [
    -82.938638227,
    42.41645576
  ],
  ""type"": ""Point""
}",-82.938638227,42.4164557600001
9895,1107755,I-75,WATERMAN,2017-08-10,10,8,2017,23,5,1,1,,1,0,,1,1,4,55,4,1,1,5,0,0,0,0,true,,false,false,false,false,false,,,,,,false,false,true,,,false,false,false,false,false,-83.10867,42.30554,"{
  ""coordinates"": [
    -8.310867680599991e+01,
    4.230554354400000e+01
  ],
  ""type"": ""Point""
}","{
  ""coordinates"": [
    -83.108676806,
    42.305543544
  ],
  ""type"": ""Point""
}",-83.1086768059999,42.305543544
9896,1110293,RAMP 047A,RAMP 047E,2017-08-10,10,8,2017,10,5,1,1,,1,1,,1,1,1,55,1,1,2,4,0,0,0,2,false,,false,false,false,false,false,,,,,,false,false,true,,,false,false,false,false,false,-83.07684,42.40739,"{
  ""coordinates"": [
    -8.307684060100000e+01,
    4.240739011800010e+01
  ],
  ""type"": ""Point""
}","{
  ""coordinates"": [
    -83.076840601,
    42.407390118
  ],
  ""type"": ""Point""
}",-83.076840601,42.4073901180001
9897,1104964,JOHN R,WINDER,2017-08-10,10,8,2017,17,5,98,9,,4,0,,1,1,1,35,2,2,0,5,0,0,0,0,true,,false,false,true,false,false,,,,,,false,false,false,,,false,false,false,false,false,-83.05094,42.3417,"{
  ""coordinates"": [
    -8.305093885600000e+01,
    4.234169826300010e+01
  ],
  ""type"": ""Point""
}","{
  ""coordinates"": [
    -83.050938856,
    42.341698263
  ],
  ""type"": ""Point""
}",-83.050938856,42.3416982630001
9898,1106212,WYOMING,PEMBROKE,2017-08-10,10,8,2017,13,5,8,9,,4,0,,1,1,1,30,5,2,2,5,0,0,0,0,true,,false,false,true,false,false,,,,,,false,false,false,,,false,false,false,false,false,-83.16122,42.43893,"{
  ""coordinates"": [
    -8.316122580200000e+01,
    4.243893291500010e+01
  ],
  ""type"": ""Point""
}","{
  ""coordinates"": [
    -83.161225802,
    42.438932915
  ],
  ""type"": ""Point""
}",-83.161225802,42.4389329150001
9899,1110291,I-94,THIRD,2017-08-10,10,8,2017,16,5,8,1,,1,0,,1,1,1,55,3,2,2,5,0,0,0,0,true,,false,false,false,false,false,,,,,,false,true,false,,,false,false,false,false,false,-83.07432,42.36072,"{
  ""coordinates"": [
    -8.307431870900000e+01,
    4.236071984100000e+01
  ],
  ""type"": ""Point""
}","{
  ""coordinates"": [
    -83.074318709,
    42.360719841
  ],
  ""type"": ""Point""
}",-83.074318709,42.360719841
9900,1106116,SCHAEFER,SCHOOLCRAFT,2017-08-10,10,8,2017,17,5,5,9,,4,0,,1,1,1,30,4,4,4,4,0,0,0,2,false,,false,false,true,false,false,,,,,,false,true,false,,,false,false,false,false,false,-83.1785,42.38746,"{
  ""coordinates"": [
    -8.317850757100000e+01,
    4.238745902800010e+01
  ],
  ""type"": ""Point""
}","{
  ""coordinates"": [
    -83.178507571,
    42.387459028
  ],
  ""type"": ""Point""
}",-83.178507571,42.3874590280001
9901,1107789,WARREN,WOODMONT,2017-08-10,10,8,2017,14,5,8,9,,2,0,,1,1,1,35,4,2,4,5,0,0,0,0,true,,false,false,false,false,false,,,,,,false,false,false,,,false,false,false,false,false,-83.20718,42.34352,"{
  ""coordinates"": [
    -8.320717784599999e+01,
    4.234352205100000e+01
  ],
  ""type"": ""Point""
}","{
  ""coordinates"": [
    -83.207177846,
    42.343522051
  ],
  ""type"": ""Point""
}",-83.207177846,42.343522051
9902,1110294,M-39,MCNICHOLS,2017-08-10,10,8,2017,16,5,5,3,,1,0,,1,1,1,55,3,3,4,4,0,0,0,1,false,,false,false,false,false,false,,,,,,false,false,true,,,false,false,false,false,false,-83.21873,42.41702,"{
  ""coordinates"": [
    -8.321873607700000e+01,
    4.241701736500000e+01
  ],
  ""type"": ""Point""
}","{
  ""coordinates"": [
    -83.218736077,
    42.417017365
  ],
  ""type"": ""Point""
}",-83.218736077,42.417017365
9903,1106217,MEYERS,CHIPPEWA,2017-08-10,10,8,2017,14,5,3,9,,4,0,,1,1,1,30,2,2,2,4,0,0,0,2,false,,false,false,false,false,false,,,,,,false,false,true,,,false,false,false,false,false,-83.17108,42.44072,"{
  ""coordinates"": [
    -8.317107854100000e+01,
    4.244072287800000e+01
  ],
  ""type"": ""Point""
}","{
  ""coordinates"": [
    -83.171078541,
    42.440722878
  ],
  ""type"": ""Point""
}",-83.171078541,42.440722878
9904,1110283,RAMP 216I,I-94,2017-08-10,10,8,2017,7,5,5,1,,1,0,,1,1,1,55,1,2,2,5,0,0,0,0,true,,false,false,false,false,false,,,,,,false,false,false,,,false,false,false,false,false,-83.06198,42.36683,"{
  ""coordinates"": [
    -8.306198325000000e+01,
    4.236683295100000e+01
  ],
  ""type"": ""Point""
}","{
  ""coordinates"": [
    -83.06198325,
    42.366832951
  ],
  ""type"": ""Point""
}",-83.06198325,42.366832951
9905,1106172,GRATIOT,FIELD,2017-08-10,10,8,2017,17,5,8,3,,1,0,,1,1,1,35,8,2,2,5,0,0,0,0,true,,false,false,true,false,false,,,,,,false,true,false,,,false,false,false,false,false,-83.01756,42.37452,"{
  ""coordinates"": [
    -8.301755219499999e+01,
    4.237451488800010e+01
  ],
  ""type"": ""Point""
}","{
  ""coordinates"": [
    -83.017552195,
    42.374514888
  ],
  ""type"": ""Point""
}",-83.017552195,42.3745148880001
9906,1104962,WOODWARD,WILLIS,2017-08-10,10,8,2017,16,5,4,3,,1,0,,1,1,1,30,7,2,3,5,0,0,0,0,true,,false,false,true,false,false,,,,,,false,false,true,,,false,false,false,false,false,-83.06079,42.35174,"{
  ""coordinates"": [
    -8.306078773999999e+01,
    4.235174062100000e+01
  ],
  ""type"": ""Point""
}","{
  ""coordinates"": [
    -83.06078774,
    42.351740621
  ],
  ""type"": ""Point""
}",-83.06078774,42.351740621
9907,1104959,WASHINGTON,MICHIGAN,2017-08-10,10,8,2017,19,5,8,9,,4,0,,1,1,1,25,2,2,2,5,0,0,0,0,true,,false,false,false,false,false,,,,,,false,false,false,,,false,false,false,false,false,-83.05117,42.33168,"{
  ""coordinates"": [
    -8.305117275299990e+01,
    4.233168335900010e+01
  ],
  ""type"": ""Point""
}","{
  ""coordinates"": [
    -83.051172753,
    42.331683359
  ],
  ""type"": ""Point""
}",-83.0511727529999,42.3316833590001
9908,1106112,MEYERS,SCHOOLCRAFT,2017-08-10,10,8,2017,15,5,5,9,,4,0,,1,1,1,35,4,2,1,5,0,0,0,0,true,,false,false,false,false,false,,,,,,false,false,false,,,false,false,false,false,false,-83.16872,42.38839,"{
  ""coordinates"": [
    -8.316872318299990e+01,
    4.238838488100000e+01
  ],
  ""type"": ""Point""
}","{
  ""coordinates"": [
    -83.168723183,
    42.388384881
  ],
  ""type"": ""Point""
}",-83.1687231829999,42.388384881
9909,1104977,OAKFIELD,VERNE,2017-08-10,10,8,2017,8,5,97,9,,,0,,1,1,1,25,2,3,3,4,0,0,0,2,false,,false,false,false,false,false,,,,,,false,false,true,,,false,false,false,false,false,-83.21435,42.41201,"{
  ""coordinates"": [
    -8.321434765200000e+01,
    4.241201343800000e+01
  ],
  ""type"": ""Point""
}","{
  ""coordinates"": [
    -83.214347652,
    42.412013438
  ],
  ""type"": ""Point""
}",-83.214347652,42.412013438
9910,1106122,WOODWARD,MILWAUKEE,2017-08-10,10,8,2017,5,5,8,3,,1,0,,1,1,1,35,4,2,1,5,0,0,0,0,true,,false,false,true,false,false,,,,,,false,false,false,,,false,false,false,false,false,-83.07224,42.36863,"{
  ""coordinates"": [
    -8.307223391799990e+01,
    4.236862818700010e+01
  ],
  ""type"": ""Point""
}","{
  ""coordinates"": [
    -83.072233918,
    42.368628187
  ],
  ""type"": ""Point""
}",-83.0722339179999,42.3686281870001
9911,1107018,SPINOZA,JOY,2017-08-10,10,8,2017,19,5,97,9,,4,0,,1,1,1,25,2,2,0,5,0,0,0,0,true,,false,false,true,false,false,,,,,,false,false,false,,,false,false,false,false,false,-83.25039,42.35869,"{
  ""coordinates"": [
    -8.325039258600000e+01,
    4.235869098700000e+01
  ],
  ""type"": ""Point""
}","{
  ""coordinates"": [
    -83.250392586,
    42.358690987
  ],
  ""type"": ""Point""
}",-83.250392586,42.358690987
9912,1104972,MICHIGAN,CECIL,2017-08-10,10,8,2017,13,5,98,2,,1,0,,1,1,1,0,3,2,0,5,0,0,0,0,true,,false,false,true,false,false,,,,,,false,false,false,,,false,false,false,false,false,-83.13226,42.33111,"{
  ""coordinates"": [
    -8.313226349999999e+01,
    4.233111333400010e+01
  ],
  ""type"": ""Point""
}","{
  ""coordinates"": [
    -83.1322635,
    42.331113334
  ],
  ""type"": ""Point""
}",-83.1322635,42.3311133340001
9913,1104990,VANDYKE,HOLLYWOOD,2017-08-10,10,8,2017,8,5,5,3,,1,0,,1,1,1,35,2,2,2,5,0,0,0,0,true,,false,false,false,false,false,,,,,,false,false,true,,,false,false,false,false,false,-83.02419,42.43229,"{
  ""coordinates"": [
    -8.302418824999999e+01,
    4.243229065000000e+01
  ],
  ""type"": ""Point""
}","{
  ""coordinates"": [
    -83.02418825,
    42.43229065
  ],
  ""type"": ""Point""
}",-83.02418825,42.43229065
9914,1106192,TELEGRAPH,GRAND RIVER,2017-08-10,10,8,2017,18,5,6,2,,1,0,,1,1,1,45,4,3,4,3,0,0,1,0,false,,false,false,true,false,false,,,,,,false,false,true,,,false,false,false,false,false,-83.27737,42.42437,"{
  ""coordinates"": [
    -8.327736688300000e+01,
    4.242436594200010e+01
  ],
  ""type"": ""Point""
}","{
  ""coordinates"": [
    -83.277366883,
    42.424365942
  ],
  ""type"": ""Point""
}",-83.277366883,42.4243659420001
9915,1168332,JOY,COYLE,2017-08-10,10,8,2017,15,5,1,9,,4,0,,1,1,1,30,4,2,1,3,0,0,1,0,false,,false,false,false,false,false,,,,,,false,false,false,,,false,false,false,true,false,-83.19263,42.35823,"{
  ""coordinates"": [
    -8.319263139600000e+01,
    4.235823111600010e+01
  ],
  ""type"": ""Point""
}","{
  ""coordinates"": [
    -83.192631396,
    42.358231116
  ],
  ""type"": ""Point""
}",-83.192631396,42.3582311160001
9916,1141990,I-94,DICKERSON,2017-08-10,10,8,2017,8,5,5,1,,1,0,,1,1,2,55,3,2,4,4,0,0,0,3,false,,false,false,false,false,false,,,,,,false,false,false,,,false,false,false,false,false,-82.97489,42.40103,"{
  ""coordinates"": [
    -8.297489219900000e+01,
    4.240102912800010e+01
  ],
  ""type"": ""Point""
}","{
  ""coordinates"": [
    -82.974892199,
    42.401029128
  ],
  ""type"": ""Point""
}",-82.974892199,42.4010291280001
9917,1107749,N M 39,SCHOOLCRAFT,2017-08-10,10,8,2017,18,5,5,3,,1,0,,1,1,1,55,3,2,4,4,0,0,0,1,false,,false,false,false,false,false,,,,,,false,false,false,,,false,false,false,false,false,-83.21757,42.38727,"{
  ""coordinates"": [
    -8.321756880299991e+01,
    4.238726930200000e+01
  ],
  ""type"": ""Point""
}","{
  ""coordinates"": [
    -83.217568803,
    42.387269302
  ],
  ""type"": ""Point""
}",-83.2175688029999,42.387269302
9918,1104966,CHRYSLER SERVICE,CUSTRER,2017-08-10,10,8,2017,23,5,5,9,,4,0,,1,1,4,30,2,2,1,4,0,0,0,1,false,,false,false,false,false,false,,,,,,false,false,false,,,false,false,false,false,false,-83.06216,42.37645,"{
  ""coordinates"": [
    -8.306216330699991e+01,
    4.237645443900000e+01
  ],
  ""type"": ""Point""
}","{
  ""coordinates"": [
    -83.062163307,
    42.376454439
  ],
  ""type"": ""Point""
}",-83.0621633069999,42.376454439
9919,1107785,GREENVIEW,PLYMOUTH,2017-08-10,10,8,2017,9,5,9,9,,,0,,1,1,1,25,1,2,0,5,0,0,0,0,true,,false,false,true,false,false,,,,,,false,false,false,,,false,false,false,false,false,-83.22288,42.37238,"{
  ""coordinates"": [
    -8.322288078500000e+01,
    4.237238462300010e+01
  ],
  ""type"": ""Point""
}","{
  ""coordinates"": [
    -83.222880785,
    42.372384623
  ],
  ""type"": ""Point""
}",-83.222880785,42.3723846230001
9920,1104967,N I 75 SERVICE DRIVE,CLIFFORD,2017-08-10,10,8,2017,16,5,8,9,,4,0,,1,1,1,25,3,2,2,5,0,0,0,0,true,,false,false,false,false,false,,,,,,false,false,false,,,false,false,false,false,false,-83.0558,42.33821,"{
  ""coordinates"": [
    -8.305579811800000e+01,
    4.233820708400000e+01
  ],
  ""type"": ""Point""
}","{
  ""coordinates"": [
    -83.055798118,
    42.338207084
  ],
  ""type"": ""Point""
}",-83.055798118,42.338207084
9921,1112503,WOODWARD,MACK,2017-08-10,10,8,2017,17,5,4,3,,1,0,,1,1,1,35,4,2,1,5,0,0,0,0,true,,true,true,true,false,false,,,,,,false,false,true,,,false,false,false,false,false,-83.05787,42.34739,"{
  ""coordinates"": [
    -8.305787202300000e+01,
    4.234738763900000e+01
  ],
  ""type"": ""Point""
}","{
  ""coordinates"": [
    -83.057872023,
    42.347387639
  ],
  ""type"": ""Point""
}",-83.057872023,42.347387639
9922,1107756,S M 39 SERVICE DRIVE,KIRKWOOD,2017-08-10,10,8,2017,18,5,5,3,,1,0,,1,1,1,55,3,3,3,5,0,0,0,0,true,,false,false,false,false,false,,,,,,false,false,false,,,false,false,false,false,false,-83.21623,42.33256,"{
  ""coordinates"": [
    -8.321622975299989e+01,
    4.233255851100010e+01
  ],
  ""type"": ""Point""
}","{
  ""coordinates"": [
    -83.216229753,
    42.332558511
  ],
  ""type"": ""Point""
}",-83.2162297529999,42.3325585110001
9923,1107006,FORT,OMAHA,2017-08-10,10,8,2017,15,5,97,3,,1,0,,1,1,1,35,3,2,2,5,0,0,0,0,true,,false,false,false,false,false,,,,,,false,false,true,,,false,false,true,false,false,-83.16018,42.27014,"{
  ""coordinates"": [
    -8.316017659300000e+01,
    4.227014003400010e+01
  ],
  ""type"": ""Point""
}","{
  ""coordinates"": [
    -83.160176593,
    42.270140034
  ],
  ""type"": ""Point""
}",-83.160176593,42.2701400340001
9924,1111486,WOODWARD,GRAND,2017-08-10,10,8,2017,17,5,98,3,,1,0,,1,1,1,35,3,3,3,5,0,0,0,0,true,,false,false,false,false,false,,,,,,false,false,true,,,false,false,false,false,false,-83.07343,42.37044,"{
  ""coordinates"": [
    -8.307343330600000e+01,
    4.237043655700010e+01
  ],
  ""type"": ""Point""
}","{
  ""coordinates"": [
    -83.073433306,
    42.370436557
  ],
  ""type"": ""Point""
}",-83.073433306,42.3704365570001