ObjectId,Crash ID,Primary Road,Intersecting Road,Crash Date,Day,Month,Year,Hour,Weekday,Crash Type Code,Highway Classification Code,Community Code,Jurisdiction Code,Lane Departure Type Code,Surface Type,Road Condition,Weather Condition,Lighting Condition,Speed Limit,Lanes,Units,Occupants,Most Severe Injury,Fatal Injuries,Suspected Serious Injuries,Suspected Minor Injuries,Possible Injuries,Property Damage Only,Secondary Crash,Traffic Control,Red Light Run,Hit and Run,Alcohol,Drugs,Unbelted Person,Work Zone,Speeding Driver,Distracted Driver,Driveway,Pedestrian,Elderly Driver,Young Driver,Commercial Vehicle,Emergency Vehicles,Train,School Bus,Motorcycle,Bicycle,Deer,Longitude,Latitude,geom,geog,x,y
10039,1116008,JOY,ROSELAWN,2017-08-08,8,8,2017,13,3,8,9,,4,0,,1,1,1,40,2,2,2,4,0,0,0,1,false,,false,false,false,false,false,,,,,,false,false,false,,,false,false,false,false,false,-83.15005,42.35912,"{
  ""coordinates"": [
    -8.315005416199990e+01,
    4.235912015700010e+01
  ],
  ""type"": ""Point""
}","{
  ""coordinates"": [
    -83.150054162,
    42.359120157
  ],
  ""type"": ""Point""
}",-83.1500541619999,42.3591201570001
10040,1104146,GRAND RIVER,GREENFIELD,2017-08-08,8,8,2017,3,3,5,3,,1,0,,1,1,1,25,2,2,4,5,0,0,0,0,true,,false,false,false,false,false,,,,,,false,false,false,,,false,false,false,false,false,-83.19836,42.39266,"{
  ""coordinates"": [
    -8.319836098800000e+01,
    4.239266302100000e+01
  ],
  ""type"": ""Point""
}","{
  ""coordinates"": [
    -83.198360988,
    42.392663021
  ],
  ""type"": ""Point""
}",-83.198360988,42.392663021
10041,1103162,RUTHERFORD,DIVERSEY,2017-08-08,8,8,2017,17,3,9,9,,,0,,1,1,1,25,2,2,4,4,0,0,0,2,false,,false,false,true,false,false,,,,,,false,false,false,,,false,false,false,false,false,-83.20139,42.34836,"{
  ""coordinates"": [
    -8.320138374800000e+01,
    4.234836141200000e+01
  ],
  ""type"": ""Point""
}","{
  ""coordinates"": [
    -83.201383748,
    42.348361412
  ],
  ""type"": ""Point""
}",-83.201383748,42.348361412
10042,1103177,HARPER,PARK,2017-08-08,8,8,2017,20,3,10,9,,4,3,,1,1,1,30,4,2,1,5,0,0,0,0,true,,false,false,false,false,false,,,,,,false,true,false,,,false,false,false,false,false,-82.97555,42.40145,"{
  ""coordinates"": [
    -8.297554671700000e+01,
    4.240144544700010e+01
  ],
  ""type"": ""Point""
}","{
  ""coordinates"": [
    -82.975546717,
    42.401445447
  ],
  ""type"": ""Point""
}",-82.975546717,42.4014454470001
10043,1102424,HOLBROOK,N I 75,2017-08-08,8,8,2017,7,3,1,9,,4,0,,1,1,1,30,5,1,1,5,0,0,0,0,true,,false,false,false,false,false,,,,,,false,false,false,,,false,false,false,false,false,-83.06808,42.38659,"{
  ""coordinates"": [
    -8.306808068399990e+01,
    4.238658837700010e+01
  ],
  ""type"": ""Point""
}","{
  ""coordinates"": [
    -83.068080684,
    42.386588377
  ],
  ""type"": ""Point""
}",-83.0680806839999,42.3865883770001
10044,1107005,DRAGOON,VERNOR,2017-08-08,8,8,2017,16,3,4,9,,4,0,,1,1,1,25,2,2,2,5,0,0,0,0,true,,false,false,false,false,false,,,,,,false,false,false,,,false,false,false,false,false,-83.10852,42.31565,"{
  ""coordinates"": [
    -8.310852168900000e+01,
    4.231565115600010e+01
  ],
  ""type"": ""Point""
}","{
  ""coordinates"": [
    -83.108521689,
    42.315651156
  ],
  ""type"": ""Point""
}",-83.108521689,42.3156511560001
10045,1103163,ROSEMENT,TIREMAN,2017-08-08,8,8,2017,12,3,5,9,,,0,,1,1,1,25,2,2,3,3,0,0,1,1,false,,false,false,false,false,false,,,,,,false,false,false,,,false,false,false,false,false,-83.21853,42.34785,"{
  ""coordinates"": [
    -8.321853195900000e+01,
    4.234785245300000e+01
  ],
  ""type"": ""Point""
}","{
  ""coordinates"": [
    -83.218531959,
    42.347852453
  ],
  ""type"": ""Point""
}",-83.218531959,42.347852453
10046,1106972,RAMP 219 B,GRATIOT,2017-08-08,8,8,2017,8,3,1,1,,1,1,,1,1,1,55,1,1,1,5,0,0,0,0,true,,false,false,false,false,false,,,,,,false,false,true,,,false,false,false,false,false,-83.00512,42.39087,"{
  ""coordinates"": [
    -8.300511655600000e+01,
    4.239087152800000e+01
  ],
  ""type"": ""Point""
}","{
  ""coordinates"": [
    -83.005116556,
    42.390871528
  ],
  ""type"": ""Point""
}",-83.005116556,42.390871528
10047,1104141,MONICA,CORTLAND,2017-08-08,8,8,2017,6,3,8,9,,,0,,1,1,3,20,2,2,1,5,0,0,0,0,true,,false,false,true,false,false,,,,,,false,true,false,,,false,false,false,false,false,-83.14247,42.37896,"{
  ""coordinates"": [
    -8.314246872000000e+01,
    4.237896222900010e+01
  ],
  ""type"": ""Point""
}","{
  ""coordinates"": [
    -83.14246872,
    42.378962229
  ],
  ""type"": ""Point""
}",-83.14246872,42.3789622290001
10048,1110389,MUIRLAND,PURITAN,2017-08-08,8,8,2017,6,3,8,9,,,0,,1,1,4,0,1,2,1,5,0,0,0,0,true,,false,false,true,false,false,,,,,,false,false,false,,,false,false,false,false,false,-83.13376,42.41015,"{
  ""coordinates"": [
    -8.313375658900000e+01,
    4.241015193600000e+01
  ],
  ""type"": ""Point""
}","{
  ""coordinates"": [
    -83.133756589,
    42.410151936
  ],
  ""type"": ""Point""
}",-83.133756589,42.410151936
10049,1104124,FORT,ROSA PARKS,2017-08-08,8,8,2017,12,3,5,3,,1,0,,1,1,1,35,5,2,3,3,0,0,1,1,false,,false,false,false,false,false,,,,,,false,false,false,,,false,false,false,false,false,-83.06674,42.3224,"{
  ""coordinates"": [
    -8.306673829099999e+01,
    4.232240436400010e+01
  ],
  ""type"": ""Point""
}","{
  ""coordinates"": [
    -83.066738291,
    42.322404364
  ],
  ""type"": ""Point""
}",-83.066738291,42.3224043640001
10050,1103158,S I 75,RAMP 035K,2017-08-08,8,8,2017,9,3,8,1,,1,0,,1,1,4,0,2,2,2,5,0,0,0,0,true,,false,false,true,false,false,,,,,,false,false,false,,,false,false,false,false,false,-83.08342,42.31758,"{
  ""coordinates"": [
    -8.308342172399990e+01,
    4.231757938200010e+01
  ],
  ""type"": ""Point""
}","{
  ""coordinates"": [
    -83.083421724,
    42.317579382
  ],
  ""type"": ""Point""
}",-83.0834217239999,42.3175793820001
10051,1106156,GRAND,THEODORE,2017-08-08,8,8,2017,15,3,4,9,,4,0,,1,1,1,30,3,2,5,4,0,0,0,1,false,,false,false,false,false,false,,,,,,false,false,true,,,false,false,false,false,false,-83.01937,42.37437,"{
  ""coordinates"": [
    -8.301937229500000e+01,
    4.237437229600000e+01
  ],
  ""type"": ""Point""
}","{
  ""coordinates"": [
    -83.019372295,
    42.374372296
  ],
  ""type"": ""Point""
}",-83.019372295,42.374372296
10052,1103191,NARDIN,BORDEAU,2017-08-08,8,8,2017,9,3,5,9,,,0,,1,1,1,25,2,2,1,5,0,0,0,0,true,,false,false,true,false,false,,,,,,false,false,false,,,false,false,false,false,false,-83.13405,42.37201,"{
  ""coordinates"": [
    -8.313405195699990e+01,
    4.237201055200010e+01
  ],
  ""type"": ""Point""
}","{
  ""coordinates"": [
    -83.134051957,
    42.372010552
  ],
  ""type"": ""Point""
}",-83.1340519569999,42.3720105520001
10053,1104152,PEMBROOK,WYOMING,2017-08-08,8,8,2017,20,3,4,9,,,0,,1,1,4,30,2,2,2,5,0,0,0,0,true,,false,false,false,false,false,,,,,,false,false,false,,,false,false,false,false,false,-83.16117,42.43852,"{
  ""coordinates"": [
    -8.316117168499990e+01,
    4.243851886900010e+01
  ],
  ""type"": ""Point""
}","{
  ""coordinates"": [
    -83.161171685,
    42.438518869
  ],
  ""type"": ""Point""
}",-83.1611716849999,42.4385188690001
10054,1106927,I 75,MICHIGAN,2017-08-08,8,8,2017,7,3,5,1,,1,0,,1,1,1,55,3,2,2,5,0,0,0,0,true,,false,false,false,false,false,,,,,,false,false,false,,,false,false,false,false,false,-83.08482,42.33129,"{
  ""coordinates"": [
    -8.308482162699990e+01,
    4.233128890400010e+01
  ],
  ""type"": ""Point""
}","{
  ""coordinates"": [
    -83.084821627,
    42.331288904
  ],
  ""type"": ""Point""
}",-83.0848216269999,42.3312889040001
10055,1106184,SHERIDAN,SYLVESTER,2017-08-08,8,8,2017,0,3,4,9,,,0,,1,2,4,25,2,2,6,4,0,0,0,6,false,,false,false,true,false,false,,,,,,false,false,false,,,false,false,false,false,false,-83.0123,42.36753,"{
  ""coordinates"": [
    -8.301229851900000e+01,
    4.236753403500010e+01
  ],
  ""type"": ""Point""
}","{
  ""coordinates"": [
    -83.012298519,
    42.367534035
  ],
  ""type"": ""Point""
}",-83.012298519,42.3675340350001
10056,1103165,LIVERNOIS,DAVISON,2017-08-08,8,8,2017,10,3,97,9,,4,0,,1,1,1,35,2,2,2,5,0,0,0,0,true,,false,false,false,false,false,,,,,,false,false,true,,,false,false,false,false,false,-83.13953,42.38943,"{
  ""coordinates"": [
    -8.313953297499999e+01,
    4.238943264900010e+01
  ],
  ""type"": ""Point""
}","{
  ""coordinates"": [
    -83.139532975,
    42.389432649
  ],
  ""type"": ""Point""
}",-83.139532975,42.3894326490001
10057,1103182,PARKGROVE,PEORIA,2017-08-08,8,8,2017,17,3,4,9,,,0,,1,1,1,25,2,2,1,5,0,0,0,0,true,,false,false,true,false,false,,,,,,false,false,false,,,false,false,false,false,false,-82.97715,42.42979,"{
  ""coordinates"": [
    -8.297714922999999e+01,
    4.242979467600000e+01
  ],
  ""type"": ""Point""
}","{
  ""coordinates"": [
    -82.97714923,
    42.429794676
  ],
  ""type"": ""Point""
}",-82.97714923,42.429794676
10058,1106924,I-94,LIVERNOIS,2017-08-08,8,8,2017,18,3,5,1,,1,0,,1,2,1,55,3,8,9,3,0,0,1,2,false,,false,false,false,false,false,,,,,,false,true,false,,,false,false,false,false,false,-83.12428,42.33771,"{
  ""coordinates"": [
    -8.312427998399990e+01,
    4.233770928000010e+01
  ],
  ""type"": ""Point""
}","{
  ""coordinates"": [
    -83.124279984,
    42.33770928
  ],
  ""type"": ""Point""
}",-83.1242799839999,42.3377092800001
10059,1106974,M-39,WARREN,2017-08-08,8,8,2017,2,3,8,3,,1,0,,1,2,4,55,3,2,1,5,0,0,0,0,true,,false,false,true,false,false,,,,,,false,false,false,,,false,false,false,false,false,-83.21603,42.3431,"{
  ""coordinates"": [
    -8.321603145099991e+01,
    4.234310041800010e+01
  ],
  ""type"": ""Point""
}","{
  ""coordinates"": [
    -83.216031451,
    42.343100418
  ],
  ""type"": ""Point""
}",-83.2160314509999,42.3431004180001
10060,1192739,8 MILE,VAN DYKE,2017-08-08,8,8,2017,13,3,8,3,,1,0,,1,1,1,40,4,2,2,5,0,0,0,0,true,,false,false,false,false,false,,,,,,false,false,false,,,false,false,false,false,false,-83.02155,42.44825,"{
  ""coordinates"": [
    -8.302155408899991e+01,
    4.244825066700000e+01
  ],
  ""type"": ""Point""
}","{
  ""coordinates"": [
    -83.021554089,
    42.448250667
  ],
  ""type"": ""Point""
}",-83.0215540889999,42.448250667
10061,1111564,DAVISON,LAWTON,2017-08-08,8,8,2017,12,3,4,3,,1,0,,1,1,1,35,4,2,3,4,0,0,0,1,false,,false,false,true,false,false,,,,,,false,false,false,,,false,false,false,false,false,-83.12476,42.39201,"{
  ""coordinates"": [
    -8.312476172600000e+01,
    4.239200753100000e+01
  ],
  ""type"": ""Point""
}","{
  ""coordinates"": [
    -83.124761726,
    42.392007531
  ],
  ""type"": ""Point""
}",-83.124761726,42.392007531
10062,1104140,MCKINNEY,HAVERHILL,2017-08-08,8,8,2017,21,3,8,9,,,0,,1,1,4,25,2,2,1,4,0,0,0,1,false,,false,false,true,false,false,,,,,,false,false,false,,,false,false,false,false,false,-82.95045,42.41064,"{
  ""coordinates"": [
    -8.295044552199990e+01,
    4.241063654100000e+01
  ],
  ""type"": ""Point""
}","{
  ""coordinates"": [
    -82.950445522,
    42.410636541
  ],
  ""type"": ""Point""
}",-82.9504455219999,42.410636541
10063,1102487,CALVERT,MCQUADE,2017-08-08,8,8,2017,1,3,4,9,,,0,,1,1,4,25,1,2,0,5,0,0,0,0,true,,false,false,true,false,false,,,,,,false,false,false,,,false,false,false,false,false,-83.12349,42.37561,"{
  ""coordinates"": [
    -8.312348907499999e+01,
    4.237561121700000e+01
  ],
  ""type"": ""Point""
}","{
  ""coordinates"": [
    -83.123489075,
    42.375611217
  ],
  ""type"": ""Point""
}",-83.123489075,42.375611217
10064,1104987,8 MILE,SHERWOOD,2017-08-08,8,8,2017,17,3,5,3,,1,0,,1,1,1,40,4,4,4,4,0,0,0,1,false,,false,false,true,false,false,,,,,,false,false,false,,,false,false,false,false,false,-83.03424,42.44795,"{
  ""coordinates"": [
    -8.303423977800000e+01,
    4.244794793700000e+01
  ],
  ""type"": ""Point""
}","{
  ""coordinates"": [
    -83.034239778,
    42.447947937
  ],
  ""type"": ""Point""
}",-83.034239778,42.447947937
10065,1104171,RAMP 029B,N I 75,2017-08-08,8,8,2017,5,3,5,1,,1,0,,1,1,4,0,4,4,4,5,0,0,0,0,true,,false,false,false,false,false,,,,,,false,false,false,,,false,false,false,false,false,-83.15691,42.27691,"{
  ""coordinates"": [
    -8.315691381900000e+01,
    4.227691386200010e+01
  ],
  ""type"": ""Point""
}","{
  ""coordinates"": [
    -83.156913819,
    42.276913862
  ],
  ""type"": ""Point""
}",-83.156913819,42.2769138620001
10066,1102473,7 MILE,WINTHROP,2017-08-07,7,8,2017,16,2,5,9,,2,0,,98,98,1,30,4,2,1,5,0,0,0,0,true,,false,false,false,false,false,,,,,,false,true,false,,,false,false,false,false,false,-83.20185,42.43039,"{
  ""coordinates"": [
    -8.320184905600000e+01,
    4.243039085700010e+01
  ],
  ""type"": ""Point""
}","{
  ""coordinates"": [
    -83.201849056,
    42.430390857
  ],
  ""type"": ""Point""
}",-83.201849056,42.4303908570001
10067,1102454,PATTON,JOY,2017-08-07,7,8,2017,18,2,1,9,,,0,,1,1,1,25,2,1,1,1,1,0,0,0,false,,false,false,false,false,false,,,,,,false,false,false,,,false,false,false,false,false,-83.24203,42.35741,"{
  ""coordinates"": [
    -8.324203121700000e+01,
    4.235741568600000e+01
  ],
  ""type"": ""Point""
}","{
  ""coordinates"": [
    -83.242031217,
    42.357415686
  ],
  ""type"": ""Point""
}",-83.242031217,42.357415686
10068,1102447,FORT,DEARBORN,2017-08-07,7,8,2017,18,2,5,3,,1,0,,1,1,4,35,5,3,4,3,0,0,1,0,false,,false,false,false,false,false,,,,,,false,false,false,,,false,false,false,false,false,-83.13673,42.29356,"{
  ""coordinates"": [
    -8.313673232699990e+01,
    4.229356089400010e+01
  ],
  ""type"": ""Point""
}","{
  ""coordinates"": [
    -83.136732327,
    42.293560894
  ],
  ""type"": ""Point""
}",-83.1367323269999,42.2935608940001
10069,1102455,EVERGREEN,W.WARREN,2017-08-07,7,8,2017,12,2,97,9,,4,0,,1,1,1,30,4,2,2,5,0,0,0,0,true,,false,false,false,false,false,,,,,,false,false,false,,,false,false,false,false,false,-83.2354,42.34368,"{
  ""coordinates"": [
    -8.323540272500000e+01,
    4.234368293400010e+01
  ],
  ""type"": ""Point""
}","{
  ""coordinates"": [
    -83.235402725,
    42.343682934
  ],
  ""type"": ""Point""
}",-83.235402725,42.3436829340001
10070,1103179,HOOVER,STATE FAIR,2017-08-07,7,8,2017,18,2,4,3,,1,0,,1,1,1,30,2,2,2,3,0,0,1,0,false,,false,false,false,false,false,,,,,,false,false,true,,,false,false,false,false,false,-83.00496,42.44169,"{
  ""coordinates"": [
    -8.300495841500000e+01,
    4.244168824100010e+01
  ],
  ""type"": ""Point""
}","{
  ""coordinates"": [
    -83.004958415,
    42.441688241
  ],
  ""type"": ""Point""
}",-83.004958415,42.4416882410001
10071,1107783,ARCHDALE,ELMIRA,2017-08-07,7,8,2017,20,2,1,9,,,1,,1,1,1,25,2,1,1,5,0,0,0,0,true,,false,false,false,false,false,,,,,,false,false,false,,,false,false,false,false,false,-83.21555,42.36907,"{
  ""coordinates"": [
    -8.321555278900000e+01,
    4.236907382700010e+01
  ],
  ""type"": ""Point""
}","{
  ""coordinates"": [
    -83.215552789,
    42.369073827
  ],
  ""type"": ""Point""
}",-83.215552789,42.3690738270001
10072,1104957,I-94,BEAUBIEN,2017-08-07,7,8,2017,13,2,5,1,,1,0,,1,2,1,55,3,2,2,5,0,0,0,0,true,,false,false,false,false,false,,,,,,false,false,true,,,false,false,false,false,false,-83.06509,42.36557,"{
  ""coordinates"": [
    -8.306508451799991e+01,
    4.236556815000010e+01
  ],
  ""type"": ""Point""
}","{
  ""coordinates"": [
    -83.065084518,
    42.36556815
  ],
  ""type"": ""Point""
}",-83.0650845179999,42.3655681500001
10073,1103168,TELEGRAPH,MCNICHOLS,2017-08-07,7,8,2017,17,2,1,2,,1,0,,1,1,1,45,4,2,2,4,0,0,0,1,false,,false,false,false,false,false,,,,,,false,false,true,,,false,false,false,true,false,-83.27696,42.41454,"{
  ""coordinates"": [
    -8.327696310999990e+01,
    4.241454158900010e+01
  ],
  ""type"": ""Point""
}","{
  ""coordinates"": [
    -83.27696311,
    42.414541589
  ],
  ""type"": ""Point""
}",-83.2769631099999,42.4145415890001
10074,1103167,BURGESS,TROJAN,2017-08-07,7,8,2017,0,2,2,9,,,2,,1,1,4,25,1,2,0,5,0,0,0,0,true,,false,false,true,false,false,,,,,,false,false,false,,,false,false,false,false,false,-83.25628,42.44005,"{
  ""coordinates"": [
    -8.325627954700001e+01,
    4.244005072500000e+01
  ],
  ""type"": ""Point""
}","{
  ""coordinates"": [
    -83.256279547,
    42.440050725
  ],
  ""type"": ""Point""
}",-83.256279547,42.440050725
10075,1102468,SOUTHFIELD SERVICE DRIVE,PLYMOUTH,2017-08-07,7,8,2017,20,2,97,9,,4,0,,1,2,1,35,2,2,6,5,0,0,0,0,true,,false,false,true,false,false,,,,,,false,false,false,,,false,false,false,false,false,-83.21626,42.3722,"{
  ""coordinates"": [
    -8.321626192900000e+01,
    4.237219432900010e+01
  ],
  ""type"": ""Point""
}","{
  ""coordinates"": [
    -83.216261929,
    42.372194329
  ],
  ""type"": ""Point""
}",-83.216261929,42.3721943290001
10076,1102470,SOUTHFIELD SERVICE DRIVE,8 MILE,2017-08-07,7,8,2017,8,2,8,3,,5,0,,1,1,1,35,3,2,2,5,0,0,0,0,true,,false,false,false,false,false,,,,,,false,false,false,,,false,false,false,false,false,-83.22015,42.44411,"{
  ""coordinates"": [
    -8.322014265300000e+01,
    4.244411483600000e+01
  ],
  ""type"": ""Point""
}","{
  ""coordinates"": [
    -83.220142653,
    42.444114836
  ],
  ""type"": ""Point""
}",-83.220142653,42.444114836
10077,1106161,N I 75,WARREN,2017-08-07,7,8,2017,7,2,97,1,,1,0,,1,1,1,30,2,2,1,2,0,1,0,0,false,,false,false,false,false,false,,,,,,true,false,false,,,false,false,false,false,false,-83.05462,42.36147,"{
  ""coordinates"": [
    -8.305461738100000e+01,
    4.236146490800010e+01
  ],
  ""type"": ""Point""
}","{
  ""coordinates"": [
    -83.054617381,
    42.361464908
  ],
  ""type"": ""Point""
}",-83.054617381,42.3614649080001
10078,1134255,CONNER,FRANKFORT,2017-08-07,7,8,2017,23,2,6,9,,4,0,,1,1,4,35,5,2,4,5,0,0,0,0,true,,false,false,false,false,false,,,,,,false,false,true,,,false,false,false,false,false,-82.97882,42.39024,"{
  ""coordinates"": [
    -8.297882196300000e+01,
    4.239024231600010e+01
  ],
  ""type"": ""Point""
}","{
  ""coordinates"": [
    -82.978821963,
    42.390242316
  ],
  ""type"": ""Point""
}",-82.978821963,42.3902423160001
10079,1106176,MACK,SENECA,2017-08-07,7,8,2017,13,2,1,9,,4,0,,1,1,1,30,2,2,1,3,0,0,1,0,false,,false,false,false,false,false,,,,,,true,false,false,,,false,false,false,false,false,-83.00133,42.3689,"{
  ""coordinates"": [
    -8.300132657800000e+01,
    4.236890233200010e+01
  ],
  ""type"": ""Point""
}","{
  ""coordinates"": [
    -83.001326578,
    42.368902332
  ],
  ""type"": ""Point""
}",-83.001326578,42.3689023320001
10080,1102426,TRUMBULL,S I 75,2017-08-07,7,8,2017,8,2,4,9,,4,0,,1,1,1,30,3,2,4,5,0,0,0,0,true,,true,true,false,false,false,,,,,,false,false,false,,,false,false,false,false,false,-83.06863,42.33444,"{
  ""coordinates"": [
    -8.306863484599999e+01,
    4.233443888100000e+01
  ],
  ""type"": ""Point""
}","{
  ""coordinates"": [
    -83.068634846,
    42.334438881
  ],
  ""type"": ""Point""
}",-83.068634846,42.334438881
10081,1158638,WEBB,S M 10 SERVICE DRIVE,2017-08-07,7,8,2017,20,2,1,9,,4,1,,1,1,1,30,4,1,1,5,0,0,0,0,true,,false,false,false,false,false,,,,,,false,true,false,,,false,false,false,false,false,-83.10277,42.38761,"{
  ""coordinates"": [
    -8.310276669300001e+01,
    4.238761082000010e+01
  ],
  ""type"": ""Point""
}","{
  ""coordinates"": [
    -83.102766693,
    42.38761082
  ],
  ""type"": ""Point""
}",-83.102766693,42.3876108200001
10082,1102486,EWALD,HOLMUR,2017-08-07,7,8,2017,22,2,10,9,,4,3,,1,1,4,25,2,2,1,5,0,0,0,0,true,,false,false,false,false,false,,,,,,false,false,false,,,false,false,false,false,false,-83.13526,42.39323,"{
  ""coordinates"": [
    -8.313525838399990e+01,
    4.239322902700010e+01
  ],
  ""type"": ""Point""
}","{
  ""coordinates"": [
    -83.135258384,
    42.393229027
  ],
  ""type"": ""Point""
}",-83.1352583839999,42.3932290270001
10083,1111561,DAVISON,14TH,2017-08-07,7,8,2017,16,2,4,3,,1,0,,1,1,1,35,5,2,5,5,0,0,0,0,true,,false,false,false,false,false,,,,,,false,false,false,,,false,false,false,false,false,-83.11537,42.39549,"{
  ""coordinates"": [
    -8.311537177299989e+01,
    4.239549264900010e+01
  ],
  ""type"": ""Point""
}","{
  ""coordinates"": [
    -83.115371773,
    42.395492649
  ],
  ""type"": ""Point""
}",-83.1153717729999,42.3954926490001
10084,1102481,DAVISON,OAKMAN,2017-08-07,7,8,2017,12,2,5,3,,1,0,,1,1,1,35,3,5,12,4,0,0,0,5,false,,false,false,false,false,false,,,,,,false,false,true,,,false,false,false,false,false,-83.14391,42.38645,"{
  ""coordinates"": [
    -8.314391403000000e+01,
    4.238644786600000e+01
  ],
  ""type"": ""Point""
}","{
  ""coordinates"": [
    -83.14391403,
    42.386447866
  ],
  ""type"": ""Point""
}",-83.14391403,42.386447866
10085,1106175,LARNED,CHENE,2017-08-07,7,8,2017,18,2,1,9,,4,0,,1,2,1,30,3,1,1,5,0,0,0,0,true,,false,false,false,false,false,,,,,,false,false,false,,,false,false,false,false,false,-83.02315,42.33895,"{
  ""coordinates"": [
    -8.302314571600000e+01,
    4.233895480000010e+01
  ],
  ""type"": ""Point""
}","{
  ""coordinates"": [
    -83.023145716,
    42.3389548
  ],
  ""type"": ""Point""
}",-83.023145716,42.3389548000001
10086,1102437,WYOMING,LYNDON,2017-08-07,7,8,2017,10,2,8,9,,4,3,,1,1,1,30,2,2,1,5,0,0,0,0,true,,false,false,false,false,false,,,,,,false,false,false,,,false,false,false,false,false,-83.15933,42.39484,"{
  ""coordinates"": [
    -8.315933198200000e+01,
    4.239484008900010e+01
  ],
  ""type"": ""Point""
}","{
  ""coordinates"": [
    -83.159331982,
    42.394840089
  ],
  ""type"": ""Point""
}",-83.159331982,42.3948400890001
10087,1104086,W I 96,KENTFIELD,2017-08-07,7,8,2017,18,2,5,1,,1,0,,1,1,1,55,2,2,2,5,0,0,0,0,true,,false,false,false,false,false,,,,,,false,false,false,,,false,false,false,false,false,-83.23797,42.38148,"{
  ""coordinates"": [
    -8.323797101400000e+01,
    4.238148403300000e+01
  ],
  ""type"": ""Point""
}","{
  ""coordinates"": [
    -83.237971014,
    42.381484033
  ],
  ""type"": ""Point""
}",-83.237971014,42.381484033
10088,1106169,DUBOIS,JEFFERSON,2017-08-07,7,8,2017,13,2,4,9,,,0,,1,1,1,35,3,2,4,4,0,0,0,1,false,,false,false,false,false,false,,,,,,false,false,true,,,false,false,false,false,false,-83.02458,42.33741,"{
  ""coordinates"": [
    -8.302458208699990e+01,
    4.233741235100010e+01
  ],
  ""type"": ""Point""
}","{
  ""coordinates"": [
    -83.024582087,
    42.337412351
  ],
  ""type"": ""Point""
}",-83.0245820869999,42.3374123510001
10089,1106971,I-75,CLAY,2017-08-07,7,8,2017,21,2,97,1,,1,0,,1,2,4,70,4,3,3,4,0,0,0,1,false,,false,false,false,false,false,,,,,,false,false,false,,,false,false,false,false,false,-83.06505,42.38153,"{
  ""coordinates"": [
    -8.306504855400000e+01,
    4.238153187700000e+01
  ],
  ""type"": ""Point""
}","{
  ""coordinates"": [
    -83.065048554,
    42.381531877
  ],
  ""type"": ""Point""
}",-83.065048554,42.381531877
10090,1129590,JEAN,HERN,2017-08-07,7,8,2017,15,2,5,9,,4,0,,1,1,1,30,2,2,1,5,0,0,0,0,true,,false,false,false,false,false,,,,,,false,false,false,,,false,false,false,false,false,-82.9885,42.39441,"{
  ""coordinates"": [
    -8.298850324499990e+01,
    4.239441303500010e+01
  ],
  ""type"": ""Point""
}","{
  ""coordinates"": [
    -82.988503245,
    42.394413035
  ],
  ""type"": ""Point""
}",-82.9885032449999,42.3944130350001
10091,1104139,GRAND RIVER,LAHSER,2017-08-07,7,8,2017,12,2,8,3,,1,0,,1,1,1,35,9,2,2,5,0,0,0,0,true,,false,false,false,false,false,,,,,,false,false,false,,,false,false,false,false,false,-83.25761,42.41648,"{
  ""coordinates"": [
    -8.325760471400000e+01,
    4.241648186800010e+01
  ],
  ""type"": ""Point""
}","{
  ""coordinates"": [
    -83.257604714,
    42.416481868
  ],
  ""type"": ""Point""
}",-83.257604714,42.4164818680001
10092,1104986,7 MILE,MARX,2017-08-07,7,8,2017,17,2,4,9,,4,0,,1,1,1,0,2,2,1,5,0,0,0,0,true,,false,false,false,false,false,,,,,,false,true,false,,,false,false,false,false,false,-83.08447,42.43286,"{
  ""coordinates"": [
    -8.308447372700000e+01,
    4.243285892600010e+01
  ],
  ""type"": ""Point""
}","{
  ""coordinates"": [
    -83.084473727,
    42.432858926
  ],
  ""type"": ""Point""
}",-83.084473727,42.4328589260001
10093,1102476,LINNHURST,TEPPERT,2017-08-07,7,8,2017,5,2,8,9,,,0,,1,1,2,0,2,2,0,5,0,0,0,0,true,,false,false,true,false,false,,,,,,false,false,false,,,false,false,false,false,false,-83.0085,42.43073,"{
  ""coordinates"": [
    -8.300850064100000e+01,
    4.243073279100000e+01
  ],
  ""type"": ""Point""
}","{
  ""coordinates"": [
    -83.008500641,
    42.430732791
  ],
  ""type"": ""Point""
}",-83.008500641,42.430732791
10094,1176447,DAVISON,EWALD,2017-08-07,7,8,2017,13,2,4,3,,1,0,,1,1,1,30,3,2,4,5,0,0,0,0,true,,false,false,false,false,false,,,,,,false,false,false,,,false,false,false,false,false,-83.14529,42.38641,"{
  ""coordinates"": [
    -8.314528609900000e+01,
    4.238641305100000e+01
  ],
  ""type"": ""Point""
}","{
  ""coordinates"": [
    -83.145286099,
    42.386413051
  ],
  ""type"": ""Point""
}",-83.145286099,42.386413051
10095,1103195,CAMERON,MCNICHOLS,2017-08-07,7,8,2017,21,2,5,9,,,0,,1,1,4,25,1,2,1,5,0,0,0,0,true,,false,false,true,false,false,,,,,,false,false,false,,,false,false,false,false,false,-83.09344,42.41851,"{
  ""coordinates"": [
    -8.309344192799990e+01,
    4.241851363300000e+01
  ],
  ""type"": ""Point""
}","{
  ""coordinates"": [
    -83.093441928,
    42.418513633
  ],
  ""type"": ""Point""
}",-83.0934419279999,42.418513633