ObjectId,Crash ID,Primary Road,Intersecting Road,Crash Date,Day,Month,Year,Hour,Weekday,Crash Type Code,Highway Classification Code,Community Code,Jurisdiction Code,Lane Departure Type Code,Surface Type,Road Condition,Weather Condition,Lighting Condition,Speed Limit,Lanes,Units,Occupants,Most Severe Injury,Fatal Injuries,Suspected Serious Injuries,Suspected Minor Injuries,Possible Injuries,Property Damage Only,Secondary Crash,Traffic Control,Red Light Run,Hit and Run,Alcohol,Drugs,Unbelted Person,Work Zone,Speeding Driver,Distracted Driver,Driveway,Pedestrian,Elderly Driver,Young Driver,Commercial Vehicle,Emergency Vehicles,Train,School Bus,Motorcycle,Bicycle,Deer,Longitude,Latitude,geom,geog,x,y
10267,1104107,DAVISON,KENTFIELD,2017-08-04,4,8,2017,16,6,6,9,,,0,,1,2,1,35,3,2,1,5,0,0,0,0,true,,false,false,true,false,false,,,,,,false,false,false,,,false,false,false,false,false,-83.23962,42.3839,"{
  ""coordinates"": [
    -8.323961955399990e+01,
    4.238389893800010e+01
  ],
  ""type"": ""Point""
}","{
  ""coordinates"": [
    -83.239619554,
    42.383898938
  ],
  ""type"": ""Point""
}",-83.2396195539999,42.3838989380001
10268,1100538,WILDEMERE,BUENA,2017-08-04,4,8,2017,16,6,97,9,,,0,,1,1,1,25,2,2,2,5,0,0,0,0,true,,false,false,false,false,false,,,,,,false,false,true,,,false,false,false,false,false,-83.12605,42.38896,"{
  ""coordinates"": [
    -8.312605620999990e+01,
    4.238896021700000e+01
  ],
  ""type"": ""Point""
}","{
  ""coordinates"": [
    -83.12605621,
    42.388960217
  ],
  ""type"": ""Point""
}",-83.1260562099999,42.388960217
10269,1101578,MICHIGAN,MARTIN,2017-08-04,4,8,2017,17,6,2,2,,1,2,,1,2,1,25,2,2,3,4,0,0,0,2,false,,false,false,false,true,false,,,,,,false,false,false,,,false,false,false,false,false,-83.12741,42.33115,"{
  ""coordinates"": [
    -8.312740763499990e+01,
    4.233115342500000e+01
  ],
  ""type"": ""Point""
}","{
  ""coordinates"": [
    -83.127407635,
    42.331153425
  ],
  ""type"": ""Point""
}",-83.1274076349999,42.331153425
10270,1099396,DAVISON,LIVERNOIS,2017-08-04,4,8,2017,6,6,4,3,,1,0,,2,4,2,0,8,2,3,4,0,0,0,1,false,,false,false,false,false,false,,,,,,false,false,false,,,false,false,false,false,false,-83.13971,42.38649,"{
  ""coordinates"": [
    -8.313971326399999e+01,
    4.238649385000010e+01
  ],
  ""type"": ""Point""
}","{
  ""coordinates"": [
    -83.139713264,
    42.38649385
  ],
  ""type"": ""Point""
}",-83.139713264,42.3864938500001
10271,1100505,ALPINE,ALASKA,2017-08-04,4,8,2017,3,6,2,9,,,2,,1,1,5,25,2,2,0,5,0,0,0,0,true,,false,false,true,false,false,,,,,,false,false,false,,,false,false,false,false,false,-83.14729,42.35534,"{
  ""coordinates"": [
    -8.314728795000001e+01,
    4.235534405600000e+01
  ],
  ""type"": ""Point""
}","{
  ""coordinates"": [
    -83.14728795,
    42.355344056
  ],
  ""type"": ""Point""
}",-83.14728795,42.355344056
10272,1111593,GRAND RIVER,BROOKLYN,2017-08-04,4,8,2017,13,6,3,3,,1,0,,1,1,1,25,2,2,2,4,0,0,0,1,false,,false,false,false,false,false,,,,,,false,false,false,,,false,false,false,false,false,-83.06858,42.34034,"{
  ""coordinates"": [
    -8.306857717000000e+01,
    4.234033478700010e+01
  ],
  ""type"": ""Point""
}","{
  ""coordinates"": [
    -83.06857717,
    42.340334787
  ],
  ""type"": ""Point""
}",-83.06857717,42.3403347870001
10273,1108600,I-96,SOUTHFIELD,2017-08-04,4,8,2017,8,6,8,1,,1,0,,1,1,1,55,3,2,1,5,0,0,0,0,true,,false,false,true,false,false,,,,,,false,false,true,,,false,false,false,false,false,-83.20694,42.3789,"{
  ""coordinates"": [
    -8.320693807000001e+01,
    4.237889899400010e+01
  ],
  ""type"": ""Point""
}","{
  ""coordinates"": [
    -83.20693807,
    42.378898994
  ],
  ""type"": ""Point""
}",-83.20693807,42.3788989940001
10274,1102430,WARREN,JEFFRIES,2017-08-04,4,8,2017,8,6,5,9,,4,0,,1,2,1,30,7,2,2,5,0,0,0,0,true,,false,false,false,false,false,,,,,,false,false,false,,,false,false,false,false,false,-83.0974,42.34617,"{
  ""coordinates"": [
    -8.309740267699991e+01,
    4.234617358300010e+01
  ],
  ""type"": ""Point""
}","{
  ""coordinates"": [
    -83.097402677,
    42.346173583
  ],
  ""type"": ""Point""
}",-83.0974026769999,42.3461735830001
10275,1100550,HAROLD,FENELON,2017-08-04,4,8,2017,14,6,4,9,,,0,,1,1,1,25,2,2,2,5,0,0,0,0,true,,false,false,false,false,false,,,,,,false,false,true,,,false,false,false,false,false,-83.05071,42.40515,"{
  ""coordinates"": [
    -8.305070933400000e+01,
    4.240515085900010e+01
  ],
  ""type"": ""Point""
}","{
  ""coordinates"": [
    -83.050709334,
    42.405150859
  ],
  ""type"": ""Point""
}",-83.050709334,42.4051508590001
10276,1104115,M-39,JOY,2017-08-04,4,8,2017,23,6,1,3,,1,1,,1,1,4,55,3,1,1,4,0,0,0,1,false,,false,false,false,false,false,,,,,,false,true,false,,,false,false,false,false,false,-83.21626,42.35423,"{
  ""coordinates"": [
    -8.321625986299991e+01,
    4.235423222400000e+01
  ],
  ""type"": ""Point""
}","{
  ""coordinates"": [
    -83.216259863,
    42.354232224
  ],
  ""type"": ""Point""
}",-83.2162598629999,42.354232224
10277,1108593,M-39,FENKELL,2017-08-04,4,8,2017,16,6,5,3,,1,0,,1,2,1,55,3,2,4,5,0,0,0,0,true,,false,false,false,false,false,,,,,,false,true,false,,,false,false,false,false,false,-83.21837,42.40195,"{
  ""coordinates"": [
    -8.321836483000000e+01,
    4.240194890600000e+01
  ],
  ""type"": ""Point""
}","{
  ""coordinates"": [
    -83.21836483,
    42.401948906
  ],
  ""type"": ""Point""
}",-83.21836483,42.401948906
10278,1106173,SHERIDAN,CHARLEVOIX,2017-08-04,4,8,2017,16,6,10,9,,,3,,1,2,1,25,3,2,0,5,0,0,0,0,true,,false,false,true,false,false,,,,,,false,true,false,,,false,false,false,false,false,-83.00759,42.36084,"{
  ""coordinates"": [
    -8.300759119400000e+01,
    4.236083943400010e+01
  ],
  ""type"": ""Point""
}","{
  ""coordinates"": [
    -83.007591194,
    42.360839434
  ],
  ""type"": ""Point""
}",-83.007591194,42.3608394340001
10279,1104111,N I 75,RAMP 216B,2017-08-04,4,8,2017,18,6,5,1,,1,0,,1,2,1,70,4,2,2,5,0,0,0,0,true,,false,false,false,false,false,,,,,,false,false,false,,,false,false,false,false,false,-83.05741,42.36744,"{
  ""coordinates"": [
    -8.305741152900001e+01,
    4.236744420100010e+01
  ],
  ""type"": ""Point""
}","{
  ""coordinates"": [
    -83.057411529,
    42.367444201
  ],
  ""type"": ""Point""
}",-83.057411529,42.3674442010001
10280,1100527,BEAUBIEN,MONROE,2017-08-04,4,8,2017,21,6,8,9,,4,0,,1,1,5,0,1,2,2,5,0,0,0,0,true,,false,false,false,false,false,,,,,,false,false,false,,,false,false,false,false,false,-83.04245,42.33473,"{
  ""coordinates"": [
    -8.304245106499999e+01,
    4.233472825600010e+01
  ],
  ""type"": ""Point""
}","{
  ""coordinates"": [
    -83.042451065,
    42.334728256
  ],
  ""type"": ""Point""
}",-83.042451065,42.3347282560001
10281,1100499,RAMP 214E,I-94,2017-08-04,4,8,2017,7,6,5,1,,1,0,,1,2,1,55,1,2,2,4,0,0,0,2,false,,false,false,false,false,false,,,,,,false,false,true,,,false,false,false,false,false,-83.08312,42.35532,"{
  ""coordinates"": [
    -8.308312158599990e+01,
    4.235532037600010e+01
  ],
  ""type"": ""Point""
}","{
  ""coordinates"": [
    -83.083121586,
    42.355320376
  ],
  ""type"": ""Point""
}",-83.0831215859999,42.3553203760001
10282,1104110,I-75,HOLBROOK,2017-08-04,4,8,2017,18,6,5,1,,1,0,,1,2,1,70,4,2,2,5,0,0,0,0,true,,false,false,false,false,false,,,,,,false,false,false,,,false,false,false,false,false,-83.06893,42.38781,"{
  ""coordinates"": [
    -8.306893106099990e+01,
    4.238780972700000e+01
  ],
  ""type"": ""Point""
}","{
  ""coordinates"": [
    -83.068931061,
    42.387809727
  ],
  ""type"": ""Point""
}",-83.0689310609999,42.387809727
10283,1100537,MAPLERIDGE,SALTER,2017-08-04,4,8,2017,1,6,8,9,,,0,,1,1,4,0,2,3,0,5,0,0,0,0,true,,false,false,true,false,false,,,,,,false,false,false,,,false,false,false,false,false,-82.96043,42.42921,"{
  ""coordinates"": [
    -8.296042951000000e+01,
    4.242921553900000e+01
  ],
  ""type"": ""Point""
}","{
  ""coordinates"": [
    -82.96042951,
    42.429215539
  ],
  ""type"": ""Point""
}",-82.96042951,42.429215539
10284,1107812,TEMPLE,3RD,2017-08-04,4,8,2017,14,6,3,9,,4,0,,1,1,1,30,4,2,2,5,0,0,0,0,true,,false,false,false,false,false,,,,,,false,false,false,,,false,false,false,false,false,-83.06303,42.34039,"{
  ""coordinates"": [
    -8.306303450900000e+01,
    4.234039292800000e+01
  ],
  ""type"": ""Point""
}","{
  ""coordinates"": [
    -83.063034509,
    42.340392928
  ],
  ""type"": ""Point""
}",-83.063034509,42.340392928
10285,1104104,N M 10,HAMILTON,2017-08-04,4,8,2017,20,6,1,3,,1,1,,1,2,4,55,3,1,1,4,0,0,0,1,false,,false,false,false,false,false,,,,,,false,false,false,,,false,false,false,false,false,-83.09175,42.38121,"{
  ""coordinates"": [
    -8.309174947199990e+01,
    4.238121215700000e+01
  ],
  ""type"": ""Point""
}","{
  ""coordinates"": [
    -83.091749472,
    42.381212157
  ],
  ""type"": ""Point""
}",-83.0917494719999,42.381212157
10286,1107790,GREENFIELD,BELTON,2017-08-04,4,8,2017,15,6,5,9,,2,0,,1,1,1,35,4,2,1,5,0,0,0,0,true,,false,false,true,false,false,,,,,,false,false,false,,,false,false,false,false,false,-83.19677,42.35381,"{
  ""coordinates"": [
    -8.319676962699999e+01,
    4.235381001000010e+01
  ],
  ""type"": ""Point""
}","{
  ""coordinates"": [
    -83.196769627,
    42.35381001
  ],
  ""type"": ""Point""
}",-83.196769627,42.3538100100001
10287,1108594,I-96,EVERGREEN,2017-08-04,4,8,2017,8,6,8,1,,1,0,,1,2,1,70,3,2,2,5,0,0,0,0,true,,false,false,false,false,false,,,,,,false,false,true,,,false,false,false,false,false,-83.23525,42.37957,"{
  ""coordinates"": [
    -8.323524925100000e+01,
    4.237957396000010e+01
  ],
  ""type"": ""Point""
}","{
  ""coordinates"": [
    -83.235249251,
    42.37957396
  ],
  ""type"": ""Point""
}",-83.235249251,42.3795739600001
10288,1108608,I-94,SECOND,2017-08-04,4,8,2017,15,6,5,1,,1,0,,1,1,1,55,3,4,4,5,0,0,0,0,true,,false,false,false,false,false,,,,,,false,false,true,,,false,false,false,false,false,-83.07182,42.36212,"{
  ""coordinates"": [
    -8.307182644600000e+01,
    4.236212166800000e+01
  ],
  ""type"": ""Point""
}","{
  ""coordinates"": [
    -83.071826446,
    42.362121668
  ],
  ""type"": ""Point""
}",-83.071826446,42.362121668
10289,1100519,MOTOR,JAMES COUZENS,2017-08-04,4,8,2017,15,6,10,3,,1,0,,1,1,1,30,4,2,2,5,0,0,0,0,true,,false,false,false,false,false,,,,,,false,false,false,,,false,false,false,false,false,-83.20344,42.44413,"{
  ""coordinates"": [
    -8.320343748099999e+01,
    4.244413540500010e+01
  ],
  ""type"": ""Point""
}","{
  ""coordinates"": [
    -83.203437481,
    42.444135405
  ],
  ""type"": ""Point""
}",-83.203437481,42.4441354050001
10290,1108595,M-39,MCNICHOLS,2017-08-04,4,8,2017,17,6,8,3,,1,0,,1,2,1,55,3,2,2,5,0,0,0,0,true,,false,false,true,false,false,,,,,,false,false,false,,,false,false,false,false,false,-83.21888,42.41623,"{
  ""coordinates"": [
    -8.321887836799991e+01,
    4.241623222100000e+01
  ],
  ""type"": ""Point""
}","{
  ""coordinates"": [
    -83.218878368,
    42.416232221
  ],
  ""type"": ""Point""
}",-83.2188783679999,42.416232221
10291,1100516,TROJAN,ARCHDALE,2017-08-04,4,8,2017,21,6,8,9,,,3,,1,1,5,25,2,2,1,5,0,0,0,0,true,,false,false,false,false,false,,,,,,false,false,false,,,false,false,false,false,false,-83.21747,42.44085,"{
  ""coordinates"": [
    -8.321746911299989e+01,
    4.244085192600010e+01
  ],
  ""type"": ""Point""
}","{
  ""coordinates"": [
    -83.217469113,
    42.440851926
  ],
  ""type"": ""Point""
}",-83.2174691129999,42.4408519260001
10292,1100535,OUTER,GREINER,2017-08-04,4,8,2017,17,6,4,9,,2,0,,1,2,1,35,4,2,2,5,0,0,0,0,true,,false,false,true,false,false,,,,,,false,false,false,,,false,false,false,false,false,-83.01402,42.42696,"{
  ""coordinates"": [
    -8.301401580700001e+01,
    4.242696490900000e+01
  ],
  ""type"": ""Point""
}","{
  ""coordinates"": [
    -83.014015807,
    42.426964909
  ],
  ""type"": ""Point""
}",-83.014015807,42.426964909
10293,1106171,MACK,GRAND,2017-08-04,4,8,2017,7,6,97,9,,4,0,,1,1,1,25,4,3,3,5,0,0,0,0,true,,false,false,false,false,false,,,,,,false,true,true,,,false,false,false,false,false,-83.01327,42.36434,"{
  ""coordinates"": [
    -8.301326970500000e+01,
    4.236434193000010e+01
  ],
  ""type"": ""Point""
}","{
  ""coordinates"": [
    -83.013269705,
    42.36434193
  ],
  ""type"": ""Point""
}",-83.013269705,42.3643419300001
10294,1102465,LARNED,CHENE,2017-08-04,4,8,2017,20,6,4,9,,4,0,,1,1,1,35,3,2,3,5,0,0,0,0,true,,false,false,false,false,false,,,,,,false,false,false,,,false,false,false,false,false,-83.02311,42.33897,"{
  ""coordinates"": [
    -8.302311275100000e+01,
    4.233896906200000e+01
  ],
  ""type"": ""Point""
}","{
  ""coordinates"": [
    -83.023112751,
    42.338969062
  ],
  ""type"": ""Point""
}",-83.023112751,42.338969062
10295,1099351,PLYMOUTH,APPOLINE,2017-08-04,4,8,2017,0,6,8,9,,4,0,,1,1,5,30,2,4,0,5,0,0,0,0,true,,false,false,true,false,false,,,,,,false,false,false,,,false,false,false,false,false,-83.16908,42.37321,"{
  ""coordinates"": [
    -8.316907427900000e+01,
    4.237321631000000e+01
  ],
  ""type"": ""Point""
}","{
  ""coordinates"": [
    -83.169074279,
    42.37321631
  ],
  ""type"": ""Point""
}",-83.169074279,42.37321631
10296,1133140,7 MILE,CONCORD,2017-08-04,4,8,2017,18,6,8,9,,4,0,,1,1,1,30,2,2,4,1,1,1,0,0,false,,false,false,false,false,false,,,,,,false,false,false,,,false,false,true,false,false,-83.03238,42.43381,"{
  ""coordinates"": [
    -8.303238237100000e+01,
    4.243381065200000e+01
  ],
  ""type"": ""Point""
}","{
  ""coordinates"": [
    -83.032382371,
    42.433810652
  ],
  ""type"": ""Point""
}",-83.032382371,42.433810652
10297,1102518,STATE FAIR,RUSSELL,2017-08-04,4,8,2017,18,6,4,9,,4,0,,1,1,1,30,4,2,2,5,0,0,0,0,true,,true,true,false,false,false,,,,,,false,false,true,,,false,false,false,false,false,-83.09088,42.43988,"{
  ""coordinates"": [
    -8.309087989999990e+01,
    4.243987832300010e+01
  ],
  ""type"": ""Point""
}","{
  ""coordinates"": [
    -83.0908799,
    42.439878323
  ],
  ""type"": ""Point""
}",-83.0908798999999,42.4398783230001
10298,1108609,I-94,SECOND,2017-08-04,4,8,2017,16,6,5,1,,1,0,,1,1,1,55,3,2,5,4,0,0,0,2,false,,false,false,false,false,false,,,,,,false,false,false,,,false,false,false,false,false,-83.07197,42.36204,"{
  ""coordinates"": [
    -8.307196491900000e+01,
    4.236204085900000e+01
  ],
  ""type"": ""Point""
}","{
  ""coordinates"": [
    -83.071964919,
    42.362040859
  ],
  ""type"": ""Point""
}",-83.071964919,42.362040859
10299,1100549,CONANT,ST AUBIN,2017-08-04,4,8,2017,18,6,9,9,,4,2,,1,1,1,30,2,2,1,5,0,0,0,0,true,,false,false,false,false,false,,,,,,false,false,true,,,false,false,false,false,false,-83.08183,42.44428,"{
  ""coordinates"": [
    -8.308183107399999e+01,
    4.244427882800010e+01
  ],
  ""type"": ""Point""
}","{
  ""coordinates"": [
    -83.081831074,
    42.444278828
  ],
  ""type"": ""Point""
}",-83.081831074,42.4442788280001
10300,1102421,DEXTER,GRAND,2017-08-04,4,8,2017,18,6,4,9,,4,0,,1,1,1,25,3,2,2,4,0,0,0,1,false,,false,false,false,false,false,,,,,,false,false,false,,,false,false,false,false,false,-83.13191,42.39131,"{
  ""coordinates"": [
    -8.313191410500001e+01,
    4.239130879200010e+01
  ],
  ""type"": ""Point""
}","{
  ""coordinates"": [
    -83.131914105,
    42.391308792
  ],
  ""type"": ""Point""
}",-83.131914105,42.3913087920001
10301,1104136,PIEDMONT,SCHOOLCRAFT,2017-08-04,4,8,2017,22,6,97,9,,,0,,1,1,3,25,2,2,0,5,0,0,0,0,true,,false,false,false,false,false,,,,,,false,false,false,,,false,false,false,false,false,-83.22971,42.38725,"{
  ""coordinates"": [
    -8.322970971599990e+01,
    4.238724698600000e+01
  ],
  ""type"": ""Point""
}","{
  ""coordinates"": [
    -83.229709716,
    42.387246986
  ],
  ""type"": ""Point""
}",-83.2297097159999,42.387246986
10302,1100507,MONTE VISTA,BUENA VISTA,2017-08-04,4,8,2017,11,6,10,9,,,0,,1,1,1,25,1,2,2,5,0,0,0,0,true,,false,false,false,false,false,,,,,,false,false,false,,,false,false,false,false,false,-83.16639,42.38319,"{
  ""coordinates"": [
    -8.316639108299999e+01,
    4.238318621900000e+01
  ],
  ""type"": ""Point""
}","{
  ""coordinates"": [
    -83.166391083,
    42.383186219
  ],
  ""type"": ""Point""
}",-83.166391083,42.383186219
10303,1101608,WYOMING,OUTER,2017-08-04,4,8,2017,13,6,5,9,,4,0,,1,1,1,35,4,2,4,5,0,0,0,0,true,,false,false,true,false,false,,,,,,false,false,false,,,false,false,false,false,false,-83.16111,42.43527,"{
  ""coordinates"": [
    -8.316111307900000e+01,
    4.243526868400010e+01
  ],
  ""type"": ""Point""
}","{
  ""coordinates"": [
    -83.161113079,
    42.435268684
  ],
  ""type"": ""Point""
}",-83.161113079,42.4352686840001
10304,1102423,MADISON,BRUSH,2017-08-04,4,8,2017,23,6,10,9,,4,0,,1,1,4,20,2,2,3,5,0,0,0,0,true,,false,false,false,false,false,,,,,,false,false,false,,,false,false,false,false,false,-83.04607,42.33731,"{
  ""coordinates"": [
    -8.304607064500000e+01,
    4.233731138400000e+01
  ],
  ""type"": ""Point""
}","{
  ""coordinates"": [
    -83.046070645,
    42.337311384
  ],
  ""type"": ""Point""
}",-83.046070645,42.337311384
10305,1100553,BURNSIDE,GODDARD,2017-08-04,4,8,2017,19,6,8,9,,,0,,1,1,1,25,1,2,0,5,0,0,0,0,true,,false,false,true,false,false,,,,,,false,false,false,,,false,false,false,false,false,-83.06994,42.40593,"{
  ""coordinates"": [
    -8.306994073800000e+01,
    4.240592891700000e+01
  ],
  ""type"": ""Point""
}","{
  ""coordinates"": [
    -83.069940738,
    42.405928917
  ],
  ""type"": ""Point""
}",-83.069940738,42.405928917
10306,1107758,S I 75,RAMP 037C,2017-08-04,4,8,2017,6,6,8,1,,1,0,,1,2,1,55,4,2,2,5,0,0,0,0,true,,false,false,true,false,false,,,,,,false,false,true,,,false,false,false,false,false,-83.08455,42.33238,"{
  ""coordinates"": [
    -8.308455147300000e+01,
    4.233238097000000e+01
  ],
  ""type"": ""Point""
}","{
  ""coordinates"": [
    -83.084551473,
    42.33238097
  ],
  ""type"": ""Point""
}",-83.084551473,42.33238097
10307,1114626,TIREMAN,CHASE,2017-08-03,3,8,2017,15,5,4,9,,2,0,,1,1,1,30,2,2,6,4,0,0,0,3,false,,false,false,false,false,false,,,,,,false,false,false,,,false,false,false,false,false,-83.1869,42.35109,"{
  ""coordinates"": [
    -8.318690637100001e+01,
    4.235108556400010e+01
  ],
  ""type"": ""Point""
}","{
  ""coordinates"": [
    -83.186906371,
    42.351085564
  ],
  ""type"": ""Point""
}",-83.186906371,42.3510855640001
10308,1102427,MICHIGAN,WABASH,2017-08-03,3,8,2017,20,5,10,2,,1,0,,1,1,4,25,2,2,0,5,0,0,0,0,true,,false,false,true,false,false,,,,,,false,false,false,,,false,false,true,false,false,-83.07491,42.33138,"{
  ""coordinates"": [
    -8.307491138599990e+01,
    4.233138131700010e+01
  ],
  ""type"": ""Point""
}","{
  ""coordinates"": [
    -83.074911386,
    42.331381317
  ],
  ""type"": ""Point""
}",-83.0749113859999,42.3313813170001
10309,1099377,TELEGRAPH,GRAND RIVER,2017-08-03,3,8,2017,9,5,8,2,,1,0,,1,1,1,40,3,2,2,5,0,0,0,0,true,,false,false,false,false,false,,,,,,false,true,false,,,false,false,false,false,false,-83.27782,42.42447,"{
  ""coordinates"": [
    -8.327781301000000e+01,
    4.242446426900010e+01
  ],
  ""type"": ""Point""
}","{
  ""coordinates"": [
    -83.27781301,
    42.424464269
  ],
  ""type"": ""Point""
}",-83.27781301,42.4244642690001
10310,1099376,SCHOOLCRAFT,EVERGREEN,2017-08-03,3,8,2017,6,5,97,9,,2,0,,1,1,1,35,4,2,2,5,0,0,0,0,true,,false,false,false,false,false,,,,,,false,false,false,,,false,false,false,false,false,-83.23712,42.38625,"{
  ""coordinates"": [
    -8.323712360899999e+01,
    4.238625448000000e+01
  ],
  ""type"": ""Point""
}","{
  ""coordinates"": [
    -83.237123609,
    42.38625448
  ],
  ""type"": ""Point""
}",-83.237123609,42.38625448
10311,1099359,ROSA PARKS,STANLEY,2017-08-03,3,8,2017,10,5,4,9,,4,0,,1,2,1,30,3,2,2,4,0,0,0,1,false,,false,false,false,false,false,,,,,,false,false,false,,,false,false,false,false,false,-83.0864,42.35676,"{
  ""coordinates"": [
    -8.308639430800000e+01,
    4.235675934200000e+01
  ],
  ""type"": ""Point""
}","{
  ""coordinates"": [
    -83.086394308,
    42.356759342
  ],
  ""type"": ""Point""
}",-83.086394308,42.356759342
10312,1102522,OHIO,CURTIS,2017-08-03,3,8,2017,12,5,98,9,,,3,,1,1,1,25,2,2,0,5,0,0,0,0,true,,false,false,true,false,false,,,,,,false,false,false,,,false,false,false,false,false,-83.15632,42.42355,"{
  ""coordinates"": [
    -8.315632020500000e+01,
    4.242355037800010e+01
  ],
  ""type"": ""Point""
}","{
  ""coordinates"": [
    -83.156320205,
    42.423550378
  ],
  ""type"": ""Point""
}",-83.156320205,42.4235503780001
10313,1099395,CLAIRMOUNT,ROSA PARKS,2017-08-03,3,8,2017,15,5,5,9,,4,0,,1,1,1,25,2,2,3,5,0,0,0,0,true,,false,false,false,false,false,,,,,,false,false,true,,,false,false,false,false,false,-83.09906,42.37654,"{
  ""coordinates"": [
    -8.309906189400000e+01,
    4.237653646900000e+01
  ],
  ""type"": ""Point""
}","{
  ""coordinates"": [
    -83.099061894,
    42.376536469
  ],
  ""type"": ""Point""
}",-83.099061894,42.376536469
10314,1111585,MCNICHOLS,PENNINGTON,2017-08-03,3,8,2017,17,5,8,9,,4,0,,1,2,4,25,2,2,3,5,0,0,0,0,true,,false,false,true,false,false,,,,,,false,false,true,,,false,false,false,false,false,-83.14754,42.41713,"{
  ""coordinates"": [
    -8.314754367300000e+01,
    4.241712973400010e+01
  ],
  ""type"": ""Point""
}","{
  ""coordinates"": [
    -83.147543673,
    42.417129734
  ],
  ""type"": ""Point""
}",-83.147543673,42.4171297340001
10315,1101581,ELM,TRUMBULL,2017-08-03,3,8,2017,17,5,4,9,,,0,,1,1,1,0,2,2,1,5,0,0,0,0,true,,false,false,true,false,false,,,,,,false,false,false,,,false,false,false,false,false,-83.07147,42.33944,"{
  ""coordinates"": [
    -8.307147104700000e+01,
    4.233943921300000e+01
  ],
  ""type"": ""Point""
}","{
  ""coordinates"": [
    -83.071471047,
    42.339439213
  ],
  ""type"": ""Point""
}",-83.071471047,42.339439213
10316,1102511,GRANDRIVER,FISHER,2017-08-03,3,8,2017,13,5,5,3,,1,0,,1,1,1,35,4,2,3,5,0,0,0,0,true,,false,false,false,false,false,,,,,,false,false,false,,,false,false,false,false,false,-83.05913,42.33649,"{
  ""coordinates"": [
    -8.305912533599999e+01,
    4.233649509500000e+01
  ],
  ""type"": ""Point""
}","{
  ""coordinates"": [
    -83.059125336,
    42.336495095
  ],
  ""type"": ""Point""
}",-83.059125336,42.336495095
10317,1100494,I-75,CANIFF,2017-08-03,3,8,2017,1,5,1,1,,1,0,,1,1,4,70,4,1,1,5,0,0,0,0,true,,false,false,false,false,false,,,,,,false,false,false,,,false,false,false,false,false,-83.0697,42.38965,"{
  ""coordinates"": [
    -8.306970012799999e+01,
    4.238964776400010e+01
  ],
  ""type"": ""Point""
}","{
  ""coordinates"": [
    -83.069700128,
    42.389647764
  ],
  ""type"": ""Point""
}",-83.069700128,42.3896477640001
10318,1101580,WESSON,MICHIGAN,2017-08-03,3,8,2017,14,5,3,2,,,0,,1,1,1,35,7,2,1,5,0,0,0,0,true,,false,false,true,false,false,,,,,,false,false,false,,,false,false,false,false,false,-83.11552,42.3311,"{
  ""coordinates"": [
    -8.311552094000000e+01,
    4.233109697300010e+01
  ],
  ""type"": ""Point""
}","{
  ""coordinates"": [
    -83.11552094,
    42.331096973
  ],
  ""type"": ""Point""
}",-83.11552094,42.3310969730001
10319,1102513,JOHN R,OWENS,2017-08-03,3,8,2017,11,5,5,9,,4,0,,1,1,1,35,2,2,3,5,0,0,0,0,true,,false,false,true,false,false,,,,,,false,false,false,,,false,false,false,false,false,-83.07857,42.38371,"{
  ""coordinates"": [
    -8.307856992599990e+01,
    4.238371134700000e+01
  ],
  ""type"": ""Point""
}","{
  ""coordinates"": [
    -83.078569926,
    42.383711347
  ],
  ""type"": ""Point""
}",-83.0785699259999,42.383711347
10320,1099401,MOUND,8 MILE,2017-08-03,3,8,2017,10,5,4,3,,2,0,,1,1,1,35,6,2,3,5,0,0,0,0,true,,false,false,true,false,false,,,,,,false,false,false,,,false,false,false,false,false,-83.04428,42.44777,"{
  ""coordinates"": [
    -8.304427752399990e+01,
    4.244777205800010e+01
  ],
  ""type"": ""Point""
}","{
  ""coordinates"": [
    -83.044277524,
    42.447772058
  ],
  ""type"": ""Point""
}",-83.0442775239999,42.4477720580001
10321,1106997,4TH,S I 75 SERVICE DRIVE,2017-08-03,3,8,2017,2,5,1,1,,,1,,1,1,5,0,1,1,0,5,0,0,0,0,true,,false,false,false,false,false,,,,,,false,false,false,,,false,false,false,false,false,-83.06157,42.33633,"{
  ""coordinates"": [
    -8.306156940400000e+01,
    4.233633292600010e+01
  ],
  ""type"": ""Point""
}","{
  ""coordinates"": [
    -83.061569404,
    42.336332926
  ],
  ""type"": ""Point""
}",-83.061569404,42.3363329260001
10322,1098422,7 MILE,MITCHELL,2017-08-03,3,8,2017,0,5,97,9,,4,0,,1,1,4,30,4,3,2,5,0,0,0,0,true,,false,false,false,false,false,,,,,,false,false,true,,,false,false,false,false,false,-83.07172,42.43295,"{
  ""coordinates"": [
    -8.307171381900000e+01,
    4.243294921100010e+01
  ],
  ""type"": ""Point""
}","{
  ""coordinates"": [
    -83.071713819,
    42.432949211
  ],
  ""type"": ""Point""
}",-83.071713819,42.4329492110001
10323,1102498,WOODINGHAM,MCNICHOLS1,2017-08-03,3,8,2017,16,5,4,9,,,0,,1,1,1,25,2,2,1,3,0,0,1,0,false,,false,false,false,false,false,,,,,,false,false,false,,,false,false,false,false,false,-83.15005,42.41574,"{
  ""coordinates"": [
    -8.315004908600000e+01,
    4.241573997400010e+01
  ],
  ""type"": ""Point""
}","{
  ""coordinates"": [
    -83.150049086,
    42.415739974
  ],
  ""type"": ""Point""
}",-83.150049086,42.4157399740001