ObjectId,Crash ID,Primary Road,Intersecting Road,Crash Date,Day,Month,Year,Hour,Weekday,Crash Type Code,Highway Classification Code,Community Code,Jurisdiction Code,Lane Departure Type Code,Surface Type,Road Condition,Weather Condition,Lighting Condition,Speed Limit,Lanes,Units,Occupants,Most Severe Injury,Fatal Injuries,Suspected Serious Injuries,Suspected Minor Injuries,Possible Injuries,Property Damage Only,Secondary Crash,Traffic Control,Red Light Run,Hit and Run,Alcohol,Drugs,Unbelted Person,Work Zone,Speeding Driver,Distracted Driver,Driveway,Pedestrian,Elderly Driver,Young Driver,Commercial Vehicle,Emergency Vehicles,Train,School Bus,Motorcycle,Bicycle,Deer,Longitude,Latitude,geom,geog,x,y
10324,1099358,GRAND RIVER,2ND,2017-08-03,3,8,2017,8,5,5,3,,1,0,,1,1,1,35,3,2,2,5,0,0,0,0,true,,false,false,false,false,false,,,,,,false,false,false,,,false,false,false,false,false,-83.05827,42.33612,"{
  ""coordinates"": [
    -8.305826780699989e+01,
    4.233612562500010e+01
  ],
  ""type"": ""Point""
}","{
  ""coordinates"": [
    -83.058267807,
    42.336125625
  ],
  ""type"": ""Point""
}",-83.0582678069999,42.3361256250001
10325,1106952,W/B I-96,M-39,2017-08-03,3,8,2017,14,5,1,1,,1,0,,1,1,1,70,3,1,1,5,0,0,0,0,true,,false,false,false,false,false,,,,,,false,false,false,,,false,false,false,false,false,-83.22005,42.37867,"{
  ""coordinates"": [
    -8.322004453700001e+01,
    4.237867164300010e+01
  ],
  ""type"": ""Point""
}","{
  ""coordinates"": [
    -83.220044537,
    42.378671643
  ],
  ""type"": ""Point""
}",-83.220044537,42.3786716430001
10326,1106186,GRATIOT,WARREN,2017-08-03,3,8,2017,15,5,5,3,,1,0,,1,1,1,35,9,2,2,4,0,0,0,1,false,,false,false,false,false,false,,,,,,false,true,false,,,false,false,false,false,false,-83.01786,42.37405,"{
  ""coordinates"": [
    -8.301786124499991e+01,
    4.237404776500010e+01
  ],
  ""type"": ""Point""
}","{
  ""coordinates"": [
    -83.017861245,
    42.374047765
  ],
  ""type"": ""Point""
}",-83.0178612449999,42.3740477650001
10327,1102524,MCNICHOLS,PONTCHARTRAIN,2017-08-03,3,8,2017,16,5,5,9,,4,0,,1,1,1,30,5,2,1,5,0,0,0,0,true,,false,false,true,false,false,,,,,,false,false,false,,,false,false,false,false,false,-83.11634,42.41759,"{
  ""coordinates"": [
    -8.311633718300000e+01,
    4.241758805900000e+01
  ],
  ""type"": ""Point""
}","{
  ""coordinates"": [
    -83.116337183,
    42.417588059
  ],
  ""type"": ""Point""
}",-83.116337183,42.417588059
10328,1099362,FORT,RAMP 029C,2017-08-03,3,8,2017,3,5,8,3,,1,0,,1,1,4,25,2,2,2,3,0,0,1,1,false,,false,false,true,false,false,,,,,,false,false,true,,,false,false,false,false,false,-83.15395,42.27738,"{
  ""coordinates"": [
    -8.315395030699990e+01,
    4.227737920400010e+01
  ],
  ""type"": ""Point""
}","{
  ""coordinates"": [
    -83.153950307,
    42.277379204
  ],
  ""type"": ""Point""
}",-83.1539503069999,42.2773792040001
10329,1122618,PETERBORO,CORNERSTONE25,2017-08-03,3,8,2017,21,5,8,9,,,0,,2,1,2,25,2,2,2,5,0,0,0,0,true,,false,false,false,false,false,,,,,,false,false,false,,,false,false,false,false,false,-83.06628,42.34237,"{
  ""coordinates"": [
    -8.306627553600001e+01,
    4.234236703100000e+01
  ],
  ""type"": ""Point""
}","{
  ""coordinates"": [
    -83.066275536,
    42.342367031
  ],
  ""type"": ""Point""
}",-83.066275536,42.342367031
10330,1099397,LIVERNOIS,LYNDON,2017-08-03,3,8,2017,13,5,4,9,,4,0,,1,1,1,35,4,2,2,5,0,0,0,0,true,,true,true,false,false,false,,,,,,false,false,false,,,false,false,false,false,false,-83.14002,42.39542,"{
  ""coordinates"": [
    -8.314002144499990e+01,
    4.239542222500010e+01
  ],
  ""type"": ""Point""
}","{
  ""coordinates"": [
    -83.140021445,
    42.395422225
  ],
  ""type"": ""Point""
}",-83.1400214449999,42.3954222250001
10331,1100518,GREENFIELD,PURITAN,2017-08-03,3,8,2017,17,5,5,9,,2,0,,1,1,1,35,5,2,2,5,0,0,0,0,true,,false,false,false,false,false,,,,,,false,false,true,,,false,false,false,false,false,-83.19901,42.40876,"{
  ""coordinates"": [
    -8.319901260099989e+01,
    4.240875909900010e+01
  ],
  ""type"": ""Point""
}","{
  ""coordinates"": [
    -83.199012601,
    42.408759099
  ],
  ""type"": ""Point""
}",-83.1990126009999,42.4087590990001
10332,1196612,ANDOVER,EMERY,2017-08-03,3,8,2017,7,5,8,9,,,0,,1,1,1,25,1,3,1,5,0,0,0,0,true,,false,false,false,false,false,,,,,,false,false,true,,,false,false,false,false,false,-83.09921,42.43489,"{
  ""coordinates"": [
    -8.309921260999990e+01,
    4.243489622300010e+01
  ],
  ""type"": ""Point""
}","{
  ""coordinates"": [
    -83.09921261,
    42.434896223
  ],
  ""type"": ""Point""
}",-83.0992126099999,42.4348962230001
10333,1106948,I-96,M-39,2017-08-03,3,8,2017,15,5,5,1,,1,0,,1,1,1,55,4,2,2,5,0,0,0,0,true,,false,false,false,false,false,,,,,,false,false,false,,,false,false,false,false,false,-83.22195,42.37828,"{
  ""coordinates"": [
    -8.322194860099999e+01,
    4.237828419700000e+01
  ],
  ""type"": ""Point""
}","{
  ""coordinates"": [
    -83.221948601,
    42.378284197
  ],
  ""type"": ""Point""
}",-83.221948601,42.378284197
10334,1107024,ASBURY,VASSAR,2017-08-03,3,8,2017,13,5,97,9,,4,0,,1,1,1,25,2,2,3,2,0,1,1,0,false,,true,false,false,false,false,,,,,,false,false,false,,,false,false,false,false,false,-83.20972,42.43396,"{
  ""coordinates"": [
    -8.320972714700000e+01,
    4.243396465500010e+01
  ],
  ""type"": ""Point""
}","{
  ""coordinates"": [
    -83.209727147,
    42.433964655
  ],
  ""type"": ""Point""
}",-83.209727147,42.4339646550001
10335,1106179,GRATIOT,ST AUBIN,2017-08-03,3,8,2017,15,5,8,3,,1,0,,1,1,1,30,6,2,0,5,0,0,0,0,true,,false,false,true,false,false,,,,,,false,false,false,,,false,false,false,false,false,-83.03417,42.34946,"{
  ""coordinates"": [
    -8.303417198800000e+01,
    4.234946453300010e+01
  ],
  ""type"": ""Point""
}","{
  ""coordinates"": [
    -83.034171988,
    42.349464533
  ],
  ""type"": ""Point""
}",-83.034171988,42.3494645330001
10336,1098427,N I 75,8 MILE,2017-08-03,3,8,2017,2,5,4,1,,1,0,,1,1,5,40,4,2,2,3,0,0,1,1,false,,false,false,false,false,false,,,,,,false,false,false,,,false,false,false,false,false,-83.09469,42.44682,"{
  ""coordinates"": [
    -8.309469017299990e+01,
    4.244682412800010e+01
  ],
  ""type"": ""Point""
}","{
  ""coordinates"": [
    -83.094690173,
    42.446824128
  ],
  ""type"": ""Point""
}",-83.0946901729999,42.4468241280001
10337,1100506,DAVISON,LIVERNOIS,2017-08-03,3,8,2017,15,5,8,3,,1,0,,1,1,1,0,4,2,2,5,0,0,0,0,true,,false,false,true,false,false,,,,,,false,false,false,,,false,false,false,false,false,-83.13972,42.38669,"{
  ""coordinates"": [
    -8.313971901500000e+01,
    4.238668933100010e+01
  ],
  ""type"": ""Point""
}","{
  ""coordinates"": [
    -83.139719015,
    42.386689331
  ],
  ""type"": ""Point""
}",-83.139719015,42.3866893310001
10338,1102458,BURT,CHICAGO,2017-08-03,3,8,2017,8,5,8,9,,,0,,1,1,1,25,2,2,1,5,0,0,0,0,true,,false,false,false,false,false,,,,,,false,false,false,,,false,false,false,false,false,-83.24591,42.36426,"{
  ""coordinates"": [
    -8.324590946799999e+01,
    4.236426322800000e+01
  ],
  ""type"": ""Point""
}","{
  ""coordinates"": [
    -83.245909468,
    42.364263228
  ],
  ""type"": ""Point""
}",-83.245909468,42.364263228
10339,1100534,GRATIOT,CONNER,2017-08-03,3,8,2017,21,5,8,3,,1,0,,2,2,4,35,7,2,2,5,0,0,0,0,true,,false,false,false,false,false,,,,,,false,false,true,,,false,false,false,false,false,-82.99754,42.40487,"{
  ""coordinates"": [
    -8.299753307600000e+01,
    4.240486415700010e+01
  ],
  ""type"": ""Point""
}","{
  ""coordinates"": [
    -82.997533076,
    42.404864157
  ],
  ""type"": ""Point""
}",-82.997533076,42.4048641570001
10340,1099357,GRAND,M 10 SERVICE,2017-08-03,3,8,2017,11,5,4,9,,,0,,1,1,1,35,3,2,1,5,0,0,0,0,true,,true,true,true,false,false,,,,,,false,false,false,,,false,false,false,false,false,-83.1125,42.39858,"{
  ""coordinates"": [
    -8.311250048999990e+01,
    4.239858295600000e+01
  ],
  ""type"": ""Point""
}","{
  ""coordinates"": [
    -83.11250049,
    42.398582956
  ],
  ""type"": ""Point""
}",-83.1125004899999,42.398582956
10341,1106953,W I 96,RAMP 213H,2017-08-03,3,8,2017,14,5,5,1,,1,0,,1,1,1,55,4,2,11,5,0,0,0,0,true,,false,false,false,false,false,,,,,,false,false,true,,,false,false,false,false,false,-83.09614,42.34567,"{
  ""coordinates"": [
    -8.309613980200000e+01,
    4.234566823800000e+01
  ],
  ""type"": ""Point""
}","{
  ""coordinates"": [
    -83.096139802,
    42.345668238
  ],
  ""type"": ""Point""
}",-83.096139802,42.345668238
10342,1102506,LIVERNOIS,HUGHES,2017-08-03,3,8,2017,11,5,8,9,,4,0,,1,2,1,30,3,3,4,5,0,0,0,0,true,,false,false,false,false,false,,,,,,false,false,true,,,false,false,false,false,false,-83.14043,42.40516,"{
  ""coordinates"": [
    -8.314043646499989e+01,
    4.240516416100010e+01
  ],
  ""type"": ""Point""
}","{
  ""coordinates"": [
    -83.140436465,
    42.405164161
  ],
  ""type"": ""Point""
}",-83.1404364649999,42.4051641610001
10343,1111548,E I 96 SERVICE DRIVE,GRAND RIVER,2017-08-03,3,8,2017,8,5,8,1,,1,0,,1,1,1,30,2,2,2,5,0,0,0,0,true,,false,false,true,false,false,,,,,,false,false,false,,,false,false,false,false,false,-83.1753,42.38328,"{
  ""coordinates"": [
    -8.317530150200000e+01,
    4.238328262400010e+01
  ],
  ""type"": ""Point""
}","{
  ""coordinates"": [
    -83.175301502,
    42.383282624
  ],
  ""type"": ""Point""
}",-83.175301502,42.3832826240001
10344,1099371,JEFFERSON,CONNER,2017-08-03,3,8,2017,1,5,1,9,,4,0,,1,1,5,35,6,1,1,5,0,0,0,0,true,,false,false,false,false,false,,,,,,false,false,false,,,false,false,false,false,false,-82.95918,42.36998,"{
  ""coordinates"": [
    -8.295917355200000e+01,
    4.236997939200010e+01
  ],
  ""type"": ""Point""
}","{
  ""coordinates"": [
    -82.959173552,
    42.369979392
  ],
  ""type"": ""Point""
}",-82.959173552,42.3699793920001
10345,1106945,I-94,BRUSH,2017-08-03,3,8,2017,11,5,5,1,,1,0,,1,1,1,55,3,3,3,5,0,0,0,0,true,,false,false,false,false,false,,,,,,false,false,true,,,false,false,false,false,false,-83.06439,42.36584,"{
  ""coordinates"": [
    -8.306439548400000e+01,
    4.236584385400000e+01
  ],
  ""type"": ""Point""
}","{
  ""coordinates"": [
    -83.064395484,
    42.365843854
  ],
  ""type"": ""Point""
}",-83.064395484,42.365843854
10346,1106170,GRATIOT,VAN DYKE,2017-08-03,3,8,2017,21,5,8,3,,1,0,,1,2,4,35,7,3,4,2,0,1,0,0,false,,false,false,false,false,false,,,,,,false,false,true,,,false,false,false,false,false,-83.01452,42.37908,"{
  ""coordinates"": [
    -8.301451894000000e+01,
    4.237907792500000e+01
  ],
  ""type"": ""Point""
}","{
  ""coordinates"": [
    -83.01451894,
    42.379077925
  ],
  ""type"": ""Point""
}",-83.01451894,42.379077925
10347,1106946,I-94,GRANDRIVER,2017-08-03,3,8,2017,13,5,5,1,,1,0,,1,1,1,55,3,4,5,4,0,0,0,2,false,,false,false,false,false,false,,,,,,false,false,true,,,false,false,false,false,false,-83.09564,42.35133,"{
  ""coordinates"": [
    -8.309563993899999e+01,
    4.235133114000010e+01
  ],
  ""type"": ""Point""
}","{
  ""coordinates"": [
    -83.095639939,
    42.35133114
  ],
  ""type"": ""Point""
}",-83.095639939,42.3513311400001
10348,1099373,WOODMONT,ACACIA,2017-08-03,3,8,2017,11,5,10,9,,,3,,1,1,1,25,1,2,1,5,0,0,0,0,true,,false,false,false,false,false,,,,,,false,true,false,,,false,false,false,false,false,-83.2095,42.39125,"{
  ""coordinates"": [
    -8.320949843100000e+01,
    4.239124631500000e+01
  ],
  ""type"": ""Point""
}","{
  ""coordinates"": [
    -83.209498431,
    42.391246315
  ],
  ""type"": ""Point""
}",-83.209498431,42.391246315
10349,1106157,VAN DYKE,ST PUAL,2017-08-03,3,8,2017,8,5,9,9,,4,0,,1,1,1,0,4,2,2,5,0,0,0,0,true,,false,false,false,false,false,,,,,,false,false,false,,,false,false,false,false,false,-82.99889,42.35698,"{
  ""coordinates"": [
    -8.299889435700000e+01,
    4.235697935500010e+01
  ],
  ""type"": ""Point""
}","{
  ""coordinates"": [
    -82.998894357,
    42.356979355
  ],
  ""type"": ""Point""
}",-82.998894357,42.3569793550001
10350,1102416,JEFFERSON,BEAUBIEN,2017-08-03,3,8,2017,17,5,8,4,,1,0,,1,1,1,35,4,2,3,5,0,0,0,0,true,,false,false,false,false,false,,,,,,false,false,false,,,false,false,false,false,false,-83.0396,42.33062,"{
  ""coordinates"": [
    -8.303960063800000e+01,
    4.233061746600000e+01
  ],
  ""type"": ""Point""
}","{
  ""coordinates"": [
    -83.039600638,
    42.330617466
  ],
  ""type"": ""Point""
}",-83.039600638,42.330617466
10351,1102505,PURITAN,BAYLIS,2017-08-03,3,8,2017,13,5,1,9,,4,0,,1,1,1,30,2,2,1,4,0,0,0,1,false,,false,false,false,false,false,,,,,,true,false,false,,,false,false,false,false,false,-83.12373,42.41025,"{
  ""coordinates"": [
    -8.312373017499991e+01,
    4.241024854200000e+01
  ],
  ""type"": ""Point""
}","{
  ""coordinates"": [
    -83.123730175,
    42.410248542
  ],
  ""type"": ""Point""
}",-83.1237301749999,42.410248542
10352,1106916,S/B I-375,JEFFERSON,2017-08-03,3,8,2017,8,5,5,7,,1,0,,1,1,1,55,3,3,3,4,0,0,0,1,false,,false,false,false,false,false,,,,,,false,false,true,,,false,false,false,false,false,-83.04346,42.34372,"{
  ""coordinates"": [
    -8.304345406899991e+01,
    4.234372181700010e+01
  ],
  ""type"": ""Point""
}","{
  ""coordinates"": [
    -83.043454069,
    42.343721817
  ],
  ""type"": ""Point""
}",-83.0434540689999,42.3437218170001
10353,1099366,CHANDLER PARK,FARMBROOK,2017-08-03,3,8,2017,8,5,4,9,,2,0,,1,1,1,35,2,2,3,5,0,0,0,0,true,,false,false,false,false,false,,,,,,false,false,true,,,false,false,false,false,false,-82.92284,42.41491,"{
  ""coordinates"": [
    -8.292283608500000e+01,
    4.241490613000010e+01
  ],
  ""type"": ""Point""
}","{
  ""coordinates"": [
    -82.922836085,
    42.41490613
  ],
  ""type"": ""Point""
}",-82.922836085,42.4149061300001
10354,1099392,DICKERSON,LONGVIEW,2017-08-03,3,8,2017,4,5,4,9,,4,0,,1,1,4,30,2,2,1,5,0,0,0,0,true,,false,false,false,false,false,,,,,,false,false,false,,,false,false,false,false,false,-82.97692,42.40834,"{
  ""coordinates"": [
    -8.297692117100000e+01,
    4.240833520100010e+01
  ],
  ""type"": ""Point""
}","{
  ""coordinates"": [
    -82.976921171,
    42.408335201
  ],
  ""type"": ""Point""
}",-82.976921171,42.4083352010001
10355,1103153,TRUMBULL,ELM,2017-08-03,3,8,2017,17,5,4,9,,4,0,,1,2,1,35,4,2,4,5,0,0,0,0,true,,true,false,true,false,false,,,,,,false,false,false,,,false,false,false,false,false,-83.07146,42.33942,"{
  ""coordinates"": [
    -8.307146347100000e+01,
    4.233942571300000e+01
  ],
  ""type"": ""Point""
}","{
  ""coordinates"": [
    -83.071463471,
    42.339425713
  ],
  ""type"": ""Point""
}",-83.071463471,42.339425713
10356,1106954,N M 10,N I 75,2017-08-03,3,8,2017,17,5,5,3,,1,0,,1,2,1,55,3,2,1,5,0,0,0,0,true,,false,false,false,false,false,,,,,,false,false,false,,,false,false,false,false,false,-83.06413,42.33519,"{
  ""coordinates"": [
    -8.306412522100000e+01,
    4.233519023700010e+01
  ],
  ""type"": ""Point""
}","{
  ""coordinates"": [
    -83.064125221,
    42.335190237
  ],
  ""type"": ""Point""
}",-83.064125221,42.3351902370001
10357,1107045,7 MILE,SHERWOOD,2017-08-03,3,8,2017,17,5,5,9,,4,0,,1,1,1,30,3,3,4,5,0,0,0,0,true,,false,false,false,false,false,,,,,,false,false,true,,,false,false,false,false,false,-83.03408,42.43377,"{
  ""coordinates"": [
    -8.303408027099989e+01,
    4.243377441300000e+01
  ],
  ""type"": ""Point""
}","{
  ""coordinates"": [
    -83.034080271,
    42.433774413
  ],
  ""type"": ""Point""
}",-83.0340802709999,42.433774413
10358,1102428,TEMPLE,PARK,2017-08-03,3,8,2017,12,5,8,9,,4,0,,1,2,1,25,2,2,1,5,0,0,0,0,true,,false,false,false,false,false,,,,,,false,false,false,,,false,false,false,false,false,-83.05731,42.34238,"{
  ""coordinates"": [
    -8.305731345800000e+01,
    4.234237889900000e+01
  ],
  ""type"": ""Point""
}","{
  ""coordinates"": [
    -83.057313458,
    42.342378899
  ],
  ""type"": ""Point""
}",-83.057313458,42.342378899
10359,1100509,LINCOLN,SELDEN,2017-08-03,3,8,2017,22,5,1,9,,,0,,1,1,4,25,2,2,1,2,0,1,0,0,false,,false,false,true,false,false,,,,,,false,false,false,,,false,false,false,true,false,-83.07273,42.34405,"{
  ""coordinates"": [
    -8.307273233699991e+01,
    4.234405114300010e+01
  ],
  ""type"": ""Point""
}","{
  ""coordinates"": [
    -83.072732337,
    42.344051143
  ],
  ""type"": ""Point""
}",-83.0727323369999,42.3440511430001
10360,1106950,I-96,M-39,2017-08-03,3,8,2017,15,5,5,1,,1,0,,1,1,1,55,4,2,2,3,0,0,1,0,false,,false,false,false,false,false,,,,,,false,false,true,,,false,false,false,false,false,-83.22195,42.37828,"{
  ""coordinates"": [
    -8.322194860099999e+01,
    4.237828419700000e+01
  ],
  ""type"": ""Point""
}","{
  ""coordinates"": [
    -83.221948601,
    42.378284197
  ],
  ""type"": ""Point""
}",-83.221948601,42.378284197
10361,1103147,WOODWARD,HAZELWOOD,2017-08-03,3,8,2017,17,5,4,3,,1,0,,1,1,1,35,3,2,4,5,0,0,0,0,true,,true,true,false,false,false,,,,,,false,false,true,,,false,false,false,false,false,-83.08067,42.38124,"{
  ""coordinates"": [
    -8.308066753400000e+01,
    4.238123761000000e+01
  ],
  ""type"": ""Point""
}","{
  ""coordinates"": [
    -83.080667534,
    42.38123761
  ],
  ""type"": ""Point""
}",-83.080667534,42.38123761
10362,1104177,SECOND,ANTOINETTE,2017-08-03,3,8,2017,10,5,97,9,,4,0,,1,1,1,30,3,3,2,5,0,0,0,0,true,,false,false,true,false,false,,,,,,false,false,false,,,false,false,false,false,false,-83.07282,42.36259,"{
  ""coordinates"": [
    -8.307282024300000e+01,
    4.236258820200000e+01
  ],
  ""type"": ""Point""
}","{
  ""coordinates"": [
    -83.072820243,
    42.362588202
  ],
  ""type"": ""Point""
}",-83.072820243,42.362588202
10363,1102523,KENTUCKY,CURTIS,2017-08-03,3,8,2017,14,5,8,9,,,0,,1,1,1,25,4,2,0,5,0,0,0,0,true,,false,false,false,false,false,,,,,,false,false,false,,,false,false,false,false,false,-83.15967,42.42488,"{
  ""coordinates"": [
    -8.315966796200000e+01,
    4.242487650300010e+01
  ],
  ""type"": ""Point""
}","{
  ""coordinates"": [
    -83.159667962,
    42.424876503
  ],
  ""type"": ""Point""
}",-83.159667962,42.4248765030001
10364,1107016,TEMPLE,WOODWARD,2017-08-03,3,8,2017,17,5,4,3,,4,0,,98,98,98,35,8,2,1,5,0,0,0,0,true,,false,false,true,false,false,,,,,,false,false,false,,,false,false,false,false,false,-83.05515,42.34332,"{
  ""coordinates"": [
    -8.305514873000000e+01,
    4.234331716000000e+01
  ],
  ""type"": ""Point""
}","{
  ""coordinates"": [
    -83.05514873,
    42.34331716
  ],
  ""type"": ""Point""
}",-83.05514873,42.34331716
10365,1114293,N M 10,N I 75,2017-08-03,3,8,2017,11,5,4,3,,1,0,,1,1,1,55,3,2,2,5,0,0,0,0,true,,false,false,false,false,false,,,,,,false,false,false,,,false,false,false,false,false,-83.06403,42.33503,"{
  ""coordinates"": [
    -8.306402636400000e+01,
    4.233503438300000e+01
  ],
  ""type"": ""Point""
}","{
  ""coordinates"": [
    -83.064026364,
    42.335034383
  ],
  ""type"": ""Point""
}",-83.064026364,42.335034383
10366,1100526,GRATIOT,CONNER,2017-08-03,3,8,2017,17,5,97,3,,1,0,,1,1,1,35,7,2,2,5,0,0,0,0,true,,false,false,false,false,false,,,,,,false,false,false,,,false,false,false,false,false,-82.99742,42.40503,"{
  ""coordinates"": [
    -8.299742155900000e+01,
    4.240503367400000e+01
  ],
  ""type"": ""Point""
}","{
  ""coordinates"": [
    -82.997421559,
    42.405033674
  ],
  ""type"": ""Point""
}",-82.997421559,42.405033674
10367,1100547,7 MILE,RYAN,2017-08-03,3,8,2017,13,5,5,9,,4,0,,1,1,1,35,2,2,3,4,0,0,0,2,false,,false,false,true,false,false,,,,,,false,false,false,,,false,false,false,false,false,-83.06284,42.43314,"{
  ""coordinates"": [
    -8.306283984000000e+01,
    4.243314240100010e+01
  ],
  ""type"": ""Point""
}","{
  ""coordinates"": [
    -83.06283984,
    42.433142401
  ],
  ""type"": ""Point""
}",-83.06283984,42.4331424010001
10368,1108578,M-39,GRANDRIVER,2017-08-03,3,8,2017,19,5,5,3,,1,0,,1,1,1,55,3,2,1,5,0,0,0,0,true,,false,false,true,false,false,,,,,,false,false,false,,,false,false,false,false,false,-83.21803,42.3965,"{
  ""coordinates"": [
    -8.321802544199990e+01,
    4.239649706300000e+01
  ],
  ""type"": ""Point""
}","{
  ""coordinates"": [
    -83.218025442,
    42.396497063
  ],
  ""type"": ""Point""
}",-83.2180254419999,42.396497063
10369,1102495,8 MILE,S I 75,2017-08-03,3,8,2017,13,5,8,3,,1,0,,1,1,1,35,5,2,2,5,0,0,0,0,true,,false,false,false,false,false,,,,,,false,false,true,,,false,false,false,false,false,-83.09485,42.44681,"{
  ""coordinates"": [
    -8.309484546000000e+01,
    4.244680640600010e+01
  ],
  ""type"": ""Point""
}","{
  ""coordinates"": [
    -83.09484546,
    42.446806406
  ],
  ""type"": ""Point""
}",-83.09484546,42.4468064060001
10370,1106136,SHOEMAKER,ST.JEAN,2017-08-03,3,8,2017,14,5,6,9,,4,0,,1,1,1,0,2,2,3,5,0,0,0,0,true,,false,false,false,false,false,,,,,,false,false,false,,,false,false,false,false,false,-82.98576,42.39027,"{
  ""coordinates"": [
    -8.298575879299990e+01,
    4.239026830400010e+01
  ],
  ""type"": ""Point""
}","{
  ""coordinates"": [
    -82.985758793,
    42.390268304
  ],
  ""type"": ""Point""
}",-82.9857587929999,42.3902683040001
10371,1109365,CHICAGO,PENROD,2017-08-03,3,8,2017,12,5,4,9,,4,0,,1,1,1,30,2,2,2,5,0,0,0,0,true,,true,false,false,false,false,,,,,,false,false,true,,,false,false,false,false,false,-83.22027,42.365,"{
  ""coordinates"": [
    -8.322026835600001e+01,
    4.236500165700010e+01
  ],
  ""type"": ""Point""
}","{
  ""coordinates"": [
    -83.220268356,
    42.365001657
  ],
  ""type"": ""Point""
}",-83.220268356,42.3650016570001
10372,1098363,JOHN C LODGE SERVICE,HOWARD,2017-08-02,2,8,2017,12,4,8,3,,1,0,,1,1,1,25,2,2,4,5,0,0,0,0,true,,false,false,false,false,false,,,,,,false,true,false,,,false,false,false,false,false,-83.05766,42.32857,"{
  ""coordinates"": [
    -8.305766198100000e+01,
    4.232857098100000e+01
  ],
  ""type"": ""Point""
}","{
  ""coordinates"": [
    -83.057661981,
    42.328570981
  ],
  ""type"": ""Point""
}",-83.057661981,42.328570981
10373,1098395,SOUTHFIELD SERVICE DRIVE,8 MILE,2017-08-02,2,8,2017,9,4,4,3,,5,0,,1,1,1,30,2,2,2,4,0,0,0,1,false,,true,true,false,false,false,,,,,,false,false,true,,,false,false,false,false,false,-83.21927,42.44413,"{
  ""coordinates"": [
    -8.321927151800000e+01,
    4.244413342800000e+01
  ],
  ""type"": ""Point""
}","{
  ""coordinates"": [
    -83.219271518,
    42.444133428
  ],
  ""type"": ""Point""
}",-83.219271518,42.444133428
10374,1098361,MCNICHOLS,SOUTHFIELD SERVICE DRIVE,2017-08-02,2,8,2017,0,4,8,9,,2,0,,1,1,4,35,5,2,3,5,0,0,0,0,true,,false,false,true,false,false,,,,,,false,false,true,,,false,false,false,false,false,-83.21915,42.41555,"{
  ""coordinates"": [
    -8.321914394899990e+01,
    4.241554709100010e+01
  ],
  ""type"": ""Point""
}","{
  ""coordinates"": [
    -83.219143949,
    42.415547091
  ],
  ""type"": ""Point""
}",-83.2191439489999,42.4155470910001
10375,1118130,8 MILE,DEQUINDRE,2017-08-02,2,8,2017,9,4,5,3,,1,0,,1,1,1,40,4,3,3,5,0,0,0,0,true,,false,false,false,false,false,,,,,,false,false,false,,,false,false,false,false,false,-83.08332,42.44703,"{
  ""coordinates"": [
    -8.308332318100000e+01,
    4.244702743200000e+01
  ],
  ""type"": ""Point""
}","{
  ""coordinates"": [
    -83.083323181,
    42.447027432
  ],
  ""type"": ""Point""
}",-83.083323181,42.447027432
10376,1098367,BEAUBIEN,MACK,2017-08-02,2,8,2017,6,4,8,9,,4,0,,1,1,4,35,1,2,2,5,0,0,0,0,true,,false,false,false,false,false,,,,,,false,false,false,,,false,false,false,false,false,-83.05275,42.35021,"{
  ""coordinates"": [
    -8.305274626999990e+01,
    4.235020640000000e+01
  ],
  ""type"": ""Point""
}","{
  ""coordinates"": [
    -83.05274627,
    42.3502064
  ],
  ""type"": ""Point""
}",-83.0527462699999,42.3502064
10377,1098426,8 MILE,MT ELLIOT,2017-08-02,2,8,2017,14,4,8,3,,1,0,,1,1,1,40,4,2,3,5,0,0,0,0,true,,false,false,false,false,false,,,,,,false,false,false,,,false,false,false,false,false,-83.03945,42.44788,"{
  ""coordinates"": [
    -8.303945172999990e+01,
    4.244787978700000e+01
  ],
  ""type"": ""Point""
}","{
  ""coordinates"": [
    -83.03945173,
    42.447879787
  ],
  ""type"": ""Point""
}",-83.0394517299999,42.447879787
10378,1098382,FRENCH,SHOEMAKER,2017-08-02,2,8,2017,15,4,5,9,,4,0,,1,1,1,30,2,2,1,5,0,0,0,0,true,,false,false,true,false,false,,,,,,false,false,false,,,false,false,false,false,false,-82.99371,42.38925,"{
  ""coordinates"": [
    -8.299370343200000e+01,
    4.238924602900000e+01
  ],
  ""type"": ""Point""
}","{
  ""coordinates"": [
    -82.993703432,
    42.389246029
  ],
  ""type"": ""Point""
}",-82.993703432,42.389246029
10379,1106199,E I 94,MOROSS,2017-08-02,2,8,2017,13,4,4,1,,1,0,,1,1,1,35,6,2,2,5,0,0,0,0,true,,true,true,false,false,false,,,,,,false,false,false,,,false,false,false,false,false,-82.92872,42.42442,"{
  ""coordinates"": [
    -8.292871985900000e+01,
    4.242441815600010e+01
  ],
  ""type"": ""Point""
}","{
  ""coordinates"": [
    -82.928719859,
    42.424418156
  ],
  ""type"": ""Point""
}",-82.928719859,42.4244181560001
10380,1098378,GRATIOT,VAN DYKE,2017-08-02,2,8,2017,17,4,97,3,,1,0,,2,4,1,35,5,2,1,4,0,0,0,1,false,,true,true,true,false,false,,,,,,false,false,false,,,false,false,false,false,false,-83.0147,42.3788,"{
  ""coordinates"": [
    -8.301470077700000e+01,
    4.237880344200000e+01
  ],
  ""type"": ""Point""
}","{
  ""coordinates"": [
    -83.014700777,
    42.378803442
  ],
  ""type"": ""Point""
}",-83.014700777,42.378803442