ObjectId,Crash ID,Primary Road,Intersecting Road,Crash Date,Day,Month,Year,Hour,Weekday,Crash Type Code,Highway Classification Code,Community Code,Jurisdiction Code,Lane Departure Type Code,Surface Type,Road Condition,Weather Condition,Lighting Condition,Speed Limit,Lanes,Units,Occupants,Most Severe Injury,Fatal Injuries,Suspected Serious Injuries,Suspected Minor Injuries,Possible Injuries,Property Damage Only,Secondary Crash,Traffic Control,Red Light Run,Hit and Run,Alcohol,Drugs,Unbelted Person,Work Zone,Speeding Driver,Distracted Driver,Driveway,Pedestrian,Elderly Driver,Young Driver,Commercial Vehicle,Emergency Vehicles,Train,School Bus,Motorcycle,Bicycle,Deer,Longitude,Latitude,geom,geog,x,y
10495,1104083,I-94,LONYO,2017-08-01,1,8,2017,18,3,5,1,,1,0,,1,1,1,55,3,2,2,5,0,0,0,0,true,,false,false,false,false,false,,,,,,false,false,false,,,false,false,false,false,false,-83.14332,42.33167,"{
  ""coordinates"": [
    -8.314332090399991e+01,
    4.233167277500010e+01
  ],
  ""type"": ""Point""
}","{
  ""coordinates"": [
    -83.143320904,
    42.331672775
  ],
  ""type"": ""Point""
}",-83.1433209039999,42.3316727750001
10496,1098377,FORT,TRUMBULL,2017-08-01,1,8,2017,16,3,5,3,,1,0,,1,1,1,0,2,2,3,4,0,0,0,1,false,,false,false,false,false,false,,,,,,false,false,false,,,false,false,false,false,false,-83.06157,42.32462,"{
  ""coordinates"": [
    -8.306157015900000e+01,
    4.232461506500000e+01
  ],
  ""type"": ""Point""
}","{
  ""coordinates"": [
    -83.061570159,
    42.324615065
  ],
  ""type"": ""Point""
}",-83.061570159,42.324615065
10497,1099316,I-94,LINWOOD,2017-08-01,1,8,2017,10,3,5,1,,1,0,,1,1,1,55,3,2,2,5,0,0,0,0,true,,false,false,false,false,false,,,,,,false,false,true,,,false,false,false,false,false,-83.0893,42.35334,"{
  ""coordinates"": [
    -8.308929875900000e+01,
    4.235333574200010e+01
  ],
  ""type"": ""Point""
}","{
  ""coordinates"": [
    -83.089298759,
    42.353335742
  ],
  ""type"": ""Point""
}",-83.089298759,42.3533357420001
10498,1099400,MCNICHOLS,MITCHELL,2017-08-01,1,8,2017,16,3,4,9,,4,0,,1,1,1,25,2,2,5,4,0,0,0,3,false,,false,false,true,false,false,,,,,,false,false,true,,,false,false,false,false,false,-83.07108,42.41862,"{
  ""coordinates"": [
    -8.307107955299990e+01,
    4.241861798800010e+01
  ],
  ""type"": ""Point""
}","{
  ""coordinates"": [
    -83.071079553,
    42.418617988
  ],
  ""type"": ""Point""
}",-83.0710795529999,42.4186179880001
10499,1098419,JEFFERSON,HELEN,2017-08-01,1,8,2017,15,3,1,9,,4,1,,1,1,1,40,1,2,1,4,0,0,0,1,false,,false,false,false,false,false,,,,,,true,false,false,,,false,false,false,false,false,-83.00289,42.34681,"{
  ""coordinates"": [
    -8.300289119400000e+01,
    4.234681287900000e+01
  ],
  ""type"": ""Point""
}","{
  ""coordinates"": [
    -83.002891194,
    42.346812879
  ],
  ""type"": ""Point""
}",-83.002891194,42.346812879
10500,1167117,JOY,OTSEGO,2017-08-01,1,8,2017,20,3,5,9,,4,3,,1,1,4,30,3,2,0,5,0,0,0,0,true,,false,false,true,false,false,,,,,,false,false,false,,,false,false,false,false,false,-83.12337,42.36799,"{
  ""coordinates"": [
    -8.312337596200000e+01,
    4.236799125000000e+01
  ],
  ""type"": ""Point""
}","{
  ""coordinates"": [
    -83.123375962,
    42.36799125
  ],
  ""type"": ""Point""
}",-83.123375962,42.36799125
10501,1096679,CANYON,MACK,2017-08-01,1,8,2017,11,3,3,9,,,0,,1,1,1,25,2,2,3,5,0,0,0,0,true,,false,false,false,false,false,,,,,,false,true,false,,,false,false,false,false,false,-82.91418,42.40992,"{
  ""coordinates"": [
    -8.291418209200000e+01,
    4.240992317900000e+01
  ],
  ""type"": ""Point""
}","{
  ""coordinates"": [
    -82.914182092,
    42.409923179
  ],
  ""type"": ""Point""
}",-82.914182092,42.409923179
10502,1095828,GRAND,LINCOLN,2017-08-01,1,8,2017,1,3,5,3,,1,3,,1,1,4,30,4,2,1,5,0,0,0,0,true,,false,false,false,false,false,,,,,,false,false,false,,,false,false,false,false,false,-83.07153,42.34153,"{
  ""coordinates"": [
    -8.307153631300000e+01,
    4.234153554900010e+01
  ],
  ""type"": ""Point""
}","{
  ""coordinates"": [
    -83.071536313,
    42.341535549
  ],
  ""type"": ""Point""
}",-83.071536313,42.3415355490001
10503,1102510,7 MILE,FREELAND,2017-08-01,1,8,2017,17,3,5,9,,2,0,,1,1,1,35,2,2,2,5,0,0,0,0,true,,false,false,false,false,false,,,,,,false,true,false,,,false,false,false,false,false,-83.18637,42.43087,"{
  ""coordinates"": [
    -8.318637297700000e+01,
    4.243086524900010e+01
  ],
  ""type"": ""Point""
}","{
  ""coordinates"": [
    -83.186372977,
    42.430865249
  ],
  ""type"": ""Point""
}",-83.186372977,42.4308652490001
10504,1102507,MCHNICHOLS,FAIRFIELD,2017-08-01,1,8,2017,16,3,4,9,,4,0,,1,1,1,25,2,2,3,5,0,0,0,0,true,,true,true,false,false,false,,,,,,false,false,true,,,false,false,false,false,false,-83.1353,42.41723,"{
  ""coordinates"": [
    -8.313530248799999e+01,
    4.241723203100000e+01
  ],
  ""type"": ""Point""
}","{
  ""coordinates"": [
    -83.135302488,
    42.417232031
  ],
  ""type"": ""Point""
}",-83.135302488,42.417232031
10505,1106956,I-94,WYOMING,2017-08-01,1,8,2017,7,3,8,1,,1,0,,1,1,1,65,3,2,3,5,0,0,0,0,true,,false,false,true,false,false,,,,,,false,false,false,,,false,false,false,false,false,-83.15481,42.32934,"{
  ""coordinates"": [
    -8.315480947499999e+01,
    4.232934326200010e+01
  ],
  ""type"": ""Point""
}","{
  ""coordinates"": [
    -83.154809475,
    42.329343262
  ],
  ""type"": ""Point""
}",-83.154809475,42.3293432620001
10506,1099375,JEFFERSON,HELEN,2017-08-01,1,8,2017,15,3,4,9,,4,0,,1,1,1,40,1,2,2,4,0,0,0,1,false,,false,false,false,false,false,,,,,,false,true,false,,,false,false,false,false,false,-83.00289,42.34681,"{
  ""coordinates"": [
    -8.300289119400000e+01,
    4.234681287900000e+01
  ],
  ""type"": ""Point""
}","{
  ""coordinates"": [
    -83.002891194,
    42.346812879
  ],
  ""type"": ""Point""
}",-83.002891194,42.346812879
10507,1096727,WILDEMERE,LOTHROP,2017-08-01,1,8,2017,11,3,4,9,,,0,,1,1,1,15,1,2,1,5,0,0,0,0,true,,false,false,true,false,false,,,,,,false,false,false,,,false,false,false,false,false,-83.10625,42.35933,"{
  ""coordinates"": [
    -8.310624490700000e+01,
    4.235932649400010e+01
  ],
  ""type"": ""Point""
}","{
  ""coordinates"": [
    -83.106244907,
    42.359326494
  ],
  ""type"": ""Point""
}",-83.106244907,42.3593264940001
10508,1095928,DRESDEN,FAIRMOUNT,2017-08-01,1,8,2017,0,3,4,9,,,0,,1,1,4,25,3,2,1,2,0,1,0,0,false,,false,false,true,false,false,,,,,,false,false,false,,,false,false,false,false,false,-83.00014,42.44365,"{
  ""coordinates"": [
    -8.300014342599999e+01,
    4.244364921200000e+01
  ],
  ""type"": ""Point""
}","{
  ""coordinates"": [
    -83.000143426,
    42.443649212
  ],
  ""type"": ""Point""
}",-83.000143426,42.443649212
10509,1099323,I-75,14TH,2017-08-01,1,8,2017,7,3,5,2,,4,0,,1,1,2,55,3,2,2,5,0,0,0,0,true,,false,false,false,false,false,,,,,,false,false,true,,,false,false,false,false,false,-83.07623,42.33171,"{
  ""coordinates"": [
    -8.307622452500000e+01,
    4.233170642000000e+01
  ],
  ""type"": ""Point""
}","{
  ""coordinates"": [
    -83.076224525,
    42.33170642
  ],
  ""type"": ""Point""
}",-83.076224525,42.33170642
10510,1098371,TARNOW,WAGNER,2017-08-01,1,8,2017,0,3,8,9,,,0,,1,1,4,25,1,5,1,5,0,0,0,0,true,,false,false,false,true,false,,,,,,false,false,false,,,false,false,false,false,false,-83.13897,42.33729,"{
  ""coordinates"": [
    -8.313896738699999e+01,
    4.233729322300010e+01
  ],
  ""type"": ""Point""
}","{
  ""coordinates"": [
    -83.138967387,
    42.337293223
  ],
  ""type"": ""Point""
}",-83.138967387,42.3372932230001
10511,1110352,GRAND,FOREST,2017-08-01,1,8,2017,17,3,5,9,,4,0,,1,1,1,35,3,2,3,5,0,0,0,0,true,,false,false,false,false,false,,,,,,false,false,true,,,false,false,false,false,false,-83.01785,42.37132,"{
  ""coordinates"": [
    -8.301784568900000e+01,
    4.237131917700000e+01
  ],
  ""type"": ""Point""
}","{
  ""coordinates"": [
    -83.017845689,
    42.371319177
  ],
  ""type"": ""Point""
}",-83.017845689,42.371319177
10512,1099343,W I 94,RAMP 220F,2017-08-01,1,8,2017,13,3,8,1,,1,0,,1,1,1,55,4,3,4,5,0,0,0,0,true,,false,false,false,false,false,,,,,,false,true,false,,,false,false,false,false,false,-82.98535,42.39806,"{
  ""coordinates"": [
    -8.298534877600000e+01,
    4.239805670700010e+01
  ],
  ""type"": ""Point""
}","{
  ""coordinates"": [
    -82.985348776,
    42.398056707
  ],
  ""type"": ""Point""
}",-82.985348776,42.3980567070001
10513,1098412,RYAN,OUTER,2017-08-01,1,8,2017,22,3,97,9,,4,0,,1,1,4,30,4,2,3,3,0,0,2,0,false,,false,false,false,false,false,,,,,,false,false,true,,,false,false,false,false,false,-83.06355,42.44041,"{
  ""coordinates"": [
    -8.306355377700000e+01,
    4.244040729200000e+01
  ],
  ""type"": ""Point""
}","{
  ""coordinates"": [
    -83.063553777,
    42.440407292
  ],
  ""type"": ""Point""
}",-83.063553777,42.440407292
10514,1102512,CAMBRIDGE,SANTA ROSA,2017-08-01,1,8,2017,8,3,1,9,,,0,,1,1,1,0,1,1,1,5,0,0,0,0,true,,false,false,false,false,false,,,,,,false,false,false,,,false,false,false,false,false,-83.1437,42.43338,"{
  ""coordinates"": [
    -8.314370212900000e+01,
    4.243338003400000e+01
  ],
  ""type"": ""Point""
}","{
  ""coordinates"": [
    -83.143702129,
    42.433380034
  ],
  ""type"": ""Point""
}",-83.143702129,42.433380034
10515,1099393,DAVISON,EWALD,2017-08-01,1,8,2017,11,3,5,3,,1,0,,1,1,1,35,3,2,1,5,0,0,0,0,true,,false,false,false,false,false,,,,,,false,false,false,,,false,false,false,false,false,-83.14532,42.38641,"{
  ""coordinates"": [
    -8.314532379500000e+01,
    4.238641238800010e+01
  ],
  ""type"": ""Point""
}","{
  ""coordinates"": [
    -83.145323795,
    42.386412388
  ],
  ""type"": ""Point""
}",-83.145323795,42.3864123880001
10516,1107777,JEFFERSON,MARLBOROUGH,2017-08-01,1,8,2017,20,3,8,9,,4,0,,1,1,4,35,4,5,1,5,0,0,0,0,true,,true,true,true,false,false,,,,,,false,false,true,,,false,false,false,false,false,-82.94324,42.37334,"{
  ""coordinates"": [
    -8.294324522100000e+01,
    4.237334337900010e+01
  ],
  ""type"": ""Point""
}","{
  ""coordinates"": [
    -82.943245221,
    42.373343379
  ],
  ""type"": ""Point""
}",-82.943245221,42.3733433790001
10517,1099370,HILCREST,MACK,2017-07-31,31,7,2017,16,2,1,9,,,0,,1,1,1,25,1,1,1,5,0,0,0,0,true,,false,false,false,false,false,,,,,,false,true,false,,,false,false,false,false,false,-82.91158,42.41624,"{
  ""coordinates"": [
    -8.291157232400001e+01,
    4.241624403800010e+01
  ],
  ""type"": ""Point""
}","{
  ""coordinates"": [
    -82.911572324,
    42.416244038
  ],
  ""type"": ""Point""
}",-82.911572324,42.4162440380001
10518,1095934,SCHOENHERR,PARK GROVE,2017-07-31,31,7,2017,13,2,8,9,,4,0,,1,1,1,30,2,2,3,4,0,0,0,1,false,,false,false,true,false,false,,,,,,false,false,false,,,false,false,false,false,false,-82.98489,42.4293,"{
  ""coordinates"": [
    -8.298489458800000e+01,
    4.242930351500010e+01
  ],
  ""type"": ""Point""
}","{
  ""coordinates"": [
    -82.984894588,
    42.429303515
  ],
  ""type"": ""Point""
}",-82.984894588,42.4293035150001
10519,1102521,MEYERS,MCNICHOLS,2017-07-31,31,7,2017,18,2,5,9,,4,0,,1,1,1,30,5,3,3,5,0,0,0,0,true,,false,false,false,false,false,,,,,,false,true,false,,,false,false,false,false,false,-83.17014,42.41721,"{
  ""coordinates"": [
    -8.317014232699999e+01,
    4.241721316400000e+01
  ],
  ""type"": ""Point""
}","{
  ""coordinates"": [
    -83.170142327,
    42.417213164
  ],
  ""type"": ""Point""
}",-83.170142327,42.417213164
10520,1102509,WYOMING,MCNICHOLS,2017-07-31,31,7,2017,16,2,4,9,,4,0,,1,1,1,30,2,2,3,4,0,0,0,1,false,,false,false,true,false,false,,,,,,false,false,false,,,false,false,false,false,false,-83.16031,42.41666,"{
  ""coordinates"": [
    -8.316030647799990e+01,
    4.241666339200000e+01
  ],
  ""type"": ""Point""
}","{
  ""coordinates"": [
    -83.160306478,
    42.416663392
  ],
  ""type"": ""Point""
}",-83.1603064779999,42.416663392
10521,1095867,MILITARY,MCMILLIAN,2017-07-31,31,7,2017,9,2,9,9,,,0,,1,1,1,25,2,2,1,5,0,0,0,0,true,,false,false,false,false,false,,,,,,false,false,false,,,false,false,false,false,false,-83.10798,42.31728,"{
  ""coordinates"": [
    -8.310797813399989e+01,
    4.231728274000010e+01
  ],
  ""type"": ""Point""
}","{
  ""coordinates"": [
    -83.107978134,
    42.31728274
  ],
  ""type"": ""Point""
}",-83.1079781339999,42.3172827400001
10522,1096725,COLLINGHAM,SCHOENHERR,2017-07-31,31,7,2017,23,2,4,9,,,0,,1,1,4,30,2,2,3,2,0,2,0,0,false,,true,false,false,false,false,,,,,,false,false,false,,,false,false,false,false,false,-82.9856,42.44763,"{
  ""coordinates"": [
    -8.298559797000000e+01,
    4.244763035400010e+01
  ],
  ""type"": ""Point""
}","{
  ""coordinates"": [
    -82.98559797,
    42.447630354
  ],
  ""type"": ""Point""
}",-82.98559797,42.4476303540001
10523,1095839,PURITAN,MEYERS,2017-07-31,31,7,2017,15,2,97,9,,4,0,,1,1,1,35,4,1,1,5,0,0,0,0,true,,false,false,true,false,false,,,,,,false,false,false,,,false,false,false,false,false,-83.16976,42.40954,"{
  ""coordinates"": [
    -8.316976356000001e+01,
    4.240954146800000e+01
  ],
  ""type"": ""Point""
}","{
  ""coordinates"": [
    -83.16976356,
    42.409541468
  ],
  ""type"": ""Point""
}",-83.16976356,42.409541468
10524,1095950,8 MILE,RYAN,2017-07-31,31,7,2017,8,2,5,3,,1,0,,1,1,1,40,5,2,2,5,0,0,0,0,true,,false,false,false,false,false,,,,,,false,false,false,,,false,false,false,false,false,-83.06487,42.44725,"{
  ""coordinates"": [
    -8.306487252300001e+01,
    4.244725449500000e+01
  ],
  ""type"": ""Point""
}","{
  ""coordinates"": [
    -83.064872523,
    42.447254495
  ],
  ""type"": ""Point""
}",-83.064872523,42.447254495
10525,1095925,7 MILE,CHALMERS,2017-07-31,31,7,2017,11,2,8,9,,2,0,,1,1,1,35,2,2,1,4,0,0,0,1,false,,false,false,true,false,false,,,,,,false,false,false,,,false,false,false,false,false,-82.97531,42.43514,"{
  ""coordinates"": [
    -8.297531423500000e+01,
    4.243513856100000e+01
  ],
  ""type"": ""Point""
}","{
  ""coordinates"": [
    -82.975314235,
    42.435138561
  ],
  ""type"": ""Point""
}",-82.975314235,42.435138561
10526,1099402,GREENLAWN,NORFOLK,2017-07-31,31,7,2017,0,2,8,9,,,3,,1,1,4,25,2,2,0,5,0,0,0,0,true,,false,false,true,false,false,,,,,,false,false,false,,,false,false,false,false,false,-83.15228,42.44337,"{
  ""coordinates"": [
    -8.315227796800001e+01,
    4.244337231200010e+01
  ],
  ""type"": ""Point""
}","{
  ""coordinates"": [
    -83.152277968,
    42.443372312
  ],
  ""type"": ""Point""
}",-83.152277968,42.4433723120001
10527,1095825,I-75,SAVANNAH,2017-07-31,31,7,2017,23,2,1,9,,4,1,,1,1,4,70,4,1,2,5,0,0,0,0,true,,false,false,false,false,false,,,,,,false,false,true,,,false,false,false,false,false,-83.09309,42.42546,"{
  ""coordinates"": [
    -8.309308772299990e+01,
    4.242546417900010e+01
  ],
  ""type"": ""Point""
}","{
  ""coordinates"": [
    -83.093087723,
    42.425464179
  ],
  ""type"": ""Point""
}",-83.0930877229999,42.4254641790001
10528,1099329,I-94,DICKERSON,2017-07-31,31,7,2017,8,2,5,1,,1,0,,1,1,1,55,3,3,3,5,0,0,0,0,true,,false,false,false,false,false,,,,,,false,true,true,,,false,false,false,false,false,-82.97497,42.40116,"{
  ""coordinates"": [
    -8.297496570300000e+01,
    4.240115941400010e+01
  ],
  ""type"": ""Point""
}","{
  ""coordinates"": [
    -82.974965703,
    42.401159414
  ],
  ""type"": ""Point""
}",-82.974965703,42.4011594140001
10529,1096692,21345 EIGHT MILE,LAHSER,2017-07-31,31,7,2017,12,2,8,3,,1,0,,1,1,1,45,4,2,2,5,0,0,0,0,true,,false,false,false,false,false,,,,,,false,false,true,,,false,false,false,false,false,-83.25848,42.44325,"{
  ""coordinates"": [
    -8.325847682200001e+01,
    4.244325090100010e+01
  ],
  ""type"": ""Point""
}","{
  ""coordinates"": [
    -83.258476822,
    42.443250901
  ],
  ""type"": ""Point""
}",-83.258476822,42.4432509010001
10530,1104133,WHITLOCK,PENROD,2017-07-31,31,7,2017,19,2,1,9,,,0,,1,1,1,25,1,2,2,5,0,0,0,0,true,,false,false,true,false,false,,,,,,false,true,false,,,false,false,false,true,false,-83.21947,42.33972,"{
  ""coordinates"": [
    -8.321947035300001e+01,
    4.233971699400010e+01
  ],
  ""type"": ""Point""
}","{
  ""coordinates"": [
    -83.219470353,
    42.339716994
  ],
  ""type"": ""Point""
}",-83.219470353,42.3397169940001
10531,1095914,MCNICHOLS,SUNDERLAND,2017-07-31,31,7,2017,12,2,5,9,,2,0,,1,1,1,35,4,2,1,4,0,0,0,1,false,,false,false,true,false,false,,,,,,false,false,false,,,false,false,true,false,false,-83.22791,42.41538,"{
  ""coordinates"": [
    -8.322791251800000e+01,
    4.241537842500000e+01
  ],
  ""type"": ""Point""
}","{
  ""coordinates"": [
    -83.227912518,
    42.415378425
  ],
  ""type"": ""Point""
}",-83.227912518,42.415378425
10532,1095823,RAMP 008K,I 96 SERVICE DRIVE,2017-07-31,31,7,2017,18,2,5,1,,1,0,,1,1,1,55,2,3,3,5,0,0,0,0,true,,false,false,false,false,false,,,,,,false,true,false,,,false,false,false,false,false,-83.21763,42.37783,"{
  ""coordinates"": [
    -8.321762589399999e+01,
    4.237783251400000e+01
  ],
  ""type"": ""Point""
}","{
  ""coordinates"": [
    -83.217625894,
    42.377832514
  ],
  ""type"": ""Point""
}",-83.217625894,42.377832514
10533,1095869,VAN DYKE,SPRAGUE,2017-07-31,31,7,2017,11,2,5,9,,4,0,,1,1,1,35,8,2,2,5,0,0,0,0,true,,false,false,false,false,false,,,,,,false,false,false,,,false,false,false,false,false,-83.00903,42.37104,"{
  ""coordinates"": [
    -8.300903696099989e+01,
    4.237104115200000e+01
  ],
  ""type"": ""Point""
}","{
  ""coordinates"": [
    -83.009036961,
    42.371041152
  ],
  ""type"": ""Point""
}",-83.0090369609999,42.371041152
10534,1099315,I-94,BEAUBIEN,2017-07-31,31,7,2017,8,2,5,1,,1,0,,1,1,1,55,3,2,3,5,0,0,0,0,true,,false,false,false,false,false,,,,,,false,false,false,,,false,false,false,false,false,-83.06309,42.36632,"{
  ""coordinates"": [
    -8.306308853300000e+01,
    4.236632312200000e+01
  ],
  ""type"": ""Point""
}","{
  ""coordinates"": [
    -83.063088533,
    42.366323122
  ],
  ""type"": ""Point""
}",-83.063088533,42.366323122
10535,1111457,W I 94,RAMP 218C,2017-07-31,31,7,2017,7,2,8,1,,1,0,,1,1,1,55,3,2,1,5,0,0,0,0,true,,false,false,false,false,false,,,,,,false,false,false,,,false,false,false,false,false,-83.01646,42.38769,"{
  ""coordinates"": [
    -8.301646164700000e+01,
    4.238768965900000e+01
  ],
  ""type"": ""Point""
}","{
  ""coordinates"": [
    -83.016461647,
    42.387689659
  ],
  ""type"": ""Point""
}",-83.016461647,42.387689659
10536,1099318,I-75,CLAY,2017-07-31,31,7,2017,8,2,5,1,,1,0,,1,1,1,55,4,3,3,5,0,0,0,0,true,,false,false,false,false,false,,,,,,false,false,true,,,false,false,false,false,false,-83.06155,42.37635,"{
  ""coordinates"": [
    -8.306155119700000e+01,
    4.237635543200000e+01
  ],
  ""type"": ""Point""
}","{
  ""coordinates"": [
    -83.061551197,
    42.376355432
  ],
  ""type"": ""Point""
}",-83.061551197,42.376355432
10537,1095915,TELEGRAPH,MCNICHOLS,2017-07-31,31,7,2017,12,2,8,2,,1,0,,1,1,1,45,4,2,2,5,0,0,0,0,true,,false,false,false,false,false,,,,,,false,true,false,,,false,false,false,false,false,-83.2774,42.41451,"{
  ""coordinates"": [
    -8.327739835300000e+01,
    4.241450801200010e+01
  ],
  ""type"": ""Point""
}","{
  ""coordinates"": [
    -83.277398353,
    42.414508012
  ],
  ""type"": ""Point""
}",-83.277398353,42.4145080120001
10538,1106168,HELEN,DONALD,2017-07-31,31,7,2017,1,2,4,9,,,0,,1,1,5,25,2,2,4,4,0,0,0,4,false,,false,false,true,false,false,,,,,,false,false,false,,,false,false,false,false,false,-83.00579,42.35073,"{
  ""coordinates"": [
    -8.300578760699990e+01,
    4.235073604300000e+01
  ],
  ""type"": ""Point""
}","{
  ""coordinates"": [
    -83.005787607,
    42.350736043
  ],
  ""type"": ""Point""
}",-83.0057876069999,42.350736043
10539,1103161,CHICAGO,GREENVIEW,2017-07-31,31,7,2017,17,2,6,9,,4,0,,1,1,1,0,2,3,7,4,0,0,0,2,false,,false,false,false,false,false,,,,,,false,true,true,,,false,false,false,false,false,-83.22269,42.36496,"{
  ""coordinates"": [
    -8.322268830400000e+01,
    4.236496217800000e+01
  ],
  ""type"": ""Point""
}","{
  ""coordinates"": [
    -83.222688304,
    42.364962178
  ],
  ""type"": ""Point""
}",-83.222688304,42.364962178
10540,1106158,VERNOR,PRINCE HALL,2017-07-31,31,7,2017,14,2,9,9,,4,0,,1,1,1,30,2,2,2,5,0,0,0,0,true,,false,false,false,false,false,,,,,,false,false,false,,,false,false,false,false,false,-83.02557,42.35193,"{
  ""coordinates"": [
    -8.302556708500001e+01,
    4.235193231400010e+01
  ],
  ""type"": ""Point""
}","{
  ""coordinates"": [
    -83.025567085,
    42.351932314
  ],
  ""type"": ""Point""
}",-83.025567085,42.3519323140001
10541,1102452,STAHELIN,KIRKWOOD,2017-07-31,31,7,2017,15,2,98,9,,,0,,1,1,1,25,2,2,1,5,0,0,0,0,true,,false,false,false,false,false,,,,,,false,false,false,,,false,false,false,false,false,-83.22397,42.33247,"{
  ""coordinates"": [
    -8.322396790200000e+01,
    4.233247153900000e+01
  ],
  ""type"": ""Point""
}","{
  ""coordinates"": [
    -83.223967902,
    42.332471539
  ],
  ""type"": ""Point""
}",-83.223967902,42.332471539
10542,1096701,OUTER,PREVOST,2017-07-31,31,7,2017,21,2,4,9,,2,0,,1,1,5,35,3,2,3,2,0,2,0,1,false,,false,false,false,false,false,,,,,,false,false,true,,,false,false,false,false,false,-83.20367,42.41938,"{
  ""coordinates"": [
    -8.320366961199990e+01,
    4.241937783700010e+01
  ],
  ""type"": ""Point""
}","{
  ""coordinates"": [
    -83.203669612,
    42.419377837
  ],
  ""type"": ""Point""
}",-83.2036696119999,42.4193778370001
10543,1095821,I-75,M-8,2017-07-31,31,7,2017,19,2,5,1,,1,0,,1,1,1,70,4,2,2,5,0,0,0,0,true,,false,false,false,false,false,,,,,,false,false,true,,,false,false,false,false,false,-83.07565,42.40636,"{
  ""coordinates"": [
    -8.307565108800000e+01,
    4.240636232700010e+01
  ],
  ""type"": ""Point""
}","{
  ""coordinates"": [
    -83.075651088,
    42.406362327
  ],
  ""type"": ""Point""
}",-83.075651088,42.4063623270001
10544,1096700,PURITAN,LAHSER,2017-07-31,31,7,2017,20,2,1,9,,,1,,1,1,1,25,2,1,1,5,0,0,0,0,true,,false,false,false,false,false,,,,,,false,true,false,,,false,false,false,false,false,-83.25526,42.40752,"{
  ""coordinates"": [
    -8.325525837600000e+01,
    4.240752349700010e+01
  ],
  ""type"": ""Point""
}","{
  ""coordinates"": [
    -83.255258376,
    42.407523497
  ],
  ""type"": ""Point""
}",-83.255258376,42.4075234970001
10545,1099352,GRAND RIVER,SCHAEFER,2017-07-31,31,7,2017,17,2,1,1,,7,1,,1,1,1,35,4,1,2,5,0,0,0,0,true,,false,false,false,false,false,,,,,,false,false,true,,,false,false,false,false,false,-83.17721,42.38387,"{
  ""coordinates"": [
    -8.317721006100000e+01,
    4.238386557600010e+01
  ],
  ""type"": ""Point""
}","{
  ""coordinates"": [
    -83.177210061,
    42.383865576
  ],
  ""type"": ""Point""
}",-83.177210061,42.3838655760001
10546,1095924,ROSEMARY,GRATIOT,2017-07-31,31,7,2017,1,2,98,3,,,0,,1,1,1,35,6,2,1,5,0,0,0,0,true,,false,false,true,false,false,,,,,,false,false,false,,,false,false,false,false,false,-82.9954,42.40781,"{
  ""coordinates"": [
    -8.299539942500000e+01,
    4.240781138300010e+01
  ],
  ""type"": ""Point""
}","{
  ""coordinates"": [
    -82.995399425,
    42.407811383
  ],
  ""type"": ""Point""
}",-82.995399425,42.4078113830001
10547,1104150,LIVERNOIS,OUTER,2017-07-31,31,7,2017,1,2,5,9,,4,0,,1,1,1,25,2,2,4,2,0,2,0,0,false,,false,false,false,false,false,,,,,,false,false,true,,,false,false,false,false,false,-83.1415,42.43524,"{
  ""coordinates"": [
    -8.314150519700000e+01,
    4.243524095100000e+01
  ],
  ""type"": ""Point""
}","{
  ""coordinates"": [
    -83.141505197,
    42.435240951
  ],
  ""type"": ""Point""
}",-83.141505197,42.435240951
10548,1096686,WADSWORTH,EVERGREEN,2017-07-31,31,7,2017,22,2,9,9,,,0,,1,1,4,25,2,2,2,5,0,0,0,0,true,,false,false,true,false,false,,,,,,false,false,false,,,false,false,false,false,false,-83.23633,42.37408,"{
  ""coordinates"": [
    -8.323632451200000e+01,
    4.237407544200000e+01
  ],
  ""type"": ""Point""
}","{
  ""coordinates"": [
    -83.236324512,
    42.374075442
  ],
  ""type"": ""Point""
}",-83.236324512,42.374075442
10549,1095931,SPRAGUE,VAN DYKE,2017-07-31,31,7,2017,11,2,5,9,,,0,,1,1,1,25,1,2,2,5,0,0,0,0,true,,false,false,false,false,false,,,,,,false,false,false,,,false,false,false,false,false,-83.00904,42.37107,"{
  ""coordinates"": [
    -8.300903821000000e+01,
    4.237107342700010e+01
  ],
  ""type"": ""Point""
}","{
  ""coordinates"": [
    -83.00903821,
    42.371073427
  ],
  ""type"": ""Point""
}",-83.00903821,42.3710734270001
10550,1096728,OAKMAN,FULLERTON,2017-07-31,31,7,2017,10,2,5,9,,4,3,,1,1,4,25,2,2,0,5,0,0,0,0,true,,false,false,false,false,false,,,,,,false,false,false,,,false,false,false,false,false,-83.1437,42.38137,"{
  ""coordinates"": [
    -8.314370046499990e+01,
    4.238137288500010e+01
  ],
  ""type"": ""Point""
}","{
  ""coordinates"": [
    -83.143700465,
    42.381372885
  ],
  ""type"": ""Point""
}",-83.1437004649999,42.3813728850001
10551,1102501,MICHIGAN,WOODWARD,2017-07-31,31,7,2017,16,2,97,9,,4,0,,1,1,1,25,2,1,1,5,0,0,0,0,true,,false,false,true,false,false,,,,,,false,false,false,,,false,false,false,false,false,-83.04738,42.33165,"{
  ""coordinates"": [
    -8.304737764299990e+01,
    4.233165183300010e+01
  ],
  ""type"": ""Point""
}","{
  ""coordinates"": [
    -83.047377643,
    42.331651833
  ],
  ""type"": ""Point""
}",-83.0473776429999,42.3316518330001