ObjectId,Crash ID,Primary Road,Intersecting Road,Crash Date,Day,Month,Year,Hour,Weekday,Crash Type Code,Highway Classification Code,Community Code,Jurisdiction Code,Lane Departure Type Code,Surface Type,Road Condition,Weather Condition,Lighting Condition,Speed Limit,Lanes,Units,Occupants,Most Severe Injury,Fatal Injuries,Suspected Serious Injuries,Suspected Minor Injuries,Possible Injuries,Property Damage Only,Secondary Crash,Traffic Control,Red Light Run,Hit and Run,Alcohol,Drugs,Unbelted Person,Work Zone,Speeding Driver,Distracted Driver,Driveway,Pedestrian,Elderly Driver,Young Driver,Commercial Vehicle,Emergency Vehicles,Train,School Bus,Motorcycle,Bicycle,Deer,Longitude,Latitude,geom,geog,x,y
10609,1095838,MEYERS,HILLVIEW,2017-07-30,30,7,2017,23,1,5,9,,4,0,,1,1,4,35,4,2,0,5,0,0,0,0,true,,false,false,true,false,false,,,,,,false,false,false,,,false,false,false,false,false,-83.16922,42.3985,"{
  ""coordinates"": [
    -8.316921705500000e+01,
    4.239850181400000e+01
  ],
  ""type"": ""Point""
}","{
  ""coordinates"": [
    -83.169217055,
    42.398501814
  ],
  ""type"": ""Point""
}",-83.169217055,42.398501814
10610,1134426,CURTIS,OUTER,2017-07-30,30,7,2017,19,1,5,9,,4,3,,1,1,1,25,2,3,1,2,0,1,0,0,false,,false,false,true,false,false,,,,,,true,false,false,,,false,false,false,false,false,-83.17529,42.42392,"{
  ""coordinates"": [
    -8.317529008799990e+01,
    4.242392089200010e+01
  ],
  ""type"": ""Point""
}","{
  ""coordinates"": [
    -83.175290088,
    42.423920892
  ],
  ""type"": ""Point""
}",-83.1752900879999,42.4239208920001
10611,1094156,GRAND,BRUSH,2017-07-30,30,7,2017,0,1,4,9,,4,0,,1,1,4,30,3,2,6,5,0,0,0,0,true,,false,false,false,false,false,,,,,,false,false,false,,,false,false,false,false,false,-83.06863,42.37191,"{
  ""coordinates"": [
    -8.306862727299990e+01,
    4.237191002000000e+01
  ],
  ""type"": ""Point""
}","{
  ""coordinates"": [
    -83.068627273,
    42.37191002
  ],
  ""type"": ""Point""
}",-83.0686272729999,42.37191002
10612,1103178,MOROSS,I-94,2017-07-30,30,7,2017,22,1,5,9,,2,0,,1,1,4,35,4,2,1,5,0,0,0,0,true,,false,false,true,false,false,,,,,,false,false,false,,,false,false,false,false,false,-82.92852,42.42428,"{
  ""coordinates"": [
    -8.292851723200000e+01,
    4.242428217000000e+01
  ],
  ""type"": ""Point""
}","{
  ""coordinates"": [
    -82.928517232,
    42.42428217
  ],
  ""type"": ""Point""
}",-82.928517232,42.42428217
10613,1095902,7 MILE,GILCHRIST,2017-07-30,30,7,2017,1,1,6,9,,2,0,,1,1,4,35,4,2,2,3,0,0,1,0,false,,false,false,true,false,false,,,,,,false,false,false,,,false,false,false,false,false,-83.21249,42.43021,"{
  ""coordinates"": [
    -8.321249710399999e+01,
    4.243021018300000e+01
  ],
  ""type"": ""Point""
}","{
  ""coordinates"": [
    -83.212497104,
    42.430210183
  ],
  ""type"": ""Point""
}",-83.212497104,42.430210183
10614,1098350,I-96,SORRENTO,2017-07-30,30,7,2017,7,1,8,9,,4,0,,1,1,1,55,3,2,1,5,0,0,0,0,true,,false,false,true,false,false,,,,,,false,true,false,,,false,false,false,false,false,-83.17182,42.38528,"{
  ""coordinates"": [
    -8.317182438799991e+01,
    4.238527912000010e+01
  ],
  ""type"": ""Point""
}","{
  ""coordinates"": [
    -83.171824388,
    42.38527912
  ],
  ""type"": ""Point""
}",-83.1718243879999,42.3852791200001
10615,1094244,OTSEGO,KAY,2017-07-30,30,7,2017,1,1,10,9,,,0,,1,1,4,25,2,2,2,5,0,0,0,0,true,,false,false,false,false,false,,,,,,false,false,true,,,false,false,false,false,false,-83.12449,42.37009,"{
  ""coordinates"": [
    -8.312449015800000e+01,
    4.237009142800010e+01
  ],
  ""type"": ""Point""
}","{
  ""coordinates"": [
    -83.124490158,
    42.370091428
  ],
  ""type"": ""Point""
}",-83.124490158,42.3700914280001
10616,1098345,E I 96,CONSOLIDATED RAIL CORPORATION,2017-07-30,30,7,2017,13,1,1,1,,1,0,,1,1,1,70,3,1,1,5,0,0,0,0,true,,false,false,false,false,false,,,,,,false,false,false,,,false,false,false,false,false,-83.18333,42.38203,"{
  ""coordinates"": [
    -8.318333026900000e+01,
    4.238202770300010e+01
  ],
  ""type"": ""Point""
}","{
  ""coordinates"": [
    -83.183330269,
    42.382027703
  ],
  ""type"": ""Point""
}",-83.183330269,42.3820277030001
10617,1095921,REDMOND,LAPPIN,2017-07-30,30,7,2017,18,1,8,9,,,0,,1,1,1,25,2,2,0,5,0,0,0,0,true,,false,false,true,false,false,,,,,,false,false,false,,,false,false,false,false,false,-82.95583,42.43735,"{
  ""coordinates"": [
    -8.295582434799999e+01,
    4.243735105300000e+01
  ],
  ""type"": ""Point""
}","{
  ""coordinates"": [
    -82.955824348,
    42.437351053
  ],
  ""type"": ""Point""
}",-82.955824348,42.437351053
10618,1095866,MICHIGAN,51ST,2017-07-30,30,7,2017,21,1,97,2,,1,0,,1,1,3,35,5,2,2,5,0,0,0,0,true,,false,false,true,false,false,,,,,,false,false,false,,,false,false,false,false,false,-83.13506,42.3311,"{
  ""coordinates"": [
    -8.313505415700000e+01,
    4.233110435000000e+01
  ],
  ""type"": ""Point""
}","{
  ""coordinates"": [
    -83.135054157,
    42.33110435
  ],
  ""type"": ""Point""
}",-83.135054157,42.33110435
10619,1094184,GRAND,FORREST,2017-07-30,30,7,2017,2,1,4,9,,4,0,,1,1,4,30,2,2,2,5,0,0,0,0,true,,false,false,false,false,false,,,,,,false,false,false,,,false,false,false,false,false,-83.01766,42.37153,"{
  ""coordinates"": [
    -8.301765888200001e+01,
    4.237153285200000e+01
  ],
  ""type"": ""Point""
}","{
  ""coordinates"": [
    -83.017658882,
    42.371532852
  ],
  ""type"": ""Point""
}",-83.017658882,42.371532852
10620,1095953,PONTCHARTRAIN,7 MILE,2017-07-30,30,7,2017,9,1,4,9,,4,0,,1,1,1,30,2,2,4,5,0,0,0,0,true,,false,false,false,false,false,,,,,,false,false,true,,,false,false,false,false,false,-83.12698,42.43181,"{
  ""coordinates"": [
    -8.312697982899989e+01,
    4.243180733800010e+01
  ],
  ""type"": ""Point""
}","{
  ""coordinates"": [
    -83.126979829,
    42.431807338
  ],
  ""type"": ""Point""
}",-83.1269798289999,42.4318073380001
10621,1096552,8 MILE,GREENFIELD,2017-07-30,30,7,2017,19,1,8,3,,1,0,,1,1,1,40,3,2,3,5,0,0,0,0,true,,false,false,false,false,false,,,,,,false,false,false,,,false,false,false,false,false,-83.20248,42.44471,"{
  ""coordinates"": [
    -8.320247725999999e+01,
    4.244471428200010e+01
  ],
  ""type"": ""Point""
}","{
  ""coordinates"": [
    -83.20247726,
    42.444714282
  ],
  ""type"": ""Point""
}",-83.20247726,42.4447142820001
10622,1096688,I-75,MACK,2017-07-30,30,7,2017,2,1,5,1,,1,0,,1,1,4,55,3,2,1,5,0,0,0,0,true,,false,false,false,false,false,,,,,,false,false,false,,,false,false,false,false,false,-83.04832,42.35196,"{
  ""coordinates"": [
    -8.304831747799990e+01,
    4.235195684400000e+01
  ],
  ""type"": ""Point""
}","{
  ""coordinates"": [
    -83.048317478,
    42.351956844
  ],
  ""type"": ""Point""
}",-83.0483174779999,42.351956844
10623,1095917,ROSEMARY,QUEEN,2017-07-30,30,7,2017,17,1,8,9,,,0,,1,1,1,25,2,2,0,5,0,0,0,0,true,,false,false,true,false,false,,,,,,false,false,false,,,false,false,false,false,false,-82.96708,42.41579,"{
  ""coordinates"": [
    -8.296708141700000e+01,
    4.241579358500010e+01
  ],
  ""type"": ""Point""
}","{
  ""coordinates"": [
    -82.967081417,
    42.415793585
  ],
  ""type"": ""Point""
}",-82.967081417,42.4157935850001
10624,1104096,I-75,ROSA PARKS,2017-07-30,30,7,2017,1,1,5,9,,4,0,,1,1,4,55,3,2,1,5,0,0,0,0,true,,false,false,false,false,false,,,,,,false,false,false,,,false,false,false,false,false,-83.07168,42.33451,"{
  ""coordinates"": [
    -8.307167678000000e+01,
    4.233450659000000e+01
  ],
  ""type"": ""Point""
}","{
  ""coordinates"": [
    -83.07167678,
    42.33450659
  ],
  ""type"": ""Point""
}",-83.07167678,42.33450659
10625,1096690,FENKELL,LAHSER,2017-07-30,30,7,2017,14,1,4,9,,2,0,,1,1,1,35,4,2,1,4,0,0,0,1,false,,false,false,true,false,false,,,,,,false,false,false,,,false,false,false,false,false,-83.2569,42.4003,"{
  ""coordinates"": [
    -8.325690707299999e+01,
    4.240029537800010e+01
  ],
  ""type"": ""Point""
}","{
  ""coordinates"": [
    -83.256907073,
    42.400295378
  ],
  ""type"": ""Point""
}",-83.256907073,42.4002953780001
10626,1095833,I-96,SCHAEFER,2017-07-30,30,7,2017,21,1,8,1,,1,0,,1,1,4,55,3,2,3,5,0,0,0,0,true,,false,false,true,false,false,,,,,,false,true,false,,,false,false,false,false,false,-83.17801,42.3834,"{
  ""coordinates"": [
    -8.317800523600000e+01,
    4.238340492700010e+01
  ],
  ""type"": ""Point""
}","{
  ""coordinates"": [
    -83.178005236,
    42.383404927
  ],
  ""type"": ""Point""
}",-83.178005236,42.3834049270001
10627,1095910,EVERGREEN,OUTER,2017-07-30,30,7,2017,20,1,5,9,,4,0,,1,1,1,35,5,2,3,5,0,0,0,0,true,,false,false,false,false,false,,,,,,false,false,false,,,false,false,false,false,false,-83.23729,42.39749,"{
  ""coordinates"": [
    -8.323729249500001e+01,
    4.239748978500010e+01
  ],
  ""type"": ""Point""
}","{
  ""coordinates"": [
    -83.237292495,
    42.397489785
  ],
  ""type"": ""Point""
}",-83.237292495,42.3974897850001
10628,1095851,JEFFERSON,RANDOLPH,2017-07-30,30,7,2017,15,1,1,4,,1,0,,1,1,1,35,4,1,1,5,0,0,0,0,true,,false,false,false,false,false,,,,,,false,true,false,,,false,false,false,false,false,-83.04179,42.32969,"{
  ""coordinates"": [
    -8.304179056600000e+01,
    4.232968383000010e+01
  ],
  ""type"": ""Point""
}","{
  ""coordinates"": [
    -83.041790566,
    42.32968383
  ],
  ""type"": ""Point""
}",-83.041790566,42.3296838300001
10629,1095903,GRAND RIVER,WESTMORELAND,2017-07-30,30,7,2017,13,1,97,3,,1,0,,1,1,1,35,5,2,3,4,0,0,0,1,false,,false,false,true,false,false,,,,,,false,false,false,,,false,false,false,false,false,-83.23615,42.40789,"{
  ""coordinates"": [
    -8.323614982799999e+01,
    4.240788892000010e+01
  ],
  ""type"": ""Point""
}","{
  ""coordinates"": [
    -83.236149828,
    42.40788892
  ],
  ""type"": ""Point""
}",-83.236149828,42.4078889200001
10630,1106163,GRATIOT,MOUNT ELLIOTT,2017-07-30,30,7,2017,13,1,5,3,,1,0,,1,1,1,35,6,4,2,5,0,0,0,0,true,,false,false,false,false,false,,,,,,false,false,true,,,false,false,false,false,false,-83.02372,42.36521,"{
  ""coordinates"": [
    -8.302371760999991e+01,
    4.236520635900010e+01
  ],
  ""type"": ""Point""
}","{
  ""coordinates"": [
    -83.02371761,
    42.365206359
  ],
  ""type"": ""Point""
}",-83.0237176099999,42.3652063590001
10631,1095862,BURWELL,LARKINS,2017-07-30,30,7,2017,5,1,8,9,,,0,,1,1,3,25,2,2,0,5,0,0,0,0,true,,false,false,true,false,false,,,,,,false,false,false,,,false,false,false,false,false,-83.14001,42.34288,"{
  ""coordinates"": [
    -8.314001211700000e+01,
    4.234288269200000e+01
  ],
  ""type"": ""Point""
}","{
  ""coordinates"": [
    -83.140012117,
    42.342882692
  ],
  ""type"": ""Point""
}",-83.140012117,42.342882692
10632,1107762,GRATIOT,BEAUBIEN,2017-07-30,30,7,2017,0,1,5,3,,1,0,,1,1,4,30,3,2,3,4,0,0,0,2,false,,false,false,true,false,false,,,,,,false,false,false,,,false,false,false,false,false,-83.04388,42.33685,"{
  ""coordinates"": [
    -8.304388355200000e+01,
    4.233684510800000e+01
  ],
  ""type"": ""Point""
}","{
  ""coordinates"": [
    -83.043883552,
    42.336845108
  ],
  ""type"": ""Point""
}",-83.043883552,42.336845108
10633,1098349,LIVERNOIS,S M 10,2017-07-29,29,7,2017,17,7,1,9,,4,0,,1,1,1,35,2,1,1,5,0,0,0,0,true,,false,false,false,false,false,,,,,,false,false,true,,,false,false,false,false,false,-83.14023,42.40487,"{
  ""coordinates"": [
    -8.314022898100001e+01,
    4.240487466500010e+01
  ],
  ""type"": ""Point""
}","{
  ""coordinates"": [
    -83.140228981,
    42.404874665
  ],
  ""type"": ""Point""
}",-83.140228981,42.4048746650001
10634,1094245,8MILE,RALSTON,2017-07-29,29,7,2017,18,7,8,3,,1,0,,1,1,1,40,4,2,3,5,0,0,0,0,true,,false,false,false,false,false,,,,,,false,false,false,,,false,false,false,false,false,-83.11775,42.44659,"{
  ""coordinates"": [
    -8.311774850099989e+01,
    4.244659351800000e+01
  ],
  ""type"": ""Point""
}","{
  ""coordinates"": [
    -83.117748501,
    42.446593518
  ],
  ""type"": ""Point""
}",-83.1177485009999,42.446593518
10635,1095827,JEFFERSON,BRUSH,2017-07-29,29,7,2017,17,7,98,4,,1,0,,1,1,1,0,8,2,2,5,0,0,0,0,true,,false,false,false,false,false,,,,,,false,false,false,,,false,false,false,false,false,-83.04104,42.33037,"{
  ""coordinates"": [
    -8.304103627200000e+01,
    4.233036693900000e+01
  ],
  ""type"": ""Point""
}","{
  ""coordinates"": [
    -83.041036272,
    42.330366939
  ],
  ""type"": ""Point""
}",-83.041036272,42.330366939
10636,1094155,WABASH,HUDSON,2017-07-29,29,7,2017,9,7,8,9,,,3,,1,1,1,25,2,2,0,5,0,0,0,0,true,,false,false,true,false,false,,,,,,false,false,false,,,false,false,false,false,false,-83.08834,42.35492,"{
  ""coordinates"": [
    -8.308834372099990e+01,
    4.235492210600010e+01
  ],
  ""type"": ""Point""
}","{
  ""coordinates"": [
    -83.088343721,
    42.354922106
  ],
  ""type"": ""Point""
}",-83.0883437209999,42.3549221060001
10637,1098341,S I 375,JEFFERSON,2017-07-29,29,7,2017,16,7,1,1,,1,0,,1,1,1,55,3,1,1,3,0,0,1,0,false,,false,false,false,false,false,,,,,,false,false,false,,,false,false,true,false,false,-83.03841,42.33137,"{
  ""coordinates"": [
    -8.303841621899990e+01,
    4.233137053600010e+01
  ],
  ""type"": ""Point""
}","{
  ""coordinates"": [
    -83.038416219,
    42.331370536
  ],
  ""type"": ""Point""
}",-83.0384162189999,42.3313705360001
10638,1107782,CHANDLER,CANYON,2017-07-29,29,7,2017,12,7,98,9,,2,0,,1,1,1,0,2,2,0,5,0,0,0,0,true,,false,false,true,false,false,,,,,,false,false,false,,,false,false,false,false,false,-82.91913,42.41593,"{
  ""coordinates"": [
    -8.291912633600001e+01,
    4.241593205400010e+01
  ],
  ""type"": ""Point""
}","{
  ""coordinates"": [
    -82.919126336,
    42.415932054
  ],
  ""type"": ""Point""
}",-82.919126336,42.4159320540001
10639,1095863,WOODWARD,N I 75,2017-07-29,29,7,2017,22,7,8,3,,1,0,,1,1,4,25,4,2,2,5,0,0,0,0,true,,false,false,true,false,false,,,,,,false,true,false,,,false,false,false,false,false,-83.05277,42.3398,"{
  ""coordinates"": [
    -8.305277537300000e+01,
    4.233979622300010e+01
  ],
  ""type"": ""Point""
}","{
  ""coordinates"": [
    -83.052775373,
    42.339796223
  ],
  ""type"": ""Point""
}",-83.052775373,42.3397962230001
10640,1102485,WYOMING,FENKELL,2017-07-29,29,7,2017,11,7,5,9,,4,0,,1,1,1,35,4,2,1,5,0,0,0,0,true,,false,false,true,false,false,,,,,,false,false,false,,,false,false,false,false,false,-83.15968,42.40249,"{
  ""coordinates"": [
    -8.315967782199991e+01,
    4.240249331600010e+01
  ],
  ""type"": ""Point""
}","{
  ""coordinates"": [
    -83.159677822,
    42.402493316
  ],
  ""type"": ""Point""
}",-83.1596778219999,42.4024933160001
10641,1106196,7 MILE,TELEGRAPH,2017-07-29,29,7,2017,15,7,9,2,,2,0,,1,1,1,35,5,2,1,5,0,0,0,0,true,,false,false,true,false,false,,,,,,false,false,false,,,false,false,false,false,false,-83.27728,42.42895,"{
  ""coordinates"": [
    -8.327728481799990e+01,
    4.242895218800000e+01
  ],
  ""type"": ""Point""
}","{
  ""coordinates"": [
    -83.277284818,
    42.428952188
  ],
  ""type"": ""Point""
}",-83.2772848179999,42.428952188
10642,1162385,CHICAGO,E I 96,2017-07-29,29,7,2017,20,7,4,9,,4,0,,1,1,2,0,4,2,5,3,0,0,1,0,false,,false,false,false,false,false,,,,,,false,false,true,,,false,false,false,false,false,-83.13991,42.36752,"{
  ""coordinates"": [
    -8.313990720399990e+01,
    4.236752362900010e+01
  ],
  ""type"": ""Point""
}","{
  ""coordinates"": [
    -83.139907204,
    42.367523629
  ],
  ""type"": ""Point""
}",-83.1399072039999,42.3675236290001
10643,1095887,PLYMOUTH,LONGACRE,2017-07-29,29,7,2017,11,7,97,9,,4,0,,1,1,1,30,6,2,0,4,0,0,0,1,false,,false,false,true,false,false,,,,,,true,false,false,,,false,false,false,false,false,-83.21453,42.3723,"{
  ""coordinates"": [
    -8.321452848500000e+01,
    4.237229833600000e+01
  ],
  ""type"": ""Point""
}","{
  ""coordinates"": [
    -83.214528485,
    42.372298336
  ],
  ""type"": ""Point""
}",-83.214528485,42.372298336
10644,1094190,JEFFERSON,BELLEVUE,2017-07-29,29,7,2017,23,7,4,9,,4,0,,1,1,4,35,6,2,4,4,0,0,0,2,false,,false,false,false,false,false,,,,,,false,false,false,,,false,false,false,false,false,-83.00622,42.34531,"{
  ""coordinates"": [
    -8.300621759200000e+01,
    4.234531359200000e+01
  ],
  ""type"": ""Point""
}","{
  ""coordinates"": [
    -83.006217592,
    42.345313592
  ],
  ""type"": ""Point""
}",-83.006217592,42.345313592
10645,1094189,EDSEL FORD,CHENE,2017-07-29,29,7,2017,16,7,4,1,,1,0,,1,1,1,25,8,2,2,5,0,0,0,0,true,,true,false,false,false,false,,,,,,false,true,false,,,false,false,false,false,false,-83.04987,42.3732,"{
  ""coordinates"": [
    -8.304987548400000e+01,
    4.237319695000010e+01
  ],
  ""type"": ""Point""
}","{
  ""coordinates"": [
    -83.049875484,
    42.37319695
  ],
  ""type"": ""Point""
}",-83.049875484,42.3731969500001
10646,1098344,W I 94,GRAND,2017-07-29,29,7,2017,10,7,8,1,,1,0,,1,1,1,55,3,2,1,5,0,0,0,0,true,,false,false,true,false,false,,,,,,false,false,false,,,false,false,false,false,false,-83.1091,42.34711,"{
  ""coordinates"": [
    -8.310910401000000e+01,
    4.234710942700010e+01
  ],
  ""type"": ""Point""
}","{
  ""coordinates"": [
    -83.10910401,
    42.347109427
  ],
  ""type"": ""Point""
}",-83.10910401,42.3471094270001
10647,1094152,MACKENZIE,NORTHLAWN,2017-07-29,29,7,2017,23,7,5,9,,,0,,1,1,4,25,2,2,6,4,0,0,0,3,false,,false,false,false,false,false,,,,,,false,false,true,,,false,false,false,false,false,-83.1522,42.35668,"{
  ""coordinates"": [
    -8.315219709400000e+01,
    4.235668081900010e+01
  ],
  ""type"": ""Point""
}","{
  ""coordinates"": [
    -83.152197094,
    42.356680819
  ],
  ""type"": ""Point""
}",-83.152197094,42.3566808190001
10648,1094134,W/B I-94,WARREN,2017-07-29,29,7,2017,0,7,8,1,,1,0,,1,1,4,55,3,2,2,5,0,0,0,0,true,,false,false,false,false,false,,,,,,false,false,true,,,false,false,false,false,false,-83.11358,42.34459,"{
  ""coordinates"": [
    -8.311357586900000e+01,
    4.234458927000000e+01
  ],
  ""type"": ""Point""
}","{
  ""coordinates"": [
    -83.113575869,
    42.34458927
  ],
  ""type"": ""Point""
}",-83.113575869,42.34458927
10649,1107769,JEFFERSON,RANDOLPH,2017-07-29,29,7,2017,23,7,8,3,,1,0,,1,2,4,30,4,2,3,5,0,0,0,0,true,,false,false,false,false,false,,,,,,false,false,false,,,false,false,false,false,false,-83.04199,42.32959,"{
  ""coordinates"": [
    -8.304199230800000e+01,
    4.232959532900000e+01
  ],
  ""type"": ""Point""
}","{
  ""coordinates"": [
    -83.041992308,
    42.329595329
  ],
  ""type"": ""Point""
}",-83.041992308,42.329595329
10650,1096676,CENTRAL,JOHN KRONK,2017-07-29,29,7,2017,23,7,5,9,,4,0,,1,1,4,35,2,2,2,5,0,0,0,0,true,,false,false,true,false,false,,,,,,false,false,false,,,false,false,false,false,false,-83.13178,42.32298,"{
  ""coordinates"": [
    -8.313178542700000e+01,
    4.232297773200000e+01
  ],
  ""type"": ""Point""
}","{
  ""coordinates"": [
    -83.131785427,
    42.322977732
  ],
  ""type"": ""Point""
}",-83.131785427,42.322977732
10651,1106915,I-375,MONROE,2017-07-29,29,7,2017,20,7,5,1,,1,0,,1,1,1,55,3,2,2,5,0,0,0,0,true,,false,false,false,false,false,,,,,,false,false,true,,,false,false,true,false,false,-83.03844,42.33638,"{
  ""coordinates"": [
    -8.303843431900000e+01,
    4.233637724000000e+01
  ],
  ""type"": ""Point""
}","{
  ""coordinates"": [
    -83.038434319,
    42.33637724
  ],
  ""type"": ""Point""
}",-83.038434319,42.33637724
10652,1095844,3RD,BAGLEY,2017-07-29,29,7,2017,3,7,5,9,,4,0,,1,1,4,35,2,2,1,5,0,0,0,0,true,,false,false,true,false,false,,,,,,false,false,false,,,false,false,false,false,false,-83.05787,42.33227,"{
  ""coordinates"": [
    -8.305787249799990e+01,
    4.233227251000010e+01
  ],
  ""type"": ""Point""
}","{
  ""coordinates"": [
    -83.057872498,
    42.33227251
  ],
  ""type"": ""Point""
}",-83.0578724979999,42.3322725100001
10653,1094243,WYOMING,SANTA CLARA,2017-07-29,29,7,2017,10,7,8,9,,4,0,,1,1,1,35,2,2,2,5,0,0,0,0,true,,false,false,false,false,false,,,,,,false,false,false,,,false,false,false,false,false,-83.16051,42.42043,"{
  ""coordinates"": [
    -8.316051282900000e+01,
    4.242043479600010e+01
  ],
  ""type"": ""Point""
}","{
  ""coordinates"": [
    -83.160512829,
    42.420434796
  ],
  ""type"": ""Point""
}",-83.160512829,42.4204347960001
10654,1095906,7 MILE,GREENFIELD,2017-07-29,29,7,2017,16,7,5,9,,2,0,,1,1,1,35,5,2,4,4,0,0,0,1,false,,false,false,false,false,false,,,,,,false,true,false,,,false,false,false,false,false,-83.20173,42.43039,"{
  ""coordinates"": [
    -8.320173195099990e+01,
    4.243039315400010e+01
  ],
  ""type"": ""Point""
}","{
  ""coordinates"": [
    -83.201731951,
    42.430393154
  ],
  ""type"": ""Point""
}",-83.2017319509999,42.4303931540001
10655,1098343,S/B I-375,JEFFERSON,2017-07-29,29,7,2017,17,7,5,7,,1,0,,1,1,1,55,3,2,3,5,0,0,0,0,true,,false,false,false,false,false,,,,,,false,true,false,,,false,false,false,false,false,-83.04312,42.34384,"{
  ""coordinates"": [
    -8.304312290699990e+01,
    4.234384225000010e+01
  ],
  ""type"": ""Point""
}","{
  ""coordinates"": [
    -83.043122907,
    42.34384225
  ],
  ""type"": ""Point""
}",-83.0431229069999,42.3438422500001
10656,1095855,SECOND,BETHUNE,2017-07-29,29,7,2017,18,7,1,9,,4,0,,1,1,1,0,2,2,1,3,0,0,1,0,false,,false,false,false,false,false,,,,,,false,false,false,,,false,false,false,true,false,-83.07777,42.37133,"{
  ""coordinates"": [
    -8.307776606999990e+01,
    4.237133497600010e+01
  ],
  ""type"": ""Point""
}","{
  ""coordinates"": [
    -83.07776607,
    42.371334976
  ],
  ""type"": ""Point""
}",-83.0777660699999,42.3713349760001
10657,1095861,RUSSELL,RIVARD,2017-07-29,29,7,2017,17,7,5,1,,4,0,,1,1,1,35,4,2,3,5,0,0,0,0,true,,false,false,false,false,false,,,,,,false,false,true,,,false,false,false,false,false,-83.05585,42.36951,"{
  ""coordinates"": [
    -8.305585503899989e+01,
    4.236950865500010e+01
  ],
  ""type"": ""Point""
}","{
  ""coordinates"": [
    -83.055855039,
    42.369508655
  ],
  ""type"": ""Point""
}",-83.0558550389999,42.3695086550001
10658,1095905,JOY,N M 39 SERVICE DRIVE,2017-07-29,29,7,2017,15,7,97,9,,2,0,,1,1,1,35,3,2,2,5,0,0,0,0,true,,false,false,false,false,false,,,,,,false,false,false,,,false,false,false,false,false,-83.21568,42.35787,"{
  ""coordinates"": [
    -8.321567627500001e+01,
    4.235787030400010e+01
  ],
  ""type"": ""Point""
}","{
  ""coordinates"": [
    -83.215676275,
    42.357870304
  ],
  ""type"": ""Point""
}",-83.215676275,42.3578703040001
10659,1095878,TROESTER,GRATIOT,2017-07-29,29,7,2017,23,7,10,3,,,3,,1,1,4,25,2,2,1,5,0,0,0,0,true,,false,false,false,false,false,,,,,,false,false,false,,,false,false,false,false,false,-82.98328,42.4262,"{
  ""coordinates"": [
    -8.298327760799999e+01,
    4.242620407800010e+01
  ],
  ""type"": ""Point""
}","{
  ""coordinates"": [
    -82.983277608,
    42.426204078
  ],
  ""type"": ""Point""
}",-82.983277608,42.4262040780001
10660,1104176,SECOND,HANCOCK,2017-07-29,29,7,2017,13,7,4,9,,5,0,,1,1,1,30,4,2,2,5,0,0,0,0,true,,false,false,true,false,false,,,,,,false,false,false,,,false,false,false,false,false,-83.06823,42.35411,"{
  ""coordinates"": [
    -8.306823075699999e+01,
    4.235411252500010e+01
  ],
  ""type"": ""Point""
}","{
  ""coordinates"": [
    -83.068230757,
    42.354112525
  ],
  ""type"": ""Point""
}",-83.068230757,42.3541125250001
10661,1095952,MEYERS,8 MILE,2017-07-29,29,7,2017,18,7,8,3,,,0,,1,1,1,30,2,2,2,5,0,0,0,0,true,,false,false,false,false,false,,,,,,false,false,true,,,false,false,false,false,false,-83.16898,42.44545,"{
  ""coordinates"": [
    -8.316897600300000e+01,
    4.244545536500000e+01
  ],
  ""type"": ""Point""
}","{
  ""coordinates"": [
    -83.168976003,
    42.445455365
  ],
  ""type"": ""Point""
}",-83.168976003,42.445455365
10662,1094199,NOTTINGHAM,HARPER,2017-07-29,29,7,2017,1,7,4,9,,,0,,1,1,4,30,3,2,4,5,0,0,0,0,true,,true,false,false,false,false,,,,,,false,false,true,,,false,false,false,false,false,-82.95444,42.40756,"{
  ""coordinates"": [
    -8.295444018599990e+01,
    4.240756263500000e+01
  ],
  ""type"": ""Point""
}","{
  ""coordinates"": [
    -82.954440186,
    42.407562635
  ],
  ""type"": ""Point""
}",-82.9544401859999,42.407562635
10663,1107019,FRANKLIN,CHENE,2017-07-29,29,7,2017,20,7,5,9,,,0,,1,1,1,25,2,2,2,5,0,0,0,0,true,,false,false,false,false,false,,,,,,false,false,false,,,false,false,false,false,false,-83.0224,42.33665,"{
  ""coordinates"": [
    -8.302240220399990e+01,
    4.233665292200000e+01
  ],
  ""type"": ""Point""
}","{
  ""coordinates"": [
    -83.022402204,
    42.336652922
  ],
  ""type"": ""Point""
}",-83.0224022039999,42.336652922
10664,1101605,I-75,SEVEN MILE,2017-07-29,29,7,2017,12,7,8,1,,1,0,,1,1,1,55,4,2,2,5,0,0,0,0,true,,false,false,true,false,false,,,,,,false,false,false,,,false,false,false,false,false,-83.09476,42.43111,"{
  ""coordinates"": [
    -8.309475920999991e+01,
    4.243111232000010e+01
  ],
  ""type"": ""Point""
}","{
  ""coordinates"": [
    -83.09475921,
    42.43111232
  ],
  ""type"": ""Point""
}",-83.0947592099999,42.4311123200001
10665,1096674,ENGLEWOOD,WOODWARD,2017-07-29,29,7,2017,22,7,1,3,,,0,,1,1,4,30,3,2,1,5,0,0,0,0,true,,false,false,true,false,false,,,,,,true,false,true,,,false,false,false,false,false,-83.08784,42.3919,"{
  ""coordinates"": [
    -8.308784358699999e+01,
    4.239189872100010e+01
  ],
  ""type"": ""Point""
}","{
  ""coordinates"": [
    -83.087843587,
    42.391898721
  ],
  ""type"": ""Point""
}",-83.087843587,42.3918987210001