ObjectId,Crash ID,Primary Road,Intersecting Road,Crash Date,Day,Month,Year,Hour,Weekday,Crash Type Code,Highway Classification Code,Community Code,Jurisdiction Code,Lane Departure Type Code,Surface Type,Road Condition,Weather Condition,Lighting Condition,Speed Limit,Lanes,Units,Occupants,Most Severe Injury,Fatal Injuries,Suspected Serious Injuries,Suspected Minor Injuries,Possible Injuries,Property Damage Only,Secondary Crash,Traffic Control,Red Light Run,Hit and Run,Alcohol,Drugs,Unbelted Person,Work Zone,Speeding Driver,Distracted Driver,Driveway,Pedestrian,Elderly Driver,Young Driver,Commercial Vehicle,Emergency Vehicles,Train,School Bus,Motorcycle,Bicycle,Deer,Longitude,Latitude,geom,geog,x,y
10723,1093089,NEVADA,MOUNT ELLIOTT,2017-07-28,28,7,2017,6,6,4,9,,4,0,,4,1,1,30,4,2,2,4,0,0,0,2,false,,false,false,false,false,false,,,,,,false,false,true,,,false,false,false,false,false,-83.03851,42.42641,"{
  ""coordinates"": [
    -8.303851677700000e+01,
    4.242641321200010e+01
  ],
  ""type"": ""Point""
}","{
  ""coordinates"": [
    -83.038516777,
    42.426413212
  ],
  ""type"": ""Point""
}",-83.038516777,42.4264132120001
10724,1094223,WYOMING,S M 10,2017-07-28,28,7,2017,15,6,1,9,,4,0,,1,1,1,30,3,2,2,4,0,0,0,1,false,,true,true,false,false,false,,,,,,false,true,false,,,false,false,false,true,false,-83.15981,42.40517,"{
  ""coordinates"": [
    -8.315981194299999e+01,
    4.240516951700000e+01
  ],
  ""type"": ""Point""
}","{
  ""coordinates"": [
    -83.159811943,
    42.405169517
  ],
  ""type"": ""Point""
}",-83.159811943,42.405169517
10725,1094188,CHENE,JEFFERSON,2017-07-28,28,7,2017,20,6,5,9,,4,0,,1,1,1,25,2,2,1,5,0,0,0,0,true,,false,false,true,false,false,,,,,,false,false,false,,,false,false,false,false,false,-83.02262,42.33823,"{
  ""coordinates"": [
    -8.302262449900000e+01,
    4.233822564400000e+01
  ],
  ""type"": ""Point""
}","{
  ""coordinates"": [
    -83.022624499,
    42.338225644
  ],
  ""type"": ""Point""
}",-83.022624499,42.338225644
10726,1094186,BESSEMORE,ROHNS,2017-07-28,28,7,2017,18,6,10,9,,,0,,1,1,1,25,2,2,1,5,0,0,0,0,true,,false,false,true,false,false,,,,,,false,false,false,,,false,false,false,false,false,-83.01294,42.39373,"{
  ""coordinates"": [
    -8.301293871699990e+01,
    4.239372557700010e+01
  ],
  ""type"": ""Point""
}","{
  ""coordinates"": [
    -83.012938717,
    42.393725577
  ],
  ""type"": ""Point""
}",-83.0129387169999,42.3937255770001
10727,1098338,S I 75,CLAY,2017-07-28,28,7,2017,12,6,5,1,,1,0,,1,1,1,55,4,2,3,4,0,0,0,1,false,,false,false,false,false,false,,,,,,false,false,false,,,false,false,false,false,false,-83.06302,42.37854,"{
  ""coordinates"": [
    -8.306301800300000e+01,
    4.237853851800000e+01
  ],
  ""type"": ""Point""
}","{
  ""coordinates"": [
    -83.063018003,
    42.378538518
  ],
  ""type"": ""Point""
}",-83.063018003,42.378538518
10728,1098333,N/B M-39,WARREN,2017-07-28,28,7,2017,16,6,5,3,,1,0,,1,1,1,55,3,3,3,5,0,0,0,0,true,,false,false,false,false,false,,,,,,false,false,false,,,false,false,false,false,false,-83.21603,42.34121,"{
  ""coordinates"": [
    -8.321603465100000e+01,
    4.234120791000000e+01
  ],
  ""type"": ""Point""
}","{
  ""coordinates"": [
    -83.216034651,
    42.34120791
  ],
  ""type"": ""Point""
}",-83.216034651,42.34120791
10729,1094169,CANYON,CHESTER,2017-07-28,28,7,2017,8,6,4,9,,,0,,1,1,1,25,4,2,2,2,0,1,0,0,false,,true,false,false,false,false,,,,,,false,false,false,,,false,false,false,false,false,-82.92564,42.42148,"{
  ""coordinates"": [
    -8.292564466600000e+01,
    4.242147937200010e+01
  ],
  ""type"": ""Point""
}","{
  ""coordinates"": [
    -82.925644666,
    42.421479372
  ],
  ""type"": ""Point""
}",-82.925644666,42.4214793720001
10730,1095870,FORDSON,OAKWOOD,2017-07-28,28,7,2017,8,6,97,9,,,0,,1,1,1,30,3,8,1,4,0,0,0,1,false,,false,false,false,false,false,,,,,,false,false,false,,,false,false,false,false,false,-83.15501,42.29076,"{
  ""coordinates"": [
    -8.315501441899990e+01,
    4.229075684700010e+01
  ],
  ""type"": ""Point""
}","{
  ""coordinates"": [
    -83.155014419,
    42.290756847
  ],
  ""type"": ""Point""
}",-83.1550144189999,42.2907568470001
10731,1094197,SOMERSET,MORANG,2017-07-28,28,7,2017,23,6,10,9,,,0,,1,1,4,25,2,2,1,5,0,0,0,0,true,,false,false,false,false,false,,,,,,false,false,false,,,false,false,false,false,false,-82.94366,42.42376,"{
  ""coordinates"": [
    -8.294365319900000e+01,
    4.242375838100000e+01
  ],
  ""type"": ""Point""
}","{
  ""coordinates"": [
    -82.943653199,
    42.423758381
  ],
  ""type"": ""Point""
}",-82.943653199,42.423758381
10732,1094206,LINWOOD,GRAND,2017-07-28,28,7,2017,22,6,8,9,,4,0,,1,1,4,35,2,2,3,4,0,0,0,3,false,,false,false,false,false,false,,,,,,false,false,true,,,false,false,false,false,false,-83.1,42.36037,"{
  ""coordinates"": [
    -8.309999695499990e+01,
    4.236037189400000e+01
  ],
  ""type"": ""Point""
}","{
  ""coordinates"": [
    -83.099996955,
    42.360371894
  ],
  ""type"": ""Point""
}",-83.0999969549999,42.360371894
10733,1094140,I-94,2ND,2017-07-28,28,7,2017,6,6,8,1,,1,0,,1,1,1,55,3,2,3,5,0,0,0,0,true,,false,false,false,false,false,,,,,,false,false,true,,,false,false,false,false,false,-83.07269,42.36162,"{
  ""coordinates"": [
    -8.307268780899990e+01,
    4.236161898700000e+01
  ],
  ""type"": ""Point""
}","{
  ""coordinates"": [
    -83.072687809,
    42.361618987
  ],
  ""type"": ""Point""
}",-83.0726878089999,42.361618987
10734,1098336,N M 39,WARREN,2017-07-28,28,7,2017,16,6,5,3,,1,0,,1,1,1,55,3,3,2,5,0,0,0,0,true,,false,false,false,false,false,,,,,,false,false,false,,,false,false,false,false,false,-83.21605,42.34365,"{
  ""coordinates"": [
    -8.321605025799990e+01,
    4.234365221600010e+01
  ],
  ""type"": ""Point""
}","{
  ""coordinates"": [
    -83.216050258,
    42.343652216
  ],
  ""type"": ""Point""
}",-83.2160502579999,42.3436522160001
10735,1099399,GLASTONBURY,7 MILE,2017-07-28,28,7,2017,11,6,5,9,,,0,,1,1,1,35,4,2,3,5,0,0,0,0,true,,false,false,true,false,false,,,,,,false,false,false,,,false,false,false,false,false,-83.22298,42.42995,"{
  ""coordinates"": [
    -8.322298261100001e+01,
    4.242995341200000e+01
  ],
  ""type"": ""Point""
}","{
  ""coordinates"": [
    -83.222982611,
    42.429953412
  ],
  ""type"": ""Point""
}",-83.222982611,42.429953412
10736,1095820,I-75,BRUSH,2017-07-28,28,7,2017,0,6,8,1,,1,0,,1,1,4,55,2,2,1,5,0,0,0,0,true,,false,false,false,false,false,,,,,,false,false,true,,,false,false,false,false,false,-83.05025,42.34092,"{
  ""coordinates"": [
    -8.305025071400000e+01,
    4.234092433800000e+01
  ],
  ""type"": ""Point""
}","{
  ""coordinates"": [
    -83.050250714,
    42.340924338
  ],
  ""type"": ""Point""
}",-83.050250714,42.340924338
10737,1096687,CHENE,JEFFERSON,2017-07-28,28,7,2017,19,6,4,9,,4,0,,1,1,4,35,3,2,2,5,0,0,0,0,true,,true,true,false,false,false,,,,,,false,false,false,,,false,false,false,false,false,-83.02264,42.33825,"{
  ""coordinates"": [
    -8.302264196000000e+01,
    4.233825178300000e+01
  ],
  ""type"": ""Point""
}","{
  ""coordinates"": [
    -83.02264196,
    42.338251783
  ],
  ""type"": ""Point""
}",-83.02264196,42.338251783
10738,1099374,GRATIOT,VAN DYKE,2017-07-28,28,7,2017,19,6,1,3,,1,0,,1,1,1,35,3,2,1,3,0,0,1,0,false,,false,false,true,false,false,,,,,,false,false,false,,,false,false,false,true,false,-83.01466,42.37887,"{
  ""coordinates"": [
    -8.301465746500000e+01,
    4.237886866100010e+01
  ],
  ""type"": ""Point""
}","{
  ""coordinates"": [
    -83.014657465,
    42.378868661
  ],
  ""type"": ""Point""
}",-83.014657465,42.3788686610001
10739,1095846,JEFFERSON,TENTH,2017-07-28,28,7,2017,14,6,8,9,,4,0,,2,4,1,25,5,2,4,5,0,0,0,0,true,,false,false,false,false,false,,,,,,false,false,false,,,false,false,false,false,false,-83.06225,42.32276,"{
  ""coordinates"": [
    -8.306225170800001e+01,
    4.232276193800000e+01
  ],
  ""type"": ""Point""
}","{
  ""coordinates"": [
    -83.062251708,
    42.322761938
  ],
  ""type"": ""Point""
}",-83.062251708,42.322761938
10740,1095883,ROUGE PARK,PLYMOUTH,2017-07-28,28,7,2017,14,6,4,9,,2,0,,1,1,1,35,4,2,4,4,0,0,0,3,false,,false,false,false,false,false,,,,,,false,false,false,,,false,false,false,false,false,-83.25918,42.37162,"{
  ""coordinates"": [
    -8.325917711300001e+01,
    4.237162449500000e+01
  ],
  ""type"": ""Point""
}","{
  ""coordinates"": [
    -83.259177113,
    42.371624495
  ],
  ""type"": ""Point""
}",-83.259177113,42.371624495
10741,1094175,CHICAGO,FORRER,2017-07-28,28,7,2017,20,6,4,9,,4,0,,1,1,1,35,2,2,2,5,0,0,0,0,true,,false,false,false,false,false,,,,,,false,false,false,,,false,false,false,false,false,-83.201,42.36532,"{
  ""coordinates"": [
    -8.320099698099990e+01,
    4.236532166100010e+01
  ],
  ""type"": ""Point""
}","{
  ""coordinates"": [
    -83.200996981,
    42.365321661
  ],
  ""type"": ""Point""
}",-83.2009969809999,42.3653216610001
10742,1095852,JOHN R,WOODWARD,2017-07-28,28,7,2017,16,6,1,9,,4,0,,1,1,1,25,2,2,3,4,0,0,0,1,false,,false,false,false,false,false,,,,,,false,false,false,,,false,false,false,true,false,-83.04939,42.33497,"{
  ""coordinates"": [
    -8.304938542399999e+01,
    4.233496966200000e+01
  ],
  ""type"": ""Point""
}","{
  ""coordinates"": [
    -83.049385424,
    42.334969662
  ],
  ""type"": ""Point""
}",-83.049385424,42.334969662
10743,1106180,LAFAYETTE,SAINT MARON,2017-07-28,28,7,2017,17,6,4,9,,4,0,,1,1,1,30,4,2,1,4,0,0,0,1,false,,false,false,true,false,false,,,,,,false,false,false,,,false,false,false,false,false,-83.0199,42.34338,"{
  ""coordinates"": [
    -8.301989739299999e+01,
    4.234337600900010e+01
  ],
  ""type"": ""Point""
}","{
  ""coordinates"": [
    -83.019897393,
    42.343376009
  ],
  ""type"": ""Point""
}",-83.019897393,42.3433760090001
10744,1094201,GRATIOT,ROSEMARY,2017-07-28,28,7,2017,4,6,8,3,,1,0,,1,1,4,35,7,2,0,5,0,0,0,0,true,,false,false,true,false,false,,,,,,false,false,false,,,false,false,false,false,false,-82.99557,42.40784,"{
  ""coordinates"": [
    -8.299557471799990e+01,
    4.240784351500000e+01
  ],
  ""type"": ""Point""
}","{
  ""coordinates"": [
    -82.995574718,
    42.407843515
  ],
  ""type"": ""Point""
}",-82.9955747179999,42.407843515
10745,1094168,MACK,CHALMERS,2017-07-28,28,7,2017,8,6,5,9,,4,0,,1,1,1,35,5,2,1,5,0,0,0,0,true,,false,false,true,false,false,,,,,,false,false,false,,,false,false,false,false,false,-82.95295,42.38649,"{
  ""coordinates"": [
    -8.295295038400000e+01,
    4.238648582700010e+01
  ],
  ""type"": ""Point""
}","{
  ""coordinates"": [
    -82.952950384,
    42.386485827
  ],
  ""type"": ""Point""
}",-82.952950384,42.3864858270001
10746,1094217,7 MILE,HANNA,2017-07-28,28,7,2017,18,6,4,9,,4,0,,1,1,1,30,2,2,2,5,0,0,0,0,true,,false,false,false,false,false,,,,,,false,false,true,,,false,false,false,false,false,-83.08973,42.43267,"{
  ""coordinates"": [
    -8.308973281999990e+01,
    4.243266975900010e+01
  ],
  ""type"": ""Point""
}","{
  ""coordinates"": [
    -83.08973282,
    42.432669759
  ],
  ""type"": ""Point""
}",-83.0897328199999,42.4326697590001
10747,1094210,TALBOT,FENELON,2017-07-28,28,7,2017,19,6,8,9,,,0,,1,1,2,15,1,2,2,5,0,0,0,0,true,,false,false,false,false,false,,,,,,false,true,false,,,false,false,false,false,false,-83.05135,42.40663,"{
  ""coordinates"": [
    -8.305135191499990e+01,
    4.240663207500010e+01
  ],
  ""type"": ""Point""
}","{
  ""coordinates"": [
    -83.051351915,
    42.406632075
  ],
  ""type"": ""Point""
}",-83.0513519149999,42.4066320750001
10748,1094218,KEYSTONE,HILDALE,2017-07-28,28,7,2017,20,6,1,9,,,0,,1,1,1,25,2,2,0,2,0,1,0,0,false,,false,false,true,false,false,,,,,,true,false,false,,,false,false,false,false,false,-83.05112,42.42978,"{
  ""coordinates"": [
    -8.305112620700000e+01,
    4.242977346800010e+01
  ],
  ""type"": ""Point""
}","{
  ""coordinates"": [
    -83.051126207,
    42.429773468
  ],
  ""type"": ""Point""
}",-83.051126207,42.4297734680001
10749,1099361,S M 39,WARREN,2017-07-28,28,7,2017,18,6,5,3,,1,0,,1,1,1,55,3,3,1,5,0,0,0,0,true,,false,false,true,false,false,,,,,,false,true,false,,,false,false,false,false,false,-83.21626,42.3442,"{
  ""coordinates"": [
    -8.321625878799991e+01,
    4.234419746500000e+01
  ],
  ""type"": ""Point""
}","{
  ""coordinates"": [
    -83.216258788,
    42.344197465
  ],
  ""type"": ""Point""
}",-83.2162587879999,42.344197465
10750,1094192,MURRAY HILL,SANTA MARIA,2017-07-28,28,7,2017,13,6,1,9,,,0,,1,2,1,25,4,1,2,3,0,0,2,0,false,,false,false,false,false,false,,,,,,false,false,true,,,false,false,false,false,false,-83.20802,42.41761,"{
  ""coordinates"": [
    -8.320801390799990e+01,
    4.241761133100000e+01
  ],
  ""type"": ""Point""
}","{
  ""coordinates"": [
    -83.208013908,
    42.417611331
  ],
  ""type"": ""Point""
}",-83.2080139079999,42.417611331
10751,1094196,GRATIOT,FAIRCREST,2017-07-28,28,7,2017,0,6,8,3,,1,0,,1,1,4,35,7,2,4,5,0,0,0,0,true,,false,false,true,false,false,,,,,,false,false,true,,,false,false,false,false,false,-82.9798,42.43189,"{
  ""coordinates"": [
    -8.297979422000000e+01,
    4.243189396600010e+01
  ],
  ""type"": ""Point""
}","{
  ""coordinates"": [
    -82.97979422,
    42.431893966
  ],
  ""type"": ""Point""
}",-82.97979422,42.4318939660001
10752,1103144,CONGRESS,WOODWARD,2017-07-28,28,7,2017,22,6,10,9,,4,0,,1,1,4,0,3,2,1,5,0,0,0,0,true,,false,false,false,false,false,,,,,,false,false,false,,,false,false,false,false,false,-83.04567,42.33027,"{
  ""coordinates"": [
    -8.304567218200000e+01,
    4.233026967600010e+01
  ],
  ""type"": ""Point""
}","{
  ""coordinates"": [
    -83.045672182,
    42.330269676
  ],
  ""type"": ""Point""
}",-83.045672182,42.3302696760001
10753,1210638,M-39,JOY,2017-07-28,28,7,2017,17,6,5,3,,1,0,,1,1,1,55,3,2,4,4,0,0,0,2,false,,false,false,false,false,false,,,,,,false,false,true,,,false,false,false,false,false,-83.2164,42.3593,"{
  ""coordinates"": [
    -8.321639834599991e+01,
    4.235930322100010e+01
  ],
  ""type"": ""Point""
}","{
  ""coordinates"": [
    -83.216398346,
    42.359303221
  ],
  ""type"": ""Point""
}",-83.2163983459999,42.3593032210001
10754,1094211,N I 75,7 MILE,2017-07-28,28,7,2017,11,6,4,1,,1,0,,1,1,1,35,3,2,2,4,0,0,0,2,false,,false,false,false,false,false,,,,,,false,false,false,,,false,false,false,false,false,-83.09465,42.43253,"{
  ""coordinates"": [
    -8.309465347199991e+01,
    4.243253362000010e+01
  ],
  ""type"": ""Point""
}","{
  ""coordinates"": [
    -83.094653472,
    42.43253362
  ],
  ""type"": ""Point""
}",-83.0946534719999,42.4325336200001
10755,1106123,JOSEPHINE,JOHN R,2017-07-28,28,7,2017,1,6,4,9,,,0,,1,1,4,25,1,2,0,5,0,0,0,0,true,,false,false,true,false,false,,,,,,false,false,false,,,false,false,false,false,false,-83.07817,42.38319,"{
  ""coordinates"": [
    -8.307817169099999e+01,
    4.238318456700010e+01
  ],
  ""type"": ""Point""
}","{
  ""coordinates"": [
    -83.078171691,
    42.383184567
  ],
  ""type"": ""Point""
}",-83.078171691,42.3831845670001
10756,1095818,I-75,MADISON,2017-07-28,28,7,2017,23,6,8,1,,1,0,,1,1,4,70,3,2,8,5,0,0,0,0,true,,false,false,true,true,false,,,,,,false,false,false,,,false,false,false,false,false,-83.04261,42.34126,"{
  ""coordinates"": [
    -8.304261014500000e+01,
    4.234126061600010e+01
  ],
  ""type"": ""Point""
}","{
  ""coordinates"": [
    -83.042610145,
    42.341260616
  ],
  ""type"": ""Point""
}",-83.042610145,42.3412606160001
10757,1094122,M-39,PLYMOUTH,2017-07-28,28,7,2017,18,6,8,3,,1,0,,1,1,1,55,3,2,2,5,0,0,0,0,true,,false,false,false,false,false,,,,,,false,false,false,,,false,false,false,false,false,-83.21678,42.37267,"{
  ""coordinates"": [
    -8.321678463400001e+01,
    4.237266501800010e+01
  ],
  ""type"": ""Point""
}","{
  ""coordinates"": [
    -83.216784634,
    42.372665018
  ],
  ""type"": ""Point""
}",-83.216784634,42.3726650180001
10758,1094228,JAMES COUZENS,GREENFIELD,2017-07-28,28,7,2017,14,6,5,3,,1,0,,1,2,1,35,2,2,2,4,0,0,0,1,false,,false,false,false,false,false,,,,,,false,true,false,,,false,false,false,false,false,-83.20039,42.4427,"{
  ""coordinates"": [
    -8.320038436399990e+01,
    4.244270346900000e+01
  ],
  ""type"": ""Point""
}","{
  ""coordinates"": [
    -83.200384364,
    42.442703469
  ],
  ""type"": ""Point""
}",-83.2003843639999,42.442703469
10759,1094165,RIVERFRONT,JEFFERSON,2017-07-28,28,7,2017,17,6,8,3,,,0,,1,1,1,25,2,2,2,5,0,0,0,0,true,,false,false,false,false,false,,,,,,false,false,false,,,false,false,false,false,false,-83.05671,42.32492,"{
  ""coordinates"": [
    -8.305671164099989e+01,
    4.232492229800000e+01
  ],
  ""type"": ""Point""
}","{
  ""coordinates"": [
    -83.056711641,
    42.324922298
  ],
  ""type"": ""Point""
}",-83.0567116409999,42.324922298
10760,1094216,DEQUINDRE,LANTZ,2017-07-28,28,7,2017,18,6,10,9,,4,0,,1,1,1,35,2,2,3,5,0,0,0,0,true,,false,false,false,false,false,,,,,,false,false,false,,,false,false,false,false,false,-83.08304,42.43767,"{
  ""coordinates"": [
    -8.308303629400000e+01,
    4.243767018800000e+01
  ],
  ""type"": ""Point""
}","{
  ""coordinates"": [
    -83.083036294,
    42.437670188
  ],
  ""type"": ""Point""
}",-83.083036294,42.437670188
10761,1094212,ELDRIDGE,FENELON,2017-07-28,28,7,2017,11,6,4,9,,,0,,1,1,1,25,2,2,2,5,0,0,0,0,true,,false,false,false,false,false,,,,,,false,false,true,,,false,false,false,false,false,-83.05158,42.40737,"{
  ""coordinates"": [
    -8.305158536099999e+01,
    4.240736854300010e+01
  ],
  ""type"": ""Point""
}","{
  ""coordinates"": [
    -83.051585361,
    42.407368543
  ],
  ""type"": ""Point""
}",-83.051585361,42.4073685430001
10762,1094137,E I 94,N M 10,2017-07-28,28,7,2017,19,6,8,1,,1,0,,1,1,1,55,3,2,3,5,0,0,0,0,true,,false,false,false,false,false,,,,,,false,true,true,,,false,false,false,false,false,-83.07618,42.35897,"{
  ""coordinates"": [
    -8.307617740800001e+01,
    4.235897156200010e+01
  ],
  ""type"": ""Point""
}","{
  ""coordinates"": [
    -83.076177408,
    42.358971562
  ],
  ""type"": ""Point""
}",-83.076177408,42.3589715620001
10763,1095919,STRASBURG,PARK GROVE,2017-07-28,28,7,2017,1,6,9,9,,,0,,1,1,5,25,1,2,0,5,0,0,0,0,true,,false,false,true,false,false,,,,,,false,false,false,,,false,false,false,false,false,-82.99841,42.43005,"{
  ""coordinates"": [
    -8.299841620799999e+01,
    4.243004480400000e+01
  ],
  ""type"": ""Point""
}","{
  ""coordinates"": [
    -82.998416208,
    42.430044804
  ],
  ""type"": ""Point""
}",-82.998416208,42.430044804
10764,1096702,SOUTHFIELD SERVICE DRIVE,8 MILE,2017-07-28,28,7,2017,14,6,6,3,,5,0,,1,1,1,35,1,2,2,3,0,0,1,0,false,,false,false,false,false,false,,,,,,false,false,false,,,false,false,false,false,false,-83.22014,42.44408,"{
  ""coordinates"": [
    -8.322014192899999e+01,
    4.244408561500010e+01
  ],
  ""type"": ""Point""
}","{
  ""coordinates"": [
    -83.220141929,
    42.444085615
  ],
  ""type"": ""Point""
}",-83.220141929,42.4440856150001
10765,1094139,I-94,LIVERNOIS,2017-07-28,28,7,2017,18,6,5,1,,1,0,,1,1,1,55,3,2,1,5,0,0,0,0,true,,false,false,true,false,false,,,,,,false,false,false,,,false,false,false,false,false,-83.12321,42.33814,"{
  ""coordinates"": [
    -8.312321110399991e+01,
    4.233813697000010e+01
  ],
  ""type"": ""Point""
}","{
  ""coordinates"": [
    -83.123211104,
    42.33813697
  ],
  ""type"": ""Point""
}",-83.1232111039999,42.3381369700001
10766,1095923,JEFFERSON,ST ANTOINE,2017-07-28,28,7,2017,9,6,5,9,,4,0,,1,1,1,35,4,2,2,5,0,0,0,0,true,,false,false,false,false,false,,,,,,false,false,false,,,false,false,false,false,false,-83.0384,42.3315,"{
  ""coordinates"": [
    -8.303839537200000e+01,
    4.233150026000000e+01
  ],
  ""type"": ""Point""
}","{
  ""coordinates"": [
    -83.038395372,
    42.33150026
  ],
  ""type"": ""Point""
}",-83.038395372,42.33150026
10767,1094179,GREENFIELD,JOY,2017-07-28,28,7,2017,15,6,4,9,,2,0,,1,2,1,30,4,2,3,5,0,0,0,0,true,,false,false,true,false,false,,,,,,false,false,false,,,false,false,false,false,false,-83.19698,42.35793,"{
  ""coordinates"": [
    -8.319698246000000e+01,
    4.235793193600010e+01
  ],
  ""type"": ""Point""
}","{
  ""coordinates"": [
    -83.19698246,
    42.357931936
  ],
  ""type"": ""Point""
}",-83.19698246,42.3579319360001
10768,1094136,N/B I-75,CLAY,2017-07-28,28,7,2017,18,6,5,1,,1,0,,1,1,1,70,4,2,1,4,0,0,0,1,false,,false,false,true,false,false,,,,,,false,false,false,,,false,false,false,false,false,-83.06273,42.37856,"{
  ""coordinates"": [
    -8.306272815400000e+01,
    4.237856461300000e+01
  ],
  ""type"": ""Point""
}","{
  ""coordinates"": [
    -83.062728154,
    42.378564613
  ],
  ""type"": ""Point""
}",-83.062728154,42.378564613
10769,1098340,I-94,FRONTENAC,2017-07-28,28,7,2017,16,6,1,1,,1,1,,1,1,1,55,3,1,1,3,0,0,1,0,false,,false,false,false,false,false,,,,,,false,false,true,,,false,false,false,false,false,-83.02653,42.38488,"{
  ""coordinates"": [
    -8.302652389799989e+01,
    4.238488060200010e+01
  ],
  ""type"": ""Point""
}","{
  ""coordinates"": [
    -83.026523898,
    42.384880602
  ],
  ""type"": ""Point""
}",-83.0265238979999,42.3848806020001
10770,1211468,SCHAEFER,FENKELL,2017-07-28,28,7,2017,1,6,4,9,,4,0,,1,1,4,30,4,2,2,4,0,0,0,1,false,,false,false,false,false,false,,,,,,false,false,false,,,false,false,false,false,false,-83.17912,42.40195,"{
  ""coordinates"": [
    -8.317911920499991e+01,
    4.240195588900010e+01
  ],
  ""type"": ""Point""
}","{
  ""coordinates"": [
    -83.179119205,
    42.401955889
  ],
  ""type"": ""Point""
}",-83.1791192049999,42.4019558890001
10771,1102504,STEEL,7 MILE,2017-07-28,28,7,2017,12,6,1,9,,,1,,1,2,1,25,1,1,1,5,0,0,0,0,true,,false,false,false,false,false,,,,,,false,false,true,,,false,false,false,false,false,-83.17303,42.43081,"{
  ""coordinates"": [
    -8.317303640999999e+01,
    4.243081057900010e+01
  ],
  ""type"": ""Point""
}","{
  ""coordinates"": [
    -83.17303641,
    42.430810579
  ],
  ""type"": ""Point""
}",-83.17303641,42.4308105790001
10772,1094255,BALTIMORE,THIRD,2017-07-28,28,7,2017,8,6,8,9,,4,0,,1,1,1,25,2,2,2,5,0,0,0,0,true,,false,false,false,false,false,,,,,,false,false,false,,,false,false,false,false,false,-83.0778,42.36625,"{
  ""coordinates"": [
    -8.307780489299989e+01,
    4.236625245600000e+01
  ],
  ""type"": ""Point""
}","{
  ""coordinates"": [
    -83.077804893,
    42.366252456
  ],
  ""type"": ""Point""
}",-83.0778048929999,42.366252456
10773,1117230,6TH,FORT,2017-07-28,28,7,2017,7,6,1,3,,4,0,,1,1,1,25,2,1,2,4,0,0,0,1,false,,false,false,false,false,false,,,,,,false,false,true,,,false,false,false,false,false,-83.05789,42.32619,"{
  ""coordinates"": [
    -8.305789229600001e+01,
    4.232619530300010e+01
  ],
  ""type"": ""Point""
}","{
  ""coordinates"": [
    -83.057892296,
    42.326195303
  ],
  ""type"": ""Point""
}",-83.057892296,42.3261953030001
10774,1093091,STATE FAIR,RUSSELL,2017-07-27,27,7,2017,14,5,4,9,,4,0,,1,1,1,35,2,2,2,4,0,0,0,1,false,,false,false,false,false,false,,,,,,false,true,false,,,false,false,false,false,false,-83.09088,42.43988,"{
  ""coordinates"": [
    -8.309087989999990e+01,
    4.243987832300010e+01
  ],
  ""type"": ""Point""
}","{
  ""coordinates"": [
    -83.0908799,
    42.439878323
  ],
  ""type"": ""Point""
}",-83.0908798999999,42.4398783230001
10775,1094182,SAINT AUBIN,FOREST,2017-07-27,27,7,2017,13,5,1,9,,4,0,,1,1,1,25,1,1,1,5,0,0,0,0,true,,false,false,false,true,false,,,,,,false,false,false,,,false,false,false,false,false,-83.04295,42.36232,"{
  ""coordinates"": [
    -8.304295680400000e+01,
    4.236231781900010e+01
  ],
  ""type"": ""Point""
}","{
  ""coordinates"": [
    -83.042956804,
    42.362317819
  ],
  ""type"": ""Point""
}",-83.042956804,42.3623178190001
10776,1093077,HARPER,GUILFORD,2017-07-27,27,7,2017,21,5,5,9,,4,0,,1,1,3,35,1,2,5,4,0,0,0,1,false,,false,false,false,false,false,,,,,,false,false,true,,,false,false,false,false,false,-82.9341,42.41782,"{
  ""coordinates"": [
    -8.293409789899989e+01,
    4.241781984200000e+01
  ],
  ""type"": ""Point""
}","{
  ""coordinates"": [
    -82.934097899,
    42.417819842
  ],
  ""type"": ""Point""
}",-82.9340978989999,42.417819842
10777,1093063,I-75,ROSA PARKS,2017-07-27,27,7,2017,18,5,97,9,,4,0,,1,1,1,55,4,2,3,5,0,0,0,0,true,,false,false,false,false,false,,,,,,false,false,true,,,false,false,false,false,false,-83.06883,42.33495,"{
  ""coordinates"": [
    -8.306883148599999e+01,
    4.233495044700000e+01
  ],
  ""type"": ""Point""
}","{
  ""coordinates"": [
    -83.068831486,
    42.334950447
  ],
  ""type"": ""Point""
}",-83.068831486,42.334950447
10778,1093080,KNODELL,FRENCH,2017-07-27,27,7,2017,0,5,5,9,,,0,,1,1,4,25,2,2,2,5,0,0,0,0,true,,false,false,true,false,false,,,,,,false,false,false,,,false,false,false,false,false,-82.99924,42.39906,"{
  ""coordinates"": [
    -8.299923720399990e+01,
    4.239906198600000e+01
  ],
  ""type"": ""Point""
}","{
  ""coordinates"": [
    -82.999237204,
    42.399061986
  ],
  ""type"": ""Point""
}",-82.9992372039999,42.399061986
10779,1095841,GRAND RIVER,N M 10,2017-07-27,27,7,2017,19,5,97,3,,1,0,,1,1,1,35,4,2,2,3,0,0,1,0,false,,false,false,false,false,false,,,,,,false,false,false,,,false,false,false,false,false,-83.06627,42.33939,"{
  ""coordinates"": [
    -8.306627163000000e+01,
    4.233939292600010e+01
  ],
  ""type"": ""Point""
}","{
  ""coordinates"": [
    -83.06627163,
    42.339392926
  ],
  ""type"": ""Point""
}",-83.06627163,42.3393929260001