ObjectId,Crash ID,Primary Road,Intersecting Road,Crash Date,Day,Month,Year,Hour,Weekday,Crash Type Code,Highway Classification Code,Community Code,Jurisdiction Code,Lane Departure Type Code,Surface Type,Road Condition,Weather Condition,Lighting Condition,Speed Limit,Lanes,Units,Occupants,Most Severe Injury,Fatal Injuries,Suspected Serious Injuries,Suspected Minor Injuries,Possible Injuries,Property Damage Only,Secondary Crash,Traffic Control,Red Light Run,Hit and Run,Alcohol,Drugs,Unbelted Person,Work Zone,Speeding Driver,Distracted Driver,Driveway,Pedestrian,Elderly Driver,Young Driver,Commercial Vehicle,Emergency Vehicles,Train,School Bus,Motorcycle,Bicycle,Deer,Longitude,Latitude,geom,geog,x,y
11007,1089744,JOY,GREENLAWN,2017-07-23,23,7,2017,14,1,9,9,,4,0,,1,1,1,25,3,2,1,5,0,0,0,0,true,,false,false,true,false,false,,,,,,false,false,false,,,false,false,false,false,false,-83.14912,42.35914,"{
  ""coordinates"": [
    -8.314912502999989e+01,
    4.235914008900010e+01
  ],
  ""type"": ""Point""
}","{
  ""coordinates"": [
    -83.14912503,
    42.359140089
  ],
  ""type"": ""Point""
}",-83.1491250299999,42.3591400890001
11008,1089739,N I 75,DAVISON,2017-07-23,23,7,2017,23,1,8,1,,1,0,,1,1,4,55,3,2,4,4,0,0,0,2,false,,false,false,false,false,false,,,,,,false,false,true,,,false,false,false,false,false,-83.07947,42.40894,"{
  ""coordinates"": [
    -8.307946713400000e+01,
    4.240893729000000e+01
  ],
  ""type"": ""Point""
}","{
  ""coordinates"": [
    -83.079467134,
    42.40893729
  ],
  ""type"": ""Point""
}",-83.079467134,42.40893729
11009,1089750,PLYMOUTH,SCHAEFER,2017-07-23,23,7,2017,15,1,4,9,,4,0,,1,2,1,30,5,2,2,4,0,0,0,1,false,,true,true,false,false,false,,,,,,false,true,false,,,false,false,false,false,false,-83.17812,42.37304,"{
  ""coordinates"": [
    -8.317812518300001e+01,
    4.237304296000010e+01
  ],
  ""type"": ""Point""
}","{
  ""coordinates"": [
    -83.178125183,
    42.37304296
  ],
  ""type"": ""Point""
}",-83.178125183,42.3730429600001
11010,1089809,WADE,PHILIP,2017-07-23,23,7,2017,18,1,4,9,,,0,,1,1,1,25,2,2,3,5,0,0,0,0,true,,true,false,true,false,false,,,,,,false,false,false,,,false,false,false,false,false,-82.96341,42.40862,"{
  ""coordinates"": [
    -8.296340937199990e+01,
    4.240862083900000e+01
  ],
  ""type"": ""Point""
}","{
  ""coordinates"": [
    -82.963409372,
    42.408620839
  ],
  ""type"": ""Point""
}",-82.9634093719999,42.408620839
11011,1095907,LINDSAY,MCNICHOLS,2017-07-23,23,7,2017,4,1,2,9,,,0,,1,98,4,25,2,2,1,5,0,0,0,0,true,,false,false,false,false,false,,,,,,false,false,true,,,false,false,false,false,false,-83.21333,42.41609,"{
  ""coordinates"": [
    -8.321332753300000e+01,
    4.241609306100000e+01
  ],
  ""type"": ""Point""
}","{
  ""coordinates"": [
    -83.213327533,
    42.416093061
  ],
  ""type"": ""Point""
}",-83.213327533,42.416093061
11012,1100559,S M 10,MILWAUKEE,2017-07-23,23,7,2017,17,1,4,3,,1,0,,1,1,1,30,6,2,2,4,0,0,0,1,false,,true,true,false,false,false,,,,,,false,false,false,,,false,false,false,false,false,-83.08106,42.36588,"{
  ""coordinates"": [
    -8.308106444000001e+01,
    4.236587567300010e+01
  ],
  ""type"": ""Point""
}","{
  ""coordinates"": [
    -83.08106444,
    42.365875673
  ],
  ""type"": ""Point""
}",-83.08106444,42.3658756730001
11013,1099350,I-94,BRUSH,2017-07-23,23,7,2017,15,1,5,1,,1,0,,1,1,1,55,3,2,2,5,0,0,0,0,true,,false,false,false,false,false,,,,,,false,false,true,,,false,false,false,false,false,-83.06493,42.36544,"{
  ""coordinates"": [
    -8.306493534799991e+01,
    4.236544292700010e+01
  ],
  ""type"": ""Point""
}","{
  ""coordinates"": [
    -83.064935348,
    42.365442927
  ],
  ""type"": ""Point""
}",-83.0649353479999,42.3654429270001
11014,1090660,CADILLAC,SHOEMAKER,2017-07-23,23,7,2017,23,1,97,9,,4,0,,1,1,4,30,1,2,0,5,0,0,0,0,true,,false,false,true,false,false,,,,,,false,false,false,,,false,false,false,false,false,-83.00169,42.38963,"{
  ""coordinates"": [
    -8.300169696800000e+01,
    4.238962373700010e+01
  ],
  ""type"": ""Point""
}","{
  ""coordinates"": [
    -83.001696968,
    42.389623737
  ],
  ""type"": ""Point""
}",-83.001696968,42.3896237370001
11015,1089762,SCHAEFER,FORT,2017-07-23,23,7,2017,2,1,4,7,,1,0,,1,1,4,30,4,2,4,4,0,0,0,1,false,,true,true,false,false,false,,,,,,false,false,true,,,false,false,false,false,false,-83.15549,42.27644,"{
  ""coordinates"": [
    -8.315549500799990e+01,
    4.227643990900000e+01
  ],
  ""type"": ""Point""
}","{
  ""coordinates"": [
    -83.155495008,
    42.276439909
  ],
  ""type"": ""Point""
}",-83.1554950079999,42.276439909
11016,1089755,JOHN C LODGE SERVICE,CHARLOTTE,2017-07-23,23,7,2017,3,1,8,9,,4,0,,1,1,4,25,2,2,2,5,0,0,0,0,true,,false,false,true,false,false,,,,,,false,true,false,,,false,false,false,false,false,-83.0664,42.34068,"{
  ""coordinates"": [
    -8.306639818799989e+01,
    4.234068338700010e+01
  ],
  ""type"": ""Point""
}","{
  ""coordinates"": [
    -83.066398188,
    42.340683387
  ],
  ""type"": ""Point""
}",-83.0663981879999,42.3406833870001
11017,1093061,I-94,I-96,2017-07-23,23,7,2017,18,1,5,1,,1,0,,1,1,1,55,3,2,1,5,0,0,0,0,true,,false,false,false,false,false,,,,,,false,false,true,,,false,false,false,false,false,-83.10374,42.34864,"{
  ""coordinates"": [
    -8.310373629799990e+01,
    4.234864040700010e+01
  ],
  ""type"": ""Point""
}","{
  ""coordinates"": [
    -83.103736298,
    42.348640407
  ],
  ""type"": ""Point""
}",-83.1037362979999,42.3486404070001
11018,1089788,MACK,GRATIOT,2017-07-23,23,7,2017,11,1,6,9,,4,0,,1,1,1,30,4,2,6,5,0,0,0,0,true,,false,false,false,false,false,,,,,,false,false,false,,,false,false,false,false,false,-83.0261,42.35966,"{
  ""coordinates"": [
    -8.302609922399991e+01,
    4.235966399300000e+01
  ],
  ""type"": ""Point""
}","{
  ""coordinates"": [
    -83.026099224,
    42.359663993
  ],
  ""type"": ""Point""
}",-83.0260992239999,42.359663993
11019,1095868,GREEN,NAVY,2017-07-23,23,7,2017,14,1,4,9,,,0,,1,1,1,25,2,2,3,4,0,0,0,2,false,,true,false,true,false,false,,,,,,false,false,false,,,false,false,false,false,false,-83.12001,42.31209,"{
  ""coordinates"": [
    -8.312001365299990e+01,
    4.231209309300000e+01
  ],
  ""type"": ""Point""
}","{
  ""coordinates"": [
    -83.120013653,
    42.312093093
  ],
  ""type"": ""Point""
}",-83.1200136529999,42.312093093
11020,1092300,LAHSER,7 MILE,2017-07-23,23,7,2017,13,1,5,9,,2,0,,1,1,1,0,4,2,2,5,0,0,0,0,true,,false,false,false,false,false,,,,,,false,true,false,,,false,false,false,false,false,-83.25829,42.42926,"{
  ""coordinates"": [
    -8.325829395300001e+01,
    4.242925676200010e+01
  ],
  ""type"": ""Point""
}","{
  ""coordinates"": [
    -83.258293953,
    42.429256762
  ],
  ""type"": ""Point""
}",-83.258293953,42.4292567620001
11021,1089794,LENORE,SANTA MARIA,2017-07-23,23,7,2017,19,1,1,9,,,0,,1,1,1,25,2,1,2,4,0,0,0,1,false,,false,false,false,false,false,,,,,,false,false,false,,,false,false,false,false,false,-83.28127,42.41677,"{
  ""coordinates"": [
    -8.328126242499999e+01,
    4.241676687900010e+01
  ],
  ""type"": ""Point""
}","{
  ""coordinates"": [
    -83.281262425,
    42.416766879
  ],
  ""type"": ""Point""
}",-83.281262425,42.4167668790001
11022,1093055,I-75,HOLBROOK,2017-07-23,23,7,2017,4,1,1,1,,1,1,,1,1,4,70,4,1,0,5,0,0,0,0,true,,false,false,false,false,false,,,,,,false,false,false,,,false,false,false,false,false,-83.06828,42.38682,"{
  ""coordinates"": [
    -8.306827457900000e+01,
    4.238682011800010e+01
  ],
  ""type"": ""Point""
}","{
  ""coordinates"": [
    -83.068274579,
    42.386820118
  ],
  ""type"": ""Point""
}",-83.068274579,42.3868201180001
11023,1103330,8 MILE,REX,2017-07-23,23,7,2017,10,1,1,3,,1,1,,1,1,1,0,4,1,1,5,0,0,0,0,true,,false,false,true,false,true,,,,,,false,false,false,,,false,false,false,false,false,-82.95827,42.45002,"{
  ""coordinates"": [
    -8.295826743399989e+01,
    4.245002527200010e+01
  ],
  ""type"": ""Point""
}","{
  ""coordinates"": [
    -82.958267434,
    42.450025272
  ],
  ""type"": ""Point""
}",-82.9582674339999,42.4500252720001
11024,1089747,ARDMORE,KEELER,2017-07-23,23,7,2017,18,1,8,9,,,0,,1,1,1,25,2,2,2,5,0,0,0,0,true,,false,false,true,false,false,,,,,,false,false,false,,,false,false,false,false,false,-83.1846,42.40374,"{
  ""coordinates"": [
    -8.318460158700000e+01,
    4.240373776500010e+01
  ],
  ""type"": ""Point""
}","{
  ""coordinates"": [
    -83.184601587,
    42.403737765
  ],
  ""type"": ""Point""
}",-83.184601587,42.4037377650001
11025,1089761,LIVERNOIS,PLUMER,2017-07-23,23,7,2017,6,1,1,9,,4,1,,1,1,1,35,4,1,1,4,0,0,0,1,false,,false,false,false,false,false,,,,,,false,false,false,,,false,false,false,false,false,-83.11115,42.31849,"{
  ""coordinates"": [
    -8.311114304800000e+01,
    4.231848466500000e+01
  ],
  ""type"": ""Point""
}","{
  ""coordinates"": [
    -83.111143048,
    42.318484665
  ],
  ""type"": ""Point""
}",-83.111143048,42.318484665
11026,1089786,N I 75,RAMP 044A,2017-07-23,23,7,2017,4,1,5,1,,1,0,,1,1,5,35,3,2,2,5,0,0,0,0,true,,false,false,false,false,false,,,,,,false,false,false,,,false,false,false,false,false,-83.0528,42.3587,"{
  ""coordinates"": [
    -8.305279416899999e+01,
    4.235869737500010e+01
  ],
  ""type"": ""Point""
}","{
  ""coordinates"": [
    -83.052794169,
    42.358697375
  ],
  ""type"": ""Point""
}",-83.052794169,42.3586973750001
11027,1106996,1035 ST ANTOINE,LAFAYETTE,2017-07-23,23,7,2017,2,1,8,9,,4,0,,1,1,4,25,3,2,2,5,0,0,0,0,true,,false,false,false,false,false,,,,,,false,false,false,,,false,false,false,false,false,-83.04072,42.33523,"{
  ""coordinates"": [
    -8.304071893500000e+01,
    4.233522854600010e+01
  ],
  ""type"": ""Point""
}","{
  ""coordinates"": [
    -83.040718935,
    42.335228546
  ],
  ""type"": ""Point""
}",-83.040718935,42.3352285460001
11028,1089758,ELIZABETH,CASS,2017-07-23,23,7,2017,19,1,4,9,,4,0,,1,1,1,25,2,2,4,5,0,0,0,0,true,,false,false,false,false,false,,,,,,false,false,false,,,false,false,false,false,false,-83.05534,42.33594,"{
  ""coordinates"": [
    -8.305533933700001e+01,
    4.233594243100000e+01
  ],
  ""type"": ""Point""
}","{
  ""coordinates"": [
    -83.055339337,
    42.335942431
  ],
  ""type"": ""Point""
}",-83.055339337,42.335942431
11029,1089810,8 MILE,DEQUINDRE,2017-07-23,23,7,2017,13,1,8,3,,1,0,,1,1,1,45,4,2,2,5,0,0,0,0,true,,false,false,true,false,false,,,,,,false,false,false,,,false,false,false,false,false,-83.0788,42.44709,"{
  ""coordinates"": [
    -8.307880731200000e+01,
    4.244708812400010e+01
  ],
  ""type"": ""Point""
}","{
  ""coordinates"": [
    -83.078807312,
    42.447088124
  ],
  ""type"": ""Point""
}",-83.078807312,42.4470881240001
11030,1089756,OAKLAND,OWEN,2017-07-23,23,7,2017,20,1,5,9,,4,0,,1,1,4,35,4,2,3,5,0,0,0,0,true,,false,false,false,true,false,,,,,,false,true,false,,,false,false,false,false,false,-83.07275,42.38609,"{
  ""coordinates"": [
    -8.307274472300000e+01,
    4.238608586100000e+01
  ],
  ""type"": ""Point""
}","{
  ""coordinates"": [
    -83.072744723,
    42.386085861
  ],
  ""type"": ""Point""
}",-83.072744723,42.386085861
11031,1090677,MOUND,OUTER,2017-07-23,23,7,2017,15,1,97,9,,2,0,,1,1,1,35,3,2,1,5,0,0,0,0,true,,false,false,false,false,false,,,,,,false,false,false,,,false,false,false,false,false,-83.04369,42.44073,"{
  ""coordinates"": [
    -8.304369608699990e+01,
    4.244073011900010e+01
  ],
  ""type"": ""Point""
}","{
  ""coordinates"": [
    -83.043696087,
    42.440730119
  ],
  ""type"": ""Point""
}",-83.0436960869999,42.4407301190001
11032,1090627,CENTRAL,JOHN KRONK,2017-07-23,23,7,2017,22,1,5,9,,4,0,,1,1,5,35,4,2,2,5,0,0,0,0,true,,false,false,false,false,false,,,,,,false,false,true,,,false,false,false,false,false,-83.13178,42.32298,"{
  ""coordinates"": [
    -8.313178542700000e+01,
    4.232297773200000e+01
  ],
  ""type"": ""Point""
}","{
  ""coordinates"": [
    -83.131785427,
    42.322977732
  ],
  ""type"": ""Point""
}",-83.131785427,42.322977732
11033,1089806,CLARENDON,COLFAX,2017-07-23,23,7,2017,0,1,9,9,,,2,,1,2,2,0,2,2,0,5,0,0,0,0,true,,false,false,true,false,false,,,,,,false,false,false,,,false,false,false,false,false,-83.13316,42.35888,"{
  ""coordinates"": [
    -8.313315411100000e+01,
    4.235887609000010e+01
  ],
  ""type"": ""Point""
}","{
  ""coordinates"": [
    -83.133154111,
    42.35887609
  ],
  ""type"": ""Point""
}",-83.133154111,42.3588760900001
11034,1090628,CENTRAL,MICHIGAN,2017-07-23,23,7,2017,20,1,5,2,,4,0,,1,1,98,25,2,3,3,5,0,0,0,0,true,,false,false,false,false,false,,,,,,false,false,true,,,false,false,false,false,false,-83.13766,42.3313,"{
  ""coordinates"": [
    -8.313766700699991e+01,
    4.233130076800010e+01
  ],
  ""type"": ""Point""
}","{
  ""coordinates"": [
    -83.137667007,
    42.331300768
  ],
  ""type"": ""Point""
}",-83.1376670069999,42.3313007680001
11035,1091394,ADDISON,MCGRAW,2017-07-23,23,7,2017,18,1,5,9,,4,0,,1,1,1,35,2,2,2,5,0,0,0,0,true,,false,false,false,false,false,,,,,,false,false,false,,,false,false,false,false,false,-83.15162,42.33099,"{
  ""coordinates"": [
    -8.315162019900001e+01,
    4.233098632200010e+01
  ],
  ""type"": ""Point""
}","{
  ""coordinates"": [
    -83.151620199,
    42.330986322
  ],
  ""type"": ""Point""
}",-83.151620199,42.3309863220001
11036,1089772,FRENCH,I-94,2017-07-23,23,7,2017,9,1,1,9,,4,0,,1,1,1,25,2,1,1,5,0,0,0,0,true,,false,false,false,false,false,,,,,,false,false,false,,,false,false,false,false,false,-82.99582,42.39225,"{
  ""coordinates"": [
    -8.299582003800001e+01,
    4.239225042000000e+01
  ],
  ""type"": ""Point""
}","{
  ""coordinates"": [
    -82.995820038,
    42.39225042
  ],
  ""type"": ""Point""
}",-82.995820038,42.39225042
11037,1089754,LAFAYETTE,BROOKLYN,2017-07-23,23,7,2017,3,1,98,9,,4,0,,1,1,5,35,4,2,0,5,0,0,0,0,true,,false,false,true,false,false,,,,,,false,false,false,,,false,false,false,false,false,-83.05982,42.32656,"{
  ""coordinates"": [
    -8.305982569100000e+01,
    4.232655660800000e+01
  ],
  ""type"": ""Point""
}","{
  ""coordinates"": [
    -83.059825691,
    42.326556608
  ],
  ""type"": ""Point""
}",-83.059825691,42.326556608
11038,1090622,MCNICHOLS,STRATHMOOR,2017-07-23,23,7,2017,19,1,8,9,,2,3,,1,1,1,0,4,2,0,5,0,0,0,0,true,,false,false,true,false,false,,,,,,false,true,false,,,false,false,false,false,false,-83.18845,42.41649,"{
  ""coordinates"": [
    -8.318844316100000e+01,
    4.241648677500010e+01
  ],
  ""type"": ""Point""
}","{
  ""coordinates"": [
    -83.188443161,
    42.416486775
  ],
  ""type"": ""Point""
}",-83.188443161,42.4164867750001
11039,1089804,TIREMAN,NORTHFIELD,2017-07-23,23,7,2017,18,1,4,9,,4,0,,1,1,1,30,2,2,3,4,0,0,0,2,false,,false,false,false,false,false,,,,,,false,false,false,,,false,false,false,false,false,-83.12566,42.35189,"{
  ""coordinates"": [
    -8.312565422599990e+01,
    4.235188795800010e+01
  ],
  ""type"": ""Point""
}","{
  ""coordinates"": [
    -83.125654226,
    42.351887958
  ],
  ""type"": ""Point""
}",-83.1256542259999,42.3518879580001
11040,1089805,COLLINGWOOD,SECOND,2017-07-23,23,7,2017,18,1,9,9,,,2,,1,1,1,25,2,2,1,5,0,0,0,0,true,,false,false,false,false,false,,,,,,false,false,false,,,false,false,false,false,false,-83.08945,42.3893,"{
  ""coordinates"": [
    -8.308944459400000e+01,
    4.238930018300000e+01
  ],
  ""type"": ""Point""
}","{
  ""coordinates"": [
    -83.089444594,
    42.389300183
  ],
  ""type"": ""Point""
}",-83.089444594,42.389300183
11041,1093056,W I 96 SERVICE DRIVE,GRAND,2017-07-23,23,7,2017,19,1,97,9,,4,0,,1,1,1,35,2,2,6,5,0,0,0,0,true,,true,true,false,false,false,,,,,,false,false,true,,,false,false,false,false,false,-83.11082,42.3564,"{
  ""coordinates"": [
    -8.311081622200000e+01,
    4.235640235300010e+01
  ],
  ""type"": ""Point""
}","{
  ""coordinates"": [
    -83.110816222,
    42.356402353
  ],
  ""type"": ""Point""
}",-83.110816222,42.3564023530001
11042,1088930,LIVERNOIS,TOLEDO,2017-07-22,22,7,2017,8,7,1,9,,4,1,,1,2,1,30,6,1,1,5,0,0,0,0,true,,false,false,false,false,false,,,,,,false,false,false,,,false,false,false,false,false,-83.10423,42.30768,"{
  ""coordinates"": [
    -8.310422492799999e+01,
    4.230768317400000e+01
  ],
  ""type"": ""Point""
}","{
  ""coordinates"": [
    -83.104224928,
    42.307683174
  ],
  ""type"": ""Point""
}",-83.104224928,42.307683174
11043,1088959,HAYES,PROMENADE,2017-07-22,22,7,2017,23,7,5,9,,4,0,,1,1,4,35,2,2,2,3,0,0,1,0,false,,false,false,false,false,false,,,,,,false,false,true,,,false,false,false,false,false,-82.96471,42.41354,"{
  ""coordinates"": [
    -8.296471474899990e+01,
    4.241353693300000e+01
  ],
  ""type"": ""Point""
}","{
  ""coordinates"": [
    -82.964714749,
    42.413536933
  ],
  ""type"": ""Point""
}",-82.9647147489999,42.413536933
11044,1088901,M-8,I-96,2017-07-22,22,7,2017,12,7,1,3,,1,1,,2,2,1,70,3,1,3,5,0,0,0,0,true,,false,false,false,false,false,,,,,,false,false,false,,,false,false,false,false,false,-83.14427,42.38644,"{
  ""coordinates"": [
    -8.314426954899990e+01,
    4.238643615500010e+01
  ],
  ""type"": ""Point""
}","{
  ""coordinates"": [
    -83.144269549,
    42.386436155
  ],
  ""type"": ""Point""
}",-83.1442695489999,42.3864361550001
11045,1088904,M-10,DAVISON,2017-07-22,22,7,2017,11,7,1,3,,1,1,,2,2,1,55,4,1,1,5,0,0,0,0,true,,false,false,false,false,false,,,,,,false,false,true,,,false,false,false,false,false,-83.11167,42.39887,"{
  ""coordinates"": [
    -8.311167337500000e+01,
    4.239887238300000e+01
  ],
  ""type"": ""Point""
}","{
  ""coordinates"": [
    -83.111673375,
    42.398872383
  ],
  ""type"": ""Point""
}",-83.111673375,42.398872383
11046,1089783,TIREMAN,CLAYBURN,2017-07-22,22,7,2017,19,7,8,9,,4,0,,1,1,1,30,2,2,2,4,0,0,0,1,false,,false,false,true,false,false,,,,,,false,false,false,,,false,false,false,false,false,-83.21222,42.35068,"{
  ""coordinates"": [
    -8.321222222199999e+01,
    4.235067800500010e+01
  ],
  ""type"": ""Point""
}","{
  ""coordinates"": [
    -83.212222222,
    42.350678005
  ],
  ""type"": ""Point""
}",-83.212222222,42.3506780050001
11047,1089780,ROLANDALE,MOROSS,2017-07-22,22,7,2017,14,7,4,9,,,0,,1,1,1,25,2,2,2,5,0,0,0,0,true,,false,false,false,false,false,,,,,,false,false,false,,,false,false,false,false,false,-82.92001,42.4204,"{
  ""coordinates"": [
    -8.292000559199990e+01,
    4.242040070400000e+01
  ],
  ""type"": ""Point""
}","{
  ""coordinates"": [
    -82.920005592,
    42.420400704
  ],
  ""type"": ""Point""
}",-82.9200055919999,42.420400704
11048,1088997,7 MILE,WYOMING,2017-07-22,22,7,2017,0,7,8,9,,2,0,,1,1,4,35,5,2,5,5,0,0,0,0,true,,false,false,false,false,false,,,,,,false,false,true,,,false,false,false,false,false,-83.16094,42.43135,"{
  ""coordinates"": [
    -8.316094101000000e+01,
    4.243135429700000e+01
  ],
  ""type"": ""Point""
}","{
  ""coordinates"": [
    -83.16094101,
    42.431354297
  ],
  ""type"": ""Point""
}",-83.16094101,42.431354297
11049,1089792,JEFFERSON,CRANE,2017-07-22,22,7,2017,12,7,4,9,,4,0,,1,1,1,35,4,2,1,4,0,0,0,1,false,,false,false,true,false,false,,,,,,false,true,false,,,false,false,false,false,false,-82.9881,42.35608,"{
  ""coordinates"": [
    -8.298810184099990e+01,
    4.235607828400000e+01
  ],
  ""type"": ""Point""
}","{
  ""coordinates"": [
    -82.988101841,
    42.356078284
  ],
  ""type"": ""Point""
}",-82.9881018409999,42.356078284
11050,1088927,PARKINSON,MICHIGAN,2017-07-22,22,7,2017,19,7,1,2,,,0,,1,1,1,25,2,2,0,5,0,0,0,0,true,,false,false,true,false,false,,,,,,true,false,false,,,false,false,false,false,false,-83.13189,42.33112,"{
  ""coordinates"": [
    -8.313189150900000e+01,
    4.233111737900000e+01
  ],
  ""type"": ""Point""
}","{
  ""coordinates"": [
    -83.131891509,
    42.331117379
  ],
  ""type"": ""Point""
}",-83.131891509,42.331117379
11051,1088982,LIVERNOIS,NORFOLK,2017-07-22,22,7,2017,14,7,4,9,,4,0,,1,1,1,25,2,2,1,5,0,0,0,0,true,,true,true,true,false,false,,,,,,false,false,false,,,false,false,false,false,false,-83.14182,42.4437,"{
  ""coordinates"": [
    -8.314181323799990e+01,
    4.244370164200010e+01
  ],
  ""type"": ""Point""
}","{
  ""coordinates"": [
    -83.141813238,
    42.443701642
  ],
  ""type"": ""Point""
}",-83.1418132379999,42.4437016420001
11052,1111455,I-96,GREENFIELD,2017-07-22,22,7,2017,11,7,1,1,,1,1,,2,4,1,55,4,1,6,5,0,0,0,0,true,,false,false,false,false,false,,,,,,false,false,true,,,false,false,false,false,false,-83.19608,42.37925,"{
  ""coordinates"": [
    -8.319608244599991e+01,
    4.237925091000010e+01
  ],
  ""type"": ""Point""
}","{
  ""coordinates"": [
    -83.196082446,
    42.37925091
  ],
  ""type"": ""Point""
}",-83.1960824459999,42.3792509100001
11053,1089798,GREENFIELD,7 MILE,2017-07-22,22,7,2017,10,7,5,9,,2,0,,2,4,1,0,3,2,3,5,0,0,0,0,true,,false,false,false,false,false,,,,,,false,true,false,,,false,false,false,false,false,-83.19987,42.43043,"{
  ""coordinates"": [
    -8.319986945999990e+01,
    4.243042864700000e+01
  ],
  ""type"": ""Point""
}","{
  ""coordinates"": [
    -83.19986946,
    42.430428647
  ],
  ""type"": ""Point""
}",-83.1998694599999,42.430428647
11054,1094213,7 MILE,ORLEANS,2017-07-22,22,7,2017,18,7,5,9,,4,0,,1,1,1,35,-4,2,1,5,0,0,0,0,true,,false,false,false,false,false,,,,,,false,false,false,,,false,false,false,false,false,-83.08477,42.43285,"{
  ""coordinates"": [
    -8.308477027700000e+01,
    4.243284830800010e+01
  ],
  ""type"": ""Point""
}","{
  ""coordinates"": [
    -83.084770277,
    42.432848308
  ],
  ""type"": ""Point""
}",-83.084770277,42.4328483080001
11055,1101589,OUTER,SAINT MARYS,2017-07-22,22,7,2017,12,7,4,9,,2,0,,1,1,1,0,2,2,2,5,0,0,0,0,true,,false,false,false,false,false,,,,,,false,true,false,,,false,false,false,false,false,-83.207,42.41932,"{
  ""coordinates"": [
    -8.320700063100000e+01,
    4.241931522800010e+01
  ],
  ""type"": ""Point""
}","{
  ""coordinates"": [
    -83.207000631,
    42.419315228
  ],
  ""type"": ""Point""
}",-83.207000631,42.4193152280001
11056,1088925,OUTER,FORT,2017-07-22,22,7,2017,16,7,5,3,,,0,,1,1,1,35,3,2,3,5,0,0,0,0,true,,false,false,false,false,false,,,,,,false,true,false,,,false,false,false,false,false,-83.16535,42.26398,"{
  ""coordinates"": [
    -8.316535401999990e+01,
    4.226397546000000e+01
  ],
  ""type"": ""Point""
}","{
  ""coordinates"": [
    -83.16535402,
    42.26397546
  ],
  ""type"": ""Point""
}",-83.1653540199999,42.26397546
11057,1088975,DAVISON,EWALD,2017-07-22,22,7,2017,4,7,5,3,,1,0,,1,1,1,35,4,2,2,5,0,0,0,0,true,,false,false,false,false,false,,,,,,false,false,false,,,false,false,false,false,false,-83.14533,42.38626,"{
  ""coordinates"": [
    -8.314533436499990e+01,
    4.238626189400000e+01
  ],
  ""type"": ""Point""
}","{
  ""coordinates"": [
    -83.145334365,
    42.386261894
  ],
  ""type"": ""Point""
}",-83.1453343649999,42.386261894
11058,1088955,KELLY,CORAM,2017-07-22,22,7,2017,1,7,4,9,,2,0,,1,1,4,35,2,2,4,4,0,0,0,2,false,,false,false,false,false,false,,,,,,false,false,false,,,false,false,false,false,false,-82.95043,42.43818,"{
  ""coordinates"": [
    -8.295043490099989e+01,
    4.243818426700010e+01
  ],
  ""type"": ""Point""
}","{
  ""coordinates"": [
    -82.950434901,
    42.438184267
  ],
  ""type"": ""Point""
}",-82.9504349009999,42.4381842670001
11059,1090639,GRAND RIVER,TELEGRAPH,2017-07-22,22,7,2017,12,7,5,3,,1,0,,1,1,1,35,6,2,4,4,0,0,0,2,false,,false,false,false,false,false,,,,,,false,false,false,,,false,false,false,false,false,-83.27741,42.42458,"{
  ""coordinates"": [
    -8.327740876699990e+01,
    4.242457909600010e+01
  ],
  ""type"": ""Point""
}","{
  ""coordinates"": [
    -83.277408767,
    42.424579096
  ],
  ""type"": ""Point""
}",-83.2774087669999,42.4245790960001
11060,1117090,SEVEN MILE,ASHTON,2017-07-22,22,7,2017,19,7,6,9,,2,0,,1,1,1,35,3,2,3,5,0,0,0,0,true,,false,false,false,false,false,,,,,,false,false,true,,,false,false,false,false,false,-83.2204,42.43,"{
  ""coordinates"": [
    -8.322039447899991e+01,
    4.242999751400000e+01
  ],
  ""type"": ""Point""
}","{
  ""coordinates"": [
    -83.220394479,
    42.429997514
  ],
  ""type"": ""Point""
}",-83.2203944789999,42.429997514
11061,1089773,FAIRVIEW,WARREN,2017-07-22,22,7,2017,6,7,5,9,,,0,,1,2,2,25,1,2,0,5,0,0,0,0,true,,false,false,true,false,false,,,,,,false,false,false,,,false,false,false,false,false,-82.98757,42.38653,"{
  ""coordinates"": [
    -8.298757212200000e+01,
    4.238652850400010e+01
  ],
  ""type"": ""Point""
}","{
  ""coordinates"": [
    -82.987572122,
    42.386528504
  ],
  ""type"": ""Point""
}",-82.987572122,42.3865285040001
11062,1089737,RAMP 109D,RAMP 109A,2017-07-22,22,7,2017,23,7,5,3,,1,0,,1,1,4,55,1,2,3,5,0,0,0,0,true,,false,false,false,false,false,,,,,,false,false,false,,,false,false,false,false,false,-83.10877,42.39767,"{
  ""coordinates"": [
    -8.310876929599991e+01,
    4.239766550800000e+01
  ],
  ""type"": ""Point""
}","{
  ""coordinates"": [
    -83.108769296,
    42.397665508
  ],
  ""type"": ""Point""
}",-83.1087692959999,42.397665508
11063,1092273,STRATHMOOR,MACKENZIE,2017-07-22,22,7,2017,17,7,1,9,,,1,,1,1,2,25,2,1,1,5,0,0,0,0,true,,false,false,false,false,false,,,,,,false,false,false,,,false,false,false,false,false,-83.18591,42.356,"{
  ""coordinates"": [
    -8.318590481200000e+01,
    4.235599665500010e+01
  ],
  ""type"": ""Point""
}","{
  ""coordinates"": [
    -83.185904812,
    42.355996655
  ],
  ""type"": ""Point""
}",-83.185904812,42.3559966550001