ObjectId,Crash ID,Primary Road,Intersecting Road,Crash Date,Day,Month,Year,Hour,Weekday,Crash Type Code,Highway Classification Code,Community Code,Jurisdiction Code,Lane Departure Type Code,Surface Type,Road Condition,Weather Condition,Lighting Condition,Speed Limit,Lanes,Units,Occupants,Most Severe Injury,Fatal Injuries,Suspected Serious Injuries,Suspected Minor Injuries,Possible Injuries,Property Damage Only,Secondary Crash,Traffic Control,Red Light Run,Hit and Run,Alcohol,Drugs,Unbelted Person,Work Zone,Speeding Driver,Distracted Driver,Driveway,Pedestrian,Elderly Driver,Young Driver,Commercial Vehicle,Emergency Vehicles,Train,School Bus,Motorcycle,Bicycle,Deer,Longitude,Latitude,geom,geog,x,y
11121,1088967,SHERWOOD,OUTER,2017-07-21,21,7,2017,19,6,4,9,,4,0,,1,1,1,35,2,2,2,5,0,0,0,0,true,,true,true,false,false,false,,,,,,false,false,false,,,false,false,false,false,false,-83.03429,42.44104,"{
  ""coordinates"": [
    -8.303428982299990e+01,
    4.244104194700000e+01
  ],
  ""type"": ""Point""
}","{
  ""coordinates"": [
    -83.034289823,
    42.441041947
  ],
  ""type"": ""Point""
}",-83.0342898229999,42.441041947
11122,1090616,E I 96,CSX TRANSPORTATION,2017-07-21,21,7,2017,5,6,8,1,,1,0,,1,1,4,70,3,2,2,4,0,0,0,2,false,,false,false,false,false,false,,,,,,false,false,true,,,false,false,false,false,false,-83.19334,42.3791,"{
  ""coordinates"": [
    -8.319334101000000e+01,
    4.237909941900010e+01
  ],
  ""type"": ""Point""
}","{
  ""coordinates"": [
    -83.19334101,
    42.379099419
  ],
  ""type"": ""Point""
}",-83.19334101,42.3790994190001
11123,1091391,LAFAYETTE,SIXTH,2017-07-21,21,7,2017,13,6,4,9,,4,0,,1,1,1,30,2,2,2,5,0,0,0,0,true,,false,false,false,false,false,,,,,,false,false,false,,,false,false,false,false,false,-83.05859,42.32708,"{
  ""coordinates"": [
    -8.305858317000001e+01,
    4.232707727100010e+01
  ],
  ""type"": ""Point""
}","{
  ""coordinates"": [
    -83.05858317,
    42.327077271
  ],
  ""type"": ""Point""
}",-83.05858317,42.3270772710001
11124,1091413,BURGESS,TROJAN,2017-07-21,21,7,2017,19,6,4,9,,,0,,1,1,1,25,4,2,2,4,0,0,0,1,false,,false,false,false,false,false,,,,,,false,false,false,,,false,false,false,false,false,-83.25627,42.43982,"{
  ""coordinates"": [
    -8.325627037399990e+01,
    4.243981750300000e+01
  ],
  ""type"": ""Point""
}","{
  ""coordinates"": [
    -83.256270374,
    42.439817503
  ],
  ""type"": ""Point""
}",-83.2562703739999,42.439817503
11125,1088923,2510 BEATRICE,OMAHA,2017-07-21,21,7,2017,10,6,4,9,,,0,,1,1,1,25,1,2,1,5,0,0,0,0,true,,false,false,false,false,false,,,,,,false,false,false,,,false,false,false,false,false,-83.15482,42.26814,"{
  ""coordinates"": [
    -8.315481770600000e+01,
    4.226813898800000e+01
  ],
  ""type"": ""Point""
}","{
  ""coordinates"": [
    -83.154817706,
    42.268138988
  ],
  ""type"": ""Point""
}",-83.154817706,42.268138988
11126,1092269,LARNED,WOODWARD,2017-07-21,21,7,2017,7,6,8,9,,4,0,,1,1,1,25,3,2,2,5,0,0,0,0,true,,false,false,false,false,false,,,,,,false,false,true,,,false,false,false,false,false,-83.0453,42.32938,"{
  ""coordinates"": [
    -8.304529580099999e+01,
    4.232937672100010e+01
  ],
  ""type"": ""Point""
}","{
  ""coordinates"": [
    -83.045295801,
    42.329376721
  ],
  ""type"": ""Point""
}",-83.045295801,42.3293767210001
11127,1088958,CONNER,GLENFIELD,2017-07-21,21,7,2017,20,6,8,9,,4,0,,1,1,1,30,4,2,2,5,0,0,0,0,true,,false,false,false,false,false,,,,,,false,false,false,,,false,false,false,false,false,-83.00145,42.40797,"{
  ""coordinates"": [
    -8.300144883099991e+01,
    4.240797429400000e+01
  ],
  ""type"": ""Point""
}","{
  ""coordinates"": [
    -83.001448831,
    42.407974294
  ],
  ""type"": ""Point""
}",-83.0014488309999,42.407974294
11128,1088963,STATE FAIR,YACAMA,2017-07-21,21,7,2017,19,6,4,9,,4,0,,1,1,1,30,4,2,3,4,0,0,0,2,false,,false,false,false,false,false,,,,,,false,false,false,,,false,false,false,false,false,-83.09723,42.43969,"{
  ""coordinates"": [
    -8.309723188299991e+01,
    4.243969310200000e+01
  ],
  ""type"": ""Point""
}","{
  ""coordinates"": [
    -83.097231883,
    42.439693102
  ],
  ""type"": ""Point""
}",-83.0972318829999,42.439693102
11129,1088920,SPRINGWELLS,FORT,2017-07-21,21,7,2017,11,6,8,3,,4,0,,1,1,1,35,8,2,2,5,0,0,0,0,true,,false,false,false,false,false,,,,,,false,false,false,,,false,false,false,false,false,-83.11921,42.30023,"{
  ""coordinates"": [
    -8.311920680799990e+01,
    4.230022751200000e+01
  ],
  ""type"": ""Point""
}","{
  ""coordinates"": [
    -83.119206808,
    42.300227512
  ],
  ""type"": ""Point""
}",-83.1192068079999,42.300227512
11130,1088937,LAHSER,EIGHT MILE,2017-07-21,21,7,2017,1,6,8,3,,2,0,,1,1,4,35,4,2,0,5,0,0,0,0,true,,false,false,true,false,false,,,,,,false,false,false,,,false,false,false,false,false,-83.25885,42.44331,"{
  ""coordinates"": [
    -8.325885121600000e+01,
    4.244331103800000e+01
  ],
  ""type"": ""Point""
}","{
  ""coordinates"": [
    -83.258851216,
    42.443311038
  ],
  ""type"": ""Point""
}",-83.258851216,42.443311038
11131,1093053,M-10,WYOMING,2017-07-21,21,7,2017,15,6,97,3,,1,0,,1,1,1,55,3,2,2,5,0,0,0,0,true,,false,false,false,false,false,,,,,,false,false,false,,,false,false,false,false,false,-83.16276,42.40701,"{
  ""coordinates"": [
    -8.316275582299990e+01,
    4.240700722400000e+01
  ],
  ""type"": ""Point""
}","{
  ""coordinates"": [
    -83.162755823,
    42.407007224
  ],
  ""type"": ""Point""
}",-83.1627558229999,42.407007224
11132,1088993,8 MILE,DERBY,2017-07-21,21,7,2017,14,6,5,3,,1,0,,1,1,1,40,4,2,2,5,0,0,0,0,true,,false,false,false,false,false,,,,,,false,false,true,,,false,false,false,false,false,-83.1039,42.44698,"{
  ""coordinates"": [
    -8.310390267799990e+01,
    4.244698259400010e+01
  ],
  ""type"": ""Point""
}","{
  ""coordinates"": [
    -83.103902678,
    42.446982594
  ],
  ""type"": ""Point""
}",-83.1039026779999,42.4469825940001
11133,1088992,LIVERNOIS,PURITAN,2017-07-21,21,7,2017,8,6,4,9,,4,0,,1,1,1,30,4,2,6,4,0,0,0,3,false,,true,true,false,false,false,,,,,,false,false,true,,,false,false,false,false,false,-83.14067,42.40991,"{
  ""coordinates"": [
    -8.314067299899990e+01,
    4.240990902900010e+01
  ],
  ""type"": ""Point""
}","{
  ""coordinates"": [
    -83.140672999,
    42.409909029
  ],
  ""type"": ""Point""
}",-83.1406729989999,42.4099090290001
11134,1088984,MCNICHOLS,FREELAND,2017-07-21,21,7,2017,14,6,5,9,,2,0,,1,1,1,40,2,2,2,5,0,0,0,0,true,,false,false,false,false,false,,,,,,false,true,false,,,false,false,false,false,false,-83.1862,42.41652,"{
  ""coordinates"": [
    -8.318620508200000e+01,
    4.241651776600000e+01
  ],
  ""type"": ""Point""
}","{
  ""coordinates"": [
    -83.186205082,
    42.416517766
  ],
  ""type"": ""Point""
}",-83.186205082,42.416517766
11135,1088961,HOOVER,GREINER,2017-07-21,21,7,2017,12,6,8,3,,1,0,,1,1,1,35,2,2,2,5,0,0,0,0,true,,false,false,false,false,false,,,,,,false,false,true,,,false,false,false,false,false,-83.0043,42.42703,"{
  ""coordinates"": [
    -8.300430488900000e+01,
    4.242703206400010e+01
  ],
  ""type"": ""Point""
}","{
  ""coordinates"": [
    -83.004304889,
    42.427032064
  ],
  ""type"": ""Point""
}",-83.004304889,42.4270320640001
11136,1131230,MOROSS,ROCKCASTLE,2017-07-21,21,7,2017,15,6,5,9,,2,0,,1,1,1,35,3,3,3,4,0,0,0,1,false,,false,false,false,false,false,,,,,,false,false,false,,,false,false,false,false,false,-82.92709,42.42363,"{
  ""coordinates"": [
    -8.292709678300000e+01,
    4.242362786200000e+01
  ],
  ""type"": ""Point""
}","{
  ""coordinates"": [
    -82.927096783,
    42.423627862
  ],
  ""type"": ""Point""
}",-82.927096783,42.423627862
11137,1088908,I-94,MOROSS,2017-07-21,21,7,2017,14,6,8,1,,1,0,,1,1,1,55,3,2,8,5,0,0,0,0,true,,false,false,false,false,false,,,,,,false,false,false,,,false,false,false,false,false,-82.92775,42.42595,"{
  ""coordinates"": [
    -8.292774774000000e+01,
    4.242594380600010e+01
  ],
  ""type"": ""Point""
}","{
  ""coordinates"": [
    -82.92774774,
    42.425943806
  ],
  ""type"": ""Point""
}",-82.92774774,42.4259438060001
11138,1088978,8 MILE,GREENFIELD,2017-07-21,21,7,2017,19,6,7,3,,1,0,,1,1,1,35,3,3,2,4,0,0,0,1,false,,false,false,true,false,false,,,,,,false,false,false,,,false,false,false,false,false,-83.20052,42.44479,"{
  ""coordinates"": [
    -8.320051594900001e+01,
    4.244479375200010e+01
  ],
  ""type"": ""Point""
}","{
  ""coordinates"": [
    -83.200515949,
    42.444793752
  ],
  ""type"": ""Point""
}",-83.200515949,42.4447937520001
11139,1088898,M-10 SERVICE,MILWAUKEE,2017-07-21,21,7,2017,12,6,8,3,,4,0,,1,1,1,55,2,2,5,5,0,0,0,0,true,,false,false,false,false,false,,,,,,false,false,false,,,false,false,false,false,false,-83.08141,42.36576,"{
  ""coordinates"": [
    -8.308141438299999e+01,
    4.236575841900000e+01
  ],
  ""type"": ""Point""
}","{
  ""coordinates"": [
    -83.081414383,
    42.365758419
  ],
  ""type"": ""Point""
}",-83.081414383,42.365758419
11140,1089799,SOUTHFIELD SERVICE DRIVE,7 MILE,2017-07-21,21,7,2017,17,6,4,9,,4,0,,1,1,1,30,2,2,2,5,0,0,0,0,true,,false,false,false,false,false,,,,,,false,false,false,,,false,false,false,false,false,-83.21889,42.42983,"{
  ""coordinates"": [
    -8.321888789199990e+01,
    4.242983041400000e+01
  ],
  ""type"": ""Point""
}","{
  ""coordinates"": [
    -83.218887892,
    42.429830414
  ],
  ""type"": ""Point""
}",-83.2188878919999,42.429830414
11141,1088956,WADE,PARK,2017-07-21,21,7,2017,18,6,4,9,,,0,,1,1,1,25,2,2,3,3,0,0,2,0,false,,true,false,true,false,false,,,,,,false,false,true,,,false,false,false,false,false,-82.97755,42.40411,"{
  ""coordinates"": [
    -8.297755769699999e+01,
    4.240410724100010e+01
  ],
  ""type"": ""Point""
}","{
  ""coordinates"": [
    -82.977557697,
    42.404107241
  ],
  ""type"": ""Point""
}",-82.977557697,42.4041072410001
11142,1088928,KIRKWOOD,LONYO,2017-07-21,21,7,2017,12,6,97,9,,,0,,1,1,1,25,3,2,1,5,0,0,0,0,true,,false,false,false,false,false,,,,,,false,false,true,,,false,false,false,false,false,-83.14935,42.33699,"{
  ""coordinates"": [
    -8.314935475800000e+01,
    4.233699382800010e+01
  ],
  ""type"": ""Point""
}","{
  ""coordinates"": [
    -83.149354758,
    42.336993828
  ],
  ""type"": ""Point""
}",-83.149354758,42.3369938280001
11143,1088918,TRUMBULL,FOREST,2017-07-21,21,7,2017,23,6,1,9,,4,0,,1,1,4,30,5,2,0,3,0,0,1,0,false,,false,false,true,false,false,,,,,,true,false,false,,,false,false,false,false,false,-83.07746,42.34991,"{
  ""coordinates"": [
    -8.307746354699999e+01,
    4.234990968800000e+01
  ],
  ""type"": ""Point""
}","{
  ""coordinates"": [
    -83.077463547,
    42.349909688
  ],
  ""type"": ""Point""
}",-83.077463547,42.349909688
11144,1088966,OUTER,7 MILE,2017-07-21,21,7,2017,15,6,4,9,,2,0,,1,1,1,35,2,2,2,5,0,0,0,0,true,,false,false,true,false,false,,,,,,false,false,false,,,false,false,false,false,false,-83.01433,42.43399,"{
  ""coordinates"": [
    -8.301432870300000e+01,
    4.243398907800000e+01
  ],
  ""type"": ""Point""
}","{
  ""coordinates"": [
    -83.014328703,
    42.433989078
  ],
  ""type"": ""Point""
}",-83.014328703,42.433989078
11145,1088879,M-10,WARREN,2017-07-21,21,7,2017,22,6,5,3,,1,0,,1,1,4,55,2,3,8,4,0,0,0,3,false,,false,false,false,false,false,,,,,,false,true,true,,,false,false,false,false,false,-83.07343,42.35347,"{
  ""coordinates"": [
    -8.307343296800001e+01,
    4.235347021300000e+01
  ],
  ""type"": ""Point""
}","{
  ""coordinates"": [
    -83.073432968,
    42.353470213
  ],
  ""type"": ""Point""
}",-83.073432968,42.353470213
11146,1088899,I-75,CLAY,2017-07-21,21,7,2017,17,6,5,1,,1,0,,1,1,1,55,4,2,3,5,0,0,0,0,true,,false,false,false,false,false,,,,,,false,false,false,,,false,false,false,false,false,-83.06173,42.37709,"{
  ""coordinates"": [
    -8.306173111600000e+01,
    4.237709141900010e+01
  ],
  ""type"": ""Point""
}","{
  ""coordinates"": [
    -83.061731116,
    42.377091419
  ],
  ""type"": ""Point""
}",-83.061731116,42.3770914190001
11147,1088954,SEVEN MILE,RUTHERFORD,2017-07-21,21,7,2017,22,6,8,9,,2,0,,1,1,4,45,4,3,2,5,0,0,0,0,true,,false,false,false,false,false,,,,,,false,false,false,,,false,false,false,false,false,-83.20497,42.43035,"{
  ""coordinates"": [
    -8.320497488800000e+01,
    4.243034800600000e+01
  ],
  ""type"": ""Point""
}","{
  ""coordinates"": [
    -83.204974888,
    42.430348006
  ],
  ""type"": ""Point""
}",-83.204974888,42.430348006
11148,1090671,LINWOOD,GLENDALE,2017-07-21,21,7,2017,20,6,97,9,,4,0,,1,1,1,35,6,2,2,5,0,0,0,0,true,,true,true,true,false,false,,,,,,false,false,false,,,false,false,false,false,false,-83.1201,42.39017,"{
  ""coordinates"": [
    -8.312010435400001e+01,
    4.239017666300000e+01
  ],
  ""type"": ""Point""
}","{
  ""coordinates"": [
    -83.120104354,
    42.390176663
  ],
  ""type"": ""Point""
}",-83.120104354,42.390176663
11149,1088968,SHEILDS,7 MILE,2017-07-21,21,7,2017,8,6,98,9,,,0,,1,1,1,0,2,2,0,5,0,0,0,0,true,,false,false,true,false,false,,,,,,false,false,false,,,false,false,false,false,false,-83.05988,42.43309,"{
  ""coordinates"": [
    -8.305987855500000e+01,
    4.243308703600010e+01
  ],
  ""type"": ""Point""
}","{
  ""coordinates"": [
    -83.059878555,
    42.433087036
  ],
  ""type"": ""Point""
}",-83.059878555,42.4330870360001
11150,1088947,GRATIOT,ST AUBIN,2017-07-21,21,7,2017,10,6,8,3,,1,0,,1,1,1,35,3,2,1,5,0,0,0,0,true,,false,false,false,false,false,,,,,,false,false,false,,,false,false,false,false,false,-83.03426,42.34934,"{
  ""coordinates"": [
    -8.303426663099999e+01,
    4.234933858000010e+01
  ],
  ""type"": ""Point""
}","{
  ""coordinates"": [
    -83.034266631,
    42.34933858
  ],
  ""type"": ""Point""
}",-83.034266631,42.3493385800001
11151,1088974,8 MILE,JOHN R,2017-07-21,21,7,2017,14,6,5,3,,1,0,,1,1,1,0,4,2,2,5,0,0,0,0,true,,false,false,false,false,false,,,,,,false,false,false,,,false,false,false,false,false,-83.10299,42.44699,"{
  ""coordinates"": [
    -8.310298601100000e+01,
    4.244699586600010e+01
  ],
  ""type"": ""Point""
}","{
  ""coordinates"": [
    -83.102986011,
    42.446995866
  ],
  ""type"": ""Point""
}",-83.102986011,42.4469958660001
11152,1089740,LARNED,N I 375 SERVICE DRIVE,2017-07-21,21,7,2017,13,6,8,9,,4,0,,1,1,1,25,3,2,2,5,0,0,0,0,true,,false,false,false,false,false,,,,,,false,false,false,,,false,false,false,false,false,-83.03581,42.33368,"{
  ""coordinates"": [
    -8.303581064299991e+01,
    4.233368267000000e+01
  ],
  ""type"": ""Point""
}","{
  ""coordinates"": [
    -83.035810643,
    42.33368267
  ],
  ""type"": ""Point""
}",-83.0358106429999,42.33368267
11153,1102453,EVERGREEN,JOY,2017-07-21,21,7,2017,20,6,5,9,,4,0,,1,1,3,30,2,2,1,5,0,0,0,0,true,,false,false,false,false,false,,,,,,false,false,false,,,false,false,false,false,false,-83.23592,42.35675,"{
  ""coordinates"": [
    -8.323591473399991e+01,
    4.235675243700010e+01
  ],
  ""type"": ""Point""
}","{
  ""coordinates"": [
    -83.235914734,
    42.356752437
  ],
  ""type"": ""Point""
}",-83.2359147339999,42.3567524370001
11154,1088938,GRANDVILLE,DOVER,2017-07-21,21,7,2017,3,6,97,9,,,0,,1,1,4,25,2,2,3,4,0,0,0,1,false,,false,false,true,false,false,,,,,,false,false,true,,,false,false,false,false,false,-83.22991,42.35983,"{
  ""coordinates"": [
    -8.322991235800001e+01,
    4.235983143600000e+01
  ],
  ""type"": ""Point""
}","{
  ""coordinates"": [
    -83.229912358,
    42.359831436
  ],
  ""type"": ""Point""
}",-83.229912358,42.359831436
11155,1101588,BURT,PILGRIM,2017-07-21,21,7,2017,12,6,4,9,,4,0,,1,1,1,0,1,2,1,5,0,0,0,0,true,,false,false,true,false,false,,,,,,false,false,false,,,false,false,false,false,false,-83.24735,42.40591,"{
  ""coordinates"": [
    -8.324735195400000e+01,
    4.240590995000010e+01
  ],
  ""type"": ""Point""
}","{
  ""coordinates"": [
    -83.247351954,
    42.40590995
  ],
  ""type"": ""Point""
}",-83.247351954,42.4059099500001
11156,1088884,I-96,TELEGRAPH,2017-07-21,21,7,2017,9,6,4,1,,1,0,,1,1,1,70,4,2,2,5,0,0,0,0,true,,false,false,false,false,false,,,,,,false,false,false,,,false,false,false,false,false,-83.27409,42.3855,"{
  ""coordinates"": [
    -8.327408656999999e+01,
    4.238550001200010e+01
  ],
  ""type"": ""Point""
}","{
  ""coordinates"": [
    -83.27408657,
    42.385500012
  ],
  ""type"": ""Point""
}",-83.27408657,42.3855000120001
11157,1088949,MACK,ORLEANS,2017-07-21,21,7,2017,12,6,5,9,,4,0,,1,1,1,30,4,2,4,5,0,0,0,0,true,,false,false,false,false,false,,,,,,false,true,false,,,false,false,false,false,false,-83.0418,42.35375,"{
  ""coordinates"": [
    -8.304180206900000e+01,
    4.235374768200010e+01
  ],
  ""type"": ""Point""
}","{
  ""coordinates"": [
    -83.041802069,
    42.353747682
  ],
  ""type"": ""Point""
}",-83.041802069,42.3537476820001
11158,1088910,JOY,STEEL,2017-07-21,21,7,2017,16,6,4,9,,4,0,,1,1,1,35,3,2,2,5,0,0,0,0,true,,false,false,false,false,false,,,,,,false,true,false,,,false,false,false,false,false,-83.17012,42.3587,"{
  ""coordinates"": [
    -8.317012343600000e+01,
    4.235869890100000e+01
  ],
  ""type"": ""Point""
}","{
  ""coordinates"": [
    -83.170123436,
    42.358698901
  ],
  ""type"": ""Point""
}",-83.170123436,42.358698901
11159,1107788,MONTROSE,WARREN,2017-07-21,21,7,2017,11,6,8,9,,,0,,1,1,1,25,1,3,1,5,0,0,0,0,true,,false,false,false,false,false,,,,,,false,false,false,,,false,false,false,false,false,-83.19869,42.34374,"{
  ""coordinates"": [
    -8.319869434100001e+01,
    4.234374245300010e+01
  ],
  ""type"": ""Point""
}","{
  ""coordinates"": [
    -83.198694341,
    42.343742453
  ],
  ""type"": ""Point""
}",-83.198694341,42.3437424530001
11160,1090630,LAFAYETTE,GRISWOLD,2017-07-21,21,7,2017,19,6,97,9,,4,0,,1,1,3,35,2,2,2,5,0,0,0,0,true,,false,false,false,false,false,,,,,,false,false,true,,,false,false,false,false,false,-83.04877,42.3313,"{
  ""coordinates"": [
    -8.304876736200001e+01,
    4.233130039400000e+01
  ],
  ""type"": ""Point""
}","{
  ""coordinates"": [
    -83.048767362,
    42.331300394
  ],
  ""type"": ""Point""
}",-83.048767362,42.331300394
11161,1089765,1564 CAVALRY,ELDRED,2017-07-21,21,7,2017,19,6,1,9,,,0,,1,1,1,25,2,2,1,3,0,0,1,0,false,,false,false,false,false,false,,,,,,true,false,true,,,false,false,false,false,false,-83.10506,42.31543,"{
  ""coordinates"": [
    -8.310505610900000e+01,
    4.231542672200000e+01
  ],
  ""type"": ""Point""
}","{
  ""coordinates"": [
    -83.105056109,
    42.315426722
  ],
  ""type"": ""Point""
}",-83.105056109,42.315426722
11162,1088957,CADIEUX,HARPER,2017-07-21,21,7,2017,22,6,3,9,,4,0,,1,1,4,30,5,2,3,3,0,0,1,0,false,,false,false,false,false,false,,,,,,false,false,true,,,false,false,false,false,false,-82.93655,42.41632,"{
  ""coordinates"": [
    -8.293655299300001e+01,
    4.241632598000010e+01
  ],
  ""type"": ""Point""
}","{
  ""coordinates"": [
    -82.936552993,
    42.41632598
  ],
  ""type"": ""Point""
}",-82.936552993,42.4163259800001
11163,1089796,GRAND RIVER,FERGUSON,2017-07-21,21,7,2017,19,6,4,3,,1,0,,1,1,1,35,5,2,3,4,0,0,0,1,false,,false,false,false,false,false,,,,,,false,false,true,,,false,false,false,false,false,-83.21135,42.39791,"{
  ""coordinates"": [
    -8.321134629200000e+01,
    4.239790617200000e+01
  ],
  ""type"": ""Point""
}","{
  ""coordinates"": [
    -83.211346292,
    42.397906172
  ],
  ""type"": ""Point""
}",-83.211346292,42.397906172
11164,1090673,BOSTON,DEXTER,2017-07-21,21,7,2017,5,6,97,9,,4,0,,1,1,1,25,1,2,3,5,0,0,0,0,true,,false,false,true,false,false,,,,,,false,false,false,,,false,false,false,false,false,-83.12089,42.37486,"{
  ""coordinates"": [
    -8.312088413100000e+01,
    4.237485921200000e+01
  ],
  ""type"": ""Point""
}","{
  ""coordinates"": [
    -83.120884131,
    42.374859212
  ],
  ""type"": ""Point""
}",-83.120884131,42.374859212
11165,1089768,PHILIP,MACK,2017-07-21,21,7,2017,14,6,4,9,,,0,,1,1,1,35,5,2,2,5,0,0,0,0,true,,false,false,false,false,false,,,,,,false,false,true,,,false,false,false,false,false,-82.95074,42.3868,"{
  ""coordinates"": [
    -8.295073434400000e+01,
    4.238679623700010e+01
  ],
  ""type"": ""Point""
}","{
  ""coordinates"": [
    -82.950734344,
    42.386796237
  ],
  ""type"": ""Point""
}",-82.950734344,42.3867962370001
11166,1088900,I-75,DAVISON,2017-07-21,21,7,2017,16,6,5,1,,1,0,,1,1,1,70,4,2,2,5,0,0,0,0,true,,false,false,false,false,false,,,,,,false,false,true,,,false,false,false,false,false,-83.07802,42.40763,"{
  ""coordinates"": [
    -8.307801864899990e+01,
    4.240763585200010e+01
  ],
  ""type"": ""Point""
}","{
  ""coordinates"": [
    -83.078018649,
    42.407635852
  ],
  ""type"": ""Point""
}",-83.0780186489999,42.4076358520001
11167,1088931,MCGRAW,SPRINGWELLS,2017-07-21,21,7,2017,16,6,97,9,,4,0,,1,1,1,30,4,2,2,4,0,0,0,1,false,,false,false,false,false,false,,,,,,false,false,true,,,false,false,true,false,false,-83.14259,42.33476,"{
  ""coordinates"": [
    -8.314258905199991e+01,
    4.233476173600010e+01
  ],
  ""type"": ""Point""
}","{
  ""coordinates"": [
    -83.142589052,
    42.334761736
  ],
  ""type"": ""Point""
}",-83.1425890519999,42.3347617360001
11168,1088926,FORT,OAKWOOD,2017-07-21,21,7,2017,22,6,8,3,,1,0,,1,1,4,30,4,2,1,5,0,0,0,0,true,,false,false,true,false,false,,,,,,false,false,false,,,false,false,false,false,false,-83.14353,42.29039,"{
  ""coordinates"": [
    -8.314352821400000e+01,
    4.229039158500010e+01
  ],
  ""type"": ""Point""
}","{
  ""coordinates"": [
    -83.143528214,
    42.290391585
  ],
  ""type"": ""Point""
}",-83.143528214,42.2903915850001
11169,1088953,7 MILE,OAKFIELD,2017-07-21,21,7,2017,12,6,6,9,,2,0,,1,1,1,35,4,2,3,4,0,0,0,3,false,,false,false,false,false,false,,,,,,false,false,false,,,false,false,false,false,false,-83.21469,42.43015,"{
  ""coordinates"": [
    -8.321468766000000e+01,
    4.243014952700000e+01
  ],
  ""type"": ""Point""
}","{
  ""coordinates"": [
    -83.21468766,
    42.430149527
  ],
  ""type"": ""Point""
}",-83.21468766,42.430149527
11170,1088935,PAUL,GRANDMONT,2017-07-21,21,7,2017,0,6,1,9,,4,1,,1,1,5,25,2,1,1,5,0,0,0,0,true,,false,false,false,false,false,,,,,,false,false,false,,,false,false,false,false,false,-83.20865,42.33629,"{
  ""coordinates"": [
    -8.320865110699999e+01,
    4.233628856000010e+01
  ],
  ""type"": ""Point""
}","{
  ""coordinates"": [
    -83.208651107,
    42.33628856
  ],
  ""type"": ""Point""
}",-83.208651107,42.3362885600001
11171,1111536,GRATIOT,LAPPIN,2017-07-21,21,7,2017,21,6,8,3,,1,3,,1,1,4,35,7,2,0,5,0,0,0,0,true,,false,false,true,false,false,,,,,,false,false,false,,,false,false,false,false,false,-82.97636,42.43711,"{
  ""coordinates"": [
    -8.297635537199990e+01,
    4.243710910600000e+01
  ],
  ""type"": ""Point""
}","{
  ""coordinates"": [
    -82.976355372,
    42.437109106
  ],
  ""type"": ""Point""
}",-82.9763553719999,42.437109106
11172,1090625,TRUMBULL,WARREN,2017-07-21,21,7,2017,23,6,4,9,,4,0,,1,1,4,35,2,2,2,4,0,0,0,1,false,,false,false,false,false,false,,,,,,false,false,false,,,false,false,false,false,false,-83.07873,42.35212,"{
  ""coordinates"": [
    -8.307873129599990e+01,
    4.235211389800000e+01
  ],
  ""type"": ""Point""
}","{
  ""coordinates"": [
    -83.078731296,
    42.352113898
  ],
  ""type"": ""Point""
}",-83.0787312959999,42.352113898
11173,1089793,GRANDRIVER,OUTER,2017-07-21,21,7,2017,16,6,5,3,,1,0,,1,1,1,35,4,2,4,5,0,0,0,0,true,,false,false,false,false,false,,,,,,false,false,true,,,false,false,false,false,false,-83.23221,42.4063,"{
  ""coordinates"": [
    -8.323220718999990e+01,
    4.240630335400000e+01
  ],
  ""type"": ""Point""
}","{
  ""coordinates"": [
    -83.23220719,
    42.406303354
  ],
  ""type"": ""Point""
}",-83.2322071899999,42.406303354
11174,1107036,HOGARTH,WILDEMERE,2017-07-21,21,7,2017,15,6,5,9,,,0,,1,1,1,25,1,2,1,5,0,0,0,0,true,,false,false,false,false,false,,,,,,false,false,false,,,false,false,false,false,false,-83.10706,42.36092,"{
  ""coordinates"": [
    -8.310706566499989e+01,
    4.236091494700000e+01
  ],
  ""type"": ""Point""
}","{
  ""coordinates"": [
    -83.107065665,
    42.360914947
  ],
  ""type"": ""Point""
}",-83.1070656649999,42.360914947
11175,1088989,8 MILE,HUBBELL,2017-07-21,21,7,2017,12,6,4,3,,1,0,,1,1,1,40,4,2,2,4,0,0,0,1,false,,true,true,false,false,false,,,,,,false,true,false,,,false,false,false,false,false,-83.19072,42.44501,"{
  ""coordinates"": [
    -8.319072229600000e+01,
    4.244500566200000e+01
  ],
  ""type"": ""Point""
}","{
  ""coordinates"": [
    -83.190722296,
    42.445005662
  ],
  ""type"": ""Point""
}",-83.190722296,42.445005662
11176,1088960,WHITEHILL,BRITIAN,2017-07-21,21,7,2017,22,6,8,9,,,0,,1,1,5,25,1,2,1,5,0,0,0,0,true,,false,false,false,false,false,,,,,,false,false,false,,,false,false,false,false,false,-82.95431,42.4241,"{
  ""coordinates"": [
    -8.295430436299991e+01,
    4.242409686500010e+01
  ],
  ""type"": ""Point""
}","{
  ""coordinates"": [
    -82.954304363,
    42.424096865
  ],
  ""type"": ""Point""
}",-82.9543043629999,42.4240968650001
11177,1090609,S M 10,RAMP 111B,2017-07-21,21,7,2017,3,6,5,3,,1,3,,1,1,4,55,3,2,1,3,0,0,1,0,false,,false,false,false,false,false,,,,,,false,false,false,,,false,false,false,false,false,-83.10147,42.38658,"{
  ""coordinates"": [
    -8.310146841700001e+01,
    4.238657602400010e+01
  ],
  ""type"": ""Point""
}","{
  ""coordinates"": [
    -83.101468417,
    42.386576024
  ],
  ""type"": ""Point""
}",-83.101468417,42.3865760240001