ObjectId,Crash ID,Primary Road,Intersecting Road,Crash Date,Day,Month,Year,Hour,Weekday,Crash Type Code,Highway Classification Code,Community Code,Jurisdiction Code,Lane Departure Type Code,Surface Type,Road Condition,Weather Condition,Lighting Condition,Speed Limit,Lanes,Units,Occupants,Most Severe Injury,Fatal Injuries,Suspected Serious Injuries,Suspected Minor Injuries,Possible Injuries,Property Damage Only,Secondary Crash,Traffic Control,Red Light Run,Hit and Run,Alcohol,Drugs,Unbelted Person,Work Zone,Speeding Driver,Distracted Driver,Driveway,Pedestrian,Elderly Driver,Young Driver,Commercial Vehicle,Emergency Vehicles,Train,School Bus,Motorcycle,Bicycle,Deer,Longitude,Latitude,geom,geog,x,y
11178,1090608,I 75,CLAY,2017-07-20,20,7,2017,18,5,1,1,,1,1,,1,1,1,70,3,1,3,3,0,0,2,1,false,,false,false,false,false,false,,,,,,false,false,false,,,false,false,false,false,false,-83.06211,42.37765,"{
  ""coordinates"": [
    -8.306210742199990e+01,
    4.237764648800000e+01
  ],
  ""type"": ""Point""
}","{
  ""coordinates"": [
    -83.062107422,
    42.377646488
  ],
  ""type"": ""Point""
}",-83.0621074219999,42.377646488
11179,1087791,N I 375 SERVICE DRIVE,LARNED,2017-07-20,20,7,2017,11,5,8,9,,4,0,,1,1,1,25,2,2,1,5,0,0,0,0,true,,false,false,true,false,false,,,,,,false,false,false,,,false,false,false,false,false,-83.03581,42.33345,"{
  ""coordinates"": [
    -8.303581460100000e+01,
    4.233345140100000e+01
  ],
  ""type"": ""Point""
}","{
  ""coordinates"": [
    -83.035814601,
    42.333451401
  ],
  ""type"": ""Point""
}",-83.035814601,42.333451401
11180,1086707,MADDELEIN,QUEEN,2017-07-20,20,7,2017,2,5,8,9,,,0,,1,1,5,25,2,3,1,5,0,0,0,0,true,,false,false,false,false,false,,,,,,false,false,true,,,false,false,false,false,false,-82.96827,42.4362,"{
  ""coordinates"": [
    -8.296827006599990e+01,
    4.243620110800000e+01
  ],
  ""type"": ""Point""
}","{
  ""coordinates"": [
    -82.968270066,
    42.436201108
  ],
  ""type"": ""Point""
}",-82.9682700659999,42.436201108
11181,1111514,N I 75 SERVICE DRIVE,MACK,2017-07-20,20,7,2017,23,5,5,1,,5,0,,1,1,4,30,6,2,1,5,0,0,0,0,true,,false,false,false,false,false,,,,,,false,false,false,,,false,false,false,false,false,-83.04737,42.35134,"{
  ""coordinates"": [
    -8.304737144099990e+01,
    4.235133626100000e+01
  ],
  ""type"": ""Point""
}","{
  ""coordinates"": [
    -83.047371441,
    42.351336261
  ],
  ""type"": ""Point""
}",-83.0473714409999,42.351336261
11182,1143832,JEFFERSON,WOODWARD,2017-07-20,20,7,2017,22,5,5,3,,1,0,,1,1,4,35,4,3,2,2,0,2,0,0,false,,false,false,true,false,false,,,,,,false,false,false,,,false,false,true,false,false,-83.04502,42.32862,"{
  ""coordinates"": [
    -8.304501999900000e+01,
    4.232862131200010e+01
  ],
  ""type"": ""Point""
}","{
  ""coordinates"": [
    -83.045019999,
    42.328621312
  ],
  ""type"": ""Point""
}",-83.045019999,42.3286213120001
11183,1090626,MICHIGAN,CENTRAL,2017-07-20,20,7,2017,17,5,97,2,,1,0,,1,1,1,35,5,2,0,3,0,0,1,0,false,,false,false,true,false,false,,,,,,true,false,false,,,false,false,false,false,false,-83.13759,42.33111,"{
  ""coordinates"": [
    -8.313759212500000e+01,
    4.233110856900000e+01
  ],
  ""type"": ""Point""
}","{
  ""coordinates"": [
    -83.137592125,
    42.331108569
  ],
  ""type"": ""Point""
}",-83.137592125,42.331108569
11184,1087839,FLORENCE,LOG CABIN,2017-07-20,20,7,2017,15,5,4,9,,,0,,1,1,1,25,2,2,1,5,0,0,0,0,true,,true,false,true,false,false,,,,,,false,false,false,,,false,false,false,false,false,-83.12123,42.41269,"{
  ""coordinates"": [
    -8.312122923699999e+01,
    4.241268526400010e+01
  ],
  ""type"": ""Point""
}","{
  ""coordinates"": [
    -83.121229237,
    42.412685264
  ],
  ""type"": ""Point""
}",-83.121229237,42.4126852640001
11185,1088922,MELLON,SCHAEFER,2017-07-20,20,7,2017,19,5,2,9,,4,2,,1,1,1,30,2,2,2,5,0,0,0,0,true,,false,false,false,false,false,,,,,,false,false,true,,,false,false,false,false,false,-83.16694,42.28947,"{
  ""coordinates"": [
    -8.316694084600000e+01,
    4.228947150900010e+01
  ],
  ""type"": ""Point""
}","{
  ""coordinates"": [
    -83.166940846,
    42.289471509
  ],
  ""type"": ""Point""
}",-83.166940846,42.2894715090001
11186,1087830,CONANT,DEQUINDRE,2017-07-20,20,7,2017,13,5,4,9,,4,0,,1,1,1,35,2,2,2,5,0,0,0,0,true,,false,false,false,false,false,,,,,,false,false,false,,,false,false,false,false,false,-83.08327,42.4464,"{
  ""coordinates"": [
    -8.308327594500000e+01,
    4.244640479700010e+01
  ],
  ""type"": ""Point""
}","{
  ""coordinates"": [
    -83.083275945,
    42.446404797
  ],
  ""type"": ""Point""
}",-83.083275945,42.4464047970001
11187,1088934,STAHELIN,WARREN,2017-07-20,20,7,2017,21,5,1,9,,,1,,1,1,3,25,4,1,1,5,0,0,0,0,true,,false,false,false,false,false,,,,,,false,false,true,,,false,false,false,false,false,-83.22431,42.34303,"{
  ""coordinates"": [
    -8.322431202099990e+01,
    4.234302392000010e+01
  ],
  ""type"": ""Point""
}","{
  ""coordinates"": [
    -83.224312021,
    42.34302392
  ],
  ""type"": ""Point""
}",-83.2243120209999,42.3430239200001
11188,1087823,STATE FAIR,SCHOENHERR,2017-07-20,20,7,2017,11,5,4,9,,4,0,,1,1,1,25,4,2,1,5,0,0,0,0,true,,true,true,true,false,false,,,,,,false,false,false,,,false,false,false,false,false,-82.98538,42.44221,"{
  ""coordinates"": [
    -8.298538209299990e+01,
    4.244221305600010e+01
  ],
  ""type"": ""Point""
}","{
  ""coordinates"": [
    -82.985382093,
    42.442213056
  ],
  ""type"": ""Point""
}",-82.9853820929999,42.4422130560001
11189,1088985,WYOMING,SEVEN MILE,2017-07-20,20,7,2017,18,5,97,9,,4,0,,1,1,1,0,2,2,3,4,0,0,0,1,false,,false,false,false,false,false,,,,,,false,true,false,,,false,false,false,false,false,-83.16098,42.43137,"{
  ""coordinates"": [
    -8.316098047000000e+01,
    4.243136799600010e+01
  ],
  ""type"": ""Point""
}","{
  ""coordinates"": [
    -83.16098047,
    42.431367996
  ],
  ""type"": ""Point""
}",-83.16098047,42.4313679960001
11190,1095890,SOUTHFIELD,TROJAN,2017-07-20,20,7,2017,9,5,4,9,,5,0,,1,1,1,45,2,2,3,5,0,0,0,0,true,,false,false,false,false,false,,,,,,false,false,true,,,false,false,false,false,false,-83.21946,42.4406,"{
  ""coordinates"": [
    -8.321946008799991e+01,
    4.244059722400000e+01
  ],
  ""type"": ""Point""
}","{
  ""coordinates"": [
    -83.219460088,
    42.440597224
  ],
  ""type"": ""Point""
}",-83.2194600879999,42.440597224
11191,1087807,N M 39 SERVICE DRIVE,WARREN,2017-07-20,20,7,2017,5,5,10,9,,4,0,,1,1,4,25,2,2,1,5,0,0,0,0,true,,false,false,true,false,false,,,,,,false,false,false,,,false,false,false,false,false,-83.21571,42.34335,"{
  ""coordinates"": [
    -8.321571027999990e+01,
    4.234335451200010e+01
  ],
  ""type"": ""Point""
}","{
  ""coordinates"": [
    -83.21571028,
    42.343354512
  ],
  ""type"": ""Point""
}",-83.2157102799999,42.3433545120001
11192,1090618,E/B I-94,LONYO,2017-07-20,20,7,2017,7,5,5,1,,1,0,,1,1,1,55,3,2,1,5,0,0,0,0,true,,false,false,true,false,false,,,,,,false,false,false,,,false,false,false,false,false,-83.1427,42.33161,"{
  ""coordinates"": [
    -8.314270123300000e+01,
    4.233161045500000e+01
  ],
  ""type"": ""Point""
}","{
  ""coordinates"": [
    -83.142701233,
    42.331610455
  ],
  ""type"": ""Point""
}",-83.142701233,42.331610455
11193,1087800,JEFFERSON,BRENNAN,2017-07-20,20,7,2017,13,5,97,9,,4,0,,1,1,1,30,4,2,5,4,0,0,0,4,false,,false,false,false,false,false,,,,,,false,false,true,,,false,false,false,false,false,-83.12743,42.28201,"{
  ""coordinates"": [
    -8.312742310899991e+01,
    4.228200674600000e+01
  ],
  ""type"": ""Point""
}","{
  ""coordinates"": [
    -83.127423109,
    42.282006746
  ],
  ""type"": ""Point""
}",-83.1274231089999,42.282006746
11194,1090670,HOLMER,KENDALL,2017-07-20,20,7,2017,9,5,9,9,,,2,,1,1,4,0,1,2,0,5,0,0,0,0,true,,false,false,true,false,false,,,,,,false,false,false,,,false,false,false,false,false,-83.13616,42.39311,"{
  ""coordinates"": [
    -8.313616415000000e+01,
    4.239311309200010e+01
  ],
  ""type"": ""Point""
}","{
  ""coordinates"": [
    -83.13616415,
    42.393113092
  ],
  ""type"": ""Point""
}",-83.13616415,42.3931130920001
11195,1096698,8 MILE,TELEGRAPH,2017-07-20,20,7,2017,17,5,8,3,,1,0,,1,1,1,45,2,2,2,5,0,0,0,0,true,,false,false,false,false,false,,,,,,false,false,true,,,false,false,false,false,false,-83.27718,42.44277,"{
  ""coordinates"": [
    -8.327718121700001e+01,
    4.244276795300000e+01
  ],
  ""type"": ""Point""
}","{
  ""coordinates"": [
    -83.277181217,
    42.442767953
  ],
  ""type"": ""Point""
}",-83.277181217,42.442767953
11196,1115260,N I 75,HOLBROOK,2017-07-20,20,7,2017,16,5,5,1,,1,0,,1,1,1,70,4,3,4,5,0,0,0,0,true,,false,false,false,false,false,,,,,,false,false,true,,,false,false,false,false,false,-83.06798,42.3864,"{
  ""coordinates"": [
    -8.306797435500000e+01,
    4.238639731300000e+01
  ],
  ""type"": ""Point""
}","{
  ""coordinates"": [
    -83.067974355,
    42.386397313
  ],
  ""type"": ""Point""
}",-83.067974355,42.386397313
11197,1087829,DAVISON,MONICA,2017-07-20,20,7,2017,16,5,9,3,,1,0,,1,1,1,35,3,2,1,5,0,0,0,0,true,,false,false,true,false,false,,,,,,false,false,false,,,false,false,false,false,false,-83.14278,42.38637,"{
  ""coordinates"": [
    -8.314277620800000e+01,
    4.238637206700000e+01
  ],
  ""type"": ""Point""
}","{
  ""coordinates"": [
    -83.142776208,
    42.386372067
  ],
  ""type"": ""Point""
}",-83.142776208,42.386372067
11198,1303474,909 DIX,MELON,2017-07-20,20,7,2017,14,5,5,9,,2,0,,1,1,1,30,4,2,1,5,0,0,0,0,true,,false,false,false,false,false,,,,,,false,false,false,,,false,false,false,false,false,-83.15665,42.29029,"{
  ""coordinates"": [
    -8.315665214599990e+01,
    4.229029449800000e+01
  ],
  ""type"": ""Point""
}","{
  ""coordinates"": [
    -83.156652146,
    42.290294498
  ],
  ""type"": ""Point""
}",-83.1566521459999,42.290294498
11199,1087819,8MILE,LAHSER,2017-07-20,20,7,2017,13,5,5,3,,1,0,,1,1,1,0,4,2,4,5,0,0,0,0,true,,false,false,false,false,false,,,,,,false,false,true,,,false,false,false,false,false,-83.25858,42.44325,"{
  ""coordinates"": [
    -8.325857429599991e+01,
    4.244324837000000e+01
  ],
  ""type"": ""Point""
}","{
  ""coordinates"": [
    -83.258574296,
    42.44324837
  ],
  ""type"": ""Point""
}",-83.2585742959999,42.44324837
11200,1087831,7 MILE,DEQUINDRE,2017-07-20,20,7,2017,19,5,5,9,,4,0,,1,1,1,30,4,3,4,4,0,0,0,3,false,,false,false,true,false,false,,,,,,false,false,false,,,false,false,false,false,false,-83.08262,42.43291,"{
  ""coordinates"": [
    -8.308261738300000e+01,
    4.243291242200010e+01
  ],
  ""type"": ""Point""
}","{
  ""coordinates"": [
    -83.082617383,
    42.432912422
  ],
  ""type"": ""Point""
}",-83.082617383,42.4329124220001
11201,1088936,OUTER,SCHOOLCRAFT,2017-07-20,20,7,2017,19,5,4,9,,2,0,,1,1,1,35,2,2,2,5,0,0,0,0,true,,false,false,false,false,false,,,,,,false,true,false,,,false,false,false,false,false,-83.25617,42.3851,"{
  ""coordinates"": [
    -8.325617147199991e+01,
    4.238510111800010e+01
  ],
  ""type"": ""Point""
}","{
  ""coordinates"": [
    -83.256171472,
    42.385101118
  ],
  ""type"": ""Point""
}",-83.2561714719999,42.3851011180001
11202,1087779,N I 75,RAMP 216B,2017-07-20,20,7,2017,8,5,8,1,,1,0,,1,2,1,55,3,2,2,5,0,0,0,0,true,,false,false,false,false,false,,,,,,false,false,false,,,false,false,false,false,false,-83.05738,42.36737,"{
  ""coordinates"": [
    -8.305737929999999e+01,
    4.236737572100000e+01
  ],
  ""type"": ""Point""
}","{
  ""coordinates"": [
    -83.0573793,
    42.367375721
  ],
  ""type"": ""Point""
}",-83.0573793,42.367375721
11203,1087810,PAUL,METTETAL,2017-07-20,20,7,2017,18,5,4,9,,4,0,,1,2,1,25,2,2,5,5,0,0,0,0,true,,false,false,false,false,false,,,,,,false,false,false,,,false,false,false,false,false,-83.20457,42.33633,"{
  ""coordinates"": [
    -8.320457572899990e+01,
    4.233632514700000e+01
  ],
  ""type"": ""Point""
}","{
  ""coordinates"": [
    -83.204575729,
    42.336325147
  ],
  ""type"": ""Point""
}",-83.2045757289999,42.336325147
11204,1088962,COLFAX,JOY,2017-07-20,20,7,2017,19,5,8,9,,,0,,1,1,1,25,2,2,0,5,0,0,0,0,true,,false,false,true,false,false,,,,,,false,false,false,,,false,false,false,false,false,-83.13462,42.36094,"{
  ""coordinates"": [
    -8.313462393600000e+01,
    4.236094334800000e+01
  ],
  ""type"": ""Point""
}","{
  ""coordinates"": [
    -83.134623936,
    42.360943348
  ],
  ""type"": ""Point""
}",-83.134623936,42.360943348
11205,1087816,LAHSER,CLARITA,2017-07-20,20,7,2017,13,5,5,9,,2,0,,1,1,1,35,5,2,2,4,0,0,0,1,false,,false,false,true,false,false,,,,,,false,true,false,,,false,false,false,false,false,-83.25826,42.42637,"{
  ""coordinates"": [
    -8.325825384699991e+01,
    4.242636707600010e+01
  ],
  ""type"": ""Point""
}","{
  ""coordinates"": [
    -83.258253847,
    42.426367076
  ],
  ""type"": ""Point""
}",-83.2582538469999,42.4263670760001
11206,1087784,I-94,ROSA PARKS,2017-07-20,20,7,2017,12,5,5,1,,1,0,,1,2,1,55,3,3,3,5,0,0,0,0,true,,false,false,false,false,false,,,,,,false,false,false,,,false,false,false,false,false,-83.0834,42.35519,"{
  ""coordinates"": [
    -8.308339545900000e+01,
    4.235519051900010e+01
  ],
  ""type"": ""Point""
}","{
  ""coordinates"": [
    -83.083395459,
    42.355190519
  ],
  ""type"": ""Point""
}",-83.083395459,42.3551905190001
11207,1101576,MICHIGAN,LIVERNOIS,2017-07-20,20,7,2017,0,5,4,2,,1,0,,1,1,4,35,4,2,3,5,0,0,0,0,true,,false,false,false,false,false,,,,,,false,false,false,,,false,false,false,false,false,-83.12033,42.33112,"{
  ""coordinates"": [
    -8.312033324299991e+01,
    4.233111831500000e+01
  ],
  ""type"": ""Point""
}","{
  ""coordinates"": [
    -83.120333243,
    42.331118315
  ],
  ""type"": ""Point""
}",-83.1203332429999,42.331118315
11208,1086650,ST ANTIONE,WARREN,2017-07-20,20,7,2017,8,5,98,9,,4,0,,1,1,1,30,4,2,2,5,0,0,0,0,true,,false,false,false,false,false,,,,,,false,true,false,,,false,false,false,false,false,-83.05704,42.35977,"{
  ""coordinates"": [
    -8.305703729299999e+01,
    4.235977014000010e+01
  ],
  ""type"": ""Point""
}","{
  ""coordinates"": [
    -83.057037293,
    42.35977014
  ],
  ""type"": ""Point""
}",-83.057037293,42.3597701400001
11209,1087797,ARMY,CRAWFORD,2017-07-20,20,7,2017,17,5,8,9,,,0,,1,1,1,25,2,2,1,5,0,0,0,0,true,,false,false,true,false,false,,,,,,false,false,false,,,false,false,false,false,false,-83.10818,42.30954,"{
  ""coordinates"": [
    -8.310818407200000e+01,
    4.230953881900010e+01
  ],
  ""type"": ""Point""
}","{
  ""coordinates"": [
    -83.108184072,
    42.309538819
  ],
  ""type"": ""Point""
}",-83.108184072,42.3095388190001
11210,1087812,EVERGREEN,E I 96,2017-07-20,20,7,2017,9,5,3,9,,4,0,,1,1,1,30,4,2,2,5,0,0,0,0,true,,false,false,false,false,false,,,,,,false,false,false,,,false,false,false,false,false,-83.23664,42.38034,"{
  ""coordinates"": [
    -8.323664415899999e+01,
    4.238033601400010e+01
  ],
  ""type"": ""Point""
}","{
  ""coordinates"": [
    -83.236644159,
    42.380336014
  ],
  ""type"": ""Point""
}",-83.236644159,42.3803360140001
11211,1089742,BATES,CADILLAC,2017-07-20,20,7,2017,7,5,8,9,,4,0,,1,1,1,25,3,2,0,5,0,0,0,0,true,,false,false,false,false,false,,,,,,false,false,false,,,false,false,false,false,false,-83.04461,42.33168,"{
  ""coordinates"": [
    -8.304460632099990e+01,
    4.233168167300000e+01
  ],
  ""type"": ""Point""
}","{
  ""coordinates"": [
    -83.044606321,
    42.331681673
  ],
  ""type"": ""Point""
}",-83.0446063209999,42.331681673
11212,1088973,N M 39,SCHOOLCRAFT,2017-07-20,20,7,2017,20,5,8,3,,1,0,,1,1,4,55,3,2,2,5,0,0,0,0,true,,false,false,true,false,false,,,,,,false,false,false,,,false,false,false,false,false,-83.21754,42.38665,"{
  ""coordinates"": [
    -8.321754287800000e+01,
    4.238664566700000e+01
  ],
  ""type"": ""Point""
}","{
  ""coordinates"": [
    -83.217542878,
    42.386645667
  ],
  ""type"": ""Point""
}",-83.217542878,42.386645667
11213,1087780,W I 94,GRAND,2017-07-20,20,7,2017,12,5,8,1,,1,0,,1,1,1,55,3,2,3,5,0,0,0,0,true,,false,false,true,false,false,,,,,,false,false,false,,,false,false,false,false,false,-83.10983,42.34684,"{
  ""coordinates"": [
    -8.310982546699999e+01,
    4.234683979500010e+01
  ],
  ""type"": ""Point""
}","{
  ""coordinates"": [
    -83.109825467,
    42.346839795
  ],
  ""type"": ""Point""
}",-83.109825467,42.3468397950001
11214,1087828,WOODROW WILSON,WEBB,2017-07-20,20,7,2017,7,5,1,9,,4,1,,1,1,1,30,2,1,1,5,0,0,0,0,true,,false,false,false,false,false,,,,,,false,false,false,,,false,false,false,false,false,-83.10317,42.38716,"{
  ""coordinates"": [
    -8.310317075499999e+01,
    4.238716054900000e+01
  ],
  ""type"": ""Point""
}","{
  ""coordinates"": [
    -83.103170755,
    42.387160549
  ],
  ""type"": ""Point""
}",-83.103170755,42.387160549
11215,1094123,M-39,GRAND RIVER,2017-07-20,20,7,2017,21,5,8,3,,1,0,,1,1,4,55,3,2,2,5,0,0,0,0,true,,false,false,false,false,false,,,,,,false,false,true,,,false,false,false,false,false,-83.21805,42.39706,"{
  ""coordinates"": [
    -8.321804843699989e+01,
    4.239706227200000e+01
  ],
  ""type"": ""Point""
}","{
  ""coordinates"": [
    -83.218048437,
    42.397062272
  ],
  ""type"": ""Point""
}",-83.2180484369999,42.397062272
11216,1089803,OUTER,W I 94,2017-07-20,20,7,2017,21,5,4,1,,2,0,,1,1,2,35,3,2,3,4,0,0,0,2,false,,true,true,false,false,false,,,,,,false,false,true,,,false,false,false,false,false,-82.96008,42.40518,"{
  ""coordinates"": [
    -8.296007343500000e+01,
    4.240517816000000e+01
  ],
  ""type"": ""Point""
}","{
  ""coordinates"": [
    -82.960073435,
    42.40517816
  ],
  ""type"": ""Point""
}",-82.960073435,42.40517816
11217,1087826,BISHOP,CORNWALL,2017-07-20,20,7,2017,12,5,10,9,,,3,,1,1,1,25,1,2,0,5,0,0,0,0,true,,false,false,true,false,false,,,,,,false,false,false,,,false,false,false,false,false,-82.93186,42.403,"{
  ""coordinates"": [
    -8.293186241799999e+01,
    4.240300326300010e+01
  ],
  ""type"": ""Point""
}","{
  ""coordinates"": [
    -82.931862418,
    42.403003263
  ],
  ""type"": ""Point""
}",-82.931862418,42.4030032630001
11218,1094204,WALTHAM,MANNING,2017-07-20,20,7,2017,17,5,5,9,,,0,,1,1,1,25,2,2,3,5,0,0,0,0,true,,false,false,true,false,false,,,,,,false,false,false,,,false,false,false,false,false,-82.99509,42.44056,"{
  ""coordinates"": [
    -8.299509310799991e+01,
    4.244055987200010e+01
  ],
  ""type"": ""Point""
}","{
  ""coordinates"": [
    -82.995093108,
    42.440559872
  ],
  ""type"": ""Point""
}",-82.9950931079999,42.4405598720001
11219,1087785,I-75,DAVISON,2017-07-20,20,7,2017,15,5,8,1,,1,0,,1,2,1,70,5,2,2,5,0,0,0,0,true,,false,false,false,false,false,,,,,,false,true,false,,,false,false,false,false,false,-83.08059,42.40989,"{
  ""coordinates"": [
    -8.308058631599989e+01,
    4.240988883700000e+01
  ],
  ""type"": ""Point""
}","{
  ""coordinates"": [
    -83.080586316,
    42.409888837
  ],
  ""type"": ""Point""
}",-83.0805863159999,42.409888837
11220,1090611,M-39,LYNDON,2017-07-20,20,7,2017,19,5,5,3,,1,0,,1,1,1,55,3,2,1,4,0,0,0,1,false,,false,false,false,false,false,,,,,,false,false,false,,,false,false,false,false,false,-83.21809,42.39417,"{
  ""coordinates"": [
    -8.321809446100001e+01,
    4.239417381600000e+01
  ],
  ""type"": ""Point""
}","{
  ""coordinates"": [
    -83.218094461,
    42.394173816
  ],
  ""type"": ""Point""
}",-83.218094461,42.394173816
11221,1091395,PORTER,CLARK,2017-07-20,20,7,2017,12,5,97,9,,,0,,1,1,1,25,2,2,1,5,0,0,0,0,true,,false,false,false,false,false,,,,,,false,false,false,,,false,false,false,false,false,-83.09345,42.31637,"{
  ""coordinates"": [
    -8.309345434799999e+01,
    4.231636907000010e+01
  ],
  ""type"": ""Point""
}","{
  ""coordinates"": [
    -83.093454348,
    42.31636907
  ],
  ""type"": ""Point""
}",-83.093454348,42.3163690700001
11222,1099367,DREXEL,LINVILLE,2017-07-20,20,7,2017,16,5,4,9,,,0,,1,1,1,25,1,2,1,5,0,0,0,0,true,,false,false,false,false,false,,,,,,false,false,false,,,false,false,false,false,false,-82.96975,42.40011,"{
  ""coordinates"": [
    -8.296974745499990e+01,
    4.240010728700000e+01
  ],
  ""type"": ""Point""
}","{
  ""coordinates"": [
    -82.969747455,
    42.400107287
  ],
  ""type"": ""Point""
}",-82.9697474549999,42.400107287
11223,1101881,MOROSS,MACK,2017-07-20,20,7,2017,16,5,8,9,,2,0,,1,1,1,35,3,3,4,4,0,0,0,1,false,,false,false,false,false,false,,,,,,false,true,true,,,false,false,false,false,false,-82.91084,42.41701,"{
  ""coordinates"": [
    -8.291083250900000e+01,
    4.241700763400010e+01
  ],
  ""type"": ""Point""
}","{
  ""coordinates"": [
    -82.910832509,
    42.417007634
  ],
  ""type"": ""Point""
}",-82.910832509,42.4170076340001
11224,1087789,MEYERS,PEMBROOKE,2017-07-20,20,7,2017,23,5,4,9,,4,0,,1,1,4,35,4,2,2,5,0,0,0,0,true,,false,false,false,false,false,,,,,,false,false,true,,,false,false,false,false,false,-83.17099,42.43844,"{
  ""coordinates"": [
    -8.317098810600000e+01,
    4.243843962200000e+01
  ],
  ""type"": ""Point""
}","{
  ""coordinates"": [
    -83.170988106,
    42.438439622
  ],
  ""type"": ""Point""
}",-83.170988106,42.438439622
11225,1092272,MEYERS,SCHOOLCRAFT,2017-07-20,20,7,2017,15,5,97,9,,4,0,,1,1,1,35,2,2,2,5,0,0,0,0,true,,false,false,false,false,false,,,,,,false,false,false,,,false,false,false,false,false,-83.16871,42.38805,"{
  ""coordinates"": [
    -8.316870849400000e+01,
    4.238805199000010e+01
  ],
  ""type"": ""Point""
}","{
  ""coordinates"": [
    -83.168708494,
    42.38805199
  ],
  ""type"": ""Point""
}",-83.168708494,42.3880519900001
11226,1087817,WESTBROOK,SAINT MARTINS,2017-07-20,20,7,2017,1,5,1,9,,,1,,1,1,5,25,1,1,0,5,0,0,0,0,true,,false,false,false,false,false,,,,,,false,false,false,,,false,false,false,false,false,-83.25246,42.43482,"{
  ""coordinates"": [
    -8.325246147199989e+01,
    4.243482031100010e+01
  ],
  ""type"": ""Point""
}","{
  ""coordinates"": [
    -83.252461472,
    42.434820311
  ],
  ""type"": ""Point""
}",-83.2524614719999,42.4348203110001
11227,1087827,SOMERSET,MORANG,2017-07-20,20,7,2017,20,5,9,9,,,0,,1,1,1,25,1,2,1,4,0,0,0,1,false,,false,false,true,false,false,,,,,,false,false,false,,,false,false,false,false,false,-82.94374,42.42343,"{
  ""coordinates"": [
    -8.294373783400000e+01,
    4.242342945200010e+01
  ],
  ""type"": ""Point""
}","{
  ""coordinates"": [
    -82.943737834,
    42.423429452
  ],
  ""type"": ""Point""
}",-82.943737834,42.4234294520001
11228,1087808,COOLEY,FARGO,2017-07-20,20,7,2017,10,5,10,9,,,0,,1,1,1,25,2,2,0,5,0,0,0,0,true,,false,false,false,false,false,,,,,,false,false,false,,,false,false,false,false,false,-83.25986,42.4379,"{
  ""coordinates"": [
    -8.325986231600000e+01,
    4.243790137200010e+01
  ],
  ""type"": ""Point""
}","{
  ""coordinates"": [
    -83.259862316,
    42.437901372
  ],
  ""type"": ""Point""
}",-83.259862316,42.4379013720001
11229,1092283,GRAYTON,WARREN,2017-07-20,20,7,2017,17,5,9,9,,,2,,1,1,1,25,2,2,1,5,0,0,0,0,true,,false,false,false,false,false,,,,,,false,true,false,,,false,false,false,false,false,-82.93156,42.40452,"{
  ""coordinates"": [
    -8.293155666599991e+01,
    4.240452347600010e+01
  ],
  ""type"": ""Point""
}","{
  ""coordinates"": [
    -82.931556666,
    42.404523476
  ],
  ""type"": ""Point""
}",-82.9315566659999,42.4045234760001
11230,1087792,CONGRESS,1ST,2017-07-20,20,7,2017,16,5,5,3,,4,0,,1,1,1,25,2,2,2,5,0,0,0,0,true,,false,false,false,false,false,,,,,,false,false,false,,,false,false,false,false,false,-83.05138,42.32784,"{
  ""coordinates"": [
    -8.305137689199999e+01,
    4.232784417900010e+01
  ],
  ""type"": ""Point""
}","{
  ""coordinates"": [
    -83.051376892,
    42.327844179
  ],
  ""type"": ""Point""
}",-83.051376892,42.3278441790001
11231,1088933,MARQUETTE,JEFFERSON,2017-07-20,20,7,2017,20,5,9,9,,,0,,1,1,3,30,7,2,1,5,0,0,0,0,true,,true,true,true,false,false,,,,,,false,true,false,,,false,false,false,false,false,-82.97888,42.36306,"{
  ""coordinates"": [
    -8.297887906900000e+01,
    4.236306504500000e+01
  ],
  ""type"": ""Point""
}","{
  ""coordinates"": [
    -82.978879069,
    42.363065045
  ],
  ""type"": ""Point""
}",-82.978879069,42.363065045
11232,1087796,TRENTON,KIRKWOOD,2017-07-20,20,7,2017,17,5,1,9,,,0,,2,1,1,0,2,2,1,4,0,0,0,1,false,,false,false,false,false,false,,,,,,true,false,false,,,false,false,false,false,false,-83.15189,42.336,"{
  ""coordinates"": [
    -8.315189385100000e+01,
    4.233600361600000e+01
  ],
  ""type"": ""Point""
}","{
  ""coordinates"": [
    -83.151893851,
    42.336003616
  ],
  ""type"": ""Point""
}",-83.151893851,42.336003616
11233,1087783,S/B M-39,PLYMOUTH,2017-07-20,20,7,2017,9,5,5,3,,1,0,,1,1,1,55,3,2,5,5,0,0,0,0,true,,false,false,false,false,false,,,,,,false,false,false,,,false,false,false,false,false,-83.21663,42.36916,"{
  ""coordinates"": [
    -8.321662682899991e+01,
    4.236915949900000e+01
  ],
  ""type"": ""Point""
}","{
  ""coordinates"": [
    -83.216626829,
    42.369159499
  ],
  ""type"": ""Point""
}",-83.2166268289999,42.369159499