ObjectId,Crash ID,Primary Road,Intersecting Road,Crash Date,Day,Month,Year,Hour,Weekday,Crash Type Code,Highway Classification Code,Community Code,Jurisdiction Code,Lane Departure Type Code,Surface Type,Road Condition,Weather Condition,Lighting Condition,Speed Limit,Lanes,Units,Occupants,Most Severe Injury,Fatal Injuries,Suspected Serious Injuries,Suspected Minor Injuries,Possible Injuries,Property Damage Only,Secondary Crash,Traffic Control,Red Light Run,Hit and Run,Alcohol,Drugs,Unbelted Person,Work Zone,Speeding Driver,Distracted Driver,Driveway,Pedestrian,Elderly Driver,Young Driver,Commercial Vehicle,Emergency Vehicles,Train,School Bus,Motorcycle,Bicycle,Deer,Longitude,Latitude,geom,geog,x,y
11234,1099920,DOROTHY,DWYER,2017-07-20,20,7,2017,2,5,9,9,,,2,,1,1,4,25,1,2,3,5,0,0,0,0,true,,false,false,false,true,false,,,,,,false,false,false,,,false,false,false,false,false,-83.04013,42.39133,"{
  ""coordinates"": [
    -8.304013330600000e+01,
    4.239132539600010e+01
  ],
  ""type"": ""Point""
}","{
  ""coordinates"": [
    -83.040133306,
    42.391325396
  ],
  ""type"": ""Point""
}",-83.040133306,42.3913253960001
11235,1087798,CLARK,VERNOR,2017-07-20,20,7,2017,13,5,1,9,,4,0,,1,1,1,25,2,1,1,5,0,0,0,0,true,,false,false,false,false,false,,,,,,false,false,false,,,false,false,false,false,false,-83.09236,42.31543,"{
  ""coordinates"": [
    -8.309236506400001e+01,
    4.231542751300000e+01
  ],
  ""type"": ""Point""
}","{
  ""coordinates"": [
    -83.092365064,
    42.315427513
  ],
  ""type"": ""Point""
}",-83.092365064,42.315427513
11236,1092290,PENROD,WADSWORTH,2017-07-20,20,7,2017,18,5,98,9,,,0,,1,1,1,25,3,2,2,5,0,0,0,0,true,,false,false,false,false,false,,,,,,false,false,false,,,false,false,false,false,false,-83.22054,42.37444,"{
  ""coordinates"": [
    -8.322054302299991e+01,
    4.237444033200010e+01
  ],
  ""type"": ""Point""
}","{
  ""coordinates"": [
    -83.220543023,
    42.374440332
  ],
  ""type"": ""Point""
}",-83.2205430229999,42.3744403320001
11237,1088951,SOUTHFIELD SERVICE DRIVE,GRAND RIVER,2017-07-20,20,7,2017,21,5,5,3,,4,0,,1,1,4,35,3,2,1,5,0,0,0,0,true,,false,false,true,false,false,,,,,,false,false,false,,,false,false,false,false,false,-83.21799,42.4006,"{
  ""coordinates"": [
    -8.321798503399999e+01,
    4.240060074000010e+01
  ],
  ""type"": ""Point""
}","{
  ""coordinates"": [
    -83.217985034,
    42.40060074
  ],
  ""type"": ""Point""
}",-83.217985034,42.4006007400001
11238,1090619,W I 96,EVERGREEN,2017-07-20,20,7,2017,18,5,5,1,,1,0,,1,1,1,55,2,2,2,5,0,0,0,0,true,,false,false,false,false,false,,,,,,false,false,true,,,false,false,false,false,false,-83.23637,42.38029,"{
  ""coordinates"": [
    -8.323637152600000e+01,
    4.238028744000010e+01
  ],
  ""type"": ""Point""
}","{
  ""coordinates"": [
    -83.236371526,
    42.38028744
  ],
  ""type"": ""Point""
}",-83.236371526,42.3802874400001
11239,1086611,W I 94,N M 10,2017-07-19,19,7,2017,18,4,5,1,,1,0,,1,1,1,55,3,2,2,3,0,0,1,0,false,,false,false,false,false,false,,,,,,false,false,false,,,false,false,true,false,false,-83.076,42.35968,"{
  ""coordinates"": [
    -8.307599979500000e+01,
    4.235967572200010e+01
  ],
  ""type"": ""Point""
}","{
  ""coordinates"": [
    -83.075999795,
    42.359675722
  ],
  ""type"": ""Point""
}",-83.075999795,42.3596757220001
11240,1086676,LAPPIN,REDMOND,2017-07-19,19,7,2017,14,4,4,9,,,0,,1,1,1,30,2,2,2,5,0,0,0,0,true,,false,false,false,false,false,,,,,,false,false,true,,,false,false,false,false,false,-82.95583,42.43741,"{
  ""coordinates"": [
    -8.295582621599991e+01,
    4.243740891400010e+01
  ],
  ""type"": ""Point""
}","{
  ""coordinates"": [
    -82.955826216,
    42.437408914
  ],
  ""type"": ""Point""
}",-82.9558262159999,42.4374089140001
11241,1087818,7 MILE,WOODBINE,2017-07-19,19,7,2017,11,4,4,9,,2,0,,1,1,1,45,4,2,2,4,0,0,0,2,false,,true,true,false,false,false,,,,,,false,false,false,,,false,false,false,false,false,-83.27902,42.42889,"{
  ""coordinates"": [
    -8.327902496500000e+01,
    4.242889441900010e+01
  ],
  ""type"": ""Point""
}","{
  ""coordinates"": [
    -83.279024965,
    42.428894419
  ],
  ""type"": ""Point""
}",-83.279024965,42.4288944190001
11242,1087775,E I 96,MARTIN LUTHER KING JR,2017-07-19,19,7,2017,15,4,8,1,,1,0,,1,2,1,55,5,2,3,5,0,0,0,0,true,,false,false,false,false,false,,,,,,false,false,true,,,false,false,false,false,false,-83.09155,42.33739,"{
  ""coordinates"": [
    -8.309155600699999e+01,
    4.233738574400010e+01
  ],
  ""type"": ""Point""
}","{
  ""coordinates"": [
    -83.091556007,
    42.337385744
  ],
  ""type"": ""Point""
}",-83.091556007,42.3373857440001
11243,1086619,TRACEY,GROVE,2017-07-19,19,7,2017,0,4,4,9,,,0,,1,1,5,25,2,2,4,4,0,0,0,3,false,,false,false,true,false,false,,,,,,false,false,false,,,false,false,false,false,false,-83.18079,42.41445,"{
  ""coordinates"": [
    -8.318078275499990e+01,
    4.241445238600010e+01
  ],
  ""type"": ""Point""
}","{
  ""coordinates"": [
    -83.180782755,
    42.414452386
  ],
  ""type"": ""Point""
}",-83.1807827549999,42.4144523860001
11244,1088965,N I 75,8 MILE,2017-07-19,19,7,2017,9,4,4,1,,1,0,,1,1,1,0,2,2,1,5,0,0,0,0,true,,false,false,false,false,false,,,,,,false,false,false,,,false,false,false,false,false,-83.09469,42.44681,"{
  ""coordinates"": [
    -8.309468962100000e+01,
    4.244680834300000e+01
  ],
  ""type"": ""Point""
}","{
  ""coordinates"": [
    -83.094689621,
    42.446808343
  ],
  ""type"": ""Point""
}",-83.094689621,42.446808343
11245,1088988,PARKSIDE,MIDLAND,2017-07-19,19,7,2017,23,4,2,9,,,2,,1,1,4,25,2,2,1,5,0,0,0,0,true,,false,false,false,false,false,,,,,,false,false,false,,,false,false,false,false,false,-83.13155,42.40668,"{
  ""coordinates"": [
    -8.313154273299990e+01,
    4.240668274200000e+01
  ],
  ""type"": ""Point""
}","{
  ""coordinates"": [
    -83.131542733,
    42.406682742
  ],
  ""type"": ""Point""
}",-83.1315427329999,42.406682742
11246,1086723,RYAN,MCNICHOLS,2017-07-19,19,7,2017,12,4,8,9,,4,0,,1,1,1,0,1,2,1,5,0,0,0,0,true,,false,false,true,false,false,,,,,,false,false,false,,,false,false,false,false,false,-83.06253,42.41896,"{
  ""coordinates"": [
    -8.306252988700000e+01,
    4.241896555600000e+01
  ],
  ""type"": ""Point""
}","{
  ""coordinates"": [
    -83.062529887,
    42.418965556
  ],
  ""type"": ""Point""
}",-83.062529887,42.418965556
11247,1086665,WHITTAKER,MULANE,2017-07-19,19,7,2017,14,4,8,9,,,0,,1,1,1,25,1,2,0,5,0,0,0,0,true,,false,false,true,false,false,,,,,,false,false,false,,,false,false,false,false,false,-83.12946,42.30967,"{
  ""coordinates"": [
    -8.312946175799991e+01,
    4.230967188500010e+01
  ],
  ""type"": ""Point""
}","{
  ""coordinates"": [
    -83.129461758,
    42.309671885
  ],
  ""type"": ""Point""
}",-83.1294617579999,42.3096718850001
11248,1086599,S/B M-10,WARREN,2017-07-19,19,7,2017,8,4,5,3,,1,0,,1,1,1,55,4,3,3,4,0,0,0,1,false,,false,false,false,false,false,,,,,,false,false,true,,,false,false,false,false,false,-83.07397,42.35437,"{
  ""coordinates"": [
    -8.307396413299990e+01,
    4.235437278600010e+01
  ],
  ""type"": ""Point""
}","{
  ""coordinates"": [
    -83.073964133,
    42.354372786
  ],
  ""type"": ""Point""
}",-83.0739641329999,42.3543727860001
11249,1102466,DOLPHIN,TIREMAN,2017-07-19,19,7,2017,14,4,4,9,,,0,,1,1,1,25,2,2,1,5,0,0,0,0,true,,false,false,false,false,false,,,,,,false,false,false,,,false,false,false,false,false,-83.25679,42.34827,"{
  ""coordinates"": [
    -8.325679067599999e+01,
    4.234826664600010e+01
  ],
  ""type"": ""Point""
}","{
  ""coordinates"": [
    -83.256790676,
    42.348266646
  ],
  ""type"": ""Point""
}",-83.256790676,42.3482666460001
11250,1086664,FISHER SERVICE,CONWAY,2017-07-19,19,7,2017,15,4,4,9,,,0,,1,1,1,35,2,2,2,5,0,0,0,0,true,,true,false,true,false,false,,,,,,false,false,false,,,false,false,false,false,false,-83.16376,42.27135,"{
  ""coordinates"": [
    -8.316376046999990e+01,
    4.227135518400010e+01
  ],
  ""type"": ""Point""
}","{
  ""coordinates"": [
    -83.16376047,
    42.271355184
  ],
  ""type"": ""Point""
}",-83.1637604699999,42.2713551840001
11251,1087813,TELEGRAPH,GRAND RIVER,2017-07-19,19,7,2017,11,4,4,2,,1,0,,1,1,1,45,4,2,2,5,0,0,0,0,true,,true,true,false,false,false,,,,,,false,false,true,,,false,false,false,false,false,-83.2778,42.42412,"{
  ""coordinates"": [
    -8.327780234100000e+01,
    4.242411736500000e+01
  ],
  ""type"": ""Point""
}","{
  ""coordinates"": [
    -83.277802341,
    42.424117365
  ],
  ""type"": ""Point""
}",-83.277802341,42.424117365
11252,1089749,SCHAEFER,LYNDON,2017-07-19,19,7,2017,23,4,3,9,,4,0,,1,1,4,35,4,2,1,5,0,0,0,0,true,,false,false,true,false,false,,,,,,false,true,false,,,false,false,false,false,false,-83.17879,42.39489,"{
  ""coordinates"": [
    -8.317879832400000e+01,
    4.239488888000010e+01
  ],
  ""type"": ""Point""
}","{
  ""coordinates"": [
    -83.178798324,
    42.39488888
  ],
  ""type"": ""Point""
}",-83.178798324,42.3948888800001
11253,1086677,MOROSS,ALSTEAD,2017-07-19,19,7,2017,16,4,5,9,,2,0,,1,1,1,30,2,2,1,5,0,0,0,0,true,,false,false,true,false,false,,,,,,false,false,false,,,false,false,false,false,false,-82.92777,42.42437,"{
  ""coordinates"": [
    -8.292777071300000e+01,
    4.242436565300010e+01
  ],
  ""type"": ""Point""
}","{
  ""coordinates"": [
    -82.927770713,
    42.424365653
  ],
  ""type"": ""Point""
}",-82.927770713,42.4243656530001
11254,1086649,LAFAYETTE,HOWARD,2017-07-19,19,7,2017,2,4,5,9,,4,0,,1,1,4,25,2,2,1,5,0,0,0,0,true,,false,false,true,false,false,,,,,,false,false,false,,,false,false,false,false,false,-83.0832,42.31875,"{
  ""coordinates"": [
    -8.308319989899999e+01,
    4.231875384600000e+01
  ],
  ""type"": ""Point""
}","{
  ""coordinates"": [
    -83.083199899,
    42.318753846
  ],
  ""type"": ""Point""
}",-83.083199899,42.318753846
11255,1086679,SAINT CLAIR,SHOEMAKER,2017-07-19,19,7,2017,3,4,98,9,,,0,,1,1,4,25,2,2,0,5,0,0,0,0,true,,false,false,true,false,false,,,,,,false,false,false,,,false,false,false,false,false,-82.99545,42.38818,"{
  ""coordinates"": [
    -8.299545388999999e+01,
    4.238817945400010e+01
  ],
  ""type"": ""Point""
}","{
  ""coordinates"": [
    -82.99545389,
    42.388179454
  ],
  ""type"": ""Point""
}",-82.99545389,42.3881794540001
11256,1107773,JEFFERSON,WOODWARD,2017-07-19,19,7,2017,13,4,8,3,,1,0,,1,1,1,30,8,2,5,5,0,0,0,0,true,,false,false,false,false,false,,,,,,false,false,false,,,false,false,false,false,false,-83.04453,42.32887,"{
  ""coordinates"": [
    -8.304452855499990e+01,
    4.232886389200010e+01
  ],
  ""type"": ""Point""
}","{
  ""coordinates"": [
    -83.044528555,
    42.328863892
  ],
  ""type"": ""Point""
}",-83.0445285549999,42.3288638920001
11257,1087770,I-94,BRUSH,2017-07-19,19,7,2017,12,4,5,1,,1,0,,1,1,1,55,3,2,5,5,0,0,0,0,true,,false,false,false,false,false,,,,,,false,false,true,,,false,false,false,false,false,-83.06461,42.36558,"{
  ""coordinates"": [
    -8.306461254100000e+01,
    4.236557919700000e+01
  ],
  ""type"": ""Point""
}","{
  ""coordinates"": [
    -83.064612541,
    42.365579197
  ],
  ""type"": ""Point""
}",-83.064612541,42.365579197
11258,1087821,MCNICHOLS,GILCHRIST,2017-07-19,19,7,2017,15,4,5,9,,2,0,,1,1,1,35,4,2,2,5,0,0,0,0,true,,false,false,false,false,false,,,,,,false,false,false,,,false,false,false,false,false,-83.21236,42.4157,"{
  ""coordinates"": [
    -8.321236611700000e+01,
    4.241569809800010e+01
  ],
  ""type"": ""Point""
}","{
  ""coordinates"": [
    -83.212366117,
    42.415698098
  ],
  ""type"": ""Point""
}",-83.212366117,42.4156980980001
11259,1087814,8 MILE,TELEGRAPH,2017-07-19,19,7,2017,8,4,5,3,,1,0,,1,1,1,35,1,2,2,5,0,0,0,0,true,,false,false,false,false,false,,,,,,false,false,false,,,false,false,false,false,false,-83.2786,42.44274,"{
  ""coordinates"": [
    -8.327860501000001e+01,
    4.244274122400000e+01
  ],
  ""type"": ""Point""
}","{
  ""coordinates"": [
    -83.27860501,
    42.442741224
  ],
  ""type"": ""Point""
}",-83.27860501,42.442741224
11260,1086648,HOLBROOK,WOODWARD,2017-07-19,19,7,2017,14,4,5,3,,4,0,,1,1,1,0,2,2,1,5,0,0,0,0,true,,false,false,true,false,false,,,,,,false,false,false,,,false,false,false,false,false,-83.08055,42.38113,"{
  ""coordinates"": [
    -8.308055317700000e+01,
    4.238113258900010e+01
  ],
  ""type"": ""Point""
}","{
  ""coordinates"": [
    -83.080553177,
    42.381132589
  ],
  ""type"": ""Point""
}",-83.080553177,42.3811325890001
11261,1086725,SCHAEFER,CAMBRIDGE,2017-07-19,19,7,2017,15,4,97,9,,4,0,,1,1,1,30,2,2,2,5,0,0,0,0,true,,false,false,true,false,false,,,,,,false,false,false,,,false,false,false,false,false,-83.18056,42.43299,"{
  ""coordinates"": [
    -8.318055617900001e+01,
    4.243299253300010e+01
  ],
  ""type"": ""Point""
}","{
  ""coordinates"": [
    -83.180556179,
    42.432992533
  ],
  ""type"": ""Point""
}",-83.180556179,42.4329925330001
11262,1090602,SOUTHFIELD SERVICE DRIVE,FLORENCE,2017-07-19,19,7,2017,23,4,1,9,,4,1,,1,1,4,55,3,1,2,5,0,0,0,0,true,,false,false,false,false,false,,,,,,false,false,true,,,false,false,false,false,false,-83.21832,42.41052,"{
  ""coordinates"": [
    -8.321831676700000e+01,
    4.241051710100000e+01
  ],
  ""type"": ""Point""
}","{
  ""coordinates"": [
    -83.218316767,
    42.410517101
  ],
  ""type"": ""Point""
}",-83.218316767,42.410517101
11263,1087824,CONNER,EVANSTON,2017-07-19,19,7,2017,1,4,1,9,,4,1,,1,1,4,30,4,1,2,4,0,0,0,1,false,,false,false,false,true,false,,,,,,false,false,false,,,false,false,false,false,false,-82.9902,42.39796,"{
  ""coordinates"": [
    -8.299020459499999e+01,
    4.239796184500010e+01
  ],
  ""type"": ""Point""
}","{
  ""coordinates"": [
    -82.990204595,
    42.397961845
  ],
  ""type"": ""Point""
}",-82.990204595,42.3979618450001
11264,1086693,N I 75 SERVICE DRIVE,WARREN,2017-07-19,19,7,2017,17,4,5,9,,4,0,,1,1,1,30,3,2,3,5,0,0,0,0,true,,false,false,false,false,false,,,,,,false,false,true,,,false,false,false,false,false,-83.05382,42.36098,"{
  ""coordinates"": [
    -8.305381588800000e+01,
    4.236098661900010e+01
  ],
  ""type"": ""Point""
}","{
  ""coordinates"": [
    -83.053815888,
    42.360986619
  ],
  ""type"": ""Point""
}",-83.053815888,42.3609866190001
11265,1086655,FORT,WATERMAN,2017-07-19,19,7,2017,5,4,5,3,,1,0,,1,1,4,35,4,2,2,5,0,0,0,0,true,,false,false,false,false,false,,,,,,false,false,false,,,false,false,false,false,false,-83.10835,42.30457,"{
  ""coordinates"": [
    -8.310834811300001e+01,
    4.230457120500010e+01
  ],
  ""type"": ""Point""
}","{
  ""coordinates"": [
    -83.108348113,
    42.304571205
  ],
  ""type"": ""Point""
}",-83.108348113,42.3045712050001
11266,1086708,EDSEL,GRATIOT,2017-07-19,19,7,2017,14,4,5,1,,1,0,,1,1,1,55,3,2,2,5,0,0,0,0,true,,false,false,false,false,false,,,,,,false,false,false,,,false,false,false,false,false,-83.00671,42.3913,"{
  ""coordinates"": [
    -8.300670943700000e+01,
    4.239129653400000e+01
  ],
  ""type"": ""Point""
}","{
  ""coordinates"": [
    -83.006709437,
    42.391296534
  ],
  ""type"": ""Point""
}",-83.006709437,42.391296534
11267,1086601,I-94,CONNER,2017-07-19,19,7,2017,18,4,5,1,,1,0,,1,1,1,55,3,2,1,5,0,0,0,0,true,,false,false,true,false,false,,,,,,false,false,false,,,false,false,false,false,false,-82.98785,42.39638,"{
  ""coordinates"": [
    -8.298785320800000e+01,
    4.239637794200010e+01
  ],
  ""type"": ""Point""
}","{
  ""coordinates"": [
    -82.987853208,
    42.396377942
  ],
  ""type"": ""Point""
}",-82.987853208,42.3963779420001
11268,1086678,3 MILE,WARREN,2017-07-19,19,7,2017,8,4,5,9,,,0,,1,1,1,25,3,2,2,5,0,0,0,0,true,,false,false,true,false,false,,,,,,false,false,false,,,false,false,false,false,false,-82.93992,42.4023,"{
  ""coordinates"": [
    -8.293991657399989e+01,
    4.240229836100010e+01
  ],
  ""type"": ""Point""
}","{
  ""coordinates"": [
    -82.939916574,
    42.402298361
  ],
  ""type"": ""Point""
}",-82.9399165739999,42.4022983610001
11269,1087777,N/B M-10,CLAIRMOUNT,2017-07-19,19,7,2017,17,4,5,3,,1,0,,1,1,1,55,4,2,2,5,0,0,0,0,true,,false,false,false,false,false,,,,,,false,false,false,,,false,false,false,false,false,-83.08856,42.37729,"{
  ""coordinates"": [
    -8.308856109600001e+01,
    4.237729391800010e+01
  ],
  ""type"": ""Point""
}","{
  ""coordinates"": [
    -83.088561096,
    42.377293918
  ],
  ""type"": ""Point""
}",-83.088561096,42.3772939180001
11270,1087815,WINTHROP,SANTA MARIA,2017-07-19,19,7,2017,2,4,5,9,,,0,,1,1,5,25,2,2,2,5,0,0,0,0,true,,false,false,true,false,false,,,,,,false,false,false,,,false,false,false,false,false,-83.20081,42.41776,"{
  ""coordinates"": [
    -8.320081552800001e+01,
    4.241775685000000e+01
  ],
  ""type"": ""Point""
}","{
  ""coordinates"": [
    -83.200815528,
    42.41775685
  ],
  ""type"": ""Point""
}",-83.200815528,42.41775685
11271,1087840,MITCHELL,MCPHERSON,2017-07-19,19,7,2017,14,4,10,9,,,0,,1,1,1,25,2,2,1,5,0,0,0,0,true,,false,false,false,false,false,,,,,,false,false,false,,,false,false,false,false,false,-83.06342,42.40752,"{
  ""coordinates"": [
    -8.306341591800000e+01,
    4.240751527100010e+01
  ],
  ""type"": ""Point""
}","{
  ""coordinates"": [
    -83.063415918,
    42.407515271
  ],
  ""type"": ""Point""
}",-83.063415918,42.4075152710001
11272,1086742,MEYERS,CLARITA,2017-07-19,19,7,2017,12,4,4,9,,4,0,,1,1,1,30,2,2,3,5,0,0,0,0,true,,false,false,false,false,false,,,,,,false,false,false,,,false,false,false,false,false,-83.17065,42.43027,"{
  ""coordinates"": [
    -8.317065689200000e+01,
    4.243027383200010e+01
  ],
  ""type"": ""Point""
}","{
  ""coordinates"": [
    -83.170656892,
    42.430273832
  ],
  ""type"": ""Point""
}",-83.170656892,42.4302738320001
11273,1086701,CURTIS,WOODBINE,2017-07-19,19,7,2017,9,4,10,9,,,0,,1,1,1,25,2,2,1,5,0,0,0,0,true,,false,false,true,false,false,,,,,,false,false,false,,,false,false,false,false,false,-83.27888,42.4217,"{
  ""coordinates"": [
    -8.327888296099999e+01,
    4.242169611600010e+01
  ],
  ""type"": ""Point""
}","{
  ""coordinates"": [
    -83.278882961,
    42.421696116
  ],
  ""type"": ""Point""
}",-83.278882961,42.4216961160001
11274,1090617,RAMP 041I,S I 75/GRATIOT,2017-07-19,19,7,2017,15,4,8,1,,1,0,,1,1,1,55,3,2,2,5,0,0,0,0,true,,false,false,false,false,false,,,,,,false,false,false,,,false,false,false,false,false,-83.0462,42.3432,"{
  ""coordinates"": [
    -8.304619807599990e+01,
    4.234320469200000e+01
  ],
  ""type"": ""Point""
}","{
  ""coordinates"": [
    -83.046198076,
    42.343204692
  ],
  ""type"": ""Point""
}",-83.0461980759999,42.343204692
11275,1086590,M-10,CALVERT,2017-07-19,19,7,2017,7,4,8,3,,1,0,,1,1,1,55,3,2,1,5,0,0,0,0,true,,false,false,true,false,false,,,,,,false,true,false,,,false,false,false,false,false,-83.09983,42.38453,"{
  ""coordinates"": [
    -8.309983070600001e+01,
    4.238452751100000e+01
  ],
  ""type"": ""Point""
}","{
  ""coordinates"": [
    -83.099830706,
    42.384527511
  ],
  ""type"": ""Point""
}",-83.099830706,42.384527511
11276,1088932,MACK,WARREN,2017-07-19,19,7,2017,17,4,5,9,,2,0,,1,1,1,35,3,2,2,5,0,0,0,0,true,,false,false,false,false,false,,,,,,false,true,false,,,false,false,false,false,false,-82.91274,42.41226,"{
  ""coordinates"": [
    -8.291274123999990e+01,
    4.241226267400000e+01
  ],
  ""type"": ""Point""
}","{
  ""coordinates"": [
    -82.91274124,
    42.412262674
  ],
  ""type"": ""Point""
}",-82.9127412399999,42.412262674
11277,1086722,BRADFORD,MINDEN,2017-07-19,19,7,2017,20,4,4,9,,,0,,1,1,4,25,2,2,3,5,0,0,0,0,true,,false,false,true,false,false,,,,,,false,false,false,,,false,false,false,false,false,-82.99675,42.41648,"{
  ""coordinates"": [
    -8.299674952800000e+01,
    4.241647772000000e+01
  ],
  ""type"": ""Point""
}","{
  ""coordinates"": [
    -82.996749528,
    42.41647772
  ],
  ""type"": ""Point""
}",-82.996749528,42.41647772
11278,1086602,N I 75,MILWAUKEE,2017-07-19,19,7,2017,19,4,1,1,,1,1,,1,2,1,55,4,1,1,4,0,0,0,1,false,,false,false,false,false,false,,,,,,false,false,false,,,false,false,false,false,false,-83.05974,42.37391,"{
  ""coordinates"": [
    -8.305973781499991e+01,
    4.237391422900000e+01
  ],
  ""type"": ""Point""
}","{
  ""coordinates"": [
    -83.059737815,
    42.373914229
  ],
  ""type"": ""Point""
}",-83.0597378149999,42.373914229
11279,1086607,RAMP 122K,S I 75,2017-07-19,19,7,2017,10,4,1,1,,1,1,,1,1,1,55,3,1,1,5,0,0,0,0,true,,false,false,false,false,false,,,,,,false,false,false,,,false,false,false,false,false,-83.06434,42.33548,"{
  ""coordinates"": [
    -8.306433576599990e+01,
    4.233548198700000e+01
  ],
  ""type"": ""Point""
}","{
  ""coordinates"": [
    -83.064335766,
    42.335481987
  ],
  ""type"": ""Point""
}",-83.0643357659999,42.335481987
11280,1094256,SECOND,PRENTIS,2017-07-19,19,7,2017,0,4,1,9,,4,0,,1,1,4,30,4,2,2,3,0,0,1,0,false,,false,false,false,true,false,,,,,,false,false,false,,,false,false,false,true,false,-83.06719,42.35229,"{
  ""coordinates"": [
    -8.306718835200000e+01,
    4.235228610200010e+01
  ],
  ""type"": ""Point""
}","{
  ""coordinates"": [
    -83.067188352,
    42.352286102
  ],
  ""type"": ""Point""
}",-83.067188352,42.3522861020001
11281,1086608,RAMP 122B,RAMP 122L,2017-07-19,19,7,2017,10,4,8,1,,1,0,,1,2,1,0,2,2,2,4,0,0,0,1,false,,false,false,false,false,false,,,,,,false,false,false,,,false,false,false,false,false,-83.06366,42.33646,"{
  ""coordinates"": [
    -8.306365997200000e+01,
    4.233646270900000e+01
  ],
  ""type"": ""Point""
}","{
  ""coordinates"": [
    -83.063659972,
    42.336462709
  ],
  ""type"": ""Point""
}",-83.063659972,42.336462709
11282,1086586,S/B M-39,7 MILE,2017-07-19,19,7,2017,7,4,1,3,,1,1,,1,1,1,55,3,1,1,5,0,0,0,0,true,,false,false,false,false,false,,,,,,false,true,false,,,false,false,false,false,false,-83.21948,42.43219,"{
  ""coordinates"": [
    -8.321948151600000e+01,
    4.243219436300010e+01
  ],
  ""type"": ""Point""
}","{
  ""coordinates"": [
    -83.219481516,
    42.432194363
  ],
  ""type"": ""Point""
}",-83.219481516,42.4321943630001
11283,1087776,M-39,WARREN,2017-07-19,19,7,2017,16,4,5,3,,1,0,,1,2,1,55,3,2,2,5,0,0,0,0,true,,false,false,false,false,false,,,,,,false,false,false,,,false,false,false,false,false,-83.21603,42.34193,"{
  ""coordinates"": [
    -8.321603215499989e+01,
    4.234193000200000e+01
  ],
  ""type"": ""Point""
}","{
  ""coordinates"": [
    -83.216032155,
    42.341930002
  ],
  ""type"": ""Point""
}",-83.2160321549999,42.341930002
11284,1091383,RAMP 216E,RUSSELL,2017-07-19,19,7,2017,23,4,1,1,,1,1,,1,1,4,70,2,1,1,3,0,0,1,0,false,,false,false,false,false,false,,,,,,false,false,false,,,false,false,true,false,false,-83.05537,42.37016,"{
  ""coordinates"": [
    -8.305536416200000e+01,
    4.237015496400010e+01
  ],
  ""type"": ""Point""
}","{
  ""coordinates"": [
    -83.055364162,
    42.370154964
  ],
  ""type"": ""Point""
}",-83.055364162,42.3701549640001
11285,1086727,WOODWARD,MCNICHOLS,2017-07-19,19,7,2017,8,4,5,3,,1,0,,1,1,1,40,4,2,2,5,0,0,0,0,true,,false,false,false,false,false,,,,,,false,false,true,,,false,false,false,false,false,-83.10529,42.41776,"{
  ""coordinates"": [
    -8.310528887899990e+01,
    4.241775583700010e+01
  ],
  ""type"": ""Point""
}","{
  ""coordinates"": [
    -83.105288879,
    42.417755837
  ],
  ""type"": ""Point""
}",-83.1052888789999,42.4177558370001
11286,1211072,CADILLAC,SLYVESTER,2017-07-19,19,7,2017,15,4,2,9,,4,2,,1,1,1,25,2,2,2,5,0,0,0,0,true,,false,false,true,false,false,,,,,,false,false,false,,,false,false,false,false,false,-82.99226,42.3756,"{
  ""coordinates"": [
    -8.299225472700000e+01,
    4.237560343100010e+01
  ],
  ""type"": ""Point""
}","{
  ""coordinates"": [
    -82.992254727,
    42.375603431
  ],
  ""type"": ""Point""
}",-82.992254727,42.3756034310001
11287,1092295,LAFAYETTE,CONCORD,2017-07-19,19,7,2017,16,4,4,9,,4,0,,1,1,1,25,2,2,2,3,0,0,1,1,false,,true,false,false,false,false,,,,,,false,false,true,,,false,false,false,false,false,-83.0071,42.34909,"{
  ""coordinates"": [
    -8.300709370000000e+01,
    4.234908845200000e+01
  ],
  ""type"": ""Point""
}","{
  ""coordinates"": [
    -83.0070937,
    42.349088452
  ],
  ""type"": ""Point""
}",-83.0070937,42.349088452
11288,1086591,S/B I-375,LAFAYETTE,2017-07-19,19,7,2017,10,4,5,1,,1,0,,1,1,1,55,3,2,2,5,0,0,0,0,true,,false,false,false,false,false,,,,,,false,false,true,,,false,false,false,false,false,-83.03923,42.33756,"{
  ""coordinates"": [
    -8.303922701000000e+01,
    4.233755875300010e+01
  ],
  ""type"": ""Point""
}","{
  ""coordinates"": [
    -83.03922701,
    42.337558753
  ],
  ""type"": ""Point""
}",-83.03922701,42.3375587530001
11289,1102425,MCNICHOLS,WHITCOMB,2017-07-19,19,7,2017,8,4,4,9,,2,0,,1,1,1,30,4,2,3,4,0,0,0,2,false,,true,false,true,false,false,,,,,,false,false,true,,,false,false,false,false,false,-83.19686,42.4161,"{
  ""coordinates"": [
    -8.319686351900000e+01,
    4.241609527200010e+01
  ],
  ""type"": ""Point""
}","{
  ""coordinates"": [
    -83.196863519,
    42.416095272
  ],
  ""type"": ""Point""
}",-83.196863519,42.4160952720001
11290,1086702,MOROSS,ROSSITER,2017-07-19,19,7,2017,8,4,1,9,,2,0,,1,1,1,35,2,1,2,3,0,0,1,0,false,,false,false,true,false,false,,,,,,false,false,false,,,false,false,false,false,false,-82.94455,42.43127,"{
  ""coordinates"": [
    -8.294455061300000e+01,
    4.243127539800000e+01
  ],
  ""type"": ""Point""
}","{
  ""coordinates"": [
    -82.944550613,
    42.431275398
  ],
  ""type"": ""Point""
}",-82.944550613,42.431275398