ObjectId,Crash ID,Primary Road,Intersecting Road,Crash Date,Day,Month,Year,Hour,Weekday,Crash Type Code,Highway Classification Code,Community Code,Jurisdiction Code,Lane Departure Type Code,Surface Type,Road Condition,Weather Condition,Lighting Condition,Speed Limit,Lanes,Units,Occupants,Most Severe Injury,Fatal Injuries,Suspected Serious Injuries,Suspected Minor Injuries,Possible Injuries,Property Damage Only,Secondary Crash,Traffic Control,Red Light Run,Hit and Run,Alcohol,Drugs,Unbelted Person,Work Zone,Speeding Driver,Distracted Driver,Driveway,Pedestrian,Elderly Driver,Young Driver,Commercial Vehicle,Emergency Vehicles,Train,School Bus,Motorcycle,Bicycle,Deer,Longitude,Latitude,geom,geog,x,y
11405,1087754,I-94,GRAND RIVER,2017-07-17,17,7,2017,9,2,5,1,,1,0,,1,1,1,55,3,2,2,5,0,0,0,0,true,,false,false,false,false,false,,,,,,false,false,false,,,false,false,false,false,false,-83.0947,42.35163,"{
  ""coordinates"": [
    -8.309470374800000e+01,
    4.235163163200010e+01
  ],
  ""type"": ""Point""
}","{
  ""coordinates"": [
    -83.094703748,
    42.351631632
  ],
  ""type"": ""Point""
}",-83.094703748,42.3516316320001
11406,1086631,ROSA PARKS,TEMPLE,2017-07-17,17,7,2017,18,2,4,9,,4,0,,1,1,1,30,3,2,2,5,0,0,0,0,true,,true,false,false,false,false,,,,,,false,true,false,,,false,false,false,false,false,-83.07495,42.33657,"{
  ""coordinates"": [
    -8.307495393300000e+01,
    4.233657349400000e+01
  ],
  ""type"": ""Point""
}","{
  ""coordinates"": [
    -83.074953933,
    42.336573494
  ],
  ""type"": ""Point""
}",-83.074953933,42.336573494
11407,1103164,N M 39,8 MILE,2017-07-17,17,7,2017,14,2,5,3,,1,0,,1,1,1,25,4,2,2,5,0,0,0,0,true,,false,false,false,false,false,,,,,,false,false,true,,,false,false,false,false,false,-83.21963,42.44426,"{
  ""coordinates"": [
    -8.321962550300000e+01,
    4.244425567700010e+01
  ],
  ""type"": ""Point""
}","{
  ""coordinates"": [
    -83.219625503,
    42.444255677
  ],
  ""type"": ""Point""
}",-83.219625503,42.4442556770001
11408,1085403,CHANDLER PARK,GRAYTON,2017-07-17,17,7,2017,5,2,4,9,,2,0,,1,1,1,35,2,2,1,5,0,0,0,0,true,,true,false,true,false,false,,,,,,false,true,false,,,false,false,false,false,false,-82.93552,42.41024,"{
  ""coordinates"": [
    -8.293551829200000e+01,
    4.241023598400010e+01
  ],
  ""type"": ""Point""
}","{
  ""coordinates"": [
    -82.935518292,
    42.410235984
  ],
  ""type"": ""Point""
}",-82.935518292,42.4102359840001
11409,1086724,LIVERNOIS,8 MILE,2017-07-17,17,7,2017,12,2,97,3,,4,0,,1,1,1,35,2,2,1,5,0,0,0,0,true,,false,false,false,false,false,,,,,,false,false,false,,,false,false,false,false,false,-83.14212,42.44583,"{
  ""coordinates"": [
    -8.314211902900000e+01,
    4.244582694600010e+01
  ],
  ""type"": ""Point""
}","{
  ""coordinates"": [
    -83.142119029,
    42.445826946
  ],
  ""type"": ""Point""
}",-83.142119029,42.4458269460001
11410,1096730,8 MILE,RYAN,2017-07-17,17,7,2017,20,2,97,3,,1,0,,1,1,1,40,6,3,6,4,0,0,0,2,false,,true,true,false,false,false,,,,,,false,true,false,,,false,false,false,false,false,-83.06391,42.44727,"{
  ""coordinates"": [
    -8.306391162200001e+01,
    4.244726456900000e+01
  ],
  ""type"": ""Point""
}","{
  ""coordinates"": [
    -83.063911622,
    42.447264569
  ],
  ""type"": ""Point""
}",-83.063911622,42.447264569
11411,1096665,FLOYD,RANGOON,2017-07-17,17,7,2017,12,2,4,9,,,0,,1,1,5,25,2,2,1,4,0,0,0,1,false,,false,false,true,false,false,,,,,,false,false,false,,,false,false,false,false,false,-83.136,42.34726,"{
  ""coordinates"": [
    -8.313600434599989e+01,
    4.234726375800010e+01
  ],
  ""type"": ""Point""
}","{
  ""coordinates"": [
    -83.136004346,
    42.347263758
  ],
  ""type"": ""Point""
}",-83.1360043459999,42.3472637580001
11412,1086717,OAKMAN,LIVERNOIS,2017-07-17,17,7,2017,15,2,8,9,,4,0,,1,1,1,25,2,2,0,5,0,0,0,0,true,,false,false,true,false,false,,,,,,false,false,false,,,false,false,false,false,false,-83.14005,42.39017,"{
  ""coordinates"": [
    -8.314004773999990e+01,
    4.239016685700010e+01
  ],
  ""type"": ""Point""
}","{
  ""coordinates"": [
    -83.14004774,
    42.390166857
  ],
  ""type"": ""Point""
}",-83.1400477399999,42.3901668570001
11413,1086637,ROSA PARKS,STANLEY,2017-07-17,17,7,2017,17,2,1,9,,4,1,,1,1,1,25,1,1,1,5,0,0,0,0,true,,false,false,false,false,false,,,,,,false,false,false,,,false,false,false,false,false,-83.08641,42.35678,"{
  ""coordinates"": [
    -8.308640931699991e+01,
    4.235678583900010e+01
  ],
  ""type"": ""Point""
}","{
  ""coordinates"": [
    -83.086409317,
    42.356785839
  ],
  ""type"": ""Point""
}",-83.0864093169999,42.3567858390001
11414,1085394,GRATIOT,EDGEWOOD,2017-07-17,17,7,2017,19,2,4,3,,1,0,,1,1,1,35,7,2,1,4,0,0,0,1,false,,false,false,true,false,false,,,,,,false,true,false,,,false,false,false,false,false,-83.00172,42.39845,"{
  ""coordinates"": [
    -8.300172694199991e+01,
    4.239844398500000e+01
  ],
  ""type"": ""Point""
}","{
  ""coordinates"": [
    -83.001726942,
    42.398443985
  ],
  ""type"": ""Point""
}",-83.0017269419999,42.398443985
11415,1085405,WHITTIER,DUCHESS,2017-07-17,17,7,2017,11,2,4,9,,4,0,,1,1,1,35,2,2,1,5,0,0,0,0,true,,true,false,true,false,false,,,,,,false,false,false,,,false,false,false,false,false,-82.96007,42.41985,"{
  ""coordinates"": [
    -8.296006514200000e+01,
    4.241984500300000e+01
  ],
  ""type"": ""Point""
}","{
  ""coordinates"": [
    -82.960065142,
    42.419845003
  ],
  ""type"": ""Point""
}",-82.960065142,42.419845003
11416,1086643,JEFFERSON,GRAND,2017-07-17,17,7,2017,16,2,8,9,,4,0,,1,1,1,35,4,2,1,5,0,0,0,0,true,,false,false,true,false,false,,,,,,false,false,false,,,false,false,false,false,false,-83.00199,42.3472,"{
  ""coordinates"": [
    -8.300199025900000e+01,
    4.234720083200010e+01
  ],
  ""type"": ""Point""
}","{
  ""coordinates"": [
    -83.001990259,
    42.347200832
  ],
  ""type"": ""Point""
}",-83.001990259,42.3472008320001
11417,1091427,JEFFERSON,BRUSH,2017-07-17,17,7,2017,15,2,5,4,,1,0,,1,1,1,0,3,2,4,5,0,0,0,0,true,,false,false,false,false,false,,,,,,false,false,false,,,false,false,false,false,false,-83.04136,42.33023,"{
  ""coordinates"": [
    -8.304136036800000e+01,
    4.233022888800010e+01
  ],
  ""type"": ""Point""
}","{
  ""coordinates"": [
    -83.041360368,
    42.330228888
  ],
  ""type"": ""Point""
}",-83.041360368,42.3302288880001
11418,1095900,SCHOOLCRAFT,EVERGREEN,2017-07-17,17,7,2017,16,2,4,9,,2,0,,1,1,1,35,5,2,3,4,0,0,0,1,false,,false,false,false,false,false,,,,,,false,false,false,,,false,false,false,false,false,-83.23648,42.38627,"{
  ""coordinates"": [
    -8.323647831800000e+01,
    4.238626794000000e+01
  ],
  ""type"": ""Point""
}","{
  ""coordinates"": [
    -83.236478318,
    42.38626794
  ],
  ""type"": ""Point""
}",-83.236478318,42.38626794
11419,1085401,CONGRESS,WASHINGTON,2017-07-17,17,7,2017,20,2,4,9,,4,0,,1,1,3,0,4,2,3,5,0,0,0,0,true,,true,true,false,false,false,,,,,,false,false,false,,,false,false,false,false,false,-83.0492,42.32875,"{
  ""coordinates"": [
    -8.304920043700000e+01,
    4.232874846900010e+01
  ],
  ""type"": ""Point""
}","{
  ""coordinates"": [
    -83.049200437,
    42.328748469
  ],
  ""type"": ""Point""
}",-83.049200437,42.3287484690001
11420,1086729,STRATHCONA,7 MILE,2017-07-17,17,7,2017,14,2,5,9,,,0,,1,1,1,25,1,2,2,5,0,0,0,0,true,,false,false,false,false,false,,,,,,false,false,false,,,false,false,false,false,false,-83.12934,42.43187,"{
  ""coordinates"": [
    -8.312934354100000e+01,
    4.243187234100000e+01
  ],
  ""type"": ""Point""
}","{
  ""coordinates"": [
    -83.129343541,
    42.431872341
  ],
  ""type"": ""Point""
}",-83.129343541,42.431872341
11421,1087760,N I 75,GRAND,2017-07-17,17,7,2017,11,2,8,1,,1,0,,1,1,1,55,5,2,2,5,0,0,0,0,true,,false,false,true,false,false,,,,,,false,false,false,,,false,false,false,false,false,-83.08413,42.31645,"{
  ""coordinates"": [
    -8.308412570900001e+01,
    4.231644698100010e+01
  ],
  ""type"": ""Point""
}","{
  ""coordinates"": [
    -83.084125709,
    42.316446981
  ],
  ""type"": ""Point""
}",-83.084125709,42.3164469810001
11422,1085363,FORT,ROSA PARKS,2017-07-17,17,7,2017,13,2,97,3,,1,0,,1,1,1,30,6,2,0,5,0,0,0,0,true,,false,false,false,false,false,,,,,,true,false,false,,,false,false,false,false,false,-83.06708,42.32226,"{
  ""coordinates"": [
    -8.306707652100000e+01,
    4.232225932200000e+01
  ],
  ""type"": ""Point""
}","{
  ""coordinates"": [
    -83.067076521,
    42.322259322
  ],
  ""type"": ""Point""
}",-83.067076521,42.322259322
11423,1085359,LYNDON,WYOMING2,2017-07-17,17,7,2017,9,2,4,9,,4,0,,1,1,1,30,2,2,2,4,0,0,0,1,false,,false,false,false,false,false,,,,,,false,true,true,,,false,false,false,false,false,-83.15942,42.39524,"{
  ""coordinates"": [
    -8.315942299400000e+01,
    4.239524538100010e+01
  ],
  ""type"": ""Point""
}","{
  ""coordinates"": [
    -83.159422994,
    42.395245381
  ],
  ""type"": ""Point""
}",-83.159422994,42.3952453810001
11424,1096693,GREENFIELD,VASSAR,2017-07-17,17,7,2017,7,2,5,9,,2,0,,1,1,1,35,6,2,2,5,0,0,0,0,true,,false,false,false,false,false,,,,,,false,false,true,,,false,false,false,false,false,-83.20003,42.43422,"{
  ""coordinates"": [
    -8.320003098200000e+01,
    4.243421767400010e+01
  ],
  ""type"": ""Point""
}","{
  ""coordinates"": [
    -83.200030982,
    42.434217674
  ],
  ""type"": ""Point""
}",-83.200030982,42.4342176740001
11425,1085361,7 MILE,STAHELIN,2017-07-17,17,7,2017,20,2,4,9,,2,0,,1,1,1,35,4,2,1,5,0,0,0,0,true,,false,false,true,false,false,,,,,,false,false,false,,,false,false,false,false,false,-83.22769,42.42987,"{
  ""coordinates"": [
    -8.322769273300000e+01,
    4.242987158600000e+01
  ],
  ""type"": ""Point""
}","{
  ""coordinates"": [
    -83.227692733,
    42.429871586
  ],
  ""type"": ""Point""
}",-83.227692733,42.429871586
11426,1086716,JOY,LINWOOD,2017-07-17,17,7,2017,14,2,1,9,,4,1,,1,1,1,30,2,1,2,4,0,0,0,1,false,,false,false,false,false,false,,,,,,false,false,false,,,false,false,false,false,false,-83.10945,42.37323,"{
  ""coordinates"": [
    -8.310945490599990e+01,
    4.237322898800010e+01
  ],
  ""type"": ""Point""
}","{
  ""coordinates"": [
    -83.109454906,
    42.373228988
  ],
  ""type"": ""Point""
}",-83.1094549059999,42.3732289880001
11427,1087751,I-75,DAVISON,2017-07-17,17,7,2017,16,2,8,1,,1,0,,1,1,1,70,5,2,2,5,0,0,0,0,true,,false,false,false,false,false,,,,,,false,false,true,,,false,false,false,false,false,-83.08162,42.41112,"{
  ""coordinates"": [
    -8.308162184600000e+01,
    4.241111832800000e+01
  ],
  ""type"": ""Point""
}","{
  ""coordinates"": [
    -83.081621846,
    42.411118328
  ],
  ""type"": ""Point""
}",-83.081621846,42.411118328
11428,1088940,SCHOOLCRAFT,BURT,2017-07-17,17,7,2017,20,2,4,9,,4,0,,1,1,1,35,2,2,3,3,0,0,1,1,false,,true,true,false,false,false,,,,,,false,false,true,,,false,false,false,false,false,-83.24654,42.38608,"{
  ""coordinates"": [
    -8.324653749100000e+01,
    4.238608215000000e+01
  ],
  ""type"": ""Point""
}","{
  ""coordinates"": [
    -83.246537491,
    42.38608215
  ],
  ""type"": ""Point""
}",-83.246537491,42.38608215
11429,1086683,S M 39 SERVICE DRIVE,WARREN,2017-07-17,17,7,2017,17,2,5,9,,4,0,,1,1,1,25,2,2,2,5,0,0,0,0,true,,false,false,true,false,false,,,,,,false,false,false,,,false,false,false,false,false,-83.21653,42.34343,"{
  ""coordinates"": [
    -8.321653213499999e+01,
    4.234342492200010e+01
  ],
  ""type"": ""Point""
}","{
  ""coordinates"": [
    -83.216532135,
    42.343424922
  ],
  ""type"": ""Point""
}",-83.216532135,42.3434249220001
11430,1085340,I-94,M-10,2017-07-17,17,7,2017,18,2,97,1,,1,0,,1,1,1,55,3,2,1,5,0,0,0,0,true,,false,false,true,false,false,,,,,,false,false,false,,,false,false,false,false,false,-83.08027,42.35646,"{
  ""coordinates"": [
    -8.308026662499999e+01,
    4.235645642200010e+01
  ],
  ""type"": ""Point""
}","{
  ""coordinates"": [
    -83.080266625,
    42.356456422
  ],
  ""type"": ""Point""
}",-83.080266625,42.3564564220001
11431,1086680,WARREN,WOODMONT,2017-07-17,17,7,2017,19,2,5,9,,2,0,,1,1,1,35,4,2,2,5,0,0,0,0,true,,false,false,false,false,false,,,,,,false,true,false,,,false,false,false,false,false,-83.20718,42.34352,"{
  ""coordinates"": [
    -8.320717784599999e+01,
    4.234352205100000e+01
  ],
  ""type"": ""Point""
}","{
  ""coordinates"": [
    -83.207177846,
    42.343522051
  ],
  ""type"": ""Point""
}",-83.207177846,42.343522051
11432,1094237,LIVERNOIS,CLARITA,2017-07-17,17,7,2017,18,2,8,9,,4,0,,1,1,1,30,2,2,1,5,0,0,0,0,true,,false,false,false,false,false,,,,,,false,true,false,,,false,false,true,false,false,-83.14148,42.42933,"{
  ""coordinates"": [
    -8.314148216900000e+01,
    4.242933229200000e+01
  ],
  ""type"": ""Point""
}","{
  ""coordinates"": [
    -83.141482169,
    42.429332292
  ],
  ""type"": ""Point""
}",-83.141482169,42.429332292
11433,1086671,HAYS,SEYMOUR,2017-07-17,17,7,2017,20,2,5,9,,4,0,,1,1,3,45,5,2,4,5,0,0,0,0,true,,false,false,true,false,false,,,,,,false,false,false,,,false,false,false,false,false,-82.96526,42.42719,"{
  ""coordinates"": [
    -8.296526306899990e+01,
    4.242718804500000e+01
  ],
  ""type"": ""Point""
}","{
  ""coordinates"": [
    -82.965263069,
    42.427188045
  ],
  ""type"": ""Point""
}",-82.9652630689999,42.427188045
11434,1086675,HARPER,WHITTIER,2017-07-17,17,7,2017,2,2,5,9,,4,0,,1,1,2,35,2,2,1,5,0,0,0,0,true,,false,false,false,false,false,,,,,,false,false,false,,,false,false,false,false,false,-82.94239,42.41245,"{
  ""coordinates"": [
    -8.294239350899990e+01,
    4.241244775900000e+01
  ],
  ""type"": ""Point""
}","{
  ""coordinates"": [
    -82.942393509,
    42.412447759
  ],
  ""type"": ""Point""
}",-82.9423935089999,42.412447759
11435,1086660,MICHIGAN,MARTIN,2017-07-17,17,7,2017,12,2,5,2,,1,0,,1,1,1,35,6,2,3,5,0,0,0,0,true,,false,false,false,false,false,,,,,,false,false,false,,,false,false,false,false,false,-83.1272,42.33115,"{
  ""coordinates"": [
    -8.312719355999999e+01,
    4.233115440900010e+01
  ],
  ""type"": ""Point""
}","{
  ""coordinates"": [
    -83.12719356,
    42.331154409
  ],
  ""type"": ""Point""
}",-83.12719356,42.3311544090001
11436,1090607,I 75,GREEN,2017-07-17,17,7,2017,15,2,1,1,,1,1,,1,1,1,55,1,1,2,4,0,0,0,1,false,,false,false,false,false,false,,,,,,false,false,false,,,false,false,false,false,false,-83.11234,42.30436,"{
  ""coordinates"": [
    -8.311234424799990e+01,
    4.230435413800010e+01
  ],
  ""type"": ""Point""
}","{
  ""coordinates"": [
    -83.112344248,
    42.304354138
  ],
  ""type"": ""Point""
}",-83.1123442479999,42.3043541380001
11437,1086713,LINWOOD,GLENDALE,2017-07-17,17,7,2017,15,2,97,9,,4,0,,1,1,1,35,5,2,1,5,0,0,0,0,true,,false,false,true,false,false,,,,,,false,true,false,,,false,false,false,false,false,-83.12176,42.39262,"{
  ""coordinates"": [
    -8.312175507900000e+01,
    4.239262344200010e+01
  ],
  ""type"": ""Point""
}","{
  ""coordinates"": [
    -83.121755079,
    42.392623442
  ],
  ""type"": ""Point""
}",-83.121755079,42.3926234420001
11438,1084307,7 MILE,STAHELIN,2017-07-17,17,7,2017,1,2,8,9,,2,0,,1,1,4,0,2,2,1,5,0,0,0,0,true,,false,false,false,false,false,,,,,,false,false,false,,,false,false,false,false,false,-83.22742,42.42987,"{
  ""coordinates"": [
    -8.322741871900000e+01,
    4.242987604100010e+01
  ],
  ""type"": ""Point""
}","{
  ""coordinates"": [
    -83.227418719,
    42.429876041
  ],
  ""type"": ""Point""
}",-83.227418719,42.4298760410001
11439,1084281,MEYERS,SCHOOLCRAFT,2017-07-17,17,7,2017,1,2,1,9,,4,1,,1,1,4,35,4,2,1,2,0,1,0,0,false,,false,false,true,false,false,,,,,,false,false,false,,,false,false,false,true,false,-83.16875,42.38881,"{
  ""coordinates"": [
    -8.316874398999990e+01,
    4.238880419500000e+01
  ],
  ""type"": ""Point""
}","{
  ""coordinates"": [
    -83.16874399,
    42.388804195
  ],
  ""type"": ""Point""
}",-83.1687439899999,42.388804195
11440,1086712,DAVISON,DEXTER,2017-07-17,17,7,2017,9,2,4,3,,1,0,,1,1,1,30,2,2,5,4,0,0,0,1,false,,true,true,false,false,false,,,,,,false,false,false,,,false,false,false,false,false,-83.13087,42.38975,"{
  ""coordinates"": [
    -8.313086805400000e+01,
    4.238974974100010e+01
  ],
  ""type"": ""Point""
}","{
  ""coordinates"": [
    -83.130868054,
    42.389749741
  ],
  ""type"": ""Point""
}",-83.130868054,42.3897497410001
11441,1100540,WYOMING,FULLERTON,2017-07-17,17,7,2017,14,2,97,9,,4,0,,1,1,1,30,3,2,2,5,0,0,0,0,true,,false,false,false,false,false,,,,,,false,false,false,,,false,false,false,false,false,-83.15884,42.38102,"{
  ""coordinates"": [
    -8.315883844200000e+01,
    4.238102079800010e+01
  ],
  ""type"": ""Point""
}","{
  ""coordinates"": [
    -83.158838442,
    42.381020798
  ],
  ""type"": ""Point""
}",-83.158838442,42.3810207980001
11442,1085397,GRAND RIVER,TELEGRAPH,2017-07-17,17,7,2017,7,2,5,3,,1,0,,1,1,1,35,3,2,1,5,0,0,0,0,true,,false,false,false,false,false,,,,,,false,false,false,,,false,false,false,false,false,-83.27748,42.42461,"{
  ""coordinates"": [
    -8.327747883700000e+01,
    4.242460453200000e+01
  ],
  ""type"": ""Point""
}","{
  ""coordinates"": [
    -83.277478837,
    42.424604532
  ],
  ""type"": ""Point""
}",-83.277478837,42.424604532
11443,1085404,HARPER,BERKSHIRE,2017-07-17,17,7,2017,9,2,8,9,,4,0,,1,1,1,30,2,2,1,5,0,0,0,0,true,,false,false,true,false,false,,,,,,false,false,true,,,false,false,false,false,false,-82.94965,42.40886,"{
  ""coordinates"": [
    -8.294964555699990e+01,
    4.240885742700000e+01
  ],
  ""type"": ""Point""
}","{
  ""coordinates"": [
    -82.949645557,
    42.408857427
  ],
  ""type"": ""Point""
}",-82.9496455569999,42.408857427
11444,1085372,SMITH,BEAUBIEN,2017-07-17,17,7,2017,9,2,4,9,,,0,,1,1,1,25,1,2,2,5,0,0,0,0,true,,false,false,false,false,false,,,,,,false,false,false,,,false,false,false,false,false,-83.0694,42.37532,"{
  ""coordinates"": [
    -8.306940513099990e+01,
    4.237531748100000e+01
  ],
  ""type"": ""Point""
}","{
  ""coordinates"": [
    -83.069405131,
    42.375317481
  ],
  ""type"": ""Point""
}",-83.0694051309999,42.375317481
11445,1086638,GRAND,N M 10,2017-07-17,17,7,2017,8,2,4,9,,4,0,,1,1,1,35,4,2,3,5,0,0,0,0,true,,false,false,false,false,false,,,,,,false,false,false,,,false,false,false,false,false,-83.08185,42.36718,"{
  ""coordinates"": [
    -8.308184739300000e+01,
    4.236718436400000e+01
  ],
  ""type"": ""Point""
}","{
  ""coordinates"": [
    -83.081847393,
    42.367184364
  ],
  ""type"": ""Point""
}",-83.081847393,42.367184364
11446,1085354,MARLOWE,EATON,2017-07-17,17,7,2017,2,2,98,9,,,0,,98,98,98,25,2,2,0,5,0,0,0,0,true,,false,false,true,false,false,,,,,,false,false,false,,,false,false,false,false,false,-83.18974,42.39723,"{
  ""coordinates"": [
    -8.318973769800000e+01,
    4.239722871800010e+01
  ],
  ""type"": ""Point""
}","{
  ""coordinates"": [
    -83.189737698,
    42.397228718
  ],
  ""type"": ""Point""
}",-83.189737698,42.3972287180001
11447,1085392,2199 PRINCE HALL,CHENE,2017-07-17,17,7,2017,13,2,2,9,,4,2,,1,1,1,5,1,2,2,5,0,0,0,0,true,,false,false,false,false,false,,,,,,false,false,false,,,false,false,false,false,false,-83.02636,42.34717,"{
  ""coordinates"": [
    -8.302636051000000e+01,
    4.234716943100010e+01
  ],
  ""type"": ""Point""
}","{
  ""coordinates"": [
    -83.02636051,
    42.347169431
  ],
  ""type"": ""Point""
}",-83.02636051,42.3471694310001
11448,1085408,8 MILE,REVERE,2017-07-17,17,7,2017,21,2,9,3,,1,2,,1,1,4,40,1,2,1,5,0,0,0,0,true,,false,false,false,false,false,,,,,,false,false,false,,,false,false,false,false,false,-83.06898,42.4472,"{
  ""coordinates"": [
    -8.306898126199999e+01,
    4.244720417300000e+01
  ],
  ""type"": ""Point""
}","{
  ""coordinates"": [
    -83.068981262,
    42.447204173
  ],
  ""type"": ""Point""
}",-83.068981262,42.447204173
11449,1084314,HARPER,CHALMERS,2017-07-16,16,7,2017,3,1,4,9,,4,0,,1,1,3,35,6,2,5,4,0,0,0,1,false,,false,false,false,false,false,,,,,,false,false,true,,,false,false,false,false,false,-82.96407,42.40482,"{
  ""coordinates"": [
    -8.296407477100000e+01,
    4.240481948100010e+01
  ],
  ""type"": ""Point""
}","{
  ""coordinates"": [
    -82.964074771,
    42.404819481
  ],
  ""type"": ""Point""
}",-82.964074771,42.4048194810001
11450,1084260,E I 96,GREENFIELD,2017-07-16,16,7,2017,19,1,8,1,,1,0,,1,1,1,70,3,2,2,5,0,0,0,0,true,,false,false,false,false,false,,,,,,false,false,true,,,false,false,false,false,false,-83.1984,42.37907,"{
  ""coordinates"": [
    -8.319839887200000e+01,
    4.237906689000000e+01
  ],
  ""type"": ""Point""
}","{
  ""coordinates"": [
    -83.198398872,
    42.37906689
  ],
  ""type"": ""Point""
}",-83.198398872,42.37906689
11451,1085407,REMINGTON,KLINGER,2017-07-16,16,7,2017,16,1,4,9,,,0,,1,1,1,25,2,2,2,4,0,0,0,1,false,,true,false,false,false,false,,,,,,false,false,false,,,false,false,false,false,false,-83.06981,42.44267,"{
  ""coordinates"": [
    -8.306980993000001e+01,
    4.244266713000010e+01
  ],
  ""type"": ""Point""
}","{
  ""coordinates"": [
    -83.06980993,
    42.44266713
  ],
  ""type"": ""Point""
}",-83.06980993,42.4426671300001
11452,1094236,SAN JUAN,CURTIS,2017-07-16,16,7,2017,5,1,8,9,,,0,,1,1,1,25,2,2,2,5,0,0,0,0,true,,false,false,false,false,false,,,,,,false,false,false,,,false,false,false,false,false,-83.14664,42.42455,"{
  ""coordinates"": [
    -8.314663485800000e+01,
    4.242454809300010e+01
  ],
  ""type"": ""Point""
}","{
  ""coordinates"": [
    -83.146634858,
    42.424548093
  ],
  ""type"": ""Point""
}",-83.146634858,42.4245480930001
11453,1086670,MCKINNEY,BRITAIN,2017-07-16,16,7,2017,20,1,4,9,,,0,,1,1,4,25,2,2,2,5,0,0,0,0,true,,true,false,true,false,false,,,,,,false,false,false,,,false,false,false,false,false,-82.94312,42.42045,"{
  ""coordinates"": [
    -8.294311390099990e+01,
    4.242045309000010e+01
  ],
  ""type"": ""Point""
}","{
  ""coordinates"": [
    -82.943113901,
    42.42045309
  ],
  ""type"": ""Point""
}",-82.9431139009999,42.4204530900001
11454,1084276,WYOMING,INTERVALE,2017-07-16,16,7,2017,3,1,97,9,,4,0,,1,1,4,30,2,2,2,4,0,0,0,2,false,,false,false,true,true,false,,,,,,false,false,true,,,false,false,false,false,false,-83.1592,42.39165,"{
  ""coordinates"": [
    -8.315920528100000e+01,
    4.239165625900010e+01
  ],
  ""type"": ""Point""
}","{
  ""coordinates"": [
    -83.159205281,
    42.391656259
  ],
  ""type"": ""Point""
}",-83.159205281,42.3916562590001
11455,1094158,GRAND RIVER,TEMPLE,2017-07-16,16,7,2017,22,1,4,3,,1,0,,1,1,4,30,3,2,3,4,0,0,0,1,false,,false,false,false,false,false,,,,,,false,false,false,,,false,false,false,false,false,-83.06599,42.33928,"{
  ""coordinates"": [
    -8.306599184800000e+01,
    4.233928114900000e+01
  ],
  ""type"": ""Point""
}","{
  ""coordinates"": [
    -83.065991848,
    42.339281149
  ],
  ""type"": ""Point""
}",-83.065991848,42.339281149
11456,1084293,ST JEAN,SHOEMAKER,2017-07-16,16,7,2017,13,1,8,9,,4,0,,1,1,1,35,5,2,2,5,0,0,0,0,true,,false,false,true,false,false,,,,,,false,false,true,,,false,false,false,false,false,-82.98579,42.39026,"{
  ""coordinates"": [
    -8.298579653900001e+01,
    4.239026325100010e+01
  ],
  ""type"": ""Point""
}","{
  ""coordinates"": [
    -82.985796539,
    42.390263251
  ],
  ""type"": ""Point""
}",-82.985796539,42.3902632510001
11457,1084301,JEFFERSON,ST AUBIN,2017-07-16,16,7,2017,0,1,5,9,,4,0,,1,1,4,35,6,2,1,5,0,0,0,0,true,,false,false,false,false,false,,,,,,false,false,false,,,false,false,false,false,false,-83.02781,42.33602,"{
  ""coordinates"": [
    -8.302780831299999e+01,
    4.233602195300010e+01
  ],
  ""type"": ""Point""
}","{
  ""coordinates"": [
    -83.027808313,
    42.336021953
  ],
  ""type"": ""Point""
}",-83.027808313,42.3360219530001
11458,1084308,8 MILE,LAHSER,2017-07-16,16,7,2017,2,1,4,3,,1,0,,1,1,4,40,4,2,1,3,0,0,1,0,false,,true,true,true,false,false,,,,,,false,false,false,,,false,false,false,false,false,-83.26092,42.44319,"{
  ""coordinates"": [
    -8.326091897299990e+01,
    4.244319047700000e+01
  ],
  ""type"": ""Point""
}","{
  ""coordinates"": [
    -83.260918973,
    42.443190477
  ],
  ""type"": ""Point""
}",-83.2609189729999,42.443190477
11459,1086673,CORNWALL,CADIEUX,2017-07-16,16,7,2017,17,1,5,9,,,3,,1,1,1,25,2,2,1,5,0,0,0,0,true,,false,false,true,false,false,,,,,,false,false,false,,,false,false,false,false,false,-82.92859,42.40469,"{
  ""coordinates"": [
    -8.292858811500000e+01,
    4.240469493200000e+01
  ],
  ""type"": ""Point""
}","{
  ""coordinates"": [
    -82.928588115,
    42.404694932
  ],
  ""type"": ""Point""
}",-82.928588115,42.404694932
11460,1086659,SPRINGWELLS,HOMER,2017-07-16,16,7,2017,22,1,8,9,,4,0,,1,1,4,35,2,2,1,5,0,0,0,0,true,,false,false,true,false,false,,,,,,false,false,true,,,false,false,false,false,false,-83.12267,42.30514,"{
  ""coordinates"": [
    -8.312266567400000e+01,
    4.230514320700010e+01
  ],
  ""type"": ""Point""
}","{
  ""coordinates"": [
    -83.122665674,
    42.305143207
  ],
  ""type"": ""Point""
}",-83.122665674,42.3051432070001
11461,1084310,CHALMERS,W I 94,2017-07-16,16,7,2017,1,1,97,1,,4,0,,1,1,4,30,4,3,4,4,0,0,0,1,false,,true,true,false,false,false,,,,,,false,false,true,,,false,false,false,false,false,-82.96426,42.40378,"{
  ""coordinates"": [
    -8.296425783200000e+01,
    4.240377655100010e+01
  ],
  ""type"": ""Point""
}","{
  ""coordinates"": [
    -82.964257832,
    42.403776551
  ],
  ""type"": ""Point""
}",-82.964257832,42.4037765510001