ObjectId,Crash ID,Primary Road,Intersecting Road,Crash Date,Day,Month,Year,Hour,Weekday,Crash Type Code,Highway Classification Code,Community Code,Jurisdiction Code,Lane Departure Type Code,Surface Type,Road Condition,Weather Condition,Lighting Condition,Speed Limit,Lanes,Units,Occupants,Most Severe Injury,Fatal Injuries,Suspected Serious Injuries,Suspected Minor Injuries,Possible Injuries,Property Damage Only,Secondary Crash,Traffic Control,Red Light Run,Hit and Run,Alcohol,Drugs,Unbelted Person,Work Zone,Speeding Driver,Distracted Driver,Driveway,Pedestrian,Elderly Driver,Young Driver,Commercial Vehicle,Emergency Vehicles,Train,School Bus,Motorcycle,Bicycle,Deer,Longitude,Latitude,geom,geog,x,y
11462,1084306,HESSEL,FENMORE,2017-07-16,16,7,2017,15,1,97,9,,,0,,1,1,1,25,2,2,2,4,0,0,0,1,false,,false,false,false,false,false,,,,,,true,false,false,,,false,false,false,false,false,-83.21845,42.44264,"{
  ""coordinates"": [
    -8.321845221300001e+01,
    4.244263715700000e+01
  ],
  ""type"": ""Point""
}","{
  ""coordinates"": [
    -83.218452213,
    42.442637157
  ],
  ""type"": ""Point""
}",-83.218452213,42.442637157
11463,1106155,VAN DYKE,BORTLE,2017-07-16,16,7,2017,4,1,1,9,,4,1,,1,1,4,35,2,1,3,5,0,0,0,0,true,,false,false,false,false,false,,,,,,false,false,false,,,false,false,false,false,false,-83.00367,42.36361,"{
  ""coordinates"": [
    -8.300366637499999e+01,
    4.236360830200000e+01
  ],
  ""type"": ""Point""
}","{
  ""coordinates"": [
    -83.003666375,
    42.363608302
  ],
  ""type"": ""Point""
}",-83.003666375,42.363608302
11464,1084296,GREENFIELD,BELTON,2017-07-16,16,7,2017,16,1,97,9,,2,0,,1,1,1,35,5,2,0,5,0,0,0,0,true,,false,false,true,false,false,,,,,,false,false,false,,,false,false,false,false,false,-83.1968,42.3543,"{
  ""coordinates"": [
    -8.319679760199990e+01,
    4.235430222800010e+01
  ],
  ""type"": ""Point""
}","{
  ""coordinates"": [
    -83.196797602,
    42.354302228
  ],
  ""type"": ""Point""
}",-83.1967976019999,42.3543022280001
11465,1084289,BEDFORD,OUTER,2017-07-16,16,7,2017,9,1,4,9,,,0,,1,1,1,0,6,2,2,5,0,0,0,0,true,,false,false,false,false,false,,,,,,false,false,false,,,false,false,false,false,false,-82.94414,42.40688,"{
  ""coordinates"": [
    -8.294413845500000e+01,
    4.240688262100010e+01
  ],
  ""type"": ""Point""
}","{
  ""coordinates"": [
    -82.944138455,
    42.406882621
  ],
  ""type"": ""Point""
}",-82.944138455,42.4068826210001
11466,1084230,W I 94,WOODWARD,2017-07-16,16,7,2017,13,1,5,1,,1,0,,1,1,1,55,3,2,3,5,0,0,0,0,true,,false,false,false,false,false,,,,,,false,false,true,,,false,false,false,false,false,-83.06923,42.36361,"{
  ""coordinates"": [
    -8.306922794699990e+01,
    4.236360495700010e+01
  ],
  ""type"": ""Point""
}","{
  ""coordinates"": [
    -83.069227947,
    42.363604957
  ],
  ""type"": ""Point""
}",-83.0692279469999,42.3636049570001
11467,1086589,M-8,I-96,2017-07-16,16,7,2017,16,1,1,3,,1,1,,1,2,1,55,3,1,1,2,0,1,0,0,false,,false,false,false,false,false,,,,,,false,false,true,,,false,false,false,false,false,-83.14604,42.3864,"{
  ""coordinates"": [
    -8.314604477499999e+01,
    4.238639788900010e+01
  ],
  ""type"": ""Point""
}","{
  ""coordinates"": [
    -83.146044775,
    42.386397889
  ],
  ""type"": ""Point""
}",-83.146044775,42.3863978890001
11468,1084285,VERNOR,MILITARY,2017-07-16,16,7,2017,0,1,98,9,,4,1,,1,1,4,25,2,2,0,5,0,0,0,0,true,,false,false,true,true,false,,,,,,true,false,false,,,false,false,false,false,false,-83.10655,42.3159,"{
  ""coordinates"": [
    -8.310655129299990e+01,
    4.231589732000000e+01
  ],
  ""type"": ""Point""
}","{
  ""coordinates"": [
    -83.106551293,
    42.31589732
  ],
  ""type"": ""Point""
}",-83.1065512929999,42.31589732
11469,1083435,JOHN R,CANFIELD,2017-07-16,16,7,2017,0,1,1,9,,4,1,,1,1,4,30,2,1,1,5,0,0,0,0,true,,false,false,false,true,false,,,,,,false,false,false,,,false,false,false,false,false,-83.05929,42.3535,"{
  ""coordinates"": [
    -8.305929079799991e+01,
    4.235350408500010e+01
  ],
  ""type"": ""Point""
}","{
  ""coordinates"": [
    -83.059290798,
    42.353504085
  ],
  ""type"": ""Point""
}",-83.0592907979999,42.3535040850001
11470,1087746,W/B I-94,GRATIOT,2017-07-16,16,7,2017,15,1,5,1,,1,0,,1,1,1,55,3,2,3,4,0,0,0,1,false,,false,false,false,false,false,,,,,,false,false,true,,,false,false,false,false,false,-83.00861,42.39083,"{
  ""coordinates"": [
    -8.300861684300000e+01,
    4.239082783600000e+01
  ],
  ""type"": ""Point""
}","{
  ""coordinates"": [
    -83.008616843,
    42.390827836
  ],
  ""type"": ""Point""
}",-83.008616843,42.390827836
11471,1084300,MOUNT ELLIOTT,W I 94,2017-07-16,16,7,2017,9,1,98,9,,4,0,,1,1,1,35,2,2,6,4,0,0,0,1,false,,true,true,false,false,false,,,,,,false,false,false,,,false,false,false,false,false,-83.03386,42.37928,"{
  ""coordinates"": [
    -8.303385606599990e+01,
    4.237927521700000e+01
  ],
  ""type"": ""Point""
}","{
  ""coordinates"": [
    -83.033856066,
    42.379275217
  ],
  ""type"": ""Point""
}",-83.0338560659999,42.379275217
11472,1094225,CHICAGO,STAHELIN,2017-07-16,16,7,2017,6,1,8,9,,4,0,,1,1,3,30,2,3,1,5,0,0,0,0,true,,false,false,false,false,false,,,,,,false,false,true,,,false,false,false,false,false,-83.22521,42.36491,"{
  ""coordinates"": [
    -8.322521259199991e+01,
    4.236491444900000e+01
  ],
  ""type"": ""Point""
}","{
  ""coordinates"": [
    -83.225212592,
    42.364914449
  ],
  ""type"": ""Point""
}",-83.2252125919999,42.364914449
11473,1084286,FORT,OAKWOOD,2017-07-16,16,7,2017,10,1,5,3,,1,0,,1,1,1,30,8,2,2,5,0,0,0,0,true,,false,false,false,false,false,,,,,,false,false,false,,,false,false,false,false,false,-83.14353,42.29039,"{
  ""coordinates"": [
    -8.314352821400000e+01,
    4.229039158500010e+01
  ],
  ""type"": ""Point""
}","{
  ""coordinates"": [
    -83.143528214,
    42.290391585
  ],
  ""type"": ""Point""
}",-83.143528214,42.2903915850001
11474,1084315,TACOMA,MONARCH,2017-07-16,16,7,2017,18,1,4,9,,,0,,1,1,1,25,2,2,2,5,0,0,0,0,true,,false,false,false,false,false,,,,,,false,false,true,,,false,false,false,false,false,-82.97183,42.44168,"{
  ""coordinates"": [
    -8.297183079599991e+01,
    4.244168247300010e+01
  ],
  ""type"": ""Point""
}","{
  ""coordinates"": [
    -82.971830796,
    42.441682473
  ],
  ""type"": ""Point""
}",-82.9718307959999,42.4416824730001
11475,1084280,PLYMOUTH,MARK TWAIN,2017-07-16,16,7,2017,6,1,3,9,,4,0,,1,1,1,30,4,2,2,4,0,0,0,1,false,,false,false,false,false,false,,,,,,false,false,false,,,false,false,true,false,false,-83.18532,42.37289,"{
  ""coordinates"": [
    -8.318531585400000e+01,
    4.237288988500010e+01
  ],
  ""type"": ""Point""
}","{
  ""coordinates"": [
    -83.185315854,
    42.372889885
  ],
  ""type"": ""Point""
}",-83.185315854,42.3728898850001
11476,1085368,JOHN R,CANFIELD,2017-07-16,16,7,2017,15,1,4,9,,4,0,,1,1,1,30,2,2,2,5,0,0,0,0,true,,true,true,false,false,false,,,,,,false,false,false,,,false,false,false,false,false,-83.05949,42.3538,"{
  ""coordinates"": [
    -8.305949441900000e+01,
    4.235380217600000e+01
  ],
  ""type"": ""Point""
}","{
  ""coordinates"": [
    -83.059494419,
    42.353802176
  ],
  ""type"": ""Point""
}",-83.059494419,42.353802176
11477,1084273,AMERICAN,TIREMAN,2017-07-16,16,7,2017,15,1,4,9,,,0,,1,1,1,25,2,2,2,5,0,0,0,0,true,,false,false,false,false,false,,,,,,false,false,false,,,false,false,false,false,false,-83.14423,42.35186,"{
  ""coordinates"": [
    -8.314423715100000e+01,
    4.235186092600000e+01
  ],
  ""type"": ""Point""
}","{
  ""coordinates"": [
    -83.144237151,
    42.351860926
  ],
  ""type"": ""Point""
}",-83.144237151,42.351860926
11478,1085410,APPOLINE,FLORENCE,2017-07-16,16,7,2017,2,1,9,9,,,0,,1,1,4,25,2,2,3,5,0,0,0,0,true,,false,false,false,false,false,,,,,,false,false,false,,,false,false,false,false,false,-83.17094,42.41191,"{
  ""coordinates"": [
    -8.317093828000000e+01,
    4.241190722500000e+01
  ],
  ""type"": ""Point""
}","{
  ""coordinates"": [
    -83.17093828,
    42.411907225
  ],
  ""type"": ""Point""
}",-83.17093828,42.411907225
11479,1084303,I-94 SERVICE,HARPER,2017-07-16,16,7,2017,10,1,2,9,,4,2,,1,1,1,0,2,2,2,5,0,0,0,0,true,,false,false,false,false,false,,,,,,false,false,false,,,false,false,false,false,false,-82.92944,42.42289,"{
  ""coordinates"": [
    -8.292943427400000e+01,
    4.242288897400000e+01
  ],
  ""type"": ""Point""
}","{
  ""coordinates"": [
    -82.929434274,
    42.422888974
  ],
  ""type"": ""Point""
}",-82.929434274,42.422888974
11480,1084294,SOUTHFIELD SERVICE,WARREN,2017-07-16,16,7,2017,10,1,8,3,,1,0,,1,1,1,35,3,2,2,5,0,0,0,0,true,,false,false,true,false,false,,,,,,false,false,false,,,false,false,false,false,false,-83.21622,42.34337,"{
  ""coordinates"": [
    -8.321622667699999e+01,
    4.234337274700000e+01
  ],
  ""type"": ""Point""
}","{
  ""coordinates"": [
    -83.216226677,
    42.343372747
  ],
  ""type"": ""Point""
}",-83.216226677,42.343372747
11481,1084229,W I 94,RAMP 216G,2017-07-16,16,7,2017,7,1,5,1,,1,0,,1,1,1,55,2,3,3,5,0,0,0,0,true,,false,false,false,false,false,,,,,,false,true,false,,,false,false,false,false,false,-83.05442,42.37107,"{
  ""coordinates"": [
    -8.305441966300000e+01,
    4.237107516100010e+01
  ],
  ""type"": ""Point""
}","{
  ""coordinates"": [
    -83.054419663,
    42.371075161
  ],
  ""type"": ""Point""
}",-83.054419663,42.3710751610001
11482,1091404,GLENDALE,OUTER,2017-07-16,16,7,2017,18,1,4,9,,,0,,1,1,1,0,2,2,1,5,0,0,0,0,true,,false,false,false,false,false,,,,,,false,true,false,,,false,false,false,false,false,-83.26133,42.38006,"{
  ""coordinates"": [
    -8.326133009700000e+01,
    4.238006324600010e+01
  ],
  ""type"": ""Point""
}","{
  ""coordinates"": [
    -83.261330097,
    42.380063246
  ],
  ""type"": ""Point""
}",-83.261330097,42.3800632460001
11483,1086585,I-94,CHENE,2017-07-16,16,7,2017,17,1,1,1,,1,1,,1,1,1,55,4,1,2,5,0,0,0,0,true,,false,false,false,false,false,,,,,,false,false,true,,,false,false,false,false,false,-83.0467,42.37418,"{
  ""coordinates"": [
    -8.304669770700001e+01,
    4.237417959600000e+01
  ],
  ""type"": ""Point""
}","{
  ""coordinates"": [
    -83.046697707,
    42.374179596
  ],
  ""type"": ""Point""
}",-83.046697707,42.374179596
11484,1085386,MEMORIAL,TIREMAN,2017-07-16,16,7,2017,18,1,9,9,,,2,,1,2,1,25,2,2,3,5,0,0,0,0,true,,false,false,false,false,false,,,,,,false,true,false,,,false,false,false,false,false,-83.21069,42.3505,"{
  ""coordinates"": [
    -8.321069303400000e+01,
    4.235049680900000e+01
  ],
  ""type"": ""Point""
}","{
  ""coordinates"": [
    -83.210693034,
    42.350496809
  ],
  ""type"": ""Point""
}",-83.210693034,42.350496809
11485,1087790,LIVERNOIS,BUENA,2017-07-16,16,7,2017,22,1,5,9,,4,0,,1,1,4,0,6,3,1,5,0,0,0,0,true,,false,false,true,false,false,,,,,,false,false,false,,,false,false,false,false,false,-83.13954,42.38389,"{
  ""coordinates"": [
    -8.313954136699989e+01,
    4.238389100300000e+01
  ],
  ""type"": ""Point""
}","{
  ""coordinates"": [
    -83.139541367,
    42.383891003
  ],
  ""type"": ""Point""
}",-83.1395413669999,42.383891003
11486,1084316,HARPER,HAYES,2017-07-16,16,7,2017,4,1,4,9,,4,0,,1,1,4,30,5,2,5,5,0,0,0,0,true,,false,false,true,false,false,,,,,,false,false,false,,,false,false,false,false,false,-82.96429,42.40475,"{
  ""coordinates"": [
    -8.296429198200001e+01,
    4.240475562400010e+01
  ],
  ""type"": ""Point""
}","{
  ""coordinates"": [
    -82.964291982,
    42.404755624
  ],
  ""type"": ""Point""
}",-82.964291982,42.4047556240001
11487,1084312,8 MILE,HAYES,2017-07-15,15,7,2017,17,7,8,3,,1,0,,1,1,1,40,4,2,3,5,0,0,0,0,true,,false,false,false,false,false,,,,,,false,false,false,,,false,false,false,false,false,-82.96609,42.44989,"{
  ""coordinates"": [
    -8.296608734199999e+01,
    4.244989323500000e+01
  ],
  ""type"": ""Point""
}","{
  ""coordinates"": [
    -82.966087342,
    42.449893235
  ],
  ""type"": ""Point""
}",-82.966087342,42.449893235
11488,1083415,DEXTER,GLENDALE,2017-07-15,15,7,2017,17,7,4,9,,4,0,,1,1,1,30,4,2,4,4,0,0,0,1,false,,false,false,false,false,false,,,,,,false,true,false,,,false,false,false,false,false,-83.12918,42.38724,"{
  ""coordinates"": [
    -8.312917810099999e+01,
    4.238724146500000e+01
  ],
  ""type"": ""Point""
}","{
  ""coordinates"": [
    -83.129178101,
    42.387241465
  ],
  ""type"": ""Point""
}",-83.129178101,42.387241465
11489,1087834,GREENFIELD,FARGO,2017-07-15,15,7,2017,10,7,1,9,,2,0,,1,1,1,35,4,1,2,3,0,0,1,1,false,,false,false,false,false,false,,,,,,false,false,true,,,false,false,false,false,false,-83.20026,42.43948,"{
  ""coordinates"": [
    -8.320025659700001e+01,
    4.243948042400010e+01
  ],
  ""type"": ""Point""
}","{
  ""coordinates"": [
    -83.200256597,
    42.439480424
  ],
  ""type"": ""Point""
}",-83.200256597,42.4394804240001
11490,1099364,NAVAHOE,FREUD,2017-07-15,15,7,2017,7,7,1,9,,,0,,1,1,98,20,1,1,0,5,0,0,0,0,true,,false,false,false,false,false,,,,,,false,false,false,,,false,false,false,false,false,-82.95487,42.36536,"{
  ""coordinates"": [
    -8.295487398400000e+01,
    4.236535658000000e+01
  ],
  ""type"": ""Point""
}","{
  ""coordinates"": [
    -82.954873984,
    42.36535658
  ],
  ""type"": ""Point""
}",-82.954873984,42.36535658
11491,1084271,GRAND RIVER,14TH,2017-07-15,15,7,2017,14,7,4,3,,1,0,,1,1,1,30,9,2,4,3,0,0,1,0,false,,false,false,false,false,false,,,,,,false,false,true,,,false,false,false,false,false,-83.08551,42.34717,"{
  ""coordinates"": [
    -8.308550997200000e+01,
    4.234717086300000e+01
  ],
  ""type"": ""Point""
}","{
  ""coordinates"": [
    -83.085509972,
    42.347170863
  ],
  ""type"": ""Point""
}",-83.085509972,42.347170863
11492,1083402,GRATIOT,HOUSTON WHITTIER,2017-07-15,15,7,2017,2,7,5,3,,1,0,,1,1,4,35,2,2,3,4,0,0,0,1,false,,false,false,false,false,false,,,,,,false,false,false,,,false,false,false,false,false,-82.9875,42.42019,"{
  ""coordinates"": [
    -8.298749615100000e+01,
    4.242019419900000e+01
  ],
  ""type"": ""Point""
}","{
  ""coordinates"": [
    -82.987496151,
    42.420194199
  ],
  ""type"": ""Point""
}",-82.987496151,42.420194199
11493,1084313,HAYES,WADE,2017-07-15,15,7,2017,13,7,4,9,,4,0,,1,1,1,30,2,2,2,4,0,0,0,1,false,,false,false,false,false,false,,,,,,false,true,false,,,false,false,false,false,false,-82.96449,42.4086,"{
  ""coordinates"": [
    -8.296449645000000e+01,
    4.240859437400010e+01
  ],
  ""type"": ""Point""
}","{
  ""coordinates"": [
    -82.96449645,
    42.408594374
  ],
  ""type"": ""Point""
}",-82.96449645,42.4085943740001
11494,1086667,HARPER,WHITTIER,2017-07-15,15,7,2017,22,7,4,9,,4,0,,1,1,4,35,4,2,2,4,0,0,0,2,false,,false,false,false,false,false,,,,,,false,true,false,,,false,false,false,false,false,-82.94237,42.41247,"{
  ""coordinates"": [
    -8.294236597100000e+01,
    4.241246833800010e+01
  ],
  ""type"": ""Point""
}","{
  ""coordinates"": [
    -82.942365971,
    42.412468338
  ],
  ""type"": ""Point""
}",-82.942365971,42.4124683380001
11495,1083387,TELEGRAPH,SHIAWASSEE,2017-07-15,15,7,2017,14,7,5,2,,1,0,,1,1,1,45,4,3,4,4,0,0,0,1,false,,false,false,false,false,false,,,,,,false,false,false,,,false,false,false,false,false,-83.27867,42.43824,"{
  ""coordinates"": [
    -8.327867136099999e+01,
    4.243824054000000e+01
  ],
  ""type"": ""Point""
}","{
  ""coordinates"": [
    -83.278671361,
    42.43824054
  ],
  ""type"": ""Point""
}",-83.278671361,42.43824054
11496,1083365,PLYMOUTH,EVERGREEN,2017-07-15,15,7,2017,15,7,97,9,,4,0,,1,1,1,35,4,3,4,4,0,0,0,3,false,,false,false,false,false,false,,,,,,false,false,false,,,false,false,false,false,false,-83.23624,42.3719,"{
  ""coordinates"": [
    -8.323623370999999e+01,
    4.237189722800010e+01
  ],
  ""type"": ""Point""
}","{
  ""coordinates"": [
    -83.23623371,
    42.371897228
  ],
  ""type"": ""Point""
}",-83.23623371,42.3718972280001
11497,1110330,SCHAEFER,ELECTRIC,2017-07-15,15,7,2017,18,7,4,9,,2,0,,1,1,1,35,6,2,3,4,0,0,0,1,false,,false,false,false,false,false,,,,,,false,true,false,,,false,false,false,false,false,-83.15296,42.27543,"{
  ""coordinates"": [
    -8.315296337300001e+01,
    4.227543314300000e+01
  ],
  ""type"": ""Point""
}","{
  ""coordinates"": [
    -83.152963373,
    42.275433143
  ],
  ""type"": ""Point""
}",-83.152963373,42.275433143
11498,1083386,7 MILE,STAHELIN,2017-07-15,15,7,2017,12,7,97,9,,2,0,,1,1,1,35,4,2,3,5,0,0,0,0,true,,false,false,false,false,false,,,,,,false,false,true,,,false,false,false,false,false,-83.22804,42.42987,"{
  ""coordinates"": [
    -8.322804603400000e+01,
    4.242986565100010e+01
  ],
  ""type"": ""Point""
}","{
  ""coordinates"": [
    -83.228046034,
    42.429865651
  ],
  ""type"": ""Point""
}",-83.228046034,42.4298656510001
11499,1098418,RYAN,STOCKTON,2017-07-15,15,7,2017,21,7,97,9,,4,0,,1,1,1,0,2,2,2,5,0,0,0,0,true,,false,false,true,false,false,,,,,,false,false,false,,,false,false,false,false,false,-83.06279,42.42759,"{
  ""coordinates"": [
    -8.306279175500001e+01,
    4.242759281000010e+01
  ],
  ""type"": ""Point""
}","{
  ""coordinates"": [
    -83.062791755,
    42.42759281
  ],
  ""type"": ""Point""
}",-83.062791755,42.4275928100001
11500,1084317,MINNEAPOLIS,CADIEUX,2017-07-15,15,7,2017,10,7,2,9,,,2,,1,1,1,25,2,2,0,5,0,0,0,0,true,,false,false,true,false,false,,,,,,false,false,false,,,false,false,false,false,false,-82.92549,42.40016,"{
  ""coordinates"": [
    -8.292549129600000e+01,
    4.240015770400000e+01
  ],
  ""type"": ""Point""
}","{
  ""coordinates"": [
    -82.925491296,
    42.400157704
  ],
  ""type"": ""Point""
}",-82.925491296,42.400157704
11501,1085332,I-94,MT ELLIOT,2017-07-15,15,7,2017,2,7,8,1,,1,0,,1,1,1,55,3,2,1,5,0,0,0,0,true,,false,false,true,false,false,,,,,,false,false,false,,,false,false,false,false,false,-83.03536,42.3785,"{
  ""coordinates"": [
    -8.303536182600000e+01,
    4.237849803500010e+01
  ],
  ""type"": ""Point""
}","{
  ""coordinates"": [
    -83.035361826,
    42.378498035
  ],
  ""type"": ""Point""
}",-83.035361826,42.3784980350001
11502,1084297,WOODMONT,SCHOOLCRAFT,2017-07-15,15,7,2017,19,7,9,9,,,2,,1,1,1,25,2,2,1,5,0,0,0,0,true,,false,false,true,false,false,,,,,,false,false,false,,,false,false,false,false,false,-83.20928,42.38705,"{
  ""coordinates"": [
    -8.320928458200000e+01,
    4.238704866100010e+01
  ],
  ""type"": ""Point""
}","{
  ""coordinates"": [
    -83.209284582,
    42.387048661
  ],
  ""type"": ""Point""
}",-83.209284582,42.3870486610001
11503,1089807,CALVERT,12 TH,2017-07-15,15,7,2017,23,7,97,9,,4,1,,98,98,5,0,5,2,0,3,0,0,1,0,false,,false,false,true,false,false,,,,,,true,false,false,,,false,false,false,false,false,-83.10389,42.38292,"{
  ""coordinates"": [
    -8.310388565200000e+01,
    4.238291929000010e+01
  ],
  ""type"": ""Point""
}","{
  ""coordinates"": [
    -83.103885652,
    42.38291929
  ],
  ""type"": ""Point""
}",-83.103885652,42.3829192900001
11504,1083375,HELEN,CANFIELD,2017-07-15,15,7,2017,3,7,8,9,,,0,,1,1,3,25,2,2,0,5,0,0,0,0,true,,false,false,true,false,false,,,,,,false,false,false,,,false,false,false,false,false,-83.01777,42.36888,"{
  ""coordinates"": [
    -8.301776898000000e+01,
    4.236887659500010e+01
  ],
  ""type"": ""Point""
}","{
  ""coordinates"": [
    -83.01776898,
    42.368876595
  ],
  ""type"": ""Point""
}",-83.01776898,42.3688765950001
11505,1084282,SUSSEX,ORANGELAWN,2017-07-15,15,7,2017,10,7,4,9,,,0,,1,1,1,25,2,2,2,4,0,0,0,1,false,,false,false,false,false,false,,,,,,false,false,true,,,false,false,false,false,false,-83.19409,42.36793,"{
  ""coordinates"": [
    -8.319409161899991e+01,
    4.236792574300010e+01
  ],
  ""type"": ""Point""
}","{
  ""coordinates"": [
    -83.194091619,
    42.367925743
  ],
  ""type"": ""Point""
}",-83.1940916189999,42.3679257430001
11506,1083421,MC NICHOLS,LAUDER,2017-07-15,15,7,2017,0,7,5,9,,2,0,,1,1,4,30,4,2,3,3,0,0,2,1,false,,false,false,false,true,true,,,,,,false,false,true,,,false,false,false,false,false,-83.19204,42.41634,"{
  ""coordinates"": [
    -8.319203624700000e+01,
    4.241634485200010e+01
  ],
  ""type"": ""Point""
}","{
  ""coordinates"": [
    -83.192036247,
    42.416344852
  ],
  ""type"": ""Point""
}",-83.192036247,42.4163448520001
11507,1084321,WOODWARD,8 MILE,2017-07-15,15,7,2017,23,7,4,3,,1,0,,1,1,4,35,3,2,3,5,0,0,0,0,true,,false,false,false,true,false,,,,,,false,false,false,,,false,false,false,false,false,-83.12502,42.44651,"{
  ""coordinates"": [
    -8.312502419600000e+01,
    4.244650882400000e+01
  ],
  ""type"": ""Point""
}","{
  ""coordinates"": [
    -83.125024196,
    42.446508824
  ],
  ""type"": ""Point""
}",-83.125024196,42.446508824
11508,1088979,WHITMORE,3RD,2017-07-15,15,7,2017,8,7,2,9,,,2,,1,1,4,25,1,2,0,5,0,0,0,0,true,,false,false,true,false,false,,,,,,false,false,false,,,false,false,false,false,false,-83.11345,42.41961,"{
  ""coordinates"": [
    -8.311345020300000e+01,
    4.241960612500000e+01
  ],
  ""type"": ""Point""
}","{
  ""coordinates"": [
    -83.113450203,
    42.419606125
  ],
  ""type"": ""Point""
}",-83.113450203,42.419606125
11509,1083371,BURT,7 MILE,2017-07-15,15,7,2017,16,7,4,9,,,0,,1,1,1,35,4,2,2,5,0,0,0,0,true,,false,false,false,false,false,,,,,,false,true,true,,,false,false,false,false,false,-83.24852,42.42934,"{
  ""coordinates"": [
    -8.324852275500000e+01,
    4.242934365100010e+01
  ],
  ""type"": ""Point""
}","{
  ""coordinates"": [
    -83.248522755,
    42.429343651
  ],
  ""type"": ""Point""
}",-83.248522755,42.4293436510001
11510,1088924,7 MILE,HAYES,2017-07-15,15,7,2017,14,7,4,9,,2,0,,1,1,1,35,4,2,3,5,0,0,0,0,true,,true,true,false,false,false,,,,,,false,false,true,,,false,false,false,false,false,-82.96547,42.43543,"{
  ""coordinates"": [
    -8.296546658800000e+01,
    4.243542984100000e+01
  ],
  ""type"": ""Point""
}","{
  ""coordinates"": [
    -82.965466588,
    42.435429841
  ],
  ""type"": ""Point""
}",-82.965466588,42.435429841
11511,1083351,BEATRICE,VISGER,2017-07-15,15,7,2017,15,7,1,9,,,0,,1,1,1,25,2,2,2,3,0,0,1,0,false,,false,false,false,false,false,,,,,,false,false,false,,,false,false,false,true,false,-83.15656,42.26606,"{
  ""coordinates"": [
    -8.315655778800000e+01,
    4.226605779200000e+01
  ],
  ""type"": ""Point""
}","{
  ""coordinates"": [
    -83.156557788,
    42.266057792
  ],
  ""type"": ""Point""
}",-83.156557788,42.266057792
11512,1088971,MEYERS,PICKFORD,2017-07-15,15,7,2017,19,7,4,9,,4,0,,1,1,1,30,4,2,2,3,0,0,2,1,false,,true,false,false,false,false,,,,,,false,false,true,,,false,false,false,false,false,-83.17049,42.42583,"{
  ""coordinates"": [
    -8.317049728700000e+01,
    4.242583196400010e+01
  ],
  ""type"": ""Point""
}","{
  ""coordinates"": [
    -83.170497287,
    42.425831964
  ],
  ""type"": ""Point""
}",-83.170497287,42.4258319640001
11513,1083350,WILLETTE,CICOTTE,2017-07-15,15,7,2017,20,7,8,9,,,0,,1,1,1,20,2,2,0,5,0,0,0,0,true,,false,false,true,false,false,,,,,,false,false,false,,,false,false,false,false,false,-83.13132,42.34223,"{
  ""coordinates"": [
    -8.313132773099990e+01,
    4.234223050400000e+01
  ],
  ""type"": ""Point""
}","{
  ""coordinates"": [
    -83.131327731,
    42.342230504
  ],
  ""type"": ""Point""
}",-83.1313277309999,42.342230504
11514,1083349,W I 94 SERVICE DRIVE,MARTIN,2017-07-15,15,7,2017,0,7,4,9,,,0,,1,1,4,30,2,2,2,5,0,0,0,0,true,,false,false,true,false,false,,,,,,false,false,false,,,false,false,false,false,false,-83.13062,42.33562,"{
  ""coordinates"": [
    -8.313061223100000e+01,
    4.233562147600000e+01
  ],
  ""type"": ""Point""
}","{
  ""coordinates"": [
    -83.130612231,
    42.335621476
  ],
  ""type"": ""Point""
}",-83.130612231,42.335621476
11515,1102469,OUTER,KENTFIELD,2017-07-15,15,7,2017,15,7,4,9,,2,0,,1,1,1,25,2,2,2,3,0,0,1,0,false,,false,false,true,false,false,,,,,,false,false,true,,,false,false,false,false,false,-83.24045,42.39785,"{
  ""coordinates"": [
    -8.324044672699991e+01,
    4.239784618300010e+01
  ],
  ""type"": ""Point""
}","{
  ""coordinates"": [
    -83.240446727,
    42.397846183
  ],
  ""type"": ""Point""
}",-83.2404467269999,42.3978461830001
11516,1087833,HOLLYWOOD,WOODWARD,2017-07-15,15,7,2017,15,7,97,3,,,0,,1,1,1,0,2,2,1,4,0,0,0,1,false,,false,false,false,false,false,,,,,,true,false,false,,,false,false,false,false,false,-83.11387,42.4305,"{
  ""coordinates"": [
    -8.311386892800000e+01,
    4.243049553000000e+01
  ],
  ""type"": ""Point""
}","{
  ""coordinates"": [
    -83.113868928,
    42.43049553
  ],
  ""type"": ""Point""
}",-83.113868928,42.43049553
11517,1090642,TELEGRAPH,8 MILE,2017-07-15,15,7,2017,15,7,5,2,,1,0,,1,1,1,45,3,2,2,5,0,0,0,0,true,,false,false,false,false,false,,,,,,false,true,false,,,false,false,false,false,false,-83.27831,42.44272,"{
  ""coordinates"": [
    -8.327830416700000e+01,
    4.244271801700010e+01
  ],
  ""type"": ""Point""
}","{
  ""coordinates"": [
    -83.278304167,
    42.442718017
  ],
  ""type"": ""Point""
}",-83.278304167,42.4427180170001
11518,1111502,GREENFIELD,GLENDALE,2017-07-15,15,7,2017,5,7,1,9,,2,0,,1,1,4,35,7,1,1,3,0,0,1,0,false,,false,false,false,false,false,,,,,,false,false,false,,,false,false,true,false,false,-83.19801,42.38248,"{
  ""coordinates"": [
    -8.319800685900000e+01,
    4.238248340800000e+01
  ],
  ""type"": ""Point""
}","{
  ""coordinates"": [
    -83.198006859,
    42.382483408
  ],
  ""type"": ""Point""
}",-83.198006859,42.382483408