ObjectId,Crash ID,Primary Road,Intersecting Road,Crash Date,Day,Month,Year,Hour,Weekday,Crash Type Code,Highway Classification Code,Community Code,Jurisdiction Code,Lane Departure Type Code,Surface Type,Road Condition,Weather Condition,Lighting Condition,Speed Limit,Lanes,Units,Occupants,Most Severe Injury,Fatal Injuries,Suspected Serious Injuries,Suspected Minor Injuries,Possible Injuries,Property Damage Only,Secondary Crash,Traffic Control,Red Light Run,Hit and Run,Alcohol,Drugs,Unbelted Person,Work Zone,Speeding Driver,Distracted Driver,Driveway,Pedestrian,Elderly Driver,Young Driver,Commercial Vehicle,Emergency Vehicles,Train,School Bus,Motorcycle,Bicycle,Deer,Longitude,Latitude,geom,geog,x,y
11804,1079650,PURITAN,WHITCOMB,2017-07-10,10,7,2017,20,2,4,9,,4,0,,1,1,4,25,2,2,2,5,0,0,0,0,true,,false,false,false,false,false,,,,,,false,false,true,,,false,false,false,false,false,-83.1964,42.40884,"{
  ""coordinates"": [
    -8.319640154599990e+01,
    4.240883731800010e+01
  ],
  ""type"": ""Point""
}","{
  ""coordinates"": [
    -83.196401546,
    42.408837318
  ],
  ""type"": ""Point""
}",-83.1964015459999,42.4088373180001
11805,1082151,SCHAEFER,SCHOOLCRAFT,2017-07-10,10,7,2017,15,2,8,9,,4,0,,1,2,1,30,2,2,5,5,0,0,0,0,true,,false,false,false,false,false,,,,,,false,false,false,,,false,false,false,false,false,-83.17853,42.38801,"{
  ""coordinates"": [
    -8.317852678100000e+01,
    4.238800926700000e+01
  ],
  ""type"": ""Point""
}","{
  ""coordinates"": [
    -83.178526781,
    42.388009267
  ],
  ""type"": ""Point""
}",-83.178526781,42.388009267
11806,1080445,M-10,CHICAGO,2017-07-10,10,7,2017,17,2,5,3,,1,0,,1,1,1,55,3,3,3,5,0,0,0,0,true,,false,false,false,false,false,,,,,,false,false,true,,,false,false,false,false,false,-83.09431,42.38232,"{
  ""coordinates"": [
    -8.309430317800000e+01,
    4.238231484600000e+01
  ],
  ""type"": ""Point""
}","{
  ""coordinates"": [
    -83.094303178,
    42.382314846
  ],
  ""type"": ""Point""
}",-83.094303178,42.382314846
11807,1081365,LAFAYETTE,THIRD,2017-07-10,10,7,2017,12,2,4,9,,4,0,,2,4,1,25,4,2,2,4,0,0,0,1,false,,true,true,false,false,false,,,,,,false,false,false,,,false,false,false,false,false,-83.05502,42.32861,"{
  ""coordinates"": [
    -8.305502302500000e+01,
    4.232860739900010e+01
  ],
  ""type"": ""Point""
}","{
  ""coordinates"": [
    -83.055023025,
    42.328607399
  ],
  ""type"": ""Point""
}",-83.055023025,42.3286073990001
11808,1080497,DAVISON CROSSOVER,LIVERNOIS,2017-07-10,10,7,2017,2,2,5,3,,1,0,,2,4,1,30,3,3,3,5,0,0,0,0,true,,false,false,false,false,false,,,,,,false,true,false,,,false,false,false,false,false,-83.13879,42.38676,"{
  ""coordinates"": [
    -8.313879448700000e+01,
    4.238675570300010e+01
  ],
  ""type"": ""Point""
}","{
  ""coordinates"": [
    -83.138794487,
    42.386755703
  ],
  ""type"": ""Point""
}",-83.138794487,42.3867557030001
11809,1080437,N/B I-75,DEARBORN,2017-07-10,10,7,2017,14,2,8,1,,1,0,,2,4,1,70,3,3,3,4,0,0,0,1,false,,false,false,false,false,false,,,,,,false,false,true,,,false,false,false,false,false,-83.12657,42.29499,"{
  ""coordinates"": [
    -8.312657010500000e+01,
    4.229498579500010e+01
  ],
  ""type"": ""Point""
}","{
  ""coordinates"": [
    -83.126570105,
    42.294985795
  ],
  ""type"": ""Point""
}",-83.126570105,42.2949857950001
11810,1080439,M 10,DAVISON,2017-07-10,10,7,2017,9,2,5,3,,1,0,,2,4,1,55,4,2,2,5,0,0,0,0,true,,false,false,false,false,false,,,,,,false,false,false,,,false,false,false,false,false,-83.11095,42.39836,"{
  ""coordinates"": [
    -8.311094412200001e+01,
    4.239836186100010e+01
  ],
  ""type"": ""Point""
}","{
  ""coordinates"": [
    -83.110944122,
    42.398361861
  ],
  ""type"": ""Point""
}",-83.110944122,42.3983618610001
11811,1085376,SECOND,ALEXANDRINE,2017-07-10,10,7,2017,17,2,4,9,,4,0,,1,1,1,0,2,2,2,5,0,0,0,0,true,,false,false,false,false,false,,,,,,false,false,false,,,false,false,false,false,false,-83.06515,42.34871,"{
  ""coordinates"": [
    -8.306514956599990e+01,
    4.234871114500000e+01
  ],
  ""type"": ""Point""
}","{
  ""coordinates"": [
    -83.065149566,
    42.348711145
  ],
  ""type"": ""Point""
}",-83.0651495659999,42.348711145
11812,1079669,BEAVERLAND,BELTON,2017-07-10,10,7,2017,17,2,4,9,,,0,,1,1,1,25,2,2,6,4,0,0,0,2,false,,false,false,false,false,false,,,,,,false,false,false,,,false,false,false,false,false,-83.26326,42.35205,"{
  ""coordinates"": [
    -8.326326201599990e+01,
    4.235204669300000e+01
  ],
  ""type"": ""Point""
}","{
  ""coordinates"": [
    -83.263262016,
    42.352046693
  ],
  ""type"": ""Point""
}",-83.2632620159999,42.352046693
11813,1083321,I-75,HOLBROOK,2017-07-10,10,7,2017,11,2,8,1,,1,0,,2,4,1,55,4,2,2,5,0,0,0,0,true,,false,false,false,false,false,,,,,,false,false,false,,,false,false,false,false,false,-83.06593,42.38333,"{
  ""coordinates"": [
    -8.306593142700000e+01,
    4.238332770600000e+01
  ],
  ""type"": ""Point""
}","{
  ""coordinates"": [
    -83.065931427,
    42.383327706
  ],
  ""type"": ""Point""
}",-83.065931427,42.383327706
11814,1079684,CONANT,MCNICHOLS,2017-07-10,10,7,2017,16,2,3,9,,4,0,,1,1,1,30,6,2,3,4,0,0,0,2,false,,false,false,false,false,false,,,,,,false,false,true,,,false,false,false,false,false,-83.06361,42.41866,"{
  ""coordinates"": [
    -8.306360607999990e+01,
    4.241865977700010e+01
  ],
  ""type"": ""Point""
}","{
  ""coordinates"": [
    -83.06360608,
    42.418659777
  ],
  ""type"": ""Point""
}",-83.0636060799999,42.4186597770001
11815,1081374,JOY,N M 39,2017-07-10,10,7,2017,14,2,97,9,,2,0,,1,4,1,35,4,2,1,5,0,0,0,0,true,,false,false,true,false,false,,,,,,false,false,true,,,false,false,false,false,false,-83.21645,42.35785,"{
  ""coordinates"": [
    -8.321645359300000e+01,
    4.235785388400010e+01
  ],
  ""type"": ""Point""
}","{
  ""coordinates"": [
    -83.216453593,
    42.357853884
  ],
  ""type"": ""Point""
}",-83.216453593,42.3578538840001
11816,1079677,BRITIAN,CADIEUX,2017-07-10,10,7,2017,23,2,8,9,,,0,,1,1,5,0,2,2,1,5,0,0,0,0,true,,false,false,true,false,false,,,,,,false,false,false,,,false,false,false,false,false,-82.9385,42.41862,"{
  ""coordinates"": [
    -8.293849570200000e+01,
    4.241861913800010e+01
  ],
  ""type"": ""Point""
}","{
  ""coordinates"": [
    -82.938495702,
    42.418619138
  ],
  ""type"": ""Point""
}",-82.938495702,42.4186191380001
11817,1083313,S/B M-39,MCNICHOLS,2017-07-10,10,7,2017,19,2,97,3,,1,0,,1,1,1,55,3,2,2,5,0,0,0,0,true,,false,false,false,false,false,,,,,,false,false,false,,,false,false,false,false,false,-83.21889,42.41692,"{
  ""coordinates"": [
    -8.321889421100001e+01,
    4.241692337300000e+01
  ],
  ""type"": ""Point""
}","{
  ""coordinates"": [
    -83.218894211,
    42.416923373
  ],
  ""type"": ""Point""
}",-83.218894211,42.416923373
11818,1085362,MICHIGAN,ROSA PARKS,2017-07-10,10,7,2017,15,2,5,2,,1,0,,2,4,1,35,2,2,3,5,0,0,0,0,true,,false,false,false,false,false,,,,,,false,false,false,,,false,false,false,false,false,-83.07188,42.3314,"{
  ""coordinates"": [
    -8.307187677300000e+01,
    4.233139788900010e+01
  ],
  ""type"": ""Point""
}","{
  ""coordinates"": [
    -83.071876773,
    42.331397889
  ],
  ""type"": ""Point""
}",-83.071876773,42.3313978890001
11819,1079659,MICHIGAN,LIVERNOIS,2017-07-10,10,7,2017,16,2,8,2,,1,0,,1,1,1,35,5,2,2,5,0,0,0,0,true,,false,false,false,false,false,,,,,,false,false,false,,,false,false,false,false,false,-83.12061,42.33112,"{
  ""coordinates"": [
    -8.312060721899999e+01,
    4.233111964200000e+01
  ],
  ""type"": ""Point""
}","{
  ""coordinates"": [
    -83.120607219,
    42.331119642
  ],
  ""type"": ""Point""
}",-83.120607219,42.331119642
11820,1082160,ST HEDWIG,JUNCTION,2017-07-10,10,7,2017,8,2,97,9,,,0,,1,1,1,25,4,2,2,5,0,0,0,0,true,,false,false,false,false,false,,,,,,false,false,true,,,false,false,false,false,false,-83.10936,42.32819,"{
  ""coordinates"": [
    -8.310935801499990e+01,
    4.232819205800010e+01
  ],
  ""type"": ""Point""
}","{
  ""coordinates"": [
    -83.109358015,
    42.328192058
  ],
  ""type"": ""Point""
}",-83.1093580149999,42.3281920580001
11821,1079676,CEDARGROVE,CELESTINE,2017-07-10,10,7,2017,10,2,4,9,,,0,,2,4,1,25,2,2,4,4,0,0,0,2,false,,false,false,false,false,false,,,,,,false,false,true,,,false,false,false,false,false,-82.97257,42.4255,"{
  ""coordinates"": [
    -8.297257059499999e+01,
    4.242549816400000e+01
  ],
  ""type"": ""Point""
}","{
  ""coordinates"": [
    -82.972570595,
    42.425498164
  ],
  ""type"": ""Point""
}",-82.972570595,42.425498164
11822,1085346,RAMP 122H,RAMP 122J,2017-07-10,10,7,2017,13,2,5,1,,1,0,,2,4,1,55,2,2,2,5,0,0,0,0,true,,false,false,false,false,false,,,,,,false,false,false,,,false,false,false,false,false,-83.06214,42.3348,"{
  ""coordinates"": [
    -8.306214309500000e+01,
    4.233480499200000e+01
  ],
  ""type"": ""Point""
}","{
  ""coordinates"": [
    -83.062143095,
    42.334804992
  ],
  ""type"": ""Point""
}",-83.062143095,42.334804992
11823,1114226,I 94,WOODWARD,2017-07-10,10,7,2017,14,2,5,1,,1,0,,2,4,1,55,3,2,2,5,0,0,0,0,true,,false,false,false,false,false,,,,,,false,false,false,,,false,false,false,false,false,-83.06582,42.36524,"{
  ""coordinates"": [
    -8.306582007700000e+01,
    4.236523830800010e+01
  ],
  ""type"": ""Point""
}","{
  ""coordinates"": [
    -83.065820077,
    42.365238308
  ],
  ""type"": ""Point""
}",-83.065820077,42.3652383080001
11824,1086597,S/B M-39,GRAND RIVER,2017-07-10,10,7,2017,12,2,5,3,,1,0,,2,4,1,55,3,2,3,5,0,0,0,0,true,,false,false,false,false,false,,,,,,false,false,true,,,false,false,false,false,false,-83.21831,42.39858,"{
  ""coordinates"": [
    -8.321830801899991e+01,
    4.239857777100010e+01
  ],
  ""type"": ""Point""
}","{
  ""coordinates"": [
    -83.218308019,
    42.398577771
  ],
  ""type"": ""Point""
}",-83.2183080189999,42.3985777710001
11825,1083174,S I 75,W I 94,2017-07-10,10,7,2017,12,2,8,1,,1,0,,1,2,1,70,4,2,3,5,0,0,0,0,true,,false,false,false,false,false,,,,,,false,false,false,,,false,false,false,false,false,-83.05827,42.36866,"{
  ""coordinates"": [
    -8.305826932900000e+01,
    4.236866375600000e+01
  ],
  ""type"": ""Point""
}","{
  ""coordinates"": [
    -83.058269329,
    42.368663756
  ],
  ""type"": ""Point""
}",-83.058269329,42.368663756
11826,1080442,I-94,CHENE,2017-07-10,10,7,2017,11,2,5,1,,1,0,,2,4,1,55,3,2,4,4,0,0,0,2,false,,false,false,false,false,false,,,,,,false,false,false,,,false,false,false,false,false,-83.04623,42.3745,"{
  ""coordinates"": [
    -8.304623328799990e+01,
    4.237449646600000e+01
  ],
  ""type"": ""Point""
}","{
  ""coordinates"": [
    -83.046233288,
    42.374496466
  ],
  ""type"": ""Point""
}",-83.0462332879999,42.374496466
11827,1079665,SCHOOLCRAFT,FORRER,2017-07-10,10,7,2017,13,2,4,9,,2,0,,2,4,1,0,2,2,4,5,0,0,0,0,true,,false,false,false,false,false,,,,,,false,false,false,,,false,false,false,false,false,-83.20147,42.38699,"{
  ""coordinates"": [
    -8.320146913300000e+01,
    4.238698970500010e+01
  ],
  ""type"": ""Point""
}","{
  ""coordinates"": [
    -83.201469133,
    42.386989705
  ],
  ""type"": ""Point""
}",-83.201469133,42.3869897050001
11828,1081385,PLYMOUTH,PIERSON,2017-07-10,10,7,2017,21,2,4,9,,4,0,,1,1,3,35,7,2,3,2,0,1,1,0,false,,false,false,false,true,false,,,,,,false,false,false,,,false,false,true,false,false,-83.24459,42.37186,"{
  ""coordinates"": [
    -8.324458941300000e+01,
    4.237185665600000e+01
  ],
  ""type"": ""Point""
}","{
  ""coordinates"": [
    -83.244589413,
    42.371856656
  ],
  ""type"": ""Point""
}",-83.244589413,42.371856656
11829,1080444,I 75,SAVANNAH,2017-07-10,10,7,2017,11,2,5,9,,4,0,,2,4,1,70,4,2,2,5,0,0,0,0,true,,false,false,false,false,false,,,,,,false,false,true,,,false,false,false,false,false,-83.09309,42.42546,"{
  ""coordinates"": [
    -8.309308772299990e+01,
    4.242546417900010e+01
  ],
  ""type"": ""Point""
}","{
  ""coordinates"": [
    -83.093087723,
    42.425464179
  ],
  ""type"": ""Point""
}",-83.0930877229999,42.4254641790001
11830,1080438,M 10,DAVISON,2017-07-10,10,7,2017,9,2,5,3,,1,0,,2,4,1,55,4,2,2,5,0,0,0,0,true,,false,false,false,false,false,,,,,,false,true,false,,,false,false,false,false,false,-83.11067,42.39817,"{
  ""coordinates"": [
    -8.311067291700000e+01,
    4.239817089100010e+01
  ],
  ""type"": ""Point""
}","{
  ""coordinates"": [
    -83.110672917,
    42.398170891
  ],
  ""type"": ""Point""
}",-83.110672917,42.3981708910001
11831,1118099,GRATIOT,BRUSH,2017-07-10,10,7,2017,23,2,97,3,,1,0,,1,1,4,30,2,3,10,4,0,0,0,2,false,,false,false,false,false,false,,,,,,false,false,true,,,false,false,false,false,false,-83.04468,42.3358,"{
  ""coordinates"": [
    -8.304467753199999e+01,
    4.233579503000000e+01
  ],
  ""type"": ""Point""
}","{
  ""coordinates"": [
    -83.044677532,
    42.33579503
  ],
  ""type"": ""Point""
}",-83.044677532,42.33579503
11832,1080492,FIELDING,FLORENCE,2017-07-10,10,7,2017,23,2,4,9,,,0,,1,1,4,25,4,2,5,2,0,1,0,2,false,,false,false,false,false,false,,,,,,false,false,true,,,false,false,false,false,false,-83.24305,42.40962,"{
  ""coordinates"": [
    -8.324305124599989e+01,
    4.240962124800010e+01
  ],
  ""type"": ""Point""
}","{
  ""coordinates"": [
    -83.243051246,
    42.409621248
  ],
  ""type"": ""Point""
}",-83.2430512459999,42.4096212480001
11833,1081363,HUBBELL,ELMIRA,2017-07-10,10,7,2017,13,2,2,9,,4,0,,2,4,1,30,2,2,2,5,0,0,0,0,true,,false,false,true,false,false,,,,,,false,false,false,,,false,false,false,false,false,-83.18766,42.37032,"{
  ""coordinates"": [
    -8.318766221100000e+01,
    4.237031710200010e+01
  ],
  ""type"": ""Point""
}","{
  ""coordinates"": [
    -83.187662211,
    42.370317102
  ],
  ""type"": ""Point""
}",-83.187662211,42.3703171020001
11834,1234588,MACKAY,MCNICHOLS,2017-07-10,10,7,2017,13,2,4,9,,,0,,1,1,1,25,1,2,0,5,0,0,0,0,true,,false,false,true,false,false,,,,,,false,false,false,,,false,false,false,false,false,-83.07616,42.41866,"{
  ""coordinates"": [
    -8.307616413200000e+01,
    4.241865411100010e+01
  ],
  ""type"": ""Point""
}","{
  ""coordinates"": [
    -83.076164132,
    42.418654111
  ],
  ""type"": ""Point""
}",-83.076164132,42.4186541110001
11835,1082163,GUILFORD,SOUTHAMPTON,2017-07-10,10,7,2017,20,2,4,9,,,0,,1,1,1,25,2,2,5,4,0,0,0,1,false,,true,false,false,false,false,,,,,,false,false,true,,,false,false,false,false,false,-82.92922,42.41042,"{
  ""coordinates"": [
    -8.292921980800000e+01,
    4.241041408300000e+01
  ],
  ""type"": ""Point""
}","{
  ""coordinates"": [
    -82.929219808,
    42.410414083
  ],
  ""type"": ""Point""
}",-82.929219808,42.410414083
11836,1080450,JEFFERSON,RANDOLPH,2017-07-10,10,7,2017,7,2,97,4,,1,0,,2,4,1,25,3,2,0,5,0,0,0,0,true,,false,false,true,false,false,,,,,,true,false,false,,,false,false,false,false,false,-83.042,42.32996,"{
  ""coordinates"": [
    -8.304199665000000e+01,
    4.232995843700010e+01
  ],
  ""type"": ""Point""
}","{
  ""coordinates"": [
    -83.04199665,
    42.329958437
  ],
  ""type"": ""Point""
}",-83.04199665,42.3299584370001
11837,1080466,WINTHROP,WARREN,2017-07-10,10,7,2017,19,2,97,9,,,0,,1,1,1,35,4,2,4,5,0,0,0,0,true,,false,false,false,false,false,,,,,,false,false,true,,,false,false,false,false,false,-83.19746,42.34363,"{
  ""coordinates"": [
    -8.319746636600000e+01,
    4.234362693300010e+01
  ],
  ""type"": ""Point""
}","{
  ""coordinates"": [
    -83.197466366,
    42.343626933
  ],
  ""type"": ""Point""
}",-83.197466366,42.3436269330001
11838,1079660,DRAGOON,CADET,2017-07-10,10,7,2017,13,2,4,9,,4,0,,2,3,1,25,2,2,4,5,0,0,0,0,true,,true,false,false,false,false,,,,,,false,false,false,,,false,false,false,false,false,-83.10736,42.31421,"{
  ""coordinates"": [
    -8.310735783299999e+01,
    4.231421189400000e+01
  ],
  ""type"": ""Point""
}","{
  ""coordinates"": [
    -83.107357833,
    42.314211894
  ],
  ""type"": ""Point""
}",-83.107357833,42.314211894
11839,1080443,I-94,CADIEUX,2017-07-10,10,7,2017,12,2,8,1,,1,0,,2,4,1,55,3,2,2,5,0,0,0,0,true,,false,false,false,false,false,,,,,,false,false,false,,,false,false,false,false,false,-82.93708,42.41742,"{
  ""coordinates"": [
    -8.293708149100000e+01,
    4.241741824700010e+01
  ],
  ""type"": ""Point""
}","{
  ""coordinates"": [
    -82.937081491,
    42.417418247
  ],
  ""type"": ""Point""
}",-82.937081491,42.4174182470001
11840,1081371,OUTER,WARREN,2017-07-10,10,7,2017,16,2,98,9,,2,0,,1,1,1,30,2,2,2,5,0,0,0,0,true,,false,false,false,false,false,,,,,,false,false,false,,,false,false,false,false,false,-83.2522,42.34225,"{
  ""coordinates"": [
    -8.325219821800000e+01,
    4.234225603200010e+01
  ],
  ""type"": ""Point""
}","{
  ""coordinates"": [
    -83.252198218,
    42.342256032
  ],
  ""type"": ""Point""
}",-83.252198218,42.3422560320001
11841,1079662,SPRINGWELLS,CAHALAN,2017-07-10,10,7,2017,14,2,4,9,,4,0,,2,4,1,25,2,2,2,5,0,0,0,0,true,,false,false,true,false,false,,,,,,false,false,false,,,false,false,false,false,false,-83.12484,42.30816,"{
  ""coordinates"": [
    -8.312484313600000e+01,
    4.230815649400010e+01
  ],
  ""type"": ""Point""
}","{
  ""coordinates"": [
    -83.124843136,
    42.308156494
  ],
  ""type"": ""Point""
}",-83.124843136,42.3081564940001
11842,1079685,ILENE,NORFOLK0,2017-07-10,10,7,2017,14,2,4,9,,,0,,2,2,1,25,1,2,2,5,0,0,0,0,true,,false,false,true,false,false,,,,,,false,true,false,,,false,false,false,false,false,-83.16358,42.44321,"{
  ""coordinates"": [
    -8.316358093900000e+01,
    4.244321508800000e+01
  ],
  ""type"": ""Point""
}","{
  ""coordinates"": [
    -83.163580939,
    42.443215088
  ],
  ""type"": ""Point""
}",-83.163580939,42.443215088
11843,1083391,MOROSS,BEACONSFIELD,2017-07-10,10,7,2017,11,2,5,9,,2,0,,2,4,1,30,2,2,2,4,0,0,0,1,false,,false,false,false,false,false,,,,,,false,false,true,,,false,false,false,false,false,-82.94142,42.42999,"{
  ""coordinates"": [
    -8.294141858200000e+01,
    4.242999010500010e+01
  ],
  ""type"": ""Point""
}","{
  ""coordinates"": [
    -82.941418582,
    42.429990105
  ],
  ""type"": ""Point""
}",-82.941418582,42.4299901050001
11844,1088744,M-10,ELMHURST,2017-07-10,10,7,2017,9,2,5,3,,,0,,2,2,1,70,4,2,2,5,0,0,0,0,true,,false,false,false,false,false,,,,,,false,true,true,,,false,false,false,false,false,-83.10398,42.38975,"{
  ""coordinates"": [
    -8.310398304200000e+01,
    4.238974708800000e+01
  ],
  ""type"": ""Point""
}","{
  ""coordinates"": [
    -83.103983042,
    42.389747088
  ],
  ""type"": ""Point""
}",-83.103983042,42.389747088
11845,1079683,DAVIDSON,CONANT,2017-07-10,10,7,2017,20,2,5,3,,1,0,,1,1,1,30,4,2,2,5,0,0,0,0,true,,false,false,false,false,false,,,,,,false,false,true,,,false,false,false,false,false,-83.06149,42.41553,"{
  ""coordinates"": [
    -8.306148208600000e+01,
    4.241552767100010e+01
  ],
  ""type"": ""Point""
}","{
  ""coordinates"": [
    -83.061482086,
    42.415527671
  ],
  ""type"": ""Point""
}",-83.061482086,42.4155276710001
11846,1080502,CONANT,HALLECK,2017-07-10,10,7,2017,14,2,5,9,,4,0,,2,2,1,30,2,4,4,5,0,0,0,0,true,,false,false,false,false,false,,,,,,false,true,false,,,false,false,false,false,false,-83.05788,42.41021,"{
  ""coordinates"": [
    -8.305788731699990e+01,
    4.241020575100000e+01
  ],
  ""type"": ""Point""
}","{
  ""coordinates"": [
    -83.057887317,
    42.410205751
  ],
  ""type"": ""Point""
}",-83.0578873169999,42.410205751
11847,1079652,COYLE,PURITAN,2017-07-10,10,7,2017,10,2,9,9,,,0,,1,1,1,25,3,2,0,5,0,0,0,0,true,,false,false,true,false,false,,,,,,false,false,false,,,false,false,false,false,false,-83.19418,42.40885,"{
  ""coordinates"": [
    -8.319417684200000e+01,
    4.240884603200000e+01
  ],
  ""type"": ""Point""
}","{
  ""coordinates"": [
    -83.194176842,
    42.408846032
  ],
  ""type"": ""Point""
}",-83.194176842,42.408846032
11848,1079651,DECATUR,CHICAGO,2017-07-10,10,7,2017,10,2,8,9,,,0,,1,1,1,25,3,2,0,5,0,0,0,0,true,,false,false,true,false,false,,,,,,false,false,false,,,false,false,false,false,false,-83.18008,42.36465,"{
  ""coordinates"": [
    -8.318008427400000e+01,
    4.236464582600010e+01
  ],
  ""type"": ""Point""
}","{
  ""coordinates"": [
    -83.180084274,
    42.364645826
  ],
  ""type"": ""Point""
}",-83.180084274,42.3646458260001
11849,1082141,I-75,WARREN,2017-07-10,10,7,2017,17,2,5,1,,1,0,,1,1,1,70,4,2,2,5,0,0,0,0,true,,false,false,false,false,false,,,,,,false,true,true,,,false,false,false,false,false,-83.05374,42.3601,"{
  ""coordinates"": [
    -8.305373846399991e+01,
    4.236010054300000e+01
  ],
  ""type"": ""Point""
}","{
  ""coordinates"": [
    -83.053738464,
    42.360100543
  ],
  ""type"": ""Point""
}",-83.0537384639999,42.360100543
11850,1083292,GRATIOT,7 MILE,2017-07-10,10,7,2017,17,2,4,3,,1,0,,1,1,1,40,7,2,2,5,0,0,0,0,true,,true,true,false,false,false,,,,,,false,false,false,,,false,false,false,false,false,-82.97771,42.43506,"{
  ""coordinates"": [
    -8.297770810000000e+01,
    4.243505798500010e+01
  ],
  ""type"": ""Point""
}","{
  ""coordinates"": [
    -82.9777081,
    42.435057985
  ],
  ""type"": ""Point""
}",-82.9777081,42.4350579850001
11851,1082157,S I 75,SPRINGWELLS,2017-07-10,10,7,2017,16,2,5,1,,1,0,,1,1,1,0,1,2,2,5,0,0,0,0,true,,false,false,false,false,false,,,,,,false,false,false,,,false,false,false,false,false,-83.11929,42.30159,"{
  ""coordinates"": [
    -8.311929475100000e+01,
    4.230158703200000e+01
  ],
  ""type"": ""Point""
}","{
  ""coordinates"": [
    -83.119294751,
    42.301587032
  ],
  ""type"": ""Point""
}",-83.119294751,42.301587032
11852,1078677,GUNGSTON,CAMDEN,2017-07-10,10,7,2017,0,2,1,9,,,1,,1,1,4,25,2,1,1,5,0,0,0,0,true,,false,false,false,false,false,,,,,,false,false,false,,,false,false,false,false,false,-82.98835,42.39925,"{
  ""coordinates"": [
    -8.298834810300001e+01,
    4.239924810900000e+01
  ],
  ""type"": ""Point""
}","{
  ""coordinates"": [
    -82.988348103,
    42.399248109
  ],
  ""type"": ""Point""
}",-82.988348103,42.399248109
11853,1085388,MCDOUGALL,VERNOR,2017-07-10,10,7,2017,10,2,4,9,,4,0,,2,4,1,30,1,2,2,1,1,0,0,1,false,,true,true,false,false,false,,,,,,false,true,false,,,false,false,false,false,false,-83.02557,42.35193,"{
  ""coordinates"": [
    -8.302556708500001e+01,
    4.235193231400010e+01
  ],
  ""type"": ""Point""
}","{
  ""coordinates"": [
    -83.025567085,
    42.351932314
  ],
  ""type"": ""Point""
}",-83.025567085,42.3519323140001
11854,1080441,M-39,FULLERTON,2017-07-10,10,7,2017,9,2,5,3,,1,0,,2,2,1,55,3,2,2,5,0,0,0,0,true,,false,false,false,false,false,,,,,,false,false,false,,,false,false,false,false,false,-83.21723,42.37983,"{
  ""coordinates"": [
    -8.321723436600000e+01,
    4.237983508600010e+01
  ],
  ""type"": ""Point""
}","{
  ""coordinates"": [
    -83.217234366,
    42.379835086
  ],
  ""type"": ""Point""
}",-83.217234366,42.3798350860001
11855,1083312,W I 94,RAMP 213N,2017-07-10,10,7,2017,6,2,5,1,,1,0,,1,2,1,55,3,2,2,5,0,0,0,0,true,,false,false,false,false,false,,,,,,false,false,false,,,false,false,false,false,false,-83.10461,42.34851,"{
  ""coordinates"": [
    -8.310461156699991e+01,
    4.234850681000010e+01
  ],
  ""type"": ""Point""
}","{
  ""coordinates"": [
    -83.104611567,
    42.34850681
  ],
  ""type"": ""Point""
}",-83.1046115669999,42.3485068100001
11856,1079682,HUBER,SAINT CYRIL,2017-07-10,10,7,2017,13,2,3,9,,4,0,,2,4,1,35,2,2,2,3,0,0,1,0,false,,false,false,false,false,false,,,,,,false,false,false,,,false,false,false,false,false,-83.02631,42.39771,"{
  ""coordinates"": [
    -8.302630362199990e+01,
    4.239770390900000e+01
  ],
  ""type"": ""Point""
}","{
  ""coordinates"": [
    -83.026303622,
    42.397703909
  ],
  ""type"": ""Point""
}",-83.0263036219999,42.397703909
11857,1078682,GREENLAWN,MCNICHOLS,2017-07-09,9,7,2017,0,1,98,9,,,1,,1,98,98,0,1,1,0,5,0,0,0,0,true,,false,false,true,false,false,,,,,,false,false,false,,,false,false,false,false,false,-83.15115,42.41692,"{
  ""coordinates"": [
    -8.315115651900000e+01,
    4.241691713700000e+01
  ],
  ""type"": ""Point""
}","{
  ""coordinates"": [
    -83.151156519,
    42.416917137
  ],
  ""type"": ""Point""
}",-83.151156519,42.416917137
11858,1085336,MCNICHOLS,SOUTHFIELD SERVICE DRIVE,2017-07-09,9,7,2017,23,1,5,9,,2,0,,1,1,4,55,3,2,5,4,0,0,0,2,false,,false,false,false,false,false,,,,,,false,false,false,,,false,false,false,false,false,-83.21911,42.41555,"{
  ""coordinates"": [
    -8.321910505800000e+01,
    4.241554823400000e+01
  ],
  ""type"": ""Point""
}","{
  ""coordinates"": [
    -83.219105058,
    42.415548234
  ],
  ""type"": ""Point""
}",-83.219105058,42.415548234
11859,1111527,SEVEN MILE,GLENHURST,2017-07-09,9,7,2017,0,1,1,9,,2,0,,1,1,4,40,4,2,3,2,0,1,0,0,false,,false,false,false,false,false,,,,,,true,false,true,,,false,false,false,false,false,-83.27159,42.42909,"{
  ""coordinates"": [
    -8.327159285600000e+01,
    4.242909331700000e+01
  ],
  ""type"": ""Point""
}","{
  ""coordinates"": [
    -83.271592856,
    42.429093317
  ],
  ""type"": ""Point""
}",-83.271592856,42.429093317