ObjectId,Crash ID,Primary Road,Intersecting Road,Crash Date,Day,Month,Year,Hour,Weekday,Crash Type Code,Highway Classification Code,Community Code,Jurisdiction Code,Lane Departure Type Code,Surface Type,Road Condition,Weather Condition,Lighting Condition,Speed Limit,Lanes,Units,Occupants,Most Severe Injury,Fatal Injuries,Suspected Serious Injuries,Suspected Minor Injuries,Possible Injuries,Property Damage Only,Secondary Crash,Traffic Control,Red Light Run,Hit and Run,Alcohol,Drugs,Unbelted Person,Work Zone,Speeding Driver,Distracted Driver,Driveway,Pedestrian,Elderly Driver,Young Driver,Commercial Vehicle,Emergency Vehicles,Train,School Bus,Motorcycle,Bicycle,Deer,Longitude,Latitude,geom,geog,x,y
11918,1111588,NORFOLK,SANTA BARBARA,2017-07-09,9,7,2017,2,1,1,9,,,1,,1,1,4,25,2,1,2,4,0,0,0,1,false,,false,false,false,false,false,,,,,,false,false,false,,,false,false,false,false,false,-83.14951,42.44353,"{
  ""coordinates"": [
    -8.314951083299999e+01,
    4.244352593300000e+01
  ],
  ""type"": ""Point""
}","{
  ""coordinates"": [
    -83.149510833,
    42.443525933
  ],
  ""type"": ""Point""
}",-83.149510833,42.443525933
11919,1080478,FENKELL,GREENFIELD,2017-07-09,9,7,2017,18,1,5,9,,2,0,,1,1,1,35,4,2,1,5,0,0,0,0,true,,false,false,false,false,false,,,,,,false,false,false,,,false,false,false,false,false,-83.19859,42.40152,"{
  ""coordinates"": [
    -8.319859437900000e+01,
    4.240152258700000e+01
  ],
  ""type"": ""Point""
}","{
  ""coordinates"": [
    -83.198594379,
    42.401522587
  ],
  ""type"": ""Point""
}",-83.198594379,42.401522587
11920,1078658,OAKFIELD,CLARITA,2017-07-09,9,7,2017,10,1,10,9,,,0,,1,1,1,25,1,2,2,5,0,0,0,0,true,,false,false,false,false,false,,,,,,false,false,false,,,false,false,false,false,false,-83.21497,42.42873,"{
  ""coordinates"": [
    -8.321496755100000e+01,
    4.242872707800010e+01
  ],
  ""type"": ""Point""
}","{
  ""coordinates"": [
    -83.214967551,
    42.428727078
  ],
  ""type"": ""Point""
}",-83.214967551,42.4287270780001
11921,1078662,BASSETT,HYACINTH,2017-07-09,9,7,2017,21,1,9,9,,,0,,1,1,3,25,2,2,1,5,0,0,0,0,true,,false,false,true,false,false,,,,,,false,false,false,,,false,false,false,false,false,-83.15718,42.26029,"{
  ""coordinates"": [
    -8.315718010499999e+01,
    4.226029383900000e+01
  ],
  ""type"": ""Point""
}","{
  ""coordinates"": [
    -83.157180105,
    42.260293839
  ],
  ""type"": ""Point""
}",-83.157180105,42.260293839
11922,1078672,ASHTON,TROJAN,2017-07-09,9,7,2017,18,1,97,9,,,0,,1,1,1,25,1,2,2,3,0,0,1,0,false,,false,false,false,false,false,,,,,,true,false,false,,,false,false,false,false,false,-83.22119,42.44131,"{
  ""coordinates"": [
    -8.322119486600000e+01,
    4.244130815000010e+01
  ],
  ""type"": ""Point""
}","{
  ""coordinates"": [
    -83.221194866,
    42.44130815
  ],
  ""type"": ""Point""
}",-83.221194866,42.4413081500001
11923,1078697,7 MILE,WYOMING,2017-07-09,9,7,2017,20,1,4,9,,2,0,,1,1,1,30,4,2,1,5,0,0,0,0,true,,false,false,true,false,false,,,,,,false,false,true,,,false,false,false,false,false,-83.16071,42.43136,"{
  ""coordinates"": [
    -8.316070711899989e+01,
    4.243135868500010e+01
  ],
  ""type"": ""Point""
}","{
  ""coordinates"": [
    -83.160707119,
    42.431358685
  ],
  ""type"": ""Point""
}",-83.1607071189999,42.4313586850001
11924,1086699,SOUTHFIELD SERVICE DRIVE,GRAND RIVER,2017-07-09,9,7,2017,19,1,8,3,,4,0,,1,1,1,25,3,2,2,5,0,0,0,0,true,,true,false,false,false,false,,,,,,false,false,false,,,false,false,false,false,false,-83.21799,42.40054,"{
  ""coordinates"": [
    -8.321798410500000e+01,
    4.240054279300010e+01
  ],
  ""type"": ""Point""
}","{
  ""coordinates"": [
    -83.217984105,
    42.400542793
  ],
  ""type"": ""Point""
}",-83.217984105,42.4005427930001
11925,1078696,NORTHLAWN,SANTA CLARA,2017-07-09,9,7,2017,18,1,5,9,,,0,,1,1,1,25,2,2,2,5,0,0,0,0,true,,false,false,false,false,false,,,,,,false,false,true,,,false,false,false,false,false,-83.15379,42.42067,"{
  ""coordinates"": [
    -8.315379254699999e+01,
    4.242066990600010e+01
  ],
  ""type"": ""Point""
}","{
  ""coordinates"": [
    -83.153792547,
    42.420669906
  ],
  ""type"": ""Point""
}",-83.153792547,42.4206699060001
11926,1082184,MCNICHOLS,VAN DYKE,2017-07-08,8,7,2017,23,7,5,3,,4,0,,1,1,4,35,4,2,3,4,0,0,0,1,false,,false,false,false,false,false,,,,,,false,false,true,,,false,false,false,false,false,-83.0237,42.41951,"{
  ""coordinates"": [
    -8.302370833200000e+01,
    4.241951287100010e+01
  ],
  ""type"": ""Point""
}","{
  ""coordinates"": [
    -83.023708332,
    42.419512871
  ],
  ""type"": ""Point""
}",-83.023708332,42.4195128710001
11927,1077658,MCNICHOLS,GILCHREST,2017-07-08,8,7,2017,15,7,4,9,,2,0,,1,1,1,35,4,2,2,5,0,0,0,0,true,,false,false,false,false,false,,,,,,false,false,false,,,false,false,false,false,false,-83.21209,42.41571,"{
  ""coordinates"": [
    -8.321209042500000e+01,
    4.241570521700000e+01
  ],
  ""type"": ""Point""
}","{
  ""coordinates"": [
    -83.212090425,
    42.415705217
  ],
  ""type"": ""Point""
}",-83.212090425,42.415705217
11928,1077651,FRENCH,TRAVERSE,2017-07-08,8,7,2017,13,7,2,3,,4,2,,1,1,1,0,2,2,2,5,0,0,0,0,true,,true,true,true,false,false,,,,,,false,false,false,,,false,false,false,false,false,-83.00067,42.4006,"{
  ""coordinates"": [
    -8.300067350700000e+01,
    4.240060516200000e+01
  ],
  ""type"": ""Point""
}","{
  ""coordinates"": [
    -83.000673507,
    42.400605162
  ],
  ""type"": ""Point""
}",-83.000673507,42.400605162
11929,1077636,WARREN,CHATHAM,2017-07-08,8,7,2017,17,7,5,9,,2,0,,1,1,1,35,4,2,1,4,0,0,0,1,false,,false,false,true,false,false,,,,,,false,false,false,,,false,false,false,false,false,-83.25977,42.34171,"{
  ""coordinates"": [
    -8.325976582100000e+01,
    4.234171176500010e+01
  ],
  ""type"": ""Point""
}","{
  ""coordinates"": [
    -83.259765821,
    42.341711765
  ],
  ""type"": ""Point""
}",-83.259765821,42.3417117650001
11930,1085357,OAKMAN,WESTFIELD,2017-07-08,8,7,2017,23,7,1,9,,4,1,,1,1,4,35,2,1,98,5,0,0,0,0,true,,false,false,true,false,false,,,,,,false,false,false,,,false,false,false,false,false,-83.15545,42.36362,"{
  ""coordinates"": [
    -8.315544696700000e+01,
    4.236361504000010e+01
  ],
  ""type"": ""Point""
}","{
  ""coordinates"": [
    -83.155446967,
    42.36361504
  ],
  ""type"": ""Point""
}",-83.155446967,42.3636150400001
11931,1158643,SIRRON,KEMPA,2017-07-08,8,7,2017,20,7,8,9,,,3,,1,1,3,30,2,2,2,5,0,0,0,0,true,,false,false,true,false,false,,,,,,false,false,true,,,false,false,false,false,false,-83.01957,42.44041,"{
  ""coordinates"": [
    -8.301957309999990e+01,
    4.244040817100010e+01
  ],
  ""type"": ""Point""
}","{
  ""coordinates"": [
    -83.0195731,
    42.440408171
  ],
  ""type"": ""Point""
}",-83.0195730999999,42.4404081710001
11932,1078683,PINEHURST,MCNICHOLS,2017-07-08,8,7,2017,21,7,4,9,,,0,,1,1,1,30,2,2,3,3,0,0,1,2,false,,true,true,true,false,false,,,,,,false,false,true,,,false,false,false,false,false,-83.16689,42.41696,"{
  ""coordinates"": [
    -8.316688778100000e+01,
    4.241695619900000e+01
  ],
  ""type"": ""Point""
}","{
  ""coordinates"": [
    -83.166887781,
    42.416956199
  ],
  ""type"": ""Point""
}",-83.166887781,42.416956199
11933,1079658,MONROE,BEAUBIEN,2017-07-08,8,7,2017,15,7,8,9,,4,0,,1,1,1,20,2,2,3,5,0,0,0,0,true,,false,false,false,false,false,,,,,,false,false,false,,,false,false,false,false,false,-83.04321,42.33464,"{
  ""coordinates"": [
    -8.304321278200000e+01,
    4.233463604800000e+01
  ],
  ""type"": ""Point""
}","{
  ""coordinates"": [
    -83.043212782,
    42.334636048
  ],
  ""type"": ""Point""
}",-83.043212782,42.334636048
11934,1083332,JOHN R,EDMONDS,2017-07-08,8,7,2017,11,7,4,9,,4,0,,1,1,1,30,2,2,1,5,0,0,0,0,true,,true,false,true,false,false,,,,,,false,false,false,,,false,false,false,false,false,-83.05339,42.34465,"{
  ""coordinates"": [
    -8.305338718099991e+01,
    4.234464633500000e+01
  ],
  ""type"": ""Point""
}","{
  ""coordinates"": [
    -83.053387181,
    42.344646335
  ],
  ""type"": ""Point""
}",-83.0533871809999,42.344646335
11935,1077603,I-94,M-10,2017-07-08,8,7,2017,10,7,8,1,,1,0,,1,1,1,55,3,2,2,5,0,0,0,0,true,,false,false,false,false,false,,,,,,false,true,false,,,false,false,false,false,false,-83.07454,42.36,"{
  ""coordinates"": [
    -8.307454159299991e+01,
    4.236000632400000e+01
  ],
  ""type"": ""Point""
}","{
  ""coordinates"": [
    -83.074541593,
    42.360006324
  ],
  ""type"": ""Point""
}",-83.0745415929999,42.360006324
11936,1078689,PONTCHARTRAIN,MCNICHOLS,2017-07-08,8,7,2017,18,7,4,9,,4,0,,1,1,1,30,5,2,2,5,0,0,0,0,true,,false,false,false,false,false,,,,,,false,true,true,,,false,false,false,false,false,-83.11643,42.41759,"{
  ""coordinates"": [
    -8.311643508100001e+01,
    4.241758602900010e+01
  ],
  ""type"": ""Point""
}","{
  ""coordinates"": [
    -83.116435081,
    42.417586029
  ],
  ""type"": ""Point""
}",-83.116435081,42.4175860290001
11937,1083396,ALMA,QUEEN,2017-07-08,8,7,2017,13,7,8,9,,,0,,1,1,1,25,1,2,1,5,0,0,0,0,true,,false,false,false,false,false,,,,,,false,false,false,,,false,false,false,false,false,-82.96761,42.42157,"{
  ""coordinates"": [
    -8.296760904699990e+01,
    4.242157250300000e+01
  ],
  ""type"": ""Point""
}","{
  ""coordinates"": [
    -82.967609047,
    42.421572503
  ],
  ""type"": ""Point""
}",-82.9676090469999,42.421572503
11938,1078715,WARREN,BRUSH,2017-07-08,8,7,2017,16,7,4,9,,4,0,,1,1,1,30,4,2,6,3,0,0,2,1,false,,false,false,false,false,false,,,,,,false,false,true,,,false,false,false,false,false,-83.05984,42.35867,"{
  ""coordinates"": [
    -8.305983674800000e+01,
    4.235866768100000e+01
  ],
  ""type"": ""Point""
}","{
  ""coordinates"": [
    -83.059836748,
    42.358667681
  ],
  ""type"": ""Point""
}",-83.059836748,42.358667681
11939,1077628,CEDARGROVE,BROCK,2017-07-08,8,7,2017,2,7,5,9,,,0,,1,1,5,25,2,2,0,5,0,0,0,0,true,,false,false,true,false,false,,,,,,false,false,false,,,false,false,false,false,false,-82.96277,42.42562,"{
  ""coordinates"": [
    -8.296276853900000e+01,
    4.242562464900000e+01
  ],
  ""type"": ""Point""
}","{
  ""coordinates"": [
    -82.962768539,
    42.425624649
  ],
  ""type"": ""Point""
}",-82.962768539,42.425624649
11940,1078688,MCNICHOLS,APPOLINE,2017-07-08,8,7,2017,17,7,4,9,,2,0,,1,1,1,35,4,2,2,5,0,0,0,0,true,,false,false,false,false,false,,,,,,false,true,false,,,false,false,false,false,false,-83.17093,42.41666,"{
  ""coordinates"": [
    -8.317092864300000e+01,
    4.241665555800010e+01
  ],
  ""type"": ""Point""
}","{
  ""coordinates"": [
    -83.170928643,
    42.416655558
  ],
  ""type"": ""Point""
}",-83.170928643,42.4166555580001
11941,1086625,CHRYSLER,CLAY,2017-07-08,8,7,2017,17,7,4,9,,4,0,,1,1,1,25,3,2,2,4,0,0,0,1,false,,false,false,false,false,false,,,,,,false,false,false,,,false,false,true,false,false,-83.06327,42.37814,"{
  ""coordinates"": [
    -8.306326762600000e+01,
    4.237813829800010e+01
  ],
  ""type"": ""Point""
}","{
  ""coordinates"": [
    -83.063267626,
    42.378138298
  ],
  ""type"": ""Point""
}",-83.063267626,42.3781382980001
11942,1081366,S I 75 SERVICE DRIVE,MACK,2017-07-08,8,7,2017,16,7,1,1,,4,0,,1,1,1,25,5,2,1,4,0,0,0,1,false,,false,false,true,false,false,,,,,,false,false,false,,,false,false,false,true,false,-83.04858,42.35112,"{
  ""coordinates"": [
    -8.304858476399990e+01,
    4.235111435100000e+01
  ],
  ""type"": ""Point""
}","{
  ""coordinates"": [
    -83.048584764,
    42.351114351
  ],
  ""type"": ""Point""
}",-83.0485847639999,42.351114351
11943,1078661,FORT,OUTER,2017-07-08,8,7,2017,15,7,5,3,,1,0,,1,1,1,0,8,2,3,5,0,0,0,0,true,,false,false,false,false,false,,,,,,false,true,true,,,false,false,false,false,false,-83.167,42.26262,"{
  ""coordinates"": [
    -8.316699606299990e+01,
    4.226261812300000e+01
  ],
  ""type"": ""Point""
}","{
  ""coordinates"": [
    -83.166996063,
    42.262618123
  ],
  ""type"": ""Point""
}",-83.1669960629999,42.262618123
11944,1077607,PURITAN,TRACEY,2017-07-08,8,7,2017,16,7,4,9,,4,0,,1,1,1,35,2,2,2,5,0,0,0,0,true,,false,false,false,false,false,,,,,,false,false,true,,,false,false,false,false,false,-83.18051,42.40934,"{
  ""coordinates"": [
    -8.318051260100000e+01,
    4.240933556200010e+01
  ],
  ""type"": ""Point""
}","{
  ""coordinates"": [
    -83.180512601,
    42.409335562
  ],
  ""type"": ""Point""
}",-83.180512601,42.4093355620001
11945,1077627,CONNER,OLGA,2017-07-08,8,7,2017,13,7,97,9,,4,0,,1,1,1,25,5,3,3,3,0,0,1,0,false,,true,false,false,false,false,,,,,,false,false,false,,,false,false,false,false,false,-82.98495,42.39417,"{
  ""coordinates"": [
    -8.298494601599999e+01,
    4.239417283000010e+01
  ],
  ""type"": ""Point""
}","{
  ""coordinates"": [
    -82.984946016,
    42.39417283
  ],
  ""type"": ""Point""
}",-82.984946016,42.3941728300001
11946,1081387,SCHOENHERR,LAPPIN,2017-07-08,8,7,2017,17,7,97,9,,4,0,,1,1,1,30,2,3,6,4,0,0,0,2,false,,true,false,false,false,false,,,,,,false,false,false,,,false,false,false,false,false,-82.9852,42.43698,"{
  ""coordinates"": [
    -8.298520230000000e+01,
    4.243697687400000e+01
  ],
  ""type"": ""Point""
}","{
  ""coordinates"": [
    -82.9852023,
    42.436976874
  ],
  ""type"": ""Point""
}",-82.9852023,42.436976874
11947,1082145,I-96,SELDEN,2017-07-08,8,7,2017,13,7,8,9,,4,0,,1,1,1,70,4,3,4,4,0,0,0,1,false,,false,false,false,false,false,,,,,,false,false,false,,,false,false,false,false,false,-83.09318,42.33929,"{
  ""coordinates"": [
    -8.309317586899989e+01,
    4.233929604100010e+01
  ],
  ""type"": ""Point""
}","{
  ""coordinates"": [
    -83.093175869,
    42.339296041
  ],
  ""type"": ""Point""
}",-83.0931758689999,42.3392960410001
11948,1077699,MOUND,8 MILE,2017-07-08,8,7,2017,10,7,4,3,,2,0,,1,1,1,35,4,2,2,5,0,0,0,0,true,,false,false,false,false,false,,,,,,false,false,false,,,false,false,false,false,false,-83.04428,42.44785,"{
  ""coordinates"": [
    -8.304428316400001e+01,
    4.244784565800010e+01
  ],
  ""type"": ""Point""
}","{
  ""coordinates"": [
    -83.044283164,
    42.447845658
  ],
  ""type"": ""Point""
}",-83.044283164,42.4478456580001
11949,1077659,GRAND RIVER,EVERGREEN,2017-07-08,8,7,2017,12,7,4,3,,1,0,,1,1,1,35,4,2,2,5,0,0,0,0,true,,false,false,false,false,false,,,,,,false,true,true,,,false,false,false,false,false,-83.2374,42.40839,"{
  ""coordinates"": [
    -8.323739521800000e+01,
    4.240838946800010e+01
  ],
  ""type"": ""Point""
}","{
  ""coordinates"": [
    -83.237395218,
    42.408389468
  ],
  ""type"": ""Point""
}",-83.237395218,42.4083894680001
11950,1077623,WESSON,LOLA,2017-07-08,8,7,2017,10,7,9,9,,,2,,1,1,1,25,2,2,1,5,0,0,0,0,true,,false,false,false,false,false,,,,,,false,false,false,,,false,false,false,false,false,-83.11448,42.32959,"{
  ""coordinates"": [
    -8.311448054200000e+01,
    4.232959268200010e+01
  ],
  ""type"": ""Point""
}","{
  ""coordinates"": [
    -83.114480542,
    42.329592682
  ],
  ""type"": ""Point""
}",-83.114480542,42.3295926820001
11951,1080430,I94,MT ELLIOTT,2017-07-08,8,7,2017,19,7,1,1,,1,0,,1,1,1,55,3,1,1,5,0,0,0,0,true,,false,false,false,false,false,,,,,,false,false,false,,,false,false,false,false,false,-83.03381,42.37933,"{
  ""coordinates"": [
    -8.303381388900000e+01,
    4.237932624600010e+01
  ],
  ""type"": ""Point""
}","{
  ""coordinates"": [
    -83.033813889,
    42.379326246
  ],
  ""type"": ""Point""
}",-83.033813889,42.3793262460001
11952,1077669,MORANG,LANSDOWNE,2017-07-08,8,7,2017,11,7,5,9,,4,0,,1,1,1,30,2,2,2,5,0,0,0,0,true,,false,false,false,false,false,,,,,,false,false,false,,,false,false,false,false,false,-82.95084,42.42648,"{
  ""coordinates"": [
    -8.295083631700000e+01,
    4.242647395400010e+01
  ],
  ""type"": ""Point""
}","{
  ""coordinates"": [
    -82.950836317,
    42.426473954
  ],
  ""type"": ""Point""
}",-82.950836317,42.4264739540001
11953,1077697,7 MILE,OUTER,2017-07-08,8,7,2017,15,7,8,9,,2,0,,1,1,1,30,2,2,5,5,0,0,0,0,true,,false,false,true,false,false,,,,,,false,false,false,,,false,false,true,false,false,-83.1754,42.43118,"{
  ""coordinates"": [
    -8.317539693299990e+01,
    4.243117828800010e+01
  ],
  ""type"": ""Point""
}","{
  ""coordinates"": [
    -83.175396933,
    42.431178288
  ],
  ""type"": ""Point""
}",-83.1753969329999,42.4311782880001
11954,1077694,DEQUINDRE,MCNICHOLS,2017-07-08,8,7,2017,11,7,3,9,,4,0,,1,1,1,30,3,2,1,5,0,0,0,0,true,,false,false,false,false,false,,,,,,false,false,false,,,false,false,false,false,false,-83.08224,42.41844,"{
  ""coordinates"": [
    -8.308224530900000e+01,
    4.241843875500010e+01
  ],
  ""type"": ""Point""
}","{
  ""coordinates"": [
    -83.082245309,
    42.418438755
  ],
  ""type"": ""Point""
}",-83.082245309,42.4184387550001
11955,1211302,8 MILE,EVERGREEN,2017-07-08,8,7,2017,17,7,5,3,,1,0,,1,1,1,35,4,3,4,4,0,0,0,2,false,,false,false,false,false,false,,,,,,false,false,true,,,false,false,false,false,false,-83.2395,42.44376,"{
  ""coordinates"": [
    -8.323950050699990e+01,
    4.244375923900000e+01
  ],
  ""type"": ""Point""
}","{
  ""coordinates"": [
    -83.239500507,
    42.443759239
  ],
  ""type"": ""Point""
}",-83.2395005069999,42.443759239
11956,1078690,OUTER,WHITCOMB,2017-07-08,8,7,2017,15,7,4,9,,2,0,,1,1,1,30,4,2,1,4,0,0,0,1,false,,false,false,true,false,false,,,,,,false,false,false,,,false,false,false,false,false,-83.19697,42.41978,"{
  ""coordinates"": [
    -8.319696437899999e+01,
    4.241977783700000e+01
  ],
  ""type"": ""Point""
}","{
  ""coordinates"": [
    -83.196964379,
    42.419777837
  ],
  ""type"": ""Point""
}",-83.196964379,42.419777837
11957,1077672,7 MILE,FAIRPORT,2017-07-08,8,7,2017,16,7,4,9,,4,0,,1,1,1,30,2,2,3,4,0,0,0,1,false,,false,false,false,false,false,,,,,,false,false,false,,,false,false,false,false,false,-82.9912,42.43479,"{
  ""coordinates"": [
    -8.299119752300000e+01,
    4.243478963800000e+01
  ],
  ""type"": ""Point""
}","{
  ""coordinates"": [
    -82.991197523,
    42.434789638
  ],
  ""type"": ""Point""
}",-82.991197523,42.434789638
11958,1081367,GRAND,WOODWARD,2017-07-08,8,7,2017,18,7,5,3,,4,0,,1,1,1,40,8,2,2,5,0,0,0,0,true,,false,false,false,false,false,,,,,,false,false,true,,,false,false,false,false,false,-83.07295,42.3703,"{
  ""coordinates"": [
    -8.307295512000000e+01,
    4.237029913600000e+01
  ],
  ""type"": ""Point""
}","{
  ""coordinates"": [
    -83.07295512,
    42.370299136
  ],
  ""type"": ""Point""
}",-83.07295512,42.370299136
11959,1077622,LIVERNOIS,TOLEDO,2017-07-08,8,7,2017,8,7,4,9,,4,0,,2,1,1,35,5,2,2,5,0,0,0,0,true,,false,false,false,false,false,,,,,,false,false,true,,,false,false,false,false,false,-83.11089,42.31814,"{
  ""coordinates"": [
    -8.311089397300000e+01,
    4.231814220100010e+01
  ],
  ""type"": ""Point""
}","{
  ""coordinates"": [
    -83.110893973,
    42.318142201
  ],
  ""type"": ""Point""
}",-83.110893973,42.3181422010001
11960,1082144,I-94,ROSA PARKS,2017-07-08,8,7,2017,11,7,8,1,,1,0,,1,1,1,55,3,2,3,5,0,0,0,0,true,,false,false,false,false,false,,,,,,false,false,true,,,false,false,false,false,false,-83.08699,42.35407,"{
  ""coordinates"": [
    -8.308699115099991e+01,
    4.235406854700010e+01
  ],
  ""type"": ""Point""
}","{
  ""coordinates"": [
    -83.086991151,
    42.354068547
  ],
  ""type"": ""Point""
}",-83.0869911509999,42.3540685470001
11961,1085323,RAMP 219C,I-94,2017-07-08,8,7,2017,3,7,2,1,,1,0,,1,1,4,55,1,2,2,2,0,1,0,1,false,,false,false,false,true,false,,,,,,false,false,true,,,false,false,false,false,false,-83.00684,42.39146,"{
  ""coordinates"": [
    -8.300683934400000e+01,
    4.239145953500010e+01
  ],
  ""type"": ""Point""
}","{
  ""coordinates"": [
    -83.006839344,
    42.391459535
  ],
  ""type"": ""Point""
}",-83.006839344,42.3914595350001
11962,1094154,LARNED,S I 375,2017-07-08,8,7,2017,23,7,3,9,,4,0,,1,1,4,35,3,2,5,4,0,0,0,1,false,,false,false,false,false,false,,,,,,false,false,true,,,false,false,false,false,false,-83.03628,42.3333,"{
  ""coordinates"": [
    -8.303627840400000e+01,
    4.233330001500010e+01
  ],
  ""type"": ""Point""
}","{
  ""coordinates"": [
    -83.036278404,
    42.333300015
  ],
  ""type"": ""Point""
}",-83.036278404,42.3333000150001
11963,1077642,GREENFIELD,E I 96 CD,2017-07-08,8,7,2017,20,7,8,1,,2,0,,1,1,1,35,3,2,5,4,0,0,0,4,false,,true,true,false,false,false,,,,,,false,false,false,,,false,false,false,false,false,-83.19822,42.37888,"{
  ""coordinates"": [
    -8.319822152300000e+01,
    4.237888245700000e+01
  ],
  ""type"": ""Point""
}","{
  ""coordinates"": [
    -83.198221523,
    42.378882457
  ],
  ""type"": ""Point""
}",-83.198221523,42.378882457
11964,1078687,GREENFIELD,MCNICHOLS,2017-07-08,8,7,2017,17,7,5,9,,2,0,,1,1,1,35,4,2,1,5,0,0,0,0,true,,false,false,false,false,false,,,,,,false,false,false,,,false,false,false,false,false,-83.19931,42.41599,"{
  ""coordinates"": [
    -8.319931202500000e+01,
    4.241598999000010e+01
  ],
  ""type"": ""Point""
}","{
  ""coordinates"": [
    -83.199312025,
    42.41598999
  ],
  ""type"": ""Point""
}",-83.199312025,42.4159899900001
11965,1077637,JOY,FIELDING,2017-07-08,8,7,2017,16,7,4,9,,2,0,,1,1,1,35,5,2,1,4,0,0,0,1,false,,false,false,true,false,false,,,,,,false,false,false,,,false,false,false,false,false,-83.24081,42.35748,"{
  ""coordinates"": [
    -8.324080592999999e+01,
    4.235748379800000e+01
  ],
  ""type"": ""Point""
}","{
  ""coordinates"": [
    -83.24080593,
    42.357483798
  ],
  ""type"": ""Point""
}",-83.24080593,42.357483798
11966,1080453,JEFFERSON,SHELBY,2017-07-08,8,7,2017,3,7,8,9,,5,0,,1,2,4,30,3,2,2,5,0,0,0,0,true,,false,false,false,false,false,,,,,,false,false,true,,,false,false,false,false,false,-83.047,42.32784,"{
  ""coordinates"": [
    -8.304700445200000e+01,
    4.232783492500000e+01
  ],
  ""type"": ""Point""
}","{
  ""coordinates"": [
    -83.047004452,
    42.327834925
  ],
  ""type"": ""Point""
}",-83.047004452,42.327834925
11967,1079671,GRAND RIVER,REDFORD,2017-07-08,8,7,2017,22,7,4,3,,1,0,,1,1,4,35,6,2,22,4,0,0,0,2,false,,false,false,false,false,false,,,,,,false,false,true,,,false,false,false,false,false,-83.25858,42.41687,"{
  ""coordinates"": [
    -8.325858467499999e+01,
    4.241687538300000e+01
  ],
  ""type"": ""Point""
}","{
  ""coordinates"": [
    -83.258584675,
    42.416875383
  ],
  ""type"": ""Point""
}",-83.258584675,42.416875383
11968,1083358,CADIUEX,CHANDLER PARK,2017-07-08,8,7,2017,13,7,5,9,,4,0,,1,1,1,30,4,2,1,5,0,0,0,0,true,,false,false,false,false,false,,,,,,false,true,false,,,false,false,false,false,false,-82.93312,42.41111,"{
  ""coordinates"": [
    -8.293311956100000e+01,
    4.241111346800010e+01
  ],
  ""type"": ""Point""
}","{
  ""coordinates"": [
    -82.933119561,
    42.411113468
  ],
  ""type"": ""Point""
}",-82.933119561,42.4111134680001
11969,1077660,8 MILE,EVERGREEN,2017-07-08,8,7,2017,16,7,5,3,,1,0,,1,1,1,45,3,2,1,4,0,0,0,1,false,,false,false,false,false,false,,,,,,false,false,false,,,false,false,false,false,false,-83.2394,42.44376,"{
  ""coordinates"": [
    -8.323940220500000e+01,
    4.244376192900010e+01
  ],
  ""type"": ""Point""
}","{
  ""coordinates"": [
    -83.239402205,
    42.443761929
  ],
  ""type"": ""Point""
}",-83.239402205,42.4437619290001
11970,1078655,MACOMB,BRUSH,2017-07-08,8,7,2017,21,7,6,9,,4,0,,1,1,1,25,1,2,2,4,0,0,0,2,false,,false,false,true,false,false,,,,,,false,false,true,,,false,false,false,false,false,-83.04418,42.33512,"{
  ""coordinates"": [
    -8.304418359399990e+01,
    4.233511714000010e+01
  ],
  ""type"": ""Point""
}","{
  ""coordinates"": [
    -83.044183594,
    42.33511714
  ],
  ""type"": ""Point""
}",-83.0441835939999,42.3351171400001
11971,1077700,8 MILE,HOOVER,2017-07-08,8,7,2017,17,7,5,3,,1,0,,1,1,1,40,6,2,3,4,0,0,0,2,false,,false,false,true,false,false,,,,,,false,false,false,,,false,false,false,false,false,-83.00764,42.44871,"{
  ""coordinates"": [
    -8.300764403600000e+01,
    4.244871016100010e+01
  ],
  ""type"": ""Point""
}","{
  ""coordinates"": [
    -83.007644036,
    42.448710161
  ],
  ""type"": ""Point""
}",-83.007644036,42.4487101610001
11972,1077618,FORT,GREEN,2017-07-08,8,7,2017,0,7,5,3,,1,0,,1,1,4,30,5,2,2,4,0,0,0,1,false,,false,false,false,false,false,,,,,,false,true,false,,,false,false,false,false,false,-83.1132,42.30254,"{
  ""coordinates"": [
    -8.311319661200000e+01,
    4.230253758200010e+01
  ],
  ""type"": ""Point""
}","{
  ""coordinates"": [
    -83.113196612,
    42.302537582
  ],
  ""type"": ""Point""
}",-83.113196612,42.3025375820001
11973,1078685,7 MILE,LIVERNOIS,2017-07-08,8,7,2017,14,7,5,9,,2,0,,1,1,1,35,4,2,4,5,0,0,0,0,true,,false,false,false,false,false,,,,,,false,false,true,,,false,false,false,false,false,-83.14148,42.43161,"{
  ""coordinates"": [
    -8.314148070600000e+01,
    4.243161319900000e+01
  ],
  ""type"": ""Point""
}","{
  ""coordinates"": [
    -83.141480706,
    42.431613199
  ],
  ""type"": ""Point""
}",-83.141480706,42.431613199
11974,1077610,WARREN,EPWORTH,2017-07-08,8,7,2017,7,7,3,9,,4,0,,1,1,1,45,3,2,1,5,0,0,0,0,true,,false,false,true,false,false,,,,,,false,false,false,,,false,false,false,false,false,-83.12448,42.3445,"{
  ""coordinates"": [
    -8.312448278999990e+01,
    4.234449871700010e+01
  ],
  ""type"": ""Point""
}","{
  ""coordinates"": [
    -83.12448279,
    42.344498717
  ],
  ""type"": ""Point""
}",-83.1244827899999,42.3444987170001