ObjectId,Crash ID,Primary Road,Intersecting Road,Crash Date,Day,Month,Year,Hour,Weekday,Crash Type Code,Highway Classification Code,Community Code,Jurisdiction Code,Lane Departure Type Code,Surface Type,Road Condition,Weather Condition,Lighting Condition,Speed Limit,Lanes,Units,Occupants,Most Severe Injury,Fatal Injuries,Suspected Serious Injuries,Suspected Minor Injuries,Possible Injuries,Property Damage Only,Secondary Crash,Traffic Control,Red Light Run,Hit and Run,Alcohol,Drugs,Unbelted Person,Work Zone,Speeding Driver,Distracted Driver,Driveway,Pedestrian,Elderly Driver,Young Driver,Commercial Vehicle,Emergency Vehicles,Train,School Bus,Motorcycle,Bicycle,Deer,Longitude,Latitude,geom,geog,x,y
12032,1077580,I-75,7 MILE,2017-07-07,7,7,2017,7,6,5,1,,1,0,,2,4,2,70,4,2,2,4,0,0,0,1,false,,false,false,false,false,false,,,,,,false,false,false,,,false,false,false,false,false,-83.09438,42.43032,"{
  ""coordinates"": [
    -8.309437942300001e+01,
    4.243032444200000e+01
  ],
  ""type"": ""Point""
}","{
  ""coordinates"": [
    -83.094379423,
    42.430324442
  ],
  ""type"": ""Point""
}",-83.094379423,42.430324442
12033,1080500,MAPLEWOOD,NORTHFIELD,2017-07-07,7,7,2017,12,6,8,9,,,0,,1,1,1,25,2,3,2,5,0,0,0,0,true,,false,false,false,false,false,,,,,,false,true,false,,,false,false,false,false,false,-83.13043,42.35803,"{
  ""coordinates"": [
    -8.313043105299990e+01,
    4.235803365300010e+01
  ],
  ""type"": ""Point""
}","{
  ""coordinates"": [
    -83.130431053,
    42.358033653
  ],
  ""type"": ""Point""
}",-83.1304310529999,42.3580336530001
12034,1079670,WISCONSIN,FLORENCE,2017-07-07,7,7,2017,21,6,5,9,,,0,,1,1,3,25,2,2,0,5,0,0,0,0,true,,false,false,true,false,false,,,,,,false,false,false,,,false,false,false,false,false,-83.15685,42.41239,"{
  ""coordinates"": [
    -8.315685296200000e+01,
    4.241238789400010e+01
  ],
  ""type"": ""Point""
}","{
  ""coordinates"": [
    -83.156852962,
    42.412387894
  ],
  ""type"": ""Point""
}",-83.156852962,42.4123878940001
12035,1077588,I-94,MT ELLIOTT,2017-07-07,7,7,2017,19,6,5,1,,1,0,,1,1,1,55,3,2,2,5,0,0,0,0,true,,false,false,false,false,false,,,,,,false,false,true,,,false,false,false,false,false,-83.02742,42.38452,"{
  ""coordinates"": [
    -8.302741834299999e+01,
    4.238451963300000e+01
  ],
  ""type"": ""Point""
}","{
  ""coordinates"": [
    -83.027418343,
    42.384519633
  ],
  ""type"": ""Point""
}",-83.027418343,42.384519633
12036,1077597,I-94,CONCORD,2017-07-07,7,7,2017,7,6,8,1,,1,0,,2,4,2,55,3,2,2,5,0,0,0,0,true,,false,false,false,false,false,,,,,,false,false,false,,,false,false,false,false,false,-83.02837,42.38419,"{
  ""coordinates"": [
    -8.302836851599990e+01,
    4.238418916300000e+01
  ],
  ""type"": ""Point""
}","{
  ""coordinates"": [
    -83.028368516,
    42.384189163
  ],
  ""type"": ""Point""
}",-83.0283685159999,42.384189163
12037,1080458,7 MILE,TELEGRAPH,2017-07-07,7,7,2017,21,6,5,2,,2,0,,2,4,3,40,3,2,1,5,0,0,0,0,true,,false,false,false,false,false,,,,,,false,false,false,,,false,false,false,false,false,-83.27762,42.42894,"{
  ""coordinates"": [
    -8.327761561900000e+01,
    4.242894395800000e+01
  ],
  ""type"": ""Point""
}","{
  ""coordinates"": [
    -83.277615619,
    42.428943958
  ],
  ""type"": ""Point""
}",-83.277615619,42.428943958
12038,1077702,GREENLAWN,CLARITA,2017-07-07,7,7,2017,19,6,98,9,,,0,,2,4,1,25,2,3,2,4,0,0,0,1,false,,false,false,false,false,false,,,,,,false,false,false,,,false,false,false,false,false,-83.1518,42.42958,"{
  ""coordinates"": [
    -8.315180570099990e+01,
    4.242957869100010e+01
  ],
  ""type"": ""Point""
}","{
  ""coordinates"": [
    -83.151805701,
    42.429578691
  ],
  ""type"": ""Point""
}",-83.1518057009999,42.4295786910001
12039,1082137,I 94,LIVERNOIS,2017-07-07,7,7,2017,19,6,8,1,,1,0,,2,4,1,55,3,2,5,4,0,0,0,2,false,,false,false,false,false,false,,,,,,false,false,false,,,false,false,false,false,false,-83.1233,42.3381,"{
  ""coordinates"": [
    -8.312329703899999e+01,
    4.233810148100010e+01
  ],
  ""type"": ""Point""
}","{
  ""coordinates"": [
    -83.123297039,
    42.338101481
  ],
  ""type"": ""Point""
}",-83.123297039,42.3381014810001
12040,1076177,JOY,STRATHMOOR,2017-07-07,7,7,2017,8,6,5,9,,4,0,,2,2,1,30,3,2,2,5,0,0,0,0,true,,false,false,false,false,false,,,,,,false,false,false,,,false,false,false,false,false,-83.18619,42.35838,"{
  ""coordinates"": [
    -8.318618710200001e+01,
    4.235837540800000e+01
  ],
  ""type"": ""Point""
}","{
  ""coordinates"": [
    -83.186187102,
    42.358375408
  ],
  ""type"": ""Point""
}",-83.186187102,42.358375408
12041,1077650,JEFFERSON,CHENE,2017-07-07,7,7,2017,14,6,1,9,,4,0,,1,1,1,35,9,2,1,2,0,1,0,0,false,,false,false,false,false,false,,,,,,true,false,true,,,false,false,false,false,false,-83.02176,42.33863,"{
  ""coordinates"": [
    -8.302176006300000e+01,
    4.233863028600010e+01
  ],
  ""type"": ""Point""
}","{
  ""coordinates"": [
    -83.021760063,
    42.338630286
  ],
  ""type"": ""Point""
}",-83.021760063,42.3386302860001
12042,1078709,FERRY,CASS,2017-07-07,7,7,2017,11,6,8,9,,4,0,,1,1,1,25,2,2,2,5,0,0,0,0,true,,false,false,true,false,false,,,,,,false,false,false,,,false,false,false,false,false,-83.04369,42.36983,"{
  ""coordinates"": [
    -8.304369636599991e+01,
    4.236982803000010e+01
  ],
  ""type"": ""Point""
}","{
  ""coordinates"": [
    -83.043696366,
    42.36982803
  ],
  ""type"": ""Point""
}",-83.0436963659999,42.3698280300001
12043,1077689,8 MILE,VANDYKE,2017-07-07,7,7,2017,16,6,5,3,,1,0,,1,1,1,40,4,2,2,5,0,0,0,0,true,,false,false,false,false,false,,,,,,false,false,false,,,false,false,false,false,false,-83.02453,42.44817,"{
  ""coordinates"": [
    -8.302452621000000e+01,
    4.244817111400000e+01
  ],
  ""type"": ""Point""
}","{
  ""coordinates"": [
    -83.02452621,
    42.448171114
  ],
  ""type"": ""Point""
}",-83.02452621,42.448171114
12044,1077626,EDSEL,CHALMERS,2017-07-07,7,7,2017,20,6,5,1,,1,0,,2,4,1,55,3,2,2,4,0,0,0,1,false,,false,false,true,false,false,,,,,,false,false,false,,,false,false,false,false,false,-82.96455,42.40361,"{
  ""coordinates"": [
    -8.296455689399990e+01,
    4.240360571800010e+01
  ],
  ""type"": ""Point""
}","{
  ""coordinates"": [
    -82.964556894,
    42.403605718
  ],
  ""type"": ""Point""
}",-82.9645568939999,42.4036057180001
12045,1083314,W I 96 CD,WYOMING,2017-07-07,7,7,2017,0,6,1,1,,1,1,,1,2,4,55,2,1,3,3,0,0,2,1,false,,false,false,false,false,false,,,,,,false,false,true,,,false,false,false,false,false,-83.15833,42.38562,"{
  ""coordinates"": [
    -8.315833598400000e+01,
    4.238562118000000e+01
  ],
  ""type"": ""Point""
}","{
  ""coordinates"": [
    -83.158335984,
    42.38562118
  ],
  ""type"": ""Point""
}",-83.158335984,42.38562118
12046,1078694,PINEHURST,7 MILE,2017-07-07,7,7,2017,9,6,98,9,,,0,,98,98,98,25,2,2,1,5,0,0,0,0,true,,false,false,true,false,false,,,,,,false,false,false,,,false,false,false,false,false,-83.16753,42.43156,"{
  ""coordinates"": [
    -8.316753256899990e+01,
    4.243155791000000e+01
  ],
  ""type"": ""Point""
}","{
  ""coordinates"": [
    -83.167532569,
    42.43155791
  ],
  ""type"": ""Point""
}",-83.1675325689999,42.43155791
12047,1077587,S/B M-39,FENKELL,2017-07-07,7,7,2017,21,6,1,3,,1,1,,2,4,1,55,3,1,1,5,0,0,0,0,true,,false,false,false,false,false,,,,,,false,false,false,,,false,false,false,false,false,-83.21835,42.40257,"{
  ""coordinates"": [
    -8.321835054099989e+01,
    4.240256882100000e+01
  ],
  ""type"": ""Point""
}","{
  ""coordinates"": [
    -83.218350541,
    42.402568821
  ],
  ""type"": ""Point""
}",-83.2183505409999,42.402568821
12048,1077644,GRATIOT,ST AUBIN,2017-07-07,7,7,2017,22,6,97,3,,1,0,,2,4,4,30,5,3,2,5,0,0,0,0,true,,true,true,true,false,false,,,,,,false,false,true,,,false,false,false,false,false,-83.0343,42.34929,"{
  ""coordinates"": [
    -8.303430448700000e+01,
    4.234928819900010e+01
  ],
  ""type"": ""Point""
}","{
  ""coordinates"": [
    -83.034304487,
    42.349288199
  ],
  ""type"": ""Point""
}",-83.034304487,42.3492881990001
12049,1077664,HAYES,CARLISLE,2017-07-07,7,7,2017,13,6,1,9,,4,0,,1,1,1,30,4,1,1,4,0,0,0,1,false,,false,false,false,false,true,,,,,,false,false,false,,,false,false,false,false,false,-82.96606,42.44907,"{
  ""coordinates"": [
    -8.296605552299999e+01,
    4.244906571400000e+01
  ],
  ""type"": ""Point""
}","{
  ""coordinates"": [
    -82.966055523,
    42.449065714
  ],
  ""type"": ""Point""
}",-82.966055523,42.449065714
12050,1077692,7 MILE,DEQUINDRE,2017-07-07,7,7,2017,20,6,5,9,,4,0,,2,4,3,35,2,2,2,5,0,0,0,0,true,,false,false,false,false,false,,,,,,false,false,false,,,false,false,false,false,false,-83.08289,42.43291,"{
  ""coordinates"": [
    -8.308288978400000e+01,
    4.243290816400000e+01
  ],
  ""type"": ""Point""
}","{
  ""coordinates"": [
    -83.082889784,
    42.432908164
  ],
  ""type"": ""Point""
}",-83.082889784,42.432908164
12051,1077679,W I 96,GRAND,2017-07-07,7,7,2017,6,6,97,1,,1,0,,2,4,2,55,4,2,2,5,0,0,0,0,true,,false,false,false,false,false,,,,,,false,false,true,,,false,false,false,false,false,-83.11065,42.35606,"{
  ""coordinates"": [
    -8.311064868999991e+01,
    4.235606057700010e+01
  ],
  ""type"": ""Point""
}","{
  ""coordinates"": [
    -83.11064869,
    42.356060577
  ],
  ""type"": ""Point""
}",-83.1106486899999,42.3560605770001
12052,1078711,BRUSH,E I 94,2017-07-07,7,7,2017,14,6,1,9,,4,0,,1,1,1,25,2,1,2,5,0,0,0,0,true,,false,false,false,false,false,,,,,,false,false,false,,,false,false,false,false,false,-83.06448,42.36567,"{
  ""coordinates"": [
    -8.306447708099989e+01,
    4.236566971300000e+01
  ],
  ""type"": ""Point""
}","{
  ""coordinates"": [
    -83.064477081,
    42.365669713
  ],
  ""type"": ""Point""
}",-83.0644770809999,42.365669713
12053,1077690,OUTER,ALBANY,2017-07-07,7,7,2017,11,6,4,9,,2,0,,1,1,1,35,4,2,3,5,0,0,0,0,true,,false,false,false,false,false,,,,,,false,true,false,,,false,false,false,false,false,-83.04517,42.4407,"{
  ""coordinates"": [
    -8.304516812400000e+01,
    4.244069932500000e+01
  ],
  ""type"": ""Point""
}","{
  ""coordinates"": [
    -83.045168124,
    42.440699325
  ],
  ""type"": ""Point""
}",-83.045168124,42.440699325
12054,1077671,PINEWOOD,HOYT,2017-07-07,7,7,2017,17,6,10,9,,,0,,1,1,1,25,1,2,1,5,0,0,0,0,true,,false,false,false,false,false,,,,,,false,false,false,,,false,false,false,false,false,-82.98111,42.43869,"{
  ""coordinates"": [
    -8.298110926399990e+01,
    4.243869447300010e+01
  ],
  ""type"": ""Point""
}","{
  ""coordinates"": [
    -82.981109264,
    42.438694473
  ],
  ""type"": ""Point""
}",-82.9811092639999,42.4386944730001
12055,1077598,RAMP 224D,W I 94,2017-07-07,7,7,2017,16,6,5,1,,1,0,,1,1,1,55,1,2,3,5,0,0,0,0,true,,false,false,false,false,false,,,,,,false,false,false,,,false,false,false,false,false,-82.93035,42.42289,"{
  ""coordinates"": [
    -8.293035081600000e+01,
    4.242289478300010e+01
  ],
  ""type"": ""Point""
}","{
  ""coordinates"": [
    -82.930350816,
    42.422894783
  ],
  ""type"": ""Point""
}",-82.930350816,42.4228947830001
12056,1083392,SCHOEHERR,8 MILE,2017-07-07,7,7,2017,17,6,5,3,,,0,,1,1,1,35,2,2,3,5,0,0,0,0,true,,false,false,false,false,false,,,,,,false,true,false,,,false,false,false,false,false,-82.98566,42.44929,"{
  ""coordinates"": [
    -8.298565397999990e+01,
    4.244928674100000e+01
  ],
  ""type"": ""Point""
}","{
  ""coordinates"": [
    -82.98565398,
    42.449286741
  ],
  ""type"": ""Point""
}",-82.9856539799999,42.449286741
12057,1123528,TELEGRAPH,MCNICHOLS,2017-07-07,7,7,2017,21,6,5,2,,1,0,,2,2,3,50,5,2,2,5,0,0,0,0,true,,false,false,false,false,false,,,,,,false,false,false,,,false,false,false,false,false,-83.2773,42.41232,"{
  ""coordinates"": [
    -8.327729820099999e+01,
    4.241232453800010e+01
  ],
  ""type"": ""Point""
}","{
  ""coordinates"": [
    -83.277298201,
    42.412324538
  ],
  ""type"": ""Point""
}",-83.277298201,42.4123245380001
12058,1077565,N I 75,I 75 SERVICE DRIVE,2017-07-07,7,7,2017,16,6,5,1,,1,0,,1,1,1,70,4,3,3,4,0,0,0,1,false,,false,false,false,false,false,,,,,,false,false,false,,,false,false,false,false,false,-83.0947,42.43332,"{
  ""coordinates"": [
    -8.309470052800000e+01,
    4.243331564700000e+01
  ],
  ""type"": ""Point""
}","{
  ""coordinates"": [
    -83.094700528,
    42.433315647
  ],
  ""type"": ""Point""
}",-83.094700528,42.433315647
12059,1095926,SEVEN MILE,PELKEY,2017-07-07,7,7,2017,12,6,8,9,,4,0,,1,1,1,35,4,2,2,5,0,0,0,0,true,,false,false,false,false,false,,,,,,false,false,true,,,false,false,false,false,false,-82.98652,42.43489,"{
  ""coordinates"": [
    -8.298651508499999e+01,
    4.243489554600010e+01
  ],
  ""type"": ""Point""
}","{
  ""coordinates"": [
    -82.986515085,
    42.434895546
  ],
  ""type"": ""Point""
}",-82.986515085,42.4348955460001
12060,1077613,MICHIGAN,ST JAMES T,2017-07-07,7,7,2017,11,6,5,2,,1,0,,1,1,1,35,6,2,2,5,0,0,0,0,true,,false,false,false,false,false,,,,,,false,false,true,,,false,false,false,false,false,-83.15071,42.32946,"{
  ""coordinates"": [
    -8.315070921099991e+01,
    4.232946521200010e+01
  ],
  ""type"": ""Point""
}","{
  ""coordinates"": [
    -83.150709211,
    42.329465212
  ],
  ""type"": ""Point""
}",-83.1507092109999,42.3294652120001
12061,1077582,I-94,LONYO,2017-07-07,7,7,2017,20,6,8,1,,1,0,,2,4,1,55,3,2,2,5,0,0,0,0,true,,false,false,false,false,false,,,,,,false,false,false,,,false,false,false,false,false,-83.14467,42.33132,"{
  ""coordinates"": [
    -8.314466908199999e+01,
    4.233131965900000e+01
  ],
  ""type"": ""Point""
}","{
  ""coordinates"": [
    -83.144669082,
    42.331319659
  ],
  ""type"": ""Point""
}",-83.144669082,42.331319659
12062,1077656,TELEGRAPH,8 MILE,2017-07-07,7,7,2017,19,6,1,2,,1,1,,2,4,4,40,4,1,1,4,0,0,0,1,false,,false,false,false,false,false,,,,,,false,false,true,,,false,false,false,false,false,-83.27832,42.44266,"{
  ""coordinates"": [
    -8.327831790000000e+01,
    4.244266198200010e+01
  ],
  ""type"": ""Point""
}","{
  ""coordinates"": [
    -83.2783179,
    42.442661982
  ],
  ""type"": ""Point""
}",-83.2783179,42.4426619820001
12063,1077570,I 94,WOODWARD,2017-07-07,7,7,2017,17,6,5,1,,1,0,,1,1,1,55,3,2,2,5,0,0,0,0,true,,false,false,false,false,false,,,,,,false,false,false,,,false,false,false,false,false,-83.07033,42.36282,"{
  ""coordinates"": [
    -8.307032406699990e+01,
    4.236281766000010e+01
  ],
  ""type"": ""Point""
}","{
  ""coordinates"": [
    -83.070324067,
    42.36281766
  ],
  ""type"": ""Point""
}",-83.0703240669999,42.3628176600001
12064,1078693,WOODWARD,STATE FAIR,2017-07-07,7,7,2017,8,6,5,3,,1,0,,2,1,1,45,4,2,2,5,0,0,0,0,true,,false,false,false,false,false,,,,,,false,false,false,,,false,false,false,false,false,-83.12034,42.4394,"{
  ""coordinates"": [
    -8.312034117899999e+01,
    4.243940109100000e+01
  ],
  ""type"": ""Point""
}","{
  ""coordinates"": [
    -83.120341179,
    42.439401091
  ],
  ""type"": ""Point""
}",-83.120341179,42.439401091
12065,1099404,MEYERS,MCNICHOLS,2017-07-07,7,7,2017,18,6,4,9,,4,0,,1,1,1,35,4,2,2,5,0,0,0,0,true,,false,false,false,false,false,,,,,,false,false,true,,,false,false,false,false,false,-83.17013,42.41672,"{
  ""coordinates"": [
    -8.317012690300000e+01,
    4.241672091400010e+01
  ],
  ""type"": ""Point""
}","{
  ""coordinates"": [
    -83.170126903,
    42.416720914
  ],
  ""type"": ""Point""
}",-83.170126903,42.4167209140001
12066,1077687,8 MILE,N I 75,2017-07-07,7,7,2017,12,6,9,3,,1,0,,1,1,1,40,3,2,2,5,0,0,0,0,true,,false,false,false,false,false,,,,,,false,false,true,,,false,false,false,false,false,-83.09465,42.44681,"{
  ""coordinates"": [
    -8.309465169700000e+01,
    4.244680965000000e+01
  ],
  ""type"": ""Point""
}","{
  ""coordinates"": [
    -83.094651697,
    42.44680965
  ],
  ""type"": ""Point""
}",-83.094651697,42.44680965
12067,1077596,RAMP 125C,LARNED,2017-07-07,7,7,2017,8,6,5,3,,1,0,,2,1,1,55,3,2,2,4,0,0,0,1,false,,false,false,false,false,false,,,,,,false,false,true,,,false,false,false,false,false,-83.05258,42.32634,"{
  ""coordinates"": [
    -8.305258398300001e+01,
    4.232633936400000e+01
  ],
  ""type"": ""Point""
}","{
  ""coordinates"": [
    -83.052583983,
    42.326339364
  ],
  ""type"": ""Point""
}",-83.052583983,42.326339364
12068,1085328,I-75,CLAY,2017-07-07,7,7,2017,6,6,5,1,,1,0,,2,4,1,55,4,2,6,4,0,0,0,1,false,,false,false,false,false,false,,,,,,false,false,true,,,false,false,false,false,false,-83.06374,42.37959,"{
  ""coordinates"": [
    -8.306374029700000e+01,
    4.237958541800000e+01
  ],
  ""type"": ""Point""
}","{
  ""coordinates"": [
    -83.063740297,
    42.379585418
  ],
  ""type"": ""Point""
}",-83.063740297,42.379585418
12069,1076172,N M 10,RAMP 109C,2017-07-06,6,7,2017,18,5,8,3,,1,0,,1,1,1,55,3,3,3,5,0,0,0,0,true,,false,false,false,false,false,,,,,,false,false,true,,,false,false,false,false,false,-83.10851,42.39678,"{
  ""coordinates"": [
    -8.310851140499990e+01,
    4.239678127300000e+01
  ],
  ""type"": ""Point""
}","{
  ""coordinates"": [
    -83.108511405,
    42.396781273
  ],
  ""type"": ""Point""
}",-83.1085114049999,42.396781273
12070,1095881,PATTON,CHICAGO,2017-07-06,6,7,2017,11,5,4,9,,,0,,1,1,1,25,2,2,2,5,0,0,0,0,true,,false,false,false,false,false,,,,,,false,true,false,,,false,false,false,false,false,-83.24221,42.3646,"{
  ""coordinates"": [
    -8.324221229200000e+01,
    4.236459966300000e+01
  ],
  ""type"": ""Point""
}","{
  ""coordinates"": [
    -83.242212292,
    42.364599663
  ],
  ""type"": ""Point""
}",-83.242212292,42.364599663
12071,1077605,ROBSON,CATHEDRAL,2017-07-06,6,7,2017,16,5,5,9,,,0,,1,1,1,25,2,2,4,5,0,0,0,0,true,,false,false,false,false,false,,,,,,false,false,true,,,false,false,false,false,false,-83.19172,42.36196,"{
  ""coordinates"": [
    -8.319171671700001e+01,
    4.236196101300000e+01
  ],
  ""type"": ""Point""
}","{
  ""coordinates"": [
    -83.191716717,
    42.361961013
  ],
  ""type"": ""Point""
}",-83.191716717,42.361961013
12072,1075083,M-39,8 MILE,2017-07-06,6,7,2017,8,5,8,3,,1,0,,1,2,1,55,3,3,3,5,0,0,0,0,true,,false,false,false,false,false,,,,,,false,false,false,,,false,false,false,false,false,-83.21967,42.44273,"{
  ""coordinates"": [
    -8.321967341000000e+01,
    4.244272962200010e+01
  ],
  ""type"": ""Point""
}","{
  ""coordinates"": [
    -83.21967341,
    42.442729622
  ],
  ""type"": ""Point""
}",-83.21967341,42.4427296220001
12073,1077648,JEFFERSON,FIELD,2017-07-06,6,7,2017,15,5,97,9,,4,0,,1,1,1,35,8,2,2,2,0,1,0,0,false,,false,false,false,false,false,,,,,,false,false,false,,,false,false,true,false,false,-83.00056,42.34781,"{
  ""coordinates"": [
    -8.300056754400001e+01,
    4.234780925500010e+01
  ],
  ""type"": ""Point""
}","{
  ""coordinates"": [
    -83.000567544,
    42.347809255
  ],
  ""type"": ""Point""
}",-83.000567544,42.3478092550001
12074,1077665,SOMERSET,YORKSHIRE,2017-07-06,6,7,2017,21,5,5,9,,,0,,1,1,1,25,2,2,2,5,0,0,0,0,true,,false,false,false,false,false,,,,,,false,false,false,,,false,false,false,false,false,-82.94836,42.41755,"{
  ""coordinates"": [
    -8.294835558900000e+01,
    4.241754477800000e+01
  ],
  ""type"": ""Point""
}","{
  ""coordinates"": [
    -82.948355589,
    42.417544778
  ],
  ""type"": ""Point""
}",-82.948355589,42.417544778
12075,1107772,BATES,JEFFERSON,2017-07-06,6,7,2017,15,5,1,3,,4,0,,1,1,1,25,2,2,2,3,0,0,1,0,false,,false,false,false,false,false,,,,,,false,false,false,,,false,false,false,true,false,-83.04346,42.32892,"{
  ""coordinates"": [
    -8.304346625200000e+01,
    4.232891895800000e+01
  ],
  ""type"": ""Point""
}","{
  ""coordinates"": [
    -83.043466252,
    42.328918958
  ],
  ""type"": ""Point""
}",-83.043466252,42.328918958
12076,1083399,OUTER,GREINER,2017-07-06,6,7,2017,0,5,1,9,,2,0,,98,98,98,25,4,1,1,5,0,0,0,0,true,,false,false,false,false,false,,,,,,false,false,false,,,false,false,false,false,false,-83.01402,42.42696,"{
  ""coordinates"": [
    -8.301401580700001e+01,
    4.242696490900000e+01
  ],
  ""type"": ""Point""
}","{
  ""coordinates"": [
    -83.014015807,
    42.426964909
  ],
  ""type"": ""Point""
}",-83.014015807,42.426964909
12077,1077611,MICHIGAN,WEIR,2017-07-06,6,7,2017,18,5,5,2,,1,0,,1,1,1,35,5,2,1,4,0,0,0,1,false,,false,false,false,false,false,,,,,,false,false,false,,,false,false,false,false,false,-83.15357,42.32863,"{
  ""coordinates"": [
    -8.315356966900001e+01,
    4.232863171800010e+01
  ],
  ""type"": ""Point""
}","{
  ""coordinates"": [
    -83.153569669,
    42.328631718
  ],
  ""type"": ""Point""
}",-83.153569669,42.3286317180001
12078,1076218,MOUND,NEVADA,2017-07-06,6,7,2017,15,5,8,9,,2,0,,1,1,1,40,3,2,2,5,0,0,0,0,true,,false,false,false,false,false,,,,,,false,false,false,,,false,false,false,false,false,-83.04305,42.42631,"{
  ""coordinates"": [
    -8.304305423600000e+01,
    4.242630717600010e+01
  ],
  ""type"": ""Point""
}","{
  ""coordinates"": [
    -83.043054236,
    42.426307176
  ],
  ""type"": ""Point""
}",-83.043054236,42.4263071760001
12079,1077564,I-94,I-75,2017-07-06,6,7,2017,16,5,5,1,,1,0,,1,1,1,55,3,2,2,5,0,0,0,0,true,,false,false,false,false,false,,,,,,false,false,false,,,false,false,false,false,false,-83.06653,42.36471,"{
  ""coordinates"": [
    -8.306653154599999e+01,
    4.236471227800010e+01
  ],
  ""type"": ""Point""
}","{
  ""coordinates"": [
    -83.066531546,
    42.364712278
  ],
  ""type"": ""Point""
}",-83.066531546,42.3647122780001
12080,1076227,18450 GREENLAWN,PICKFORD,2017-07-06,6,7,2017,16,5,8,9,,,3,,1,1,1,25,2,2,3,5,0,0,0,0,true,,false,false,false,false,false,,,,,,false,false,true,,,false,false,false,false,false,-83.1517,42.42662,"{
  ""coordinates"": [
    -8.315169293199990e+01,
    4.242662287400000e+01
  ],
  ""type"": ""Point""
}","{
  ""coordinates"": [
    -83.151692932,
    42.426622874
  ],
  ""type"": ""Point""
}",-83.1516929319999,42.426622874
12081,1076197,FORD,STAHELIN,2017-07-06,6,7,2017,15,5,5,3,,1,0,,1,1,1,45,8,2,3,5,0,0,0,0,true,,false,false,false,false,false,,,,,,false,false,true,,,false,false,false,false,false,-83.2235,42.32898,"{
  ""coordinates"": [
    -8.322349570599989e+01,
    4.232897509000000e+01
  ],
  ""type"": ""Point""
}","{
  ""coordinates"": [
    -83.223495706,
    42.32897509
  ],
  ""type"": ""Point""
}",-83.2234957059999,42.32897509
12082,1076163,WYOMING RAMP 105A,M-10,2017-07-06,6,7,2017,0,5,1,3,,1,1,,1,1,4,55,1,1,1,4,0,0,0,1,false,,false,false,false,false,false,,,,,,false,false,true,,,false,false,true,false,false,-83.16042,42.40582,"{
  ""coordinates"": [
    -8.316041685200000e+01,
    4.240581436500000e+01
  ],
  ""type"": ""Point""
}","{
  ""coordinates"": [
    -83.160416852,
    42.405814365
  ],
  ""type"": ""Point""
}",-83.160416852,42.405814365
12083,1076212,GRAND,ROSA PARKS,2017-07-06,6,7,2017,7,5,9,9,,,2,,1,1,1,0,4,2,2,5,0,0,0,0,true,,false,false,false,false,false,,,,,,false,false,true,,,false,false,false,false,false,-83.11404,42.39801,"{
  ""coordinates"": [
    -8.311403847199990e+01,
    4.239801417700010e+01
  ],
  ""type"": ""Point""
}","{
  ""coordinates"": [
    -83.114038472,
    42.398014177
  ],
  ""type"": ""Point""
}",-83.1140384719999,42.3980141770001
12084,1076209,HOUSTON WHITTIER,GROVER,2017-07-06,6,7,2017,16,5,5,9,,4,0,,1,1,1,30,2,2,4,5,0,0,0,0,true,,false,false,true,false,false,,,,,,false,false,false,,,false,false,false,false,false,-82.98044,42.42054,"{
  ""coordinates"": [
    -8.298043935200000e+01,
    4.242053533300000e+01
  ],
  ""type"": ""Point""
}","{
  ""coordinates"": [
    -82.980439352,
    42.420535333
  ],
  ""type"": ""Point""
}",-82.980439352,42.420535333
12085,1114296,I-75,WARREN,2017-07-06,6,7,2017,11,5,9,1,,1,0,,1,1,1,55,4,2,2,5,0,0,0,0,true,,false,false,false,false,false,,,,,,false,true,false,,,false,false,false,false,false,-83.05441,42.36128,"{
  ""coordinates"": [
    -8.305441436900000e+01,
    4.236128407900000e+01
  ],
  ""type"": ""Point""
}","{
  ""coordinates"": [
    -83.054414369,
    42.361284079
  ],
  ""type"": ""Point""
}",-83.054414369,42.361284079
12086,1076171,N M 10,GLENDALE,2017-07-06,6,7,2017,17,5,5,3,,1,0,,1,1,1,55,3,2,2,5,0,0,0,0,true,,false,false,false,false,false,,,,,,false,false,true,,,false,false,false,false,false,-83.10686,42.39441,"{
  ""coordinates"": [
    -8.310685434899990e+01,
    4.239440899700000e+01
  ],
  ""type"": ""Point""
}","{
  ""coordinates"": [
    -83.106854349,
    42.394408997
  ],
  ""type"": ""Point""
}",-83.1068543489999,42.394408997
12087,1077686,JOY,DEXTER,2017-07-06,6,7,2017,15,5,4,9,,4,0,,1,1,1,30,5,2,1,5,0,0,0,0,true,,false,false,true,false,false,,,,,,false,true,false,,,false,false,false,false,false,-83.11714,42.37034,"{
  ""coordinates"": [
    -8.311713800699989e+01,
    4.237033972800000e+01
  ],
  ""type"": ""Point""
}","{
  ""coordinates"": [
    -83.117138007,
    42.370339728
  ],
  ""type"": ""Point""
}",-83.1171380069999,42.370339728
12088,1076220,8 MILE,SYRACUSE,2017-07-06,6,7,2017,17,5,5,3,,1,0,,1,1,1,40,4,2,1,5,0,0,0,0,true,,false,false,true,false,false,,,,,,false,false,false,,,false,false,false,false,false,-83.04675,42.44769,"{
  ""coordinates"": [
    -8.304674177399990e+01,
    4.244769124000000e+01
  ],
  ""type"": ""Point""
}","{
  ""coordinates"": [
    -83.046741774,
    42.44769124
  ],
  ""type"": ""Point""
}",-83.0467417739999,42.44769124