ObjectId,Crash ID,Primary Road,Intersecting Road,Crash Date,Day,Month,Year,Hour,Weekday,Crash Type Code,Highway Classification Code,Community Code,Jurisdiction Code,Lane Departure Type Code,Surface Type,Road Condition,Weather Condition,Lighting Condition,Speed Limit,Lanes,Units,Occupants,Most Severe Injury,Fatal Injuries,Suspected Serious Injuries,Suspected Minor Injuries,Possible Injuries,Property Damage Only,Secondary Crash,Traffic Control,Red Light Run,Hit and Run,Alcohol,Drugs,Unbelted Person,Work Zone,Speeding Driver,Distracted Driver,Driveway,Pedestrian,Elderly Driver,Young Driver,Commercial Vehicle,Emergency Vehicles,Train,School Bus,Motorcycle,Bicycle,Deer,Longitude,Latitude,geom,geog,x,y
12146,1086580,E/B I-96,CHICAGO,2017-07-05,5,7,2017,8,4,1,1,,1,1,,1,1,1,70,4,1,1,4,0,0,0,1,false,,false,false,false,false,false,,,,,,false,false,false,,,false,false,false,false,false,-83.14245,42.36861,"{
  ""coordinates"": [
    -8.314244807700000e+01,
    4.236860590300010e+01
  ],
  ""type"": ""Point""
}","{
  ""coordinates"": [
    -83.142448077,
    42.368605903
  ],
  ""type"": ""Point""
}",-83.142448077,42.3686059030001
12147,1075141,PALLISTER,N M 10,2017-07-05,5,7,2017,15,4,4,9,,4,0,,1,1,1,35,4,2,2,5,0,0,0,0,true,,false,false,false,false,false,,,,,,false,false,false,,,false,false,false,false,false,-83.08366,42.3703,"{
  ""coordinates"": [
    -8.308366297600000e+01,
    4.237029739600010e+01
  ],
  ""type"": ""Point""
}","{
  ""coordinates"": [
    -83.083662976,
    42.370297396
  ],
  ""type"": ""Point""
}",-83.083662976,42.3702973960001
12148,1076178,WYOMING,EATON,2017-07-05,5,7,2017,13,4,8,9,,4,0,,1,1,1,30,3,2,2,5,0,0,0,0,true,,false,false,false,false,false,,,,,,false,false,true,,,false,false,false,false,false,-83.15947,42.39798,"{
  ""coordinates"": [
    -8.315946878900000e+01,
    4.239797681300010e+01
  ],
  ""type"": ""Point""
}","{
  ""coordinates"": [
    -83.159468789,
    42.397976813
  ],
  ""type"": ""Point""
}",-83.159468789,42.3979768130001
12149,1075100,DEACON,GLEASON,2017-07-05,5,7,2017,6,4,98,9,,,0,,1,1,1,25,2,2,0,5,0,0,0,0,true,,false,false,true,false,false,,,,,,false,false,false,,,false,false,false,false,false,-83.15846,42.26198,"{
  ""coordinates"": [
    -8.315846208400001e+01,
    4.226198253300000e+01
  ],
  ""type"": ""Point""
}","{
  ""coordinates"": [
    -83.158462084,
    42.261982533
  ],
  ""type"": ""Point""
}",-83.158462084,42.261982533
12150,1075148,SEVEN MILE,SAINT MARYS,2017-07-05,5,7,2017,17,4,5,9,,2,0,,1,1,1,30,2,2,2,5,0,0,0,0,true,,false,false,false,false,false,,,,,,false,false,false,,,false,false,false,false,false,-83.20773,42.43031,"{
  ""coordinates"": [
    -8.320773261100000e+01,
    4.243031316800010e+01
  ],
  ""type"": ""Point""
}","{
  ""coordinates"": [
    -83.207732611,
    42.430313168
  ],
  ""type"": ""Point""
}",-83.207732611,42.4303131680001
12151,1076179,FENKELL,ARDMORE,2017-07-05,5,7,2017,13,4,5,9,,2,0,,1,1,1,35,4,2,2,5,0,0,0,0,true,,false,false,false,false,false,,,,,,false,false,false,,,false,false,false,false,false,-83.18446,42.40195,"{
  ""coordinates"": [
    -8.318446273200000e+01,
    4.240194615900000e+01
  ],
  ""type"": ""Point""
}","{
  ""coordinates"": [
    -83.184462732,
    42.401946159
  ],
  ""type"": ""Point""
}",-83.184462732,42.401946159
12152,1087741,N/B M-10,DAVISON,2017-07-05,5,7,2017,1,4,1,3,,1,1,,1,1,4,55,3,1,1,5,0,0,0,0,true,,false,false,false,false,false,,,,,,false,false,true,,,false,false,false,false,false,-83.10956,42.39812,"{
  ""coordinates"": [
    -8.310955590400000e+01,
    4.239812107300000e+01
  ],
  ""type"": ""Point""
}","{
  ""coordinates"": [
    -83.109555904,
    42.398121073
  ],
  ""type"": ""Point""
}",-83.109555904,42.398121073
12153,1076169,M-10,7 MILE,2017-07-05,5,7,2017,19,4,5,3,,1,0,,1,1,1,55,3,2,2,5,0,0,0,0,true,,false,false,false,false,false,,,,,,false,true,false,,,false,false,false,false,false,-83.18692,42.43061,"{
  ""coordinates"": [
    -8.318691941899991e+01,
    4.243061432300000e+01
  ],
  ""type"": ""Point""
}","{
  ""coordinates"": [
    -83.186919419,
    42.430614323
  ],
  ""type"": ""Point""
}",-83.1869194189999,42.430614323
12154,1076216,8 MILE,VAN DYKE,2017-07-05,5,7,2017,17,4,5,3,,1,0,,1,1,1,40,5,2,2,4,0,0,0,1,false,,false,false,false,false,false,,,,,,false,false,true,,,false,false,false,false,false,-83.02175,42.44825,"{
  ""coordinates"": [
    -8.302175334099999e+01,
    4.244824506100010e+01
  ],
  ""type"": ""Point""
}","{
  ""coordinates"": [
    -83.021753341,
    42.448245061
  ],
  ""type"": ""Point""
}",-83.021753341,42.4482450610001
12155,1075080,I-75,MCNICHOLS,2017-07-05,5,7,2017,8,4,8,1,,1,0,,1,1,1,55,4,2,2,5,0,0,0,0,true,,false,false,false,false,false,,,,,,false,false,false,,,false,false,false,false,false,-83.08825,42.41847,"{
  ""coordinates"": [
    -8.308824674100001e+01,
    4.241846785600010e+01
  ],
  ""type"": ""Point""
}","{
  ""coordinates"": [
    -83.088246741,
    42.418467856
  ],
  ""type"": ""Point""
}",-83.088246741,42.4184678560001
12156,1076204,8 MILE,CHAPEL,2017-07-05,5,7,2017,17,4,5,3,,1,0,,1,1,1,40,2,2,2,5,0,0,0,0,true,,false,false,false,false,false,,,,,,false,true,false,,,false,false,false,false,false,-83.25555,42.44333,"{
  ""coordinates"": [
    -8.325555197599989e+01,
    4.244332794900000e+01
  ],
  ""type"": ""Point""
}","{
  ""coordinates"": [
    -83.255551976,
    42.443327949
  ],
  ""type"": ""Point""
}",-83.2555519759999,42.443327949
12157,1075129,MCCORMICK,LANDSDOWNE,2017-07-05,5,7,2017,0,4,98,9,,,0,,1,1,4,25,1,2,0,5,0,0,0,0,true,,false,false,true,false,false,,,,,,false,false,false,,,false,false,false,false,false,-82.94654,42.43294,"{
  ""coordinates"": [
    -8.294653836000001e+01,
    4.243293941500010e+01
  ],
  ""type"": ""Point""
}","{
  ""coordinates"": [
    -82.94653836,
    42.432939415
  ],
  ""type"": ""Point""
}",-82.94653836,42.4329394150001
12158,1075084,WYOMING,S M 10,2017-07-05,5,7,2017,7,4,5,9,,4,0,,1,1,1,35,4,2,2,4,0,0,0,1,false,,false,false,true,false,false,,,,,,false,false,false,,,false,false,false,false,false,-83.15981,42.40524,"{
  ""coordinates"": [
    -8.315981522500000e+01,
    4.240524256500000e+01
  ],
  ""type"": ""Point""
}","{
  ""coordinates"": [
    -83.159815225,
    42.405242565
  ],
  ""type"": ""Point""
}",-83.159815225,42.405242565
12159,1076198,KNODELL,GRACE,2017-07-05,5,7,2017,17,4,4,9,,,0,,1,1,1,25,2,2,2,4,0,0,0,1,false,,false,false,true,false,false,,,,,,false,false,false,,,false,false,false,false,false,-83.0039,42.39893,"{
  ""coordinates"": [
    -8.300389983299991e+01,
    4.239893028800000e+01
  ],
  ""type"": ""Point""
}","{
  ""coordinates"": [
    -83.003899833,
    42.398930288
  ],
  ""type"": ""Point""
}",-83.0038998329999,42.398930288
12160,1076196,GRAND RIVER,REDFORD,2017-07-05,5,7,2017,16,4,97,3,,1,0,,1,1,1,35,5,2,4,5,0,0,0,0,true,,true,false,true,false,false,,,,,,false,false,false,,,false,false,false,false,false,-83.2585,42.41684,"{
  ""coordinates"": [
    -8.325849858100000e+01,
    4.241684045800010e+01
  ],
  ""type"": ""Point""
}","{
  ""coordinates"": [
    -83.258498581,
    42.416840458
  ],
  ""type"": ""Point""
}",-83.258498581,42.4168404580001
12161,1075142,CHAREST,WINCHESTER,2017-07-05,5,7,2017,13,4,5,9,,,0,,1,1,1,25,1,2,4,5,0,0,0,0,true,,false,false,false,false,false,,,,,,false,false,true,,,false,false,false,false,false,-83.07195,42.4451,"{
  ""coordinates"": [
    -8.307194306799990e+01,
    4.244510272100010e+01
  ],
  ""type"": ""Point""
}","{
  ""coordinates"": [
    -83.071943068,
    42.445102721
  ],
  ""type"": ""Point""
}",-83.0719430679999,42.4451027210001
12162,1075124,CHARLEVOIX,BALDWIN,2017-07-05,5,7,2017,20,4,4,9,,4,0,,1,1,1,30,5,2,3,3,0,0,1,0,false,,true,false,false,false,false,,,,,,false,false,true,,,false,false,false,false,false,-83.00584,42.36178,"{
  ""coordinates"": [
    -8.300584616799991e+01,
    4.236177774000000e+01
  ],
  ""type"": ""Point""
}","{
  ""coordinates"": [
    -83.005846168,
    42.36177774
  ],
  ""type"": ""Point""
}",-83.0058461679999,42.36177774
12163,1075073,W I 94,GRAND,2017-07-05,5,7,2017,8,4,5,1,,1,0,,1,1,1,55,3,4,3,4,0,0,0,1,false,,false,false,true,false,false,,,,,,false,false,false,,,false,false,false,false,false,-83.10983,42.34684,"{
  ""coordinates"": [
    -8.310982546699999e+01,
    4.234683979500010e+01
  ],
  ""type"": ""Point""
}","{
  ""coordinates"": [
    -83.109825467,
    42.346839795
  ],
  ""type"": ""Point""
}",-83.109825467,42.3468397950001
12164,1075079,W I 94,CONNER,2017-07-05,5,7,2017,6,4,5,1,,1,0,,1,1,1,55,3,2,1,5,0,0,0,0,true,,false,false,true,false,false,,,,,,false,false,false,,,false,false,false,false,false,-82.98896,42.39576,"{
  ""coordinates"": [
    -8.298895691099990e+01,
    4.239575720900010e+01
  ],
  ""type"": ""Point""
}","{
  ""coordinates"": [
    -82.988956911,
    42.395757209
  ],
  ""type"": ""Point""
}",-82.9889569109999,42.3957572090001
12165,1075144,7 MILE,WYOMING,2017-07-05,5,7,2017,12,4,4,9,,2,0,,1,1,1,30,5,2,3,4,0,0,0,2,false,,false,false,false,false,false,,,,,,false,false,true,,,false,false,false,false,false,-83.16125,42.43135,"{
  ""coordinates"": [
    -8.316125285000000e+01,
    4.243135015900000e+01
  ],
  ""type"": ""Point""
}","{
  ""coordinates"": [
    -83.16125285,
    42.431350159
  ],
  ""type"": ""Point""
}",-83.16125285,42.431350159
12166,1075117,SOUTHFIELD SERVICE DRIVE,PLYMOUTH,2017-07-05,5,7,2017,2,4,5,9,,4,0,,1,1,5,30,2,2,1,5,0,0,0,0,true,,false,false,true,false,false,,,,,,false,false,false,,,false,false,false,false,false,-83.21626,42.3723,"{
  ""coordinates"": [
    -8.321626265099999e+01,
    4.237229539100010e+01
  ],
  ""type"": ""Point""
}","{
  ""coordinates"": [
    -83.216262651,
    42.372295391
  ],
  ""type"": ""Point""
}",-83.216262651,42.3722953910001
12167,1075086,E I 96 SERVICE DRIVE,GRAND RIVER,2017-07-05,5,7,2017,15,4,8,1,,1,0,,1,1,1,35,4,2,2,5,0,0,0,0,true,,true,true,true,false,false,,,,,,false,false,false,,,false,false,false,false,false,-83.17496,42.38336,"{
  ""coordinates"": [
    -8.317496718200000e+01,
    4.238335715800010e+01
  ],
  ""type"": ""Point""
}","{
  ""coordinates"": [
    -83.174967182,
    42.383357158
  ],
  ""type"": ""Point""
}",-83.174967182,42.3833571580001
12168,1076189,CADIEUX,I 94/CADIEUX RAMP,2017-07-05,5,7,2017,14,4,5,1,,4,0,,1,1,1,35,2,2,2,5,0,0,0,0,true,,false,false,true,false,false,,,,,,false,false,false,,,false,false,false,false,false,-82.93695,42.41693,"{
  ""coordinates"": [
    -8.293694981999990e+01,
    4.241693470900000e+01
  ],
  ""type"": ""Point""
}","{
  ""coordinates"": [
    -82.93694982,
    42.416934709
  ],
  ""type"": ""Point""
}",-82.9369498199999,42.416934709
12169,1076185,MICHIGAN,STECKER,2017-07-05,5,7,2017,15,4,4,2,,1,0,,1,1,1,35,7,2,2,5,0,0,0,0,true,,false,false,false,false,false,,,,,,false,false,false,,,false,false,false,false,false,-83.15535,42.32814,"{
  ""coordinates"": [
    -8.315534975299990e+01,
    4.232814405200000e+01
  ],
  ""type"": ""Point""
}","{
  ""coordinates"": [
    -83.155349753,
    42.328144052
  ],
  ""type"": ""Point""
}",-83.1553497529999,42.328144052
12170,1075093,SCHAEFER,CHALFONTE,2017-07-05,5,7,2017,23,4,4,9,,4,0,,1,1,4,30,2,2,2,4,0,0,0,1,false,,true,true,false,false,false,,,,,,false,false,true,,,false,false,false,false,false,-83.17902,42.39989,"{
  ""coordinates"": [
    -8.317902666299990e+01,
    4.239988922500000e+01
  ],
  ""type"": ""Point""
}","{
  ""coordinates"": [
    -83.179026663,
    42.399889225
  ],
  ""type"": ""Point""
}",-83.1790266629999,42.399889225
12171,1079657,FOREST,2ND,2017-07-05,5,7,2017,17,4,97,9,,4,0,,1,1,1,30,3,2,3,5,0,0,0,0,true,,false,false,false,false,false,,,,,,false,true,true,,,false,false,false,false,false,-83.06796,42.35293,"{
  ""coordinates"": [
    -8.306796108799990e+01,
    4.235293014100010e+01
  ],
  ""type"": ""Point""
}","{
  ""coordinates"": [
    -83.067961088,
    42.352930141
  ],
  ""type"": ""Point""
}",-83.0679610879999,42.3529301410001
12172,1075153,SOUTHFIELD,GRAND RIVER,2017-07-05,5,7,2017,15,4,7,3,,1,0,,1,1,1,0,4,2,2,5,0,0,0,0,true,,false,false,false,false,false,,,,,,false,false,false,,,false,false,false,false,false,-83.21838,42.40047,"{
  ""coordinates"": [
    -8.321837966699999e+01,
    4.240047036100000e+01
  ],
  ""type"": ""Point""
}","{
  ""coordinates"": [
    -83.218379667,
    42.400470361
  ],
  ""type"": ""Point""
}",-83.218379667,42.400470361
12173,1075125,7 MILE,SOUTHFIELD,2017-07-05,5,7,2017,2,4,10,3,,1,0,,1,1,4,40,4,2,3,5,0,0,0,0,true,,false,false,false,false,false,,,,,,false,false,true,,,false,false,false,false,false,-83.2189,42.4306,"{
  ""coordinates"": [
    -8.321890053000000e+01,
    4.243059695400010e+01
  ],
  ""type"": ""Point""
}","{
  ""coordinates"": [
    -83.21890053,
    42.430596954
  ],
  ""type"": ""Point""
}",-83.21890053,42.4305969540001
12174,1075136,LIVERNOIS,S M 10,2017-07-05,5,7,2017,14,4,5,9,,4,0,,1,1,1,30,4,2,3,5,0,0,0,0,true,,false,false,false,false,false,,,,,,false,false,false,,,false,false,false,false,false,-83.14023,42.40483,"{
  ""coordinates"": [
    -8.314022607200000e+01,
    4.240483008900000e+01
  ],
  ""type"": ""Point""
}","{
  ""coordinates"": [
    -83.140226072,
    42.404830089
  ],
  ""type"": ""Point""
}",-83.140226072,42.404830089
12175,1075140,SCHAEFER,VASSAR,2017-07-05,5,7,2017,0,4,4,9,,4,0,,1,1,4,30,2,2,5,4,0,0,0,4,false,,false,false,false,true,false,,,,,,false,false,true,,,false,false,false,false,false,-83.18062,42.43457,"{
  ""coordinates"": [
    -8.318061564300000e+01,
    4.243456693200010e+01
  ],
  ""type"": ""Point""
}","{
  ""coordinates"": [
    -83.180615643,
    42.434566932
  ],
  ""type"": ""Point""
}",-83.180615643,42.4345669320001
12176,1079644,S M 39,RAMP 008K,2017-07-05,5,7,2017,17,4,5,3,,1,0,,1,1,1,55,1,2,2,5,0,0,0,0,true,,false,false,false,false,false,,,,,,false,false,true,,,false,false,false,false,false,-83.21686,42.37396,"{
  ""coordinates"": [
    -8.321685643200000e+01,
    4.237396233100000e+01
  ],
  ""type"": ""Point""
}","{
  ""coordinates"": [
    -83.216856432,
    42.373962331
  ],
  ""type"": ""Point""
}",-83.216856432,42.373962331
12177,1076226,7 MILE,WOODWARD,2017-07-05,5,7,2017,23,4,5,3,,2,0,,1,1,5,30,5,2,2,5,0,0,0,0,true,,false,false,true,false,false,,,,,,false,false,true,,,false,false,false,false,false,-83.11507,42.43214,"{
  ""coordinates"": [
    -8.311507674099990e+01,
    4.243213541400010e+01
  ],
  ""type"": ""Point""
}","{
  ""coordinates"": [
    -83.115076741,
    42.432135414
  ],
  ""type"": ""Point""
}",-83.1150767409999,42.4321354140001
12178,1076180,GARDEN,BURNETTE,2017-07-05,5,7,2017,23,4,2,9,,,0,,1,1,4,25,2,2,0,5,0,0,0,0,true,,false,false,true,false,false,,,,,,false,false,false,,,false,false,false,false,false,-83.14064,42.35361,"{
  ""coordinates"": [
    -8.314064286400000e+01,
    4.235361304400000e+01
  ],
  ""type"": ""Point""
}","{
  ""coordinates"": [
    -83.140642864,
    42.353613044
  ],
  ""type"": ""Point""
}",-83.140642864,42.353613044
12179,1094642,I94,EXIT 224 B,2017-07-05,5,7,2017,8,4,5,1,,1,0,,1,1,1,55,3,2,2,5,0,0,0,0,true,,false,false,false,false,false,,,,,,false,false,false,,,false,false,false,false,false,-82.93752,42.41754,"{
  ""coordinates"": [
    -8.293752194099990e+01,
    4.241753981800010e+01
  ],
  ""type"": ""Point""
}","{
  ""coordinates"": [
    -82.937521941,
    42.417539818
  ],
  ""type"": ""Point""
}",-82.9375219409999,42.4175398180001
12180,1080467,SANTA MARIA,PATTON,2017-07-05,5,7,2017,12,4,8,9,,,0,,1,1,4,0,2,2,1,5,0,0,0,0,true,,false,false,true,false,false,,,,,,false,false,false,,,false,false,false,false,false,-83.24516,42.41726,"{
  ""coordinates"": [
    -8.324515633399990e+01,
    4.241725656100000e+01
  ],
  ""type"": ""Point""
}","{
  ""coordinates"": [
    -83.245156334,
    42.417256561
  ],
  ""type"": ""Point""
}",-83.2451563339999,42.417256561
12181,1075085,CHICAGO,SUSSEX,2017-07-05,5,7,2017,19,4,4,9,,4,0,,1,1,1,35,2,2,3,5,0,0,0,0,true,,false,false,false,false,false,,,,,,false,true,false,,,false,false,false,false,false,-83.19404,42.36544,"{
  ""coordinates"": [
    -8.319403986400000e+01,
    4.236544163600010e+01
  ],
  ""type"": ""Point""
}","{
  ""coordinates"": [
    -83.194039864,
    42.365441636
  ],
  ""type"": ""Point""
}",-83.194039864,42.3654416360001
12182,1075092,JOY,LAUDER,2017-07-05,5,7,2017,3,4,1,9,,4,1,,1,1,4,30,2,1,0,5,0,0,0,0,true,,false,false,false,false,false,,,,,,false,false,false,,,false,false,false,false,false,-83.19005,42.35829,"{
  ""coordinates"": [
    -8.319005101099999e+01,
    4.235828969200000e+01
  ],
  ""type"": ""Point""
}","{
  ""coordinates"": [
    -83.190051011,
    42.358289692
  ],
  ""type"": ""Point""
}",-83.190051011,42.358289692
12183,1076166,I-75,WARREN,2017-07-05,5,7,2017,23,4,5,1,,1,0,,1,1,4,55,3,2,3,5,0,0,0,0,true,,false,false,false,false,false,,,,,,false,false,false,,,false,false,false,false,false,-83.05407,42.3606,"{
  ""coordinates"": [
    -8.305407072600001e+01,
    4.236059424900000e+01
  ],
  ""type"": ""Point""
}","{
  ""coordinates"": [
    -83.054070726,
    42.360594249
  ],
  ""type"": ""Point""
}",-83.054070726,42.360594249
12184,1085371,CONGRESS,ST ANTOINE,2017-07-05,5,7,2017,18,4,8,9,,4,0,,1,1,1,25,3,2,3,5,0,0,0,0,true,,false,false,false,false,false,,,,,,false,false,false,,,false,false,false,false,false,-83.03919,42.33305,"{
  ""coordinates"": [
    -8.303919256700000e+01,
    4.233305544100010e+01
  ],
  ""type"": ""Point""
}","{
  ""coordinates"": [
    -83.039192567,
    42.333055441
  ],
  ""type"": ""Point""
}",-83.039192567,42.3330554410001
12185,1088299,GREENFIELD,WARREN,2017-07-05,5,7,2017,13,4,5,9,,2,0,,1,1,1,40,4,3,3,4,0,0,0,1,false,,false,false,false,false,false,,,,,,false,true,false,,,false,false,false,false,false,-83.19628,42.34367,"{
  ""coordinates"": [
    -8.319628346000000e+01,
    4.234367159600000e+01
  ],
  ""type"": ""Point""
}","{
  ""coordinates"": [
    -83.19628346,
    42.343671596
  ],
  ""type"": ""Point""
}",-83.19628346,42.343671596
12186,1079672,GRATIOT,VERNOR,2017-07-05,5,7,2017,14,4,98,3,,1,0,,1,1,1,35,3,3,2,5,0,0,0,0,true,,false,false,false,false,false,,,,,,false,false,false,,,false,false,false,false,false,-83.03485,42.34858,"{
  ""coordinates"": [
    -8.303485322900001e+01,
    4.234857588300010e+01
  ],
  ""type"": ""Point""
}","{
  ""coordinates"": [
    -83.034853229,
    42.348575883
  ],
  ""type"": ""Point""
}",-83.034853229,42.3485758830001
12187,1075135,GRAND RIVER,WHITNEY,2017-07-05,5,7,2017,0,4,4,3,,1,0,,1,1,4,35,2,2,3,4,0,0,0,1,false,,false,false,true,false,false,,,,,,false,false,false,,,false,false,false,false,false,-83.11466,42.35891,"{
  ""coordinates"": [
    -8.311466066900000e+01,
    4.235891380200010e+01
  ],
  ""type"": ""Point""
}","{
  ""coordinates"": [
    -83.114660669,
    42.358913802
  ],
  ""type"": ""Point""
}",-83.114660669,42.3589138020001
12188,1089769,LAKEPOINTE,VOIGHT,2017-07-05,5,7,2017,11,4,4,9,,,0,,1,1,1,25,2,2,2,5,0,0,0,0,true,,false,false,false,false,false,,,,,,false,false,true,,,false,false,false,false,false,-82.94972,42.39574,"{
  ""coordinates"": [
    -8.294972310500000e+01,
    4.239573712800010e+01
  ],
  ""type"": ""Point""
}","{
  ""coordinates"": [
    -82.949723105,
    42.395737128
  ],
  ""type"": ""Point""
}",-82.949723105,42.3957371280001
12189,1076168,M-10,7 MILE,2017-07-05,5,7,2017,19,4,1,3,,1,1,,1,1,1,55,3,1,1,5,0,0,0,0,true,,false,false,false,false,false,,,,,,false,false,false,,,false,false,false,false,false,-83.18692,42.43061,"{
  ""coordinates"": [
    -8.318691941899991e+01,
    4.243061432300000e+01
  ],
  ""type"": ""Point""
}","{
  ""coordinates"": [
    -83.186919419,
    42.430614323
  ],
  ""type"": ""Point""
}",-83.1869194189999,42.430614323
12190,1073936,GRAND RIVER,SCHAEFER,2017-07-05,5,7,2017,1,4,4,3,,1,0,,1,1,4,35,5,2,5,3,0,0,2,0,false,,true,true,false,true,false,,,,,,false,false,true,,,false,false,false,false,false,-83.17864,42.38472,"{
  ""coordinates"": [
    -8.317864394299990e+01,
    4.238472390900010e+01
  ],
  ""type"": ""Point""
}","{
  ""coordinates"": [
    -83.178643943,
    42.384723909
  ],
  ""type"": ""Point""
}",-83.1786439429999,42.3847239090001
12191,1075074,S I 375,S I 375 SERVICE DRIVE,2017-07-05,5,7,2017,9,4,1,1,,1,0,,1,1,1,0,3,1,1,5,0,0,0,0,true,,false,false,false,false,false,,,,,,false,false,false,,,false,false,false,false,false,-83.03735,42.33167,"{
  ""coordinates"": [
    -8.303735173500000e+01,
    4.233166808000000e+01
  ],
  ""type"": ""Point""
}","{
  ""coordinates"": [
    -83.037351735,
    42.33166808
  ],
  ""type"": ""Point""
}",-83.037351735,42.33166808
12192,1076214,28TH,MILFORD,2017-07-05,5,7,2017,22,4,8,9,,,0,,1,1,3,25,2,2,1,5,0,0,0,0,true,,false,false,true,false,false,,,,,,false,false,true,,,false,false,false,false,false,-83.11542,42.34969,"{
  ""coordinates"": [
    -8.311541383399999e+01,
    4.234968678300000e+01
  ],
  ""type"": ""Point""
}","{
  ""coordinates"": [
    -83.115413834,
    42.349686783
  ],
  ""type"": ""Point""
}",-83.115413834,42.349686783
12193,1075099,LIDDESDALE,GLEASON,2017-07-05,5,7,2017,15,4,98,9,,,0,,1,1,1,25,2,2,0,5,0,0,0,0,true,,false,false,true,false,false,,,,,,false,false,false,,,false,false,false,false,false,-83.16178,42.26309,"{
  ""coordinates"": [
    -8.316178360399989e+01,
    4.226309012300000e+01
  ],
  ""type"": ""Point""
}","{
  ""coordinates"": [
    -83.161783604,
    42.263090123
  ],
  ""type"": ""Point""
}",-83.1617836039999,42.263090123
12194,1083344,GLADYS,CICOTTE,2017-07-05,5,7,2017,1,4,4,9,,,0,,1,1,4,25,2,2,0,5,0,0,0,0,true,,false,false,false,false,false,,,,,,false,false,false,,,false,false,false,false,false,-83.12933,42.33908,"{
  ""coordinates"": [
    -8.312933191000000e+01,
    4.233908642700000e+01
  ],
  ""type"": ""Point""
}","{
  ""coordinates"": [
    -83.12933191,
    42.339086427
  ],
  ""type"": ""Point""
}",-83.12933191,42.339086427
12195,1075087,SCHAEFER,SCHOOLCRAFT,2017-07-05,5,7,2017,15,4,5,9,,4,0,,1,1,1,35,4,2,2,5,0,0,0,0,true,,false,false,false,false,false,,,,,,false,true,false,,,false,false,false,false,false,-83.17854,42.38814,"{
  ""coordinates"": [
    -8.317853166000000e+01,
    4.238813853500010e+01
  ],
  ""type"": ""Point""
}","{
  ""coordinates"": [
    -83.17853166,
    42.388138535
  ],
  ""type"": ""Point""
}",-83.17853166,42.3881385350001
12196,1083295,W/B I-94,LIVERNOIS,2017-07-05,5,7,2017,1,4,5,1,,1,0,,1,1,4,55,3,2,4,5,0,0,0,0,true,,false,false,false,false,false,,,,,,false,false,false,,,false,false,false,false,false,-83.11708,42.34164,"{
  ""coordinates"": [
    -8.311707847400000e+01,
    4.234163762100010e+01
  ],
  ""type"": ""Point""
}","{
  ""coordinates"": [
    -83.117078474,
    42.341637621
  ],
  ""type"": ""Point""
}",-83.117078474,42.3416376210001
12197,1076219,OUTER,7 MILE,2017-07-05,5,7,2017,12,4,9,9,,2,0,,1,1,1,35,2,2,2,5,0,0,0,0,true,,false,false,false,false,false,,,,,,false,false,false,,,false,false,false,false,false,-83.17548,42.43118,"{
  ""coordinates"": [
    -8.317547517600001e+01,
    4.243117706500000e+01
  ],
  ""type"": ""Point""
}","{
  ""coordinates"": [
    -83.175475176,
    42.431177065
  ],
  ""type"": ""Point""
}",-83.175475176,42.431177065
12198,1076194,SOUTHFIELD SERVICE DRIVE,GRAND RIVER,2017-07-05,5,7,2017,19,4,5,3,,4,0,,1,1,1,35,3,2,2,5,0,0,0,0,true,,false,false,false,false,false,,,,,,false,false,true,,,false,false,false,false,false,-83.21799,42.40056,"{
  ""coordinates"": [
    -8.321798451500000e+01,
    4.240055723200000e+01
  ],
  ""type"": ""Point""
}","{
  ""coordinates"": [
    -83.217984515,
    42.400557232
  ],
  ""type"": ""Point""
}",-83.217984515,42.400557232
12199,1075078,RAMP 140A,TURNER,2017-07-05,5,7,2017,11,4,1,1,,1,1,,1,1,1,70,1,1,1,4,0,0,0,1,false,,false,false,false,false,false,,,,,,false,false,true,,,false,false,false,false,false,-83.14662,42.37395,"{
  ""coordinates"": [
    -8.314661800999990e+01,
    4.237394870400000e+01
  ],
  ""type"": ""Point""
}","{
  ""coordinates"": [
    -83.14661801,
    42.373948704
  ],
  ""type"": ""Point""
}",-83.1466180099999,42.373948704
12200,1075095,LARNED,RANDOLPH,2017-07-05,5,7,2017,13,4,5,3,,4,0,,1,1,1,25,7,2,1,5,0,0,0,0,true,,false,false,false,false,false,,,,,,false,false,false,,,false,false,false,false,false,-83.04253,42.33059,"{
  ""coordinates"": [
    -8.304253002099991e+01,
    4.233059187600000e+01
  ],
  ""type"": ""Point""
}","{
  ""coordinates"": [
    -83.042530021,
    42.330591876
  ],
  ""type"": ""Point""
}",-83.0425300209999,42.330591876
12201,1078691,7 MILE,SUSSEX,2017-07-05,5,7,2017,23,4,1,9,,2,0,,1,1,4,35,2,2,2,5,0,0,0,0,true,,false,false,true,false,false,,,,,,false,false,false,,,false,false,false,true,false,-83.19643,42.43052,"{
  ""coordinates"": [
    -8.319642987600000e+01,
    4.243051646000000e+01
  ],
  ""type"": ""Point""
}","{
  ""coordinates"": [
    -83.196429876,
    42.43051646
  ],
  ""type"": ""Point""
}",-83.196429876,42.43051646
12202,1075082,E I 96,WYOMING,2017-07-05,5,7,2017,15,4,8,1,,1,0,,1,1,1,55,3,2,1,5,0,0,0,0,true,,false,false,false,false,false,,,,,,false,false,false,,,false,false,false,false,false,-83.15871,42.38525,"{
  ""coordinates"": [
    -8.315871464900000e+01,
    4.238525398400000e+01
  ],
  ""type"": ""Point""
}","{
  ""coordinates"": [
    -83.158714649,
    42.385253984
  ],
  ""type"": ""Point""
}",-83.158714649,42.385253984