ObjectId,Crash ID,Primary Road,Intersecting Road,Crash Date,Day,Month,Year,Hour,Weekday,Crash Type Code,Highway Classification Code,Community Code,Jurisdiction Code,Lane Departure Type Code,Surface Type,Road Condition,Weather Condition,Lighting Condition,Speed Limit,Lanes,Units,Occupants,Most Severe Injury,Fatal Injuries,Suspected Serious Injuries,Suspected Minor Injuries,Possible Injuries,Property Damage Only,Secondary Crash,Traffic Control,Red Light Run,Hit and Run,Alcohol,Drugs,Unbelted Person,Work Zone,Speeding Driver,Distracted Driver,Driveway,Pedestrian,Elderly Driver,Young Driver,Commercial Vehicle,Emergency Vehicles,Train,School Bus,Motorcycle,Bicycle,Deer,Longitude,Latitude,geom,geog,x,y
12203,1086621,BURNETTE,JULIAN,2017-07-05,5,7,2017,23,4,4,9,,,0,,1,1,4,25,2,2,101,4,0,0,0,1,false,,false,false,true,false,false,,,,,,false,false,true,,,false,false,false,false,false,-83.14119,42.35876,"{
  ""coordinates"": [
    -8.314119180199999e+01,
    4.235875564100010e+01
  ],
  ""type"": ""Point""
}","{
  ""coordinates"": [
    -83.141191802,
    42.358755641
  ],
  ""type"": ""Point""
}",-83.141191802,42.3587556410001
12204,1086579,I-94,BARRETT,2017-07-05,5,7,2017,6,4,5,1,,1,0,,1,1,1,55,3,2,2,5,0,0,0,0,true,,false,false,false,false,false,,,,,,false,false,true,,,false,false,false,false,false,-82.98231,42.39907,"{
  ""coordinates"": [
    -8.298230727600000e+01,
    4.239907138900000e+01
  ],
  ""type"": ""Point""
}","{
  ""coordinates"": [
    -82.982307276,
    42.399071389
  ],
  ""type"": ""Point""
}",-82.982307276,42.399071389
12205,1077666,9951 BALFOUR,HAVERHILL,2017-07-05,5,7,2017,15,4,2,9,,,2,,1,1,1,25,2,2,3,5,0,0,0,0,true,,false,false,false,false,false,,,,,,false,false,false,,,false,false,false,false,false,-82.95148,42.411,"{
  ""coordinates"": [
    -8.295147727599991e+01,
    4.241100100600000e+01
  ],
  ""type"": ""Point""
}","{
  ""coordinates"": [
    -82.951477276,
    42.411001006
  ],
  ""type"": ""Point""
}",-82.9514772759999,42.411001006
12206,1077606,MEYERS,GRAND RIVER,2017-07-05,5,7,2017,3,4,4,3,,4,0,,1,1,4,35,6,2,3,2,0,2,0,0,false,,true,true,false,false,false,,,,,,false,false,false,,,false,false,false,false,false,-83.16845,42.3806,"{
  ""coordinates"": [
    -8.316845226600000e+01,
    4.238059916300010e+01
  ],
  ""type"": ""Point""
}","{
  ""coordinates"": [
    -83.168452266,
    42.380599163
  ],
  ""type"": ""Point""
}",-83.168452266,42.3805991630001
12207,1075098,CENTRAL,MICHIGAN,2017-07-05,5,7,2017,15,4,5,2,,4,0,,1,1,1,25,2,2,1,5,0,0,0,0,true,,false,false,true,false,false,,,,,,false,false,false,,,false,false,false,false,false,-83.1374,42.33074,"{
  ""coordinates"": [
    -8.313739444200000e+01,
    4.233073936900010e+01
  ],
  ""type"": ""Point""
}","{
  ""coordinates"": [
    -83.137394442,
    42.330739369
  ],
  ""type"": ""Point""
}",-83.137394442,42.3307393690001
12208,1075091,SCHAEFER,OUTER,2017-07-05,5,7,2017,15,4,4,9,,4,0,,1,1,1,35,4,2,1,5,0,0,0,0,true,,true,true,false,false,false,,,,,,false,true,false,,,false,false,false,false,false,-83.17998,42.42028,"{
  ""coordinates"": [
    -8.317997586199991e+01,
    4.242028393600000e+01
  ],
  ""type"": ""Point""
}","{
  ""coordinates"": [
    -83.179975862,
    42.420283936
  ],
  ""type"": ""Point""
}",-83.1799758619999,42.420283936
12209,1076205,PARKER,KERCHEVAL,2017-07-05,5,7,2017,10,4,5,9,,,0,,1,1,1,25,2,2,0,5,0,0,0,0,true,,false,false,true,false,false,,,,,,false,false,false,,,false,false,false,false,false,-82.99808,42.35819,"{
  ""coordinates"": [
    -8.299807541099990e+01,
    4.235818912600010e+01
  ],
  ""type"": ""Point""
}","{
  ""coordinates"": [
    -82.998075411,
    42.358189126
  ],
  ""type"": ""Point""
}",-82.9980754109999,42.3581891260001
12210,1075113,EVERGREEN,PLYMOUTH,2017-07-04,4,7,2017,16,3,4,9,,4,0,,1,1,1,30,4,2,6,4,0,0,0,1,false,,false,false,false,false,false,,,,,,false,false,false,,,false,false,false,false,false,-83.23625,42.3719,"{
  ""coordinates"": [
    -8.323625309499990e+01,
    4.237189698800010e+01
  ],
  ""type"": ""Point""
}","{
  ""coordinates"": [
    -83.236253095,
    42.371896988
  ],
  ""type"": ""Point""
}",-83.2362530949999,42.3718969880001
12211,1075110,S M 39,TIREMAN,2017-07-04,4,7,2017,13,3,8,3,,1,0,,1,1,1,30,2,2,2,4,0,0,0,1,false,,false,false,false,false,false,,,,,,false,true,false,,,false,false,false,false,false,-83.21645,42.35097,"{
  ""coordinates"": [
    -8.321644503300000e+01,
    4.235096933400010e+01
  ],
  ""type"": ""Point""
}","{
  ""coordinates"": [
    -83.216445033,
    42.350969334
  ],
  ""type"": ""Point""
}",-83.216445033,42.3509693340001
12212,1075116,RUTHERFORD,6 MILE,2017-07-04,4,7,2017,19,3,97,9,,,0,,1,1,1,25,4,2,4,5,0,0,0,0,true,,false,false,false,false,false,,,,,,false,true,true,,,false,false,false,false,false,-83.20472,42.41586,"{
  ""coordinates"": [
    -8.320472252600000e+01,
    4.241585727200000e+01
  ],
  ""type"": ""Point""
}","{
  ""coordinates"": [
    -83.204722526,
    42.415857272
  ],
  ""type"": ""Point""
}",-83.204722526,42.415857272
12213,1075121,GILCHRIST,THATCHER,2017-07-04,4,7,2017,20,3,5,9,,,3,,1,1,3,25,1,2,1,5,0,0,0,0,true,,false,false,false,false,false,,,,,,false,false,false,,,false,false,false,false,false,-83.21226,42.42059,"{
  ""coordinates"": [
    -8.321226057900000e+01,
    4.242059058300000e+01
  ],
  ""type"": ""Point""
}","{
  ""coordinates"": [
    -83.212260579,
    42.420590583
  ],
  ""type"": ""Point""
}",-83.212260579,42.420590583
12214,1073956,BONITA,HAYES,2017-07-04,4,7,2017,1,3,4,9,,,0,,1,1,4,25,2,2,4,5,0,0,0,0,true,,true,false,true,false,false,,,,,,false,false,false,,,false,false,false,false,false,-82.96482,42.41584,"{
  ""coordinates"": [
    -8.296481744600000e+01,
    4.241584307900010e+01
  ],
  ""type"": ""Point""
}","{
  ""coordinates"": [
    -82.964817446,
    42.415843079
  ],
  ""type"": ""Point""
}",-82.964817446,42.4158430790001
12215,1076211,FLORENCE,SANTA ROSA,2017-07-04,4,7,2017,15,3,4,9,,,0,,1,1,1,25,2,2,1,5,0,0,0,0,true,,false,false,true,false,false,,,,,,false,false,true,,,false,false,false,false,false,-83.14262,42.41233,"{
  ""coordinates"": [
    -8.314262688299991e+01,
    4.241232928600000e+01
  ],
  ""type"": ""Point""
}","{
  ""coordinates"": [
    -83.142626883,
    42.412329286
  ],
  ""type"": ""Point""
}",-83.1426268829999,42.412329286
12216,1095898,SOUTHFIELD SERVICE DRIVE,MCNICHOLS,2017-07-04,4,7,2017,18,3,8,3,,4,0,,1,1,1,0,2,2,2,4,0,0,0,3,false,,false,false,false,false,false,,,,,,false,true,false,,,false,false,false,false,false,-83.2184,42.41562,"{
  ""coordinates"": [
    -8.321839562900000e+01,
    4.241561331000000e+01
  ],
  ""type"": ""Point""
}","{
  ""coordinates"": [
    -83.218395629,
    42.41561331
  ],
  ""type"": ""Point""
}",-83.218395629,42.41561331
12217,1111537,GRATIOT,EASTWOOD,2017-07-04,4,7,2017,23,3,1,3,,1,0,,1,1,4,35,6,2,2,3,0,0,1,0,false,,false,false,true,false,false,,,,,,false,false,false,,,false,false,false,true,false,-82.97889,42.43327,"{
  ""coordinates"": [
    -8.297888906700000e+01,
    4.243326525500000e+01
  ],
  ""type"": ""Point""
}","{
  ""coordinates"": [
    -82.978889067,
    42.433265255
  ],
  ""type"": ""Point""
}",-82.978889067,42.433265255
12218,1073940,CASGRAIN,LAFAYETTE,2017-07-04,4,7,2017,2,3,8,9,,,3,,98,98,98,25,1,2,0,5,0,0,0,0,true,,false,false,true,false,false,,,,,,false,false,false,,,false,false,false,false,false,-83.10766,42.30765,"{
  ""coordinates"": [
    -8.310765518800000e+01,
    4.230764886700010e+01
  ],
  ""type"": ""Point""
}","{
  ""coordinates"": [
    -83.107655188,
    42.307648867
  ],
  ""type"": ""Point""
}",-83.107655188,42.3076488670001
12219,1082132,W/B I-94,LIVERNOIS,2017-07-04,4,7,2017,8,3,8,1,,1,0,,1,1,1,55,3,2,5,3,0,0,2,1,false,,false,false,false,false,false,,,,,,false,false,true,,,false,false,false,false,false,-83.12664,42.33677,"{
  ""coordinates"": [
    -8.312664268400000e+01,
    4.233676768100000e+01
  ],
  ""type"": ""Point""
}","{
  ""coordinates"": [
    -83.126642684,
    42.336767681
  ],
  ""type"": ""Point""
}",-83.126642684,42.336767681
12220,1075112,GLASTONBURY,PLYMOUTH,2017-07-04,4,7,2017,14,3,5,9,,,0,,1,1,1,25,2,2,2,5,0,0,0,0,true,,false,false,false,false,false,,,,,,false,false,false,,,false,false,false,false,false,-83.22409,42.3722,"{
  ""coordinates"": [
    -8.322408971499991e+01,
    4.237220083400010e+01
  ],
  ""type"": ""Point""
}","{
  ""coordinates"": [
    -83.224089715,
    42.372200834
  ],
  ""type"": ""Point""
}",-83.2240897149999,42.3722008340001
12221,1073941,VAN DYKE,NETT,2017-07-04,4,7,2017,17,3,1,3,,1,1,,1,1,1,35,5,1,1,3,0,0,1,0,false,,false,false,false,false,false,,,,,,false,false,false,,,false,false,true,false,false,-83.02299,42.40083,"{
  ""coordinates"": [
    -8.302299041600000e+01,
    4.240082793500010e+01
  ],
  ""type"": ""Point""
}","{
  ""coordinates"": [
    -83.022990416,
    42.400827935
  ],
  ""type"": ""Point""
}",-83.022990416,42.4008279350001
12222,1073937,COYLE,PLYMOUTH,2017-07-04,4,7,2017,11,3,10,9,,,0,,1,1,1,0,2,2,1,5,0,0,0,0,true,,false,false,true,false,false,,,,,,false,false,false,,,false,false,false,false,false,-83.19318,42.37256,"{
  ""coordinates"": [
    -8.319317648099999e+01,
    4.237255754900010e+01
  ],
  ""type"": ""Point""
}","{
  ""coordinates"": [
    -83.193176481,
    42.372557549
  ],
  ""type"": ""Point""
}",-83.193176481,42.3725575490001
12223,1087747,W I 94,RAMP 213C,2017-07-04,4,7,2017,9,3,1,1,,1,1,,1,1,1,55,3,1,1,5,0,0,0,0,true,,false,false,false,false,false,,,,,,false,false,true,,,false,false,false,false,false,-83.10563,42.34819,"{
  ""coordinates"": [
    -8.310563074399990e+01,
    4.234818578800010e+01
  ],
  ""type"": ""Point""
}","{
  ""coordinates"": [
    -83.105630744,
    42.348185788
  ],
  ""type"": ""Point""
}",-83.1056307439999,42.3481857880001
12224,1073966,OUTER,BUFFALO,2017-07-04,4,7,2017,22,3,8,9,,2,3,,1,1,4,35,4,2,1,4,0,0,0,1,false,,false,false,true,false,false,,,,,,false,false,false,,,false,false,false,false,false,-83.04795,42.44064,"{
  ""coordinates"": [
    -8.304795022099999e+01,
    4.244064190100000e+01
  ],
  ""type"": ""Point""
}","{
  ""coordinates"": [
    -83.047950221,
    42.440641901
  ],
  ""type"": ""Point""
}",-83.047950221,42.440641901
12225,1073957,EASTBURN,CRUSADE,2017-07-04,4,7,2017,12,3,4,9,,,0,,1,1,1,25,1,2,3,4,0,0,0,2,false,,false,false,false,false,false,,,,,,false,false,false,,,false,false,false,false,false,-82.96099,42.44553,"{
  ""coordinates"": [
    -8.296098979300000e+01,
    4.244553129200010e+01
  ],
  ""type"": ""Point""
}","{
  ""coordinates"": [
    -82.960989793,
    42.445531292
  ],
  ""type"": ""Point""
}",-82.960989793,42.4455312920001
12226,1080491,MCNICHOLS,GRAND RIVER,2017-07-04,4,7,2017,22,3,9,3,,2,0,,1,1,3,35,6,2,3,3,0,0,1,2,false,,false,false,false,false,false,,,,,,false,false,true,,,false,false,false,false,false,-83.25286,42.41468,"{
  ""coordinates"": [
    -8.325285985200000e+01,
    4.241467913400000e+01
  ],
  ""type"": ""Point""
}","{
  ""coordinates"": [
    -83.252859852,
    42.414679134
  ],
  ""type"": ""Point""
}",-83.252859852,42.414679134
12227,1080474,S M 39,8 MILE,2017-07-04,4,7,2017,11,3,5,3,,1,0,,1,1,1,35,2,2,2,4,0,0,0,1,false,,false,false,true,false,false,,,,,,false,true,false,,,false,false,false,false,false,-83.2198,42.44431,"{
  ""coordinates"": [
    -8.321980029500000e+01,
    4.244430982800000e+01
  ],
  ""type"": ""Point""
}","{
  ""coordinates"": [
    -83.219800295,
    42.444309828
  ],
  ""type"": ""Point""
}",-83.219800295,42.444309828
12228,1073971,S M 10,7 MILE,2017-07-04,4,7,2017,11,3,8,3,,1,0,,1,1,1,35,3,2,1,5,0,0,0,0,true,,false,false,true,false,false,,,,,,false,false,false,,,false,false,false,false,false,-83.18671,42.43042,"{
  ""coordinates"": [
    -8.318670955100001e+01,
    4.243042315800010e+01
  ],
  ""type"": ""Point""
}","{
  ""coordinates"": [
    -83.186709551,
    42.430423158
  ],
  ""type"": ""Point""
}",-83.186709551,42.4304231580001
12229,1077575,I-94,CHENE,2017-07-04,4,7,2017,13,3,8,1,,1,0,,1,1,1,55,3,2,2,5,0,0,0,0,true,,false,false,true,false,false,,,,,,false,false,false,,,false,false,false,false,false,-83.04813,42.37368,"{
  ""coordinates"": [
    -8.304813010299991e+01,
    4.237367965800010e+01
  ],
  ""type"": ""Point""
}","{
  ""coordinates"": [
    -83.048130103,
    42.373679658
  ],
  ""type"": ""Point""
}",-83.0481301029999,42.3736796580001
12230,1103154,GRAND RIVER,FISHER FWY SERVICE DR,2017-07-04,4,7,2017,10,3,97,3,,1,0,,1,1,1,30,6,2,2,5,0,0,0,0,true,,false,false,false,false,false,,,,,,true,false,false,,,false,false,false,false,false,-83.05936,42.33659,"{
  ""coordinates"": [
    -8.305936511800000e+01,
    4.233658664200000e+01
  ],
  ""type"": ""Point""
}","{
  ""coordinates"": [
    -83.059365118,
    42.336586642
  ],
  ""type"": ""Point""
}",-83.059365118,42.336586642
12231,1075126,GRAND,MACK,2017-07-04,4,7,2017,12,3,9,9,,4,0,,1,1,1,35,2,2,7,4,0,0,0,3,false,,false,false,false,false,false,,,,,,false,false,true,,,false,false,false,false,false,-83.01305,42.36443,"{
  ""coordinates"": [
    -8.301305003499991e+01,
    4.236442403400010e+01
  ],
  ""type"": ""Point""
}","{
  ""coordinates"": [
    -83.013050035,
    42.364424034
  ],
  ""type"": ""Point""
}",-83.0130500349999,42.3644240340001
12232,1075146,MCNICHOLS,FAIRFIELD,2017-07-04,4,7,2017,21,3,5,9,,4,0,,1,1,4,30,4,2,3,5,0,0,0,0,true,,false,false,true,false,false,,,,,,false,false,false,,,false,false,false,false,false,-83.13534,42.41723,"{
  ""coordinates"": [
    -8.313534146599990e+01,
    4.241723134100000e+01
  ],
  ""type"": ""Point""
}","{
  ""coordinates"": [
    -83.135341466,
    42.417231341
  ],
  ""type"": ""Point""
}",-83.1353414659999,42.417231341
12233,1086632,JOHN C LODGE SERVICE,FOREST,2017-07-04,4,7,2017,0,3,4,3,,4,0,,1,1,4,35,2,2,2,5,0,0,0,0,true,,true,true,false,false,false,,,,,,false,false,false,,,false,false,false,false,false,-83.07172,42.35173,"{
  ""coordinates"": [
    -8.307171310299999e+01,
    4.235172662300000e+01
  ],
  ""type"": ""Point""
}","{
  ""coordinates"": [
    -83.071713103,
    42.351726623
  ],
  ""type"": ""Point""
}",-83.071713103,42.351726623
12234,1073958,GRATIOT,EASTBURN,2017-07-04,4,7,2017,22,3,4,3,,1,0,,1,1,4,35,6,2,5,4,0,0,0,3,false,,false,false,false,false,false,,,,,,false,false,true,,,false,false,false,false,false,-82.97099,42.44526,"{
  ""coordinates"": [
    -8.297098228800000e+01,
    4.244526247800010e+01
  ],
  ""type"": ""Point""
}","{
  ""coordinates"": [
    -82.970982288,
    42.445262478
  ],
  ""type"": ""Point""
}",-82.970982288,42.4452624780001
12235,1073972,8 MILE,PINEHURST,2017-07-04,4,7,2017,17,3,8,3,,1,0,,1,1,1,40,4,2,2,5,0,0,0,0,true,,false,false,true,false,false,,,,,,false,false,false,,,false,false,false,false,false,-83.16771,42.44551,"{
  ""coordinates"": [
    -8.316770777200000e+01,
    4.244550674200010e+01
  ],
  ""type"": ""Point""
}","{
  ""coordinates"": [
    -83.167707772,
    42.445506742
  ],
  ""type"": ""Point""
}",-83.167707772,42.4455067420001
12236,1076207,HAYES,ROSEMARY,2017-07-04,4,7,2017,20,3,8,9,,4,0,,1,1,1,35,4,2,1,5,0,0,0,0,true,,false,false,true,false,false,,,,,,false,false,false,,,false,false,false,false,false,-82.96484,42.41639,"{
  ""coordinates"": [
    -8.296484111400000e+01,
    4.241638693700000e+01
  ],
  ""type"": ""Point""
}","{
  ""coordinates"": [
    -82.964841114,
    42.416386937
  ],
  ""type"": ""Point""
}",-82.964841114,42.416386937
12237,1077576,I-94,SAGINAW,2017-07-04,4,7,2017,20,3,1,1,,1,1,,1,1,1,55,3,1,1,5,0,0,0,0,true,,false,false,false,false,false,,,,,,false,false,false,,,false,false,false,false,false,-83.03521,42.3784,"{
  ""coordinates"": [
    -8.303520860000000e+01,
    4.237840293900010e+01
  ],
  ""type"": ""Point""
}","{
  ""coordinates"": [
    -83.0352086,
    42.378402939
  ],
  ""type"": ""Point""
}",-83.0352086,42.3784029390001
12238,1077655,SOUTHFIELD SERVICE DRIVE,KEELER,2017-07-04,4,7,2017,20,3,8,9,,4,0,,1,1,1,35,2,2,2,4,0,0,0,2,false,,false,false,false,false,false,,,,,,false,false,false,,,false,false,false,false,false,-83.21793,42.40273,"{
  ""coordinates"": [
    -8.321792780100000e+01,
    4.240272789000010e+01
  ],
  ""type"": ""Point""
}","{
  ""coordinates"": [
    -83.217927801,
    42.40272789
  ],
  ""type"": ""Point""
}",-83.217927801,42.4027278900001
12239,1075151,NORFOLK,WARD,2017-07-04,4,7,2017,9,3,8,9,,,3,,1,1,4,0,2,2,0,5,0,0,0,0,true,,false,false,true,false,false,,,,,,false,false,false,,,false,false,false,false,false,-83.17546,42.44298,"{
  ""coordinates"": [
    -8.317546259499990e+01,
    4.244297648100010e+01
  ],
  ""type"": ""Point""
}","{
  ""coordinates"": [
    -83.175462595,
    42.442976481
  ],
  ""type"": ""Point""
}",-83.1754625949999,42.4429764810001
12240,1075088,HUBBELL,GRAND RIVER,2017-07-04,4,7,2017,19,3,97,3,,4,0,,1,1,1,30,2,2,1,5,0,0,0,0,true,,true,true,true,false,false,,,,,,false,false,true,,,false,false,false,false,false,-83.18838,42.38864,"{
  ""coordinates"": [
    -8.318837459400000e+01,
    4.238864093400010e+01
  ],
  ""type"": ""Point""
}","{
  ""coordinates"": [
    -83.188374594,
    42.388640934
  ],
  ""type"": ""Point""
}",-83.188374594,42.3886409340001
12241,1075133,ELMHURST,LIVERNOIS,2017-07-04,4,7,2017,15,3,4,9,,4,0,,1,1,1,35,2,2,2,5,0,0,0,0,true,,false,false,true,false,false,,,,,,false,false,true,,,false,false,false,false,false,-83.13895,42.37615,"{
  ""coordinates"": [
    -8.313894392700000e+01,
    4.237614680800000e+01
  ],
  ""type"": ""Point""
}","{
  ""coordinates"": [
    -83.138943927,
    42.376146808
  ],
  ""type"": ""Point""
}",-83.138943927,42.376146808
12242,1073959,HOOVER,GREINER,2017-07-04,4,7,2017,14,3,1,3,,1,0,,1,1,1,30,2,2,4,5,0,0,0,0,true,,false,false,false,false,false,,,,,,false,false,true,,,false,false,false,true,false,-83.00426,42.42586,"{
  ""coordinates"": [
    -8.300425583700000e+01,
    4.242586182000010e+01
  ],
  ""type"": ""Point""
}","{
  ""coordinates"": [
    -83.004255837,
    42.42586182
  ],
  ""type"": ""Point""
}",-83.004255837,42.4258618200001
12243,1073338,7 MILE,LAUDER,2017-07-04,4,7,2017,1,3,1,9,,2,0,,1,1,4,35,4,1,0,5,0,0,0,0,true,,false,false,true,false,false,,,,,,false,false,false,,,false,false,false,false,false,-83.19248,42.43064,"{
  ""coordinates"": [
    -8.319248203900000e+01,
    4.243064651800010e+01
  ],
  ""type"": ""Point""
}","{
  ""coordinates"": [
    -83.192482039,
    42.430646518
  ],
  ""type"": ""Point""
}",-83.192482039,42.4306465180001
12244,1075090,SCHAEFER,CHALFONTE,2017-07-04,4,7,2017,20,3,1,9,,4,0,,1,1,1,30,2,2,1,1,1,0,0,0,false,,false,false,false,false,true,,,,,,true,false,false,,,false,false,false,false,false,-83.17899,42.39921,"{
  ""coordinates"": [
    -8.317899540300000e+01,
    4.239920925100010e+01
  ],
  ""type"": ""Point""
}","{
  ""coordinates"": [
    -83.178995403,
    42.399209251
  ],
  ""type"": ""Point""
}",-83.178995403,42.3992092510001
12245,1075089,HUBBELL,ORANGELAWN,2017-07-04,4,7,2017,21,3,4,9,,4,0,,1,1,3,35,3,2,2,5,0,0,0,0,true,,false,false,true,false,false,,,,,,false,false,true,,,false,false,false,false,false,-83.18758,42.36805,"{
  ""coordinates"": [
    -8.318758062800001e+01,
    4.236804541200010e+01
  ],
  ""type"": ""Point""
}","{
  ""coordinates"": [
    -83.187580628,
    42.368045412
  ],
  ""type"": ""Point""
}",-83.187580628,42.3680454120001
12246,1078650,RAMP 212B,LIVERNOIS,2017-07-04,4,7,2017,14,3,5,1,,1,0,,1,1,1,55,1,2,5,4,0,0,0,1,false,,false,false,true,false,false,,,,,,false,true,false,,,false,false,false,false,false,-83.12451,42.33704,"{
  ""coordinates"": [
    -8.312451149400000e+01,
    4.233704491100010e+01
  ],
  ""type"": ""Point""
}","{
  ""coordinates"": [
    -83.124511494,
    42.337044911
  ],
  ""type"": ""Point""
}",-83.124511494,42.3370449110001
12247,1073960,OUTER,MCNICHOLS,2017-07-04,4,7,2017,17,3,8,9,,2,0,,1,1,1,35,3,2,3,5,0,0,0,0,true,,false,false,false,false,false,,,,,,false,false,false,,,false,false,false,false,false,-83.23173,42.41527,"{
  ""coordinates"": [
    -8.323172834400000e+01,
    4.241527091600010e+01
  ],
  ""type"": ""Point""
}","{
  ""coordinates"": [
    -83.231728344,
    42.415270916
  ],
  ""type"": ""Point""
}",-83.231728344,42.4152709160001
12248,1075130,DAVISON,LAWTON,2017-07-04,4,7,2017,17,3,5,3,,1,0,,1,1,1,35,7,2,2,5,0,0,0,0,true,,false,false,false,false,false,,,,,,false,false,true,,,false,false,false,false,false,-83.12473,42.39202,"{
  ""coordinates"": [
    -8.312472885400000e+01,
    4.239201972100010e+01
  ],
  ""type"": ""Point""
}","{
  ""coordinates"": [
    -83.124728854,
    42.392019721
  ],
  ""type"": ""Point""
}",-83.124728854,42.3920197210001
12249,1073949,GRAND,GRAND RIVER,2017-07-04,4,7,2017,16,3,8,3,,4,0,,1,1,1,30,2,2,6,5,0,0,0,0,true,,false,false,false,false,false,,,,,,false,false,true,,,false,false,false,false,false,-83.1095,42.35665,"{
  ""coordinates"": [
    -8.310949957299989e+01,
    4.235665290000000e+01
  ],
  ""type"": ""Point""
}","{
  ""coordinates"": [
    -83.109499573,
    42.3566529
  ],
  ""type"": ""Point""
}",-83.1094995729999,42.3566529
12250,1073337,RENFREW,EIGHT MILE,2017-07-04,4,7,2017,3,3,9,3,,,2,,1,1,2,15,2,2,1,5,0,0,0,0,true,,false,false,false,false,false,,,,,,false,false,false,,,false,false,false,false,false,-83.13544,42.44622,"{
  ""coordinates"": [
    -8.313544504500000e+01,
    4.244622482400010e+01
  ],
  ""type"": ""Point""
}","{
  ""coordinates"": [
    -83.135445045,
    42.446224824
  ],
  ""type"": ""Point""
}",-83.135445045,42.4462248240001
12251,1073948,FERGUSON,PURITAN,2017-07-04,4,7,2017,1,3,97,9,,,0,,1,1,4,0,2,2,1,5,0,0,0,0,true,,false,false,false,false,false,,,,,,false,true,false,,,false,false,false,false,false,-83.20972,42.40865,"{
  ""coordinates"": [
    -8.320972661199990e+01,
    4.240865103800010e+01
  ],
  ""type"": ""Point""
}","{
  ""coordinates"": [
    -83.209726612,
    42.408651038
  ],
  ""type"": ""Point""
}",-83.2097266119999,42.4086510380001
12252,1075154,OUTER,OUTER,2017-07-04,4,7,2017,4,3,8,9,,2,0,,1,1,4,35,2,3,3,5,0,0,0,0,true,,false,false,true,false,false,,,,,,false,false,false,,,false,false,false,false,false,-83.16245,42.43494,"{
  ""coordinates"": [
    -8.316245008700000e+01,
    4.243494096500010e+01
  ],
  ""type"": ""Point""
}","{
  ""coordinates"": [
    -83.162450087,
    42.434940965
  ],
  ""type"": ""Point""
}",-83.162450087,42.4349409650001
12253,1073318,GRAND RIVER,BELLETERRE,2017-07-04,4,7,2017,2,3,1,3,,1,1,,1,1,4,35,6,1,1,3,0,0,1,0,false,,false,false,false,false,false,,,,,,false,false,false,,,false,false,false,false,false,-83.13535,42.36728,"{
  ""coordinates"": [
    -8.313534364100001e+01,
    4.236727747400000e+01
  ],
  ""type"": ""Point""
}","{
  ""coordinates"": [
    -83.135343641,
    42.367277474
  ],
  ""type"": ""Point""
}",-83.135343641,42.367277474
12254,1073336,PRAIRIE,SANTA MARIA,2017-07-04,4,7,2017,1,3,4,9,,,0,,1,1,4,25,2,2,1,3,0,0,1,0,false,,true,false,true,false,false,,,,,,false,false,false,,,false,false,false,false,false,-83.14523,42.41894,"{
  ""coordinates"": [
    -8.314523181100000e+01,
    4.241893848000010e+01
  ],
  ""type"": ""Point""
}","{
  ""coordinates"": [
    -83.145231811,
    42.41893848
  ],
  ""type"": ""Point""
}",-83.145231811,42.4189384800001
12255,1073939,CHAMBERLAIN,SPRINGWELLS,2017-07-04,4,7,2017,6,3,9,9,,4,0,,1,1,1,25,2,2,1,5,0,0,0,0,true,,false,false,true,false,false,,,,,,false,false,false,,,false,false,false,false,false,-83.12196,42.30399,"{
  ""coordinates"": [
    -8.312196297199991e+01,
    4.230398521300000e+01
  ],
  ""type"": ""Point""
}","{
  ""coordinates"": [
    -83.121962972,
    42.303985213
  ],
  ""type"": ""Point""
}",-83.1219629719999,42.303985213
12256,1073288,WHITCOMB,LYNDON,2017-07-04,4,7,2017,0,3,8,9,,,0,,1,1,4,25,2,2,1,5,0,0,0,0,true,,false,false,false,true,false,,,,,,false,false,false,,,false,false,false,false,false,-83.19595,42.39367,"{
  ""coordinates"": [
    -8.319594215200000e+01,
    4.239366393200000e+01
  ],
  ""type"": ""Point""
}","{
  ""coordinates"": [
    -83.195942152,
    42.393663932
  ],
  ""type"": ""Point""
}",-83.195942152,42.393663932
12257,1077608,N M 10,E I 94,2017-07-04,4,7,2017,18,3,8,3,,1,0,,1,1,1,55,3,2,2,5,0,0,0,0,true,,false,false,false,false,false,,,,,,false,false,true,,,false,false,false,false,false,-83.07599,42.359,"{
  ""coordinates"": [
    -8.307598736200001e+01,
    4.235899982300000e+01
  ],
  ""type"": ""Point""
}","{
  ""coordinates"": [
    -83.075987362,
    42.358999823
  ],
  ""type"": ""Point""
}",-83.075987362,42.358999823
12258,1087190,OUTER,SOUTHFIELD SERVICE DRIVE,2017-07-04,4,7,2017,2,3,4,9,,2,0,,1,1,4,35,6,2,2,5,0,0,0,0,true,,true,true,false,false,false,,,,,,false,false,true,,,false,false,false,false,false,-83.21862,42.41927,"{
  ""coordinates"": [
    -8.321861778999990e+01,
    4.241927484900000e+01
  ],
  ""type"": ""Point""
}","{
  ""coordinates"": [
    -83.21861779,
    42.419274849
  ],
  ""type"": ""Point""
}",-83.2186177899999,42.419274849
12259,1073981,WOODWARD,8 MILE,2017-07-04,4,7,2017,17,3,4,3,,1,0,,1,1,1,45,2,2,2,2,0,1,0,0,false,,true,true,false,false,false,,,,,,false,false,true,,,false,false,true,false,false,-83.12505,42.44653,"{
  ""coordinates"": [
    -8.312504220700001e+01,
    4.244653496200000e+01
  ],
  ""type"": ""Point""
}","{
  ""coordinates"": [
    -83.125042207,
    42.446534962
  ],
  ""type"": ""Point""
}",-83.125042207,42.446534962