ObjectId,Crash ID,Primary Road,Intersecting Road,Crash Date,Day,Month,Year,Hour,Weekday,Crash Type Code,Highway Classification Code,Community Code,Jurisdiction Code,Lane Departure Type Code,Surface Type,Road Condition,Weather Condition,Lighting Condition,Speed Limit,Lanes,Units,Occupants,Most Severe Injury,Fatal Injuries,Suspected Serious Injuries,Suspected Minor Injuries,Possible Injuries,Property Damage Only,Secondary Crash,Traffic Control,Red Light Run,Hit and Run,Alcohol,Drugs,Unbelted Person,Work Zone,Speeding Driver,Distracted Driver,Driveway,Pedestrian,Elderly Driver,Young Driver,Commercial Vehicle,Emergency Vehicles,Train,School Bus,Motorcycle,Bicycle,Deer,Longitude,Latitude,geom,geog,x,y
12317,1073931,M-39,CURTIS,2017-07-02,2,7,2017,2,1,5,3,,1,0,,1,2,4,55,3,2,1,5,0,0,0,0,true,,false,false,true,false,false,,,,,,false,false,false,,,false,false,false,false,false,-83.21894,42.42239,"{
  ""coordinates"": [
    -8.321893880999990e+01,
    4.242238584800000e+01
  ],
  ""type"": ""Point""
}","{
  ""coordinates"": [
    -83.21893881,
    42.422385848
  ],
  ""type"": ""Point""
}",-83.2189388099999,42.422385848
12318,1091417,OUTER,COPLIN,2017-07-02,2,7,2017,20,1,4,9,,2,0,,1,1,1,35,4,2,3,4,0,0,0,3,false,,false,false,false,false,false,,,,,,false,false,true,,,false,false,false,false,false,-82.97653,42.41314,"{
  ""coordinates"": [
    -8.297653130000000e+01,
    4.241314325500010e+01
  ],
  ""type"": ""Point""
}","{
  ""coordinates"": [
    -82.9765313,
    42.413143255
  ],
  ""type"": ""Point""
}",-82.9765313,42.4131432550001
12319,1072760,EASTBURN,GRATIOT,2017-07-02,2,7,2017,5,1,1,3,,,0,,1,1,2,40,6,1,1,3,0,0,1,0,false,,false,false,false,false,false,,,,,,false,false,false,,,false,false,false,false,false,-82.97116,42.44527,"{
  ""coordinates"": [
    -8.297115803100000e+01,
    4.244527539700000e+01
  ],
  ""type"": ""Point""
}","{
  ""coordinates"": [
    -82.971158031,
    42.445275397
  ],
  ""type"": ""Point""
}",-82.971158031,42.445275397
12320,1072767,7 MILE,RUSSELL,2017-07-02,2,7,2017,23,1,97,9,,4,0,,1,2,4,35,2,2,3,3,0,0,1,0,false,,false,false,false,false,false,,,,,,false,false,false,,,false,false,false,false,false,-83.09046,42.43264,"{
  ""coordinates"": [
    -8.309045794100000e+01,
    4.243264367300000e+01
  ],
  ""type"": ""Point""
}","{
  ""coordinates"": [
    -83.090457941,
    42.432643673
  ],
  ""type"": ""Point""
}",-83.090457941,42.432643673
12321,1073282,CHALFONTE,ROBSON,2017-07-02,2,7,2017,1,1,1,9,,,1,,1,1,4,25,2,1,1,4,0,0,0,1,false,,false,false,false,false,true,,,,,,false,false,false,,,false,false,false,false,false,-83.19251,42.3995,"{
  ""coordinates"": [
    -8.319250987100000e+01,
    4.239950250900010e+01
  ],
  ""type"": ""Point""
}","{
  ""coordinates"": [
    -83.192509871,
    42.399502509
  ],
  ""type"": ""Point""
}",-83.192509871,42.3995025090001
12322,1073964,LARNED,SHELBY,2017-07-02,2,7,2017,0,1,5,9,,4,0,,1,1,4,25,4,2,4,5,0,0,0,0,true,,false,false,false,false,false,,,,,,false,false,false,,,false,false,false,false,false,-83.047,42.32867,"{
  ""coordinates"": [
    -8.304699603200000e+01,
    4.232867028100000e+01
  ],
  ""type"": ""Point""
}","{
  ""coordinates"": [
    -83.046996032,
    42.328670281
  ],
  ""type"": ""Point""
}",-83.046996032,42.328670281
12323,1072782,MUIRLAND,GROVE,2017-07-02,2,7,2017,23,1,5,9,,,0,,1,1,4,25,2,2,0,5,0,0,0,0,true,,false,false,true,false,false,,,,,,false,false,false,,,false,false,false,false,false,-83.13396,42.41468,"{
  ""coordinates"": [
    -8.313395926200000e+01,
    4.241468568800010e+01
  ],
  ""type"": ""Point""
}","{
  ""coordinates"": [
    -83.133959262,
    42.414685688
  ],
  ""type"": ""Point""
}",-83.133959262,42.4146856880001
12324,1210908,JEFFERSON,BRUSH,2017-07-02,2,7,2017,10,1,5,4,,1,0,,1,1,4,30,4,2,1,5,0,0,0,0,true,,false,false,false,false,false,,,,,,false,false,false,,,false,false,false,false,false,-83.04071,42.33051,"{
  ""coordinates"": [
    -8.304071323999990e+01,
    4.233050463500010e+01
  ],
  ""type"": ""Point""
}","{
  ""coordinates"": [
    -83.04071324,
    42.330504635
  ],
  ""type"": ""Point""
}",-83.0407132399999,42.3305046350001
12325,1072667,GREENFILD,ELLIS,2017-07-02,2,7,2017,16,1,4,9,,2,0,,1,1,1,35,5,2,2,5,0,0,0,0,true,,false,false,true,false,false,,,,,,false,false,true,,,false,false,false,false,false,-83.19711,42.36049,"{
  ""coordinates"": [
    -8.319710646700000e+01,
    4.236048563600010e+01
  ],
  ""type"": ""Point""
}","{
  ""coordinates"": [
    -83.197106467,
    42.360485636
  ],
  ""type"": ""Point""
}",-83.197106467,42.3604856360001
12326,1072680,5631 CHRISTIANCY,JUNCTION,2017-07-02,2,7,2017,2,1,5,9,,,0,,1,1,4,15,3,3,1,5,0,0,0,0,true,,false,false,true,false,false,,,,,,false,false,true,,,false,false,false,false,false,-83.1011,42.31506,"{
  ""coordinates"": [
    -8.310109958399990e+01,
    4.231505495500010e+01
  ],
  ""type"": ""Point""
}","{
  ""coordinates"": [
    -83.101099584,
    42.315054955
  ],
  ""type"": ""Point""
}",-83.1010995839999,42.3150549550001
12327,1077684,EWALD,MONICA,2017-07-02,2,7,2017,9,1,5,9,,4,0,,1,1,1,25,2,2,1,3,0,0,1,0,false,,false,false,false,false,false,,,,,,false,false,true,,,false,false,false,false,false,-83.14287,42.39025,"{
  ""coordinates"": [
    -8.314286481999990e+01,
    4.239025282600010e+01
  ],
  ""type"": ""Point""
}","{
  ""coordinates"": [
    -83.14286482,
    42.390252826
  ],
  ""type"": ""Point""
}",-83.1428648199999,42.3902528260001
12328,1106109,GRATIOT,BRUSH,2017-07-02,2,7,2017,2,1,5,7,,1,0,,1,1,4,35,6,2,3,5,0,0,0,0,true,,false,false,false,false,false,,,,,,false,false,false,,,false,false,true,false,false,-83.04871,42.34182,"{
  ""coordinates"": [
    -8.304870984099990e+01,
    4.234182109700000e+01
  ],
  ""type"": ""Point""
}","{
  ""coordinates"": [
    -83.048709841,
    42.341821097
  ],
  ""type"": ""Point""
}",-83.0487098409999,42.341821097
12329,1072647,W I 96,BURT,2017-07-02,2,7,2017,4,1,5,1,,1,0,,1,1,4,70,4,2,3,5,0,0,0,0,true,,false,false,false,false,false,,,,,,false,false,false,,,false,false,false,false,false,-83.24622,42.38562,"{
  ""coordinates"": [
    -8.324621567000000e+01,
    4.238562060700010e+01
  ],
  ""type"": ""Point""
}","{
  ""coordinates"": [
    -83.24621567,
    42.385620607
  ],
  ""type"": ""Point""
}",-83.24621567,42.3856206070001
12330,1072771,7 MILE,BINDER,2017-07-02,2,7,2017,3,1,8,9,,4,0,,1,1,4,35,4,2,1,5,0,0,0,0,true,,false,false,true,false,false,,,,,,false,false,false,,,false,false,false,false,false,-83.06413,42.43311,"{
  ""coordinates"": [
    -8.306412469799990e+01,
    4.243311242500000e+01
  ],
  ""type"": ""Point""
}","{
  ""coordinates"": [
    -83.064124698,
    42.433112425
  ],
  ""type"": ""Point""
}",-83.0641246979999,42.433112425
12331,1072768,CONANT,DAVISON,2017-07-02,2,7,2017,9,1,4,3,,4,0,,1,1,1,35,9,2,3,5,0,0,0,0,true,,true,true,false,false,false,,,,,,false,false,false,,,false,false,false,false,false,-83.06136,42.41535,"{
  ""coordinates"": [
    -8.306135935700000e+01,
    4.241534672700000e+01
  ],
  ""type"": ""Point""
}","{
  ""coordinates"": [
    -83.061359357,
    42.415346727
  ],
  ""type"": ""Point""
}",-83.061359357,42.415346727
12332,1073304,PREST,MCNICHOLS,2017-07-02,2,7,2017,20,1,5,9,,,0,,1,1,4,25,2,2,0,5,0,0,0,0,true,,false,false,true,false,false,,,,,,false,false,false,,,false,false,false,false,false,-83.19811,42.41583,"{
  ""coordinates"": [
    -8.319811100699999e+01,
    4.241582766400010e+01
  ],
  ""type"": ""Point""
}","{
  ""coordinates"": [
    -83.198111007,
    42.415827664
  ],
  ""type"": ""Point""
}",-83.198111007,42.4158276640001
12333,1072745,ST MARYS,CURTIS,2017-07-02,2,7,2017,10,1,97,9,,,0,,1,1,1,25,4,4,2,5,0,0,0,0,true,,true,false,false,false,false,,,,,,false,false,true,,,false,false,false,false,false,-83.20713,42.42302,"{
  ""coordinates"": [
    -8.320713282500000e+01,
    4.242301623900000e+01
  ],
  ""type"": ""Point""
}","{
  ""coordinates"": [
    -83.207132825,
    42.423016239
  ],
  ""type"": ""Point""
}",-83.207132825,42.423016239
12334,1080473,FORRER,GRAND RIVER,2017-07-02,2,7,2017,2,1,5,3,,,0,,1,1,98,25,2,2,0,5,0,0,0,0,true,,false,false,true,false,false,,,,,,false,false,false,,,false,false,false,false,false,-83.20123,42.39392,"{
  ""coordinates"": [
    -8.320122597300001e+01,
    4.239391850500000e+01
  ],
  ""type"": ""Point""
}","{
  ""coordinates"": [
    -83.201225973,
    42.393918505
  ],
  ""type"": ""Point""
}",-83.201225973,42.393918505
12335,1073285,DAVISON,LINWOOD,2017-07-02,2,7,2017,12,1,8,3,,1,0,,1,1,1,35,2,2,2,5,0,0,0,0,true,,false,false,false,false,false,,,,,,false,false,false,,,false,false,false,false,false,-83.12199,42.39304,"{
  ""coordinates"": [
    -8.312199106900000e+01,
    4.239303814100000e+01
  ],
  ""type"": ""Point""
}","{
  ""coordinates"": [
    -83.121991069,
    42.393038141
  ],
  ""type"": ""Point""
}",-83.121991069,42.393038141
12336,1072650,W I 96,BURT,2017-07-02,2,7,2017,4,1,1,1,,1,1,,2,1,4,70,3,1,1,4,0,0,0,1,false,,false,false,false,false,false,,,,,,false,false,false,,,false,false,false,false,false,-83.24643,42.38562,"{
  ""coordinates"": [
    -8.324643100599999e+01,
    4.238561808100010e+01
  ],
  ""type"": ""Point""
}","{
  ""coordinates"": [
    -83.246431006,
    42.385618081
  ],
  ""type"": ""Point""
}",-83.246431006,42.3856180810001
12337,1091423,YOSEMITE,BOSTON,2017-07-02,2,7,2017,17,1,4,9,,,0,,1,1,1,25,2,2,3,3,0,0,1,0,false,,true,false,false,false,false,,,,,,false,false,false,,,false,false,false,false,false,-83.13189,42.37069,"{
  ""coordinates"": [
    -8.313189271600000e+01,
    4.237069453000000e+01
  ],
  ""type"": ""Point""
}","{
  ""coordinates"": [
    -83.131892716,
    42.37069453
  ],
  ""type"": ""Point""
}",-83.131892716,42.37069453
12338,1072769,JOS CAMPAU,GAYLORD,2017-07-02,2,7,2017,0,1,5,9,,4,0,,1,1,4,30,4,2,1,5,0,0,0,0,true,,false,false,false,false,false,,,,,,false,false,false,,,false,false,false,false,false,-83.07166,42.41724,"{
  ""coordinates"": [
    -8.307165603700000e+01,
    4.241723632600010e+01
  ],
  ""type"": ""Point""
}","{
  ""coordinates"": [
    -83.071656037,
    42.417236326
  ],
  ""type"": ""Point""
}",-83.071656037,42.4172363260001
12339,1135381,LARNED,CONGRESS,2017-07-02,2,7,2017,0,1,5,9,,4,0,,1,1,4,30,4,2,1,5,0,0,0,0,true,,false,false,false,false,false,,,,,,false,false,false,,,false,false,false,false,false,-83.03593,42.33363,"{
  ""coordinates"": [
    -8.303592757199991e+01,
    4.233363153500010e+01
  ],
  ""type"": ""Point""
}","{
  ""coordinates"": [
    -83.035927572,
    42.333631535
  ],
  ""type"": ""Point""
}",-83.0359275719999,42.3336315350001
12340,1072776,CANIFF,ALPENA,2017-07-02,2,7,2017,14,1,4,9,,4,0,,1,1,1,30,2,2,3,5,0,0,0,0,true,,false,false,false,false,false,,,,,,false,false,false,,,false,false,false,false,false,-83.04431,42.40557,"{
  ""coordinates"": [
    -8.304431104400000e+01,
    4.240556762700000e+01
  ],
  ""type"": ""Point""
}","{
  ""coordinates"": [
    -83.044311044,
    42.405567627
  ],
  ""type"": ""Point""
}",-83.044311044,42.405567627
12341,1073963,ALBION,MCNICHOLS,2017-07-02,2,7,2017,12,1,8,9,,,0,,1,1,1,25,2,2,1,5,0,0,0,0,true,,false,false,false,false,false,,,,,,false,false,false,,,false,false,false,false,false,-83.0052,42.42015,"{
  ""coordinates"": [
    -8.300520673699999e+01,
    4.242014769300000e+01
  ],
  ""type"": ""Point""
}","{
  ""coordinates"": [
    -83.005206737,
    42.420147693
  ],
  ""type"": ""Point""
}",-83.005206737,42.420147693
12342,1102519,MCNICHOLS,HUBBELL,2017-07-02,2,7,2017,13,1,5,9,,2,0,,1,1,1,30,5,2,1,5,0,0,0,0,true,,false,false,false,false,false,,,,,,false,false,true,,,false,false,false,false,false,-83.18963,42.41646,"{
  ""coordinates"": [
    -8.318962904200001e+01,
    4.241646300500000e+01
  ],
  ""type"": ""Point""
}","{
  ""coordinates"": [
    -83.189629042,
    42.416463005
  ],
  ""type"": ""Point""
}",-83.189629042,42.416463005
12343,1073323,FENKELL,EVERGREEN,2017-07-02,2,7,2017,5,1,6,9,,2,0,,1,98,2,30,2,2,1,5,0,0,0,0,true,,false,false,true,false,false,,,,,,false,false,false,,,false,false,false,false,false,-83.23711,42.40068,"{
  ""coordinates"": [
    -8.323710627400000e+01,
    4.240068142700010e+01
  ],
  ""type"": ""Point""
}","{
  ""coordinates"": [
    -83.237106274,
    42.400681427
  ],
  ""type"": ""Point""
}",-83.237106274,42.4006814270001
12344,1075138,STURTEVANT,HOLMUR,2017-07-02,2,7,2017,2,1,8,9,,,0,,1,1,4,0,2,2,1,4,0,0,0,1,false,,false,false,false,false,false,,,,,,false,false,false,,,false,false,false,false,false,-83.12975,42.38338,"{
  ""coordinates"": [
    -8.312975063099999e+01,
    4.238338628800010e+01
  ],
  ""type"": ""Point""
}","{
  ""coordinates"": [
    -83.129750631,
    42.383386288
  ],
  ""type"": ""Point""
}",-83.129750631,42.3833862880001
12345,1072671,CHRYSLER,EUCLID,2017-07-02,2,7,2017,0,1,97,9,,4,0,,1,1,4,25,3,2,3,2,0,1,0,0,false,,false,false,false,false,false,,,,,,false,false,true,,,false,false,true,false,false,-83.06456,42.38212,"{
  ""coordinates"": [
    -8.306455738900000e+01,
    4.238212083100010e+01
  ],
  ""type"": ""Point""
}","{
  ""coordinates"": [
    -83.064557389,
    42.382120831
  ],
  ""type"": ""Point""
}",-83.064557389,42.3821208310001
12346,1073307,N I 75,RAMP 018A,2017-07-02,2,7,2017,22,1,5,1,,1,0,,1,2,4,35,4,2,2,5,0,0,0,0,true,,false,false,false,false,false,,,,,,false,false,false,,,false,false,false,false,false,-83.04347,42.34222,"{
  ""coordinates"": [
    -8.304347317299990e+01,
    4.234221893400010e+01
  ],
  ""type"": ""Point""
}","{
  ""coordinates"": [
    -83.043473173,
    42.342218934
  ],
  ""type"": ""Point""
}",-83.0434731729999,42.3422189340001
12347,1072780,PURITAN,WYOMING,2017-07-02,2,7,2017,3,1,4,9,,4,0,,1,1,4,35,4,2,1,4,0,0,0,1,false,,false,false,true,false,false,,,,,,false,false,false,,,false,false,false,false,false,-83.15992,42.40971,"{
  ""coordinates"": [
    -8.315992114800000e+01,
    4.240971392900010e+01
  ],
  ""type"": ""Point""
}","{
  ""coordinates"": [
    -83.159921148,
    42.409713929
  ],
  ""type"": ""Point""
}",-83.159921148,42.4097139290001
12348,1075058,I-75,GRAND RIVER,2017-07-02,2,7,2017,14,1,8,1,,1,0,,1,1,1,0,3,2,1,5,0,0,0,0,true,,false,false,true,false,false,,,,,,false,false,true,,,false,false,false,false,false,-83.05756,42.33735,"{
  ""coordinates"": [
    -8.305756301900000e+01,
    4.233735140800010e+01
  ],
  ""type"": ""Point""
}","{
  ""coordinates"": [
    -83.057563019,
    42.337351408
  ],
  ""type"": ""Point""
}",-83.057563019,42.3373514080001
12349,1073928,S M 10,ROSA PARKS,2017-07-02,2,7,2017,19,1,5,3,,1,0,,1,1,1,55,3,2,2,5,0,0,0,0,true,,false,false,true,false,false,,,,,,false,false,true,,,false,false,false,false,false,-83.11968,42.40401,"{
  ""coordinates"": [
    -8.311968046000000e+01,
    4.240401124900010e+01
  ],
  ""type"": ""Point""
}","{
  ""coordinates"": [
    -83.11968046,
    42.404011249
  ],
  ""type"": ""Point""
}",-83.11968046,42.4040112490001
12350,1072664,MACK,N I 75,2017-07-02,2,7,2017,11,1,97,9,,4,0,,1,1,1,0,2,2,1,5,0,0,0,0,true,,false,false,true,false,false,,,,,,false,false,true,,,false,false,false,false,false,-83.04802,42.35131,"{
  ""coordinates"": [
    -8.304801841499990e+01,
    4.235130592700010e+01
  ],
  ""type"": ""Point""
}","{
  ""coordinates"": [
    -83.048018415,
    42.351305927
  ],
  ""type"": ""Point""
}",-83.0480184149999,42.3513059270001
12351,1073299,LODEWICK,SOUTHAMPTON,2017-07-02,2,7,2017,21,1,4,9,,,0,,1,1,4,25,2,2,1,5,0,0,0,0,true,,true,false,true,false,false,,,,,,false,false,false,,,false,false,false,false,false,-82.92257,42.41284,"{
  ""coordinates"": [
    -8.292257103799990e+01,
    4.241284275500000e+01
  ],
  ""type"": ""Point""
}","{
  ""coordinates"": [
    -82.922571038,
    42.412842755
  ],
  ""type"": ""Point""
}",-82.9225710379999,42.412842755
12352,1072779,STATE FAIR,RUSSELL,2017-07-02,2,7,2017,16,1,8,9,,4,0,,1,1,1,35,2,2,4,5,0,0,0,0,true,,false,false,false,false,false,,,,,,false,false,true,,,false,false,true,false,false,-83.09052,42.43989,"{
  ""coordinates"": [
    -8.309051520900000e+01,
    4.243988851900010e+01
  ],
  ""type"": ""Point""
}","{
  ""coordinates"": [
    -83.090515209,
    42.439888519
  ],
  ""type"": ""Point""
}",-83.090515209,42.4398885190001
12353,1073986,JAMES COUZENS,WYOMING,2017-07-02,2,7,2017,12,1,5,9,,4,0,,1,1,4,0,3,2,1,5,0,0,0,0,true,,false,false,true,false,false,,,,,,false,false,false,,,false,false,false,false,false,-83.15978,42.40563,"{
  ""coordinates"": [
    -8.315977997700000e+01,
    4.240563153200000e+01
  ],
  ""type"": ""Point""
}","{
  ""coordinates"": [
    -83.159779977,
    42.405631532
  ],
  ""type"": ""Point""
}",-83.159779977,42.405631532
12354,1111508,S I 75,RAMP 035K,2017-07-02,2,7,2017,16,1,5,1,,1,0,,1,1,1,35,4,2,2,5,0,0,0,0,true,,false,false,true,false,false,,,,,,false,false,false,,,false,false,false,false,false,-83.08421,42.31677,"{
  ""coordinates"": [
    -8.308421310599989e+01,
    4.231677181900010e+01
  ],
  ""type"": ""Point""
}","{
  ""coordinates"": [
    -83.084213106,
    42.316771819
  ],
  ""type"": ""Point""
}",-83.0842131059999,42.3167718190001
12355,1072717,EVERGREEN,JEFFRIES,2017-07-02,2,7,2017,2,1,8,9,,4,0,,1,1,4,30,6,2,1,5,0,0,0,0,true,,false,false,false,false,false,,,,,,false,false,false,,,false,false,false,false,false,-83.23665,42.38044,"{
  ""coordinates"": [
    -8.323664800200000e+01,
    4.238043904400010e+01
  ],
  ""type"": ""Point""
}","{
  ""coordinates"": [
    -83.236648002,
    42.380439044
  ],
  ""type"": ""Point""
}",-83.236648002,42.3804390440001
12356,1073969,FLORENCE,ROSELAWN,2017-07-02,2,7,2017,15,1,4,9,,,0,,1,1,1,25,2,2,2,5,0,0,0,0,true,,false,false,false,false,false,,,,,,false,false,true,,,false,false,false,false,false,-83.15221,42.41223,"{
  ""coordinates"": [
    -8.315221056699990e+01,
    4.241222723800010e+01
  ],
  ""type"": ""Point""
}","{
  ""coordinates"": [
    -83.152210567,
    42.412227238
  ],
  ""type"": ""Point""
}",-83.1522105669999,42.4122272380001
12357,1071920,BRINGARD,BROCK,2017-07-02,2,7,2017,0,1,9,9,,,2,,1,1,4,25,1,2,2,5,0,0,0,0,true,,false,false,true,false,false,,,,,,false,false,false,,,false,false,false,false,false,-82.96379,42.44635,"{
  ""coordinates"": [
    -8.296378876300000e+01,
    4.244634968500000e+01
  ],
  ""type"": ""Point""
}","{
  ""coordinates"": [
    -82.963788763,
    42.446349685
  ],
  ""type"": ""Point""
}",-82.963788763,42.446349685
12358,1075139,LIVERNOIS,W I 96,2017-07-02,2,7,2017,3,1,4,9,,4,0,,1,1,4,0,3,2,2,5,0,0,0,0,true,,true,true,false,false,false,,,,,,false,false,false,,,false,false,false,false,false,-83.13874,42.36732,"{
  ""coordinates"": [
    -8.313874250000001e+01,
    4.236731930700010e+01
  ],
  ""type"": ""Point""
}","{
  ""coordinates"": [
    -83.1387425,
    42.367319307
  ],
  ""type"": ""Point""
}",-83.1387425,42.3673193070001
12359,1072681,WOODMERE,NORMAN,2017-07-02,2,7,2017,2,1,8,9,,4,0,,1,1,4,25,3,2,1,5,0,0,0,0,true,,false,false,true,false,false,,,,,,false,false,true,,,false,false,false,false,false,-83.13313,42.31557,"{
  ""coordinates"": [
    -8.313312834000000e+01,
    4.231557652200010e+01
  ],
  ""type"": ""Point""
}","{
  ""coordinates"": [
    -83.13312834,
    42.315576522
  ],
  ""type"": ""Point""
}",-83.13312834,42.3155765220001
12360,1073292,WYOMING,CHICAGO,2017-07-02,2,7,2017,2,1,5,9,,4,0,,1,1,4,25,4,2,2,5,0,0,0,0,true,,false,false,true,false,false,,,,,,false,false,false,,,false,false,false,false,false,-83.1582,42.36617,"{
  ""coordinates"": [
    -8.315820370900001e+01,
    4.236617146400000e+01
  ],
  ""type"": ""Point""
}","{
  ""coordinates"": [
    -83.158203709,
    42.366171464
  ],
  ""type"": ""Point""
}",-83.158203709,42.366171464
12361,1073942,WARREN,GRANDY,2017-07-02,2,7,2017,18,1,4,9,,4,0,,1,1,1,25,4,2,7,5,0,0,0,0,true,,true,false,false,false,false,,,,,,false,false,false,,,false,false,false,false,false,-83.03875,42.36645,"{
  ""coordinates"": [
    -8.303874660199990e+01,
    4.236644591000000e+01
  ],
  ""type"": ""Point""
}","{
  ""coordinates"": [
    -83.038746602,
    42.36644591
  ],
  ""type"": ""Point""
}",-83.0387466019999,42.36644591
12362,1072787,WHITMORE,3RD,2017-07-02,2,7,2017,1,1,98,9,,,3,,1,1,4,25,2,2,2,5,0,0,0,0,true,,false,false,false,false,false,,,,,,false,false,false,,,false,false,false,false,false,-83.11382,42.41969,"{
  ""coordinates"": [
    -8.311382654300000e+01,
    4.241968493200010e+01
  ],
  ""type"": ""Point""
}","{
  ""coordinates"": [
    -83.113826543,
    42.419684932
  ],
  ""type"": ""Point""
}",-83.113826543,42.4196849320001
12363,1073293,GRAND,GRAND RIVER,2017-07-02,2,7,2017,13,1,98,3,,4,0,,1,1,1,0,2,2,2,5,0,0,0,0,true,,false,false,false,false,false,,,,,,false,true,true,,,false,false,false,false,false,-83.10901,42.35683,"{
  ""coordinates"": [
    -8.310900746899991e+01,
    4.235683019600000e+01
  ],
  ""type"": ""Point""
}","{
  ""coordinates"": [
    -83.109007469,
    42.356830196
  ],
  ""type"": ""Point""
}",-83.1090074689999,42.356830196
12364,1073979,PURITAN,BELDEN,2017-07-02,2,7,2017,15,1,1,9,,4,0,,1,1,1,35,2,1,1,5,0,0,0,0,true,,false,false,false,false,false,,,,,,false,false,false,,,false,false,false,false,false,-83.13532,42.41001,"{
  ""coordinates"": [
    -8.313532499099991e+01,
    4.241000564900000e+01
  ],
  ""type"": ""Point""
}","{
  ""coordinates"": [
    -83.135324991,
    42.410005649
  ],
  ""type"": ""Point""
}",-83.1353249909999,42.410005649
12365,1073932,E/B I-96,TIREMAN,2017-07-02,2,7,2017,1,1,8,1,,1,0,,1,1,4,55,4,2,3,5,0,0,0,0,true,,false,false,false,false,false,,,,,,false,false,true,,,false,false,false,false,false,-83.1104,42.35566,"{
  ""coordinates"": [
    -8.311039525800000e+01,
    4.235566310600010e+01
  ],
  ""type"": ""Point""
}","{
  ""coordinates"": [
    -83.110395258,
    42.355663106
  ],
  ""type"": ""Point""
}",-83.110395258,42.3556631060001
12366,1075050,S I 75,S I 75,2017-07-02,2,7,2017,3,1,1,1,,1,1,,1,1,4,0,3,1,1,5,0,0,0,0,true,,false,false,false,false,false,,,,,,false,false,false,,,false,false,false,false,false,-83.04501,42.34647,"{
  ""coordinates"": [
    -8.304501524100000e+01,
    4.234646842400010e+01
  ],
  ""type"": ""Point""
}","{
  ""coordinates"": [
    -83.045015241,
    42.346468424
  ],
  ""type"": ""Point""
}",-83.045015241,42.3464684240001
12367,1075149,7 MILE,MEYERS,2017-07-02,2,7,2017,11,1,8,9,,2,0,,1,1,1,30,6,2,2,4,0,0,0,2,false,,false,false,false,false,false,,,,,,false,true,false,,,false,false,false,false,false,-83.17062,42.43126,"{
  ""coordinates"": [
    -8.317061495300000e+01,
    4.243125582400010e+01
  ],
  ""type"": ""Point""
}","{
  ""coordinates"": [
    -83.170614953,
    42.431255824
  ],
  ""type"": ""Point""
}",-83.170614953,42.4312558240001
12368,1072684,CENTRAL,GARTNER,2017-07-02,2,7,2017,16,1,4,9,,4,0,,1,1,1,25,1,2,2,4,0,0,0,1,false,,false,false,false,false,false,,,,,,false,false,false,,,false,false,false,false,false,-83.12252,42.31015,"{
  ""coordinates"": [
    -8.312252414800000e+01,
    4.231014512700010e+01
  ],
  ""type"": ""Point""
}","{
  ""coordinates"": [
    -83.122524148,
    42.310145127
  ],
  ""type"": ""Point""
}",-83.122524148,42.3101451270001
12369,1072774,KEATING,EMERY,2017-07-02,2,7,2017,1,1,9,9,,,2,,1,1,4,20,2,2,2,5,0,0,0,0,true,,false,false,false,false,false,,,,,,false,false,false,,,false,false,false,false,false,-83.1003,42.43483,"{
  ""coordinates"": [
    -8.310029692200000e+01,
    4.243483406100010e+01
  ],
  ""type"": ""Point""
}","{
  ""coordinates"": [
    -83.100296922,
    42.434834061
  ],
  ""type"": ""Point""
}",-83.100296922,42.4348340610001
12370,1079667,WINSTON,GROVE,2017-07-02,2,7,2017,18,1,5,9,,,0,,1,1,1,25,2,2,1,5,0,0,0,0,true,,false,false,false,false,false,,,,,,false,true,false,,,false,false,false,false,false,-83.28354,42.41206,"{
  ""coordinates"": [
    -8.328354250300001e+01,
    4.241205672600010e+01
  ],
  ""type"": ""Point""
}","{
  ""coordinates"": [
    -83.283542503,
    42.412056726
  ],
  ""type"": ""Point""
}",-83.283542503,42.4120567260001
12371,1073303,WARREN,SOUTHFIELD,2017-07-02,2,7,2017,19,1,5,9,,2,0,,1,1,1,35,6,2,1,5,0,0,0,0,true,,false,false,true,false,false,,,,,,false,false,false,,,false,false,false,false,false,-83.21592,42.34338,"{
  ""coordinates"": [
    -8.321591682300000e+01,
    4.234337902600000e+01
  ],
  ""type"": ""Point""
}","{
  ""coordinates"": [
    -83.215916823,
    42.343379026
  ],
  ""type"": ""Point""
}",-83.215916823,42.343379026
12372,1073334,FENKELL,LITTLEFIELD,2017-07-02,2,7,2017,9,1,4,9,,2,0,,1,1,1,30,2,2,2,5,0,0,0,0,true,,true,false,false,false,false,,,,,,false,true,false,,,false,false,false,false,false,-83.17588,42.40213,"{
  ""coordinates"": [
    -8.317587887500000e+01,
    4.240213415400010e+01
  ],
  ""type"": ""Point""
}","{
  ""coordinates"": [
    -83.175878875,
    42.402134154
  ],
  ""type"": ""Point""
}",-83.175878875,42.4021341540001
12373,1073281,BRUSH,MACOMB,2017-07-02,2,7,2017,23,1,4,9,,4,0,,1,1,4,30,2,2,1,5,0,0,0,0,true,,false,false,false,false,false,,,,,,false,false,false,,,false,false,false,false,false,-83.04416,42.33511,"{
  ""coordinates"": [
    -8.304415799500001e+01,
    4.233511129000000e+01
  ],
  ""type"": ""Point""
}","{
  ""coordinates"": [
    -83.044157995,
    42.33511129
  ],
  ""type"": ""Point""
}",-83.044157995,42.33511129