ObjectId,Crash ID,Primary Road,Intersecting Road,Crash Date,Day,Month,Year,Hour,Weekday,Crash Type Code,Highway Classification Code,Community Code,Jurisdiction Code,Lane Departure Type Code,Surface Type,Road Condition,Weather Condition,Lighting Condition,Speed Limit,Lanes,Units,Occupants,Most Severe Injury,Fatal Injuries,Suspected Serious Injuries,Suspected Minor Injuries,Possible Injuries,Property Damage Only,Secondary Crash,Traffic Control,Red Light Run,Hit and Run,Alcohol,Drugs,Unbelted Person,Work Zone,Speeding Driver,Distracted Driver,Driveway,Pedestrian,Elderly Driver,Young Driver,Commercial Vehicle,Emergency Vehicles,Train,School Bus,Motorcycle,Bicycle,Deer,Longitude,Latitude,geom,geog,x,y
12374,1072748,GREENFIELD,MCNICHOLS,2017-07-02,2,7,2017,18,1,97,9,,2,0,,1,1,1,35,3,2,0,4,0,0,0,1,false,,false,false,false,false,false,,,,,,true,false,false,,,false,false,false,false,false,-83.19931,42.41599,"{
  ""coordinates"": [
    -8.319931202500000e+01,
    4.241598999000010e+01
  ],
  ""type"": ""Point""
}","{
  ""coordinates"": [
    -83.199312025,
    42.41598999
  ],
  ""type"": ""Point""
}",-83.199312025,42.4159899900001
12375,1072766,DAVISON,WILDEMERE,2017-07-02,2,7,2017,10,1,1,3,,1,0,,1,1,1,0,7,2,1,5,0,0,0,0,true,,false,false,true,false,false,,,,,,false,false,false,,,false,false,false,true,false,-83.12744,42.39102,"{
  ""coordinates"": [
    -8.312743777599999e+01,
    4.239101829300010e+01
  ],
  ""type"": ""Point""
}","{
  ""coordinates"": [
    -83.127437776,
    42.391018293
  ],
  ""type"": ""Point""
}",-83.127437776,42.3910182930001
12376,1072775,DAVISON,CONANT,2017-07-02,2,7,2017,17,1,97,3,,1,0,,1,1,1,35,7,2,3,5,0,0,0,0,true,,false,false,false,false,false,,,,,,false,false,false,,,false,false,false,false,false,-83.06149,42.41553,"{
  ""coordinates"": [
    -8.306148208600000e+01,
    4.241552767100010e+01
  ],
  ""type"": ""Point""
}","{
  ""coordinates"": [
    -83.061482086,
    42.415527671
  ],
  ""type"": ""Point""
}",-83.061482086,42.4155276710001
12377,1073311,WINTHROP,7 MILE,2017-07-02,2,7,2017,18,1,98,9,,,3,,1,1,1,25,2,2,0,5,0,0,0,0,true,,false,false,true,false,false,,,,,,false,false,false,,,false,false,false,false,false,-83.20128,42.42972,"{
  ""coordinates"": [
    -8.320127780300000e+01,
    4.242971851800010e+01
  ],
  ""type"": ""Point""
}","{
  ""coordinates"": [
    -83.201277803,
    42.429718518
  ],
  ""type"": ""Point""
}",-83.201277803,42.4297185180001
12378,1095834,WYOMING,E I 96 SERVICE DRIVE,2017-07-02,2,7,2017,4,1,5,9,,4,0,,1,1,4,35,2,2,1,4,0,0,0,1,false,,false,false,true,false,false,,,,,,false,false,false,,,false,false,false,false,false,-83.15895,42.38456,"{
  ""coordinates"": [
    -8.315894950099990e+01,
    4.238455935600010e+01
  ],
  ""type"": ""Point""
}","{
  ""coordinates"": [
    -83.158949501,
    42.384559356
  ],
  ""type"": ""Point""
}",-83.1589495009999,42.3845593560001
12379,1077569,N/B I-75,DAVISON,2017-07-02,2,7,2017,3,1,1,1,,1,1,,1,1,4,70,4,1,1,4,0,0,0,1,false,,false,false,false,false,false,,,,,,false,false,false,,,false,false,false,false,false,-83.0794,42.40886,"{
  ""coordinates"": [
    -8.307939683399999e+01,
    4.240885403100000e+01
  ],
  ""type"": ""Point""
}","{
  ""coordinates"": [
    -83.079396834,
    42.408854031
  ],
  ""type"": ""Point""
}",-83.079396834,42.408854031
12380,1179520,OUTER,NEWPORT,2017-07-02,2,7,2017,12,1,97,9,,2,0,,1,1,1,35,6,2,1,5,0,0,0,0,true,,false,false,false,false,false,,,,,,false,false,true,,,false,false,false,false,false,-82.97346,42.41399,"{
  ""coordinates"": [
    -8.297345695199991e+01,
    4.241398584500010e+01
  ],
  ""type"": ""Point""
}","{
  ""coordinates"": [
    -82.973456952,
    42.413985845
  ],
  ""type"": ""Point""
}",-82.9734569519999,42.4139858450001
12381,1072656,E/B I-96,LIVERNOIS,2017-07-02,2,7,2017,1,1,5,1,,1,0,,1,1,4,70,4,2,4,4,0,0,0,2,false,,false,false,false,false,false,,,,,,false,false,true,,,false,false,false,false,false,-83.14042,42.36777,"{
  ""coordinates"": [
    -8.314041879099990e+01,
    4.236776569700000e+01
  ],
  ""type"": ""Point""
}","{
  ""coordinates"": [
    -83.140418791,
    42.367765697
  ],
  ""type"": ""Point""
}",-83.1404187909999,42.367765697
12382,1072763,HOOVER,GREINER,2017-07-02,2,7,2017,15,1,97,3,,1,0,,1,1,1,25,1,2,6,4,0,0,0,1,false,,false,false,false,false,false,,,,,,false,false,true,,,false,false,false,false,false,-83.00426,42.42586,"{
  ""coordinates"": [
    -8.300425583700000e+01,
    4.242586182000010e+01
  ],
  ""type"": ""Point""
}","{
  ""coordinates"": [
    -83.004255837,
    42.42586182
  ],
  ""type"": ""Point""
}",-83.004255837,42.4258618200001
12383,1072648,I-75,HOLBROOK,2017-07-02,2,7,2017,3,1,9,1,,1,2,,1,2,4,55,4,2,1,5,0,0,0,0,true,,false,false,true,false,false,,,,,,false,false,false,,,false,false,false,false,false,-83.06973,42.38995,"{
  ""coordinates"": [
    -8.306972618000000e+01,
    4.238995122100000e+01
  ],
  ""type"": ""Point""
}","{
  ""coordinates"": [
    -83.06972618,
    42.389951221
  ],
  ""type"": ""Point""
}",-83.06972618,42.389951221
12384,1090659,7 MILE,RENO,2017-07-01,1,7,2017,22,7,4,9,,4,0,,1,1,4,30,4,2,2,5,0,0,0,0,true,,false,false,false,false,false,,,,,,false,false,false,,,false,false,false,false,false,-82.98274,42.43497,"{
  ""coordinates"": [
    -8.298273974200001e+01,
    4.243497268100000e+01
  ],
  ""type"": ""Point""
}","{
  ""coordinates"": [
    -82.982739742,
    42.434972681
  ],
  ""type"": ""Point""
}",-82.982739742,42.434972681
12385,1084322,MC NICHOLS,JOHN R,2017-07-01,1,7,2017,9,7,4,9,,4,0,,1,1,1,25,2,2,2,5,0,0,0,0,true,,false,false,false,false,false,,,,,,false,false,false,,,false,false,false,false,false,-83.10236,42.41782,"{
  ""coordinates"": [
    -8.310235646800000e+01,
    4.241782323800000e+01
  ],
  ""type"": ""Point""
}","{
  ""coordinates"": [
    -83.102356468,
    42.417823238
  ],
  ""type"": ""Point""
}",-83.102356468,42.417823238
12386,1071918,JOANN,LINNHURST,2017-07-01,1,7,2017,15,7,4,9,,,0,,1,1,1,25,2,2,3,4,0,0,0,3,false,,false,false,false,false,false,,,,,,false,false,true,,,false,false,false,false,false,-82.98986,42.43119,"{
  ""coordinates"": [
    -8.298985697300000e+01,
    4.243119155600000e+01
  ],
  ""type"": ""Point""
}","{
  ""coordinates"": [
    -82.989856973,
    42.431191556
  ],
  ""type"": ""Point""
}",-82.989856973,42.431191556
12387,1071959,SCHAEFER,OUTER,2017-07-01,1,7,2017,2,7,5,9,,4,3,,1,1,4,35,2,2,1,5,0,0,0,0,true,,false,false,false,false,false,,,,,,false,false,false,,,false,false,false,false,false,-83.17999,42.42065,"{
  ""coordinates"": [
    -8.317999267600000e+01,
    4.242064666500000e+01
  ],
  ""type"": ""Point""
}","{
  ""coordinates"": [
    -83.179992676,
    42.420646665
  ],
  ""type"": ""Point""
}",-83.179992676,42.420646665
12388,1083426,WARD,PILGRIM,2017-07-01,1,7,2017,2,7,9,9,,,2,,1,1,4,25,2,2,1,5,0,0,0,0,true,,false,false,false,false,false,,,,,,false,false,false,,,false,false,false,false,false,-83.17399,42.40794,"{
  ""coordinates"": [
    -8.317398491900001e+01,
    4.240793642500010e+01
  ],
  ""type"": ""Point""
}","{
  ""coordinates"": [
    -83.173984919,
    42.407936425
  ],
  ""type"": ""Point""
}",-83.173984919,42.4079364250001
12389,1072786,WOODWARD,7 MILE,2017-07-01,1,7,2017,19,7,97,3,,1,0,,1,1,1,45,4,2,2,5,0,0,0,0,true,,false,false,false,false,false,,,,,,false,false,false,,,false,false,true,false,false,-83.11485,42.43196,"{
  ""coordinates"": [
    -8.311485545399999e+01,
    4.243195944400000e+01
  ],
  ""type"": ""Point""
}","{
  ""coordinates"": [
    -83.114855454,
    42.431959444
  ],
  ""type"": ""Point""
}",-83.114855454,42.431959444
12390,1098313,RIVERBANK,OAKWAY,2017-07-01,1,7,2017,12,7,1,3,,1,0,,1,2,1,25,2,2,3,3,0,0,1,0,false,,false,false,false,false,false,,,,,,false,false,false,,,false,false,false,true,false,-82.97803,42.34368,"{
  ""coordinates"": [
    -8.297803312900000e+01,
    4.234368024800010e+01
  ],
  ""type"": ""Point""
}","{
  ""coordinates"": [
    -82.978033129,
    42.343680248
  ],
  ""type"": ""Point""
}",-82.978033129,42.3436802480001
12391,1072770,RYAN,8 MILE,2017-07-01,1,7,2017,20,7,4,3,,,0,,1,1,1,40,4,2,3,5,0,0,0,0,true,,true,true,false,false,false,,,,,,false,false,false,,,false,false,false,false,false,-83.06204,42.44732,"{
  ""coordinates"": [
    -8.306204461800000e+01,
    4.244731575800010e+01
  ],
  ""type"": ""Point""
}","{
  ""coordinates"": [
    -83.062044618,
    42.447315758
  ],
  ""type"": ""Point""
}",-83.062044618,42.4473157580001
12392,1072683,FORT,OUTER,2017-07-01,1,7,2017,16,7,5,3,,1,0,,1,1,1,35,4,2,2,5,0,0,0,0,true,,false,false,false,false,false,,,,,,false,false,false,,,false,false,false,false,false,-83.16658,42.26249,"{
  ""coordinates"": [
    -8.316658134300000e+01,
    4.226248576000010e+01
  ],
  ""type"": ""Point""
}","{
  ""coordinates"": [
    -83.166581343,
    42.26248576
  ],
  ""type"": ""Point""
}",-83.166581343,42.2624857600001
12393,1078712,MACK,S I 75,2017-07-01,1,7,2017,16,7,5,9,,4,0,,1,1,1,30,4,3,5,5,0,0,0,0,true,,false,false,true,false,false,,,,,,false,false,false,,,false,false,false,false,false,-83.04816,42.35125,"{
  ""coordinates"": [
    -8.304815340499989e+01,
    4.235125436000000e+01
  ],
  ""type"": ""Point""
}","{
  ""coordinates"": [
    -83.048153405,
    42.35125436
  ],
  ""type"": ""Point""
}",-83.0481534049999,42.35125436
12394,1071887,WOODWARD,GRAND,2017-07-01,1,7,2017,12,7,5,3,,1,0,,1,1,1,35,3,2,4,4,0,0,0,2,false,,false,false,true,false,false,,,,,,false,false,false,,,false,false,false,false,false,-83.07354,42.37061,"{
  ""coordinates"": [
    -8.307354343899991e+01,
    4.237060686200000e+01
  ],
  ""type"": ""Point""
}","{
  ""coordinates"": [
    -83.073543439,
    42.370606862
  ],
  ""type"": ""Point""
}",-83.0735434389999,42.370606862
12395,1073286,008T,SOUTHFIELD SERVICE,2017-07-01,1,7,2017,13,7,5,3,,1,0,,1,1,1,55,2,2,1,5,0,0,0,0,true,,false,false,true,false,false,,,,,,false,false,false,,,false,false,false,false,false,-83.21753,42.3889,"{
  ""coordinates"": [
    -8.321753168700000e+01,
    4.238890578500010e+01
  ],
  ""type"": ""Point""
}","{
  ""coordinates"": [
    -83.217531687,
    42.388905785
  ],
  ""type"": ""Point""
}",-83.217531687,42.3889057850001
12396,1077683,TIREMAN EXIT RAMP,I96,2017-07-01,1,7,2017,3,7,1,9,,4,1,,1,1,4,0,1,1,1,5,0,0,0,0,true,,false,false,false,false,false,,,,,,false,false,false,,,false,false,false,false,false,-83.11133,42.3558,"{
  ""coordinates"": [
    -8.311132486100000e+01,
    4.235580466800010e+01
  ],
  ""type"": ""Point""
}","{
  ""coordinates"": [
    -83.111324861,
    42.355804668
  ],
  ""type"": ""Point""
}",-83.111324861,42.3558046680001
12397,1075102,COURVILLE,CORNWALL,2017-07-01,1,7,2017,16,7,4,9,,,0,,1,1,1,25,2,2,1,5,0,0,0,0,true,,false,false,true,false,false,,,,,,false,true,false,,,false,false,false,false,false,-82.93786,42.40105,"{
  ""coordinates"": [
    -8.293785983799999e+01,
    4.240104511600000e+01
  ],
  ""type"": ""Point""
}","{
  ""coordinates"": [
    -82.937859838,
    42.401045116
  ],
  ""type"": ""Point""
}",-82.937859838,42.401045116
12398,1075134,HERITAGE,GRAND RIVER,2017-07-01,1,7,2017,19,7,8,3,,,0,,1,1,1,25,2,2,2,5,0,0,0,0,true,,false,false,false,false,false,,,,,,false,false,true,,,false,false,false,false,false,-83.12241,42.36208,"{
  ""coordinates"": [
    -8.312241568000000e+01,
    4.236207500900010e+01
  ],
  ""type"": ""Point""
}","{
  ""coordinates"": [
    -83.12241568,
    42.362075009
  ],
  ""type"": ""Point""
}",-83.12241568,42.3620750090001
12399,1077645,JEFFERSON,MCKINSTRY,2017-07-01,1,7,2017,18,7,5,9,,4,0,,1,1,1,35,9,2,5,3,0,0,1,0,false,,false,false,false,false,false,,,,,,false,false,false,,,false,false,false,false,false,-83.08855,42.30633,"{
  ""coordinates"": [
    -8.308855419799990e+01,
    4.230632870300010e+01
  ],
  ""type"": ""Point""
}","{
  ""coordinates"": [
    -83.088554198,
    42.306328703
  ],
  ""type"": ""Point""
}",-83.0885541979999,42.3063287030001
12400,1211130,WARREN,FORRER,2017-07-01,1,7,2017,13,7,97,9,,2,0,,1,1,1,35,4,3,3,3,0,0,2,0,false,,false,false,false,false,false,,,,,,false,true,true,,,false,false,false,false,false,-83.19992,42.34362,"{
  ""coordinates"": [
    -8.319992318200001e+01,
    4.234362470800000e+01
  ],
  ""type"": ""Point""
}","{
  ""coordinates"": [
    -83.199923182,
    42.343624708
  ],
  ""type"": ""Point""
}",-83.199923182,42.343624708
12401,1109390,8 MILE,STAHELIN,2017-07-01,1,7,2017,12,7,98,3,,1,0,,1,1,1,40,4,2,2,5,0,0,0,0,true,,false,false,false,false,false,,,,,,false,false,true,,,false,false,false,false,false,-83.2281,42.444,"{
  ""coordinates"": [
    -8.322810375900001e+01,
    4.244399708700010e+01
  ],
  ""type"": ""Point""
}","{
  ""coordinates"": [
    -83.228103759,
    42.443997087
  ],
  ""type"": ""Point""
}",-83.228103759,42.4439970870001
12402,1071921,GRATIOT,PARK GROVE,2017-07-01,1,7,2017,5,7,4,3,,1,0,,1,1,4,35,7,2,2,5,0,0,0,0,true,,true,false,true,false,false,,,,,,false,false,false,,,false,false,false,false,false,-82.98117,42.4298,"{
  ""coordinates"": [
    -8.298117398900000e+01,
    4.242980167100010e+01
  ],
  ""type"": ""Point""
}","{
  ""coordinates"": [
    -82.981173989,
    42.429801671
  ],
  ""type"": ""Point""
}",-82.981173989,42.4298016710001
12403,1072739,GRAND RIVER,KENTFORD,2017-07-01,1,7,2017,19,7,8,3,,1,0,,1,1,1,35,4,2,1,5,0,0,0,0,true,,false,false,true,false,false,,,,,,false,false,true,,,false,false,false,false,false,-83.22166,42.40206,"{
  ""coordinates"": [
    -8.322165943300000e+01,
    4.240206246000000e+01
  ],
  ""type"": ""Point""
}","{
  ""coordinates"": [
    -83.221659433,
    42.40206246
  ],
  ""type"": ""Point""
}",-83.221659433,42.40206246
12404,1071941,KLINGER,MCLEAN,2017-07-01,1,7,2017,22,7,8,9,,,0,,1,1,4,25,2,2,0,5,0,0,0,0,true,,false,false,true,false,false,,,,,,false,false,false,,,false,false,false,false,false,-83.06059,42.41074,"{
  ""coordinates"": [
    -8.306058805600000e+01,
    4.241073788700000e+01
  ],
  ""type"": ""Point""
}","{
  ""coordinates"": [
    -83.060588056,
    42.410737887
  ],
  ""type"": ""Point""
}",-83.060588056,42.410737887
12405,1073332,SORRENTO,HILLVIEW,2017-07-01,1,7,2017,19,7,4,9,,,0,,1,1,1,25,1,2,2,5,0,0,0,0,true,,false,false,false,false,false,,,,,,false,false,false,,,false,false,false,false,false,-83.17236,42.39867,"{
  ""coordinates"": [
    -8.317236111999991e+01,
    4.239867471500000e+01
  ],
  ""type"": ""Point""
}","{
  ""coordinates"": [
    -83.17236112,
    42.398674715
  ],
  ""type"": ""Point""
}",-83.1723611199999,42.398674715
12406,1075057,RAMP 109A,W M 8,2017-07-01,1,7,2017,16,7,1,3,,1,1,,1,1,1,55,1,1,1,5,0,0,0,0,true,,false,false,false,false,false,,,,,,false,false,false,,,false,false,false,false,false,-83.11095,42.39855,"{
  ""coordinates"": [
    -8.311094401799990e+01,
    4.239854982600010e+01
  ],
  ""type"": ""Point""
}","{
  ""coordinates"": [
    -83.110944018,
    42.398549826
  ],
  ""type"": ""Point""
}",-83.1109440179999,42.3985498260001
12407,1071960,LONDON,LIVERNOIS,2017-07-01,1,7,2017,12,7,5,9,,,0,,1,1,4,25,2,3,1,4,0,0,0,1,false,,false,false,false,false,false,,,,,,false,false,true,,,false,false,false,false,false,-83.14235,42.42349,"{
  ""coordinates"": [
    -8.314234928000000e+01,
    4.242349270700000e+01
  ],
  ""type"": ""Point""
}","{
  ""coordinates"": [
    -83.14234928,
    42.423492707
  ],
  ""type"": ""Point""
}",-83.14234928,42.423492707
12408,1072772,CARDONI,7 MILE,2017-07-01,1,7,2017,17,7,8,9,,,3,,1,1,1,25,2,2,0,5,0,0,0,0,true,,false,false,true,false,false,,,,,,false,false,false,,,false,false,false,false,false,-83.09164,42.43288,"{
  ""coordinates"": [
    -8.309164123399999e+01,
    4.243287544300010e+01
  ],
  ""type"": ""Point""
}","{
  ""coordinates"": [
    -83.091641234,
    42.432875443
  ],
  ""type"": ""Point""
}",-83.091641234,42.4328754430001
12409,1071915,HOOVER,MANNING,2017-07-01,1,7,2017,1,7,97,3,,1,0,,1,1,4,35,4,2,0,3,0,0,1,0,false,,false,false,true,false,false,,,,,,true,false,false,,,false,false,false,false,false,-83.0049,42.4401,"{
  ""coordinates"": [
    -8.300489909100000e+01,
    4.244010256600010e+01
  ],
  ""type"": ""Point""
}","{
  ""coordinates"": [
    -83.004899091,
    42.440102566
  ],
  ""type"": ""Point""
}",-83.004899091,42.4401025660001
12410,1075063,I-75,7 MILE,2017-07-01,1,7,2017,15,7,1,1,,1,1,,2,1,1,70,4,1,1,4,0,0,0,1,false,,false,false,false,false,false,,,,,,false,false,true,,,false,false,false,false,false,-83.09462,42.43222,"{
  ""coordinates"": [
    -8.309461832200000e+01,
    4.243221617800000e+01
  ],
  ""type"": ""Point""
}","{
  ""coordinates"": [
    -83.094618322,
    42.432216178
  ],
  ""type"": ""Point""
}",-83.094618322,42.432216178
12411,1071937,7 MILE,RYAN,2017-07-01,1,7,2017,7,7,5,9,,4,0,,1,2,1,35,2,2,2,5,0,0,0,0,true,,false,false,false,false,false,,,,,,false,true,false,,,false,false,false,false,false,-83.06284,42.43314,"{
  ""coordinates"": [
    -8.306283984000000e+01,
    4.243314240100010e+01
  ],
  ""type"": ""Point""
}","{
  ""coordinates"": [
    -83.06283984,
    42.433142401
  ],
  ""type"": ""Point""
}",-83.06283984,42.4331424010001
12412,1071886,MEYERS,W I 96,2017-07-01,1,7,2017,18,7,9,9,,4,0,,1,1,1,35,3,2,1,5,0,0,0,0,true,,false,false,true,false,false,,,,,,false,false,true,,,false,false,false,false,false,-83.16859,42.38523,"{
  ""coordinates"": [
    -8.316859599400000e+01,
    4.238523548800000e+01
  ],
  ""type"": ""Point""
}","{
  ""coordinates"": [
    -83.168595994,
    42.385235488
  ],
  ""type"": ""Point""
}",-83.168595994,42.385235488
12413,1071874,LENOX,CHANDLER PARK,2017-07-01,1,7,2017,20,7,4,9,,,0,,1,1,3,35,4,2,5,3,0,0,1,0,false,,false,false,false,false,false,,,,,,false,false,false,,,false,false,false,false,false,-82.9694,42.39785,"{
  ""coordinates"": [
    -8.296939813800000e+01,
    4.239784935100000e+01
  ],
  ""type"": ""Point""
}","{
  ""coordinates"": [
    -82.969398138,
    42.397849351
  ],
  ""type"": ""Point""
}",-82.969398138,42.397849351
12414,1071919,GRATIOT,EASTWOOD,2017-07-01,1,7,2017,8,7,5,3,,1,0,,1,1,2,35,3,2,1,5,0,0,0,0,true,,true,false,true,false,false,,,,,,false,false,false,,,false,false,false,false,false,-82.97883,42.43336,"{
  ""coordinates"": [
    -8.297882898700000e+01,
    4.243335625300010e+01
  ],
  ""type"": ""Point""
}","{
  ""coordinates"": [
    -82.978828987,
    42.433356253
  ],
  ""type"": ""Point""
}",-82.978828987,42.4333562530001
12415,1087835,OUTER,SANTA BARBARA,2017-07-01,1,7,2017,15,7,4,9,,2,0,,1,1,1,35,5,2,2,5,0,0,0,0,true,,false,false,true,false,false,,,,,,false,true,false,,,false,false,false,false,false,-83.14944,42.43519,"{
  ""coordinates"": [
    -8.314944777200000e+01,
    4.243519006300010e+01
  ],
  ""type"": ""Point""
}","{
  ""coordinates"": [
    -83.149447772,
    42.435190063
  ],
  ""type"": ""Point""
}",-83.149447772,42.4351900630001
12416,1072662,JOY,GRANDMONT,2017-07-01,1,7,2017,0,7,5,9,,4,0,,1,2,4,30,4,2,2,4,0,0,0,1,false,,false,false,false,true,false,,,,,,false,false,false,,,false,false,false,false,false,-83.20923,42.37241,"{
  ""coordinates"": [
    -8.320922603699999e+01,
    4.237240712400010e+01
  ],
  ""type"": ""Point""
}","{
  ""coordinates"": [
    -83.209226037,
    42.372407124
  ],
  ""type"": ""Point""
}",-83.209226037,42.3724071240001
12417,1125284,SCHAEFER,8 MILE,2017-07-01,1,7,2017,12,7,97,3,,4,0,,2,4,1,35,2,2,3,5,0,0,0,0,true,,false,false,true,false,false,,,,,,false,false,false,,,false,false,false,false,false,-83.18099,42.44513,"{
  ""coordinates"": [
    -8.318099279800001e+01,
    4.244512514700010e+01
  ],
  ""type"": ""Point""
}","{
  ""coordinates"": [
    -83.180992798,
    42.445125147
  ],
  ""type"": ""Point""
}",-83.180992798,42.4451251470001
12418,1071922,FAIRMONT,CORDELL,2017-07-01,1,7,2017,0,7,5,9,,,0,,1,1,5,0,4,2,0,5,0,0,0,0,true,,false,false,true,false,false,,,,,,false,false,false,,,false,false,false,false,false,-82.95144,42.44479,"{
  ""coordinates"": [
    -8.295143926199999e+01,
    4.244479470400010e+01
  ],
  ""type"": ""Point""
}","{
  ""coordinates"": [
    -82.951439262,
    42.444794704
  ],
  ""type"": ""Point""
}",-82.951439262,42.4447947040001
12419,1072738,WOODMONT,ORANGELAWN,2017-07-01,1,7,2017,19,7,9,9,,,0,,1,1,1,25,2,2,1,5,0,0,0,0,true,,false,false,false,false,false,,,,,,false,false,false,,,false,false,false,false,false,-83.20824,42.36786,"{
  ""coordinates"": [
    -8.320824645800000e+01,
    4.236786099600000e+01
  ],
  ""type"": ""Point""
}","{
  ""coordinates"": [
    -83.208246458,
    42.367860996
  ],
  ""type"": ""Point""
}",-83.208246458,42.367860996
12420,1072737,SCHOOLCRAFT,SOUTHFIELD SERVICE,2017-07-01,1,7,2017,17,7,5,9,,2,0,,1,1,1,35,4,2,1,5,0,0,0,0,true,,false,false,true,false,false,,,,,,false,false,false,,,false,false,false,false,false,-83.21721,42.38672,"{
  ""coordinates"": [
    -8.321721128699990e+01,
    4.238672233900010e+01
  ],
  ""type"": ""Point""
}","{
  ""coordinates"": [
    -83.217211287,
    42.386722339
  ],
  ""type"": ""Point""
}",-83.2172112869999,42.3867223390001
12421,1086616,LAFAYETTE,GRISWOLD,2017-07-01,1,7,2017,12,7,9,9,,4,2,,1,1,1,0,2,2,2,5,0,0,0,0,true,,false,false,false,false,false,,,,,,false,true,false,,,false,false,false,false,false,-83.04825,42.33163,"{
  ""coordinates"": [
    -8.304825020999991e+01,
    4.233163076600000e+01
  ],
  ""type"": ""Point""
}","{
  ""coordinates"": [
    -83.04825021,
    42.331630766
  ],
  ""type"": ""Point""
}",-83.0482502099999,42.331630766
12422,1071885,SCHAEFER,TIREMAN,2017-07-01,1,7,2017,14,7,5,9,,4,0,,1,1,1,35,4,2,2,5,0,0,0,0,true,,false,false,true,false,false,,,,,,false,true,false,,,false,false,false,false,false,-83.17718,42.35132,"{
  ""coordinates"": [
    -8.317718079500000e+01,
    4.235131954000010e+01
  ],
  ""type"": ""Point""
}","{
  ""coordinates"": [
    -83.177180795,
    42.35131954
  ],
  ""type"": ""Point""
}",-83.177180795,42.3513195400001
12423,1135379,CASS,ALEXANDRINE,2017-07-01,1,7,2017,17,7,1,9,,4,0,,1,1,1,30,1,1,1,5,0,0,0,0,true,,false,false,false,false,false,,,,,,false,false,false,,,false,false,false,false,false,-83.06291,42.34943,"{
  ""coordinates"": [
    -8.306290927700000e+01,
    4.234943290000010e+01
  ],
  ""type"": ""Point""
}","{
  ""coordinates"": [
    -83.062909277,
    42.3494329
  ],
  ""type"": ""Point""
}",-83.062909277,42.3494329000001
12424,1071907,VAN DYKE,AGNES,2017-07-01,1,7,2017,22,7,8,9,,4,0,,1,1,4,25,2,2,0,5,0,0,0,0,true,,false,false,true,false,false,,,,,,false,false,false,,,false,false,false,false,false,-82.99731,42.35477,"{
  ""coordinates"": [
    -8.299730690099990e+01,
    4.235477318000010e+01
  ],
  ""type"": ""Point""
}","{
  ""coordinates"": [
    -82.997306901,
    42.35477318
  ],
  ""type"": ""Point""
}",-82.9973069009999,42.3547731800001
12425,1078713,S I 75,RAMP 216A,2017-07-01,1,7,2017,3,7,1,1,,1,1,,1,1,4,30,4,1,0,5,0,0,0,0,true,,false,false,false,false,false,,,,,,false,false,false,,,false,false,false,false,false,-83.05515,42.36204,"{
  ""coordinates"": [
    -8.305515135400000e+01,
    4.236203772900010e+01
  ],
  ""type"": ""Point""
}","{
  ""coordinates"": [
    -83.055151354,
    42.362037729
  ],
  ""type"": ""Point""
}",-83.055151354,42.3620377290001
12426,1075137,S M 10,RAMP 107A,2017-07-01,1,7,2017,22,7,1,3,,1,1,,1,1,4,0,3,2,2,4,0,0,0,1,false,,false,false,true,false,false,,,,,,false,false,false,,,false,false,false,true,false,-83.14741,42.40474,"{
  ""coordinates"": [
    -8.314740819300000e+01,
    4.240473964300000e+01
  ],
  ""type"": ""Point""
}","{
  ""coordinates"": [
    -83.147408193,
    42.404739643
  ],
  ""type"": ""Point""
}",-83.147408193,42.404739643
12427,1222301,SEVEN MILE,TRINITY,2017-07-01,1,7,2017,21,7,5,9,,2,0,,1,1,3,35,4,2,1,5,0,0,0,0,true,,false,false,false,false,false,,,,,,false,false,true,,,false,false,false,false,false,-83.2502,42.42931,"{
  ""coordinates"": [
    -8.325019479900000e+01,
    4.242930736300010e+01
  ],
  ""type"": ""Point""
}","{
  ""coordinates"": [
    -83.250194799,
    42.429307363
  ],
  ""type"": ""Point""
}",-83.250194799,42.4293073630001
12428,1072663,M-39,7 MILE,2017-07-01,1,7,2017,2,7,5,3,,1,0,,1,2,4,55,3,3,2,4,0,0,0,2,false,,false,false,true,false,false,,,,,,false,false,true,,,false,false,false,false,false,-83.21939,42.42975,"{
  ""coordinates"": [
    -8.321939022100000e+01,
    4.242974869500010e+01
  ],
  ""type"": ""Point""
}","{
  ""coordinates"": [
    -83.219390221,
    42.429748695
  ],
  ""type"": ""Point""
}",-83.219390221,42.4297486950001
12429,1071956,VASSAR,SCHAEFER,2017-07-01,1,7,2017,9,7,4,9,,4,0,,1,1,1,30,2,2,2,4,0,0,0,1,false,,true,true,true,false,false,,,,,,false,false,false,,,false,false,false,false,false,-83.18064,42.43476,"{
  ""coordinates"": [
    -8.318064221200000e+01,
    4.243476575700000e+01
  ],
  ""type"": ""Point""
}","{
  ""coordinates"": [
    -83.180642212,
    42.434765757
  ],
  ""type"": ""Point""
}",-83.180642212,42.434765757
12430,1073321,BEECHWOOD,UNDERWOOD,2017-07-01,1,7,2017,7,7,4,9,,,0,,1,1,1,25,2,2,2,3,0,0,1,0,false,,false,false,false,false,false,,,,,,false,false,false,,,false,false,false,false,false,-83.13351,42.36457,"{
  ""coordinates"": [
    -8.313351384200000e+01,
    4.236456777800000e+01
  ],
  ""type"": ""Point""
}","{
  ""coordinates"": [
    -83.133513842,
    42.364567778
  ],
  ""type"": ""Point""
}",-83.133513842,42.364567778