ObjectId,Crash ID,Primary Road,Intersecting Road,Crash Date,Day,Month,Year,Hour,Weekday,Crash Type Code,Highway Classification Code,Community Code,Jurisdiction Code,Lane Departure Type Code,Surface Type,Road Condition,Weather Condition,Lighting Condition,Speed Limit,Lanes,Units,Occupants,Most Severe Injury,Fatal Injuries,Suspected Serious Injuries,Suspected Minor Injuries,Possible Injuries,Property Damage Only,Secondary Crash,Traffic Control,Red Light Run,Hit and Run,Alcohol,Drugs,Unbelted Person,Work Zone,Speeding Driver,Distracted Driver,Driveway,Pedestrian,Elderly Driver,Young Driver,Commercial Vehicle,Emergency Vehicles,Train,School Bus,Motorcycle,Bicycle,Deer,Longitude,Latitude,geom,geog,x,y
12488,1073345,S M 10,7 MILE,2017-06-30,30,6,2017,7,6,8,3,,1,0,,2,4,1,65,3,2,1,5,0,0,0,0,true,,false,false,true,false,false,,,,,,false,false,false,,,false,false,false,false,false,-83.18817,42.4318,"{
  ""coordinates"": [
    -8.318817262399990e+01,
    4.243180229700000e+01
  ],
  ""type"": ""Point""
}","{
  ""coordinates"": [
    -83.188172624,
    42.431802297
  ],
  ""type"": ""Point""
}",-83.1881726239999,42.431802297
12489,1076164,W I 96,KENTFIELD,2017-06-30,30,6,2017,21,6,8,1,,1,0,,2,4,4,55,4,2,1,5,0,0,0,0,true,,false,false,true,false,false,,,,,,false,false,false,,,false,false,false,false,false,-83.24068,42.38383,"{
  ""coordinates"": [
    -8.324068049200000e+01,
    4.238383053400000e+01
  ],
  ""type"": ""Point""
}","{
  ""coordinates"": [
    -83.240680492,
    42.383830534
  ],
  ""type"": ""Point""
}",-83.240680492,42.383830534
12490,1071925,DEXTER,GLENDALE,2017-06-30,30,6,2017,10,6,8,9,,4,0,,1,2,1,30,7,2,1,5,0,0,0,0,true,,true,false,true,false,false,,,,,,false,false,false,,,false,false,false,false,false,-83.1289,42.38683,"{
  ""coordinates"": [
    -8.312889911199990e+01,
    4.238682533600010e+01
  ],
  ""type"": ""Point""
}","{
  ""coordinates"": [
    -83.128899112,
    42.386825336
  ],
  ""type"": ""Point""
}",-83.1288991119999,42.3868253360001
12491,1071936,MAINE,GRIXDALE,2017-06-30,30,6,2017,17,6,8,9,,,0,,2,4,1,25,1,2,2,5,0,0,0,0,true,,false,false,false,false,false,,,,,,false,false,false,,,false,false,false,false,false,-83.07583,42.4281,"{
  ""coordinates"": [
    -8.307582598399991e+01,
    4.242810111800000e+01
  ],
  ""type"": ""Point""
}","{
  ""coordinates"": [
    -83.075825984,
    42.428101118
  ],
  ""type"": ""Point""
}",-83.0758259839999,42.428101118
12492,1073283,WARREN,MCDONALD,2017-06-30,30,6,2017,14,6,97,9,,2,0,,1,2,1,35,4,2,2,2,0,1,0,0,false,,false,false,false,false,false,,,,,,true,true,false,,,false,false,false,false,false,-83.14725,42.34472,"{
  ""coordinates"": [
    -8.314725242599999e+01,
    4.234472259400010e+01
  ],
  ""type"": ""Point""
}","{
  ""coordinates"": [
    -83.147252426,
    42.344722594
  ],
  ""type"": ""Point""
}",-83.147252426,42.3447225940001
12493,1111555,RICHTON,WILDEMERE,2017-06-30,30,6,2017,17,6,9,9,,,2,,2,4,1,25,2,2,1,5,0,0,0,0,true,,false,false,false,true,false,,,,,,false,false,false,,,false,false,false,false,false,-83.12113,42.38474,"{
  ""coordinates"": [
    -8.312113218000000e+01,
    4.238473353900010e+01
  ],
  ""type"": ""Point""
}","{
  ""coordinates"": [
    -83.12113218,
    42.384733539
  ],
  ""type"": ""Point""
}",-83.12113218,42.3847335390001
12494,1073319,GRAND RIVER,DAILEY,2017-06-30,30,6,2017,8,6,5,3,,1,0,,1,2,1,35,7,3,1,4,0,0,0,1,false,,false,false,true,false,false,,,,,,false,false,true,,,false,false,false,false,false,-83.12939,42.36487,"{
  ""coordinates"": [
    -8.312938355499990e+01,
    4.236487368500010e+01
  ],
  ""type"": ""Point""
}","{
  ""coordinates"": [
    -83.129383555,
    42.364873685
  ],
  ""type"": ""Point""
}",-83.1293835549999,42.3648736850001
12495,1076195,SANTA MARIA,PLAINVIEW,2017-06-30,30,6,2017,18,6,97,9,,,0,,2,2,1,25,2,2,1,5,0,0,0,0,true,,true,false,true,false,false,,,,,,false,false,false,,,false,false,false,false,false,-83.23724,42.41747,"{
  ""coordinates"": [
    -8.323724029499991e+01,
    4.241747406100010e+01
  ],
  ""type"": ""Point""
}","{
  ""coordinates"": [
    -83.237240295,
    42.417474061
  ],
  ""type"": ""Point""
}",-83.2372402949999,42.4174740610001
12496,1072725,JOY,PENROD,2017-06-30,30,6,2017,17,6,3,9,,2,0,,2,4,1,35,4,2,3,5,0,0,0,0,true,,false,false,true,false,false,,,,,,false,false,false,,,false,false,false,false,false,-83.2201,42.3578,"{
  ""coordinates"": [
    -8.322009886500000e+01,
    4.235779955500000e+01
  ],
  ""type"": ""Point""
}","{
  ""coordinates"": [
    -83.220098865,
    42.357799555
  ],
  ""type"": ""Point""
}",-83.220098865,42.357799555
12497,1072657,W/B I-94,GRAND RIVER,2017-06-30,30,6,2017,22,6,8,1,,1,0,,2,4,4,55,3,2,1,5,0,0,0,0,true,,false,false,true,false,false,,,,,,false,false,false,,,false,false,false,false,false,-83.09393,42.35188,"{
  ""coordinates"": [
    -8.309392764700000e+01,
    4.235187825900000e+01
  ],
  ""type"": ""Point""
}","{
  ""coordinates"": [
    -83.093927647,
    42.351878259
  ],
  ""type"": ""Point""
}",-83.093927647,42.351878259
12498,1080469,WARREN,RUTLAND,2017-06-30,30,6,2017,20,6,5,9,,2,0,,2,4,1,35,4,2,2,5,0,0,0,0,true,,false,false,false,false,false,,,,,,false,false,true,,,false,false,false,false,false,-83.21262,42.34343,"{
  ""coordinates"": [
    -8.321262007400000e+01,
    4.234343292000010e+01
  ],
  ""type"": ""Point""
}","{
  ""coordinates"": [
    -83.212620074,
    42.34343292
  ],
  ""type"": ""Point""
}",-83.212620074,42.3434329200001
12499,1089759,W I 94,N M 10,2017-06-30,30,6,2017,13,6,5,1,,1,0,,1,1,1,65,8,2,2,4,0,0,0,1,false,,false,false,true,false,false,,,,,,false,false,false,,,false,false,false,false,false,-83.07599,42.35968,"{
  ""coordinates"": [
    -8.307598497799999e+01,
    4.235968500000010e+01
  ],
  ""type"": ""Point""
}","{
  ""coordinates"": [
    -83.075984978,
    42.359685
  ],
  ""type"": ""Point""
}",-83.075984978,42.3596850000001
12500,1071901,SHERIDAN,WARREN,2017-06-30,30,6,2017,8,6,4,9,,,0,,1,1,1,25,3,2,3,5,0,0,0,0,true,,false,false,false,false,false,,,,,,false,false,false,,,false,false,false,false,false,-83.01685,42.37442,"{
  ""coordinates"": [
    -8.301684942799990e+01,
    4.237442507900000e+01
  ],
  ""type"": ""Point""
}","{
  ""coordinates"": [
    -83.016849428,
    42.374425079
  ],
  ""type"": ""Point""
}",-83.0168494279999,42.374425079
12501,1075060,I-75,CLAY,2017-06-30,30,6,2017,10,6,8,1,,1,0,,1,1,1,70,4,2,2,5,0,0,0,0,true,,false,false,false,false,false,,,,,,false,false,false,,,false,false,false,false,false,-83.06374,42.37959,"{
  ""coordinates"": [
    -8.306374029700000e+01,
    4.237958541800000e+01
  ],
  ""type"": ""Point""
}","{
  ""coordinates"": [
    -83.063740297,
    42.379585418
  ],
  ""type"": ""Point""
}",-83.063740297,42.379585418
12502,1071931,E I 94,SCOTTEN,2017-06-30,30,6,2017,3,6,5,1,,1,0,,2,4,4,30,3,2,1,5,0,0,0,0,true,,false,false,true,false,false,,,,,,false,false,false,,,false,false,false,false,false,-83.11095,42.34588,"{
  ""coordinates"": [
    -8.311095793699999e+01,
    4.234588279600010e+01
  ],
  ""type"": ""Point""
}","{
  ""coordinates"": [
    -83.110957937,
    42.345882796
  ],
  ""type"": ""Point""
}",-83.110957937,42.3458827960001
12503,1075062,I-94,CADILLAC,2017-06-30,30,6,2017,8,6,8,1,,1,0,,1,1,1,55,3,2,2,5,0,0,0,0,true,,false,false,false,false,false,,,,,,false,false,false,,,false,false,false,false,false,-83.00362,42.39188,"{
  ""coordinates"": [
    -8.300361393700000e+01,
    4.239188453400000e+01
  ],
  ""type"": ""Point""
}","{
  ""coordinates"": [
    -83.003613937,
    42.391884534
  ],
  ""type"": ""Point""
}",-83.003613937,42.391884534
12504,1072653,I-75,VERNOR,2017-06-30,30,6,2017,18,6,1,1,,1,1,,2,4,1,70,3,1,1,5,0,0,0,0,true,,false,false,false,false,false,,,,,,false,false,true,,,false,false,false,false,false,-83.08355,42.32502,"{
  ""coordinates"": [
    -8.308354734800000e+01,
    4.232501725500000e+01
  ],
  ""type"": ""Point""
}","{
  ""coordinates"": [
    -83.083547348,
    42.325017255
  ],
  ""type"": ""Point""
}",-83.083547348,42.325017255
12505,1073919,I-94,CENTRAL,2017-06-30,30,6,2017,3,6,1,1,,1,1,,2,4,4,55,3,1,1,2,0,1,0,0,false,,false,false,false,false,false,,,,,,false,false,false,,,false,false,false,false,false,-83.14318,42.33154,"{
  ""coordinates"": [
    -8.314317889700000e+01,
    4.233154037500000e+01
  ],
  ""type"": ""Point""
}","{
  ""coordinates"": [
    -83.143178897,
    42.331540375
  ],
  ""type"": ""Point""
}",-83.143178897,42.331540375
12506,1072666,JEFFERSON,WOODWARD,2017-06-30,30,6,2017,9,6,6,3,,1,0,,1,1,1,35,4,2,2,5,0,0,0,0,true,,false,false,false,false,false,,,,,,false,false,false,,,false,false,false,false,false,-83.04476,42.32875,"{
  ""coordinates"": [
    -8.304476409100000e+01,
    4.232875581700010e+01
  ],
  ""type"": ""Point""
}","{
  ""coordinates"": [
    -83.044764091,
    42.328755817
  ],
  ""type"": ""Point""
}",-83.044764091,42.3287558170001
12507,1073965,BALFOUR,MOROSS,2017-06-30,30,6,2017,3,6,4,9,,,0,,2,1,5,30,4,2,2,5,0,0,0,0,true,,false,false,true,false,false,,,,,,false,false,true,,,false,false,false,false,false,-82.93849,42.42861,"{
  ""coordinates"": [
    -8.293849249599999e+01,
    4.242861144700000e+01
  ],
  ""type"": ""Point""
}","{
  ""coordinates"": [
    -82.938492496,
    42.428611447
  ],
  ""type"": ""Point""
}",-82.938492496,42.428611447
12508,1071883,LYNDON,ARDMORE,2017-06-30,30,6,2017,18,6,1,9,,4,0,,2,4,4,35,2,1,1,5,0,0,0,0,true,,false,false,false,false,false,,,,,,false,false,false,,,false,false,false,false,false,-83.18459,42.39466,"{
  ""coordinates"": [
    -8.318459034100000e+01,
    4.239466120500000e+01
  ],
  ""type"": ""Point""
}","{
  ""coordinates"": [
    -83.184590341,
    42.394661205
  ],
  ""type"": ""Point""
}",-83.184590341,42.394661205
12509,1080315,E I 94,E I 96,2017-06-30,30,6,2017,14,6,5,1,,1,0,,1,1,1,55,4,2,3,5,0,0,0,0,true,,false,false,false,false,false,,,,,,false,false,false,,,false,false,false,false,false,-83.09917,42.35009,"{
  ""coordinates"": [
    -8.309917103600000e+01,
    4.235008594800010e+01
  ],
  ""type"": ""Point""
}","{
  ""coordinates"": [
    -83.099171036,
    42.350085948
  ],
  ""type"": ""Point""
}",-83.099171036,42.3500859480001
12510,1073946,GREENFIELD,LYNDON,2017-06-30,30,6,2017,19,6,8,9,,2,0,,2,4,4,35,6,2,6,5,0,0,0,0,true,,false,false,false,false,false,,,,,,false,false,false,,,false,false,false,false,false,-83.19842,42.39426,"{
  ""coordinates"": [
    -8.319841679099990e+01,
    4.239426480700010e+01
  ],
  ""type"": ""Point""
}","{
  ""coordinates"": [
    -83.198416791,
    42.394264807
  ],
  ""type"": ""Point""
}",-83.1984167909999,42.3942648070001
12511,1071912,MURRAY HILL,OUTER,2017-06-30,30,6,2017,22,6,4,9,,,0,,2,1,4,30,3,2,2,5,0,0,0,0,true,,false,false,false,false,false,,,,,,false,false,false,,,false,false,false,false,false,-83.20807,42.41915,"{
  ""coordinates"": [
    -8.320806818900000e+01,
    4.241914957600010e+01
  ],
  ""type"": ""Point""
}","{
  ""coordinates"": [
    -83.208068189,
    42.419149576
  ],
  ""type"": ""Point""
}",-83.208068189,42.4191495760001
12512,1073329,STANSBURY,PICKFORD,2017-06-30,30,6,2017,14,6,4,9,,,0,,1,1,1,25,2,2,3,5,0,0,0,0,true,,false,false,false,false,false,,,,,,false,true,false,,,false,false,false,false,false,-83.18377,42.42553,"{
  ""coordinates"": [
    -8.318377174800000e+01,
    4.242553341400000e+01
  ],
  ""type"": ""Point""
}","{
  ""coordinates"": [
    -83.183771748,
    42.425533414
  ],
  ""type"": ""Point""
}",-83.183771748,42.425533414
12513,1085356,SCHAEFER,CASTLETON,2017-06-30,30,6,2017,3,6,98,9,,4,3,,2,4,4,30,2,2,1,5,0,0,0,0,true,,false,false,true,false,false,,,,,,false,false,false,,,false,false,false,false,false,-83.17811,42.3763,"{
  ""coordinates"": [
    -8.317810779400000e+01,
    4.237630017500000e+01
  ],
  ""type"": ""Point""
}","{
  ""coordinates"": [
    -83.178107794,
    42.376300175
  ],
  ""type"": ""Point""
}",-83.178107794,42.376300175
12514,1075065,I-94,JUNCTION,2017-06-30,30,6,2017,15,6,5,1,,1,0,,1,1,1,55,3,2,2,5,0,0,0,0,true,,false,false,false,false,false,,,,,,false,false,true,,,false,false,false,false,false,-83.11985,42.33939,"{
  ""coordinates"": [
    -8.311984750300000e+01,
    4.233939512400010e+01
  ],
  ""type"": ""Point""
}","{
  ""coordinates"": [
    -83.119847503,
    42.339395124
  ],
  ""type"": ""Point""
}",-83.119847503,42.3393951240001
12515,1071914,COPLIN,PROMENADE,2017-06-30,30,6,2017,13,6,97,9,,,0,,1,1,1,25,2,2,3,4,0,0,0,3,false,,false,false,true,false,false,,,,,,false,false,false,,,false,false,false,false,false,-82.97585,42.41207,"{
  ""coordinates"": [
    -8.297585201899990e+01,
    4.241206955600010e+01
  ],
  ""type"": ""Point""
}","{
  ""coordinates"": [
    -82.975852019,
    42.412069556
  ],
  ""type"": ""Point""
}",-82.9758520189999,42.4120695560001
12516,1079674,LAHSER,MCNICHOLS,2017-06-30,30,6,2017,5,6,5,9,,2,0,,2,1,2,30,2,2,4,4,0,0,0,4,false,,false,false,false,false,false,,,,,,false,true,false,,,false,false,false,false,false,-83.25747,42.41467,"{
  ""coordinates"": [
    -8.325746955900000e+01,
    4.241467289200010e+01
  ],
  ""type"": ""Point""
}","{
  ""coordinates"": [
    -83.257469559,
    42.414672892
  ],
  ""type"": ""Point""
}",-83.257469559,42.4146728920001
12517,1071893,FORT,SCHAEFER,2017-06-30,30,6,2017,10,6,5,3,,1,3,,1,1,1,25,4,2,1,5,0,0,0,0,true,,false,false,false,false,false,,,,,,false,false,true,,,false,false,false,false,false,-83.15604,42.2757,"{
  ""coordinates"": [
    -8.315604473600000e+01,
    4.227570436800000e+01
  ],
  ""type"": ""Point""
}","{
  ""coordinates"": [
    -83.156044736,
    42.275704368
  ],
  ""type"": ""Point""
}",-83.156044736,42.275704368
12518,1086581,I 75,HOLBROOK,2017-06-30,30,6,2017,13,6,1,1,,1,1,,1,1,1,55,4,1,1,4,0,0,0,1,false,,false,false,false,false,false,,,,,,false,false,false,,,false,false,false,false,false,-83.06615,42.38319,"{
  ""coordinates"": [
    -8.306615749299991e+01,
    4.238319373800000e+01
  ],
  ""type"": ""Point""
}","{
  ""coordinates"": [
    -83.066157493,
    42.383193738
  ],
  ""type"": ""Point""
}",-83.0661574929999,42.383193738
12519,1095886,CHICAGO,FIELDING,2017-06-30,30,6,2017,1,6,9,9,,4,2,,2,4,4,30,2,2,0,5,0,0,0,0,true,,false,false,true,false,false,,,,,,false,false,false,,,false,false,false,false,false,-83.24129,42.36462,"{
  ""coordinates"": [
    -8.324128662000000e+01,
    4.236462509600010e+01
  ],
  ""type"": ""Point""
}","{
  ""coordinates"": [
    -83.24128662,
    42.364625096
  ],
  ""type"": ""Point""
}",-83.24128662,42.3646250960001
12520,1075068,I-94,LONYO,2017-06-30,30,6,2017,16,6,5,1,,1,0,,1,2,1,55,3,3,5,5,0,0,0,0,true,,false,false,false,false,false,,,,,,false,false,false,,,false,false,false,false,false,-83.14704,42.33109,"{
  ""coordinates"": [
    -8.314704003600001e+01,
    4.233109255900010e+01
  ],
  ""type"": ""Point""
}","{
  ""coordinates"": [
    -83.147040036,
    42.331092559
  ],
  ""type"": ""Point""
}",-83.147040036,42.3310925590001
12521,1083288,I 94,FRENCH,2017-06-30,30,6,2017,18,6,5,1,,1,0,,2,1,1,55,3,2,2,5,0,0,0,0,true,,false,false,false,false,false,,,,,,false,false,true,,,false,false,false,false,false,-82.99512,42.39241,"{
  ""coordinates"": [
    -8.299511691399989e+01,
    4.239240701600000e+01
  ],
  ""type"": ""Point""
}","{
  ""coordinates"": [
    -82.995116914,
    42.392407016
  ],
  ""type"": ""Point""
}",-82.9951169139999,42.392407016
12522,1072638,W/B I-94,BEAUBIEN,2017-06-30,30,6,2017,19,6,5,1,,1,0,,2,4,1,55,3,3,3,5,0,0,0,0,true,,false,false,false,false,false,,,,,,false,true,false,,,false,false,false,false,false,-83.06309,42.36632,"{
  ""coordinates"": [
    -8.306308853300000e+01,
    4.236632312200000e+01
  ],
  ""type"": ""Point""
}","{
  ""coordinates"": [
    -83.063088533,
    42.366323122
  ],
  ""type"": ""Point""
}",-83.063088533,42.366323122
12523,1071904,JEFFERSON,VAN DYKE,2017-06-30,30,6,2017,13,6,4,9,,4,0,,1,1,1,30,6,2,2,5,0,0,0,0,true,,false,false,false,false,false,,,,,,false,true,false,,,false,false,false,false,false,-82.99474,42.35149,"{
  ""coordinates"": [
    -8.299474556300000e+01,
    4.235148950000010e+01
  ],
  ""type"": ""Point""
}","{
  ""coordinates"": [
    -82.994745563,
    42.3514895
  ],
  ""type"": ""Point""
}",-82.994745563,42.3514895000001
12524,1072736,7 MILE,GREENVIEW,2017-06-30,30,6,2017,16,6,97,9,,2,0,,2,2,1,35,4,2,1,5,0,0,0,0,true,,false,false,false,false,false,,,,,,false,true,false,,,false,false,false,false,false,-83.22543,42.42991,"{
  ""coordinates"": [
    -8.322542565299990e+01,
    4.242990852700010e+01
  ],
  ""type"": ""Point""
}","{
  ""coordinates"": [
    -83.225425653,
    42.429908527
  ],
  ""type"": ""Point""
}",-83.2254256529999,42.4299085270001
12525,1082178,MCNICHOLS,FENMORE,2017-06-30,30,6,2017,16,6,7,9,,2,0,,1,1,1,35,4,2,1,5,0,0,0,0,true,,false,false,true,false,false,,,,,,false,false,false,,,false,false,false,false,false,-83.21758,42.41559,"{
  ""coordinates"": [
    -8.321758071799999e+01,
    4.241558658400000e+01
  ],
  ""type"": ""Point""
}","{
  ""coordinates"": [
    -83.217580718,
    42.415586584
  ],
  ""type"": ""Point""
}",-83.217580718,42.415586584
12526,1072635,N/B M-39,GRAND RIVER,2017-06-30,30,6,2017,18,6,1,3,,1,1,,2,4,1,55,3,1,1,5,0,0,0,0,true,,false,false,false,false,false,,,,,,false,false,true,,,false,false,false,false,false,-83.2182,42.40082,"{
  ""coordinates"": [
    -8.321819909600001e+01,
    4.240082074300010e+01
  ],
  ""type"": ""Point""
}","{
  ""coordinates"": [
    -83.218199096,
    42.400820743
  ],
  ""type"": ""Point""
}",-83.218199096,42.4008207430001
12527,1075071,S/B M-39,PLYMOUTH,2017-06-30,30,6,2017,17,6,5,3,,1,0,,2,4,1,55,3,2,2,4,0,0,0,1,false,,false,false,false,false,false,,,,,,false,false,false,,,false,false,false,false,false,-83.21686,42.37443,"{
  ""coordinates"": [
    -8.321685847099999e+01,
    4.237442704400010e+01
  ],
  ""type"": ""Point""
}","{
  ""coordinates"": [
    -83.216858471,
    42.374427044
  ],
  ""type"": ""Point""
}",-83.216858471,42.3744270440001
12528,1072726,SAWYER,PLAINVIEW,2017-06-30,30,6,2017,4,6,97,9,,,0,,1,1,4,25,2,2,1,5,0,0,0,0,true,,false,false,false,false,false,,,,,,false,false,false,,,false,false,false,false,false,-83.23372,42.34682,"{
  ""coordinates"": [
    -8.323371650999999e+01,
    4.234682316200010e+01
  ],
  ""type"": ""Point""
}","{
  ""coordinates"": [
    -83.23371651,
    42.346823162
  ],
  ""type"": ""Point""
}",-83.23371651,42.3468231620001
12529,1071924,ROSA PARKS,PALLISTER,2017-06-30,30,6,2017,9,6,1,9,,4,0,,1,1,1,35,4,2,2,3,0,0,1,0,false,,false,false,false,false,false,,,,,,false,false,false,,,false,false,false,true,false,-83.09297,42.36718,"{
  ""coordinates"": [
    -8.309297257500000e+01,
    4.236717862200000e+01
  ],
  ""type"": ""Point""
}","{
  ""coordinates"": [
    -83.092972575,
    42.367178622
  ],
  ""type"": ""Point""
}",-83.092972575,42.367178622
12530,1072735,GRAND RIVER,7 MILE,2017-06-30,30,6,2017,17,6,97,3,,1,0,,2,4,1,35,6,2,2,5,0,0,0,0,true,,false,false,false,false,false,,,,,,false,false,true,,,false,false,false,false,false,-83.2872,42.42856,"{
  ""coordinates"": [
    -8.328720289700000e+01,
    4.242856093200000e+01
  ],
  ""type"": ""Point""
}","{
  ""coordinates"": [
    -83.287202897,
    42.428560932
  ],
  ""type"": ""Point""
}",-83.287202897,42.428560932
12531,1077562,I-75,7 MILE,2017-06-30,30,6,2017,4,6,5,1,,1,0,,2,4,4,70,4,2,2,5,0,0,0,0,true,,false,false,true,false,false,,,,,,false,false,false,,,false,false,false,false,false,-83.09447,42.43105,"{
  ""coordinates"": [
    -8.309447114699999e+01,
    4.243104684600010e+01
  ],
  ""type"": ""Point""
}","{
  ""coordinates"": [
    -83.094471147,
    42.431046846
  ],
  ""type"": ""Point""
}",-83.094471147,42.4310468460001
12532,1072654,W I 96,SCHAEFER,2017-06-30,30,6,2017,22,6,8,1,,1,0,,2,4,4,55,3,2,2,5,0,0,0,0,true,,false,false,false,false,false,,,,,,false,false,true,,,false,false,false,false,false,-83.17801,42.3834,"{
  ""coordinates"": [
    -8.317800523600000e+01,
    4.238340492700010e+01
  ],
  ""type"": ""Point""
}","{
  ""coordinates"": [
    -83.178005236,
    42.383404927
  ],
  ""type"": ""Point""
}",-83.178005236,42.3834049270001
12533,1075061,I 75,MCNICHOLS,2017-06-30,30,6,2017,14,6,5,1,,1,0,,1,1,1,70,4,3,2,5,0,0,0,0,true,,false,false,true,false,false,,,,,,false,false,true,,,false,false,false,false,false,-83.08825,42.41847,"{
  ""coordinates"": [
    -8.308824674100001e+01,
    4.241846785600010e+01
  ],
  ""type"": ""Point""
}","{
  ""coordinates"": [
    -83.088246741,
    42.418467856
  ],
  ""type"": ""Point""
}",-83.088246741,42.4184678560001
12534,1083373,JEFFERSON,CHENE,2017-06-30,30,6,2017,21,6,7,9,,4,0,,2,4,4,35,4,2,3,5,0,0,0,0,true,,false,false,false,false,false,,,,,,false,true,true,,,false,false,false,false,false,-83.02103,42.33894,"{
  ""coordinates"": [
    -8.302103079299999e+01,
    4.233894327300000e+01
  ],
  ""type"": ""Point""
}","{
  ""coordinates"": [
    -83.021030793,
    42.338943273
  ],
  ""type"": ""Point""
}",-83.021030793,42.338943273
12535,1071932,OUTER,NORWOOD,2017-06-30,30,6,2017,10,6,4,9,,2,0,,1,1,1,35,2,2,2,4,0,0,0,1,false,,true,false,false,false,false,,,,,,false,true,false,,,false,false,false,false,false,-83.06751,42.44048,"{
  ""coordinates"": [
    -8.306751075499990e+01,
    4.244047948000010e+01
  ],
  ""type"": ""Point""
}","{
  ""coordinates"": [
    -83.067510755,
    42.44047948
  ],
  ""type"": ""Point""
}",-83.0675107549999,42.4404794800001
12536,1071933,BLOOM,ROWLEY,2017-06-30,30,6,2017,11,6,2,9,,,2,,1,1,1,25,2,2,1,5,0,0,0,0,true,,false,false,false,false,false,,,,,,false,false,true,,,false,false,false,false,false,-83.04855,42.41256,"{
  ""coordinates"": [
    -8.304854357700000e+01,
    4.241255595400000e+01
  ],
  ""type"": ""Point""
}","{
  ""coordinates"": [
    -83.048543577,
    42.412555954
  ],
  ""type"": ""Point""
}",-83.048543577,42.412555954
12537,1071880,I-94,MT ELLIOT,2017-06-30,30,6,2017,6,6,1,1,,1,1,,2,2,1,55,3,1,1,2,0,1,0,0,false,,false,false,false,false,false,,,,,,false,true,false,,,false,false,false,false,false,-83.03706,42.3777,"{
  ""coordinates"": [
    -8.303706626600000e+01,
    4.237770268600010e+01
  ],
  ""type"": ""Point""
}","{
  ""coordinates"": [
    -83.037066266,
    42.377702686
  ],
  ""type"": ""Point""
}",-83.037066266,42.3777026860001
12538,1078652,I75,CLARK,2017-06-30,30,6,2017,16,6,1,1,,1,1,,1,2,1,55,3,1,1,4,0,0,0,1,false,,false,false,false,false,false,,,,,,false,false,true,,,false,false,false,false,false,-83.08195,42.32175,"{
  ""coordinates"": [
    -8.308195342999990e+01,
    4.232175343100000e+01
  ],
  ""type"": ""Point""
}","{
  ""coordinates"": [
    -83.08195343,
    42.321753431
  ],
  ""type"": ""Point""
}",-83.0819534299999,42.321753431
12539,1071951,MEYERS,7 MILE,2017-06-29,29,6,2017,11,5,8,9,,4,0,,1,1,1,35,4,2,1,5,0,0,0,0,true,,false,false,true,false,false,,,,,,false,true,false,,,false,false,false,false,false,-83.17068,42.43098,"{
  ""coordinates"": [
    -8.317068233899990e+01,
    4.243097723200000e+01
  ],
  ""type"": ""Point""
}","{
  ""coordinates"": [
    -83.170682339,
    42.430977232
  ],
  ""type"": ""Point""
}",-83.1706823389999,42.430977232
12540,1070677,RAMP 109F,W M 8,2017-06-29,29,6,2017,21,5,1,3,,1,1,,1,1,1,55,1,1,1,2,0,1,0,0,false,,false,false,false,false,false,,,,,,false,false,false,,,false,false,false,false,false,-83.10992,42.39899,"{
  ""coordinates"": [
    -8.310992719500000e+01,
    4.239898920300000e+01
  ],
  ""type"": ""Point""
}","{
  ""coordinates"": [
    -83.109927195,
    42.398989203
  ],
  ""type"": ""Point""
}",-83.109927195,42.398989203
12541,1072746,MCNICHOLS,KENTFIELD,2017-06-29,29,6,2017,18,5,4,9,,2,0,,1,1,1,35,3,2,3,5,0,0,0,0,true,,false,false,false,false,false,,,,,,false,false,true,,,false,false,false,false,false,-83.24112,42.41511,"{
  ""coordinates"": [
    -8.324111872000000e+01,
    4.241510586300010e+01
  ],
  ""type"": ""Point""
}","{
  ""coordinates"": [
    -83.24111872,
    42.415105863
  ],
  ""type"": ""Point""
}",-83.24111872,42.4151058630001
12542,1072670,MACK,N I 75,2017-06-29,29,6,2017,15,5,3,9,,4,0,,1,1,1,0,4,2,3,5,0,0,0,0,true,,false,false,false,false,false,,,,,,false,false,false,,,false,false,false,false,false,-83.04785,42.35121,"{
  ""coordinates"": [
    -8.304785051499989e+01,
    4.235121180600000e+01
  ],
  ""type"": ""Point""
}","{
  ""coordinates"": [
    -83.047850515,
    42.351211806
  ],
  ""type"": ""Point""
}",-83.0478505149999,42.351211806
12543,1071877,I 94 E/B,SECOND,2017-06-29,29,6,2017,16,5,8,1,,1,0,,1,1,1,55,3,2,1,5,0,0,0,0,true,,false,false,true,false,false,,,,,,false,false,false,,,false,false,false,false,false,-83.07284,42.36122,"{
  ""coordinates"": [
    -8.307283859300000e+01,
    4.236121646800010e+01
  ],
  ""type"": ""Point""
}","{
  ""coordinates"": [
    -83.072838593,
    42.361216468
  ],
  ""type"": ""Point""
}",-83.072838593,42.3612164680001
12544,1071946,SCHAEFER,8 MILE,2017-06-29,29,6,2017,21,5,3,9,,4,0,,1,1,4,30,5,2,2,5,0,0,0,0,true,,false,false,false,false,false,,,,,,false,false,true,,,false,false,false,false,false,-83.18098,42.44464,"{
  ""coordinates"": [
    -8.318097876199990e+01,
    4.244464619000010e+01
  ],
  ""type"": ""Point""
}","{
  ""coordinates"": [
    -83.180978762,
    42.44464619
  ],
  ""type"": ""Point""
}",-83.1809787619999,42.4446461900001