ObjectId,Crash ID,Primary Road,Intersecting Road,Crash Date,Day,Month,Year,Hour,Weekday,Crash Type Code,Highway Classification Code,Community Code,Jurisdiction Code,Lane Departure Type Code,Surface Type,Road Condition,Weather Condition,Lighting Condition,Speed Limit,Lanes,Units,Occupants,Most Severe Injury,Fatal Injuries,Suspected Serious Injuries,Suspected Minor Injuries,Possible Injuries,Property Damage Only,Secondary Crash,Traffic Control,Red Light Run,Hit and Run,Alcohol,Drugs,Unbelted Person,Work Zone,Speeding Driver,Distracted Driver,Driveway,Pedestrian,Elderly Driver,Young Driver,Commercial Vehicle,Emergency Vehicles,Train,School Bus,Motorcycle,Bicycle,Deer,Longitude,Latitude,geom,geog,x,y
12659,1121481,GRATIOT,MARCUS,2017-06-27,27,6,2017,16,3,8,3,,1,0,,1,1,1,35,6,2,3,5,0,0,0,0,true,,false,false,false,false,false,,,,,,false,true,false,,,false,false,false,false,false,-83.00262,42.39708,"{
  ""coordinates"": [
    -8.300262300700000e+01,
    4.239707517500010e+01
  ],
  ""type"": ""Point""
}","{
  ""coordinates"": [
    -83.002623007,
    42.397075175
  ],
  ""type"": ""Point""
}",-83.002623007,42.3970751750001
12660,1071842,WOODWARD,HOLBROOK,2017-06-27,27,6,2017,10,3,8,3,,1,0,,1,1,1,30,2,2,4,4,0,0,0,1,false,,false,false,false,false,false,,,,,,false,false,false,,,false,false,false,false,false,-83.07972,42.37983,"{
  ""coordinates"": [
    -8.307971711099999e+01,
    4.237982430300010e+01
  ],
  ""type"": ""Point""
}","{
  ""coordinates"": [
    -83.079717111,
    42.379824303
  ],
  ""type"": ""Point""
}",-83.079717111,42.3798243030001
12661,1078653,W I 94,WARREN,2017-06-27,27,6,2017,17,3,8,1,,1,0,,1,1,1,55,3,2,2,5,0,0,0,0,true,,false,false,false,false,false,,,,,,false,false,true,,,false,false,false,false,false,-83.11368,42.3445,"{
  ""coordinates"": [
    -8.311367994999991e+01,
    4.234449857600000e+01
  ],
  ""type"": ""Point""
}","{
  ""coordinates"": [
    -83.11367995,
    42.344498576
  ],
  ""type"": ""Point""
}",-83.1136799499999,42.344498576
12662,1070696,GRAND,MACK,2017-06-27,27,6,2017,2,3,1,3,,,0,,1,2,5,30,4,2,1,4,0,0,0,1,false,,true,true,false,false,false,,,,,,false,false,false,,,false,false,false,true,false,-83.05787,42.34739,"{
  ""coordinates"": [
    -8.305787202300000e+01,
    4.234738763900000e+01
  ],
  ""type"": ""Point""
}","{
  ""coordinates"": [
    -83.057872023,
    42.347387639
  ],
  ""type"": ""Point""
}",-83.057872023,42.347387639
12663,1071840,I-94,14TH,2017-06-27,27,6,2017,8,3,5,1,,1,0,,1,1,1,55,3,2,3,5,0,0,0,0,true,,false,false,false,false,false,,,,,,false,false,false,,,false,false,false,false,false,-83.09077,42.35274,"{
  ""coordinates"": [
    -8.309077144699999e+01,
    4.235273729700000e+01
  ],
  ""type"": ""Point""
}","{
  ""coordinates"": [
    -83.090771447,
    42.352737297
  ],
  ""type"": ""Point""
}",-83.090771447,42.352737297
12664,1077698,BINDER,8MILE,2017-06-27,27,6,2017,23,3,5,3,,,3,,1,1,4,25,1,2,0,5,0,0,0,0,true,,false,false,true,false,false,,,,,,false,false,false,,,false,false,false,false,false,-83.06493,42.4472,"{
  ""coordinates"": [
    -8.306492922800000e+01,
    4.244719619600000e+01
  ],
  ""type"": ""Point""
}","{
  ""coordinates"": [
    -83.064929228,
    42.447196196
  ],
  ""type"": ""Point""
}",-83.064929228,42.447196196
12665,1068941,EVERGREEN,WADSWORTH,2017-06-27,27,6,2017,13,3,10,9,,4,0,,1,1,1,0,2,2,3,4,0,0,0,2,false,,false,false,false,false,false,,,,,,false,false,false,,,false,false,false,false,false,-83.23632,42.37387,"{
  ""coordinates"": [
    -8.323631795499990e+01,
    4.237387341700000e+01
  ],
  ""type"": ""Point""
}","{
  ""coordinates"": [
    -83.236317955,
    42.373873417
  ],
  ""type"": ""Point""
}",-83.2363179549999,42.373873417
12666,1115209,OUTER,NORWOOD,2017-06-27,27,6,2017,20,3,1,9,,2,0,,1,1,1,35,3,1,1,5,0,0,0,0,true,,false,false,false,false,false,,,,,,false,false,false,,,false,false,false,false,false,-83.06769,42.44048,"{
  ""coordinates"": [
    -8.306768780899991e+01,
    4.244047599900010e+01
  ],
  ""type"": ""Point""
}","{
  ""coordinates"": [
    -83.067687809,
    42.440475999
  ],
  ""type"": ""Point""
}",-83.0676878089999,42.4404759990001
12667,1072744,7 MILE,PLAINVIEW,2017-06-27,27,6,2017,10,3,5,9,,2,0,,1,1,1,35,5,3,5,4,0,0,0,1,false,,false,false,false,false,false,,,,,,false,false,true,,,false,false,false,false,false,-83.23755,42.42962,"{
  ""coordinates"": [
    -8.323754702199990e+01,
    4.242961399000010e+01
  ],
  ""type"": ""Point""
}","{
  ""coordinates"": [
    -83.237547022,
    42.42961399
  ],
  ""type"": ""Point""
}",-83.2375470219999,42.4296139900001
12668,1072742,JOY,GRANDMONT,2017-06-27,27,6,2017,20,3,4,9,,2,0,,1,1,2,35,4,2,4,4,0,0,0,3,false,,false,false,false,false,false,,,,,,false,false,false,,,false,false,false,false,false,-83.2094,42.35799,"{
  ""coordinates"": [
    -8.320939414000000e+01,
    4.235798852100000e+01
  ],
  ""type"": ""Point""
}","{
  ""coordinates"": [
    -83.20939414,
    42.357988521
  ],
  ""type"": ""Point""
}",-83.20939414,42.357988521
12669,1071845,I-96,ROOSEVELT,2017-06-27,27,6,2017,7,3,5,9,,4,0,,1,1,1,55,5,2,2,5,0,0,0,0,true,,false,false,false,false,false,,,,,,false,false,true,,,false,false,false,false,false,-83.10616,42.35382,"{
  ""coordinates"": [
    -8.310616643600000e+01,
    4.235382606600010e+01
  ],
  ""type"": ""Point""
}","{
  ""coordinates"": [
    -83.106166436,
    42.353826066
  ],
  ""type"": ""Point""
}",-83.106166436,42.3538260660001
12670,1071869,M 10,CLAIRMOUNT,2017-06-27,27,6,2017,17,3,5,3,,1,0,,1,1,1,55,4,2,2,4,0,0,0,1,false,,false,false,false,false,false,,,,,,false,false,false,,,false,false,false,false,false,-83.08968,42.379,"{
  ""coordinates"": [
    -8.308968489499991e+01,
    4.237899721400000e+01
  ],
  ""type"": ""Point""
}","{
  ""coordinates"": [
    -83.089684895,
    42.378997214
  ],
  ""type"": ""Point""
}",-83.0896848949999,42.378997214
12671,1069852,DEXTER,GRANDRIVER,2017-06-27,27,6,2017,8,3,5,3,,7,0,,1,1,1,25,6,2,5,5,0,0,0,0,true,,false,false,false,false,false,,,,,,false,false,false,,,false,false,false,false,false,-83.10779,42.35615,"{
  ""coordinates"": [
    -8.310779077799999e+01,
    4.235615233800010e+01
  ],
  ""type"": ""Point""
}","{
  ""coordinates"": [
    -83.107790778,
    42.356152338
  ],
  ""type"": ""Point""
}",-83.107790778,42.3561523380001
12672,1068943,MCNICHOLS,LAHSER,2017-06-27,27,6,2017,18,3,4,9,,2,0,,1,1,1,35,6,2,3,5,0,0,0,0,true,,false,false,false,false,false,,,,,,false,false,false,,,false,false,false,false,false,-83.25747,42.4146,"{
  ""coordinates"": [
    -8.325746538500000e+01,
    4.241460365200000e+01
  ],
  ""type"": ""Point""
}","{
  ""coordinates"": [
    -83.257465385,
    42.414603652
  ],
  ""type"": ""Point""
}",-83.257465385,42.414603652
12673,1070684,WOODWARD,KIRBY,2017-06-27,27,6,2017,15,3,8,3,,1,0,,1,1,1,25,2,2,2,5,0,0,0,0,true,,false,false,true,false,false,,,,,,false,false,false,,,false,false,false,false,false,-83.06631,42.35985,"{
  ""coordinates"": [
    -8.306631305400001e+01,
    4.235984993600000e+01
  ],
  ""type"": ""Point""
}","{
  ""coordinates"": [
    -83.066313054,
    42.359849936
  ],
  ""type"": ""Point""
}",-83.066313054,42.359849936
12674,1071846,M-10,WYOMING,2017-06-27,27,6,2017,9,3,8,3,,1,0,,1,1,1,55,3,2,2,5,0,0,0,0,true,,false,false,false,false,false,,,,,,false,false,true,,,false,false,false,false,false,-83.16332,42.4076,"{
  ""coordinates"": [
    -8.316331956200000e+01,
    4.240760219700010e+01
  ],
  ""type"": ""Point""
}","{
  ""coordinates"": [
    -83.163319562,
    42.407602197
  ],
  ""type"": ""Point""
}",-83.163319562,42.4076021970001
12675,1072636,I-94,WOODWARD,2017-06-27,27,6,2017,23,3,8,1,,1,0,,1,1,4,55,3,2,2,5,0,0,0,0,true,,false,false,false,false,false,,,,,,false,false,false,,,false,false,false,false,false,-83.06738,42.36451,"{
  ""coordinates"": [
    -8.306737220600000e+01,
    4.236451197400000e+01
  ],
  ""type"": ""Point""
}","{
  ""coordinates"": [
    -83.067372206,
    42.364511974
  ],
  ""type"": ""Point""
}",-83.067372206,42.364511974
12676,1068927,S M 39 SERVICE DRIVE,DOVER,2017-06-27,27,6,2017,15,3,97,3,,4,0,,1,1,1,55,8,2,1,5,0,0,0,0,true,,false,false,false,false,false,,,,,,false,false,false,,,false,false,false,false,false,-83.2169,42.35921,"{
  ""coordinates"": [
    -8.321690337000000e+01,
    4.235921421800000e+01
  ],
  ""type"": ""Point""
}","{
  ""coordinates"": [
    -83.21690337,
    42.359214218
  ],
  ""type"": ""Point""
}",-83.21690337,42.359214218
12677,1071851,DAVISON,CANADIAN NATIONAL RAILWAY,2017-06-27,27,6,2017,17,3,8,9,,4,0,,1,2,1,55,4,3,4,3,0,0,1,0,false,,false,false,false,false,false,,,,,,false,false,true,,,false,false,false,false,false,-83.08142,42.4086,"{
  ""coordinates"": [
    -8.308141815099999e+01,
    4.240860391300000e+01
  ],
  ""type"": ""Point""
}","{
  ""coordinates"": [
    -83.081418151,
    42.408603913
  ],
  ""type"": ""Point""
}",-83.081418151,42.408603913
12678,1068949,OHIO,CURTIS,2017-06-27,27,6,2017,8,3,1,9,,,0,,1,1,1,30,1,2,2,3,0,0,1,0,false,,false,false,false,false,false,,,,,,false,true,false,,,false,false,false,true,false,-83.15635,42.4241,"{
  ""coordinates"": [
    -8.315634980899991e+01,
    4.242410334400010e+01
  ],
  ""type"": ""Point""
}","{
  ""coordinates"": [
    -83.156349809,
    42.424103344
  ],
  ""type"": ""Point""
}",-83.1563498089999,42.4241033440001
12679,1073327,N I 75,HOLBROOK,2017-06-27,27,6,2017,17,3,8,1,,1,0,,1,1,1,65,4,2,4,5,0,0,0,0,true,,false,false,false,false,false,,,,,,false,false,false,,,false,false,false,false,false,-83.0676,42.38584,"{
  ""coordinates"": [
    -8.306760667499999e+01,
    4.238583626900000e+01
  ],
  ""type"": ""Point""
}","{
  ""coordinates"": [
    -83.067606675,
    42.385836269
  ],
  ""type"": ""Point""
}",-83.067606675,42.385836269
12680,1072730,S M 39 SERVICE DRIVE,WARREN,2017-06-27,27,6,2017,16,3,5,9,,4,0,,1,1,1,55,4,2,2,5,0,0,0,0,true,,false,false,false,false,false,,,,,,false,false,false,,,false,false,false,false,false,-83.21653,42.34331,"{
  ""coordinates"": [
    -8.321652975900000e+01,
    4.234330818100010e+01
  ],
  ""type"": ""Point""
}","{
  ""coordinates"": [
    -83.216529759,
    42.343308181
  ],
  ""type"": ""Point""
}",-83.216529759,42.3433081810001
12681,1068922,MACK,MOROSS,2017-06-27,27,6,2017,10,3,4,9,,2,0,,1,1,1,35,8,2,3,4,0,0,0,3,false,,false,false,false,false,false,,,,,,false,true,false,,,false,false,false,false,false,-82.91077,42.41717,"{
  ""coordinates"": [
    -8.291076627000000e+01,
    4.241716772400010e+01
  ],
  ""type"": ""Point""
}","{
  ""coordinates"": [
    -82.91076627,
    42.417167724
  ],
  ""type"": ""Point""
}",-82.91076627,42.4171677240001
12682,1071898,MACK,MAXWELL,2017-06-27,27,6,2017,21,3,8,9,,4,0,,1,1,4,25,2,2,3,5,0,0,0,0,true,,false,false,false,false,false,,,,,,false,false,false,,,false,false,false,false,false,-83.00448,42.36763,"{
  ""coordinates"": [
    -8.300447652299989e+01,
    4.236763530200010e+01
  ],
  ""type"": ""Point""
}","{
  ""coordinates"": [
    -83.004476523,
    42.367635302
  ],
  ""type"": ""Point""
}",-83.0044765229999,42.3676353020001
12683,1071849,S M 10,BELDEN,2017-06-27,27,6,2017,8,3,5,3,,1,0,,1,1,1,55,3,4,5,4,0,0,0,2,false,,false,false,false,false,false,,,,,,false,false,false,,,false,false,false,false,false,-83.13602,42.40489,"{
  ""coordinates"": [
    -8.313602364899999e+01,
    4.240489114200010e+01
  ],
  ""type"": ""Point""
}","{
  ""coordinates"": [
    -83.136023649,
    42.404891142
  ],
  ""type"": ""Point""
}",-83.136023649,42.4048911420001
12684,1067939,20255 GREENVIEW,TROJAN,2017-06-27,27,6,2017,5,3,8,9,,,0,,1,1,4,15,1,2,2,4,0,0,0,1,false,,false,false,false,false,false,,,,,,false,false,true,,,false,false,false,false,false,-83.22592,42.44084,"{
  ""coordinates"": [
    -8.322592536000001e+01,
    4.244083748800010e+01
  ],
  ""type"": ""Point""
}","{
  ""coordinates"": [
    -83.22592536,
    42.440837488
  ],
  ""type"": ""Point""
}",-83.22592536,42.4408374880001
12685,1071856,WOODWARD,CUSTER,2017-06-27,27,6,2017,10,3,97,3,,1,1,,1,2,1,35,5,2,2,4,0,0,0,1,false,,false,false,false,false,false,,,,,,false,false,false,,,true,false,false,false,false,-83.07445,42.37199,"{
  ""coordinates"": [
    -8.307444585800000e+01,
    4.237199357200010e+01
  ],
  ""type"": ""Point""
}","{
  ""coordinates"": [
    -83.074445858,
    42.371993572
  ],
  ""type"": ""Point""
}",-83.074445858,42.3719935720001
12686,1073935,SCHAEFER,W I 96,2017-06-27,27,6,2017,14,3,2,9,,4,0,,1,1,1,35,5,2,2,5,0,0,0,0,true,,false,false,false,false,false,,,,,,false,true,false,,,false,false,false,false,false,-83.17837,42.3834,"{
  ""coordinates"": [
    -8.317836407899991e+01,
    4.238339882100010e+01
  ],
  ""type"": ""Point""
}","{
  ""coordinates"": [
    -83.178364079,
    42.383398821
  ],
  ""type"": ""Point""
}",-83.1783640789999,42.3833988210001
12687,1071923,DORIS,DEXTER,2017-06-27,27,6,2017,14,3,4,9,,,0,,1,1,1,25,1,2,5,4,0,0,0,1,false,,true,false,false,false,false,,,,,,false,false,false,,,false,false,false,false,false,-83.1344,42.39538,"{
  ""coordinates"": [
    -8.313439669699990e+01,
    4.239537672600010e+01
  ],
  ""type"": ""Point""
}","{
  ""coordinates"": [
    -83.134396697,
    42.395376726
  ],
  ""type"": ""Point""
}",-83.1343966969999,42.3953767260001
12688,1068912,W I 96,MEYERS,2017-06-27,27,6,2017,0,3,8,1,,1,0,,1,1,4,55,3,2,1,5,0,0,0,0,true,,false,false,true,false,false,,,,,,false,false,false,,,false,false,false,false,false,-83.16737,42.38539,"{
  ""coordinates"": [
    -8.316737144299999e+01,
    4.238539008700010e+01
  ],
  ""type"": ""Point""
}","{
  ""coordinates"": [
    -83.167371443,
    42.385390087
  ],
  ""type"": ""Point""
}",-83.167371443,42.3853900870001
12689,1068932,LARNED,N I 375,2017-06-27,27,6,2017,17,3,5,9,,4,0,,1,1,1,25,7,2,3,5,0,0,0,0,true,,false,false,false,false,false,,,,,,false,false,false,,,false,false,false,false,false,-83.03621,42.33352,"{
  ""coordinates"": [
    -8.303620644400000e+01,
    4.233351778300000e+01
  ],
  ""type"": ""Point""
}","{
  ""coordinates"": [
    -83.036206444,
    42.333517783
  ],
  ""type"": ""Point""
}",-83.036206444,42.333517783
12690,1087744,BRADFORD,LAPPIN,2017-06-27,27,6,2017,20,3,8,9,,,0,,1,1,1,25,3,2,3,5,0,0,0,0,true,,false,false,true,false,false,,,,,,false,false,false,,,false,false,false,false,false,-83.00108,42.43633,"{
  ""coordinates"": [
    -8.300108235000000e+01,
    4.243633226500000e+01
  ],
  ""type"": ""Point""
}","{
  ""coordinates"": [
    -83.00108235,
    42.436332265
  ],
  ""type"": ""Point""
}",-83.00108235,42.436332265
12691,1068935,LAFAYETTE,SAINT AUBIN,2017-06-27,27,6,2017,16,3,1,9,,4,0,,1,1,1,30,4,2,4,4,0,0,0,1,false,,false,false,false,false,false,,,,,,false,false,false,,,false,false,false,true,false,-83.02955,42.33922,"{
  ""coordinates"": [
    -8.302954544100000e+01,
    4.233922260500000e+01
  ],
  ""type"": ""Point""
}","{
  ""coordinates"": [
    -83.029545441,
    42.339222605
  ],
  ""type"": ""Point""
}",-83.029545441,42.339222605
12692,1069851,WASHINGTON,FORT,2017-06-27,27,6,2017,9,3,10,3,,4,0,,1,1,1,35,3,2,2,5,0,0,0,0,true,,false,false,false,false,false,,,,,,false,true,false,,,false,false,false,false,false,-83.04971,42.32949,"{
  ""coordinates"": [
    -8.304970918299991e+01,
    4.232949111700000e+01
  ],
  ""type"": ""Point""
}","{
  ""coordinates"": [
    -83.049709183,
    42.329491117
  ],
  ""type"": ""Point""
}",-83.0497091829999,42.329491117
12693,1071970,W I 94,JOHN R,2017-06-27,27,6,2017,6,3,5,1,,1,0,,1,1,1,0,2,2,1,4,0,0,0,1,false,,false,false,true,false,false,,,,,,false,false,false,,,false,false,false,false,false,-83.06689,42.36474,"{
  ""coordinates"": [
    -8.306689591400000e+01,
    4.236473691400000e+01
  ],
  ""type"": ""Point""
}","{
  ""coordinates"": [
    -83.066895914,
    42.364736914
  ],
  ""type"": ""Point""
}",-83.066895914,42.364736914
12694,1072750,MCNICHOLS,GILCHRIST,2017-06-27,27,6,2017,23,3,5,9,,2,0,,1,1,4,30,2,2,1,4,0,0,0,1,false,,false,false,false,false,false,,,,,,false,false,false,,,false,false,false,false,false,-83.21236,42.4157,"{
  ""coordinates"": [
    -8.321236611700000e+01,
    4.241569809800010e+01
  ],
  ""type"": ""Point""
}","{
  ""coordinates"": [
    -83.212366117,
    42.415698098
  ],
  ""type"": ""Point""
}",-83.212366117,42.4156980980001
12695,1072679,PINGREE,2ND,2017-06-27,27,6,2017,11,3,10,9,,,0,,1,1,1,25,2,2,1,5,0,0,0,0,true,,false,false,false,false,false,,,,,,false,false,false,,,false,false,false,false,false,-83.08182,42.37778,"{
  ""coordinates"": [
    -8.308181547399990e+01,
    4.237777588300000e+01
  ],
  ""type"": ""Point""
}","{
  ""coordinates"": [
    -83.081815474,
    42.377775883
  ],
  ""type"": ""Point""
}",-83.0818154739999,42.377775883
12696,1069824,I-94,CONNER,2017-06-27,27,6,2017,7,3,1,1,,1,1,,1,1,1,55,3,1,1,5,0,0,0,0,true,,false,false,false,false,false,,,,,,false,false,false,,,false,false,false,false,false,-82.98914,42.39563,"{
  ""coordinates"": [
    -8.298913556100000e+01,
    4.239562456000000e+01
  ],
  ""type"": ""Point""
}","{
  ""coordinates"": [
    -82.989135561,
    42.39562456
  ],
  ""type"": ""Point""
}",-82.989135561,42.39562456
12697,1086646,GRAND,ROSA PARKS,2017-06-27,27,6,2017,20,3,97,9,,4,0,,1,1,1,30,2,2,0,4,0,0,0,1,false,,false,false,false,false,false,,,,,,true,false,false,,,false,false,false,false,false,-83.09035,42.36386,"{
  ""coordinates"": [
    -8.309035530100000e+01,
    4.236386672200010e+01
  ],
  ""type"": ""Point""
}","{
  ""coordinates"": [
    -83.090355301,
    42.363866722
  ],
  ""type"": ""Point""
}",-83.090355301,42.3638667220001
12698,1083436,LOTHROP,THIRD,2017-06-27,27,6,2017,13,3,8,9,,4,0,,1,1,1,25,2,2,3,5,0,0,0,0,true,,false,false,false,false,false,,,,,,false,false,false,,,false,false,false,false,false,-83.08009,42.36934,"{
  ""coordinates"": [
    -8.308008663699999e+01,
    4.236933542900000e+01
  ],
  ""type"": ""Point""
}","{
  ""coordinates"": [
    -83.080086637,
    42.369335429
  ],
  ""type"": ""Point""
}",-83.080086637,42.369335429
12699,1068951,LIVERNOIS,PEMBROKE,2017-06-27,27,6,2017,16,3,5,9,,4,0,,1,1,1,30,5,3,3,5,0,0,0,0,true,,false,false,true,false,false,,,,,,false,true,false,,,false,false,false,false,false,-83.14186,42.43891,"{
  ""coordinates"": [
    -8.314186442300000e+01,
    4.243891245100010e+01
  ],
  ""type"": ""Point""
}","{
  ""coordinates"": [
    -83.141864423,
    42.438912451
  ],
  ""type"": ""Point""
}",-83.141864423,42.4389124510001
12700,1090658,HARPER,CADIEUX,2017-06-27,27,6,2017,23,3,4,9,,4,0,,1,1,4,30,4,2,2,5,0,0,0,0,true,,false,false,false,false,false,,,,,,false,false,true,,,false,false,false,false,false,-82.93755,42.41596,"{
  ""coordinates"": [
    -8.293754703099999e+01,
    4.241595940200010e+01
  ],
  ""type"": ""Point""
}","{
  ""coordinates"": [
    -82.937547031,
    42.415959402
  ],
  ""type"": ""Point""
}",-82.937547031,42.4159594020001
12701,1072639,S/B M-39,7 MILE,2017-06-27,27,6,2017,20,3,1,3,,1,1,,1,1,1,55,3,1,1,5,0,0,0,0,true,,false,false,false,false,false,,,,,,false,false,true,,,false,false,false,false,false,-83.2194,42.42988,"{
  ""coordinates"": [
    -8.321940092900000e+01,
    4.242987876500010e+01
  ],
  ""type"": ""Point""
}","{
  ""coordinates"": [
    -83.219400929,
    42.429878765
  ],
  ""type"": ""Point""
}",-83.219400929,42.4298787650001
12702,1083333,VERNOR,OAKDALE,2017-06-27,27,6,2017,9,3,4,9,,4,0,,1,1,1,25,2,2,2,5,0,0,0,0,true,,true,false,false,false,false,,,,,,false,false,false,,,false,false,false,false,false,-83.13441,42.30852,"{
  ""coordinates"": [
    -8.313440430000000e+01,
    4.230851966500010e+01
  ],
  ""type"": ""Point""
}","{
  ""coordinates"": [
    -83.1344043,
    42.308519665
  ],
  ""type"": ""Point""
}",-83.1344043,42.3085196650001
12703,1073980,MCNICHOLS,PRINCETON,2017-06-27,27,6,2017,19,3,7,9,,4,0,,1,1,1,35,2,2,2,5,0,0,0,0,true,,false,false,false,false,false,,,,,,false,false,false,,,false,false,false,false,false,-83.12926,42.41733,"{
  ""coordinates"": [
    -8.312925845099990e+01,
    4.241733320900000e+01
  ],
  ""type"": ""Point""
}","{
  ""coordinates"": [
    -83.129258451,
    42.417333209
  ],
  ""type"": ""Point""
}",-83.1292584509999,42.417333209
12704,1085353,CASS,S I 75 SERVICE DRIVE,2017-06-27,27,6,2017,6,3,4,9,,4,0,,1,1,1,0,3,2,2,5,0,0,0,0,true,,true,true,true,false,false,,,,,,false,false,true,,,false,false,false,false,false,-83.05669,42.33851,"{
  ""coordinates"": [
    -8.305669326100001e+01,
    4.233851159300010e+01
  ],
  ""type"": ""Point""
}","{
  ""coordinates"": [
    -83.056693261,
    42.338511593
  ],
  ""type"": ""Point""
}",-83.056693261,42.3385115930001
12705,1068940,JOY,ASBURY PARK01,2017-06-27,27,6,2017,13,3,5,9,,2,0,,1,1,1,35,5,2,5,4,0,0,0,3,false,,false,false,false,false,false,,,,,,false,false,false,,,false,false,false,false,false,-83.20679,42.35799,"{
  ""coordinates"": [
    -8.320678812499990e+01,
    4.235798621700010e+01
  ],
  ""type"": ""Point""
}","{
  ""coordinates"": [
    -83.206788125,
    42.357986217
  ],
  ""type"": ""Point""
}",-83.2067881249999,42.3579862170001
12706,1072783,MCNICHOLS,FAIRFIELD,2017-06-27,27,6,2017,22,3,4,9,,4,0,,1,1,4,30,2,2,2,3,0,0,1,0,false,,false,false,false,false,false,,,,,,false,false,false,,,false,false,false,false,false,-83.1353,42.41723,"{
  ""coordinates"": [
    -8.313530248799999e+01,
    4.241723203100000e+01
  ],
  ""type"": ""Point""
}","{
  ""coordinates"": [
    -83.135302488,
    42.417232031
  ],
  ""type"": ""Point""
}",-83.135302488,42.417232031
12707,1071850,N/B I-75,DAVISON,2017-06-27,27,6,2017,11,3,8,1,,1,0,,1,1,1,70,4,2,2,5,0,0,0,0,true,,false,false,false,false,false,,,,,,false,true,false,,,false,false,false,false,false,-83.08083,42.41058,"{
  ""coordinates"": [
    -8.308083128200001e+01,
    4.241058377900000e+01
  ],
  ""type"": ""Point""
}","{
  ""coordinates"": [
    -83.080831282,
    42.410583779
  ],
  ""type"": ""Point""
}",-83.080831282,42.410583779
12708,1071917,LINWOOD,FENKELL,2017-06-27,27,6,2017,0,3,1,9,,4,1,,1,1,4,0,6,1,1,5,0,0,0,0,true,,false,false,false,false,false,,,,,,false,false,false,,,false,false,false,false,false,-83.12727,42.40323,"{
  ""coordinates"": [
    -8.312726316000000e+01,
    4.240323328100000e+01
  ],
  ""type"": ""Point""
}","{
  ""coordinates"": [
    -83.12726316,
    42.403233281
  ],
  ""type"": ""Point""
}",-83.12726316,42.403233281
12709,1073290,LAFAYETTE,BRUSH,2017-06-27,27,6,2017,8,3,4,9,,4,0,,1,1,1,15,3,2,2,4,0,0,0,1,false,,false,false,false,false,false,,,,,,false,false,true,,,false,false,false,false,false,-83.04314,42.33358,"{
  ""coordinates"": [
    -8.304313790399991e+01,
    4.233357486700000e+01
  ],
  ""type"": ""Point""
}","{
  ""coordinates"": [
    -83.043137904,
    42.333574867
  ],
  ""type"": ""Point""
}",-83.0431379039999,42.333574867
12710,1069866,FORT,MILLER,2017-06-27,27,6,2017,10,3,5,3,,1,0,,1,1,1,30,5,2,3,5,0,0,0,0,true,,false,false,false,false,false,,,,,,false,false,true,,,false,false,false,false,false,-83.14127,42.29175,"{
  ""coordinates"": [
    -8.314126791200000e+01,
    4.229175086400010e+01
  ],
  ""type"": ""Point""
}","{
  ""coordinates"": [
    -83.141267912,
    42.291750864
  ],
  ""type"": ""Point""
}",-83.141267912,42.2917508640001
12711,1069896,8 MILE,GREELEY,2017-06-27,27,6,2017,12,3,4,3,,1,0,,1,1,1,40,4,2,3,5,0,0,0,0,true,,true,false,false,false,false,,,,,,false,false,false,,,false,false,false,false,false,-83.08797,42.44693,"{
  ""coordinates"": [
    -8.308796444599990e+01,
    4.244692894500000e+01
  ],
  ""type"": ""Point""
}","{
  ""coordinates"": [
    -83.087964446,
    42.446928945
  ],
  ""type"": ""Point""
}",-83.0879644459999,42.446928945
12712,1140147,I-94,MCCLELLAN ACE,2017-06-27,27,6,2017,17,3,8,1,,1,0,,1,1,1,55,3,2,4,5,0,0,0,0,true,,false,false,true,false,false,,,,,,false,false,false,,,false,false,false,false,false,-83.00745,42.39108,"{
  ""coordinates"": [
    -8.300744682899990e+01,
    4.239107572500010e+01
  ],
  ""type"": ""Point""
}","{
  ""coordinates"": [
    -83.007446829,
    42.391075725
  ],
  ""type"": ""Point""
}",-83.0074468289999,42.3910757250001
12713,1073924,W I 94,GRAND,2017-06-27,27,6,2017,14,3,5,1,,1,0,,1,1,1,55,3,2,3,5,0,0,0,0,true,,false,false,false,false,false,,,,,,false,true,false,,,false,false,false,false,false,-83.04078,42.37651,"{
  ""coordinates"": [
    -8.304077986500000e+01,
    4.237650819600000e+01
  ],
  ""type"": ""Point""
}","{
  ""coordinates"": [
    -83.040779865,
    42.376508196
  ],
  ""type"": ""Point""
}",-83.040779865,42.376508196
12714,1071841,I-375,GRATIOT,2017-06-27,27,6,2017,9,3,8,1,,1,0,,1,1,1,55,4,2,2,5,0,0,0,0,true,,false,false,false,false,false,,,,,,false,false,true,,,false,false,false,false,false,-83.04293,42.34089,"{
  ""coordinates"": [
    -8.304292731600000e+01,
    4.234088912400010e+01
  ],
  ""type"": ""Point""
}","{
  ""coordinates"": [
    -83.042927316,
    42.340889124
  ],
  ""type"": ""Point""
}",-83.042927316,42.3408891240001
12715,1071889,VERNOR,INGLIS,2017-06-27,27,6,2017,1,3,5,9,,4,3,,1,2,4,30,2,2,0,5,0,0,0,0,true,,false,false,true,false,false,,,,,,false,false,false,,,false,false,false,false,false,-83.12858,42.31089,"{
  ""coordinates"": [
    -8.312857497700000e+01,
    4.231088999700010e+01
  ],
  ""type"": ""Point""
}","{
  ""coordinates"": [
    -83.128574977,
    42.310889997
  ],
  ""type"": ""Point""
}",-83.128574977,42.3108899970001