ObjectId,Crash ID,Primary Road,Intersecting Road,Crash Date,Day,Month,Year,Hour,Weekday,Crash Type Code,Highway Classification Code,Community Code,Jurisdiction Code,Lane Departure Type Code,Surface Type,Road Condition,Weather Condition,Lighting Condition,Speed Limit,Lanes,Units,Occupants,Most Severe Injury,Fatal Injuries,Suspected Serious Injuries,Suspected Minor Injuries,Possible Injuries,Property Damage Only,Secondary Crash,Traffic Control,Red Light Run,Hit and Run,Alcohol,Drugs,Unbelted Person,Work Zone,Speeding Driver,Distracted Driver,Driveway,Pedestrian,Elderly Driver,Young Driver,Commercial Vehicle,Emergency Vehicles,Train,School Bus,Motorcycle,Bicycle,Deer,Longitude,Latitude,geom,geog,x,y
12887,1066004,GRATIOT,ARNDT,2017-06-24,24,6,2017,16,7,97,3,,1,0,,1,1,1,25,5,2,3,5,0,0,0,0,true,,false,false,false,false,false,,,,,,false,false,false,,,false,false,false,false,false,-83.0318,42.35286,"{
  ""coordinates"": [
    -8.303179582600001e+01,
    4.235286461200010e+01
  ],
  ""type"": ""Point""
}","{
  ""coordinates"": [
    -83.031795826,
    42.352864612
  ],
  ""type"": ""Point""
}",-83.031795826,42.3528646120001
12888,1069826,I-94,MARTIN,2017-06-24,24,6,2017,18,7,97,1,,1,0,,1,1,1,55,3,2,2,5,0,0,0,0,true,,false,false,false,false,false,,,,,,false,false,false,,,false,false,false,false,false,-83.13009,42.33543,"{
  ""coordinates"": [
    -8.313008616499999e+01,
    4.233543126900000e+01
  ],
  ""type"": ""Point""
}","{
  ""coordinates"": [
    -83.130086165,
    42.335431269
  ],
  ""type"": ""Point""
}",-83.130086165,42.335431269
12889,1066018,OUTER,PREVOST,2017-06-24,24,6,2017,2,7,8,9,,2,0,,1,1,4,35,2,2,1,5,0,0,0,0,true,,false,false,false,false,false,,,,,,false,false,false,,,false,false,false,false,false,-83.2031,42.41939,"{
  ""coordinates"": [
    -8.320310470899990e+01,
    4.241938900800010e+01
  ],
  ""type"": ""Point""
}","{
  ""coordinates"": [
    -83.203104709,
    42.419389008
  ],
  ""type"": ""Point""
}",-83.2031047089999,42.4193890080001
12890,1073333,ELMHURST,LAWTON,2017-06-24,24,6,2017,4,7,8,9,,4,0,,1,1,5,25,2,2,0,5,0,0,0,0,true,,false,false,true,false,false,,,,,,false,false,true,,,false,false,false,false,false,-83.11931,42.38334,"{
  ""coordinates"": [
    -8.311930474899999e+01,
    4.238333629300010e+01
  ],
  ""type"": ""Point""
}","{
  ""coordinates"": [
    -83.119304749,
    42.383336293
  ],
  ""type"": ""Point""
}",-83.119304749,42.3833362930001
12891,1065975,MCGRAW,ADDISON,2017-06-24,24,6,2017,17,7,3,9,,4,0,,1,1,1,35,5,2,4,3,0,0,1,0,false,,false,false,false,false,false,,,,,,false,false,true,,,false,false,false,false,false,-83.15176,42.33108,"{
  ""coordinates"": [
    -8.315175491399999e+01,
    4.233107894100000e+01
  ],
  ""type"": ""Point""
}","{
  ""coordinates"": [
    -83.151754914,
    42.331078941
  ],
  ""type"": ""Point""
}",-83.151754914,42.331078941
12892,1069808,M-10,MILWAULKEE,2017-06-24,24,6,2017,23,7,8,3,,1,0,,1,1,4,55,3,2,2,5,0,0,0,0,true,,false,false,true,false,false,,,,,,false,false,true,,,false,false,false,false,false,-83.07992,42.36474,"{
  ""coordinates"": [
    -8.307992054899999e+01,
    4.236473966500010e+01
  ],
  ""type"": ""Point""
}","{
  ""coordinates"": [
    -83.079920549,
    42.364739665
  ],
  ""type"": ""Point""
}",-83.079920549,42.3647396650001
12893,1069806,I-75,MACK,2017-06-24,24,6,2017,0,7,8,1,,1,0,,1,1,4,55,3,2,1,5,0,0,0,0,true,,false,false,true,false,false,,,,,,false,false,true,,,false,false,false,false,false,-83.04697,42.34992,"{
  ""coordinates"": [
    -8.304697241000000e+01,
    4.234991755100000e+01
  ],
  ""type"": ""Point""
}","{
  ""coordinates"": [
    -83.04697241,
    42.349917551
  ],
  ""type"": ""Point""
}",-83.04697241,42.349917551
12894,1179518,7 MILE,TEPPERT,2017-06-24,24,6,2017,18,7,8,9,,4,0,,1,1,1,35,4,2,2,5,0,0,0,0,true,,false,false,false,false,false,,,,,,false,false,false,,,false,false,false,false,false,-83.00812,42.43435,"{
  ""coordinates"": [
    -8.300811566800000e+01,
    4.243435258400010e+01
  ],
  ""type"": ""Point""
}","{
  ""coordinates"": [
    -83.008115668,
    42.434352584
  ],
  ""type"": ""Point""
}",-83.008115668,42.4343525840001
12895,1083692,TIREMAN,ANTHONY,2017-06-24,24,6,2017,17,7,97,9,,2,0,,1,1,1,25,2,2,1,3,0,0,1,0,false,,false,false,false,false,false,,,,,,true,false,false,,,false,false,false,false,false,-83.18446,42.35114,"{
  ""coordinates"": [
    -8.318445489699999e+01,
    4.235113454200010e+01
  ],
  ""type"": ""Point""
}","{
  ""coordinates"": [
    -83.184454897,
    42.351134542
  ],
  ""type"": ""Point""
}",-83.184454897,42.3511345420001
12896,1066019,HAMMOND,TOLEDO,2017-06-24,24,6,2017,20,7,97,9,,,3,,1,1,1,0,1,2,0,5,0,0,0,0,true,,false,false,true,false,false,,,,,,false,false,false,,,false,false,false,false,false,-83.10851,42.31915,"{
  ""coordinates"": [
    -8.310851456499999e+01,
    4.231915205900000e+01
  ],
  ""type"": ""Point""
}","{
  ""coordinates"": [
    -83.108514565,
    42.319152059
  ],
  ""type"": ""Point""
}",-83.108514565,42.319152059
12897,1069831,I-375,MONROE,2017-06-24,24,6,2017,18,7,5,1,,1,0,,1,1,1,55,3,2,4,5,0,0,0,0,true,,false,false,false,false,false,,,,,,false,false,false,,,false,false,false,false,false,-83.03876,42.33687,"{
  ""coordinates"": [
    -8.303876753899991e+01,
    4.233686984300000e+01
  ],
  ""type"": ""Point""
}","{
  ""coordinates"": [
    -83.038767539,
    42.336869843
  ],
  ""type"": ""Point""
}",-83.0387675389999,42.336869843
12898,1065959,HOLBROOK,BEAUBIEN,2017-06-24,24,6,2017,19,7,98,9,,4,0,,1,1,1,25,2,2,3,5,0,0,0,0,true,,false,false,false,false,false,,,,,,false,false,false,,,false,false,false,false,false,-83.0749,42.38322,"{
  ""coordinates"": [
    -8.307489990200000e+01,
    4.238321656000010e+01
  ],
  ""type"": ""Point""
}","{
  ""coordinates"": [
    -83.074899902,
    42.38321656
  ],
  ""type"": ""Point""
}",-83.074899902,42.3832165600001
12899,1072721,JOY,EVERGREEN,2017-06-24,24,6,2017,15,7,5,9,,2,0,,1,1,1,35,4,2,3,4,0,0,0,1,false,,false,false,false,false,false,,,,,,false,false,false,,,false,false,false,false,false,-83.23558,42.35759,"{
  ""coordinates"": [
    -8.323557976399999e+01,
    4.235758451200010e+01
  ],
  ""type"": ""Point""
}","{
  ""coordinates"": [
    -83.235579764,
    42.357584512
  ],
  ""type"": ""Point""
}",-83.235579764,42.3575845120001
12900,1066038,8 MILE,MT ELLIOTT,2017-06-24,24,6,2017,15,7,4,3,,1,0,,1,1,1,40,4,2,2,5,0,0,0,0,true,,true,true,false,false,false,,,,,,false,false,true,,,false,false,false,false,false,-83.03941,42.44788,"{
  ""coordinates"": [
    -8.303941263300000e+01,
    4.244788044600010e+01
  ],
  ""type"": ""Point""
}","{
  ""coordinates"": [
    -83.039412633,
    42.447880446
  ],
  ""type"": ""Point""
}",-83.039412633,42.4478804460001
12901,1067040,STAHELIN,WARREN,2017-06-24,24,6,2017,19,7,4,9,,,0,,1,1,1,35,5,2,4,5,0,0,0,0,true,,false,false,false,false,false,,,,,,false,false,true,,,false,false,false,false,false,-83.22432,42.3433,"{
  ""coordinates"": [
    -8.322432212299999e+01,
    4.234329875900000e+01
  ],
  ""type"": ""Point""
}","{
  ""coordinates"": [
    -83.224322123,
    42.343298759
  ],
  ""type"": ""Point""
}",-83.224322123,42.343298759
12902,1069834,E I 96,SOUTHFIELD SERVICE DRIVE,2017-06-24,24,6,2017,19,7,1,1,,1,1,,1,1,1,55,3,1,1,3,0,0,1,0,false,,false,false,false,false,false,,,,,,false,false,true,,,false,false,true,false,false,-83.21735,42.37864,"{
  ""coordinates"": [
    -8.321735724099990e+01,
    4.237864326000000e+01
  ],
  ""type"": ""Point""
}","{
  ""coordinates"": [
    -83.217357241,
    42.37864326
  ],
  ""type"": ""Point""
}",-83.2173572409999,42.37864326
12903,1066022,MORANG,ROSSITER,2017-06-24,24,6,2017,13,7,4,9,,4,0,,1,1,1,25,4,2,2,4,0,0,0,1,false,,true,false,false,false,false,,,,,,false,false,false,,,false,false,false,false,false,-82.94891,42.42568,"{
  ""coordinates"": [
    -8.294890231900000e+01,
    4.242568308500010e+01
  ],
  ""type"": ""Point""
}","{
  ""coordinates"": [
    -82.948902319,
    42.425683085
  ],
  ""type"": ""Point""
}",-82.948902319,42.4256830850001
12904,1065947,WYOMING,FULLERTON,2017-06-24,24,6,2017,0,7,4,9,,4,0,,1,1,4,35,2,2,3,5,0,0,0,0,true,,true,true,false,false,false,,,,,,false,false,false,,,false,false,false,false,false,-83.15883,42.38074,"{
  ""coordinates"": [
    -8.315882976899999e+01,
    4.238074577000000e+01
  ],
  ""type"": ""Point""
}","{
  ""coordinates"": [
    -83.158829769,
    42.38074577
  ],
  ""type"": ""Point""
}",-83.158829769,42.38074577
12905,1068925,HARPER,CHESTER,2017-06-24,24,6,2017,23,7,4,9,,4,0,,1,1,5,35,2,2,2,5,0,0,0,0,true,,false,false,true,false,false,,,,,,false,false,false,,,false,false,false,false,false,-82.93269,42.41875,"{
  ""coordinates"": [
    -8.293269294800000e+01,
    4.241874733300010e+01
  ],
  ""type"": ""Point""
}","{
  ""coordinates"": [
    -82.932692948,
    42.418747333
  ],
  ""type"": ""Point""
}",-82.932692948,42.4187473330001
12906,1072755,SCHOENHERR,STATE FAIR,2017-06-24,24,6,2017,21,7,5,9,,4,0,,1,1,1,35,4,3,7,4,0,0,0,5,false,,false,false,false,false,false,,,,,,false,false,true,,,false,false,false,false,false,-82.9854,42.44201,"{
  ""coordinates"": [
    -8.298539467599990e+01,
    4.244201191700010e+01
  ],
  ""type"": ""Point""
}","{
  ""coordinates"": [
    -82.985394676,
    42.442011917
  ],
  ""type"": ""Point""
}",-82.9853946759999,42.4420119170001
12907,1071939,HEALY,EMERY,2017-06-24,24,6,2017,10,7,10,9,,,3,,1,1,1,25,2,2,1,5,0,0,0,0,true,,false,false,true,false,false,,,,,,false,false,false,,,false,false,false,false,false,-83.05591,42.4358,"{
  ""coordinates"": [
    -8.305590935899990e+01,
    4.243579930100000e+01
  ],
  ""type"": ""Point""
}","{
  ""coordinates"": [
    -83.055909359,
    42.435799301
  ],
  ""type"": ""Point""
}",-83.0559093589999,42.435799301
12908,1069829,N I 75,WARREN,2017-06-24,24,6,2017,13,7,5,1,,1,0,,1,1,1,55,2,2,3,5,0,0,0,0,true,,false,false,false,false,false,,,,,,false,false,false,,,false,false,false,false,false,-83.05384,42.36026,"{
  ""coordinates"": [
    -8.305384338800000e+01,
    4.236025645000010e+01
  ],
  ""type"": ""Point""
}","{
  ""coordinates"": [
    -83.053843388,
    42.36025645
  ],
  ""type"": ""Point""
}",-83.053843388,42.3602564500001
12909,1072732,CRUSE,FLORENCE,2017-06-24,24,6,2017,23,7,97,9,,,0,,1,1,3,25,2,2,0,5,0,0,0,0,true,,false,false,true,false,false,,,,,,false,false,false,,,false,false,false,false,false,-83.18393,42.41305,"{
  ""coordinates"": [
    -8.318392710400001e+01,
    4.241305151800000e+01
  ],
  ""type"": ""Point""
}","{
  ""coordinates"": [
    -83.183927104,
    42.413051518
  ],
  ""type"": ""Point""
}",-83.183927104,42.413051518
12910,1069802,I-94,LUMLEY,2017-06-24,24,6,2017,8,7,8,9,,,0,,1,1,2,55,3,2,2,5,0,0,0,0,true,,false,false,false,false,false,,,,,,false,false,true,,,false,false,false,false,false,-83.14128,42.33223,"{
  ""coordinates"": [
    -8.314128350100000e+01,
    4.233222614200000e+01
  ],
  ""type"": ""Point""
}","{
  ""coordinates"": [
    -83.141283501,
    42.332226142
  ],
  ""type"": ""Point""
}",-83.141283501,42.332226142
12911,1082196,GLOUCESTER,LINCOLNSHIRE,2017-06-24,24,6,2017,19,7,1,9,,,0,,1,1,1,25,3,1,1,5,0,0,0,0,true,,false,false,false,false,false,,,,,,false,false,false,,,false,false,false,false,false,-83.12517,42.43294,"{
  ""coordinates"": [
    -8.312516786099999e+01,
    4.243294119500010e+01
  ],
  ""type"": ""Point""
}","{
  ""coordinates"": [
    -83.125167861,
    42.432941195
  ],
  ""type"": ""Point""
}",-83.125167861,42.4329411950001
12912,1067949,DEQUINDRE,CONANT,2017-06-24,24,6,2017,14,7,8,3,,4,0,,1,1,1,30,4,2,2,5,0,0,0,0,true,,false,false,false,false,false,,,,,,false,true,false,,,false,false,false,false,false,-83.08336,42.44687,"{
  ""coordinates"": [
    -8.308336080299991e+01,
    4.244686665600010e+01
  ],
  ""type"": ""Point""
}","{
  ""coordinates"": [
    -83.083360803,
    42.446866656
  ],
  ""type"": ""Point""
}",-83.0833608029999,42.4468666560001
12913,1072752,FENTON,CHIPPAWAE,2017-06-24,24,6,2017,11,7,97,9,,,0,,98,98,98,25,3,2,0,5,0,0,0,0,true,,false,false,true,false,false,,,,,,false,false,false,,,false,false,false,false,false,-83.28275,42.43875,"{
  ""coordinates"": [
    -8.328274434500000e+01,
    4.243874584100010e+01
  ],
  ""type"": ""Point""
}","{
  ""coordinates"": [
    -83.282744345,
    42.438745841
  ],
  ""type"": ""Point""
}",-83.282744345,42.4387458410001
12914,1069814,M-10,OAKMAN,2017-06-23,23,6,2017,23,6,8,3,,1,0,,1,1,4,55,4,2,4,5,0,0,0,0,true,,false,false,false,false,false,,,,,,false,false,true,,,false,false,false,false,false,-83.11498,42.40131,"{
  ""coordinates"": [
    -8.311498490799990e+01,
    4.240131120500010e+01
  ],
  ""type"": ""Point""
}","{
  ""coordinates"": [
    -83.114984908,
    42.401311205
  ],
  ""type"": ""Point""
}",-83.1149849079999,42.4013112050001
12915,1068933,JEFFERSON,MCDOUGALL,2017-06-23,23,6,2017,12,6,5,9,,4,0,,1,1,1,35,9,2,1,4,0,0,0,1,false,,false,false,false,false,false,,,,,,false,false,false,,,false,false,false,false,false,-83.01754,42.34044,"{
  ""coordinates"": [
    -8.301753958700000e+01,
    4.234044422800010e+01
  ],
  ""type"": ""Point""
}","{
  ""coordinates"": [
    -83.017539587,
    42.340444228
  ],
  ""type"": ""Point""
}",-83.017539587,42.3404442280001
12916,1066003,JEFFERSON,BRENNAN,2017-06-23,23,6,2017,20,6,6,9,,4,0,,1,1,3,25,6,2,2,5,0,0,0,0,true,,false,false,true,false,false,,,,,,false,false,false,,,false,false,false,false,false,-83.12696,42.2824,"{
  ""coordinates"": [
    -8.312695886200000e+01,
    4.228239852700010e+01
  ],
  ""type"": ""Point""
}","{
  ""coordinates"": [
    -83.126958862,
    42.282398527
  ],
  ""type"": ""Point""
}",-83.126958862,42.2823985270001
12917,1068944,GRATIOT,TACOMA,2017-06-23,23,6,2017,20,6,97,3,,1,0,,1,1,3,35,6,2,1,4,0,0,0,1,false,,false,false,true,false,false,,,,,,true,false,false,,,false,false,false,false,false,-82.97335,42.44167,"{
  ""coordinates"": [
    -8.297335354499999e+01,
    4.244167134900000e+01
  ],
  ""type"": ""Point""
}","{
  ""coordinates"": [
    -82.973353545,
    42.441671349
  ],
  ""type"": ""Point""
}",-82.973353545,42.441671349
12918,1065970,LIVERNOIS,N I 75,2017-06-23,23,6,2017,16,6,8,9,,4,0,,1,1,1,0,2,2,1,5,0,0,0,0,true,,false,false,true,false,false,,,,,,false,false,false,,,false,false,false,false,false,-83.10414,42.30757,"{
  ""coordinates"": [
    -8.310414002600000e+01,
    4.230756594200010e+01
  ],
  ""type"": ""Point""
}","{
  ""coordinates"": [
    -83.104140026,
    42.307565942
  ],
  ""type"": ""Point""
}",-83.104140026,42.3075659420001
12919,1065932,I-94,MICHIGAN,2017-06-23,23,6,2017,8,6,5,1,,1,0,,2,2,1,55,3,2,1,5,0,0,0,0,true,,false,false,true,false,false,,,,,,false,false,false,,,false,false,false,false,false,-83.15251,42.32984,"{
  ""coordinates"": [
    -8.315250818399990e+01,
    4.232984064000000e+01
  ],
  ""type"": ""Point""
}","{
  ""coordinates"": [
    -83.152508184,
    42.32984064
  ],
  ""type"": ""Point""
}",-83.1525081839999,42.32984064
12920,1067894,W/B I-96,GREENFIELD,2017-06-23,23,6,2017,9,6,1,1,,1,1,,2,2,1,55,3,1,1,5,0,0,0,0,true,,false,false,false,false,false,,,,,,false,false,false,,,false,false,false,false,false,-83.19511,42.37926,"{
  ""coordinates"": [
    -8.319510374100000e+01,
    4.237925625600010e+01
  ],
  ""type"": ""Point""
}","{
  ""coordinates"": [
    -83.195103741,
    42.379256256
  ],
  ""type"": ""Point""
}",-83.195103741,42.3792562560001
12921,1065967,NB I-75,VERNOR,2017-06-23,23,6,2017,11,6,1,1,,1,0,,2,2,1,55,5,1,2,5,0,0,0,0,true,,false,false,false,false,false,,,,,,false,true,false,,,false,false,false,false,false,-83.08311,42.3244,"{
  ""coordinates"": [
    -8.308311724700000e+01,
    4.232440372400000e+01
  ],
  ""type"": ""Point""
}","{
  ""coordinates"": [
    -83.083117247,
    42.324403724
  ],
  ""type"": ""Point""
}",-83.083117247,42.324403724
12922,1068907,RAMP 216F,RAMP 216K,2017-06-23,23,6,2017,2,6,8,1,,1,0,,1,2,4,35,1,2,1,5,0,0,0,0,true,,false,false,true,false,false,,,,,,false,false,true,,,false,false,false,false,false,-83.0597,42.36813,"{
  ""coordinates"": [
    -8.305969729500001e+01,
    4.236813317600010e+01
  ],
  ""type"": ""Point""
}","{
  ""coordinates"": [
    -83.059697295,
    42.368133176
  ],
  ""type"": ""Point""
}",-83.059697295,42.3681331760001
12923,1083354,MONTCLAIR,WARREN,2017-06-23,23,6,2017,21,6,10,9,,,3,,1,1,1,25,1,2,2,5,0,0,0,0,true,,false,false,false,false,false,,,,,,false,false,true,,,false,false,false,false,false,-82.98952,42.38505,"{
  ""coordinates"": [
    -8.298952122700000e+01,
    4.238504682200000e+01
  ],
  ""type"": ""Point""
}","{
  ""coordinates"": [
    -82.989521227,
    42.385046822
  ],
  ""type"": ""Point""
}",-82.989521227,42.385046822
12924,1067022,GRAND RIVER,ROBSON,2017-06-23,23,6,2017,17,6,5,3,,1,0,,1,1,3,35,5,2,2,5,0,0,0,0,true,,false,false,true,false,false,,,,,,false,false,true,,,false,false,false,false,false,-83.19249,42.3903,"{
  ""coordinates"": [
    -8.319249307699990e+01,
    4.239029766000000e+01
  ],
  ""type"": ""Point""
}","{
  ""coordinates"": [
    -83.192493077,
    42.39029766
  ],
  ""type"": ""Point""
}",-83.1924930769999,42.39029766
12925,1066031,8MILE,DEQUINDRE,2017-06-23,23,6,2017,13,6,4,3,,1,0,,1,1,1,40,4,2,3,4,0,0,0,2,false,,true,true,true,false,false,,,,,,false,false,false,,,false,false,false,false,false,-83.08328,42.44703,"{
  ""coordinates"": [
    -8.308328401700000e+01,
    4.244702804400000e+01
  ],
  ""type"": ""Point""
}","{
  ""coordinates"": [
    -83.083284017,
    42.447028044
  ],
  ""type"": ""Point""
}",-83.083284017,42.447028044
12926,1065980,VERNOR,GRAND,2017-06-23,23,6,2017,17,6,5,9,,4,0,,1,2,1,25,2,2,2,4,0,0,0,1,false,,false,false,false,false,true,,,,,,false,false,false,,,false,false,false,false,false,-83.0893,42.32284,"{
  ""coordinates"": [
    -8.308929885600000e+01,
    4.232284206700010e+01
  ],
  ""type"": ""Point""
}","{
  ""coordinates"": [
    -83.089298856,
    42.322842067
  ],
  ""type"": ""Point""
}",-83.089298856,42.3228420670001
12927,1128289,PROMANADE,GRATIOT,2017-06-23,23,6,2017,3,6,1,3,,,1,,1,1,4,25,2,1,0,5,0,0,0,0,true,,false,false,false,false,false,,,,,,false,false,false,,,false,false,false,false,false,-82.99805,42.40409,"{
  ""coordinates"": [
    -8.299804469000000e+01,
    4.240408679300000e+01
  ],
  ""type"": ""Point""
}","{
  ""coordinates"": [
    -82.99804469,
    42.404086793
  ],
  ""type"": ""Point""
}",-82.99804469,42.404086793
12928,1065997,CHENE,ANTIETAM,2017-06-23,23,6,2017,8,6,97,9,,,0,,2,2,1,25,2,2,1,4,0,0,0,1,false,,false,false,false,false,false,,,,,,true,false,false,,,false,false,false,false,false,-83.02616,42.34674,"{
  ""coordinates"": [
    -8.302616012599999e+01,
    4.234674176700000e+01
  ],
  ""type"": ""Point""
}","{
  ""coordinates"": [
    -83.026160126,
    42.346741767
  ],
  ""type"": ""Point""
}",-83.026160126,42.346741767
12929,1066017,TELEGRAPH,GRAND RIVER,2017-06-23,23,6,2017,8,6,5,2,,1,0,,2,4,1,45,4,3,6,3,0,0,1,0,false,,false,false,false,false,false,,,,,,false,false,true,,,false,false,false,false,false,-83.27737,42.42444,"{
  ""coordinates"": [
    -8.327736932999990e+01,
    4.242443752600010e+01
  ],
  ""type"": ""Point""
}","{
  ""coordinates"": [
    -83.27736933,
    42.424437526
  ],
  ""type"": ""Point""
}",-83.2773693299999,42.4244375260001
12930,1065937,JEFFERSON,RANDOLPH,2017-06-23,23,6,2017,18,6,4,3,,1,0,,1,1,1,35,3,2,2,5,0,0,0,0,true,,false,false,false,false,false,,,,,,false,true,false,,,false,false,false,false,false,-83.04185,42.32965,"{
  ""coordinates"": [
    -8.304185798899989e+01,
    4.232965467200010e+01
  ],
  ""type"": ""Point""
}","{
  ""coordinates"": [
    -83.041857989,
    42.329654672
  ],
  ""type"": ""Point""
}",-83.0418579889999,42.3296546720001
12931,1073978,STEEL,NORFOLK,2017-06-23,23,6,2017,17,6,4,9,,,0,,1,1,1,25,2,2,2,5,0,0,0,0,true,,false,false,false,false,false,,,,,,false,false,false,,,false,false,false,false,false,-83.17334,42.44302,"{
  ""coordinates"": [
    -8.317334299899990e+01,
    4.244302149700010e+01
  ],
  ""type"": ""Point""
}","{
  ""coordinates"": [
    -83.173342999,
    42.443021497
  ],
  ""type"": ""Point""
}",-83.1733429989999,42.4430214970001
12932,1065985,WESTWOOD,SCHOOLCRAFT,2017-06-23,23,6,2017,13,6,97,9,,,0,,2,2,1,25,2,2,0,5,0,0,0,0,true,,false,false,true,false,false,,,,,,false,false,false,,,false,false,false,false,false,-83.23194,42.38499,"{
  ""coordinates"": [
    -8.323193782399990e+01,
    4.238499191400010e+01
  ],
  ""type"": ""Point""
}","{
  ""coordinates"": [
    -83.231937824,
    42.384991914
  ],
  ""type"": ""Point""
}",-83.2319378239999,42.3849919140001
12933,1069813,I-75,MCNICHOLS,2017-06-23,23,6,2017,18,6,5,1,,1,0,,1,2,1,70,4,2,3,5,0,0,0,0,true,,false,false,true,false,false,,,,,,false,false,true,,,false,false,false,false,false,-83.08825,42.41847,"{
  ""coordinates"": [
    -8.308824674100001e+01,
    4.241846785600010e+01
  ],
  ""type"": ""Point""
}","{
  ""coordinates"": [
    -83.088246741,
    42.418467856
  ],
  ""type"": ""Point""
}",-83.088246741,42.4184678560001
12934,1065926,W/B I 94,VAN DYKE,2017-06-23,23,6,2017,11,6,5,1,,1,0,,2,2,1,55,3,2,2,3,0,0,1,1,false,,false,false,false,false,false,,,,,,false,false,true,,,false,false,false,false,false,-83.01842,42.38694,"{
  ""coordinates"": [
    -8.301842467199999e+01,
    4.238694120300000e+01
  ],
  ""type"": ""Point""
}","{
  ""coordinates"": [
    -83.018424672,
    42.386941203
  ],
  ""type"": ""Point""
}",-83.018424672,42.386941203
12935,1065958,LINCOLN,HOLDEN,2017-06-23,23,6,2017,19,6,4,9,,4,0,,1,1,1,25,4,2,1,4,0,0,0,1,false,,true,true,true,false,false,,,,,,false,true,false,,,false,false,false,false,false,-83.08339,42.36301,"{
  ""coordinates"": [
    -8.308339187500000e+01,
    4.236300722500000e+01
  ],
  ""type"": ""Point""
}","{
  ""coordinates"": [
    -83.083391875,
    42.363007225
  ],
  ""type"": ""Point""
}",-83.083391875,42.363007225
12936,1073950,GREENFIELD,WARREN,2017-06-23,23,6,2017,21,6,4,9,,2,0,,1,1,2,35,4,2,2,5,0,0,0,0,true,,false,false,true,false,false,,,,,,false,false,false,,,false,false,false,false,false,-83.1963,42.34406,"{
  ""coordinates"": [
    -8.319629305300001e+01,
    4.234406413600000e+01
  ],
  ""type"": ""Point""
}","{
  ""coordinates"": [
    -83.196293053,
    42.344064136
  ],
  ""type"": ""Point""
}",-83.196293053,42.344064136
12937,1066015,WOODMONT,GRAND RIVER,2017-06-23,23,6,2017,14,6,8,3,,,0,,1,1,1,25,2,2,2,5,0,0,0,0,true,,false,false,false,false,false,,,,,,false,false,false,,,false,false,false,false,false,-83.2089,42.39712,"{
  ""coordinates"": [
    -8.320890325399991e+01,
    4.239711747200000e+01
  ],
  ""type"": ""Point""
}","{
  ""coordinates"": [
    -83.208903254,
    42.397117472
  ],
  ""type"": ""Point""
}",-83.2089032539999,42.397117472
12938,1067911,MANOR,WADSWORTH,2017-06-23,23,6,2017,13,6,10,9,,,3,,1,1,1,25,1,2,1,5,0,0,0,0,true,,false,false,false,false,false,,,,,,false,true,false,,,false,false,false,false,false,-83.16705,42.37596,"{
  ""coordinates"": [
    -8.316705471099991e+01,
    4.237595797100000e+01
  ],
  ""type"": ""Point""
}","{
  ""coordinates"": [
    -83.167054711,
    42.375957971
  ],
  ""type"": ""Point""
}",-83.1670547109999,42.375957971
12939,1066035,RYAN,7 MILE,2017-06-23,23,6,2017,12,6,8,9,,4,0,,1,2,1,35,4,2,2,5,0,0,0,0,true,,false,false,true,false,false,,,,,,false,false,true,,,false,false,false,false,false,-83.06311,42.43317,"{
  ""coordinates"": [
    -8.306311414600000e+01,
    4.243316514300010e+01
  ],
  ""type"": ""Point""
}","{
  ""coordinates"": [
    -83.063114146,
    42.433165143
  ],
  ""type"": ""Point""
}",-83.063114146,42.4331651430001
12940,1065924,I-94,CONNER,2017-06-23,23,6,2017,6,6,8,1,,1,0,,1,2,1,55,3,2,2,5,0,0,0,0,true,,false,false,false,false,false,,,,,,false,false,false,,,false,false,false,false,false,-82.98914,42.39563,"{
  ""coordinates"": [
    -8.298913556100000e+01,
    4.239562456000000e+01
  ],
  ""type"": ""Point""
}","{
  ""coordinates"": [
    -82.989135561,
    42.39562456
  ],
  ""type"": ""Point""
}",-82.989135561,42.39562456
12941,1065950,HOLBROOK,BRUSH,2017-06-23,23,6,2017,1,6,8,9,,4,0,,2,4,4,20,2,2,0,5,0,0,0,0,true,,false,false,true,false,false,,,,,,false,false,false,,,false,false,false,false,false,-83.07537,42.38304,"{
  ""coordinates"": [
    -8.307537013300001e+01,
    4.238304309900010e+01
  ],
  ""type"": ""Point""
}","{
  ""coordinates"": [
    -83.075370133,
    42.383043099
  ],
  ""type"": ""Point""
}",-83.075370133,42.3830430990001
12942,1066037,BRAMFORD,SAVAGE,2017-06-23,23,6,2017,19,6,9,9,,,0,,1,1,1,25,1,2,1,5,0,0,0,0,true,,false,false,false,false,false,,,,,,false,false,true,,,false,false,false,false,false,-83.02354,42.44613,"{
  ""coordinates"": [
    -8.302354112700000e+01,
    4.244613364800010e+01
  ],
  ""type"": ""Point""
}","{
  ""coordinates"": [
    -83.023541127,
    42.446133648
  ],
  ""type"": ""Point""
}",-83.023541127,42.4461336480001
12943,1065922,N/B M 10,MARTIN LUTHER KING,2017-06-23,23,6,2017,8,6,1,3,,1,1,,2,4,1,55,3,1,1,5,0,0,0,0,true,,false,false,false,false,false,,,,,,false,false,false,,,false,false,false,false,false,-83.06741,42.34185,"{
  ""coordinates"": [
    -8.306740298800000e+01,
    4.234185439800010e+01
  ],
  ""type"": ""Point""
}","{
  ""coordinates"": [
    -83.067402988,
    42.341854398
  ],
  ""type"": ""Point""
}",-83.067402988,42.3418543980001