ObjectId,Crash ID,Primary Road,Intersecting Road,Crash Date,Day,Month,Year,Hour,Weekday,Crash Type Code,Highway Classification Code,Community Code,Jurisdiction Code,Lane Departure Type Code,Surface Type,Road Condition,Weather Condition,Lighting Condition,Speed Limit,Lanes,Units,Occupants,Most Severe Injury,Fatal Injuries,Suspected Serious Injuries,Suspected Minor Injuries,Possible Injuries,Property Damage Only,Secondary Crash,Traffic Control,Red Light Run,Hit and Run,Alcohol,Drugs,Unbelted Person,Work Zone,Speeding Driver,Distracted Driver,Driveway,Pedestrian,Elderly Driver,Young Driver,Commercial Vehicle,Emergency Vehicles,Train,School Bus,Motorcycle,Bicycle,Deer,Longitude,Latitude,geom,geog,x,y
13001,1067886,I-75,CLAY,2017-06-22,22,6,2017,14,5,8,1,,1,0,,1,2,1,0,4,2,4,5,0,0,0,0,true,,false,false,false,false,false,,,,,,false,false,true,,,false,false,false,false,false,-83.06198,42.377,"{
  ""coordinates"": [
    -8.306198364799999e+01,
    4.237700127300010e+01
  ],
  ""type"": ""Point""
}","{
  ""coordinates"": [
    -83.061983648,
    42.377001273
  ],
  ""type"": ""Point""
}",-83.061983648,42.3770012730001
13002,1070693,CHARLEVOIX,VAN DYKE,2017-06-22,22,6,2017,23,5,4,9,,4,0,,2,4,4,30,4,2,5,2,0,1,1,1,false,,false,false,false,false,false,,,,,,false,false,false,,,false,false,false,false,false,-83.00314,42.36281,"{
  ""coordinates"": [
    -8.300313441100000e+01,
    4.236280714200010e+01
  ],
  ""type"": ""Point""
}","{
  ""coordinates"": [
    -83.003134411,
    42.362807142
  ],
  ""type"": ""Point""
}",-83.003134411,42.3628071420001
13003,1111572,DEXTER,DAVISON,2017-06-22,22,6,2017,8,5,5,3,,4,0,,1,1,1,30,6,2,1,5,0,0,0,0,true,,false,false,true,false,false,,,,,,false,false,false,,,false,false,false,false,false,-83.13087,42.38975,"{
  ""coordinates"": [
    -8.313086805400000e+01,
    4.238974974100010e+01
  ],
  ""type"": ""Point""
}","{
  ""coordinates"": [
    -83.130868054,
    42.389749741
  ],
  ""type"": ""Point""
}",-83.130868054,42.3897497410001
13004,1066010,ASBURY,FLORENCE,2017-06-22,22,6,2017,22,5,2,9,,4,2,,2,4,5,25,1,2,1,5,0,0,0,0,true,,false,false,false,false,false,,,,,,false,false,false,,,false,false,false,false,false,-83.20884,42.4109,"{
  ""coordinates"": [
    -8.320883569999999e+01,
    4.241089851600000e+01
  ],
  ""type"": ""Point""
}","{
  ""coordinates"": [
    -83.2088357,
    42.410898516
  ],
  ""type"": ""Point""
}",-83.2088357,42.410898516
13005,1067872,I-96,FULLERTON,2017-06-22,22,6,2017,8,5,8,1,,1,0,,2,4,1,55,5,2,2,2,0,1,0,0,false,,false,false,false,false,false,,,,,,false,false,true,,,false,false,false,false,false,-83.18862,42.3803,"{
  ""coordinates"": [
    -8.318862436800001e+01,
    4.238029752800000e+01
  ],
  ""type"": ""Point""
}","{
  ""coordinates"": [
    -83.188624368,
    42.380297528
  ],
  ""type"": ""Point""
}",-83.188624368,42.380297528
13006,1064578,SCHOOLCRAFT,OUTER,2017-06-22,22,6,2017,19,5,97,9,,4,0,,1,2,1,35,2,2,2,5,0,0,0,0,true,,false,false,true,false,false,,,,,,false,false,true,,,false,false,false,false,false,-83.25614,42.38596,"{
  ""coordinates"": [
    -8.325614023299990e+01,
    4.238595911000000e+01
  ],
  ""type"": ""Point""
}","{
  ""coordinates"": [
    -83.256140233,
    42.38595911
  ],
  ""type"": ""Point""
}",-83.2561402329999,42.38595911
13007,1065995,IROQUOIS,MOFFAT,2017-06-22,22,6,2017,19,5,8,9,,,0,,1,2,1,25,2,2,1,5,0,0,0,0,true,,false,false,false,false,false,,,,,,false,false,false,,,false,false,false,false,false,-83.01055,42.38008,"{
  ""coordinates"": [
    -8.301054777900001e+01,
    4.238008579100010e+01
  ],
  ""type"": ""Point""
}","{
  ""coordinates"": [
    -83.010547779,
    42.380085791
  ],
  ""type"": ""Point""
}",-83.010547779,42.3800857910001
13008,1068913,I-94,ROSAPARKS,2017-06-22,22,6,2017,13,5,5,1,,1,0,,1,1,1,55,3,2,2,5,0,0,0,0,true,,false,false,true,false,false,,,,,,false,false,false,,,false,false,false,false,false,-83.0845,42.35485,"{
  ""coordinates"": [
    -8.308450357000000e+01,
    4.235485221400010e+01
  ],
  ""type"": ""Point""
}","{
  ""coordinates"": [
    -83.08450357,
    42.354852214
  ],
  ""type"": ""Point""
}",-83.08450357,42.3548522140001
13009,1064561,MANOR,FULLERTON,2017-06-22,22,6,2017,18,5,4,9,,,0,,1,1,1,25,2,2,0,5,0,0,0,0,true,,false,false,true,false,false,,,,,,false,false,false,,,false,false,false,false,false,-83.16736,42.38052,"{
  ""coordinates"": [
    -8.316735614399990e+01,
    4.238052479000000e+01
  ],
  ""type"": ""Point""
}","{
  ""coordinates"": [
    -83.167356144,
    42.38052479
  ],
  ""type"": ""Point""
}",-83.1673561439999,42.38052479
13010,1067885,N M 10,LIVERNOIS,2017-06-22,22,6,2017,11,5,1,3,,1,1,,1,2,1,55,3,1,2,4,0,0,0,1,false,,false,false,false,false,false,,,,,,false,false,true,,,false,false,false,false,false,-83.14024,42.40496,"{
  ""coordinates"": [
    -8.314023479900000e+01,
    4.240496381800010e+01
  ],
  ""type"": ""Point""
}","{
  ""coordinates"": [
    -83.140234799,
    42.404963818
  ],
  ""type"": ""Point""
}",-83.140234799,42.4049638180001
13011,1068906,E I 96 CD,GRAND RIVER,2017-06-22,22,6,2017,21,5,1,1,,1,1,,2,4,4,70,4,1,1,5,0,0,0,0,true,,false,false,false,false,false,,,,,,false,false,true,,,false,false,false,false,false,-83.1759,42.38351,"{
  ""coordinates"": [
    -8.317589464700001e+01,
    4.238351258000010e+01
  ],
  ""type"": ""Point""
}","{
  ""coordinates"": [
    -83.175894647,
    42.38351258
  ],
  ""type"": ""Point""
}",-83.175894647,42.3835125800001
13012,1066024,DAVISON,KENTFIELD,2017-06-22,22,6,2017,13,5,5,9,,,0,,1,1,1,35,3,2,3,4,0,0,0,1,false,,false,false,false,false,false,,,,,,false,false,false,,,false,false,false,false,false,-83.23954,42.3839,"{
  ""coordinates"": [
    -8.323954141199989e+01,
    4.238390056900000e+01
  ],
  ""type"": ""Point""
}","{
  ""coordinates"": [
    -83.239541412,
    42.383900569
  ],
  ""type"": ""Point""
}",-83.2395414119999,42.383900569
13013,1079840,6TH,FORT,2017-06-22,22,6,2017,13,5,10,3,,4,0,,1,1,1,30,2,2,2,5,0,0,0,0,true,,false,false,false,false,false,,,,,,false,false,false,,,false,false,false,false,false,-83.05789,42.32619,"{
  ""coordinates"": [
    -8.305789229600001e+01,
    4.232619530300010e+01
  ],
  ""type"": ""Point""
}","{
  ""coordinates"": [
    -83.057892296,
    42.326195303
  ],
  ""type"": ""Point""
}",-83.057892296,42.3261953030001
13014,1064544,M39,JOY,2017-06-22,22,6,2017,17,5,5,3,,1,0,,1,1,1,55,3,2,1,5,0,0,0,0,true,,false,false,true,false,false,,,,,,false,false,false,,,false,false,false,false,false,-83.21628,42.35512,"{
  ""coordinates"": [
    -8.321627629300001e+01,
    4.235511652800010e+01
  ],
  ""type"": ""Point""
}","{
  ""coordinates"": [
    -83.216276293,
    42.355116528
  ],
  ""type"": ""Point""
}",-83.216276293,42.3551165280001
13015,1067891,I-94,M-10,2017-06-22,22,6,2017,15,5,97,1,,1,0,,1,2,1,55,3,2,1,5,0,0,0,0,true,,false,false,true,false,false,,,,,,false,false,false,,,false,false,false,false,false,-83.07479,42.36043,"{
  ""coordinates"": [
    -8.307478774899990e+01,
    4.236043311500000e+01
  ],
  ""type"": ""Point""
}","{
  ""coordinates"": [
    -83.074787749,
    42.360433115
  ],
  ""type"": ""Point""
}",-83.0747877489999,42.360433115
13016,1067871,I94,WEIR,2017-06-22,22,6,2017,13,5,5,1,,1,0,,1,1,1,55,3,3,4,5,0,0,0,0,true,,false,false,false,false,false,,,,,,false,true,false,,,false,false,false,false,false,-83.15411,42.32949,"{
  ""coordinates"": [
    -8.315411653500000e+01,
    4.232949620800010e+01
  ],
  ""type"": ""Point""
}","{
  ""coordinates"": [
    -83.154116535,
    42.329496208
  ],
  ""type"": ""Point""
}",-83.154116535,42.3294962080001
13017,1064549,RAMP 008F,M-39,2017-06-22,22,6,2017,18,5,5,1,,1,0,,1,1,1,35,2,2,2,5,0,0,0,0,true,,false,false,false,false,false,,,,,,false,false,true,,,false,false,false,false,false,-83.21692,42.37876,"{
  ""coordinates"": [
    -8.321692067200000e+01,
    4.237875650300000e+01
  ],
  ""type"": ""Point""
}","{
  ""coordinates"": [
    -83.216920672,
    42.378756503
  ],
  ""type"": ""Point""
}",-83.216920672,42.378756503
13018,1102480,EWALD,DAVISON,2017-06-22,22,6,2017,21,5,4,3,,4,0,,2,4,5,25,4,2,1,5,0,0,0,0,true,,false,false,true,false,false,,,,,,false,false,false,,,false,false,false,false,false,-83.1454,42.38644,"{
  ""coordinates"": [
    -8.314540044800000e+01,
    4.238644005300010e+01
  ],
  ""type"": ""Point""
}","{
  ""coordinates"": [
    -83.145400448,
    42.386440053
  ],
  ""type"": ""Point""
}",-83.145400448,42.3864400530001
13019,1068908,E I 96 CD,GRAND RIVER/I 96 CROSSOVER,2017-06-22,22,6,2017,21,5,5,1,,1,0,,2,4,4,70,4,2,2,5,0,0,0,0,true,,false,false,false,false,false,,,,,,false,false,true,,,false,false,false,false,false,-83.17629,42.38343,"{
  ""coordinates"": [
    -8.317629006000000e+01,
    4.238342647400000e+01
  ],
  ""type"": ""Point""
}","{
  ""coordinates"": [
    -83.17629006,
    42.383426474
  ],
  ""type"": ""Point""
}",-83.17629006,42.383426474
13020,1064563,TIREMAN,AMERICAN,2017-06-22,22,6,2017,13,5,6,9,,4,0,,1,1,1,30,2,2,5,5,0,0,0,0,true,,false,false,false,false,false,,,,,,false,false,false,,,false,false,false,false,false,-83.14423,42.35199,"{
  ""coordinates"": [
    -8.314422677200000e+01,
    4.235199133500000e+01
  ],
  ""type"": ""Point""
}","{
  ""coordinates"": [
    -83.144226772,
    42.351991335
  ],
  ""type"": ""Point""
}",-83.144226772,42.351991335
13021,1068909,I-75,7 MILE,2017-06-22,22,6,2017,22,5,5,1,,1,0,,2,4,4,70,4,2,2,5,0,0,0,0,true,,false,false,false,false,false,,,,,,false,false,true,,,false,false,false,false,false,-83.09462,42.43222,"{
  ""coordinates"": [
    -8.309461832200000e+01,
    4.243221617800000e+01
  ],
  ""type"": ""Point""
}","{
  ""coordinates"": [
    -83.094618322,
    42.432216178
  ],
  ""type"": ""Point""
}",-83.094618322,42.432216178
13022,1071857,M-8,M-10,2017-06-22,22,6,2017,13,5,1,3,,1,1,,1,1,1,55,5,1,4,2,0,1,1,1,false,,false,false,false,false,false,,,,,,false,false,false,,,false,false,false,false,false,-83.05134,42.32902,"{
  ""coordinates"": [
    -8.305133716200000e+01,
    4.232902155700000e+01
  ],
  ""type"": ""Point""
}","{
  ""coordinates"": [
    -83.051337162,
    42.329021557
  ],
  ""type"": ""Point""
}",-83.051337162,42.329021557
13023,1064571,GRAND RIVER,4TH,2017-06-22,22,6,2017,16,5,5,3,,1,0,,1,1,1,30,7,2,3,4,0,0,0,1,false,,false,false,true,false,false,,,,,,false,false,false,,,false,false,false,false,false,-83.06295,42.33804,"{
  ""coordinates"": [
    -8.306295156499991e+01,
    4.233804505000010e+01
  ],
  ""type"": ""Point""
}","{
  ""coordinates"": [
    -83.062951565,
    42.33804505
  ],
  ""type"": ""Point""
}",-83.0629515649999,42.3380450500001
13024,1064593,VAN DYKE,OUTER,2017-06-22,22,6,2017,18,5,97,3,,1,0,,1,1,1,35,4,3,3,5,0,0,0,0,true,,false,false,true,false,false,,,,,,false,false,true,,,false,false,false,false,false,-83.02448,42.44105,"{
  ""coordinates"": [
    -8.302448431700000e+01,
    4.244105283500010e+01
  ],
  ""type"": ""Point""
}","{
  ""coordinates"": [
    -83.024484317,
    42.441052835
  ],
  ""type"": ""Point""
}",-83.024484317,42.4410528350001
13025,1068901,N I 75,8 MILE,2017-06-22,22,6,2017,23,5,5,1,,1,0,,8,4,4,70,4,2,2,5,0,0,0,0,true,,false,false,false,false,false,,,,,,false,false,true,,,false,false,false,false,false,-83.09469,42.44686,"{
  ""coordinates"": [
    -8.309469127599991e+01,
    4.244685569900000e+01
  ],
  ""type"": ""Point""
}","{
  ""coordinates"": [
    -83.094691276,
    42.446855699
  ],
  ""type"": ""Point""
}",-83.0946912759999,42.446855699
13026,1079679,CHERRYLAWN,SCHOOLCRAFT,2017-06-22,22,6,2017,9,5,8,9,,,0,,2,4,4,25,1,2,0,5,0,0,0,0,true,,false,false,true,false,false,,,,,,false,false,false,,,false,false,false,false,false,-83.1541,42.3884,"{
  ""coordinates"": [
    -8.315410132700001e+01,
    4.238840573100000e+01
  ],
  ""type"": ""Point""
}","{
  ""coordinates"": [
    -83.154101327,
    42.388405731
  ],
  ""type"": ""Point""
}",-83.154101327,42.388405731
13027,1064569,GRAND RIVER,TAFT,2017-06-22,22,6,2017,17,5,8,3,,1,0,,1,1,1,35,3,2,2,5,0,0,0,0,true,,false,false,false,false,false,,,,,,false,false,false,,,false,false,false,false,false,-83.10766,42.3561,"{
  ""coordinates"": [
    -8.310766133000000e+01,
    4.235610003000010e+01
  ],
  ""type"": ""Point""
}","{
  ""coordinates"": [
    -83.10766133,
    42.35610003
  ],
  ""type"": ""Point""
}",-83.10766133,42.3561000300001
13028,1064582,VAN DYKE,KERCHEVAL,2017-06-22,22,6,2017,0,5,4,9,,4,0,,1,1,4,30,4,2,2,4,0,0,0,2,false,,true,true,true,false,false,,,,,,false,false,false,,,false,false,false,false,false,-82.99992,42.35839,"{
  ""coordinates"": [
    -8.299991343999990e+01,
    4.235839515900010e+01
  ],
  ""type"": ""Point""
}","{
  ""coordinates"": [
    -82.99991344,
    42.358395159
  ],
  ""type"": ""Point""
}",-82.9999134399999,42.3583951590001
13029,1064565,ROBSON,SCHOOLCRAFT,2017-06-22,22,6,2017,19,5,1,9,,,0,,1,1,1,35,1,2,1,5,0,0,0,0,true,,false,false,true,false,false,,,,,,true,false,false,,,false,false,false,false,false,-83.1925,42.38731,"{
  ""coordinates"": [
    -8.319250076400000e+01,
    4.238730672700010e+01
  ],
  ""type"": ""Point""
}","{
  ""coordinates"": [
    -83.192500764,
    42.387306727
  ],
  ""type"": ""Point""
}",-83.192500764,42.3873067270001
13030,1069873,CHALMERS,CANFIELD,2017-06-22,22,6,2017,7,5,4,9,,4,0,,2,2,4,30,2,2,2,5,0,0,0,0,true,,false,false,false,false,false,,,,,,false,false,true,,,false,false,false,false,false,-82.95665,42.39211,"{
  ""coordinates"": [
    -8.295664645700001e+01,
    4.239210396600000e+01
  ],
  ""type"": ""Point""
}","{
  ""coordinates"": [
    -82.956646457,
    42.392103966
  ],
  ""type"": ""Point""
}",-82.956646457,42.392103966
13031,1072758,WHITTIER,WHITEHILL,2017-06-22,22,6,2017,15,5,3,9,,4,0,,1,1,1,30,2,2,2,3,0,0,1,0,false,,false,false,false,false,false,,,,,,false,true,false,,,false,false,false,false,false,-82.95807,42.41902,"{
  ""coordinates"": [
    -8.295806876800000e+01,
    4.241901740400000e+01
  ],
  ""type"": ""Point""
}","{
  ""coordinates"": [
    -82.958068768,
    42.419017404
  ],
  ""type"": ""Point""
}",-82.958068768,42.419017404
13032,1065983,7 MILE,TELEGRAPH,2017-06-22,22,6,2017,22,5,5,2,,,0,,2,1,4,45,2,2,2,4,0,0,0,1,false,,false,false,true,false,false,,,,,,false,false,true,,,false,false,false,false,false,-83.27784,42.42736,"{
  ""coordinates"": [
    -8.327784074300000e+01,
    4.242736489700010e+01
  ],
  ""type"": ""Point""
}","{
  ""coordinates"": [
    -83.277840743,
    42.427364897
  ],
  ""type"": ""Point""
}",-83.277840743,42.4273648970001
13033,1069812,RAMP 139B,W I 96,2017-06-22,22,6,2017,23,5,1,1,,1,1,,2,1,4,0,3,1,1,5,0,0,0,0,true,,false,false,false,false,false,,,,,,false,false,true,,,false,false,false,false,false,-83.14886,42.38387,"{
  ""coordinates"": [
    -8.314886057500000e+01,
    4.238387128800010e+01
  ],
  ""type"": ""Point""
}","{
  ""coordinates"": [
    -83.148860575,
    42.383871288
  ],
  ""type"": ""Point""
}",-83.148860575,42.3838712880001
13034,1068903,E I 94,RAMP 213D,2017-06-22,22,6,2017,22,5,5,1,,1,0,,2,4,4,70,4,3,3,4,0,0,0,1,false,,false,false,false,false,false,,,,,,false,false,true,,,false,false,false,false,false,-83.10496,42.34827,"{
  ""coordinates"": [
    -8.310495693999999e+01,
    4.234827131000000e+01
  ],
  ""type"": ""Point""
}","{
  ""coordinates"": [
    -83.10495694,
    42.34827131
  ],
  ""type"": ""Point""
}",-83.10495694,42.34827131
13035,1071862,I 75,DRAGOON,2017-06-22,22,6,2017,10,5,1,1,,1,1,,1,1,1,55,4,1,2,5,0,0,0,0,true,,false,false,false,false,false,,,,,,false,false,true,,,false,false,false,false,false,-83.1033,42.30803,"{
  ""coordinates"": [
    -8.310329954500000e+01,
    4.230803034300000e+01
  ],
  ""type"": ""Point""
}","{
  ""coordinates"": [
    -83.103299545,
    42.308030343
  ],
  ""type"": ""Point""
}",-83.103299545,42.308030343
13036,1064585,TELEGRAPH,MCNICHOLS,2017-06-22,22,6,2017,15,5,6,2,,1,0,,1,1,1,45,4,2,5,5,0,0,0,0,true,,false,false,false,false,false,,,,,,false,false,false,,,false,false,false,false,false,-83.27696,42.41459,"{
  ""coordinates"": [
    -8.327696524800000e+01,
    4.241458482800000e+01
  ],
  ""type"": ""Point""
}","{
  ""coordinates"": [
    -83.276965248,
    42.414584828
  ],
  ""type"": ""Point""
}",-83.276965248,42.414584828
13037,1067889,I94,30TH,2017-06-22,22,6,2017,17,5,5,1,,1,0,,1,1,1,55,3,3,7,4,0,0,0,4,false,,false,false,false,false,false,,,,,,false,false,true,,,false,false,false,false,false,-83.11517,42.34299,"{
  ""coordinates"": [
    -8.311517081800000e+01,
    4.234299005300010e+01
  ],
  ""type"": ""Point""
}","{
  ""coordinates"": [
    -83.115170818,
    42.342990053
  ],
  ""type"": ""Point""
}",-83.115170818,42.3429900530001
13038,1068904,I-75,7-MILE,2017-06-22,22,6,2017,23,5,1,1,,1,1,,2,2,4,70,3,1,1,4,0,0,0,1,false,,false,false,false,false,false,,,,,,false,true,false,,,false,false,false,false,false,-83.09485,42.4318,"{
  ""coordinates"": [
    -8.309484807500000e+01,
    4.243180407800000e+01
  ],
  ""type"": ""Point""
}","{
  ""coordinates"": [
    -83.094848075,
    42.431804078
  ],
  ""type"": ""Point""
}",-83.094848075,42.431804078
13039,1068897,E I 94,S M 10,2017-06-22,22,6,2017,17,5,5,1,,1,0,,1,1,1,55,3,2,2,5,0,0,0,0,true,,false,false,true,false,false,,,,,,false,false,false,,,false,false,false,false,false,-83.07634,42.35887,"{
  ""coordinates"": [
    -8.307634348399991e+01,
    4.235886753300010e+01
  ],
  ""type"": ""Point""
}","{
  ""coordinates"": [
    -83.076343484,
    42.358867533
  ],
  ""type"": ""Point""
}",-83.0763434839999,42.3588675330001
13040,1064553,M-10,8 MILE,2017-06-22,22,6,2017,18,5,5,3,,1,0,,1,1,1,55,3,2,3,4,0,0,0,1,false,,false,false,false,false,false,,,,,,false,false,false,,,false,false,false,false,false,-83.19985,42.44215,"{
  ""coordinates"": [
    -8.319984870000000e+01,
    4.244214442100010e+01
  ],
  ""type"": ""Point""
}","{
  ""coordinates"": [
    -83.1998487,
    42.442144421
  ],
  ""type"": ""Point""
}",-83.1998487,42.4421444210001
13041,1064556,M-10,GRND RIVER,2017-06-22,22,6,2017,19,5,5,3,,1,0,,1,1,1,55,3,2,3,5,0,0,0,0,true,,false,false,false,false,false,,,,,,false,true,false,,,false,false,false,false,false,-83.06632,42.33964,"{
  ""coordinates"": [
    -8.306632550499999e+01,
    4.233963699100010e+01
  ],
  ""type"": ""Point""
}","{
  ""coordinates"": [
    -83.066325505,
    42.339636991
  ],
  ""type"": ""Point""
}",-83.066325505,42.3396369910001
13042,1064552,M-10,8 MILE,2017-06-22,22,6,2017,18,5,5,3,,1,0,,1,1,1,55,3,2,2,5,0,0,0,0,true,,false,false,false,false,false,,,,,,false,false,false,,,false,false,false,false,false,-83.19985,42.44215,"{
  ""coordinates"": [
    -8.319984870000000e+01,
    4.244214442100010e+01
  ],
  ""type"": ""Point""
}","{
  ""coordinates"": [
    -83.1998487,
    42.442144421
  ],
  ""type"": ""Point""
}",-83.1998487,42.4421444210001
13043,1066000,KERCEVAL,VAN DYKE,2017-06-22,22,6,2017,1,5,97,9,,4,0,,1,1,4,35,2,2,1,5,0,0,0,0,true,,false,false,false,false,false,,,,,,false,false,false,,,false,false,false,false,false,-82.99992,42.35839,"{
  ""coordinates"": [
    -8.299991343999990e+01,
    4.235839515900010e+01
  ],
  ""type"": ""Point""
}","{
  ""coordinates"": [
    -82.99991344,
    42.358395159
  ],
  ""type"": ""Point""
}",-82.9999134399999,42.3583951590001
13044,1064560,CONGRESS,CHRYSLER,2017-06-22,22,6,2017,14,5,8,9,,4,0,,1,1,1,30,4,2,2,5,0,0,0,0,true,,false,false,false,false,false,,,,,,false,false,true,,,false,false,false,false,false,-83.03697,42.33321,"{
  ""coordinates"": [
    -8.303697511199989e+01,
    4.233320981900000e+01
  ],
  ""type"": ""Point""
}","{
  ""coordinates"": [
    -83.036975112,
    42.333209819
  ],
  ""type"": ""Point""
}",-83.0369751119999,42.333209819
13045,1064590,BEACONSFIELD,BRITIAN,2017-06-22,22,6,2017,14,5,4,9,,,0,,1,1,1,25,2,2,2,5,0,0,0,0,true,,false,false,true,false,false,,,,,,false,false,false,,,false,false,false,false,false,-82.94743,42.42203,"{
  ""coordinates"": [
    -8.294742781199990e+01,
    4.242203272000010e+01
  ],
  ""type"": ""Point""
}","{
  ""coordinates"": [
    -82.947427812,
    42.42203272
  ],
  ""type"": ""Point""
}",-82.9474278119999,42.4220327200001
13046,1069869,1863 LIDDESDALE,SCHAEFER,2017-06-22,22,6,2017,13,5,8,9,,,0,,1,1,1,0,1,2,0,5,0,0,0,0,true,,false,false,true,false,false,,,,,,false,false,false,,,false,false,false,false,false,-83.15128,42.27534,"{
  ""coordinates"": [
    -8.315128315899990e+01,
    4.227534146600000e+01
  ],
  ""type"": ""Point""
}","{
  ""coordinates"": [
    -83.151283159,
    42.275341466
  ],
  ""type"": ""Point""
}",-83.1512831589999,42.275341466
13047,1071949,JAMES COUZENS,MCNICHOLS,2017-06-22,22,6,2017,12,5,8,9,,4,0,,1,1,1,30,3,2,2,5,0,0,0,0,true,,false,false,false,false,false,,,,,,false,true,false,,,false,false,false,false,false,-83.17175,42.41654,"{
  ""coordinates"": [
    -8.317174908399990e+01,
    4.241654166800000e+01
  ],
  ""type"": ""Point""
}","{
  ""coordinates"": [
    -83.171749084,
    42.416541668
  ],
  ""type"": ""Point""
}",-83.1717490839999,42.416541668
13048,1091421,JEFFRIES,LIVERNOIS,2017-06-22,22,6,2017,15,5,6,9,,4,0,,1,1,1,15,3,2,7,5,0,0,0,0,true,,false,false,false,false,false,,,,,,false,false,false,,,false,false,false,false,false,-83.1388,42.36779,"{
  ""coordinates"": [
    -8.313879792800000e+01,
    4.236778974300010e+01
  ],
  ""type"": ""Point""
}","{
  ""coordinates"": [
    -83.138797928,
    42.367789743
  ],
  ""type"": ""Point""
}",-83.138797928,42.3677897430001
13049,1067893,DAVISON,I-96,2017-06-22,22,6,2017,21,5,1,3,,1,1,,2,4,4,25,3,1,1,5,0,0,0,0,true,,false,false,false,false,false,,,,,,false,false,true,,,false,false,false,false,false,-83.14585,42.3864,"{
  ""coordinates"": [
    -8.314584881199990e+01,
    4.238640184300000e+01
  ],
  ""type"": ""Point""
}","{
  ""coordinates"": [
    -83.145848812,
    42.386401843
  ],
  ""type"": ""Point""
}",-83.1458488119999,42.386401843
13050,1068900,N M 10,LIVERNOIS,2017-06-22,22,6,2017,21,5,97,3,,1,0,,2,4,4,55,3,2,2,4,0,0,0,1,false,,false,false,false,false,false,,,,,,false,false,false,,,false,false,false,false,false,-83.14017,42.40496,"{
  ""coordinates"": [
    -8.314017611799990e+01,
    4.240496386500010e+01
  ],
  ""type"": ""Point""
}","{
  ""coordinates"": [
    -83.140176118,
    42.404963865
  ],
  ""type"": ""Point""
}",-83.1401761179999,42.4049638650001
13051,1073349,MARK TWAIN,VASSAR,2017-06-22,22,6,2017,15,5,4,9,,,0,,1,1,1,25,2,2,12,4,0,0,0,3,false,,false,false,false,false,false,,,,,,false,true,false,,,false,false,false,false,false,-83.18775,42.4345,"{
  ""coordinates"": [
    -8.318775474499991e+01,
    4.243450012100000e+01
  ],
  ""type"": ""Point""
}","{
  ""coordinates"": [
    -83.187754745,
    42.434500121
  ],
  ""type"": ""Point""
}",-83.1877547449999,42.434500121
13052,1067881,I-94,BRUSH,2017-06-22,22,6,2017,10,5,5,1,,1,0,,1,2,1,55,3,3,3,4,0,0,0,1,false,,false,false,false,false,false,,,,,,false,false,false,,,false,false,false,false,false,-83.06613,42.3649,"{
  ""coordinates"": [
    -8.306613484800000e+01,
    4.236489778200010e+01
  ],
  ""type"": ""Point""
}","{
  ""coordinates"": [
    -83.066134848,
    42.364897782
  ],
  ""type"": ""Point""
}",-83.066134848,42.3648977820001
13053,1065994,JEFFERSON,PARKER,2017-06-22,22,6,2017,14,5,4,9,,4,0,,1,1,1,35,9,2,2,4,0,0,0,2,false,,false,false,false,false,false,,,,,,false,false,false,,,false,false,false,false,false,-82.99402,42.35196,"{
  ""coordinates"": [
    -8.299402026599989e+01,
    4.235195909500000e+01
  ],
  ""type"": ""Point""
}","{
  ""coordinates"": [
    -82.994020266,
    42.351959095
  ],
  ""type"": ""Point""
}",-82.9940202659999,42.351959095
13054,1072757,7 MILE,SCHOENHERR,2017-06-22,22,6,2017,20,5,4,9,,4,0,,1,1,4,0,4,2,2,5,0,0,0,0,true,,true,true,true,false,false,,,,,,false,false,false,,,false,false,false,false,false,-82.98531,42.43493,"{
  ""coordinates"": [
    -8.298531030299991e+01,
    4.243492731000000e+01
  ],
  ""type"": ""Point""
}","{
  ""coordinates"": [
    -82.985310303,
    42.43492731
  ],
  ""type"": ""Point""
}",-82.9853103029999,42.43492731
13055,1067887,E/B I-94,GRAND RIVER,2017-06-22,22,6,2017,15,5,5,1,,1,0,,1,1,1,55,3,3,3,5,0,0,0,0,true,,false,false,false,false,false,,,,,,false,false,false,,,false,false,false,false,false,-83.09285,42.35207,"{
  ""coordinates"": [
    -8.309285082500000e+01,
    4.235207249700010e+01
  ],
  ""type"": ""Point""
}","{
  ""coordinates"": [
    -83.092850825,
    42.352072497
  ],
  ""type"": ""Point""
}",-83.092850825,42.3520724970001
13056,1064588,TELEGRAPH,7 MILE,2017-06-22,22,6,2017,13,5,5,2,,1,0,,1,1,1,45,4,3,6,4,0,0,0,3,false,,false,false,false,false,false,,,,,,false,false,false,,,false,false,false,false,false,-83.27756,42.42887,"{
  ""coordinates"": [
    -8.327755388900000e+01,
    4.242887329700010e+01
  ],
  ""type"": ""Point""
}","{
  ""coordinates"": [
    -83.277553889,
    42.428873297
  ],
  ""type"": ""Point""
}",-83.277553889,42.4288732970001
13057,1064548,S M 39,E I 96 CD,2017-06-22,22,6,2017,18,5,5,3,,1,0,,1,1,1,35,2,2,2,5,0,0,0,0,true,,false,false,false,false,false,,,,,,false,false,false,,,false,false,false,false,false,-83.21707,42.37838,"{
  ""coordinates"": [
    -8.321707110200001e+01,
    4.237837629800000e+01
  ],
  ""type"": ""Point""
}","{
  ""coordinates"": [
    -83.217071102,
    42.378376298
  ],
  ""type"": ""Point""
}",-83.217071102,42.378376298