ObjectId,Crash ID,Primary Road,Intersecting Road,Crash Date,Day,Month,Year,Hour,Weekday,Crash Type Code,Highway Classification Code,Community Code,Jurisdiction Code,Lane Departure Type Code,Surface Type,Road Condition,Weather Condition,Lighting Condition,Speed Limit,Lanes,Units,Occupants,Most Severe Injury,Fatal Injuries,Suspected Serious Injuries,Suspected Minor Injuries,Possible Injuries,Property Damage Only,Secondary Crash,Traffic Control,Red Light Run,Hit and Run,Alcohol,Drugs,Unbelted Person,Work Zone,Speeding Driver,Distracted Driver,Driveway,Pedestrian,Elderly Driver,Young Driver,Commercial Vehicle,Emergency Vehicles,Train,School Bus,Motorcycle,Bicycle,Deer,Longitude,Latitude,geom,geog,x,y
13058,1064574,TIREMAN,EVERGREEN,2017-06-22,22,6,2017,15,5,97,9,,4,0,,1,1,1,30,4,3,3,3,0,0,2,1,false,,false,false,false,false,false,,,,,,false,true,false,,,false,false,false,false,false,-83.23565,42.35034,"{
  ""coordinates"": [
    -8.323564772899989e+01,
    4.235033988400010e+01
  ],
  ""type"": ""Point""
}","{
  ""coordinates"": [
    -83.235647729,
    42.350339884
  ],
  ""type"": ""Point""
}",-83.2356477289999,42.3503398840001
13059,1146305,7 MILE,LAUDER,2017-06-22,22,6,2017,16,5,4,9,,2,0,,1,1,1,35,4,2,1,5,0,0,0,0,true,,false,false,false,false,false,,,,,,false,true,false,,,false,false,false,false,false,-83.1925,42.43064,"{
  ""coordinates"": [
    -8.319250061600000e+01,
    4.243064588600000e+01
  ],
  ""type"": ""Point""
}","{
  ""coordinates"": [
    -83.192500616,
    42.430645886
  ],
  ""type"": ""Point""
}",-83.192500616,42.430645886
13060,1067883,I 94,WARREN,2017-06-22,22,6,2017,7,5,5,1,,1,0,,1,1,1,55,3,2,2,5,0,0,0,0,true,,false,false,false,false,false,,,,,,false,false,true,,,false,false,false,false,false,-83.1132,42.34453,"{
  ""coordinates"": [
    -8.311320000400001e+01,
    4.234452856300000e+01
  ],
  ""type"": ""Point""
}","{
  ""coordinates"": [
    -83.113200004,
    42.344528563
  ],
  ""type"": ""Point""
}",-83.113200004,42.344528563
13061,1072698,ALGONQUIN,VERNOR,2017-06-22,22,6,2017,4,5,4,9,,,0,,1,1,2,25,1,2,2,5,0,0,0,0,true,,false,false,false,false,false,,,,,,false,false,false,,,false,false,false,false,false,-82.96035,42.37614,"{
  ""coordinates"": [
    -8.296035326099999e+01,
    4.237614454600000e+01
  ],
  ""type"": ""Point""
}","{
  ""coordinates"": [
    -82.960353261,
    42.376144546
  ],
  ""type"": ""Point""
}",-82.960353261,42.376144546
13062,1065981,S I 75 SERVICE DRIVE,SPRINGWELLS,2017-06-22,22,6,2017,13,5,10,9,,4,0,,1,1,1,35,1,2,2,5,0,0,0,0,true,,false,false,false,false,false,,,,,,false,false,false,,,false,false,false,false,false,-83.11923,42.30202,"{
  ""coordinates"": [
    -8.311923120300000e+01,
    4.230201894700010e+01
  ],
  ""type"": ""Point""
}","{
  ""coordinates"": [
    -83.119231203,
    42.302018947
  ],
  ""type"": ""Point""
}",-83.119231203,42.3020189470001
13063,1068910,I-75,7 MILE,2017-06-22,22,6,2017,23,5,5,1,,1,0,,2,1,4,70,4,2,2,5,0,0,0,0,true,,false,false,false,false,false,,,,,,false,false,false,,,false,false,false,false,false,-83.09462,42.43222,"{
  ""coordinates"": [
    -8.309461832200000e+01,
    4.243221617800000e+01
  ],
  ""type"": ""Point""
}","{
  ""coordinates"": [
    -83.094618322,
    42.432216178
  ],
  ""type"": ""Point""
}",-83.094618322,42.432216178
13064,1067874,I-96,EVERGREEN,2017-06-22,22,6,2017,13,5,97,1,,1,0,,1,1,1,55,3,3,2,5,0,0,0,0,true,,false,false,true,false,false,,,,,,false,false,false,,,false,false,false,false,false,-83.23637,42.38007,"{
  ""coordinates"": [
    -8.323637087600000e+01,
    4.238007282300000e+01
  ],
  ""type"": ""Point""
}","{
  ""coordinates"": [
    -83.236370876,
    42.380072823
  ],
  ""type"": ""Point""
}",-83.236370876,42.380072823
13065,1066025,BUENA VISTA,PETOSKY,2017-06-22,22,6,2017,16,5,98,9,,,0,,1,1,1,15,1,2,0,5,0,0,0,0,true,,false,false,true,false,false,,,,,,false,false,false,,,false,false,false,false,false,-83.13381,42.38603,"{
  ""coordinates"": [
    -8.313381004500000e+01,
    4.238602730600010e+01
  ],
  ""type"": ""Point""
}","{
  ""coordinates"": [
    -83.133810045,
    42.386027306
  ],
  ""type"": ""Point""
}",-83.133810045,42.3860273060001
13066,1064555,S I 75,RAMP 037D,2017-06-22,22,6,2017,18,5,5,1,,1,0,,1,1,1,55,2,2,2,5,0,0,0,0,true,,false,false,false,false,false,,,,,,false,false,true,,,false,false,false,false,false,-83.08154,42.3329,"{
  ""coordinates"": [
    -8.308154585299999e+01,
    4.233290290100010e+01
  ],
  ""type"": ""Point""
}","{
  ""coordinates"": [
    -83.081545853,
    42.332902901
  ],
  ""type"": ""Point""
}",-83.081545853,42.3329029010001
13067,1067043,BRITAIN,BEACONSFIELD,2017-06-22,22,6,2017,15,5,4,9,,,0,,1,2,1,25,3,2,1,3,0,0,1,0,false,,false,false,true,false,false,,,,,,false,false,true,,,false,false,false,false,false,-82.94733,42.42217,"{
  ""coordinates"": [
    -8.294732335899990e+01,
    4.242217216500010e+01
  ],
  ""type"": ""Point""
}","{
  ""coordinates"": [
    -82.947323359,
    42.422172165
  ],
  ""type"": ""Point""
}",-82.9473233589999,42.4221721650001
13068,1065996,JAY,GRATIOT,2017-06-22,22,6,2017,23,5,1,3,,,1,,1,2,4,25,1,1,2,5,0,0,0,0,true,,false,false,true,false,false,,,,,,false,false,false,,,false,false,false,false,false,-83.03721,42.34525,"{
  ""coordinates"": [
    -8.303720749800000e+01,
    4.234525255300010e+01
  ],
  ""type"": ""Point""
}","{
  ""coordinates"": [
    -83.037207498,
    42.345252553
  ],
  ""type"": ""Point""
}",-83.037207498,42.3452525530001
13069,1071863,I-94,ROOSEVELT,2017-06-22,22,6,2017,15,5,5,9,,,0,,1,1,1,55,4,3,2,5,0,0,0,0,true,,false,false,true,false,false,,,,,,false,false,false,,,false,false,false,false,false,-83.10509,42.34866,"{
  ""coordinates"": [
    -8.310509771999990e+01,
    4.234865951000010e+01
  ],
  ""type"": ""Point""
}","{
  ""coordinates"": [
    -83.10509772,
    42.34865951
  ],
  ""type"": ""Point""
}",-83.1050977199999,42.3486595100001
13070,1072689,CADIEUX,I-94,2017-06-22,22,6,2017,18,5,8,1,,4,0,,1,1,1,35,5,2,4,5,0,0,0,0,true,,false,false,false,false,false,,,,,,false,false,false,,,false,false,false,false,false,-82.93716,42.41725,"{
  ""coordinates"": [
    -8.293716431099990e+01,
    4.241725287400000e+01
  ],
  ""type"": ""Point""
}","{
  ""coordinates"": [
    -82.937164311,
    42.417252874
  ],
  ""type"": ""Point""
}",-82.9371643109999,42.417252874
13071,1064577,SCHOOLCRAFT,OUTER,2017-06-22,22,6,2017,17,5,97,9,,4,0,,1,1,1,35,2,2,4,5,0,0,0,0,true,,false,false,false,false,false,,,,,,false,false,false,,,false,false,false,false,false,-83.25607,42.38596,"{
  ""coordinates"": [
    -8.325606198600001e+01,
    4.238595522700010e+01
  ],
  ""type"": ""Point""
}","{
  ""coordinates"": [
    -83.256061986,
    42.385955227
  ],
  ""type"": ""Point""
}",-83.256061986,42.3859552270001
13072,1064551,WB I-96,TELEGRAPH,2017-06-22,22,6,2017,16,5,8,1,,1,0,,1,1,1,70,4,2,6,5,0,0,0,0,true,,false,false,false,false,false,,,,,,false,false,false,,,false,false,false,false,false,-83.27115,42.38564,"{
  ""coordinates"": [
    -8.327115138800001e+01,
    4.238563533500010e+01
  ],
  ""type"": ""Point""
}","{
  ""coordinates"": [
    -83.271151388,
    42.385635335
  ],
  ""type"": ""Point""
}",-83.271151388,42.3856353350001
13073,1065977,FORT,CLARK,2017-06-22,22,6,2017,12,5,5,3,,1,0,,1,1,1,30,8,2,2,5,0,0,0,0,true,,false,false,false,false,false,,,,,,false,false,false,,,false,false,false,false,false,-83.09009,42.31235,"{
  ""coordinates"": [
    -8.309008552900001e+01,
    4.231234552800000e+01
  ],
  ""type"": ""Point""
}","{
  ""coordinates"": [
    -83.090085529,
    42.312345528
  ],
  ""type"": ""Point""
}",-83.090085529,42.312345528
13074,1064550,RAMP 213P,W I 96,2017-06-22,22,6,2017,0,5,1,1,,1,1,,1,1,4,0,1,1,1,4,0,0,0,1,false,,false,false,false,false,false,,,,,,false,false,true,,,false,false,false,false,false,-83.09941,42.35067,"{
  ""coordinates"": [
    -8.309941173599999e+01,
    4.235067171000000e+01
  ],
  ""type"": ""Point""
}","{
  ""coordinates"": [
    -83.099411736,
    42.35067171
  ],
  ""type"": ""Point""
}",-83.099411736,42.35067171
13075,1064592,SHERWOOD,7 MILE,2017-06-22,22,6,2017,18,5,8,9,,4,0,,1,1,1,30,2,2,2,5,0,0,0,0,true,,false,false,false,false,false,,,,,,false,false,false,,,false,false,false,false,false,-83.03405,42.43398,"{
  ""coordinates"": [
    -8.303404927799990e+01,
    4.243397858500000e+01
  ],
  ""type"": ""Point""
}","{
  ""coordinates"": [
    -83.034049278,
    42.433978585
  ],
  ""type"": ""Point""
}",-83.0340492779999,42.433978585
13076,1066014,AVON,OUTER,2017-06-22,22,6,2017,19,5,8,9,,,3,,1,1,1,25,2,2,0,5,0,0,0,0,true,,false,false,true,false,false,,,,,,false,false,false,,,false,false,false,false,false,-83.22614,42.42274,"{
  ""coordinates"": [
    -8.322613637900000e+01,
    4.242274492700010e+01
  ],
  ""type"": ""Point""
}","{
  ""coordinates"": [
    -83.226136379,
    42.422744927
  ],
  ""type"": ""Point""
}",-83.226136379,42.4227449270001
13077,1063426,PLYMOUTH,HUBBELL,2017-06-21,21,6,2017,20,4,5,9,,4,0,,1,1,1,35,3,2,2,5,0,0,0,0,true,,false,false,true,false,false,,,,,,false,false,false,,,false,false,false,false,false,-83.18757,42.37284,"{
  ""coordinates"": [
    -8.318757208700001e+01,
    4.237284310800000e+01
  ],
  ""type"": ""Point""
}","{
  ""coordinates"": [
    -83.187572087,
    42.372843108
  ],
  ""type"": ""Point""
}",-83.187572087,42.372843108
13078,1072707,JEFFERSON,SEMINOLE,2017-06-21,21,6,2017,18,4,5,9,,4,0,,1,1,1,35,2,2,2,5,0,0,0,0,true,,false,false,false,false,false,,,,,,false,false,false,,,false,false,false,false,false,-82.99248,42.35296,"{
  ""coordinates"": [
    -8.299247576600000e+01,
    4.235295868600010e+01
  ],
  ""type"": ""Point""
}","{
  ""coordinates"": [
    -82.992475766,
    42.352958686
  ],
  ""type"": ""Point""
}",-82.992475766,42.3529586860001
13079,1062395,I 75,NEVADA,2017-06-21,21,6,2017,6,4,8,1,,1,0,,1,1,1,70,4,2,2,4,0,0,0,1,false,,false,false,false,false,false,,,,,,false,false,false,,,false,false,false,false,false,-83.09335,42.42516,"{
  ""coordinates"": [
    -8.309335597099989e+01,
    4.242516447300010e+01
  ],
  ""type"": ""Point""
}","{
  ""coordinates"": [
    -83.093355971,
    42.425164473
  ],
  ""type"": ""Point""
}",-83.0933559709999,42.4251644730001
13080,1064589,PHILIP,WADE,2017-06-21,21,6,2017,23,4,97,9,,,0,,1,1,4,25,1,3,3,4,0,0,0,1,false,,false,false,false,false,false,,,,,,false,false,true,,,false,false,false,false,false,-82.96341,42.40866,"{
  ""coordinates"": [
    -8.296341123799991e+01,
    4.240866429700000e+01
  ],
  ""type"": ""Point""
}","{
  ""coordinates"": [
    -82.963411238,
    42.408664297
  ],
  ""type"": ""Point""
}",-82.9634112379999,42.408664297
13081,1063424,S M 10,WYOMING,2017-06-21,21,6,2017,16,4,5,3,,1,0,,1,1,1,25,2,2,3,5,0,0,0,0,true,,false,false,false,false,false,,,,,,false,true,false,,,false,false,false,false,false,-83.15987,42.40519,"{
  ""coordinates"": [
    -8.315986419700000e+01,
    4.240518852200010e+01
  ],
  ""type"": ""Point""
}","{
  ""coordinates"": [
    -83.159864197,
    42.405188522
  ],
  ""type"": ""Point""
}",-83.159864197,42.4051885220001
13082,1075105,E I 94,14TH,2017-06-21,21,6,2017,4,4,4,1,,1,0,,1,1,5,30,2,2,1,5,0,0,0,0,true,,false,false,true,false,false,,,,,,false,false,false,,,false,false,false,false,false,-83.08852,42.35344,"{
  ""coordinates"": [
    -8.308852624500000e+01,
    4.235343846600010e+01
  ],
  ""type"": ""Point""
}","{
  ""coordinates"": [
    -83.088526245,
    42.353438466
  ],
  ""type"": ""Point""
}",-83.088526245,42.3534384660001
13083,1066029,EPWORTH,LINSDALE,2017-06-21,21,6,2017,19,4,5,9,,4,0,,1,1,1,30,2,2,2,5,0,0,0,0,true,,false,false,true,false,false,,,,,,false,false,false,,,false,false,false,false,false,-83.13392,42.35775,"{
  ""coordinates"": [
    -8.313391575299990e+01,
    4.235775484400010e+01
  ],
  ""type"": ""Point""
}","{
  ""coordinates"": [
    -83.133915753,
    42.357754844
  ],
  ""type"": ""Point""
}",-83.1339157529999,42.3577548440001
13084,1065952,JOHN R,CANFIELD,2017-06-21,21,6,2017,15,4,3,9,,4,0,,1,1,1,25,3,2,2,5,0,0,0,0,true,,false,false,true,false,false,,,,,,false,false,false,,,false,false,false,false,false,-83.05937,42.35362,"{
  ""coordinates"": [
    -8.305936989100000e+01,
    4.235362012800000e+01
  ],
  ""type"": ""Point""
}","{
  ""coordinates"": [
    -83.059369891,
    42.353620128
  ],
  ""type"": ""Point""
}",-83.059369891,42.353620128
13085,1067895,I-94,TRUMBULL,2017-06-21,21,6,2017,14,4,5,1,,1,0,,1,2,1,55,3,2,4,5,0,0,0,0,true,,false,false,false,false,false,,,,,,false,false,false,,,false,false,false,false,false,-83.07968,42.35723,"{
  ""coordinates"": [
    -8.307967975400000e+01,
    4.235723428900010e+01
  ],
  ""type"": ""Point""
}","{
  ""coordinates"": [
    -83.079679754,
    42.357234289
  ],
  ""type"": ""Point""
}",-83.079679754,42.3572342890001
13086,1063441,WARREN,WOODMONT,2017-06-21,21,6,2017,12,4,3,9,,2,0,,1,1,1,35,4,2,2,3,0,0,1,0,false,,false,false,true,false,false,,,,,,false,false,true,,,false,false,true,false,false,-83.20692,42.34352,"{
  ""coordinates"": [
    -8.320692332700000e+01,
    4.234352621900010e+01
  ],
  ""type"": ""Point""
}","{
  ""coordinates"": [
    -83.206923327,
    42.343526219
  ],
  ""type"": ""Point""
}",-83.206923327,42.3435262190001
13087,1063443,GRATIOT,VERNOR,2017-06-21,21,6,2017,14,4,97,3,,1,0,,1,1,1,35,6,2,2,5,0,0,0,0,true,,false,false,false,false,false,,,,,,false,true,true,,,false,false,false,false,false,-83.03485,42.34858,"{
  ""coordinates"": [
    -8.303485322900001e+01,
    4.234857588300010e+01
  ],
  ""type"": ""Point""
}","{
  ""coordinates"": [
    -83.034853229,
    42.348575883
  ],
  ""type"": ""Point""
}",-83.034853229,42.3485758830001
13088,1064558,PARK GROVE,HAYES,2017-06-21,21,6,2017,18,4,4,9,,,0,,1,1,1,25,2,2,3,5,0,0,0,0,true,,true,false,false,false,false,,,,,,false,false,true,,,false,false,false,false,false,-82.96535,42.43008,"{
  ""coordinates"": [
    -8.296534817700000e+01,
    4.243008070100010e+01
  ],
  ""type"": ""Point""
}","{
  ""coordinates"": [
    -82.965348177,
    42.430080701
  ],
  ""type"": ""Point""
}",-82.965348177,42.4300807010001
13089,1087822,GRATIOT,JANE,2017-06-21,21,6,2017,23,4,4,3,,1,0,,1,1,4,30,7,2,8,2,0,1,0,1,false,,false,false,false,true,false,,,,,,false,false,false,,,false,false,false,false,false,-82.9911,42.41469,"{
  ""coordinates"": [
    -8.299109675600000e+01,
    4.241468832400010e+01
  ],
  ""type"": ""Point""
}","{
  ""coordinates"": [
    -82.991096756,
    42.414688324
  ],
  ""type"": ""Point""
}",-82.991096756,42.4146883240001
13090,1063479,6MILE,TURNER,2017-06-21,21,6,2017,1,4,8,9,,4,0,,1,1,1,35,4,2,1,5,0,0,0,0,true,,false,false,true,false,false,,,,,,false,false,false,,,false,false,false,false,false,-83.14874,42.41712,"{
  ""coordinates"": [
    -8.314873549799999e+01,
    4.241712249000010e+01
  ],
  ""type"": ""Point""
}","{
  ""coordinates"": [
    -83.148735498,
    42.41712249
  ],
  ""type"": ""Point""
}",-83.148735498,42.4171224900001
13091,1067882,I-75,ROSAPARKS,2017-06-21,21,6,2017,5,4,8,9,,4,0,,1,1,1,55,3,2,2,5,0,0,0,0,true,,false,false,false,false,false,,,,,,false,false,false,,,false,false,false,false,false,-83.07327,42.33393,"{
  ""coordinates"": [
    -8.307327368999999e+01,
    4.233392819900010e+01
  ],
  ""type"": ""Point""
}","{
  ""coordinates"": [
    -83.07327369,
    42.333928199
  ],
  ""type"": ""Point""
}",-83.07327369,42.3339281990001
13092,1063422,W I 94,FRONTENAC,2017-06-21,21,6,2017,17,4,1,1,,1,1,,1,1,1,55,3,1,1,5,0,0,0,0,true,,false,false,false,false,false,,,,,,false,false,true,,,false,false,false,false,false,-83.02817,42.38443,"{
  ""coordinates"": [
    -8.302816675299989e+01,
    4.238443111800010e+01
  ],
  ""type"": ""Point""
}","{
  ""coordinates"": [
    -83.028166753,
    42.384431118
  ],
  ""type"": ""Point""
}",-83.0281667529999,42.3844311180001
13093,1064594,GRATIOT,ORLEANS,2017-06-21,21,6,2017,22,4,1,7,,1,1,,1,1,4,40,7,1,1,3,0,0,1,0,false,,false,false,false,false,false,,,,,,false,false,false,,,false,false,false,false,false,-83.03721,42.3462,"{
  ""coordinates"": [
    -8.303720754900000e+01,
    4.234619733600000e+01
  ],
  ""type"": ""Point""
}","{
  ""coordinates"": [
    -83.037207549,
    42.346197336
  ],
  ""type"": ""Point""
}",-83.037207549,42.346197336
13094,1063458,STATE FAIR,WESTPHALIA,2017-06-21,21,6,2017,17,4,4,9,,4,0,,1,1,1,25,1,2,2,4,0,0,0,1,false,,false,false,true,false,false,,,,,,false,false,false,,,false,false,false,false,false,-82.99274,42.44201,"{
  ""coordinates"": [
    -8.299273527799990e+01,
    4.244201161400010e+01
  ],
  ""type"": ""Point""
}","{
  ""coordinates"": [
    -82.992735278,
    42.442011614
  ],
  ""type"": ""Point""
}",-82.9927352779999,42.4420116140001
13095,1066039,SHAFTSBURY,OUTER,2017-06-21,21,6,2017,20,4,97,9,,,0,,1,1,1,20,2,2,0,5,0,0,0,0,true,,false,false,true,false,false,,,,,,false,false,false,,,false,false,false,false,false,-83.23048,42.4183,"{
  ""coordinates"": [
    -8.323047915900000e+01,
    4.241829710700010e+01
  ],
  ""type"": ""Point""
}","{
  ""coordinates"": [
    -83.230479159,
    42.418297107
  ],
  ""type"": ""Point""
}",-83.230479159,42.4182971070001
13096,1072637,E/B I-96,WYOMING,2017-06-21,21,6,2017,21,4,1,1,,1,0,,1,1,1,55,4,1,2,3,0,0,1,1,false,,false,false,false,false,false,,,,,,false,false,true,,,false,false,false,false,false,-83.16082,42.38526,"{
  ""coordinates"": [
    -8.316081717000000e+01,
    4.238526251000010e+01
  ],
  ""type"": ""Point""
}","{
  ""coordinates"": [
    -83.16081717,
    42.38526251
  ],
  ""type"": ""Point""
}",-83.16081717,42.3852625100001
13097,1067879,I-375,LAFAYETTE,2017-06-21,21,6,2017,16,4,8,1,,1,0,,1,1,1,55,3,2,3,5,0,0,0,0,true,,false,false,false,false,false,,,,,,false,true,false,,,false,false,false,false,false,-83.0379,42.33592,"{
  ""coordinates"": [
    -8.303790042400000e+01,
    4.233592042300010e+01
  ],
  ""type"": ""Point""
}","{
  ""coordinates"": [
    -83.037900424,
    42.335920423
  ],
  ""type"": ""Point""
}",-83.037900424,42.3359204230001
13098,1064586,7 MILE,WOODBINE,2017-06-21,21,6,2017,8,4,97,9,,2,0,,1,1,1,35,6,2,0,4,0,0,0,1,false,,false,false,true,false,false,,,,,,true,false,false,,,false,false,false,false,false,-83.27907,42.42889,"{
  ""coordinates"": [
    -8.327906441399990e+01,
    4.242889282800010e+01
  ],
  ""type"": ""Point""
}","{
  ""coordinates"": [
    -83.279064414,
    42.428892828
  ],
  ""type"": ""Point""
}",-83.2790644139999,42.4288928280001
13099,1063469,EIGHT MILE,WOODWARD,2017-06-21,21,6,2017,5,4,5,3,,1,0,,1,1,4,40,4,2,2,5,0,0,0,0,true,,false,false,false,false,false,,,,,,false,true,true,,,false,false,false,false,false,-83.12474,42.44652,"{
  ""coordinates"": [
    -8.312474160399999e+01,
    4.244651676400010e+01
  ],
  ""type"": ""Point""
}","{
  ""coordinates"": [
    -83.124741604,
    42.446516764
  ],
  ""type"": ""Point""
}",-83.124741604,42.4465167640001
13100,1063428,GRAND RIVER,WABASH,2017-06-21,21,6,2017,12,4,5,3,,1,0,,1,1,1,30,4,2,2,4,0,0,0,2,false,,false,false,false,false,false,,,,,,false,true,false,,,false,false,false,false,false,-83.08376,42.34646,"{
  ""coordinates"": [
    -8.308375177200000e+01,
    4.234646366600000e+01
  ],
  ""type"": ""Point""
}","{
  ""coordinates"": [
    -83.083751772,
    42.346463666
  ],
  ""type"": ""Point""
}",-83.083751772,42.346463666
13101,1063429,GRAND,94 SERVICE,2017-06-21,21,6,2017,16,4,4,1,,4,0,,1,1,1,20,2,2,3,5,0,0,0,0,true,,true,true,false,false,false,,,,,,false,true,false,,,false,false,false,false,false,-83.10983,42.34715,"{
  ""coordinates"": [
    -8.310982988799999e+01,
    4.234715440100010e+01
  ],
  ""type"": ""Point""
}","{
  ""coordinates"": [
    -83.109829888,
    42.347154401
  ],
  ""type"": ""Point""
}",-83.109829888,42.3471544010001
13102,1064547,E/B I-94,CONNER,2017-06-21,21,6,2017,19,4,5,1,,1,0,,1,1,1,55,3,2,1,5,0,0,0,0,true,,false,false,true,false,false,,,,,,false,false,false,,,false,false,false,false,false,-82.98264,42.39882,"{
  ""coordinates"": [
    -8.298263626700000e+01,
    4.239882287700000e+01
  ],
  ""type"": ""Point""
}","{
  ""coordinates"": [
    -82.982636267,
    42.398822877
  ],
  ""type"": ""Point""
}",-82.982636267,42.398822877
13103,1067877,I-75,DEARBORN,2017-06-21,21,6,2017,7,4,5,1,,1,0,,1,1,1,0,3,4,4,4,0,0,0,1,false,,false,false,false,false,false,,,,,,false,false,true,,,false,false,false,false,false,-83.12572,42.29628,"{
  ""coordinates"": [
    -8.312571357900001e+01,
    4.229628469500010e+01
  ],
  ""type"": ""Point""
}","{
  ""coordinates"": [
    -83.125713579,
    42.296284695
  ],
  ""type"": ""Point""
}",-83.125713579,42.2962846950001
13104,1084288,DICKERSON,HARPER,2017-06-21,21,6,2017,16,4,4,9,,4,0,,1,1,1,30,2,2,2,5,0,0,0,0,true,,true,true,false,false,false,,,,,,false,false,false,,,false,false,false,false,false,-82.97337,42.40211,"{
  ""coordinates"": [
    -8.297337206299990e+01,
    4.240210626800010e+01
  ],
  ""type"": ""Point""
}","{
  ""coordinates"": [
    -82.973372063,
    42.402106268
  ],
  ""type"": ""Point""
}",-82.9733720629999,42.4021062680001
13105,1063442,TELEGRAPH,TELEGRAPH/MCNICHOLS,2017-06-21,21,6,2017,14,4,97,2,,1,0,,1,1,1,50,8,2,2,5,0,0,0,0,true,,false,false,false,false,false,,,,,,false,false,false,,,false,false,false,false,false,-83.27703,42.41591,"{
  ""coordinates"": [
    -8.327703082600000e+01,
    4.241591080800000e+01
  ],
  ""type"": ""Point""
}","{
  ""coordinates"": [
    -83.277030826,
    42.415910808
  ],
  ""type"": ""Point""
}",-83.277030826,42.415910808
13106,1064583,HARPER,MOUNT ELLIOTT,2017-06-21,21,6,2017,17,4,5,1,,4,0,,1,2,1,35,3,2,3,5,0,0,0,0,true,,false,false,false,false,false,,,,,,false,false,false,,,false,false,false,false,false,-83.03344,42.37895,"{
  ""coordinates"": [
    -8.303343774299999e+01,
    4.237895145700000e+01
  ],
  ""type"": ""Point""
}","{
  ""coordinates"": [
    -83.033437743,
    42.378951457
  ],
  ""type"": ""Point""
}",-83.033437743,42.378951457
13107,1063474,N I 75,RAMP 035H,2017-06-21,21,6,2017,14,4,8,1,,1,0,,1,1,1,25,2,2,3,5,0,0,0,0,true,,false,false,false,false,false,,,,,,false,false,false,,,false,false,false,false,false,-83.08205,42.31971,"{
  ""coordinates"": [
    -8.308204634499999e+01,
    4.231970832200010e+01
  ],
  ""type"": ""Point""
}","{
  ""coordinates"": [
    -83.082046345,
    42.319708322
  ],
  ""type"": ""Point""
}",-83.082046345,42.3197083220001
13108,1080432,N/B M-39,8 MILE,2017-06-21,21,6,2017,16,4,5,3,,1,0,,1,1,1,55,3,2,2,5,0,0,0,0,true,,false,false,false,false,false,,,,,,false,false,false,,,false,false,false,false,false,-83.21967,42.44273,"{
  ""coordinates"": [
    -8.321967341000000e+01,
    4.244272962200010e+01
  ],
  ""type"": ""Point""
}","{
  ""coordinates"": [
    -83.21967341,
    42.442729622
  ],
  ""type"": ""Point""
}",-83.21967341,42.4427296220001
13109,1063457,7 MILE,WALTHAM,2017-06-21,21,6,2017,20,4,5,9,,4,0,,1,1,3,35,2,2,5,5,0,0,0,0,true,,false,false,false,false,false,,,,,,false,false,true,,,false,false,false,false,false,-82.99485,42.43471,"{
  ""coordinates"": [
    -8.299485390099990e+01,
    4.243471011600010e+01
  ],
  ""type"": ""Point""
}","{
  ""coordinates"": [
    -82.994853901,
    42.434710116
  ],
  ""type"": ""Point""
}",-82.9948539009999,42.4347101160001
13110,1068946,7 MILE,GRATIOT,2017-06-21,21,6,2017,6,4,5,3,,2,0,,1,1,1,30,2,3,7,3,0,0,1,2,false,,false,false,false,false,false,,,,,,false,false,true,,,false,false,false,false,false,-82.97732,42.43509,"{
  ""coordinates"": [
    -8.297732040200000e+01,
    4.243509187100010e+01
  ],
  ""type"": ""Point""
}","{
  ""coordinates"": [
    -82.977320402,
    42.435091871
  ],
  ""type"": ""Point""
}",-82.977320402,42.4350918710001
13111,1067869,S M 10,RAMP 109A,2017-06-21,21,6,2017,10,4,5,3,,1,0,,1,1,1,55,3,2,4,5,0,0,0,0,true,,false,false,false,false,false,,,,,,false,false,false,,,false,false,false,false,false,-83.11359,42.40014,"{
  ""coordinates"": [
    -8.311358286599990e+01,
    4.240013934000010e+01
  ],
  ""type"": ""Point""
}","{
  ""coordinates"": [
    -83.113582866,
    42.40013934
  ],
  ""type"": ""Point""
}",-83.1135828659999,42.4001393400001
13112,1083394,MAPLERIDGE,GROTTO,2017-06-21,21,6,2017,16,4,10,9,,,3,,1,2,2,25,2,2,1,5,0,0,0,0,true,,false,false,false,false,false,,,,,,false,false,false,,,false,false,false,false,false,-82.98334,42.4289,"{
  ""coordinates"": [
    -8.298333584600000e+01,
    4.242890165300000e+01
  ],
  ""type"": ""Point""
}","{
  ""coordinates"": [
    -82.983335846,
    42.428901653
  ],
  ""type"": ""Point""
}",-82.983335846,42.428901653
13113,1064546,I-75,JOHN R,2017-06-21,21,6,2017,23,4,5,7,,1,0,,1,2,4,55,4,2,1,3,0,0,1,0,false,,false,false,true,false,false,,,,,,false,false,false,,,false,false,true,false,false,-83.05009,42.34117,"{
  ""coordinates"": [
    -8.305009633500001e+01,
    4.234116784400000e+01
  ],
  ""type"": ""Point""
}","{
  ""coordinates"": [
    -83.050096335,
    42.341167844
  ],
  ""type"": ""Point""
}",-83.050096335,42.341167844
13114,1080842,M39 SERVICE DRIVE,PAUL,2017-06-21,21,6,2017,16,4,4,9,,4,0,,1,1,1,40,2,2,2,5,0,0,0,0,true,,false,false,false,false,false,,,,,,false,false,false,,,false,false,false,false,false,-83.21541,42.33614,"{
  ""coordinates"": [
    -8.321541084899999e+01,
    4.233614180000010e+01
  ],
  ""type"": ""Point""
}","{
  ""coordinates"": [
    -83.215410849,
    42.3361418
  ],
  ""type"": ""Point""
}",-83.215410849,42.3361418000001