ObjectId,Crash ID,Primary Road,Intersecting Road,Crash Date,Day,Month,Year,Hour,Weekday,Crash Type Code,Highway Classification Code,Community Code,Jurisdiction Code,Lane Departure Type Code,Surface Type,Road Condition,Weather Condition,Lighting Condition,Speed Limit,Lanes,Units,Occupants,Most Severe Injury,Fatal Injuries,Suspected Serious Injuries,Suspected Minor Injuries,Possible Injuries,Property Damage Only,Secondary Crash,Traffic Control,Red Light Run,Hit and Run,Alcohol,Drugs,Unbelted Person,Work Zone,Speeding Driver,Distracted Driver,Driveway,Pedestrian,Elderly Driver,Young Driver,Commercial Vehicle,Emergency Vehicles,Train,School Bus,Motorcycle,Bicycle,Deer,Longitude,Latitude,geom,geog,x,y
13228,1062450,DAVISON,14TH,2017-06-20,20,6,2017,20,3,97,3,,1,0,,1,1,1,35,6,2,3,5,0,0,0,0,true,,false,false,false,false,false,,,,,,true,false,false,,,false,false,false,false,false,-83.116,42.39526,"{
  ""coordinates"": [
    -8.311600013000000e+01,
    4.239525837200010e+01
  ],
  ""type"": ""Point""
}","{
  ""coordinates"": [
    -83.11600013,
    42.395258372
  ],
  ""type"": ""Point""
}",-83.11600013,42.3952583720001
13229,1065969,FORT,BROOKLYN,2017-06-20,20,6,2017,17,3,1,3,,1,0,,1,1,1,35,4,1,1,4,0,0,0,1,false,,false,false,false,false,false,,,,,,false,true,false,,,false,false,true,false,false,-83.0592,42.32563,"{
  ""coordinates"": [
    -8.305919491299990e+01,
    4.232563178400010e+01
  ],
  ""type"": ""Point""
}","{
  ""coordinates"": [
    -83.059194913,
    42.325631784
  ],
  ""type"": ""Point""
}",-83.0591949129999,42.3256317840001
13230,1061534,CARPENTER,CONANT,2017-06-19,19,6,2017,18,2,9,9,,,2,,1,1,1,25,1,2,0,5,0,0,0,0,true,,false,false,true,false,false,,,,,,false,false,false,,,false,false,false,false,false,-83.05666,42.40885,"{
  ""coordinates"": [
    -8.305666720999990e+01,
    4.240884928200010e+01
  ],
  ""type"": ""Point""
}","{
  ""coordinates"": [
    -83.05666721,
    42.408849282
  ],
  ""type"": ""Point""
}",-83.0566672099999,42.4088492820001
13231,1061530,MOUND,7 MILE,2017-06-19,19,6,2017,17,2,4,9,,2,0,,1,1,1,0,2,2,2,5,0,0,0,0,true,,false,false,false,false,false,,,,,,false,true,false,,,false,false,false,false,false,-83.04339,42.43358,"{
  ""coordinates"": [
    -8.304338700499990e+01,
    4.243358191900010e+01
  ],
  ""type"": ""Point""
}","{
  ""coordinates"": [
    -83.043387005,
    42.433581919
  ],
  ""type"": ""Point""
}",-83.0433870049999,42.4335819190001
13232,1061492,OTIS,CLIPPERT,2017-06-19,19,6,2017,2,2,1,9,,,1,,1,1,4,0,3,1,1,5,0,0,0,0,true,,false,false,false,false,false,,,,,,false,false,false,,,false,false,false,false,false,-83.12133,42.32426,"{
  ""coordinates"": [
    -8.312132933899990e+01,
    4.232426362000010e+01
  ],
  ""type"": ""Point""
}","{
  ""coordinates"": [
    -83.121329339,
    42.32426362
  ],
  ""type"": ""Point""
}",-83.1213293389999,42.3242636200001
13233,1061495,FORT,SCHAEFER,2017-06-19,19,6,2017,17,2,8,3,,1,0,,1,1,1,35,2,2,1,5,0,0,0,0,true,,false,false,false,false,false,,,,,,false,false,false,,,false,false,false,false,false,-83.15741,42.27409,"{
  ""coordinates"": [
    -8.315741163800000e+01,
    4.227409063500010e+01
  ],
  ""type"": ""Point""
}","{
  ""coordinates"": [
    -83.157411638,
    42.274090635
  ],
  ""type"": ""Point""
}",-83.157411638,42.2740906350001
13234,1061478,EUCLID,WOODWARD,2017-06-19,19,6,2017,3,2,1,3,,4,0,,1,2,4,30,9,1,0,5,0,0,0,0,true,,false,false,true,false,false,,,,,,false,false,false,,,false,false,false,false,false,-83.07803,42.37714,"{
  ""coordinates"": [
    -8.307802258500000e+01,
    4.237714312800010e+01
  ],
  ""type"": ""Point""
}","{
  ""coordinates"": [
    -83.078022585,
    42.377143128
  ],
  ""type"": ""Point""
}",-83.078022585,42.3771431280001
13235,1065903,RAMP 213E,RAMP 213K,2017-06-19,19,6,2017,11,2,1,1,,1,1,,1,1,1,55,1,1,1,4,0,0,0,1,false,,false,false,false,false,false,,,,,,false,false,false,,,false,false,false,false,false,-83.10049,42.35014,"{
  ""coordinates"": [
    -8.310048358599990e+01,
    4.235014305700000e+01
  ],
  ""type"": ""Point""
}","{
  ""coordinates"": [
    -83.100483586,
    42.350143057
  ],
  ""type"": ""Point""
}",-83.1004835859999,42.350143057
13236,1069799,I-94,TRUMBULL,2017-06-19,19,6,2017,18,2,5,1,,1,0,,1,1,1,55,3,3,1,4,0,0,0,1,false,,false,false,false,false,false,,,,,,false,false,true,,,false,false,false,false,false,-83.0813,42.35589,"{
  ""coordinates"": [
    -8.308130262899989e+01,
    4.235588878700000e+01
  ],
  ""type"": ""Point""
}","{
  ""coordinates"": [
    -83.081302629,
    42.355888787
  ],
  ""type"": ""Point""
}",-83.0813026289999,42.355888787
13237,1062419,FORT,OAKWOOD,2017-06-19,19,6,2017,20,2,8,3,,1,0,,1,1,1,0,4,2,2,5,0,0,0,0,true,,false,false,false,false,false,,,,,,false,true,false,,,false,false,false,false,false,-83.14352,42.29041,"{
  ""coordinates"": [
    -8.314352536299999e+01,
    4.229040590600000e+01
  ],
  ""type"": ""Point""
}","{
  ""coordinates"": [
    -83.143525363,
    42.290405906
  ],
  ""type"": ""Point""
}",-83.143525363,42.290405906
13238,1061520,TELEGRAPH,7 MILE,2017-06-19,19,6,2017,12,2,5,2,,1,0,,1,1,1,45,8,2,2,5,0,0,0,0,true,,false,false,false,false,false,,,,,,false,false,false,,,false,false,false,false,false,-83.27798,42.42891,"{
  ""coordinates"": [
    -8.327798593100000e+01,
    4.242890435000000e+01
  ],
  ""type"": ""Point""
}","{
  ""coordinates"": [
    -83.277985931,
    42.42890435
  ],
  ""type"": ""Point""
}",-83.277985931,42.42890435
13239,1075101,W I 94,MOROSS,2017-06-19,19,6,2017,7,2,8,1,,1,0,,1,1,1,35,2,2,2,5,0,0,0,0,true,,false,false,false,false,false,,,,,,false,false,false,,,false,false,false,false,false,-82.92888,42.42449,"{
  ""coordinates"": [
    -8.292887851099989e+01,
    4.242449178000000e+01
  ],
  ""type"": ""Point""
}","{
  ""coordinates"": [
    -82.928878511,
    42.42449178
  ],
  ""type"": ""Point""
}",-82.9288785109999,42.42449178
13240,1062421,5896 CASPER,WAGNER,2017-06-19,19,6,2017,19,2,97,9,,,0,,1,2,1,25,2,2,2,2,0,1,0,1,false,,false,false,false,false,false,,,,,,false,false,false,,,false,false,false,false,false,-83.14359,42.33792,"{
  ""coordinates"": [
    -8.314358496100000e+01,
    4.233791831500000e+01
  ],
  ""type"": ""Point""
}","{
  ""coordinates"": [
    -83.143584961,
    42.337918315
  ],
  ""type"": ""Point""
}",-83.143584961,42.337918315
13241,1063452,7 MILE,TRINITY,2017-06-19,19,6,2017,23,2,1,9,,2,0,,1,1,4,35,4,2,1,1,1,0,0,0,false,,false,false,true,false,false,,,,,,true,false,false,,,false,false,false,false,false,-83.25037,42.4293,"{
  ""coordinates"": [
    -8.325037236799990e+01,
    4.242930332900000e+01
  ],
  ""type"": ""Point""
}","{
  ""coordinates"": [
    -83.250372368,
    42.429303329
  ],
  ""type"": ""Point""
}",-83.2503723679999,42.429303329
13242,1062484,WOODWARD,E I 94,2017-06-19,19,6,2017,10,2,4,3,,1,0,,1,2,1,30,5,2,4,5,0,0,0,0,true,,true,true,false,false,false,,,,,,false,false,true,,,false,false,false,false,false,-83.06883,42.36363,"{
  ""coordinates"": [
    -8.306882890999999e+01,
    4.236363269800010e+01
  ],
  ""type"": ""Point""
}","{
  ""coordinates"": [
    -83.06882891,
    42.363632698
  ],
  ""type"": ""Point""
}",-83.06882891,42.3636326980001
13243,1065907,I-75,CLAY,2017-06-19,19,6,2017,16,2,5,1,,1,0,,2,2,1,55,4,2,2,4,0,0,0,1,false,,false,false,false,false,false,,,,,,false,false,true,,,false,false,false,false,false,-83.06261,42.37793,"{
  ""coordinates"": [
    -8.306260639500000e+01,
    4.237793127900010e+01
  ],
  ""type"": ""Point""
}","{
  ""coordinates"": [
    -83.062606395,
    42.377931279
  ],
  ""type"": ""Point""
}",-83.062606395,42.3779312790001
13244,1061527,8 MILE,MOUND,2017-06-19,19,6,2017,7,2,5,3,,1,0,,1,2,1,40,7,2,2,4,0,0,0,2,false,,false,false,false,false,false,,,,,,false,false,false,,,false,false,false,false,false,-83.04401,42.44778,"{
  ""coordinates"": [
    -8.304400862700000e+01,
    4.244777727200010e+01
  ],
  ""type"": ""Point""
}","{
  ""coordinates"": [
    -83.044008627,
    42.447777272
  ],
  ""type"": ""Point""
}",-83.044008627,42.4477772720001
13245,1061533,MICTCHELL,8MILE,2017-06-19,19,6,2017,8,2,10,3,,,0,,1,1,1,25,1,2,2,5,0,0,0,0,true,,false,false,false,false,false,,,,,,false,true,false,,,false,false,false,false,false,-83.07302,42.44715,"{
  ""coordinates"": [
    -8.307301828100000e+01,
    4.244715649500010e+01
  ],
  ""type"": ""Point""
}","{
  ""coordinates"": [
    -83.073018281,
    42.447156495
  ],
  ""type"": ""Point""
}",-83.073018281,42.4471564950001
13246,1061472,WOODWARD,EUCLID,2017-06-19,19,6,2017,18,2,97,3,,1,0,,1,1,1,30,3,3,4,4,0,0,0,3,false,,false,false,false,false,false,,,,,,false,true,false,,,false,false,false,false,false,-83.07794,42.37719,"{
  ""coordinates"": [
    -8.307794385100000e+01,
    4.237718860000010e+01
  ],
  ""type"": ""Point""
}","{
  ""coordinates"": [
    -83.077943851,
    42.3771886
  ],
  ""type"": ""Point""
}",-83.077943851,42.3771886000001
13247,1095884,FORD,SOUTHFIELD,2017-06-19,19,6,2017,15,2,5,3,,1,0,,1,1,1,50,4,2,2,5,0,0,0,0,true,,false,false,false,false,false,,,,,,false,true,true,,,false,false,false,false,false,-83.21622,42.33329,"{
  ""coordinates"": [
    -8.321621425200000e+01,
    4.233328525800000e+01
  ],
  ""type"": ""Point""
}","{
  ""coordinates"": [
    -83.216214252,
    42.333285258
  ],
  ""type"": ""Point""
}",-83.216214252,42.333285258
13248,1065944,FULLERTON,GREENLAWN,2017-06-19,19,6,2017,0,2,8,9,,4,0,,1,1,3,0,2,2,2,5,0,0,0,0,true,,false,false,false,false,false,,,,,,false,false,true,,,false,false,false,false,false,-83.1493,42.38099,"{
  ""coordinates"": [
    -8.314929655100001e+01,
    4.238098460800010e+01
  ],
  ""type"": ""Point""
}","{
  ""coordinates"": [
    -83.149296551,
    42.380984608
  ],
  ""type"": ""Point""
}",-83.149296551,42.3809846080001
13249,1063476,WOODWARD,EIGHT MILE,2017-06-19,19,6,2017,23,2,8,3,,1,0,,1,1,4,45,8,2,1,5,0,0,0,0,true,,false,false,false,false,false,,,,,,false,true,false,,,false,false,false,false,false,-83.12473,42.44634,"{
  ""coordinates"": [
    -8.312472297600000e+01,
    4.244633837300010e+01
  ],
  ""type"": ""Point""
}","{
  ""coordinates"": [
    -83.124722976,
    42.446338373
  ],
  ""type"": ""Point""
}",-83.124722976,42.4463383730001
13250,1061517,8 MILE,TELEGRAPH,2017-06-19,19,6,2017,5,2,5,3,,1,0,,1,1,1,35,8,2,2,5,0,0,0,0,true,,false,false,false,false,false,,,,,,false,false,true,,,false,false,false,false,false,-83.27802,42.44275,"{
  ""coordinates"": [
    -8.327802232300000e+01,
    4.244275102800000e+01
  ],
  ""type"": ""Point""
}","{
  ""coordinates"": [
    -83.278022323,
    42.442751028
  ],
  ""type"": ""Point""
}",-83.278022323,42.442751028
13251,1065933,I-96,MLK,2017-06-19,19,6,2017,13,2,5,1,,1,0,,1,1,1,55,5,2,2,5,0,0,0,0,true,,false,false,false,false,false,,,,,,false,false,true,,,false,false,false,false,false,-83.09364,42.34089,"{
  ""coordinates"": [
    -8.309363764900000e+01,
    4.234088400300000e+01
  ],
  ""type"": ""Point""
}","{
  ""coordinates"": [
    -83.093637649,
    42.340884003
  ],
  ""type"": ""Point""
}",-83.093637649,42.340884003
13252,1061507,SOUTHFIELD SERVICE DRIVE,CURTIS,2017-06-19,19,6,2017,19,2,97,9,,4,0,,1,1,1,35,2,1,1,5,0,0,0,0,true,,false,false,false,false,false,,,,,,false,false,false,,,false,false,false,false,false,-83.21938,42.42286,"{
  ""coordinates"": [
    -8.321938586900001e+01,
    4.242286259900000e+01
  ],
  ""type"": ""Point""
}","{
  ""coordinates"": [
    -83.219385869,
    42.422862599
  ],
  ""type"": ""Point""
}",-83.219385869,42.422862599
13253,1067042,FINDLAY,BRADFORD,2017-06-19,19,6,2017,13,2,4,9,,4,0,,1,1,1,25,2,2,2,2,0,1,0,1,false,,false,false,true,false,false,,,,,,false,false,true,,,false,false,false,false,false,-82.99574,42.41502,"{
  ""coordinates"": [
    -8.299573329400000e+01,
    4.241502535400010e+01
  ],
  ""type"": ""Point""
}","{
  ""coordinates"": [
    -82.995733294,
    42.415025354
  ],
  ""type"": ""Point""
}",-82.995733294,42.4150253540001
13254,1062482,CANFIELD,ST ANTOINE,2017-06-19,19,6,2017,17,2,4,9,,4,0,,1,2,1,30,5,2,2,5,0,0,0,0,true,,true,true,false,false,false,,,,,,false,false,false,,,false,false,false,false,false,-83.05425,42.35562,"{
  ""coordinates"": [
    -8.305425630199990e+01,
    4.235561782100010e+01
  ],
  ""type"": ""Point""
}","{
  ""coordinates"": [
    -83.054256302,
    42.355617821
  ],
  ""type"": ""Point""
}",-83.0542563019999,42.3556178210001
13255,1061532,7MILE,DEQUINDRE,2017-06-19,19,6,2017,14,2,5,9,,4,0,,1,1,1,25,4,2,3,5,0,0,0,0,true,,false,false,false,false,false,,,,,,false,false,true,,,false,false,false,false,false,-83.08298,42.43291,"{
  ""coordinates"": [
    -8.308298743099991e+01,
    4.243290665300000e+01
  ],
  ""type"": ""Point""
}","{
  ""coordinates"": [
    -83.082987431,
    42.432906653
  ],
  ""type"": ""Point""
}",-83.0829874309999,42.432906653
13256,1062429,WREFORD,LAWTON,2017-06-19,19,6,2017,23,2,97,9,,,0,,1,1,3,25,2,2,0,5,0,0,0,0,true,,false,false,true,false,false,,,,,,false,false,false,,,false,false,false,false,false,-83.09898,42.35754,"{
  ""coordinates"": [
    -8.309897545200000e+01,
    4.235753484300010e+01
  ],
  ""type"": ""Point""
}","{
  ""coordinates"": [
    -83.098975452,
    42.357534843
  ],
  ""type"": ""Point""
}",-83.098975452,42.3575348430001
13257,1061487,N I 75 SERVICE DRIVE,LIVERNOIS,2017-06-19,19,6,2017,6,2,97,9,,4,0,,1,1,1,25,3,2,3,5,0,0,0,0,true,,false,false,false,false,false,,,,,,false,false,false,,,false,false,false,false,false,-83.10388,42.30712,"{
  ""coordinates"": [
    -8.310388505500001e+01,
    4.230712027300010e+01
  ],
  ""type"": ""Point""
}","{
  ""coordinates"": [
    -83.103885055,
    42.307120273
  ],
  ""type"": ""Point""
}",-83.103885055,42.3071202730001
13258,1061498,ASHTON,DOVER,2017-06-19,19,6,2017,8,2,5,9,,,0,,1,1,1,25,4,2,1,5,0,0,0,0,true,,false,false,true,false,false,,,,,,false,false,false,,,false,false,false,false,false,-83.21775,42.35965,"{
  ""coordinates"": [
    -8.321774900799990e+01,
    4.235965297600010e+01
  ],
  ""type"": ""Point""
}","{
  ""coordinates"": [
    -83.217749008,
    42.359652976
  ],
  ""type"": ""Point""
}",-83.2177490079999,42.3596529760001
13259,1069877,RAMP 220D,E I 94,2017-06-19,19,6,2017,15,2,1,1,,1,1,,2,4,1,55,1,1,1,5,0,0,0,0,true,,false,false,false,false,false,,,,,,false,false,false,,,false,false,false,false,false,-82.98884,42.39555,"{
  ""coordinates"": [
    -8.298883699200000e+01,
    4.239555077400010e+01
  ],
  ""type"": ""Point""
}","{
  ""coordinates"": [
    -82.988836992,
    42.395550774
  ],
  ""type"": ""Point""
}",-82.988836992,42.3955507740001
13260,1073977,3RD,MERTON,2017-06-19,19,6,2017,11,2,1,9,,4,0,,1,1,1,35,2,2,2,2,0,1,0,0,false,,false,false,true,false,false,,,,,,false,false,false,,,false,false,false,true,false,-83.1132,42.41849,"{
  ""coordinates"": [
    -8.311320632100001e+01,
    4.241848938600000e+01
  ],
  ""type"": ""Point""
}","{
  ""coordinates"": [
    -83.113206321,
    42.418489386
  ],
  ""type"": ""Point""
}",-83.113206321,42.418489386
13261,1063440,WINTHROP,ELLIS,2017-06-19,19,6,2017,10,2,2,9,,,2,,1,1,1,25,2,2,0,5,0,0,0,0,true,,false,false,false,false,false,,,,,,false,false,false,,,false,false,false,false,false,-83.19817,42.36108,"{
  ""coordinates"": [
    -8.319816561999990e+01,
    4.236107727800000e+01
  ],
  ""type"": ""Point""
}","{
  ""coordinates"": [
    -83.19816562,
    42.361077278
  ],
  ""type"": ""Point""
}",-83.1981656199999,42.361077278
13262,1061514,SLYVESTER,MAXWELL,2017-06-19,19,6,2017,8,2,8,9,,,0,,1,1,1,25,2,2,0,5,0,0,0,0,true,,false,false,true,false,false,,,,,,false,false,false,,,false,false,false,false,false,-83.0063,42.37036,"{
  ""coordinates"": [
    -8.300630512200000e+01,
    4.237035597700000e+01
  ],
  ""type"": ""Point""
}","{
  ""coordinates"": [
    -83.006305122,
    42.370355977
  ],
  ""type"": ""Point""
}",-83.006305122,42.370355977
13263,1062428,JOY,WESTWOOD,2017-06-19,19,6,2017,13,2,5,9,,2,0,,1,1,1,30,4,2,1,5,0,0,0,0,true,,false,false,true,false,false,,,,,,false,false,false,,,false,false,false,false,false,-83.23098,42.35765,"{
  ""coordinates"": [
    -8.323098288300000e+01,
    4.235764831500010e+01
  ],
  ""type"": ""Point""
}","{
  ""coordinates"": [
    -83.230982883,
    42.357648315
  ],
  ""type"": ""Point""
}",-83.230982883,42.3576483150001
13264,1063433,CLINTON,ST ANTOINE,2017-06-19,19,6,2017,7,2,4,9,,4,0,,1,1,1,30,4,2,2,5,0,0,0,0,true,,false,false,false,false,false,,,,,,false,false,true,,,false,false,false,false,false,-83.04192,42.33693,"{
  ""coordinates"": [
    -8.304191821800001e+01,
    4.233693085200010e+01
  ],
  ""type"": ""Point""
}","{
  ""coordinates"": [
    -83.041918218,
    42.336930852
  ],
  ""type"": ""Point""
}",-83.041918218,42.3369308520001
13265,1063456,PURITAN,GREENFIELD,2017-06-19,19,6,2017,15,2,9,9,,4,0,,1,1,1,30,3,2,1,4,0,0,0,2,false,,false,false,false,false,false,,,,,,false,false,false,,,false,false,false,false,false,-83.19919,42.40876,"{
  ""coordinates"": [
    -8.319918968899999e+01,
    4.240875493600000e+01
  ],
  ""type"": ""Point""
}","{
  ""coordinates"": [
    -83.199189689,
    42.408754936
  ],
  ""type"": ""Point""
}",-83.199189689,42.408754936
13266,1061485,ST ANTIONE,CANFIELD,2017-06-19,19,6,2017,17,2,4,9,,4,0,,1,1,1,30,2,2,2,5,0,0,0,0,true,,false,false,false,false,false,,,,,,false,false,false,,,false,false,false,false,false,-83.05421,42.35555,"{
  ""coordinates"": [
    -8.305421459500000e+01,
    4.235555268600010e+01
  ],
  ""type"": ""Point""
}","{
  ""coordinates"": [
    -83.054214595,
    42.355552686
  ],
  ""type"": ""Point""
}",-83.054214595,42.3555526860001
13267,1062458,APPOLINE,PICKFORD,2017-06-19,19,6,2017,14,2,4,9,,,0,,1,2,1,25,2,2,3,2,0,1,0,0,false,,false,false,false,false,false,,,,,,false,false,true,,,false,false,false,false,false,-83.17163,42.42582,"{
  ""coordinates"": [
    -8.317163437600000e+01,
    4.242582014700000e+01
  ],
  ""type"": ""Point""
}","{
  ""coordinates"": [
    -83.171634376,
    42.425820147
  ],
  ""type"": ""Point""
}",-83.171634376,42.425820147
13268,1061473,GREENFIELD,ORANGELAWN,2017-06-19,19,6,2017,19,2,4,9,,2,0,,1,1,1,35,4,2,2,5,0,0,0,0,true,,false,false,true,false,false,,,,,,false,false,false,,,false,false,false,false,false,-83.19736,42.3678,"{
  ""coordinates"": [
    -8.319735784300001e+01,
    4.236779683100010e+01
  ],
  ""type"": ""Point""
}","{
  ""coordinates"": [
    -83.197357843,
    42.367796831
  ],
  ""type"": ""Point""
}",-83.197357843,42.3677968310001
13269,1062424,RAMP 216D,E I 94,2017-06-19,19,6,2017,18,2,8,1,,1,0,,1,1,1,55,2,2,1,4,0,0,0,1,false,,false,false,false,false,false,,,,,,false,false,false,,,false,false,false,false,false,-83.05775,42.36856,"{
  ""coordinates"": [
    -8.305775305500001e+01,
    4.236856499700010e+01
  ],
  ""type"": ""Point""
}","{
  ""coordinates"": [
    -83.057753055,
    42.368564997
  ],
  ""type"": ""Point""
}",-83.057753055,42.3685649970001
13270,1061463,I-75,MCNICHOLS,2017-06-19,19,6,2017,18,2,8,1,,1,0,,1,2,1,70,3,2,2,5,0,0,0,0,true,,false,false,false,false,false,,,,,,false,false,false,,,false,false,false,false,false,-83.08663,42.41687,"{
  ""coordinates"": [
    -8.308662818300000e+01,
    4.241686651100010e+01
  ],
  ""type"": ""Point""
}","{
  ""coordinates"": [
    -83.086628183,
    42.416866511
  ],
  ""type"": ""Point""
}",-83.086628183,42.4168665110001
13271,1061483,N I 75,MACK,2017-06-19,19,6,2017,11,2,8,1,,1,0,,1,2,1,35,2,2,1,5,0,0,0,0,true,,false,false,true,false,false,,,,,,false,false,false,,,false,false,false,false,false,-83.04774,42.35111,"{
  ""coordinates"": [
    -8.304774078600001e+01,
    4.235110709300010e+01
  ],
  ""type"": ""Point""
}","{
  ""coordinates"": [
    -83.047740786,
    42.351107093
  ],
  ""type"": ""Point""
}",-83.047740786,42.3511070930001
13272,1063467,LIVERNOIS,PURITAN,2017-06-19,19,6,2017,16,2,5,9,,4,0,,1,2,1,30,3,2,2,5,0,0,0,0,true,,false,false,false,false,false,,,,,,false,false,false,,,false,false,false,false,false,-83.14045,42.41046,"{
  ""coordinates"": [
    -8.314044640700000e+01,
    4.241046266600010e+01
  ],
  ""type"": ""Point""
}","{
  ""coordinates"": [
    -83.140446407,
    42.410462666
  ],
  ""type"": ""Point""
}",-83.140446407,42.4104626660001
13273,1075516,OUTER,TIREMAN,2017-06-19,19,6,2017,20,2,5,9,,2,0,,1,1,1,35,6,2,1,5,0,0,0,0,true,,false,false,false,false,false,,,,,,false,false,true,,,false,false,false,false,false,-83.25506,42.35251,"{
  ""coordinates"": [
    -8.325505761600000e+01,
    4.235251392500000e+01
  ],
  ""type"": ""Point""
}","{
  ""coordinates"": [
    -83.255057616,
    42.352513925
  ],
  ""type"": ""Point""
}",-83.255057616,42.352513925
13274,1065904,I-75,SCHAEFER,2017-06-19,19,6,2017,11,2,1,1,,1,1,,1,2,1,70,1,1,2,5,0,0,0,0,true,,false,false,false,false,false,,,,,,false,false,false,,,false,false,false,false,false,-83.15808,42.27656,"{
  ""coordinates"": [
    -8.315808226900000e+01,
    4.227655652500000e+01
  ],
  ""type"": ""Point""
}","{
  ""coordinates"": [
    -83.158082269,
    42.276556525
  ],
  ""type"": ""Point""
}",-83.158082269,42.276556525
13275,1077640,COYLE,GROVE,2017-06-19,19,6,2017,11,2,8,9,,,0,,1,1,1,25,2,2,1,5,0,0,0,0,true,,false,false,false,false,false,,,,,,false,false,false,,,false,false,false,false,false,-83.19437,42.41429,"{
  ""coordinates"": [
    -8.319436392400000e+01,
    4.241429250900010e+01
  ],
  ""type"": ""Point""
}","{
  ""coordinates"": [
    -83.194363924,
    42.414292509
  ],
  ""type"": ""Point""
}",-83.194363924,42.4142925090001
13276,1061477,N M 10,MILWAUKEE,2017-06-19,19,6,2017,0,2,4,3,,1,0,,1,1,4,25,3,2,2,5,0,0,0,0,true,,true,true,false,false,false,,,,,,false,false,true,,,false,false,false,false,false,-83.08092,42.36603,"{
  ""coordinates"": [
    -8.308092130599989e+01,
    4.236602635400000e+01
  ],
  ""type"": ""Point""
}","{
  ""coordinates"": [
    -83.080921306,
    42.366026354
  ],
  ""type"": ""Point""
}",-83.0809213059999,42.366026354
13277,1061491,DRAGOON,CADET,2017-06-19,19,6,2017,19,2,4,9,,4,0,,1,1,1,25,2,2,2,5,0,0,0,0,true,,false,false,false,false,false,,,,,,false,false,false,,,false,false,false,false,false,-83.10736,42.31421,"{
  ""coordinates"": [
    -8.310735783299999e+01,
    4.231421189400000e+01
  ],
  ""type"": ""Point""
}","{
  ""coordinates"": [
    -83.107357833,
    42.314211894
  ],
  ""type"": ""Point""
}",-83.107357833,42.314211894
13278,1062445,KELLY,SEYMOUR,2017-06-19,19,6,2017,18,2,4,9,,4,0,,1,1,1,25,2,2,2,4,0,0,0,1,false,,true,true,false,false,false,,,,,,false,false,false,,,false,false,false,false,false,-82.95894,42.42682,"{
  ""coordinates"": [
    -8.295893903299999e+01,
    4.242682278000010e+01
  ],
  ""type"": ""Point""
}","{
  ""coordinates"": [
    -82.958939033,
    42.42682278
  ],
  ""type"": ""Point""
}",-82.958939033,42.4268227800001
13279,1061526,DAVISON,ROSA PARKS,2017-06-19,19,6,2017,20,2,5,3,,1,0,,2,1,1,35,3,2,1,5,0,0,0,0,true,,false,false,true,false,false,,,,,,false,false,false,,,false,false,false,false,false,-83.11337,42.39624,"{
  ""coordinates"": [
    -8.311336496000000e+01,
    4.239624090100010e+01
  ],
  ""type"": ""Point""
}","{
  ""coordinates"": [
    -83.11336496,
    42.396240901
  ],
  ""type"": ""Point""
}",-83.11336496,42.3962409010001
13280,1061500,WINTHROP,ELLIS,2017-06-19,19,6,2017,10,2,97,9,,,0,,1,2,1,25,2,3,2,5,0,0,0,0,true,,false,false,false,false,false,,,,,,false,false,false,,,false,false,false,false,false,-83.19815,42.36064,"{
  ""coordinates"": [
    -8.319814764300000e+01,
    4.236064208100000e+01
  ],
  ""type"": ""Point""
}","{
  ""coordinates"": [
    -83.198147643,
    42.360642081
  ],
  ""type"": ""Point""
}",-83.198147643,42.360642081
13281,1061496,LAWNDALE,LAFAYETTE,2017-06-19,19,6,2017,15,2,97,9,,4,0,,2,4,5,25,2,2,1,5,0,0,0,0,true,,false,false,false,false,false,,,,,,false,false,false,,,false,false,false,false,false,-83.12663,42.30064,"{
  ""coordinates"": [
    -8.312662797099991e+01,
    4.230064356400000e+01
  ],
  ""type"": ""Point""
}","{
  ""coordinates"": [
    -83.126627971,
    42.300643564
  ],
  ""type"": ""Point""
}",-83.1266279709999,42.300643564
13282,1087743,N I 75,RAMP 035A,2017-06-19,19,6,2017,15,2,8,1,,1,0,,2,4,1,55,4,2,1,4,0,0,0,1,false,,false,false,true,false,false,,,,,,false,false,false,,,false,false,false,false,false,-83.08315,42.31748,"{
  ""coordinates"": [
    -8.308315023300000e+01,
    4.231747738600010e+01
  ],
  ""type"": ""Point""
}","{
  ""coordinates"": [
    -83.083150233,
    42.317477386
  ],
  ""type"": ""Point""
}",-83.083150233,42.3174773860001
13283,1065912,I-96,MLK,2017-06-19,19,6,2017,12,2,5,1,,1,0,,1,1,1,55,5,2,4,4,0,0,0,2,false,,false,false,false,false,false,,,,,,false,false,true,,,false,false,false,false,false,-83.09364,42.34089,"{
  ""coordinates"": [
    -8.309363764900000e+01,
    4.234088400300000e+01
  ],
  ""type"": ""Point""
}","{
  ""coordinates"": [
    -83.093637649,
    42.340884003
  ],
  ""type"": ""Point""
}",-83.093637649,42.340884003
13284,1061523,8 MILE,SCHOENHERR,2017-06-19,19,6,2017,2,2,4,3,,1,0,,1,1,4,40,4,2,3,3,0,0,1,1,false,,true,true,true,false,false,,,,,,false,false,false,,,false,false,false,false,false,-82.98566,42.44929,"{
  ""coordinates"": [
    -8.298565397999990e+01,
    4.244928674100000e+01
  ],
  ""type"": ""Point""
}","{
  ""coordinates"": [
    -82.98565398,
    42.449286741
  ],
  ""type"": ""Point""
}",-82.9856539799999,42.449286741