ObjectId,Crash ID,Primary Road,Intersecting Road,Crash Date,Day,Month,Year,Hour,Weekday,Crash Type Code,Highway Classification Code,Community Code,Jurisdiction Code,Lane Departure Type Code,Surface Type,Road Condition,Weather Condition,Lighting Condition,Speed Limit,Lanes,Units,Occupants,Most Severe Injury,Fatal Injuries,Suspected Serious Injuries,Suspected Minor Injuries,Possible Injuries,Property Damage Only,Secondary Crash,Traffic Control,Red Light Run,Hit and Run,Alcohol,Drugs,Unbelted Person,Work Zone,Speeding Driver,Distracted Driver,Driveway,Pedestrian,Elderly Driver,Young Driver,Commercial Vehicle,Emergency Vehicles,Train,School Bus,Motorcycle,Bicycle,Deer,Longitude,Latitude,geom,geog,x,y
13342,1062377,W/B I-96,N/B I-75,2017-06-18,18,6,2017,12,1,8,1,,1,0,,2,4,1,55,2,2,2,4,0,0,0,1,false,,false,false,false,false,false,,,,,,false,true,false,,,false,false,false,false,false,-83.08231,42.32132,"{
  ""coordinates"": [
    -8.308231325199991e+01,
    4.232132230800000e+01
  ],
  ""type"": ""Point""
}","{
  ""coordinates"": [
    -83.082313252,
    42.321322308
  ],
  ""type"": ""Point""
}",-83.0823132519999,42.321322308
13343,1061522,CHALMERS,EVANSTON,2017-06-18,18,6,2017,15,1,8,9,,4,0,,1,1,1,30,2,2,1,4,0,0,0,1,false,,false,false,true,false,false,,,,,,false,false,false,,,false,false,false,false,false,-82.96501,42.40547,"{
  ""coordinates"": [
    -8.296500883700000e+01,
    4.240546815800010e+01
  ],
  ""type"": ""Point""
}","{
  ""coordinates"": [
    -82.965008837,
    42.405468158
  ],
  ""type"": ""Point""
}",-82.965008837,42.4054681580001
13344,1061494,CASS,MONTCALM,2017-06-18,18,6,2017,1,1,8,9,,4,0,,1,1,4,30,2,2,6,5,0,0,0,0,true,,false,false,false,false,false,,,,,,false,false,false,,,false,false,false,false,false,-83.05615,42.33756,"{
  ""coordinates"": [
    -8.305615581500000e+01,
    4.233756168000010e+01
  ],
  ""type"": ""Point""
}","{
  ""coordinates"": [
    -83.056155815,
    42.33756168
  ],
  ""type"": ""Point""
}",-83.056155815,42.3375616800001
13345,1111507,OUTER,BLACKSTONE,2017-06-18,18,6,2017,23,1,4,9,,2,0,,98,1,98,35,3,2,1,4,0,0,0,1,false,,false,false,false,false,false,,,,,,false,false,false,,,false,false,false,false,false,-83.24921,42.39769,"{
  ""coordinates"": [
    -8.324920346899999e+01,
    4.239768975000000e+01
  ],
  ""type"": ""Point""
}","{
  ""coordinates"": [
    -83.249203469,
    42.39768975
  ],
  ""type"": ""Point""
}",-83.249203469,42.39768975
13346,1060605,MOUNT ELLIOTT,DAVISON,2017-06-18,18,6,2017,16,1,3,9,,4,0,,1,1,1,35,2,2,4,5,0,0,0,0,true,,false,false,false,false,false,,,,,,false,false,true,,,false,false,false,false,false,-83.03851,42.42347,"{
  ""coordinates"": [
    -8.303851021400000e+01,
    4.242347278600000e+01
  ],
  ""type"": ""Point""
}","{
  ""coordinates"": [
    -83.038510214,
    42.423472786
  ],
  ""type"": ""Point""
}",-83.038510214,42.423472786
13347,1078710,WARREN,JOHN R,2017-06-18,18,6,2017,15,1,3,9,,4,0,,1,1,1,30,4,2,3,5,0,0,0,0,true,,false,false,false,false,false,,,,,,false,false,false,,,false,false,false,false,false,-83.06208,42.3576,"{
  ""coordinates"": [
    -8.306208310999990e+01,
    4.235759727800010e+01
  ],
  ""type"": ""Point""
}","{
  ""coordinates"": [
    -83.06208311,
    42.357597278
  ],
  ""type"": ""Point""
}",-83.0620831099999,42.3575972780001
13348,1060582,GARTNER,MULLANE,2017-06-18,18,6,2017,10,1,9,9,,,2,,1,1,1,25,1,3,1,5,0,0,0,0,true,,false,false,false,false,false,,,,,,false,false,true,,,false,false,false,false,false,-83.12788,42.30775,"{
  ""coordinates"": [
    -8.312787935800000e+01,
    4.230774685200000e+01
  ],
  ""type"": ""Point""
}","{
  ""coordinates"": [
    -83.127879358,
    42.307746852
  ],
  ""type"": ""Point""
}",-83.127879358,42.307746852
13349,1062371,W I 96,WYOMING,2017-06-18,18,6,2017,12,1,1,1,,1,1,,2,4,1,70,4,1,2,4,0,0,0,2,false,,false,false,false,false,false,,,,,,false,false,true,,,false,false,false,false,false,-83.15827,42.38543,"{
  ""coordinates"": [
    -8.315827053800000e+01,
    4.238542526300010e+01
  ],
  ""type"": ""Point""
}","{
  ""coordinates"": [
    -83.158270538,
    42.385425263
  ],
  ""type"": ""Point""
}",-83.158270538,42.3854252630001
13350,1062423,I 94 W/B,TRUMBLE,2017-06-18,18,6,2017,16,1,5,1,,1,0,,1,1,1,70,3,2,1,4,0,0,0,1,false,,false,false,false,false,false,,,,,,false,false,false,,,false,false,false,false,false,-83.08265,42.35548,"{
  ""coordinates"": [
    -8.308264806699999e+01,
    4.235547628300000e+01
  ],
  ""type"": ""Point""
}","{
  ""coordinates"": [
    -83.082648067,
    42.355476283
  ],
  ""type"": ""Point""
}",-83.082648067,42.355476283
13351,1062462,GREENFIELD,S M 10,2017-06-18,18,6,2017,2,1,5,7,,1,0,,1,1,4,30,4,2,1,5,0,0,0,0,true,,false,false,true,false,false,,,,,,false,false,true,,,false,false,false,false,false,-83.20038,42.44232,"{
  ""coordinates"": [
    -8.320037999999990e+01,
    4.244232011900000e+01
  ],
  ""type"": ""Point""
}","{
  ""coordinates"": [
    -83.20038,
    42.442320119
  ],
  ""type"": ""Point""
}",-83.2003799999999,42.442320119
13352,1060527,N M 39,RAMP 008M,2017-06-18,18,6,2017,4,1,1,3,,1,1,,1,2,4,45,1,1,1,5,0,0,0,0,true,,false,false,false,false,false,,,,,,false,false,true,,,false,false,false,false,false,-83.21694,42.37893,"{
  ""coordinates"": [
    -8.321694301299991e+01,
    4.237893069400010e+01
  ],
  ""type"": ""Point""
}","{
  ""coordinates"": [
    -83.216943013,
    42.378930694
  ],
  ""type"": ""Point""
}",-83.2169430129999,42.3789306940001
13353,1060584,FORT,MIAMI,2017-06-18,18,6,2017,19,1,9,3,,1,2,,1,1,1,0,3,2,1,5,0,0,0,0,true,,false,false,true,false,false,,,,,,false,false,false,,,false,false,false,false,false,-83.15676,42.27425,"{
  ""coordinates"": [
    -8.315676316500000e+01,
    4.227425109700000e+01
  ],
  ""type"": ""Point""
}","{
  ""coordinates"": [
    -83.156763165,
    42.274251097
  ],
  ""type"": ""Point""
}",-83.156763165,42.274251097
13354,1069870,LENOX,LINVILLE,2017-06-18,18,6,2017,18,1,97,9,,,0,,1,1,1,25,2,2,1,5,0,0,0,0,true,,false,false,false,false,false,,,,,,false,false,false,,,false,false,false,false,false,-82.97044,42.39941,"{
  ""coordinates"": [
    -8.297043340300000e+01,
    4.239941082900000e+01
  ],
  ""type"": ""Point""
}","{
  ""coordinates"": [
    -82.970433403,
    42.399410829
  ],
  ""type"": ""Point""
}",-82.970433403,42.399410829
13355,1061474,GREENFIELD,WESTFIELD,2017-06-18,18,6,2017,0,1,5,9,,2,0,,1,1,5,35,4,2,3,4,0,0,0,1,false,,false,false,true,false,false,,,,,,false,false,false,,,false,false,false,false,false,-83.19721,42.36309,"{
  ""coordinates"": [
    -8.319720951700000e+01,
    4.236308760100010e+01
  ],
  ""type"": ""Point""
}","{
  ""coordinates"": [
    -83.197209517,
    42.363087601
  ],
  ""type"": ""Point""
}",-83.197209517,42.3630876010001
13356,1062352,N/B I-75,W/B 96,2017-06-18,18,6,2017,14,1,8,1,,1,0,,2,1,1,55,2,2,1,5,0,0,0,0,true,,false,false,true,false,false,,,,,,false,false,false,,,false,false,false,false,false,-83.08189,42.32129,"{
  ""coordinates"": [
    -8.308189252499990e+01,
    4.232129265300010e+01
  ],
  ""type"": ""Point""
}","{
  ""coordinates"": [
    -83.081892525,
    42.321292653
  ],
  ""type"": ""Point""
}",-83.0818925249999,42.3212926530001
13357,1061476,PREST,PLYMOUTH,2017-06-18,18,6,2017,23,1,10,9,,,0,,1,1,4,25,1,2,1,5,0,0,0,0,true,,false,false,false,false,false,,,,,,false,false,false,,,false,false,false,false,false,-83.19639,42.37122,"{
  ""coordinates"": [
    -8.319638973699990e+01,
    4.237121865700000e+01
  ],
  ""type"": ""Point""
}","{
  ""coordinates"": [
    -83.196389737,
    42.371218657
  ],
  ""type"": ""Point""
}",-83.1963897369999,42.371218657
13358,1211133,EVERGREEN,CHICAGO,2017-06-18,18,6,2017,11,1,4,9,,4,0,,1,1,1,25,4,2,5,3,0,0,1,0,false,,false,false,false,false,false,,,,,,false,false,false,,,false,false,false,false,false,-83.23604,42.36471,"{
  ""coordinates"": [
    -8.323603463900000e+01,
    4.236471061200010e+01
  ],
  ""type"": ""Point""
}","{
  ""coordinates"": [
    -83.236034639,
    42.364710612
  ],
  ""type"": ""Point""
}",-83.236034639,42.3647106120001
13359,1073975,8MILE,WOODWARD,2017-06-18,18,6,2017,20,1,5,3,,1,0,,1,1,1,40,4,2,1,5,0,0,0,0,true,,false,false,true,false,false,,,,,,false,false,false,,,false,false,false,false,false,-83.12502,42.44651,"{
  ""coordinates"": [
    -8.312502419600000e+01,
    4.244650882400000e+01
  ],
  ""type"": ""Point""
}","{
  ""coordinates"": [
    -83.125024196,
    42.446508824
  ],
  ""type"": ""Point""
}",-83.125024196,42.446508824
13360,1062356,E I 96,CSX TRANSPORTATION,2017-06-18,18,6,2017,6,1,1,1,,1,1,,1,1,2,55,3,1,1,5,0,0,0,0,true,,false,false,false,false,false,,,,,,false,true,false,,,false,false,false,false,false,-83.19336,42.3791,"{
  ""coordinates"": [
    -8.319336061599989e+01,
    4.237909876800010e+01
  ],
  ""type"": ""Point""
}","{
  ""coordinates"": [
    -83.193360616,
    42.379098768
  ],
  ""type"": ""Point""
}",-83.1933606159999,42.3790987680001
13361,1061513,FRONTENAC,MEDBERRY,2017-06-18,18,6,2017,22,1,4,9,,4,0,,1,1,1,25,2,2,1,5,0,0,0,0,true,,false,false,true,false,false,,,,,,false,true,false,,,false,false,false,false,false,-83.02356,42.3807,"{
  ""coordinates"": [
    -8.302355965700001e+01,
    4.238070304400000e+01
  ],
  ""type"": ""Point""
}","{
  ""coordinates"": [
    -83.023559657,
    42.380703044
  ],
  ""type"": ""Point""
}",-83.023559657,42.380703044
13362,1073301,BURNS,MACK,2017-06-18,18,6,2017,18,1,4,9,,,3,,1,1,1,25,2,2,1,5,0,0,0,0,true,,false,false,false,false,false,,,,,,false,false,true,,,false,false,false,false,false,-83.00035,42.36906,"{
  ""coordinates"": [
    -8.300035128499999e+01,
    4.236906369700010e+01
  ],
  ""type"": ""Point""
}","{
  ""coordinates"": [
    -83.000351285,
    42.369063697
  ],
  ""type"": ""Point""
}",-83.000351285,42.3690636970001
13363,1061525,WOODROW WILSON,EUCLID,2017-06-18,18,6,2017,20,1,4,9,,,0,,1,1,1,25,4,2,4,3,0,0,1,1,false,,true,false,false,false,false,,,,,,false,false,false,,,false,false,false,false,false,-83.0927,42.37168,"{
  ""coordinates"": [
    -8.309270061300001e+01,
    4.237167963300000e+01
  ],
  ""type"": ""Point""
}","{
  ""coordinates"": [
    -83.092700613,
    42.371679633
  ],
  ""type"": ""Point""
}",-83.092700613,42.371679633
13364,1060606,7 MILE,HAYES,2017-06-18,18,6,2017,15,1,97,9,,2,0,,1,1,1,35,4,3,2,4,0,0,0,1,false,,false,false,true,false,false,,,,,,false,false,false,,,false,false,false,false,false,-82.96547,42.43543,"{
  ""coordinates"": [
    -8.296546658800000e+01,
    4.243542984100000e+01
  ],
  ""type"": ""Point""
}","{
  ""coordinates"": [
    -82.965466588,
    42.435429841
  ],
  ""type"": ""Point""
}",-82.965466588,42.435429841
13365,1073317,WYOMING,CURTIS,2017-06-18,18,6,2017,9,1,8,9,,4,0,,1,2,1,35,2,2,2,5,0,0,0,0,true,,false,false,false,false,false,,,,,,false,true,false,,,false,false,false,false,false,-83.16071,42.42391,"{
  ""coordinates"": [
    -8.316070460600000e+01,
    4.242390804000010e+01
  ],
  ""type"": ""Point""
}","{
  ""coordinates"": [
    -83.160704606,
    42.42390804
  ],
  ""type"": ""Point""
}",-83.160704606,42.4239080400001
13366,1111567,LODGE,ELMHURST,2017-06-18,18,6,2017,22,1,1,9,,,1,,1,1,5,35,1,1,0,5,0,0,0,0,true,,false,false,false,false,false,,,,,,false,false,false,,,false,false,false,false,false,-83.10358,42.38931,"{
  ""coordinates"": [
    -8.310358315799991e+01,
    4.238931396000000e+01
  ],
  ""type"": ""Point""
}","{
  ""coordinates"": [
    -83.103583158,
    42.38931396
  ],
  ""type"": ""Point""
}",-83.1035831579999,42.38931396
13367,1061506,CHALMERS,OUTER,2017-06-18,18,6,2017,2,1,97,9,,4,0,,1,1,3,35,2,2,4,5,0,0,0,0,true,,false,false,false,false,false,,,,,,false,false,false,,,false,false,false,false,false,-82.97105,42.41494,"{
  ""coordinates"": [
    -8.297105100499989e+01,
    4.241493696000000e+01
  ],
  ""type"": ""Point""
}","{
  ""coordinates"": [
    -82.971051005,
    42.41493696
  ],
  ""type"": ""Point""
}",-82.9710510049999,42.41493696
13368,1062408,JOY,OAKMAN,2017-06-18,18,6,2017,18,1,1,9,,4,0,,1,1,1,35,2,1,1,2,0,1,0,0,false,,false,false,false,false,false,,,,,,false,false,false,,,false,false,false,false,false,-83.16045,42.35882,"{
  ""coordinates"": [
    -8.316045689100000e+01,
    4.235881874300000e+01
  ],
  ""type"": ""Point""
}","{
  ""coordinates"": [
    -83.160456891,
    42.358818743
  ],
  ""type"": ""Point""
}",-83.160456891,42.358818743
13369,1059480,SAINT ANTOINE,LAFAYETTE,2017-06-18,18,6,2017,2,1,8,9,,4,0,,1,1,4,25,4,2,3,3,0,0,3,0,false,,false,false,true,false,false,,,,,,false,false,true,,,false,false,false,false,false,-83.04042,42.33479,"{
  ""coordinates"": [
    -8.304042170500000e+01,
    4.233478861900010e+01
  ],
  ""type"": ""Point""
}","{
  ""coordinates"": [
    -83.040421705,
    42.334788619
  ],
  ""type"": ""Point""
}",-83.040421705,42.3347886190001
13370,1059572,7 MILE,S M 10,2017-06-17,17,6,2017,3,7,4,9,,2,0,,1,1,4,0,4,2,1,3,0,0,1,0,false,,false,false,false,false,false,,,,,,false,false,false,,,false,false,false,false,false,-83.18705,42.43083,"{
  ""coordinates"": [
    -8.318704765500000e+01,
    4.243083308800000e+01
  ],
  ""type"": ""Point""
}","{
  ""coordinates"": [
    -83.187047655,
    42.430833088
  ],
  ""type"": ""Point""
}",-83.187047655,42.430833088
13371,1063439,FORT,REISENER,2017-06-17,17,6,2017,11,7,5,3,,1,0,,1,1,1,35,5,2,1,5,0,0,0,0,true,,false,false,false,false,false,,,,,,false,false,false,,,false,false,false,false,false,-83.14088,42.29192,"{
  ""coordinates"": [
    -8.314087666499999e+01,
    4.229191542900000e+01
  ],
  ""type"": ""Point""
}","{
  ""coordinates"": [
    -83.140876665,
    42.291915429
  ],
  ""type"": ""Point""
}",-83.140876665,42.291915429
13372,1059504,BENSON,ELLERY,2017-06-17,17,6,2017,12,7,4,9,,,0,,1,1,1,0,4,2,3,4,0,0,0,1,false,,false,false,false,false,false,,,,,,false,false,true,,,false,false,false,false,false,-83.02223,42.35754,"{
  ""coordinates"": [
    -8.302223573099999e+01,
    4.235753582100010e+01
  ],
  ""type"": ""Point""
}","{
  ""coordinates"": [
    -83.022235731,
    42.357535821
  ],
  ""type"": ""Point""
}",-83.022235731,42.3575358210001
13373,1059518,PEMBROKE,GREENFIELD,2017-06-17,17,6,2017,18,7,4,9,,4,0,,1,1,1,35,4,2,1,5,0,0,0,0,true,,true,true,false,false,false,,,,,,false,false,true,,,false,false,false,false,false,-83.2001,42.43763,"{
  ""coordinates"": [
    -8.320009507899989e+01,
    4.243763135600010e+01
  ],
  ""type"": ""Point""
}","{
  ""coordinates"": [
    -83.200095079,
    42.437631356
  ],
  ""type"": ""Point""
}",-83.2000950789999,42.4376313560001
13374,1062391,S/B M-39,JOY,2017-06-17,17,6,2017,16,7,5,3,,1,0,,2,2,1,55,3,2,4,4,0,0,0,4,false,,false,false,false,false,false,,,,,,false,false,true,,,false,false,false,false,false,-83.2165,42.35568,"{
  ""coordinates"": [
    -8.321649610400000e+01,
    4.235567696200010e+01
  ],
  ""type"": ""Point""
}","{
  ""coordinates"": [
    -83.216496104,
    42.355676962
  ],
  ""type"": ""Point""
}",-83.216496104,42.3556769620001
13375,1059444,MCNICHOLS,STANSBURY,2017-06-17,17,6,2017,2,7,8,9,,2,0,,1,1,1,30,4,3,1,5,0,0,0,0,true,,false,false,false,false,false,,,,,,false,false,true,,,false,false,false,false,false,-83.18316,42.41656,"{
  ""coordinates"": [
    -8.318315819100000e+01,
    4.241655740200010e+01
  ],
  ""type"": ""Point""
}","{
  ""coordinates"": [
    -83.183158191,
    42.416557402
  ],
  ""type"": ""Point""
}",-83.183158191,42.4165574020001
13376,1062406,JEFFERSON,BATES,2017-06-17,17,6,2017,19,7,97,3,,1,0,,1,1,1,35,3,2,3,5,0,0,0,0,true,,false,false,false,false,false,,,,,,false,false,false,,,false,false,false,false,false,-83.04344,42.32895,"{
  ""coordinates"": [
    -8.304344260600000e+01,
    4.232894587500000e+01
  ],
  ""type"": ""Point""
}","{
  ""coordinates"": [
    -83.043442606,
    42.328945875
  ],
  ""type"": ""Point""
}",-83.043442606,42.328945875
13377,1062374,M 39,GRAND,2017-06-17,17,6,2017,6,7,1,3,,1,1,,1,1,1,55,3,1,1,5,0,0,0,0,true,,false,false,false,false,false,,,,,,false,false,false,,,false,false,false,false,false,-83.21838,42.40157,"{
  ""coordinates"": [
    -8.321837347099989e+01,
    4.240157407300010e+01
  ],
  ""type"": ""Point""
}","{
  ""coordinates"": [
    -83.218373471,
    42.401574073
  ],
  ""type"": ""Point""
}",-83.2183734709999,42.4015740730001
13378,1060595,METTETAL,FULLERTON,2017-06-17,17,6,2017,12,7,97,9,,,0,,1,2,1,25,1,2,3,5,0,0,0,0,true,,false,false,false,false,false,,,,,,false,true,false,,,false,false,false,false,false,-83.20627,42.37992,"{
  ""coordinates"": [
    -8.320627012200001e+01,
    4.237992315300000e+01
  ],
  ""type"": ""Point""
}","{
  ""coordinates"": [
    -83.206270122,
    42.379923153
  ],
  ""type"": ""Point""
}",-83.206270122,42.379923153
13379,1071858,RAMP 012A,N M 39,2017-06-17,17,6,2017,11,7,5,3,,1,0,,1,2,1,55,3,2,2,5,0,0,0,0,true,,false,false,false,false,false,,,,,,false,false,true,,,false,false,false,false,false,-83.21956,42.44071,"{
  ""coordinates"": [
    -8.321955548299999e+01,
    4.244070979600010e+01
  ],
  ""type"": ""Point""
}","{
  ""coordinates"": [
    -83.219555483,
    42.440709796
  ],
  ""type"": ""Point""
}",-83.219555483,42.4407097960001
13380,1059515,PATTON,8 MILE,2017-06-17,17,6,2017,11,7,4,3,,,0,,1,2,1,25,2,2,2,5,0,0,0,0,true,,false,false,false,false,false,,,,,,false,false,false,,,false,false,false,false,false,-83.24545,42.44339,"{
  ""coordinates"": [
    -8.324545042100000e+01,
    4.244339357200000e+01
  ],
  ""type"": ""Point""
}","{
  ""coordinates"": [
    -83.245450421,
    42.443393572
  ],
  ""type"": ""Point""
}",-83.245450421,42.443393572
13381,1060602,GRAND RIVER,GRAND,2017-06-17,17,6,2017,23,7,97,3,,1,0,,1,1,3,0,4,3,2,4,0,0,0,1,false,,false,false,true,false,false,,,,,,false,false,true,,,false,false,false,false,false,-83.2654,42.41961,"{
  ""coordinates"": [
    -8.326540117899999e+01,
    4.241961093800010e+01
  ],
  ""type"": ""Point""
}","{
  ""coordinates"": [
    -83.265401179,
    42.419610938
  ],
  ""type"": ""Point""
}",-83.265401179,42.4196109380001
13382,1276347,GILBERT,OTIS,2017-06-17,17,6,2017,1,7,9,9,,,2,,1,1,4,25,1,2,0,5,0,0,0,0,true,,false,false,true,false,false,,,,,,false,false,false,,,false,false,false,false,false,-83.11808,42.32564,"{
  ""coordinates"": [
    -8.311808153299999e+01,
    4.232564321800000e+01
  ],
  ""type"": ""Point""
}","{
  ""coordinates"": [
    -83.118081533,
    42.325643218
  ],
  ""type"": ""Point""
}",-83.118081533,42.325643218
13383,1059479,VISGER,ETHEL,2017-06-17,17,6,2017,19,7,3,9,,4,0,,1,1,1,25,2,2,4,3,0,0,1,0,false,,false,false,false,false,false,,,,,,false,false,false,,,false,false,false,false,false,-83.15437,42.26503,"{
  ""coordinates"": [
    -8.315437519400000e+01,
    4.226503463300000e+01
  ],
  ""type"": ""Point""
}","{
  ""coordinates"": [
    -83.154375194,
    42.265034633
  ],
  ""type"": ""Point""
}",-83.154375194,42.265034633
13384,1060610,VAN DYKE,TRAVERSE,2017-06-17,17,6,2017,20,7,97,3,,1,0,,1,1,3,35,5,3,4,4,0,0,0,2,false,,false,false,true,false,false,,,,,,false,true,false,,,false,false,false,false,false,-83.02295,42.39977,"{
  ""coordinates"": [
    -8.302294912399999e+01,
    4.239976513900010e+01
  ],
  ""type"": ""Point""
}","{
  ""coordinates"": [
    -83.022949124,
    42.399765139
  ],
  ""type"": ""Point""
}",-83.022949124,42.3997651390001
13385,1073341,HUBBELL,8 MILE,2017-06-17,17,6,2017,15,7,4,3,,4,0,,1,1,1,25,1,2,2,4,0,0,0,1,false,,false,false,false,false,false,,,,,,false,true,false,,,false,false,true,false,false,-83.19071,42.44481,"{
  ""coordinates"": [
    -8.319071207699990e+01,
    4.244480353300000e+01
  ],
  ""type"": ""Point""
}","{
  ""coordinates"": [
    -83.190712077,
    42.444803533
  ],
  ""type"": ""Point""
}",-83.1907120769999,42.444803533
13386,1062359,M 39,PAUL,2017-06-17,17,6,2017,15,7,97,3,,1,0,,1,1,1,55,3,2,5,5,0,0,0,0,true,,false,false,false,false,false,,,,,,false,false,true,,,false,false,false,false,false,-83.21595,42.33641,"{
  ""coordinates"": [
    -8.321595191300000e+01,
    4.233640913100000e+01
  ],
  ""type"": ""Point""
}","{
  ""coordinates"": [
    -83.215951913,
    42.336409131
  ],
  ""type"": ""Point""
}",-83.215951913,42.336409131
13387,1062376,M-39,PURITAN,2017-06-17,17,6,2017,17,7,5,3,,1,0,,2,2,1,55,3,2,2,5,0,0,0,0,true,,false,false,false,false,false,,,,,,false,false,true,,,false,false,false,false,false,-83.21854,42.40847,"{
  ""coordinates"": [
    -8.321853502999990e+01,
    4.240846838800010e+01
  ],
  ""type"": ""Point""
}","{
  ""coordinates"": [
    -83.21853503,
    42.408468388
  ],
  ""type"": ""Point""
}",-83.2185350299999,42.4084683880001
13388,1059493,GRANDRIVER,LASHER,2017-06-17,17,6,2017,16,7,4,3,,1,0,,1,1,1,35,8,2,3,5,0,0,0,0,true,,false,false,true,false,false,,,,,,false,false,false,,,false,false,false,false,false,-83.25764,42.4165,"{
  ""coordinates"": [
    -8.325763905500000e+01,
    4.241649551200000e+01
  ],
  ""type"": ""Point""
}","{
  ""coordinates"": [
    -83.257639055,
    42.416495512
  ],
  ""type"": ""Point""
}",-83.257639055,42.416495512
13389,1064591,DEQUINDRE,MCNICHOLS,2017-06-17,17,6,2017,14,7,7,9,,4,0,,1,1,1,30,3,2,1,3,0,0,1,0,false,,false,false,true,false,false,,,,,,false,false,false,,,false,false,true,false,false,-83.08224,42.41844,"{
  ""coordinates"": [
    -8.308224530900000e+01,
    4.241843875500010e+01
  ],
  ""type"": ""Point""
}","{
  ""coordinates"": [
    -83.082245309,
    42.418438755
  ],
  ""type"": ""Point""
}",-83.082245309,42.4184387550001
13390,1059497,OUTER,LYNDON,2017-06-17,17,6,2017,13,7,4,9,,2,0,,1,1,1,35,2,2,6,4,0,0,0,1,false,,true,true,false,false,false,,,,,,false,true,true,,,false,false,false,false,false,-83.25641,42.3928,"{
  ""coordinates"": [
    -8.325640556000000e+01,
    4.239279995000000e+01
  ],
  ""type"": ""Point""
}","{
  ""coordinates"": [
    -83.25640556,
    42.39279995
  ],
  ""type"": ""Point""
}",-83.25640556,42.39279995
13391,1059452,HUBBELL,WADSWORTH,2017-06-17,17,6,2017,17,7,8,9,,4,0,,98,1,1,35,2,2,2,5,0,0,0,0,true,,false,false,false,false,false,,,,,,false,false,true,,,false,false,false,false,false,-83.18784,42.37508,"{
  ""coordinates"": [
    -8.318783827300000e+01,
    4.237508443500010e+01
  ],
  ""type"": ""Point""
}","{
  ""coordinates"": [
    -83.187838273,
    42.375084435
  ],
  ""type"": ""Point""
}",-83.187838273,42.3750844350001
13392,1060575,WOODWARD,HAZELWOOD,2017-06-17,17,6,2017,17,7,8,3,,1,0,,1,1,1,35,5,2,1,5,0,0,0,0,true,,false,false,true,false,false,,,,,,false,false,false,,,false,false,false,false,false,-83.0807,42.38128,"{
  ""coordinates"": [
    -8.308069383199999e+01,
    4.238127662100000e+01
  ],
  ""type"": ""Point""
}","{
  ""coordinates"": [
    -83.080693832,
    42.381276621
  ],
  ""type"": ""Point""
}",-83.080693832,42.381276621
13393,1059494,WARREN,HEYDEN,2017-06-17,17,6,2017,17,7,97,9,,2,0,,1,1,1,35,6,2,4,5,0,0,0,0,true,,false,false,false,false,false,,,,,,false,true,false,,,false,false,false,false,false,-83.23788,42.34309,"{
  ""coordinates"": [
    -8.323788172099999e+01,
    4.234309141800000e+01
  ],
  ""type"": ""Point""
}","{
  ""coordinates"": [
    -83.237881721,
    42.343091418
  ],
  ""type"": ""Point""
}",-83.237881721,42.343091418
13394,1059517,7MILE,BILTMORE,2017-06-17,17,6,2017,12,7,5,9,,2,0,,1,1,1,35,4,2,1,5,0,0,0,0,true,,false,false,true,false,false,,,,,,false,false,false,,,false,false,false,false,false,-83.21167,42.43023,"{
  ""coordinates"": [
    -8.321166706199990e+01,
    4.243023440000010e+01
  ],
  ""type"": ""Point""
}","{
  ""coordinates"": [
    -83.211667062,
    42.4302344
  ],
  ""type"": ""Point""
}",-83.2116670619999,42.4302344000001
13395,1070670,M-39,JOY,2017-06-17,17,6,2017,16,7,5,3,,1,0,,1,2,1,55,3,2,5,2,0,2,0,0,false,,false,false,false,false,false,,,,,,false,true,false,,,false,false,false,false,false,-83.21659,42.35813,"{
  ""coordinates"": [
    -8.321658906300000e+01,
    4.235812705600010e+01
  ],
  ""type"": ""Point""
}","{
  ""coordinates"": [
    -83.216589063,
    42.358127056
  ],
  ""type"": ""Point""
}",-83.216589063,42.3581270560001
13396,1068945,GRATIOT,MADDELEIN,2017-06-17,17,6,2017,19,7,4,3,,1,0,,1,1,1,35,7,2,1,4,0,0,0,1,false,,false,false,true,false,false,,,,,,false,false,false,,,false,false,false,false,false,-82.97735,42.4356,"{
  ""coordinates"": [
    -8.297734857599990e+01,
    4.243560312400010e+01
  ],
  ""type"": ""Point""
}","{
  ""coordinates"": [
    -82.977348576,
    42.435603124
  ],
  ""type"": ""Point""
}",-82.9773485759999,42.4356031240001
13397,1059576,JAMES COUZENS,GREENFIELD,2017-06-17,17,6,2017,17,7,4,3,,1,0,,1,1,1,35,2,2,5,5,0,0,0,0,true,,false,false,false,false,false,,,,,,false,false,false,,,false,false,false,false,false,-83.20029,42.44263,"{
  ""coordinates"": [
    -8.320028441800000e+01,
    4.244263431300000e+01
  ],
  ""type"": ""Point""
}","{
  ""coordinates"": [
    -83.200284418,
    42.442634313
  ],
  ""type"": ""Point""
}",-83.200284418,42.442634313
13398,1062393,I-75,MACK,2017-06-17,17,6,2017,13,7,1,1,,1,0,,1,1,1,55,5,1,1,5,0,0,0,0,true,,false,false,false,false,false,,,,,,false,false,false,,,false,false,false,false,false,-83.05034,42.3545,"{
  ""coordinates"": [
    -8.305033878800000e+01,
    4.235449625100010e+01
  ],
  ""type"": ""Point""
}","{
  ""coordinates"": [
    -83.050338788,
    42.354496251
  ],
  ""type"": ""Point""
}",-83.050338788,42.3544962510001