ObjectId,Crash ID,Primary Road,Intersecting Road,Crash Date,Day,Month,Year,Hour,Weekday,Crash Type Code,Highway Classification Code,Community Code,Jurisdiction Code,Lane Departure Type Code,Surface Type,Road Condition,Weather Condition,Lighting Condition,Speed Limit,Lanes,Units,Occupants,Most Severe Injury,Fatal Injuries,Suspected Serious Injuries,Suspected Minor Injuries,Possible Injuries,Property Damage Only,Secondary Crash,Traffic Control,Red Light Run,Hit and Run,Alcohol,Drugs,Unbelted Person,Work Zone,Speeding Driver,Distracted Driver,Driveway,Pedestrian,Elderly Driver,Young Driver,Commercial Vehicle,Emergency Vehicles,Train,School Bus,Motorcycle,Bicycle,Deer,Longitude,Latitude,geom,geog,x,y
13399,1060618,WARREN,JOHN C LODGE SERVICE,2017-06-17,17,6,2017,3,7,4,9,,4,0,,1,2,4,30,4,2,3,5,0,0,0,0,true,,false,false,false,false,false,,,,,,false,false,true,,,false,false,false,false,false,-83.07309,42.35406,"{
  ""coordinates"": [
    -8.307309124800000e+01,
    4.235406132600010e+01
  ],
  ""type"": ""Point""
}","{
  ""coordinates"": [
    -83.073091248,
    42.354061326
  ],
  ""type"": ""Point""
}",-83.073091248,42.3540613260001
13400,1059574,N M 10,WYOMING,2017-06-17,17,6,2017,3,7,5,3,,1,0,,1,1,3,35,1,2,2,5,0,0,0,0,true,,false,false,true,false,false,,,,,,false,false,false,,,false,false,false,false,false,-83.15978,42.40532,"{
  ""coordinates"": [
    -8.315978405300000e+01,
    4.240531787500000e+01
  ],
  ""type"": ""Point""
}","{
  ""coordinates"": [
    -83.159784053,
    42.405317875
  ],
  ""type"": ""Point""
}",-83.159784053,42.405317875
13401,1059495,WARREN,WOODMONT,2017-06-17,17,6,2017,15,7,4,9,,2,0,,1,1,1,35,5,2,1,5,0,0,0,0,true,,false,false,true,false,false,,,,,,false,false,false,,,false,false,false,false,false,-83.20694,42.34352,"{
  ""coordinates"": [
    -8.320694290499991e+01,
    4.234352589800010e+01
  ],
  ""type"": ""Point""
}","{
  ""coordinates"": [
    -83.206942905,
    42.343525898
  ],
  ""type"": ""Point""
}",-83.2069429049999,42.3435258980001
13402,1060570,SENATOR,BEARD,2017-06-17,17,6,2017,20,7,8,9,,,0,,1,1,1,25,1,4,1,2,0,1,0,0,false,,false,false,false,false,true,,,,,,false,false,true,,,false,false,false,false,false,-83.11846,42.31335,"{
  ""coordinates"": [
    -8.311845919699989e+01,
    4.231334587400000e+01
  ],
  ""type"": ""Point""
}","{
  ""coordinates"": [
    -83.118459197,
    42.313345874
  ],
  ""type"": ""Point""
}",-83.1184591969999,42.313345874
13403,1059534,VIRGIL,ILIAD,2017-06-17,17,6,2017,3,7,4,9,,,0,,1,1,1,25,1,2,3,2,0,3,0,0,false,,false,false,false,false,false,,,,,,false,false,false,,,false,false,false,false,false,-83.27121,42.40105,"{
  ""coordinates"": [
    -8.327121105399991e+01,
    4.240104936200000e+01
  ],
  ""type"": ""Point""
}","{
  ""coordinates"": [
    -83.271211054,
    42.401049362
  ],
  ""type"": ""Point""
}",-83.2712110539999,42.401049362
13404,1062464,WILDEMERE,PURITAN,2017-06-17,17,6,2017,22,7,5,9,,,0,,1,2,4,25,2,2,1,5,0,0,0,0,true,,false,false,true,false,false,,,,,,false,false,false,,,false,false,false,false,false,-83.13265,42.41004,"{
  ""coordinates"": [
    -8.313264892399999e+01,
    4.241003622600000e+01
  ],
  ""type"": ""Point""
}","{
  ""coordinates"": [
    -83.132648924,
    42.410036226
  ],
  ""type"": ""Point""
}",-83.132648924,42.410036226
13405,1062375,I 96,MICHIGAN,2017-06-17,17,6,2017,15,7,8,1,,1,0,,1,1,1,55,2,2,2,5,0,0,0,0,true,,false,false,false,false,false,,,,,,false,false,false,,,false,false,false,false,false,-83.23637,42.38029,"{
  ""coordinates"": [
    -8.323637152600000e+01,
    4.238028744000010e+01
  ],
  ""type"": ""Point""
}","{
  ""coordinates"": [
    -83.236371526,
    42.38028744
  ],
  ""type"": ""Point""
}",-83.236371526,42.3802874400001
13406,1059449,STEEL,HILLVIEW,2017-06-17,17,6,2017,3,7,8,9,,,0,,1,1,4,25,2,2,2,5,0,0,0,0,true,,false,false,false,false,false,,,,,,false,false,true,,,false,false,false,false,false,-83.17133,42.3988,"{
  ""coordinates"": [
    -8.317132676700000e+01,
    4.239879507600010e+01
  ],
  ""type"": ""Point""
}","{
  ""coordinates"": [
    -83.171326767,
    42.398795076
  ],
  ""type"": ""Point""
}",-83.171326767,42.3987950760001
13407,1059523,SOUTHFIELD SERVICE DRIVE,GRAND RIVER,2017-06-17,17,6,2017,19,7,4,3,,4,0,,1,1,1,25,3,2,2,5,0,0,0,0,true,,false,false,false,false,false,,,,,,false,false,false,,,false,false,false,false,false,-83.21799,42.40054,"{
  ""coordinates"": [
    -8.321798410500000e+01,
    4.240054279300010e+01
  ],
  ""type"": ""Point""
}","{
  ""coordinates"": [
    -83.217984105,
    42.400542793
  ],
  ""type"": ""Point""
}",-83.217984105,42.4005427930001
13408,1059579,MCNICHOLS,STANSBURY,2017-06-17,17,6,2017,1,7,8,9,,2,0,,1,1,4,30,4,2,1,5,0,0,0,0,true,,false,false,true,false,false,,,,,,false,false,false,,,false,false,false,false,false,-83.18324,42.41656,"{
  ""coordinates"": [
    -8.318323622299989e+01,
    4.241655634200000e+01
  ],
  ""type"": ""Point""
}","{
  ""coordinates"": [
    -83.183236223,
    42.416556342
  ],
  ""type"": ""Point""
}",-83.1832362229999,42.416556342
13409,1061515,7 MILE,LINDSAY,2017-06-17,17,6,2017,2,7,6,9,,2,0,,1,1,4,35,4,2,1,4,0,0,0,1,false,,false,false,true,false,false,,,,,,false,false,true,,,false,false,false,false,false,-83.21389,42.43017,"{
  ""coordinates"": [
    -8.321389040799990e+01,
    4.243017118200000e+01
  ],
  ""type"": ""Point""
}","{
  ""coordinates"": [
    -83.213890408,
    42.430171182
  ],
  ""type"": ""Point""
}",-83.2138904079999,42.430171182
13410,1061475,SCHAEFER,KEELER,2017-06-17,17,6,2017,23,7,8,9,,4,0,,1,1,5,0,4,2,2,5,0,0,0,0,true,,false,false,true,false,false,,,,,,false,true,false,,,false,false,false,false,false,-83.18024,42.42603,"{
  ""coordinates"": [
    -8.318024647899990e+01,
    4.242603402700010e+01
  ],
  ""type"": ""Point""
}","{
  ""coordinates"": [
    -83.180246479,
    42.426034027
  ],
  ""type"": ""Point""
}",-83.1802464789999,42.4260340270001
13411,1062459,SCHAEFER,PICKFORD,2017-06-17,17,6,2017,9,7,97,9,,4,0,,1,1,1,35,2,3,2,4,0,0,0,1,false,,false,false,true,false,false,,,,,,false,false,false,,,false,false,false,false,false,-83.18019,42.42484,"{
  ""coordinates"": [
    -8.318019012400001e+01,
    4.242484194500000e+01
  ],
  ""type"": ""Point""
}","{
  ""coordinates"": [
    -83.180190124,
    42.424841945
  ],
  ""type"": ""Point""
}",-83.180190124,42.424841945
13412,1060601,7 MILE,WINTHROP,2017-06-17,17,6,2017,20,7,97,9,,2,0,,2,1,1,35,5,2,1,5,0,0,0,0,true,,false,false,true,false,false,,,,,,false,false,false,,,false,false,false,false,false,-83.20098,42.43041,"{
  ""coordinates"": [
    -8.320097894900000e+01,
    4.243040783100000e+01
  ],
  ""type"": ""Point""
}","{
  ""coordinates"": [
    -83.200978949,
    42.430407831
  ],
  ""type"": ""Point""
}",-83.200978949,42.430407831
13413,1062392,I-75,MCNICHOLS,2017-06-17,17,6,2017,10,7,8,1,,1,0,,1,1,1,55,4,2,2,3,0,0,1,0,false,,false,false,false,false,false,,,,,,false,false,true,,,false,false,false,false,false,-83.08825,42.41847,"{
  ""coordinates"": [
    -8.308824674100001e+01,
    4.241846785600010e+01
  ],
  ""type"": ""Point""
}","{
  ""coordinates"": [
    -83.088246741,
    42.418467856
  ],
  ""type"": ""Point""
}",-83.088246741,42.4184678560001
13414,1060556,M-10,MILWAUKEE,2017-06-17,17,6,2017,2,7,1,3,,1,1,,1,1,4,55,3,1,1,4,0,0,0,1,false,,false,false,false,false,false,,,,,,false,false,true,,,false,false,false,false,false,-83.0807,42.36575,"{
  ""coordinates"": [
    -8.308070666700000e+01,
    4.236575157300010e+01
  ],
  ""type"": ""Point""
}","{
  ""coordinates"": [
    -83.080706667,
    42.365751573
  ],
  ""type"": ""Point""
}",-83.080706667,42.3657515730001
13415,1060561,W/B I-94,CHENE,2017-06-17,17,6,2017,22,7,1,1,,1,1,,2,4,4,55,3,1,1,5,0,0,0,0,true,,false,false,false,false,false,,,,,,false,false,false,,,false,false,false,false,false,-83.0459,42.37462,"{
  ""coordinates"": [
    -8.304589918100000e+01,
    4.237461820800010e+01
  ],
  ""type"": ""Point""
}","{
  ""coordinates"": [
    -83.045899181,
    42.374618208
  ],
  ""type"": ""Point""
}",-83.045899181,42.3746182080001
13416,1064564,LYNDON,ROBSON,2017-06-17,17,6,2017,15,7,97,9,,4,0,,1,2,1,30,2,2,1,3,0,0,1,0,false,,false,false,true,false,false,,,,,,false,false,false,,,false,false,true,false,false,-83.19258,42.39444,"{
  ""coordinates"": [
    -8.319257774200000e+01,
    4.239443611400000e+01
  ],
  ""type"": ""Point""
}","{
  ""coordinates"": [
    -83.192577742,
    42.394436114
  ],
  ""type"": ""Point""
}",-83.192577742,42.394436114
13417,1059577,8 MILE,SCHAEFER,2017-06-17,17,6,2017,13,7,5,3,,1,0,,1,1,1,35,2,2,3,4,0,0,0,1,false,,false,false,false,false,false,,,,,,false,false,false,,,false,false,false,false,false,-83.18095,42.4452,"{
  ""coordinates"": [
    -8.318095557100000e+01,
    4.244519856300010e+01
  ],
  ""type"": ""Point""
}","{
  ""coordinates"": [
    -83.180955571,
    42.445198563
  ],
  ""type"": ""Point""
}",-83.180955571,42.4451985630001
13418,1060552,I-94,VAN DYKE,2017-06-17,17,6,2017,18,7,5,1,,1,0,,1,1,1,55,3,2,2,5,0,0,0,0,true,,false,false,false,false,false,,,,,,false,false,true,,,false,false,false,false,false,-83.01984,42.3864,"{
  ""coordinates"": [
    -8.301983386700000e+01,
    4.238640103100000e+01
  ],
  ""type"": ""Point""
}","{
  ""coordinates"": [
    -83.019833867,
    42.386401031
  ],
  ""type"": ""Point""
}",-83.019833867,42.386401031
13419,1060558,S/B M-39,WARREN,2017-06-17,17,6,2017,18,7,5,3,,1,0,,1,1,1,55,3,2,2,5,0,0,0,0,true,,false,false,false,false,false,,,,,,false,false,true,,,false,false,false,false,false,-83.21622,42.34323,"{
  ""coordinates"": [
    -8.321622067800000e+01,
    4.234322621700010e+01
  ],
  ""type"": ""Point""
}","{
  ""coordinates"": [
    -83.216220678,
    42.343226217
  ],
  ""type"": ""Point""
}",-83.216220678,42.3432262170001
13420,1059549,WALDEN,MAXWELL50,2017-06-17,17,6,2017,11,7,4,9,,,0,,1,1,1,25,1,2,2,5,0,0,0,0,true,,false,false,false,false,false,,,,,,false,false,false,,,false,false,false,false,false,-83.02,42.39249,"{
  ""coordinates"": [
    -8.302000099599999e+01,
    4.239249017200010e+01
  ],
  ""type"": ""Point""
}","{
  ""coordinates"": [
    -83.020000996,
    42.392490172
  ],
  ""type"": ""Point""
}",-83.020000996,42.3924901720001
13421,1059451,GRAND RIVER,OUTER,2017-06-17,17,6,2017,14,7,5,3,,1,0,,1,1,1,35,4,2,2,5,0,0,0,0,true,,false,false,false,false,false,,,,,,false,true,false,,,false,false,false,false,false,-83.2325,42.40642,"{
  ""coordinates"": [
    -8.323249989399990e+01,
    4.240642105000010e+01
  ],
  ""type"": ""Point""
}","{
  ""coordinates"": [
    -83.232499894,
    42.40642105
  ],
  ""type"": ""Point""
}",-83.2324998939999,42.4064210500001
13422,1059519,GRAND RIVER,SOUTHFIELD,2017-06-17,17,6,2017,13,7,5,3,,1,0,,1,1,1,0,5,2,1,5,0,0,0,0,true,,false,false,true,false,false,,,,,,false,false,false,,,false,false,false,false,false,-83.21863,42.40084,"{
  ""coordinates"": [
    -8.321862626900000e+01,
    4.240084313100000e+01
  ],
  ""type"": ""Point""
}","{
  ""coordinates"": [
    -83.218626269,
    42.400843131
  ],
  ""type"": ""Point""
}",-83.218626269,42.400843131
13423,1059522,SOUTHFIELD SERVICE DRIVE,GRAND RIVER,2017-06-17,17,6,2017,19,7,97,3,,4,0,,1,1,1,25,3,2,2,5,0,0,0,0,true,,false,false,false,false,false,,,,,,false,false,false,,,false,false,false,false,false,-83.21799,42.40062,"{
  ""coordinates"": [
    -8.321798473599991e+01,
    4.240061537000000e+01
  ],
  ""type"": ""Point""
}","{
  ""coordinates"": [
    -83.217984736,
    42.40061537
  ],
  ""type"": ""Point""
}",-83.2179847359999,42.40061537
13424,1060560,M-39,PLYMOUTH,2017-06-17,17,6,2017,19,7,8,3,,1,0,,1,1,1,55,3,3,3,5,0,0,0,0,true,,false,false,true,false,false,,,,,,false,false,true,,,false,false,false,false,false,-83.21657,42.37199,"{
  ""coordinates"": [
    -8.321656942899990e+01,
    4.237198726300010e+01
  ],
  ""type"": ""Point""
}","{
  ""coordinates"": [
    -83.216569429,
    42.371987263
  ],
  ""type"": ""Point""
}",-83.2165694289999,42.3719872630001
13425,1060600,MCNICHOLS,RUTHERFORD,2017-06-17,17,6,2017,17,7,7,9,,2,0,,1,1,1,35,4,3,2,4,0,0,0,1,false,,false,false,false,false,false,,,,,,false,false,false,,,false,false,false,false,false,-83.20461,42.41586,"{
  ""coordinates"": [
    -8.320460550000000e+01,
    4.241585975200010e+01
  ],
  ""type"": ""Point""
}","{
  ""coordinates"": [
    -83.2046055,
    42.415859752
  ],
  ""type"": ""Point""
}",-83.2046055,42.4158597520001
13426,1060568,N/B I-75,7 MILE,2017-06-17,17,6,2017,18,7,8,1,,1,0,,2,4,1,70,4,2,3,5,0,0,0,0,true,,false,false,false,false,false,,,,,,false,false,true,,,false,false,false,false,false,-83.09422,42.42888,"{
  ""coordinates"": [
    -8.309422102500000e+01,
    4.242887872800000e+01
  ],
  ""type"": ""Point""
}","{
  ""coordinates"": [
    -83.094221025,
    42.428878728
  ],
  ""type"": ""Point""
}",-83.094221025,42.428878728
13427,1060531,M-10,6 MILE,2017-06-17,17,6,2017,1,7,5,3,,1,0,,1,1,4,55,3,2,1,5,0,0,0,0,true,,false,false,true,false,false,,,,,,false,false,false,,,false,false,false,false,false,-83.17246,42.41687,"{
  ""coordinates"": [
    -8.317246107100000e+01,
    4.241687222600010e+01
  ],
  ""type"": ""Point""
}","{
  ""coordinates"": [
    -83.172461071,
    42.416872226
  ],
  ""type"": ""Point""
}",-83.172461071,42.4168722260001
13428,1061479,WARREN,BRUSH,2017-06-17,17,6,2017,13,7,4,9,,4,0,,1,1,1,30,2,2,4,5,0,0,0,0,true,,false,false,false,false,false,,,,,,false,true,false,,,false,false,false,false,false,-83.05981,42.35868,"{
  ""coordinates"": [
    -8.305980472800000e+01,
    4.235868386500000e+01
  ],
  ""type"": ""Point""
}","{
  ""coordinates"": [
    -83.059804728,
    42.358683865
  ],
  ""type"": ""Point""
}",-83.059804728,42.358683865
13429,1063436,NAVY,CENTRAL,2017-06-17,17,6,2017,20,7,98,9,,,0,,1,1,1,15,1,2,1,5,0,0,0,0,true,,false,false,true,false,false,,,,,,false,true,false,,,false,false,false,false,false,-83.12242,42.31087,"{
  ""coordinates"": [
    -8.312242002100000e+01,
    4.231087126200000e+01
  ],
  ""type"": ""Point""
}","{
  ""coordinates"": [
    -83.122420021,
    42.310871262
  ],
  ""type"": ""Point""
}",-83.122420021,42.310871262
13430,1059568,SCHAEFER,PEMBROKE,2017-06-17,17,6,2017,1,7,4,9,,4,0,,1,1,4,30,2,2,2,5,0,0,0,0,true,,true,true,true,false,false,,,,,,false,false,false,,,false,false,false,false,false,-83.18076,42.43831,"{
  ""coordinates"": [
    -8.318075421700000e+01,
    4.243831392600000e+01
  ],
  ""type"": ""Point""
}","{
  ""coordinates"": [
    -83.180754217,
    42.438313926
  ],
  ""type"": ""Point""
}",-83.180754217,42.438313926
13431,1060587,WARREN,CADIEUX,2017-06-17,17,6,2017,23,7,4,9,,4,0,,1,1,4,30,2,2,2,3,0,0,1,0,false,,false,false,true,false,false,,,,,,false,false,false,,,false,false,false,false,false,-82.92949,42.4062,"{
  ""coordinates"": [
    -8.292949044499990e+01,
    4.240620365000010e+01
  ],
  ""type"": ""Point""
}","{
  ""coordinates"": [
    -82.929490445,
    42.40620365
  ],
  ""type"": ""Point""
}",-82.9294904449999,42.4062036500001
13432,1065946,GRAND RIVER,LAUDER,2017-06-17,17,6,2017,13,7,5,3,,1,0,,7,1,1,35,5,2,4,5,0,0,0,0,true,,false,false,false,false,false,,,,,,false,false,false,,,false,false,true,false,false,-83.19024,42.38939,"{
  ""coordinates"": [
    -8.319024042200000e+01,
    4.238939211900000e+01
  ],
  ""type"": ""Point""
}","{
  ""coordinates"": [
    -83.190240422,
    42.389392119
  ],
  ""type"": ""Point""
}",-83.190240422,42.389392119
13433,1060586,HARVARD,HARPER,2017-06-17,17,6,2017,11,7,10,9,,,0,,1,1,1,20,2,2,1,5,0,0,0,0,true,,false,false,false,false,false,,,,,,false,false,false,,,false,false,false,false,false,-82.93755,42.41597,"{
  ""coordinates"": [
    -8.293755616399990e+01,
    4.241597198600000e+01
  ],
  ""type"": ""Point""
}","{
  ""coordinates"": [
    -82.937556164,
    42.415971986
  ],
  ""type"": ""Point""
}",-82.9375561639999,42.415971986
13434,1065936,BRUSH,CONGRESS,2017-06-17,17,6,2017,0,7,5,9,,4,0,,1,1,4,25,2,4,11,4,0,0,0,2,false,,false,false,false,false,false,,,,,,false,false,true,,,false,false,false,false,false,-83.04185,42.3316,"{
  ""coordinates"": [
    -8.304185385300001e+01,
    4.233159813700010e+01
  ],
  ""type"": ""Point""
}","{
  ""coordinates"": [
    -83.041853853,
    42.331598137
  ],
  ""type"": ""Point""
}",-83.041853853,42.3315981370001
13435,1060562,N/B M-39,JOY,2017-06-17,17,6,2017,23,7,8,3,,1,0,,2,4,4,55,3,2,2,5,0,0,0,0,true,,false,false,true,false,false,,,,,,false,false,false,,,false,false,false,false,false,-83.2164,42.358,"{
  ""coordinates"": [
    -8.321639890499991e+01,
    4.235800207300010e+01
  ],
  ""type"": ""Point""
}","{
  ""coordinates"": [
    -83.216398905,
    42.358002073
  ],
  ""type"": ""Point""
}",-83.2163989049999,42.3580020730001
13436,1083364,EVERGREEN,E I 96 SERVICE DRIVE,2017-06-17,17,6,2017,22,7,8,9,,4,0,,1,1,4,30,2,2,1,4,0,0,0,1,false,,false,false,true,false,false,,,,,,false,true,false,,,false,false,false,false,false,-83.23659,42.37931,"{
  ""coordinates"": [
    -8.323659075499999e+01,
    4.237931353200000e+01
  ],
  ""type"": ""Point""
}","{
  ""coordinates"": [
    -83.236590755,
    42.379313532
  ],
  ""type"": ""Point""
}",-83.236590755,42.379313532
13437,1088996,LIVERNOIS,EWALD,2017-06-17,17,6,2017,9,7,5,9,,4,0,,1,1,1,35,2,2,1,5,0,0,0,0,true,,false,false,true,false,false,,,,,,false,false,false,,,false,false,false,false,false,-83.13966,42.39167,"{
  ""coordinates"": [
    -8.313965672900000e+01,
    4.239167311300000e+01
  ],
  ""type"": ""Point""
}","{
  ""coordinates"": [
    -83.139656729,
    42.391673113
  ],
  ""type"": ""Point""
}",-83.139656729,42.391673113
13438,1081361,114 LAFAYETTE,GRISWOLD,2017-06-17,17,6,2017,4,7,5,9,,4,0,,1,1,4,30,4,2,0,5,0,0,0,0,true,,false,false,true,false,false,,,,,,false,false,false,,,false,false,false,false,false,-83.04845,42.33144,"{
  ""coordinates"": [
    -8.304844759500000e+01,
    4.233144041800010e+01
  ],
  ""type"": ""Point""
}","{
  ""coordinates"": [
    -83.048447595,
    42.331440418
  ],
  ""type"": ""Point""
}",-83.048447595,42.3314404180001
13439,1059540,PETOSKEY,PASEDENA,2017-06-17,17,6,2017,20,7,4,9,,,0,,1,1,1,25,2,2,3,5,0,0,0,0,true,,true,false,false,false,false,,,,,,false,false,true,,,false,false,false,false,false,-83.13696,42.39041,"{
  ""coordinates"": [
    -8.313695435299999e+01,
    4.239041185500000e+01
  ],
  ""type"": ""Point""
}","{
  ""coordinates"": [
    -83.136954353,
    42.390411855
  ],
  ""type"": ""Point""
}",-83.136954353,42.390411855
13440,1104982,GRATIOT,MOHICAN,2017-06-17,17,6,2017,13,7,5,3,,1,0,,2,4,4,40,7,2,2,4,0,0,0,1,false,,false,false,false,false,false,,,,,,false,false,false,,,false,false,false,false,false,-82.97066,42.44575,"{
  ""coordinates"": [
    -8.297065654799999e+01,
    4.244575162500010e+01
  ],
  ""type"": ""Point""
}","{
  ""coordinates"": [
    -82.970656548,
    42.445751625
  ],
  ""type"": ""Point""
}",-82.970656548,42.4457516250001
13441,1059521,MCNICHOLS,LENORE,2017-06-17,17,6,2017,21,7,97,9,,2,0,,1,1,4,35,6,3,3,4,0,0,0,1,false,,false,false,true,false,false,,,,,,false,false,true,,,false,false,false,false,false,-83.28068,42.41444,"{
  ""coordinates"": [
    -8.328068036600000e+01,
    4.241444237800000e+01
  ],
  ""type"": ""Point""
}","{
  ""coordinates"": [
    -83.280680366,
    42.414442378
  ],
  ""type"": ""Point""
}",-83.280680366,42.414442378
13442,1061524,CADIEUX,MARNE,2017-06-17,17,6,2017,3,7,10,9,,4,0,,1,1,4,25,2,2,0,5,0,0,0,0,true,,false,false,true,false,false,,,,,,false,false,false,,,false,false,false,false,false,-82.93913,42.42022,"{
  ""coordinates"": [
    -8.293912337099989e+01,
    4.242022080600000e+01
  ],
  ""type"": ""Point""
}","{
  ""coordinates"": [
    -82.939123371,
    42.420220806
  ],
  ""type"": ""Point""
}",-82.9391233709999,42.420220806
13443,1063459,8 MILE,CANADIAN NATIONAL RAILWAY,2017-06-16,16,6,2017,12,6,8,3,,1,0,,1,1,1,40,4,2,2,5,0,0,0,0,true,,false,false,false,false,false,,,,,,false,false,false,,,false,false,false,false,false,-83.00538,42.44882,"{
  ""coordinates"": [
    -8.300537516299990e+01,
    4.244881807500010e+01
  ],
  ""type"": ""Point""
}","{
  ""coordinates"": [
    -83.005375163,
    42.448818075
  ],
  ""type"": ""Point""
}",-83.0053751629999,42.4488180750001
13444,1062416,LAWNDALE,ARNOLD,2017-06-16,16,6,2017,13,6,98,9,,,0,,2,2,1,25,1,2,0,5,0,0,0,0,true,,false,false,true,false,false,,,,,,false,false,false,,,false,false,false,false,false,-83.14681,42.32756,"{
  ""coordinates"": [
    -8.314681127700000e+01,
    4.232755757900000e+01
  ],
  ""type"": ""Point""
}","{
  ""coordinates"": [
    -83.146811277,
    42.327557579
  ],
  ""type"": ""Point""
}",-83.146811277,42.327557579
13445,1059453,2ND,2ND,2017-06-16,16,6,2017,16,6,98,9,,4,0,,1,1,1,25,2,2,0,5,0,0,0,0,true,,false,false,true,false,false,,,,,,false,false,false,,,false,false,false,false,false,-83.07493,42.36585,"{
  ""coordinates"": [
    -8.307492874099999e+01,
    4.236585330200010e+01
  ],
  ""type"": ""Point""
}","{
  ""coordinates"": [
    -83.074928741,
    42.365853302
  ],
  ""type"": ""Point""
}",-83.074928741,42.3658533020001
13446,1059461,SAINT ANTOINE,MACK,2017-06-16,16,6,2017,9,6,1,9,,,0,,1,1,1,35,3,2,3,3,0,0,1,0,false,,false,false,false,false,false,,,,,,false,false,false,,,false,false,false,true,false,-83.05071,42.35031,"{
  ""coordinates"": [
    -8.305071339999991e+01,
    4.235031306100010e+01
  ],
  ""type"": ""Point""
}","{
  ""coordinates"": [
    -83.0507134,
    42.350313061
  ],
  ""type"": ""Point""
}",-83.0507133999999,42.3503130610001
13447,1059502,MACK,S I 75 SERVICE DRIVE,2017-06-16,16,6,2017,22,6,5,9,,4,0,,1,1,4,30,1,2,1,5,0,0,0,0,true,,false,false,true,false,false,,,,,,false,false,false,,,false,false,false,false,false,-83.04912,42.35074,"{
  ""coordinates"": [
    -8.304911902299990e+01,
    4.235073714000000e+01
  ],
  ""type"": ""Point""
}","{
  ""coordinates"": [
    -83.049119023,
    42.35073714
  ],
  ""type"": ""Point""
}",-83.0491190229999,42.35073714
13448,1059536,WESTPHALIA,MCNICHOLS,2017-06-16,16,6,2017,20,6,3,9,,,0,,1,1,1,25,2,2,1,5,0,0,0,0,true,,false,false,true,false,false,,,,,,false,false,false,,,false,false,false,false,false,-82.9921,42.42418,"{
  ""coordinates"": [
    -8.299209658300001e+01,
    4.242417723600000e+01
  ],
  ""type"": ""Point""
}","{
  ""coordinates"": [
    -82.992096583,
    42.424177236
  ],
  ""type"": ""Point""
}",-82.992096583,42.424177236
13449,1062385,W I 96,GRAND RIVER,2017-06-16,16,6,2017,15,6,8,1,,1,0,,1,1,1,55,3,2,2,5,0,0,0,0,true,,false,false,true,false,false,,,,,,false,false,true,,,false,false,false,false,false,-83.17593,42.38385,"{
  ""coordinates"": [
    -8.317593636299991e+01,
    4.238385530800010e+01
  ],
  ""type"": ""Point""
}","{
  ""coordinates"": [
    -83.175936363,
    42.383855308
  ],
  ""type"": ""Point""
}",-83.1759363629999,42.3838553080001
13450,1058276,MOUNT ELLIOT,HUBER,2017-06-16,16,6,2017,1,6,2,9,,4,2,,1,1,4,35,4,2,2,4,0,0,0,1,false,,false,false,false,false,false,,,,,,false,false,false,,,false,false,false,false,false,-83.03759,42.39769,"{
  ""coordinates"": [
    -8.303758642699999e+01,
    4.239768896900010e+01
  ],
  ""type"": ""Point""
}","{
  ""coordinates"": [
    -83.037586427,
    42.397688969
  ],
  ""type"": ""Point""
}",-83.037586427,42.3976889690001
13451,1059508,ROSEMONT,LYNDON,2017-06-16,16,6,2017,11,6,5,9,,,0,,1,1,1,25,2,2,3,5,0,0,0,0,true,,false,false,false,false,false,,,,,,false,false,true,,,false,false,false,false,false,-83.22018,42.39375,"{
  ""coordinates"": [
    -8.322018340699999e+01,
    4.239374488400010e+01
  ],
  ""type"": ""Point""
}","{
  ""coordinates"": [
    -83.220183407,
    42.393744884
  ],
  ""type"": ""Point""
}",-83.220183407,42.3937448840001
13452,1062361,RAMP 031B,I-75,2017-06-16,16,6,2017,7,6,8,1,,1,0,,1,2,1,70,1,2,2,5,0,0,0,0,true,,false,false,false,false,false,,,,,,false,false,true,,,false,false,false,false,false,-83.11761,42.30174,"{
  ""coordinates"": [
    -8.311761319700000e+01,
    4.230174193700000e+01
  ],
  ""type"": ""Point""
}","{
  ""coordinates"": [
    -83.117613197,
    42.301741937
  ],
  ""type"": ""Point""
}",-83.117613197,42.301741937
13453,1059526,GRATIOT,8 MILE,2017-06-16,16,6,2017,9,6,97,3,,1,0,,1,1,1,0,7,2,2,5,0,0,0,0,true,,false,false,false,false,false,,,,,,false,false,false,,,false,false,false,false,false,-82.96803,42.4497,"{
  ""coordinates"": [
    -8.296802928699999e+01,
    4.244970041800010e+01
  ],
  ""type"": ""Point""
}","{
  ""coordinates"": [
    -82.968029287,
    42.449700418
  ],
  ""type"": ""Point""
}",-82.968029287,42.4497004180001
13454,1059476,SCHAEFER,ETHEL,2017-06-16,16,6,2017,16,6,5,9,,2,0,,1,2,1,30,4,2,2,4,0,0,0,1,false,,false,false,false,false,false,,,,,,false,false,false,,,false,false,false,false,false,-83.14507,42.27586,"{
  ""coordinates"": [
    -8.314506197299990e+01,
    4.227585822200010e+01
  ],
  ""type"": ""Point""
}","{
  ""coordinates"": [
    -83.145061973,
    42.275858222
  ],
  ""type"": ""Point""
}",-83.1450619729999,42.2758582220001
13455,1069875,NEFF,SOUTHAMPTON,2017-06-16,16,6,2017,21,6,4,9,,,0,,1,1,1,25,2,2,2,5,0,0,0,0,true,,false,false,true,false,false,,,,,,false,false,false,,,false,false,false,false,false,-82.92716,42.41117,"{
  ""coordinates"": [
    -8.292715947300000e+01,
    4.241116769600010e+01
  ],
  ""type"": ""Point""
}","{
  ""coordinates"": [
    -82.927159473,
    42.411167696
  ],
  ""type"": ""Point""
}",-82.927159473,42.4111676960001