ObjectId,Crash ID,Primary Road,Intersecting Road,Crash Date,Day,Month,Year,Hour,Weekday,Crash Type Code,Highway Classification Code,Community Code,Jurisdiction Code,Lane Departure Type Code,Surface Type,Road Condition,Weather Condition,Lighting Condition,Speed Limit,Lanes,Units,Occupants,Most Severe Injury,Fatal Injuries,Suspected Serious Injuries,Suspected Minor Injuries,Possible Injuries,Property Damage Only,Secondary Crash,Traffic Control,Red Light Run,Hit and Run,Alcohol,Drugs,Unbelted Person,Work Zone,Speeding Driver,Distracted Driver,Driveway,Pedestrian,Elderly Driver,Young Driver,Commercial Vehicle,Emergency Vehicles,Train,School Bus,Motorcycle,Bicycle,Deer,Longitude,Latitude,geom,geog,x,y
13570,1059563,JAMES COUZENS,ROBSON,2017-06-15,15,6,2017,10,5,1,9,,4,0,,1,2,1,25,2,1,1,5,0,0,0,0,true,,false,false,false,false,true,,,,,,false,false,false,,,false,false,false,false,false,-83.19408,42.43797,"{
  ""coordinates"": [
    -8.319407837300000e+01,
    4.243796835300000e+01
  ],
  ""type"": ""Point""
}","{
  ""coordinates"": [
    -83.194078373,
    42.437968353
  ],
  ""type"": ""Point""
}",-83.194078373,42.437968353
13571,1059543,DAVISON,DEXTER,2017-06-15,15,6,2017,17,5,5,3,,1,0,,2,1,1,35,6,2,2,5,0,0,0,0,true,,false,false,false,false,false,,,,,,false,false,false,,,false,false,false,false,false,-83.13103,42.38969,"{
  ""coordinates"": [
    -8.313102426200000e+01,
    4.238968936800010e+01
  ],
  ""type"": ""Point""
}","{
  ""coordinates"": [
    -83.131024262,
    42.389689368
  ],
  ""type"": ""Point""
}",-83.131024262,42.3896893680001
13572,1058245,AVON,PICKFORD,2017-06-15,15,6,2017,7,5,97,9,,,0,,98,98,98,25,2,2,0,5,0,0,0,0,true,,false,false,true,false,false,,,,,,false,false,false,,,false,false,false,false,false,-83.22632,42.42477,"{
  ""coordinates"": [
    -8.322631740299990e+01,
    4.242477587400000e+01
  ],
  ""type"": ""Point""
}","{
  ""coordinates"": [
    -83.226317403,
    42.424775874
  ],
  ""type"": ""Point""
}",-83.2263174029999,42.424775874
13573,1058273,OUTER,CONANT,2017-06-15,15,6,2017,16,5,5,9,,2,0,,2,4,1,35,2,2,3,5,0,0,0,0,true,,false,false,true,false,false,,,,,,false,true,false,,,false,false,false,false,false,-83.0788,42.44007,"{
  ""coordinates"": [
    -8.307880779000000e+01,
    4.244007373000010e+01
  ],
  ""type"": ""Point""
}","{
  ""coordinates"": [
    -83.07880779,
    42.44007373
  ],
  ""type"": ""Point""
}",-83.07880779,42.4400737300001
13574,1058227,CADIEUX,HARPER,2017-06-15,15,6,2017,15,5,5,9,,4,0,,2,4,1,30,4,2,4,4,0,0,0,1,false,,false,false,false,false,false,,,,,,false,false,false,,,false,false,false,false,false,-82.93598,42.41545,"{
  ""coordinates"": [
    -8.293597833400000e+01,
    4.241545157100010e+01
  ],
  ""type"": ""Point""
}","{
  ""coordinates"": [
    -82.935978334,
    42.415451571
  ],
  ""type"": ""Point""
}",-82.935978334,42.4154515710001
13575,1058251,HOOVER,7 MILE,2017-06-15,15,6,2017,18,5,4,3,,1,0,,98,98,1,0,4,2,4,4,0,0,0,2,false,,true,true,false,false,false,,,,,,false,false,false,,,false,false,false,false,false,-83.00468,42.43443,"{
  ""coordinates"": [
    -8.300468739400000e+01,
    4.243443308600010e+01
  ],
  ""type"": ""Point""
}","{
  ""coordinates"": [
    -83.004687394,
    42.434433086
  ],
  ""type"": ""Point""
}",-83.004687394,42.4344330860001
13576,1059530,EDMORE,GRATIOT,2017-06-15,15,6,2017,18,5,5,3,,,0,,1,1,1,25,1,2,2,4,0,0,0,1,false,,false,false,true,false,false,,,,,,false,false,false,,,false,false,false,false,false,-82.96971,42.44711,"{
  ""coordinates"": [
    -8.296971444800000e+01,
    4.244711325800010e+01
  ],
  ""type"": ""Point""
}","{
  ""coordinates"": [
    -82.969714448,
    42.447113258
  ],
  ""type"": ""Point""
}",-82.969714448,42.4471132580001
13577,1058215,I75,2ND,2017-06-15,15,6,2017,7,5,5,1,,1,0,,2,2,1,30,2,2,3,5,0,0,0,0,true,,false,false,true,false,false,,,,,,false,false,true,,,false,false,false,false,false,-83.05833,42.33735,"{
  ""coordinates"": [
    -8.305832480899990e+01,
    4.233734996400010e+01
  ],
  ""type"": ""Point""
}","{
  ""coordinates"": [
    -83.058324809,
    42.337349964
  ],
  ""type"": ""Point""
}",-83.0583248089999,42.3373499640001
13578,1059468,GRISWOLD,FORT,2017-06-15,15,6,2017,16,5,8,3,,4,0,,1,1,1,25,2,2,2,5,0,0,0,0,true,,false,false,false,false,false,,,,,,false,false,false,,,false,false,false,false,false,-83.04755,42.33088,"{
  ""coordinates"": [
    -8.304755722800000e+01,
    4.233088324400010e+01
  ],
  ""type"": ""Point""
}","{
  ""coordinates"": [
    -83.047557228,
    42.330883244
  ],
  ""type"": ""Point""
}",-83.047557228,42.3308832440001
13579,1059491,LAHSER,OUTER,2017-06-15,15,6,2017,4,5,97,9,,,0,,1,1,3,35,4,2,0,5,0,0,0,0,true,,false,false,true,false,false,,,,,,false,false,false,,,false,false,false,false,false,-83.25623,42.38344,"{
  ""coordinates"": [
    -8.325623098700000e+01,
    4.238344039400000e+01
  ],
  ""type"": ""Point""
}","{
  ""coordinates"": [
    -83.256230987,
    42.383440394
  ],
  ""type"": ""Point""
}",-83.256230987,42.383440394
13580,1058176,N M 39,PURITAN,2017-06-15,15,6,2017,7,5,1,3,,1,1,,1,2,1,55,3,1,2,3,0,0,2,0,false,,false,false,false,false,false,,,,,,false,true,false,,,false,false,false,false,false,-83.21853,42.40831,"{
  ""coordinates"": [
    -8.321852554700000e+01,
    4.240830950000000e+01
  ],
  ""type"": ""Point""
}","{
  ""coordinates"": [
    -83.218525547,
    42.4083095
  ],
  ""type"": ""Point""
}",-83.218525547,42.4083095
13581,1058254,GRATIOT,FORDHAM,2017-06-15,15,6,2017,16,5,4,3,,1,0,,2,2,1,35,9,2,3,4,0,0,0,2,false,,false,false,false,false,false,,,,,,false,false,true,,,false,false,false,false,false,-82.97824,42.43425,"{
  ""coordinates"": [
    -8.297824050799990e+01,
    4.243424882000010e+01
  ],
  ""type"": ""Point""
}","{
  ""coordinates"": [
    -82.978240508,
    42.43424882
  ],
  ""type"": ""Point""
}",-82.9782405079999,42.4342488200001
13582,1059428,I 94,OUTER,2017-06-15,15,6,2017,9,5,8,1,,1,0,,1,1,1,55,3,4,4,5,0,0,0,0,true,,false,false,false,false,false,,,,,,false,false,false,,,false,false,false,false,false,-82.95834,42.40567,"{
  ""coordinates"": [
    -8.295833259900000e+01,
    4.240566718900000e+01
  ],
  ""type"": ""Point""
}","{
  ""coordinates"": [
    -82.958332599,
    42.405667189
  ],
  ""type"": ""Point""
}",-82.958332599,42.405667189
13583,1057230,BRUSH,GRATIOT,2017-06-15,15,6,2017,3,5,8,3,,4,0,,1,1,4,30,2,2,2,5,0,0,0,0,true,,false,false,true,false,false,,,,,,false,false,false,,,false,false,false,false,false,-83.04463,42.33581,"{
  ""coordinates"": [
    -8.304462951700000e+01,
    4.233580776000010e+01
  ],
  ""type"": ""Point""
}","{
  ""coordinates"": [
    -83.044629517,
    42.33580776
  ],
  ""type"": ""Point""
}",-83.044629517,42.3358077600001
13584,1058240,7 MILE,STAHELIN,2017-06-15,15,6,2017,16,5,97,9,,2,0,,1,1,1,35,4,2,3,5,0,0,0,0,true,,false,false,false,false,false,,,,,,false,false,true,,,false,false,false,false,false,-83.22769,42.42987,"{
  ""coordinates"": [
    -8.322769273300000e+01,
    4.242987158600000e+01
  ],
  ""type"": ""Point""
}","{
  ""coordinates"": [
    -83.227692733,
    42.429871586
  ],
  ""type"": ""Point""
}",-83.227692733,42.429871586
13585,1058279,VAN DYKE,DOBEL,2017-06-15,15,6,2017,12,5,1,3,,1,0,,1,1,1,35,4,1,1,4,0,0,0,1,false,,false,false,false,false,false,,,,,,false,false,false,,,false,false,false,false,false,-83.02357,42.416,"{
  ""coordinates"": [
    -8.302357332100000e+01,
    4.241599633000000e+01
  ],
  ""type"": ""Point""
}","{
  ""coordinates"": [
    -83.023573321,
    42.41599633
  ],
  ""type"": ""Point""
}",-83.023573321,42.41599633
13586,1089771,CHALMERS,FRANKFORT,2017-06-15,15,6,2017,16,5,4,9,,4,0,,2,4,1,30,3,2,3,5,0,0,0,0,true,,false,false,false,false,false,,,,,,false,false,true,,,false,false,false,false,false,-82.95989,42.39713,"{
  ""coordinates"": [
    -8.295988947200000e+01,
    4.239712856500010e+01
  ],
  ""type"": ""Point""
}","{
  ""coordinates"": [
    -82.959889472,
    42.397128565
  ],
  ""type"": ""Point""
}",-82.959889472,42.3971285650001
13587,1059430,E I 96 CD,GRAND RIVER,2017-06-15,15,6,2017,16,5,1,1,,1,0,,8,4,1,70,4,1,1,3,0,0,1,0,false,,false,false,false,false,false,,,,,,false,false,true,,,false,false,false,false,false,-83.17609,42.38347,"{
  ""coordinates"": [
    -8.317608293900000e+01,
    4.238347157700010e+01
  ],
  ""type"": ""Point""
}","{
  ""coordinates"": [
    -83.176082939,
    42.383471577
  ],
  ""type"": ""Point""
}",-83.176082939,42.3834715770001
13588,1058229,OUTER,BERKSHIRE,2017-06-15,15,6,2017,8,5,5,9,,2,0,,1,1,1,35,2,2,2,5,0,0,0,0,true,,false,false,false,false,false,,,,,,false,false,true,,,false,false,false,false,false,-82.96114,42.41315,"{
  ""coordinates"": [
    -8.296113768200000e+01,
    4.241315445500000e+01
  ],
  ""type"": ""Point""
}","{
  ""coordinates"": [
    -82.961137682,
    42.413154455
  ],
  ""type"": ""Point""
}",-82.961137682,42.413154455
13589,1058256,CANFIELD,MONTCLAIR,2017-06-15,15,6,2017,12,5,5,9,,4,0,,1,1,1,25,2,2,0,5,0,0,0,0,true,,false,false,true,false,false,,,,,,false,false,false,,,false,false,false,false,false,-82.98646,42.3811,"{
  ""coordinates"": [
    -8.298645987000000e+01,
    4.238109517600000e+01
  ],
  ""type"": ""Point""
}","{
  ""coordinates"": [
    -82.98645987,
    42.381095176
  ],
  ""type"": ""Point""
}",-82.98645987,42.381095176
13590,1058243,MACK,IROQUOIS,2017-06-15,15,6,2017,16,5,5,9,,4,0,,1,1,1,30,2,2,2,4,0,0,0,1,false,,false,false,false,false,false,,,,,,false,false,false,,,false,false,false,false,false,-83.00204,42.36861,"{
  ""coordinates"": [
    -8.300204100199990e+01,
    4.236861491100010e+01
  ],
  ""type"": ""Point""
}","{
  ""coordinates"": [
    -83.002041002,
    42.368614911
  ],
  ""type"": ""Point""
}",-83.0020410019999,42.3686149110001
13591,1058207,JEFFENSON,STEVE YZERMAN,2017-06-15,15,6,2017,16,5,1,9,,5,1,,2,4,1,35,3,1,1,5,0,0,0,0,true,,false,false,false,false,false,,,,,,false,false,false,,,false,false,false,false,false,-83.05254,42.32603,"{
  ""coordinates"": [
    -8.305254020500000e+01,
    4.232603308300000e+01
  ],
  ""type"": ""Point""
}","{
  ""coordinates"": [
    -83.052540205,
    42.326033083
  ],
  ""type"": ""Point""
}",-83.052540205,42.326033083
13592,1058232,SAINT MARYS,DIVERSEY,2017-06-15,15,6,2017,11,5,5,9,,,0,,1,1,1,25,2,2,2,5,0,0,0,0,true,,false,false,true,false,false,,,,,,false,false,false,,,false,false,false,false,false,-83.20382,42.34751,"{
  ""coordinates"": [
    -8.320381617399990e+01,
    4.234750781000000e+01
  ],
  ""type"": ""Point""
}","{
  ""coordinates"": [
    -83.203816174,
    42.34750781
  ],
  ""type"": ""Point""
}",-83.2038161739999,42.34750781
13593,1058257,CRUSADE,STATE FAIR,2017-06-15,15,6,2017,14,5,8,9,,,0,,2,1,1,25,2,2,2,5,0,0,0,0,true,,false,false,true,false,false,,,,,,false,false,false,,,false,false,false,false,false,-82.96088,42.44293,"{
  ""coordinates"": [
    -8.296088672799991e+01,
    4.244292707800000e+01
  ],
  ""type"": ""Point""
}","{
  ""coordinates"": [
    -82.960886728,
    42.442927078
  ],
  ""type"": ""Point""
}",-82.9608867279999,42.442927078
13594,1058270,EWALD,WILDEMERE,2017-06-15,15,6,2017,9,5,8,9,,4,3,,1,2,1,25,2,2,1,5,0,0,0,0,true,,false,false,true,false,false,,,,,,false,false,false,,,false,false,false,false,false,-83.12989,42.39513,"{
  ""coordinates"": [
    -8.312989076799990e+01,
    4.239513209200000e+01
  ],
  ""type"": ""Point""
}","{
  ""coordinates"": [
    -83.129890768,
    42.395132092
  ],
  ""type"": ""Point""
}",-83.1298907679999,42.395132092
13595,1059488,WHITLOCK,MANSFIELD,2017-06-15,15,6,2017,19,5,5,9,,,3,,1,1,3,25,2,2,1,5,0,0,0,0,true,,false,false,true,false,false,,,,,,false,false,false,,,false,false,false,false,false,-83.20188,42.33998,"{
  ""coordinates"": [
    -8.320188110500000e+01,
    4.233997862900000e+01
  ],
  ""type"": ""Point""
}","{
  ""coordinates"": [
    -83.201881105,
    42.339978629
  ],
  ""type"": ""Point""
}",-83.201881105,42.339978629
13596,1059528,I 94,WHITTIER,2017-06-15,15,6,2017,15,5,97,1,,1,0,,2,4,2,55,3,3,1,4,0,0,0,2,false,,false,false,false,false,false,,,,,,true,true,false,,,false,false,true,false,false,-82.94346,42.41289,"{
  ""coordinates"": [
    -8.294345878599999e+01,
    4.241288976400010e+01
  ],
  ""type"": ""Point""
}","{
  ""coordinates"": [
    -82.943458786,
    42.412889764
  ],
  ""type"": ""Point""
}",-82.943458786,42.4128897640001
13597,1059499,GRATIOT,MCDOUGALL,2017-06-15,15,6,2017,19,5,1,3,,1,0,,1,2,3,35,7,2,1,4,0,0,0,1,false,,false,false,false,false,false,,,,,,true,false,false,,,false,false,false,false,false,-83.02898,42.35717,"{
  ""coordinates"": [
    -8.302898163099999e+01,
    4.235717450800010e+01
  ],
  ""type"": ""Point""
}","{
  ""coordinates"": [
    -83.028981631,
    42.357174508
  ],
  ""type"": ""Point""
}",-83.028981631,42.3571745080001
13598,1069790,I-96,GRAND,2017-06-15,15,6,2017,13,5,8,1,,1,0,,2,4,1,70,4,2,2,5,0,0,0,0,true,,false,false,false,false,false,,,,,,false,false,true,,,false,false,false,false,false,-83.10184,42.35252,"{
  ""coordinates"": [
    -8.310184550100000e+01,
    4.235251638600000e+01
  ],
  ""type"": ""Point""
}","{
  ""coordinates"": [
    -83.101845501,
    42.352516386
  ],
  ""type"": ""Point""
}",-83.101845501,42.352516386
13599,1059445,MACK,SAINT ANTOINE,2017-06-15,15,6,2017,16,5,4,9,,4,0,,1,1,1,30,2,2,5,5,0,0,0,0,true,,false,false,false,false,false,,,,,,false,false,false,,,false,false,false,false,false,-83.0523,42.34962,"{
  ""coordinates"": [
    -8.305230041899991e+01,
    4.234961907200010e+01
  ],
  ""type"": ""Point""
}","{
  ""coordinates"": [
    -83.052300419,
    42.349619072
  ],
  ""type"": ""Point""
}",-83.0523004189999,42.3496190720001
13600,1081382,SEVEN MILE,ASHTON,2017-06-15,15,6,2017,15,5,3,9,,2,0,,98,2,1,35,4,2,5,5,0,0,0,0,true,,false,false,false,false,false,,,,,,false,false,false,,,false,false,false,false,false,-83.22049,42.43,"{
  ""coordinates"": [
    -8.322049273700000e+01,
    4.242999464000010e+01
  ],
  ""type"": ""Point""
}","{
  ""coordinates"": [
    -83.220492737,
    42.42999464
  ],
  ""type"": ""Point""
}",-83.220492737,42.4299946400001
13601,1059447,WYOMING,JEFFERIES,2017-06-15,15,6,2017,17,5,97,9,,4,0,,1,1,1,35,4,1,1,5,0,0,0,0,true,,false,false,false,false,false,,,,,,false,false,true,,,false,false,false,false,false,-83.15982,42.40533,"{
  ""coordinates"": [
    -8.315981916100000e+01,
    4.240533022300010e+01
  ],
  ""type"": ""Point""
}","{
  ""coordinates"": [
    -83.159819161,
    42.405330223
  ],
  ""type"": ""Point""
}",-83.159819161,42.4053302230001
13602,1058283,WYOMING,JAMES COUZENS,2017-06-15,15,6,2017,19,5,4,9,,4,0,,1,1,1,30,4,2,3,5,0,0,0,0,true,,true,true,false,false,false,,,,,,false,true,false,,,false,false,false,false,false,-83.15983,42.40564,"{
  ""coordinates"": [
    -8.315983066699989e+01,
    4.240563900200000e+01
  ],
  ""type"": ""Point""
}","{
  ""coordinates"": [
    -83.159830667,
    42.405639002
  ],
  ""type"": ""Point""
}",-83.1598306669999,42.405639002
13603,1218040,ROSA PARKS,N I 75,2017-06-15,15,6,2017,15,5,98,9,,4,0,,2,4,1,35,5,2,3,5,0,0,0,0,true,,true,true,false,false,false,,,,,,false,false,true,,,false,false,false,false,false,-83.07311,42.33331,"{
  ""coordinates"": [
    -8.307310955600001e+01,
    4.233331092100010e+01
  ],
  ""type"": ""Point""
}","{
  ""coordinates"": [
    -83.073109556,
    42.333310921
  ],
  ""type"": ""Point""
}",-83.073109556,42.3333109210001
13604,1069794,I-75,CLAY,2017-06-15,15,6,2017,17,5,5,1,,1,0,,2,1,1,70,3,2,2,5,0,0,0,0,true,,false,false,false,false,false,,,,,,false,false,false,,,false,false,false,false,false,-83.0629,42.37836,"{
  ""coordinates"": [
    -8.306289316599999e+01,
    4.237835757200000e+01
  ],
  ""type"": ""Point""
}","{
  ""coordinates"": [
    -83.062893166,
    42.378357572
  ],
  ""type"": ""Point""
}",-83.062893166,42.378357572
13605,1065914,E I 96,RAMP 037B,2017-06-15,15,6,2017,9,5,1,1,,1,0,,1,1,1,70,4,2,0,2,0,1,0,0,false,,false,false,true,false,false,,,,,,true,false,false,,,false,false,false,false,false,-83.09027,42.33558,"{
  ""coordinates"": [
    -8.309026725000000e+01,
    4.233557345600010e+01
  ],
  ""type"": ""Point""
}","{
  ""coordinates"": [
    -83.09026725,
    42.335573456
  ],
  ""type"": ""Point""
}",-83.09026725,42.3355734560001
13606,1062405,CONGRESS,GRISWOLD,2017-06-15,15,6,2017,17,5,10,9,,4,0,,1,1,1,25,2,2,3,5,0,0,0,0,true,,false,false,false,false,false,,,,,,false,false,true,,,false,false,false,false,false,-83.04673,42.32983,"{
  ""coordinates"": [
    -8.304672950000000e+01,
    4.232982733700000e+01
  ],
  ""type"": ""Point""
}","{
  ""coordinates"": [
    -83.0467295,
    42.329827337
  ],
  ""type"": ""Point""
}",-83.0467295,42.329827337
13607,1058237,BLACKSTONE,VASSAR,2017-06-15,15,6,2017,3,5,5,9,,,0,,1,1,4,25,2,2,0,5,0,0,0,0,true,,false,false,true,false,false,,,,,,false,false,false,,,false,false,false,false,false,-83.25116,42.43262,"{
  ""coordinates"": [
    -8.325115858700001e+01,
    4.243261938200000e+01
  ],
  ""type"": ""Point""
}","{
  ""coordinates"": [
    -83.251158587,
    42.432619382
  ],
  ""type"": ""Point""
}",-83.251158587,42.432619382
13608,1059535,E I 94 SERVICE DRIVE,MOROSS,2017-06-15,15,6,2017,22,5,5,1,,4,0,,2,1,4,55,3,2,2,5,0,0,0,0,true,,false,false,true,false,false,,,,,,false,false,false,,,false,false,false,false,false,-82.92814,42.42454,"{
  ""coordinates"": [
    -8.292814079700000e+01,
    4.242453720900010e+01
  ],
  ""type"": ""Point""
}","{
  ""coordinates"": [
    -82.928140797,
    42.424537209
  ],
  ""type"": ""Point""
}",-82.928140797,42.4245372090001
13609,1083290,N M 10,RAMP 109D,2017-06-15,15,6,2017,8,5,8,3,,1,0,,1,1,1,55,3,2,1,5,0,0,0,0,true,,false,false,true,false,false,,,,,,false,false,false,,,false,false,false,false,false,-83.10763,42.39549,"{
  ""coordinates"": [
    -8.310762722800000e+01,
    4.239548833800010e+01
  ],
  ""type"": ""Point""
}","{
  ""coordinates"": [
    -83.107627228,
    42.395488338
  ],
  ""type"": ""Point""
}",-83.107627228,42.3954883380001
13610,1072259,MACK,THREE MILE,2017-06-15,15,6,2017,15,5,3,9,,2,0,,2,4,1,30,4,2,2,5,0,0,0,0,true,,false,false,false,false,false,,,,,,false,false,false,,,false,false,false,false,false,-82.932,42.39104,"{
  ""coordinates"": [
    -8.293199561400000e+01,
    4.239104116600000e+01
  ],
  ""type"": ""Point""
}","{
  ""coordinates"": [
    -82.931995614,
    42.391041166
  ],
  ""type"": ""Point""
}",-82.931995614,42.391041166
13611,1060599,MEYERS,THATCHER,2017-06-15,15,6,2017,19,5,5,9,,4,0,,98,98,1,35,2,3,0,5,0,0,0,0,true,,false,false,true,false,false,,,,,,false,false,false,,,false,false,false,false,false,-83.17036,42.42231,"{
  ""coordinates"": [
    -8.317036343900000e+01,
    4.242230878800010e+01
  ],
  ""type"": ""Point""
}","{
  ""coordinates"": [
    -83.170363439,
    42.422308788
  ],
  ""type"": ""Point""
}",-83.170363439,42.4223087880001
13612,1058226,DOWNING,EDSEL,2017-06-15,15,6,2017,7,5,97,9,,,0,,2,1,1,25,3,2,3,4,0,0,0,2,false,,false,false,false,false,false,,,,,,false,false,false,,,false,false,false,false,false,-83.15753,42.27192,"{
  ""coordinates"": [
    -8.315753175799991e+01,
    4.227192210000000e+01
  ],
  ""type"": ""Point""
}","{
  ""coordinates"": [
    -83.157531758,
    42.2719221
  ],
  ""type"": ""Point""
}",-83.1575317579999,42.2719221
13613,1058208,CASTLETON,SUSSEX,2017-06-15,15,6,2017,14,5,6,9,,,0,,1,1,1,25,1,2,3,5,0,0,0,0,true,,false,false,false,false,false,,,,,,false,true,false,,,false,false,false,false,false,-83.19442,42.37636,"{
  ""coordinates"": [
    -8.319441627700000e+01,
    4.237635866500010e+01
  ],
  ""type"": ""Point""
}","{
  ""coordinates"": [
    -83.194416277,
    42.376358665
  ],
  ""type"": ""Point""
}",-83.194416277,42.3763586650001
13614,1058264,MCNICHOLS,LAUDER,2017-06-15,15,6,2017,14,5,98,9,,2,0,,2,4,1,35,2,2,2,5,0,0,0,0,true,,false,false,false,false,false,,,,,,false,false,false,,,false,false,false,false,false,-83.19194,42.41635,"{
  ""coordinates"": [
    -8.319193844099991e+01,
    4.241634990800000e+01
  ],
  ""type"": ""Point""
}","{
  ""coordinates"": [
    -83.191938441,
    42.416349908
  ],
  ""type"": ""Point""
}",-83.1919384409999,42.416349908
13615,1063477,PURITAN,ROSA PARKS,2017-06-15,15,6,2017,5,5,4,9,,4,0,,1,1,4,25,2,2,2,5,0,0,0,0,true,,true,false,false,false,false,,,,,,false,false,true,,,false,false,false,false,false,-83.11848,42.41037,"{
  ""coordinates"": [
    -8.311848495200000e+01,
    4.241036729500010e+01
  ],
  ""type"": ""Point""
}","{
  ""coordinates"": [
    -83.118484952,
    42.410367295
  ],
  ""type"": ""Point""
}",-83.118484952,42.4103672950001
13616,1058236,S M 39 SERVICE DRIVE,JOY,2017-06-15,15,6,2017,11,5,5,9,,4,0,,1,1,1,25,2,2,2,5,0,0,0,0,true,,false,false,true,false,false,,,,,,false,true,false,,,false,false,false,false,false,-83.2169,42.35787,"{
  ""coordinates"": [
    -8.321690481000000e+01,
    4.235787265300010e+01
  ],
  ""type"": ""Point""
}","{
  ""coordinates"": [
    -83.21690481,
    42.357872653
  ],
  ""type"": ""Point""
}",-83.21690481,42.3578726530001
13617,1059510,OUTER,MURRAY,2017-06-15,15,6,2017,18,5,4,9,,2,0,,2,1,1,35,3,2,3,3,0,0,1,0,false,,true,false,false,false,false,,,,,,false,false,true,,,false,false,false,false,false,-83.20808,42.4195,"{
  ""coordinates"": [
    -8.320808021600000e+01,
    4.241949776400000e+01
  ],
  ""type"": ""Point""
}","{
  ""coordinates"": [
    -83.208080216,
    42.419497764
  ],
  ""type"": ""Point""
}",-83.208080216,42.419497764
13618,1059486,FORD,ARTESIAN,2017-06-15,15,6,2017,21,5,6,3,,1,0,,1,1,3,50,8,5,5,4,0,0,0,1,false,,false,false,false,false,false,,,,,,false,false,false,,,false,false,false,false,false,-83.22408,42.32896,"{
  ""coordinates"": [
    -8.322408292999999e+01,
    4.232896310900000e+01
  ],
  ""type"": ""Point""
}","{
  ""coordinates"": [
    -83.22408293,
    42.328963109
  ],
  ""type"": ""Point""
}",-83.22408293,42.328963109
13619,1058177,I 75,NEVADA,2017-06-15,15,6,2017,13,5,1,1,,1,1,,1,2,1,70,4,1,1,5,0,0,0,0,true,,false,false,false,false,false,,,,,,false,false,false,,,false,false,false,false,false,-83.0942,42.42841,"{
  ""coordinates"": [
    -8.309419716500000e+01,
    4.242841514300010e+01
  ],
  ""type"": ""Point""
}","{
  ""coordinates"": [
    -83.094197165,
    42.428415143
  ],
  ""type"": ""Point""
}",-83.094197165,42.4284151430001
13620,1060553,I-75,SAVANNAH,2017-06-15,15,6,2017,21,5,5,9,,4,0,,2,4,4,70,4,2,2,5,0,0,0,0,true,,false,false,false,false,false,,,,,,false,false,false,,,false,false,false,false,false,-83.09309,42.42546,"{
  ""coordinates"": [
    -8.309308772299990e+01,
    4.242546417900010e+01
  ],
  ""type"": ""Point""
}","{
  ""coordinates"": [
    -83.093087723,
    42.425464179
  ],
  ""type"": ""Point""
}",-83.0930877229999,42.4254641790001
13621,1065909,N M 39,I 96 SERVICE DRIVE,2017-06-15,15,6,2017,15,5,5,3,,1,0,,2,4,1,55,3,2,2,5,0,0,0,0,true,,false,false,false,false,false,,,,,,false,false,true,,,false,false,false,false,false,-83.21682,42.37736,"{
  ""coordinates"": [
    -8.321681681000000e+01,
    4.237735557900000e+01
  ],
  ""type"": ""Point""
}","{
  ""coordinates"": [
    -83.21681681,
    42.377355579
  ],
  ""type"": ""Point""
}",-83.21681681,42.377355579
13622,1058230,CADILLAC,E I 94,2017-06-15,15,6,2017,9,5,4,9,,4,0,,1,1,1,30,4,2,3,5,0,0,0,0,true,,false,false,false,false,false,,,,,,false,false,false,,,false,false,false,false,false,-83.00327,42.39196,"{
  ""coordinates"": [
    -8.300326779200000e+01,
    4.239196267700000e+01
  ],
  ""type"": ""Point""
}","{
  ""coordinates"": [
    -83.003267792,
    42.391962677
  ],
  ""type"": ""Point""
}",-83.003267792,42.391962677
13623,1059525,OUTER,7 MILE,2017-06-15,15,6,2017,13,5,4,9,,2,0,,1,1,1,35,8,2,3,4,0,0,0,2,false,,true,true,false,false,false,,,,,,false,false,true,,,false,false,false,false,false,-83.17548,42.43124,"{
  ""coordinates"": [
    -8.317547784999989e+01,
    4.243123470700000e+01
  ],
  ""type"": ""Point""
}","{
  ""coordinates"": [
    -83.17547785,
    42.431234707
  ],
  ""type"": ""Point""
}",-83.1754778499999,42.431234707
13624,1059570,NORFOLK,ILENE,2017-06-15,15,6,2017,17,5,4,9,,,0,,1,1,1,25,2,2,4,4,0,0,0,1,false,,true,false,false,false,false,,,,,,false,true,false,,,false,false,false,false,false,-83.16358,42.44321,"{
  ""coordinates"": [
    -8.316358093900000e+01,
    4.244321508800000e+01
  ],
  ""type"": ""Point""
}","{
  ""coordinates"": [
    -83.163580939,
    42.443215088
  ],
  ""type"": ""Point""
}",-83.163580939,42.443215088
13625,1061451,I-94,MARTIN,2017-06-15,15,6,2017,6,5,5,1,,1,0,,2,4,2,55,3,4,4,5,0,0,0,0,true,,false,false,false,false,false,,,,,,false,false,false,,,false,false,false,false,false,-83.13091,42.33511,"{
  ""coordinates"": [
    -8.313090447600000e+01,
    4.233510920600000e+01
  ],
  ""type"": ""Point""
}","{
  ""coordinates"": [
    -83.130904476,
    42.335109206
  ],
  ""type"": ""Point""
}",-83.130904476,42.335109206
13626,1060580,CASS,WARREN,2017-06-15,15,6,2017,22,5,97,9,,4,0,,1,1,4,35,2,2,4,5,0,0,0,0,true,,false,false,false,false,false,,,,,,false,false,true,,,false,false,false,false,false,-83.06657,42.35585,"{
  ""coordinates"": [
    -8.306657332299990e+01,
    4.235585338200010e+01
  ],
  ""type"": ""Point""
}","{
  ""coordinates"": [
    -83.066573323,
    42.355853382
  ],
  ""type"": ""Point""
}",-83.0665733229999,42.3558533820001