ObjectId,Crash ID,Primary Road,Intersecting Road,Crash Date,Day,Month,Year,Hour,Weekday,Crash Type Code,Highway Classification Code,Community Code,Jurisdiction Code,Lane Departure Type Code,Surface Type,Road Condition,Weather Condition,Lighting Condition,Speed Limit,Lanes,Units,Occupants,Most Severe Injury,Fatal Injuries,Suspected Serious Injuries,Suspected Minor Injuries,Possible Injuries,Property Damage Only,Secondary Crash,Traffic Control,Red Light Run,Hit and Run,Alcohol,Drugs,Unbelted Person,Work Zone,Speeding Driver,Distracted Driver,Driveway,Pedestrian,Elderly Driver,Young Driver,Commercial Vehicle,Emergency Vehicles,Train,School Bus,Motorcycle,Bicycle,Deer,Longitude,Latitude,geom,geog,x,y
13684,1059558,7 MILE,WYOMING,2017-06-14,14,6,2017,17,4,4,9,,2,0,,1,1,1,30,5,2,1,5,0,0,0,0,true,,false,false,true,false,false,,,,,,false,false,false,,,false,false,false,false,false,-83.16061,42.43136,"{
  ""coordinates"": [
    -8.316060966399991e+01,
    4.243136051300010e+01
  ],
  ""type"": ""Point""
}","{
  ""coordinates"": [
    -83.160609664,
    42.431360513
  ],
  ""type"": ""Point""
}",-83.1606096639999,42.4313605130001
13685,1057261,7 MILE,GREENFIELD,2017-06-14,14,6,2017,10,4,5,9,,2,0,,1,1,1,35,4,2,2,5,0,0,0,0,true,,false,false,false,false,false,,,,,,false,false,false,,,false,false,false,false,false,-83.19979,42.43043,"{
  ""coordinates"": [
    -8.319979139299990e+01,
    4.243043043100000e+01
  ],
  ""type"": ""Point""
}","{
  ""coordinates"": [
    -83.199791393,
    42.430430431
  ],
  ""type"": ""Point""
}",-83.1997913929999,42.430430431
13686,1069797,WB I-96,SCHAEFER,2017-06-14,14,6,2017,10,4,1,1,,1,1,,1,1,1,55,4,1,2,4,0,0,0,2,false,,false,false,false,false,false,,,,,,false,false,true,,,false,false,false,false,false,-83.1812,42.38269,"{
  ""coordinates"": [
    -8.318119920200000e+01,
    4.238269271900000e+01
  ],
  ""type"": ""Point""
}","{
  ""coordinates"": [
    -83.181199202,
    42.382692719
  ],
  ""type"": ""Point""
}",-83.181199202,42.382692719
13687,1058271,DAVISON,DEXTER,2017-06-14,14,6,2017,9,4,8,3,,1,0,,1,1,1,35,2,2,1,5,0,0,0,0,true,,false,false,true,false,false,,,,,,false,false,false,,,false,false,false,false,false,-83.13111,42.38966,"{
  ""coordinates"": [
    -8.313111104500000e+01,
    4.238965582600010e+01
  ],
  ""type"": ""Point""
}","{
  ""coordinates"": [
    -83.131111045,
    42.389655826
  ],
  ""type"": ""Point""
}",-83.131111045,42.3896558260001
13688,1060548,I-375,LAFAYETTE,2017-06-14,14,6,2017,8,4,5,1,,1,0,,1,1,1,55,4,2,3,5,0,0,0,0,true,,false,false,false,false,false,,,,,,false,false,false,,,false,false,false,false,false,-83.03705,42.33432,"{
  ""coordinates"": [
    -8.303705163099990e+01,
    4.233431610500000e+01
  ],
  ""type"": ""Point""
}","{
  ""coordinates"": [
    -83.037051631,
    42.334316105
  ],
  ""type"": ""Point""
}",-83.0370516309999,42.334316105
13689,1059561,NORMANDY,FLORENCE,2017-06-14,14,6,2017,2,4,98,9,,,0,,1,1,4,25,4,2,0,5,0,0,0,0,true,,false,false,true,false,false,,,,,,false,false,false,,,false,false,false,false,false,-83.12676,42.41253,"{
  ""coordinates"": [
    -8.312676077400000e+01,
    4.241252931700010e+01
  ],
  ""type"": ""Point""
}","{
  ""coordinates"": [
    -83.126760774,
    42.412529317
  ],
  ""type"": ""Point""
}",-83.126760774,42.4125293170001
13690,1059533,GROESBECK,8 MILE,2017-06-14,14,6,2017,16,4,6,3,,1,0,,1,1,1,30,4,2,4,3,0,0,1,0,false,,false,false,true,false,false,,,,,,false,false,false,,,false,false,false,false,false,-83.00268,42.44893,"{
  ""coordinates"": [
    -8.300267493900000e+01,
    4.244893360200010e+01
  ],
  ""type"": ""Point""
}","{
  ""coordinates"": [
    -83.002674939,
    42.448933602
  ],
  ""type"": ""Point""
}",-83.002674939,42.4489336020001
13691,1059556,8 MILE,STEEL,2017-06-14,14,6,2017,13,4,4,3,,,0,,1,1,1,30,6,2,1,5,0,0,0,0,true,,false,false,false,false,false,,,,,,false,false,false,,,false,false,false,false,false,-83.17346,42.44541,"{
  ""coordinates"": [
    -8.317345825099990e+01,
    4.244540821700010e+01
  ],
  ""type"": ""Point""
}","{
  ""coordinates"": [
    -83.173458251,
    42.445408217
  ],
  ""type"": ""Point""
}",-83.1734582509999,42.4454082170001
13692,1067952,MT ELLIOTT,7 MILE,2017-06-14,14,6,2017,8,4,3,9,,4,0,,1,1,1,35,2,2,2,4,0,0,0,1,false,,false,false,false,false,false,,,,,,false,false,false,,,false,false,false,false,false,-83.03894,42.43369,"{
  ""coordinates"": [
    -8.303894280899991e+01,
    4.243368855600000e+01
  ],
  ""type"": ""Point""
}","{
  ""coordinates"": [
    -83.038942809,
    42.433688556
  ],
  ""type"": ""Point""
}",-83.0389428089999,42.433688556
13693,1059462,TRUMBULL,CALUMET,2017-06-14,14,6,2017,11,4,1,9,,4,0,,1,1,1,25,2,1,1,3,0,0,1,0,false,,false,false,false,false,false,,,,,,false,false,false,,,false,false,false,false,false,-83.07599,42.34733,"{
  ""coordinates"": [
    -8.307598584899991e+01,
    4.234733342900010e+01
  ],
  ""type"": ""Point""
}","{
  ""coordinates"": [
    -83.075985849,
    42.347333429
  ],
  ""type"": ""Point""
}",-83.0759858489999,42.3473334290001
13694,1057273,WAYBURN,LOZIER,2017-06-14,14,6,2017,8,4,98,9,,,3,,1,1,1,25,4,2,1,5,0,0,0,0,true,,false,false,true,false,false,,,,,,false,false,false,,,false,false,false,false,false,-82.94833,42.38995,"{
  ""coordinates"": [
    -8.294832295299990e+01,
    4.238994519200000e+01
  ],
  ""type"": ""Point""
}","{
  ""coordinates"": [
    -82.948322953,
    42.389945192
  ],
  ""type"": ""Point""
}",-82.9483229529999,42.389945192
13695,1057250,HARPER,DEVONSHIRE,2017-06-14,14,6,2017,19,4,4,9,,4,0,,1,1,1,30,4,2,4,5,0,0,0,0,true,,false,false,true,false,false,,,,,,false,false,true,,,false,false,false,false,false,-82.9469,42.40929,"{
  ""coordinates"": [
    -8.294690247100000e+01,
    4.240929563000000e+01
  ],
  ""type"": ""Point""
}","{
  ""coordinates"": [
    -82.946902471,
    42.40929563
  ],
  ""type"": ""Point""
}",-82.946902471,42.40929563
13696,1058288,8 MILE,RALSTON,2017-06-14,14,6,2017,14,4,8,3,,1,0,,1,1,1,40,2,2,2,4,0,0,0,1,false,,false,false,false,false,false,,,,,,false,false,false,,,false,false,false,false,false,-83.11775,42.44659,"{
  ""coordinates"": [
    -8.311774850099989e+01,
    4.244659351800000e+01
  ],
  ""type"": ""Point""
}","{
  ""coordinates"": [
    -83.117748501,
    42.446593518
  ],
  ""type"": ""Point""
}",-83.1177485009999,42.446593518
13697,1057233,MCGRAW,WESSON,2017-06-14,14,6,2017,15,4,4,9,,4,0,,1,2,1,25,2,2,2,3,0,0,1,0,false,,false,false,false,false,false,,,,,,false,true,false,,,false,false,true,false,false,-83.12337,42.34243,"{
  ""coordinates"": [
    -8.312337279400001e+01,
    4.234242784500000e+01
  ],
  ""type"": ""Point""
}","{
  ""coordinates"": [
    -83.123372794,
    42.342427845
  ],
  ""type"": ""Point""
}",-83.123372794,42.342427845
13698,1058195,S/B M-39,8 MILE,2017-06-14,14,6,2017,2,4,8,3,,1,0,,1,1,4,55,3,2,2,5,0,0,0,0,true,,false,false,true,false,false,,,,,,false,false,false,,,false,false,false,false,false,-83.2198,42.44403,"{
  ""coordinates"": [
    -8.321980281700000e+01,
    4.244403020000000e+01
  ],
  ""type"": ""Point""
}","{
  ""coordinates"": [
    -83.219802817,
    42.4440302
  ],
  ""type"": ""Point""
}",-83.219802817,42.4440302
13699,1057268,HAYES,OUTER,2017-06-14,14,6,2017,7,4,4,9,,4,0,,1,1,1,30,3,2,2,5,0,0,0,0,true,,false,false,false,false,false,,,,,,false,false,false,,,false,false,false,false,false,-82.96476,42.41455,"{
  ""coordinates"": [
    -8.296475945700000e+01,
    4.241454967800010e+01
  ],
  ""type"": ""Point""
}","{
  ""coordinates"": [
    -82.964759457,
    42.414549678
  ],
  ""type"": ""Point""
}",-82.964759457,42.4145496780001
13700,1057274,ST ANTOINE,CLINTON,2017-06-14,14,6,2017,9,4,10,9,,4,0,,1,1,1,25,3,2,3,5,0,0,0,0,true,,false,false,false,false,false,,,,,,false,false,false,,,false,false,false,false,false,-83.04199,42.33713,"{
  ""coordinates"": [
    -8.304199026399991e+01,
    4.233713237800000e+01
  ],
  ""type"": ""Point""
}","{
  ""coordinates"": [
    -83.041990264,
    42.337132378
  ],
  ""type"": ""Point""
}",-83.0419902639999,42.337132378
13701,1131256,FRAIRMOUNT,QUEEN,2017-06-14,14,6,2017,8,4,4,9,,,0,,1,1,1,25,2,2,5,4,0,0,0,3,false,,false,false,false,false,false,,,,,,false,false,true,,,false,false,false,false,false,-82.96894,42.44444,"{
  ""coordinates"": [
    -8.296893866900000e+01,
    4.244444445400010e+01
  ],
  ""type"": ""Point""
}","{
  ""coordinates"": [
    -82.968938669,
    42.444444454
  ],
  ""type"": ""Point""
}",-82.968938669,42.4444444540001
13702,1084290,JEFFERSON,MANISTIQUE,2017-06-14,14,6,2017,1,4,8,9,,4,0,,1,1,4,30,2,2,1,5,0,0,0,0,true,,false,false,true,false,false,,,,,,false,false,false,,,false,false,false,false,false,-82.94131,42.37414,"{
  ""coordinates"": [
    -8.294130446500000e+01,
    4.237413656700010e+01
  ],
  ""type"": ""Point""
}","{
  ""coordinates"": [
    -82.941304465,
    42.374136567
  ],
  ""type"": ""Point""
}",-82.941304465,42.3741365670001
13703,1059559,7 MILE,OUTER,2017-06-14,14,6,2017,11,4,4,9,,2,0,,1,1,1,30,5,2,1,5,0,0,0,0,true,,false,false,false,false,false,,,,,,false,false,false,,,false,false,false,false,false,-82.91519,42.4187,"{
  ""coordinates"": [
    -8.291519121499989e+01,
    4.241870248500000e+01
  ],
  ""type"": ""Point""
}","{
  ""coordinates"": [
    -82.915191215,
    42.418702485
  ],
  ""type"": ""Point""
}",-82.9151912149999,42.418702485
13704,1057258,EDINBOROUGH,MCNICHOLS,2017-06-14,14,6,2017,12,4,97,9,,,0,,1,1,1,25,2,2,0,5,0,0,0,0,true,,false,false,false,false,false,,,,,,false,false,false,,,false,false,false,false,false,-83.23396,42.41664,"{
  ""coordinates"": [
    -8.323395904900001e+01,
    4.241663822800010e+01
  ],
  ""type"": ""Point""
}","{
  ""coordinates"": [
    -83.233959049,
    42.416638228
  ],
  ""type"": ""Point""
}",-83.233959049,42.4166382280001
13705,1063463,DAVISION,PETOSKEY,2017-06-14,14,6,2017,10,4,5,3,,1,0,,1,1,1,35,5,2,2,5,0,0,0,0,true,,false,false,false,false,false,,,,,,false,false,true,,,false,false,false,false,false,-83.13537,42.38805,"{
  ""coordinates"": [
    -8.313536764199991e+01,
    4.238805050300000e+01
  ],
  ""type"": ""Point""
}","{
  ""coordinates"": [
    -83.135367642,
    42.388050503
  ],
  ""type"": ""Point""
}",-83.1353676419999,42.388050503
13706,1058241,LAFAYETTE,ORLEANS,2017-06-14,14,6,2017,15,4,4,9,,4,0,,1,1,1,30,4,2,2,4,0,0,0,1,false,,false,false,false,false,false,,,,,,false,false,true,,,false,false,false,false,false,-83.03074,42.33889,"{
  ""coordinates"": [
    -8.303073729000000e+01,
    4.233889223600000e+01
  ],
  ""type"": ""Point""
}","{
  ""coordinates"": [
    -83.03073729,
    42.338892236
  ],
  ""type"": ""Point""
}",-83.03073729,42.338892236
13707,1057190,I-96,TELEGRAPH,2017-06-14,14,6,2017,18,4,5,1,,1,0,,1,1,1,70,4,2,2,5,0,0,0,0,true,,false,false,false,false,false,,,,,,false,false,false,,,false,false,false,false,false,-83.26627,42.38579,"{
  ""coordinates"": [
    -8.326627631199990e+01,
    4.238578818600010e+01
  ],
  ""type"": ""Point""
}","{
  ""coordinates"": [
    -83.266276312,
    42.385788186
  ],
  ""type"": ""Point""
}",-83.2662763119999,42.3857881860001
13708,1058217,LODGE SER,FOREST,2017-06-14,14,6,2017,9,4,8,3,,4,0,,1,1,1,35,3,2,3,5,0,0,0,0,true,,false,false,false,false,false,,,,,,false,true,false,,,false,false,false,false,false,-83.0717,42.3517,"{
  ""coordinates"": [
    -8.307169839399999e+01,
    4.235170160400000e+01
  ],
  ""type"": ""Point""
}","{
  ""coordinates"": [
    -83.071698394,
    42.351701604
  ],
  ""type"": ""Point""
}",-83.071698394,42.351701604
13709,1058186,W I 94,FRONTENAC,2017-06-14,14,6,2017,14,4,8,1,,1,0,,1,1,1,55,3,2,3,3,0,0,2,0,false,,false,false,false,false,false,,,,,,false,false,false,,,false,false,true,false,false,-83.02791,42.38453,"{
  ""coordinates"": [
    -8.302790881300000e+01,
    4.238452499800010e+01
  ],
  ""type"": ""Point""
}","{
  ""coordinates"": [
    -83.027908813,
    42.384524998
  ],
  ""type"": ""Point""
}",-83.027908813,42.3845249980001
13710,1056161,BURT,VASSAR,2017-06-14,14,6,2017,0,4,4,9,,4,0,,1,1,4,25,2,2,2,5,0,0,0,0,true,,true,false,false,false,false,,,,,,false,false,false,,,false,false,false,false,false,-83.24874,42.43295,"{
  ""coordinates"": [
    -8.324873837699990e+01,
    4.243294599500010e+01
  ],
  ""type"": ""Point""
}","{
  ""coordinates"": [
    -83.248738377,
    42.432945995
  ],
  ""type"": ""Point""
}",-83.2487383769999,42.4329459950001
13711,1058213,MARTIN LUTHER KING JR,CASS,2017-06-14,14,6,2017,14,4,4,9,,4,0,,1,1,1,25,8,2,3,5,0,0,0,0,true,,true,true,false,false,false,,,,,,false,false,true,,,false,false,false,false,false,-83.06075,42.34565,"{
  ""coordinates"": [
    -8.306075395999990e+01,
    4.234565370300000e+01
  ],
  ""type"": ""Point""
}","{
  ""coordinates"": [
    -83.06075396,
    42.345653703
  ],
  ""type"": ""Point""
}",-83.0607539599999,42.345653703
13712,1057226,GRAND,S M 10,2017-06-14,14,6,2017,13,4,4,9,,4,0,,1,2,1,30,6,2,2,5,0,0,0,0,true,,false,false,false,false,false,,,,,,false,true,true,,,false,false,false,false,false,-83.08185,42.36697,"{
  ""coordinates"": [
    -8.308184525500000e+01,
    4.236696773300010e+01
  ],
  ""type"": ""Point""
}","{
  ""coordinates"": [
    -83.081845255,
    42.366967733
  ],
  ""type"": ""Point""
}",-83.081845255,42.3669677330001
13713,1058218,MILWAUKEE,3RD,2017-06-14,14,6,2017,17,4,5,9,,4,0,,1,1,1,25,2,2,2,5,0,0,0,0,true,,false,false,false,false,false,,,,,,false,true,false,,,false,false,false,false,false,-83.07862,42.36684,"{
  ""coordinates"": [
    -8.307861863900000e+01,
    4.236684353400010e+01
  ],
  ""type"": ""Point""
}","{
  ""coordinates"": [
    -83.078618639,
    42.366843534
  ],
  ""type"": ""Point""
}",-83.078618639,42.3668435340001
13714,1061452,E I 94,GRAND,2017-06-14,14,6,2017,15,4,5,1,,1,0,,1,1,1,55,3,2,2,5,0,0,0,0,true,,false,false,false,false,false,,,,,,false,true,true,,,false,false,false,false,false,-83.10878,42.34689,"{
  ""coordinates"": [
    -8.310878344799990e+01,
    4.234688582200000e+01
  ],
  ""type"": ""Point""
}","{
  ""coordinates"": [
    -83.108783448,
    42.346885822
  ],
  ""type"": ""Point""
}",-83.1087834479999,42.346885822
13715,1056102,I-75,7 MILE,2017-06-13,13,6,2017,18,3,5,1,,1,0,,1,1,1,55,4,2,2,5,0,0,0,0,true,,false,false,false,false,false,,,,,,false,true,false,,,false,false,false,false,false,-83.09467,42.43269,"{
  ""coordinates"": [
    -8.309466879099990e+01,
    4.243269231200000e+01
  ],
  ""type"": ""Point""
}","{
  ""coordinates"": [
    -83.094668791,
    42.432692312
  ],
  ""type"": ""Point""
}",-83.0946687909999,42.432692312
13716,1056168,CORAM,REX,2017-06-13,13,6,2017,8,3,1,9,,,1,,1,1,1,25,1,1,1,4,0,0,0,1,false,,false,false,false,false,false,,,,,,false,false,false,,,false,false,false,false,false,-82.95754,42.43828,"{
  ""coordinates"": [
    -8.295754338800000e+01,
    4.243828226400010e+01
  ],
  ""type"": ""Point""
}","{
  ""coordinates"": [
    -82.957543388,
    42.438282264
  ],
  ""type"": ""Point""
}",-82.957543388,42.4382822640001
13717,1056181,7 MILE,DEAN,2017-06-13,13,6,2017,17,3,5,9,,4,0,,1,1,1,35,2,3,3,5,0,0,0,0,true,,false,false,false,false,false,,,,,,false,false,false,,,false,false,false,false,false,-83.06169,42.43317,"{
  ""coordinates"": [
    -8.306168940500000e+01,
    4.243316823800010e+01
  ],
  ""type"": ""Point""
}","{
  ""coordinates"": [
    -83.061689405,
    42.433168238
  ],
  ""type"": ""Point""
}",-83.061689405,42.4331682380001
13718,1056159,FOREST,GRAND,2017-06-13,13,6,2017,14,3,4,9,,4,0,,1,1,1,30,3,2,2,4,0,0,0,1,false,,true,true,false,false,false,,,,,,false,true,true,,,false,false,false,false,false,-83.01778,42.37149,"{
  ""coordinates"": [
    -8.301778203100000e+01,
    4.237148771600000e+01
  ],
  ""type"": ""Point""
}","{
  ""coordinates"": [
    -83.017782031,
    42.371487716
  ],
  ""type"": ""Point""
}",-83.017782031,42.371487716
13719,1069874,WARREN,VINEWOOD,2017-06-13,13,6,2017,15,3,4,9,,4,0,,1,1,1,35,4,2,2,5,0,0,0,0,true,,false,false,false,false,false,,,,,,false,false,false,,,false,false,false,false,false,-83.10616,42.34483,"{
  ""coordinates"": [
    -8.310615344199989e+01,
    4.234483093900010e+01
  ],
  ""type"": ""Point""
}","{
  ""coordinates"": [
    -83.106153442,
    42.344830939
  ],
  ""type"": ""Point""
}",-83.1061534419999,42.3448309390001
13720,1057241,FORT,WHEELOCK,2017-06-13,13,6,2017,2,3,4,3,,1,0,,1,1,4,35,5,2,2,2,0,1,0,0,false,,false,false,false,false,false,,,,,,false,false,false,,,false,false,false,false,false,-83.11494,42.30186,"{
  ""coordinates"": [
    -8.311494498000000e+01,
    4.230185847700010e+01
  ],
  ""type"": ""Point""
}","{
  ""coordinates"": [
    -83.11494498,
    42.301858477
  ],
  ""type"": ""Point""
}",-83.11494498,42.3018584770001
13721,1057253,JOY,HEYDEN,2017-06-13,13,6,2017,15,3,8,9,,2,0,,1,1,1,35,4,2,3,4,0,0,0,1,false,,false,false,false,false,false,,,,,,false,true,false,,,false,false,false,false,false,-83.23875,42.35752,"{
  ""coordinates"": [
    -8.323874750999990e+01,
    4.235752528700000e+01
  ],
  ""type"": ""Point""
}","{
  ""coordinates"": [
    -83.23874751,
    42.357525287
  ],
  ""type"": ""Point""
}",-83.2387475099999,42.357525287
13722,1058293,7 MILE,7 MILE,2017-06-13,13,6,2017,14,3,8,9,,2,0,,1,1,1,35,4,2,2,5,0,0,0,0,true,,false,false,true,false,false,,,,,,false,true,false,,,false,false,false,false,false,-83.12858,42.43184,"{
  ""coordinates"": [
    -8.312857568699999e+01,
    4.243183832900010e+01
  ],
  ""type"": ""Point""
}","{
  ""coordinates"": [
    -83.128575687,
    42.431838329
  ],
  ""type"": ""Point""
}",-83.128575687,42.4318383290001
13723,1056111,7 MILE,MOENART,2017-06-13,13,6,2017,3,3,1,9,,4,0,,1,1,4,0,2,1,1,5,0,0,0,0,true,,false,false,false,false,false,,,,,,false,false,true,,,false,false,false,false,false,-83.05022,42.43342,"{
  ""coordinates"": [
    -8.305022442099990e+01,
    4.243341742300000e+01
  ],
  ""type"": ""Point""
}","{
  ""coordinates"": [
    -83.050224421,
    42.433417423
  ],
  ""type"": ""Point""
}",-83.0502244209999,42.433417423
13724,1062460,7 MILE,S M 10,2017-06-13,13,6,2017,16,3,5,9,,2,0,,1,1,1,0,3,2,2,5,0,0,0,0,true,,false,false,false,false,false,,,,,,false,true,false,,,false,false,false,false,false,-83.18716,42.43083,"{
  ""coordinates"": [
    -8.318715397900000e+01,
    4.243082797900010e+01
  ],
  ""type"": ""Point""
}","{
  ""coordinates"": [
    -83.187153979,
    42.430827979
  ],
  ""type"": ""Point""
}",-83.187153979,42.4308279790001
13725,1059564,MCNICHOLS,ILENE,2017-06-13,13,6,2017,0,3,5,9,,2,0,,1,1,4,35,4,2,1,4,0,0,0,1,false,,false,false,true,false,false,,,,,,false,false,false,,,false,false,false,false,false,-83.16248,42.41688,"{
  ""coordinates"": [
    -8.316247674999990e+01,
    4.241687789000010e+01
  ],
  ""type"": ""Point""
}","{
  ""coordinates"": [
    -83.16247675,
    42.41687789
  ],
  ""type"": ""Point""
}",-83.1624767499999,42.4168778900001
13726,1058188,I-375,LARNED,2017-06-13,13,6,2017,8,3,5,1,,1,0,,1,1,1,35,2,2,2,5,0,0,0,0,true,,false,false,false,false,false,,,,,,false,false,false,,,false,false,false,false,false,-83.03722,42.33457,"{
  ""coordinates"": [
    -8.303721725600001e+01,
    4.233456920200010e+01
  ],
  ""type"": ""Point""
}","{
  ""coordinates"": [
    -83.037217256,
    42.334569202
  ],
  ""type"": ""Point""
}",-83.037217256,42.3345692020001
13727,1056140,PEMBROKE,EVERGREEN,2017-06-13,13,6,2017,16,3,97,9,,,0,,1,1,1,35,2,2,1,5,0,0,0,0,true,,false,false,true,false,false,,,,,,false,false,false,,,false,false,false,false,false,-83.2398,42.43676,"{
  ""coordinates"": [
    -8.323980040799999e+01,
    4.243676445300010e+01
  ],
  ""type"": ""Point""
}","{
  ""coordinates"": [
    -83.239800408,
    42.436764453
  ],
  ""type"": ""Point""
}",-83.239800408,42.4367644530001
13728,1056123,GREENFIELD,SCHOOLCRAFT,2017-06-13,13,6,2017,17,3,97,9,,2,0,,1,1,1,35,4,3,3,5,0,0,0,0,true,,false,false,false,false,false,,,,,,false,false,false,,,false,false,false,false,false,-83.19816,42.38699,"{
  ""coordinates"": [
    -8.319816154999999e+01,
    4.238698636400010e+01
  ],
  ""type"": ""Point""
}","{
  ""coordinates"": [
    -83.19816155,
    42.386986364
  ],
  ""type"": ""Point""
}",-83.19816155,42.3869863640001
13729,1056100,M-10,MEYERS,2017-06-13,13,6,2017,17,3,5,3,,1,0,,1,1,1,55,3,2,2,5,0,0,0,0,true,,false,false,false,false,false,,,,,,false,false,false,,,false,false,false,false,false,-83.17014,42.41434,"{
  ""coordinates"": [
    -8.317013556900000e+01,
    4.241433984800010e+01
  ],
  ""type"": ""Point""
}","{
  ""coordinates"": [
    -83.170135569,
    42.414339848
  ],
  ""type"": ""Point""
}",-83.170135569,42.4143398480001
13730,1059553,N M 10,MCNICHOLS,2017-06-13,13,6,2017,15,3,8,3,,1,0,,1,1,1,30,5,2,3,5,0,0,0,0,true,,false,false,true,false,false,,,,,,false,false,false,,,false,false,false,false,false,-83.17202,42.41661,"{
  ""coordinates"": [
    -8.317202305799999e+01,
    4.241661223600000e+01
  ],
  ""type"": ""Point""
}","{
  ""coordinates"": [
    -83.172023058,
    42.416612236
  ],
  ""type"": ""Point""
}",-83.172023058,42.416612236
13731,1057227,ADAMS,WOODWARD,2017-06-13,13,6,2017,23,3,5,3,,4,0,,1,1,4,30,3,2,2,5,0,0,0,0,true,,false,false,true,false,false,,,,,,false,false,true,,,false,false,false,false,false,-83.05089,42.33699,"{
  ""coordinates"": [
    -8.305088555600000e+01,
    4.233698720500010e+01
  ],
  ""type"": ""Point""
}","{
  ""coordinates"": [
    -83.050885556,
    42.336987205
  ],
  ""type"": ""Point""
}",-83.050885556,42.3369872050001
13732,1059569,MCNICHOLS,LOG CABIN,2017-06-13,13,6,2017,10,3,5,9,,4,0,,1,1,1,25,2,4,0,5,0,0,0,0,true,,false,false,true,false,false,,,,,,false,true,false,,,false,false,false,false,false,-83.12101,42.41751,"{
  ""coordinates"": [
    -8.312101164599990e+01,
    4.241750950800010e+01
  ],
  ""type"": ""Point""
}","{
  ""coordinates"": [
    -83.121011646,
    42.417509508
  ],
  ""type"": ""Point""
}",-83.1210116459999,42.4175095080001
13733,1057237,VERNOR,LIVERNOIS,2017-06-13,13,6,2017,21,3,4,9,,4,0,,1,1,4,35,5,2,2,5,0,0,0,0,true,,true,true,true,false,false,,,,,,false,false,false,,,false,false,false,false,false,-83.10997,42.31562,"{
  ""coordinates"": [
    -8.310997371600000e+01,
    4.231562040300000e+01
  ],
  ""type"": ""Point""
}","{
  ""coordinates"": [
    -83.109973716,
    42.315620403
  ],
  ""type"": ""Point""
}",-83.109973716,42.315620403
13734,1059554,SB I-75,WARREN,2017-06-13,13,6,2017,8,3,8,1,,1,0,,1,1,1,70,4,2,3,5,0,0,0,0,true,,false,false,false,false,false,,,,,,false,true,false,,,false,false,false,false,false,-83.05478,42.36126,"{
  ""coordinates"": [
    -8.305478195200000e+01,
    4.236125983000010e+01
  ],
  ""type"": ""Point""
}","{
  ""coordinates"": [
    -83.054781952,
    42.36125983
  ],
  ""type"": ""Point""
}",-83.054781952,42.3612598300001
13735,1054982,WYOMING,WESTFIELD,2017-06-13,13,6,2017,6,3,1,9,,4,1,,1,1,2,35,2,1,1,3,0,0,1,0,false,,false,false,false,false,false,,,,,,false,false,false,,,false,false,false,false,false,-83.15812,42.3638,"{
  ""coordinates"": [
    -8.315811632200000e+01,
    4.236380458700010e+01
  ],
  ""type"": ""Point""
}","{
  ""coordinates"": [
    -83.158116322,
    42.363804587
  ],
  ""type"": ""Point""
}",-83.158116322,42.3638045870001
13736,1056162,OUTER,GREINER,2017-06-13,13,6,2017,14,3,5,9,,2,0,,1,1,1,35,3,2,4,3,0,0,2,0,false,,false,false,false,false,false,,,,,,false,false,true,,,false,false,false,false,false,-83.01402,42.42699,"{
  ""coordinates"": [
    -8.301401710700000e+01,
    4.242699386700010e+01
  ],
  ""type"": ""Point""
}","{
  ""coordinates"": [
    -83.014017107,
    42.426993867
  ],
  ""type"": ""Point""
}",-83.014017107,42.4269938670001
13737,1056152,OUTER,SOUTHFIELD SERVICE DRIVE,2017-06-13,13,6,2017,11,3,4,9,,2,0,,1,1,1,30,4,2,1,5,0,0,0,0,true,,false,false,true,false,false,,,,,,false,false,true,,,false,false,false,false,false,-83.21936,42.41907,"{
  ""coordinates"": [
    -8.321935996699990e+01,
    4.241907022700010e+01
  ],
  ""type"": ""Point""
}","{
  ""coordinates"": [
    -83.219359967,
    42.419070227
  ],
  ""type"": ""Point""
}",-83.2193599669999,42.4190702270001
13738,1061531,JOSEPH CAMPAU,MINNESOTA,2017-06-13,13,6,2017,6,3,98,9,,4,3,,1,1,1,25,2,2,0,2,0,1,0,0,false,,false,false,true,false,false,,,,,,false,false,false,,,false,false,false,false,false,-83.0731,42.4234,"{
  ""coordinates"": [
    -8.307310446400000e+01,
    4.242340251100010e+01
  ],
  ""type"": ""Point""
}","{
  ""coordinates"": [
    -83.073104464,
    42.423402511
  ],
  ""type"": ""Point""
}",-83.073104464,42.4234025110001
13739,1059513,MCNICHOLS,GILCHRIST,2017-06-13,13,6,2017,4,3,97,9,,2,0,,1,1,4,30,5,2,1,5,0,0,0,0,true,,false,false,true,false,false,,,,,,false,false,false,,,false,false,false,false,false,-83.21217,42.4157,"{
  ""coordinates"": [
    -8.321216919499990e+01,
    4.241570318300010e+01
  ],
  ""type"": ""Point""
}","{
  ""coordinates"": [
    -83.212169195,
    42.415703183
  ],
  ""type"": ""Point""
}",-83.2121691949999,42.4157031830001
13740,1057235,GILBERT,PELOUZE,2017-06-13,13,6,2017,16,3,4,9,,,0,,1,1,1,25,2,2,2,4,0,0,0,1,false,,true,false,true,false,false,,,,,,false,false,false,,,false,false,false,false,false,-83.12461,42.33459,"{
  ""coordinates"": [
    -8.312461345100000e+01,
    4.233459143200000e+01
  ],
  ""type"": ""Point""
}","{
  ""coordinates"": [
    -83.124613451,
    42.334591432
  ],
  ""type"": ""Point""
}",-83.124613451,42.334591432