ObjectId,Crash ID,Primary Road,Intersecting Road,Crash Date,Day,Month,Year,Hour,Weekday,Crash Type Code,Highway Classification Code,Community Code,Jurisdiction Code,Lane Departure Type Code,Surface Type,Road Condition,Weather Condition,Lighting Condition,Speed Limit,Lanes,Units,Occupants,Most Severe Injury,Fatal Injuries,Suspected Serious Injuries,Suspected Minor Injuries,Possible Injuries,Property Damage Only,Secondary Crash,Traffic Control,Red Light Run,Hit and Run,Alcohol,Drugs,Unbelted Person,Work Zone,Speeding Driver,Distracted Driver,Driveway,Pedestrian,Elderly Driver,Young Driver,Commercial Vehicle,Emergency Vehicles,Train,School Bus,Motorcycle,Bicycle,Deer,Longitude,Latitude,geom,geog,x,y
13741,1059575,PINEHURST,GROVE,2017-06-13,13,6,2017,12,3,4,9,,,0,,1,1,1,25,1,2,4,5,0,0,0,0,true,,false,false,true,false,false,,,,,,false,true,false,,,false,false,false,false,false,-83.16676,42.41434,"{
  ""coordinates"": [
    -8.316676320099999e+01,
    4.241433760000010e+01
  ],
  ""type"": ""Point""
}","{
  ""coordinates"": [
    -83.166763201,
    42.4143376
  ],
  ""type"": ""Point""
}",-83.166763201,42.4143376000001
13742,1056137,ALEXANDRINE,WOODWARD,2017-06-13,13,6,2017,16,3,5,3,,4,3,,1,1,1,30,2,2,2,5,0,0,0,0,true,,false,false,false,false,false,,,,,,false,false,false,,,false,false,false,false,false,-83.05978,42.35069,"{
  ""coordinates"": [
    -8.305977494800000e+01,
    4.235068566600010e+01
  ],
  ""type"": ""Point""
}","{
  ""coordinates"": [
    -83.059774948,
    42.350685666
  ],
  ""type"": ""Point""
}",-83.059774948,42.3506856660001
13743,1056174,GREENWAY,BEECHWOOD,2017-06-13,13,6,2017,16,3,8,9,,,0,,1,1,1,25,2,2,2,5,0,0,0,0,true,,false,false,false,false,false,,,,,,false,false,false,,,false,false,false,false,false,-83.13505,42.36472,"{
  ""coordinates"": [
    -8.313504524500000e+01,
    4.236472434300000e+01
  ],
  ""type"": ""Point""
}","{
  ""coordinates"": [
    -83.135045245,
    42.364724343
  ],
  ""type"": ""Point""
}",-83.135045245,42.364724343
13744,1073916,RAMP 125C,S M 10,2017-06-13,13,6,2017,4,3,2,3,,1,2,,1,1,1,55,3,2,3,5,0,0,0,0,true,,false,false,false,false,false,,,,,,false,false,false,,,false,false,false,false,false,-83.05269,42.32633,"{
  ""coordinates"": [
    -8.305268849899990e+01,
    4.232633252100000e+01
  ],
  ""type"": ""Point""
}","{
  ""coordinates"": [
    -83.052688499,
    42.326332521
  ],
  ""type"": ""Point""
}",-83.0526884989999,42.326332521
13745,1056153,WARREN,S I 75,2017-06-13,13,6,2017,16,3,8,9,,4,0,,1,1,1,30,6,2,3,5,0,0,0,0,true,,false,false,false,false,false,,,,,,false,false,false,,,false,false,false,false,false,-83.05456,42.36072,"{
  ""coordinates"": [
    -8.305455430400001e+01,
    4.236071919000010e+01
  ],
  ""type"": ""Point""
}","{
  ""coordinates"": [
    -83.054554304,
    42.36071919
  ],
  ""type"": ""Point""
}",-83.054554304,42.3607191900001
13746,1062415,8 MILE,APPOLINE,2017-06-13,13,6,2017,14,3,4,3,,1,0,,1,1,1,0,4,2,2,5,0,0,0,0,true,,false,false,false,false,false,,,,,,false,false,false,,,false,false,false,false,false,-83.1725,42.44538,"{
  ""coordinates"": [
    -8.317250340399990e+01,
    4.244537667000000e+01
  ],
  ""type"": ""Point""
}","{
  ""coordinates"": [
    -83.172503404,
    42.44537667
  ],
  ""type"": ""Point""
}",-83.1725034039999,42.44537667
13747,1058272,JEFFERSON,SAINT AUBIN,2017-06-13,13,6,2017,16,3,9,9,,4,2,,1,1,1,35,4,2,0,5,0,0,0,0,true,,false,false,true,false,false,,,,,,false,false,false,,,false,false,false,false,false,-83.02752,42.33615,"{
  ""coordinates"": [
    -8.302752015500000e+01,
    4.233614655300000e+01
  ],
  ""type"": ""Point""
}","{
  ""coordinates"": [
    -83.027520155,
    42.336146553
  ],
  ""type"": ""Point""
}",-83.027520155,42.336146553
13748,1075096,W I 96,MARTIN LUTHER KING JR,2017-06-13,13,6,2017,14,3,4,1,,1,0,,1,1,1,25,5,2,3,5,0,0,0,0,true,,false,false,false,false,false,,,,,,false,false,true,,,false,false,false,false,false,-83.09046,42.33621,"{
  ""coordinates"": [
    -8.309045883499989e+01,
    4.233620897500000e+01
  ],
  ""type"": ""Point""
}","{
  ""coordinates"": [
    -83.090458835,
    42.336208975
  ],
  ""type"": ""Point""
}",-83.0904588349999,42.336208975
13749,1056163,FAIRMOUNT,ANNOTT,2017-06-13,13,6,2017,10,3,4,9,,,0,,1,1,1,25,2,2,0,5,0,0,0,0,true,,false,false,true,false,false,,,,,,false,false,false,,,false,false,false,false,false,-83.00259,42.44358,"{
  ""coordinates"": [
    -8.300259427000000e+01,
    4.244357585400010e+01
  ],
  ""type"": ""Point""
}","{
  ""coordinates"": [
    -83.00259427,
    42.443575854
  ],
  ""type"": ""Point""
}",-83.00259427,42.4435758540001
13750,1058193,I-94,VANDYKE,2017-06-13,13,6,2017,16,3,1,1,,1,1,,1,1,1,55,3,1,1,5,0,0,0,0,true,,false,false,false,false,false,,,,,,false,true,false,,,false,false,false,false,false,-83.01842,42.38694,"{
  ""coordinates"": [
    -8.301842467199999e+01,
    4.238694120300000e+01
  ],
  ""type"": ""Point""
}","{
  ""coordinates"": [
    -83.018424672,
    42.386941203
  ],
  ""type"": ""Point""
}",-83.018424672,42.386941203
13751,1057271,VAN DYKE,GRATIOT,2017-06-13,13,6,2017,15,3,97,3,,4,0,,1,1,1,35,4,2,1,5,0,0,0,0,true,,false,false,true,false,false,,,,,,false,false,true,,,false,false,false,false,false,-83.01455,42.37865,"{
  ""coordinates"": [
    -8.301455065000000e+01,
    4.237865193300010e+01
  ],
  ""type"": ""Point""
}","{
  ""coordinates"": [
    -83.01455065,
    42.378651933
  ],
  ""type"": ""Point""
}",-83.01455065,42.3786519330001
13752,1118107,MICHIGAN,CLARK,2017-06-13,13,6,2017,19,3,4,2,,1,0,,1,2,4,35,5,2,1,5,0,0,0,0,true,,false,false,false,false,false,,,,,,false,false,false,,,false,false,false,false,false,-83.10239,42.33115,"{
  ""coordinates"": [
    -8.310238983900000e+01,
    4.233114480100010e+01
  ],
  ""type"": ""Point""
}","{
  ""coordinates"": [
    -83.102389839,
    42.331144801
  ],
  ""type"": ""Point""
}",-83.102389839,42.3311448010001
13753,1060533,I-96,TELEGRAPH,2017-06-13,13,6,2017,7,3,5,1,,1,0,,1,1,1,70,5,2,1,5,0,0,0,0,true,,false,false,true,false,false,,,,,,false,false,false,,,false,false,false,false,false,-83.26627,42.38579,"{
  ""coordinates"": [
    -8.326627631199990e+01,
    4.238578818600010e+01
  ],
  ""type"": ""Point""
}","{
  ""coordinates"": [
    -83.266276312,
    42.385788186
  ],
  ""type"": ""Point""
}",-83.2662763119999,42.3857881860001
13754,1057244,CHALMERS,KERCHEVAL,2017-06-13,13,6,2017,10,3,98,9,,4,0,,1,1,1,0,5,2,0,5,0,0,0,0,true,,false,false,true,false,false,,,,,,true,false,false,,,false,false,false,false,false,-82.94778,42.37848,"{
  ""coordinates"": [
    -8.294778259100001e+01,
    4.237847595400010e+01
  ],
  ""type"": ""Point""
}","{
  ""coordinates"": [
    -82.947782591,
    42.378475954
  ],
  ""type"": ""Point""
}",-82.947782591,42.3784759540001
13755,1058194,W I 94,RAMP 211B,2017-06-13,13,6,2017,17,3,5,1,,1,0,,1,2,1,55,3,2,2,5,0,0,0,0,true,,false,false,false,false,false,,,,,,false,true,false,,,false,false,false,false,false,-83.14806,42.33086,"{
  ""coordinates"": [
    -8.314806437999989e+01,
    4.233086317500000e+01
  ],
  ""type"": ""Point""
}","{
  ""coordinates"": [
    -83.14806438,
    42.330863175
  ],
  ""type"": ""Point""
}",-83.1480643799999,42.330863175
13756,1056156,MITCHELL,OUTER,2017-06-13,13,6,2017,7,3,4,9,,,0,,1,1,1,35,5,2,2,4,0,0,0,2,false,,false,false,false,false,false,,,,,,false,false,false,,,false,false,false,false,false,-83.07263,42.44017,"{
  ""coordinates"": [
    -8.307262846799991e+01,
    4.244016696900010e+01
  ],
  ""type"": ""Point""
}","{
  ""coordinates"": [
    -83.072628468,
    42.440166969
  ],
  ""type"": ""Point""
}",-83.0726284679999,42.4401669690001
13757,1074386,GREENFIELD,TIREMAN,2017-06-13,13,6,2017,12,3,4,9,,2,0,,1,1,1,30,2,2,3,5,0,0,0,0,true,,true,true,false,false,false,,,,,,false,true,true,,,false,false,false,false,false,-83.1966,42.35089,"{
  ""coordinates"": [
    -8.319660457799991e+01,
    4.235089670200010e+01
  ],
  ""type"": ""Point""
}","{
  ""coordinates"": [
    -83.196604578,
    42.350896702
  ],
  ""type"": ""Point""
}",-83.1966045779999,42.3508967020001
13758,1056160,GLENHURST,CLARITA,2017-06-13,13,6,2017,20,3,5,9,,,0,,1,1,1,25,2,2,0,5,0,0,0,0,true,,false,false,false,false,false,,,,,,false,false,false,,,false,false,false,false,false,-83.27048,42.42699,"{
  ""coordinates"": [
    -8.327048331700000e+01,
    4.242698739200010e+01
  ],
  ""type"": ""Point""
}","{
  ""coordinates"": [
    -83.270483317,
    42.426987392
  ],
  ""type"": ""Point""
}",-83.270483317,42.4269873920001
13759,1056167,GRATIOT,GUNSTON,2017-06-13,13,6,2017,12,3,5,3,,1,0,,1,1,1,35,7,2,6,5,0,0,0,0,true,,false,false,false,false,false,,,,,,false,false,true,,,false,false,false,false,false,-82.99505,42.40865,"{
  ""coordinates"": [
    -8.299505086900000e+01,
    4.240864814100010e+01
  ],
  ""type"": ""Point""
}","{
  ""coordinates"": [
    -82.995050869,
    42.408648141
  ],
  ""type"": ""Point""
}",-82.995050869,42.4086481410001
13760,1058238,TIREMAN,ASHTON,2017-06-13,13,6,2017,18,3,1,9,,4,0,,1,1,1,25,4,2,1,4,0,0,0,1,false,,false,false,false,false,false,,,,,,true,false,false,,,false,false,false,false,false,-83.21754,42.35061,"{
  ""coordinates"": [
    -8.321753510600000e+01,
    4.235060771900000e+01
  ],
  ""type"": ""Point""
}","{
  ""coordinates"": [
    -83.217535106,
    42.350607719
  ],
  ""type"": ""Point""
}",-83.217535106,42.350607719
13761,1059555,8 MILE,MOUND,2017-06-13,13,6,2017,15,3,10,3,,1,0,,1,1,1,40,4,2,2,5,0,0,0,0,true,,false,false,false,false,false,,,,,,false,false,true,,,false,false,false,false,false,-83.04399,42.44778,"{
  ""coordinates"": [
    -8.304398941999990e+01,
    4.244777764400000e+01
  ],
  ""type"": ""Point""
}","{
  ""coordinates"": [
    -83.04398942,
    42.447777644
  ],
  ""type"": ""Point""
}",-83.0439894199999,42.447777644
13762,1057225,OAKMAN,WYOMING,2017-06-13,13,6,2017,7,3,4,9,,4,0,,1,1,1,35,4,2,3,5,0,0,0,0,true,,false,false,false,false,false,,,,,,false,false,false,,,false,false,false,false,false,-83.15784,42.36172,"{
  ""coordinates"": [
    -8.315784769000000e+01,
    4.236172367400010e+01
  ],
  ""type"": ""Point""
}","{
  ""coordinates"": [
    -83.15784769,
    42.361723674
  ],
  ""type"": ""Point""
}",-83.15784769,42.3617236740001
13763,1058225,FORT,GREEN,2017-06-13,13,6,2017,4,3,1,3,,1,1,,1,1,4,0,2,1,1,5,0,0,0,0,true,,false,false,false,false,false,,,,,,false,false,false,,,false,false,false,false,false,-83.1132,42.30254,"{
  ""coordinates"": [
    -8.311319661200000e+01,
    4.230253758200010e+01
  ],
  ""type"": ""Point""
}","{
  ""coordinates"": [
    -83.113196612,
    42.302537582
  ],
  ""type"": ""Point""
}",-83.113196612,42.3025375820001
13764,1062364,E/B I-94,WYOMING,2017-06-13,13,6,2017,9,3,5,1,,1,0,,1,1,1,70,3,2,2,5,0,0,0,0,true,,false,false,false,false,false,,,,,,false,false,true,,,false,false,false,false,false,-83.15387,42.32938,"{
  ""coordinates"": [
    -8.315386767299999e+01,
    4.232938012800000e+01
  ],
  ""type"": ""Point""
}","{
  ""coordinates"": [
    -83.153867673,
    42.329380128
  ],
  ""type"": ""Point""
}",-83.153867673,42.329380128
13765,1059547,S I 75,7 MILE,2017-06-13,13,6,2017,14,3,5,1,,1,0,,1,1,1,30,5,2,1,5,0,0,0,0,true,,false,false,true,false,false,,,,,,false,false,false,,,false,false,false,false,false,-83.09492,42.43252,"{
  ""coordinates"": [
    -8.309492382699990e+01,
    4.243252366100010e+01
  ],
  ""type"": ""Point""
}","{
  ""coordinates"": [
    -83.094923827,
    42.432523661
  ],
  ""type"": ""Point""
}",-83.0949238269999,42.4325236610001
13766,1056175,DAVISON,E M 8,2017-06-13,13,6,2017,17,3,98,3,,1,0,,1,1,1,35,3,2,2,5,0,0,0,0,true,,false,false,false,false,false,,,,,,false,false,false,,,false,false,false,false,false,-83.1113,42.39727,"{
  ""coordinates"": [
    -8.311129647800000e+01,
    4.239726846700010e+01
  ],
  ""type"": ""Point""
}","{
  ""coordinates"": [
    -83.111296478,
    42.397268467
  ],
  ""type"": ""Point""
}",-83.111296478,42.3972684670001
13767,1095860,WOODWARD,PARSON,2017-06-13,13,6,2017,8,3,7,3,,1,0,,1,1,1,35,3,2,2,5,0,0,0,0,true,,false,false,false,true,true,,,,,,false,false,false,,,false,false,false,false,false,-83.05878,42.34874,"{
  ""coordinates"": [
    -8.305877583400000e+01,
    4.234873520700010e+01
  ],
  ""type"": ""Point""
}","{
  ""coordinates"": [
    -83.058775834,
    42.348735207
  ],
  ""type"": ""Point""
}",-83.058775834,42.3487352070001
13768,1058189,M-39,WARREN,2017-06-13,13,6,2017,16,3,5,3,,1,0,,1,1,1,55,3,3,3,5,0,0,0,0,true,,false,false,false,false,false,,,,,,false,false,false,,,false,false,false,false,false,-83.21604,42.34351,"{
  ""coordinates"": [
    -8.321604501900001e+01,
    4.234350711700010e+01
  ],
  ""type"": ""Point""
}","{
  ""coordinates"": [
    -83.216045019,
    42.343507117
  ],
  ""type"": ""Point""
}",-83.216045019,42.3435071170001
13769,1081372,GRAND RIVER,SOUTHFIELD SERVICE DRIVE,2017-06-13,13,6,2017,12,3,4,3,,1,0,,1,1,1,35,7,2,6,4,0,0,0,3,false,,false,false,false,false,false,,,,,,false,false,true,,,false,false,false,false,false,-83.21882,42.40092,"{
  ""coordinates"": [
    -8.321881695799991e+01,
    4.240091933200010e+01
  ],
  ""type"": ""Point""
}","{
  ""coordinates"": [
    -83.218816958,
    42.400919332
  ],
  ""type"": ""Point""
}",-83.2188169579999,42.4009193320001
13770,1056139,CADIEUX,WARREN,2017-06-13,13,6,2017,19,3,5,9,,4,0,,1,1,1,35,2,2,2,5,0,0,0,0,true,,false,false,false,false,false,,,,,,false,false,false,,,false,false,false,false,false,-82.92972,42.40593,"{
  ""coordinates"": [
    -8.292972059800000e+01,
    4.240592596500010e+01
  ],
  ""type"": ""Point""
}","{
  ""coordinates"": [
    -82.929720598,
    42.405925965
  ],
  ""type"": ""Point""
}",-82.929720598,42.4059259650001
13771,1056101,M-10,OAKMAN,2017-06-13,13,6,2017,17,3,5,3,,1,0,,1,1,1,55,3,3,3,5,0,0,0,0,true,,false,false,false,false,false,,,,,,false,false,true,,,false,false,false,false,false,-83.11612,42.40183,"{
  ""coordinates"": [
    -8.311612241800000e+01,
    4.240182938800010e+01
  ],
  ""type"": ""Point""
}","{
  ""coordinates"": [
    -83.116122418,
    42.401829388
  ],
  ""type"": ""Point""
}",-83.116122418,42.4018293880001
13772,1056122,JOY,MEADOWDALE,2017-06-13,13,6,2017,10,3,8,9,,4,0,,1,2,1,30,3,2,2,5,0,0,0,0,true,,false,false,false,false,false,,,,,,false,false,true,,,false,false,false,false,false,-83.18042,42.35851,"{
  ""coordinates"": [
    -8.318042046900000e+01,
    4.235850497500010e+01
  ],
  ""type"": ""Point""
}","{
  ""coordinates"": [
    -83.180420469,
    42.358504975
  ],
  ""type"": ""Point""
}",-83.180420469,42.3585049750001
13773,1077638,8 MILE,TELEGRAPH,2017-06-13,13,6,2017,8,3,5,3,,1,0,,1,1,1,15,1,2,1,5,0,0,0,0,true,,false,false,false,false,false,,,,,,false,false,false,,,false,false,false,false,false,-83.2782,42.44275,"{
  ""coordinates"": [
    -8.327819909499991e+01,
    4.244274781900000e+01
  ],
  ""type"": ""Point""
}","{
  ""coordinates"": [
    -83.278199095,
    42.442747819
  ],
  ""type"": ""Point""
}",-83.2781990949999,42.442747819
13774,1057234,DIX,STAIR,2017-06-13,13,6,2017,10,3,1,9,,4,1,,1,1,1,30,2,1,2,4,0,0,0,1,false,,false,false,false,false,false,,,,,,false,false,false,,,false,false,false,false,false,-83.12383,42.31693,"{
  ""coordinates"": [
    -8.312382217899990e+01,
    4.231692422500000e+01
  ],
  ""type"": ""Point""
}","{
  ""coordinates"": [
    -83.123822179,
    42.316924225
  ],
  ""type"": ""Point""
}",-83.1238221789999,42.316924225
13775,1062367,I-94,TRUMBULL,2017-06-13,13,6,2017,17,3,5,1,,1,0,,1,2,1,55,3,2,2,5,0,0,0,0,true,,false,false,false,false,false,,,,,,false,false,false,,,false,false,false,false,false,-83.07968,42.35723,"{
  ""coordinates"": [
    -8.307967975400000e+01,
    4.235723428900010e+01
  ],
  ""type"": ""Point""
}","{
  ""coordinates"": [
    -83.079679754,
    42.357234289
  ],
  ""type"": ""Point""
}",-83.079679754,42.3572342890001
13776,1057264,SOUTHFIELD SERVICE DRIVE,8 MILE,2017-06-13,13,6,2017,16,3,4,3,,5,0,,1,1,1,25,4,2,2,5,0,0,0,0,true,,false,false,false,false,false,,,,,,false,false,false,,,false,false,false,false,false,-83.21927,42.44415,"{
  ""coordinates"": [
    -8.321927185399990e+01,
    4.244414797400000e+01
  ],
  ""type"": ""Point""
}","{
  ""coordinates"": [
    -83.219271854,
    42.444147974
  ],
  ""type"": ""Point""
}",-83.2192718539999,42.444147974
13777,1056172,16600 COLLINGHAM,SHAKESPEARE,2017-06-13,13,6,2017,1,3,5,9,,,0,,1,1,5,25,2,2,1,5,0,0,0,0,true,,false,false,true,false,false,,,,,,false,false,false,,,false,false,false,false,false,-82.94866,42.44842,"{
  ""coordinates"": [
    -8.294866466199990e+01,
    4.244841583500000e+01
  ],
  ""type"": ""Point""
}","{
  ""coordinates"": [
    -82.948664662,
    42.448415835
  ],
  ""type"": ""Point""
}",-82.9486646619999,42.448415835
13778,1056151,8 MILE,TELEGRAPH,2017-06-13,13,6,2017,7,3,5,3,,1,0,,1,1,1,35,1,2,1,5,0,0,0,0,true,,false,false,false,false,false,,,,,,false,false,true,,,false,false,false,false,false,-83.27845,42.44275,"{
  ""coordinates"": [
    -8.327844917600000e+01,
    4.244274381900000e+01
  ],
  ""type"": ""Point""
}","{
  ""coordinates"": [
    -83.278449176,
    42.442743819
  ],
  ""type"": ""Point""
}",-83.278449176,42.442743819
13779,1058191,M-39,PLYMOUTH,2017-06-13,13,6,2017,14,3,5,3,,1,0,,1,2,1,55,3,2,2,5,0,0,0,0,true,,false,false,false,false,false,,,,,,false,false,true,,,false,false,false,false,false,-83.21652,42.37081,"{
  ""coordinates"": [
    -8.321652100100000e+01,
    4.237081074100010e+01
  ],
  ""type"": ""Point""
}","{
  ""coordinates"": [
    -83.216521001,
    42.370810741
  ],
  ""type"": ""Point""
}",-83.216521001,42.3708107410001
13780,1057242,S I 75,SPRINGWELLS,2017-06-13,13,6,2017,19,3,8,1,,1,0,,1,1,1,25,3,2,2,5,0,0,0,0,true,,false,false,false,false,false,,,,,,false,false,false,,,false,false,false,false,false,-83.11926,42.3016,"{
  ""coordinates"": [
    -8.311926039300000e+01,
    4.230160079000010e+01
  ],
  ""type"": ""Point""
}","{
  ""coordinates"": [
    -83.119260393,
    42.30160079
  ],
  ""type"": ""Point""
}",-83.119260393,42.3016007900001
13781,1058190,I94,WARREN,2017-06-13,13,6,2017,15,3,5,1,,1,0,,1,1,1,55,3,2,2,4,0,0,0,1,false,,false,false,false,false,false,,,,,,false,false,false,,,false,false,false,false,false,-83.11333,42.34444,"{
  ""coordinates"": [
    -8.311332773500000e+01,
    4.234444090900010e+01
  ],
  ""type"": ""Point""
}","{
  ""coordinates"": [
    -83.113327735,
    42.344440909
  ],
  ""type"": ""Point""
}",-83.113327735,42.3444409090001
13782,1055057,VAN DYKE,ARCOLA,2017-06-13,13,6,2017,5,3,5,3,,1,0,,1,2,3,35,4,2,2,5,0,0,0,0,true,,false,false,false,false,false,,,,,,false,false,false,,,false,false,false,false,false,-83.02319,42.40579,"{
  ""coordinates"": [
    -8.302318494600000e+01,
    4.240578884900000e+01
  ],
  ""type"": ""Point""
}","{
  ""coordinates"": [
    -83.023184946,
    42.405788849
  ],
  ""type"": ""Point""
}",-83.023184946,42.405788849
13783,1057240,BEATRICE,SCHAEFER,2017-06-13,13,6,2017,20,3,1,9,,,0,,1,1,1,25,3,2,2,4,0,0,0,1,false,,false,false,false,false,false,,,,,,false,false,true,,,false,false,false,true,false,-83.14951,42.27448,"{
  ""coordinates"": [
    -8.314950932399999e+01,
    4.227447456300010e+01
  ],
  ""type"": ""Point""
}","{
  ""coordinates"": [
    -83.149509324,
    42.274474563
  ],
  ""type"": ""Point""
}",-83.149509324,42.2744745630001
13784,1056121,LYNDON,WHITCOMB,2017-06-13,13,6,2017,21,3,4,9,,4,0,,1,1,3,25,4,2,5,5,0,0,0,0,true,,false,false,false,false,false,,,,,,false,true,false,,,false,false,false,false,false,-83.19597,42.39434,"{
  ""coordinates"": [
    -8.319597055299990e+01,
    4.239434454200010e+01
  ],
  ""type"": ""Point""
}","{
  ""coordinates"": [
    -83.195970553,
    42.394344542
  ],
  ""type"": ""Point""
}",-83.1959705529999,42.3943445420001
13785,1058235,TIREMAN,S M 39 SERVICE DRIVE,2017-06-13,13,6,2017,1,3,1,9,,4,0,,1,1,4,30,4,1,1,5,0,0,0,0,true,,false,false,false,false,false,,,,,,false,false,false,,,false,false,false,false,false,-83.21687,42.35062,"{
  ""coordinates"": [
    -8.321687332099999e+01,
    4.235061669800010e+01
  ],
  ""type"": ""Point""
}","{
  ""coordinates"": [
    -83.216873321,
    42.350616698
  ],
  ""type"": ""Point""
}",-83.216873321,42.3506166980001
13786,1056107,M-39,PLYMOUTH,2017-06-13,13,6,2017,18,3,5,3,,1,0,,1,1,1,55,3,4,4,4,0,0,0,1,false,,false,false,false,false,false,,,,,,false,false,false,,,false,false,false,false,false,-83.21678,42.37254,"{
  ""coordinates"": [
    -8.321677825400000e+01,
    4.237253528700010e+01
  ],
  ""type"": ""Point""
}","{
  ""coordinates"": [
    -83.216778254,
    42.372535287
  ],
  ""type"": ""Point""
}",-83.216778254,42.3725352870001
13787,1056135,FOREST,LODGE SERVICE,2017-06-13,13,6,2017,7,3,8,9,,4,0,,1,1,1,35,3,2,2,5,0,0,0,0,true,,false,false,false,false,false,,,,,,false,false,false,,,false,false,false,false,false,-83.07175,42.35175,"{
  ""coordinates"": [
    -8.307174560300000e+01,
    4.235174554700010e+01
  ],
  ""type"": ""Point""
}","{
  ""coordinates"": [
    -83.071745603,
    42.351745547
  ],
  ""type"": ""Point""
}",-83.071745603,42.3517455470001
13788,1083299,DAKOTA,WOODWARD,2017-06-13,13,6,2017,4,3,9,3,,,2,,1,2,4,25,1,2,3,5,0,0,0,0,true,,false,false,false,false,false,,,,,,false,false,true,,,false,false,false,false,false,-83.10552,42.41886,"{
  ""coordinates"": [
    -8.310552436800000e+01,
    4.241885975600010e+01
  ],
  ""type"": ""Point""
}","{
  ""coordinates"": [
    -83.105524368,
    42.418859756
  ],
  ""type"": ""Point""
}",-83.105524368,42.4188597560001
13789,1059512,SEVEN MILE,ASHTON,2017-06-13,13,6,2017,12,3,4,9,,2,0,,1,1,1,30,5,2,1,5,0,0,0,0,true,,false,false,true,false,false,,,,,,false,true,false,,,false,false,false,false,false,-83.22047,42.43,"{
  ""coordinates"": [
    -8.322047308600000e+01,
    4.242999521500010e+01
  ],
  ""type"": ""Point""
}","{
  ""coordinates"": [
    -83.220473086,
    42.429995215
  ],
  ""type"": ""Point""
}",-83.220473086,42.4299952150001
13790,1057238,DRAGOON,CADET,2017-06-13,13,6,2017,19,3,4,9,,4,0,,1,1,1,30,2,2,2,4,0,0,0,1,false,,false,false,true,false,false,,,,,,false,false,true,,,false,false,false,false,false,-83.10736,42.31421,"{
  ""coordinates"": [
    -8.310735783299999e+01,
    4.231421189400000e+01
  ],
  ""type"": ""Point""
}","{
  ""coordinates"": [
    -83.107357833,
    42.314211894
  ],
  ""type"": ""Point""
}",-83.107357833,42.314211894
13791,1067870,I-94,LIVERNOIS,2017-06-13,13,6,2017,17,3,5,1,,1,0,,1,1,1,55,3,2,2,5,0,0,0,0,true,,false,false,false,false,false,,,,,,false,false,false,,,false,false,false,false,false,-83.12518,42.3372,"{
  ""coordinates"": [
    -8.312517839899991e+01,
    4.233720102400010e+01
  ],
  ""type"": ""Point""
}","{
  ""coordinates"": [
    -83.125178399,
    42.337201024
  ],
  ""type"": ""Point""
}",-83.1251783989999,42.3372010240001
13792,1058260,DAVISON,OAKMAN,2017-06-13,13,6,2017,7,3,1,3,,1,0,,1,1,1,30,3,1,3,5,0,0,0,0,true,,false,false,false,false,false,,,,,,false,false,false,,,false,false,false,false,false,-83.14393,42.38631,"{
  ""coordinates"": [
    -8.314392773199999e+01,
    4.238630763400000e+01
  ],
  ""type"": ""Point""
}","{
  ""coordinates"": [
    -83.143927732,
    42.386307634
  ],
  ""type"": ""Point""
}",-83.143927732,42.386307634
13793,1056132,FORT,CASS,2017-06-13,13,6,2017,9,3,5,3,,1,0,,1,1,1,30,5,2,2,5,0,0,0,0,true,,false,false,false,false,false,,,,,,false,false,true,,,false,false,false,false,false,-83.05135,42.32901,"{
  ""coordinates"": [
    -8.305135391300000e+01,
    4.232901429500000e+01
  ],
  ""type"": ""Point""
}","{
  ""coordinates"": [
    -83.051353913,
    42.329014295
  ],
  ""type"": ""Point""
}",-83.051353913,42.329014295
13794,1056165,7 MILE,OUTER,2017-06-13,13,6,2017,13,3,4,9,,4,0,,1,1,1,30,3,2,3,5,0,0,0,0,true,,false,false,false,false,false,,,,,,false,false,true,,,false,false,false,false,false,-83.01523,42.43414,"{
  ""coordinates"": [
    -8.301523149600000e+01,
    4.243414465200000e+01
  ],
  ""type"": ""Point""
}","{
  ""coordinates"": [
    -83.015231496,
    42.434144652
  ],
  ""type"": ""Point""
}",-83.015231496,42.434144652
13795,1058181,LOITER,MUSE,2017-06-13,13,6,2017,8,3,1,3,,,1,,1,1,1,25,1,1,1,5,0,0,0,0,true,,false,false,false,false,false,,,,,,false,false,false,,,false,false,false,false,false,-82.99155,42.33522,"{
  ""coordinates"": [
    -8.299154788899990e+01,
    4.233522261500010e+01
  ],
  ""type"": ""Point""
}","{
  ""coordinates"": [
    -82.991547889,
    42.335222615
  ],
  ""type"": ""Point""
}",-82.9915478889999,42.3352226150001
13796,1057255,BLACKSTONE,OUTER,2017-06-12,12,6,2017,1,2,1,9,,,0,,1,1,4,25,2,1,1,2,0,1,0,0,false,,false,false,false,false,false,,,,,,false,false,false,,,false,false,false,false,false,-83.24921,42.39775,"{
  ""coordinates"": [
    -8.324920531200000e+01,
    4.239774762300000e+01
  ],
  ""type"": ""Point""
}","{
  ""coordinates"": [
    -83.249205312,
    42.397747623
  ],
  ""type"": ""Point""
}",-83.249205312,42.397747623
13797,1054987,FERRY PARK,15TH,2017-06-12,12,6,2017,12,2,8,9,,,0,,1,1,1,25,2,2,3,5,0,0,0,0,true,,false,false,false,false,false,,,,,,false,false,false,,,false,false,false,false,false,-83.09473,42.36081,"{
  ""coordinates"": [
    -8.309473009399990e+01,
    4.236081031900010e+01
  ],
  ""type"": ""Point""
}","{
  ""coordinates"": [
    -83.094730094,
    42.360810319
  ],
  ""type"": ""Point""
}",-83.0947300939999,42.3608103190001