ObjectId,Crash ID,Primary Road,Intersecting Road,Crash Date,Day,Month,Year,Hour,Weekday,Crash Type Code,Highway Classification Code,Community Code,Jurisdiction Code,Lane Departure Type Code,Surface Type,Road Condition,Weather Condition,Lighting Condition,Speed Limit,Lanes,Units,Occupants,Most Severe Injury,Fatal Injuries,Suspected Serious Injuries,Suspected Minor Injuries,Possible Injuries,Property Damage Only,Secondary Crash,Traffic Control,Red Light Run,Hit and Run,Alcohol,Drugs,Unbelted Person,Work Zone,Speeding Driver,Distracted Driver,Driveway,Pedestrian,Elderly Driver,Young Driver,Commercial Vehicle,Emergency Vehicles,Train,School Bus,Motorcycle,Bicycle,Deer,Longitude,Latitude,geom,geog,x,y
13854,1055036,MCNICHOLS,FENMORE,2017-06-12,12,6,2017,17,2,97,9,,2,0,,1,1,1,35,4,2,2,5,0,0,0,0,true,,false,false,false,false,false,,,,,,false,false,true,,,false,false,false,false,false,-83.21591,42.41562,"{
  ""coordinates"": [
    -8.321591126700000e+01,
    4.241562164600000e+01
  ],
  ""type"": ""Point""
}","{
  ""coordinates"": [
    -83.215911267,
    42.415621646
  ],
  ""type"": ""Point""
}",-83.215911267,42.415621646
13855,1059443,I 94,LIVERNOIS,2017-06-12,12,6,2017,7,2,5,1,,1,0,,1,1,1,55,3,2,2,3,0,0,1,0,false,,false,false,false,false,false,,,,,,false,false,false,,,false,false,false,false,false,-83.12453,42.33746,"{
  ""coordinates"": [
    -8.312452447999991e+01,
    4.233746179800000e+01
  ],
  ""type"": ""Point""
}","{
  ""coordinates"": [
    -83.12452448,
    42.337461798
  ],
  ""type"": ""Point""
}",-83.1245244799999,42.337461798
13856,1059431,M 10,GRAND,2017-06-12,12,6,2017,7,2,1,3,,1,1,,1,1,1,55,3,1,1,5,0,0,0,0,true,,false,false,false,false,false,,,,,,false,false,true,,,false,false,false,false,false,-83.08196,42.36745,"{
  ""coordinates"": [
    -8.308196508400000e+01,
    4.236744798400010e+01
  ],
  ""type"": ""Point""
}","{
  ""coordinates"": [
    -83.081965084,
    42.367447984
  ],
  ""type"": ""Point""
}",-83.081965084,42.3674479840001
13857,1056171,HARPER,CHALMERS,2017-06-12,12,6,2017,14,2,8,9,,4,0,,1,1,1,25,2,2,2,4,0,0,0,1,false,,false,false,false,false,false,,,,,,false,false,true,,,false,false,false,false,false,-82.96465,42.40465,"{
  ""coordinates"": [
    -8.296465663500000e+01,
    4.240464851700010e+01
  ],
  ""type"": ""Point""
}","{
  ""coordinates"": [
    -82.964656635,
    42.404648517
  ],
  ""type"": ""Point""
}",-82.964656635,42.4046485170001
13858,1058291,WOODWARD,STATE FAIR,2017-06-12,12,6,2017,11,2,1,3,,1,0,,1,1,1,40,5,2,2,4,0,0,0,1,false,,false,false,true,false,false,,,,,,false,false,false,,,false,false,false,true,false,-83.11942,42.43862,"{
  ""coordinates"": [
    -8.311941440899990e+01,
    4.243861949000010e+01
  ],
  ""type"": ""Point""
}","{
  ""coordinates"": [
    -83.119414409,
    42.43861949
  ],
  ""type"": ""Point""
}",-83.1194144089999,42.4386194900001
13859,1055059,VAN DYKE,DAVISON,2017-06-12,12,6,2017,16,2,4,3,,1,0,,1,1,1,35,7,2,3,5,0,0,0,0,true,,false,false,false,false,false,,,,,,false,false,true,,,false,false,false,false,false,-83.02386,42.42361,"{
  ""coordinates"": [
    -8.302386403400000e+01,
    4.242360977300010e+01
  ],
  ""type"": ""Point""
}","{
  ""coordinates"": [
    -83.023864034,
    42.423609773
  ],
  ""type"": ""Point""
}",-83.023864034,42.4236097730001
13860,1054972,M-39,PLYMOUTH,2017-06-12,12,6,2017,18,2,5,3,,1,0,,1,1,1,55,3,2,4,4,0,0,0,1,false,,false,false,false,false,false,,,,,,false,false,true,,,false,false,false,false,false,-83.21657,42.37199,"{
  ""coordinates"": [
    -8.321656942899990e+01,
    4.237198726300010e+01
  ],
  ""type"": ""Point""
}","{
  ""coordinates"": [
    -83.216569429,
    42.371987263
  ],
  ""type"": ""Point""
}",-83.2165694289999,42.3719872630001
13861,1055040,CHARLEVOIX,HOLCOMB,2017-06-12,12,6,2017,9,2,4,9,,4,0,,1,1,1,30,3,2,3,5,0,0,0,0,true,,false,false,false,false,false,,,,,,false,true,false,,,false,false,false,false,false,-82.99303,42.36657,"{
  ""coordinates"": [
    -8.299303043399991e+01,
    4.236657006500010e+01
  ],
  ""type"": ""Point""
}","{
  ""coordinates"": [
    -82.993030434,
    42.366570065
  ],
  ""type"": ""Point""
}",-82.9930304339999,42.3665700650001
13862,1058280,WASHBURN,CHIPPEWA,2017-06-12,12,6,2017,16,2,4,9,,,0,,1,1,1,25,2,2,4,4,0,0,0,1,false,,false,false,false,false,false,,,,,,false,true,false,,,false,false,false,false,false,-83.16238,42.4409,"{
  ""coordinates"": [
    -8.316238565200000e+01,
    4.244089501000010e+01
  ],
  ""type"": ""Point""
}","{
  ""coordinates"": [
    -83.162385652,
    42.44089501
  ],
  ""type"": ""Point""
}",-83.162385652,42.4408950100001
13863,1058184,I-96,SCHOOLCRAFT,2017-06-12,12,6,2017,6,2,8,1,,1,0,,1,1,1,70,3,2,2,5,0,0,0,0,true,,false,false,false,false,false,,,,,,false,false,false,,,false,false,false,false,false,-83.2452,42.38541,"{
  ""coordinates"": [
    -8.324519996200000e+01,
    4.238541448000010e+01
  ],
  ""type"": ""Point""
}","{
  ""coordinates"": [
    -83.245199962,
    42.38541448
  ],
  ""type"": ""Point""
}",-83.245199962,42.3854144800001
13864,1059441,W I 94,GRAND,2017-06-12,12,6,2017,9,2,5,1,,1,0,,1,1,1,55,3,2,2,5,0,0,0,0,true,,false,false,false,false,false,,,,,,false,false,false,,,false,false,false,false,false,-83.10862,42.34726,"{
  ""coordinates"": [
    -8.310861663299990e+01,
    4.234725957400010e+01
  ],
  ""type"": ""Point""
}","{
  ""coordinates"": [
    -83.108616633,
    42.347259574
  ],
  ""type"": ""Point""
}",-83.1086166329999,42.3472595740001
13865,1058289,SEVEN MILE,WOODWARD1,2017-06-12,12,6,2017,7,2,2,3,,2,0,,1,1,1,35,2,2,2,5,0,0,0,0,true,,false,false,false,false,false,,,,,,false,false,true,,,false,false,false,false,false,-83.11542,42.43212,"{
  ""coordinates"": [
    -8.311541633400000e+01,
    4.243212266300000e+01
  ],
  ""type"": ""Point""
}","{
  ""coordinates"": [
    -83.115416334,
    42.432122663
  ],
  ""type"": ""Point""
}",-83.115416334,42.432122663
13866,1056170,8MILE,SCHOENHERR,2017-06-12,12,6,2017,17,2,8,3,,1,0,,1,1,1,45,9,2,3,5,0,0,0,0,true,,false,false,false,false,false,,,,,,false,false,true,,,false,false,false,false,false,-82.98566,42.44929,"{
  ""coordinates"": [
    -8.298565397999990e+01,
    4.244928674100000e+01
  ],
  ""type"": ""Point""
}","{
  ""coordinates"": [
    -82.98565398,
    42.449286741
  ],
  ""type"": ""Point""
}",-82.9856539799999,42.449286741
13867,1059440,S M 10,CHICAGO,2017-06-12,12,6,2017,8,2,5,3,,1,0,,1,1,1,55,3,2,2,5,0,0,0,0,true,,false,false,false,false,false,,,,,,false,true,false,,,false,false,false,false,false,-83.09536,42.38245,"{
  ""coordinates"": [
    -8.309536251999999e+01,
    4.238245075800010e+01
  ],
  ""type"": ""Point""
}","{
  ""coordinates"": [
    -83.09536252,
    42.382450758
  ],
  ""type"": ""Point""
}",-83.09536252,42.3824507580001
13868,1062363,M 10,GLENDALE,2017-06-12,12,6,2017,12,2,5,3,,1,0,,1,1,1,55,3,3,3,3,0,0,1,1,false,,false,false,false,false,false,,,,,,false,false,true,,,false,false,false,false,false,-83.10667,42.39417,"{
  ""coordinates"": [
    -8.310667682300000e+01,
    4.239416649000000e+01
  ],
  ""type"": ""Point""
}","{
  ""coordinates"": [
    -83.106676823,
    42.39416649
  ],
  ""type"": ""Point""
}",-83.106676823,42.39416649
13869,1057247,CADIEUX,HARPER,2017-06-12,12,6,2017,16,2,4,9,,4,0,,1,1,1,0,5,2,1,5,0,0,0,0,true,,false,false,true,false,false,,,,,,false,false,true,,,false,false,false,false,false,-82.93663,42.41644,"{
  ""coordinates"": [
    -8.293663172299991e+01,
    4.241644286700010e+01
  ],
  ""type"": ""Point""
}","{
  ""coordinates"": [
    -82.936631723,
    42.416442867
  ],
  ""type"": ""Point""
}",-82.9366317229999,42.4164428670001
13870,1062365,M 39,MCNICHOLS,2017-06-12,12,6,2017,16,2,5,3,,1,0,,1,1,1,55,3,3,3,5,0,0,0,0,true,,false,false,false,false,false,,,,,,false,true,true,,,false,false,false,false,false,-83.21871,42.41529,"{
  ""coordinates"": [
    -8.321871014300000e+01,
    4.241528617700000e+01
  ],
  ""type"": ""Point""
}","{
  ""coordinates"": [
    -83.218710143,
    42.415286177
  ],
  ""type"": ""Point""
}",-83.218710143,42.415286177
13871,1062362,I-75,MCNICHOLS,2017-06-12,12,6,2017,16,2,5,1,,1,0,,1,1,1,70,4,3,4,5,0,0,0,0,true,,false,false,false,false,false,,,,,,false,false,true,,,false,false,false,false,false,-83.08907,42.41947,"{
  ""coordinates"": [
    -8.308907555800000e+01,
    4.241946748100000e+01
  ],
  ""type"": ""Point""
}","{
  ""coordinates"": [
    -83.089075558,
    42.419467481
  ],
  ""type"": ""Point""
}",-83.089075558,42.419467481
13872,1055022,FORT,SPRINGWELLS,2017-06-12,12,6,2017,0,2,2,3,,1,0,,1,1,4,30,8,2,3,4,0,0,0,1,false,,false,false,true,false,false,,,,,,false,false,true,,,false,false,false,false,false,-83.11919,42.3002,"{
  ""coordinates"": [
    -8.311919744900000e+01,
    4.230019984700000e+01
  ],
  ""type"": ""Point""
}","{
  ""coordinates"": [
    -83.119197449,
    42.300199847
  ],
  ""type"": ""Point""
}",-83.119197449,42.300199847
13873,1055019,FORT,JUNCTION,2017-06-12,12,6,2017,16,2,8,3,,1,0,,1,1,1,35,5,2,4,4,0,0,0,1,false,,false,false,false,false,false,,,,,,false,true,false,,,false,false,false,false,false,-83.09603,42.30977,"{
  ""coordinates"": [
    -8.309603365200000e+01,
    4.230976792200000e+01
  ],
  ""type"": ""Point""
}","{
  ""coordinates"": [
    -83.096033652,
    42.309767922
  ],
  ""type"": ""Point""
}",-83.096033652,42.309767922
13874,1083355,HARPER,DICKERSON,2017-06-12,12,6,2017,8,2,9,9,,4,2,,1,1,1,35,2,2,1,5,0,0,0,0,true,,false,false,true,false,false,,,,,,false,false,false,,,false,false,false,false,false,-82.97347,42.40206,"{
  ""coordinates"": [
    -8.297347440300000e+01,
    4.240206026500000e+01
  ],
  ""type"": ""Point""
}","{
  ""coordinates"": [
    -82.973474403,
    42.402060265
  ],
  ""type"": ""Point""
}",-82.973474403,42.402060265
13875,1055055,GLENDALE,LINWOOD,2017-06-12,12,6,2017,17,2,97,9,,4,0,,1,1,1,25,2,2,0,5,0,0,0,0,true,,false,false,true,false,false,,,,,,false,false,false,,,false,false,false,false,false,-83.11977,42.39029,"{
  ""coordinates"": [
    -8.311976533900000e+01,
    4.239029085000000e+01
  ],
  ""type"": ""Point""
}","{
  ""coordinates"": [
    -83.119765339,
    42.39029085
  ],
  ""type"": ""Point""
}",-83.119765339,42.39029085
13876,1054973,I-75,7 MILE,2017-06-12,12,6,2017,21,2,8,1,,1,0,,1,1,1,70,4,2,2,5,0,0,0,0,true,,false,false,false,false,false,,,,,,false,false,false,,,false,false,false,false,false,-83.09462,42.43222,"{
  ""coordinates"": [
    -8.309461832200000e+01,
    4.243221617800000e+01
  ],
  ""type"": ""Point""
}","{
  ""coordinates"": [
    -83.094618322,
    42.432216178
  ],
  ""type"": ""Point""
}",-83.094618322,42.432216178
13877,1054969,S M 39,E I 96,2017-06-12,12,6,2017,18,2,5,3,,1,0,,1,1,1,55,3,2,3,5,0,0,0,0,true,,false,false,false,false,false,,,,,,false,false,true,,,false,false,false,false,false,-83.21709,42.3786,"{
  ""coordinates"": [
    -8.321709309200000e+01,
    4.237859914900010e+01
  ],
  ""type"": ""Point""
}","{
  ""coordinates"": [
    -83.217093092,
    42.378599149
  ],
  ""type"": ""Point""
}",-83.217093092,42.3785991490001
13878,1059435,I96,I75,2017-06-12,12,6,2017,7,2,5,1,,1,0,,1,1,1,70,4,2,3,4,0,0,0,1,false,,false,false,false,false,false,,,,,,false,false,false,,,false,false,false,false,false,-83.08571,42.32718,"{
  ""coordinates"": [
    -8.308571148599999e+01,
    4.232718163000000e+01
  ],
  ""type"": ""Point""
}","{
  ""coordinates"": [
    -83.085711486,
    42.32718163
  ],
  ""type"": ""Point""
}",-83.085711486,42.32718163
13879,1055004,ELSMERE,OLIVET,2017-06-12,12,6,2017,15,2,4,9,,,0,,1,1,1,25,2,2,2,4,0,0,0,1,false,,true,false,true,false,false,,,,,,false,false,false,,,false,false,false,false,false,-83.12924,42.29886,"{
  ""coordinates"": [
    -8.312923986999991e+01,
    4.229886104600010e+01
  ],
  ""type"": ""Point""
}","{
  ""coordinates"": [
    -83.12923987,
    42.298861046
  ],
  ""type"": ""Point""
}",-83.1292398699999,42.2988610460001
13880,1054865,M-10,GRANDRIVER,2017-06-12,12,6,2017,9,2,1,3,,1,0,,1,1,1,55,3,1,1,5,0,0,0,0,true,,false,false,false,false,false,,,,,,false,false,false,,,false,false,false,false,false,-83.06495,42.33604,"{
  ""coordinates"": [
    -8.306495089100000e+01,
    4.233604561800010e+01
  ],
  ""type"": ""Point""
}","{
  ""coordinates"": [
    -83.064950891,
    42.336045618
  ],
  ""type"": ""Point""
}",-83.064950891,42.3360456180001
13881,1059434,M-39,MCNICHOLS,2017-06-12,12,6,2017,7,2,5,3,,1,0,,1,1,1,55,3,2,2,5,0,0,0,0,true,,false,false,false,false,false,,,,,,false,false,true,,,false,false,false,false,false,-83.21889,42.417,"{
  ""coordinates"": [
    -8.321889586200000e+01,
    4.241699536800010e+01
  ],
  ""type"": ""Point""
}","{
  ""coordinates"": [
    -83.218895862,
    42.416995368
  ],
  ""type"": ""Point""
}",-83.218895862,42.4169953680001
13882,1055050,HARPER,CONNER,2017-06-12,12,6,2017,7,2,4,9,,4,0,,1,1,1,35,9,2,4,5,0,0,0,0,true,,true,true,false,false,false,,,,,,false,false,false,,,false,false,false,false,false,-82.98936,42.39736,"{
  ""coordinates"": [
    -8.298936667299991e+01,
    4.239736001200000e+01
  ],
  ""type"": ""Point""
}","{
  ""coordinates"": [
    -82.989366673,
    42.397360012
  ],
  ""type"": ""Point""
}",-82.9893666729999,42.397360012
13883,1060542,I75,HOLBROOK,2017-06-12,12,6,2017,16,2,8,1,,1,0,,1,1,1,70,4,3,3,4,0,0,0,1,false,,false,false,false,false,false,,,,,,false,false,false,,,false,false,false,false,false,-83.06486,42.38125,"{
  ""coordinates"": [
    -8.306485408400000e+01,
    4.238124739000010e+01
  ],
  ""type"": ""Point""
}","{
  ""coordinates"": [
    -83.064854084,
    42.38124739
  ],
  ""type"": ""Point""
}",-83.064854084,42.3812473900001
13884,1058219,LORTHROP,2ND,2017-06-12,12,6,2017,16,2,97,9,,4,0,,1,1,1,0,2,2,1,5,0,0,0,0,true,,false,false,false,false,false,,,,,,false,true,false,,,false,false,false,false,false,-83.07742,42.37034,"{
  ""coordinates"": [
    -8.307741729900000e+01,
    4.237034194500010e+01
  ],
  ""type"": ""Point""
}","{
  ""coordinates"": [
    -83.077417299,
    42.370341945
  ],
  ""type"": ""Point""
}",-83.077417299,42.3703419450001
13885,1070321,STATE HIGHWAY M-14,SCHOOLCRAFT,2017-06-12,12,6,2017,8,2,1,3,,1,1,,1,1,1,70,6,1,1,5,0,0,0,0,true,,false,false,false,false,false,,,,,,false,false,false,,,false,false,false,false,false,-83.18622,42.38778,"{
  ""coordinates"": [
    -8.318622104799989e+01,
    4.238777419200010e+01
  ],
  ""type"": ""Point""
}","{
  ""coordinates"": [
    -83.186221048,
    42.387774192
  ],
  ""type"": ""Point""
}",-83.1862210479999,42.3877741920001
13886,1058222,ROSA PARKS,N I 75,2017-06-12,12,6,2017,2,2,98,9,,4,0,,1,1,4,30,2,2,2,5,0,0,0,0,true,,false,false,false,false,false,,,,,,false,false,false,,,false,false,false,false,false,-83.0731,42.3333,"{
  ""coordinates"": [
    -8.307310182899990e+01,
    4.233329778400010e+01
  ],
  ""type"": ""Point""
}","{
  ""coordinates"": [
    -83.073101829,
    42.333297784
  ],
  ""type"": ""Point""
}",-83.0731018289999,42.3332977840001
13887,1054991,SELDEN,M 10 SERVICE,2017-06-12,12,6,2017,8,2,5,9,,,0,,1,1,1,25,2,2,0,5,0,0,0,0,true,,false,false,true,false,false,,,,,,false,false,false,,,false,false,false,false,false,-83.06967,42.3458,"{
  ""coordinates"": [
    -8.306967142900000e+01,
    4.234580209200000e+01
  ],
  ""type"": ""Point""
}","{
  ""coordinates"": [
    -83.069671429,
    42.345802092
  ],
  ""type"": ""Point""
}",-83.069671429,42.345802092
13888,1055023,3807 MONTCLAIR,MACK,2017-06-12,12,6,2017,0,2,98,9,,,0,,2,1,5,25,2,2,0,5,0,0,0,0,true,,false,false,true,false,false,,,,,,false,false,false,,,false,false,false,false,false,-82.98403,42.37669,"{
  ""coordinates"": [
    -8.298403101199990e+01,
    4.237668459800010e+01
  ],
  ""type"": ""Point""
}","{
  ""coordinates"": [
    -82.984031012,
    42.376684598
  ],
  ""type"": ""Point""
}",-82.9840310119999,42.3766845980001
13889,1054988,BRUSH,PIQUETTE,2017-06-12,12,6,2017,13,2,1,9,,4,1,,1,1,1,25,2,1,1,5,0,0,0,0,true,,false,false,false,false,false,,,,,,false,false,false,,,false,false,false,false,false,-83.06635,42.36849,"{
  ""coordinates"": [
    -8.306634522500001e+01,
    4.236849226300010e+01
  ],
  ""type"": ""Point""
}","{
  ""coordinates"": [
    -83.066345225,
    42.368492263
  ],
  ""type"": ""Point""
}",-83.066345225,42.3684922630001
13890,1065956,RANDOLPH,FORT,2017-06-12,12,6,2017,17,2,8,3,,1,0,,1,1,1,35,4,2,1,5,0,0,0,0,true,,false,false,false,false,false,,,,,,false,false,true,,,false,false,false,false,false,-83.04348,42.33218,"{
  ""coordinates"": [
    -8.304347725199990e+01,
    4.233217822300000e+01
  ],
  ""type"": ""Point""
}","{
  ""coordinates"": [
    -83.043477252,
    42.332178223
  ],
  ""type"": ""Point""
}",-83.0434772519999,42.332178223
13891,1055060,MCNICHOLS,MANOR,2017-06-12,12,6,2017,16,2,5,9,,2,0,,1,1,1,35,2,2,1,5,0,0,0,0,true,,false,false,false,false,false,,,,,,false,false,true,,,false,false,false,false,false,-83.16884,42.41669,"{
  ""coordinates"": [
    -8.316883667600000e+01,
    4.241669643200000e+01
  ],
  ""type"": ""Point""
}","{
  ""coordinates"": [
    -83.168836676,
    42.416696432
  ],
  ""type"": ""Point""
}",-83.168836676,42.416696432
13892,1054035,CHARLEVOIX,BEAUFAIT,2017-06-11,11,6,2017,10,1,4,9,,4,0,,1,1,1,30,3,2,8,4,0,0,0,1,false,,false,false,false,false,false,,,,,,false,true,false,,,false,false,false,false,false,-83.01627,42.35799,"{
  ""coordinates"": [
    -8.301627144299989e+01,
    4.235798711400000e+01
  ],
  ""type"": ""Point""
}","{
  ""coordinates"": [
    -83.016271443,
    42.357987114
  ],
  ""type"": ""Point""
}",-83.0162714429999,42.357987114
13893,1054962,RAMP 047H,DAVISON,2017-06-11,11,6,2017,18,1,5,1,,1,0,,1,1,1,55,3,2,3,5,0,0,0,0,true,,false,false,false,false,false,,,,,,false,false,true,,,false,false,false,false,false,-83.08043,42.40812,"{
  ""coordinates"": [
    -8.308043061399999e+01,
    4.240812058300000e+01
  ],
  ""type"": ""Point""
}","{
  ""coordinates"": [
    -83.080430614,
    42.408120583
  ],
  ""type"": ""Point""
}",-83.080430614,42.408120583
13894,1054970,W I 94,RAMP 221B,2017-06-11,11,6,2017,3,1,1,1,,1,0,,1,1,4,55,3,1,1,5,0,0,0,0,true,,false,false,false,false,false,,,,,,false,false,true,,,false,false,false,false,false,-82.96597,42.40332,"{
  ""coordinates"": [
    -8.296597514699990e+01,
    4.240332555200010e+01
  ],
  ""type"": ""Point""
}","{
  ""coordinates"": [
    -82.965975147,
    42.403325552
  ],
  ""type"": ""Point""
}",-82.9659751469999,42.4033255520001
13895,1059477,247 BETHUNE,JOHN R,2017-06-11,11,6,2017,2,1,98,9,,,0,,1,1,4,25,2,2,0,5,0,0,0,0,true,,false,false,true,false,false,,,,,,false,false,false,,,false,false,false,false,false,-83.07184,42.37344,"{
  ""coordinates"": [
    -8.307184048200000e+01,
    4.237343815200010e+01
  ],
  ""type"": ""Point""
}","{
  ""coordinates"": [
    -83.071840482,
    42.373438152
  ],
  ""type"": ""Point""
}",-83.071840482,42.3734381520001
13896,1055014,GREEN,NAVY,2017-06-11,11,6,2017,17,1,4,9,,,0,,1,1,1,25,2,2,2,5,0,0,0,0,true,,false,false,false,false,false,,,,,,false,false,false,,,false,false,false,false,false,-83.11999,42.31205,"{
  ""coordinates"": [
    -8.311998583499999e+01,
    4.231205492300010e+01
  ],
  ""type"": ""Point""
}","{
  ""coordinates"": [
    -83.119985835,
    42.312054923
  ],
  ""type"": ""Point""
}",-83.119985835,42.3120549230001
13897,1057249,OUTER,WARREN,2017-06-11,11,6,2017,5,1,5,9,,2,0,,1,1,4,30,4,2,1,5,0,0,0,0,true,,false,false,true,false,false,,,,,,false,false,true,,,false,false,false,false,false,-83.2522,42.34225,"{
  ""coordinates"": [
    -8.325219821800000e+01,
    4.234225603200010e+01
  ],
  ""type"": ""Point""
}","{
  ""coordinates"": [
    -83.252198218,
    42.342256032
  ],
  ""type"": ""Point""
}",-83.252198218,42.3422560320001
13898,1058183,RIVERBANK,INSELRUHE,2017-06-11,11,6,2017,15,1,5,3,,1,0,,1,1,1,25,1,2,6,4,0,0,0,3,false,,false,false,false,false,false,,,,,,false,false,false,,,false,false,false,false,false,-82.98846,42.34052,"{
  ""coordinates"": [
    -8.298845437599989e+01,
    4.234051974300010e+01
  ],
  ""type"": ""Point""
}","{
  ""coordinates"": [
    -82.988454376,
    42.340519743
  ],
  ""type"": ""Point""
}",-82.9884543759999,42.3405197430001
13899,1055003,JEFFERSON,SOLVEY,2017-06-11,11,6,2017,3,1,8,9,,4,0,,1,1,4,0,2,2,2,4,0,0,0,1,false,,false,false,true,false,false,,,,,,false,false,true,,,false,false,true,false,false,-83.10972,42.29399,"{
  ""coordinates"": [
    -8.310971892899990e+01,
    4.229398975500000e+01
  ],
  ""type"": ""Point""
}","{
  ""coordinates"": [
    -83.109718929,
    42.293989755
  ],
  ""type"": ""Point""
}",-83.1097189289999,42.293989755
13900,1055015,DRAGOON,CADET,2017-06-11,11,6,2017,12,1,4,9,,4,0,,1,1,1,25,3,2,3,5,0,0,0,0,true,,false,false,false,false,false,,,,,,false,false,false,,,false,false,false,false,false,-83.10737,42.31422,"{
  ""coordinates"": [
    -8.310736711399990e+01,
    4.231422466700010e+01
  ],
  ""type"": ""Point""
}","{
  ""coordinates"": [
    -83.107367114,
    42.314224667
  ],
  ""type"": ""Point""
}",-83.1073671139999,42.3142246670001
13901,1058185,W I 96,CONSOLIDATED RAIL CORPORATION,2017-06-11,11,6,2017,1,1,8,1,,1,0,,1,1,4,70,4,2,2,5,0,0,0,0,true,,false,false,false,false,false,,,,,,false,false,false,,,false,false,false,false,false,-83.18561,42.38155,"{
  ""coordinates"": [
    -8.318560867399999e+01,
    4.238155235900010e+01
  ],
  ""type"": ""Point""
}","{
  ""coordinates"": [
    -83.185608674,
    42.381552359
  ],
  ""type"": ""Point""
}",-83.185608674,42.3815523590001
13902,1054009,JEFFERSON,WALKER,2017-06-11,11,6,2017,15,1,5,9,,4,0,,1,1,1,35,4,2,1,5,0,0,0,0,true,,false,false,false,false,false,,,,,,false,false,false,,,false,false,false,false,false,-83.01603,42.34109,"{
  ""coordinates"": [
    -8.301603020899999e+01,
    4.234109311700010e+01
  ],
  ""type"": ""Point""
}","{
  ""coordinates"": [
    -83.016030209,
    42.341093117
  ],
  ""type"": ""Point""
}",-83.016030209,42.3410931170001
13903,1054027,FEREUD,NAVAHOE,2017-06-11,11,6,2017,16,1,4,9,,4,0,,1,1,1,25,2,2,1,5,0,0,0,0,true,,true,false,true,false,false,,,,,,false,false,false,,,false,false,false,false,false,-82.95472,42.36541,"{
  ""coordinates"": [
    -8.295471597700001e+01,
    4.236541372700000e+01
  ],
  ""type"": ""Point""
}","{
  ""coordinates"": [
    -82.954715977,
    42.365413727
  ],
  ""type"": ""Point""
}",-82.954715977,42.365413727
13904,1055047,JEFFERSON,CONNER,2017-06-11,11,6,2017,20,1,1,9,,4,0,,1,1,3,35,8,2,2,3,0,0,1,0,false,,false,false,false,false,false,,,,,,false,false,false,,,false,false,false,true,false,-82.9589,42.37001,"{
  ""coordinates"": [
    -8.295890015899990e+01,
    4.237000728600000e+01
  ],
  ""type"": ""Point""
}","{
  ""coordinates"": [
    -82.958900159,
    42.370007286
  ],
  ""type"": ""Point""
}",-82.9589001589999,42.370007286
13905,1054066,PRAIRIE,PICKFORD,2017-06-11,11,6,2017,8,1,4,9,,,0,,1,1,1,25,1,2,3,3,0,0,1,0,false,,false,false,false,false,false,,,,,,false,true,true,,,false,false,false,false,false,-83.14556,42.42612,"{
  ""coordinates"": [
    -8.314555969500000e+01,
    4.242612587200010e+01
  ],
  ""type"": ""Point""
}","{
  ""coordinates"": [
    -83.145559695,
    42.426125872
  ],
  ""type"": ""Point""
}",-83.145559695,42.4261258720001
13906,1055018,DIX,LONYO,2017-06-11,11,6,2017,15,1,8,9,,2,0,,1,1,1,35,2,4,2,3,0,0,2,0,false,,false,false,false,false,false,,,,,,false,false,true,,,false,false,false,false,false,-83.1343,42.31645,"{
  ""coordinates"": [
    -8.313430031900000e+01,
    4.231645112800000e+01
  ],
  ""type"": ""Point""
}","{
  ""coordinates"": [
    -83.134300319,
    42.316451128
  ],
  ""type"": ""Point""
}",-83.134300319,42.316451128
13907,1054010,PINEHURST,CHICAGO,2017-06-11,11,6,2017,18,1,5,9,,,0,,1,1,1,25,2,2,3,3,0,0,1,0,false,,false,false,false,false,false,,,,,,false,true,false,,,false,false,false,false,false,-83.16552,42.36605,"{
  ""coordinates"": [
    -8.316552040999990e+01,
    4.236605353500000e+01
  ],
  ""type"": ""Point""
}","{
  ""coordinates"": [
    -83.16552041,
    42.366053535
  ],
  ""type"": ""Point""
}",-83.1655204099999,42.366053535
13908,1054016,3RD,N I 75,2017-06-11,11,6,2017,7,1,8,9,,4,0,,1,1,1,30,6,2,2,5,0,0,0,0,true,,false,false,false,false,false,,,,,,false,false,true,,,false,false,false,false,false,-83.0601,42.33623,"{
  ""coordinates"": [
    -8.306009339300000e+01,
    4.233622579600010e+01
  ],
  ""type"": ""Point""
}","{
  ""coordinates"": [
    -83.060093393,
    42.336225796
  ],
  ""type"": ""Point""
}",-83.060093393,42.3362257960001
13909,1059567,JAMES COUZENS,WYOMING,2017-06-11,11,6,2017,20,1,1,9,,4,1,,1,1,5,0,3,1,3,5,0,0,0,0,true,,false,false,false,false,false,,,,,,false,false,true,,,false,false,false,false,false,-83.15976,42.40562,"{
  ""coordinates"": [
    -8.315976290600000e+01,
    4.240562436300010e+01
  ],
  ""type"": ""Point""
}","{
  ""coordinates"": [
    -83.159762906,
    42.405624363
  ],
  ""type"": ""Point""
}",-83.159762906,42.4056243630001
13910,1054990,EUCLID,SECOND,2017-06-11,11,6,2017,19,1,97,9,,4,0,,2,1,1,20,2,2,7,5,0,0,0,0,true,,false,false,false,false,false,,,,,,false,false,true,,,false,false,false,false,false,-83.08161,42.37582,"{
  ""coordinates"": [
    -8.308160984999989e+01,
    4.237581899100010e+01
  ],
  ""type"": ""Point""
}","{
  ""coordinates"": [
    -83.08160985,
    42.375818991
  ],
  ""type"": ""Point""
}",-83.0816098499999,42.3758189910001