ObjectId,Crash ID,Primary Road,Intersecting Road,Crash Date,Day,Month,Year,Hour,Weekday,Crash Type Code,Highway Classification Code,Community Code,Jurisdiction Code,Lane Departure Type Code,Surface Type,Road Condition,Weather Condition,Lighting Condition,Speed Limit,Lanes,Units,Occupants,Most Severe Injury,Fatal Injuries,Suspected Serious Injuries,Suspected Minor Injuries,Possible Injuries,Property Damage Only,Secondary Crash,Traffic Control,Red Light Run,Hit and Run,Alcohol,Drugs,Unbelted Person,Work Zone,Speeding Driver,Distracted Driver,Driveway,Pedestrian,Elderly Driver,Young Driver,Commercial Vehicle,Emergency Vehicles,Train,School Bus,Motorcycle,Bicycle,Deer,Longitude,Latitude,geom,geog,x,y
13911,1054054,RYAN,HAMLET,2017-06-11,11,6,2017,14,1,5,9,,4,0,,1,1,1,35,2,2,1,5,0,0,0,0,true,,false,false,true,false,false,,,,,,false,false,false,,,false,false,false,false,false,-83.06381,42.44559,"{
  ""coordinates"": [
    -8.306380983900000e+01,
    4.244559635600010e+01
  ],
  ""type"": ""Point""
}","{
  ""coordinates"": [
    -83.063809839,
    42.445596356
  ],
  ""type"": ""Point""
}",-83.063809839,42.4455963560001
13912,1054069,MCNICHOLS,MANOR,2017-06-11,11,6,2017,14,1,5,9,,2,0,,1,1,1,30,5,2,2,5,0,0,0,0,true,,false,false,false,false,false,,,,,,false,false,false,,,false,false,false,false,false,-83.16938,42.41668,"{
  ""coordinates"": [
    -8.316938278299990e+01,
    4.241668195700000e+01
  ],
  ""type"": ""Point""
}","{
  ""coordinates"": [
    -83.169382783,
    42.416681957
  ],
  ""type"": ""Point""
}",-83.1693827829999,42.416681957
13913,1055039,WARREN,ST ANTIONE,2017-06-11,11,6,2017,18,1,8,9,,4,0,,1,1,1,30,9,2,2,5,0,0,0,0,true,,false,false,false,false,false,,,,,,false,true,false,,,false,false,false,false,false,-83.05657,42.35999,"{
  ""coordinates"": [
    -8.305657053600000e+01,
    4.235998665000010e+01
  ],
  ""type"": ""Point""
}","{
  ""coordinates"": [
    -83.056570536,
    42.35998665
  ],
  ""type"": ""Point""
}",-83.056570536,42.3599866500001
13914,1058180,I-96,LIVERNOIS,2017-06-11,11,6,2017,2,1,5,1,,1,0,,1,1,4,70,4,2,2,3,0,0,1,0,false,,false,false,true,false,false,,,,,,false,false,false,,,false,false,true,false,false,-83.14041,42.36799,"{
  ""coordinates"": [
    -8.314040950000000e+01,
    4.236798767400010e+01
  ],
  ""type"": ""Point""
}","{
  ""coordinates"": [
    -83.1404095,
    42.367987674
  ],
  ""type"": ""Point""
}",-83.1404095,42.3679876740001
13915,1054053,GUNSTON,MCNICHOLS,2017-06-11,11,6,2017,2,1,4,3,,1,0,,1,1,4,0,4,2,4,5,0,0,0,0,true,,false,false,false,false,false,,,,,,false,false,true,,,false,false,false,false,false,-83.00304,42.42007,"{
  ""coordinates"": [
    -8.300303546399989e+01,
    4.242007168500000e+01
  ],
  ""type"": ""Point""
}","{
  ""coordinates"": [
    -83.003035464,
    42.420071685
  ],
  ""type"": ""Point""
}",-83.0030354639999,42.420071685
13916,1054012,MEYERS,FOLEY,2017-06-11,11,6,2017,16,1,5,9,,4,0,,1,1,1,30,2,2,2,3,0,0,1,0,false,,false,false,false,false,false,,,,,,false,false,false,,,false,false,false,false,false,-83.16836,42.37914,"{
  ""coordinates"": [
    -8.316835992100000e+01,
    4.237913571800000e+01
  ],
  ""type"": ""Point""
}","{
  ""coordinates"": [
    -83.168359921,
    42.379135718
  ],
  ""type"": ""Point""
}",-83.168359921,42.379135718
13917,1056183,YONKA,7 MILE,2017-06-11,11,6,2017,23,1,98,9,,,0,,1,1,4,25,1,2,0,5,0,0,0,0,true,,false,false,true,false,false,,,,,,false,false,false,,,false,false,false,false,false,-83.06613,42.43334,"{
  ""coordinates"": [
    -8.306613390000000e+01,
    4.243334339500010e+01
  ],
  ""type"": ""Point""
}","{
  ""coordinates"": [
    -83.0661339,
    42.433343395
  ],
  ""type"": ""Point""
}",-83.0661339,42.4333433950001
13918,1054047,EPWORTH,VANCOUVER,2017-06-11,11,6,2017,1,1,8,9,,4,0,,1,1,4,30,2,2,3,5,0,0,0,0,true,,false,false,false,false,false,,,,,,false,false,true,,,false,false,false,false,false,-83.1319,42.35493,"{
  ""coordinates"": [
    -8.313189796400000e+01,
    4.235493515900000e+01
  ],
  ""type"": ""Point""
}","{
  ""coordinates"": [
    -83.131897964,
    42.354935159
  ],
  ""type"": ""Point""
}",-83.131897964,42.354935159
13919,1073961,HAMPSHIRE,NEWPORT,2017-06-11,11,6,2017,21,1,5,9,,,0,,1,1,4,25,1,2,1,5,0,0,0,0,true,,false,false,false,false,false,,,,,,false,true,false,,,false,false,false,false,false,-82.96796,42.40535,"{
  ""coordinates"": [
    -8.296795995600000e+01,
    4.240534603500000e+01
  ],
  ""type"": ""Point""
}","{
  ""coordinates"": [
    -82.967959956,
    42.405346035
  ],
  ""type"": ""Point""
}",-82.967959956,42.405346035
13920,1054028,N M 39 SERVICE DRIVE,PAUL,2017-06-11,11,6,2017,3,1,98,9,,4,1,,1,1,4,55,3,1,3,2,0,3,0,0,false,,false,false,false,false,false,,,,,,false,false,true,,,false,false,false,false,false,-83.21542,42.33619,"{
  ""coordinates"": [
    -8.321541645300000e+01,
    4.233618500600010e+01
  ],
  ""type"": ""Point""
}","{
  ""coordinates"": [
    -83.215416453,
    42.336185006
  ],
  ""type"": ""Point""
}",-83.215416453,42.3361850060001
13921,1055045,EATON,GREENVIEW,2017-06-11,11,6,2017,0,1,4,9,,,0,,1,1,4,25,2,2,1,5,0,0,0,0,true,,true,false,true,false,false,,,,,,false,false,false,,,false,false,false,false,false,-83.22386,42.39606,"{
  ""coordinates"": [
    -8.322385977000000e+01,
    4.239605955500010e+01
  ],
  ""type"": ""Point""
}","{
  ""coordinates"": [
    -83.22385977,
    42.396059555
  ],
  ""type"": ""Point""
}",-83.22385977,42.3960595550001
13922,1054063,WYOMING,SAINT MARTINS,2017-06-11,11,6,2017,5,1,1,9,,4,1,,1,1,4,30,2,1,1,5,0,0,0,0,true,,false,false,false,false,false,,,,,,false,false,true,,,false,false,false,false,false,-83.16116,42.43699,"{
  ""coordinates"": [
    -8.316116494700000e+01,
    4.243698699300010e+01
  ],
  ""type"": ""Point""
}","{
  ""coordinates"": [
    -83.161164947,
    42.436986993
  ],
  ""type"": ""Point""
}",-83.161164947,42.4369869930001
13923,1055035,PLYMOUTH,BURT,2017-06-11,11,6,2017,19,1,97,9,,4,3,,1,1,1,25,1,2,0,5,0,0,0,0,true,,false,false,true,false,false,,,,,,false,false,false,,,false,false,false,false,false,-83.24992,42.37178,"{
  ""coordinates"": [
    -8.324991513299990e+01,
    4.237178112500000e+01
  ],
  ""type"": ""Point""
}","{
  ""coordinates"": [
    -83.249915133,
    42.371781125
  ],
  ""type"": ""Point""
}",-83.2499151329999,42.371781125
13924,1054031,JEFFERSON,GRAND,2017-06-11,11,6,2017,3,1,1,3,,4,0,,1,1,4,35,7,1,0,5,0,0,0,0,true,,false,false,false,false,false,,,,,,false,false,false,,,false,false,false,false,false,-83.00159,42.34705,"{
  ""coordinates"": [
    -8.300158370900000e+01,
    4.234704733500010e+01
  ],
  ""type"": ""Point""
}","{
  ""coordinates"": [
    -83.001583709,
    42.347047335
  ],
  ""type"": ""Point""
}",-83.001583709,42.3470473350001
13925,1055021,GILBERT,PELOUZE,2017-06-11,11,6,2017,13,1,4,9,,,0,,1,1,1,25,4,2,7,4,0,0,0,1,false,,false,false,true,false,false,,,,,,false,false,false,,,false,false,false,false,false,-83.12461,42.33459,"{
  ""coordinates"": [
    -8.312461345100000e+01,
    4.233459143200000e+01
  ],
  ""type"": ""Point""
}","{
  ""coordinates"": [
    -83.124613451,
    42.334591432
  ],
  ""type"": ""Point""
}",-83.124613451,42.334591432
13926,1054041,FENKELL,GRAND RIVER,2017-06-11,11,6,2017,1,1,8,3,,2,0,,1,1,4,30,2,2,1,5,0,0,0,0,true,,false,false,true,false,false,,,,,,false,false,false,,,false,false,false,false,false,-83.21893,42.40111,"{
  ""coordinates"": [
    -8.321893625900000e+01,
    4.240111325700010e+01
  ],
  ""type"": ""Point""
}","{
  ""coordinates"": [
    -83.218936259,
    42.401113257
  ],
  ""type"": ""Point""
}",-83.218936259,42.4011132570001
13927,1061488,WALDO,CENTRAL,2017-06-11,11,6,2017,23,1,97,9,,,0,,1,1,4,25,3,3,0,5,0,0,0,0,true,,false,false,true,false,false,,,,,,false,false,false,,,false,false,false,false,false,-83.13348,42.32572,"{
  ""coordinates"": [
    -8.313347386700001e+01,
    4.232571607200000e+01
  ],
  ""type"": ""Point""
}","{
  ""coordinates"": [
    -83.133473867,
    42.325716072
  ],
  ""type"": ""Point""
}",-83.133473867,42.325716072
13928,1059560,MCNICHOLS,BILTMORE,2017-06-11,11,6,2017,4,1,5,9,,2,0,,1,1,3,35,6,3,2,5,0,0,0,0,true,,false,false,true,false,false,,,,,,false,false,false,,,false,false,false,false,false,-83.21063,42.41574,"{
  ""coordinates"": [
    -8.321063019699990e+01,
    4.241573728400000e+01
  ],
  ""type"": ""Point""
}","{
  ""coordinates"": [
    -83.210630197,
    42.415737284
  ],
  ""type"": ""Point""
}",-83.2106301969999,42.415737284
13929,1055012,LUMLEY,KIRKWOOD,2017-06-11,11,6,2017,7,1,8,9,,,0,,1,1,1,25,2,2,0,5,0,0,0,0,true,,false,false,true,false,false,,,,,,false,false,false,,,false,false,false,false,false,-83.14579,42.33762,"{
  ""coordinates"": [
    -8.314579225800000e+01,
    4.233762071600010e+01
  ],
  ""type"": ""Point""
}","{
  ""coordinates"": [
    -83.145792258,
    42.337620716
  ],
  ""type"": ""Point""
}",-83.145792258,42.3376207160001
13930,1060576,FARMER,GRATIOT,2017-06-11,11,6,2017,12,1,8,9,,4,0,,1,1,1,30,2,2,4,5,0,0,0,0,true,,false,false,true,false,false,,,,,,false,false,true,,,false,false,false,false,false,-83.04697,42.33363,"{
  ""coordinates"": [
    -8.304696625699999e+01,
    4.233362800900010e+01
  ],
  ""type"": ""Point""
}","{
  ""coordinates"": [
    -83.046966257,
    42.333628009
  ],
  ""type"": ""Point""
}",-83.046966257,42.3336280090001
13931,1054064,OHIO,PICKFORD,2017-06-11,11,6,2017,18,1,4,9,,,0,,1,1,1,25,2,2,4,3,0,0,1,1,false,,true,false,false,false,false,,,,,,false,false,true,,,false,false,false,false,false,-83.15642,42.42602,"{
  ""coordinates"": [
    -8.315641945399990e+01,
    4.242602323700000e+01
  ],
  ""type"": ""Point""
}","{
  ""coordinates"": [
    -83.156419454,
    42.426023237
  ],
  ""type"": ""Point""
}",-83.1564194539999,42.426023237
13932,1055006,LIVERNOIS,MICHIGAN,2017-06-11,11,6,2017,1,1,5,2,,4,0,,1,1,4,35,4,2,1,5,0,0,0,0,true,,false,false,true,false,false,,,,,,false,false,false,,,false,false,false,false,false,-83.12033,42.33112,"{
  ""coordinates"": [
    -8.312033324299991e+01,
    4.233111831500000e+01
  ],
  ""type"": ""Point""
}","{
  ""coordinates"": [
    -83.120333243,
    42.331118315
  ],
  ""type"": ""Point""
}",-83.1203332429999,42.331118315
13933,1054965,RAMP 136C,GREENFIELD,2017-06-11,11,6,2017,4,1,5,1,,1,0,,1,1,4,55,2,2,3,4,0,0,0,2,false,,false,false,true,false,false,,,,,,false,false,true,,,false,false,false,false,false,-83.19652,42.37961,"{
  ""coordinates"": [
    -8.319652128000000e+01,
    4.237961251800000e+01
  ],
  ""type"": ""Point""
}","{
  ""coordinates"": [
    -83.19652128,
    42.379612518
  ],
  ""type"": ""Point""
}",-83.19652128,42.379612518
13934,1056169,CHALMERS,7MILE,2017-06-11,11,6,2017,19,1,97,9,,4,0,,1,1,1,30,2,2,1,5,0,0,0,0,true,,false,false,true,false,false,,,,,,false,false,false,,,false,false,false,false,false,-82.97527,42.43514,"{
  ""coordinates"": [
    -8.297527528800001e+01,
    4.243513949000000e+01
  ],
  ""type"": ""Point""
}","{
  ""coordinates"": [
    -82.975275288,
    42.43513949
  ],
  ""type"": ""Point""
}",-82.975275288,42.43513949
13935,1061470,RIVARD,JOLIET,2017-06-11,11,6,2017,2,1,1,9,,4,1,,1,1,4,25,2,1,1,5,0,0,0,0,true,,false,false,false,false,false,,,,,,false,false,false,,,false,false,false,false,false,-83.03683,42.33728,"{
  ""coordinates"": [
    -8.303683469700000e+01,
    4.233728115500000e+01
  ],
  ""type"": ""Point""
}","{
  ""coordinates"": [
    -83.036834697,
    42.337281155
  ],
  ""type"": ""Point""
}",-83.036834697,42.337281155
13936,1054052,ROBINWOOD,MOUND,2017-06-11,11,6,2017,14,1,8,9,,,0,,1,1,1,25,1,2,0,5,0,0,0,0,true,,false,false,true,false,false,,,,,,false,false,false,,,false,false,false,false,false,-83.04333,42.43171,"{
  ""coordinates"": [
    -8.304333618000000e+01,
    4.243171368600010e+01
  ],
  ""type"": ""Point""
}","{
  ""coordinates"": [
    -83.04333618,
    42.431713686
  ],
  ""type"": ""Point""
}",-83.04333618,42.4317136860001
13937,1054040,FENKELL,FAUST,2017-06-11,11,6,2017,14,1,97,9,,2,0,,1,1,1,35,4,2,1,5,0,0,0,0,true,,false,false,true,false,false,,,,,,false,true,false,,,false,false,false,false,false,-83.22289,42.401,"{
  ""coordinates"": [
    -8.322288752199999e+01,
    4.240100221100000e+01
  ],
  ""type"": ""Point""
}","{
  ""coordinates"": [
    -83.222887522,
    42.401002211
  ],
  ""type"": ""Point""
}",-83.222887522,42.401002211
13938,1060536,W I 94,RAMP 213L,2017-06-11,11,6,2017,16,1,5,1,,1,0,,1,1,1,55,3,2,2,5,0,0,0,0,true,,false,false,false,false,false,,,,,,false,false,false,,,false,false,false,false,false,-83.0965,42.35106,"{
  ""coordinates"": [
    -8.309650080499991e+01,
    4.235106112300010e+01
  ],
  ""type"": ""Point""
}","{
  ""coordinates"": [
    -83.096500805,
    42.351061123
  ],
  ""type"": ""Point""
}",-83.0965008049999,42.3510611230001
13939,1054039,GREENFIELD,7 MILE,2017-06-11,11,6,2017,4,1,8,9,,2,0,,1,1,4,35,4,2,2,5,0,0,0,0,true,,false,false,true,false,false,,,,,,false,false,true,,,false,false,false,false,false,-83.19987,42.43043,"{
  ""coordinates"": [
    -8.319986945999990e+01,
    4.243042864700000e+01
  ],
  ""type"": ""Point""
}","{
  ""coordinates"": [
    -83.19986946,
    42.430428647
  ],
  ""type"": ""Point""
}",-83.1998694599999,42.430428647
13940,1056186,CHALFONTE,SANTA ROSA,2017-06-11,11,6,2017,17,1,10,9,,,3,,1,1,1,25,1,2,1,5,0,0,0,0,true,,false,false,true,false,false,,,,,,false,false,false,,,false,false,false,false,false,-83.14207,42.40038,"{
  ""coordinates"": [
    -8.314207802599999e+01,
    4.240038488100000e+01
  ],
  ""type"": ""Point""
}","{
  ""coordinates"": [
    -83.142078026,
    42.400384881
  ],
  ""type"": ""Point""
}",-83.142078026,42.400384881
13941,1054065,GREENLAWN,6 MILE,2017-06-11,11,6,2017,3,1,1,9,,,1,,1,1,4,25,1,1,2,5,0,0,0,0,true,,false,false,false,false,false,,,,,,false,false,false,,,false,false,false,false,false,-83.15116,42.41656,"{
  ""coordinates"": [
    -8.315116409699991e+01,
    4.241656447600010e+01
  ],
  ""type"": ""Point""
}","{
  ""coordinates"": [
    -83.151164097,
    42.416564476
  ],
  ""type"": ""Point""
}",-83.1511640969999,42.4165644760001
13942,1054018,GRAND RIVER,WINSLOW,2017-06-11,11,6,2017,0,1,5,3,,1,0,,1,1,4,30,7,3,2,4,0,0,0,1,false,,false,false,false,true,false,,,,,,false,false,true,,,false,false,false,false,false,-83.09923,42.3527,"{
  ""coordinates"": [
    -8.309922722899999e+01,
    4.235269621200010e+01
  ],
  ""type"": ""Point""
}","{
  ""coordinates"": [
    -83.099227229,
    42.352696212
  ],
  ""type"": ""Point""
}",-83.099227229,42.3526962120001
13943,1055020,DEXTER,TUXEDO,2017-06-11,11,6,2017,12,1,8,9,,4,0,,1,1,1,35,2,2,3,5,0,0,0,0,true,,false,false,true,false,false,,,,,,false,false,true,,,false,false,false,false,false,-83.12463,42.38048,"{
  ""coordinates"": [
    -8.312462474700000e+01,
    4.238048064600010e+01
  ],
  ""type"": ""Point""
}","{
  ""coordinates"": [
    -83.124624747,
    42.380480646
  ],
  ""type"": ""Point""
}",-83.124624747,42.3804806460001
13944,1054044,VANDYKE,GRATIOT,2017-06-11,11,6,2017,13,1,5,3,,4,0,,1,1,1,35,8,2,2,4,0,0,0,1,false,,false,false,false,false,false,,,,,,false,false,false,,,false,false,false,false,false,-83.01454,42.37864,"{
  ""coordinates"": [
    -8.301454116600000e+01,
    4.237863925500010e+01
  ],
  ""type"": ""Point""
}","{
  ""coordinates"": [
    -83.014541166,
    42.378639255
  ],
  ""type"": ""Point""
}",-83.014541166,42.3786392550001
13945,1054038,SEMINOLE,HARPER,2017-06-11,11,6,2017,4,1,4,9,,,0,,97,1,5,0,2,2,1,5,0,0,0,0,true,,false,false,true,false,false,,,,,,false,false,false,,,false,false,false,false,false,-83.01885,42.38903,"{
  ""coordinates"": [
    -8.301884947799989e+01,
    4.238902583800010e+01
  ],
  ""type"": ""Point""
}","{
  ""coordinates"": [
    -83.018849478,
    42.389025838
  ],
  ""type"": ""Point""
}",-83.0188494779999,42.3890258380001
13946,1052990,7 MILE,LIVERNOIS,2017-06-10,10,6,2017,14,7,5,9,,2,0,,1,1,1,35,2,2,2,5,0,0,0,0,true,,false,false,false,false,false,,,,,,false,false,true,,,false,false,false,false,false,-83.14167,42.43161,"{
  ""coordinates"": [
    -8.314167034799991e+01,
    4.243160921700010e+01
  ],
  ""type"": ""Point""
}","{
  ""coordinates"": [
    -83.141670348,
    42.431609217
  ],
  ""type"": ""Point""
}",-83.1416703479999,42.4316092170001
13947,1052928,WARREN,CONNER,2017-06-10,10,6,2017,2,7,5,9,,4,0,,1,1,4,25,4,2,3,5,0,0,0,0,true,,false,false,false,false,false,,,,,,false,false,false,,,false,false,false,false,false,-82.97639,42.38925,"{
  ""coordinates"": [
    -8.297639084100000e+01,
    4.238925038100010e+01
  ],
  ""type"": ""Point""
}","{
  ""coordinates"": [
    -82.976390841,
    42.389250381
  ],
  ""type"": ""Point""
}",-82.976390841,42.3892503810001
13948,1054034,JEFFERSON,ORLEANS,2017-06-10,10,6,2017,20,7,4,9,,4,0,,1,1,3,35,9,2,7,3,0,0,1,0,false,,true,false,false,false,false,,,,,,false,false,true,,,false,false,false,false,false,-83.02937,42.33535,"{
  ""coordinates"": [
    -8.302936215600000e+01,
    4.233535219300010e+01
  ],
  ""type"": ""Point""
}","{
  ""coordinates"": [
    -83.029362156,
    42.335352193
  ],
  ""type"": ""Point""
}",-83.029362156,42.3353521930001
13949,1054013,FLORENCE,TRACEY,2017-06-10,10,6,2017,23,7,4,9,,,0,,1,1,4,25,2,2,1,5,0,0,0,0,true,,false,false,false,false,false,,,,,,false,false,true,,,false,false,false,false,false,-83.18066,42.41177,"{
  ""coordinates"": [
    -8.318065630000000e+01,
    4.241177251200000e+01
  ],
  ""type"": ""Point""
}","{
  ""coordinates"": [
    -83.1806563,
    42.411772512
  ],
  ""type"": ""Point""
}",-83.1806563,42.411772512
13950,1055033,MCNICHOLS,SOUTHFIELD,2017-06-10,10,6,2017,22,7,5,9,,2,0,,1,1,4,35,4,2,2,5,0,0,0,0,true,,false,false,true,false,false,,,,,,false,false,false,,,false,false,false,false,false,-83.2195,42.41554,"{
  ""coordinates"": [
    -8.321949969900000e+01,
    4.241554407700000e+01
  ],
  ""type"": ""Point""
}","{
  ""coordinates"": [
    -83.219499699,
    42.415544077
  ],
  ""type"": ""Point""
}",-83.219499699,42.415544077
13951,1054961,I-94,CADIEUX,2017-06-10,10,6,2017,18,7,8,1,,1,0,,1,1,1,55,3,2,2,5,0,0,0,0,true,,false,false,false,false,false,,,,,,false,false,true,,,false,false,false,false,false,-82.93723,42.41674,"{
  ""coordinates"": [
    -8.293723668299999e+01,
    4.241674416500010e+01
  ],
  ""type"": ""Point""
}","{
  ""coordinates"": [
    -82.937236683,
    42.416744165
  ],
  ""type"": ""Point""
}",-82.937236683,42.4167441650001
13952,1054029,WYOMING,MCNICHOLS,2017-06-10,10,6,2017,18,7,8,9,,4,0,,1,1,1,30,3,2,1,5,0,0,0,0,true,,false,false,false,false,false,,,,,,false,true,false,,,false,false,false,false,false,-83.16036,42.41776,"{
  ""coordinates"": [
    -8.316036342699989e+01,
    4.241776346100000e+01
  ],
  ""type"": ""Point""
}","{
  ""coordinates"": [
    -83.160363427,
    42.417763461
  ],
  ""type"": ""Point""
}",-83.1603634269999,42.417763461
13953,1057187,W I 96,SCHAEFER,2017-06-10,10,6,2017,17,7,5,1,,1,0,,1,1,1,70,3,2,2,2,0,1,0,0,false,,false,false,false,false,false,,,,,,false,false,false,,,false,false,true,false,false,-83.17943,42.38309,"{
  ""coordinates"": [
    -8.317942570600000e+01,
    4.238308919300000e+01
  ],
  ""type"": ""Point""
}","{
  ""coordinates"": [
    -83.179425706,
    42.383089193
  ],
  ""type"": ""Point""
}",-83.179425706,42.383089193
13954,1052847,JEFFERSON,WOODWARD,2017-06-10,10,6,2017,16,7,8,3,,1,0,,1,1,1,35,5,3,4,5,0,0,0,0,true,,false,false,false,false,false,,,,,,false,true,false,,,false,false,false,false,false,-83.04769,42.32723,"{
  ""coordinates"": [
    -8.304769107899990e+01,
    4.232722824000010e+01
  ],
  ""type"": ""Point""
}","{
  ""coordinates"": [
    -83.047691079,
    42.32722824
  ],
  ""type"": ""Point""
}",-83.0476910789999,42.3272282400001
13955,1077635,WESTWOOD,WHITLOCK,2017-06-10,10,6,2017,4,7,8,9,,,0,,1,1,4,25,2,2,1,5,0,0,0,0,true,,false,false,true,false,false,,,,,,false,false,false,,,false,false,false,false,false,-83.23036,42.33978,"{
  ""coordinates"": [
    -8.323035819899999e+01,
    4.233977450900010e+01
  ],
  ""type"": ""Point""
}","{
  ""coordinates"": [
    -83.230358199,
    42.339774509
  ],
  ""type"": ""Point""
}",-83.230358199,42.3397745090001
13956,1057178,I-75,M-10,2017-06-10,10,6,2017,7,7,1,1,,1,1,,1,1,2,55,3,1,1,4,0,0,0,1,false,,false,false,false,false,false,,,,,,false,false,false,,,false,false,false,false,false,-83.09492,42.44664,"{
  ""coordinates"": [
    -8.309491501600000e+01,
    4.244663936100010e+01
  ],
  ""type"": ""Point""
}","{
  ""coordinates"": [
    -83.094915016,
    42.446639361
  ],
  ""type"": ""Point""
}",-83.094915016,42.4466393610001
13957,1056133,GRAND RIVER,14TH,2017-06-10,10,6,2017,18,7,5,3,,1,0,,1,1,1,45,3,2,2,4,0,0,0,1,false,,false,false,false,false,false,,,,,,false,true,false,,,false,false,false,false,false,-83.08554,42.34718,"{
  ""coordinates"": [
    -8.308554401899990e+01,
    4.234718463300000e+01
  ],
  ""type"": ""Point""
}","{
  ""coordinates"": [
    -83.085544019,
    42.347184633
  ],
  ""type"": ""Point""
}",-83.0855440189999,42.347184633
13958,1055028,ASHTON,JOY,2017-06-10,10,6,2017,1,7,98,9,,,0,,1,1,4,35,4,3,5,3,0,0,3,1,false,,true,false,false,true,false,,,,,,false,false,true,,,false,false,false,false,false,-83.2177,42.35783,"{
  ""coordinates"": [
    -8.321770377800000e+01,
    4.235783305100010e+01
  ],
  ""type"": ""Point""
}","{
  ""coordinates"": [
    -83.217703778,
    42.357833051
  ],
  ""type"": ""Point""
}",-83.217703778,42.3578330510001
13959,1058233,JOY,TRINITY,2017-06-10,10,6,2017,20,7,5,9,,2,0,,1,1,2,35,8,3,9,4,0,0,0,3,false,,false,false,false,false,false,,,,,,false,false,true,,,false,false,false,false,false,-83.24693,42.35737,"{
  ""coordinates"": [
    -8.324692834200000e+01,
    4.235737000100000e+01
  ],
  ""type"": ""Point""
}","{
  ""coordinates"": [
    -83.246928342,
    42.357370001
  ],
  ""type"": ""Point""
}",-83.246928342,42.357370001
13960,1054057,MCNICHOLS,HAMILTON,2017-06-10,10,6,2017,22,7,5,9,,4,0,,1,1,4,0,2,2,4,5,0,0,0,0,true,,false,false,false,false,false,,,,,,false,true,true,,,false,false,false,false,false,-83.11639,42.41759,"{
  ""coordinates"": [
    -8.311639592200000e+01,
    4.241758684200000e+01
  ],
  ""type"": ""Point""
}","{
  ""coordinates"": [
    -83.116395922,
    42.417586842
  ],
  ""type"": ""Point""
}",-83.116395922,42.417586842
13961,1056147,PLAINVIEW,WESTFIELD,2017-06-10,10,6,2017,16,7,8,9,,,0,,1,1,1,25,3,2,1,5,0,0,0,0,true,,false,false,true,false,false,,,,,,false,false,true,,,false,false,false,false,false,-83.23479,42.36333,"{
  ""coordinates"": [
    -8.323479829300000e+01,
    4.236332880400000e+01
  ],
  ""type"": ""Point""
}","{
  ""coordinates"": [
    -83.234798293,
    42.363328804
  ],
  ""type"": ""Point""
}",-83.234798293,42.363328804
13962,1052947,MOUND,OUTER,2017-06-10,10,6,2017,15,7,4,9,,2,0,,1,1,1,35,2,2,2,5,0,0,0,0,true,,true,true,false,false,false,,,,,,false,false,false,,,false,false,false,false,false,-83.04406,42.44093,"{
  ""coordinates"": [
    -8.304405636300000e+01,
    4.244092456400010e+01
  ],
  ""type"": ""Point""
}","{
  ""coordinates"": [
    -83.044056363,
    42.440924564
  ],
  ""type"": ""Point""
}",-83.044056363,42.4409245640001
13963,1055032,FORRER,KENDALL,2017-06-10,10,6,2017,16,7,97,9,,,0,,1,1,1,25,3,2,1,5,0,0,0,0,true,,false,false,false,false,false,,,,,,false,false,false,,,false,false,false,false,false,-83.2014,42.38927,"{
  ""coordinates"": [
    -8.320140186200000e+01,
    4.238926975400010e+01
  ],
  ""type"": ""Point""
}","{
  ""coordinates"": [
    -83.201401862,
    42.389269754
  ],
  ""type"": ""Point""
}",-83.201401862,42.3892697540001
13964,1058266,OAKMAN,DEXTER,2017-06-10,10,6,2017,3,7,5,9,,4,0,,1,1,4,25,2,2,0,5,0,0,0,0,true,,false,false,false,false,false,,,,,,false,false,false,,,false,false,false,false,false,-83.13195,42.39322,"{
  ""coordinates"": [
    -8.313195049599990e+01,
    4.239321942200010e+01
  ],
  ""type"": ""Point""
}","{
  ""coordinates"": [
    -83.131950496,
    42.393219422
  ],
  ""type"": ""Point""
}",-83.1319504959999,42.3932194220001
13965,1057185,I-94,VAN DYKE,2017-06-10,10,6,2017,15,7,5,1,,1,0,,1,1,1,55,3,2,5,5,0,0,0,0,true,,false,false,false,false,false,,,,,,false,false,false,,,false,false,false,false,false,-83.01748,42.38717,"{
  ""coordinates"": [
    -8.301748112500000e+01,
    4.238717202600000e+01
  ],
  ""type"": ""Point""
}","{
  ""coordinates"": [
    -83.017481125,
    42.387172026
  ],
  ""type"": ""Point""
}",-83.017481125,42.387172026
13966,1054036,SAINT AUBIN,LARNED,2017-06-10,10,6,2017,13,7,4,9,,4,0,,1,2,1,30,6,2,2,4,0,0,0,1,false,,false,false,false,false,false,,,,,,false,true,false,,,false,false,false,false,false,-83.02834,42.33694,"{
  ""coordinates"": [
    -8.302833413099999e+01,
    4.233693842200010e+01
  ],
  ""type"": ""Point""
}","{
  ""coordinates"": [
    -83.028334131,
    42.336938422
  ],
  ""type"": ""Point""
}",-83.028334131,42.3369384220001
13967,1054024,MOROSS,W I 94,2017-06-10,10,6,2017,11,7,4,9,,2,0,,1,1,1,35,5,2,3,5,0,0,0,0,true,,false,false,false,false,false,,,,,,false,false,true,,,false,false,false,false,false,-82.92886,42.42445,"{
  ""coordinates"": [
    -8.292886677300000e+01,
    4.242445146000010e+01
  ],
  ""type"": ""Point""
}","{
  ""coordinates"": [
    -82.928866773,
    42.42445146
  ],
  ""type"": ""Point""
}",-82.928866773,42.4244514600001