ObjectId,Crash ID,Primary Road,Intersecting Road,Crash Date,Day,Month,Year,Hour,Weekday,Crash Type Code,Highway Classification Code,Community Code,Jurisdiction Code,Lane Departure Type Code,Surface Type,Road Condition,Weather Condition,Lighting Condition,Speed Limit,Lanes,Units,Occupants,Most Severe Injury,Fatal Injuries,Suspected Serious Injuries,Suspected Minor Injuries,Possible Injuries,Property Damage Only,Secondary Crash,Traffic Control,Red Light Run,Hit and Run,Alcohol,Drugs,Unbelted Person,Work Zone,Speeding Driver,Distracted Driver,Driveway,Pedestrian,Elderly Driver,Young Driver,Commercial Vehicle,Emergency Vehicles,Train,School Bus,Motorcycle,Bicycle,Deer,Longitude,Latitude,geom,geog,x,y
14025,1054058,CURTIS,KENTUCKY,2017-06-10,10,6,2017,20,7,97,9,,4,0,,1,1,3,30,2,2,1,3,0,0,1,0,false,,false,false,false,false,false,,,,,,false,true,false,,,false,false,false,false,false,-83.15933,42.4242,"{
  ""coordinates"": [
    -8.315933044300000e+01,
    4.242419941000000e+01
  ],
  ""type"": ""Point""
}","{
  ""coordinates"": [
    -83.159330443,
    42.42419941
  ],
  ""type"": ""Point""
}",-83.159330443,42.42419941
14026,1055027,BATES,ATWATER,2017-06-10,10,6,2017,16,7,4,9,,4,0,,1,1,1,5,4,2,2,5,0,0,0,0,true,,false,false,false,false,false,,,,,,false,true,false,,,false,false,false,false,false,-83.04218,42.32734,"{
  ""coordinates"": [
    -8.304218041500000e+01,
    4.232733398100000e+01
  ],
  ""type"": ""Point""
}","{
  ""coordinates"": [
    -83.042180415,
    42.327333981
  ],
  ""type"": ""Point""
}",-83.042180415,42.327333981
14027,1063470,JEFFERSON,MOUNT ELLIOT,2017-06-10,10,6,2017,19,7,8,9,,4,0,,1,1,1,35,3,2,1,3,0,0,1,0,false,,false,false,true,false,false,,,,,,false,false,false,,,false,false,true,false,false,-83.01005,42.34367,"{
  ""coordinates"": [
    -8.301004699000001e+01,
    4.234366628000000e+01
  ],
  ""type"": ""Point""
}","{
  ""coordinates"": [
    -83.01004699,
    42.34366628
  ],
  ""type"": ""Point""
}",-83.01004699,42.34366628
14028,1055007,ST HEDWIG,JUCTION,2017-06-10,10,6,2017,17,7,8,9,,,0,,1,1,1,25,1,2,1,5,0,0,0,0,true,,false,false,false,false,false,,,,,,false,false,true,,,false,false,false,false,false,-83.10932,42.32821,"{
  ""coordinates"": [
    -8.310932373500000e+01,
    4.232820597300010e+01
  ],
  ""type"": ""Point""
}","{
  ""coordinates"": [
    -83.109323735,
    42.328205973
  ],
  ""type"": ""Point""
}",-83.109323735,42.3282059730001
14029,1054999,MICHIGAN,TARNOW,2017-06-10,10,6,2017,2,7,8,2,,1,3,,1,1,4,35,4,2,1,5,0,0,0,0,true,,false,false,false,false,false,,,,,,false,false,false,,,false,false,false,false,false,-83.13461,42.3311,"{
  ""coordinates"": [
    -8.313461450900000e+01,
    4.233110099900010e+01
  ],
  ""type"": ""Point""
}","{
  ""coordinates"": [
    -83.134614509,
    42.331100999
  ],
  ""type"": ""Point""
}",-83.134614509,42.3311009990001
14030,1052878,OAKLAND,HOLBROOK,2017-06-10,10,6,2017,11,7,98,9,,4,0,,1,1,1,35,2,2,2,5,0,0,0,0,true,,false,false,false,false,false,,,,,,false,false,false,,,false,false,false,false,false,-83.07162,42.3844,"{
  ""coordinates"": [
    -8.307161541700000e+01,
    4.238439478800010e+01
  ],
  ""type"": ""Point""
}","{
  ""coordinates"": [
    -83.071615417,
    42.384394788
  ],
  ""type"": ""Point""
}",-83.071615417,42.3843947880001
14031,1054968,N M 39,PAUL,2017-06-10,10,6,2017,3,7,8,3,,1,0,,1,1,4,55,3,2,3,4,0,0,0,2,false,,false,false,false,false,false,,,,,,false,false,true,,,false,false,false,false,false,-83.21576,42.3362,"{
  ""coordinates"": [
    -8.321575857999990e+01,
    4.233619758700010e+01
  ],
  ""type"": ""Point""
}","{
  ""coordinates"": [
    -83.21575858,
    42.336197587
  ],
  ""type"": ""Point""
}",-83.2157585799999,42.3361975870001
14032,1052988,LIVERNOIS,HUGHES,2017-06-10,10,6,2017,14,7,8,9,,4,0,,1,1,1,30,2,2,3,5,0,0,0,0,true,,false,false,false,false,false,,,,,,false,false,true,,,false,false,false,false,false,-83.14024,42.40523,"{
  ""coordinates"": [
    -8.314023989700000e+01,
    4.240522802900010e+01
  ],
  ""type"": ""Point""
}","{
  ""coordinates"": [
    -83.140239897,
    42.405228029
  ],
  ""type"": ""Point""
}",-83.140239897,42.4052280290001
14033,1054966,I-94,OUTER,2017-06-09,9,6,2017,23,6,5,1,,1,0,,1,1,4,55,3,2,1,5,0,0,0,0,true,,false,false,true,false,false,,,,,,false,false,false,,,false,false,false,false,false,-82.95816,42.40557,"{
  ""coordinates"": [
    -8.295815910000000e+01,
    4.240557231000000e+01
  ],
  ""type"": ""Point""
}","{
  ""coordinates"": [
    -82.9581591,
    42.40557231
  ],
  ""type"": ""Point""
}",-82.9581591,42.40557231
14034,1055009,18TH,MARTIN LUTHER KING JR,2017-06-09,9,6,2017,9,6,97,9,,,0,,1,2,1,30,4,2,0,5,0,0,0,0,true,,false,false,true,false,false,,,,,,false,false,false,,,false,false,false,false,false,-83.08561,42.33781,"{
  ""coordinates"": [
    -8.308561319599990e+01,
    4.233780805700010e+01
  ],
  ""type"": ""Point""
}","{
  ""coordinates"": [
    -83.085613196,
    42.337808057
  ],
  ""type"": ""Point""
}",-83.0856131959999,42.3378080570001
14035,1052915,MCNICHOLS,VAUGHAN,2017-06-09,9,6,2017,7,6,8,9,,2,0,,1,1,1,35,4,2,4,4,0,0,0,2,false,,false,false,false,false,false,,,,,,false,false,false,,,false,true,false,false,false,-83.23933,42.415,"{
  ""coordinates"": [
    -8.323933173599990e+01,
    4.241499630500000e+01
  ],
  ""type"": ""Point""
}","{
  ""coordinates"": [
    -83.239331736,
    42.414996305
  ],
  ""type"": ""Point""
}",-83.2393317359999,42.414996305
14036,1052935,LAWRENCE,DEXTER,2017-06-09,9,6,2017,20,6,98,9,,,0,,1,1,3,0,1,2,0,5,0,0,0,0,true,,false,false,true,false,false,,,,,,false,false,false,,,false,false,false,false,false,-83.12337,42.37739,"{
  ""coordinates"": [
    -8.312336787200000e+01,
    4.237739045100010e+01
  ],
  ""type"": ""Point""
}","{
  ""coordinates"": [
    -83.123367872,
    42.377390451
  ],
  ""type"": ""Point""
}",-83.123367872,42.3773904510001
14037,1052884,N M 39 SERVICE DRIVE,JOY,2017-06-09,9,6,2017,16,6,97,9,,4,0,,1,1,1,55,6,2,1,5,0,0,0,0,true,,false,false,false,false,false,,,,,,false,false,false,,,false,false,false,false,false,-83.21613,42.35649,"{
  ""coordinates"": [
    -8.321612713499999e+01,
    4.235648661800010e+01
  ],
  ""type"": ""Point""
}","{
  ""coordinates"": [
    -83.216127135,
    42.356486618
  ],
  ""type"": ""Point""
}",-83.216127135,42.3564866180001
14038,1057180,I-94,OUTER,2017-06-09,9,6,2017,20,6,1,1,,1,1,,2,4,2,55,3,1,1,5,0,0,0,0,true,,false,false,false,false,false,,,,,,false,false,false,,,false,false,false,false,false,-82.95552,42.4065,"{
  ""coordinates"": [
    -8.295551888700000e+01,
    4.240649949600000e+01
  ],
  ""type"": ""Point""
}","{
  ""coordinates"": [
    -82.955518887,
    42.406499496
  ],
  ""type"": ""Point""
}",-82.955518887,42.406499496
14039,1058292,JOHN R,STATE FAIR,2017-06-09,9,6,2017,22,6,3,9,,4,0,,1,1,98,35,4,2,2,5,0,0,0,0,true,,false,false,false,false,false,,,,,,false,true,false,,,false,false,false,false,false,-83.10258,42.43926,"{
  ""coordinates"": [
    -8.310257680200000e+01,
    4.243925827800010e+01
  ],
  ""type"": ""Point""
}","{
  ""coordinates"": [
    -83.102576802,
    42.439258278
  ],
  ""type"": ""Point""
}",-83.102576802,42.4392582780001
14040,1055010,JEFFERSON,JUNCTION,2017-06-09,9,6,2017,23,6,1,9,,4,1,,1,2,5,30,2,1,1,3,0,0,1,0,false,,false,false,false,false,false,,,,,,false,false,true,,,false,false,false,false,false,-83.09203,42.3036,"{
  ""coordinates"": [
    -8.309202270000000e+01,
    4.230360239600000e+01
  ],
  ""type"": ""Point""
}","{
  ""coordinates"": [
    -83.0920227,
    42.303602396
  ],
  ""type"": ""Point""
}",-83.0920227,42.303602396
14041,1057195,I-75,MEADE,2017-06-09,9,6,2017,8,6,5,1,,1,0,,1,1,1,70,4,2,2,5,0,0,0,0,true,,false,false,false,false,false,,,,,,false,false,false,,,false,false,false,false,false,-83.07413,42.40507,"{
  ""coordinates"": [
    -8.307413458699990e+01,
    4.240507079900000e+01
  ],
  ""type"": ""Point""
}","{
  ""coordinates"": [
    -83.074134587,
    42.405070799
  ],
  ""type"": ""Point""
}",-83.0741345869999,42.405070799
14042,1054994,OAKWOOD,FORT,2017-06-09,9,6,2017,8,6,2,3,,,0,,1,2,1,0,4,3,3,5,0,0,0,0,true,,false,false,false,false,false,,,,,,false,false,true,,,false,false,false,false,false,-83.14355,42.29046,"{
  ""coordinates"": [
    -8.314354468099999e+01,
    4.229046034700010e+01
  ],
  ""type"": ""Point""
}","{
  ""coordinates"": [
    -83.143544681,
    42.290460347
  ],
  ""type"": ""Point""
}",-83.143544681,42.2904603470001
14043,1055030,WARREN,PIEDMONT,2017-06-09,9,6,2017,22,6,8,9,,2,0,,2,2,4,35,6,3,0,5,0,0,0,0,true,,false,false,false,false,false,,,,,,false,false,false,,,false,false,false,false,false,-83.22836,42.34324,"{
  ""coordinates"": [
    -8.322835622799990e+01,
    4.234324202500010e+01
  ],
  ""type"": ""Point""
}","{
  ""coordinates"": [
    -83.228356228,
    42.343242025
  ],
  ""type"": ""Point""
}",-83.2283562279999,42.3432420250001
14044,1057171,M-39,PAUL,2017-06-09,9,6,2017,8,6,5,3,,1,0,,1,1,1,55,3,2,2,5,0,0,0,0,true,,false,false,false,false,false,,,,,,false,false,true,,,false,false,false,false,false,-83.21604,42.33758,"{
  ""coordinates"": [
    -8.321604089800000e+01,
    4.233757980600010e+01
  ],
  ""type"": ""Point""
}","{
  ""coordinates"": [
    -83.216040898,
    42.337579806
  ],
  ""type"": ""Point""
}",-83.216040898,42.3375798060001
14045,1056136,LINCOLN,CANADIAN NATIONAL RAILWAY,2017-06-09,9,6,2017,2,6,98,9,,,0,,1,1,4,25,2,2,0,5,0,0,0,0,true,,false,false,true,false,false,,,,,,false,false,false,,,false,false,false,false,false,-83.08257,42.36119,"{
  ""coordinates"": [
    -8.308256719500000e+01,
    4.236119184300000e+01
  ],
  ""type"": ""Point""
}","{
  ""coordinates"": [
    -83.082567195,
    42.361191843
  ],
  ""type"": ""Point""
}",-83.082567195,42.361191843
14046,1052875,MACK,N I 75,2017-06-09,9,6,2017,18,6,8,9,,4,0,,1,1,1,0,4,2,2,5,0,0,0,0,true,,false,false,false,false,false,,,,,,false,false,false,,,false,false,false,false,false,-83.04795,42.35133,"{
  ""coordinates"": [
    -8.304795092099990e+01,
    4.235133171000010e+01
  ],
  ""type"": ""Point""
}","{
  ""coordinates"": [
    -83.047950921,
    42.35133171
  ],
  ""type"": ""Point""
}",-83.0479509209999,42.3513317100001
14047,1052849,LIVERNOIS,GRAND RIVER,2017-06-09,9,6,2017,21,6,3,3,,4,0,,1,1,3,35,2,2,2,4,0,0,0,1,false,,true,true,true,false,false,,,,,,false,false,true,,,false,false,false,false,false,-83.13879,42.36847,"{
  ""coordinates"": [
    -8.313878974600000e+01,
    4.236846921600010e+01
  ],
  ""type"": ""Point""
}","{
  ""coordinates"": [
    -83.138789746,
    42.368469216
  ],
  ""type"": ""Point""
}",-83.138789746,42.3684692160001
14048,1057175,N M 10,RAMP 105D,2017-06-09,9,6,2017,13,6,5,3,,1,0,,1,2,1,55,4,3,3,4,0,0,0,2,false,,false,false,false,false,false,,,,,,false,true,true,,,false,false,false,false,false,-83.15633,42.4048,"{
  ""coordinates"": [
    -8.315633763300001e+01,
    4.240479910700000e+01
  ],
  ""type"": ""Point""
}","{
  ""coordinates"": [
    -83.156337633,
    42.404799107
  ],
  ""type"": ""Point""
}",-83.156337633,42.404799107
14049,1052916,MCNICHOLS,ST MARYS,2017-06-09,9,6,2017,21,6,8,9,,2,0,,2,1,4,35,4,2,4,4,0,0,0,1,false,,false,false,false,false,false,,,,,,false,false,false,,,false,false,false,false,false,-83.20688,42.41581,"{
  ""coordinates"": [
    -8.320687786400001e+01,
    4.241581383600000e+01
  ],
  ""type"": ""Point""
}","{
  ""coordinates"": [
    -83.206877864,
    42.415813836
  ],
  ""type"": ""Point""
}",-83.206877864,42.415813836
14050,1052974,7 MILE,PRAIRIE,2017-06-09,9,6,2017,14,6,5,9,,2,0,,1,2,1,30,5,2,1,5,0,0,0,0,true,,false,false,true,false,false,,,,,,false,false,false,,,false,false,false,false,false,-83.14491,42.43154,"{
  ""coordinates"": [
    -8.314490641200000e+01,
    4.243154075600010e+01
  ],
  ""type"": ""Point""
}","{
  ""coordinates"": [
    -83.144906412,
    42.431540756
  ],
  ""type"": ""Point""
}",-83.144906412,42.4315407560001
14051,1054997,MICHIGAN,FREER,2017-06-09,9,6,2017,9,6,4,2,,1,0,,1,1,1,35,4,2,3,5,0,0,0,0,true,,false,false,false,false,false,,,,,,false,false,true,,,false,false,false,false,false,-83.13405,42.3311,"{
  ""coordinates"": [
    -8.313405045499999e+01,
    4.233109754300010e+01
  ],
  ""type"": ""Point""
}","{
  ""coordinates"": [
    -83.134050455,
    42.331097543
  ],
  ""type"": ""Point""
}",-83.134050455,42.3310975430001
14052,1055037,E I 94 SERVICE DRIVE,WARREN,2017-06-09,9,6,2017,16,6,8,9,,4,0,,1,1,1,35,3,2,2,5,0,0,0,0,true,,false,false,true,false,false,,,,,,false,false,true,,,false,false,false,false,false,-83.11236,42.34469,"{
  ""coordinates"": [
    -8.311236000100000e+01,
    4.234469169800010e+01
  ],
  ""type"": ""Point""
}","{
  ""coordinates"": [
    -83.112360001,
    42.344691698
  ],
  ""type"": ""Point""
}",-83.112360001,42.3446916980001
14053,1052871,THIRD,GRAND,2017-06-09,9,6,2017,12,6,8,9,,4,0,,1,2,1,30,6,2,2,5,0,0,0,0,true,,false,false,false,false,false,,,,,,false,false,true,,,false,false,false,false,false,-83.07948,42.36837,"{
  ""coordinates"": [
    -8.307948190600000e+01,
    4.236837250300000e+01
  ],
  ""type"": ""Point""
}","{
  ""coordinates"": [
    -83.079481906,
    42.368372503
  ],
  ""type"": ""Point""
}",-83.079481906,42.368372503
14054,1092303,DAVISON,RAMP 138C,2017-06-09,9,6,2017,12,6,4,9,,4,0,,1,2,1,30,3,2,1,5,0,0,0,0,true,,false,false,true,false,false,,,,,,false,true,false,,,false,false,false,false,false,-83.15497,42.38602,"{
  ""coordinates"": [
    -8.315497160300001e+01,
    4.238601941900000e+01
  ],
  ""type"": ""Point""
}","{
  ""coordinates"": [
    -83.154971603,
    42.386019419
  ],
  ""type"": ""Point""
}",-83.154971603,42.386019419
14055,1060591,EVERGREEN,EATON,2017-06-09,9,6,2017,19,6,1,9,,4,0,,1,1,1,35,2,2,1,3,0,0,1,0,false,,false,false,false,false,false,,,,,,true,false,false,,,false,false,false,false,false,-83.23723,42.3958,"{
  ""coordinates"": [
    -8.323722706900000e+01,
    4.239580196200010e+01
  ],
  ""type"": ""Point""
}","{
  ""coordinates"": [
    -83.237227069,
    42.395801962
  ],
  ""type"": ""Point""
}",-83.237227069,42.3958019620001
14056,1057176,I-96,EVERGREEN,2017-06-09,9,6,2017,13,6,1,1,,1,1,,1,1,1,70,4,1,1,5,0,0,0,0,true,,false,false,false,false,false,,,,,,false,false,false,,,false,false,false,false,false,-83.23801,42.38152,"{
  ""coordinates"": [
    -8.323800992100000e+01,
    4.238151678300010e+01
  ],
  ""type"": ""Point""
}","{
  ""coordinates"": [
    -83.238009921,
    42.381516783
  ],
  ""type"": ""Point""
}",-83.238009921,42.3815167830001
14057,1052937,8 MILE,MOUND,2017-06-09,9,6,2017,14,6,8,3,,1,0,,1,1,1,40,4,2,9,5,0,0,0,0,true,,false,false,true,false,false,,,,,,false,false,false,,,false,false,false,false,false,-83.04424,42.44777,"{
  ""coordinates"": [
    -8.304423911100000e+01,
    4.244777280300010e+01
  ],
  ""type"": ""Point""
}","{
  ""coordinates"": [
    -83.044239111,
    42.447772803
  ],
  ""type"": ""Point""
}",-83.044239111,42.4477728030001
14058,1062440,GREENFIELD,PEMBROKE,2017-06-09,9,6,2017,9,6,1,9,,2,1,,1,1,1,30,4,2,0,3,0,0,1,0,false,,false,false,true,false,false,,,,,,true,false,false,,,false,false,false,false,false,-83.20018,42.43783,"{
  ""coordinates"": [
    -8.320018249400000e+01,
    4.243783303100000e+01
  ],
  ""type"": ""Point""
}","{
  ""coordinates"": [
    -83.200182494,
    42.437833031
  ],
  ""type"": ""Point""
}",-83.200182494,42.437833031
14059,1052991,JOHN R,STATE FAIR,2017-06-09,9,6,2017,22,6,3,9,,4,0,,1,1,4,30,3,2,2,5,0,0,0,0,true,,false,false,false,false,false,,,,,,false,true,false,,,false,false,false,false,false,-83.10258,42.4394,"{
  ""coordinates"": [
    -8.310258170500001e+01,
    4.243940283000010e+01
  ],
  ""type"": ""Point""
}","{
  ""coordinates"": [
    -83.102581705,
    42.43940283
  ],
  ""type"": ""Point""
}",-83.102581705,42.4394028300001
14060,1054998,I75,LIVERNOIS,2017-06-09,9,6,2017,11,6,97,1,,1,0,,1,2,1,55,4,2,1,5,0,0,0,0,true,,false,false,false,false,false,,,,,,false,false,false,,,false,false,false,false,false,-83.10371,42.30781,"{
  ""coordinates"": [
    -8.310370422299999e+01,
    4.230780674300010e+01
  ],
  ""type"": ""Point""
}","{
  ""coordinates"": [
    -83.103704223,
    42.307806743
  ],
  ""type"": ""Point""
}",-83.103704223,42.3078067430001
14061,1052877,S M 10,PALLISTER,2017-06-09,9,6,2017,16,6,97,3,,1,0,,1,1,1,55,4,2,2,5,0,0,0,0,true,,false,false,false,false,false,,,,,,false,false,false,,,false,false,false,false,false,-83.08436,42.37074,"{
  ""coordinates"": [
    -8.308435951099990e+01,
    4.237073477200000e+01
  ],
  ""type"": ""Point""
}","{
  ""coordinates"": [
    -83.084359511,
    42.370734772
  ],
  ""type"": ""Point""
}",-83.0843595109999,42.370734772
14062,1054958,I-94,CONNER,2017-06-09,9,6,2017,18,6,97,1,,1,0,,1,1,1,55,3,2,2,5,0,0,0,0,true,,false,false,false,false,false,,,,,,false,false,true,,,false,false,false,false,false,-82.99278,42.39313,"{
  ""coordinates"": [
    -8.299277877999999e+01,
    4.239312713500000e+01
  ],
  ""type"": ""Point""
}","{
  ""coordinates"": [
    -82.99277878,
    42.393127135
  ],
  ""type"": ""Point""
}",-82.99277878,42.393127135
14063,1052941,MCNICHOLS,DAVISON,2017-06-09,9,6,2017,12,6,4,9,,4,0,,1,1,1,25,2,2,2,4,0,0,0,1,false,,false,false,true,false,false,,,,,,false,false,false,,,false,false,false,false,false,-83.05245,42.41888,"{
  ""coordinates"": [
    -8.305245193800000e+01,
    4.241887834900010e+01
  ],
  ""type"": ""Point""
}","{
  ""coordinates"": [
    -83.052451938,
    42.418878349
  ],
  ""type"": ""Point""
}",-83.052451938,42.4188783490001
14064,1052925,EWALD,DEXTER,2017-06-09,9,6,2017,16,6,1,9,,4,1,,1,1,1,0,2,1,1,5,0,0,0,0,true,,false,false,false,false,false,,,,,,false,false,false,,,false,false,false,false,false,-83.13332,42.39386,"{
  ""coordinates"": [
    -8.313331936400000e+01,
    4.239385893600010e+01
  ],
  ""type"": ""Point""
}","{
  ""coordinates"": [
    -83.133319364,
    42.393858936
  ],
  ""type"": ""Point""
}",-83.133319364,42.3938589360001
14065,1054023,DEVONSHIRE,BREMEN,2017-06-09,9,6,2017,16,6,4,9,,,0,,1,1,1,25,2,2,2,5,0,0,0,0,true,,false,false,false,false,false,,,,,,false,false,false,,,false,false,false,false,false,-82.93762,42.3951,"{
  ""coordinates"": [
    -8.293762407799990e+01,
    4.239510269100000e+01
  ],
  ""type"": ""Point""
}","{
  ""coordinates"": [
    -82.937624078,
    42.395102691
  ],
  ""type"": ""Point""
}",-82.9376240779999,42.395102691
14066,1100512,TELEGRAPH,GROVE,2017-06-09,9,6,2017,15,6,5,2,,1,0,,1,2,1,45,4,2,3,5,0,0,0,0,true,,false,false,false,false,false,,,,,,false,false,true,,,false,false,false,false,false,-83.27729,42.4118,"{
  ""coordinates"": [
    -8.327728740500000e+01,
    4.241180185700010e+01
  ],
  ""type"": ""Point""
}","{
  ""coordinates"": [
    -83.277287405,
    42.411801857
  ],
  ""type"": ""Point""
}",-83.277287405,42.4118018570001
14067,1058182,W/B I-94,GRATIOT,2017-06-09,9,6,2017,1,6,1,1,,1,1,,1,1,4,55,3,1,1,5,0,0,0,0,true,,false,false,false,false,false,,,,,,false,false,false,,,false,false,false,false,false,-83.00645,42.39149,"{
  ""coordinates"": [
    -8.300645108700000e+01,
    4.239149416900010e+01
  ],
  ""type"": ""Point""
}","{
  ""coordinates"": [
    -83.006451087,
    42.391494169
  ],
  ""type"": ""Point""
}",-83.006451087,42.3914941690001
14068,1052986,7 MILE,KENTUCKY,2017-06-09,9,6,2017,21,6,5,9,,2,0,,1,2,1,30,5,2,2,4,0,0,0,1,false,,false,false,false,false,false,,,,,,false,false,true,,,false,false,false,false,false,-83.16024,42.43137,"{
  ""coordinates"": [
    -8.316023933799990e+01,
    4.243136745700010e+01
  ],
  ""type"": ""Point""
}","{
  ""coordinates"": [
    -83.160239338,
    42.431367457
  ],
  ""type"": ""Point""
}",-83.1602393379999,42.4313674570001
14069,1052953,EIGHT MILE,SHEFFIELD,2017-06-09,9,6,2017,8,6,8,3,,1,0,,1,2,1,40,3,2,2,5,0,0,0,0,true,,false,false,false,false,false,,,,,,false,false,false,,,false,false,false,false,false,-83.14017,42.44613,"{
  ""coordinates"": [
    -8.314017686400000e+01,
    4.244613285500000e+01
  ],
  ""type"": ""Point""
}","{
  ""coordinates"": [
    -83.140176864,
    42.446132855
  ],
  ""type"": ""Point""
}",-83.140176864,42.446132855
14070,1052983,7 MILE,S M 10,2017-06-09,9,6,2017,16,6,5,9,,2,0,,1,1,1,30,5,2,2,5,0,0,0,0,true,,false,false,false,false,false,,,,,,false,false,true,,,false,false,false,false,false,-83.18705,42.43083,"{
  ""coordinates"": [
    -8.318704765500000e+01,
    4.243083308800000e+01
  ],
  ""type"": ""Point""
}","{
  ""coordinates"": [
    -83.187047655,
    42.430833088
  ],
  ""type"": ""Point""
}",-83.187047655,42.430833088
14071,1057173,M-10,CHICAGO,2017-06-09,9,6,2017,11,6,1,3,,1,1,,1,2,1,55,2,1,1,2,0,1,0,0,false,,false,false,false,false,false,,,,,,false,false,false,,,false,false,false,false,false,-83.09311,42.38175,"{
  ""coordinates"": [
    -8.309310615000000e+01,
    4.238175104100000e+01
  ],
  ""type"": ""Point""
}","{
  ""coordinates"": [
    -83.09310615,
    42.381751041
  ],
  ""type"": ""Point""
}",-83.09310615,42.381751041
14072,1052844,JEFFERSON,BEAUBIEN,2017-06-09,9,6,2017,15,6,97,4,,1,0,,1,2,1,35,4,2,4,5,0,0,0,0,true,,false,false,false,false,false,,,,,,false,false,false,,,false,false,false,false,false,-83.03958,42.33062,"{
  ""coordinates"": [
    -8.303958348600000e+01,
    4.233062447600000e+01
  ],
  ""type"": ""Point""
}","{
  ""coordinates"": [
    -83.039583486,
    42.330624476
  ],
  ""type"": ""Point""
}",-83.039583486,42.330624476
14073,1187307,GRATIOT,FINDLAY,2017-06-09,9,6,2017,15,6,5,3,,1,0,,1,1,1,35,3,2,2,4,0,0,0,2,false,,false,false,false,false,false,,,,,,false,false,false,,,false,false,false,false,false,-82.98948,42.41716,"{
  ""coordinates"": [
    -8.298947727500000e+01,
    4.241716091700000e+01
  ],
  ""type"": ""Point""
}","{
  ""coordinates"": [
    -82.989477275,
    42.417160917
  ],
  ""type"": ""Point""
}",-82.989477275,42.417160917
14074,1055008,GRAND,RISDEN,2017-06-09,9,6,2017,21,6,1,9,,4,0,,2,1,3,0,2,2,0,3,0,0,1,0,false,,false,false,true,false,false,,,,,,true,false,false,,,false,false,false,false,false,-83.09311,42.32825,"{
  ""coordinates"": [
    -8.309310764100000e+01,
    4.232825367300010e+01
  ],
  ""type"": ""Point""
}","{
  ""coordinates"": [
    -83.093107641,
    42.328253673
  ],
  ""type"": ""Point""
}",-83.093107641,42.3282536730001
14075,1052885,GREENVIEW,SAWYER,2017-06-09,9,6,2017,13,6,4,9,,,0,,1,2,1,25,1,2,2,5,0,0,0,0,true,,false,false,false,false,false,,,,,,false,false,false,,,false,false,false,false,false,-83.22207,42.34561,"{
  ""coordinates"": [
    -8.322206954099990e+01,
    4.234561035500010e+01
  ],
  ""type"": ""Point""
}","{
  ""coordinates"": [
    -83.222069541,
    42.345610355
  ],
  ""type"": ""Point""
}",-83.2220695409999,42.3456103550001
14076,1054967,I-75,MICHIGAN,2017-06-09,9,6,2017,22,6,97,1,,1,0,,1,1,4,55,3,2,2,3,0,0,1,0,false,,false,false,false,false,false,,,,,,false,false,false,,,false,false,false,false,false,-83.08567,42.32817,"{
  ""coordinates"": [
    -8.308567147500000e+01,
    4.232816840700010e+01
  ],
  ""type"": ""Point""
}","{
  ""coordinates"": [
    -83.085671475,
    42.328168407
  ],
  ""type"": ""Point""
}",-83.085671475,42.3281684070001
14077,1052977,WARRINGTON,NORFOLK,2017-06-09,9,6,2017,18,6,9,9,,,2,,1,1,1,25,1,3,2,5,0,0,0,0,true,,false,false,true,true,false,,,,,,false,false,false,,,false,false,false,false,false,-83.14083,42.44291,"{
  ""coordinates"": [
    -8.314082802999999e+01,
    4.244290849600000e+01
  ],
  ""type"": ""Point""
}","{
  ""coordinates"": [
    -83.14082803,
    42.442908496
  ],
  ""type"": ""Point""
}",-83.14082803,42.442908496
14078,1052933,CONNERS,MCNICHOLS,2017-06-09,9,6,2017,4,6,5,9,,4,0,,1,1,2,30,4,2,1,5,0,0,0,0,true,,false,false,true,false,false,,,,,,false,false,false,,,false,false,false,false,false,-83.01371,42.41969,"{
  ""coordinates"": [
    -8.301371228999990e+01,
    4.241968799500010e+01
  ],
  ""type"": ""Point""
}","{
  ""coordinates"": [
    -83.01371229,
    42.419687995
  ],
  ""type"": ""Point""
}",-83.0137122899999,42.4196879950001
14079,1054964,I-94,BRUSH,2017-06-09,9,6,2017,20,6,5,1,,1,0,,1,2,4,55,3,2,5,4,0,0,0,1,false,,false,false,true,false,false,,,,,,false,false,true,,,false,false,false,false,false,-83.06388,42.36603,"{
  ""coordinates"": [
    -8.306387952999999e+01,
    4.236602843500000e+01
  ],
  ""type"": ""Point""
}","{
  ""coordinates"": [
    -83.06387953,
    42.366028435
  ],
  ""type"": ""Point""
}",-83.06387953,42.366028435
14080,1052850,PINEHURST,ELMIRA,2017-06-09,9,6,2017,17,6,4,9,,,0,,1,1,1,35,1,2,5,4,0,0,0,1,false,,false,false,false,false,false,,,,,,false,false,true,,,false,false,false,false,false,-83.16568,42.37111,"{
  ""coordinates"": [
    -8.316567752400000e+01,
    4.237110898300010e+01
  ],
  ""type"": ""Point""
}","{
  ""coordinates"": [
    -83.165677524,
    42.371108983
  ],
  ""type"": ""Point""
}",-83.165677524,42.3711089830001
14081,1054963,I-94,30TH,2017-06-09,9,6,2017,17,6,5,1,,1,0,,1,1,1,55,3,2,2,4,0,0,0,1,false,,false,false,false,false,false,,,,,,false,false,false,,,false,false,false,false,false,-83.11548,42.34273,"{
  ""coordinates"": [
    -8.311547484200000e+01,
    4.234272625600000e+01
  ],
  ""type"": ""Point""
}","{
  ""coordinates"": [
    -83.115474842,
    42.342726256
  ],
  ""type"": ""Point""
}",-83.115474842,42.342726256