ObjectId,Crash ID,Primary Road,Intersecting Road,Crash Date,Day,Month,Year,Hour,Weekday,Crash Type Code,Highway Classification Code,Community Code,Jurisdiction Code,Lane Departure Type Code,Surface Type,Road Condition,Weather Condition,Lighting Condition,Speed Limit,Lanes,Units,Occupants,Most Severe Injury,Fatal Injuries,Suspected Serious Injuries,Suspected Minor Injuries,Possible Injuries,Property Damage Only,Secondary Crash,Traffic Control,Red Light Run,Hit and Run,Alcohol,Drugs,Unbelted Person,Work Zone,Speeding Driver,Distracted Driver,Driveway,Pedestrian,Elderly Driver,Young Driver,Commercial Vehicle,Emergency Vehicles,Train,School Bus,Motorcycle,Bicycle,Deer,Longitude,Latitude,geom,geog,x,y
14140,1054017,PARK,WOODWARD,2017-06-08,8,6,2017,20,5,1,3,,,0,,1,1,1,25,2,2,1,5,0,0,0,0,true,,false,false,false,false,false,,,,,,false,false,false,,,false,false,false,true,false,-83.07731,42.37618,"{
  ""coordinates"": [
    -8.307731106300000e+01,
    4.237618392000010e+01
  ],
  ""type"": ""Point""
}","{
  ""coordinates"": [
    -83.077311063,
    42.37618392
  ],
  ""type"": ""Point""
}",-83.077311063,42.3761839200001
14141,1051616,8 MILE,S I 75,2017-06-08,8,6,2017,11,5,4,3,,1,0,,1,1,1,30,2,2,2,5,0,0,0,0,true,,true,true,false,false,false,,,,,,false,false,true,,,false,false,false,false,false,-83.0949,42.4468,"{
  ""coordinates"": [
    -8.309490389900000e+01,
    4.244680568100010e+01
  ],
  ""type"": ""Point""
}","{
  ""coordinates"": [
    -83.094903899,
    42.446805681
  ],
  ""type"": ""Point""
}",-83.094903899,42.4468056810001
14142,1052943,MITCHELL,EMERY,2017-06-08,8,6,2017,13,5,98,9,,,3,,1,1,1,0,1,2,0,5,0,0,0,0,true,,false,false,true,false,false,,,,,,false,true,false,,,false,false,false,false,false,-83.07233,42.43528,"{
  ""coordinates"": [
    -8.307233807300000e+01,
    4.243528228200010e+01
  ],
  ""type"": ""Point""
}","{
  ""coordinates"": [
    -83.072338073,
    42.435282282
  ],
  ""type"": ""Point""
}",-83.072338073,42.4352822820001
14143,1052896,GRAND RIVER,ARTESIAN,2017-06-08,8,6,2017,17,5,97,3,,1,0,,1,1,1,35,5,2,4,5,0,0,0,0,true,,false,false,false,false,false,,,,,,false,true,false,,,false,false,false,false,false,-83.22741,42.40438,"{
  ""coordinates"": [
    -8.322740559700000e+01,
    4.240437897500000e+01
  ],
  ""type"": ""Point""
}","{
  ""coordinates"": [
    -83.227405597,
    42.404378975
  ],
  ""type"": ""Point""
}",-83.227405597,42.404378975
14144,1063466,WINCHESTER,JOHN R,2017-06-08,8,6,2017,23,5,5,9,,,0,,98,98,4,25,2,2,2,4,0,0,0,2,false,,false,false,true,false,false,,,,,,false,false,false,,,false,false,false,false,false,-83.10313,42.44453,"{
  ""coordinates"": [
    -8.310313334300000e+01,
    4.244452750900010e+01
  ],
  ""type"": ""Point""
}","{
  ""coordinates"": [
    -83.103133343,
    42.444527509
  ],
  ""type"": ""Point""
}",-83.103133343,42.4445275090001
14145,1055001,ADDISON,E I 94,2017-06-08,8,6,2017,4,5,1,9,,4,1,,1,1,2,30,4,1,1,5,0,0,0,0,true,,false,false,false,false,false,,,,,,false,false,false,,,false,false,false,false,false,-83.15089,42.32998,"{
  ""coordinates"": [
    -8.315088774500001e+01,
    4.232997923100000e+01
  ],
  ""type"": ""Point""
}","{
  ""coordinates"": [
    -83.150887745,
    42.329979231
  ],
  ""type"": ""Point""
}",-83.150887745,42.329979231
14146,1086626,CANFIELD,SECOND,2017-06-08,8,6,2017,17,5,97,9,,4,0,,1,1,1,25,4,5,2,1,1,1,1,0,false,,false,false,false,true,false,,,,,,true,false,false,,,false,false,false,false,false,-83.06599,42.35123,"{
  ""coordinates"": [
    -8.306598939400000e+01,
    4.235122595200000e+01
  ],
  ""type"": ""Point""
}","{
  ""coordinates"": [
    -83.065989394,
    42.351225952
  ],
  ""type"": ""Point""
}",-83.065989394,42.351225952
14147,1052834,S I 75,RAMP 216B,2017-06-08,8,6,2017,13,5,8,1,,1,0,,1,1,1,55,3,2,4,5,0,0,0,0,true,,false,false,false,false,false,,,,,,false,false,true,,,false,false,false,false,false,-83.05727,42.36654,"{
  ""coordinates"": [
    -8.305727550700000e+01,
    4.236654303500010e+01
  ],
  ""type"": ""Point""
}","{
  ""coordinates"": [
    -83.057275507,
    42.366543035
  ],
  ""type"": ""Point""
}",-83.057275507,42.3665430350001
14148,1056180,MOUND,OUTER,2017-06-08,8,6,2017,8,5,4,9,,2,0,,1,1,1,35,2,2,2,5,0,0,0,0,true,,true,true,false,false,false,,,,,,false,false,false,,,false,false,false,false,false,-83.04405,42.44072,"{
  ""coordinates"": [
    -8.304405396999989e+01,
    4.244072263400010e+01
  ],
  ""type"": ""Point""
}","{
  ""coordinates"": [
    -83.04405397,
    42.440722634
  ],
  ""type"": ""Point""
}",-83.0440539699999,42.4407226340001
14149,1051587,WESSON,OTIS,2017-06-08,8,6,2017,15,5,4,9,,,0,,1,1,1,25,2,2,3,5,0,0,0,0,true,,true,false,false,false,false,,,,,,false,false,true,,,false,false,false,false,false,-83.11298,42.32753,"{
  ""coordinates"": [
    -8.311298398600000e+01,
    4.232753326400010e+01
  ],
  ""type"": ""Point""
}","{
  ""coordinates"": [
    -83.112983986,
    42.327533264
  ],
  ""type"": ""Point""
}",-83.112983986,42.3275332640001
14150,1051600,PREVOST,CURTIS,2017-06-08,8,6,2017,16,5,4,9,,,0,,1,1,1,25,2,2,4,3,0,0,1,2,false,,true,false,false,false,false,,,,,,false,false,true,,,false,false,false,false,false,-83.20379,42.42308,"{
  ""coordinates"": [
    -8.320378945000000e+01,
    4.242307886400000e+01
  ],
  ""type"": ""Point""
}","{
  ""coordinates"": [
    -83.20378945,
    42.423078864
  ],
  ""type"": ""Point""
}",-83.20378945,42.423078864
14151,1052992,JOHN R,WINCHESTER,2017-06-08,8,6,2017,22,5,1,9,,4,0,,1,1,4,30,2,1,2,4,0,0,0,2,false,,false,false,false,false,false,,,,,,false,false,false,,,false,false,false,false,false,-83.10277,42.44456,"{
  ""coordinates"": [
    -8.310276466499990e+01,
    4.244455665700010e+01
  ],
  ""type"": ""Point""
}","{
  ""coordinates"": [
    -83.102764665,
    42.444556657
  ],
  ""type"": ""Point""
}",-83.1027646649999,42.4445566570001
14152,1051604,GREENFIELD,PLYMOUTH,2017-06-08,8,6,2017,8,5,5,9,,2,0,,1,1,1,35,2,2,2,4,0,0,0,2,false,,false,false,false,false,false,,,,,,false,false,true,,,false,false,false,false,false,-83.19756,42.37257,"{
  ""coordinates"": [
    -8.319755609600000e+01,
    4.237256648100000e+01
  ],
  ""type"": ""Point""
}","{
  ""coordinates"": [
    -83.197556096,
    42.372566481
  ],
  ""type"": ""Point""
}",-83.197556096,42.372566481
14153,1058200,I-94,TRUMBULL,2017-06-08,8,6,2017,14,5,5,1,,1,0,,1,2,1,55,3,3,4,5,0,0,0,0,true,,false,false,false,false,false,,,,,,false,false,false,,,false,false,false,false,false,-83.08273,42.35544,"{
  ""coordinates"": [
    -8.308273465799989e+01,
    4.235544187700000e+01
  ],
  ""type"": ""Point""
}","{
  ""coordinates"": [
    -83.082734658,
    42.355441877
  ],
  ""type"": ""Point""
}",-83.0827346579999,42.355441877
14154,1052892,PLYMOUTH,LONGACRE,2017-06-08,8,6,2017,19,5,97,9,,4,0,,1,1,1,25,2,2,2,5,0,0,0,0,true,,false,false,false,false,false,,,,,,false,false,true,,,false,false,false,false,false,-83.21443,42.3723,"{
  ""coordinates"": [
    -8.321442975100000e+01,
    4.237230049200010e+01
  ],
  ""type"": ""Point""
}","{
  ""coordinates"": [
    -83.214429751,
    42.372300492
  ],
  ""type"": ""Point""
}",-83.214429751,42.3723004920001
14155,1051572,I-75,7-MILE,2017-06-08,8,6,2017,18,5,8,1,,1,0,,1,1,1,70,4,2,2,5,0,0,0,0,true,,false,false,false,false,false,,,,,,false,true,false,,,false,false,false,false,false,-83.09462,42.43222,"{
  ""coordinates"": [
    -8.309461832200000e+01,
    4.243221617800000e+01
  ],
  ""type"": ""Point""
}","{
  ""coordinates"": [
    -83.094618322,
    42.432216178
  ],
  ""type"": ""Point""
}",-83.094618322,42.432216178
14156,1052863,JOHN R,EDMUND,2017-06-08,8,6,2017,16,5,4,9,,4,0,,1,1,1,25,4,2,2,4,0,0,0,1,false,,false,false,false,false,false,,,,,,false,false,false,,,false,false,false,false,false,-83.05341,42.34468,"{
  ""coordinates"": [
    -8.305341708299990e+01,
    4.234468351000000e+01
  ],
  ""type"": ""Point""
}","{
  ""coordinates"": [
    -83.053417083,
    42.34468351
  ],
  ""type"": ""Point""
}",-83.0534170829999,42.34468351
14157,1076221,NORFOLK,GARDENDALE,2017-06-08,8,6,2017,13,5,1,9,,,0,,1,1,1,25,1,1,1,5,0,0,0,0,true,,false,false,false,false,false,,,,,,false,true,false,,,false,false,false,false,false,-83.13879,42.44376,"{
  ""coordinates"": [
    -8.313878676099991e+01,
    4.244376068600010e+01
  ],
  ""type"": ""Point""
}","{
  ""coordinates"": [
    -83.138786761,
    42.443760686
  ],
  ""type"": ""Point""
}",-83.1387867609999,42.4437606860001
14158,1060589,TIREMAN,S M 39 SERVICE DRIVE,2017-06-08,8,6,2017,17,5,4,9,,4,0,,1,1,1,30,2,2,2,5,0,0,0,0,true,,false,false,true,false,false,,,,,,false,false,false,,,false,false,false,false,false,-83.21677,42.35062,"{
  ""coordinates"": [
    -8.321677586800000e+01,
    4.235061800100000e+01
  ],
  ""type"": ""Point""
}","{
  ""coordinates"": [
    -83.216775868,
    42.350618001
  ],
  ""type"": ""Point""
}",-83.216775868,42.350618001
14159,1051614,DAVISON,MCNICHOLS,2017-06-08,8,6,2017,15,5,9,9,,2,2,,1,1,1,35,2,2,1,5,0,0,0,0,true,,false,false,true,false,false,,,,,,false,false,true,,,false,false,false,false,false,-83.05258,42.41896,"{
  ""coordinates"": [
    -8.305257819300000e+01,
    4.241895543600000e+01
  ],
  ""type"": ""Point""
}","{
  ""coordinates"": [
    -83.052578193,
    42.418955436
  ],
  ""type"": ""Point""
}",-83.052578193,42.418955436
14160,1051610,MOROSS,CHANDLER PARK,2017-06-08,8,6,2017,13,5,5,9,,2,0,,1,1,1,35,2,2,3,5,0,0,0,0,true,,false,false,true,false,false,,,,,,false,false,false,,,false,false,false,false,false,-82.916,42.41941,"{
  ""coordinates"": [
    -8.291600393700000e+01,
    4.241941351300010e+01
  ],
  ""type"": ""Point""
}","{
  ""coordinates"": [
    -82.916003937,
    42.419413513
  ],
  ""type"": ""Point""
}",-82.916003937,42.4194135130001
14161,1052909,RUTLAND,ELMIRA,2017-06-08,8,6,2017,19,5,8,9,,,0,,1,1,1,15,1,2,1,5,0,0,0,0,true,,false,false,false,false,false,,,,,,false,false,false,,,false,false,false,false,false,-83.21317,42.36997,"{
  ""coordinates"": [
    -8.321316296299990e+01,
    4.236996856500010e+01
  ],
  ""type"": ""Point""
}","{
  ""coordinates"": [
    -83.213162963,
    42.369968565
  ],
  ""type"": ""Point""
}",-83.2131629629999,42.3699685650001
14162,1055000,SCHAEFER,FORT,2017-06-08,8,6,2017,4,5,4,7,,1,0,,1,1,4,30,4,2,2,5,0,0,0,0,true,,true,true,false,false,false,,,,,,false,false,false,,,false,false,false,false,false,-83.15525,42.27623,"{
  ""coordinates"": [
    -8.315524730999989e+01,
    4.227623557400010e+01
  ],
  ""type"": ""Point""
}","{
  ""coordinates"": [
    -83.15524731,
    42.276235574
  ],
  ""type"": ""Point""
}",-83.1552473099999,42.2762355740001
14163,1055031,CONANT,MCNICHOLS,2017-06-08,8,6,2017,19,5,4,9,,4,0,,1,1,1,0,5,2,1,5,0,0,0,0,true,,false,false,false,false,false,,,,,,false,false,false,,,false,false,false,false,false,-83.06352,42.41854,"{
  ""coordinates"": [
    -8.306352559100000e+01,
    4.241854169100000e+01
  ],
  ""type"": ""Point""
}","{
  ""coordinates"": [
    -83.063525591,
    42.418541691
  ],
  ""type"": ""Point""
}",-83.063525591,42.418541691
14164,1054046,BOURKE,LIVERNOIS,2017-06-08,8,6,2017,21,5,2,9,,,0,,1,1,4,0,1,2,1,5,0,0,0,0,true,,false,false,true,false,false,,,,,,false,false,false,,,false,false,false,false,false,-83.13969,42.39877,"{
  ""coordinates"": [
    -8.313968703300000e+01,
    4.239877477000000e+01
  ],
  ""type"": ""Point""
}","{
  ""coordinates"": [
    -83.139687033,
    42.39877477
  ],
  ""type"": ""Point""
}",-83.139687033,42.39877477
14165,1062398,N M 10,LINWOOD,2017-06-08,8,6,2017,8,5,5,3,,1,0,,1,1,1,55,3,2,2,5,0,0,0,0,true,,false,false,false,false,false,,,,,,false,false,true,,,false,false,false,false,false,-83.12737,42.40522,"{
  ""coordinates"": [
    -8.312736772200000e+01,
    4.240522513500010e+01
  ],
  ""type"": ""Point""
}","{
  ""coordinates"": [
    -83.127367722,
    42.405225135
  ],
  ""type"": ""Point""
}",-83.127367722,42.4052251350001
14166,1056150,N M 10,RAMP 109D,2017-06-08,8,6,2017,20,5,1,3,,1,0,,1,1,4,35,1,1,1,5,0,0,0,0,true,,false,false,false,false,false,,,,,,false,false,false,,,false,false,false,false,false,-83.10784,42.3958,"{
  ""coordinates"": [
    -8.310784191000000e+01,
    4.239579980200010e+01
  ],
  ""type"": ""Point""
}","{
  ""coordinates"": [
    -83.10784191,
    42.395799802
  ],
  ""type"": ""Point""
}",-83.10784191,42.3957998020001
14167,1057245,OPAL,CANYON,2017-06-08,8,6,2017,19,5,97,9,,,0,,1,1,1,25,2,2,2,5,0,0,0,0,true,,true,false,false,false,false,,,,,,false,false,true,,,false,false,false,false,false,-82.91561,42.41201,"{
  ""coordinates"": [
    -8.291560763599990e+01,
    4.241200830000000e+01
  ],
  ""type"": ""Point""
}","{
  ""coordinates"": [
    -82.915607636,
    42.4120083
  ],
  ""type"": ""Point""
}",-82.9156076359999,42.4120083
14168,1055005,WOODMERE,FORT,2017-06-08,8,6,2017,18,5,4,3,,4,0,,1,1,1,35,4,2,2,5,0,0,0,0,true,,false,false,false,false,false,,,,,,false,false,false,,,false,false,false,false,false,-83.13091,42.29573,"{
  ""coordinates"": [
    -8.313090348400000e+01,
    4.229573006100000e+01
  ],
  ""type"": ""Point""
}","{
  ""coordinates"": [
    -83.130903484,
    42.295730061
  ],
  ""type"": ""Point""
}",-83.130903484,42.295730061
14169,1053004,WOODWARD,HARPER,2017-06-08,8,6,2017,17,5,4,3,,1,0,,1,1,1,30,7,2,2,2,0,1,0,0,false,,false,false,false,false,false,,,,,,false,false,false,,,false,false,true,false,false,-83.06996,42.36518,"{
  ""coordinates"": [
    -8.306996031900000e+01,
    4.236518345300000e+01
  ],
  ""type"": ""Point""
}","{
  ""coordinates"": [
    -83.069960319,
    42.365183453
  ],
  ""type"": ""Point""
}",-83.069960319,42.365183453
14170,1067920,MICHIGAN,14TH,2017-06-08,8,6,2017,0,5,5,2,,1,0,,1,1,4,35,5,2,2,4,0,0,0,1,false,,false,false,false,false,false,,,,,,false,false,false,,,false,false,false,false,false,-83.07664,42.33136,"{
  ""coordinates"": [
    -8.307664562199990e+01,
    4.233135429500000e+01
  ],
  ""type"": ""Point""
}","{
  ""coordinates"": [
    -83.076645622,
    42.331354295
  ],
  ""type"": ""Point""
}",-83.0766456219999,42.331354295
14171,1054993,CLIPPERT,MICHIGAN,2017-06-08,8,6,2017,22,5,97,2,,,0,,1,1,4,25,2,2,1,5,0,0,0,0,true,,false,false,true,false,false,,,,,,false,false,false,,,false,false,false,false,false,-83.12511,42.33089,"{
  ""coordinates"": [
    -8.312510918100000e+01,
    4.233089136100010e+01
  ],
  ""type"": ""Point""
}","{
  ""coordinates"": [
    -83.125109181,
    42.330891361
  ],
  ""type"": ""Point""
}",-83.125109181,42.3308913610001
14172,1051605,GRAND RIVER,STOUT,2017-06-08,8,6,2017,9,5,4,3,,1,0,,1,1,1,35,4,2,2,5,0,0,0,0,true,,false,false,false,false,false,,,,,,false,false,true,,,false,false,false,false,false,-83.24197,42.41023,"{
  ""coordinates"": [
    -8.324197302700000e+01,
    4.241022976700000e+01
  ],
  ""type"": ""Point""
}","{
  ""coordinates"": [
    -83.241973027,
    42.410229767
  ],
  ""type"": ""Point""
}",-83.241973027,42.410229767
14173,1050720,GRAND,WILDEMERE,2017-06-08,8,6,2017,0,5,5,9,,,0,,1,1,4,0,2,2,4,5,0,0,0,0,true,,false,false,false,false,false,,,,,,false,false,true,,,false,false,false,false,false,-83.12779,42.39289,"{
  ""coordinates"": [
    -8.312779014599990e+01,
    4.239289363900010e+01
  ],
  ""type"": ""Point""
}","{
  ""coordinates"": [
    -83.127790146,
    42.392893639
  ],
  ""type"": ""Point""
}",-83.1277901459999,42.3928936390001
14174,1051609,SEYMOUR,CHALMERS,2017-06-08,8,6,2017,16,5,97,9,,4,0,,1,1,1,30,2,3,5,2,0,1,1,0,false,,true,true,false,false,false,,,,,,false,false,true,,,false,false,false,false,false,-82.9748,42.42705,"{
  ""coordinates"": [
    -8.297479648800000e+01,
    4.242705271500010e+01
  ],
  ""type"": ""Point""
}","{
  ""coordinates"": [
    -82.974796488,
    42.427052715
  ],
  ""type"": ""Point""
}",-82.974796488,42.4270527150001
14175,1054067,LESURE,NORFOLK,2017-06-08,8,6,2017,13,5,1,9,,,0,,1,1,1,25,2,2,2,5,0,0,0,0,true,,false,false,true,false,false,,,,,,false,false,false,,,false,false,false,true,false,-83.18334,42.44268,"{
  ""coordinates"": [
    -8.318334398600000e+01,
    4.244268391900000e+01
  ],
  ""type"": ""Point""
}","{
  ""coordinates"": [
    -83.183343986,
    42.442683919
  ],
  ""type"": ""Point""
}",-83.183343986,42.442683919
14176,1051618,CHRYSLER SERVICE,STATE FAIR,2017-06-08,8,6,2017,19,5,4,1,,1,0,,1,1,1,35,4,2,2,5,0,0,0,0,true,,false,false,true,false,false,,,,,,false,false,true,,,false,false,false,false,false,-83.09519,42.43975,"{
  ""coordinates"": [
    -8.309519396899999e+01,
    4.243975057400010e+01
  ],
  ""type"": ""Point""
}","{
  ""coordinates"": [
    -83.095193969,
    42.439750574
  ],
  ""type"": ""Point""
}",-83.095193969,42.4397505740001
14177,1052903,VAUGHN,GRAND,2017-06-08,8,6,2017,4,5,98,3,,,0,,1,1,4,25,3,2,0,5,0,0,0,0,true,,false,false,false,false,false,,,,,,false,false,true,,,false,false,false,false,false,-83.23907,42.40915,"{
  ""coordinates"": [
    -8.323907081899991e+01,
    4.240914530200010e+01
  ],
  ""type"": ""Point""
}","{
  ""coordinates"": [
    -83.239070819,
    42.409145302
  ],
  ""type"": ""Point""
}",-83.2390708189999,42.4091453020001
14178,1054959,I-375 SERVICE,LARNED,2017-06-08,8,6,2017,22,5,5,1,,4,0,,1,1,4,35,1,2,2,3,0,0,1,0,false,,false,false,false,false,false,,,,,,false,false,true,,,false,false,false,false,false,-83.03693,42.33345,"{
  ""coordinates"": [
    -8.303693688000000e+01,
    4.233345188900010e+01
  ],
  ""type"": ""Point""
}","{
  ""coordinates"": [
    -83.03693688,
    42.333451889
  ],
  ""type"": ""Point""
}",-83.03693688,42.3334518890001
14179,1052981,N I 75,BRENTWOOD,2017-06-08,8,6,2017,18,5,8,1,,1,0,,1,1,1,55,3,2,1,5,0,0,0,0,true,,false,false,false,false,false,,,,,,false,true,false,,,false,false,false,false,false,-83.09459,42.43193,"{
  ""coordinates"": [
    -8.309458571899999e+01,
    4.243192758600000e+01
  ],
  ""type"": ""Point""
}","{
  ""coordinates"": [
    -83.094585719,
    42.431927586
  ],
  ""type"": ""Point""
}",-83.094585719,42.431927586
14180,1052842,I-94,TRUMBULL,2017-06-08,8,6,2017,15,5,5,1,,1,0,,1,2,1,55,3,2,1,4,0,0,0,1,false,,false,false,true,false,false,,,,,,false,false,false,,,false,false,false,false,false,-83.08268,42.3553,"{
  ""coordinates"": [
    -8.308267843199999e+01,
    4.235530621000000e+01
  ],
  ""type"": ""Point""
}","{
  ""coordinates"": [
    -83.082678432,
    42.35530621
  ],
  ""type"": ""Point""
}",-83.082678432,42.35530621
14181,1051601,7 MILE,WARWICK,2017-06-08,8,6,2017,12,5,5,9,,2,0,,1,1,1,0,4,4,4,5,0,0,0,0,true,,false,false,true,false,false,,,,,,false,false,true,,,false,false,false,false,false,-83.22971,42.42983,"{
  ""coordinates"": [
    -8.322970429199999e+01,
    4.242983099400000e+01
  ],
  ""type"": ""Point""
}","{
  ""coordinates"": [
    -83.229704292,
    42.429830994
  ],
  ""type"": ""Point""
}",-83.229704292,42.429830994
14182,1062369,RAMP 017B,I 75,2017-06-08,8,6,2017,15,5,5,1,,1,0,,1,1,1,55,2,3,3,5,0,0,0,0,true,,false,false,false,false,false,,,,,,false,false,false,,,false,false,false,false,false,-83.03998,42.33824,"{
  ""coordinates"": [
    -8.303997481300000e+01,
    4.233824112800000e+01
  ],
  ""type"": ""Point""
}","{
  ""coordinates"": [
    -83.039974813,
    42.338241128
  ],
  ""type"": ""Point""
}",-83.039974813,42.338241128
14183,1050717,WHITTIER,PAYTON,2017-06-08,8,6,2017,5,5,1,9,,4,1,,1,1,2,35,2,1,1,5,0,0,0,0,true,,false,false,false,false,false,,,,,,false,false,true,,,false,false,false,false,false,-82.96151,42.42044,"{
  ""coordinates"": [
    -8.296150646599990e+01,
    4.242044235400000e+01
  ],
  ""type"": ""Point""
}","{
  ""coordinates"": [
    -82.961506466,
    42.420442354
  ],
  ""type"": ""Point""
}",-82.9615064659999,42.420442354
14184,1054975,E I 94,N M 10,2017-06-08,8,6,2017,18,5,5,1,,1,0,,1,1,1,55,3,2,2,4,0,0,0,1,false,,false,false,false,false,false,,,,,,false,false,true,,,false,false,false,false,false,-83.07623,42.35894,"{
  ""coordinates"": [
    -8.307622270199990e+01,
    4.235894318900010e+01
  ],
  ""type"": ""Point""
}","{
  ""coordinates"": [
    -83.076222702,
    42.358943189
  ],
  ""type"": ""Point""
}",-83.0762227019999,42.3589431890001
14185,1069871,W I 94,MOROSS,2017-06-08,8,6,2017,7,5,4,1,,1,0,,1,1,1,30,6,2,3,5,0,0,0,0,true,,true,true,false,false,false,,,,,,false,false,false,,,false,false,false,false,false,-82.92875,42.42466,"{
  ""coordinates"": [
    -8.292874789800000e+01,
    4.242465930200010e+01
  ],
  ""type"": ""Point""
}","{
  ""coordinates"": [
    -82.928747898,
    42.424659302
  ],
  ""type"": ""Point""
}",-82.928747898,42.4246593020001
14186,1052975,SORRENTO,7 MILE,2017-06-08,8,6,2017,11,5,9,9,,,2,,1,1,1,25,1,2,0,5,0,0,0,0,true,,false,false,true,false,false,,,,,,false,false,false,,,false,false,false,false,false,-83.17422,42.43106,"{
  ""coordinates"": [
    -8.317421728999990e+01,
    4.243106598000000e+01
  ],
  ""type"": ""Point""
}","{
  ""coordinates"": [
    -83.17421729,
    42.43106598
  ],
  ""type"": ""Point""
}",-83.1742172899999,42.43106598
14187,1056164,GRATIOT,EASTBURN,2017-06-08,8,6,2017,15,5,4,3,,1,0,,1,1,1,35,7,2,2,5,0,0,0,0,true,,false,false,true,false,false,,,,,,false,true,false,,,false,false,false,false,false,-82.97096,42.44529,"{
  ""coordinates"": [
    -8.297096436600000e+01,
    4.244528933200010e+01
  ],
  ""type"": ""Point""
}","{
  ""coordinates"": [
    -82.970964366,
    42.445289332
  ],
  ""type"": ""Point""
}",-82.970964366,42.4452893320001
14188,1062360,I-94,LONYO,2017-06-08,8,6,2017,17,5,8,1,,1,0,,1,1,1,55,3,2,4,5,0,0,0,0,true,,false,false,false,false,false,,,,,,false,false,true,,,false,false,false,false,false,-83.14323,42.33169,"{
  ""coordinates"": [
    -8.314322484900001e+01,
    4.233168605800010e+01
  ],
  ""type"": ""Point""
}","{
  ""coordinates"": [
    -83.143224849,
    42.331686058
  ],
  ""type"": ""Point""
}",-83.143224849,42.3316860580001
14189,1051598,JEFFERSON,SEYBURN,2017-06-08,8,6,2017,17,5,5,9,,4,0,,1,1,1,35,4,2,2,5,0,0,0,0,true,,false,false,true,false,false,,,,,,false,true,false,,,false,false,false,false,false,-82.99648,42.35037,"{
  ""coordinates"": [
    -8.299647518599990e+01,
    4.235037320100000e+01
  ],
  ""type"": ""Point""
}","{
  ""coordinates"": [
    -82.996475186,
    42.350373201
  ],
  ""type"": ""Point""
}",-82.9964751859999,42.350373201
14190,1051574,I-96,WARREN,2017-06-08,8,6,2017,18,5,8,1,,1,0,,1,1,1,70,4,2,3,4,0,0,0,2,false,,false,false,false,false,false,,,,,,false,false,false,,,false,false,false,false,false,-83.09644,42.34617,"{
  ""coordinates"": [
    -8.309644380000000e+01,
    4.234616929000000e+01
  ],
  ""type"": ""Point""
}","{
  ""coordinates"": [
    -83.0964438,
    42.34616929
  ],
  ""type"": ""Point""
}",-83.0964438,42.34616929
14191,1051606,GRATIOT,COLLINGHAM,2017-06-08,8,6,2017,17,5,4,3,,1,0,,1,1,1,35,7,2,3,5,0,0,0,0,true,,false,false,false,false,false,,,,,,false,false,false,,,false,false,false,false,false,-82.96882,42.44852,"{
  ""coordinates"": [
    -8.296881919200000e+01,
    4.244852347800000e+01
  ],
  ""type"": ""Point""
}","{
  ""coordinates"": [
    -82.968819192,
    42.448523478
  ],
  ""type"": ""Point""
}",-82.968819192,42.448523478
14192,1057246,NEWPORT,CAMDEN,2017-06-08,8,6,2017,17,5,4,9,,,0,,1,1,1,25,2,2,2,4,0,0,0,2,false,,true,false,true,false,false,,,,,,false,false,false,,,false,false,false,false,false,-82.96884,42.40627,"{
  ""coordinates"": [
    -8.296884450600000e+01,
    4.240627040100000e+01
  ],
  ""type"": ""Point""
}","{
  ""coordinates"": [
    -82.968844506,
    42.406270401
  ],
  ""type"": ""Point""
}",-82.968844506,42.406270401
14193,1054020,JUNCTION,FORT,2017-06-08,8,6,2017,17,5,97,3,,4,0,,1,1,1,25,2,3,3,5,0,0,0,0,true,,false,false,false,false,false,,,,,,false,false,false,,,false,false,false,false,false,-83.09598,42.30969,"{
  ""coordinates"": [
    -8.309597906200000e+01,
    4.230969164800010e+01
  ],
  ""type"": ""Point""
}","{
  ""coordinates"": [
    -83.095979062,
    42.309691648
  ],
  ""type"": ""Point""
}",-83.095979062,42.3096916480001
14194,1057262,SUNDERLAND,CURTIS,2017-06-08,8,6,2017,22,5,8,9,,,3,,1,1,5,25,2,2,0,5,0,0,0,0,true,,false,false,true,false,false,,,,,,false,false,false,,,false,false,false,false,false,-83.22822,42.42122,"{
  ""coordinates"": [
    -8.322821671600001e+01,
    4.242122319400000e+01
  ],
  ""type"": ""Point""
}","{
  ""coordinates"": [
    -83.228216716,
    42.421223194
  ],
  ""type"": ""Point""
}",-83.228216716,42.421223194
14195,1052836,S/B M-39,JOY,2017-06-08,8,6,2017,16,5,5,3,,1,0,,1,1,1,55,3,2,2,4,0,0,0,1,false,,false,false,false,false,false,,,,,,false,false,false,,,false,false,false,false,false,-83.2165,42.35568,"{
  ""coordinates"": [
    -8.321649610400000e+01,
    4.235567696200010e+01
  ],
  ""type"": ""Point""
}","{
  ""coordinates"": [
    -83.216496104,
    42.355676962
  ],
  ""type"": ""Point""
}",-83.216496104,42.3556769620001
14196,1051608,VERNOR,GARLAND,2017-06-08,8,6,2017,19,5,4,9,,4,0,,1,1,3,25,2,2,2,5,0,0,0,0,true,,true,false,false,false,false,,,,,,false,false,true,,,false,false,false,false,false,-82.98282,42.36822,"{
  ""coordinates"": [
    -8.298281849800000e+01,
    4.236822259600010e+01
  ],
  ""type"": ""Point""
}","{
  ""coordinates"": [
    -82.982818498,
    42.368222596
  ],
  ""type"": ""Point""
}",-82.982818498,42.3682225960001