ObjectId,Crash ID,Primary Road,Intersecting Road,Crash Date,Day,Month,Year,Hour,Weekday,Crash Type Code,Highway Classification Code,Community Code,Jurisdiction Code,Lane Departure Type Code,Surface Type,Road Condition,Weather Condition,Lighting Condition,Speed Limit,Lanes,Units,Occupants,Most Severe Injury,Fatal Injuries,Suspected Serious Injuries,Suspected Minor Injuries,Possible Injuries,Property Damage Only,Secondary Crash,Traffic Control,Red Light Run,Hit and Run,Alcohol,Drugs,Unbelted Person,Work Zone,Speeding Driver,Distracted Driver,Driveway,Pedestrian,Elderly Driver,Young Driver,Commercial Vehicle,Emergency Vehicles,Train,School Bus,Motorcycle,Bicycle,Deer,Longitude,Latitude,geom,geog,x,y
14311,1050700,HARPER,HURLBUT,2017-06-06,6,6,2017,7,3,5,9,,4,0,,1,1,1,35,4,2,4,5,0,0,0,0,true,,false,false,false,false,false,,,,,,false,false,false,,,false,false,false,false,false,-83.00291,42.39347,"{
  ""coordinates"": [
    -8.300291068999999e+01,
    4.239346684600010e+01
  ],
  ""type"": ""Point""
}","{
  ""coordinates"": [
    -83.00291069,
    42.393466846
  ],
  ""type"": ""Point""
}",-83.00291069,42.3934668460001
14312,1054030,VAN DYKE,WALDEN,2017-06-06,6,6,2017,19,3,97,3,,1,0,,1,1,1,35,4,2,1,5,0,0,0,0,true,,false,false,false,false,false,,,,,,false,false,true,,,false,false,false,false,false,-83.02264,42.39239,"{
  ""coordinates"": [
    -8.302264023299990e+01,
    4.239239071200010e+01
  ],
  ""type"": ""Point""
}","{
  ""coordinates"": [
    -83.022640233,
    42.392390712
  ],
  ""type"": ""Point""
}",-83.0226402329999,42.3923907120001
14313,1050670,OUTER,GRAND RIVER1,2017-06-06,6,6,2017,16,3,5,3,,2,0,,1,2,1,35,4,2,1,5,0,0,0,0,true,,false,false,true,false,false,,,,,,false,false,false,,,false,false,false,false,false,-83.25765,42.41661,"{
  ""coordinates"": [
    -8.325765020800000e+01,
    4.241661069900000e+01
  ],
  ""type"": ""Point""
}","{
  ""coordinates"": [
    -83.257650208,
    42.416610699
  ],
  ""type"": ""Point""
}",-83.257650208,42.416610699
14314,1072697,ASHLAND,ESSEX,2017-06-06,6,6,2017,1,3,8,9,,,0,,1,1,4,25,2,2,0,5,0,0,0,0,true,,false,false,true,false,false,,,,,,false,false,false,,,false,false,false,false,false,-82.93633,42.36872,"{
  ""coordinates"": [
    -8.293632597300000e+01,
    4.236871760200010e+01
  ],
  ""type"": ""Point""
}","{
  ""coordinates"": [
    -82.936325973,
    42.368717602
  ],
  ""type"": ""Point""
}",-82.936325973,42.3687176020001
14315,1050683,FORT,POWELL,2017-06-06,6,6,2017,11,3,5,3,,1,0,,1,2,1,30,4,2,2,5,0,0,0,0,true,,false,false,false,false,false,,,,,,false,false,true,,,false,false,false,false,false,-83.14442,42.28884,"{
  ""coordinates"": [
    -8.314441376000001e+01,
    4.228883921100000e+01
  ],
  ""type"": ""Point""
}","{
  ""coordinates"": [
    -83.14441376,
    42.288839211
  ],
  ""type"": ""Point""
}",-83.14441376,42.288839211
14316,1057236,LIVERNOIS,PERKINS,2017-06-06,6,6,2017,10,3,5,9,,4,0,,1,1,1,35,7,2,1,5,0,0,0,0,true,,false,false,true,false,false,,,,,,false,false,true,,,false,false,false,false,false,-83.1227,42.33436,"{
  ""coordinates"": [
    -8.312269360300000e+01,
    4.233435844300000e+01
  ],
  ""type"": ""Point""
}","{
  ""coordinates"": [
    -83.122693603,
    42.334358443
  ],
  ""type"": ""Point""
}",-83.122693603,42.334358443
14317,1094125,S M 39,FORD,2017-06-06,6,6,2017,9,3,5,3,,1,0,,1,1,1,55,3,3,3,5,0,0,0,0,true,,false,false,false,false,false,,,,,,false,false,false,,,false,false,false,false,false,-83.21582,42.33039,"{
  ""coordinates"": [
    -8.321581999700000e+01,
    4.233039071500010e+01
  ],
  ""type"": ""Point""
}","{
  ""coordinates"": [
    -83.215819997,
    42.330390715
  ],
  ""type"": ""Point""
}",-83.215819997,42.3303907150001
14318,1050672,GRATIOT,RUSSELL,2017-06-06,6,6,2017,13,3,8,3,,1,0,,1,1,1,0,6,2,2,5,0,0,0,0,true,,false,false,false,false,false,,,,,,false,false,true,,,false,false,false,false,false,-83.03867,42.34364,"{
  ""coordinates"": [
    -8.303866440600000e+01,
    4.234364114200010e+01
  ],
  ""type"": ""Point""
}","{
  ""coordinates"": [
    -83.038664406,
    42.343641142
  ],
  ""type"": ""Point""
}",-83.038664406,42.3436411420001
14319,1049673,GALLAGHER,LANTZ,2017-06-06,6,6,2017,14,3,8,9,,,0,,1,1,1,25,2,2,0,5,0,0,0,0,true,,false,false,true,false,false,,,,,,false,false,false,,,false,false,false,false,false,-83.07051,42.43815,"{
  ""coordinates"": [
    -8.307051047499991e+01,
    4.243814891800000e+01
  ],
  ""type"": ""Point""
}","{
  ""coordinates"": [
    -83.070510475,
    42.438148918
  ],
  ""type"": ""Point""
}",-83.0705104749999,42.438148918
14320,1049770,ALLEN,OUTER,2017-06-06,6,6,2017,19,3,4,9,,2,0,,1,2,1,35,5,2,1,5,0,0,0,0,true,,false,false,false,false,false,,,,,,false,false,false,,,false,false,false,false,false,-83.19946,42.41988,"{
  ""coordinates"": [
    -8.319945933199990e+01,
    4.241988030000000e+01
  ],
  ""type"": ""Point""
}","{
  ""coordinates"": [
    -83.199459332,
    42.4198803
  ],
  ""type"": ""Point""
}",-83.1994593319999,42.4198803
14321,1052971,GRISWALD,LAFAYETTE,2017-06-06,6,6,2017,15,3,97,9,,4,0,,1,1,1,0,4,2,2,5,0,0,0,0,true,,false,false,false,false,false,,,,,,false,true,false,,,false,false,false,false,false,-83.04814,42.33155,"{
  ""coordinates"": [
    -8.304814387800000e+01,
    4.233155240400000e+01
  ],
  ""type"": ""Point""
}","{
  ""coordinates"": [
    -83.048143878,
    42.331552404
  ],
  ""type"": ""Point""
}",-83.048143878,42.331552404
14322,1050692,S I 75,SPRINGWELLS,2017-06-06,6,6,2017,8,3,8,1,,1,0,,1,1,1,25,3,2,2,5,0,0,0,0,true,,false,false,false,false,false,,,,,,false,false,false,,,false,false,false,false,false,-83.11938,42.30155,"{
  ""coordinates"": [
    -8.311938066000000e+01,
    4.230155262400010e+01
  ],
  ""type"": ""Point""
}","{
  ""coordinates"": [
    -83.11938066,
    42.301552624
  ],
  ""type"": ""Point""
}",-83.11938066,42.3015526240001
14323,1052963,PINEHURST,FENKELL,2017-06-06,6,6,2017,13,3,8,9,,,0,,1,2,1,25,1,2,3,2,0,1,0,0,false,,false,false,false,false,false,,,,,,false,false,true,,,false,false,false,false,false,-83.16624,42.40273,"{
  ""coordinates"": [
    -8.316624520300000e+01,
    4.240272812000010e+01
  ],
  ""type"": ""Point""
}","{
  ""coordinates"": [
    -83.166245203,
    42.40272812
  ],
  ""type"": ""Point""
}",-83.166245203,42.4027281200001
14324,1049649,KANE,KANE,2017-06-06,6,6,2017,17,3,1,9,,,1,,1,2,1,25,2,1,1,1,1,0,0,0,false,,false,false,false,false,false,,,,,,false,true,false,,,false,false,false,false,false,-83.26431,42.38947,"{
  ""coordinates"": [
    -8.326431118399999e+01,
    4.238947361900010e+01
  ],
  ""type"": ""Point""
}","{
  ""coordinates"": [
    -83.264311184,
    42.389473619
  ],
  ""type"": ""Point""
}",-83.264311184,42.3894736190001
14325,1057199,I-94,24TH,2017-06-06,6,6,2017,15,3,5,1,,1,0,,1,1,1,55,3,3,4,4,0,0,0,2,false,,false,false,false,false,false,,,,,,false,false,false,,,false,false,false,false,false,-83.10367,42.34866,"{
  ""coordinates"": [
    -8.310366460199999e+01,
    4.234866223000010e+01
  ],
  ""type"": ""Point""
}","{
  ""coordinates"": [
    -83.103664602,
    42.34866223
  ],
  ""type"": ""Point""
}",-83.103664602,42.3486622300001
14326,1050697,SHOEMAKER,SAINT CLAIR,2017-06-06,6,6,2017,12,3,4,9,,4,0,,1,2,1,30,2,2,2,5,0,0,0,0,true,,false,false,true,false,false,,,,,,false,false,false,,,false,false,false,false,false,-82.99625,42.38941,"{
  ""coordinates"": [
    -8.299625643099991e+01,
    4.238940870700000e+01
  ],
  ""type"": ""Point""
}","{
  ""coordinates"": [
    -82.996256431,
    42.389408707
  ],
  ""type"": ""Point""
}",-82.9962564309999,42.389408707
14327,1049655,GRANDVILLE,7MILE,2017-06-06,6,6,2017,8,3,8,9,,,0,,1,1,1,25,1,2,1,3,0,0,1,0,false,,false,false,false,false,false,,,,,,false,false,false,,,false,false,false,false,false,-83.23214,42.42956,"{
  ""coordinates"": [
    -8.323213638899990e+01,
    4.242956003800000e+01
  ],
  ""type"": ""Point""
}","{
  ""coordinates"": [
    -83.232136389,
    42.429560038
  ],
  ""type"": ""Point""
}",-83.2321363889999,42.429560038
14328,1051596,GREENFIELD,JOY,2017-06-06,6,6,2017,15,3,4,9,,2,0,,1,1,1,30,6,2,2,4,0,0,0,2,false,,false,false,false,false,false,,,,,,false,false,false,,,false,false,false,false,false,-83.19701,42.35841,"{
  ""coordinates"": [
    -8.319700598000000e+01,
    4.235840964400010e+01
  ],
  ""type"": ""Point""
}","{
  ""coordinates"": [
    -83.19700598,
    42.358409644
  ],
  ""type"": ""Point""
}",-83.19700598,42.3584096440001
14329,1052966,MOUND,7 MILE,2017-06-06,6,6,2017,22,3,97,9,,2,0,,1,1,4,0,4,2,1,5,0,0,0,0,true,,false,false,true,false,false,,,,,,true,false,false,,,false,false,false,false,false,-83.04382,42.43344,"{
  ""coordinates"": [
    -8.304381227000000e+01,
    4.243344150500010e+01
  ],
  ""type"": ""Point""
}","{
  ""coordinates"": [
    -83.04381227,
    42.433441505
  ],
  ""type"": ""Point""
}",-83.04381227,42.4334415050001
14330,1049669,SPOKANE,BEECHWOOD,2017-06-06,6,6,2017,5,3,8,9,,,0,,1,1,3,25,1,2,0,5,0,0,0,0,true,,false,false,true,false,false,,,,,,false,false,false,,,false,false,false,false,false,-83.12441,42.35934,"{
  ""coordinates"": [
    -8.312441027300000e+01,
    4.235934379300010e+01
  ],
  ""type"": ""Point""
}","{
  ""coordinates"": [
    -83.124410273,
    42.359343793
  ],
  ""type"": ""Point""
}",-83.124410273,42.3593437930001
14331,1059465,ELM,TRUMBULL,2017-06-06,6,6,2017,22,3,9,9,,,0,,1,1,4,25,2,2,3,5,0,0,0,0,true,,false,false,true,false,false,,,,,,false,false,false,,,false,false,false,false,false,-83.07162,42.33939,"{
  ""coordinates"": [
    -8.307161530300000e+01,
    4.233939401400000e+01
  ],
  ""type"": ""Point""
}","{
  ""coordinates"": [
    -83.071615303,
    42.339394014
  ],
  ""type"": ""Point""
}",-83.071615303,42.339394014
14332,1057203,I-94,MOROSS,2017-06-06,6,6,2017,15,3,5,1,,1,0,,1,2,1,55,3,2,2,5,0,0,0,0,true,,false,false,false,false,false,,,,,,false,false,false,,,false,false,false,false,false,-82.9277,42.42601,"{
  ""coordinates"": [
    -8.292769897100000e+01,
    4.242600645000000e+01
  ],
  ""type"": ""Point""
}","{
  ""coordinates"": [
    -82.927698971,
    42.42600645
  ],
  ""type"": ""Point""
}",-82.927698971,42.42600645
14333,1072704,MACK,MARYLAND,2017-06-06,6,6,2017,18,3,4,9,,2,0,,1,2,1,30,4,2,3,5,0,0,0,0,true,,false,false,false,false,false,,,,,,false,true,false,,,false,false,false,false,false,-82.94559,42.38765,"{
  ""coordinates"": [
    -8.294559691500000e+01,
    4.238765427900010e+01
  ],
  ""type"": ""Point""
}","{
  ""coordinates"": [
    -82.945596915,
    42.387654279
  ],
  ""type"": ""Point""
}",-82.945596915,42.3876542790001
14334,1049653,JEFFERSON,CHENE,2017-06-06,6,6,2017,8,3,98,9,,4,0,,1,1,1,35,9,2,2,5,0,0,0,0,true,,false,false,false,false,false,,,,,,false,false,true,,,false,false,false,false,false,-83.02241,42.33835,"{
  ""coordinates"": [
    -8.302240452699991e+01,
    4.233835368800000e+01
  ],
  ""type"": ""Point""
}","{
  ""coordinates"": [
    -83.022404527,
    42.338353688
  ],
  ""type"": ""Point""
}",-83.0224045269999,42.338353688
14335,1052955,JAMES COUZENS,MOTOR,2017-06-06,6,6,2017,10,3,8,3,,1,0,,1,1,1,35,2,2,2,5,0,0,0,0,true,,false,false,false,false,false,,,,,,false,false,true,,,false,false,false,false,false,-83.20226,42.44421,"{
  ""coordinates"": [
    -8.320226570400000e+01,
    4.244420491500010e+01
  ],
  ""type"": ""Point""
}","{
  ""coordinates"": [
    -83.202265704,
    42.444204915
  ],
  ""type"": ""Point""
}",-83.202265704,42.4442049150001
14336,1049674,HALLECK,MCDOUGALL,2017-06-06,6,6,2017,14,3,8,9,,,0,,1,2,1,25,3,2,1,5,0,0,0,0,true,,false,false,false,false,false,,,,,,false,false,false,,,false,false,false,false,false,-83.06326,42.40917,"{
  ""coordinates"": [
    -8.306325813200000e+01,
    4.240917283800010e+01
  ],
  ""type"": ""Point""
}","{
  ""coordinates"": [
    -83.063258132,
    42.409172838
  ],
  ""type"": ""Point""
}",-83.063258132,42.4091728380001
14337,1071899,TIREMAN,GREENFIELD,2017-06-06,6,6,2017,16,3,8,9,,2,0,,1,2,1,0,2,2,3,5,0,0,0,0,true,,false,false,false,false,false,,,,,,false,true,false,,,false,false,false,false,false,-83.19633,42.3509,"{
  ""coordinates"": [
    -8.319632969400000e+01,
    4.235090207100010e+01
  ],
  ""type"": ""Point""
}","{
  ""coordinates"": [
    -83.196329694,
    42.350902071
  ],
  ""type"": ""Point""
}",-83.196329694,42.3509020710001
14338,1049660,8 MILE,ANVIL,2017-06-06,6,6,2017,18,3,5,3,,1,0,,1,1,1,40,8,2,4,4,0,0,0,3,false,,false,false,false,false,false,,,,,,false,false,true,,,false,false,false,false,false,-82.97861,42.44946,"{
  ""coordinates"": [
    -8.297860420300000e+01,
    4.244946389100010e+01
  ],
  ""type"": ""Point""
}","{
  ""coordinates"": [
    -82.978604203,
    42.449463891
  ],
  ""type"": ""Point""
}",-82.978604203,42.4494638910001
14339,1051584,JEFFERSON,DEARBORN,2017-06-06,6,6,2017,17,3,8,9,,4,0,,1,1,1,35,4,2,1,5,0,0,0,0,true,,false,false,false,false,false,,,,,,false,false,false,,,false,false,false,false,false,-83.11704,42.29077,"{
  ""coordinates"": [
    -8.311703969699990e+01,
    4.229076762900010e+01
  ],
  ""type"": ""Point""
}","{
  ""coordinates"": [
    -83.117039697,
    42.290767629
  ],
  ""type"": ""Point""
}",-83.1170396969999,42.2907676290001
14340,1052866,CHRYSLER,JEFFERSON,2017-06-06,6,6,2017,6,3,98,4,,1,0,,1,2,1,35,3,2,2,5,0,0,0,0,true,,false,false,false,false,false,,,,,,false,true,false,,,false,false,false,false,false,-83.03943,42.33103,"{
  ""coordinates"": [
    -8.303943072899990e+01,
    4.233103196600010e+01
  ],
  ""type"": ""Point""
}","{
  ""coordinates"": [
    -83.039430729,
    42.331031966
  ],
  ""type"": ""Point""
}",-83.0394307289999,42.3310319660001
14341,1052900,FENKELL,WYOMING,2017-06-06,6,6,2017,8,3,2,9,,2,0,,1,1,1,30,4,2,1,5,0,0,0,0,true,,false,false,false,false,false,,,,,,false,false,false,,,false,false,false,false,false,-83.15978,42.40252,"{
  ""coordinates"": [
    -8.315978146600000e+01,
    4.240251976900000e+01
  ],
  ""type"": ""Point""
}","{
  ""coordinates"": [
    -83.159781466,
    42.402519769
  ],
  ""type"": ""Point""
}",-83.159781466,42.402519769
14342,1060578,MCGRAW,16TH,2017-06-06,6,6,2017,23,3,8,9,,4,0,,1,1,4,30,2,2,2,5,0,0,0,0,true,,false,false,true,false,false,,,,,,false,false,false,,,false,false,false,false,false,-83.09389,42.35733,"{
  ""coordinates"": [
    -8.309388998599999e+01,
    4.235733245500010e+01
  ],
  ""type"": ""Point""
}","{
  ""coordinates"": [
    -83.093889986,
    42.357332455
  ],
  ""type"": ""Point""
}",-83.093889986,42.3573324550001
14343,1115256,EDMORE,CORDELL,2017-06-06,6,6,2017,16,3,10,9,,,3,,1,2,1,25,2,2,2,5,0,0,0,0,true,,false,false,false,false,false,,,,,,false,false,false,,,false,false,false,false,false,-82.9515,42.44746,"{
  ""coordinates"": [
    -8.295150298999990e+01,
    4.244746109600000e+01
  ],
  ""type"": ""Point""
}","{
  ""coordinates"": [
    -82.95150299,
    42.447461096
  ],
  ""type"": ""Point""
}",-82.9515029899999,42.447461096
14344,1049652,8 MILE,TELEGRAPH,2017-06-06,6,6,2017,18,3,5,3,,1,0,,1,1,1,45,4,2,3,4,0,0,0,2,false,,false,false,false,false,false,,,,,,false,false,true,,,false,false,false,false,false,-83.27877,42.44274,"{
  ""coordinates"": [
    -8.327876744299989e+01,
    4.244273799500010e+01
  ],
  ""type"": ""Point""
}","{
  ""coordinates"": [
    -83.278767443,
    42.442737995
  ],
  ""type"": ""Point""
}",-83.2787674429999,42.4427379950001
14345,1211127,MAJESTIC,ASBURY,2017-06-06,6,6,2017,8,3,4,9,,,0,,1,1,1,25,2,2,3,4,0,0,0,1,false,,false,false,false,false,false,,,,,,false,false,true,,,false,false,false,false,false,-83.20592,42.34592,"{
  ""coordinates"": [
    -8.320592435700000e+01,
    4.234592546900010e+01
  ],
  ""type"": ""Point""
}","{
  ""coordinates"": [
    -83.205924357,
    42.345925469
  ],
  ""type"": ""Point""
}",-83.205924357,42.3459254690001
14346,1057252,BRAILE,CHICAGO,2017-06-06,6,6,2017,15,3,8,9,,,0,,1,2,1,30,4,2,5,5,0,0,0,0,true,,false,false,false,false,false,,,,,,false,false,false,,,false,false,false,false,false,-83.24348,42.3646,"{
  ""coordinates"": [
    -8.324348270500001e+01,
    4.236459942900010e+01
  ],
  ""type"": ""Point""
}","{
  ""coordinates"": [
    -83.243482705,
    42.364599429
  ],
  ""type"": ""Point""
}",-83.243482705,42.3645994290001
14347,1050680,WATERMAN,VERNOR,2017-06-06,6,6,2017,15,3,4,9,,4,0,,1,2,1,30,2,2,1,5,0,0,0,0,true,,false,false,true,false,false,,,,,,false,false,false,,,false,false,false,false,false,-83.11649,42.3157,"{
  ""coordinates"": [
    -8.311649662900000e+01,
    4.231570380200000e+01
  ],
  ""type"": ""Point""
}","{
  ""coordinates"": [
    -83.116496629,
    42.315703802
  ],
  ""type"": ""Point""
}",-83.116496629,42.315703802
14348,1052961,STRATHMOOR,VASSAR,2017-06-06,6,6,2017,14,3,5,9,,,0,,1,2,1,30,2,2,1,5,0,0,0,0,true,,false,false,false,false,false,,,,,,false,false,true,,,false,false,false,false,false,-83.18896,42.43406,"{
  ""coordinates"": [
    -8.318895993300001e+01,
    4.243405956600000e+01
  ],
  ""type"": ""Point""
}","{
  ""coordinates"": [
    -83.188959933,
    42.434059566
  ],
  ""type"": ""Point""
}",-83.188959933,42.434059566
14349,1057167,I-75,MILWAUKEE,2017-06-06,6,6,2017,8,3,5,1,,1,0,,1,1,1,55,4,3,3,5,0,0,0,0,true,,false,false,false,false,false,,,,,,false,true,false,,,false,false,false,false,false,-83.06069,42.37509,"{
  ""coordinates"": [
    -8.306069387299991e+01,
    4.237509158700000e+01
  ],
  ""type"": ""Point""
}","{
  ""coordinates"": [
    -83.060693873,
    42.375091587
  ],
  ""type"": ""Point""
}",-83.0606938729999,42.375091587
14350,1052951,MEYERS,SANTA MARIA,2017-06-06,6,6,2017,8,3,97,9,,4,0,,1,1,1,0,2,3,3,5,0,0,0,0,true,,true,false,true,false,false,,,,,,false,false,true,,,false,false,false,false,false,-83.1702,42.4185,"{
  ""coordinates"": [
    -8.317019998799999e+01,
    4.241849986300010e+01
  ],
  ""type"": ""Point""
}","{
  ""coordinates"": [
    -83.170199988,
    42.418499863
  ],
  ""type"": ""Point""
}",-83.170199988,42.4184998630001
14351,1049654,S I 75,MACK,2017-06-06,6,6,2017,13,3,9,1,,1,0,,1,1,1,0,3,2,2,5,0,0,0,0,true,,false,false,false,false,false,,,,,,false,true,false,,,false,false,false,false,false,-83.0482,42.35127,"{
  ""coordinates"": [
    -8.304820438300000e+01,
    4.235126756200000e+01
  ],
  ""type"": ""Point""
}","{
  ""coordinates"": [
    -83.048204383,
    42.351267562
  ],
  ""type"": ""Point""
}",-83.048204383,42.351267562
14352,1050676,JEFFERSON,RIVERFRONT,2017-06-06,6,6,2017,13,3,4,9,,4,0,,1,2,1,25,1,2,3,5,0,0,0,0,true,,false,false,false,false,false,,,,,,false,false,false,,,false,false,false,false,false,-83.05666,42.32481,"{
  ""coordinates"": [
    -8.305665381100000e+01,
    4.232480464900000e+01
  ],
  ""type"": ""Point""
}","{
  ""coordinates"": [
    -83.056653811,
    42.324804649
  ],
  ""type"": ""Point""
}",-83.056653811,42.324804649
14353,1052962,GREENFIELD,TROJAN,2017-06-06,6,6,2017,2,3,5,9,,2,0,,1,1,1,35,4,2,1,5,0,0,0,0,true,,false,false,true,false,false,,,,,,false,false,false,,,false,false,false,false,false,-83.20033,42.44131,"{
  ""coordinates"": [
    -8.320032369099989e+01,
    4.244130626600000e+01
  ],
  ""type"": ""Point""
}","{
  ""coordinates"": [
    -83.200323691,
    42.441306266
  ],
  ""type"": ""Point""
}",-83.2003236909999,42.441306266
14354,1049666,HARPER,CADILLAC,2017-06-06,6,6,2017,17,3,97,9,,4,0,,1,1,1,35,3,2,1,5,0,0,0,0,true,,false,false,true,false,false,,,,,,false,true,false,,,false,false,false,false,false,-83.04622,42.37406,"{
  ""coordinates"": [
    -8.304622173900000e+01,
    4.237405743600000e+01
  ],
  ""type"": ""Point""
}","{
  ""coordinates"": [
    -83.046221739,
    42.374057436
  ],
  ""type"": ""Point""
}",-83.046221739,42.374057436
14355,1059503,JEFFERSON,RIVARD,2017-06-06,6,6,2017,9,3,97,9,,4,0,,1,1,1,35,7,2,2,4,0,0,0,2,false,,false,false,false,false,false,,,,,,false,false,false,,,false,false,false,false,false,-83.03416,42.33329,"{
  ""coordinates"": [
    -8.303416818399999e+01,
    4.233329348300000e+01
  ],
  ""type"": ""Point""
}","{
  ""coordinates"": [
    -83.034168184,
    42.333293483
  ],
  ""type"": ""Point""
}",-83.034168184,42.333293483
14356,1049656,ST MARYS,CURTIS,2017-06-06,6,6,2017,12,3,4,9,,,0,,1,2,1,30,4,2,2,4,0,0,0,1,false,,false,false,false,false,false,,,,,,false,false,false,,,false,false,false,false,false,-83.20713,42.42302,"{
  ""coordinates"": [
    -8.320713282500000e+01,
    4.242301623900000e+01
  ],
  ""type"": ""Point""
}","{
  ""coordinates"": [
    -83.207132825,
    42.423016239
  ],
  ""type"": ""Point""
}",-83.207132825,42.423016239
14357,1052889,ASBURY,MARGARETA,2017-06-06,6,6,2017,15,3,4,9,,4,0,,1,1,1,25,2,2,2,5,0,0,0,0,true,,false,false,true,false,false,,,,,,false,false,true,,,false,false,false,false,false,-83.20945,42.42663,"{
  ""coordinates"": [
    -8.320944818100000e+01,
    4.242662965700000e+01
  ],
  ""type"": ""Point""
}","{
  ""coordinates"": [
    -83.209448181,
    42.426629657
  ],
  ""type"": ""Point""
}",-83.209448181,42.426629657
14358,1049659,HAYES,SEYMOUR,2017-06-06,6,6,2017,11,3,4,9,,4,0,,1,2,1,30,6,2,3,5,0,0,0,0,true,,true,true,false,false,false,,,,,,false,false,false,,,false,false,false,false,false,-82.96526,42.42719,"{
  ""coordinates"": [
    -8.296526306899990e+01,
    4.242718804500000e+01
  ],
  ""type"": ""Point""
}","{
  ""coordinates"": [
    -82.965263069,
    42.427188045
  ],
  ""type"": ""Point""
}",-82.9652630689999,42.427188045
14359,1052901,LAHSER,FARGO,2017-06-06,6,6,2017,6,3,4,9,,2,0,,1,1,4,35,4,2,1,5,0,0,0,0,true,,true,true,true,false,false,,,,,,false,true,false,,,false,false,false,false,false,-83.25864,42.43805,"{
  ""coordinates"": [
    -8.325863546100000e+01,
    4.243805255200000e+01
  ],
  ""type"": ""Point""
}","{
  ""coordinates"": [
    -83.258635461,
    42.438052552
  ],
  ""type"": ""Point""
}",-83.258635461,42.438052552
14360,1050712,TELEGRAPH,MCNICHOLS,2017-06-06,6,6,2017,15,3,97,2,,1,0,,1,1,1,35,6,3,16,5,0,0,0,0,true,,true,true,true,false,false,,,,,,false,true,false,,,false,true,false,false,false,-83.27696,42.41448,"{
  ""coordinates"": [
    -8.327696042799990e+01,
    4.241448333600000e+01
  ],
  ""type"": ""Point""
}","{
  ""coordinates"": [
    -83.276960428,
    42.414483336
  ],
  ""type"": ""Point""
}",-83.2769604279999,42.414483336
14361,1056185,MEYERS,PURITAN,2017-06-05,5,6,2017,12,2,1,9,,4,1,,1,2,1,30,2,1,1,1,1,0,0,0,false,,false,false,false,false,false,,,,,,false,true,false,,,false,false,false,false,false,-83.16974,42.40899,"{
  ""coordinates"": [
    -8.316973927100000e+01,
    4.240899146000000e+01
  ],
  ""type"": ""Point""
}","{
  ""coordinates"": [
    -83.169739271,
    42.40899146
  ],
  ""type"": ""Point""
}",-83.169739271,42.40899146
14362,1056087,M-39,FENKELL,2017-06-05,5,6,2017,16,2,8,3,,1,0,,1,1,1,55,3,2,4,5,0,0,0,0,true,,false,false,false,false,false,,,,,,false,false,false,,,false,false,false,false,false,-83.21838,42.4003,"{
  ""coordinates"": [
    -8.321837639700000e+01,
    4.240029700600010e+01
  ],
  ""type"": ""Point""
}","{
  ""coordinates"": [
    -83.218376397,
    42.400297006
  ],
  ""type"": ""Point""
}",-83.218376397,42.4002970060001
14363,1049658,SHERWOOD,EIGHT MILE,2017-06-05,5,6,2017,18,2,8,9,,4,0,,1,1,1,30,2,2,1,4,0,0,0,1,false,,false,false,true,false,false,,,,,,false,false,false,,,false,false,false,false,false,-83.0345,42.4474,"{
  ""coordinates"": [
    -8.303449863100001e+01,
    4.244739455000010e+01
  ],
  ""type"": ""Point""
}","{
  ""coordinates"": [
    -83.034498631,
    42.44739455
  ],
  ""type"": ""Point""
}",-83.034498631,42.4473945500001
14364,1048817,ALTER,GOETHE,2017-06-05,5,6,2017,0,2,5,9,,4,3,,1,1,2,0,2,2,0,5,0,0,0,0,true,,false,false,false,false,false,,,,,,false,false,false,,,false,false,false,false,false,-82.94657,42.38561,"{
  ""coordinates"": [
    -8.294657209600000e+01,
    4.238561194200000e+01
  ],
  ""type"": ""Point""
}","{
  ""coordinates"": [
    -82.946572096,
    42.385611942
  ],
  ""type"": ""Point""
}",-82.946572096,42.385611942
14365,1048842,JOY,I 96 SERVICE,2017-06-05,5,6,2017,18,2,4,1,,4,0,,1,1,1,25,2,2,1,5,0,0,0,0,true,,true,true,true,false,false,,,,,,false,false,true,,,false,false,false,false,false,-83.13113,42.36457,"{
  ""coordinates"": [
    -8.313113244600000e+01,
    4.236457326400010e+01
  ],
  ""type"": ""Point""
}","{
  ""coordinates"": [
    -83.131132446,
    42.364573264
  ],
  ""type"": ""Point""
}",-83.131132446,42.3645732640001
14366,1048821,JEFFERSON,DUBOIS,2017-06-05,5,6,2017,15,2,5,9,,4,0,,1,1,1,35,8,2,2,5,0,0,0,0,true,,false,false,true,false,false,,,,,,false,false,false,,,false,false,false,false,false,-83.02458,42.33741,"{
  ""coordinates"": [
    -8.302458208699990e+01,
    4.233741235100010e+01
  ],
  ""type"": ""Point""
}","{
  ""coordinates"": [
    -83.024582087,
    42.337412351
  ],
  ""type"": ""Point""
}",-83.0245820869999,42.3374123510001
14367,1058255,MCKINNEY,BRITAIN,2017-06-05,5,6,2017,9,2,4,9,,,0,,1,1,1,25,1,2,5,5,0,0,0,0,true,,false,false,true,false,false,,,,,,false,false,false,,,false,false,false,false,false,-82.94312,42.42045,"{
  ""coordinates"": [
    -8.294311390099990e+01,
    4.242045309000010e+01
  ],
  ""type"": ""Point""
}","{
  ""coordinates"": [
    -82.943113901,
    42.42045309
  ],
  ""type"": ""Point""
}",-82.9431139009999,42.4204530900001