ObjectId,Crash ID,Primary Road,Intersecting Road,Crash Date,Day,Month,Year,Hour,Weekday,Crash Type Code,Highway Classification Code,Community Code,Jurisdiction Code,Lane Departure Type Code,Surface Type,Road Condition,Weather Condition,Lighting Condition,Speed Limit,Lanes,Units,Occupants,Most Severe Injury,Fatal Injuries,Suspected Serious Injuries,Suspected Minor Injuries,Possible Injuries,Property Damage Only,Secondary Crash,Traffic Control,Red Light Run,Hit and Run,Alcohol,Drugs,Unbelted Person,Work Zone,Speeding Driver,Distracted Driver,Driveway,Pedestrian,Elderly Driver,Young Driver,Commercial Vehicle,Emergency Vehicles,Train,School Bus,Motorcycle,Bicycle,Deer,Longitude,Latitude,geom,geog,x,y
14425,1051583,8 MILE,EVERGREEN,2017-06-04,4,6,2017,17,1,1,3,,1,0,,1,1,1,35,3,1,1,4,0,0,0,1,false,,false,false,false,false,false,,,,,,false,false,false,,,false,false,false,false,false,-83.23752,42.4438,"{
  ""coordinates"": [
    -8.323751654700000e+01,
    4.244380001000010e+01
  ],
  ""type"": ""Point""
}","{
  ""coordinates"": [
    -83.237516547,
    42.44380001
  ],
  ""type"": ""Point""
}",-83.237516547,42.4438000100001
14426,1057267,CONNER,HARPER,2017-06-04,4,6,2017,19,1,5,1,,4,0,,1,1,1,25,3,2,6,5,0,0,0,0,true,,false,false,false,false,false,,,,,,false,false,true,,,false,false,false,false,false,-82.98947,42.39585,"{
  ""coordinates"": [
    -8.298947359000000e+01,
    4.239585394600000e+01
  ],
  ""type"": ""Point""
}","{
  ""coordinates"": [
    -82.98947359,
    42.395853946
  ],
  ""type"": ""Point""
}",-82.98947359,42.395853946
14427,1059482,JEFFERSON,SAINT JEAN,2017-06-04,4,6,2017,23,1,3,9,,4,0,,1,1,4,35,5,2,2,2,0,1,0,1,false,,false,false,false,false,false,,,,,,false,false,false,,,false,false,true,false,false,-82.9706,42.36699,"{
  ""coordinates"": [
    -8.297060642600000e+01,
    4.236698875500010e+01
  ],
  ""type"": ""Point""
}","{
  ""coordinates"": [
    -82.970606426,
    42.366988755
  ],
  ""type"": ""Point""
}",-82.970606426,42.3669887550001
14428,1048849,CHRYSLER SERVICE,STATE FAIR,2017-06-04,4,6,2017,18,1,5,1,,1,0,,1,1,4,35,3,2,1,5,0,0,0,0,true,,false,false,true,false,false,,,,,,false,false,false,,,false,false,false,false,false,-83.09519,42.4397,"{
  ""coordinates"": [
    -8.309519336200000e+01,
    4.243970649300010e+01
  ],
  ""type"": ""Point""
}","{
  ""coordinates"": [
    -83.095193362,
    42.439706493
  ],
  ""type"": ""Point""
}",-83.095193362,42.4397064930001
14429,1051593,FIELDING,SAWYER,2017-06-04,4,6,2017,18,1,97,9,,,3,,1,1,1,0,2,2,2,5,0,0,0,0,true,,false,false,true,false,false,,,,,,false,false,false,,,false,false,false,false,false,-83.24032,42.34695,"{
  ""coordinates"": [
    -8.324031608099990e+01,
    4.234694576800010e+01
  ],
  ""type"": ""Point""
}","{
  ""coordinates"": [
    -83.240316081,
    42.346945768
  ],
  ""type"": ""Point""
}",-83.2403160809999,42.3469457680001
14430,1047793,WASHBURN,MARGARETA,2017-06-04,4,6,2017,4,1,2,9,,,0,,1,1,4,0,2,2,1,5,0,0,0,0,true,,false,false,true,false,false,,,,,,false,false,false,,,false,false,false,false,false,-83.16191,42.4277,"{
  ""coordinates"": [
    -8.316191212500000e+01,
    4.242770296700010e+01
  ],
  ""type"": ""Point""
}","{
  ""coordinates"": [
    -83.161912125,
    42.427702967
  ],
  ""type"": ""Point""
}",-83.161912125,42.4277029670001
14431,1048847,SENECA,MOFFET,2017-06-04,4,6,2017,1,1,97,9,,,3,,1,1,4,25,2,2,0,5,0,0,0,0,true,,false,false,false,false,false,,,,,,false,false,false,,,false,false,false,false,false,-83.00961,42.38054,"{
  ""coordinates"": [
    -8.300961520300000e+01,
    4.238053715600010e+01
  ],
  ""type"": ""Point""
}","{
  ""coordinates"": [
    -83.009615203,
    42.380537156
  ],
  ""type"": ""Point""
}",-83.009615203,42.3805371560001
14432,1050687,BUCHANAN,MILITARY,2017-06-04,4,6,2017,18,1,4,9,,4,0,,1,1,1,25,2,2,2,5,0,0,0,0,true,,false,false,false,false,false,,,,,,false,false,true,,,false,false,false,false,false,-83.11968,42.33315,"{
  ""coordinates"": [
    -8.311968521199999e+01,
    4.233314991900000e+01
  ],
  ""type"": ""Point""
}","{
  ""coordinates"": [
    -83.119685212,
    42.333149919
  ],
  ""type"": ""Point""
}",-83.119685212,42.333149919
14433,1072714,NEFF,POMONA,2017-06-04,4,6,2017,12,1,4,9,,,0,,1,2,1,0,2,2,1,5,0,0,0,0,true,,false,false,false,false,false,,,,,,false,false,false,,,false,false,false,false,false,-82.92107,42.40191,"{
  ""coordinates"": [
    -8.292106772699999e+01,
    4.240190460400000e+01
  ],
  ""type"": ""Point""
}","{
  ""coordinates"": [
    -82.921067727,
    42.401904604
  ],
  ""type"": ""Point""
}",-82.921067727,42.401904604
14434,1090662,BROADSTREET,TYLER,2017-06-04,4,6,2017,13,1,5,9,,4,3,,1,1,1,25,2,2,1,5,0,0,0,0,true,,false,false,false,false,false,,,,,,false,false,false,,,false,false,false,false,false,-83.13805,42.38514,"{
  ""coordinates"": [
    -8.313805410399991e+01,
    4.238513631500010e+01
  ],
  ""type"": ""Point""
}","{
  ""coordinates"": [
    -83.138054104,
    42.385136315
  ],
  ""type"": ""Point""
}",-83.1380541039999,42.3851363150001
14435,1051579,WARREN,ABINGTON,2017-06-04,4,6,2017,21,1,5,9,,2,3,,1,1,4,30,4,2,1,4,0,0,0,2,false,,false,false,false,false,false,,,,,,false,false,false,,,false,false,false,false,false,-83.20941,42.34349,"{
  ""coordinates"": [
    -8.320941504099990e+01,
    4.234348560200000e+01
  ],
  ""type"": ""Point""
}","{
  ""coordinates"": [
    -83.209415041,
    42.343485602
  ],
  ""type"": ""Point""
}",-83.2094150409999,42.343485602
14436,1047790,OUTER,GODDARD,2017-06-04,4,6,2017,14,1,4,9,,2,0,,1,1,1,35,6,2,10,5,0,0,0,0,true,,false,false,false,false,false,,,,,,false,false,false,,,false,false,false,false,false,-83.07714,42.44011,"{
  ""coordinates"": [
    -8.307714184699999e+01,
    4.244010399300000e+01
  ],
  ""type"": ""Point""
}","{
  ""coordinates"": [
    -83.077141847,
    42.440103993
  ],
  ""type"": ""Point""
}",-83.077141847,42.440103993
14437,1089745,SCHAEFER,CHICAGO,2017-06-04,4,6,2017,2,1,4,9,,4,0,,1,2,4,30,5,2,2,4,0,0,0,2,false,,true,true,false,false,false,,,,,,false,false,false,,,false,false,false,false,false,-83.17772,42.36573,"{
  ""coordinates"": [
    -8.317771732800000e+01,
    4.236572686200000e+01
  ],
  ""type"": ""Point""
}","{
  ""coordinates"": [
    -83.177717328,
    42.365726862
  ],
  ""type"": ""Point""
}",-83.177717328,42.365726862
14438,1072702,ALGONQUIN PARK,CLAIRPOINTE,2017-06-04,4,6,2017,21,1,1,9,,,0,,1,1,2,25,2,2,1,2,0,1,0,0,false,,false,false,true,false,false,,,,,,false,false,false,,,false,false,false,true,false,-82.95267,42.35965,"{
  ""coordinates"": [
    -8.295267313700000e+01,
    4.235964607700000e+01
  ],
  ""type"": ""Point""
}","{
  ""coordinates"": [
    -82.952673137,
    42.359646077
  ],
  ""type"": ""Point""
}",-82.952673137,42.359646077
14439,1076203,PARKWAY,SUNNYSIDE,2017-06-04,4,6,2017,12,1,97,9,,,0,,98,98,1,25,4,2,0,2,0,1,0,0,false,,false,false,true,false,false,,,,,,true,false,false,,,false,false,false,false,false,-83.26698,42.40698,"{
  ""coordinates"": [
    -8.326697291100000e+01,
    4.240698223900010e+01
  ],
  ""type"": ""Point""
}","{
  ""coordinates"": [
    -83.266972911,
    42.406982239
  ],
  ""type"": ""Point""
}",-83.266972911,42.4069822390001
14440,1050662,E I 96,E I 96 CD,2017-06-04,4,6,2017,2,1,97,1,,1,0,,2,4,4,55,3,2,2,5,0,0,0,0,true,,false,false,false,false,false,,,,,,false,false,false,,,false,false,false,false,false,-83.2515,42.38538,"{
  ""coordinates"": [
    -8.325150243000000e+01,
    4.238538394100000e+01
  ],
  ""type"": ""Point""
}","{
  ""coordinates"": [
    -83.25150243,
    42.385383941
  ],
  ""type"": ""Point""
}",-83.25150243,42.385383941
14441,1047777,JEFFERSON,TERMINAL,2017-06-04,4,6,2017,3,1,5,9,,4,0,,2,1,4,35,6,2,1,4,0,0,0,1,false,,false,false,true,false,false,,,,,,false,false,false,,,false,false,false,false,false,-82.9657,42.36894,"{
  ""coordinates"": [
    -8.296569708399990e+01,
    4.236893959500000e+01
  ],
  ""type"": ""Point""
}","{
  ""coordinates"": [
    -82.965697084,
    42.368939595
  ],
  ""type"": ""Point""
}",-82.9656970839999,42.368939595
14442,1047762,JOY,PREST,2017-06-04,4,6,2017,11,1,4,9,,4,0,,1,1,1,30,4,2,3,5,0,0,0,0,true,,false,false,false,false,false,,,,,,false,true,false,,,false,false,false,false,false,-83.19553,42.35817,"{
  ""coordinates"": [
    -8.319553564200000e+01,
    4.235816478900010e+01
  ],
  ""type"": ""Point""
}","{
  ""coordinates"": [
    -83.195535642,
    42.358164789
  ],
  ""type"": ""Point""
}",-83.195535642,42.3581647890001
14443,1047752,I-75,SPRINGWELLS,2017-06-04,4,6,2017,1,1,97,1,,1,0,,1,1,4,55,3,2,1,5,0,0,0,0,true,,false,false,true,false,false,,,,,,false,false,false,,,false,false,false,false,false,-83.11504,42.30329,"{
  ""coordinates"": [
    -8.311503639700000e+01,
    4.230328601900000e+01
  ],
  ""type"": ""Point""
}","{
  ""coordinates"": [
    -83.115036397,
    42.303286019
  ],
  ""type"": ""Point""
}",-83.115036397,42.303286019
14444,1047792,CURTIS,SCHAEFER,2017-06-04,4,6,2017,18,1,97,9,,,0,,1,1,1,30,2,4,4,3,0,0,1,0,false,,false,false,false,false,false,,,,,,false,false,true,,,false,false,false,false,false,-83.18005,42.42384,"{
  ""coordinates"": [
    -8.318004656399999e+01,
    4.242383855700010e+01
  ],
  ""type"": ""Point""
}","{
  ""coordinates"": [
    -83.180046564,
    42.423838557
  ],
  ""type"": ""Point""
}",-83.180046564,42.4238385570001
14445,1048824,GRANDVILLE,CURTIS,2017-06-04,4,6,2017,16,1,97,9,,,0,,1,1,1,25,2,2,1,3,0,0,1,0,false,,true,false,false,false,false,,,,,,true,false,false,,,false,false,false,false,false,-83.2319,42.42184,"{
  ""coordinates"": [
    -8.323190584199990e+01,
    4.242184295800010e+01
  ],
  ""type"": ""Point""
}","{
  ""coordinates"": [
    -83.231905842,
    42.421842958
  ],
  ""type"": ""Point""
}",-83.2319058419999,42.4218429580001
14446,1048835,EDMORE,HAYES,2017-06-04,4,6,2017,1,1,2,9,,,0,,1,2,4,25,3,2,3,5,0,0,0,0,true,,false,false,true,false,false,,,,,,false,false,true,,,false,false,false,false,false,-82.96597,42.44721,"{
  ""coordinates"": [
    -8.296597306000000e+01,
    4.244720797900000e+01
  ],
  ""type"": ""Point""
}","{
  ""coordinates"": [
    -82.96597306,
    42.447207979
  ],
  ""type"": ""Point""
}",-82.96597306,42.447207979
14447,1103186,MCNICHOLS,WARD,2017-06-04,4,6,2017,13,1,8,3,,4,0,,1,1,1,35,2,2,3,4,0,0,0,1,false,,false,false,false,false,false,,,,,,false,true,false,,,false,false,false,false,false,-83.10535,42.41776,"{
  ""coordinates"": [
    -8.310534754600000e+01,
    4.241775530800000e+01
  ],
  ""type"": ""Point""
}","{
  ""coordinates"": [
    -83.105347546,
    42.417755308
  ],
  ""type"": ""Point""
}",-83.105347546,42.417755308
14448,1047782,3542 PENNSYLVANIA,MACK,2017-06-04,4,6,2017,12,1,5,9,,,0,,1,1,1,25,2,2,1,5,0,0,0,0,true,,false,false,true,false,false,,,,,,false,false,false,,,false,false,false,false,false,-82.99182,42.37298,"{
  ""coordinates"": [
    -8.299182441100000e+01,
    4.237297919600010e+01
  ],
  ""type"": ""Point""
}","{
  ""coordinates"": [
    -82.991824411,
    42.372979196
  ],
  ""type"": ""Point""
}",-82.991824411,42.3729791960001
14449,1047784,LAHSER,KEELER,2017-06-04,4,6,2017,15,1,4,9,,2,0,,1,1,1,0,2,2,3,4,0,0,0,1,false,,false,false,false,false,false,,,,,,false,false,true,,,false,false,false,false,false,-83.2569,42.40223,"{
  ""coordinates"": [
    -8.325690561300000e+01,
    4.240223037800010e+01
  ],
  ""type"": ""Point""
}","{
  ""coordinates"": [
    -83.256905613,
    42.402230378
  ],
  ""type"": ""Point""
}",-83.256905613,42.4022303780001
14450,1047781,GRATIOT,CHENE35,2017-06-04,4,6,2017,10,1,8,3,,1,0,,1,1,1,35,7,2,2,5,0,0,0,0,true,,false,false,false,false,false,,,,,,false,false,true,,,false,false,false,false,false,-83.032,42.35257,"{
  ""coordinates"": [
    -8.303199931800000e+01,
    4.235256419600010e+01
  ],
  ""type"": ""Point""
}","{
  ""coordinates"": [
    -83.031999318,
    42.352564196
  ],
  ""type"": ""Point""
}",-83.031999318,42.3525641960001
14451,1047780,RUTHERFORD,ELLIS,2017-06-04,4,6,2017,12,1,4,9,,,0,,1,1,1,35,2,2,2,4,0,0,0,1,false,,true,false,true,false,false,,,,,,false,false,false,,,false,false,false,false,false,-83.20247,42.36046,"{
  ""coordinates"": [
    -8.320246946400000e+01,
    4.236046100700000e+01
  ],
  ""type"": ""Point""
}","{
  ""coordinates"": [
    -83.202469464,
    42.360461007
  ],
  ""type"": ""Point""
}",-83.202469464,42.360461007
14452,1047731,RAMP 213D,WARREN,2017-06-04,4,6,2017,2,1,1,1,,1,1,,2,4,4,55,2,1,1,4,0,0,0,1,false,,false,false,false,true,false,,,,,,false,false,false,,,false,false,false,false,false,-83.09742,42.34701,"{
  ""coordinates"": [
    -8.309742116200000e+01,
    4.234701264100000e+01
  ],
  ""type"": ""Point""
}","{
  ""coordinates"": [
    -83.097421162,
    42.347012641
  ],
  ""type"": ""Point""
}",-83.097421162,42.347012641
14453,1048807,N M 10,MEYERS,2017-06-04,4,6,2017,18,1,8,3,,1,0,,1,1,1,55,3,2,6,5,0,0,0,0,true,,false,false,false,false,false,,,,,,false,false,false,,,false,false,false,false,false,-83.16988,42.4143,"{
  ""coordinates"": [
    -8.316987943700001e+01,
    4.241429612600010e+01
  ],
  ""type"": ""Point""
}","{
  ""coordinates"": [
    -83.169879437,
    42.414296126
  ],
  ""type"": ""Point""
}",-83.169879437,42.4142961260001
14454,1047771,CHANDLER,CANYON,2017-06-04,4,6,2017,11,1,4,9,,2,0,,1,1,1,35,2,2,2,5,0,0,0,0,true,,false,false,false,false,false,,,,,,false,false,false,,,false,false,false,false,false,-82.91855,42.41623,"{
  ""coordinates"": [
    -8.291855135199999e+01,
    4.241623265400010e+01
  ],
  ""type"": ""Point""
}","{
  ""coordinates"": [
    -82.918551352,
    42.416232654
  ],
  ""type"": ""Point""
}",-82.918551352,42.4162326540001
14455,1052829,M-10,PALLISTER,2017-06-04,4,6,2017,12,1,1,3,,1,1,,1,2,1,55,3,1,1,5,0,0,0,0,true,,false,false,false,false,false,,,,,,false,false,false,,,false,false,false,false,false,-83.08489,42.37154,"{
  ""coordinates"": [
    -8.308489450000000e+01,
    4.237154231600000e+01
  ],
  ""type"": ""Point""
}","{
  ""coordinates"": [
    -83.0848945,
    42.371542316
  ],
  ""type"": ""Point""
}",-83.0848945,42.371542316
14456,1047778,TRINITY,SANTA CLARA,2017-06-04,4,6,2017,8,1,8,9,,,0,,1,1,5,25,2,2,0,5,0,0,0,0,true,,false,false,true,false,false,,,,,,false,false,false,,,false,false,false,false,false,-83.24921,42.41922,"{
  ""coordinates"": [
    -8.324921290600000e+01,
    4.241922075000010e+01
  ],
  ""type"": ""Point""
}","{
  ""coordinates"": [
    -83.249212906,
    42.41922075
  ],
  ""type"": ""Point""
}",-83.249212906,42.4192207500001
14457,1084309,JEFFERSON,ST CLAIR,2017-06-04,4,6,2017,3,1,4,9,,4,0,,1,1,4,35,7,2,3,4,0,0,0,2,false,,false,false,false,false,false,,,,,,false,false,false,,,false,false,false,false,false,-82.97801,42.36348,"{
  ""coordinates"": [
    -8.297800841500001e+01,
    4.236347957600000e+01
  ],
  ""type"": ""Point""
}","{
  ""coordinates"": [
    -82.978008415,
    42.363479576
  ],
  ""type"": ""Point""
}",-82.978008415,42.363479576
14458,1051617,SUNSET,EMERY,2017-06-04,4,6,2017,18,1,98,9,,,1,,1,1,1,25,3,1,0,5,0,0,0,0,true,,false,false,true,false,false,,,,,,false,false,false,,,false,false,false,false,false,-83.06108,42.43578,"{
  ""coordinates"": [
    -8.306107810000000e+01,
    4.243578047500010e+01
  ],
  ""type"": ""Point""
}","{
  ""coordinates"": [
    -83.0610781,
    42.435780475
  ],
  ""type"": ""Point""
}",-83.0610781,42.4357804750001
14459,1049646,S M 10,HOWARD,2017-06-04,4,6,2017,14,1,5,3,,1,0,,1,2,1,55,3,2,2,5,0,0,0,0,true,,false,false,true,false,false,,,,,,false,false,false,,,false,false,false,false,false,-83.05775,42.3284,"{
  ""coordinates"": [
    -8.305774819700000e+01,
    4.232840519100010e+01
  ],
  ""type"": ""Point""
}","{
  ""coordinates"": [
    -83.057748197,
    42.328405191
  ],
  ""type"": ""Point""
}",-83.057748197,42.3284051910001
14460,1122654,14TH,BLAINE,2017-06-03,3,6,2017,20,7,97,9,,4,0,,1,1,2,30,4,2,2,4,0,0,0,1,false,,false,false,false,false,false,,,,,,false,false,false,,,false,false,false,false,false,-83.10075,42.37185,"{
  ""coordinates"": [
    -8.310075577899990e+01,
    4.237185195000010e+01
  ],
  ""type"": ""Point""
}","{
  ""coordinates"": [
    -83.100755779,
    42.37185195
  ],
  ""type"": ""Point""
}",-83.1007557789999,42.3718519500001
14461,1059500,JEFFERSON,MOUNT ELLIOTT,2017-06-03,3,6,2017,22,7,5,9,,4,0,,1,1,4,35,4,2,3,5,0,0,0,0,true,,false,false,false,false,false,,,,,,false,false,false,,,false,false,false,false,false,-83.01101,42.34325,"{
  ""coordinates"": [
    -8.301100783500000e+01,
    4.234325324300000e+01
  ],
  ""type"": ""Point""
}","{
  ""coordinates"": [
    -83.011007835,
    42.343253243
  ],
  ""type"": ""Point""
}",-83.011007835,42.343253243
14462,1048850,3RD,MERTON,2017-06-03,3,6,2017,10,7,5,9,,4,3,,1,1,1,15,2,2,0,5,0,0,0,0,true,,false,false,false,false,false,,,,,,false,false,false,,,false,false,false,false,false,-83.11331,42.41868,"{
  ""coordinates"": [
    -8.311331143300001e+01,
    4.241867692700000e+01
  ],
  ""type"": ""Point""
}","{
  ""coordinates"": [
    -83.113311433,
    42.418676927
  ],
  ""type"": ""Point""
}",-83.113311433,42.418676927
14463,1047772,SOUTHAMPTON,WOODHALL,2017-06-03,3,6,2017,3,7,4,9,,,0,,1,1,5,25,2,2,1,4,0,0,0,1,false,,false,false,true,false,false,,,,,,false,false,false,,,false,false,false,false,false,-82.92826,42.41076,"{
  ""coordinates"": [
    -8.292825886000000e+01,
    4.241075947900000e+01
  ],
  ""type"": ""Point""
}","{
  ""coordinates"": [
    -82.92825886,
    42.410759479
  ],
  ""type"": ""Point""
}",-82.92825886,42.410759479
14464,1046601,VANDYKE,MACK,2017-06-03,3,6,2017,7,7,1,9,,4,0,,1,1,1,30,2,1,1,3,0,0,1,0,false,,false,false,false,false,false,,,,,,false,false,false,,,false,false,true,false,false,-83.0061,42.36699,"{
  ""coordinates"": [
    -8.300610133899990e+01,
    4.236698489000000e+01
  ],
  ""type"": ""Point""
}","{
  ""coordinates"": [
    -83.006101339,
    42.36698489
  ],
  ""type"": ""Point""
}",-83.0061013389999,42.36698489
14465,1047797,JOHN C LODGE,GRAND,2017-06-03,3,6,2017,16,7,8,3,,1,0,,1,1,1,55,3,2,1,5,0,0,0,0,true,,false,false,true,false,false,,,,,,false,false,false,,,false,false,false,false,false,-83.0827,42.36818,"{
  ""coordinates"": [
    -8.308269173300000e+01,
    4.236818309800000e+01
  ],
  ""type"": ""Point""
}","{
  ""coordinates"": [
    -83.082691733,
    42.368183098
  ],
  ""type"": ""Point""
}",-83.082691733,42.368183098
14466,1057169,I-75,CANIFF,2017-06-03,3,6,2017,15,7,8,1,,1,0,,1,1,1,55,3,2,1,5,0,0,0,0,true,,false,false,true,false,false,,,,,,false,false,false,,,false,false,false,false,false,-83.07927,42.40834,"{
  ""coordinates"": [
    -8.307926955600000e+01,
    4.240834581200010e+01
  ],
  ""type"": ""Point""
}","{
  ""coordinates"": [
    -83.079269556,
    42.408345812
  ],
  ""type"": ""Point""
}",-83.079269556,42.4083458120001
14467,1046627,GRATIOT,PETER HUNT,2017-06-03,3,6,2017,14,7,8,3,,1,0,,1,1,1,45,7,2,2,4,0,0,0,1,false,,false,false,false,false,false,,,,,,false,false,false,,,false,false,false,false,false,-83.00449,42.39426,"{
  ""coordinates"": [
    -8.300448734699999e+01,
    4.239425721400000e+01
  ],
  ""type"": ""Point""
}","{
  ""coordinates"": [
    -83.004487347,
    42.394257214
  ],
  ""type"": ""Point""
}",-83.004487347,42.394257214
14468,1052907,8 MILE,SORRENTO,2017-06-03,3,6,2017,23,7,97,3,,1,0,,1,1,3,50,6,2,2,5,0,0,0,0,true,,false,false,false,false,false,,,,,,false,false,false,,,false,false,false,false,false,-83.17506,42.44532,"{
  ""coordinates"": [
    -8.317505929600000e+01,
    4.244532319700010e+01
  ],
  ""type"": ""Point""
}","{
  ""coordinates"": [
    -83.175059296,
    42.445323197
  ],
  ""type"": ""Point""
}",-83.175059296,42.4453231970001
14469,1047807,WARREN,ANTHONY WAYNE,2017-06-03,3,6,2017,19,7,5,9,,4,0,,1,1,1,30,6,2,4,5,0,0,0,0,true,,false,false,false,false,false,,,,,,false,false,false,,,false,false,false,false,false,-83.07134,42.35442,"{
  ""coordinates"": [
    -8.307134226900000e+01,
    4.235441783300010e+01
  ],
  ""type"": ""Point""
}","{
  ""coordinates"": [
    -83.071342269,
    42.354417833
  ],
  ""type"": ""Point""
}",-83.071342269,42.3544178330001
14470,1046611,MCNICHOLS,PIERSON,2017-06-03,3,6,2017,10,7,4,9,,2,0,,1,1,1,0,4,2,4,5,0,0,0,0,true,,false,false,true,false,false,,,,,,false,false,false,,,false,false,false,false,false,-83.24686,42.41494,"{
  ""coordinates"": [
    -8.324686470700000e+01,
    4.241494220700010e+01
  ],
  ""type"": ""Point""
}","{
  ""coordinates"": [
    -83.246864707,
    42.414942207
  ],
  ""type"": ""Point""
}",-83.246864707,42.4149422070001
14471,1080429,S I 75,RAMP 043C,2017-06-03,3,6,2017,10,7,97,1,,1,0,,1,2,1,0,5,5,15,1,2,0,3,7,false,,false,false,false,false,false,,,,,,false,true,true,,,false,false,false,false,false,-83.04904,42.35255,"{
  ""coordinates"": [
    -8.304903889900000e+01,
    4.235254685000010e+01
  ],
  ""type"": ""Point""
}","{
  ""coordinates"": [
    -83.049038899,
    42.35254685
  ],
  ""type"": ""Point""
}",-83.049038899,42.3525468500001
14472,1046560,BEAUBIEN,MACK,2017-06-03,3,6,2017,7,7,1,9,,,0,,1,1,1,0,3,2,2,4,0,0,0,1,false,,false,false,true,false,false,,,,,,false,false,false,,,false,false,false,true,false,-83.05232,42.34958,"{
  ""coordinates"": [
    -8.305231889800000e+01,
    4.234958432500010e+01
  ],
  ""type"": ""Point""
}","{
  ""coordinates"": [
    -83.052318898,
    42.349584325
  ],
  ""type"": ""Point""
}",-83.052318898,42.3495843250001
14473,1047732,E I 94,N HARPER/S I 94,2017-06-03,3,6,2017,5,7,8,1,,1,0,,1,1,4,55,3,2,2,5,0,0,0,0,true,,false,false,false,false,false,,,,,,false,false,false,,,false,false,false,false,false,-82.92892,42.42416,"{
  ""coordinates"": [
    -8.292891849700000e+01,
    4.242416516200010e+01
  ],
  ""type"": ""Point""
}","{
  ""coordinates"": [
    -82.928918497,
    42.424165162
  ],
  ""type"": ""Point""
}",-82.928918497,42.4241651620001
14474,1049668,WYOMING,E I 96 SERVICE DRIVE,2017-06-03,3,6,2017,14,7,5,9,,4,0,,1,1,1,30,4,2,2,4,0,0,0,1,false,,false,false,false,false,false,,,,,,false,false,false,,,false,false,false,false,false,-83.15896,42.38476,"{
  ""coordinates"": [
    -8.315895582199990e+01,
    4.238476350500010e+01
  ],
  ""type"": ""Point""
}","{
  ""coordinates"": [
    -83.158955822,
    42.384763505
  ],
  ""type"": ""Point""
}",-83.1589558219999,42.3847635050001
14475,1047765,S I 75 SERVICE DRIVE,MULLANE,2017-06-03,3,6,2017,20,7,6,9,,4,0,,1,1,3,30,2,2,4,4,0,0,0,3,false,,false,false,false,false,false,,,,,,false,false,false,,,false,false,false,false,false,-83.12254,42.30005,"{
  ""coordinates"": [
    -8.312253906399999e+01,
    4.230005171100000e+01
  ],
  ""type"": ""Point""
}","{
  ""coordinates"": [
    -83.122539064,
    42.300051711
  ],
  ""type"": ""Point""
}",-83.122539064,42.300051711
14476,1052832,RAMP 216A,RAMP 216C,2017-06-03,3,6,2017,15,7,8,1,,1,0,,1,1,1,55,2,2,2,5,0,0,0,0,true,,false,false,false,false,false,,,,,,false,false,true,,,false,false,false,false,false,-83.05846,42.36572,"{
  ""coordinates"": [
    -8.305846565199990e+01,
    4.236571318600010e+01
  ],
  ""type"": ""Point""
}","{
  ""coordinates"": [
    -83.058465652,
    42.365713186
  ],
  ""type"": ""Point""
}",-83.0584656519999,42.3657131860001
14477,1106999,LIVERNOIS,OTIS,2017-06-03,3,6,2017,22,7,5,9,,4,0,,1,1,4,30,7,2,2,5,0,0,0,0,true,,false,false,true,false,false,,,,,,false,false,true,,,false,false,false,false,false,-83.1167,42.32611,"{
  ""coordinates"": [
    -8.311669767399999e+01,
    4.232611374600000e+01
  ],
  ""type"": ""Point""
}","{
  ""coordinates"": [
    -83.116697674,
    42.326113746
  ],
  ""type"": ""Point""
}",-83.116697674,42.326113746
14478,1047785,TELEGRAPH,8 MILE,2017-06-03,3,6,2017,21,7,5,2,,1,0,,1,1,4,15,5,2,2,5,0,0,0,0,true,,false,false,false,false,false,,,,,,false,false,true,,,false,false,false,false,false,-83.2783,42.44275,"{
  ""coordinates"": [
    -8.327829730099999e+01,
    4.244274603400000e+01
  ],
  ""type"": ""Point""
}","{
  ""coordinates"": [
    -83.278297301,
    42.442746034
  ],
  ""type"": ""Point""
}",-83.278297301,42.442746034
14479,1046546,BRUSH,LAFAYETTE,2017-06-03,3,6,2017,16,7,8,9,,4,0,,1,1,1,0,2,2,3,2,0,1,0,0,false,,false,false,false,false,false,,,,,,false,false,false,,,false,false,false,false,false,-83.04319,42.33365,"{
  ""coordinates"": [
    -8.304318943200001e+01,
    4.233365215000000e+01
  ],
  ""type"": ""Point""
}","{
  ""coordinates"": [
    -83.043189432,
    42.33365215
  ],
  ""type"": ""Point""
}",-83.043189432,42.33365215
14480,1047769,CADIEUX,HARPER,2017-06-03,3,6,2017,14,7,4,9,,4,0,,1,1,1,35,5,2,1,5,0,0,0,0,true,,false,false,true,false,false,,,,,,false,false,false,,,false,false,false,false,false,-82.93646,42.41619,"{
  ""coordinates"": [
    -8.293646551499999e+01,
    4.241619610700010e+01
  ],
  ""type"": ""Point""
}","{
  ""coordinates"": [
    -82.936465515,
    42.416196107
  ],
  ""type"": ""Point""
}",-82.936465515,42.4161961070001
14481,1049665,GRATIOT,FRENCH,2017-06-03,3,6,2017,15,7,97,3,,1,0,,1,1,1,35,7,2,1,5,0,0,0,0,true,,false,false,true,false,false,,,,,,false,false,false,,,false,false,false,false,false,-83.0005,42.40032,"{
  ""coordinates"": [
    -8.300049823900000e+01,
    4.240032243400000e+01
  ],
  ""type"": ""Point""
}","{
  ""coordinates"": [
    -83.000498239,
    42.400322434
  ],
  ""type"": ""Point""
}",-83.000498239,42.400322434