ObjectId,Crash ID,Primary Road,Intersecting Road,Crash Date,Day,Month,Year,Hour,Weekday,Crash Type Code,Highway Classification Code,Community Code,Jurisdiction Code,Lane Departure Type Code,Surface Type,Road Condition,Weather Condition,Lighting Condition,Speed Limit,Lanes,Units,Occupants,Most Severe Injury,Fatal Injuries,Suspected Serious Injuries,Suspected Minor Injuries,Possible Injuries,Property Damage Only,Secondary Crash,Traffic Control,Red Light Run,Hit and Run,Alcohol,Drugs,Unbelted Person,Work Zone,Speeding Driver,Distracted Driver,Driveway,Pedestrian,Elderly Driver,Young Driver,Commercial Vehicle,Emergency Vehicles,Train,School Bus,Motorcycle,Bicycle,Deer,Longitude,Latitude,geom,geog,x,y
14482,1046593,PURITAN,SCHAEFER,2017-06-03,3,6,2017,10,7,8,9,,4,0,,1,1,1,35,4,2,1,5,0,0,0,0,true,,false,false,true,false,false,,,,,,false,false,false,,,false,false,false,false,false,-83.17946,42.40937,"{
  ""coordinates"": [
    -8.317946187299999e+01,
    4.240936735400000e+01
  ],
  ""type"": ""Point""
}","{
  ""coordinates"": [
    -83.179461873,
    42.409367354
  ],
  ""type"": ""Point""
}",-83.179461873,42.409367354
14483,1059524,7 MILE,WARWICK,2017-06-03,3,6,2017,22,7,5,9,,2,0,,1,1,3,45,2,2,2,5,0,0,0,0,true,,false,false,false,false,false,,,,,,false,false,false,,,false,false,false,false,false,-83.22974,42.42983,"{
  ""coordinates"": [
    -8.322974294600000e+01,
    4.242983005000010e+01
  ],
  ""type"": ""Point""
}","{
  ""coordinates"": [
    -83.229742946,
    42.42983005
  ],
  ""type"": ""Point""
}",-83.229742946,42.4298300500001
14484,1046590,EVERGREEN,I96,2017-06-03,3,6,2017,1,7,8,9,,4,0,,1,1,4,35,4,2,1,5,0,0,0,0,true,,false,false,true,false,false,,,,,,false,false,false,,,false,false,false,false,false,-83.2392,42.38198,"{
  ""coordinates"": [
    -8.323920635300000e+01,
    4.238197645300000e+01
  ],
  ""type"": ""Point""
}","{
  ""coordinates"": [
    -83.239206353,
    42.381976453
  ],
  ""type"": ""Point""
}",-83.239206353,42.381976453
14485,1046642,OUTER,LIVERNOIS,2017-06-03,3,6,2017,11,7,8,9,,2,0,,1,1,1,30,3,2,2,5,0,0,0,0,true,,false,false,false,false,false,,,,,,false,false,true,,,false,false,false,false,false,-83.14169,42.43515,"{
  ""coordinates"": [
    -8.314168178800000e+01,
    4.243514671000000e+01
  ],
  ""type"": ""Point""
}","{
  ""coordinates"": [
    -83.141681788,
    42.43514671
  ],
  ""type"": ""Point""
}",-83.141681788,42.43514671
14486,1048836,OUTER,DICKERSON,2017-06-03,3,6,2017,23,7,8,9,,2,0,,1,1,4,30,6,3,4,5,0,0,0,0,true,,false,false,false,false,false,,,,,,false,false,true,,,false,false,false,false,false,-82.9791,42.41225,"{
  ""coordinates"": [
    -8.297910239600000e+01,
    4.241225049900000e+01
  ],
  ""type"": ""Point""
}","{
  ""coordinates"": [
    -82.979102396,
    42.412250499
  ],
  ""type"": ""Point""
}",-82.979102396,42.412250499
14487,1047750,RAMP 008P,E I 96 CD,2017-06-03,3,6,2017,18,7,5,1,,1,0,,1,1,1,55,1,2,2,5,0,0,0,0,true,,false,false,false,false,false,,,,,,false,true,true,,,false,false,false,false,false,-83.21713,42.37697,"{
  ""coordinates"": [
    -8.321713079999989e+01,
    4.237696903900010e+01
  ],
  ""type"": ""Point""
}","{
  ""coordinates"": [
    -83.2171308,
    42.376969039
  ],
  ""type"": ""Point""
}",-83.2171307999999,42.3769690390001
14488,1046644,8MILE,STEEL,2017-06-03,3,6,2017,1,7,8,3,,1,0,,1,1,1,0,2,2,2,5,0,0,0,0,true,,false,false,false,false,false,,,,,,false,true,false,,,false,false,false,false,false,-83.17336,42.44536,"{
  ""coordinates"": [
    -8.317336431699989e+01,
    4.244535805400010e+01
  ],
  ""type"": ""Point""
}","{
  ""coordinates"": [
    -83.173364317,
    42.445358054
  ],
  ""type"": ""Point""
}",-83.1733643169999,42.4453580540001
14489,1046559,LYNDON,GRIGGS,2017-06-03,3,6,2017,14,7,8,9,,4,0,,1,1,1,30,2,2,3,4,0,0,0,1,false,,false,false,false,false,false,,,,,,false,true,true,,,false,false,false,false,false,-83.16235,42.39519,"{
  ""coordinates"": [
    -8.316235234200001e+01,
    4.239518564000010e+01
  ],
  ""type"": ""Point""
}","{
  ""coordinates"": [
    -83.162352342,
    42.39518564
  ],
  ""type"": ""Point""
}",-83.162352342,42.3951856400001
14490,1048841,EWALD,DAVISON,2017-06-03,3,6,2017,4,7,8,3,,4,0,,1,1,4,0,2,2,1,5,0,0,0,0,true,,false,false,true,false,false,,,,,,false,false,false,,,false,false,false,false,false,-83.14527,42.3862,"{
  ""coordinates"": [
    -8.314527407000000e+01,
    4.238620497500010e+01
  ],
  ""type"": ""Point""
}","{
  ""coordinates"": [
    -83.14527407,
    42.386204975
  ],
  ""type"": ""Point""
}",-83.14527407,42.3862049750001
14491,1050685,FORT,LAWNDALE,2017-06-03,3,6,2017,15,7,8,3,,1,0,,1,1,1,30,2,2,4,2,0,2,1,1,false,,false,false,false,false,false,,,,,,false,false,false,,,false,false,false,false,false,-83.12513,42.2979,"{
  ""coordinates"": [
    -8.312513290200000e+01,
    4.229789876900000e+01
  ],
  ""type"": ""Point""
}","{
  ""coordinates"": [
    -83.125132902,
    42.297898769
  ],
  ""type"": ""Point""
}",-83.125132902,42.297898769
14492,1046602,VANDYKE,FORREST,2017-06-03,3,6,2017,9,7,4,9,,4,0,,1,1,1,35,4,2,4,4,0,0,0,1,false,,false,false,true,false,false,,,,,,false,true,false,,,false,false,false,false,false,-83.0111,42.37389,"{
  ""coordinates"": [
    -8.301110074300000e+01,
    4.237389066900000e+01
  ],
  ""type"": ""Point""
}","{
  ""coordinates"": [
    -83.011100743,
    42.373890669
  ],
  ""type"": ""Point""
}",-83.011100743,42.373890669
14493,1061486,HERITAGE,BLAINE,2017-06-03,3,6,2017,18,7,98,9,,,0,,1,1,5,25,2,2,0,5,0,0,0,0,true,,false,false,true,false,false,,,,,,false,false,false,,,false,false,false,false,false,-83.12088,42.36475,"{
  ""coordinates"": [
    -8.312088030900000e+01,
    4.236475505400010e+01
  ],
  ""type"": ""Point""
}","{
  ""coordinates"": [
    -83.120880309,
    42.364755054
  ],
  ""type"": ""Point""
}",-83.120880309,42.3647550540001
14494,1052831,I-75,7 MILE,2017-06-03,3,6,2017,10,7,8,1,,1,0,,1,1,1,70,4,2,2,5,0,0,0,0,true,,false,false,false,false,false,,,,,,false,false,false,,,false,false,false,false,false,-83.09422,42.42888,"{
  ""coordinates"": [
    -8.309422102500000e+01,
    4.242887872800000e+01
  ],
  ""type"": ""Point""
}","{
  ""coordinates"": [
    -83.094221025,
    42.428878728
  ],
  ""type"": ""Point""
}",-83.094221025,42.428878728
14495,1046555,STRATHMOOR,LYNDON,2017-06-03,3,6,2017,12,7,5,9,,,0,,1,1,1,25,2,2,2,5,0,0,0,0,true,,false,false,true,false,false,,,,,,false,false,true,,,false,false,false,false,false,-83.18746,42.39444,"{
  ""coordinates"": [
    -8.318745852799999e+01,
    4.239444473100010e+01
  ],
  ""type"": ""Point""
}","{
  ""coordinates"": [
    -83.187458528,
    42.394444731
  ],
  ""type"": ""Point""
}",-83.187458528,42.3944447310001
14496,1046597,BURT,DOVER,2017-06-03,3,6,2017,17,7,9,9,,,2,,1,1,1,0,2,2,4,5,0,0,0,0,true,,false,false,false,false,false,,,,,,false,false,false,,,false,false,false,false,false,-83.24566,42.35935,"{
  ""coordinates"": [
    -8.324566058800001e+01,
    4.235935334600000e+01
  ],
  ""type"": ""Point""
}","{
  ""coordinates"": [
    -83.245660588,
    42.359353346
  ],
  ""type"": ""Point""
}",-83.245660588,42.359353346
14497,1046621,EVANSTON,DICKERSON,2017-06-03,3,6,2017,3,7,8,9,,,0,,1,1,4,25,3,2,0,5,0,0,0,0,true,,false,false,true,false,false,,,,,,false,false,false,,,false,false,false,false,false,-82.97401,42.40276,"{
  ""coordinates"": [
    -8.297400552700000e+01,
    4.240276135200000e+01
  ],
  ""type"": ""Point""
}","{
  ""coordinates"": [
    -82.974005527,
    42.402761352
  ],
  ""type"": ""Point""
}",-82.974005527,42.402761352
14498,1046595,OUTER,BURT,2017-06-03,3,6,2017,11,7,98,9,,2,0,,1,1,1,0,2,2,0,5,0,0,0,0,true,,false,false,true,false,false,,,,,,false,false,false,,,false,false,false,false,false,-83.24676,42.39774,"{
  ""coordinates"": [
    -8.324675727600000e+01,
    4.239774505500000e+01
  ],
  ""type"": ""Point""
}","{
  ""coordinates"": [
    -83.246757276,
    42.397745055
  ],
  ""type"": ""Point""
}",-83.246757276,42.397745055
14499,1046547,LAFAYETTE,SECOND,2017-06-03,3,6,2017,20,7,5,9,,4,0,,1,1,2,25,2,2,2,5,0,0,0,0,true,,false,false,true,false,false,,,,,,false,false,false,,,false,false,false,false,false,-83.05322,42.32938,"{
  ""coordinates"": [
    -8.305322199299999e+01,
    4.232938462400010e+01
  ],
  ""type"": ""Point""
}","{
  ""coordinates"": [
    -83.053221993,
    42.329384624
  ],
  ""type"": ""Point""
}",-83.053221993,42.3293846240001
14500,1052882,VERNOR,CHALMERS,2017-06-03,3,6,2017,12,7,4,9,,4,0,,1,1,1,25,2,2,1,5,0,0,0,0,true,,false,false,true,false,false,,,,,,false,false,false,,,false,false,false,false,false,-82.9488,42.38065,"{
  ""coordinates"": [
    -8.294879877999990e+01,
    4.238064602000000e+01
  ],
  ""type"": ""Point""
}","{
  ""coordinates"": [
    -82.94879878,
    42.38064602
  ],
  ""type"": ""Point""
}",-82.9487987799999,42.38064602
14501,1052929,KILBOURNE,DICKERSON,2017-06-03,3,6,2017,18,7,4,9,,,0,,1,1,1,25,2,2,2,4,0,0,0,1,false,,false,false,false,false,false,,,,,,false,false,true,,,false,false,false,false,false,-82.98045,42.41389,"{
  ""coordinates"": [
    -8.298044474600000e+01,
    4.241389060700000e+01
  ],
  ""type"": ""Point""
}","{
  ""coordinates"": [
    -82.980444746,
    42.413890607
  ],
  ""type"": ""Point""
}",-82.980444746,42.413890607
14502,1098414,7 MILE,I75-N,2017-06-03,3,6,2017,19,7,4,9,,4,0,,1,1,1,35,4,2,2,5,0,0,0,0,true,,false,false,false,false,false,,,,,,false,true,false,,,false,false,false,false,false,-83.09465,42.43249,"{
  ""coordinates"": [
    -8.309464929500000e+01,
    4.243249034000010e+01
  ],
  ""type"": ""Point""
}","{
  ""coordinates"": [
    -83.094649295,
    42.43249034
  ],
  ""type"": ""Point""
}",-83.094649295,42.4324903400001
14503,1046628,EMERY,CARRIE,2017-06-03,3,6,2017,18,7,4,9,,,0,,1,1,1,25,2,2,2,4,0,0,0,1,false,,true,false,false,false,false,,,,,,false,false,false,,,false,false,false,false,false,-83.03081,42.43588,"{
  ""coordinates"": [
    -8.303080876699990e+01,
    4.243587928100000e+01
  ],
  ""type"": ""Point""
}","{
  ""coordinates"": [
    -83.030808767,
    42.435879281
  ],
  ""type"": ""Point""
}",-83.0308087669999,42.435879281
14504,1052922,CHALMERS,E I 94,2017-06-03,3,6,2017,13,7,1,1,,4,0,,1,1,1,30,4,1,1,5,0,0,0,0,true,,false,false,false,false,false,,,,,,false,false,false,,,false,false,false,false,false,-82.96424,42.40375,"{
  ""coordinates"": [
    -8.296424030700000e+01,
    4.240375028200000e+01
  ],
  ""type"": ""Point""
}","{
  ""coordinates"": [
    -82.964240307,
    42.403750282
  ],
  ""type"": ""Point""
}",-82.964240307,42.403750282
14505,1047749,W I 96,SCHAEFER,2017-06-03,3,6,2017,16,7,8,1,,1,0,,1,2,1,55,3,2,4,5,0,0,0,0,true,,false,false,false,false,false,,,,,,false,false,true,,,false,false,false,false,false,-83.17911,42.38316,"{
  ""coordinates"": [
    -8.317910834100000e+01,
    4.238316013800010e+01
  ],
  ""type"": ""Point""
}","{
  ""coordinates"": [
    -83.179108341,
    42.383160138
  ],
  ""type"": ""Point""
}",-83.179108341,42.3831601380001
14506,1046610,BENTLER,CAMBRIDGE,2017-06-03,3,6,2017,19,7,8,9,,,0,,1,1,1,25,2,2,1,5,0,0,0,0,true,,false,false,true,false,false,,,,,,false,false,false,,,false,false,false,false,false,-83.25352,42.43076,"{
  ""coordinates"": [
    -8.325351469100001e+01,
    4.243076101000000e+01
  ],
  ""type"": ""Point""
}","{
  ""coordinates"": [
    -83.253514691,
    42.43076101
  ],
  ""type"": ""Point""
}",-83.253514691,42.43076101
14507,1046563,GRAND,JOHN C LODGE SERVICE,2017-06-03,3,6,2017,2,7,4,9,,,0,,1,1,4,30,3,2,3,3,0,0,1,0,false,,true,true,false,false,false,,,,,,false,false,false,,,false,false,false,false,false,-83.1104,42.39936,"{
  ""coordinates"": [
    -8.311039610200000e+01,
    4.239935901700010e+01
  ],
  ""type"": ""Point""
}","{
  ""coordinates"": [
    -83.110396102,
    42.399359017
  ],
  ""type"": ""Point""
}",-83.110396102,42.3993590170001
14508,1211126,EVERGREEN,ELMIRA,2017-06-03,3,6,2017,10,7,2,9,,4,2,,1,1,1,35,4,2,2,2,0,1,1,0,false,,false,false,false,false,false,,,,,,false,false,false,,,false,false,false,false,false,-83.2361,42.36678,"{
  ""coordinates"": [
    -8.323609744100000e+01,
    4.236678450700000e+01
  ],
  ""type"": ""Point""
}","{
  ""coordinates"": [
    -83.236097441,
    42.366784507
  ],
  ""type"": ""Point""
}",-83.236097441,42.366784507
14509,1046557,WYOMING,JOHN C LODGE SERVICE,2017-06-03,3,6,2017,16,7,5,9,,4,0,,1,1,1,30,4,2,4,5,0,0,0,0,true,,false,false,false,false,false,,,,,,false,false,false,,,false,false,false,false,false,-83.15984,42.40578,"{
  ""coordinates"": [
    -8.315983871799990e+01,
    4.240578278100000e+01
  ],
  ""type"": ""Point""
}","{
  ""coordinates"": [
    -83.159838718,
    42.405782781
  ],
  ""type"": ""Point""
}",-83.1598387179999,42.405782781
14510,1046586,EVERGREEN,GROVE,2017-06-03,3,6,2017,23,7,4,9,,4,0,,1,1,3,30,2,2,2,4,0,0,0,1,false,,true,false,false,false,false,,,,,,false,false,true,,,false,false,false,false,false,-83.23811,42.41364,"{
  ""coordinates"": [
    -8.323810519599991e+01,
    4.241364114700010e+01
  ],
  ""type"": ""Point""
}","{
  ""coordinates"": [
    -83.238105196,
    42.413641147
  ],
  ""type"": ""Point""
}",-83.2381051959999,42.4136411470001
14511,1046626,7 MILE,CARDONI,2017-06-03,3,6,2017,18,7,8,9,,4,0,,1,1,1,35,4,2,2,5,0,0,0,0,true,,false,false,false,false,false,,,,,,false,false,false,,,false,false,false,false,false,-83.09159,42.4326,"{
  ""coordinates"": [
    -8.309159342200000e+01,
    4.243260172600000e+01
  ],
  ""type"": ""Point""
}","{
  ""coordinates"": [
    -83.091593422,
    42.432601726
  ],
  ""type"": ""Point""
}",-83.091593422,42.432601726
14512,1046613,GREENFIELD,GRANDRIVER,2017-06-03,3,6,2017,19,7,9,3,,2,0,,1,1,1,35,5,2,3,3,0,0,1,0,false,,false,false,true,false,false,,,,,,false,false,true,,,false,false,false,false,false,-83.19836,42.39246,"{
  ""coordinates"": [
    -8.319835587700000e+01,
    4.239246166300010e+01
  ],
  ""type"": ""Point""
}","{
  ""coordinates"": [
    -83.198355877,
    42.392461663
  ],
  ""type"": ""Point""
}",-83.198355877,42.3924616630001
14513,1046576,BOSTON,HAMILTON,2017-06-03,3,6,2017,13,7,98,9,,,0,,1,1,1,25,2,2,0,5,0,0,0,0,true,,false,false,true,false,false,,,,,,false,false,false,,,false,false,false,false,false,-83.09376,42.38422,"{
  ""coordinates"": [
    -8.309375702800000e+01,
    4.238421913700010e+01
  ],
  ""type"": ""Point""
}","{
  ""coordinates"": [
    -83.093757028,
    42.384219137
  ],
  ""type"": ""Point""
}",-83.093757028,42.3842191370001
14514,1046596,STRATHMOOR,ELMIRA,2017-06-03,3,6,2017,10,7,98,9,,,3,,1,1,1,0,2,2,0,5,0,0,0,0,true,,false,false,true,false,false,,,,,,false,false,false,,,false,false,false,false,false,-83.18645,42.37066,"{
  ""coordinates"": [
    -8.318645052600000e+01,
    4.237066185000000e+01
  ],
  ""type"": ""Point""
}","{
  ""coordinates"": [
    -83.186450526,
    42.37066185
  ],
  ""type"": ""Point""
}",-83.186450526,42.37066185
14515,1047783,BELLEVUE,CANFIELD,2017-06-03,3,6,2017,13,7,4,9,,,0,,1,1,1,0,3,2,1,5,0,0,0,0,true,,false,false,true,false,false,,,,,,false,false,true,,,false,false,false,false,false,-83.02098,42.36764,"{
  ""coordinates"": [
    -8.302097852900000e+01,
    4.236763869600000e+01
  ],
  ""type"": ""Point""
}","{
  ""coordinates"": [
    -83.020978529,
    42.367638696
  ],
  ""type"": ""Point""
}",-83.020978529,42.367638696
14516,1047768,CECIL,IRONSIDE,2017-06-03,3,6,2017,22,7,8,9,,4,0,,1,1,4,25,2,2,1,4,0,0,0,1,false,,false,false,false,false,false,,,,,,false,false,true,,,false,false,false,false,false,-83.13464,42.33473,"{
  ""coordinates"": [
    -8.313463549700000e+01,
    4.233472905700010e+01
  ],
  ""type"": ""Point""
}","{
  ""coordinates"": [
    -83.134635497,
    42.334729057
  ],
  ""type"": ""Point""
}",-83.134635497,42.3347290570001
14517,1046619,EDMORE,MARBUD,2017-06-03,3,6,2017,4,7,2,9,,,2,,1,1,4,25,1,2,0,5,0,0,0,0,true,,false,false,true,false,false,,,,,,false,false,false,,,false,false,false,false,false,-82.97376,42.44701,"{
  ""coordinates"": [
    -8.297375897700000e+01,
    4.244701569600010e+01
  ],
  ""type"": ""Point""
}","{
  ""coordinates"": [
    -82.973758977,
    42.447015696
  ],
  ""type"": ""Point""
}",-82.973758977,42.4470156960001
14518,1050710,SALEM,BENNETT,2017-06-03,3,6,2017,5,7,4,9,,,0,,1,1,2,0,2,2,1,4,0,0,0,1,false,,false,false,true,false,false,,,,,,false,false,false,,,false,false,false,false,false,-83.28536,42.41909,"{
  ""coordinates"": [
    -8.328536239499989e+01,
    4.241908880100000e+01
  ],
  ""type"": ""Point""
}","{
  ""coordinates"": [
    -83.285362395,
    42.419088801
  ],
  ""type"": ""Point""
}",-83.2853623949999,42.419088801
14519,1052821,I-94,CONNER,2017-06-02,2,6,2017,10,6,5,1,,1,0,,1,2,1,55,3,2,3,5,0,0,0,0,true,,false,false,false,false,false,,,,,,false,false,true,,,false,false,false,false,false,-82.98785,42.39658,"{
  ""coordinates"": [
    -8.298784376299990e+01,
    4.239658370300000e+01
  ],
  ""type"": ""Point""
}","{
  ""coordinates"": [
    -82.987843763,
    42.396583703
  ],
  ""type"": ""Point""
}",-82.9878437629999,42.396583703
14520,1046592,TELEGRAPH,GRAND RIVER,2017-06-02,2,6,2017,18,6,5,2,,1,0,,1,1,1,0,8,2,4,5,0,0,0,0,true,,false,false,false,false,false,,,,,,false,true,true,,,false,false,false,false,false,-83.27782,42.42461,"{
  ""coordinates"": [
    -8.327781750299989e+01,
    4.242461002100000e+01
  ],
  ""type"": ""Point""
}","{
  ""coordinates"": [
    -83.277817503,
    42.424610021
  ],
  ""type"": ""Point""
}",-83.2778175029999,42.424610021
14521,1052949,SOUTHFIELD SERVICE DRIVE,PLYMOUTH,2017-06-02,2,6,2017,15,6,5,9,,4,0,,1,1,1,45,4,2,1,5,0,0,0,0,true,,false,false,true,false,false,,,,,,false,true,false,,,false,false,false,false,false,-83.21626,42.37199,"{
  ""coordinates"": [
    -8.321626415500000e+01,
    4.237199230400010e+01
  ],
  ""type"": ""Point""
}","{
  ""coordinates"": [
    -83.216264155,
    42.371992304
  ],
  ""type"": ""Point""
}",-83.216264155,42.3719923040001
14522,1049661,I-94,CONNER,2017-06-02,2,6,2017,15,6,8,1,,1,0,,1,1,1,55,3,2,2,5,0,0,0,0,true,,false,false,false,false,false,,,,,,false,false,false,,,false,false,false,false,false,-82.98743,42.39688,"{
  ""coordinates"": [
    -8.298743770399990e+01,
    4.239688590900000e+01
  ],
  ""type"": ""Point""
}","{
  ""coordinates"": [
    -82.987437704,
    42.396885909
  ],
  ""type"": ""Point""
}",-82.9874377039999,42.396885909
14523,1052819,I-94,LIVERNOIS,2017-06-02,2,6,2017,14,6,5,1,,1,0,,1,1,1,55,3,2,2,4,0,0,0,1,false,,false,false,false,false,false,,,,,,false,false,false,,,false,false,false,false,false,-83.12461,42.33758,"{
  ""coordinates"": [
    -8.312460802200000e+01,
    4.233758001900000e+01
  ],
  ""type"": ""Point""
}","{
  ""coordinates"": [
    -83.124608022,
    42.337580019
  ],
  ""type"": ""Point""
}",-83.124608022,42.337580019
14524,1046641,JOHN R,MCNICHOLS,2017-06-02,2,6,2017,15,6,5,9,,4,0,,1,1,1,25,1,3,4,5,0,0,0,0,true,,false,false,false,false,false,,,,,,false,true,false,,,false,false,false,false,false,-83.10181,42.41791,"{
  ""coordinates"": [
    -8.310181002900001e+01,
    4.241790691500010e+01
  ],
  ""type"": ""Point""
}","{
  ""coordinates"": [
    -83.101810029,
    42.417906915
  ],
  ""type"": ""Point""
}",-83.101810029,42.4179069150001
14525,1052908,JOY,EVERGREEN,2017-06-02,2,6,2017,16,6,2,9,,2,0,,1,1,1,30,2,2,5,5,0,0,0,0,true,,false,false,true,false,false,,,,,,false,false,false,,,false,false,false,false,false,-83.23622,42.35757,"{
  ""coordinates"": [
    -8.323622262000001e+01,
    4.235757211200010e+01
  ],
  ""type"": ""Point""
}","{
  ""coordinates"": [
    -83.23622262,
    42.357572112
  ],
  ""type"": ""Point""
}",-83.23622262,42.3575721120001
14526,1046585,BRAMMEL,MAJESTIC,2017-06-02,2,6,2017,23,6,4,9,,,0,,1,1,4,25,2,2,2,5,0,0,0,0,true,,false,false,false,false,false,,,,,,false,false,false,,,false,false,false,false,false,-83.26123,42.34412,"{
  ""coordinates"": [
    -8.326122744700000e+01,
    4.234412182200000e+01
  ],
  ""type"": ""Point""
}","{
  ""coordinates"": [
    -83.261227447,
    42.344121822
  ],
  ""type"": ""Point""
}",-83.261227447,42.344121822
14527,1046580,GRAND RIVER,OUTER,2017-06-02,2,6,2017,17,6,97,3,,1,0,,1,1,1,35,4,2,1,5,0,0,0,0,true,,false,false,true,false,false,,,,,,false,false,false,,,false,false,false,false,false,-83.23421,42.40711,"{
  ""coordinates"": [
    -8.323421628999991e+01,
    4.240711320500000e+01
  ],
  ""type"": ""Point""
}","{
  ""coordinates"": [
    -83.23421629,
    42.407113205
  ],
  ""type"": ""Point""
}",-83.2342162899999,42.407113205
14528,1052826,I-94,WYOMING,2017-06-02,2,6,2017,15,6,5,1,,1,0,,1,1,1,55,3,2,3,5,0,0,0,0,true,,false,false,false,false,false,,,,,,false,false,true,,,false,false,false,false,false,-83.15633,42.329,"{
  ""coordinates"": [
    -8.315632636100000e+01,
    4.232899684800000e+01
  ],
  ""type"": ""Point""
}","{
  ""coordinates"": [
    -83.156326361,
    42.328996848
  ],
  ""type"": ""Point""
}",-83.156326361,42.328996848
14529,1046578,BURT,SCHOOLCRAFT,2017-06-02,2,6,2017,7,6,8,9,,4,0,,1,1,1,30,1,2,2,5,0,0,0,0,true,,false,false,false,false,false,,,,,,false,false,false,,,false,false,false,false,false,-83.2466,42.38615,"{
  ""coordinates"": [
    -8.324659940200000e+01,
    4.238615342600010e+01
  ],
  ""type"": ""Point""
}","{
  ""coordinates"": [
    -83.246599402,
    42.386153426
  ],
  ""type"": ""Point""
}",-83.246599402,42.3861534260001
14530,1047748,N I 75,14TH,2017-06-02,2,6,2017,19,6,8,1,,1,0,,1,1,1,55,3,2,2,4,0,0,0,1,false,,false,false,false,false,false,,,,,,false,false,false,,,false,false,false,false,false,-83.07725,42.33237,"{
  ""coordinates"": [
    -8.307724715499999e+01,
    4.233237054400010e+01
  ],
  ""type"": ""Point""
}","{
  ""coordinates"": [
    -83.077247155,
    42.332370544
  ],
  ""type"": ""Point""
}",-83.077247155,42.3323705440001
14531,1047745,RAMP 037C,I-75,2017-06-02,2,6,2017,19,6,5,1,,1,0,,1,1,1,35,2,3,3,5,0,0,0,0,true,,false,false,false,false,false,,,,,,false,false,true,,,false,false,false,false,false,-83.08012,42.33241,"{
  ""coordinates"": [
    -8.308012217899990e+01,
    4.233241123400010e+01
  ],
  ""type"": ""Point""
}","{
  ""coordinates"": [
    -83.080122179,
    42.332411234
  ],
  ""type"": ""Point""
}",-83.0801221789999,42.3324112340001
14532,1046579,E I 96,SOUTHFIELD SERVICE DRIVE,2017-06-02,2,6,2017,7,6,5,1,,1,0,,1,1,1,55,4,2,1,5,0,0,0,0,true,,false,false,true,false,false,,,,,,false,false,true,,,false,false,false,false,false,-83.21729,42.37865,"{
  ""coordinates"": [
    -8.321729077700000e+01,
    4.237864575300010e+01
  ],
  ""type"": ""Point""
}","{
  ""coordinates"": [
    -83.217290777,
    42.378645753
  ],
  ""type"": ""Point""
}",-83.217290777,42.3786457530001
14533,1052824,RAMP 213M,W I 94,2017-06-02,2,6,2017,15,6,5,1,,1,0,,1,1,1,55,1,2,2,5,0,0,0,0,true,,false,false,false,false,false,,,,,,false,false,true,,,false,false,false,false,false,-83.09996,42.34991,"{
  ""coordinates"": [
    -8.309996204100000e+01,
    4.234991502200010e+01
  ],
  ""type"": ""Point""
}","{
  ""coordinates"": [
    -83.099962041,
    42.349915022
  ],
  ""type"": ""Point""
}",-83.099962041,42.3499150220001
14534,1046612,PEMBROKE,FENMORE,2017-06-02,2,6,2017,20,6,9,9,,4,0,,1,1,1,25,2,2,2,5,0,0,0,0,true,,false,false,false,false,false,,,,,,false,true,false,,,false,false,false,false,false,-83.21866,42.43726,"{
  ""coordinates"": [
    -8.321865558699990e+01,
    4.243725731900000e+01
  ],
  ""type"": ""Point""
}","{
  ""coordinates"": [
    -83.218655587,
    42.437257319
  ],
  ""type"": ""Point""
}",-83.2186555869999,42.437257319
14535,1046564,CASS,SELDEN,2017-06-02,2,6,2017,17,6,8,9,,4,0,,1,1,1,25,4,2,3,5,0,0,0,0,true,,false,false,false,false,false,,,,,,false,false,true,,,false,false,false,false,false,-83.06216,42.34813,"{
  ""coordinates"": [
    -8.306216306200000e+01,
    4.234812819300000e+01
  ],
  ""type"": ""Point""
}","{
  ""coordinates"": [
    -83.062163062,
    42.348128193
  ],
  ""type"": ""Point""
}",-83.062163062,42.348128193
14536,1052820,I-75,CLAY,2017-06-02,2,6,2017,8,6,5,1,,1,0,,1,2,1,0,4,2,2,5,0,0,0,0,true,,false,false,false,false,false,,,,,,false,false,true,,,false,false,false,false,false,-83.06461,42.38089,"{
  ""coordinates"": [
    -8.306460658200000e+01,
    4.238088531700000e+01
  ],
  ""type"": ""Point""
}","{
  ""coordinates"": [
    -83.064606582,
    42.380885317
  ],
  ""type"": ""Point""
}",-83.064606582,42.380885317
14537,1046599,S I 75,MACK,2017-06-02,2,6,2017,10,6,4,1,,1,0,,1,1,1,30,3,2,2,5,0,0,0,0,true,,false,false,false,false,false,,,,,,false,true,false,,,false,false,false,false,false,-83.0482,42.35127,"{
  ""coordinates"": [
    -8.304820438300000e+01,
    4.235126756200000e+01
  ],
  ""type"": ""Point""
}","{
  ""coordinates"": [
    -83.048204383,
    42.351267562
  ],
  ""type"": ""Point""
}",-83.048204383,42.351267562
14538,1047764,WYOMING,E I 96,2017-06-02,2,6,2017,9,6,1,9,,4,0,,1,1,1,30,4,2,2,4,0,0,0,1,false,,false,false,true,false,false,,,,,,false,false,false,,,false,false,false,true,false,-83.15897,42.38523,"{
  ""coordinates"": [
    -8.315896890999990e+01,
    4.238522557500000e+01
  ],
  ""type"": ""Point""
}","{
  ""coordinates"": [
    -83.15896891,
    42.385225575
  ],
  ""type"": ""Point""
}",-83.1589689099999,42.385225575
14539,1052899,E I 96,SOUTHFIELD SERVICE DRIVE,2017-06-02,2,6,2017,19,6,5,1,,1,0,,1,1,1,35,2,2,2,5,0,0,0,0,true,,false,false,false,false,false,,,,,,false,false,false,,,false,false,false,false,false,-83.21734,42.37864,"{
  ""coordinates"": [
    -8.321733779600000e+01,
    4.237864450600010e+01
  ],
  ""type"": ""Point""
}","{
  ""coordinates"": [
    -83.217337796,
    42.378644506
  ],
  ""type"": ""Point""
}",-83.217337796,42.3786445060001