ObjectId,Crash ID,Primary Road,Intersecting Road,Crash Date,Day,Month,Year,Hour,Weekday,Crash Type Code,Highway Classification Code,Community Code,Jurisdiction Code,Lane Departure Type Code,Surface Type,Road Condition,Weather Condition,Lighting Condition,Speed Limit,Lanes,Units,Occupants,Most Severe Injury,Fatal Injuries,Suspected Serious Injuries,Suspected Minor Injuries,Possible Injuries,Property Damage Only,Secondary Crash,Traffic Control,Red Light Run,Hit and Run,Alcohol,Drugs,Unbelted Person,Work Zone,Speeding Driver,Distracted Driver,Driveway,Pedestrian,Elderly Driver,Young Driver,Commercial Vehicle,Emergency Vehicles,Train,School Bus,Motorcycle,Bicycle,Deer,Longitude,Latitude,geom,geog,x,y
14540,1046574,VERNOR,DRAGOON,2017-06-02,2,6,2017,19,6,8,9,,4,0,,1,1,1,35,2,2,1,5,0,0,0,0,true,,false,false,true,false,false,,,,,,false,false,true,,,false,false,false,false,false,-83.10845,42.31568,"{
  ""coordinates"": [
    -8.310844855900000e+01,
    4.231567821900010e+01
  ],
  ""type"": ""Point""
}","{
  ""coordinates"": [
    -83.108448559,
    42.315678219
  ],
  ""type"": ""Point""
}",-83.108448559,42.3156782190001
14541,1046583,JOY,EVERGREEN,2017-06-02,2,6,2017,16,6,2,9,,2,0,,1,1,1,35,4,2,2,5,0,0,0,0,true,,false,false,false,false,false,,,,,,false,false,false,,,false,false,false,false,false,-83.23597,42.35758,"{
  ""coordinates"": [
    -8.323596822499999e+01,
    4.235757854200010e+01
  ],
  ""type"": ""Point""
}","{
  ""coordinates"": [
    -83.235968225,
    42.357578542
  ],
  ""type"": ""Point""
}",-83.235968225,42.3575785420001
14542,1122651,WADE,HAYES,2017-06-02,2,6,2017,18,6,8,9,,,3,,1,1,1,25,1,3,2,4,0,0,0,1,false,,false,false,false,false,false,,,,,,false,true,false,,,false,false,false,false,false,-82.96449,42.4086,"{
  ""coordinates"": [
    -8.296449645000000e+01,
    4.240859437400010e+01
  ],
  ""type"": ""Point""
}","{
  ""coordinates"": [
    -82.96449645,
    42.408594374
  ],
  ""type"": ""Point""
}",-82.96449645,42.4085943740001
14543,1046603,FENKELL,FAUST,2017-06-02,2,6,2017,11,6,9,9,,2,0,,1,1,1,30,4,2,1,4,0,0,0,1,false,,false,false,true,false,false,,,,,,false,false,false,,,false,false,false,false,false,-83.22297,42.401,"{
  ""coordinates"": [
    -8.322296607299999e+01,
    4.240100009100010e+01
  ],
  ""type"": ""Point""
}","{
  ""coordinates"": [
    -83.222966073,
    42.401000091
  ],
  ""type"": ""Point""
}",-83.222966073,42.4010000910001
14544,1046581,SOUTHFIELD SERVICE DRIVE,WADSWORTH,2017-06-02,2,6,2017,18,6,97,9,,4,0,,1,1,1,55,8,2,2,5,0,0,0,0,true,,false,false,true,false,false,,,,,,false,false,false,,,false,false,false,false,false,-83.21724,42.375,"{
  ""coordinates"": [
    -8.321723787099999e+01,
    4.237500509400010e+01
  ],
  ""type"": ""Point""
}","{
  ""coordinates"": [
    -83.217237871,
    42.375005094
  ],
  ""type"": ""Point""
}",-83.217237871,42.3750050940001
14545,1052822,RAMP 008F,I-96,2017-06-02,2,6,2017,12,6,5,1,,1,0,,1,2,1,55,1,2,3,5,0,0,0,0,true,,false,false,false,false,false,,,,,,false,false,true,,,false,false,false,false,false,-83.21754,42.37992,"{
  ""coordinates"": [
    -8.321754112000001e+01,
    4.237992217500000e+01
  ],
  ""type"": ""Point""
}","{
  ""coordinates"": [
    -83.21754112,
    42.379922175
  ],
  ""type"": ""Point""
}",-83.21754112,42.379922175
14546,1047774,HARPER,CADILLAC,2017-06-02,2,6,2017,20,6,1,9,,4,0,,1,1,1,35,5,2,1,2,0,1,0,0,false,,false,false,true,false,false,,,,,,false,false,false,,,false,false,false,true,false,-83.04633,42.37402,"{
  ""coordinates"": [
    -8.304632979500001e+01,
    4.237402404300010e+01
  ],
  ""type"": ""Point""
}","{
  ""coordinates"": [
    -83.046329795,
    42.374024043
  ],
  ""type"": ""Point""
}",-83.046329795,42.3740240430001
14547,1046615,KELLY,8 MILE,2017-06-02,2,6,2017,8,6,4,3,,2,0,,1,1,1,35,6,2,3,5,0,0,0,0,true,,true,true,false,false,false,,,,,,false,false,false,,,false,false,false,false,false,-82.94138,42.45013,"{
  ""coordinates"": [
    -8.294137672100000e+01,
    4.245012801500010e+01
  ],
  ""type"": ""Point""
}","{
  ""coordinates"": [
    -82.941376721,
    42.450128015
  ],
  ""type"": ""Point""
}",-82.941376721,42.4501280150001
14548,1051589,RAMP 212A,RAMP 212B,2017-06-02,2,6,2017,14,6,8,1,,1,0,,1,1,1,35,2,2,1,5,0,0,0,0,true,,false,false,true,false,false,,,,,,false,false,false,,,false,false,false,false,false,-83.12461,42.337,"{
  ""coordinates"": [
    -8.312461011800001e+01,
    4.233699844300000e+01
  ],
  ""type"": ""Point""
}","{
  ""coordinates"": [
    -83.124610118,
    42.336998443
  ],
  ""type"": ""Point""
}",-83.124610118,42.336998443
14549,1047775,CHENE,AT WATER,2017-06-02,2,6,2017,10,6,8,9,,4,0,,1,1,1,25,2,2,1,5,0,0,0,0,true,,false,false,false,false,false,,,,,,false,false,false,,,false,false,false,false,false,-83.02065,42.33524,"{
  ""coordinates"": [
    -8.302064237799991e+01,
    4.233524476700010e+01
  ],
  ""type"": ""Point""
}","{
  ""coordinates"": [
    -83.020642378,
    42.335244767
  ],
  ""type"": ""Point""
}",-83.0206423779999,42.3352447670001
14550,1052827,M-39,SCHOOLCRAFT,2017-06-02,2,6,2017,14,6,1,3,,1,1,,1,2,1,55,3,1,2,5,0,0,0,0,true,,false,false,false,false,false,,,,,,false,false,true,,,false,false,false,false,false,-83.21778,42.38816,"{
  ""coordinates"": [
    -8.321777926399990e+01,
    4.238816505400010e+01
  ],
  ""type"": ""Point""
}","{
  ""coordinates"": [
    -83.217779264,
    42.388165054
  ],
  ""type"": ""Point""
}",-83.2177792639999,42.3881650540001
14551,1050660,I-96,M-39,2017-06-02,2,6,2017,20,6,97,1,,1,0,,1,1,2,70,3,2,2,5,0,0,0,0,true,,false,false,false,false,false,,,,,,false,false,false,,,false,false,false,false,false,-83.21204,42.37886,"{
  ""coordinates"": [
    -8.321204267600000e+01,
    4.237885576700010e+01
  ],
  ""type"": ""Point""
}","{
  ""coordinates"": [
    -83.212042676,
    42.378855767
  ],
  ""type"": ""Point""
}",-83.212042676,42.3788557670001
14552,1046551,SOUTHFIELD,HESSELL,2017-06-02,2,6,2017,12,6,5,3,,5,0,,1,1,1,40,2,2,4,5,0,0,0,0,true,,false,false,false,false,false,,,,,,false,true,false,,,false,false,false,false,false,-83.21944,42.44274,"{
  ""coordinates"": [
    -8.321944167700001e+01,
    4.244273855300000e+01
  ],
  ""type"": ""Point""
}","{
  ""coordinates"": [
    -83.219441677,
    42.442738553
  ],
  ""type"": ""Point""
}",-83.219441677,42.442738553
14553,1046622,SUNSET,CORDOVA,2017-06-02,2,6,2017,13,6,3,9,,,0,,1,1,1,25,2,2,2,5,0,0,0,0,true,,false,false,false,false,false,,,,,,false,false,true,,,false,false,false,false,false,-83.06144,42.44201,"{
  ""coordinates"": [
    -8.306144033600000e+01,
    4.244201393500000e+01
  ],
  ""type"": ""Point""
}","{
  ""coordinates"": [
    -83.061440336,
    42.442013935
  ],
  ""type"": ""Point""
}",-83.061440336,42.442013935
14554,1056079,I75,HOLBROOK,2017-06-02,2,6,2017,10,6,5,1,,1,0,,1,1,1,70,4,2,2,5,0,0,0,0,true,,false,false,false,false,false,,,,,,false,false,false,,,false,false,false,false,false,-83.06808,42.38607,"{
  ""coordinates"": [
    -8.306808532600000e+01,
    4.238607439500000e+01
  ],
  ""type"": ""Point""
}","{
  ""coordinates"": [
    -83.068085326,
    42.386074395
  ],
  ""type"": ""Point""
}",-83.068085326,42.386074395
14555,1046591,8 MILE,APPOLINE,2017-06-02,2,6,2017,13,6,9,3,,1,0,,1,1,1,35,6,2,2,5,0,0,0,0,true,,false,false,false,false,false,,,,,,false,true,false,,,false,false,false,false,false,-83.17205,42.44539,"{
  ""coordinates"": [
    -8.317205316099999e+01,
    4.244538690900000e+01
  ],
  ""type"": ""Point""
}","{
  ""coordinates"": [
    -83.172053161,
    42.445386909
  ],
  ""type"": ""Point""
}",-83.172053161,42.445386909
14556,1052954,7 MILE,SORRENTO,2017-06-02,2,6,2017,18,6,5,9,,2,0,,1,1,1,35,2,2,1,5,0,0,0,0,true,,false,false,true,false,false,,,,,,false,false,false,,,false,false,false,false,false,-83.17419,42.4312,"{
  ""coordinates"": [
    -8.317418376599990e+01,
    4.243119724100010e+01
  ],
  ""type"": ""Point""
}","{
  ""coordinates"": [
    -83.174183766,
    42.431197241
  ],
  ""type"": ""Point""
}",-83.1741837659999,42.4311972410001
14557,1052823,RAMP 008V,E I 96 CD,2017-06-02,2,6,2017,11,6,5,1,,1,0,,1,1,1,55,1,2,2,5,0,0,0,0,true,,false,false,false,false,false,,,,,,false,true,false,,,false,false,false,false,false,-83.2115,42.37828,"{
  ""coordinates"": [
    -8.321150570799990e+01,
    4.237828386600010e+01
  ],
  ""type"": ""Point""
}","{
  ""coordinates"": [
    -83.211505708,
    42.378283866
  ],
  ""type"": ""Point""
}",-83.2115057079999,42.3782838660001
14558,1047770,CONNER,WARREN,2017-06-02,2,6,2017,22,6,8,9,,4,0,,1,1,4,30,5,3,4,4,0,0,0,1,false,,false,false,false,false,false,,,,,,false,false,false,,,false,false,false,false,false,-82.97587,42.38924,"{
  ""coordinates"": [
    -8.297586649399990e+01,
    4.238923753400010e+01
  ],
  ""type"": ""Point""
}","{
  ""coordinates"": [
    -82.975866494,
    42.389237534
  ],
  ""type"": ""Point""
}",-82.9758664939999,42.3892375340001
14559,1046657,JEFFERSON,SEMINOLE,2017-06-02,2,6,2017,22,6,8,9,,4,0,,1,1,4,35,6,2,4,5,0,0,0,0,true,,false,false,false,false,false,,,,,,false,false,false,,,false,false,false,false,false,-82.99268,42.35283,"{
  ""coordinates"": [
    -8.299268368199991e+01,
    4.235282412700010e+01
  ],
  ""type"": ""Point""
}","{
  ""coordinates"": [
    -82.992683682,
    42.352824127
  ],
  ""type"": ""Point""
}",-82.9926836819999,42.3528241270001
14560,1046643,STOEPEL,FLORENCE,2017-06-02,2,6,2017,14,6,8,9,,,0,,1,1,1,25,2,2,1,5,0,0,0,0,true,,false,false,false,false,false,,,,,,false,false,true,,,false,false,false,false,false,-83.14173,42.41247,"{
  ""coordinates"": [
    -8.314173504999999e+01,
    4.241247052900010e+01
  ],
  ""type"": ""Point""
}","{
  ""coordinates"": [
    -83.14173505,
    42.412470529
  ],
  ""type"": ""Point""
}",-83.14173505,42.4124705290001
14561,1046567,MICHIGAN,EWERS,2017-06-02,2,6,2017,17,6,4,2,,1,0,,1,1,1,35,5,2,2,5,0,0,0,0,true,,false,false,false,false,false,,,,,,false,true,false,,,false,false,false,false,false,-83.13297,42.3311,"{
  ""coordinates"": [
    -8.313296786099990e+01,
    4.233110595700000e+01
  ],
  ""type"": ""Point""
}","{
  ""coordinates"": [
    -83.132967861,
    42.331105957
  ],
  ""type"": ""Point""
}",-83.1329678609999,42.331105957
14562,1046646,PALMER,CONCORDE,2017-06-02,2,6,2017,15,6,4,9,,,0,,1,1,1,25,1,2,1,5,0,0,0,0,true,,false,false,true,false,false,,,,,,false,false,false,,,false,false,false,false,false,-83.02577,42.37763,"{
  ""coordinates"": [
    -8.302577566500000e+01,
    4.237763248500000e+01
  ],
  ""type"": ""Point""
}","{
  ""coordinates"": [
    -83.025775665,
    42.377632485
  ],
  ""type"": ""Point""
}",-83.025775665,42.377632485
14563,1046645,ARDMORE,MCNICHOLS,2017-06-02,2,6,2017,15,6,4,9,,,0,,1,1,1,25,1,2,2,5,0,0,0,0,true,,false,false,false,false,false,,,,,,false,false,false,,,false,false,false,false,false,-83.18517,42.41633,"{
  ""coordinates"": [
    -8.318516163800000e+01,
    4.241632791400010e+01
  ],
  ""type"": ""Point""
}","{
  ""coordinates"": [
    -83.185161638,
    42.416327914
  ],
  ""type"": ""Point""
}",-83.185161638,42.4163279140001
14564,1071854,I-75,GRATIOT,2017-06-02,2,6,2017,16,6,5,1,,1,0,,1,1,1,55,4,2,2,5,0,0,0,0,true,,false,false,false,false,false,,,,,,false,false,false,,,false,false,false,false,false,-83.04293,42.34089,"{
  ""coordinates"": [
    -8.304292731600000e+01,
    4.234088912400010e+01
  ],
  ""type"": ""Point""
}","{
  ""coordinates"": [
    -83.042927316,
    42.340889124
  ],
  ""type"": ""Point""
}",-83.042927316,42.3408891240001
14565,1047776,ALETER,KERCHEVAL,2017-06-02,2,6,2017,11,6,5,9,,4,0,,1,1,1,30,2,2,1,4,0,0,0,1,false,,false,false,true,false,false,,,,,,false,false,false,,,false,false,false,false,false,-82.94321,42.38045,"{
  ""coordinates"": [
    -8.294320779299990e+01,
    4.238044689300010e+01
  ],
  ""type"": ""Point""
}","{
  ""coordinates"": [
    -82.943207793,
    42.380446893
  ],
  ""type"": ""Point""
}",-82.9432077929999,42.3804468930001
14566,1047746,RAMP 3008K,I-96,2017-06-02,2,6,2017,23,6,1,1,,1,0,,1,2,4,35,1,1,1,5,0,0,0,0,true,,false,false,false,false,false,,,,,,false,false,false,,,false,false,false,false,false,-83.21925,42.37817,"{
  ""coordinates"": [
    -8.321925149200000e+01,
    4.237816604900010e+01
  ],
  ""type"": ""Point""
}","{
  ""coordinates"": [
    -83.219251492,
    42.378166049
  ],
  ""type"": ""Point""
}",-83.219251492,42.3781660490001
14567,1047751,8 MILE,ILENE,2017-06-02,2,6,2017,22,6,97,3,,1,0,,1,1,4,40,4,1,1,3,0,0,1,0,false,,false,false,false,false,false,,,,,,false,false,false,,,false,false,false,false,false,-83.16363,42.44561,"{
  ""coordinates"": [
    -8.316362550699991e+01,
    4.244561445600000e+01
  ],
  ""type"": ""Point""
}","{
  ""coordinates"": [
    -83.163625507,
    42.445614456
  ],
  ""type"": ""Point""
}",-83.1636255069999,42.445614456
14568,1046570,END,JEFFERSON,2017-06-02,2,6,2017,15,6,9,9,,,0,,1,1,1,30,2,2,1,5,0,0,0,0,true,,false,false,true,false,false,,,,,,false,false,false,,,false,false,false,false,false,-83.11338,42.29223,"{
  ""coordinates"": [
    -8.311338180599989e+01,
    4.229222949000010e+01
  ],
  ""type"": ""Point""
}","{
  ""coordinates"": [
    -83.113381806,
    42.29222949
  ],
  ""type"": ""Point""
}",-83.1133818059999,42.2922294900001
14569,1057163,W I 96,RAMP 143C,2017-06-02,2,6,2017,0,6,8,1,,1,0,,1,1,4,70,4,2,3,5,0,0,0,0,true,,false,false,false,false,false,,,,,,false,true,false,,,false,false,false,false,false,-83.10662,42.35447,"{
  ""coordinates"": [
    -8.310662428300000e+01,
    4.235446527100000e+01
  ],
  ""type"": ""Point""
}","{
  ""coordinates"": [
    -83.106624283,
    42.354465271
  ],
  ""type"": ""Point""
}",-83.106624283,42.354465271
14570,1062349,I-75,MCNICHOLS,2017-06-02,2,6,2017,17,6,5,1,,1,0,,1,1,1,55,5,2,1,5,0,0,0,0,true,,false,false,true,false,false,,,,,,false,false,false,,,false,false,false,false,false,-83.09037,42.42131,"{
  ""coordinates"": [
    -8.309036639599999e+01,
    4.242131290000000e+01
  ],
  ""type"": ""Point""
}","{
  ""coordinates"": [
    -83.090366396,
    42.4213129
  ],
  ""type"": ""Point""
}",-83.090366396,42.4213129
14571,1046631,OUTER,SCHAEFER,2017-06-02,2,6,2017,12,6,4,9,,2,0,,1,1,1,35,4,2,2,5,0,0,0,0,true,,true,true,true,false,false,,,,,,false,false,false,,,false,false,false,false,false,-83.17998,42.42031,"{
  ""coordinates"": [
    -8.317997729000000e+01,
    4.242031502200010e+01
  ],
  ""type"": ""Point""
}","{
  ""coordinates"": [
    -83.17997729,
    42.420315022
  ],
  ""type"": ""Point""
}",-83.17997729,42.4203150220001
14572,1046656,CAMERON,LANTZ,2017-06-02,2,6,2017,13,6,4,9,,,0,,1,1,1,25,2,2,3,4,0,0,0,2,false,,false,false,true,false,false,,,,,,false,false,false,,,false,false,false,false,false,-83.09379,42.43742,"{
  ""coordinates"": [
    -8.309378486000000e+01,
    4.243742087200010e+01
  ],
  ""type"": ""Point""
}","{
  ""coordinates"": [
    -83.09378486,
    42.437420872
  ],
  ""type"": ""Point""
}",-83.09378486,42.4374208720001
14573,1047747,S/B I-75,MCNICHOLS,2017-06-02,2,6,2017,18,6,5,1,,1,0,,1,1,1,70,4,3,3,5,0,0,0,0,true,,false,false,true,false,false,,,,,,false,false,true,,,false,false,false,false,false,-83.08903,42.41941,"{
  ""coordinates"": [
    -8.308902406700000e+01,
    4.241940591500000e+01
  ],
  ""type"": ""Point""
}","{
  ""coordinates"": [
    -83.089024067,
    42.419405915
  ],
  ""type"": ""Point""
}",-83.089024067,42.419405915
14574,1060615,WOODWARD,MACK,2017-06-02,2,6,2017,18,6,7,3,,1,0,,1,1,1,30,7,2,2,5,0,0,0,0,true,,false,false,false,false,false,,,,,,false,false,false,,,false,false,false,false,false,-83.05797,42.34753,"{
  ""coordinates"": [
    -8.305796688800000e+01,
    4.234752928600010e+01
  ],
  ""type"": ""Point""
}","{
  ""coordinates"": [
    -83.057966888,
    42.347529286
  ],
  ""type"": ""Point""
}",-83.057966888,42.3475292860001
14575,1046575,ETHEL,LEONARD,2017-06-02,2,6,2017,22,6,10,9,,,0,,1,1,5,25,4,2,1,5,0,0,0,0,true,,false,false,false,false,false,,,,,,false,false,true,,,false,false,false,false,false,-83.14346,42.27843,"{
  ""coordinates"": [
    -8.314345346000000e+01,
    4.227842713300000e+01
  ],
  ""type"": ""Point""
}","{
  ""coordinates"": [
    -83.14345346,
    42.278427133
  ],
  ""type"": ""Point""
}",-83.14345346,42.278427133
14576,1046553,GRAND RIVER,MARLOWE,2017-06-02,2,6,2017,11,6,5,3,,1,0,,1,1,1,35,7,2,2,4,0,0,0,1,false,,false,false,true,false,false,,,,,,false,false,false,,,false,false,false,false,false,-83.18925,42.38899,"{
  ""coordinates"": [
    -8.318924509500000e+01,
    4.238899158000000e+01
  ],
  ""type"": ""Point""
}","{
  ""coordinates"": [
    -83.189245095,
    42.38899158
  ],
  ""type"": ""Point""
}",-83.189245095,42.38899158
14577,1046605,TELEGRAPH,RAMP 051A,2017-06-02,2,6,2017,8,6,5,2,,1,0,,1,1,1,15,1,2,2,5,0,0,0,0,true,,false,false,false,false,false,,,,,,false,true,false,,,false,false,false,false,false,-83.27863,42.44149,"{
  ""coordinates"": [
    -8.327863281499999e+01,
    4.244148925600010e+01
  ],
  ""type"": ""Point""
}","{
  ""coordinates"": [
    -83.278632815,
    42.441489256
  ],
  ""type"": ""Point""
}",-83.278632815,42.4414892560001
14578,1046514,I-94,LIVERNOIS,2017-06-02,2,6,2017,18,6,97,1,,1,0,,1,1,1,55,3,2,2,5,0,0,0,0,true,,false,false,false,false,false,,,,,,false,false,false,,,false,false,false,false,false,-83.12066,42.3392,"{
  ""coordinates"": [
    -8.312065914500000e+01,
    4.233920289900000e+01
  ],
  ""type"": ""Point""
}","{
  ""coordinates"": [
    -83.120659145,
    42.339202899
  ],
  ""type"": ""Point""
}",-83.120659145,42.339202899
14579,1136218,ROSEMARY,GUNSTON,2017-06-02,2,6,2017,13,6,8,9,,,0,,1,1,1,25,2,2,1,5,0,0,0,0,true,,false,false,true,false,false,,,,,,false,false,false,,,false,false,false,false,false,-82.99339,42.40823,"{
  ""coordinates"": [
    -8.299338349399990e+01,
    4.240822878700000e+01
  ],
  ""type"": ""Point""
}","{
  ""coordinates"": [
    -82.993383494,
    42.408228787
  ],
  ""type"": ""Point""
}",-82.9933834939999,42.408228787
14580,1046569,FORT,HARBAUGH,2017-06-02,2,6,2017,14,6,8,3,,1,0,,1,1,1,30,2,2,1,5,0,0,0,0,true,,false,false,true,false,false,,,,,,false,false,false,,,false,false,false,false,false,-83.12261,42.29888,"{
  ""coordinates"": [
    -8.312260863700000e+01,
    4.229888302400010e+01
  ],
  ""type"": ""Point""
}","{
  ""coordinates"": [
    -83.122608637,
    42.298883024
  ],
  ""type"": ""Point""
}",-83.122608637,42.2988830240001
14581,1049647,WOODWARD,CONGRESS,2017-06-02,2,6,2017,18,6,8,9,,4,0,,1,1,1,35,2,2,3,5,0,0,0,0,true,,false,false,false,false,false,,,,,,false,true,false,,,false,false,false,false,false,-83.04568,42.33033,"{
  ""coordinates"": [
    -8.304567345600000e+01,
    4.233033477600000e+01
  ],
  ""type"": ""Point""
}","{
  ""coordinates"": [
    -83.045673456,
    42.330334776
  ],
  ""type"": ""Point""
}",-83.045673456,42.330334776
14582,1054037,CHENE,WILKINS,2017-06-02,2,6,2017,8,6,7,3,,4,0,,1,1,1,25,1,2,4,5,0,0,0,0,true,,false,false,false,false,false,,,,,,false,false,false,,,false,false,false,false,false,-83.03223,42.35278,"{
  ""coordinates"": [
    -8.303222443600001e+01,
    4.235277862600000e+01
  ],
  ""type"": ""Point""
}","{
  ""coordinates"": [
    -83.032224436,
    42.352778626
  ],
  ""type"": ""Point""
}",-83.032224436,42.352778626
14583,1048844,REVERE,BRENTWOOD,2017-06-02,2,6,2017,12,6,8,9,,,0,,1,1,1,0,1,2,0,5,0,0,0,0,true,,false,false,true,false,false,,,,,,false,false,false,,,false,false,false,false,false,-83.06785,42.43166,"{
  ""coordinates"": [
    -8.306784917499991e+01,
    4.243165592400000e+01
  ],
  ""type"": ""Point""
}","{
  ""coordinates"": [
    -83.067849175,
    42.431655924
  ],
  ""type"": ""Point""
}",-83.0678491749999,42.431655924
14584,1046625,SEVEN MILE,VEACH,2017-06-02,2,6,2017,15,6,5,9,,4,0,,1,1,1,30,6,2,2,4,0,0,0,1,false,,false,false,false,false,false,,,,,,false,false,true,,,false,false,false,false,false,-83.0211,42.43404,"{
  ""coordinates"": [
    -8.302109270600000e+01,
    4.243403564800010e+01
  ],
  ""type"": ""Point""
}","{
  ""coordinates"": [
    -83.021092706,
    42.434035648
  ],
  ""type"": ""Point""
}",-83.021092706,42.4340356480001
14585,1050689,N I 75,SPRINGWELLS,2017-06-02,2,6,2017,13,6,8,1,,1,0,,1,1,1,25,2,2,1,5,0,0,0,0,true,,false,false,false,false,false,,,,,,false,false,false,,,false,false,false,false,false,-83.11981,42.30111,"{
  ""coordinates"": [
    -8.311981280799991e+01,
    4.230111132000010e+01
  ],
  ""type"": ""Point""
}","{
  ""coordinates"": [
    -83.119812808,
    42.30111132
  ],
  ""type"": ""Point""
}",-83.1198128079999,42.3011113200001
14586,1046548,FORT,8TH,2017-06-02,2,6,2017,17,6,97,3,,1,0,,1,1,1,30,3,2,1,2,0,1,0,0,false,,false,false,true,false,false,,,,,,true,false,false,,,false,false,false,false,false,-83.06078,42.32495,"{
  ""coordinates"": [
    -8.306077710100000e+01,
    4.232494993200000e+01
  ],
  ""type"": ""Point""
}","{
  ""coordinates"": [
    -83.060777101,
    42.324949932
  ],
  ""type"": ""Point""
}",-83.060777101,42.324949932
14587,1046582,LAMPHERE,TIREMAN,2017-06-02,2,6,2017,16,6,97,9,,,0,,1,1,1,25,2,2,2,5,0,0,0,0,true,,false,false,false,false,false,,,,,,false,false,true,,,false,false,false,false,false,-83.25918,42.34785,"{
  ""coordinates"": [
    -8.325917810800000e+01,
    4.234785428300010e+01
  ],
  ""type"": ""Point""
}","{
  ""coordinates"": [
    -83.259178108,
    42.347854283
  ],
  ""type"": ""Point""
}",-83.259178108,42.3478542830001
14588,1046568,LONYO,DIX,2017-06-02,2,6,2017,12,6,97,9,,4,0,,1,1,1,30,4,2,2,5,0,0,0,0,true,,false,false,false,false,false,,,,,,false,false,true,,,false,false,false,false,false,-83.13438,42.31656,"{
  ""coordinates"": [
    -8.313437826300000e+01,
    4.231655903100010e+01
  ],
  ""type"": ""Point""
}","{
  ""coordinates"": [
    -83.134378263,
    42.316559031
  ],
  ""type"": ""Point""
}",-83.134378263,42.3165590310001
14589,1063848,TIREMAN,WYOMING,2017-06-02,2,6,2017,11,6,4,9,,4,0,,1,1,1,30,3,2,2,5,0,0,0,0,true,,false,false,false,false,false,,,,,,false,false,false,,,false,false,false,false,false,-83.15758,42.35172,"{
  ""coordinates"": [
    -8.315757992300000e+01,
    4.235172080900000e+01
  ],
  ""type"": ""Point""
}","{
  ""coordinates"": [
    -83.157579923,
    42.351720809
  ],
  ""type"": ""Point""
}",-83.157579923,42.351720809
14590,1046562,TIMESQUARE,CLIFFORD,2017-06-02,2,6,2017,16,6,1,9,,,0,,1,1,1,30,5,1,1,5,0,0,0,0,true,,false,false,false,false,false,,,,,,false,false,false,,,false,false,false,false,false,-83.05202,42.3347,"{
  ""coordinates"": [
    -8.305202305599990e+01,
    4.233469931200010e+01
  ],
  ""type"": ""Point""
}","{
  ""coordinates"": [
    -83.052023056,
    42.334699312
  ],
  ""type"": ""Point""
}",-83.0520230559999,42.3346993120001
14591,1047786,STATE FAIR,HAYES,2017-06-02,2,6,2017,0,6,4,9,,4,0,,1,1,4,35,2,2,2,4,0,0,0,1,false,,true,true,true,false,false,,,,,,false,false,false,,,false,false,false,false,false,-82.96575,42.44268,"{
  ""coordinates"": [
    -8.296574998200001e+01,
    4.244268368700010e+01
  ],
  ""type"": ""Point""
}","{
  ""coordinates"": [
    -82.965749982,
    42.442683687
  ],
  ""type"": ""Point""
}",-82.965749982,42.4426836870001
14592,1046561,N I 75,CLAY,2017-06-02,2,6,2017,11,6,8,1,,1,0,,1,1,1,55,4,2,2,5,0,0,0,0,true,,false,false,false,false,false,,,,,,false,true,false,,,false,false,false,false,false,-83.06267,42.37848,"{
  ""coordinates"": [
    -8.306266720600000e+01,
    4.237847344400010e+01
  ],
  ""type"": ""Point""
}","{
  ""coordinates"": [
    -83.062667206,
    42.378473444
  ],
  ""type"": ""Point""
}",-83.062667206,42.3784734440001
14593,1048808,WISCONSIN,MIDLAND,2017-06-02,2,6,2017,22,6,97,9,,,0,,1,1,4,25,2,2,1,5,0,0,0,0,true,,false,false,false,false,false,,,,,,false,false,false,,,false,false,false,false,false,-83.15658,42.40615,"{
  ""coordinates"": [
    -8.315657612099990e+01,
    4.240614668000010e+01
  ],
  ""type"": ""Point""
}","{
  ""coordinates"": [
    -83.156576121,
    42.40614668
  ],
  ""type"": ""Point""
}",-83.1565761209999,42.4061466800001
14594,1046566,MICHIGAN,CLARK,2017-06-01,1,6,2017,7,5,5,2,,1,0,,1,1,1,35,4,2,2,5,0,0,0,0,true,,false,false,false,false,false,,,,,,false,false,false,,,false,false,false,false,false,-83.10247,42.33115,"{
  ""coordinates"": [
    -8.310246970599999e+01,
    4.233114452500010e+01
  ],
  ""type"": ""Point""
}","{
  ""coordinates"": [
    -83.102469706,
    42.331144525
  ],
  ""type"": ""Point""
}",-83.102469706,42.3311445250001
14595,1047738,DAVISON,WOODROW WILSON,2017-06-01,1,6,2017,9,5,8,3,,1,0,,1,1,1,35,3,2,1,4,0,0,0,1,false,,false,false,true,false,false,,,,,,false,false,false,,,false,false,false,false,false,-83.11105,42.39746,"{
  ""coordinates"": [
    -8.311105371100000e+01,
    4.239745975700000e+01
  ],
  ""type"": ""Point""
}","{
  ""coordinates"": [
    -83.111053711,
    42.397459757
  ],
  ""type"": ""Point""
}",-83.111053711,42.397459757
14596,1048812,2ND,BALTIMORE,2017-06-01,1,6,2017,8,5,10,9,,4,0,,1,1,1,25,2,2,2,5,0,0,0,0,true,,false,false,false,false,false,,,,,,false,false,false,,,false,false,false,false,false,-83.07624,42.36808,"{
  ""coordinates"": [
    -8.307623956899990e+01,
    4.236808093900000e+01
  ],
  ""type"": ""Point""
}","{
  ""coordinates"": [
    -83.076239569,
    42.368080939
  ],
  ""type"": ""Point""
}",-83.0762395689999,42.368080939