ObjectId,Crash ID,Primary Road,Intersecting Road,Crash Date,Day,Month,Year,Hour,Weekday,Crash Type Code,Highway Classification Code,Community Code,Jurisdiction Code,Lane Departure Type Code,Surface Type,Road Condition,Weather Condition,Lighting Condition,Speed Limit,Lanes,Units,Occupants,Most Severe Injury,Fatal Injuries,Suspected Serious Injuries,Suspected Minor Injuries,Possible Injuries,Property Damage Only,Secondary Crash,Traffic Control,Red Light Run,Hit and Run,Alcohol,Drugs,Unbelted Person,Work Zone,Speeding Driver,Distracted Driver,Driveway,Pedestrian,Elderly Driver,Young Driver,Commercial Vehicle,Emergency Vehicles,Train,School Bus,Motorcycle,Bicycle,Deer,Longitude,Latitude,geom,geog,x,y
14597,1046606,ASBURY,PURITAN,2017-06-01,1,6,2017,23,5,4,9,,4,0,,1,1,4,30,2,2,2,5,0,0,0,0,true,,true,true,false,false,false,,,,,,false,false,false,,,false,false,false,false,false,-83.20874,42.40842,"{
  ""coordinates"": [
    -8.320873981100000e+01,
    4.240841901100000e+01
  ],
  ""type"": ""Point""
}","{
  ""coordinates"": [
    -83.208739811,
    42.408419011
  ],
  ""type"": ""Point""
}",-83.208739811,42.408419011
14598,1048834,CHALMERS,HARPER,2017-06-01,1,6,2017,8,5,1,9,,4,0,,1,1,1,35,3,1,2,5,0,0,0,0,true,,false,false,true,false,false,,,,,,false,false,false,,,false,false,false,false,false,-82.96459,42.40468,"{
  ""coordinates"": [
    -8.296459111900000e+01,
    4.240468335700010e+01
  ],
  ""type"": ""Point""
}","{
  ""coordinates"": [
    -82.964591119,
    42.404683357
  ],
  ""type"": ""Point""
}",-82.964591119,42.4046833570001
14599,1047734,I-96,LIVERNOIS,2017-06-01,1,6,2017,14,5,8,1,,1,0,,1,1,1,55,3,3,4,4,0,0,0,2,false,,false,false,false,false,false,,,,,,false,false,false,,,false,false,false,false,false,-83.14042,42.36777,"{
  ""coordinates"": [
    -8.314041879099990e+01,
    4.236776569700000e+01
  ],
  ""type"": ""Point""
}","{
  ""coordinates"": [
    -83.140418791,
    42.367765697
  ],
  ""type"": ""Point""
}",-83.1404187909999,42.367765697
14600,1260338,8 MILE,GRATIOT,2017-06-01,1,6,2017,3,5,5,3,,1,0,,1,1,4,45,4,2,1,5,0,0,0,0,true,,false,false,false,false,false,,,,,,false,false,false,,,false,false,false,false,false,-82.96658,42.44988,"{
  ""coordinates"": [
    -8.296657826400001e+01,
    4.244987971900010e+01
  ],
  ""type"": ""Point""
}","{
  ""coordinates"": [
    -82.966578264,
    42.449879719
  ],
  ""type"": ""Point""
}",-82.966578264,42.4498797190001
14601,1054953,M-10,7 MILE,2017-06-01,1,6,2017,18,5,1,3,,1,1,,1,1,1,55,3,1,2,3,0,0,2,0,false,,false,false,false,false,false,,,,,,false,false,false,,,false,false,false,false,false,-83.18692,42.43061,"{
  ""coordinates"": [
    -8.318691941899991e+01,
    4.243061432300000e+01
  ],
  ""type"": ""Point""
}","{
  ""coordinates"": [
    -83.186919419,
    42.430614323
  ],
  ""type"": ""Point""
}",-83.1869194189999,42.430614323
14602,1047741,RAMP 043A,N I 75,2017-06-01,1,6,2017,16,5,1,1,,1,1,,1,1,1,35,1,1,1,5,0,0,0,0,true,,false,false,false,false,false,,,,,,false,false,true,,,false,false,false,false,false,-83.04681,42.35004,"{
  ""coordinates"": [
    -8.304680598499991e+01,
    4.235004495200010e+01
  ],
  ""type"": ""Point""
}","{
  ""coordinates"": [
    -83.046805985,
    42.350044952
  ],
  ""type"": ""Point""
}",-83.0468059849999,42.3500449520001
14603,1047803,JOHN C LODGE SERVICE,FOREST,2017-06-01,1,6,2017,18,5,4,3,,4,0,,1,1,1,35,2,2,2,5,0,0,0,0,true,,false,false,false,false,false,,,,,,false,false,false,,,false,false,false,false,false,-83.07176,42.35181,"{
  ""coordinates"": [
    -8.307176059600000e+01,
    4.235180742800000e+01
  ],
  ""type"": ""Point""
}","{
  ""coordinates"": [
    -83.071760596,
    42.351807428
  ],
  ""type"": ""Point""
}",-83.071760596,42.351807428
14604,1047739,I-94,I-96,2017-06-01,1,6,2017,15,5,5,1,,1,0,,1,1,1,70,3,3,4,4,0,0,0,1,false,,false,false,false,false,false,,,,,,false,false,false,,,false,false,false,false,false,-83.09908,42.35011,"{
  ""coordinates"": [
    -8.309907875300000e+01,
    4.235011450400000e+01
  ],
  ""type"": ""Point""
}","{
  ""coordinates"": [
    -83.099078753,
    42.350114504
  ],
  ""type"": ""Point""
}",-83.099078753,42.350114504
14605,1046634,LESURE,CURTIS,2017-06-01,1,6,2017,15,5,4,9,,,0,,1,1,1,25,1,2,2,4,0,0,0,2,false,,false,false,true,false,false,,,,,,false,false,false,,,false,false,false,false,false,-83.18251,42.42376,"{
  ""coordinates"": [
    -8.318251369900000e+01,
    4.242375790000010e+01
  ],
  ""type"": ""Point""
}","{
  ""coordinates"": [
    -83.182513699,
    42.4237579
  ],
  ""type"": ""Point""
}",-83.182513699,42.4237579000001
14606,1057216,N M 39,FITZPATRICK,2017-06-01,1,6,2017,8,5,5,3,,1,0,,1,1,1,55,3,2,1,5,0,0,0,0,true,,false,false,true,false,false,,,,,,false,false,false,,,false,false,false,false,false,-83.21637,42.36432,"{
  ""coordinates"": [
    -8.321636742999991e+01,
    4.236431909600000e+01
  ],
  ""type"": ""Point""
}","{
  ""coordinates"": [
    -83.21636743,
    42.364319096
  ],
  ""type"": ""Point""
}",-83.2163674299999,42.364319096
14607,1046549,JOY,STEELE,2017-06-01,1,6,2017,20,5,1,9,,4,1,,1,1,3,30,3,1,2,3,0,0,1,0,false,,false,false,false,false,false,,,,,,false,false,true,,,false,false,false,false,false,-83.17014,42.3587,"{
  ""coordinates"": [
    -8.317014285700000e+01,
    4.235869847100000e+01
  ],
  ""type"": ""Point""
}","{
  ""coordinates"": [
    -83.170142857,
    42.358698471
  ],
  ""type"": ""Point""
}",-83.170142857,42.358698471
14608,1045147,OMAHA,LIDDESDALE,2017-06-01,1,6,2017,8,5,4,9,,,0,,1,1,1,25,2,2,2,5,0,0,0,0,true,,false,false,false,false,false,,,,,,false,false,false,,,false,false,false,false,false,-83.1571,42.26902,"{
  ""coordinates"": [
    -8.315709946000000e+01,
    4.226902558400010e+01
  ],
  ""type"": ""Point""
}","{
  ""coordinates"": [
    -83.15709946,
    42.269025584
  ],
  ""type"": ""Point""
}",-83.15709946,42.2690255840001
14609,1060523,I-96,SCHAEFER,2017-06-01,1,6,2017,16,5,5,1,,1,0,,1,1,1,0,3,4,5,5,0,0,0,0,true,,false,false,false,false,false,,,,,,false,true,true,,,false,false,false,false,false,-83.18014,42.38293,"{
  ""coordinates"": [
    -8.318013510700000e+01,
    4.238293060800000e+01
  ],
  ""type"": ""Point""
}","{
  ""coordinates"": [
    -83.180135107,
    42.382930608
  ],
  ""type"": ""Point""
}",-83.180135107,42.382930608
14610,1045115,M-10,GREENLAWN,2017-06-01,1,6,2017,8,5,5,3,,1,0,,1,1,1,55,3,2,2,5,0,0,0,0,true,,false,false,false,false,false,,,,,,false,false,true,,,false,false,false,false,false,-83.20245,42.44388,"{
  ""coordinates"": [
    -8.320244671300000e+01,
    4.244388335000010e+01
  ],
  ""type"": ""Point""
}","{
  ""coordinates"": [
    -83.202446713,
    42.44388335
  ],
  ""type"": ""Point""
}",-83.202446713,42.4438833500001
14611,1045146,CAMPBELL,BAKER,2017-06-01,1,6,2017,0,5,9,9,,,2,,2,1,4,25,1,2,1,5,0,0,0,0,true,,false,false,true,false,false,,,,,,false,false,false,,,false,false,false,false,false,-83.10335,42.31638,"{
  ""coordinates"": [
    -8.310334399500000e+01,
    4.231638389600000e+01
  ],
  ""type"": ""Point""
}","{
  ""coordinates"": [
    -83.103343995,
    42.316383896
  ],
  ""type"": ""Point""
}",-83.103343995,42.316383896
14612,1055016,FORT,SCHAEFER,2017-06-01,1,6,2017,22,5,97,3,,1,0,,1,1,4,35,4,2,3,5,0,0,0,0,true,,false,false,true,false,false,,,,,,false,false,false,,,false,false,false,false,false,-83.15537,42.27652,"{
  ""coordinates"": [
    -8.315536993500000e+01,
    4.227652417600010e+01
  ],
  ""type"": ""Point""
}","{
  ""coordinates"": [
    -83.155369935,
    42.276524176
  ],
  ""type"": ""Point""
}",-83.155369935,42.2765241760001
14613,1050669,GRATIOT,ST AUBIN,2017-06-01,1,6,2017,9,5,8,3,,1,0,,1,1,1,35,3,2,2,5,0,0,0,0,true,,false,false,false,false,false,,,,,,false,false,true,,,false,false,false,false,false,-83.0343,42.34929,"{
  ""coordinates"": [
    -8.303430448700000e+01,
    4.234928819900010e+01
  ],
  ""type"": ""Point""
}","{
  ""coordinates"": [
    -83.034304487,
    42.349288199
  ],
  ""type"": ""Point""
}",-83.034304487,42.3492881990001
14614,1045169,7 MILE,VAN DYKE,2017-06-01,1,6,2017,18,5,5,3,,4,0,,1,1,1,30,4,2,3,5,0,0,0,0,true,,false,false,true,false,false,,,,,,false,false,false,,,false,false,false,false,false,-83.02451,42.43397,"{
  ""coordinates"": [
    -8.302450672299990e+01,
    4.243397137400010e+01
  ],
  ""type"": ""Point""
}","{
  ""coordinates"": [
    -83.024506723,
    42.433971374
  ],
  ""type"": ""Point""
}",-83.0245067229999,42.4339713740001
14615,1047735,I-94,CONNER,2017-06-01,1,6,2017,9,5,5,1,,1,0,,1,1,1,55,3,4,4,4,0,0,0,1,false,,false,false,false,false,false,,,,,,false,false,false,,,false,false,false,false,false,-82.9906,42.39454,"{
  ""coordinates"": [
    -8.299059952000000e+01,
    4.239453711200010e+01
  ],
  ""type"": ""Point""
}","{
  ""coordinates"": [
    -82.99059952,
    42.394537112
  ],
  ""type"": ""Point""
}",-82.99059952,42.3945371120001
14616,1048845,I-75,CLAY,2017-06-01,1,6,2017,16,5,8,1,,1,0,,1,1,1,55,3,2,2,5,0,0,0,0,true,,false,false,false,false,false,,,,,,false,false,true,,,false,false,false,false,false,-83.06273,42.37856,"{
  ""coordinates"": [
    -8.306272815400000e+01,
    4.237856461300000e+01
  ],
  ""type"": ""Point""
}","{
  ""coordinates"": [
    -83.062728154,
    42.378564613
  ],
  ""type"": ""Point""
}",-83.062728154,42.378564613
14617,1046609,WINTHROP,KENDALL,2017-06-01,1,6,2017,21,5,4,9,,,0,,1,1,4,35,2,2,3,4,0,0,0,3,false,,true,false,false,false,false,,,,,,false,false,true,,,false,false,false,false,false,-83.19928,42.38937,"{
  ""coordinates"": [
    -8.319928003000000e+01,
    4.238936481600010e+01
  ],
  ""type"": ""Point""
}","{
  ""coordinates"": [
    -83.19928003,
    42.389364816
  ],
  ""type"": ""Point""
}",-83.19928003,42.3893648160001
14618,1051595,GREENFIELD,KENDALL,2017-06-01,1,6,2017,22,5,3,9,,2,0,,1,1,4,35,4,2,2,5,0,0,0,0,true,,false,false,false,false,false,,,,,,false,false,false,,,false,false,false,false,false,-83.19826,42.38956,"{
  ""coordinates"": [
    -8.319825419900000e+01,
    4.238955926900010e+01
  ],
  ""type"": ""Point""
}","{
  ""coordinates"": [
    -83.198254199,
    42.389559269
  ],
  ""type"": ""Point""
}",-83.198254199,42.3895592690001
14619,1059977,ELLERY,PRESCOTT,2017-06-01,1,6,2017,16,5,9,9,,,2,,1,1,1,25,2,2,3,5,0,0,0,0,true,,false,false,false,false,false,,,,,,false,false,false,,,false,false,false,false,false,-83.04993,42.40443,"{
  ""coordinates"": [
    -8.304992520899999e+01,
    4.240443547600010e+01
  ],
  ""type"": ""Point""
}","{
  ""coordinates"": [
    -83.049925209,
    42.404435476
  ],
  ""type"": ""Point""
}",-83.049925209,42.4044354760001
14620,1046650,GREENFIELD,ST MARTINS,2017-06-01,1,6,2017,18,5,5,9,,2,0,,1,1,1,35,4,2,2,5,0,0,0,0,true,,false,false,false,false,false,,,,,,false,false,false,,,false,false,false,false,false,-83.20011,42.43607,"{
  ""coordinates"": [
    -8.320010852999999e+01,
    4.243606491400000e+01
  ],
  ""type"": ""Point""
}","{
  ""coordinates"": [
    -83.20010853,
    42.436064914
  ],
  ""type"": ""Point""
}",-83.20010853,42.436064914
14621,1045168,7 MILE,CONANT,2017-06-01,1,6,2017,20,5,4,9,,4,0,,1,1,1,35,2,2,2,5,0,0,0,0,true,,false,false,false,false,false,,,,,,false,false,false,,,false,false,false,false,false,-83.07311,42.43294,"{
  ""coordinates"": [
    -8.307311624499989e+01,
    4.243293735800010e+01
  ],
  ""type"": ""Point""
}","{
  ""coordinates"": [
    -83.073116245,
    42.432937358
  ],
  ""type"": ""Point""
}",-83.0731162449999,42.4329373580001
14622,1047733,S M 10,RAMP 113B,2017-06-01,1,6,2017,6,5,1,3,,1,1,,1,1,1,55,3,1,1,3,0,0,1,0,false,,false,false,false,false,false,,,,,,false,false,true,,,false,false,false,false,false,-83.08868,42.37714,"{
  ""coordinates"": [
    -8.308867746999989e+01,
    4.237714097100010e+01
  ],
  ""type"": ""Point""
}","{
  ""coordinates"": [
    -83.08867747,
    42.377140971
  ],
  ""type"": ""Point""
}",-83.0886774699999,42.3771409710001
14623,1045134,WOODWARD,WARREN,2017-06-01,1,6,2017,11,5,3,3,,1,0,,1,1,1,30,5,2,2,5,0,0,0,0,true,,false,false,false,false,false,,,,,,false,false,true,,,false,false,false,false,false,-83.06432,42.35685,"{
  ""coordinates"": [
    -8.306431229899989e+01,
    4.235684455400010e+01
  ],
  ""type"": ""Point""
}","{
  ""coordinates"": [
    -83.064312299,
    42.356844554
  ],
  ""type"": ""Point""
}",-83.0643122989999,42.3568445540001
14624,1045161,FLANDERS,CHALMERS,2017-06-01,1,6,2017,19,5,4,9,,,0,,1,1,1,25,2,2,3,4,0,0,0,1,false,,false,false,false,false,false,,,,,,false,false,false,,,false,false,false,false,false,-82.97379,42.41916,"{
  ""coordinates"": [
    -8.297378337500000e+01,
    4.241915932700000e+01
  ],
  ""type"": ""Point""
}","{
  ""coordinates"": [
    -82.973783375,
    42.419159327
  ],
  ""type"": ""Point""
}",-82.973783375,42.419159327
14625,1046519,S I 75,PIQUETTE,2017-06-01,1,6,2017,15,5,5,1,,1,0,,1,1,1,55,4,2,2,5,0,0,0,0,true,,false,false,false,false,false,,,,,,false,false,false,,,false,false,false,false,false,-83.05947,42.37159,"{
  ""coordinates"": [
    -8.305946847199991e+01,
    4.237158641100010e+01
  ],
  ""type"": ""Point""
}","{
  ""coordinates"": [
    -83.059468472,
    42.371586411
  ],
  ""type"": ""Point""
}",-83.0594684719999,42.3715864110001
14626,1077668,8 MILE,GRATIOT,2017-06-01,1,6,2017,17,5,10,3,,1,0,,1,1,1,25,2,2,2,5,0,0,0,0,true,,false,false,false,false,false,,,,,,false,true,false,,,false,false,false,false,false,-82.96793,42.44984,"{
  ""coordinates"": [
    -8.296793321199991e+01,
    4.244984240400000e+01
  ],
  ""type"": ""Point""
}","{
  ""coordinates"": [
    -82.967933212,
    42.449842404
  ],
  ""type"": ""Point""
}",-82.9679332119999,42.449842404
14627,1111562,WOODSIDE,COLLINGWOOD,2017-06-01,1,6,2017,18,5,9,9,,,2,,1,1,1,25,2,2,1,4,0,0,0,1,false,,false,false,true,false,false,,,,,,false,false,false,,,false,false,false,false,false,-83.13775,42.37137,"{
  ""coordinates"": [
    -8.313774796300000e+01,
    4.237136771500010e+01
  ],
  ""type"": ""Point""
}","{
  ""coordinates"": [
    -83.137747963,
    42.371367715
  ],
  ""type"": ""Point""
}",-83.137747963,42.3713677150001
14628,1046617,EDMORE,CORDELL,2017-06-01,1,6,2017,1,5,10,9,,,0,,1,1,4,0,1,2,0,5,0,0,0,0,true,,false,false,true,false,false,,,,,,false,false,false,,,false,false,false,false,false,-82.9516,42.44746,"{
  ""coordinates"": [
    -8.295160124700000e+01,
    4.244745937800010e+01
  ],
  ""type"": ""Point""
}","{
  ""coordinates"": [
    -82.951601247,
    42.447459378
  ],
  ""type"": ""Point""
}",-82.951601247,42.4474593780001
14629,1046637,7 MILE,LINCOLNSHIRE,2017-06-01,1,6,2017,3,5,4,9,,2,0,,1,1,4,30,4,2,1,5,0,0,0,0,true,,false,false,true,false,false,,,,,,false,false,false,,,false,false,false,false,false,-83.1187,42.43194,"{
  ""coordinates"": [
    -8.311869580699990e+01,
    4.243193958500010e+01
  ],
  ""type"": ""Point""
}","{
  ""coordinates"": [
    -83.118695807,
    42.431939585
  ],
  ""type"": ""Point""
}",-83.1186958069999,42.4319395850001
14630,1047760,S M 39,LYNDON,2017-06-01,1,6,2017,9,5,5,3,,1,0,,1,1,1,55,3,3,2,5,0,0,0,0,true,,false,false,false,false,false,,,,,,false,false,false,,,false,false,false,false,false,-83.21806,42.39315,"{
  ""coordinates"": [
    -8.321805547600000e+01,
    4.239314527800010e+01
  ],
  ""type"": ""Point""
}","{
  ""coordinates"": [
    -83.218055476,
    42.393145278
  ],
  ""type"": ""Point""
}",-83.218055476,42.3931452780001
14631,1045118,GRAND RIVER,STRATHMOOR,2017-06-01,1,6,2017,17,5,4,3,,1,0,,1,1,1,35,7,2,3,5,0,0,0,0,true,,false,false,false,false,false,,,,,,false,false,true,,,false,false,false,false,false,-83.18786,42.38844,"{
  ""coordinates"": [
    -8.318785991000000e+01,
    4.238843380100010e+01
  ],
  ""type"": ""Point""
}","{
  ""coordinates"": [
    -83.18785991,
    42.388433801
  ],
  ""type"": ""Point""
}",-83.18785991,42.3884338010001
14632,1052924,GRATIOT,7 MILE,2017-06-01,1,6,2017,17,5,5,3,,1,0,,1,1,1,35,7,2,3,5,0,0,0,0,true,,false,false,false,false,false,,,,,,false,true,true,,,false,false,false,false,false,-82.97768,42.43511,"{
  ""coordinates"": [
    -8.297767372399990e+01,
    4.243511016400000e+01
  ],
  ""type"": ""Point""
}","{
  ""coordinates"": [
    -82.977673724,
    42.435110164
  ],
  ""type"": ""Point""
}",-82.9776737239999,42.435110164
14633,1047743,N M 10,RAMP 123B,2017-06-01,1,6,2017,17,5,5,3,,1,0,,1,1,1,55,3,3,3,5,0,0,0,0,true,,false,false,false,false,false,,,,,,false,false,true,,,false,false,false,false,false,-83.05966,42.33015,"{
  ""coordinates"": [
    -8.305966338000000e+01,
    4.233014785000010e+01
  ],
  ""type"": ""Point""
}","{
  ""coordinates"": [
    -83.05966338,
    42.33014785
  ],
  ""type"": ""Point""
}",-83.05966338,42.3301478500001
14634,1045106,W I 96,MARTIN LUTHER KING JR,2017-06-01,1,6,2017,8,5,5,1,,1,0,,1,1,1,55,4,2,2,5,0,0,0,0,true,,false,false,false,false,false,,,,,,false,false,false,,,false,false,false,false,false,-83.09087,42.33677,"{
  ""coordinates"": [
    -8.309086269600000e+01,
    4.233677395500010e+01
  ],
  ""type"": ""Point""
}","{
  ""coordinates"": [
    -83.090862696,
    42.336773955
  ],
  ""type"": ""Point""
}",-83.090862696,42.3367739550001
14635,1087742,S M 10,RAMP 215B,2017-06-01,1,6,2017,7,5,5,3,,1,0,,1,1,1,55,3,2,2,5,0,0,0,0,true,,false,false,false,false,false,,,,,,false,true,false,,,false,false,false,false,false,-83.07751,42.36045,"{
  ""coordinates"": [
    -8.307750916899990e+01,
    4.236044812800000e+01
  ],
  ""type"": ""Point""
}","{
  ""coordinates"": [
    -83.077509169,
    42.360448128
  ],
  ""type"": ""Point""
}",-83.0775091689999,42.360448128
14636,1057213,M-10,OAKMAN,2017-06-01,1,6,2017,7,5,5,3,,1,0,,1,1,1,55,3,2,2,5,0,0,0,0,true,,false,false,true,false,false,,,,,,false,false,false,,,false,false,false,false,false,-83.11141,42.39869,"{
  ""coordinates"": [
    -8.311141516700000e+01,
    4.239869354300000e+01
  ],
  ""type"": ""Point""
}","{
  ""coordinates"": [
    -83.111415167,
    42.398693543
  ],
  ""type"": ""Point""
}",-83.111415167,42.398693543
14637,1047744,S/B I 75,CLAY,2017-06-01,1,6,2017,16,5,5,1,,1,0,,1,1,1,55,4,2,2,5,0,0,0,0,true,,false,false,false,false,false,,,,,,false,false,false,,,false,false,false,false,false,-83.06198,42.377,"{
  ""coordinates"": [
    -8.306198364799999e+01,
    4.237700127300010e+01
  ],
  ""type"": ""Point""
}","{
  ""coordinates"": [
    -83.061983648,
    42.377001273
  ],
  ""type"": ""Point""
}",-83.061983648,42.3770012730001
14638,1136217,GRATIOT,EASTWOOD,2017-06-01,1,6,2017,16,5,4,3,,1,0,,1,1,1,25,7,2,3,4,0,0,0,3,false,,false,false,false,false,false,,,,,,false,true,false,,,false,false,false,false,false,-82.97903,42.43305,"{
  ""coordinates"": [
    -8.297902888199999e+01,
    4.243305345500000e+01
  ],
  ""type"": ""Point""
}","{
  ""coordinates"": [
    -82.979028882,
    42.433053455
  ],
  ""type"": ""Point""
}",-82.979028882,42.433053455
14639,1045116,MOROSS,E I 94,2017-06-01,1,6,2017,8,5,5,9,,2,0,,1,1,1,35,4,2,3,4,0,0,0,1,false,,false,false,false,false,false,,,,,,false,false,true,,,false,false,false,false,false,-82.92854,42.42471,"{
  ""coordinates"": [
    -8.292854070899990e+01,
    4.242470750300000e+01
  ],
  ""type"": ""Point""
}","{
  ""coordinates"": [
    -82.928540709,
    42.424707503
  ],
  ""type"": ""Point""
}",-82.9285407089999,42.424707503
14640,1046640,LIVERNOIS,PEMBROOK,2017-06-01,1,6,2017,18,5,1,9,,4,0,,1,1,1,35,2,2,0,4,0,0,0,1,false,,false,false,true,false,false,,,,,,true,false,false,,,false,false,false,false,false,-83.14163,42.43884,"{
  ""coordinates"": [
    -8.314163439100000e+01,
    4.243884413100010e+01
  ],
  ""type"": ""Point""
}","{
  ""coordinates"": [
    -83.141634391,
    42.438844131
  ],
  ""type"": ""Point""
}",-83.141634391,42.4388441310001
14641,1060443,M39,8 MILE,2017-06-01,1,6,2017,18,5,5,3,,1,0,,1,1,1,55,3,2,2,5,0,0,0,0,true,,false,false,false,false,false,,,,,,false,false,true,,,false,false,false,false,false,-83.21981,42.4439,"{
  ""coordinates"": [
    -8.321980691800000e+01,
    4.244389773500010e+01
  ],
  ""type"": ""Point""
}","{
  ""coordinates"": [
    -83.219806918,
    42.443897735
  ],
  ""type"": ""Point""
}",-83.219806918,42.4438977350001
14642,1046516,I-94,ROOSEVELT,2017-06-01,1,6,2017,7,5,5,9,,,0,,1,1,2,55,3,4,6,4,0,0,0,1,false,,false,false,false,false,false,,,,,,false,true,false,,,false,false,false,false,false,-83.10476,42.34877,"{
  ""coordinates"": [
    -8.310475919100000e+01,
    4.234877477100010e+01
  ],
  ""type"": ""Point""
}","{
  ""coordinates"": [
    -83.104759191,
    42.348774771
  ],
  ""type"": ""Point""
}",-83.104759191,42.3487747710001
14643,1045165,WOODROW WILSON,WEBB,2017-06-01,1,6,2017,17,5,9,9,,4,0,,1,1,1,30,2,2,3,5,0,0,0,0,true,,false,false,false,false,false,,,,,,false,false,false,,,false,false,false,false,false,-83.10335,42.3874,"{
  ""coordinates"": [
    -8.310334700399990e+01,
    4.238740141000010e+01
  ],
  ""type"": ""Point""
}","{
  ""coordinates"": [
    -83.103347004,
    42.38740141
  ],
  ""type"": ""Point""
}",-83.1033470039999,42.3874014100001
14644,1045136,MICHIGAN,JEFFRIES,2017-06-01,1,6,2017,18,5,5,2,,1,0,,1,1,1,30,4,3,8,5,0,0,0,0,true,,false,false,false,false,false,,,,,,false,false,false,,,false,false,false,false,false,-83.08732,42.33146,"{
  ""coordinates"": [
    -8.308731641100000e+01,
    4.233145587300000e+01
  ],
  ""type"": ""Point""
}","{
  ""coordinates"": [
    -83.087316411,
    42.331455873
  ],
  ""type"": ""Point""
}",-83.087316411,42.331455873
14645,1046655,GREENFIELD,PILGRIM,2017-06-01,1,6,2017,23,5,8,9,,2,0,,4,1,5,35,4,2,2,5,0,0,0,0,true,,false,false,false,false,false,,,,,,false,false,false,,,false,false,false,false,false,-83.19894,42.40673,"{
  ""coordinates"": [
    -8.319893274799990e+01,
    4.240672946600010e+01
  ],
  ""type"": ""Point""
}","{
  ""coordinates"": [
    -83.198932748,
    42.406729466
  ],
  ""type"": ""Point""
}",-83.1989327479999,42.4067294660001
14646,1054952,S I 375,JEFFERSON,2017-06-01,1,6,2017,18,5,5,1,,1,0,,1,1,1,55,3,3,4,4,0,0,0,2,false,,false,false,false,false,false,,,,,,false,false,true,,,false,false,false,false,false,-83.03873,42.33128,"{
  ""coordinates"": [
    -8.303872512800000e+01,
    4.233127747100010e+01
  ],
  ""type"": ""Point""
}","{
  ""coordinates"": [
    -83.038725128,
    42.331277471
  ],
  ""type"": ""Point""
}",-83.038725128,42.3312774710001
14647,1052895,GREENFIELD,JOY,2017-06-01,1,6,2017,21,5,97,9,,2,0,,1,1,3,35,4,2,1,5,0,0,0,0,true,,false,false,true,false,false,,,,,,false,false,false,,,false,false,false,false,false,-83.19699,42.35814,"{
  ""coordinates"": [
    -8.319699252399990e+01,
    4.235813564000010e+01
  ],
  ""type"": ""Point""
}","{
  ""coordinates"": [
    -83.196992524,
    42.35813564
  ],
  ""type"": ""Point""
}",-83.1969925239999,42.3581356400001
14648,1045142,GLEASON,FORT,2017-06-01,1,6,2017,15,5,97,3,,,0,,1,1,1,25,2,2,1,4,0,0,0,1,false,,false,false,false,false,false,,,,,,true,true,false,,,false,false,false,false,false,-83.16498,42.26498,"{
  ""coordinates"": [
    -8.316497791200000e+01,
    4.226498272400000e+01
  ],
  ""type"": ""Point""
}","{
  ""coordinates"": [
    -83.164977912,
    42.264982724
  ],
  ""type"": ""Point""
}",-83.164977912,42.264982724
14649,1047740,I-75,ROSA PARKS,2017-06-01,1,6,2017,15,5,8,1,,4,0,,1,1,1,70,3,2,2,5,0,0,0,0,true,,false,false,false,false,false,,,,,,false,false,false,,,false,false,false,false,false,-83.07359,42.33382,"{
  ""coordinates"": [
    -8.307359194000000e+01,
    4.233381914900010e+01
  ],
  ""type"": ""Point""
}","{
  ""coordinates"": [
    -83.07359194,
    42.333819149
  ],
  ""type"": ""Point""
}",-83.07359194,42.3338191490001
14650,1051597,RIVARD,RUSSELL,2017-06-01,1,6,2017,13,5,97,9,,,0,,1,1,1,25,6,2,3,5,0,0,0,0,true,,false,false,false,false,false,,,,,,false,false,false,,,false,false,false,false,false,-83.05586,42.36952,"{
  ""coordinates"": [
    -8.305586382099990e+01,
    4.236952136900000e+01
  ],
  ""type"": ""Point""
}","{
  ""coordinates"": [
    -83.055863821,
    42.369521369
  ],
  ""type"": ""Point""
}",-83.0558638209999,42.369521369
14651,1045096,N I 75,FORT,2017-06-01,1,6,2017,6,5,8,1,,1,0,,1,1,1,55,3,2,2,3,0,0,1,0,false,,false,false,false,false,false,,,,,,false,false,false,,,false,false,true,false,false,-83.15227,42.2788,"{
  ""coordinates"": [
    -8.315226831900000e+01,
    4.227879683600000e+01
  ],
  ""type"": ""Point""
}","{
  ""coordinates"": [
    -83.152268319,
    42.278796836
  ],
  ""type"": ""Point""
}",-83.152268319,42.278796836
14652,1046550,SCHAEFER,CHALFONTE,2017-06-01,1,6,2017,14,5,5,9,,4,0,,1,1,1,30,2,2,3,4,0,0,0,1,false,,false,false,false,false,false,,,,,,false,false,false,,,false,false,false,false,false,-83.179,42.39934,"{
  ""coordinates"": [
    -8.317900138899989e+01,
    4.239933945900000e+01
  ],
  ""type"": ""Point""
}","{
  ""coordinates"": [
    -83.179001389,
    42.399339459
  ],
  ""type"": ""Point""
}",-83.1790013889999,42.399339459
14653,1044278,WOODWARD,BALTIMORE,2017-06-01,1,6,2017,7,5,5,3,,1,0,,1,1,1,45,3,2,2,4,0,0,0,1,false,,false,false,false,false,false,,,,,,false,false,false,,,false,false,false,false,false,-83.07209,42.36842,"{
  ""coordinates"": [
    -8.307209393499990e+01,
    4.236841910600000e+01
  ],
  ""type"": ""Point""
}","{
  ""coordinates"": [
    -83.072093935,
    42.368419106
  ],
  ""type"": ""Point""
}",-83.0720939349999,42.368419106