ObjectId,Crash ID,Primary Road,Intersecting Road,Crash Date,Day,Month,Year,Hour,Weekday,Crash Type Code,Highway Classification Code,Community Code,Jurisdiction Code,Lane Departure Type Code,Surface Type,Road Condition,Weather Condition,Lighting Condition,Speed Limit,Lanes,Units,Occupants,Most Severe Injury,Fatal Injuries,Suspected Serious Injuries,Suspected Minor Injuries,Possible Injuries,Property Damage Only,Secondary Crash,Traffic Control,Red Light Run,Hit and Run,Alcohol,Drugs,Unbelted Person,Work Zone,Speeding Driver,Distracted Driver,Driveway,Pedestrian,Elderly Driver,Young Driver,Commercial Vehicle,Emergency Vehicles,Train,School Bus,Motorcycle,Bicycle,Deer,Longitude,Latitude,geom,geog,x,y
14654,1046598,I 96,SOUTHFIELD,2017-06-01,1,6,2017,17,5,97,1,,1,0,,1,1,1,55,8,2,1,5,0,0,0,0,true,,false,false,false,false,false,,,,,,false,true,false,,,false,false,false,false,false,-83.21918,42.37856,"{
  ""coordinates"": [
    -8.321918450200000e+01,
    4.237856069800010e+01
  ],
  ""type"": ""Point""
}","{
  ""coordinates"": [
    -83.219184502,
    42.378560698
  ],
  ""type"": ""Point""
}",-83.219184502,42.3785606980001
14655,1045151,WARREN,YORKSHIRE,2017-06-01,1,6,2017,19,5,4,9,,4,0,,1,1,1,35,5,2,99,5,0,0,0,0,true,,true,false,true,false,false,,,,,,false,false,false,,,false,false,false,false,false,-82.9341,42.40451,"{
  ""coordinates"": [
    -8.293410704699990e+01,
    4.240451049800000e+01
  ],
  ""type"": ""Point""
}","{
  ""coordinates"": [
    -82.934107047,
    42.404510498
  ],
  ""type"": ""Point""
}",-82.9341070469999,42.404510498
14656,1046584,S M 39 SERVICE DRIVE,DOVER,2017-06-01,1,6,2017,12,5,8,9,,4,0,,1,1,1,30,2,2,3,4,0,0,0,2,false,,false,false,false,false,false,,,,,,false,true,false,,,false,false,false,false,false,-83.21683,42.36037,"{
  ""coordinates"": [
    -8.321682497300000e+01,
    4.236037134000000e+01
  ],
  ""type"": ""Point""
}","{
  ""coordinates"": [
    -83.216824973,
    42.36037134
  ],
  ""type"": ""Point""
}",-83.216824973,42.36037134
14657,1045160,GRATIOT,CARLISLE,2017-06-01,1,6,2017,9,5,5,3,,1,0,,1,1,1,35,7,2,1,5,0,0,0,0,true,,false,false,false,false,false,,,,,,false,false,false,,,false,false,false,false,false,-82.9685,42.44901,"{
  ""coordinates"": [
    -8.296850091999990e+01,
    4.244900339600010e+01
  ],
  ""type"": ""Point""
}","{
  ""coordinates"": [
    -82.96850092,
    42.449003396
  ],
  ""type"": ""Point""
}",-82.9685009199999,42.4490033960001
14658,1049645,S I 375,S I 75,2017-06-01,1,6,2017,17,5,5,1,,1,0,,1,1,1,55,2,2,2,4,0,0,0,1,false,,false,false,false,false,false,,,,,,false,false,false,,,false,false,false,false,false,-83.04465,42.34584,"{
  ""coordinates"": [
    -8.304465236399990e+01,
    4.234584312700010e+01
  ],
  ""type"": ""Point""
}","{
  ""coordinates"": [
    -83.044652364,
    42.345843127
  ],
  ""type"": ""Point""
}",-83.0446523639999,42.3458431270001
14659,1057164,S/B I 75,7 MILE,2017-06-01,1,6,2017,17,5,8,1,,1,0,,1,1,1,55,4,2,1,5,0,0,0,0,true,,false,false,true,false,false,,,,,,false,false,false,,,false,false,false,false,false,-83.09475,42.43104,"{
  ""coordinates"": [
    -8.309474962099991e+01,
    4.243104023500010e+01
  ],
  ""type"": ""Point""
}","{
  ""coordinates"": [
    -83.094749621,
    42.431040235
  ],
  ""type"": ""Point""
}",-83.0947496209999,42.4310402350001
14660,1045158,GRAND RIVER,SOUTHFIELD,2017-06-01,1,6,2017,7,5,6,3,,1,0,,1,1,1,35,5,2,2,5,0,0,0,0,true,,false,false,false,false,false,,,,,,false,false,false,,,false,false,false,false,false,-83.21857,42.40082,"{
  ""coordinates"": [
    -8.321857432400000e+01,
    4.240082235100000e+01
  ],
  ""type"": ""Point""
}","{
  ""coordinates"": [
    -83.218574324,
    42.400822351
  ],
  ""type"": ""Point""
}",-83.218574324,42.400822351
14661,1045145,RISDON,GRAND,2017-06-01,1,6,2017,18,5,9,9,,,2,,1,1,1,30,2,2,1,5,0,0,0,0,true,,false,false,false,false,false,,,,,,false,false,false,,,false,false,false,false,false,-83.09367,42.32865,"{
  ""coordinates"": [
    -8.309366787700000e+01,
    4.232865148900000e+01
  ],
  ""type"": ""Point""
}","{
  ""coordinates"": [
    -83.093667877,
    42.328651489
  ],
  ""type"": ""Point""
}",-83.093667877,42.328651489
14662,1047736,I-96,MARTIN LUTHER KING,2017-06-01,1,6,2017,10,5,5,1,,1,0,,1,1,1,55,3,2,2,5,0,0,0,0,true,,false,false,false,false,false,,,,,,false,false,true,,,false,false,false,false,false,-83.09161,42.33747,"{
  ""coordinates"": [
    -8.309160314099999e+01,
    4.233746565900000e+01
  ],
  ""type"": ""Point""
}","{
  ""coordinates"": [
    -83.091603141,
    42.337465659
  ],
  ""type"": ""Point""
}",-83.091603141,42.337465659
14663,1045133,KIRBY,14TH,2017-06-01,1,6,2017,17,5,10,9,,4,0,,1,1,1,25,2,2,2,5,0,0,0,0,true,,false,false,false,false,false,,,,,,false,true,false,,,false,false,false,false,false,-83.08831,42.35316,"{
  ""coordinates"": [
    -8.308831085900000e+01,
    4.235316004700010e+01
  ],
  ""type"": ""Point""
}","{
  ""coordinates"": [
    -83.088310859,
    42.353160047
  ],
  ""type"": ""Point""
}",-83.088310859,42.3531600470001
14664,1044306,GRATIOT,GLENWOOD,2017-05-31,31,5,2017,19,4,4,3,,1,0,,1,1,1,35,3,2,2,5,0,0,0,0,true,,false,false,false,false,false,,,,,,false,true,true,,,false,false,false,false,false,-82.98077,42.43042,"{
  ""coordinates"": [
    -8.298076524899990e+01,
    4.243042195400010e+01
  ],
  ""type"": ""Point""
}","{
  ""coordinates"": [
    -82.980765249,
    42.430421954
  ],
  ""type"": ""Point""
}",-82.9807652489999,42.4304219540001
14665,1044321,ILENE,CHIPPEWA,2017-05-31,31,5,2017,15,4,10,9,,,0,,1,1,1,25,1,2,2,5,0,0,0,0,true,,false,false,false,false,false,,,,,,false,true,false,,,false,false,false,false,false,-83.16349,42.44115,"{
  ""coordinates"": [
    -8.316349209000001e+01,
    4.244114619500000e+01
  ],
  ""type"": ""Point""
}","{
  ""coordinates"": [
    -83.16349209,
    42.441146195
  ],
  ""type"": ""Point""
}",-83.16349209,42.441146195
14666,1045091,I-75,STATE FAIR,2017-05-31,31,5,2017,11,4,1,1,,1,1,,1,1,1,70,4,1,1,5,0,0,0,0,true,,false,false,false,false,false,,,,,,false,false,false,,,false,false,false,false,false,-83.09514,42.43829,"{
  ""coordinates"": [
    -8.309514219999990e+01,
    4.243829485000000e+01
  ],
  ""type"": ""Point""
}","{
  ""coordinates"": [
    -83.0951422,
    42.43829485
  ],
  ""type"": ""Point""
}",-83.0951421999999,42.43829485
14667,1046518,RAMP 047H,DAVISON,2017-05-31,31,5,2017,6,4,6,1,,1,0,,1,1,1,55,1,2,2,5,0,0,0,0,true,,false,false,false,false,false,,,,,,false,false,true,,,false,false,false,false,false,-83.08038,42.40816,"{
  ""coordinates"": [
    -8.308037579700000e+01,
    4.240816186800000e+01
  ],
  ""type"": ""Point""
}","{
  ""coordinates"": [
    -83.080375797,
    42.408161868
  ],
  ""type"": ""Point""
}",-83.080375797,42.408161868
14668,1044275,THIRD,PETERBORO,2017-05-31,31,5,2017,14,4,4,9,,4,0,,1,1,1,30,6,2,5,4,0,0,0,1,false,,false,false,false,false,true,,,,,,false,false,false,,,false,false,false,false,false,-83.06448,42.34292,"{
  ""coordinates"": [
    -8.306448112600000e+01,
    4.234292373600000e+01
  ],
  ""type"": ""Point""
}","{
  ""coordinates"": [
    -83.064481126,
    42.342923736
  ],
  ""type"": ""Point""
}",-83.064481126,42.342923736
14669,1044284,DIX,OAKWOOD,2017-05-31,31,5,2017,13,4,5,9,,2,0,,1,1,1,30,4,2,2,5,0,0,0,0,true,,false,false,false,false,false,,,,,,false,false,true,,,false,false,false,false,false,-83.15572,42.29141,"{
  ""coordinates"": [
    -8.315572034000000e+01,
    4.229140786400010e+01
  ],
  ""type"": ""Point""
}","{
  ""coordinates"": [
    -83.15572034,
    42.291407864
  ],
  ""type"": ""Point""
}",-83.15572034,42.2914078640001
14670,1044294,EWALD,SCHOOLCRAFT,2017-05-31,31,5,2017,16,4,5,9,,4,0,,1,2,1,25,1,2,2,5,0,0,0,0,true,,false,false,true,false,false,,,,,,false,false,false,,,false,false,false,false,false,-83.14547,42.38809,"{
  ""coordinates"": [
    -8.314547234000000e+01,
    4.238809252600000e+01
  ],
  ""type"": ""Point""
}","{
  ""coordinates"": [
    -83.14547234,
    42.388092526
  ],
  ""type"": ""Point""
}",-83.14547234,42.388092526
14671,1044287,FORT,SPRINGWELL,2017-05-31,31,5,2017,14,4,8,3,,1,0,,1,1,1,30,5,2,4,4,0,0,0,1,false,,false,false,false,false,false,,,,,,false,false,false,,,false,false,false,false,false,-83.12117,42.29944,"{
  ""coordinates"": [
    -8.312116721800000e+01,
    4.229943865700010e+01
  ],
  ""type"": ""Point""
}","{
  ""coordinates"": [
    -83.121167218,
    42.299438657
  ],
  ""type"": ""Point""
}",-83.121167218,42.2994386570001
14672,1044267,JEFFERSON,GRISWOLD,2017-05-31,31,5,2017,17,4,5,3,,1,0,,1,1,1,30,3,2,3,5,0,0,0,0,true,,false,false,false,false,false,,,,,,false,false,false,,,false,false,false,false,false,-83.04543,42.3284,"{
  ""coordinates"": [
    -8.304543276200000e+01,
    4.232840018700010e+01
  ],
  ""type"": ""Point""
}","{
  ""coordinates"": [
    -83.045432762,
    42.328400187
  ],
  ""type"": ""Point""
}",-83.045432762,42.3284001870001
14673,1044314,VICTORIA,FLEMING,2017-05-31,31,5,2017,2,4,8,9,,,0,,1,1,1,25,2,2,0,5,0,0,0,0,true,,false,false,true,false,false,,,,,,false,false,false,,,false,false,false,false,false,-83.07593,42.41305,"{
  ""coordinates"": [
    -8.307592468500000e+01,
    4.241304699100000e+01
  ],
  ""type"": ""Point""
}","{
  ""coordinates"": [
    -83.075924685,
    42.413046991
  ],
  ""type"": ""Point""
}",-83.075924685,42.413046991
14674,1050709,LAFAYETTE,ORLEANS,2017-05-31,31,5,2017,15,4,5,9,,4,0,,1,1,1,30,6,2,4,5,0,0,0,0,true,,false,false,false,false,false,,,,,,false,false,true,,,false,false,false,false,false,-83.03191,42.3382,"{
  ""coordinates"": [
    -8.303190953099990e+01,
    4.233820520100010e+01
  ],
  ""type"": ""Point""
}","{
  ""coordinates"": [
    -83.031909531,
    42.338205201
  ],
  ""type"": ""Point""
}",-83.0319095309999,42.3382052010001
14675,1045097,W I 94,HARPER,2017-05-31,31,5,2017,18,4,8,1,,1,0,,1,1,1,55,3,2,2,4,0,0,0,1,false,,false,false,false,true,false,,,,,,false,false,false,,,false,false,false,false,false,-82.94792,42.40955,"{
  ""coordinates"": [
    -8.294792065800000e+01,
    4.240955175800010e+01
  ],
  ""type"": ""Point""
}","{
  ""coordinates"": [
    -82.947920658,
    42.409551758
  ],
  ""type"": ""Point""
}",-82.947920658,42.4095517580001
14676,1044327,MCNICHOLS,SORRENTO,2017-05-31,31,5,2017,17,4,8,9,,2,0,,1,1,1,30,5,2,1,5,0,0,0,0,true,,false,false,true,false,false,,,,,,false,false,false,,,false,false,false,false,false,-83.1739,42.41664,"{
  ""coordinates"": [
    -8.317390248800000e+01,
    4.241663698300000e+01
  ],
  ""type"": ""Point""
}","{
  ""coordinates"": [
    -83.173902488,
    42.416636983
  ],
  ""type"": ""Point""
}",-83.173902488,42.416636983
14677,1045093,I-75,DAVISON,2017-05-31,31,5,2017,15,4,8,1,,1,0,,1,1,1,70,4,2,3,5,0,0,0,0,true,,false,false,false,false,false,,,,,,false,false,false,,,false,false,false,false,false,-83.0783,42.40755,"{
  ""coordinates"": [
    -8.307830086199991e+01,
    4.240754718600000e+01
  ],
  ""type"": ""Point""
}","{
  ""coordinates"": [
    -83.078300862,
    42.407547186
  ],
  ""type"": ""Point""
}",-83.0783008619999,42.407547186
14678,1044289,HARPER,CADIEUX,2017-05-31,31,5,2017,16,4,5,9,,4,0,,1,1,1,30,5,2,2,5,0,0,0,0,true,,false,false,false,false,false,,,,,,false,false,false,,,false,false,false,false,false,-82.93653,42.41648,"{
  ""coordinates"": [
    -8.293652841799999e+01,
    4.241648404500010e+01
  ],
  ""type"": ""Point""
}","{
  ""coordinates"": [
    -82.936528418,
    42.416484045
  ],
  ""type"": ""Point""
}",-82.936528418,42.4164840450001
14679,1067045,GRATIOT,CONNER,2017-05-31,31,5,2017,8,4,4,3,,1,0,,1,1,1,35,7,2,2,5,0,0,0,0,true,,false,false,true,false,false,,,,,,false,false,false,,,false,false,false,false,false,-82.99755,42.40484,"{
  ""coordinates"": [
    -8.299755012999999e+01,
    4.240483824400010e+01
  ],
  ""type"": ""Point""
}","{
  ""coordinates"": [
    -82.99755013,
    42.404838244
  ],
  ""type"": ""Point""
}",-82.99755013,42.4048382440001
14680,1047767,CANFIELD,AVERY,2017-05-31,31,5,2017,8,4,8,9,,4,0,,1,1,1,25,2,2,1,5,0,0,0,0,true,,false,false,true,false,false,,,,,,false,false,false,,,false,false,false,false,false,-83.07891,42.34731,"{
  ""coordinates"": [
    -8.307891035999999e+01,
    4.234730921600000e+01
  ],
  ""type"": ""Point""
}","{
  ""coordinates"": [
    -83.07891036,
    42.347309216
  ],
  ""type"": ""Point""
}",-83.07891036,42.347309216
14681,1044302,GRAND RIVER,FIELDING,2017-05-31,31,5,2017,18,4,5,3,,1,0,,1,1,1,35,5,2,1,5,0,0,0,0,true,,false,false,true,false,false,,,,,,false,false,false,,,false,false,false,false,false,-83.24327,42.41075,"{
  ""coordinates"": [
    -8.324326979499990e+01,
    4.241074836700010e+01
  ],
  ""type"": ""Point""
}","{
  ""coordinates"": [
    -83.243269795,
    42.410748367
  ],
  ""type"": ""Point""
}",-83.2432697949999,42.4107483670001
14682,1045105,M-39,SCHOOLCRAFT,2017-05-31,31,5,2017,8,4,5,3,,1,0,,1,1,1,55,3,2,2,5,0,0,0,0,true,,false,false,false,false,false,,,,,,false,false,true,,,false,false,false,false,false,-83.21771,42.39034,"{
  ""coordinates"": [
    -8.321771497500001e+01,
    4.239033999400000e+01
  ],
  ""type"": ""Point""
}","{
  ""coordinates"": [
    -83.217714975,
    42.390339994
  ],
  ""type"": ""Point""
}",-83.217714975,42.390339994
14683,1046638,ARDMORE,SAINT MARTINS,2017-05-31,31,5,2017,18,4,4,9,,,0,,1,1,1,25,1,2,3,4,0,0,0,1,false,,false,false,false,false,false,,,,,,false,false,true,,,false,false,false,false,false,-83.18546,42.43614,"{
  ""coordinates"": [
    -8.318545366200000e+01,
    4.243614220000010e+01
  ],
  ""type"": ""Point""
}","{
  ""coordinates"": [
    -83.185453662,
    42.4361422
  ],
  ""type"": ""Point""
}",-83.185453662,42.4361422000001
14684,1044312,DAVISON,DAVISON,2017-05-31,31,5,2017,3,4,3,3,,1,0,,1,1,4,30,6,2,1,5,0,0,0,0,true,,false,false,true,false,false,,,,,,false,false,false,,,false,false,false,false,false,-83.13855,42.38681,"{
  ""coordinates"": [
    -8.313854736000000e+01,
    4.238680866500000e+01
  ],
  ""type"": ""Point""
}","{
  ""coordinates"": [
    -83.13854736,
    42.386808665
  ],
  ""type"": ""Point""
}",-83.13854736,42.386808665
14685,1044300,FENKELL,OAKFIELD,2017-05-31,31,5,2017,21,4,4,9,,2,0,,1,1,1,35,2,2,2,4,0,0,0,1,false,,false,false,true,true,false,,,,,,false,false,false,,,false,false,false,false,false,-83.21429,42.40119,"{
  ""coordinates"": [
    -8.321428921099989e+01,
    4.240119332700000e+01
  ],
  ""type"": ""Point""
}","{
  ""coordinates"": [
    -83.214289211,
    42.401193327
  ],
  ""type"": ""Point""
}",-83.2142892109999,42.401193327
14686,1046573,JEFFERSON,DEARBORN,2017-05-31,31,5,2017,16,4,8,9,,4,0,,1,1,1,30,2,2,2,5,0,0,0,0,true,,false,false,false,false,false,,,,,,false,false,false,,,false,false,false,false,false,-83.11669,42.29092,"{
  ""coordinates"": [
    -8.311669012399990e+01,
    4.229092464400000e+01
  ],
  ""type"": ""Point""
}","{
  ""coordinates"": [
    -83.116690124,
    42.290924644
  ],
  ""type"": ""Point""
}",-83.1166901239999,42.290924644
14687,1044283,MULLANE,LONGWORTH,2017-05-31,31,5,2017,11,4,9,9,,,0,,1,1,1,25,3,2,1,5,0,0,0,0,true,,false,false,false,false,false,,,,,,false,false,false,,,false,false,false,false,false,-83.12587,42.30492,"{
  ""coordinates"": [
    -8.312587355999990e+01,
    4.230491579100000e+01
  ],
  ""type"": ""Point""
}","{
  ""coordinates"": [
    -83.12587356,
    42.304915791
  ],
  ""type"": ""Point""
}",-83.1258735599999,42.304915791
14688,1044329,RAMP 029A,N I 75,2017-05-31,31,5,2017,14,4,5,1,,1,0,,1,1,1,45,2,2,2,5,0,0,0,0,true,,false,false,false,false,false,,,,,,false,false,false,,,false,false,false,false,false,-83.15768,42.27633,"{
  ""coordinates"": [
    -8.315767901500000e+01,
    4.227632680400010e+01
  ],
  ""type"": ""Point""
}","{
  ""coordinates"": [
    -83.157679015,
    42.276326804
  ],
  ""type"": ""Point""
}",-83.157679015,42.2763268040001
14689,1044322,8 MILE,N M 39,2017-05-31,31,5,2017,1,4,5,3,,1,0,,1,2,4,0,4,2,1,5,0,0,0,0,true,,false,false,false,false,false,,,,,,false,false,false,,,false,false,false,false,false,-83.21962,42.44418,"{
  ""coordinates"": [
    -8.321962274500000e+01,
    4.244418351200010e+01
  ],
  ""type"": ""Point""
}","{
  ""coordinates"": [
    -83.219622745,
    42.444183512
  ],
  ""type"": ""Point""
}",-83.219622745,42.4441835120001
14690,1044315,PALLISTER,KIPLING,2017-05-31,31,5,2017,15,4,1,9,,,0,,1,1,1,25,2,2,1,4,0,0,0,1,false,,false,false,true,false,false,,,,,,false,false,false,,,false,false,false,true,false,-83.08949,42.36827,"{
  ""coordinates"": [
    -8.308948727700000e+01,
    4.236826534200000e+01
  ],
  ""type"": ""Point""
}","{
  ""coordinates"": [
    -83.089487277,
    42.368265342
  ],
  ""type"": ""Point""
}",-83.089487277,42.368265342
14691,1045150,W I 94,CHENE,2017-05-31,31,5,2017,17,4,5,1,,1,0,,1,1,1,55,3,2,3,5,0,0,0,0,true,,false,false,false,false,false,,,,,,false,false,false,,,false,false,false,false,false,-83.04623,42.3745,"{
  ""coordinates"": [
    -8.304623328799990e+01,
    4.237449646600000e+01
  ],
  ""type"": ""Point""
}","{
  ""coordinates"": [
    -83.046233288,
    42.374496466
  ],
  ""type"": ""Point""
}",-83.0462332879999,42.374496466
14692,1044324,DAVISON,STOEPEL,2017-05-31,31,5,2017,9,4,5,3,,1,0,,1,1,1,30,3,2,2,4,0,0,0,1,false,,false,false,false,false,false,,,,,,false,false,true,,,false,false,false,false,false,-83.14028,42.38647,"{
  ""coordinates"": [
    -8.314028424500000e+01,
    4.238647634600010e+01
  ],
  ""type"": ""Point""
}","{
  ""coordinates"": [
    -83.140284245,
    42.386476346
  ],
  ""type"": ""Point""
}",-83.140284245,42.3864763460001
14693,1044280,FORT,N I 75,2017-05-31,31,5,2017,11,4,5,3,,1,0,,1,1,1,30,3,2,2,5,0,0,0,0,true,,false,false,false,false,false,,,,,,false,false,false,,,false,false,false,false,false,-83.15362,42.27795,"{
  ""coordinates"": [
    -8.315361962700000e+01,
    4.227795083400010e+01
  ],
  ""type"": ""Point""
}","{
  ""coordinates"": [
    -83.153619627,
    42.277950834
  ],
  ""type"": ""Point""
}",-83.153619627,42.2779508340001
14694,1044304,HEYDEN,GLENCO,2017-05-31,31,5,2017,2,4,4,9,,,0,,1,1,4,25,1,2,0,5,0,0,0,0,true,,false,false,false,false,false,,,,,,false,false,false,,,false,false,false,false,false,-83.24042,42.42178,"{
  ""coordinates"": [
    -8.324041935600000e+01,
    4.242178320500010e+01
  ],
  ""type"": ""Point""
}","{
  ""coordinates"": [
    -83.240419356,
    42.421783205
  ],
  ""type"": ""Point""
}",-83.240419356,42.4217832050001
14695,1044282,TIREMAN,WYOMING,2017-05-31,31,5,2017,10,4,5,9,,4,0,,1,1,1,30,2,2,1,4,0,0,0,1,false,,false,false,false,false,false,,,,,,false,false,false,,,false,false,false,false,false,-83.15756,42.35172,"{
  ""coordinates"": [
    -8.315756029700000e+01,
    4.235172121600000e+01
  ],
  ""type"": ""Point""
}","{
  ""coordinates"": [
    -83.157560297,
    42.351721216
  ],
  ""type"": ""Point""
}",-83.157560297,42.351721216
14696,1045112,N I 75,14TH,2017-05-31,31,5,2017,7,4,5,1,,1,0,,1,1,1,55,2,2,2,5,0,0,0,0,true,,false,false,false,false,false,,,,,,false,false,false,,,false,false,false,false,false,-83.07711,42.33237,"{
  ""coordinates"": [
    -8.307711128600000e+01,
    4.233237287000000e+01
  ],
  ""type"": ""Point""
}","{
  ""coordinates"": [
    -83.077111286,
    42.33237287
  ],
  ""type"": ""Point""
}",-83.077111286,42.33237287
14697,1044292,SEMINOLE,SYLVESTER,2017-05-31,31,5,2017,23,4,9,9,,,2,,1,1,4,25,1,2,1,5,0,0,0,0,true,,false,false,true,false,false,,,,,,false,false,false,,,false,false,false,false,false,-83.00524,42.37103,"{
  ""coordinates"": [
    -8.300524419500000e+01,
    4.237102417800000e+01
  ],
  ""type"": ""Point""
}","{
  ""coordinates"": [
    -83.005244195,
    42.371024178
  ],
  ""type"": ""Point""
}",-83.005244195,42.371024178
14698,1044274,GRAND RIVER,LINCOLN,2017-05-31,31,5,2017,11,4,8,3,,1,0,,1,1,1,30,3,2,2,5,0,0,0,0,true,,false,false,false,false,false,,,,,,false,false,false,,,false,false,false,false,false,-83.07096,42.3413,"{
  ""coordinates"": [
    -8.307096275200000e+01,
    4.234130342900000e+01
  ],
  ""type"": ""Point""
}","{
  ""coordinates"": [
    -83.070962752,
    42.341303429
  ],
  ""type"": ""Point""
}",-83.070962752,42.341303429
14699,1045149,WHITTIER,LINVILLE,2017-05-31,31,5,2017,17,4,8,9,,4,0,,1,1,1,25,4,2,1,5,0,0,0,0,true,,false,false,false,false,false,,,,,,false,false,false,,,false,false,false,false,false,-82.94059,42.40983,"{
  ""coordinates"": [
    -8.294059334600000e+01,
    4.240983292800010e+01
  ],
  ""type"": ""Point""
}","{
  ""coordinates"": [
    -82.940593346,
    42.409832928
  ],
  ""type"": ""Point""
}",-82.940593346,42.4098329280001
14700,1044295,LAHSER,GRAND,2017-05-31,31,5,2017,16,4,8,3,,2,0,,1,1,1,30,4,2,5,5,0,0,0,0,true,,false,false,true,false,false,,,,,,false,false,false,,,false,false,false,false,false,-83.25766,42.4167,"{
  ""coordinates"": [
    -8.325765857300000e+01,
    4.241669708800000e+01
  ],
  ""type"": ""Point""
}","{
  ""coordinates"": [
    -83.257658573,
    42.416697088
  ],
  ""type"": ""Point""
}",-83.257658573,42.416697088
14701,1044290,MOROSS,MACK,2017-05-31,31,5,2017,17,4,8,9,,2,0,,1,1,1,35,6,2,2,5,0,0,0,0,true,,false,false,false,false,false,,,,,,false,true,false,,,false,false,false,false,false,-82.91087,42.41721,"{
  ""coordinates"": [
    -8.291086979799999e+01,
    4.241720876500010e+01
  ],
  ""type"": ""Point""
}","{
  ""coordinates"": [
    -82.910869798,
    42.417208765
  ],
  ""type"": ""Point""
}",-82.910869798,42.4172087650001
14702,1054056,RALSTON,ADELINE,2017-05-31,31,5,2017,17,4,1,9,,,1,,1,1,1,0,2,1,1,5,0,0,0,0,true,,false,false,false,false,false,,,,,,false,true,false,,,false,false,false,false,false,-83.11711,42.43847,"{
  ""coordinates"": [
    -8.311710884199989e+01,
    4.243846406900010e+01
  ],
  ""type"": ""Point""
}","{
  ""coordinates"": [
    -83.117108842,
    42.438464069
  ],
  ""type"": ""Point""
}",-83.1171088419999,42.4384640690001
14703,1045155,BELTON,GRANDVILLE,2017-05-31,31,5,2017,21,4,97,9,,,0,,1,1,3,25,2,2,0,5,0,0,0,0,true,,false,false,true,false,false,,,,,,false,false,false,,,false,false,false,false,false,-83.23039,42.35222,"{
  ""coordinates"": [
    -8.323039092700000e+01,
    4.235222417300000e+01
  ],
  ""type"": ""Point""
}","{
  ""coordinates"": [
    -83.230390927,
    42.352224173
  ],
  ""type"": ""Point""
}",-83.230390927,42.352224173
14704,1071843,I-75,DEARBORN,2017-05-31,31,5,2017,12,4,1,1,,1,0,,1,1,1,55,3,1,1,5,0,0,0,0,true,,false,false,false,false,false,,,,,,false,false,false,,,false,false,false,false,false,-83.12798,42.29276,"{
  ""coordinates"": [
    -8.312797700300000e+01,
    4.229276134100010e+01
  ],
  ""type"": ""Point""
}","{
  ""coordinates"": [
    -83.127977003,
    42.292761341
  ],
  ""type"": ""Point""
}",-83.127977003,42.2927613410001
14705,1044307,CHICAGO,MONICA,2017-05-31,31,5,2017,23,4,8,9,,4,0,,1,1,4,35,6,2,2,3,0,0,1,0,false,,false,false,true,false,false,,,,,,false,false,false,,,false,false,true,false,false,-83.14091,42.36655,"{
  ""coordinates"": [
    -8.314090508300001e+01,
    4.236655212500010e+01
  ],
  ""type"": ""Point""
}","{
  ""coordinates"": [
    -83.140905083,
    42.366552125
  ],
  ""type"": ""Point""
}",-83.140905083,42.3665521250001
14706,1044318,7 MILE,HUBBELL,2017-05-31,31,5,2017,19,4,8,9,,2,0,,1,1,3,35,2,2,2,5,0,0,0,0,true,,false,false,true,false,false,,,,,,false,false,false,,,false,false,false,false,false,-83.18988,42.43073,"{
  ""coordinates"": [
    -8.318987744200000e+01,
    4.243073215300010e+01
  ],
  ""type"": ""Point""
}","{
  ""coordinates"": [
    -83.189877442,
    42.430732153
  ],
  ""type"": ""Point""
}",-83.189877442,42.4307321530001
14707,1044299,BELLEVUE,LAFAYETTE,2017-05-31,31,5,2017,14,4,4,9,,,0,,1,1,1,0,2,2,2,5,0,0,0,0,true,,false,false,false,false,false,,,,,,false,true,false,,,false,false,false,false,false,-83.00835,42.34855,"{
  ""coordinates"": [
    -8.300835398500000e+01,
    4.234854474500000e+01
  ],
  ""type"": ""Point""
}","{
  ""coordinates"": [
    -83.008353985,
    42.348544745
  ],
  ""type"": ""Point""
}",-83.008353985,42.348544745
14708,1045159,MIDLAND,PIERSON,2017-05-31,31,5,2017,23,4,1,9,,,0,,98,98,98,25,2,1,1,5,0,0,0,0,true,,false,false,false,false,false,,,,,,false,false,false,,,false,false,false,false,false,-83.24622,42.40413,"{
  ""coordinates"": [
    -8.324622567100000e+01,
    4.240412362800000e+01
  ],
  ""type"": ""Point""
}","{
  ""coordinates"": [
    -83.246225671,
    42.404123628
  ],
  ""type"": ""Point""
}",-83.246225671,42.404123628
14709,1044325,NORTHLAWN,SANTA MARIA,2017-05-31,31,5,2017,6,4,98,9,,,0,,1,2,4,25,1,2,0,5,0,0,0,0,true,,false,false,true,false,false,,,,,,false,false,false,,,false,false,false,false,false,-83.15369,42.41906,"{
  ""coordinates"": [
    -8.315369769700000e+01,
    4.241906234800010e+01
  ],
  ""type"": ""Point""
}","{
  ""coordinates"": [
    -83.153697697,
    42.419062348
  ],
  ""type"": ""Point""
}",-83.153697697,42.4190623480001
14710,1045121,BRYDEN,JOY,2017-05-31,31,5,2017,23,4,10,9,,,3,,1,1,4,25,1,2,1,5,0,0,0,0,true,,false,false,true,false,false,,,,,,false,false,false,,,false,false,false,false,false,-83.14505,42.35978,"{
  ""coordinates"": [
    -8.314505151100001e+01,
    4.235977742300000e+01
  ],
  ""type"": ""Point""
}","{
  ""coordinates"": [
    -83.145051511,
    42.359777423
  ],
  ""type"": ""Point""
}",-83.145051511,42.359777423