ObjectId,Crash ID,Primary Road,Intersecting Road,Crash Date,Day,Month,Year,Hour,Weekday,Crash Type Code,Highway Classification Code,Community Code,Jurisdiction Code,Lane Departure Type Code,Surface Type,Road Condition,Weather Condition,Lighting Condition,Speed Limit,Lanes,Units,Occupants,Most Severe Injury,Fatal Injuries,Suspected Serious Injuries,Suspected Minor Injuries,Possible Injuries,Property Damage Only,Secondary Crash,Traffic Control,Red Light Run,Hit and Run,Alcohol,Drugs,Unbelted Person,Work Zone,Speeding Driver,Distracted Driver,Driveway,Pedestrian,Elderly Driver,Young Driver,Commercial Vehicle,Emergency Vehicles,Train,School Bus,Motorcycle,Bicycle,Deer,Longitude,Latitude,geom,geog,x,y
14711,1044301,GREENFIELD,PEMBROKE,2017-05-31,31,5,2017,7,4,1,9,,2,1,,1,1,1,35,4,1,3,5,0,0,0,0,true,,false,false,true,false,false,,,,,,false,false,false,,,false,false,false,false,false,-83.20017,42.4376,"{
  ""coordinates"": [
    -8.320017219200000e+01,
    4.243760176500010e+01
  ],
  ""type"": ""Point""
}","{
  ""coordinates"": [
    -83.200172192,
    42.437601765
  ],
  ""type"": ""Point""
}",-83.200172192,42.4376017650001
14712,1049675,SUSSEX,BELTON,2017-05-31,31,5,2017,8,4,8,9,,,0,,1,1,1,25,2,2,1,5,0,0,0,0,true,,false,false,false,false,false,,,,,,false,false,false,,,false,false,false,false,false,-83.19351,42.3532,"{
  ""coordinates"": [
    -8.319351138600000e+01,
    4.235320443400010e+01
  ],
  ""type"": ""Point""
}","{
  ""coordinates"": [
    -83.193511386,
    42.353204434
  ],
  ""type"": ""Point""
}",-83.193511386,42.3532044340001
14713,1045090,I-375,MONROCE,2017-05-31,31,5,2017,10,4,5,1,,1,0,,1,1,1,55,3,3,3,4,0,0,0,1,false,,false,false,false,false,false,,,,,,false,false,true,,,false,false,false,false,false,-83.03771,42.33532,"{
  ""coordinates"": [
    -8.303770988799990e+01,
    4.233532200300000e+01
  ],
  ""type"": ""Point""
}","{
  ""coordinates"": [
    -83.037709888,
    42.335322003
  ],
  ""type"": ""Point""
}",-83.0377098879999,42.335322003
14714,1044309,LIVERNOIS,WESTFIELD,2017-05-31,31,5,2017,19,4,5,9,,4,0,,1,1,1,35,5,2,3,5,0,0,0,0,true,,false,false,false,false,false,,,,,,false,false,true,,,false,false,false,false,false,-83.1386,42.36419,"{
  ""coordinates"": [
    -8.313859742299999e+01,
    4.236418630400000e+01
  ],
  ""type"": ""Point""
}","{
  ""coordinates"": [
    -83.138597423,
    42.364186304
  ],
  ""type"": ""Point""
}",-83.138597423,42.364186304
14715,1046552,SCHAEFER,SHCOOLCRAFT,2017-05-31,31,5,2017,16,4,5,9,,4,0,,1,1,1,35,2,2,2,5,0,0,0,0,true,,false,false,false,false,false,,,,,,false,false,true,,,false,false,false,false,false,-83.17846,42.38608,"{
  ""coordinates"": [
    -8.317845955000000e+01,
    4.238608343400010e+01
  ],
  ""type"": ""Point""
}","{
  ""coordinates"": [
    -83.17845955,
    42.386083434
  ],
  ""type"": ""Point""
}",-83.17845955,42.3860834340001
14716,1045114,I-94,CHALMERS,2017-05-31,31,5,2017,18,4,5,1,,1,0,,1,1,1,55,3,2,1,5,0,0,0,0,true,,false,false,true,false,false,,,,,,false,false,false,,,false,false,false,false,false,-82.96455,42.40361,"{
  ""coordinates"": [
    -8.296455689399990e+01,
    4.240360571800010e+01
  ],
  ""type"": ""Point""
}","{
  ""coordinates"": [
    -82.964556894,
    42.403605718
  ],
  ""type"": ""Point""
}",-82.9645568939999,42.4036057180001
14717,1045088,I-75,ROSA PARKS,2017-05-31,31,5,2017,8,4,8,1,,4,0,,1,1,1,55,3,2,2,5,0,0,0,0,true,,false,false,false,false,false,,,,,,false,false,false,,,false,false,false,false,false,-83.07459,42.33225,"{
  ""coordinates"": [
    -8.307459492899990e+01,
    4.233225005200010e+01
  ],
  ""type"": ""Point""
}","{
  ""coordinates"": [
    -83.074594929,
    42.332250052
  ],
  ""type"": ""Point""
}",-83.0745949289999,42.3322500520001
14718,1045120,SCHAEFER,W I 96 SERVICE DRIVE,2017-05-31,31,5,2017,7,4,5,1,,4,0,,1,1,1,35,3,2,4,5,0,0,0,0,true,,false,false,false,false,false,,,,,,false,false,false,,,false,false,false,false,false,-83.17838,42.38374,"{
  ""coordinates"": [
    -8.317837630299989e+01,
    4.238374441600010e+01
  ],
  ""type"": ""Point""
}","{
  ""coordinates"": [
    -83.178376303,
    42.383744416
  ],
  ""type"": ""Point""
}",-83.1783763029999,42.3837444160001
14719,1044305,SHIAWASSEE,CLARITA,2017-05-31,31,5,2017,17,4,4,9,,,0,,1,1,1,25,2,2,2,5,0,0,0,0,true,,false,false,true,false,false,,,,,,false,false,true,,,false,false,false,false,false,-83.27262,42.42693,"{
  ""coordinates"": [
    -8.327261988500000e+01,
    4.242693296600000e+01
  ],
  ""type"": ""Point""
}","{
  ""coordinates"": [
    -83.272619885,
    42.426932966
  ],
  ""type"": ""Point""
}",-83.272619885,42.426932966
14720,1058769,TIREMAN,ANTHONY,2017-05-31,31,5,2017,18,4,97,9,,2,0,,1,1,1,30,2,2,2,3,0,0,1,0,false,,false,false,false,false,false,,,,,,false,false,false,,,false,false,false,true,false,-83.18447,42.35114,"{
  ""coordinates"": [
    -8.318447447699999e+01,
    4.235113412900010e+01
  ],
  ""type"": ""Point""
}","{
  ""coordinates"": [
    -83.184474477,
    42.351134129
  ],
  ""type"": ""Point""
}",-83.184474477,42.3511341290001
14721,1046652,ROSELAWN,7 MILE,2017-05-31,31,5,2017,5,4,2,9,,,2,,1,1,2,25,2,2,0,5,0,0,0,0,true,,false,false,true,false,false,,,,,,false,false,false,,,false,false,false,false,false,-83.15305,42.431,"{
  ""coordinates"": [
    -8.315305405899990e+01,
    4.243100541000010e+01
  ],
  ""type"": ""Point""
}","{
  ""coordinates"": [
    -83.153054059,
    42.43100541
  ],
  ""type"": ""Point""
}",-83.1530540589999,42.4310054100001
14722,1046535,E/B I-94,LONYO,2017-05-31,31,5,2017,8,4,5,1,,1,0,,1,1,1,70,3,2,2,5,0,0,0,0,true,,false,false,false,false,false,,,,,,false,false,false,,,false,false,false,false,false,-83.14025,42.33199,"{
  ""coordinates"": [
    -8.314025130800000e+01,
    4.233198813400000e+01
  ],
  ""type"": ""Point""
}","{
  ""coordinates"": [
    -83.140251308,
    42.331988134
  ],
  ""type"": ""Point""
}",-83.140251308,42.331988134
14723,1044288,CORNWALL,3 MILE,2017-05-31,31,5,2017,13,4,4,9,,,0,,1,1,1,25,2,2,2,5,0,0,0,0,true,,false,false,false,false,false,,,,,,false,false,true,,,false,false,false,false,false,-82.93889,42.40067,"{
  ""coordinates"": [
    -8.293889074600000e+01,
    4.240066748600000e+01
  ],
  ""type"": ""Point""
}","{
  ""coordinates"": [
    -82.938890746,
    42.400667486
  ],
  ""type"": ""Point""
}",-82.938890746,42.400667486
14724,1044297,W I 96,LIVERNOIS,2017-05-31,31,5,2017,7,4,5,1,,1,0,,1,1,1,35,2,2,2,5,0,0,0,0,true,,false,false,true,false,false,,,,,,false,false,false,,,false,false,false,false,false,-83.13837,42.36725,"{
  ""coordinates"": [
    -8.313836947300000e+01,
    4.236725139200010e+01
  ],
  ""type"": ""Point""
}","{
  ""coordinates"": [
    -83.138369473,
    42.367251392
  ],
  ""type"": ""Point""
}",-83.138369473,42.3672513920001
14725,1044291,HARPER,CONNER,2017-05-31,31,5,2017,17,4,1,9,,4,0,,1,1,1,30,4,2,1,5,0,0,0,0,true,,false,false,false,false,true,,,,,,true,true,false,,,false,false,false,false,false,-82.98931,42.39738,"{
  ""coordinates"": [
    -8.298931229199999e+01,
    4.239737611300010e+01
  ],
  ""type"": ""Point""
}","{
  ""coordinates"": [
    -82.989312292,
    42.397376113
  ],
  ""type"": ""Point""
}",-82.989312292,42.3973761130001
14726,1052696,N M 10,RAMP 111D,2017-05-31,31,5,2017,17,4,5,3,,1,0,,1,1,1,70,4,2,2,5,0,0,0,0,true,,false,false,false,false,false,,,,,,false,false,true,,,false,false,false,false,false,-83.10267,42.38868,"{
  ""coordinates"": [
    -8.310267133500000e+01,
    4.238867516700000e+01
  ],
  ""type"": ""Point""
}","{
  ""coordinates"": [
    -83.102671335,
    42.388675167
  ],
  ""type"": ""Point""
}",-83.102671335,42.388675167
14727,1044320,FENKELL,MEYERS,2017-05-31,31,5,2017,12,4,1,9,,2,0,,1,1,1,30,4,2,1,4,0,0,0,1,false,,false,false,false,false,false,,,,,,true,false,false,,,false,false,false,false,false,-83.1694,42.40224,"{
  ""coordinates"": [
    -8.316939734600000e+01,
    4.240223592600010e+01
  ],
  ""type"": ""Point""
}","{
  ""coordinates"": [
    -83.169397346,
    42.402235926
  ],
  ""type"": ""Point""
}",-83.169397346,42.4022359260001
14728,1044323,MCNICHOLS,MEYERS,2017-05-31,31,5,2017,16,4,3,9,,2,0,,1,1,1,35,4,2,2,5,0,0,0,0,true,,false,false,false,false,false,,,,,,false,false,false,,,false,false,false,false,false,-83.1702,42.41666,"{
  ""coordinates"": [
    -8.317020348299999e+01,
    4.241666227600010e+01
  ],
  ""type"": ""Point""
}","{
  ""coordinates"": [
    -83.170203483,
    42.416662276
  ],
  ""type"": ""Point""
}",-83.170203483,42.4166622760001
14729,1046639,APPOLINE,PEMBROKE,2017-05-31,31,5,2017,21,4,1,9,,,0,,1,1,98,0,6,1,2,4,0,0,0,1,false,,false,false,true,false,false,,,,,,false,false,false,,,false,false,false,false,false,-83.17207,42.43841,"{
  ""coordinates"": [
    -8.317207434200000e+01,
    4.243840949100010e+01
  ],
  ""type"": ""Point""
}","{
  ""coordinates"": [
    -83.172074342,
    42.438409491
  ],
  ""type"": ""Point""
}",-83.172074342,42.4384094910001
14730,1054950,I-75,CLAY,2017-05-31,31,5,2017,19,4,8,1,,1,0,,1,1,1,55,4,2,3,5,0,0,0,0,true,,false,false,true,false,false,,,,,,false,false,false,,,false,false,false,false,false,-83.06268,42.37805,"{
  ""coordinates"": [
    -8.306268424099990e+01,
    4.237804753000010e+01
  ],
  ""type"": ""Point""
}","{
  ""coordinates"": [
    -83.062684241,
    42.37804753
  ],
  ""type"": ""Point""
}",-83.0626842409999,42.3780475300001
14731,1043168,GRANDVIEW,SEVEN MILE,2017-05-30,30,5,2017,10,3,8,9,,,0,,1,1,1,25,3,2,0,5,0,0,0,0,true,,false,false,true,false,false,,,,,,false,false,false,,,false,false,false,false,false,-83.28535,42.42856,"{
  ""coordinates"": [
    -8.328534393599990e+01,
    4.242856192500010e+01
  ],
  ""type"": ""Point""
}","{
  ""coordinates"": [
    -83.285343936,
    42.428561925
  ],
  ""type"": ""Point""
}",-83.2853439359999,42.4285619250001
14732,1043163,WESTEND,JEFFERSON,2017-05-30,30,5,2017,12,3,10,9,,4,0,,1,1,1,25,4,2,2,5,0,0,0,0,true,,false,false,false,false,false,,,,,,false,false,true,,,false,false,false,false,false,-83.11346,42.29238,"{
  ""coordinates"": [
    -8.311345684299990e+01,
    4.229237743900010e+01
  ],
  ""type"": ""Point""
}","{
  ""coordinates"": [
    -83.113456843,
    42.292377439
  ],
  ""type"": ""Point""
}",-83.1134568429999,42.2923774390001
14733,1046577,BURNETTE,MACKENZIE,2017-05-30,30,5,2017,14,3,4,9,,,0,,1,1,1,25,2,2,2,4,0,0,0,1,false,,true,true,true,false,false,,,,,,false,false,true,,,false,false,false,false,false,-83.14108,42.35697,"{
  ""coordinates"": [
    -8.314108116499990e+01,
    4.235697354000010e+01
  ],
  ""type"": ""Point""
}","{
  ""coordinates"": [
    -83.141081165,
    42.35697354
  ],
  ""type"": ""Point""
}",-83.1410811649999,42.3569735400001
14734,1052817,M-39,JOY,2017-05-30,30,5,2017,16,3,5,3,,1,0,,1,1,1,55,3,2,2,3,0,0,1,0,false,,false,false,false,false,false,,,,,,false,false,false,,,false,false,false,false,false,-83.21641,42.35813,"{
  ""coordinates"": [
    -8.321640497800000e+01,
    4.235813072100010e+01
  ],
  ""type"": ""Point""
}","{
  ""coordinates"": [
    -83.216404978,
    42.358130721
  ],
  ""type"": ""Point""
}",-83.216404978,42.3581307210001
14735,1043332,S M 39,WARREN,2017-05-30,30,5,2017,12,3,8,3,,1,0,,1,1,1,40,4,2,2,5,0,0,0,0,true,,false,false,false,false,false,,,,,,false,false,true,,,false,false,false,false,false,-83.21621,42.34256,"{
  ""coordinates"": [
    -8.321620707400000e+01,
    4.234255799100000e+01
  ],
  ""type"": ""Point""
}","{
  ""coordinates"": [
    -83.216207074,
    42.342557991
  ],
  ""type"": ""Point""
}",-83.216207074,42.342557991
14736,1050667,N M 10,WYOMING,2017-05-30,30,5,2017,0,3,1,3,,1,1,,1,1,4,55,3,1,2,3,0,0,1,0,false,,false,false,false,false,false,,,,,,false,false,false,,,false,false,false,false,false,-83.16062,42.40566,"{
  ""coordinates"": [
    -8.316062335500000e+01,
    4.240566380800000e+01
  ],
  ""type"": ""Point""
}","{
  ""coordinates"": [
    -83.160623355,
    42.405663808
  ],
  ""type"": ""Point""
}",-83.160623355,42.405663808
14737,1046513,W I 96,MCGRAW,2017-05-30,30,5,2017,18,3,5,1,,1,0,,1,1,1,55,3,2,6,5,0,0,0,0,true,,false,false,false,false,false,,,,,,false,false,false,,,false,false,false,false,false,-83.1023,42.35279,"{
  ""coordinates"": [
    -8.310230535399999e+01,
    4.235278854300000e+01
  ],
  ""type"": ""Point""
}","{
  ""coordinates"": [
    -83.102305354,
    42.352788543
  ],
  ""type"": ""Point""
}",-83.102305354,42.352788543
14738,1046630,SCHAEFER,THATCHER,2017-05-30,30,5,2017,15,3,4,9,,4,0,,1,1,1,30,2,2,2,5,0,0,0,0,true,,false,false,true,false,false,,,,,,false,false,false,,,false,false,false,false,false,-83.18007,42.42235,"{
  ""coordinates"": [
    -8.318007198700001e+01,
    4.242234877000000e+01
  ],
  ""type"": ""Point""
}","{
  ""coordinates"": [
    -83.180071987,
    42.42234877
  ],
  ""type"": ""Point""
}",-83.180071987,42.42234877
14739,1045089,N I 75,RAMP 035A,2017-05-30,30,5,2017,5,3,8,1,,1,0,,1,1,1,55,4,2,1,5,0,0,0,0,true,,false,false,true,false,false,,,,,,false,false,false,,,false,false,false,false,false,-83.08397,42.31658,"{
  ""coordinates"": [
    -8.308396985699990e+01,
    4.231657660600010e+01
  ],
  ""type"": ""Point""
}","{
  ""coordinates"": [
    -83.083969857,
    42.316576606
  ],
  ""type"": ""Point""
}",-83.0839698569999,42.3165766060001
14740,1045156,7 MILE,PINEHURST,2017-05-30,30,5,2017,18,3,97,9,,2,0,,1,1,1,35,2,1,2,5,0,0,0,0,true,,false,false,false,false,false,,,,,,false,false,true,,,false,false,false,false,false,-83.16762,42.43128,"{
  ""coordinates"": [
    -8.316761875299990e+01,
    4.243128077500010e+01
  ],
  ""type"": ""Point""
}","{
  ""coordinates"": [
    -83.167618753,
    42.431280775
  ],
  ""type"": ""Point""
}",-83.1676187529999,42.4312807750001
14741,1058803,KINGSVILLE,DUPREY,2017-05-30,30,5,2017,0,3,97,9,,,0,,1,1,4,25,2,2,3,5,0,0,0,0,true,,false,false,false,false,false,,,,,,false,false,false,,,false,false,false,false,false,-82.93222,42.42799,"{
  ""coordinates"": [
    -8.293222368200000e+01,
    4.242798847700000e+01
  ],
  ""type"": ""Point""
}","{
  ""coordinates"": [
    -82.932223682,
    42.427988477
  ],
  ""type"": ""Point""
}",-82.932223682,42.427988477
14742,1043159,FORT,SCHAEFER,2017-05-30,30,5,2017,11,3,8,3,,1,0,,1,1,1,35,3,2,3,5,0,0,0,0,true,,false,false,true,false,false,,,,,,false,false,false,,,false,false,false,false,false,-83.15566,42.27618,"{
  ""coordinates"": [
    -8.315566144099991e+01,
    4.227617936200010e+01
  ],
  ""type"": ""Point""
}","{
  ""coordinates"": [
    -83.155661441,
    42.276179362
  ],
  ""type"": ""Point""
}",-83.1556614409999,42.2761793620001
14743,1044308,GRATIOT,CONNER,2017-05-30,30,5,2017,16,3,97,3,,1,0,,1,1,1,35,7,2,3,5,0,0,0,0,true,,true,true,false,false,false,,,,,,false,false,true,,,false,false,false,false,false,-82.99747,42.40497,"{
  ""coordinates"": [
    -8.299746456500000e+01,
    4.240496828900010e+01
  ],
  ""type"": ""Point""
}","{
  ""coordinates"": [
    -82.997464565,
    42.404968289
  ],
  ""type"": ""Point""
}",-82.997464565,42.4049682890001
14744,1054074,E I 94,RAMP 214D,2017-05-30,30,5,2017,14,3,8,1,,1,0,,98,98,1,55,1,2,3,5,0,0,0,0,true,,false,false,false,false,false,,,,,,false,false,true,,,false,false,false,false,false,-83.08408,42.35482,"{
  ""coordinates"": [
    -8.308408674600000e+01,
    4.235482587600010e+01
  ],
  ""type"": ""Point""
}","{
  ""coordinates"": [
    -83.084086746,
    42.354825876
  ],
  ""type"": ""Point""
}",-83.084086746,42.3548258760001
14745,1042276,DAVISON,EWALD,2017-05-30,30,5,2017,0,3,8,3,,1,0,,1,1,4,35,3,2,1,5,0,0,0,0,true,,false,false,true,false,false,,,,,,false,false,true,,,false,false,false,false,false,-83.14526,42.38641,"{
  ""coordinates"": [
    -8.314526654799990e+01,
    4.238641347400010e+01
  ],
  ""type"": ""Point""
}","{
  ""coordinates"": [
    -83.145266548,
    42.386413474
  ],
  ""type"": ""Point""
}",-83.1452665479999,42.3864134740001
14746,1043175,MCNICHOLS,LESURE,2017-05-30,30,5,2017,3,3,3,9,,2,0,,1,1,4,35,5,2,1,4,0,0,0,1,false,,false,false,true,false,false,,,,,,false,false,false,,,false,false,false,false,false,-83.18221,42.41657,"{
  ""coordinates"": [
    -8.318221221700000e+01,
    4.241657053100000e+01
  ],
  ""type"": ""Point""
}","{
  ""coordinates"": [
    -83.182212217,
    42.416570531
  ],
  ""type"": ""Point""
}",-83.182212217,42.416570531
14747,1043158,I-75,OUTER,2017-05-30,30,5,2017,8,3,8,1,,1,0,,1,1,1,70,1,2,2,5,0,0,0,0,true,,false,false,true,false,false,,,,,,false,false,false,,,false,false,false,false,false,-83.09476,42.43996,"{
  ""coordinates"": [
    -8.309476518199990e+01,
    4.243996494900010e+01
  ],
  ""type"": ""Point""
}","{
  ""coordinates"": [
    -83.094765182,
    42.439964949
  ],
  ""type"": ""Point""
}",-83.0947651819999,42.4399649490001
14748,1043149,CHICAGO,JEFFRIES,2017-05-30,30,5,2017,14,3,97,9,,4,0,,1,1,1,35,2,2,2,5,0,0,0,0,true,,true,true,false,false,false,,,,,,false,true,false,,,false,false,false,false,false,-83.13962,42.36795,"{
  ""coordinates"": [
    -8.313962047599991e+01,
    4.236794945000000e+01
  ],
  ""type"": ""Point""
}","{
  ""coordinates"": [
    -83.139620476,
    42.36794945
  ],
  ""type"": ""Point""
}",-83.1396204759999,42.36794945
14749,1043169,MANSFIELD,SCHOOLCRAFT,2017-05-30,30,5,2017,17,3,5,9,,,0,,1,1,1,25,2,2,1,5,0,0,0,0,true,,false,false,true,false,false,,,,,,false,false,false,,,false,false,false,false,false,-83.20455,42.38713,"{
  ""coordinates"": [
    -8.320454979899991e+01,
    4.238713363800010e+01
  ],
  ""type"": ""Point""
}","{
  ""coordinates"": [
    -83.204549799,
    42.387133638
  ],
  ""type"": ""Point""
}",-83.2045497989999,42.3871336380001
14750,1043161,W I 94,CENTRAL,2017-05-30,30,5,2017,17,3,5,1,,1,0,,1,1,1,55,3,2,1,5,0,0,0,0,true,,false,false,true,false,false,,,,,,false,false,true,,,false,false,false,false,false,-83.1396,42.33226,"{
  ""coordinates"": [
    -8.313959208300000e+01,
    4.233226020800000e+01
  ],
  ""type"": ""Point""
}","{
  ""coordinates"": [
    -83.139592083,
    42.332260208
  ],
  ""type"": ""Point""
}",-83.139592083,42.332260208
14751,1048838,STATEFAIR,GOULBURG,2017-05-30,30,5,2017,2,3,5,9,,4,3,,2,1,4,35,2,2,1,5,0,0,0,0,true,,false,false,true,true,false,,,,,,false,true,false,,,false,false,false,false,false,-82.99365,42.44199,"{
  ""coordinates"": [
    -8.299365356399990e+01,
    4.244198726000010e+01
  ],
  ""type"": ""Point""
}","{
  ""coordinates"": [
    -82.993653564,
    42.44198726
  ],
  ""type"": ""Point""
}",-82.9936535639999,42.4419872600001
14752,1043187,8 MILE,MOUND,2017-05-30,30,5,2017,16,3,8,3,,1,0,,1,1,1,45,4,2,2,5,0,0,0,0,true,,false,false,true,false,false,,,,,,false,false,false,,,false,false,false,false,false,-83.04426,42.44777,"{
  ""coordinates"": [
    -8.304425831700000e+01,
    4.244777243100000e+01
  ],
  ""type"": ""Point""
}","{
  ""coordinates"": [
    -83.044258317,
    42.447772431
  ],
  ""type"": ""Point""
}",-83.044258317,42.447772431
14753,1042234,LAFAYETTE,WOODMERE,2017-05-30,30,5,2017,2,3,8,9,,,0,,1,1,4,30,2,2,2,5,0,0,0,0,true,,false,false,false,false,false,,,,,,false,false,false,,,false,false,false,false,false,-83.13226,42.29857,"{
  ""coordinates"": [
    -8.313226026099990e+01,
    4.229856900000000e+01
  ],
  ""type"": ""Point""
}","{
  ""coordinates"": [
    -83.132260261,
    42.298569
  ],
  ""type"": ""Point""
}",-83.1322602609999,42.298569
14754,1044285,MICHIGAN,CENTRAL,2017-05-30,30,5,2017,22,3,7,2,,1,0,,1,1,3,35,1,2,1,5,0,0,0,0,true,,false,false,true,false,false,,,,,,false,false,false,,,false,false,false,false,false,-83.13759,42.33111,"{
  ""coordinates"": [
    -8.313759212500000e+01,
    4.233110856900000e+01
  ],
  ""type"": ""Point""
}","{
  ""coordinates"": [
    -83.137592125,
    42.331108569
  ],
  ""type"": ""Point""
}",-83.137592125,42.331108569
14755,1044276,MICHIGAN,E I 96,2017-05-30,30,5,2017,14,3,4,2,,1,0,,1,2,1,35,5,2,3,4,0,0,0,1,false,,false,false,false,false,false,,,,,,false,false,true,,,false,false,false,false,false,-83.08722,42.33146,"{
  ""coordinates"": [
    -8.308722002300000e+01,
    4.233145728200000e+01
  ],
  ""type"": ""Point""
}","{
  ""coordinates"": [
    -83.087220023,
    42.331457282
  ],
  ""type"": ""Point""
}",-83.087220023,42.331457282
14756,1044326,GOLDEN GATE,WOODWARD,2017-05-30,30,5,2017,18,3,8,3,,,0,,1,1,1,25,2,2,1,5,0,0,0,0,true,,false,false,false,false,false,,,,,,false,false,true,,,false,false,false,false,false,-83.11243,42.4289,"{
  ""coordinates"": [
    -8.311242883100000e+01,
    4.242889973100010e+01
  ],
  ""type"": ""Point""
}","{
  ""coordinates"": [
    -83.112428831,
    42.428899731
  ],
  ""type"": ""Point""
}",-83.112428831,42.4288997310001
14757,1046538,I-94,GRATIOT,2017-05-30,30,5,2017,17,3,5,1,,1,0,,1,1,1,55,3,3,3,5,0,0,0,0,true,,false,false,false,false,false,,,,,,false,false,true,,,false,false,false,false,false,-83.00671,42.3913,"{
  ""coordinates"": [
    -8.300670943700000e+01,
    4.239129653400000e+01
  ],
  ""type"": ""Point""
}","{
  ""coordinates"": [
    -83.006709437,
    42.391296534
  ],
  ""type"": ""Point""
}",-83.006709437,42.391296534
14758,1043166,WOODMONT,W.WARREN,2017-05-30,30,5,2017,12,3,97,9,,,0,,1,1,1,25,2,2,0,5,0,0,0,0,true,,false,false,true,false,false,,,,,,false,false,false,,,false,false,false,false,false,-83.2073,42.34214,"{
  ""coordinates"": [
    -8.320729761500000e+01,
    4.234214393000010e+01
  ],
  ""type"": ""Point""
}","{
  ""coordinates"": [
    -83.207297615,
    42.34214393
  ],
  ""type"": ""Point""
}",-83.207297615,42.3421439300001
14759,1046572,JUNCTION,PLUMER,2017-05-30,30,5,2017,13,3,97,9,,4,0,,1,1,1,30,4,2,1,5,0,0,0,0,true,,false,false,true,false,false,,,,,,false,true,false,,,false,false,false,false,false,-83.10514,42.32242,"{
  ""coordinates"": [
    -8.310514291800000e+01,
    4.232242261700000e+01
  ],
  ""type"": ""Point""
}","{
  ""coordinates"": [
    -83.105142918,
    42.322422617
  ],
  ""type"": ""Point""
}",-83.105142918,42.322422617
14760,1056109,I-94,30TH,2017-05-30,30,5,2017,9,3,1,1,,1,1,,1,1,1,55,3,1,1,5,0,0,0,0,true,,false,false,false,false,false,,,,,,false,false,true,,,false,false,false,false,false,-83.11474,42.34361,"{
  ""coordinates"": [
    -8.311473936700000e+01,
    4.234360467500010e+01
  ],
  ""type"": ""Point""
}","{
  ""coordinates"": [
    -83.114739367,
    42.343604675
  ],
  ""type"": ""Point""
}",-83.114739367,42.3436046750001
14761,1044277,WOODWARD,CADILLAC,2017-05-30,30,5,2017,8,3,5,9,,4,0,,1,1,1,25,2,2,1,5,0,0,0,0,true,,false,false,true,false,false,,,,,,false,false,true,,,false,false,false,false,false,-83.0462,42.33145,"{
  ""coordinates"": [
    -8.304619219200001e+01,
    4.233144804100000e+01
  ],
  ""type"": ""Point""
}","{
  ""coordinates"": [
    -83.046192192,
    42.331448041
  ],
  ""type"": ""Point""
}",-83.046192192,42.331448041
14762,1046541,I-94,M-10,2017-05-30,30,5,2017,17,3,5,1,,1,0,,1,1,1,55,3,3,3,5,0,0,0,0,true,,false,false,false,false,false,,,,,,false,false,false,,,false,false,false,false,false,-83.08027,42.35646,"{
  ""coordinates"": [
    -8.308026662499999e+01,
    4.235645642200010e+01
  ],
  ""type"": ""Point""
}","{
  ""coordinates"": [
    -83.080266625,
    42.356456422
  ],
  ""type"": ""Point""
}",-83.080266625,42.3564564220001
14763,1045154,LIVERNOIS,S M 10,2017-05-30,30,5,2017,22,3,97,9,,4,0,,1,2,3,35,2,2,1,5,0,0,0,0,true,,false,false,true,false,false,,,,,,false,false,false,,,false,false,false,false,false,-83.14022,42.40479,"{
  ""coordinates"": [
    -8.314022361500000e+01,
    4.240478625400000e+01
  ],
  ""type"": ""Point""
}","{
  ""coordinates"": [
    -83.140223615,
    42.404786254
  ],
  ""type"": ""Point""
}",-83.140223615,42.404786254
14764,1052816,RAMP 010A,N M 39,2017-05-30,30,5,2017,11,3,5,3,,1,0,,1,1,1,55,1,3,3,5,0,0,0,0,true,,false,false,false,false,false,,,,,,false,false,true,,,false,false,false,false,false,-83.2185,42.41403,"{
  ""coordinates"": [
    -8.321849708000001e+01,
    4.241403318300010e+01
  ],
  ""type"": ""Point""
}","{
  ""coordinates"": [
    -83.21849708,
    42.414033183
  ],
  ""type"": ""Point""
}",-83.21849708,42.4140331830001
14765,1047805,WOODWARD,FARNSWORTH,2017-05-30,30,5,2017,20,3,8,3,,1,0,,1,1,1,30,6,2,2,5,0,0,0,0,true,,false,false,false,false,false,,,,,,false,true,true,,,false,false,false,false,false,-83.06492,42.35783,"{
  ""coordinates"": [
    -8.306492210300000e+01,
    4.235783120500000e+01
  ],
  ""type"": ""Point""
}","{
  ""coordinates"": [
    -83.064922103,
    42.357831205
  ],
  ""type"": ""Point""
}",-83.064922103,42.357831205
14766,1043197,7 MILE,CHARLESTON,2017-05-30,30,5,2017,21,3,97,9,,4,0,,1,1,4,30,5,2,2,5,0,0,0,0,true,,false,false,true,false,false,,,,,,false,false,false,,,false,false,false,false,false,-83.10716,42.43223,"{
  ""coordinates"": [
    -8.310716533399990e+01,
    4.243222830600010e+01
  ],
  ""type"": ""Point""
}","{
  ""coordinates"": [
    -83.107165334,
    42.432228306
  ],
  ""type"": ""Point""
}",-83.1071653339999,42.4322283060001
14767,1049670,DAVISON,LINWOOD,2017-05-30,30,5,2017,14,3,5,3,,1,0,,1,1,1,35,6,2,2,5,0,0,0,0,true,,false,false,false,false,false,,,,,,false,false,false,,,false,false,false,false,false,-83.12178,42.39312,"{
  ""coordinates"": [
    -8.312178180200000e+01,
    4.239311604900010e+01
  ],
  ""type"": ""Point""
}","{
  ""coordinates"": [
    -83.121781802,
    42.393116049
  ],
  ""type"": ""Point""
}",-83.121781802,42.3931160490001