ObjectId,Crash ID,Primary Road,Intersecting Road,Crash Date,Day,Month,Year,Hour,Weekday,Crash Type Code,Highway Classification Code,Community Code,Jurisdiction Code,Lane Departure Type Code,Surface Type,Road Condition,Weather Condition,Lighting Condition,Speed Limit,Lanes,Units,Occupants,Most Severe Injury,Fatal Injuries,Suspected Serious Injuries,Suspected Minor Injuries,Possible Injuries,Property Damage Only,Secondary Crash,Traffic Control,Red Light Run,Hit and Run,Alcohol,Drugs,Unbelted Person,Work Zone,Speeding Driver,Distracted Driver,Driveway,Pedestrian,Elderly Driver,Young Driver,Commercial Vehicle,Emergency Vehicles,Train,School Bus,Motorcycle,Bicycle,Deer,Longitude,Latitude,geom,geog,x,y
14881,1041419,8 MILE,MOUND,2017-05-28,28,5,2017,16,1,8,3,,1,0,,2,4,98,40,4,2,1,5,0,0,0,0,true,,false,false,true,false,false,,,,,,false,false,true,,,false,false,false,false,false,-83.04411,42.44778,"{
  ""coordinates"": [
    -8.304410466199990e+01,
    4.244777541000010e+01
  ],
  ""type"": ""Point""
}","{
  ""coordinates"": [
    -83.044104662,
    42.44777541
  ],
  ""type"": ""Point""
}",-83.0441046619999,42.4477754100001
14882,1042229,FENKELL,HUBBELL,2017-05-28,28,5,2017,18,1,8,9,,2,0,,2,4,1,30,4,2,2,5,0,0,0,0,true,,false,false,true,false,false,,,,,,false,true,false,,,false,false,false,false,false,-83.18887,42.40182,"{
  ""coordinates"": [
    -8.318887389199990e+01,
    4.240182536300010e+01
  ],
  ""type"": ""Point""
}","{
  ""coordinates"": [
    -83.188873892,
    42.401825363
  ],
  ""type"": ""Point""
}",-83.1888738919999,42.4018253630001
14883,1041380,MACOMB,BEAUBIEN,2017-05-28,28,5,2017,2,1,9,9,,4,0,,1,1,4,15,2,2,3,4,0,0,0,1,false,,false,false,true,false,false,,,,,,false,true,false,,,false,false,false,false,false,-83.04328,42.33551,"{
  ""coordinates"": [
    -8.304327991299991e+01,
    4.233550603800010e+01
  ],
  ""type"": ""Point""
}","{
  ""coordinates"": [
    -83.043279913,
    42.335506038
  ],
  ""type"": ""Point""
}",-83.0432799129999,42.3355060380001
14884,1044257,I-75,GREENDALE,2017-05-28,28,5,2017,22,1,97,9,,4,0,,2,4,4,70,4,2,4,5,0,0,0,0,true,,false,false,false,false,false,,,,,,false,false,true,,,false,false,false,false,false,-83.0948,42.42657,"{
  ""coordinates"": [
    -8.309480426399990e+01,
    4.242657162500010e+01
  ],
  ""type"": ""Point""
}","{
  ""coordinates"": [
    -83.094804264,
    42.426571625
  ],
  ""type"": ""Point""
}",-83.0948042639999,42.4265716250001
14885,1043170,GRAND,VERNOR,2017-05-28,28,5,2017,7,1,97,9,,4,0,,1,1,1,30,3,2,2,5,0,0,0,0,true,,false,false,false,false,false,,,,,,false,false,true,,,false,false,false,false,false,-83.01008,42.35958,"{
  ""coordinates"": [
    -8.301007610900000e+01,
    4.235958017800000e+01
  ],
  ""type"": ""Point""
}","{
  ""coordinates"": [
    -83.010076109,
    42.359580178
  ],
  ""type"": ""Point""
}",-83.010076109,42.359580178
14886,1042290,MEYERS,7 MILE,2017-05-28,28,5,2017,19,1,4,9,,4,0,,2,1,1,35,2,2,2,5,0,0,0,0,true,,false,false,true,false,false,,,,,,false,false,true,,,false,false,false,false,false,-83.17072,42.43166,"{
  ""coordinates"": [
    -8.317071153800001e+01,
    4.243165830800010e+01
  ],
  ""type"": ""Point""
}","{
  ""coordinates"": [
    -83.170711538,
    42.431658308
  ],
  ""type"": ""Point""
}",-83.170711538,42.4316583080001
14887,1042241,CENTRAL,PANAMA,2017-05-28,28,5,2017,19,1,4,9,,4,0,,2,4,3,0,2,2,8,4,0,0,0,1,false,,true,false,true,false,false,,,,,,false,false,false,,,false,false,false,false,false,-83.13963,42.33398,"{
  ""coordinates"": [
    -8.313962609899990e+01,
    4.233398587200000e+01
  ],
  ""type"": ""Point""
}","{
  ""coordinates"": [
    -83.139626099,
    42.333985872
  ],
  ""type"": ""Point""
}",-83.1396260989999,42.333985872
14888,1041393,LIVERNOIS,VERNOR,2017-05-28,28,5,2017,14,1,8,9,,4,0,,1,1,1,35,3,2,2,5,0,0,0,0,true,,false,false,false,false,false,,,,,,false,false,false,,,false,false,false,false,false,-83.10999,42.31568,"{
  ""coordinates"": [
    -8.310998488500000e+01,
    4.231567767700010e+01
  ],
  ""type"": ""Point""
}","{
  ""coordinates"": [
    -83.109984885,
    42.315677677
  ],
  ""type"": ""Point""
}",-83.109984885,42.3156776770001
14889,1044258,M10,CHICAGO,2017-05-28,28,5,2017,3,1,1,3,,1,1,,1,1,4,55,3,1,2,4,0,0,0,2,false,,false,false,false,false,false,,,,,,false,false,false,,,false,false,false,false,false,-83.09431,42.38232,"{
  ""coordinates"": [
    -8.309430317800000e+01,
    4.238231484600000e+01
  ],
  ""type"": ""Point""
}","{
  ""coordinates"": [
    -83.094303178,
    42.382314846
  ],
  ""type"": ""Point""
}",-83.094303178,42.382314846
14890,1069285,TIREMAN,WYOMING,2017-05-28,28,5,2017,18,1,4,9,,4,0,,2,4,1,35,2,2,3,5,0,0,0,0,true,,false,false,false,false,false,,,,,,false,false,false,,,false,false,false,false,false,-83.15752,42.35172,"{
  ""coordinates"": [
    -8.315752104900000e+01,
    4.235172202900000e+01
  ],
  ""type"": ""Point""
}","{
  ""coordinates"": [
    -83.157521049,
    42.351722029
  ],
  ""type"": ""Point""
}",-83.157521049,42.351722029
14891,1045144,LIVERNOIS,W I 94,2017-05-28,28,5,2017,22,1,4,9,,4,0,,1,1,4,35,4,2,2,4,0,0,0,2,false,,false,false,true,false,false,,,,,,false,false,false,,,false,false,false,false,false,-83.1249,42.3374,"{
  ""coordinates"": [
    -8.312490226200001e+01,
    4.233740302000010e+01
  ],
  ""type"": ""Point""
}","{
  ""coordinates"": [
    -83.124902262,
    42.33740302
  ],
  ""type"": ""Point""
}",-83.124902262,42.3374030200001
14892,1041390,S I 75 SERVICE DRIVE,LEWERENZ,2017-05-28,28,5,2017,5,1,8,9,,4,0,,1,1,4,35,2,2,1,5,0,0,0,0,true,,false,false,true,false,false,,,,,,false,false,false,,,false,false,false,false,false,-83.11031,42.30552,"{
  ""coordinates"": [
    -8.311030794700000e+01,
    4.230551454000000e+01
  ],
  ""type"": ""Point""
}","{
  ""coordinates"": [
    -83.110307947,
    42.30551454
  ],
  ""type"": ""Point""
}",-83.110307947,42.30551454
14893,1041381,ROSA PARKS,TEMPLE,2017-05-28,28,5,2017,2,1,5,9,,4,0,,1,1,4,35,2,2,1,5,0,0,0,0,true,,false,false,true,false,false,,,,,,false,false,false,,,false,false,false,false,false,-83.07506,42.33676,"{
  ""coordinates"": [
    -8.307506001099991e+01,
    4.233676028400000e+01
  ],
  ""type"": ""Point""
}","{
  ""coordinates"": [
    -83.075060011,
    42.336760284
  ],
  ""type"": ""Point""
}",-83.0750600109999,42.336760284
14894,1042285,7 MILE,MOUND,2017-05-28,28,5,2017,21,1,6,9,,4,0,,2,4,4,30,4,2,1,5,0,0,0,0,true,,false,false,false,false,false,,,,,,false,false,false,,,false,false,false,false,false,-83.04354,42.43358,"{
  ""coordinates"": [
    -8.304354394800001e+01,
    4.243357834400010e+01
  ],
  ""type"": ""Point""
}","{
  ""coordinates"": [
    -83.043543948,
    42.433578344
  ],
  ""type"": ""Point""
}",-83.043543948,42.4335783440001
14895,1041410,SOUTHFIELD SERVICE DRIVE,8 MILE,2017-05-28,28,5,2017,13,1,4,3,,4,0,,1,1,1,35,3,2,2,4,0,0,0,2,false,,false,false,false,false,false,,,,,,false,false,true,,,false,false,false,false,false,-83.21928,42.44422,"{
  ""coordinates"": [
    -8.321927428299990e+01,
    4.244422053500010e+01
  ],
  ""type"": ""Point""
}","{
  ""coordinates"": [
    -83.219274283,
    42.444220535
  ],
  ""type"": ""Point""
}",-83.2192742829999,42.4442205350001
14896,1041407,RUSSELL,S I 75/GRATIOT,2017-05-28,28,5,2017,3,1,8,9,,4,0,,1,1,4,20,2,2,4,5,0,0,0,0,true,,false,false,false,false,false,,,,,,false,false,false,,,false,false,false,false,false,-83.03959,42.34502,"{
  ""coordinates"": [
    -8.303959181300000e+01,
    4.234502063200010e+01
  ],
  ""type"": ""Point""
}","{
  ""coordinates"": [
    -83.039591813,
    42.345020632
  ],
  ""type"": ""Point""
}",-83.039591813,42.3450206320001
14897,1042282,7 MILE,SHERWOOD,2017-05-28,28,5,2017,21,1,5,9,,4,0,,2,4,4,35,2,2,2,5,0,0,0,0,true,,false,false,false,false,false,,,,,,false,false,true,,,false,false,false,false,false,-83.03404,42.43378,"{
  ""coordinates"": [
    -8.303404138300000e+01,
    4.243377516300010e+01
  ],
  ""type"": ""Point""
}","{
  ""coordinates"": [
    -83.034041383,
    42.433775163
  ],
  ""type"": ""Point""
}",-83.034041383,42.4337751630001
14898,1083353,CONNER,RAMP 220D,2017-05-28,28,5,2017,3,1,8,9,,4,0,,1,1,4,30,2,3,1,5,0,0,0,0,true,,false,false,true,false,false,,,,,,false,false,false,,,false,false,false,false,false,-82.98911,42.39548,"{
  ""coordinates"": [
    -8.298911233200000e+01,
    4.239548584700000e+01
  ],
  ""type"": ""Point""
}","{
  ""coordinates"": [
    -82.989112332,
    42.395485847
  ],
  ""type"": ""Point""
}",-82.989112332,42.395485847
14899,1041383,MICHIGAN,GRISWOLD,2017-05-28,28,5,2017,18,1,10,9,,4,0,,2,1,1,25,2,2,1,5,0,0,0,0,true,,false,false,true,false,false,,,,,,false,false,false,,,false,false,false,false,false,-83.04861,42.33167,"{
  ""coordinates"": [
    -8.304861799100000e+01,
    4.233166488700000e+01
  ],
  ""type"": ""Point""
}","{
  ""coordinates"": [
    -83.048617991,
    42.331664887
  ],
  ""type"": ""Point""
}",-83.048617991,42.331664887
14900,1041372,GRATIOT,WOODWARD,2017-05-28,28,5,2017,6,1,1,9,,4,0,,1,1,4,25,3,1,2,5,0,0,0,0,true,,false,false,false,false,false,,,,,,false,false,false,,,false,false,false,false,false,-83.04774,42.33297,"{
  ""coordinates"": [
    -8.304774130000000e+01,
    4.233296402900000e+01
  ],
  ""type"": ""Point""
}","{
  ""coordinates"": [
    -83.0477413,
    42.332964029
  ],
  ""type"": ""Point""
}",-83.0477413,42.332964029
14901,1041411,OUTER,GLENDALE,2017-05-28,28,5,2017,9,1,1,9,,2,1,,1,1,1,0,4,1,1,5,0,0,0,0,true,,false,false,false,false,false,,,,,,false,false,false,,,false,false,false,false,false,-83.26112,42.37952,"{
  ""coordinates"": [
    -8.326111228400001e+01,
    4.237952515300000e+01
  ],
  ""type"": ""Point""
}","{
  ""coordinates"": [
    -83.261112284,
    42.379525153
  ],
  ""type"": ""Point""
}",-83.261112284,42.379525153
14902,1041414,ELMO,KENMOOR,2017-05-28,28,5,2017,10,1,4,9,,,0,,1,1,1,25,4,2,4,4,0,0,0,1,false,,true,false,false,false,false,,,,,,false,false,true,,,false,false,false,false,false,-83.00546,42.41746,"{
  ""coordinates"": [
    -8.300546473000000e+01,
    4.241745992200000e+01
  ],
  ""type"": ""Point""
}","{
  ""coordinates"": [
    -83.00546473,
    42.417459922
  ],
  ""type"": ""Point""
}",-83.00546473,42.417459922
14903,1050688,23RD,MARTIN LUTHER KING,2017-05-28,28,5,2017,13,1,8,9,,,0,,1,1,1,25,1,2,0,5,0,0,0,0,true,,false,false,true,false,false,,,,,,false,false,false,,,false,false,false,false,false,-83.09264,42.33458,"{
  ""coordinates"": [
    -8.309264405700000e+01,
    4.233458295900000e+01
  ],
  ""type"": ""Point""
}","{
  ""coordinates"": [
    -83.092644057,
    42.334582959
  ],
  ""type"": ""Point""
}",-83.092644057,42.334582959
14904,1041382,BRUSH,MADISON,2017-05-28,28,5,2017,12,1,98,9,,4,0,,1,1,4,25,2,2,0,5,0,0,0,0,true,,false,false,true,false,false,,,,,,false,false,false,,,false,false,false,false,false,-83.04541,42.33695,"{
  ""coordinates"": [
    -8.304541195600000e+01,
    4.233694727900010e+01
  ],
  ""type"": ""Point""
}","{
  ""coordinates"": [
    -83.045411956,
    42.336947279
  ],
  ""type"": ""Point""
}",-83.045411956,42.3369472790001
14905,1042228,MEYERS,PURITAN,2017-05-28,28,5,2017,17,1,5,9,,4,0,,2,2,1,35,2,2,1,5,0,0,0,0,true,,false,false,true,false,false,,,,,,false,true,false,,,false,false,false,false,false,-83.16974,42.40899,"{
  ""coordinates"": [
    -8.316973927100000e+01,
    4.240899146000000e+01
  ],
  ""type"": ""Point""
}","{
  ""coordinates"": [
    -83.169739271,
    42.40899146
  ],
  ""type"": ""Point""
}",-83.169739271,42.40899146
14906,1041426,3RD,JEFFERSON,2017-05-28,28,5,2017,12,1,97,9,,4,0,,1,1,1,0,2,2,3,5,0,0,0,0,true,,false,false,false,false,false,,,,,,false,true,false,,,false,false,false,false,false,-83.05271,42.3257,"{
  ""coordinates"": [
    -8.305271458300000e+01,
    4.232570389000010e+01
  ],
  ""type"": ""Point""
}","{
  ""coordinates"": [
    -83.052714583,
    42.32570389
  ],
  ""type"": ""Point""
}",-83.052714583,42.3257038900001
14907,1042271,OUTER,VAN DYKE,2017-05-28,28,5,2017,18,1,4,3,,2,0,,2,4,1,35,4,2,1,3,0,0,1,0,false,,false,false,true,false,false,,,,,,false,false,false,,,false,false,false,false,false,-83.02422,42.44135,"{
  ""coordinates"": [
    -8.302422518500001e+01,
    4.244135294700000e+01
  ],
  ""type"": ""Point""
}","{
  ""coordinates"": [
    -83.024225185,
    42.441352947
  ],
  ""type"": ""Point""
}",-83.024225185,42.441352947
14908,1041422,CAMBRIDGE,MONICA,2017-05-28,28,5,2017,6,1,98,9,,,0,,1,1,4,25,1,3,1,5,0,0,0,0,true,,false,false,true,false,false,,,,,,false,false,false,,,false,false,false,false,false,-83.14501,42.43335,"{
  ""coordinates"": [
    -8.314500829000001e+01,
    4.243334967400010e+01
  ],
  ""type"": ""Point""
}","{
  ""coordinates"": [
    -83.14500829,
    42.433349674
  ],
  ""type"": ""Point""
}",-83.14500829,42.4333496740001
14909,1051594,PLYMOUTH,WESTWOOD,2017-05-28,28,5,2017,13,1,97,9,,4,0,,1,1,1,35,5,2,1,5,0,0,0,0,true,,false,false,true,false,false,,,,,,false,false,false,,,false,false,false,false,false,-83.23139,42.37197,"{
  ""coordinates"": [
    -8.323139395500000e+01,
    4.237197257700010e+01
  ],
  ""type"": ""Point""
}","{
  ""coordinates"": [
    -83.231393955,
    42.371972577
  ],
  ""type"": ""Point""
}",-83.231393955,42.3719725770001
14910,1044259,S M 10,RAMP 215F,2017-05-28,28,5,2017,4,1,8,3,,1,0,,2,1,1,55,4,2,5,5,0,0,0,0,true,,false,false,false,false,false,,,,,,false,false,true,,,false,false,false,false,false,-83.07764,42.36066,"{
  ""coordinates"": [
    -8.307763478800000e+01,
    4.236065914200000e+01
  ],
  ""type"": ""Point""
}","{
  ""coordinates"": [
    -83.077634788,
    42.360659142
  ],
  ""type"": ""Point""
}",-83.077634788,42.360659142
14911,1041375,25TH,SLEDEN,2017-05-28,28,5,2017,3,1,8,9,,,0,,1,2,5,25,2,2,0,5,0,0,0,0,true,,false,false,true,false,false,,,,,,false,false,false,,,false,false,false,false,false,-83.09708,42.3375,"{
  ""coordinates"": [
    -8.309707765099991e+01,
    4.233750263000010e+01
  ],
  ""type"": ""Point""
}","{
  ""coordinates"": [
    -83.097077651,
    42.33750263
  ],
  ""type"": ""Point""
}",-83.0970776509999,42.3375026300001
14912,1043177,BROCK,FAIRMOUNT,2017-05-28,28,5,2017,0,1,4,9,,,0,,1,2,5,25,1,2,2,4,0,0,0,1,false,,true,false,true,false,false,,,,,,false,false,true,,,false,false,false,false,false,-82.96341,42.44458,"{
  ""coordinates"": [
    -8.296340999599990e+01,
    4.244458036800010e+01
  ],
  ""type"": ""Point""
}","{
  ""coordinates"": [
    -82.963409996,
    42.444580368
  ],
  ""type"": ""Point""
}",-82.9634099959999,42.4445803680001
14913,1044262,S I 75,RAMP 216H,2017-05-28,28,5,2017,19,1,5,1,,1,0,,2,4,1,55,4,2,2,5,0,0,0,0,true,,false,false,false,false,false,,,,,,false,false,true,,,false,false,false,false,false,-83.05836,42.36886,"{
  ""coordinates"": [
    -8.305836042300000e+01,
    4.236885713900010e+01
  ],
  ""type"": ""Point""
}","{
  ""coordinates"": [
    -83.058360423,
    42.368857139
  ],
  ""type"": ""Point""
}",-83.058360423,42.3688571390001
14914,1041408,TELEGRAPH,MCNICHOLS,2017-05-28,28,5,2017,17,1,5,2,,1,0,,2,4,1,45,4,4,4,5,0,0,0,0,true,,false,false,false,false,false,,,,,,false,false,true,,,false,false,false,false,false,-83.27703,42.4159,"{
  ""coordinates"": [
    -8.327703011300000e+01,
    4.241589639500010e+01
  ],
  ""type"": ""Point""
}","{
  ""coordinates"": [
    -83.277030113,
    42.415896395
  ],
  ""type"": ""Point""
}",-83.277030113,42.4158963950001
14915,1052926,14735 HOUSTON WHITTIER,MCCRARY,2017-05-28,28,5,2017,16,1,5,9,,4,3,,1,1,1,25,2,2,1,5,0,0,0,0,true,,false,false,true,false,false,,,,,,false,false,false,,,false,false,false,false,false,-82.96966,42.42073,"{
  ""coordinates"": [
    -8.296965708999990e+01,
    4.242072994900010e+01
  ],
  ""type"": ""Point""
}","{
  ""coordinates"": [
    -82.96965709,
    42.420729949
  ],
  ""type"": ""Point""
}",-82.9696570899999,42.4207299490001
14916,1044254,I-94,FRENCH,2017-05-28,28,5,2017,19,1,1,1,,1,1,,2,4,1,55,3,1,2,5,0,0,0,0,true,,false,false,false,false,false,,,,,,false,false,true,,,false,false,false,false,false,-82.99776,42.39223,"{
  ""coordinates"": [
    -8.299776065200000e+01,
    4.239223131100000e+01
  ],
  ""type"": ""Point""
}","{
  ""coordinates"": [
    -82.997760652,
    42.392231311
  ],
  ""type"": ""Point""
}",-82.997760652,42.392231311
14917,1044249,I-96,WARREN,2017-05-28,28,5,2017,0,1,1,1,,1,1,,1,1,4,0,4,1,1,4,0,0,0,1,false,,false,false,false,false,false,,,,,,false,false,false,,,false,false,false,false,false,-83.09644,42.34617,"{
  ""coordinates"": [
    -8.309644380000000e+01,
    4.234616929000000e+01
  ],
  ""type"": ""Point""
}","{
  ""coordinates"": [
    -83.0964438,
    42.34616929
  ],
  ""type"": ""Point""
}",-83.0964438,42.34616929
14918,1041385,VERMONT,TEMPLE,2017-05-28,28,5,2017,18,1,4,9,,,0,,2,4,1,25,2,2,2,5,0,0,0,0,true,,true,true,false,false,false,,,,,,false,false,true,,,false,false,false,false,false,-83.07614,42.3362,"{
  ""coordinates"": [
    -8.307614355500000e+01,
    4.233620120800000e+01
  ],
  ""type"": ""Point""
}","{
  ""coordinates"": [
    -83.076143555,
    42.336201208
  ],
  ""type"": ""Point""
}",-83.076143555,42.336201208
14919,1043160,33RD,RICH,2017-05-28,28,5,2017,17,1,4,9,,,0,,2,4,1,25,2,2,2,5,0,0,0,0,true,,false,false,false,false,false,,,,,,false,false,false,,,false,false,false,false,false,-83.1149,42.3371,"{
  ""coordinates"": [
    -8.311490139499990e+01,
    4.233710466400000e+01
  ],
  ""type"": ""Point""
}","{
  ""coordinates"": [
    -83.114901395,
    42.337104664
  ],
  ""type"": ""Point""
}",-83.1149013949999,42.337104664
14920,1072695,DEVONSHIRE,BREMEN,2017-05-28,28,5,2017,5,1,4,9,,,0,,1,1,5,25,2,2,0,5,0,0,0,0,true,,false,false,false,false,false,,,,,,false,false,false,,,false,false,false,false,false,-82.93758,42.39504,"{
  ""coordinates"": [
    -8.293758145500000e+01,
    4.239503752600010e+01
  ],
  ""type"": ""Point""
}","{
  ""coordinates"": [
    -82.937581455,
    42.395037526
  ],
  ""type"": ""Point""
}",-82.937581455,42.3950375260001
14921,1042235,LARNED,BEAUBIEN,2017-05-28,28,5,2017,19,1,10,9,,4,0,,2,1,1,30,2,2,2,5,0,0,0,0,true,,false,false,false,false,false,,,,,,false,false,false,,,false,true,false,false,false,-83.04076,42.33238,"{
  ""coordinates"": [
    -8.304076041099999e+01,
    4.233238009400000e+01
  ],
  ""type"": ""Point""
}","{
  ""coordinates"": [
    -83.040760411,
    42.332380094
  ],
  ""type"": ""Point""
}",-83.040760411,42.332380094
14922,1045107,I-96,LIVERNOIS,2017-05-28,28,5,2017,17,1,1,1,,1,1,,4,1,1,70,4,1,1,4,0,0,0,1,false,,false,false,false,false,false,,,,,,false,false,true,,,false,false,false,false,false,-83.14041,42.36799,"{
  ""coordinates"": [
    -8.314040950000000e+01,
    4.236798767400010e+01
  ],
  ""type"": ""Point""
}","{
  ""coordinates"": [
    -83.1404095,
    42.367987674
  ],
  ""type"": ""Point""
}",-83.1404095,42.3679876740001
14923,1044265,I-75,MACK,2017-05-28,28,5,2017,1,1,97,1,,1,0,,1,1,4,55,4,3,3,4,0,0,0,2,false,,false,false,true,false,false,,,,,,false,false,false,,,false,false,false,false,false,-83.04765,42.35098,"{
  ""coordinates"": [
    -8.304765634700000e+01,
    4.235097637500010e+01
  ],
  ""type"": ""Point""
}","{
  ""coordinates"": [
    -83.047656347,
    42.350976375
  ],
  ""type"": ""Point""
}",-83.047656347,42.3509763750001
14924,1041371,RAMP 137A,E I 96 SERVICE DRIVE,2017-05-28,28,5,2017,20,1,5,1,,1,0,,2,1,2,0,3,2,3,5,0,0,0,0,true,,false,false,false,false,false,,,,,,false,false,true,,,false,false,false,false,false,-83.17844,42.38267,"{
  ""coordinates"": [
    -8.317843441799990e+01,
    4.238266658000000e+01
  ],
  ""type"": ""Point""
}","{
  ""coordinates"": [
    -83.178434418,
    42.38266658
  ],
  ""type"": ""Point""
}",-83.1784344179999,42.38266658
14925,1042230,WYOMING,E I 96 CD,2017-05-28,28,5,2017,21,1,8,9,,4,0,,1,2,4,35,4,2,3,5,0,0,0,0,true,,false,false,false,false,false,,,,,,false,false,false,,,false,false,false,false,false,-83.15896,42.38498,"{
  ""coordinates"": [
    -8.315896188600000e+01,
    4.238497880400010e+01
  ],
  ""type"": ""Point""
}","{
  ""coordinates"": [
    -83.158961886,
    42.384978804
  ],
  ""type"": ""Point""
}",-83.158961886,42.3849788040001
14926,1042246,ST MARYS,PLYMOUTH,2017-05-28,28,5,2017,23,1,4,9,,,0,,2,4,4,25,3,2,1,5,0,0,0,0,true,,false,false,true,false,false,,,,,,false,false,true,,,false,false,false,false,false,-83.20477,42.37255,"{
  ""coordinates"": [
    -8.320476652900000e+01,
    4.237255022400010e+01
  ],
  ""type"": ""Point""
}","{
  ""coordinates"": [
    -83.204766529,
    42.372550224
  ],
  ""type"": ""Point""
}",-83.204766529,42.3725502240001
14927,1045110,I-75,DAVISON,2017-05-28,28,5,2017,15,1,8,1,,1,0,,1,1,1,70,4,2,2,5,0,0,0,0,true,,false,false,false,false,false,,,,,,false,false,true,,,false,false,false,false,false,-83.07802,42.40763,"{
  ""coordinates"": [
    -8.307801864899990e+01,
    4.240763585200010e+01
  ],
  ""type"": ""Point""
}","{
  ""coordinates"": [
    -83.078018649,
    42.407635852
  ],
  ""type"": ""Point""
}",-83.0780186489999,42.4076358520001
14928,1054980,W I 96,GRAND RIVER,2017-05-28,28,5,2017,19,1,1,1,,1,1,,2,4,1,70,4,1,1,1,1,0,0,0,false,,false,false,false,false,false,,,,,,false,false,false,,,false,false,false,false,false,-83.17449,42.38417,"{
  ""coordinates"": [
    -8.317449314500000e+01,
    4.238416638200000e+01
  ],
  ""type"": ""Point""
}","{
  ""coordinates"": [
    -83.174493145,
    42.384166382
  ],
  ""type"": ""Point""
}",-83.174493145,42.384166382
14929,1042268,SEVEN MILE,OAKFIELD,2017-05-28,28,5,2017,22,1,3,9,,2,0,,2,4,4,35,4,2,2,5,0,0,0,0,true,,false,false,false,false,false,,,,,,false,false,false,,,false,false,false,false,false,-83.21498,42.43014,"{
  ""coordinates"": [
    -8.321497933599990e+01,
    4.243014160300000e+01
  ],
  ""type"": ""Point""
}","{
  ""coordinates"": [
    -83.214979336,
    42.430141603
  ],
  ""type"": ""Point""
}",-83.2149793359999,42.430141603
14930,1044313,LIVERNOIS,CHALFONTE,2017-05-28,28,5,2017,1,1,1,9,,4,0,,1,1,4,35,4,1,1,5,0,0,0,0,true,,false,false,false,false,false,,,,,,false,false,true,,,false,false,false,false,false,-83.14002,42.40057,"{
  ""coordinates"": [
    -8.314002290699990e+01,
    4.240056536500000e+01
  ],
  ""type"": ""Point""
}","{
  ""coordinates"": [
    -83.140022907,
    42.400565365
  ],
  ""type"": ""Point""
}",-83.1400229069999,42.400565365
14931,1041412,7 MILE,CHALMERS,2017-05-28,28,5,2017,0,1,3,9,,2,0,,1,1,4,30,2,3,3,5,0,0,0,0,true,,true,true,false,true,false,,,,,,false,false,true,,,false,false,false,false,false,-82.9751,42.43515,"{
  ""coordinates"": [
    -8.297509871400000e+01,
    4.243514465900010e+01
  ],
  ""type"": ""Point""
}","{
  ""coordinates"": [
    -82.975098714,
    42.435144659
  ],
  ""type"": ""Point""
}",-82.975098714,42.4351446590001
14932,1041415,GRATIOT,ST PATRICK,2017-05-28,28,5,2017,12,1,3,3,,1,0,,1,1,1,35,8,2,2,5,0,0,0,0,true,,false,false,false,false,false,,,,,,false,false,true,,,false,false,false,false,false,-82.99213,42.41312,"{
  ""coordinates"": [
    -8.299212557399990e+01,
    4.241312281500010e+01
  ],
  ""type"": ""Point""
}","{
  ""coordinates"": [
    -82.992125574,
    42.413122815
  ],
  ""type"": ""Point""
}",-82.9921255739999,42.4131228150001
14933,1044263,I-94,BRUSH,2017-05-28,28,5,2017,19,1,5,1,,1,0,,2,4,1,55,3,2,3,4,0,0,0,1,false,,false,false,false,false,false,,,,,,false,false,true,,,false,false,false,false,false,-83.06406,42.36596,"{
  ""coordinates"": [
    -8.306405744599989e+01,
    4.236596478700010e+01
  ],
  ""type"": ""Point""
}","{
  ""coordinates"": [
    -83.064057446,
    42.365964787
  ],
  ""type"": ""Point""
}",-83.0640574459999,42.3659647870001
14934,1043184,DAVISON,HOLMUR,2017-05-28,28,5,2017,22,1,5,3,,1,0,,2,4,4,35,7,2,2,5,0,0,0,0,true,,false,false,false,false,false,,,,,,false,false,false,,,false,false,false,false,false,-83.13328,42.38882,"{
  ""coordinates"": [
    -8.313328057299999e+01,
    4.238881728500010e+01
  ],
  ""type"": ""Point""
}","{
  ""coordinates"": [
    -83.133280573,
    42.388817285
  ],
  ""type"": ""Point""
}",-83.133280573,42.3888172850001
14935,1042375,M-39,OUTER,2017-05-28,28,5,2017,13,1,8,3,,1,0,,1,1,1,35,3,2,2,5,0,0,0,0,true,,false,false,false,false,false,,,,,,false,false,false,,,false,false,false,false,false,-83.21883,42.41927,"{
  ""coordinates"": [
    -8.321882298100000e+01,
    4.241927311600010e+01
  ],
  ""type"": ""Point""
}","{
  ""coordinates"": [
    -83.218822981,
    42.419273116
  ],
  ""type"": ""Point""
}",-83.218822981,42.4192731160001
14936,1042266,EVERGREEN,VERNE,2017-05-28,28,5,2017,21,1,4,9,,4,0,,2,4,4,40,2,2,3,5,0,0,0,0,true,,true,false,true,false,false,,,,,,false,false,true,,,false,false,false,false,false,-83.23798,42.41159,"{
  ""coordinates"": [
    -8.323797906899991e+01,
    4.241158498100000e+01
  ],
  ""type"": ""Point""
}","{
  ""coordinates"": [
    -83.237979069,
    42.411584981
  ],
  ""type"": ""Point""
}",-83.2379790689999,42.411584981
14937,1041404,FENKELL,SOUTHFIELD SERVICE,2017-05-27,27,5,2017,17,7,8,9,,2,0,,1,2,1,35,2,2,2,5,0,0,0,0,true,,false,false,true,false,false,,,,,,false,false,true,,,false,false,false,false,false,-83.21419,42.4012,"{
  ""coordinates"": [
    -8.321419130500000e+01,
    4.240119491600010e+01
  ],
  ""type"": ""Point""
}","{
  ""coordinates"": [
    -83.214191305,
    42.401194916
  ],
  ""type"": ""Point""
}",-83.214191305,42.4011949160001