ObjectId,Crash ID,Primary Road,Intersecting Road,Crash Date,Day,Month,Year,Hour,Weekday,Crash Type Code,Highway Classification Code,Community Code,Jurisdiction Code,Lane Departure Type Code,Surface Type,Road Condition,Weather Condition,Lighting Condition,Speed Limit,Lanes,Units,Occupants,Most Severe Injury,Fatal Injuries,Suspected Serious Injuries,Suspected Minor Injuries,Possible Injuries,Property Damage Only,Secondary Crash,Traffic Control,Red Light Run,Hit and Run,Alcohol,Drugs,Unbelted Person,Work Zone,Speeding Driver,Distracted Driver,Driveway,Pedestrian,Elderly Driver,Young Driver,Commercial Vehicle,Emergency Vehicles,Train,School Bus,Motorcycle,Bicycle,Deer,Longitude,Latitude,geom,geog,x,y
14938,1056117,S M 39,MCNICHOLS,2017-05-27,27,5,2017,20,7,8,3,,1,0,,1,1,1,55,3,3,4,5,0,0,0,0,true,,false,false,true,false,false,,,,,,false,false,false,,,false,false,false,false,false,-83.21889,42.41561,"{
  ""coordinates"": [
    -8.321888987900000e+01,
    4.241561220400010e+01
  ],
  ""type"": ""Point""
}","{
  ""coordinates"": [
    -83.218889879,
    42.415612204
  ],
  ""type"": ""Point""
}",-83.218889879,42.4156122040001
14939,1041364,375,GRATIOT,2017-05-27,27,5,2017,12,7,5,1,,1,0,,1,1,1,55,3,2,2,4,0,0,0,2,false,,false,false,false,false,false,,,,,,false,false,true,,,false,false,false,false,false,-83.04005,42.33908,"{
  ""coordinates"": [
    -8.304005783799990e+01,
    4.233907671800010e+01
  ],
  ""type"": ""Point""
}","{
  ""coordinates"": [
    -83.040057838,
    42.339076718
  ],
  ""type"": ""Point""
}",-83.0400578379999,42.3390767180001
14940,1041376,EDSEL FORD FWY SER,TRUMBULL,2017-05-27,27,5,2017,20,7,5,1,,1,0,,1,1,1,25,3,2,5,5,0,0,0,0,true,,false,false,false,false,false,,,,,,false,false,false,,,false,false,false,false,false,-83.08105,42.35601,"{
  ""coordinates"": [
    -8.308105427299991e+01,
    4.235601100200010e+01
  ],
  ""type"": ""Point""
}","{
  ""coordinates"": [
    -83.081054273,
    42.356011002
  ],
  ""type"": ""Point""
}",-83.0810542729999,42.3560110020001
14941,1041416,CONNER,FRANKFORT,2017-05-27,27,5,2017,15,7,98,9,,4,0,,1,1,1,40,3,2,2,5,0,0,0,0,true,,false,false,true,false,false,,,,,,false,true,false,,,false,false,false,false,false,-82.97878,42.39022,"{
  ""coordinates"": [
    -8.297877208499990e+01,
    4.239022125400000e+01
  ],
  ""type"": ""Point""
}","{
  ""coordinates"": [
    -82.978772085,
    42.390221254
  ],
  ""type"": ""Point""
}",-82.9787720849999,42.390221254
14942,1048833,ROSEMARY,GUNSTON,2017-05-27,27,5,2017,3,7,5,9,,,3,,1,1,4,25,2,2,0,5,0,0,0,0,true,,false,false,true,false,false,,,,,,false,false,false,,,false,false,false,false,false,-82.99361,42.40815,"{
  ""coordinates"": [
    -8.299361419600000e+01,
    4.240814864600000e+01
  ],
  ""type"": ""Point""
}","{
  ""coordinates"": [
    -82.993614196,
    42.408148646
  ],
  ""type"": ""Point""
}",-82.993614196,42.408148646
14943,1044310,WOODROW WILSON,WEBB,2017-05-27,27,5,2017,5,7,1,9,,4,1,,1,1,2,30,2,1,1,5,0,0,0,0,true,,false,false,false,false,false,,,,,,false,false,false,,,false,false,false,false,false,-83.10335,42.3874,"{
  ""coordinates"": [
    -8.310334700399990e+01,
    4.238740141000010e+01
  ],
  ""type"": ""Point""
}","{
  ""coordinates"": [
    -83.103347004,
    42.38740141
  ],
  ""type"": ""Point""
}",-83.1033470039999,42.3874014100001
14944,1041417,HAMPSHIRE,NEWPORT,2017-05-27,27,5,2017,22,7,8,9,,,0,,1,1,5,25,2,2,4,4,0,0,0,1,false,,false,false,true,false,false,,,,,,false,false,false,,,false,false,false,false,false,-82.96822,42.40527,"{
  ""coordinates"": [
    -8.296821507000000e+01,
    4.240527093200010e+01
  ],
  ""type"": ""Point""
}","{
  ""coordinates"": [
    -82.96821507,
    42.405270932
  ],
  ""type"": ""Point""
}",-82.96821507,42.4052709320001
14945,1056116,I-75,MACK,2017-05-27,27,5,2017,19,7,1,1,,1,1,,1,1,1,55,4,1,2,5,0,0,0,0,true,,false,false,false,false,false,,,,,,false,false,true,,,false,false,false,false,false,-83.05009,42.35459,"{
  ""coordinates"": [
    -8.305008764000000e+01,
    4.235458863000010e+01
  ],
  ""type"": ""Point""
}","{
  ""coordinates"": [
    -83.05008764,
    42.35458863
  ],
  ""type"": ""Point""
}",-83.05008764,42.3545886300001
14946,1041413,7MILE,STRASBURG,2017-05-27,27,5,2017,18,7,97,9,,4,0,,1,1,1,30,2,2,1,4,0,0,0,1,false,,true,true,true,false,false,,,,,,false,false,true,,,false,false,false,false,false,-82.99852,42.43462,"{
  ""coordinates"": [
    -8.299851873599989e+01,
    4.243461581000000e+01
  ],
  ""type"": ""Point""
}","{
  ""coordinates"": [
    -82.998518736,
    42.43461581
  ],
  ""type"": ""Point""
}",-82.9985187359999,42.43461581
14947,1047802,WARREN,JOHN R,2017-05-27,27,5,2017,1,7,4,9,,4,0,,1,1,1,30,2,2,1,5,0,0,0,0,true,,true,true,true,false,false,,,,,,false,false,true,,,false,false,false,false,false,-83.06223,42.35774,"{
  ""coordinates"": [
    -8.306223370100000e+01,
    4.235773807100000e+01
  ],
  ""type"": ""Point""
}","{
  ""coordinates"": [
    -83.062233701,
    42.357738071
  ],
  ""type"": ""Point""
}",-83.062233701,42.357738071
14948,1041386,MICHIGAN,LONYO,2017-05-27,27,5,2017,0,7,97,2,,1,0,,1,1,4,35,3,2,6,5,0,0,0,0,true,,false,false,true,false,false,,,,,,false,false,true,,,false,false,false,false,false,-83.14445,42.33046,"{
  ""coordinates"": [
    -8.314444399099990e+01,
    4.233045616800010e+01
  ],
  ""type"": ""Point""
}","{
  ""coordinates"": [
    -83.144443991,
    42.330456168
  ],
  ""type"": ""Point""
}",-83.1444439909999,42.3304561680001
14949,1044240,I94,JOHN R1,2017-05-27,27,5,2017,4,7,1,1,,1,1,,1,1,4,55,3,1,1,4,0,0,0,1,false,,false,false,false,false,false,,,,,,false,false,true,,,false,false,false,false,false,-83.06705,42.36467,"{
  ""coordinates"": [
    -8.306704372900001e+01,
    4.236466710600010e+01
  ],
  ""type"": ""Point""
}","{
  ""coordinates"": [
    -83.067043729,
    42.364667106
  ],
  ""type"": ""Point""
}",-83.067043729,42.3646671060001
14950,1045153,RIOPELLE,DIVISION,2017-05-27,27,5,2017,15,7,98,9,,,0,,1,1,1,15,3,2,0,5,0,0,0,0,true,,false,false,true,false,false,,,,,,false,false,false,,,false,false,false,false,false,-83.03947,42.34778,"{
  ""coordinates"": [
    -8.303946725700000e+01,
    4.234777892700000e+01
  ],
  ""type"": ""Point""
}","{
  ""coordinates"": [
    -83.039467257,
    42.347778927
  ],
  ""type"": ""Point""
}",-83.039467257,42.347778927
14951,1041397,SOUTHAMPTON,LODEWYCK,2017-05-27,27,5,2017,11,7,3,9,,,0,,1,1,1,25,2,2,2,5,0,0,0,0,true,,false,false,true,false,false,,,,,,false,false,true,,,false,false,false,false,false,-82.92258,42.41286,"{
  ""coordinates"": [
    -8.292257963700000e+01,
    4.241285574800000e+01
  ],
  ""type"": ""Point""
}","{
  ""coordinates"": [
    -82.922579637,
    42.412855748
  ],
  ""type"": ""Point""
}",-82.922579637,42.412855748
14952,1044241,S M 10,JEFFERSON,2017-05-27,27,5,2017,18,7,8,3,,1,0,,1,1,1,35,3,3,5,5,0,0,0,0,true,,false,false,false,false,false,,,,,,false,false,true,,,false,false,false,false,false,-83.04948,42.32638,"{
  ""coordinates"": [
    -8.304947549500000e+01,
    4.232638080400010e+01
  ],
  ""type"": ""Point""
}","{
  ""coordinates"": [
    -83.049475495,
    42.326380804
  ],
  ""type"": ""Point""
}",-83.049475495,42.3263808040001
14953,1040604,FENKELL,CRUSE,2017-05-27,27,5,2017,3,7,2,9,,2,2,,1,1,4,0,4,2,2,3,0,0,1,0,false,,false,false,false,false,false,,,,,,false,false,true,,,false,false,false,false,false,-83.18286,42.40199,"{
  ""coordinates"": [
    -8.318285847500000e+01,
    4.240199294600010e+01
  ],
  ""type"": ""Point""
}","{
  ""coordinates"": [
    -83.182858475,
    42.401992946
  ],
  ""type"": ""Point""
}",-83.182858475,42.4019929460001
14954,1042272,GRATIOT,MCDOUGALL,2017-05-27,27,5,2017,21,7,8,3,,1,0,,1,1,1,35,4,2,3,5,0,0,0,0,true,,false,false,false,false,false,,,,,,false,false,false,,,false,false,false,false,false,-83.02898,42.35717,"{
  ""coordinates"": [
    -8.302898163099999e+01,
    4.235717450800010e+01
  ],
  ""type"": ""Point""
}","{
  ""coordinates"": [
    -83.028981631,
    42.357174508
  ],
  ""type"": ""Point""
}",-83.028981631,42.3571745080001
14955,1041400,ARTESIAN,KIRKWOOD,2017-05-27,27,5,2017,13,7,5,9,,,0,,1,1,1,25,1,2,1,4,0,0,0,1,false,,false,false,false,false,false,,,,,,false,false,false,,,false,false,false,false,false,-83.22529,42.33198,"{
  ""coordinates"": [
    -8.322529181100001e+01,
    4.233198001300010e+01
  ],
  ""type"": ""Point""
}","{
  ""coordinates"": [
    -83.225291811,
    42.331980013
  ],
  ""type"": ""Point""
}",-83.225291811,42.3319800130001
14956,1041424,CURTIS,OUTER,2017-05-27,27,5,2017,6,7,5,9,,4,0,,1,1,2,25,2,2,2,5,0,0,0,0,true,,false,false,false,false,false,,,,,,false,false,true,,,false,false,false,false,false,-83.17513,42.42392,"{
  ""coordinates"": [
    -8.317513378500000e+01,
    4.242392367800010e+01
  ],
  ""type"": ""Point""
}","{
  ""coordinates"": [
    -83.175133785,
    42.423923678
  ],
  ""type"": ""Point""
}",-83.175133785,42.4239236780001
14957,1041391,MORRELL,VERNOR,2017-05-27,27,5,2017,23,7,98,9,,,0,,1,1,4,0,2,2,0,5,0,0,0,0,true,,false,false,true,false,false,,,,,,false,true,false,,,false,false,false,false,false,-83.10058,42.31819,"{
  ""coordinates"": [
    -8.310057914399989e+01,
    4.231818849200000e+01
  ],
  ""type"": ""Point""
}","{
  ""coordinates"": [
    -83.100579144,
    42.318188492
  ],
  ""type"": ""Point""
}",-83.1005791439999,42.318188492
14958,1046654,SAN JUAN,PEMBROKE,2017-05-27,27,5,2017,8,7,98,9,,,3,,98,98,98,25,2,2,0,5,0,0,0,0,true,,false,false,true,false,false,,,,,,false,false,false,,,false,false,false,false,false,-83.14746,42.43943,"{
  ""coordinates"": [
    -8.314746068100000e+01,
    4.243942894000000e+01
  ],
  ""type"": ""Point""
}","{
  ""coordinates"": [
    -83.147460681,
    42.43942894
  ],
  ""type"": ""Point""
}",-83.147460681,42.43942894
14959,1041403,OUTER,LYNDON,2017-05-27,27,5,2017,3,7,5,9,,2,0,,1,1,4,35,2,2,1,5,0,0,0,0,true,,false,false,true,false,false,,,,,,false,false,false,,,false,false,false,false,false,-83.25641,42.39281,"{
  ""coordinates"": [
    -8.325640604900001e+01,
    4.239281443800010e+01
  ],
  ""type"": ""Point""
}","{
  ""coordinates"": [
    -83.256406049,
    42.392814438
  ],
  ""type"": ""Point""
}",-83.256406049,42.3928144380001
14960,1040609,MEYERS,PILGRIM,2017-05-27,27,5,2017,19,7,4,9,,4,0,,1,1,1,45,4,2,3,5,0,0,0,0,true,,false,false,false,false,false,,,,,,false,false,true,,,false,false,false,false,false,-83.16965,42.4073,"{
  ""coordinates"": [
    -8.316965232699989e+01,
    4.240729517200000e+01
  ],
  ""type"": ""Point""
}","{
  ""coordinates"": [
    -83.169652327,
    42.407295172
  ],
  ""type"": ""Point""
}",-83.1696523269999,42.407295172
14961,1041374,S I 75 SERVICE DRIVE,WARREN,2017-05-27,27,5,2017,20,7,8,1,,4,0,,1,1,1,30,3,2,3,5,0,0,0,0,true,,false,false,false,false,false,,,,,,false,false,false,,,false,false,false,false,false,-83.05491,42.36064,"{
  ""coordinates"": [
    -8.305491185400000e+01,
    4.236063715400010e+01
  ],
  ""type"": ""Point""
}","{
  ""coordinates"": [
    -83.054911854,
    42.360637154
  ],
  ""type"": ""Point""
}",-83.054911854,42.3606371540001
14962,1043186,WARREN,CANTON,2017-05-27,27,5,2017,14,7,5,9,,4,0,,1,1,1,35,3,2,1,5,0,0,0,0,true,,false,false,true,false,false,,,,,,false,false,false,,,false,false,false,false,false,-83.02149,42.37272,"{
  ""coordinates"": [
    -8.302149394799990e+01,
    4.237271854700000e+01
  ],
  ""type"": ""Point""
}","{
  ""coordinates"": [
    -83.021493948,
    42.372718547
  ],
  ""type"": ""Point""
}",-83.0214939479999,42.372718547
14963,1045162,LAKEPOINTE,YORKSHIRE,2017-05-27,27,5,2017,22,7,4,9,,,0,,1,1,4,25,2,2,4,5,0,0,0,0,true,,false,false,false,false,false,,,,,,false,false,true,,,false,false,false,false,false,-82.95247,42.41908,"{
  ""coordinates"": [
    -8.295247106999990e+01,
    4.241908190300010e+01
  ],
  ""type"": ""Point""
}","{
  ""coordinates"": [
    -82.95247107,
    42.419081903
  ],
  ""type"": ""Point""
}",-82.9524710699999,42.4190819030001
14964,1048832,HAZELRIDGE,GROVER,2017-05-27,27,5,2017,4,7,4,9,,,0,,1,1,4,25,1,2,4,5,0,0,0,0,true,,false,false,true,false,false,,,,,,false,false,false,,,false,false,false,false,false,-82.9798,42.4246,"{
  ""coordinates"": [
    -8.297979551500001e+01,
    4.242460210700010e+01
  ],
  ""type"": ""Point""
}","{
  ""coordinates"": [
    -82.979795515,
    42.424602107
  ],
  ""type"": ""Point""
}",-82.979795515,42.4246021070001
14965,1041401,WARREN,MANSFIELD,2017-05-27,27,5,2017,19,7,97,9,,2,0,,1,1,1,35,4,2,2,3,0,0,2,0,false,,false,false,false,false,false,,,,,,false,true,false,,,false,false,false,false,false,-83.20244,42.34359,"{
  ""coordinates"": [
    -8.320243705199989e+01,
    4.234359207100000e+01
  ],
  ""type"": ""Point""
}","{
  ""coordinates"": [
    -83.202437052,
    42.343592071
  ],
  ""type"": ""Point""
}",-83.2024370519999,42.343592071
14966,1111556,WOODROW WILSON,WAVERLY,2017-05-27,27,5,2017,19,7,7,9,,4,0,,1,1,1,30,2,2,1,5,0,0,0,0,true,,false,false,false,false,false,,,,,,false,false,false,,,false,false,false,false,false,-83.11036,42.39635,"{
  ""coordinates"": [
    -8.311035979099999e+01,
    4.239635457900000e+01
  ],
  ""type"": ""Point""
}","{
  ""coordinates"": [
    -83.110359791,
    42.396354579
  ],
  ""type"": ""Point""
}",-83.110359791,42.396354579
14967,1044255,I-75,WATERMAN,2017-05-27,27,5,2017,0,7,1,1,,1,1,,1,1,4,70,4,1,3,5,0,0,0,0,true,,false,false,false,false,false,,,,,,false,false,true,,,false,false,false,false,false,-83.12482,42.29726,"{
  ""coordinates"": [
    -8.312481716600000e+01,
    4.229726400100000e+01
  ],
  ""type"": ""Point""
}","{
  ""coordinates"": [
    -83.124817166,
    42.297264001
  ],
  ""type"": ""Point""
}",-83.124817166,42.297264001
14968,1040617,GRAND RIVER,TRUMBULL,2017-05-27,27,5,2017,7,7,1,3,,1,0,,1,1,2,30,6,1,1,5,0,0,0,0,true,,false,false,false,false,false,,,,,,false,false,false,,,false,false,false,false,false,-83.07305,42.34215,"{
  ""coordinates"": [
    -8.307305361700000e+01,
    4.234214885000010e+01
  ],
  ""type"": ""Point""
}","{
  ""coordinates"": [
    -83.073053617,
    42.34214885
  ],
  ""type"": ""Point""
}",-83.073053617,42.3421488500001
14969,1041406,GRATIOT,GRAND,2017-05-27,27,5,2017,17,7,8,3,,1,0,,1,1,1,35,2,2,2,5,0,0,0,0,true,,false,false,true,false,false,,,,,,false,false,false,,,false,false,false,false,false,-83.0189,42.37249,"{
  ""coordinates"": [
    -8.301889629999989e+01,
    4.237248865200010e+01
  ],
  ""type"": ""Point""
}","{
  ""coordinates"": [
    -83.0188963,
    42.372488652
  ],
  ""type"": ""Point""
}",-83.0188962999999,42.3724886520001
14970,1040670,MOHICAN,GRATIOT,2017-05-27,27,5,2017,15,7,5,3,,,0,,1,1,1,25,2,2,3,5,0,0,0,0,true,,false,false,false,false,false,,,,,,false,false,false,,,false,false,false,false,false,-82.97078,42.4456,"{
  ""coordinates"": [
    -8.297077738300000e+01,
    4.244560053200010e+01
  ],
  ""type"": ""Point""
}","{
  ""coordinates"": [
    -82.970777383,
    42.445600532
  ],
  ""type"": ""Point""
}",-82.970777383,42.4456005320001
14971,1046648,MCNICHOLS,JAMES COUZEN,2017-05-27,27,5,2017,7,7,7,9,,2,0,,1,1,1,35,3,2,4,5,0,0,0,0,true,,false,false,true,false,false,,,,,,false,false,false,,,false,false,false,false,false,-83.17245,42.41665,"{
  ""coordinates"": [
    -8.317245318200000e+01,
    4.241664590400010e+01
  ],
  ""type"": ""Point""
}","{
  ""coordinates"": [
    -83.172453182,
    42.416645904
  ],
  ""type"": ""Point""
}",-83.172453182,42.4166459040001
14972,1045111,E I 96,E M 8,2017-05-27,27,5,2017,21,7,8,1,,1,0,,1,1,4,65,3,2,3,4,0,0,0,1,false,,false,false,false,false,false,,,,,,false,false,true,,,false,false,false,false,false,-83.1553,42.38518,"{
  ""coordinates"": [
    -8.315529379100001e+01,
    4.238518332900000e+01
  ],
  ""type"": ""Point""
}","{
  ""coordinates"": [
    -83.155293791,
    42.385183329
  ],
  ""type"": ""Point""
}",-83.155293791,42.385183329
14973,1061471,CADILLAC,RANDOLPH,2017-05-27,27,5,2017,2,7,98,3,,4,0,,1,1,4,25,2,1,2,5,0,0,0,0,true,,false,false,true,false,false,,,,,,false,false,false,,,false,false,false,false,false,-83.04342,42.33141,"{
  ""coordinates"": [
    -8.304342129400000e+01,
    4.233140810300010e+01
  ],
  ""type"": ""Point""
}","{
  ""coordinates"": [
    -83.043421294,
    42.331408103
  ],
  ""type"": ""Point""
}",-83.043421294,42.3314081030001
14974,1041389,WATERMAN,FORT,2017-05-27,27,5,2017,12,7,1,3,,4,1,,1,1,1,25,2,1,2,3,0,0,1,1,false,,false,false,false,false,false,,,,,,false,false,false,,,false,false,false,false,false,-83.10821,42.30431,"{
  ""coordinates"": [
    -8.310820717300000e+01,
    4.230431433500010e+01
  ],
  ""type"": ""Point""
}","{
  ""coordinates"": [
    -83.108207173,
    42.304314335
  ],
  ""type"": ""Point""
}",-83.108207173,42.3043143350001
14975,1040665,ROSA PARKS,CALVERT,2017-05-27,27,5,2017,17,7,4,9,,4,0,,1,1,1,25,2,2,1,5,0,0,0,0,true,,false,false,true,false,false,,,,,,false,true,false,,,false,false,false,false,false,-83.10382,42.38272,"{
  ""coordinates"": [
    -8.310382018300000e+01,
    4.238271582600000e+01
  ],
  ""type"": ""Point""
}","{
  ""coordinates"": [
    -83.103820183,
    42.382715826
  ],
  ""type"": ""Point""
}",-83.103820183,42.382715826
14976,1044311,KENDALL,ROSA PARKS,2017-05-27,27,5,2017,11,7,8,9,,,0,,1,1,1,25,3,2,2,5,0,0,0,0,true,,false,false,false,false,false,,,,,,false,false,false,,,false,false,false,false,false,-83.11662,42.40042,"{
  ""coordinates"": [
    -8.311662119200000e+01,
    4.240042024800000e+01
  ],
  ""type"": ""Point""
}","{
  ""coordinates"": [
    -83.116621192,
    42.400420248
  ],
  ""type"": ""Point""
}",-83.116621192,42.400420248
14977,1041399,WARREN,LAKEPOINTE,2017-05-27,27,5,2017,13,7,4,9,,4,0,,1,1,1,30,4,2,3,1,1,0,0,0,false,,false,false,false,false,true,,,,,,false,false,true,,,false,false,true,false,false,-82.95119,42.39824,"{
  ""coordinates"": [
    -8.295119650100000e+01,
    4.239824150600000e+01
  ],
  ""type"": ""Point""
}","{
  ""coordinates"": [
    -82.951196501,
    42.398241506
  ],
  ""type"": ""Point""
}",-82.951196501,42.398241506
14978,1040627,DIVISION,ORLEANS,2017-05-27,27,5,2017,12,7,8,9,,,0,,1,1,1,25,2,2,0,5,0,0,0,0,true,,false,false,true,false,false,,,,,,false,false,false,,,false,false,false,false,false,-83.03748,42.34859,"{
  ""coordinates"": [
    -8.303748301400000e+01,
    4.234859156800010e+01
  ],
  ""type"": ""Point""
}","{
  ""coordinates"": [
    -83.037483014,
    42.348591568
  ],
  ""type"": ""Point""
}",-83.037483014,42.3485915680001
14979,1048856,KELLY,GLENWOOD,2017-05-27,27,5,2017,9,7,8,9,,2,0,,1,1,1,0,2,2,1,5,0,0,0,0,true,,false,false,true,false,false,,,,,,false,false,false,,,false,false,false,false,false,-82.95615,42.43055,"{
  ""coordinates"": [
    -8.295615570500000e+01,
    4.243054882600010e+01
  ],
  ""type"": ""Point""
}","{
  ""coordinates"": [
    -82.956155705,
    42.430548826
  ],
  ""type"": ""Point""
}",-82.956155705,42.4305488260001
14980,1085402,DICKERSON,CHANDLER PARK,2017-05-27,27,5,2017,6,7,5,9,,4,0,,1,1,1,0,2,2,2,4,0,0,0,1,false,,true,true,false,false,false,,,,,,false,false,false,,,false,false,false,false,false,-82.97057,42.39764,"{
  ""coordinates"": [
    -8.297056916299989e+01,
    4.239763541900000e+01
  ],
  ""type"": ""Point""
}","{
  ""coordinates"": [
    -82.970569163,
    42.397635419
  ],
  ""type"": ""Point""
}",-82.9705691629999,42.397635419
14981,1040651,TELEGRAPH,7 MILE,2017-05-27,27,5,2017,9,7,4,2,,1,0,,1,1,1,0,4,2,2,4,0,0,0,1,false,,false,false,false,false,false,,,,,,false,false,false,,,false,false,false,false,false,-83.27756,42.42892,"{
  ""coordinates"": [
    -8.327755573699990e+01,
    4.242891670400010e+01
  ],
  ""type"": ""Point""
}","{
  ""coordinates"": [
    -83.277555737,
    42.428916704
  ],
  ""type"": ""Point""
}",-83.2775557369999,42.4289167040001
14982,1040652,7 MILE,GLASTONBURY,2017-05-27,27,5,2017,12,7,8,9,,2,0,,1,1,1,0,2,2,5,4,0,0,0,2,false,,false,false,false,false,false,,,,,,false,false,true,,,false,false,false,false,false,-83.2231,42.42995,"{
  ""coordinates"": [
    -8.322310010900000e+01,
    4.242995105400010e+01
  ],
  ""type"": ""Point""
}","{
  ""coordinates"": [
    -83.223100109,
    42.429951054
  ],
  ""type"": ""Point""
}",-83.223100109,42.4299510540001
14983,1041405,SOUTHFIELD SERVICE DRIVE,8 MILE,2017-05-27,27,5,2017,19,7,8,3,,5,0,,98,98,98,35,2,2,2,5,0,0,0,0,true,,false,false,false,false,false,,,,,,false,false,false,,,false,false,false,false,false,-83.22014,42.44407,"{
  ""coordinates"": [
    -8.322014156700000e+01,
    4.244407100400010e+01
  ],
  ""type"": ""Point""
}","{
  ""coordinates"": [
    -83.220141567,
    42.444071004
  ],
  ""type"": ""Point""
}",-83.220141567,42.4440710040001
14984,1040629,FORT,OAKWOOD,2017-05-27,27,5,2017,15,7,7,3,,4,0,,1,1,1,30,5,2,6,4,0,0,0,1,false,,false,false,false,false,false,,,,,,false,false,false,,,false,false,false,false,false,-83.14342,42.29092,"{
  ""coordinates"": [
    -8.314341732199991e+01,
    4.229092475200010e+01
  ],
  ""type"": ""Point""
}","{
  ""coordinates"": [
    -83.143417322,
    42.290924752
  ],
  ""type"": ""Point""
}",-83.1434173219999,42.2909247520001
14985,1041378,MICHIGAN,WOODWARD,2017-05-27,27,5,2017,16,7,8,9,,4,0,,1,1,1,25,6,2,5,5,0,0,0,0,true,,false,false,false,false,false,,,,,,false,true,false,,,false,false,false,false,false,-83.04701,42.33165,"{
  ""coordinates"": [
    -8.304701162800001e+01,
    4.233164870100010e+01
  ],
  ""type"": ""Point""
}","{
  ""coordinates"": [
    -83.047011628,
    42.331648701
  ],
  ""type"": ""Point""
}",-83.047011628,42.3316487010001
14986,1041418,7 MILE,REDMOND,2017-05-27,27,5,2017,21,7,3,9,,2,0,,1,1,4,30,4,2,2,5,0,0,0,0,true,,false,false,false,false,false,,,,,,false,false,true,,,false,false,false,false,false,-82.95579,42.43559,"{
  ""coordinates"": [
    -8.295579067100000e+01,
    4.243558839800000e+01
  ],
  ""type"": ""Point""
}","{
  ""coordinates"": [
    -82.955790671,
    42.435588398
  ],
  ""type"": ""Point""
}",-82.955790671,42.435588398
14987,1042257,VAN DYKE,MACK,2017-05-27,27,5,2017,0,7,4,9,,4,0,,1,1,4,25,2,2,2,4,0,0,0,1,false,,false,false,false,false,false,,,,,,false,false,false,,,false,false,false,false,false,-83.0061,42.36699,"{
  ""coordinates"": [
    -8.300610133899990e+01,
    4.236698489000000e+01
  ],
  ""type"": ""Point""
}","{
  ""coordinates"": [
    -83.006101339,
    42.36698489
  ],
  ""type"": ""Point""
}",-83.0061013389999,42.36698489
14988,1040653,LAHSER,ULSTER,2017-05-27,27,5,2017,16,7,3,9,,2,0,,1,1,1,35,2,2,5,3,0,0,3,0,false,,false,false,false,false,false,,,,,,false,false,true,,,false,false,false,false,false,-83.25725,42.41022,"{
  ""coordinates"": [
    -8.325724727999990e+01,
    4.241021752600010e+01
  ],
  ""type"": ""Point""
}","{
  ""coordinates"": [
    -83.25724728,
    42.410217526
  ],
  ""type"": ""Point""
}",-83.2572472799999,42.4102175260001
14989,1044268,JEFFERSON,GRISWOLD,2017-05-27,27,5,2017,21,7,1,3,,1,1,,1,1,4,35,4,1,1,5,0,0,0,0,true,,false,false,false,false,false,,,,,,false,false,true,,,false,false,false,false,false,-83.04531,42.32819,"{
  ""coordinates"": [
    -8.304531129899991e+01,
    4.232819096300010e+01
  ],
  ""type"": ""Point""
}","{
  ""coordinates"": [
    -83.045311299,
    42.328190963
  ],
  ""type"": ""Point""
}",-83.0453112989999,42.3281909630001
14990,1041396,ALTER,MACK,2017-05-27,27,5,2017,0,7,8,9,,4,0,,1,1,4,30,2,2,2,5,0,0,0,0,true,,false,false,false,false,false,,,,,,false,false,true,,,false,false,false,false,false,-82.94769,42.38731,"{
  ""coordinates"": [
    -8.294769385799999e+01,
    4.238730664300000e+01
  ],
  ""type"": ""Point""
}","{
  ""coordinates"": [
    -82.947693858,
    42.387306643
  ],
  ""type"": ""Point""
}",-82.947693858,42.387306643
14991,1040691,M 10 SERVICE,8 MILE,2017-05-27,27,5,2017,0,7,4,3,,1,0,,1,1,4,55,2,2,2,5,0,0,0,0,true,,false,false,true,false,false,,,,,,false,false,false,,,false,false,false,false,false,-83.19933,42.44199,"{
  ""coordinates"": [
    -8.319932623499990e+01,
    4.244198901200010e+01
  ],
  ""type"": ""Point""
}","{
  ""coordinates"": [
    -83.199326235,
    42.441989012
  ],
  ""type"": ""Point""
}",-83.1993262349999,42.4419890120001
14992,1041366,I-94,BEAUBIEN,2017-05-27,27,5,2017,16,7,5,1,,1,0,,1,1,1,55,3,2,3,4,0,0,0,1,false,,false,false,false,false,false,,,,,,false,true,true,,,false,false,false,false,false,-83.06383,42.36605,"{
  ""coordinates"": [
    -8.306382615599991e+01,
    4.236604752900010e+01
  ],
  ""type"": ""Point""
}","{
  ""coordinates"": [
    -83.063826156,
    42.366047529
  ],
  ""type"": ""Point""
}",-83.0638261559999,42.3660475290001
14993,1042256,MCCLELLAN,WEYHER,2017-05-27,27,5,2017,2,7,8,9,,4,0,,1,1,4,25,2,2,0,5,0,0,0,0,true,,false,false,true,false,false,,,,,,false,false,false,,,false,false,false,false,false,-82.99543,42.3739,"{
  ""coordinates"": [
    -8.299542929099989e+01,
    4.237389940600010e+01
  ],
  ""type"": ""Point""
}","{
  ""coordinates"": [
    -82.995429291,
    42.373899406
  ],
  ""type"": ""Point""
}",-82.9954292909999,42.3738994060001
14994,1040608,GRAND RIVER,MONICA,2017-05-27,27,5,2017,13,7,1,3,,1,0,,1,1,1,35,6,2,2,5,0,0,0,0,true,,false,false,false,false,false,,,,,,false,false,false,,,false,false,false,true,false,-83.1414,42.36972,"{
  ""coordinates"": [
    -8.314140390599989e+01,
    4.236972079500000e+01
  ],
  ""type"": ""Point""
}","{
  ""coordinates"": [
    -83.141403906,
    42.369720795
  ],
  ""type"": ""Point""
}",-83.1414039059999,42.369720795