ObjectId,Crash ID,Primary Road,Intersecting Road,Crash Date,Day,Month,Year,Hour,Weekday,Crash Type Code,Highway Classification Code,Community Code,Jurisdiction Code,Lane Departure Type Code,Surface Type,Road Condition,Weather Condition,Lighting Condition,Speed Limit,Lanes,Units,Occupants,Most Severe Injury,Fatal Injuries,Suspected Serious Injuries,Suspected Minor Injuries,Possible Injuries,Property Damage Only,Secondary Crash,Traffic Control,Red Light Run,Hit and Run,Alcohol,Drugs,Unbelted Person,Work Zone,Speeding Driver,Distracted Driver,Driveway,Pedestrian,Elderly Driver,Young Driver,Commercial Vehicle,Emergency Vehicles,Train,School Bus,Motorcycle,Bicycle,Deer,Longitude,Latitude,geom,geog,x,y
15166,1038624,ROSEBERRY,OUTER,2017-05-24,24,5,2017,19,4,4,9,,,0,,2,4,1,25,2,2,2,5,0,0,0,0,true,,true,false,true,false,false,,,,,,false,false,false,,,false,false,false,false,false,-82.98756,42.40931,"{
  ""coordinates"": [
    -8.298755826599999e+01,
    4.240931095500010e+01
  ],
  ""type"": ""Point""
}","{
  ""coordinates"": [
    -82.987558266,
    42.409310955
  ],
  ""type"": ""Point""
}",-82.987558266,42.4093109550001
15167,1042275,DAVISON,ROSELAWN,2017-05-24,24,5,2017,1,4,8,9,,4,0,,1,1,4,35,3,2,2,5,0,0,0,0,true,,false,false,false,false,false,,,,,,false,false,false,,,false,false,false,false,false,-83.15102,42.38628,"{
  ""coordinates"": [
    -8.315101569099990e+01,
    4.238628525300000e+01
  ],
  ""type"": ""Point""
}","{
  ""coordinates"": [
    -83.151015691,
    42.386285253
  ],
  ""type"": ""Point""
}",-83.1510156909999,42.386285253
15168,1039514,N M 39,E I 96 CD,2017-05-24,24,5,2017,18,4,5,3,,1,0,,2,4,1,55,3,2,2,5,0,0,0,0,true,,false,false,false,false,false,,,,,,false,true,false,,,false,false,false,false,false,-83.21688,42.37844,"{
  ""coordinates"": [
    -8.321688253600000e+01,
    4.237844597600010e+01
  ],
  ""type"": ""Point""
}","{
  ""coordinates"": [
    -83.216882536,
    42.378445976
  ],
  ""type"": ""Point""
}",-83.216882536,42.3784459760001
15169,1038597,DEARBORN,HARBAUGH,2017-05-24,24,5,2017,6,4,5,9,,4,0,,1,1,1,25,2,2,2,4,0,0,0,1,false,,false,false,false,false,false,,,,,,false,false,false,,,false,false,false,false,false,-83.12246,42.2921,"{
  ""coordinates"": [
    -8.312246099100000e+01,
    4.229210207200000e+01
  ],
  ""type"": ""Point""
}","{
  ""coordinates"": [
    -83.122460991,
    42.292102072
  ],
  ""type"": ""Point""
}",-83.122460991,42.292102072
15170,1040689,JAMES COUZENS,GREENFIELD,2017-05-24,24,5,2017,10,4,5,3,,1,0,,1,1,1,35,2,2,2,5,0,0,0,0,true,,false,false,false,false,false,,,,,,false,false,false,,,false,false,false,false,false,-83.20039,42.44213,"{
  ""coordinates"": [
    -8.320039737499999e+01,
    4.244213289100000e+01
  ],
  ""type"": ""Point""
}","{
  ""coordinates"": [
    -83.200397375,
    42.442132891
  ],
  ""type"": ""Point""
}",-83.200397375,42.442132891
15171,1040676,GREENFIELD,S M 10,2017-05-24,24,5,2017,17,4,7,7,,1,0,,2,2,1,35,2,2,2,5,0,0,0,0,true,,true,true,false,false,false,,,,,,false,false,true,,,false,false,false,false,false,-83.20039,42.44238,"{
  ""coordinates"": [
    -8.320038252200000e+01,
    4.244237992500010e+01
  ],
  ""type"": ""Point""
}","{
  ""coordinates"": [
    -83.200382522,
    42.442379925
  ],
  ""type"": ""Point""
}",-83.200382522,42.4423799250001
15172,1038718,WARREN,WOODWARD,2017-05-24,24,5,2017,10,4,8,3,,4,0,,1,2,1,30,4,2,3,5,0,0,0,0,true,,false,false,false,false,false,,,,,,false,false,true,,,false,false,false,false,false,-83.0643,42.35678,"{
  ""coordinates"": [
    -8.306430044099990e+01,
    4.235678668400000e+01
  ],
  ""type"": ""Point""
}","{
  ""coordinates"": [
    -83.064300441,
    42.356786684
  ],
  ""type"": ""Point""
}",-83.0643004409999,42.356786684
15173,1039532,OWEN,BRUSH,2017-05-24,24,5,2017,18,4,4,9,,4,0,,2,4,1,25,4,2,5,4,0,0,0,1,false,,true,false,false,false,false,,,,,,false,false,false,,,false,false,false,false,false,-83.07571,42.385,"{
  ""coordinates"": [
    -8.307570973999999e+01,
    4.238499896700010e+01
  ],
  ""type"": ""Point""
}","{
  ""coordinates"": [
    -83.07570974,
    42.384998967
  ],
  ""type"": ""Point""
}",-83.07570974,42.3849989670001
15174,1040599,I-96,GREENFIELD,2017-05-24,24,5,2017,16,4,8,1,,1,0,,1,2,1,70,3,2,2,5,0,0,0,0,true,,false,false,false,false,false,,,,,,false,false,false,,,false,false,false,false,false,-83.19859,42.37907,"{
  ""coordinates"": [
    -8.319859449499999e+01,
    4.237906673600000e+01
  ],
  ""type"": ""Point""
}","{
  ""coordinates"": [
    -83.198594495,
    42.379066736
  ],
  ""type"": ""Point""
}",-83.198594495,42.379066736
15175,1040640,MOUNT ELLIOTT,HARPER,2017-05-24,24,5,2017,13,4,97,9,,4,0,,4,1,1,25,8,2,2,5,0,0,0,0,true,,false,false,false,false,false,,,,,,false,false,false,,,false,false,false,false,false,-83.03422,42.37954,"{
  ""coordinates"": [
    -8.303421940000000e+01,
    4.237953802500000e+01
  ],
  ""type"": ""Point""
}","{
  ""coordinates"": [
    -83.0342194,
    42.379538025
  ],
  ""type"": ""Point""
}",-83.0342194,42.379538025
15176,1038620,TELEGRAPH,MCNICHOLS,2017-05-24,24,5,2017,16,4,97,2,,1,0,,1,2,1,50,6,2,2,5,0,0,0,0,true,,false,false,false,false,false,,,,,,false,false,true,,,false,false,false,false,false,-83.27695,42.41437,"{
  ""coordinates"": [
    -8.327695506700000e+01,
    4.241436682900010e+01
  ],
  ""type"": ""Point""
}","{
  ""coordinates"": [
    -83.276955067,
    42.414366829
  ],
  ""type"": ""Point""
}",-83.276955067,42.4143668290001
15177,1039510,I-75,GRAND RIVER,2017-05-24,24,5,2017,18,4,5,1,,1,0,,2,4,1,55,4,2,2,4,0,0,0,1,false,,false,false,false,false,false,,,,,,false,false,false,,,false,false,false,false,false,-83.05847,42.33704,"{
  ""coordinates"": [
    -8.305847410900000e+01,
    4.233704520900010e+01
  ],
  ""type"": ""Point""
}","{
  ""coordinates"": [
    -83.058474109,
    42.337045209
  ],
  ""type"": ""Point""
}",-83.058474109,42.3370452090001
15178,1039521,RAMP 3215E,M-10,2017-05-24,24,5,2017,20,4,1,1,,1,1,,2,4,1,35,1,1,2,5,0,0,0,0,true,,false,false,false,false,false,,,,,,false,false,false,,,false,false,false,false,false,-83.07719,42.3612,"{
  ""coordinates"": [
    -8.307718806400000e+01,
    4.236119711000000e+01
  ],
  ""type"": ""Point""
}","{
  ""coordinates"": [
    -83.077188064,
    42.36119711
  ],
  ""type"": ""Point""
}",-83.077188064,42.36119711
15179,1038630,VAN DYKE,MCNICHOLS,2017-05-24,24,5,2017,23,4,9,3,,1,2,,2,4,4,35,6,2,3,5,0,0,0,0,true,,false,false,false,false,false,,,,,,false,true,false,,,false,false,false,false,false,-83.02372,42.41979,"{
  ""coordinates"": [
    -8.302371878600000e+01,
    4.241978792900010e+01
  ],
  ""type"": ""Point""
}","{
  ""coordinates"": [
    -83.023718786,
    42.419787929
  ],
  ""type"": ""Point""
}",-83.023718786,42.4197879290001
15180,1039531,N M 10,GRAND,2017-05-24,24,5,2017,5,4,3,3,,1,0,,1,1,2,30,3,2,2,4,0,0,0,1,false,,false,false,false,false,false,,,,,,false,false,false,,,false,false,false,false,false,-83.0817,42.36706,"{
  ""coordinates"": [
    -8.308169270099999e+01,
    4.236705844700000e+01
  ],
  ""type"": ""Point""
}","{
  ""coordinates"": [
    -83.081692701,
    42.367058447
  ],
  ""type"": ""Point""
}",-83.081692701,42.367058447
15181,1040668,NEVADA,JOS.CAMPUA,2017-05-24,24,5,2017,17,4,8,9,,4,0,,2,4,1,25,4,2,8,3,0,0,1,7,false,,false,false,false,false,false,,,,,,false,false,false,,,false,false,false,false,false,-83.0728,42.42579,"{
  ""coordinates"": [
    -8.307279813900000e+01,
    4.242579300800000e+01
  ],
  ""type"": ""Point""
}","{
  ""coordinates"": [
    -83.072798139,
    42.425793008
  ],
  ""type"": ""Point""
}",-83.072798139,42.425793008
15182,1038635,LANZ,JOHN R,2017-05-24,24,5,2017,9,4,98,9,,,0,,1,1,1,0,2,2,1,5,0,0,0,0,true,,false,false,true,false,false,,,,,,true,false,false,,,false,false,false,false,false,-83.10278,42.43708,"{
  ""coordinates"": [
    -8.310277512700000e+01,
    4.243707558700000e+01
  ],
  ""type"": ""Point""
}","{
  ""coordinates"": [
    -83.102775127,
    42.437075587
  ],
  ""type"": ""Point""
}",-83.102775127,42.437075587
15183,1039553,BEAUBIEN,PIQUETTE,2017-05-24,24,5,2017,21,4,97,9,,4,0,,2,1,3,35,2,2,1,5,0,0,0,0,true,,false,false,false,false,false,,,,,,false,true,false,,,false,false,false,false,false,-83.0649,42.36857,"{
  ""coordinates"": [
    -8.306490121000000e+01,
    4.236856764900010e+01
  ],
  ""type"": ""Point""
}","{
  ""coordinates"": [
    -83.06490121,
    42.368567649
  ],
  ""type"": ""Point""
}",-83.06490121,42.3685676490001
15184,1040674,STANSBURY,CAMBRIDGE,2017-05-24,24,5,2017,21,4,2,9,,,2,,2,4,4,25,1,2,1,4,0,0,0,1,false,,false,false,false,false,false,,,,,,false,false,true,,,false,false,false,false,false,-83.18411,42.43302,"{
  ""coordinates"": [
    -8.318411239700001e+01,
    4.243301619500010e+01
  ],
  ""type"": ""Point""
}","{
  ""coordinates"": [
    -83.184112397,
    42.433016195
  ],
  ""type"": ""Point""
}",-83.184112397,42.4330161950001
15185,1038626,CLEMENTS,DEXTER,2017-05-24,24,5,2017,14,4,4,9,,,0,,2,1,1,25,2,2,2,4,0,0,0,1,false,,false,false,true,false,false,,,,,,false,false,false,,,false,false,false,false,false,-83.13142,42.39058,"{
  ""coordinates"": [
    -8.313142694399990e+01,
    4.239058229100000e+01
  ],
  ""type"": ""Point""
}","{
  ""coordinates"": [
    -83.131426944,
    42.390582291
  ],
  ""type"": ""Point""
}",-83.1314269439999,42.390582291
15186,1045164,MT ELLIOTT,VERNOR,2017-05-24,24,5,2017,21,4,5,9,,4,0,,1,1,4,30,4,2,1,5,0,0,0,0,true,,false,false,true,false,false,,,,,,false,false,false,,,false,false,false,false,false,-83.01745,42.35501,"{
  ""coordinates"": [
    -8.301745163200000e+01,
    4.235500649900010e+01
  ],
  ""type"": ""Point""
}","{
  ""coordinates"": [
    -83.017451632,
    42.355006499
  ],
  ""type"": ""Point""
}",-83.017451632,42.3550064990001
15187,1038606,CHALMERS,WAVENEY,2017-05-24,24,5,2017,5,4,1,9,,4,1,,1,1,4,30,2,1,2,3,0,0,1,0,false,,false,false,false,false,false,,,,,,false,false,true,,,false,false,false,false,false,-82.95546,42.39029,"{
  ""coordinates"": [
    -8.295545751700000e+01,
    4.239029420600010e+01
  ],
  ""type"": ""Point""
}","{
  ""coordinates"": [
    -82.955457517,
    42.390294206
  ],
  ""type"": ""Point""
}",-82.955457517,42.3902942060001
15188,1046534,I-75,HOLBROOK,2017-05-24,24,5,2017,21,4,5,1,,1,0,,2,4,4,70,4,2,2,5,0,0,0,0,true,,false,false,false,false,false,,,,,,false,false,true,,,false,false,false,false,false,-83.06593,42.38333,"{
  ""coordinates"": [
    -8.306593142700000e+01,
    4.238332770600000e+01
  ],
  ""type"": ""Point""
}","{
  ""coordinates"": [
    -83.065931427,
    42.383327706
  ],
  ""type"": ""Point""
}",-83.065931427,42.383327706
15189,1040625,VINEWOOD,PORTER,2017-05-24,24,5,2017,15,4,5,9,,,0,,1,2,1,25,2,3,1,4,0,0,0,1,false,,false,false,false,false,false,,,,,,false,false,false,,,false,false,false,false,false,-83.08852,42.31954,"{
  ""coordinates"": [
    -8.308852140399991e+01,
    4.231954154100000e+01
  ],
  ""type"": ""Point""
}","{
  ""coordinates"": [
    -83.088521404,
    42.319541541
  ],
  ""type"": ""Point""
}",-83.0885214039999,42.319541541
15190,1042207,I 75,MCNICHOLS,2017-05-24,24,5,2017,16,4,5,1,,1,0,,1,1,1,70,4,2,1,5,0,0,0,0,true,,false,false,true,false,false,,,,,,false,false,true,,,false,false,false,false,false,-83.08535,42.41503,"{
  ""coordinates"": [
    -8.308535317400001e+01,
    4.241502807100010e+01
  ],
  ""type"": ""Point""
}","{
  ""coordinates"": [
    -83.085353174,
    42.415028071
  ],
  ""type"": ""Point""
}",-83.085353174,42.4150280710001
15191,1038622,VASSER,GLASTONBURY,2017-05-24,24,5,2017,2,4,4,9,,,0,,1,1,4,25,2,2,3,4,0,0,0,3,false,,true,false,true,false,false,,,,,,false,false,false,,,false,false,false,false,false,-83.22316,42.43357,"{
  ""coordinates"": [
    -8.322315644100000e+01,
    4.243356540000010e+01
  ],
  ""type"": ""Point""
}","{
  ""coordinates"": [
    -83.223156441,
    42.4335654
  ],
  ""type"": ""Point""
}",-83.223156441,42.4335654000001
15192,1038631,DAVISON,HEALY,2017-05-24,24,5,2017,2,4,1,9,,4,1,,1,1,4,30,7,1,2,3,0,0,2,0,false,,false,false,false,false,false,,,,,,false,false,false,,,false,false,false,false,false,-83.05414,42.41832,"{
  ""coordinates"": [
    -8.305414134999999e+01,
    4.241832195000010e+01
  ],
  ""type"": ""Point""
}","{
  ""coordinates"": [
    -83.05414135,
    42.41832195
  ],
  ""type"": ""Point""
}",-83.05414135,42.4183219500001
15193,1046651,WYOMING,7 MILE,2017-05-24,24,5,2017,21,4,5,9,,4,0,,1,1,4,30,1,2,0,5,0,0,0,0,true,,false,false,true,false,false,,,,,,false,false,false,,,false,false,false,false,false,-83.16099,42.43148,"{
  ""coordinates"": [
    -8.316098429100001e+01,
    4.243148342900000e+01
  ],
  ""type"": ""Point""
}","{
  ""coordinates"": [
    -83.160984291,
    42.431483429
  ],
  ""type"": ""Point""
}",-83.160984291,42.431483429
15194,1039522,RAMP 215E,N M 10,2017-05-24,24,5,2017,23,4,1,1,,1,1,,2,4,4,35,1,1,1,5,0,0,0,0,true,,false,false,false,false,false,,,,,,false,false,false,,,false,false,false,false,false,-83.07763,42.36166,"{
  ""coordinates"": [
    -8.307762858000000e+01,
    4.236165895900010e+01
  ],
  ""type"": ""Point""
}","{
  ""coordinates"": [
    -83.07762858,
    42.361658959
  ],
  ""type"": ""Point""
}",-83.07762858,42.3616589590001
15195,1042196,E I 94,S M 10,2017-05-24,24,5,2017,14,4,5,1,,1,0,,2,2,1,55,3,2,2,5,0,0,0,0,true,,false,false,false,false,false,,,,,,false,false,false,,,false,false,false,false,false,-83.07635,42.35886,"{
  ""coordinates"": [
    -8.307635858200000e+01,
    4.235885807700000e+01
  ],
  ""type"": ""Point""
}","{
  ""coordinates"": [
    -83.076358582,
    42.358858077
  ],
  ""type"": ""Point""
}",-83.076358582,42.358858077
15196,1042244,HARPER,CADIEUX,2017-05-24,24,5,2017,9,4,5,9,,4,0,,1,1,1,30,5,3,6,4,0,0,0,2,false,,false,false,false,false,false,,,,,,false,false,false,,,false,false,false,false,false,-82.9366,42.41646,"{
  ""coordinates"": [
    -8.293659728900001e+01,
    4.241645659300010e+01
  ],
  ""type"": ""Point""
}","{
  ""coordinates"": [
    -82.936597289,
    42.416456593
  ],
  ""type"": ""Point""
}",-82.936597289,42.4164565930001
15197,1042208,I 75,DAVISON,2017-05-24,24,5,2017,15,4,8,1,,1,0,,1,1,1,70,4,2,2,5,0,0,0,0,true,,false,false,false,false,false,,,,,,false,false,false,,,false,false,false,false,false,-83.07935,42.40843,"{
  ""coordinates"": [
    -8.307934624400001e+01,
    4.240843050500010e+01
  ],
  ""type"": ""Point""
}","{
  ""coordinates"": [
    -83.079346244,
    42.408430505
  ],
  ""type"": ""Point""
}",-83.079346244,42.4084305050001
15198,1039515,W/B I-94,ADDISON,2017-05-24,24,5,2017,18,4,5,1,,1,0,,2,4,1,55,3,2,2,5,0,0,0,0,true,,false,false,false,false,false,,,,,,false,true,false,,,false,false,false,false,false,-83.15139,42.3301,"{
  ""coordinates"": [
    -8.315139251799999e+01,
    4.233009765500000e+01
  ],
  ""type"": ""Point""
}","{
  ""coordinates"": [
    -83.151392518,
    42.330097655
  ],
  ""type"": ""Point""
}",-83.151392518,42.330097655
15199,1038596,BRUSH,PALMER25,2017-05-24,24,5,2017,7,4,4,9,,4,0,,1,2,1,30,4,2,2,5,0,0,0,0,true,,false,false,false,false,false,,,,,,false,false,false,,,false,false,false,false,false,-83.06335,42.36399,"{
  ""coordinates"": [
    -8.306335663800000e+01,
    4.236398805100000e+01
  ],
  ""type"": ""Point""
}","{
  ""coordinates"": [
    -83.063356638,
    42.363988051
  ],
  ""type"": ""Point""
}",-83.063356638,42.363988051
15200,1042195,I-96,SOUTHFIELD,2017-05-24,24,5,2017,8,4,5,1,,1,0,,1,1,1,55,3,2,2,4,0,0,0,1,false,,false,false,true,false,false,,,,,,false,false,false,,,false,false,false,false,false,-83.22218,42.37825,"{
  ""coordinates"": [
    -8.322217966800000e+01,
    4.237825465000000e+01
  ],
  ""type"": ""Point""
}","{
  ""coordinates"": [
    -83.222179668,
    42.37825465
  ],
  ""type"": ""Point""
}",-83.222179668,42.37825465
15201,1042199,N I 75,PIQUETTE,2017-05-24,24,5,2017,12,4,5,1,,1,0,,2,4,1,55,4,3,4,5,0,0,0,0,true,,false,false,false,false,false,,,,,,false,true,false,,,false,false,false,false,false,-83.05928,42.37198,"{
  ""coordinates"": [
    -8.305928080900000e+01,
    4.237198339300010e+01
  ],
  ""type"": ""Point""
}","{
  ""coordinates"": [
    -83.059280809,
    42.371983393
  ],
  ""type"": ""Point""
}",-83.059280809,42.3719833930001
15202,1043147,I-75,GRATIOT,2017-05-24,24,5,2017,20,4,1,1,,1,1,,2,4,4,55,3,1,1,5,0,0,0,0,true,,false,false,false,false,false,,,,,,false,false,false,,,false,false,false,false,false,-83.04098,42.33933,"{
  ""coordinates"": [
    -8.304097520300000e+01,
    4.233933086200010e+01
  ],
  ""type"": ""Point""
}","{
  ""coordinates"": [
    -83.040975203,
    42.339330862
  ],
  ""type"": ""Point""
}",-83.040975203,42.3393308620001
15203,1042277,WARREN,ABINGTON,2017-05-24,24,5,2017,13,4,8,9,,2,0,,2,4,1,35,3,2,2,5,0,0,0,0,true,,false,false,true,false,false,,,,,,false,false,false,,,false,false,false,false,false,-83.20961,42.34348,"{
  ""coordinates"": [
    -8.320961263299991e+01,
    4.234348237500010e+01
  ],
  ""type"": ""Point""
}","{
  ""coordinates"": [
    -83.209612633,
    42.343482375
  ],
  ""type"": ""Point""
}",-83.2096126329999,42.3434823750001
15204,1050666,M-10,M-8,2017-05-24,24,5,2017,18,4,5,3,,1,0,,2,4,1,55,3,3,3,5,0,0,0,0,true,,false,false,true,false,false,,,,,,false,false,false,,,false,false,false,false,false,-83.11086,42.3983,"{
  ""coordinates"": [
    -8.311085847800000e+01,
    4.239830155400010e+01
  ],
  ""type"": ""Point""
}","{
  ""coordinates"": [
    -83.110858478,
    42.398301554
  ],
  ""type"": ""Point""
}",-83.110858478,42.3983015540001
15205,1040687,7 MILE,WARRINGTON,2017-05-24,24,5,2017,10,4,97,9,,2,0,,1,2,1,30,6,2,2,5,0,0,0,0,true,,false,false,false,false,false,,,,,,false,true,false,,,false,false,false,false,false,-83.14031,42.43164,"{
  ""coordinates"": [
    -8.314031184800000e+01,
    4.243163572600000e+01
  ],
  ""type"": ""Point""
}","{
  ""coordinates"": [
    -83.140311848,
    42.431635726
  ],
  ""type"": ""Point""
}",-83.140311848,42.431635726
15206,1044298,CAPITAL,SOUTHFIELD SERVICE,2017-05-24,24,5,2017,9,4,97,9,,,0,,2,2,1,25,2,2,1,5,0,0,0,0,true,,false,false,false,false,false,,,,,,false,true,false,,,false,false,false,false,false,-83.21644,42.37675,"{
  ""coordinates"": [
    -8.321644017100000e+01,
    4.237675137700010e+01
  ],
  ""type"": ""Point""
}","{
  ""coordinates"": [
    -83.216440171,
    42.376751377
  ],
  ""type"": ""Point""
}",-83.216440171,42.3767513770001
15207,1044244,S M 10,HAMILTON,2017-05-24,24,5,2017,0,4,5,3,,1,0,,1,1,4,55,3,2,1,4,0,0,0,1,false,,false,false,true,false,false,,,,,,false,false,false,,,false,false,false,false,false,-83.09209,42.38125,"{
  ""coordinates"": [
    -8.309209336600000e+01,
    4.238124709200010e+01
  ],
  ""type"": ""Point""
}","{
  ""coordinates"": [
    -83.092093366,
    42.381247092
  ],
  ""type"": ""Point""
}",-83.092093366,42.3812470920001
15208,1038627,DAVISON,LINWOOD,2017-05-24,24,5,2017,16,4,5,3,,1,0,,1,2,1,35,7,2,2,5,0,0,0,0,true,,false,false,false,false,false,,,,,,false,false,false,,,false,false,false,false,false,-83.12202,42.39302,"{
  ""coordinates"": [
    -8.312202594599999e+01,
    4.239302515600010e+01
  ],
  ""type"": ""Point""
}","{
  ""coordinates"": [
    -83.122025946,
    42.393025156
  ],
  ""type"": ""Point""
}",-83.122025946,42.3930251560001
15209,1044246,I-94,LINWOOD,2017-05-24,24,5,2017,3,4,1,1,,1,1,,1,1,4,55,3,1,1,5,0,0,0,0,true,,false,false,false,false,false,,,,,,false,false,false,,,false,false,false,false,false,-83.09208,42.35246,"{
  ""coordinates"": [
    -8.309208127200000e+01,
    4.235246144600010e+01
  ],
  ""type"": ""Point""
}","{
  ""coordinates"": [
    -83.092081272,
    42.352461446
  ],
  ""type"": ""Point""
}",-83.092081272,42.3524614460001
15210,1056173,GRATIOT,8 MILE,2017-05-24,24,5,2017,12,4,8,3,,1,0,,1,1,1,35,3,2,2,5,0,0,0,0,true,,false,false,false,false,false,,,,,,false,false,true,,,false,false,false,false,false,-82.96793,42.44984,"{
  ""coordinates"": [
    -8.296793321199991e+01,
    4.244984240400000e+01
  ],
  ""type"": ""Point""
}","{
  ""coordinates"": [
    -82.967933212,
    42.449842404
  ],
  ""type"": ""Point""
}",-82.9679332119999,42.449842404
15211,1056083,E I 96,RAMP 008J,2017-05-24,24,5,2017,11,4,97,1,,1,0,,1,1,1,70,3,2,1,5,0,0,0,0,true,,false,false,true,false,false,,,,,,false,true,false,,,false,false,false,false,false,-83.22684,42.37787,"{
  ""coordinates"": [
    -8.322684616799999e+01,
    4.237787212100010e+01
  ],
  ""type"": ""Point""
}","{
  ""coordinates"": [
    -83.226846168,
    42.377872121
  ],
  ""type"": ""Point""
}",-83.226846168,42.3778721210001
15212,1039554,ABINGTON,W.WARREN,2017-05-24,24,5,2017,19,4,97,9,,,0,,1,2,1,25,4,2,0,5,0,0,0,0,true,,false,false,true,false,false,,,,,,false,false,false,,,false,false,false,false,false,-83.20979,42.34341,"{
  ""coordinates"": [
    -8.320978754399989e+01,
    4.234340671900000e+01
  ],
  ""type"": ""Point""
}","{
  ""coordinates"": [
    -83.209787544,
    42.343406719
  ],
  ""type"": ""Point""
}",-83.2097875439999,42.343406719
15213,1047804,COMMONWEALTH,ALEXANDRINE,2017-05-24,24,5,2017,18,4,97,9,,,0,,2,4,1,25,1,2,2,5,0,0,0,0,true,,false,false,false,false,false,,,,,,false,false,true,,,false,false,false,false,false,-83.07619,42.34517,"{
  ""coordinates"": [
    -8.307618709400001e+01,
    4.234516483800010e+01
  ],
  ""type"": ""Point""
}","{
  ""coordinates"": [
    -83.076187094,
    42.345164838
  ],
  ""type"": ""Point""
}",-83.076187094,42.3451648380001
15214,1039518,I-96,FULLERTON,2017-05-24,24,5,2017,20,4,1,1,,1,1,,2,4,2,70,4,1,1,5,0,0,0,0,true,,false,false,false,false,false,,,,,,false,false,true,,,false,false,false,false,false,-83.18845,42.38036,"{
  ""coordinates"": [
    -8.318844987700000e+01,
    4.238036116800000e+01
  ],
  ""type"": ""Point""
}","{
  ""coordinates"": [
    -83.188449877,
    42.380361168
  ],
  ""type"": ""Point""
}",-83.188449877,42.380361168
15215,1136219,MORANG,RIAD,2017-05-24,24,5,2017,14,4,4,9,,4,0,,2,4,1,35,2,2,6,3,0,0,2,1,false,,true,false,false,false,false,,,,,,false,false,true,,,false,false,false,false,false,-82.95518,42.42825,"{
  ""coordinates"": [
    -8.295517425100000e+01,
    4.242824732900000e+01
  ],
  ""type"": ""Point""
}","{
  ""coordinates"": [
    -82.955174251,
    42.428247329
  ],
  ""type"": ""Point""
}",-82.955174251,42.428247329
15216,1045108,N M 39,TIREMAN,2017-05-24,24,5,2017,2,4,1,3,,1,1,,1,1,4,55,3,1,1,4,0,0,0,1,false,,false,false,false,false,false,,,,,,false,false,true,,,false,false,false,false,false,-83.21626,42.35058,"{
  ""coordinates"": [
    -8.321626071500000e+01,
    4.235058147000010e+01
  ],
  ""type"": ""Point""
}","{
  ""coordinates"": [
    -83.216260715,
    42.35058147
  ],
  ""type"": ""Point""
}",-83.216260715,42.3505814700001
15217,1042209,W I 94,S HARPER/N I 94,2017-05-24,24,5,2017,17,4,5,1,,1,0,,2,4,1,30,3,2,2,5,0,0,0,0,true,,false,false,false,false,false,,,,,,false,false,false,,,false,false,false,false,false,-82.92809,42.42551,"{
  ""coordinates"": [
    -8.292808913300000e+01,
    4.242550529600000e+01
  ],
  ""type"": ""Point""
}","{
  ""coordinates"": [
    -82.928089133,
    42.425505296
  ],
  ""type"": ""Point""
}",-82.928089133,42.425505296
15218,1039537,MCGRAW,OGDON,2017-05-24,24,5,2017,7,4,4,9,,4,0,,2,4,1,30,4,2,1,5,0,0,0,0,true,,false,false,true,false,false,,,,,,false,false,false,,,false,false,false,false,false,-83.14816,42.33252,"{
  ""coordinates"": [
    -8.314815864799991e+01,
    4.233252279700010e+01
  ],
  ""type"": ""Point""
}","{
  ""coordinates"": [
    -83.148158648,
    42.332522797
  ],
  ""type"": ""Point""
}",-83.1481586479999,42.3325227970001
15219,1042213,I-75,GRANDRIVER,2017-05-24,24,5,2017,17,4,8,1,,1,0,,1,2,1,55,4,2,2,5,0,0,0,0,true,,false,false,false,false,false,,,,,,false,false,true,,,false,false,false,false,false,-83.05929,42.33644,"{
  ""coordinates"": [
    -8.305928814600000e+01,
    4.233644198100010e+01
  ],
  ""type"": ""Point""
}","{
  ""coordinates"": [
    -83.059288146,
    42.336441981
  ],
  ""type"": ""Point""
}",-83.059288146,42.3364419810001
15220,1040626,DIX,LONYO,2017-05-23,23,5,2017,0,3,1,9,,2,0,,1,1,4,30,2,1,0,5,0,0,0,0,true,,false,false,true,false,false,,,,,,false,false,false,,,false,false,false,false,false,-83.13434,42.31644,"{
  ""coordinates"": [
    -8.313433461600000e+01,
    4.231643698500010e+01
  ],
  ""type"": ""Point""
}","{
  ""coordinates"": [
    -83.134334616,
    42.316436985
  ],
  ""type"": ""Point""
}",-83.134334616,42.3164369850001
15221,1040690,PREVOST,EATON,2017-05-23,23,5,2017,16,3,8,9,,,0,,1,1,1,25,2,2,2,5,0,0,0,0,true,,false,false,false,false,false,,,,,,false,false,false,,,false,false,false,false,false,-83.20273,42.39656,"{
  ""coordinates"": [
    -8.320272487100000e+01,
    4.239656253400010e+01
  ],
  ""type"": ""Point""
}","{
  ""coordinates"": [
    -83.202724871,
    42.396562534
  ],
  ""type"": ""Point""
}",-83.202724871,42.3965625340001
15222,1038633,FREELAND,MARGARETA,2017-05-23,23,5,2017,13,3,4,9,,,0,,1,2,1,25,1,2,3,5,0,0,0,0,true,,false,false,true,false,false,,,,,,false,false,false,,,false,false,false,false,false,-83.1863,42.42705,"{
  ""coordinates"": [
    -8.318630233800000e+01,
    4.242705101100010e+01
  ],
  ""type"": ""Point""
}","{
  ""coordinates"": [
    -83.186302338,
    42.427051011
  ],
  ""type"": ""Point""
}",-83.186302338,42.4270510110001