ObjectId,Crash ID,Primary Road,Intersecting Road,Crash Date,Day,Month,Year,Hour,Weekday,Crash Type Code,Highway Classification Code,Community Code,Jurisdiction Code,Lane Departure Type Code,Surface Type,Road Condition,Weather Condition,Lighting Condition,Speed Limit,Lanes,Units,Occupants,Most Severe Injury,Fatal Injuries,Suspected Serious Injuries,Suspected Minor Injuries,Possible Injuries,Property Damage Only,Secondary Crash,Traffic Control,Red Light Run,Hit and Run,Alcohol,Drugs,Unbelted Person,Work Zone,Speeding Driver,Distracted Driver,Driveway,Pedestrian,Elderly Driver,Young Driver,Commercial Vehicle,Emergency Vehicles,Train,School Bus,Motorcycle,Bicycle,Deer,Longitude,Latitude,geom,geog,x,y
15223,1041350,M-39,PAUL,2017-05-23,23,5,2017,15,3,5,3,,1,0,,1,1,1,55,3,3,3,4,0,0,0,1,false,,false,false,false,false,false,,,,,,false,false,true,,,false,false,false,false,false,-83.2161,42.3383,"{
  ""coordinates"": [
    -8.321610323600000e+01,
    4.233830227300010e+01
  ],
  ""type"": ""Point""
}","{
  ""coordinates"": [
    -83.216103236,
    42.338302273
  ],
  ""type"": ""Point""
}",-83.216103236,42.3383022730001
15224,1038594,CIVIC CENTER,ATWATER,2017-05-23,23,5,2017,7,3,10,9,,4,0,,1,1,1,25,1,2,1,5,0,0,0,0,true,,false,false,false,false,false,,,,,,false,false,false,,,false,false,false,false,false,-83.04609,42.32664,"{
  ""coordinates"": [
    -8.304609186700000e+01,
    4.232663734200000e+01
  ],
  ""type"": ""Point""
}","{
  ""coordinates"": [
    -83.046091867,
    42.326637342
  ],
  ""type"": ""Point""
}",-83.046091867,42.326637342
15225,1039570,3961 HAROLD,FENELON,2017-05-23,23,5,2017,7,3,98,9,,,0,,1,1,1,25,2,2,98,5,0,0,0,0,true,,false,false,true,false,false,,,,,,false,false,false,,,false,false,false,false,false,-83.05071,42.40515,"{
  ""coordinates"": [
    -8.305070933400000e+01,
    4.240515085900010e+01
  ],
  ""type"": ""Point""
}","{
  ""coordinates"": [
    -83.050709334,
    42.405150859
  ],
  ""type"": ""Point""
}",-83.050709334,42.4051508590001
15226,1038608,I 94,CADIEUX,2017-05-23,23,5,2017,18,3,5,1,,1,0,,1,1,1,0,3,2,2,5,0,0,0,0,true,,false,false,false,false,false,,,,,,false,false,false,,,false,false,false,false,false,-82.93684,42.41738,"{
  ""coordinates"": [
    -8.293684106599990e+01,
    4.241738162000010e+01
  ],
  ""type"": ""Point""
}","{
  ""coordinates"": [
    -82.936841066,
    42.41738162
  ],
  ""type"": ""Point""
}",-82.9368410659999,42.4173816200001
15227,1038629,VAN DYKE,NEVADA,2017-05-23,23,5,2017,23,3,5,3,,1,0,,1,2,4,35,3,2,1,5,0,0,0,0,true,,false,false,true,false,false,,,,,,false,false,false,,,false,false,false,false,false,-83.02397,42.42661,"{
  ""coordinates"": [
    -8.302397448700000e+01,
    4.242661106100010e+01
  ],
  ""type"": ""Point""
}","{
  ""coordinates"": [
    -83.023974487,
    42.426611061
  ],
  ""type"": ""Point""
}",-83.023974487,42.4266110610001
15228,1041346,M-39,8 MILE,2017-05-23,23,5,2017,8,3,5,3,,1,0,,1,2,1,55,3,5,5,5,0,0,0,0,true,,false,false,false,false,false,,,,,,false,true,false,,,false,false,false,false,false,-83.21968,42.44128,"{
  ""coordinates"": [
    -8.321968015700000e+01,
    4.244128336600010e+01
  ],
  ""type"": ""Point""
}","{
  ""coordinates"": [
    -83.219680157,
    42.441283366
  ],
  ""type"": ""Point""
}",-83.219680157,42.4412833660001
15229,1044237,I-94,LIVERNOIS,2017-05-23,23,5,2017,18,3,5,1,,1,0,,1,1,1,55,3,2,2,4,0,0,0,1,false,,false,false,false,false,false,,,,,,false,false,false,,,false,false,false,false,false,-83.10986,42.34642,"{
  ""coordinates"": [
    -8.310986346100000e+01,
    4.234641839200000e+01
  ],
  ""type"": ""Point""
}","{
  ""coordinates"": [
    -83.109863461,
    42.346418392
  ],
  ""type"": ""Point""
}",-83.109863461,42.346418392
15230,1041360,I-94,CADIEUX,2017-05-23,23,5,2017,16,3,5,1,,1,0,,1,1,1,55,3,2,2,5,0,0,0,0,true,,false,false,false,false,false,,,,,,false,false,true,,,false,false,false,false,false,-82.93855,42.41633,"{
  ""coordinates"": [
    -8.293855483100000e+01,
    4.241633159700010e+01
  ],
  ""type"": ""Point""
}","{
  ""coordinates"": [
    -82.938554831,
    42.416331597
  ],
  ""type"": ""Point""
}",-82.938554831,42.4163315970001
15231,1038638,RAMP 029B,SCHAEFER,2017-05-23,23,5,2017,11,3,5,1,,1,0,,1,2,1,35,2,2,2,5,0,0,0,0,true,,false,false,false,false,false,,,,,,false,false,false,,,false,false,false,false,false,-83.15604,42.2768,"{
  ""coordinates"": [
    -8.315603566199999e+01,
    4.227679678800010e+01
  ],
  ""type"": ""Point""
}","{
  ""coordinates"": [
    -83.156035662,
    42.276796788
  ],
  ""type"": ""Point""
}",-83.156035662,42.2767967880001
15232,1038605,CHALMERS,FRANKFORT,2017-05-23,23,5,2017,7,3,4,9,,4,0,,1,1,1,30,2,2,1,5,0,0,0,0,true,,true,false,true,false,false,,,,,,false,false,false,,,false,false,false,false,false,-82.95988,42.3971,"{
  ""coordinates"": [
    -8.295988133199999e+01,
    4.239710012900010e+01
  ],
  ""type"": ""Point""
}","{
  ""coordinates"": [
    -82.959881332,
    42.397100129
  ],
  ""type"": ""Point""
}",-82.959881332,42.3971001290001
15233,1036808,MANNING,JOANN,2017-05-23,23,5,2017,14,3,97,9,,,0,,1,1,1,25,1,2,2,5,0,0,0,0,true,,false,false,true,false,false,,,,,,false,false,true,,,false,false,false,false,false,-82.9902,42.44048,"{
  ""coordinates"": [
    -8.299020587599991e+01,
    4.244048446000010e+01
  ],
  ""type"": ""Point""
}","{
  ""coordinates"": [
    -82.990205876,
    42.44048446
  ],
  ""type"": ""Point""
}",-82.9902058759999,42.4404844600001
15234,1036822,CHICAGO,PLAINVIEW,2017-05-23,23,5,2017,14,3,5,9,,4,0,,1,1,1,25,2,2,3,4,0,0,0,1,false,,false,false,true,false,false,,,,,,false,false,false,,,false,false,false,false,false,-83.23534,42.36472,"{
  ""coordinates"": [
    -8.323534751900000e+01,
    4.236472287800010e+01
  ],
  ""type"": ""Point""
}","{
  ""coordinates"": [
    -83.235347519,
    42.364722878
  ],
  ""type"": ""Point""
}",-83.235347519,42.3647228780001
15235,1036786,LIVERNOIS,FORT,2017-05-23,23,5,2017,16,3,4,3,,4,0,,1,2,1,25,3,2,2,4,0,0,0,1,false,,true,true,false,false,false,,,,,,false,false,false,,,false,false,false,false,false,-83.1036,42.30681,"{
  ""coordinates"": [
    -8.310359591500000e+01,
    4.230681268500010e+01
  ],
  ""type"": ""Point""
}","{
  ""coordinates"": [
    -83.103595915,
    42.306812685
  ],
  ""type"": ""Point""
}",-83.103595915,42.3068126850001
15236,1036771,GREENFIELD,PEMBROKE,2017-05-23,23,5,2017,18,3,5,9,,2,0,,1,1,1,35,4,2,2,5,0,0,0,0,true,,false,false,false,false,false,,,,,,false,false,false,,,false,false,false,false,false,-83.20016,42.4375,"{
  ""coordinates"": [
    -8.320016798800000e+01,
    4.243750027500000e+01
  ],
  ""type"": ""Point""
}","{
  ""coordinates"": [
    -83.200167988,
    42.437500275
  ],
  ""type"": ""Point""
}",-83.200167988,42.437500275
15237,1036726,I-94,VAN DYKE,2017-05-23,23,5,2017,5,3,5,1,,1,0,,1,2,4,55,3,2,3,4,0,0,0,3,false,,false,false,false,false,false,,,,,,false,false,true,,,false,false,false,false,false,-83.02102,42.38602,"{
  ""coordinates"": [
    -8.302102100600000e+01,
    4.238602352500000e+01
  ],
  ""type"": ""Point""
}","{
  ""coordinates"": [
    -83.021021006,
    42.386023525
  ],
  ""type"": ""Point""
}",-83.021021006,42.386023525
15238,1036743,I-94,RUSSELL,2017-05-23,23,5,2017,18,3,5,1,,1,0,,1,1,1,55,4,2,2,5,0,0,0,0,true,,false,false,false,false,false,,,,,,false,false,false,,,false,false,false,false,false,-83.05632,42.36961,"{
  ""coordinates"": [
    -8.305632138800000e+01,
    4.236960819500010e+01
  ],
  ""type"": ""Point""
}","{
  ""coordinates"": [
    -83.056321388,
    42.369608195
  ],
  ""type"": ""Point""
}",-83.056321388,42.3696081950001
15239,1036784,WENDELL,PITT,2017-05-23,23,5,2017,9,3,8,9,,,0,,1,1,1,25,1,2,0,5,0,0,0,0,true,,false,false,true,false,false,,,,,,false,false,false,,,false,false,false,false,false,-83.13265,42.31216,"{
  ""coordinates"": [
    -8.313265208300000e+01,
    4.231215648100000e+01
  ],
  ""type"": ""Point""
}","{
  ""coordinates"": [
    -83.132652083,
    42.312156481
  ],
  ""type"": ""Point""
}",-83.132652083,42.312156481
15240,1036768,WYOMING,PLYMOUTH,2017-05-23,23,5,2017,14,3,5,9,,4,0,,1,1,1,35,4,3,4,4,0,0,0,2,false,,false,false,false,false,false,,,,,,false,true,true,,,false,false,false,false,false,-83.15857,42.37372,"{
  ""coordinates"": [
    -8.315857225699990e+01,
    4.237371798100000e+01
  ],
  ""type"": ""Point""
}","{
  ""coordinates"": [
    -83.158572257,
    42.373717981
  ],
  ""type"": ""Point""
}",-83.1585722569999,42.373717981
15241,1087787,I-75,WARREN,2017-05-23,23,5,2017,17,3,8,1,,1,0,,1,1,1,55,3,2,3,5,0,0,0,0,true,,false,false,false,false,false,,,,,,false,false,false,,,false,false,false,false,false,-83.05341,42.35961,"{
  ""coordinates"": [
    -8.305340620699999e+01,
    4.235960683700010e+01
  ],
  ""type"": ""Point""
}","{
  ""coordinates"": [
    -83.053406207,
    42.359606837
  ],
  ""type"": ""Point""
}",-83.053406207,42.3596068370001
15242,1036795,WARREN,JOHN R,2017-05-23,23,5,2017,13,3,97,9,,4,0,,1,1,1,35,2,2,3,5,0,0,0,0,true,,false,false,false,false,false,,,,,,false,false,true,,,false,false,false,false,false,-83.06203,42.35762,"{
  ""coordinates"": [
    -8.306203159300000e+01,
    4.235761871100000e+01
  ],
  ""type"": ""Point""
}","{
  ""coordinates"": [
    -83.062031593,
    42.357618711
  ],
  ""type"": ""Point""
}",-83.062031593,42.357618711
15243,1043164,FRENCH,KNODELL,2017-05-23,23,5,2017,9,3,8,9,,4,0,,1,1,1,25,2,2,2,5,0,0,0,0,true,,false,false,true,false,false,,,,,,false,false,false,,,false,false,false,false,false,-82.99924,42.39912,"{
  ""coordinates"": [
    -8.299924755900000e+01,
    4.239911964000000e+01
  ],
  ""type"": ""Point""
}","{
  ""coordinates"": [
    -82.999247559,
    42.39911964
  ],
  ""type"": ""Point""
}",-82.999247559,42.39911964
15244,1036816,DAVISON,LINWOOD,2017-05-23,23,5,2017,21,3,1,3,,1,0,,1,2,4,35,7,2,1,2,0,1,0,0,false,,false,false,true,false,false,,,,,,false,false,false,,,false,false,false,true,false,-83.12201,42.39303,"{
  ""coordinates"": [
    -8.312200850700000e+01,
    4.239303164900010e+01
  ],
  ""type"": ""Point""
}","{
  ""coordinates"": [
    -83.122008507,
    42.393031649
  ],
  ""type"": ""Point""
}",-83.122008507,42.3930316490001
15245,1036800,WARREN,FAUST,2017-05-23,23,5,2017,7,3,5,9,,2,0,,1,1,1,35,2,2,2,5,0,0,0,0,true,,false,false,false,false,false,,,,,,false,false,false,,,false,false,false,false,false,-83.22073,42.34333,"{
  ""coordinates"": [
    -8.322073591899991e+01,
    4.234333429600010e+01
  ],
  ""type"": ""Point""
}","{
  ""coordinates"": [
    -83.220735919,
    42.343334296
  ],
  ""type"": ""Point""
}",-83.2207359189999,42.3433342960001
15246,1069893,SEVEN MILE,GRATOIT,2017-05-23,23,5,2017,10,3,8,3,,4,0,,1,1,1,30,2,2,1,5,0,0,0,0,true,,false,false,false,false,false,,,,,,false,false,false,,,false,false,false,false,false,-82.97797,42.43508,"{
  ""coordinates"": [
    -8.297796498600000e+01,
    4.243507797000010e+01
  ],
  ""type"": ""Point""
}","{
  ""coordinates"": [
    -82.977964986,
    42.43507797
  ],
  ""type"": ""Point""
}",-82.977964986,42.4350779700001
15247,1036803,GRAND RIVER,SOUTHFIELD SERVICE DRIVE,2017-05-23,23,5,2017,15,3,3,3,,1,0,,1,1,1,0,6,2,2,4,0,0,0,1,false,,false,false,false,false,false,,,,,,false,false,false,,,false,false,false,false,false,-83.21807,42.40062,"{
  ""coordinates"": [
    -8.321807447000000e+01,
    4.240062186200000e+01
  ],
  ""type"": ""Point""
}","{
  ""coordinates"": [
    -83.21807447,
    42.400621862
  ],
  ""type"": ""Point""
}",-83.21807447,42.400621862
15248,1043165,GARLAND,KERCHEVAL,2017-05-23,23,5,2017,15,3,10,9,,,0,,1,1,1,25,1,2,3,5,0,0,0,0,true,,false,false,false,false,false,,,,,,false,false,false,,,false,false,false,false,false,-82.98042,42.36487,"{
  ""coordinates"": [
    -8.298041408599990e+01,
    4.236487371700010e+01
  ],
  ""type"": ""Point""
}","{
  ""coordinates"": [
    -82.980414086,
    42.364873717
  ],
  ""type"": ""Point""
}",-82.9804140859999,42.3648737170001
15249,1036781,YORK,2ND,2017-05-23,23,5,2017,15,3,97,9,,,0,,1,2,1,20,2,2,2,5,0,0,0,0,true,,false,false,false,false,false,,,,,,false,false,false,,,false,false,false,false,false,-83.07391,42.36337,"{
  ""coordinates"": [
    -8.307390803000000e+01,
    4.236337225300010e+01
  ],
  ""type"": ""Point""
}","{
  ""coordinates"": [
    -83.07390803,
    42.363372253
  ],
  ""type"": ""Point""
}",-83.07390803,42.3633722530001
15250,1040688,ALDEN,PURITAN,2017-05-23,23,5,2017,22,3,98,9,,,3,,1,1,4,25,2,2,0,5,0,0,0,0,true,,false,false,true,false,false,,,,,,false,false,false,,,false,false,false,false,false,-83.13067,42.40953,"{
  ""coordinates"": [
    -8.313067143400001e+01,
    4.240953227200000e+01
  ],
  ""type"": ""Point""
}","{
  ""coordinates"": [
    -83.130671434,
    42.409532272
  ],
  ""type"": ""Point""
}",-83.130671434,42.409532272
15251,1038637,JAMES COUZENS,7 MILE,2017-05-23,23,5,2017,15,3,8,3,,4,0,,1,1,1,35,3,2,1,5,0,0,0,0,true,,false,false,false,false,false,,,,,,false,true,false,,,false,false,false,false,false,-83.18738,42.43082,"{
  ""coordinates"": [
    -8.318738097999990e+01,
    4.243081718900000e+01
  ],
  ""type"": ""Point""
}","{
  ""coordinates"": [
    -83.18738098,
    42.430817189
  ],
  ""type"": ""Point""
}",-83.1873809799999,42.430817189
15252,1041348,I-94,GRATIOT,2017-05-23,23,5,2017,11,3,97,1,,1,0,,1,1,1,55,3,2,3,4,0,0,0,1,false,,false,false,false,false,false,,,,,,false,false,false,,,false,false,false,false,false,-83.00574,42.39166,"{
  ""coordinates"": [
    -8.300574738800000e+01,
    4.239166157200000e+01
  ],
  ""type"": ""Point""
}","{
  ""coordinates"": [
    -83.005747388,
    42.391661572
  ],
  ""type"": ""Point""
}",-83.005747388,42.391661572
15253,1036797,LANTZ,ALBANY,2017-05-23,23,5,2017,17,3,1,9,,,0,,1,1,1,25,1,2,1,2,0,1,0,0,false,,false,false,true,false,false,,,,,,true,false,false,,,false,false,false,false,false,-83.04509,42.43843,"{
  ""coordinates"": [
    -8.304508952499999e+01,
    4.243843006400000e+01
  ],
  ""type"": ""Point""
}","{
  ""coordinates"": [
    -83.045089525,
    42.438430064
  ],
  ""type"": ""Point""
}",-83.045089525,42.438430064
15254,1098381,CADIEUX,MACK,2017-05-23,23,5,2017,16,3,8,9,,4,0,,1,1,1,30,2,2,2,4,0,0,0,1,false,,false,false,false,false,false,,,,,,false,false,false,,,false,false,false,false,false,-82.92251,42.395,"{
  ""coordinates"": [
    -8.292250520899999e+01,
    4.239500546000000e+01
  ],
  ""type"": ""Point""
}","{
  ""coordinates"": [
    -82.922505209,
    42.39500546
  ],
  ""type"": ""Point""
}",-82.922505209,42.39500546
15255,1036779,BEAUBIEN,MONROE,2017-05-23,23,5,2017,7,3,8,9,,4,0,,1,1,1,0,3,2,3,5,0,0,0,0,true,,false,false,true,false,false,,,,,,false,false,false,,,false,false,false,false,false,-83.04245,42.33473,"{
  ""coordinates"": [
    -8.304245106499999e+01,
    4.233472825600010e+01
  ],
  ""type"": ""Point""
}","{
  ""coordinates"": [
    -83.042451065,
    42.334728256
  ],
  ""type"": ""Point""
}",-83.042451065,42.3347282560001
15256,1038614,ORANGELAWN,GRANDMONT,2017-05-23,23,5,2017,19,3,5,9,,,0,,1,1,1,25,2,2,0,5,0,0,0,0,true,,false,false,true,false,false,,,,,,false,false,false,,,false,false,false,false,false,-83.20939,42.36764,"{
  ""coordinates"": [
    -8.320938888099990e+01,
    4.236763915900010e+01
  ],
  ""type"": ""Point""
}","{
  ""coordinates"": [
    -83.209388881,
    42.367639159
  ],
  ""type"": ""Point""
}",-83.2093888809999,42.3676391590001
15257,1036074,8MILE,HOOVER,2017-05-23,23,5,2017,8,3,8,3,,1,0,,1,1,1,45,4,2,2,5,0,0,0,0,true,,false,false,false,false,false,,,,,,false,false,false,,,false,false,false,false,false,-83.007,42.44875,"{
  ""coordinates"": [
    -8.300699412300000e+01,
    4.244874769500010e+01
  ],
  ""type"": ""Point""
}","{
  ""coordinates"": [
    -83.006994123,
    42.448747695
  ],
  ""type"": ""Point""
}",-83.006994123,42.4487476950001
15258,1072701,MACK,SAINT JEAN,2017-05-23,23,5,2017,15,3,3,9,,4,0,,1,1,1,35,7,2,2,2,0,1,0,0,false,,false,false,false,false,false,,,,,,false,false,false,,,false,false,false,false,false,-82.97857,42.37915,"{
  ""coordinates"": [
    -8.297856629700000e+01,
    4.237915166100000e+01
  ],
  ""type"": ""Point""
}","{
  ""coordinates"": [
    -82.978566297,
    42.379151661
  ],
  ""type"": ""Point""
}",-82.978566297,42.379151661
15259,1036821,DEXTER,CHALFONTE,2017-05-23,23,5,2017,8,3,8,9,,4,0,,1,2,1,25,4,2,3,5,0,0,0,0,true,,false,false,true,false,false,,,,,,false,false,false,,,false,false,false,false,false,-83.13549,42.40059,"{
  ""coordinates"": [
    -8.313549228600000e+01,
    4.240058526400000e+01
  ],
  ""type"": ""Point""
}","{
  ""coordinates"": [
    -83.135492286,
    42.400585264
  ],
  ""type"": ""Point""
}",-83.135492286,42.400585264
15260,1036760,I 75,7 MILE,2017-05-23,23,5,2017,18,3,1,1,,1,0,,1,1,1,70,4,1,1,5,0,0,0,0,true,,false,false,false,false,false,,,,,,false,false,false,,,false,false,false,false,false,-83.09476,42.43111,"{
  ""coordinates"": [
    -8.309475920999991e+01,
    4.243111232000010e+01
  ],
  ""type"": ""Point""
}","{
  ""coordinates"": [
    -83.09475921,
    42.43111232
  ],
  ""type"": ""Point""
}",-83.0947592099999,42.4311123200001
15261,1040675,WOODINGHAM,PICKFORD,2017-05-23,23,5,2017,23,3,4,9,,,0,,1,1,4,25,2,2,4,5,0,0,0,0,true,,false,false,true,false,false,,,,,,false,false,true,,,false,false,false,false,false,-83.15042,42.42609,"{
  ""coordinates"": [
    -8.315041875000000e+01,
    4.242608639400000e+01
  ],
  ""type"": ""Point""
}","{
  ""coordinates"": [
    -83.15041875,
    42.426086394
  ],
  ""type"": ""Point""
}",-83.15041875,42.426086394
15262,1036826,8MILE,SYRACUSE,2017-05-23,23,5,2017,11,3,8,3,,1,0,,1,1,1,40,4,2,2,4,0,0,0,2,false,,false,false,false,false,false,,,,,,false,false,false,,,false,false,false,false,false,-83.04675,42.44769,"{
  ""coordinates"": [
    -8.304674177399990e+01,
    4.244769124000000e+01
  ],
  ""type"": ""Point""
}","{
  ""coordinates"": [
    -83.046741774,
    42.44769124
  ],
  ""type"": ""Point""
}",-83.0467417739999,42.44769124
15263,1036731,W I 96,KENTFIELD,2017-05-23,23,5,2017,6,3,8,1,,1,0,,1,1,2,55,2,2,2,4,0,0,0,1,false,,false,false,false,false,false,,,,,,false,false,true,,,false,false,false,false,false,-83.23802,42.38153,"{
  ""coordinates"": [
    -8.323802289000000e+01,
    4.238152769900010e+01
  ],
  ""type"": ""Point""
}","{
  ""coordinates"": [
    -83.23802289,
    42.381527699
  ],
  ""type"": ""Point""
}",-83.23802289,42.3815276990001
15264,1038603,JEFFERSON,RADEMACHER,2017-05-23,23,5,2017,17,3,1,9,,4,1,,1,1,1,30,2,1,2,4,0,0,0,1,false,,false,false,false,false,false,,,,,,false,false,false,,,false,false,false,false,false,-83.10168,42.29752,"{
  ""coordinates"": [
    -8.310167418799990e+01,
    4.229751916200010e+01
  ],
  ""type"": ""Point""
}","{
  ""coordinates"": [
    -83.101674188,
    42.297519162
  ],
  ""type"": ""Point""
}",-83.1016741879999,42.2975191620001
15265,1040686,N M 10,7 MILE,2017-05-23,23,5,2017,15,3,97,3,,1,0,,1,1,1,30,2,2,1,5,0,0,0,0,true,,false,false,false,false,false,,,,,,false,false,false,,,false,false,false,false,false,-83.18694,42.43084,"{
  ""coordinates"": [
    -8.318694133100000e+01,
    4.243083819700010e+01
  ],
  ""type"": ""Point""
}","{
  ""coordinates"": [
    -83.186941331,
    42.430838197
  ],
  ""type"": ""Point""
}",-83.186941331,42.4308381970001
15266,1041349,I-94,SCOTTEN,2017-05-23,23,5,2017,14,3,1,1,,1,1,,1,1,1,55,3,1,1,5,0,0,0,0,true,,false,false,false,false,false,,,,,,false,false,false,,,false,false,false,false,false,-83.11032,42.34664,"{
  ""coordinates"": [
    -8.311032433400000e+01,
    4.234663824700000e+01
  ],
  ""type"": ""Point""
}","{
  ""coordinates"": [
    -83.110324334,
    42.346638247
  ],
  ""type"": ""Point""
}",-83.110324334,42.346638247
15267,1036785,FORT,PLEASANT,2017-05-23,23,5,2017,11,3,5,3,,1,0,,1,1,1,25,3,2,2,5,0,0,0,0,true,,false,false,false,false,false,,,,,,false,false,false,,,false,false,false,false,false,-83.14948,42.28316,"{
  ""coordinates"": [
    -8.314948416999989e+01,
    4.228316437600010e+01
  ],
  ""type"": ""Point""
}","{
  ""coordinates"": [
    -83.14948417,
    42.283164376
  ],
  ""type"": ""Point""
}",-83.1494841699999,42.2831643760001
15268,1041359,I-75,GRAND,2017-05-23,23,5,2017,15,3,5,1,,1,0,,1,1,1,55,4,3,2,5,0,0,0,0,true,,false,false,true,false,false,,,,,,false,false,true,,,false,false,false,false,false,-83.06083,42.37529,"{
  ""coordinates"": [
    -8.306082650600000e+01,
    4.237528706400010e+01
  ],
  ""type"": ""Point""
}","{
  ""coordinates"": [
    -83.060826506,
    42.375287064
  ],
  ""type"": ""Point""
}",-83.060826506,42.3752870640001
15269,1036752,E I 96,SCHOOLCRAFT,2017-05-23,23,5,2017,6,3,8,1,,1,0,,1,1,1,55,2,2,1,5,0,0,0,0,true,,false,false,true,false,false,,,,,,false,false,false,,,false,false,false,false,false,-83.24438,42.3853,"{
  ""coordinates"": [
    -8.324437415599991e+01,
    4.238530105800000e+01
  ],
  ""type"": ""Point""
}","{
  ""coordinates"": [
    -83.244374156,
    42.385301058
  ],
  ""type"": ""Point""
}",-83.2443741559999,42.385301058
15270,1036802,SCHOOLCRAFT,SOUTHFIELD SERVICE DRIVE,2017-05-23,23,5,2017,12,3,5,9,,2,0,,1,1,1,35,4,2,2,4,0,0,0,1,false,,false,false,true,false,false,,,,,,false,true,false,,,false,false,false,false,false,-83.21737,42.38672,"{
  ""coordinates"": [
    -8.321736878300000e+01,
    4.238672054300010e+01
  ],
  ""type"": ""Point""
}","{
  ""coordinates"": [
    -83.217368783,
    42.386720543
  ],
  ""type"": ""Point""
}",-83.217368783,42.3867205430001
15271,1041347,W I 96,OAKMAN,2017-05-23,23,5,2017,16,3,8,1,,1,0,,1,1,1,70,4,2,2,5,0,0,0,0,true,,false,false,false,false,false,,,,,,false,false,false,,,false,false,false,false,false,-83.14613,42.37702,"{
  ""coordinates"": [
    -8.314613585700000e+01,
    4.237701996600000e+01
  ],
  ""type"": ""Point""
}","{
  ""coordinates"": [
    -83.146135857,
    42.377019966
  ],
  ""type"": ""Point""
}",-83.146135857,42.377019966
15272,1036777,GRAND,GRAND RIVER,2017-05-23,23,5,2017,10,3,10,3,,4,0,,1,1,1,30,3,2,3,4,0,0,0,1,false,,false,false,false,false,false,,,,,,false,false,false,,,false,false,false,false,false,-83.10931,42.35672,"{
  ""coordinates"": [
    -8.310930386699989e+01,
    4.235672303200000e+01
  ],
  ""type"": ""Point""
}","{
  ""coordinates"": [
    -83.109303867,
    42.356723032
  ],
  ""type"": ""Point""
}",-83.1093038669999,42.356723032
15273,1041365,I-75,CARPENTER,2017-05-23,23,5,2017,16,3,5,1,,1,0,,1,1,1,70,5,2,2,5,0,0,0,0,true,,false,false,false,false,false,,,,,,false,false,false,,,false,false,false,false,false,-83.07323,42.40443,"{
  ""coordinates"": [
    -8.307323311899999e+01,
    4.240442875800010e+01
  ],
  ""type"": ""Point""
}","{
  ""coordinates"": [
    -83.073233119,
    42.404428758
  ],
  ""type"": ""Point""
}",-83.073233119,42.4044287580001
15274,1041362,I-94,THIRD,2017-05-23,23,5,2017,17,3,5,1,,1,0,,1,1,1,55,3,2,3,5,0,0,0,0,true,,false,false,false,false,false,,,,,,false,false,false,,,false,false,false,false,false,-83.07364,42.3611,"{
  ""coordinates"": [
    -8.307363654900000e+01,
    4.236110038400010e+01
  ],
  ""type"": ""Point""
}","{
  ""coordinates"": [
    -83.073636549,
    42.361100384
  ],
  ""type"": ""Point""
}",-83.073636549,42.3611003840001
15275,1036807,GRATIOT,ROSEMARY,2017-05-23,23,5,2017,16,3,8,3,,1,0,,1,1,1,35,7,2,5,5,0,0,0,0,true,,false,false,true,false,false,,,,,,false,false,false,,,false,false,false,false,false,-82.99545,42.40804,"{
  ""coordinates"": [
    -8.299544596200001e+01,
    4.240804137600000e+01
  ],
  ""type"": ""Point""
}","{
  ""coordinates"": [
    -82.995445962,
    42.408041376
  ],
  ""type"": ""Point""
}",-82.995445962,42.408041376
15276,1046565,RANDOLPH,JEFFERSON,2017-05-23,23,5,2017,21,3,10,9,,4,0,,1,1,4,25,2,2,2,5,0,0,0,0,true,,false,false,false,false,false,,,,,,false,true,false,,,false,false,false,false,false,-83.04152,42.32916,"{
  ""coordinates"": [
    -8.304151990000000e+01,
    4.232916036100000e+01
  ],
  ""type"": ""Point""
}","{
  ""coordinates"": [
    -83.0415199,
    42.329160361
  ],
  ""type"": ""Point""
}",-83.0415199,42.329160361
15277,1044243,I-75,7 MILE,2017-05-23,23,5,2017,20,3,5,1,,1,0,,1,1,4,70,4,2,3,5,0,0,0,0,true,,false,false,false,false,false,,,,,,false,false,true,,,false,false,false,false,false,-83.09494,42.43973,"{
  ""coordinates"": [
    -8.309493910499999e+01,
    4.243972858700000e+01
  ],
  ""type"": ""Point""
}","{
  ""coordinates"": [
    -83.094939105,
    42.439728587
  ],
  ""type"": ""Point""
}",-83.094939105,42.439728587
15278,1036796,GRAND RIVER,OUTER,2017-05-23,23,5,2017,21,3,97,3,,1,0,,1,1,3,35,4,2,1,5,0,0,0,0,true,,false,false,true,false,false,,,,,,false,false,false,,,false,false,false,false,false,-83.23229,42.40634,"{
  ""coordinates"": [
    -8.323229353799999e+01,
    4.240633808000010e+01
  ],
  ""type"": ""Point""
}","{
  ""coordinates"": [
    -83.232293538,
    42.40633808
  ],
  ""type"": ""Point""
}",-83.232293538,42.4063380800001
15279,1039528,LYNDON,SUSSEX,2017-05-23,23,5,2017,17,3,4,9,,4,0,,1,1,1,25,2,2,5,4,0,0,0,2,false,,false,false,false,false,false,,,,,,false,false,false,,,false,false,false,false,false,-83.19471,42.39438,"{
  ""coordinates"": [
    -8.319471355300000e+01,
    4.239437821800000e+01
  ],
  ""type"": ""Point""
}","{
  ""coordinates"": [
    -83.194713553,
    42.394378218
  ],
  ""type"": ""Point""
}",-83.194713553,42.394378218