ObjectId,Crash ID,Primary Road,Intersecting Road,Crash Date,Day,Month,Year,Hour,Weekday,Crash Type Code,Highway Classification Code,Community Code,Jurisdiction Code,Lane Departure Type Code,Surface Type,Road Condition,Weather Condition,Lighting Condition,Speed Limit,Lanes,Units,Occupants,Most Severe Injury,Fatal Injuries,Suspected Serious Injuries,Suspected Minor Injuries,Possible Injuries,Property Damage Only,Secondary Crash,Traffic Control,Red Light Run,Hit and Run,Alcohol,Drugs,Unbelted Person,Work Zone,Speeding Driver,Distracted Driver,Driveway,Pedestrian,Elderly Driver,Young Driver,Commercial Vehicle,Emergency Vehicles,Train,School Bus,Motorcycle,Bicycle,Deer,Longitude,Latitude,geom,geog,x,y
15280,1036058,PIERSON,CAMBRIDGE,2017-05-22,22,5,2017,5,2,5,9,,,0,,1,1,4,0,1,2,0,5,0,0,0,0,true,,false,false,false,false,false,,,,,,false,false,false,,,false,false,false,false,false,-83.24742,42.43118,"{
  ""coordinates"": [
    -8.324742387600000e+01,
    4.243117822800010e+01
  ],
  ""type"": ""Point""
}","{
  ""coordinates"": [
    -83.247423876,
    42.431178228
  ],
  ""type"": ""Point""
}",-83.247423876,42.4311782280001
15281,1038604,MACK,SAINT JEAN,2017-05-22,22,5,2017,16,2,1,9,,4,1,,1,1,1,30,7,1,2,5,0,0,0,0,true,,false,false,false,false,false,,,,,,false,false,true,,,false,false,false,false,false,-82.97774,42.3797,"{
  ""coordinates"": [
    -8.297773505700000e+01,
    4.237969867400010e+01
  ],
  ""type"": ""Point""
}","{
  ""coordinates"": [
    -82.977735057,
    42.379698674
  ],
  ""type"": ""Point""
}",-82.977735057,42.3796986740001
15282,1036772,FISHER SD,THIRD,2017-05-22,22,5,2017,16,2,4,1,,1,0,,1,1,1,25,2,2,2,5,0,0,0,0,true,,false,false,false,false,false,,,,,,false,false,false,,,false,false,false,false,false,-83.06018,42.33633,"{
  ""coordinates"": [
    -8.306017706199999e+01,
    4.233633047300000e+01
  ],
  ""type"": ""Point""
}","{
  ""coordinates"": [
    -83.060177062,
    42.336330473
  ],
  ""type"": ""Point""
}",-83.060177062,42.336330473
15283,1038612,EVERGREEN,CHICAGO,2017-05-22,22,5,2017,16,2,97,9,,4,0,,1,2,1,30,6,3,4,5,0,0,0,0,true,,false,false,false,false,false,,,,,,false,false,true,,,false,false,false,false,false,-83.23604,42.36474,"{
  ""coordinates"": [
    -8.323603544900000e+01,
    4.236473962600010e+01
  ],
  ""type"": ""Point""
}","{
  ""coordinates"": [
    -83.236035449,
    42.364739626
  ],
  ""type"": ""Point""
}",-83.236035449,42.3647396260001
15284,1036025,GREENFIELD,OUTER,2017-05-22,22,5,2017,8,2,5,9,,2,0,,1,1,1,35,4,2,1,5,0,0,0,0,true,,false,false,true,false,false,,,,,,false,false,false,,,false,false,false,false,false,-83.19944,42.4194,"{
  ""coordinates"": [
    -8.319943983400000e+01,
    4.241940046500010e+01
  ],
  ""type"": ""Point""
}","{
  ""coordinates"": [
    -83.199439834,
    42.419400465
  ],
  ""type"": ""Point""
}",-83.199439834,42.4194004650001
15285,1036048,FIELDING,CAPITOL,2017-05-22,22,5,2017,2,2,1,9,,,1,,1,1,4,25,2,1,2,2,0,2,0,0,false,,false,false,false,true,false,,,,,,false,false,false,,,false,false,false,false,false,-83.24138,42.37631,"{
  ""coordinates"": [
    -8.324137531799990e+01,
    4.237631171200010e+01
  ],
  ""type"": ""Point""
}","{
  ""coordinates"": [
    -83.241375318,
    42.376311712
  ],
  ""type"": ""Point""
}",-83.2413753179999,42.3763117120001
15286,1036055,JEFFERSON,PARKVIEW,2017-05-22,22,5,2017,7,2,4,9,,4,0,,1,1,1,30,7,2,2,5,0,0,0,0,true,,true,false,false,false,false,,,,,,false,true,false,,,false,false,false,false,false,-82.98381,42.35942,"{
  ""coordinates"": [
    -8.298381242600000e+01,
    4.235942581300000e+01
  ],
  ""type"": ""Point""
}","{
  ""coordinates"": [
    -82.983812426,
    42.359425813
  ],
  ""type"": ""Point""
}",-82.983812426,42.359425813
15287,1036060,MCNICHOLS,SOUTHFIELD SERVICE DRIVE,2017-05-22,22,5,2017,10,2,8,9,,2,0,,1,1,1,35,4,2,1,5,0,0,0,0,true,,false,false,true,false,false,,,,,,false,false,false,,,false,false,false,false,false,-83.21944,42.41554,"{
  ""coordinates"": [
    -8.321944018600000e+01,
    4.241554301200010e+01
  ],
  ""type"": ""Point""
}","{
  ""coordinates"": [
    -83.219440186,
    42.415543012
  ],
  ""type"": ""Point""
}",-83.219440186,42.4155430120001
15288,1036047,WAREREN,GREENFIELD,2017-05-22,22,5,2017,10,2,8,9,,2,0,,1,1,1,35,3,2,2,5,0,0,0,0,true,,false,false,false,false,false,,,,,,false,false,true,,,false,false,false,false,false,-83.19632,42.34367,"{
  ""coordinates"": [
    -8.319632228499999e+01,
    4.234367108100000e+01
  ],
  ""type"": ""Point""
}","{
  ""coordinates"": [
    -83.196322285,
    42.343671081
  ],
  ""type"": ""Point""
}",-83.196322285,42.343671081
15289,1036758,I-96,SCOTTEN,2017-05-22,22,5,2017,18,2,1,1,,1,0,,1,1,1,70,3,1,2,5,0,0,0,0,true,,false,false,false,false,false,,,,,,false,false,true,,,false,false,false,false,false,-83.1118,42.35663,"{
  ""coordinates"": [
    -8.311180403600000e+01,
    4.235662852800000e+01
  ],
  ""type"": ""Point""
}","{
  ""coordinates"": [
    -83.111804036,
    42.356628528
  ],
  ""type"": ""Point""
}",-83.111804036,42.356628528
15290,1036068,MORAN,WHITEHILL,2017-05-22,22,5,2017,22,2,8,9,,4,0,,1,1,4,30,2,2,3,5,0,0,0,0,true,,false,false,false,false,false,,,,,,false,false,false,,,false,false,false,false,false,-82.9521,42.42699,"{
  ""coordinates"": [
    -8.295210178000001e+01,
    4.242699222100000e+01
  ],
  ""type"": ""Point""
}","{
  ""coordinates"": [
    -82.95210178,
    42.426992221
  ],
  ""type"": ""Point""
}",-82.95210178,42.426992221
15291,1036028,MEYERS,OUTER,2017-05-22,22,5,2017,12,2,4,9,,4,0,,1,1,1,30,5,2,2,5,0,0,0,0,true,,false,false,false,false,false,,,,,,false,false,false,,,false,false,false,false,false,-83.17084,42.43464,"{
  ""coordinates"": [
    -8.317083819999991e+01,
    4.243464363000000e+01
  ],
  ""type"": ""Point""
}","{
  ""coordinates"": [
    -83.1708382,
    42.43464363
  ],
  ""type"": ""Point""
}",-83.1708381999999,42.43464363
15292,1036799,GRATIOT,MELDRUM,2017-05-22,22,5,2017,18,2,1,3,,1,0,,1,1,1,35,9,1,1,5,0,0,0,0,true,,false,false,false,false,false,,,,,,false,false,false,,,false,false,false,false,false,-83.02297,42.36634,"{
  ""coordinates"": [
    -8.302296956799999e+01,
    4.236633757900010e+01
  ],
  ""type"": ""Point""
}","{
  ""coordinates"": [
    -83.022969568,
    42.366337579
  ],
  ""type"": ""Point""
}",-83.022969568,42.3663375790001
15293,1047801,SECOND,FOREST,2017-05-22,22,5,2017,16,2,98,9,,5,3,,1,98,98,30,2,2,0,5,0,0,0,0,true,,false,false,false,false,false,,,,,,false,false,false,,,false,false,false,false,false,-83.06763,42.35306,"{
  ""coordinates"": [
    -8.306762997800000e+01,
    4.235305988000000e+01
  ],
  ""type"": ""Point""
}","{
  ""coordinates"": [
    -83.067629978,
    42.35305988
  ],
  ""type"": ""Point""
}",-83.067629978,42.35305988
15294,1036046,FORT,FRANCIS,2017-05-22,22,5,2017,14,2,5,3,,1,0,,1,1,1,45,3,2,1,5,0,0,0,0,true,,false,false,true,false,false,,,,,,false,false,false,,,false,false,false,false,false,-83.16339,42.26688,"{
  ""coordinates"": [
    -8.316339217500000e+01,
    4.226687482200000e+01
  ],
  ""type"": ""Point""
}","{
  ""coordinates"": [
    -83.163392175,
    42.266874822
  ],
  ""type"": ""Point""
}",-83.163392175,42.266874822
15295,1036080,SEVEN MILE,EVERGREEN,2017-05-22,22,5,2017,10,2,5,9,,2,0,,1,1,1,0,4,2,2,5,0,0,0,0,true,,false,false,false,false,false,,,,,,false,false,false,,,false,false,false,false,false,-83.23904,42.42957,"{
  ""coordinates"": [
    -8.323903795200000e+01,
    4.242957419800010e+01
  ],
  ""type"": ""Point""
}","{
  ""coordinates"": [
    -83.239037952,
    42.429574198
  ],
  ""type"": ""Point""
}",-83.239037952,42.4295741980001
15296,1036051,VERNOR,JOSEPH CAMPAU,2017-05-22,22,5,2017,18,2,4,9,,4,0,,1,1,1,30,4,2,3,4,0,0,0,1,false,,false,false,false,false,false,,,,,,false,false,false,,,false,false,false,false,false,-83.02743,42.35113,"{
  ""coordinates"": [
    -8.302742646900001e+01,
    4.235113282600000e+01
  ],
  ""type"": ""Point""
}","{
  ""coordinates"": [
    -83.027426469,
    42.351132826
  ],
  ""type"": ""Point""
}",-83.027426469,42.351132826
15297,1036061,MCNICHOLS,OAKFIELD,2017-05-22,22,5,2017,18,2,3,9,,2,0,,1,1,1,35,4,2,2,5,0,0,0,0,true,,false,false,false,false,false,,,,,,false,false,false,,,false,false,false,false,false,-83.21456,42.41565,"{
  ""coordinates"": [
    -8.321456218400000e+01,
    4.241565209800010e+01
  ],
  ""type"": ""Point""
}","{
  ""coordinates"": [
    -83.214562184,
    42.415652098
  ],
  ""type"": ""Point""
}",-83.214562184,42.4156520980001
15298,1046608,EIGHT MILE,ASBURY PARK,2017-05-22,22,5,2017,7,2,8,3,,1,0,,1,1,1,45,3,2,2,5,0,0,0,0,true,,false,false,false,false,false,,,,,,false,false,false,,,false,true,false,false,false,-83.21025,42.44442,"{
  ""coordinates"": [
    -8.321025042100000e+01,
    4.244441907500000e+01
  ],
  ""type"": ""Point""
}","{
  ""coordinates"": [
    -83.210250421,
    42.444419075
  ],
  ""type"": ""Point""
}",-83.210250421,42.444419075
15299,1052948,BIRWOOD,CHALFONTE,2017-05-22,22,5,2017,17,2,97,9,,,0,,1,1,1,20,3,2,1,5,0,0,0,0,true,,false,false,true,false,false,,,,,,false,false,false,,,false,false,false,false,false,-83.16384,42.40041,"{
  ""coordinates"": [
    -8.316383935000000e+01,
    4.240041247800010e+01
  ],
  ""type"": ""Point""
}","{
  ""coordinates"": [
    -83.16383935,
    42.400412478
  ],
  ""type"": ""Point""
}",-83.16383935,42.4004124780001
15300,1039529,SCHAEFER,BELTON,2017-05-22,22,5,2017,18,2,5,9,,4,0,,1,1,1,35,2,2,2,5,0,0,0,0,true,,false,false,true,false,false,,,,,,false,true,false,,,false,false,false,false,false,-83.1773,42.3541,"{
  ""coordinates"": [
    -8.317730002800000e+01,
    4.235409435700010e+01
  ],
  ""type"": ""Point""
}","{
  ""coordinates"": [
    -83.177300028,
    42.354094357
  ],
  ""type"": ""Point""
}",-83.177300028,42.3540943570001
15301,1036075,8 MILE,SPENCER,2017-05-22,22,5,2017,12,2,6,3,,1,0,,1,1,1,40,5,2,1,5,0,0,0,0,true,,false,false,true,false,false,,,,,,false,false,false,,,false,false,false,false,false,-83.02762,42.4481,"{
  ""coordinates"": [
    -8.302761765600000e+01,
    4.244810112100000e+01
  ],
  ""type"": ""Point""
}","{
  ""coordinates"": [
    -83.027617656,
    42.448101121
  ],
  ""type"": ""Point""
}",-83.027617656,42.448101121
15302,1042198,RAMP 215G,W I 94,2017-05-22,22,5,2017,22,2,8,1,,1,0,,1,1,4,55,1,2,2,5,0,0,0,0,true,,false,false,true,false,false,,,,,,false,false,false,,,false,false,false,false,false,-83.07781,42.35927,"{
  ""coordinates"": [
    -8.307781419900000e+01,
    4.235927347400010e+01
  ],
  ""type"": ""Point""
}","{
  ""coordinates"": [
    -83.077814199,
    42.359273474
  ],
  ""type"": ""Point""
}",-83.077814199,42.3592734740001
15303,1040684,CRANBROOK,OUTER,2017-05-22,22,5,2017,3,2,5,9,,,3,,98,98,4,25,2,2,0,5,0,0,0,0,true,,false,false,true,false,false,,,,,,false,false,false,,,false,false,false,false,false,-83.15744,42.43578,"{
  ""coordinates"": [
    -8.315743748999989e+01,
    4.243578105300000e+01
  ],
  ""type"": ""Point""
}","{
  ""coordinates"": [
    -83.15743749,
    42.435781053
  ],
  ""type"": ""Point""
}",-83.1574374899999,42.435781053
15304,1046589,N M 39 SERVICE DRIVE,WARREN,2017-05-22,22,5,2017,16,2,8,9,,4,0,,1,1,1,30,3,2,2,5,0,0,0,0,true,,false,false,false,false,false,,,,,,false,false,false,,,false,false,false,false,false,-83.21571,42.34337,"{
  ""coordinates"": [
    -8.321571065099990e+01,
    4.234336884800010e+01
  ],
  ""type"": ""Point""
}","{
  ""coordinates"": [
    -83.215710651,
    42.343368848
  ],
  ""type"": ""Point""
}",-83.2157106509999,42.3433688480001
15305,1038601,HANCOCK,ST ANTOINE,2017-05-22,22,5,2017,10,2,8,9,,,0,,1,1,1,0,2,2,2,5,0,0,0,0,true,,false,false,false,false,false,,,,,,false,false,true,,,false,false,false,false,false,-83.05668,42.35865,"{
  ""coordinates"": [
    -8.305667724100000e+01,
    4.235865396900000e+01
  ],
  ""type"": ""Point""
}","{
  ""coordinates"": [
    -83.056677241,
    42.358653969
  ],
  ""type"": ""Point""
}",-83.056677241,42.358653969
15306,1067050,WYOMING,PICKFORD,2017-05-22,22,5,2017,9,2,8,9,,4,0,,1,1,1,25,1,2,2,5,0,0,0,0,true,,false,false,true,false,false,,,,,,false,false,false,,,false,false,false,false,false,-83.16077,42.42578,"{
  ""coordinates"": [
    -8.316077335499990e+01,
    4.242577631200000e+01
  ],
  ""type"": ""Point""
}","{
  ""coordinates"": [
    -83.160773355,
    42.425776312
  ],
  ""type"": ""Point""
}",-83.1607733549999,42.425776312
15307,1036077,7 MILE,RUTHERFORD,2017-05-22,22,5,2017,7,2,5,9,,2,0,,1,1,1,35,4,3,5,3,0,0,1,2,false,,false,false,false,false,false,,,,,,false,false,false,,,false,false,false,false,false,-83.20525,42.43034,"{
  ""coordinates"": [
    -8.320524906599999e+01,
    4.243034482400000e+01
  ],
  ""type"": ""Point""
}","{
  ""coordinates"": [
    -83.205249066,
    42.430344824
  ],
  ""type"": ""Point""
}",-83.205249066,42.430344824
15308,1110387,LIVERNOIS,CURTIS,2017-05-22,22,5,2017,2,2,5,9,,4,0,,1,1,4,30,3,2,1,5,0,0,0,0,true,,false,false,false,false,false,,,,,,false,false,false,,,false,false,false,false,false,-83.14103,42.42413,"{
  ""coordinates"": [
    -8.314103137700000e+01,
    4.242413137500010e+01
  ],
  ""type"": ""Point""
}","{
  ""coordinates"": [
    -83.141031377,
    42.424131375
  ],
  ""type"": ""Point""
}",-83.141031377,42.4241313750001
15309,1061467,I-75,MEADE,2017-05-22,22,5,2017,19,2,1,1,,1,0,,1,1,1,55,3,1,1,5,0,0,0,0,true,,false,false,false,false,false,,,,,,false,false,false,,,false,false,false,false,false,-83.07706,42.40683,"{
  ""coordinates"": [
    -8.307706729700000e+01,
    4.240683548300010e+01
  ],
  ""type"": ""Point""
}","{
  ""coordinates"": [
    -83.077067297,
    42.406835483
  ],
  ""type"": ""Point""
}",-83.077067297,42.4068354830001
15310,1042238,FISHER SERVICE,GLINNAN,2017-05-22,22,5,2017,8,2,8,1,,4,0,,1,1,1,25,2,2,2,5,0,0,0,0,true,,false,false,false,false,false,,,,,,false,false,false,,,false,false,false,false,false,-83.11853,42.30223,"{
  ""coordinates"": [
    -8.311853185200000e+01,
    4.230223324400000e+01
  ],
  ""type"": ""Point""
}","{
  ""coordinates"": [
    -83.118531852,
    42.302233244
  ],
  ""type"": ""Point""
}",-83.118531852,42.302233244
15311,1041370,GRATIOT,I-75,2017-05-22,22,5,2017,9,2,5,3,,1,0,,1,1,1,35,4,2,2,5,0,0,0,0,true,,false,false,false,false,false,,,,,,false,false,false,,,false,false,false,false,false,-83.03591,42.3472,"{
  ""coordinates"": [
    -8.303591432800000e+01,
    4.234719765300010e+01
  ],
  ""type"": ""Point""
}","{
  ""coordinates"": [
    -83.035914328,
    42.347197653
  ],
  ""type"": ""Point""
}",-83.035914328,42.3471976530001
15312,1038607,SAINT JEAN,WARREN,2017-05-22,22,5,2017,8,2,7,9,,4,0,,1,1,1,30,4,2,2,5,0,0,0,0,true,,false,false,false,false,false,,,,,,false,false,true,,,false,false,false,false,false,-82.98383,42.38725,"{
  ""coordinates"": [
    -8.298382761200000e+01,
    4.238724695500010e+01
  ],
  ""type"": ""Point""
}","{
  ""coordinates"": [
    -82.983827612,
    42.387246955
  ],
  ""type"": ""Point""
}",-82.983827612,42.3872469550001
15313,1036810,WOODROW WILSON,CALVERT,2017-05-22,22,5,2017,16,2,1,9,,4,1,,2,1,1,35,2,1,1,2,0,1,0,0,false,,false,false,false,false,false,,,,,,false,false,false,,,false,false,true,false,false,-83.10107,42.38404,"{
  ""coordinates"": [
    -8.310106649499990e+01,
    4.238403726300000e+01
  ],
  ""type"": ""Point""
}","{
  ""coordinates"": [
    -83.101066495,
    42.384037263
  ],
  ""type"": ""Point""
}",-83.1010664949999,42.384037263
15314,1036793,PLYMOUTH,SAINT MARYS,2017-05-22,22,5,2017,16,2,9,9,,4,2,,1,1,1,25,2,2,1,5,0,0,0,0,true,,false,false,false,false,false,,,,,,false,false,false,,,false,false,false,false,false,-83.20504,42.37247,"{
  ""coordinates"": [
    -8.320503696899991e+01,
    4.237247406100000e+01
  ],
  ""type"": ""Point""
}","{
  ""coordinates"": [
    -83.205036969,
    42.372474061
  ],
  ""type"": ""Point""
}",-83.2050369689999,42.372474061
15315,1036084,OUTER,SCHAEFER,2017-05-22,22,5,2017,15,2,5,9,,2,0,,1,1,1,30,6,2,2,5,0,0,0,0,true,,false,false,false,false,false,,,,,,false,false,false,,,false,false,false,false,false,-83.18007,42.42011,"{
  ""coordinates"": [
    -8.318006624000000e+01,
    4.242011157000010e+01
  ],
  ""type"": ""Point""
}","{
  ""coordinates"": [
    -83.18006624,
    42.42011157
  ],
  ""type"": ""Point""
}",-83.18006624,42.4201115700001
15316,1036757,W/B I-94,WOODWARD,2017-05-22,22,5,2017,18,2,5,1,,1,0,,1,1,1,55,3,2,2,5,0,0,0,0,true,,false,false,false,false,false,,,,,,false,false,false,,,false,false,false,false,false,-83.06729,42.36455,"{
  ""coordinates"": [
    -8.306729008600000e+01,
    4.236455075700010e+01
  ],
  ""type"": ""Point""
}","{
  ""coordinates"": [
    -83.067290086,
    42.364550757
  ],
  ""type"": ""Point""
}",-83.067290086,42.3645507570001
15317,1036022,I-75,MICHIGAN,2017-05-22,22,5,2017,14,2,1,1,,1,1,,1,1,1,55,2,1,1,3,0,0,1,0,false,,false,false,false,false,false,,,,,,false,false,false,,,false,false,false,false,false,-83.08614,42.33098,"{
  ""coordinates"": [
    -8.308614393100000e+01,
    4.233097834700000e+01
  ],
  ""type"": ""Point""
}","{
  ""coordinates"": [
    -83.086143931,
    42.330978347
  ],
  ""type"": ""Point""
}",-83.086143931,42.330978347
15318,1036782,MARTIN LUTHER KING JR,17TH,2017-05-22,22,5,2017,17,2,8,9,,4,0,,1,1,1,25,4,2,1,5,0,0,0,0,true,,false,false,true,false,false,,,,,,false,false,false,,,false,false,false,false,false,-83.08475,42.33789,"{
  ""coordinates"": [
    -8.308474544300000e+01,
    4.233789425500000e+01
  ],
  ""type"": ""Point""
}","{
  ""coordinates"": [
    -83.084745443,
    42.337894255
  ],
  ""type"": ""Point""
}",-83.084745443,42.337894255
15319,1044245,I-94,LIVERNOIS,2017-05-22,22,5,2017,18,2,5,1,,1,0,,1,1,1,55,3,4,4,4,0,0,0,2,false,,false,false,false,false,false,,,,,,false,false,false,,,false,false,false,false,false,-83.12321,42.33798,"{
  ""coordinates"": [
    -8.312321612100000e+01,
    4.233798331000000e+01
  ],
  ""type"": ""Point""
}","{
  ""coordinates"": [
    -83.123216121,
    42.33798331
  ],
  ""type"": ""Point""
}",-83.123216121,42.33798331
15320,1067907,JOHN R,WARREN,2017-05-22,22,5,2017,14,2,5,9,,4,0,,1,1,1,35,2,2,3,5,0,0,0,0,true,,false,false,true,false,false,,,,,,false,false,true,,,false,false,false,false,false,-83.06208,42.3576,"{
  ""coordinates"": [
    -8.306208310999990e+01,
    4.235759727800010e+01
  ],
  ""type"": ""Point""
}","{
  ""coordinates"": [
    -83.06208311,
    42.357597278
  ],
  ""type"": ""Point""
}",-83.0620831099999,42.3575972780001
15321,1035082,DAVISON,KLINGER,2017-05-22,22,5,2017,3,2,5,3,,1,0,,1,1,3,35,4,2,2,5,0,0,0,0,true,,false,false,false,false,false,,,,,,false,false,false,,,false,false,false,false,false,-83.06329,42.41485,"{
  ""coordinates"": [
    -8.306329196800000e+01,
    4.241484801900000e+01
  ],
  ""type"": ""Point""
}","{
  ""coordinates"": [
    -83.063291968,
    42.414848019
  ],
  ""type"": ""Point""
}",-83.063291968,42.414848019
15322,1035058,GRATIOT,LUDDEN,2017-05-22,22,5,2017,2,2,8,3,,1,0,,1,1,4,35,7,2,1,5,0,0,0,0,true,,false,false,true,false,false,,,,,,false,false,false,,,false,false,false,false,false,-83.02849,42.35793,"{
  ""coordinates"": [
    -8.302848520100000e+01,
    4.235793170500010e+01
  ],
  ""type"": ""Point""
}","{
  ""coordinates"": [
    -83.028485201,
    42.357931705
  ],
  ""type"": ""Point""
}",-83.028485201,42.3579317050001
15323,1036052,MORAN,MEDBURY,2017-05-22,22,5,2017,9,2,2,9,,,2,,1,1,1,25,2,2,1,5,0,0,0,0,true,,false,false,false,false,false,,,,,,false,false,false,,,false,true,false,false,false,-83.03693,42.37671,"{
  ""coordinates"": [
    -8.303692398999991e+01,
    4.237670915800000e+01
  ],
  ""type"": ""Point""
}","{
  ""coordinates"": [
    -83.03692399,
    42.376709158
  ],
  ""type"": ""Point""
}",-83.0369239899999,42.376709158
15324,1036030,BARTON,LIVERNOIS,2017-05-22,22,5,2017,17,2,97,9,,,0,,1,1,1,25,2,3,1,5,0,0,0,0,true,,false,false,false,false,false,,,,,,false,false,false,,,false,false,false,false,false,-83.13717,42.34964,"{
  ""coordinates"": [
    -8.313717250500000e+01,
    4.234963867300010e+01
  ],
  ""type"": ""Point""
}","{
  ""coordinates"": [
    -83.137172505,
    42.349638673
  ],
  ""type"": ""Point""
}",-83.137172505,42.3496386730001
15325,1036066,GRATIOT,YOUNG,2017-05-22,22,5,2017,16,2,97,3,,1,0,,1,1,1,35,7,3,6,5,0,0,0,0,true,,false,false,false,false,false,,,,,,false,false,true,,,false,false,false,false,false,-82.98505,42.42391,"{
  ""coordinates"": [
    -8.298505582900000e+01,
    4.242391379300010e+01
  ],
  ""type"": ""Point""
}","{
  ""coordinates"": [
    -82.985055829,
    42.423913793
  ],
  ""type"": ""Point""
}",-82.985055829,42.4239137930001
15326,1036050,GRATIOT,MELDRUM,2017-05-22,22,5,2017,17,2,97,3,,1,0,,1,2,1,30,9,1,1,5,0,0,0,0,true,,false,false,false,false,false,,,,,,false,false,false,,,false,false,false,false,false,-83.02297,42.36634,"{
  ""coordinates"": [
    -8.302296956799999e+01,
    4.236633757900010e+01
  ],
  ""type"": ""Point""
}","{
  ""coordinates"": [
    -83.022969568,
    42.366337579
  ],
  ""type"": ""Point""
}",-83.022969568,42.3663375790001
15327,1036804,GREENFIELD,PURITAN,2017-05-22,22,5,2017,16,2,3,9,,2,0,,1,1,1,35,5,2,4,4,0,0,0,4,false,,false,false,false,false,false,,,,,,false,false,true,,,false,false,false,false,false,-83.19901,42.40876,"{
  ""coordinates"": [
    -8.319901260099989e+01,
    4.240875909900010e+01
  ],
  ""type"": ""Point""
}","{
  ""coordinates"": [
    -83.199012601,
    42.408759099
  ],
  ""type"": ""Point""
}",-83.1990126009999,42.4087590990001
15328,1036032,LODGE SERVICE,GRAND,2017-05-22,22,5,2017,7,2,5,9,,4,0,,1,2,1,35,3,2,1,5,0,0,0,0,true,,false,false,true,false,false,,,,,,false,false,false,,,false,false,false,false,false,-83.0677,42.34334,"{
  ""coordinates"": [
    -8.306770328399990e+01,
    4.234334361500000e+01
  ],
  ""type"": ""Point""
}","{
  ""coordinates"": [
    -83.067703284,
    42.343343615
  ],
  ""type"": ""Point""
}",-83.0677032839999,42.343343615
15329,1039545,DAVISON,14TH,2017-05-22,22,5,2017,15,2,4,3,,1,0,,1,1,1,35,7,2,2,3,0,0,1,0,false,,false,false,false,false,false,,,,,,false,false,false,,,false,false,false,false,false,-83.11614,42.39521,"{
  ""coordinates"": [
    -8.311614009399990e+01,
    4.239520614900000e+01
  ],
  ""type"": ""Point""
}","{
  ""coordinates"": [
    -83.116140094,
    42.395206149
  ],
  ""type"": ""Point""
}",-83.1161400939999,42.395206149
15330,1036788,HARPER,BISHOP,2017-05-22,22,5,2017,2,2,1,9,,4,1,,1,1,4,30,4,1,1,1,1,0,0,0,false,,false,false,false,true,true,,,,,,false,false,false,,,false,false,false,false,false,-82.93946,42.41461,"{
  ""coordinates"": [
    -8.293946416599989e+01,
    4.241461126200010e+01
  ],
  ""type"": ""Point""
}","{
  ""coordinates"": [
    -82.939464166,
    42.414611262
  ],
  ""type"": ""Point""
}",-82.9394641659999,42.4146112620001
15331,1041358,I-94,I-96,2017-05-22,22,5,2017,17,2,5,1,,1,0,,1,1,1,55,3,2,2,5,0,0,0,0,true,,false,false,false,false,false,,,,,,false,true,true,,,false,false,false,false,false,-83.09805,42.35057,"{
  ""coordinates"": [
    -8.309805068700000e+01,
    4.235057418900000e+01
  ],
  ""type"": ""Point""
}","{
  ""coordinates"": [
    -83.098050687,
    42.350574189
  ],
  ""type"": ""Point""
}",-83.098050687,42.350574189
15332,1036033,3RD,VIRGINIA PARK,2017-05-22,22,5,2017,4,2,4,9,,4,0,,1,1,4,25,2,2,1,5,0,0,0,0,true,,false,false,true,false,false,,,,,,false,false,false,,,false,false,false,false,false,-83.08345,42.37426,"{
  ""coordinates"": [
    -8.308345365400000e+01,
    4.237426263900010e+01
  ],
  ""type"": ""Point""
}","{
  ""coordinates"": [
    -83.083453654,
    42.374262639
  ],
  ""type"": ""Point""
}",-83.083453654,42.3742626390001
15333,1036789,MOROSS,E I 94,2017-05-22,22,5,2017,11,2,6,9,,2,0,,1,1,1,35,3,2,3,5,0,0,0,0,true,,false,false,false,false,false,,,,,,false,false,true,,,false,false,false,false,false,-82.92877,42.42441,"{
  ""coordinates"": [
    -8.292877127500000e+01,
    4.242440781900010e+01
  ],
  ""type"": ""Point""
}","{
  ""coordinates"": [
    -82.928771275,
    42.424407819
  ],
  ""type"": ""Point""
}",-82.928771275,42.4244078190001
15334,1040597,I-94 W/B,M-10,2017-05-22,22,5,2017,0,2,5,1,,1,0,,1,1,4,55,3,2,1,5,0,0,0,0,true,,false,false,true,false,false,,,,,,false,false,false,,,false,false,false,false,false,-83.07246,42.36176,"{
  ""coordinates"": [
    -8.307245726600000e+01,
    4.236175353500000e+01
  ],
  ""type"": ""Point""
}","{
  ""coordinates"": [
    -83.072457266,
    42.361753535
  ],
  ""type"": ""Point""
}",-83.072457266,42.361753535
15335,1038616,PENROD,WHITLOCK,2017-05-22,22,5,2017,14,2,8,9,,,0,,1,1,1,30,3,2,1,5,0,0,0,0,true,,false,false,false,false,false,,,,,,false,false,true,,,false,false,false,false,false,-83.21938,42.33834,"{
  ""coordinates"": [
    -8.321938335999990e+01,
    4.233833955600010e+01
  ],
  ""type"": ""Point""
}","{
  ""coordinates"": [
    -83.21938336,
    42.338339556
  ],
  ""type"": ""Point""
}",-83.2193833599999,42.3383395560001