ObjectId,Crash ID,Primary Road,Intersecting Road,Crash Date,Day,Month,Year,Hour,Weekday,Crash Type Code,Highway Classification Code,Community Code,Jurisdiction Code,Lane Departure Type Code,Surface Type,Road Condition,Weather Condition,Lighting Condition,Speed Limit,Lanes,Units,Occupants,Most Severe Injury,Fatal Injuries,Suspected Serious Injuries,Suspected Minor Injuries,Possible Injuries,Property Damage Only,Secondary Crash,Traffic Control,Red Light Run,Hit and Run,Alcohol,Drugs,Unbelted Person,Work Zone,Speeding Driver,Distracted Driver,Driveway,Pedestrian,Elderly Driver,Young Driver,Commercial Vehicle,Emergency Vehicles,Train,School Bus,Motorcycle,Bicycle,Deer,Longitude,Latitude,geom,geog,x,y
15336,1039497,RAMP 041D,RAMP 041E,2017-05-22,22,5,2017,1,2,1,1,,1,1,,1,1,4,55,2,1,1,3,0,0,1,0,false,,false,false,false,false,false,,,,,,false,true,false,,,false,false,false,false,false,-83.042,42.34369,"{
  ""coordinates"": [
    -8.304200132200000e+01,
    4.234368927200010e+01
  ],
  ""type"": ""Point""
}","{
  ""coordinates"": [
    -83.042001322,
    42.343689272
  ],
  ""type"": ""Point""
}",-83.042001322,42.3436892720001
15337,1111516,RUSSELL,GRATIOT,2017-05-22,22,5,2017,17,2,8,3,,4,3,,1,1,1,30,2,2,0,5,0,0,0,0,true,,false,false,true,false,false,,,,,,false,false,true,,,false,false,false,false,false,-83.03871,42.34361,"{
  ""coordinates"": [
    -8.303871135299990e+01,
    4.234360393500000e+01
  ],
  ""type"": ""Point""
}","{
  ""coordinates"": [
    -83.038711353,
    42.343603935
  ],
  ""type"": ""Point""
}",-83.0387113529999,42.343603935
15338,1039506,I-94,I-75,2017-05-22,22,5,2017,0,2,5,1,,1,0,,1,2,4,55,3,2,1,5,0,0,0,0,true,,false,false,true,false,false,,,,,,false,false,false,,,false,false,false,false,false,-83.0584,42.3682,"{
  ""coordinates"": [
    -8.305840558300000e+01,
    4.236820135000000e+01
  ],
  ""type"": ""Point""
}","{
  ""coordinates"": [
    -83.058405583,
    42.36820135
  ],
  ""type"": ""Point""
}",-83.058405583,42.36820135
15339,1036778,CADILLAC,RANDOLPH,2017-05-22,22,5,2017,20,2,8,3,,4,0,,1,1,1,25,2,2,2,5,0,0,0,0,true,,false,false,false,false,false,,,,,,false,false,false,,,false,false,false,false,false,-83.04362,42.33172,"{
  ""coordinates"": [
    -8.304362557400000e+01,
    4.233172381600010e+01
  ],
  ""type"": ""Point""
}","{
  ""coordinates"": [
    -83.043625574,
    42.331723816
  ],
  ""type"": ""Point""
}",-83.043625574,42.3317238160001
15340,1039509,N M 10,N I 75,2017-05-22,22,5,2017,3,2,8,3,,1,0,,1,2,4,55,3,2,2,5,0,0,0,0,true,,false,false,true,false,false,,,,,,false,false,false,,,false,false,false,false,false,-83.06409,42.33512,"{
  ""coordinates"": [
    -8.306408403099989e+01,
    4.233512529900000e+01
  ],
  ""type"": ""Point""
}","{
  ""coordinates"": [
    -83.064084031,
    42.335125299
  ],
  ""type"": ""Point""
}",-83.0640840309999,42.335125299
15341,1036037,MCGRAW,HOMEDALE,2017-05-22,22,5,2017,12,2,8,9,,4,0,,1,1,1,30,4,3,2,5,0,0,0,0,true,,false,false,true,false,false,,,,,,false,false,true,,,false,false,false,false,false,-83.15344,42.33041,"{
  ""coordinates"": [
    -8.315344053900000e+01,
    4.233040601900010e+01
  ],
  ""type"": ""Point""
}","{
  ""coordinates"": [
    -83.153440539,
    42.330406019
  ],
  ""type"": ""Point""
}",-83.153440539,42.3304060190001
15342,1038619,CONSTANCE,WARWICK,2017-05-22,22,5,2017,21,2,5,9,,,0,,98,98,3,25,2,2,4,5,0,0,0,0,true,,false,false,false,false,false,,,,,,false,false,false,,,false,false,false,false,false,-83.22702,42.35409,"{
  ""coordinates"": [
    -8.322702393100001e+01,
    4.235408682200010e+01
  ],
  ""type"": ""Point""
}","{
  ""coordinates"": [
    -83.227023931,
    42.354086822
  ],
  ""type"": ""Point""
}",-83.227023931,42.3540868220001
15343,1103187,ATKINSON,JOHN C,2017-05-22,22,5,2017,13,2,5,9,,,0,,1,1,1,25,2,2,3,5,0,0,0,0,true,,false,false,true,false,false,,,,,,false,false,false,,,false,false,false,false,false,-83.09145,42.38037,"{
  ""coordinates"": [
    -8.309145277700000e+01,
    4.238036943400000e+01
  ],
  ""type"": ""Point""
}","{
  ""coordinates"": [
    -83.091452777,
    42.380369434
  ],
  ""type"": ""Point""
}",-83.091452777,42.380369434
15344,1036042,SCHAEFER,BEATRICE,2017-05-22,22,5,2017,13,2,97,9,,2,0,,1,1,1,35,4,3,3,4,0,0,0,1,false,,false,false,false,false,false,,,,,,false,false,false,,,false,false,false,false,false,-83.14908,42.27494,"{
  ""coordinates"": [
    -8.314907739700000e+01,
    4.227494473200010e+01
  ],
  ""type"": ""Point""
}","{
  ""coordinates"": [
    -83.149077397,
    42.274944732
  ],
  ""type"": ""Point""
}",-83.149077397,42.2749447320001
15345,1036805,STATE FAIR,BOULDER,2017-05-22,22,5,2017,22,2,4,9,,5,0,,1,1,4,30,3,2,1,5,0,0,0,0,true,,true,false,true,false,false,,,,,,false,false,false,,,false,false,false,false,false,-82.95352,42.44291,"{
  ""coordinates"": [
    -8.295351957699999e+01,
    4.244290968800000e+01
  ],
  ""type"": ""Point""
}","{
  ""coordinates"": [
    -82.953519577,
    42.442909688
  ],
  ""type"": ""Point""
}",-82.953519577,42.442909688
15346,1041345,S/B M 39,PAUL,2017-05-22,22,5,2017,16,2,5,3,,1,0,,1,1,1,55,3,5,5,5,0,0,0,0,true,,false,false,false,false,false,,,,,,false,false,true,,,false,false,false,false,false,-83.21589,42.33324,"{
  ""coordinates"": [
    -8.321588774199989e+01,
    4.233323881600010e+01
  ],
  ""type"": ""Point""
}","{
  ""coordinates"": [
    -83.215887742,
    42.333238816
  ],
  ""type"": ""Point""
}",-83.2158877419999,42.3332388160001
15347,1039563,CULVER,MARCUS,2017-05-22,22,5,2017,3,2,5,9,,,0,,2,4,4,25,2,2,0,5,0,0,0,0,true,,false,false,true,false,false,,,,,,false,false,false,,,false,false,false,false,false,-83.00765,42.39709,"{
  ""coordinates"": [
    -8.300765031600000e+01,
    4.239708657500010e+01
  ],
  ""type"": ""Point""
}","{
  ""coordinates"": [
    -83.007650316,
    42.397086575
  ],
  ""type"": ""Point""
}",-83.007650316,42.3970865750001
15348,1050701,W I 94,CONNER,2017-05-22,22,5,2017,16,2,5,1,,1,0,,1,1,1,25,1,2,2,5,0,0,0,0,true,,false,false,false,false,false,,,,,,false,true,false,,,false,false,false,false,false,-82.98926,42.39553,"{
  ""coordinates"": [
    -8.298925909899999e+01,
    4.239553233900010e+01
  ],
  ""type"": ""Point""
}","{
  ""coordinates"": [
    -82.989259099,
    42.395532339
  ],
  ""type"": ""Point""
}",-82.989259099,42.3955323390001
15349,1036027,7 MILE,EVERGREEN,2017-05-22,22,5,2017,10,2,5,9,,2,0,,1,1,1,30,5,2,2,5,0,0,0,0,true,,false,false,false,false,false,,,,,,false,false,false,,,false,false,false,false,false,-83.23896,42.42958,"{
  ""coordinates"": [
    -8.323895976599989e+01,
    4.242957612000000e+01
  ],
  ""type"": ""Point""
}","{
  ""coordinates"": [
    -83.238959766,
    42.42957612
  ],
  ""type"": ""Point""
}",-83.2389597659999,42.42957612
15350,1038602,LOVETTE,RICH,2017-05-22,22,5,2017,16,2,1,9,,,1,,1,1,1,25,2,1,1,5,0,0,0,0,true,,false,false,false,false,false,,,,,,false,false,true,,,false,false,false,false,false,-83.10843,42.33893,"{
  ""coordinates"": [
    -8.310842635300000e+01,
    4.233892653900010e+01
  ],
  ""type"": ""Point""
}","{
  ""coordinates"": [
    -83.108426353,
    42.338926539
  ],
  ""type"": ""Point""
}",-83.108426353,42.3389265390001
15351,1036741,I-75,DAVISON,2017-05-22,22,5,2017,18,2,1,1,,1,1,,1,1,1,70,4,1,1,4,0,0,0,1,false,,false,false,false,false,false,,,,,,false,false,false,,,false,false,false,false,false,-83.07909,42.40851,"{
  ""coordinates"": [
    -8.307908317600000e+01,
    4.240850794600000e+01
  ],
  ""type"": ""Point""
}","{
  ""coordinates"": [
    -83.079083176,
    42.408507946
  ],
  ""type"": ""Point""
}",-83.079083176,42.408507946
15352,1038613,PENROD,PAUL,2017-05-22,22,5,2017,18,2,1,9,,,1,,1,1,1,25,2,1,1,3,0,0,1,0,false,,false,false,false,false,false,,,,,,false,false,true,,,false,false,false,false,false,-83.21932,42.33664,"{
  ""coordinates"": [
    -8.321932422499999e+01,
    4.233664261700010e+01
  ],
  ""type"": ""Point""
}","{
  ""coordinates"": [
    -83.219324225,
    42.336642617
  ],
  ""type"": ""Point""
}",-83.219324225,42.3366426170001
15353,1036029,TELEGRAPH,GRAND RIVER,2017-05-22,22,5,2017,11,2,8,2,,1,0,,1,1,1,45,4,2,2,5,0,0,0,0,true,,false,false,false,false,false,,,,,,false,true,false,,,false,false,false,false,false,-83.27737,42.42425,"{
  ""coordinates"": [
    -8.327736297000000e+01,
    4.242425140800000e+01
  ],
  ""type"": ""Point""
}","{
  ""coordinates"": [
    -83.27736297,
    42.424251408
  ],
  ""type"": ""Point""
}",-83.27736297,42.424251408
15354,1036783,MARTIN LUTHER KING,HUBBARD,2017-05-22,22,5,2017,17,2,1,9,,4,1,,1,1,1,25,4,1,1,5,0,0,0,0,true,,false,false,true,false,false,,,,,,false,false,true,,,false,false,false,false,false,-83.09975,42.33344,"{
  ""coordinates"": [
    -8.309975812800000e+01,
    4.233343955500000e+01
  ],
  ""type"": ""Point""
}","{
  ""coordinates"": [
    -83.099758128,
    42.333439555
  ],
  ""type"": ""Point""
}",-83.099758128,42.333439555
15355,1036756,M-39,WARREN,2017-05-22,22,5,2017,16,2,5,3,,1,0,,1,1,1,55,3,2,3,4,0,0,0,1,false,,false,false,false,false,false,,,,,,false,false,false,,,false,false,false,false,false,-83.21629,42.34482,"{
  ""coordinates"": [
    -8.321628301299999e+01,
    4.234481962200000e+01
  ],
  ""type"": ""Point""
}","{
  ""coordinates"": [
    -83.216283013,
    42.344819622
  ],
  ""type"": ""Point""
}",-83.216283013,42.344819622
15356,1038611,RAMP 220D,NORTH/SOUTH CONNER CUTOFF,2017-05-22,22,5,2017,16,2,5,1,,1,0,,1,1,1,25,2,2,2,5,0,0,0,0,true,,false,false,false,false,false,,,,,,false,true,false,,,false,false,false,false,false,-82.98641,42.39512,"{
  ""coordinates"": [
    -8.298641364799990e+01,
    4.239512255200000e+01
  ],
  ""type"": ""Point""
}","{
  ""coordinates"": [
    -82.986413648,
    42.395122552
  ],
  ""type"": ""Point""
}",-82.9864136479999,42.395122552
15357,1036794,PLAINVIEW,CATHEDRAL,2017-05-22,22,5,2017,22,2,2,9,,,2,,1,1,5,25,2,3,1,3,0,0,1,0,false,,false,false,false,true,false,,,,,,false,false,false,,,false,false,false,false,false,-83.23477,42.36074,"{
  ""coordinates"": [
    -8.323476882400000e+01,
    4.236073571800010e+01
  ],
  ""type"": ""Point""
}","{
  ""coordinates"": [
    -83.234768824,
    42.360735718
  ],
  ""type"": ""Point""
}",-83.234768824,42.3607357180001
15358,1040639,GRATIOT,GRAND,2017-05-22,22,5,2017,15,2,5,3,,1,0,,1,1,1,35,9,2,2,4,0,0,0,1,false,,false,false,false,false,false,,,,,,false,false,false,,,false,false,false,false,false,-83.01859,42.37296,"{
  ""coordinates"": [
    -8.301858519099990e+01,
    4.237295883500010e+01
  ],
  ""type"": ""Point""
}","{
  ""coordinates"": [
    -83.018585191,
    42.372958835
  ],
  ""type"": ""Point""
}",-83.0185851909999,42.3729588350001
15359,1040528,RAMP 102D,8 MILE SERVICE DRIVE,2017-05-21,21,5,2017,18,1,8,3,,1,0,,1,1,1,55,1,2,3,5,0,0,0,0,true,,false,false,true,false,false,,,,,,false,true,false,,,false,false,false,false,false,-83.20279,42.44449,"{
  ""coordinates"": [
    -8.320278759900000e+01,
    4.244448956000010e+01
  ],
  ""type"": ""Point""
}","{
  ""coordinates"": [
    -83.202787599,
    42.44448956
  ],
  ""type"": ""Point""
}",-83.202787599,42.4444895600001
15360,1034969,I 94,SCOTTEN,2017-05-21,21,5,2017,1,1,1,1,,1,1,,2,4,4,55,3,1,1,4,0,0,0,1,false,,false,false,false,false,false,,,,,,false,false,true,,,false,false,false,false,false,-83.11152,42.34608,"{
  ""coordinates"": [
    -8.311151596099999e+01,
    4.234608052300010e+01
  ],
  ""type"": ""Point""
}","{
  ""coordinates"": [
    -83.111515961,
    42.346080523
  ],
  ""type"": ""Point""
}",-83.111515961,42.3460805230001
15361,1038439,I-75,8 MILE,2017-05-21,21,5,2017,4,1,1,1,,1,1,,2,4,4,70,4,1,1,5,0,0,0,0,true,,false,false,false,false,false,,,,,,false,false,false,,,false,false,false,false,false,-83.09489,42.44609,"{
  ""coordinates"": [
    -8.309488810300000e+01,
    4.244608851500000e+01
  ],
  ""type"": ""Point""
}","{
  ""coordinates"": [
    -83.094888103,
    42.446088515
  ],
  ""type"": ""Point""
}",-83.094888103,42.446088515
15362,1036044,EWALD,SCHOOLCRAFT,2017-05-21,21,5,2017,23,1,5,9,,4,0,,1,1,4,0,2,3,0,5,0,0,0,0,true,,false,false,false,false,false,,,,,,false,false,false,,,false,false,false,false,false,-83.14533,42.38905,"{
  ""coordinates"": [
    -8.314532862100000e+01,
    4.238904516200010e+01
  ],
  ""type"": ""Point""
}","{
  ""coordinates"": [
    -83.145328621,
    42.389045162
  ],
  ""type"": ""Point""
}",-83.145328621,42.3890451620001
15363,1035052,6 MILE,GRANDRIVER,2017-05-21,21,5,2017,17,1,5,3,,2,0,,2,1,1,0,2,2,2,5,0,0,0,0,true,,false,false,false,false,false,,,,,,false,false,false,,,false,false,false,false,false,-83.2533,42.41468,"{
  ""coordinates"": [
    -8.325330580000001e+01,
    4.241467484200010e+01
  ],
  ""type"": ""Point""
}","{
  ""coordinates"": [
    -83.2533058,
    42.414674842
  ],
  ""type"": ""Point""
}",-83.2533058,42.4146748420001
15364,1046539,W/B I-96,JOY,2017-05-21,21,5,2017,4,1,8,1,,1,0,,2,4,4,70,4,3,3,4,0,0,0,1,false,,false,false,false,false,false,,,,,,false,false,true,,,false,false,false,false,false,-83.13083,42.36441,"{
  ""coordinates"": [
    -8.313082556099990e+01,
    4.236441542400010e+01
  ],
  ""type"": ""Point""
}","{
  ""coordinates"": [
    -83.130825561,
    42.364415424
  ],
  ""type"": ""Point""
}",-83.1308255609999,42.3644154240001
15365,1036041,FORT,N I 75/N M 85,2017-05-21,21,5,2017,3,1,1,3,,1,1,,2,4,4,35,6,2,0,1,1,0,0,0,false,,false,false,true,false,true,,,,,,true,false,false,,,false,false,false,false,false,-83.15768,42.27377,"{
  ""coordinates"": [
    -8.315767764299990e+01,
    4.227376961300010e+01
  ],
  ""type"": ""Point""
}","{
  ""coordinates"": [
    -83.157677643,
    42.273769613
  ],
  ""type"": ""Point""
}",-83.1576776429999,42.2737696130001
15366,1057212,I-94,I-75,2017-05-21,21,5,2017,13,1,1,1,,1,1,,2,4,1,55,1,1,1,5,0,0,0,0,true,,false,false,false,false,false,,,,,,false,false,true,,,false,false,false,false,false,-83.05951,42.36781,"{
  ""coordinates"": [
    -8.305951264200000e+01,
    4.236780612700010e+01
  ],
  ""type"": ""Point""
}","{
  ""coordinates"": [
    -83.059512642,
    42.367806127
  ],
  ""type"": ""Point""
}",-83.059512642,42.3678061270001
15367,1309679,HOOVER,7 MILE,2017-05-21,21,5,2017,7,1,4,3,,1,0,,1,1,1,35,2,2,2,5,0,0,0,0,true,,false,false,false,false,false,,,,,,false,false,false,,,false,false,false,false,false,-83.00469,42.43462,"{
  ""coordinates"": [
    -8.300469384699990e+01,
    4.243462085700000e+01
  ],
  ""type"": ""Point""
}","{
  ""coordinates"": [
    -83.004693847,
    42.434620857
  ],
  ""type"": ""Point""
}",-83.0046938469999,42.434620857
15368,1036748,I 75,CLAY,2017-05-21,21,5,2017,15,1,5,1,,1,0,,2,4,1,55,4,2,2,5,0,0,0,0,true,,false,false,false,false,false,,,,,,false,false,false,,,false,false,false,false,false,-83.06268,42.37805,"{
  ""coordinates"": [
    -8.306268424099990e+01,
    4.237804753000010e+01
  ],
  ""type"": ""Point""
}","{
  ""coordinates"": [
    -83.062684241,
    42.37804753
  ],
  ""type"": ""Point""
}",-83.0626842409999,42.3780475300001
15369,1042250,I-96,GREENFIELD,2017-05-21,21,5,2017,17,1,5,1,,1,0,,2,4,1,0,2,2,2,5,0,0,0,0,true,,false,false,true,false,false,,,,,,false,false,false,,,false,false,false,false,false,-83.1983,42.37924,"{
  ""coordinates"": [
    -8.319830583000000e+01,
    4.237924053600010e+01
  ],
  ""type"": ""Point""
}","{
  ""coordinates"": [
    -83.19830583,
    42.379240536
  ],
  ""type"": ""Point""
}",-83.19830583,42.3792405360001
15370,1046527,I-94,CHALMERS,2017-05-21,21,5,2017,18,1,8,1,,1,0,,2,3,1,55,3,2,3,5,0,0,0,0,true,,false,false,false,false,false,,,,,,false,false,false,,,false,false,false,false,false,-82.96395,42.40393,"{
  ""coordinates"": [
    -8.296395004599999e+01,
    4.240393298100000e+01
  ],
  ""type"": ""Point""
}","{
  ""coordinates"": [
    -82.963950046,
    42.403932981
  ],
  ""type"": ""Point""
}",-82.963950046,42.403932981
15371,1051612,RUNYON,7 MILE,2017-05-21,21,5,2017,18,1,98,9,,,0,,98,98,98,25,2,2,0,5,0,0,0,0,true,,false,false,true,false,false,,,,,,true,false,false,,,false,false,false,false,false,-83.00684,42.43576,"{
  ""coordinates"": [
    -8.300684565800000e+01,
    4.243576081300010e+01
  ],
  ""type"": ""Point""
}","{
  ""coordinates"": [
    -83.006845658,
    42.435760813
  ],
  ""type"": ""Point""
}",-83.006845658,42.4357608130001
15372,1033936,WOODWARD,MT VERNON,2017-05-21,21,5,2017,3,1,8,3,,1,0,,2,4,4,35,7,2,4,5,0,0,0,0,true,,false,false,false,false,false,,,,,,false,false,false,,,false,false,false,false,false,-83.07677,42.37544,"{
  ""coordinates"": [
    -8.307676424700000e+01,
    4.237543850200010e+01
  ],
  ""type"": ""Point""
}","{
  ""coordinates"": [
    -83.076764247,
    42.375438502
  ],
  ""type"": ""Point""
}",-83.076764247,42.3754385020001
15373,1051577,MCCORMICK,DUPREY,2017-05-21,21,5,2017,23,1,1,9,,,1,,1,1,4,25,2,1,2,5,0,0,0,0,true,,false,false,false,false,false,,,,,,false,false,true,,,false,false,false,false,false,-82.92867,42.42563,"{
  ""coordinates"": [
    -8.292867067700000e+01,
    4.242563189800010e+01
  ],
  ""type"": ""Point""
}","{
  ""coordinates"": [
    -82.928670677,
    42.425631898
  ],
  ""type"": ""Point""
}",-82.928670677,42.4256318980001
15374,1042206,S M 10,RAMP 110B,2017-05-21,21,5,2017,14,1,5,3,,1,0,,1,1,1,55,4,3,4,5,0,0,0,0,true,,false,false,false,false,false,,,,,,false,false,true,,,false,false,false,false,false,-83.10574,42.39259,"{
  ""coordinates"": [
    -8.310574208000000e+01,
    4.239259383000010e+01
  ],
  ""type"": ""Point""
}","{
  ""coordinates"": [
    -83.10574208,
    42.39259383
  ],
  ""type"": ""Point""
}",-83.10574208,42.3925938300001
15375,1036740,I-96,M-39,2017-05-21,21,5,2017,6,1,1,1,,1,1,,2,4,1,55,2,1,1,3,0,0,1,0,false,,false,false,false,false,false,,,,,,false,false,true,,,false,false,false,false,false,-83.21749,42.37881,"{
  ""coordinates"": [
    -8.321749457600001e+01,
    4.237880651100010e+01
  ],
  ""type"": ""Point""
}","{
  ""coordinates"": [
    -83.217494576,
    42.378806511
  ],
  ""type"": ""Point""
}",-83.217494576,42.3788065110001
15376,1036043,MICHIGAN,HARRISON,2017-05-21,21,5,2017,16,1,8,2,,1,0,,1,1,1,35,5,2,1,5,0,0,0,0,true,,false,false,false,false,false,,,,,,false,false,false,,,false,false,false,false,false,-83.07055,42.33141,"{
  ""coordinates"": [
    -8.307054853299999e+01,
    4.233140401600010e+01
  ],
  ""type"": ""Point""
}","{
  ""coordinates"": [
    -83.070548533,
    42.331404016
  ],
  ""type"": ""Point""
}",-83.070548533,42.3314040160001
15377,1035047,FORRER,MAJESTIC,2017-05-21,21,5,2017,3,1,1,9,,,1,,2,4,4,25,2,1,1,5,0,0,0,0,true,,false,false,false,false,false,,,,,,false,false,false,,,false,false,false,false,false,-83.20004,42.34605,"{
  ""coordinates"": [
    -8.320003776199999e+01,
    4.234605060600010e+01
  ],
  ""type"": ""Point""
}","{
  ""coordinates"": [
    -83.200037762,
    42.346050606
  ],
  ""type"": ""Point""
}",-83.200037762,42.3460506060001
15378,1035088,ORLEANS,LANTZ,2017-05-21,21,5,2017,15,1,8,9,,,0,,2,4,1,25,2,2,0,5,0,0,0,0,true,,false,false,true,false,false,,,,,,false,false,false,,,false,false,false,false,false,-83.08548,42.43787,"{
  ""coordinates"": [
    -8.308547796100000e+01,
    4.243786430900010e+01
  ],
  ""type"": ""Point""
}","{
  ""coordinates"": [
    -83.085477961,
    42.437864309
  ],
  ""type"": ""Point""
}",-83.085477961,42.4378643090001
15379,1036045,VERNOR,SPRINGWELLS,2017-05-21,21,5,2017,2,1,9,9,,4,0,,2,4,4,35,2,2,1,5,0,0,0,0,true,,false,false,true,false,false,,,,,,false,false,true,,,false,false,false,false,false,-83.12711,42.31149,"{
  ""coordinates"": [
    -8.312710307799991e+01,
    4.231148881400000e+01
  ],
  ""type"": ""Point""
}","{
  ""coordinates"": [
    -83.127103078,
    42.311488814
  ],
  ""type"": ""Point""
}",-83.1271030779999,42.311488814
15380,1036750,I-96,MENDOTA,2017-05-21,21,5,2017,15,1,1,9,,4,1,,2,4,1,70,3,1,1,5,0,0,0,0,true,,false,false,false,false,false,,,,,,false,false,false,,,false,false,false,false,false,-83.16415,42.38482,"{
  ""coordinates"": [
    -8.316414520399999e+01,
    4.238481762700010e+01
  ],
  ""type"": ""Point""
}","{
  ""coordinates"": [
    -83.164145204,
    42.384817627
  ],
  ""type"": ""Point""
}",-83.164145204,42.3848176270001
15381,1035024,I-96,GREENFIELD,2017-05-21,21,5,2017,8,1,1,1,,1,1,,2,4,1,55,4,1,1,5,0,0,0,0,true,,false,false,false,false,false,,,,,,false,false,true,,,false,false,false,false,false,-83.19767,42.37924,"{
  ""coordinates"": [
    -8.319766795000000e+01,
    4.237924223200010e+01
  ],
  ""type"": ""Point""
}","{
  ""coordinates"": [
    -83.19766795,
    42.379242232
  ],
  ""type"": ""Point""
}",-83.19766795,42.3792422320001
15382,1043144,M-10,WYOMING,2017-05-21,21,5,2017,1,1,1,3,,1,1,,1,2,4,55,3,1,2,4,0,0,0,1,false,,false,false,false,false,false,,,,,,false,false,true,,,false,false,false,false,false,-83.16161,42.40623,"{
  ""coordinates"": [
    -8.316161424300000e+01,
    4.240623206000000e+01
  ],
  ""type"": ""Point""
}","{
  ""coordinates"": [
    -83.161614243,
    42.40623206
  ],
  ""type"": ""Point""
}",-83.161614243,42.40623206
15383,1035087,ALDEN,PURITAN,2017-05-21,21,5,2017,0,1,9,9,,,0,,1,1,4,25,1,2,0,5,0,0,0,0,true,,false,false,false,false,false,,,,,,false,false,false,,,false,false,false,false,false,-83.13069,42.41003,"{
  ""coordinates"": [
    -8.313069474100000e+01,
    4.241002602900010e+01
  ],
  ""type"": ""Point""
}","{
  ""coordinates"": [
    -83.130694741,
    42.410026029
  ],
  ""type"": ""Point""
}",-83.130694741,42.4100260290001
15384,1054978,I-94,CONCORD,2017-05-21,21,5,2017,15,1,5,1,,1,0,,2,4,1,55,3,2,9,4,0,0,0,1,false,,false,false,false,false,false,,,,,,false,false,false,,,false,false,false,false,false,-83.03103,42.38219,"{
  ""coordinates"": [
    -8.303103031700000e+01,
    4.238219373100000e+01
  ],
  ""type"": ""Point""
}","{
  ""coordinates"": [
    -83.031030317,
    42.382193731
  ],
  ""type"": ""Point""
}",-83.031030317,42.382193731
15385,1036746,RAMP 3215F,M-10,2017-05-21,21,5,2017,13,1,1,1,,1,1,,1,2,1,55,1,1,1,5,0,0,0,0,true,,false,false,false,false,false,,,,,,false,false,false,,,false,false,false,false,false,-83.07685,42.36025,"{
  ""coordinates"": [
    -8.307685107200000e+01,
    4.236025217300000e+01
  ],
  ""type"": ""Point""
}","{
  ""coordinates"": [
    -83.076851072,
    42.360252173
  ],
  ""type"": ""Point""
}",-83.076851072,42.360252173
15386,1042291,GREENFIELD,CHIPPEWA,2017-05-21,21,5,2017,16,1,5,9,,2,0,,1,1,1,30,5,2,2,5,0,0,0,0,true,,false,false,false,false,false,,,,,,false,false,true,,,false,false,false,false,false,-83.20029,42.4403,"{
  ""coordinates"": [
    -8.320028921799999e+01,
    4.244029575900000e+01
  ],
  ""type"": ""Point""
}","{
  ""coordinates"": [
    -83.200289218,
    42.440295759
  ],
  ""type"": ""Point""
}",-83.200289218,42.440295759
15387,1039507,I-96,GRAND,2017-05-21,21,5,2017,5,1,8,1,,1,0,,2,4,4,70,4,2,2,5,0,0,0,0,true,,false,false,false,false,false,,,,,,false,false,true,,,false,false,false,false,false,-83.11177,42.35633,"{
  ""coordinates"": [
    -8.311176981499990e+01,
    4.235633372200000e+01
  ],
  ""type"": ""Point""
}","{
  ""coordinates"": [
    -83.111769815,
    42.356333722
  ],
  ""type"": ""Point""
}",-83.1117698149999,42.356333722
15388,1054073,HENDRIE,S I 75 SERVICE DRIVE,2017-05-21,21,5,2017,23,1,1,9,,,1,,1,1,4,25,1,1,1,5,0,0,0,0,true,,false,false,false,true,false,,,,,,false,false,false,,,false,false,false,false,false,-83.06082,42.36618,"{
  ""coordinates"": [
    -8.306082478199990e+01,
    4.236618133600010e+01
  ],
  ""type"": ""Point""
}","{
  ""coordinates"": [
    -83.060824782,
    42.366181336
  ],
  ""type"": ""Point""
}",-83.0608247819999,42.3661813360001
15389,1038593,RANDOLPH,JEFFERSON,2017-05-21,21,5,2017,11,1,8,9,,,0,,2,2,1,25,2,2,4,5,0,0,0,0,true,,false,false,false,false,false,,,,,,false,true,false,,,false,false,false,false,false,-83.04095,42.32845,"{
  ""coordinates"": [
    -8.304094870599990e+01,
    4.232844788900010e+01
  ],
  ""type"": ""Point""
}","{
  ""coordinates"": [
    -83.040948706,
    42.328447889
  ],
  ""type"": ""Point""
}",-83.0409487059999,42.3284478890001
15390,1036764,3RD,BAGLEY,2017-05-21,21,5,2017,17,1,5,9,,4,0,,1,1,1,30,3,2,2,5,0,0,0,0,true,,false,false,false,false,false,,,,,,false,true,false,,,false,false,false,false,false,-83.05763,42.33213,"{
  ""coordinates"": [
    -8.305762965100000e+01,
    4.233212894100010e+01
  ],
  ""type"": ""Point""
}","{
  ""coordinates"": [
    -83.057629651,
    42.332128941
  ],
  ""type"": ""Point""
}",-83.057629651,42.3321289410001
15391,1061466,E I 96,GRAND RIVER,2017-05-21,21,5,2017,12,1,1,1,,1,1,,2,4,1,70,4,1,1,4,0,0,0,2,false,,false,false,false,false,false,,,,,,false,false,true,,,false,false,false,false,false,-83.17415,42.38407,"{
  ""coordinates"": [
    -8.317415115999999e+01,
    4.238406655100000e+01
  ],
  ""type"": ""Point""
}","{
  ""coordinates"": [
    -83.17415116,
    42.384066551
  ],
  ""type"": ""Point""
}",-83.17415116,42.384066551
15392,1039496,I-75,M-8,2017-05-21,21,5,2017,3,1,1,1,,1,1,,2,4,4,55,3,1,1,5,0,0,0,0,true,,false,false,false,false,false,,,,,,false,false,true,,,false,false,false,false,false,-83.07265,42.40358,"{
  ""coordinates"": [
    -8.307265561000000e+01,
    4.240357410400000e+01
  ],
  ""type"": ""Point""
}","{
  ""coordinates"": [
    -83.07265561,
    42.403574104
  ],
  ""type"": ""Point""
}",-83.07265561,42.403574104