ObjectId,Crash ID,Primary Road,Intersecting Road,Crash Date,Day,Month,Year,Hour,Weekday,Crash Type Code,Highway Classification Code,Community Code,Jurisdiction Code,Lane Departure Type Code,Surface Type,Road Condition,Weather Condition,Lighting Condition,Speed Limit,Lanes,Units,Occupants,Most Severe Injury,Fatal Injuries,Suspected Serious Injuries,Suspected Minor Injuries,Possible Injuries,Property Damage Only,Secondary Crash,Traffic Control,Red Light Run,Hit and Run,Alcohol,Drugs,Unbelted Person,Work Zone,Speeding Driver,Distracted Driver,Driveway,Pedestrian,Elderly Driver,Young Driver,Commercial Vehicle,Emergency Vehicles,Train,School Bus,Motorcycle,Bicycle,Deer,Longitude,Latitude,geom,geog,x,y
15450,1035070,JOY,ROBERSON,2017-05-20,20,5,2017,1,7,5,9,,4,0,,1,1,4,35,2,2,4,5,0,0,0,0,true,,false,false,false,false,false,,,,,,false,true,false,,,false,false,false,false,false,-83.19132,42.35826,"{
  ""coordinates"": [
    -8.319132197000000e+01,
    4.235826108800010e+01
  ],
  ""type"": ""Point""
}","{
  ""coordinates"": [
    -83.19132197,
    42.358261088
  ],
  ""type"": ""Point""
}",-83.19132197,42.3582610880001
15451,1033947,MANDALE,OAKDALE,2017-05-20,20,5,2017,15,7,4,9,,,0,,1,1,1,25,1,2,2,4,0,0,0,1,false,,false,false,true,false,false,,,,,,false,false,false,,,false,false,false,false,false,-83.13255,42.30631,"{
  ""coordinates"": [
    -8.313254368199991e+01,
    4.230630968600010e+01
  ],
  ""type"": ""Point""
}","{
  ""coordinates"": [
    -83.132543682,
    42.306309686
  ],
  ""type"": ""Point""
}",-83.1325436819999,42.3063096860001
15452,1033911,W I 96 CD,RAMP 138D,2017-05-20,20,5,2017,9,7,5,1,,1,0,,1,1,1,55,4,2,2,4,0,0,0,1,false,,false,false,true,false,false,,,,,,false,false,true,,,false,false,false,false,false,-83.16397,42.38564,"{
  ""coordinates"": [
    -8.316396726399999e+01,
    4.238563897500010e+01
  ],
  ""type"": ""Point""
}","{
  ""coordinates"": [
    -83.163967264,
    42.385638975
  ],
  ""type"": ""Point""
}",-83.163967264,42.3856389750001
15453,1040683,7 MILE,JAMES COUZENS,2017-05-20,20,5,2017,14,7,8,9,,2,0,,1,1,1,30,2,2,4,4,0,0,0,1,false,,false,false,true,false,false,,,,,,false,false,true,,,false,false,false,false,false,-83.18748,42.43081,"{
  ""coordinates"": [
    -8.318748161799989e+01,
    4.243081238100010e+01
  ],
  ""type"": ""Point""
}","{
  ""coordinates"": [
    -83.187481618,
    42.430812381
  ],
  ""type"": ""Point""
}",-83.1874816179999,42.4308123810001
15454,1033951,VISGER,ELECTRIC,2017-05-20,20,5,2017,7,7,4,9,,4,0,,1,1,1,25,4,2,2,5,0,0,0,0,true,,false,false,false,false,false,,,,,,false,false,false,,,false,false,false,false,false,-83.15965,42.26751,"{
  ""coordinates"": [
    -8.315965488099989e+01,
    4.226750791000010e+01
  ],
  ""type"": ""Point""
}","{
  ""coordinates"": [
    -83.159654881,
    42.26750791
  ],
  ""type"": ""Point""
}",-83.1596548809999,42.2675079100001
15455,1040593,M-39 N/B,WARREN,2017-05-20,20,5,2017,2,7,5,3,,1,0,,1,1,4,55,3,2,1,5,0,0,0,0,true,,false,false,true,false,false,,,,,,false,false,true,,,false,false,false,false,false,-83.216,42.33976,"{
  ""coordinates"": [
    -8.321600540700000e+01,
    4.233976379400010e+01
  ],
  ""type"": ""Point""
}","{
  ""coordinates"": [
    -83.216005407,
    42.339763794
  ],
  ""type"": ""Point""
}",-83.216005407,42.3397637940001
15456,1042245,WARWICK,JOY,2017-05-20,20,5,2017,16,7,4,9,,,0,,2,4,1,35,2,2,3,4,0,0,0,1,false,,true,false,false,false,false,,,,,,false,false,false,,,false,false,false,false,false,-83.22743,42.3577,"{
  ""coordinates"": [
    -8.322743367699999e+01,
    4.235769846300010e+01
  ],
  ""type"": ""Point""
}","{
  ""coordinates"": [
    -83.227433677,
    42.357698463
  ],
  ""type"": ""Point""
}",-83.227433677,42.3576984630001
15457,1036082,SCHAEFER,PURITAN,2017-05-20,20,5,2017,13,7,3,9,,4,0,,1,1,1,0,4,2,2,5,0,0,0,0,true,,false,false,false,false,false,,,,,,false,true,false,,,false,false,false,false,false,-83.17946,42.40931,"{
  ""coordinates"": [
    -8.317945907200000e+01,
    4.240930970000010e+01
  ],
  ""type"": ""Point""
}","{
  ""coordinates"": [
    -83.179459072,
    42.4093097
  ],
  ""type"": ""Point""
}",-83.179459072,42.4093097000001
15458,1036767,LIVERNOIS,8 MILE,2017-05-20,20,5,2017,11,7,8,3,,4,3,,1,1,4,35,3,2,2,5,0,0,0,0,true,,false,false,true,false,false,,,,,,false,false,false,,,false,false,false,false,false,-83.14193,42.4459,"{
  ""coordinates"": [
    -8.314193156999990e+01,
    4.244589832000000e+01
  ],
  ""type"": ""Point""
}","{
  ""coordinates"": [
    -83.14193157,
    42.44589832
  ],
  ""type"": ""Point""
}",-83.1419315699999,42.44589832
15459,1035018,W/B I-94,BRUSH,2017-05-20,20,5,2017,17,7,5,1,,1,0,,2,4,1,55,3,2,3,4,0,0,0,1,false,,false,false,false,false,false,,,,,,false,false,true,,,false,false,false,false,false,-83.06288,42.36641,"{
  ""coordinates"": [
    -8.306288328300001e+01,
    4.236640658900010e+01
  ],
  ""type"": ""Point""
}","{
  ""coordinates"": [
    -83.062883283,
    42.366406589
  ],
  ""type"": ""Point""
}",-83.062883283,42.3664065890001
15460,1033962,GRAND,JEFFERSON,2017-05-20,20,5,2017,13,7,8,9,,4,0,,1,1,1,35,2,2,3,5,0,0,0,0,true,,false,false,false,false,false,,,,,,false,false,true,,,false,false,false,false,false,-83.08157,42.31285,"{
  ""coordinates"": [
    -8.308156847200000e+01,
    4.231284945800010e+01
  ],
  ""type"": ""Point""
}","{
  ""coordinates"": [
    -83.081568472,
    42.312849458
  ],
  ""type"": ""Point""
}",-83.081568472,42.3128494580001
15461,1035073,LIVERNOIS,MCGRAW,2017-05-20,20,5,2017,18,7,3,9,,4,0,,1,1,1,35,7,2,2,5,0,0,0,0,true,,false,false,false,false,false,,,,,,false,true,false,,,false,false,false,false,false,-83.1274,42.34084,"{
  ""coordinates"": [
    -8.312739467199999e+01,
    4.234083561400010e+01
  ],
  ""type"": ""Point""
}","{
  ""coordinates"": [
    -83.127394672,
    42.340835614
  ],
  ""type"": ""Point""
}",-83.127394672,42.3408356140001
15462,1034003,N M 10,CHICAGO,2017-05-20,20,5,2017,4,7,5,3,,1,0,,1,1,4,30,3,2,1,4,0,0,0,1,false,,false,false,true,false,false,,,,,,false,true,false,,,false,false,false,false,false,-83.09508,42.38253,"{
  ""coordinates"": [
    -8.309507623000000e+01,
    4.238253201700010e+01
  ],
  ""type"": ""Point""
}","{
  ""coordinates"": [
    -83.09507623,
    42.382532017
  ],
  ""type"": ""Point""
}",-83.09507623,42.3825320170001
15463,1033988,KLINGER,REMINGTON,2017-05-20,20,5,2017,16,7,4,9,,,0,,2,4,1,25,2,2,4,4,0,0,0,2,false,,false,false,true,false,false,,,,,,false,false,true,,,false,false,false,false,false,-83.06981,42.44267,"{
  ""coordinates"": [
    -8.306980993000001e+01,
    4.244266713000010e+01
  ],
  ""type"": ""Point""
}","{
  ""coordinates"": [
    -83.06980993,
    42.44266713
  ],
  ""type"": ""Point""
}",-83.06980993,42.4426671300001
15464,1159819,N M 10,RAMP 110A,2017-05-20,20,5,2017,3,7,98,3,,1,0,,1,1,4,55,3,2,1,1,1,0,0,0,false,,false,false,true,false,false,,,,,,true,false,false,,,false,false,false,false,false,-83.10542,42.39244,"{
  ""coordinates"": [
    -8.310542130600000e+01,
    4.239244241000010e+01
  ],
  ""type"": ""Point""
}","{
  ""coordinates"": [
    -83.105421306,
    42.39244241
  ],
  ""type"": ""Point""
}",-83.105421306,42.3924424100001
15465,1035068,BEECHWOOD,PACIFIC,2017-05-20,20,5,2017,14,7,4,9,,4,0,,1,2,1,25,2,2,2,5,0,0,0,0,true,,true,false,true,false,false,,,,,,false,true,false,,,false,false,false,false,false,-83.12163,42.35635,"{
  ""coordinates"": [
    -8.312162727899990e+01,
    4.235634961200000e+01
  ],
  ""type"": ""Point""
}","{
  ""coordinates"": [
    -83.121627279,
    42.356349612
  ],
  ""type"": ""Point""
}",-83.1216272789999,42.356349612
15466,1042204,M 10,ROSA PARKS,2017-05-20,20,5,2017,3,7,97,3,,1,0,,2,4,4,55,3,3,2,5,0,0,0,0,true,,false,false,true,false,false,,,,,,false,false,false,,,false,false,false,false,false,-83.11778,42.40316,"{
  ""coordinates"": [
    -8.311778103200000e+01,
    4.240315859000000e+01
  ],
  ""type"": ""Point""
}","{
  ""coordinates"": [
    -83.117781032,
    42.40315859
  ],
  ""type"": ""Point""
}",-83.117781032,42.40315859
15467,1046524,M 39,TIREMAN,2017-05-20,20,5,2017,2,7,5,3,,1,0,,1,2,4,55,3,3,5,3,0,0,1,1,false,,false,false,true,true,false,,,,,,false,true,false,,,false,false,false,false,false,-83.21625,42.34906,"{
  ""coordinates"": [
    -8.321624408400000e+01,
    4.234905998400010e+01
  ],
  ""type"": ""Point""
}","{
  ""coordinates"": [
    -83.216244084,
    42.349059984
  ],
  ""type"": ""Point""
}",-83.216244084,42.3490599840001
15468,1047755,I-94,CADIEUX,2017-05-20,20,5,2017,1,7,8,1,,1,0,,1,2,4,55,3,2,3,5,0,0,0,0,true,,false,false,false,false,false,,,,,,false,false,false,,,false,false,false,false,false,-82.93743,42.41705,"{
  ""coordinates"": [
    -8.293743508199999e+01,
    4.241705024700010e+01
  ],
  ""type"": ""Point""
}","{
  ""coordinates"": [
    -82.937435082,
    42.417050247
  ],
  ""type"": ""Point""
}",-82.937435082,42.4170502470001
15469,1035071,DEXTER,ELMHURST,2017-05-20,20,5,2017,0,7,3,9,,4,0,,1,1,4,35,4,2,1,5,0,0,0,0,true,,false,false,true,false,false,,,,,,false,false,true,,,false,false,false,false,false,-83.12523,42.38137,"{
  ""coordinates"": [
    -8.312522686499990e+01,
    4.238137054900010e+01
  ],
  ""type"": ""Point""
}","{
  ""coordinates"": [
    -83.125226865,
    42.381370549
  ],
  ""type"": ""Point""
}",-83.1252268649999,42.3813705490001
15470,1035008,N/B M-39,WARREN,2017-05-20,20,5,2017,2,7,5,3,,1,0,,2,4,4,55,3,2,2,4,0,0,0,1,false,,false,false,false,false,false,,,,,,false,false,false,,,false,false,false,false,false,-83.21609,42.34483,"{
  ""coordinates"": [
    -8.321609270700000e+01,
    4.234482750700000e+01
  ],
  ""type"": ""Point""
}","{
  ""coordinates"": [
    -83.216092707,
    42.344827507
  ],
  ""type"": ""Point""
}",-83.216092707,42.344827507
15471,1035041,CONNER,SHOEMAKER,2017-05-20,20,5,2017,17,7,5,9,,4,0,,2,4,1,35,6,2,4,2,0,1,0,0,false,,false,false,false,false,false,,,,,,false,false,true,,,false,false,false,false,false,-82.98323,42.39295,"{
  ""coordinates"": [
    -8.298322737800000e+01,
    4.239295244900010e+01
  ],
  ""type"": ""Point""
}","{
  ""coordinates"": [
    -82.983227378,
    42.392952449
  ],
  ""type"": ""Point""
}",-82.983227378,42.3929524490001
15472,1033989,VAN DYKE,YOLANDA,2017-05-20,20,5,2017,16,7,4,3,,1,0,,2,4,1,35,2,2,2,5,0,0,0,0,true,,false,false,false,false,false,,,,,,false,false,false,,,false,false,false,false,false,-83.02438,42.43798,"{
  ""coordinates"": [
    -8.302438277499991e+01,
    4.243797976600010e+01
  ],
  ""type"": ""Point""
}","{
  ""coordinates"": [
    -83.024382775,
    42.437979766
  ],
  ""type"": ""Point""
}",-83.0243827749999,42.4379797660001
15473,1035059,SOUTHFIELD SERVICE DRIVE,MCNICHOLS,2017-05-20,20,5,2017,1,7,8,3,,4,0,,1,1,4,55,4,2,2,5,0,0,0,0,true,,false,false,true,false,false,,,,,,false,true,false,,,false,false,false,false,false,-83.21839,42.41544,"{
  ""coordinates"": [
    -8.321838867600000e+01,
    4.241543892200010e+01
  ],
  ""type"": ""Point""
}","{
  ""coordinates"": [
    -83.218388676,
    42.415438922
  ],
  ""type"": ""Point""
}",-83.218388676,42.4154389220001
15474,1036766,WYOMING,JAMES COUZENS,2017-05-20,20,5,2017,13,7,2,9,,4,0,,1,1,1,35,4,4,6,5,0,0,0,0,true,,true,true,true,false,false,,,,,,false,true,false,,,false,false,false,false,false,-83.15984,42.40572,"{
  ""coordinates"": [
    -8.315983537200000e+01,
    4.240572511700000e+01
  ],
  ""type"": ""Point""
}","{
  ""coordinates"": [
    -83.159835372,
    42.405725117
  ],
  ""type"": ""Point""
}",-83.159835372,42.405725117
15475,1035077,FULLERTON,MONICA,2017-05-20,20,5,2017,14,7,97,9,,4,0,,1,1,1,30,2,2,2,5,0,0,0,0,true,,false,false,false,false,false,,,,,,false,false,true,,,false,false,false,false,false,-83.14246,42.38112,"{
  ""coordinates"": [
    -8.314245983799999e+01,
    4.238112262500000e+01
  ],
  ""type"": ""Point""
}","{
  ""coordinates"": [
    -83.142459838,
    42.381122625
  ],
  ""type"": ""Point""
}",-83.142459838,42.381122625
15476,1035046,GRAND RIVER,FINKELL,2017-05-20,20,5,2017,22,7,9,3,,1,2,,2,98,4,35,4,2,2,5,0,0,0,0,true,,false,false,true,false,false,,,,,,false,false,false,,,false,false,false,false,false,-83.21897,42.40098,"{
  ""coordinates"": [
    -8.321897202900000e+01,
    4.240097879300000e+01
  ],
  ""type"": ""Point""
}","{
  ""coordinates"": [
    -83.218972029,
    42.400978793
  ],
  ""type"": ""Point""
}",-83.218972029,42.400978793
15477,1033987,8 MILE,VANDYKE,2017-05-20,20,5,2017,20,7,8,3,,1,0,,1,1,3,40,3,2,3,5,0,0,0,0,true,,false,false,true,false,false,,,,,,false,true,false,,,false,false,false,false,false,-83.02474,42.44817,"{
  ""coordinates"": [
    -8.302473985599990e+01,
    4.244816566700010e+01
  ],
  ""type"": ""Point""
}","{
  ""coordinates"": [
    -83.024739856,
    42.448165667
  ],
  ""type"": ""Point""
}",-83.0247398559999,42.4481656670001
15478,1033930,BEAUBIEN,HOLBROOK,2017-05-20,20,5,2017,19,7,4,9,,4,0,,2,2,3,25,2,2,3,4,0,0,0,2,false,,true,false,true,false,false,,,,,,false,false,false,,,false,false,false,false,false,-83.07476,42.38327,"{
  ""coordinates"": [
    -8.307476057500000e+01,
    4.238326795500010e+01
  ],
  ""type"": ""Point""
}","{
  ""coordinates"": [
    -83.074760575,
    42.383267955
  ],
  ""type"": ""Point""
}",-83.074760575,42.3832679550001
15479,1036054,JEFFERSON,HOLCOMB,2017-05-20,20,5,2017,17,7,10,9,,4,0,,98,98,1,35,7,2,0,5,0,0,0,0,true,,false,false,false,false,false,,,,,,false,false,false,,,false,false,false,false,false,-82.98621,42.35756,"{
  ""coordinates"": [
    -8.298620904700000e+01,
    4.235755373500010e+01
  ],
  ""type"": ""Point""
}","{
  ""coordinates"": [
    -82.986209047,
    42.357553735
  ],
  ""type"": ""Point""
}",-82.986209047,42.3575537350001
15480,1033932,TRUMBULL,SYCAMORE,2017-05-20,20,5,2017,16,7,4,9,,4,0,,2,4,1,25,4,2,2,4,0,0,0,1,false,,false,false,false,false,false,,,,,,false,false,true,,,false,false,false,false,false,-83.07234,42.34094,"{
  ""coordinates"": [
    -8.307233886200000e+01,
    4.234094207300010e+01
  ],
  ""type"": ""Point""
}","{
  ""coordinates"": [
    -83.072338862,
    42.340942073
  ],
  ""type"": ""Point""
}",-83.072338862,42.3409420730001
15481,1067922,FOREST,N M 10,2017-05-20,20,5,2017,9,7,4,9,,4,0,,98,98,1,0,2,2,2,5,0,0,0,0,true,,false,false,false,false,false,,,,,,false,false,false,,,false,false,false,false,false,-83.07217,42.3516,"{
  ""coordinates"": [
    -8.307217505800000e+01,
    4.235160106500010e+01
  ],
  ""type"": ""Point""
}","{
  ""coordinates"": [
    -83.072175058,
    42.351601065
  ],
  ""type"": ""Point""
}",-83.072175058,42.3516010650001
15482,1035038,OUTER,BALFOUR,2017-05-20,20,5,2017,2,7,4,9,,2,0,,1,1,4,25,4,2,3,4,0,0,0,2,false,,false,false,false,false,false,,,,,,false,false,true,,,false,false,false,false,false,-82.94991,42.40473,"{
  ""coordinates"": [
    -8.294991458500000e+01,
    4.240473144300010e+01
  ],
  ""type"": ""Point""
}","{
  ""coordinates"": [
    -82.949914585,
    42.404731443
  ],
  ""type"": ""Point""
}",-82.949914585,42.4047314430001
15483,1035085,JAMES COUSZENS,WYOMING,2017-05-20,20,5,2017,16,7,1,9,,4,0,,2,4,1,25,2,1,0,5,0,0,0,0,true,,false,false,true,false,false,,,,,,false,false,false,,,false,false,false,false,false,-83.15981,42.40565,"{
  ""coordinates"": [
    -8.315981411900000e+01,
    4.240564586800010e+01
  ],
  ""type"": ""Point""
}","{
  ""coordinates"": [
    -83.159814119,
    42.405645868
  ],
  ""type"": ""Point""
}",-83.159814119,42.4056458680001
15484,1035067,OUTER,EASTWOOD,2017-05-20,20,5,2017,21,7,4,9,,2,0,,1,1,4,35,4,2,1,5,0,0,0,0,true,,false,false,true,false,false,,,,,,false,false,false,,,false,false,false,false,false,-83.01426,42.43243,"{
  ""coordinates"": [
    -8.301425877600001e+01,
    4.243243119200010e+01
  ],
  ""type"": ""Point""
}","{
  ""coordinates"": [
    -83.014258776,
    42.432431192
  ],
  ""type"": ""Point""
}",-83.014258776,42.4324311920001
15485,1035086,N I 75,I 75 SERVICE DRIVE,2017-05-20,20,5,2017,23,7,8,1,,1,0,,1,1,4,70,3,2,1,5,0,0,0,0,true,,false,false,false,false,false,,,,,,false,false,false,,,false,false,false,false,false,-83.0947,42.43332,"{
  ""coordinates"": [
    -8.309470052800000e+01,
    4.243331564700000e+01
  ],
  ""type"": ""Point""
}","{
  ""coordinates"": [
    -83.094700528,
    42.433315647
  ],
  ""type"": ""Point""
}",-83.094700528,42.433315647
15486,1036825,7 MILE,DEAN,2017-05-20,20,5,2017,22,7,97,9,,4,0,,1,1,5,30,2,2,4,4,0,0,0,3,false,,false,false,false,false,false,,,,,,false,false,true,,,false,false,false,false,false,-83.06206,42.43316,"{
  ""coordinates"": [
    -8.306206100500000e+01,
    4.243316036300010e+01
  ],
  ""type"": ""Point""
}","{
  ""coordinates"": [
    -83.062061005,
    42.433160363
  ],
  ""type"": ""Point""
}",-83.062061005,42.4331603630001
15487,1036780,SOUTHFIELD SERVICE DRIVE,RAMP 011D,2017-05-20,20,5,2017,12,7,5,3,,4,0,,2,4,4,55,3,2,1,5,0,0,0,0,true,,false,false,true,false,false,,,,,,false,false,true,,,false,false,false,false,false,-83.21973,42.42948,"{
  ""coordinates"": [
    -8.321972709700000e+01,
    4.242947826000010e+01
  ],
  ""type"": ""Point""
}","{
  ""coordinates"": [
    -83.219727097,
    42.42947826
  ],
  ""type"": ""Point""
}",-83.219727097,42.4294782600001
15488,1033972,MCNICHOLS,HUNTINGTON,2017-05-20,20,5,2017,12,7,4,9,,2,0,,1,1,1,35,4,2,3,5,0,0,0,0,true,,false,false,false,false,false,,,,,,false,false,false,,,false,false,false,false,false,-83.2332,42.41528,"{
  ""coordinates"": [
    -8.323319802700000e+01,
    4.241527768500000e+01
  ],
  ""type"": ""Point""
}","{
  ""coordinates"": [
    -83.233198027,
    42.415277685
  ],
  ""type"": ""Point""
}",-83.233198027,42.415277685
15489,1035044,S I 75,RAMP 035E,2017-05-20,20,5,2017,23,7,8,1,,1,0,,1,1,2,65,4,2,2,5,0,0,0,0,true,,false,false,false,false,false,,,,,,false,false,false,,,false,false,false,false,false,-83.08273,42.31886,"{
  ""coordinates"": [
    -8.308273067300000e+01,
    4.231885396900000e+01
  ],
  ""type"": ""Point""
}","{
  ""coordinates"": [
    -83.082730673,
    42.318853969
  ],
  ""type"": ""Point""
}",-83.082730673,42.318853969
15490,1035022,I-94,CHENE,2017-05-20,20,5,2017,17,7,5,1,,1,0,,2,2,1,55,3,2,2,5,0,0,0,0,true,,false,false,false,false,false,,,,,,false,false,false,,,false,false,false,false,false,-83.04672,42.37432,"{
  ""coordinates"": [
    -8.304672500800000e+01,
    4.237431878900000e+01
  ],
  ""type"": ""Point""
}","{
  ""coordinates"": [
    -83.046725008,
    42.374318789
  ],
  ""type"": ""Point""
}",-83.046725008,42.374318789
15491,1035040,MARLBOROUGH,ESSEX,2017-05-20,20,5,2017,12,7,4,9,,,0,,1,2,1,25,2,2,2,5,0,0,0,0,true,,false,false,false,false,false,,,,,,false,false,false,,,false,false,false,false,false,-82.93948,42.36739,"{
  ""coordinates"": [
    -8.293948303799991e+01,
    4.236738881100010e+01
  ],
  ""type"": ""Point""
}","{
  ""coordinates"": [
    -82.939483038,
    42.367388811
  ],
  ""type"": ""Point""
}",-82.9394830379999,42.3673888110001
15492,1033990,MORAN,CARPENTER,2017-05-20,20,5,2017,17,7,8,9,,,0,,2,4,1,25,2,2,3,5,0,0,0,0,true,,false,false,false,false,false,,,,,,false,false,true,,,false,false,false,false,false,-83.0584,42.40926,"{
  ""coordinates"": [
    -8.305840217900000e+01,
    4.240925676900010e+01
  ],
  ""type"": ""Point""
}","{
  ""coordinates"": [
    -83.058402179,
    42.409256769
  ],
  ""type"": ""Point""
}",-83.058402179,42.4092567690001
15493,1036791,CADIEUX,HARPER,2017-05-20,20,5,2017,14,7,5,9,,4,0,,5,1,1,30,8,2,2,5,0,0,0,0,true,,false,false,false,false,false,,,,,,false,false,true,,,false,false,false,false,false,-82.93668,42.41651,"{
  ""coordinates"": [
    -8.293667370900000e+01,
    4.241650804000010e+01
  ],
  ""type"": ""Point""
}","{
  ""coordinates"": [
    -82.936673709,
    42.41650804
  ],
  ""type"": ""Point""
}",-82.936673709,42.4165080400001
15494,1036787,CHATSWORTH,WARREN,2017-05-20,20,5,2017,14,7,4,9,,,0,,1,1,1,25,6,2,2,5,0,0,0,0,true,,true,true,true,false,false,,,,,,false,false,false,,,false,false,false,false,false,-82.94567,42.40024,"{
  ""coordinates"": [
    -8.294566983199999e+01,
    4.240023634100000e+01
  ],
  ""type"": ""Point""
}","{
  ""coordinates"": [
    -82.945669832,
    42.400236341
  ],
  ""type"": ""Point""
}",-82.945669832,42.400236341
15495,1036811,CHICAGO,LAWTON,2017-05-20,20,5,2017,18,7,4,9,,4,0,,1,1,1,35,2,2,4,5,0,0,0,0,true,,true,false,false,false,false,,,,,,false,false,false,,,false,false,false,false,false,-83.11394,42.37556,"{
  ""coordinates"": [
    -8.311393765799990e+01,
    4.237556482200010e+01
  ],
  ""type"": ""Point""
}","{
  ""coordinates"": [
    -83.113937658,
    42.375564822
  ],
  ""type"": ""Point""
}",-83.1139376579999,42.3755648220001
15496,1035072,DAVISON,BROADSTREET,2017-05-20,20,5,2017,14,7,5,3,,1,0,,1,1,1,35,7,2,2,4,0,0,0,1,false,,false,false,false,false,false,,,,,,false,true,false,,,false,false,false,false,false,-83.13885,42.38665,"{
  ""coordinates"": [
    -8.313885457299990e+01,
    4.238665492300000e+01
  ],
  ""type"": ""Point""
}","{
  ""coordinates"": [
    -83.138854573,
    42.386654923
  ],
  ""type"": ""Point""
}",-83.1388545729999,42.386654923
15497,1033922,EVERGREEN,PICKFORD,2017-05-20,20,5,2017,17,7,8,9,,4,0,,1,1,1,35,2,2,4,5,0,0,0,0,true,,false,false,false,false,false,,,,,,false,false,false,,,false,false,false,false,false,-83.23862,42.42469,"{
  ""coordinates"": [
    -8.323862162700000e+01,
    4.242469062600000e+01
  ],
  ""type"": ""Point""
}","{
  ""coordinates"": [
    -83.238621627,
    42.424690626
  ],
  ""type"": ""Point""
}",-83.238621627,42.424690626
15498,1036078,SCHAEFER,S M 10,2017-05-20,20,5,2017,16,7,8,9,,4,0,,1,1,1,30,3,2,1,5,0,0,0,0,true,,false,false,true,false,false,,,,,,false,false,false,,,false,false,false,false,false,-83.18019,42.4248,"{
  ""coordinates"": [
    -8.318018800100000e+01,
    4.242479729200010e+01
  ],
  ""type"": ""Point""
}","{
  ""coordinates"": [
    -83.180188001,
    42.424797292
  ],
  ""type"": ""Point""
}",-83.180188001,42.4247972920001
15499,1036081,GLASTONBURY,PEMBROKE,2017-05-20,20,5,2017,3,7,8,9,,,0,,98,98,4,0,1,2,1,5,0,0,0,0,true,,false,false,true,false,false,,,,,,false,false,false,,,false,false,false,false,false,-83.22347,42.43852,"{
  ""coordinates"": [
    -8.322347570700001e+01,
    4.243851980600000e+01
  ],
  ""type"": ""Point""
}","{
  ""coordinates"": [
    -83.223475707,
    42.438519806
  ],
  ""type"": ""Point""
}",-83.223475707,42.438519806
15500,1036049,PLYMOUTH,BRAMMEL,2017-05-20,20,5,2017,21,7,1,9,,4,0,,1,1,4,35,5,2,1,5,0,0,0,0,true,,false,false,false,false,false,,,,,,true,false,false,,,false,false,false,false,false,-83.26325,42.37156,"{
  ""coordinates"": [
    -8.326324938800001e+01,
    4.237155863700010e+01
  ],
  ""type"": ""Point""
}","{
  ""coordinates"": [
    -83.263249388,
    42.371558637
  ],
  ""type"": ""Point""
}",-83.263249388,42.3715586370001
15501,1036815,PRAIRIE,ELMHURST,2017-05-20,20,5,2017,3,7,8,9,,,0,,1,1,4,25,2,2,2,5,0,0,0,0,true,,false,false,false,false,false,,,,,,false,false,true,,,false,false,false,false,false,-83.14346,42.37608,"{
  ""coordinates"": [
    -8.314345870400000e+01,
    4.237607531300010e+01
  ],
  ""type"": ""Point""
}","{
  ""coordinates"": [
    -83.143458704,
    42.376075313
  ],
  ""type"": ""Point""
}",-83.143458704,42.3760753130001
15502,1033912,RAMP 139G,DAVISON,2017-05-20,20,5,2017,17,7,1,3,,1,1,,2,4,1,55,3,1,1,4,0,0,0,1,false,,false,false,false,false,false,,,,,,false,false,true,,,false,false,false,false,false,-83.1416,42.38659,"{
  ""coordinates"": [
    -8.314159959800000e+01,
    4.238658831300010e+01
  ],
  ""type"": ""Point""
}","{
  ""coordinates"": [
    -83.141599598,
    42.386588313
  ],
  ""type"": ""Point""
}",-83.141599598,42.3865883130001
15503,1033921,HUBBELL,LYNDON,2017-05-20,20,5,2017,15,7,8,9,,4,0,,1,2,1,35,2,2,3,5,0,0,0,0,true,,false,false,false,false,false,,,,,,false,false,true,,,false,false,false,false,false,-83.18859,42.39386,"{
  ""coordinates"": [
    -8.318858835299990e+01,
    4.239386429700010e+01
  ],
  ""type"": ""Point""
}","{
  ""coordinates"": [
    -83.188588353,
    42.393864297
  ],
  ""type"": ""Point""
}",-83.1885883529999,42.3938642970001
15504,1036775,RANDOLPH,CONGRESS,2017-05-20,20,5,2017,17,7,5,3,,1,0,,2,4,1,35,3,2,4,5,0,0,0,0,true,,false,false,false,false,false,,,,,,false,false,true,,,false,false,false,false,false,-83.04301,42.33138,"{
  ""coordinates"": [
    -8.304301106900000e+01,
    4.233137593800010e+01
  ],
  ""type"": ""Point""
}","{
  ""coordinates"": [
    -83.043011069,
    42.331375938
  ],
  ""type"": ""Point""
}",-83.043011069,42.3313759380001
15505,1036065,MANSFIELD,SEVEN MILE,2017-05-20,20,5,2017,13,7,97,9,,,0,,1,1,1,30,5,3,2,5,0,0,0,0,true,,false,false,true,false,false,,,,,,false,false,false,,,false,false,false,false,false,-83.20632,42.43026,"{
  ""coordinates"": [
    -8.320632456700000e+01,
    4.243026113100010e+01
  ],
  ""type"": ""Point""
}","{
  ""coordinates"": [
    -83.206324567,
    42.430261131
  ],
  ""type"": ""Point""
}",-83.206324567,42.4302611310001
15506,1033950,MCGRAW,LIVERNOIS,2017-05-20,20,5,2017,18,7,4,9,,4,0,,1,2,1,35,2,2,1,5,0,0,0,0,true,,true,true,false,false,false,,,,,,false,false,false,,,false,false,false,false,false,-83.12743,42.34082,"{
  ""coordinates"": [
    -8.312742962399990e+01,
    4.234082207300000e+01
  ],
  ""type"": ""Point""
}","{
  ""coordinates"": [
    -83.127429624,
    42.340822073
  ],
  ""type"": ""Point""
}",-83.1274296239999,42.340822073