ObjectId,Crash ID,Primary Road,Intersecting Road,Crash Date,Day,Month,Year,Hour,Weekday,Crash Type Code,Highway Classification Code,Community Code,Jurisdiction Code,Lane Departure Type Code,Surface Type,Road Condition,Weather Condition,Lighting Condition,Speed Limit,Lanes,Units,Occupants,Most Severe Injury,Fatal Injuries,Suspected Serious Injuries,Suspected Minor Injuries,Possible Injuries,Property Damage Only,Secondary Crash,Traffic Control,Red Light Run,Hit and Run,Alcohol,Drugs,Unbelted Person,Work Zone,Speeding Driver,Distracted Driver,Driveway,Pedestrian,Elderly Driver,Young Driver,Commercial Vehicle,Emergency Vehicles,Train,School Bus,Motorcycle,Bicycle,Deer,Longitude,Latitude,geom,geog,x,y
15564,1050122,GREENFIELD,ARTHUR,2017-05-19,19,5,2017,14,6,8,9,,2,0,,1,1,1,35,3,2,2,5,0,0,0,0,true,,false,false,false,false,false,,,,,,false,false,false,,,false,false,false,false,false,-83.19613,42.33992,"{
  ""coordinates"": [
    -8.319613106700000e+01,
    4.233992455400000e+01
  ],
  ""type"": ""Point""
}","{
  ""coordinates"": [
    -83.196131067,
    42.339924554
  ],
  ""type"": ""Point""
}",-83.196131067,42.339924554
15565,1033939,MICHIGAN,GRISWOLD,2017-05-19,19,5,2017,18,6,8,9,,4,0,,1,1,1,0,3,2,21,5,0,0,0,0,true,,false,false,false,false,false,,,,,,false,false,false,,,false,false,false,false,false,-83.04825,42.33166,"{
  ""coordinates"": [
    -8.304824452100000e+01,
    4.233165924600010e+01
  ],
  ""type"": ""Point""
}","{
  ""coordinates"": [
    -83.048244521,
    42.331659246
  ],
  ""type"": ""Point""
}",-83.048244521,42.3316592460001
15566,1036817,OAKMAN,CORTLAND,2017-05-19,19,5,2017,17,6,4,9,,4,0,,1,1,1,25,2,2,3,5,0,0,0,0,true,,false,false,false,false,false,,,,,,false,true,false,,,false,false,false,false,false,-83.14362,42.37942,"{
  ""coordinates"": [
    -8.314361478300000e+01,
    4.237941859100000e+01
  ],
  ""type"": ""Point""
}","{
  ""coordinates"": [
    -83.143614783,
    42.379418591
  ],
  ""type"": ""Point""
}",-83.143614783,42.379418591
15567,1035039,CHALMERS,FRANKFORT,2017-05-19,19,5,2017,10,6,4,9,,4,0,,1,1,1,30,2,2,2,4,0,0,0,1,false,,true,false,false,false,false,,,,,,false,true,false,,,false,false,false,false,false,-82.95988,42.3971,"{
  ""coordinates"": [
    -8.295988133199999e+01,
    4.239710012900010e+01
  ],
  ""type"": ""Point""
}","{
  ""coordinates"": [
    -82.959881332,
    42.397100129
  ],
  ""type"": ""Point""
}",-82.959881332,42.3971001290001
15568,1033927,SHELBY,FORT,2017-05-19,19,5,2017,9,6,8,3,,4,0,,1,2,1,25,2,2,0,5,0,0,0,0,true,,false,false,true,false,false,,,,,,false,false,false,,,false,false,false,false,false,-83.0486,42.32993,"{
  ""coordinates"": [
    -8.304860244500000e+01,
    4.232993032100010e+01
  ],
  ""type"": ""Point""
}","{
  ""coordinates"": [
    -83.048602445,
    42.329930321
  ],
  ""type"": ""Point""
}",-83.048602445,42.3299303210001
15569,1033976,MOROSS,CHANDLER PARK,2017-05-19,19,5,2017,15,6,8,9,,2,0,,1,1,1,30,3,2,2,4,0,0,0,1,false,,false,false,false,false,false,,,,,,false,false,false,,,false,false,false,false,false,-82.91522,42.41909,"{
  ""coordinates"": [
    -8.291521902999990e+01,
    4.241908935500000e+01
  ],
  ""type"": ""Point""
}","{
  ""coordinates"": [
    -82.91521903,
    42.419089355
  ],
  ""type"": ""Point""
}",-82.9152190299999,42.419089355
15570,1035078,RYAN,OUTER,2017-05-19,19,5,2017,3,6,98,9,,4,0,,2,4,98,30,2,2,0,5,0,0,0,0,true,,false,false,true,false,false,,,,,,false,false,false,,,false,false,false,false,false,-83.06357,42.44074,"{
  ""coordinates"": [
    -8.306357101499999e+01,
    4.244074100700000e+01
  ],
  ""type"": ""Point""
}","{
  ""coordinates"": [
    -83.063571015,
    42.440741007
  ],
  ""type"": ""Point""
}",-83.063571015,42.440741007
15571,1033955,CADIEUX,HARPER,2017-05-19,19,5,2017,12,6,5,9,,4,0,,1,2,1,35,5,2,2,5,0,0,0,0,true,,false,false,true,false,false,,,,,,false,false,false,,,false,false,false,false,false,-82.93665,42.41647,"{
  ""coordinates"": [
    -8.293664851800000e+01,
    4.241646893600010e+01
  ],
  ""type"": ""Point""
}","{
  ""coordinates"": [
    -82.936648518,
    42.416468936
  ],
  ""type"": ""Point""
}",-82.936648518,42.4164689360001
15572,1036071,TIREMAN,TURNER,2017-05-19,19,5,2017,14,6,4,9,,4,0,,1,1,1,25,2,2,2,5,0,0,0,0,true,,true,true,false,false,false,,,,,,false,true,false,,,false,false,false,false,false,-83.11164,42.35574,"{
  ""coordinates"": [
    -8.311164448999990e+01,
    4.235573869300000e+01
  ],
  ""type"": ""Point""
}","{
  ""coordinates"": [
    -83.11164449,
    42.355738693
  ],
  ""type"": ""Point""
}",-83.1116444899999,42.355738693
15573,1039502,I-75,NEVADA,2017-05-19,19,5,2017,22,6,5,1,,1,0,,1,2,4,70,4,4,5,5,0,0,0,0,true,,false,false,false,false,false,,,,,,false,false,true,,,false,false,false,false,false,-83.09264,42.4242,"{
  ""coordinates"": [
    -8.309264000899999e+01,
    4.242419965500010e+01
  ],
  ""type"": ""Point""
}","{
  ""coordinates"": [
    -83.092640009,
    42.424199655
  ],
  ""type"": ""Point""
}",-83.092640009,42.4241996550001
15574,1033946,FORT,DEARBORN,2017-05-19,19,5,2017,16,6,5,3,,1,0,,1,1,1,35,5,2,2,5,0,0,0,0,true,,false,false,false,false,false,,,,,,false,false,false,,,false,false,false,false,false,-83.13631,42.29372,"{
  ""coordinates"": [
    -8.313631455800000e+01,
    4.229372122900000e+01
  ],
  ""type"": ""Point""
}","{
  ""coordinates"": [
    -83.136314558,
    42.293721229
  ],
  ""type"": ""Point""
}",-83.136314558,42.293721229
15575,1035006,M-10,MICHIGAN,2017-05-19,19,5,2017,19,6,8,3,,1,0,,1,2,1,55,3,2,2,5,0,0,0,0,true,,false,false,false,false,false,,,,,,false,false,true,,,false,false,false,false,false,-83.06172,42.33139,"{
  ""coordinates"": [
    -8.306172016999990e+01,
    4.233139221200000e+01
  ],
  ""type"": ""Point""
}","{
  ""coordinates"": [
    -83.06172017,
    42.331392212
  ],
  ""type"": ""Point""
}",-83.0617201699999,42.331392212
15576,1033949,VERNOR,LIVERNOIS,2017-05-19,19,5,2017,20,6,5,9,,4,0,,1,1,1,35,2,2,1,5,0,0,0,0,true,,false,false,false,false,false,,,,,,false,false,true,,,false,false,false,false,false,-83.11013,42.31562,"{
  ""coordinates"": [
    -8.311012963600000e+01,
    4.231561511400000e+01
  ],
  ""type"": ""Point""
}","{
  ""coordinates"": [
    -83.110129636,
    42.315615114
  ],
  ""type"": ""Point""
}",-83.110129636,42.315615114
15577,1035010,W I 96,SCHOOLCRAFT,2017-05-19,19,5,2017,10,6,8,1,,1,0,,1,1,1,55,4,2,3,4,0,0,0,1,false,,false,false,false,false,false,,,,,,false,false,true,,,false,false,false,false,false,-83.24331,42.38522,"{
  ""coordinates"": [
    -8.324331249900000e+01,
    4.238522128200000e+01
  ],
  ""type"": ""Point""
}","{
  ""coordinates"": [
    -83.243312499,
    42.385221282
  ],
  ""type"": ""Point""
}",-83.243312499,42.385221282
15578,1033938,24TH,MARTIN LUTHER KING JR,2017-05-19,19,5,2017,18,6,98,9,,4,0,,1,1,3,35,4,2,2,5,0,0,0,0,true,,false,false,false,false,false,,,,,,false,true,false,,,false,false,false,false,false,-83.09432,42.33495,"{
  ""coordinates"": [
    -8.309432601899989e+01,
    4.233494827400010e+01
  ],
  ""type"": ""Point""
}","{
  ""coordinates"": [
    -83.094326019,
    42.334948274
  ],
  ""type"": ""Point""
}",-83.0943260189999,42.3349482740001
15579,1035050,TELEGRAPH,7 MILE,2017-05-19,19,5,2017,17,6,5,2,,1,0,,1,2,1,45,4,2,2,5,0,0,0,0,true,,false,false,false,false,false,,,,,,false,false,true,,,false,false,false,false,false,-83.27798,42.42873,"{
  ""coordinates"": [
    -8.327797916400000e+01,
    4.242873072700010e+01
  ],
  ""type"": ""Point""
}","{
  ""coordinates"": [
    -83.277979164,
    42.428730727
  ],
  ""type"": ""Point""
}",-83.277979164,42.4287307270001
15580,1035001,M-39,PLYMOUTH,2017-05-19,19,5,2017,21,6,98,3,,1,0,,2,4,4,55,3,5,6,3,0,0,1,0,false,,false,false,true,false,false,,,,,,false,false,false,,,false,false,false,false,false,-83.21657,42.37199,"{
  ""coordinates"": [
    -8.321656942899990e+01,
    4.237198726300010e+01
  ],
  ""type"": ""Point""
}","{
  ""coordinates"": [
    -83.216569429,
    42.371987263
  ],
  ""type"": ""Point""
}",-83.2165694289999,42.3719872630001
15581,1033993,DAVISON,N I 75,2017-05-19,19,5,2017,21,6,1,9,,4,1,,2,4,4,55,4,1,1,5,0,0,0,0,true,,false,false,false,false,false,,,,,,false,false,false,,,false,false,false,false,false,-83.07952,42.40898,"{
  ""coordinates"": [
    -8.307952490400000e+01,
    4.240897946600010e+01
  ],
  ""type"": ""Point""
}","{
  ""coordinates"": [
    -83.079524904,
    42.408979466
  ],
  ""type"": ""Point""
}",-83.079524904,42.4089794660001
15582,1033940,BEARD,ROWAN,2017-05-19,19,5,2017,13,6,4,9,,,0,,1,2,1,25,2,2,2,4,0,0,0,1,false,,false,false,false,false,false,,,,,,false,false,true,,,false,false,false,false,false,-83.11439,42.30857,"{
  ""coordinates"": [
    -8.311438696300000e+01,
    4.230856733500010e+01
  ],
  ""type"": ""Point""
}","{
  ""coordinates"": [
    -83.114386963,
    42.308567335
  ],
  ""type"": ""Point""
}",-83.114386963,42.3085673350001
15583,1035045,WARREN,SAINT MARYS,2017-05-19,19,5,2017,17,6,4,9,,2,0,,1,2,1,30,4,2,2,5,0,0,0,0,true,,false,false,false,false,false,,,,,,false,false,false,,,false,false,false,false,false,-83.20381,42.34357,"{
  ""coordinates"": [
    -8.320381188999990e+01,
    4.234357405900000e+01
  ],
  ""type"": ""Point""
}","{
  ""coordinates"": [
    -83.20381189,
    42.343574059
  ],
  ""type"": ""Point""
}",-83.2038118899999,42.343574059
15584,1032754,WYOMING,INTERVALE,2017-05-19,19,5,2017,2,6,8,9,,4,0,,1,1,4,30,3,2,2,5,0,0,0,0,true,,false,false,false,false,false,,,,,,false,false,false,,,false,false,false,false,false,-83.1592,42.39165,"{
  ""coordinates"": [
    -8.315920528100000e+01,
    4.239165625900010e+01
  ],
  ""type"": ""Point""
}","{
  ""coordinates"": [
    -83.159205281,
    42.391656259
  ],
  ""type"": ""Point""
}",-83.159205281,42.3916562590001
15585,1033933,CASS,WILLIS,2017-05-19,19,5,2017,20,6,8,9,,4,0,,1,1,1,0,2,2,3,5,0,0,0,0,true,,false,false,false,false,false,,,,,,false,false,true,,,false,false,false,false,false,-83.06351,42.35048,"{
  ""coordinates"": [
    -8.306350893900000e+01,
    4.235048332500000e+01
  ],
  ""type"": ""Point""
}","{
  ""coordinates"": [
    -83.063508939,
    42.350483325
  ],
  ""type"": ""Point""
}",-83.063508939,42.350483325
15586,1036738,M-39,CURTIS,2017-05-19,19,5,2017,3,6,1,3,,1,0,,1,1,4,55,3,1,1,5,0,0,0,0,true,,false,false,false,false,false,,,,,,false,false,false,,,false,false,false,false,false,-83.21923,42.43003,"{
  ""coordinates"": [
    -8.321922850399990e+01,
    4.243002701000010e+01
  ],
  ""type"": ""Point""
}","{
  ""coordinates"": [
    -83.219228504,
    42.43002701
  ],
  ""type"": ""Point""
}",-83.2192285039999,42.4300270100001
15587,1033996,8 MILE,WOODWARD,2017-05-19,19,5,2017,11,6,8,3,,1,0,,1,2,1,40,2,2,2,5,0,0,0,0,true,,false,false,false,false,false,,,,,,false,false,false,,,false,false,false,false,false,-83.12114,42.44655,"{
  ""coordinates"": [
    -8.312114197100000e+01,
    4.244655388900000e+01
  ],
  ""type"": ""Point""
}","{
  ""coordinates"": [
    -83.121141971,
    42.446553889
  ],
  ""type"": ""Point""
}",-83.121141971,42.446553889
15588,1039501,M-39,PLYMOUTH,2017-05-19,19,5,2017,20,6,8,3,,1,0,,1,2,1,55,3,2,2,4,0,0,0,1,false,,false,false,false,false,false,,,,,,false,false,true,,,false,false,false,false,false,-83.21655,42.37144,"{
  ""coordinates"": [
    -8.321654671000000e+01,
    4.237143531400010e+01
  ],
  ""type"": ""Point""
}","{
  ""coordinates"": [
    -83.21654671,
    42.371435314
  ],
  ""type"": ""Point""
}",-83.21654671,42.3714353140001
15589,1036736,I-96,M-39,2017-05-19,19,5,2017,1,6,5,1,,1,0,,1,1,4,55,2,2,2,5,0,0,0,0,true,,false,false,true,false,false,,,,,,false,false,true,,,false,false,false,false,false,-83.22682,42.37804,"{
  ""coordinates"": [
    -8.322682290599990e+01,
    4.237804230300000e+01
  ],
  ""type"": ""Point""
}","{
  ""coordinates"": [
    -83.226822906,
    42.378042303
  ],
  ""type"": ""Point""
}",-83.2268229059999,42.378042303
15590,1034001,CHEYENNE,PURITAN,2017-05-18,18,5,2017,15,5,4,9,,,0,,1,2,1,25,2,2,2,4,0,0,0,2,false,,false,false,false,false,false,,,,,,false,false,false,,,false,false,false,false,false,-83.17513,42.40944,"{
  ""coordinates"": [
    -8.317513612899999e+01,
    4.240944271800000e+01
  ],
  ""type"": ""Point""
}","{
  ""coordinates"": [
    -83.175136129,
    42.409442718
  ],
  ""type"": ""Point""
}",-83.175136129,42.409442718
15591,1032781,ROCHELLE,MACCRARY,2017-05-18,18,5,2017,12,5,4,9,,,0,,1,1,1,25,2,2,2,5,0,0,0,0,true,,false,false,false,false,false,,,,,,false,false,false,,,false,false,false,false,false,-82.97004,42.42314,"{
  ""coordinates"": [
    -8.297003845800000e+01,
    4.242313742300010e+01
  ],
  ""type"": ""Point""
}","{
  ""coordinates"": [
    -82.970038458,
    42.423137423
  ],
  ""type"": ""Point""
}",-82.970038458,42.4231374230001
15592,1040673,CANIFF,MOUND,2017-05-18,18,5,2017,16,5,97,9,,4,0,,1,1,1,30,4,2,3,4,0,0,0,1,false,,false,false,false,false,false,,,,,,false,true,false,,,false,false,false,false,false,-83.04204,42.4062,"{
  ""coordinates"": [
    -8.304203479200000e+01,
    4.240620292400010e+01
  ],
  ""type"": ""Point""
}","{
  ""coordinates"": [
    -83.042034792,
    42.406202924
  ],
  ""type"": ""Point""
}",-83.042034792,42.4062029240001
15593,1038592,M-39,PAUL,2017-05-18,18,5,2017,17,5,5,3,,1,0,,1,1,1,55,3,2,2,5,0,0,0,0,true,,false,false,false,false,false,,,,,,false,false,true,,,false,false,false,false,false,-83.21604,42.33758,"{
  ""coordinates"": [
    -8.321604089800000e+01,
    4.233757980600010e+01
  ],
  ""type"": ""Point""
}","{
  ""coordinates"": [
    -83.216040898,
    42.337579806
  ],
  ""type"": ""Point""
}",-83.216040898,42.3375798060001
15594,1034995,M-10,DAVISON,2017-05-18,18,5,2017,8,5,8,3,,1,0,,1,1,1,55,3,2,4,5,0,0,0,0,true,,false,false,false,false,false,,,,,,false,false,false,,,false,false,false,false,false,-83.11183,42.39898,"{
  ""coordinates"": [
    -8.311183239199990e+01,
    4.239897968100010e+01
  ],
  ""type"": ""Point""
}","{
  ""coordinates"": [
    -83.111832392,
    42.398979681
  ],
  ""type"": ""Point""
}",-83.1118323919999,42.3989796810001
15595,1033966,BURT,7 MILE,2017-05-18,18,5,2017,7,5,97,9,,4,0,,1,1,1,35,4,3,8,4,0,0,0,2,false,,true,true,false,false,false,,,,,,false,true,false,,,false,false,false,false,false,-83.24853,42.42937,"{
  ""coordinates"": [
    -8.324852473000000e+01,
    4.242937252800000e+01
  ],
  ""type"": ""Point""
}","{
  ""coordinates"": [
    -83.24852473,
    42.429372528
  ],
  ""type"": ""Point""
}",-83.24852473,42.429372528
15596,1036020,S I 75,ROSA PARKS,2017-05-18,18,5,2017,16,5,8,1,,1,0,,1,1,1,0,3,2,1,5,0,0,0,0,true,,false,false,true,false,false,,,,,,false,false,false,,,false,false,false,false,false,-83.0731,42.33345,"{
  ""coordinates"": [
    -8.307310704299989e+01,
    4.233345135900000e+01
  ],
  ""type"": ""Point""
}","{
  ""coordinates"": [
    -83.073107043,
    42.333451359
  ],
  ""type"": ""Point""
}",-83.0731070429999,42.333451359
15597,1049657,PIERSON,CLARITA,2017-05-18,18,5,2017,23,5,98,9,,,3,,1,1,4,25,1,2,1,5,0,0,0,0,true,,false,false,true,false,false,,,,,,false,false,false,,,false,false,false,false,false,-83.2471,42.42474,"{
  ""coordinates"": [
    -8.324710386800000e+01,
    4.242473964800010e+01
  ],
  ""type"": ""Point""
}","{
  ""coordinates"": [
    -83.247103868,
    42.424739648
  ],
  ""type"": ""Point""
}",-83.247103868,42.4247396480001
15598,1036725,S/B I-75,SPRINGWELLS,2017-05-18,18,5,2017,19,5,5,1,,1,0,,1,1,1,55,3,2,1,5,0,0,0,0,true,,false,false,true,false,false,,,,,,false,false,false,,,false,false,false,false,false,-83.11762,42.30225,"{
  ""coordinates"": [
    -8.311761951200000e+01,
    4.230225270100000e+01
  ],
  ""type"": ""Point""
}","{
  ""coordinates"": [
    -83.117619512,
    42.302252701
  ],
  ""type"": ""Point""
}",-83.117619512,42.302252701
15599,1033977,7 MILE,CHALMERS,2017-05-18,18,5,2017,15,5,3,9,,2,0,,1,1,1,30,2,2,2,5,0,0,0,0,true,,false,false,true,false,false,,,,,,false,false,false,,,false,false,false,false,false,-82.9751,42.43515,"{
  ""coordinates"": [
    -8.297509871400000e+01,
    4.243514465900010e+01
  ],
  ""type"": ""Point""
}","{
  ""coordinates"": [
    -82.975098714,
    42.435144659
  ],
  ""type"": ""Point""
}",-82.975098714,42.4351446590001
15600,1034994,RAMP 222B,WHITTIER,2017-05-18,18,5,2017,10,5,97,1,,1,0,,1,1,1,55,1,3,2,4,0,0,0,1,false,,false,false,false,false,false,,,,,,true,false,true,,,false,false,false,false,false,-82.94386,42.41299,"{
  ""coordinates"": [
    -8.294385555199990e+01,
    4.241298516600010e+01
  ],
  ""type"": ""Point""
}","{
  ""coordinates"": [
    -82.943855552,
    42.412985166
  ],
  ""type"": ""Point""
}",-82.9438555519999,42.4129851660001
15601,1072693,WARREN,EUGENE,2017-05-18,18,5,2017,17,5,4,9,,4,0,,1,1,1,30,5,2,4,4,0,0,0,2,false,,false,false,false,false,false,,,,,,false,false,true,,,false,false,false,false,false,-82.97453,42.3898,"{
  ""coordinates"": [
    -8.297453585300001e+01,
    4.238980654300010e+01
  ],
  ""type"": ""Point""
}","{
  ""coordinates"": [
    -82.974535853,
    42.389806543
  ],
  ""type"": ""Point""
}",-82.974535853,42.3898065430001
15602,1033958,S M 39 SERVICE DRIVE,RAMP 005K,2017-05-18,18,5,2017,9,5,5,3,,1,0,,1,1,1,55,3,2,2,5,0,0,0,0,true,,false,false,false,false,false,,,,,,false,false,false,,,false,false,false,false,false,-83.21602,42.32938,"{
  ""coordinates"": [
    -8.321601687099999e+01,
    4.232937479600000e+01
  ],
  ""type"": ""Point""
}","{
  ""coordinates"": [
    -83.216016871,
    42.329374796
  ],
  ""type"": ""Point""
}",-83.216016871,42.329374796
15603,1033965,PLAINVIEW,MCNICHOLS,2017-05-18,18,5,2017,7,5,2,9,,,2,,1,1,1,25,2,2,1,5,0,0,0,0,true,,false,false,false,false,false,,,,,,false,false,false,,,false,false,false,false,false,-83.23712,42.41524,"{
  ""coordinates"": [
    -8.323712477399989e+01,
    4.241523958900010e+01
  ],
  ""type"": ""Point""
}","{
  ""coordinates"": [
    -83.237124774,
    42.415239589
  ],
  ""type"": ""Point""
}",-83.2371247739999,42.4152395890001
15604,1033934,3RD,S I 75 SERVICE DRIVE,2017-05-18,18,5,2017,22,5,7,9,,4,0,,1,1,4,30,3,2,3,5,0,0,0,0,true,,false,false,true,false,false,,,,,,false,false,false,,,false,false,false,false,false,-83.06046,42.33661,"{
  ""coordinates"": [
    -8.306045376299990e+01,
    4.233661152700010e+01
  ],
  ""type"": ""Point""
}","{
  ""coordinates"": [
    -83.060453763,
    42.336611527
  ],
  ""type"": ""Point""
}",-83.0604537629999,42.3366115270001
15605,1032765,DEARBORN,FORT,2017-05-18,18,5,2017,11,5,9,3,,4,0,,1,1,1,30,2,2,2,5,0,0,0,0,true,,false,false,false,false,false,,,,,,false,false,false,,,false,false,false,false,false,-83.1364,42.29369,"{
  ""coordinates"": [
    -8.313640115299999e+01,
    4.229368823200010e+01
  ],
  ""type"": ""Point""
}","{
  ""coordinates"": [
    -83.136401153,
    42.293688232
  ],
  ""type"": ""Point""
}",-83.136401153,42.2936882320001
15606,1045138,WARREN,BRUSH,2017-05-18,18,5,2017,17,5,4,9,,4,0,,1,1,1,35,4,2,2,5,0,0,0,0,true,,false,false,false,false,false,,,,,,false,false,true,,,false,false,false,false,false,-83.05984,42.35867,"{
  ""coordinates"": [
    -8.305983674800000e+01,
    4.235866768100000e+01
  ],
  ""type"": ""Point""
}","{
  ""coordinates"": [
    -83.059836748,
    42.358667681
  ],
  ""type"": ""Point""
}",-83.059836748,42.358667681
15607,1045166,OAKMAN,FULLERTON,2017-05-18,18,5,2017,11,5,4,9,,4,0,,1,1,1,25,4,2,5,2,0,1,0,1,false,,true,true,false,false,false,,,,,,false,false,true,,,false,false,false,false,false,-83.14368,42.38091,"{
  ""coordinates"": [
    -8.314368170499991e+01,
    4.238091086500000e+01
  ],
  ""type"": ""Point""
}","{
  ""coordinates"": [
    -83.143681705,
    42.380910865
  ],
  ""type"": ""Point""
}",-83.1436817049999,42.380910865
15608,1034990,I-75,MCNICHOLS,2017-05-18,18,5,2017,9,5,5,1,,1,0,,1,1,1,70,4,3,4,4,0,0,0,1,false,,false,false,false,false,false,,,,,,false,true,false,,,false,false,false,false,false,-83.09118,42.42191,"{
  ""coordinates"": [
    -8.309117730299990e+01,
    4.242190817000010e+01
  ],
  ""type"": ""Point""
}","{
  ""coordinates"": [
    -83.091177303,
    42.42190817
  ],
  ""type"": ""Point""
}",-83.0911773029999,42.4219081700001
15609,1032767,JUNCTION,CHRISTIANCY,2017-05-18,18,5,2017,15,5,4,9,,4,0,,1,1,1,35,2,2,5,5,0,0,0,0,true,,false,false,false,false,false,,,,,,false,false,false,,,false,false,false,false,false,-83.10014,42.31547,"{
  ""coordinates"": [
    -8.310013585400000e+01,
    4.231546876600000e+01
  ],
  ""type"": ""Point""
}","{
  ""coordinates"": [
    -83.100135854,
    42.315468766
  ],
  ""type"": ""Point""
}",-83.100135854,42.315468766
15610,1036727,I-94,VAN DYKE,2017-05-18,18,5,2017,0,5,97,1,,1,0,,1,1,4,55,3,3,2,5,0,0,0,0,true,,false,false,true,false,false,,,,,,false,false,true,,,false,false,false,false,false,-83.02042,42.38605,"{
  ""coordinates"": [
    -8.302041930000000e+01,
    4.238604839900010e+01
  ],
  ""type"": ""Point""
}","{
  ""coordinates"": [
    -83.0204193,
    42.386048399
  ],
  ""type"": ""Point""
}",-83.0204193,42.3860483990001
15611,1032782,GRATIOT,8 MILE,2017-05-18,18,5,2017,19,5,4,3,,1,0,,1,1,1,35,9,2,2,3,0,0,1,1,false,,true,true,false,false,false,,,,,,false,false,false,,,false,false,false,false,false,-82.96794,42.44983,"{
  ""coordinates"": [
    -8.296794194500001e+01,
    4.244982949600010e+01
  ],
  ""type"": ""Point""
}","{
  ""coordinates"": [
    -82.967941945,
    42.449829496
  ],
  ""type"": ""Point""
}",-82.967941945,42.4498294960001
15612,1032773,7 MILE,EVERGREEN,2017-05-18,18,5,2017,15,5,97,9,,2,0,,1,1,1,35,2,2,2,5,0,0,0,0,true,,false,false,true,false,false,,,,,,false,true,false,,,false,false,false,false,false,-83.23892,42.42958,"{
  ""coordinates"": [
    -8.323892067299990e+01,
    4.242957708100000e+01
  ],
  ""type"": ""Point""
}","{
  ""coordinates"": [
    -83.238920673,
    42.429577081
  ],
  ""type"": ""Point""
}",-83.2389206729999,42.429577081
15613,1044272,WYOMING,TIREMAN,2017-05-18,18,5,2017,15,5,8,9,,4,0,,1,1,1,35,6,2,2,5,0,0,0,0,true,,false,false,false,false,false,,,,,,false,false,false,,,false,false,false,false,false,-83.15752,42.35185,"{
  ""coordinates"": [
    -8.315752632999990e+01,
    4.235185210800010e+01
  ],
  ""type"": ""Point""
}","{
  ""coordinates"": [
    -83.15752633,
    42.351852108
  ],
  ""type"": ""Point""
}",-83.1575263299999,42.3518521080001
15614,1036733,I-75,HOLBROOK,2017-05-18,18,5,2017,23,5,5,1,,1,0,,1,1,4,55,4,2,3,4,0,0,0,1,false,,false,false,false,false,false,,,,,,false,false,false,,,false,false,false,false,false,-83.06793,42.38633,"{
  ""coordinates"": [
    -8.306793159900000e+01,
    4.238633207600000e+01
  ],
  ""type"": ""Point""
}","{
  ""coordinates"": [
    -83.067931599,
    42.386332076
  ],
  ""type"": ""Point""
}",-83.067931599,42.386332076
15615,1032789,FENKELL,WARD,2017-05-18,18,5,2017,18,5,5,9,,2,0,,1,1,1,35,5,2,2,5,0,0,0,0,true,,false,false,false,false,false,,,,,,false,false,false,,,false,false,false,false,false,-83.17384,42.40217,"{
  ""coordinates"": [
    -8.317383583000000e+01,
    4.240216835200000e+01
  ],
  ""type"": ""Point""
}","{
  ""coordinates"": [
    -83.17383583,
    42.402168352
  ],
  ""type"": ""Point""
}",-83.17383583,42.402168352
15616,1032784,CORBETT,BARRETT,2017-05-18,18,5,2017,2,5,9,9,,,2,,1,1,4,0,1,3,0,5,0,0,0,0,true,,false,false,true,false,false,,,,,,false,false,false,,,false,false,false,false,false,-82.98586,42.40306,"{
  ""coordinates"": [
    -8.298585629999999e+01,
    4.240306571700010e+01
  ],
  ""type"": ""Point""
}","{
  ""coordinates"": [
    -82.9858563,
    42.403065717
  ],
  ""type"": ""Point""
}",-82.9858563,42.4030657170001
15617,1032771,FRENCH,WARREN,2017-05-18,18,5,2017,16,5,5,9,,4,0,,1,1,1,30,2,2,1,5,0,0,0,0,true,,false,false,true,false,false,,,,,,false,false,false,,,false,false,false,false,false,-82.99082,42.38514,"{
  ""coordinates"": [
    -8.299082069600000e+01,
    4.238514193300010e+01
  ],
  ""type"": ""Point""
}","{
  ""coordinates"": [
    -82.990820696,
    42.385141933
  ],
  ""type"": ""Point""
}",-82.990820696,42.3851419330001
15618,1032794,GREENFIELD,OUTER,2017-05-18,18,5,2017,15,5,9,9,,2,2,,1,1,1,35,6,2,1,5,0,0,0,0,true,,false,false,true,false,false,,,,,,false,true,false,,,false,false,false,false,false,-83.19946,42.41995,"{
  ""coordinates"": [
    -8.319946220000000e+01,
    4.241995273300010e+01
  ],
  ""type"": ""Point""
}","{
  ""coordinates"": [
    -83.1994622,
    42.419952733
  ],
  ""type"": ""Point""
}",-83.1994622,42.4199527330001
15619,1075906,I-75,MCNICHOLS,2017-05-18,18,5,2017,9,5,97,1,,1,0,,1,1,1,70,3,2,2,5,0,0,0,0,true,,false,false,false,false,false,,,,,,false,false,false,,,false,false,false,false,false,-83.08503,42.41505,"{
  ""coordinates"": [
    -8.308503202100000e+01,
    4.241505159400000e+01
  ],
  ""type"": ""Point""
}","{
  ""coordinates"": [
    -83.085032021,
    42.415051594
  ],
  ""type"": ""Point""
}",-83.085032021,42.415051594
15620,1038591,RAMP 046A,N I 75,2017-05-18,18,5,2017,16,5,1,1,,1,1,,1,1,1,55,1,1,2,4,0,0,0,1,false,,false,false,false,false,false,,,,,,false,false,false,,,false,false,false,false,false,-83.0665,42.3844,"{
  ""coordinates"": [
    -8.306649809500000e+01,
    4.238439581700000e+01
  ],
  ""type"": ""Point""
}","{
  ""coordinates"": [
    -83.066498095,
    42.384395817
  ],
  ""type"": ""Point""
}",-83.066498095,42.384395817