ObjectId,Crash ID,Primary Road,Intersecting Road,Crash Date,Day,Month,Year,Hour,Weekday,Crash Type Code,Highway Classification Code,Community Code,Jurisdiction Code,Lane Departure Type Code,Surface Type,Road Condition,Weather Condition,Lighting Condition,Speed Limit,Lanes,Units,Occupants,Most Severe Injury,Fatal Injuries,Suspected Serious Injuries,Suspected Minor Injuries,Possible Injuries,Property Damage Only,Secondary Crash,Traffic Control,Red Light Run,Hit and Run,Alcohol,Drugs,Unbelted Person,Work Zone,Speeding Driver,Distracted Driver,Driveway,Pedestrian,Elderly Driver,Young Driver,Commercial Vehicle,Emergency Vehicles,Train,School Bus,Motorcycle,Bicycle,Deer,Longitude,Latitude,geom,geog,x,y
15621,1032766,GRAND RIVER,W I 96 SERVICE DRIVE,2017-05-18,18,5,2017,15,5,4,3,,1,0,,1,1,1,35,7,2,13,4,0,0,0,1,false,,false,false,false,false,false,,,,,,false,false,false,,,false,false,false,false,false,-83.17688,42.384,"{
  ""coordinates"": [
    -8.317687768499999e+01,
    4.238400404300010e+01
  ],
  ""type"": ""Point""
}","{
  ""coordinates"": [
    -83.176877685,
    42.384004043
  ],
  ""type"": ""Point""
}",-83.176877685,42.3840040430001
15622,1036729,N I 375,S I 375 SERVICE DRIVE,2017-05-18,18,5,2017,18,5,1,1,,1,1,,1,1,1,55,2,1,1,4,0,0,0,1,false,,false,false,false,false,false,,,,,,false,false,true,,,false,false,true,false,false,-83.03608,42.33212,"{
  ""coordinates"": [
    -8.303608192199989e+01,
    4.233211687600000e+01
  ],
  ""type"": ""Point""
}","{
  ""coordinates"": [
    -83.036081922,
    42.332116876
  ],
  ""type"": ""Point""
}",-83.0360819219999,42.332116876
15623,1032751,JOHN R,CANFIELD,2017-05-18,18,5,2017,17,5,4,9,,4,0,,1,1,1,25,2,2,3,5,0,0,0,0,true,,false,false,false,false,false,,,,,,false,false,false,,,false,false,false,false,false,-83.05938,42.35363,"{
  ""coordinates"": [
    -8.305937878500001e+01,
    4.235363313100000e+01
  ],
  ""type"": ""Point""
}","{
  ""coordinates"": [
    -83.059378785,
    42.353633131
  ],
  ""type"": ""Point""
}",-83.059378785,42.353633131
15624,1032755,TEMPLE,WOODWARD,2017-05-18,18,5,2017,15,5,8,9,,4,0,,1,1,1,25,2,2,10,5,0,0,0,0,true,,false,false,false,false,false,,,,,,false,false,false,,,false,true,false,false,false,-83.05572,42.34307,"{
  ""coordinates"": [
    -8.305571970200000e+01,
    4.234307019100000e+01
  ],
  ""type"": ""Point""
}","{
  ""coordinates"": [
    -83.055719702,
    42.343070191
  ],
  ""type"": ""Point""
}",-83.055719702,42.343070191
15625,1032779,CONNER,CHARLEMAGNE,2017-05-18,18,5,2017,13,5,3,9,,4,0,,1,1,1,35,5,2,2,5,0,0,0,0,true,,false,false,false,false,false,,,,,,false,true,false,,,false,false,false,false,false,-83.00043,42.40718,"{
  ""coordinates"": [
    -8.300042541700000e+01,
    4.240717992100010e+01
  ],
  ""type"": ""Point""
}","{
  ""coordinates"": [
    -83.000425417,
    42.407179921
  ],
  ""type"": ""Point""
}",-83.000425417,42.4071799210001
15626,1032793,CURTIS,INDIANA,2017-05-18,18,5,2017,10,5,5,9,,4,0,,1,1,1,30,4,2,2,5,0,0,0,0,true,,false,false,false,false,false,,,,,,false,false,false,,,false,false,false,false,false,-83.15847,42.42421,"{
  ""coordinates"": [
    -8.315846727500001e+01,
    4.242420908500000e+01
  ],
  ""type"": ""Point""
}","{
  ""coordinates"": [
    -83.158467275,
    42.424209085
  ],
  ""type"": ""Point""
}",-83.158467275,42.424209085
15627,1032758,WOODWARD,MACK,2017-05-18,18,5,2017,12,5,4,3,,1,0,,1,1,1,30,6,2,4,5,0,0,0,0,true,,false,false,true,false,false,,,,,,false,false,false,,,false,false,false,false,false,-83.05797,42.34753,"{
  ""coordinates"": [
    -8.305796688800000e+01,
    4.234752928600010e+01
  ],
  ""type"": ""Point""
}","{
  ""coordinates"": [
    -83.057966888,
    42.347529286
  ],
  ""type"": ""Point""
}",-83.057966888,42.3475292860001
15628,1032756,WOODWARD,HARPER,2017-05-18,18,5,2017,17,5,4,3,,1,0,,1,1,1,35,6,2,2,5,0,0,0,0,true,,false,false,false,false,false,,,,,,false,false,true,,,false,false,false,false,false,-83.06994,42.36516,"{
  ""coordinates"": [
    -8.306994212599990e+01,
    4.236515752600010e+01
  ],
  ""type"": ""Point""
}","{
  ""coordinates"": [
    -83.069942126,
    42.365157526
  ],
  ""type"": ""Point""
}",-83.0699421259999,42.3651575260001
15629,1033915,MEYERS,JOY,2017-05-18,18,5,2017,14,5,8,9,,4,0,,1,1,1,35,4,2,1,5,0,0,0,0,true,,false,false,false,false,false,,,,,,false,true,false,,,false,false,false,false,false,-83.16772,42.35887,"{
  ""coordinates"": [
    -8.316772684199999e+01,
    4.235887027200000e+01
  ],
  ""type"": ""Point""
}","{
  ""coordinates"": [
    -83.167726842,
    42.358870272
  ],
  ""type"": ""Point""
}",-83.167726842,42.358870272
15630,1032768,DICKERSON,MAIDEN,2017-05-18,18,5,2017,20,5,4,9,,4,0,,1,1,4,35,2,2,2,5,0,0,0,0,true,,false,false,true,false,false,,,,,,false,false,false,,,false,false,false,false,false,-82.97527,42.40571,"{
  ""coordinates"": [
    -8.297526713699990e+01,
    4.240571058900010e+01
  ],
  ""type"": ""Point""
}","{
  ""coordinates"": [
    -82.975267137,
    42.405710589
  ],
  ""type"": ""Point""
}",-82.9752671369999,42.4057105890001
15631,1036039,RICHARD,WOODMERE,2017-05-18,18,5,2017,12,5,97,9,,,0,,1,1,1,25,3,2,2,5,0,0,0,0,true,,false,false,false,false,false,,,,,,false,true,false,,,false,false,false,false,false,-83.13773,42.30994,"{
  ""coordinates"": [
    -8.313772408299999e+01,
    4.230993551000010e+01
  ],
  ""type"": ""Point""
}","{
  ""coordinates"": [
    -83.137724083,
    42.30993551
  ],
  ""type"": ""Point""
}",-83.137724083,42.3099355100001
15632,1035053,STRATHMOOR,TIREMAN,2017-05-18,18,5,2017,20,5,97,9,,,0,,1,1,1,25,2,2,0,5,0,0,0,0,true,,false,false,true,false,false,,,,,,false,false,false,,,false,false,false,false,false,-83.18575,42.35249,"{
  ""coordinates"": [
    -8.318574496699991e+01,
    4.235248602600010e+01
  ],
  ""type"": ""Point""
}","{
  ""coordinates"": [
    -83.185744967,
    42.352486026
  ],
  ""type"": ""Point""
}",-83.1857449669999,42.3524860260001
15633,1032795,OUTER,PREST,2017-05-18,18,5,2017,17,5,4,9,,2,0,,1,1,1,25,6,2,1,5,0,0,0,0,true,,false,false,true,false,false,,,,,,false,false,false,,,false,false,false,false,false,-83.19827,42.41972,"{
  ""coordinates"": [
    -8.319826490799990e+01,
    4.241972274400010e+01
  ],
  ""type"": ""Point""
}","{
  ""coordinates"": [
    -83.198264908,
    42.419722744
  ],
  ""type"": ""Point""
}",-83.1982649079999,42.4197227440001
15634,1036728,N M 10,HOWARD,2017-05-18,18,5,2017,18,5,5,3,,1,0,,1,1,1,55,3,2,2,5,0,0,0,0,true,,false,false,false,false,false,,,,,,false,false,false,,,false,false,false,false,false,-83.0591,42.3297,"{
  ""coordinates"": [
    -8.305910870500000e+01,
    4.232969746600000e+01
  ],
  ""type"": ""Point""
}","{
  ""coordinates"": [
    -83.059108705,
    42.329697466
  ],
  ""type"": ""Point""
}",-83.059108705,42.329697466
15635,1035054,FRISBEE,DALE,2017-05-18,18,5,2017,13,5,98,9,,,0,,98,98,98,35,2,2,0,5,0,0,0,0,true,,false,false,true,false,false,,,,,,false,false,false,,,false,false,false,false,false,-83.27664,42.43518,"{
  ""coordinates"": [
    -8.327664240199989e+01,
    4.243518391100010e+01
  ],
  ""type"": ""Point""
}","{
  ""coordinates"": [
    -83.276642402,
    42.435183911
  ],
  ""type"": ""Point""
}",-83.2766424019999,42.4351839110001
15636,1036724,E I 96 CD,RAMP 008B,2017-05-18,18,5,2017,20,5,1,1,,1,1,,1,1,4,55,2,1,1,4,0,0,0,1,false,,false,false,false,false,false,,,,,,false,false,false,,,false,false,false,false,false,-83.20802,42.37854,"{
  ""coordinates"": [
    -8.320801526799990e+01,
    4.237854405600010e+01
  ],
  ""type"": ""Point""
}","{
  ""coordinates"": [
    -83.208015268,
    42.378544056
  ],
  ""type"": ""Point""
}",-83.2080152679999,42.3785440560001
15637,1049101,BECK,SIX MILE RD,2017-05-18,18,5,2017,15,5,1,3,,1,0,,1,6,1,45,2,1,1,5,0,0,0,0,true,,false,false,false,false,false,,,,,,false,false,false,,,false,false,false,false,false,-83.00244,42.41915,"{
  ""coordinates"": [
    -8.300243872199999e+01,
    4.241914848700000e+01
  ],
  ""type"": ""Point""
}","{
  ""coordinates"": [
    -83.002438722,
    42.419148487
  ],
  ""type"": ""Point""
}",-83.002438722,42.419148487
15638,1036070,TURNER,EATON,2017-05-18,18,5,2017,20,5,1,9,,,1,,1,1,1,25,2,1,2,1,1,1,0,0,false,,false,false,false,true,true,,,,,,false,false,false,,,false,false,false,false,false,-83.14796,42.39724,"{
  ""coordinates"": [
    -8.314795557399999e+01,
    4.239724319300010e+01
  ],
  ""type"": ""Point""
}","{
  ""coordinates"": [
    -83.147955574,
    42.397243193
  ],
  ""type"": ""Point""
}",-83.147955574,42.3972431930001
15639,1034998,I-94,BRUSH,2017-05-18,18,5,2017,10,5,5,1,,1,0,,1,1,1,55,3,2,2,5,0,0,0,0,true,,false,false,false,false,false,,,,,,false,false,true,,,false,false,false,false,false,-83.06623,42.36505,"{
  ""coordinates"": [
    -8.306623413400000e+01,
    4.236504573000010e+01
  ],
  ""type"": ""Point""
}","{
  ""coordinates"": [
    -83.066234134,
    42.36504573
  ],
  ""type"": ""Point""
}",-83.066234134,42.3650457300001
15640,1036806,CHANDLER PARK,HEREFORD,2017-05-18,18,5,2017,18,5,8,9,,2,0,,1,1,1,35,2,2,3,5,0,0,0,0,true,,false,false,true,false,false,,,,,,false,true,false,,,false,false,false,false,false,-82.92706,42.41312,"{
  ""coordinates"": [
    -8.292705186599990e+01,
    4.241312587700000e+01
  ],
  ""type"": ""Point""
}","{
  ""coordinates"": [
    -82.927051866,
    42.413125877
  ],
  ""type"": ""Point""
}",-82.9270518659999,42.413125877
15641,1046526,I-94,CENTRAL,2017-05-18,18,5,2017,8,5,5,1,,1,0,,1,1,1,55,3,4,2,5,0,0,0,0,true,,false,false,true,false,false,,,,,,false,false,false,,,false,false,false,false,false,-83.13789,42.33244,"{
  ""coordinates"": [
    -8.313788697800000e+01,
    4.233244485900010e+01
  ],
  ""type"": ""Point""
}","{
  ""coordinates"": [
    -83.137886978,
    42.332444859
  ],
  ""type"": ""Point""
}",-83.137886978,42.3324448590001
15642,1033973,ANNSBURY,CORBETT,2017-05-18,18,5,2017,22,5,9,9,,,2,,1,1,4,25,2,2,1,3,0,0,1,0,false,,false,false,false,false,false,,,,,,false,false,false,,,false,false,false,false,false,-82.98122,42.40466,"{
  ""coordinates"": [
    -8.298122415400000e+01,
    4.240465949300010e+01
  ],
  ""type"": ""Point""
}","{
  ""coordinates"": [
    -82.981224154,
    42.404659493
  ],
  ""type"": ""Point""
}",-82.981224154,42.4046594930001
15643,1033968,PURITAN,ARCHDALE,2017-05-18,18,5,2017,20,5,4,9,,4,0,,1,1,1,35,2,2,7,1,1,0,3,1,false,,false,false,true,true,false,,,,,,false,false,false,,,false,false,false,false,false,-83.21638,42.40839,"{
  ""coordinates"": [
    -8.321638581900000e+01,
    4.240838620600000e+01
  ],
  ""type"": ""Point""
}","{
  ""coordinates"": [
    -83.216385819,
    42.408386206
  ],
  ""type"": ""Point""
}",-83.216385819,42.408386206
15644,1038684,TRUMBULL,MERRICK,2017-05-18,18,5,2017,11,5,8,9,,4,0,,1,1,1,30,4,2,3,5,0,0,0,0,true,,false,false,false,false,false,,,,,,false,false,false,,,false,false,false,false,false,-83.07966,42.35373,"{
  ""coordinates"": [
    -8.307965877899990e+01,
    4.235373007700010e+01
  ],
  ""type"": ""Point""
}","{
  ""coordinates"": [
    -83.079658779,
    42.353730077
  ],
  ""type"": ""Point""
}",-83.0796587789999,42.3537300770001
15645,1034996,M-10,GREENLAWN,2017-05-18,18,5,2017,8,5,5,3,,1,0,,1,1,1,55,3,3,3,5,0,0,0,0,true,,false,false,false,false,false,,,,,,false,false,false,,,false,false,false,false,false,-83.20193,42.44349,"{
  ""coordinates"": [
    -8.320192340599991e+01,
    4.244349240800010e+01
  ],
  ""type"": ""Point""
}","{
  ""coordinates"": [
    -83.201923406,
    42.443492408
  ],
  ""type"": ""Point""
}",-83.2019234059999,42.4434924080001
15646,1033992,SOUTHFIELD SERVICE DRIVE,8 MILE,2017-05-18,18,5,2017,15,5,5,3,,4,0,,1,1,1,55,2,2,2,5,0,0,0,0,true,,false,false,false,false,false,,,,,,false,false,false,,,false,false,false,false,false,-83.21928,42.44422,"{
  ""coordinates"": [
    -8.321927428299990e+01,
    4.244422053500010e+01
  ],
  ""type"": ""Point""
}","{
  ""coordinates"": [
    -83.219274283,
    42.444220535
  ],
  ""type"": ""Point""
}",-83.2192742829999,42.4442205350001
15647,1032752,GRATIOT,SAINT ANTOINE,2017-05-18,18,5,2017,9,5,8,3,,1,0,,1,1,1,35,3,2,3,5,0,0,0,0,true,,false,false,true,false,false,,,,,,false,false,false,,,false,false,false,false,false,-83.04295,42.33806,"{
  ""coordinates"": [
    -8.304295595100000e+01,
    4.233806267600000e+01
  ],
  ""type"": ""Point""
}","{
  ""coordinates"": [
    -83.042955951,
    42.338062676
  ],
  ""type"": ""Point""
}",-83.042955951,42.338062676
15648,1034999,I-96,MEYER,2017-05-18,18,5,2017,14,5,8,1,,1,0,,1,1,1,70,3,2,4,5,0,0,0,0,true,,false,false,false,false,false,,,,,,false,false,true,,,false,false,false,false,false,-83.17051,42.38483,"{
  ""coordinates"": [
    -8.317050573200000e+01,
    4.238483455300010e+01
  ],
  ""type"": ""Point""
}","{
  ""coordinates"": [
    -83.170505732,
    42.384834553
  ],
  ""type"": ""Point""
}",-83.170505732,42.3848345530001
15649,1032759,MICHIGAN,WABASH,2017-05-18,18,5,2017,14,5,1,2,,1,0,,1,1,1,30,5,2,3,3,0,0,1,0,false,,false,false,false,false,false,,,,,,true,false,false,,,false,false,false,false,false,-83.07507,42.33138,"{
  ""coordinates"": [
    -8.307506749800000e+01,
    4.233137946600000e+01
  ],
  ""type"": ""Point""
}","{
  ""coordinates"": [
    -83.075067498,
    42.331379466
  ],
  ""type"": ""Point""
}",-83.075067498,42.331379466
15650,1033999,WYOMING,PURITAN,2017-05-18,18,5,2017,22,5,4,9,,4,0,,1,1,5,35,2,2,2,4,0,0,0,2,false,,true,true,false,false,false,,,,,,false,false,false,,,false,false,false,false,false,-83.16,42.40971,"{
  ""coordinates"": [
    -8.315999912900000e+01,
    4.240971306100000e+01
  ],
  ""type"": ""Point""
}","{
  ""coordinates"": [
    -83.159999129,
    42.409713061
  ],
  ""type"": ""Point""
}",-83.159999129,42.409713061
15651,1046633,N M 10,VASSAR,2017-05-18,18,5,2017,7,5,8,3,,1,0,,1,1,1,0,3,2,2,5,0,0,0,0,true,,false,false,true,false,false,,,,,,false,false,false,,,false,false,false,false,false,-83.19028,42.43414,"{
  ""coordinates"": [
    -8.319028112900000e+01,
    4.243414145300010e+01
  ],
  ""type"": ""Point""
}","{
  ""coordinates"": [
    -83.190281129,
    42.434141453
  ],
  ""type"": ""Point""
}",-83.190281129,42.4341414530001
15652,1035000,S I 75,RAMP 041I,2017-05-18,18,5,2017,16,5,8,1,,1,0,,1,1,1,55,4,2,2,5,0,0,0,0,true,,false,false,false,false,false,,,,,,false,false,false,,,false,false,false,false,false,-83.04469,42.34506,"{
  ""coordinates"": [
    -8.304468595100001e+01,
    4.234505670000000e+01
  ],
  ""type"": ""Point""
}","{
  ""coordinates"": [
    -83.044685951,
    42.3450567
  ],
  ""type"": ""Point""
}",-83.044685951,42.3450567
15653,1032775,W I 94,FRONTENAC,2017-05-18,18,5,2017,23,5,4,1,,1,0,,1,1,4,25,4,2,1,5,0,0,0,0,true,,false,false,true,false,false,,,,,,false,false,true,,,false,false,false,false,false,-83.02628,42.38493,"{
  ""coordinates"": [
    -8.302627853599989e+01,
    4.238492922000010e+01
  ],
  ""type"": ""Point""
}","{
  ""coordinates"": [
    -83.026278536,
    42.38492922
  ],
  ""type"": ""Point""
}",-83.0262785359999,42.3849292200001
15654,1031899,DEQUINDRE,FOREST,2017-05-18,18,5,2017,1,5,1,9,,4,0,,1,1,4,25,3,1,1,2,0,1,0,0,false,,false,false,false,false,false,,,,,,false,false,false,,,false,false,true,false,false,-83.04547,42.3614,"{
  ""coordinates"": [
    -8.304546852700000e+01,
    4.236140516300000e+01
  ],
  ""type"": ""Point""
}","{
  ""coordinates"": [
    -83.045468527,
    42.361405163
  ],
  ""type"": ""Point""
}",-83.045468527,42.361405163
15655,1032753,GRAND RIVER,WYOMING,2017-05-18,18,5,2017,22,5,4,3,,1,0,,1,1,4,35,6,2,5,4,0,0,0,3,false,,false,false,false,false,false,,,,,,false,false,false,,,false,false,false,false,false,-83.15868,42.37669,"{
  ""coordinates"": [
    -8.315868321300000e+01,
    4.237668444900000e+01
  ],
  ""type"": ""Point""
}","{
  ""coordinates"": [
    -83.158683213,
    42.376684449
  ],
  ""type"": ""Point""
}",-83.158683213,42.376684449
15656,1063841,FORD,OUTER DRIVE,2017-05-18,18,5,2017,21,5,8,1,,1,0,,1,1,1,50,4,2,0,5,0,0,0,0,true,,false,false,true,false,false,,,,,,false,false,false,,,false,false,true,false,false,-82.95679,42.40611,"{
  ""coordinates"": [
    -8.295678497900001e+01,
    4.240611095300010e+01
  ],
  ""type"": ""Point""
}","{
  ""coordinates"": [
    -82.956784979,
    42.406110953
  ],
  ""type"": ""Point""
}",-82.956784979,42.4061109530001
15657,1033978,MARK TWIAIN,INTERVALE,2017-05-18,18,5,2017,14,5,8,9,,,0,,1,1,1,15,2,2,2,5,0,0,0,0,true,,false,false,false,false,false,,,,,,false,false,false,,,false,false,false,false,false,-83.18616,42.39109,"{
  ""coordinates"": [
    -8.318615832899999e+01,
    4.239108664600010e+01
  ],
  ""type"": ""Point""
}","{
  ""coordinates"": [
    -83.186158329,
    42.391086646
  ],
  ""type"": ""Point""
}",-83.186158329,42.3910866460001
15658,1031915,WILFRED,GUNSTON,2017-05-17,17,5,2017,9,4,5,9,,,0,,1,1,1,25,1,2,4,5,0,0,0,0,true,,false,false,false,false,false,,,,,,false,false,false,,,false,false,false,false,false,-82.99739,42.40998,"{
  ""coordinates"": [
    -8.299739026700000e+01,
    4.240998241100000e+01
  ],
  ""type"": ""Point""
}","{
  ""coordinates"": [
    -82.997390267,
    42.409982411
  ],
  ""type"": ""Point""
}",-82.997390267,42.409982411
15659,1121480,HARPER,MORANG,2017-05-17,17,5,2017,14,4,8,9,,4,0,,1,1,1,30,2,2,3,5,0,0,0,0,true,,false,false,false,false,false,,,,,,false,true,false,,,false,false,false,false,false,-82.93297,42.41865,"{
  ""coordinates"": [
    -8.293296778900000e+01,
    4.241864903300010e+01
  ],
  ""type"": ""Point""
}","{
  ""coordinates"": [
    -82.932967789,
    42.418649033
  ],
  ""type"": ""Point""
}",-82.932967789,42.4186490330001
15660,1031849,GRANDRIVER,DEXTER,2017-05-17,17,5,2017,10,4,5,3,,1,0,,1,1,1,0,4,2,1,5,0,0,0,0,true,,false,false,true,false,false,,,,,,false,false,false,,,false,false,false,false,false,-83.10803,42.35625,"{
  ""coordinates"": [
    -8.310803030700001e+01,
    4.235624947900000e+01
  ],
  ""type"": ""Point""
}","{
  ""coordinates"": [
    -83.108030307,
    42.356249479
  ],
  ""type"": ""Point""
}",-83.108030307,42.356249479
15661,1031848,MICHIGAN,14TH ST1,2017-05-17,17,5,2017,10,4,8,2,,1,0,,1,1,1,30,5,2,2,5,0,0,0,0,true,,false,false,false,false,false,,,,,,false,false,false,,,false,false,false,false,false,-83.07641,42.33136,"{
  ""coordinates"": [
    -8.307641138000000e+01,
    4.233135438200000e+01
  ],
  ""type"": ""Point""
}","{
  ""coordinates"": [
    -83.07641138,
    42.331354382
  ],
  ""type"": ""Point""
}",-83.07641138,42.331354382
15662,1032772,RUTHERFORD,GRANDRIVER,2017-05-17,17,5,2017,19,4,97,9,,,0,,1,1,1,25,2,2,0,5,0,0,0,0,true,,false,false,true,false,false,,,,,,false,false,false,,,false,false,false,false,false,-83.20376,42.3935,"{
  ""coordinates"": [
    -8.320375653699990e+01,
    4.239350078400000e+01
  ],
  ""type"": ""Point""
}","{
  ""coordinates"": [
    -83.203756537,
    42.393500784
  ],
  ""type"": ""Point""
}",-83.2037565369999,42.393500784
15663,1031939,NORFOLK,FREELAND,2017-05-17,17,5,2017,1,4,5,9,,,0,,1,1,4,25,2,2,1,5,0,0,0,0,true,,false,false,true,false,false,,,,,,false,false,false,,,false,false,false,false,false,-83.18667,42.44275,"{
  ""coordinates"": [
    -8.318666953000000e+01,
    4.244274828500010e+01
  ],
  ""type"": ""Point""
}","{
  ""coordinates"": [
    -83.18666953,
    42.442748285
  ],
  ""type"": ""Point""
}",-83.18666953,42.4427482850001
15664,1036820,CHICAGO,NARDIN,2017-05-17,17,5,2017,4,4,8,9,,4,3,,1,1,5,25,2,2,0,5,0,0,0,0,true,,false,false,false,false,false,,,,,,false,false,false,,,false,false,false,false,false,-83.13213,42.36923,"{
  ""coordinates"": [
    -8.313212342000000e+01,
    4.236923097900010e+01
  ],
  ""type"": ""Point""
}","{
  ""coordinates"": [
    -83.13212342,
    42.369230979
  ],
  ""type"": ""Point""
}",-83.13212342,42.3692309790001
15665,1031861,WATERMAN,GOLDSMITH,2017-05-17,17,5,2017,13,4,4,9,,4,0,,1,1,1,25,2,2,2,4,0,0,0,1,false,,false,false,false,false,false,,,,,,false,true,true,,,false,false,true,false,false,-83.11374,42.31193,"{
  ""coordinates"": [
    -8.311373757900000e+01,
    4.231193295800010e+01
  ],
  ""type"": ""Point""
}","{
  ""coordinates"": [
    -83.113737579,
    42.311932958
  ],
  ""type"": ""Point""
}",-83.113737579,42.3119329580001
15666,1031940,ADELINE,RALSTON,2017-05-17,17,5,2017,12,4,8,9,,,0,,1,1,1,25,2,2,0,5,0,0,0,0,true,,false,false,true,false,false,,,,,,false,false,false,,,false,false,false,false,false,-83.11711,42.43843,"{
  ""coordinates"": [
    -8.311710780700000e+01,
    4.243843538500000e+01
  ],
  ""type"": ""Point""
}","{
  ""coordinates"": [
    -83.117107807,
    42.438435385
  ],
  ""type"": ""Point""
}",-83.117107807,42.438435385
15667,1031938,CURTIS,INDIANA,2017-05-17,17,5,2017,8,4,5,9,,4,0,,1,1,1,25,2,2,2,5,0,0,0,0,true,,false,false,false,false,false,,,,,,false,false,false,,,false,false,false,false,false,-83.15851,42.42421,"{
  ""coordinates"": [
    -8.315850661199990e+01,
    4.242420863000010e+01
  ],
  ""type"": ""Point""
}","{
  ""coordinates"": [
    -83.158506612,
    42.42420863
  ],
  ""type"": ""Point""
}",-83.1585066119999,42.4242086300001
15668,1031796,N/B M 39,8 MILE,2017-05-17,17,5,2017,14,4,8,3,,1,0,,1,1,1,55,3,2,2,5,0,0,0,0,true,,false,false,false,false,false,,,,,,false,true,false,,,false,false,false,false,false,-83.21968,42.44128,"{
  ""coordinates"": [
    -8.321968015700000e+01,
    4.244128336600010e+01
  ],
  ""type"": ""Point""
}","{
  ""coordinates"": [
    -83.219680157,
    42.441283366
  ],
  ""type"": ""Point""
}",-83.219680157,42.4412833660001
15669,1032788,8 MILE,RYAN,2017-05-17,17,5,2017,17,4,8,3,,1,0,,1,1,1,0,3,2,1,5,0,0,0,0,true,,false,false,false,false,false,,,,,,false,false,false,,,false,false,false,false,false,-83.06535,42.44725,"{
  ""coordinates"": [
    -8.306534375900000e+01,
    4.244724826500000e+01
  ],
  ""type"": ""Point""
}","{
  ""coordinates"": [
    -83.065343759,
    42.447248265
  ],
  ""type"": ""Point""
}",-83.065343759,42.447248265
15670,1031914,CONNER,FINDLAY,2017-05-17,17,5,2017,7,4,97,9,,4,0,,1,1,1,35,5,2,5,5,0,0,0,0,true,,false,false,false,false,false,,,,,,false,false,false,,,false,false,false,false,false,-83.00579,42.41135,"{
  ""coordinates"": [
    -8.300578705500000e+01,
    4.241135027500010e+01
  ],
  ""type"": ""Point""
}","{
  ""coordinates"": [
    -83.005787055,
    42.411350275
  ],
  ""type"": ""Point""
}",-83.005787055,42.4113502750001
15671,1031789,S M 10,LIVERNOIS,2017-05-17,17,5,2017,7,4,8,3,,1,0,,1,1,1,55,3,2,4,3,0,0,1,2,false,,false,false,false,false,false,,,,,,false,false,false,,,false,false,false,false,false,-83.14059,42.40481,"{
  ""coordinates"": [
    -8.314059808800000e+01,
    4.240481021800010e+01
  ],
  ""type"": ""Point""
}","{
  ""coordinates"": [
    -83.140598088,
    42.404810218
  ],
  ""type"": ""Point""
}",-83.140598088,42.4048102180001
15672,1031885,WARREN,WOODMONT,2017-05-17,17,5,2017,17,4,5,9,,2,0,,1,1,1,35,4,3,3,5,0,0,0,0,true,,false,false,true,false,false,,,,,,false,false,true,,,false,false,false,false,false,-83.20708,42.34352,"{
  ""coordinates"": [
    -8.320707995399989e+01,
    4.234352365400010e+01
  ],
  ""type"": ""Point""
}","{
  ""coordinates"": [
    -83.207079954,
    42.343523654
  ],
  ""type"": ""Point""
}",-83.2070799539999,42.3435236540001
15673,1036774,CONGRESS,RANDOLPH,2017-05-17,17,5,2017,16,4,97,3,,4,0,,1,1,1,30,4,2,2,5,0,0,0,0,true,,false,false,false,false,false,,,,,,false,false,true,,,false,false,false,false,false,-83.04295,42.33144,"{
  ""coordinates"": [
    -8.304294342700000e+01,
    4.233143894400010e+01
  ],
  ""type"": ""Point""
}","{
  ""coordinates"": [
    -83.042943427,
    42.331438944
  ],
  ""type"": ""Point""
}",-83.042943427,42.3314389440001
15674,1033980,PARKSIDE,FLORENCE,2017-05-17,17,5,2017,3,4,9,9,,,0,,1,1,4,25,2,2,1,4,0,0,0,1,false,,false,false,false,false,false,,,,,,false,false,true,,,false,false,false,false,false,-83.13141,42.41235,"{
  ""coordinates"": [
    -8.313140857300000e+01,
    4.241234467500000e+01
  ],
  ""type"": ""Point""
}","{
  ""coordinates"": [
    -83.131408573,
    42.412344675
  ],
  ""type"": ""Point""
}",-83.131408573,42.412344675
15675,1031798,N/B I 75,DEARBORN,2017-05-17,17,5,2017,16,4,5,1,,1,0,,1,1,1,55,3,2,2,5,0,0,0,0,true,,false,false,false,false,false,,,,,,false,false,false,,,false,false,false,false,false,-83.13013,42.29072,"{
  ""coordinates"": [
    -8.313012845700000e+01,
    4.229071817000000e+01
  ],
  ""type"": ""Point""
}","{
  ""coordinates"": [
    -83.130128457,
    42.29071817
  ],
  ""type"": ""Point""
}",-83.130128457,42.29071817
15676,1031773,M-39,PEMBROKE,2017-05-17,17,5,2017,8,4,5,3,,1,0,,1,1,1,55,3,5,5,4,0,0,0,1,false,,false,false,true,false,false,,,,,,false,true,true,,,false,false,false,false,false,-83.21951,42.43684,"{
  ""coordinates"": [
    -8.321951634500000e+01,
    4.243683700400000e+01
  ],
  ""type"": ""Point""
}","{
  ""coordinates"": [
    -83.219516345,
    42.436837004
  ],
  ""type"": ""Point""
}",-83.219516345,42.436837004
15677,1031864,CADIEUX,W I 94,2017-05-17,17,5,2017,0,4,5,1,,4,0,,1,1,4,30,4,2,2,5,0,0,0,0,true,,false,false,true,false,false,,,,,,false,false,false,,,false,false,false,false,false,-82.93719,42.4173,"{
  ""coordinates"": [
    -8.293719744100000e+01,
    4.241730256200000e+01
  ],
  ""type"": ""Point""
}","{
  ""coordinates"": [
    -82.937197441,
    42.417302562
  ],
  ""type"": ""Point""
}",-82.937197441,42.417302562