ObjectId,Crash ID,Primary Road,Intersecting Road,Crash Date,Day,Month,Year,Hour,Weekday,Crash Type Code,Highway Classification Code,Community Code,Jurisdiction Code,Lane Departure Type Code,Surface Type,Road Condition,Weather Condition,Lighting Condition,Speed Limit,Lanes,Units,Occupants,Most Severe Injury,Fatal Injuries,Suspected Serious Injuries,Suspected Minor Injuries,Possible Injuries,Property Damage Only,Secondary Crash,Traffic Control,Red Light Run,Hit and Run,Alcohol,Drugs,Unbelted Person,Work Zone,Speeding Driver,Distracted Driver,Driveway,Pedestrian,Elderly Driver,Young Driver,Commercial Vehicle,Emergency Vehicles,Train,School Bus,Motorcycle,Bicycle,Deer,Longitude,Latitude,geom,geog,x,y
15906,1029423,PATTON,MARIAN,2017-05-14,14,5,2017,6,1,1,9,,,0,,1,2,98,25,2,1,0,5,0,0,0,0,true,,false,false,false,false,false,,,,,,false,false,false,,,false,false,false,false,false,-83.24503,42.41994,"{
  ""coordinates"": [
    -8.324502243800001e+01,
    4.241993685700000e+01
  ],
  ""type"": ""Point""
}","{
  ""coordinates"": [
    -83.245022438,
    42.419936857
  ],
  ""type"": ""Point""
}",-83.245022438,42.419936857
15907,1029402,PATTON,BELTON,2017-05-14,14,5,2017,19,1,97,9,,,0,,1,1,1,25,3,2,1,4,0,0,0,1,false,,false,false,true,false,false,,,,,,false,false,false,,,false,false,false,false,false,-83.24185,42.3521,"{
  ""coordinates"": [
    -8.324185512900000e+01,
    4.235209787100010e+01
  ],
  ""type"": ""Point""
}","{
  ""coordinates"": [
    -83.241855129,
    42.352097871
  ],
  ""type"": ""Point""
}",-83.241855129,42.3520978710001
15908,1033998,LIVERNOIS,OUTER,2017-05-14,14,5,2017,12,1,5,9,,4,0,,1,1,1,30,3,2,2,5,0,0,0,0,true,,false,false,false,false,false,,,,,,false,false,true,,,false,false,false,false,false,-83.14153,42.43564,"{
  ""coordinates"": [
    -8.314152251400000e+01,
    4.243563956300010e+01
  ],
  ""type"": ""Point""
}","{
  ""coordinates"": [
    -83.141522514,
    42.435639563
  ],
  ""type"": ""Point""
}",-83.141522514,42.4356395630001
15909,1081384,MOROSS,KELLY,2017-05-14,14,5,2017,23,1,1,9,,2,0,,1,1,4,30,2,1,2,4,0,0,0,1,false,,false,false,false,false,false,,,,,,false,false,false,,,false,false,false,false,false,-82.95292,42.43465,"{
  ""coordinates"": [
    -8.295291955600000e+01,
    4.243465028900000e+01
  ],
  ""type"": ""Point""
}","{
  ""coordinates"": [
    -82.952919556,
    42.434650289
  ],
  ""type"": ""Point""
}",-82.952919556,42.434650289
15910,1029296,FENKELL,LESURE,2017-05-14,14,5,2017,14,1,5,9,,2,0,,1,1,1,30,4,2,2,4,0,0,0,1,false,,false,false,false,false,false,,,,,,false,true,true,,,false,false,false,false,false,-83.18096,42.40204,"{
  ""coordinates"": [
    -8.318096374600000e+01,
    4.240204162300010e+01
  ],
  ""type"": ""Point""
}","{
  ""coordinates"": [
    -83.180963746,
    42.402041623
  ],
  ""type"": ""Point""
}",-83.180963746,42.4020416230001
15911,1029430,7 MILE,FAUST,2017-05-14,14,5,2017,16,1,8,9,,2,0,,1,1,1,35,5,2,3,5,0,0,0,0,true,,false,false,true,false,false,,,,,,false,false,false,,,false,false,false,false,false,-83.2242,42.42993,"{
  ""coordinates"": [
    -8.322419676000000e+01,
    4.242992904300010e+01
  ],
  ""type"": ""Point""
}","{
  ""coordinates"": [
    -83.22419676,
    42.429929043
  ],
  ""type"": ""Point""
}",-83.22419676,42.4299290430001
15912,1038625,BALTIMORE,WOODWARD,2017-05-14,14,5,2017,2,1,4,9,,4,0,,1,1,3,0,2,2,0,5,0,0,0,0,true,,false,false,false,false,false,,,,,,false,false,false,,,false,false,false,false,false,-83.07043,42.36904,"{
  ""coordinates"": [
    -8.307043505199989e+01,
    4.236904100200010e+01
  ],
  ""type"": ""Point""
}","{
  ""coordinates"": [
    -83.070435052,
    42.369041002
  ],
  ""type"": ""Point""
}",-83.0704350519999,42.3690410020001
15913,1029426,DAVISON,TURNER,2017-05-14,14,5,2017,5,1,1,9,,4,0,,1,1,1,45,4,1,0,5,0,0,0,0,true,,false,false,false,false,false,,,,,,false,false,false,,,false,false,false,false,false,-83.14769,42.38636,"{
  ""coordinates"": [
    -8.314768783700001e+01,
    4.238636481600000e+01
  ],
  ""type"": ""Point""
}","{
  ""coordinates"": [
    -83.147687837,
    42.386364816
  ],
  ""type"": ""Point""
}",-83.147687837,42.386364816
15914,1032749,I-94,BRUSH,2017-05-14,14,5,2017,21,1,8,1,,1,0,,1,1,1,55,3,2,3,5,0,0,0,0,true,,false,false,false,false,false,,,,,,false,false,false,,,false,false,false,false,false,-83.04832,42.37361,"{
  ""coordinates"": [
    -8.304832462500001e+01,
    4.237361176400000e+01
  ],
  ""type"": ""Point""
}","{
  ""coordinates"": [
    -83.048324625,
    42.373611764
  ],
  ""type"": ""Point""
}",-83.048324625,42.373611764
15915,1046521,I-75,CLARK,2017-05-14,14,5,2017,2,1,1,1,,1,1,,1,1,5,70,3,1,1,5,0,0,0,0,true,,false,false,false,false,false,,,,,,false,false,true,,,false,false,false,false,false,-83.08327,42.3178,"{
  ""coordinates"": [
    -8.308327248900000e+01,
    4.231779975800000e+01
  ],
  ""type"": ""Point""
}","{
  ""coordinates"": [
    -83.083272489,
    42.317799758
  ],
  ""type"": ""Point""
}",-83.083272489,42.317799758
15916,1033981,OAKMAN,WOODROW WILSON,2017-05-14,14,5,2017,13,1,8,9,,4,0,,1,1,1,30,4,2,5,4,0,0,0,2,false,,false,false,false,false,false,,,,,,false,false,false,,,false,false,false,false,false,-83.11414,42.40229,"{
  ""coordinates"": [
    -8.311413278899990e+01,
    4.240229020100000e+01
  ],
  ""type"": ""Point""
}","{
  ""coordinates"": [
    -83.114132789,
    42.402290201
  ],
  ""type"": ""Point""
}",-83.1141327889999,42.402290201
15917,1031765,I-75,OUTER,2017-05-14,14,5,2017,15,1,8,1,,1,0,,1,1,1,70,3,2,5,4,0,0,0,1,false,,false,false,false,false,false,,,,,,false,false,false,,,false,false,false,false,false,-83.16477,42.27047,"{
  ""coordinates"": [
    -8.316476973600000e+01,
    4.227046592200000e+01
  ],
  ""type"": ""Point""
}","{
  ""coordinates"": [
    -83.164769736,
    42.270465922
  ],
  ""type"": ""Point""
}",-83.164769736,42.270465922
15918,1029483,PICKFORD,ROSELAWN,2017-05-14,14,5,2017,23,1,4,9,,,3,,1,1,4,25,2,2,0,5,0,0,0,0,true,,false,false,true,false,false,,,,,,false,false,false,,,false,false,false,false,false,-83.15263,42.42606,"{
  ""coordinates"": [
    -8.315262223100000e+01,
    4.242606151300000e+01
  ],
  ""type"": ""Point""
}","{
  ""coordinates"": [
    -83.152622231,
    42.426061513
  ],
  ""type"": ""Point""
}",-83.152622231,42.426061513
15919,1031884,FORRER,RADCLIFFE,2017-05-14,14,5,2017,16,1,8,9,,,0,,1,1,1,25,2,2,0,5,0,0,0,0,true,,false,false,true,false,false,,,,,,false,false,false,,,false,false,false,false,false,-83.19968,42.33794,"{
  ""coordinates"": [
    -8.319968532599999e+01,
    4.233793871900010e+01
  ],
  ""type"": ""Point""
}","{
  ""coordinates"": [
    -83.199685326,
    42.337938719
  ],
  ""type"": ""Point""
}",-83.199685326,42.3379387190001
15920,1029481,MEYERS,OUTER,2017-05-14,14,5,2017,18,1,4,9,,4,0,,1,1,1,25,3,2,2,5,0,0,0,0,true,,true,true,true,false,false,,,,,,false,false,false,,,false,false,false,false,false,-83.17085,42.43472,"{
  ""coordinates"": [
    -8.317084132500000e+01,
    4.243471634500000e+01
  ],
  ""type"": ""Point""
}","{
  ""coordinates"": [
    -83.170841325,
    42.434716345
  ],
  ""type"": ""Point""
}",-83.170841325,42.434716345
15921,1031805,I-96,GREENFIELD,2017-05-14,14,5,2017,1,1,1,1,,1,1,,1,1,4,55,3,1,1,5,0,0,0,0,true,,false,false,false,false,false,,,,,,false,false,false,,,false,false,false,false,false,-83.19767,42.37924,"{
  ""coordinates"": [
    -8.319766795000000e+01,
    4.237924223200010e+01
  ],
  ""type"": ""Point""
}","{
  ""coordinates"": [
    -83.19766795,
    42.379242232
  ],
  ""type"": ""Point""
}",-83.19766795,42.3792422320001
15922,1103160,WARREN,ALTER,2017-05-14,14,5,2017,11,1,8,9,,4,0,,1,1,1,30,6,2,2,5,0,0,0,0,true,,false,false,false,false,false,,,,,,false,false,false,,,false,false,false,false,false,-82.95441,42.39705,"{
  ""coordinates"": [
    -8.295441666100000e+01,
    4.239705303400010e+01
  ],
  ""type"": ""Point""
}","{
  ""coordinates"": [
    -82.954416661,
    42.397053034
  ],
  ""type"": ""Point""
}",-82.954416661,42.3970530340001
15923,1029289,LAWNDALE,LANE,2017-05-14,14,5,2017,2,1,5,9,,4,3,,1,1,5,25,2,2,0,5,0,0,0,0,true,,false,false,true,false,false,,,,,,false,false,false,,,false,false,false,false,false,-83.12975,42.30517,"{
  ""coordinates"": [
    -8.312974666400000e+01,
    4.230517367100000e+01
  ],
  ""type"": ""Point""
}","{
  ""coordinates"": [
    -83.129746664,
    42.305173671
  ],
  ""type"": ""Point""
}",-83.129746664,42.305173671
15924,1029450,CHALMERS,MAYFIELD,2017-05-14,14,5,2017,3,1,4,9,,4,0,,1,1,4,35,2,2,2,3,0,0,1,0,false,,true,false,true,true,false,,,,,,false,false,false,,,false,false,false,false,false,-82.9749,42.42229,"{
  ""coordinates"": [
    -8.297489669500000e+01,
    4.242228899700010e+01
  ],
  ""type"": ""Point""
}","{
  ""coordinates"": [
    -82.974896695,
    42.422288997
  ],
  ""type"": ""Point""
}",-82.974896695,42.4222889970001
15925,1031872,ST.AUBIN,JEFFERSON,2017-05-14,14,5,2017,23,1,5,9,,4,0,,1,1,4,30,4,2,1,5,0,0,0,0,true,,false,false,true,false,false,,,,,,false,false,false,,,false,false,false,false,false,-83.02785,42.33609,"{
  ""coordinates"": [
    -8.302784577200001e+01,
    4.233608872400000e+01
  ],
  ""type"": ""Point""
}","{
  ""coordinates"": [
    -83.027845772,
    42.336088724
  ],
  ""type"": ""Point""
}",-83.027845772,42.336088724
15926,1030036,LAWNDALE,NAVY,2017-05-14,14,5,2017,12,1,97,9,,4,0,,1,1,1,25,2,3,1,5,0,0,0,0,true,,false,false,false,false,false,,,,,,false,false,false,,,false,false,false,false,false,-83.13129,42.30742,"{
  ""coordinates"": [
    -8.313128288500000e+01,
    4.230741476800010e+01
  ],
  ""type"": ""Point""
}","{
  ""coordinates"": [
    -83.131282885,
    42.307414768
  ],
  ""type"": ""Point""
}",-83.131282885,42.3074147680001
15927,1071879,I-96,MCGRAW,2017-05-14,14,5,2017,17,1,5,1,,1,0,,1,1,1,55,4,2,3,3,0,0,2,0,false,,false,false,false,false,false,,,,,,false,false,false,,,false,false,false,false,false,-83.10321,42.35301,"{
  ""coordinates"": [
    -8.310320731000000e+01,
    4.235300979500000e+01
  ],
  ""type"": ""Point""
}","{
  ""coordinates"": [
    -83.10320731,
    42.353009795
  ],
  ""type"": ""Point""
}",-83.10320731,42.353009795
15928,1133101,MEYERS,INTERVALE,2017-05-14,14,5,2017,0,1,6,9,,4,0,,1,1,3,0,4,2,1,5,0,0,0,0,true,,false,false,true,false,false,,,,,,false,false,false,,,false,false,true,false,false,-83.16887,42.39144,"{
  ""coordinates"": [
    -8.316887173899990e+01,
    4.239143773800000e+01
  ],
  ""type"": ""Point""
}","{
  ""coordinates"": [
    -83.168871739,
    42.391437738
  ],
  ""type"": ""Point""
}",-83.1688717389999,42.391437738
15929,1029433,QUEEN,ROSSINI,2017-05-14,14,5,2017,12,1,2,9,,,2,,1,1,1,25,2,2,0,5,0,0,0,0,true,,false,false,true,false,false,,,,,,false,false,false,,,false,false,false,false,false,-82.96891,42.44376,"{
  ""coordinates"": [
    -8.296890875199990e+01,
    4.244375697900010e+01
  ],
  ""type"": ""Point""
}","{
  ""coordinates"": [
    -82.968908752,
    42.443756979
  ],
  ""type"": ""Point""
}",-82.9689087519999,42.4437569790001
15930,1046532,RAMP 215F,S M 10,2017-05-14,14,5,2017,13,1,8,1,,1,0,,1,1,1,55,3,2,2,5,0,0,0,0,true,,false,false,false,false,false,,,,,,false,false,false,,,false,false,false,false,false,-83.0779,42.36114,"{
  ""coordinates"": [
    -8.307790706999999e+01,
    4.236113782100010e+01
  ],
  ""type"": ""Point""
}","{
  ""coordinates"": [
    -83.07790707,
    42.361137821
  ],
  ""type"": ""Point""
}",-83.07790707,42.3611378210001
15931,1032750,N M 39,CURTIS,2017-05-14,14,5,2017,1,1,5,3,,1,0,,1,1,4,55,3,2,3,4,0,0,0,2,false,,false,false,true,false,false,,,,,,false,false,false,,,false,false,false,false,false,-83.21896,42.42275,"{
  ""coordinates"": [
    -8.321895227900001e+01,
    4.242274779400000e+01
  ],
  ""type"": ""Point""
}","{
  ""coordinates"": [
    -83.218952279,
    42.422747794
  ],
  ""type"": ""Point""
}",-83.218952279,42.422747794
15932,1029295,ST MARY'S,DAVISON,2017-05-14,14,5,2017,0,1,4,9,,,0,,1,1,4,25,2,2,1,4,0,0,0,1,false,,false,false,true,false,false,,,,,,false,false,true,,,false,false,false,false,false,-83.20531,42.38609,"{
  ""coordinates"": [
    -8.320531444100000e+01,
    4.238608579600000e+01
  ],
  ""type"": ""Point""
}","{
  ""coordinates"": [
    -83.205314441,
    42.386085796
  ],
  ""type"": ""Point""
}",-83.205314441,42.386085796
15933,1029401,GRANDMONT,SCHOOLCRAFT,2017-05-14,14,5,2017,4,1,97,9,,,0,,1,1,4,25,3,2,1,5,0,0,0,0,true,,false,false,false,false,false,,,,,,false,false,false,,,false,false,false,false,false,-83.21011,42.38545,"{
  ""coordinates"": [
    -8.321010912900000e+01,
    4.238544901000010e+01
  ],
  ""type"": ""Point""
}","{
  ""coordinates"": [
    -83.210109129,
    42.38544901
  ],
  ""type"": ""Point""
}",-83.210109129,42.3854490100001
15934,1029369,BEWICK,GOETHE,2017-05-14,14,5,2017,10,1,9,9,,,2,,98,98,98,25,1,2,0,5,0,0,0,0,true,,false,false,true,false,false,,,,,,false,false,false,,,false,false,false,false,false,-82.98688,42.37189,"{
  ""coordinates"": [
    -8.298687998000000e+01,
    4.237189425400000e+01
  ],
  ""type"": ""Point""
}","{
  ""coordinates"": [
    -82.98687998,
    42.371894254
  ],
  ""type"": ""Point""
}",-82.98687998,42.371894254
15935,1029492,SNOWDEN,PURITAN,2017-05-14,14,5,2017,20,1,5,9,,,3,,1,1,1,25,2,2,0,5,0,0,0,0,true,,false,false,false,false,false,,,,,,false,false,false,,,false,false,false,false,false,-83.17733,42.41009,"{
  ""coordinates"": [
    -8.317732892399989e+01,
    4.241008808300010e+01
  ],
  ""type"": ""Point""
}","{
  ""coordinates"": [
    -83.177328924,
    42.410088083
  ],
  ""type"": ""Point""
}",-83.1773289239999,42.4100880830001
15936,1031877,RUTHERFORD,ELLIS,2017-05-14,14,5,2017,13,1,8,9,,,0,,1,1,1,25,3,2,1,5,0,0,0,0,true,,false,false,false,false,false,,,,,,false,false,false,,,false,false,false,false,false,-83.20251,42.36053,"{
  ""coordinates"": [
    -8.320250757299991e+01,
    4.236053230800010e+01
  ],
  ""type"": ""Point""
}","{
  ""coordinates"": [
    -83.202507573,
    42.360532308
  ],
  ""type"": ""Point""
}",-83.2025075729999,42.3605323080001
15937,1039541,CHALFONTE,ASHTON,2017-05-14,14,5,2017,14,1,4,9,,,0,,1,1,1,25,2,2,4,5,0,0,0,0,true,,false,false,true,false,false,,,,,,false,false,false,,,false,false,false,false,false,-83.21925,42.39863,"{
  ""coordinates"": [
    -8.321925383500000e+01,
    4.239863032000010e+01
  ],
  ""type"": ""Point""
}","{
  ""coordinates"": [
    -83.219253835,
    42.39863032
  ],
  ""type"": ""Point""
}",-83.219253835,42.3986303200001
15938,1029302,GRAND RIVER,MARENE,2017-05-14,14,5,2017,18,1,5,3,,1,0,,1,1,1,30,7,3,1,3,0,0,1,0,false,,false,false,false,false,false,,,,,,false,false,false,,,false,false,false,false,false,-83.26936,42.42108,"{
  ""coordinates"": [
    -8.326936207900000e+01,
    4.242107685000010e+01
  ],
  ""type"": ""Point""
}","{
  ""coordinates"": [
    -83.269362079,
    42.42107685
  ],
  ""type"": ""Point""
}",-83.269362079,42.4210768500001
15939,1031871,RUTLAND,KENDALL,2017-05-14,14,5,2017,11,1,2,9,,,0,,1,1,1,25,2,2,1,5,0,0,0,0,true,,false,false,false,false,false,,,,,,false,false,false,,,false,false,false,false,false,-83.21334,42.38918,"{
  ""coordinates"": [
    -8.321334377300001e+01,
    4.238918141200000e+01
  ],
  ""type"": ""Point""
}","{
  ""coordinates"": [
    -83.213343773,
    42.389181412
  ],
  ""type"": ""Point""
}",-83.213343773,42.389181412
15940,1031911,7 MILE,OUTER,2017-05-14,14,5,2017,15,1,5,9,,2,0,,1,1,1,30,4,2,1,5,0,0,0,0,true,,false,false,true,false,false,,,,,,false,false,false,,,false,false,false,false,false,-82.91525,42.41872,"{
  ""coordinates"": [
    -8.291524269500000e+01,
    4.241872416400000e+01
  ],
  ""type"": ""Point""
}","{
  ""coordinates"": [
    -82.915242695,
    42.418724164
  ],
  ""type"": ""Point""
}",-82.915242695,42.418724164
15941,1047779,SCHOOLCRAFT,FORRER,2017-05-14,14,5,2017,5,1,5,9,,2,0,,1,1,5,35,2,2,2,4,0,0,0,1,false,,false,false,true,false,false,,,,,,false,false,false,,,false,false,false,false,false,-83.20065,42.387,"{
  ""coordinates"": [
    -8.320065036800000e+01,
    4.238700484700010e+01
  ],
  ""type"": ""Point""
}","{
  ""coordinates"": [
    -83.200650368,
    42.387004847
  ],
  ""type"": ""Point""
}",-83.200650368,42.3870048470001
15942,1029368,ASHLEY,SOUTHAMPTON,2017-05-14,14,5,2017,10,1,1,9,,,1,,1,1,1,20,1,1,3,4,0,0,0,1,false,,false,false,false,false,false,,,,,,false,false,true,,,false,false,false,false,false,-82.9173,42.41552,"{
  ""coordinates"": [
    -8.291730522899999e+01,
    4.241551931100000e+01
  ],
  ""type"": ""Point""
}","{
  ""coordinates"": [
    -82.917305229,
    42.415519311
  ],
  ""type"": ""Point""
}",-82.917305229,42.415519311
15943,1031876,GRIGGS,PICKFORD,2017-05-14,14,5,2017,12,1,98,9,,,0,,1,1,1,25,2,2,0,5,0,0,0,0,true,,false,false,true,false,false,,,,,,false,false,false,,,false,false,false,false,false,-83.16403,42.42613,"{
  ""coordinates"": [
    -8.316403578900000e+01,
    4.242613244000010e+01
  ],
  ""type"": ""Point""
}","{
  ""coordinates"": [
    -83.164035789,
    42.42613244
  ],
  ""type"": ""Point""
}",-83.164035789,42.4261324400001
15944,1029298,FLORENCE,MARLOWE,2017-05-14,14,5,2017,0,1,4,9,,,0,,1,1,4,25,2,2,1,3,0,0,1,0,false,,false,false,true,false,false,,,,,,false,false,false,,,false,false,false,false,false,-83.19051,42.41144,"{
  ""coordinates"": [
    -8.319050472899990e+01,
    4.241144361300010e+01
  ],
  ""type"": ""Point""
}","{
  ""coordinates"": [
    -83.190504729,
    42.411443613
  ],
  ""type"": ""Point""
}",-83.1905047289999,42.4114436130001
15945,1030037,MICHIGAN,ELMER,2017-05-14,14,5,2017,11,1,4,2,,1,0,,1,2,1,35,5,2,2,4,0,0,0,1,false,,false,false,true,false,false,,,,,,false,false,false,,,false,false,false,false,false,-83.14207,42.33085,"{
  ""coordinates"": [
    -8.314206557599989e+01,
    4.233084988300000e+01
  ],
  ""type"": ""Point""
}","{
  ""coordinates"": [
    -83.142065576,
    42.330849883
  ],
  ""type"": ""Point""
}",-83.1420655759999,42.330849883
15946,1029424,GRAND RIVER,GREENFIELD,2017-05-14,14,5,2017,12,1,8,3,,1,0,,1,1,1,35,5,2,1,5,0,0,0,0,true,,false,false,true,false,false,,,,,,false,false,true,,,false,false,false,false,false,-83.19812,42.39257,"{
  ""coordinates"": [
    -8.319811784800000e+01,
    4.239256497000010e+01
  ],
  ""type"": ""Point""
}","{
  ""coordinates"": [
    -83.198117848,
    42.39256497
  ],
  ""type"": ""Point""
}",-83.198117848,42.3925649700001
15947,1029498,LA SALLE,LA SALLE,2017-05-14,14,5,2017,16,1,97,9,,,0,,1,1,1,25,2,2,2,5,0,0,0,0,true,,false,false,false,false,false,,,,,,false,false,false,,,false,false,false,false,false,-83.0992,42.36584,"{
  ""coordinates"": [
    -8.309919409699999e+01,
    4.236584509600000e+01
  ],
  ""type"": ""Point""
}","{
  ""coordinates"": [
    -83.099194097,
    42.365845096
  ],
  ""type"": ""Point""
}",-83.099194097,42.365845096
15948,1029451,LINWOOD,GLENDALE,2017-05-14,14,5,2017,23,1,5,9,,4,0,,1,1,4,30,7,3,8,1,2,1,4,0,false,,true,true,false,true,false,,,,,,false,false,false,,,false,false,false,false,false,-83.1201,42.39017,"{
  ""coordinates"": [
    -8.312010435400001e+01,
    4.239017666300000e+01
  ],
  ""type"": ""Point""
}","{
  ""coordinates"": [
    -83.120104354,
    42.390176663
  ],
  ""type"": ""Point""
}",-83.120104354,42.390176663
15949,1032748,I-75,SCHAEFER,2017-05-14,14,5,2017,3,1,8,1,,1,0,,1,1,4,60,4,2,2,5,0,0,0,0,true,,false,false,true,false,false,,,,,,false,false,false,,,false,false,false,false,false,-83.15595,42.27726,"{
  ""coordinates"": [
    -8.315595295400000e+01,
    4.227725417400010e+01
  ],
  ""type"": ""Point""
}","{
  ""coordinates"": [
    -83.155952954,
    42.277254174
  ],
  ""type"": ""Point""
}",-83.155952954,42.2772541740001
15950,1029425,N M 39,RAMP 008R,2017-05-14,14,5,2017,17,1,5,3,,1,0,,1,1,1,35,2,4,3,5,0,0,0,0,true,,false,false,false,false,false,,,,,,false,false,true,,,false,false,false,false,false,-83.21744,42.38428,"{
  ""coordinates"": [
    -8.321743824799999e+01,
    4.238427875400000e+01
  ],
  ""type"": ""Point""
}","{
  ""coordinates"": [
    -83.217438248,
    42.384278754
  ],
  ""type"": ""Point""
}",-83.217438248,42.384278754
15951,1029490,N M 10,LIVERNOIS,2017-05-14,14,5,2017,12,1,10,3,,1,0,,1,1,1,25,2,2,2,5,0,0,0,0,true,,false,false,true,false,false,,,,,,false,false,false,,,false,false,false,false,false,-83.14039,42.40496,"{
  ""coordinates"": [
    -8.314038950199991e+01,
    4.240496284300010e+01
  ],
  ""type"": ""Point""
}","{
  ""coordinates"": [
    -83.140389502,
    42.404962843
  ],
  ""type"": ""Point""
}",-83.1403895019999,42.4049628430001
15952,1029304,I-96,GREENFIELD,2017-05-14,14,5,2017,18,1,97,1,,1,1,,1,1,1,55,3,1,1,5,0,0,0,0,true,,false,false,false,false,false,,,,,,false,false,false,,,false,false,false,false,false,-83.19767,42.37924,"{
  ""coordinates"": [
    -8.319766795000000e+01,
    4.237924223200010e+01
  ],
  ""type"": ""Point""
}","{
  ""coordinates"": [
    -83.19766795,
    42.379242232
  ],
  ""type"": ""Point""
}",-83.19766795,42.3792422320001
15953,1029489,8 MILE,SCHAEFER,2017-05-14,14,5,2017,2,1,5,3,,1,0,,1,2,4,45,2,2,2,5,0,0,0,0,true,,false,false,true,false,false,,,,,,false,false,false,,,false,false,false,false,false,-83.18098,42.4452,"{
  ""coordinates"": [
    -8.318097524800000e+01,
    4.244519814000010e+01
  ],
  ""type"": ""Point""
}","{
  ""coordinates"": [
    -83.180975248,
    42.44519814
  ],
  ""type"": ""Point""
}",-83.180975248,42.4451981400001
15954,1030034,LOCKWOOD,OTIS,2017-05-14,14,5,2017,10,1,4,9,,,0,,1,1,1,25,2,2,1,5,0,0,0,0,true,,false,false,true,false,false,,,,,,false,false,false,,,false,false,false,false,false,-83.10793,42.32977,"{
  ""coordinates"": [
    -8.310792585599999e+01,
    4.232977446900000e+01
  ],
  ""type"": ""Point""
}","{
  ""coordinates"": [
    -83.107925856,
    42.329774469
  ],
  ""type"": ""Point""
}",-83.107925856,42.329774469
15955,1032791,N M 39,CURTIS,2017-05-14,14,5,2017,15,1,6,3,,1,0,,1,1,1,10,2,2,2,5,0,0,0,0,true,,false,false,false,false,false,,,,,,false,false,false,,,false,false,false,false,false,-83.21896,42.42286,"{
  ""coordinates"": [
    -8.321895616700000e+01,
    4.242286372400010e+01
  ],
  ""type"": ""Point""
}","{
  ""coordinates"": [
    -83.218956167,
    42.422863724
  ],
  ""type"": ""Point""
}",-83.218956167,42.4228637240001
15956,1029429,MCNICHOLS,S M 39,2017-05-14,14,5,2017,15,1,10,9,,2,0,,1,1,1,35,6,2,1,5,0,0,0,0,true,,false,false,true,false,false,,,,,,false,false,false,,,false,false,false,false,false,-83.21905,42.41555,"{
  ""coordinates"": [
    -8.321904672300001e+01,
    4.241554994800000e+01
  ],
  ""type"": ""Point""
}","{
  ""coordinates"": [
    -83.219046723,
    42.415549948
  ],
  ""type"": ""Point""
}",-83.219046723,42.415549948
15957,1030033,SPRINGWELLS,LONGWORTH,2017-05-14,14,5,2017,18,1,1,9,,4,0,,1,1,1,35,1,1,1,5,0,0,0,0,true,,true,true,false,false,false,,,,,,false,false,false,,,false,false,false,false,false,-83.12328,42.30598,"{
  ""coordinates"": [
    -8.312327373200000e+01,
    4.230598508100010e+01
  ],
  ""type"": ""Point""
}","{
  ""coordinates"": [
    -83.123273732,
    42.305985081
  ],
  ""type"": ""Point""
}",-83.123273732,42.3059850810001
15958,1029410,MACK,RIVARD,2017-05-14,14,5,2017,12,1,4,9,,4,0,,1,1,1,30,2,2,2,4,0,0,0,1,false,,false,false,false,false,false,,,,,,false,true,false,,,false,false,false,false,false,-83.04589,42.35192,"{
  ""coordinates"": [
    -8.304588707399991e+01,
    4.235191964000010e+01
  ],
  ""type"": ""Point""
}","{
  ""coordinates"": [
    -83.045887074,
    42.35191964
  ],
  ""type"": ""Point""
}",-83.0458870739999,42.3519196400001
15959,1031785,I-96 FWY,GREENFIELD,2017-05-14,14,5,2017,6,1,8,1,,1,0,,1,2,2,70,3,2,1,5,0,0,0,0,true,,false,false,true,false,false,,,,,,false,false,false,,,false,false,false,false,false,-83.19608,42.37925,"{
  ""coordinates"": [
    -8.319608244599991e+01,
    4.237925091000010e+01
  ],
  ""type"": ""Point""
}","{
  ""coordinates"": [
    -83.196082446,
    42.37925091
  ],
  ""type"": ""Point""
}",-83.1960824459999,42.3792509100001
15960,1029276,S M 10,HAMILTON,2017-05-14,14,5,2017,0,1,1,3,,1,1,,1,1,4,55,3,1,1,5,0,0,0,0,true,,false,false,false,false,false,,,,,,false,false,false,,,false,false,false,false,false,-83.0914,42.38074,"{
  ""coordinates"": [
    -8.309140063400000e+01,
    4.238073688300010e+01
  ],
  ""type"": ""Point""
}","{
  ""coordinates"": [
    -83.091400634,
    42.380736883
  ],
  ""type"": ""Point""
}",-83.091400634,42.3807368830001
15961,1033997,MONTE VISTA,PICKFORD,2017-05-14,14,5,2017,6,1,8,9,,,0,,1,1,1,25,1,3,1,5,0,0,0,0,true,,false,false,false,true,false,,,,,,false,false,true,,,false,false,false,false,false,-83.1684,42.42558,"{
  ""coordinates"": [
    -8.316839827099990e+01,
    4.242558035700010e+01
  ],
  ""type"": ""Point""
}","{
  ""coordinates"": [
    -83.168398271,
    42.425580357
  ],
  ""type"": ""Point""
}",-83.1683982709999,42.4255803570001
15962,1029315,ARDEN PARK,BRUSH,2017-05-14,14,5,2017,19,1,1,9,,4,0,,1,1,1,0,2,1,1,5,0,0,0,0,true,,false,false,false,false,false,,,,,,false,false,false,,,false,false,false,false,false,-83.07805,42.38848,"{
  ""coordinates"": [
    -8.307805067200000e+01,
    4.238847657200010e+01
  ],
  ""type"": ""Point""
}","{
  ""coordinates"": [
    -83.078050672,
    42.388476572
  ],
  ""type"": ""Point""
}",-83.078050672,42.3884765720001