ObjectId,Crash ID,Primary Road,Intersecting Road,Crash Date,Day,Month,Year,Hour,Weekday,Crash Type Code,Highway Classification Code,Community Code,Jurisdiction Code,Lane Departure Type Code,Surface Type,Road Condition,Weather Condition,Lighting Condition,Speed Limit,Lanes,Units,Occupants,Most Severe Injury,Fatal Injuries,Suspected Serious Injuries,Suspected Minor Injuries,Possible Injuries,Property Damage Only,Secondary Crash,Traffic Control,Red Light Run,Hit and Run,Alcohol,Drugs,Unbelted Person,Work Zone,Speeding Driver,Distracted Driver,Driveway,Pedestrian,Elderly Driver,Young Driver,Commercial Vehicle,Emergency Vehicles,Train,School Bus,Motorcycle,Bicycle,Deer,Longitude,Latitude,geom,geog,x,y
16020,1029319,JEFFERSON,AMBASSADOR,2017-05-12,12,5,2017,17,6,8,9,,,0,,1,1,1,25,3,2,2,5,0,0,0,0,true,,false,false,false,false,false,,,,,,false,false,false,,,false,false,false,false,false,-83.0774,42.31634,"{
  ""coordinates"": [
    -8.307740118000000e+01,
    4.231633708300010e+01
  ],
  ""type"": ""Point""
}","{
  ""coordinates"": [
    -83.07740118,
    42.316337083
  ],
  ""type"": ""Point""
}",-83.07740118,42.3163370830001
16021,1031772,E/B I 94,CONNER,2017-05-12,12,5,2017,13,6,5,1,,1,0,,1,1,1,55,3,4,5,2,0,1,0,1,false,,false,false,false,false,false,,,,,,false,false,false,,,false,false,false,false,false,-82.98264,42.39882,"{
  ""coordinates"": [
    -8.298263626700000e+01,
    4.239882287700000e+01
  ],
  ""type"": ""Point""
}","{
  ""coordinates"": [
    -82.982636267,
    42.398822877
  ],
  ""type"": ""Point""
}",-82.982636267,42.398822877
16022,1029294,WYOMING,OAKMAN,2017-05-12,12,5,2017,16,6,5,9,,4,0,,1,1,1,35,4,2,2,5,0,0,0,0,true,,false,false,false,false,false,,,,,,false,false,false,,,false,false,false,false,false,-83.15804,42.36183,"{
  ""coordinates"": [
    -8.315804363099990e+01,
    4.236182779000010e+01
  ],
  ""type"": ""Point""
}","{
  ""coordinates"": [
    -83.158043631,
    42.36182779
  ],
  ""type"": ""Point""
}",-83.1580436309999,42.3618277900001
16023,1026715,OUTER,ANNSBURY,2017-05-12,12,5,2017,7,6,10,9,,2,0,,1,1,1,30,2,2,2,5,0,0,0,0,true,,false,false,false,false,false,,,,,,false,false,true,,,false,false,false,false,false,-82.98434,42.41043,"{
  ""coordinates"": [
    -8.298433689099990e+01,
    4.241043127200000e+01
  ],
  ""type"": ""Point""
}","{
  ""coordinates"": [
    -82.984336891,
    42.410431272
  ],
  ""type"": ""Point""
}",-82.9843368909999,42.410431272
16024,1029292,MENDOTA,ESPER,2017-05-12,12,5,2017,21,6,4,9,,,0,,1,1,1,25,2,2,3,5,0,0,0,0,true,,true,false,false,false,false,,,,,,false,false,true,,,false,false,false,false,false,-83.16402,42.35411,"{
  ""coordinates"": [
    -8.316402724499990e+01,
    4.235411224300000e+01
  ],
  ""type"": ""Point""
}","{
  ""coordinates"": [
    -83.164027245,
    42.354112243
  ],
  ""type"": ""Point""
}",-83.1640272449999,42.354112243
16025,1029443,OUTER,HARPER,2017-05-12,12,5,2017,14,6,6,9,,2,0,,1,1,1,35,6,2,2,5,0,0,0,0,true,,true,true,false,true,true,,,,,,false,true,false,,,false,false,false,false,false,-82.96054,42.40586,"{
  ""coordinates"": [
    -8.296054310499990e+01,
    4.240586090300010e+01
  ],
  ""type"": ""Point""
}","{
  ""coordinates"": [
    -82.960543105,
    42.405860903
  ],
  ""type"": ""Point""
}",-82.9605431049999,42.4058609030001
16026,1027674,OUTER,ALLEN,2017-05-12,12,5,2017,8,6,5,9,,2,0,,1,1,1,35,5,2,2,5,0,0,0,0,true,,false,false,false,false,false,,,,,,false,false,false,,,false,false,false,false,false,-83.19578,42.41983,"{
  ""coordinates"": [
    -8.319577565199999e+01,
    4.241982875400000e+01
  ],
  ""type"": ""Point""
}","{
  ""coordinates"": [
    -83.195775652,
    42.419828754
  ],
  ""type"": ""Point""
}",-83.195775652,42.419828754
16027,1031776,RAMP 216E,RAMP 216D,2017-05-12,12,5,2017,15,6,5,1,,1,0,,1,1,1,55,2,2,3,5,0,0,0,0,true,,false,false,false,false,false,,,,,,false,false,false,,,false,true,false,false,false,-83.05714,42.36833,"{
  ""coordinates"": [
    -8.305714520799999e+01,
    4.236833075300010e+01
  ],
  ""type"": ""Point""
}","{
  ""coordinates"": [
    -83.057145208,
    42.368330753
  ],
  ""type"": ""Point""
}",-83.057145208,42.3683307530001
16028,1029371,CHALMERS,LINVILLE,2017-05-12,12,5,2017,12,6,98,9,,4,0,,1,1,1,25,2,2,2,5,0,0,0,0,true,,false,false,false,false,false,,,,,,false,false,true,,,false,false,false,false,false,-82.96307,42.40197,"{
  ""coordinates"": [
    -8.296306480100000e+01,
    4.240197337400010e+01
  ],
  ""type"": ""Point""
}","{
  ""coordinates"": [
    -82.963064801,
    42.401973374
  ],
  ""type"": ""Point""
}",-82.963064801,42.4019733740001
16029,1029405,E I 96 CD,GREENFIELD,2017-05-12,12,5,2017,17,6,97,1,,1,0,,1,1,1,35,1,2,1,5,0,0,0,0,true,,false,false,false,false,false,,,,,,false,false,false,,,false,false,false,false,false,-83.19828,42.37889,"{
  ""coordinates"": [
    -8.319828033300000e+01,
    4.237889663600000e+01
  ],
  ""type"": ""Point""
}","{
  ""coordinates"": [
    -83.198280333,
    42.378896636
  ],
  ""type"": ""Point""
}",-83.198280333,42.378896636
16030,1029412,GRATIOT,S I 75/GRATIOT,2017-05-12,12,5,2017,14,6,5,3,,1,0,,1,1,1,30,3,2,2,5,0,0,0,0,true,,false,false,false,false,false,,,,,,false,false,false,,,false,false,false,false,false,-83.03626,42.34676,"{
  ""coordinates"": [
    -8.303626528599990e+01,
    4.234675611500010e+01
  ],
  ""type"": ""Point""
}","{
  ""coordinates"": [
    -83.036265286,
    42.346756115
  ],
  ""type"": ""Point""
}",-83.0362652859999,42.3467561150001
16031,1029380,ROUGE PARK,PLYMOUTH,2017-05-12,12,5,2017,0,6,3,9,,2,0,,1,1,4,35,5,2,5,4,0,0,0,4,false,,false,false,false,false,false,,,,,,false,false,true,,,false,false,false,false,false,-83.25918,42.37162,"{
  ""coordinates"": [
    -8.325917711300001e+01,
    4.237162449500000e+01
  ],
  ""type"": ""Point""
}","{
  ""coordinates"": [
    -83.259177113,
    42.371624495
  ],
  ""type"": ""Point""
}",-83.259177113,42.371624495
16032,1029460,CONANT,WINCHESTER,2017-05-12,12,5,2017,17,6,4,9,,4,0,,1,1,1,30,4,2,3,5,0,0,0,0,true,,false,false,true,false,false,,,,,,false,false,true,,,false,false,false,false,false,-83.08236,42.44503,"{
  ""coordinates"": [
    -8.308236012600000e+01,
    4.244502499900010e+01
  ],
  ""type"": ""Point""
}","{
  ""coordinates"": [
    -83.082360126,
    42.445024999
  ],
  ""type"": ""Point""
}",-83.082360126,42.4450249990001
16033,1101586,BURT,KEELER,2017-05-12,12,5,2017,15,6,5,9,,4,0,,1,1,1,0,1,2,1,5,0,0,0,0,true,,false,false,true,false,false,,,,,,false,false,false,,,false,false,false,false,false,-83.24719,42.40232,"{
  ""coordinates"": [
    -8.324719442799990e+01,
    4.240232526600000e+01
  ],
  ""type"": ""Point""
}","{
  ""coordinates"": [
    -83.247194428,
    42.402325266
  ],
  ""type"": ""Point""
}",-83.2471944279999,42.402325266
16034,1043629,SCHAEFER,TIREMAN,2017-05-12,12,5,2017,16,6,4,9,,4,0,,1,1,1,30,4,2,2,4,0,0,0,1,false,,true,true,false,false,false,,,,,,false,false,true,,,false,false,false,false,false,-83.17718,42.35129,"{
  ""coordinates"": [
    -8.317717955900000e+01,
    4.235129066100010e+01
  ],
  ""type"": ""Point""
}","{
  ""coordinates"": [
    -83.177179559,
    42.351290661
  ],
  ""type"": ""Point""
}",-83.177179559,42.3512906610001
16035,1029314,WASHINGTON,LAFAYETTE,2017-05-12,12,5,2017,15,6,4,9,,4,0,,1,1,1,30,7,2,4,4,0,0,0,1,false,,true,true,false,false,false,,,,,,false,false,false,,,false,false,false,false,false,-83.0505,42.33055,"{
  ""coordinates"": [
    -8.305049861799991e+01,
    4.233055003300010e+01
  ],
  ""type"": ""Point""
}","{
  ""coordinates"": [
    -83.050498618,
    42.330550033
  ],
  ""type"": ""Point""
}",-83.0504986179999,42.3305500330001
16036,1029313,HANCOCK,ST ANTOINE,2017-05-12,12,5,2017,14,6,1,9,,,0,,1,1,1,30,2,2,1,5,0,0,0,0,true,,false,false,false,false,false,,,,,,true,true,false,,,false,false,false,false,false,-83.05668,42.35865,"{
  ""coordinates"": [
    -8.305667724100000e+01,
    4.235865396900000e+01
  ],
  ""type"": ""Point""
}","{
  ""coordinates"": [
    -83.056677241,
    42.358653969
  ],
  ""type"": ""Point""
}",-83.056677241,42.358653969
16037,1029397,N M 39 SERVICE DRIVE,JOY,2017-05-12,12,5,2017,8,6,8,9,,4,0,,1,1,1,55,3,2,2,5,0,0,0,0,true,,false,false,true,false,false,,,,,,false,false,false,,,false,false,false,false,false,-83.21606,42.35783,"{
  ""coordinates"": [
    -8.321606774599999e+01,
    4.235783349700010e+01
  ],
  ""type"": ""Point""
}","{
  ""coordinates"": [
    -83.216067746,
    42.357833497
  ],
  ""type"": ""Point""
}",-83.216067746,42.3578334970001
16038,1029465,MOUNT ELLIOT,8 MILE,2017-05-12,12,5,2017,23,6,5,3,,4,0,,1,1,5,35,3,2,2,5,0,0,0,0,true,,false,false,false,false,false,,,,,,false,false,false,,,false,false,false,false,false,-83.03941,42.44748,"{
  ""coordinates"": [
    -8.303940366099989e+01,
    4.244747644700000e+01
  ],
  ""type"": ""Point""
}","{
  ""coordinates"": [
    -83.039403661,
    42.447476447
  ],
  ""type"": ""Point""
}",-83.0394036609999,42.447476447
16039,1046649,CHERRYLAWN,MARGARETA,2017-05-12,12,5,2017,4,6,4,9,,,3,,1,1,4,25,2,2,1,5,0,0,0,0,true,,false,false,false,false,false,,,,,,false,false,false,,,false,false,false,false,false,-83.15538,42.42761,"{
  ""coordinates"": [
    -8.315538213199990e+01,
    4.242760942200000e+01
  ],
  ""type"": ""Point""
}","{
  ""coordinates"": [
    -83.155382132,
    42.427609422
  ],
  ""type"": ""Point""
}",-83.1553821319999,42.427609422
16040,1029275,W I 94,RAMP 220F,2017-05-12,12,5,2017,1,6,97,1,,1,0,,1,2,4,55,3,4,4,4,0,0,0,1,false,,false,false,false,false,false,,,,,,false,false,true,,,false,false,false,false,false,-82.98694,42.39721,"{
  ""coordinates"": [
    -8.298693851300000e+01,
    4.239720790600010e+01
  ],
  ""type"": ""Point""
}","{
  ""coordinates"": [
    -82.986938513,
    42.397207906
  ],
  ""type"": ""Point""
}",-82.986938513,42.3972079060001
16041,1042523,WARREN,ANN ARBOR TRL,2017-05-12,12,5,2017,6,6,8,9,,2,0,,1,1,1,40,5,2,2,5,0,0,0,0,true,,false,false,false,false,false,,,,,,false,false,true,,,false,false,false,false,false,-83.26231,42.34174,"{
  ""coordinates"": [
    -8.326231107800000e+01,
    4.234173693300000e+01
  ],
  ""type"": ""Point""
}","{
  ""coordinates"": [
    -83.262311078,
    42.341736933
  ],
  ""type"": ""Point""
}",-83.262311078,42.341736933
16042,1035063,HAZELWOOD,WILDEMERE,2017-05-12,12,5,2017,8,6,4,9,,,0,,1,1,1,25,2,2,2,3,0,0,1,0,false,,false,false,false,false,false,,,,,,false,false,false,,,false,false,false,false,false,-83.11326,42.36932,"{
  ""coordinates"": [
    -8.311325805500000e+01,
    4.236932285700000e+01
  ],
  ""type"": ""Point""
}","{
  ""coordinates"": [
    -83.113258055,
    42.369322857
  ],
  ""type"": ""Point""
}",-83.113258055,42.369322857
16043,1029372,HARPER,WHITTIER,2017-05-12,12,5,2017,19,6,4,9,,4,0,,1,1,1,30,2,2,1,5,0,0,0,0,true,,false,false,true,false,false,,,,,,false,false,true,,,false,false,false,false,false,-82.94228,42.41253,"{
  ""coordinates"": [
    -8.294228335699999e+01,
    4.241253007400010e+01
  ],
  ""type"": ""Point""
}","{
  ""coordinates"": [
    -82.942283357,
    42.412530074
  ],
  ""type"": ""Point""
}",-82.942283357,42.4125300740001
16044,1111532,EVANSTON,HAVERHILL,2017-05-12,12,5,2017,17,6,2,9,,,2,,1,1,1,25,2,2,4,4,0,0,0,2,false,,false,false,true,false,false,,,,,,false,false,false,,,false,false,false,false,false,-82.94916,42.4097,"{
  ""coordinates"": [
    -8.294916132000000e+01,
    4.240969764600000e+01
  ],
  ""type"": ""Point""
}","{
  ""coordinates"": [
    -82.94916132,
    42.409697646
  ],
  ""type"": ""Point""
}",-82.94916132,42.409697646
16045,1029367,HARPER,YORKSHIRE,2017-05-12,12,5,2017,20,6,4,9,,4,0,,1,1,1,35,4,2,4,5,0,0,0,0,true,,false,false,false,false,false,,,,,,false,false,true,,,false,false,false,false,false,-82.94014,42.41413,"{
  ""coordinates"": [
    -8.294013691600000e+01,
    4.241413652000010e+01
  ],
  ""type"": ""Point""
}","{
  ""coordinates"": [
    -82.940136916,
    42.41413652
  ],
  ""type"": ""Point""
}",-82.940136916,42.4141365200001
16046,1029452,TULLER,DAVISON,2017-05-12,12,5,2017,9,6,97,9,,,0,,1,1,1,25,2,2,2,5,0,0,0,0,true,,false,false,true,false,false,,,,,,false,false,true,,,false,false,false,false,false,-83.14644,42.38667,"{
  ""coordinates"": [
    -8.314643507999990e+01,
    4.238666618700010e+01
  ],
  ""type"": ""Point""
}","{
  ""coordinates"": [
    -83.14643508,
    42.386666187
  ],
  ""type"": ""Point""
}",-83.1464350799999,42.3866661870001
16047,1029463,DAVISON,MT ELLIOTT,2017-05-12,12,5,2017,11,6,8,9,,4,0,,1,1,1,0,2,2,1,5,0,0,0,0,true,,false,false,true,false,false,,,,,,false,true,false,,,false,false,false,false,false,-83.03887,42.42325,"{
  ""coordinates"": [
    -8.303887194399989e+01,
    4.242325136800010e+01
  ],
  ""type"": ""Point""
}","{
  ""coordinates"": [
    -83.038871944,
    42.423251368
  ],
  ""type"": ""Point""
}",-83.0388719439999,42.4232513680001
16048,1046600,CHENE,JEFFERSON,2017-05-12,12,5,2017,10,6,1,9,,4,0,,1,1,1,35,4,2,2,2,0,1,0,0,false,,false,false,false,false,false,,,,,,false,false,false,,,false,false,false,true,false,-83.02264,42.33825,"{
  ""coordinates"": [
    -8.302264196000000e+01,
    4.233825178300000e+01
  ],
  ""type"": ""Point""
}","{
  ""coordinates"": [
    -83.02264196,
    42.338251783
  ],
  ""type"": ""Point""
}",-83.02264196,42.338251783
16049,1029293,SCHOOLCRAFT,ROBSON1,2017-05-12,12,5,2017,10,6,4,9,,2,0,,1,1,1,30,4,2,1,5,0,0,0,0,true,,true,false,true,false,false,,,,,,false,false,false,,,false,false,true,false,false,-83.19248,42.38723,"{
  ""coordinates"": [
    -8.319247920299991e+01,
    4.238723489900010e+01
  ],
  ""type"": ""Point""
}","{
  ""coordinates"": [
    -83.192479203,
    42.387234899
  ],
  ""type"": ""Point""
}",-83.1924792029999,42.3872348990001
16050,1030024,FORT,LIVERNOIS,2017-05-12,12,5,2017,5,6,4,3,,1,0,,1,1,2,35,4,2,2,5,0,0,0,0,true,,true,true,false,false,false,,,,,,false,true,false,,,false,false,false,false,false,-83.10337,42.30668,"{
  ""coordinates"": [
    -8.310336746099991e+01,
    4.230667952800010e+01
  ],
  ""type"": ""Point""
}","{
  ""coordinates"": [
    -83.103367461,
    42.306679528
  ],
  ""type"": ""Point""
}",-83.1033674609999,42.3066795280001
16051,1029398,TRINITY,FLORENCE,2017-05-12,12,5,2017,12,6,9,9,,,0,,1,1,1,25,2,2,2,5,0,0,0,0,true,,false,false,true,false,false,,,,,,false,false,true,,,false,false,false,false,false,-83.24863,42.40953,"{
  ""coordinates"": [
    -8.324862555999989e+01,
    4.240952993300000e+01
  ],
  ""type"": ""Point""
}","{
  ""coordinates"": [
    -83.24862556,
    42.409529933
  ],
  ""type"": ""Point""
}",-83.2486255599999,42.409529933
16052,1029414,GARFIELD,MCDOUGHALL,2017-05-12,12,5,2017,23,6,98,9,,,0,,1,1,4,35,4,2,1,5,0,0,0,0,true,,false,false,true,false,false,,,,,,false,false,false,,,false,false,false,false,false,-83.03368,42.36439,"{
  ""coordinates"": [
    -8.303368145899999e+01,
    4.236439107500010e+01
  ],
  ""type"": ""Point""
}","{
  ""coordinates"": [
    -83.033681459,
    42.364391075
  ],
  ""type"": ""Point""
}",-83.033681459,42.3643910750001
16053,1101585,TELEGRAPH,GRAND RIVER,2017-05-12,12,5,2017,12,6,6,2,,1,0,,1,1,1,0,4,2,1,4,0,0,0,1,false,,false,false,true,false,false,,,,,,false,true,false,,,false,false,false,false,false,-83.27737,42.42444,"{
  ""coordinates"": [
    -8.327736932999990e+01,
    4.242443752600010e+01
  ],
  ""type"": ""Point""
}","{
  ""coordinates"": [
    -83.27736933,
    42.424437526
  ],
  ""type"": ""Point""
}",-83.2773693299999,42.4244375260001
16054,1029455,BROADSTREET,JOY,2017-05-12,12,5,2017,21,6,8,9,,4,0,,1,1,4,15,1,2,1,5,0,0,0,0,true,,false,false,false,false,false,,,,,,false,true,false,,,false,false,false,false,false,-83.12591,42.36718,"{
  ""coordinates"": [
    -8.312590725000000e+01,
    4.236718006700000e+01
  ],
  ""type"": ""Point""
}","{
  ""coordinates"": [
    -83.12590725,
    42.367180067
  ],
  ""type"": ""Point""
}",-83.12590725,42.367180067
16055,1034966,M-10,CALVERT,2017-05-12,12,5,2017,2,6,8,3,,1,0,,2,4,4,55,3,2,2,5,0,0,0,0,true,,false,false,false,true,false,,,,,,false,false,false,,,false,false,false,false,false,-83.09544,42.38263,"{
  ""coordinates"": [
    -8.309544318800000e+01,
    4.238262979000010e+01
  ],
  ""type"": ""Point""
}","{
  ""coordinates"": [
    -83.095443188,
    42.38262979
  ],
  ""type"": ""Point""
}",-83.095443188,42.3826297900001
16056,1031761,I-94,BARRETT,2017-05-12,12,5,2017,14,6,5,1,,1,0,,1,1,1,55,3,2,2,5,0,0,0,0,true,,false,false,false,false,false,,,,,,false,false,true,,,false,false,false,false,false,-82.98049,42.3996,"{
  ""coordinates"": [
    -8.298048960599991e+01,
    4.239960452700010e+01
  ],
  ""type"": ""Point""
}","{
  ""coordinates"": [
    -82.980489606,
    42.399604527
  ],
  ""type"": ""Point""
}",-82.9804896059999,42.3996045270001
16057,1032746,I-94,TRUMBULL,2017-05-12,12,5,2017,20,6,8,1,,1,0,,1,1,1,55,3,2,1,5,0,0,0,0,true,,false,false,true,false,false,,,,,,false,false,false,,,false,false,false,false,false,-83.08141,42.35609,"{
  ""coordinates"": [
    -8.308140225100000e+01,
    4.235608566200010e+01
  ],
  ""type"": ""Point""
}","{
  ""coordinates"": [
    -83.081402251,
    42.356085662
  ],
  ""type"": ""Point""
}",-83.081402251,42.3560856620001
16058,1029317,CHENE,EDSEL FORD SERVICE,2017-05-12,12,5,2017,14,6,5,1,,,0,,1,1,1,25,3,2,2,5,0,0,0,0,true,,false,false,true,false,false,,,,,,false,false,false,,,false,false,false,false,false,-83.04666,42.37542,"{
  ""coordinates"": [
    -8.304666489200000e+01,
    4.237541400000000e+01
  ],
  ""type"": ""Point""
}","{
  ""coordinates"": [
    -83.046664892,
    42.375414
  ],
  ""type"": ""Point""
}",-83.046664892,42.375414
16059,1049642,I-94,CENTRAL,2017-05-12,12,5,2017,16,6,8,1,,1,0,,1,1,1,55,3,2,1,5,0,0,0,0,true,,false,false,true,false,false,,,,,,false,false,false,,,false,false,false,false,false,-83.13403,42.33387,"{
  ""coordinates"": [
    -8.313402421799999e+01,
    4.233386847300010e+01
  ],
  ""type"": ""Point""
}","{
  ""coordinates"": [
    -83.134024218,
    42.333868473
  ],
  ""type"": ""Point""
}",-83.134024218,42.3338684730001
16060,1029437,STATE FAIR,HAYES,2017-05-12,12,5,2017,19,6,97,9,,4,1,,1,1,1,35,2,2,3,4,0,0,0,1,false,,false,false,true,false,false,,,,,,true,false,false,,,false,false,false,false,false,-82.96612,42.44268,"{
  ""coordinates"": [
    -8.296611950600000e+01,
    4.244267486500010e+01
  ],
  ""type"": ""Point""
}","{
  ""coordinates"": [
    -82.966119506,
    42.442674865
  ],
  ""type"": ""Point""
}",-82.966119506,42.4426748650001
16061,1035049,TELEGRAPH,GRANDRIVER,2017-05-12,12,5,2017,12,6,5,2,,1,0,,1,1,1,45,2,2,2,5,0,0,0,0,true,,false,false,false,false,false,,,,,,false,false,true,,,false,false,false,false,false,-83.27737,42.42437,"{
  ""coordinates"": [
    -8.327736688300000e+01,
    4.242436594200010e+01
  ],
  ""type"": ""Point""
}","{
  ""coordinates"": [
    -83.277366883,
    42.424365942
  ],
  ""type"": ""Point""
}",-83.277366883,42.4243659420001
16062,1029464,MOUND,OUTER,2017-05-12,12,5,2017,16,6,8,9,,2,0,,1,1,1,35,2,2,2,5,0,0,0,0,true,,false,false,false,false,false,,,,,,false,false,false,,,false,false,false,false,false,-83.0437,42.4408,"{
  ""coordinates"": [
    -8.304369765699990e+01,
    4.244080213000010e+01
  ],
  ""type"": ""Point""
}","{
  ""coordinates"": [
    -83.043697657,
    42.44080213
  ],
  ""type"": ""Point""
}",-83.0436976569999,42.4408021300001
16063,1032776,MCNICHOLS,SCHAEFER,2017-05-12,12,5,2017,10,6,5,9,,2,0,,1,1,1,35,5,2,2,4,0,0,0,1,false,,false,false,false,false,false,,,,,,false,false,false,,,false,false,false,false,false,-83.18006,42.41659,"{
  ""coordinates"": [
    -8.318005813500000e+01,
    4.241659239600010e+01
  ],
  ""type"": ""Point""
}","{
  ""coordinates"": [
    -83.180058135,
    42.416592396
  ],
  ""type"": ""Point""
}",-83.180058135,42.4165923960001
16064,1031766,I-75,SCHAEFER,2017-05-12,12,5,2017,6,6,5,1,,1,0,,1,1,2,70,3,6,6,4,0,0,0,1,false,,false,false,false,false,false,,,,,,false,false,false,,,false,false,false,false,false,-83.0819,42.32064,"{
  ""coordinates"": [
    -8.308189994599999e+01,
    4.232064171500010e+01
  ],
  ""type"": ""Point""
}","{
  ""coordinates"": [
    -83.081899946,
    42.320641715
  ],
  ""type"": ""Point""
}",-83.081899946,42.3206417150001
16065,1045000,E/B I-96,SOUTHFIELD,2017-05-12,12,5,2017,16,6,5,1,,1,0,,1,1,1,70,4,2,2,5,0,0,0,0,true,,false,false,false,false,false,,,,,,false,true,true,,,false,false,false,false,false,-83.21808,42.3786,"{
  ""coordinates"": [
    -8.321807657600000e+01,
    4.237860605600010e+01
  ],
  ""type"": ""Point""
}","{
  ""coordinates"": [
    -83.218076576,
    42.378606056
  ],
  ""type"": ""Point""
}",-83.218076576,42.3786060560001
16066,1029488,N I 75,7 MILE,2017-05-12,12,5,2017,17,6,5,1,,1,0,,1,1,1,30,4,2,2,5,0,0,0,0,true,,false,false,false,false,false,,,,,,false,false,false,,,false,false,false,false,false,-83.09464,42.43237,"{
  ""coordinates"": [
    -8.309463625399999e+01,
    4.243237490400000e+01
  ],
  ""type"": ""Point""
}","{
  ""coordinates"": [
    -83.094636254,
    42.432374904
  ],
  ""type"": ""Point""
}",-83.094636254,42.432374904
16067,1029466,VAN DYKE,STOCKTON,2017-05-12,12,5,2017,15,6,4,3,,1,0,,1,1,1,0,2,2,1,5,0,0,0,0,true,,false,false,false,false,false,,,,,,false,false,false,,,false,false,false,false,false,-83.02404,42.42843,"{
  ""coordinates"": [
    -8.302404359099999e+01,
    4.242842885800010e+01
  ],
  ""type"": ""Point""
}","{
  ""coordinates"": [
    -83.024043591,
    42.428428858
  ],
  ""type"": ""Point""
}",-83.024043591,42.4284288580001
16068,1029311,LODGE S D,FOREST,2017-05-12,12,5,2017,11,6,4,3,,4,0,,1,1,1,30,2,2,3,5,0,0,0,0,true,,false,false,false,false,false,,,,,,false,true,false,,,false,false,false,false,false,-83.07246,42.35114,"{
  ""coordinates"": [
    -8.307246081499990e+01,
    4.235114106600000e+01
  ],
  ""type"": ""Point""
}","{
  ""coordinates"": [
    -83.072460815,
    42.351141066
  ],
  ""type"": ""Point""
}",-83.0724608149999,42.351141066
16069,1029454,EPWORTH,MILFORD,2017-05-12,12,5,2017,18,6,4,9,,4,0,,1,1,1,30,2,2,1,4,0,0,0,1,false,,false,false,true,false,false,,,,,,false,false,false,,,false,false,false,false,false,-83.12763,42.34898,"{
  ""coordinates"": [
    -8.312763200099990e+01,
    4.234898331900010e+01
  ],
  ""type"": ""Point""
}","{
  ""coordinates"": [
    -83.127632001,
    42.348983319
  ],
  ""type"": ""Point""
}",-83.1276320009999,42.3489833190001
16070,1030025,DIX,MELLON,2017-05-12,12,5,2017,15,6,8,9,,2,0,,1,1,1,25,4,2,2,5,0,0,0,0,true,,false,false,false,false,false,,,,,,false,false,false,,,false,false,false,false,false,-83.15646,42.29053,"{
  ""coordinates"": [
    -8.315645621499991e+01,
    4.229052866500010e+01
  ],
  ""type"": ""Point""
}","{
  ""coordinates"": [
    -83.156456215,
    42.290528665
  ],
  ""type"": ""Point""
}",-83.1564562149999,42.2905286650001
16071,1031854,N I 75 SERVICE DRIVE,GREEN,2017-05-12,12,5,2017,7,6,4,9,,4,0,,1,1,1,0,2,2,3,4,0,0,0,1,false,,false,false,false,false,false,,,,,,false,false,false,,,false,false,false,false,false,-83.11359,42.30318,"{
  ""coordinates"": [
    -8.311358590899989e+01,
    4.230318123000010e+01
  ],
  ""type"": ""Point""
}","{
  ""coordinates"": [
    -83.113585909,
    42.30318123
  ],
  ""type"": ""Point""
}",-83.1135859089999,42.3031812300001
16072,1026723,MCNICHOLS,MOUNT ELLIOT,2017-05-12,12,5,2017,1,6,4,9,,4,0,,1,1,4,35,8,2,2,5,0,0,0,0,true,,true,true,false,false,false,,,,,,false,false,false,,,false,false,false,false,false,-83.0425,42.41908,"{
  ""coordinates"": [
    -8.304250578800000e+01,
    4.241908079000010e+01
  ],
  ""type"": ""Point""
}","{
  ""coordinates"": [
    -83.042505788,
    42.41908079
  ],
  ""type"": ""Point""
}",-83.042505788,42.4190807900001
16073,1032777,GLENCO,EVERGREEN,2017-05-12,12,5,2017,21,6,1,9,,,1,,1,1,4,25,2,1,1,5,0,0,0,0,true,,false,false,false,false,false,,,,,,false,false,true,,,false,false,false,false,false,-83.23943,42.42167,"{
  ""coordinates"": [
    -8.323942581700000e+01,
    4.242166622000010e+01
  ],
  ""type"": ""Point""
}","{
  ""coordinates"": [
    -83.239425817,
    42.42166622
  ],
  ""type"": ""Point""
}",-83.239425817,42.4216662200001
16074,1031764,I-94,14 TH,2017-05-12,12,5,2017,19,6,8,1,,1,0,,1,1,1,55,3,2,2,5,0,0,0,0,true,,false,false,false,false,false,,,,,,false,false,false,,,false,false,false,false,false,-83.08863,42.3534,"{
  ""coordinates"": [
    -8.308863429400000e+01,
    4.235340410600000e+01
  ],
  ""type"": ""Point""
}","{
  ""coordinates"": [
    -83.088634294,
    42.353404106
  ],
  ""type"": ""Point""
}",-83.088634294,42.353404106
16075,1030030,LIVERNOIS,FORT,2017-05-12,12,5,2017,5,6,4,3,,4,0,,98,98,98,25,2,2,2,5,0,0,0,0,true,,false,false,false,false,false,,,,,,false,true,false,,,false,false,false,false,false,-83.10347,42.30664,"{
  ""coordinates"": [
    -8.310346884099989e+01,
    4.230663646200000e+01
  ],
  ""type"": ""Point""
}","{
  ""coordinates"": [
    -83.103468841,
    42.306636462
  ],
  ""type"": ""Point""
}",-83.1034688409999,42.306636462