ObjectId,Crash ID,Primary Road,Intersecting Road,Crash Date,Day,Month,Year,Hour,Weekday,Crash Type Code,Highway Classification Code,Community Code,Jurisdiction Code,Lane Departure Type Code,Surface Type,Road Condition,Weather Condition,Lighting Condition,Speed Limit,Lanes,Units,Occupants,Most Severe Injury,Fatal Injuries,Suspected Serious Injuries,Suspected Minor Injuries,Possible Injuries,Property Damage Only,Secondary Crash,Traffic Control,Red Light Run,Hit and Run,Alcohol,Drugs,Unbelted Person,Work Zone,Speeding Driver,Distracted Driver,Driveway,Pedestrian,Elderly Driver,Young Driver,Commercial Vehicle,Emergency Vehicles,Train,School Bus,Motorcycle,Bicycle,Deer,Longitude,Latitude,geom,geog,x,y
16076,1029290,MCNICHOLS,ARDMORE,2017-05-12,12,5,2017,18,6,4,9,,2,0,,1,1,1,35,4,2,2,5,0,0,0,0,true,,false,false,false,false,false,,,,,,false,false,false,,,false,false,false,false,false,-83.18472,42.41654,"{
  ""coordinates"": [
    -8.318471985100000e+01,
    4.241653775100010e+01
  ],
  ""type"": ""Point""
}","{
  ""coordinates"": [
    -83.184719851,
    42.416537751
  ],
  ""type"": ""Point""
}",-83.184719851,42.4165377510001
16077,1029413,MCDOUGALL,WARREN,2017-05-12,12,5,2017,18,6,98,9,,4,0,,1,1,1,35,6,2,1,5,0,0,0,0,true,,false,false,true,false,false,,,,,,false,false,false,,,false,false,false,false,false,-83.03585,42.3675,"{
  ""coordinates"": [
    -8.303585222600000e+01,
    4.236749863000010e+01
  ],
  ""type"": ""Point""
}","{
  ""coordinates"": [
    -83.035852226,
    42.36749863
  ],
  ""type"": ""Point""
}",-83.035852226,42.3674986300001
16078,1031777,W/B I 96,SCOTTEN,2017-05-12,12,5,2017,16,6,1,1,,1,1,,1,1,1,55,4,1,1,4,0,0,0,1,false,,false,false,false,false,false,,,,,,false,false,false,,,false,false,false,false,false,-83.11049,42.35598,"{
  ""coordinates"": [
    -8.311048658399990e+01,
    4.235598217400010e+01
  ],
  ""type"": ""Point""
}","{
  ""coordinates"": [
    -83.110486584,
    42.355982174
  ],
  ""type"": ""Point""
}",-83.1104865839999,42.3559821740001
16079,1029318,WASHINGTON,STATE,2017-05-12,12,5,2017,15,6,8,9,,4,0,,1,1,1,35,4,2,1,5,0,0,0,0,true,,false,false,true,false,false,,,,,,false,true,false,,,false,false,false,false,false,-83.05119,42.33252,"{
  ""coordinates"": [
    -8.305119441200000e+01,
    4.233251459800000e+01
  ],
  ""type"": ""Point""
}","{
  ""coordinates"": [
    -83.051194412,
    42.332514598
  ],
  ""type"": ""Point""
}",-83.051194412,42.332514598
16080,1031760,M-39,PLYMOUTH,2017-05-12,12,5,2017,12,6,1,3,,1,1,,1,1,1,55,3,1,1,5,0,0,0,0,true,,false,false,false,false,false,,,,,,false,false,false,,,false,false,false,false,false,-83.21678,42.37267,"{
  ""coordinates"": [
    -8.321678463400001e+01,
    4.237266501800010e+01
  ],
  ""type"": ""Point""
}","{
  ""coordinates"": [
    -83.216784634,
    42.372665018
  ],
  ""type"": ""Point""
}",-83.216784634,42.3726650180001
16081,1036801,MCNICHOLS,LAHSER,2017-05-12,12,5,2017,18,6,4,9,,2,0,,1,1,1,35,4,2,2,5,0,0,0,0,true,,true,true,false,false,false,,,,,,false,false,false,,,false,false,true,false,false,-83.25755,42.41474,"{
  ""coordinates"": [
    -8.325755285100000e+01,
    4.241474230400010e+01
  ],
  ""type"": ""Point""
}","{
  ""coordinates"": [
    -83.257552851,
    42.414742304
  ],
  ""type"": ""Point""
}",-83.257552851,42.4147423040001
16082,1029519,CASS,ANTOINETTE,2017-05-12,12,5,2017,13,6,8,9,,4,0,,1,1,1,25,2,2,1,5,0,0,0,0,true,,false,false,false,false,false,,,,,,false,false,false,,,false,false,false,false,false,-83.07064,42.36297,"{
  ""coordinates"": [
    -8.307064078400001e+01,
    4.236297296800010e+01
  ],
  ""type"": ""Point""
}","{
  ""coordinates"": [
    -83.070640784,
    42.362972968
  ],
  ""type"": ""Point""
}",-83.070640784,42.3629729680001
16083,1026689,S I 75,RAMP 216A,2017-05-11,11,5,2017,6,5,4,1,,1,0,,1,1,1,0,4,2,2,3,0,0,1,0,false,,false,false,false,false,false,,,,,,false,false,true,,,false,false,false,false,false,-83.0547,42.36111,"{
  ""coordinates"": [
    -8.305469982499990e+01,
    4.236111006300010e+01
  ],
  ""type"": ""Point""
}","{
  ""coordinates"": [
    -83.054699825,
    42.361110063
  ],
  ""type"": ""Point""
}",-83.0546998249999,42.3611100630001
16084,1029407,FENKELL,RIVERVIEW,2017-05-11,11,5,2017,19,5,97,9,,2,0,,1,1,1,35,4,2,2,2,0,1,0,0,false,,false,false,true,false,false,,,,,,false,false,false,,,false,false,true,false,false,-83.27395,42.40011,"{
  ""coordinates"": [
    -8.327394699400000e+01,
    4.240011187000000e+01
  ],
  ""type"": ""Point""
}","{
  ""coordinates"": [
    -83.273946994,
    42.40011187
  ],
  ""type"": ""Point""
}",-83.273946994,42.40011187
16085,1033889,RAMP 008P,M-39,2017-05-11,11,5,2017,15,5,1,1,,1,0,,1,1,1,55,2,1,2,5,0,0,0,0,true,,false,false,false,false,false,,,,,,false,false,false,,,false,false,false,false,false,-83.2169,42.37877,"{
  ""coordinates"": [
    -8.321690698899990e+01,
    4.237876945300010e+01
  ],
  ""type"": ""Point""
}","{
  ""coordinates"": [
    -83.216906989,
    42.378769453
  ],
  ""type"": ""Point""
}",-83.2169069889999,42.3787694530001
16086,1026709,GREENFIELD,PICKFORD,2017-05-11,11,5,2017,6,5,3,9,,2,0,,1,4,2,35,4,2,4,4,0,0,0,3,false,,false,false,false,false,false,,,,,,false,false,false,,,false,false,false,false,false,-83.19965,42.42497,"{
  ""coordinates"": [
    -8.319965576600001e+01,
    4.242497392500010e+01
  ],
  ""type"": ""Point""
}","{
  ""coordinates"": [
    -83.199655766,
    42.424973925
  ],
  ""type"": ""Point""
}",-83.199655766,42.4249739250001
16087,1026737,LOTHROP,THIRD,2017-05-11,11,5,2017,17,5,5,9,,4,0,,1,1,1,30,4,3,2,4,0,0,0,1,false,,false,false,false,false,false,,,,,,false,true,false,,,false,false,false,false,false,-83.07946,42.36957,"{
  ""coordinates"": [
    -8.307946264400000e+01,
    4.236957072400000e+01
  ],
  ""type"": ""Point""
}","{
  ""coordinates"": [
    -83.079462644,
    42.369570724
  ],
  ""type"": ""Point""
}",-83.079462644,42.369570724
16088,1033890,N I 75,W I 96,2017-05-11,11,5,2017,16,5,5,1,,1,0,,1,1,1,55,4,2,2,5,0,0,0,0,true,,false,false,false,false,false,,,,,,false,false,true,,,false,false,false,false,false,-83.08248,42.31859,"{
  ""coordinates"": [
    -8.308247978500000e+01,
    4.231858921700010e+01
  ],
  ""type"": ""Point""
}","{
  ""coordinates"": [
    -83.082479785,
    42.318589217
  ],
  ""type"": ""Point""
}",-83.082479785,42.3185892170001
16089,1026714,GRATIOT,GLENWOOD,2017-05-11,11,5,2017,10,5,4,3,,1,0,,1,2,1,35,8,2,2,4,0,0,0,1,false,,false,false,false,false,false,,,,,,false,false,true,,,false,false,false,false,false,-82.98064,42.4306,"{
  ""coordinates"": [
    -8.298064603200000e+01,
    4.243060286900000e+01
  ],
  ""type"": ""Point""
}","{
  ""coordinates"": [
    -82.980646032,
    42.430602869
  ],
  ""type"": ""Point""
}",-82.980646032,42.430602869
16090,1046554,SCHOOLCRAFT,MENDOTA,2017-05-11,11,5,2017,8,5,97,9,,4,1,,1,1,1,30,2,1,1,4,0,0,0,1,false,,false,false,false,false,false,,,,,,false,false,true,,,false,false,false,false,false,-83.16443,42.38837,"{
  ""coordinates"": [
    -8.316442532199990e+01,
    4.238836554300010e+01
  ],
  ""type"": ""Point""
}","{
  ""coordinates"": [
    -83.164425322,
    42.388365543
  ],
  ""type"": ""Point""
}",-83.1644253219999,42.3883655430001
16091,1029272,S/B M-39,TIREMAN,2017-05-11,11,5,2017,22,5,1,3,,1,1,,1,1,4,55,3,1,1,5,0,0,0,0,true,,false,false,false,false,false,,,,,,false,false,false,,,false,false,false,false,false,-83.21644,42.35035,"{
  ""coordinates"": [
    -8.321643820799990e+01,
    4.235034670000000e+01
  ],
  ""type"": ""Point""
}","{
  ""coordinates"": [
    -83.216438208,
    42.3503467
  ],
  ""type"": ""Point""
}",-83.2164382079999,42.3503467
16092,1026692,JEFFERSON,EIGTH,2017-05-11,11,5,2017,7,5,4,9,,4,0,,1,2,1,25,4,2,2,5,0,0,0,0,true,,false,false,false,false,false,,,,,,false,false,false,,,false,false,false,false,false,-83.05795,42.32462,"{
  ""coordinates"": [
    -8.305794757000000e+01,
    4.232462199600010e+01
  ],
  ""type"": ""Point""
}","{
  ""coordinates"": [
    -83.05794757,
    42.324621996
  ],
  ""type"": ""Point""
}",-83.05794757,42.3246219960001
16093,1032796,TEMPLE,BROOKLYN,2017-05-11,11,5,2017,16,5,3,9,,4,0,,1,1,1,25,1,2,2,5,0,0,0,0,true,,false,false,false,false,false,,,,,,false,false,false,,,false,false,false,false,false,-83.0679,42.33878,"{
  ""coordinates"": [
    -8.306790278999991e+01,
    4.233877814200010e+01
  ],
  ""type"": ""Point""
}","{
  ""coordinates"": [
    -83.06790279,
    42.338778142
  ],
  ""type"": ""Point""
}",-83.0679027899999,42.3387781420001
16094,1026691,LAWTON,MARTIN LUTHER KING JR,2017-05-11,11,5,2017,10,5,9,9,,4,2,,1,2,1,30,2,2,2,5,0,0,0,0,true,,false,false,false,false,false,,,,,,false,false,false,,,false,false,false,false,false,-83.08825,42.33645,"{
  ""coordinates"": [
    -8.308824810499991e+01,
    4.233644965800000e+01
  ],
  ""type"": ""Point""
}","{
  ""coordinates"": [
    -83.088248105,
    42.336449658
  ],
  ""type"": ""Point""
}",-83.0882481049999,42.336449658
16095,1026716,HOOVER,CLOUGH,2017-05-11,11,5,2017,13,5,4,3,,1,0,,1,1,1,0,2,2,3,5,0,0,0,0,true,,false,false,false,false,false,,,,,,false,false,true,,,false,false,false,false,false,-83.00417,42.42384,"{
  ""coordinates"": [
    -8.300417354500000e+01,
    4.242383746600010e+01
  ],
  ""type"": ""Point""
}","{
  ""coordinates"": [
    -83.004173545,
    42.423837466
  ],
  ""type"": ""Point""
}",-83.004173545,42.4238374660001
16096,1050668,HOOVER,STURGIS,2017-05-11,11,5,2017,22,5,5,3,,1,0,,1,1,4,45,2,2,2,5,0,0,0,0,true,,false,false,false,false,false,,,,,,false,false,false,,,false,false,false,false,false,-83.00481,42.43786,"{
  ""coordinates"": [
    -8.300481153600001e+01,
    4.243785839600010e+01
  ],
  ""type"": ""Point""
}","{
  ""coordinates"": [
    -83.004811536,
    42.437858396
  ],
  ""type"": ""Point""
}",-83.004811536,42.4378583960001
16097,1029477,GREENLAWN,EATON,2017-05-11,11,5,2017,19,5,4,9,,,0,,1,1,1,25,2,2,3,4,0,0,0,1,false,,false,false,false,false,false,,,,,,false,false,false,,,false,false,false,false,false,-83.15022,42.39825,"{
  ""coordinates"": [
    -8.315022376699990e+01,
    4.239825539300010e+01
  ],
  ""type"": ""Point""
}","{
  ""coordinates"": [
    -83.150223767,
    42.398255393
  ],
  ""type"": ""Point""
}",-83.1502237669999,42.3982553930001
16098,1060593,CHICAGO,ASBURY,2017-05-11,11,5,2017,11,5,5,9,,4,3,,1,1,1,35,2,2,0,5,0,0,0,0,true,,false,false,true,false,false,,,,,,false,false,false,,,false,false,false,false,false,-83.2077,42.36521,"{
  ""coordinates"": [
    -8.320769874299999e+01,
    4.236521154600010e+01
  ],
  ""type"": ""Point""
}","{
  ""coordinates"": [
    -83.207698743,
    42.365211546
  ],
  ""type"": ""Point""
}",-83.207698743,42.3652115460001
16099,1026688,DELAWARE,THIRD,2017-05-11,11,5,2017,11,5,8,9,,,3,,1,1,1,25,2,2,1,5,0,0,0,0,true,,false,false,false,false,false,,,,,,false,false,false,,,false,false,false,false,false,-83.08108,42.37219,"{
  ""coordinates"": [
    -8.308107783600001e+01,
    4.237219285200010e+01
  ],
  ""type"": ""Point""
}","{
  ""coordinates"": [
    -83.081077836,
    42.372192852
  ],
  ""type"": ""Point""
}",-83.081077836,42.3721928520001
16100,1034976,RAMP 214E,W I 94,2017-05-11,11,5,2017,17,5,8,1,,1,0,,1,1,1,55,3,2,2,5,0,0,0,0,true,,false,false,false,false,false,,,,,,false,true,true,,,false,false,false,false,false,-83.08251,42.35572,"{
  ""coordinates"": [
    -8.308251076499990e+01,
    4.235572267000000e+01
  ],
  ""type"": ""Point""
}","{
  ""coordinates"": [
    -83.082510765,
    42.35572267
  ],
  ""type"": ""Point""
}",-83.0825107649999,42.35572267
16101,1035074,EWALD,OAKMAN,2017-05-11,11,5,2017,9,5,9,9,,4,0,,1,1,1,0,2,2,2,5,0,0,0,0,true,,false,false,false,false,false,,,,,,false,true,false,,,false,false,false,false,false,-83.14507,42.37839,"{
  ""coordinates"": [
    -8.314506674800000e+01,
    4.237839260800010e+01
  ],
  ""type"": ""Point""
}","{
  ""coordinates"": [
    -83.145066748,
    42.378392608
  ],
  ""type"": ""Point""
}",-83.145066748,42.3783926080001
16102,1026660,E M 8,RAMP 047F,2017-05-11,11,5,2017,6,5,8,3,,1,0,,2,2,2,55,3,2,1,5,0,0,0,0,true,,false,false,true,false,false,,,,,,false,false,false,,,false,false,false,false,false,-83.07964,42.40865,"{
  ""coordinates"": [
    -8.307963614300000e+01,
    4.240864488300010e+01
  ],
  ""type"": ""Point""
}","{
  ""coordinates"": [
    -83.079636143,
    42.408644883
  ],
  ""type"": ""Point""
}",-83.079636143,42.4086448830001
16103,1033893,M-39,PLYMOUTH,2017-05-11,11,5,2017,14,5,8,3,,1,0,,1,1,1,55,3,2,3,5,0,0,0,0,true,,false,false,false,false,false,,,,,,false,false,true,,,false,false,false,false,false,-83.2167,42.37081,"{
  ""coordinates"": [
    -8.321670031799989e+01,
    4.237081191800010e+01
  ],
  ""type"": ""Point""
}","{
  ""coordinates"": [
    -83.216700318,
    42.370811918
  ],
  ""type"": ""Point""
}",-83.2167003179999,42.3708119180001
16104,1025761,I 75,CLAY,2017-05-11,11,5,2017,7,5,5,1,,1,0,,1,1,1,55,4,3,3,5,0,0,0,0,true,,false,false,false,false,false,,,,,,false,false,false,,,false,false,false,false,false,-83.06268,42.37805,"{
  ""coordinates"": [
    -8.306268424099990e+01,
    4.237804753000010e+01
  ],
  ""type"": ""Point""
}","{
  ""coordinates"": [
    -83.062684241,
    42.37804753
  ],
  ""type"": ""Point""
}",-83.0626842409999,42.3780475300001
16105,1026732,PEMBROKE,STRATHMOOR,2017-05-11,11,5,2017,13,5,4,9,,5,0,,1,1,1,25,2,2,1,5,0,0,0,0,true,,false,false,false,false,false,,,,,,false,false,false,,,false,false,false,false,false,-83.18891,42.43802,"{
  ""coordinates"": [
    -8.318891213099990e+01,
    4.243801753400000e+01
  ],
  ""type"": ""Point""
}","{
  ""coordinates"": [
    -83.188912131,
    42.438017534
  ],
  ""type"": ""Point""
}",-83.1889121309999,42.438017534
16106,1032769,DICKERSON,CHANDLER,2017-05-11,11,5,2017,15,5,1,9,,4,0,,1,1,1,30,4,1,1,5,0,0,0,0,true,,false,false,false,false,false,,,,,,false,false,false,,,false,false,false,false,false,-82.97041,42.39742,"{
  ""coordinates"": [
    -8.297041647700000e+01,
    4.239741862000010e+01
  ],
  ""type"": ""Point""
}","{
  ""coordinates"": [
    -82.970416477,
    42.39741862
  ],
  ""type"": ""Point""
}",-82.970416477,42.3974186200001
16107,1026724,MOENART,8 MILE,2017-05-11,11,5,2017,17,5,8,3,,,0,,1,1,1,25,1,4,2,5,0,0,0,0,true,,false,false,true,false,false,,,,,,false,false,true,,,false,false,false,false,false,-83.05072,42.44757,"{
  ""coordinates"": [
    -8.305072289600000e+01,
    4.244756734400000e+01
  ],
  ""type"": ""Point""
}","{
  ""coordinates"": [
    -83.050722896,
    42.447567344
  ],
  ""type"": ""Point""
}",-83.050722896,42.447567344
16108,1033971,HOUGHTON,FARGO,2017-05-11,11,5,2017,15,5,10,9,,,0,,1,1,1,25,3,2,1,5,0,0,0,0,true,,false,false,true,false,false,,,,,,false,false,false,,,false,false,false,false,false,-83.26092,42.43837,"{
  ""coordinates"": [
    -8.326091703899991e+01,
    4.243837488300010e+01
  ],
  ""type"": ""Point""
}","{
  ""coordinates"": [
    -83.260917039,
    42.438374883
  ],
  ""type"": ""Point""
}",-83.2609170389999,42.4383748830001
16109,1041051,M39,PAUL AVE,2017-05-11,11,5,2017,19,5,5,3,,4,0,,1,1,1,55,3,2,2,5,0,0,0,0,true,,false,false,false,false,false,,,,,,false,true,false,,,false,false,false,false,false,-83.21539,42.3334,"{
  ""coordinates"": [
    -8.321538672500000e+01,
    4.233339813200010e+01
  ],
  ""type"": ""Point""
}","{
  ""coordinates"": [
    -83.215386725,
    42.333398132
  ],
  ""type"": ""Point""
}",-83.215386725,42.3333981320001
16110,1026666,RAMP 035A,N I 75,2017-05-11,11,5,2017,4,5,1,1,,1,1,,2,4,98,35,1,1,1,5,0,0,0,0,true,,false,false,false,false,false,,,,,,false,false,false,,,false,false,false,false,false,-83.08296,42.31725,"{
  ""coordinates"": [
    -8.308296106800000e+01,
    4.231724795700010e+01
  ],
  ""type"": ""Point""
}","{
  ""coordinates"": [
    -83.082961068,
    42.317247957
  ],
  ""type"": ""Point""
}",-83.082961068,42.3172479570001
16111,1029419,EVERGREEN,HESSEL,2017-05-11,11,5,2017,20,5,4,9,,4,0,,1,1,3,35,2,2,2,3,0,0,1,0,false,,true,false,false,false,false,,,,,,false,false,false,,,false,false,false,false,false,-83.23931,42.44189,"{
  ""coordinates"": [
    -8.323931131700000e+01,
    4.244189145700010e+01
  ],
  ""type"": ""Point""
}","{
  ""coordinates"": [
    -83.239311317,
    42.441891457
  ],
  ""type"": ""Point""
}",-83.239311317,42.4418914570001
16112,1029518,WOODWARD,AMSTERDAM,2017-05-11,11,5,2017,20,5,5,3,,1,0,,1,1,1,30,8,3,3,4,0,0,0,1,false,,false,false,false,false,false,,,,,,false,false,false,,,false,false,true,false,false,-83.07095,42.36663,"{
  ""coordinates"": [
    -8.307094774300000e+01,
    4.236663489700000e+01
  ],
  ""type"": ""Point""
}","{
  ""coordinates"": [
    -83.070947743,
    42.366634897
  ],
  ""type"": ""Point""
}",-83.070947743,42.366634897
16113,1026703,EDSELFORDE,CADIEUX,2017-05-11,11,5,2017,12,5,8,1,,1,0,,1,1,1,55,3,2,2,5,0,0,0,0,true,,false,false,false,false,false,,,,,,false,false,false,,,false,false,false,false,false,-82.95144,42.40741,"{
  ""coordinates"": [
    -8.295143638899999e+01,
    4.240741205700000e+01
  ],
  ""type"": ""Point""
}","{
  ""coordinates"": [
    -82.951436389,
    42.407412057
  ],
  ""type"": ""Point""
}",-82.951436389,42.407412057
16114,1026727,8 MILE,VAN DYKE,2017-05-11,11,5,2017,16,5,4,3,,1,0,,1,1,1,45,4,2,2,4,0,0,0,1,false,,false,false,false,false,false,,,,,,false,false,false,,,false,false,false,false,false,-83.02193,42.44824,"{
  ""coordinates"": [
    -8.302193267000000e+01,
    4.244824001400010e+01
  ],
  ""type"": ""Point""
}","{
  ""coordinates"": [
    -83.02193267,
    42.448240014
  ],
  ""type"": ""Point""
}",-83.02193267,42.4482400140001
16115,1036720,I-94,MT ELLIOT,2017-05-11,11,5,2017,15,5,1,1,,1,1,,1,1,1,55,3,1,1,4,0,0,0,1,false,,false,false,false,false,false,,,,,,false,false,true,,,false,false,false,false,false,-83.03415,42.37911,"{
  ""coordinates"": [
    -8.303415169600000e+01,
    4.237911066600000e+01
  ],
  ""type"": ""Point""
}","{
  ""coordinates"": [
    -83.034151696,
    42.379110666
  ],
  ""type"": ""Point""
}",-83.034151696,42.379110666
16116,1027708,FORD,4TH,2017-05-11,11,5,2017,10,5,5,9,,,0,,1,1,1,30,3,2,2,4,0,0,0,2,false,,false,false,false,false,false,,,,,,false,false,false,,,false,false,false,false,false,-83.11831,42.39814,"{
  ""coordinates"": [
    -8.311830800900000e+01,
    4.239814259900000e+01
  ],
  ""type"": ""Point""
}","{
  ""coordinates"": [
    -83.118308009,
    42.398142599
  ],
  ""type"": ""Point""
}",-83.118308009,42.398142599
16117,1029406,FORD,SOUTHFIELD,2017-05-11,11,5,2017,16,5,5,3,,1,0,,1,1,1,40,4,2,1,5,0,0,0,0,true,,false,false,true,false,false,,,,,,false,false,true,,,false,false,false,false,false,-83.216,42.3291,"{
  ""coordinates"": [
    -8.321600051300000e+01,
    4.232910014200010e+01
  ],
  ""type"": ""Point""
}","{
  ""coordinates"": [
    -83.216000513,
    42.329100142
  ],
  ""type"": ""Point""
}",-83.216000513,42.3291001420001
16118,1026665,S I 75,ROSA PARKS,2017-05-11,11,5,2017,18,5,8,1,,1,0,,1,1,1,55,3,2,2,5,0,0,0,0,true,,false,false,false,false,false,,,,,,false,false,false,,,false,false,false,false,false,-83.07318,42.33343,"{
  ""coordinates"": [
    -8.307317910200000e+01,
    4.233342914900000e+01
  ],
  ""type"": ""Point""
}","{
  ""coordinates"": [
    -83.073179102,
    42.333429149
  ],
  ""type"": ""Point""
}",-83.073179102,42.333429149
16119,1026708,GRAND RIVER,TELEGRAPH,2017-05-11,11,5,2017,7,5,5,3,,1,0,,1,2,1,35,4,2,2,5,0,0,0,0,true,,false,false,false,false,false,,,,,,false,false,false,,,false,false,false,false,false,-83.27736,42.42456,"{
  ""coordinates"": [
    -8.327735635099999e+01,
    4.242455974600010e+01
  ],
  ""type"": ""Point""
}","{
  ""coordinates"": [
    -83.277356351,
    42.424559746
  ],
  ""type"": ""Point""
}",-83.277356351,42.4245597460001
16120,1026687,W I 96,GRAND,2017-05-11,11,5,2017,14,5,4,1,,1,0,,1,1,1,30,6,2,2,5,0,0,0,0,true,,false,false,true,false,false,,,,,,false,false,false,,,false,false,false,false,false,-83.11049,42.35598,"{
  ""coordinates"": [
    -8.311048658399990e+01,
    4.235598217400010e+01
  ],
  ""type"": ""Point""
}","{
  ""coordinates"": [
    -83.110486584,
    42.355982174
  ],
  ""type"": ""Point""
}",-83.1104865839999,42.3559821740001
16121,1026686,TIREMAN,SCHAEFER,2017-05-11,11,5,2017,14,5,4,9,,2,0,,1,1,1,35,4,2,2,4,0,0,0,1,false,,false,false,false,false,false,,,,,,false,false,true,,,false,false,false,false,false,-83.17718,42.35129,"{
  ""coordinates"": [
    -8.317717955900000e+01,
    4.235129066100010e+01
  ],
  ""type"": ""Point""
}","{
  ""coordinates"": [
    -83.177179559,
    42.351290661
  ],
  ""type"": ""Point""
}",-83.177179559,42.3512906610001
16122,1029273,I-75,MACK,2017-05-11,11,5,2017,21,5,1,1,,1,1,,1,2,4,55,4,1,1,2,0,1,0,0,false,,false,false,false,false,false,,,,,,false,false,false,,,false,false,false,false,false,-83.04749,42.35073,"{
  ""coordinates"": [
    -8.304749591599990e+01,
    4.235072800800000e+01
  ],
  ""type"": ""Point""
}","{
  ""coordinates"": [
    -83.047495916,
    42.350728008
  ],
  ""type"": ""Point""
}",-83.0474959159999,42.350728008
16123,1030021,FERDINAND,VERNOR,2017-05-11,11,5,2017,5,5,8,9,,,0,,2,2,4,25,2,2,0,5,0,0,0,0,true,,false,false,true,false,false,,,,,,false,false,false,,,false,false,false,false,false,-83.09933,42.31854,"{
  ""coordinates"": [
    -8.309932355900000e+01,
    4.231854171800010e+01
  ],
  ""type"": ""Point""
}","{
  ""coordinates"": [
    -83.099323559,
    42.318541718
  ],
  ""type"": ""Point""
}",-83.099323559,42.3185417180001
16124,1026725,HEYDEN,GRAND RIVER,2017-05-11,11,5,2017,14,5,5,3,,,0,,1,1,1,25,4,2,1,5,0,0,0,0,true,,false,false,false,false,false,,,,,,false,false,false,,,false,false,false,false,false,-83.24004,42.40949,"{
  ""coordinates"": [
    -8.324004579000000e+01,
    4.240948843700000e+01
  ],
  ""type"": ""Point""
}","{
  ""coordinates"": [
    -83.24004579,
    42.409488437
  ],
  ""type"": ""Point""
}",-83.24004579,42.409488437
16125,1026694,MICHIGAN,CASS,2017-05-11,11,5,2017,7,5,98,2,,4,0,,2,2,1,35,4,2,2,4,0,0,0,1,false,,false,false,false,false,false,,,,,,false,false,false,,,false,false,false,false,false,-83.05248,42.33168,"{
  ""coordinates"": [
    -8.305248490400000e+01,
    4.233168008500010e+01
  ],
  ""type"": ""Point""
}","{
  ""coordinates"": [
    -83.052484904,
    42.331680085
  ],
  ""type"": ""Point""
}",-83.052484904,42.3316800850001
16126,1036814,FLOYD,WETHERBY,2017-05-11,11,5,2017,15,5,4,9,,,0,,1,1,1,25,2,2,1,4,0,0,0,1,false,,false,false,false,false,false,,,,,,false,true,false,,,false,false,false,false,false,-83.13793,42.3465,"{
  ""coordinates"": [
    -8.313793147500000e+01,
    4.234649504600000e+01
  ],
  ""type"": ""Point""
}","{
  ""coordinates"": [
    -83.137931475,
    42.346495046
  ],
  ""type"": ""Point""
}",-83.137931475,42.346495046
16127,1030040,VERNOR,GRAND,2017-05-11,11,5,2017,15,5,4,9,,4,0,,1,1,1,25,4,2,2,5,0,0,0,0,true,,false,false,false,false,false,,,,,,false,false,true,,,false,false,false,false,false,-83.08939,42.32281,"{
  ""coordinates"": [
    -8.308938629900000e+01,
    4.232280884400010e+01
  ],
  ""type"": ""Point""
}","{
  ""coordinates"": [
    -83.089386299,
    42.322808844
  ],
  ""type"": ""Point""
}",-83.089386299,42.3228088440001
16128,1033894,I-94,LINWOOD,2017-05-11,11,5,2017,15,5,5,1,,1,0,,1,1,1,55,4,4,7,4,0,0,0,2,false,,false,false,false,false,false,,,,,,false,false,false,,,false,false,false,false,false,-83.092,42.35249,"{
  ""coordinates"": [
    -8.309199169199999e+01,
    4.235248972500010e+01
  ],
  ""type"": ""Point""
}","{
  ""coordinates"": [
    -83.091991692,
    42.352489725
  ],
  ""type"": ""Point""
}",-83.091991692,42.3524897250001
16129,1025759,I 94,BEAUBIEN,2017-05-11,11,5,2017,7,5,5,1,,1,0,,1,2,1,55,3,2,2,5,0,0,0,0,true,,false,false,false,false,false,,,,,,false,false,true,,,false,false,false,false,false,-83.063,42.36636,"{
  ""coordinates"": [
    -8.306300301200000e+01,
    4.236635789900000e+01
  ],
  ""type"": ""Point""
}","{
  ""coordinates"": [
    -83.063003012,
    42.366357899
  ],
  ""type"": ""Point""
}",-83.063003012,42.366357899
16130,1033895,W I 94,CONNER,2017-05-11,11,5,2017,16,5,5,1,,1,0,,1,1,1,55,3,2,2,5,0,0,0,0,true,,false,false,false,false,false,,,,,,false,false,true,,,false,false,false,false,false,-82.98911,42.39565,"{
  ""coordinates"": [
    -8.298910807599999e+01,
    4.239564496800010e+01
  ],
  ""type"": ""Point""
}","{
  ""coordinates"": [
    -82.989108076,
    42.395644968
  ],
  ""type"": ""Point""
}",-82.989108076,42.3956449680001
16131,1029389,SOUTHFIELD SERVICE,FITZPATRICK,2017-05-11,11,5,2017,1,5,1,3,,1,1,,2,4,4,30,2,1,2,5,0,0,0,0,true,,false,false,false,false,false,,,,,,false,false,true,,,false,false,false,false,false,-83.21637,42.36419,"{
  ""coordinates"": [
    -8.321636616200000e+01,
    4.236418789300010e+01
  ],
  ""type"": ""Point""
}","{
  ""coordinates"": [
    -83.216366162,
    42.364187893
  ],
  ""type"": ""Point""
}",-83.216366162,42.3641878930001
16132,1034977,W/B I-94,ROSA PARKS,2017-05-11,11,5,2017,17,5,5,1,,1,0,,1,1,1,55,3,2,2,5,0,0,0,0,true,,false,false,false,false,false,,,,,,false,false,false,,,false,false,false,false,false,-83.08485,42.35474,"{
  ""coordinates"": [
    -8.308485017800000e+01,
    4.235473657900010e+01
  ],
  ""type"": ""Point""
}","{
  ""coordinates"": [
    -83.084850178,
    42.354736579
  ],
  ""type"": ""Point""
}",-83.084850178,42.3547365790001