ObjectId,Crash ID,Primary Road,Intersecting Road,Crash Date,Day,Month,Year,Hour,Weekday,Crash Type Code,Highway Classification Code,Community Code,Jurisdiction Code,Lane Departure Type Code,Surface Type,Road Condition,Weather Condition,Lighting Condition,Speed Limit,Lanes,Units,Occupants,Most Severe Injury,Fatal Injuries,Suspected Serious Injuries,Suspected Minor Injuries,Possible Injuries,Property Damage Only,Secondary Crash,Traffic Control,Red Light Run,Hit and Run,Alcohol,Drugs,Unbelted Person,Work Zone,Speeding Driver,Distracted Driver,Driveway,Pedestrian,Elderly Driver,Young Driver,Commercial Vehicle,Emergency Vehicles,Train,School Bus,Motorcycle,Bicycle,Deer,Longitude,Latitude,geom,geog,x,y
16247,1024913,GRAND RIVER,SORRENTO,2017-05-09,9,5,2017,18,3,5,3,,1,0,,1,1,1,0,6,2,2,5,0,0,0,0,true,,false,false,true,false,false,,,,,,false,false,false,,,false,false,false,false,false,-83.17191,42.38201,"{
  ""coordinates"": [
    -8.317190467700000e+01,
    4.238200782100010e+01
  ],
  ""type"": ""Point""
}","{
  ""coordinates"": [
    -83.171904677,
    42.382007821
  ],
  ""type"": ""Point""
}",-83.171904677,42.3820078210001
16248,1025792,CHATFIELD,BEARD,2017-05-09,9,5,2017,9,3,98,9,,,0,,1,1,1,25,1,2,0,5,0,0,0,0,true,,false,false,true,false,false,,,,,,false,false,false,,,false,false,false,false,false,-83.11501,42.3093,"{
  ""coordinates"": [
    -8.311501057399990e+01,
    4.230929384800000e+01
  ],
  ""type"": ""Point""
}","{
  ""coordinates"": [
    -83.115010574,
    42.309293848
  ],
  ""type"": ""Point""
}",-83.1150105739999,42.309293848
16249,1029404,FAUST,CHALFONTE,2017-05-09,9,5,2017,23,3,97,9,,,0,,1,1,3,25,2,2,1,5,0,0,0,0,true,,false,false,true,false,false,,,,,,false,false,false,,,false,false,false,false,false,-83.22277,42.39854,"{
  ""coordinates"": [
    -8.322277268499990e+01,
    4.239853655700010e+01
  ],
  ""type"": ""Point""
}","{
  ""coordinates"": [
    -83.222772685,
    42.398536557
  ],
  ""type"": ""Point""
}",-83.2227726849999,42.3985365570001
16250,1024923,FORT,WOODMERE,2017-05-09,9,5,2017,16,3,5,3,,1,0,,1,1,1,35,5,2,2,5,0,0,0,0,true,,false,false,true,false,false,,,,,,false,false,false,,,false,false,false,false,false,-83.13099,42.2957,"{
  ""coordinates"": [
    -8.313099211900000e+01,
    4.229569783800010e+01
  ],
  ""type"": ""Point""
}","{
  ""coordinates"": [
    -83.130992119,
    42.295697838
  ],
  ""type"": ""Point""
}",-83.130992119,42.2956978380001
16251,1025781,BEAUBIEN,HORTON,2017-05-09,9,5,2017,22,3,4,9,,4,0,,1,1,4,25,2,2,2,4,0,0,0,1,false,,false,false,false,false,false,,,,,,false,false,false,,,false,false,false,false,false,-83.06799,42.37321,"{
  ""coordinates"": [
    -8.306799650400001e+01,
    4.237321087200010e+01
  ],
  ""type"": ""Point""
}","{
  ""coordinates"": [
    -83.067996504,
    42.373210872
  ],
  ""type"": ""Point""
}",-83.067996504,42.3732108720001
16252,1025806,W I 96,JOY,2017-05-09,9,5,2017,14,3,8,1,,1,0,,1,1,1,55,4,2,1,5,0,0,0,0,true,,false,false,true,false,false,,,,,,false,false,false,,,false,false,false,false,false,-83.13107,42.3645,"{
  ""coordinates"": [
    -8.313107174399990e+01,
    4.236450330100010e+01
  ],
  ""type"": ""Point""
}","{
  ""coordinates"": [
    -83.131071744,
    42.364503301
  ],
  ""type"": ""Point""
}",-83.1310717439999,42.3645033010001
16253,1024934,PLYMOUTH,SOUTHFIELD SERVICE DRIVE,2017-05-09,9,5,2017,16,3,97,9,,4,0,,1,1,1,35,4,2,3,5,0,0,0,0,true,,false,false,false,false,false,,,,,,false,false,true,,,false,false,false,false,false,-83.21632,42.37226,"{
  ""coordinates"": [
    -8.321631769699999e+01,
    4.237226590700000e+01
  ],
  ""type"": ""Point""
}","{
  ""coordinates"": [
    -83.216317697,
    42.372265907
  ],
  ""type"": ""Point""
}",-83.216317697,42.372265907
16254,1031810,I-75,CARPENTER,2017-05-09,9,5,2017,18,3,5,1,,1,0,,1,1,1,70,4,2,3,5,0,0,0,0,true,,false,false,false,false,false,,,,,,false,false,false,,,false,false,false,false,false,-83.07896,42.40839,"{
  ""coordinates"": [
    -8.307896632400001e+01,
    4.240839193300010e+01
  ],
  ""type"": ""Point""
}","{
  ""coordinates"": [
    -83.078966324,
    42.408391933
  ],
  ""type"": ""Point""
}",-83.078966324,42.4083919330001
16255,1026681,I-94,ADDISON,2017-05-09,9,5,2017,23,3,5,1,,1,0,,1,1,4,55,3,2,3,4,0,0,0,1,false,,false,false,false,false,false,,,,,,false,true,false,,,false,false,false,false,false,-83.15059,42.33013,"{
  ""coordinates"": [
    -8.315058743199999e+01,
    4.233013188100010e+01
  ],
  ""type"": ""Point""
}","{
  ""coordinates"": [
    -83.150587432,
    42.330131881
  ],
  ""type"": ""Point""
}",-83.150587432,42.3301318810001
16256,1061468,I-94,14TH,2017-05-09,9,5,2017,17,3,5,1,,1,0,,1,1,1,55,3,2,3,4,0,0,0,1,false,,false,false,false,false,false,,,,,,false,false,false,,,false,false,false,false,false,-83.08724,42.35399,"{
  ""coordinates"": [
    -8.308724002400000e+01,
    4.235398876700000e+01
  ],
  ""type"": ""Point""
}","{
  ""coordinates"": [
    -83.087240024,
    42.353988767
  ],
  ""type"": ""Point""
}",-83.087240024,42.353988767
16257,1024912,SCHAEFER,E I 96 SERVICE DRIVE,2017-05-09,9,5,2017,17,3,4,1,,4,0,,1,1,1,35,3,2,3,2,0,1,0,0,false,,true,true,false,false,false,,,,,,false,false,true,,,false,false,false,false,false,-83.17834,42.3826,"{
  ""coordinates"": [
    -8.317833759900000e+01,
    4.238260104900010e+01
  ],
  ""type"": ""Point""
}","{
  ""coordinates"": [
    -83.178337599,
    42.382601049
  ],
  ""type"": ""Point""
}",-83.178337599,42.3826010490001
16258,1026676,N M 39,FULLERTON,2017-05-09,9,5,2017,18,3,5,3,,1,0,,1,1,1,55,3,2,2,5,0,0,0,0,true,,false,false,true,false,false,,,,,,false,false,true,,,false,false,false,false,false,-83.21708,42.3801,"{
  ""coordinates"": [
    -8.321707549199991e+01,
    4.238009726300000e+01
  ],
  ""type"": ""Point""
}","{
  ""coordinates"": [
    -83.217075492,
    42.380097263
  ],
  ""type"": ""Point""
}",-83.2170754919999,42.380097263
16259,1025694,RAMP 221B,W I 94 SERVICE DRIVE,2017-05-09,9,5,2017,23,3,5,1,,1,0,,1,1,4,35,1,2,2,5,0,0,0,0,true,,false,false,false,false,false,,,,,,false,false,false,,,false,false,false,false,false,-82.96445,42.40408,"{
  ""coordinates"": [
    -8.296445177000000e+01,
    4.240408356600010e+01
  ],
  ""type"": ""Point""
}","{
  ""coordinates"": [
    -82.96445177,
    42.404083566
  ],
  ""type"": ""Point""
}",-82.96445177,42.4040835660001
16260,1025801,OUTER,BURGESS,2017-05-09,9,5,2017,18,3,4,9,,2,0,,1,1,1,35,4,2,2,4,0,0,0,1,false,,true,false,true,false,false,,,,,,false,false,false,,,false,false,false,false,false,-83.25429,42.39756,"{
  ""coordinates"": [
    -8.325428642100000e+01,
    4.239756479100000e+01
  ],
  ""type"": ""Point""
}","{
  ""coordinates"": [
    -83.254286421,
    42.397564791
  ],
  ""type"": ""Point""
}",-83.254286421,42.397564791
16261,1041373,MARTIN LUTHER KING JR,18TH,2017-05-09,9,5,2017,15,3,5,9,,4,3,,1,1,1,35,4,2,2,5,0,0,0,0,true,,false,false,false,false,false,,,,,,false,false,false,,,false,false,false,false,false,-83.0858,42.33762,"{
  ""coordinates"": [
    -8.308580226100000e+01,
    4.233761800000010e+01
  ],
  ""type"": ""Point""
}","{
  ""coordinates"": [
    -83.085802261,
    42.337618
  ],
  ""type"": ""Point""
}",-83.085802261,42.3376180000001
16262,1024943,HAZELRIDGE,PEORIA,2017-05-09,9,5,2017,14,3,4,9,,,0,,1,1,1,25,4,2,6,4,0,0,0,1,false,,false,false,false,false,false,,,,,,false,false,false,,,false,false,false,false,false,-82.97705,42.42463,"{
  ""coordinates"": [
    -8.297705380199990e+01,
    4.242462573900010e+01
  ],
  ""type"": ""Point""
}","{
  ""coordinates"": [
    -82.977053802,
    42.424625739
  ],
  ""type"": ""Point""
}",-82.9770538019999,42.4246257390001
16263,1029448,MOROSS,KELLY,2017-05-09,9,5,2017,10,3,8,9,,2,0,,1,1,1,30,4,2,1,5,0,0,0,0,true,,false,false,true,false,false,,,,,,false,false,true,,,false,false,false,false,false,-82.95301,42.43467,"{
  ""coordinates"": [
    -8.295301274000001e+01,
    4.243467316900010e+01
  ],
  ""type"": ""Point""
}","{
  ""coordinates"": [
    -82.95301274,
    42.434673169
  ],
  ""type"": ""Point""
}",-82.95301274,42.4346731690001
16264,1024974,OUTER,GREENFIELD,2017-05-09,9,5,2017,17,3,5,9,,2,0,,1,1,1,30,6,2,2,5,0,0,0,0,true,,false,false,false,false,false,,,,,,false,false,false,,,false,false,false,false,false,-83.19998,42.41946,"{
  ""coordinates"": [
    -8.319998521399999e+01,
    4.241945594000000e+01
  ],
  ""type"": ""Point""
}","{
  ""coordinates"": [
    -83.199985214,
    42.41945594
  ],
  ""type"": ""Point""
}",-83.199985214,42.41945594
16265,1031821,I-94,VAN DYKE,2017-05-09,9,5,2017,13,3,8,1,,1,0,,1,1,1,55,3,2,2,5,0,0,0,0,true,,false,false,false,false,false,,,,,,false,false,false,,,false,false,false,false,false,-83.01842,42.38694,"{
  ""coordinates"": [
    -8.301842467199999e+01,
    4.238694120300000e+01
  ],
  ""type"": ""Point""
}","{
  ""coordinates"": [
    -83.018424672,
    42.386941203
  ],
  ""type"": ""Point""
}",-83.018424672,42.386941203
16266,1024964,STOEPEL,8 MILE,2017-05-09,9,5,2017,4,3,8,9,,,3,,1,1,4,25,1,2,1,5,0,0,0,0,true,,false,false,true,false,false,,,,,,false,false,false,,,false,false,false,false,false,-83.14314,42.44441,"{
  ""coordinates"": [
    -8.314314414700000e+01,
    4.244441220500000e+01
  ],
  ""type"": ""Point""
}","{
  ""coordinates"": [
    -83.143144147,
    42.444412205
  ],
  ""type"": ""Point""
}",-83.143144147,42.444412205
16267,1024949,GRAND,N M 10,2017-05-09,9,5,2017,11,3,4,9,,4,0,,1,1,1,35,4,2,1,5,0,0,0,0,true,,false,false,false,false,false,,,,,,false,true,false,,,false,false,false,false,false,-83.08183,42.36719,"{
  ""coordinates"": [
    -8.308183059000000e+01,
    4.236719065600000e+01
  ],
  ""type"": ""Point""
}","{
  ""coordinates"": [
    -83.08183059,
    42.367190656
  ],
  ""type"": ""Point""
}",-83.08183059,42.367190656
16268,1031814,RAMP 216B,RAMP 216H,2017-05-09,9,5,2017,17,3,5,1,,1,0,,1,1,1,55,1,2,5,5,0,0,0,0,true,,false,false,false,false,false,,,,,,false,false,true,,,false,false,false,false,false,-83.05791,42.36662,"{
  ""coordinates"": [
    -8.305791487300000e+01,
    4.236661437700010e+01
  ],
  ""type"": ""Point""
}","{
  ""coordinates"": [
    -83.057914873,
    42.366614377
  ],
  ""type"": ""Point""
}",-83.057914873,42.3666143770001
16269,1024952,VAN DYKE,LYNCH,2017-05-09,9,5,2017,10,3,8,3,,1,0,,1,1,1,0,3,2,2,5,0,0,0,0,true,,false,false,false,false,false,,,,,,false,false,false,,,false,false,false,false,false,-83.02321,42.40638,"{
  ""coordinates"": [
    -8.302320696000000e+01,
    4.240637592400000e+01
  ],
  ""type"": ""Point""
}","{
  ""coordinates"": [
    -83.02320696,
    42.406375924
  ],
  ""type"": ""Point""
}",-83.02320696,42.406375924
16270,1024922,MICHIGAN,CASS,2017-05-09,9,5,2017,13,3,5,2,,1,0,,1,1,1,35,5,3,1,5,0,0,0,0,true,,false,false,true,false,false,,,,,,false,false,false,,,false,false,false,false,false,-83.05283,42.33168,"{
  ""coordinates"": [
    -8.305283436199990e+01,
    4.233167971500010e+01
  ],
  ""type"": ""Point""
}","{
  ""coordinates"": [
    -83.052834362,
    42.331679715
  ],
  ""type"": ""Point""
}",-83.0528343619999,42.3316797150001
16271,1036031,ELIZABETH,WOODWARD,2017-05-09,9,5,2017,15,3,8,3,,4,0,,1,1,1,0,2,2,1,5,0,0,0,0,true,,false,false,false,false,false,,,,,,false,false,false,,,false,false,false,false,false,-83.05137,42.33766,"{
  ""coordinates"": [
    -8.305136744000001e+01,
    4.233765802900010e+01
  ],
  ""type"": ""Point""
}","{
  ""coordinates"": [
    -83.05136744,
    42.337658029
  ],
  ""type"": ""Point""
}",-83.05136744,42.3376580290001
16272,1024914,SEVEN MILE,ASHTON,2017-05-09,9,5,2017,19,3,4,9,,2,0,,1,1,1,0,5,2,1,5,0,0,0,0,true,,false,false,true,false,false,,,,,,false,false,false,,,false,false,false,false,false,-83.22049,42.43,"{
  ""coordinates"": [
    -8.322049273700000e+01,
    4.242999464000010e+01
  ],
  ""type"": ""Point""
}","{
  ""coordinates"": [
    -83.220492737,
    42.42999464
  ],
  ""type"": ""Point""
}",-83.220492737,42.4299946400001
16273,1024263,LUMPKIN,7 MILE,2017-05-09,9,5,2017,2,3,5,9,,,0,,1,1,4,25,1,2,0,5,0,0,0,0,true,,false,false,true,false,false,,,,,,false,false,false,,,false,false,false,false,false,-83.08047,42.43332,"{
  ""coordinates"": [
    -8.308046625999999e+01,
    4.243332363800000e+01
  ],
  ""type"": ""Point""
}","{
  ""coordinates"": [
    -83.08046626,
    42.433323638
  ],
  ""type"": ""Point""
}",-83.08046626,42.433323638
16274,1031811,W/B I 94,LIVERNOIS,2017-05-09,9,5,2017,17,3,5,1,,1,0,,1,2,1,55,3,3,3,5,0,0,0,0,true,,false,false,false,false,false,,,,,,false,false,true,,,false,false,false,false,false,-83.12321,42.33814,"{
  ""coordinates"": [
    -8.312321110399991e+01,
    4.233813697000010e+01
  ],
  ""type"": ""Point""
}","{
  ""coordinates"": [
    -83.123211104,
    42.33813697
  ],
  ""type"": ""Point""
}",-83.1232111039999,42.3381369700001
16275,1024919,LAFAYETTE,BEAUBIEN,2017-05-09,9,5,2017,22,3,8,9,,4,0,,1,1,4,0,3,2,7,5,0,0,0,0,true,,false,false,false,false,false,,,,,,false,false,true,,,false,false,false,false,false,-83.04173,42.33405,"{
  ""coordinates"": [
    -8.304172470299990e+01,
    4.233404536500010e+01
  ],
  ""type"": ""Point""
}","{
  ""coordinates"": [
    -83.041724703,
    42.334045365
  ],
  ""type"": ""Point""
}",-83.0417247029999,42.3340453650001
16276,1077634,GRAND,N M 10,2017-05-09,9,5,2017,11,3,4,9,,4,0,,1,1,1,25,4,2,2,5,0,0,0,0,true,,true,true,false,false,false,,,,,,false,true,false,,,false,false,false,false,false,-83.08188,42.36717,"{
  ""coordinates"": [
    -8.308188100300001e+01,
    4.236717177800010e+01
  ],
  ""type"": ""Point""
}","{
  ""coordinates"": [
    -83.081881003,
    42.367171778
  ],
  ""type"": ""Point""
}",-83.081881003,42.3671717780001
16277,1024941,MANISTIQUE,WADE,2017-05-09,9,5,2017,18,3,4,9,,,0,,1,1,1,0,1,2,1,2,0,1,0,0,false,,false,false,true,false,false,,,,,,false,false,false,,,false,false,false,false,false,-82.96237,42.40865,"{
  ""coordinates"": [
    -8.296236849199990e+01,
    4.240864615400010e+01
  ],
  ""type"": ""Point""
}","{
  ""coordinates"": [
    -82.962368492,
    42.408646154
  ],
  ""type"": ""Point""
}",-82.9623684919999,42.4086461540001
16278,1067048,LIVERNOIS,EWALD,2017-05-09,9,5,2017,7,3,97,9,,4,0,,1,1,1,35,2,2,2,4,0,0,0,1,false,,false,false,false,false,false,,,,,,true,false,false,,,false,false,false,false,false,-83.13966,42.39157,"{
  ""coordinates"": [
    -8.313965343900000e+01,
    4.239157105900010e+01
  ],
  ""type"": ""Point""
}","{
  ""coordinates"": [
    -83.139653439,
    42.391571059
  ],
  ""type"": ""Point""
}",-83.139653439,42.3915710590001
16279,1033991,PICKFORD,COYLE,2017-05-09,9,5,2017,21,3,4,9,,,0,,1,2,4,25,2,2,4,4,0,0,0,2,false,,false,false,false,false,false,,,,,,false,true,true,,,false,false,false,false,false,-83.19479,42.42514,"{
  ""coordinates"": [
    -8.319479311000001e+01,
    4.242514204400000e+01
  ],
  ""type"": ""Point""
}","{
  ""coordinates"": [
    -83.19479311,
    42.425142044
  ],
  ""type"": ""Point""
}",-83.19479311,42.425142044
16280,1031815,N M 39,SCHOOLCRAFT,2017-05-09,9,5,2017,16,3,8,3,,1,0,,1,1,1,55,3,2,2,4,0,0,0,1,false,,false,false,false,false,false,,,,,,false,true,false,,,false,false,false,false,false,-83.21749,42.38527,"{
  ""coordinates"": [
    -8.321748875999999e+01,
    4.238526621000010e+01
  ],
  ""type"": ""Point""
}","{
  ""coordinates"": [
    -83.21748876,
    42.38526621
  ],
  ""type"": ""Point""
}",-83.21748876,42.3852662100001
16281,1024938,TELEGRAPH,MCNICHOLS,2017-05-09,9,5,2017,13,3,5,2,,1,0,,1,1,1,0,4,2,2,4,0,0,0,1,false,,false,false,false,false,false,,,,,,false,false,false,,,false,false,false,false,false,-83.27695,42.41434,"{
  ""coordinates"": [
    -8.327695372700001e+01,
    4.241433770300010e+01
  ],
  ""type"": ""Point""
}","{
  ""coordinates"": [
    -83.276953727,
    42.414337703
  ],
  ""type"": ""Point""
}",-83.276953727,42.4143377030001
16282,1040083,WARREN,ANN ARBOR TRL,2017-05-09,9,5,2017,16,3,4,9,,2,0,,1,1,1,40,5,2,3,5,0,0,0,0,true,,false,false,false,false,false,,,,,,false,false,false,,,false,false,false,false,false,-83.26225,42.34174,"{
  ""coordinates"": [
    -8.326225308600000e+01,
    4.234173595700000e+01
  ],
  ""type"": ""Point""
}","{
  ""coordinates"": [
    -83.262253086,
    42.341735957
  ],
  ""type"": ""Point""
}",-83.262253086,42.341735957
16283,1031835,W I 96,MARTIN LUTHER KING JR,2017-05-09,9,5,2017,9,3,5,1,,1,0,,1,1,1,65,3,2,2,5,0,0,0,0,true,,false,false,false,false,false,,,,,,false,false,false,,,false,false,false,false,false,-83.09045,42.3362,"{
  ""coordinates"": [
    -8.309044825099990e+01,
    4.233619632600000e+01
  ],
  ""type"": ""Point""
}","{
  ""coordinates"": [
    -83.090448251,
    42.336196326
  ],
  ""type"": ""Point""
}",-83.0904482509999,42.336196326
16284,1024910,GROVE,FREELAND,2017-05-09,9,5,2017,1,3,98,9,,,1,,98,98,98,0,2,1,23,5,0,0,0,0,true,,false,false,false,false,false,,,,,,false,false,false,,,false,false,false,false,false,-83.18595,42.41436,"{
  ""coordinates"": [
    -8.318595420699999e+01,
    4.241435777900010e+01
  ],
  ""type"": ""Point""
}","{
  ""coordinates"": [
    -83.185954207,
    42.414357779
  ],
  ""type"": ""Point""
}",-83.185954207,42.4143577790001
16285,1024933,ST JEAN,CANFIELD,2017-05-08,8,5,2017,9,2,1,9,,4,0,,1,1,98,30,4,1,1,5,0,0,0,0,true,,false,false,false,true,false,,,,,,false,false,false,,,false,false,false,false,false,-82.98096,42.38287,"{
  ""coordinates"": [
    -8.298095417400000e+01,
    4.238286550000000e+01
  ],
  ""type"": ""Point""
}","{
  ""coordinates"": [
    -82.980954174,
    42.3828655
  ],
  ""type"": ""Point""
}",-82.980954174,42.3828655
16286,1024237,N M 39,PLYMOUTH,2017-05-08,8,5,2017,7,2,8,3,,1,0,,1,1,1,25,3,2,1,5,0,0,0,0,true,,false,false,false,false,false,,,,,,false,false,false,,,false,false,false,false,false,-83.21658,42.37234,"{
  ""coordinates"": [
    -8.321658382100000e+01,
    4.237233561300010e+01
  ],
  ""type"": ""Point""
}","{
  ""coordinates"": [
    -83.216583821,
    42.372335613
  ],
  ""type"": ""Point""
}",-83.216583821,42.3723356130001
16287,1024937,GREENFIELD,MCNICHOLS,2017-05-08,8,5,2017,16,2,5,9,,2,0,,1,1,1,0,4,3,6,5,0,0,0,0,true,,false,false,false,false,false,,,,,,false,true,false,,,false,false,false,false,false,-83.19931,42.41599,"{
  ""coordinates"": [
    -8.319931202500000e+01,
    4.241598999000010e+01
  ],
  ""type"": ""Point""
}","{
  ""coordinates"": [
    -83.199312025,
    42.41598999
  ],
  ""type"": ""Point""
}",-83.199312025,42.4159899900001
16288,1024247,BENTLER,FLORENCE,2017-05-08,8,5,2017,12,2,8,9,,,0,,1,1,1,25,2,2,1,5,0,0,0,0,true,,false,false,false,false,false,,,,,,false,false,true,,,false,false,false,false,false,-83.2524,42.41029,"{
  ""coordinates"": [
    -8.325239975700001e+01,
    4.241028941000010e+01
  ],
  ""type"": ""Point""
}","{
  ""coordinates"": [
    -83.252399757,
    42.41028941
  ],
  ""type"": ""Point""
}",-83.252399757,42.4102894100001
16289,1024260,ELLSWORTH,GREENLAWN,2017-05-08,8,5,2017,15,2,97,9,,,0,,1,1,1,25,2,2,0,5,0,0,0,0,true,,false,false,false,false,false,,,,,,false,true,false,,,false,false,false,false,false,-83.14929,42.40185,"{
  ""coordinates"": [
    -8.314929542999990e+01,
    4.240184789300010e+01
  ],
  ""type"": ""Point""
}","{
  ""coordinates"": [
    -83.14929543,
    42.401847893
  ],
  ""type"": ""Point""
}",-83.1492954299999,42.4018478930001
16290,1024246,JAMES COUZENS,8 MILE SERVICE DRIVE,2017-05-08,8,5,2017,15,2,97,3,,1,0,,1,1,1,35,3,2,1,5,0,0,0,0,true,,false,false,true,false,false,,,,,,false,false,false,,,false,false,false,false,false,-83.20247,42.44452,"{
  ""coordinates"": [
    -8.320246730299991e+01,
    4.244452263000010e+01
  ],
  ""type"": ""Point""
}","{
  ""coordinates"": [
    -83.202467303,
    42.44452263
  ],
  ""type"": ""Point""
}",-83.2024673029999,42.4445226300001
16291,1024252,FENKELL,OUTER,2017-05-08,8,5,2017,18,2,4,9,,2,0,,1,1,1,30,2,2,5,3,0,0,1,2,false,,true,true,false,false,false,,,,,,false,false,true,,,false,false,false,false,false,-83.2326,42.40078,"{
  ""coordinates"": [
    -8.323260657199999e+01,
    4.240077768600000e+01
  ],
  ""type"": ""Point""
}","{
  ""coordinates"": [
    -83.232606572,
    42.400777686
  ],
  ""type"": ""Point""
}",-83.232606572,42.400777686
16292,1024893,E I 96,SOUTHFIELD SERVICE DRIVE,2017-05-08,8,5,2017,16,2,5,1,,1,0,,1,1,1,70,3,3,3,5,0,0,0,0,true,,false,false,false,false,false,,,,,,false,false,false,,,false,false,false,false,false,-83.21905,42.37857,"{
  ""coordinates"": [
    -8.321904909999991e+01,
    4.237857269800000e+01
  ],
  ""type"": ""Point""
}","{
  ""coordinates"": [
    -83.2190491,
    42.378572698
  ],
  ""type"": ""Point""
}",-83.2190490999999,42.378572698
16293,1024249,LAHSER,SANTA CLARA,2017-05-08,8,5,2017,13,2,4,9,,2,0,,1,1,1,0,2,2,2,5,0,0,0,0,true,,true,true,false,false,false,,,,,,false,true,false,,,false,false,false,false,false,-83.25786,42.41875,"{
  ""coordinates"": [
    -8.325785548499989e+01,
    4.241875053800000e+01
  ],
  ""type"": ""Point""
}","{
  ""coordinates"": [
    -83.257855485,
    42.418750538
  ],
  ""type"": ""Point""
}",-83.2578554849999,42.418750538
16294,1023361,7 MILE,SPENCER,2017-05-08,8,5,2017,1,2,98,9,,4,1,,1,1,4,30,2,1,0,5,0,0,0,0,true,,false,false,true,false,false,,,,,,false,false,false,,,false,false,false,false,false,-83.02681,42.43392,"{
  ""coordinates"": [
    -8.302681059699999e+01,
    4.243392359700000e+01
  ],
  ""type"": ""Point""
}","{
  ""coordinates"": [
    -83.026810597,
    42.433923597
  ],
  ""type"": ""Point""
}",-83.026810597,42.433923597
16295,1024915,CHICAGO,SCHAEFER,2017-05-08,8,5,2017,20,2,5,9,,4,0,,1,1,4,35,5,2,1,4,0,0,0,1,false,,false,false,true,false,false,,,,,,false,false,false,,,false,false,false,false,false,-83.17735,42.36581,"{
  ""coordinates"": [
    -8.317735047699991e+01,
    4.236580669000010e+01
  ],
  ""type"": ""Point""
}","{
  ""coordinates"": [
    -83.177350477,
    42.36580669
  ],
  ""type"": ""Point""
}",-83.1773504769999,42.3658066900001
16296,1046629,W I 94,MOUNT ELLIOTT,2017-05-08,8,5,2017,17,2,5,1,,1,0,,1,1,1,55,3,2,3,4,0,0,0,1,false,,false,false,false,false,false,,,,,,false,false,true,,,false,false,false,false,false,-83.03358,42.3795,"{
  ""coordinates"": [
    -8.303357355999999e+01,
    4.237949865900000e+01
  ],
  ""type"": ""Point""
}","{
  ""coordinates"": [
    -83.03357356,
    42.379498659
  ],
  ""type"": ""Point""
}",-83.03357356,42.379498659
16297,1036019,RAMP 008P,E I 96,2017-05-08,8,5,2017,14,2,5,1,,1,0,,1,1,1,55,1,2,1,4,0,0,0,1,false,,false,false,true,false,false,,,,,,false,false,false,,,false,false,false,false,false,-83.217,42.37867,"{
  ""coordinates"": [
    -8.321699743999990e+01,
    4.237867159600010e+01
  ],
  ""type"": ""Point""
}","{
  ""coordinates"": [
    -83.21699744,
    42.378671596
  ],
  ""type"": ""Point""
}",-83.2169974399999,42.3786715960001
16298,1029255,I-94,WARREN,2017-05-08,8,5,2017,8,2,97,1,,1,0,,1,1,1,55,3,2,2,5,0,0,0,0,true,,false,false,false,false,false,,,,,,false,false,false,,,false,false,false,false,false,-83.11474,42.34361,"{
  ""coordinates"": [
    -8.311473936700000e+01,
    4.234360467500010e+01
  ],
  ""type"": ""Point""
}","{
  ""coordinates"": [
    -83.114739367,
    42.343604675
  ],
  ""type"": ""Point""
}",-83.114739367,42.3436046750001
16299,1026685,W I 96,GRAND RIVER,2017-05-08,8,5,2017,9,2,8,1,,1,0,,1,1,1,35,4,2,2,5,0,0,0,0,true,,false,false,false,false,false,,,,,,false,false,false,,,false,false,false,false,false,-83.17601,42.38384,"{
  ""coordinates"": [
    -8.317601133499990e+01,
    4.238383914700010e+01
  ],
  ""type"": ""Point""
}","{
  ""coordinates"": [
    -83.176011335,
    42.383839147
  ],
  ""type"": ""Point""
}",-83.1760113349999,42.3838391470001
16300,1024902,N M 39,RAMP 007A,2017-05-08,8,5,2017,17,2,5,3,,1,0,,1,1,1,55,3,2,2,5,0,0,0,0,true,,false,false,false,false,false,,,,,,false,false,false,,,false,false,false,false,false,-83.21626,42.35423,"{
  ""coordinates"": [
    -8.321625986299991e+01,
    4.235423222400000e+01
  ],
  ""type"": ""Point""
}","{
  ""coordinates"": [
    -83.216259863,
    42.354232224
  ],
  ""type"": ""Point""
}",-83.2162598629999,42.354232224
16301,1024891,RAMP 213I,I-94,2017-05-08,8,5,2017,9,2,8,1,,1,0,,1,1,1,55,2,3,2,5,0,0,0,0,true,,false,false,true,false,false,,,,,,false,false,false,,,false,false,false,false,false,-83.09794,42.34978,"{
  ""coordinates"": [
    -8.309793815800001e+01,
    4.234977747800010e+01
  ],
  ""type"": ""Point""
}","{
  ""coordinates"": [
    -83.097938158,
    42.349777478
  ],
  ""type"": ""Point""
}",-83.097938158,42.3497774780001
16302,1025798,WARREN,CADEIUX,2017-05-08,8,5,2017,20,2,8,9,,4,0,,1,1,1,30,3,2,2,5,0,0,0,0,true,,false,false,false,false,false,,,,,,false,false,false,,,false,false,false,false,false,-82.93005,42.406,"{
  ""coordinates"": [
    -8.293005261499999e+01,
    4.240599768700010e+01
  ],
  ""type"": ""Point""
}","{
  ""coordinates"": [
    -82.930052615,
    42.405997687
  ],
  ""type"": ""Point""
}",-82.930052615,42.4059976870001
16303,1024966,WOODWARD,8 MILE,2017-05-08,8,5,2017,13,2,4,3,,1,0,,1,1,1,40,3,2,2,5,0,0,0,0,true,,true,true,false,false,false,,,,,,false,false,true,,,false,false,false,false,false,-83.12483,42.44649,"{
  ""coordinates"": [
    -8.312482862500001e+01,
    4.244648824600010e+01
  ],
  ""type"": ""Point""
}","{
  ""coordinates"": [
    -83.124828625,
    42.446488246
  ],
  ""type"": ""Point""
}",-83.124828625,42.4464882460001