ObjectId,Crash ID,Primary Road,Intersecting Road,Crash Date,Day,Month,Year,Hour,Weekday,Crash Type Code,Highway Classification Code,Community Code,Jurisdiction Code,Lane Departure Type Code,Surface Type,Road Condition,Weather Condition,Lighting Condition,Speed Limit,Lanes,Units,Occupants,Most Severe Injury,Fatal Injuries,Suspected Serious Injuries,Suspected Minor Injuries,Possible Injuries,Property Damage Only,Secondary Crash,Traffic Control,Red Light Run,Hit and Run,Alcohol,Drugs,Unbelted Person,Work Zone,Speeding Driver,Distracted Driver,Driveway,Pedestrian,Elderly Driver,Young Driver,Commercial Vehicle,Emergency Vehicles,Train,School Bus,Motorcycle,Bicycle,Deer,Longitude,Latitude,geom,geog,x,y
16304,1036024,I-94,LONYO,2017-05-08,8,5,2017,17,2,5,1,,1,0,,1,1,1,55,3,2,2,5,0,0,0,0,true,,false,false,false,false,false,,,,,,false,false,true,,,false,false,false,false,false,-83.14323,42.33169,"{
  ""coordinates"": [
    -8.314322484900001e+01,
    4.233168605800010e+01
  ],
  ""type"": ""Point""
}","{
  ""coordinates"": [
    -83.143224849,
    42.331686058
  ],
  ""type"": ""Point""
}",-83.143224849,42.3316860580001
16305,1023324,NB I-75,VERNOR,2017-05-08,8,5,2017,6,2,8,1,,1,0,,1,1,1,70,6,2,2,5,0,0,0,0,true,,false,false,false,false,false,,,,,,false,false,false,,,false,false,false,false,false,-83.08361,42.32511,"{
  ""coordinates"": [
    -8.308361007199990e+01,
    4.232510672900000e+01
  ],
  ""type"": ""Point""
}","{
  ""coordinates"": [
    -83.083610072,
    42.325106729
  ],
  ""type"": ""Point""
}",-83.0836100719999,42.325106729
16306,1024240,OUTER,RUTHERFORD,2017-05-08,8,5,2017,8,2,4,9,,2,0,,1,1,1,35,4,2,2,4,0,0,0,1,false,,true,false,false,false,false,,,,,,false,true,true,,,false,false,false,false,false,-83.20484,42.41935,"{
  ""coordinates"": [
    -8.320484427500000e+01,
    4.241935469500000e+01
  ],
  ""type"": ""Point""
}","{
  ""coordinates"": [
    -83.204844275,
    42.419354695
  ],
  ""type"": ""Point""
}",-83.204844275,42.419354695
16307,1026695,LODGE SERVICE,GRAND,2017-05-08,8,5,2017,12,2,5,9,,4,0,,1,1,1,35,2,2,2,5,0,0,0,0,true,,false,false,false,false,false,,,,,,false,false,false,,,false,false,false,false,false,-83.0677,42.34334,"{
  ""coordinates"": [
    -8.306770328399990e+01,
    4.234334361500000e+01
  ],
  ""type"": ""Point""
}","{
  ""coordinates"": [
    -83.067703284,
    42.343343615
  ],
  ""type"": ""Point""
}",-83.0677032839999,42.343343615
16308,1033928,FISHER SERVICE,PORTER,2017-05-08,8,5,2017,1,2,1,9,,4,1,,1,1,4,35,2,1,1,2,0,1,0,0,false,,false,false,false,false,false,,,,,,false,false,false,,,false,false,false,false,false,-83.08335,42.32068,"{
  ""coordinates"": [
    -8.308334930699991e+01,
    4.232068276800000e+01
  ],
  ""type"": ""Point""
}","{
  ""coordinates"": [
    -83.083349307,
    42.320682768
  ],
  ""type"": ""Point""
}",-83.0833493069999,42.320682768
16309,1039543,7464 MEMORIAL,MAJESTIC,2017-05-08,8,5,2017,15,2,97,9,,,0,,1,1,1,25,2,2,1,5,0,0,0,0,true,,false,false,false,false,false,,,,,,false,false,false,,,false,false,false,false,false,-83.21052,42.34613,"{
  ""coordinates"": [
    -8.321051920500000e+01,
    4.234612836300000e+01
  ],
  ""type"": ""Point""
}","{
  ""coordinates"": [
    -83.210519205,
    42.346128363
  ],
  ""type"": ""Point""
}",-83.210519205,42.346128363
16310,1024962,JAMES COUZENS,GREENFIELD,2017-05-08,8,5,2017,4,2,4,3,,1,0,,1,1,4,25,5,2,3,5,0,0,0,0,true,,false,false,false,false,false,,,,,,false,false,false,,,false,false,false,false,false,-83.20046,42.44258,"{
  ""coordinates"": [
    -8.320045861200001e+01,
    4.244258162400010e+01
  ],
  ""type"": ""Point""
}","{
  ""coordinates"": [
    -83.200458612,
    42.442581624
  ],
  ""type"": ""Point""
}",-83.200458612,42.4425816240001
16311,1029262,S I 75,RAMP 216J,2017-05-08,8,5,2017,11,2,5,1,,1,0,,1,1,1,55,4,2,3,4,0,0,0,1,false,,false,false,false,false,false,,,,,,false,false,true,,,false,false,false,false,false,-83.05878,42.36975,"{
  ""coordinates"": [
    -8.305877901400000e+01,
    4.236975490500000e+01
  ],
  ""type"": ""Point""
}","{
  ""coordinates"": [
    -83.058779014,
    42.369754905
  ],
  ""type"": ""Point""
}",-83.058779014,42.369754905
16312,1024901,I-94,MARTIN,2017-05-08,8,5,2017,16,2,8,1,,1,0,,1,1,1,55,3,2,2,5,0,0,0,0,true,,false,false,false,false,false,,,,,,false,false,true,,,false,false,false,false,false,-83.1286,42.33586,"{
  ""coordinates"": [
    -8.312859806900001e+01,
    4.233585862400000e+01
  ],
  ""type"": ""Point""
}","{
  ""coordinates"": [
    -83.128598069,
    42.335858624
  ],
  ""type"": ""Point""
}",-83.128598069,42.335858624
16313,1023362,CONANT,HALLECK,2017-05-08,8,5,2017,8,2,6,9,,4,0,,1,1,1,30,1,2,2,5,0,0,0,0,true,,false,false,false,false,false,,,,,,false,false,true,,,false,false,false,false,false,-83.05868,42.41137,"{
  ""coordinates"": [
    -8.305867799399989e+01,
    4.241137205600010e+01
  ],
  ""type"": ""Point""
}","{
  ""coordinates"": [
    -83.058677994,
    42.411372056
  ],
  ""type"": ""Point""
}",-83.0586779939999,42.4113720560001
16314,1024899,M-39,SCHOOLCRAFT,2017-05-08,8,5,2017,18,2,8,3,,1,0,,1,1,1,55,3,2,2,5,0,0,0,0,true,,false,false,false,false,false,,,,,,false,false,false,,,false,false,false,false,false,-83.21761,42.38817,"{
  ""coordinates"": [
    -8.321760565400000e+01,
    4.238816800100010e+01
  ],
  ""type"": ""Point""
}","{
  ""coordinates"": [
    -83.217605654,
    42.388168001
  ],
  ""type"": ""Point""
}",-83.217605654,42.3881680010001
16315,1024921,JUNCTION,PLUMMER,2017-05-08,8,5,2017,11,2,9,9,,4,2,,1,1,1,25,4,2,2,5,0,0,0,0,true,,false,false,false,false,false,,,,,,false,false,false,,,false,false,false,false,false,-83.10488,42.32205,"{
  ""coordinates"": [
    -8.310487754300000e+01,
    4.232205303500010e+01
  ],
  ""type"": ""Point""
}","{
  ""coordinates"": [
    -83.104877543,
    42.322053035
  ],
  ""type"": ""Point""
}",-83.104877543,42.3220530350001
16316,1024960,8 MILE,STRATHMOOR,2017-05-08,8,5,2017,7,2,5,3,,1,0,,1,1,1,40,4,3,3,5,0,0,0,0,true,,false,false,false,false,false,,,,,,false,false,true,,,false,false,false,false,false,-83.18961,42.44503,"{
  ""coordinates"": [
    -8.318960209999990e+01,
    4.244502855000010e+01
  ],
  ""type"": ""Point""
}","{
  ""coordinates"": [
    -83.1896021,
    42.44502855
  ],
  ""type"": ""Point""
}",-83.1896020999999,42.4450285500001
16317,1029287,JEFFERSON,RANDOLPH,2017-05-08,8,5,2017,17,2,8,3,,1,0,,1,1,1,30,3,2,2,5,0,0,0,0,true,,false,false,false,false,false,,,,,,false,false,true,,,false,false,false,false,false,-83.04185,42.32965,"{
  ""coordinates"": [
    -8.304185798899989e+01,
    4.232965467200010e+01
  ],
  ""type"": ""Point""
}","{
  ""coordinates"": [
    -83.041857989,
    42.329654672
  ],
  ""type"": ""Point""
}",-83.0418579889999,42.3296546720001
16318,1023318,HUBBELL,WADSWORTH,2017-05-08,8,5,2017,7,2,4,9,,4,0,,1,1,1,35,4,2,2,3,0,0,2,0,false,,true,false,false,false,false,,,,,,false,false,false,,,false,false,false,false,false,-83.18784,42.37501,"{
  ""coordinates"": [
    -8.318783537800000e+01,
    4.237501198600010e+01
  ],
  ""type"": ""Point""
}","{
  ""coordinates"": [
    -83.187835378,
    42.375011986
  ],
  ""type"": ""Point""
}",-83.187835378,42.3750119860001
16319,1025813,JEFFERSON,PHILIP,2017-05-08,8,5,2017,19,2,4,9,,4,0,,1,1,4,35,2,2,1,5,0,0,0,0,true,,true,false,true,false,false,,,,,,false,true,false,,,false,false,false,false,false,-82.94195,42.37388,"{
  ""coordinates"": [
    -8.294194680399990e+01,
    4.237387728300010e+01
  ],
  ""type"": ""Point""
}","{
  ""coordinates"": [
    -82.941946804,
    42.373877283
  ],
  ""type"": ""Point""
}",-82.9419468039999,42.3738772830001
16320,1026671,W/B I-94,MT ELLIOT,2017-05-08,8,5,2017,0,2,5,1,,1,0,,1,98,4,55,3,2,1,5,0,0,0,0,true,,false,false,true,false,false,,,,,,false,false,false,,,false,false,false,false,false,-83.02757,42.38464,"{
  ""coordinates"": [
    -8.302756282400000e+01,
    4.238463422100010e+01
  ],
  ""type"": ""Point""
}","{
  ""coordinates"": [
    -83.027562824,
    42.384634221
  ],
  ""type"": ""Point""
}",-83.027562824,42.3846342210001
16321,1024264,LYNCH,VAN DYKE,2017-05-08,8,5,2017,19,2,4,3,,4,0,,1,1,1,40,5,2,1,5,0,0,0,0,true,,true,true,true,false,false,,,,,,false,false,false,,,false,false,false,false,false,-83.02316,42.405,"{
  ""coordinates"": [
    -8.302315414299990e+01,
    4.240500351000000e+01
  ],
  ""type"": ""Point""
}","{
  ""coordinates"": [
    -83.023154143,
    42.40500351
  ],
  ""type"": ""Point""
}",-83.0231541429999,42.40500351
16322,1024950,BLISS,TERRELL,2017-05-08,8,5,2017,11,2,4,9,,,0,,1,1,4,0,1,2,1,5,0,0,0,0,true,,false,false,true,false,false,,,,,,false,false,false,,,false,false,false,false,false,-83.02219,42.43721,"{
  ""coordinates"": [
    -8.302219222199990e+01,
    4.243721243800010e+01
  ],
  ""type"": ""Point""
}","{
  ""coordinates"": [
    -83.022192222,
    42.437212438
  ],
  ""type"": ""Point""
}",-83.0221922219999,42.4372124380001
16323,1026668,I-94,ROSA PARKS,2017-05-08,8,5,2017,18,2,5,1,,1,0,,1,1,1,55,3,2,5,5,0,0,0,0,true,,false,false,false,false,false,,,,,,false,false,true,,,false,false,false,false,false,-83.08485,42.35474,"{
  ""coordinates"": [
    -8.308485017800000e+01,
    4.235473657900010e+01
  ],
  ""type"": ""Point""
}","{
  ""coordinates"": [
    -83.084850178,
    42.354736579
  ],
  ""type"": ""Point""
}",-83.084850178,42.3547365790001
16324,1050698,SOMERSET,WINDSOR,2017-05-08,8,5,2017,1,2,8,9,,,0,,98,98,4,25,2,2,0,5,0,0,0,0,true,,false,false,true,false,false,,,,,,false,false,false,,,false,false,false,false,false,-82.94244,42.39136,"{
  ""coordinates"": [
    -8.294243535500000e+01,
    4.239136101800010e+01
  ],
  ""type"": ""Point""
}","{
  ""coordinates"": [
    -82.942435355,
    42.391361018
  ],
  ""type"": ""Point""
}",-82.942435355,42.3913610180001
16325,1072694,CADIEUX,FRANKFORT,2017-05-08,8,5,2017,7,2,1,9,,4,0,,1,1,1,35,2,1,1,5,0,0,0,0,true,,false,false,false,false,false,,,,,,false,false,false,,,false,false,false,false,false,-82.93092,42.40777,"{
  ""coordinates"": [
    -8.293091921699990e+01,
    4.240776878100010e+01
  ],
  ""type"": ""Point""
}","{
  ""coordinates"": [
    -82.930919217,
    42.407768781
  ],
  ""type"": ""Point""
}",-82.9309192169999,42.4077687810001
16326,1024932,GARLAND,MACK,2017-05-08,8,5,2017,6,2,8,9,,,0,,1,1,98,25,2,2,0,5,0,0,0,0,true,,false,false,true,false,false,,,,,,false,false,false,,,false,false,false,false,false,-82.98785,42.37525,"{
  ""coordinates"": [
    -8.298785618600000e+01,
    4.237524747800010e+01
  ],
  ""type"": ""Point""
}","{
  ""coordinates"": [
    -82.987856186,
    42.375247478
  ],
  ""type"": ""Point""
}",-82.987856186,42.3752474780001
16327,1024886,RAMP 008P,S M 39,2017-05-08,8,5,2017,8,2,5,1,,1,0,,1,1,1,70,1,2,5,5,0,0,0,0,true,,false,false,false,false,false,,,,,,false,false,false,,,false,false,false,false,false,-83.21707,42.37856,"{
  ""coordinates"": [
    -8.321707131600000e+01,
    4.237856067400000e+01
  ],
  ""type"": ""Point""
}","{
  ""coordinates"": [
    -83.217071316,
    42.378560674
  ],
  ""type"": ""Point""
}",-83.217071316,42.378560674
16328,1024258,ANVIL,EDMORE,2017-05-08,8,5,2017,10,2,8,9,,,0,,1,1,4,25,2,2,3,5,0,0,0,0,true,,false,false,false,false,false,,,,,,false,false,false,,,false,false,false,false,false,-82.97823,42.44711,"{
  ""coordinates"": [
    -8.297823296199989e+01,
    4.244711382400000e+01
  ],
  ""type"": ""Point""
}","{
  ""coordinates"": [
    -82.978232962,
    42.447113824
  ],
  ""type"": ""Point""
}",-82.9782329619999,42.447113824
16329,1024935,TELEGRAPH,7 MILE,2017-05-08,8,5,2017,14,2,97,2,,1,0,,1,1,1,40,4,2,1,5,0,0,0,0,true,,false,false,true,false,false,,,,,,false,false,false,,,false,false,false,false,false,-83.27759,42.42963,"{
  ""coordinates"": [
    -8.327758916600000e+01,
    4.242962577300010e+01
  ],
  ""type"": ""Point""
}","{
  ""coordinates"": [
    -83.277589166,
    42.429625773
  ],
  ""type"": ""Point""
}",-83.277589166,42.4296257730001
16330,1024956,MIDLAND,GREENLAWN,2017-05-08,8,5,2017,23,2,4,9,,,0,,1,1,4,25,2,2,1,5,0,0,0,0,true,,false,false,true,false,false,,,,,,false,false,false,,,false,false,false,false,false,-83.15066,42.4062,"{
  ""coordinates"": [
    -8.315065744499999e+01,
    4.240619476600010e+01
  ],
  ""type"": ""Point""
}","{
  ""coordinates"": [
    -83.150657445,
    42.406194766
  ],
  ""type"": ""Point""
}",-83.150657445,42.4061947660001
16331,1102478,DAVISON,LAWTON,2017-05-08,8,5,2017,8,2,3,3,,1,0,,1,1,1,25,2,2,3,4,0,0,0,3,false,,false,false,false,false,false,,,,,,false,false,false,,,false,false,false,false,false,-83.12485,42.39198,"{
  ""coordinates"": [
    -8.312484390799990e+01,
    4.239197705400010e+01
  ],
  ""type"": ""Point""
}","{
  ""coordinates"": [
    -83.124843908,
    42.391977054
  ],
  ""type"": ""Point""
}",-83.1248439079999,42.3919770540001
16332,1024968,JAMES COUZENS,7 MILE,2017-05-08,8,5,2017,15,2,4,3,,1,0,,1,1,1,35,3,2,4,4,0,0,0,1,false,,true,true,false,false,false,,,,,,false,false,false,,,false,false,false,false,false,-83.18694,42.43084,"{
  ""coordinates"": [
    -8.318694133100000e+01,
    4.243083819700010e+01
  ],
  ""type"": ""Point""
}","{
  ""coordinates"": [
    -83.186941331,
    42.430838197
  ],
  ""type"": ""Point""
}",-83.186941331,42.4308381970001
16333,1024947,ALCOY,PINEWOOD,2017-05-08,8,5,2017,23,2,98,9,,,3,,1,1,4,25,1,2,1,5,0,0,0,0,true,,false,false,true,false,false,,,,,,false,false,false,,,false,false,false,false,false,-82.98891,42.43875,"{
  ""coordinates"": [
    -8.298890849999999e+01,
    4.243874949700010e+01
  ],
  ""type"": ""Point""
}","{
  ""coordinates"": [
    -82.9889085,
    42.438749497
  ],
  ""type"": ""Point""
}",-82.9889085,42.4387494970001
16334,1033985,DAVISON,14TH,2017-05-08,8,5,2017,14,2,8,3,,1,0,,1,1,1,0,3,2,1,5,0,0,0,0,true,,false,false,false,false,false,,,,,,false,true,false,,,false,false,false,false,false,-83.11637,42.39512,"{
  ""coordinates"": [
    -8.311636771300000e+01,
    4.239512120000010e+01
  ],
  ""type"": ""Point""
}","{
  ""coordinates"": [
    -83.116367713,
    42.3951212
  ],
  ""type"": ""Point""
}",-83.116367713,42.3951212000001
16335,1024890,I-94,14TH,2017-05-08,8,5,2017,18,2,5,1,,1,0,,1,1,1,55,3,4,2,4,0,0,0,1,false,,false,false,true,false,false,,,,,,false,false,false,,,false,false,false,false,false,-83.08932,42.35319,"{
  ""coordinates"": [
    -8.308931750200000e+01,
    4.235318928000000e+01
  ],
  ""type"": ""Point""
}","{
  ""coordinates"": [
    -83.089317502,
    42.35318928
  ],
  ""type"": ""Point""
}",-83.089317502,42.35318928
16336,1024232,WYOMING,INTERVALE,2017-05-08,8,5,2017,22,2,3,9,,4,0,,1,1,4,30,5,2,2,4,0,0,0,1,false,,false,false,false,false,false,,,,,,false,false,true,,,false,false,false,false,false,-83.1592,42.39165,"{
  ""coordinates"": [
    -8.315920528100000e+01,
    4.239165625900010e+01
  ],
  ""type"": ""Point""
}","{
  ""coordinates"": [
    -83.159205281,
    42.391656259
  ],
  ""type"": ""Point""
}",-83.159205281,42.3916562590001
16337,1024250,LAHSER,PURITAN,2017-05-08,8,5,2017,10,2,8,9,,2,0,,1,1,1,30,2,2,2,5,0,0,0,0,true,,false,false,false,false,false,,,,,,false,false,false,,,false,false,false,false,false,-83.25712,42.40749,"{
  ""coordinates"": [
    -8.325711497700000e+01,
    4.240748893600000e+01
  ],
  ""type"": ""Point""
}","{
  ""coordinates"": [
    -83.257114977,
    42.407488936
  ],
  ""type"": ""Point""
}",-83.257114977,42.407488936
16338,1024900,S M 39,FULLERTON,2017-05-08,8,5,2017,10,2,5,3,,1,0,,1,1,1,55,3,2,2,5,0,0,0,0,true,,false,false,false,false,false,,,,,,false,false,false,,,false,false,false,false,false,-83.21726,42.38011,"{
  ""coordinates"": [
    -8.321726358399999e+01,
    4.238010922100010e+01
  ],
  ""type"": ""Point""
}","{
  ""coordinates"": [
    -83.217263584,
    42.380109221
  ],
  ""type"": ""Point""
}",-83.217263584,42.3801092210001
16339,1024929,MOROSS,EB MOROSS/WB MOROSS,2017-05-08,8,5,2017,17,2,5,9,,2,0,,1,1,1,35,3,2,2,5,0,0,0,0,true,,false,false,false,false,false,,,,,,false,false,false,,,false,false,false,false,false,-82.91279,42.41803,"{
  ""coordinates"": [
    -8.291278523600000e+01,
    4.241802942100000e+01
  ],
  ""type"": ""Point""
}","{
  ""coordinates"": [
    -82.912785236,
    42.418029421
  ],
  ""type"": ""Point""
}",-82.912785236,42.418029421
16340,1024231,JOY,PREST,2017-05-08,8,5,2017,1,2,8,9,,4,0,,1,1,5,35,4,2,1,5,0,0,0,0,true,,false,false,true,false,false,,,,,,false,false,false,,,false,false,false,false,false,-83.19591,42.35816,"{
  ""coordinates"": [
    -8.319590863099999e+01,
    4.235815688000010e+01
  ],
  ""type"": ""Point""
}","{
  ""coordinates"": [
    -83.195908631,
    42.35815688
  ],
  ""type"": ""Point""
}",-83.195908631,42.3581568800001
16341,1031889,FORD,FAUST,2017-05-08,8,5,2017,17,2,5,9,,,0,,1,1,1,35,2,2,2,5,0,0,0,0,true,,false,false,false,false,false,,,,,,false,true,false,,,false,false,false,false,false,-83.2243,42.42482,"{
  ""coordinates"": [
    -8.322429384799990e+01,
    4.242481778600010e+01
  ],
  ""type"": ""Point""
}","{
  ""coordinates"": [
    -83.224293848,
    42.424817786
  ],
  ""type"": ""Point""
}",-83.2242938479999,42.4248177860001
16342,1024972,N I 75,8 MILE,2017-05-08,8,5,2017,17,2,8,1,,1,0,,1,1,1,30,5,2,2,5,0,0,0,0,true,,false,false,false,false,false,,,,,,false,false,true,,,false,false,false,false,false,-83.09469,42.44676,"{
  ""coordinates"": [
    -8.309468626599990e+01,
    4.244676365400010e+01
  ],
  ""type"": ""Point""
}","{
  ""coordinates"": [
    -83.094686266,
    42.446763654
  ],
  ""type"": ""Point""
}",-83.0946862659999,42.4467636540001
16343,1024259,LIVERNOIS,GRANDRIVER,2017-05-08,8,5,2017,8,2,4,3,,4,0,,1,1,1,30,5,2,3,4,0,0,0,1,false,,false,false,false,false,false,,,,,,false,false,false,,,false,false,false,false,false,-83.13879,42.36867,"{
  ""coordinates"": [
    -8.313879767200000e+01,
    4.236867123400000e+01
  ],
  ""type"": ""Point""
}","{
  ""coordinates"": [
    -83.138797672,
    42.368671234
  ],
  ""type"": ""Point""
}",-83.138797672,42.368671234
16344,1024926,DEVONSHIRE,EDSEL FORD SD,2017-05-08,8,5,2017,12,2,10,9,,,0,,1,1,1,30,2,2,2,5,0,0,0,0,true,,false,false,false,false,false,,,,,,false,false,false,,,false,false,false,false,false,-82.94769,42.41053,"{
  ""coordinates"": [
    -8.294769371800000e+01,
    4.241052453700010e+01
  ],
  ""type"": ""Point""
}","{
  ""coordinates"": [
    -82.947693718,
    42.410524537
  ],
  ""type"": ""Point""
}",-82.947693718,42.4105245370001
16345,1029236,I 94,VAN DYKE,2017-05-08,8,5,2017,17,2,5,1,,1,0,,1,1,3,55,3,2,1,5,0,0,0,0,true,,false,false,false,false,false,,,,,,false,false,false,,,false,false,false,false,false,-83.01919,42.38665,"{
  ""coordinates"": [
    -8.301919013199991e+01,
    4.238664796800000e+01
  ],
  ""type"": ""Point""
}","{
  ""coordinates"": [
    -83.019190132,
    42.386647968
  ],
  ""type"": ""Point""
}",-83.0191901319999,42.386647968
16346,1024945,KELLY,MORANG,2017-05-08,8,5,2017,18,2,5,9,,4,0,,1,1,1,30,4,3,7,5,0,0,0,0,true,,false,false,true,false,false,,,,,,false,false,false,,,false,false,false,false,false,-82.95743,42.42887,"{
  ""coordinates"": [
    -8.295742602400000e+01,
    4.242886651600000e+01
  ],
  ""type"": ""Point""
}","{
  ""coordinates"": [
    -82.957426024,
    42.428866516
  ],
  ""type"": ""Point""
}",-82.957426024,42.428866516
16347,1031758,M-39,WARREN,2017-05-08,8,5,2017,8,2,5,3,,1,0,,1,1,2,55,3,4,4,4,0,0,0,1,false,,false,false,false,false,false,,,,,,false,false,false,,,false,false,false,false,false,-83.21621,42.34269,"{
  ""coordinates"": [
    -8.321620909300000e+01,
    4.234268814500010e+01
  ],
  ""type"": ""Point""
}","{
  ""coordinates"": [
    -83.216209093,
    42.342688145
  ],
  ""type"": ""Point""
}",-83.216209093,42.3426881450001
16348,1026705,WARREN,GRAND,2017-05-08,8,5,2017,17,2,1,9,,4,0,,1,1,1,30,3,1,1,4,0,0,0,1,false,,false,false,false,true,true,,,,,,false,false,false,,,false,false,false,false,false,-83.10818,42.3448,"{
  ""coordinates"": [
    -8.310817965000000e+01,
    4.234479496800000e+01
  ],
  ""type"": ""Point""
}","{
  ""coordinates"": [
    -83.10817965,
    42.344794968
  ],
  ""type"": ""Point""
}",-83.10817965,42.344794968
16349,1024261,LINWOOD,GLENDALE,2017-05-08,8,5,2017,17,2,5,9,,4,0,,1,1,1,30,4,2,2,5,0,0,0,0,true,,false,false,false,false,false,,,,,,false,false,false,,,false,false,false,false,false,-83.11994,42.38993,"{
  ""coordinates"": [
    -8.311993961699990e+01,
    4.238993174700000e+01
  ],
  ""type"": ""Point""
}","{
  ""coordinates"": [
    -83.119939617,
    42.389931747
  ],
  ""type"": ""Point""
}",-83.1199396169999,42.389931747
16350,1024973,ROSELAWN,CURTIS,2017-05-08,8,5,2017,8,2,97,9,,,0,,1,1,1,25,2,2,2,5,0,0,0,0,true,,false,false,false,false,false,,,,,,false,false,false,,,false,false,false,false,false,-83.15282,42.4251,"{
  ""coordinates"": [
    -8.315282594900000e+01,
    4.242510182800000e+01
  ],
  ""type"": ""Point""
}","{
  ""coordinates"": [
    -83.152825949,
    42.425101828
  ],
  ""type"": ""Point""
}",-83.152825949,42.425101828
16351,1029261,M-39,SCHOOLCRAFT,2017-05-08,8,5,2017,9,2,5,3,,1,0,,1,1,1,55,3,2,2,5,0,0,0,0,true,,false,false,false,false,false,,,,,,false,false,false,,,false,false,false,false,false,-83.21778,42.38816,"{
  ""coordinates"": [
    -8.321777926399990e+01,
    4.238816505400010e+01
  ],
  ""type"": ""Point""
}","{
  ""coordinates"": [
    -83.217779264,
    42.388165054
  ],
  ""type"": ""Point""
}",-83.2177792639999,42.3881650540001
16352,1024256,HAYES,OUTER,2017-05-08,8,5,2017,8,2,4,9,,4,0,,1,1,1,25,4,2,2,4,0,0,0,1,false,,false,false,false,false,false,,,,,,false,false,false,,,false,false,false,false,false,-82.96476,42.41462,"{
  ""coordinates"": [
    -8.296476270900000e+01,
    4.241462189500000e+01
  ],
  ""type"": ""Point""
}","{
  ""coordinates"": [
    -82.964762709,
    42.414621895
  ],
  ""type"": ""Point""
}",-82.964762709,42.414621895
16353,1024254,KELLY,MOROSS,2017-05-08,8,5,2017,1,2,4,9,,2,0,,1,1,4,30,2,2,6,4,0,0,0,2,false,,false,false,true,false,false,,,,,,false,false,true,,,false,false,false,false,false,-82.95318,42.43442,"{
  ""coordinates"": [
    -8.295317596300001e+01,
    4.243442278800010e+01
  ],
  ""type"": ""Point""
}","{
  ""coordinates"": [
    -82.953175963,
    42.434422788
  ],
  ""type"": ""Point""
}",-82.953175963,42.4344227880001
16354,1024971,LINWOOD,DORIS,2017-05-08,8,5,2017,15,2,5,9,,4,0,,1,1,1,30,4,2,4,5,0,0,0,0,true,,false,false,false,false,false,,,,,,false,false,true,,,false,false,false,false,false,-83.12567,42.39846,"{
  ""coordinates"": [
    -8.312567002299990e+01,
    4.239845574400000e+01
  ],
  ""type"": ""Point""
}","{
  ""coordinates"": [
    -83.125670023,
    42.398455744
  ],
  ""type"": ""Point""
}",-83.1256700229999,42.398455744
16355,1024957,WOODWARD,DAKOTA,2017-05-08,8,5,2017,2,2,1,3,,1,1,,1,1,4,30,2,1,1,5,0,0,0,0,true,,false,false,false,false,false,,,,,,false,false,false,,,false,false,false,false,false,-83.10575,42.41855,"{
  ""coordinates"": [
    -8.310575051900000e+01,
    4.241855326400000e+01
  ],
  ""type"": ""Point""
}","{
  ""coordinates"": [
    -83.105750519,
    42.418553264
  ],
  ""type"": ""Point""
}",-83.105750519,42.418553264
16356,1040095,KELLY,EASTLAND,2017-05-08,8,5,2017,21,2,5,9,,2,0,,1,1,4,35,3,2,2,3,0,0,1,0,false,,false,false,false,false,false,,,,,,false,false,true,,,false,false,false,false,false,-82.94321,42.44746,"{
  ""coordinates"": [
    -8.294321663800000e+01,
    4.244745609700000e+01
  ],
  ""type"": ""Point""
}","{
  ""coordinates"": [
    -82.943216638,
    42.447456097
  ],
  ""type"": ""Point""
}",-82.943216638,42.447456097
16357,1024946,OUTER,GREINER,2017-05-08,8,5,2017,23,2,5,9,,2,0,,1,1,4,25,2,2,2,4,0,0,0,1,false,,false,false,true,false,false,,,,,,false,false,false,,,false,false,false,false,false,-83.01402,42.42699,"{
  ""coordinates"": [
    -8.301401710700000e+01,
    4.242699386700010e+01
  ],
  ""type"": ""Point""
}","{
  ""coordinates"": [
    -83.014017107,
    42.426993867
  ],
  ""type"": ""Point""
}",-83.014017107,42.4269938670001
16358,1029291,ROBSON,PILGRIM,2017-05-08,8,5,2017,23,2,5,9,,,0,,1,1,4,25,2,3,0,5,0,0,0,0,true,,false,false,true,false,false,,,,,,false,false,true,,,false,false,false,false,false,-83.19288,42.4074,"{
  ""coordinates"": [
    -8.319287706999999e+01,
    4.240740030400010e+01
  ],
  ""type"": ""Point""
}","{
  ""coordinates"": [
    -83.19287707,
    42.407400304
  ],
  ""type"": ""Point""
}",-83.19287707,42.4074003040001
16359,1024930,RIAD,MCCORMICK,2017-05-08,8,5,2017,15,2,4,9,,,0,,1,1,1,25,2,2,2,5,0,0,0,0,true,,true,false,false,false,false,,,,,,false,false,false,,,false,false,false,false,false,-82.95041,42.43452,"{
  ""coordinates"": [
    -8.295040817899999e+01,
    4.243452419800010e+01
  ],
  ""type"": ""Point""
}","{
  ""coordinates"": [
    -82.950408179,
    42.434524198
  ],
  ""type"": ""Point""
}",-82.950408179,42.4345241980001
16360,1024242,VAN DYKE,PALMER,2017-05-08,8,5,2017,15,2,97,3,,1,0,,1,1,1,30,4,2,2,4,0,0,0,1,false,,false,false,false,false,false,,,,,,true,false,false,,,false,false,false,false,false,-83.01612,42.38081,"{
  ""coordinates"": [
    -8.301612165499991e+01,
    4.238080615900000e+01
  ],
  ""type"": ""Point""
}","{
  ""coordinates"": [
    -83.016121655,
    42.380806159
  ],
  ""type"": ""Point""
}",-83.0161216549999,42.380806159