ObjectId,Crash ID,Primary Road,Intersecting Road,Crash Date,Day,Month,Year,Hour,Weekday,Crash Type Code,Highway Classification Code,Community Code,Jurisdiction Code,Lane Departure Type Code,Surface Type,Road Condition,Weather Condition,Lighting Condition,Speed Limit,Lanes,Units,Occupants,Most Severe Injury,Fatal Injuries,Suspected Serious Injuries,Suspected Minor Injuries,Possible Injuries,Property Damage Only,Secondary Crash,Traffic Control,Red Light Run,Hit and Run,Alcohol,Drugs,Unbelted Person,Work Zone,Speeding Driver,Distracted Driver,Driveway,Pedestrian,Elderly Driver,Young Driver,Commercial Vehicle,Emergency Vehicles,Train,School Bus,Motorcycle,Bicycle,Deer,Longitude,Latitude,geom,geog,x,y
16361,1024927,VERNOR,WATERMAN,2017-05-08,8,5,2017,19,2,5,9,,4,0,,1,1,1,30,2,2,3,4,0,0,0,1,false,,false,false,false,false,false,,,,,,false,false,true,,,false,false,false,false,false,-83.11635,42.31588,"{
  ""coordinates"": [
    -8.311634545100000e+01,
    4.231587872000010e+01
  ],
  ""type"": ""Point""
}","{
  ""coordinates"": [
    -83.116345451,
    42.31587872
  ],
  ""type"": ""Point""
}",-83.116345451,42.3158787200001
16362,1024918,ELIZABETH,GRANDRIVER,2017-05-08,8,5,2017,15,2,4,3,,4,0,,1,1,1,30,5,2,2,5,0,0,0,0,true,,false,false,false,false,false,,,,,,false,false,false,,,false,false,false,false,false,-83.05654,42.33542,"{
  ""coordinates"": [
    -8.305654339900001e+01,
    4.233542140700010e+01
  ],
  ""type"": ""Point""
}","{
  ""coordinates"": [
    -83.056543399,
    42.335421407
  ],
  ""type"": ""Point""
}",-83.056543399,42.3354214070001
16363,1024892,I-75,I-96,2017-05-08,8,5,2017,10,2,5,1,,1,0,,1,1,1,55,2,2,2,5,0,0,0,0,true,,false,false,false,false,false,,,,,,false,false,true,,,false,false,false,false,false,-83.08157,42.3329,"{
  ""coordinates"": [
    -8.308156533899999e+01,
    4.233290424500010e+01
  ],
  ""type"": ""Point""
}","{
  ""coordinates"": [
    -83.081565339,
    42.332904245
  ],
  ""type"": ""Point""
}",-83.081565339,42.3329042450001
16364,1024903,E I 94,MOUNT ELLIOTT,2017-05-08,8,5,2017,17,2,8,1,,1,0,,1,1,1,55,3,2,3,5,0,0,0,0,true,,false,false,false,false,false,,,,,,false,true,false,,,false,false,false,false,false,-83.03304,42.37972,"{
  ""coordinates"": [
    -8.303304118699999e+01,
    4.237972008600010e+01
  ],
  ""type"": ""Point""
}","{
  ""coordinates"": [
    -83.033041187,
    42.379720086
  ],
  ""type"": ""Point""
}",-83.033041187,42.3797200860001
16365,1029517,3RD,BRAINARD,2017-05-08,8,5,2017,17,2,4,9,,4,0,,1,1,1,30,4,2,2,5,0,0,0,0,true,,false,false,false,false,false,,,,,,false,false,true,,,false,false,false,false,false,-83.06592,42.34546,"{
  ""coordinates"": [
    -8.306592112000000e+01,
    4.234545760000000e+01
  ],
  ""type"": ""Point""
}","{
  ""coordinates"": [
    -83.06592112,
    42.3454576
  ],
  ""type"": ""Point""
}",-83.06592112,42.3454576
16366,1023367,8 MILE,SYRACUSE,2017-05-07,7,5,2017,2,1,5,3,,1,0,,1,1,4,35,4,2,2,4,0,0,0,2,false,,false,false,false,false,false,,,,,,false,false,true,,,false,false,false,false,false,-83.04642,42.4477,"{
  ""coordinates"": [
    -8.304642844400000e+01,
    4.244769932200010e+01
  ],
  ""type"": ""Point""
}","{
  ""coordinates"": [
    -83.046428444,
    42.447699322
  ],
  ""type"": ""Point""
}",-83.046428444,42.4476993220001
16367,1023322,GRAND,LINCOLN,2017-05-07,7,5,2017,11,1,98,3,,1,0,,1,1,1,0,4,2,2,5,0,0,0,0,true,,false,false,true,false,false,,,,,,false,false,false,,,false,false,false,false,false,-83.07121,42.3414,"{
  ""coordinates"": [
    -8.307121255399990e+01,
    4.234140445400000e+01
  ],
  ""type"": ""Point""
}","{
  ""coordinates"": [
    -83.071212554,
    42.341404454
  ],
  ""type"": ""Point""
}",-83.0712125539999,42.341404454
16368,1022346,GRAND RIVER,3RD,2017-05-07,7,5,2017,1,1,4,3,,1,0,,1,2,4,45,7,2,3,4,0,0,0,1,false,,false,false,false,true,false,,,,,,false,false,false,,,false,false,false,false,false,-83.06084,42.33718,"{
  ""coordinates"": [
    -8.306083801599991e+01,
    4.233718561000010e+01
  ],
  ""type"": ""Point""
}","{
  ""coordinates"": [
    -83.060838016,
    42.33718561
  ],
  ""type"": ""Point""
}",-83.0608380159999,42.3371856100001
16369,1024958,8 MILE,JOHN R,2017-05-07,7,5,2017,16,1,8,3,,1,0,,1,1,1,40,4,2,2,5,0,0,0,0,true,,false,false,true,false,false,,,,,,false,false,false,,,false,false,false,false,false,-83.10234,42.44697,"{
  ""coordinates"": [
    -8.310233960600000e+01,
    4.244697301600010e+01
  ],
  ""type"": ""Point""
}","{
  ""coordinates"": [
    -83.102339606,
    42.446973016
  ],
  ""type"": ""Point""
}",-83.102339606,42.4469730160001
16370,1023338,MECCA,SCHAEFER,2017-05-07,7,5,2017,11,1,97,9,,,3,,1,1,1,25,2,2,0,5,0,0,0,0,true,,false,false,true,false,false,,,,,,false,false,false,,,false,false,false,false,false,-83.17987,42.37385,"{
  ""coordinates"": [
    -8.317987198199999e+01,
    4.237384904500000e+01
  ],
  ""type"": ""Point""
}","{
  ""coordinates"": [
    -83.179871982,
    42.373849045
  ],
  ""type"": ""Point""
}",-83.179871982,42.373849045
16371,1022345,CONGRESS,SECOND,2017-05-07,7,5,2017,0,1,4,9,,4,0,,1,1,4,25,1,2,5,3,0,0,1,0,false,,false,false,false,true,false,,,,,,false,false,false,,,false,false,false,false,false,-83.05252,42.32734,"{
  ""coordinates"": [
    -8.305252280500000e+01,
    4.232733386100010e+01
  ],
  ""type"": ""Point""
}","{
  ""coordinates"": [
    -83.052522805,
    42.327333861
  ],
  ""type"": ""Point""
}",-83.052522805,42.3273338610001
16372,1024245,GRAND RIVER,WESTMORELAND,2017-05-07,7,5,2017,13,1,5,3,,1,0,,1,1,1,35,4,3,2,4,0,0,0,2,false,,false,false,true,false,false,,,,,,false,false,false,,,false,false,false,false,false,-83.23627,42.40794,"{
  ""coordinates"": [
    -8.323627025899999e+01,
    4.240793712000000e+01
  ],
  ""type"": ""Point""
}","{
  ""coordinates"": [
    -83.236270259,
    42.40793712
  ],
  ""type"": ""Point""
}",-83.236270259,42.40793712
16373,1024265,8 MILE,S I 75,2017-05-07,7,5,2017,14,1,1,3,,1,0,,1,1,1,40,3,1,1,5,0,0,0,0,true,,false,false,true,false,false,,,,,,false,false,false,,,false,false,false,false,false,-83.09496,42.4468,"{
  ""coordinates"": [
    -8.309496237300000e+01,
    4.244680446600010e+01
  ],
  ""type"": ""Point""
}","{
  ""coordinates"": [
    -83.094962373,
    42.446804466
  ],
  ""type"": ""Point""
}",-83.094962373,42.4468044660001
16374,1023313,I-96,CHICAGO,2017-05-07,7,5,2017,13,1,1,1,,1,1,,1,1,1,55,4,1,2,3,0,0,2,0,false,,false,false,false,false,false,,,,,,false,false,true,,,false,false,false,false,false,-83.14021,42.36769,"{
  ""coordinates"": [
    -8.314020906400000e+01,
    4.236768752500010e+01
  ],
  ""type"": ""Point""
}","{
  ""coordinates"": [
    -83.140209064,
    42.367687525
  ],
  ""type"": ""Point""
}",-83.140209064,42.3676875250001
16375,1029442,CONNER,MCNICHOLS,2017-05-07,7,5,2017,5,1,98,9,,4,1,,1,1,4,30,4,1,0,5,0,0,0,0,true,,false,false,false,false,false,,,,,,false,false,false,,,false,false,false,false,false,-83.01358,42.41943,"{
  ""coordinates"": [
    -8.301357990699999e+01,
    4.241943232300010e+01
  ],
  ""type"": ""Point""
}","{
  ""coordinates"": [
    -83.013579907,
    42.419432323
  ],
  ""type"": ""Point""
}",-83.013579907,42.4194323230001
16376,1023321,BUCHANAN,GRAND,2017-05-07,7,5,2017,9,1,4,9,,4,0,,1,1,1,40,2,2,5,4,0,0,0,1,false,,true,false,false,false,false,,,,,,false,true,false,,,false,false,false,false,false,-83.10375,42.33898,"{
  ""coordinates"": [
    -8.310374901599990e+01,
    4.233898331600010e+01
  ],
  ""type"": ""Point""
}","{
  ""coordinates"": [
    -83.103749016,
    42.338983316
  ],
  ""type"": ""Point""
}",-83.1037490159999,42.3389833160001
16377,1024896,N I 75,RAMP 122B,2017-05-07,7,5,2017,21,1,5,1,,1,0,,1,1,4,55,3,2,2,5,0,0,0,0,true,,false,false,false,false,false,,,,,,false,false,true,,,false,false,false,false,false,-83.06477,42.33517,"{
  ""coordinates"": [
    -8.306476406500001e+01,
    4.233516539900010e+01
  ],
  ""type"": ""Point""
}","{
  ""coordinates"": [
    -83.064764065,
    42.335165399
  ],
  ""type"": ""Point""
}",-83.064764065,42.3351653990001
16378,1025762,S M 10,PURITAN,2017-05-07,7,5,2017,6,1,1,3,,1,1,,1,1,1,55,3,1,1,5,0,0,0,0,true,,false,false,false,false,false,,,,,,false,false,false,,,false,false,false,false,false,-83.16406,42.40841,"{
  ""coordinates"": [
    -8.316406340799990e+01,
    4.240840491500010e+01
  ],
  ""type"": ""Point""
}","{
  ""coordinates"": [
    -83.164063408,
    42.408404915
  ],
  ""type"": ""Point""
}",-83.1640634079999,42.4084049150001
16379,1023359,8 MILE,YONKA,2017-05-07,7,5,2017,16,1,8,3,,1,0,,1,1,1,40,3,2,5,5,0,0,0,0,true,,false,false,false,false,false,,,,,,false,false,false,,,false,false,false,false,false,-83.06581,42.44724,"{
  ""coordinates"": [
    -8.306580966400000e+01,
    4.244724192200000e+01
  ],
  ""type"": ""Point""
}","{
  ""coordinates"": [
    -83.065809664,
    42.447241922
  ],
  ""type"": ""Point""
}",-83.065809664,42.447241922
16380,1023364,7 MILE,HANNA,2017-05-07,7,5,2017,9,1,8,9,,4,0,,1,1,1,35,2,2,2,5,0,0,0,0,true,,false,false,true,false,false,,,,,,false,false,false,,,false,false,false,false,false,-83.08946,42.43268,"{
  ""coordinates"": [
    -8.308946317700000e+01,
    4.243267946700010e+01
  ],
  ""type"": ""Point""
}","{
  ""coordinates"": [
    -83.089463177,
    42.432679467
  ],
  ""type"": ""Point""
}",-83.089463177,42.4326794670001
16381,1023348,MOROSS,BEACONSFIELD,2017-05-07,7,5,2017,10,1,5,9,,2,0,,2,4,1,35,3,2,1,4,0,0,0,1,false,,false,false,true,false,false,,,,,,false,false,false,,,false,false,false,false,false,-82.94141,42.42958,"{
  ""coordinates"": [
    -8.294140285899989e+01,
    4.242958399000000e+01
  ],
  ""type"": ""Point""
}","{
  ""coordinates"": [
    -82.941402859,
    42.42958399
  ],
  ""type"": ""Point""
}",-82.9414028589999,42.42958399
16382,1023329,VERNOR,LAKEVIEW,2017-05-07,7,5,2017,2,1,4,9,,4,0,,1,1,1,30,3,2,2,5,0,0,0,0,true,,false,false,false,false,false,,,,,,false,true,false,,,false,false,false,false,false,-82.9533,42.37897,"{
  ""coordinates"": [
    -8.295330239399991e+01,
    4.237896609900000e+01
  ],
  ""type"": ""Point""
}","{
  ""coordinates"": [
    -82.953302394,
    42.378966099
  ],
  ""type"": ""Point""
}",-82.9533023939999,42.378966099
16383,1023317,HUBBELL,FLORENCE,2017-05-07,7,5,2017,1,1,4,9,,4,0,,1,1,4,25,2,2,4,5,0,0,0,0,true,,false,false,false,false,false,,,,,,false,false,true,,,false,false,false,false,false,-83.18934,42.4115,"{
  ""coordinates"": [
    -8.318933735800000e+01,
    4.241149959100010e+01
  ],
  ""type"": ""Point""
}","{
  ""coordinates"": [
    -83.189337358,
    42.411499591
  ],
  ""type"": ""Point""
}",-83.189337358,42.4114995910001
16384,1024959,7 MILE,GODDARD,2017-05-07,7,5,2017,21,1,5,9,,4,0,,1,1,1,30,4,2,1,5,0,0,0,0,true,,false,false,true,false,false,,,,,,false,false,false,,,false,false,false,false,false,-83.07825,42.43292,"{
  ""coordinates"": [
    -8.307824685999999e+01,
    4.243292171000010e+01
  ],
  ""type"": ""Point""
}","{
  ""coordinates"": [
    -83.07824686,
    42.43292171
  ],
  ""type"": ""Point""
}",-83.07824686,42.4329217100001
16385,1023336,SOUTHFIELD SERVICE DRIVE,PLYMOUTH,2017-05-07,7,5,2017,0,1,8,9,,4,0,,1,1,5,35,2,3,1,5,0,0,0,0,true,,false,false,false,false,false,,,,,,false,false,false,,,false,false,false,false,false,-83.21711,42.37258,"{
  ""coordinates"": [
    -8.321710829800000e+01,
    4.237257594000000e+01
  ],
  ""type"": ""Point""
}","{
  ""coordinates"": [
    -83.217108298,
    42.37257594
  ],
  ""type"": ""Point""
}",-83.217108298,42.37257594
16386,1024898,M-10,M-8,2017-05-07,7,5,2017,19,1,97,3,,1,0,,1,1,1,55,3,2,2,5,0,0,0,0,true,,false,false,false,false,false,,,,,,false,false,true,,,false,false,false,false,false,-83.11086,42.3983,"{
  ""coordinates"": [
    -8.311085847800000e+01,
    4.239830155400010e+01
  ],
  ""type"": ""Point""
}","{
  ""coordinates"": [
    -83.110858478,
    42.398301554
  ],
  ""type"": ""Point""
}",-83.110858478,42.3983015540001
16387,1036072,7 MILE,VAN DYKE,2017-05-07,7,5,2017,8,1,5,3,,4,0,,1,1,1,35,2,2,6,4,0,0,0,1,false,,false,false,false,false,false,,,,,,false,false,false,,,false,false,false,false,false,-83.02423,42.43398,"{
  ""coordinates"": [
    -8.302423261699990e+01,
    4.243397690200000e+01
  ],
  ""type"": ""Point""
}","{
  ""coordinates"": [
    -83.024232617,
    42.433976902
  ],
  ""type"": ""Point""
}",-83.0242326169999,42.433976902
16388,1023332,CONNER,MACK,2017-05-07,7,5,2017,4,1,5,9,,4,0,,1,1,4,35,4,2,3,5,0,0,0,0,true,,false,false,false,false,false,,,,,,false,false,false,,,false,false,false,false,false,-82.96786,42.38374,"{
  ""coordinates"": [
    -8.296786331100000e+01,
    4.238374199300010e+01
  ],
  ""type"": ""Point""
}","{
  ""coordinates"": [
    -82.967863311,
    42.383741993
  ],
  ""type"": ""Point""
}",-82.967863311,42.3837419930001
16389,1023344,OAKFIELD,CLARITA,2017-05-07,7,5,2017,15,1,98,9,,,0,,1,1,1,25,2,1,1,2,0,1,0,0,false,,false,false,false,false,false,,,,,,false,false,false,,,false,false,false,false,false,-83.21495,42.42832,"{
  ""coordinates"": [
    -8.321495329200000e+01,
    4.242831923200000e+01
  ],
  ""type"": ""Point""
}","{
  ""coordinates"": [
    -83.214953292,
    42.428319232
  ],
  ""type"": ""Point""
}",-83.214953292,42.428319232
16390,1023340,7 MILE,WESTBROOK,2017-05-07,7,5,2017,16,1,8,9,,2,0,,1,1,4,35,2,2,3,5,0,0,0,0,true,,false,false,false,false,false,,,,,,false,false,true,,,false,false,false,false,false,-83.25282,42.42925,"{
  ""coordinates"": [
    -8.325281913799989e+01,
    4.242924770000010e+01
  ],
  ""type"": ""Point""
}","{
  ""coordinates"": [
    -83.252819138,
    42.4292477
  ],
  ""type"": ""Point""
}",-83.2528191379999,42.4292477000001
16391,1024955,8 MILE,HUBBELL,2017-05-07,7,5,2017,20,1,5,3,,1,0,,1,1,1,40,5,2,3,4,0,0,0,3,false,,false,false,false,false,false,,,,,,false,false,false,,,false,false,false,false,false,-83.19072,42.44501,"{
  ""coordinates"": [
    -8.319072229600000e+01,
    4.244500566200000e+01
  ],
  ""type"": ""Point""
}","{
  ""coordinates"": [
    -83.190722296,
    42.445005662
  ],
  ""type"": ""Point""
}",-83.190722296,42.445005662
16392,1023320,GRAND RIVER,MCGRAW,2017-05-07,7,5,2017,7,1,1,3,,1,0,,98,98,98,0,3,1,0,5,0,0,0,0,true,,false,false,false,false,false,,,,,,false,false,false,,,false,false,false,false,false,-83.10068,42.35328,"{
  ""coordinates"": [
    -8.310067887500000e+01,
    4.235327921600000e+01
  ],
  ""type"": ""Point""
}","{
  ""coordinates"": [
    -83.100678875,
    42.353279216
  ],
  ""type"": ""Point""
}",-83.100678875,42.353279216
16393,1023334,SOUTHFIELD SERVICE,PLYMOUTH,2017-05-07,7,5,2017,14,1,5,3,,1,0,,1,1,1,35,2,3,2,5,0,0,0,0,true,,false,false,false,false,false,,,,,,false,false,false,,,false,false,false,false,false,-83.21662,42.36909,"{
  ""coordinates"": [
    -8.321662360600000e+01,
    4.236908702400010e+01
  ],
  ""type"": ""Point""
}","{
  ""coordinates"": [
    -83.216623606,
    42.369087024
  ],
  ""type"": ""Point""
}",-83.216623606,42.3690870240001
16394,1024969,MCNICHOLS,MANOR,2017-05-07,7,5,2017,15,1,5,9,,2,0,,1,2,1,30,4,2,3,5,0,0,0,0,true,,false,false,false,false,false,,,,,,false,false,false,,,false,false,false,false,false,-83.16884,42.41669,"{
  ""coordinates"": [
    -8.316883667600000e+01,
    4.241669643200000e+01
  ],
  ""type"": ""Point""
}","{
  ""coordinates"": [
    -83.168836676,
    42.416696432
  ],
  ""type"": ""Point""
}",-83.168836676,42.416696432
16395,1025763,M-39,MCNICHOLS,2017-05-07,7,5,2017,14,1,5,3,,1,0,,1,1,1,55,3,2,2,5,0,0,0,0,true,,false,false,false,false,false,,,,,,false,false,false,,,false,false,false,false,false,-83.21872,42.41412,"{
  ""coordinates"": [
    -8.321871881600001e+01,
    4.241411600000000e+01
  ],
  ""type"": ""Point""
}","{
  ""coordinates"": [
    -83.218718816,
    42.414116
  ],
  ""type"": ""Point""
}",-83.218718816,42.414116
16396,1040094,KELLY,WOODCREST,2017-05-07,7,5,2017,18,1,6,9,,2,0,,1,1,1,35,2,2,2,3,0,0,2,0,false,,false,false,false,false,false,,,,,,false,false,false,,,false,false,false,false,false,-82.94852,42.44037,"{
  ""coordinates"": [
    -8.294851375199990e+01,
    4.244036830300010e+01
  ],
  ""type"": ""Point""
}","{
  ""coordinates"": [
    -82.948513752,
    42.440368303
  ],
  ""type"": ""Point""
}",-82.9485137519999,42.4403683030001
16397,1024953,WARD,INTERVALE,2017-05-07,7,5,2017,2,1,8,9,,,0,,1,1,5,25,2,2,0,5,0,0,0,0,true,,false,false,true,false,false,,,,,,false,false,false,,,false,false,false,false,false,-83.17326,42.39186,"{
  ""coordinates"": [
    -8.317326465399999e+01,
    4.239186114400010e+01
  ],
  ""type"": ""Point""
}","{
  ""coordinates"": [
    -83.173264654,
    42.391861144
  ],
  ""type"": ""Point""
}",-83.173264654,42.3918611440001
16398,1111594,THIRD,MICHIGAN,2017-05-07,7,5,2017,3,1,4,2,,4,0,,1,1,4,25,4,2,2,5,0,0,0,0,true,,false,false,false,false,false,,,,,,false,false,false,,,false,false,false,false,false,-83.0574,42.33164,"{
  ""coordinates"": [
    -8.305739672000000e+01,
    4.233164252300000e+01
  ],
  ""type"": ""Point""
}","{
  ""coordinates"": [
    -83.05739672,
    42.331642523
  ],
  ""type"": ""Point""
}",-83.05739672,42.331642523
16399,1023319,WOODWARD,PARSON'S,2017-05-07,7,5,2017,4,1,1,3,,1,1,,1,1,4,30,3,1,1,5,0,0,0,0,true,,false,false,false,false,false,,,,,,false,false,false,,,false,false,false,false,false,-83.05867,42.34858,"{
  ""coordinates"": [
    -8.305867053599999e+01,
    4.234857890400010e+01
  ],
  ""type"": ""Point""
}","{
  ""coordinates"": [
    -83.058670536,
    42.348578904
  ],
  ""type"": ""Point""
}",-83.058670536,42.3485789040001
16400,1024238,TIREMAN,PENROD,2017-05-07,7,5,2017,8,1,4,9,,4,0,,1,1,1,30,2,2,1,5,0,0,0,0,true,,true,false,true,false,false,,,,,,false,false,true,,,false,false,false,false,false,-83.21993,42.35057,"{
  ""coordinates"": [
    -8.321993113500000e+01,
    4.235057212300010e+01
  ],
  ""type"": ""Point""
}","{
  ""coordinates"": [
    -83.219931135,
    42.350572123
  ],
  ""type"": ""Point""
}",-83.219931135,42.3505721230001
16401,1024230,FULLERTON,MARK TWAIN,2017-05-07,7,5,2017,21,1,1,9,,4,1,,1,2,4,30,4,1,1,3,0,0,1,0,false,,false,false,false,false,false,,,,,,false,false,false,,,false,false,false,false,false,-83.18472,42.38014,"{
  ""coordinates"": [
    -8.318471737199999e+01,
    4.238014037400010e+01
  ],
  ""type"": ""Point""
}","{
  ""coordinates"": [
    -83.184717372,
    42.380140374
  ],
  ""type"": ""Point""
}",-83.184717372,42.3801403740001
16402,1033888,M-39,MCNICHOLS,2017-05-07,7,5,2017,14,1,8,3,,1,0,,1,1,1,55,3,3,2,5,0,0,0,0,true,,false,false,true,false,false,,,,,,false,true,true,,,false,false,false,false,false,-83.21873,42.41702,"{
  ""coordinates"": [
    -8.321873607700000e+01,
    4.241701736500000e+01
  ],
  ""type"": ""Point""
}","{
  ""coordinates"": [
    -83.218736077,
    42.417017365
  ],
  ""type"": ""Point""
}",-83.218736077,42.417017365
16403,1024889,I-94,ROSA PARKS,2017-05-07,7,5,2017,15,1,5,1,,1,0,,1,2,1,55,3,2,2,5,0,0,0,0,true,,false,false,false,false,false,,,,,,false,false,false,,,false,false,false,false,false,-83.0834,42.35519,"{
  ""coordinates"": [
    -8.308339545900000e+01,
    4.235519051900010e+01
  ],
  ""type"": ""Point""
}","{
  ""coordinates"": [
    -83.083395459,
    42.355190519
  ],
  ""type"": ""Point""
}",-83.083395459,42.3551905190001
16404,1023366,8 MILE,YONKA,2017-05-07,7,5,2017,16,1,98,3,,1,0,,1,1,1,40,4,2,1,5,0,0,0,0,true,,false,false,false,false,false,,,,,,false,false,true,,,false,false,false,false,false,-83.06666,42.44724,"{
  ""coordinates"": [
    -8.306665770799999e+01,
    4.244723357900010e+01
  ],
  ""type"": ""Point""
}","{
  ""coordinates"": [
    -83.066657708,
    42.447233579
  ],
  ""type"": ""Point""
}",-83.066657708,42.4472335790001
16405,1024961,MONICA,SANTA CLARA,2017-05-07,7,5,2017,12,1,4,9,,,0,,1,1,4,25,2,2,1,4,0,0,0,1,false,,false,false,true,false,false,,,,,,false,false,true,,,false,false,false,false,false,-83.14424,42.42077,"{
  ""coordinates"": [
    -8.314424328099990e+01,
    4.242077247800010e+01
  ],
  ""type"": ""Point""
}","{
  ""coordinates"": [
    -83.144243281,
    42.420772478
  ],
  ""type"": ""Point""
}",-83.1442432809999,42.4207724780001
16406,1029462,LINWOOD,JOHN C LODGE SERVICE,2017-05-07,7,5,2017,21,1,5,9,,4,0,,1,1,4,30,4,2,1,4,0,0,0,1,false,,false,false,true,false,false,,,,,,false,false,false,,,false,false,false,false,false,-83.12742,42.40559,"{
  ""coordinates"": [
    -8.312741717800000e+01,
    4.240559171900000e+01
  ],
  ""type"": ""Point""
}","{
  ""coordinates"": [
    -83.127417178,
    42.405591719
  ],
  ""type"": ""Point""
}",-83.127417178,42.405591719
16407,1023326,FAIRFAX,ALTER,2017-05-07,7,5,2017,17,1,1,9,,,0,,1,1,1,25,2,1,1,4,0,0,0,1,false,,false,false,false,false,false,,,,,,false,true,false,,,false,false,false,false,false,-82.93771,42.37259,"{
  ""coordinates"": [
    -8.293770277599999e+01,
    4.237258812400010e+01
  ],
  ""type"": ""Point""
}","{
  ""coordinates"": [
    -82.937702776,
    42.372588124
  ],
  ""type"": ""Point""
}",-82.937702776,42.3725881240001
16408,1024965,CURTIS,ROSELAWN,2017-05-07,7,5,2017,13,1,4,9,,4,0,,1,1,1,25,2,2,2,4,0,0,0,1,false,,true,false,false,false,false,,,,,,false,false,true,,,false,false,false,false,false,-83.15279,42.42427,"{
  ""coordinates"": [
    -8.315278244900000e+01,
    4.242427532700000e+01
  ],
  ""type"": ""Point""
}","{
  ""coordinates"": [
    -83.152782449,
    42.424275327
  ],
  ""type"": ""Point""
}",-83.152782449,42.424275327
16409,1023360,CONANT,MCNICHOLES,2017-05-07,7,5,2017,2,1,2,9,,4,0,,1,1,4,35,5,2,1,4,0,0,0,1,false,,false,false,true,false,false,,,,,,false,false,false,,,false,false,false,false,false,-83.06377,42.4189,"{
  ""coordinates"": [
    -8.306376976300000e+01,
    4.241890244900000e+01
  ],
  ""type"": ""Point""
}","{
  ""coordinates"": [
    -83.063769763,
    42.418902449
  ],
  ""type"": ""Point""
}",-83.063769763,42.418902449
16410,1023346,LINNHURST,ALCOY,2017-05-07,7,5,2017,7,1,4,9,,,0,,1,1,1,25,3,2,3,5,0,0,0,0,true,,false,false,false,false,false,,,,,,false,false,true,,,false,false,false,false,false,-82.98864,42.43122,"{
  ""coordinates"": [
    -8.298863993399991e+01,
    4.243121867400000e+01
  ],
  ""type"": ""Point""
}","{
  ""coordinates"": [
    -82.988639934,
    42.431218674
  ],
  ""type"": ""Point""
}",-82.9886399339999,42.431218674
16411,1026711,7 MILE,GRATIOT,2017-05-07,7,5,2017,16,1,8,3,,2,0,,1,1,1,35,2,2,5,5,0,0,0,0,true,,false,false,false,false,false,,,,,,false,false,false,,,false,false,false,false,false,-82.97732,42.43509,"{
  ""coordinates"": [
    -8.297732040200000e+01,
    4.243509187100010e+01
  ],
  ""type"": ""Point""
}","{
  ""coordinates"": [
    -82.977320402,
    42.435091871
  ],
  ""type"": ""Point""
}",-82.977320402,42.4350918710001
16412,1024255,HOOVER,SAUER,2017-05-07,7,5,2017,17,1,1,3,,1,0,,1,1,1,35,2,2,1,4,0,0,0,1,false,,false,false,true,false,false,,,,,,false,false,false,,,false,false,false,true,false,-83.0041,42.42221,"{
  ""coordinates"": [
    -8.300410690299999e+01,
    4.242221619900000e+01
  ],
  ""type"": ""Point""
}","{
  ""coordinates"": [
    -83.004106903,
    42.422216199
  ],
  ""type"": ""Point""
}",-83.004106903,42.422216199
16413,1023333,TIREMAN,WESTWOOD,2017-05-07,7,5,2017,3,1,5,9,,4,0,,1,1,4,25,2,2,3,4,0,0,0,1,false,,false,false,false,false,false,,,,,,false,false,true,,,false,false,false,false,false,-83.23084,42.35041,"{
  ""coordinates"": [
    -8.323084320600000e+01,
    4.235041074100010e+01
  ],
  ""type"": ""Point""
}","{
  ""coordinates"": [
    -83.230843206,
    42.350410741
  ],
  ""type"": ""Point""
}",-83.230843206,42.3504107410001
16414,1027678,GENESSEE,CHICAGO,2017-05-07,7,5,2017,2,1,1,9,,,0,,1,1,4,25,1,1,2,5,0,0,0,0,true,,false,false,false,false,false,,,,,,false,false,true,,,false,false,false,false,false,-83.11567,42.37449,"{
  ""coordinates"": [
    -8.311566764799990e+01,
    4.237449097000010e+01
  ],
  ""type"": ""Point""
}","{
  ""coordinates"": [
    -83.115667648,
    42.37449097
  ],
  ""type"": ""Point""
}",-83.1156676479999,42.3744909700001
16415,1024262,OUTER,MOUND,2017-05-07,7,5,2017,18,1,5,9,,2,0,,1,1,1,35,3,2,3,5,0,0,0,0,true,,false,false,false,false,false,,,,,,false,false,true,,,false,false,false,false,false,-83.04378,42.44073,"{
  ""coordinates"": [
    -8.304377561699989e+01,
    4.244072845700000e+01
  ],
  ""type"": ""Point""
}","{
  ""coordinates"": [
    -83.043775617,
    42.440728457
  ],
  ""type"": ""Point""
}",-83.0437756169999,42.440728457
16416,1022387,DEQUINDRE,WARREN,2017-05-07,7,5,2017,0,1,1,9,,4,0,,1,1,4,35,3,1,0,5,0,0,0,0,true,,false,false,true,false,false,,,,,,false,false,false,,,false,false,false,false,false,-83.04737,42.3633,"{
  ""coordinates"": [
    -8.304737471200001e+01,
    4.236330112800000e+01
  ],
  ""type"": ""Point""
}","{
  ""coordinates"": [
    -83.047374712,
    42.363301128
  ],
  ""type"": ""Point""
}",-83.047374712,42.363301128
16417,1029268,I-94,LINWOOD,2017-05-07,7,5,2017,18,1,8,1,,1,0,,1,1,1,55,3,2,3,5,0,0,0,0,true,,false,false,false,false,false,,,,,,false,false,false,,,false,false,false,false,false,-83.09407,42.3517,"{
  ""coordinates"": [
    -8.309407017699991e+01,
    4.235169572300000e+01
  ],
  ""type"": ""Point""
}","{
  ""coordinates"": [
    -83.094070177,
    42.351695723
  ],
  ""type"": ""Point""
}",-83.0940701769999,42.351695723