ObjectId,Crash ID,Primary Road,Intersecting Road,Crash Date,Day,Month,Year,Hour,Weekday,Crash Type Code,Highway Classification Code,Community Code,Jurisdiction Code,Lane Departure Type Code,Surface Type,Road Condition,Weather Condition,Lighting Condition,Speed Limit,Lanes,Units,Occupants,Most Severe Injury,Fatal Injuries,Suspected Serious Injuries,Suspected Minor Injuries,Possible Injuries,Property Damage Only,Secondary Crash,Traffic Control,Red Light Run,Hit and Run,Alcohol,Drugs,Unbelted Person,Work Zone,Speeding Driver,Distracted Driver,Driveway,Pedestrian,Elderly Driver,Young Driver,Commercial Vehicle,Emergency Vehicles,Train,School Bus,Motorcycle,Bicycle,Deer,Longitude,Latitude,geom,geog,x,y
16475,1023350,GRATIOT,WILFRED,2017-05-06,6,5,2017,18,7,8,3,,1,0,,1,1,1,40,6,2,4,5,0,0,0,0,true,,false,false,true,false,false,,,,,,false,false,false,,,false,false,false,false,false,-82.99313,42.41159,"{
  ""coordinates"": [
    -8.299313021499999e+01,
    4.241158929500010e+01
  ],
  ""type"": ""Point""
}","{
  ""coordinates"": [
    -82.993130215,
    42.411589295
  ],
  ""type"": ""Point""
}",-82.993130215,42.4115892950001
16476,1023353,KENTUCKY,FULLERTON,2017-05-06,6,5,2017,19,7,8,9,,,0,,1,1,4,25,2,2,0,5,0,0,0,0,true,,false,false,true,false,false,,,,,,false,false,false,,,false,false,false,false,false,-83.15781,42.38066,"{
  ""coordinates"": [
    -8.315781264000000e+01,
    4.238065678200010e+01
  ],
  ""type"": ""Point""
}","{
  ""coordinates"": [
    -83.15781264,
    42.380656782
  ],
  ""type"": ""Point""
}",-83.15781264,42.3806567820001
16477,1022392,FRONTENAC,W I 94,2017-05-06,6,5,2017,20,7,9,9,,4,0,,1,1,1,25,2,3,1,5,0,0,0,0,true,,false,false,true,false,false,,,,,,false,true,false,,,false,false,false,false,false,-83.02631,42.38485,"{
  ""coordinates"": [
    -8.302631014400001e+01,
    4.238484825000010e+01
  ],
  ""type"": ""Point""
}","{
  ""coordinates"": [
    -83.026310144,
    42.38484825
  ],
  ""type"": ""Point""
}",-83.026310144,42.3848482500001
16478,1022383,OUTER,BENTLER,2017-05-06,6,5,2017,16,7,4,9,,2,0,,1,1,1,35,2,2,1,5,0,0,0,0,true,,false,false,true,false,false,,,,,,false,true,false,,,false,false,false,false,false,-83.25187,42.39762,"{
  ""coordinates"": [
    -8.325187053600000e+01,
    4.239762484000000e+01
  ],
  ""type"": ""Point""
}","{
  ""coordinates"": [
    -83.251870536,
    42.39762484
  ],
  ""type"": ""Point""
}",-83.251870536,42.39762484
16479,1022447,8 MILE,LIVERNOIS,2017-05-06,6,5,2017,12,7,1,3,,1,0,,1,1,1,45,4,1,1,5,0,0,0,0,true,,false,false,false,false,false,,,,,,false,false,false,,,false,false,false,false,false,-83.14164,42.4461,"{
  ""coordinates"": [
    -8.314164307500000e+01,
    4.244609928200000e+01
  ],
  ""type"": ""Point""
}","{
  ""coordinates"": [
    -83.141643075,
    42.446099282
  ],
  ""type"": ""Point""
}",-83.141643075,42.446099282
16480,1026730,MEYERS,N M 10,2017-05-06,6,5,2017,15,7,8,9,,4,0,,1,1,1,30,4,2,2,5,0,0,0,0,true,,false,false,false,false,false,,,,,,false,false,true,,,false,false,false,false,false,-83.16999,42.41431,"{
  ""coordinates"": [
    -8.316999125599990e+01,
    4.241430585600010e+01
  ],
  ""type"": ""Point""
}","{
  ""coordinates"": [
    -83.169991256,
    42.414305856
  ],
  ""type"": ""Point""
}",-83.1699912559999,42.4143058560001
16481,1024233,WOODWARD,LARNED,2017-05-05,5,5,2017,12,6,8,9,,4,0,,2,4,1,25,6,2,2,5,0,0,0,0,true,,false,false,false,false,false,,,,,,false,true,false,,,false,false,false,false,false,-83.04534,42.32944,"{
  ""coordinates"": [
    -8.304534436800000e+01,
    4.232943892000000e+01
  ],
  ""type"": ""Point""
}","{
  ""coordinates"": [
    -83.045344368,
    42.32943892
  ],
  ""type"": ""Point""
}",-83.045344368,42.32943892
16482,1024253,E I 94,NOTTINGHAM,2017-05-05,5,5,2017,6,6,5,1,,1,0,,2,4,2,55,3,2,3,4,0,0,0,1,false,,false,false,false,false,false,,,,,,false,false,true,,,false,false,false,false,false,-82.95399,42.40676,"{
  ""coordinates"": [
    -8.295398874400000e+01,
    4.240675798100010e+01
  ],
  ""type"": ""Point""
}","{
  ""coordinates"": [
    -82.953988744,
    42.406757981
  ],
  ""type"": ""Point""
}",-82.953988744,42.4067579810001
16483,1022329,GRATIOT,HELEN,2017-05-05,5,5,2017,18,6,8,3,,1,0,,2,4,97,30,7,2,2,5,0,0,0,0,true,,false,false,false,false,false,,,,,,false,true,false,,,false,false,false,false,false,-83.01977,42.37116,"{
  ""coordinates"": [
    -8.301976908300000e+01,
    4.237116004600010e+01
  ],
  ""type"": ""Point""
}","{
  ""coordinates"": [
    -83.019769083,
    42.371160046
  ],
  ""type"": ""Point""
}",-83.019769083,42.3711600460001
16484,1034978,WESTPHALIA,LAPPIN,2017-05-05,5,5,2017,23,6,1,9,,,1,,1,2,4,25,2,1,2,5,0,0,0,0,true,,false,false,false,true,true,,,,,,false,false,false,,,false,false,false,false,false,-82.99244,42.43585,"{
  ""coordinates"": [
    -8.299243551500000e+01,
    4.243584846900010e+01
  ],
  ""type"": ""Point""
}","{
  ""coordinates"": [
    -82.992435515,
    42.435848469
  ],
  ""type"": ""Point""
}",-82.992435515,42.4358484690001
16485,1022401,KELLY,GLENWOOD,2017-05-05,5,5,2017,8,6,5,9,,2,0,,2,4,1,30,2,2,4,5,0,0,0,0,true,,false,false,false,false,false,,,,,,false,false,false,,,false,false,false,false,false,-82.95614,42.43057,"{
  ""coordinates"": [
    -8.295613718899990e+01,
    4.243057344100000e+01
  ],
  ""type"": ""Point""
}","{
  ""coordinates"": [
    -82.956137189,
    42.430573441
  ],
  ""type"": ""Point""
}",-82.9561371889999,42.430573441
16486,1022399,GREENFIELD,7 MILE,2017-05-05,5,5,2017,13,6,4,9,,2,0,,2,4,1,0,4,2,3,4,0,0,0,2,false,,false,false,false,false,false,,,,,,false,true,true,,,false,false,false,false,false,-83.19987,42.43053,"{
  ""coordinates"": [
    -8.319987358200000e+01,
    4.243052973900010e+01
  ],
  ""type"": ""Point""
}","{
  ""coordinates"": [
    -83.199873582,
    42.430529739
  ],
  ""type"": ""Point""
}",-83.199873582,42.4305297390001
16487,1022370,EVERGREEN,PAUL,2017-05-05,5,5,2017,19,6,8,9,,4,0,,2,4,1,35,2,2,2,2,0,1,0,0,false,,false,false,false,false,false,,,,,,false,false,true,,,false,false,false,false,false,-83.23513,42.33667,"{
  ""coordinates"": [
    -8.323513349800000e+01,
    4.233666708400010e+01
  ],
  ""type"": ""Point""
}","{
  ""coordinates"": [
    -83.235133498,
    42.336667084
  ],
  ""type"": ""Point""
}",-83.235133498,42.3366670840001
16488,1022427,MEYERS,7 MILE,2017-05-05,5,5,2017,4,6,4,9,,4,0,,2,4,4,30,4,2,3,5,0,0,0,0,true,,true,true,true,false,false,,,,,,false,false,false,,,false,false,false,false,false,-83.17069,42.43126,"{
  ""coordinates"": [
    -8.317069316500000e+01,
    4.243125532600000e+01
  ],
  ""type"": ""Point""
}","{
  ""coordinates"": [
    -83.170693165,
    42.431255326
  ],
  ""type"": ""Point""
}",-83.170693165,42.431255326
16489,1023301,I-94,I-96,2017-05-05,5,5,2017,18,6,5,1,,1,0,,2,4,1,55,4,3,1,5,0,0,0,0,true,,false,false,true,false,false,,,,,,false,false,true,,,false,false,false,false,false,-83.09873,42.35036,"{
  ""coordinates"": [
    -8.309873388999991e+01,
    4.235035556500000e+01
  ],
  ""type"": ""Point""
}","{
  ""coordinates"": [
    -83.09873389,
    42.350355565
  ],
  ""type"": ""Point""
}",-83.0987338899999,42.350355565
16490,1022266,W I 96,W I 96 CD,2017-05-05,5,5,2017,16,6,5,1,,1,0,,2,4,1,55,3,2,3,5,0,0,0,0,true,,false,false,true,false,false,,,,,,false,false,true,,,false,false,false,false,false,-83.25153,42.38555,"{
  ""coordinates"": [
    -8.325152755700000e+01,
    4.238555331300010e+01
  ],
  ""type"": ""Point""
}","{
  ""coordinates"": [
    -83.251527557,
    42.385553313
  ],
  ""type"": ""Point""
}",-83.251527557,42.3855533130001
16491,1026597,N M 10,GLENDALE,2017-05-05,5,5,2017,23,6,8,3,,1,0,,1,98,4,55,3,2,1,5,0,0,0,0,true,,false,false,true,false,false,,,,,,false,false,false,,,false,false,false,false,false,-83.10695,42.39454,"{
  ""coordinates"": [
    -8.310694778300000e+01,
    4.239453663300000e+01
  ],
  ""type"": ""Point""
}","{
  ""coordinates"": [
    -83.106947783,
    42.394536633
  ],
  ""type"": ""Point""
}",-83.106947783,42.394536633
16492,1022344,MARTIN LUTHER KING JR,W I 96,2017-05-05,5,5,2017,22,6,3,9,,4,0,,1,1,4,30,3,2,2,5,0,0,0,0,true,,false,false,false,false,false,,,,,,false,false,true,,,false,false,false,false,false,-83.09042,42.33617,"{
  ""coordinates"": [
    -8.309042708600001e+01,
    4.233617103000010e+01
  ],
  ""type"": ""Point""
}","{
  ""coordinates"": [
    -83.090427086,
    42.33617103
  ],
  ""type"": ""Point""
}",-83.090427086,42.3361710300001
16493,1022381,JOY,ASHTON,2017-05-05,5,5,2017,11,6,5,9,,2,0,,2,4,1,35,4,2,1,5,0,0,0,0,true,,false,false,true,false,false,,,,,,false,false,false,,,false,false,false,false,false,-83.21784,42.35783,"{
  ""coordinates"": [
    -8.321784125499990e+01,
    4.235783128100010e+01
  ],
  ""type"": ""Point""
}","{
  ""coordinates"": [
    -83.217841255,
    42.357831281
  ],
  ""type"": ""Point""
}",-83.2178412549999,42.3578312810001
16494,1022334,GRAND RIVER,PREVOST,2017-05-05,5,5,2017,14,6,3,3,,1,0,,2,4,1,35,6,2,1,5,0,0,0,0,true,,false,false,true,false,false,,,,,,false,true,false,,,false,false,false,false,false,-83.20274,42.39443,"{
  ""coordinates"": [
    -8.320274456999989e+01,
    4.239443195100010e+01
  ],
  ""type"": ""Point""
}","{
  ""coordinates"": [
    -83.20274457,
    42.394431951
  ],
  ""type"": ""Point""
}",-83.2027445699999,42.3944319510001
16495,1023288,S/B M-39,SCHOOLCRAFT,2017-05-05,5,5,2017,17,6,5,3,,1,0,,2,4,1,55,3,2,2,5,0,0,0,0,true,,false,false,false,false,false,,,,,,false,false,true,,,false,false,false,false,false,-83.21763,42.38454,"{
  ""coordinates"": [
    -8.321763218300001e+01,
    4.238453824100000e+01
  ],
  ""type"": ""Point""
}","{
  ""coordinates"": [
    -83.217632183,
    42.384538241
  ],
  ""type"": ""Point""
}",-83.217632183,42.384538241
16496,1024894,I-96,JOY,2017-05-05,5,5,2017,2,6,8,1,,1,0,,2,4,4,70,4,2,2,5,0,0,0,0,true,,false,false,true,false,false,,,,,,false,true,false,,,false,false,false,false,false,-83.13162,42.36448,"{
  ""coordinates"": [
    -8.313162152200000e+01,
    4.236448353700010e+01
  ],
  ""type"": ""Point""
}","{
  ""coordinates"": [
    -83.131621522,
    42.364483537
  ],
  ""type"": ""Point""
}",-83.131621522,42.3644835370001
16497,1021159,N I 75,RAMP 035F,2017-05-05,5,5,2017,9,6,5,1,,1,0,,2,4,1,55,1,2,1,5,0,0,0,0,true,,false,false,true,false,false,,,,,,false,false,false,,,false,false,false,false,false,-83.08401,42.32573,"{
  ""coordinates"": [
    -8.308400993799999e+01,
    4.232573274300010e+01
  ],
  ""type"": ""Point""
}","{
  ""coordinates"": [
    -83.084009938,
    42.325732743
  ],
  ""type"": ""Point""
}",-83.084009938,42.3257327430001
16498,1023314,MEYERS,LYNDON,2017-05-05,5,5,2017,13,6,8,9,,4,0,,2,2,1,30,4,2,3,5,0,0,0,0,true,,false,false,false,false,false,,,,,,false,false,true,,,false,false,false,false,false,-83.169,42.39367,"{
  ""coordinates"": [
    -8.316900226500000e+01,
    4.239366417700010e+01
  ],
  ""type"": ""Point""
}","{
  ""coordinates"": [
    -83.169002265,
    42.393664177
  ],
  ""type"": ""Point""
}",-83.169002265,42.3936641770001
16499,1022356,JUNCTION,BUCHANAN,2017-05-05,5,5,2017,19,6,1,9,,4,1,,2,4,1,25,2,1,2,4,0,0,0,2,false,,false,false,true,false,false,,,,,,false,false,true,,,false,false,false,false,false,-83.11468,42.33521,"{
  ""coordinates"": [
    -8.311467381400000e+01,
    4.233521406300010e+01
  ],
  ""type"": ""Point""
}","{
  ""coordinates"": [
    -83.114673814,
    42.335214063
  ],
  ""type"": ""Point""
}",-83.114673814,42.3352140630001
16500,1023325,FORT,SCHAEFER,2017-05-05,5,5,2017,19,6,8,3,,1,0,,2,4,1,45,4,2,2,5,0,0,0,0,true,,false,false,false,false,false,,,,,,false,false,true,,,false,false,false,false,false,-83.15511,42.27672,"{
  ""coordinates"": [
    -8.315511187200001e+01,
    4.227672044000010e+01
  ],
  ""type"": ""Point""
}","{
  ""coordinates"": [
    -83.155111872,
    42.27672044
  ],
  ""type"": ""Point""
}",-83.155111872,42.2767204400001
16501,1022369,BURT,KENDALL,2017-05-05,5,5,2017,17,6,8,9,,4,0,,2,4,1,35,2,2,2,5,0,0,0,0,true,,false,false,false,false,false,,,,,,false,false,false,,,false,false,false,false,false,-83.24665,42.38765,"{
  ""coordinates"": [
    -8.324665357700000e+01,
    4.238764529200010e+01
  ],
  ""type"": ""Point""
}","{
  ""coordinates"": [
    -83.246653577,
    42.387645292
  ],
  ""type"": ""Point""
}",-83.246653577,42.3876452920001
16502,1022415,DEXTER,FENKELL,2017-05-05,5,5,2017,19,6,4,9,,4,0,,2,4,1,30,4,2,2,3,0,0,1,0,false,,false,false,true,false,false,,,,,,false,false,false,,,false,false,false,false,false,-83.13558,42.40279,"{
  ""coordinates"": [
    -8.313557897000000e+01,
    4.240279079800010e+01
  ],
  ""type"": ""Point""
}","{
  ""coordinates"": [
    -83.13557897,
    42.402790798
  ],
  ""type"": ""Point""
}",-83.13557897,42.4027907980001
16503,1022374,PICKFORD,WARWICK,2017-05-05,5,5,2017,15,6,97,9,,,0,,2,4,1,25,4,3,2,5,0,0,0,0,true,,true,false,true,false,false,,,,,,false,false,false,,,false,false,false,false,false,-83.22958,42.42471,"{
  ""coordinates"": [
    -8.322958133100001e+01,
    4.242470792000010e+01
  ],
  ""type"": ""Point""
}","{
  ""coordinates"": [
    -83.229581331,
    42.42470792
  ],
  ""type"": ""Point""
}",-83.229581331,42.4247079200001
16504,1022430,STATE FAIR,WOODWARD,2017-05-05,5,5,2017,23,6,1,3,,4,1,,2,1,4,30,2,1,2,5,0,0,0,0,true,,false,false,false,false,false,,,,,,false,false,false,,,false,false,false,false,false,-83.11938,42.4393,"{
  ""coordinates"": [
    -8.311938812900000e+01,
    4.243930305500000e+01
  ],
  ""type"": ""Point""
}","{
  ""coordinates"": [
    -83.119388129,
    42.439303055
  ],
  ""type"": ""Point""
}",-83.119388129,42.439303055
16505,1022408,CONNER CREEK,CHARLEMAGNE,2017-05-05,5,5,2017,18,6,5,9,,4,0,,2,4,1,0,2,2,3,5,0,0,0,0,true,,false,false,false,false,false,,,,,,false,false,false,,,false,false,false,false,false,-83.00027,42.40707,"{
  ""coordinates"": [
    -8.300027652100000e+01,
    4.240706521800010e+01
  ],
  ""type"": ""Point""
}","{
  ""coordinates"": [
    -83.000276521,
    42.407065218
  ],
  ""type"": ""Point""
}",-83.000276521,42.4070652180001
16506,1022450,DAVISON,RYAN,2017-05-05,5,5,2017,12,6,8,9,,4,0,,2,4,1,0,8,2,2,3,0,0,1,0,false,,false,false,false,false,false,,,,,,false,false,true,,,false,false,false,false,false,-83.06059,42.41587,"{
  ""coordinates"": [
    -8.306058362900001e+01,
    4.241586913300010e+01
  ],
  ""type"": ""Point""
}","{
  ""coordinates"": [
    -83.060583629,
    42.415869133
  ],
  ""type"": ""Point""
}",-83.060583629,42.4158691330001
16507,1022431,7 MILE,LAUDER,2017-05-05,5,5,2017,14,6,4,9,,2,0,,2,4,1,35,4,2,1,5,0,0,0,0,true,,false,false,true,false,false,,,,,,false,false,false,,,false,false,false,false,false,-83.19287,42.43063,"{
  ""coordinates"": [
    -8.319286745300001e+01,
    4.243063347600000e+01
  ],
  ""type"": ""Point""
}","{
  ""coordinates"": [
    -83.192867453,
    42.430633476
  ],
  ""type"": ""Point""
}",-83.192867453,42.430633476
16508,1024243,TOWNSEND,MACK,2017-05-05,5,5,2017,10,6,8,9,,,0,,1,1,1,35,2,2,2,5,0,0,0,0,true,,false,false,false,false,false,,,,,,false,true,true,,,false,false,false,false,false,-83.00972,42.36569,"{
  ""coordinates"": [
    -8.300971662300000e+01,
    4.236569248200000e+01
  ],
  ""type"": ""Point""
}","{
  ""coordinates"": [
    -83.009716623,
    42.365692482
  ],
  ""type"": ""Point""
}",-83.009716623,42.365692482
16509,1022384,E I 94,WOODWARD,2017-05-05,5,5,2017,7,6,8,1,,1,0,,2,4,1,55,3,2,2,5,0,0,0,0,true,,false,false,true,false,false,,,,,,false,false,false,,,false,false,false,false,false,-83.06858,42.36372,"{
  ""coordinates"": [
    -8.306858352200000e+01,
    4.236372110400000e+01
  ],
  ""type"": ""Point""
}","{
  ""coordinates"": [
    -83.068583522,
    42.363721104
  ],
  ""type"": ""Point""
}",-83.068583522,42.363721104
16510,1029251,I-75 N/B,DEARBORN,2017-05-05,5,5,2017,19,6,10,1,,1,0,,2,4,3,55,3,2,2,5,0,0,0,0,true,,false,false,true,false,false,,,,,,false,false,false,,,false,false,false,false,false,-83.13947,42.28679,"{
  ""coordinates"": [
    -8.313946353700000e+01,
    4.228679299000000e+01
  ],
  ""type"": ""Point""
}","{
  ""coordinates"": [
    -83.139463537,
    42.28679299
  ],
  ""type"": ""Point""
}",-83.139463537,42.28679299
16511,1022439,7MILE,WYOMING,2017-05-05,5,5,2017,8,6,5,9,,2,0,,2,4,1,30,3,2,2,4,0,0,0,2,false,,false,false,false,false,false,,,,,,false,true,false,,,false,false,false,false,false,-83.16098,42.43135,"{
  ""coordinates"": [
    -8.316097999100000e+01,
    4.243135356700000e+01
  ],
  ""type"": ""Point""
}","{
  ""coordinates"": [
    -83.160979991,
    42.431353567
  ],
  ""type"": ""Point""
}",-83.160979991,42.431353567
16512,1022424,BRINGARD,GRATIOT,2017-05-05,5,5,2017,23,6,2,3,,,2,,1,1,4,25,2,2,0,5,0,0,0,0,true,,false,false,true,false,false,,,,,,false,false,false,,,false,false,false,false,false,-82.97037,42.44619,"{
  ""coordinates"": [
    -8.297036600199991e+01,
    4.244618953800010e+01
  ],
  ""type"": ""Point""
}","{
  ""coordinates"": [
    -82.970366002,
    42.446189538
  ],
  ""type"": ""Point""
}",-82.9703660019999,42.4461895380001
16513,1022366,W I 94,CONNER,2017-05-05,5,5,2017,4,6,4,1,,1,0,,2,4,4,35,2,2,2,5,0,0,0,0,true,,false,false,false,false,false,,,,,,false,false,false,,,false,false,false,false,false,-82.98852,42.39608,"{
  ""coordinates"": [
    -8.298851715200000e+01,
    4.239608372700010e+01
  ],
  ""type"": ""Point""
}","{
  ""coordinates"": [
    -82.988517152,
    42.396083727
  ],
  ""type"": ""Point""
}",-82.988517152,42.3960837270001
16514,1022378,GREENFIELD,ELLIS,2017-05-05,5,5,2017,13,6,4,9,,2,0,,2,4,1,45,4,2,7,4,0,0,0,2,false,,false,false,false,false,false,,,,,,false,false,true,,,false,false,false,false,false,-83.19711,42.36054,"{
  ""coordinates"": [
    -8.319710876600000e+01,
    4.236054329200000e+01
  ],
  ""type"": ""Point""
}","{
  ""coordinates"": [
    -83.197108766,
    42.360543292
  ],
  ""type"": ""Point""
}",-83.197108766,42.360543292
16515,1022358,FORT,N I 75/FORT,2017-05-05,5,5,2017,9,6,1,3,,1,0,,2,4,1,35,3,1,2,4,0,0,0,1,false,,false,false,false,false,false,,,,,,false,false,false,,,false,false,false,false,false,-83.15586,42.27593,"{
  ""coordinates"": [
    -8.315586317700000e+01,
    4.227592936600010e+01
  ],
  ""type"": ""Point""
}","{
  ""coordinates"": [
    -83.155863177,
    42.275929366
  ],
  ""type"": ""Point""
}",-83.155863177,42.2759293660001
16516,1032770,MACK,DICKERSON,2017-05-05,5,5,2017,8,6,5,9,,4,0,,2,4,1,35,5,2,2,5,0,0,0,0,true,,false,false,false,false,false,,,,,,false,true,false,,,false,false,false,false,false,-82.96187,42.38464,"{
  ""coordinates"": [
    -8.296186483199990e+01,
    4.238464301700000e+01
  ],
  ""type"": ""Point""
}","{
  ""coordinates"": [
    -82.961864832,
    42.384643017
  ],
  ""type"": ""Point""
}",-82.9618648319999,42.384643017
16517,1022336,TRACEY,GROVE,2017-05-05,5,5,2017,7,6,4,9,,,0,,2,2,5,25,2,2,1,5,0,0,0,0,true,,false,false,true,false,false,,,,,,false,false,false,,,false,false,false,false,false,-83.18079,42.41445,"{
  ""coordinates"": [
    -8.318078275499990e+01,
    4.241445238600010e+01
  ],
  ""type"": ""Point""
}","{
  ""coordinates"": [
    -83.180782755,
    42.414452386
  ],
  ""type"": ""Point""
}",-83.1807827549999,42.4144523860001
16518,1022322,I-75,GRAND,2017-05-05,5,5,2017,10,6,8,1,,1,0,,2,4,1,70,3,2,1,5,0,0,0,0,true,,false,false,true,false,false,,,,,,false,false,false,,,false,false,false,false,false,-83.06042,42.37468,"{
  ""coordinates"": [
    -8.306042443000000e+01,
    4.237467849700000e+01
  ],
  ""type"": ""Point""
}","{
  ""coordinates"": [
    -83.06042443,
    42.374678497
  ],
  ""type"": ""Point""
}",-83.06042443,42.374678497
16519,1024251,GRAND RIVER,BURGESS,2017-05-05,5,5,2017,17,6,9,3,,1,2,,2,4,1,35,7,4,2,3,0,0,1,0,false,,false,false,true,false,false,,,,,,false,false,true,,,false,false,false,false,false,-83.25457,42.41531,"{
  ""coordinates"": [
    -8.325457223799999e+01,
    4.241530915100000e+01
  ],
  ""type"": ""Point""
}","{
  ""coordinates"": [
    -83.254572238,
    42.415309151
  ],
  ""type"": ""Point""
}",-83.254572238,42.415309151
16520,1022357,LIVERNOIS,JOHN KRONK,2017-05-05,5,5,2017,15,6,5,9,,4,0,,2,4,1,35,3,3,3,5,0,0,0,0,true,,false,false,true,false,false,,,,,,false,false,false,,,false,false,false,false,false,-83.11512,42.32394,"{
  ""coordinates"": [
    -8.311512041799990e+01,
    4.232394465000000e+01
  ],
  ""type"": ""Point""
}","{
  ""coordinates"": [
    -83.115120418,
    42.32394465
  ],
  ""type"": ""Point""
}",-83.1151204179999,42.32394465
16521,1022402,GRATIOT,CONNER,2017-05-05,5,5,2017,18,6,97,3,,1,0,,2,4,1,40,7,2,2,5,0,0,0,0,true,,false,false,true,false,false,,,,,,false,false,false,,,false,false,false,false,false,-82.99738,42.4051,"{
  ""coordinates"": [
    -8.299737855300000e+01,
    4.240509905900010e+01
  ],
  ""type"": ""Point""
}","{
  ""coordinates"": [
    -82.997378553,
    42.405099059
  ],
  ""type"": ""Point""
}",-82.997378553,42.4050990590001
16522,1022409,ALCOY,7 MILE,2017-05-05,5,5,2017,15,6,4,9,,,0,,2,4,1,25,2,2,3,5,0,0,0,0,true,,false,false,true,false,false,,,,,,false,true,false,,,false,false,false,false,false,-82.98878,42.43472,"{
  ""coordinates"": [
    -8.298877664299989e+01,
    4.243472469300010e+01
  ],
  ""type"": ""Point""
}","{
  ""coordinates"": [
    -82.988776643,
    42.434724693
  ],
  ""type"": ""Point""
}",-82.9887766429999,42.4347246930001
16523,1022327,M-10,7 MILE,2017-05-05,5,5,2017,17,6,1,3,,1,1,,2,4,1,55,3,1,1,5,0,0,0,0,true,,false,false,false,false,false,,,,,,false,false,false,,,false,false,false,false,false,-83.18671,42.43062,"{
  ""coordinates"": [
    -8.318671348800000e+01,
    4.243062036500000e+01
  ],
  ""type"": ""Point""
}","{
  ""coordinates"": [
    -83.186713488,
    42.430620365
  ],
  ""type"": ""Point""
}",-83.186713488,42.430620365
16524,1022294,W I 96,GRAND RIVER,2017-05-05,5,5,2017,6,6,1,1,,1,0,,2,4,4,70,4,1,1,5,0,0,0,0,true,,false,false,false,false,false,,,,,,false,false,false,,,false,false,false,false,false,-83.17642,42.38375,"{
  ""coordinates"": [
    -8.317642486900000e+01,
    4.238374973100010e+01
  ],
  ""type"": ""Point""
}","{
  ""coordinates"": [
    -83.176424869,
    42.383749731
  ],
  ""type"": ""Point""
}",-83.176424869,42.3837497310001
16525,1029365,MACK,FRENCH,2017-05-05,5,5,2017,11,6,4,9,,4,0,,2,4,1,30,3,2,2,5,0,0,0,0,true,,true,false,false,false,false,,,,,,false,false,true,,,false,false,false,false,false,-82.98472,42.37637,"{
  ""coordinates"": [
    -8.298472142000000e+01,
    4.237636709200010e+01
  ],
  ""type"": ""Point""
}","{
  ""coordinates"": [
    -82.98472142,
    42.376367092
  ],
  ""type"": ""Point""
}",-82.98472142,42.3763670920001
16526,1022337,TRACEY,GROVE,2017-05-05,5,5,2017,18,6,3,9,,,0,,2,1,1,25,2,2,1,5,0,0,0,0,true,,false,false,false,false,false,,,,,,false,false,false,,,false,false,false,false,false,-83.18079,42.41445,"{
  ""coordinates"": [
    -8.318078275499990e+01,
    4.241445238600010e+01
  ],
  ""type"": ""Point""
}","{
  ""coordinates"": [
    -83.180782755,
    42.414452386
  ],
  ""type"": ""Point""
}",-83.1807827549999,42.4144523860001
16527,1151453,6 MILE,LITTLEFIELD,2017-05-05,5,5,2017,9,6,97,9,,2,0,,2,4,1,30,2,2,0,3,0,0,1,0,false,,false,false,false,false,false,,,,,,true,false,false,,,false,false,false,false,false,-83.17628,42.41661,"{
  ""coordinates"": [
    -8.317628161399990e+01,
    4.241661377800010e+01
  ],
  ""type"": ""Point""
}","{
  ""coordinates"": [
    -83.176281614,
    42.416613778
  ],
  ""type"": ""Point""
}",-83.1762816139999,42.4166137780001
16528,1038595,WOODWARD,STATE,2017-05-05,5,5,2017,14,6,5,9,,4,0,,2,4,1,30,2,2,1,5,0,0,0,0,true,,false,false,true,false,false,,,,,,false,false,false,,,false,false,false,false,false,-83.04779,42.33288,"{
  ""coordinates"": [
    -8.304779017800000e+01,
    4.233287993000000e+01
  ],
  ""type"": ""Point""
}","{
  ""coordinates"": [
    -83.047790178,
    42.33287993
  ],
  ""type"": ""Point""
}",-83.047790178,42.33287993
16529,1022372,WARREN,WOODMONT,2017-05-05,5,5,2017,16,6,5,9,,2,0,,2,2,98,35,4,2,1,5,0,0,0,0,true,,false,false,true,false,false,,,,,,false,false,false,,,false,false,false,false,false,-83.20718,42.34352,"{
  ""coordinates"": [
    -8.320717784599999e+01,
    4.234352205100000e+01
  ],
  ""type"": ""Point""
}","{
  ""coordinates"": [
    -83.207177846,
    42.343522051
  ],
  ""type"": ""Point""
}",-83.207177846,42.343522051
16530,1023355,DAVISON,WOODROW WILSON,2017-05-05,5,5,2017,17,6,5,3,,1,0,,98,98,1,35,1,2,2,4,0,0,0,2,false,,false,false,true,false,false,,,,,,false,false,false,,,false,false,false,false,false,-83.11128,42.39728,"{
  ""coordinates"": [
    -8.311128305400000e+01,
    4.239727914900000e+01
  ],
  ""type"": ""Point""
}","{
  ""coordinates"": [
    -83.111283054,
    42.397279149
  ],
  ""type"": ""Point""
}",-83.111283054,42.397279149
16531,1022422,CONANT,LANTZ,2017-05-05,5,5,2017,15,6,1,9,,4,1,,2,4,1,30,2,1,1,5,0,0,0,0,true,,false,false,false,false,false,,,,,,false,false,true,,,false,false,false,false,false,-83.07737,42.43808,"{
  ""coordinates"": [
    -8.307737320500000e+01,
    4.243807747400010e+01
  ],
  ""type"": ""Point""
}","{
  ""coordinates"": [
    -83.077373205,
    42.438077474
  ],
  ""type"": ""Point""
}",-83.077373205,42.4380774740001