ObjectId,Crash ID,Primary Road,Intersecting Road,Crash Date,Day,Month,Year,Hour,Weekday,Crash Type Code,Highway Classification Code,Community Code,Jurisdiction Code,Lane Departure Type Code,Surface Type,Road Condition,Weather Condition,Lighting Condition,Speed Limit,Lanes,Units,Occupants,Most Severe Injury,Fatal Injuries,Suspected Serious Injuries,Suspected Minor Injuries,Possible Injuries,Property Damage Only,Secondary Crash,Traffic Control,Red Light Run,Hit and Run,Alcohol,Drugs,Unbelted Person,Work Zone,Speeding Driver,Distracted Driver,Driveway,Pedestrian,Elderly Driver,Young Driver,Commercial Vehicle,Emergency Vehicles,Train,School Bus,Motorcycle,Bicycle,Deer,Longitude,Latitude,geom,geog,x,y
16532,1022432,7 MILE,COYLE,2017-05-05,5,5,2017,12,6,5,9,,2,0,,2,4,1,35,4,2,2,5,0,0,0,0,true,,false,false,false,false,false,,,,,,false,false,false,,,false,false,false,false,false,-83.19461,42.43058,"{
  ""coordinates"": [
    -8.319460952400000e+01,
    4.243057500100010e+01
  ],
  ""type"": ""Point""
}","{
  ""coordinates"": [
    -83.194609524,
    42.430575001
  ],
  ""type"": ""Point""
}",-83.194609524,42.4305750010001
16533,1022385,LAFAYETTE,PARKER,2017-05-05,5,5,2017,13,6,9,9,,4,0,,2,4,1,10,1,2,2,5,0,0,0,0,true,,false,false,false,false,false,,,,,,false,false,false,,,false,false,false,false,false,-82.99509,42.35366,"{
  ""coordinates"": [
    -8.299509287799999e+01,
    4.235365869600000e+01
  ],
  ""type"": ""Point""
}","{
  ""coordinates"": [
    -82.995092878,
    42.353658696
  ],
  ""type"": ""Point""
}",-82.995092878,42.353658696
16534,1022303,E I 96,SOUTHFIELD SERVICE DRIVE,2017-05-05,5,5,2017,14,6,8,1,,1,0,,2,4,1,55,3,2,3,5,0,0,0,0,true,,false,false,true,false,false,,,,,,false,false,false,,,false,false,false,false,false,-83.21894,42.37858,"{
  ""coordinates"": [
    -8.321894077899999e+01,
    4.237858229700000e+01
  ],
  ""type"": ""Point""
}","{
  ""coordinates"": [
    -83.218940779,
    42.378582297
  ],
  ""type"": ""Point""
}",-83.218940779,42.378582297
16535,1022425,7 MILE,LAUDER,2017-05-05,5,5,2017,16,6,4,9,,2,0,,2,4,1,35,4,2,3,5,0,0,0,0,true,,false,false,true,false,false,,,,,,false,false,false,,,false,false,false,false,false,-83.19239,42.43065,"{
  ""coordinates"": [
    -8.319238915200000e+01,
    4.243064968600000e+01
  ],
  ""type"": ""Point""
}","{
  ""coordinates"": [
    -83.192389152,
    42.430649686
  ],
  ""type"": ""Point""
}",-83.192389152,42.430649686
16536,1024895,W I 96,ELMHURST,2017-05-05,5,5,2017,5,6,1,1,,1,1,,2,4,4,70,4,1,1,5,0,0,0,0,true,,false,false,false,false,false,,,,,,false,false,false,,,false,false,false,false,false,-83.14618,42.37595,"{
  ""coordinates"": [
    -8.314617804600000e+01,
    4.237594645400000e+01
  ],
  ""type"": ""Point""
}","{
  ""coordinates"": [
    -83.146178046,
    42.375946454
  ],
  ""type"": ""Point""
}",-83.146178046,42.375946454
16537,1022417,EUCLID,WILDEMERE,2017-05-05,5,5,2017,16,6,1,9,,4,0,,2,4,1,25,2,1,1,5,0,0,0,0,true,,false,false,false,false,false,,,,,,false,false,false,,,false,false,false,false,false,-83.11082,42.36494,"{
  ""coordinates"": [
    -8.311081993700000e+01,
    4.236494107700000e+01
  ],
  ""type"": ""Point""
}","{
  ""coordinates"": [
    -83.110819937,
    42.364941077
  ],
  ""type"": ""Point""
}",-83.110819937,42.364941077
16538,1022419,LIVERNOIS,OAKMAN,2017-05-05,5,5,2017,18,6,8,9,,4,0,,2,4,1,35,2,2,2,5,0,0,0,0,true,,false,false,false,false,false,,,,,,false,false,true,,,false,false,false,false,false,-83.13958,42.39054,"{
  ""coordinates"": [
    -8.313958318700000e+01,
    4.239054466300010e+01
  ],
  ""type"": ""Point""
}","{
  ""coordinates"": [
    -83.139583187,
    42.390544663
  ],
  ""type"": ""Point""
}",-83.139583187,42.3905446630001
16539,1022302,I-75,HOLBROOK,2017-05-05,5,5,2017,13,6,8,1,,1,0,,2,4,1,55,4,2,2,5,0,0,0,0,true,,false,false,false,false,false,,,,,,false,false,false,,,false,false,false,false,false,-83.06849,42.38668,"{
  ""coordinates"": [
    -8.306849003100000e+01,
    4.238668471300010e+01
  ],
  ""type"": ""Point""
}","{
  ""coordinates"": [
    -83.068490031,
    42.386684713
  ],
  ""type"": ""Point""
}",-83.068490031,42.3866847130001
16540,1022373,JOY,SPINOZA,2017-05-05,5,5,2017,17,6,3,9,,2,0,,2,2,1,25,4,2,2,5,0,0,0,0,true,,false,false,true,false,false,,,,,,false,false,false,,,false,false,false,false,false,-83.25031,42.35732,"{
  ""coordinates"": [
    -8.325030879799991e+01,
    4.235731510500010e+01
  ],
  ""type"": ""Point""
}","{
  ""coordinates"": [
    -83.250308798,
    42.357315105
  ],
  ""type"": ""Point""
}",-83.2503087979999,42.3573151050001
16541,1022270,I-75,DEARBORN,2017-05-05,5,5,2017,16,6,5,1,,1,0,,2,4,1,55,3,2,2,5,0,0,0,0,true,,false,false,false,false,false,,,,,,false,false,false,,,false,false,false,false,false,-83.12702,42.29427,"{
  ""coordinates"": [
    -8.312702384999990e+01,
    4.229426517300000e+01
  ],
  ""type"": ""Point""
}","{
  ""coordinates"": [
    -83.12702385,
    42.294265173
  ],
  ""type"": ""Point""
}",-83.1270238499999,42.294265173
16542,1035037,JEFFERSON,LAKEVIEW,2017-05-05,5,5,2017,21,6,4,9,,4,0,,2,4,3,35,7,2,6,3,0,0,1,0,false,,false,false,false,false,false,,,,,,false,false,false,,,false,false,false,false,false,-82.94825,42.37128,"{
  ""coordinates"": [
    -8.294825021199991e+01,
    4.237128122500010e+01
  ],
  ""type"": ""Point""
}","{
  ""coordinates"": [
    -82.948250212,
    42.371281225
  ],
  ""type"": ""Point""
}",-82.9482502119999,42.3712812250001
16543,1022263,I-75,DEARBORN,2017-05-05,5,5,2017,6,6,5,1,,1,0,,2,4,4,70,3,5,5,5,0,0,0,0,true,,false,false,false,false,false,,,,,,false,false,false,,,false,false,false,false,false,-83.13094,42.29031,"{
  ""coordinates"": [
    -8.313093224999990e+01,
    4.229030909800010e+01
  ],
  ""type"": ""Point""
}","{
  ""coordinates"": [
    -83.13093225,
    42.290309098
  ],
  ""type"": ""Point""
}",-83.1309322499999,42.2903090980001
16544,1022332,SCHAEFER,JEFFERIES,2017-05-05,5,5,2017,17,6,5,9,,4,0,,2,4,1,35,5,3,2,5,0,0,0,0,true,,false,false,true,false,false,,,,,,false,false,false,,,false,false,false,false,false,-83.18033,42.42778,"{
  ""coordinates"": [
    -8.318033071399999e+01,
    4.242778069300000e+01
  ],
  ""type"": ""Point""
}","{
  ""coordinates"": [
    -83.180330714,
    42.427780693
  ],
  ""type"": ""Point""
}",-83.180330714,42.427780693
16545,1023323,FORT,VISGER,2017-05-05,5,5,2017,17,6,8,3,,1,0,,2,4,1,35,3,2,1,5,0,0,0,0,true,,false,false,true,false,false,,,,,,false,false,true,,,false,false,false,false,false,-83.16159,42.26841,"{
  ""coordinates"": [
    -8.316159028999991e+01,
    4.226841163200000e+01
  ],
  ""type"": ""Point""
}","{
  ""coordinates"": [
    -83.16159029,
    42.268411632
  ],
  ""type"": ""Point""
}",-83.1615902899999,42.268411632
16546,1022325,I-96,FULLERTON,2017-05-05,5,5,2017,13,6,1,1,,1,1,,2,4,1,70,4,1,1,5,0,0,0,0,true,,false,false,false,false,false,,,,,,false,false,true,,,false,false,false,false,false,-83.18845,42.38036,"{
  ""coordinates"": [
    -8.318844987700000e+01,
    4.238036116800000e+01
  ],
  ""type"": ""Point""
}","{
  ""coordinates"": [
    -83.188449877,
    42.380361168
  ],
  ""type"": ""Point""
}",-83.188449877,42.380361168
16547,1034886,N I 75,DEARBORN,2017-05-05,5,5,2017,16,6,1,1,,1,1,,2,4,1,60,3,1,2,5,0,0,0,0,true,,false,false,false,false,false,,,,,,false,false,false,,,false,false,false,false,false,-83.1279,42.29288,"{
  ""coordinates"": [
    -8.312790085499999e+01,
    4.229287906500010e+01
  ],
  ""type"": ""Point""
}","{
  ""coordinates"": [
    -83.127900855,
    42.292879065
  ],
  ""type"": ""Point""
}",-83.127900855,42.2928790650001
16548,1022304,S I 75,RAMP 216J,2017-05-05,5,5,2017,15,6,8,1,,1,0,,2,4,2,55,4,2,2,5,0,0,0,0,true,,false,false,false,false,false,,,,,,false,false,true,,,false,false,false,false,false,-83.05854,42.36925,"{
  ""coordinates"": [
    -8.305854285700001e+01,
    4.236924718800000e+01
  ],
  ""type"": ""Point""
}","{
  ""coordinates"": [
    -83.058542857,
    42.369247188
  ],
  ""type"": ""Point""
}",-83.058542857,42.369247188
16549,1022371,JOY,HUBBELL,2017-05-05,5,5,2017,16,6,5,9,,4,0,,2,4,1,30,4,2,1,5,0,0,0,0,true,,false,false,true,false,false,,,,,,false,false,false,,,false,false,false,false,false,-83.18723,42.35835,"{
  ""coordinates"": [
    -8.318723536600000e+01,
    4.235835404500010e+01
  ],
  ""type"": ""Point""
}","{
  ""coordinates"": [
    -83.187235366,
    42.358354045
  ],
  ""type"": ""Point""
}",-83.187235366,42.3583540450001
16550,1026707,MCNICHOLS,BILTMORE,2017-05-05,5,5,2017,3,6,1,9,,2,1,,2,4,4,35,4,1,0,5,0,0,0,0,true,,false,false,false,false,false,,,,,,false,false,false,,,false,false,false,false,false,-83.21108,42.41573,"{
  ""coordinates"": [
    -8.321107914299991e+01,
    4.241572779400010e+01
  ],
  ""type"": ""Point""
}","{
  ""coordinates"": [
    -83.211079143,
    42.415727794
  ],
  ""type"": ""Point""
}",-83.2110791429999,42.4157277940001
16551,1022342,GRAND,N M 10,2017-05-05,5,5,2017,15,6,8,9,,4,0,,2,4,1,35,4,2,3,5,0,0,0,0,true,,false,false,false,false,false,,,,,,false,false,true,,,false,false,false,false,false,-83.08163,42.36705,"{
  ""coordinates"": [
    -8.308163756499989e+01,
    4.236704571300000e+01
  ],
  ""type"": ""Point""
}","{
  ""coordinates"": [
    -83.081637565,
    42.367045713
  ],
  ""type"": ""Point""
}",-83.0816375649999,42.367045713
16552,1022301,JEFFERSON,WOODWARD,2017-05-05,5,5,2017,10,6,1,3,,1,1,,2,4,1,55,2,1,1,4,0,0,0,1,false,,false,false,false,false,false,,,,,,false,false,true,,,false,false,false,false,false,-83.04381,42.32918,"{
  ""coordinates"": [
    -8.304381011899990e+01,
    4.232918246900000e+01
  ],
  ""type"": ""Point""
}","{
  ""coordinates"": [
    -83.043810119,
    42.329182469
  ],
  ""type"": ""Point""
}",-83.0438101189999,42.329182469
16553,1150324,GOULBURN,GREINER,2017-05-05,5,5,2017,23,6,4,9,,,0,,2,1,4,25,2,2,4,4,0,0,0,2,false,,false,false,false,false,false,,,,,,false,false,false,,,false,false,false,false,false,-82.99339,42.42745,"{
  ""coordinates"": [
    -8.299338211100000e+01,
    4.242745152900010e+01
  ],
  ""type"": ""Point""
}","{
  ""coordinates"": [
    -82.993382111,
    42.427451529
  ],
  ""type"": ""Point""
}",-82.993382111,42.4274515290001
16554,1023337,WARREN,ASHTON,2017-05-05,5,5,2017,15,6,4,9,,2,0,,1,1,1,35,5,2,2,5,0,0,0,0,true,,false,false,false,false,false,,,,,,false,false,false,,,false,false,false,false,false,-83.21716,42.34336,"{
  ""coordinates"": [
    -8.321716474700000e+01,
    4.234336640600000e+01
  ],
  ""type"": ""Point""
}","{
  ""coordinates"": [
    -83.217164747,
    42.343366406
  ],
  ""type"": ""Point""
}",-83.217164747,42.343366406
16555,1022321,I-75,7 MILE,2017-05-05,5,5,2017,9,6,1,1,,1,1,,2,4,1,70,4,1,1,5,0,0,0,0,true,,false,false,false,false,false,,,,,,false,false,false,,,false,false,false,false,false,-83.0946,42.43209,"{
  ""coordinates"": [
    -8.309460365099990e+01,
    4.243208631100000e+01
  ],
  ""type"": ""Point""
}","{
  ""coordinates"": [
    -83.094603651,
    42.432086311
  ],
  ""type"": ""Point""
}",-83.0946036509999,42.432086311
16556,1024236,KERCHEVAL,LAKEWOOD,2017-05-05,5,5,2017,7,6,4,9,,4,0,,2,4,1,30,3,2,3,5,0,0,0,0,true,,false,false,false,false,false,,,,,,false,false,false,,,false,false,false,false,false,-82.94901,42.37832,"{
  ""coordinates"": [
    -8.294900771899999e+01,
    4.237831926300000e+01
  ],
  ""type"": ""Point""
}","{
  ""coordinates"": [
    -82.949007719,
    42.378319263
  ],
  ""type"": ""Point""
}",-82.949007719,42.378319263
16557,1022290,S I 75,S I 75,2017-05-05,5,5,2017,20,6,5,1,,1,0,,2,4,4,55,4,2,2,5,0,0,0,0,true,,false,false,false,false,false,,,,,,false,false,true,,,false,false,false,false,false,-83.04512,42.34662,"{
  ""coordinates"": [
    -8.304512204699989e+01,
    4.234662348400010e+01
  ],
  ""type"": ""Point""
}","{
  ""coordinates"": [
    -83.045122047,
    42.346623484
  ],
  ""type"": ""Point""
}",-83.0451220469999,42.3466234840001
16558,1022388,JEFFERSON,MCDOUGALL,2017-05-05,5,5,2017,21,6,3,9,,4,0,,2,1,4,35,8,2,2,5,0,0,0,0,true,,false,false,false,false,false,,,,,,false,false,false,,,false,false,false,false,false,-83.01714,42.34062,"{
  ""coordinates"": [
    -8.301713184499989e+01,
    4.234061956500010e+01
  ],
  ""type"": ""Point""
}","{
  ""coordinates"": [
    -83.017131845,
    42.340619565
  ],
  ""type"": ""Point""
}",-83.0171318449999,42.3406195650001
16559,1022295,GOULBURN,LINNHURST,2017-05-05,5,5,2017,23,6,97,9,,,0,,2,1,4,25,2,2,3,5,0,0,0,0,true,,false,false,false,true,false,,,,,,false,false,false,,,false,false,false,false,false,-82.99348,42.43114,"{
  ""coordinates"": [
    -8.299348519300000e+01,
    4.243113870800000e+01
  ],
  ""type"": ""Point""
}","{
  ""coordinates"": [
    -82.993485193,
    42.431138708
  ],
  ""type"": ""Point""
}",-82.993485193,42.431138708
16560,1022340,WARD,CHICAGO,2017-05-05,5,5,2017,18,6,5,9,,,0,,2,4,1,25,2,2,2,5,0,0,0,0,true,,false,false,true,false,false,,,,,,false,false,false,,,false,false,false,false,false,-83.17281,42.3659,"{
  ""coordinates"": [
    -8.317280939900000e+01,
    4.236590270600000e+01
  ],
  ""type"": ""Point""
}","{
  ""coordinates"": [
    -83.172809399,
    42.365902706
  ],
  ""type"": ""Point""
}",-83.172809399,42.365902706
16561,1022331,WYOMING,FENKELL,2017-05-05,5,5,2017,8,6,5,9,,4,0,,2,2,1,35,4,2,1,5,0,0,0,0,true,,false,false,true,false,false,,,,,,false,false,false,,,false,false,false,false,false,-83.15967,42.40246,"{
  ""coordinates"": [
    -8.315967018600000e+01,
    4.240245776000010e+01
  ],
  ""type"": ""Point""
}","{
  ""coordinates"": [
    -83.159670186,
    42.40245776
  ],
  ""type"": ""Point""
}",-83.159670186,42.4024577600001
16562,1023351,IVANHOE,NOTHFIELDS,2017-05-05,5,5,2017,9,6,9,9,,,2,,2,4,5,0,1,2,1,5,0,0,0,0,true,,false,false,true,false,false,,,,,,false,false,false,,,false,false,false,false,false,-83.12925,42.35652,"{
  ""coordinates"": [
    -8.312924786199990e+01,
    4.235652338000010e+01
  ],
  ""type"": ""Point""
}","{
  ""coordinates"": [
    -83.129247862,
    42.35652338
  ],
  ""type"": ""Point""
}",-83.1292478619999,42.3565233800001
16563,1022382,MICHIGAN,JUNCTION,2017-05-05,5,5,2017,16,6,5,2,,1,0,,2,2,1,35,4,2,2,5,0,0,0,0,true,,false,false,false,false,false,,,,,,false,false,false,,,false,false,false,false,false,-83.11161,42.33117,"{
  ""coordinates"": [
    -8.311160725500000e+01,
    4.233117445100000e+01
  ],
  ""type"": ""Point""
}","{
  ""coordinates"": [
    -83.111607255,
    42.331174451
  ],
  ""type"": ""Point""
}",-83.111607255,42.331174451
16564,1022420,CLOVERLAWN,INTERVALE,2017-05-05,5,5,2017,7,6,8,9,,,0,,2,4,1,25,2,2,0,5,0,0,0,0,true,,false,false,false,false,false,,,,,,false,false,false,,,false,false,false,false,false,-83.152,42.39162,"{
  ""coordinates"": [
    -8.315200131800000e+01,
    4.239161892100000e+01
  ],
  ""type"": ""Point""
}","{
  ""coordinates"": [
    -83.152001318,
    42.391618921
  ],
  ""type"": ""Point""
}",-83.152001318,42.391618921
16565,1024277,ST ANTOINE,CANFIELD,2017-05-05,5,5,2017,21,6,8,9,,4,0,,2,4,1,25,2,2,2,5,0,0,0,0,true,,false,false,false,false,false,,,,,,false,false,false,,,false,false,false,false,false,-83.05394,42.35512,"{
  ""coordinates"": [
    -8.305393933300000e+01,
    4.235512278600000e+01
  ],
  ""type"": ""Point""
}","{
  ""coordinates"": [
    -83.053939333,
    42.355122786
  ],
  ""type"": ""Point""
}",-83.053939333,42.355122786
16566,1061482,JEFFERSON,WOODWARD,2017-05-05,5,5,2017,12,6,5,3,,1,0,,2,4,1,30,3,2,3,4,0,0,0,2,false,,false,false,true,false,false,,,,,,false,false,false,,,false,false,false,false,false,-83.04422,42.32901,"{
  ""coordinates"": [
    -8.304421760299989e+01,
    4.232900654200010e+01
  ],
  ""type"": ""Point""
}","{
  ""coordinates"": [
    -83.044217603,
    42.329006542
  ],
  ""type"": ""Point""
}",-83.0442176029999,42.3290065420001
16567,1022406,8 MILE,REGENT,2017-05-05,5,5,2017,15,6,5,3,,1,0,,2,4,1,40,4,2,3,5,0,0,0,0,true,,false,false,true,false,false,,,,,,false,false,true,,,false,false,false,false,false,-82.97686,42.44951,"{
  ""coordinates"": [
    -8.297686181200000e+01,
    4.244950963700010e+01
  ],
  ""type"": ""Point""
}","{
  ""coordinates"": [
    -82.976861812,
    42.449509637
  ],
  ""type"": ""Point""
}",-82.976861812,42.4495096370001
16568,1023298,I 94,ROOSEVELT,2017-05-05,5,5,2017,16,6,5,9,,,0,,2,4,1,55,3,2,2,4,0,0,0,1,false,,false,false,false,false,false,,,,,,false,false,true,,,false,false,false,false,false,-83.10587,42.34763,"{
  ""coordinates"": [
    -8.310586763399991e+01,
    4.234762558900010e+01
  ],
  ""type"": ""Point""
}","{
  ""coordinates"": [
    -83.105867634,
    42.347625589
  ],
  ""type"": ""Point""
}",-83.1058676339999,42.3476255890001
16569,1022428,MCNICHOLS,LITTLEFIELD,2017-05-05,5,5,2017,12,6,1,9,,2,0,,2,4,1,35,4,2,1,4,0,0,0,1,false,,false,false,false,false,false,,,,,,true,false,false,,,false,false,false,false,false,-83.17619,42.41661,"{
  ""coordinates"": [
    -8.317618570499999e+01,
    4.241661524900010e+01
  ],
  ""type"": ""Point""
}","{
  ""coordinates"": [
    -83.176185705,
    42.416615249
  ],
  ""type"": ""Point""
}",-83.176185705,42.4166152490001
16570,1038681,GRAND,JOHN C LODGE SERVICE,2017-05-05,5,5,2017,16,6,4,9,,4,0,,2,4,1,30,2,2,5,5,0,0,0,0,true,,false,false,false,false,false,,,,,,false,false,true,,,false,false,false,false,false,-83.06767,42.34334,"{
  ""coordinates"": [
    -8.306766131700000e+01,
    4.234334109500000e+01
  ],
  ""type"": ""Point""
}","{
  ""coordinates"": [
    -83.067661317,
    42.343341095
  ],
  ""type"": ""Point""
}",-83.067661317,42.343341095
16571,1022298,I-75,VERNOR,2017-05-05,5,5,2017,8,6,1,1,,1,1,,2,4,1,55,3,1,2,5,0,0,0,0,true,,false,false,false,false,false,,,,,,false,false,false,,,false,false,false,false,false,-83.08614,42.32821,"{
  ""coordinates"": [
    -8.308614391400000e+01,
    4.232821381600010e+01
  ],
  ""type"": ""Point""
}","{
  ""coordinates"": [
    -83.086143914,
    42.328213816
  ],
  ""type"": ""Point""
}",-83.086143914,42.3282138160001
16572,1023310,I 75,DAVISON,2017-05-05,5,5,2017,18,6,5,1,,1,0,,2,4,1,70,4,2,1,5,0,0,0,0,true,,false,false,true,false,false,,,,,,false,false,false,,,false,false,false,false,false,-83.07913,42.40821,"{
  ""coordinates"": [
    -8.307913113300000e+01,
    4.240820569200010e+01
  ],
  ""type"": ""Point""
}","{
  ""coordinates"": [
    -83.079131133,
    42.408205692
  ],
  ""type"": ""Point""
}",-83.079131133,42.4082056920001
16573,1022300,I-75,VERNOR,2017-05-05,5,5,2017,8,6,8,1,,1,0,,2,4,1,55,3,2,2,5,0,0,0,0,true,,false,false,false,false,false,,,,,,false,false,true,,,false,false,false,false,false,-83.08471,42.32593,"{
  ""coordinates"": [
    -8.308470626400000e+01,
    4.232592765600000e+01
  ],
  ""type"": ""Point""
}","{
  ""coordinates"": [
    -83.084706264,
    42.325927656
  ],
  ""type"": ""Point""
}",-83.084706264,42.325927656
16574,1022323,W I 96,W/E SCHOOLCRAFT CROSSOVER,2017-05-05,5,5,2017,12,6,5,1,,1,0,,2,4,1,70,3,2,3,5,0,0,0,0,true,,false,false,true,false,false,,,,,,false,false,true,,,false,false,false,false,false,-83.25581,42.38561,"{
  ""coordinates"": [
    -8.325581303599991e+01,
    4.238561408100000e+01
  ],
  ""type"": ""Point""
}","{
  ""coordinates"": [
    -83.255813036,
    42.385614081
  ],
  ""type"": ""Point""
}",-83.2558130359999,42.385614081
16575,1024940,MOROSS,E I 94,2017-05-05,5,5,2017,13,6,5,9,,2,0,,2,4,1,35,2,2,2,5,0,0,0,0,true,,false,false,false,false,false,,,,,,false,false,false,,,false,false,false,false,false,-82.92854,42.42471,"{
  ""coordinates"": [
    -8.292854070899990e+01,
    4.242470750300000e+01
  ],
  ""type"": ""Point""
}","{
  ""coordinates"": [
    -82.928540709,
    42.424707503
  ],
  ""type"": ""Point""
}",-82.9285407089999,42.424707503
16576,1031867,GLASTONBURY,KENDALL,2017-05-05,5,5,2017,15,6,4,9,,,0,,2,4,1,25,4,2,2,5,0,0,0,0,true,,false,false,false,false,false,,,,,,false,true,true,,,false,false,false,false,false,-83.22485,42.38894,"{
  ""coordinates"": [
    -8.322484815400000e+01,
    4.238893867900000e+01
  ],
  ""type"": ""Point""
}","{
  ""coordinates"": [
    -83.224848154,
    42.388938679
  ],
  ""type"": ""Point""
}",-83.224848154,42.388938679
16577,1023347,HARPER,NOTINGHAM,2017-05-05,5,5,2017,3,6,4,9,,4,0,,2,2,4,35,2,2,1,5,0,0,0,0,true,,false,false,false,false,false,,,,,,false,false,true,,,false,false,false,false,false,-82.95444,42.40756,"{
  ""coordinates"": [
    -8.295444018599990e+01,
    4.240756263500000e+01
  ],
  ""type"": ""Point""
}","{
  ""coordinates"": [
    -82.954440186,
    42.407562635
  ],
  ""type"": ""Point""
}",-82.9544401859999,42.407562635
16578,1022395,GRAND RIVER,LAHSER,2017-05-05,5,5,2017,21,6,3,3,,1,0,,2,4,4,35,6,2,1,5,0,0,0,0,true,,true,true,true,false,false,,,,,,false,false,false,,,false,false,false,false,false,-83.25761,42.41648,"{
  ""coordinates"": [
    -8.325760471400000e+01,
    4.241648186800010e+01
  ],
  ""type"": ""Point""
}","{
  ""coordinates"": [
    -83.257604714,
    42.416481868
  ],
  ""type"": ""Point""
}",-83.257604714,42.4164818680001
16579,1022289,W I 96,WYOMING,2017-05-05,5,5,2017,4,6,1,1,,1,1,,2,4,4,55,3,1,2,3,0,0,1,1,false,,false,false,false,false,false,,,,,,false,false,true,,,false,false,false,false,false,-83.15887,42.38543,"{
  ""coordinates"": [
    -8.315887694199991e+01,
    4.238542884500000e+01
  ],
  ""type"": ""Point""
}","{
  ""coordinates"": [
    -83.158876942,
    42.385428845
  ],
  ""type"": ""Point""
}",-83.1588769419999,42.385428845
16580,1022397,BURT,WESTFIELD,2017-05-05,5,5,2017,23,6,1,9,,,1,,2,4,5,25,1,1,1,5,0,0,0,0,true,,false,false,false,false,false,,,,,,false,false,true,,,false,false,false,false,false,-83.24584,42.36285,"{
  ""coordinates"": [
    -8.324583989699990e+01,
    4.236284627600000e+01
  ],
  ""type"": ""Point""
}","{
  ""coordinates"": [
    -83.245839897,
    42.362846276
  ],
  ""type"": ""Point""
}",-83.2458398969999,42.362846276
16581,1022320,I-96,SCOTTEN,2017-05-05,5,5,2017,8,6,1,1,,1,1,,2,4,1,70,4,1,1,5,0,0,0,0,true,,false,false,false,false,false,,,,,,false,false,true,,,false,false,false,false,false,-83.1118,42.35663,"{
  ""coordinates"": [
    -8.311180403600000e+01,
    4.235662852800000e+01
  ],
  ""type"": ""Point""
}","{
  ""coordinates"": [
    -83.111804036,
    42.356628528
  ],
  ""type"": ""Point""
}",-83.111804036,42.356628528
16582,1022276,I-75,MILWAUKEE,2017-05-05,5,5,2017,19,6,1,1,,1,1,,2,4,1,70,4,1,1,5,0,0,0,0,true,,false,false,false,false,false,,,,,,false,false,false,,,false,false,false,false,false,-83.05987,42.37357,"{
  ""coordinates"": [
    -8.305986991700000e+01,
    4.237356453800000e+01
  ],
  ""type"": ""Point""
}","{
  ""coordinates"": [
    -83.059869917,
    42.373564538
  ],
  ""type"": ""Point""
}",-83.059869917,42.373564538
16583,1024897,DAVISON RAMP 139F,I-96,2017-05-05,5,5,2017,22,6,1,9,,4,1,,2,4,4,55,3,1,1,5,0,0,0,0,true,,false,false,false,false,false,,,,,,false,false,false,,,false,false,false,false,false,-83.15383,42.38605,"{
  ""coordinates"": [
    -8.315383432100001e+01,
    4.238605397200010e+01
  ],
  ""type"": ""Point""
}","{
  ""coordinates"": [
    -83.153834321,
    42.386053972
  ],
  ""type"": ""Point""
}",-83.153834321,42.3860539720001
16584,1026743,ALEXANDRINE,WOODWARD,2017-05-05,5,5,2017,12,6,8,9,,,0,,2,4,1,25,4,2,1,5,0,0,0,0,true,,false,false,false,false,false,,,,,,false,false,false,,,false,false,false,false,false,-83.06499,42.34877,"{
  ""coordinates"": [
    -8.306499530500000e+01,
    4.234877532700010e+01
  ],
  ""type"": ""Point""
}","{
  ""coordinates"": [
    -83.064995305,
    42.348775327
  ],
  ""type"": ""Point""
}",-83.064995305,42.3487753270001
16585,1029309,GRAND,STERLING,2017-05-05,5,5,2017,13,6,97,9,,4,0,,2,4,1,30,4,4,4,4,0,0,0,1,false,,false,false,false,false,false,,,,,,false,false,false,,,false,false,false,false,false,-83.08601,42.3654,"{
  ""coordinates"": [
    -8.308600309199990e+01,
    4.236540135700010e+01
  ],
  ""type"": ""Point""
}","{
  ""coordinates"": [
    -83.086003092,
    42.365401357
  ],
  ""type"": ""Point""
}",-83.0860030919999,42.3654013570001
16586,1038610,JEFFERSON,ALTER,2017-05-05,5,5,2017,15,6,4,1,,1,0,,2,4,1,35,2,2,1,5,0,0,0,0,true,,true,false,true,false,false,,,,,,false,false,false,,,false,false,false,false,false,-83.04334,42.34228,"{
  ""coordinates"": [
    -8.304334325600000e+01,
    4.234228107500010e+01
  ],
  ""type"": ""Point""
}","{
  ""coordinates"": [
    -83.043343256,
    42.342281075
  ],
  ""type"": ""Point""
}",-83.043343256,42.3422810750001
16587,1022376,EVERGREEN,ACACIA,2017-05-05,5,5,2017,22,6,2,9,,4,2,,2,1,4,35,2,2,4,5,0,0,0,0,true,,false,false,false,false,false,,,,,,false,true,false,,,false,false,false,false,false,-83.23707,42.39189,"{
  ""coordinates"": [
    -8.323706973000000e+01,
    4.239188781400000e+01
  ],
  ""type"": ""Point""
}","{
  ""coordinates"": [
    -83.23706973,
    42.391887814
  ],
  ""type"": ""Point""
}",-83.23706973,42.391887814
16588,1038682,CASS,MILWAUKEE,2017-05-05,5,5,2017,9,6,97,9,,4,0,,2,4,1,25,4,4,7,5,0,0,0,0,true,,true,true,false,false,false,,,,,,false,false,false,,,false,false,false,false,false,-83.07405,42.36856,"{
  ""coordinates"": [
    -8.307404927700000e+01,
    4.236856430800000e+01
  ],
  ""type"": ""Point""
}","{
  ""coordinates"": [
    -83.074049277,
    42.368564308
  ],
  ""type"": ""Point""
}",-83.074049277,42.368564308