ObjectId,Crash ID,Primary Road,Intersecting Road,Crash Date,Day,Month,Year,Hour,Weekday,Crash Type Code,Highway Classification Code,Community Code,Jurisdiction Code,Lane Departure Type Code,Surface Type,Road Condition,Weather Condition,Lighting Condition,Speed Limit,Lanes,Units,Occupants,Most Severe Injury,Fatal Injuries,Suspected Serious Injuries,Suspected Minor Injuries,Possible Injuries,Property Damage Only,Secondary Crash,Traffic Control,Red Light Run,Hit and Run,Alcohol,Drugs,Unbelted Person,Work Zone,Speeding Driver,Distracted Driver,Driveway,Pedestrian,Elderly Driver,Young Driver,Commercial Vehicle,Emergency Vehicles,Train,School Bus,Motorcycle,Bicycle,Deer,Longitude,Latitude,geom,geog,x,y
16589,1029250,I-75,MACK,2017-05-05,5,5,2017,5,6,8,1,,1,0,,2,4,4,55,4,2,1,5,0,0,0,0,true,,false,false,true,false,false,,,,,,false,false,true,,,false,false,false,false,false,-83.04904,42.35255,"{
  ""coordinates"": [
    -8.304903889900000e+01,
    4.235254685000010e+01
  ],
  ""type"": ""Point""
}","{
  ""coordinates"": [
    -83.049038899,
    42.35254685
  ],
  ""type"": ""Point""
}",-83.049038899,42.3525468500001
16590,1024906,DAVISON RAMP 109A,M-10,2017-05-05,5,5,2017,2,6,1,3,,1,1,,2,4,4,55,1,1,1,4,0,0,0,1,false,,false,false,false,false,false,,,,,,false,false,true,,,false,false,false,false,false,-83.10947,42.39846,"{
  ""coordinates"": [
    -8.310947698099990e+01,
    4.239845535400010e+01
  ],
  ""type"": ""Point""
}","{
  ""coordinates"": [
    -83.109476981,
    42.398455354
  ],
  ""type"": ""Point""
}",-83.1094769809999,42.3984553540001
16591,1025780,SELDEN,THIRD,2017-05-05,5,5,2017,14,6,4,9,,4,0,,2,2,1,30,6,2,2,5,0,0,0,0,true,,true,true,false,false,false,,,,,,false,false,true,,,false,false,false,false,false,-83.06665,42.34674,"{
  ""coordinates"": [
    -8.306665147099990e+01,
    4.234673818000000e+01
  ],
  ""type"": ""Point""
}","{
  ""coordinates"": [
    -83.066651471,
    42.34673818
  ],
  ""type"": ""Point""
}",-83.0666514709999,42.34673818
16592,1022264,I-94,CONNER,2017-05-05,5,5,2017,13,6,8,1,,1,0,,2,4,1,55,3,2,1,5,0,0,0,0,true,,false,false,false,false,false,,,,,,false,true,false,,,false,false,false,false,false,-82.99118,42.39394,"{
  ""coordinates"": [
    -8.299118221799991e+01,
    4.239394428200010e+01
  ],
  ""type"": ""Point""
}","{
  ""coordinates"": [
    -82.991182218,
    42.393944282
  ],
  ""type"": ""Point""
}",-82.9911822179999,42.3939442820001
16593,1021187,OMIRA,STATE FAIR,2017-05-05,5,5,2017,2,6,5,9,,,3,,2,4,5,35,2,3,0,5,0,0,0,0,true,,false,false,true,false,false,,,,,,false,false,false,,,false,false,false,false,false,-83.09617,42.43959,"{
  ""coordinates"": [
    -8.309616689800001e+01,
    4.243959247500000e+01
  ],
  ""type"": ""Point""
}","{
  ""coordinates"": [
    -83.096166898,
    42.439592475
  ],
  ""type"": ""Point""
}",-83.096166898,42.439592475
16594,1022326,RAMP 008K,RAMP 008P,2017-05-05,5,5,2017,16,6,5,1,,1,0,,2,4,1,55,2,3,2,4,0,0,0,1,false,,false,false,true,false,false,,,,,,false,true,false,,,false,false,false,false,false,-83.21708,42.37617,"{
  ""coordinates"": [
    -8.321707570000000e+01,
    4.237617104200010e+01
  ],
  ""type"": ""Point""
}","{
  ""coordinates"": [
    -83.2170757,
    42.376171042
  ],
  ""type"": ""Point""
}",-83.2170757,42.3761710420001
16595,1023335,OUTER,JAMES COUZENS,2017-05-04,4,5,2017,8,5,8,9,,2,0,,1,1,1,35,4,2,2,5,0,0,0,0,true,,false,false,false,false,false,,,,,,false,false,false,,,false,false,false,false,false,-83.17636,42.42077,"{
  ""coordinates"": [
    -8.317636347599991e+01,
    4.242077423400010e+01
  ],
  ""type"": ""Point""
}","{
  ""coordinates"": [
    -83.176363476,
    42.420774234
  ],
  ""type"": ""Point""
}",-83.1763634759999,42.4207742340001
16596,1079663,AUBURN,SAWYER,2017-05-04,4,5,2017,6,5,5,9,,,0,,1,1,2,25,2,2,1,4,0,0,0,1,false,,false,false,false,false,false,,,,,,false,false,false,,,false,false,false,false,false,-83.2331,42.34724,"{
  ""coordinates"": [
    -8.323309828899990e+01,
    4.234723875800010e+01
  ],
  ""type"": ""Point""
}","{
  ""coordinates"": [
    -83.233098289,
    42.347238758
  ],
  ""type"": ""Point""
}",-83.2330982889999,42.3472387580001
16597,1022354,SPRINGWELLS,PITT,2017-05-04,4,5,2017,16,5,4,9,,,0,,2,4,1,25,3,2,6,5,0,0,0,0,true,,true,true,false,false,false,,,,,,false,false,true,,,false,false,false,false,false,-83.12788,42.31364,"{
  ""coordinates"": [
    -8.312788179499999e+01,
    4.231363784400000e+01
  ],
  ""type"": ""Point""
}","{
  ""coordinates"": [
    -83.127881795,
    42.313637844
  ],
  ""type"": ""Point""
}",-83.127881795,42.313637844
16598,1022282,I-96,I-75,2017-05-04,4,5,2017,9,5,5,3,,1,0,,2,4,1,55,3,2,2,5,0,0,0,0,true,,false,false,false,false,false,,,,,,false,false,false,,,false,false,false,false,false,-83.07769,42.40909,"{
  ""coordinates"": [
    -8.307768837799991e+01,
    4.240908861900000e+01
  ],
  ""type"": ""Point""
}","{
  ""coordinates"": [
    -83.077688378,
    42.409088619
  ],
  ""type"": ""Point""
}",-83.0776883779999,42.409088619
16599,1022317,I-94,CADIEUX,2017-05-04,4,5,2017,14,5,1,1,,1,1,,2,4,1,55,3,1,1,5,0,0,0,0,true,,false,false,false,false,false,,,,,,false,false,false,,,false,false,false,false,false,-82.93562,42.41817,"{
  ""coordinates"": [
    -8.293561935400000e+01,
    4.241816725000010e+01
  ],
  ""type"": ""Point""
}","{
  ""coordinates"": [
    -82.935619354,
    42.41816725
  ],
  ""type"": ""Point""
}",-82.935619354,42.4181672500001
16600,1025803,TIREMAN,BRAMELL,2017-05-04,4,5,2017,23,5,98,9,,4,0,,2,4,4,25,2,2,2,3,0,0,2,0,false,,false,false,false,true,false,,,,,,false,false,false,,,false,false,false,false,false,-83.26173,42.34909,"{
  ""coordinates"": [
    -8.326173707500000e+01,
    4.234908568100010e+01
  ],
  ""type"": ""Point""
}","{
  ""coordinates"": [
    -83.261737075,
    42.349085681
  ],
  ""type"": ""Point""
}",-83.261737075,42.3490856810001
16601,1024888,RAMP 221B,I-94,2017-05-04,4,5,2017,10,5,5,1,,1,0,,2,4,1,55,1,2,2,5,0,0,0,0,true,,false,false,false,false,false,,,,,,false,true,false,,,false,false,false,false,false,-82.96672,42.40318,"{
  ""coordinates"": [
    -8.296672029099990e+01,
    4.240317981200010e+01
  ],
  ""type"": ""Point""
}","{
  ""coordinates"": [
    -82.966720291,
    42.403179812
  ],
  ""type"": ""Point""
}",-82.9667202909999,42.4031798120001
16602,1022350,PINGREE,RADFORD,2017-05-04,4,5,2017,17,5,4,9,,,0,,2,4,1,25,2,2,1,5,0,0,0,0,true,,false,false,false,false,false,,,,,,false,false,true,,,false,false,false,false,false,-83.11915,42.36357,"{
  ""coordinates"": [
    -8.311914762299990e+01,
    4.236357636200010e+01
  ],
  ""type"": ""Point""
}","{
  ""coordinates"": [
    -83.119147623,
    42.363576362
  ],
  ""type"": ""Point""
}",-83.1191476229999,42.3635763620001
16603,1021195,8 MILE,S I 75,2017-05-04,4,5,2017,10,5,4,3,,1,0,,2,4,1,25,2,2,2,5,0,0,0,0,true,,true,true,false,false,false,,,,,,false,false,true,,,false,false,false,false,false,-83.09486,42.44681,"{
  ""coordinates"": [
    -8.309486493900000e+01,
    4.244680616500010e+01
  ],
  ""type"": ""Point""
}","{
  ""coordinates"": [
    -83.094864939,
    42.446806165
  ],
  ""type"": ""Point""
}",-83.094864939,42.4468061650001
16604,1021179,TELEGRAPH,8 MILE,2017-05-04,4,5,2017,20,5,8,2,,1,0,,2,4,4,45,4,2,3,5,0,0,0,0,true,,false,false,false,false,false,,,,,,false,false,true,,,false,false,false,false,false,-83.27858,42.4426,"{
  ""coordinates"": [
    -8.327858064999999e+01,
    4.244259575300000e+01
  ],
  ""type"": ""Point""
}","{
  ""coordinates"": [
    -83.27858065,
    42.442595753
  ],
  ""type"": ""Point""
}",-83.27858065,42.442595753
16605,1021196,WOODWARD,8 MILE SERVICE DRIVE,2017-05-04,4,5,2017,11,5,9,3,,1,0,,2,4,1,25,2,2,1,5,0,0,0,0,true,,false,false,true,false,false,,,,,,false,false,false,,,false,false,false,false,false,-83.1245,42.446,"{
  ""coordinates"": [
    -8.312450020499990e+01,
    4.244599932700000e+01
  ],
  ""type"": ""Point""
}","{
  ""coordinates"": [
    -83.124500205,
    42.445999327
  ],
  ""type"": ""Point""
}",-83.1245002049999,42.445999327
16606,1029239,S I 75,FERRY,2017-05-04,4,5,2017,17,5,5,1,,1,0,,2,4,1,70,4,2,1,5,0,0,0,0,true,,false,false,true,false,false,,,,,,false,false,false,,,false,false,false,false,false,-83.05696,42.36588,"{
  ""coordinates"": [
    -8.305696256700000e+01,
    4.236587547300010e+01
  ],
  ""type"": ""Point""
}","{
  ""coordinates"": [
    -83.056962567,
    42.365875473
  ],
  ""type"": ""Point""
}",-83.056962567,42.3658754730001
16607,1021171,MONTROSE,DIVERSY,2017-05-04,4,5,2017,9,5,97,9,,,0,,2,4,1,25,1,2,2,5,0,0,0,0,true,,false,false,true,false,false,,,,,,false,false,false,,,false,false,false,false,false,-83.19893,42.34852,"{
  ""coordinates"": [
    -8.319892625200001e+01,
    4.234852269400010e+01
  ],
  ""type"": ""Point""
}","{
  ""coordinates"": [
    -83.198926252,
    42.348522694
  ],
  ""type"": ""Point""
}",-83.198926252,42.3485226940001
16608,1021166,VERNOR,WOODMERE,2017-05-04,4,5,2017,3,5,8,9,,4,0,,2,4,1,25,2,2,2,5,0,0,0,0,true,,false,false,false,false,false,,,,,,false,false,false,,,false,false,false,false,false,-83.1361,42.30783,"{
  ""coordinates"": [
    -8.313610416900001e+01,
    4.230783117100000e+01
  ],
  ""type"": ""Point""
}","{
  ""coordinates"": [
    -83.136104169,
    42.307831171
  ],
  ""type"": ""Point""
}",-83.136104169,42.307831171
16609,1021169,EVERGREEN,JOY,2017-05-04,4,5,2017,0,5,5,9,,4,0,,1,1,4,30,2,2,1,4,0,0,0,1,false,,false,false,false,false,false,,,,,,false,false,false,,,false,false,false,false,false,-83.23595,42.35778,"{
  ""coordinates"": [
    -8.323595193100000e+01,
    4.235778136400010e+01
  ],
  ""type"": ""Point""
}","{
  ""coordinates"": [
    -83.235951931,
    42.357781364
  ],
  ""type"": ""Point""
}",-83.235951931,42.3577813640001
16610,1029259,I-94,MOROSS,2017-05-04,4,5,2017,17,5,5,1,,1,0,,2,4,1,55,3,2,2,5,0,0,0,0,true,,false,false,true,false,false,,,,,,false,false,false,,,false,false,false,false,false,-82.92973,42.42314,"{
  ""coordinates"": [
    -8.292972352100000e+01,
    4.242313913100000e+01
  ],
  ""type"": ""Point""
}","{
  ""coordinates"": [
    -82.929723521,
    42.423139131
  ],
  ""type"": ""Point""
}",-82.929723521,42.423139131
16611,1022416,CHICAGO,WILDEMERE,2017-05-04,4,5,2017,17,5,3,9,,4,0,,2,4,1,30,2,2,1,5,0,0,0,0,true,,false,false,true,false,false,,,,,,false,false,false,,,false,false,false,false,false,-83.11629,42.37454,"{
  ""coordinates"": [
    -8.311629746800000e+01,
    4.237453988600000e+01
  ],
  ""type"": ""Point""
}","{
  ""coordinates"": [
    -83.116297468,
    42.374539886
  ],
  ""type"": ""Point""
}",-83.116297468,42.374539886
16612,1029458,LIVERNOIS,7 MILE,2017-05-04,4,5,2017,18,5,5,9,,4,0,,2,4,1,25,2,2,2,5,0,0,0,0,true,,false,false,false,false,false,,,,,,false,false,false,,,false,false,false,false,false,-83.14137,42.4316,"{
  ""coordinates"": [
    -8.314137001700000e+01,
    4.243160103200010e+01
  ],
  ""type"": ""Point""
}","{
  ""coordinates"": [
    -83.141370017,
    42.431601032
  ],
  ""type"": ""Point""
}",-83.141370017,42.4316010320001
16613,1024970,S M 10,RAMP 108A,2017-05-04,4,5,2017,9,5,5,3,,1,0,,2,4,1,55,3,2,2,5,0,0,0,0,true,,false,false,true,false,false,,,,,,false,false,false,,,false,false,false,false,false,-83.13021,42.40503,"{
  ""coordinates"": [
    -8.313021323899990e+01,
    4.240502688300010e+01
  ],
  ""type"": ""Point""
}","{
  ""coordinates"": [
    -83.130213239,
    42.405026883
  ],
  ""type"": ""Point""
}",-83.1302132389999,42.4050268830001
16614,1022368,TIREMAN,WESTWOOD,2017-05-04,4,5,2017,20,5,1,9,,4,1,,2,4,3,0,2,1,3,5,0,0,0,0,true,,false,false,false,false,false,,,,,,false,false,true,,,false,false,false,false,false,-83.23051,42.35041,"{
  ""coordinates"": [
    -8.323050876799989e+01,
    4.235041519200010e+01
  ],
  ""type"": ""Point""
}","{
  ""coordinates"": [
    -83.230508768,
    42.350415192
  ],
  ""type"": ""Point""
}",-83.2305087679999,42.3504151920001
16615,1024885,S/B I-75,DAVISON,2017-05-04,4,5,2017,21,5,8,1,,1,0,,2,4,4,70,4,4,5,4,0,0,0,2,false,,false,false,false,false,false,,,,,,false,false,true,,,false,false,false,false,false,-83.0783,42.40755,"{
  ""coordinates"": [
    -8.307830086199991e+01,
    4.240754718600000e+01
  ],
  ""type"": ""Point""
}","{
  ""coordinates"": [
    -83.078300862,
    42.407547186
  ],
  ""type"": ""Point""
}",-83.0783008619999,42.407547186
16616,1022355,WARREN,JUNCTION,2017-05-04,4,5,2017,23,5,97,9,,4,0,,2,4,5,35,2,2,2,4,0,0,0,1,false,,false,false,false,true,false,,,,,,true,false,false,,,false,false,false,false,false,-83.12138,42.34455,"{
  ""coordinates"": [
    -8.312138590500000e+01,
    4.234455458200010e+01
  ],
  ""type"": ""Point""
}","{
  ""coordinates"": [
    -83.121385905,
    42.344554582
  ],
  ""type"": ""Point""
}",-83.121385905,42.3445545820001
16617,1022413,COLLINGWOOD,BELLETERRE,2017-05-04,4,5,2017,15,5,97,9,,,0,,2,4,1,25,2,2,1,5,0,0,0,0,true,,false,false,true,false,false,,,,,,false,false,false,,,false,false,false,false,false,-83.13677,42.3715,"{
  ""coordinates"": [
    -8.313677278700000e+01,
    4.237149959100000e+01
  ],
  ""type"": ""Point""
}","{
  ""coordinates"": [
    -83.136772787,
    42.371499591
  ],
  ""type"": ""Point""
}",-83.136772787,42.371499591
16618,1024275,WOODWARD,HARPER,2017-05-04,4,5,2017,16,5,4,3,,1,0,,2,4,1,25,2,2,2,5,0,0,0,0,true,,false,false,false,false,false,,,,,,false,false,false,,,false,false,false,false,false,-83.06986,42.36504,"{
  ""coordinates"": [
    -8.306985864700000e+01,
    4.236504371700000e+01
  ],
  ""type"": ""Point""
}","{
  ""coordinates"": [
    -83.069858647,
    42.365043717
  ],
  ""type"": ""Point""
}",-83.069858647,42.365043717
16619,1024229,WOODWARD,LARNED,2017-05-04,4,5,2017,11,5,8,9,,4,0,,2,4,1,35,4,2,2,5,0,0,0,0,true,,false,false,false,false,false,,,,,,false,false,false,,,false,false,false,false,false,-83.04533,42.32943,"{
  ""coordinates"": [
    -8.304533465400000e+01,
    4.232942647900010e+01
  ],
  ""type"": ""Point""
}","{
  ""coordinates"": [
    -83.045334654,
    42.329426479
  ],
  ""type"": ""Point""
}",-83.045334654,42.3294264790001
16620,1022393,HOLBROOK,I 75,2017-05-04,4,5,2017,16,5,8,9,,4,0,,2,4,1,25,2,2,2,5,0,0,0,0,true,,false,false,false,false,false,,,,,,false,false,false,,,false,false,false,false,false,-83.06723,42.3871,"{
  ""coordinates"": [
    -8.306723105299990e+01,
    4.238710534700000e+01
  ],
  ""type"": ""Point""
}","{
  ""coordinates"": [
    -83.067231053,
    42.387105347
  ],
  ""type"": ""Point""
}",-83.0672310529999,42.387105347
16621,1029248,E I 96,FULLERTON,2017-05-04,4,5,2017,0,5,1,1,,1,1,,2,2,1,70,4,1,1,5,0,0,0,0,true,,false,false,false,false,false,,,,,,false,false,false,,,false,false,false,false,false,-83.18884,42.38022,"{
  ""coordinates"": [
    -8.318883469600000e+01,
    4.238022337700000e+01
  ],
  ""type"": ""Point""
}","{
  ""coordinates"": [
    -83.188834696,
    42.380223377
  ],
  ""type"": ""Point""
}",-83.188834696,42.380223377
16622,1022442,GRANDRIVER,ARCHDALE,2017-05-04,4,5,2017,16,5,5,3,,1,0,,2,4,1,45,6,2,2,5,0,0,0,0,true,,false,false,false,false,false,,,,,,false,false,false,,,false,false,false,false,false,-83.21586,42.39973,"{
  ""coordinates"": [
    -8.321585768599989e+01,
    4.239972610800000e+01
  ],
  ""type"": ""Point""
}","{
  ""coordinates"": [
    -83.215857686,
    42.399726108
  ],
  ""type"": ""Point""
}",-83.2158576859999,42.399726108
16623,1033967,7 MILE,TELEGRAPH,2017-05-04,4,5,2017,18,5,5,2,,2,0,,2,4,1,35,2,2,2,5,0,0,0,0,true,,false,false,true,false,false,,,,,,false,false,false,,,false,false,false,false,false,-83.27728,42.42895,"{
  ""coordinates"": [
    -8.327728481799990e+01,
    4.242895218800000e+01
  ],
  ""type"": ""Point""
}","{
  ""coordinates"": [
    -83.277284818,
    42.428952188
  ],
  ""type"": ""Point""
}",-83.2772848179999,42.428952188
16624,1033898,I 75,DEARBORN,2017-05-04,4,5,2017,10,5,8,1,,1,0,,2,4,1,55,3,3,4,3,0,0,1,2,false,,false,false,false,false,false,,,,,,false,false,true,,,false,false,false,false,false,-83.12798,42.29276,"{
  ""coordinates"": [
    -8.312797700300000e+01,
    4.229276134100010e+01
  ],
  ""type"": ""Point""
}","{
  ""coordinates"": [
    -83.127977003,
    42.292761341
  ],
  ""type"": ""Point""
}",-83.127977003,42.2927613410001
16625,1024911,FORRER,SCHOOLCRAFT,2017-05-04,4,5,2017,20,5,97,9,,,0,,2,4,2,0,2,2,2,5,0,0,0,0,true,,false,false,true,false,false,,,,,,false,true,false,,,false,false,false,false,false,-83.20131,42.38739,"{
  ""coordinates"": [
    -8.320131045200000e+01,
    4.238738453600010e+01
  ],
  ""type"": ""Point""
}","{
  ""coordinates"": [
    -83.201310452,
    42.387384536
  ],
  ""type"": ""Point""
}",-83.201310452,42.3873845360001
16626,1023363,7 MILE,S I 75,2017-05-04,4,5,2017,0,5,5,9,,4,0,,1,1,4,35,4,2,2,4,0,0,0,1,false,,false,false,true,false,false,,,,,,false,false,false,,,false,false,false,false,false,-83.0949,42.43248,"{
  ""coordinates"": [
    -8.309490016200000e+01,
    4.243248085800010e+01
  ],
  ""type"": ""Point""
}","{
  ""coordinates"": [
    -83.094900162,
    42.432480858
  ],
  ""type"": ""Point""
}",-83.094900162,42.4324808580001
16627,1022380,WOODWARD,EUCLID,2017-05-04,4,5,2017,5,5,8,3,,1,0,,98,98,98,35,6,2,2,5,0,0,0,0,true,,false,false,false,false,false,,,,,,false,false,false,,,false,false,false,false,false,-83.07793,42.37717,"{
  ""coordinates"": [
    -8.307793504400000e+01,
    4.237717551400000e+01
  ],
  ""type"": ""Point""
}","{
  ""coordinates"": [
    -83.077935044,
    42.377175514
  ],
  ""type"": ""Point""
}",-83.077935044,42.377175514
16628,1024235,WAYBURN,LOZIER,2017-05-04,4,5,2017,16,5,2,9,,,2,,2,4,1,25,1,2,1,5,0,0,0,0,true,,false,false,false,false,false,,,,,,false,false,true,,,false,false,false,false,false,-82.94858,42.39032,"{
  ""coordinates"": [
    -8.294857598300000e+01,
    4.239032024900010e+01
  ],
  ""type"": ""Point""
}","{
  ""coordinates"": [
    -82.948575983,
    42.390320249
  ],
  ""type"": ""Point""
}",-82.948575983,42.3903202490001
16629,1022414,NORTHLAWN,LYNDON,2017-05-04,4,5,2017,15,5,3,9,,,0,,2,4,1,15,2,2,2,5,0,0,0,0,true,,false,false,false,false,false,,,,,,false,true,false,,,false,false,false,false,false,-83.15317,42.39532,"{
  ""coordinates"": [
    -8.315316791399989e+01,
    4.239531735100010e+01
  ],
  ""type"": ""Point""
}","{
  ""coordinates"": [
    -83.153167914,
    42.395317351
  ],
  ""type"": ""Point""
}",-83.1531679139999,42.3953173510001
16630,1022407,8MILE,HOOVER,2017-05-04,4,5,2017,14,5,5,3,,1,0,,2,4,1,40,8,2,3,4,0,0,0,1,false,,false,false,false,false,false,,,,,,false,false,false,,,false,false,false,false,false,-83.00875,42.44864,"{
  ""coordinates"": [
    -8.300875072799990e+01,
    4.244864446000000e+01
  ],
  ""type"": ""Point""
}","{
  ""coordinates"": [
    -83.008750728,
    42.44864446
  ],
  ""type"": ""Point""
}",-83.0087507279999,42.44864446
16631,1024887,I-75,7 MILE,2017-05-04,4,5,2017,8,5,8,1,,1,0,,2,4,1,70,4,2,2,3,0,0,1,0,false,,false,false,false,false,false,,,,,,false,false,false,,,false,false,false,false,false,-83.09462,42.43222,"{
  ""coordinates"": [
    -8.309461832200000e+01,
    4.243221617800000e+01
  ],
  ""type"": ""Point""
}","{
  ""coordinates"": [
    -83.094618322,
    42.432216178
  ],
  ""type"": ""Point""
}",-83.094618322,42.432216178
16632,1036018,S M 39,FULLERTON,2017-05-04,4,5,2017,9,5,5,3,,1,0,,2,4,1,55,3,2,2,5,0,0,0,0,true,,false,false,false,false,false,,,,,,false,false,true,,,false,false,false,false,false,-83.21737,42.38113,"{
  ""coordinates"": [
    -8.321737276800000e+01,
    4.238113362100010e+01
  ],
  ""type"": ""Point""
}","{
  ""coordinates"": [
    -83.217372768,
    42.381133621
  ],
  ""type"": ""Point""
}",-83.217372768,42.3811336210001
16633,1024234,W I 96,CANADIAN PACIFIC RAILWAY,2017-05-04,4,5,2017,17,5,5,1,,1,0,,2,4,1,55,2,2,2,5,0,0,0,0,true,,false,false,false,false,false,,,,,,false,false,false,,,false,false,false,false,false,-83.08524,42.32719,"{
  ""coordinates"": [
    -8.308523614599990e+01,
    4.232719283700000e+01
  ],
  ""type"": ""Point""
}","{
  ""coordinates"": [
    -83.085236146,
    42.327192837
  ],
  ""type"": ""Point""
}",-83.0852361459999,42.327192837
16634,1022333,STRATHMOOR,MACKENZIE,2017-05-04,4,5,2017,23,5,4,9,,,0,,2,4,5,25,2,2,4,4,0,0,0,4,false,,false,false,false,false,false,,,,,,false,false,false,,,false,false,false,false,false,-83.18591,42.35601,"{
  ""coordinates"": [
    -8.318590553600001e+01,
    4.235601128400000e+01
  ],
  ""type"": ""Point""
}","{
  ""coordinates"": [
    -83.185905536,
    42.356011284
  ],
  ""type"": ""Point""
}",-83.185905536,42.356011284
16635,1026669,I-94,CADIEUX,2017-05-04,4,5,2017,12,5,1,1,,1,1,,2,4,1,55,3,1,2,4,0,0,0,2,false,,false,false,false,false,false,,,,,,false,false,false,,,false,false,false,false,false,-82.93693,42.41751,"{
  ""coordinates"": [
    -8.293692504900000e+01,
    4.241750537900000e+01
  ],
  ""type"": ""Point""
}","{
  ""coordinates"": [
    -82.936925049,
    42.417505379
  ],
  ""type"": ""Point""
}",-82.936925049,42.417505379
16636,1022353,FORT,ELSMERE,2017-05-04,4,5,2017,13,5,5,3,,1,0,,2,4,1,30,4,3,5,5,0,0,0,0,true,,false,false,false,false,false,,,,,,false,false,true,,,false,false,false,false,false,-83.12776,42.2969,"{
  ""coordinates"": [
    -8.312776400099990e+01,
    4.229689775000000e+01
  ],
  ""type"": ""Point""
}","{
  ""coordinates"": [
    -83.127764001,
    42.29689775
  ],
  ""type"": ""Point""
}",-83.1277640009999,42.29689775
16637,1022273,I 94,CHALMERS,2017-05-04,4,5,2017,8,5,5,1,,1,0,,2,4,1,55,3,2,1,5,0,0,0,0,true,,false,false,true,false,false,,,,,,false,false,false,,,false,false,false,false,false,-82.96463,42.40371,"{
  ""coordinates"": [
    -8.296462945199990e+01,
    4.240371408700000e+01
  ],
  ""type"": ""Point""
}","{
  ""coordinates"": [
    -82.964629452,
    42.403714087
  ],
  ""type"": ""Point""
}",-82.9646294519999,42.403714087
16638,1022438,7MILE,OUTER,2017-05-04,4,5,2017,9,5,5,9,,2,0,,2,4,1,0,2,2,1,5,0,0,0,0,true,,false,false,false,false,false,,,,,,false,false,false,,,false,false,false,false,false,-83.17542,42.43118,"{
  ""coordinates"": [
    -8.317541649400000e+01,
    4.243117798200010e+01
  ],
  ""type"": ""Point""
}","{
  ""coordinates"": [
    -83.175416494,
    42.431177982
  ],
  ""type"": ""Point""
}",-83.175416494,42.4311779820001
16639,1043157,LARNED,WASHINGTON,2017-05-04,4,5,2017,8,5,5,9,,4,0,,2,4,1,35,2,3,3,5,0,0,0,0,true,,false,false,false,false,false,,,,,,false,false,true,,,false,false,false,false,false,-83.04861,42.32798,"{
  ""coordinates"": [
    -8.304861440199990e+01,
    4.232798319600000e+01
  ],
  ""type"": ""Point""
}","{
  ""coordinates"": [
    -83.048614402,
    42.327983196
  ],
  ""type"": ""Point""
}",-83.0486144019999,42.327983196
16640,1024883,I-75,8 MILE,2017-05-04,4,5,2017,8,5,5,1,,1,0,,2,4,2,70,4,2,2,5,0,0,0,0,true,,false,false,false,false,false,,,,,,false,false,true,,,false,false,false,false,false,-83.09491,42.44654,"{
  ""coordinates"": [
    -8.309491005800000e+01,
    4.244653788900010e+01
  ],
  ""type"": ""Point""
}","{
  ""coordinates"": [
    -83.094910058,
    42.446537889
  ],
  ""type"": ""Point""
}",-83.094910058,42.4465378890001
16641,1022429,STANSBURY,SAINT MARTINS,2017-05-04,4,5,2017,17,5,8,9,,,0,,2,4,1,25,2,2,1,5,0,0,0,0,true,,false,false,false,false,false,,,,,,false,false,false,,,false,false,false,false,false,-83.1843,42.43604,"{
  ""coordinates"": [
    -8.318429476800000e+01,
    4.243604024000010e+01
  ],
  ""type"": ""Point""
}","{
  ""coordinates"": [
    -83.184294768,
    42.43604024
  ],
  ""type"": ""Point""
}",-83.184294768,42.4360402400001
16642,1024241,HOLBROOK,WOODWARD,2017-05-04,4,5,2017,16,5,5,3,,4,0,,1,1,1,30,2,2,3,5,0,0,0,0,true,,false,false,false,false,false,,,,,,false,false,false,,,false,false,false,false,false,-83.08043,42.38118,"{
  ""coordinates"": [
    -8.308043092100000e+01,
    4.238117753500010e+01
  ],
  ""type"": ""Point""
}","{
  ""coordinates"": [
    -83.080430921,
    42.381177535
  ],
  ""type"": ""Point""
}",-83.080430921,42.3811775350001
16643,1023309,N I 75,RAMP 035F,2017-05-04,4,5,2017,10,5,8,1,,1,0,,2,4,1,55,2,2,2,4,0,0,0,1,false,,false,false,false,false,false,,,,,,false,false,true,,,false,false,false,false,false,-83.08412,42.3259,"{
  ""coordinates"": [
    -8.308411858999990e+01,
    4.232590388500010e+01
  ],
  ""type"": ""Point""
}","{
  ""coordinates"": [
    -83.08411859,
    42.325903885
  ],
  ""type"": ""Point""
}",-83.0841185899999,42.3259038850001
16644,1029363,CONNER,WARREN,2017-05-04,4,5,2017,7,5,4,9,,4,0,,2,4,1,35,5,2,1,5,0,0,0,0,true,,false,false,true,false,false,,,,,,false,false,false,,,false,false,false,false,false,-82.97585,42.38923,"{
  ""coordinates"": [
    -8.297584899100001e+01,
    4.238923123300000e+01
  ],
  ""type"": ""Point""
}","{
  ""coordinates"": [
    -82.975848991,
    42.389231233
  ],
  ""type"": ""Point""
}",-82.975848991,42.389231233
16645,1026741,WARREN,WOODWARD,2017-05-04,4,5,2017,12,5,10,9,,4,0,,2,4,1,30,4,2,3,5,0,0,0,0,true,,false,false,false,false,false,,,,,,false,false,false,,,false,false,false,false,false,-83.06497,42.35659,"{
  ""coordinates"": [
    -8.306497086300000e+01,
    4.235658974400010e+01
  ],
  ""type"": ""Point""
}","{
  ""coordinates"": [
    -83.064970863,
    42.356589744
  ],
  ""type"": ""Point""
}",-83.064970863,42.3565897440001