ObjectId,Crash ID,Primary Road,Intersecting Road,Crash Date,Day,Month,Year,Hour,Weekday,Crash Type Code,Highway Classification Code,Community Code,Jurisdiction Code,Lane Departure Type Code,Surface Type,Road Condition,Weather Condition,Lighting Condition,Speed Limit,Lanes,Units,Occupants,Most Severe Injury,Fatal Injuries,Suspected Serious Injuries,Suspected Minor Injuries,Possible Injuries,Property Damage Only,Secondary Crash,Traffic Control,Red Light Run,Hit and Run,Alcohol,Drugs,Unbelted Person,Work Zone,Speeding Driver,Distracted Driver,Driveway,Pedestrian,Elderly Driver,Young Driver,Commercial Vehicle,Emergency Vehicles,Train,School Bus,Motorcycle,Bicycle,Deer,Longitude,Latitude,geom,geog,x,y
16704,1024951,JOS CAMPAU,MEADE,2017-05-03,3,5,2017,11,4,8,9,,4,0,,1,2,1,0,2,2,1,5,0,0,0,0,true,,false,false,true,false,false,,,,,,false,true,false,,,false,false,false,false,false,-83.06662,42.40986,"{
  ""coordinates"": [
    -8.306661648300000e+01,
    4.240986435000010e+01
  ],
  ""type"": ""Point""
}","{
  ""coordinates"": [
    -83.066616483,
    42.40986435
  ],
  ""type"": ""Point""
}",-83.066616483,42.4098643500001
16705,1020337,MCNICHOLS,ARCHDALE,2017-05-03,3,5,2017,14,4,9,9,,2,0,,1,2,1,35,4,2,5,5,0,0,0,0,true,,false,false,false,false,false,,,,,,false,true,false,,,false,false,false,false,false,-83.21661,42.41561,"{
  ""coordinates"": [
    -8.321661433400000e+01,
    4.241560694300010e+01
  ],
  ""type"": ""Point""
}","{
  ""coordinates"": [
    -83.216614334,
    42.415606943
  ],
  ""type"": ""Point""
}",-83.216614334,42.4156069430001
16706,1020321,CHICAGO,ROBSON,2017-05-03,3,5,2017,18,4,4,9,,4,0,,1,1,1,35,2,2,4,4,0,0,0,1,false,,false,false,false,false,false,,,,,,false,false,false,,,false,false,false,false,false,-83.19183,42.36549,"{
  ""coordinates"": [
    -8.319183595200001e+01,
    4.236549038600000e+01
  ],
  ""type"": ""Point""
}","{
  ""coordinates"": [
    -83.191835952,
    42.365490386
  ],
  ""type"": ""Point""
}",-83.191835952,42.365490386
16707,1020303,ROBSON,SCHOOLCRAFT,2017-05-03,3,5,2017,8,4,8,9,,,0,,1,1,1,25,2,2,1,5,0,0,0,0,true,,false,false,false,false,false,,,,,,false,false,true,,,false,false,false,false,false,-83.1925,42.38716,"{
  ""coordinates"": [
    -8.319249671100000e+01,
    4.238716174400000e+01
  ],
  ""type"": ""Point""
}","{
  ""coordinates"": [
    -83.192496711,
    42.387161744
  ],
  ""type"": ""Point""
}",-83.192496711,42.387161744
16708,1022434,7 MILE,DERBY,2017-05-03,3,5,2017,11,4,8,9,,4,0,,1,1,1,30,4,2,2,5,0,0,0,0,true,,false,false,false,false,false,,,,,,false,false,false,,,false,false,false,false,false,-83.10374,42.43227,"{
  ""coordinates"": [
    -8.310373741200000e+01,
    4.243226774800010e+01
  ],
  ""type"": ""Point""
}","{
  ""coordinates"": [
    -83.103737412,
    42.432267748
  ],
  ""type"": ""Point""
}",-83.103737412,42.4322677480001
16709,1020348,FENKELL,ARCHDALE,2017-05-03,3,5,2017,9,4,3,9,,2,0,,1,1,1,35,4,2,2,5,0,0,0,0,true,,false,false,false,false,false,,,,,,false,true,false,,,false,false,false,false,false,-83.21645,42.40116,"{
  ""coordinates"": [
    -8.321645562799991e+01,
    4.240115662500010e+01
  ],
  ""type"": ""Point""
}","{
  ""coordinates"": [
    -83.216455628,
    42.401156625
  ],
  ""type"": ""Point""
}",-83.2164556279999,42.4011566250001
16710,1020311,I 96,GRAND,2017-05-03,3,5,2017,10,4,8,1,,4,0,,1,1,1,0,4,2,2,5,0,0,0,0,true,,false,false,true,false,false,,,,,,false,false,false,,,false,false,false,false,false,-83.1106,42.35525,"{
  ""coordinates"": [
    -8.311060196400000e+01,
    4.235525279200000e+01
  ],
  ""type"": ""Point""
}","{
  ""coordinates"": [
    -83.110601964,
    42.355252792
  ],
  ""type"": ""Point""
}",-83.110601964,42.355252792
16711,1020358,OUTER,BLISS,2017-05-03,3,5,2017,19,4,5,9,,2,0,,1,1,3,35,4,2,3,5,0,0,0,0,true,,false,false,false,false,false,,,,,,false,false,false,,,false,false,false,false,false,-83.01516,42.43749,"{
  ""coordinates"": [
    -8.301515880300001e+01,
    4.243748924200000e+01
  ],
  ""type"": ""Point""
}","{
  ""coordinates"": [
    -83.015158803,
    42.437489242
  ],
  ""type"": ""Point""
}",-83.015158803,42.437489242
16712,1022287,I-94,ROSA PARKS,2017-05-03,3,5,2017,16,4,5,1,,1,0,,1,2,1,55,3,4,3,5,0,0,0,0,true,,false,false,false,false,false,,,,,,false,false,false,,,false,false,false,false,false,-83.08518,42.35463,"{
  ""coordinates"": [
    -8.308518144500000e+01,
    4.235462914200010e+01
  ],
  ""type"": ""Point""
}","{
  ""coordinates"": [
    -83.085181445,
    42.354629142
  ],
  ""type"": ""Point""
}",-83.085181445,42.3546291420001
16713,1041420,HARLOW,ST MARTINS,2017-05-03,3,5,2017,23,4,2,9,,,0,,2,4,5,25,2,2,0,5,0,0,0,0,true,,false,false,true,false,false,,,,,,false,false,false,,,false,false,false,false,false,-83.21634,42.43547,"{
  ""coordinates"": [
    -8.321634282600000e+01,
    4.243546988700010e+01
  ],
  ""type"": ""Point""
}","{
  ""coordinates"": [
    -83.216342826,
    42.435469887
  ],
  ""type"": ""Point""
}",-83.216342826,42.4354698870001
16714,1022296,M-10,PURITAN,2017-05-03,3,5,2017,14,4,5,3,,1,0,,1,1,1,55,3,3,7,4,0,0,0,1,false,,false,false,false,false,false,,,,,,false,false,true,,,false,false,false,false,false,-83.16276,42.40724,"{
  ""coordinates"": [
    -8.316275902699989e+01,
    4.240723920700000e+01
  ],
  ""type"": ""Point""
}","{
  ""coordinates"": [
    -83.162759027,
    42.407239207
  ],
  ""type"": ""Point""
}",-83.1627590269999,42.407239207
16715,1020306,JEFFRIES S D,GRAND,2017-05-03,3,5,2017,12,4,4,1,,1,0,,1,1,1,30,4,2,2,5,0,0,0,0,true,,false,false,false,false,false,,,,,,false,false,false,,,false,false,false,false,false,-83.1104,42.35566,"{
  ""coordinates"": [
    -8.311039525800000e+01,
    4.235566310600010e+01
  ],
  ""type"": ""Point""
}","{
  ""coordinates"": [
    -83.110395258,
    42.355663106
  ],
  ""type"": ""Point""
}",-83.110395258,42.3556631060001
16716,1022286,M-39,CHICAGO,2017-05-03,3,5,2017,12,4,8,3,,1,0,,1,1,1,55,3,2,2,4,0,0,0,1,false,,false,false,false,false,false,,,,,,false,false,false,,,false,false,false,false,false,-83.21658,42.36672,"{
  ""coordinates"": [
    -8.321658386400000e+01,
    4.236671931800000e+01
  ],
  ""type"": ""Point""
}","{
  ""coordinates"": [
    -83.216583864,
    42.366719318
  ],
  ""type"": ""Point""
}",-83.216583864,42.366719318
16717,1022412,SCHOOLCRAFT,INDIANA,2017-05-03,3,5,2017,13,4,4,9,,4,0,,1,1,1,0,3,2,1,5,0,0,0,0,true,,true,false,false,false,false,,,,,,false,false,false,,,false,false,false,false,false,-83.15706,42.38855,"{
  ""coordinates"": [
    -8.315706252400000e+01,
    4.238854746100000e+01
  ],
  ""type"": ""Point""
}","{
  ""coordinates"": [
    -83.157062524,
    42.388547461
  ],
  ""type"": ""Point""
}",-83.157062524,42.388547461
16718,1021142,M-39,GRANDRIVER,2017-05-03,3,5,2017,12,4,5,3,,1,0,,1,1,1,55,3,2,3,4,0,0,0,1,false,,false,false,false,false,false,,,,,,false,false,false,,,false,false,false,false,false,-83.21807,42.39351,"{
  ""coordinates"": [
    -8.321806855599991e+01,
    4.239350742100000e+01
  ],
  ""type"": ""Point""
}","{
  ""coordinates"": [
    -83.218068556,
    42.393507421
  ],
  ""type"": ""Point""
}",-83.2180685559999,42.393507421
16719,1020329,SOUTHAMPTON,BEDFORD,2017-05-03,3,5,2017,13,4,4,9,,,0,,1,1,1,25,2,2,6,3,0,0,3,0,false,,true,false,false,false,false,,,,,,false,false,true,,,false,false,false,false,false,-82.94312,42.40532,"{
  ""coordinates"": [
    -8.294311591099989e+01,
    4.240531699100010e+01
  ],
  ""type"": ""Point""
}","{
  ""coordinates"": [
    -82.943115911,
    42.405316991
  ],
  ""type"": ""Point""
}",-82.9431159109999,42.4053169910001
16720,1021194,WYOMING,S M 10,2017-05-03,3,5,2017,10,4,8,9,,4,0,,1,1,1,30,4,2,3,5,0,0,0,0,true,,false,false,true,false,false,,,,,,false,false,false,,,false,false,false,false,false,-83.15981,42.40514,"{
  ""coordinates"": [
    -8.315981063000000e+01,
    4.240514036300000e+01
  ],
  ""type"": ""Point""
}","{
  ""coordinates"": [
    -83.15981063,
    42.405140363
  ],
  ""type"": ""Point""
}",-83.15981063,42.405140363
16721,1020359,DAVISON,RYAN,2017-05-03,3,5,2017,17,4,3,3,,4,0,,1,1,1,35,5,2,2,5,0,0,0,0,true,,false,false,false,false,false,,,,,,false,false,true,,,false,false,false,false,false,-83.06107,42.41568,"{
  ""coordinates"": [
    -8.306106741600000e+01,
    4.241568527000000e+01
  ],
  ""type"": ""Point""
}","{
  ""coordinates"": [
    -83.061067416,
    42.41568527
  ],
  ""type"": ""Point""
}",-83.061067416,42.41568527
16722,1021170,S M 39,FENKELL,2017-05-03,3,5,2017,19,4,98,3,,1,0,,1,1,1,30,4,2,1,5,0,0,0,0,true,,false,false,true,false,false,,,,,,false,false,false,,,false,false,false,false,false,-83.21838,42.40116,"{
  ""coordinates"": [
    -8.321838109700001e+01,
    4.240115588000000e+01
  ],
  ""type"": ""Point""
}","{
  ""coordinates"": [
    -83.218381097,
    42.40115588
  ],
  ""type"": ""Point""
}",-83.218381097,42.40115588
16723,1020305,SAINT ANTOINE,MADISON,2017-05-03,3,5,2017,22,4,5,1,,4,0,,1,1,4,25,2,2,2,5,0,0,0,0,true,,false,false,false,true,false,,,,,,false,false,false,,,false,false,false,false,false,-83.043,42.33867,"{
  ""coordinates"": [
    -8.304299967000000e+01,
    4.233867208300010e+01
  ],
  ""type"": ""Point""
}","{
  ""coordinates"": [
    -83.04299967,
    42.338672083
  ],
  ""type"": ""Point""
}",-83.04299967,42.3386720830001
16724,1020320,CLAYTON,CLIPPERT,2017-05-03,3,5,2017,17,4,9,9,,,2,,1,1,1,25,2,2,5,5,0,0,0,0,true,,false,false,true,false,false,,,,,,false,true,false,,,false,false,false,false,false,-83.12191,42.32766,"{
  ""coordinates"": [
    -8.312191063800000e+01,
    4.232766349100010e+01
  ],
  ""type"": ""Point""
}","{
  ""coordinates"": [
    -83.121910638,
    42.327663491
  ],
  ""type"": ""Point""
}",-83.121910638,42.3276634910001
16725,1022426,8 MILE,I 75 SERVICE,2017-05-03,3,5,2017,8,4,5,3,,1,0,,1,1,1,40,6,3,3,5,0,0,0,0,true,,false,false,false,false,false,,,,,,false,false,false,,,false,false,true,false,false,-83.11487,42.44666,"{
  ""coordinates"": [
    -8.311486705599999e+01,
    4.244666347100010e+01
  ],
  ""type"": ""Point""
}","{
  ""coordinates"": [
    -83.114867056,
    42.446663471
  ],
  ""type"": ""Point""
}",-83.114867056,42.4466634710001
16726,1020360,7 MILE,LINCOLNSHIRE,2017-05-03,3,5,2017,19,4,1,9,,2,0,,1,1,1,25,3,1,1,4,0,0,0,1,false,,false,false,true,false,false,,,,,,false,false,false,,,false,false,false,false,false,-83.11959,42.43193,"{
  ""coordinates"": [
    -8.311959248200000e+01,
    4.243192676600010e+01
  ],
  ""type"": ""Point""
}","{
  ""coordinates"": [
    -83.119592482,
    42.431926766
  ],
  ""type"": ""Point""
}",-83.119592482,42.4319267660001
16727,1020350,GRATIOT,ST PATRICK,2017-05-03,3,5,2017,8,4,4,3,,1,0,,1,1,1,35,8,2,2,5,0,0,0,0,true,,false,false,false,false,false,,,,,,false,false,false,,,false,false,false,false,false,-82.99212,42.41314,"{
  ""coordinates"": [
    -8.299211696099999e+01,
    4.241313596100010e+01
  ],
  ""type"": ""Point""
}","{
  ""coordinates"": [
    -82.992116961,
    42.413135961
  ],
  ""type"": ""Point""
}",-82.992116961,42.4131359610001
16728,1022285,I-75,CLAY,2017-05-03,3,5,2017,15,4,4,1,,1,0,,1,1,1,70,4,2,2,4,0,0,0,2,false,,false,false,false,false,false,,,,,,false,false,true,,,false,false,false,false,false,-83.0637,42.37952,"{
  ""coordinates"": [
    -8.306369571000000e+01,
    4.237952079600010e+01
  ],
  ""type"": ""Point""
}","{
  ""coordinates"": [
    -83.06369571,
    42.379520796
  ],
  ""type"": ""Point""
}",-83.06369571,42.3795207960001
16729,1029258,I-96,OUTER,2017-05-03,3,5,2017,6,4,5,1,,1,0,,1,1,1,70,4,2,2,4,0,0,0,1,false,,false,false,false,false,false,,,,,,false,false,false,,,false,false,false,false,false,-83.25816,42.38546,"{
  ""coordinates"": [
    -8.325815597499999e+01,
    4.238546190900010e+01
  ],
  ""type"": ""Point""
}","{
  ""coordinates"": [
    -83.258155975,
    42.385461909
  ],
  ""type"": ""Point""
}",-83.258155975,42.3854619090001
16730,1095880,ARTESIAN,PAUL,2017-05-03,3,5,2017,8,4,97,9,,,0,,2,4,98,25,1,2,0,5,0,0,0,0,true,,false,false,true,false,false,,,,,,false,false,false,,,false,false,false,false,false,-83.22541,42.33601,"{
  ""coordinates"": [
    -8.322540772399999e+01,
    4.233600913700010e+01
  ],
  ""type"": ""Point""
}","{
  ""coordinates"": [
    -83.225407724,
    42.336009137
  ],
  ""type"": ""Point""
}",-83.225407724,42.3360091370001
16731,1020354,OUTER,YOLANDA,2017-05-03,3,5,2017,19,4,10,9,,2,0,,1,1,1,35,4,2,2,4,0,0,0,1,false,,false,false,false,false,false,,,,,,false,false,false,,,false,false,false,false,false,-83.01555,42.43799,"{
  ""coordinates"": [
    -8.301555207900000e+01,
    4.243798984100000e+01
  ],
  ""type"": ""Point""
}","{
  ""coordinates"": [
    -83.015552079,
    42.437989841
  ],
  ""type"": ""Point""
}",-83.015552079,42.437989841
16732,1021125,S/B I-75,CLAY,2017-05-03,3,5,2017,16,4,8,1,,1,0,,1,1,1,70,4,2,2,5,0,0,0,0,true,,false,false,false,false,false,,,,,,false,false,true,,,false,false,false,false,false,-83.05947,42.37159,"{
  ""coordinates"": [
    -8.305946847199991e+01,
    4.237158641100010e+01
  ],
  ""type"": ""Point""
}","{
  ""coordinates"": [
    -83.059468472,
    42.371586411
  ],
  ""type"": ""Point""
}",-83.0594684719999,42.3715864110001
16733,1020338,EVERGREEN,CATHREDAL,2017-05-03,3,5,2017,17,4,98,9,,4,0,,1,1,1,35,4,2,1,5,0,0,0,0,true,,false,false,true,false,false,,,,,,false,false,false,,,false,false,false,false,false,-83.23599,42.3611,"{
  ""coordinates"": [
    -8.323599154399990e+01,
    4.236109549500000e+01
  ],
  ""type"": ""Point""
}","{
  ""coordinates"": [
    -83.235991544,
    42.361095495
  ],
  ""type"": ""Point""
}",-83.2359915439999,42.361095495
16734,1022314,E I 96,RAMP 037B,2017-05-03,3,5,2017,8,4,5,1,,1,0,,1,1,1,55,2,2,2,5,0,0,0,0,true,,false,false,false,false,false,,,,,,false,false,false,,,false,false,false,false,false,-83.09023,42.33553,"{
  ""coordinates"": [
    -8.309022826800000e+01,
    4.233552360600000e+01
  ],
  ""type"": ""Point""
}","{
  ""coordinates"": [
    -83.090228268,
    42.335523606
  ],
  ""type"": ""Point""
}",-83.090228268,42.335523606
16735,1021177,GREYDALE,OUTER,2017-05-03,3,5,2017,9,4,4,9,,,0,,1,1,1,0,1,2,2,5,0,0,0,0,true,,false,false,true,false,false,,,,,,false,false,true,,,false,false,false,false,false,-83.25549,42.39748,"{
  ""coordinates"": [
    -8.325548817600000e+01,
    4.239747807600000e+01
  ],
  ""type"": ""Point""
}","{
  ""coordinates"": [
    -83.255488176,
    42.397478076
  ],
  ""type"": ""Point""
}",-83.255488176,42.397478076
16736,1021144,W I 94,N M 10,2017-05-03,3,5,2017,21,4,8,1,,1,0,,1,1,3,55,3,2,2,5,0,0,0,0,true,,false,false,false,false,false,,,,,,false,false,false,,,false,false,false,false,false,-83.07648,42.35938,"{
  ""coordinates"": [
    -8.307647726600000e+01,
    4.235937636600000e+01
  ],
  ""type"": ""Point""
}","{
  ""coordinates"": [
    -83.076477266,
    42.359376366
  ],
  ""type"": ""Point""
}",-83.076477266,42.359376366
16737,1022316,M-39,FITZPATRICK,2017-05-03,3,5,2017,12,4,5,3,,1,0,,1,1,1,55,3,3,3,5,0,0,0,0,true,,false,false,false,false,false,,,,,,false,false,true,,,false,false,false,false,false,-83.21635,42.36274,"{
  ""coordinates"": [
    -8.321634664100000e+01,
    4.236273684500000e+01
  ],
  ""type"": ""Point""
}","{
  ""coordinates"": [
    -83.216346641,
    42.362736845
  ],
  ""type"": ""Point""
}",-83.216346641,42.362736845
16738,1020330,E I 94,N HARPER/S I 94,2017-05-03,3,5,2017,15,4,8,1,,1,0,,1,1,1,30,3,2,3,5,0,0,0,0,true,,false,false,false,false,false,,,,,,false,true,true,,,false,false,false,false,false,-82.92892,42.42415,"{
  ""coordinates"": [
    -8.292892831400000e+01,
    4.242415264900010e+01
  ],
  ""type"": ""Point""
}","{
  ""coordinates"": [
    -82.928928314,
    42.424152649
  ],
  ""type"": ""Point""
}",-82.928928314,42.4241526490001
16739,1020362,8 MILE,LIVERNOIS,2017-05-03,3,5,2017,17,4,8,3,,1,0,,1,1,1,35,6,2,1,5,0,0,0,0,true,,false,false,true,false,false,,,,,,false,false,false,,,false,false,false,false,false,-83.1423,42.44608,"{
  ""coordinates"": [
    -8.314229319099999e+01,
    4.244608425400000e+01
  ],
  ""type"": ""Point""
}","{
  ""coordinates"": [
    -83.142293191,
    42.446084254
  ],
  ""type"": ""Point""
}",-83.142293191,42.446084254
16740,1020349,W I 94,MOUNT ELLIOTT,2017-05-03,3,5,2017,15,4,5,1,,1,0,,1,1,1,55,4,2,2,5,0,0,0,0,true,,false,false,false,false,false,,,,,,false,true,false,,,false,false,false,false,false,-83.03405,42.37917,"{
  ""coordinates"": [
    -8.303404757700000e+01,
    4.237917458300010e+01
  ],
  ""type"": ""Point""
}","{
  ""coordinates"": [
    -83.034047577,
    42.379174583
  ],
  ""type"": ""Point""
}",-83.034047577,42.3791745830001
16741,1020302,JOY,HUBBELL,2017-05-03,3,5,2017,7,4,4,9,,4,0,,1,1,1,35,4,2,5,4,0,0,0,1,false,,true,true,false,false,false,,,,,,false,false,false,,,false,false,false,false,false,-83.18727,42.35835,"{
  ""coordinates"": [
    -8.318727476500000e+01,
    4.235835317800010e+01
  ],
  ""type"": ""Point""
}","{
  ""coordinates"": [
    -83.187274765,
    42.358353178
  ],
  ""type"": ""Point""
}",-83.187274765,42.3583531780001
16742,1020361,MCNICHOLS,JOHN R,2017-05-03,3,5,2017,17,4,8,9,,4,0,,1,1,1,30,4,2,1,5,0,0,0,0,true,,false,false,false,false,false,,,,,,false,false,false,,,false,false,false,false,false,-83.10126,42.41785,"{
  ""coordinates"": [
    -8.310126109799999e+01,
    4.241784924300000e+01
  ],
  ""type"": ""Point""
}","{
  ""coordinates"": [
    -83.101261098,
    42.417849243
  ],
  ""type"": ""Point""
}",-83.101261098,42.417849243
16743,1019470,I 94,BRUSH,2017-05-03,3,5,2017,0,4,8,1,,1,0,,2,2,4,55,3,2,2,3,0,0,1,0,false,,false,false,false,false,false,,,,,,false,true,false,,,false,false,false,false,false,-83.06502,42.3656,"{
  ""coordinates"": [
    -8.306501627100000e+01,
    4.236559633400000e+01
  ],
  ""type"": ""Point""
}","{
  ""coordinates"": [
    -83.065016271,
    42.365596334
  ],
  ""type"": ""Point""
}",-83.065016271,42.365596334
16744,1022315,I-96,M-8,2017-05-03,3,5,2017,11,4,1,3,,1,1,,1,1,1,55,3,1,2,3,0,0,1,1,false,,false,false,false,false,false,,,,,,false,false,true,,,false,false,false,false,false,-83.15504,42.38486,"{
  ""coordinates"": [
    -8.315503720000000e+01,
    4.238485862400010e+01
  ],
  ""type"": ""Point""
}","{
  ""coordinates"": [
    -83.1550372,
    42.384858624
  ],
  ""type"": ""Point""
}",-83.1550372,42.3848586240001
16745,1036057,GRAND RIVER,WINSTON,2017-05-03,3,5,2017,17,4,8,3,,1,0,,1,1,1,35,4,2,2,5,0,0,0,0,true,,false,false,false,false,false,,,,,,false,false,true,,,false,false,false,false,false,-83.28426,42.42737,"{
  ""coordinates"": [
    -8.328426074399989e+01,
    4.242736896200010e+01
  ],
  ""type"": ""Point""
}","{
  ""coordinates"": [
    -83.284260744,
    42.427368962
  ],
  ""type"": ""Point""
}",-83.2842607439999,42.4273689620001
16746,1148437,FORT,1ST,2017-05-03,3,5,2017,17,4,8,3,,1,0,,1,1,1,35,4,2,2,5,0,0,0,0,true,,false,false,false,false,false,,,,,,false,false,false,,,false,false,false,false,false,-83.05209,42.32869,"{
  ""coordinates"": [
    -8.305209174299991e+01,
    4.232869462500000e+01
  ],
  ""type"": ""Point""
}","{
  ""coordinates"": [
    -83.052091743,
    42.328694625
  ],
  ""type"": ""Point""
}",-83.0520917429999,42.328694625
16747,1021162,LIVERNOIS,TOLEDO,2017-05-03,3,5,2017,12,4,97,9,,4,0,,1,1,1,35,7,1,1,5,0,0,0,0,true,,false,false,false,false,false,,,,,,false,true,false,,,false,false,false,false,false,-83.11094,42.31821,"{
  ""coordinates"": [
    -8.311094016399990e+01,
    4.231820568500010e+01
  ],
  ""type"": ""Point""
}","{
  ""coordinates"": [
    -83.110940164,
    42.318205685
  ],
  ""type"": ""Point""
}",-83.1109401639999,42.3182056850001
16748,1029247,I-75,MACK,2017-05-03,3,5,2017,12,4,5,1,,1,0,,1,1,1,0,4,2,1,5,0,0,0,0,true,,false,false,false,false,false,,,,,,false,false,false,,,false,false,false,false,false,-83.0499,42.35385,"{
  ""coordinates"": [
    -8.304990293000000e+01,
    4.235384927200000e+01
  ],
  ""type"": ""Point""
}","{
  ""coordinates"": [
    -83.04990293,
    42.353849272
  ],
  ""type"": ""Point""
}",-83.04990293,42.353849272
16749,1021150,I 94,I 75,2017-05-03,3,5,2017,15,4,8,1,,1,0,,1,1,1,55,3,2,2,4,0,0,0,1,false,,false,false,false,false,false,,,,,,false,true,false,,,false,false,false,false,false,-83.0585,42.3684,"{
  ""coordinates"": [
    -8.305850171799990e+01,
    4.236839887200010e+01
  ],
  ""type"": ""Point""
}","{
  ""coordinates"": [
    -83.058501718,
    42.368398872
  ],
  ""type"": ""Point""
}",-83.0585017179999,42.3683988720001
16750,1020314,CHICAGO,2ND,2017-05-03,3,5,2017,18,4,5,9,,4,0,,1,1,1,25,2,2,3,4,0,0,0,1,false,,false,false,false,false,false,,,,,,false,false,false,,,false,false,false,false,false,-83.08743,42.38509,"{
  ""coordinates"": [
    -8.308743603600000e+01,
    4.238508829700000e+01
  ],
  ""type"": ""Point""
}","{
  ""coordinates"": [
    -83.087436036,
    42.385088297
  ],
  ""type"": ""Point""
}",-83.087436036,42.385088297
16751,1020304,TRUMBULL,FOREST,2017-05-03,3,5,2017,6,4,97,9,,4,0,,1,1,2,25,4,2,1,4,0,0,0,1,false,,false,false,false,false,false,,,,,,true,false,false,,,false,false,false,false,false,-83.07748,42.34994,"{
  ""coordinates"": [
    -8.307747887600000e+01,
    4.234993644300000e+01
  ],
  ""type"": ""Point""
}","{
  ""coordinates"": [
    -83.077478876,
    42.349936443
  ],
  ""type"": ""Point""
}",-83.077478876,42.349936443
16752,1021181,FARGO,BURT,2017-05-03,3,5,2017,10,4,4,9,,,0,,1,1,1,25,2,2,2,3,0,0,2,0,false,,true,false,false,false,false,,,,,,false,false,true,,,false,false,false,false,false,-83.24895,42.43825,"{
  ""coordinates"": [
    -8.324894472200000e+01,
    4.243825140600010e+01
  ],
  ""type"": ""Point""
}","{
  ""coordinates"": [
    -83.248944722,
    42.438251406
  ],
  ""type"": ""Point""
}",-83.248944722,42.4382514060001
16753,1020336,WYOMING,CHICAGO,2017-05-03,3,5,2017,14,4,5,9,,4,0,,1,1,1,30,4,2,1,5,0,0,0,0,true,,false,false,false,false,false,,,,,,false,false,true,,,false,false,false,false,false,-83.15821,42.36627,"{
  ""coordinates"": [
    -8.315820775100001e+01,
    4.236627334700010e+01
  ],
  ""type"": ""Point""
}","{
  ""coordinates"": [
    -83.158207751,
    42.366273347
  ],
  ""type"": ""Point""
}",-83.158207751,42.3662733470001
16754,1022284,M-10,GLENDALE,2017-05-03,3,5,2017,2,4,8,3,,1,3,,1,2,4,55,3,2,1,5,0,0,0,0,true,,false,false,false,false,false,,,,,,false,false,false,,,false,false,false,false,false,-83.10685,42.3941,"{
  ""coordinates"": [
    -8.310684960799991e+01,
    4.239410567400010e+01
  ],
  ""type"": ""Point""
}","{
  ""coordinates"": [
    -83.106849608,
    42.394105674
  ],
  ""type"": ""Point""
}",-83.1068496079999,42.3941056740001
16755,1025774,GREENFIELD,HEMLOCK,2017-05-03,3,5,2017,17,4,5,9,,2,0,,1,1,1,35,5,3,4,4,0,0,0,1,false,,false,false,false,false,false,,,,,,false,false,true,,,false,false,false,false,false,-83.19905,42.4096,"{
  ""coordinates"": [
    -8.319904868099999e+01,
    4.240960058300000e+01
  ],
  ""type"": ""Point""
}","{
  ""coordinates"": [
    -83.199048681,
    42.409600583
  ],
  ""type"": ""Point""
}",-83.199048681,42.409600583
16756,1022394,BURT,FLORENCE,2017-05-03,3,5,2017,13,4,97,9,,4,1,,1,1,1,35,2,2,1,4,0,0,0,1,false,,false,false,true,false,false,,,,,,true,false,false,,,false,false,false,false,false,-83.24751,42.40928,"{
  ""coordinates"": [
    -8.324750228399991e+01,
    4.240927395300000e+01
  ],
  ""type"": ""Point""
}","{
  ""coordinates"": [
    -83.247502284,
    42.409273953
  ],
  ""type"": ""Point""
}",-83.2475022839999,42.409273953
16757,1020327,ALGONQUIN,FOREST,2017-05-03,3,5,2017,7,4,4,9,,,0,,1,1,1,20,2,2,9,4,0,0,0,2,false,,false,false,false,false,false,,,,,,false,true,false,,,false,false,false,false,false,-82.96919,42.38978,"{
  ""coordinates"": [
    -8.296919389999989e+01,
    4.238977694300010e+01
  ],
  ""type"": ""Point""
}","{
  ""coordinates"": [
    -82.9691939,
    42.389776943
  ],
  ""type"": ""Point""
}",-82.9691938999999,42.3897769430001
16758,1046571,LAFAYETTE,RADEMACHER,2017-05-03,3,5,2017,6,4,97,9,,4,0,,1,1,1,25,2,1,0,5,0,0,0,0,true,,false,false,true,false,false,,,,,,false,false,false,,,false,false,false,false,false,-83.10857,42.30714,"{
  ""coordinates"": [
    -8.310857172199999e+01,
    4.230713851800000e+01
  ],
  ""type"": ""Point""
}","{
  ""coordinates"": [
    -83.108571722,
    42.307138518
  ],
  ""type"": ""Point""
}",-83.108571722,42.307138518
16759,1024120,I-75,WATERMAN,2017-05-03,3,5,2017,15,4,5,1,,1,0,,1,1,1,60,1,2,2,4,0,0,0,1,false,,false,false,false,false,false,,,,,,false,false,false,,,false,false,false,false,false,-83.11776,42.3022,"{
  ""coordinates"": [
    -8.311775773399999e+01,
    4.230219781200000e+01
  ],
  ""type"": ""Point""
}","{
  ""coordinates"": [
    -83.117757734,
    42.302197812
  ],
  ""type"": ""Point""
}",-83.117757734,42.302197812
16760,1054995,WOODWARD,CAMPUS MARTIUS,2017-05-03,3,5,2017,8,4,8,9,,4,0,,1,1,1,15,2,2,1,5,0,0,0,0,true,,false,false,false,false,false,,,,,,false,false,false,,,false,false,false,false,false,-83.04713,42.33203,"{
  ""coordinates"": [
    -8.304713677599990e+01,
    4.233202671700010e+01
  ],
  ""type"": ""Point""
}","{
  ""coordinates"": [
    -83.047136776,
    42.332026717
  ],
  ""type"": ""Point""
}",-83.0471367759999,42.3320267170001