ObjectId,Crash ID,Primary Road,Intersecting Road,Crash Date,Day,Month,Year,Hour,Weekday,Crash Type Code,Highway Classification Code,Community Code,Jurisdiction Code,Lane Departure Type Code,Surface Type,Road Condition,Weather Condition,Lighting Condition,Speed Limit,Lanes,Units,Occupants,Most Severe Injury,Fatal Injuries,Suspected Serious Injuries,Suspected Minor Injuries,Possible Injuries,Property Damage Only,Secondary Crash,Traffic Control,Red Light Run,Hit and Run,Alcohol,Drugs,Unbelted Person,Work Zone,Speeding Driver,Distracted Driver,Driveway,Pedestrian,Elderly Driver,Young Driver,Commercial Vehicle,Emergency Vehicles,Train,School Bus,Motorcycle,Bicycle,Deer,Longitude,Latitude,geom,geog,x,y
16761,1020357,CONANT,OUTER,2017-05-03,3,5,2017,16,4,4,9,,4,0,,1,1,1,30,6,2,1,5,0,0,0,0,true,,true,true,true,false,false,,,,,,false,false,false,,,false,false,false,false,false,-83.0788,42.44007,"{
  ""coordinates"": [
    -8.307880779000000e+01,
    4.244007373000010e+01
  ],
  ""type"": ""Point""
}","{
  ""coordinates"": [
    -83.07880779,
    42.44007373
  ],
  ""type"": ""Point""
}",-83.07880779,42.4400737300001
16762,1022269,S I 75,MACK,2017-05-03,3,5,2017,14,4,8,1,,1,0,,1,2,1,70,4,2,2,5,0,0,0,0,true,,false,false,true,false,false,,,,,,false,false,true,,,false,false,false,false,false,-83.04819,42.35124,"{
  ""coordinates"": [
    -8.304818715099999e+01,
    4.235124146800010e+01
  ],
  ""type"": ""Point""
}","{
  ""coordinates"": [
    -83.048187151,
    42.351241468
  ],
  ""type"": ""Point""
}",-83.048187151,42.3512414680001
16763,1024884,RAMP 039A,S I 75 SERVICE DRIVE,2017-05-03,3,5,2017,18,4,5,1,,1,0,,1,1,1,55,1,3,5,4,0,0,0,1,false,,false,false,true,false,false,,,,,,false,false,false,,,false,false,false,false,false,-83.05772,42.33768,"{
  ""coordinates"": [
    -8.305771829500000e+01,
    4.233768631400010e+01
  ],
  ""type"": ""Point""
}","{
  ""coordinates"": [
    -83.057718295,
    42.337686314
  ],
  ""type"": ""Point""
}",-83.057718295,42.3376863140001
16764,1127232,LIVERNOIS,MARGARETA,2017-05-03,3,5,2017,15,4,5,9,,4,0,,98,98,98,30,2,2,1,5,0,0,0,0,true,,false,false,true,false,false,,,,,,false,false,false,,,false,false,false,false,false,-83.14142,42.42782,"{
  ""coordinates"": [
    -8.314142224600000e+01,
    4.242781997700010e+01
  ],
  ""type"": ""Point""
}","{
  ""coordinates"": [
    -83.141422246,
    42.427819977
  ],
  ""type"": ""Point""
}",-83.141422246,42.4278199770001
16765,1021143,S I 75,W I 96,2017-05-03,3,5,2017,16,4,5,1,,1,0,,1,1,1,55,4,2,2,4,0,0,0,1,false,,false,false,false,false,false,,,,,,false,false,false,,,false,false,false,false,false,-83.0864,42.33044,"{
  ""coordinates"": [
    -8.308640071100000e+01,
    4.233044420100000e+01
  ],
  ""type"": ""Point""
}","{
  ""coordinates"": [
    -83.086400711,
    42.330444201
  ],
  ""type"": ""Point""
}",-83.086400711,42.330444201
16766,1022361,FORT,MILLER,2017-05-02,2,5,2017,11,3,5,3,,1,0,,1,2,1,0,2,2,2,5,0,0,0,0,true,,false,false,true,false,false,,,,,,false,false,false,,,false,false,false,false,false,-83.14115,42.2918,"{
  ""coordinates"": [
    -8.314114942099999e+01,
    4.229180071200010e+01
  ],
  ""type"": ""Point""
}","{
  ""coordinates"": [
    -83.141149421,
    42.291800712
  ],
  ""type"": ""Point""
}",-83.141149421,42.2918007120001
16767,1022360,DRAGOON,S I 75,2017-05-02,2,5,2017,7,3,4,9,,4,0,,1,2,1,25,4,2,3,5,0,0,0,0,true,,false,false,false,false,false,,,,,,false,false,false,,,false,false,false,false,false,-83.10313,42.30838,"{
  ""coordinates"": [
    -8.310313783799999e+01,
    4.230837828100000e+01
  ],
  ""type"": ""Point""
}","{
  ""coordinates"": [
    -83.103137838,
    42.308378281
  ],
  ""type"": ""Point""
}",-83.103137838,42.308378281
16768,1033282,INDUSTRIAL,RIVERSIDE,2017-05-02,2,5,2017,14,3,1,9,,4,1,,1,2,1,30,1,1,0,5,0,0,0,0,true,,false,false,false,false,false,,,,,,false,false,false,,,false,false,false,false,false,-83.1414,42.29398,"{
  ""coordinates"": [
    -8.314139255399991e+01,
    4.229397982400010e+01
  ],
  ""type"": ""Point""
}","{
  ""coordinates"": [
    -83.141392554,
    42.293979824
  ],
  ""type"": ""Point""
}",-83.1413925539999,42.2939798240001
16769,1140276,GROESBECK,8 MILE,2017-05-02,2,5,2017,6,3,4,3,,1,0,,2,4,2,35,8,2,3,5,0,0,0,0,true,,true,true,false,false,false,,,,,,false,false,false,,,false,false,false,false,false,-83.00278,42.4488,"{
  ""coordinates"": [
    -8.300277989300000e+01,
    4.244879444400000e+01
  ],
  ""type"": ""Point""
}","{
  ""coordinates"": [
    -83.002779893,
    42.448794444
  ],
  ""type"": ""Point""
}",-83.002779893,42.448794444
16770,1021137,N/B I-75,7 MILE,2017-05-02,2,5,2017,17,3,5,1,,1,0,,1,2,1,70,4,2,2,5,0,0,0,0,true,,false,false,false,false,false,,,,,,false,false,false,,,false,false,false,false,false,-83.09472,42.43387,"{
  ""coordinates"": [
    -8.309472067599999e+01,
    4.243386748200000e+01
  ],
  ""type"": ""Point""
}","{
  ""coordinates"": [
    -83.094720676,
    42.433867482
  ],
  ""type"": ""Point""
}",-83.094720676,42.433867482
16771,1020347,GRAND,CHRYSLER,2017-05-02,2,5,2017,14,3,1,9,,4,1,,1,1,1,30,3,1,1,4,0,0,0,1,false,,false,false,false,false,false,,,,,,false,false,false,,,false,false,false,false,false,-83.05936,42.37532,"{
  ""coordinates"": [
    -8.305936509299990e+01,
    4.237531945800000e+01
  ],
  ""type"": ""Point""
}","{
  ""coordinates"": [
    -83.059365093,
    42.375319458
  ],
  ""type"": ""Point""
}",-83.0593650929999,42.375319458
16772,1020328,OUTER,ANNSBURY,2017-05-02,2,5,2017,20,3,97,9,,2,0,,1,2,3,30,2,3,3,5,0,0,0,0,true,,false,false,false,false,false,,,,,,false,false,false,,,false,false,false,false,false,-82.98474,42.41029,"{
  ""coordinates"": [
    -8.298474393700000e+01,
    4.241028963300000e+01
  ],
  ""type"": ""Point""
}","{
  ""coordinates"": [
    -82.984743937,
    42.410289633
  ],
  ""type"": ""Point""
}",-82.984743937,42.410289633
16773,1022309,I-94,THIRD,2017-05-02,2,5,2017,14,3,5,1,,1,0,,1,2,1,55,3,2,2,4,0,0,0,1,false,,false,false,false,false,false,,,,,,false,false,true,,,false,false,false,false,false,-83.07471,42.3599,"{
  ""coordinates"": [
    -8.307470433000000e+01,
    4.235990065700000e+01
  ],
  ""type"": ""Point""
}","{
  ""coordinates"": [
    -83.07470433,
    42.359900657
  ],
  ""type"": ""Point""
}",-83.07470433,42.359900657
16774,1020308,N I 75,RAMP 122B,2017-05-02,2,5,2017,15,3,8,1,,1,0,,1,1,1,0,4,2,2,5,0,0,0,0,true,,false,false,false,false,false,,,,,,false,false,false,,,false,false,false,false,false,-83.06505,42.3351,"{
  ""coordinates"": [
    -8.306504611299989e+01,
    4.233510240600000e+01
  ],
  ""type"": ""Point""
}","{
  ""coordinates"": [
    -83.065046113,
    42.335102406
  ],
  ""type"": ""Point""
}",-83.0650461129999,42.335102406
16775,1019474,RAMP 219D,I-94,2017-05-02,2,5,2017,23,3,1,1,,1,1,,2,2,4,55,3,1,1,5,0,0,0,0,true,,false,false,false,false,false,,,,,,false,false,true,,,false,false,false,false,false,-83.00819,42.39106,"{
  ""coordinates"": [
    -8.300818530700001e+01,
    4.239105934000000e+01
  ],
  ""type"": ""Point""
}","{
  ""coordinates"": [
    -83.008185307,
    42.39105934
  ],
  ""type"": ""Point""
}",-83.008185307,42.39105934
16776,1019527,8 MILE,TELEGRAPH,2017-05-02,2,5,2017,7,3,5,3,,1,0,,2,4,2,0,5,2,2,5,0,0,0,0,true,,false,false,false,false,false,,,,,,false,false,false,,,false,false,false,false,false,-83.27837,42.44275,"{
  ""coordinates"": [
    -8.327837323900000e+01,
    4.244274492700000e+01
  ],
  ""type"": ""Point""
}","{
  ""coordinates"": [
    -83.278373239,
    42.442744927
  ],
  ""type"": ""Point""
}",-83.278373239,42.442744927
16777,1020356,W I 96 SERVICE DRIVE,SCHAEFER,2017-05-02,2,5,2017,8,3,4,1,,1,0,,2,2,1,25,3,2,2,1,1,0,0,0,false,,false,false,false,false,false,,,,,,false,false,false,,,false,false,false,false,false,-83.17838,42.38382,"{
  ""coordinates"": [
    -8.317837887699990e+01,
    4.238381651500000e+01
  ],
  ""type"": ""Point""
}","{
  ""coordinates"": [
    -83.178378877,
    42.383816515
  ],
  ""type"": ""Point""
}",-83.1783788769999,42.383816515
16778,1019485,2669 GRATIOT,CHENE,2017-05-02,2,5,2017,9,3,8,3,,1,0,,2,2,1,35,8,2,2,5,0,0,0,0,true,,false,false,false,false,false,,,,,,false,false,false,,,false,false,false,false,false,-83.03192,42.35268,"{
  ""coordinates"": [
    -8.303192300900000e+01,
    4.235267685200010e+01
  ],
  ""type"": ""Point""
}","{
  ""coordinates"": [
    -83.031923009,
    42.352676852
  ],
  ""type"": ""Point""
}",-83.031923009,42.3526768520001
16779,1024274,PETERBORO,CASS,2017-05-02,2,5,2017,14,3,5,9,,,0,,1,2,1,25,2,3,1,5,0,0,0,0,true,,false,false,true,false,false,,,,,,false,false,false,,,false,false,false,false,false,-83.06009,42.3443,"{
  ""coordinates"": [
    -8.306008942999991e+01,
    4.234430180300010e+01
  ],
  ""type"": ""Point""
}","{
  ""coordinates"": [
    -83.06008943,
    42.344301803
  ],
  ""type"": ""Point""
}",-83.0600894299999,42.3443018030001
16780,1044279,MARLOWE,PLYMOUTH,2017-05-02,2,5,2017,9,3,1,9,,,0,,2,1,1,25,4,1,0,5,0,0,0,0,true,,false,false,true,false,false,,,,,,false,false,false,,,false,false,false,false,false,-83.18884,42.37287,"{
  ""coordinates"": [
    -8.318884269199999e+01,
    4.237287039100000e+01
  ],
  ""type"": ""Point""
}","{
  ""coordinates"": [
    -83.188842692,
    42.372870391
  ],
  ""type"": ""Point""
}",-83.188842692,42.372870391
16781,1020331,MACK,CHALMERS,2017-05-02,2,5,2017,8,3,5,9,,4,0,,1,2,1,30,5,2,2,5,0,0,0,0,true,,false,false,false,false,false,,,,,,false,true,true,,,false,false,false,false,false,-82.95277,42.38651,"{
  ""coordinates"": [
    -8.295277727599991e+01,
    4.238651212200010e+01
  ],
  ""type"": ""Point""
}","{
  ""coordinates"": [
    -82.952777276,
    42.386512122
  ],
  ""type"": ""Point""
}",-82.9527772759999,42.3865121220001
16782,1019502,DAVISON,OAKMAN,2017-05-02,2,5,2017,14,3,5,3,,1,0,,1,1,1,35,3,2,2,4,0,0,0,1,false,,false,false,false,false,false,,,,,,false,false,false,,,false,false,false,false,false,-83.144,42.3863,"{
  ""coordinates"": [
    -8.314400659300000e+01,
    4.238630191000000e+01
  ],
  ""type"": ""Point""
}","{
  ""coordinates"": [
    -83.144006593,
    42.38630191
  ],
  ""type"": ""Point""
}",-83.144006593,42.38630191
16783,1020363,VAN DYKE,GRATIOT,2017-05-02,2,5,2017,21,3,98,3,,1,0,,1,2,4,30,4,2,0,2,0,1,0,0,false,,false,false,true,false,false,,,,,,true,false,false,,,false,false,false,false,false,-83.01477,42.37894,"{
  ""coordinates"": [
    -8.301476722400000e+01,
    4.237894296300000e+01
  ],
  ""type"": ""Point""
}","{
  ""coordinates"": [
    -83.014767224,
    42.378942963
  ],
  ""type"": ""Point""
}",-83.014767224,42.378942963
16784,1019482,SAVAGE,VANDYKE,2017-05-02,2,5,2017,9,3,4,3,,,0,,2,2,1,35,4,2,2,4,0,0,0,1,false,,false,false,false,false,false,,,,,,false,false,true,,,false,false,false,false,false,-83.0248,42.4461,"{
  ""coordinates"": [
    -8.302479191299990e+01,
    4.244610249000000e+01
  ],
  ""type"": ""Point""
}","{
  ""coordinates"": [
    -83.024791913,
    42.44610249
  ],
  ""type"": ""Point""
}",-83.0247919129999,42.44610249
16785,1022312,W I 96,MARTIN LUTHER KING JR,2017-05-02,2,5,2017,16,3,8,1,,1,0,,1,2,1,55,4,2,2,5,0,0,0,0,true,,false,false,false,false,false,,,,,,false,false,false,,,false,false,false,false,false,-83.09072,42.33655,"{
  ""coordinates"": [
    -8.309071937800000e+01,
    4.233655278000000e+01
  ],
  ""type"": ""Point""
}","{
  ""coordinates"": [
    -83.090719378,
    42.33655278
  ],
  ""type"": ""Point""
}",-83.090719378,42.33655278
16786,1020341,BURT,KENDALL,2017-05-02,2,5,2017,17,3,5,9,,4,0,,1,2,1,30,4,2,5,5,0,0,0,0,true,,false,false,true,false,false,,,,,,false,false,false,,,false,false,false,false,false,-83.24668,42.38847,"{
  ""coordinates"": [
    -8.324668395099999e+01,
    4.238847093200010e+01
  ],
  ""type"": ""Point""
}","{
  ""coordinates"": [
    -83.246683951,
    42.388470932
  ],
  ""type"": ""Point""
}",-83.246683951,42.3884709320001
16787,1020343,GRAND RIVER,TELEGRAPH,2017-05-02,2,5,2017,18,3,5,3,,1,0,,1,2,1,35,2,3,3,5,0,0,0,0,true,,false,false,false,false,false,,,,,,false,false,false,,,false,false,false,false,false,-83.27761,42.42432,"{
  ""coordinates"": [
    -8.327761330200001e+01,
    4.242431720000010e+01
  ],
  ""type"": ""Point""
}","{
  ""coordinates"": [
    -83.277613302,
    42.4243172
  ],
  ""type"": ""Point""
}",-83.277613302,42.4243172000001
16788,1019487,WYOMING,FENKELL,2017-05-02,2,5,2017,16,3,5,9,,4,0,,1,1,1,30,4,2,2,4,0,0,0,2,false,,false,false,false,false,false,,,,,,false,false,false,,,false,false,false,false,false,-83.1597,42.4028,"{
  ""coordinates"": [
    -8.315970190099991e+01,
    4.240279674500000e+01
  ],
  ""type"": ""Point""
}","{
  ""coordinates"": [
    -83.159701901,
    42.402796745
  ],
  ""type"": ""Point""
}",-83.1597019009999,42.402796745
16789,1019525,LIVERNOIS,CHESTERFIELD,2017-05-02,2,5,2017,19,3,5,9,,4,3,,1,2,1,35,4,4,1,5,0,0,0,0,true,,false,false,false,false,false,,,,,,false,false,false,,,false,false,false,false,false,-83.1415,42.43523,"{
  ""coordinates"": [
    -8.314150580099989e+01,
    4.243522566300000e+01
  ],
  ""type"": ""Point""
}","{
  ""coordinates"": [
    -83.141505801,
    42.435225663
  ],
  ""type"": ""Point""
}",-83.1415058009999,42.435225663
16790,1019512,7MILE,VAN DYKE,2017-05-02,2,5,2017,16,3,4,3,,4,0,,1,1,1,35,2,2,4,5,0,0,0,0,true,,true,true,true,false,false,,,,,,false,false,false,,,false,false,false,false,false,-83.02408,42.43398,"{
  ""coordinates"": [
    -8.302407583199989e+01,
    4.243397982100000e+01
  ],
  ""type"": ""Point""
}","{
  ""coordinates"": [
    -83.024075832,
    42.433979821
  ],
  ""type"": ""Point""
}",-83.0240758319999,42.433979821
16791,1022260,I-94,RUSSELL,2017-05-02,2,5,2017,11,3,5,1,,1,0,,1,1,1,55,3,2,4,4,0,0,0,1,false,,false,false,false,false,false,,,,,,false,false,true,,,false,false,false,false,false,-83.0546,42.37078,"{
  ""coordinates"": [
    -8.305460089100001e+01,
    4.237077687600000e+01
  ],
  ""type"": ""Point""
}","{
  ""coordinates"": [
    -83.054600891,
    42.370776876
  ],
  ""type"": ""Point""
}",-83.054600891,42.370776876
16792,1023299,RAMP 041E,S I 375,2017-05-02,2,5,2017,15,3,8,1,,1,0,,1,2,1,55,2,2,2,5,0,0,0,0,true,,false,false,false,false,false,,,,,,false,false,false,,,false,false,false,false,false,-83.04424,42.34449,"{
  ""coordinates"": [
    -8.304423576200000e+01,
    4.234448856100000e+01
  ],
  ""type"": ""Point""
}","{
  ""coordinates"": [
    -83.044235762,
    42.344488561
  ],
  ""type"": ""Point""
}",-83.044235762,42.344488561
16793,1019499,I 96 SERVICE DRIVE,SOUTHFIELD SERVICE DRIVE,2017-05-02,2,5,2017,15,3,5,9,,4,0,,1,1,1,35,4,2,1,5,0,0,0,0,true,,false,false,true,false,false,,,,,,false,false,true,,,false,false,false,false,false,-83.21632,42.37815,"{
  ""coordinates"": [
    -8.321632381099990e+01,
    4.237815632200010e+01
  ],
  ""type"": ""Point""
}","{
  ""coordinates"": [
    -83.216323811,
    42.378156322
  ],
  ""type"": ""Point""
}",-83.2163238109999,42.3781563220001
16794,1019501,DEXTER,DAVISON,2017-05-02,2,5,2017,0,3,5,9,,4,0,,1,1,4,35,2,2,1,4,0,0,0,1,false,,false,false,false,false,false,,,,,,false,false,false,,,false,false,false,false,false,-83.13053,42.38926,"{
  ""coordinates"": [
    -8.313053119599989e+01,
    4.238925477400010e+01
  ],
  ""type"": ""Point""
}","{
  ""coordinates"": [
    -83.130531196,
    42.389254774
  ],
  ""type"": ""Point""
}",-83.1305311959999,42.3892547740001
16795,1019478,HUBBELL,PILGRIM,2017-05-02,2,5,2017,8,3,5,9,,4,0,,1,4,1,35,2,2,2,4,0,0,0,1,false,,false,false,true,false,false,,,,,,false,false,false,,,false,false,false,false,false,-83.18914,42.40727,"{
  ""coordinates"": [
    -8.318914251299999e+01,
    4.240727409400010e+01
  ],
  ""type"": ""Point""
}","{
  ""coordinates"": [
    -83.189142513,
    42.407274094
  ],
  ""type"": ""Point""
}",-83.189142513,42.4072740940001
16796,1117089,N M 10,RAMP 104B,2017-05-02,2,5,2017,5,3,5,3,,1,0,,1,1,4,30,1,2,3,5,0,0,0,0,true,,false,false,false,false,false,,,,,,false,false,false,,,false,false,false,false,false,-83.16663,42.4112,"{
  ""coordinates"": [
    -8.316663054199999e+01,
    4.241120154100000e+01
  ],
  ""type"": ""Point""
}","{
  ""coordinates"": [
    -83.166630542,
    42.411201541
  ],
  ""type"": ""Point""
}",-83.166630542,42.411201541
16797,1022351,HEYDEN,STOUT,2017-05-02,2,5,2017,18,3,98,9,,,0,,1,1,1,25,2,2,0,5,0,0,0,0,true,,false,false,true,false,false,,,,,,false,false,false,,,false,false,false,false,false,-83.2391,42.36867,"{
  ""coordinates"": [
    -8.323909595500000e+01,
    4.236866866600010e+01
  ],
  ""type"": ""Point""
}","{
  ""coordinates"": [
    -83.239095955,
    42.368668666
  ],
  ""type"": ""Point""
}",-83.239095955,42.3686686660001
16798,1021191,LIVERNOIS,SANTA MARIA,2017-05-02,2,5,2017,7,3,5,9,,4,0,,2,2,1,30,2,3,3,4,0,0,0,1,false,,false,false,true,false,false,,,,,,false,false,false,,,false,false,false,false,false,-83.14103,42.41902,"{
  ""coordinates"": [
    -8.314103100100000e+01,
    4.241901610400000e+01
  ],
  ""type"": ""Point""
}","{
  ""coordinates"": [
    -83.141031001,
    42.419016104
  ],
  ""type"": ""Point""
}",-83.141031001,42.419016104
16799,1019497,GRAND,14TH,2017-05-02,2,5,2017,23,3,5,9,,,3,,2,1,5,25,1,2,0,5,0,0,0,0,true,,false,false,true,false,false,,,,,,false,false,false,,,false,false,false,false,false,-83.11745,42.39672,"{
  ""coordinates"": [
    -8.311745451600000e+01,
    4.239672152700010e+01
  ],
  ""type"": ""Point""
}","{
  ""coordinates"": [
    -83.117454516,
    42.396721527
  ],
  ""type"": ""Point""
}",-83.117454516,42.3967215270001
16800,1022254,M-39,7 MILE,2017-05-02,2,5,2017,9,3,5,3,,1,0,,2,4,1,55,3,2,4,5,0,0,0,0,true,,false,false,true,false,false,,,,,,false,false,false,,,false,false,false,false,false,-83.21924,42.4303,"{
  ""coordinates"": [
    -8.321923905400000e+01,
    4.243030128200010e+01
  ],
  ""type"": ""Point""
}","{
  ""coordinates"": [
    -83.219239054,
    42.430301282
  ],
  ""type"": ""Point""
}",-83.219239054,42.4303012820001
16801,1020284,M-39,SCHOOLCRAFT,2017-05-02,2,5,2017,14,3,8,3,,1,0,,1,2,1,55,3,3,2,4,0,0,0,2,false,,false,false,false,false,false,,,,,,false,false,false,,,false,false,false,false,false,-83.21749,42.38534,"{
  ""coordinates"": [
    -8.321749246099991e+01,
    4.238533886900010e+01
  ],
  ""type"": ""Point""
}","{
  ""coordinates"": [
    -83.217492461,
    42.385338869
  ],
  ""type"": ""Point""
}",-83.2174924609999,42.3853388690001
16802,1019522,WISCONSIN,CLARITA,2017-05-02,2,5,2017,8,3,8,9,,,0,,2,4,1,25,2,3,2,4,0,0,0,1,false,,false,false,false,false,false,,,,,,false,false,false,,,false,false,false,false,false,-83.15763,42.42939,"{
  ""coordinates"": [
    -8.315762855600001e+01,
    4.242938952900000e+01
  ],
  ""type"": ""Point""
}","{
  ""coordinates"": [
    -83.157628556,
    42.429389529
  ],
  ""type"": ""Point""
}",-83.157628556,42.429389529
16803,1019481,BAGLEY,THIRD,2017-05-02,2,5,2017,9,3,8,9,,4,0,,2,2,1,30,3,2,1,5,0,0,0,0,true,,false,false,true,false,false,,,,,,false,false,true,,,false,false,false,false,false,-83.05772,42.33232,"{
  ""coordinates"": [
    -8.305772689000000e+01,
    4.233231679200000e+01
  ],
  ""type"": ""Point""
}","{
  ""coordinates"": [
    -83.05772689,
    42.332316792
  ],
  ""type"": ""Point""
}",-83.05772689,42.332316792
16804,1019513,8 MILE,RIOPELLE,2017-05-02,2,5,2017,8,3,5,3,,1,0,,2,4,1,40,4,2,2,5,0,0,0,0,true,,false,false,false,false,false,,,,,,false,true,true,,,false,false,false,false,false,-83.08702,42.44695,"{
  ""coordinates"": [
    -8.308701941299999e+01,
    4.244694362600010e+01
  ],
  ""type"": ""Point""
}","{
  ""coordinates"": [
    -83.087019413,
    42.446943626
  ],
  ""type"": ""Point""
}",-83.087019413,42.4469436260001
16805,1022311,RAMP 037C,S I 75,2017-05-02,2,5,2017,16,3,5,1,,1,0,,1,2,1,55,1,2,2,5,0,0,0,0,true,,false,false,false,false,false,,,,,,false,false,false,,,false,false,false,false,false,-83.08255,42.33245,"{
  ""coordinates"": [
    -8.308254627199990e+01,
    4.233245459300010e+01
  ],
  ""type"": ""Point""
}","{
  ""coordinates"": [
    -83.082546272,
    42.332454593
  ],
  ""type"": ""Point""
}",-83.0825462719999,42.3324545930001
16806,1020313,16TH,MARTIN LUTHER KING JR,2017-05-02,2,5,2017,0,3,98,9,,,0,,98,98,98,0,2,2,0,5,0,0,0,0,true,,false,false,true,false,false,,,,,,false,false,false,,,false,false,false,false,false,-83.0832,42.33864,"{
  ""coordinates"": [
    -8.308319512999999e+01,
    4.233864397100010e+01
  ],
  ""type"": ""Point""
}","{
  ""coordinates"": [
    -83.08319513,
    42.338643971
  ],
  ""type"": ""Point""
}",-83.08319513,42.3386439710001
16807,1020335,MOROSS,CHESTER,2017-05-02,2,5,2017,7,3,4,9,,2,0,,1,1,1,35,4,2,2,5,0,0,0,0,true,,true,true,false,false,false,,,,,,false,false,true,,,false,false,false,false,false,-82.92295,42.42221,"{
  ""coordinates"": [
    -8.292295398000000e+01,
    4.242221378500010e+01
  ],
  ""type"": ""Point""
}","{
  ""coordinates"": [
    -82.92295398,
    42.422213785
  ],
  ""type"": ""Point""
}",-82.92295398,42.4222137850001
16808,1019520,MCNICHOLS,PINEHURST,2017-05-02,2,5,2017,16,3,97,9,,2,0,,1,2,1,30,4,2,2,5,0,0,0,0,true,,false,false,false,false,false,,,,,,false,true,false,,,false,false,false,false,false,-83.16688,42.41675,"{
  ""coordinates"": [
    -8.316687799899999e+01,
    4.241675256800000e+01
  ],
  ""type"": ""Point""
}","{
  ""coordinates"": [
    -83.166877999,
    42.416752568
  ],
  ""type"": ""Point""
}",-83.166877999,42.416752568
16809,1019505,MOUND,OUTER,2017-05-02,2,5,2017,17,3,5,9,,2,0,,1,1,1,35,2,2,2,5,0,0,0,0,true,,false,false,false,false,false,,,,,,false,false,false,,,false,false,false,false,false,-83.0437,42.44085,"{
  ""coordinates"": [
    -8.304369860000000e+01,
    4.244084533700000e+01
  ],
  ""type"": ""Point""
}","{
  ""coordinates"": [
    -83.0436986,
    42.440845337
  ],
  ""type"": ""Point""
}",-83.0436986,42.440845337
16810,1019489,7 MILE,MEYERS,2017-05-02,2,5,2017,13,3,4,9,,2,0,,2,4,1,0,6,2,2,5,0,0,0,0,true,,true,true,false,false,false,,,,,,false,false,true,,,false,false,false,false,false,-83.17063,42.43126,"{
  ""coordinates"": [
    -8.317063450500000e+01,
    4.243125569900010e+01
  ],
  ""type"": ""Point""
}","{
  ""coordinates"": [
    -83.170634505,
    42.431255699
  ],
  ""type"": ""Point""
}",-83.170634505,42.4312556990001
16811,1019488,MCNICHOLS,SHAFTSBURY,2017-05-02,2,5,2017,10,3,4,9,,2,0,,2,4,1,35,4,2,2,5,0,0,0,0,true,,false,false,false,false,false,,,,,,false,false,true,,,false,false,false,false,false,-83.23065,42.41533,"{
  ""coordinates"": [
    -8.323065100600000e+01,
    4.241532623900010e+01
  ],
  ""type"": ""Point""
}","{
  ""coordinates"": [
    -83.230651006,
    42.415326239
  ],
  ""type"": ""Point""
}",-83.230651006,42.4153262390001
16812,1021174,JEFFERSON,DUBOIS,2017-05-02,2,5,2017,11,3,5,9,,4,0,,1,2,1,35,2,3,3,4,0,0,0,1,false,,false,false,false,false,false,,,,,,false,false,true,,,false,false,false,false,false,-83.02464,42.33739,"{
  ""coordinates"": [
    -8.302463255299990e+01,
    4.233739068800000e+01
  ],
  ""type"": ""Point""
}","{
  ""coordinates"": [
    -83.024632553,
    42.337390688
  ],
  ""type"": ""Point""
}",-83.0246325529999,42.337390688
16813,1020316,DIX,FORDSON,2017-05-02,2,5,2017,17,3,3,9,,2,0,,1,2,1,35,4,2,4,4,0,0,0,1,false,,false,false,false,false,false,,,,,,false,false,false,,,false,false,false,false,false,-83.15132,42.29594,"{
  ""coordinates"": [
    -8.315132313200000e+01,
    4.229593640300000e+01
  ],
  ""type"": ""Point""
}","{
  ""coordinates"": [
    -83.151323132,
    42.295936403
  ],
  ""type"": ""Point""
}",-83.151323132,42.295936403
16814,1019517,WARREN,SCOTTEN,2017-05-02,2,5,2017,12,3,1,9,,4,0,,1,2,1,35,5,1,1,5,0,0,0,0,true,,false,false,false,false,false,,,,,,false,false,true,,,false,false,false,false,false,-83.11109,42.34474,"{
  ""coordinates"": [
    -8.311109411000000e+01,
    4.234474271100000e+01
  ],
  ""type"": ""Point""
}","{
  ""coordinates"": [
    -83.11109411,
    42.344742711
  ],
  ""type"": ""Point""
}",-83.11109411,42.344742711
16815,1024876,I-75,GRAND,2017-05-02,2,5,2017,13,3,5,1,,1,0,,1,1,1,55,4,2,1,5,0,0,0,0,true,,false,false,false,false,false,,,,,,false,false,true,,,false,false,false,false,false,-83.06008,42.37406,"{
  ""coordinates"": [
    -8.306007896700000e+01,
    4.237406263500000e+01
  ],
  ""type"": ""Point""
}","{
  ""coordinates"": [
    -83.060078967,
    42.374062635
  ],
  ""type"": ""Point""
}",-83.060078967,42.374062635
16816,1019498,SANTA ROSA,MIDLAND,2017-05-02,2,5,2017,4,3,98,9,,,0,,98,98,4,15,1,2,0,5,0,0,0,0,true,,false,false,true,false,false,,,,,,false,false,false,,,false,false,false,false,false,-83.14249,42.40575,"{
  ""coordinates"": [
    -8.314249470000000e+01,
    4.240574511400010e+01
  ],
  ""type"": ""Point""
}","{
  ""coordinates"": [
    -83.1424947,
    42.405745114
  ],
  ""type"": ""Point""
}",-83.1424947,42.4057451140001
16817,1019472,M-39,WARREN,2017-05-02,2,5,2017,18,3,5,3,,1,0,,1,2,1,55,3,2,2,5,0,0,0,0,true,,false,false,false,false,false,,,,,,false,false,false,,,false,false,false,false,false,-83.21625,42.34392,"{
  ""coordinates"": [
    -8.321624808400000e+01,
    4.234392255900010e+01
  ],
  ""type"": ""Point""
}","{
  ""coordinates"": [
    -83.216248084,
    42.343922559
  ],
  ""type"": ""Point""
}",-83.216248084,42.3439225590001