ObjectId,Crash ID,Primary Road,Intersecting Road,Crash Date,Day,Month,Year,Hour,Weekday,Crash Type Code,Highway Classification Code,Community Code,Jurisdiction Code,Lane Departure Type Code,Surface Type,Road Condition,Weather Condition,Lighting Condition,Speed Limit,Lanes,Units,Occupants,Most Severe Injury,Fatal Injuries,Suspected Serious Injuries,Suspected Minor Injuries,Possible Injuries,Property Damage Only,Secondary Crash,Traffic Control,Red Light Run,Hit and Run,Alcohol,Drugs,Unbelted Person,Work Zone,Speeding Driver,Distracted Driver,Driveway,Pedestrian,Elderly Driver,Young Driver,Commercial Vehicle,Emergency Vehicles,Train,School Bus,Motorcycle,Bicycle,Deer,Longitude,Latitude,geom,geog,x,y
16818,1022335,TIREMAN,LIVERNOIS,2017-05-02,2,5,2017,23,3,98,9,,4,0,,1,1,4,35,5,2,1,4,0,0,0,1,false,,false,false,true,false,false,,,,,,false,false,false,,,false,false,false,false,false,-83.1357,42.35208,"{
  ""coordinates"": [
    -8.313569832300000e+01,
    4.235207891300010e+01
  ],
  ""type"": ""Point""
}","{
  ""coordinates"": [
    -83.135698323,
    42.352078913
  ],
  ""type"": ""Point""
}",-83.135698323,42.3520789130001
16819,1020310,ERSKINE,JOHN R,2017-05-02,2,5,2017,16,3,4,9,,,0,,1,2,1,20,2,2,2,5,0,0,0,0,true,,false,false,false,false,false,,,,,,false,false,false,,,false,false,false,false,false,-83.05497,42.34637,"{
  ""coordinates"": [
    -8.305497187700000e+01,
    4.234637534200000e+01
  ],
  ""type"": ""Point""
}","{
  ""coordinates"": [
    -83.054971877,
    42.346375342
  ],
  ""type"": ""Point""
}",-83.054971877,42.346375342
16820,1022310,I-94,WARREN,2017-05-02,2,5,2017,15,3,5,1,,1,0,,1,2,1,55,3,2,2,5,0,0,0,0,true,,false,false,false,false,false,,,,,,false,false,true,,,false,false,false,false,false,-83.1132,42.34453,"{
  ""coordinates"": [
    -8.311320000400001e+01,
    4.234452856300000e+01
  ],
  ""type"": ""Point""
}","{
  ""coordinates"": [
    -83.113200004,
    42.344528563
  ],
  ""type"": ""Point""
}",-83.113200004,42.344528563
16821,1019496,GRATIOT,MANNING,2017-05-02,2,5,2017,13,3,8,3,,1,0,,1,2,1,35,7,4,2,5,0,0,0,0,true,,false,false,false,false,false,,,,,,false,false,false,,,false,false,false,false,false,-82.97375,42.44107,"{
  ""coordinates"": [
    -8.297375595900000e+01,
    4.244106740800000e+01
  ],
  ""type"": ""Point""
}","{
  ""coordinates"": [
    -82.973755959,
    42.441067408
  ],
  ""type"": ""Point""
}",-82.973755959,42.441067408
16822,1020326,MOROSS,CHANDLER PARK,2017-05-02,2,5,2017,19,3,5,9,,2,0,,1,1,1,35,6,2,1,5,0,0,0,0,true,,false,false,true,false,false,,,,,,false,false,false,,,false,false,false,false,false,-82.91521,42.41871,"{
  ""coordinates"": [
    -8.291520837500001e+01,
    4.241870971100010e+01
  ],
  ""type"": ""Point""
}","{
  ""coordinates"": [
    -82.915208375,
    42.418709711
  ],
  ""type"": ""Point""
}",-82.915208375,42.4187097110001
16823,1029385,TIREMAN,ASBURY,2017-05-02,2,5,2017,15,3,1,9,,4,0,,1,2,1,25,2,2,1,4,0,0,0,1,false,,false,false,false,false,false,,,,,,true,false,false,,,false,false,false,false,false,-83.20628,42.35076,"{
  ""coordinates"": [
    -8.320627794099990e+01,
    4.235075671300010e+01
  ],
  ""type"": ""Point""
}","{
  ""coordinates"": [
    -83.206277941,
    42.350756713
  ],
  ""type"": ""Point""
}",-83.2062779409999,42.3507567130001
16824,1018470,FORT,SCHAEFER,2017-05-02,2,5,2017,6,3,5,3,,1,0,,2,4,4,35,4,2,2,5,0,0,0,0,true,,false,false,true,false,false,,,,,,false,false,false,,,false,false,false,false,false,-83.15575,42.27607,"{
  ""coordinates"": [
    -8.315575222200000e+01,
    4.227606686400000e+01
  ],
  ""type"": ""Point""
}","{
  ""coordinates"": [
    -83.155752222,
    42.276066864
  ],
  ""type"": ""Point""
}",-83.155752222,42.276066864
16825,1019509,8 MILE,VAN DYKE,2017-05-02,2,5,2017,17,3,8,3,,1,0,,1,1,1,40,4,2,2,5,0,0,0,0,true,,false,false,true,false,false,,,,,,false,false,false,,,false,false,false,false,false,-83.02457,42.44817,"{
  ""coordinates"": [
    -8.302456505500000e+01,
    4.244817012500000e+01
  ],
  ""type"": ""Point""
}","{
  ""coordinates"": [
    -83.024565055,
    42.448170125
  ],
  ""type"": ""Point""
}",-83.024565055,42.448170125
16826,1019504,RIOPELLE,7 MILE,2017-05-02,2,5,2017,13,3,4,9,,,0,,1,1,1,35,2,2,2,3,0,0,1,0,false,,false,false,false,false,false,,,,,,false,true,false,,,false,false,false,false,false,-83.08655,42.43279,"{
  ""coordinates"": [
    -8.308654885399990e+01,
    4.243278403500010e+01
  ],
  ""type"": ""Point""
}","{
  ""coordinates"": [
    -83.086548854,
    42.432784035
  ],
  ""type"": ""Point""
}",-83.0865488539999,42.4327840350001
16827,1022259,I-75,7 MILE,2017-05-02,2,5,2017,9,3,8,1,,1,0,,2,2,1,70,4,2,1,5,0,0,0,0,true,,false,false,true,false,false,,,,,,false,false,false,,,false,false,false,false,false,-83.09457,42.4296,"{
  ""coordinates"": [
    -8.309456675599991e+01,
    4.242959789800010e+01
  ],
  ""type"": ""Point""
}","{
  ""coordinates"": [
    -83.094566756,
    42.429597898
  ],
  ""type"": ""Point""
}",-83.0945667559999,42.4295978980001
16828,1020332,MOROSS,W I 94,2017-05-02,2,5,2017,23,3,8,9,,2,0,,1,98,4,35,3,2,1,5,0,0,0,0,true,,false,false,false,false,false,,,,,,false,false,true,,,false,false,false,false,false,-82.92883,42.42444,"{
  ""coordinates"": [
    -8.292883493999990e+01,
    4.242443691400010e+01
  ],
  ""type"": ""Point""
}","{
  ""coordinates"": [
    -82.92883494,
    42.424436914
  ],
  ""type"": ""Point""
}",-82.9288349399999,42.4244369140001
16829,1020268,M-39,PLYMOUTH,2017-05-02,2,5,2017,16,3,5,3,,1,0,,1,2,1,55,3,2,4,5,0,0,0,0,true,,false,false,false,false,false,,,,,,false,false,false,,,false,false,false,false,false,-83.21684,42.37363,"{
  ""coordinates"": [
    -8.321683212900000e+01,
    4.237363079700000e+01
  ],
  ""type"": ""Point""
}","{
  ""coordinates"": [
    -83.216832129,
    42.373630797
  ],
  ""type"": ""Point""
}",-83.216832129,42.373630797
16830,1020319,SCHAEFER,FORT,2017-05-02,2,5,2017,16,3,8,7,,1,0,,1,2,1,35,4,2,1,4,0,0,0,1,false,,false,false,true,false,false,,,,,,false,true,false,,,false,false,false,false,false,-83.15518,42.27619,"{
  ""coordinates"": [
    -8.315518103600000e+01,
    4.227619325900010e+01
  ],
  ""type"": ""Point""
}","{
  ""coordinates"": [
    -83.155181036,
    42.276193259
  ],
  ""type"": ""Point""
}",-83.155181036,42.2761932590001
16831,1020346,ORLEANS,LYMAN,2017-05-02,2,5,2017,12,3,98,9,,,0,,1,2,1,25,2,2,0,5,0,0,0,0,true,,false,false,true,false,false,,,,,,false,false,false,,,false,false,false,false,false,-83.05532,42.3746,"{
  ""coordinates"": [
    -8.305531939100000e+01,
    4.237459957600000e+01
  ],
  ""type"": ""Point""
}","{
  ""coordinates"": [
    -83.055319391,
    42.374599576
  ],
  ""type"": ""Point""
}",-83.055319391,42.374599576
16832,1104174,WILLIS,SECOND,2017-05-02,2,5,2017,9,3,97,9,,,0,,2,4,1,25,3,3,2,5,0,0,0,0,true,,false,false,false,false,false,,,,,,false,false,false,,,false,false,false,false,false,-83.06242,42.35096,"{
  ""coordinates"": [
    -8.306242666599999e+01,
    4.235095933800010e+01
  ],
  ""type"": ""Point""
}","{
  ""coordinates"": [
    -83.062426666,
    42.350959338
  ],
  ""type"": ""Point""
}",-83.062426666,42.3509593380001
16833,1020339,WARREN,FAUST,2017-05-02,2,5,2017,6,3,5,9,,2,0,,2,1,2,35,5,2,2,4,0,0,0,2,false,,false,false,true,false,false,,,,,,false,false,false,,,false,false,false,false,false,-83.22079,42.34333,"{
  ""coordinates"": [
    -8.322079469399991e+01,
    4.234333378700010e+01
  ],
  ""type"": ""Point""
}","{
  ""coordinates"": [
    -83.220794694,
    42.343333787
  ],
  ""type"": ""Point""
}",-83.2207946939999,42.3433337870001
16834,1018465,SCHAEFER,GRAND,2017-05-01,1,5,2017,11,2,4,3,,4,0,,1,2,1,30,3,2,3,5,0,0,0,0,true,,false,false,false,false,false,,,,,,false,false,false,,,false,false,false,false,false,-83.17841,42.38461,"{
  ""coordinates"": [
    -8.317840795700000e+01,
    4.238460622400000e+01
  ],
  ""type"": ""Point""
}","{
  ""coordinates"": [
    -83.178407957,
    42.384606224
  ],
  ""type"": ""Point""
}",-83.178407957,42.384606224
16835,1029244,I-75,ROSA,2017-05-01,1,5,2017,9,2,1,9,,4,1,,2,4,1,65,2,1,1,5,0,0,0,0,true,,false,false,false,false,false,,,,,,false,false,true,,,false,false,false,false,false,-83.07177,42.33448,"{
  ""coordinates"": [
    -8.307176810100000e+01,
    4.233447912600010e+01
  ],
  ""type"": ""Point""
}","{
  ""coordinates"": [
    -83.071768101,
    42.334479126
  ],
  ""type"": ""Point""
}",-83.071768101,42.3344791260001
16836,1018466,S I 75 SERVICE DRIVE,RAMP 043C,2017-05-01,1,5,2017,15,2,5,9,,4,0,,1,1,1,25,3,3,2,5,0,0,0,0,true,,false,false,true,false,false,,,,,,false,false,false,,,false,false,false,false,false,-83.04926,42.35209,"{
  ""coordinates"": [
    -8.304925303600000e+01,
    4.235208806400000e+01
  ],
  ""type"": ""Point""
}","{
  ""coordinates"": [
    -83.049253036,
    42.352088064
  ],
  ""type"": ""Point""
}",-83.049253036,42.352088064
16837,1019523,JOHN R,GRIXDALE,2017-05-01,1,5,2017,4,2,1,9,,4,0,,2,4,4,25,2,1,1,5,0,0,0,0,true,,false,false,false,false,false,,,,,,false,false,true,,,false,false,false,false,false,-83.10219,42.42766,"{
  ""coordinates"": [
    -8.310218608100000e+01,
    4.242766310000010e+01
  ],
  ""type"": ""Point""
}","{
  ""coordinates"": [
    -83.102186081,
    42.4276631
  ],
  ""type"": ""Point""
}",-83.102186081,42.4276631000001
16838,1018507,LIVERNOIS,MARGARETA,2017-05-01,1,5,2017,16,2,5,9,,4,0,,1,2,1,30,4,2,4,5,0,0,0,0,true,,false,false,false,false,false,,,,,,false,false,false,,,false,false,false,false,false,-83.1412,42.42797,"{
  ""coordinates"": [
    -8.314119529000000e+01,
    4.242796981300010e+01
  ],
  ""type"": ""Point""
}","{
  ""coordinates"": [
    -83.14119529,
    42.427969813
  ],
  ""type"": ""Point""
}",-83.14119529,42.4279698130001
16839,1020333,FRAKFORT,MANISTIQUE,2017-05-01,1,5,2017,17,2,8,9,,,0,,2,2,4,25,1,2,1,5,0,0,0,0,true,,false,false,false,false,false,,,,,,false,false,false,,,false,false,false,false,false,-82.9571,42.39811,"{
  ""coordinates"": [
    -8.295710046499990e+01,
    4.239810777900000e+01
  ],
  ""type"": ""Point""
}","{
  ""coordinates"": [
    -82.957100465,
    42.398107779
  ],
  ""type"": ""Point""
}",-82.9571004649999,42.398107779
16840,1018478,WOODHALL,LINVILLE,2017-05-01,1,5,2017,14,2,4,9,,,0,,1,1,1,25,2,2,3,5,0,0,0,0,true,,true,false,false,false,false,,,,,,false,false,false,,,false,false,false,false,false,-82.9304,42.41401,"{
  ""coordinates"": [
    -8.293039745000000e+01,
    4.241400862200000e+01
  ],
  ""type"": ""Point""
}","{
  ""coordinates"": [
    -82.93039745,
    42.414008622
  ],
  ""type"": ""Point""
}",-82.93039745,42.414008622
16841,1022267,M-39,LYNDON,2017-05-01,1,5,2017,17,2,5,3,,1,0,,1,2,1,55,3,3,5,4,0,0,0,1,false,,false,false,false,false,false,,,,,,false,false,true,,,false,false,false,false,false,-83.21811,42.39445,"{
  ""coordinates"": [
    -8.321810623999990e+01,
    4.239444909600010e+01
  ],
  ""type"": ""Point""
}","{
  ""coordinates"": [
    -83.21810624,
    42.394449096
  ],
  ""type"": ""Point""
}",-83.2181062399999,42.3944490960001
16842,1022257,I-75,SCHAEFER,2017-05-01,1,5,2017,17,2,8,1,,1,0,,1,2,1,55,3,2,2,5,0,0,0,0,true,,false,false,false,false,false,,,,,,false,false,false,,,false,false,false,false,false,-83.14932,42.2819,"{
  ""coordinates"": [
    -8.314932415299999e+01,
    4.228190242200000e+01
  ],
  ""type"": ""Point""
}","{
  ""coordinates"": [
    -83.149324153,
    42.281902422
  ],
  ""type"": ""Point""
}",-83.149324153,42.281902422
16843,1022280,I-96,LIVERNOIS,2017-05-01,1,5,2017,11,2,5,1,,1,0,,2,2,1,70,4,2,2,5,0,0,0,0,true,,false,false,false,false,false,,,,,,false,false,false,,,false,false,false,false,false,-83.14301,42.36893,"{
  ""coordinates"": [
    -8.314300449200000e+01,
    4.236892731100000e+01
  ],
  ""type"": ""Point""
}","{
  ""coordinates"": [
    -83.143004492,
    42.368927311
  ],
  ""type"": ""Point""
}",-83.143004492,42.368927311
16844,1019484,HARPER,CADILLAC,2017-05-01,1,5,2017,8,2,4,9,,4,0,,2,2,1,35,4,2,1,4,0,0,0,1,false,,false,false,true,false,false,,,,,,false,false,false,,,false,false,false,false,false,-83.00423,42.39325,"{
  ""coordinates"": [
    -8.300423756799999e+01,
    4.239325468700010e+01
  ],
  ""type"": ""Point""
}","{
  ""coordinates"": [
    -83.004237568,
    42.393254687
  ],
  ""type"": ""Point""
}",-83.004237568,42.3932546870001
16845,1018488,HEYDEN,VERNE,2017-05-01,1,5,2017,1,2,8,9,,,0,,2,4,5,25,1,2,1,5,0,0,0,0,true,,false,false,false,false,false,,,,,,false,false,false,,,false,false,false,false,false,-83.2399,42.41155,"{
  ""coordinates"": [
    -8.323989599399989e+01,
    4.241154859400010e+01
  ],
  ""type"": ""Point""
}","{
  ""coordinates"": [
    -83.239895994,
    42.411548594
  ],
  ""type"": ""Point""
}",-83.2398959939999,42.4115485940001
16846,1022227,M-39,GRAND RIVER,2017-05-01,1,5,2017,7,2,5,3,,1,0,,2,2,1,55,3,2,2,4,0,0,0,1,false,,false,false,false,false,false,,,,,,false,false,false,,,false,false,false,false,false,-83.21838,42.40034,"{
  ""coordinates"": [
    -8.321837721400000e+01,
    4.240034034500010e+01
  ],
  ""type"": ""Point""
}","{
  ""coordinates"": [
    -83.218377214,
    42.400340345
  ],
  ""type"": ""Point""
}",-83.218377214,42.4003403450001
16847,1018464,GREENFIELD,FENKELL,2017-05-01,1,5,2017,2,2,9,9,,2,2,,2,4,4,30,5,3,1,5,0,0,0,0,true,,false,false,false,false,false,,,,,,false,false,false,,,false,false,false,false,false,-83.19865,42.40042,"{
  ""coordinates"": [
    -8.319865327699991e+01,
    4.240041565200000e+01
  ],
  ""type"": ""Point""
}","{
  ""coordinates"": [
    -83.198653277,
    42.400415652
  ],
  ""type"": ""Point""
}",-83.1986532769999,42.400415652
16848,1020325,LEONARD,DEACON,2017-05-01,1,5,2017,18,2,8,9,,,3,,1,2,1,25,2,2,0,5,0,0,0,0,true,,false,false,true,false,false,,,,,,false,false,false,,,false,false,false,false,false,-83.14423,42.27882,"{
  ""coordinates"": [
    -8.314422852099990e+01,
    4.227881620200000e+01
  ],
  ""type"": ""Point""
}","{
  ""coordinates"": [
    -83.144228521,
    42.278816202
  ],
  ""type"": ""Point""
}",-83.1442285209999,42.278816202
16849,1018476,LANNOO,CANYON,2017-05-01,1,5,2017,17,2,8,9,,,0,,1,1,1,0,2,2,2,5,0,0,0,0,true,,false,false,true,false,false,,,,,,false,true,false,,,false,false,false,false,false,-82.9202,42.41875,"{
  ""coordinates"": [
    -8.292020611000000e+01,
    4.241874712700010e+01
  ],
  ""type"": ""Point""
}","{
  ""coordinates"": [
    -82.92020611,
    42.418747127
  ],
  ""type"": ""Point""
}",-82.92020611,42.4187471270001
16850,1020323,HERBERT,LOVETT,2017-05-01,1,5,2017,13,2,1,9,,,0,,1,1,1,25,3,1,1,4,0,0,0,1,false,,false,false,false,false,false,,,,,,false,false,false,,,false,false,false,false,false,-83.11112,42.3427,"{
  ""coordinates"": [
    -8.311112268300000e+01,
    4.234270237100000e+01
  ],
  ""type"": ""Point""
}","{
  ""coordinates"": [
    -83.111122683,
    42.342702371
  ],
  ""type"": ""Point""
}",-83.111122683,42.342702371
16851,1018501,STATE FAIR,S I 75,2017-05-01,1,5,2017,20,2,5,9,,4,0,,1,1,1,0,2,2,3,4,0,0,0,1,false,,false,false,true,false,false,,,,,,false,false,true,,,false,false,false,false,false,-83.0951,42.43975,"{
  ""coordinates"": [
    -8.309509687900000e+01,
    4.243975349100000e+01
  ],
  ""type"": ""Point""
}","{
  ""coordinates"": [
    -83.095096879,
    42.439753491
  ],
  ""type"": ""Point""
}",-83.095096879,42.439753491
16852,1018503,BLISS,TERRELL,2017-05-01,1,5,2017,5,2,98,9,,,0,,1,1,1,25,2,2,0,5,0,0,0,0,true,,false,false,true,false,false,,,,,,false,false,false,,,false,false,false,false,false,-83.02237,42.43721,"{
  ""coordinates"": [
    -8.302236772299990e+01,
    4.243721063400010e+01
  ],
  ""type"": ""Point""
}","{
  ""coordinates"": [
    -83.022367723,
    42.437210634
  ],
  ""type"": ""Point""
}",-83.0223677229999,42.4372106340001
16853,1026722,MCNICHOLS,S I 75 SERVICE DRIVE,2017-05-01,1,5,2017,14,2,3,1,,2,0,,1,1,1,35,4,2,1,5,0,0,0,0,true,,true,true,true,false,false,,,,,,false,false,false,,,false,false,false,false,false,-83.08881,42.41807,"{
  ""coordinates"": [
    -8.308880392200000e+01,
    4.241807172000010e+01
  ],
  ""type"": ""Point""
}","{
  ""coordinates"": [
    -83.088803922,
    42.41807172
  ],
  ""type"": ""Point""
}",-83.088803922,42.4180717200001
16854,1018493,MOROSS,E I 94,2017-05-01,1,5,2017,11,2,4,9,,2,0,,2,2,1,35,3,2,3,4,0,0,0,1,false,,true,true,false,false,false,,,,,,false,true,true,,,false,false,false,false,false,-82.92854,42.42471,"{
  ""coordinates"": [
    -8.292854070899990e+01,
    4.242470750300000e+01
  ],
  ""type"": ""Point""
}","{
  ""coordinates"": [
    -82.928540709,
    42.424707503
  ],
  ""type"": ""Point""
}",-82.9285407089999,42.424707503
16855,1022308,213H,I-94,2017-05-01,1,5,2017,18,2,5,1,,1,0,,1,2,1,55,1,2,2,5,0,0,0,0,true,,false,false,false,false,false,,,,,,false,false,true,,,false,false,false,false,false,-83.09602,42.35105,"{
  ""coordinates"": [
    -8.309601508299990e+01,
    4.235104659800000e+01
  ],
  ""type"": ""Point""
}","{
  ""coordinates"": [
    -83.096015083,
    42.351046598
  ],
  ""type"": ""Point""
}",-83.0960150829999,42.351046598
16856,1018492,SEVEN MILE,MCINTYRE,2017-05-01,1,5,2017,17,2,3,9,,2,0,,1,1,1,35,2,2,3,4,0,0,0,2,false,,false,false,false,false,false,,,,,,false,true,false,,,false,false,false,false,false,-83.26308,42.42915,"{
  ""coordinates"": [
    -8.326308648100000e+01,
    4.242914566000010e+01
  ],
  ""type"": ""Point""
}","{
  ""coordinates"": [
    -83.263086481,
    42.42914566
  ],
  ""type"": ""Point""
}",-83.263086481,42.4291456600001
16857,1018504,MOUND,8 MILE,2017-05-01,1,5,2017,7,2,5,3,,2,0,,1,1,1,35,4,2,2,5,0,0,0,0,true,,false,false,false,false,false,,,,,,false,false,true,,,false,false,false,false,false,-83.04428,42.44785,"{
  ""coordinates"": [
    -8.304428316400001e+01,
    4.244784565800010e+01
  ],
  ""type"": ""Point""
}","{
  ""coordinates"": [
    -83.044283164,
    42.447845658
  ],
  ""type"": ""Point""
}",-83.044283164,42.4478456580001
16858,1022240,I-96,LIVERNOIS,2017-05-01,1,5,2017,8,2,1,1,,1,1,,2,2,1,70,4,1,1,5,0,0,0,0,true,,false,false,false,false,false,,,,,,false,false,true,,,false,false,false,false,false,-83.13908,42.36752,"{
  ""coordinates"": [
    -8.313908515700000e+01,
    4.236751732300010e+01
  ],
  ""type"": ""Point""
}","{
  ""coordinates"": [
    -83.139085157,
    42.367517323
  ],
  ""type"": ""Point""
}",-83.139085157,42.3675173230001
16859,1018471,LONYO,E I 94,2017-05-01,1,5,2017,18,2,5,1,,4,0,,1,1,1,30,2,2,1,5,0,0,0,0,true,,false,false,true,false,false,,,,,,false,false,false,,,false,false,false,false,false,-83.14503,42.33126,"{
  ""coordinates"": [
    -8.314503200300000e+01,
    4.233126466000000e+01
  ],
  ""type"": ""Point""
}","{
  ""coordinates"": [
    -83.145032003,
    42.33126466
  ],
  ""type"": ""Point""
}",-83.145032003,42.33126466
16860,1019476,N I 75,RAMP 044B,2017-05-01,1,5,2017,20,2,8,1,,1,0,,1,2,1,55,3,2,2,5,0,0,0,0,true,,false,false,false,false,false,,,,,,false,true,false,,,false,false,false,false,false,-83.05573,42.36365,"{
  ""coordinates"": [
    -8.305572410699990e+01,
    4.236365111700010e+01
  ],
  ""type"": ""Point""
}","{
  ""coordinates"": [
    -83.055724107,
    42.363651117
  ],
  ""type"": ""Point""
}",-83.0557241069999,42.3636511170001
16861,1022226,I-94,FRONTENAC,2017-05-01,1,5,2017,6,2,1,1,,1,1,,2,4,2,55,3,1,2,4,0,0,0,2,false,,false,false,false,false,false,,,,,,false,false,true,,,false,false,false,false,false,-83.02809,42.3843,"{
  ""coordinates"": [
    -8.302809196100000e+01,
    4.238429746100010e+01
  ],
  ""type"": ""Point""
}","{
  ""coordinates"": [
    -83.028091961,
    42.384297461
  ],
  ""type"": ""Point""
}",-83.028091961,42.3842974610001
16862,1022278,M-39,8 MILE,2017-05-01,1,5,2017,9,2,1,3,,1,1,,2,2,1,55,3,1,1,4,0,0,0,1,false,,false,false,false,false,false,,,,,,false,false,false,,,false,false,false,false,false,-83.21963,42.4439,"{
  ""coordinates"": [
    -8.321963037499999e+01,
    4.244390609900010e+01
  ],
  ""type"": ""Point""
}","{
  ""coordinates"": [
    -83.219630375,
    42.443906099
  ],
  ""type"": ""Point""
}",-83.219630375,42.4439060990001
16863,1022233,I-94,MT ELLIOTT,2017-05-01,1,5,2017,7,2,5,1,,1,0,,2,4,1,55,3,2,3,5,0,0,0,0,true,,false,false,false,false,false,,,,,,false,false,true,,,false,false,false,false,false,-83.03104,42.38218,"{
  ""coordinates"": [
    -8.303104054900000e+01,
    4.238218122100010e+01
  ],
  ""type"": ""Point""
}","{
  ""coordinates"": [
    -83.031040549,
    42.382181221
  ],
  ""type"": ""Point""
}",-83.031040549,42.3821812210001
16864,1021131,N M 39 SERVICE DRIVE,RAMP 007A,2017-05-01,1,5,2017,17,2,5,9,,4,0,,1,1,1,55,3,2,2,5,0,0,0,0,true,,false,false,false,false,false,,,,,,false,false,false,,,false,false,false,false,false,-83.21606,42.35427,"{
  ""coordinates"": [
    -8.321606513200000e+01,
    4.235426717100010e+01
  ],
  ""type"": ""Point""
}","{
  ""coordinates"": [
    -83.216065132,
    42.354267171
  ],
  ""type"": ""Point""
}",-83.216065132,42.3542671710001
16865,1019479,8 MILE,ASHSTON,2017-05-01,1,5,2017,15,2,8,3,,1,0,,1,1,1,35,4,2,2,5,0,0,0,0,true,,false,false,false,false,false,,,,,,false,false,true,,,false,false,false,false,false,-83.22126,42.44415,"{
  ""coordinates"": [
    -8.322125947700000e+01,
    4.244415024000010e+01
  ],
  ""type"": ""Point""
}","{
  ""coordinates"": [
    -83.221259477,
    42.44415024
  ],
  ""type"": ""Point""
}",-83.221259477,42.4441502400001
16866,1022256,I-75,7 MILE,2017-05-01,1,5,2017,9,2,1,1,,1,1,,2,4,1,70,4,1,1,3,0,0,1,0,false,,false,false,false,false,false,,,,,,false,false,false,,,false,false,false,false,false,-83.09429,42.4296,"{
  ""coordinates"": [
    -8.309428805499989e+01,
    4.242960201900010e+01
  ],
  ""type"": ""Point""
}","{
  ""coordinates"": [
    -83.094288055,
    42.429602019
  ],
  ""type"": ""Point""
}",-83.0942880549999,42.4296020190001
16867,1018502,8 MILE,SYRACUSE,2017-05-01,1,5,2017,3,2,5,3,,1,0,,1,1,4,40,6,3,1,5,0,0,0,0,true,,false,false,true,false,false,,,,,,false,false,false,,,false,false,false,false,false,-83.0461,42.44771,"{
  ""coordinates"": [
    -8.304609673600000e+01,
    4.244771021900000e+01
  ],
  ""type"": ""Point""
}","{
  ""coordinates"": [
    -83.046096736,
    42.447710219
  ],
  ""type"": ""Point""
}",-83.046096736,42.447710219
16868,1022277,I-96,CHICAGO,2017-05-01,1,5,2017,10,2,97,1,,1,0,,2,4,1,70,4,2,3,4,0,0,0,1,false,,false,false,false,false,false,,,,,,false,false,true,,,false,false,false,false,false,-83.14021,42.36769,"{
  ""coordinates"": [
    -8.314020906400000e+01,
    4.236768752500010e+01
  ],
  ""type"": ""Point""
}","{
  ""coordinates"": [
    -83.140209064,
    42.367687525
  ],
  ""type"": ""Point""
}",-83.140209064,42.3676875250001
16869,1022228,I-94,FRONTENAC,2017-05-01,1,5,2017,8,2,5,1,,1,0,,2,4,1,55,3,2,3,5,0,0,0,0,true,,false,false,false,false,false,,,,,,false,false,false,,,false,false,false,false,false,-83.02583,42.38502,"{
  ""coordinates"": [
    -8.302582665200001e+01,
    4.238501945600010e+01
  ],
  ""type"": ""Point""
}","{
  ""coordinates"": [
    -83.025826652,
    42.385019456
  ],
  ""type"": ""Point""
}",-83.025826652,42.3850194560001
16870,1022242,I-75,CLAY,2017-05-01,1,5,2017,7,2,8,1,,1,0,,2,4,1,55,4,5,5,5,0,0,0,0,true,,false,false,true,false,false,,,,,,false,true,true,,,false,false,false,false,false,-83.06198,42.377,"{
  ""coordinates"": [
    -8.306198364799999e+01,
    4.237700127300010e+01
  ],
  ""type"": ""Point""
}","{
  ""coordinates"": [
    -83.061983648,
    42.377001273
  ],
  ""type"": ""Point""
}",-83.061983648,42.3770012730001
16871,1019491,MOROSS,E I 94,2017-05-01,1,5,2017,10,2,4,9,,2,0,,2,4,1,35,6,2,2,5,0,0,0,0,true,,true,true,false,false,false,,,,,,false,false,false,,,false,false,false,false,false,-82.92854,42.42471,"{
  ""coordinates"": [
    -8.292854070899990e+01,
    4.242470750300000e+01
  ],
  ""type"": ""Point""
}","{
  ""coordinates"": [
    -82.928540709,
    42.424707503
  ],
  ""type"": ""Point""
}",-82.9285407089999,42.424707503
16872,1029387,WARREN,EVERGREEN,2017-05-01,1,5,2017,13,2,4,9,,2,0,,1,2,1,35,4,2,2,5,0,0,0,0,true,,false,false,false,false,false,,,,,,false,true,false,,,false,false,false,false,false,-83.23548,42.34313,"{
  ""coordinates"": [
    -8.323548051599990e+01,
    4.234313059000000e+01
  ],
  ""type"": ""Point""
}","{
  ""coordinates"": [
    -83.235480516,
    42.34313059
  ],
  ""type"": ""Point""
}",-83.2354805159999,42.34313059
16873,1022279,M-39,8 MILE,2017-05-01,1,5,2017,9,2,5,3,,1,0,,2,2,1,55,3,2,2,5,0,0,0,0,true,,false,false,false,false,false,,,,,,false,false,true,,,false,false,false,false,false,-83.21963,42.4439,"{
  ""coordinates"": [
    -8.321963037499999e+01,
    4.244390609900010e+01
  ],
  ""type"": ""Point""
}","{
  ""coordinates"": [
    -83.219630375,
    42.443906099
  ],
  ""type"": ""Point""
}",-83.219630375,42.4439060990001
16874,1020283,N/B I-75,VERNOR,2017-05-01,1,5,2017,0,2,1,1,,1,1,,2,4,4,55,3,1,1,5,0,0,0,0,true,,false,false,false,false,false,,,,,,false,true,false,,,false,false,false,false,false,-83.08578,42.32839,"{
  ""coordinates"": [
    -8.308577912899990e+01,
    4.232838824200010e+01
  ],
  ""type"": ""Point""
}","{
  ""coordinates"": [
    -83.085779129,
    42.328388242
  ],
  ""type"": ""Point""
}",-83.0857791289999,42.3283882420001