ObjectId,Crash ID,Primary Road,Intersecting Road,Crash Date,Day,Month,Year,Hour,Weekday,Crash Type Code,Highway Classification Code,Community Code,Jurisdiction Code,Lane Departure Type Code,Surface Type,Road Condition,Weather Condition,Lighting Condition,Speed Limit,Lanes,Units,Occupants,Most Severe Injury,Fatal Injuries,Suspected Serious Injuries,Suspected Minor Injuries,Possible Injuries,Property Damage Only,Secondary Crash,Traffic Control,Red Light Run,Hit and Run,Alcohol,Drugs,Unbelted Person,Work Zone,Speeding Driver,Distracted Driver,Driveway,Pedestrian,Elderly Driver,Young Driver,Commercial Vehicle,Emergency Vehicles,Train,School Bus,Motorcycle,Bicycle,Deer,Longitude,Latitude,geom,geog,x,y
16875,1022241,I-75,CLAY,2017-05-01,1,5,2017,7,2,5,1,,1,0,,2,4,1,55,4,3,3,4,0,0,0,1,false,,false,false,false,false,false,,,,,,false,false,true,,,false,false,false,false,false,-83.06198,42.377,"{
  ""coordinates"": [
    -8.306198364799999e+01,
    4.237700127300010e+01
  ],
  ""type"": ""Point""
}","{
  ""coordinates"": [
    -83.061983648,
    42.377001273
  ],
  ""type"": ""Point""
}",-83.061983648,42.3770012730001
16876,1018487,GRAND RIVER,OUTER,2017-05-01,1,5,2017,16,2,6,3,,1,0,,1,2,1,35,7,2,3,4,0,0,0,2,false,,false,false,false,false,false,,,,,,false,false,false,,,false,false,false,false,false,-83.23245,42.4064,"{
  ""coordinates"": [
    -8.323244896599989e+01,
    4.240640058700010e+01
  ],
  ""type"": ""Point""
}","{
  ""coordinates"": [
    -83.232448966,
    42.406400587
  ],
  ""type"": ""Point""
}",-83.2324489659999,42.4064005870001
16877,1019473,I-94,BARRETT,2017-05-01,1,5,2017,22,2,8,1,,1,0,,1,2,4,55,3,3,2,5,0,0,0,0,true,,false,false,true,false,false,,,,,,false,true,false,,,false,false,false,false,false,-82.98309,42.39884,"{
  ""coordinates"": [
    -8.298308554600000e+01,
    4.239884312700010e+01
  ],
  ""type"": ""Point""
}","{
  ""coordinates"": [
    -82.983085546,
    42.398843127
  ],
  ""type"": ""Point""
}",-82.983085546,42.3988431270001
16878,1021192,S I 75,MCNICHOLS,2017-05-01,1,5,2017,7,2,5,1,,1,0,,2,4,1,0,4,2,2,4,0,0,0,1,false,,false,false,false,false,false,,,,,,false,false,true,,,false,false,false,false,false,-83.08804,42.41822,"{
  ""coordinates"": [
    -8.308804325800000e+01,
    4.241821965700010e+01
  ],
  ""type"": ""Point""
}","{
  ""coordinates"": [
    -83.088043258,
    42.418219657
  ],
  ""type"": ""Point""
}",-83.088043258,42.4182196570001
16879,1018472,FORT,OUTER,2017-05-01,1,5,2017,13,2,8,3,,1,0,,1,1,1,40,4,2,2,5,0,0,0,0,true,,false,false,false,false,false,,,,,,false,false,false,,,false,false,false,false,false,-83.1669,42.2621,"{
  ""coordinates"": [
    -8.316689738600000e+01,
    4.226210456400000e+01
  ],
  ""type"": ""Point""
}","{
  ""coordinates"": [
    -83.166897386,
    42.262104564
  ],
  ""type"": ""Point""
}",-83.166897386,42.262104564
16880,1018500,OUTER,CONANT,2017-05-01,1,5,2017,14,2,4,9,,2,0,,1,1,1,35,4,2,2,5,0,0,0,0,true,,false,false,false,false,false,,,,,,false,false,false,,,false,false,false,false,false,-83.07895,42.44028,"{
  ""coordinates"": [
    -8.307895193000000e+01,
    4.244027543200010e+01
  ],
  ""type"": ""Point""
}","{
  ""coordinates"": [
    -83.07895193,
    42.440275432
  ],
  ""type"": ""Point""
}",-83.07895193,42.4402754320001
16881,1026717,HAYES,NOVARA,2017-05-01,1,5,2017,9,2,4,9,,4,0,,2,4,1,30,2,2,2,2,0,1,0,0,false,,false,false,false,false,false,,,,,,false,false,false,,,false,false,false,false,false,-82.96562,42.43921,"{
  ""coordinates"": [
    -8.296562324900000e+01,
    4.243920362500010e+01
  ],
  ""type"": ""Point""
}","{
  ""coordinates"": [
    -82.965623249,
    42.439203625
  ],
  ""type"": ""Point""
}",-82.965623249,42.4392036250001
16882,1036898,OUTER,SOUTHFIELD SERVICE DRIVE,2017-05-01,1,5,2017,11,2,6,9,,2,0,,2,4,1,35,4,3,2,5,0,0,0,0,true,,false,false,true,false,false,,,,,,false,false,false,,,false,false,false,false,false,-83.21845,42.41909,"{
  ""coordinates"": [
    -8.321845424599999e+01,
    4.241908756600000e+01
  ],
  ""type"": ""Point""
}","{
  ""coordinates"": [
    -83.218454246,
    42.419087566
  ],
  ""type"": ""Point""
}",-83.218454246,42.419087566
16883,1022451,DAVISON,INDIANDALE,2017-05-01,1,5,2017,11,2,5,9,,4,0,,2,4,1,30,3,3,6,5,0,0,0,0,true,,false,false,false,false,false,,,,,,false,false,false,,,false,false,false,false,false,-83.15737,42.38613,"{
  ""coordinates"": [
    -8.315736797700001e+01,
    4.238612761700010e+01
  ],
  ""type"": ""Point""
}","{
  ""coordinates"": [
    -83.157367977,
    42.386127617
  ],
  ""type"": ""Point""
}",-83.157367977,42.3861276170001
16884,1018475,FORT,MILLER,2017-05-01,1,5,2017,19,2,5,3,,1,0,,1,1,1,35,5,2,2,5,0,0,0,0,true,,false,false,false,false,false,,,,,,false,false,true,,,false,false,false,false,false,-83.14111,42.29182,"{
  ""coordinates"": [
    -8.314111556599990e+01,
    4.229181495500010e+01
  ],
  ""type"": ""Point""
}","{
  ""coordinates"": [
    -83.141115566,
    42.291814955
  ],
  ""type"": ""Point""
}",-83.1411155659999,42.2918149550001
16885,1018474,DIX,MELLON,2017-05-01,1,5,2017,5,2,1,9,,2,1,,2,4,5,35,4,1,1,5,0,0,0,0,true,,false,false,false,false,false,,,,,,false,false,false,,,false,false,false,false,false,-83.15617,42.29087,"{
  ""coordinates"": [
    -8.315617175900000e+01,
    4.229086946300000e+01
  ],
  ""type"": ""Point""
}","{
  ""coordinates"": [
    -83.156171759,
    42.290869463
  ],
  ""type"": ""Point""
}",-83.156171759,42.290869463
16886,1018473,VERNOR,GRAND,2017-05-01,1,5,2017,15,2,5,9,,4,0,,1,2,1,25,3,2,2,5,0,0,0,0,true,,false,false,false,false,false,,,,,,false,false,false,,,false,false,false,false,false,-83.0892,42.32288,"{
  ""coordinates"": [
    -8.308919370099990e+01,
    4.232288076400000e+01
  ],
  ""type"": ""Point""
}","{
  ""coordinates"": [
    -83.089193701,
    42.322880764
  ],
  ""type"": ""Point""
}",-83.0891937009999,42.322880764
16887,1020334,3942 BEDFORD,WINDSOR,2017-05-01,1,5,2017,20,2,98,9,,,0,,1,1,1,25,1,2,1,5,0,0,0,0,true,,false,false,true,false,false,,,,,,false,false,false,,,false,false,false,false,false,-82.93571,42.39398,"{
  ""coordinates"": [
    -8.293570520299990e+01,
    4.239398114200000e+01
  ],
  ""type"": ""Point""
}","{
  ""coordinates"": [
    -82.935705203,
    42.393981142
  ],
  ""type"": ""Point""
}",-82.9357052029999,42.393981142
16888,1034002,8MILE,WOODWARD,2017-05-01,1,5,2017,21,2,8,3,,1,0,,1,1,4,40,6,2,1,5,0,0,0,0,true,,false,false,false,false,false,,,,,,false,false,true,,,false,false,true,false,false,-83.12502,42.44651,"{
  ""coordinates"": [
    -8.312502419600000e+01,
    4.244650882400000e+01
  ],
  ""type"": ""Point""
}","{
  ""coordinates"": [
    -83.125024196,
    42.446508824
  ],
  ""type"": ""Point""
}",-83.125024196,42.446508824
16889,1018497,WYOMING,FENKELL,2017-05-01,1,5,2017,20,2,2,9,,4,2,,1,1,3,30,5,2,1,4,0,0,0,1,false,,false,false,true,false,false,,,,,,false,false,false,,,false,false,false,false,false,-83.15969,42.40258,"{
  ""coordinates"": [
    -8.315969230199990e+01,
    4.240257959800000e+01
  ],
  ""type"": ""Point""
}","{
  ""coordinates"": [
    -83.159692302,
    42.402579598
  ],
  ""type"": ""Point""
}",-83.1596923019999,42.402579598
16890,1020352,GRATIOT,GUNSTON,2017-05-01,1,5,2017,12,2,4,3,,1,0,,1,1,1,35,7,2,2,5,0,0,0,0,true,,false,false,false,false,false,,,,,,false,false,true,,,false,false,false,false,false,-82.99522,42.40839,"{
  ""coordinates"": [
    -8.299522240300000e+01,
    4.240838478600010e+01
  ],
  ""type"": ""Point""
}","{
  ""coordinates"": [
    -82.995222403,
    42.408384786
  ],
  ""type"": ""Point""
}",-82.995222403,42.4083847860001
16891,1019508,KEYSTONE,7 MILE,2017-05-01,1,5,2017,19,2,4,9,,,0,,1,1,1,30,4,2,1,5,0,0,0,0,true,,false,false,true,false,false,,,,,,false,false,false,,,false,false,false,false,false,-83.05126,42.4332,"{
  ""coordinates"": [
    -8.305126270999990e+01,
    4.243319798500000e+01
  ],
  ""type"": ""Point""
}","{
  ""coordinates"": [
    -83.05126271,
    42.433197985
  ],
  ""type"": ""Point""
}",-83.0512627099999,42.433197985
16892,1018469,CLARK,CHRISTIANCY,2017-05-01,1,5,2017,17,2,97,9,,4,1,,1,2,1,25,4,1,1,5,0,0,0,0,true,,false,false,false,false,false,,,,,,false,false,false,,,false,false,false,false,false,-83.09435,42.3182,"{
  ""coordinates"": [
    -8.309434193700000e+01,
    4.231819666500010e+01
  ],
  ""type"": ""Point""
}","{
  ""coordinates"": [
    -83.094341937,
    42.318196665
  ],
  ""type"": ""Point""
}",-83.094341937,42.3181966650001
16893,1044239,N I 75,MACK,2017-05-01,1,5,2017,8,2,5,1,,1,0,,2,4,1,55,4,2,3,3,0,0,1,1,false,,false,false,false,false,false,,,,,,false,false,true,,,false,false,false,false,false,-83.04793,42.35139,"{
  ""coordinates"": [
    -8.304792604799999e+01,
    4.235138992400000e+01
  ],
  ""type"": ""Point""
}","{
  ""coordinates"": [
    -83.047926048,
    42.351389924
  ],
  ""type"": ""Point""
}",-83.047926048,42.351389924
16894,1018489,MCNICHOLS,RUTHERFORD,2017-05-01,1,5,2017,7,2,5,9,,2,0,,2,2,1,35,4,6,1,5,0,0,0,0,true,,false,false,true,false,false,,,,,,false,false,false,,,false,false,false,false,false,-83.20443,42.41586,"{
  ""coordinates"": [
    -8.320442995900000e+01,
    4.241586347200010e+01
  ],
  ""type"": ""Point""
}","{
  ""coordinates"": [
    -83.204429959,
    42.415863472
  ],
  ""type"": ""Point""
}",-83.204429959,42.4158634720001
16895,1018483,PATTON,CONSTANCE,2017-04-30,30,4,2017,19,1,4,9,,,0,,2,4,1,25,1,2,3,3,0,0,1,0,false,,false,false,true,false,false,,,,,,false,false,false,,,false,false,false,false,false,-83.24191,42.35384,"{
  ""coordinates"": [
    -8.324191287199990e+01,
    4.235383494600010e+01
  ],
  ""type"": ""Point""
}","{
  ""coordinates"": [
    -83.241912872,
    42.353834946
  ],
  ""type"": ""Point""
}",-83.2419128719999,42.3538349460001
16896,1017762,CONANT,OUTER,2017-04-30,30,4,2017,14,1,5,9,,4,0,,2,1,1,35,2,2,7,3,0,0,1,3,false,,false,false,false,false,false,,,,,,false,false,false,,,false,false,false,false,false,-83.07882,42.44009,"{
  ""coordinates"": [
    -8.307881679799991e+01,
    4.244008633700000e+01
  ],
  ""type"": ""Point""
}","{
  ""coordinates"": [
    -83.078816798,
    42.440086337
  ],
  ""type"": ""Point""
}",-83.0788167979999,42.440086337
16897,1018499,CHICAGO,N M 10,2017-04-30,30,4,2017,10,1,8,3,,4,0,,2,4,1,25,3,2,4,5,0,0,0,0,true,,false,false,false,false,false,,,,,,false,false,true,,,false,false,false,false,false,-83.095,42.38251,"{
  ""coordinates"": [
    -8.309500283900000e+01,
    4.238251246300010e+01
  ],
  ""type"": ""Point""
}","{
  ""coordinates"": [
    -83.095002839,
    42.382512463
  ],
  ""type"": ""Point""
}",-83.095002839,42.3825124630001
16898,1058285,SAN JUAN,PURITAN,2017-04-30,30,4,2017,3,1,2,9,,,2,,2,4,4,25,1,3,1,5,0,0,0,0,true,,false,false,true,false,false,,,,,,false,false,false,,,false,false,false,false,false,-83.14591,42.41013,"{
  ""coordinates"": [
    -8.314591013800000e+01,
    4.241013265900010e+01
  ],
  ""type"": ""Point""
}","{
  ""coordinates"": [
    -83.145910138,
    42.410132659
  ],
  ""type"": ""Point""
}",-83.145910138,42.4101326590001
16899,1017766,7 MILE,MOUND,2017-04-30,30,4,2017,16,1,3,9,,4,0,,1,2,1,35,4,2,5,4,0,0,0,4,false,,false,false,false,false,false,,,,,,false,true,false,,,false,false,false,false,false,-83.04339,42.43358,"{
  ""coordinates"": [
    -8.304338700499990e+01,
    4.243358191900010e+01
  ],
  ""type"": ""Point""
}","{
  ""coordinates"": [
    -83.043387005,
    42.433581919
  ],
  ""type"": ""Point""
}",-83.0433870049999,42.4335819190001
16900,1025820,STAHELIN,VASSAR,2017-04-30,30,4,2017,13,1,4,9,,,0,,2,4,1,25,2,2,1,5,0,0,0,0,true,,false,false,true,false,false,,,,,,false,false,false,,,false,false,false,false,false,-83.22791,42.43329,"{
  ""coordinates"": [
    -8.322790765900000e+01,
    4.243329195800000e+01
  ],
  ""type"": ""Point""
}","{
  ""coordinates"": [
    -83.227907659,
    42.433291958
  ],
  ""type"": ""Point""
}",-83.227907659,42.433291958
16901,1017757,WARREN,EPWORTH,2017-04-30,30,4,2017,4,1,1,9,,4,1,,1,1,4,35,7,1,1,5,0,0,0,0,true,,false,false,false,false,false,,,,,,false,false,false,,,false,false,false,false,false,-83.12336,42.34452,"{
  ""coordinates"": [
    -8.312335741399990e+01,
    4.234452037400010e+01
  ],
  ""type"": ""Point""
}","{
  ""coordinates"": [
    -83.123357414,
    42.344520374
  ],
  ""type"": ""Point""
}",-83.1233574139999,42.3445203740001
16902,1020275,N M 10,7 MILE,2017-04-30,30,4,2017,2,1,97,3,,1,0,,2,4,4,55,3,3,4,4,0,0,0,2,false,,false,false,true,false,false,,,,,,false,false,false,,,false,false,false,false,false,-83.187,42.43089,"{
  ""coordinates"": [
    -8.318700229400000e+01,
    4.243089469100000e+01
  ],
  ""type"": ""Point""
}","{
  ""coordinates"": [
    -83.187002294,
    42.430894691
  ],
  ""type"": ""Point""
}",-83.187002294,42.430894691
16903,1018431,E I 96,CSX TRANSPORTATION,2017-04-30,30,4,2017,14,1,1,1,,1,1,,2,2,1,70,4,1,4,3,0,0,1,3,false,,false,false,false,false,false,,,,,,false,false,true,,,false,false,false,false,false,-83.19055,42.37962,"{
  ""coordinates"": [
    -8.319054885500000e+01,
    4.237962170800010e+01
  ],
  ""type"": ""Point""
}","{
  ""coordinates"": [
    -83.190548855,
    42.379621708
  ],
  ""type"": ""Point""
}",-83.190548855,42.3796217080001
16904,1022268,E I 96,E M 8,2017-04-30,30,4,2017,15,1,5,1,,1,0,,2,2,1,70,3,2,4,4,0,0,0,1,false,,false,false,false,false,false,,,,,,false,true,false,,,false,false,false,false,false,-83.15516,42.38517,"{
  ""coordinates"": [
    -8.315515792500000e+01,
    4.238516992600010e+01
  ],
  ""type"": ""Point""
}","{
  ""coordinates"": [
    -83.155157925,
    42.385169926
  ],
  ""type"": ""Point""
}",-83.155157925,42.3851699260001
16905,1018495,TIREMAN,WHITEWOOD,2017-04-30,30,4,2017,5,1,5,9,,4,0,,1,1,4,30,2,3,3,2,0,1,0,1,false,,false,false,false,false,false,,,,,,false,false,false,,,false,false,false,false,false,-83.12044,42.35267,"{
  ""coordinates"": [
    -8.312043912500000e+01,
    4.235267133500000e+01
  ],
  ""type"": ""Point""
}","{
  ""coordinates"": [
    -83.120439125,
    42.352671335
  ],
  ""type"": ""Point""
}",-83.120439125,42.352671335
16906,1017741,JOHN R,FARNSWORTH,2017-04-30,30,4,2017,13,1,8,9,,4,0,,2,4,1,25,2,2,4,5,0,0,0,0,true,,false,false,false,false,false,,,,,,false,false,true,,,false,false,false,false,false,-83.06312,42.35917,"{
  ""coordinates"": [
    -8.306311749500000e+01,
    4.235916834400010e+01
  ],
  ""type"": ""Point""
}","{
  ""coordinates"": [
    -83.063117495,
    42.359168344
  ],
  ""type"": ""Point""
}",-83.063117495,42.3591683440001
16907,1020270,S I 75,MICHIGAN,2017-04-30,30,4,2017,5,1,1,1,,1,1,,2,1,4,70,4,1,1,5,0,0,0,0,true,,false,false,false,false,false,,,,,,false,false,false,,,false,false,false,false,false,-83.08598,42.33123,"{
  ""coordinates"": [
    -8.308597893599990e+01,
    4.233122465300000e+01
  ],
  ""type"": ""Point""
}","{
  ""coordinates"": [
    -83.085978936,
    42.331224653
  ],
  ""type"": ""Point""
}",-83.0859789359999,42.331224653
16908,1020375,2ND,SELDEN,2017-04-30,30,4,2017,12,1,3,9,,4,0,,2,4,1,30,2,2,4,4,0,0,0,1,false,,false,false,false,false,false,,,,,,false,false,false,,,false,false,false,false,false,-83.06499,42.34843,"{
  ""coordinates"": [
    -8.306498971100000e+01,
    4.234843233700010e+01
  ],
  ""type"": ""Point""
}","{
  ""coordinates"": [
    -83.064989711,
    42.348432337
  ],
  ""type"": ""Point""
}",-83.064989711,42.3484323370001
16909,1018445,I 94,I 75,2017-04-30,30,4,2017,15,1,5,1,,1,0,,2,1,1,55,3,2,4,5,0,0,0,0,true,,false,false,false,false,false,,,,,,false,false,false,,,false,false,false,false,false,-83.05775,42.36892,"{
  ""coordinates"": [
    -8.305775348000000e+01,
    4.236891660400000e+01
  ],
  ""type"": ""Point""
}","{
  ""coordinates"": [
    -83.05775348,
    42.368916604
  ],
  ""type"": ""Point""
}",-83.05775348,42.368916604
16910,1021147,I-94,HARPER,2017-04-30,30,4,2017,13,1,97,1,,1,0,,2,4,1,55,3,2,4,5,0,0,0,0,true,,false,false,false,false,false,,,,,,false,false,true,,,false,false,false,false,false,-83.03968,42.37676,"{
  ""coordinates"": [
    -8.303968049900000e+01,
    4.237675756700000e+01
  ],
  ""type"": ""Point""
}","{
  ""coordinates"": [
    -83.039680499,
    42.376757567
  ],
  ""type"": ""Point""
}",-83.039680499,42.376757567
16911,1018425,E I 96,CSX TRANSPORTATION,2017-04-30,30,4,2017,14,1,5,1,,1,0,,2,1,1,70,4,3,2,5,0,0,0,0,true,,false,false,true,false,false,,,,,,false,false,false,,,false,false,false,false,false,-83.19336,42.3791,"{
  ""coordinates"": [
    -8.319336061599989e+01,
    4.237909876800010e+01
  ],
  ""type"": ""Point""
}","{
  ""coordinates"": [
    -83.193360616,
    42.379098768
  ],
  ""type"": ""Point""
}",-83.1933606159999,42.3790987680001
16912,1019495,GRAYTON,DUCHESS,2017-04-30,30,4,2017,21,1,5,9,,,0,,2,4,5,25,1,2,5,5,0,0,0,0,true,,false,false,true,false,false,,,,,,false,false,false,,,false,false,false,false,false,-82.95738,42.42349,"{
  ""coordinates"": [
    -8.295738559700000e+01,
    4.242349055900010e+01
  ],
  ""type"": ""Point""
}","{
  ""coordinates"": [
    -82.957385597,
    42.423490559
  ],
  ""type"": ""Point""
}",-82.957385597,42.4234905590001
16913,1018506,VAN DYKE,ROBINWOOD,2017-04-30,30,4,2017,20,1,4,3,,1,0,,2,4,4,35,4,2,1,5,0,0,0,0,true,,false,false,true,false,false,,,,,,false,false,true,,,false,false,false,false,false,-83.02418,42.43195,"{
  ""coordinates"": [
    -8.302417573400000e+01,
    4.243195372100010e+01
  ],
  ""type"": ""Point""
}","{
  ""coordinates"": [
    -83.024175734,
    42.431953721
  ],
  ""type"": ""Point""
}",-83.024175734,42.4319537210001
16914,1017752,GRATIOT,7 MILE,2017-04-30,30,4,2017,14,1,4,3,,1,0,,2,4,1,35,7,2,4,5,0,0,0,0,true,,false,false,false,false,false,,,,,,false,true,false,,,false,false,false,false,false,-82.97794,42.43472,"{
  ""coordinates"": [
    -8.297793251000000e+01,
    4.243471695100000e+01
  ],
  ""type"": ""Point""
}","{
  ""coordinates"": [
    -82.97793251,
    42.434716951
  ],
  ""type"": ""Point""
}",-82.97793251,42.434716951
16915,1017756,ESPER,JOY,2017-04-30,30,4,2017,13,1,8,9,,,0,,1,1,1,25,1,2,0,5,0,0,0,0,true,,false,false,true,false,false,,,,,,false,false,false,,,false,false,false,false,false,-83.15784,42.35899,"{
  ""coordinates"": [
    -8.315784576500000e+01,
    4.235898729800000e+01
  ],
  ""type"": ""Point""
}","{
  ""coordinates"": [
    -83.157845765,
    42.358987298
  ],
  ""type"": ""Point""
}",-83.157845765,42.358987298
16916,1019511,7 MILE,ORLEANS,2017-04-30,30,4,2017,1,1,97,9,,4,0,,2,4,4,30,2,2,1,5,0,0,0,0,true,,false,false,true,false,false,,,,,,false,false,false,,,false,false,false,false,false,-83.08533,42.43283,"{
  ""coordinates"": [
    -8.308532383600000e+01,
    4.243282848500010e+01
  ],
  ""type"": ""Point""
}","{
  ""coordinates"": [
    -83.085323836,
    42.432828485
  ],
  ""type"": ""Point""
}",-83.085323836,42.4328284850001
16917,1019493,GRATIOT,SAINT PATRICK,2017-04-30,30,4,2017,12,1,97,3,,1,0,,2,4,1,35,7,2,3,4,0,0,0,1,false,,false,false,false,false,false,,,,,,false,true,false,,,false,false,false,false,false,-82.9922,42.41301,"{
  ""coordinates"": [
    -8.299220309299990e+01,
    4.241300451300000e+01
  ],
  ""type"": ""Point""
}","{
  ""coordinates"": [
    -82.992203093,
    42.413004513
  ],
  ""type"": ""Point""
}",-82.9922030929999,42.413004513
16918,1018467,JEFFERSON,RANDOLPH,2017-04-30,30,4,2017,17,1,4,4,,1,0,,2,4,1,35,4,2,3,5,0,0,0,0,true,,true,true,false,false,false,,,,,,false,false,true,,,false,false,false,false,false,-83.0416,42.32977,"{
  ""coordinates"": [
    -8.304160575000000e+01,
    4.232976395200010e+01
  ],
  ""type"": ""Point""
}","{
  ""coordinates"": [
    -83.04160575,
    42.329763952
  ],
  ""type"": ""Point""
}",-83.04160575,42.3297639520001
16919,1019480,MEYERS,PURITAN,2017-04-30,30,4,2017,3,1,4,9,,4,0,,2,4,4,30,8,2,1,5,0,0,0,0,true,,true,true,true,false,false,,,,,,false,false,true,,,false,false,false,false,false,-83.16976,42.40954,"{
  ""coordinates"": [
    -8.316976356000001e+01,
    4.240954146800000e+01
  ],
  ""type"": ""Point""
}","{
  ""coordinates"": [
    -83.16976356,
    42.409541468
  ],
  ""type"": ""Point""
}",-83.16976356,42.409541468
16920,1017763,8 MILE,FENELON,2017-04-30,30,4,2017,21,1,5,3,,1,0,,2,4,4,0,4,2,5,5,0,0,0,0,true,,true,true,true,false,false,,,,,,false,false,false,,,false,false,false,false,false,-83.05378,42.44752,"{
  ""coordinates"": [
    -8.305377946800000e+01,
    4.244752072200000e+01
  ],
  ""type"": ""Point""
}","{
  ""coordinates"": [
    -83.053779468,
    42.447520722
  ],
  ""type"": ""Point""
}",-83.053779468,42.447520722
16921,1020295,I-94,LIVERNOIS,2017-04-30,30,4,2017,7,1,1,1,,1,1,,98,98,98,55,3,1,1,5,0,0,0,0,true,,false,false,false,false,false,,,,,,false,false,true,,,false,false,false,false,false,-83.12664,42.33677,"{
  ""coordinates"": [
    -8.312664268400000e+01,
    4.233676768100000e+01
  ],
  ""type"": ""Point""
}","{
  ""coordinates"": [
    -83.126642684,
    42.336767681
  ],
  ""type"": ""Point""
}",-83.126642684,42.336767681
16922,1017748,MCNICHOLS,RUTHERFORD,2017-04-30,30,4,2017,4,1,5,9,,2,3,,1,1,4,35,4,2,1,5,0,0,0,0,true,,false,false,false,false,false,,,,,,false,false,false,,,false,false,false,false,false,-83.20499,42.41585,"{
  ""coordinates"": [
    -8.320499682799991e+01,
    4.241585175700000e+01
  ],
  ""type"": ""Point""
}","{
  ""coordinates"": [
    -83.204996828,
    42.415851757
  ],
  ""type"": ""Point""
}",-83.2049968279999,42.415851757
16923,1017634,I-75,SAVANNAH,2017-04-30,30,4,2017,22,1,5,9,,4,0,,2,4,4,70,4,2,1,5,0,0,0,0,true,,false,false,true,false,false,,,,,,false,false,false,,,false,false,false,false,false,-83.09302,42.42533,"{
  ""coordinates"": [
    -8.309301597400000e+01,
    4.242533540600000e+01
  ],
  ""type"": ""Point""
}","{
  ""coordinates"": [
    -83.093015974,
    42.425335406
  ],
  ""type"": ""Point""
}",-83.093015974,42.425335406
16924,1018421,I 94,BRUSH,2017-04-30,30,4,2017,14,1,5,1,,1,0,,2,4,1,55,3,2,2,5,0,0,0,0,true,,false,false,false,false,false,,,,,,false,false,true,,,false,false,false,false,false,-83.06422,42.36591,"{
  ""coordinates"": [
    -8.306421757000000e+01,
    4.236590750200000e+01
  ],
  ""type"": ""Point""
}","{
  ""coordinates"": [
    -83.06421757,
    42.365907502
  ],
  ""type"": ""Point""
}",-83.06421757,42.365907502
16925,1018485,SOUTHFIELD SERVICE,WARREN,2017-04-30,30,4,2017,13,1,4,3,,1,0,,2,2,1,0,2,2,3,5,0,0,0,0,true,,false,false,false,false,false,,,,,,false,false,false,,,false,false,false,false,false,-83.21605,42.34358,"{
  ""coordinates"": [
    -8.321604763900000e+01,
    4.234357966700000e+01
  ],
  ""type"": ""Point""
}","{
  ""coordinates"": [
    -83.216047639,
    42.343579667
  ],
  ""type"": ""Point""
}",-83.216047639,42.343579667
16926,1017764,MOUND,EMERY,2017-04-30,30,4,2017,9,1,4,9,,2,0,,1,1,1,35,3,2,2,4,0,0,0,1,false,,false,false,false,false,false,,,,,,false,false,false,,,false,false,false,false,false,-83.04353,42.4361,"{
  ""coordinates"": [
    -8.304353254199999e+01,
    4.243609502500000e+01
  ],
  ""type"": ""Point""
}","{
  ""coordinates"": [
    -83.043532542,
    42.436095025
  ],
  ""type"": ""Point""
}",-83.043532542,42.436095025
16927,1017765,OUTER,7 MILE,2017-04-30,30,4,2017,19,1,2,9,,2,0,,2,4,1,35,4,2,1,5,0,0,0,0,true,,false,false,true,false,false,,,,,,false,false,false,,,false,false,false,false,false,-83.17574,42.43107,"{
  ""coordinates"": [
    -8.317574495000000e+01,
    4.243107144600000e+01
  ],
  ""type"": ""Point""
}","{
  ""coordinates"": [
    -83.17574495,
    42.431071446
  ],
  ""type"": ""Point""
}",-83.17574495,42.431071446
16928,1018420,M 39,GRAND RIVER,2017-04-30,30,4,2017,7,1,1,3,,1,1,,2,2,1,55,3,1,1,4,0,0,0,1,false,,false,false,false,false,false,,,,,,false,false,false,,,false,false,false,false,false,-83.21838,42.40047,"{
  ""coordinates"": [
    -8.321837966699999e+01,
    4.240047036100000e+01
  ],
  ""type"": ""Point""
}","{
  ""coordinates"": [
    -83.218379667,
    42.400470361
  ],
  ""type"": ""Point""
}",-83.218379667,42.400470361
16929,1017617,I-75,SAVANNAH,2017-04-30,30,4,2017,22,1,1,9,,4,1,,2,4,4,70,3,1,2,5,0,0,0,0,true,,false,false,false,false,false,,,,,,false,false,true,,,false,false,false,false,false,-83.09332,42.42599,"{
  ""coordinates"": [
    -8.309332115300001e+01,
    4.242598585600010e+01
  ],
  ""type"": ""Point""
}","{
  ""coordinates"": [
    -83.093321153,
    42.425985856
  ],
  ""type"": ""Point""
}",-83.093321153,42.4259858560001
16930,1017751,OUTER,7 MILE,2017-04-30,30,4,2017,4,1,8,9,,2,0,,2,4,4,30,3,2,0,5,0,0,0,0,true,,false,false,true,false,false,,,,,,false,false,false,,,false,false,false,false,false,-83.17553,42.43255,"{
  ""coordinates"": [
    -8.317552874499999e+01,
    4.243254974700010e+01
  ],
  ""type"": ""Point""
}","{
  ""coordinates"": [
    -83.175528745,
    42.432549747
  ],
  ""type"": ""Point""
}",-83.175528745,42.4325497470001
16931,1020279,W/B I-94,GRATIOT,2017-04-30,30,4,2017,21,1,8,1,,1,3,,2,4,4,55,3,2,1,5,0,0,0,0,true,,false,false,false,false,false,,,,,,false,false,false,,,false,false,false,false,false,-83.00438,42.39191,"{
  ""coordinates"": [
    -8.300437956099999e+01,
    4.239191333300000e+01
  ],
  ""type"": ""Point""
}","{
  ""coordinates"": [
    -83.004379561,
    42.391913333
  ],
  ""type"": ""Point""
}",-83.004379561,42.391913333