ObjectId,Crash ID,Primary Road,Intersecting Road,Crash Date,Day,Month,Year,Hour,Weekday,Crash Type Code,Highway Classification Code,Community Code,Jurisdiction Code,Lane Departure Type Code,Surface Type,Road Condition,Weather Condition,Lighting Condition,Speed Limit,Lanes,Units,Occupants,Most Severe Injury,Fatal Injuries,Suspected Serious Injuries,Suspected Minor Injuries,Possible Injuries,Property Damage Only,Secondary Crash,Traffic Control,Red Light Run,Hit and Run,Alcohol,Drugs,Unbelted Person,Work Zone,Speeding Driver,Distracted Driver,Driveway,Pedestrian,Elderly Driver,Young Driver,Commercial Vehicle,Emergency Vehicles,Train,School Bus,Motorcycle,Bicycle,Deer,Longitude,Latitude,geom,geog,x,y
16932,1020267,E I 94,CONCORD,2017-04-30,30,4,2017,2,1,8,1,,1,0,,2,4,4,55,3,2,3,5,0,0,0,0,true,,false,false,false,false,false,,,,,,false,false,true,,,false,false,false,false,false,-83.0301,42.38315,"{
  ""coordinates"": [
    -8.303010121700000e+01,
    4.238315150800000e+01
  ],
  ""type"": ""Point""
}","{
  ""coordinates"": [
    -83.030101217,
    42.383151508
  ],
  ""type"": ""Point""
}",-83.030101217,42.383151508
16933,1020274,I-96,TIREMAN,2017-04-30,30,4,2017,3,1,1,1,,1,1,,2,4,4,55,4,1,1,5,0,0,0,0,true,,false,false,false,false,false,,,,,,false,false,true,,,false,false,false,false,false,-83.10608,42.35431,"{
  ""coordinates"": [
    -8.310608132100000e+01,
    4.235430663100000e+01
  ],
  ""type"": ""Point""
}","{
  ""coordinates"": [
    -83.106081321,
    42.354306631
  ],
  ""type"": ""Point""
}",-83.106081321,42.354306631
16934,1019510,OUTER,VASSAR/OUTER CUTOFF,2017-04-30,30,4,2017,4,1,5,9,,2,0,,2,3,4,0,2,2,1,5,0,0,0,0,true,,false,false,true,false,false,,,,,,false,false,false,,,false,false,false,false,false,-83.17586,42.43389,"{
  ""coordinates"": [
    -8.317585659500000e+01,
    4.243389111100000e+01
  ],
  ""type"": ""Point""
}","{
  ""coordinates"": [
    -83.175856595,
    42.433891111
  ],
  ""type"": ""Point""
}",-83.175856595,42.433891111
16935,1018496,BRYDEN,TIREMAN,2017-04-30,30,4,2017,10,1,8,9,,,0,,1,1,1,25,1,2,0,5,0,0,0,0,true,,false,false,true,false,false,,,,,,false,false,false,,,false,false,false,false,false,-83.14523,42.35184,"{
  ""coordinates"": [
    -8.314523066800000e+01,
    4.235184118400010e+01
  ],
  ""type"": ""Point""
}","{
  ""coordinates"": [
    -83.145230668,
    42.351841184
  ],
  ""type"": ""Point""
}",-83.145230668,42.3518411840001
16936,1033916,WYOMING,WESTFIELD,2017-04-30,30,4,2017,19,1,2,9,,4,2,,2,1,1,35,3,2,2,2,0,1,0,0,false,,false,false,false,false,false,,,,,,false,false,true,,,false,false,false,false,false,-83.15813,42.36421,"{
  ""coordinates"": [
    -8.315813125999991e+01,
    4.236420997000000e+01
  ],
  ""type"": ""Point""
}","{
  ""coordinates"": [
    -83.15813126,
    42.36420997
  ],
  ""type"": ""Point""
}",-83.1581312599999,42.36420997
16937,1022433,MERTON,3RD,2017-04-30,30,4,2017,5,1,8,9,,,0,,2,4,4,25,2,4,0,5,0,0,0,0,true,,false,false,true,false,false,,,,,,false,false,false,,,false,false,false,false,false,-83.11283,42.4185,"{
  ""coordinates"": [
    -8.311283379699999e+01,
    4.241849666800000e+01
  ],
  ""type"": ""Point""
}","{
  ""coordinates"": [
    -83.112833797,
    42.418496668
  ],
  ""type"": ""Point""
}",-83.112833797,42.418496668
16938,1018481,WILDEMERE,JOHN,2017-04-30,30,4,2017,22,1,2,9,,,2,,2,4,4,25,2,2,0,5,0,0,0,0,true,,false,false,true,false,false,,,,,,false,false,false,,,false,false,false,false,false,-83.13248,42.40566,"{
  ""coordinates"": [
    -8.313248515299991e+01,
    4.240565870500010e+01
  ],
  ""type"": ""Point""
}","{
  ""coordinates"": [
    -83.132485153,
    42.405658705
  ],
  ""type"": ""Point""
}",-83.1324851529999,42.4056587050001
16939,1017747,OUTER,FAUST,2017-04-30,30,4,2017,14,1,4,9,,2,0,,2,4,1,30,3,2,2,5,0,0,0,0,true,,true,false,false,false,false,,,,,,false,false,false,,,false,false,false,false,false,-83.22382,42.41896,"{
  ""coordinates"": [
    -8.322382609200000e+01,
    4.241896163300000e+01
  ],
  ""type"": ""Point""
}","{
  ""coordinates"": [
    -83.223826092,
    42.418961633
  ],
  ""type"": ""Point""
}",-83.223826092,42.418961633
16940,1020282,I-94,CONNER,2017-04-30,30,4,2017,23,1,97,1,,1,0,,2,4,4,55,3,2,1,5,0,0,0,0,true,,false,false,false,false,false,,,,,,false,false,false,,,false,false,false,false,false,-82.99107,42.39402,"{
  ""coordinates"": [
    -8.299106241699999e+01,
    4.239401934200000e+01
  ],
  ""type"": ""Point""
}","{
  ""coordinates"": [
    -82.991062417,
    42.394019342
  ],
  ""type"": ""Point""
}",-82.991062417,42.394019342
16941,1017750,OUTER,7 MILE,2017-04-30,30,4,2017,18,1,4,9,,2,0,,2,4,1,35,4,2,1,5,0,0,0,0,true,,true,true,false,false,false,,,,,,false,true,false,,,false,false,false,false,false,-83.0146,42.43425,"{
  ""coordinates"": [
    -8.301459393700000e+01,
    4.243425195500000e+01
  ],
  ""type"": ""Point""
}","{
  ""coordinates"": [
    -83.014593937,
    42.434251955
  ],
  ""type"": ""Point""
}",-83.014593937,42.434251955
16942,1020281,W/B I-94,WOODWARD,2017-04-30,30,4,2017,22,1,5,1,,1,0,,2,4,4,55,3,2,2,5,0,0,0,0,true,,false,false,false,false,false,,,,,,false,false,true,,,false,false,false,false,false,-83.06582,42.36524,"{
  ""coordinates"": [
    -8.306582007700000e+01,
    4.236523830800010e+01
  ],
  ""type"": ""Point""
}","{
  ""coordinates"": [
    -83.065820077,
    42.365238308
  ],
  ""type"": ""Point""
}",-83.065820077,42.3652383080001
16943,1020280,N M 10,RAMP 117A,2017-04-30,30,4,2017,20,1,5,3,,1,0,,2,4,4,55,3,2,1,4,0,0,0,1,false,,false,false,true,false,false,,,,,,false,false,false,,,false,false,false,false,false,-83.07987,42.36468,"{
  ""coordinates"": [
    -8.307987250100000e+01,
    4.236467692700010e+01
  ],
  ""type"": ""Point""
}","{
  ""coordinates"": [
    -83.079872501,
    42.364676927
  ],
  ""type"": ""Point""
}",-83.079872501,42.3646769270001
16944,1020277,M-39,FENKELL,2017-04-30,30,4,2017,20,1,1,3,,1,1,,2,4,1,55,3,1,1,4,0,0,0,1,false,,false,false,false,true,false,,,,,,false,false,false,,,false,false,false,false,false,-83.21838,42.4014,"{
  ""coordinates"": [
    -8.321837745800001e+01,
    4.240140107400000e+01
  ],
  ""type"": ""Point""
}","{
  ""coordinates"": [
    -83.218377458,
    42.401401074
  ],
  ""type"": ""Point""
}",-83.218377458,42.401401074
16945,1017749,7 MILE,BERG,2017-04-30,30,4,2017,18,1,4,9,,2,0,,2,4,1,35,5,2,2,5,0,0,0,0,true,,true,true,false,false,false,,,,,,false,false,true,,,false,false,false,false,false,-83.26785,42.42918,"{
  ""coordinates"": [
    -8.326785333500000e+01,
    4.242917672500000e+01
  ],
  ""type"": ""Point""
}","{
  ""coordinates"": [
    -83.267853335,
    42.429176725
  ],
  ""type"": ""Point""
}",-83.267853335,42.429176725
16946,1017744,LAFAYETTE,RIVARD,2017-04-30,30,4,2017,2,1,4,9,,4,0,,2,4,4,30,3,2,4,4,0,0,0,3,false,,true,true,false,false,false,,,,,,false,false,false,,,false,false,false,false,false,-83.03632,42.33649,"{
  ""coordinates"": [
    -8.303631227400000e+01,
    4.233649169300000e+01
  ],
  ""type"": ""Point""
}","{
  ""coordinates"": [
    -83.036312274,
    42.336491693
  ],
  ""type"": ""Point""
}",-83.036312274,42.336491693
16947,1019507,NEVADA,VAN DYKE,2017-04-30,30,4,2017,7,1,5,3,,4,0,,2,1,2,30,2,2,1,5,0,0,0,0,true,,false,false,false,false,false,,,,,,false,false,true,,,false,false,false,false,false,-83.02408,42.42674,"{
  ""coordinates"": [
    -8.302407687800000e+01,
    4.242673949100000e+01
  ],
  ""type"": ""Point""
}","{
  ""coordinates"": [
    -83.024076878,
    42.426739491
  ],
  ""type"": ""Point""
}",-83.024076878,42.426739491
16948,1022307,E I 94,2ND,2017-04-30,30,4,2017,14,1,5,1,,1,0,,2,2,1,55,3,2,7,4,0,0,0,6,false,,false,false,false,false,false,,,,,,false,false,false,,,false,false,false,false,false,-83.07198,42.36179,"{
  ""coordinates"": [
    -8.307197936499990e+01,
    4.236178732400000e+01
  ],
  ""type"": ""Point""
}","{
  ""coordinates"": [
    -83.071979365,
    42.361787324
  ],
  ""type"": ""Point""
}",-83.0719793649999,42.361787324
16949,1019521,MEYERS,7 MILE,2017-04-30,30,4,2017,13,1,5,9,,4,0,,2,4,1,30,2,2,2,4,0,0,0,1,false,,false,false,true,false,false,,,,,,false,true,false,,,false,false,false,false,false,-83.17068,42.4311,"{
  ""coordinates"": [
    -8.317068689800000e+01,
    4.243109432400010e+01
  ],
  ""type"": ""Point""
}","{
  ""coordinates"": [
    -83.170686898,
    42.431094324
  ],
  ""type"": ""Point""
}",-83.170686898,42.4310943240001
16950,1020309,WOODWARD,GRATIOT,2017-04-30,30,4,2017,22,1,8,9,,4,0,,2,4,4,35,2,2,1,5,0,0,0,0,true,,false,false,true,false,false,,,,,,false,false,false,,,false,false,false,false,false,-83.04777,42.33286,"{
  ""coordinates"": [
    -8.304777102700000e+01,
    4.233285475600010e+01
  ],
  ""type"": ""Point""
}","{
  ""coordinates"": [
    -83.047771027,
    42.332854756
  ],
  ""type"": ""Point""
}",-83.047771027,42.3328547560001
16951,1029501,GRAND RIVER,TEMPLE,2017-04-30,30,4,2017,15,1,5,3,,1,0,,1,1,1,35,2,2,2,5,0,0,0,0,true,,false,false,false,false,false,,,,,,false,true,false,,,false,false,false,false,false,-83.06579,42.3392,"{
  ""coordinates"": [
    -8.306579058999991e+01,
    4.233919979100010e+01
  ],
  ""type"": ""Point""
}","{
  ""coordinates"": [
    -83.06579059,
    42.339199791
  ],
  ""type"": ""Point""
}",-83.0657905899999,42.3391997910001
16952,1017739,PALLISTER,POE,2017-04-29,29,4,2017,7,7,98,9,,,0,,1,1,4,0,3,2,0,5,0,0,0,0,true,,false,false,true,false,false,,,,,,false,false,false,,,false,false,false,false,false,-83.08848,42.36864,"{
  ""coordinates"": [
    -8.308847952699990e+01,
    4.236864508700010e+01
  ],
  ""type"": ""Point""
}","{
  ""coordinates"": [
    -83.088479527,
    42.368645087
  ],
  ""type"": ""Point""
}",-83.0884795269999,42.3686450870001
16953,1016607,WARREN,CHALMERS,2017-04-29,29,4,2017,7,7,97,9,,4,0,,1,1,1,35,5,3,4,5,0,0,0,0,true,,true,true,false,false,false,,,,,,false,false,true,,,false,false,false,false,false,-82.95886,42.39545,"{
  ""coordinates"": [
    -8.295886048700000e+01,
    4.239544827200010e+01
  ],
  ""type"": ""Point""
}","{
  ""coordinates"": [
    -82.958860487,
    42.395448272
  ],
  ""type"": ""Point""
}",-82.958860487,42.3954482720001
16954,1017743,CHARLEVOIX,BURNS,2017-04-29,29,4,2017,22,7,4,9,,4,0,,1,1,4,30,3,2,2,5,0,0,0,0,true,,true,true,false,false,false,,,,,,false,false,true,,,false,false,false,false,false,-82.99746,42.36505,"{
  ""coordinates"": [
    -8.299746135600000e+01,
    4.236505299100000e+01
  ],
  ""type"": ""Point""
}","{
  ""coordinates"": [
    -82.997461356,
    42.365052991
  ],
  ""type"": ""Point""
}",-82.997461356,42.365052991
16955,1016725,LIVERNOIS,CHIPPEWA,2017-04-29,29,4,2017,19,7,8,9,,4,0,,1,1,1,30,2,2,2,5,0,0,0,0,true,,false,false,false,false,false,,,,,,false,false,true,,,false,false,false,false,false,-83.14175,42.44162,"{
  ""coordinates"": [
    -8.314175365299999e+01,
    4.244162183500000e+01
  ],
  ""type"": ""Point""
}","{
  ""coordinates"": [
    -83.141753653,
    42.441621835
  ],
  ""type"": ""Point""
}",-83.141753653,42.441621835
16956,1018482,EVERGREEN,CONSTANCE,2017-04-29,29,4,2017,10,7,4,9,,4,0,,1,2,1,30,2,2,2,4,0,0,0,1,false,,false,false,false,false,false,,,,,,false,false,false,,,false,false,false,false,false,-83.2358,42.35396,"{
  ""coordinates"": [
    -8.323580242500000e+01,
    4.235395653200000e+01
  ],
  ""type"": ""Point""
}","{
  ""coordinates"": [
    -83.235802425,
    42.353956532
  ],
  ""type"": ""Point""
}",-83.235802425,42.353956532
16957,1018505,7 MILE,SCHOENER75,2017-04-29,29,4,2017,13,7,5,9,,4,0,,1,1,1,30,4,2,2,5,0,0,0,0,true,,false,false,false,false,false,,,,,,false,false,false,,,false,false,false,false,false,-82.98485,42.43493,"{
  ""coordinates"": [
    -8.298484839000000e+01,
    4.243492760300010e+01
  ],
  ""type"": ""Point""
}","{
  ""coordinates"": [
    -82.98484839,
    42.434927603
  ],
  ""type"": ""Point""
}",-82.98484839,42.4349276030001
16958,1016652,SAINT MARYS,SEVEN MILE,2017-04-29,29,4,2017,16,7,97,9,,,0,,1,2,1,35,4,3,2,5,0,0,0,0,true,,true,false,false,false,false,,,,,,false,false,true,,,false,false,false,false,false,-83.20734,42.43141,"{
  ""coordinates"": [
    -8.320734781399990e+01,
    4.243141092100010e+01
  ],
  ""type"": ""Point""
}","{
  ""coordinates"": [
    -83.207347814,
    42.431410921
  ],
  ""type"": ""Point""
}",-83.2073478139999,42.4314109210001
16959,1018449,N/B I-75,DEARBORN,2017-04-29,29,4,2017,5,7,1,1,,1,1,,1,1,4,55,3,1,1,3,0,0,1,0,false,,false,false,false,false,false,,,,,,false,false,true,,,false,false,false,false,false,-83.14811,42.28294,"{
  ""coordinates"": [
    -8.314810715899991e+01,
    4.228293703200010e+01
  ],
  ""type"": ""Point""
}","{
  ""coordinates"": [
    -83.148107159,
    42.282937032
  ],
  ""type"": ""Point""
}",-83.1481071589999,42.2829370320001
16960,1016698,ANGLIN,NEVADA,2017-04-29,29,4,2017,3,7,5,9,,,0,,1,1,4,25,2,2,0,5,0,0,0,0,true,,false,false,true,false,false,,,,,,false,false,true,,,false,false,false,false,false,-83.07442,42.42575,"{
  ""coordinates"": [
    -8.307441969699990e+01,
    4.242574582700010e+01
  ],
  ""type"": ""Point""
}","{
  ""coordinates"": [
    -83.074419697,
    42.425745827
  ],
  ""type"": ""Point""
}",-83.0744196969999,42.4257458270001
16961,1018486,LENORE,PICKFORD,2017-04-29,29,4,2017,11,7,4,9,,,0,,1,1,1,25,2,2,1,4,0,0,0,1,false,,false,false,false,false,false,,,,,,false,false,false,,,false,false,false,false,false,-83.28135,42.42343,"{
  ""coordinates"": [
    -8.328135101600000e+01,
    4.242343206300010e+01
  ],
  ""type"": ""Point""
}","{
  ""coordinates"": [
    -83.281351016,
    42.423432063
  ],
  ""type"": ""Point""
}",-83.281351016,42.4234320630001
16962,1017746,GRANDRIVER,BERG,2017-04-29,29,4,2017,6,7,4,3,,1,0,,1,1,1,35,2,2,1,5,0,0,0,0,true,,false,false,true,false,false,,,,,,false,true,false,,,false,false,false,false,false,-83.26642,42.42012,"{
  ""coordinates"": [
    -8.326641779399991e+01,
    4.242011833100000e+01
  ],
  ""type"": ""Point""
}","{
  ""coordinates"": [
    -83.266417794,
    42.420118331
  ],
  ""type"": ""Point""
}",-83.2664177939999,42.420118331
16963,1022389,BRUSH,HOLBROOK,2017-04-29,29,4,2017,15,7,4,9,,4,0,,1,1,1,15,6,2,2,5,0,0,0,0,true,,false,false,true,false,false,,,,,,false,false,false,,,false,false,false,false,false,-83.07478,42.38331,"{
  ""coordinates"": [
    -8.307478014500001e+01,
    4.238330822300000e+01
  ],
  ""type"": ""Point""
}","{
  ""coordinates"": [
    -83.074780145,
    42.383308223
  ],
  ""type"": ""Point""
}",-83.074780145,42.383308223
16964,1016601,JUNCTION,TOLEDO,2017-04-29,29,4,2017,19,7,2,9,,4,2,,1,2,1,25,2,2,2,5,0,0,0,0,true,,false,false,true,false,false,,,,,,false,false,true,,,false,false,false,false,false,-83.09727,42.31149,"{
  ""coordinates"": [
    -8.309726821899990e+01,
    4.231148489600000e+01
  ],
  ""type"": ""Point""
}","{
  ""coordinates"": [
    -83.097268219,
    42.311484896
  ],
  ""type"": ""Point""
}",-83.0972682189999,42.311484896
16965,1016625,JOY,BRAILE,2017-04-29,29,4,2017,19,7,4,9,,2,0,,1,2,1,25,2,2,2,4,0,0,0,1,false,,false,false,true,false,false,,,,,,false,false,false,,,false,false,false,false,false,-83.24292,42.35744,"{
  ""coordinates"": [
    -8.324292020300000e+01,
    4.235743769600000e+01
  ],
  ""type"": ""Point""
}","{
  ""coordinates"": [
    -83.242920203,
    42.357437696
  ],
  ""type"": ""Point""
}",-83.242920203,42.357437696
16966,1020276,W I 94,MORANG,2017-04-29,29,4,2017,20,7,8,1,,1,0,,1,1,1,55,3,2,2,5,0,0,0,0,true,,false,false,false,false,false,,,,,,false,false,false,,,false,false,false,false,false,-82.93332,42.41954,"{
  ""coordinates"": [
    -8.293332073999990e+01,
    4.241954167200000e+01
  ],
  ""type"": ""Point""
}","{
  ""coordinates"": [
    -82.93332074,
    42.419541672
  ],
  ""type"": ""Point""
}",-82.9333207399999,42.419541672
16967,1020272,I-96,M-39,2017-04-29,29,4,2017,2,7,1,1,,1,1,,2,1,4,55,3,1,1,5,0,0,0,0,true,,false,false,false,true,false,,,,,,false,false,true,,,false,false,false,false,false,-83.21749,42.37881,"{
  ""coordinates"": [
    -8.321749457600001e+01,
    4.237880651100010e+01
  ],
  ""type"": ""Point""
}","{
  ""coordinates"": [
    -83.217494576,
    42.378806511
  ],
  ""type"": ""Point""
}",-83.217494576,42.3788065110001
16968,1067032,PIERSON,PICKFORD,2017-04-29,29,4,2017,18,7,8,9,,,0,,1,1,1,30,2,2,2,3,0,0,2,0,false,,false,false,false,false,false,,,,,,false,false,false,,,false,false,false,false,false,-83.24709,42.42427,"{
  ""coordinates"": [
    -8.324708252200000e+01,
    4.242427425200000e+01
  ],
  ""type"": ""Point""
}","{
  ""coordinates"": [
    -83.247082522,
    42.424274252
  ],
  ""type"": ""Point""
}",-83.247082522,42.424274252
16969,1016712,OAKMAN,W I 96,2017-04-29,29,4,2017,5,7,97,9,,4,0,,1,1,5,25,3,2,2,4,0,0,0,1,false,,false,false,false,false,false,,,,,,false,false,false,,,false,false,false,false,false,-83.1461,42.37715,"{
  ""coordinates"": [
    -8.314609165600000e+01,
    4.237715304900010e+01
  ],
  ""type"": ""Point""
}","{
  ""coordinates"": [
    -83.146091656,
    42.377153049
  ],
  ""type"": ""Point""
}",-83.146091656,42.3771530490001
16970,1016668,CONNER,GRATIOT,2017-04-29,29,4,2017,14,7,5,3,,4,0,,2,2,1,35,5,2,2,5,0,0,0,0,true,,false,false,true,false,false,,,,,,false,false,false,,,false,false,false,false,false,-82.99762,42.40501,"{
  ""coordinates"": [
    -8.299762093200000e+01,
    4.240501025600000e+01
  ],
  ""type"": ""Point""
}","{
  ""coordinates"": [
    -82.997620932,
    42.405010256
  ],
  ""type"": ""Point""
}",-82.997620932,42.405010256
16971,1016650,N M 39,GRAND RIVER,2017-04-29,29,4,2017,6,7,1,3,,1,0,,1,2,4,35,2,1,2,2,0,1,1,0,false,,false,false,false,true,false,,,,,,false,false,false,,,false,false,false,false,false,-83.2182,42.40054,"{
  ""coordinates"": [
    -8.321819941699989e+01,
    4.240054180000000e+01
  ],
  ""type"": ""Point""
}","{
  ""coordinates"": [
    -83.218199417,
    42.4005418
  ],
  ""type"": ""Point""
}",-83.2181994169999,42.4005418
16972,1016685,GRAND RIVER,RIVERA,2017-04-29,29,4,2017,10,7,8,9,,,0,,1,2,1,35,3,2,1,5,0,0,0,0,true,,false,false,true,false,false,,,,,,false,false,false,,,false,false,false,false,false,-83.04874,42.3341,"{
  ""coordinates"": [
    -8.304874118100000e+01,
    4.233409560400000e+01
  ],
  ""type"": ""Point""
}","{
  ""coordinates"": [
    -83.048741181,
    42.334095604
  ],
  ""type"": ""Point""
}",-83.048741181,42.334095604
16973,1016713,ROSELAWN,CHIPPEWA,2017-04-29,29,4,2017,4,7,98,9,,,0,,1,1,4,0,2,2,0,5,0,0,0,0,true,,false,false,true,false,false,,,,,,false,false,false,,,false,false,false,false,false,-83.15341,42.44122,"{
  ""coordinates"": [
    -8.315341060299990e+01,
    4.244122049600000e+01
  ],
  ""type"": ""Point""
}","{
  ""coordinates"": [
    -83.153410603,
    42.441220496
  ],
  ""type"": ""Point""
}",-83.1534106029999,42.441220496
16974,1016696,CONANT,7 MILE,2017-04-29,29,4,2017,1,7,8,9,,4,0,,1,1,4,35,2,2,2,5,0,0,0,0,true,,false,false,true,false,false,,,,,,false,false,false,,,false,false,false,false,false,-83.07368,42.43295,"{
  ""coordinates"": [
    -8.307367716700000e+01,
    4.243294891400010e+01
  ],
  ""type"": ""Point""
}","{
  ""coordinates"": [
    -83.073677167,
    42.432948914
  ],
  ""type"": ""Point""
}",-83.073677167,42.4329489140001
16975,1016709,7 MILE,STANSBURY,2017-04-29,29,4,2017,1,7,4,9,,2,0,,1,1,5,35,4,2,4,4,0,0,0,4,false,,false,false,false,false,false,,,,,,false,false,true,,,false,false,false,false,false,-83.18399,42.43096,"{
  ""coordinates"": [
    -8.318399273999999e+01,
    4.243095815300010e+01
  ],
  ""type"": ""Point""
}","{
  ""coordinates"": [
    -83.18399274,
    42.430958153
  ],
  ""type"": ""Point""
}",-83.18399274,42.4309581530001
16976,1017753,8 MILE,HOOVER,2017-04-29,29,4,2017,22,7,8,3,,1,0,,1,1,4,40,4,2,2,5,0,0,0,0,true,,false,false,true,false,false,,,,,,false,false,false,,,false,false,false,false,false,-83.00546,42.44881,"{
  ""coordinates"": [
    -8.300545317300001e+01,
    4.244881495500000e+01
  ],
  ""type"": ""Point""
}","{
  ""coordinates"": [
    -83.005453173,
    42.448814955
  ],
  ""type"": ""Point""
}",-83.005453173,42.448814955
16977,1016707,PONTCHARTRAIN,MCNICHOLS,2017-04-29,29,4,2017,11,7,4,9,,4,0,,1,2,1,25,4,2,2,5,0,0,0,0,true,,true,true,true,false,false,,,,,,false,false,false,,,false,false,false,false,false,-83.11653,42.41773,"{
  ""coordinates"": [
    -8.311653092800000e+01,
    4.241772786200000e+01
  ],
  ""type"": ""Point""
}","{
  ""coordinates"": [
    -83.116530928,
    42.417727862
  ],
  ""type"": ""Point""
}",-83.116530928,42.417727862
16978,1016591,ARDEN PARK,BRUSH,2017-04-29,29,4,2017,22,7,8,9,,4,0,,1,1,4,25,2,2,0,5,0,0,0,0,true,,false,false,true,false,false,,,,,,false,false,false,,,false,false,false,false,false,-83.0778,42.38857,"{
  ""coordinates"": [
    -8.307780668899990e+01,
    4.238856839900010e+01
  ],
  ""type"": ""Point""
}","{
  ""coordinates"": [
    -83.077806689,
    42.388568399
  ],
  ""type"": ""Point""
}",-83.0778066889999,42.3885683990001
16979,1016584,WYOMING,LYNDON,2017-04-29,29,4,2017,12,7,5,9,,4,0,,1,2,1,35,3,2,2,5,0,0,0,0,true,,false,false,false,false,false,,,,,,false,false,true,,,false,false,false,false,false,-83.15936,42.39565,"{
  ""coordinates"": [
    -8.315936425500000e+01,
    4.239565108600000e+01
  ],
  ""type"": ""Point""
}","{
  ""coordinates"": [
    -83.159364255,
    42.395651086
  ],
  ""type"": ""Point""
}",-83.159364255,42.395651086
16980,1016724,8 MILE,TELEGRAPH,2017-04-29,29,4,2017,16,7,5,3,,1,0,,1,1,1,35,1,2,2,5,0,0,0,0,true,,false,false,false,false,false,,,,,,false,false,false,,,false,false,false,false,false,-83.27843,42.44275,"{
  ""coordinates"": [
    -8.327843019200000e+01,
    4.244274409600010e+01
  ],
  ""type"": ""Point""
}","{
  ""coordinates"": [
    -83.278430192,
    42.442744096
  ],
  ""type"": ""Point""
}",-83.278430192,42.4427440960001
16981,1016654,TELEGRAPH,RAMP 051H,2017-04-29,29,4,2017,14,7,1,2,,1,0,,1,1,1,45,3,1,1,5,0,0,0,0,true,,false,false,false,false,false,,,,,,false,true,false,,,false,false,false,false,false,-83.2789,42.4414,"{
  ""coordinates"": [
    -8.327889742199990e+01,
    4.244140381900010e+01
  ],
  ""type"": ""Point""
}","{
  ""coordinates"": [
    -83.278897422,
    42.441403819
  ],
  ""type"": ""Point""
}",-83.2788974219999,42.4414038190001
16982,1018480,RUTLAND,PAUL,2017-04-29,29,4,2017,10,7,4,9,,,0,,1,2,1,25,1,2,2,5,0,0,0,0,true,,false,false,false,false,false,,,,,,false,false,false,,,false,false,false,false,false,-83.21202,42.33704,"{
  ""coordinates"": [
    -8.321201808500000e+01,
    4.233704207300010e+01
  ],
  ""type"": ""Point""
}","{
  ""coordinates"": [
    -83.212018085,
    42.337042073
  ],
  ""type"": ""Point""
}",-83.212018085,42.3370420730001
16983,1019526,E I 94,RAMP 213D,2017-04-29,29,4,2017,2,7,5,1,,1,0,,1,1,4,70,3,2,2,5,0,0,0,0,true,,false,false,true,false,false,,,,,,false,false,false,,,false,false,false,false,false,-83.1046,42.34838,"{
  ""coordinates"": [
    -8.310459725100000e+01,
    4.234837916400010e+01
  ],
  ""type"": ""Point""
}","{
  ""coordinates"": [
    -83.104597251,
    42.348379164
  ],
  ""type"": ""Point""
}",-83.104597251,42.3483791640001
16984,1018428,I-94,WOODWARD,2017-04-29,29,4,2017,10,7,97,1,,1,0,,1,2,1,55,2,3,4,5,0,0,0,0,true,,false,false,true,true,false,,,,,,false,false,false,,,false,false,false,false,false,-83.06718,42.36441,"{
  ""coordinates"": [
    -8.306717673900000e+01,
    4.236440898000010e+01
  ],
  ""type"": ""Point""
}","{
  ""coordinates"": [
    -83.067176739,
    42.36440898
  ],
  ""type"": ""Point""
}",-83.067176739,42.3644089800001
16985,1016710,NORTHLAWN,SANTA CLARA,2017-04-29,29,4,2017,5,7,9,9,,,0,,1,1,4,25,1,2,0,5,0,0,0,0,true,,false,false,true,false,false,,,,,,false,false,false,,,false,false,false,false,false,-83.1538,42.42081,"{
  ""coordinates"": [
    -8.315380127000000e+01,
    4.242081435300000e+01
  ],
  ""type"": ""Point""
}","{
  ""coordinates"": [
    -83.15380127,
    42.420814353
  ],
  ""type"": ""Point""
}",-83.15380127,42.420814353
16986,1018484,FAUST,SCHOOLCRAFT,2017-04-29,29,4,2017,20,7,97,9,,,0,,1,1,4,25,3,2,0,5,0,0,0,0,true,,false,false,true,false,false,,,,,,false,false,false,,,false,false,false,false,false,-83.22216,42.38385,"{
  ""coordinates"": [
    -8.322216138000000e+01,
    4.238384911100010e+01
  ],
  ""type"": ""Point""
}","{
  ""coordinates"": [
    -83.22216138,
    42.383849111
  ],
  ""type"": ""Point""
}",-83.22216138,42.3838491110001
16987,1016651,GRAND RIVER,MCNICHOLS,2017-04-29,29,4,2017,10,7,5,3,,1,0,,1,2,1,35,4,2,3,5,0,0,0,0,true,,false,false,false,false,false,,,,,,false,false,false,,,false,false,false,false,false,-83.25333,42.41481,"{
  ""coordinates"": [
    -8.325332671699989e+01,
    4.241480459200010e+01
  ],
  ""type"": ""Point""
}","{
  ""coordinates"": [
    -83.253326717,
    42.414804592
  ],
  ""type"": ""Point""
}",-83.2533267169999,42.4148045920001
16988,1018458,M-39,JOY,2017-04-29,29,4,2017,6,7,8,3,,1,0,,1,1,1,55,3,2,2,5,0,0,0,0,true,,false,false,false,false,false,,,,,,false,false,true,,,false,false,false,false,false,-83.21652,42.3564,"{
  ""coordinates"": [
    -8.321652298299990e+01,
    4.235640169800010e+01
  ],
  ""type"": ""Point""
}","{
  ""coordinates"": [
    -83.216522983,
    42.356401698
  ],
  ""type"": ""Point""
}",-83.2165229829999,42.3564016980001