ObjectId,Crash ID,Primary Road,Intersecting Road,Crash Date,Day,Month,Year,Hour,Weekday,Crash Type Code,Highway Classification Code,Community Code,Jurisdiction Code,Lane Departure Type Code,Surface Type,Road Condition,Weather Condition,Lighting Condition,Speed Limit,Lanes,Units,Occupants,Most Severe Injury,Fatal Injuries,Suspected Serious Injuries,Suspected Minor Injuries,Possible Injuries,Property Damage Only,Secondary Crash,Traffic Control,Red Light Run,Hit and Run,Alcohol,Drugs,Unbelted Person,Work Zone,Speeding Driver,Distracted Driver,Driveway,Pedestrian,Elderly Driver,Young Driver,Commercial Vehicle,Emergency Vehicles,Train,School Bus,Motorcycle,Bicycle,Deer,Longitude,Latitude,geom,geog,x,y
17160,1016686,DAVISON,BROADSTREET,2017-04-26,26,4,2017,8,4,5,3,,1,0,,1,1,1,35,7,2,3,4,0,0,0,2,false,,false,false,false,false,false,,,,,,false,true,true,,,false,false,false,false,false,-83.13899,42.38673,"{
  ""coordinates"": [
    -8.313899185199990e+01,
    4.238672701700010e+01
  ],
  ""type"": ""Point""
}","{
  ""coordinates"": [
    -83.138991852,
    42.386727017
  ],
  ""type"": ""Point""
}",-83.1389918519999,42.3867270170001
17161,1015300,GRATIOT,VANDYKE,2017-04-26,26,4,2017,8,4,5,3,,1,0,,1,1,1,35,3,2,1,5,0,0,0,0,true,,false,false,true,false,false,,,,,,false,false,false,,,false,false,false,false,false,-83.0148,42.37865,"{
  ""coordinates"": [
    -8.301480481000000e+01,
    4.237864754300010e+01
  ],
  ""type"": ""Point""
}","{
  ""coordinates"": [
    -83.01480481,
    42.378647543
  ],
  ""type"": ""Point""
}",-83.01480481,42.3786475430001
17162,1021134,I-94,MORANG,2017-04-26,26,4,2017,15,4,8,1,,1,0,,1,1,1,55,3,2,2,4,0,0,0,1,false,,false,false,false,false,false,,,,,,false,false,true,,,false,false,false,false,false,-82.93318,42.41945,"{
  ""coordinates"": [
    -8.293318522100000e+01,
    4.241944717700010e+01
  ],
  ""type"": ""Point""
}","{
  ""coordinates"": [
    -82.933185221,
    42.419447177
  ],
  ""type"": ""Point""
}",-82.933185221,42.4194471770001
17163,1015293,N M 39,RAMP 008R,2017-04-26,26,4,2017,1,4,1,3,,1,1,,1,1,4,30,2,1,2,5,0,0,0,0,true,,false,false,false,false,false,,,,,,false,false,false,,,false,false,false,false,false,-83.21747,42.3848,"{
  ""coordinates"": [
    -8.321746508099990e+01,
    4.238480128100010e+01
  ],
  ""type"": ""Point""
}","{
  ""coordinates"": [
    -83.217465081,
    42.384801281
  ],
  ""type"": ""Point""
}",-83.2174650809999,42.3848012810001
17164,1016611,RAMP 136C,GREENFIELD,2017-04-26,26,4,2017,0,4,1,1,,1,1,,1,1,4,0,2,1,0,5,0,0,0,0,true,,false,false,false,false,false,,,,,,false,false,false,,,false,false,false,false,false,-83.19801,42.3796,"{
  ""coordinates"": [
    -8.319800658100000e+01,
    4.237959997700010e+01
  ],
  ""type"": ""Point""
}","{
  ""coordinates"": [
    -83.198006581,
    42.379599977
  ],
  ""type"": ""Point""
}",-83.198006581,42.3795999770001
17165,1015273,VERNOR,CABOT,2017-04-26,26,4,2017,11,4,4,9,,4,0,,1,1,1,25,4,2,1,4,0,0,0,1,false,,false,false,true,false,false,,,,,,false,false,false,,,false,false,false,false,false,-83.13358,42.30885,"{
  ""coordinates"": [
    -8.313358337699999e+01,
    4.230884996000000e+01
  ],
  ""type"": ""Point""
}","{
  ""coordinates"": [
    -83.133583377,
    42.30884996
  ],
  ""type"": ""Point""
}",-83.133583377,42.30884996
17166,1015275,CONNER,SHOEMAKER,2017-04-26,26,4,2017,13,4,8,9,,4,0,,1,1,1,35,7,2,1,4,0,0,0,1,false,,false,false,true,false,false,,,,,,false,false,false,,,false,false,false,false,false,-82.98202,42.39229,"{
  ""coordinates"": [
    -8.298201978899991e+01,
    4.239228864100010e+01
  ],
  ""type"": ""Point""
}","{
  ""coordinates"": [
    -82.982019789,
    42.392288641
  ],
  ""type"": ""Point""
}",-82.9820197889999,42.3922886410001
17167,1029240,I-94,TRUMBULL,2017-04-26,26,4,2017,15,4,5,1,,1,0,,1,1,1,55,3,2,2,4,0,0,0,2,false,,false,false,false,false,false,,,,,,false,false,false,,,false,false,false,false,false,-83.07973,42.35719,"{
  ""coordinates"": [
    -8.307973677200000e+01,
    4.235719373400010e+01
  ],
  ""type"": ""Point""
}","{
  ""coordinates"": [
    -83.079736772,
    42.357193734
  ],
  ""type"": ""Point""
}",-83.079736772,42.3571937340001
17168,1016639,SHIAWASSEE,7 MILE,2017-04-26,26,4,2017,17,4,8,9,,,0,,1,1,1,25,2,2,2,5,0,0,0,0,true,,false,false,false,false,false,,,,,,false,false,true,,,false,false,false,false,false,-83.2727,42.42886,"{
  ""coordinates"": [
    -8.327269748299990e+01,
    4.242886512700010e+01
  ],
  ""type"": ""Point""
}","{
  ""coordinates"": [
    -83.272697483,
    42.428865127
  ],
  ""type"": ""Point""
}",-83.2726974829999,42.4288651270001
17169,1016612,GREENFIELD,ELLIS,2017-04-26,26,4,2017,16,4,8,9,,2,0,,1,1,1,35,4,2,3,3,0,0,1,1,false,,false,false,false,false,false,,,,,,false,true,false,,,false,false,false,false,false,-83.19698,42.35781,"{
  ""coordinates"": [
    -8.319697670799999e+01,
    4.235781553400010e+01
  ],
  ""type"": ""Point""
}","{
  ""coordinates"": [
    -83.196976708,
    42.357815534
  ],
  ""type"": ""Point""
}",-83.196976708,42.3578155340001
17170,1015310,8 MILE,RYAN,2017-04-26,26,4,2017,18,4,4,3,,1,0,,1,1,1,40,4,2,2,4,0,0,0,1,false,,true,true,false,false,false,,,,,,false,false,true,,,false,false,false,false,false,-83.06177,42.44732,"{
  ""coordinates"": [
    -8.306177082200000e+01,
    4.244732265700000e+01
  ],
  ""type"": ""Point""
}","{
  ""coordinates"": [
    -83.061770822,
    42.447322657
  ],
  ""type"": ""Point""
}",-83.061770822,42.447322657
17171,1021133,RAMP 216E,I-75,2017-04-26,26,4,2017,13,4,8,1,,1,0,,1,1,1,55,2,2,2,5,0,0,0,0,true,,false,false,false,false,false,,,,,,false,false,true,,,false,false,false,false,false,-83.05524,42.36367,"{
  ""coordinates"": [
    -8.305523742400000e+01,
    4.236367262100000e+01
  ],
  ""type"": ""Point""
}","{
  ""coordinates"": [
    -83.055237424,
    42.363672621
  ],
  ""type"": ""Point""
}",-83.055237424,42.363672621
17172,1024273,WARREN,WOODWARD,2017-04-26,26,4,2017,15,4,8,3,,4,0,,1,1,1,30,4,2,3,5,0,0,0,0,true,,false,false,false,false,false,,,,,,false,false,false,,,false,false,false,false,false,-83.06429,42.35679,"{
  ""coordinates"": [
    -8.306428199100000e+01,
    4.235679145600010e+01
  ],
  ""type"": ""Point""
}","{
  ""coordinates"": [
    -83.064281991,
    42.356791456
  ],
  ""type"": ""Point""
}",-83.064281991,42.3567914560001
17173,1029362,MACK,GUILFORD,2017-04-26,26,4,2017,11,4,8,9,,2,0,,1,1,1,0,3,2,2,5,0,0,0,0,true,,false,false,false,false,false,,,,,,false,false,true,,,false,false,false,false,false,-82.92046,42.39716,"{
  ""coordinates"": [
    -8.292046303300000e+01,
    4.239716522400000e+01
  ],
  ""type"": ""Point""
}","{
  ""coordinates"": [
    -82.920463033,
    42.397165224
  ],
  ""type"": ""Point""
}",-82.920463033,42.397165224
17174,1015304,GRATIOT,LIBERAL,2017-04-26,26,4,2017,17,4,4,3,,1,0,,1,1,1,35,4,2,1,5,0,0,0,0,true,,false,false,true,false,false,,,,,,false,false,false,,,false,false,false,false,false,-82.97455,42.43986,"{
  ""coordinates"": [
    -8.297454553400000e+01,
    4.243985965800000e+01
  ],
  ""type"": ""Point""
}","{
  ""coordinates"": [
    -82.974545534,
    42.439859658
  ],
  ""type"": ""Point""
}",-82.974545534,42.439859658
17175,1021129,N I 75,RAMP 035A,2017-04-26,26,4,2017,7,4,8,1,,1,0,,1,1,2,55,4,2,4,5,0,0,0,0,true,,false,false,false,false,false,,,,,,false,false,false,,,false,false,false,false,false,-83.08337,42.31719,"{
  ""coordinates"": [
    -8.308337360599999e+01,
    4.231718704700010e+01
  ],
  ""type"": ""Point""
}","{
  ""coordinates"": [
    -83.083373606,
    42.317187047
  ],
  ""type"": ""Point""
}",-83.083373606,42.3171870470001
17176,1014102,VAN DYKE,GRINNELL,2017-04-26,26,4,2017,7,4,5,3,,1,0,,1,1,1,35,5,2,2,4,0,0,0,1,false,,false,false,false,false,false,,,,,,false,false,false,,,false,false,false,false,false,-83.02299,42.40087,"{
  ""coordinates"": [
    -8.302299213399991e+01,
    4.240087185500000e+01
  ],
  ""type"": ""Point""
}","{
  ""coordinates"": [
    -83.022992134,
    42.400871855
  ],
  ""type"": ""Point""
}",-83.0229921339999,42.400871855
17177,1016728,BROOKLYN,TEMPLE,2017-04-26,26,4,2017,13,4,8,9,,,0,,1,1,1,25,2,2,1,5,0,0,0,0,true,,false,false,true,false,false,,,,,,false,false,false,,,false,false,false,false,false,-83.06776,42.33852,"{
  ""coordinates"": [
    -8.306775781000000e+01,
    4.233852176700000e+01
  ],
  ""type"": ""Point""
}","{
  ""coordinates"": [
    -83.06775781,
    42.338521767
  ],
  ""type"": ""Point""
}",-83.06775781,42.338521767
17178,1016613,SAINT MARYS,PLYMOUTH,2017-04-26,26,4,2017,18,4,4,9,,,0,,1,1,1,35,4,2,3,5,0,0,0,0,true,,false,false,false,false,false,,,,,,false,false,true,,,false,false,false,false,false,-83.20477,42.37248,"{
  ""coordinates"": [
    -8.320476364000000e+01,
    4.237247777100000e+01
  ],
  ""type"": ""Point""
}","{
  ""coordinates"": [
    -83.20476364,
    42.372477771
  ],
  ""type"": ""Point""
}",-83.20476364,42.372477771
17179,1014076,PORTER,MORRELL,2017-04-26,26,4,2017,8,4,8,9,,,0,,1,1,1,25,4,2,1,5,0,0,0,0,true,,false,false,false,false,false,,,,,,false,false,true,,,false,false,false,false,false,-83.09856,42.31421,"{
  ""coordinates"": [
    -8.309856277100000e+01,
    4.231420842900010e+01
  ],
  ""type"": ""Point""
}","{
  ""coordinates"": [
    -83.098562771,
    42.314208429
  ],
  ""type"": ""Point""
}",-83.098562771,42.3142084290001
17180,1016616,N M 39 SERVICE DRIVE,RAMP 007B,2017-04-26,26,4,2017,14,4,97,3,,4,0,,1,1,1,55,6,2,2,5,0,0,0,0,true,,false,false,true,false,false,,,,,,false,false,false,,,false,false,false,false,false,-83.21616,42.35923,"{
  ""coordinates"": [
    -8.321615840899990e+01,
    4.235922647600010e+01
  ],
  ""type"": ""Point""
}","{
  ""coordinates"": [
    -83.216158409,
    42.359226476
  ],
  ""type"": ""Point""
}",-83.2161584089999,42.3592264760001
17181,1022246,I-75,TRUMBULL,2017-04-26,26,4,2017,17,4,5,1,,4,0,,1,1,1,55,3,2,1,5,0,0,0,0,true,,false,false,true,false,false,,,,,,false,false,false,,,false,false,false,false,false,-83.06721,42.33539,"{
  ""coordinates"": [
    -8.306720875699990e+01,
    4.233538919300000e+01
  ],
  ""type"": ""Point""
}","{
  ""coordinates"": [
    -83.067208757,
    42.335389193
  ],
  ""type"": ""Point""
}",-83.0672087569999,42.335389193
17182,1015261,M-10,LINWOOD,2017-04-26,26,4,2017,18,4,5,3,,1,0,,1,1,1,55,3,2,2,5,0,0,0,0,true,,false,false,false,false,false,,,,,,false,false,false,,,false,false,false,false,false,-83.12116,42.40456,"{
  ""coordinates"": [
    -8.312116573599999e+01,
    4.240456246900000e+01
  ],
  ""type"": ""Point""
}","{
  ""coordinates"": [
    -83.121165736,
    42.404562469
  ],
  ""type"": ""Point""
}",-83.121165736,42.404562469
17183,1020377,ANTHONY WAYNE,WARREN,2017-04-26,26,4,2017,8,4,7,9,,4,0,,1,1,1,25,3,2,2,5,0,0,0,0,true,,false,false,false,false,false,,,,,,false,true,false,,,false,false,false,false,false,-83.07138,42.35456,"{
  ""coordinates"": [
    -8.307137854500000e+01,
    4.235455621600000e+01
  ],
  ""type"": ""Point""
}","{
  ""coordinates"": [
    -83.071378545,
    42.354556216
  ],
  ""type"": ""Point""
}",-83.071378545,42.354556216
17184,1016642,S I 75,W I 96,2017-04-26,26,4,2017,14,4,5,1,,1,0,,1,1,1,35,1,2,4,5,0,0,0,0,true,,false,false,false,false,false,,,,,,false,true,false,,,false,false,false,false,false,-83.0865,42.33012,"{
  ""coordinates"": [
    -8.308649846400000e+01,
    4.233011794000000e+01
  ],
  ""type"": ""Point""
}","{
  ""coordinates"": [
    -83.086498464,
    42.33011794
  ],
  ""type"": ""Point""
}",-83.086498464,42.33011794
17185,1022229,W I 94,GRAND,2017-04-26,26,4,2017,15,4,5,1,,1,0,,1,1,1,55,3,3,2,5,0,0,0,0,true,,false,false,true,false,false,,,,,,false,false,true,,,false,false,false,false,false,-83.04144,42.37627,"{
  ""coordinates"": [
    -8.304143215600000e+01,
    4.237627556300000e+01
  ],
  ""type"": ""Point""
}","{
  ""coordinates"": [
    -83.041432156,
    42.376275563
  ],
  ""type"": ""Point""
}",-83.041432156,42.376275563
17186,1016621,CARLIN,VANBUREN,2017-04-26,26,4,2017,21,4,97,9,,,0,,1,1,3,25,2,2,0,5,0,0,0,0,true,,false,false,true,false,false,,,,,,false,false,false,,,false,false,false,false,false,-83.17867,42.35809,"{
  ""coordinates"": [
    -8.317867034900000e+01,
    4.235809383100010e+01
  ],
  ""type"": ""Point""
}","{
  ""coordinates"": [
    -83.178670349,
    42.358093831
  ],
  ""type"": ""Point""
}",-83.178670349,42.3580938310001
17187,1014099,S I 75 SERVICE DRIVE,8 MILE SERVICE DRIVE,2017-04-26,26,4,2017,8,4,8,1,,1,0,,1,1,1,0,2,2,1,5,0,0,0,0,true,,false,false,true,false,false,,,,,,false,false,false,,,false,false,false,false,false,-83.09531,42.44666,"{
  ""coordinates"": [
    -8.309531017200000e+01,
    4.244665914400010e+01
  ],
  ""type"": ""Point""
}","{
  ""coordinates"": [
    -83.095310172,
    42.446659144
  ],
  ""type"": ""Point""
}",-83.095310172,42.4466591440001
17188,1016634,RUSSELL,MILWAUKEE,2017-04-26,26,4,2017,16,4,5,9,,4,0,,1,1,1,30,2,5,9,4,0,0,0,1,false,,false,false,false,false,false,,,,,,false,false,true,,,false,false,false,false,false,-83.05901,42.37425,"{
  ""coordinates"": [
    -8.305901121700001e+01,
    4.237424976600000e+01
  ],
  ""type"": ""Point""
}","{
  ""coordinates"": [
    -83.059011217,
    42.374249766
  ],
  ""type"": ""Point""
}",-83.059011217,42.374249766
17189,1015307,DWYER,LANTZ,2017-04-26,26,4,2017,15,4,97,9,,,0,,1,1,1,30,3,2,1,4,0,0,0,1,false,,false,false,false,false,false,,,,,,false,false,false,,,false,false,false,false,false,-83.04163,42.4383,"{
  ""coordinates"": [
    -8.304163315700001e+01,
    4.243829629300010e+01
  ],
  ""type"": ""Point""
}","{
  ""coordinates"": [
    -83.041633157,
    42.438296293
  ],
  ""type"": ""Point""
}",-83.041633157,42.4382962930001
17190,1020344,PURITAN,RUTHERFORD,2017-04-26,26,4,2017,18,4,8,9,,4,0,,1,1,1,25,2,2,1,4,0,0,0,1,false,,false,false,true,false,false,,,,,,false,false,false,,,false,false,true,false,false,-83.20414,42.40866,"{
  ""coordinates"": [
    -8.320414232199990e+01,
    4.240866270500000e+01
  ],
  ""type"": ""Point""
}","{
  ""coordinates"": [
    -83.204142322,
    42.408662705
  ],
  ""type"": ""Point""
}",-83.2041423219999,42.408662705
17191,1020372,MARTIN LUTHER KING JR,N M 10,2017-04-26,26,4,2017,16,4,8,9,,4,0,,1,1,1,30,3,2,2,5,0,0,0,0,true,,false,false,false,false,false,,,,,,false,false,false,,,false,false,false,false,false,-83.06815,42.34335,"{
  ""coordinates"": [
    -8.306814648300001e+01,
    4.234334475400000e+01
  ],
  ""type"": ""Point""
}","{
  ""coordinates"": [
    -83.068146483,
    42.343344754
  ],
  ""type"": ""Point""
}",-83.068146483,42.343344754
17192,1016675,JOY,GRAND RIVER,2017-04-26,26,4,2017,15,4,5,3,,4,0,,1,1,1,35,4,2,2,4,0,0,0,1,false,,false,false,false,false,false,,,,,,false,false,false,,,false,false,true,false,false,-83.13043,42.36533,"{
  ""coordinates"": [
    -8.313043186999990e+01,
    4.236533254900010e+01
  ],
  ""type"": ""Point""
}","{
  ""coordinates"": [
    -83.13043187,
    42.365332549
  ],
  ""type"": ""Point""
}",-83.1304318699999,42.3653325490001
17193,1022225,I-94,24TH,2017-04-26,26,4,2017,8,4,5,1,,1,0,,1,1,1,55,3,2,2,5,0,0,0,0,true,,false,false,false,false,false,,,,,,false,false,false,,,false,false,false,false,false,-83.1035,42.34871,"{
  ""coordinates"": [
    -8.310350328600001e+01,
    4.234871133000010e+01
  ],
  ""type"": ""Point""
}","{
  ""coordinates"": [
    -83.103503286,
    42.34871133
  ],
  ""type"": ""Point""
}",-83.103503286,42.3487113300001
17194,1015306,OUTER,CALDWELL,2017-04-26,26,4,2017,17,4,97,9,,2,0,,1,1,1,35,3,2,1,3,0,0,1,0,false,,false,false,false,false,false,,,,,,true,true,false,,,false,false,false,false,false,-83.04754,42.44065,"{
  ""coordinates"": [
    -8.304754215700000e+01,
    4.244064995200010e+01
  ],
  ""type"": ""Point""
}","{
  ""coordinates"": [
    -83.047542157,
    42.440649952
  ],
  ""type"": ""Point""
}",-83.047542157,42.4406499520001
17195,1016537,E/B I 94,GRAND RIVER,2017-04-26,26,4,2017,16,4,5,1,,1,0,,1,1,1,55,3,2,2,5,0,0,0,0,true,,false,false,false,false,false,,,,,,false,true,false,,,false,false,false,false,false,-83.09915,42.35009,"{
  ""coordinates"": [
    -8.309915257999999e+01,
    4.235009166000000e+01
  ],
  ""type"": ""Point""
}","{
  ""coordinates"": [
    -83.09915258,
    42.35009166
  ],
  ""type"": ""Point""
}",-83.09915258,42.35009166
17196,1016672,GRAND,PETOSKEY,2017-04-26,26,4,2017,17,4,2,9,,,0,,1,1,1,25,1,2,1,5,0,0,0,0,true,,false,false,true,false,false,,,,,,false,true,false,,,false,false,false,false,false,-83.13645,42.38966,"{
  ""coordinates"": [
    -8.313644889800000e+01,
    4.238965744500010e+01
  ],
  ""type"": ""Point""
}","{
  ""coordinates"": [
    -83.136448898,
    42.389657445
  ],
  ""type"": ""Point""
}",-83.136448898,42.3896574450001
17197,1284581,PALLISTER,S M 10,2017-04-26,26,4,2017,15,4,8,3,,4,0,,1,1,1,25,2,2,2,5,0,0,0,0,true,,false,false,false,false,false,,,,,,false,false,false,,,false,false,false,false,false,-83.08418,42.37021,"{
  ""coordinates"": [
    -8.308418181699990e+01,
    4.237021194700000e+01
  ],
  ""type"": ""Point""
}","{
  ""coordinates"": [
    -83.084181817,
    42.370211947
  ],
  ""type"": ""Point""
}",-83.0841818169999,42.370211947
17198,1016676,LIVERNOIS,WARREN,2017-04-26,26,4,2017,10,4,5,9,,4,0,,1,1,1,30,3,2,2,5,0,0,0,0,true,,false,false,false,false,false,,,,,,false,false,true,,,false,false,false,false,false,-83.13036,42.34462,"{
  ""coordinates"": [
    -8.313035675299990e+01,
    4.234461993500000e+01
  ],
  ""type"": ""Point""
}","{
  ""coordinates"": [
    -83.130356753,
    42.344619935
  ],
  ""type"": ""Point""
}",-83.1303567529999,42.344619935
17199,1016719,7 MILE,LESURE,2017-04-26,26,4,2017,8,4,5,9,,2,0,,1,1,1,30,2,2,2,5,0,0,0,0,true,,false,false,false,false,false,,,,,,false,false,false,,,false,false,false,false,false,-83.18289,42.431,"{
  ""coordinates"": [
    -8.318289314200000e+01,
    4.243099970800010e+01
  ],
  ""type"": ""Point""
}","{
  ""coordinates"": [
    -83.182893142,
    42.430999708
  ],
  ""type"": ""Point""
}",-83.182893142,42.4309997080001
17200,1016704,7 MILE,WOODWARD,2017-04-26,26,4,2017,12,4,4,3,,2,0,,1,1,1,25,2,2,2,4,0,0,0,1,false,,false,false,false,false,false,,,,,,false,false,false,,,false,false,false,false,false,-83.11514,42.43213,"{
  ""coordinates"": [
    -8.311513666799991e+01,
    4.243213316300010e+01
  ],
  ""type"": ""Point""
}","{
  ""coordinates"": [
    -83.115136668,
    42.432133163
  ],
  ""type"": ""Point""
}",-83.1151366679999,42.4321331630001
17201,1016617,S M 39 SERVICE DRIVE,RAMP 006D,2017-04-26,26,4,2017,17,4,97,9,,4,0,,1,1,1,55,6,2,3,5,0,0,0,0,true,,false,false,true,false,false,,,,,,false,false,false,,,false,false,false,false,false,-83.21645,42.342,"{
  ""coordinates"": [
    -8.321644445899990e+01,
    4.234200108800010e+01
  ],
  ""type"": ""Point""
}","{
  ""coordinates"": [
    -83.216444459,
    42.342001088
  ],
  ""type"": ""Point""
}",-83.2164444589999,42.3420010880001
17202,1015272,DIX,POWELL,2017-04-26,26,4,2017,10,4,8,9,,2,0,,1,1,1,30,4,2,8,5,0,0,0,0,true,,false,false,false,false,false,,,,,,false,false,false,,,false,false,false,false,false,-83.15235,42.29537,"{
  ""coordinates"": [
    -8.315235385600000e+01,
    4.229537231300000e+01
  ],
  ""type"": ""Point""
}","{
  ""coordinates"": [
    -83.152353856,
    42.295372313
  ],
  ""type"": ""Point""
}",-83.152353856,42.295372313
17203,1015262,SAINT STEPHENS,CASPER,2017-04-26,26,4,2017,16,4,97,9,,,0,,1,1,1,25,2,2,0,5,0,0,0,0,true,,false,false,true,false,false,,,,,,false,false,false,,,false,false,false,false,false,-83.13596,42.32794,"{
  ""coordinates"": [
    -8.313596432500000e+01,
    4.232793813600010e+01
  ],
  ""type"": ""Point""
}","{
  ""coordinates"": [
    -83.135964325,
    42.327938136
  ],
  ""type"": ""Point""
}",-83.135964325,42.3279381360001
17204,1014091,GRATIOT,BRUSH,2017-04-25,25,4,2017,18,3,5,3,,1,0,,1,1,1,35,7,2,1,4,0,0,0,1,false,,false,false,true,false,false,,,,,,false,false,false,,,false,false,false,false,false,-83.04458,42.33592,"{
  ""coordinates"": [
    -8.304458184899990e+01,
    4.233592219700010e+01
  ],
  ""type"": ""Point""
}","{
  ""coordinates"": [
    -83.044581849,
    42.335922197
  ],
  ""type"": ""Point""
}",-83.0445818489999,42.3359221970001
17205,1018447,RAMP 143A,TURNER,2017-04-25,25,4,2017,11,3,1,1,,1,1,,1,2,1,70,1,1,1,5,0,0,0,0,true,,false,false,false,false,false,,,,,,false,false,false,,,false,false,false,false,false,-83.11449,42.35746,"{
  ""coordinates"": [
    -8.311448589699999e+01,
    4.235745632600000e+01
  ],
  ""type"": ""Point""
}","{
  ""coordinates"": [
    -83.114485897,
    42.357456326
  ],
  ""type"": ""Point""
}",-83.114485897,42.357456326
17206,1014077,S I 75,DRAGOON,2017-04-25,25,4,2017,15,3,5,1,,1,0,,1,1,1,25,2,2,2,4,0,0,0,1,false,,false,false,false,false,false,,,,,,false,false,false,,,false,false,false,false,false,-83.10294,42.30853,"{
  ""coordinates"": [
    -8.310293662399990e+01,
    4.230852404700000e+01
  ],
  ""type"": ""Point""
}","{
  ""coordinates"": [
    -83.102936624,
    42.308524047
  ],
  ""type"": ""Point""
}",-83.1029366239999,42.308524047
17207,1016609,TELEGRAPH,8 MILE,2017-04-25,25,4,2017,13,3,5,2,,1,0,,1,1,1,35,4,2,1,5,0,0,0,0,true,,false,false,true,false,false,,,,,,false,false,false,,,false,false,false,false,false,-83.27831,42.44269,"{
  ""coordinates"": [
    -8.327831103400000e+01,
    4.244269000000000e+01
  ],
  ""type"": ""Point""
}","{
  ""coordinates"": [
    -83.278311034,
    42.44269
  ],
  ""type"": ""Point""
}",-83.278311034,42.44269
17208,1015302,GLENFIELD,BARRETT,2017-04-25,25,4,2017,19,3,97,9,,,0,,1,1,1,25,1,2,1,5,0,0,0,0,true,,false,false,true,false,false,,,,,,false,false,false,,,false,false,false,false,false,-82.99186,42.41103,"{
  ""coordinates"": [
    -8.299185685600000e+01,
    4.241103198900000e+01
  ],
  ""type"": ""Point""
}","{
  ""coordinates"": [
    -82.991856856,
    42.411031989
  ],
  ""type"": ""Point""
}",-82.991856856,42.411031989
17209,1018419,I 94,LUCKY,2017-04-25,25,4,2017,17,3,8,1,,1,0,,4,1,1,55,3,3,3,4,0,0,0,1,false,,false,false,false,false,false,,,,,,false,false,true,,,false,false,false,false,false,-83.03826,42.37741,"{
  ""coordinates"": [
    -8.303826088600000e+01,
    4.237741002700010e+01
  ],
  ""type"": ""Point""
}","{
  ""coordinates"": [
    -83.038260886,
    42.377410027
  ],
  ""type"": ""Point""
}",-83.038260886,42.3774100270001
17210,1014097,8-MILE,REVERE,2017-04-25,25,4,2017,15,3,5,3,,1,0,,1,1,1,45,4,2,2,5,0,0,0,0,true,,false,false,false,false,false,,,,,,false,false,false,,,false,false,false,false,false,-83.06902,42.4472,"{
  ""coordinates"": [
    -8.306902024599999e+01,
    4.244720362900010e+01
  ],
  ""type"": ""Point""
}","{
  ""coordinates"": [
    -83.069020246,
    42.447203629
  ],
  ""type"": ""Point""
}",-83.069020246,42.4472036290001
17211,1016533,I-96,EVERGREEN,2017-04-25,25,4,2017,18,3,5,1,,1,0,,1,1,1,70,2,3,4,5,0,0,0,0,true,,false,false,false,false,false,,,,,,false,false,false,,,false,false,false,false,false,-83.24374,42.38534,"{
  ""coordinates"": [
    -8.324373306599990e+01,
    4.238533845800000e+01
  ],
  ""type"": ""Point""
}","{
  ""coordinates"": [
    -83.243733066,
    42.385338458
  ],
  ""type"": ""Point""
}",-83.2437330659999,42.385338458
17212,1014085,RUSSEL,ALFRED,2017-04-25,25,4,2017,17,3,10,9,,4,3,,1,1,1,25,2,2,1,5,0,0,0,0,true,,false,false,false,false,false,,,,,,false,false,false,,,false,false,false,false,false,-83.04173,42.34826,"{
  ""coordinates"": [
    -8.304172452400000e+01,
    4.234825536600000e+01
  ],
  ""type"": ""Point""
}","{
  ""coordinates"": [
    -83.041724524,
    42.348255366
  ],
  ""type"": ""Point""
}",-83.041724524,42.348255366
17213,1014092,DAVISON,LIVERNOIS,2017-04-25,25,4,2017,16,3,8,3,,1,0,,1,1,1,35,5,2,1,5,0,0,0,0,true,,false,false,true,false,false,,,,,,false,false,false,,,false,false,false,false,false,-83.13944,42.3867,"{
  ""coordinates"": [
    -8.313944541700000e+01,
    4.238670205300010e+01
  ],
  ""type"": ""Point""
}","{
  ""coordinates"": [
    -83.139445417,
    42.386702053
  ],
  ""type"": ""Point""
}",-83.139445417,42.3867020530001
17214,1014061,JEFFERSON,BEAUBIEN,2017-04-25,25,4,2017,8,3,6,4,,1,0,,1,1,1,35,4,2,2,5,0,0,0,0,true,,false,false,false,false,false,,,,,,false,false,false,,,false,false,false,false,false,-83.03951,42.33065,"{
  ""coordinates"": [
    -8.303951487599990e+01,
    4.233065251400010e+01
  ],
  ""type"": ""Point""
}","{
  ""coordinates"": [
    -83.039514876,
    42.330652514
  ],
  ""type"": ""Point""
}",-83.0395148759999,42.3306525140001
17215,1014101,VAN DYKE,8 MILE,2017-04-25,25,4,2017,15,3,8,3,,1,0,,1,1,1,35,7,2,3,4,0,0,0,2,false,,false,false,true,false,false,,,,,,false,false,false,,,false,false,false,false,false,-83.02473,42.44789,"{
  ""coordinates"": [
    -8.302473105800000e+01,
    4.244788991500010e+01
  ],
  ""type"": ""Point""
}","{
  ""coordinates"": [
    -83.024731058,
    42.447889915
  ],
  ""type"": ""Point""
}",-83.024731058,42.4478899150001
17216,1018424,I-75,MACK,2017-04-25,25,4,2017,17,3,8,1,,1,0,,1,1,1,55,5,2,2,5,0,0,0,0,true,,false,false,false,false,false,,,,,,false,false,false,,,false,false,false,false,false,-83.0461,42.34863,"{
  ""coordinates"": [
    -8.304609357899990e+01,
    4.234862627300000e+01
  ],
  ""type"": ""Point""
}","{
  ""coordinates"": [
    -83.046093579,
    42.348626273
  ],
  ""type"": ""Point""
}",-83.0460935789999,42.348626273