ObjectId,Crash ID,Primary Road,Intersecting Road,Crash Date,Day,Month,Year,Hour,Weekday,Crash Type Code,Highway Classification Code,Community Code,Jurisdiction Code,Lane Departure Type Code,Surface Type,Road Condition,Weather Condition,Lighting Condition,Speed Limit,Lanes,Units,Occupants,Most Severe Injury,Fatal Injuries,Suspected Serious Injuries,Suspected Minor Injuries,Possible Injuries,Property Damage Only,Secondary Crash,Traffic Control,Red Light Run,Hit and Run,Alcohol,Drugs,Unbelted Person,Work Zone,Speeding Driver,Distracted Driver,Driveway,Pedestrian,Elderly Driver,Young Driver,Commercial Vehicle,Emergency Vehicles,Train,School Bus,Motorcycle,Bicycle,Deer,Longitude,Latitude,geom,geog,x,y
17388,1011710,MACK,N I 75,2017-04-22,22,4,2017,10,7,4,9,,4,0,,1,2,1,30,7,2,3,4,0,0,0,1,false,,true,true,false,false,false,,,,,,false,true,false,,,false,false,false,false,false,-83.04785,42.35121,"{
  ""coordinates"": [
    -8.304785051499989e+01,
    4.235121180600000e+01
  ],
  ""type"": ""Point""
}","{
  ""coordinates"": [
    -83.047850515,
    42.351211806
  ],
  ""type"": ""Point""
}",-83.0478505149999,42.351211806
17389,1013390,GRAND RIVER,TELEGRAPH,2017-04-22,22,4,2017,2,7,4,3,,1,0,,1,1,4,35,6,2,4,2,0,1,0,1,false,,false,false,false,false,false,,,,,,false,false,true,,,false,false,false,false,false,-83.27787,42.42476,"{
  ""coordinates"": [
    -8.327787259400000e+01,
    4.242476253000010e+01
  ],
  ""type"": ""Point""
}","{
  ""coordinates"": [
    -83.277872594,
    42.42476253
  ],
  ""type"": ""Point""
}",-83.277872594,42.4247625300001
17390,1016718,CURTIS,MUIRLAND,2017-04-22,22,4,2017,11,7,8,9,,,0,,1,1,4,25,2,2,1,5,0,0,0,0,true,,false,false,true,false,false,,,,,,false,false,false,,,false,false,false,false,false,-83.13442,42.4245,"{
  ""coordinates"": [
    -8.313441849700000e+01,
    4.242450103000000e+01
  ],
  ""type"": ""Point""
}","{
  ""coordinates"": [
    -83.134418497,
    42.42450103
  ],
  ""type"": ""Point""
}",-83.134418497,42.42450103
17391,1011753,DAVISON,HOLMUR,2017-04-22,22,4,2017,15,7,5,3,,1,0,,1,1,1,35,6,2,2,5,0,0,0,0,true,,false,false,false,false,false,,,,,,false,false,true,,,false,false,false,false,false,-83.13295,42.38895,"{
  ""coordinates"": [
    -8.313295080899999e+01,
    4.238894474600000e+01
  ],
  ""type"": ""Point""
}","{
  ""coordinates"": [
    -83.132950809,
    42.388944746
  ],
  ""type"": ""Point""
}",-83.132950809,42.388944746
17392,1014081,PLYMOUTH,GREENFIELD,2017-04-22,22,4,2017,11,7,7,9,,4,0,,1,1,4,35,2,2,3,5,0,0,0,0,true,,false,false,true,false,false,,,,,,false,false,true,,,false,false,false,false,false,-83.19771,42.37257,"{
  ""coordinates"": [
    -8.319771141900000e+01,
    4.237256439700010e+01
  ],
  ""type"": ""Point""
}","{
  ""coordinates"": [
    -83.197711419,
    42.372564397
  ],
  ""type"": ""Point""
}",-83.197711419,42.3725643970001
17393,1011782,7 MILE,JAMES COUZENS,2017-04-22,22,4,2017,17,7,4,9,,2,0,,1,1,1,35,4,2,6,5,0,0,0,0,true,,false,false,false,false,false,,,,,,false,false,false,,,false,false,false,false,false,-83.18746,42.43081,"{
  ""coordinates"": [
    -8.318746149099999e+01,
    4.243081334300010e+01
  ],
  ""type"": ""Point""
}","{
  ""coordinates"": [
    -83.187461491,
    42.430813343
  ],
  ""type"": ""Point""
}",-83.187461491,42.4308133430001
17394,1011702,E I 96,SCHAEFER,2017-04-22,22,4,2017,22,7,5,1,,1,0,,1,1,4,70,4,2,3,5,0,0,0,0,true,,false,false,true,false,false,,,,,,false,false,true,,,false,false,false,false,false,-83.17777,42.38328,"{
  ""coordinates"": [
    -8.317777467400001e+01,
    4.238327736700010e+01
  ],
  ""type"": ""Point""
}","{
  ""coordinates"": [
    -83.177774674,
    42.383277367
  ],
  ""type"": ""Point""
}",-83.177774674,42.3832773670001
17395,1011738,ROSEMONT,TIREMAN,2017-04-22,22,4,2017,15,7,8,9,,,0,,1,1,1,25,3,2,1,5,0,0,0,0,true,,false,false,false,false,false,,,,,,false,false,false,,,false,false,false,false,false,-83.21864,42.35086,"{
  ""coordinates"": [
    -8.321864580800001e+01,
    4.235086576800010e+01
  ],
  ""type"": ""Point""
}","{
  ""coordinates"": [
    -83.218645808,
    42.350865768
  ],
  ""type"": ""Point""
}",-83.218645808,42.3508657680001
17396,1015258,I-94,ROSA,2017-04-22,22,4,2017,21,7,5,1,,1,0,,1,1,4,55,3,2,1,5,0,0,0,0,true,,false,false,true,false,false,,,,,,false,false,false,,,false,false,false,false,false,-83.0834,42.35519,"{
  ""coordinates"": [
    -8.308339545900000e+01,
    4.235519051900010e+01
  ],
  ""type"": ""Point""
}","{
  ""coordinates"": [
    -83.083395459,
    42.355190519
  ],
  ""type"": ""Point""
}",-83.083395459,42.3551905190001
17397,1031883,MURRAY HILL,MCNICHOLS,2017-04-22,22,4,2017,19,7,98,9,,,0,,1,1,1,35,4,3,2,2,0,1,1,0,false,,true,true,false,false,false,,,,,,true,false,true,,,false,false,false,false,false,-83.20795,42.41579,"{
  ""coordinates"": [
    -8.320795668700001e+01,
    4.241579206900010e+01
  ],
  ""type"": ""Point""
}","{
  ""coordinates"": [
    -83.207956687,
    42.415792069
  ],
  ""type"": ""Point""
}",-83.207956687,42.4157920690001
17398,1016648,TRINITY,VERNE,2017-04-22,22,4,2017,12,7,5,9,,,0,,1,1,1,25,2,2,1,4,0,0,0,1,false,,false,false,false,false,false,,,,,,false,false,true,,,false,false,false,false,false,-83.24871,42.41146,"{
  ""coordinates"": [
    -8.324870742800000e+01,
    4.241145731200000e+01
  ],
  ""type"": ""Point""
}","{
  ""coordinates"": [
    -83.248707428,
    42.411457312
  ],
  ""type"": ""Point""
}",-83.248707428,42.411457312
17399,1012661,I-96,M-39,2017-04-22,22,4,2017,20,7,5,1,,1,0,,1,1,1,55,3,2,2,5,0,0,0,0,true,,false,false,false,false,false,,,,,,false,false,false,,,false,false,false,false,false,-83.21497,42.37883,"{
  ""coordinates"": [
    -8.321497143700000e+01,
    4.237882711500000e+01
  ],
  ""type"": ""Point""
}","{
  ""coordinates"": [
    -83.214971437,
    42.378827115
  ],
  ""type"": ""Point""
}",-83.214971437,42.378827115
17400,1014062,JEFFERSON,BEAUBIEN,2017-04-22,22,4,2017,5,7,8,4,,1,0,,1,1,4,30,4,2,1,5,0,0,0,0,true,,false,false,false,false,false,,,,,,false,false,false,,,false,false,false,false,false,-83.04024,42.33071,"{
  ""coordinates"": [
    -8.304023768099999e+01,
    4.233070734900010e+01
  ],
  ""type"": ""Point""
}","{
  ""coordinates"": [
    -83.040237681,
    42.330707349
  ],
  ""type"": ""Point""
}",-83.040237681,42.3307073490001
17401,1041398,4611 BERKSHIRE,MUNICH,2017-04-22,22,4,2017,19,7,98,9,,,3,,1,1,1,25,2,2,1,5,0,0,0,0,true,,false,false,true,false,false,,,,,,false,false,false,,,false,false,false,false,false,-82.94247,42.39711,"{
  ""coordinates"": [
    -8.294247298099999e+01,
    4.239710718300010e+01
  ],
  ""type"": ""Point""
}","{
  ""coordinates"": [
    -82.942472981,
    42.397107183
  ],
  ""type"": ""Point""
}",-82.942472981,42.3971071830001
17402,1012672,PRAIRIE,JULIAN,2017-04-22,22,4,2017,21,7,8,9,,,0,,1,1,3,25,2,2,0,5,0,0,0,0,true,,false,false,true,false,false,,,,,,false,false,false,,,false,false,false,false,false,-83.14324,42.35845,"{
  ""coordinates"": [
    -8.314324489099990e+01,
    4.235844939200010e+01
  ],
  ""type"": ""Point""
}","{
  ""coordinates"": [
    -83.143244891,
    42.358449392
  ],
  ""type"": ""Point""
}",-83.1432448909999,42.3584493920001
17403,1012686,MARCUS,VAN DYKE,2017-04-22,22,4,2017,20,7,9,9,,,2,,1,1,5,25,1,2,0,5,0,0,0,0,true,,false,false,true,false,false,,,,,,false,false,false,,,false,false,false,false,false,-83.02055,42.39571,"{
  ""coordinates"": [
    -8.302055483500000e+01,
    4.239571340100010e+01
  ],
  ""type"": ""Point""
}","{
  ""coordinates"": [
    -83.020554835,
    42.395713401
  ],
  ""type"": ""Point""
}",-83.020554835,42.3957134010001
17404,1011735,WARREN,BRACE,2017-04-22,22,4,2017,18,7,5,9,,2,0,,1,1,1,35,4,2,2,5,0,0,0,0,true,,false,false,false,false,false,,,,,,false,false,true,,,false,false,false,false,false,-83.22313,42.34331,"{
  ""coordinates"": [
    -8.322313147200001e+01,
    4.234331104800000e+01
  ],
  ""type"": ""Point""
}","{
  ""coordinates"": [
    -83.223131472,
    42.343311048
  ],
  ""type"": ""Point""
}",-83.223131472,42.343311048
17405,1011740,ANTIETAM,ST AUBIN,2017-04-22,22,4,2017,4,7,1,9,,4,1,,1,1,4,30,1,1,1,3,0,0,1,0,false,,false,false,false,false,false,,,,,,false,false,true,,,false,false,false,false,false,-83.03283,42.34599,"{
  ""coordinates"": [
    -8.303283166100000e+01,
    4.234598594900010e+01
  ],
  ""type"": ""Point""
}","{
  ""coordinates"": [
    -83.032831661,
    42.345985949
  ],
  ""type"": ""Point""
}",-83.032831661,42.3459859490001
17406,1031756,S M 39,RAMP 010C,2017-04-22,22,4,2017,1,7,5,3,,1,0,,1,2,4,55,3,2,2,2,0,2,0,0,false,,false,false,false,false,false,,,,,,false,false,false,,,false,false,false,false,false,-83.21889,42.41701,"{
  ""coordinates"": [
    -8.321889619000000e+01,
    4.241700976700000e+01
  ],
  ""type"": ""Point""
}","{
  ""coordinates"": [
    -83.21889619,
    42.417009767
  ],
  ""type"": ""Point""
}",-83.21889619,42.417009767
17407,1013389,SOUTHFIELD SERVICE DRIVE,8 MILE,2017-04-22,22,4,2017,3,7,1,3,,4,1,,1,1,5,25,1,1,0,5,0,0,0,0,true,,false,false,false,false,false,,,,,,false,false,false,,,false,false,false,false,false,-83.21928,42.44426,"{
  ""coordinates"": [
    -8.321927642100000e+01,
    4.244426392200010e+01
  ],
  ""type"": ""Point""
}","{
  ""coordinates"": [
    -83.219276421,
    42.444263922
  ],
  ""type"": ""Point""
}",-83.219276421,42.4442639220001
17408,1014104,SAINT LOUIS,CHARLES,2017-04-22,22,4,2017,14,7,4,9,,,3,,1,1,1,25,2,2,0,5,0,0,0,0,true,,false,false,true,false,false,,,,,,false,false,false,,,false,false,false,false,false,-83.0393,42.41251,"{
  ""coordinates"": [
    -8.303930154800000e+01,
    4.241251058300000e+01
  ],
  ""type"": ""Point""
}","{
  ""coordinates"": [
    -83.039301548,
    42.412510583
  ],
  ""type"": ""Point""
}",-83.039301548,42.412510583
17409,1012678,GRAND,N M 10 SERVICE DRIVE,2017-04-22,22,4,2017,13,7,4,9,,4,0,,1,2,1,30,3,2,5,4,0,0,0,2,false,,false,false,false,false,false,,,,,,false,true,false,,,false,false,false,false,false,-83.08147,42.36732,"{
  ""coordinates"": [
    -8.308147430799990e+01,
    4.236732406400010e+01
  ],
  ""type"": ""Point""
}","{
  ""coordinates"": [
    -83.081474308,
    42.367324064
  ],
  ""type"": ""Point""
}",-83.0814743079999,42.3673240640001
17410,1015286,WARREN,OUTER,2017-04-22,22,4,2017,19,7,98,9,,2,0,,1,1,1,0,2,2,1,5,0,0,0,0,true,,false,false,false,false,false,,,,,,false,false,true,,,false,false,false,false,false,-83.25217,42.34204,"{
  ""coordinates"": [
    -8.325216300999990e+01,
    4.234203991100000e+01
  ],
  ""type"": ""Point""
}","{
  ""coordinates"": [
    -83.25216301,
    42.342039911
  ],
  ""type"": ""Point""
}",-83.2521630099999,42.342039911
17411,1012690,LINWOOD,CORTLAND,2017-04-22,22,4,2017,23,7,97,9,,4,0,,1,1,4,0,6,2,3,5,0,0,0,0,true,,false,false,true,false,false,,,,,,false,true,false,,,false,false,false,false,false,-83.11765,42.38655,"{
  ""coordinates"": [
    -8.311765582699999e+01,
    4.238654628500010e+01
  ],
  ""type"": ""Point""
}","{
  ""coordinates"": [
    -83.117655827,
    42.386546285
  ],
  ""type"": ""Point""
}",-83.117655827,42.3865462850001
17412,1012699,EIGHT MILE,ORLEANS,2017-04-22,22,4,2017,17,7,97,3,,1,0,,1,1,1,40,9,2,3,5,0,0,0,0,true,,false,false,false,false,false,,,,,,false,false,false,,,false,false,false,false,false,-83.08582,42.44697,"{
  ""coordinates"": [
    -8.308581968300000e+01,
    4.244697201900000e+01
  ],
  ""type"": ""Point""
}","{
  ""coordinates"": [
    -83.085819683,
    42.446972019
  ],
  ""type"": ""Point""
}",-83.085819683,42.446972019
17413,1013367,MICHIGAN,LIVERNOIS,2017-04-22,22,4,2017,18,7,8,2,,1,0,,1,1,1,35,5,2,6,5,0,0,0,0,true,,false,false,false,false,false,,,,,,false,true,false,,,false,false,false,false,false,-83.12061,42.33112,"{
  ""coordinates"": [
    -8.312060721899999e+01,
    4.233111964200000e+01
  ],
  ""type"": ""Point""
}","{
  ""coordinates"": [
    -83.120607219,
    42.331119642
  ],
  ""type"": ""Point""
}",-83.120607219,42.331119642
17414,1011732,LYNDON,BLACKSTONE,2017-04-22,22,4,2017,17,7,2,9,,4,0,,1,1,1,25,2,2,2,5,0,0,0,0,true,,true,false,true,false,false,,,,,,false,false,true,,,false,false,false,false,false,-83.24905,42.39322,"{
  ""coordinates"": [
    -8.324904487100000e+01,
    4.239321737800000e+01
  ],
  ""type"": ""Point""
}","{
  ""coordinates"": [
    -83.249044871,
    42.393217378
  ],
  ""type"": ""Point""
}",-83.249044871,42.393217378
17415,1012700,STATE FAIR,N I 75,2017-04-22,22,4,2017,17,7,4,9,,4,0,,1,1,4,35,4,2,2,4,0,0,0,1,false,,false,false,false,false,false,,,,,,false,false,false,,,false,false,false,false,false,-83.09498,42.43976,"{
  ""coordinates"": [
    -8.309497951199999e+01,
    4.243975665400010e+01
  ],
  ""type"": ""Point""
}","{
  ""coordinates"": [
    -83.094979512,
    42.439756654
  ],
  ""type"": ""Point""
}",-83.094979512,42.4397566540001
17416,1011688,I-75,CLAY,2017-04-22,22,4,2017,18,7,1,1,,1,1,,1,1,1,55,3,1,1,5,0,0,0,0,true,,false,false,false,false,false,,,,,,false,false,false,,,false,false,false,false,false,-83.06198,42.377,"{
  ""coordinates"": [
    -8.306198364799999e+01,
    4.237700127300010e+01
  ],
  ""type"": ""Point""
}","{
  ""coordinates"": [
    -83.061983648,
    42.377001273
  ],
  ""type"": ""Point""
}",-83.061983648,42.3770012730001
17417,1013373,FORT,WOODMERE,2017-04-22,22,4,2017,1,7,1,3,,1,0,,1,1,4,35,7,1,0,5,0,0,0,0,true,,false,false,false,false,false,,,,,,false,false,false,,,false,false,false,false,false,-83.13081,42.29576,"{
  ""coordinates"": [
    -8.313081624700000e+01,
    4.229576180000000e+01
  ],
  ""type"": ""Point""
}","{
  ""coordinates"": [
    -83.130816247,
    42.2957618
  ],
  ""type"": ""Point""
}",-83.130816247,42.2957618
17418,1012698,DAVISON,RYAN,2017-04-22,22,4,2017,21,7,8,9,,4,0,,1,1,4,0,2,2,1,5,0,0,0,0,true,,false,false,true,false,false,,,,,,false,false,false,,,false,false,false,false,false,-83.06025,42.416,"{
  ""coordinates"": [
    -8.306025175799989e+01,
    4.241599506200000e+01
  ],
  ""type"": ""Point""
}","{
  ""coordinates"": [
    -83.060251758,
    42.415995062
  ],
  ""type"": ""Point""
}",-83.0602517579999,42.415995062
17419,1014051,N/B I-75,SPRINGWELLS,2017-04-21,21,4,2017,0,6,1,1,,1,1,,2,2,4,70,4,1,1,5,0,0,0,0,true,,false,false,false,false,false,,,,,,false,false,false,,,false,false,false,false,false,-83.12223,42.29964,"{
  ""coordinates"": [
    -8.312223302000000e+01,
    4.229963905700000e+01
  ],
  ""type"": ""Point""
}","{
  ""coordinates"": [
    -83.12223302,
    42.299639057
  ],
  ""type"": ""Point""
}",-83.12223302,42.299639057
17420,1023349,ERWIN,LYNCH,2017-04-21,21,4,2017,11,6,10,9,,4,0,,1,1,1,25,2,2,1,5,0,0,0,0,true,,false,false,true,false,false,,,,,,false,false,false,,,false,false,false,false,false,-83.01836,42.40493,"{
  ""coordinates"": [
    -8.301836229000000e+01,
    4.240492449500000e+01
  ],
  ""type"": ""Point""
}","{
  ""coordinates"": [
    -83.01836229,
    42.404924495
  ],
  ""type"": ""Point""
}",-83.01836229,42.404924495
17421,1014068,WOODWARD,MACK,2017-04-21,21,4,2017,19,6,5,3,,1,0,,1,1,1,30,7,2,5,5,0,0,0,0,true,,false,false,false,false,false,,,,,,false,false,true,,,false,false,false,false,false,-83.05784,42.34734,"{
  ""coordinates"": [
    -8.305783683899990e+01,
    4.234733509900010e+01
  ],
  ""type"": ""Point""
}","{
  ""coordinates"": [
    -83.057836839,
    42.347335099
  ],
  ""type"": ""Point""
}",-83.0578368389999,42.3473350990001
17422,1011766,DAVISON,DEXTER,2017-04-21,21,4,2017,17,6,5,3,,1,0,,1,2,1,35,3,2,3,4,0,0,0,1,false,,false,false,false,false,false,,,,,,false,false,false,,,false,false,false,false,false,-83.1302,42.39,"{
  ""coordinates"": [
    -8.313020301200000e+01,
    4.238999569300010e+01
  ],
  ""type"": ""Point""
}","{
  ""coordinates"": [
    -83.130203012,
    42.389995693
  ],
  ""type"": ""Point""
}",-83.130203012,42.3899956930001
17423,1011743,CIRCLE,8 MILE,2017-04-21,21,4,2017,13,6,97,3,,1,0,,1,2,1,30,2,3,3,4,0,0,0,1,false,,false,false,false,false,false,,,,,,false,true,false,,,false,false,false,false,false,-83.21689,42.4442,"{
  ""coordinates"": [
    -8.321688508699999e+01,
    4.244420137000000e+01
  ],
  ""type"": ""Point""
}","{
  ""coordinates"": [
    -83.216885087,
    42.44420137
  ],
  ""type"": ""Point""
}",-83.216885087,42.44420137
17424,1016562,I-75,MCNICHOLS,2017-04-21,21,4,2017,8,6,5,1,,1,0,,1,2,1,70,4,3,2,5,0,0,0,0,true,,false,false,true,false,false,,,,,,false,false,true,,,false,false,false,false,false,-83.08693,42.41686,"{
  ""coordinates"": [
    -8.308692743700000e+01,
    4.241685783300010e+01
  ],
  ""type"": ""Point""
}","{
  ""coordinates"": [
    -83.086927437,
    42.416857833
  ],
  ""type"": ""Point""
}",-83.086927437,42.4168578330001
17425,1015264,I-94,CONCORD,2017-04-21,21,4,2017,23,6,1,1,,1,1,,1,2,4,55,3,1,1,3,0,0,1,0,false,,false,false,false,false,false,,,,,,false,false,true,,,false,false,false,false,false,-83.0311,42.38238,"{
  ""coordinates"": [
    -8.303109748100000e+01,
    4.238237577300000e+01
  ],
  ""type"": ""Point""
}","{
  ""coordinates"": [
    -83.031097481,
    42.382375773
  ],
  ""type"": ""Point""
}",-83.031097481,42.382375773
17426,1012701,WYOMING,LODGE SERVICE,2017-04-21,21,4,2017,14,6,4,9,,4,0,,1,2,1,30,4,2,3,5,0,0,0,0,true,,false,false,false,false,false,,,,,,false,false,false,,,false,false,false,false,false,-83.15982,42.40546,"{
  ""coordinates"": [
    -8.315982386800000e+01,
    4.240545654100000e+01
  ],
  ""type"": ""Point""
}","{
  ""coordinates"": [
    -83.159823868,
    42.405456541
  ],
  ""type"": ""Point""
}",-83.159823868,42.405456541
17427,1016563,I-75,HOLBROOK,2017-04-21,21,4,2017,15,6,5,1,,1,0,,1,2,1,70,4,3,5,3,0,0,1,0,false,,false,false,false,false,false,,,,,,false,false,true,,,false,false,false,false,false,-83.06845,42.38706,"{
  ""coordinates"": [
    -8.306845225099990e+01,
    4.238706155600000e+01
  ],
  ""type"": ""Point""
}","{
  ""coordinates"": [
    -83.068452251,
    42.387061556
  ],
  ""type"": ""Point""
}",-83.0684522509999,42.387061556
17428,1014083,EVERGREEN,SCHOOLCRAFT,2017-04-21,21,4,2017,16,6,5,9,,4,0,,1,1,1,30,6,2,2,5,0,0,0,0,true,,false,false,false,false,false,,,,,,false,false,false,,,false,false,false,false,false,-83.23685,42.38625,"{
  ""coordinates"": [
    -8.323684632100000e+01,
    4.238624566900010e+01
  ],
  ""type"": ""Point""
}","{
  ""coordinates"": [
    -83.236846321,
    42.386245669
  ],
  ""type"": ""Point""
}",-83.236846321,42.3862456690001
17429,1012663,I-75,CANFIELD,2017-04-21,21,4,2017,23,6,5,1,,1,0,,1,1,4,70,4,2,3,2,0,2,1,0,false,,false,false,false,true,false,,,,,,false,false,false,,,false,false,false,false,false,-83.04712,42.35014,"{
  ""coordinates"": [
    -8.304711595099999e+01,
    4.235013977400010e+01
  ],
  ""type"": ""Point""
}","{
  ""coordinates"": [
    -83.047115951,
    42.350139774
  ],
  ""type"": ""Point""
}",-83.047115951,42.3501397740001
17430,1011803,N M 10 SERVICE DRIVE,FOREST,2017-04-21,21,4,2017,9,6,5,3,,4,0,,1,2,1,25,1,2,2,5,0,0,0,0,true,,false,false,false,false,false,,,,,,false,false,true,,,false,false,false,false,false,-83.07172,42.35173,"{
  ""coordinates"": [
    -8.307171310299999e+01,
    4.235172662300000e+01
  ],
  ""type"": ""Point""
}","{
  ""coordinates"": [
    -83.071713103,
    42.351726623
  ],
  ""type"": ""Point""
}",-83.071713103,42.351726623
17431,1011757,FENKELL,LAWTON,2017-04-21,21,4,2017,13,6,1,9,,4,1,,1,1,1,30,2,1,1,5,0,0,0,0,true,,false,false,false,false,false,,,,,,false,true,false,,,false,false,false,false,false,-83.12902,42.40292,"{
  ""coordinates"": [
    -8.312901895700000e+01,
    4.240292494800010e+01
  ],
  ""type"": ""Point""
}","{
  ""coordinates"": [
    -83.129018957,
    42.402924948
  ],
  ""type"": ""Point""
}",-83.129018957,42.4029249480001
17432,1013384,TELEGRAPH,MCNICHOLS,2017-04-21,21,4,2017,17,6,97,2,,1,0,,1,2,1,45,8,2,1,5,0,0,0,0,true,,false,false,false,false,false,,,,,,false,false,false,,,false,false,false,false,false,-83.27695,42.41441,"{
  ""coordinates"": [
    -8.327695707800000e+01,
    4.241441051900010e+01
  ],
  ""type"": ""Point""
}","{
  ""coordinates"": [
    -83.276957078,
    42.414410519
  ],
  ""type"": ""Point""
}",-83.276957078,42.4144105190001
17433,1019490,LAING,BRITAIN,2017-04-21,21,4,2017,12,6,8,9,,,0,,1,1,1,25,1,2,1,5,0,0,0,0,true,,false,false,true,false,false,,,,,,false,false,false,,,false,false,false,false,false,-82.9549,42.42508,"{
  ""coordinates"": [
    -8.295489342899999e+01,
    4.242507898000010e+01
  ],
  ""type"": ""Point""
}","{
  ""coordinates"": [
    -82.954893429,
    42.42507898
  ],
  ""type"": ""Point""
}",-82.954893429,42.4250789800001
17434,1011736,BURT,PLYMOUTH,2017-04-21,21,4,2017,21,6,5,9,,4,0,,1,1,1,35,4,2,2,5,0,0,0,0,true,,false,false,false,false,false,,,,,,false,false,false,,,false,false,false,false,false,-83.24622,42.37183,"{
  ""coordinates"": [
    -8.324622386999989e+01,
    4.237183510600000e+01
  ],
  ""type"": ""Point""
}","{
  ""coordinates"": [
    -83.24622387,
    42.371835106
  ],
  ""type"": ""Point""
}",-83.2462238699999,42.371835106
17435,1025348,WARREN,WAYNE,2017-04-21,21,4,2017,19,6,5,9,,4,0,,1,1,1,45,5,2,2,5,0,0,0,0,true,,false,false,true,true,false,,,,,,false,false,true,,,false,false,false,false,false,-83.07164,42.35432,"{
  ""coordinates"": [
    -8.307164297799990e+01,
    4.235432245900010e+01
  ],
  ""type"": ""Point""
}","{
  ""coordinates"": [
    -83.071642978,
    42.354322459
  ],
  ""type"": ""Point""
}",-83.0716429779999,42.3543224590001
17436,1016730,CONANT,OUTER,2017-04-21,21,4,2017,11,6,4,9,,4,0,,1,1,1,30,3,2,2,5,0,0,0,0,true,,false,false,false,false,false,,,,,,false,false,false,,,false,false,false,false,false,-83.07883,42.4401,"{
  ""coordinates"": [
    -8.307882580800000e+01,
    4.244009894300010e+01
  ],
  ""type"": ""Point""
}","{
  ""coordinates"": [
    -83.078825808,
    42.440098943
  ],
  ""type"": ""Point""
}",-83.078825808,42.4400989430001
17437,1011693,I-75,HOLBROOK,2017-04-21,21,4,2017,18,6,5,1,,1,0,,1,2,1,70,4,2,1,5,0,0,0,0,true,,false,false,true,false,false,,,,,,false,false,false,,,false,false,false,false,false,-83.0676,42.38584,"{
  ""coordinates"": [
    -8.306760667499999e+01,
    4.238583626900000e+01
  ],
  ""type"": ""Point""
}","{
  ""coordinates"": [
    -83.067606675,
    42.385836269
  ],
  ""type"": ""Point""
}",-83.067606675,42.385836269
17438,1011731,WARREN,EVERGREEN,2017-04-21,21,4,2017,16,6,5,9,,2,0,,1,1,1,25,4,2,2,4,0,0,0,1,false,,false,false,false,false,false,,,,,,false,false,true,,,false,false,false,false,false,-83.23566,42.34313,"{
  ""coordinates"": [
    -8.323565635200001e+01,
    4.234312745500010e+01
  ],
  ""type"": ""Point""
}","{
  ""coordinates"": [
    -83.235656352,
    42.343127455
  ],
  ""type"": ""Point""
}",-83.235656352,42.3431274550001
17439,1016560,I-75,GRAND,2017-04-21,21,4,2017,6,6,5,1,,1,0,,1,1,4,55,4,2,2,5,0,0,0,0,true,,false,false,false,false,false,,,,,,false,false,false,,,false,false,false,false,false,-83.06113,42.37573,"{
  ""coordinates"": [
    -8.306112714499990e+01,
    4.237573014100010e+01
  ],
  ""type"": ""Point""
}","{
  ""coordinates"": [
    -83.061127145,
    42.375730141
  ],
  ""type"": ""Point""
}",-83.0611271449999,42.3757301410001
17440,1011728,BIRWOOD,SCHOOLCRAFT,2017-04-21,21,4,2017,8,6,98,9,,,0,,1,1,1,25,4,2,0,5,0,0,0,0,true,,false,false,false,false,false,,,,,,false,false,false,,,false,false,false,false,false,-83.16311,42.38847,"{
  ""coordinates"": [
    -8.316310745999991e+01,
    4.238847360600000e+01
  ],
  ""type"": ""Point""
}","{
  ""coordinates"": [
    -83.16310746,
    42.388473606
  ],
  ""type"": ""Point""
}",-83.1631074599999,42.388473606
17441,1011727,CONNER,HERN,2017-04-21,21,4,2017,15,6,5,9,,4,0,,1,2,1,30,3,2,3,4,0,0,0,1,false,,false,false,false,false,false,,,,,,false,false,false,,,false,false,false,false,false,-82.98839,42.3952,"{
  ""coordinates"": [
    -8.298838798400000e+01,
    4.239520410300000e+01
  ],
  ""type"": ""Point""
}","{
  ""coordinates"": [
    -82.988387984,
    42.395204103
  ],
  ""type"": ""Point""
}",-82.988387984,42.395204103
17442,1013372,E I 94,RAMP 212B,2017-04-21,21,4,2017,17,6,5,1,,1,0,,1,1,1,55,3,2,2,5,0,0,0,0,true,,false,false,false,false,false,,,,,,false,false,true,,,false,false,false,false,false,-83.12387,42.33772,"{
  ""coordinates"": [
    -8.312387030399999e+01,
    4.233772255600010e+01
  ],
  ""type"": ""Point""
}","{
  ""coordinates"": [
    -83.123870304,
    42.337722556
  ],
  ""type"": ""Point""
}",-83.123870304,42.3377225560001
17443,1011718,S I 75 SERVICE DRIVE,SPRINGWELLS,2017-04-21,21,4,2017,9,6,9,9,,4,0,,1,1,1,25,2,2,2,5,0,0,0,0,true,,false,false,false,false,false,,,,,,false,false,false,,,false,false,false,false,false,-83.11943,42.30196,"{
  ""coordinates"": [
    -8.311942895599999e+01,
    4.230196000400010e+01
  ],
  ""type"": ""Point""
}","{
  ""coordinates"": [
    -83.119428956,
    42.301960004
  ],
  ""type"": ""Point""
}",-83.119428956,42.3019600040001
17444,1011729,MCNICHOLS,GREENFIELD,2017-04-21,21,4,2017,17,6,97,9,,2,0,,1,2,1,35,4,2,1,5,0,0,0,0,true,,false,false,true,false,false,,,,,,false,true,false,,,false,false,false,false,false,-83.19927,42.41599,"{
  ""coordinates"": [
    -8.319927292400000e+01,
    4.241599117400010e+01
  ],
  ""type"": ""Point""
}","{
  ""coordinates"": [
    -83.199272924,
    42.415991174
  ],
  ""type"": ""Point""
}",-83.199272924,42.4159911740001