ObjectId,Crash ID,Primary Road,Intersecting Road,Crash Date,Day,Month,Year,Hour,Weekday,Crash Type Code,Highway Classification Code,Community Code,Jurisdiction Code,Lane Departure Type Code,Surface Type,Road Condition,Weather Condition,Lighting Condition,Speed Limit,Lanes,Units,Occupants,Most Severe Injury,Fatal Injuries,Suspected Serious Injuries,Suspected Minor Injuries,Possible Injuries,Property Damage Only,Secondary Crash,Traffic Control,Red Light Run,Hit and Run,Alcohol,Drugs,Unbelted Person,Work Zone,Speeding Driver,Distracted Driver,Driveway,Pedestrian,Elderly Driver,Young Driver,Commercial Vehicle,Emergency Vehicles,Train,School Bus,Motorcycle,Bicycle,Deer,Longitude,Latitude,geom,geog,x,y
17445,1022243,RAMP 037D,RAMP 037F,2017-04-21,21,4,2017,15,6,1,1,,1,1,,1,1,1,55,1,1,1,5,0,0,0,0,true,,false,false,false,false,false,,,,,,false,false,false,,,false,false,false,false,false,-83.08459,42.333,"{
  ""coordinates"": [
    -8.308459490599989e+01,
    4.233299927700010e+01
  ],
  ""type"": ""Point""
}","{
  ""coordinates"": [
    -83.084594906,
    42.332999277
  ],
  ""type"": ""Point""
}",-83.0845949059999,42.3329992770001
17446,1011771,GODDARD,8 MILE,2017-04-21,21,4,2017,10,6,10,3,,,0,,1,1,1,25,1,2,1,5,0,0,0,0,true,,false,false,false,false,false,,,,,,false,false,false,,,false,false,false,false,false,-83.07786,42.44707,"{
  ""coordinates"": [
    -8.307785432900000e+01,
    4.244707024000010e+01
  ],
  ""type"": ""Point""
}","{
  ""coordinates"": [
    -83.077854329,
    42.44707024
  ],
  ""type"": ""Point""
}",-83.077854329,42.4470702400001
17447,1013412,MCNICHOLS,LOG CABIN,2017-04-21,21,4,2017,15,6,4,9,,4,0,,1,10,1,25,2,2,5,5,0,0,0,0,true,,true,true,false,false,false,,,,,,false,true,false,,,false,false,false,false,false,-83.12156,42.4175,"{
  ""coordinates"": [
    -8.312155699800000e+01,
    4.241749682600000e+01
  ],
  ""type"": ""Point""
}","{
  ""coordinates"": [
    -83.121556998,
    42.417496826
  ],
  ""type"": ""Point""
}",-83.121556998,42.417496826
17448,1011726,WARREN,SAINT JEAN,2017-04-21,21,4,2017,12,6,4,9,,4,0,,1,2,1,30,5,2,5,4,0,0,0,1,false,,true,true,true,false,false,,,,,,false,false,false,,,false,false,false,false,false,-82.98388,42.38726,"{
  ""coordinates"": [
    -8.298388017699990e+01,
    4.238726024400010e+01
  ],
  ""type"": ""Point""
}","{
  ""coordinates"": [
    -82.983880177,
    42.387260244
  ],
  ""type"": ""Point""
}",-82.9838801769999,42.3872602440001
17449,1016572,M-39,SCHOOLCRAFT,2017-04-21,21,4,2017,9,6,5,3,,1,0,,1,2,1,55,3,2,2,5,0,0,0,0,true,,false,false,false,false,false,,,,,,false,false,true,,,false,false,false,false,false,-83.21754,42.38644,"{
  ""coordinates"": [
    -8.321753421499990e+01,
    4.238644210200000e+01
  ],
  ""type"": ""Point""
}","{
  ""coordinates"": [
    -83.217534215,
    42.386442102
  ],
  ""type"": ""Point""
}",-83.2175342149999,42.386442102
17450,1012702,NORFOLK,ROSELAWN,2017-04-21,21,4,2017,19,6,4,9,,,0,,1,1,1,25,2,2,2,5,0,0,0,0,true,,false,false,false,false,false,,,,,,false,true,false,,,false,false,false,false,false,-83.15346,42.44343,"{
  ""coordinates"": [
    -8.315345826600000e+01,
    4.244343332600000e+01
  ],
  ""type"": ""Point""
}","{
  ""coordinates"": [
    -83.153458266,
    42.443433326
  ],
  ""type"": ""Point""
}",-83.153458266,42.443433326
17451,1011755,CONANT,DAVISON,2017-04-21,21,4,2017,21,6,8,3,,4,0,,98,98,98,35,3,2,2,5,0,0,0,0,true,,false,false,true,false,false,,,,,,false,false,false,,,false,false,false,false,false,-83.06136,42.41535,"{
  ""coordinates"": [
    -8.306135935700000e+01,
    4.241534672700000e+01
  ],
  ""type"": ""Point""
}","{
  ""coordinates"": [
    -83.061359357,
    42.415346727
  ],
  ""type"": ""Point""
}",-83.061359357,42.415346727
17452,1011772,BLOOM,7 MILE,2017-04-21,21,4,2017,20,6,4,9,,,0,,1,1,4,25,1,2,3,5,0,0,0,0,true,,true,false,true,false,false,,,,,,false,false,false,,,false,false,false,false,false,-83.04923,42.43344,"{
  ""coordinates"": [
    -8.304922914100000e+01,
    4.243344585100000e+01
  ],
  ""type"": ""Point""
}","{
  ""coordinates"": [
    -83.049229141,
    42.433445851
  ],
  ""type"": ""Point""
}",-83.049229141,42.433445851
17453,1015274,CADIEUX,SOUTHAMPTON,2017-04-21,21,4,2017,17,6,5,9,,4,0,,1,2,1,35,2,2,2,5,0,0,0,0,true,,false,false,true,false,false,,,,,,false,true,false,,,false,false,false,false,false,-82.93198,42.40937,"{
  ""coordinates"": [
    -8.293197505099990e+01,
    4.240936779900010e+01
  ],
  ""type"": ""Point""
}","{
  ""coordinates"": [
    -82.931975051,
    42.409367799
  ],
  ""type"": ""Point""
}",-82.9319750509999,42.4093677990001
17454,1013316,S/B M-39,WARREN,2017-04-21,21,4,2017,16,6,5,3,,1,0,,1,2,1,55,3,3,3,5,0,0,0,0,true,,false,false,false,false,false,,,,,,false,false,true,,,false,false,false,false,false,-83.21629,42.34482,"{
  ""coordinates"": [
    -8.321628301299999e+01,
    4.234481962200000e+01
  ],
  ""type"": ""Point""
}","{
  ""coordinates"": [
    -83.216283013,
    42.344819622
  ],
  ""type"": ""Point""
}",-83.216283013,42.344819622
17455,1011746,GRATIOT,8 MILE,2017-04-21,21,4,2017,8,6,4,3,,1,0,,1,1,1,35,9,2,2,5,0,0,0,0,true,,true,true,false,false,false,,,,,,false,false,true,,,false,false,false,false,false,-82.968,42.44974,"{
  ""coordinates"": [
    -8.296800308400000e+01,
    4.244973914100010e+01
  ],
  ""type"": ""Point""
}","{
  ""coordinates"": [
    -82.968003084,
    42.449739141
  ],
  ""type"": ""Point""
}",-82.968003084,42.4497391410001
17456,1011705,LIVERNOIS,E I 96,2017-04-21,21,4,2017,19,6,2,9,,4,0,,1,1,1,35,2,2,2,5,0,0,0,0,true,,false,false,true,false,false,,,,,,false,false,false,,,false,false,false,false,false,-83.13873,42.36706,"{
  ""coordinates"": [
    -8.313873074599999e+01,
    4.236705700800010e+01
  ],
  ""type"": ""Point""
}","{
  ""coordinates"": [
    -83.138730746,
    42.367057008
  ],
  ""type"": ""Point""
}",-83.138730746,42.3670570080001
17457,1011717,FORT,AMERICAN,2017-04-21,21,4,2017,11,6,4,3,,1,0,,1,2,1,30,4,2,2,4,0,0,0,1,false,,false,false,false,false,false,,,,,,false,false,false,,,false,false,false,false,false,-83.11218,42.30295,"{
  ""coordinates"": [
    -8.311217963699990e+01,
    4.230295057900000e+01
  ],
  ""type"": ""Point""
}","{
  ""coordinates"": [
    -83.112179637,
    42.302950579
  ],
  ""type"": ""Point""
}",-83.1121796369999,42.302950579
17458,1011750,MORANG,PEERLESS,2017-04-21,21,4,2017,22,6,8,9,,4,0,,1,1,4,25,2,2,2,5,0,0,0,0,true,,false,false,true,false,false,,,,,,false,false,false,,,false,false,false,false,false,-82.9397,42.42192,"{
  ""coordinates"": [
    -8.293969808199989e+01,
    4.242192133200010e+01
  ],
  ""type"": ""Point""
}","{
  ""coordinates"": [
    -82.939698082,
    42.421921332
  ],
  ""type"": ""Point""
}",-82.9396980819999,42.4219213320001
17459,1016566,M-39,PURITAN,2017-04-21,21,4,2017,17,6,5,3,,1,0,,1,2,1,55,3,3,3,4,0,0,0,1,false,,false,false,false,false,false,,,,,,false,false,false,,,false,false,false,false,false,-83.21868,42.40793,"{
  ""coordinates"": [
    -8.321868090000000e+01,
    4.240792823300010e+01
  ],
  ""type"": ""Point""
}","{
  ""coordinates"": [
    -83.2186809,
    42.407928233
  ],
  ""type"": ""Point""
}",-83.2186809,42.4079282330001
17460,1010813,CHRYSLER,GRATIOT,2017-04-21,21,4,2017,2,6,5,1,,1,0,,1,1,4,35,4,2,2,2,0,2,0,0,false,,false,false,false,false,false,,,,,,false,false,false,,,false,false,false,false,false,-83.04353,42.34344,"{
  ""coordinates"": [
    -8.304353239499990e+01,
    4.234343993200010e+01
  ],
  ""type"": ""Point""
}","{
  ""coordinates"": [
    -83.043532395,
    42.343439932
  ],
  ""type"": ""Point""
}",-83.0435323949999,42.3434399320001
17461,1138919,VANDYKE,7MILE,2017-04-21,21,4,2017,3,6,5,3,,1,0,,1,1,4,35,4,2,1,5,0,0,0,0,true,,false,false,true,false,false,,,,,,false,false,false,,,false,false,false,false,false,-83.02425,42.43398,"{
  ""coordinates"": [
    -8.302425221500000e+01,
    4.243397653700000e+01
  ],
  ""type"": ""Point""
}","{
  ""coordinates"": [
    -83.024252215,
    42.433976537
  ],
  ""type"": ""Point""
}",-83.024252215,42.433976537
17462,1011741,RUSSEL,I-75 SERVICE,2017-04-21,21,4,2017,13,6,9,9,,,0,,1,1,1,15,1,2,1,5,0,0,0,0,true,,false,false,false,false,false,,,,,,false,false,false,,,false,false,false,false,false,-83.0897,42.42108,"{
  ""coordinates"": [
    -8.308970146400000e+01,
    4.242107650900000e+01
  ],
  ""type"": ""Point""
}","{
  ""coordinates"": [
    -83.089701464,
    42.421076509
  ],
  ""type"": ""Point""
}",-83.089701464,42.421076509
17463,1011742,GRATIOT,PARKER,2017-04-21,21,4,2017,22,6,8,3,,1,0,,1,1,4,35,8,2,1,5,0,0,0,0,true,,false,false,true,false,false,,,,,,false,false,true,,,false,false,false,false,false,-83.01408,42.37975,"{
  ""coordinates"": [
    -8.301407738800000e+01,
    4.237974494900000e+01
  ],
  ""type"": ""Point""
}","{
  ""coordinates"": [
    -83.014077388,
    42.379744949
  ],
  ""type"": ""Point""
}",-83.014077388,42.379744949
17464,1011722,LONGWORTH,SPRINGWELLS,2017-04-21,21,4,2017,23,6,97,9,,,0,,1,1,4,25,3,3,0,5,0,0,0,0,true,,false,false,true,false,false,,,,,,false,false,false,,,false,false,false,false,false,-83.12352,42.30589,"{
  ""coordinates"": [
    -8.312351793700000e+01,
    4.230589287900010e+01
  ],
  ""type"": ""Point""
}","{
  ""coordinates"": [
    -83.123517937,
    42.305892879
  ],
  ""type"": ""Point""
}",-83.123517937,42.3058928790001
17465,1016542,I-75,DAVISON,2017-04-21,21,4,2017,16,6,5,1,,1,0,,1,2,1,70,5,2,2,4,0,0,0,1,false,,false,false,false,false,false,,,,,,false,true,false,,,false,false,false,false,false,-83.08253,42.41213,"{
  ""coordinates"": [
    -8.308253536200000e+01,
    4.241212687700000e+01
  ],
  ""type"": ""Point""
}","{
  ""coordinates"": [
    -83.082535362,
    42.412126877
  ],
  ""type"": ""Point""
}",-83.082535362,42.412126877
17466,1014066,SCHAEFER,E I 96 SERVICE DRIVE,2017-04-21,21,4,2017,17,6,5,1,,4,0,,1,2,1,30,2,2,2,5,0,0,0,0,true,,false,false,false,false,false,,,,,,false,false,true,,,false,false,false,false,false,-83.17834,42.38274,"{
  ""coordinates"": [
    -8.317834238200000e+01,
    4.238274546700010e+01
  ],
  ""type"": ""Point""
}","{
  ""coordinates"": [
    -83.178342382,
    42.382745467
  ],
  ""type"": ""Point""
}",-83.178342382,42.3827454670001
17467,1014108,WILDEMERE,MIDLAND,2017-04-21,21,4,2017,12,6,97,9,,,0,,1,2,1,25,2,3,2,5,0,0,0,0,true,,false,false,true,true,false,,,,,,false,false,false,,,false,false,false,false,false,-83.13254,42.40701,"{
  ""coordinates"": [
    -8.313253707599991e+01,
    4.240700885100010e+01
  ],
  ""type"": ""Point""
}","{
  ""coordinates"": [
    -83.132537076,
    42.407008851
  ],
  ""type"": ""Point""
}",-83.1325370759999,42.4070088510001
17468,1013391,TELEGRAPH,MCNICHOLS,2017-04-21,21,4,2017,20,6,97,2,,1,0,,1,1,4,45,4,2,2,3,0,0,1,0,false,,true,true,false,false,false,,,,,,false,true,true,,,false,false,false,false,false,-83.27746,42.41616,"{
  ""coordinates"": [
    -8.327746043199990e+01,
    4.241616369300000e+01
  ],
  ""type"": ""Point""
}","{
  ""coordinates"": [
    -83.277460432,
    42.416163693
  ],
  ""type"": ""Point""
}",-83.2774604319999,42.416163693
17469,1011686,I-75,WARREN,2017-04-21,21,4,2017,20,6,8,1,,1,0,,1,2,4,55,4,2,2,5,0,0,0,0,true,,false,false,false,false,false,,,,,,false,false,false,,,false,false,false,false,false,-83.05336,42.35954,"{
  ""coordinates"": [
    -8.305336248899989e+01,
    4.235954187500000e+01
  ],
  ""type"": ""Point""
}","{
  ""coordinates"": [
    -83.053362489,
    42.359541875
  ],
  ""type"": ""Point""
}",-83.0533624889999,42.359541875
17470,1011716,FORT,WOODMERE,2017-04-21,21,4,2017,17,6,8,3,,1,0,,1,1,1,35,5,2,2,5,0,0,0,0,true,,false,false,false,false,false,,,,,,false,false,false,,,false,false,false,false,false,-83.13057,42.29585,"{
  ""coordinates"": [
    -8.313057197900000e+01,
    4.229585067300010e+01
  ],
  ""type"": ""Point""
}","{
  ""coordinates"": [
    -83.130571979,
    42.295850673
  ],
  ""type"": ""Point""
}",-83.130571979,42.2958506730001
17471,1014053,N/B I-75,SPRINGWELLS,2017-04-21,21,4,2017,0,6,5,1,,1,0,,2,2,4,70,4,2,3,5,0,0,0,0,true,,false,false,false,false,false,,,,,,false,false,true,,,false,false,false,false,false,-83.12223,42.29964,"{
  ""coordinates"": [
    -8.312223302000000e+01,
    4.229963905700000e+01
  ],
  ""type"": ""Point""
}","{
  ""coordinates"": [
    -83.12223302,
    42.299639057
  ],
  ""type"": ""Point""
}",-83.12223302,42.299639057
17472,1014067,SECOND,GRAND,2017-04-21,21,4,2017,18,6,3,9,,4,0,,1,1,1,25,4,2,1,5,0,0,0,0,true,,false,false,true,false,false,,,,,,false,false,false,,,false,false,false,false,false,-83.0769,42.36905,"{
  ""coordinates"": [
    -8.307690325300000e+01,
    4.236904354600010e+01
  ],
  ""type"": ""Point""
}","{
  ""coordinates"": [
    -83.076903253,
    42.369043546
  ],
  ""type"": ""Point""
}",-83.076903253,42.3690435460001
17473,1011699,I-75,CLAY,2017-04-20,20,4,2017,15,5,5,1,,1,0,,2,5,1,70,4,3,5,4,0,0,0,2,false,,false,false,false,false,false,,,,,,false,true,true,,,false,false,false,false,false,-83.06374,42.37959,"{
  ""coordinates"": [
    -8.306374029700000e+01,
    4.237958541800000e+01
  ],
  ""type"": ""Point""
}","{
  ""coordinates"": [
    -83.063740297,
    42.379585418
  ],
  ""type"": ""Point""
}",-83.063740297,42.379585418
17474,1014050,I-94,CECIL,2017-04-20,20,4,2017,18,5,5,1,,1,0,,2,4,1,55,3,2,1,5,0,0,0,0,true,,false,false,true,false,false,,,,,,false,false,false,,,false,false,false,false,false,-83.12967,42.33559,"{
  ""coordinates"": [
    -8.312967054300000e+01,
    4.233559228800000e+01
  ],
  ""type"": ""Point""
}","{
  ""coordinates"": [
    -83.129670543,
    42.335592288
  ],
  ""type"": ""Point""
}",-83.129670543,42.335592288
17475,1016531,E/B I 96,EVERGREEN,2017-04-20,20,4,2017,16,5,8,1,,1,0,,2,4,1,55,3,2,2,5,0,0,0,0,true,,false,false,false,false,false,,,,,,false,false,false,,,false,false,false,false,false,-83.23803,42.38129,"{
  ""coordinates"": [
    -8.323802782300000e+01,
    4.238128683700010e+01
  ],
  ""type"": ""Point""
}","{
  ""coordinates"": [
    -83.238027823,
    42.381286837
  ],
  ""type"": ""Point""
}",-83.238027823,42.3812868370001
17476,1010815,E I 94,GRAND,2017-04-20,20,4,2017,9,5,5,1,,1,0,,2,2,1,55,3,2,2,5,0,0,0,0,true,,false,false,false,false,false,,,,,,false,false,false,,,false,false,false,false,false,-83.10929,42.34667,"{
  ""coordinates"": [
    -8.310929348199990e+01,
    4.234667176500010e+01
  ],
  ""type"": ""Point""
}","{
  ""coordinates"": [
    -83.109293482,
    42.346671765
  ],
  ""type"": ""Point""
}",-83.1092934819999,42.3466717650001
17477,1011767,DAVISON,LINWOOD,2017-04-20,20,4,2017,9,5,8,3,,1,0,,2,2,1,35,7,2,3,5,0,0,0,0,true,,false,false,false,false,false,,,,,,false,false,false,,,false,false,false,false,false,-83.12202,42.39302,"{
  ""coordinates"": [
    -8.312202594599999e+01,
    4.239302515600010e+01
  ],
  ""type"": ""Point""
}","{
  ""coordinates"": [
    -83.122025946,
    42.393025156
  ],
  ""type"": ""Point""
}",-83.122025946,42.3930251560001
17478,1010819,EVERGREEN,RAMP 135B,2017-04-20,20,4,2017,7,5,4,9,,4,0,,2,2,1,35,4,2,5,4,0,0,0,2,false,,false,false,false,false,false,,,,,,false,false,false,,,false,false,false,false,false,-83.23661,42.37973,"{
  ""coordinates"": [
    -8.323661359000000e+01,
    4.237972872100000e+01
  ],
  ""type"": ""Point""
}","{
  ""coordinates"": [
    -83.23661359,
    42.379728721
  ],
  ""type"": ""Point""
}",-83.23661359,42.379728721
17479,1010812,FENKELL,SCHAEFER,2017-04-20,20,4,2017,17,5,3,9,,2,0,,2,4,1,35,6,2,6,4,0,0,0,2,false,,false,false,false,false,false,,,,,,false,false,true,,,false,false,false,false,false,-83.17924,42.40208,"{
  ""coordinates"": [
    -8.317924090100000e+01,
    4.240208367200010e+01
  ],
  ""type"": ""Point""
}","{
  ""coordinates"": [
    -83.179240901,
    42.402083672
  ],
  ""type"": ""Point""
}",-83.179240901,42.4020836720001
17480,1032757,WOODWARD,LOTHROP,2017-04-20,20,4,2017,9,5,97,3,,1,0,,2,2,1,35,4,1,1,4,0,0,0,1,false,,false,false,false,false,false,,,,,,false,false,false,,,false,false,false,false,false,-83.07423,42.37167,"{
  ""coordinates"": [
    -8.307422883600000e+01,
    4.237167141000000e+01
  ],
  ""type"": ""Point""
}","{
  ""coordinates"": [
    -83.074228836,
    42.37167141
  ],
  ""type"": ""Point""
}",-83.074228836,42.37167141
17481,1010821,FORD,SOTHFIELD,2017-04-20,20,4,2017,16,5,8,3,,1,0,,2,2,1,45,4,2,5,5,0,0,0,0,true,,false,false,true,false,false,,,,,,false,false,true,,,false,false,false,false,false,-83.21748,42.32908,"{
  ""coordinates"": [
    -8.321748466299989e+01,
    4.232907720800010e+01
  ],
  ""type"": ""Point""
}","{
  ""coordinates"": [
    -83.217484663,
    42.329077208
  ],
  ""type"": ""Point""
}",-83.2174846629999,42.3290772080001
17482,1011725,CHALMERS,WARREN,2017-04-20,20,4,2017,22,5,3,9,,4,0,,2,4,4,30,4,2,2,5,0,0,0,0,true,,false,false,false,false,false,,,,,,false,false,true,,,false,false,false,false,false,-82.95882,42.39543,"{
  ""coordinates"": [
    -8.295882581399999e+01,
    4.239542846900010e+01
  ],
  ""type"": ""Point""
}","{
  ""coordinates"": [
    -82.958825814,
    42.395428469
  ],
  ""type"": ""Point""
}",-82.958825814,42.3954284690001
17483,1011719,CENTRAL,CYPRESS,2017-04-20,20,4,2017,19,5,4,9,,4,0,,2,1,1,25,2,2,1,5,0,0,0,0,true,,true,false,true,false,false,,,,,,false,false,false,,,false,false,false,false,false,-83.13691,42.33006,"{
  ""coordinates"": [
    -8.313690568000000e+01,
    4.233005435400000e+01
  ],
  ""type"": ""Point""
}","{
  ""coordinates"": [
    -83.13690568,
    42.330054354
  ],
  ""type"": ""Point""
}",-83.13690568,42.330054354
17484,1024976,JEFFERSON,GRISWOLD,2017-04-20,20,4,2017,13,5,1,3,,1,1,,2,1,1,0,5,1,1,2,0,1,0,0,false,,false,false,false,true,true,,,,,,false,false,false,,,false,false,false,false,false,-83.0451,42.32827,"{
  ""coordinates"": [
    -8.304509914200000e+01,
    4.232826759200000e+01
  ],
  ""type"": ""Point""
}","{
  ""coordinates"": [
    -83.045099142,
    42.328267592
  ],
  ""type"": ""Point""
}",-83.045099142,42.328267592
17485,1020292,W I 94,RAMP 217H,2017-04-20,20,4,2017,7,5,5,1,,1,0,,2,4,1,55,3,2,2,5,0,0,0,0,true,,false,false,false,false,false,,,,,,false,false,false,,,false,false,false,false,false,-83.04187,42.37611,"{
  ""coordinates"": [
    -8.304186875499990e+01,
    4.237611051500010e+01
  ],
  ""type"": ""Point""
}","{
  ""coordinates"": [
    -83.041868755,
    42.376110515
  ],
  ""type"": ""Point""
}",-83.0418687549999,42.3761105150001
17486,1011801,S I 75 SERVICE DRIVE,MACK,2017-04-20,20,4,2017,12,5,8,1,,4,0,,1,2,1,25,3,2,2,5,0,0,0,0,true,,false,false,false,false,false,,,,,,false,true,false,,,false,false,false,false,false,-83.04851,42.35099,"{
  ""coordinates"": [
    -8.304850512099991e+01,
    4.235099414600010e+01
  ],
  ""type"": ""Point""
}","{
  ""coordinates"": [
    -83.048505121,
    42.350994146
  ],
  ""type"": ""Point""
}",-83.0485051209999,42.3509941460001
17487,1013340,I-96,LIVERNOIS,2017-04-20,20,4,2017,17,5,5,1,,1,0,,2,4,1,70,4,2,1,5,0,0,0,0,true,,false,false,true,false,false,,,,,,false,false,false,,,false,false,false,false,false,-83.1405,42.3678,"{
  ""coordinates"": [
    -8.314050617800000e+01,
    4.236779826900000e+01
  ],
  ""type"": ""Point""
}","{
  ""coordinates"": [
    -83.140506178,
    42.367798269
  ],
  ""type"": ""Point""
}",-83.140506178,42.367798269
17488,1010814,2ND,LOTHROP,2017-04-20,20,4,2017,15,5,8,9,,4,0,,2,4,1,30,4,2,2,5,0,0,0,0,true,,false,false,false,false,false,,,,,,false,false,false,,,false,false,false,false,false,-83.07718,42.37045,"{
  ""coordinates"": [
    -8.307717979300000e+01,
    4.237044732400010e+01
  ],
  ""type"": ""Point""
}","{
  ""coordinates"": [
    -83.077179793,
    42.370447324
  ],
  ""type"": ""Point""
}",-83.077179793,42.3704473240001
17489,1014059,E I 96,GRAND RIVER,2017-04-20,20,4,2017,18,5,5,1,,1,0,,2,4,1,70,4,3,3,5,0,0,0,0,true,,false,false,false,false,false,,,,,,false,false,true,,,false,false,false,false,false,-83.17612,42.38364,"{
  ""coordinates"": [
    -8.317612031800000e+01,
    4.238363857800000e+01
  ],
  ""type"": ""Point""
}","{
  ""coordinates"": [
    -83.176120318,
    42.383638578
  ],
  ""type"": ""Point""
}",-83.176120318,42.383638578
17490,1011707,WARREN,N I 75,2017-04-20,20,4,2017,8,5,98,9,,4,0,,2,2,1,35,4,2,2,5,0,0,0,0,true,,true,true,false,false,false,,,,,,false,false,true,,,false,false,false,false,false,-83.05431,42.36081,"{
  ""coordinates"": [
    -8.305430762799990e+01,
    4.236081333400010e+01
  ],
  ""type"": ""Point""
}","{
  ""coordinates"": [
    -83.054307628,
    42.360813334
  ],
  ""type"": ""Point""
}",-83.0543076279999,42.3608133340001
17491,1020293,I-75,NEVADA,2017-04-20,20,4,2017,8,5,5,1,,1,0,,2,4,1,70,4,2,2,5,0,0,0,0,true,,false,false,false,false,false,,,,,,false,false,false,,,false,false,false,false,false,-83.09331,42.4251,"{
  ""coordinates"": [
    -8.309330953300000e+01,
    4.242510046800000e+01
  ],
  ""type"": ""Point""
}","{
  ""coordinates"": [
    -83.093309533,
    42.425100468
  ],
  ""type"": ""Point""
}",-83.093309533,42.425100468
17492,1014052,E I 96 CD,GRAND RIVER,2017-04-20,20,4,2017,17,5,8,1,,1,0,,2,4,1,70,4,2,3,5,0,0,0,0,true,,false,false,false,false,false,,,,,,false,false,false,,,false,false,false,false,false,-83.17583,42.38353,"{
  ""coordinates"": [
    -8.317583815899999e+01,
    4.238352488100000e+01
  ],
  ""type"": ""Point""
}","{
  ""coordinates"": [
    -83.175838159,
    42.383524881
  ],
  ""type"": ""Point""
}",-83.175838159,42.383524881
17493,1011708,JOHN C LODGE SERVICE,GRAND,2017-04-20,20,4,2017,10,5,4,3,,1,0,,1,2,1,30,3,2,7,4,0,0,0,2,false,,false,false,false,false,false,,,,,,false,false,true,,,false,false,false,false,false,-83.08182,42.36723,"{
  ""coordinates"": [
    -8.308181540399990e+01,
    4.236722878800000e+01
  ],
  ""type"": ""Point""
}","{
  ""coordinates"": [
    -83.081815404,
    42.367228788
  ],
  ""type"": ""Point""
}",-83.0818154039999,42.367228788
17494,1011713,FORT,SCHAEFER,2017-04-20,20,4,2017,12,5,8,3,,1,0,,1,2,2,40,3,2,2,5,0,0,0,0,true,,false,false,false,false,false,,,,,,false,false,false,,,false,false,false,false,false,-83.15515,42.27618,"{
  ""coordinates"": [
    -8.315515221999991e+01,
    4.227617486200010e+01
  ],
  ""type"": ""Point""
}","{
  ""coordinates"": [
    -83.15515222,
    42.276174862
  ],
  ""type"": ""Point""
}",-83.1551522199999,42.2761748620001
17495,1010830,MOUNT ELLIOTT,MILLER,2017-04-20,20,4,2017,8,5,8,9,,4,0,,2,2,1,30,2,2,2,5,0,0,0,0,true,,false,false,false,false,false,,,,,,false,true,false,,,false,false,false,false,false,-83.03732,42.39049,"{
  ""coordinates"": [
    -8.303732569200000e+01,
    4.239049235500000e+01
  ],
  ""type"": ""Point""
}","{
  ""coordinates"": [
    -83.037325692,
    42.390492355
  ],
  ""type"": ""Point""
}",-83.037325692,42.390492355
17496,1011774,8 MILE,YACAMA,2017-04-20,20,4,2017,8,5,8,3,,1,0,,2,4,1,40,3,2,2,5,0,0,0,0,true,,false,false,true,false,false,,,,,,false,false,false,,,false,false,false,false,false,-83.09743,42.44656,"{
  ""coordinates"": [
    -8.309742706899991e+01,
    4.244656400400000e+01
  ],
  ""type"": ""Point""
}","{
  ""coordinates"": [
    -83.097427069,
    42.446564004
  ],
  ""type"": ""Point""
}",-83.0974270689999,42.446564004
17497,1012668,N I 75,RAMP 044B,2017-04-20,20,4,2017,17,5,8,1,,1,0,,2,2,1,55,4,2,2,5,0,0,0,0,true,,false,false,false,false,false,,,,,,false,false,false,,,false,false,false,false,false,-83.05537,42.36297,"{
  ""coordinates"": [
    -8.305537727500000e+01,
    4.236297291200000e+01
  ],
  ""type"": ""Point""
}","{
  ""coordinates"": [
    -83.055377275,
    42.362972912
  ],
  ""type"": ""Point""
}",-83.055377275,42.362972912
17498,1016571,M-10,WEBB,2017-04-20,20,4,2017,11,5,1,3,,1,1,,1,2,1,55,3,1,2,4,0,0,0,1,false,,false,false,false,false,false,,,,,,false,false,false,,,false,false,false,false,false,-83.10315,42.38908,"{
  ""coordinates"": [
    -8.310315303100001e+01,
    4.238908318200000e+01
  ],
  ""type"": ""Point""
}","{
  ""coordinates"": [
    -83.103153031,
    42.389083182
  ],
  ""type"": ""Point""
}",-83.103153031,42.389083182
17499,1014084,LYNDON,S M 39,2017-04-20,20,4,2017,17,5,97,9,,,0,,2,2,1,35,2,2,1,4,0,0,0,1,false,,false,false,true,false,false,,,,,,false,false,false,,,false,false,false,false,false,-83.218,42.3939,"{
  ""coordinates"": [
    -8.321800232000000e+01,
    4.239390016400010e+01
  ],
  ""type"": ""Point""
}","{
  ""coordinates"": [
    -83.21800232,
    42.393900164
  ],
  ""type"": ""Point""
}",-83.21800232,42.3939001640001
17500,1011700,I-75,ROSA PARKS,2017-04-20,20,4,2017,16,5,8,9,,4,0,,2,4,1,55,3,2,1,5,0,0,0,0,true,,false,false,true,false,false,,,,,,false,false,false,,,false,false,false,false,false,-83.07168,42.33451,"{
  ""coordinates"": [
    -8.307167678000000e+01,
    4.233450659000000e+01
  ],
  ""type"": ""Point""
}","{
  ""coordinates"": [
    -83.07167678,
    42.33450659
  ],
  ""type"": ""Point""
}",-83.07167678,42.33450659
17501,1014057,I75,MACK,2017-04-20,20,4,2017,17,5,5,1,,1,0,,2,4,1,70,4,2,2,5,0,0,0,0,true,,false,false,false,false,false,,,,,,false,false,false,,,false,false,false,false,false,-83.04807,42.3516,"{
  ""coordinates"": [
    -8.304806748399990e+01,
    4.235159629100010e+01
  ],
  ""type"": ""Point""
}","{
  ""coordinates"": [
    -83.048067484,
    42.351596291
  ],
  ""type"": ""Point""
}",-83.0480674839999,42.3515962910001