ObjectId,Crash ID,Primary Road,Intersecting Road,Crash Date,Day,Month,Year,Hour,Weekday,Crash Type Code,Highway Classification Code,Community Code,Jurisdiction Code,Lane Departure Type Code,Surface Type,Road Condition,Weather Condition,Lighting Condition,Speed Limit,Lanes,Units,Occupants,Most Severe Injury,Fatal Injuries,Suspected Serious Injuries,Suspected Minor Injuries,Possible Injuries,Property Damage Only,Secondary Crash,Traffic Control,Red Light Run,Hit and Run,Alcohol,Drugs,Unbelted Person,Work Zone,Speeding Driver,Distracted Driver,Driveway,Pedestrian,Elderly Driver,Young Driver,Commercial Vehicle,Emergency Vehicles,Train,School Bus,Motorcycle,Bicycle,Deer,Longitude,Latitude,geom,geog,x,y
17616,1009079,I-375,LARNED,2017-04-18,18,4,2017,20,3,1,1,,1,1,,1,1,1,55,2,1,2,4,0,0,0,1,false,,false,false,false,false,false,,,,,,false,false,false,,,false,false,false,false,false,-83.03622,42.33303,"{
  ""coordinates"": [
    -8.303621467700000e+01,
    4.233302865700010e+01
  ],
  ""type"": ""Point""
}","{
  ""coordinates"": [
    -83.036214677,
    42.333028657
  ],
  ""type"": ""Point""
}",-83.036214677,42.3330286570001
17617,1009131,CHICAGO,CARLIN,2017-04-18,18,4,2017,18,3,8,9,,4,0,,1,1,1,35,3,2,1,5,0,0,0,0,true,,false,false,true,false,false,,,,,,false,false,false,,,false,false,false,false,false,-83.17965,42.36576,"{
  ""coordinates"": [
    -8.317964559000001e+01,
    4.236575605300000e+01
  ],
  ""type"": ""Point""
}","{
  ""coordinates"": [
    -83.17964559,
    42.365756053
  ],
  ""type"": ""Point""
}",-83.17964559,42.365756053
17618,1009156,GRINNELL,RAYMOND,2017-04-18,18,4,2017,12,3,5,9,,4,0,,1,1,1,30,2,2,1,5,0,0,0,0,true,,false,false,false,false,false,,,,,,false,false,false,,,false,false,false,false,false,-83.00785,42.40126,"{
  ""coordinates"": [
    -8.300784838000000e+01,
    4.240125771500000e+01
  ],
  ""type"": ""Point""
}","{
  ""coordinates"": [
    -83.00784838,
    42.401257715
  ],
  ""type"": ""Point""
}",-83.00784838,42.401257715
17619,1009112,I-94,CHENE,2017-04-18,18,4,2017,10,3,5,1,,1,0,,1,1,1,55,3,3,5,5,0,0,0,0,true,,false,false,false,false,false,,,,,,false,true,true,,,false,false,false,false,false,-83.04807,42.37384,"{
  ""coordinates"": [
    -8.304806153100000e+01,
    4.237384160800010e+01
  ],
  ""type"": ""Point""
}","{
  ""coordinates"": [
    -83.048061531,
    42.373841608
  ],
  ""type"": ""Point""
}",-83.048061531,42.3738416080001
17620,1009130,GRAND RIVER,WARWICK,2017-04-18,18,4,2017,16,3,5,3,,1,0,,1,1,1,35,5,3,3,5,0,0,0,0,true,,false,false,true,false,false,,,,,,false,false,false,,,false,false,false,false,false,-83.22899,42.40501,"{
  ""coordinates"": [
    -8.322898814400000e+01,
    4.240501030900000e+01
  ],
  ""type"": ""Point""
}","{
  ""coordinates"": [
    -83.228988144,
    42.405010309
  ],
  ""type"": ""Point""
}",-83.228988144,42.405010309
17621,1010811,MEADOWDALE,JOY,2017-04-18,18,4,2017,15,3,5,9,,,0,,1,1,1,25,2,3,4,4,0,0,0,3,false,,false,false,false,false,false,,,,,,false,false,true,,,false,false,false,false,false,-83.18042,42.35851,"{
  ""coordinates"": [
    -8.318042046900000e+01,
    4.235850497500010e+01
  ],
  ""type"": ""Point""
}","{
  ""coordinates"": [
    -83.180420469,
    42.358504975
  ],
  ""type"": ""Point""
}",-83.180420469,42.3585049750001
17622,1009129,WASHBURN,LYNDON,2017-04-18,18,4,2017,2,3,9,9,,,0,,1,2,5,25,1,2,0,5,0,0,0,0,true,,false,false,true,false,false,,,,,,false,false,false,,,false,false,false,false,false,-83.16041,42.3953,"{
  ""coordinates"": [
    -8.316040605900000e+01,
    4.239530160800010e+01
  ],
  ""type"": ""Point""
}","{
  ""coordinates"": [
    -83.160406059,
    42.395301608
  ],
  ""type"": ""Point""
}",-83.160406059,42.3953016080001
17623,1016568,E I 94,RAMP 214F,2017-04-18,18,4,2017,9,3,5,1,,1,0,,1,1,1,55,3,2,2,3,0,0,1,0,false,,false,false,false,false,false,,,,,,false,false,false,,,false,false,false,false,false,-83.09203,42.35234,"{
  ""coordinates"": [
    -8.309202777800000e+01,
    4.235234002300010e+01
  ],
  ""type"": ""Point""
}","{
  ""coordinates"": [
    -83.092027778,
    42.352340023
  ],
  ""type"": ""Point""
}",-83.092027778,42.3523400230001
17624,1011784,CURTIS,MEYERS,2017-04-18,18,4,2017,10,3,4,9,,4,0,,1,1,1,30,4,2,2,5,0,0,0,0,true,,false,false,false,false,false,,,,,,false,true,false,,,false,false,false,false,false,-83.17037,42.424,"{
  ""coordinates"": [
    -8.317037466999990e+01,
    4.242400097800000e+01
  ],
  ""type"": ""Point""
}","{
  ""coordinates"": [
    -83.17037467,
    42.424000978
  ],
  ""type"": ""Point""
}",-83.1703746699999,42.424000978
17625,1009134,FARMER,MONROE,2017-04-18,18,4,2017,18,3,10,9,,4,0,,1,1,1,0,2,2,2,5,0,0,0,0,true,,false,false,false,false,false,,,,,,false,false,false,,,false,false,false,false,false,-83.04595,42.33311,"{
  ""coordinates"": [
    -8.304595390599999e+01,
    4.233310536100000e+01
  ],
  ""type"": ""Point""
}","{
  ""coordinates"": [
    -83.045953906,
    42.333105361
  ],
  ""type"": ""Point""
}",-83.045953906,42.333105361
17626,1011800,HANCOCK,WOODWARD,2017-04-18,18,4,2017,20,3,10,3,,,0,,1,1,1,25,2,2,2,5,0,0,0,0,true,,false,false,false,false,false,,,,,,false,false,false,,,false,false,false,false,false,-83.06377,42.35575,"{
  ""coordinates"": [
    -8.306377505400000e+01,
    4.235575371300010e+01
  ],
  ""type"": ""Point""
}","{
  ""coordinates"": [
    -83.063775054,
    42.355753713
  ],
  ""type"": ""Point""
}",-83.063775054,42.3557537130001
17627,1009143,SCHAEFER,FORT,2017-04-18,18,4,2017,13,3,5,7,,1,0,,1,1,1,30,4,2,2,4,0,0,0,1,false,,false,false,false,false,false,,,,,,false,false,false,,,false,false,false,false,false,-83.15542,42.27637,"{
  ""coordinates"": [
    -8.315542164599999e+01,
    4.227637338700000e+01
  ],
  ""type"": ""Point""
}","{
  ""coordinates"": [
    -83.155421646,
    42.276373387
  ],
  ""type"": ""Point""
}",-83.155421646,42.276373387
17628,1009133,CANFIELD,ST ANTIONE,2017-04-18,18,4,2017,14,3,4,9,,4,0,,1,1,1,30,2,2,5,5,0,0,0,0,true,,false,false,false,false,false,,,,,,false,true,false,,,false,false,false,false,false,-83.05425,42.35562,"{
  ""coordinates"": [
    -8.305425630199990e+01,
    4.235561782100010e+01
  ],
  ""type"": ""Point""
}","{
  ""coordinates"": [
    -83.054256302,
    42.355617821
  ],
  ""type"": ""Point""
}",-83.0542563019999,42.3556178210001
17629,1009124,RAMP 047E,S I 75,2017-04-18,18,4,2017,2,3,1,1,,1,1,,1,1,4,70,1,1,1,5,0,0,0,0,true,,false,false,false,false,false,,,,,,false,false,false,,,false,false,false,false,false,-83.08031,42.40944,"{
  ""coordinates"": [
    -8.308030571899999e+01,
    4.240944449900010e+01
  ],
  ""type"": ""Point""
}","{
  ""coordinates"": [
    -83.080305719,
    42.409444499
  ],
  ""type"": ""Point""
}",-83.080305719,42.4094444990001
17630,1009159,DEXTER,DAVISON,2017-04-18,18,4,2017,12,3,9,3,,4,2,,1,1,1,35,2,2,3,5,0,0,0,0,true,,false,false,false,false,false,,,,,,false,false,false,,,false,false,false,false,false,-83.13074,42.38957,"{
  ""coordinates"": [
    -8.313074062600001e+01,
    4.238956808800000e+01
  ],
  ""type"": ""Point""
}","{
  ""coordinates"": [
    -83.130740626,
    42.389568088
  ],
  ""type"": ""Point""
}",-83.130740626,42.389568088
17631,1009151,TELEGRAPH,MCNICHOLS,2017-04-18,18,4,2017,5,3,5,2,,1,0,,1,1,2,45,4,2,2,4,0,0,0,1,false,,false,false,false,false,false,,,,,,false,false,false,,,false,false,false,false,false,-83.27705,42.4162,"{
  ""coordinates"": [
    -8.327704482699990e+01,
    4.241619917200010e+01
  ],
  ""type"": ""Point""
}","{
  ""coordinates"": [
    -83.277044827,
    42.416199172
  ],
  ""type"": ""Point""
}",-83.2770448269999,42.4161991720001
17632,1016567,I-94,CECIL,2017-04-18,18,4,2017,7,3,5,1,,1,0,,1,1,1,55,3,3,3,5,0,0,0,0,true,,false,false,false,false,false,,,,,,false,false,true,,,false,false,false,false,false,-83.13333,42.33414,"{
  ""coordinates"": [
    -8.313333491500001e+01,
    4.233414261300000e+01
  ],
  ""type"": ""Point""
}","{
  ""coordinates"": [
    -83.133334915,
    42.334142613
  ],
  ""type"": ""Point""
}",-83.133334915,42.334142613
17633,1009138,GRAND,3RD,2017-04-18,18,4,2017,11,3,8,9,,4,0,,1,1,1,35,2,2,2,5,0,0,0,0,true,,false,false,false,false,false,,,,,,false,false,false,,,false,false,false,false,false,-83.06519,42.3442,"{
  ""coordinates"": [
    -8.306518658399990e+01,
    4.234420068800010e+01
  ],
  ""type"": ""Point""
}","{
  ""coordinates"": [
    -83.065186584,
    42.344200688
  ],
  ""type"": ""Point""
}",-83.0651865839999,42.3442006880001
17634,1029395,PLYMOUTH,BURT,2017-04-18,18,4,2017,7,3,2,9,,4,2,,1,1,1,40,6,2,2,2,0,1,0,0,false,,false,false,false,false,false,,,,,,false,false,false,,,false,false,false,false,false,-83.24863,42.3718,"{
  ""coordinates"": [
    -8.324862612200000e+01,
    4.237179998900010e+01
  ],
  ""type"": ""Point""
}","{
  ""coordinates"": [
    -83.248626122,
    42.371799989
  ],
  ""type"": ""Point""
}",-83.248626122,42.3717999890001
17635,1009972,CURTIS,MEYERS,2017-04-18,18,4,2017,10,3,9,9,,4,0,,1,1,1,0,4,2,2,5,0,0,0,0,true,,false,false,false,false,false,,,,,,false,true,false,,,false,false,false,false,false,-83.17043,42.424,"{
  ""coordinates"": [
    -8.317043403400000e+01,
    4.242399990200000e+01
  ],
  ""type"": ""Point""
}","{
  ""coordinates"": [
    -83.170434034,
    42.423999902
  ],
  ""type"": ""Point""
}",-83.170434034,42.423999902
17636,1029435,PARKGROVE,CHALMERS,2017-04-18,18,4,2017,19,3,4,9,,,0,,1,1,1,25,4,2,6,3,0,0,2,1,false,,true,false,false,false,false,,,,,,false,false,true,,,false,false,false,false,false,-82.97515,42.42978,"{
  ""coordinates"": [
    -8.297514818799991e+01,
    4.242978261100010e+01
  ],
  ""type"": ""Point""
}","{
  ""coordinates"": [
    -82.975148188,
    42.429782611
  ],
  ""type"": ""Point""
}",-82.9751481879999,42.4297826110001
17637,1009075,I-94,GRAND RIVER,2017-04-18,18,4,2017,12,3,5,1,,1,0,,1,1,1,55,3,3,3,5,0,0,0,0,true,,false,false,false,false,false,,,,,,false,false,true,,,false,false,false,false,false,-83.09623,42.35115,"{
  ""coordinates"": [
    -8.309623135399990e+01,
    4.235114778900000e+01
  ],
  ""type"": ""Point""
}","{
  ""coordinates"": [
    -83.096231354,
    42.351147789
  ],
  ""type"": ""Point""
}",-83.0962313539999,42.351147789
17638,1016550,I-75,HOLBROOK,2017-04-18,18,4,2017,16,3,5,1,,1,0,,1,1,1,70,4,2,2,4,0,0,0,1,false,,false,false,false,false,false,,,,,,false,false,false,,,false,false,false,false,false,-83.06786,42.38622,"{
  ""coordinates"": [
    -8.306785464399999e+01,
    4.238621464800010e+01
  ],
  ""type"": ""Point""
}","{
  ""coordinates"": [
    -83.067854644,
    42.386214648
  ],
  ""type"": ""Point""
}",-83.067854644,42.3862146480001
17639,1036021,I-96,MARTIN LUTHER KING JR,2017-04-18,18,4,2017,8,3,5,1,,1,0,,1,1,1,55,4,2,2,5,0,0,0,0,true,,false,false,false,false,false,,,,,,false,false,false,,,false,false,false,false,false,-83.0913,42.33696,"{
  ""coordinates"": [
    -8.309130463000000e+01,
    4.233695953200000e+01
  ],
  ""type"": ""Point""
}","{
  ""coordinates"": [
    -83.09130463,
    42.336959532
  ],
  ""type"": ""Point""
}",-83.09130463,42.336959532
17640,1009973,STATE FAIR,HULL,2017-04-18,18,4,2017,10,3,5,9,,4,0,,1,1,1,35,2,2,2,5,0,0,0,0,true,,false,false,false,false,false,,,,,,false,false,true,,,false,false,false,false,false,-83.08874,42.43994,"{
  ""coordinates"": [
    -8.308874004800001e+01,
    4.243993918500010e+01
  ],
  ""type"": ""Point""
}","{
  ""coordinates"": [
    -83.088740048,
    42.439939185
  ],
  ""type"": ""Point""
}",-83.088740048,42.4399391850001
17641,1009152,GREYDALE,MCNICHOLS,2017-04-18,18,4,2017,11,3,1,9,,,0,,1,1,1,25,2,2,1,3,0,0,1,0,false,,false,false,true,false,false,,,,,,true,false,false,,,false,false,false,false,false,-83.25624,42.41463,"{
  ""coordinates"": [
    -8.325623948299990e+01,
    4.241462632400000e+01
  ],
  ""type"": ""Point""
}","{
  ""coordinates"": [
    -83.256239483,
    42.414626324
  ],
  ""type"": ""Point""
}",-83.2562394829999,42.414626324
17642,1009144,MICHIGAN,BRADEN,2017-04-18,18,4,2017,6,3,8,2,,1,0,,1,1,1,35,7,2,2,5,0,0,0,0,true,,false,false,true,false,false,,,,,,false,false,false,,,false,false,false,false,false,-83.1289,42.33113,"{
  ""coordinates"": [
    -8.312889784399989e+01,
    4.233113668000000e+01
  ],
  ""type"": ""Point""
}","{
  ""coordinates"": [
    -83.128897844,
    42.33113668
  ],
  ""type"": ""Point""
}",-83.1288978439999,42.33113668
17643,1016553,M-39,GRAND RIVER,2017-04-18,18,4,2017,16,3,8,3,,1,0,,1,1,1,55,3,2,1,5,0,0,0,0,true,,false,false,false,false,false,,,,,,false,false,false,,,false,false,false,false,false,-83.2182,42.4004,"{
  ""coordinates"": [
    -8.321819787299999e+01,
    4.240039748800010e+01
  ],
  ""type"": ""Point""
}","{
  ""coordinates"": [
    -83.218197873,
    42.400397488
  ],
  ""type"": ""Point""
}",-83.218197873,42.4003974880001
17644,1009941,WARWICK,WARREN,2017-04-18,18,4,2017,17,3,2,9,,,2,,1,1,1,25,2,2,1,5,0,0,0,0,true,,false,false,false,false,false,,,,,,false,false,false,,,false,false,false,false,false,-83.22686,42.34299,"{
  ""coordinates"": [
    -8.322685939800000e+01,
    4.234299066500010e+01
  ],
  ""type"": ""Point""
}","{
  ""coordinates"": [
    -83.226859398,
    42.342990665
  ],
  ""type"": ""Point""
}",-83.226859398,42.3429906650001
17645,1009113,I-94,FRONTENAC,2017-04-18,18,4,2017,9,3,5,1,,1,0,,1,1,1,55,3,2,2,5,0,0,0,0,true,,false,false,true,false,false,,,,,,false,false,false,,,false,false,false,false,false,-83.0281,42.38446,"{
  ""coordinates"": [
    -8.302809925100000e+01,
    4.238445719100010e+01
  ],
  ""type"": ""Point""
}","{
  ""coordinates"": [
    -83.028099251,
    42.384457191
  ],
  ""type"": ""Point""
}",-83.028099251,42.3844571910001
17646,1009132,DAVISON,CONANT,2017-04-18,18,4,2017,16,3,3,3,,1,0,,1,1,1,30,4,2,3,5,0,0,0,0,true,,false,false,false,false,false,,,,,,false,false,true,,,false,false,false,false,false,-83.06149,42.41553,"{
  ""coordinates"": [
    -8.306148208600000e+01,
    4.241552767100010e+01
  ],
  ""type"": ""Point""
}","{
  ""coordinates"": [
    -83.061482086,
    42.415527671
  ],
  ""type"": ""Point""
}",-83.061482086,42.4155276710001
17647,1009940,MANSFIELD,WARREN,2017-04-18,18,4,2017,18,3,4,9,,,0,,1,1,1,25,2,2,2,5,0,0,0,0,true,,false,false,false,false,false,,,,,,false,false,false,,,false,false,false,false,false,-83.20242,42.34387,"{
  ""coordinates"": [
    -8.320241213000000e+01,
    4.234386727200010e+01
  ],
  ""type"": ""Point""
}","{
  ""coordinates"": [
    -83.20241213,
    42.343867272
  ],
  ""type"": ""Point""
}",-83.20241213,42.3438672720001
17648,1009072,RAMP 215B,W I 94,2017-04-18,18,4,2017,9,3,5,1,,1,0,,1,1,1,55,1,2,2,4,0,0,0,1,false,,false,false,false,false,false,,,,,,false,false,false,,,false,false,false,false,false,-83.07716,42.35934,"{
  ""coordinates"": [
    -8.307716438400000e+01,
    4.235933802900010e+01
  ],
  ""type"": ""Point""
}","{
  ""coordinates"": [
    -83.077164384,
    42.359338029
  ],
  ""type"": ""Point""
}",-83.077164384,42.3593380290001
17649,1009956,AUBURN,WARREN,2017-04-18,18,4,2017,22,3,5,9,,,0,,1,1,4,25,2,2,1,5,0,0,0,0,true,,false,false,false,false,false,,,,,,false,false,false,,,false,false,false,false,false,-83.2329,42.34311,"{
  ""coordinates"": [
    -8.323290043899991e+01,
    4.234311469900010e+01
  ],
  ""type"": ""Point""
}","{
  ""coordinates"": [
    -83.232900439,
    42.343114699
  ],
  ""type"": ""Point""
}",-83.2329004389999,42.3431146990001
17650,1009071,M-39,FULLERTON,2017-04-18,18,4,2017,9,3,5,3,,1,0,,1,1,1,55,3,2,2,5,0,0,0,0,true,,false,false,false,false,false,,,,,,false,true,false,,,false,false,false,false,false,-83.21719,42.38115,"{
  ""coordinates"": [
    -8.321718680100000e+01,
    4.238115231400010e+01
  ],
  ""type"": ""Point""
}","{
  ""coordinates"": [
    -83.217186801,
    42.381152314
  ],
  ""type"": ""Point""
}",-83.217186801,42.3811523140001
17651,1009068,RAMP 217B,GRAND,2017-04-18,18,4,2017,8,3,5,1,,1,0,,1,1,1,55,1,3,3,4,0,0,0,1,false,,false,false,false,false,false,,,,,,false,false,false,,,false,false,false,false,false,-83.04874,42.37413,"{
  ""coordinates"": [
    -8.304874434300000e+01,
    4.237412905900000e+01
  ],
  ""type"": ""Point""
}","{
  ""coordinates"": [
    -83.048744343,
    42.374129059
  ],
  ""type"": ""Point""
}",-83.048744343,42.374129059
17652,1009074,M-10,GLENDALE,2017-04-18,18,4,2017,18,3,5,3,,1,0,,1,1,1,55,3,2,2,5,0,0,0,0,true,,false,false,false,false,false,,,,,,false,false,false,,,false,false,false,false,false,-83.10738,42.39514,"{
  ""coordinates"": [
    -8.310738571300000e+01,
    4.239513793900010e+01
  ],
  ""type"": ""Point""
}","{
  ""coordinates"": [
    -83.107385713,
    42.395137939
  ],
  ""type"": ""Point""
}",-83.107385713,42.3951379390001
17653,1013383,E I 96,EVERGREEN,2017-04-18,18,4,2017,12,3,6,1,,1,0,,1,1,1,55,2,3,3,5,0,0,0,0,true,,false,false,true,false,false,,,,,,false,false,true,,,false,false,false,false,false,-83.23681,42.38038,"{
  ""coordinates"": [
    -8.323680986999990e+01,
    4.238038383300010e+01
  ],
  ""type"": ""Point""
}","{
  ""coordinates"": [
    -83.23680987,
    42.380383833
  ],
  ""type"": ""Point""
}",-83.2368098699999,42.3803838330001
17654,1009077,N M 39,RAMP 008C,2017-04-18,18,4,2017,17,3,8,3,,1,0,,1,1,1,55,3,2,2,5,0,0,0,0,true,,false,false,false,false,false,,,,,,false,false,false,,,false,false,false,false,false,-83.2169,42.37853,"{
  ""coordinates"": [
    -8.321689346499990e+01,
    4.237853373300000e+01
  ],
  ""type"": ""Point""
}","{
  ""coordinates"": [
    -83.216893465,
    42.378533733
  ],
  ""type"": ""Point""
}",-83.2168934649999,42.378533733
17655,1011798,ANTHONY WAYNE,MERRICK,2017-04-18,18,4,2017,22,3,10,9,,4,0,,1,1,4,25,2,2,3,5,0,0,0,0,true,,false,false,false,false,false,,,,,,false,false,true,,,false,false,false,false,false,-83.07333,42.35846,"{
  ""coordinates"": [
    -8.307333020999990e+01,
    4.235846304100000e+01
  ],
  ""type"": ""Point""
}","{
  ""coordinates"": [
    -83.07333021,
    42.358463041
  ],
  ""type"": ""Point""
}",-83.0733302099999,42.358463041
17656,1010841,GRIXDALE,VAN DYKE,2017-04-18,18,4,2017,13,3,4,3,,,0,,1,1,1,35,2,2,3,4,0,0,0,1,false,,false,false,false,false,false,,,,,,false,true,false,,,false,false,false,false,false,-83.02405,42.42958,"{
  ""coordinates"": [
    -8.302404835000000e+01,
    4.242957757100000e+01
  ],
  ""type"": ""Point""
}","{
  ""coordinates"": [
    -83.02404835,
    42.429577571
  ],
  ""type"": ""Point""
}",-83.02404835,42.429577571
17657,1009149,MCNICHOLS,SUNDERLAND,2017-04-18,18,4,2017,9,3,8,9,,2,0,,1,1,1,35,4,2,2,5,0,0,0,0,true,,false,false,false,false,false,,,,,,false,false,false,,,false,false,false,false,false,-83.22781,42.41538,"{
  ""coordinates"": [
    -8.322781504400000e+01,
    4.241538014200010e+01
  ],
  ""type"": ""Point""
}","{
  ""coordinates"": [
    -83.227815044,
    42.415380142
  ],
  ""type"": ""Point""
}",-83.227815044,42.4153801420001
17658,1009070,M-39,LYNDON,2017-04-18,18,4,2017,8,3,1,3,,1,1,,1,1,1,55,3,1,1,5,0,0,0,0,true,,false,false,false,false,false,,,,,,false,false,false,,,false,false,false,false,false,-83.2178,42.39173,"{
  ""coordinates"": [
    -8.321779406300000e+01,
    4.239173043200000e+01
  ],
  ""type"": ""Point""
}","{
  ""coordinates"": [
    -83.217794063,
    42.391730432
  ],
  ""type"": ""Point""
}",-83.217794063,42.391730432
17659,1021674,GODDARD,MINNESOTA,2017-04-18,18,4,2017,12,3,4,9,,,0,,1,1,1,40,5,2,4,5,0,0,0,0,true,,false,false,false,false,false,,,,,,false,true,true,,,false,false,false,false,false,-83.07833,42.42307,"{
  ""coordinates"": [
    -8.307833141299990e+01,
    4.242306980700000e+01
  ],
  ""type"": ""Point""
}","{
  ""coordinates"": [
    -83.078331413,
    42.423069807
  ],
  ""type"": ""Point""
}",-83.0783314129999,42.423069807
17660,1008381,OUTER,HAYES,2017-04-17,17,4,2017,8,2,4,9,,2,0,,1,1,1,35,2,2,2,4,0,0,0,1,false,,true,true,true,false,false,,,,,,false,false,false,,,false,false,false,false,false,-82.96476,42.41459,"{
  ""coordinates"": [
    -8.296476139700000e+01,
    4.241459308900000e+01
  ],
  ""type"": ""Point""
}","{
  ""coordinates"": [
    -82.964761397,
    42.414593089
  ],
  ""type"": ""Point""
}",-82.964761397,42.414593089
17661,1008380,7 MILE,HAYES,2017-04-17,17,4,2017,17,2,4,9,,2,0,,1,1,1,35,5,2,3,3,0,0,2,1,false,,false,false,false,false,false,,,,,,false,false,false,,,false,false,false,false,false,-82.96562,42.43542,"{
  ""coordinates"": [
    -8.296562299399990e+01,
    4.243542515400000e+01
  ],
  ""type"": ""Point""
}","{
  ""coordinates"": [
    -82.965622994,
    42.435425154
  ],
  ""type"": ""Point""
}",-82.9656229939999,42.435425154
17662,1008474,OUTER,GREENFIELD,2017-04-17,17,4,2017,2,2,8,9,,2,0,,1,1,4,35,6,2,0,5,0,0,0,0,true,,false,false,true,false,false,,,,,,false,false,false,,,false,false,false,false,false,-83.19946,42.41947,"{
  ""coordinates"": [
    -8.319946185500000e+01,
    4.241947229200010e+01
  ],
  ""type"": ""Point""
}","{
  ""coordinates"": [
    -83.199461855,
    42.419472292
  ],
  ""type"": ""Point""
}",-83.199461855,42.4194722920001
17663,1009967,7 MILE,ARDMORE,2017-04-17,17,4,2017,11,2,1,9,,2,0,,1,1,1,30,3,2,1,5,0,0,0,0,true,,false,false,false,false,false,,,,,,true,false,false,,,false,false,false,false,false,-83.18483,42.43093,"{
  ""coordinates"": [
    -8.318483270199989e+01,
    4.243092627000000e+01
  ],
  ""type"": ""Point""
}","{
  ""coordinates"": [
    -83.184832702,
    42.43092627
  ],
  ""type"": ""Point""
}",-83.1848327019999,42.43092627
17664,1008076,BEAUBIEN,MACK,2017-04-17,17,4,2017,12,2,4,9,,4,0,,1,1,1,25,3,2,2,4,0,0,0,1,false,,false,false,false,false,false,,,,,,false,false,true,,,false,false,false,false,false,-83.05293,42.3501,"{
  ""coordinates"": [
    -8.305292498100000e+01,
    4.235010082200010e+01
  ],
  ""type"": ""Point""
}","{
  ""coordinates"": [
    -83.052924981,
    42.350100822
  ],
  ""type"": ""Point""
}",-83.052924981,42.3501008220001
17665,1008070,MEYERS,GRAND RIVER,2017-04-17,17,4,2017,0,2,4,3,,4,0,,1,1,4,30,4,2,1,5,0,0,0,0,true,,false,false,true,false,false,,,,,,false,false,false,,,false,false,false,false,false,-83.16846,42.38073,"{
  ""coordinates"": [
    -8.316845586499990e+01,
    4.238072936000000e+01
  ],
  ""type"": ""Point""
}","{
  ""coordinates"": [
    -83.168455865,
    42.38072936
  ],
  ""type"": ""Point""
}",-83.1684558649999,42.38072936
17666,1008067,STRATHMOOR,ORANGELAWN,2017-04-17,17,4,2017,11,2,1,9,,,1,,1,1,1,25,2,1,0,5,0,0,0,0,true,,false,false,true,false,false,,,,,,false,false,false,,,false,false,false,false,false,-83.18636,42.36797,"{
  ""coordinates"": [
    -8.318635651999990e+01,
    4.236797067300010e+01
  ],
  ""type"": ""Point""
}","{
  ""coordinates"": [
    -83.18635652,
    42.367970673
  ],
  ""type"": ""Point""
}",-83.1863565199999,42.3679706730001
17667,1009971,BALFOUR,MOROSS,2017-04-17,17,4,2017,9,2,9,9,,,0,,1,1,4,0,2,2,0,5,0,0,0,0,true,,false,false,true,false,false,,,,,,false,false,false,,,false,false,false,false,false,-82.93858,42.42848,"{
  ""coordinates"": [
    -8.293858631800001e+01,
    4.242848180300010e+01
  ],
  ""type"": ""Point""
}","{
  ""coordinates"": [
    -82.938586318,
    42.428481803
  ],
  ""type"": ""Point""
}",-82.938586318,42.4284818030001
17668,1018415,RAMP 216I,I-75,2017-04-17,17,4,2017,12,2,8,1,,1,0,,1,1,5,55,2,2,2,5,0,0,0,0,true,,false,false,true,false,false,,,,,,false,false,true,,,false,false,false,false,false,-83.05994,42.37373,"{
  ""coordinates"": [
    -8.305993731699991e+01,
    4.237373012800000e+01
  ],
  ""type"": ""Point""
}","{
  ""coordinates"": [
    -83.059937317,
    42.373730128
  ],
  ""type"": ""Point""
}",-83.0599373169999,42.373730128
17669,1009096,I-94,MARTIN,2017-04-17,17,4,2017,7,2,1,1,,1,0,,1,1,2,55,3,1,1,5,0,0,0,0,true,,false,false,false,false,false,,,,,,false,false,false,,,false,false,false,false,false,-83.12868,42.33598,"{
  ""coordinates"": [
    -8.312868343600000e+01,
    4.233597470100010e+01
  ],
  ""type"": ""Point""
}","{
  ""coordinates"": [
    -83.128683436,
    42.335974701
  ],
  ""type"": ""Point""
}",-83.128683436,42.3359747010001
17670,1009949,WARREN,WINTHROP,2017-04-17,17,4,2017,14,2,97,9,,2,0,,1,1,1,35,4,2,1,5,0,0,0,0,true,,false,false,true,false,false,,,,,,false,false,false,,,false,false,false,false,false,-83.19933,42.34363,"{
  ""coordinates"": [
    -8.319933594799990e+01,
    4.234363234600000e+01
  ],
  ""type"": ""Point""
}","{
  ""coordinates"": [
    -83.199335948,
    42.343632346
  ],
  ""type"": ""Point""
}",-83.1993359479999,42.343632346
17671,1009932,HEYDEN,OUTER,2017-04-17,17,4,2017,12,2,5,9,,,0,,1,1,1,25,1,2,2,4,0,0,0,1,false,,false,false,false,false,false,,,,,,false,true,false,,,false,false,false,false,false,-83.23945,42.39875,"{
  ""coordinates"": [
    -8.323944672300000e+01,
    4.239874510000000e+01
  ],
  ""type"": ""Point""
}","{
  ""coordinates"": [
    -83.239446723,
    42.3987451
  ],
  ""type"": ""Point""
}",-83.239446723,42.3987451
17672,1013365,CENTRAL,MCGRAW,2017-04-17,17,4,2017,20,2,8,9,,4,0,,1,1,4,30,2,2,3,4,0,0,0,1,false,,false,false,true,false,false,,,,,,false,false,true,,,false,false,false,false,false,-83.14082,42.33561,"{
  ""coordinates"": [
    -8.314081326199990e+01,
    4.233561495100000e+01
  ],
  ""type"": ""Point""
}","{
  ""coordinates"": [
    -83.140813262,
    42.335614951
  ],
  ""type"": ""Point""
}",-83.1408132619999,42.335614951