ObjectId,Crash ID,Primary Road,Intersecting Road,Crash Date,Day,Month,Year,Hour,Weekday,Crash Type Code,Highway Classification Code,Community Code,Jurisdiction Code,Lane Departure Type Code,Surface Type,Road Condition,Weather Condition,Lighting Condition,Speed Limit,Lanes,Units,Occupants,Most Severe Injury,Fatal Injuries,Suspected Serious Injuries,Suspected Minor Injuries,Possible Injuries,Property Damage Only,Secondary Crash,Traffic Control,Red Light Run,Hit and Run,Alcohol,Drugs,Unbelted Person,Work Zone,Speeding Driver,Distracted Driver,Driveway,Pedestrian,Elderly Driver,Young Driver,Commercial Vehicle,Emergency Vehicles,Train,School Bus,Motorcycle,Bicycle,Deer,Longitude,Latitude,geom,geog,x,y
17673,1008430,VAN DYKE,GEORGIA35,2017-04-17,17,4,2017,10,2,5,3,,1,0,,1,1,1,0,2,2,2,5,0,0,0,0,true,,false,false,false,false,false,,,,,,false,false,false,,,false,false,false,false,false,-83.02267,42.39303,"{
  ""coordinates"": [
    -8.302266780100000e+01,
    4.239303195300000e+01
  ],
  ""type"": ""Point""
}","{
  ""coordinates"": [
    -83.022667801,
    42.393031953
  ],
  ""type"": ""Point""
}",-83.022667801,42.393031953
17674,1009150,WARREN,N I 75,2017-04-17,17,4,2017,14,2,8,9,,4,0,,1,1,1,30,9,2,2,5,0,0,0,0,true,,false,false,false,false,false,,,,,,false,false,false,,,false,false,false,false,false,-83.05424,42.36084,"{
  ""coordinates"": [
    -8.305423685900000e+01,
    4.236084110100010e+01
  ],
  ""type"": ""Point""
}","{
  ""coordinates"": [
    -83.054236859,
    42.360841101
  ],
  ""type"": ""Point""
}",-83.054236859,42.3608411010001
17675,1016644,GRANDVILLE,CLAIRITA,2017-04-17,17,4,2017,18,2,8,9,,,0,,1,2,1,25,2,2,1,5,0,0,0,0,true,,false,false,false,false,false,,,,,,false,false,false,,,false,false,false,false,false,-83.23211,42.42613,"{
  ""coordinates"": [
    -8.323210651300001e+01,
    4.242612776500000e+01
  ],
  ""type"": ""Point""
}","{
  ""coordinates"": [
    -83.232106513,
    42.426127765
  ],
  ""type"": ""Point""
}",-83.232106513,42.426127765
17676,1009968,WOODWARD,CEDARHURST,2017-04-17,17,4,2017,16,2,8,3,,1,0,,1,2,1,40,2,2,2,4,0,0,0,1,false,,false,false,false,false,false,,,,,,false,true,false,,,false,false,false,false,false,-83.10696,42.42031,"{
  ""coordinates"": [
    -8.310695667899989e+01,
    4.242031015800010e+01
  ],
  ""type"": ""Point""
}","{
  ""coordinates"": [
    -83.106956679,
    42.420310158
  ],
  ""type"": ""Point""
}",-83.1069566789999,42.4203101580001
17677,1009069,I-94,BRUSH,2017-04-17,17,4,2017,9,2,5,1,,1,0,,1,1,1,55,3,2,2,5,0,0,0,0,true,,false,false,false,false,false,,,,,,false,false,false,,,false,false,false,false,false,-83.06493,42.36544,"{
  ""coordinates"": [
    -8.306493534799991e+01,
    4.236544292700010e+01
  ],
  ""type"": ""Point""
}","{
  ""coordinates"": [
    -83.064935348,
    42.365442927
  ],
  ""type"": ""Point""
}",-83.0649353479999,42.3654429270001
17678,1008481,S I 75,8 MILE,2017-04-17,17,4,2017,14,2,97,1,,1,0,,1,1,1,40,4,2,2,5,0,0,0,0,true,,true,true,false,false,false,,,,,,false,false,true,,,false,false,false,false,false,-83.09492,42.44675,"{
  ""coordinates"": [
    -8.309492059199989e+01,
    4.244675007900000e+01
  ],
  ""type"": ""Point""
}","{
  ""coordinates"": [
    -83.094920592,
    42.446750079
  ],
  ""type"": ""Point""
}",-83.0949205919999,42.446750079
17679,1009104,I-94,BARRETT,2017-04-17,17,4,2017,7,2,5,1,,1,0,,1,1,2,55,3,2,2,4,0,0,0,2,false,,false,false,false,false,false,,,,,,false,false,true,,,false,false,false,false,false,-82.97958,42.39987,"{
  ""coordinates"": [
    -8.297957973299999e+01,
    4.239987139200010e+01
  ],
  ""type"": ""Point""
}","{
  ""coordinates"": [
    -82.979579733,
    42.399871392
  ],
  ""type"": ""Point""
}",-82.979579733,42.3998713920001
17680,1008108,S M 10 SERVICE DRIVE,GRAND RIVER,2017-04-17,17,4,2017,13,2,8,3,,4,0,,1,1,1,35,2,2,1,5,0,0,0,0,true,,false,false,true,false,false,,,,,,false,false,true,,,false,false,false,false,false,-83.06713,42.33977,"{
  ""coordinates"": [
    -8.306712793900000e+01,
    4.233977295400010e+01
  ],
  ""type"": ""Point""
}","{
  ""coordinates"": [
    -83.067127939,
    42.339772954
  ],
  ""type"": ""Point""
}",-83.067127939,42.3397729540001
17681,1009091,I-94,MOUNT ELLIOTT,2017-04-17,17,4,2017,17,2,5,1,,1,0,,1,2,1,55,3,2,3,4,0,0,0,1,false,,false,false,false,false,false,,,,,,false,false,true,,,false,false,false,false,false,-83.03149,42.38154,"{
  ""coordinates"": [
    -8.303149375200000e+01,
    4.238153832900010e+01
  ],
  ""type"": ""Point""
}","{
  ""coordinates"": [
    -83.031493752,
    42.381538329
  ],
  ""type"": ""Point""
}",-83.031493752,42.3815383290001
17682,1013400,FLANDERS,DICKERSON,2017-04-17,17,4,2017,10,2,4,9,,,0,,1,1,1,25,2,2,2,4,0,0,0,1,false,,true,false,false,false,false,,,,,,false,false,true,,,false,false,false,false,false,-82.98197,42.41628,"{
  ""coordinates"": [
    -8.298196923800000e+01,
    4.241628120400000e+01
  ],
  ""type"": ""Point""
}","{
  ""coordinates"": [
    -82.981969238,
    42.416281204
  ],
  ""type"": ""Point""
}",-82.981969238,42.416281204
17683,1009135,WASHINGTON,LAFAYETTE,2017-04-17,17,4,2017,19,2,4,9,,4,0,,1,1,1,25,4,2,3,5,0,0,0,0,true,,true,true,false,false,false,,,,,,false,false,true,,,false,false,false,false,false,-83.05048,42.33052,"{
  ""coordinates"": [
    -8.305047930099990e+01,
    4.233052514000010e+01
  ],
  ""type"": ""Point""
}","{
  ""coordinates"": [
    -83.050479301,
    42.33052514
  ],
  ""type"": ""Point""
}",-83.0504793009999,42.3305251400001
17684,1009141,WESTEND,FORT,2017-04-17,17,4,2017,15,2,4,3,,4,0,,1,1,1,30,4,2,2,5,0,0,0,0,true,,false,false,false,false,false,,,,,,false,false,false,,,false,false,false,false,false,-83.11919,42.3002,"{
  ""coordinates"": [
    -8.311919744900000e+01,
    4.230019984700000e+01
  ],
  ""type"": ""Point""
}","{
  ""coordinates"": [
    -83.119197449,
    42.300199847
  ],
  ""type"": ""Point""
}",-83.119197449,42.300199847
17685,1008479,PURITAN,CRUSE,2017-04-17,17,4,2017,19,2,1,9,,4,0,,1,2,3,30,2,1,1,5,0,0,0,0,true,,false,false,false,false,false,,,,,,false,false,false,,,false,false,true,false,false,-83.18378,42.40924,"{
  ""coordinates"": [
    -8.318378244800000e+01,
    4.240923523400010e+01
  ],
  ""type"": ""Point""
}","{
  ""coordinates"": [
    -83.183782448,
    42.409235234
  ],
  ""type"": ""Point""
}",-83.183782448,42.4092352340001
17686,1009928,CECIL,PARKINSON,2017-04-17,17,4,2017,10,2,1,2,,4,0,,1,1,1,35,3,2,2,3,0,0,1,0,false,,false,false,false,false,false,,,,,,false,false,false,,,false,false,false,true,false,-83.1319,42.33113,"{
  ""coordinates"": [
    -8.313190232900000e+01,
    4.233112934300000e+01
  ],
  ""type"": ""Point""
}","{
  ""coordinates"": [
    -83.131902329,
    42.331129343
  ],
  ""type"": ""Point""
}",-83.131902329,42.331129343
17687,1009140,GRAND RIVER,WYOMING,2017-04-17,17,4,2017,12,2,1,3,,1,0,,1,1,1,30,5,1,2,3,0,0,1,1,false,,false,false,false,false,false,,,,,,false,false,true,,,false,false,false,false,false,-83.15868,42.37669,"{
  ""coordinates"": [
    -8.315868321300000e+01,
    4.237668444900000e+01
  ],
  ""type"": ""Point""
}","{
  ""coordinates"": [
    -83.158683213,
    42.376684449
  ],
  ""type"": ""Point""
}",-83.158683213,42.376684449
17688,1009094,N M 10,CHICAGO,2017-04-17,17,4,2017,9,2,1,3,,1,1,,1,1,1,55,3,1,1,2,0,1,0,0,false,,false,false,false,false,true,,,,,,false,true,false,,,false,false,false,false,false,-83.09461,42.38241,"{
  ""coordinates"": [
    -8.309461220799990e+01,
    4.238240744800000e+01
  ],
  ""type"": ""Point""
}","{
  ""coordinates"": [
    -83.094612208,
    42.382407448
  ],
  ""type"": ""Point""
}",-83.0946122079999,42.382407448
17689,1008382,NOTTINGHAM,HAVERHILL,2017-04-17,17,4,2017,2,2,4,9,,,0,,1,1,1,25,2,2,3,4,0,0,0,3,false,,false,false,true,false,false,,,,,,false,false,false,,,false,false,false,false,false,-82.95325,42.41205,"{
  ""coordinates"": [
    -8.295324740300001e+01,
    4.241204927300000e+01
  ],
  ""type"": ""Point""
}","{
  ""coordinates"": [
    -82.953247403,
    42.412049273
  ],
  ""type"": ""Point""
}",-82.953247403,42.412049273
17690,1009090,E I 96 CD,CSX TRANSPORTATION,2017-04-17,17,4,2017,7,2,5,1,,1,0,,1,1,1,70,3,3,3,5,0,0,0,0,true,,false,false,false,false,false,,,,,,false,false,true,,,false,false,false,false,false,-83.18976,42.37971,"{
  ""coordinates"": [
    -8.318975655799990e+01,
    4.237971374400010e+01
  ],
  ""type"": ""Point""
}","{
  ""coordinates"": [
    -83.189756558,
    42.379713744
  ],
  ""type"": ""Point""
}",-83.1897565579999,42.3797137440001
17691,1009158,MAPLEWOOD,JEFFRIES,2017-04-17,17,4,2017,18,2,3,9,,,0,,1,1,1,35,2,2,4,5,0,0,0,0,true,,true,false,false,false,false,,,,,,false,false,false,,,false,false,false,false,false,-83.12238,42.3611,"{
  ""coordinates"": [
    -8.312237682200001e+01,
    4.236109363600010e+01
  ],
  ""type"": ""Point""
}","{
  ""coordinates"": [
    -83.122376822,
    42.361093636
  ],
  ""type"": ""Point""
}",-83.122376822,42.3610936360001
17692,1009154,GRATIOT,SAINT JOSEPH,2017-04-17,17,4,2017,18,2,5,3,,1,0,,1,1,1,35,7,2,1,5,0,0,0,0,true,,false,false,false,false,false,,,,,,false,true,false,,,false,false,false,false,false,-83.02763,42.35925,"{
  ""coordinates"": [
    -8.302762439700000e+01,
    4.235924642300010e+01
  ],
  ""type"": ""Point""
}","{
  ""coordinates"": [
    -83.027624397,
    42.359246423
  ],
  ""type"": ""Point""
}",-83.027624397,42.3592464230001
17693,1012667,LAFAYETTE,WASHINGTON,2017-04-17,17,4,2017,20,2,4,9,,4,0,,1,1,3,25,2,2,2,4,0,0,0,1,false,,false,false,false,false,false,,,,,,false,false,true,,,false,false,false,false,false,-83.05051,42.33054,"{
  ""coordinates"": [
    -8.305051563700000e+01,
    4.233054276600010e+01
  ],
  ""type"": ""Point""
}","{
  ""coordinates"": [
    -83.050515637,
    42.330542766
  ],
  ""type"": ""Point""
}",-83.050515637,42.3305427660001
17694,1008069,MEADOWDALE,JOY,2017-04-17,17,4,2017,13,2,97,9,,,0,,1,1,1,25,2,2,1,5,0,0,0,0,true,,false,false,false,false,false,,,,,,false,false,true,,,false,false,false,false,false,-83.18041,42.35826,"{
  ""coordinates"": [
    -8.318041056399990e+01,
    4.235825841000010e+01
  ],
  ""type"": ""Point""
}","{
  ""coordinates"": [
    -83.180410564,
    42.35825841
  ],
  ""type"": ""Point""
}",-83.1804105639999,42.3582584100001
17695,1013410,PACKARD,LANTZ,2017-04-17,17,4,2017,2,2,8,9,,,0,,1,1,4,0,2,3,2,5,0,0,0,0,true,,false,false,true,false,false,,,,,,false,false,false,,,false,false,false,false,false,-83.02757,42.4388,"{
  ""coordinates"": [
    -8.302757372100000e+01,
    4.243880517400000e+01
  ],
  ""type"": ""Point""
}","{
  ""coordinates"": [
    -83.027573721,
    42.438805174
  ],
  ""type"": ""Point""
}",-83.027573721,42.438805174
17696,1016551,M-39,WARREN,2017-04-17,17,4,2017,17,2,5,3,,1,0,,1,2,1,55,3,2,2,5,0,0,0,0,true,,false,false,false,false,false,,,,,,false,false,true,,,false,false,false,false,false,-83.21621,42.34282,"{
  ""coordinates"": [
    -8.321621111100001e+01,
    4.234281829800010e+01
  ],
  ""type"": ""Point""
}","{
  ""coordinates"": [
    -83.216211111,
    42.342818298
  ],
  ""type"": ""Point""
}",-83.216211111,42.3428182980001
17697,1010832,VAN DYKE,HARDYKE,2017-04-17,17,4,2017,11,2,5,3,,1,0,,1,1,1,35,5,2,2,4,0,0,0,1,false,,false,false,false,false,false,,,,,,false,false,false,,,false,false,false,false,false,-83.02246,42.38985,"{
  ""coordinates"": [
    -8.302246072299990e+01,
    4.238984566200000e+01
  ],
  ""type"": ""Point""
}","{
  ""coordinates"": [
    -83.022460723,
    42.389845662
  ],
  ""type"": ""Point""
}",-83.0224607229999,42.389845662
17698,1009937,W/E SCHOOLCRAFT CROSSOVER,W I 96,2017-04-17,17,4,2017,10,2,4,9,,,0,,1,1,1,35,4,2,1,5,0,0,0,0,true,,false,false,true,false,false,,,,,,false,false,false,,,false,false,false,false,false,-83.25603,42.38559,"{
  ""coordinates"": [
    -8.325602910000001e+01,
    4.238559081300010e+01
  ],
  ""type"": ""Point""
}","{
  ""coordinates"": [
    -83.2560291,
    42.385590813
  ],
  ""type"": ""Point""
}",-83.2560291,42.3855908130001
17699,1008145,HARVARD,MACK,2017-04-17,17,4,2017,15,2,5,9,,,0,,1,1,1,25,1,2,1,5,0,0,0,0,true,,false,false,false,false,false,,,,,,false,false,false,,,false,false,false,false,false,-82.92364,42.39471,"{
  ""coordinates"": [
    -8.292363693599999e+01,
    4.239471317200010e+01
  ],
  ""type"": ""Point""
}","{
  ""coordinates"": [
    -82.923636936,
    42.394713172
  ],
  ""type"": ""Point""
}",-82.923636936,42.3947131720001
17700,1009935,HUNTINGTON,CURTIS,2017-04-17,17,4,2017,7,2,8,9,,,3,,1,1,98,25,2,2,0,5,0,0,0,0,true,,false,false,true,false,false,,,,,,false,false,false,,,false,false,false,false,false,-83.23309,42.42112,"{
  ""coordinates"": [
    -8.323308504100000e+01,
    4.242111574500010e+01
  ],
  ""type"": ""Point""
}","{
  ""coordinates"": [
    -83.233085041,
    42.421115745
  ],
  ""type"": ""Point""
}",-83.233085041,42.4211157450001
17701,1013338,I-94,CECIL,2017-04-17,17,4,2017,15,2,5,1,,1,0,,1,2,1,55,3,3,3,4,0,0,0,1,false,,false,false,true,false,false,,,,,,false,false,true,,,false,false,false,false,false,-83.13301,42.33427,"{
  ""coordinates"": [
    -8.313300747800000e+01,
    4.233427284100000e+01
  ],
  ""type"": ""Point""
}","{
  ""coordinates"": [
    -83.133007478,
    42.334272841
  ],
  ""type"": ""Point""
}",-83.133007478,42.334272841
17702,1009947,SEVEN MILE,ASBURY PARK,2017-04-17,17,4,2017,7,2,5,9,,2,0,,1,1,1,35,4,2,2,5,0,0,0,0,true,,false,false,false,false,false,,,,,,false,false,false,,,false,false,false,false,false,-83.20996,42.43027,"{
  ""coordinates"": [
    -8.320996135999999e+01,
    4.243027478200000e+01
  ],
  ""type"": ""Point""
}","{
  ""coordinates"": [
    -83.20996136,
    42.430274782
  ],
  ""type"": ""Point""
}",-83.20996136,42.430274782
17703,1016630,HARPER,CARRIE,2017-04-17,17,4,2017,17,2,5,9,,4,0,,1,1,1,30,2,3,3,5,0,0,0,0,true,,false,false,false,false,false,,,,,,false,false,true,,,false,false,false,false,false,-83.02765,42.38498,"{
  ""coordinates"": [
    -8.302764972499990e+01,
    4.238498466300010e+01
  ],
  ""type"": ""Point""
}","{
  ""coordinates"": [
    -83.027649725,
    42.384984663
  ],
  ""type"": ""Point""
}",-83.0276497249999,42.3849846630001
17704,1008400,DAVISON,LIVERNOIS,2017-04-17,17,4,2017,13,2,8,3,,1,0,,1,1,1,35,2,2,2,5,0,0,0,0,true,,false,false,true,false,false,,,,,,false,false,false,,,false,false,false,false,false,-83.13981,42.38649,"{
  ""coordinates"": [
    -8.313981170900000e+01,
    4.238649083100010e+01
  ],
  ""type"": ""Point""
}","{
  ""coordinates"": [
    -83.139811709,
    42.386490831
  ],
  ""type"": ""Point""
}",-83.139811709,42.3864908310001
17705,1009092,I-94,MOUNT ELLIOTT,2017-04-17,17,4,2017,17,2,5,1,,1,0,,1,2,1,55,3,2,2,5,0,0,0,0,true,,false,false,false,false,false,,,,,,false,false,true,,,false,false,false,false,false,-83.03149,42.38154,"{
  ""coordinates"": [
    -8.303149375200000e+01,
    4.238153832900010e+01
  ],
  ""type"": ""Point""
}","{
  ""coordinates"": [
    -83.031493752,
    42.381538329
  ],
  ""type"": ""Point""
}",-83.031493752,42.3815383290001
17706,1016579,MONTE VISTA,DAVISON,2017-04-17,17,4,2017,23,2,4,9,,,0,,1,1,4,25,2,2,5,4,0,0,0,1,false,,false,false,true,false,false,,,,,,false,false,true,,,false,false,false,false,false,-83.1665,42.38591,"{
  ""coordinates"": [
    -8.316649444300000e+01,
    4.238590985800000e+01
  ],
  ""type"": ""Point""
}","{
  ""coordinates"": [
    -83.166494443,
    42.385909858
  ],
  ""type"": ""Point""
}",-83.166494443,42.385909858
17707,1009155,ROSSITER,MCCORMICK,2017-04-17,17,4,2017,14,2,4,9,,,0,,1,1,1,30,3,2,1,5,0,0,0,0,true,,false,false,true,false,false,,,,,,false,false,false,,,false,false,false,false,false,-82.94421,42.43184,"{
  ""coordinates"": [
    -8.294421466999999e+01,
    4.243183892500010e+01
  ],
  ""type"": ""Point""
}","{
  ""coordinates"": [
    -82.94421467,
    42.431838925
  ],
  ""type"": ""Point""
}",-82.94421467,42.4318389250001
17708,1025817,VAN DYKE,GRATIOT,2017-04-17,17,4,2017,4,2,5,3,,4,0,,1,2,4,30,4,2,2,5,0,0,0,0,true,,false,false,true,false,false,,,,,,false,false,false,,,false,false,false,false,false,-83.01463,42.37875,"{
  ""coordinates"": [
    -8.301462652899990e+01,
    4.237875335600010e+01
  ],
  ""type"": ""Point""
}","{
  ""coordinates"": [
    -83.014626529,
    42.378753356
  ],
  ""type"": ""Point""
}",-83.0146265289999,42.3787533560001
17709,1008107,14TH,MARQUETTE,2017-04-17,17,4,2017,10,2,8,9,,4,0,,1,1,1,35,2,2,2,5,0,0,0,0,true,,false,false,false,false,false,,,,,,false,false,true,,,false,false,false,false,false,-83.09251,42.35942,"{
  ""coordinates"": [
    -8.309250650000000e+01,
    4.235942537200000e+01
  ],
  ""type"": ""Point""
}","{
  ""coordinates"": [
    -83.0925065,
    42.359425372
  ],
  ""type"": ""Point""
}",-83.0925065,42.359425372
17710,1008478,MEYERS,MCNICHOLS,2017-04-17,17,4,2017,10,2,97,9,,4,0,,1,1,1,30,4,2,3,4,0,0,0,3,false,,true,true,false,false,false,,,,,,false,true,true,,,false,false,false,false,false,-83.17013,42.41666,"{
  ""coordinates"": [
    -8.317012508800001e+01,
    4.241666300200010e+01
  ],
  ""type"": ""Point""
}","{
  ""coordinates"": [
    -83.170125088,
    42.416663002
  ],
  ""type"": ""Point""
}",-83.170125088,42.4166630020001
17711,1009939,MCNICHOLS,BENTLER,2017-04-17,17,4,2017,14,2,5,9,,2,0,,1,2,1,35,2,2,4,4,0,0,0,1,false,,false,false,false,false,false,,,,,,false,false,false,,,false,false,false,false,false,-83.25187,42.41485,"{
  ""coordinates"": [
    -8.325187177200000e+01,
    4.241484647600000e+01
  ],
  ""type"": ""Point""
}","{
  ""coordinates"": [
    -83.251871772,
    42.414846476
  ],
  ""type"": ""Point""
}",-83.251871772,42.414846476
17712,1008386,GRATIOT,GLENWOOD,2017-04-17,17,4,2017,21,2,8,3,,1,0,,1,1,4,35,7,2,1,5,0,0,0,0,true,,false,false,true,false,false,,,,,,false,true,false,,,false,false,false,false,false,-82.98057,42.43072,"{
  ""coordinates"": [
    -8.298056818000001e+01,
    4.243072077600000e+01
  ],
  ""type"": ""Point""
}","{
  ""coordinates"": [
    -82.98056818,
    42.430720776
  ],
  ""type"": ""Point""
}",-82.98056818,42.430720776
17713,1009095,M-10,WYOMING,2017-04-17,17,4,2017,5,2,1,3,,1,1,,1,1,4,55,3,1,1,5,0,0,0,0,true,,false,false,false,false,false,,,,,,false,false,false,,,false,false,false,false,false,-83.15755,42.40471,"{
  ""coordinates"": [
    -8.315755766699991e+01,
    4.240471258800010e+01
  ],
  ""type"": ""Point""
}","{
  ""coordinates"": [
    -83.157557667,
    42.404712588
  ],
  ""type"": ""Point""
}",-83.1575576669999,42.4047125880001
17714,1016732,PURITAN,SCHAEFER,2017-04-17,17,4,2017,12,2,9,9,,4,2,,1,1,1,30,3,2,2,5,0,0,0,0,true,,false,false,true,false,false,,,,,,false,false,false,,,false,false,false,false,false,-83.17958,42.40936,"{
  ""coordinates"": [
    -8.317957868500000e+01,
    4.240936408600000e+01
  ],
  ""type"": ""Point""
}","{
  ""coordinates"": [
    -83.179578685,
    42.409364086
  ],
  ""type"": ""Point""
}",-83.179578685,42.409364086
17715,1007280,W I 96 CD,WYOMING,2017-04-16,16,4,2017,1,1,1,1,,1,1,,1,1,4,55,-2,1,1,5,0,0,0,0,true,,false,false,false,false,false,,,,,,false,false,false,,,false,false,false,false,false,-83.15894,42.38562,"{
  ""coordinates"": [
    -8.315894122400000e+01,
    4.238562103100000e+01
  ],
  ""type"": ""Point""
}","{
  ""coordinates"": [
    -83.158941224,
    42.385621031
  ],
  ""type"": ""Point""
}",-83.158941224,42.385621031
17716,1008436,8 MILE,RYAN,2017-04-16,16,4,2017,23,1,97,3,,1,0,,1,1,4,25,2,2,1,5,0,0,0,0,true,,false,false,true,false,false,,,,,,false,false,false,,,false,false,false,false,false,-83.06387,42.44727,"{
  ""coordinates"": [
    -8.306387240200000e+01,
    4.244726498100000e+01
  ],
  ""type"": ""Point""
}","{
  ""coordinates"": [
    -83.063872402,
    42.447264981
  ],
  ""type"": ""Point""
}",-83.063872402,42.447264981
17717,1009962,SEYMOUR,BROCK,2017-04-16,16,4,2017,14,1,4,9,,4,0,,1,1,1,30,2,2,2,5,0,0,0,0,true,,false,false,false,false,false,,,,,,false,true,false,,,false,false,false,false,false,-82.96286,42.42721,"{
  ""coordinates"": [
    -8.296286339200000e+01,
    4.242721361600010e+01
  ],
  ""type"": ""Point""
}","{
  ""coordinates"": [
    -82.962863392,
    42.427213616
  ],
  ""type"": ""Point""
}",-82.962863392,42.4272136160001
17718,1016678,8 MILE,CALDWELL,2017-04-16,16,4,2017,16,1,8,3,,1,0,,1,1,1,0,3,2,1,5,0,0,0,0,true,,false,false,false,false,false,,,,,,false,false,false,,,false,false,false,false,false,-83.04766,42.44767,"{
  ""coordinates"": [
    -8.304766293400000e+01,
    4.244766880500000e+01
  ],
  ""type"": ""Point""
}","{
  ""coordinates"": [
    -83.047662934,
    42.447668805
  ],
  ""type"": ""Point""
}",-83.047662934,42.447668805
17719,1007294,MCNICHOLS,REDFORD,2017-04-16,16,4,2017,20,1,4,9,,2,0,,1,1,4,35,4,2,1,5,0,0,0,0,true,,true,true,true,false,false,,,,,,false,false,true,,,false,false,false,false,false,-83.2623,42.41462,"{
  ""coordinates"": [
    -8.326229948700001e+01,
    4.241461714900000e+01
  ],
  ""type"": ""Point""
}","{
  ""coordinates"": [
    -83.262299487,
    42.414617149
  ],
  ""type"": ""Point""
}",-83.262299487,42.414617149
17720,1007312,MCNICHOLS,GALLAGHER,2017-04-16,16,4,2017,17,1,97,9,,4,0,,1,1,1,35,4,2,2,4,0,0,0,1,false,,false,false,false,false,false,,,,,,false,false,false,,,false,false,false,false,false,-83.0677,42.41865,"{
  ""coordinates"": [
    -8.306769892900000e+01,
    4.241864611300010e+01
  ],
  ""type"": ""Point""
}","{
  ""coordinates"": [
    -83.067698929,
    42.418646113
  ],
  ""type"": ""Point""
}",-83.067698929,42.4186461130001
17721,1007303,GREINER,STRASBURG,2017-04-16,16,4,2017,2,1,4,9,,4,0,,1,1,4,25,4,2,2,4,0,0,0,1,false,,true,false,true,false,false,,,,,,false,false,false,,,false,false,false,false,false,-82.99824,42.42737,"{
  ""coordinates"": [
    -8.299823514099999e+01,
    4.242737091000000e+01
  ],
  ""type"": ""Point""
}","{
  ""coordinates"": [
    -82.998235141,
    42.42737091
  ],
  ""type"": ""Point""
}",-82.998235141,42.42737091
17722,1007307,CANYON,EDGEFIELD,2017-04-16,16,4,2017,16,1,97,9,,,0,,1,1,1,25,1,2,1,5,0,0,0,0,true,,false,false,false,false,false,,,,,,false,false,false,,,false,false,false,false,false,-82.92731,42.42216,"{
  ""coordinates"": [
    -8.292730379800000e+01,
    4.242216311600000e+01
  ],
  ""type"": ""Point""
}","{
  ""coordinates"": [
    -82.927303798,
    42.422163116
  ],
  ""type"": ""Point""
}",-82.927303798,42.422163116
17723,1015308,7 MILE,VAN DYKE,2017-04-16,16,4,2017,13,1,4,3,,4,0,,1,1,1,0,2,2,1,5,0,0,0,0,true,,false,false,true,false,false,,,,,,false,true,false,,,false,false,false,false,false,-83.02463,42.43397,"{
  ""coordinates"": [
    -8.302462418800000e+01,
    4.243396899200010e+01
  ],
  ""type"": ""Point""
}","{
  ""coordinates"": [
    -83.024624188,
    42.433968992
  ],
  ""type"": ""Point""
}",-83.024624188,42.4339689920001
17724,1085411,7 MILE,JAMES COUZENS,2017-04-16,16,4,2017,11,1,1,9,,2,0,,1,1,1,35,2,2,0,3,0,0,1,0,false,,false,false,false,false,false,,,,,,true,false,false,,,false,false,false,false,false,-83.18678,42.43085,"{
  ""coordinates"": [
    -8.318678646900000e+01,
    4.243084554800000e+01
  ],
  ""type"": ""Point""
}","{
  ""coordinates"": [
    -83.186786469,
    42.430845548
  ],
  ""type"": ""Point""
}",-83.186786469,42.430845548
17725,1008378,SEYMOUR,BROCK,2017-04-16,16,4,2017,2,1,1,9,,4,1,,1,1,5,25,1,1,1,5,0,0,0,0,true,,false,false,false,false,false,,,,,,false,false,false,,,false,false,false,false,false,-82.96278,42.42722,"{
  ""coordinates"": [
    -8.296278491299999e+01,
    4.242721445700000e+01
  ],
  ""type"": ""Point""
}","{
  ""coordinates"": [
    -82.962784913,
    42.427214457
  ],
  ""type"": ""Point""
}",-82.962784913,42.427214457
17726,1022715,GREENFIELD,WARREN,2017-04-16,16,4,2017,15,1,5,9,,2,0,,1,1,1,35,6,2,6,5,0,0,0,0,true,,false,false,false,false,false,,,,,,false,false,false,,,false,false,false,false,false,-83.19628,42.34354,"{
  ""coordinates"": [
    -8.319628260300000e+01,
    4.234354199700000e+01
  ],
  ""type"": ""Point""
}","{
  ""coordinates"": [
    -83.196282603,
    42.343541997
  ],
  ""type"": ""Point""
}",-83.196282603,42.343541997
17727,1026712,DICKERSON,KILBOURN,2017-04-16,16,4,2017,19,1,4,9,,4,0,,1,1,3,25,2,2,2,3,0,0,2,0,false,,false,false,false,false,false,,,,,,false,false,false,,,false,false,false,false,false,-82.98045,42.41389,"{
  ""coordinates"": [
    -8.298044474600000e+01,
    4.241389060700000e+01
  ],
  ""type"": ""Point""
}","{
  ""coordinates"": [
    -82.980444746,
    42.413890607
  ],
  ""type"": ""Point""
}",-82.980444746,42.413890607
17728,1007277,BRACE,WARREN,2017-04-16,16,4,2017,19,1,97,9,,,0,,1,1,1,25,3,2,1,4,0,0,0,1,false,,false,false,false,false,false,,,,,,true,false,false,,,false,false,false,false,false,-83.22314,42.34296,"{
  ""coordinates"": [
    -8.322313818299990e+01,
    4.234296180800000e+01
  ],
  ""type"": ""Point""
}","{
  ""coordinates"": [
    -83.223138183,
    42.342961808
  ],
  ""type"": ""Point""
}",-83.2231381829999,42.342961808
17729,1007291,BILTMORE,PILGRIM,2017-04-16,16,4,2017,14,1,9,9,,,2,,1,1,1,25,2,2,0,5,0,0,0,0,true,,false,false,true,false,false,,,,,,false,false,false,,,false,false,false,false,false,-83.21061,42.40666,"{
  ""coordinates"": [
    -8.321061021299990e+01,
    4.240665759500010e+01
  ],
  ""type"": ""Point""
}","{
  ""coordinates"": [
    -83.210610213,
    42.406657595
  ],
  ""type"": ""Point""
}",-83.2106102129999,42.4066575950001