ObjectId,Crash ID,Primary Road,Intersecting Road,Crash Date,Day,Month,Year,Hour,Weekday,Crash Type Code,Highway Classification Code,Community Code,Jurisdiction Code,Lane Departure Type Code,Surface Type,Road Condition,Weather Condition,Lighting Condition,Speed Limit,Lanes,Units,Occupants,Most Severe Injury,Fatal Injuries,Suspected Serious Injuries,Suspected Minor Injuries,Possible Injuries,Property Damage Only,Secondary Crash,Traffic Control,Red Light Run,Hit and Run,Alcohol,Drugs,Unbelted Person,Work Zone,Speeding Driver,Distracted Driver,Driveway,Pedestrian,Elderly Driver,Young Driver,Commercial Vehicle,Emergency Vehicles,Train,School Bus,Motorcycle,Bicycle,Deer,Longitude,Latitude,geom,geog,x,y
17730,1008399,ATKINSON,LASLALLE,2017-04-16,16,4,2017,22,1,4,9,,,0,,1,1,5,25,2,2,3,5,0,0,0,0,true,,false,false,false,false,false,,,,,,false,false,true,,,false,false,false,false,false,-83.10592,42.3751,"{
  ""coordinates"": [
    -8.310591510700000e+01,
    4.237509573400010e+01
  ],
  ""type"": ""Point""
}","{
  ""coordinates"": [
    -83.105915107,
    42.375095734
  ],
  ""type"": ""Point""
}",-83.105915107,42.3750957340001
17731,1007315,HAWTHORNE,GRIXDALE,2017-04-16,16,4,2017,17,1,8,9,,,0,,1,1,1,25,2,4,3,3,0,0,1,0,false,,false,false,true,false,false,,,,,,false,false,true,,,false,false,false,false,false,-83.09245,42.42824,"{
  ""coordinates"": [
    -8.309244626100001e+01,
    4.242824351100010e+01
  ],
  ""type"": ""Point""
}","{
  ""coordinates"": [
    -83.092446261,
    42.428243511
  ],
  ""type"": ""Point""
}",-83.092446261,42.4282435110001
17732,1008483,SNOWDEN,SAINT MARTINS,2017-04-16,16,4,2017,21,1,4,9,,,0,,1,1,4,25,2,2,1,5,0,0,0,0,true,,false,false,false,false,false,,,,,,false,false,false,,,false,false,false,false,false,-83.17853,42.43649,"{
  ""coordinates"": [
    -8.317852479500000e+01,
    4.243649163300010e+01
  ],
  ""type"": ""Point""
}","{
  ""coordinates"": [
    -83.178524795,
    42.436491633
  ],
  ""type"": ""Point""
}",-83.178524795,42.4364916330001
17733,1014110,CHIPPEWA,STEEL,2017-04-16,16,4,2017,16,1,4,9,,,0,,1,1,1,25,4,2,3,5,0,0,0,0,true,,false,false,false,false,false,,,,,,false,false,false,,,false,false,false,false,false,-83.17326,42.44068,"{
  ""coordinates"": [
    -8.317325270399991e+01,
    4.244068261000010e+01
  ],
  ""type"": ""Point""
}","{
  ""coordinates"": [
    -83.173252704,
    42.44068261
  ],
  ""type"": ""Point""
}",-83.1732527039999,42.4406826100001
17734,1007258,PLYMOUTH,MARK TWAIN,2017-04-16,16,4,2017,19,1,4,9,,4,0,,1,1,1,35,2,2,3,3,0,0,1,2,false,,false,false,false,false,false,,,,,,false,false,false,,,false,false,false,false,false,-83.18514,42.37289,"{
  ""coordinates"": [
    -8.318513892100000e+01,
    4.237289361000010e+01
  ],
  ""type"": ""Point""
}","{
  ""coordinates"": [
    -83.185138921,
    42.37289361
  ],
  ""type"": ""Point""
}",-83.185138921,42.3728936100001
17735,1019506,HARPER,VAN DYKE,2017-04-16,16,4,2017,15,1,8,3,,4,0,,1,1,2,35,2,2,2,4,0,0,0,1,false,,false,false,false,false,false,,,,,,false,false,false,,,false,false,false,false,false,-83.02141,42.388,"{
  ""coordinates"": [
    -8.302140756400000e+01,
    4.238800208800010e+01
  ],
  ""type"": ""Point""
}","{
  ""coordinates"": [
    -83.021407564,
    42.388002088
  ],
  ""type"": ""Point""
}",-83.021407564,42.3880020880001
17736,1007278,BEAVERLAND,ORANGELAWN,2017-04-16,16,4,2017,14,1,2,9,,,2,,1,1,1,25,2,3,1,5,0,0,0,0,true,,false,false,true,false,false,,,,,,false,false,false,,,false,false,false,false,false,-83.26433,42.36621,"{
  ""coordinates"": [
    -8.326432604599999e+01,
    4.236621219400010e+01
  ],
  ""type"": ""Point""
}","{
  ""coordinates"": [
    -83.264326046,
    42.366212194
  ],
  ""type"": ""Point""
}",-83.264326046,42.3662121940001
17737,1011752,WYOMING,RAMP 105B,2017-04-16,16,4,2017,3,1,3,3,,4,0,,1,1,1,35,2,3,6,5,0,0,0,0,true,,false,false,true,false,false,,,,,,false,false,true,,,false,false,false,false,false,-83.1598,42.40485,"{
  ""coordinates"": [
    -8.315979734900000e+01,
    4.240484727600010e+01
  ],
  ""type"": ""Point""
}","{
  ""coordinates"": [
    -83.159797349,
    42.404847276
  ],
  ""type"": ""Point""
}",-83.159797349,42.4048472760001
17738,1011749,LONGVIEW,ANNSBURY,2017-04-16,16,4,2017,2,1,2,9,,,2,,1,1,4,25,1,2,1,4,0,0,0,1,false,,false,false,false,false,false,,,,,,false,false,true,,,false,false,false,false,false,-82.9817,42.40669,"{
  ""coordinates"": [
    -8.298169529899999e+01,
    4.240669055300000e+01
  ],
  ""type"": ""Point""
}","{
  ""coordinates"": [
    -82.981695299,
    42.406690553
  ],
  ""type"": ""Point""
}",-82.981695299,42.406690553
17739,1010823,SAINT MARYS,GLENDALE,2017-04-16,16,4,2017,20,1,8,9,,,0,,1,1,3,25,2,2,3,5,0,0,0,0,true,,false,false,false,true,false,,,,,,false,false,false,,,false,false,false,false,false,-83.20516,42.38226,"{
  ""coordinates"": [
    -8.320515951199999e+01,
    4.238225942600010e+01
  ],
  ""type"": ""Point""
}","{
  ""coordinates"": [
    -83.205159512,
    42.382259426
  ],
  ""type"": ""Point""
}",-83.205159512,42.3822594260001
17740,1015294,KELLY,ROCHELLE,2017-04-16,16,4,2017,21,1,97,9,,4,0,,1,1,5,35,2,2,2,3,0,0,1,0,false,,true,false,false,false,false,,,,,,false,false,false,,,false,false,false,false,false,-82.96198,42.42278,"{
  ""coordinates"": [
    -8.296197840000001e+01,
    4.242277976100010e+01
  ],
  ""type"": ""Point""
}","{
  ""coordinates"": [
    -82.9619784,
    42.422779761
  ],
  ""type"": ""Point""
}",-82.9619784,42.4227797610001
17741,1007260,JOHN C,NONE,2017-04-16,16,4,2017,2,1,8,9,,4,0,,1,1,4,70,4,2,2,5,0,0,0,0,true,,false,false,false,false,false,,,,,,false,false,false,,,false,false,false,false,false,-83.06803,42.34224,"{
  ""coordinates"": [
    -8.306803161399991e+01,
    4.234223680600010e+01
  ],
  ""type"": ""Point""
}","{
  ""coordinates"": [
    -83.068031614,
    42.342236806
  ],
  ""type"": ""Point""
}",-83.0680316139999,42.3422368060001
17742,1058268,GLENDALE,MONTVILLE,2017-04-16,16,4,2017,16,1,8,9,,4,0,,1,1,1,15,1,2,1,5,0,0,0,0,true,,false,false,false,false,false,,,,,,false,false,false,,,false,false,false,false,false,-83.11526,42.39193,"{
  ""coordinates"": [
    -8.311526604200000e+01,
    4.239192935600000e+01
  ],
  ""type"": ""Point""
}","{
  ""coordinates"": [
    -83.115266042,
    42.391929356
  ],
  ""type"": ""Point""
}",-83.115266042,42.391929356
17743,1009067,W I 96,WYOMING,2017-04-16,16,4,2017,1,1,1,1,,1,1,,1,1,4,55,3,1,1,4,0,0,0,1,false,,false,false,false,true,true,,,,,,false,false,true,,,false,false,false,false,false,-83.15841,42.38543,"{
  ""coordinates"": [
    -8.315840746700000e+01,
    4.238542607200000e+01
  ],
  ""type"": ""Point""
}","{
  ""coordinates"": [
    -83.158407467,
    42.385426072
  ],
  ""type"": ""Point""
}",-83.158407467,42.385426072
17744,1009936,MANSFIELD,PURITAN,2017-04-16,16,4,2017,14,1,4,9,,,0,,1,1,1,25,2,2,1,5,0,0,0,0,true,,false,false,true,false,false,,,,,,false,false,true,,,false,false,false,false,false,-83.20551,42.40871,"{
  ""coordinates"": [
    -8.320550259299991e+01,
    4.240870917400010e+01
  ],
  ""type"": ""Point""
}","{
  ""coordinates"": [
    -83.205502593,
    42.408709174
  ],
  ""type"": ""Point""
}",-83.2055025929999,42.4087091740001
17745,1009952,6386 WINTHROP,RADCLIFFE,2017-04-16,16,4,2017,22,1,1,9,,,1,,1,1,5,0,2,1,0,5,0,0,0,0,true,,false,false,true,false,false,,,,,,false,false,false,,,false,false,false,false,false,-83.19718,42.3368,"{
  ""coordinates"": [
    -8.319718351300000e+01,
    4.233679553600010e+01
  ],
  ""type"": ""Point""
}","{
  ""coordinates"": [
    -83.197183513,
    42.336795536
  ],
  ""type"": ""Point""
}",-83.197183513,42.3367955360001
17746,1007256,HOWARD,25TH,2017-04-16,16,4,2017,10,1,1,9,,,1,,1,1,1,25,3,1,1,4,0,0,0,1,false,,false,false,false,false,false,,,,,,false,false,false,,,false,false,false,false,false,-83.08495,42.31825,"{
  ""coordinates"": [
    -8.308495502400000e+01,
    4.231825099300000e+01
  ],
  ""type"": ""Point""
}","{
  ""coordinates"": [
    -83.084955024,
    42.318250993
  ],
  ""type"": ""Point""
}",-83.084955024,42.318250993
17747,1007287,ST AUBIN,WOODBRIDGE,2017-04-16,16,4,2017,23,1,2,9,,5,0,,1,1,1,25,2,2,2,4,0,0,0,1,false,,false,false,true,false,false,,,,,,false,false,true,,,false,false,false,false,false,-83.0256,42.33607,"{
  ""coordinates"": [
    -8.302559564700000e+01,
    4.233607020700000e+01
  ],
  ""type"": ""Point""
}","{
  ""coordinates"": [
    -83.025595647,
    42.336070207
  ],
  ""type"": ""Point""
}",-83.025595647,42.336070207
17748,1007309,7 MILE,PACKARD,2017-04-16,16,4,2017,14,1,5,9,,4,0,,1,1,1,30,4,3,3,5,0,0,0,0,true,,true,false,false,false,false,,,,,,false,false,false,,,false,false,false,false,false,-83.02781,42.4339,"{
  ""coordinates"": [
    -8.302781187999990e+01,
    4.243390321800010e+01
  ],
  ""type"": ""Point""
}","{
  ""coordinates"": [
    -83.02781188,
    42.433903218
  ],
  ""type"": ""Point""
}",-83.0278118799999,42.4339032180001
17749,1012697,7 MILE,GODDARD,2017-04-16,16,4,2017,13,1,8,9,,4,0,,1,1,1,35,2,2,3,5,0,0,0,0,true,,false,false,false,false,false,,,,,,false,false,true,,,false,false,false,false,false,-83.07806,42.43292,"{
  ""coordinates"": [
    -8.307806271100000e+01,
    4.243292191900010e+01
  ],
  ""type"": ""Point""
}","{
  ""coordinates"": [
    -83.078062711,
    42.432921919
  ],
  ""type"": ""Point""
}",-83.078062711,42.4329219190001
17750,1007300,PILGRIM,FERGUSON,2017-04-16,16,4,2017,3,1,5,9,,,0,,1,1,4,25,2,2,0,5,0,0,0,0,true,,false,false,true,false,false,,,,,,false,false,false,,,false,false,false,false,false,-83.20991,42.4067,"{
  ""coordinates"": [
    -8.320991015500000e+01,
    4.240669744200010e+01
  ],
  ""type"": ""Point""
}","{
  ""coordinates"": [
    -83.209910155,
    42.406697442
  ],
  ""type"": ""Point""
}",-83.209910155,42.4066974420001
17751,1007270,FORT,AMBASSADOR,2017-04-16,16,4,2017,11,1,4,3,,1,0,,1,1,1,25,2,2,2,2,0,1,0,0,false,,false,false,false,false,false,,,,,,false,false,true,,,false,false,false,false,false,-83.07805,42.31754,"{
  ""coordinates"": [
    -8.307804635699991e+01,
    4.231754023200010e+01
  ],
  ""type"": ""Point""
}","{
  ""coordinates"": [
    -83.078046357,
    42.317540232
  ],
  ""type"": ""Point""
}",-83.0780463569999,42.3175402320001
17752,1007302,MAIDEN,BARRETT,2017-04-16,16,4,2017,15,1,4,9,,,0,,1,1,1,25,2,2,3,3,0,0,2,0,false,,true,false,false,false,false,,,,,,false,false,false,,,false,false,false,false,false,-82.98639,42.40196,"{
  ""coordinates"": [
    -8.298638967900000e+01,
    4.240196116100000e+01
  ],
  ""type"": ""Point""
}","{
  ""coordinates"": [
    -82.986389679,
    42.401961161
  ],
  ""type"": ""Point""
}",-82.986389679,42.401961161
17753,1007262,CADILLAC,BATES,2017-04-16,16,4,2017,14,1,8,9,,4,0,,1,1,1,25,4,2,4,5,0,0,0,0,true,,false,false,false,false,false,,,,,,false,false,false,,,false,false,false,false,false,-83.04461,42.33139,"{
  ""coordinates"": [
    -8.304460600100001e+01,
    4.233138751400000e+01
  ],
  ""type"": ""Point""
}","{
  ""coordinates"": [
    -83.044606001,
    42.331387514
  ],
  ""type"": ""Point""
}",-83.044606001,42.331387514
17754,1007301,GREENFIELD,CLARITA,2017-04-16,16,4,2017,3,1,1,9,,2,1,,1,1,4,35,4,1,1,5,0,0,0,0,true,,false,false,false,false,false,,,,,,false,false,false,,,false,false,false,false,false,-83.19979,42.42838,"{
  ""coordinates"": [
    -8.319978878200000e+01,
    4.242838254600010e+01
  ],
  ""type"": ""Point""
}","{
  ""coordinates"": [
    -83.199788782,
    42.428382546
  ],
  ""type"": ""Point""
}",-83.199788782,42.4283825460001
17755,1007274,PATTON,DOVER,2017-04-16,16,4,2017,19,1,97,9,,,0,,1,1,1,25,2,2,1,4,0,0,0,1,false,,false,false,false,false,false,,,,,,true,false,false,,,false,false,false,false,false,-83.24208,42.35942,"{
  ""coordinates"": [
    -8.324207940299991e+01,
    4.235942278400010e+01
  ],
  ""type"": ""Point""
}","{
  ""coordinates"": [
    -83.242079403,
    42.359422784
  ],
  ""type"": ""Point""
}",-83.2420794029999,42.3594227840001
17756,1009954,PLYMONTH,OUTER,2017-04-16,16,4,2017,18,1,5,9,,4,0,,1,1,1,30,4,2,1,5,0,0,0,0,true,,false,false,true,false,false,,,,,,false,false,false,,,false,false,false,false,false,-83.26096,42.3716,"{
  ""coordinates"": [
    -8.326096374399999e+01,
    4.237160132300000e+01
  ],
  ""type"": ""Point""
}","{
  ""coordinates"": [
    -83.260963744,
    42.371601323
  ],
  ""type"": ""Point""
}",-83.260963744,42.371601323
17757,1007263,N I 75 SERVICE DRIVE,GRAND RIVER,2017-04-16,16,4,2017,20,1,97,3,,5,0,,1,1,4,25,3,2,2,5,0,0,0,0,true,,false,false,true,false,false,,,,,,false,false,false,,,false,false,false,false,false,-83.05888,42.33636,"{
  ""coordinates"": [
    -8.305888605800000e+01,
    4.233636119300010e+01
  ],
  ""type"": ""Point""
}","{
  ""coordinates"": [
    -83.058886058,
    42.336361193
  ],
  ""type"": ""Point""
}",-83.058886058,42.3363611930001
17758,1007311,RUSSELL,WINCHESTER,2017-04-16,16,4,2017,17,1,8,9,,,0,,1,1,1,25,1,3,0,5,0,0,0,0,true,,false,false,true,false,false,,,,,,false,false,false,,,false,false,false,false,false,-83.09109,42.44413,"{
  ""coordinates"": [
    -8.309109431300000e+01,
    4.244412534400000e+01
  ],
  ""type"": ""Point""
}","{
  ""coordinates"": [
    -83.091094313,
    42.444125344
  ],
  ""type"": ""Point""
}",-83.091094313,42.444125344
17759,1009970,8 MILE,S M 39,2017-04-16,16,4,2017,12,1,5,3,,1,0,,1,2,1,55,3,2,2,5,0,0,0,0,true,,false,false,false,false,false,,,,,,false,false,false,,,false,false,false,false,false,-83.21992,42.44418,"{
  ""coordinates"": [
    -8.321992032199999e+01,
    4.244417593500000e+01
  ],
  ""type"": ""Point""
}","{
  ""coordinates"": [
    -83.219920322,
    42.444175935
  ],
  ""type"": ""Point""
}",-83.219920322,42.444175935
17760,1014039,M-39,FORD,2017-04-16,16,4,2017,2,1,8,3,,1,0,,1,1,4,55,3,2,3,5,0,0,0,0,true,,false,false,false,false,false,,,,,,false,false,false,,,false,false,false,false,false,-83.2159,42.33492,"{
  ""coordinates"": [
    -8.321589403699990e+01,
    4.233491773900000e+01
  ],
  ""type"": ""Point""
}","{
  ""coordinates"": [
    -83.215894037,
    42.334917739
  ],
  ""type"": ""Point""
}",-83.2158940369999,42.334917739
17761,1007306,SCHOENHERR,LAPPIN,2017-04-16,16,4,2017,13,1,97,9,,4,0,,1,1,1,30,2,2,2,5,0,0,0,0,true,,false,false,true,false,false,,,,,,false,false,false,,,false,false,false,false,false,-82.98521,42.43703,"{
  ""coordinates"": [
    -8.298520445900000e+01,
    4.243703461900000e+01
  ],
  ""type"": ""Point""
}","{
  ""coordinates"": [
    -82.985204459,
    42.437034619
  ],
  ""type"": ""Point""
}",-82.985204459,42.437034619
17762,1007305,HARPER,VAN DYKE,2017-04-16,16,4,2017,2,1,8,3,,4,0,,1,1,4,35,1,2,2,5,0,0,0,0,true,,false,false,false,false,false,,,,,,false,false,false,,,false,false,false,false,false,-83.02139,42.38801,"{
  ""coordinates"": [
    -8.302139007700001e+01,
    4.238800854400010e+01
  ],
  ""type"": ""Point""
}","{
  ""coordinates"": [
    -83.021390077,
    42.388008544
  ],
  ""type"": ""Point""
}",-83.021390077,42.3880085440001
17763,1007273,LUMLEY,MICHIGAN,2017-04-16,16,4,2017,2,1,98,9,,,0,,1,1,4,25,2,2,0,5,0,0,0,0,true,,false,false,true,false,false,,,,,,false,false,false,,,false,false,false,false,false,-83.14077,42.33064,"{
  ""coordinates"": [
    -8.314077119000000e+01,
    4.233063604000010e+01
  ],
  ""type"": ""Point""
}","{
  ""coordinates"": [
    -83.14077119,
    42.33063604
  ],
  ""type"": ""Point""
}",-83.14077119,42.3306360400001
17764,1009933,MCNICHOLS,LAMPHERE,2017-04-16,16,4,2017,8,1,3,9,,2,0,,1,1,4,0,2,2,2,5,0,0,0,0,true,,true,true,true,false,false,,,,,,false,false,false,,,false,false,false,false,false,-83.26234,42.41462,"{
  ""coordinates"": [
    -8.326233863200000e+01,
    4.241461893500010e+01
  ],
  ""type"": ""Point""
}","{
  ""coordinates"": [
    -83.262338632,
    42.414618935
  ],
  ""type"": ""Point""
}",-83.262338632,42.4146189350001
17765,1008492,LODGE,LINWOOD,2017-04-16,16,4,2017,2,1,8,3,,1,0,,1,1,4,0,4,2,2,5,0,0,0,0,true,,false,false,false,false,false,,,,,,false,false,true,,,false,false,false,false,false,-83.1222,42.40495,"{
  ""coordinates"": [
    -8.312219918499990e+01,
    4.240495320400000e+01
  ],
  ""type"": ""Point""
}","{
  ""coordinates"": [
    -83.122199185,
    42.404953204
  ],
  ""type"": ""Point""
}",-83.1221991849999,42.404953204
17766,1009905,I-94,CHALMERS,2017-04-16,16,4,2017,19,1,8,1,,1,0,,1,1,1,55,3,2,2,5,0,0,0,0,true,,false,false,false,false,false,,,,,,false,false,true,,,false,false,false,false,false,-82.97346,42.40137,"{
  ""coordinates"": [
    -8.297345693200000e+01,
    4.240137005000000e+01
  ],
  ""type"": ""Point""
}","{
  ""coordinates"": [
    -82.973456932,
    42.40137005
  ],
  ""type"": ""Point""
}",-82.973456932,42.40137005
17767,1008124,JUNCTION,FEDERAL,2017-04-16,16,4,2017,19,1,8,9,,4,0,,1,1,1,30,2,2,1,3,0,0,1,0,false,,false,false,true,false,false,,,,,,false,false,false,,,false,false,false,false,false,-83.10655,42.32439,"{
  ""coordinates"": [
    -8.310655433800000e+01,
    4.232438693200000e+01
  ],
  ""type"": ""Point""
}","{
  ""coordinates"": [
    -83.106554338,
    42.324386932
  ],
  ""type"": ""Point""
}",-83.106554338,42.324386932
17768,1007310,SAINT LOUIS,EMERY,2017-04-16,16,4,2017,14,1,97,9,,,0,,1,1,1,10,1,1,1,5,0,0,0,0,true,,false,false,false,false,false,,,,,,false,false,false,,,false,false,false,false,false,-83.04029,42.43568,"{
  ""coordinates"": [
    -8.304029432199999e+01,
    4.243568334000000e+01
  ],
  ""type"": ""Point""
}","{
  ""coordinates"": [
    -83.040294322,
    42.43568334
  ],
  ""type"": ""Point""
}",-83.040294322,42.43568334
17769,1007293,RUTLAND,PLYMOUTH,2017-04-16,16,4,2017,15,1,5,9,,,0,,1,1,1,25,2,2,2,5,0,0,0,0,true,,false,false,false,false,false,,,,,,false,false,true,,,false,false,false,false,false,-83.21322,42.37214,"{
  ""coordinates"": [
    -8.321321965000000e+01,
    4.237213979700000e+01
  ],
  ""type"": ""Point""
}","{
  ""coordinates"": [
    -83.21321965,
    42.372139797
  ],
  ""type"": ""Point""
}",-83.21321965,42.372139797
17770,1007299,CAMBRIDGE,AVON,2017-04-16,16,4,2017,11,1,4,9,,,0,,1,1,1,0,1,2,4,4,0,0,0,1,false,,true,false,false,false,false,,,,,,false,false,false,,,false,false,false,false,false,-83.22662,42.43165,"{
  ""coordinates"": [
    -8.322661990499989e+01,
    4.243164995800000e+01
  ],
  ""type"": ""Point""
}","{
  ""coordinates"": [
    -83.226619905,
    42.431649958
  ],
  ""type"": ""Point""
}",-83.2266199049999,42.431649958
17771,1014040,W I 96,GRAND RIVER,2017-04-16,16,4,2017,19,1,8,1,,1,0,,1,1,1,70,4,2,1,4,0,0,0,1,false,,false,false,true,false,false,,,,,,false,false,false,,,false,false,false,false,false,-83.17474,42.38411,"{
  ""coordinates"": [
    -8.317473680700000e+01,
    4.238411386400000e+01
  ],
  ""type"": ""Point""
}","{
  ""coordinates"": [
    -83.174736807,
    42.384113864
  ],
  ""type"": ""Point""
}",-83.174736807,42.384113864
17772,1008477,STATE FAIR,WOODWARD,2017-04-16,16,4,2017,21,1,5,9,,4,3,,1,2,4,30,2,2,1,3,0,0,1,0,false,,false,false,false,true,false,,,,,,false,false,false,,,false,false,false,false,false,-83.11494,42.43938,"{
  ""coordinates"": [
    -8.311494526800000e+01,
    4.243937897400010e+01
  ],
  ""type"": ""Point""
}","{
  ""coordinates"": [
    -83.114945268,
    42.439378974
  ],
  ""type"": ""Point""
}",-83.114945268,42.4393789740001
17773,1008494,PURITAN,BELDON,2017-04-16,16,4,2017,19,1,3,9,,4,0,,1,1,1,30,4,2,4,4,0,0,0,1,false,,false,false,false,false,false,,,,,,false,false,false,,,false,false,false,false,false,-83.1356,42.41,"{
  ""coordinates"": [
    -8.313559879400000e+01,
    4.241000077800000e+01
  ],
  ""type"": ""Point""
}","{
  ""coordinates"": [
    -83.135598794,
    42.410000778
  ],
  ""type"": ""Point""
}",-83.135598794,42.410000778
17774,1008144,HEREFORD,EDSEL,2017-04-16,16,4,2017,16,1,8,9,,7,0,,1,1,1,25,2,2,3,5,0,0,0,0,true,,false,false,false,false,false,,,,,,false,false,true,,,false,false,false,false,false,-82.9319,42.41982,"{
  ""coordinates"": [
    -8.293190198799989e+01,
    4.241982259200010e+01
  ],
  ""type"": ""Point""
}","{
  ""coordinates"": [
    -82.931901988,
    42.419822592
  ],
  ""type"": ""Point""
}",-82.9319019879999,42.4198225920001
17775,1007268,FORT,SCHAEFER,2017-04-15,15,4,2017,22,7,1,3,,1,0,,1,1,4,30,3,1,1,5,0,0,0,0,true,,false,false,false,false,false,,,,,,false,false,true,,,false,false,false,false,false,-83.15506,42.27629,"{
  ""coordinates"": [
    -8.315506064600000e+01,
    4.227628613600010e+01
  ],
  ""type"": ""Point""
}","{
  ""coordinates"": [
    -83.155060646,
    42.276286136
  ],
  ""type"": ""Point""
}",-83.155060646,42.2762861360001
17776,1010838,MOROSS,ROSSITER,2017-04-15,15,4,2017,2,7,3,9,,2,0,,1,1,4,35,3,2,1,3,0,0,1,0,false,,true,false,true,false,false,,,,,,false,false,true,,,false,false,false,false,false,-82.94456,42.43128,"{
  ""coordinates"": [
    -8.294456772800000e+01,
    4.243128242000010e+01
  ],
  ""type"": ""Point""
}","{
  ""coordinates"": [
    -82.944567728,
    42.43128242
  ],
  ""type"": ""Point""
}",-82.944567728,42.4312824200001
17777,1009147,ALTER,SOUTHAMPTON,2017-04-15,15,4,2017,21,7,5,9,,4,0,,1,1,5,25,2,2,1,5,0,0,0,0,true,,false,false,true,false,false,,,,,,false,false,false,,,false,false,false,false,false,-82.95703,42.40034,"{
  ""coordinates"": [
    -8.295703364199990e+01,
    4.240034657700010e+01
  ],
  ""type"": ""Point""
}","{
  ""coordinates"": [
    -82.957033642,
    42.400346577
  ],
  ""type"": ""Point""
}",-82.9570336419999,42.4003465770001
17778,1020300,I-94,LIVERNOIS,2017-04-15,15,4,2017,1,7,5,1,,1,0,,1,2,4,55,3,2,4,4,0,0,0,2,false,,false,false,true,false,false,,,,,,false,false,true,,,false,false,false,false,false,-83.12428,42.33771,"{
  ""coordinates"": [
    -8.312427998399990e+01,
    4.233770928000010e+01
  ],
  ""type"": ""Point""
}","{
  ""coordinates"": [
    -83.124279984,
    42.33770928
  ],
  ""type"": ""Point""
}",-83.1242799839999,42.3377092800001
17779,1015305,WYOMING,EATON,2017-04-15,15,4,2017,0,7,1,9,,4,0,,1,1,4,35,2,2,2,1,1,0,0,0,false,,false,false,false,true,false,,,,,,true,true,false,,,false,false,false,false,false,-83.15947,42.39798,"{
  ""coordinates"": [
    -8.315946878900000e+01,
    4.239797681300010e+01
  ],
  ""type"": ""Point""
}","{
  ""coordinates"": [
    -83.159468789,
    42.397976813
  ],
  ""type"": ""Point""
}",-83.159468789,42.3979768130001
17780,1006448,GRATIOT,MANNING,2017-04-15,15,4,2017,4,7,1,3,,1,1,,1,2,4,35,7,1,1,4,0,0,0,1,false,,false,false,false,false,false,,,,,,false,false,false,,,false,false,false,false,false,-82.97372,42.44113,"{
  ""coordinates"": [
    -8.297371314999999e+01,
    4.244113165800010e+01
  ],
  ""type"": ""Point""
}","{
  ""coordinates"": [
    -82.97371315,
    42.441131658
  ],
  ""type"": ""Point""
}",-82.97371315,42.4411316580001
17781,1029447,CHARLEVOIX,MOUNT ELLIOT,2017-04-15,15,4,2017,9,7,8,9,,4,0,,2,4,2,0,3,2,2,5,0,0,0,0,true,,true,true,false,false,false,,,,,,false,false,true,,,false,false,false,false,false,-83.04235,42.4119,"{
  ""coordinates"": [
    -8.304234967100000e+01,
    4.241190129100000e+01
  ],
  ""type"": ""Point""
}","{
  ""coordinates"": [
    -83.042349671,
    42.411901291
  ],
  ""type"": ""Point""
}",-83.042349671,42.411901291
17782,1006405,VERNOR,CALVARY,2017-04-15,15,4,2017,14,7,5,9,,4,0,,1,1,1,35,2,2,1,5,0,0,0,0,true,,false,false,true,false,false,,,,,,false,false,true,,,false,false,false,false,false,-83.10566,42.31626,"{
  ""coordinates"": [
    -8.310565864499991e+01,
    4.231625717800010e+01
  ],
  ""type"": ""Point""
}","{
  ""coordinates"": [
    -83.105658645,
    42.316257178
  ],
  ""type"": ""Point""
}",-83.1056586449999,42.3162571780001
17783,1006491,MANDERSON,WHITMORE,2017-04-15,15,4,2017,10,7,8,9,,,0,,1,1,1,25,1,3,1,5,0,0,0,0,true,,false,false,true,false,false,,,,,,false,false,false,,,false,false,false,false,false,-83.11721,42.42101,"{
  ""coordinates"": [
    -8.311720999900000e+01,
    4.242101242200000e+01
  ],
  ""type"": ""Point""
}","{
  ""coordinates"": [
    -83.117209999,
    42.421012422
  ],
  ""type"": ""Point""
}",-83.117209999,42.421012422
17784,1016645,SEVEN MILE,COOLEY,2017-04-15,15,4,2017,19,7,5,9,,2,0,,1,1,1,35,2,2,3,5,0,0,0,0,true,,false,false,false,false,false,,,,,,false,false,false,,,false,false,false,false,false,-83.26149,42.42914,"{
  ""coordinates"": [
    -8.326148754600000e+01,
    4.242913645200010e+01
  ],
  ""type"": ""Point""
}","{
  ""coordinates"": [
    -83.261487546,
    42.429136452
  ],
  ""type"": ""Point""
}",-83.261487546,42.4291364520001
17785,1008150,ALTER,HAMPTON,2017-04-15,15,4,2017,12,7,1,9,,4,1,,1,1,1,0,4,1,1,4,0,0,0,1,false,,false,false,false,false,false,,,,,,false,false,false,,,false,false,false,false,false,-82.94047,42.3763,"{
  ""coordinates"": [
    -8.294046729400000e+01,
    4.237630287200010e+01
  ],
  ""type"": ""Point""
}","{
  ""coordinates"": [
    -82.940467294,
    42.376302872
  ],
  ""type"": ""Point""
}",-82.940467294,42.3763028720001
17786,1006461,INDIANA,DAVISON,2017-04-15,15,4,2017,9,7,10,9,,,0,,1,1,1,25,2,2,0,5,0,0,0,0,true,,false,false,true,false,false,,,,,,false,false,false,,,false,false,false,false,false,-83.15699,42.38615,"{
  ""coordinates"": [
    -8.315699385800001e+01,
    4.238615091800010e+01
  ],
  ""type"": ""Point""
}","{
  ""coordinates"": [
    -83.156993858,
    42.386150918
  ],
  ""type"": ""Point""
}",-83.156993858,42.3861509180001