ObjectId,Crash ID,Primary Road,Intersecting Road,Crash Date,Day,Month,Year,Hour,Weekday,Crash Type Code,Highway Classification Code,Community Code,Jurisdiction Code,Lane Departure Type Code,Surface Type,Road Condition,Weather Condition,Lighting Condition,Speed Limit,Lanes,Units,Occupants,Most Severe Injury,Fatal Injuries,Suspected Serious Injuries,Suspected Minor Injuries,Possible Injuries,Property Damage Only,Secondary Crash,Traffic Control,Red Light Run,Hit and Run,Alcohol,Drugs,Unbelted Person,Work Zone,Speeding Driver,Distracted Driver,Driveway,Pedestrian,Elderly Driver,Young Driver,Commercial Vehicle,Emergency Vehicles,Train,School Bus,Motorcycle,Bicycle,Deer,Longitude,Latitude,geom,geog,x,y
17787,1007286,VAN DYKE,AGNES,2017-04-15,15,4,2017,2,7,4,9,,4,0,,1,10,3,0,4,2,2,2,0,1,0,0,false,,false,false,false,false,false,,,,,,false,false,true,,,false,false,false,false,false,-82.9974,42.3549,"{
  ""coordinates"": [
    -8.299739837700000e+01,
    4.235490051800010e+01
  ],
  ""type"": ""Point""
}","{
  ""coordinates"": [
    -82.997398377,
    42.354900518
  ],
  ""type"": ""Point""
}",-82.997398377,42.3549005180001
17788,1011799,S M 10 SERVICE DRIVE,WARREN,2017-04-15,15,4,2017,20,7,5,9,,4,3,,1,1,3,25,2,2,2,5,0,0,0,0,true,,false,false,false,true,false,,,,,,false,false,false,,,false,false,false,false,false,-83.07401,42.35376,"{
  ""coordinates"": [
    -8.307400435600000e+01,
    4.235376334100000e+01
  ],
  ""type"": ""Point""
}","{
  ""coordinates"": [
    -83.074004356,
    42.353763341
  ],
  ""type"": ""Point""
}",-83.074004356,42.353763341
17789,1006417,CHICAGO,ASBURY,2017-04-15,15,4,2017,18,7,5,9,,4,0,,1,1,1,35,2,2,1,5,0,0,0,0,true,,false,false,false,false,false,,,,,,false,false,false,,,false,false,false,false,false,-83.20733,42.36522,"{
  ""coordinates"": [
    -8.320732882500000e+01,
    4.236521762000010e+01
  ],
  ""type"": ""Point""
}","{
  ""coordinates"": [
    -83.207328825,
    42.36521762
  ],
  ""type"": ""Point""
}",-83.207328825,42.3652176200001
17790,1007281,WARREN,WOODMONT,2017-04-15,15,4,2017,20,7,5,9,,2,0,,1,1,4,35,5,2,3,5,0,0,0,0,true,,false,false,false,false,false,,,,,,false,false,false,,,false,false,false,false,false,-83.2069,42.34352,"{
  ""coordinates"": [
    -8.320690374899991e+01,
    4.234352653900000e+01
  ],
  ""type"": ""Point""
}","{
  ""coordinates"": [
    -83.206903749,
    42.343526539
  ],
  ""type"": ""Point""
}",-83.2069037489999,42.343526539
17791,1009965,CLAIRITA,STEEL,2017-04-15,15,4,2017,10,7,4,9,,,0,,1,1,1,0,2,2,5,4,0,0,0,2,false,,true,false,true,false,false,,,,,,false,true,false,,,false,false,false,false,false,-83.17297,42.42941,"{
  ""coordinates"": [
    -8.317297067399990e+01,
    4.242941160200010e+01
  ],
  ""type"": ""Point""
}","{
  ""coordinates"": [
    -83.172970674,
    42.429411602
  ],
  ""type"": ""Point""
}",-83.1729706739999,42.4294116020001
17792,1006434,N M 39,RAMP 008B,2017-04-15,15,4,2017,11,7,5,3,,1,0,,1,1,1,0,1,2,3,5,0,0,0,0,true,,false,false,false,false,false,,,,,,false,false,false,,,false,false,false,false,false,-83.21674,42.376,"{
  ""coordinates"": [
    -8.321673957800000e+01,
    4.237599696700000e+01
  ],
  ""type"": ""Point""
}","{
  ""coordinates"": [
    -83.216739578,
    42.375996967
  ],
  ""type"": ""Point""
}",-83.216739578,42.375996967
17793,1007327,CANFIELD,WOODWARD,2017-04-15,15,4,2017,10,7,1,3,,4,0,,1,1,1,25,4,2,1,5,0,0,0,0,true,,false,false,false,false,false,,,,,,false,false,false,,,false,false,false,true,false,-83.06144,42.35272,"{
  ""coordinates"": [
    -8.306144130699990e+01,
    4.235272057800010e+01
  ],
  ""type"": ""Point""
}","{
  ""coordinates"": [
    -83.061441307,
    42.352720578
  ],
  ""type"": ""Point""
}",-83.0614413069999,42.3527205780001
17794,1007292,WINSTON,MCNICHOLS,2017-04-15,15,4,2017,15,7,5,9,,,0,,1,1,1,25,2,2,3,4,0,0,0,1,false,,false,false,false,false,false,,,,,,false,false,false,,,false,false,false,false,false,-83.28362,42.41407,"{
  ""coordinates"": [
    -8.328362185200000e+01,
    4.241406972700000e+01
  ],
  ""type"": ""Point""
}","{
  ""coordinates"": [
    -83.283621852,
    42.414069727
  ],
  ""type"": ""Point""
}",-83.283621852,42.414069727
17795,1007298,GRAND RIVER,CODDING,2017-04-15,15,4,2017,7,7,1,3,,1,1,,2,4,98,45,4,1,1,4,0,0,0,1,false,,false,false,false,false,false,,,,,,false,false,false,,,false,false,false,false,false,-83.27094,42.42205,"{
  ""coordinates"": [
    -8.327094554000000e+01,
    4.242204506600010e+01
  ],
  ""type"": ""Point""
}","{
  ""coordinates"": [
    -83.27094554,
    42.422045066
  ],
  ""type"": ""Point""
}",-83.27094554,42.4220450660001
17796,1007284,GRATIOT,ADELAIDE,2017-04-15,15,4,2017,9,7,8,3,,1,0,,1,2,1,30,4,2,2,5,0,0,0,0,true,,false,false,false,false,false,,,,,,false,false,false,,,false,false,false,false,false,-83.03522,42.3481,"{
  ""coordinates"": [
    -8.303521898600000e+01,
    4.234809890300010e+01
  ],
  ""type"": ""Point""
}","{
  ""coordinates"": [
    -83.035218986,
    42.348098903
  ],
  ""type"": ""Point""
}",-83.035218986,42.3480989030001
17797,1009906,I-94,I-75,2017-04-15,15,4,2017,23,7,5,1,,1,0,,1,1,4,55,3,2,1,5,0,0,0,0,true,,false,false,true,false,false,,,,,,false,false,false,,,false,false,false,false,false,-83.05434,42.37112,"{
  ""coordinates"": [
    -8.305434637600000e+01,
    4.237112065600010e+01
  ],
  ""type"": ""Point""
}","{
  ""coordinates"": [
    -83.054346376,
    42.371120656
  ],
  ""type"": ""Point""
}",-83.054346376,42.3711206560001
17798,1014037,M-39,WARREN,2017-04-15,15,4,2017,21,7,8,3,,1,0,,1,1,4,55,3,2,3,4,0,0,0,1,false,,false,false,false,false,false,,,,,,false,false,false,,,false,false,false,false,false,-83.21622,42.3431,"{
  ""coordinates"": [
    -8.321621545999990e+01,
    4.234309873700000e+01
  ],
  ""type"": ""Point""
}","{
  ""coordinates"": [
    -83.21621546,
    42.343098737
  ],
  ""type"": ""Point""
}",-83.2162154599999,42.343098737
17799,1009969,SANTA MARIA,BIRWOOD,2017-04-15,15,4,2017,20,7,4,9,,,0,,1,1,4,0,2,2,3,5,0,0,0,0,true,,false,false,false,false,false,,,,,,false,false,true,,,false,false,false,false,false,-83.16475,42.41865,"{
  ""coordinates"": [
    -8.316475170800000e+01,
    4.241864602800010e+01
  ],
  ""type"": ""Point""
}","{
  ""coordinates"": [
    -83.164751708,
    42.418646028
  ],
  ""type"": ""Point""
}",-83.164751708,42.4186460280001
17800,1014088,BEAVERLAND,MCNICHOLS,2017-04-15,15,4,2017,14,7,1,9,,,1,,1,1,1,0,1,1,1,5,0,0,0,0,true,,false,false,false,false,false,,,,,,false,false,false,,,false,false,false,false,false,-83.26615,42.41457,"{
  ""coordinates"": [
    -8.326615321400000e+01,
    4.241457011000010e+01
  ],
  ""type"": ""Point""
}","{
  ""coordinates"": [
    -83.266153214,
    42.41457011
  ],
  ""type"": ""Point""
}",-83.266153214,42.4145701100001
17801,1006492,7 MILE,S I 75,2017-04-15,15,4,2017,9,7,4,9,,4,0,,1,1,1,0,2,2,1,5,0,0,0,0,true,,false,false,true,false,false,,,,,,false,false,false,,,false,false,false,false,false,-83.09486,42.43248,"{
  ""coordinates"": [
    -8.309486156600001e+01,
    4.243248231700010e+01
  ],
  ""type"": ""Point""
}","{
  ""coordinates"": [
    -83.094861566,
    42.432482317
  ],
  ""type"": ""Point""
}",-83.094861566,42.4324823170001
17802,1007297,OUTER,MCNICHOLS,2017-04-15,15,4,2017,16,7,4,9,,2,0,,1,1,1,35,9,2,3,4,0,0,0,2,false,,true,true,false,false,false,,,,,,false,true,false,,,false,false,false,false,false,-83.25745,42.4144,"{
  ""coordinates"": [
    -8.325745393400000e+01,
    4.241440039200010e+01
  ],
  ""type"": ""Point""
}","{
  ""coordinates"": [
    -83.257453934,
    42.414400392
  ],
  ""type"": ""Point""
}",-83.257453934,42.4144003920001
17803,1006436,CIRCLE,S M 39,2017-04-15,15,4,2017,12,7,4,3,,1,0,,1,1,1,30,2,2,2,5,0,0,0,0,true,,true,true,false,false,false,,,,,,false,false,false,,,false,false,false,false,false,-83.21974,42.44335,"{
  ""coordinates"": [
    -8.321974300399999e+01,
    4.244334812500010e+01
  ],
  ""type"": ""Point""
}","{
  ""coordinates"": [
    -83.219743004,
    42.443348125
  ],
  ""type"": ""Point""
}",-83.219743004,42.4433481250001
17804,1007295,FENKELL,OAKFIELD,2017-04-15,15,4,2017,16,7,6,9,,2,0,,1,1,1,35,2,3,7,5,0,0,0,0,true,,false,false,false,false,false,,,,,,false,false,true,,,false,false,false,false,false,-83.21415,42.4012,"{
  ""coordinates"": [
    -8.321415259000000e+01,
    4.240119546900010e+01
  ],
  ""type"": ""Point""
}","{
  ""coordinates"": [
    -83.21415259,
    42.401195469
  ],
  ""type"": ""Point""
}",-83.21415259,42.4011954690001
17805,1009966,KINGSWOOD,CRANBROOK,2017-04-15,15,4,2017,7,7,8,9,,,3,,2,4,1,25,1,3,1,5,0,0,0,0,true,,false,false,false,false,false,,,,,,false,false,true,,,false,false,false,false,false,-83.15781,42.43609,"{
  ""coordinates"": [
    -8.315781003500000e+01,
    4.243608996200000e+01
  ],
  ""type"": ""Point""
}","{
  ""coordinates"": [
    -83.157810035,
    42.436089962
  ],
  ""type"": ""Point""
}",-83.157810035,42.436089962
17806,1007275,GREENFIELD,CHICAGO,2017-04-15,15,4,2017,2,7,8,9,,2,0,,1,1,4,25,4,2,3,5,0,0,0,0,true,,false,false,false,false,false,,,,,,false,false,false,,,false,false,false,false,false,-83.19728,42.36541,"{
  ""coordinates"": [
    -8.319728144999991e+01,
    4.236541509100000e+01
  ],
  ""type"": ""Point""
}","{
  ""coordinates"": [
    -83.19728145,
    42.365415091
  ],
  ""type"": ""Point""
}",-83.1972814499999,42.365415091
17807,1007289,FISHER FWY SERVICE,GRATIOT,2017-04-15,15,4,2017,15,7,5,1,,4,0,,1,2,1,35,4,2,2,5,0,0,0,0,true,,false,false,false,false,false,,,,,,false,false,true,,,false,false,false,false,false,-83.05842,42.33728,"{
  ""coordinates"": [
    -8.305842181400000e+01,
    4.233728232500000e+01
  ],
  ""type"": ""Point""
}","{
  ""coordinates"": [
    -83.058421814,
    42.337282325
  ],
  ""type"": ""Point""
}",-83.058421814,42.337282325
17808,1006367,LIVERNOIS,GRANDRIVER,2017-04-15,15,4,2017,18,7,4,3,,4,0,,1,1,1,35,5,2,1,5,0,0,0,0,true,,false,false,true,false,false,,,,,,false,true,false,,,false,false,false,false,false,-83.13879,42.36854,"{
  ""coordinates"": [
    -8.313879257699990e+01,
    4.236854136600000e+01
  ],
  ""type"": ""Point""
}","{
  ""coordinates"": [
    -83.138792577,
    42.368541366
  ],
  ""type"": ""Point""
}",-83.1387925769999,42.368541366
17809,1008480,MEYERS,MCHNICHOLS,2017-04-15,15,4,2017,19,7,4,9,,4,0,,1,1,1,30,4,2,3,4,0,0,0,3,false,,true,false,true,false,false,,,,,,false,false,false,,,false,false,false,false,false,-83.17013,42.41666,"{
  ""coordinates"": [
    -8.317012508800001e+01,
    4.241666300200010e+01
  ],
  ""type"": ""Point""
}","{
  ""coordinates"": [
    -83.170125088,
    42.416663002
  ],
  ""type"": ""Point""
}",-83.170125088,42.4166630020001
17810,1058267,CLEMENTS,LASALLE,2017-04-15,15,4,2017,18,7,4,9,,,0,,1,1,1,15,2,2,3,5,0,0,0,0,true,,false,false,true,false,false,,,,,,false,false,false,,,false,false,false,false,false,-83.11977,42.39489,"{
  ""coordinates"": [
    -8.311976961200000e+01,
    4.239488876800000e+01
  ],
  ""type"": ""Point""
}","{
  ""coordinates"": [
    -83.119769612,
    42.394888768
  ],
  ""type"": ""Point""
}",-83.119769612,42.394888768
17811,1007271,FORT,MILLER,2017-04-15,15,4,2017,8,7,97,3,,1,0,,1,1,4,35,2,2,2,5,0,0,0,0,true,,false,false,false,false,false,,,,,,false,false,false,,,false,false,false,false,false,-83.14111,42.29182,"{
  ""coordinates"": [
    -8.314111556599990e+01,
    4.229181495500010e+01
  ],
  ""type"": ""Point""
}","{
  ""coordinates"": [
    -83.141115566,
    42.291814955
  ],
  ""type"": ""Point""
}",-83.1411155659999,42.2918149550001
17812,1085400,8 MILE,CIRCLE,2017-04-15,15,4,2017,1,7,8,3,,1,0,,1,1,4,0,4,2,2,5,0,0,0,0,true,,false,false,false,false,false,,,,,,false,false,false,,,false,false,false,false,false,-83.21645,42.44426,"{
  ""coordinates"": [
    -8.321644861000000e+01,
    4.244425857400010e+01
  ],
  ""type"": ""Point""
}","{
  ""coordinates"": [
    -83.21644861,
    42.444258574
  ],
  ""type"": ""Point""
}",-83.21644861,42.4442585740001
17813,1007314,7 MILE,DEAN,2017-04-15,15,4,2017,14,7,9,9,,4,0,,1,1,1,35,2,3,4,5,0,0,0,0,true,,false,false,false,false,false,,,,,,false,false,true,,,false,false,false,false,false,-83.06179,42.43317,"{
  ""coordinates"": [
    -8.306178719499999e+01,
    4.243316616600000e+01
  ],
  ""type"": ""Point""
}","{
  ""coordinates"": [
    -83.061787195,
    42.433166166
  ],
  ""type"": ""Point""
}",-83.061787195,42.433166166
17814,1008493,DAVIDSON,ROSA PARK,2017-04-15,15,4,2017,22,7,5,3,,1,0,,1,1,4,30,3,2,4,4,0,0,0,3,false,,false,false,true,false,false,,,,,,false,false,false,,,false,false,false,false,false,-83.11253,42.39679,"{
  ""coordinates"": [
    -8.311253556600001e+01,
    4.239678671800000e+01
  ],
  ""type"": ""Point""
}","{
  ""coordinates"": [
    -83.112535566,
    42.396786718
  ],
  ""type"": ""Point""
}",-83.112535566,42.396786718
17815,1012675,E I 94,TRUMBULL,2017-04-15,15,4,2017,6,7,5,1,,1,0,,2,4,4,0,1,4,4,4,0,0,0,2,false,,false,false,false,false,false,,,,,,false,false,true,,,false,false,false,false,false,-83.08109,42.356,"{
  ""coordinates"": [
    -8.308108695200001e+01,
    4.235599492200000e+01
  ],
  ""type"": ""Point""
}","{
  ""coordinates"": [
    -83.081086952,
    42.355994922
  ],
  ""type"": ""Point""
}",-83.081086952,42.355994922
17816,1006403,E I 94,LIVERNOIS,2017-04-15,15,4,2017,14,7,1,1,,1,1,,1,1,1,35,3,1,1,5,0,0,0,0,true,,false,false,false,false,false,,,,,,false,false,true,,,false,false,false,false,false,-83.12534,42.33714,"{
  ""coordinates"": [
    -8.312533321500000e+01,
    4.233713925800000e+01
  ],
  ""type"": ""Point""
}","{
  ""coordinates"": [
    -83.125333215,
    42.337139258
  ],
  ""type"": ""Point""
}",-83.125333215,42.337139258
17817,1006449,MANNING,SCHOENHERR,2017-04-15,15,4,2017,13,7,1,9,,,0,,1,1,1,25,1,2,1,3,0,0,1,0,false,,false,false,true,false,false,,,,,,false,false,false,,,false,false,false,true,false,-82.98517,42.44062,"{
  ""coordinates"": [
    -8.298516582600000e+01,
    4.244061494000000e+01
  ],
  ""type"": ""Point""
}","{
  ""coordinates"": [
    -82.985165826,
    42.44061494
  ],
  ""type"": ""Point""
}",-82.985165826,42.44061494
17818,1007276,DAVISON,WOODROW WILSON,2017-04-15,15,4,2017,23,7,5,3,,1,0,,1,1,4,25,2,2,2,4,0,0,0,1,false,,false,false,false,false,false,,,,,,false,false,false,,,false,false,false,false,false,-83.1109,42.39758,"{
  ""coordinates"": [
    -8.311090369100000e+01,
    4.239757493600010e+01
  ],
  ""type"": ""Point""
}","{
  ""coordinates"": [
    -83.110903691,
    42.397574936
  ],
  ""type"": ""Point""
}",-83.110903691,42.3975749360001
17819,1006469,RYAN,OUTER,2017-04-15,15,4,2017,14,7,3,9,,4,0,,1,1,1,30,4,2,3,5,0,0,0,0,true,,false,false,false,false,false,,,,,,false,false,false,,,false,false,false,false,false,-83.06356,42.44048,"{
  ""coordinates"": [
    -8.306355773400000e+01,
    4.244047969100010e+01
  ],
  ""type"": ""Point""
}","{
  ""coordinates"": [
    -83.063557734,
    42.440479691
  ],
  ""type"": ""Point""
}",-83.063557734,42.4404796910001
17820,1006432,7 MILE,BENTLER,2017-04-15,15,4,2017,18,7,4,9,,2,0,,1,1,1,35,4,2,4,4,0,0,0,1,false,,false,false,false,false,false,,,,,,false,false,true,,,false,false,false,false,false,-83.25341,42.42923,"{
  ""coordinates"": [
    -8.325340851100000e+01,
    4.242923436600010e+01
  ],
  ""type"": ""Point""
}","{
  ""coordinates"": [
    -83.253408511,
    42.429234366
  ],
  ""type"": ""Point""
}",-83.253408511,42.4292343660001
17821,1006430,MURRAY HILLST,CLARITA,2017-04-15,15,4,2017,0,7,98,9,,,0,,1,1,5,25,1,2,2,5,0,0,0,0,true,,false,false,false,false,false,,,,,,false,false,true,,,false,false,false,false,false,-83.20842,42.42854,"{
  ""coordinates"": [
    -8.320841751200000e+01,
    4.242854254100010e+01
  ],
  ""type"": ""Point""
}","{
  ""coordinates"": [
    -83.208417512,
    42.428542541
  ],
  ""type"": ""Point""
}",-83.208417512,42.4285425410001
17822,1008495,THIRD,MERTON,2017-04-15,15,4,2017,21,7,4,9,,4,0,,1,1,4,25,2,2,2,5,0,0,0,0,true,,false,false,false,false,false,,,,,,false,false,true,,,false,false,false,false,false,-83.1132,42.41849,"{
  ""coordinates"": [
    -8.311320632100001e+01,
    4.241848938600000e+01
  ],
  ""type"": ""Point""
}","{
  ""coordinates"": [
    -83.113206321,
    42.418489386
  ],
  ""type"": ""Point""
}",-83.113206321,42.418489386
17823,1058259,COLLINGWOOD,12TH,2017-04-15,15,4,2017,17,7,10,9,,,0,,1,1,1,15,1,2,0,5,0,0,0,0,true,,false,false,true,false,false,,,,,,false,false,false,,,false,false,false,false,false,-83.10436,42.38381,"{
  ""coordinates"": [
    -8.310436258100000e+01,
    4.238380785900010e+01
  ],
  ""type"": ""Point""
}","{
  ""coordinates"": [
    -83.104362581,
    42.383807859
  ],
  ""type"": ""Point""
}",-83.104362581,42.3838078590001
17824,1009946,JOY,METTETAL,2017-04-15,15,4,2017,3,7,4,9,,2,0,,2,1,4,35,4,2,1,5,0,0,0,0,true,,false,false,true,false,false,,,,,,false,true,false,,,false,false,false,false,false,-83.20558,42.35801,"{
  ""coordinates"": [
    -8.320558122700000e+01,
    4.235800394100000e+01
  ],
  ""type"": ""Point""
}","{
  ""coordinates"": [
    -83.205581227,
    42.358003941
  ],
  ""type"": ""Point""
}",-83.205581227,42.358003941
17825,1006418,WINTHROP,PLYMOUTH,2017-04-15,15,4,2017,17,7,97,9,,,0,,1,1,1,25,3,2,0,5,0,0,0,0,true,,false,false,false,false,false,,,,,,false,false,false,,,false,false,false,false,false,-83.19874,42.37249,"{
  ""coordinates"": [
    -8.319873816300000e+01,
    4.237249272600010e+01
  ],
  ""type"": ""Point""
}","{
  ""coordinates"": [
    -83.198738163,
    42.372492726
  ],
  ""type"": ""Point""
}",-83.198738163,42.3724927260001
17826,1006402,FORT,SPRINGWELLS,2017-04-15,15,4,2017,19,7,8,3,,1,0,,1,1,1,25,2,2,5,5,0,0,0,0,true,,false,false,false,false,false,,,,,,false,false,false,,,false,false,false,false,false,-83.11926,42.30017,"{
  ""coordinates"": [
    -8.311926593399990e+01,
    4.230017325300000e+01
  ],
  ""type"": ""Point""
}","{
  ""coordinates"": [
    -83.119265934,
    42.300173253
  ],
  ""type"": ""Point""
}",-83.1192659339999,42.300173253
17827,1007282,MACK,ROHNS,2017-04-15,15,4,2017,2,7,5,9,,4,0,,1,1,4,25,2,2,3,5,0,0,0,0,true,,false,false,false,false,false,,,,,,false,false,true,,,false,false,false,false,false,-82.99706,42.37068,"{
  ""coordinates"": [
    -8.299706345800000e+01,
    4.237067778600000e+01
  ],
  ""type"": ""Point""
}","{
  ""coordinates"": [
    -82.997063458,
    42.370677786
  ],
  ""type"": ""Point""
}",-82.997063458,42.370677786
17828,1008015,I-75,GREENDALE,2017-04-15,15,4,2017,8,7,1,9,,4,1,,2,4,1,70,4,1,1,5,0,0,0,0,true,,false,false,false,false,false,,,,,,false,false,false,,,false,false,false,false,false,-83.09361,42.42695,"{
  ""coordinates"": [
    -8.309360786699990e+01,
    4.242695155700010e+01
  ],
  ""type"": ""Point""
}","{
  ""coordinates"": [
    -83.093607867,
    42.426951557
  ],
  ""type"": ""Point""
}",-83.0936078669999,42.4269515570001
17829,1006366,PURITAN,ARDMORE,2017-04-15,15,4,2017,8,7,4,9,,4,0,,2,2,1,35,4,2,2,5,0,0,0,0,true,,false,false,true,false,false,,,,,,false,false,false,,,false,false,false,false,false,-83.18478,42.4092,"{
  ""coordinates"": [
    -8.318478350399990e+01,
    4.240920367900000e+01
  ],
  ""type"": ""Point""
}","{
  ""coordinates"": [
    -83.184783504,
    42.409203679
  ],
  ""type"": ""Point""
}",-83.1847835039999,42.409203679
17830,1008473,FAIRFIELD,GROVE,2017-04-15,15,4,2017,15,7,97,9,,,0,,1,1,1,25,2,2,1,5,0,0,0,0,true,,false,false,false,false,false,,,,,,false,true,false,,,false,false,false,false,false,-83.13519,42.41483,"{
  ""coordinates"": [
    -8.313518846800000e+01,
    4.241482720100000e+01
  ],
  ""type"": ""Point""
}","{
  ""coordinates"": [
    -83.135188468,
    42.414827201
  ],
  ""type"": ""Point""
}",-83.135188468,42.414827201
17831,1006365,FULLERTON,APPOLINE,2017-04-15,15,4,2017,3,7,5,9,,4,3,,1,1,5,25,2,2,0,5,0,0,0,0,true,,false,false,true,false,false,,,,,,false,false,false,,,false,false,false,false,false,-83.16964,42.38047,"{
  ""coordinates"": [
    -8.316963737799990e+01,
    4.238047259900000e+01
  ],
  ""type"": ""Point""
}","{
  ""coordinates"": [
    -83.169637378,
    42.380472599
  ],
  ""type"": ""Point""
}",-83.1696373779999,42.380472599
17832,1014100,VAN DYKE,ORION,2017-04-15,15,4,2017,13,7,5,3,,1,0,,1,1,1,35,5,3,4,4,0,0,0,4,false,,false,false,false,false,false,,,,,,true,false,true,,,false,false,false,false,false,-83.02399,42.42703,"{
  ""coordinates"": [
    -8.302398988800000e+01,
    4.242702947100000e+01
  ],
  ""type"": ""Point""
}","{
  ""coordinates"": [
    -83.023989888,
    42.427029471
  ],
  ""type"": ""Point""
}",-83.023989888,42.427029471
17833,1006437,7 MILE,SOUTHFIELD SERVICE DRIVE,2017-04-15,15,4,2017,13,7,4,9,,2,0,,1,1,1,35,4,2,2,5,0,0,0,0,true,,false,false,false,false,false,,,,,,false,true,false,,,false,false,false,false,false,-83.22004,42.43001,"{
  ""coordinates"": [
    -8.322004074700000e+01,
    4.243000785800010e+01
  ],
  ""type"": ""Point""
}","{
  ""coordinates"": [
    -83.220040747,
    42.430007858
  ],
  ""type"": ""Point""
}",-83.220040747,42.4300078580001
17834,1119614,M-10 SERVICE DRIVE,MEYERS,2017-04-15,15,4,2017,23,7,1,3,,4,0,,1,1,4,25,2,1,1,5,0,0,0,0,true,,false,false,false,false,false,,,,,,false,false,false,,,false,false,false,false,false,-83.16996,42.41394,"{
  ""coordinates"": [
    -8.316995654499991e+01,
    4.241393521100010e+01
  ],
  ""type"": ""Point""
}","{
  ""coordinates"": [
    -83.169956545,
    42.413935211
  ],
  ""type"": ""Point""
}",-83.1699565449999,42.4139352110001
17835,1006452,REDMOND,8 MILE,2017-04-15,15,4,2017,16,7,8,3,,,0,,1,1,1,25,2,2,3,4,0,0,0,2,false,,false,false,true,false,false,,,,,,false,false,false,,,false,false,false,false,false,-82.95621,42.44992,"{
  ""coordinates"": [
    -8.295620375000000e+01,
    4.244992451200010e+01
  ],
  ""type"": ""Point""
}","{
  ""coordinates"": [
    -82.95620375,
    42.449924512
  ],
  ""type"": ""Point""
}",-82.95620375,42.4499245120001
17836,1006488,WHITMORE,MANDERSON,2017-04-15,15,4,2017,5,7,8,9,,,0,,2,4,4,25,1,3,0,5,0,0,0,0,true,,false,false,true,false,false,,,,,,false,false,false,,,false,false,false,false,false,-83.11707,42.42061,"{
  ""coordinates"": [
    -8.311707111000000e+01,
    4.242061236200000e+01
  ],
  ""type"": ""Point""
}","{
  ""coordinates"": [
    -83.11707111,
    42.420612362
  ],
  ""type"": ""Point""
}",-83.11707111,42.420612362
17837,1007257,MONTE VISTA,BUENAVISTA,2017-04-15,15,4,2017,22,7,9,9,,,2,,1,1,5,25,2,2,0,5,0,0,0,0,true,,false,false,true,false,false,,,,,,false,false,false,,,false,false,false,false,false,-83.1664,42.38333,"{
  ""coordinates"": [
    -8.316639655400000e+01,
    4.238333095700010e+01
  ],
  ""type"": ""Point""
}","{
  ""coordinates"": [
    -83.166396554,
    42.383330957
  ],
  ""type"": ""Point""
}",-83.166396554,42.3833309570001
17838,1008044,JEFFERSON,WOODWARD,2017-04-15,15,4,2017,19,7,1,3,,1,0,,2,1,1,30,6,1,1,4,0,0,0,1,false,,false,false,false,false,false,,,,,,false,false,false,,,false,false,true,false,false,-83.04453,42.32887,"{
  ""coordinates"": [
    -8.304452855499990e+01,
    4.232886389200010e+01
  ],
  ""type"": ""Point""
}","{
  ""coordinates"": [
    -83.044528555,
    42.328863892
  ],
  ""type"": ""Point""
}",-83.0445285549999,42.3288638920001
17839,1006433,LAHSER,KEELER,2017-04-15,15,4,2017,1,7,4,9,,2,0,,1,1,4,30,2,2,3,5,0,0,0,0,true,,false,false,false,false,false,,,,,,false,false,true,,,false,false,false,false,false,-83.2569,42.40197,"{
  ""coordinates"": [
    -8.325689526500000e+01,
    4.240196942900010e+01
  ],
  ""type"": ""Point""
}","{
  ""coordinates"": [
    -83.256895265,
    42.401969429
  ],
  ""type"": ""Point""
}",-83.256895265,42.4019694290001
17840,1006407,GREENFIELD,CHICAGO,2017-04-15,15,4,2017,2,7,9,9,,2,2,,1,1,4,25,4,2,3,5,0,0,0,0,true,,false,false,false,false,false,,,,,,false,false,false,,,false,false,false,false,false,-83.19728,42.36533,"{
  ""coordinates"": [
    -8.319728073499989e+01,
    4.236532817800000e+01
  ],
  ""type"": ""Point""
}","{
  ""coordinates"": [
    -83.197280735,
    42.365328178
  ],
  ""type"": ""Point""
}",-83.1972807349999,42.365328178
17841,1008029,I-75,SAVANNAH,2017-04-15,15,4,2017,7,7,1,9,,4,1,,2,4,1,70,4,1,1,5,0,0,0,0,true,,false,false,false,false,false,,,,,,false,false,false,,,false,false,false,false,false,-83.09329,42.42591,"{
  ""coordinates"": [
    -8.309329343000000e+01,
    4.242590702600010e+01
  ],
  ""type"": ""Point""
}","{
  ""coordinates"": [
    -83.09329343,
    42.425907026
  ],
  ""type"": ""Point""
}",-83.09329343,42.4259070260001
17842,1008123,CENTRAL,WAGNER,2017-04-15,15,4,2017,21,7,8,9,,4,0,,1,1,3,25,1,2,0,5,0,0,0,0,true,,false,false,true,false,false,,,,,,false,false,true,,,false,false,false,false,false,-83.142,42.33722,"{
  ""coordinates"": [
    -8.314200122999991e+01,
    4.233722290400000e+01
  ],
  ""type"": ""Point""
}","{
  ""coordinates"": [
    -83.14200123,
    42.337222904
  ],
  ""type"": ""Point""
}",-83.1420012299999,42.337222904
17843,1036067,SCHOENHERR,LIBERAL,2017-04-15,15,4,2017,19,7,3,9,,4,0,,1,1,1,30,2,2,3,4,0,0,0,2,false,,false,false,false,false,false,,,,,,false,false,false,,,false,false,false,false,false,-82.98531,42.43955,"{
  ""coordinates"": [
    -8.298530335000000e+01,
    4.243954847000000e+01
  ],
  ""type"": ""Point""
}","{
  ""coordinates"": [
    -82.98530335,
    42.43954847
  ],
  ""type"": ""Point""
}",-82.98530335,42.43954847