ObjectId,Crash ID,Primary Road,Intersecting Road,Crash Date,Day,Month,Year,Hour,Weekday,Crash Type Code,Highway Classification Code,Community Code,Jurisdiction Code,Lane Departure Type Code,Surface Type,Road Condition,Weather Condition,Lighting Condition,Speed Limit,Lanes,Units,Occupants,Most Severe Injury,Fatal Injuries,Suspected Serious Injuries,Suspected Minor Injuries,Possible Injuries,Property Damage Only,Secondary Crash,Traffic Control,Red Light Run,Hit and Run,Alcohol,Drugs,Unbelted Person,Work Zone,Speeding Driver,Distracted Driver,Driveway,Pedestrian,Elderly Driver,Young Driver,Commercial Vehicle,Emergency Vehicles,Train,School Bus,Motorcycle,Bicycle,Deer,Longitude,Latitude,geom,geog,x,y
17844,1006467,OUTER,LAPPIN,2017-04-15,15,4,2017,9,7,8,9,,2,0,,2,1,1,35,4,2,3,5,0,0,0,0,true,,false,false,false,false,false,,,,,,false,false,true,,,false,false,false,false,false,-83.01458,42.43639,"{
  ""coordinates"": [
    -8.301457885199990e+01,
    4.243638695700000e+01
  ],
  ""type"": ""Point""
}","{
  ""coordinates"": [
    -83.014578852,
    42.436386957
  ],
  ""type"": ""Point""
}",-83.0145788519999,42.436386957
17845,1006493,GRAND RIVER,TEMPLE,2017-04-15,15,4,2017,3,7,5,3,,1,0,,1,1,4,35,7,3,3,3,0,0,1,1,false,,false,false,false,true,false,,,,,,false,false,false,,,false,false,false,false,false,-83.06593,42.33925,"{
  ""coordinates"": [
    -8.306592476199999e+01,
    4.233925403000010e+01
  ],
  ""type"": ""Point""
}","{
  ""coordinates"": [
    -83.065924762,
    42.33925403
  ],
  ""type"": ""Point""
}",-83.065924762,42.3392540300001
17846,1006416,WARREN,MINOCK,2017-04-15,15,4,2017,19,7,4,9,,2,0,,1,1,1,35,4,2,2,3,0,0,1,1,false,,false,false,false,false,false,,,,,,false,false,true,,,false,false,false,false,false,-83.23192,42.34319,"{
  ""coordinates"": [
    -8.323192181699990e+01,
    4.234318630000010e+01
  ],
  ""type"": ""Point""
}","{
  ""coordinates"": [
    -83.231921817,
    42.3431863
  ],
  ""type"": ""Point""
}",-83.2319218169999,42.3431863000001
17847,1008019,I-75,GRATIOT,2017-04-15,15,4,2017,7,7,1,1,,1,1,,2,4,1,55,3,1,1,5,0,0,0,0,true,,false,false,false,false,false,,,,,,false,false,true,,,false,false,false,false,false,-83.04293,42.34089,"{
  ""coordinates"": [
    -8.304292731600000e+01,
    4.234088912400010e+01
  ],
  ""type"": ""Point""
}","{
  ""coordinates"": [
    -83.042927316,
    42.340889124
  ],
  ""type"": ""Point""
}",-83.042927316,42.3408891240001
17848,1211128,PLYMOUTH,OUTER,2017-04-15,15,4,2017,15,7,4,9,,4,0,,1,1,1,35,6,2,2,5,0,0,0,0,true,,false,false,false,false,false,,,,,,false,false,false,,,false,false,false,false,false,-83.26083,42.3716,"{
  ""coordinates"": [
    -8.326082749100000e+01,
    4.237160361600010e+01
  ],
  ""type"": ""Point""
}","{
  ""coordinates"": [
    -83.260827491,
    42.371603616
  ],
  ""type"": ""Point""
}",-83.260827491,42.3716036160001
17849,1009148,MICHIGAN,SHARON,2017-04-15,15,4,2017,13,7,5,2,,1,0,,1,1,1,35,4,3,3,5,0,0,0,0,true,,false,false,true,false,false,,,,,,false,false,false,,,false,false,false,false,false,-83.15222,42.32903,"{
  ""coordinates"": [
    -8.315221869999991e+01,
    4.232902681700010e+01
  ],
  ""type"": ""Point""
}","{
  ""coordinates"": [
    -83.1522187,
    42.329026817
  ],
  ""type"": ""Point""
}",-83.1522186999999,42.3290268170001
17850,1007279,PLYMOUTH,BURT,2017-04-15,15,4,2017,22,7,1,9,,4,1,,1,1,4,40,7,1,1,4,0,0,0,1,false,,false,false,false,false,false,,,,,,false,false,false,,,false,false,false,false,false,-83.24863,42.3718,"{
  ""coordinates"": [
    -8.324862612200000e+01,
    4.237179998900010e+01
  ],
  ""type"": ""Point""
}","{
  ""coordinates"": [
    -83.248626122,
    42.371799989
  ],
  ""type"": ""Point""
}",-83.248626122,42.3717999890001
17851,1014038,RAMP 008H,CSX TRANSPORTATION,2017-04-15,15,4,2017,22,7,8,1,,1,0,,1,1,4,55,2,2,1,5,0,0,0,0,true,,false,false,true,false,false,,,,,,false,true,false,,,false,false,false,false,false,-83.21802,42.37939,"{
  ""coordinates"": [
    -8.321801431599989e+01,
    4.237939561900000e+01
  ],
  ""type"": ""Point""
}","{
  ""coordinates"": [
    -83.218014316,
    42.379395619
  ],
  ""type"": ""Point""
}",-83.2180143159999,42.379395619
17852,1011804,HANCOCK,2ND,2017-04-15,15,4,2017,4,7,8,9,,,3,,1,98,98,25,4,2,0,5,0,0,0,0,true,,false,false,true,false,false,,,,,,false,false,true,,,false,false,false,false,false,-83.06883,42.35393,"{
  ""coordinates"": [
    -8.306882957200000e+01,
    4.235393213400000e+01
  ],
  ""type"": ""Point""
}","{
  ""coordinates"": [
    -83.068829572,
    42.353932134
  ],
  ""type"": ""Point""
}",-83.068829572,42.353932134
17853,1007308,KENNEBEC,GUNSTON,2017-04-15,15,4,2017,23,7,98,3,,,0,,1,1,4,25,2,2,0,5,0,0,0,0,true,,false,false,true,false,false,,,,,,false,false,false,,,false,false,false,false,false,-83.00237,42.41955,"{
  ""coordinates"": [
    -8.300237033000001e+01,
    4.241954700900000e+01
  ],
  ""type"": ""Point""
}","{
  ""coordinates"": [
    -83.00237033,
    42.419547009
  ],
  ""type"": ""Point""
}",-83.00237033,42.419547009
17854,1006450,8 MILE,DRESDEN,2017-04-15,15,4,2017,15,7,4,3,,1,0,,1,1,1,40,4,2,6,5,0,0,0,0,true,,false,false,false,false,false,,,,,,false,false,false,,,false,false,false,false,false,-83.00034,42.44893,"{
  ""coordinates"": [
    -8.300034280100000e+01,
    4.244892732500010e+01
  ],
  ""type"": ""Point""
}","{
  ""coordinates"": [
    -83.000342801,
    42.448927325
  ],
  ""type"": ""Point""
}",-83.000342801,42.4489273250001
17855,1007269,VERNOR,LIVERNOIS,2017-04-15,15,4,2017,20,7,5,9,,4,0,,1,1,1,0,2,2,2,5,0,0,0,0,true,,false,false,true,false,false,,,,,,false,false,true,,,false,false,false,false,false,-83.10997,42.31562,"{
  ""coordinates"": [
    -8.310997371600000e+01,
    4.231562040300000e+01
  ],
  ""type"": ""Point""
}","{
  ""coordinates"": [
    -83.109973716,
    42.315620403
  ],
  ""type"": ""Point""
}",-83.109973716,42.315620403
17856,1006456,LASALLE,CORTLAND,2017-04-15,15,4,2017,0,7,4,9,,,0,,1,1,4,25,2,2,1,5,0,0,0,0,true,,false,false,true,false,false,,,,,,false,false,true,,,false,false,false,false,false,-83.11418,42.38766,"{
  ""coordinates"": [
    -8.311417903200000e+01,
    4.238766652900010e+01
  ],
  ""type"": ""Point""
}","{
  ""coordinates"": [
    -83.114179032,
    42.387666529
  ],
  ""type"": ""Point""
}",-83.114179032,42.3876665290001
17857,1007264,CENTRAL,JOHN KRONK,2017-04-15,15,4,2017,22,7,5,9,,4,0,,1,1,5,30,2,2,3,5,0,0,0,0,true,,false,false,false,false,false,,,,,,false,false,false,,,false,false,false,false,false,-83.13165,42.3228,"{
  ""coordinates"": [
    -8.313165659399991e+01,
    4.232279932300000e+01
  ],
  ""type"": ""Point""
}","{
  ""coordinates"": [
    -83.131656594,
    42.322799323
  ],
  ""type"": ""Point""
}",-83.1316565939999,42.322799323
17858,1009139,CENTRAL,SENATOR,2017-04-15,15,4,2017,2,7,4,9,,4,0,,1,1,4,25,4,2,2,5,0,0,0,0,true,,true,false,true,false,false,,,,,,false,false,false,,,false,false,false,false,false,-83.12338,42.31135,"{
  ""coordinates"": [
    -8.312338272100000e+01,
    4.231134893000010e+01
  ],
  ""type"": ""Point""
}","{
  ""coordinates"": [
    -83.123382721,
    42.31134893
  ],
  ""type"": ""Point""
}",-83.123382721,42.3113489300001
17859,1007259,N M 39 SERVICE DRIVE,JOY,2017-04-15,15,4,2017,17,7,8,9,,4,0,,1,1,1,35,2,2,1,5,0,0,0,0,true,,false,false,false,false,false,,,,,,false,false,false,,,false,false,false,false,false,-83.21606,42.35783,"{
  ""coordinates"": [
    -8.321606774599999e+01,
    4.235783349700010e+01
  ],
  ""type"": ""Point""
}","{
  ""coordinates"": [
    -83.216067746,
    42.357833497
  ],
  ""type"": ""Point""
}",-83.216067746,42.3578334970001
17860,1007283,VAN DYKE,KERCHEVAL,2017-04-15,15,4,2017,16,7,9,9,,4,2,,1,1,1,25,2,2,2,5,0,0,0,0,true,,false,false,false,false,false,,,,,,false,false,false,,,false,false,false,false,false,-82.99939,42.35767,"{
  ""coordinates"": [
    -8.299939002699990e+01,
    4.235766785200010e+01
  ],
  ""type"": ""Point""
}","{
  ""coordinates"": [
    -82.999390027,
    42.357667852
  ],
  ""type"": ""Point""
}",-82.9993900269999,42.3576678520001
17861,1011759,DEXTER,COLLINGWOOD,2017-04-15,15,4,2017,16,7,3,9,,4,0,,1,1,1,30,4,2,2,4,0,0,0,2,false,,false,false,true,false,false,,,,,,false,false,false,,,false,false,false,false,false,-83.1223,42.37704,"{
  ""coordinates"": [
    -8.312230071800001e+01,
    4.237704103100000e+01
  ],
  ""type"": ""Point""
}","{
  ""coordinates"": [
    -83.122300718,
    42.377041031
  ],
  ""type"": ""Point""
}",-83.122300718,42.377041031
17862,1179528,LINWOOD,FENKELL,2017-04-15,15,4,2017,19,7,1,9,,7,0,,1,1,1,30,3,1,1,4,0,0,0,1,false,,false,false,false,false,false,,,,,,false,false,false,,,false,false,false,false,false,-83.12724,42.40296,"{
  ""coordinates"": [
    -8.312724303899989e+01,
    4.240295790100000e+01
  ],
  ""type"": ""Point""
}","{
  ""coordinates"": [
    -83.127243039,
    42.402957901
  ],
  ""type"": ""Point""
}",-83.1272430389999,42.402957901
17863,1006392,TROWBRIDGE,WOODWARD,2017-04-15,15,4,2017,13,7,5,3,,,0,,1,1,1,25,2,2,1,5,0,0,0,0,true,,false,false,false,false,false,,,,,,false,false,false,,,false,false,false,false,false,-83.08614,42.38943,"{
  ""coordinates"": [
    -8.308614246600000e+01,
    4.238943241900010e+01
  ],
  ""type"": ""Point""
}","{
  ""coordinates"": [
    -83.086142466,
    42.389432419
  ],
  ""type"": ""Point""
}",-83.086142466,42.3894324190001
17864,1006364,MENDOTA,ELMIRA,2017-04-15,15,4,2017,14,7,8,9,,,0,,1,1,1,25,1,2,2,5,0,0,0,0,true,,false,false,false,false,false,,,,,,false,true,true,,,false,false,false,false,false,-83.16447,42.37111,"{
  ""coordinates"": [
    -8.316447670399999e+01,
    4.237111032800000e+01
  ],
  ""type"": ""Point""
}","{
  ""coordinates"": [
    -83.164476704,
    42.371110328
  ],
  ""type"": ""Point""
}",-83.164476704,42.371110328
17865,1006443,DUPREY,CASINO,2017-04-14,14,4,2017,9,6,8,9,,,0,,1,1,1,25,1,2,1,5,0,0,0,0,true,,false,false,false,false,false,,,,,,false,false,true,,,false,false,false,false,false,-82.93546,42.42365,"{
  ""coordinates"": [
    -8.293546301100000e+01,
    4.242365026800010e+01
  ],
  ""type"": ""Point""
}","{
  ""coordinates"": [
    -82.935463011,
    42.423650268
  ],
  ""type"": ""Point""
}",-82.935463011,42.4236502680001
17866,1031830,I-94,14TH,2017-04-14,14,4,2017,19,6,5,1,,1,0,,1,2,1,55,3,2,2,4,0,0,0,1,false,,false,false,true,false,false,,,,,,false,false,true,,,false,false,false,false,false,-83.08923,42.35322,"{
  ""coordinates"": [
    -8.308922775100000e+01,
    4.235321717900010e+01
  ],
  ""type"": ""Point""
}","{
  ""coordinates"": [
    -83.089227751,
    42.353217179
  ],
  ""type"": ""Point""
}",-83.089227751,42.3532171790001
17867,1008286,MACK,SAINT AUBIN,2017-04-14,14,4,2017,14,6,4,9,,4,0,,1,1,1,25,2,2,2,2,0,2,0,0,false,,true,true,false,false,false,,,,,,false,false,true,,,false,false,false,false,false,-83.03825,42.35522,"{
  ""coordinates"": [
    -8.303825287200000e+01,
    4.235521789500010e+01
  ],
  ""type"": ""Point""
}","{
  ""coordinates"": [
    -83.038252872,
    42.355217895
  ],
  ""type"": ""Point""
}",-83.038252872,42.3552178950001
17868,1012666,WOODWARD,JEFFERSON,2017-04-14,14,4,2017,18,6,97,3,,4,0,,1,1,1,35,3,2,4,5,0,0,0,0,true,,false,false,false,false,false,,,,,,false,false,false,,,false,false,false,false,false,-83.04488,42.32885,"{
  ""coordinates"": [
    -8.304488513299999e+01,
    4.232885264100000e+01
  ],
  ""type"": ""Point""
}","{
  ""coordinates"": [
    -83.044885133,
    42.328852641
  ],
  ""type"": ""Point""
}",-83.044885133,42.328852641
17869,1006460,MARTIN LUTHER KING JR,CASS,2017-04-14,14,4,2017,14,6,8,9,,4,0,,1,2,1,35,3,2,1,5,0,0,0,0,true,,false,false,true,false,false,,,,,,false,false,false,,,false,false,false,false,false,-83.06107,42.3455,"{
  ""coordinates"": [
    -8.306106597199989e+01,
    4.234550032000000e+01
  ],
  ""type"": ""Point""
}","{
  ""coordinates"": [
    -83.061065972,
    42.34550032
  ],
  ""type"": ""Point""
}",-83.0610659719999,42.34550032
17870,1008045,WARREN,CONNER,2017-04-14,14,4,2017,22,6,4,9,,4,0,,1,2,4,35,5,2,4,5,0,0,0,0,true,,false,false,true,false,false,,,,,,false,false,false,,,false,false,false,false,false,-82.97602,42.38929,"{
  ""coordinates"": [
    -8.297602402099990e+01,
    4.238929424100010e+01
  ],
  ""type"": ""Point""
}","{
  ""coordinates"": [
    -82.976024021,
    42.389294241
  ],
  ""type"": ""Point""
}",-82.9760240209999,42.3892942410001
17871,1014044,M-10,7 MILE,2017-04-14,14,4,2017,20,6,5,3,,1,0,,1,1,2,55,3,2,1,5,0,0,0,0,true,,false,false,true,false,false,,,,,,false,false,false,,,false,false,false,false,false,-83.18671,42.43062,"{
  ""coordinates"": [
    -8.318671348800000e+01,
    4.243062036500000e+01
  ],
  ""type"": ""Point""
}","{
  ""coordinates"": [
    -83.186713488,
    42.430620365
  ],
  ""type"": ""Point""
}",-83.186713488,42.430620365
17872,1020290,E I 94,RAMP 223A,2017-04-14,14,4,2017,17,6,1,1,,1,1,,1,1,1,55,3,1,2,4,0,0,0,2,false,,false,false,false,false,false,,,,,,false,false,true,,,false,false,false,false,false,-82.94072,42.41475,"{
  ""coordinates"": [
    -8.294072192700000e+01,
    4.241474910400010e+01
  ],
  ""type"": ""Point""
}","{
  ""coordinates"": [
    -82.940721927,
    42.414749104
  ],
  ""type"": ""Point""
}",-82.940721927,42.4147491040001
17873,1008147,BEWICK,CANFIELD,2017-04-14,14,4,2017,9,6,9,9,,,2,,1,1,1,25,1,2,1,5,0,0,0,0,true,,false,false,false,false,false,,,,,,false,false,false,,,false,false,false,false,false,-82.99078,42.37751,"{
  ""coordinates"": [
    -8.299078067100000e+01,
    4.237750651400010e+01
  ],
  ""type"": ""Point""
}","{
  ""coordinates"": [
    -82.990780671,
    42.377506514
  ],
  ""type"": ""Point""
}",-82.990780671,42.3775065140001
17874,1008016,MCNICHOLS,SCHAEFER,2017-04-14,14,4,2017,21,6,5,9,,2,0,,1,1,4,35,3,2,3,5,0,0,0,0,true,,false,false,false,false,false,,,,,,false,false,false,,,false,false,false,false,false,-83.17963,42.41659,"{
  ""coordinates"": [
    -8.317962718699989e+01,
    4.241659250700010e+01
  ],
  ""type"": ""Point""
}","{
  ""coordinates"": [
    -83.179627187,
    42.416592507
  ],
  ""type"": ""Point""
}",-83.1796271869999,42.4165925070001
17875,1008151,CONNER,E I 94,2017-04-14,14,4,2017,15,6,4,9,,4,0,,1,1,1,35,3,2,2,5,0,0,0,0,true,,true,true,false,false,false,,,,,,false,false,false,,,false,false,false,false,false,-82.98732,42.3964,"{
  ""coordinates"": [
    -8.298732185300000e+01,
    4.239640181100000e+01
  ],
  ""type"": ""Point""
}","{
  ""coordinates"": [
    -82.987321853,
    42.396401811
  ],
  ""type"": ""Point""
}",-82.987321853,42.396401811
17876,1006464,7 MILE,FILER,2017-04-14,14,4,2017,5,6,1,9,,4,0,,1,1,1,30,2,2,2,3,0,0,1,0,false,,false,false,false,false,false,,,,,,true,false,false,,,false,false,false,false,false,-83.03761,42.43371,"{
  ""coordinates"": [
    -8.303760815000000e+01,
    4.243370791200000e+01
  ],
  ""type"": ""Point""
}","{
  ""coordinates"": [
    -83.03760815,
    42.433707912
  ],
  ""type"": ""Point""
}",-83.03760815,42.433707912
17877,1012662,M 10,MARGARETA,2017-04-14,14,4,2017,20,6,8,9,,4,0,,1,1,4,55,3,2,3,4,0,0,0,3,false,,false,false,true,false,false,,,,,,false,false,false,,,false,false,false,false,false,-83.18457,42.42838,"{
  ""coordinates"": [
    -8.318457246199991e+01,
    4.242837914600010e+01
  ],
  ""type"": ""Point""
}","{
  ""coordinates"": [
    -83.184572462,
    42.428379146
  ],
  ""type"": ""Point""
}",-83.1845724619999,42.4283791460001
17878,1020289,S/B I-75,I-94,2017-04-14,14,4,2017,9,6,5,1,,1,0,,1,1,1,55,3,3,7,5,0,0,0,0,true,,false,false,false,false,false,,,,,,false,false,true,,,false,false,false,false,false,-83.05838,42.3689,"{
  ""coordinates"": [
    -8.305838042999990e+01,
    4.236889965100000e+01
  ],
  ""type"": ""Point""
}","{
  ""coordinates"": [
    -83.05838043,
    42.368899651
  ],
  ""type"": ""Point""
}",-83.0583804299999,42.368899651
17879,1009909,M-39,LYNDON,2017-04-14,14,4,2017,22,6,8,3,,1,0,,1,1,4,55,3,2,1,5,0,0,0,0,true,,false,false,true,false,false,,,,,,false,false,false,,,false,false,false,false,false,-83.21825,42.39752,"{
  ""coordinates"": [
    -8.321825206900000e+01,
    4.239752184900000e+01
  ],
  ""type"": ""Point""
}","{
  ""coordinates"": [
    -83.218252069,
    42.397521849
  ],
  ""type"": ""Point""
}",-83.218252069,42.397521849
17880,1006387,W I 94,S I 75,2017-04-14,14,4,2017,19,6,98,1,,1,0,,1,1,2,0,4,2,1,5,0,0,0,0,true,,false,false,false,false,false,,,,,,false,false,false,,,false,false,false,false,false,-83.05843,42.36845,"{
  ""coordinates"": [
    -8.305843216200000e+01,
    4.236845075600010e+01
  ],
  ""type"": ""Point""
}","{
  ""coordinates"": [
    -83.058432162,
    42.368450756
  ],
  ""type"": ""Point""
}",-83.058432162,42.3684507560001
17881,1008027,I 94,24TH,2017-04-14,14,4,2017,16,6,1,1,,1,1,,1,1,1,55,3,1,5,4,0,0,0,4,false,,false,false,false,false,false,,,,,,false,false,true,,,false,false,false,false,false,-83.10282,42.34892,"{
  ""coordinates"": [
    -8.310282117900000e+01,
    4.234892269300010e+01
  ],
  ""type"": ""Point""
}","{
  ""coordinates"": [
    -83.102821179,
    42.348922693
  ],
  ""type"": ""Point""
}",-83.102821179,42.3489226930001
17882,1029379,WARREN,GRANDMONT,2017-04-14,14,4,2017,18,6,5,9,,2,0,,1,1,1,35,4,3,2,5,0,0,0,0,true,,false,false,false,false,false,,,,,,false,false,false,,,false,false,false,false,false,-83.20831,42.3435,"{
  ""coordinates"": [
    -8.320831560300000e+01,
    4.234350350300010e+01
  ],
  ""type"": ""Point""
}","{
  ""coordinates"": [
    -83.208315603,
    42.343503503
  ],
  ""type"": ""Point""
}",-83.208315603,42.3435035030001
17883,1006361,E I 96,GRAND RIVER,2017-04-14,14,4,2017,7,6,97,1,,1,0,,1,1,1,35,2,2,2,5,0,0,0,0,true,,false,false,false,false,false,,,,,,false,false,false,,,false,false,false,false,false,-83.1452,42.37107,"{
  ""coordinates"": [
    -8.314519949399990e+01,
    4.237107281900010e+01
  ],
  ""type"": ""Point""
}","{
  ""coordinates"": [
    -83.145199494,
    42.371072819
  ],
  ""type"": ""Point""
}",-83.1451994939999,42.3710728190001
17884,1006415,MINOCK,DAVISON,2017-04-14,14,4,2017,11,6,8,9,,,0,,1,2,1,25,1,2,1,5,0,0,0,0,true,,false,false,false,false,false,,,,,,false,false,false,,,false,false,false,false,false,-83.23315,42.38454,"{
  ""coordinates"": [
    -8.323315344600000e+01,
    4.238454434000000e+01
  ],
  ""type"": ""Point""
}","{
  ""coordinates"": [
    -83.233153446,
    42.38454434
  ],
  ""type"": ""Point""
}",-83.233153446,42.38454434
17885,1006435,GREENFIELD,LYNDON,2017-04-14,14,4,2017,19,6,3,9,,2,0,,1,1,1,35,6,2,2,5,0,0,0,0,true,,false,false,false,false,false,,,,,,false,false,true,,,false,false,false,false,false,-83.19842,42.39428,"{
  ""coordinates"": [
    -8.319841733700000e+01,
    4.239427924700000e+01
  ],
  ""type"": ""Point""
}","{
  ""coordinates"": [
    -83.198417337,
    42.394279247
  ],
  ""type"": ""Point""
}",-83.198417337,42.394279247
17886,1006398,SCHAEFER,BEATRICE,2017-04-14,14,4,2017,16,6,5,9,,2,0,,1,1,1,35,4,2,3,5,0,0,0,0,true,,false,false,false,false,false,,,,,,false,true,false,,,false,false,false,false,false,-83.14909,42.27494,"{
  ""coordinates"": [
    -8.314909729100000e+01,
    4.227494320400010e+01
  ],
  ""type"": ""Point""
}","{
  ""coordinates"": [
    -83.149097291,
    42.274943204
  ],
  ""type"": ""Point""
}",-83.149097291,42.2749432040001
17887,1006480,STOEPEL,MARGARETA,2017-04-14,14,4,2017,17,6,4,9,,,0,,1,1,1,25,4,2,2,5,0,0,0,0,true,,false,false,false,false,false,,,,,,false,false,true,,,false,false,false,false,false,-83.14241,42.42796,"{
  ""coordinates"": [
    -8.314241098399999e+01,
    4.242796387800010e+01
  ],
  ""type"": ""Point""
}","{
  ""coordinates"": [
    -83.142410984,
    42.427963878
  ],
  ""type"": ""Point""
}",-83.142410984,42.4279638780001
17888,1006386,JOHN R,ALGER,2017-04-14,14,4,2017,17,6,98,9,,4,0,,1,1,1,0,3,2,4,5,0,0,0,0,true,,false,false,false,false,false,,,,,,false,false,true,,,false,false,false,false,false,-83.07759,42.38073,"{
  ""coordinates"": [
    -8.307759103799999e+01,
    4.238073406900000e+01
  ],
  ""type"": ""Point""
}","{
  ""coordinates"": [
    -83.077591038,
    42.380734069
  ],
  ""type"": ""Point""
}",-83.077591038,42.380734069
17889,1008018,M-39,8 MILE,2017-04-14,14,4,2017,15,6,5,3,,1,0,,1,1,1,55,1,2,2,5,0,0,0,0,true,,false,false,false,false,false,,,,,,false,false,true,,,false,false,false,false,false,-83.21967,42.44273,"{
  ""coordinates"": [
    -8.321967341000000e+01,
    4.244272962200010e+01
  ],
  ""type"": ""Point""
}","{
  ""coordinates"": [
    -83.21967341,
    42.442729622
  ],
  ""type"": ""Point""
}",-83.21967341,42.4427296220001
17890,1008148,OUTER,W I 94,2017-04-14,14,4,2017,11,6,4,9,,2,0,,1,1,1,35,3,2,2,5,0,0,0,0,true,,true,true,false,false,false,,,,,,false,false,false,,,false,false,false,false,false,-82.96033,42.40506,"{
  ""coordinates"": [
    -8.296032436000000e+01,
    4.240505457000010e+01
  ],
  ""type"": ""Point""
}","{
  ""coordinates"": [
    -82.96032436,
    42.40505457
  ],
  ""type"": ""Point""
}",-82.96032436,42.4050545700001
17891,1007267,S I 75,GRAND,2017-04-14,14,4,2017,7,6,1,1,,1,1,,1,1,1,35,2,1,1,3,0,0,1,0,false,,false,false,false,false,false,,,,,,false,false,false,,,false,false,false,false,false,-83.06031,42.3745,"{
  ""coordinates"": [
    -8.306031281100000e+01,
    4.237449784500010e+01
  ],
  ""type"": ""Point""
}","{
  ""coordinates"": [
    -83.060312811,
    42.374497845
  ],
  ""type"": ""Point""
}",-83.060312811,42.3744978450001
17892,1006379,WARREN,GRAND RIVER,2017-04-14,14,4,2017,11,6,8,3,,4,0,,1,1,1,30,4,2,5,3,0,0,1,0,false,,false,false,false,false,false,,,,,,false,false,false,,,false,false,false,false,false,-83.08935,42.34872,"{
  ""coordinates"": [
    -8.308934774600000e+01,
    4.234871977400010e+01
  ],
  ""type"": ""Point""
}","{
  ""coordinates"": [
    -83.089347746,
    42.348719774
  ],
  ""type"": ""Point""
}",-83.089347746,42.3487197740001
17893,1016715,LIVERNOIS,NORFOLK,2017-04-14,14,4,2017,14,6,5,9,,4,0,,1,1,1,30,4,3,3,5,0,0,0,0,true,,false,false,false,false,false,,,,,,false,true,false,,,false,false,false,false,false,-83.14182,42.44367,"{
  ""coordinates"": [
    -8.314181240499990e+01,
    4.244367255400000e+01
  ],
  ""type"": ""Point""
}","{
  ""coordinates"": [
    -83.141812405,
    42.443672554
  ],
  ""type"": ""Point""
}",-83.1418124049999,42.443672554
17894,1006445,GRATIOT,STATE FAIR,2017-04-14,14,4,2017,13,6,8,3,,1,0,,1,1,1,35,7,2,2,5,0,0,0,0,true,,false,false,false,false,false,,,,,,false,true,false,,,false,false,false,false,false,-82.97297,42.44226,"{
  ""coordinates"": [
    -8.297296584999999e+01,
    4.244225930800010e+01
  ],
  ""type"": ""Point""
}","{
  ""coordinates"": [
    -82.97296585,
    42.442259308
  ],
  ""type"": ""Point""
}",-82.97296585,42.4422593080001
17895,1006404,VERNOR,CAVALRY,2017-04-14,14,4,2017,18,6,5,9,,4,0,,1,1,1,30,2,2,2,5,0,0,0,0,true,,false,false,false,false,false,,,,,,false,false,false,,,false,false,false,false,false,-83.1059,42.31616,"{
  ""coordinates"": [
    -8.310589909700001e+01,
    4.231616024400010e+01
  ],
  ""type"": ""Point""
}","{
  ""coordinates"": [
    -83.105899097,
    42.316160244
  ],
  ""type"": ""Point""
}",-83.105899097,42.3161602440001
17896,1025800,BEAVERLAND,SAWYER,2017-04-14,14,4,2017,13,6,8,9,,,0,,1,1,1,25,2,2,3,4,0,0,0,1,false,,false,false,false,false,false,,,,,,false,false,true,,,false,false,false,false,false,-83.26273,42.34702,"{
  ""coordinates"": [
    -8.326273714500000e+01,
    4.234702296200000e+01
  ],
  ""type"": ""Point""
}","{
  ""coordinates"": [
    -83.262737145,
    42.347022962
  ],
  ""type"": ""Point""
}",-83.262737145,42.347022962
17897,1007261,GRAND RIVER,BIRWOOD,2017-04-14,14,4,2017,21,6,5,3,,1,0,,1,1,4,35,5,3,3,4,0,0,0,3,false,,false,false,true,false,false,,,,,,false,false,true,,,false,false,false,false,false,-83.16328,42.37853,"{
  ""coordinates"": [
    -8.316327381300000e+01,
    4.237853226600000e+01
  ],
  ""type"": ""Point""
}","{
  ""coordinates"": [
    -83.163273813,
    42.378532266
  ],
  ""type"": ""Point""
}",-83.163273813,42.378532266
17898,1006474,LAUDER,MARGARTA,2017-04-14,14,4,2017,0,6,8,9,,,0,,1,1,4,25,2,2,0,5,0,0,0,0,true,,false,false,false,false,false,,,,,,false,false,false,,,false,false,false,false,false,-83.19244,42.42723,"{
  ""coordinates"": [
    -8.319243666800000e+01,
    4.242723418500000e+01
  ],
  ""type"": ""Point""
}","{
  ""coordinates"": [
    -83.192436668,
    42.427234185
  ],
  ""type"": ""Point""
}",-83.192436668,42.427234185
17899,1011724,DIX,WOODMERE,2017-04-14,14,4,2017,15,6,97,9,,4,0,,1,1,1,35,2,2,1,5,0,0,0,0,true,,false,false,true,false,false,,,,,,false,false,false,,,false,false,false,false,false,-83.13242,42.31692,"{
  ""coordinates"": [
    -8.313242509600001e+01,
    4.231691829900010e+01
  ],
  ""type"": ""Point""
}","{
  ""coordinates"": [
    -83.132425096,
    42.316918299
  ],
  ""type"": ""Point""
}",-83.132425096,42.3169182990001