ObjectId,Crash ID,Primary Road,Intersecting Road,Crash Date,Day,Month,Year,Hour,Weekday,Crash Type Code,Highway Classification Code,Community Code,Jurisdiction Code,Lane Departure Type Code,Surface Type,Road Condition,Weather Condition,Lighting Condition,Speed Limit,Lanes,Units,Occupants,Most Severe Injury,Fatal Injuries,Suspected Serious Injuries,Suspected Minor Injuries,Possible Injuries,Property Damage Only,Secondary Crash,Traffic Control,Red Light Run,Hit and Run,Alcohol,Drugs,Unbelted Person,Work Zone,Speeding Driver,Distracted Driver,Driveway,Pedestrian,Elderly Driver,Young Driver,Commercial Vehicle,Emergency Vehicles,Train,School Bus,Motorcycle,Bicycle,Deer,Longitude,Latitude,geom,geog,x,y
17900,1009953,GLASTONBURY,MARGARITA,2017-04-14,14,4,2017,14,6,5,9,,,0,,1,1,1,25,2,2,0,5,0,0,0,0,true,,false,false,true,false,false,,,,,,false,false,false,,,false,false,false,false,false,-83.22247,42.42681,"{
  ""coordinates"": [
    -8.322246389500000e+01,
    4.242680787300000e+01
  ],
  ""type"": ""Point""
}","{
  ""coordinates"": [
    -83.222463895,
    42.426807873
  ],
  ""type"": ""Point""
}",-83.222463895,42.426807873
17901,1009089,OUTER,N OUTER/N I 75,2017-04-14,14,4,2017,19,6,1,1,,2,1,,1,1,3,35,3,1,1,5,0,0,0,0,true,,false,false,false,false,false,,,,,,false,false,false,,,false,false,false,false,false,-83.16933,42.26468,"{
  ""coordinates"": [
    -8.316932383900000e+01,
    4.226467403600000e+01
  ],
  ""type"": ""Point""
}","{
  ""coordinates"": [
    -83.169323839,
    42.264674036
  ],
  ""type"": ""Point""
}",-83.169323839,42.264674036
17902,1015291,7 MILE,DALE,2017-04-14,14,4,2017,20,6,4,2,,2,0,,1,1,4,35,5,2,1,5,0,0,0,0,true,,false,false,true,false,false,,,,,,false,false,false,,,false,false,false,false,false,-83.27711,42.42896,"{
  ""coordinates"": [
    -8.327710986200000e+01,
    4.242895639500010e+01
  ],
  ""type"": ""Point""
}","{
  ""coordinates"": [
    -83.277109862,
    42.428956395
  ],
  ""type"": ""Point""
}",-83.277109862,42.4289563950001
17903,1006413,GREENFIELD,GROVE,2017-04-14,14,4,2017,14,6,4,9,,2,0,,1,1,1,35,4,2,4,5,0,0,0,0,true,,false,false,false,false,false,,,,,,false,false,true,,,false,false,false,false,false,-83.19923,42.41417,"{
  ""coordinates"": [
    -8.319923547699990e+01,
    4.241417169300010e+01
  ],
  ""type"": ""Point""
}","{
  ""coordinates"": [
    -83.199235477,
    42.414171693
  ],
  ""type"": ""Point""
}",-83.1992354769999,42.4141716930001
17904,1172948,DEXTER,VIRGINIA,2017-04-14,14,4,2017,20,6,1,9,,4,0,,1,1,4,30,3,1,1,1,1,0,0,0,false,,false,false,false,false,false,,,,,,false,false,false,,,false,false,false,false,false,-83.11281,42.36305,"{
  ""coordinates"": [
    -8.311280978600000e+01,
    4.236305327800010e+01
  ],
  ""type"": ""Point""
}","{
  ""coordinates"": [
    -83.112809786,
    42.363053278
  ],
  ""type"": ""Point""
}",-83.112809786,42.3630532780001
17905,1009128,RAMP 213M,W I 96,2017-04-14,14,4,2017,22,6,1,1,,1,1,,1,1,4,30,1,1,1,2,0,1,0,0,false,,false,false,false,false,false,,,,,,false,false,false,,,false,false,false,false,false,-83.09951,42.35146,"{
  ""coordinates"": [
    -8.309950658799990e+01,
    4.235145606100010e+01
  ],
  ""type"": ""Point""
}","{
  ""coordinates"": [
    -83.099506588,
    42.351456061
  ],
  ""type"": ""Point""
}",-83.0995065879999,42.3514560610001
17906,1006363,ELMIRA,SUSSEX,2017-04-14,14,4,2017,7,6,4,9,,,0,,1,1,1,25,4,2,2,5,0,0,0,0,true,,false,false,false,false,false,,,,,,false,false,true,,,false,false,false,false,false,-83.19418,42.37029,"{
  ""coordinates"": [
    -8.319417878900001e+01,
    4.237028591900000e+01
  ],
  ""type"": ""Point""
}","{
  ""coordinates"": [
    -83.194178789,
    42.370285919
  ],
  ""type"": ""Point""
}",-83.194178789,42.370285919
17907,1006429,MCNICHOLS,WARWICK,2017-04-14,14,4,2017,9,6,8,9,,2,0,,1,1,1,35,4,2,1,5,0,0,0,0,true,,false,false,false,false,false,,,,,,false,false,false,,,false,false,false,false,false,-83.22894,42.41536,"{
  ""coordinates"": [
    -8.322893829700000e+01,
    4.241535860100000e+01
  ],
  ""type"": ""Point""
}","{
  ""coordinates"": [
    -83.228938297,
    42.415358601
  ],
  ""type"": ""Point""
}",-83.228938297,42.415358601
17908,1008026,N I 75,RAMP 041F,2017-04-14,14,4,2017,0,6,5,1,,1,0,,1,1,4,70,5,2,2,5,0,0,0,0,true,,false,false,false,false,false,,,,,,false,false,true,,,false,false,false,false,false,-83.04487,42.34672,"{
  ""coordinates"": [
    -8.304487086800000e+01,
    4.234672260200010e+01
  ],
  ""type"": ""Point""
}","{
  ""coordinates"": [
    -83.044870868,
    42.346722602
  ],
  ""type"": ""Point""
}",-83.044870868,42.3467226020001
17909,1006431,7 MILE,MANSFIELD,2017-04-14,14,4,2017,19,6,9,9,,2,0,,1,1,1,35,4,3,2,4,0,0,0,1,false,,false,false,false,false,false,,,,,,false,false,true,,,false,false,false,false,false,-83.20631,42.43033,"{
  ""coordinates"": [
    -8.320630823300000e+01,
    4.243033236800010e+01
  ],
  ""type"": ""Point""
}","{
  ""coordinates"": [
    -83.206308233,
    42.430332368
  ],
  ""type"": ""Point""
}",-83.206308233,42.4303323680001
17910,1006400,LARNED,RANDOLPH,2017-04-14,14,4,2017,18,6,8,3,,4,0,,1,1,1,25,4,2,3,5,0,0,0,0,true,,false,false,false,false,false,,,,,,false,false,true,,,false,false,false,false,false,-83.04259,42.33057,"{
  ""coordinates"": [
    -8.304258416899999e+01,
    4.233056727400000e+01
  ],
  ""type"": ""Point""
}","{
  ""coordinates"": [
    -83.042584169,
    42.330567274
  ],
  ""type"": ""Point""
}",-83.042584169,42.330567274
17911,1006440,GRATIOT,FAIRMOUNT,2017-04-14,14,4,2017,11,6,4,3,,1,0,,1,1,1,35,7,2,5,4,0,0,0,2,false,,false,false,false,false,false,,,,,,false,false,true,,,false,false,false,false,false,-82.97162,42.44429,"{
  ""coordinates"": [
    -8.297162192000000e+01,
    4.244428895500000e+01
  ],
  ""type"": ""Point""
}","{
  ""coordinates"": [
    -82.97162192,
    42.444288955
  ],
  ""type"": ""Point""
}",-82.97162192,42.444288955
17912,1006419,N I 375,LARNED,2017-04-14,14,4,2017,12,6,5,1,,1,0,,2,2,1,55,4,2,1,5,0,0,0,0,true,,false,false,true,false,false,,,,,,false,false,false,,,false,false,false,false,false,-83.03664,42.33406,"{
  ""coordinates"": [
    -8.303664653500000e+01,
    4.233406582300010e+01
  ],
  ""type"": ""Point""
}","{
  ""coordinates"": [
    -83.036646535,
    42.334065823
  ],
  ""type"": ""Point""
}",-83.036646535,42.3340658230001
17913,1006414,GRAND RIVER,ROBSON,2017-04-14,14,4,2017,15,6,5,3,,1,0,,1,1,1,35,5,2,1,4,0,0,0,1,false,,false,false,true,false,false,,,,,,false,false,false,,,false,false,false,false,false,-83.19249,42.3903,"{
  ""coordinates"": [
    -8.319249307699990e+01,
    4.239029766000000e+01
  ],
  ""type"": ""Point""
}","{
  ""coordinates"": [
    -83.192493077,
    42.39029766
  ],
  ""type"": ""Point""
}",-83.1924930769999,42.39029766
17914,1006412,JOY,PLAINVIEW,2017-04-14,14,4,2017,8,6,8,9,,2,0,,1,1,1,35,2,2,2,5,0,0,0,0,true,,false,false,false,false,false,,,,,,false,false,false,,,false,false,false,false,false,-83.23439,42.3576,"{
  ""coordinates"": [
    -8.323439117500000e+01,
    4.235760165800010e+01
  ],
  ""type"": ""Point""
}","{
  ""coordinates"": [
    -83.234391175,
    42.357601658
  ],
  ""type"": ""Point""
}",-83.234391175,42.3576016580001
17915,1006447,MORANG,MCKINNEY,2017-04-14,14,4,2017,22,6,1,9,,4,1,,1,1,4,30,4,2,3,4,0,0,0,1,false,,false,false,true,false,false,,,,,,true,false,false,,,false,false,false,false,false,-82.94147,42.42265,"{
  ""coordinates"": [
    -8.294146746500000e+01,
    4.242264398200010e+01
  ],
  ""type"": ""Point""
}","{
  ""coordinates"": [
    -82.941467465,
    42.422643982
  ],
  ""type"": ""Point""
}",-82.941467465,42.4226439820001
17916,1040592,N M 39,RAMP 008B,2017-04-14,14,4,2017,16,6,6,3,,1,0,,1,1,1,55,3,2,2,4,0,0,0,1,false,,false,false,true,false,false,,,,,,false,false,false,,,false,false,false,false,false,-83.21671,42.37519,"{
  ""coordinates"": [
    -8.321670346000001e+01,
    4.237518730300010e+01
  ],
  ""type"": ""Point""
}","{
  ""coordinates"": [
    -83.21670346,
    42.375187303
  ],
  ""type"": ""Point""
}",-83.21670346,42.3751873030001
17917,1024239,GREENFIELD,TROJAN,2017-04-14,14,4,2017,22,6,5,9,,2,0,,1,1,4,35,4,2,1,5,0,0,0,0,true,,false,false,true,false,false,,,,,,false,false,false,,,false,false,false,false,false,-83.20033,42.44132,"{
  ""coordinates"": [
    -8.320032454200000e+01,
    4.244132064900000e+01
  ],
  ""type"": ""Point""
}","{
  ""coordinates"": [
    -83.200324542,
    42.441320649
  ],
  ""type"": ""Point""
}",-83.200324542,42.441320649
17918,1006451,HAYES,EASTBURN,2017-04-14,14,4,2017,22,6,4,9,,4,0,,1,1,4,35,2,2,4,4,0,0,0,1,false,,false,false,false,false,false,,,,,,false,false,false,,,false,false,false,false,false,-82.96588,42.4454,"{
  ""coordinates"": [
    -8.296587980200000e+01,
    4.244539674100000e+01
  ],
  ""type"": ""Point""
}","{
  ""coordinates"": [
    -82.965879802,
    42.445396741
  ],
  ""type"": ""Point""
}",-82.965879802,42.445396741
17919,1006362,WYOMING,CHICAGO,2017-04-14,14,4,2017,16,6,5,9,,4,0,,1,1,1,35,2,2,2,5,0,0,0,0,true,,false,false,false,false,false,,,,,,false,false,true,,,false,false,false,false,false,-83.1582,42.3662,"{
  ""coordinates"": [
    -8.315820479999999e+01,
    4.236620054300000e+01
  ],
  ""type"": ""Point""
}","{
  ""coordinates"": [
    -83.1582048,
    42.366200543
  ],
  ""type"": ""Point""
}",-83.1582048,42.366200543
17920,1006468,RYAN,7 MILE,2017-04-14,14,4,2017,15,6,98,9,,4,0,,1,1,1,35,2,2,1,5,0,0,0,0,true,,false,false,true,false,false,,,,,,false,false,false,,,false,false,false,false,false,-83.06311,42.43306,"{
  ""coordinates"": [
    -8.306310813999990e+01,
    4.243306367200010e+01
  ],
  ""type"": ""Point""
}","{
  ""coordinates"": [
    -83.06310814,
    42.433063672
  ],
  ""type"": ""Point""
}",-83.0631081399999,42.4330636720001
17921,1006388,FORT,ROSA PARKS,2017-04-14,14,4,2017,3,6,8,3,,1,0,,98,1,98,30,4,2,0,5,0,0,0,0,true,,false,false,true,false,false,,,,,,false,false,false,,,false,false,false,false,false,-83.06683,42.32237,"{
  ""coordinates"": [
    -8.306682347600000e+01,
    4.232236789600010e+01
  ],
  ""type"": ""Point""
}","{
  ""coordinates"": [
    -83.066823476,
    42.322367896
  ],
  ""type"": ""Point""
}",-83.066823476,42.3223678960001
17922,1006441,COURVILLE,DUCHESS,2017-04-14,14,4,2017,10,6,4,9,,,0,,1,1,1,25,1,2,1,5,0,0,0,0,true,,false,false,true,false,false,,,,,,false,false,false,,,false,false,false,false,false,-82.96178,42.41856,"{
  ""coordinates"": [
    -8.296177746200000e+01,
    4.241856177800000e+01
  ],
  ""type"": ""Point""
}","{
  ""coordinates"": [
    -82.961777462,
    42.418561778
  ],
  ""type"": ""Point""
}",-82.961777462,42.418561778
17923,1006406,WARREN,DICKERSON,2017-04-14,14,4,2017,16,6,5,9,,4,0,,1,1,1,35,5,2,3,4,0,0,0,2,false,,false,false,true,false,false,,,,,,false,false,false,,,false,false,false,false,false,-82.96681,42.39259,"{
  ""coordinates"": [
    -8.296681126599999e+01,
    4.239258844800000e+01
  ],
  ""type"": ""Point""
}","{
  ""coordinates"": [
    -82.966811266,
    42.392588448
  ],
  ""type"": ""Point""
}",-82.966811266,42.392588448
17924,1006446,EASTBURN,REX,2017-04-14,14,4,2017,17,6,4,9,,,0,,1,1,1,25,2,2,3,5,0,0,0,0,true,,false,false,true,false,false,,,,,,false,true,false,,,false,false,false,false,false,-82.95818,42.4456,"{
  ""coordinates"": [
    -8.295817420600000e+01,
    4.244559672400000e+01
  ],
  ""type"": ""Point""
}","{
  ""coordinates"": [
    -82.958174206,
    42.445596724
  ],
  ""type"": ""Point""
}",-82.958174206,42.445596724
17925,1006401,LIVERNOIS,MCGRAW,2017-04-14,14,4,2017,18,6,5,9,,4,0,,1,1,1,35,5,2,1,5,0,0,0,0,true,,false,false,true,false,false,,,,,,false,false,false,,,false,false,false,false,false,-83.12753,42.34101,"{
  ""coordinates"": [
    -8.312752466500000e+01,
    4.234101429500000e+01
  ],
  ""type"": ""Point""
}","{
  ""coordinates"": [
    -83.127524665,
    42.341014295
  ],
  ""type"": ""Point""
}",-83.127524665,42.341014295
17926,1114299,GRATIOT,GRANDY,2017-04-14,14,4,2017,14,6,97,3,,1,0,,1,1,1,35,3,2,0,5,0,0,0,0,true,,false,false,true,false,false,,,,,,false,false,false,,,false,false,false,false,false,-83.03081,42.35439,"{
  ""coordinates"": [
    -8.303081035299989e+01,
    4.235438350900010e+01
  ],
  ""type"": ""Point""
}","{
  ""coordinates"": [
    -83.030810353,
    42.354383509
  ],
  ""type"": ""Point""
}",-83.0308103529999,42.3543835090001
17927,1006391,E I 94,LIVERNOIS,2017-04-14,14,4,2017,9,6,8,1,,1,0,,1,1,1,55,3,2,2,5,0,0,0,0,true,,false,false,false,false,false,,,,,,false,false,true,,,false,false,false,false,false,-83.12504,42.33726,"{
  ""coordinates"": [
    -8.312504078500000e+01,
    4.233725592700010e+01
  ],
  ""type"": ""Point""
}","{
  ""coordinates"": [
    -83.125040785,
    42.337255927
  ],
  ""type"": ""Point""
}",-83.125040785,42.3372559270001
17928,1008149,CANFIELD,BEWICK,2017-04-13,13,4,2017,19,5,4,9,,4,0,,1,2,1,25,2,2,5,4,0,0,0,1,false,,false,false,false,false,false,,,,,,false,true,false,,,false,false,false,false,false,-82.99177,42.37898,"{
  ""coordinates"": [
    -8.299176986000001e+01,
    4.237898135100000e+01
  ],
  ""type"": ""Point""
}","{
  ""coordinates"": [
    -82.99176986,
    42.378981351
  ],
  ""type"": ""Point""
}",-82.99176986,42.378981351
17929,1013353,I-94,LINWOOD,2017-04-13,13,4,2017,9,5,8,1,,1,0,,1,2,1,55,3,2,2,5,0,0,0,0,true,,false,false,true,false,false,,,,,,false,false,false,,,false,false,false,false,false,-83.09441,42.35159,"{
  ""coordinates"": [
    -8.309441280899991e+01,
    4.235159310300000e+01
  ],
  ""type"": ""Point""
}","{
  ""coordinates"": [
    -83.094412809,
    42.351593103
  ],
  ""type"": ""Point""
}",-83.0944128089999,42.351593103
17930,1009116,7 MILE,OUTER,2017-04-13,13,4,2017,0,5,4,9,,2,0,,1,1,3,35,4,2,2,5,0,0,0,0,true,,false,false,false,false,false,,,,,,false,false,false,,,false,false,false,false,false,-82.91525,42.41872,"{
  ""coordinates"": [
    -8.291524269500000e+01,
    4.241872416400000e+01
  ],
  ""type"": ""Point""
}","{
  ""coordinates"": [
    -82.915242695,
    42.418724164
  ],
  ""type"": ""Point""
}",-82.915242695,42.418724164
17931,1005433,JEFFERSON,GRAND,2017-04-13,13,4,2017,16,5,4,3,,4,0,,1,2,1,35,6,2,2,5,0,0,0,0,true,,false,false,false,false,false,,,,,,false,false,false,,,false,false,false,false,false,-83.00152,42.34708,"{
  ""coordinates"": [
    -8.300151680200000e+01,
    4.234707721000010e+01
  ],
  ""type"": ""Point""
}","{
  ""coordinates"": [
    -83.001516802,
    42.34707721
  ],
  ""type"": ""Point""
}",-83.001516802,42.3470772100001
17932,1005414,WARREN,ST ANTOINE,2017-04-13,13,4,2017,12,5,5,9,,4,0,,1,2,1,30,3,2,1,5,0,0,0,0,true,,false,false,true,false,false,,,,,,false,false,false,,,false,false,false,false,false,-83.05711,42.35999,"{
  ""coordinates"": [
    -8.305711431899989e+01,
    4.235998578200010e+01
  ],
  ""type"": ""Point""
}","{
  ""coordinates"": [
    -83.057114319,
    42.359985782
  ],
  ""type"": ""Point""
}",-83.0571143189999,42.3599857820001
17933,1005445,EASTBURN,GRATIOT,2017-04-13,13,4,2017,16,5,1,3,,,1,,1,2,1,30,2,2,1,2,0,1,0,0,false,,false,false,true,false,false,,,,,,true,false,false,,,false,false,false,false,false,-82.97095,42.44526,"{
  ""coordinates"": [
    -8.297094347099990e+01,
    4.244526037900000e+01
  ],
  ""type"": ""Point""
}","{
  ""coordinates"": [
    -82.970943471,
    42.445260379
  ],
  ""type"": ""Point""
}",-82.9709434709999,42.445260379
17934,1006483,PURITAN,WOODINGHAM,2017-04-13,13,4,2017,21,5,4,9,,4,0,,1,1,5,35,2,2,3,4,0,0,0,2,false,,false,false,false,false,false,,,,,,false,false,false,,,false,false,false,false,false,-83.14978,42.40982,"{
  ""coordinates"": [
    -8.314977798900000e+01,
    4.240981702600000e+01
  ],
  ""type"": ""Point""
}","{
  ""coordinates"": [
    -83.149777989,
    42.409817026
  ],
  ""type"": ""Point""
}",-83.149777989,42.409817026
17935,1011703,I-94,I-96,2017-04-13,13,4,2017,18,5,5,1,,1,0,,1,2,1,55,3,3,4,4,0,0,0,2,false,,false,false,false,false,false,,,,,,false,true,false,,,false,false,false,false,false,-83.09737,42.35079,"{
  ""coordinates"": [
    -8.309736532900000e+01,
    4.235078830200010e+01
  ],
  ""type"": ""Point""
}","{
  ""coordinates"": [
    -83.097365329,
    42.350788302
  ],
  ""type"": ""Point""
}",-83.097365329,42.3507883020001
17936,1005431,EDINBOROUGH,MCNICHOLS,2017-04-13,13,4,2017,17,5,1,9,,,1,,1,1,1,25,2,1,1,5,0,0,0,0,true,,false,false,false,false,false,,,,,,false,false,false,,,false,false,false,false,false,-83.23441,42.41505,"{
  ""coordinates"": [
    -8.323441239200000e+01,
    4.241504938000000e+01
  ],
  ""type"": ""Point""
}","{
  ""coordinates"": [
    -83.234412392,
    42.41504938
  ],
  ""type"": ""Point""
}",-83.234412392,42.41504938
17937,1007331,WILLIS,SECOND,2017-04-13,13,4,2017,17,5,2,9,,,2,,1,2,1,25,2,2,2,5,0,0,0,0,true,,false,false,false,false,false,,,,,,false,false,false,,,false,false,false,false,false,-83.06543,42.34991,"{
  ""coordinates"": [
    -8.306543143700000e+01,
    4.234991094100010e+01
  ],
  ""type"": ""Point""
}","{
  ""coordinates"": [
    -83.065431437,
    42.349910941
  ],
  ""type"": ""Point""
}",-83.065431437,42.3499109410001
17938,1008011,S M 39 SERVICE DRIVE,CATHEDRAL,2017-04-13,13,4,2017,15,5,5,9,,4,0,,1,1,1,55,3,2,2,5,0,0,0,0,true,,false,false,false,false,false,,,,,,false,false,false,,,false,false,false,false,false,-83.21684,42.36149,"{
  ""coordinates"": [
    -8.321684636899990e+01,
    4.236148749800000e+01
  ],
  ""type"": ""Point""
}","{
  ""coordinates"": [
    -83.216846369,
    42.361487498
  ],
  ""type"": ""Point""
}",-83.2168463689999,42.361487498
17939,1005439,7 MILE,FIELDING,2017-04-13,13,4,2017,16,5,4,9,,2,0,,1,1,1,35,4,2,2,4,0,0,0,1,false,,false,false,false,false,false,,,,,,false,false,true,,,false,false,false,false,false,-83.24437,42.42945,"{
  ""coordinates"": [
    -8.324437283100001e+01,
    4.242944609800000e+01
  ],
  ""type"": ""Point""
}","{
  ""coordinates"": [
    -83.244372831,
    42.429446098
  ],
  ""type"": ""Point""
}",-83.244372831,42.429446098
17940,1007328,MARTIN LUTHER KING JR,2ND,2017-04-13,13,4,2017,15,5,8,9,,4,0,,1,1,1,30,4,2,3,5,0,0,0,0,true,,false,false,true,false,false,,,,,,false,false,true,,,false,false,false,false,false,-83.06288,42.34492,"{
  ""coordinates"": [
    -8.306287799800000e+01,
    4.234491989700010e+01
  ],
  ""type"": ""Point""
}","{
  ""coordinates"": [
    -83.062877998,
    42.344919897
  ],
  ""type"": ""Point""
}",-83.062877998,42.3449198970001
17941,1025785,N M 10,RAMP 104B,2017-04-13,13,4,2017,16,5,5,3,,1,0,,1,1,1,55,3,2,1,5,0,0,0,0,true,,false,false,false,false,false,,,,,,false,false,false,,,false,false,false,false,false,-83.16637,42.41098,"{
  ""coordinates"": [
    -8.316637751000000e+01,
    4.241098242700010e+01
  ],
  ""type"": ""Point""
}","{
  ""coordinates"": [
    -83.16637751,
    42.410982427
  ],
  ""type"": ""Point""
}",-83.16637751,42.4109824270001
17942,1005437,GREENFIELD,PICKFORD,2017-04-13,13,4,2017,15,5,8,9,,2,0,,1,2,1,35,4,2,5,5,0,0,0,0,true,,false,false,false,false,false,,,,,,false,false,false,,,false,false,false,false,false,-83.19965,42.42477,"{
  ""coordinates"": [
    -8.319964769500000e+01,
    4.242477097700000e+01
  ],
  ""type"": ""Point""
}","{
  ""coordinates"": [
    -83.199647695,
    42.424770977
  ],
  ""type"": ""Point""
}",-83.199647695,42.424770977
17943,1016729,NORWOOD,3708 STOCKTON,2017-04-13,13,4,2017,12,5,1,9,,,1,,1,1,1,25,2,1,1,5,0,0,0,0,true,,false,false,false,false,false,,,,,,false,false,false,,,false,false,false,false,false,-83.06638,42.42721,"{
  ""coordinates"": [
    -8.306638651999999e+01,
    4.242720825400000e+01
  ],
  ""type"": ""Point""
}","{
  ""coordinates"": [
    -83.06638652,
    42.427208254
  ],
  ""type"": ""Point""
}",-83.06638652,42.427208254
17944,1005419,HUBBELL,PURITAN,2017-04-13,13,4,2017,2,5,5,9,,4,3,,1,1,4,30,2,3,0,5,0,0,0,0,true,,false,false,true,false,false,,,,,,false,false,true,,,false,false,false,false,false,-83.18922,42.40886,"{
  ""coordinates"": [
    -8.318921885799990e+01,
    4.240885976300010e+01
  ],
  ""type"": ""Point""
}","{
  ""coordinates"": [
    -83.189218858,
    42.408859763
  ],
  ""type"": ""Point""
}",-83.1892188579999,42.4088597630001
17945,1008491,CURTIS,NORTHLAWN,2017-04-13,13,4,2017,17,5,5,9,,4,0,,1,1,1,25,4,2,1,5,0,0,0,0,true,,false,false,true,false,false,,,,,,false,false,false,,,false,false,false,false,false,-83.154,42.42426,"{
  ""coordinates"": [
    -8.315400191899990e+01,
    4.242426061500000e+01
  ],
  ""type"": ""Point""
}","{
  ""coordinates"": [
    -83.154001919,
    42.424260615
  ],
  ""type"": ""Point""
}",-83.1540019189999,42.424260615
17946,1013407,NEVADA,MT ELLIOTT,2017-04-13,13,4,2017,11,5,97,9,,4,0,,2,1,1,30,2,2,1,5,0,0,0,0,true,,false,false,true,false,false,,,,,,false,false,false,,,false,false,false,false,false,-83.03864,42.42641,"{
  ""coordinates"": [
    -8.303863384700000e+01,
    4.242641020200010e+01
  ],
  ""type"": ""Point""
}","{
  ""coordinates"": [
    -83.038633847,
    42.426410202
  ],
  ""type"": ""Point""
}",-83.038633847,42.4264102020001
17947,1016694,7 MILE,MT ELLIOTT,2017-04-13,13,4,2017,13,5,97,9,,4,0,,1,1,1,30,2,2,2,5,0,0,0,0,true,,false,false,false,false,false,,,,,,false,false,false,,,false,false,false,false,false,-83.03894,42.43369,"{
  ""coordinates"": [
    -8.303894280899991e+01,
    4.243368855600000e+01
  ],
  ""type"": ""Point""
}","{
  ""coordinates"": [
    -83.038942809,
    42.433688556
  ],
  ""type"": ""Point""
}",-83.0389428089999,42.433688556
17948,1006482,LIVERNOIS,FLORENCE,2017-04-13,13,4,2017,13,5,8,9,,4,0,,1,1,1,35,6,2,0,5,0,0,0,0,true,,false,false,true,false,false,,,,,,false,false,false,,,false,false,false,false,false,-83.14076,42.41221,"{
  ""coordinates"": [
    -8.314075973800000e+01,
    4.241220876600000e+01
  ],
  ""type"": ""Point""
}","{
  ""coordinates"": [
    -83.140759738,
    42.412208766
  ],
  ""type"": ""Point""
}",-83.140759738,42.412208766
17949,1009103,I-75,WARREN,2017-04-13,13,4,2017,16,5,5,1,,1,0,,1,2,1,55,3,2,2,5,0,0,0,0,true,,false,false,false,false,false,,,,,,false,false,false,,,false,false,false,false,false,-83.05494,42.3621,"{
  ""coordinates"": [
    -8.305493963799999e+01,
    4.236210321400010e+01
  ],
  ""type"": ""Point""
}","{
  ""coordinates"": [
    -83.054939638,
    42.362103214
  ],
  ""type"": ""Point""
}",-83.054939638,42.3621032140001
17950,1006399,SPRINGWELLS,GARTNER,2017-04-13,13,4,2017,22,5,5,9,,4,0,,98,98,98,30,2,2,1,5,0,0,0,0,true,,false,false,true,false,false,,,,,,false,false,true,,,false,false,false,false,false,-83.12521,42.30866,"{
  ""coordinates"": [
    -8.312520788400001e+01,
    4.230865955200010e+01
  ],
  ""type"": ""Point""
}","{
  ""coordinates"": [
    -83.125207884,
    42.308659552
  ],
  ""type"": ""Point""
}",-83.125207884,42.3086595520001
17951,1005441,MOROSS,W I 94,2017-04-13,13,4,2017,10,5,4,9,,2,0,,1,2,1,35,6,2,3,4,0,0,0,1,false,,true,true,false,false,false,,,,,,false,false,false,,,false,false,false,false,false,-82.92893,42.42448,"{
  ""coordinates"": [
    -8.292893303100000e+01,
    4.242447964800000e+01
  ],
  ""type"": ""Point""
}","{
  ""coordinates"": [
    -82.928933031,
    42.424479648
  ],
  ""type"": ""Point""
}",-82.928933031,42.424479648
17952,1006463,MOUND,DESNER,2017-04-13,13,4,2017,22,5,8,9,,2,0,,1,1,4,35,2,2,3,5,0,0,0,0,true,,false,false,true,false,false,,,,,,false,false,false,,,false,false,false,false,false,-83.043,42.41724,"{
  ""coordinates"": [
    -8.304299634400000e+01,
    4.241724382500010e+01
  ],
  ""type"": ""Point""
}","{
  ""coordinates"": [
    -83.042996344,
    42.417243825
  ],
  ""type"": ""Point""
}",-83.042996344,42.4172438250001
17953,1006442,7 MILE,BARLOW,2017-04-13,13,4,2017,12,5,4,9,,4,0,,1,2,1,30,2,2,2,4,0,0,0,1,false,,true,false,true,false,false,,,,,,false,false,true,,,false,false,false,false,false,-82.99604,42.43468,"{
  ""coordinates"": [
    -8.299603777499991e+01,
    4.243467946900010e+01
  ],
  ""type"": ""Point""
}","{
  ""coordinates"": [
    -82.996037775,
    42.434679469
  ],
  ""type"": ""Point""
}",-82.9960377749999,42.4346794690001
17954,1006458,BROADSTREET,WAVERLEY,2017-04-13,13,4,2017,21,5,4,9,,4,0,,1,1,4,15,2,2,4,5,0,0,0,0,true,,false,false,false,false,false,,,,,,false,false,true,,,false,false,false,false,false,-83.13861,42.38595,"{
  ""coordinates"": [
    -8.313860908299991e+01,
    4.238595087700000e+01
  ],
  ""type"": ""Point""
}","{
  ""coordinates"": [
    -83.138609083,
    42.385950877
  ],
  ""type"": ""Point""
}",-83.1386090829999,42.385950877
17955,1006439,GRATIOT,AUGUST,2017-04-13,13,4,2017,22,5,4,3,,1,0,,1,1,4,35,7,2,1,5,0,0,0,0,true,,false,false,true,false,false,,,,,,false,false,false,,,false,false,false,false,false,-82.98872,42.41831,"{
  ""coordinates"": [
    -8.298872704199989e+01,
    4.241831083600000e+01
  ],
  ""type"": ""Point""
}","{
  ""coordinates"": [
    -82.988727042,
    42.418310836
  ],
  ""type"": ""Point""
}",-82.9887270419999,42.418310836
17956,1005420,6315 GUILFORD,LANARK,2017-04-13,13,4,2017,15,5,10,9,,,0,,1,1,1,25,2,2,1,5,0,0,0,0,true,,false,false,false,false,false,,,,,,false,false,false,,,false,false,false,false,false,-82.93704,42.41892,"{
  ""coordinates"": [
    -8.293704103600000e+01,
    4.241892274500000e+01
  ],
  ""type"": ""Point""
}","{
  ""coordinates"": [
    -82.937041036,
    42.418922745
  ],
  ""type"": ""Point""
}",-82.937041036,42.418922745