ObjectId,Crash ID,Primary Road,Intersecting Road,Crash Date,Day,Month,Year,Hour,Weekday,Crash Type Code,Highway Classification Code,Community Code,Jurisdiction Code,Lane Departure Type Code,Surface Type,Road Condition,Weather Condition,Lighting Condition,Speed Limit,Lanes,Units,Occupants,Most Severe Injury,Fatal Injuries,Suspected Serious Injuries,Suspected Minor Injuries,Possible Injuries,Property Damage Only,Secondary Crash,Traffic Control,Red Light Run,Hit and Run,Alcohol,Drugs,Unbelted Person,Work Zone,Speeding Driver,Distracted Driver,Driveway,Pedestrian,Elderly Driver,Young Driver,Commercial Vehicle,Emergency Vehicles,Train,School Bus,Motorcycle,Bicycle,Deer,Longitude,Latitude,geom,geog,x,y
17957,1005416,WILKINS,BEAUBIEN,2017-04-13,13,4,2017,17,5,4,9,,,0,,1,1,1,25,2,2,2,5,0,0,0,0,true,,true,false,false,false,false,,,,,,false,false,true,,,false,false,false,false,false,-83.05021,42.34639,"{
  ""coordinates"": [
    -8.305021003099991e+01,
    4.234638546800010e+01
  ],
  ""type"": ""Point""
}","{
  ""coordinates"": [
    -83.050210031,
    42.346385468
  ],
  ""type"": ""Point""
}",-83.0502100309999,42.3463854680001
17958,1006457,JOY,NORTHFIELD,2017-04-13,13,4,2017,21,5,1,9,,4,1,,1,1,3,0,4,1,2,4,0,0,0,1,false,,false,false,true,false,false,,,,,,false,false,false,,,false,false,false,false,false,-83.13332,42.36169,"{
  ""coordinates"": [
    -8.313332390600000e+01,
    4.236169380800000e+01
  ],
  ""type"": ""Point""
}","{
  ""coordinates"": [
    -83.133323906,
    42.361693808
  ],
  ""type"": ""Point""
}",-83.133323906,42.361693808
17959,1009127,M-39,PURITAN,2017-04-13,13,4,2017,16,5,5,3,,1,0,,1,2,1,55,3,2,2,4,0,0,0,1,false,,false,false,false,false,false,,,,,,false,false,true,,,false,false,false,false,false,-83.21873,42.40861,"{
  ""coordinates"": [
    -8.321872633299991e+01,
    4.240860831400000e+01
  ],
  ""type"": ""Point""
}","{
  ""coordinates"": [
    -83.218726333,
    42.408608314
  ],
  ""type"": ""Point""
}",-83.2187263329999,42.408608314
17960,1005446,HARPER,CONNER,2017-04-13,13,4,2017,7,5,8,9,,4,0,,4,1,1,30,4,2,2,5,0,0,0,0,true,,false,false,false,false,false,,,,,,false,false,false,,,false,false,false,false,false,-82.9871,42.39803,"{
  ""coordinates"": [
    -8.298709578099989e+01,
    4.239802955700000e+01
  ],
  ""type"": ""Point""
}","{
  ""coordinates"": [
    -82.987095781,
    42.398029557
  ],
  ""type"": ""Point""
}",-82.9870957809999,42.398029557
17961,1005442,WHITTIER,LAKEPOINTE,2017-04-13,13,4,2017,9,5,5,9,,4,0,,1,2,1,30,2,2,3,5,0,0,0,0,true,,false,false,false,false,false,,,,,,false,false,true,,,false,false,false,false,false,-82.95423,42.41743,"{
  ""coordinates"": [
    -8.295423470899991e+01,
    4.241743111500010e+01
  ],
  ""type"": ""Point""
}","{
  ""coordinates"": [
    -82.954234709,
    42.417431115
  ],
  ""type"": ""Point""
}",-82.9542347089999,42.4174311150001
17962,1006393,FORT,MILLER,2017-04-13,13,4,2017,11,5,5,3,,1,0,,1,1,1,35,2,2,2,5,0,0,0,0,true,,false,false,false,false,false,,,,,,false,false,false,,,false,false,false,false,false,-83.14135,42.29171,"{
  ""coordinates"": [
    -8.314135254900000e+01,
    4.229171525700010e+01
  ],
  ""type"": ""Point""
}","{
  ""coordinates"": [
    -83.141352549,
    42.291715257
  ],
  ""type"": ""Point""
}",-83.141352549,42.2917152570001
17963,1005411,CENTRAL,JOY,2017-04-13,13,4,2017,19,5,1,9,,4,0,,1,1,1,25,1,1,4,5,0,0,0,0,true,,false,false,false,false,false,,,,,,false,false,false,,,false,false,false,false,false,-83.14646,42.35912,"{
  ""coordinates"": [
    -8.314646148299990e+01,
    4.235912189300010e+01
  ],
  ""type"": ""Point""
}","{
  ""coordinates"": [
    -83.146461483,
    42.359121893
  ],
  ""type"": ""Point""
}",-83.1464614829999,42.3591218930001
17964,1005459,PICKFORD,WHITCOMB,2017-04-13,13,4,2017,14,5,4,9,,,0,,1,2,1,25,1,2,5,1,2,0,2,1,false,,false,false,false,true,true,,,,,,false,false,true,,,false,false,false,false,false,-83.19737,42.42505,"{
  ""coordinates"": [
    -8.319736865399990e+01,
    4.242505387900010e+01
  ],
  ""type"": ""Point""
}","{
  ""coordinates"": [
    -83.197368654,
    42.425053879
  ],
  ""type"": ""Point""
}",-83.1973686539999,42.4250538790001
17965,1004618,E I 96 CD,WYOMING,2017-04-13,13,4,2017,3,5,1,1,,1,0,,1,1,4,30,4,1,4,3,0,0,2,0,false,,false,false,false,false,false,,,,,,false,false,false,,,false,false,false,false,false,-83.159,42.38507,"{
  ""coordinates"": [
    -8.315900549500000e+01,
    4.238506568200010e+01
  ],
  ""type"": ""Point""
}","{
  ""coordinates"": [
    -83.159005495,
    42.385065682
  ],
  ""type"": ""Point""
}",-83.159005495,42.3850656820001
17966,1006454,HAMILTON,BOSTON,2017-04-13,13,4,2017,12,5,5,9,,4,0,,1,1,1,30,4,2,3,4,0,0,0,1,false,,false,false,true,false,false,,,,,,false,false,true,,,false,false,false,false,false,-83.09386,42.38418,"{
  ""coordinates"": [
    -8.309386330800000e+01,
    4.238418274700010e+01
  ],
  ""type"": ""Point""
}","{
  ""coordinates"": [
    -83.093863308,
    42.384182747
  ],
  ""type"": ""Point""
}",-83.093863308,42.3841827470001
17967,1014079,FORT,DEARBORN,2017-04-13,13,4,2017,4,5,1,3,,1,1,,1,1,4,30,4,1,1,2,0,1,0,0,false,,false,false,false,false,false,,,,,,false,false,true,,,false,false,false,false,false,-83.13986,42.29233,"{
  ""coordinates"": [
    -8.313986271200000e+01,
    4.229233066400010e+01
  ],
  ""type"": ""Point""
}","{
  ""coordinates"": [
    -83.139862712,
    42.292330664
  ],
  ""type"": ""Point""
}",-83.139862712,42.2923306640001
17968,1007329,CASS,WARREN,2017-04-13,13,4,2017,16,5,98,9,,4,0,,1,1,1,25,2,2,0,5,0,0,0,0,true,,false,false,true,false,false,,,,,,false,false,false,,,false,false,false,false,false,-83.06651,42.35573,"{
  ""coordinates"": [
    -8.306650466600000e+01,
    4.235573296700010e+01
  ],
  ""type"": ""Point""
}","{
  ""coordinates"": [
    -83.066504666,
    42.355732967
  ],
  ""type"": ""Point""
}",-83.066504666,42.3557329670001
17969,1045157,EVERGREEN,SANTA MARIA,2017-04-13,13,4,2017,8,5,5,9,,4,0,,1,2,1,35,2,2,2,4,0,0,0,1,false,,false,false,false,false,false,,,,,,false,true,false,,,false,false,false,false,false,-83.2383,42.41745,"{
  ""coordinates"": [
    -8.323830176900000e+01,
    4.241745147300000e+01
  ],
  ""type"": ""Point""
}","{
  ""coordinates"": [
    -83.238301769,
    42.417451473
  ],
  ""type"": ""Point""
}",-83.238301769,42.417451473
17970,1046607,MCNICHOLS,HEYDEN,2017-04-13,13,4,2017,18,5,4,9,,2,0,,1,1,1,35,4,2,2,4,0,0,0,2,false,,false,false,false,false,false,,,,,,false,true,false,,,false,false,false,false,false,-83.2401,42.41497,"{
  ""coordinates"": [
    -8.324010749099990e+01,
    4.241497328500000e+01
  ],
  ""type"": ""Point""
}","{
  ""coordinates"": [
    -83.240107491,
    42.414973285
  ],
  ""type"": ""Point""
}",-83.2401074909999,42.414973285
17971,1005415,S I 75,CANFIELD,2017-04-13,13,4,2017,9,5,8,1,,1,0,,1,2,1,30,2,2,2,4,0,0,0,1,false,,false,false,false,false,false,,,,,,false,false,false,,,false,false,false,false,false,-83.0509,42.35532,"{
  ""coordinates"": [
    -8.305089670000000e+01,
    4.235532438100010e+01
  ],
  ""type"": ""Point""
}","{
  ""coordinates"": [
    -83.0508967,
    42.355324381
  ],
  ""type"": ""Point""
}",-83.0508967,42.3553243810001
17972,1006481,WOODWARD,GRATIOT,2017-04-13,13,4,2017,14,5,97,9,,4,0,,1,1,1,30,4,2,4,5,0,0,0,0,true,,false,false,false,false,false,,,,,,false,false,true,,,false,false,false,false,false,-83.0478,42.33289,"{
  ""coordinates"": [
    -8.304779975299989e+01,
    4.233289251700010e+01
  ],
  ""type"": ""Point""
}","{
  ""coordinates"": [
    -83.047799753,
    42.332892517
  ],
  ""type"": ""Point""
}",-83.0477997529999,42.3328925170001
17973,1006397,LONYO,MCGRAW,2017-04-13,13,4,2017,17,5,5,1,,4,0,,1,2,1,30,2,2,2,4,0,0,0,1,false,,false,false,false,false,false,,,,,,false,false,false,,,false,false,false,false,false,-83.14556,42.332,"{
  ""coordinates"": [
    -8.314556166900000e+01,
    4.233200162900000e+01
  ],
  ""type"": ""Point""
}","{
  ""coordinates"": [
    -83.145561669,
    42.332001629
  ],
  ""type"": ""Point""
}",-83.145561669,42.332001629
17974,1005367,I-96,GREENFIELD,2017-04-13,13,4,2017,18,5,1,1,,1,1,,1,2,1,55,3,1,1,5,0,0,0,0,true,,false,false,false,false,false,,,,,,false,false,false,,,false,false,false,false,false,-83.18859,42.38031,"{
  ""coordinates"": [
    -8.318858946899999e+01,
    4.238031025600000e+01
  ],
  ""type"": ""Point""
}","{
  ""coordinates"": [
    -83.188589469,
    42.380310256
  ],
  ""type"": ""Point""
}",-83.188589469,42.380310256
17975,1013346,I-94,VAN DYKE,2017-04-13,13,4,2017,13,5,5,1,,1,0,,1,1,1,55,3,3,2,5,0,0,0,0,true,,false,false,true,false,false,,,,,,false,false,false,,,false,false,false,false,false,-83.02042,42.38605,"{
  ""coordinates"": [
    -8.302041930000000e+01,
    4.238604839900010e+01
  ],
  ""type"": ""Point""
}","{
  ""coordinates"": [
    -83.0204193,
    42.386048399
  ],
  ""type"": ""Point""
}",-83.0204193,42.3860483990001
17976,1013349,I-94,ST AUBIN,2017-04-13,13,4,2017,14,5,8,1,,1,0,,1,2,1,55,3,2,3,5,0,0,0,0,true,,false,false,true,false,false,,,,,,false,false,false,,,false,false,false,false,false,-83.04964,42.37328,"{
  ""coordinates"": [
    -8.304964786900000e+01,
    4.237328003500010e+01
  ],
  ""type"": ""Point""
}","{
  ""coordinates"": [
    -83.049647869,
    42.373280035
  ],
  ""type"": ""Point""
}",-83.049647869,42.3732800350001
17977,1025778,WOODWARD,HARPER,2017-04-13,13,4,2017,17,5,5,3,,1,0,,1,1,1,30,6,2,4,5,0,0,0,0,true,,false,false,false,false,false,,,,,,false,false,false,,,false,false,false,false,false,-83.06994,42.36516,"{
  ""coordinates"": [
    -8.306994212599990e+01,
    4.236515752600010e+01
  ],
  ""type"": ""Point""
}","{
  ""coordinates"": [
    -83.069942126,
    42.365157526
  ],
  ""type"": ""Point""
}",-83.0699421259999,42.3651575260001
17978,1005413,FOREST,AVERY,2017-04-13,13,4,2017,12,5,98,9,,4,0,,1,1,1,35,5,2,4,5,0,0,0,0,true,,true,false,false,false,false,,,,,,false,false,true,,,false,false,false,false,false,-83.07993,42.34917,"{
  ""coordinates"": [
    -8.307993535999999e+01,
    4.234916539300010e+01
  ],
  ""type"": ""Point""
}","{
  ""coordinates"": [
    -83.07993536,
    42.349165393
  ],
  ""type"": ""Point""
}",-83.07993536,42.3491653930001
17979,1006428,SCHOOLCRAFT,AUBURN,2017-04-13,13,4,2017,13,5,3,9,,2,0,,1,1,1,0,1,2,3,4,0,0,0,1,false,,false,false,false,false,false,,,,,,false,false,true,,,false,false,false,false,false,-83.23428,42.38632,"{
  ""coordinates"": [
    -8.323427817600000e+01,
    4.238631665500000e+01
  ],
  ""type"": ""Point""
}","{
  ""coordinates"": [
    -83.234278176,
    42.386316655
  ],
  ""type"": ""Point""
}",-83.234278176,42.386316655
17980,1009146,GARLAND,CHARLEVOIX,2017-04-13,13,4,2017,0,5,8,9,,,0,,1,1,4,25,2,2,2,4,0,0,0,1,false,,false,false,false,false,true,,,,,,false,true,true,,,false,false,false,false,false,-82.98415,42.37013,"{
  ""coordinates"": [
    -8.298415149600000e+01,
    4.237012949200000e+01
  ],
  ""type"": ""Point""
}","{
  ""coordinates"": [
    -82.984151496,
    42.370129492
  ],
  ""type"": ""Point""
}",-82.984151496,42.370129492
17981,1005382,I-96,SORRENTO,2017-04-12,12,4,2017,18,4,5,3,,4,0,,1,1,1,70,3,2,2,5,0,0,0,0,true,,false,false,false,false,false,,,,,,false,false,false,,,false,false,false,false,false,-83.18007,42.42512,"{
  ""coordinates"": [
    -8.318006944699989e+01,
    4.242511878000000e+01
  ],
  ""type"": ""Point""
}","{
  ""coordinates"": [
    -83.180069447,
    42.42511878
  ],
  ""type"": ""Point""
}",-83.1800694469999,42.42511878
17982,1004623,GRAND,3RD,2017-04-12,12,4,2017,17,4,4,3,,1,0,,2,1,1,30,2,2,2,5,0,0,0,0,true,,false,false,true,false,false,,,,,,false,false,false,,,false,false,false,false,false,-83.06156,42.33748,"{
  ""coordinates"": [
    -8.306156225500000e+01,
    4.233748024900010e+01
  ],
  ""type"": ""Point""
}","{
  ""coordinates"": [
    -83.061562255,
    42.337480249
  ],
  ""type"": ""Point""
}",-83.061562255,42.3374802490001
17983,1006479,WYOMING,SAINT MARTINS,2017-04-12,12,4,2017,13,4,1,9,,4,0,,1,1,1,30,2,1,1,5,0,0,0,0,true,,false,false,false,false,false,,,,,,false,true,false,,,false,false,false,false,false,-83.16116,42.43677,"{
  ""coordinates"": [
    -8.316115848299999e+01,
    4.243677029600010e+01
  ],
  ""type"": ""Point""
}","{
  ""coordinates"": [
    -83.161158483,
    42.436770296
  ],
  ""type"": ""Point""
}",-83.161158483,42.4367702960001
17984,1004642,WARREN,OUTER,2017-04-12,12,4,2017,12,4,5,9,,2,0,,1,2,1,30,5,2,2,5,0,0,0,0,true,,false,false,false,false,false,,,,,,false,false,true,,,false,false,false,false,false,-83.25232,42.34202,"{
  ""coordinates"": [
    -8.325231629800000e+01,
    4.234202377300010e+01
  ],
  ""type"": ""Point""
}","{
  ""coordinates"": [
    -83.252316298,
    42.342023773
  ],
  ""type"": ""Point""
}",-83.252316298,42.3420237730001
17985,1006453,W I 96 SERVICE DRIVE,LIVERNOIS,2017-04-12,12,4,2017,17,4,8,9,,4,0,,1,1,1,35,2,2,4,5,0,0,0,0,true,,false,false,true,false,false,,,,,,false,false,false,,,false,false,false,false,false,-83.13876,42.36777,"{
  ""coordinates"": [
    -8.313876257200000e+01,
    4.236777658500010e+01
  ],
  ""type"": ""Point""
}","{
  ""coordinates"": [
    -83.138762572,
    42.367776585
  ],
  ""type"": ""Point""
}",-83.138762572,42.3677765850001
17986,1004630,MACK,N I 75,2017-04-12,12,4,2017,9,4,98,9,,4,0,,1,1,1,0,3,2,2,5,0,0,0,0,true,,true,true,true,false,false,,,,,,false,false,false,,,false,false,false,false,false,-83.04785,42.35121,"{
  ""coordinates"": [
    -8.304785051499989e+01,
    4.235121180600000e+01
  ],
  ""type"": ""Point""
}","{
  ""coordinates"": [
    -83.047850515,
    42.351211806
  ],
  ""type"": ""Point""
}",-83.0478505149999,42.351211806
17987,1004608,I-94,WHITTIER,2017-04-12,12,4,2017,6,4,5,1,,1,0,,1,1,4,55,3,2,1,5,0,0,0,0,true,,false,false,true,false,false,,,,,,false,false,false,,,false,false,false,false,false,-82.94547,42.41137,"{
  ""coordinates"": [
    -8.294546142599999e+01,
    4.241137043600000e+01
  ],
  ""type"": ""Point""
}","{
  ""coordinates"": [
    -82.945461426,
    42.411370436
  ],
  ""type"": ""Point""
}",-82.945461426,42.411370436
17988,1004666,DAVISON,DEXTER,2017-04-12,12,4,2017,17,4,4,3,,1,0,,1,1,1,35,6,2,2,5,0,0,0,0,true,,false,false,false,false,false,,,,,,false,false,false,,,false,false,false,false,false,-83.1308,42.38977,"{
  ""coordinates"": [
    -8.313079805000000e+01,
    4.238977563100010e+01
  ],
  ""type"": ""Point""
}","{
  ""coordinates"": [
    -83.13079805,
    42.389775631
  ],
  ""type"": ""Point""
}",-83.13079805,42.3897756310001
17989,1005430,WINTHROP,VERNE,2017-04-12,12,4,2017,2,4,97,9,,,0,,2,4,3,25,2,2,0,5,0,0,0,0,true,,false,false,true,false,false,,,,,,false,false,false,,,false,false,false,false,false,-83.20054,42.41093,"{
  ""coordinates"": [
    -8.320053996800000e+01,
    4.241093526700010e+01
  ],
  ""type"": ""Point""
}","{
  ""coordinates"": [
    -83.200539968,
    42.410935267
  ],
  ""type"": ""Point""
}",-83.200539968,42.4109352670001
17990,1004675,7 MILE,ILENE,2017-04-12,12,4,2017,16,4,5,9,,2,0,,1,1,1,30,5,3,1,5,0,0,0,0,true,,false,false,false,false,false,,,,,,false,false,false,,,false,false,false,false,false,-83.1646,42.43132,"{
  ""coordinates"": [
    -8.316460238000001e+01,
    4.243132279900000e+01
  ],
  ""type"": ""Point""
}","{
  ""coordinates"": [
    -83.16460238,
    42.431322799
  ],
  ""type"": ""Point""
}",-83.16460238,42.431322799
17991,1004667,LAWRENCE,LAWTON,2017-04-12,12,4,2017,22,4,1,9,,,1,,1,1,5,25,2,1,3,3,0,0,3,0,false,,false,false,false,false,false,,,,,,false,false,false,,,false,false,false,false,false,-83.11759,42.3799,"{
  ""coordinates"": [
    -8.311758946000000e+01,
    4.237989708800010e+01
  ],
  ""type"": ""Point""
}","{
  ""coordinates"": [
    -83.11758946,
    42.379897088
  ],
  ""type"": ""Point""
}",-83.11758946,42.3798970880001
17992,1004619,GREENFIELD,E I 96 CD,2017-04-12,12,4,2017,13,4,8,1,,2,0,,1,1,1,35,4,2,1,5,0,0,0,0,true,,false,false,true,false,false,,,,,,false,false,true,,,false,false,false,false,false,-83.19822,42.37882,"{
  ""coordinates"": [
    -8.319822089500001e+01,
    4.237882281100010e+01
  ],
  ""type"": ""Point""
}","{
  ""coordinates"": [
    -83.198220895,
    42.378822811
  ],
  ""type"": ""Point""
}",-83.198220895,42.3788228110001
17993,1009145,CONNER,VERNOR,2017-04-12,12,4,2017,16,4,5,9,,4,0,,1,2,1,35,2,2,2,5,0,0,0,0,true,,false,false,false,false,false,,,,,,false,false,false,,,false,false,false,false,false,-82.96248,42.3755,"{
  ""coordinates"": [
    -8.296247950899991e+01,
    4.237549727900010e+01
  ],
  ""type"": ""Point""
}","{
  ""coordinates"": [
    -82.962479509,
    42.375497279
  ],
  ""type"": ""Point""
}",-82.9624795089999,42.3754972790001
17994,1004648,MIDDLEPOINT,BELTON,2017-04-12,12,4,2017,8,4,8,9,,,0,,1,1,1,25,2,2,1,5,0,0,0,0,true,,false,false,false,false,false,,,,,,false,false,false,,,false,true,false,false,false,-83.16223,42.3541,"{
  ""coordinates"": [
    -8.316223015299990e+01,
    4.235409771200010e+01
  ],
  ""type"": ""Point""
}","{
  ""coordinates"": [
    -83.162230153,
    42.354097712
  ],
  ""type"": ""Point""
}",-83.1622301529999,42.3540977120001
17995,1009086,I-94,GRAND RIVER,2017-04-12,12,4,2017,16,4,5,1,,1,0,,1,1,1,55,3,2,2,5,0,0,0,0,true,,false,false,false,false,false,,,,,,false,true,false,,,false,false,false,false,false,-83.09539,42.35141,"{
  ""coordinates"": [
    -8.309538801600000e+01,
    4.235141216400010e+01
  ],
  ""type"": ""Point""
}","{
  ""coordinates"": [
    -83.095388016,
    42.351412164
  ],
  ""type"": ""Point""
}",-83.095388016,42.3514121640001
17996,1005467,KING,OAKLAND,2017-04-12,12,4,2017,18,4,1,9,,,0,,1,1,1,45,2,1,1,5,0,0,0,0,true,,false,false,false,false,false,,,,,,false,false,false,,,false,false,false,false,true,-83.07051,42.38396,"{
  ""coordinates"": [
    -8.307051082800000e+01,
    4.238395533100000e+01
  ],
  ""type"": ""Point""
}","{
  ""coordinates"": [
    -83.070510828,
    42.383955331
  ],
  ""type"": ""Point""
}",-83.070510828,42.383955331
17997,1005424,VAN BUREN,BURT,2017-04-12,12,4,2017,16,4,4,9,,,0,,1,1,1,25,1,2,2,4,0,0,0,1,false,,false,false,true,false,false,,,,,,false,false,true,,,false,false,false,false,false,-83.24562,42.35555,"{
  ""coordinates"": [
    -8.324561796599990e+01,
    4.235555257700000e+01
  ],
  ""type"": ""Point""
}","{
  ""coordinates"": [
    -83.245617966,
    42.355552577
  ],
  ""type"": ""Point""
}",-83.2456179659999,42.355552577
17998,1029366,SHOEMAKER,ST JEAN,2017-04-12,12,4,2017,9,4,5,9,,4,0,,1,2,1,30,2,2,3,4,0,0,0,2,false,,false,false,true,false,false,,,,,,false,false,false,,,false,false,false,false,false,-82.98566,42.39034,"{
  ""coordinates"": [
    -8.298566247799990e+01,
    4.239033705600010e+01
  ],
  ""type"": ""Point""
}","{
  ""coordinates"": [
    -82.985662478,
    42.390337056
  ],
  ""type"": ""Point""
}",-82.9856624779999,42.3903370560001
17999,1005366,I-75,8 MILE,2017-04-12,12,4,2017,18,4,5,1,,1,0,,1,1,1,70,4,2,2,5,0,0,0,0,true,,false,false,false,false,false,,,,,,false,false,false,,,false,false,false,false,false,-83.09466,42.44598,"{
  ""coordinates"": [
    -8.309465572499990e+01,
    4.244597771500000e+01
  ],
  ""type"": ""Point""
}","{
  ""coordinates"": [
    -83.094655725,
    42.445977715
  ],
  ""type"": ""Point""
}",-83.0946557249999,42.445977715
18000,1004656,N M 39,RAMP 010A,2017-04-12,12,4,2017,11,4,1,3,,1,0,,1,1,1,30,2,1,1,4,0,0,0,1,false,,false,false,false,false,false,,,,,,false,false,false,,,false,false,false,false,false,-83.21872,42.41345,"{
  ""coordinates"": [
    -8.321872134099991e+01,
    4.241345079000010e+01
  ],
  ""type"": ""Point""
}","{
  ""coordinates"": [
    -83.218721341,
    42.41345079
  ],
  ""type"": ""Point""
}",-83.2187213409999,42.4134507900001
18001,1004669,8 MILE,GREENFIELD,2017-04-12,12,4,2017,10,4,1,3,,1,0,,1,1,1,40,3,2,1,4,0,0,0,1,false,,false,false,false,false,false,,,,,,true,false,false,,,false,false,false,false,false,-83.20052,42.44479,"{
  ""coordinates"": [
    -8.320051594900001e+01,
    4.244479375200010e+01
  ],
  ""type"": ""Point""
}","{
  ""coordinates"": [
    -83.200515949,
    42.444793752
  ],
  ""type"": ""Point""
}",-83.200515949,42.4447937520001
18002,1004657,FENKELL,LAHSER,2017-04-12,12,4,2017,13,4,4,9,,2,0,,1,1,1,0,2,2,3,5,0,0,0,0,true,,false,false,false,false,false,,,,,,false,true,false,,,false,false,false,false,false,-83.25689,42.4003,"{
  ""coordinates"": [
    -8.325688747299991e+01,
    4.240029553500010e+01
  ],
  ""type"": ""Point""
}","{
  ""coordinates"": [
    -83.256887473,
    42.400295535
  ],
  ""type"": ""Point""
}",-83.2568874729999,42.4002955350001
18003,1004631,MICHIGAN,FISHER FWY S/D S/B,2017-04-12,12,4,2017,9,4,4,2,,1,0,,1,2,1,0,7,2,2,5,0,0,0,0,true,,false,false,true,false,false,,,,,,false,false,false,,,false,false,false,false,false,-83.08589,42.33147,"{
  ""coordinates"": [
    -8.308589389600000e+01,
    4.233146567000010e+01
  ],
  ""type"": ""Point""
}","{
  ""coordinates"": [
    -83.085893896,
    42.33146567
  ],
  ""type"": ""Point""
}",-83.085893896,42.3314656700001
18004,1004663,JOSEPH CAMPAU,GRATIOT,2017-04-12,12,4,2017,8,4,4,3,,4,0,,1,1,1,25,8,2,2,5,0,0,0,0,true,,true,false,false,false,false,,,,,,false,false,false,,,false,false,false,false,false,-83.03017,42.35529,"{
  ""coordinates"": [
    -8.303016720399999e+01,
    4.235528788200000e+01
  ],
  ""type"": ""Point""
}","{
  ""coordinates"": [
    -83.030167204,
    42.355287882
  ],
  ""type"": ""Point""
}",-83.030167204,42.355287882
18005,1004652,MT ELLIOTT,STRONG,2017-04-12,12,4,2017,9,4,5,9,,4,0,,1,2,1,35,6,2,1,5,0,0,0,0,true,,false,false,true,false,false,,,,,,false,false,false,,,false,false,false,false,false,-83.03867,42.38545,"{
  ""coordinates"": [
    -8.303867657700000e+01,
    4.238545150600000e+01
  ],
  ""type"": ""Point""
}","{
  ""coordinates"": [
    -83.038676577,
    42.385451506
  ],
  ""type"": ""Point""
}",-83.038676577,42.385451506
18006,1006459,DAVISON,LIVERNOIS,2017-04-12,12,4,2017,16,4,5,3,,1,0,,1,1,1,35,7,4,6,5,0,0,0,0,true,,false,false,false,false,false,,,,,,false,true,true,,,false,false,false,false,false,-83.13625,42.3877,"{
  ""coordinates"": [
    -8.313625380600000e+01,
    4.238770442600000e+01
  ],
  ""type"": ""Point""
}","{
  ""coordinates"": [
    -83.136253806,
    42.387704426
  ],
  ""type"": ""Point""
}",-83.136253806,42.387704426
18007,1004658,MCNICHOLS,S M 39,2017-04-12,12,4,2017,11,4,5,9,,2,0,,1,1,1,35,4,2,2,5,0,0,0,0,true,,false,false,false,false,false,,,,,,false,false,true,,,false,false,false,false,false,-83.21882,42.41556,"{
  ""coordinates"": [
    -8.321881792300000e+01,
    4.241555669800000e+01
  ],
  ""type"": ""Point""
}","{
  ""coordinates"": [
    -83.218817923,
    42.415556698
  ],
  ""type"": ""Point""
}",-83.218817923,42.415556698
18008,1004621,WYOMING,DAWES,2017-04-12,12,4,2017,14,4,8,9,,4,0,,1,1,1,35,5,2,1,5,0,0,0,0,true,,false,false,false,false,false,,,,,,false,false,false,,,false,false,false,false,false,-83.15798,42.36016,"{
  ""coordinates"": [
    -8.315798412299991e+01,
    4.236015610300010e+01
  ],
  ""type"": ""Point""
}","{
  ""coordinates"": [
    -83.157984123,
    42.360156103
  ],
  ""type"": ""Point""
}",-83.1579841229999,42.3601561030001
18009,1012665,JEFFERSON,BEAUBIEN,2017-04-12,12,4,2017,18,4,97,4,,1,0,,1,1,1,30,3,1,4,5,0,0,0,0,true,,false,false,true,false,false,,,,,,false,false,false,,,false,false,false,false,false,-83.03983,42.33088,"{
  ""coordinates"": [
    -8.303982580500001e+01,
    4.233087574700010e+01
  ],
  ""type"": ""Point""
}","{
  ""coordinates"": [
    -83.039825805,
    42.330875747
  ],
  ""type"": ""Point""
}",-83.039825805,42.3308757470001
18010,1006354,M-10,FOREST,2017-04-12,12,4,2017,3,4,97,3,,1,0,,1,1,4,55,3,2,2,5,0,0,0,0,true,,false,false,false,false,false,,,,,,false,false,false,,,false,false,false,false,false,-83.0703,42.34825,"{
  ""coordinates"": [
    -8.307030151299990e+01,
    4.234825095200010e+01
  ],
  ""type"": ""Point""
}","{
  ""coordinates"": [
    -83.070301513,
    42.348250952
  ],
  ""type"": ""Point""
}",-83.0703015129999,42.3482509520001
18011,1004624,LOTHROP,WOODWARD,2017-04-12,12,4,2017,18,4,5,9,,4,0,,1,1,1,30,2,2,2,5,0,0,0,0,true,,false,false,false,false,false,,,,,,false,false,false,,,false,false,false,false,false,-83.07581,42.37094,"{
  ""coordinates"": [
    -8.307581563699991e+01,
    4.237094525900010e+01
  ],
  ""type"": ""Point""
}","{
  ""coordinates"": [
    -83.075815637,
    42.370945259
  ],
  ""type"": ""Point""
}",-83.0758156369999,42.3709452590001
18012,1008020,I-75,DEARBORN,2017-04-12,12,4,2017,7,4,8,1,,1,0,,1,1,1,70,3,2,2,5,0,0,0,0,true,,false,false,false,false,false,,,,,,false,false,false,,,false,false,false,false,false,-83.13013,42.29072,"{
  ""coordinates"": [
    -8.313012845700000e+01,
    4.229071817000000e+01
  ],
  ""type"": ""Point""
}","{
  ""coordinates"": [
    -83.130128457,
    42.29071817
  ],
  ""type"": ""Point""
}",-83.130128457,42.29071817
18013,1009084,M-10,EUCLID,2017-04-12,12,4,2017,6,4,8,3,,1,0,,1,2,2,55,4,4,4,4,0,0,0,1,false,,false,false,false,false,false,,,,,,false,false,true,,,false,false,false,false,false,-83.08607,42.37323,"{
  ""coordinates"": [
    -8.308606863400000e+01,
    4.237322525300000e+01
  ],
  ""type"": ""Point""
}","{
  ""coordinates"": [
    -83.086068634,
    42.373225253
  ],
  ""type"": ""Point""
}",-83.086068634,42.373225253