ObjectId,Crash ID,Primary Road,Intersecting Road,Crash Date,Day,Month,Year,Hour,Weekday,Crash Type Code,Highway Classification Code,Community Code,Jurisdiction Code,Lane Departure Type Code,Surface Type,Road Condition,Weather Condition,Lighting Condition,Speed Limit,Lanes,Units,Occupants,Most Severe Injury,Fatal Injuries,Suspected Serious Injuries,Suspected Minor Injuries,Possible Injuries,Property Damage Only,Secondary Crash,Traffic Control,Red Light Run,Hit and Run,Alcohol,Drugs,Unbelted Person,Work Zone,Speeding Driver,Distracted Driver,Driveway,Pedestrian,Elderly Driver,Young Driver,Commercial Vehicle,Emergency Vehicles,Train,School Bus,Motorcycle,Bicycle,Deer,Longitude,Latitude,geom,geog,x,y
18071,1004661,DICKERSON,AUGUST,2017-04-11,11,4,2017,15,3,4,9,,4,0,,1,1,1,25,2,2,3,4,0,0,0,1,false,,true,false,false,false,false,,,,,,false,false,false,,,false,false,false,false,false,-82.9836,42.41974,"{
  ""coordinates"": [
    -8.298359523300000e+01,
    4.241973733700010e+01
  ],
  ""type"": ""Point""
}","{
  ""coordinates"": [
    -82.983595233,
    42.419737337
  ],
  ""type"": ""Point""
}",-82.983595233,42.4197373370001
18072,1013355,I 94,GRATIOT,2017-04-11,11,4,2017,11,3,8,1,,1,0,,1,1,1,55,3,2,2,5,0,0,0,0,true,,false,false,false,false,false,,,,,,false,false,false,,,false,false,false,false,false,-83.00671,42.3913,"{
  ""coordinates"": [
    -8.300670943700000e+01,
    4.239129653400000e+01
  ],
  ""type"": ""Point""
}","{
  ""coordinates"": [
    -83.006709437,
    42.391296534
  ],
  ""type"": ""Point""
}",-83.006709437,42.391296534
18073,1005455,CANIFF,ALPENA,2017-04-11,11,4,2017,8,3,2,9,,4,2,,2,1,1,25,4,2,2,5,0,0,0,0,true,,false,false,false,false,false,,,,,,false,true,false,,,false,false,false,false,false,-83.04563,42.40507,"{
  ""coordinates"": [
    -8.304563411200000e+01,
    4.240507221600010e+01
  ],
  ""type"": ""Point""
}","{
  ""coordinates"": [
    -83.045634112,
    42.405072216
  ],
  ""type"": ""Point""
}",-83.045634112,42.4050722160001
18074,1007947,RAMP 108C,HUGHES,2017-04-11,11,4,2017,20,3,1,3,,1,0,,1,2,5,55,2,1,1,5,0,0,0,0,true,,false,false,false,false,false,,,,,,false,false,false,,,false,false,false,false,false,-83.1266,42.40554,"{
  ""coordinates"": [
    -8.312660441000000e+01,
    4.240554172200010e+01
  ],
  ""type"": ""Point""
}","{
  ""coordinates"": [
    -83.12660441,
    42.405541722
  ],
  ""type"": ""Point""
}",-83.12660441,42.4055417220001
18075,1095922,YORKSHIRE,BALFOUR,2017-04-11,11,4,2017,8,3,4,9,,,0,,1,1,1,0,2,2,2,5,0,0,0,0,true,,false,false,false,false,false,,,,,,false,false,false,,,false,false,false,false,false,-82.94688,42.41706,"{
  ""coordinates"": [
    -8.294687423300000e+01,
    4.241705953100010e+01
  ],
  ""type"": ""Point""
}","{
  ""coordinates"": [
    -82.946874233,
    42.417059531
  ],
  ""type"": ""Point""
}",-82.946874233,42.4170595310001
18076,1013357,M-10,GREENLAWN,2017-04-11,11,4,2017,12,3,8,3,,1,0,,1,2,1,55,3,2,3,5,0,0,0,0,true,,false,false,false,false,false,,,,,,false,true,false,,,false,false,false,false,false,-83.20121,42.44314,"{
  ""coordinates"": [
    -8.320120974600000e+01,
    4.244313908200010e+01
  ],
  ""type"": ""Point""
}","{
  ""coordinates"": [
    -83.201209746,
    42.443139082
  ],
  ""type"": ""Point""
}",-83.201209746,42.4431390820001
18077,1003745,RANDOLPH,JEFFERSON,2017-04-11,11,4,2017,12,3,8,3,,1,0,,1,1,1,30,5,2,2,5,0,0,0,0,true,,false,false,false,false,false,,,,,,false,false,false,,,false,false,false,false,false,-83.04198,42.32993,"{
  ""coordinates"": [
    -8.304197706500000e+01,
    4.232993379000000e+01
  ],
  ""type"": ""Point""
}","{
  ""coordinates"": [
    -83.041977065,
    42.32993379
  ],
  ""type"": ""Point""
}",-83.041977065,42.32993379
18078,1006335,W I 94,GRAND,2017-04-11,11,4,2017,21,3,5,1,,1,0,,1,1,4,55,3,2,2,5,0,0,0,0,true,,false,false,false,false,false,,,,,,false,false,false,,,false,false,false,false,false,-83.11019,42.34669,"{
  ""coordinates"": [
    -8.311018804100000e+01,
    4.234669547500000e+01
  ],
  ""type"": ""Point""
}","{
  ""coordinates"": [
    -83.110188041,
    42.346695475
  ],
  ""type"": ""Point""
}",-83.110188041,42.346695475
18079,1006455,LAKEPOINTE,LINVILLE,2017-04-11,11,4,2017,23,3,4,9,,,0,,98,98,4,15,2,2,2,4,0,0,0,1,false,,false,false,true,false,false,,,,,,false,false,false,,,false,false,false,false,false,-82.9557,42.40465,"{
  ""coordinates"": [
    -8.295569462500001e+01,
    4.240464738400000e+01
  ],
  ""type"": ""Point""
}","{
  ""coordinates"": [
    -82.955694625,
    42.404647384
  ],
  ""type"": ""Point""
}",-82.955694625,42.404647384
18080,1005456,CONANT,DAVISON,2017-04-11,11,4,2017,16,3,97,3,,4,0,,1,1,1,35,5,2,3,3,0,0,1,0,false,,false,false,false,false,false,,,,,,true,false,false,,,false,false,false,false,false,-83.06161,42.41571,"{
  ""coordinates"": [
    -8.306160477200000e+01,
    4.241570886900010e+01
  ],
  ""type"": ""Point""
}","{
  ""coordinates"": [
    -83.061604772,
    42.415708869
  ],
  ""type"": ""Point""
}",-83.061604772,42.4157088690001
18081,1006330,S M 39,7 MILE,2017-04-11,11,4,2017,16,3,5,3,,1,0,,1,1,1,55,3,2,2,5,0,0,0,0,true,,false,false,false,false,false,,,,,,false,false,true,,,false,false,false,false,false,-83.21943,42.43057,"{
  ""coordinates"": [
    -8.321943022600000e+01,
    4.243057329400010e+01
  ],
  ""type"": ""Point""
}","{
  ""coordinates"": [
    -83.219430226,
    42.430573294
  ],
  ""type"": ""Point""
}",-83.219430226,42.4305732940001
18082,1007326,I-94E,EXIT 212B,2017-04-11,11,4,2017,18,3,5,1,,1,0,,1,1,1,70,3,2,3,4,0,0,0,1,false,,false,false,false,false,false,,,,,,false,false,true,,,false,false,false,false,false,-83.11608,42.34222,"{
  ""coordinates"": [
    -8.311607867399989e+01,
    4.234221649200000e+01
  ],
  ""type"": ""Point""
}","{
  ""coordinates"": [
    -83.116078674,
    42.342216492
  ],
  ""type"": ""Point""
}",-83.1160786739999,42.342216492
18083,1005440,GRATIOT,ALCOY,2017-04-11,11,4,2017,13,3,1,3,,1,1,,1,1,1,35,7,1,1,5,0,0,0,0,true,,false,false,false,false,false,,,,,,false,false,false,,,false,false,false,false,false,-82.98499,42.424,"{
  ""coordinates"": [
    -8.298499619099989e+01,
    4.242400437900010e+01
  ],
  ""type"": ""Point""
}","{
  ""coordinates"": [
    -82.984996191,
    42.424004379
  ],
  ""type"": ""Point""
}",-82.9849961909999,42.4240043790001
18084,1006325,M-39,MCNICHOLS,2017-04-11,11,4,2017,14,3,1,3,,1,0,,1,1,1,55,3,1,1,5,0,0,0,0,true,,false,false,false,false,false,,,,,,false,false,false,,,false,false,false,false,false,-83.21889,42.41692,"{
  ""coordinates"": [
    -8.321889421100001e+01,
    4.241692337300000e+01
  ],
  ""type"": ""Point""
}","{
  ""coordinates"": [
    -83.218894211,
    42.416923373
  ],
  ""type"": ""Point""
}",-83.218894211,42.416923373
18085,1004635,LIDDESDALE,OUTER,2017-04-11,11,4,2017,16,3,4,9,,,0,,1,1,1,25,2,2,1,5,0,0,0,0,true,,false,false,false,false,false,,,,,,false,false,false,,,false,false,false,false,false,-83.16503,42.25924,"{
  ""coordinates"": [
    -8.316502875299990e+01,
    4.225923689300000e+01
  ],
  ""type"": ""Point""
}","{
  ""coordinates"": [
    -83.165028753,
    42.259236893
  ],
  ""type"": ""Point""
}",-83.1650287529999,42.259236893
18086,1003743,MACK,JOHN R,2017-04-11,11,4,2017,14,3,4,9,,4,0,,1,2,1,35,4,2,4,5,0,0,0,0,true,,false,false,false,false,false,,,,,,false,false,true,,,false,false,false,false,false,-83.05585,42.34827,"{
  ""coordinates"": [
    -8.305585595399999e+01,
    4.234827374000000e+01
  ],
  ""type"": ""Point""
}","{
  ""coordinates"": [
    -83.055855954,
    42.34827374
  ],
  ""type"": ""Point""
}",-83.055855954,42.34827374
18087,1006350,I-94,CADIEUX,2017-04-11,11,4,2017,3,3,1,1,,1,1,,2,4,4,55,3,1,1,5,0,0,0,0,true,,false,false,false,false,false,,,,,,false,false,true,,,false,false,false,false,false,-82.93743,42.41705,"{
  ""coordinates"": [
    -8.293743508199999e+01,
    4.241705024700010e+01
  ],
  ""type"": ""Point""
}","{
  ""coordinates"": [
    -82.937435082,
    42.417050247
  ],
  ""type"": ""Point""
}",-82.937435082,42.4170502470001
18088,1020353,BRINGARD,HOYT,2017-04-11,11,4,2017,18,3,97,9,,,1,,1,1,1,25,2,2,0,5,0,0,0,0,true,,false,false,true,false,false,,,,,,true,false,false,,,false,false,false,false,false,-82.98037,42.44596,"{
  ""coordinates"": [
    -8.298036739900000e+01,
    4.244596023600010e+01
  ],
  ""type"": ""Point""
}","{
  ""coordinates"": [
    -82.980367399,
    42.445960236
  ],
  ""type"": ""Point""
}",-82.980367399,42.4459602360001
18089,1003775,FIELDING,PICKFORD,2017-04-11,11,4,2017,16,3,8,9,,,0,,1,1,1,0,1,2,0,5,0,0,0,0,true,,false,false,true,false,false,,,,,,false,false,false,,,false,false,false,false,false,-83.24405,42.42456,"{
  ""coordinates"": [
    -8.324404647400000e+01,
    4.242456501200010e+01
  ],
  ""type"": ""Point""
}","{
  ""coordinates"": [
    -83.244046474,
    42.424565012
  ],
  ""type"": ""Point""
}",-83.244046474,42.4245650120001
18090,1006485,WYOMING,OUTER,2017-04-11,11,4,2017,22,3,4,9,,4,0,,1,1,4,30,5,2,1,4,0,0,0,1,false,,false,false,true,false,false,,,,,,false,false,false,,,false,false,false,false,false,-83.1611,42.43481,"{
  ""coordinates"": [
    -8.316109996800000e+01,
    4.243481528000010e+01
  ],
  ""type"": ""Point""
}","{
  ""coordinates"": [
    -83.161099968,
    42.43481528
  ],
  ""type"": ""Point""
}",-83.161099968,42.4348152800001
18091,1006473,VASSAR,ARMORE,2017-04-11,11,4,2017,7,3,4,9,,4,0,,1,1,1,0,2,2,6,4,0,0,0,3,false,,true,false,false,false,false,,,,,,false,false,false,,,false,false,false,false,false,-83.18538,42.43459,"{
  ""coordinates"": [
    -8.318537832000000e+01,
    4.243459132400010e+01
  ],
  ""type"": ""Point""
}","{
  ""coordinates"": [
    -83.18537832,
    42.434591324
  ],
  ""type"": ""Point""
}",-83.18537832,42.4345913240001
18092,1009157,EWALD,LIVERNOIS,2017-04-11,11,4,2017,15,3,1,9,,4,1,,1,1,1,35,4,1,1,5,0,0,0,0,true,,false,false,false,false,false,,,,,,false,false,false,,,false,false,false,false,false,-83.1395,42.39163,"{
  ""coordinates"": [
    -8.313949635199999e+01,
    4.239163048600010e+01
  ],
  ""type"": ""Point""
}","{
  ""coordinates"": [
    -83.139496352,
    42.391630486
  ],
  ""type"": ""Point""
}",-83.139496352,42.3916304860001
18093,1006349,N M 10,LINWOOD,2017-04-11,11,4,2017,2,3,1,3,,1,1,,2,4,4,55,3,1,1,5,0,0,0,0,true,,false,false,false,false,false,,,,,,false,false,false,,,false,false,false,false,false,-83.12735,42.40522,"{
  ""coordinates"": [
    -8.312734815600000e+01,
    4.240522530000000e+01
  ],
  ""type"": ""Point""
}","{
  ""coordinates"": [
    -83.127348156,
    42.4052253
  ],
  ""type"": ""Point""
}",-83.127348156,42.4052253
18094,1003741,LIVERNOIS,NORTHFIELD,2017-04-11,11,4,2017,9,3,8,9,,4,0,,1,1,1,35,4,2,2,5,0,0,0,0,true,,false,false,true,false,false,,,,,,false,false,false,,,false,false,false,false,false,-83.13859,42.36395,"{
  ""coordinates"": [
    -8.313858654599990e+01,
    4.236395394600000e+01
  ],
  ""type"": ""Point""
}","{
  ""coordinates"": [
    -83.138586546,
    42.363953946
  ],
  ""type"": ""Point""
}",-83.1385865459999,42.363953946
18095,1006478,ILENE,PICKFORD,2017-04-11,11,4,2017,17,3,4,9,,,0,,1,1,1,25,2,2,3,4,0,0,0,1,false,,false,false,false,false,false,,,,,,false,false,true,,,false,false,false,false,false,-83.16294,42.42595,"{
  ""coordinates"": [
    -8.316294030400000e+01,
    4.242594717700010e+01
  ],
  ""type"": ""Point""
}","{
  ""coordinates"": [
    -83.162940304,
    42.425947177
  ],
  ""type"": ""Point""
}",-83.162940304,42.4259471770001
18096,1003771,TELEGRAPH,8 MILE,2017-04-11,11,4,2017,9,3,5,2,,1,0,,2,2,1,45,4,3,2,5,0,0,0,0,true,,false,false,true,false,false,,,,,,false,false,false,,,false,false,false,false,false,-83.27831,42.44272,"{
  ""coordinates"": [
    -8.327830416700000e+01,
    4.244271801700010e+01
  ],
  ""type"": ""Point""
}","{
  ""coordinates"": [
    -83.278304167,
    42.442718017
  ],
  ""type"": ""Point""
}",-83.278304167,42.4427180170001
18097,1004603,S/B I-75,M-10,2017-04-11,11,4,2017,16,3,8,1,,1,0,,1,1,1,55,3,2,1,5,0,0,0,0,true,,false,false,true,false,false,,,,,,false,false,false,,,false,false,false,false,false,-83.03764,42.33159,"{
  ""coordinates"": [
    -8.303764588400000e+01,
    4.233158744000010e+01
  ],
  ""type"": ""Point""
}","{
  ""coordinates"": [
    -83.037645884,
    42.33158744
  ],
  ""type"": ""Point""
}",-83.037645884,42.3315874400001
18098,1005448,ROSA PARKS,RICHTON,2017-04-11,11,4,2017,13,3,1,9,,4,1,,1,1,1,30,3,1,1,1,1,0,0,0,false,,false,false,false,true,true,,,,,,false,false,false,,,false,false,false,false,false,-83.10873,42.38985,"{
  ""coordinates"": [
    -8.310873517999990e+01,
    4.238985363900010e+01
  ],
  ""type"": ""Point""
}","{
  ""coordinates"": [
    -83.10873518,
    42.389853639
  ],
  ""type"": ""Point""
}",-83.1087351799999,42.3898536390001
18099,1004629,FENKELL,LINWOOD,2017-04-11,11,4,2017,10,3,8,9,,4,0,,1,2,1,30,3,2,1,4,0,0,0,1,false,,false,false,true,false,false,,,,,,false,false,false,,,false,false,false,false,false,-83.12717,42.40296,"{
  ""coordinates"": [
    -8.312716360000000e+01,
    4.240295935900010e+01
  ],
  ""type"": ""Point""
}","{
  ""coordinates"": [
    -83.1271636,
    42.402959359
  ],
  ""type"": ""Point""
}",-83.1271636,42.4029593590001
18100,1004610,RAMP 215E,I 94,2017-04-11,11,4,2017,14,3,5,1,,1,0,,1,1,1,55,4,2,1,5,0,0,0,0,true,,false,false,false,false,false,,,,,,false,false,false,,,false,false,false,false,false,-83.07331,42.36132,"{
  ""coordinates"": [
    -8.307330703900000e+01,
    4.236131903100010e+01
  ],
  ""type"": ""Point""
}","{
  ""coordinates"": [
    -83.073307039,
    42.361319031
  ],
  ""type"": ""Point""
}",-83.073307039,42.3613190310001
18101,1004616,I-94,VAN DYKE,2017-04-11,11,4,2017,14,3,8,1,,1,0,,1,1,1,55,3,2,1,5,0,0,0,0,true,,false,false,true,false,false,,,,,,false,false,true,,,false,false,false,false,false,-83.0219,42.38565,"{
  ""coordinates"": [
    -8.302190358300000e+01,
    4.238565104100010e+01
  ],
  ""type"": ""Point""
}","{
  ""coordinates"": [
    -83.021903583,
    42.385651041
  ],
  ""type"": ""Point""
}",-83.021903583,42.3856510410001
18102,1003748,JOHN R,ALEXANDRINE,2017-04-11,11,4,2017,8,3,10,9,,4,0,,1,1,1,30,4,2,3,5,0,0,0,0,true,,false,false,false,false,false,,,,,,false,false,false,,,false,false,false,false,false,-83.05788,42.35127,"{
  ""coordinates"": [
    -8.305787755300000e+01,
    4.235126710300010e+01
  ],
  ""type"": ""Point""
}","{
  ""coordinates"": [
    -83.057877553,
    42.351267103
  ],
  ""type"": ""Point""
}",-83.057877553,42.3512671030001
18103,1003776,PEMBROKE,GREENVIEW,2017-04-11,11,4,2017,18,3,4,9,,,0,,1,1,1,0,1,2,2,5,0,0,0,0,true,,true,false,true,false,false,,,,,,false,false,false,,,false,false,false,false,false,-83.22577,42.43711,"{
  ""coordinates"": [
    -8.322577127499990e+01,
    4.243711609200010e+01
  ],
  ""type"": ""Point""
}","{
  ""coordinates"": [
    -83.225771275,
    42.437116092
  ],
  ""type"": ""Point""
}",-83.2257712749999,42.4371160920001
18104,1003749,LIVERNOIS,CURTIS,2017-04-11,11,4,2017,6,3,5,9,,4,0,,1,1,2,25,4,2,3,5,0,0,0,0,true,,false,false,false,false,false,,,,,,false,false,false,,,false,false,false,false,false,-83.14102,42.424,"{
  ""coordinates"": [
    -8.314102329500000e+01,
    4.242400129700010e+01
  ],
  ""type"": ""Point""
}","{
  ""coordinates"": [
    -83.141023295,
    42.424001297
  ],
  ""type"": ""Point""
}",-83.141023295,42.4240012970001
18105,1003146,GRATIOT,MAPLERIDGE,2017-04-11,11,4,2017,4,3,1,3,,1,0,,2,4,4,40,6,1,1,5,0,0,0,0,true,,false,false,false,false,false,,,,,,false,false,false,,,false,false,false,false,false,-82.98186,42.42877,"{
  ""coordinates"": [
    -8.298185491899990e+01,
    4.242876944300010e+01
  ],
  ""type"": ""Point""
}","{
  ""coordinates"": [
    -82.981854919,
    42.428769443
  ],
  ""type"": ""Point""
}",-82.9818549189999,42.4287694430001
18106,1004650,GREENFIELD,CHICAGO,2017-04-11,11,4,2017,20,3,5,9,,2,0,,1,1,4,0,2,2,2,5,0,0,0,0,true,,false,false,false,false,false,,,,,,false,false,false,,,false,false,false,false,false,-83.19728,42.36517,"{
  ""coordinates"": [
    -8.319727777900000e+01,
    4.236516905700010e+01
  ],
  ""type"": ""Point""
}","{
  ""coordinates"": [
    -83.197277779,
    42.365169057
  ],
  ""type"": ""Point""
}",-83.197277779,42.3651690570001
18107,1003755,BEATRICE,GLEASON,2017-04-11,11,4,2017,18,3,7,9,,,0,,1,1,1,25,1,2,1,5,0,0,0,0,true,,false,false,true,false,false,,,,,,false,false,false,,,false,false,false,false,false,-83.15996,42.26215,"{
  ""coordinates"": [
    -8.315995974700000e+01,
    4.226215027500010e+01
  ],
  ""type"": ""Point""
}","{
  ""coordinates"": [
    -83.159959747,
    42.262150275
  ],
  ""type"": ""Point""
}",-83.159959747,42.2621502750001
18108,1003754,S I 75,CARBON,2017-04-11,11,4,2017,12,3,4,1,,1,0,,1,1,1,25,3,2,2,5,0,0,0,0,true,,false,false,false,false,false,,,,,,false,false,false,,,false,false,false,false,false,-83.13301,42.28967,"{
  ""coordinates"": [
    -8.313300804700000e+01,
    4.228966889900000e+01
  ],
  ""type"": ""Point""
}","{
  ""coordinates"": [
    -83.133008047,
    42.289668899
  ],
  ""type"": ""Point""
}",-83.133008047,42.289668899
18109,1004645,DACOSTA,SAWYER,2017-04-11,11,4,2017,19,3,8,9,,,0,,1,1,1,25,2,2,2,5,0,0,0,0,true,,false,false,false,false,false,,,,,,false,false,false,,,false,false,false,false,false,-83.25785,42.34679,"{
  ""coordinates"": [
    -8.325785213700000e+01,
    4.234679298900010e+01
  ],
  ""type"": ""Point""
}","{
  ""coordinates"": [
    -83.257852137,
    42.346792989
  ],
  ""type"": ""Point""
}",-83.257852137,42.3467929890001
18110,1004637,VISGER,FORT,2017-04-11,11,4,2017,11,3,97,3,,4,0,,1,1,1,25,4,2,2,5,0,0,0,0,true,,false,false,false,false,false,,,,,,false,false,true,,,false,false,false,false,false,-83.16156,42.26839,"{
  ""coordinates"": [
    -8.316155716599999e+01,
    4.226839603800000e+01
  ],
  ""type"": ""Point""
}","{
  ""coordinates"": [
    -83.161557166,
    42.268396038
  ],
  ""type"": ""Point""
}",-83.161557166,42.268396038
18111,1005454,OUTER,MOENART,2017-04-11,11,4,2017,10,3,4,9,,2,0,,1,1,4,35,3,2,2,5,0,0,0,0,true,,false,false,false,false,false,,,,,,false,false,false,,,false,false,false,false,false,-83.05049,42.44059,"{
  ""coordinates"": [
    -8.305049220799999e+01,
    4.244059173200000e+01
  ],
  ""type"": ""Point""
}","{
  ""coordinates"": [
    -83.050492208,
    42.440591732
  ],
  ""type"": ""Point""
}",-83.050492208,42.440591732
18112,1003773,SOUTHFIELD SERVICE DRIVE,8 MILE,2017-04-11,11,4,2017,11,3,4,3,,5,0,,1,1,1,30,2,2,3,5,0,0,0,0,true,,false,false,false,false,false,,,,,,false,false,false,,,false,false,false,false,false,-83.21927,42.44415,"{
  ""coordinates"": [
    -8.321927185399990e+01,
    4.244414797400000e+01
  ],
  ""type"": ""Point""
}","{
  ""coordinates"": [
    -83.219271854,
    42.444147974
  ],
  ""type"": ""Point""
}",-83.2192718539999,42.444147974
18113,1003785,LIVERNOIS,7 MILE,2017-04-11,11,4,2017,6,3,1,9,,4,1,,2,1,2,10,1,1,2,4,0,0,0,1,false,,false,false,false,false,false,,,,,,false,false,false,,,false,false,false,false,false,-83.14158,42.43168,"{
  ""coordinates"": [
    -8.314157539099990e+01,
    4.243168380500000e+01
  ],
  ""type"": ""Point""
}","{
  ""coordinates"": [
    -83.141575391,
    42.431683805
  ],
  ""type"": ""Point""
}",-83.1415753909999,42.431683805
18114,1010818,EVERGREEN,ANN ARBOR,2017-04-11,11,4,2017,13,3,8,9,,4,0,,1,1,1,35,2,2,2,5,0,0,0,0,true,,false,false,false,false,false,,,,,,false,false,false,,,false,false,false,false,false,-83.2351,42.33584,"{
  ""coordinates"": [
    -8.323510100100000e+01,
    4.233584008000000e+01
  ],
  ""type"": ""Point""
}","{
  ""coordinates"": [
    -83.235101001,
    42.33584008
  ],
  ""type"": ""Point""
}",-83.235101001,42.33584008
18115,1006475,MCNICHOLS,2ND,2017-04-11,11,4,2017,11,3,10,9,,4,0,,1,1,1,0,2,2,2,5,0,0,0,0,true,,false,false,true,false,false,,,,,,false,true,false,,,false,false,false,false,false,-83.11034,42.41769,"{
  ""coordinates"": [
    -8.311034259699990e+01,
    4.241769164900010e+01
  ],
  ""type"": ""Point""
}","{
  ""coordinates"": [
    -83.110342597,
    42.417691649
  ],
  ""type"": ""Point""
}",-83.1103425969999,42.4176916490001
18116,1003721,S M 39,E I 96,2017-04-11,11,4,2017,9,3,5,3,,1,0,,1,1,1,70,3,3,4,3,0,0,1,0,false,,false,false,false,false,false,,,,,,false,false,true,,,false,false,false,false,false,-83.2171,42.37866,"{
  ""coordinates"": [
    -8.321709984400000e+01,
    4.237866022200010e+01
  ],
  ""type"": ""Point""
}","{
  ""coordinates"": [
    -83.217099844,
    42.378660222
  ],
  ""type"": ""Point""
}",-83.217099844,42.3786602220001
18117,1006487,HUBBELL,SANTA MARIA,2017-04-11,11,4,2017,15,3,4,9,,4,0,,1,1,1,30,2,2,4,4,0,0,0,1,false,,false,false,false,false,false,,,,,,false,false,true,,,false,false,false,false,false,-83.18961,42.41847,"{
  ""coordinates"": [
    -8.318960641500000e+01,
    4.241847034800000e+01
  ],
  ""type"": ""Point""
}","{
  ""coordinates"": [
    -83.189606415,
    42.418470348
  ],
  ""type"": ""Point""
}",-83.189606415,42.418470348
18118,1009163,8 MILE,WYOMING,2017-04-11,11,4,2017,22,3,1,3,,1,0,,1,1,4,40,4,2,1,1,1,0,0,0,false,,false,false,true,true,false,,,,,,true,true,false,,,false,false,false,false,false,-83.16138,42.44566,"{
  ""coordinates"": [
    -8.316138169100000e+01,
    4.244565523000010e+01
  ],
  ""type"": ""Point""
}","{
  ""coordinates"": [
    -83.161381691,
    42.44565523
  ],
  ""type"": ""Point""
}",-83.161381691,42.4456552300001
18119,1003744,S M 10,FOREST,2017-04-11,11,4,2017,10,3,7,3,,1,0,,1,1,1,25,2,2,2,5,0,0,0,0,true,,false,false,false,false,false,,,,,,false,false,true,,,false,false,false,false,false,-83.07226,42.35152,"{
  ""coordinates"": [
    -8.307225847200000e+01,
    4.235152286700000e+01
  ],
  ""type"": ""Point""
}","{
  ""coordinates"": [
    -83.072258472,
    42.351522867
  ],
  ""type"": ""Point""
}",-83.072258472,42.351522867
18120,1009161,E I 94,GRAND,2017-04-11,11,4,2017,8,3,5,1,,1,0,,1,1,1,25,2,2,2,4,0,0,0,1,false,,false,false,false,false,false,,,,,,false,false,false,,,false,false,false,false,false,-83.10916,42.34673,"{
  ""coordinates"": [
    -8.310915791399999e+01,
    4.234672975400010e+01
  ],
  ""type"": ""Point""
}","{
  ""coordinates"": [
    -83.109157914,
    42.346729754
  ],
  ""type"": ""Point""
}",-83.109157914,42.3467297540001
18121,1004636,DIX,ORMOND,2017-04-11,11,4,2017,9,3,97,9,,2,0,,2,1,1,25,4,2,2,4,0,0,0,1,false,,false,false,false,false,false,,,,,,false,false,false,,,false,false,false,false,false,-83.15382,42.29367,"{
  ""coordinates"": [
    -8.315381840000001e+01,
    4.229366855300000e+01
  ],
  ""type"": ""Point""
}","{
  ""coordinates"": [
    -83.1538184,
    42.293668553
  ],
  ""type"": ""Point""
}",-83.1538184,42.293668553
18122,1004600,E I 96 CD,GRAND RIVER,2017-04-11,11,4,2017,11,3,8,1,,1,0,,2,4,1,55,4,2,3,5,0,0,0,0,true,,false,false,false,false,false,,,,,,false,false,false,,,false,false,false,false,false,-83.17583,42.38353,"{
  ""coordinates"": [
    -8.317583815899999e+01,
    4.238352488100000e+01
  ],
  ""type"": ""Point""
}","{
  ""coordinates"": [
    -83.175838159,
    42.383524881
  ],
  ""type"": ""Point""
}",-83.175838159,42.383524881
18123,1004653,VAN DYKE,MILLER,2017-04-11,11,4,2017,12,3,1,3,,1,0,,1,1,1,35,7,1,1,2,0,1,0,0,false,,false,false,false,false,true,,,,,,false,false,false,,,false,false,false,false,false,-83.02252,42.39059,"{
  ""coordinates"": [
    -8.302252573999991e+01,
    4.239058710300000e+01
  ],
  ""type"": ""Point""
}","{
  ""coordinates"": [
    -83.02252574,
    42.390587103
  ],
  ""type"": ""Point""
}",-83.0225257399999,42.390587103
18124,1003778,GREENFIELD,CLARITA,2017-04-11,11,4,2017,7,3,3,9,,2,0,,1,1,1,0,4,2,2,5,0,0,0,0,true,,false,false,false,false,false,,,,,,false,true,false,,,false,false,false,false,false,-83.19978,42.42818,"{
  ""coordinates"": [
    -8.319978083200000e+01,
    4.242818048100000e+01
  ],
  ""type"": ""Point""
}","{
  ""coordinates"": [
    -83.199780832,
    42.428180481
  ],
  ""type"": ""Point""
}",-83.199780832,42.428180481
18125,1008142,CLAIRPOINTE,FREUD,2017-04-11,11,4,2017,20,3,1,9,,,1,,1,1,4,20,3,1,3,4,0,0,0,2,false,,false,false,false,false,false,,,,,,false,false,false,,,false,false,false,false,false,-82.95774,42.36409,"{
  ""coordinates"": [
    -8.295774279900000e+01,
    4.236409510000000e+01
  ],
  ""type"": ""Point""
}","{
  ""coordinates"": [
    -82.957742799,
    42.3640951
  ],
  ""type"": ""Point""
}",-82.957742799,42.3640951
18126,1003752,S I 75,CARBON,2017-04-11,11,4,2017,9,3,1,1,,1,1,,1,1,1,25,2,1,1,5,0,0,0,0,true,,false,false,false,false,false,,,,,,false,false,false,,,false,false,false,false,false,-83.13285,42.28973,"{
  ""coordinates"": [
    -8.313285397999989e+01,
    4.228973218500000e+01
  ],
  ""type"": ""Point""
}","{
  ""coordinates"": [
    -83.13285398,
    42.289732185
  ],
  ""type"": ""Point""
}",-83.1328539799999,42.289732185
18127,1008028,I-94,14TH,2017-04-11,11,4,2017,13,3,8,1,,1,0,,1,1,1,55,4,2,2,5,0,0,0,0,true,,false,false,false,false,false,,,,,,false,false,true,,,false,false,false,false,false,-83.09077,42.35274,"{
  ""coordinates"": [
    -8.309077144699999e+01,
    4.235273729700000e+01
  ],
  ""type"": ""Point""
}","{
  ""coordinates"": [
    -83.090771447,
    42.352737297
  ],
  ""type"": ""Point""
}",-83.090771447,42.352737297