ObjectId,Crash ID,Primary Road,Intersecting Road,Crash Date,Day,Month,Year,Hour,Weekday,Crash Type Code,Highway Classification Code,Community Code,Jurisdiction Code,Lane Departure Type Code,Surface Type,Road Condition,Weather Condition,Lighting Condition,Speed Limit,Lanes,Units,Occupants,Most Severe Injury,Fatal Injuries,Suspected Serious Injuries,Suspected Minor Injuries,Possible Injuries,Property Damage Only,Secondary Crash,Traffic Control,Red Light Run,Hit and Run,Alcohol,Drugs,Unbelted Person,Work Zone,Speeding Driver,Distracted Driver,Driveway,Pedestrian,Elderly Driver,Young Driver,Commercial Vehicle,Emergency Vehicles,Train,School Bus,Motorcycle,Bicycle,Deer,Longitude,Latitude,geom,geog,x,y
18128,1003772,TELEGRAPH,GRAND RIVER,2017-04-11,11,4,2017,17,3,8,2,,1,0,,1,1,1,45,4,2,1,5,0,0,0,0,true,,false,false,true,false,false,,,,,,false,false,true,,,false,false,false,false,false,-83.27737,42.42459,"{
  ""coordinates"": [
    -8.327737483999989e+01,
    4.242459545600010e+01
  ],
  ""type"": ""Point""
}","{
  ""coordinates"": [
    -83.27737484,
    42.424595456
  ],
  ""type"": ""Point""
}",-83.2773748399999,42.4245954560001
18129,1005434,MT ELLIOTT,FOREST,2017-04-11,11,4,2017,7,3,4,9,,4,0,,1,1,1,35,2,2,2,5,0,0,0,0,true,,true,true,false,false,false,,,,,,false,false,false,,,false,false,false,false,false,-83.02628,42.36839,"{
  ""coordinates"": [
    -8.302627673700000e+01,
    4.236838345200000e+01
  ],
  ""type"": ""Point""
}","{
  ""coordinates"": [
    -83.026276737,
    42.368383452
  ],
  ""type"": ""Point""
}",-83.026276737,42.368383452
18130,1003770,ORANGELAWN,GRANDMONT,2017-04-11,11,4,2017,16,3,4,9,,,0,,1,1,1,25,2,2,1,5,0,0,0,0,true,,false,false,true,false,false,,,,,,false,true,false,,,false,false,false,false,false,-83.20917,42.36764,"{
  ""coordinates"": [
    -8.320917102300000e+01,
    4.236764279900010e+01
  ],
  ""type"": ""Point""
}","{
  ""coordinates"": [
    -83.209171023,
    42.367642799
  ],
  ""type"": ""Point""
}",-83.209171023,42.3676427990001
18131,1006352,I-94,I-75,2017-04-10,10,4,2017,10,2,8,1,,1,0,,1,1,1,55,2,3,3,5,0,0,0,0,true,,false,false,false,false,false,,,,,,false,false,false,,,false,false,false,false,false,-83.0565,42.36949,"{
  ""coordinates"": [
    -8.305649531300000e+01,
    4.236949286400010e+01
  ],
  ""type"": ""Point""
}","{
  ""coordinates"": [
    -83.056495313,
    42.369492864
  ],
  ""type"": ""Point""
}",-83.056495313,42.3694928640001
18132,1003141,GRAND RIVER,SHORT/GRAND RIVER,2017-04-10,10,4,2017,8,2,97,3,,1,0,,1,1,1,45,4,4,6,4,0,0,0,2,false,,false,false,false,false,false,,,,,,false,false,true,,,false,false,false,false,false,-83.27581,42.42364,"{
  ""coordinates"": [
    -8.327581348200000e+01,
    4.242364172300010e+01
  ],
  ""type"": ""Point""
}","{
  ""coordinates"": [
    -83.275813482,
    42.423641723
  ],
  ""type"": ""Point""
}",-83.275813482,42.4236417230001
18133,1006353,N M 10,RAMP 215F,2017-04-10,10,4,2017,17,2,5,3,,1,0,,1,2,1,55,3,2,2,5,0,0,0,0,true,,false,false,false,false,false,,,,,,false,false,true,,,false,false,false,false,false,-83.07684,42.36039,"{
  ""coordinates"": [
    -8.307683639899990e+01,
    4.236039442800010e+01
  ],
  ""type"": ""Point""
}","{
  ""coordinates"": [
    -83.076836399,
    42.360394428
  ],
  ""type"": ""Point""
}",-83.0768363989999,42.3603944280001
18134,1003764,MCNICHOLS,ASBURY,2017-04-10,10,4,2017,21,2,97,9,,2,0,,2,2,3,35,4,2,1,5,0,0,0,0,true,,false,false,true,false,false,,,,,,false,false,false,,,false,false,true,false,false,-83.20995,42.41575,"{
  ""coordinates"": [
    -8.320994656800001e+01,
    4.241575146800010e+01
  ],
  ""type"": ""Point""
}","{
  ""coordinates"": [
    -83.209946568,
    42.415751468
  ],
  ""type"": ""Point""
}",-83.209946568,42.4157514680001
18135,1005348,S/B I-75,DAVISON,2017-04-10,10,4,2017,12,2,1,1,,1,1,,2,2,1,55,3,1,1,5,0,0,0,0,true,,false,false,false,false,false,,,,,,false,false,false,,,false,false,false,false,false,-83.08216,42.41172,"{
  ""coordinates"": [
    -8.308216290999999e+01,
    4.241171973700010e+01
  ],
  ""type"": ""Point""
}","{
  ""coordinates"": [
    -83.08216291,
    42.411719737
  ],
  ""type"": ""Point""
}",-83.08216291,42.4117197370001
18136,1005451,EIGHT MILE,I 75,2017-04-10,10,4,2017,19,2,5,3,,1,0,,1,1,1,40,3,2,2,4,0,0,0,1,false,,false,false,true,false,false,,,,,,false,false,false,,,false,false,false,false,false,-83.09469,42.44681,"{
  ""coordinates"": [
    -8.309468962100000e+01,
    4.244680834300000e+01
  ],
  ""type"": ""Point""
}","{
  ""coordinates"": [
    -83.094689621,
    42.446808343
  ],
  ""type"": ""Point""
}",-83.094689621,42.446808343
18137,1006347,I-75,SPRINGWELLS,2017-04-10,10,4,2017,18,2,97,1,,1,0,,2,4,1,70,3,2,2,4,0,0,0,1,false,,false,false,false,false,false,,,,,,false,false,false,,,false,false,false,false,false,-83.12299,42.29895,"{
  ""coordinates"": [
    -8.312298224700000e+01,
    4.229895349000000e+01
  ],
  ""type"": ""Point""
}","{
  ""coordinates"": [
    -83.122982247,
    42.29895349
  ],
  ""type"": ""Point""
}",-83.122982247,42.29895349
18138,1009064,N M 10,LIVERNOIS,2017-04-10,10,4,2017,14,2,8,3,,1,0,,1,1,1,55,3,2,2,5,0,0,0,0,true,,false,false,false,false,false,,,,,,false,false,true,,,false,false,false,false,false,-83.1402,42.40496,"{
  ""coordinates"": [
    -8.314019567799990e+01,
    4.240496384900010e+01
  ],
  ""type"": ""Point""
}","{
  ""coordinates"": [
    -83.140195678,
    42.404963849
  ],
  ""type"": ""Point""
}",-83.1401956779999,42.4049638490001
18139,1009923,WASHINGTON,CLIFFORD,2017-04-10,10,4,2017,1,2,5,9,,4,0,,1,2,4,25,3,2,1,5,0,0,0,0,true,,false,false,true,false,false,,,,,,false,false,false,,,false,false,false,false,false,-83.05119,42.33443,"{
  ""coordinates"": [
    -8.305119139500000e+01,
    4.233442594700010e+01
  ],
  ""type"": ""Point""
}","{
  ""coordinates"": [
    -83.051191395,
    42.334425947
  ],
  ""type"": ""Point""
}",-83.051191395,42.3344259470001
18140,1006340,RAMP 122K,S I 75,2017-04-10,10,4,2017,16,2,5,1,,1,0,,1,1,1,55,1,2,2,5,0,0,0,0,true,,false,false,false,false,false,,,,,,false,false,false,,,false,false,false,false,false,-83.06457,42.33539,"{
  ""coordinates"": [
    -8.306457010500000e+01,
    4.233538705200000e+01
  ],
  ""type"": ""Point""
}","{
  ""coordinates"": [
    -83.064570105,
    42.335387052
  ],
  ""type"": ""Point""
}",-83.064570105,42.335387052
18141,1003768,GRAND RIVER,LINDSAY,2017-04-10,10,4,2017,17,2,5,3,,1,0,,1,2,1,35,4,2,2,4,0,0,0,1,false,,false,false,false,false,false,,,,,,false,false,false,,,false,false,false,false,false,-83.21269,42.39845,"{
  ""coordinates"": [
    -8.321269160999999e+01,
    4.239844906300000e+01
  ],
  ""type"": ""Point""
}","{
  ""coordinates"": [
    -83.21269161,
    42.398449063
  ],
  ""type"": ""Point""
}",-83.21269161,42.398449063
18142,1006462,ROSA PARKS,LOTHROP,2017-04-10,10,4,2017,23,2,4,9,,4,0,,2,4,4,0,3,2,2,5,0,0,0,0,true,,false,false,true,false,false,,,,,,false,false,false,,,false,false,false,false,false,-83.09184,42.36511,"{
  ""coordinates"": [
    -8.309183724600000e+01,
    4.236511362400010e+01
  ],
  ""type"": ""Point""
}","{
  ""coordinates"": [
    -83.091837246,
    42.365113624
  ],
  ""type"": ""Point""
}",-83.091837246,42.3651136240001
18143,1009123,I-96,JOY,2017-04-10,10,4,2017,4,2,1,1,,1,0,,1,1,4,70,4,1,1,5,0,0,0,0,true,,false,false,false,false,false,,,,,,false,false,false,,,false,false,false,false,false,-83.13083,42.36441,"{
  ""coordinates"": [
    -8.313082556099990e+01,
    4.236441542400010e+01
  ],
  ""type"": ""Point""
}","{
  ""coordinates"": [
    -83.130825561,
    42.364415424
  ],
  ""type"": ""Point""
}",-83.1308255609999,42.3644154240001
18144,1005452,MCNICHOLS,S I 75 SERVICE DRIVE,2017-04-10,10,4,2017,10,2,4,1,,2,0,,1,1,1,35,4,2,2,5,0,0,0,0,true,,true,false,false,false,false,,,,,,false,false,false,,,false,false,false,false,false,-83.08853,42.41808,"{
  ""coordinates"": [
    -8.308853200300000e+01,
    4.241808346900010e+01
  ],
  ""type"": ""Point""
}","{
  ""coordinates"": [
    -83.088532003,
    42.418083469
  ],
  ""type"": ""Point""
}",-83.088532003,42.4180834690001
18145,1003139,GREENFIELD,7 MILE,2017-04-10,10,4,2017,15,2,4,9,,2,0,,1,1,1,35,4,2,2,5,0,0,0,0,true,,false,false,false,false,false,,,,,,false,false,true,,,false,false,false,false,false,-83.19987,42.43063,"{
  ""coordinates"": [
    -8.319987770400000e+01,
    4.243063083100000e+01
  ],
  ""type"": ""Point""
}","{
  ""coordinates"": [
    -83.199877704,
    42.430630831
  ],
  ""type"": ""Point""
}",-83.199877704,42.430630831
18146,1003128,BAGLEY,CLIFFORD,2017-04-10,10,4,2017,14,2,97,9,,4,3,,1,1,1,30,2,2,2,5,0,0,0,0,true,,false,false,false,false,false,,,,,,false,true,false,,,false,false,false,false,false,-83.05241,42.33525,"{
  ""coordinates"": [
    -8.305240873400000e+01,
    4.233525615600010e+01
  ],
  ""type"": ""Point""
}","{
  ""coordinates"": [
    -83.052408734,
    42.335256156
  ],
  ""type"": ""Point""
}",-83.052408734,42.3352561560001
18147,1003132,MICHIGAN,LUMLEY,2017-04-10,10,4,2017,20,2,8,2,,1,0,,1,2,4,35,2,2,1,5,0,0,0,0,true,,false,false,true,false,false,,,,,,false,false,true,,,false,false,false,false,false,-83.14113,42.33112,"{
  ""coordinates"": [
    -8.314112849700000e+01,
    4.233112027900010e+01
  ],
  ""type"": ""Point""
}","{
  ""coordinates"": [
    -83.141128497,
    42.331120279
  ],
  ""type"": ""Point""
}",-83.141128497,42.3311202790001
18148,1009126,N M 10,RAMP 215D,2017-04-10,10,4,2017,14,2,1,3,,1,1,,1,1,1,55,1,1,2,5,0,0,0,0,true,,false,false,false,false,false,,,,,,false,false,true,,,false,false,false,false,false,-83.07525,42.35774,"{
  ""coordinates"": [
    -8.307524889800000e+01,
    4.235774223400010e+01
  ],
  ""type"": ""Point""
}","{
  ""coordinates"": [
    -83.075248898,
    42.357742234
  ],
  ""type"": ""Point""
}",-83.075248898,42.3577422340001
18149,1003123,SPRINGWELLS,MICHIGAN,2017-04-10,10,4,2017,12,2,8,2,,,0,,2,2,1,25,2,2,2,5,0,0,0,0,true,,false,false,false,false,false,,,,,,false,false,false,,,false,false,false,false,false,-83.13993,42.33109,"{
  ""coordinates"": [
    -8.313993147199990e+01,
    4.233109450000010e+01
  ],
  ""type"": ""Point""
}","{
  ""coordinates"": [
    -83.139931472,
    42.3310945
  ],
  ""type"": ""Point""
}",-83.1399314719999,42.3310945000001
18150,1003150,LINWOOD,DAVISON,2017-04-10,10,4,2017,2,2,3,3,,4,0,,1,1,4,30,5,2,4,5,0,0,0,0,true,,true,true,false,false,false,,,,,,false,false,true,,,false,false,false,false,false,-83.12202,42.39302,"{
  ""coordinates"": [
    -8.312202594599999e+01,
    4.239302515600010e+01
  ],
  ""type"": ""Point""
}","{
  ""coordinates"": [
    -83.122025946,
    42.393025156
  ],
  ""type"": ""Point""
}",-83.122025946,42.3930251560001
18151,1003159,GREENFIELD,8 MILE,2017-04-10,10,4,2017,10,2,8,7,,1,0,,1,1,1,35,7,2,2,5,0,0,0,0,true,,false,false,false,false,false,,,,,,false,false,true,,,false,false,false,false,false,-83.2005,42.4446,"{
  ""coordinates"": [
    -8.320050299300000e+01,
    4.244459879400010e+01
  ],
  ""type"": ""Point""
}","{
  ""coordinates"": [
    -83.200502993,
    42.444598794
  ],
  ""type"": ""Point""
}",-83.200502993,42.4445987940001
18152,1009118,I 96,PACIFIC,2017-04-10,10,4,2017,13,2,8,1,,1,0,,2,1,1,70,4,2,3,4,0,0,0,2,false,,false,false,false,false,false,,,,,,false,false,false,,,false,false,false,false,false,-83.12046,42.3602,"{
  ""coordinates"": [
    -8.312045751600000e+01,
    4.236019740400010e+01
  ],
  ""type"": ""Point""
}","{
  ""coordinates"": [
    -83.120457516,
    42.360197404
  ],
  ""type"": ""Point""
}",-83.120457516,42.3601974040001
18153,1008025,I-75,SPRINGWELLS,2017-04-10,10,4,2017,5,2,8,1,,1,0,,1,1,4,70,4,2,2,5,0,0,0,0,true,,false,false,true,false,false,,,,,,false,false,false,,,false,false,false,false,false,-83.1177,42.30196,"{
  ""coordinates"": [
    -8.311769678300000e+01,
    4.230195991000010e+01
  ],
  ""type"": ""Point""
}","{
  ""coordinates"": [
    -83.117696783,
    42.30195991
  ],
  ""type"": ""Point""
}",-83.117696783,42.3019599100001
18154,1003140,7 MILE,SOUTHFIELD,2017-04-10,10,4,2017,11,2,8,9,,2,0,,1,2,1,0,4,2,2,5,0,0,0,0,true,,false,false,false,false,false,,,,,,false,false,false,,,false,false,false,false,false,-83.21945,42.43002,"{
  ""coordinates"": [
    -8.321944984100000e+01,
    4.243002253100010e+01
  ],
  ""type"": ""Point""
}","{
  ""coordinates"": [
    -83.219449841,
    42.430022531
  ],
  ""type"": ""Point""
}",-83.219449841,42.4300225310001
18155,1014095,M 10,6 B,2017-04-10,10,4,2017,4,2,1,3,,1,1,,2,1,4,65,3,1,2,4,0,0,0,1,false,,false,false,false,false,false,,,,,,false,false,false,,,false,false,false,false,false,-83.08344,42.36968,"{
  ""coordinates"": [
    -8.308344015400000e+01,
    4.236968161700000e+01
  ],
  ""type"": ""Point""
}","{
  ""coordinates"": [
    -83.083440154,
    42.369681617
  ],
  ""type"": ""Point""
}",-83.083440154,42.369681617
18156,1007265,FISHER,SPRINGWELLS,2017-04-10,10,4,2017,0,2,1,1,,1,1,,1,1,4,25,1,1,2,5,0,0,0,0,true,,false,false,false,false,false,,,,,,false,false,true,,,false,false,false,false,false,-83.11916,42.30137,"{
  ""coordinates"": [
    -8.311916309199999e+01,
    4.230137421600010e+01
  ],
  ""type"": ""Point""
}","{
  ""coordinates"": [
    -83.119163092,
    42.301374216
  ],
  ""type"": ""Point""
}",-83.119163092,42.3013742160001
18157,1010817,MAJESTIC,METTETAL,2017-04-10,10,4,2017,17,2,8,9,,,0,,3,2,1,25,1,2,1,5,0,0,0,0,true,,false,false,true,false,false,,,,,,false,false,false,,,false,false,false,false,false,-83.20491,42.34594,"{
  ""coordinates"": [
    -8.320490863500000e+01,
    4.234594171200010e+01
  ],
  ""type"": ""Point""
}","{
  ""coordinates"": [
    -83.204908635,
    42.345941712
  ],
  ""type"": ""Point""
}",-83.204908635,42.3459417120001
18158,1003753,WESTEND,JEFFERSON,2017-04-10,10,4,2017,13,2,10,9,,4,0,,1,1,1,25,4,2,2,5,0,0,0,0,true,,false,false,false,false,false,,,,,,false,false,true,,,false,false,false,false,false,-83.11348,42.29243,"{
  ""coordinates"": [
    -8.311348292799990e+01,
    4.229243231900010e+01
  ],
  ""type"": ""Point""
}","{
  ""coordinates"": [
    -83.113482928,
    42.292432319
  ],
  ""type"": ""Point""
}",-83.1134829279999,42.2924323190001
18159,1058265,GRAND RIVER,LIVERNOIS,2017-04-10,10,4,2017,14,2,4,3,,1,0,,1,1,1,35,7,2,3,5,0,0,0,0,true,,false,false,false,false,false,,,,,,false,true,false,,,false,false,false,false,false,-83.13875,42.36865,"{
  ""coordinates"": [
    -8.313874636400000e+01,
    4.236865055700010e+01
  ],
  ""type"": ""Point""
}","{
  ""coordinates"": [
    -83.138746364,
    42.368650557
  ],
  ""type"": ""Point""
}",-83.138746364,42.3686505570001
18160,1004673,7 MILE,WYOMING,2017-04-10,10,4,2017,19,2,97,9,,2,0,,1,1,1,30,5,3,1,5,0,0,0,0,true,,false,false,true,false,false,,,,,,false,false,false,,,false,false,false,false,false,-83.16209,42.43134,"{
  ""coordinates"": [
    -8.316209190300000e+01,
    4.243134021700010e+01
  ],
  ""type"": ""Point""
}","{
  ""coordinates"": [
    -83.162091903,
    42.431340217
  ],
  ""type"": ""Point""
}",-83.162091903,42.4313402170001
18161,1003142,GLASTONBURY,CHALFONTE,2017-04-10,10,4,2017,8,2,8,9,,,3,,1,1,1,25,1,2,1,5,0,0,0,0,true,,false,false,false,false,false,,,,,,false,false,true,,,false,false,false,false,false,-83.22516,42.39851,"{
  ""coordinates"": [
    -8.322516118899991e+01,
    4.239851442000000e+01
  ],
  ""type"": ""Point""
}","{
  ""coordinates"": [
    -83.225161189,
    42.39851442
  ],
  ""type"": ""Point""
}",-83.2251611889999,42.39851442
18162,1006329,W/B I-94,I-75,2017-04-10,10,4,2017,13,2,5,1,,1,0,,1,1,1,55,3,2,5,5,0,0,0,0,true,,false,false,false,false,false,,,,,,false,false,true,,,false,false,false,false,false,-83.05856,42.36836,"{
  ""coordinates"": [
    -8.305855736300001e+01,
    4.236835736400010e+01
  ],
  ""type"": ""Point""
}","{
  ""coordinates"": [
    -83.058557363,
    42.368357364
  ],
  ""type"": ""Point""
}",-83.058557363,42.3683573640001
18163,1014058,N/B I-75,MCNICHOLS,2017-04-10,10,4,2017,17,2,8,1,,1,0,,2,4,1,70,4,2,4,5,0,0,0,0,true,,false,false,true,false,false,,,,,,false,false,false,,,false,false,false,false,false,-83.08663,42.41687,"{
  ""coordinates"": [
    -8.308662818300000e+01,
    4.241686651100010e+01
  ],
  ""type"": ""Point""
}","{
  ""coordinates"": [
    -83.086628183,
    42.416866511
  ],
  ""type"": ""Point""
}",-83.086628183,42.4168665110001
18164,1006489,JAMES COUZENS,GRIGGS,2017-04-10,10,4,2017,21,2,8,9,,4,0,,2,4,4,35,3,2,2,5,0,0,0,0,true,,false,false,true,false,false,,,,,,false,false,false,,,false,false,false,false,false,-83.16286,42.40689,"{
  ""coordinates"": [
    -8.316285387300000e+01,
    4.240688749500000e+01
  ],
  ""type"": ""Point""
}","{
  ""coordinates"": [
    -83.162853873,
    42.406887495
  ],
  ""type"": ""Point""
}",-83.162853873,42.406887495
18165,1008999,RAMP 102D,8 MILE SERVICE DRIVE,2017-04-10,10,4,2017,11,2,4,3,,1,0,,1,2,1,35,1,2,2,5,0,0,0,0,true,,false,false,true,false,false,,,,,,false,false,false,,,false,false,false,false,false,-83.20288,42.44458,"{
  ""coordinates"": [
    -8.320288102200000e+01,
    4.244458278000010e+01
  ],
  ""type"": ""Point""
}","{
  ""coordinates"": [
    -83.202881022,
    42.44458278
  ],
  ""type"": ""Point""
}",-83.202881022,42.4445827800001
18166,1008164,HAYES,8 MILE,2017-04-10,10,4,2017,18,2,4,3,,4,0,,1,1,1,35,4,2,2,5,0,0,0,0,true,,false,false,true,false,false,,,,,,false,false,true,,,false,false,false,false,false,-82.96609,42.44989,"{
  ""coordinates"": [
    -8.296608734199999e+01,
    4.244989323500000e+01
  ],
  ""type"": ""Point""
}","{
  ""coordinates"": [
    -82.966087342,
    42.449893235
  ],
  ""type"": ""Point""
}",-82.966087342,42.449893235
18167,1003131,LAWNDALE,MICHIGAN,2017-04-10,10,4,2017,14,2,8,9,,,0,,1,1,1,25,2,2,1,5,0,0,0,0,true,,false,false,false,false,false,,,,,,false,false,false,,,false,false,false,false,false,-83.14708,42.32793,"{
  ""coordinates"": [
    -8.314707930000000e+01,
    4.232792615800000e+01
  ],
  ""type"": ""Point""
}","{
  ""coordinates"": [
    -83.1470793,
    42.327926158
  ],
  ""type"": ""Point""
}",-83.1470793,42.327926158
18168,1008456,HAYLEE,SEVEN MILE,2017-04-10,10,4,2017,12,2,5,9,,4,0,,2,4,1,30,2,2,2,5,0,0,0,0,true,,false,false,false,false,false,,,,,,false,false,false,,,false,false,false,false,false,-82.96547,42.43543,"{
  ""coordinates"": [
    -8.296546658800000e+01,
    4.243542984100000e+01
  ],
  ""type"": ""Point""
}","{
  ""coordinates"": [
    -82.965466588,
    42.435429841
  ],
  ""type"": ""Point""
}",-82.965466588,42.435429841
18169,1006328,S/B M-10,LINWOOD,2017-04-10,10,4,2017,7,2,5,3,,1,0,,1,1,1,55,3,2,2,5,0,0,0,0,true,,false,false,false,false,false,,,,,,false,false,true,,,false,false,false,false,false,-83.11855,42.40342,"{
  ""coordinates"": [
    -8.311854996900000e+01,
    4.240341987600000e+01
  ],
  ""type"": ""Point""
}","{
  ""coordinates"": [
    -83.118549969,
    42.403419876
  ],
  ""type"": ""Point""
}",-83.118549969,42.403419876
18170,1006351,W I 94,MOUNT ELLIOTT,2017-04-10,10,4,2017,7,2,1,1,,1,1,,1,1,1,55,3,1,1,3,0,0,1,0,false,,false,false,false,false,false,,,,,,false,false,false,,,false,false,false,false,false,-83.03314,42.37986,"{
  ""coordinates"": [
    -8.303314089500000e+01,
    4.237985617300010e+01
  ],
  ""type"": ""Point""
}","{
  ""coordinates"": [
    -83.033140895,
    42.379856173
  ],
  ""type"": ""Point""
}",-83.033140895,42.3798561730001
18171,1007330,2ND,HANCOCK,2017-04-10,10,4,2017,22,2,4,9,,5,0,,1,1,4,30,2,2,2,4,0,0,0,2,false,,false,false,false,false,false,,,,,,false,false,false,,,false,false,false,false,false,-83.06823,42.35411,"{
  ""coordinates"": [
    -8.306823075699999e+01,
    4.235411252500010e+01
  ],
  ""type"": ""Point""
}","{
  ""coordinates"": [
    -83.068230757,
    42.354112525
  ],
  ""type"": ""Point""
}",-83.068230757,42.3541125250001
18172,1009080,E/B I-94,M-10,2017-04-10,10,4,2017,14,2,5,1,,1,0,,1,1,1,55,3,2,2,5,0,0,0,0,true,,false,false,false,false,false,,,,,,false,false,true,,,false,false,false,false,false,-83.07623,42.35894,"{
  ""coordinates"": [
    -8.307622270199990e+01,
    4.235894318900010e+01
  ],
  ""type"": ""Point""
}","{
  ""coordinates"": [
    -83.076222702,
    42.358943189
  ],
  ""type"": ""Point""
}",-83.0762227019999,42.3589431890001
18173,1004654,I375,GRATIOT,2017-04-10,10,4,2017,13,2,5,1,,1,0,,1,1,1,55,3,2,2,5,0,0,0,0,true,,false,false,false,false,false,,,,,,false,false,true,,,false,false,false,false,false,-83.04111,42.33999,"{
  ""coordinates"": [
    -8.304111106499990e+01,
    4.233998819500000e+01
  ],
  ""type"": ""Point""
}","{
  ""coordinates"": [
    -83.041111065,
    42.339988195
  ],
  ""type"": ""Point""
}",-83.0411110649999,42.339988195
18174,1009081,N I 75,CLAY,2017-04-10,10,4,2017,16,2,5,1,,1,0,,1,1,1,55,3,2,2,4,0,0,0,1,false,,false,false,false,false,false,,,,,,false,false,true,,,false,false,false,false,false,-83.06293,42.37888,"{
  ""coordinates"": [
    -8.306293712000000e+01,
    4.237887718800000e+01
  ],
  ""type"": ""Point""
}","{
  ""coordinates"": [
    -83.06293712,
    42.378877188
  ],
  ""type"": ""Point""
}",-83.06293712,42.378877188
18175,1006472,E I 96,MCGRAW,2017-04-10,10,4,2017,7,2,5,1,,1,0,,1,1,1,55,5,2,2,5,0,0,0,0,true,,false,false,false,false,false,,,,,,false,false,false,,,false,false,false,false,false,-83.10173,42.35218,"{
  ""coordinates"": [
    -8.310173367599999e+01,
    4.235218029200010e+01
  ],
  ""type"": ""Point""
}","{
  ""coordinates"": [
    -83.101733676,
    42.352180292
  ],
  ""type"": ""Point""
}",-83.101733676,42.3521802920001
18176,1005450,8 MILE,S I 75 SERVICE DRIVE,2017-04-10,10,4,2017,19,2,97,3,,1,0,,2,4,1,45,3,2,1,5,0,0,0,0,true,,false,false,true,false,false,,,,,,false,false,false,,,false,false,false,false,false,-83.09549,42.44679,"{
  ""coordinates"": [
    -8.309548865799999e+01,
    4.244679226500010e+01
  ],
  ""type"": ""Point""
}","{
  ""coordinates"": [
    -83.095488658,
    42.446792265
  ],
  ""type"": ""Point""
}",-83.095488658,42.4467922650001
18177,1006356,S/B M-39,MCNICHOLS,2017-04-10,10,4,2017,22,2,1,3,,1,0,,1,1,4,55,3,1,1,5,0,0,0,0,true,,false,false,false,false,false,,,,,,false,false,true,,,false,false,false,false,false,-83.21889,42.417,"{
  ""coordinates"": [
    -8.321889586200000e+01,
    4.241699536800010e+01
  ],
  ""type"": ""Point""
}","{
  ""coordinates"": [
    -83.218895862,
    42.416995368
  ],
  ""type"": ""Point""
}",-83.218895862,42.4169953680001
18178,1003143,SOUTHFIELD SERVICE DRIVE,8 MILE,2017-04-10,10,4,2017,6,2,4,3,,4,0,,1,2,1,35,4,2,2,5,0,0,0,0,true,,true,true,false,false,false,,,,,,false,false,false,,,false,false,false,false,false,-83.22015,42.44419,"{
  ""coordinates"": [
    -8.322014401099990e+01,
    4.244418762000000e+01
  ],
  ""type"": ""Point""
}","{
  ""coordinates"": [
    -83.220144011,
    42.44418762
  ],
  ""type"": ""Point""
}",-83.2201440109999,42.44418762
18179,1003130,JUNCTION,KONKEL,2017-04-10,10,4,2017,16,2,8,9,,4,3,,1,1,1,25,2,2,2,5,0,0,0,0,true,,false,false,false,false,false,,,,,,false,false,false,,,false,false,false,false,false,-83.10819,42.32664,"{
  ""coordinates"": [
    -8.310819232300000e+01,
    4.232664019000000e+01
  ],
  ""type"": ""Point""
}","{
  ""coordinates"": [
    -83.108192323,
    42.32664019
  ],
  ""type"": ""Point""
}",-83.108192323,42.32664019
18180,1003154,HEALY,7 MILE,2017-04-10,10,4,2017,9,2,8,9,,,0,,1,1,1,25,2,3,1,5,0,0,0,0,true,,false,false,true,false,false,,,,,,false,false,false,,,false,false,false,false,false,-83.05531,42.4311,"{
  ""coordinates"": [
    -8.305531355999990e+01,
    4.243110319100000e+01
  ],
  ""type"": ""Point""
}","{
  ""coordinates"": [
    -83.05531356,
    42.431103191
  ],
  ""type"": ""Point""
}",-83.0553135599999,42.431103191
18181,1016643,TRINITY,PILGRIM,2017-04-10,10,4,2017,18,2,4,9,,,0,,1,1,1,25,2,2,3,4,0,0,0,2,false,,false,false,false,false,false,,,,,,false,false,false,,,false,false,false,false,false,-83.24847,42.40596,"{
  ""coordinates"": [
    -8.324846921999990e+01,
    4.240596056700010e+01
  ],
  ""type"": ""Point""
}","{
  ""coordinates"": [
    -83.24846922,
    42.405960567
  ],
  ""type"": ""Point""
}",-83.2484692199999,42.4059605670001
18182,1003126,GRAND,HUBBARD,2017-04-10,10,4,2017,17,2,1,9,,4,0,,2,2,1,25,2,1,1,5,0,0,0,0,true,,false,false,false,false,false,,,,,,false,false,false,,,false,false,false,false,false,-83.10001,42.33381,"{
  ""coordinates"": [
    -8.310000607200000e+01,
    4.233380401700000e+01
  ],
  ""type"": ""Point""
}","{
  ""coordinates"": [
    -83.100006072,
    42.333804017
  ],
  ""type"": ""Point""
}",-83.100006072,42.333804017
18183,1003763,EVERGREEN,CHICAGO,2017-04-10,10,4,2017,17,2,97,9,,4,0,,1,2,1,35,2,2,1,5,0,0,0,0,true,,false,false,true,false,false,,,,,,false,false,false,,,false,false,false,false,false,-83.23608,42.36609,"{
  ""coordinates"": [
    -8.323607594700000e+01,
    4.236608842200010e+01
  ],
  ""type"": ""Point""
}","{
  ""coordinates"": [
    -83.236075947,
    42.366088422
  ],
  ""type"": ""Point""
}",-83.236075947,42.3660884220001
18184,1005335,M-39,SCHOOLCRAFT,2017-04-10,10,4,2017,10,2,8,3,,1,0,,1,2,1,55,3,2,2,5,0,0,0,0,true,,false,false,false,false,false,,,,,,false,false,false,,,false,false,false,false,false,-83.21777,42.38809,"{
  ""coordinates"": [
    -8.321777690899999e+01,
    4.238809264800010e+01
  ],
  ""type"": ""Point""
}","{
  ""coordinates"": [
    -83.217776909,
    42.388092648
  ],
  ""type"": ""Point""
}",-83.217776909,42.3880926480001