ObjectId,Crash ID,Primary Road,Intersecting Road,Crash Date,Day,Month,Year,Hour,Weekday,Crash Type Code,Highway Classification Code,Community Code,Jurisdiction Code,Lane Departure Type Code,Surface Type,Road Condition,Weather Condition,Lighting Condition,Speed Limit,Lanes,Units,Occupants,Most Severe Injury,Fatal Injuries,Suspected Serious Injuries,Suspected Minor Injuries,Possible Injuries,Property Damage Only,Secondary Crash,Traffic Control,Red Light Run,Hit and Run,Alcohol,Drugs,Unbelted Person,Work Zone,Speeding Driver,Distracted Driver,Driveway,Pedestrian,Elderly Driver,Young Driver,Commercial Vehicle,Emergency Vehicles,Train,School Bus,Motorcycle,Bicycle,Deer,Longitude,Latitude,geom,geog,x,y
18185,1077101,RAMP 216I,RAMP 216J,2017-04-10,10,4,2017,12,2,5,1,,1,0,,1,1,1,55,1,2,4,5,0,0,0,0,true,,false,false,false,false,false,,,,,,false,false,true,,,false,false,false,false,false,-83.05898,42.36962,"{
  ""coordinates"": [
    -8.305897690099989e+01,
    4.236961858000010e+01
  ],
  ""type"": ""Point""
}","{
  ""coordinates"": [
    -83.058976901,
    42.36961858
  ],
  ""type"": ""Point""
}",-83.0589769009999,42.3696185800001
18186,1002181,FULLERTON,HARTWELL,2017-04-10,10,4,2017,2,2,8,9,,4,0,,2,1,4,35,2,2,2,5,0,0,0,0,true,,false,false,false,false,false,,,,,,false,false,true,,,false,false,false,false,false,-83.17692,42.38032,"{
  ""coordinates"": [
    -8.317691530699990e+01,
    4.238032049000000e+01
  ],
  ""type"": ""Point""
}","{
  ""coordinates"": [
    -83.176915307,
    42.38032049
  ],
  ""type"": ""Point""
}",-83.1769153069999,42.38032049
18187,1003122,RAMP 216D,RUSSELL,2017-04-10,10,4,2017,13,2,8,1,,1,0,,1,1,1,35,2,2,2,5,0,0,0,0,true,,false,false,false,false,false,,,,,,false,true,false,,,false,false,false,false,false,-83.05577,42.36932,"{
  ""coordinates"": [
    -8.305576784300000e+01,
    4.236931959300010e+01
  ],
  ""type"": ""Point""
}","{
  ""coordinates"": [
    -83.055767843,
    42.369319593
  ],
  ""type"": ""Point""
}",-83.055767843,42.3693195930001
18188,1005341,E/B I-94,CONNER,2017-04-10,10,4,2017,9,2,5,1,,1,0,,1,1,1,70,3,2,2,5,0,0,0,0,true,,false,false,false,false,false,,,,,,false,false,true,,,false,false,false,false,false,-82.98745,42.39668,"{
  ""coordinates"": [
    -8.298745178500000e+01,
    4.239667543700010e+01
  ],
  ""type"": ""Point""
}","{
  ""coordinates"": [
    -82.987451785,
    42.396675437
  ],
  ""type"": ""Point""
}",-82.987451785,42.3966754370001
18189,1003769,GRAND RIVER,BERG,2017-04-10,10,4,2017,6,2,3,3,,1,0,,2,1,2,35,4,2,1,5,0,0,0,0,true,,false,false,true,false,false,,,,,,false,false,false,,,false,false,false,false,false,-83.26643,42.42012,"{
  ""coordinates"": [
    -8.326643455500000e+01,
    4.242012578600000e+01
  ],
  ""type"": ""Point""
}","{
  ""coordinates"": [
    -83.266434555,
    42.420125786
  ],
  ""type"": ""Point""
}",-83.266434555,42.420125786
18190,1003121,FORT,MILLER,2017-04-10,10,4,2017,19,2,5,3,,1,0,,2,4,1,35,5,3,4,5,0,0,0,0,true,,false,false,false,false,false,,,,,,false,false,true,,,false,false,false,false,false,-83.14086,42.29192,"{
  ""coordinates"": [
    -8.314085959900000e+01,
    4.229192260600010e+01
  ],
  ""type"": ""Point""
}","{
  ""coordinates"": [
    -83.140859599,
    42.291922606
  ],
  ""type"": ""Point""
}",-83.140859599,42.2919226060001
18191,1003733,I-75,M-8,2017-04-10,10,4,2017,15,2,5,1,,1,0,,1,1,1,70,4,2,2,4,0,0,0,1,false,,false,false,false,false,false,,,,,,false,false,true,,,false,false,false,false,false,-83.08072,42.41005,"{
  ""coordinates"": [
    -8.308071821599999e+01,
    4.241005140000000e+01
  ],
  ""type"": ""Point""
}","{
  ""coordinates"": [
    -83.080718216,
    42.4100514
  ],
  ""type"": ""Point""
}",-83.080718216,42.4100514
18192,1003127,JEFFERSON,BEAUBIEN,2017-04-10,10,4,2017,18,2,8,4,,1,0,,2,2,1,35,6,2,3,5,0,0,0,0,true,,false,false,false,false,false,,,,,,false,false,false,,,false,false,false,false,false,-83.03958,42.33097,"{
  ""coordinates"": [
    -8.303958511199990e+01,
    4.233097070300000e+01
  ],
  ""type"": ""Point""
}","{
  ""coordinates"": [
    -83.039585112,
    42.330970703
  ],
  ""type"": ""Point""
}",-83.0395851119999,42.330970703
18193,1006355,N/B I-75,DAVISON,2017-04-10,10,4,2017,17,2,5,1,,1,0,,1,2,1,70,4,2,2,5,0,0,0,0,true,,false,false,false,false,false,,,,,,false,false,false,,,false,false,false,false,false,-83.08032,42.40997,"{
  ""coordinates"": [
    -8.308031911099989e+01,
    4.240996588500010e+01
  ],
  ""type"": ""Point""
}","{
  ""coordinates"": [
    -83.080319111,
    42.409965885
  ],
  ""type"": ""Point""
}",-83.0803191109999,42.4099658850001
18194,1003759,GRAND RIVER,OUTER,2017-04-10,10,4,2017,13,2,5,3,,1,0,,2,4,1,35,5,2,1,5,0,0,0,0,true,,false,false,true,false,false,,,,,,false,false,false,,,false,false,false,false,false,-83.23251,42.40643,"{
  ""coordinates"": [
    -8.323251687100000e+01,
    4.240642787200010e+01
  ],
  ""type"": ""Point""
}","{
  ""coordinates"": [
    -83.232516871,
    42.406427872
  ],
  ""type"": ""Point""
}",-83.232516871,42.4064278720001
18195,1003155,MCNICHOLS,WANDAR,2017-04-10,10,4,2017,6,2,1,9,,4,0,,1,1,1,30,2,1,1,4,0,0,0,1,false,,false,false,false,false,false,,,,,,false,false,false,,,false,false,false,false,false,-83.09541,42.41803,"{
  ""coordinates"": [
    -8.309540703800000e+01,
    4.241802957000000e+01
  ],
  ""type"": ""Point""
}","{
  ""coordinates"": [
    -83.095407038,
    42.41802957
  ],
  ""type"": ""Point""
}",-83.095407038,42.41802957
18196,1003742,SCHOOLCRAFT,STRATHMORE,2017-04-10,10,4,2017,17,2,8,9,,2,0,,1,1,1,35,4,2,2,5,0,0,0,0,true,,false,false,false,false,false,,,,,,false,false,true,,,false,false,false,false,false,-83.1874,42.38739,"{
  ""coordinates"": [
    -8.318740358799990e+01,
    4.238739319300000e+01
  ],
  ""type"": ""Point""
}","{
  ""coordinates"": [
    -83.187403588,
    42.387393193
  ],
  ""type"": ""Point""
}",-83.1874035879999,42.387393193
18197,1003767,ROBSON,ORANGELAWN,2017-04-10,10,4,2017,1,2,4,9,,,0,,1,1,4,0,2,2,2,4,0,0,0,1,false,,false,false,true,false,false,,,,,,false,false,true,,,false,false,false,false,false,-83.19191,42.36777,"{
  ""coordinates"": [
    -8.319191338800000e+01,
    4.236777117400000e+01
  ],
  ""type"": ""Point""
}","{
  ""coordinates"": [
    -83.191913388,
    42.367771174
  ],
  ""type"": ""Point""
}",-83.191913388,42.367771174
18198,1003780,VAN DYKE,I 94,2017-04-10,10,4,2017,4,2,5,1,,1,0,,1,1,4,25,2,2,1,4,0,0,0,1,false,,false,false,true,false,false,,,,,,false,false,false,,,false,false,false,false,false,-83.01929,42.38604,"{
  ""coordinates"": [
    -8.301928799099990e+01,
    4.238603981000010e+01
  ],
  ""type"": ""Point""
}","{
  ""coordinates"": [
    -83.019287991,
    42.38603981
  ],
  ""type"": ""Point""
}",-83.0192879909999,42.3860398100001
18199,1005407,I-94,CONCORD,2017-04-10,10,4,2017,0,2,1,1,,1,1,,1,1,4,55,3,1,2,4,0,0,0,2,false,,false,false,false,false,false,,,,,,false,false,true,,,false,false,false,false,false,-83.02941,42.38383,"{
  ""coordinates"": [
    -8.302941311900000e+01,
    4.238383500100010e+01
  ],
  ""type"": ""Point""
}","{
  ""coordinates"": [
    -83.029413119,
    42.383835001
  ],
  ""type"": ""Point""
}",-83.029413119,42.3838350010001
18200,1003136,ANTIETAM,ORLEANS,2017-04-10,10,4,2017,4,2,98,9,,4,3,,98,98,97,25,2,2,0,5,0,0,0,0,true,,false,false,true,false,false,,,,,,false,false,false,,,false,false,false,false,false,-83.0376,42.34272,"{
  ""coordinates"": [
    -8.303759415000000e+01,
    4.234271701400010e+01
  ],
  ""type"": ""Point""
}","{
  ""coordinates"": [
    -83.03759415,
    42.342717014
  ],
  ""type"": ""Point""
}",-83.03759415,42.3427170140001
18201,1003137,JEFFERSON,SAINT AUBIN,2017-04-10,10,4,2017,12,2,9,9,,4,0,,1,1,1,30,4,2,3,5,0,0,0,0,true,,false,false,false,false,false,,,,,,false,true,false,,,false,false,false,false,false,-83.02777,42.33604,"{
  ""coordinates"": [
    -8.302777441300000e+01,
    4.233603661100010e+01
  ],
  ""type"": ""Point""
}","{
  ""coordinates"": [
    -83.027774413,
    42.336036611
  ],
  ""type"": ""Point""
}",-83.027774413,42.3360366110001
18202,1002195,NORMAN,PITT,2017-04-09,9,4,2017,3,1,8,9,,,0,,1,1,4,25,3,2,1,5,0,0,0,0,true,,false,false,true,false,false,,,,,,false,false,false,,,false,false,false,false,false,-83.13101,42.31297,"{
  ""coordinates"": [
    -8.313101474599991e+01,
    4.231296675800010e+01
  ],
  ""type"": ""Point""
}","{
  ""coordinates"": [
    -83.131014746,
    42.312966758
  ],
  ""type"": ""Point""
}",-83.1310147459999,42.3129667580001
18203,1002228,14TH,FOREST,2017-04-09,9,4,2017,1,1,98,3,,4,0,,1,1,4,30,4,2,1,5,0,0,0,0,true,,false,false,true,false,false,,,,,,false,false,false,,,false,false,false,false,false,-83.08566,42.34743,"{
  ""coordinates"": [
    -8.308565696399999e+01,
    4.234742896700000e+01
  ],
  ""type"": ""Point""
}","{
  ""coordinates"": [
    -83.085656964,
    42.347428967
  ],
  ""type"": ""Point""
}",-83.085656964,42.347428967
18204,1005380,E I 96,SCHOOLCRAFT,2017-04-09,9,4,2017,1,1,1,1,,1,1,,1,1,4,25,3,1,1,5,0,0,0,0,true,,false,false,false,false,false,,,,,,false,false,false,,,false,false,false,false,false,-83.2419,42.38443,"{
  ""coordinates"": [
    -8.324189699100000e+01,
    4.238443419400010e+01
  ],
  ""type"": ""Point""
}","{
  ""coordinates"": [
    -83.241896991,
    42.384434194
  ],
  ""type"": ""Point""
}",-83.241896991,42.3844341940001
18205,1002191,MACK,SAINT ANTOINE,2017-04-09,9,4,2017,15,1,5,9,,4,0,,1,1,1,30,3,2,2,5,0,0,0,0,true,,false,false,false,false,false,,,,,,false,true,false,,,false,false,false,false,false,-83.05072,42.35015,"{
  ""coordinates"": [
    -8.305071784599990e+01,
    4.235015447500010e+01
  ],
  ""type"": ""Point""
}","{
  ""coordinates"": [
    -83.050717846,
    42.350154475
  ],
  ""type"": ""Point""
}",-83.0507178459999,42.3501544750001
18206,1003782,ALMA,QUEEN,2017-04-09,9,4,2017,22,1,8,9,,,0,,1,1,4,25,1,2,0,5,0,0,0,0,true,,false,false,true,false,false,,,,,,false,false,false,,,false,false,false,false,false,-82.96751,42.42157,"{
  ""coordinates"": [
    -8.296751183000001e+01,
    4.242157355000010e+01
  ],
  ""type"": ""Point""
}","{
  ""coordinates"": [
    -82.96751183,
    42.42157355
  ],
  ""type"": ""Point""
}",-82.96751183,42.4215735500001
18207,1005364,DAVISON,JOS CAMPAU,2017-04-09,9,4,2017,2,1,1,3,,1,1,,1,1,4,55,3,1,0,5,0,0,0,0,true,,false,false,false,false,false,,,,,,false,false,false,,,false,false,false,false,false,-83.0693,42.41318,"{
  ""coordinates"": [
    -8.306929813399999e+01,
    4.241318018000000e+01
  ],
  ""type"": ""Point""
}","{
  ""coordinates"": [
    -83.069298134,
    42.41318018
  ],
  ""type"": ""Point""
}",-83.069298134,42.41318018
18208,1002226,BRENTWOOD,ANTWERP,2017-04-09,9,4,2017,4,1,8,9,,,0,,1,1,1,25,2,2,2,5,0,0,0,0,true,,false,false,true,false,false,,,,,,false,false,true,,,false,false,false,false,false,-83.01806,42.43333,"{
  ""coordinates"": [
    -8.301805588100000e+01,
    4.243333411800010e+01
  ],
  ""type"": ""Point""
}","{
  ""coordinates"": [
    -83.018055881,
    42.433334118
  ],
  ""type"": ""Point""
}",-83.018055881,42.4333341180001
18209,1003766,8 MILE,GREENFIELD,2017-04-09,9,4,2017,21,1,5,3,,1,0,,1,1,4,45,4,2,4,5,0,0,0,0,true,,false,false,false,false,false,,,,,,false,false,true,,,false,false,false,false,false,-83.20024,42.44481,"{
  ""coordinates"": [
    -8.320024272200000e+01,
    4.244481082300010e+01
  ],
  ""type"": ""Point""
}","{
  ""coordinates"": [
    -83.200242722,
    42.444810823
  ],
  ""type"": ""Point""
}",-83.200242722,42.4448108230001
18210,1004609,E I 94,GRAND,2017-04-09,9,4,2017,17,1,5,1,,1,0,,1,1,1,55,3,2,1,5,0,0,0,0,true,,false,false,true,false,false,,,,,,false,false,false,,,false,false,false,false,false,-83.1096,42.34654,"{
  ""coordinates"": [
    -8.310959613199999e+01,
    4.234653862800010e+01
  ],
  ""type"": ""Point""
}","{
  ""coordinates"": [
    -83.109596132,
    42.346538628
  ],
  ""type"": ""Point""
}",-83.109596132,42.3465386280001
18211,1002206,SANTA CLARA,PATTON,2017-04-09,9,4,2017,14,1,4,9,,,0,,1,1,1,25,2,2,1,5,0,0,0,0,true,,true,false,true,false,false,,,,,,false,false,false,,,false,false,false,false,false,-83.24506,42.41906,"{
  ""coordinates"": [
    -8.324505471700000e+01,
    4.241905827900010e+01
  ],
  ""type"": ""Point""
}","{
  ""coordinates"": [
    -83.245054717,
    42.419058279
  ],
  ""type"": ""Point""
}",-83.245054717,42.4190582790001
18212,1003158,7 MILE,HELEN,2017-04-09,9,4,2017,18,1,3,9,,4,0,,1,1,1,30,2,2,4,3,0,0,1,1,false,,false,false,true,false,false,,,,,,false,false,false,,,false,false,false,false,false,-83.03175,42.43383,"{
  ""coordinates"": [
    -8.303174958900000e+01,
    4.243382602300010e+01
  ],
  ""type"": ""Point""
}","{
  ""coordinates"": [
    -83.031749589,
    42.433826023
  ],
  ""type"": ""Point""
}",-83.031749589,42.4338260230001
18213,1002193,PITT,CENTRAL,2017-04-09,9,4,2017,14,1,8,9,,,3,,1,1,1,25,2,2,4,5,0,0,0,0,true,,false,false,false,false,false,,,,,,false,false,true,,,false,false,false,false,false,-83.1259,42.31441,"{
  ""coordinates"": [
    -8.312589778099991e+01,
    4.231441344900000e+01
  ],
  ""type"": ""Point""
}","{
  ""coordinates"": [
    -83.125897781,
    42.314413449
  ],
  ""type"": ""Point""
}",-83.1258977809999,42.314413449
18214,1002223,PALLISTER,BYRON,2017-04-09,9,4,2017,7,1,2,9,,,0,,1,1,1,0,4,2,2,5,0,0,0,0,true,,false,false,false,false,false,,,,,,false,false,true,,,false,false,false,false,false,-83.08736,42.36906,"{
  ""coordinates"": [
    -8.308735965499990e+01,
    4.236906569200000e+01
  ],
  ""type"": ""Point""
}","{
  ""coordinates"": [
    -83.087359655,
    42.369065692
  ],
  ""type"": ""Point""
}",-83.0873596549999,42.369065692
18215,1011730,OUTER,GLENDALE,2017-04-09,9,4,2017,23,1,1,9,,2,1,,1,1,4,35,4,2,1,2,0,1,0,0,false,,false,false,true,false,false,,,,,,true,false,true,,,false,false,false,false,false,-83.26112,42.37985,"{
  ""coordinates"": [
    -8.326111819899999e+01,
    4.237984712800010e+01
  ],
  ""type"": ""Point""
}","{
  ""coordinates"": [
    -83.261118199,
    42.379847128
  ],
  ""type"": ""Point""
}",-83.261118199,42.3798471280001
18216,1002205,GREENFIELD,7 MILE,2017-04-09,9,4,2017,14,1,4,9,,2,0,,1,1,1,35,4,2,2,4,0,0,0,2,false,,false,false,false,false,false,,,,,,false,false,false,,,false,false,false,false,false,-83.19987,42.43041,"{
  ""coordinates"": [
    -8.319986887800000e+01,
    4.243041410800000e+01
  ],
  ""type"": ""Point""
}","{
  ""coordinates"": [
    -83.199868878,
    42.430414108
  ],
  ""type"": ""Point""
}",-83.199868878,42.430414108
18217,1006477,EIGHT MILE,REDFERN,2017-04-09,9,4,2017,16,1,5,3,,1,0,,1,1,1,40,3,2,2,5,0,0,0,0,true,,false,false,false,false,false,,,,,,false,false,true,,,false,false,false,false,false,-83.26531,42.44308,"{
  ""coordinates"": [
    -8.326531328500000e+01,
    4.244308046700010e+01
  ],
  ""type"": ""Point""
}","{
  ""coordinates"": [
    -83.265313285,
    42.443080467
  ],
  ""type"": ""Point""
}",-83.265313285,42.4430804670001
18218,1003156,MARX,EMERY,2017-04-09,9,4,2017,19,1,97,9,,,0,,1,1,4,30,4,2,0,5,0,0,0,0,true,,false,false,true,false,false,,,,,,false,false,false,,,false,false,false,false,false,-83.08418,42.43554,"{
  ""coordinates"": [
    -8.308418302299999e+01,
    4.243554183600000e+01
  ],
  ""type"": ""Point""
}","{
  ""coordinates"": [
    -83.084183023,
    42.435541836
  ],
  ""type"": ""Point""
}",-83.084183023,42.435541836
18219,1003145,ANVIL,EASTBURN,2017-04-09,9,4,2017,21,1,2,9,,,2,,1,1,5,25,1,3,0,5,0,0,0,0,true,,false,false,true,false,false,,,,,,false,false,false,,,false,false,false,false,false,-82.97815,42.44508,"{
  ""coordinates"": [
    -8.297814704099990e+01,
    4.244507861800000e+01
  ],
  ""type"": ""Point""
}","{
  ""coordinates"": [
    -82.978147041,
    42.445078618
  ],
  ""type"": ""Point""
}",-82.9781470409999,42.445078618
18220,1003148,FAIRVIEW,SHOEMAKER,2017-04-09,9,4,2017,21,1,8,9,,,0,,1,1,4,25,1,2,15,5,0,0,0,0,true,,false,false,true,false,false,,,,,,false,false,false,,,false,false,false,false,false,-82.98907,42.38962,"{
  ""coordinates"": [
    -8.298906538300000e+01,
    4.238961789400000e+01
  ],
  ""type"": ""Point""
}","{
  ""coordinates"": [
    -82.989065383,
    42.389617894
  ],
  ""type"": ""Point""
}",-82.989065383,42.389617894
18221,1005356,I-75,8 MILE,2017-04-09,9,4,2017,9,1,1,1,,1,0,,1,1,1,70,3,1,1,5,0,0,0,0,true,,false,false,false,false,false,,,,,,false,false,false,,,false,false,false,false,false,-83.09472,42.44463,"{
  ""coordinates"": [
    -8.309471685900000e+01,
    4.244463012800000e+01
  ],
  ""type"": ""Point""
}","{
  ""coordinates"": [
    -83.094716859,
    42.444630128
  ],
  ""type"": ""Point""
}",-83.094716859,42.444630128
18222,1005379,W I 96,GRAND RIVER,2017-04-09,9,4,2017,0,1,1,1,,1,1,,1,1,5,55,4,1,1,5,0,0,0,0,true,,false,false,false,false,false,,,,,,false,false,true,,,false,false,false,false,false,-83.17453,42.38416,"{
  ""coordinates"": [
    -8.317453063200000e+01,
    4.238415830200010e+01
  ],
  ""type"": ""Point""
}","{
  ""coordinates"": [
    -83.174530632,
    42.384158302
  ],
  ""type"": ""Point""
}",-83.174530632,42.3841583020001
18223,1002031,N I 75,RAMP 216B,2017-04-09,9,4,2017,0,1,1,1,,1,0,,1,1,5,55,4,1,1,5,0,0,0,0,true,,false,false,false,false,false,,,,,,false,false,false,,,false,false,false,false,false,-83.05737,42.36736,"{
  ""coordinates"": [
    -8.305737285500000e+01,
    4.236736202500000e+01
  ],
  ""type"": ""Point""
}","{
  ""coordinates"": [
    -83.057372855,
    42.367362025
  ],
  ""type"": ""Point""
}",-83.057372855,42.367362025
18224,1009961,CONNER,GRATIOT,2017-04-09,9,4,2017,19,1,8,3,,4,0,,1,1,3,35,4,2,2,5,0,0,0,0,true,,false,false,false,false,false,,,,,,false,false,false,,,false,false,false,false,false,-82.99711,42.40462,"{
  ""coordinates"": [
    -8.299711082700000e+01,
    4.240461642400000e+01
  ],
  ""type"": ""Point""
}","{
  ""coordinates"": [
    -82.997110827,
    42.404616424
  ],
  ""type"": ""Point""
}",-82.997110827,42.404616424
18225,1002200,LARNED,MCDOUGALL,2017-04-09,9,4,2017,15,1,9,9,,4,2,,1,1,1,30,6,2,2,5,0,0,0,0,true,,false,false,false,false,false,,,,,,false,false,true,,,false,false,false,false,false,-83.01836,42.34101,"{
  ""coordinates"": [
    -8.301836698900000e+01,
    4.234101253400010e+01
  ],
  ""type"": ""Point""
}","{
  ""coordinates"": [
    -83.018366989,
    42.341012534
  ],
  ""type"": ""Point""
}",-83.018366989,42.3410125340001
18226,1005381,M-39,GRAND RIVER,2017-04-09,9,4,2017,22,1,1,3,,1,1,,1,1,4,55,3,1,3,4,0,0,0,1,false,,false,false,false,false,false,,,,,,false,false,true,,,false,false,false,false,false,-83.21868,42.40799,"{
  ""coordinates"": [
    -8.321868483799990e+01,
    4.240798622200000e+01
  ],
  ""type"": ""Point""
}","{
  ""coordinates"": [
    -83.218684838,
    42.407986222
  ],
  ""type"": ""Point""
}",-83.2186848379999,42.407986222
18227,1002182,SCHOOLCRAFT,GRAND RIVER,2017-04-09,9,4,2017,4,1,8,3,,2,0,,1,1,4,30,2,2,3,5,0,0,0,0,true,,false,false,false,false,false,,,,,,false,false,false,,,false,false,false,false,false,-83.18549,42.38745,"{
  ""coordinates"": [
    -8.318549512700000e+01,
    4.238744844100010e+01
  ],
  ""type"": ""Point""
}","{
  ""coordinates"": [
    -83.185495127,
    42.387448441
  ],
  ""type"": ""Point""
}",-83.185495127,42.3874484410001
18228,1003138,WARWICK,CURTIS,2017-04-09,9,4,2017,2,1,2,9,,,2,,1,1,5,25,1,2,1,5,0,0,0,0,true,,false,false,true,false,false,,,,,,false,false,false,,,false,false,false,false,false,-83.2294,42.42175,"{
  ""coordinates"": [
    -8.322940153800000e+01,
    4.242174942300010e+01
  ],
  ""type"": ""Point""
}","{
  ""coordinates"": [
    -83.229401538,
    42.421749423
  ],
  ""type"": ""Point""
}",-83.229401538,42.4217494230001
18229,1006476,BURLINGAME,WOODROW WILSON,2017-04-09,9,4,2017,18,1,8,9,,,0,,1,1,1,30,2,2,1,5,0,0,0,0,true,,false,false,false,false,false,,,,,,false,false,false,,,false,false,false,false,false,-83.10287,42.38665,"{
  ""coordinates"": [
    -8.310286335300000e+01,
    4.238664572800010e+01
  ],
  ""type"": ""Point""
}","{
  ""coordinates"": [
    -83.102863353,
    42.386645728
  ],
  ""type"": ""Point""
}",-83.102863353,42.3866457280001
18230,1006470,8 MILE,CAROL,2017-04-09,9,4,2017,3,1,1,3,,1,0,,1,1,4,35,4,1,1,5,0,0,0,0,true,,false,false,false,true,false,,,,,,false,false,false,,,false,false,false,false,false,-83.19463,42.4449,"{
  ""coordinates"": [
    -8.319462402300000e+01,
    4.244490589200010e+01
  ],
  ""type"": ""Point""
}","{
  ""coordinates"": [
    -83.194624023,
    42.444905892
  ],
  ""type"": ""Point""
}",-83.194624023,42.4449058920001
18231,1002196,SPRINGWELLS,CYPRESS,2017-04-09,9,4,2017,12,1,8,9,,,3,,1,1,1,25,1,2,0,5,0,0,0,0,true,,false,false,true,false,false,,,,,,false,false,false,,,false,false,false,false,false,-83.13857,42.32924,"{
  ""coordinates"": [
    -8.313857478100000e+01,
    4.232923820600010e+01
  ],
  ""type"": ""Point""
}","{
  ""coordinates"": [
    -83.138574781,
    42.329238206
  ],
  ""type"": ""Point""
}",-83.138574781,42.3292382060001
18232,1002215,SEYMOUR,BROCK,2017-04-09,9,4,2017,15,1,6,9,,4,0,,1,1,1,25,2,2,2,5,0,0,0,0,true,,false,false,true,false,false,,,,,,false,false,false,,,false,false,false,false,false,-82.96394,42.4272,"{
  ""coordinates"": [
    -8.296394560100001e+01,
    4.242720206200000e+01
  ],
  ""type"": ""Point""
}","{
  ""coordinates"": [
    -82.963945601,
    42.427202062
  ],
  ""type"": ""Point""
}",-82.963945601,42.427202062
18233,1146249,JEFFERSON,SEYBURN,2017-04-09,9,4,2017,19,1,5,9,,4,0,,1,1,1,35,7,2,3,3,0,0,2,1,false,,false,false,false,false,false,,,,,,false,false,false,,,false,false,false,false,false,-82.99648,42.35037,"{
  ""coordinates"": [
    -8.299647518599990e+01,
    4.235037320100000e+01
  ],
  ""type"": ""Point""
}","{
  ""coordinates"": [
    -82.996475186,
    42.350373201
  ],
  ""type"": ""Point""
}",-82.9964751859999,42.350373201
18234,1009125,I-94,TRUMBULL,2017-04-09,9,4,2017,7,1,5,1,,1,0,,1,1,1,55,3,2,2,4,0,0,0,1,false,,false,false,false,false,false,,,,,,false,false,false,,,false,false,false,false,false,-83.0813,42.35589,"{
  ""coordinates"": [
    -8.308130262899989e+01,
    4.235588878700000e+01
  ],
  ""type"": ""Point""
}","{
  ""coordinates"": [
    -83.081302629,
    42.355888787
  ],
  ""type"": ""Point""
}",-83.0813026289999,42.355888787
18235,1002204,PLYMOUTH,FAUST,2017-04-09,9,4,2017,23,1,4,9,,4,0,,1,1,4,35,4,2,4,5,0,0,0,0,true,,false,false,false,false,false,,,,,,false,false,true,,,false,false,false,false,false,-83.22139,42.37217,"{
  ""coordinates"": [
    -8.322138731800000e+01,
    4.237216847400000e+01
  ],
  ""type"": ""Point""
}","{
  ""coordinates"": [
    -83.221387318,
    42.372168474
  ],
  ""type"": ""Point""
}",-83.221387318,42.372168474
18236,1002214,SCHOENHERR,MANNING,2017-04-09,9,4,2017,12,1,4,9,,4,0,,1,1,1,0,2,2,2,5,0,0,0,0,true,,false,false,true,false,false,,,,,,false,false,false,,,false,false,false,false,false,-82.98534,42.44055,"{
  ""coordinates"": [
    -8.298533915099991e+01,
    4.244055211600000e+01
  ],
  ""type"": ""Point""
}","{
  ""coordinates"": [
    -82.985339151,
    42.440552116
  ],
  ""type"": ""Point""
}",-82.9853391509999,42.440552116
18237,1003134,CHANDLER PARK,NEFF,2017-04-09,9,4,2017,15,1,4,9,,2,0,,1,1,1,35,2,2,2,4,0,0,0,2,false,,false,false,false,false,false,,,,,,false,false,true,,,false,false,false,false,false,-82.92831,42.41291,"{
  ""coordinates"": [
    -8.292830763700000e+01,
    4.241291265600010e+01
  ],
  ""type"": ""Point""
}","{
  ""coordinates"": [
    -82.928307637,
    42.412912656
  ],
  ""type"": ""Point""
}",-82.928307637,42.4129126560001
18238,1002198,MACK,ROHNS,2017-04-09,9,4,2017,2,1,2,9,,4,2,,1,1,4,0,2,2,2,1,1,0,1,0,false,,false,false,false,true,true,,,,,,false,false,false,,,false,false,false,false,false,-82.99732,42.37056,"{
  ""coordinates"": [
    -8.299732212799999e+01,
    4.237055709400000e+01
  ],
  ""type"": ""Point""
}","{
  ""coordinates"": [
    -82.997322128,
    42.370557094
  ],
  ""type"": ""Point""
}",-82.997322128,42.370557094
18239,1006471,JAMES COUZENS,7 MILE,2017-04-09,9,4,2017,20,1,5,3,,4,0,,1,1,3,30,2,2,2,5,0,0,0,0,true,,false,false,true,false,false,,,,,,false,true,false,,,false,false,false,false,false,-83.18658,42.43081,"{
  ""coordinates"": [
    -8.318658316499990e+01,
    4.243080632800010e+01
  ],
  ""type"": ""Point""
}","{
  ""coordinates"": [
    -83.186583165,
    42.430806328
  ],
  ""type"": ""Point""
}",-83.1865831649999,42.4308063280001
18240,1009082,I-94,MOUNT ELLIOTT,2017-04-09,9,4,2017,16,1,1,1,,1,1,,1,1,1,55,3,1,1,3,0,0,1,0,false,,false,false,false,false,false,,,,,,false,false,true,,,false,false,false,false,false,-83.03367,42.37943,"{
  ""coordinates"": [
    -8.303367129299990e+01,
    4.237942695700010e+01
  ],
  ""type"": ""Point""
}","{
  ""coordinates"": [
    -83.033671293,
    42.379426957
  ],
  ""type"": ""Point""
}",-83.0336712929999,42.3794269570001
18241,1002210,MORANG,EASTWOOD,2017-04-09,9,4,2017,3,1,5,9,,4,0,,1,1,4,25,2,2,2,4,0,0,0,1,false,,true,false,false,false,false,,,,,,false,false,false,,,false,false,true,false,false,-82.96078,42.43364,"{
  ""coordinates"": [
    -8.296077934600000e+01,
    4.243364305100000e+01
  ],
  ""type"": ""Point""
}","{
  ""coordinates"": [
    -82.960779346,
    42.433643051
  ],
  ""type"": ""Point""
}",-82.960779346,42.433643051