ObjectId,Crash ID,Primary Road,Intersecting Road,Crash Date,Day,Month,Year,Hour,Weekday,Crash Type Code,Highway Classification Code,Community Code,Jurisdiction Code,Lane Departure Type Code,Surface Type,Road Condition,Weather Condition,Lighting Condition,Speed Limit,Lanes,Units,Occupants,Most Severe Injury,Fatal Injuries,Suspected Serious Injuries,Suspected Minor Injuries,Possible Injuries,Property Damage Only,Secondary Crash,Traffic Control,Red Light Run,Hit and Run,Alcohol,Drugs,Unbelted Person,Work Zone,Speeding Driver,Distracted Driver,Driveway,Pedestrian,Elderly Driver,Young Driver,Commercial Vehicle,Emergency Vehicles,Train,School Bus,Motorcycle,Bicycle,Deer,Longitude,Latitude,geom,geog,x,y
18242,1122650,HARPER,OUTER,2017-04-09,9,4,2017,0,1,98,9,,4,0,,1,9,4,35,2,2,0,5,0,0,0,0,true,,false,false,true,false,false,,,,,,false,false,false,,,false,false,false,false,false,-82.96069,42.40582,"{
  ""coordinates"": [
    -8.296068758699990e+01,
    4.240581761900010e+01
  ],
  ""type"": ""Point""
}","{
  ""coordinates"": [
    -82.960687587,
    42.405817619
  ],
  ""type"": ""Point""
}",-82.9606875869999,42.4058176190001
18243,1001311,SANTA ROSA,PURITAN,2017-04-09,9,4,2017,1,1,10,9,,,0,,1,1,4,25,1,2,1,5,0,0,0,0,true,,false,false,false,false,false,,,,,,false,false,false,,,false,false,false,false,false,-83.14271,42.40995,"{
  ""coordinates"": [
    -8.314270418200000e+01,
    4.240994602200000e+01
  ],
  ""type"": ""Point""
}","{
  ""coordinates"": [
    -83.142704182,
    42.409946022
  ],
  ""type"": ""Point""
}",-83.142704182,42.409946022
18244,1077630,SOUTHFIELD SERVICE,FORD,2017-04-09,9,4,2017,17,1,5,3,,1,0,,1,1,1,30,2,2,4,4,0,0,0,1,false,,false,false,false,false,false,,,,,,false,false,true,,,false,false,false,false,false,-83.21577,42.32911,"{
  ""coordinates"": [
    -8.321576952600000e+01,
    4.232910401100000e+01
  ],
  ""type"": ""Point""
}","{
  ""coordinates"": [
    -83.215769526,
    42.329104011
  ],
  ""type"": ""Point""
}",-83.215769526,42.329104011
18245,1002197,JEFFERSON,SHERIDAN,2017-04-09,9,4,2017,19,1,4,9,,4,0,,1,1,1,35,8,2,4,5,0,0,0,0,true,,false,false,false,false,false,,,,,,false,false,false,,,false,false,false,false,false,-82.99948,42.34836,"{
  ""coordinates"": [
    -8.299948064800000e+01,
    4.234835952200010e+01
  ],
  ""type"": ""Point""
}","{
  ""coordinates"": [
    -82.999480648,
    42.348359522
  ],
  ""type"": ""Point""
}",-82.999480648,42.3483595220001
18246,1002216,FAIRVIEW,SCHOEMAKER,2017-04-09,9,4,2017,18,1,8,9,,,3,,1,1,1,25,1,2,0,5,0,0,0,0,true,,false,false,true,false,false,,,,,,false,false,false,,,false,false,false,false,false,-82.98936,42.3892,"{
  ""coordinates"": [
    -8.298935377100000e+01,
    4.238919856800000e+01
  ],
  ""type"": ""Point""
}","{
  ""coordinates"": [
    -82.989353771,
    42.389198568
  ],
  ""type"": ""Point""
}",-82.989353771,42.389198568
18247,1003124,STEEL,FULLERTON,2017-04-09,9,4,2017,13,1,4,9,,,0,,1,1,1,25,4,2,3,4,0,0,0,1,false,,false,false,false,false,false,,,,,,false,false,false,,,false,false,false,false,false,-83.17087,42.38045,"{
  ""coordinates"": [
    -8.317087148900001e+01,
    4.238044733500000e+01
  ],
  ""type"": ""Point""
}","{
  ""coordinates"": [
    -83.170871489,
    42.380447335
  ],
  ""type"": ""Point""
}",-83.170871489,42.380447335
18248,1016700,7 MILE,FENELON,2017-04-09,9,4,2017,20,1,97,9,,4,0,,1,1,1,35,2,2,1,5,0,0,0,0,true,,false,false,true,false,false,,,,,,false,false,false,,,false,false,false,false,false,-83.05339,42.43335,"{
  ""coordinates"": [
    -8.305339087999990e+01,
    4.243334896500010e+01
  ],
  ""type"": ""Point""
}","{
  ""coordinates"": [
    -83.05339088,
    42.433348965
  ],
  ""type"": ""Point""
}",-83.0533908799999,42.4333489650001
18249,1009122,S M 10,CLAIRMOUNT,2017-04-09,9,4,2017,4,1,1,3,,1,0,,1,1,4,55,3,1,1,5,0,0,0,0,true,,false,false,false,false,false,,,,,,false,false,false,,,false,false,false,false,false,-83.09078,42.38016,"{
  ""coordinates"": [
    -8.309078392899990e+01,
    4.238015725900000e+01
  ],
  ""type"": ""Point""
}","{
  ""coordinates"": [
    -83.090783929,
    42.380157259
  ],
  ""type"": ""Point""
}",-83.0907839289999,42.380157259
18250,1012691,HAYES,GLENWOOD,2017-04-09,9,4,2017,16,1,8,9,,4,0,,1,1,1,30,2,2,3,5,0,0,0,0,true,,false,false,false,false,false,,,,,,false,false,true,,,false,false,false,false,false,-82.96537,42.43084,"{
  ""coordinates"": [
    -8.296536954000000e+01,
    4.243084470100010e+01
  ],
  ""type"": ""Point""
}","{
  ""coordinates"": [
    -82.96536954,
    42.430844701
  ],
  ""type"": ""Point""
}",-82.96536954,42.4308447010001
18251,1002209,GREENFIELD,E I 96 CD,2017-04-09,9,4,2017,3,1,5,1,,2,0,,1,1,4,35,2,2,1,5,0,0,0,0,true,,false,false,true,false,false,,,,,,false,false,false,,,false,false,true,false,false,-83.19802,42.37883,"{
  ""coordinates"": [
    -8.319802316600000e+01,
    4.237882770100000e+01
  ],
  ""type"": ""Point""
}","{
  ""coordinates"": [
    -83.198023166,
    42.378827701
  ],
  ""type"": ""Point""
}",-83.198023166,42.378827701
18252,1004524,I-75,8 MILE,2017-04-09,9,4,2017,19,1,1,1,,1,1,,1,2,1,70,4,1,1,3,0,0,1,0,false,,false,false,false,false,false,,,,,,false,false,false,,,false,false,true,false,false,-83.09467,42.4464,"{
  ""coordinates"": [
    -8.309466915099991e+01,
    4.244639807200010e+01
  ],
  ""type"": ""Point""
}","{
  ""coordinates"": [
    -83.094669151,
    42.446398072
  ],
  ""type"": ""Point""
}",-83.0946691509999,42.4463980720001
18253,1018460,I-94,TRUMBULL,2017-04-09,9,4,2017,2,1,8,1,,1,0,,1,1,4,55,3,2,2,5,0,0,0,0,true,,false,false,true,false,false,,,,,,false,false,false,,,false,false,false,false,false,-83.07354,42.36072,"{
  ""coordinates"": [
    -8.307353886600001e+01,
    4.236071672900000e+01
  ],
  ""type"": ""Point""
}","{
  ""coordinates"": [
    -83.073538866,
    42.360716729
  ],
  ""type"": ""Point""
}",-83.073538866,42.360716729
18254,1013352,E I 94,GRAND,2017-04-09,9,4,2017,17,1,5,1,,1,0,,1,1,1,55,3,2,1,3,0,0,1,0,false,,false,false,true,false,false,,,,,,false,false,false,,,false,false,true,false,false,-83.10894,42.34682,"{
  ""coordinates"": [
    -8.310893689200000e+01,
    4.234682249800010e+01
  ],
  ""type"": ""Point""
}","{
  ""coordinates"": [
    -83.108936892,
    42.346822498
  ],
  ""type"": ""Point""
}",-83.108936892,42.3468224980001
18255,1003777,7 MILE,GILCHRIST,2017-04-09,9,4,2017,17,1,5,9,,2,0,,1,1,1,35,5,3,2,4,0,0,0,2,false,,false,false,true,false,false,,,,,,false,false,false,,,false,false,false,false,false,-83.21278,42.4302,"{
  ""coordinates"": [
    -8.321278670000000e+01,
    4.243020172900000e+01
  ],
  ""type"": ""Point""
}","{
  ""coordinates"": [
    -83.2127867,
    42.430201729
  ],
  ""type"": ""Point""
}",-83.2127867,42.430201729
18256,1005418,LIVERNOIS,FEDERAL,2017-04-09,9,4,2017,13,1,5,9,,4,0,,1,1,1,35,5,2,6,5,0,0,0,0,true,,false,false,false,false,false,,,,,,false,false,false,,,false,false,false,false,false,-83.1132,42.3213,"{
  ""coordinates"": [
    -8.311319509499999e+01,
    4.232129910100010e+01
  ],
  ""type"": ""Point""
}","{
  ""coordinates"": [
    -83.113195095,
    42.321299101
  ],
  ""type"": ""Point""
}",-83.113195095,42.3212991010001
18257,1002194,LUMLEY,KIRKWOOD,2017-04-09,9,4,2017,22,1,8,9,,,0,,1,1,4,25,1,2,0,5,0,0,0,0,true,,false,false,true,false,false,,,,,,false,false,false,,,false,false,false,false,false,-83.14619,42.33817,"{
  ""coordinates"": [
    -8.314619093200000e+01,
    4.233816981800000e+01
  ],
  ""type"": ""Point""
}","{
  ""coordinates"": [
    -83.146190932,
    42.338169818
  ],
  ""type"": ""Point""
}",-83.146190932,42.338169818
18258,1004664,STATEFAIR,ALCOY,2017-04-09,9,4,2017,16,1,4,9,,4,0,,1,1,1,25,2,2,2,4,0,0,0,2,false,,true,false,false,false,false,,,,,,false,false,false,,,false,false,false,false,false,-82.98904,42.4421,"{
  ""coordinates"": [
    -8.298903463499990e+01,
    4.244210605400010e+01
  ],
  ""type"": ""Point""
}","{
  ""coordinates"": [
    -82.989034635,
    42.442106054
  ],
  ""type"": ""Point""
}",-82.9890346349999,42.4421060540001
18259,1009083,RIVERBANK,VISTA,2017-04-09,9,4,2017,14,1,8,3,,1,0,,1,1,1,25,3,2,2,5,0,0,0,0,true,,false,false,false,false,false,,,,,,false,false,true,,,false,false,false,false,false,-82.9798,42.34257,"{
  ""coordinates"": [
    -8.297980708499990e+01,
    4.234256607300010e+01
  ],
  ""type"": ""Point""
}","{
  ""coordinates"": [
    -82.979807085,
    42.342566073
  ],
  ""type"": ""Point""
}",-82.9798070849999,42.3425660730001
18260,1003144,BEACONSFIELD,MOROSS,2017-04-09,9,4,2017,22,1,4,9,,4,0,,1,1,4,35,2,2,1,4,0,0,0,1,false,,false,false,true,false,false,,,,,,false,false,true,,,false,false,false,false,false,-82.94142,42.42999,"{
  ""coordinates"": [
    -8.294141858200000e+01,
    4.242999010500010e+01
  ],
  ""type"": ""Point""
}","{
  ""coordinates"": [
    -82.941418582,
    42.429990105
  ],
  ""type"": ""Point""
}",-82.941418582,42.4299901050001
18261,1003779,EDMORE,CORDELL,2017-04-08,8,4,2017,18,7,5,9,,,0,,1,1,1,25,2,2,3,5,0,0,0,0,true,,false,false,false,false,false,,,,,,false,false,true,,,false,false,false,false,false,-82.95221,42.44745,"{
  ""coordinates"": [
    -8.295221044399990e+01,
    4.244744873300000e+01
  ],
  ""type"": ""Point""
}","{
  ""coordinates"": [
    -82.952210444,
    42.447448733
  ],
  ""type"": ""Point""
}",-82.9522104439999,42.447448733
18262,1001312,PURITAN,GREENLAWN,2017-04-08,8,4,2017,23,7,4,9,,4,0,,1,1,4,30,2,2,4,5,0,0,0,0,true,,false,false,false,false,false,,,,,,false,false,false,,,false,false,false,false,false,-83.15095,42.40981,"{
  ""coordinates"": [
    -8.315095012300000e+01,
    4.240980494700010e+01
  ],
  ""type"": ""Point""
}","{
  ""coordinates"": [
    -83.150950123,
    42.409804947
  ],
  ""type"": ""Point""
}",-83.150950123,42.4098049470001
18263,1003760,PIERSON,CHICAGO,2017-04-08,8,4,2017,11,7,5,9,,,0,,1,1,1,25,4,2,0,5,0,0,0,0,true,,false,false,true,false,false,,,,,,false,false,false,,,false,false,false,false,false,-83.24474,42.36465,"{
  ""coordinates"": [
    -8.324474706200000e+01,
    4.236465357500000e+01
  ],
  ""type"": ""Point""
}","{
  ""coordinates"": [
    -83.244747062,
    42.364653575
  ],
  ""type"": ""Point""
}",-83.244747062,42.364653575
18264,1005370,I-94,I-96,2017-04-08,8,4,2017,23,7,8,1,,1,0,,1,1,4,55,3,2,1,5,0,0,0,0,true,,false,false,true,false,false,,,,,,false,false,false,,,false,false,false,false,false,-83.10383,42.34875,"{
  ""coordinates"": [
    -8.310383218600001e+01,
    4.234875149000000e+01
  ],
  ""type"": ""Point""
}","{
  ""coordinates"": [
    -83.103832186,
    42.34875149
  ],
  ""type"": ""Point""
}",-83.103832186,42.34875149
18265,1003732,E M 8,W I 96,2017-04-08,8,4,2017,1,7,5,3,,1,0,,1,1,4,55,4,2,1,4,0,0,0,1,false,,false,false,false,false,false,,,,,,false,false,false,,,false,false,false,false,false,-83.15195,42.38461,"{
  ""coordinates"": [
    -8.315195331699989e+01,
    4.238461107300000e+01
  ],
  ""type"": ""Point""
}","{
  ""coordinates"": [
    -83.151953317,
    42.384611073
  ],
  ""type"": ""Point""
}",-83.1519533169999,42.384611073
18266,1001314,CURTIS,PINEHURST,2017-04-08,8,4,2017,14,7,4,9,,4,0,,1,1,1,30,2,2,3,4,0,0,0,2,false,,true,false,true,false,false,,,,,,false,false,false,,,false,false,false,false,false,-83.16724,42.42406,"{
  ""coordinates"": [
    -8.316723479500000e+01,
    4.242406069800010e+01
  ],
  ""type"": ""Point""
}","{
  ""coordinates"": [
    -83.167234795,
    42.424060698
  ],
  ""type"": ""Point""
}",-83.167234795,42.4240606980001
18267,1049667,BROADSTREET,STURTEVANT,2017-04-08,8,4,2017,17,7,5,9,,4,3,,1,1,1,25,4,3,0,5,0,0,0,0,true,,false,false,true,false,false,,,,,,false,false,false,,,false,false,false,false,false,-83.13567,42.38159,"{
  ""coordinates"": [
    -8.313567000099989e+01,
    4.238159320100000e+01
  ],
  ""type"": ""Point""
}","{
  ""coordinates"": [
    -83.135670001,
    42.381593201
  ],
  ""type"": ""Point""
}",-83.1356700009999,42.381593201
18268,1002161,I-94,14TH,2017-04-08,8,4,2017,10,7,8,1,,1,0,,1,1,1,55,3,2,5,3,0,0,1,0,false,,false,false,false,false,false,,,,,,false,false,false,,,false,false,false,false,false,-83.08939,42.35331,"{
  ""coordinates"": [
    -8.308938875900000e+01,
    4.235330764000000e+01
  ],
  ""type"": ""Point""
}","{
  ""coordinates"": [
    -83.089388759,
    42.35330764
  ],
  ""type"": ""Point""
}",-83.089388759,42.35330764
18269,1003739,JEFFERSON,GRISWOLD,2017-04-08,8,4,2017,10,7,7,9,,5,0,,1,1,1,30,2,2,11,4,0,0,0,6,false,,false,false,false,false,false,,,,,,false,false,false,,,false,false,false,false,false,-83.04561,42.32843,"{
  ""coordinates"": [
    -8.304561105399991e+01,
    4.232842644700000e+01
  ],
  ""type"": ""Point""
}","{
  ""coordinates"": [
    -83.045611054,
    42.328426447
  ],
  ""type"": ""Point""
}",-83.0456110539999,42.328426447
18270,1002172,RAMP 045C,S I 75,2017-04-08,8,4,2017,17,7,1,1,,1,1,,1,2,1,70,1,1,3,5,0,0,0,0,true,,false,false,false,false,false,,,,,,false,false,true,,,false,false,false,false,false,-83.06415,42.3799,"{
  ""coordinates"": [
    -8.306415100100000e+01,
    4.237990280600010e+01
  ],
  ""type"": ""Point""
}","{
  ""coordinates"": [
    -83.064151001,
    42.379902806
  ],
  ""type"": ""Point""
}",-83.064151001,42.3799028060001
18271,1001328,LIVERNOIS,CURTIS,2017-04-08,8,4,2017,9,7,5,9,,4,0,,1,1,1,30,2,2,2,5,0,0,0,0,true,,false,false,false,false,false,,,,,,false,true,false,,,false,false,false,false,false,-83.14103,42.42413,"{
  ""coordinates"": [
    -8.314103137700000e+01,
    4.242413137500010e+01
  ],
  ""type"": ""Point""
}","{
  ""coordinates"": [
    -83.141031377,
    42.424131375
  ],
  ""type"": ""Point""
}",-83.141031377,42.4241313750001
18272,1001316,8 MILE,HUBBEL,2017-04-08,8,4,2017,18,7,5,3,,1,0,,1,1,1,40,4,2,2,5,0,0,0,0,true,,false,false,true,false,false,,,,,,false,false,true,,,false,false,false,false,false,-83.1908,42.445,"{
  ""coordinates"": [
    -8.319080159799999e+01,
    4.244500402800000e+01
  ],
  ""type"": ""Point""
}","{
  ""coordinates"": [
    -83.190801598,
    42.445004028
  ],
  ""type"": ""Point""
}",-83.190801598,42.445004028
18273,1005363,N M 10,RAMP 107D,2017-04-08,8,4,2017,20,7,8,3,,1,0,,1,1,4,55,3,2,9,3,0,0,1,2,false,,false,false,false,false,false,,,,,,false,false,true,,,false,false,false,false,false,-83.14725,42.40487,"{
  ""coordinates"": [
    -8.314724603400001e+01,
    4.240486904300010e+01
  ],
  ""type"": ""Point""
}","{
  ""coordinates"": [
    -83.147246034,
    42.404869043
  ],
  ""type"": ""Point""
}",-83.147246034,42.4048690430001
18274,1001233,WOODWARD,MACK,2017-04-08,8,4,2017,12,7,5,3,,1,0,,1,1,1,30,2,2,4,5,0,0,0,0,true,,false,false,false,false,false,,,,,,false,false,true,,,false,false,false,false,false,-83.05772,42.34715,"{
  ""coordinates"": [
    -8.305771369500000e+01,
    4.234715121400010e+01
  ],
  ""type"": ""Point""
}","{
  ""coordinates"": [
    -83.057713695,
    42.347151214
  ],
  ""type"": ""Point""
}",-83.057713695,42.3471512140001
18275,1005410,RAMP 215I,I-94,2017-04-08,8,4,2017,17,7,1,1,,1,1,,1,1,1,55,1,1,1,5,0,0,0,0,true,,false,false,false,false,false,,,,,,false,false,false,,,false,false,false,false,false,-83.06998,42.36297,"{
  ""coordinates"": [
    -8.306997350800000e+01,
    4.236296992100010e+01
  ],
  ""type"": ""Point""
}","{
  ""coordinates"": [
    -83.069973508,
    42.362969921
  ],
  ""type"": ""Point""
}",-83.069973508,42.3629699210001
18276,1008143,JEFFERSON,CONNER,2017-04-08,8,4,2017,16,7,4,9,,4,0,,1,1,1,35,7,2,1,5,0,0,0,0,true,,false,false,true,false,false,,,,,,false,false,false,,,false,false,false,false,false,-82.95892,42.37001,"{
  ""coordinates"": [
    -8.295891968799999e+01,
    4.237000529300010e+01
  ],
  ""type"": ""Point""
}","{
  ""coordinates"": [
    -82.958919688,
    42.370005293
  ],
  ""type"": ""Point""
}",-82.958919688,42.3700052930001
18277,1002221,NORFOLK,LIVERNOIS,2017-04-08,8,4,2017,16,7,5,9,,,0,,1,1,1,25,3,2,3,4,0,0,0,1,false,,false,false,true,false,false,,,,,,false,false,true,,,false,false,false,false,false,-83.14164,42.44371,"{
  ""coordinates"": [
    -8.314163668600000e+01,
    4.244370535600010e+01
  ],
  ""type"": ""Point""
}","{
  ""coordinates"": [
    -83.141636686,
    42.443705356
  ],
  ""type"": ""Point""
}",-83.141636686,42.4437053560001
18278,1001285,STRASBURG,PINEWOOD,2017-04-08,8,4,2017,20,7,1,9,,,0,,1,1,5,25,2,2,1,4,0,0,0,1,false,,false,false,true,false,false,,,,,,false,false,false,,,false,false,false,true,false,-82.99866,42.43825,"{
  ""coordinates"": [
    -8.299866471400000e+01,
    4.243824659600010e+01
  ],
  ""type"": ""Point""
}","{
  ""coordinates"": [
    -82.998664714,
    42.438246596
  ],
  ""type"": ""Point""
}",-82.998664714,42.4382465960001
18279,1001265,GRATIOT,HARPER,2017-04-08,8,4,2017,20,7,5,3,,1,0,,1,1,3,35,5,2,7,5,0,0,0,0,true,,false,false,false,false,false,,,,,,false,false,true,,,false,false,false,false,false,-83.00524,42.39311,"{
  ""coordinates"": [
    -8.300524247300000e+01,
    4.239311348300000e+01
  ],
  ""type"": ""Point""
}","{
  ""coordinates"": [
    -83.005242473,
    42.393113483
  ],
  ""type"": ""Point""
}",-83.005242473,42.393113483
18280,1001229,GILBERT,HORATIO,2017-04-08,8,4,2017,9,7,4,9,,,0,,1,1,1,25,2,2,2,5,0,0,0,0,true,,false,false,false,false,false,,,,,,false,false,false,,,false,false,false,false,false,-83.12516,42.33534,"{
  ""coordinates"": [
    -8.312516024199989e+01,
    4.233534429300000e+01
  ],
  ""type"": ""Point""
}","{
  ""coordinates"": [
    -83.125160242,
    42.335344293
  ],
  ""type"": ""Point""
}",-83.1251602419999,42.335344293
18281,1003740,SHELBY,W JEFFERSON SERVICE DRIVE,2017-04-08,8,4,2017,21,7,8,9,,4,3,,1,1,4,25,2,2,0,5,0,0,0,0,true,,false,false,true,false,false,,,,,,false,false,false,,,false,false,false,false,false,-83.04704,42.32793,"{
  ""coordinates"": [
    -8.304704124499990e+01,
    4.232793602100000e+01
  ],
  ""type"": ""Point""
}","{
  ""coordinates"": [
    -83.047041245,
    42.327936021
  ],
  ""type"": ""Point""
}",-83.0470412449999,42.327936021
18282,1001266,CHARLEVOIX,ELMWOOD,2017-04-08,8,4,2017,11,7,4,9,,4,0,,1,1,1,30,3,2,3,5,0,0,0,0,true,,false,false,false,false,false,,,,,,false,false,false,,,false,false,false,false,false,-83.0246,42.35497,"{
  ""coordinates"": [
    -8.302460542199999e+01,
    4.235496444300000e+01
  ],
  ""type"": ""Point""
}","{
  ""coordinates"": [
    -83.024605422,
    42.354964443
  ],
  ""type"": ""Point""
}",-83.024605422,42.354964443
18283,1001210,JOY,BRYDEN,2017-04-08,8,4,2017,7,7,5,9,,4,0,,1,1,1,25,2,2,2,5,0,0,0,0,true,,false,false,false,false,false,,,,,,false,false,false,,,false,false,false,false,false,-83.14508,42.35922,"{
  ""coordinates"": [
    -8.314508396199990e+01,
    4.235922411300000e+01
  ],
  ""type"": ""Point""
}","{
  ""coordinates"": [
    -83.145083962,
    42.359224113
  ],
  ""type"": ""Point""
}",-83.1450839619999,42.359224113
18284,1090656,GRATIOT,LAPPIN,2017-04-08,8,4,2017,11,7,4,3,,1,0,,1,1,1,35,8,2,3,5,0,0,0,0,true,,true,true,false,false,false,,,,,,false,false,false,,,false,false,false,false,false,-82.97644,42.43698,"{
  ""coordinates"": [
    -8.297644160899991e+01,
    4.243697972400000e+01
  ],
  ""type"": ""Point""
}","{
  ""coordinates"": [
    -82.976441609,
    42.436979724
  ],
  ""type"": ""Point""
}",-82.9764416089999,42.436979724
18285,1006490,BENTLER,FENKELL,2017-04-08,8,4,2017,20,7,98,9,,,0,,1,1,4,25,2,2,1,5,0,0,0,0,true,,false,false,true,false,false,,,,,,false,false,false,,,false,false,false,false,false,-83.25199,42.40096,"{
  ""coordinates"": [
    -8.325199412800001e+01,
    4.240096137000010e+01
  ],
  ""type"": ""Point""
}","{
  ""coordinates"": [
    -83.251994128,
    42.40096137
  ],
  ""type"": ""Point""
}",-83.251994128,42.4009613700001
18286,1001283,HAYES,GLENWOOD,2017-04-08,8,4,2017,20,7,8,9,,4,0,,1,1,3,30,2,2,3,5,0,0,0,0,true,,false,false,true,false,false,,,,,,false,false,true,,,false,false,false,false,false,-82.96537,42.43086,"{
  ""coordinates"": [
    -8.296536995400000e+01,
    4.243085916700010e+01
  ],
  ""type"": ""Point""
}","{
  ""coordinates"": [
    -82.965369954,
    42.430859167
  ],
  ""type"": ""Point""
}",-82.965369954,42.4308591670001
18287,1002225,7 MILE,RYAN,2017-04-08,8,4,2017,15,7,3,9,,4,0,,1,1,1,35,5,2,2,5,0,0,0,0,true,,false,false,true,false,false,,,,,,false,false,false,,,false,false,false,false,false,-83.06339,42.43313,"{
  ""coordinates"": [
    -8.306339030899990e+01,
    4.243312961200010e+01
  ],
  ""type"": ""Point""
}","{
  ""coordinates"": [
    -83.063390309,
    42.433129612
  ],
  ""type"": ""Point""
}",-83.0633903089999,42.4331296120001
18288,1002199,MACK,MCDOUGALL,2017-04-08,8,4,2017,17,7,4,9,,4,0,,1,1,1,25,2,2,2,5,0,0,0,0,true,,true,true,false,false,false,,,,,,false,false,false,,,false,false,false,false,false,-83.02976,42.35831,"{
  ""coordinates"": [
    -8.302976434300000e+01,
    4.235830973200010e+01
  ],
  ""type"": ""Point""
}","{
  ""coordinates"": [
    -83.029764343,
    42.358309732
  ],
  ""type"": ""Point""
}",-83.029764343,42.3583097320001
18289,1004660,HARPER,OUTER,2017-04-08,8,4,2017,22,7,5,9,,4,0,,1,1,4,35,2,2,2,4,0,0,0,1,false,,false,false,true,false,false,,,,,,false,false,true,,,false,false,false,false,false,-82.96054,42.40586,"{
  ""coordinates"": [
    -8.296054310499990e+01,
    4.240586090300010e+01
  ],
  ""type"": ""Point""
}","{
  ""coordinates"": [
    -82.960543105,
    42.405860903
  ],
  ""type"": ""Point""
}",-82.9605431049999,42.4058609030001
18290,1003730,I-75,CLAY,2017-04-08,8,4,2017,17,7,5,1,,1,0,,1,1,1,55,4,3,5,5,0,0,0,0,true,,false,false,false,false,false,,,,,,false,false,false,,,false,false,false,false,false,-83.06268,42.37805,"{
  ""coordinates"": [
    -8.306268424099990e+01,
    4.237804753000010e+01
  ],
  ""type"": ""Point""
}","{
  ""coordinates"": [
    -83.062684241,
    42.37804753
  ],
  ""type"": ""Point""
}",-83.0626842409999,42.3780475300001
18291,1004529,I-94,CADEAUX,2017-04-08,8,4,2017,10,7,5,1,,1,0,,98,98,98,55,3,2,3,4,0,0,0,1,false,,false,false,false,false,false,,,,,,false,true,false,,,false,false,false,false,false,-82.93864,42.41645,"{
  ""coordinates"": [
    -8.293863822700000e+01,
    4.241645576000010e+01
  ],
  ""type"": ""Point""
}","{
  ""coordinates"": [
    -82.938638227,
    42.41645576
  ],
  ""type"": ""Point""
}",-82.938638227,42.4164557600001
18292,1003781,COPLIN,OUTER,2017-04-08,8,4,2017,0,7,4,9,,,0,,1,1,4,35,2,2,1,5,0,0,0,0,true,,true,false,true,false,false,,,,,,false,false,false,,,false,false,false,false,false,-82.97657,42.41321,"{
  ""coordinates"": [
    -8.297657314000000e+01,
    4.241320940000000e+01
  ],
  ""type"": ""Point""
}","{
  ""coordinates"": [
    -82.97657314,
    42.4132094
  ],
  ""type"": ""Point""
}",-82.97657314,42.4132094
18293,1001261,GREENVIEW,SCHOOLCRAFT,2017-04-08,8,4,2017,14,7,97,9,,,0,,1,1,1,25,3,2,2,4,0,0,0,1,false,,false,false,false,false,false,,,,,,false,false,false,,,false,false,false,false,false,-83.2235,42.38549,"{
  ""coordinates"": [
    -8.322350134100000e+01,
    4.238548618500000e+01
  ],
  ""type"": ""Point""
}","{
  ""coordinates"": [
    -83.223501341,
    42.385486185
  ],
  ""type"": ""Point""
}",-83.223501341,42.385486185
18294,1001308,FAIRFIELD,MCNICHOLS,2017-04-08,8,4,2017,13,7,4,9,,,0,,1,1,1,25,2,2,2,5,0,0,0,0,true,,false,false,false,false,false,,,,,,false,false,true,,,false,false,false,false,false,-83.1353,42.41716,"{
  ""coordinates"": [
    -8.313529916800000e+01,
    4.241715946500010e+01
  ],
  ""type"": ""Point""
}","{
  ""coordinates"": [
    -83.135299168,
    42.417159465
  ],
  ""type"": ""Point""
}",-83.135299168,42.4171594650001
18295,1005378,M-10,MCNICHOLS,2017-04-08,8,4,2017,23,7,1,3,,1,1,,1,1,4,55,3,1,1,5,0,0,0,0,true,,false,false,false,false,false,,,,,,false,false,false,,,false,false,false,false,false,-83.17332,42.41777,"{
  ""coordinates"": [
    -8.317331450200000e+01,
    4.241777375800010e+01
  ],
  ""type"": ""Point""
}","{
  ""coordinates"": [
    -83.173314502,
    42.417773758
  ],
  ""type"": ""Point""
}",-83.173314502,42.4177737580001
18296,1001273,GRAND RIVER,STAHELIN,2017-04-08,8,4,2017,14,7,5,3,,1,0,,1,1,1,35,5,2,2,5,0,0,0,0,true,,false,false,false,false,false,,,,,,false,false,false,,,false,false,false,false,false,-83.22643,42.40398,"{
  ""coordinates"": [
    -8.322642513499990e+01,
    4.240398289100010e+01
  ],
  ""type"": ""Point""
}","{
  ""coordinates"": [
    -83.226425135,
    42.403982891
  ],
  ""type"": ""Point""
}",-83.2264251349999,42.4039828910001
18297,1006465,JEROME,JOS CAMPAU,2017-04-08,8,4,2017,17,7,98,9,,,3,,1,1,1,25,2,2,0,5,0,0,0,0,true,,false,false,true,false,false,,,,,,false,false,false,,,false,false,false,false,false,-83.072,42.41983,"{
  ""coordinates"": [
    -8.307199871599990e+01,
    4.241983038100010e+01
  ],
  ""type"": ""Point""
}","{
  ""coordinates"": [
    -83.071998716,
    42.419830381
  ],
  ""type"": ""Point""
}",-83.0719987159999,42.4198303810001
18298,1001234,35TH,HORATIO,2017-04-08,8,4,2017,20,7,8,9,,,0,,1,1,3,25,1,2,0,5,0,0,0,0,true,,false,false,true,false,false,,,,,,false,false,false,,,false,false,false,false,false,-83.11754,42.33765,"{
  ""coordinates"": [
    -8.311754223799990e+01,
    4.233765165000010e+01
  ],
  ""type"": ""Point""
}","{
  ""coordinates"": [
    -83.117542238,
    42.33765165
  ],
  ""type"": ""Point""
}",-83.1175422379999,42.3376516500001