ObjectId,Crash ID,Primary Road,Intersecting Road,Crash Date,Day,Month,Year,Hour,Weekday,Crash Type Code,Highway Classification Code,Community Code,Jurisdiction Code,Lane Departure Type Code,Surface Type,Road Condition,Weather Condition,Lighting Condition,Speed Limit,Lanes,Units,Occupants,Most Severe Injury,Fatal Injuries,Suspected Serious Injuries,Suspected Minor Injuries,Possible Injuries,Property Damage Only,Secondary Crash,Traffic Control,Red Light Run,Hit and Run,Alcohol,Drugs,Unbelted Person,Work Zone,Speeding Driver,Distracted Driver,Driveway,Pedestrian,Elderly Driver,Young Driver,Commercial Vehicle,Emergency Vehicles,Train,School Bus,Motorcycle,Bicycle,Deer,Longitude,Latitude,geom,geog,x,y
18299,1011760,DAVISON,LINWOOD,2017-04-08,8,4,2017,16,7,8,3,,1,0,,1,1,1,0,7,2,1,5,0,0,0,0,true,,false,false,true,false,false,,,,,,false,false,true,,,false,false,false,false,false,-83.12206,42.39301,"{
  ""coordinates"": [
    -8.312206095600000e+01,
    4.239301200000010e+01
  ],
  ""type"": ""Point""
}","{
  ""coordinates"": [
    -83.122060956,
    42.393012
  ],
  ""type"": ""Point""
}",-83.122060956,42.3930120000001
18300,1002145,RAMP 938E,14TH,2017-04-08,8,4,2017,16,7,8,1,,1,0,,1,1,1,55,2,2,2,5,0,0,0,0,true,,false,false,false,false,false,,,,,,false,true,false,,,false,false,false,false,false,-83.07407,42.33281,"{
  ""coordinates"": [
    -8.307407513200000e+01,
    4.233281060300000e+01
  ],
  ""type"": ""Point""
}","{
  ""coordinates"": [
    -83.074075132,
    42.332810603
  ],
  ""type"": ""Point""
}",-83.074075132,42.332810603
18301,1001258,OUTER,FIELDING,2017-04-08,8,4,2017,16,7,5,9,,2,0,,1,1,1,35,2,2,1,5,0,0,0,0,true,,false,false,false,false,false,,,,,,false,false,false,,,false,false,false,false,false,-83.24267,42.39781,"{
  ""coordinates"": [
    -8.324266622800000e+01,
    4.239781087000010e+01
  ],
  ""type"": ""Point""
}","{
  ""coordinates"": [
    -83.242666228,
    42.39781087
  ],
  ""type"": ""Point""
}",-83.242666228,42.3978108700001
18302,1001284,GRATIOT,FRENCH,2017-04-08,8,4,2017,16,7,5,3,,1,0,,1,1,1,30,5,2,3,5,0,0,0,0,true,,false,false,false,false,false,,,,,,false,false,true,,,false,false,false,false,false,-83.00041,42.40045,"{
  ""coordinates"": [
    -8.300041297000000e+01,
    4.240045292600010e+01
  ],
  ""type"": ""Point""
}","{
  ""coordinates"": [
    -83.00041297,
    42.400452926
  ],
  ""type"": ""Point""
}",-83.00041297,42.4004529260001
18303,1003147,WESTPHALIA,PINEWOOD,2017-04-08,8,4,2017,13,7,4,9,,,0,,1,1,1,25,2,2,2,4,0,0,0,2,false,,false,false,false,false,false,,,,,,false,false,false,,,false,false,false,false,false,-82.99253,42.43837,"{
  ""coordinates"": [
    -8.299252967000000e+01,
    4.243836564100010e+01
  ],
  ""type"": ""Point""
}","{
  ""coordinates"": [
    -82.99252967,
    42.438365641
  ],
  ""type"": ""Point""
}",-82.99252967,42.4383656410001
18304,1011709,WASHINGTON,MICHIGAN,2017-04-08,8,4,2017,10,7,98,9,,4,0,,1,1,1,30,4,2,2,5,0,0,0,0,true,,false,false,false,false,false,,,,,,false,true,false,,,false,false,false,false,false,-83.05117,42.33168,"{
  ""coordinates"": [
    -8.305117275299990e+01,
    4.233168335900010e+01
  ],
  ""type"": ""Point""
}","{
  ""coordinates"": [
    -83.051172753,
    42.331683359
  ],
  ""type"": ""Point""
}",-83.0511727529999,42.3316833590001
18305,1001259,BEAVERLAND,SAWYER,2017-04-08,8,4,2017,22,7,2,9,,,2,,1,1,4,25,2,2,2,4,0,0,0,1,false,,false,false,true,false,false,,,,,,false,false,true,,,false,false,false,false,false,-83.2627,42.34659,"{
  ""coordinates"": [
    -8.326269186699990e+01,
    4.234658958500010e+01
  ],
  ""type"": ""Point""
}","{
  ""coordinates"": [
    -83.262691867,
    42.346589585
  ],
  ""type"": ""Point""
}",-83.2626918669999,42.3465895850001
18306,1005362,I-94,CHENE,2017-04-08,8,4,2017,5,7,1,1,,1,1,,1,2,4,55,3,1,1,4,0,0,0,1,false,,false,false,false,false,false,,,,,,false,false,false,,,false,false,false,false,false,-83.04603,42.37442,"{
  ""coordinates"": [
    -8.304602951200000e+01,
    4.237441986400010e+01
  ],
  ""type"": ""Point""
}","{
  ""coordinates"": [
    -83.046029512,
    42.374419864
  ],
  ""type"": ""Point""
}",-83.046029512,42.3744198640001
18307,1003157,8 MILE,VANDYKE,2017-04-08,8,4,2017,22,7,5,3,,1,0,,1,1,2,0,4,2,1,5,0,0,0,0,true,,false,false,false,false,false,,,,,,false,false,false,,,false,false,false,false,false,-83.02155,42.44825,"{
  ""coordinates"": [
    -8.302155408899991e+01,
    4.244825066700000e+01
  ],
  ""type"": ""Point""
}","{
  ""coordinates"": [
    -83.021554089,
    42.448250667
  ],
  ""type"": ""Point""
}",-83.0215540889999,42.448250667
18308,1001216,WOODWARD,MACK,2017-04-08,8,4,2017,9,7,4,3,,1,0,,1,1,1,30,4,2,4,4,0,0,0,2,false,,false,false,false,false,false,,,,,,false,false,false,,,false,false,false,false,false,-83.05799,42.34757,"{
  ""coordinates"": [
    -8.305799294199990e+01,
    4.234756815500000e+01
  ],
  ""type"": ""Point""
}","{
  ""coordinates"": [
    -83.057992942,
    42.347568155
  ],
  ""type"": ""Point""
}",-83.0579929419999,42.347568155
18309,1001232,LIVERNOIS,EDWARD,2017-04-08,8,4,2017,18,7,4,9,,4,0,,1,1,1,35,5,2,4,5,0,0,0,0,true,,false,false,false,false,false,,,,,,false,false,false,,,false,false,false,false,false,-83.11993,42.33055,"{
  ""coordinates"": [
    -8.311992389999990e+01,
    4.233054983600000e+01
  ],
  ""type"": ""Point""
}","{
  ""coordinates"": [
    -83.1199239,
    42.330549836
  ],
  ""type"": ""Point""
}",-83.1199238999999,42.330549836
18310,1001272,7 MILE,FERGUSON,2017-04-08,8,4,2017,11,7,5,9,,2,0,,1,1,1,35,4,3,4,5,0,0,0,0,true,,false,false,true,false,false,,,,,,false,false,true,,,false,false,false,false,false,-83.21053,42.43026,"{
  ""coordinates"": [
    -8.321052804999989e+01,
    4.243026478600010e+01
  ],
  ""type"": ""Point""
}","{
  ""coordinates"": [
    -83.21052805,
    42.430264786
  ],
  ""type"": ""Point""
}",-83.2105280499999,42.4302647860001
18311,1001212,OUTER,GREENFIELD,2017-04-08,8,4,2017,15,7,6,9,,2,0,,1,1,1,35,5,2,1,5,0,0,0,0,true,,false,false,true,false,false,,,,,,false,true,false,,,false,false,false,false,false,-83.19934,42.41948,"{
  ""coordinates"": [
    -8.319934408800000e+01,
    4.241947672100010e+01
  ],
  ""type"": ""Point""
}","{
  ""coordinates"": [
    -83.199344088,
    42.419476721
  ],
  ""type"": ""Point""
}",-83.199344088,42.4194767210001
18312,1013354,I-94,WOODWARD,2017-04-08,8,4,2017,8,7,1,1,,1,0,,1,1,1,55,3,1,1,5,0,0,0,0,true,,false,false,false,false,false,,,,,,false,false,true,,,false,false,false,false,false,-83.0685,42.36376,"{
  ""coordinates"": [
    -8.306850242900001e+01,
    4.236376179900000e+01
  ],
  ""type"": ""Point""
}","{
  ""coordinates"": [
    -83.068502429,
    42.363761799
  ],
  ""type"": ""Point""
}",-83.068502429,42.363761799
18313,1003729,I-94,FRENCH,2017-04-08,8,4,2017,14,7,5,1,,1,0,,1,1,1,55,3,2,2,4,0,0,0,1,false,,false,false,false,false,false,,,,,,false,false,true,,,false,false,false,false,false,-82.99628,42.39235,"{
  ""coordinates"": [
    -8.299628584999989e+01,
    4.239235180500000e+01
  ],
  ""type"": ""Point""
}","{
  ""coordinates"": [
    -82.99628585,
    42.392351805
  ],
  ""type"": ""Point""
}",-82.9962858499999,42.392351805
18314,1029396,JOY,RUTLAND,2017-04-08,8,4,2017,20,7,97,9,,2,0,,1,1,4,35,5,2,4,5,0,0,0,0,true,,false,false,false,false,false,,,,,,false,false,false,,,false,false,false,false,false,-83.21283,42.35793,"{
  ""coordinates"": [
    -8.321282825000000e+01,
    4.235792639700000e+01
  ],
  ""type"": ""Point""
}","{
  ""coordinates"": [
    -83.21282825,
    42.357926397
  ],
  ""type"": ""Point""
}",-83.21282825,42.357926397
18315,1012664,M-10,MCNICHOLS,2017-04-08,8,4,2017,22,7,5,3,,1,0,,1,1,4,55,3,4,5,4,0,0,0,1,false,,false,false,false,false,false,,,,,,false,false,false,,,false,false,false,false,false,-83.17332,42.41777,"{
  ""coordinates"": [
    -8.317331450200000e+01,
    4.241777375800010e+01
  ],
  ""type"": ""Point""
}","{
  ""coordinates"": [
    -83.173314502,
    42.417773758
  ],
  ""type"": ""Point""
}",-83.173314502,42.4177737580001
18316,1001267,MACK,S I 75,2017-04-08,8,4,2017,16,7,1,9,,4,0,,1,1,1,30,3,2,1,4,0,0,0,1,false,,false,false,true,false,false,,,,,,false,false,false,,,false,false,false,true,false,-83.04799,42.35116,"{
  ""coordinates"": [
    -8.304798545100000e+01,
    4.235116006900010e+01
  ],
  ""type"": ""Point""
}","{
  ""coordinates"": [
    -83.047985451,
    42.351160069
  ],
  ""type"": ""Point""
}",-83.047985451,42.3511600690001
18317,1001323,7 MILE,LESURE,2017-04-08,8,4,2017,19,7,8,9,,2,0,,1,1,1,30,5,2,3,4,0,0,0,1,false,,false,false,false,false,false,,,,,,false,false,false,,,false,false,false,false,false,-83.18285,42.431,"{
  ""coordinates"": [
    -8.318285456000000e+01,
    4.243100116600000e+01
  ],
  ""type"": ""Point""
}","{
  ""coordinates"": [
    -83.18285456,
    42.431001166
  ],
  ""type"": ""Point""
}",-83.18285456,42.431001166
18318,1002224,CALVERT,HAMILTON,2017-04-08,8,4,2017,17,7,4,9,,4,0,,1,1,1,25,1,2,2,5,0,0,0,0,true,,false,false,false,false,false,,,,,,false,false,false,,,false,false,false,false,false,-83.09583,42.38584,"{
  ""coordinates"": [
    -8.309582909999990e+01,
    4.238584192600010e+01
  ],
  ""type"": ""Point""
}","{
  ""coordinates"": [
    -83.0958291,
    42.385841926
  ],
  ""type"": ""Point""
}",-83.0958290999999,42.3858419260001
18319,1007304,HAYES,OUTER,2017-04-08,8,4,2017,16,7,8,9,,4,0,,1,1,1,35,2,2,3,5,0,0,0,0,true,,false,false,true,false,false,,,,,,false,false,false,,,false,false,false,false,false,-82.96477,42.41481,"{
  ""coordinates"": [
    -8.296477124499999e+01,
    4.241480913100000e+01
  ],
  ""type"": ""Point""
}","{
  ""coordinates"": [
    -82.964771245,
    42.414809131
  ],
  ""type"": ""Point""
}",-82.964771245,42.414809131
18320,1002144,I-75,JUNCTION,2017-04-08,8,4,2017,13,7,8,1,,1,0,,1,1,1,55,5,2,1,5,0,0,0,0,true,,false,false,true,false,false,,,,,,false,false,false,,,false,false,false,false,false,-83.09828,42.31086,"{
  ""coordinates"": [
    -8.309828005599999e+01,
    4.231085410900000e+01
  ],
  ""type"": ""Point""
}","{
  ""coordinates"": [
    -83.098280056,
    42.310854109
  ],
  ""type"": ""Point""
}",-83.098280056,42.310854109
18321,1001310,CURTIS,OUTER,2017-04-08,8,4,2017,12,7,4,9,,4,0,,1,1,1,25,4,2,2,5,0,0,0,0,true,,true,true,false,false,false,,,,,,false,true,false,,,false,false,false,false,false,-83.17529,42.42392,"{
  ""coordinates"": [
    -8.317529008799990e+01,
    4.242392089200010e+01
  ],
  ""type"": ""Point""
}","{
  ""coordinates"": [
    -83.175290088,
    42.423920892
  ],
  ""type"": ""Point""
}",-83.1752900879999,42.4239208920001
18322,1002180,MARLOWE,FENKELL,2017-04-08,8,4,2017,23,7,1,9,,,1,,1,1,4,25,2,1,1,5,0,0,0,0,true,,false,false,false,false,false,,,,,,false,false,true,,,false,false,false,false,false,-83.19009,42.40207,"{
  ""coordinates"": [
    -8.319009032199990e+01,
    4.240206500700000e+01
  ],
  ""type"": ""Point""
}","{
  ""coordinates"": [
    -83.190090322,
    42.402065007
  ],
  ""type"": ""Point""
}",-83.1900903219999,42.402065007
18323,1001318,19355 LIVERNOIS,OUTER,2017-04-08,8,4,2017,9,7,5,9,,4,0,,1,1,1,30,2,2,4,5,0,0,0,0,true,,false,false,false,false,false,,,,,,false,false,true,,,false,false,false,false,false,-83.14172,42.43513,"{
  ""coordinates"": [
    -8.314171389500000e+01,
    4.243512957600010e+01
  ],
  ""type"": ""Point""
}","{
  ""coordinates"": [
    -83.141713895,
    42.435129576
  ],
  ""type"": ""Point""
}",-83.141713895,42.4351295760001
18324,1001296,OUTER,VAN DYKE,2017-04-08,8,4,2017,12,7,4,3,,2,0,,1,1,1,35,6,2,2,5,0,0,0,0,true,,false,false,false,false,false,,,,,,false,true,false,,,false,false,false,false,false,-83.02454,42.44135,"{
  ""coordinates"": [
    -8.302453554800000e+01,
    4.244134700500010e+01
  ],
  ""type"": ""Point""
}","{
  ""coordinates"": [
    -83.024535548,
    42.441347005
  ],
  ""type"": ""Point""
}",-83.024535548,42.4413470050001
18325,1001211,DAVISON,WILDEMERE,2017-04-08,8,4,2017,14,7,8,3,,1,0,,1,1,1,35,6,2,2,5,0,0,0,0,true,,false,false,true,false,false,,,,,,false,false,false,,,false,false,false,false,false,-83.12759,42.39096,"{
  ""coordinates"": [
    -8.312759529300000e+01,
    4.239096004500000e+01
  ],
  ""type"": ""Point""
}","{
  ""coordinates"": [
    -83.127595293,
    42.390960045
  ],
  ""type"": ""Point""
}",-83.127595293,42.390960045
18326,1005405,E M 8,E I 96,2017-04-08,8,4,2017,1,7,1,3,,1,1,,1,1,4,55,4,1,3,4,0,0,0,3,false,,false,false,false,false,false,,,,,,false,false,false,,,false,false,false,false,false,-83.1525,42.3846,"{
  ""coordinates"": [
    -8.315250416299990e+01,
    4.238459623400010e+01
  ],
  ""type"": ""Point""
}","{
  ""coordinates"": [
    -83.152504163,
    42.384596234
  ],
  ""type"": ""Point""
}",-83.1525041629999,42.3845962340001
18327,1001289,MT.ELLIOTT,NEVADA,2017-04-07,7,4,2017,12,6,4,9,,2,0,,1,1,4,0,2,2,1,4,0,0,0,1,false,,false,false,false,false,false,,,,,,false,false,false,,,false,false,false,false,false,-83.04307,42.42658,"{
  ""coordinates"": [
    -8.304306600200000e+01,
    4.242658066500010e+01
  ],
  ""type"": ""Point""
}","{
  ""coordinates"": [
    -83.043066002,
    42.426580665
  ],
  ""type"": ""Point""
}",-83.043066002,42.4265806650001
18328,1002189,GRAND,2ND,2017-04-07,7,4,2017,11,6,10,9,,4,0,,1,2,1,30,3,2,4,5,0,0,0,0,true,,false,false,false,false,false,,,,,,false,true,false,,,false,false,false,false,false,-83.06297,42.34489,"{
  ""coordinates"": [
    -8.306296826700000e+01,
    4.234489202800010e+01
  ],
  ""type"": ""Point""
}","{
  ""coordinates"": [
    -83.062968267,
    42.344892028
  ],
  ""type"": ""Point""
}",-83.062968267,42.3448920280001
18329,1002143,I-94,BEAUBIEN,2017-04-07,7,4,2017,16,6,5,1,,1,0,,1,1,1,55,3,2,2,5,0,0,0,0,true,,false,false,false,false,false,,,,,,false,false,false,,,false,false,false,false,false,-83.063,42.36621,"{
  ""coordinates"": [
    -8.306300001100000e+01,
    4.236621072500000e+01
  ],
  ""type"": ""Point""
}","{
  ""coordinates"": [
    -83.063000011,
    42.366210725
  ],
  ""type"": ""Point""
}",-83.063000011,42.366210725
18330,1001268,N I 75,WARREN,2017-04-07,7,4,2017,16,6,97,1,,1,0,,1,1,1,25,2,2,2,5,0,0,0,0,true,,false,false,false,false,false,,,,,,false,false,false,,,false,false,false,false,false,-83.05422,42.36082,"{
  ""coordinates"": [
    -8.305421937200001e+01,
    4.236081511700010e+01
  ],
  ""type"": ""Point""
}","{
  ""coordinates"": [
    -83.054219372,
    42.360815117
  ],
  ""type"": ""Point""
}",-83.054219372,42.3608151170001
18331,1001330,WYOMING,SANTA CLARA,2017-04-07,7,4,2017,22,6,5,9,,4,0,,1,1,4,30,4,2,1,5,0,0,0,0,true,,false,false,true,false,false,,,,,,false,false,false,,,false,false,false,false,false,-83.16052,42.42057,"{
  ""coordinates"": [
    -8.316052014199990e+01,
    4.242056565100010e+01
  ],
  ""type"": ""Point""
}","{
  ""coordinates"": [
    -83.160520142,
    42.420565651
  ],
  ""type"": ""Point""
}",-83.1605201419999,42.4205656510001
18332,1001276,CONNER,OLGA,2017-04-07,7,4,2017,15,6,5,9,,4,0,,1,1,1,25,1,2,1,5,0,0,0,0,true,,false,false,true,false,false,,,,,,false,false,false,,,false,false,false,false,false,-82.98492,42.39415,"{
  ""coordinates"": [
    -8.298491815900000e+01,
    4.239415079300010e+01
  ],
  ""type"": ""Point""
}","{
  ""coordinates"": [
    -82.984918159,
    42.394150793
  ],
  ""type"": ""Point""
}",-82.984918159,42.3941507930001
18333,1009912,I-94,M-10,2017-04-07,7,4,2017,1,6,97,1,,1,0,,2,4,4,55,3,2,2,3,0,0,1,0,false,,false,false,true,true,false,,,,,,false,false,false,,,false,false,false,false,false,-83.08036,42.35676,"{
  ""coordinates"": [
    -8.308035984199999e+01,
    4.235675747900010e+01
  ],
  ""type"": ""Point""
}","{
  ""coordinates"": [
    -83.080359842,
    42.356757479
  ],
  ""type"": ""Point""
}",-83.080359842,42.3567574790001
18334,1002177,RAMP 213P,RAMP 213K,2017-04-07,7,4,2017,16,6,5,1,,1,0,,1,1,1,55,1,2,8,5,0,0,0,0,true,,false,false,false,false,false,,,,,,false,false,false,,,false,true,false,false,false,-83.09898,42.35061,"{
  ""coordinates"": [
    -8.309897254099999e+01,
    4.235060945200010e+01
  ],
  ""type"": ""Point""
}","{
  ""coordinates"": [
    -83.098972541,
    42.350609452
  ],
  ""type"": ""Point""
}",-83.098972541,42.3506094520001
18335,1001290,DAVISON,CONANT,2017-04-07,7,4,2017,15,6,4,3,,1,0,,1,1,1,35,2,2,2,5,0,0,0,0,true,,false,false,false,false,false,,,,,,false,false,false,,,false,false,false,false,false,-83.06149,42.41553,"{
  ""coordinates"": [
    -8.306148208600000e+01,
    4.241552767100010e+01
  ],
  ""type"": ""Point""
}","{
  ""coordinates"": [
    -83.061482086,
    42.415527671
  ],
  ""type"": ""Point""
}",-83.061482086,42.4155276710001
18336,1002218,LINDSAY,MCNICHOLS,2017-04-07,7,4,2017,17,6,8,9,,,0,,1,1,1,25,2,2,2,4,0,0,0,1,false,,false,false,false,false,false,,,,,,false,true,false,,,false,false,false,false,false,-83.21331,42.41562,"{
  ""coordinates"": [
    -8.321330899500001e+01,
    4.241561567700010e+01
  ],
  ""type"": ""Point""
}","{
  ""coordinates"": [
    -83.213308995,
    42.415615677
  ],
  ""type"": ""Point""
}",-83.213308995,42.4156156770001
18337,1001220,BAGLEY,GRANDRIVER,2017-04-07,7,4,2017,11,6,4,9,,4,0,,1,1,1,30,2,2,2,5,0,0,0,0,true,,false,false,false,false,false,,,,,,false,true,false,,,false,false,false,false,false,-83.05302,42.33445,"{
  ""coordinates"": [
    -8.305302770799990e+01,
    4.233444817700010e+01
  ],
  ""type"": ""Point""
}","{
  ""coordinates"": [
    -83.053027708,
    42.334448177
  ],
  ""type"": ""Point""
}",-83.0530277079999,42.3344481770001
18338,1008163,MACK,GRATIOT,2017-04-07,7,4,2017,16,6,4,3,,4,0,,1,1,1,30,2,2,2,5,0,0,0,0,true,,false,false,true,false,false,,,,,,false,true,false,,,false,false,false,false,false,-83.02752,42.35914,"{
  ""coordinates"": [
    -8.302751562899989e+01,
    4.235914108600010e+01
  ],
  ""type"": ""Point""
}","{
  ""coordinates"": [
    -83.027515629,
    42.359141086
  ],
  ""type"": ""Point""
}",-83.0275156289999,42.3591410860001
18339,1001315,GRATIOT,COLLINGHAM,2017-04-07,7,4,2017,18,6,5,3,,1,0,,1,1,1,40,6,2,2,5,0,0,0,0,true,,false,false,false,false,false,,,,,,false,false,false,,,false,false,false,false,false,-82.96915,42.44803,"{
  ""coordinates"": [
    -8.296914545200001e+01,
    4.244803030000000e+01
  ],
  ""type"": ""Point""
}","{
  ""coordinates"": [
    -82.969145452,
    42.4480303
  ],
  ""type"": ""Point""
}",-82.969145452,42.4480303
18340,1002213,PEORIA,SEYMOUR,2017-04-07,7,4,2017,20,6,4,9,,,0,,1,1,4,25,2,2,3,5,0,0,0,0,true,,false,false,false,false,false,,,,,,false,false,false,,,false,false,false,false,false,-82.97713,42.42703,"{
  ""coordinates"": [
    -8.297713257899990e+01,
    4.242703045600010e+01
  ],
  ""type"": ""Point""
}","{
  ""coordinates"": [
    -82.977132579,
    42.427030456
  ],
  ""type"": ""Point""
}",-82.9771325789999,42.4270304560001
18341,1002203,MCNICHOLS,GRAND RIVER,2017-04-07,7,4,2017,0,6,1,3,,2,0,,2,4,4,30,4,1,1,5,0,0,0,0,true,,false,false,false,false,false,,,,,,false,false,false,,,false,false,false,false,false,-83.25304,42.41468,"{
  ""coordinates"": [
    -8.325303543699989e+01,
    4.241467774800000e+01
  ],
  ""type"": ""Point""
}","{
  ""coordinates"": [
    -83.253035437,
    42.414677748
  ],
  ""type"": ""Point""
}",-83.2530354369999,42.414677748
18342,1006390,IVANHOE,NORTHFIELD,2017-04-07,7,4,2017,18,6,98,9,,,0,,1,1,4,25,2,2,0,5,0,0,0,0,true,,false,false,false,false,false,,,,,,false,false,false,,,false,false,false,false,false,-83.12894,42.35664,"{
  ""coordinates"": [
    -8.312893401900000e+01,
    4.235664217600000e+01
  ],
  ""type"": ""Point""
}","{
  ""coordinates"": [
    -83.128934019,
    42.356642176
  ],
  ""type"": ""Point""
}",-83.128934019,42.356642176
18343,1006466,ST CYRIL,NETT,2017-04-07,7,4,2017,15,6,5,9,,4,0,,1,1,1,25,2,2,1,5,0,0,0,0,true,,false,false,true,false,false,,,,,,false,false,false,,,false,false,false,false,false,-83.02618,42.39824,"{
  ""coordinates"": [
    -8.302618663800000e+01,
    4.239823524600010e+01
  ],
  ""type"": ""Point""
}","{
  ""coordinates"": [
    -83.026186638,
    42.398235246
  ],
  ""type"": ""Point""
}",-83.026186638,42.3982352460001
18344,1004641,CONNER,MACK,2017-04-07,7,4,2017,13,6,6,9,,4,0,,1,1,1,35,7,2,2,5,0,0,0,0,true,,false,false,true,false,false,,,,,,false,false,true,,,false,false,false,false,false,-82.96793,42.38385,"{
  ""coordinates"": [
    -8.296793060000000e+01,
    4.238384636000010e+01
  ],
  ""type"": ""Point""
}","{
  ""coordinates"": [
    -82.9679306,
    42.38384636
  ],
  ""type"": ""Point""
}",-82.9679306,42.3838463600001
18345,1016544,GREENFIELD,JAMES COUZENS,2017-04-07,7,4,2017,11,6,5,7,,1,0,,1,2,1,35,2,2,3,5,0,0,0,0,true,,false,false,true,false,false,,,,,,false,false,true,,,false,false,false,false,false,-83.20041,42.4427,"{
  ""coordinates"": [
    -8.320040949299990e+01,
    4.244269563200000e+01
  ],
  ""type"": ""Point""
}","{
  ""coordinates"": [
    -83.200409493,
    42.442695632
  ],
  ""type"": ""Point""
}",-83.2004094929999,42.442695632
18346,1004633,I 75,CANFIELD,2017-04-07,7,4,2017,17,6,5,1,,1,0,,1,1,1,55,4,2,2,5,0,0,0,0,true,,false,false,false,false,false,,,,,,false,false,false,,,false,false,false,false,false,-83.05136,42.35652,"{
  ""coordinates"": [
    -8.305135844800000e+01,
    4.235652214900010e+01
  ],
  ""type"": ""Point""
}","{
  ""coordinates"": [
    -83.051358448,
    42.356522149
  ],
  ""type"": ""Point""
}",-83.051358448,42.3565221490001
18347,1002178,I-94,TRUMBULL,2017-04-07,7,4,2017,17,6,5,1,,1,0,,1,1,1,55,3,2,4,5,0,0,0,0,true,,false,false,false,false,false,,,,,,false,false,false,,,false,false,false,false,false,-83.08265,42.35548,"{
  ""coordinates"": [
    -8.308264806699999e+01,
    4.235547628300000e+01
  ],
  ""type"": ""Point""
}","{
  ""coordinates"": [
    -83.082648067,
    42.355476283
  ],
  ""type"": ""Point""
}",-83.082648067,42.355476283
18348,1007285,S I 375,RAMP 017B,2017-04-07,7,4,2017,17,6,5,1,,1,0,,1,1,1,0,4,2,2,5,0,0,0,0,true,,false,false,false,false,false,,,,,,false,false,false,,,false,false,false,false,false,-83.04105,42.33939,"{
  ""coordinates"": [
    -8.304105602600001e+01,
    4.233939151100000e+01
  ],
  ""type"": ""Point""
}","{
  ""coordinates"": [
    -83.041056026,
    42.339391511
  ],
  ""type"": ""Point""
}",-83.041056026,42.339391511
18349,1001327,MCNICHOLS,QUINCY,2017-04-07,7,4,2017,9,6,97,9,,4,0,,2,4,1,30,4,2,1,5,0,0,0,0,true,,false,false,true,false,false,,,,,,false,false,false,,,false,false,false,false,false,-83.1381,42.41719,"{
  ""coordinates"": [
    -8.313810023199990e+01,
    4.241718996700010e+01
  ],
  ""type"": ""Point""
}","{
  ""coordinates"": [
    -83.138100232,
    42.417189967
  ],
  ""type"": ""Point""
}",-83.1381002319999,42.4171899670001
18350,1001252,SOUTHFIELD SERVICE DRIVE,RAMP 010C,2017-04-07,7,4,2017,15,6,97,9,,4,0,,1,1,1,55,8,2,1,5,0,0,0,0,true,,false,false,true,false,false,,,,,,false,false,true,,,false,false,false,false,false,-83.21924,42.41692,"{
  ""coordinates"": [
    -8.321923777200000e+01,
    4.241692116800000e+01
  ],
  ""type"": ""Point""
}","{
  ""coordinates"": [
    -83.219237772,
    42.416921168
  ],
  ""type"": ""Point""
}",-83.219237772,42.416921168
18351,1002192,DIX,HONORAH,2017-04-07,7,4,2017,15,6,1,9,,4,1,,1,1,1,30,2,1,1,5,0,0,0,0,true,,false,false,false,false,false,,,,,,false,false,false,,,false,false,false,false,false,-83.12546,42.31695,"{
  ""coordinates"": [
    -8.312546032099991e+01,
    4.231695128900000e+01
  ],
  ""type"": ""Point""
}","{
  ""coordinates"": [
    -83.125460321,
    42.316951289
  ],
  ""type"": ""Point""
}",-83.1254603209999,42.316951289
18352,1045140,N I 75,RAMP 216D,2017-04-07,7,4,2017,17,6,5,1,,1,0,,1,1,1,65,4,2,2,5,0,0,0,0,true,,false,false,true,false,false,,,,,,false,false,false,,,false,false,false,false,false,-83.05795,42.36858,"{
  ""coordinates"": [
    -8.305795121499990e+01,
    4.236858551300000e+01
  ],
  ""type"": ""Point""
}","{
  ""coordinates"": [
    -83.057951215,
    42.368585513
  ],
  ""type"": ""Point""
}",-83.0579512149999,42.368585513
18353,1001270,SCHOOLCRAFT,FORRER,2017-04-07,7,4,2017,13,6,1,9,,2,1,,1,1,1,0,4,1,1,5,0,0,0,0,true,,false,false,false,false,false,,,,,,false,false,false,,,false,false,false,false,false,-83.20167,42.38699,"{
  ""coordinates"": [
    -8.320166654099999e+01,
    4.238698605400000e+01
  ],
  ""type"": ""Point""
}","{
  ""coordinates"": [
    -83.201666541,
    42.386986054
  ],
  ""type"": ""Point""
}",-83.201666541,42.386986054
18354,1001242,SCHOOLCRAFT,OUTER,2017-04-07,7,4,2017,20,6,3,9,,4,0,,1,1,4,35,3,2,2,5,0,0,0,0,true,,false,false,false,false,false,,,,,,false,false,false,,,false,false,false,false,false,-83.25617,42.38504,"{
  ""coordinates"": [
    -8.325616891300000e+01,
    4.238504421100000e+01
  ],
  ""type"": ""Point""
}","{
  ""coordinates"": [
    -83.256168913,
    42.385044211
  ],
  ""type"": ""Point""
}",-83.256168913,42.385044211
18355,1001231,FORT,LAWNDALE,2017-04-07,7,4,2017,22,6,8,3,,1,0,,1,1,4,35,5,2,2,5,0,0,0,0,true,,false,false,false,false,false,,,,,,false,false,false,,,false,false,false,false,false,-83.12496,42.29797,"{
  ""coordinates"": [
    -8.312496329800000e+01,
    4.229796741500010e+01
  ],
  ""type"": ""Point""
}","{
  ""coordinates"": [
    -83.124963298,
    42.297967415
  ],
  ""type"": ""Point""
}",-83.124963298,42.2979674150001