ObjectId,Crash ID,Primary Road,Intersecting Road,Crash Date,Day,Month,Year,Hour,Weekday,Crash Type Code,Highway Classification Code,Community Code,Jurisdiction Code,Lane Departure Type Code,Surface Type,Road Condition,Weather Condition,Lighting Condition,Speed Limit,Lanes,Units,Occupants,Most Severe Injury,Fatal Injuries,Suspected Serious Injuries,Suspected Minor Injuries,Possible Injuries,Property Damage Only,Secondary Crash,Traffic Control,Red Light Run,Hit and Run,Alcohol,Drugs,Unbelted Person,Work Zone,Speeding Driver,Distracted Driver,Driveway,Pedestrian,Elderly Driver,Young Driver,Commercial Vehicle,Emergency Vehicles,Train,School Bus,Motorcycle,Bicycle,Deer,Longitude,Latitude,geom,geog,x,y
18413,1001278,FAIRMOUNT,REX,2017-04-07,7,4,2017,8,6,4,9,,,0,,1,1,1,25,2,2,2,5,0,0,0,0,true,,false,false,false,false,false,,,,,,false,false,false,,,false,false,false,false,false,-82.95851,42.4447,"{
  ""coordinates"": [
    -8.295851225500000e+01,
    4.244470033200000e+01
  ],
  ""type"": ""Point""
}","{
  ""coordinates"": [
    -82.958512255,
    42.444700332
  ],
  ""type"": ""Point""
}",-82.958512255,42.444700332
18414,1005374,I-75,WARREN,2017-04-07,7,4,2017,17,6,5,1,,1,0,,1,1,1,55,4,2,3,5,0,0,0,0,true,,false,false,false,false,false,,,,,,false,false,false,,,false,false,false,false,false,-83.05407,42.3606,"{
  ""coordinates"": [
    -8.305407072600001e+01,
    4.236059424900000e+01
  ],
  ""type"": ""Point""
}","{
  ""coordinates"": [
    -83.054070726,
    42.360594249
  ],
  ""type"": ""Point""
}",-83.054070726,42.360594249
18415,1001246,WARREN,GREENVIEW,2017-04-06,6,4,2017,17,5,4,9,,2,0,,2,4,1,35,4,2,2,5,0,0,0,0,true,,false,false,true,false,false,,,,,,false,false,false,,,false,false,false,false,false,-83.22198,42.34332,"{
  ""coordinates"": [
    -8.322198248900000e+01,
    4.234332380400010e+01
  ],
  ""type"": ""Point""
}","{
  ""coordinates"": [
    -83.221982489,
    42.343323804
  ],
  ""type"": ""Point""
}",-83.221982489,42.3433238040001
18416,1005355,M-10,GRAND RIVER,2017-04-06,6,4,2017,17,5,5,3,,1,0,,2,4,1,55,3,2,2,5,0,0,0,0,true,,false,false,false,false,false,,,,,,false,false,true,,,false,false,false,false,false,-83.06686,42.34074,"{
  ""coordinates"": [
    -8.306686407500000e+01,
    4.234073795100010e+01
  ],
  ""type"": ""Point""
}","{
  ""coordinates"": [
    -83.066864075,
    42.340737951
  ],
  ""type"": ""Point""
}",-83.066864075,42.3407379510001
18417,1009101,DAVISON,I-96,2017-04-06,6,4,2017,8,5,1,3,,1,1,,2,4,1,70,3,1,1,5,0,0,0,0,true,,false,false,false,false,false,,,,,,false,false,false,,,false,false,false,false,false,-83.14427,42.38644,"{
  ""coordinates"": [
    -8.314426954899990e+01,
    4.238643615500010e+01
  ],
  ""type"": ""Point""
}","{
  ""coordinates"": [
    -83.144269549,
    42.386436155
  ],
  ""type"": ""Point""
}",-83.1442695489999,42.3864361550001
18418,9999404,OUTER,FORT,2017-04-06,6,4,2017,7,5,5,3,,2,0,,2,4,1,35,3,2,3,5,0,0,0,0,true,,false,false,false,false,false,,,,,,false,false,false,,,false,false,false,false,false,-83.16694,42.26226,"{
  ""coordinates"": [
    -8.316693831200000e+01,
    4.226225838600000e+01
  ],
  ""type"": ""Point""
}","{
  ""coordinates"": [
    -83.166938312,
    42.262258386
  ],
  ""type"": ""Point""
}",-83.166938312,42.262258386
18419,1001225,N I 75,SPRINGWELLS,2017-04-06,6,4,2017,21,5,5,1,,1,0,,2,4,4,30,2,2,3,5,0,0,0,0,true,,false,false,false,false,false,,,,,,false,false,true,,,false,false,false,false,false,-83.11999,42.30104,"{
  ""coordinates"": [
    -8.311998419299989e+01,
    4.230104184300010e+01
  ],
  ""type"": ""Point""
}","{
  ""coordinates"": [
    -83.119984193,
    42.301041843
  ],
  ""type"": ""Point""
}",-83.1199841929999,42.3010418430001
18420,1021193,7 MILE,S M 10,2017-04-06,6,4,2017,11,5,8,9,,2,0,,1,1,1,25,2,2,2,4,0,0,0,1,false,,false,false,true,false,false,,,,,,false,false,false,,,false,false,false,false,false,-83.18709,42.43083,"{
  ""coordinates"": [
    -8.318709018399990e+01,
    4.243083104500000e+01
  ],
  ""type"": ""Point""
}","{
  ""coordinates"": [
    -83.187090184,
    42.430831045
  ],
  ""type"": ""Point""
}",-83.1870901839999,42.430831045
18421,1048839,MORROW,ESPER,2017-04-06,6,4,2017,12,5,98,9,,,0,,2,98,98,25,1,2,0,5,0,0,0,0,true,,false,false,true,false,false,,,,,,false,false,false,,,false,false,false,false,false,-83.16159,42.35637,"{
  ""coordinates"": [
    -8.316159337900000e+01,
    4.235636958000000e+01
  ],
  ""type"": ""Point""
}","{
  ""coordinates"": [
    -83.161593379,
    42.35636958
  ],
  ""type"": ""Point""
}",-83.161593379,42.35636958
18422,1004643,THREE MILE,WINDSOR,2017-04-06,6,4,2017,12,5,9,9,,,2,,2,4,1,25,2,2,0,5,0,0,0,0,true,,false,false,true,false,false,,,,,,false,false,false,,,false,false,false,false,false,-82.93507,42.39491,"{
  ""coordinates"": [
    -8.293507463899989e+01,
    4.239490777300010e+01
  ],
  ""type"": ""Point""
}","{
  ""coordinates"": [
    -82.935074639,
    42.394907773
  ],
  ""type"": ""Point""
}",-82.9350746389999,42.3949077730001
18423,1020298,E I 94,S M 10,2017-04-06,6,4,2017,18,5,5,1,,1,0,,2,4,1,55,3,2,3,5,0,0,0,0,true,,false,false,false,false,false,,,,,,false,false,true,,,false,false,false,false,false,-83.07677,42.3586,"{
  ""coordinates"": [
    -8.307677799800000e+01,
    4.235859525900000e+01
  ],
  ""type"": ""Point""
}","{
  ""coordinates"": [
    -83.076777998,
    42.358595259
  ],
  ""type"": ""Point""
}",-83.076777998,42.358595259
18424,1004646,MOUNT ELLIOTT,VERNOR,2017-04-06,6,4,2017,8,5,4,9,,4,0,,1,1,1,35,4,2,2,5,0,0,0,0,true,,false,false,false,false,false,,,,,,false,false,true,,,false,false,false,false,false,-83.01747,42.35503,"{
  ""coordinates"": [
    -8.301746894699990e+01,
    4.235503280000010e+01
  ],
  ""type"": ""Point""
}","{
  ""coordinates"": [
    -83.017468947,
    42.3550328
  ],
  ""type"": ""Point""
}",-83.0174689469999,42.3550328000001
18425,1001235,VERNOR,NORMAN,2017-04-06,6,4,2017,20,5,8,9,,4,0,,2,4,4,30,2,2,3,5,0,0,0,0,true,,false,false,true,false,false,,,,,,false,false,true,,,false,false,false,false,false,-83.12914,42.31066,"{
  ""coordinates"": [
    -8.312914433400000e+01,
    4.231065821500000e+01
  ],
  ""type"": ""Point""
}","{
  ""coordinates"": [
    -83.129144334,
    42.310658215
  ],
  ""type"": ""Point""
}",-83.129144334,42.310658215
18426,1009137,VERNOR,MT ELLIOT,2017-04-06,6,4,2017,8,5,4,9,,4,0,,1,4,1,45,2,2,2,5,0,0,0,0,true,,false,false,false,false,false,,,,,,false,false,true,,,false,false,false,false,false,-83.0168,42.35527,"{
  ""coordinates"": [
    -8.301679678200000e+01,
    4.235526768100000e+01
  ],
  ""type"": ""Point""
}","{
  ""coordinates"": [
    -83.016796782,
    42.355267681
  ],
  ""type"": ""Point""
}",-83.016796782,42.355267681
18427,1000284,DAVISON,LINWOOD,2017-04-06,6,4,2017,12,5,4,3,,1,0,,2,4,1,35,6,2,1,5,0,0,0,0,true,,false,false,true,false,false,,,,,,false,false,false,,,false,false,false,false,false,-83.12227,42.39293,"{
  ""coordinates"": [
    -8.312227101500000e+01,
    4.239293306200010e+01
  ],
  ""type"": ""Point""
}","{
  ""coordinates"": [
    -83.122271015,
    42.392933062
  ],
  ""type"": ""Point""
}",-83.122271015,42.3929330620001
18428,1009911,I-94,I-75,2017-04-06,6,4,2017,18,5,97,1,,1,0,,2,4,1,55,3,2,1,5,0,0,0,0,true,,false,false,true,false,false,,,,,,false,true,false,,,false,false,false,false,false,-83.06229,42.36649,"{
  ""coordinates"": [
    -8.306228309900000e+01,
    4.236648702900000e+01
  ],
  ""type"": ""Point""
}","{
  ""coordinates"": [
    -83.062283099,
    42.366487029
  ],
  ""type"": ""Point""
}",-83.062283099,42.366487029
18429,1014807,KELLY,EASTWOOD,2017-04-06,6,4,2017,23,5,5,9,,2,0,,2,4,4,35,2,2,3,5,0,0,0,0,true,,false,false,true,false,false,,,,,,false,false,false,,,false,false,false,false,false,-82.94653,42.44303,"{
  ""coordinates"": [
    -8.294653251499990e+01,
    4.244303136800000e+01
  ],
  ""type"": ""Point""
}","{
  ""coordinates"": [
    -82.946532515,
    42.443031368
  ],
  ""type"": ""Point""
}",-82.9465325149999,42.443031368
18430,1006334,I-94,M 10,2017-04-06,6,4,2017,20,5,1,1,,1,1,,2,4,4,55,3,1,1,5,0,0,0,0,true,,false,false,false,false,false,,,,,,false,false,false,,,false,false,false,false,false,-83.0935,42.35187,"{
  ""coordinates"": [
    -8.309349607900000e+01,
    4.235186579800010e+01
  ],
  ""type"": ""Point""
}","{
  ""coordinates"": [
    -83.093496079,
    42.351865798
  ],
  ""type"": ""Point""
}",-83.093496079,42.3518657980001
18431,1015285,JEFFERSON,MT ELLIOT,2017-04-06,6,4,2017,15,5,3,9,,4,0,,2,4,1,30,9,2,3,5,0,0,0,0,true,,false,false,true,false,false,,,,,,false,false,false,,,false,false,false,false,false,-83.01005,42.34367,"{
  ""coordinates"": [
    -8.301004699000001e+01,
    4.234366628000000e+01
  ],
  ""type"": ""Point""
}","{
  ""coordinates"": [
    -83.01004699,
    42.34366628
  ],
  ""type"": ""Point""
}",-83.01004699,42.34366628
18432,9999268,WARREN,DICKERSON,2017-04-06,6,4,2017,3,5,4,9,,4,0,,2,4,4,25,4,2,3,3,0,0,1,0,false,,false,false,false,false,false,,,,,,false,false,false,,,false,false,false,false,false,-82.96704,42.39251,"{
  ""coordinates"": [
    -8.296703949899999e+01,
    4.239250617300010e+01
  ],
  ""type"": ""Point""
}","{
  ""coordinates"": [
    -82.967039499,
    42.392506173
  ],
  ""type"": ""Point""
}",-82.967039499,42.3925061730001
18433,1006359,I-94,HELEN,2017-04-06,6,4,2017,9,5,1,9,,4,1,,2,4,1,55,3,1,1,5,0,0,0,0,true,,false,false,false,false,false,,,,,,false,false,true,,,false,false,false,false,false,-83.02682,42.38438,"{
  ""coordinates"": [
    -8.302681606199999e+01,
    4.238437826400010e+01
  ],
  ""type"": ""Point""
}","{
  ""coordinates"": [
    -83.026816062,
    42.384378264
  ],
  ""type"": ""Point""
}",-83.026816062,42.3843782640001
18434,1001325,MCNICHOLS,SECOND,2017-04-06,6,4,2017,20,5,5,9,,4,0,,2,4,4,30,5,2,2,5,0,0,0,0,true,,false,false,false,false,false,,,,,,false,false,false,,,false,false,false,false,false,-83.1095,42.41771,"{
  ""coordinates"": [
    -8.310950566500000e+01,
    4.241770619900010e+01
  ],
  ""type"": ""Point""
}","{
  ""coordinates"": [
    -83.109505665,
    42.417706199
  ],
  ""type"": ""Point""
}",-83.109505665,42.4177061990001
18435,1001256,MINOCK,DOVER,2017-04-06,6,4,2017,19,5,5,9,,,0,,2,4,4,35,2,2,1,5,0,0,0,0,true,,false,false,false,false,false,,,,,,false,false,false,,,false,false,false,false,false,-83.23232,42.35919,"{
  ""coordinates"": [
    -8.323232296200000e+01,
    4.235918763600010e+01
  ],
  ""type"": ""Point""
}","{
  ""coordinates"": [
    -83.232322962,
    42.359187636
  ],
  ""type"": ""Point""
}",-83.232322962,42.3591876360001
18436,1001263,JEFFERSON,VAN DYKE,2017-04-06,6,4,2017,17,5,1,9,,4,0,,2,4,1,30,7,2,0,3,0,0,1,0,false,,false,false,false,false,false,,,,,,true,false,false,,,false,false,false,false,false,-82.9921,42.35321,"{
  ""coordinates"": [
    -8.299209551699990e+01,
    4.235320479300000e+01
  ],
  ""type"": ""Point""
}","{
  ""coordinates"": [
    -82.992095517,
    42.353204793
  ],
  ""type"": ""Point""
}",-82.9920955169999,42.353204793
18437,1000304,CASS,FOREST,2017-04-06,6,4,2017,20,5,5,9,,4,0,,2,4,4,25,2,2,2,5,0,0,0,0,true,,false,false,true,false,false,,,,,,false,false,false,,,false,false,false,false,false,-83.0654,42.3538,"{
  ""coordinates"": [
    -8.306540138799990e+01,
    4.235379815600000e+01
  ],
  ""type"": ""Point""
}","{
  ""coordinates"": [
    -83.065401388,
    42.353798156
  ],
  ""type"": ""Point""
}",-83.0654013879999,42.353798156
18438,1000282,HOOVER,SEVEN MILE,2017-04-06,6,4,2017,20,5,8,3,,1,0,,2,4,4,35,2,2,1,5,0,0,0,0,true,,false,false,true,false,false,,,,,,false,false,false,,,false,false,false,false,false,-83.00469,42.43452,"{
  ""coordinates"": [
    -8.300469037200000e+01,
    4.243451975000000e+01
  ],
  ""type"": ""Point""
}","{
  ""coordinates"": [
    -83.004690372,
    42.43451975
  ],
  ""type"": ""Point""
}",-83.004690372,42.43451975
18439,1000290,OUTER,STOTTER,2017-04-06,6,4,2017,17,5,5,9,,2,0,,2,4,1,35,2,2,2,5,0,0,0,0,true,,false,false,true,false,false,,,,,,false,false,false,,,false,false,false,false,false,-83.02554,42.44111,"{
  ""coordinates"": [
    -8.302554218599990e+01,
    4.244110745400010e+01
  ],
  ""type"": ""Point""
}","{
  ""coordinates"": [
    -83.025542186,
    42.441107454
  ],
  ""type"": ""Point""
}",-83.0255421859999,42.4411074540001
18440,1006358,I-94,VAN DYKE,2017-04-06,6,4,2017,8,5,5,1,,1,0,,2,4,1,55,3,2,6,5,0,0,0,0,true,,false,false,false,false,false,,,,,,false,false,true,,,false,false,false,false,false,-83.02539,42.38511,"{
  ""coordinates"": [
    -8.302539359500000e+01,
    4.238510592900010e+01
  ],
  ""type"": ""Point""
}","{
  ""coordinates"": [
    -83.025393595,
    42.385105929
  ],
  ""type"": ""Point""
}",-83.025393595,42.3851059290001
18441,1006345,M-39,FORD,2017-04-06,6,4,2017,8,5,8,3,,1,0,,2,4,1,55,3,2,3,5,0,0,0,0,true,,false,false,false,false,false,,,,,,false,false,true,,,false,false,false,false,false,-83.2159,42.33374,"{
  ""coordinates"": [
    -8.321589461799989e+01,
    4.233374495500000e+01
  ],
  ""type"": ""Point""
}","{
  ""coordinates"": [
    -83.215894618,
    42.333744955
  ],
  ""type"": ""Point""
}",-83.2158946179999,42.333744955
18442,1005354,I-94,BISHOP,2017-04-06,6,4,2017,16,5,1,9,,4,1,,2,4,1,55,3,1,1,5,0,0,0,0,true,,false,false,false,false,false,,,,,,false,false,false,,,false,false,false,false,false,-82.93916,42.41655,"{
  ""coordinates"": [
    -8.293915185299990e+01,
    4.241655113100010e+01
  ],
  ""type"": ""Point""
}","{
  ""coordinates"": [
    -82.939151853,
    42.416551131
  ],
  ""type"": ""Point""
}",-82.9391518529999,42.4165511310001
18443,1000275,GRATIOT,TOWNSEND,2017-04-06,6,4,2017,12,5,97,3,,1,0,,2,4,1,35,9,3,2,5,0,0,0,0,true,,false,false,true,false,false,,,,,,false,true,false,,,false,false,false,false,false,-83.01659,42.37598,"{
  ""coordinates"": [
    -8.301658604999990e+01,
    4.237597510900010e+01
  ],
  ""type"": ""Point""
}","{
  ""coordinates"": [
    -83.01658605,
    42.375975109
  ],
  ""type"": ""Point""
}",-83.0165860499999,42.3759751090001
18444,1001248,N M 39 SERVICE DRIVE,RAMP 006A,2017-04-06,6,4,2017,17,5,97,9,,4,0,,2,2,1,35,2,2,2,5,0,0,0,0,true,,false,false,false,false,false,,,,,,false,false,true,,,false,false,false,false,false,-83.2158,42.34201,"{
  ""coordinates"": [
    -8.321579439200001e+01,
    4.234201393700000e+01
  ],
  ""type"": ""Point""
}","{
  ""coordinates"": [
    -83.215794392,
    42.342013937
  ],
  ""type"": ""Point""
}",-83.215794392,42.342013937
18445,1000280,GRAND RIVER,MINOCK,2017-04-06,6,4,2017,16,5,4,3,,1,0,,2,4,1,35,2,2,3,3,0,0,1,0,false,,false,false,false,false,false,,,,,,false,false,false,,,false,false,false,false,false,-83.23341,42.40679,"{
  ""coordinates"": [
    -8.323340979900000e+01,
    4.240678807100010e+01
  ],
  ""type"": ""Point""
}","{
  ""coordinates"": [
    -83.233409799,
    42.406788071
  ],
  ""type"": ""Point""
}",-83.233409799,42.4067880710001
18446,1001213,PLYMOUTH,MEYERS,2017-04-06,6,4,2017,13,5,97,9,,4,0,,2,4,4,35,5,2,4,5,0,0,0,0,true,,false,false,true,false,false,,,,,,false,false,false,,,false,false,false,false,false,-83.16815,42.37324,"{
  ""coordinates"": [
    -8.316815079199991e+01,
    4.237323680200010e+01
  ],
  ""type"": ""Point""
}","{
  ""coordinates"": [
    -83.168150792,
    42.373236802
  ],
  ""type"": ""Point""
}",-83.1681507919999,42.3732368020001
18447,1004607,I-94,MT ELLIOT,2017-04-06,6,4,2017,15,5,5,1,,1,0,,2,4,1,55,3,2,4,4,0,0,0,1,false,,false,false,false,false,false,,,,,,false,false,false,,,false,false,false,false,false,-83.03259,42.38038,"{
  ""coordinates"": [
    -8.303258474499999e+01,
    4.238038403800000e+01
  ],
  ""type"": ""Point""
}","{
  ""coordinates"": [
    -83.032584745,
    42.380384038
  ],
  ""type"": ""Point""
}",-83.032584745,42.380384038
18448,1003842,M-39,OUTER,2017-04-06,6,4,2017,15,5,5,3,,1,0,,2,4,1,55,3,2,2,5,0,0,0,0,true,,false,false,false,false,false,,,,,,false,true,true,,,false,false,false,false,false,-83.21904,42.42023,"{
  ""coordinates"": [
    -8.321904259400000e+01,
    4.242022682300010e+01
  ],
  ""type"": ""Point""
}","{
  ""coordinates"": [
    -83.219042594,
    42.420226823
  ],
  ""type"": ""Point""
}",-83.219042594,42.4202268230001
18449,1000293,8-MILE,MOUND,2017-04-06,6,4,2017,15,5,5,3,,1,0,,2,4,1,40,4,2,1,5,0,0,0,0,true,,false,false,true,false,false,,,,,,false,false,false,,,false,false,false,false,false,-83.04613,42.44771,"{
  ""coordinates"": [
    -8.304613584700000e+01,
    4.244770893400000e+01
  ],
  ""type"": ""Point""
}","{
  ""coordinates"": [
    -83.046135847,
    42.447708934
  ],
  ""type"": ""Point""
}",-83.046135847,42.447708934
18450,1009106,I-75,DEARBORN,2017-04-06,6,4,2017,23,5,8,1,,1,0,,2,5,4,70,3,2,3,5,0,0,0,0,true,,false,false,false,false,false,,,,,,false,false,true,,,false,false,false,false,false,-83.12766,42.29326,"{
  ""coordinates"": [
    -8.312765694900000e+01,
    4.229326040700000e+01
  ],
  ""type"": ""Point""
}","{
  ""coordinates"": [
    -83.127656949,
    42.293260407
  ],
  ""type"": ""Point""
}",-83.127656949,42.293260407
18451,1005372,W/B I-94,MORANG,2017-04-06,6,4,2017,0,5,1,1,,1,1,,2,4,4,55,3,1,1,5,0,0,0,0,true,,false,false,false,false,false,,,,,,false,false,false,,,false,false,false,false,false,-82.9334,42.41948,"{
  ""coordinates"": [
    -8.293339750400000e+01,
    4.241948327800000e+01
  ],
  ""type"": ""Point""
}","{
  ""coordinates"": [
    -82.933397504,
    42.419483278
  ],
  ""type"": ""Point""
}",-82.933397504,42.419483278
18452,1001241,WARREN,LONGACRE,2017-04-06,6,4,2017,12,5,8,9,,2,0,,2,4,1,35,4,2,2,5,0,0,0,0,true,,false,false,false,false,false,,,,,,false,true,false,,,false,false,false,false,false,-83.21303,42.34343,"{
  ""coordinates"": [
    -8.321302834700001e+01,
    4.234342594500000e+01
  ],
  ""type"": ""Point""
}","{
  ""coordinates"": [
    -83.213028347,
    42.343425945
  ],
  ""type"": ""Point""
}",-83.213028347,42.343425945
18453,1000273,GRATIOT,SUPERIOR,2017-04-06,6,4,2017,17,5,5,3,,1,0,,2,4,1,35,7,2,2,4,0,0,0,1,false,,false,false,false,false,false,,,,,,false,false,true,,,false,false,false,false,false,-83.02461,42.36384,"{
  ""coordinates"": [
    -8.302461609800000e+01,
    4.236383668900000e+01
  ],
  ""type"": ""Point""
}","{
  ""coordinates"": [
    -83.024616098,
    42.363836689
  ],
  ""type"": ""Point""
}",-83.024616098,42.363836689
18454,1001249,MCNICHOLS,SOUTHFIELD SERVICE DRIVE,2017-04-06,6,4,2017,15,5,97,9,,2,0,,2,2,1,35,4,2,1,5,0,0,0,0,true,,false,false,false,false,false,,,,,,false,false,true,,,false,false,false,false,false,-83.21916,42.41555,"{
  ""coordinates"": [
    -8.321916339400001e+01,
    4.241554651900000e+01
  ],
  ""type"": ""Point""
}","{
  ""coordinates"": [
    -83.219163394,
    42.415546519
  ],
  ""type"": ""Point""
}",-83.219163394,42.415546519
18455,1000289,8 MILE,GODDARD,2017-04-06,6,4,2017,13,5,5,3,,1,0,,2,4,1,40,3,2,3,5,0,0,0,0,true,,false,false,false,false,false,,,,,,false,false,true,,,false,false,false,false,false,-83.07786,42.4471,"{
  ""coordinates"": [
    -8.307785600600000e+01,
    4.244709925600010e+01
  ],
  ""type"": ""Point""
}","{
  ""coordinates"": [
    -83.077856006,
    42.447099256
  ],
  ""type"": ""Point""
}",-83.077856006,42.4470992560001
18456,1001317,MCNICHOLS,LITTLEFIELD,2017-04-06,6,4,2017,23,5,4,9,,2,0,,2,4,4,30,4,2,2,4,0,0,0,1,false,,false,false,true,false,false,,,,,,false,false,false,,,false,false,false,false,false,-83.17601,42.41662,"{
  ""coordinates"": [
    -8.317601307000000e+01,
    4.241661789700000e+01
  ],
  ""type"": ""Point""
}","{
  ""coordinates"": [
    -83.17601307,
    42.416617897
  ],
  ""type"": ""Point""
}",-83.17601307,42.416617897
18457,1001306,MCNICHOLS,MANOR,2017-04-06,6,4,2017,14,5,4,9,,2,0,,2,4,1,30,4,2,2,4,0,0,0,2,false,,false,false,true,false,false,,,,,,false,false,false,,,false,false,false,false,false,-83.16913,42.41669,"{
  ""coordinates"": [
    -8.316912883700000e+01,
    4.241668844200010e+01
  ],
  ""type"": ""Point""
}","{
  ""coordinates"": [
    -83.169128837,
    42.416688442
  ],
  ""type"": ""Point""
}",-83.169128837,42.4166884420001
18458,1002160,M 39,TIREMAN,2017-04-06,6,4,2017,13,5,5,3,,1,0,,2,4,1,55,3,3,2,5,0,0,0,0,true,,false,false,true,false,false,,,,,,false,false,false,,,false,false,false,false,false,-83.21644,42.35035,"{
  ""coordinates"": [
    -8.321643820799990e+01,
    4.235034670000000e+01
  ],
  ""type"": ""Point""
}","{
  ""coordinates"": [
    -83.216438208,
    42.3503467
  ],
  ""type"": ""Point""
}",-83.2164382079999,42.3503467
18459,1005347,S M 10,LIVERNOIS,2017-04-06,6,4,2017,12,5,1,3,,1,0,,2,4,1,55,3,1,1,5,0,0,0,0,true,,false,false,false,false,false,,,,,,false,false,false,,,false,false,false,false,false,-83.14044,42.40481,"{
  ""coordinates"": [
    -8.314044106599989e+01,
    4.240481213600000e+01
  ],
  ""type"": ""Point""
}","{
  ""coordinates"": [
    -83.140441066,
    42.404812136
  ],
  ""type"": ""Point""
}",-83.1404410659999,42.404812136
18460,1001287,MARTINDALE,COLFAX,2017-04-06,6,4,2017,14,5,98,9,,,0,,1,1,98,0,2,2,0,5,0,0,0,0,true,,false,false,true,false,false,,,,,,false,false,false,,,false,false,false,false,false,-83.13351,42.35966,"{
  ""coordinates"": [
    -8.313351147500001e+01,
    4.235965835000010e+01
  ],
  ""type"": ""Point""
}","{
  ""coordinates"": [
    -83.133511475,
    42.35965835
  ],
  ""type"": ""Point""
}",-83.133511475,42.3596583500001
18461,1001250,GREENFIELD,WADSWORTH,2017-04-06,6,4,2017,18,5,97,9,,2,0,,2,2,1,35,4,2,1,5,0,0,0,0,true,,false,false,true,false,false,,,,,,false,false,false,,,false,false,false,false,false,-83.19762,42.37482,"{
  ""coordinates"": [
    -8.319762710200000e+01,
    4.237482483200010e+01
  ],
  ""type"": ""Point""
}","{
  ""coordinates"": [
    -83.197627102,
    42.374824832
  ],
  ""type"": ""Point""
}",-83.197627102,42.3748248320001
18462,1000252,TEMPLE,TRUMBLE,2017-04-06,6,4,2017,15,5,4,9,,,0,,2,4,1,25,1,2,4,5,0,0,0,0,true,,false,false,false,false,false,,,,,,false,true,false,,,false,false,false,false,false,-83.0713,42.33772,"{
  ""coordinates"": [
    -8.307130132299990e+01,
    4.233771384500010e+01
  ],
  ""type"": ""Point""
}","{
  ""coordinates"": [
    -83.071301323,
    42.337713845
  ],
  ""type"": ""Point""
}",-83.0713013229999,42.3377138450001
18463,1001237,DICKERSON,LINVILLE,2017-04-06,6,4,2017,17,5,2,9,,4,0,,2,4,1,30,4,2,1,5,0,0,0,0,true,,false,false,false,false,false,,,,,,false,false,false,,,false,false,false,false,false,-82.97149,42.39907,"{
  ""coordinates"": [
    -8.297148564299989e+01,
    4.239906671000010e+01
  ],
  ""type"": ""Point""
}","{
  ""coordinates"": [
    -82.971485643,
    42.39906671
  ],
  ""type"": ""Point""
}",-82.9714856429999,42.3990667100001
18464,1000248,LAUDER,EATON,2017-04-06,6,4,2017,10,5,4,9,,,0,,2,4,1,25,4,2,1,5,0,0,0,0,true,,true,false,true,false,false,,,,,,false,false,false,,,false,false,false,false,false,-83.19071,42.39693,"{
  ""coordinates"": [
    -8.319071067100001e+01,
    4.239692778700000e+01
  ],
  ""type"": ""Point""
}","{
  ""coordinates"": [
    -83.190710671,
    42.396927787
  ],
  ""type"": ""Point""
}",-83.190710671,42.396927787
18465,1003761,DAVISON,JEFFRIES,2017-04-06,6,4,2017,18,5,9,9,,,0,,2,4,1,30,4,2,1,5,0,0,0,0,true,,false,false,false,false,false,,,,,,false,false,false,,,false,false,false,false,false,-83.24211,42.38385,"{
  ""coordinates"": [
    -8.324210759600000e+01,
    4.238384468200010e+01
  ],
  ""type"": ""Point""
}","{
  ""coordinates"": [
    -83.242107596,
    42.383844682
  ],
  ""type"": ""Point""
}",-83.242107596,42.3838446820001
18466,1001301,7 MILE,LAUDER,2017-04-06,6,4,2017,17,5,8,9,,2,0,,2,4,1,35,4,2,2,5,0,0,0,0,true,,false,false,false,false,false,,,,,,false,false,true,,,false,false,false,false,false,-83.19257,42.43064,"{
  ""coordinates"": [
    -8.319257492600001e+01,
    4.243064335200010e+01
  ],
  ""type"": ""Point""
}","{
  ""coordinates"": [
    -83.192574926,
    42.430643352
  ],
  ""type"": ""Point""
}",-83.192574926,42.4306433520001
18467,1000242,MCNICHOLS,S M 39,2017-04-06,6,4,2017,21,5,8,9,,2,0,,2,4,4,35,4,2,2,5,0,0,0,0,true,,false,false,false,false,false,,,,,,false,false,false,,,false,false,false,false,false,-83.21882,42.41556,"{
  ""coordinates"": [
    -8.321881792300000e+01,
    4.241555669800000e+01
  ],
  ""type"": ""Point""
}","{
  ""coordinates"": [
    -83.218817923,
    42.415556698
  ],
  ""type"": ""Point""
}",-83.218817923,42.415556698
18468,1000267,BURT,OUTER,2017-04-06,6,4,2017,11,5,4,9,,4,0,,2,4,1,30,2,2,3,3,0,0,1,1,false,,true,true,true,false,false,,,,,,false,false,false,,,false,false,false,false,false,-83.24702,42.39782,"{
  ""coordinates"": [
    -8.324701694399990e+01,
    4.239782151600010e+01
  ],
  ""type"": ""Point""
}","{
  ""coordinates"": [
    -83.247016944,
    42.397821516
  ],
  ""type"": ""Point""
}",-83.2470169439999,42.3978215160001
18469,1001221,SPRINGWELLS,LAFAYETTE,2017-04-06,6,4,2017,16,5,4,9,,4,0,,2,4,1,25,2,2,2,5,0,0,0,0,true,,false,false,false,false,false,,,,,,false,false,true,,,false,false,false,false,false,-83.12012,42.30289,"{
  ""coordinates"": [
    -8.312011937900000e+01,
    4.230288755800010e+01
  ],
  ""type"": ""Point""
}","{
  ""coordinates"": [
    -83.120119379,
    42.302887558
  ],
  ""type"": ""Point""
}",-83.120119379,42.3028875580001