ObjectId,Crash ID,Primary Road,Intersecting Road,Crash Date,Day,Month,Year,Hour,Weekday,Crash Type Code,Highway Classification Code,Community Code,Jurisdiction Code,Lane Departure Type Code,Surface Type,Road Condition,Weather Condition,Lighting Condition,Speed Limit,Lanes,Units,Occupants,Most Severe Injury,Fatal Injuries,Suspected Serious Injuries,Suspected Minor Injuries,Possible Injuries,Property Damage Only,Secondary Crash,Traffic Control,Red Light Run,Hit and Run,Alcohol,Drugs,Unbelted Person,Work Zone,Speeding Driver,Distracted Driver,Driveway,Pedestrian,Elderly Driver,Young Driver,Commercial Vehicle,Emergency Vehicles,Train,School Bus,Motorcycle,Bicycle,Deer,Longitude,Latitude,geom,geog,x,y
18527,9999267,CADIEUX,FRANKFORT,2017-04-05,5,4,2017,7,4,5,9,,4,0,,1,1,1,30,5,2,3,5,0,0,0,0,true,,false,false,false,false,false,,,,,,false,true,false,,,false,false,false,false,false,-82.93068,42.4074,"{
  ""coordinates"": [
    -8.293068238700000e+01,
    4.240740230300000e+01
  ],
  ""type"": ""Point""
}","{
  ""coordinates"": [
    -82.930682387,
    42.407402303
  ],
  ""type"": ""Point""
}",-82.930682387,42.407402303
18528,1005352,I-75,7 MILE,2017-04-05,5,4,2017,15,4,5,1,,1,0,,1,2,1,70,4,3,3,3,0,0,1,1,false,,false,false,false,false,false,,,,,,false,false,false,,,false,false,false,false,false,-83.09422,42.42888,"{
  ""coordinates"": [
    -8.309422102500000e+01,
    4.242887872800000e+01
  ],
  ""type"": ""Point""
}","{
  ""coordinates"": [
    -83.094221025,
    42.428878728
  ],
  ""type"": ""Point""
}",-83.094221025,42.428878728
18529,1012679,RANDOLPH,FARMER,2017-04-05,5,4,2017,10,4,10,3,,1,0,,1,2,1,25,6,2,2,5,0,0,0,0,true,,false,false,false,false,false,,,,,,false,false,false,,,false,false,false,false,false,-83.04375,42.33253,"{
  ""coordinates"": [
    -8.304374537299999e+01,
    4.233253341800000e+01
  ],
  ""type"": ""Point""
}","{
  ""coordinates"": [
    -83.043745373,
    42.332533418
  ],
  ""type"": ""Point""
}",-83.043745373,42.332533418
18530,1009121,M-39,GRAND RIVER,2017-04-05,5,4,2017,23,4,97,3,,1,0,,2,4,4,55,3,3,3,5,0,0,0,0,true,,false,false,false,false,false,,,,,,false,false,true,,,false,false,false,false,false,-83.21842,42.40436,"{
  ""coordinates"": [
    -8.321842494700000e+01,
    4.240436242200010e+01
  ],
  ""type"": ""Point""
}","{
  ""coordinates"": [
    -83.218424947,
    42.404362422
  ],
  ""type"": ""Point""
}",-83.218424947,42.4043624220001
18531,1005395,M-10,DAVISON,2017-04-05,5,4,2017,8,4,5,3,,1,0,,1,1,1,55,3,2,2,5,0,0,0,0,true,,false,false,false,false,false,,,,,,false,false,false,,,false,false,false,false,false,-83.10909,42.39691,"{
  ""coordinates"": [
    -8.310909443000000e+01,
    4.239690725600010e+01
  ],
  ""type"": ""Point""
}","{
  ""coordinates"": [
    -83.10909443,
    42.396907256
  ],
  ""type"": ""Point""
}",-83.10909443,42.3969072560001
18532,1009100,RAMP 047A,RAMP 047E,2017-04-05,5,4,2017,7,4,1,1,,1,1,,1,1,1,70,1,1,1,5,0,0,0,0,true,,false,false,false,false,false,,,,,,false,false,true,,,false,false,false,false,false,-83.07701,42.40808,"{
  ""coordinates"": [
    -8.307700770799990e+01,
    4.240807979200010e+01
  ],
  ""type"": ""Point""
}","{
  ""coordinates"": [
    -83.077007708,
    42.408079792
  ],
  ""type"": ""Point""
}",-83.0770077079999,42.4080797920001
18533,9999256,BAGLEY,THIRD,2017-04-05,5,4,2017,18,4,8,9,,4,0,,2,4,3,30,5,2,2,5,0,0,0,0,true,,false,false,false,false,false,,,,,,false,true,false,,,false,false,false,false,false,-83.05789,42.33227,"{
  ""coordinates"": [
    -8.305789064000000e+01,
    4.233226699300010e+01
  ],
  ""type"": ""Point""
}","{
  ""coordinates"": [
    -83.05789064,
    42.332266993
  ],
  ""type"": ""Point""
}",-83.05789064,42.3322669930001
18534,9999261,FOREST,S M 10,2017-04-05,5,4,2017,20,4,1,9,,4,1,,2,4,4,25,1,1,3,5,0,0,0,0,true,,false,false,false,false,false,,,,,,false,false,false,,,false,false,false,false,false,-83.07234,42.35155,"{
  ""coordinates"": [
    -8.307233889000000e+01,
    4.235154970600010e+01
  ],
  ""type"": ""Point""
}","{
  ""coordinates"": [
    -83.07233889,
    42.351549706
  ],
  ""type"": ""Point""
}",-83.07233889,42.3515497060001
18535,9999279,EVERGREEN PAVE,PAUL,2017-04-05,5,4,2017,20,4,5,9,,4,0,,2,4,4,0,2,2,1,5,0,0,0,0,true,,false,false,true,false,false,,,,,,false,false,false,,,false,false,false,false,false,-83.23511,42.33604,"{
  ""coordinates"": [
    -8.323510898300000e+01,
    4.233604320400010e+01
  ],
  ""type"": ""Point""
}","{
  ""coordinates"": [
    -83.235108983,
    42.336043204
  ],
  ""type"": ""Point""
}",-83.235108983,42.3360432040001
18536,9999252,MARLOWE,PURITAN,2017-04-05,5,4,2017,20,4,4,9,,,0,,2,4,4,35,2,2,4,5,0,0,0,0,true,,false,false,false,false,false,,,,,,false,false,false,,,false,false,false,false,false,-83.1904,42.40902,"{
  ""coordinates"": [
    -8.319039676900000e+01,
    4.240902406700010e+01
  ],
  ""type"": ""Point""
}","{
  ""coordinates"": [
    -83.190396769,
    42.409024067
  ],
  ""type"": ""Point""
}",-83.190396769,42.4090240670001
18537,9999286,MCNICHOLS,ASHTON,2017-04-05,5,4,2017,13,4,98,9,,2,0,,1,2,1,35,4,3,0,5,0,0,0,0,true,,false,false,true,false,false,,,,,,false,false,false,,,false,false,false,false,false,-83.22023,42.41553,"{
  ""coordinates"": [
    -8.322022986199990e+01,
    4.241553068200010e+01
  ],
  ""type"": ""Point""
}","{
  ""coordinates"": [
    -83.220229862,
    42.415530682
  ],
  ""type"": ""Point""
}",-83.2202298619999,42.4155306820001
18538,9999291,DAVISON,WOODROW WILSON,2017-04-05,5,4,2017,8,4,5,3,,1,0,,1,1,1,35,3,2,2,4,0,0,0,1,false,,false,false,false,false,false,,,,,,false,false,false,,,false,false,false,false,false,-83.11107,42.39745,"{
  ""coordinates"": [
    -8.311106750899999e+01,
    4.239744940500000e+01
  ],
  ""type"": ""Point""
}","{
  ""coordinates"": [
    -83.111067509,
    42.397449405
  ],
  ""type"": ""Point""
}",-83.111067509,42.397449405
18539,9999296,CONANT,DAVISON,2017-04-05,5,4,2017,20,4,8,3,,4,0,,2,4,4,35,2,2,3,5,0,0,0,0,true,,false,false,false,false,false,,,,,,false,false,false,,,false,false,false,false,false,-83.06144,42.41546,"{
  ""coordinates"": [
    -8.306143825500000e+01,
    4.241546304800000e+01
  ],
  ""type"": ""Point""
}","{
  ""coordinates"": [
    -83.061438255,
    42.415463048
  ],
  ""type"": ""Point""
}",-83.061438255,42.415463048
18540,1000259,LONYO,MCGRAW,2017-04-05,5,4,2017,9,4,5,9,,4,0,,1,2,1,25,2,2,1,5,0,0,0,0,true,,false,false,true,false,false,,,,,,false,false,false,,,false,false,false,false,false,-83.14677,42.33371,"{
  ""coordinates"": [
    -8.314677791199991e+01,
    4.233371013100000e+01
  ],
  ""type"": ""Point""
}","{
  ""coordinates"": [
    -83.146777912,
    42.333710131
  ],
  ""type"": ""Point""
}",-83.1467779119999,42.333710131
18541,1006343,W I 96,KENTFIELD,2017-04-05,5,4,2017,13,4,8,1,,1,0,,1,2,1,70,3,2,4,4,0,0,0,2,false,,false,false,false,false,false,,,,,,false,true,false,,,false,false,false,false,false,-83.24072,42.38386,"{
  ""coordinates"": [
    -8.324071887600000e+01,
    4.238386336300000e+01
  ],
  ""type"": ""Point""
}","{
  ""coordinates"": [
    -83.240718876,
    42.383863363
  ],
  ""type"": ""Point""
}",-83.240718876,42.383863363
18542,1007313,7 MILE,MT ELLIOTT,2017-04-05,5,4,2017,20,4,8,9,,4,0,,2,4,4,35,2,2,4,4,0,0,0,2,false,,false,false,false,false,false,,,,,,false,false,false,,,false,false,false,false,false,-83.03867,42.43369,"{
  ""coordinates"": [
    -8.303866829099999e+01,
    4.243369410700010e+01
  ],
  ""type"": ""Point""
}","{
  ""coordinates"": [
    -83.038668291,
    42.433694107
  ],
  ""type"": ""Point""
}",-83.038668291,42.4336941070001
18543,1000288,OUTER,MT ELLIOT,2017-04-05,5,4,2017,19,4,1,9,,2,0,,2,4,4,35,2,1,1,5,0,0,0,0,true,,false,false,false,false,false,,,,,,false,false,false,,,false,false,false,false,false,-83.03915,42.44083,"{
  ""coordinates"": [
    -8.303914871800001e+01,
    4.244083248900010e+01
  ],
  ""type"": ""Point""
}","{
  ""coordinates"": [
    -83.039148718,
    42.440832489
  ],
  ""type"": ""Point""
}",-83.039148718,42.4408324890001
18544,1005350,E I 96,MARTIN LUTHER KING JR,2017-04-05,5,4,2017,8,4,5,1,,1,0,,1,2,1,55,5,4,4,5,0,0,0,0,true,,false,false,false,false,false,,,,,,false,false,true,,,false,false,false,false,false,-83.09155,42.33739,"{
  ""coordinates"": [
    -8.309155600699999e+01,
    4.233738574400010e+01
  ],
  ""type"": ""Point""
}","{
  ""coordinates"": [
    -83.091556007,
    42.337385744
  ],
  ""type"": ""Point""
}",-83.091556007,42.3373857440001
18545,1003120,FORT,SCHAEFER,2017-04-05,5,4,2017,9,4,8,3,,1,0,,1,1,1,55,2,2,3,5,0,0,0,0,true,,false,false,false,false,false,,,,,,false,false,true,,,false,false,false,false,false,-83.15649,42.27518,"{
  ""coordinates"": [
    -8.315648318000000e+01,
    4.227517732600010e+01
  ],
  ""type"": ""Point""
}","{
  ""coordinates"": [
    -83.15648318,
    42.275177326
  ],
  ""type"": ""Point""
}",-83.15648318,42.2751773260001
18546,1000239,I-75,SEVEN MILE,2017-04-05,5,4,2017,20,4,1,1,,1,1,,2,4,4,70,3,1,2,5,0,0,0,0,true,,false,false,false,false,false,,,,,,false,false,false,,,false,false,false,false,false,-83.09493,42.43261,"{
  ""coordinates"": [
    -8.309493256099999e+01,
    4.243261072700010e+01
  ],
  ""type"": ""Point""
}","{
  ""coordinates"": [
    -83.094932561,
    42.432610727
  ],
  ""type"": ""Point""
}",-83.094932561,42.4326107270001
18547,1005351,M-10,GRAND,2017-04-05,5,4,2017,9,4,8,3,,1,0,,1,2,1,55,4,2,2,5,0,0,0,0,true,,false,false,false,false,false,,,,,,false,false,true,,,false,false,false,false,false,-83.08286,42.36843,"{
  ""coordinates"": [
    -8.308285255800000e+01,
    4.236843116000010e+01
  ],
  ""type"": ""Point""
}","{
  ""coordinates"": [
    -83.082852558,
    42.36843116
  ],
  ""type"": ""Point""
}",-83.082852558,42.3684311600001
18548,9999262,ROSA PARKS,S I 75,2017-04-05,5,4,2017,20,4,4,9,,4,0,,2,4,4,30,5,2,2,3,0,0,1,0,false,,true,true,false,false,false,,,,,,false,true,false,,,false,false,false,false,false,-83.07315,42.33338,"{
  ""coordinates"": [
    -8.307314819200000e+01,
    4.233337660300000e+01
  ],
  ""type"": ""Point""
}","{
  ""coordinates"": [
    -83.073148192,
    42.333376603
  ],
  ""type"": ""Point""
}",-83.073148192,42.333376603
18549,9999293,EWALD,DEXTER,2017-04-05,5,4,2017,7,4,8,9,,4,0,,1,2,1,30,4,2,2,5,0,0,0,0,true,,false,false,false,false,false,,,,,,false,false,true,,,false,false,false,false,false,-83.13332,42.39386,"{
  ""coordinates"": [
    -8.313331936400000e+01,
    4.239385893600010e+01
  ],
  ""type"": ""Point""
}","{
  ""coordinates"": [
    -83.133319364,
    42.393858936
  ],
  ""type"": ""Point""
}",-83.133319364,42.3938589360001
18550,1001228,VERNOR,HONORAH,2017-04-05,5,4,2017,12,4,1,9,,4,0,,1,1,1,25,2,1,1,5,0,0,0,0,true,,false,false,true,false,false,,,,,,false,false,false,,,false,false,false,false,false,-83.12269,42.31331,"{
  ""coordinates"": [
    -8.312268452399999e+01,
    4.231331204600010e+01
  ],
  ""type"": ""Point""
}","{
  ""coordinates"": [
    -83.122684524,
    42.313312046
  ],
  ""type"": ""Point""
}",-83.122684524,42.3133120460001
18551,1002232,TRUMBULL,SELDEN,2017-04-05,5,4,2017,23,4,4,9,,4,0,,2,4,5,30,2,2,7,4,0,0,0,2,false,,true,false,false,false,false,,,,,,false,false,true,,,false,false,false,false,false,-83.07424,42.3443,"{
  ""coordinates"": [
    -8.307424543099999e+01,
    4.234429675600010e+01
  ],
  ""type"": ""Point""
}","{
  ""coordinates"": [
    -83.074245431,
    42.344296756
  ],
  ""type"": ""Point""
}",-83.074245431,42.3442967560001
18552,9999250,M-39,GRAND RIVER,2017-04-05,5,4,2017,20,4,1,3,,1,1,,2,4,4,55,3,1,1,5,0,0,0,0,true,,false,false,false,false,false,,,,,,false,false,true,,,false,false,false,false,false,-83.21823,42.39713,"{
  ""coordinates"": [
    -8.321823132299990e+01,
    4.239713032600010e+01
  ],
  ""type"": ""Point""
}","{
  ""coordinates"": [
    -83.218231323,
    42.397130326
  ],
  ""type"": ""Point""
}",-83.2182313229999,42.3971303260001
18553,1000243,S I 375,LAFAYETTE,2017-04-05,5,4,2017,8,4,5,1,,1,0,,1,1,1,0,3,2,1,5,0,0,0,0,true,,false,false,true,false,false,,,,,,false,false,false,,,false,false,false,false,false,-83.03812,42.33591,"{
  ""coordinates"": [
    -8.303811635800000e+01,
    4.233591252100010e+01
  ],
  ""type"": ""Point""
}","{
  ""coordinates"": [
    -83.038116358,
    42.335912521
  ],
  ""type"": ""Point""
}",-83.038116358,42.3359125210001
18554,9999254,GRAND RIVER,WARD,2017-04-05,5,4,2017,22,4,1,3,,1,1,,2,4,4,35,5,1,1,5,0,0,0,0,true,,false,false,false,false,false,,,,,,false,false,false,,,false,false,false,false,false,-83.17251,42.38225,"{
  ""coordinates"": [
    -8.317250672100000e+01,
    4.238225011500000e+01
  ],
  ""type"": ""Point""
}","{
  ""coordinates"": [
    -83.172506721,
    42.382250115
  ],
  ""type"": ""Point""
}",-83.172506721,42.382250115
18555,9999282,GRISWOLD,FORT,2017-04-05,5,4,2017,17,4,8,3,,4,0,,2,2,2,30,4,2,2,5,0,0,0,0,true,,false,false,false,false,false,,,,,,false,false,false,,,false,false,false,false,false,-83.04761,42.33094,"{
  ""coordinates"": [
    -8.304760963099990e+01,
    4.233094450300010e+01
  ],
  ""type"": ""Point""
}","{
  ""coordinates"": [
    -83.047609631,
    42.330944503
  ],
  ""type"": ""Point""
}",-83.0476096309999,42.3309445030001
18556,9999281,MCDOUGHALL,LAFAYETTE,2017-04-05,5,4,2017,23,4,8,9,,4,0,,2,4,5,25,3,2,1,5,0,0,0,0,true,,false,false,true,false,false,,,,,,false,false,false,,,false,false,false,false,false,-83.018,42.34356,"{
  ""coordinates"": [
    -8.301800036899991e+01,
    4.234356208200010e+01
  ],
  ""type"": ""Point""
}","{
  ""coordinates"": [
    -83.018000369,
    42.343562082
  ],
  ""type"": ""Point""
}",-83.0180003689999,42.3435620820001
18557,9999265,BALFOUR,OUTER,2017-04-05,5,4,2017,18,4,8,9,,,3,,2,4,1,25,2,2,1,5,0,0,0,0,true,,false,false,false,false,false,,,,,,false,false,true,,,false,false,false,false,false,-82.95004,42.40491,"{
  ""coordinates"": [
    -8.295003458900000e+01,
    4.240491491600010e+01
  ],
  ""type"": ""Point""
}","{
  ""coordinates"": [
    -82.950034589,
    42.404914916
  ],
  ""type"": ""Point""
}",-82.950034589,42.4049149160001
18558,9999234,N M 10,WYOMING,2017-04-05,5,4,2017,20,4,5,3,,1,0,,2,4,4,55,3,2,1,5,0,0,0,0,true,,false,false,true,false,false,,,,,,false,false,false,,,false,false,false,false,false,-83.15965,42.40527,"{
  ""coordinates"": [
    -8.315964362100000e+01,
    4.240526848500010e+01
  ],
  ""type"": ""Point""
}","{
  ""coordinates"": [
    -83.159643621,
    42.405268485
  ],
  ""type"": ""Point""
}",-83.159643621,42.4052684850001
18559,9999299,MCNICHOLS,ASHTON,2017-04-04,4,4,2017,13,3,4,9,,2,0,,2,2,1,30,6,2,2,5,0,0,0,0,true,,false,false,true,false,false,,,,,,false,false,false,,,false,false,false,false,false,-83.21967,42.41555,"{
  ""coordinates"": [
    -8.321966435300000e+01,
    4.241554702300000e+01
  ],
  ""type"": ""Point""
}","{
  ""coordinates"": [
    -83.219664353,
    42.415547023
  ],
  ""type"": ""Point""
}",-83.219664353,42.415547023
18560,1005371,M-39,GRAND RIVER AVR,2017-04-04,4,4,2017,5,3,1,3,,1,1,,2,4,4,55,3,1,1,5,0,0,0,0,true,,false,false,false,false,false,,,,,,false,false,false,,,false,false,false,false,false,-83.2178,42.38887,"{
  ""coordinates"": [
    -8.321780214899999e+01,
    4.238886883900010e+01
  ],
  ""type"": ""Point""
}","{
  ""coordinates"": [
    -83.217802149,
    42.388868839
  ],
  ""type"": ""Point""
}",-83.217802149,42.3888688390001
18561,1102477,PREVOST,7 MILE,2017-04-04,4,4,2017,16,3,4,9,,,0,,1,1,1,25,1,2,2,5,0,0,0,0,true,,false,false,false,false,false,,,,,,false,false,true,,,false,false,false,false,false,-83.20413,42.43036,"{
  ""coordinates"": [
    -8.320413205100000e+01,
    4.243035775700000e+01
  ],
  ""type"": ""Point""
}","{
  ""coordinates"": [
    -83.204132051,
    42.430357757
  ],
  ""type"": ""Point""
}",-83.204132051,42.430357757
18562,1004676,WYOMING,PLYMOUTH,2017-04-04,4,4,2017,17,3,8,9,,4,0,,1,2,1,30,1,2,2,5,0,0,0,0,true,,false,false,false,false,false,,,,,,false,false,true,,,false,false,false,false,false,-83.15857,42.37365,"{
  ""coordinates"": [
    -8.315856958700000e+01,
    4.237364416700010e+01
  ],
  ""type"": ""Point""
}","{
  ""coordinates"": [
    -83.158569587,
    42.373644167
  ],
  ""type"": ""Point""
}",-83.158569587,42.3736441670001
18563,9998381,MAINE,NEVADA,2017-04-04,4,4,2017,12,3,97,9,,,0,,1,2,1,0,2,1,0,5,0,0,0,0,true,,false,false,false,false,false,,,,,,false,false,false,,,false,false,false,false,false,-83.07547,42.42556,"{
  ""coordinates"": [
    -8.307546961700000e+01,
    4.242555599300000e+01
  ],
  ""type"": ""Point""
}","{
  ""coordinates"": [
    -83.075469617,
    42.425555993
  ],
  ""type"": ""Point""
}",-83.075469617,42.425555993
18564,1000264,BALFOUR,SOUTHAMPTON,2017-04-04,4,4,2017,0,3,4,9,,,0,,2,4,5,25,2,2,2,4,0,0,0,1,false,,false,false,true,false,false,,,,,,false,false,false,,,false,false,false,false,false,-82.9489,42.40319,"{
  ""coordinates"": [
    -8.294890075099990e+01,
    4.240319473800000e+01
  ],
  ""type"": ""Point""
}","{
  ""coordinates"": [
    -82.948900751,
    42.403194738
  ],
  ""type"": ""Point""
}",-82.9489007509999,42.403194738
18565,1000258,W I 96,RAMP 213F,2017-04-04,4,4,2017,6,3,1,1,,1,0,,2,4,2,0,3,1,1,5,0,0,0,0,true,,false,false,false,false,false,,,,,,false,false,false,,,false,false,false,false,false,-83.09881,42.34995,"{
  ""coordinates"": [
    -8.309881176700000e+01,
    4.234995012400000e+01
  ],
  ""type"": ""Point""
}","{
  ""coordinates"": [
    -83.098811767,
    42.349950124
  ],
  ""type"": ""Point""
}",-83.098811767,42.349950124
18566,9998351,S M 39 SERVICE DRIVE,WARREN,2017-04-04,4,4,2017,18,3,8,9,,4,0,,1,1,3,25,3,2,3,4,0,0,0,2,false,,false,false,false,false,false,,,,,,false,false,false,,,false,false,false,false,false,-83.21653,42.34338,"{
  ""coordinates"": [
    -8.321653124300001e+01,
    4.234338114800000e+01
  ],
  ""type"": ""Point""
}","{
  ""coordinates"": [
    -83.216531243,
    42.343381148
  ],
  ""type"": ""Point""
}",-83.216531243,42.343381148
18567,1006408,PLYMOUTH,MANSFIELD,2017-04-04,4,4,2017,2,3,1,9,,4,1,,2,1,4,30,6,1,1,5,0,0,0,0,true,,false,false,false,false,false,,,,,,false,false,false,,,false,false,false,false,false,-83.20367,42.37249,"{
  ""coordinates"": [
    -8.320367478999999e+01,
    4.237248849900000e+01
  ],
  ""type"": ""Point""
}","{
  ""coordinates"": [
    -83.20367479,
    42.372488499
  ],
  ""type"": ""Point""
}",-83.20367479,42.372488499
18568,9998343,CHARLOTTE,CORNERSTONE,2017-04-04,4,4,2017,8,3,1,9,,,1,,2,2,1,25,2,1,1,4,0,0,0,1,false,,false,false,false,false,true,,,,,,false,false,false,,,false,false,false,false,false,-83.06523,42.3411,"{
  ""coordinates"": [
    -8.306523185000000e+01,
    4.234109694700000e+01
  ],
  ""type"": ""Point""
}","{
  ""coordinates"": [
    -83.06523185,
    42.341096947
  ],
  ""type"": ""Point""
}",-83.06523185,42.341096947
18569,9997489,GREENFIELD,MIDLAND,2017-04-04,4,4,2017,2,3,1,9,,2,1,,2,4,4,35,4,1,1,5,0,0,0,0,true,,false,false,true,false,false,,,,,,false,false,false,,,false,false,false,false,false,-83.19888,42.40534,"{
  ""coordinates"": [
    -8.319887887599999e+01,
    4.240534061700000e+01
  ],
  ""type"": ""Point""
}","{
  ""coordinates"": [
    -83.198878876,
    42.405340617
  ],
  ""type"": ""Point""
}",-83.198878876,42.405340617
18570,1009120,I-96,CHICAGO,2017-04-04,4,4,2017,5,3,1,1,,1,1,,2,4,1,55,4,1,1,5,0,0,0,0,true,,false,false,false,false,false,,,,,,false,false,false,,,false,false,false,false,false,-83.13102,42.36448,"{
  ""coordinates"": [
    -8.313101899000000e+01,
    4.236448447000000e+01
  ],
  ""type"": ""Point""
}","{
  ""coordinates"": [
    -83.13101899,
    42.36448447
  ],
  ""type"": ""Point""
}",-83.13101899,42.36448447
18571,1009099,M-10,CALVERT,2017-04-04,4,4,2017,9,3,5,3,,1,0,,1,2,1,55,3,2,7,5,0,0,0,0,true,,false,false,false,false,false,,,,,,false,false,false,,,false,false,false,false,false,-83.10069,42.38543,"{
  ""coordinates"": [
    -8.310068991100000e+01,
    4.238542404900010e+01
  ],
  ""type"": ""Point""
}","{
  ""coordinates"": [
    -83.100689911,
    42.385424049
  ],
  ""type"": ""Point""
}",-83.100689911,42.3854240490001
18572,9998345,JUNCTION,S I 75,2017-04-04,4,4,2017,17,3,4,9,,4,0,,1,1,1,25,2,2,2,5,0,0,0,0,true,,true,true,false,false,false,,,,,,false,false,false,,,false,false,false,false,false,-83.09711,42.31127,"{
  ""coordinates"": [
    -8.309711323099999e+01,
    4.231126924700000e+01
  ],
  ""type"": ""Point""
}","{
  ""coordinates"": [
    -83.097113231,
    42.311269247
  ],
  ""type"": ""Point""
}",-83.097113231,42.311269247
18573,9998378,DEXTER,COLLINGWOOD,2017-04-04,4,4,2017,12,3,4,9,,4,0,,1,1,1,30,4,2,2,5,0,0,0,0,true,,false,false,false,false,false,,,,,,false,false,false,,,false,false,false,false,false,-83.1223,42.37704,"{
  ""coordinates"": [
    -8.312230071800001e+01,
    4.237704103100000e+01
  ],
  ""type"": ""Point""
}","{
  ""coordinates"": [
    -83.122300718,
    42.377041031
  ],
  ""type"": ""Point""
}",-83.122300718,42.377041031
18574,1005393,I-94,I-75,2017-04-04,4,4,2017,2,3,1,1,,1,1,,2,4,3,55,3,1,1,5,0,0,0,0,true,,false,false,false,false,false,,,,,,false,false,false,,,false,false,false,false,false,-83.0597,42.36753,"{
  ""coordinates"": [
    -8.305970300900000e+01,
    4.236752541300010e+01
  ],
  ""type"": ""Point""
}","{
  ""coordinates"": [
    -83.059703009,
    42.367525413
  ],
  ""type"": ""Point""
}",-83.059703009,42.3675254130001
18575,9998375,FENKELL,MURILAND,2017-04-04,4,4,2017,6,3,8,9,,4,0,,2,4,4,30,2,2,2,5,0,0,0,0,true,,false,false,false,false,false,,,,,,false,false,false,,,false,false,false,false,false,-83.13374,42.40282,"{
  ""coordinates"": [
    -8.313374569800000e+01,
    4.240281907700010e+01
  ],
  ""type"": ""Point""
}","{
  ""coordinates"": [
    -83.133745698,
    42.402819077
  ],
  ""type"": ""Point""
}",-83.133745698,42.4028190770001
18576,9998354,EVERGREEN,ANN ARBOR,2017-04-04,4,4,2017,15,3,8,9,,4,0,,1,2,1,30,2,2,2,5,0,0,0,0,true,,false,false,true,false,false,,,,,,false,true,false,,,false,false,false,false,false,-83.23513,42.33667,"{
  ""coordinates"": [
    -8.323513349800000e+01,
    4.233666708400010e+01
  ],
  ""type"": ""Point""
}","{
  ""coordinates"": [
    -83.235133498,
    42.336667084
  ],
  ""type"": ""Point""
}",-83.235133498,42.3366670840001
18577,9998380,LYNCH,VAN DYKE,2017-04-04,4,4,2017,16,3,2,3,,4,0,,2,2,4,30,4,3,2,5,0,0,0,0,true,,false,false,true,false,false,,,,,,false,false,false,,,false,false,false,false,false,-83.02298,42.40501,"{
  ""coordinates"": [
    -8.302297887100001e+01,
    4.240500797500000e+01
  ],
  ""type"": ""Point""
}","{
  ""coordinates"": [
    -83.022978871,
    42.405007975
  ],
  ""type"": ""Point""
}",-83.022978871,42.405007975
18578,9998382,DAVISON,GALLAGHER,2017-04-04,4,4,2017,15,3,8,9,,0,0,,2,4,1,0,3,2,2,5,0,0,0,0,true,,false,false,true,false,false,,,,,,false,false,false,,,false,false,false,false,false,-83.06447,42.41439,"{
  ""coordinates"": [
    -8.306446829299990e+01,
    4.241439159800010e+01
  ],
  ""type"": ""Point""
}","{
  ""coordinates"": [
    -83.064468293,
    42.414391598
  ],
  ""type"": ""Point""
}",-83.0644682929999,42.4143915980001
18579,1005359,M-10,GRAND,2017-04-04,4,4,2017,21,3,4,3,,1,0,,1,2,4,55,3,2,2,5,0,0,0,0,true,,false,false,true,false,false,,,,,,false,false,false,,,false,false,false,false,false,-83.08196,42.36745,"{
  ""coordinates"": [
    -8.308196508400000e+01,
    4.236744798400010e+01
  ],
  ""type"": ""Point""
}","{
  ""coordinates"": [
    -83.081965084,
    42.367447984
  ],
  ""type"": ""Point""
}",-83.081965084,42.3674479840001
18580,9998379,LIVERNOIS,M-10 SERVICE,2017-04-04,4,4,2017,7,3,4,9,,4,0,,2,4,1,35,4,2,2,5,0,0,0,0,true,,false,false,false,false,false,,,,,,false,false,false,,,false,false,false,false,false,-83.1404,42.40437,"{
  ""coordinates"": [
    -8.314040001799999e+01,
    4.240436446500010e+01
  ],
  ""type"": ""Point""
}","{
  ""coordinates"": [
    -83.140400018,
    42.404364465
  ],
  ""type"": ""Point""
}",-83.140400018,42.4043644650001
18581,9999300,LIVERNOIS,FENKELL,2017-04-04,4,4,2017,22,3,8,9,,4,0,,1,1,4,35,2,2,1,5,0,0,0,0,true,,false,false,true,false,false,,,,,,false,true,false,,,false,false,false,false,false,-83.14013,42.40295,"{
  ""coordinates"": [
    -8.314013093499990e+01,
    4.240294717400010e+01
  ],
  ""type"": ""Point""
}","{
  ""coordinates"": [
    -83.140130935,
    42.402947174
  ],
  ""type"": ""Point""
}",-83.1401309349999,42.4029471740001
18582,9998357,N I 75,MACK,2017-04-04,4,4,2017,15,3,5,1,,1,0,,1,1,1,30,3,2,2,5,0,0,0,0,true,,false,false,true,false,false,,,,,,false,false,true,,,false,false,false,false,false,-83.04784,42.35126,"{
  ""coordinates"": [
    -8.304784462100000e+01,
    4.235126684200000e+01
  ],
  ""type"": ""Point""
}","{
  ""coordinates"": [
    -83.047844621,
    42.351266842
  ],
  ""type"": ""Point""
}",-83.047844621,42.351266842
18583,1029231,FAIRVIEW,WARREN,2017-04-04,4,4,2017,19,3,5,9,,,0,,1,1,1,25,1,2,1,3,0,0,1,0,false,,false,false,true,false,false,,,,,,false,false,false,,,false,false,false,false,false,-82.98757,42.38653,"{
  ""coordinates"": [
    -8.298757212200000e+01,
    4.238652850400010e+01
  ],
  ""type"": ""Point""
}","{
  ""coordinates"": [
    -82.987572122,
    42.386528504
  ],
  ""type"": ""Point""
}",-82.987572122,42.3865285040001
18584,9999295,VIRGINIA PARK,WOODROW WILSON,2017-04-04,4,4,2017,12,3,1,9,,,1,,1,2,1,25,1,1,1,5,0,0,0,0,true,,false,false,false,false,false,,,,,,false,false,false,,,false,false,false,false,false,-83.09162,42.37098,"{
  ""coordinates"": [
    -8.309162514000000e+01,
    4.237098182500010e+01
  ],
  ""type"": ""Point""
}","{
  ""coordinates"": [
    -83.09162514,
    42.370981825
  ],
  ""type"": ""Point""
}",-83.09162514,42.3709818250001