ObjectId,Crash ID,Primary Road,Intersecting Road,Crash Date,Day,Month,Year,Hour,Weekday,Crash Type Code,Highway Classification Code,Community Code,Jurisdiction Code,Lane Departure Type Code,Surface Type,Road Condition,Weather Condition,Lighting Condition,Speed Limit,Lanes,Units,Occupants,Most Severe Injury,Fatal Injuries,Suspected Serious Injuries,Suspected Minor Injuries,Possible Injuries,Property Damage Only,Secondary Crash,Traffic Control,Red Light Run,Hit and Run,Alcohol,Drugs,Unbelted Person,Work Zone,Speeding Driver,Distracted Driver,Driveway,Pedestrian,Elderly Driver,Young Driver,Commercial Vehicle,Emergency Vehicles,Train,School Bus,Motorcycle,Bicycle,Deer,Longitude,Latitude,geom,geog,x,y
18642,9997514,8 MILE,GRANDVIEW,2017-04-03,3,4,2017,20,2,1,3,,1,0,,2,4,4,40,4,1,1,5,0,0,0,0,true,,false,false,false,false,false,,,,,,false,false,true,,,false,false,false,false,false,-83.28517,42.44258,"{
  ""coordinates"": [
    -8.328517343700000e+01,
    4.244258449300000e+01
  ],
  ""type"": ""Point""
}","{
  ""coordinates"": [
    -83.285173437,
    42.442584493
  ],
  ""type"": ""Point""
}",-83.285173437,42.442584493
18643,1003723,I-75,7 MILE,2017-04-03,3,4,2017,11,2,1,1,,1,0,,2,4,1,70,4,1,1,5,0,0,0,0,true,,false,false,false,false,false,,,,,,false,false,false,,,false,false,false,false,false,-83.09462,42.43222,"{
  ""coordinates"": [
    -8.309461832200000e+01,
    4.243221617800000e+01
  ],
  ""type"": ""Point""
}","{
  ""coordinates"": [
    -83.094618322,
    42.432216178
  ],
  ""type"": ""Point""
}",-83.094618322,42.432216178
18644,1009951,GRANDVIEW,7 MILE,2017-04-03,3,4,2017,3,2,5,9,,,0,,1,1,4,25,2,2,1,5,0,0,0,0,true,,false,false,true,false,false,,,,,,false,false,false,,,false,false,false,false,false,-83.28493,42.4292,"{
  ""coordinates"": [
    -8.328493689899990e+01,
    4.242920134100010e+01
  ],
  ""type"": ""Point""
}","{
  ""coordinates"": [
    -83.284936899,
    42.429201341
  ],
  ""type"": ""Point""
}",-83.2849368989999,42.4292013410001
18645,1005392,I-75,CLAY,2017-04-03,3,4,2017,21,2,1,1,,1,1,,2,4,4,55,4,1,1,5,0,0,0,0,true,,false,false,false,false,false,,,,,,false,false,true,,,false,false,false,false,false,-83.06348,42.37968,"{
  ""coordinates"": [
    -8.306347695700001e+01,
    4.237968467200010e+01
  ],
  ""type"": ""Point""
}","{
  ""coordinates"": [
    -83.063476957,
    42.379684672
  ],
  ""type"": ""Point""
}",-83.063476957,42.3796846720001
18646,1008146,DICKERSON,FREUD,2017-04-03,3,4,2017,23,2,1,9,,4,1,,2,4,4,30,2,1,0,5,0,0,0,0,true,,false,false,true,false,false,,,,,,false,false,false,,,false,false,false,false,false,-82.95046,42.36725,"{
  ""coordinates"": [
    -8.295046286199990e+01,
    4.236725009000000e+01
  ],
  ""type"": ""Point""
}","{
  ""coordinates"": [
    -82.950462862,
    42.36725009
  ],
  ""type"": ""Point""
}",-82.9504628619999,42.36725009
18647,1003731,M-39,PAUL,2017-04-03,3,4,2017,17,2,5,3,,1,0,,1,2,1,55,3,3,3,4,0,0,0,1,false,,false,false,false,false,false,,,,,,false,false,false,,,false,false,false,false,false,-83.21592,42.33586,"{
  ""coordinates"": [
    -8.321592290000000e+01,
    4.233585899800000e+01
  ],
  ""type"": ""Point""
}","{
  ""coordinates"": [
    -83.2159229,
    42.335858998
  ],
  ""type"": ""Point""
}",-83.2159229,42.335858998
18648,1002179,ANNCHESTER,MCNICHOLS,2017-04-03,3,4,2017,17,2,8,9,,,0,,1,1,1,35,4,2,1,5,0,0,0,0,true,,false,false,true,false,false,,,,,,false,false,false,,,false,false,false,false,false,-83.23495,42.41524,"{
  ""coordinates"": [
    -8.323495207699990e+01,
    4.241524239800000e+01
  ],
  ""type"": ""Point""
}","{
  ""coordinates"": [
    -83.234952077,
    42.415242398
  ],
  ""type"": ""Point""
}",-83.2349520769999,42.415242398
18649,1125279,LIVERNOIS,LINSDALE,2017-04-03,3,4,2017,3,2,5,9,,4,0,,2,4,4,0,6,2,2,5,0,0,0,0,true,,false,false,true,false,false,,,,,,false,false,false,,,false,false,false,false,false,-83.13825,42.35639,"{
  ""coordinates"": [
    -8.313825602799990e+01,
    4.235639255300000e+01
  ],
  ""type"": ""Point""
}","{
  ""coordinates"": [
    -83.138256028,
    42.356392553
  ],
  ""type"": ""Point""
}",-83.1382560279999,42.356392553
18650,1048831,8083 YOLANDA,TERRELL,2017-04-03,3,4,2017,12,2,98,9,,,0,,2,4,1,25,1,2,1,5,0,0,0,0,true,,false,false,true,false,false,,,,,,false,false,false,,,false,false,false,false,false,-83.02193,42.43803,"{
  ""coordinates"": [
    -8.302192706900000e+01,
    4.243802875600010e+01
  ],
  ""type"": ""Point""
}","{
  ""coordinates"": [
    -83.021927069,
    42.438028756
  ],
  ""type"": ""Point""
}",-83.021927069,42.4380287560001
18651,9999248,W I 94,GRAND,2017-04-03,3,4,2017,16,2,5,1,,1,0,,1,2,1,55,3,4,6,4,0,0,0,1,false,,false,false,true,false,false,,,,,,false,false,false,,,false,false,false,false,false,-83.10875,42.34722,"{
  ""coordinates"": [
    -8.310875211800000e+01,
    4.234721767700010e+01
  ],
  ""type"": ""Point""
}","{
  ""coordinates"": [
    -83.108752118,
    42.347217677
  ],
  ""type"": ""Point""
}",-83.108752118,42.3472176770001
18652,1062444,BEACONSFIELD,WHITTIER,2017-04-03,3,4,2017,0,2,5,9,,,0,,1,1,4,0,2,2,1,5,0,0,0,0,true,,false,false,true,false,false,,,,,,false,false,false,,,false,false,false,false,false,-82.95144,42.41604,"{
  ""coordinates"": [
    -8.295144243800000e+01,
    4.241604288500000e+01
  ],
  ""type"": ""Point""
}","{
  ""coordinates"": [
    -82.951442438,
    42.416042885
  ],
  ""type"": ""Point""
}",-82.951442438,42.416042885
18653,1003727,I-75,WARREN,2017-04-03,3,4,2017,17,2,1,1,,1,1,,1,2,1,55,3,1,1,3,0,0,1,0,false,,false,false,false,false,false,,,,,,false,false,true,,,false,false,false,false,false,-83.0544,42.36108,"{
  ""coordinates"": [
    -8.305439822800000e+01,
    4.236107715900000e+01
  ],
  ""type"": ""Point""
}","{
  ""coordinates"": [
    -83.054398228,
    42.361077159
  ],
  ""type"": ""Point""
}",-83.054398228,42.361077159
18654,1008152,WARREN,CADIEUX,2017-04-03,3,4,2017,15,2,6,9,,4,0,,2,2,1,30,4,2,2,5,0,0,0,0,true,,false,false,false,false,false,,,,,,false,false,false,,,false,false,false,false,false,-82.92977,42.4061,"{
  ""coordinates"": [
    -8.292977182899990e+01,
    4.240610055800000e+01
  ],
  ""type"": ""Point""
}","{
  ""coordinates"": [
    -82.929771829,
    42.406100558
  ],
  ""type"": ""Point""
}",-82.9297718289999,42.406100558
18655,9997498,FORT,6TH,2017-04-03,3,4,2017,11,2,4,3,,1,0,,2,4,4,30,3,2,3,4,0,0,0,2,false,,false,false,false,false,false,,,,,,false,false,false,,,false,false,false,false,false,-83.05789,42.32619,"{
  ""coordinates"": [
    -8.305789229600001e+01,
    4.232619530300010e+01
  ],
  ""type"": ""Point""
}","{
  ""coordinates"": [
    -83.057892296,
    42.326195303
  ],
  ""type"": ""Point""
}",-83.057892296,42.3261953030001
18656,9999289,DWYER,STOCKTON,2017-04-03,3,4,2017,20,2,8,9,,,0,,1,1,5,25,2,2,0,5,0,0,0,0,true,,false,false,true,false,false,,,,,,false,false,false,,,false,false,false,false,false,-83.04146,42.42929,"{
  ""coordinates"": [
    -8.304146186600001e+01,
    4.242928941100010e+01
  ],
  ""type"": ""Point""
}","{
  ""coordinates"": [
    -83.041461866,
    42.429289411
  ],
  ""type"": ""Point""
}",-83.041461866,42.4292894110001
18657,9997533,MCNICHOLS,2ND,2017-04-03,3,4,2017,16,2,5,9,,4,0,,2,2,1,30,2,2,2,5,0,0,0,0,true,,false,false,false,false,false,,,,,,false,false,false,,,false,false,false,false,false,-83.1097,42.4177,"{
  ""coordinates"": [
    -8.310970122200000e+01,
    4.241770281700010e+01
  ],
  ""type"": ""Point""
}","{
  ""coordinates"": [
    -83.109701222,
    42.417702817
  ],
  ""type"": ""Point""
}",-83.109701222,42.4177028170001
18658,9997517,TELEGRAPH,BENNETT,2017-04-03,3,4,2017,14,2,4,2,,1,0,,2,4,1,40,4,2,3,4,0,0,0,2,false,,false,false,false,false,false,,,,,,false,true,false,,,false,false,false,false,false,-83.27758,42.41925,"{
  ""coordinates"": [
    -8.327758393600000e+01,
    4.241924786300010e+01
  ],
  ""type"": ""Point""
}","{
  ""coordinates"": [
    -83.277583936,
    42.419247863
  ],
  ""type"": ""Point""
}",-83.277583936,42.4192478630001
18659,9997519,PARK,OUTER,2017-04-03,3,4,2017,15,2,4,9,,,0,,1,1,1,0,4,2,2,5,0,0,0,0,true,,false,false,true,false,false,,,,,,false,false,true,,,false,false,false,false,false,-82.98193,42.41106,"{
  ""coordinates"": [
    -8.298192716999991e+01,
    4.241105845800010e+01
  ],
  ""type"": ""Point""
}","{
  ""coordinates"": [
    -82.98192717,
    42.411058458
  ],
  ""type"": ""Point""
}",-82.9819271699999,42.4110584580001
18660,9992728,QUINCY,TAYLOR,2017-04-03,3,4,2017,1,2,5,9,,,0,,1,1,4,0,2,2,2,5,0,0,0,0,true,,false,false,false,false,false,,,,,,false,false,false,,,false,false,false,false,false,-83.12063,42.36726,"{
  ""coordinates"": [
    -8.312063131600000e+01,
    4.236725790600010e+01
  ],
  ""type"": ""Point""
}","{
  ""coordinates"": [
    -83.120631316,
    42.367257906
  ],
  ""type"": ""Point""
}",-83.120631316,42.3672579060001
18661,9997495,JOHN-R,PIQUETTE,2017-04-03,3,4,2017,12,2,98,9,,4,0,,1,1,1,25,2,2,0,5,0,0,0,0,true,,false,false,true,false,false,,,,,,false,false,false,,,false,false,false,false,false,-83.06836,42.36699,"{
  ""coordinates"": [
    -8.306835929800000e+01,
    4.236698788200000e+01
  ],
  ""type"": ""Point""
}","{
  ""coordinates"": [
    -83.068359298,
    42.366987882
  ],
  ""type"": ""Point""
}",-83.068359298,42.366987882
18662,9997523,WHITTIER,W I 94 SERVICE DRIVE,2017-04-03,3,4,2017,6,2,8,1,,4,0,,1,1,1,30,6,2,4,5,0,0,0,0,true,,false,false,false,false,false,,,,,,false,false,true,,,false,false,false,false,false,-82.94361,42.41303,"{
  ""coordinates"": [
    -8.294361434599990e+01,
    4.241303332200000e+01
  ],
  ""type"": ""Point""
}","{
  ""coordinates"": [
    -82.943614346,
    42.413033322
  ],
  ""type"": ""Point""
}",-82.9436143459999,42.413033322
18663,1000249,WYOMING,CHICAGO,2017-04-03,3,4,2017,14,2,4,9,,4,0,,2,4,1,30,6,2,4,4,0,0,0,3,false,,true,true,false,false,false,,,,,,false,false,false,,,false,false,false,false,false,-83.1582,42.3662,"{
  ""coordinates"": [
    -8.315820479999999e+01,
    4.236620054300000e+01
  ],
  ""type"": ""Point""
}","{
  ""coordinates"": [
    -83.1582048,
    42.366200543
  ],
  ""type"": ""Point""
}",-83.1582048,42.366200543
18664,9998308,I-75,GREEN,2017-04-03,3,4,2017,15,2,5,1,,1,0,,1,2,1,55,1,3,3,5,0,0,0,0,true,,false,false,false,false,false,,,,,,false,true,true,,,false,false,false,false,false,-83.11234,42.30436,"{
  ""coordinates"": [
    -8.311234424799990e+01,
    4.230435413800010e+01
  ],
  ""type"": ""Point""
}","{
  ""coordinates"": [
    -83.112344248,
    42.304354138
  ],
  ""type"": ""Point""
}",-83.1123442479999,42.3043541380001
18665,1003724,I-94,SECOND,2017-04-03,3,4,2017,14,2,8,1,,1,0,,2,2,1,55,3,2,3,5,0,0,0,0,true,,false,false,false,false,false,,,,,,false,false,false,,,false,false,false,false,false,-83.07216,42.36168,"{
  ""coordinates"": [
    -8.307215968000000e+01,
    4.236167488000010e+01
  ],
  ""type"": ""Point""
}","{
  ""coordinates"": [
    -83.07215968,
    42.36167488
  ],
  ""type"": ""Point""
}",-83.07215968,42.3616748800001
18666,9998338,JAMES COUZENS,MOTOR,2017-04-03,3,4,2017,11,2,8,3,,1,0,,1,2,1,35,2,2,1,5,0,0,0,0,true,,false,false,true,false,false,,,,,,false,false,false,,,false,false,false,false,false,-83.20219,42.44409,"{
  ""coordinates"": [
    -8.320218933400000e+01,
    4.244409010600000e+01
  ],
  ""type"": ""Point""
}","{
  ""coordinates"": [
    -83.202189334,
    42.444090106
  ],
  ""type"": ""Point""
}",-83.202189334,42.444090106
18667,9997525,LIVERNOIS,OAKMAN,2017-04-03,3,4,2017,18,2,5,9,,4,0,,2,4,1,35,6,2,3,4,0,0,0,3,false,,false,false,false,false,false,,,,,,false,false,false,,,false,false,false,false,false,-83.1396,42.39031,"{
  ""coordinates"": [
    -8.313959490699990e+01,
    4.239030872400010e+01
  ],
  ""type"": ""Point""
}","{
  ""coordinates"": [
    -83.139594907,
    42.390308724
  ],
  ""type"": ""Point""
}",-83.1395949069999,42.3903087240001
18668,9997513,GRATIOT,PULFORD,2017-04-03,3,4,2017,23,2,5,3,,1,3,,2,4,3,35,7,2,1,5,0,0,0,0,true,,false,false,false,false,false,,,,,,false,false,false,,,false,false,false,false,false,-83.02676,42.36056,"{
  ""coordinates"": [
    -8.302676300600000e+01,
    4.236056016300010e+01
  ],
  ""type"": ""Point""
}","{
  ""coordinates"": [
    -83.026763006,
    42.360560163
  ],
  ""type"": ""Point""
}",-83.026763006,42.3605601630001
18669,9999251,M-10,MCNICHOLS,2017-04-03,3,4,2017,10,2,5,3,,1,0,,1,2,1,55,3,3,2,5,0,0,0,0,true,,false,false,true,false,false,,,,,,false,true,false,,,false,false,false,false,false,-83.17114,42.41546,"{
  ""coordinates"": [
    -8.317114038200000e+01,
    4.241545777100000e+01
  ],
  ""type"": ""Point""
}","{
  ""coordinates"": [
    -83.171140382,
    42.415457771
  ],
  ""type"": ""Point""
}",-83.171140382,42.415457771
18670,1005398,I-94,TOWNSEND,2017-04-03,3,4,2017,14,2,5,9,,4,0,,2,2,1,55,3,2,3,5,0,0,0,0,true,,false,false,false,false,false,,,,,,false,false,false,,,false,false,false,false,false,-83.02309,42.38509,"{
  ""coordinates"": [
    -8.302309155200000e+01,
    4.238509263200010e+01
  ],
  ""type"": ""Point""
}","{
  ""coordinates"": [
    -83.023091552,
    42.385092632
  ],
  ""type"": ""Point""
}",-83.023091552,42.3850926320001
18671,9999273,SOUTHFIELD SERVICE,GLENDALE,2017-04-03,3,4,2017,14,2,5,9,,4,0,,2,2,1,25,1,2,4,4,0,0,0,3,false,,false,false,false,false,false,,,,,,false,false,false,,,false,false,false,false,false,-83.21698,42.3807,"{
  ""coordinates"": [
    -8.321698116300000e+01,
    4.238069825400000e+01
  ],
  ""type"": ""Point""
}","{
  ""coordinates"": [
    -83.216981163,
    42.380698254
  ],
  ""type"": ""Point""
}",-83.216981163,42.380698254
18672,9997530,RYAN,LANTZ,2017-04-03,3,4,2017,19,2,4,9,,4,0,,2,4,1,30,4,2,5,3,0,0,1,0,false,,false,false,false,false,false,,,,,,false,false,true,,,false,false,false,false,false,-83.06341,42.43806,"{
  ""coordinates"": [
    -8.306341126900000e+01,
    4.243806501200000e+01
  ],
  ""type"": ""Point""
}","{
  ""coordinates"": [
    -83.063411269,
    42.438065012
  ],
  ""type"": ""Point""
}",-83.063411269,42.438065012
18673,1016693,MARX,MADEIRA,2017-04-03,3,4,2017,22,2,98,9,,,0,,98,98,4,30,4,3,0,5,0,0,0,0,true,,false,false,true,false,false,,,,,,false,false,false,,,false,false,false,false,false,-83.08363,42.42253,"{
  ""coordinates"": [
    -8.308362938800001e+01,
    4.242253311100010e+01
  ],
  ""type"": ""Point""
}","{
  ""coordinates"": [
    -83.083629388,
    42.422533111
  ],
  ""type"": ""Point""
}",-83.083629388,42.4225331110001
18674,9999242,I-94,BURNS,2017-04-03,3,4,2017,15,2,5,1,,1,0,,2,2,1,55,3,2,1,2,0,2,0,0,false,,false,false,true,false,false,,,,,,false,false,true,,,false,false,false,false,false,-83.01379,42.38864,"{
  ""coordinates"": [
    -8.301379338600000e+01,
    4.238863982000000e+01
  ],
  ""type"": ""Point""
}","{
  ""coordinates"": [
    -83.013793386,
    42.38863982
  ],
  ""type"": ""Point""
}",-83.013793386,42.38863982
18675,9998307,I-96,GRAND,2017-04-03,3,4,2017,15,2,5,1,,1,0,,2,2,1,55,4,2,2,4,0,0,0,1,false,,false,false,false,false,false,,,,,,false,false,false,,,false,false,false,false,false,-83.11234,42.35689,"{
  ""coordinates"": [
    -8.311234143099990e+01,
    4.235689323900000e+01
  ],
  ""type"": ""Point""
}","{
  ""coordinates"": [
    -83.112341431,
    42.356893239
  ],
  ""type"": ""Point""
}",-83.1123414309999,42.356893239
18676,9997497,GRISWOLD,CLIFFORD,2017-04-03,3,4,2017,15,2,97,9,,4,0,,1,2,1,30,2,2,1,5,0,0,0,0,true,,false,false,false,false,false,,,,,,false,false,false,,,false,false,false,false,false,-83.05003,42.33455,"{
  ""coordinates"": [
    -8.305002925799990e+01,
    4.233454979900010e+01
  ],
  ""type"": ""Point""
}","{
  ""coordinates"": [
    -83.050029258,
    42.334549799
  ],
  ""type"": ""Point""
}",-83.0500292579999,42.3345497990001
18677,1005399,E I 96 CD,RAMP 008B,2017-04-03,3,4,2017,15,2,5,1,,1,0,,2,2,1,55,1,2,2,5,0,0,0,0,true,,false,false,false,false,false,,,,,,false,false,true,,,false,false,false,false,false,-83.2078,42.37857,"{
  ""coordinates"": [
    -8.320780208699991e+01,
    4.237856510000010e+01
  ],
  ""type"": ""Point""
}","{
  ""coordinates"": [
    -83.207802087,
    42.3785651
  ],
  ""type"": ""Point""
}",-83.2078020869999,42.3785651000001
18678,1000251,CADILLAC,RANDOLPH,2017-04-02,2,4,2017,13,1,98,3,,4,0,,1,1,98,0,2,2,1,5,0,0,0,0,true,,false,false,true,false,false,,,,,,false,false,false,,,false,false,false,false,false,-83.04355,42.33173,"{
  ""coordinates"": [
    -8.304354884299990e+01,
    4.233172832200010e+01
  ],
  ""type"": ""Point""
}","{
  ""coordinates"": [
    -83.043548843,
    42.331728322
  ],
  ""type"": ""Point""
}",-83.0435488429999,42.3317283220001
18679,9992713,RANDOLPH,JEFFERSON,2017-04-02,2,4,2017,20,1,8,3,,1,0,,1,1,4,30,3,2,4,4,0,0,0,1,false,,false,false,false,false,false,,,,,,false,true,true,,,false,false,false,false,false,-83.04218,42.32988,"{
  ""coordinates"": [
    -8.304217260400000e+01,
    4.232988367900000e+01
  ],
  ""type"": ""Point""
}","{
  ""coordinates"": [
    -83.042172604,
    42.329883679
  ],
  ""type"": ""Point""
}",-83.042172604,42.329883679
18680,9997509,N M 39 SERVICE DRIVE,WARREN,2017-04-02,2,4,2017,21,1,5,9,,4,0,,1,1,1,25,2,2,1,5,0,0,0,0,true,,false,false,true,false,false,,,,,,false,false,false,,,false,false,false,false,false,-83.21571,42.34334,"{
  ""coordinates"": [
    -8.321570990899990e+01,
    4.234334017500000e+01
  ],
  ""type"": ""Point""
}","{
  ""coordinates"": [
    -83.215709909,
    42.343340175
  ],
  ""type"": ""Point""
}",-83.2157099089999,42.343340175
18681,1005426,CHICAGO,TRINITY,2017-04-02,2,4,2017,2,1,97,9,,4,0,,1,1,4,25,1,4,1,5,0,0,0,0,true,,false,false,true,false,false,,,,,,false,false,false,,,false,false,false,false,false,-83.24794,42.36444,"{
  ""coordinates"": [
    -8.324793802700000e+01,
    4.236443867100010e+01
  ],
  ""type"": ""Point""
}","{
  ""coordinates"": [
    -83.247938027,
    42.364438671
  ],
  ""type"": ""Point""
}",-83.247938027,42.3644386710001
18682,9992725,DICKERSON,WHITTIER,2017-04-02,2,4,2017,14,1,5,9,,,0,,1,1,1,25,2,2,3,5,0,0,0,0,true,,false,false,true,false,false,,,,,,false,false,false,,,false,false,false,false,false,-82.9836,42.42066,"{
  ""coordinates"": [
    -8.298360752699990e+01,
    4.242066342500000e+01
  ],
  ""type"": ""Point""
}","{
  ""coordinates"": [
    -82.983607527,
    42.420663425
  ],
  ""type"": ""Point""
}",-82.9836075269999,42.420663425
18683,9991977,LA SALLE,TAYLOR,2017-04-02,2,4,2017,0,1,4,9,,,0,,1,1,4,25,2,2,2,4,0,0,0,1,false,,true,false,true,false,false,,,,,,false,false,false,,,false,false,false,false,false,-83.10506,42.37334,"{
  ""coordinates"": [
    -8.310506391400000e+01,
    4.237333738800000e+01
  ],
  ""type"": ""Point""
}","{
  ""coordinates"": [
    -83.105063914,
    42.373337388
  ],
  ""type"": ""Point""
}",-83.105063914,42.373337388
18684,1001222,SCHAEFER,MCNICHOLS,2017-04-02,2,4,2017,14,1,8,9,,4,0,,1,1,1,35,6,2,2,5,0,0,0,0,true,,false,false,false,false,false,,,,,,false,false,true,,,false,false,false,false,false,-83.1798,42.4166,"{
  ""coordinates"": [
    -8.317980177000000e+01,
    4.241659703200000e+01
  ],
  ""type"": ""Point""
}","{
  ""coordinates"": [
    -83.17980177,
    42.416597032
  ],
  ""type"": ""Point""
}",-83.17980177,42.416597032
18685,1017737,ROUGE PARK,SPINOZA,2017-04-02,2,4,2017,19,1,10,9,,2,0,,1,1,3,35,4,2,3,5,0,0,0,0,true,,false,false,true,false,false,,,,,,false,false,false,,,false,false,false,false,false,-83.25611,42.36704,"{
  ""coordinates"": [
    -8.325611352300000e+01,
    4.236703708800010e+01
  ],
  ""type"": ""Point""
}","{
  ""coordinates"": [
    -83.256113523,
    42.367037088
  ],
  ""type"": ""Point""
}",-83.256113523,42.3670370880001
18686,9997520,CADIEUX,HARPER,2017-04-02,2,4,2017,20,1,5,1,,4,0,,1,1,4,30,2,2,2,5,0,0,0,0,true,,false,false,false,false,false,,,,,,false,false,false,,,false,false,false,false,false,-82.93675,42.41663,"{
  ""coordinates"": [
    -8.293674928300000e+01,
    4.241662534900010e+01
  ],
  ""type"": ""Point""
}","{
  ""coordinates"": [
    -82.936749283,
    42.416625349
  ],
  ""type"": ""Point""
}",-82.936749283,42.4166253490001
18687,1003152,7 MILE,ROGGE,2017-04-02,2,4,2017,14,1,4,9,,4,0,,1,1,1,30,4,2,2,4,0,0,0,2,false,,false,false,false,false,false,,,,,,false,true,true,,,false,false,false,false,false,-83.0294,42.43387,"{
  ""coordinates"": [
    -8.302939750300000e+01,
    4.243387124000000e+01
  ],
  ""type"": ""Point""
}","{
  ""coordinates"": [
    -83.029397503,
    42.43387124
  ],
  ""type"": ""Point""
}",-83.029397503,42.43387124
18688,9997502,VERNOR,JUNCTION,2017-04-02,2,4,2017,21,1,8,9,,4,3,,1,1,4,25,2,2,0,5,0,0,0,0,true,,false,false,true,false,false,,,,,,false,false,false,,,false,false,false,false,false,-83.10215,42.31769,"{
  ""coordinates"": [
    -8.310215336600000e+01,
    4.231769118200000e+01
  ],
  ""type"": ""Point""
}","{
  ""coordinates"": [
    -83.102153366,
    42.317691182
  ],
  ""type"": ""Point""
}",-83.102153366,42.317691182
18689,1000260,PITT,CENTRAL,2017-04-02,2,4,2017,9,1,4,9,,,0,,1,1,1,25,2,2,1,5,0,0,0,0,true,,false,false,true,false,false,,,,,,false,false,false,,,false,false,false,false,false,-83.12569,42.3145,"{
  ""coordinates"": [
    -8.312569373600000e+01,
    4.231449685700010e+01
  ],
  ""type"": ""Point""
}","{
  ""coordinates"": [
    -83.125693736,
    42.314496857
  ],
  ""type"": ""Point""
}",-83.125693736,42.3144968570001
18690,9997534,MCNICHOLS,SORRENTO,2017-04-02,2,4,2017,3,1,5,9,,2,0,,1,1,4,35,4,2,2,3,0,0,1,0,false,,false,false,true,false,false,,,,,,false,false,true,,,false,false,false,false,false,-83.1739,42.41664,"{
  ""coordinates"": [
    -8.317390248800000e+01,
    4.241663698300000e+01
  ],
  ""type"": ""Point""
}","{
  ""coordinates"": [
    -83.173902488,
    42.416636983
  ],
  ""type"": ""Point""
}",-83.173902488,42.416636983
18691,9998337,WARREN,PLAINVIEW,2017-04-02,2,4,2017,17,1,5,9,,2,0,,1,1,1,0,4,3,9,5,0,0,0,0,true,,false,false,true,false,false,,,,,,false,false,false,,,false,false,false,false,false,-83.23386,42.34315,"{
  ""coordinates"": [
    -8.323385249499999e+01,
    4.234315557100010e+01
  ],
  ""type"": ""Point""
}","{
  ""coordinates"": [
    -83.233852495,
    42.343155571
  ],
  ""type"": ""Point""
}",-83.233852495,42.3431555710001
18692,1003762,GRAND RIVER,SOUTHFIELD,2017-04-02,2,4,2017,22,1,97,3,,1,0,,1,2,3,35,5,2,3,5,0,0,0,0,true,,false,false,true,false,false,,,,,,false,false,true,,,false,false,false,false,false,-83.21635,42.39993,"{
  ""coordinates"": [
    -8.321635724700000e+01,
    4.239992657100000e+01
  ],
  ""type"": ""Point""
}","{
  ""coordinates"": [
    -83.216357247,
    42.399926571
  ],
  ""type"": ""Point""
}",-83.216357247,42.399926571
18693,9992722,TRINITY,GRANDRIVER,2017-04-02,2,4,2017,12,1,1,3,,,1,,1,1,1,0,1,1,1,5,0,0,0,0,true,,false,false,false,false,false,,,,,,false,false,false,,,false,false,false,false,false,-83.24876,42.41278,"{
  ""coordinates"": [
    -8.324876318600001e+01,
    4.241277506800000e+01
  ],
  ""type"": ""Point""
}","{
  ""coordinates"": [
    -83.248763186,
    42.412775068
  ],
  ""type"": ""Point""
}",-83.248763186,42.412775068
18694,9997487,SCHAEFER,E I 96 CD,2017-04-02,2,4,2017,20,1,9,1,,4,0,,1,1,4,35,4,3,2,4,0,0,0,1,false,,false,false,true,false,false,,,,,,false,true,true,,,false,false,false,false,false,-83.17834,42.38286,"{
  ""coordinates"": [
    -8.317834591300000e+01,
    4.238286107700000e+01
  ],
  ""type"": ""Point""
}","{
  ""coordinates"": [
    -83.178345913,
    42.382861077
  ],
  ""type"": ""Point""
}",-83.178345913,42.382861077
18695,1008162,CADIEUX,WARREN,2017-04-02,2,4,2017,14,1,4,9,,4,0,,1,1,1,35,2,2,1,5,0,0,0,0,true,,true,true,true,false,false,,,,,,false,false,true,,,false,false,false,false,false,-82.92983,42.40609,"{
  ""coordinates"": [
    -8.292983316100000e+01,
    4.240609428900010e+01
  ],
  ""type"": ""Point""
}","{
  ""coordinates"": [
    -82.929833161,
    42.406094289
  ],
  ""type"": ""Point""
}",-82.929833161,42.4060942890001
18696,9999236,I-94,ROSA PARKS,2017-04-02,2,4,2017,3,1,5,1,,1,0,,1,1,4,55,3,2,3,5,0,0,0,0,true,,false,false,true,false,false,,,,,,false,false,false,,,false,false,false,false,false,-83.10309,42.34884,"{
  ""coordinates"": [
    -8.310309080400000e+01,
    4.234883761600000e+01
  ],
  ""type"": ""Point""
}","{
  ""coordinates"": [
    -83.103090804,
    42.348837616
  ],
  ""type"": ""Point""
}",-83.103090804,42.348837616
18697,9991962,MURRAY HILL,PEMBROKE,2017-04-02,2,4,2017,1,1,2,9,,,2,,1,1,4,0,1,2,0,5,0,0,0,0,true,,false,false,true,false,false,,,,,,false,false,false,,,false,false,false,false,false,-83.20872,42.43724,"{
  ""coordinates"": [
    -8.320871380200001e+01,
    4.243724060500010e+01
  ],
  ""type"": ""Point""
}","{
  ""coordinates"": [
    -83.208713802,
    42.437240605
  ],
  ""type"": ""Point""
}",-83.208713802,42.4372406050001
18698,9999237,I-96,BURT,2017-04-02,2,4,2017,22,1,8,1,,1,0,,1,1,4,70,3,2,2,5,0,0,0,0,true,,false,false,true,false,false,,,,,,false,false,false,,,false,false,false,false,false,-83.23073,42.37811,"{
  ""coordinates"": [
    -8.323072493699991e+01,
    4.237811322800010e+01
  ],
  ""type"": ""Point""
}","{
  ""coordinates"": [
    -83.230724937,
    42.378113228
  ],
  ""type"": ""Point""
}",-83.2307249369999,42.3781132280001