ObjectId,Crash ID,Primary Road,Intersecting Road,Crash Date,Day,Month,Year,Hour,Weekday,Crash Type Code,Highway Classification Code,Community Code,Jurisdiction Code,Lane Departure Type Code,Surface Type,Road Condition,Weather Condition,Lighting Condition,Speed Limit,Lanes,Units,Occupants,Most Severe Injury,Fatal Injuries,Suspected Serious Injuries,Suspected Minor Injuries,Possible Injuries,Property Damage Only,Secondary Crash,Traffic Control,Red Light Run,Hit and Run,Alcohol,Drugs,Unbelted Person,Work Zone,Speeding Driver,Distracted Driver,Driveway,Pedestrian,Elderly Driver,Young Driver,Commercial Vehicle,Emergency Vehicles,Train,School Bus,Motorcycle,Bicycle,Deer,Longitude,Latitude,geom,geog,x,y
18699,1000310,SELDEN,COMMONWEALTH,2017-04-02,2,4,2017,19,1,2,9,,,2,,1,2,1,25,2,3,1,3,0,0,1,0,false,,false,false,false,false,false,,,,,,false,false,false,,,false,false,false,false,false,-83.07533,42.344,"{
  ""coordinates"": [
    -8.307532841100000e+01,
    4.234400212300010e+01
  ],
  ""type"": ""Point""
}","{
  ""coordinates"": [
    -83.075328411,
    42.344002123
  ],
  ""type"": ""Point""
}",-83.075328411,42.3440021230001
18700,1002168,I-94,SECOND,2017-04-02,2,4,2017,14,1,8,1,,1,0,,1,1,1,55,3,2,2,5,0,0,0,0,true,,false,false,false,false,false,,,,,,false,false,false,,,false,false,false,false,false,-83.07095,42.36243,"{
  ""coordinates"": [
    -8.307094253799990e+01,
    4.236243387200010e+01
  ],
  ""type"": ""Point""
}","{
  ""coordinates"": [
    -83.070942538,
    42.362433872
  ],
  ""type"": ""Point""
}",-83.0709425379999,42.3624338720001
18701,9999232,E/B I-94,LODGE,2017-04-02,2,4,2017,2,1,5,1,,1,0,,1,1,4,55,3,3,4,4,0,0,0,1,false,,false,false,false,false,false,,,,,,false,false,false,,,false,false,false,false,false,-83.07863,42.35743,"{
  ""coordinates"": [
    -8.307862599500000e+01,
    4.235743490600000e+01
  ],
  ""type"": ""Point""
}","{
  ""coordinates"": [
    -83.078625995,
    42.357434906
  ],
  ""type"": ""Point""
}",-83.078625995,42.357434906
18702,9992727,LINWOOD,ROCHESTER,2017-04-02,2,4,2017,21,1,5,9,,4,3,,1,1,4,0,4,2,0,5,0,0,0,0,true,,false,false,true,false,false,,,,,,false,false,false,,,false,false,false,false,false,-83.11141,42.37746,"{
  ""coordinates"": [
    -8.311141214000000e+01,
    4.237746190600010e+01
  ],
  ""type"": ""Point""
}","{
  ""coordinates"": [
    -83.11141214,
    42.377461906
  ],
  ""type"": ""Point""
}",-83.11141214,42.3774619060001
18703,9997508,JOY,BRAILE,2017-04-02,2,4,2017,21,1,1,9,,2,0,,1,1,4,35,2,2,1,2,0,1,0,0,false,,false,false,true,false,false,,,,,,false,false,false,,,false,false,false,true,false,-83.243,42.35744,"{
  ""coordinates"": [
    -8.324299748500000e+01,
    4.235743651400000e+01
  ],
  ""type"": ""Point""
}","{
  ""coordinates"": [
    -83.242997485,
    42.357436514
  ],
  ""type"": ""Point""
}",-83.242997485,42.357436514
18704,1006339,E I 96,FULLERTON,2017-04-02,2,4,2017,7,1,97,1,,1,0,,1,1,1,70,4,2,8,3,0,0,1,3,false,,false,false,false,false,false,,,,,,false,false,true,,,false,false,false,false,false,-83.18914,42.38013,"{
  ""coordinates"": [
    -8.318913665199990e+01,
    4.238012775900010e+01
  ],
  ""type"": ""Point""
}","{
  ""coordinates"": [
    -83.189136652,
    42.380127759
  ],
  ""type"": ""Point""
}",-83.1891366519999,42.3801277590001
18705,1001303,ROSLYN,PEMBROKE,2017-04-02,2,4,2017,15,1,4,9,,,0,,1,1,1,15,1,2,1,5,0,0,0,0,true,,false,false,false,false,false,,,,,,false,false,true,,,false,false,false,false,false,-83.13825,42.43889,"{
  ""coordinates"": [
    -8.313825552299990e+01,
    4.243889080700010e+01
  ],
  ""type"": ""Point""
}","{
  ""coordinates"": [
    -83.138255523,
    42.438890807
  ],
  ""type"": ""Point""
}",-83.1382555229999,42.4388908070001
18706,9991972,DAVISON SERVICE,WYOMING,2017-04-02,2,4,2017,2,1,1,9,,4,0,,1,1,1,35,2,1,1,5,0,0,0,0,true,,false,false,false,false,false,,,,,,false,false,false,,,false,false,false,false,false,-83.15887,42.38591,"{
  ""coordinates"": [
    -8.315887114500001e+01,
    4.238591159400000e+01
  ],
  ""type"": ""Point""
}","{
  ""coordinates"": [
    -83.158871145,
    42.385911594
  ],
  ""type"": ""Point""
}",-83.158871145,42.385911594
18707,9997527,RYAN,NEVADA,2017-04-02,2,4,2017,22,1,4,9,,4,0,,2,4,4,30,4,2,1,3,0,0,1,0,false,,false,false,true,false,false,,,,,,false,false,false,,,false,false,false,false,false,-83.0627,42.42591,"{
  ""coordinates"": [
    -8.306270176399990e+01,
    4.242590819300010e+01
  ],
  ""type"": ""Point""
}","{
  ""coordinates"": [
    -83.062701764,
    42.425908193
  ],
  ""type"": ""Point""
}",-83.0627017639999,42.4259081930001
18708,9997504,VERNOR,STAIR,2017-04-02,2,4,2017,2,1,5,9,,4,0,,1,1,4,25,2,2,3,4,0,0,0,3,false,,false,false,true,false,false,,,,,,false,false,false,,,false,false,false,false,false,-83.12186,42.31365,"{
  ""coordinates"": [
    -8.312186513800000e+01,
    4.231364974900000e+01
  ],
  ""type"": ""Point""
}","{
  ""coordinates"": [
    -83.121865138,
    42.313649749
  ],
  ""type"": ""Point""
}",-83.121865138,42.313649749
18709,1006357,M-39,PLYMOUTH,2017-04-02,2,4,2017,14,1,5,3,,1,0,,1,2,1,55,3,2,1,5,0,0,0,0,true,,false,false,true,false,false,,,,,,false,false,false,,,false,false,false,false,false,-83.21664,42.37364,"{
  ""coordinates"": [
    -8.321663839500000e+01,
    4.237363838900010e+01
  ],
  ""type"": ""Point""
}","{
  ""coordinates"": [
    -83.216638395,
    42.373638389
  ],
  ""type"": ""Point""
}",-83.216638395,42.3736383890001
18710,1001244,CHIGAGO,LONGACRE,2017-04-02,2,4,2017,21,1,1,9,,4,0,,1,1,4,30,2,2,0,3,0,0,1,0,false,,false,false,true,true,false,,,,,,true,false,false,,,false,false,false,false,false,-83.21397,42.3651,"{
  ""coordinates"": [
    -8.321397160100000e+01,
    4.236510646000000e+01
  ],
  ""type"": ""Point""
}","{
  ""coordinates"": [
    -83.213971601,
    42.36510646
  ],
  ""type"": ""Point""
}",-83.213971601,42.36510646
18711,9997538,OUTER,PREST,2017-04-02,2,4,2017,22,1,4,9,,2,0,,1,1,4,35,4,2,6,5,0,0,0,0,true,,false,false,false,false,false,,,,,,false,false,true,,,false,false,false,false,false,-83.1983,42.41972,"{
  ""coordinates"": [
    -8.319830381500000e+01,
    4.241972124900010e+01
  ],
  ""type"": ""Point""
}","{
  ""coordinates"": [
    -83.198303815,
    42.419721249
  ],
  ""type"": ""Point""
}",-83.198303815,42.4197212490001
18712,1000256,WARING,GLEASON,2017-04-02,2,4,2017,13,1,8,9,,,0,,1,1,1,25,2,2,1,5,0,0,0,0,true,,false,false,true,false,false,,,,,,false,false,false,,,false,false,false,false,false,-83.16549,42.26534,"{
  ""coordinates"": [
    -8.316548603200000e+01,
    4.226533370400010e+01
  ],
  ""type"": ""Point""
}","{
  ""coordinates"": [
    -83.165486032,
    42.265333704
  ],
  ""type"": ""Point""
}",-83.165486032,42.2653337040001
18713,9991990,WISNER,CASTLE,2017-04-02,2,4,2017,0,1,4,9,,,0,,1,1,4,25,2,2,2,4,0,0,0,2,false,,false,false,true,false,false,,,,,,false,false,false,,,false,false,false,false,false,-83.02124,42.41193,"{
  ""coordinates"": [
    -8.302124223700000e+01,
    4.241193446200000e+01
  ],
  ""type"": ""Point""
}","{
  ""coordinates"": [
    -83.021242237,
    42.411934462
  ],
  ""type"": ""Point""
}",-83.021242237,42.411934462
18714,1007290,MT ELLIOT,VERNOR,2017-04-02,2,4,2017,5,1,5,9,,4,0,,1,1,4,35,4,2,2,5,0,0,0,0,true,,false,false,false,false,false,,,,,,false,false,false,,,false,false,false,false,false,-83.01747,42.35503,"{
  ""coordinates"": [
    -8.301746894699990e+01,
    4.235503280000010e+01
  ],
  ""type"": ""Point""
}","{
  ""coordinates"": [
    -83.017468947,
    42.3550328
  ],
  ""type"": ""Point""
}",-83.0174689469999,42.3550328000001
18715,1042249,N M 39 SERVICE DRIVE,WARREN,2017-04-02,2,4,2017,9,1,97,9,,4,0,,1,1,4,35,1,2,1,5,0,0,0,0,true,,false,false,true,false,false,,,,,,false,false,false,,,false,false,false,false,false,-83.21571,42.34338,"{
  ""coordinates"": [
    -8.321571102199989e+01,
    4.234338318500010e+01
  ],
  ""type"": ""Point""
}","{
  ""coordinates"": [
    -83.215711022,
    42.343383185
  ],
  ""type"": ""Point""
}",-83.2157110219999,42.3433831850001
18716,1006422,CONCORD,VERNOR,2017-04-02,2,4,2017,4,1,9,9,,,2,,1,1,4,25,2,4,0,5,0,0,0,0,true,,false,false,true,false,false,,,,,,false,false,false,,,false,false,false,false,false,-83.0122,42.35681,"{
  ""coordinates"": [
    -8.301219950200000e+01,
    4.235681177200010e+01
  ],
  ""type"": ""Point""
}","{
  ""coordinates"": [
    -83.012199502,
    42.356811772
  ],
  ""type"": ""Point""
}",-83.012199502,42.3568117720001
18717,9999275,CONANT,7 MILE,2017-04-02,2,4,2017,22,1,5,9,,4,0,,1,1,4,35,2,2,1,5,0,0,0,0,true,,false,false,false,false,false,,,,,,false,false,false,,,false,false,false,false,false,-83.07367,42.43294,"{
  ""coordinates"": [
    -8.307366790200000e+01,
    4.243293610200000e+01
  ],
  ""type"": ""Point""
}","{
  ""coordinates"": [
    -83.073667902,
    42.432936102
  ],
  ""type"": ""Point""
}",-83.073667902,42.432936102
18718,9999277,SEVEN MILE,GREENFIELD,2017-04-02,2,4,2017,20,1,5,9,,2,0,,1,1,4,35,6,2,1,5,0,0,0,0,true,,false,false,true,false,false,,,,,,false,false,false,,,false,false,false,false,false,-83.19977,42.43043,"{
  ""coordinates"": [
    -8.319977187599990e+01,
    4.243043087800000e+01
  ],
  ""type"": ""Point""
}","{
  ""coordinates"": [
    -83.199771876,
    42.430430878
  ],
  ""type"": ""Point""
}",-83.1997718759999,42.430430878
18719,9999241,E I 96,TIREMAN,2017-04-02,2,4,2017,19,1,5,1,,1,0,,1,2,1,70,4,2,2,5,0,0,0,0,true,,false,false,false,false,false,,,,,,false,false,false,,,false,false,true,false,false,-83.11054,42.35574,"{
  ""coordinates"": [
    -8.311054172000000e+01,
    4.235573427000000e+01
  ],
  ""type"": ""Point""
}","{
  ""coordinates"": [
    -83.11054172,
    42.35573427
  ],
  ""type"": ""Point""
}",-83.11054172,42.35573427
18720,1000253,CONGRESS,RANDOLPH,2017-04-02,2,4,2017,1,1,10,3,,4,0,,1,1,4,25,3,2,4,5,0,0,0,0,true,,false,false,true,false,false,,,,,,false,false,false,,,false,false,false,false,false,-83.0427,42.33154,"{
  ""coordinates"": [
    -8.304270494500000e+01,
    4.233154249600010e+01
  ],
  ""type"": ""Point""
}","{
  ""coordinates"": [
    -83.042704945,
    42.331542496
  ],
  ""type"": ""Point""
}",-83.042704945,42.3315424960001
18721,1095842,PALLISTER,M 10 SERVICE,2017-04-02,2,4,2017,4,1,2,9,,4,0,,1,1,4,35,4,2,2,5,0,0,0,0,true,,false,false,true,false,false,,,,,,false,false,false,,,false,false,false,false,false,-83.0836,42.37031,"{
  ""coordinates"": [
    -8.308360669299999e+01,
    4.237030754700000e+01
  ],
  ""type"": ""Point""
}","{
  ""coordinates"": [
    -83.083606693,
    42.370307547
  ],
  ""type"": ""Point""
}",-83.083606693,42.370307547
18722,1014121,S I 75 SERVICE DRIVE,SPRINGWELLS,2017-04-02,2,4,2017,5,1,1,9,,4,1,,1,1,2,40,2,1,3,5,0,0,0,0,true,,false,false,false,false,false,,,,,,false,false,false,,,false,false,false,false,false,-83.11947,42.30195,"{
  ""coordinates"": [
    -8.311946491099999e+01,
    4.230194928600010e+01
  ],
  ""type"": ""Point""
}","{
  ""coordinates"": [
    -83.119464911,
    42.301949286
  ],
  ""type"": ""Point""
}",-83.119464911,42.3019492860001
18723,9992704,PLYMOUTH,SCHAEFER,2017-04-02,2,4,2017,18,1,8,9,,4,0,,1,1,1,30,1,2,2,5,0,0,0,0,true,,false,false,false,false,false,,,,,,false,false,false,,,false,false,false,false,false,-83.17781,42.37305,"{
  ""coordinates"": [
    -8.317781118200000e+01,
    4.237304725900000e+01
  ],
  ""type"": ""Point""
}","{
  ""coordinates"": [
    -83.177811182,
    42.373047259
  ],
  ""type"": ""Point""
}",-83.177811182,42.373047259
18724,9998347,CENTRAL,LAFAYETTE,2017-04-02,2,4,2017,18,1,5,9,,4,0,,1,1,1,25,2,2,1,5,0,0,0,0,true,,false,false,false,false,false,,,,,,false,false,false,,,false,false,false,false,false,-83.11844,42.30386,"{
  ""coordinates"": [
    -8.311843901799990e+01,
    4.230386346400010e+01
  ],
  ""type"": ""Point""
}","{
  ""coordinates"": [
    -83.118439018,
    42.303863464
  ],
  ""type"": ""Point""
}",-83.1184390179999,42.3038634640001
18725,1006342,I-75,DAVISON,2017-04-02,2,4,2017,16,1,8,1,,1,0,,1,1,1,70,4,2,3,2,0,1,0,0,false,,false,false,false,false,false,,,,,,false,false,false,,,false,false,true,false,false,-83.08032,42.40997,"{
  ""coordinates"": [
    -8.308031911099989e+01,
    4.240996588500010e+01
  ],
  ""type"": ""Point""
}","{
  ""coordinates"": [
    -83.080319111,
    42.409965885
  ],
  ""type"": ""Point""
}",-83.0803191109999,42.4099658850001
18726,1006341,I-96,OUTER,2017-04-02,2,4,2017,14,1,1,1,,1,0,,1,1,1,55,2,1,1,4,0,0,0,1,false,,false,false,false,false,false,,,,,,false,false,true,,,false,false,false,false,false,-83.25813,42.38567,"{
  ""coordinates"": [
    -8.325813409200001e+01,
    4.238567029100010e+01
  ],
  ""type"": ""Point""
}","{
  ""coordinates"": [
    -83.258134092,
    42.385670291
  ],
  ""type"": ""Point""
}",-83.258134092,42.3856702910001
18727,9998373,CARLISLE,REX,2017-04-02,2,4,2017,22,1,8,9,,,0,,1,1,4,20,2,2,1,5,0,0,0,0,true,,false,false,true,false,false,,,,,,false,false,false,,,false,false,false,false,false,-82.95847,42.44913,"{
  ""coordinates"": [
    -8.295846446900001e+01,
    4.244913546300010e+01
  ],
  ""type"": ""Point""
}","{
  ""coordinates"": [
    -82.958464469,
    42.449135463
  ],
  ""type"": ""Point""
}",-82.958464469,42.4491354630001
18728,9997537,WYOMINGAVE,CHIPPEWA,2017-04-02,2,4,2017,6,1,1,9,,4,1,,1,1,4,35,2,1,4,3,0,0,3,0,false,,false,false,false,false,false,,,,,,false,false,true,,,false,false,false,false,false,-83.16132,42.44114,"{
  ""coordinates"": [
    -8.316131878100001e+01,
    4.244113852800010e+01
  ],
  ""type"": ""Point""
}","{
  ""coordinates"": [
    -83.161318781,
    42.441138528
  ],
  ""type"": ""Point""
}",-83.161318781,42.4411385280001
18729,1023354,SOMERSET,MORANG,2017-04-02,2,4,2017,18,1,10,9,,,0,,1,1,1,35,2,2,0,5,0,0,0,0,true,,false,false,true,false,false,,,,,,false,false,false,,,false,false,false,false,false,-82.94351,42.42393,"{
  ""coordinates"": [
    -8.294350967199991e+01,
    4.242393187800010e+01
  ],
  ""type"": ""Point""
}","{
  ""coordinates"": [
    -82.943509672,
    42.423931878
  ],
  ""type"": ""Point""
}",-82.9435096719999,42.4239318780001
18730,9998372,LINWOOD,TUXEDO,2017-04-02,2,4,2017,22,1,98,9,,4,0,,5,1,4,20,2,2,0,5,0,0,0,0,true,,false,false,true,false,false,,,,,,false,false,false,,,false,false,false,false,false,-83.1155,42.38349,"{
  ""coordinates"": [
    -8.311550239699990e+01,
    4.238349092500000e+01
  ],
  ""type"": ""Point""
}","{
  ""coordinates"": [
    -83.115502397,
    42.383490925
  ],
  ""type"": ""Point""
}",-83.1155023969999,42.383490925
18731,1062402,E I 96,RAMP 139B,2017-04-02,2,4,2017,7,1,8,1,,1,0,,1,1,1,70,4,7,7,1,1,2,3,3,false,,false,false,false,false,true,,,,,,true,false,true,,,false,false,false,false,false,-83.14708,42.38126,"{
  ""coordinates"": [
    -8.314707945799999e+01,
    4.238126548500000e+01
  ],
  ""type"": ""Point""
}","{
  ""coordinates"": [
    -83.147079458,
    42.381265485
  ],
  ""type"": ""Point""
}",-83.147079458,42.381265485
18732,1015267,I 375 SERVICE,LARNED,2017-04-02,2,4,2017,7,1,97,1,,4,0,,1,1,1,25,1,2,1,5,0,0,0,0,true,,false,false,false,false,false,,,,,,false,false,false,,,false,false,false,false,false,-83.036,42.33374,"{
  ""coordinates"": [
    -8.303599656400000e+01,
    4.233374106600010e+01
  ],
  ""type"": ""Point""
}","{
  ""coordinates"": [
    -83.035996564,
    42.333741066
  ],
  ""type"": ""Point""
}",-83.035996564,42.3337410660001
18733,9998368,BRINGARD,REDMOND,2017-04-02,2,4,2017,17,1,4,9,,,0,,1,1,1,25,2,2,5,4,0,0,0,1,false,,true,false,false,false,false,,,,,,false,true,true,,,false,false,false,false,false,-82.95612,42.44649,"{
  ""coordinates"": [
    -8.295611485500000e+01,
    4.244648837600000e+01
  ],
  ""type"": ""Point""
}","{
  ""coordinates"": [
    -82.956114855,
    42.446488376
  ],
  ""type"": ""Point""
}",-82.956114855,42.446488376
18734,9999276,PURITAN,LITTLEFIELD,2017-04-02,2,4,2017,18,1,8,9,,4,0,,2,1,1,30,4,2,1,5,0,0,0,0,true,,false,false,true,false,false,,,,,,false,false,false,,,false,false,false,false,false,-83.17622,42.40942,"{
  ""coordinates"": [
    -8.317621625500000e+01,
    4.240942414900010e+01
  ],
  ""type"": ""Point""
}","{
  ""coordinates"": [
    -83.176216255,
    42.409424149
  ],
  ""type"": ""Point""
}",-83.176216255,42.4094241490001
18735,1000261,JEFFRIES,MICHIGAN,2017-04-02,2,4,2017,23,1,5,2,,,0,,1,1,4,55,3,2,1,5,0,0,0,0,true,,false,false,true,false,false,,,,,,false,false,true,,,false,false,false,false,false,-83.08756,42.3312,"{
  ""coordinates"": [
    -8.308755938400000e+01,
    4.233120085600010e+01
  ],
  ""type"": ""Point""
}","{
  ""coordinates"": [
    -83.087559384,
    42.331200856
  ],
  ""type"": ""Point""
}",-83.087559384,42.3312008560001
18736,9998385,GRAND RIVER,S M 10,2017-04-02,2,4,2017,18,1,3,3,,1,0,,1,1,1,35,6,2,2,4,0,0,0,1,false,,true,true,false,false,false,,,,,,false,false,true,,,false,false,false,false,false,-83.0665,42.33948,"{
  ""coordinates"": [
    -8.306649633099990e+01,
    4.233948163800010e+01
  ],
  ""type"": ""Point""
}","{
  ""coordinates"": [
    -83.066496331,
    42.339481638
  ],
  ""type"": ""Point""
}",-83.0664963309999,42.3394816380001
18737,9998363,GUNSTON,NASHVILLE,2017-04-02,2,4,2017,22,1,4,3,,1,0,,2,4,4,30,2,2,3,3,0,0,1,1,false,,true,false,false,false,false,,,,,,false,false,true,,,false,false,false,false,false,-83.00106,42.417,"{
  ""coordinates"": [
    -8.300106124599991e+01,
    4.241699829200010e+01
  ],
  ""type"": ""Point""
}","{
  ""coordinates"": [
    -83.001061246,
    42.416998292
  ],
  ""type"": ""Point""
}",-83.0010612459999,42.4169982920001
18738,1001304,N M 10,SCHAEFER,2017-04-02,2,4,2017,10,1,4,3,,1,0,,1,1,1,30,2,2,2,5,0,0,0,0,true,,false,false,true,false,false,,,,,,false,false,true,,,false,false,false,false,false,-83.18023,42.42507,"{
  ""coordinates"": [
    -8.318022648700000e+01,
    4.242507255300010e+01
  ],
  ""type"": ""Point""
}","{
  ""coordinates"": [
    -83.180226487,
    42.425072553
  ],
  ""type"": ""Point""
}",-83.180226487,42.4250725530001
18739,9999240,I-94,WOODWARD,2017-04-02,2,4,2017,2,1,1,1,,1,1,,1,2,4,55,3,1,3,4,0,0,0,1,false,,false,false,false,false,false,,,,,,false,false,true,,,false,false,false,false,false,-83.06942,42.3633,"{
  ""coordinates"": [
    -8.306941896700000e+01,
    4.236329537300000e+01
  ],
  ""type"": ""Point""
}","{
  ""coordinates"": [
    -83.069418967,
    42.363295373
  ],
  ""type"": ""Point""
}",-83.069418967,42.363295373
18740,9999305,RAMP 110A,GLENDALE,2017-04-02,2,4,2017,13,1,1,3,,1,1,,1,1,1,30,2,1,1,4,0,0,0,1,false,,false,false,false,false,false,,,,,,false,false,false,,,false,false,false,false,false,-83.10675,42.39483,"{
  ""coordinates"": [
    -8.310675080500000e+01,
    4.239483334000000e+01
  ],
  ""type"": ""Point""
}","{
  ""coordinates"": [
    -83.106750805,
    42.39483334
  ],
  ""type"": ""Point""
}",-83.106750805,42.39483334
18741,9999247,I-94,I-96,2017-04-02,2,4,2017,23,1,5,1,,1,0,,2,4,4,55,3,2,2,5,0,0,0,0,true,,false,false,false,false,false,,,,,,false,false,true,,,false,false,false,false,false,-83.09457,42.35167,"{
  ""coordinates"": [
    -8.309457740700000e+01,
    4.235167178100010e+01
  ],
  ""type"": ""Point""
}","{
  ""coordinates"": [
    -83.094577407,
    42.351671781
  ],
  ""type"": ""Point""
}",-83.094577407,42.3516717810001
18742,9997499,RANDOLPH,GRATIOT,2017-04-01,1,4,2017,0,7,1,3,,4,0,,2,2,4,25,2,2,2,2,0,2,0,0,false,,false,false,false,false,false,,,,,,true,false,false,,,false,false,false,false,false,-83.04517,42.33543,"{
  ""coordinates"": [
    -8.304516322400001e+01,
    4.233543013000010e+01
  ],
  ""type"": ""Point""
}","{
  ""coordinates"": [
    -83.045163224,
    42.33543013
  ],
  ""type"": ""Point""
}",-83.045163224,42.3354301300001
18743,9997506,CLARK,FORT,2017-04-01,1,4,2017,1,7,1,3,,4,1,,2,4,5,0,4,1,1,5,0,0,0,0,true,,false,false,false,false,false,,,,,,false,true,false,,,false,false,false,false,false,-83.08995,42.31208,"{
  ""coordinates"": [
    -8.308994960299999e+01,
    4.231208586900000e+01
  ],
  ""type"": ""Point""
}","{
  ""coordinates"": [
    -83.089949603,
    42.312085869
  ],
  ""type"": ""Point""
}",-83.089949603,42.312085869
18744,9991960,GRAND RIVER,GRANDVIEW,2017-04-01,1,4,2017,10,7,4,3,,1,0,,1,1,1,35,3,2,2,5,0,0,0,0,true,,false,false,false,false,false,,,,,,false,false,false,,,false,false,false,false,false,-83.28515,42.42772,"{
  ""coordinates"": [
    -8.328515030699999e+01,
    4.242772188800010e+01
  ],
  ""type"": ""Point""
}","{
  ""coordinates"": [
    -83.285150307,
    42.427721888
  ],
  ""type"": ""Point""
}",-83.285150307,42.4277218880001
18745,1009105,I-75,PIQUETTE,2017-04-01,1,4,2017,14,7,5,1,,1,0,,1,1,1,55,2,3,12,5,0,0,0,0,true,,false,false,false,false,false,,,,,,false,true,false,,,false,false,false,false,false,-83.05956,42.37207,"{
  ""coordinates"": [
    -8.305956153600000e+01,
    4.237207101700010e+01
  ],
  ""type"": ""Point""
}","{
  ""coordinates"": [
    -83.059561536,
    42.372071017
  ],
  ""type"": ""Point""
}",-83.059561536,42.3720710170001
18746,9992721,7 MILE,SOUTHFIELD SERVICE DRIVE,2017-04-01,1,4,2017,17,7,4,9,,2,0,,1,1,1,35,4,2,3,4,0,0,0,1,false,,false,false,true,false,false,,,,,,false,false,false,,,false,false,false,false,false,-83.21905,42.43003,"{
  ""coordinates"": [
    -8.321904865800001e+01,
    4.243003067500010e+01
  ],
  ""type"": ""Point""
}","{
  ""coordinates"": [
    -83.219048658,
    42.430030675
  ],
  ""type"": ""Point""
}",-83.219048658,42.4300306750001
18747,1008161,CHANDLER,LODEWYCK,2017-04-01,1,4,2017,23,7,4,9,,2,0,,1,1,4,30,2,2,1,5,0,0,0,0,true,,false,false,true,false,false,,,,,,false,false,false,,,false,false,false,false,false,-82.92359,42.41438,"{
  ""coordinates"": [
    -8.292358866799999e+01,
    4.241437948700010e+01
  ],
  ""type"": ""Point""
}","{
  ""coordinates"": [
    -82.923588668,
    42.414379487
  ],
  ""type"": ""Point""
}",-82.923588668,42.4143794870001
18748,9991985,LYNCH,FRENCH,2017-04-01,1,4,2017,12,7,97,9,,4,1,,1,1,1,25,2,1,2,5,0,0,0,0,true,,false,false,false,false,false,,,,,,false,false,true,,,false,false,false,false,false,-83.00841,42.40809,"{
  ""coordinates"": [
    -8.300840652700001e+01,
    4.240809284300010e+01
  ],
  ""type"": ""Point""
}","{
  ""coordinates"": [
    -83.008406527,
    42.408092843
  ],
  ""type"": ""Point""
}",-83.008406527,42.4080928430001
18749,9992707,WASHINGTON,STATE,2017-04-01,1,4,2017,17,7,98,9,,4,0,,1,1,1,25,2,2,1,5,0,0,0,0,true,,false,false,true,false,false,,,,,,false,false,false,,,false,false,false,false,false,-83.05119,42.3326,"{
  ""coordinates"": [
    -8.305119379999999e+01,
    4.233260169800010e+01
  ],
  ""type"": ""Point""
}","{
  ""coordinates"": [
    -83.0511938,
    42.332601698
  ],
  ""type"": ""Point""
}",-83.0511938,42.3326016980001
18750,9991959,PEMBROKE,SOUTHFIELD,2017-04-01,1,4,2017,3,7,4,9,,4,0,,1,1,4,35,8,2,2,5,0,0,0,0,true,,true,true,false,false,false,,,,,,false,false,false,,,false,false,false,false,false,-83.21954,42.43724,"{
  ""coordinates"": [
    -8.321953563100000e+01,
    4.243724294800010e+01
  ],
  ""type"": ""Point""
}","{
  ""coordinates"": [
    -83.219535631,
    42.437242948
  ],
  ""type"": ""Point""
}",-83.219535631,42.4372429480001
18751,9992729,VASSAR,LESURE,2017-04-01,1,4,2017,12,7,4,9,,4,0,,1,1,1,30,2,2,4,3,0,0,2,0,false,,false,false,false,false,false,,,,,,false,true,false,,,false,false,false,false,false,-83.18305,42.43468,"{
  ""coordinates"": [
    -8.318305497999999e+01,
    4.243468113100000e+01
  ],
  ""type"": ""Point""
}","{
  ""coordinates"": [
    -83.18305498,
    42.434681131
  ],
  ""type"": ""Point""
}",-83.18305498,42.434681131
18752,9991950,MCCLELLAN,CANFIED,2017-04-01,1,4,2017,15,7,3,9,,4,0,,1,1,1,30,3,2,2,4,0,0,0,1,false,,false,false,true,false,false,,,,,,false,false,false,,,false,false,false,false,false,-82.99776,42.37721,"{
  ""coordinates"": [
    -8.299776429600000e+01,
    4.237721305900000e+01
  ],
  ""type"": ""Point""
}","{
  ""coordinates"": [
    -82.997764296,
    42.377213059
  ],
  ""type"": ""Point""
}",-82.997764296,42.377213059
18753,1019528,SANTA BARBARA,CHIPPEWA,2017-04-01,1,4,2017,17,7,97,9,,,0,,1,1,1,25,1,2,1,5,0,0,0,0,true,,false,false,false,false,false,,,,,,false,false,false,,,false,false,false,false,false,-83.14918,42.44188,"{
  ""coordinates"": [
    -8.314917512300001e+01,
    4.244188398800000e+01
  ],
  ""type"": ""Point""
}","{
  ""coordinates"": [
    -83.149175123,
    42.441883988
  ],
  ""type"": ""Point""
}",-83.149175123,42.441883988
18754,9997490,HUBBELL,PLYMOUTH,2017-04-01,1,4,2017,18,7,4,9,,4,0,,1,1,4,35,4,2,5,5,0,0,0,0,true,,false,false,false,false,false,,,,,,false,false,true,,,false,false,false,false,false,-83.18774,42.37284,"{
  ""coordinates"": [
    -8.318774659800000e+01,
    4.237283942800010e+01
  ],
  ""type"": ""Point""
}","{
  ""coordinates"": [
    -83.187746598,
    42.372839428
  ],
  ""type"": ""Point""
}",-83.187746598,42.3728394280001
18755,9991906,LONYO,ARNOLD,2017-04-01,1,4,2017,16,7,5,9,,4,0,,1,1,1,30,2,2,2,5,0,0,0,0,true,,false,false,false,true,false,,,,,,false,false,true,,,false,false,false,false,false,-83.14306,42.32854,"{
  ""coordinates"": [
    -8.314305895299999e+01,
    4.232854611500010e+01
  ],
  ""type"": ""Point""
}","{
  ""coordinates"": [
    -83.143058953,
    42.328546115
  ],
  ""type"": ""Point""
}",-83.143058953,42.3285461150001