ObjectId,Crash ID,Primary Road,Intersecting Road,Crash Date,Day,Month,Year,Hour,Weekday,Crash Type Code,Highway Classification Code,Community Code,Jurisdiction Code,Lane Departure Type Code,Surface Type,Road Condition,Weather Condition,Lighting Condition,Speed Limit,Lanes,Units,Occupants,Most Severe Injury,Fatal Injuries,Suspected Serious Injuries,Suspected Minor Injuries,Possible Injuries,Property Damage Only,Secondary Crash,Traffic Control,Red Light Run,Hit and Run,Alcohol,Drugs,Unbelted Person,Work Zone,Speeding Driver,Distracted Driver,Driveway,Pedestrian,Elderly Driver,Young Driver,Commercial Vehicle,Emergency Vehicles,Train,School Bus,Motorcycle,Bicycle,Deer,Longitude,Latitude,geom,geog,x,y
18813,9992715,ALTER,WARREN,2017-03-31,31,3,2017,20,6,8,1,,1,0,,2,4,3,35,2,2,1,5,0,0,0,0,true,,false,false,true,false,false,,,,,,false,false,false,,,false,false,false,false,false,-83.05446,42.36074,"{
  ""coordinates"": [
    -8.305445838200001e+01,
    4.236073780100000e+01
  ],
  ""type"": ""Point""
}","{
  ""coordinates"": [
    -83.054458382,
    42.360737801
  ],
  ""type"": ""Point""
}",-83.054458382,42.360737801
18814,9997548,MCNICHOLS,SNOWDEN,2017-03-31,31,3,2017,16,6,4,9,,2,0,,1,1,1,35,2,2,3,4,0,0,0,2,false,,false,false,false,false,false,,,,,,false,false,false,,,false,false,false,false,false,-83.17764,42.4166,"{
  ""coordinates"": [
    -8.317763769999991e+01,
    4.241660159700010e+01
  ],
  ""type"": ""Point""
}","{
  ""coordinates"": [
    -83.1776377,
    42.416601597
  ],
  ""type"": ""Point""
}",-83.1776376999999,42.4166015970001
18815,1223930,SHEFFIELD,8 MILE,2017-03-31,31,3,2017,21,6,8,9,,,0,,2,1,4,25,2,2,0,5,0,0,0,0,true,,false,false,true,false,false,,,,,,false,false,false,,,false,false,false,false,false,-83.13921,42.44259,"{
  ""coordinates"": [
    -8.313920611200000e+01,
    4.244258928000000e+01
  ],
  ""type"": ""Point""
}","{
  ""coordinates"": [
    -83.139206112,
    42.44258928
  ],
  ""type"": ""Point""
}",-83.139206112,42.44258928
18816,1085406,WARREN,PARKER,2017-03-31,31,3,2017,16,6,8,9,,4,0,,2,2,1,35,5,2,2,5,0,0,0,0,true,,false,false,false,false,false,,,,,,false,true,false,,,false,false,false,false,false,-83.01159,42.37638,"{
  ""coordinates"": [
    -8.301159273099999e+01,
    4.237637522400010e+01
  ],
  ""type"": ""Point""
}","{
  ""coordinates"": [
    -83.011592731,
    42.376375224
  ],
  ""type"": ""Point""
}",-83.011592731,42.3763752240001
18817,1007574,RIDGE,PAINE,2017-03-31,31,3,2017,21,6,1,9,,,1,,2,4,5,45,2,1,1,4,0,0,0,1,false,,false,false,false,false,false,,,,,,false,false,false,,,false,false,false,false,false,-83.16768,42.43307,"{
  ""coordinates"": [
    -8.316768243300000e+01,
    4.243306950600000e+01
  ],
  ""type"": ""Point""
}","{
  ""coordinates"": [
    -83.167682433,
    42.433069506
  ],
  ""type"": ""Point""
}",-83.167682433,42.433069506
18818,1005358,W I 96,GRAND RIVER,2017-03-31,31,3,2017,3,6,1,1,,1,1,,2,2,4,70,4,1,1,4,0,0,0,1,false,,false,false,false,false,false,,,,,,false,false,true,,,false,false,false,false,false,-83.17607,42.38383,"{
  ""coordinates"": [
    -8.317606756399989e+01,
    4.238382702700010e+01
  ],
  ""type"": ""Point""
}","{
  ""coordinates"": [
    -83.176067564,
    42.383827027
  ],
  ""type"": ""Point""
}",-83.1760675639999,42.3838270270001
18819,9991896,2ND,HANCOCK,2017-03-31,31,3,2017,15,6,4,9,,5,0,,2,4,1,25,2,2,3,5,0,0,0,0,true,,false,false,false,false,false,,,,,,false,false,true,,,false,false,false,false,false,-83.06823,42.35411,"{
  ""coordinates"": [
    -8.306823075699999e+01,
    4.235411252500010e+01
  ],
  ""type"": ""Point""
}","{
  ""coordinates"": [
    -83.068230757,
    42.354112525
  ],
  ""type"": ""Point""
}",-83.068230757,42.3541125250001
18820,9991978,HOLMUR,CLAIRMOUNT,2017-03-31,31,3,2017,11,6,4,9,,,0,,2,2,1,25,2,2,2,5,0,0,0,0,true,,true,false,false,false,false,,,,,,false,false,true,,,false,false,false,false,false,-83.11934,42.36842,"{
  ""coordinates"": [
    -8.311933744600000e+01,
    4.236842374200010e+01
  ],
  ""type"": ""Point""
}","{
  ""coordinates"": [
    -83.119337446,
    42.368423742
  ],
  ""type"": ""Point""
}",-83.119337446,42.3684237420001
18821,9991946,VERNOR,PRINCE HALL,2017-03-31,31,3,2017,15,6,3,9,,4,0,,1,1,1,30,4,2,6,4,0,0,0,1,false,,false,false,false,false,false,,,,,,false,false,false,,,false,false,false,false,false,-83.02557,42.35193,"{
  ""coordinates"": [
    -8.302556708500001e+01,
    4.235193231400010e+01
  ],
  ""type"": ""Point""
}","{
  ""coordinates"": [
    -83.025567085,
    42.351932314
  ],
  ""type"": ""Point""
}",-83.025567085,42.3519323140001
18822,9991921,JOY,ROSEMONT,2017-03-31,31,3,2017,14,6,8,9,,2,0,,2,1,1,30,4,2,2,5,0,0,0,0,true,,false,false,true,false,false,,,,,,false,false,false,,,false,false,false,false,false,-83.21853,42.35782,"{
  ""coordinates"": [
    -8.321852863399990e+01,
    4.235782242700000e+01
  ],
  ""type"": ""Point""
}","{
  ""coordinates"": [
    -83.218528634,
    42.357822427
  ],
  ""type"": ""Point""
}",-83.2185286339999,42.357822427
18823,9991981,7 MILE,VAN DYKE,2017-03-31,31,3,2017,16,6,97,3,,4,0,,2,4,1,0,2,2,13,5,0,0,0,0,true,,false,false,false,false,false,,,,,,false,false,true,,,false,false,false,false,false,-83.02422,42.43398,"{
  ""coordinates"": [
    -8.302421301800000e+01,
    4.243397726700000e+01
  ],
  ""type"": ""Point""
}","{
  ""coordinates"": [
    -83.024213018,
    42.433977267
  ],
  ""type"": ""Point""
}",-83.024213018,42.433977267
18824,9990643,I-75,MICHIGAN,2017-03-31,31,3,2017,0,6,1,1,,1,1,,2,4,4,55,3,1,1,5,0,0,0,0,true,,false,false,false,false,false,,,,,,false,false,false,,,false,false,false,false,false,-83.08395,42.32474,"{
  ""coordinates"": [
    -8.308395075700000e+01,
    4.232474015500000e+01
  ],
  ""type"": ""Point""
}","{
  ""coordinates"": [
    -83.083950757,
    42.324740155
  ],
  ""type"": ""Point""
}",-83.083950757,42.324740155
18825,9999238,ASHTON,PAUL,2017-03-31,31,3,2017,17,6,4,9,,,0,,2,2,1,35,2,4,4,1,2,0,0,0,false,,false,false,false,false,true,,,,,,false,false,false,,,false,false,false,false,false,-83.21691,42.33612,"{
  ""coordinates"": [
    -8.321690933399999e+01,
    4.233612358900010e+01
  ],
  ""type"": ""Point""
}","{
  ""coordinates"": [
    -83.216909334,
    42.336123589
  ],
  ""type"": ""Point""
}",-83.216909334,42.3361235890001
18826,9997633,FORT,NORTHAMPTON,2017-03-31,31,3,2017,20,6,1,3,,1,0,,2,4,5,55,1,1,2,5,0,0,0,0,true,,false,false,false,false,false,,,,,,false,false,false,,,false,false,false,false,true,-83.15181,42.28074,"{
  ""coordinates"": [
    -8.315180648800001e+01,
    4.228074231600000e+01
  ],
  ""type"": ""Point""
}","{
  ""coordinates"": [
    -83.151806488,
    42.280742316
  ],
  ""type"": ""Point""
}",-83.151806488,42.280742316
18827,1000308,WOODWARD,CANFIELD,2017-03-31,31,3,2017,15,6,4,3,,1,0,,2,4,1,25,2,2,2,5,0,0,0,0,true,,true,true,false,false,false,,,,,,false,false,true,,,false,false,false,false,false,-83.06152,42.35279,"{
  ""coordinates"": [
    -8.306151783400000e+01,
    4.235278827600010e+01
  ],
  ""type"": ""Point""
}","{
  ""coordinates"": [
    -83.061517834,
    42.352788276
  ],
  ""type"": ""Point""
}",-83.061517834,42.3527882760001
18828,9991927,SCHAEFER,GRANDRIVER,2017-03-31,31,3,2017,17,6,8,3,,4,0,,1,1,1,35,2,2,3,3,0,0,1,0,false,,false,false,true,false,false,,,,,,false,false,false,,,false,false,false,false,false,-83.1784,42.38441,"{
  ""coordinates"": [
    -8.317840090999989e+01,
    4.238441466700000e+01
  ],
  ""type"": ""Point""
}","{
  ""coordinates"": [
    -83.17840091,
    42.384414667
  ],
  ""type"": ""Point""
}",-83.1784009099999,42.384414667
18829,9991920,PAUL,VAUGHAN,2017-03-31,31,3,2017,10,6,1,9,,4,0,,2,2,1,25,1,1,1,4,0,0,0,1,false,,false,false,false,false,false,,,,,,false,false,false,,,false,false,false,false,false,-83.2363,42.33579,"{
  ""coordinates"": [
    -8.323629615700000e+01,
    4.233579300600010e+01
  ],
  ""type"": ""Point""
}","{
  ""coordinates"": [
    -83.236296157,
    42.335793006
  ],
  ""type"": ""Point""
}",-83.236296157,42.3357930060001
18830,9991922,GREENFIELD,WESTFIELD,2017-03-31,31,3,2017,12,6,5,9,,2,0,,2,2,1,35,4,2,2,5,0,0,0,0,true,,false,false,true,false,false,,,,,,false,false,false,,,false,false,false,false,false,-83.19723,42.36355,"{
  ""coordinates"": [
    -8.319722752699990e+01,
    4.236355241200000e+01
  ],
  ""type"": ""Point""
}","{
  ""coordinates"": [
    -83.197227527,
    42.363552412
  ],
  ""type"": ""Point""
}",-83.1972275269999,42.363552412
18831,9991895,BEAUBIEN,MONROE,2017-03-31,31,3,2017,12,6,97,9,,4,0,,1,2,1,25,2,2,2,5,0,0,0,0,true,,false,false,false,false,false,,,,,,false,false,false,,,false,false,false,false,false,-83.04271,42.33512,"{
  ""coordinates"": [
    -8.304271015499999e+01,
    4.233511798500010e+01
  ],
  ""type"": ""Point""
}","{
  ""coordinates"": [
    -83.042710155,
    42.335117985
  ],
  ""type"": ""Point""
}",-83.042710155,42.3351179850001
18832,1123500,WINTHROP,DIVERSY,2017-03-31,31,3,2017,21,6,10,9,,,0,,1,1,4,25,2,2,0,5,0,0,0,0,true,,false,false,true,false,false,,,,,,false,false,false,,,false,false,false,false,false,-83.19769,42.34821,"{
  ""coordinates"": [
    -8.319769031500000e+01,
    4.234820646500000e+01
  ],
  ""type"": ""Point""
}","{
  ""coordinates"": [
    -83.197690315,
    42.348206465
  ],
  ""type"": ""Point""
}",-83.197690315,42.348206465
18833,9991929,8 MILE,EVERGREEN,2017-03-31,31,3,2017,18,6,8,3,,1,0,,1,1,1,45,2,2,2,5,0,0,0,0,true,,false,false,false,false,false,,,,,,false,false,true,,,false,false,false,false,false,-83.23968,42.44376,"{
  ""coordinates"": [
    -8.323967745100001e+01,
    4.244375439600000e+01
  ],
  ""type"": ""Point""
}","{
  ""coordinates"": [
    -83.239677451,
    42.443754396
  ],
  ""type"": ""Point""
}",-83.239677451,42.443754396
18834,1005389,I-94,M-10,2017-03-31,31,3,2017,15,6,5,1,,1,0,,2,4,1,55,3,2,2,5,0,0,0,0,true,,false,false,false,false,false,,,,,,false,false,false,,,false,false,false,false,false,-83.078,42.35783,"{
  ""coordinates"": [
    -8.307800152599999e+01,
    4.235782929600000e+01
  ],
  ""type"": ""Point""
}","{
  ""coordinates"": [
    -83.078001526,
    42.357829296
  ],
  ""type"": ""Point""
}",-83.078001526,42.357829296
18835,1005349,I-94,TRUMBULL,2017-03-31,31,3,2017,4,6,2,1,,1,2,,1,1,4,55,3,2,2,5,0,0,0,0,true,,false,false,true,true,false,,,,,,false,false,false,,,false,false,false,false,false,-83.08986,42.35302,"{
  ""coordinates"": [
    -8.308985600299999e+01,
    4.235302188100010e+01
  ],
  ""type"": ""Point""
}","{
  ""coordinates"": [
    -83.089856003,
    42.353021881
  ],
  ""type"": ""Point""
}",-83.089856003,42.3530218810001
18836,9999280,GRATIOT,MCCLELLAN,2017-03-31,31,3,2017,13,6,4,3,,1,0,,2,2,1,35,7,2,2,3,0,0,1,0,false,,false,false,false,false,false,,,,,,false,false,true,,,false,false,false,false,false,-83.00729,42.39001,"{
  ""coordinates"": [
    -8.300729592499989e+01,
    4.239000832800010e+01
  ],
  ""type"": ""Point""
}","{
  ""coordinates"": [
    -83.007295925,
    42.390008328
  ],
  ""type"": ""Point""
}",-83.0072959249999,42.3900083280001
18837,1001224,WESTEND,JEFFERSON,2017-03-31,31,3,2017,6,6,98,9,,4,0,,2,4,4,25,2,2,2,5,0,0,0,0,true,,false,false,false,false,false,,,,,,false,false,false,,,false,false,false,false,false,-83.11346,42.29238,"{
  ""coordinates"": [
    -8.311345684299990e+01,
    4.229237743900010e+01
  ],
  ""type"": ""Point""
}","{
  ""coordinates"": [
    -83.113456843,
    42.292377439
  ],
  ""type"": ""Point""
}",-83.1134568429999,42.2923774390001
18838,9991930,N M 39 SERVICE DRIVE,JOY,2017-03-31,31,3,2017,11,6,3,9,,4,0,,2,2,1,35,1,2,2,5,0,0,0,0,true,,false,false,true,false,false,,,,,,false,false,false,,,false,false,false,false,false,-83.21606,42.35785,"{
  ""coordinates"": [
    -8.321606780899999e+01,
    4.235784799300010e+01
  ],
  ""type"": ""Point""
}","{
  ""coordinates"": [
    -83.216067809,
    42.357847993
  ],
  ""type"": ""Point""
}",-83.216067809,42.3578479930001
18839,1003151,8 MILE,WEXFORD,2017-03-31,31,3,2017,17,6,8,3,,1,0,,1,2,1,35,4,2,2,5,0,0,0,0,true,,false,false,false,false,false,,,,,,false,true,true,,,false,false,false,false,false,-83.06538,42.44725,"{
  ""coordinates"": [
    -8.306538303500000e+01,
    4.244724773000010e+01
  ],
  ""type"": ""Point""
}","{
  ""coordinates"": [
    -83.065383035,
    42.44724773
  ],
  ""type"": ""Point""
}",-83.065383035,42.4472477300001
18840,9991913,JEFFERSON,DICKERSON,2017-03-31,31,3,2017,13,6,5,9,,4,0,,2,4,1,35,2,2,1,5,0,0,0,0,true,,false,false,false,false,false,,,,,,false,false,false,,,false,false,false,false,false,-82.95371,42.37052,"{
  ""coordinates"": [
    -8.295371269799990e+01,
    4.237051637900000e+01
  ],
  ""type"": ""Point""
}","{
  ""coordinates"": [
    -82.953712698,
    42.370516379
  ],
  ""type"": ""Point""
}",-82.9537126979999,42.370516379
18841,9991980,DAVISON,WILDEMERE,2017-03-31,31,3,2017,14,6,5,3,,1,0,,1,2,1,35,6,2,3,5,0,0,0,0,true,,false,false,false,false,false,,,,,,false,false,false,,,false,false,false,false,false,-83.12769,42.39093,"{
  ""coordinates"": [
    -8.312768280200000e+01,
    4.239092768500010e+01
  ],
  ""type"": ""Point""
}","{
  ""coordinates"": [
    -83.127682802,
    42.390927685
  ],
  ""type"": ""Point""
}",-83.127682802,42.3909276850001
18842,9991970,WYOMING,MACKENZIE,2017-03-31,31,3,2017,17,6,4,9,,4,0,,2,2,1,35,2,2,2,5,0,0,0,0,true,,false,false,false,false,false,,,,,,false,false,true,,,false,false,false,false,false,-83.15779,42.35652,"{
  ""coordinates"": [
    -8.315779174300000e+01,
    4.235651714400010e+01
  ],
  ""type"": ""Point""
}","{
  ""coordinates"": [
    -83.157791743,
    42.356517144
  ],
  ""type"": ""Point""
}",-83.157791743,42.3565171440001
18843,9998334,N I 75,RAMP 216B,2017-03-31,31,3,2017,16,6,5,1,,1,0,,2,2,1,55,4,2,1,5,0,0,0,0,true,,false,false,true,false,false,,,,,,false,false,false,,,false,false,false,false,false,-83.05738,42.36737,"{
  ""coordinates"": [
    -8.305737929999999e+01,
    4.236737572100000e+01
  ],
  ""type"": ""Point""
}","{
  ""coordinates"": [
    -83.0573793,
    42.367375721
  ],
  ""type"": ""Point""
}",-83.0573793,42.367375721
18844,9991982,8-MILE,I 75 SR,2017-03-31,31,3,2017,15,6,6,3,,1,0,,2,4,1,45,3,2,2,5,0,0,0,0,true,,false,false,false,false,false,,,,,,false,false,true,,,false,false,false,false,false,-83.09492,42.4468,"{
  ""coordinates"": [
    -8.309492337899999e+01,
    4.244680543900010e+01
  ],
  ""type"": ""Point""
}","{
  ""coordinates"": [
    -83.094923379,
    42.446805439
  ],
  ""type"": ""Point""
}",-83.094923379,42.4468054390001
18845,1005337,RAMP 008K,BORMAN,2017-03-31,31,3,2017,8,6,5,1,,1,0,,2,2,2,55,2,2,2,5,0,0,0,0,true,,false,false,false,false,false,,,,,,false,false,false,,,false,false,false,false,false,-83.21805,42.37806,"{
  ""coordinates"": [
    -8.321804981900000e+01,
    4.237805617300010e+01
  ],
  ""type"": ""Point""
}","{
  ""coordinates"": [
    -83.218049819,
    42.378056173
  ],
  ""type"": ""Point""
}",-83.218049819,42.3780561730001
18846,9992726,GRATIOT,MT ELLIOTT,2017-03-31,31,3,2017,17,6,5,3,,1,0,,1,1,1,0,8,2,5,5,0,0,0,0,true,,false,false,true,false,false,,,,,,false,false,false,,,false,false,false,false,false,-83.02394,42.36487,"{
  ""coordinates"": [
    -8.302394043100000e+01,
    4.236486862300010e+01
  ],
  ""type"": ""Point""
}","{
  ""coordinates"": [
    -83.023940431,
    42.364868623
  ],
  ""type"": ""Point""
}",-83.023940431,42.3648686230001
18847,9991900,FORT,ROSA PARKS,2017-03-31,31,3,2017,8,6,8,3,,1,0,,1,2,1,35,4,2,1,5,0,0,0,0,true,,false,false,true,false,false,,,,,,false,false,false,,,false,false,false,false,true,-83.06637,42.32256,"{
  ""coordinates"": [
    -8.306636589599999e+01,
    4.232256356300010e+01
  ],
  ""type"": ""Point""
}","{
  ""coordinates"": [
    -83.066365896,
    42.322563563
  ],
  ""type"": ""Point""
}",-83.066365896,42.3225635630001
18848,9997414,I-96,GREENFIELD,2017-03-31,31,3,2017,2,6,1,1,,1,1,,2,2,4,70,3,1,1,4,0,0,0,1,false,,false,false,true,false,false,,,,,,false,false,false,,,false,false,false,false,false,-83.18859,42.3805,"{
  ""coordinates"": [
    -8.318859171799990e+01,
    4.238049947100010e+01
  ],
  ""type"": ""Point""
}","{
  ""coordinates"": [
    -83.188591718,
    42.380499471
  ],
  ""type"": ""Point""
}",-83.1885917179999,42.3804994710001
18849,9991915,LOZIER,MARYLAND,2017-03-31,31,3,2017,20,6,1,9,,,1,,2,1,5,25,2,1,2,2,0,1,1,0,false,,false,false,false,false,false,,,,,,false,false,false,,,false,false,false,false,false,-82.94915,42.38987,"{
  ""coordinates"": [
    -8.294914873999990e+01,
    4.238986948600010e+01
  ],
  ""type"": ""Point""
}","{
  ""coordinates"": [
    -82.94914874,
    42.389869486
  ],
  ""type"": ""Point""
}",-82.9491487399999,42.3898694860001
18850,9991904,BOSTON,WOODWARD,2017-03-31,31,3,2017,17,6,4,3,,,0,,1,2,1,30,6,2,2,5,0,0,0,0,true,,false,false,true,false,false,,,,,,false,false,false,,,false,false,false,false,false,-83.0849,42.3876,"{
  ""coordinates"": [
    -8.308490286599989e+01,
    4.238759671800010e+01
  ],
  ""type"": ""Point""
}","{
  ""coordinates"": [
    -83.084902866,
    42.387596718
  ],
  ""type"": ""Point""
}",-83.0849028659999,42.3875967180001
18851,9992709,CALUMET,LODGE SERVICE,2017-03-31,31,3,2017,11,6,8,9,,,0,,1,2,1,25,2,2,2,5,0,0,0,0,true,,false,false,true,false,false,,,,,,false,false,false,,,false,false,false,false,false,-83.06968,42.34932,"{
  ""coordinates"": [
    -8.306967719799999e+01,
    4.234932377400000e+01
  ],
  ""type"": ""Point""
}","{
  ""coordinates"": [
    -83.069677198,
    42.349323774
  ],
  ""type"": ""Point""
}",-83.069677198,42.349323774
18852,9990666,MACK,N I 75,2017-03-31,31,3,2017,0,6,3,9,,4,0,,2,4,4,35,3,2,2,5,0,0,0,0,true,,true,true,false,false,false,,,,,,false,false,true,,,false,false,false,false,false,-83.04788,42.3512,"{
  ""coordinates"": [
    -8.304788424799990e+01,
    4.235119887200010e+01
  ],
  ""type"": ""Point""
}","{
  ""coordinates"": [
    -83.047884248,
    42.351198872
  ],
  ""type"": ""Point""
}",-83.0478842479999,42.3511988720001
18853,9991890,S I 75,SYNCPR CHANGE,2017-03-31,31,3,2017,7,6,5,1,,1,0,,2,2,1,70,2,2,3,5,0,0,0,0,true,,false,false,false,false,false,,,,,,false,false,false,,,false,false,false,false,false,-83.04713,42.3428,"{
  ""coordinates"": [
    -8.304713169000000e+01,
    4.234279606400000e+01
  ],
  ""type"": ""Point""
}","{
  ""coordinates"": [
    -83.04713169,
    42.342796064
  ],
  ""type"": ""Point""
}",-83.04713169,42.342796064
18854,9991992,MCNICHOLS,WYOMING,2017-03-31,31,3,2017,12,6,5,9,,4,0,,1,1,1,35,4,2,2,4,0,0,0,1,false,,false,false,false,false,false,,,,,,false,false,false,,,false,false,false,false,false,-83.16026,42.41694,"{
  ""coordinates"": [
    -8.316026090299989e+01,
    4.241693936700010e+01
  ],
  ""type"": ""Point""
}","{
  ""coordinates"": [
    -83.160260903,
    42.416939367
  ],
  ""type"": ""Point""
}",-83.1602609029999,42.4169393670001
18855,1136224,7 MILE,REX,2017-03-31,31,3,2017,12,6,5,9,,2,0,,2,2,1,35,5,3,7,3,0,0,1,0,false,,false,false,false,false,false,,,,,,false,false,false,,,false,false,false,false,false,-82.95831,42.4356,"{
  ""coordinates"": [
    -8.295830739600000e+01,
    4.243559828800010e+01
  ],
  ""type"": ""Point""
}","{
  ""coordinates"": [
    -82.958307396,
    42.435598288
  ],
  ""type"": ""Point""
}",-82.958307396,42.4355982880001
18856,9991926,EVERGREEN,WARREN,2017-03-31,31,3,2017,10,6,1,9,,4,1,,2,1,1,35,4,1,1,5,0,0,0,0,true,,false,false,false,false,false,,,,,,false,false,false,,,false,false,false,false,false,-83.23538,42.34307,"{
  ""coordinates"": [
    -8.323538072799990e+01,
    4.234307444800000e+01
  ],
  ""type"": ""Point""
}","{
  ""coordinates"": [
    -83.235380728,
    42.343074448
  ],
  ""type"": ""Point""
}",-83.2353807279999,42.343074448
18857,9991892,PILGRIM,CRUSE,2017-03-31,31,3,2017,19,6,4,9,,,0,,2,1,1,25,2,2,2,2,0,1,0,0,false,,false,false,false,false,false,,,,,,false,false,false,,,false,false,false,false,false,-83.18384,42.40741,"{
  ""coordinates"": [
    -8.318383914299990e+01,
    4.240740818900010e+01
  ],
  ""type"": ""Point""
}","{
  ""coordinates"": [
    -83.183839143,
    42.407408189
  ],
  ""type"": ""Point""
}",-83.1838391429999,42.4074081890001
18858,9991958,EVERGREEN,7 MILE,2017-03-31,31,3,2017,22,6,5,9,,4,0,,1,1,4,35,5,2,4,4,0,0,0,1,false,,false,false,true,false,false,,,,,,false,false,false,,,false,false,false,false,false,-83.23886,42.42958,"{
  ""coordinates"": [
    -8.323886203300000e+01,
    4.242957852200000e+01
  ],
  ""type"": ""Point""
}","{
  ""coordinates"": [
    -83.238862033,
    42.429578522
  ],
  ""type"": ""Point""
}",-83.238862033,42.429578522
18859,1005388,I-75,DEARBORN,2017-03-31,31,3,2017,8,6,8,1,,1,0,,1,2,1,70,3,2,2,5,0,0,0,0,true,,false,false,false,false,false,,,,,,false,false,true,,,false,false,false,false,false,-83.12875,42.29174,"{
  ""coordinates"": [
    -8.312875699999999e+01,
    4.229174278200000e+01
  ],
  ""type"": ""Point""
}","{
  ""coordinates"": [
    -83.128757,
    42.291742782
  ],
  ""type"": ""Point""
}",-83.128757,42.291742782
18860,9991979,LAWTON,CLEMENTS,2017-03-31,31,3,2017,11,6,4,9,,,0,,1,2,1,0,2,2,4,5,0,0,0,0,true,,false,false,false,false,false,,,,,,false,false,false,,,false,false,false,false,false,-83.1253,42.39285,"{
  ""coordinates"": [
    -8.312529659099989e+01,
    4.239284377700010e+01
  ],
  ""type"": ""Point""
}","{
  ""coordinates"": [
    -83.125296591,
    42.392843777
  ],
  ""type"": ""Point""
}",-83.1252965909999,42.3928437770001
18861,9997419,I-75,MACK,2017-03-31,31,3,2017,6,6,1,1,,1,1,,1,2,4,0,4,1,1,5,0,0,0,0,true,,false,false,false,false,false,,,,,,false,false,false,,,false,false,false,false,false,-83.04831,42.35143,"{
  ""coordinates"": [
    -8.304830706900000e+01,
    4.235142417200010e+01
  ],
  ""type"": ""Point""
}","{
  ""coordinates"": [
    -83.048307069,
    42.351424172
  ],
  ""type"": ""Point""
}",-83.048307069,42.3514241720001
18862,9991898,WATERMAN,VERNOR,2017-03-31,31,3,2017,14,6,4,9,,4,0,,2,4,1,25,2,2,4,5,0,0,0,0,true,,false,false,false,false,false,,,,,,false,false,false,,,false,false,false,false,false,-83.11644,42.31563,"{
  ""coordinates"": [
    -8.311643976700000e+01,
    4.231562786400010e+01
  ],
  ""type"": ""Point""
}","{
  ""coordinates"": [
    -83.116439767,
    42.315627864
  ],
  ""type"": ""Point""
}",-83.116439767,42.3156278640001
18863,9990667,LARNED,WASHINGTON,2017-03-31,31,3,2017,6,6,5,9,,4,0,,2,1,4,0,4,2,3,4,0,0,0,2,false,,false,false,false,false,false,,,,,,false,false,false,,,false,false,false,false,false,-83.04856,42.328,"{
  ""coordinates"": [
    -8.304856371699999e+01,
    4.232800467500000e+01
  ],
  ""type"": ""Point""
}","{
  ""coordinates"": [
    -83.048563717,
    42.328004675
  ],
  ""type"": ""Point""
}",-83.048563717,42.328004675
18864,1005357,I-96,I-75,2017-03-31,31,3,2017,0,6,1,1,,1,1,,2,2,4,55,4,1,1,5,0,0,0,0,true,,false,false,false,false,false,,,,,,false,false,false,,,false,false,false,false,false,-83.08456,42.32529,"{
  ""coordinates"": [
    -8.308456312200001e+01,
    4.232528909200000e+01
  ],
  ""type"": ""Point""
}","{
  ""coordinates"": [
    -83.084563122,
    42.325289092
  ],
  ""type"": ""Point""
}",-83.084563122,42.325289092
18865,9991965,OUTER,GRATIOT,2017-03-31,31,3,2017,17,6,5,3,,2,0,,1,1,1,35,3,2,2,5,0,0,0,0,true,,false,false,true,false,false,,,,,,false,true,false,,,false,false,false,false,false,-82.99619,42.40643,"{
  ""coordinates"": [
    -8.299619488099999e+01,
    4.240643408000010e+01
  ],
  ""type"": ""Point""
}","{
  ""coordinates"": [
    -82.996194881,
    42.40643408
  ],
  ""type"": ""Point""
}",-82.996194881,42.4064340800001
18866,9991974,LINWOOD,TYLER,2017-03-31,31,3,2017,15,6,4,9,,4,0,,1,2,1,30,4,2,5,4,0,0,0,5,false,,true,false,false,false,false,,,,,,false,false,true,,,false,false,false,false,false,-83.12106,42.3916,"{
  ""coordinates"": [
    -8.312106503699989e+01,
    4.239160149800010e+01
  ],
  ""type"": ""Point""
}","{
  ""coordinates"": [
    -83.121065037,
    42.391601498
  ],
  ""type"": ""Point""
}",-83.1210650369999,42.3916014980001
18867,1006338,N I 75,FERRY,2017-03-31,31,3,2017,15,6,5,1,,1,0,,2,4,1,55,4,2,2,5,0,0,0,0,true,,false,false,false,false,false,,,,,,false,false,false,,,false,false,false,false,false,-83.05641,42.36531,"{
  ""coordinates"": [
    -8.305641320800000e+01,
    4.236531227500010e+01
  ],
  ""type"": ""Point""
}","{
  ""coordinates"": [
    -83.056413208,
    42.365312275
  ],
  ""type"": ""Point""
}",-83.056413208,42.3653122750001
18868,9997491,HUBBELL,BELTON,2017-03-31,31,3,2017,9,6,6,9,,4,0,,2,2,1,25,2,2,2,5,0,0,0,0,true,,false,false,false,false,false,,,,,,false,false,true,,,false,false,false,false,false,-83.18703,42.35382,"{
  ""coordinates"": [
    -8.318703283000001e+01,
    4.235382296200000e+01
  ],
  ""type"": ""Point""
}","{
  ""coordinates"": [
    -83.18703283,
    42.353822962
  ],
  ""type"": ""Point""
}",-83.18703283,42.353822962
18869,1000296,HOLLYWOOD,S I 75 SERVICE DRIVE,2017-03-31,31,3,2017,22,6,5,9,,,0,,2,4,5,30,2,2,1,5,0,0,0,0,true,,false,false,true,false,false,,,,,,false,false,true,,,false,false,false,false,false,-83.09515,42.43089,"{
  ""coordinates"": [
    -8.309515314899990e+01,
    4.243089057100010e+01
  ],
  ""type"": ""Point""
}","{
  ""coordinates"": [
    -83.095153149,
    42.430890571
  ],
  ""type"": ""Point""
}",-83.0951531489999,42.4308905710001