ObjectId,Crash ID,Primary Road,Intersecting Road,Crash Date,Day,Month,Year,Hour,Weekday,Crash Type Code,Highway Classification Code,Community Code,Jurisdiction Code,Lane Departure Type Code,Surface Type,Road Condition,Weather Condition,Lighting Condition,Speed Limit,Lanes,Units,Occupants,Most Severe Injury,Fatal Injuries,Suspected Serious Injuries,Suspected Minor Injuries,Possible Injuries,Property Damage Only,Secondary Crash,Traffic Control,Red Light Run,Hit and Run,Alcohol,Drugs,Unbelted Person,Work Zone,Speeding Driver,Distracted Driver,Driveway,Pedestrian,Elderly Driver,Young Driver,Commercial Vehicle,Emergency Vehicles,Train,School Bus,Motorcycle,Bicycle,Deer,Longitude,Latitude,geom,geog,x,y
18870,9991941,LARNED,SAINT AUBIN,2017-03-31,31,3,2017,12,6,4,9,,4,0,,1,1,1,30,6,2,2,5,0,0,0,0,true,,true,true,false,false,false,,,,,,false,false,false,,,false,false,false,false,false,-83.02827,42.33675,"{
  ""coordinates"": [
    -8.302827249599990e+01,
    4.233674947800010e+01
  ],
  ""type"": ""Point""
}","{
  ""coordinates"": [
    -83.028272496,
    42.336749478
  ],
  ""type"": ""Point""
}",-83.0282724959999,42.3367494780001
18871,9998340,WYOMING,CHALFONTE,2017-03-31,31,3,2017,13,6,5,9,,4,0,,1,1,1,35,5,2,2,5,0,0,0,0,true,,false,false,false,false,false,,,,,,false,true,true,,,false,false,false,false,false,-83.15951,42.39886,"{
  ""coordinates"": [
    -8.315950496900000e+01,
    4.239886448300010e+01
  ],
  ""type"": ""Point""
}","{
  ""coordinates"": [
    -83.159504969,
    42.398864483
  ],
  ""type"": ""Point""
}",-83.159504969,42.3988644830001
18872,9997536,MEYERS,MCNICHOLS,2017-03-31,31,3,2017,14,6,8,9,,4,0,,2,2,1,30,4,2,2,5,0,0,0,0,true,,false,false,false,false,false,,,,,,false,false,false,,,false,false,false,false,false,-83.17014,42.41694,"{
  ""coordinates"": [
    -8.317013370799999e+01,
    4.241693808300000e+01
  ],
  ""type"": ""Point""
}","{
  ""coordinates"": [
    -83.170133708,
    42.416938083
  ],
  ""type"": ""Point""
}",-83.170133708,42.416938083
18873,9998350,WARREN,HEYDEN,2017-03-31,31,3,2017,17,6,5,9,,2,0,,1,1,1,35,4,2,2,5,0,0,0,0,true,,false,false,false,false,false,,,,,,false,false,false,,,false,false,false,false,false,-83.23784,42.34309,"{
  ""coordinates"": [
    -8.323784227100001e+01,
    4.234309208500010e+01
  ],
  ""type"": ""Point""
}","{
  ""coordinates"": [
    -83.237842271,
    42.343092085
  ],
  ""type"": ""Point""
}",-83.237842271,42.3430920850001
18874,1000240,SCHOOLCRAFT,GREENFIELD,2017-03-31,31,3,2017,22,6,8,9,,2,0,,2,1,5,30,2,2,4,5,0,0,0,0,true,,false,false,true,true,false,,,,,,false,false,false,,,false,false,false,false,false,-83.19813,42.38706,"{
  ""coordinates"": [
    -8.319812708099990e+01,
    4.238705993500000e+01
  ],
  ""type"": ""Point""
}","{
  ""coordinates"": [
    -83.198127081,
    42.387059935
  ],
  ""type"": ""Point""
}",-83.1981270809999,42.387059935
18875,9992710,CONGRESS,BATES,2017-03-31,31,3,2017,21,6,8,9,,4,3,,2,4,4,30,3,2,0,5,0,0,0,0,true,,false,false,true,false,false,,,,,,false,false,false,,,false,false,false,false,false,-83.04484,42.33062,"{
  ""coordinates"": [
    -8.304484164699990e+01,
    4.233062429000010e+01
  ],
  ""type"": ""Point""
}","{
  ""coordinates"": [
    -83.044841647,
    42.33062429
  ],
  ""type"": ""Point""
}",-83.0448416469999,42.3306242900001
18876,9991928,7 MILE,LAHSER,2017-03-31,31,3,2017,16,6,97,9,,2,0,,1,1,1,35,2,1,1,5,0,0,0,0,true,,false,false,false,false,false,,,,,,false,false,false,,,false,false,false,false,false,-83.25802,42.42913,"{
  ""coordinates"": [
    -8.325801696199990e+01,
    4.242912866400010e+01
  ],
  ""type"": ""Point""
}","{
  ""coordinates"": [
    -83.258016962,
    42.429128664
  ],
  ""type"": ""Point""
}",-83.2580169619999,42.4291286640001
18877,1006336,W M 8,DEQUINDRE,2017-03-31,31,3,2017,7,6,5,3,,1,0,,2,4,4,55,3,2,4,4,0,0,0,2,false,,false,false,false,false,false,,,,,,false,false,false,,,false,false,false,false,false,-83.07507,42.40999,"{
  ""coordinates"": [
    -8.307506294699991e+01,
    4.240999074700010e+01
  ],
  ""type"": ""Point""
}","{
  ""coordinates"": [
    -83.075062947,
    42.409990747
  ],
  ""type"": ""Point""
}",-83.0750629469999,42.4099907470001
18878,9991937,JEFFERSON,ADAIR,2017-03-31,31,3,2017,15,6,5,9,,4,0,,2,4,1,35,9,2,2,5,0,0,0,0,true,,false,false,false,false,false,,,,,,false,true,false,,,false,false,false,false,false,-83.01293,42.34243,"{
  ""coordinates"": [
    -8.301293111099990e+01,
    4.234242633200010e+01
  ],
  ""type"": ""Point""
}","{
  ""coordinates"": [
    -83.012931111,
    42.342426332
  ],
  ""type"": ""Point""
}",-83.0129311109999,42.3424263320001
18879,1006337,E I 94,GRAND,2017-03-31,31,3,2017,14,6,5,1,,1,0,,2,4,1,55,3,3,3,4,0,0,0,1,false,,false,false,false,false,false,,,,,,false,true,true,,,false,false,false,false,false,-83.1096,42.34654,"{
  ""coordinates"": [
    -8.310959613199999e+01,
    4.234653862800010e+01
  ],
  ""type"": ""Point""
}","{
  ""coordinates"": [
    -83.109596132,
    42.346538628
  ],
  ""type"": ""Point""
}",-83.109596132,42.3465386280001
18880,9991991,DAVISON,EWALD,2017-03-30,30,3,2017,17,5,8,3,,1,0,,2,4,1,35,4,2,2,5,0,0,0,0,true,,false,false,true,false,false,,,,,,false,false,false,,,false,false,false,false,false,-83.1451,42.38627,"{
  ""coordinates"": [
    -8.314510123600000e+01,
    4.238626694800010e+01
  ],
  ""type"": ""Point""
}","{
  ""coordinates"": [
    -83.145101236,
    42.386266948
  ],
  ""type"": ""Point""
}",-83.145101236,42.3862669480001
18881,9991891,RAMP 223A,RAMP 223B,2017-03-30,30,3,2017,19,5,8,1,,1,0,,2,2,1,25,3,2,2,5,0,0,0,0,true,,false,false,true,false,false,,,,,,false,false,false,,,false,false,false,false,false,-82.93692,42.41689,"{
  ""coordinates"": [
    -8.293692272800000e+01,
    4.241689458000010e+01
  ],
  ""type"": ""Point""
}","{
  ""coordinates"": [
    -82.936922728,
    42.41689458
  ],
  ""type"": ""Point""
}",-82.936922728,42.4168945800001
18882,9991917,FORD,GREENVIEW,2017-03-30,30,3,2017,21,5,4,3,,1,0,,1,4,4,35,4,2,2,5,0,0,0,0,true,,true,true,false,false,false,,,,,,false,false,false,,,false,false,false,false,false,-83.2215,42.32901,"{
  ""coordinates"": [
    -8.322149537699990e+01,
    4.232900933400000e+01
  ],
  ""type"": ""Point""
}","{
  ""coordinates"": [
    -83.221495377,
    42.329009334
  ],
  ""type"": ""Point""
}",-83.2214953769999,42.329009334
18883,9997547,8 MILE,WOODWARD,2017-03-30,30,3,2017,18,5,8,3,,1,0,,1,4,1,30,4,2,4,5,0,0,0,0,true,,false,false,false,false,false,,,,,,false,false,false,,,false,false,false,false,false,-83.12502,42.44651,"{
  ""coordinates"": [
    -8.312502419600000e+01,
    4.244650882400000e+01
  ],
  ""type"": ""Point""
}","{
  ""coordinates"": [
    -83.125024196,
    42.446508824
  ],
  ""type"": ""Point""
}",-83.125024196,42.446508824
18884,1000307,PALMER,WOODWARD,2017-03-30,30,3,2017,8,5,97,3,,4,0,,2,4,1,25,2,2,2,5,0,0,0,0,true,,false,false,false,false,false,,,,,,false,false,false,,,false,false,false,false,false,-83.06787,42.36211,"{
  ""coordinates"": [
    -8.306786821799990e+01,
    4.236210660300000e+01
  ],
  ""type"": ""Point""
}","{
  ""coordinates"": [
    -83.067868218,
    42.362106603
  ],
  ""type"": ""Point""
}",-83.0678682179999,42.362106603
18885,1002184,FOREST,JOHNN C,2017-03-30,30,3,2017,20,5,4,9,,4,0,,2,4,4,25,3,2,2,5,0,0,0,0,true,,false,false,false,false,false,,,,,,false,false,true,,,false,false,false,false,false,-83.06081,42.35568,"{
  ""coordinates"": [
    -8.306080308900000e+01,
    4.235567952800010e+01
  ],
  ""type"": ""Point""
}","{
  ""coordinates"": [
    -83.060803089,
    42.355679528
  ],
  ""type"": ""Point""
}",-83.060803089,42.3556795280001
18886,9998316,I-75,CLAY,2017-03-30,30,3,2017,12,5,97,1,,1,0,,1,1,1,55,3,2,3,5,0,0,0,0,true,,false,false,false,false,false,,,,,,false,false,false,,,false,false,false,false,false,-83.06293,42.37841,"{
  ""coordinates"": [
    -8.306292883200000e+01,
    4.237840927100010e+01
  ],
  ""type"": ""Point""
}","{
  ""coordinates"": [
    -83.062928832,
    42.378409271
  ],
  ""type"": ""Point""
}",-83.062928832,42.3784092710001
18887,9990695,MCNICHOLS,SOUTHFIELD SERVICE DRIVE,2017-03-30,30,3,2017,13,5,7,9,,2,0,,2,4,1,35,2,2,1,5,0,0,0,0,true,,false,false,true,false,false,,,,,,false,false,false,,,false,false,false,false,false,-83.21843,42.41557,"{
  ""coordinates"": [
    -8.321843317799990e+01,
    4.241556813800000e+01
  ],
  ""type"": ""Point""
}","{
  ""coordinates"": [
    -83.218433178,
    42.415568138
  ],
  ""type"": ""Point""
}",-83.2184331779999,42.415568138
18888,9992708,N M 10,LIVERNOIS,2017-03-30,30,3,2017,22,5,1,3,,1,1,,2,4,4,55,3,1,1,4,0,0,0,1,false,,false,false,false,false,false,,,,,,false,false,false,,,false,false,false,false,false,-83.14049,42.40496,"{
  ""coordinates"": [
    -8.314048793800001e+01,
    4.240496089200010e+01
  ],
  ""type"": ""Point""
}","{
  ""coordinates"": [
    -83.140487938,
    42.404960892
  ],
  ""type"": ""Point""
}",-83.140487938,42.4049608920001
18889,1000263,MARTIN,DEVEREAUX,2017-03-30,30,3,2017,7,5,97,9,,4,0,,2,4,4,25,4,2,1,4,0,0,0,1,false,,false,false,false,false,false,,,,,,true,false,false,,,false,false,false,false,false,-83.13165,42.33692,"{
  ""coordinates"": [
    -8.313165103800000e+01,
    4.233691957800000e+01
  ],
  ""type"": ""Point""
}","{
  ""coordinates"": [
    -83.131651038,
    42.336919578
  ],
  ""type"": ""Point""
}",-83.131651038,42.336919578
18890,9997531,SIRRON,VAN DYKE,2017-03-30,30,3,2017,18,5,2,3,,,2,,2,4,1,25,2,2,2,5,0,0,0,0,true,,false,false,false,false,false,,,,,,false,false,false,,,false,false,false,false,false,-83.02434,42.4403,"{
  ""coordinates"": [
    -8.302433985499989e+01,
    4.244030108200010e+01
  ],
  ""type"": ""Point""
}","{
  ""coordinates"": [
    -83.024339855,
    42.440301082
  ],
  ""type"": ""Point""
}",-83.0243398549999,42.4403010820001
18891,9991953,MCNICHOLS,ASHTON,2017-03-30,30,3,2017,18,5,8,9,,2,0,,2,4,1,35,4,2,2,5,0,0,0,0,true,,false,false,false,false,false,,,,,,false,false,false,,,false,false,false,false,false,-83.22026,42.41553,"{
  ""coordinates"": [
    -8.322025692800000e+01,
    4.241552914400010e+01
  ],
  ""type"": ""Point""
}","{
  ""coordinates"": [
    -83.220256928,
    42.415529144
  ],
  ""type"": ""Point""
}",-83.220256928,42.4155291440001
18892,9990664,PLMOUTH,HUBBELL,2017-03-30,30,3,2017,17,5,5,9,,4,0,,2,4,1,35,3,2,1,4,0,0,0,1,false,,false,false,true,false,false,,,,,,false,false,false,,,false,false,false,false,false,-83.18738,42.37285,"{
  ""coordinates"": [
    -8.318737818699999e+01,
    4.237284719700010e+01
  ],
  ""type"": ""Point""
}","{
  ""coordinates"": [
    -83.187378187,
    42.372847197
  ],
  ""type"": ""Point""
}",-83.187378187,42.3728471970001
18893,1002149,I-94,NOTTINGHAM,2017-03-30,30,3,2017,11,5,1,1,,1,1,,2,4,1,55,3,1,1,5,0,0,0,0,true,,false,false,false,false,false,,,,,,false,false,false,,,false,false,false,false,false,-82.9537,42.40701,"{
  ""coordinates"": [
    -8.295369961400000e+01,
    4.240700554500010e+01
  ],
  ""type"": ""Point""
}","{
  ""coordinates"": [
    -82.953699614,
    42.407005545
  ],
  ""type"": ""Point""
}",-82.953699614,42.4070055450001
18894,9991912,CADIEUX,FRANKFORT,2017-03-30,30,3,2017,21,5,8,9,,4,0,,2,4,4,30,2,2,2,5,0,0,0,0,true,,false,false,true,false,false,,,,,,false,true,false,,,false,false,false,false,false,-82.93079,42.40757,"{
  ""coordinates"": [
    -8.293079234399990e+01,
    4.240757245400000e+01
  ],
  ""type"": ""Point""
}","{
  ""coordinates"": [
    -82.930792344,
    42.407572454
  ],
  ""type"": ""Point""
}",-82.9307923439999,42.407572454
18895,9990690,SOUTHFIELD SERVICE DRIVE,W I 96,2017-03-30,30,3,2017,8,5,5,9,,4,0,,2,4,1,55,4,2,1,5,0,0,0,0,true,,false,false,true,false,false,,,,,,false,false,false,,,false,false,false,false,false,-83.21734,42.37873,"{
  ""coordinates"": [
    -8.321733818599991e+01,
    4.237873332600000e+01
  ],
  ""type"": ""Point""
}","{
  ""coordinates"": [
    -83.217338186,
    42.378733326
  ],
  ""type"": ""Point""
}",-83.2173381859999,42.378733326
18896,9990677,FORT,DRAGOON,2017-03-30,30,3,2017,14,5,4,3,,1,0,,2,4,1,30,6,2,3,5,0,0,0,0,true,,true,true,false,false,false,,,,,,false,false,false,,,false,false,false,false,false,-83.10223,42.30716,"{
  ""coordinates"": [
    -8.310223539499999e+01,
    4.230716043500010e+01
  ],
  ""type"": ""Point""
}","{
  ""coordinates"": [
    -83.102235395,
    42.307160435
  ],
  ""type"": ""Point""
}",-83.102235395,42.3071604350001
18897,9990673,VERNOR,SPRINGWELLS,2017-03-30,30,3,2017,17,5,6,9,,4,0,,2,4,1,25,4,2,2,5,0,0,0,0,true,,false,false,false,false,false,,,,,,false,false,false,,,false,false,false,false,false,-83.1265,42.31173,"{
  ""coordinates"": [
    -8.312650606800000e+01,
    4.231173401300000e+01
  ],
  ""type"": ""Point""
}","{
  ""coordinates"": [
    -83.126506068,
    42.311734013
  ],
  ""type"": ""Point""
}",-83.126506068,42.311734013
18898,1002150,I-75,HOLBROOK,2017-03-30,30,3,2017,12,5,5,1,,1,0,,2,4,1,70,4,2,3,4,0,0,0,1,false,,false,false,false,false,false,,,,,,false,false,false,,,false,false,false,false,false,-83.06973,42.38995,"{
  ""coordinates"": [
    -8.306972618000000e+01,
    4.238995122100000e+01
  ],
  ""type"": ""Point""
}","{
  ""coordinates"": [
    -83.06972618,
    42.389951221
  ],
  ""type"": ""Point""
}",-83.06972618,42.389951221
18899,9990680,BEARD,REGULAR,2017-03-30,30,3,2017,8,5,97,9,,,0,,2,4,1,25,4,2,0,3,0,0,1,0,false,,false,false,true,true,false,,,,,,true,false,false,,,false,false,false,false,false,-83.11476,42.30907,"{
  ""coordinates"": [
    -8.311475968699990e+01,
    4.230907339100000e+01
  ],
  ""type"": ""Point""
}","{
  ""coordinates"": [
    -83.114759687,
    42.309073391
  ],
  ""type"": ""Point""
}",-83.1147596869999,42.309073391
18900,9990688,JOY,EVERGREEN,2017-03-30,30,3,2017,6,5,98,9,,2,0,,1,1,4,35,5,3,3,5,0,0,0,0,true,,false,false,true,false,false,,,,,,false,false,false,,,false,false,false,false,false,-83.23632,42.35757,"{
  ""coordinates"": [
    -8.323632046300000e+01,
    4.235756964000010e+01
  ],
  ""type"": ""Point""
}","{
  ""coordinates"": [
    -83.236320463,
    42.35756964
  ],
  ""type"": ""Point""
}",-83.236320463,42.3575696400001
18901,9990646,N M 10,LINWOOD,2017-03-30,30,3,2017,21,5,1,3,,1,1,,2,4,4,55,3,1,1,4,0,0,0,2,false,,false,false,false,false,false,,,,,,false,false,true,,,false,false,false,false,false,-83.127,42.40523,"{
  ""coordinates"": [
    -8.312699597600000e+01,
    4.240522825700000e+01
  ],
  ""type"": ""Point""
}","{
  ""coordinates"": [
    -83.126995976,
    42.405228257
  ],
  ""type"": ""Point""
}",-83.126995976,42.405228257
18902,9991911,CLAIRPOINTE,CLAIREPOINT,2017-03-30,30,3,2017,18,5,1,9,,4,1,,2,4,1,25,2,1,1,5,0,0,0,0,true,,false,false,false,false,false,,,,,,false,false,false,,,false,false,false,false,false,-82.9584,42.36509,"{
  ""coordinates"": [
    -8.295840451100000e+01,
    4.236509144800000e+01
  ],
  ""type"": ""Point""
}","{
  ""coordinates"": [
    -82.958404511,
    42.365091448
  ],
  ""type"": ""Point""
}",-82.958404511,42.365091448
18903,1008022,I-94,CECIL,2017-03-30,30,3,2017,20,5,8,1,,1,0,,2,4,4,55,3,2,2,5,0,0,0,0,true,,false,false,true,false,false,,,,,,false,false,true,,,false,false,false,false,false,-83.12537,42.33728,"{
  ""coordinates"": [
    -8.312536271899999e+01,
    4.233727999000010e+01
  ],
  ""type"": ""Point""
}","{
  ""coordinates"": [
    -83.125362719,
    42.33727999
  ],
  ""type"": ""Point""
}",-83.125362719,42.3372799900001
18904,9998364,GRATIOT,VAN DYKE,2017-03-30,30,3,2017,16,5,3,3,,1,0,,2,4,1,35,3,2,2,5,0,0,0,0,true,,false,false,true,false,false,,,,,,false,false,false,,,false,false,false,false,false,-83.01463,42.37891,"{
  ""coordinates"": [
    -8.301463149200001e+01,
    4.237890789800010e+01
  ],
  ""type"": ""Point""
}","{
  ""coordinates"": [
    -83.014631492,
    42.378907898
  ],
  ""type"": ""Point""
}",-83.014631492,42.3789078980001
18905,9991902,OUTER,TIREMAN,2017-03-30,30,3,2017,22,5,1,9,,2,1,,2,4,4,55,3,1,1,4,0,0,0,1,false,,false,false,false,false,false,,,,,,false,false,true,,,false,false,false,false,false,-83.25434,42.35019,"{
  ""coordinates"": [
    -8.325434364599990e+01,
    4.235018890200010e+01
  ],
  ""type"": ""Point""
}","{
  ""coordinates"": [
    -83.254343646,
    42.350188902
  ],
  ""type"": ""Point""
}",-83.2543436459999,42.3501889020001
18906,9991955,8 MLE,REDFERN,2017-03-30,30,3,2017,16,5,4,3,,1,0,,2,4,1,40,4,2,4,4,0,0,0,2,false,,false,false,false,false,false,,,,,,false,true,false,,,false,false,false,false,false,-83.265,42.44309,"{
  ""coordinates"": [
    -8.326500072899999e+01,
    4.244308840200010e+01
  ],
  ""type"": ""Point""
}","{
  ""coordinates"": [
    -83.265000729,
    42.443088402
  ],
  ""type"": ""Point""
}",-83.265000729,42.4430884020001
18907,9990670,910 DIX,MELLONS,2017-03-30,30,3,2017,8,5,4,9,,2,0,,2,4,1,25,4,2,2,5,0,0,0,0,true,,false,false,false,false,false,,,,,,false,false,false,,,false,false,false,false,false,-83.15639,42.2906,"{
  ""coordinates"": [
    -8.315639526000000e+01,
    4.229060169400000e+01
  ],
  ""type"": ""Point""
}","{
  ""coordinates"": [
    -83.15639526,
    42.290601694
  ],
  ""type"": ""Point""
}",-83.15639526,42.290601694
18908,1002148,I-96,MCGRAW,2017-03-30,30,3,2017,10,5,1,1,,1,1,,2,4,1,55,5,1,1,5,0,0,0,0,true,,false,false,false,false,false,,,,,,false,false,false,,,false,false,false,false,false,-83.10371,42.35349,"{
  ""coordinates"": [
    -8.310371168099989e+01,
    4.235348839600000e+01
  ],
  ""type"": ""Point""
}","{
  ""coordinates"": [
    -83.103711681,
    42.353488396
  ],
  ""type"": ""Point""
}",-83.1037116809999,42.353488396
18909,9990650,I-94,MT ELLIOTT,2017-03-30,30,3,2017,1,5,1,1,,1,1,,2,2,5,55,3,1,1,4,0,0,0,1,false,,false,false,false,false,false,,,,,,false,false,false,,,false,false,false,false,false,-83.03403,42.37902,"{
  ""coordinates"": [
    -8.303402808999989e+01,
    4.237901583800000e+01
  ],
  ""type"": ""Point""
}","{
  ""coordinates"": [
    -83.03402809,
    42.379015838
  ],
  ""type"": ""Point""
}",-83.0340280899999,42.379015838
18910,1002166,N M 10,LIVERNOIS,2017-03-30,30,3,2017,11,5,1,3,,1,1,,2,4,1,55,3,1,1,5,0,0,0,0,true,,false,false,false,false,false,,,,,,false,false,true,,,false,false,false,false,false,-83.14014,42.40496,"{
  ""coordinates"": [
    -8.314013699600000e+01,
    4.240496389700010e+01
  ],
  ""type"": ""Point""
}","{
  ""coordinates"": [
    -83.140136996,
    42.404963897
  ],
  ""type"": ""Point""
}",-83.140136996,42.4049638970001
18911,9998367,YORKSHIRE,LANSDOWNE,2017-03-30,30,3,2017,17,5,4,9,,,0,,2,4,1,25,1,2,1,5,0,0,0,0,true,,true,false,true,false,false,,,,,,false,false,false,,,false,false,false,false,false,-82.95566,42.42039,"{
  ""coordinates"": [
    -8.295565771500000e+01,
    4.242039606800010e+01
  ],
  ""type"": ""Point""
}","{
  ""coordinates"": [
    -82.955657715,
    42.420396068
  ],
  ""type"": ""Point""
}",-82.955657715,42.4203960680001
18912,1000183,I96,SOUTHFIELD,2017-03-30,30,3,2017,17,5,5,1,,1,0,,2,4,1,70,3,2,2,5,0,0,0,0,true,,false,false,false,false,false,,,,,,false,false,false,,,false,false,false,false,false,-83.21087,42.37888,"{
  ""coordinates"": [
    -8.321086855899991e+01,
    4.237887528800010e+01
  ],
  ""type"": ""Point""
}","{
  ""coordinates"": [
    -83.210868559,
    42.378875288
  ],
  ""type"": ""Point""
}",-83.2108685589999,42.3788752880001
18913,1002175,I-94,BEAUBIEN,2017-03-30,30,3,2017,16,5,5,1,,1,0,,2,4,1,55,3,2,2,5,0,0,0,0,true,,false,false,false,false,false,,,,,,false,false,false,,,false,false,false,false,false,-83.05899,42.36789,"{
  ""coordinates"": [
    -8.305899366499990e+01,
    4.236788815100000e+01
  ],
  ""type"": ""Point""
}","{
  ""coordinates"": [
    -83.058993665,
    42.367888151
  ],
  ""type"": ""Point""
}",-83.0589936649999,42.367888151
18914,1002158,RAMP 047H,DAVISON,2017-03-30,30,3,2017,11,5,1,1,,1,1,,2,4,1,55,2,1,1,5,0,0,0,0,true,,false,false,false,false,false,,,,,,false,false,true,,,false,false,false,false,false,-83.08026,42.40826,"{
  ""coordinates"": [
    -8.308025742800000e+01,
    4.240825873100000e+01
  ],
  ""type"": ""Point""
}","{
  ""coordinates"": [
    -83.080257428,
    42.408258731
  ],
  ""type"": ""Point""
}",-83.080257428,42.408258731
18915,9991954,TELEGRAPH,8 MILE,2017-03-30,30,3,2017,8,5,5,2,,1,0,,2,4,1,45,4,2,2,5,0,0,0,0,true,,false,false,false,false,false,,,,,,false,false,false,,,false,false,false,false,false,-83.2783,42.44275,"{
  ""coordinates"": [
    -8.327829730099999e+01,
    4.244274603400000e+01
  ],
  ""type"": ""Point""
}","{
  ""coordinates"": [
    -83.278297301,
    42.442746034
  ],
  ""type"": ""Point""
}",-83.278297301,42.442746034
18916,9990696,ASHTON,LYNDON,2017-03-30,30,3,2017,7,5,98,9,,,0,,2,4,98,25,2,2,0,5,0,0,0,0,true,,false,false,true,false,false,,,,,,false,false,false,,,false,false,false,false,false,-83.219,42.39416,"{
  ""coordinates"": [
    -8.321900361000000e+01,
    4.239415607100010e+01
  ],
  ""type"": ""Point""
}","{
  ""coordinates"": [
    -83.21900361,
    42.394156071
  ],
  ""type"": ""Point""
}",-83.21900361,42.3941560710001
18917,9990705,COLLEGE,ELMO,2017-03-30,30,3,2017,14,5,97,9,,,0,,2,4,1,25,1,2,15,5,0,0,0,0,true,,false,false,true,false,false,,,,,,false,false,false,,,false,false,false,false,false,-83.00362,42.41506,"{
  ""coordinates"": [
    -8.300362198099999e+01,
    4.241505649100000e+01
  ],
  ""type"": ""Point""
}","{
  ""coordinates"": [
    -83.003621981,
    42.415056491
  ],
  ""type"": ""Point""
}",-83.003621981,42.415056491
18918,9990655,W I 96,KENTFIELD,2017-03-30,30,3,2017,5,5,97,1,,1,0,,2,2,4,55,4,2,2,5,0,0,0,0,true,,false,false,false,false,false,,,,,,false,false,false,,,false,false,false,false,false,-83.24069,42.38384,"{
  ""coordinates"": [
    -8.324069328600000e+01,
    4.238384147700000e+01
  ],
  ""type"": ""Point""
}","{
  ""coordinates"": [
    -83.240693286,
    42.383841477
  ],
  ""type"": ""Point""
}",-83.240693286,42.383841477
18919,9990669,JEFFERSON,BATES,2017-03-30,30,3,2017,9,5,5,3,,1,0,,2,4,1,0,4,2,1,5,0,0,0,0,true,,false,false,false,false,false,,,,,,false,false,false,,,false,false,false,false,false,-83.04301,42.32914,"{
  ""coordinates"": [
    -8.304300442100001e+01,
    4.232913458600010e+01
  ],
  ""type"": ""Point""
}","{
  ""coordinates"": [
    -83.043004421,
    42.329134586
  ],
  ""type"": ""Point""
}",-83.043004421,42.3291345860001
18920,1002165,N I 75,CARPENTER,2017-03-30,30,3,2017,10,5,8,1,,1,0,,2,4,1,70,4,2,3,4,0,0,0,3,false,,false,false,false,false,false,,,,,,false,false,false,,,false,false,false,false,false,-83.07328,42.40449,"{
  ""coordinates"": [
    -8.307328041999990e+01,
    4.240449227200000e+01
  ],
  ""type"": ""Point""
}","{
  ""coordinates"": [
    -83.07328042,
    42.404492272
  ],
  ""type"": ""Point""
}",-83.0732804199999,42.404492272
18921,1048819,N M 39,I 96 SERVICE DRIVE,2017-03-30,30,3,2017,1,5,1,3,,1,1,,2,1,4,55,1,1,3,5,0,0,0,0,true,,false,false,false,false,false,,,,,,false,false,false,,,false,false,false,false,false,-83.21687,42.37808,"{
  ""coordinates"": [
    -8.321686222499990e+01,
    4.237807957100010e+01
  ],
  ""type"": ""Point""
}","{
  ""coordinates"": [
    -83.216862225,
    42.378079571
  ],
  ""type"": ""Point""
}",-83.2168622249999,42.3780795710001
18922,1005408,I-75,GRAND,2017-03-30,30,3,2017,15,5,5,1,,1,0,,2,4,1,55,4,2,3,5,0,0,0,0,true,,false,false,false,false,false,,,,,,false,false,false,,,false,false,false,false,false,-83.0605,42.37481,"{
  ""coordinates"": [
    -8.306049934600000e+01,
    4.237480489000010e+01
  ],
  ""type"": ""Point""
}","{
  ""coordinates"": [
    -83.060499346,
    42.37480489
  ],
  ""type"": ""Point""
}",-83.060499346,42.3748048900001
18923,9999239,I-94,14TH,2017-03-30,30,3,2017,16,5,5,1,,1,0,,2,4,1,55,3,3,2,5,0,0,0,0,true,,false,false,true,false,false,,,,,,false,false,false,,,false,false,false,false,false,-83.0887,42.35352,"{
  ""coordinates"": [
    -8.308870194600000e+01,
    4.235352090000000e+01
  ],
  ""type"": ""Point""
}","{
  ""coordinates"": [
    -83.088701946,
    42.3535209
  ],
  ""type"": ""Point""
}",-83.088701946,42.3535209
18924,1002157,I-75,NEVADA,2017-03-30,30,3,2017,10,5,8,1,,1,0,,2,4,1,70,4,2,2,5,0,0,0,0,true,,false,false,false,false,false,,,,,,false,true,false,,,false,false,false,false,false,-83.09335,42.42516,"{
  ""coordinates"": [
    -8.309335597099989e+01,
    4.242516447300010e+01
  ],
  ""type"": ""Point""
}","{
  ""coordinates"": [
    -83.093355971,
    42.425164473
  ],
  ""type"": ""Point""
}",-83.0933559709999,42.4251644730001
18925,1002159,I-94,SECOND,2017-03-30,30,3,2017,12,5,5,1,,1,0,,2,4,1,55,3,2,2,4,0,0,0,1,false,,false,false,false,false,false,,,,,,false,false,false,,,false,false,false,false,false,-83.07226,42.36187,"{
  ""coordinates"": [
    -8.307225725099990e+01,
    4.236187026000000e+01
  ],
  ""type"": ""Point""
}","{
  ""coordinates"": [
    -83.072257251,
    42.36187026
  ],
  ""type"": ""Point""
}",-83.0722572509999,42.36187026
18926,1002147,I-94,MOROSS,2017-03-30,30,3,2017,9,5,5,1,,1,0,,2,4,1,55,3,2,2,4,0,0,0,2,false,,false,false,false,false,false,,,,,,false,false,true,,,false,false,false,false,false,-82.93069,42.42188,"{
  ""coordinates"": [
    -8.293068494800001e+01,
    4.242187841400000e+01
  ],
  ""type"": ""Point""
}","{
  ""coordinates"": [
    -82.930684948,
    42.421878414
  ],
  ""type"": ""Point""
}",-82.930684948,42.421878414