ObjectId,Crash ID,Primary Road,Intersecting Road,Crash Date,Day,Month,Year,Hour,Weekday,Crash Type Code,Highway Classification Code,Community Code,Jurisdiction Code,Lane Departure Type Code,Surface Type,Road Condition,Weather Condition,Lighting Condition,Speed Limit,Lanes,Units,Occupants,Most Severe Injury,Fatal Injuries,Suspected Serious Injuries,Suspected Minor Injuries,Possible Injuries,Property Damage Only,Secondary Crash,Traffic Control,Red Light Run,Hit and Run,Alcohol,Drugs,Unbelted Person,Work Zone,Speeding Driver,Distracted Driver,Driveway,Pedestrian,Elderly Driver,Young Driver,Commercial Vehicle,Emergency Vehicles,Train,School Bus,Motorcycle,Bicycle,Deer,Longitude,Latitude,geom,geog,x,y
19041,9991870,N M 39,JOY,2017-03-28,28,3,2017,16,3,5,3,,1,0,,1,1,1,55,3,3,3,5,0,0,0,0,true,,false,false,false,false,false,,,,,,false,false,true,,,false,false,false,false,false,-83.21638,42.35758,"{
  ""coordinates"": [
    -8.321637926400000e+01,
    4.235758011400000e+01
  ],
  ""type"": ""Point""
}","{
  ""coordinates"": [
    -83.216379264,
    42.357580114
  ],
  ""type"": ""Point""
}",-83.216379264,42.357580114
19042,9988506,I-96,M-39,2017-03-28,28,3,2017,7,3,5,1,,1,0,,1,2,2,55,3,2,2,5,0,0,0,0,true,,false,false,false,false,false,,,,,,false,false,true,,,false,false,false,false,false,-83.22195,42.37828,"{
  ""coordinates"": [
    -8.322194860099999e+01,
    4.237828419700000e+01
  ],
  ""type"": ""Point""
}","{
  ""coordinates"": [
    -83.221948601,
    42.378284197
  ],
  ""type"": ""Point""
}",-83.221948601,42.378284197
19043,9988553,S I 75,S I 75,2017-03-28,28,3,2017,9,3,8,1,,1,0,,1,2,1,35,3,2,2,5,0,0,0,0,true,,false,false,false,false,false,,,,,,false,false,false,,,false,false,false,false,false,-83.0452,42.34673,"{
  ""coordinates"": [
    -8.304519325000000e+01,
    4.234672685900010e+01
  ],
  ""type"": ""Point""
}","{
  ""coordinates"": [
    -83.04519325,
    42.346726859
  ],
  ""type"": ""Point""
}",-83.04519325,42.3467268590001
19044,9990648,N/B I-75,CLARK,2017-03-28,28,3,2017,18,3,8,1,,1,0,,1,1,1,55,5,2,2,4,0,0,0,1,false,,false,false,false,false,false,,,,,,false,false,true,,,false,false,false,false,false,-83.08921,42.31415,"{
  ""coordinates"": [
    -8.308920800600001e+01,
    4.231415004800000e+01
  ],
  ""type"": ""Point""
}","{
  ""coordinates"": [
    -83.089208006,
    42.314150048
  ],
  ""type"": ""Point""
}",-83.089208006,42.314150048
19045,9988575,LA SALLE,MONTEREY,2017-03-28,28,3,2017,13,3,4,9,,,0,,1,1,1,25,2,2,1,5,0,0,0,0,true,,true,false,false,false,false,,,,,,false,true,false,,,false,false,false,false,false,-83.11334,42.38646,"{
  ""coordinates"": [
    -8.311333911400000e+01,
    4.238645443200010e+01
  ],
  ""type"": ""Point""
}","{
  ""coordinates"": [
    -83.113339114,
    42.386454432
  ],
  ""type"": ""Point""
}",-83.113339114,42.3864544320001
19046,9988558,GREENVIEW,SAWYER,2017-03-28,28,3,2017,11,3,10,9,,,0,,1,1,1,25,2,2,3,5,0,0,0,0,true,,false,false,true,false,false,,,,,,false,false,false,,,false,false,false,false,false,-83.22207,42.34561,"{
  ""coordinates"": [
    -8.322206954099990e+01,
    4.234561035500010e+01
  ],
  ""type"": ""Point""
}","{
  ""coordinates"": [
    -83.222069541,
    42.345610355
  ],
  ""type"": ""Point""
}",-83.2220695409999,42.3456103550001
19047,9987825,GRATIOT,GUNSTON,2017-03-28,28,3,2017,6,3,5,3,,1,0,,1,2,4,35,6,2,4,4,0,0,0,2,false,,false,false,true,false,false,,,,,,false,false,false,,,false,false,false,false,false,-82.99508,42.40861,"{
  ""coordinates"": [
    -8.299507640099991e+01,
    4.240860899300000e+01
  ],
  ""type"": ""Point""
}","{
  ""coordinates"": [
    -82.995076401,
    42.408608993
  ],
  ""type"": ""Point""
}",-82.9950764009999,42.408608993
19048,9989424,WOODWARD,WILLIS,2017-03-28,28,3,2017,21,3,8,3,,1,0,,1,2,4,30,3,2,2,5,0,0,0,0,true,,false,false,true,false,false,,,,,,false,false,false,,,false,false,false,false,false,-83.06108,42.35217,"{
  ""coordinates"": [
    -8.306107914899999e+01,
    4.235216989400000e+01
  ],
  ""type"": ""Point""
}","{
  ""coordinates"": [
    -83.061079149,
    42.352169894
  ],
  ""type"": ""Point""
}",-83.061079149,42.352169894
19049,9988495,S M 39,RAMP 007C,2017-03-28,28,3,2017,7,3,5,3,,1,0,,1,1,1,55,3,2,3,4,0,0,0,2,false,,false,false,false,false,false,,,,,,false,false,false,,,false,false,false,false,false,-83.21652,42.36148,"{
  ""coordinates"": [
    -8.321651962300000e+01,
    4.236147628300010e+01
  ],
  ""type"": ""Point""
}","{
  ""coordinates"": [
    -83.216519623,
    42.361476283
  ],
  ""type"": ""Point""
}",-83.216519623,42.3614762830001
19050,9991956,MCNICHOLS,SUNDERLAND,2017-03-28,28,3,2017,16,3,4,9,,2,0,,1,1,1,45,4,2,2,4,0,0,0,1,false,,false,false,false,false,false,,,,,,false,false,false,,,false,false,false,false,false,-83.22794,42.41538,"{
  ""coordinates"": [
    -8.322793201300000e+01,
    4.241537808200010e+01
  ],
  ""type"": ""Point""
}","{
  ""coordinates"": [
    -83.227932013,
    42.415378082
  ],
  ""type"": ""Point""
}",-83.227932013,42.4153780820001
19051,9991931,I-94 SR,MT ELLIOTT,2017-03-28,28,3,2017,8,3,97,1,,1,0,,1,2,1,30,3,2,2,5,0,0,0,0,true,,false,false,false,false,false,,,,,,false,false,false,,,false,false,false,false,false,-83.03474,42.37878,"{
  ""coordinates"": [
    -8.303473784399991e+01,
    4.237878360700010e+01
  ],
  ""type"": ""Point""
}","{
  ""coordinates"": [
    -83.034737844,
    42.378783607
  ],
  ""type"": ""Point""
}",-83.0347378439999,42.3787836070001
19052,9991871,M-39,8 MILE,2017-03-28,28,3,2017,17,3,5,3,,1,0,,1,1,1,55,3,2,12,5,0,0,0,0,true,,false,false,false,false,false,,,,,,false,false,false,,,false,false,false,false,false,-83.21967,42.44273,"{
  ""coordinates"": [
    -8.321967341000000e+01,
    4.244272962200010e+01
  ],
  ""type"": ""Point""
}","{
  ""coordinates"": [
    -83.21967341,
    42.442729622
  ],
  ""type"": ""Point""
}",-83.21967341,42.4427296220001
19053,9991963,GRATIOT,ADELAIDE,2017-03-28,28,3,2017,15,3,8,3,,1,0,,1,1,1,35,9,2,1,5,0,0,0,0,true,,false,false,false,false,false,,,,,,false,false,false,,,false,false,false,false,false,-83.03482,42.34861,"{
  ""coordinates"": [
    -8.303482383300000e+01,
    4.234861404300010e+01
  ],
  ""type"": ""Point""
}","{
  ""coordinates"": [
    -83.034823833,
    42.348614043
  ],
  ""type"": ""Point""
}",-83.034823833,42.3486140430001
19054,9998333,I-94,14TH,2017-03-28,28,3,2017,16,3,5,1,,1,0,,1,1,1,55,3,5,3,5,0,0,0,0,true,,false,false,true,false,false,,,,,,false,false,true,,,false,false,false,false,false,-83.09077,42.35274,"{
  ""coordinates"": [
    -8.309077144699999e+01,
    4.235273729700000e+01
  ],
  ""type"": ""Point""
}","{
  ""coordinates"": [
    -83.090771447,
    42.352737297
  ],
  ""type"": ""Point""
}",-83.090771447,42.352737297
19055,9988532,RAMP 216E,I 75,2017-03-28,28,3,2017,9,3,8,1,,1,0,,1,1,1,55,2,2,3,5,0,0,0,0,true,,false,false,false,false,false,,,,,,false,false,true,,,false,false,false,false,false,-83.05644,42.36595,"{
  ""coordinates"": [
    -8.305644441699999e+01,
    4.236595129600000e+01
  ],
  ""type"": ""Point""
}","{
  ""coordinates"": [
    -83.056444417,
    42.365951296
  ],
  ""type"": ""Point""
}",-83.056444417,42.365951296
19056,9989451,E I 94,WOODWARD,2017-03-28,28,3,2017,17,3,5,1,,1,0,,1,1,1,55,6,2,2,5,0,0,0,0,true,,false,false,false,false,false,,,,,,false,false,false,,,false,false,false,false,false,-83.0679,42.36406,"{
  ""coordinates"": [
    -8.306790233899990e+01,
    4.236406294200000e+01
  ],
  ""type"": ""Point""
}","{
  ""coordinates"": [
    -83.067902339,
    42.364062942
  ],
  ""type"": ""Point""
}",-83.0679023389999,42.364062942
19057,9987816,SPRINGWELLS,LOGAN,2017-03-28,28,3,2017,5,3,5,9,,4,0,,1,2,4,35,4,2,1,4,0,0,0,1,false,,false,false,false,false,false,,,,,,false,false,true,,,false,false,false,false,false,-83.12382,42.30673,"{
  ""coordinates"": [
    -8.312381596700000e+01,
    4.230673334800010e+01
  ],
  ""type"": ""Point""
}","{
  ""coordinates"": [
    -83.123815967,
    42.306733348
  ],
  ""type"": ""Point""
}",-83.123815967,42.3067333480001
19058,1005846,CASS,MICHIGAN,2017-03-28,28,3,2017,17,3,5,2,,4,0,,1,1,1,25,2,2,2,5,0,0,0,0,true,,false,false,false,false,false,,,,,,false,false,false,,,false,false,false,false,false,-83.05264,42.33165,"{
  ""coordinates"": [
    -8.305263788900000e+01,
    4.233165498000010e+01
  ],
  ""type"": ""Point""
}","{
  ""coordinates"": [
    -83.052637889,
    42.33165498
  ],
  ""type"": ""Point""
}",-83.052637889,42.3316549800001
19059,9990701,GRATIOT,FRENCH,2017-03-28,28,3,2017,19,3,4,3,,1,0,,1,1,1,35,7,2,4,3,0,0,2,1,false,,false,false,false,false,false,,,,,,false,false,true,,,false,false,false,false,false,-83.00034,42.40057,"{
  ""coordinates"": [
    -8.300033628300000e+01,
    4.240057042200000e+01
  ],
  ""type"": ""Point""
}","{
  ""coordinates"": [
    -83.000336283,
    42.400570422
  ],
  ""type"": ""Point""
}",-83.000336283,42.400570422
19060,9988547,MACK,S I 75,2017-03-28,28,3,2017,13,3,8,9,,4,0,,1,2,1,30,3,2,2,5,0,0,0,0,true,,false,false,false,false,false,,,,,,false,false,true,,,false,false,false,false,false,-83.04826,42.35106,"{
  ""coordinates"": [
    -8.304826052399990e+01,
    4.235105444600000e+01
  ],
  ""type"": ""Point""
}","{
  ""coordinates"": [
    -83.048260524,
    42.351054446
  ],
  ""type"": ""Point""
}",-83.0482605239999,42.351054446
19061,9989397,S M 39,RAMP 007C,2017-03-28,28,3,2017,7,3,5,3,,1,0,,1,1,1,55,3,2,2,4,0,0,0,1,false,,false,false,false,false,false,,,,,,false,false,false,,,false,false,false,false,false,-83.21652,42.36148,"{
  ""coordinates"": [
    -8.321651962300000e+01,
    4.236147628300010e+01
  ],
  ""type"": ""Point""
}","{
  ""coordinates"": [
    -83.216519623,
    42.361476283
  ],
  ""type"": ""Point""
}",-83.216519623,42.3614762830001
19062,9988571,GRAND RIVER,FIELDING,2017-03-28,28,3,2017,12,3,8,3,,1,0,,1,2,1,35,3,2,1,4,0,0,0,1,false,,false,false,true,false,false,,,,,,false,true,false,,,false,false,false,false,false,-83.24296,42.41063,"{
  ""coordinates"": [
    -8.324296143399989e+01,
    4.241062481900010e+01
  ],
  ""type"": ""Point""
}","{
  ""coordinates"": [
    -83.242961434,
    42.410624819
  ],
  ""type"": ""Point""
}",-83.2429614339999,42.4106248190001
19063,1036069,EDMORE,BROCK,2017-03-28,28,3,2017,1,3,8,9,,,0,,1,2,4,25,1,2,3,1,1,1,0,1,false,,false,false,false,true,false,,,,,,false,false,false,,,false,false,false,false,false,-82.96362,42.44725,"{
  ""coordinates"": [
    -8.296362038900000e+01,
    4.244724860500000e+01
  ],
  ""type"": ""Point""
}","{
  ""coordinates"": [
    -82.963620389,
    42.447248605
  ],
  ""type"": ""Point""
}",-82.963620389,42.447248605
19064,9988544,FENKELL,HARTWELL,2017-03-28,28,3,2017,1,3,4,9,,2,0,,1,1,4,30,4,2,3,5,0,0,0,0,true,,false,false,false,false,false,,,,,,false,false,true,,,false,false,false,false,false,-83.17805,42.4021,"{
  ""coordinates"": [
    -8.317804421300001e+01,
    4.240210362000000e+01
  ],
  ""type"": ""Point""
}","{
  ""coordinates"": [
    -83.178044213,
    42.40210362
  ],
  ""type"": ""Point""
}",-83.178044213,42.40210362
19065,9988533,I-75,SCHAEFER,2017-03-28,28,3,2017,7,3,5,1,,1,0,,1,2,1,70,4,2,2,5,0,0,0,0,true,,false,false,false,false,false,,,,,,false,false,false,,,false,false,false,false,false,-83.15808,42.27656,"{
  ""coordinates"": [
    -8.315808226900000e+01,
    4.227655652500000e+01
  ],
  ""type"": ""Point""
}","{
  ""coordinates"": [
    -83.158082269,
    42.276556525
  ],
  ""type"": ""Point""
}",-83.158082269,42.276556525
19066,9989417,I-75,SPRINGWELLS,2017-03-28,28,3,2017,18,3,5,1,,1,0,,1,1,1,70,3,2,3,5,0,0,0,0,true,,false,false,false,false,false,,,,,,false,false,true,,,false,false,false,false,false,-83.12098,42.30053,"{
  ""coordinates"": [
    -8.312098014299990e+01,
    4.230053022200010e+01
  ],
  ""type"": ""Point""
}","{
  ""coordinates"": [
    -83.120980143,
    42.300530222
  ],
  ""type"": ""Point""
}",-83.1209801429999,42.3005302220001
19067,9989428,LAFAYETTE,ROSA PARKS,2017-03-28,28,3,2017,12,3,1,9,,4,0,,1,2,1,30,4,1,1,5,0,0,0,0,true,,false,false,false,false,false,,,,,,false,false,false,,,false,false,false,false,false,-83.06722,42.32336,"{
  ""coordinates"": [
    -8.306722353299990e+01,
    4.232336462700000e+01
  ],
  ""type"": ""Point""
}","{
  ""coordinates"": [
    -83.067223533,
    42.323364627
  ],
  ""type"": ""Point""
}",-83.0672235329999,42.323364627
19068,9990694,EVERGREEN,CAPITOL,2017-03-28,28,3,2017,16,3,5,9,,4,0,,98,98,98,35,5,2,2,5,0,0,0,0,true,,false,false,false,false,false,,,,,,false,false,false,,,false,false,false,false,false,-83.2364,42.37648,"{
  ""coordinates"": [
    -8.323640289300000e+01,
    4.237647756000010e+01
  ],
  ""type"": ""Point""
}","{
  ""coordinates"": [
    -83.236402893,
    42.37647756
  ],
  ""type"": ""Point""
}",-83.236402893,42.3764775600001
19069,9988551,S I 75,S I 75,2017-03-28,28,3,2017,9,3,98,1,,1,0,,1,2,1,35,2,2,2,5,0,0,0,0,true,,false,false,false,false,false,,,,,,false,false,false,,,false,false,false,false,false,-83.04528,42.34686,"{
  ""coordinates"": [
    -8.304528225599999e+01,
    4.234685607600010e+01
  ],
  ""type"": ""Point""
}","{
  ""coordinates"": [
    -83.045282256,
    42.346856076
  ],
  ""type"": ""Point""
}",-83.045282256,42.3468560760001
19070,1002162,N I 75,WARREN,2017-03-28,28,3,2017,12,3,5,1,,1,0,,1,2,1,55,2,2,4,4,0,0,0,1,false,,false,false,false,false,false,,,,,,false,false,true,,,false,false,false,false,false,-83.055,42.36222,"{
  ""coordinates"": [
    -8.305500071199999e+01,
    4.236222563300000e+01
  ],
  ""type"": ""Point""
}","{
  ""coordinates"": [
    -83.055000712,
    42.362225633
  ],
  ""type"": ""Point""
}",-83.055000712,42.362225633
19071,9999290,CLOVERLAWN,JOY,2017-03-28,28,3,2017,17,3,4,9,,,0,,1,1,1,35,2,2,0,5,0,0,0,0,true,,false,false,true,false,false,,,,,,false,false,false,,,false,false,false,false,false,-83.15105,42.35902,"{
  ""coordinates"": [
    -8.315105656299990e+01,
    4.235902582800000e+01
  ],
  ""type"": ""Point""
}","{
  ""coordinates"": [
    -83.151056563,
    42.359025828
  ],
  ""type"": ""Point""
}",-83.1510565629999,42.359025828
19072,1001264,SEMINOLE,MACK,2017-03-28,28,3,2017,11,3,8,9,,,0,,1,1,1,25,1,2,2,5,0,0,0,0,true,,false,false,false,false,false,,,,,,false,true,false,,,false,false,false,false,false,-83.00332,42.36804,"{
  ""coordinates"": [
    -8.300332050899991e+01,
    4.236803686500010e+01
  ],
  ""type"": ""Point""
}","{
  ""coordinates"": [
    -83.003320509,
    42.368036865
  ],
  ""type"": ""Point""
}",-83.0033205089999,42.3680368650001
19073,9988545,WASHBURN,JEFFRIES SERVICE,2017-03-28,28,3,2017,1,3,97,1,,,0,,1,1,4,25,2,2,1,5,0,0,0,0,true,,false,false,true,false,false,,,,,,false,false,false,,,false,false,false,false,false,-83.15996,42.38476,"{
  ""coordinates"": [
    -8.315996082700001e+01,
    4.238476060200000e+01
  ],
  ""type"": ""Point""
}","{
  ""coordinates"": [
    -83.159960827,
    42.384760602
  ],
  ""type"": ""Point""
}",-83.159960827,42.384760602
19074,9990637,S M 39,CSX TRANSPORTATION,2017-03-28,28,3,2017,16,3,5,3,,1,0,,1,1,1,55,3,2,1,5,0,0,0,0,true,,false,false,true,false,false,,,,,,false,false,false,,,false,false,false,false,false,-83.2172,42.37952,"{
  ""coordinates"": [
    -8.321720008699999e+01,
    4.237951652400010e+01
  ],
  ""type"": ""Point""
}","{
  ""coordinates"": [
    -83.217200087,
    42.379516524
  ],
  ""type"": ""Point""
}",-83.217200087,42.3795165240001
19075,1009944,WARREN,STAHELIN,2017-03-28,28,3,2017,12,3,4,9,,2,0,,1,2,1,30,6,2,4,5,0,0,0,0,true,,false,false,false,false,false,,,,,,false,false,false,,,false,false,false,false,false,-83.22432,42.3433,"{
  ""coordinates"": [
    -8.322432212299999e+01,
    4.234329875900000e+01
  ],
  ""type"": ""Point""
}","{
  ""coordinates"": [
    -83.224322123,
    42.343298759
  ],
  ""type"": ""Point""
}",-83.224322123,42.343298759
19076,9989456,2021 FULLERTON,14TH,2017-03-28,28,3,2017,10,3,97,9,,,0,,1,1,1,25,2,2,0,5,0,0,0,0,true,,false,false,true,false,false,,,,,,false,false,false,,,false,false,false,false,false,-83.11282,42.39099,"{
  ""coordinates"": [
    -8.311281738900000e+01,
    4.239098731600010e+01
  ],
  ""type"": ""Point""
}","{
  ""coordinates"": [
    -83.112817389,
    42.390987316
  ],
  ""type"": ""Point""
}",-83.112817389,42.3909873160001
19077,9988550,CLARK,FORT,2017-03-28,28,3,2017,8,3,3,7,,1,0,,1,1,1,35,2,2,3,5,0,0,0,0,true,,false,false,false,false,false,,,,,,false,false,false,,,false,false,false,false,false,-83.09013,42.31236,"{
  ""coordinates"": [
    -8.309013714799990e+01,
    4.231235676500010e+01
  ],
  ""type"": ""Point""
}","{
  ""coordinates"": [
    -83.090137148,
    42.312356765
  ],
  ""type"": ""Point""
}",-83.0901371479999,42.3123567650001
19078,9989425,FERRY,BEAUBIEN,2017-03-28,28,3,2017,20,3,98,9,,4,0,,1,1,4,25,2,2,0,5,0,0,0,0,true,,false,false,true,false,false,,,,,,false,false,false,,,false,false,false,false,false,-83.06211,42.36312,"{
  ""coordinates"": [
    -8.306210801400000e+01,
    4.236312036000000e+01
  ],
  ""type"": ""Point""
}","{
  ""coordinates"": [
    -83.062108014,
    42.36312036
  ],
  ""type"": ""Point""
}",-83.062108014,42.36312036
19079,9990652,I-94,CADIEUX,2017-03-28,28,3,2017,18,3,5,1,,1,0,,1,1,1,55,3,3,3,5,0,0,0,0,true,,false,false,false,false,false,,,,,,false,false,false,,,false,false,false,false,false,-82.93771,42.41687,"{
  ""coordinates"": [
    -8.293771674500000e+01,
    4.241687184000010e+01
  ],
  ""type"": ""Point""
}","{
  ""coordinates"": [
    -82.937716745,
    42.41687184
  ],
  ""type"": ""Point""
}",-82.937716745,42.4168718400001
19080,9988560,MCNICHOLS,ARDMORE,2017-03-28,28,3,2017,12,3,8,9,,2,0,,1,1,1,35,4,2,2,5,0,0,0,0,true,,false,false,false,false,false,,,,,,false,true,false,,,false,false,false,false,false,-83.18401,42.41655,"{
  ""coordinates"": [
    -8.318401337499991e+01,
    4.241654648000010e+01
  ],
  ""type"": ""Point""
}","{
  ""coordinates"": [
    -83.184013375,
    42.41654648
  ],
  ""type"": ""Point""
}",-83.1840133749999,42.4165464800001
19081,9990636,W I 94,BARRETT,2017-03-28,28,3,2017,17,3,5,1,,1,0,,1,1,1,55,3,2,2,5,0,0,0,0,true,,false,false,false,false,false,,,,,,false,false,true,,,false,false,false,false,false,-82.98448,42.39841,"{
  ""coordinates"": [
    -8.298448549100000e+01,
    4.239841136400000e+01
  ],
  ""type"": ""Point""
}","{
  ""coordinates"": [
    -82.984485491,
    42.398411364
  ],
  ""type"": ""Point""
}",-82.984485491,42.398411364
19082,9988577,8 MILE,DEQUINDRE,2017-03-28,28,3,2017,22,3,8,3,,1,0,,1,1,4,35,4,2,2,5,0,0,0,0,true,,false,false,true,false,false,,,,,,false,false,false,,,false,false,false,false,false,-83.08334,42.44703,"{
  ""coordinates"": [
    -8.308334276200000e+01,
    4.244702712600010e+01
  ],
  ""type"": ""Point""
}","{
  ""coordinates"": [
    -83.083342762,
    42.447027126
  ],
  ""type"": ""Point""
}",-83.083342762,42.4470271260001
19083,9988534,I-75,SCHAEFER,2017-03-28,28,3,2017,9,3,5,1,,1,0,,1,2,1,70,4,2,2,5,0,0,0,0,true,,false,false,false,false,false,,,,,,false,false,false,,,false,false,false,false,false,-83.15808,42.27656,"{
  ""coordinates"": [
    -8.315808226900000e+01,
    4.227655652500000e+01
  ],
  ""type"": ""Point""
}","{
  ""coordinates"": [
    -83.158082269,
    42.276556525
  ],
  ""type"": ""Point""
}",-83.158082269,42.276556525
19084,9988503,M-39,PURITAN,2017-03-28,28,3,2017,13,3,1,3,,1,1,,1,2,1,55,3,1,1,4,0,0,0,1,false,,false,false,false,false,false,,,,,,false,false,false,,,false,false,false,false,false,-83.21861,42.40978,"{
  ""coordinates"": [
    -8.321861260799990e+01,
    4.240978220000010e+01
  ],
  ""type"": ""Point""
}","{
  ""coordinates"": [
    -83.218612608,
    42.4097822
  ],
  ""type"": ""Point""
}",-83.2186126079999,42.4097822000001
19085,1002163,M-39,OUTER,2017-03-28,28,3,2017,20,3,8,3,,1,0,,1,1,4,55,3,2,1,5,0,0,0,0,true,,false,false,true,false,false,,,,,,false,false,false,,,false,false,false,false,false,-83.21901,42.41927,"{
  ""coordinates"": [
    -8.321900649299990e+01,
    4.241927208900010e+01
  ],
  ""type"": ""Point""
}","{
  ""coordinates"": [
    -83.219006493,
    42.419272089
  ],
  ""type"": ""Point""
}",-83.2190064929999,42.4192720890001
19086,9991923,WARREN,DACOSTA,2017-03-28,28,3,2017,13,3,8,9,,2,0,,1,2,1,35,4,2,1,5,0,0,0,0,true,,false,false,false,false,false,,,,,,false,true,false,,,false,false,false,false,false,-83.25716,42.34177,"{
  ""coordinates"": [
    -8.325716707200000e+01,
    4.234177291500000e+01
  ],
  ""type"": ""Point""
}","{
  ""coordinates"": [
    -83.257167072,
    42.341772915
  ],
  ""type"": ""Point""
}",-83.257167072,42.341772915
19087,9989401,I-75,CLARK,2017-03-28,28,3,2017,14,3,8,1,,1,0,,1,2,1,55,4,2,2,5,0,0,0,0,true,,false,false,false,false,false,,,,,,false,true,false,,,false,false,false,false,false,-83.09267,42.3128,"{
  ""coordinates"": [
    -8.309267071300000e+01,
    4.231280104600010e+01
  ],
  ""type"": ""Point""
}","{
  ""coordinates"": [
    -83.092670713,
    42.312801046
  ],
  ""type"": ""Point""
}",-83.092670713,42.3128010460001
19088,9988484,I-75,DAVISON,2017-03-27,27,3,2017,12,2,8,1,,1,0,,1,2,1,70,4,3,4,4,0,0,0,2,false,,false,false,false,false,false,,,,,,false,false,true,,,false,false,false,false,false,-83.07909,42.40851,"{
  ""coordinates"": [
    -8.307908317600000e+01,
    4.240850794600000e+01
  ],
  ""type"": ""Point""
}","{
  ""coordinates"": [
    -83.079083176,
    42.408507946
  ],
  ""type"": ""Point""
}",-83.079083176,42.408507946
19089,1000274,MT ELLIOTT,CONNANT,2017-03-27,27,3,2017,9,2,3,9,,4,0,,2,2,1,35,5,2,2,4,0,0,0,1,false,,false,false,false,false,false,,,,,,false,false,true,,,false,false,false,false,false,-83.03916,42.38599,"{
  ""coordinates"": [
    -8.303916217299999e+01,
    4.238599035400010e+01
  ],
  ""type"": ""Point""
}","{
  ""coordinates"": [
    -83.039162173,
    42.385990354
  ],
  ""type"": ""Point""
}",-83.039162173,42.3859903540001
19090,9990631,N/B I-75,SCHAEFER,2017-03-27,27,3,2017,7,2,5,1,,1,0,,2,1,5,60,3,2,2,5,0,0,0,0,true,,false,false,false,false,false,,,,,,false,false,false,,,false,false,false,false,false,-83.15611,42.2772,"{
  ""coordinates"": [
    -8.315611290500000e+01,
    4.227720107000000e+01
  ],
  ""type"": ""Point""
}","{
  ""coordinates"": [
    -83.156112905,
    42.27720107
  ],
  ""type"": ""Point""
}",-83.156112905,42.27720107
19091,9987829,GRATIOT,STATE FAIR,2017-03-27,27,3,2017,18,2,3,3,,1,0,,1,1,1,35,5,2,2,5,0,0,0,0,true,,false,false,false,false,false,,,,,,false,false,false,,,false,false,false,false,false,-82.9728,42.44251,"{
  ""coordinates"": [
    -8.297280215399999e+01,
    4.244250755700010e+01
  ],
  ""type"": ""Point""
}","{
  ""coordinates"": [
    -82.972802154,
    42.442507557
  ],
  ""type"": ""Point""
}",-82.972802154,42.4425075570001
19092,9987801,SCHOOLCRAFT,MEYERS,2017-03-27,27,3,2017,12,2,4,9,,4,0,,1,1,1,0,4,2,3,5,0,0,0,0,true,,true,true,false,false,false,,,,,,false,false,false,,,false,false,false,false,false,-83.16872,42.38826,"{
  ""coordinates"": [
    -8.316871672600000e+01,
    4.238825474800010e+01
  ],
  ""type"": ""Point""
}","{
  ""coordinates"": [
    -83.168716726,
    42.388254748
  ],
  ""type"": ""Point""
}",-83.168716726,42.3882547480001
19093,9987799,PREST,WESTFIELD,2017-03-27,27,3,2017,5,2,8,9,,,3,,2,1,2,25,2,2,2,5,0,0,0,0,true,,false,false,false,false,true,,,,,,false,false,false,,,false,false,false,false,false,-83.19611,42.36332,"{
  ""coordinates"": [
    -8.319611479000000e+01,
    4.236331614700000e+01
  ],
  ""type"": ""Point""
}","{
  ""coordinates"": [
    -83.19611479,
    42.363316147
  ],
  ""type"": ""Point""
}",-83.19611479,42.363316147
19094,1005443,SCHOENHERR,STATE FAIR,2017-03-27,27,3,2017,23,2,4,9,,4,0,,1,1,4,25,3,2,2,4,0,0,0,2,false,,false,false,false,false,false,,,,,,false,false,true,,,false,false,false,false,false,-82.9854,42.44221,"{
  ""coordinates"": [
    -8.298540177699989e+01,
    4.244221224300000e+01
  ],
  ""type"": ""Point""
}","{
  ""coordinates"": [
    -82.985401777,
    42.442212243
  ],
  ""type"": ""Point""
}",-82.9854017769999,42.442212243
19095,9987805,LODGE SERVICE,GRAND,2017-03-27,27,3,2017,9,2,8,9,,4,0,,1,2,1,35,2,2,2,4,0,0,0,1,false,,false,false,false,false,false,,,,,,false,false,false,,,false,false,false,false,false,-83.06781,42.34359,"{
  ""coordinates"": [
    -8.306781039899990e+01,
    4.234359322600010e+01
  ],
  ""type"": ""Point""
}","{
  ""coordinates"": [
    -83.067810399,
    42.343593226
  ],
  ""type"": ""Point""
}",-83.0678103989999,42.3435932260001
19096,9991894,SCHAEFER,FENKELL,2017-03-27,27,3,2017,0,2,4,9,,4,0,,2,1,4,35,3,2,2,5,0,0,0,0,true,,false,false,true,false,false,,,,,,false,false,false,,,false,false,false,false,false,-83.17912,42.40208,"{
  ""coordinates"": [
    -8.317912479700000e+01,
    4.240208620000000e+01
  ],
  ""type"": ""Point""
}","{
  ""coordinates"": [
    -83.179124797,
    42.4020862
  ],
  ""type"": ""Point""
}",-83.179124797,42.4020862
19097,9998317,N/B I-75,SCHAEFER,2017-03-27,27,3,2017,6,2,5,1,,1,0,,1,1,2,70,4,3,1,5,0,0,0,0,true,,false,false,true,false,false,,,,,,false,false,false,,,false,false,false,false,false,-83.14139,42.286,"{
  ""coordinates"": [
    -8.314138760199999e+01,
    4.228600405000000e+01
  ],
  ""type"": ""Point""
}","{
  ""coordinates"": [
    -83.141387602,
    42.28600405
  ],
  ""type"": ""Point""
}",-83.141387602,42.28600405