ObjectId,Crash ID,Primary Road,Intersecting Road,Crash Date,Day,Month,Year,Hour,Weekday,Crash Type Code,Highway Classification Code,Community Code,Jurisdiction Code,Lane Departure Type Code,Surface Type,Road Condition,Weather Condition,Lighting Condition,Speed Limit,Lanes,Units,Occupants,Most Severe Injury,Fatal Injuries,Suspected Serious Injuries,Suspected Minor Injuries,Possible Injuries,Property Damage Only,Secondary Crash,Traffic Control,Red Light Run,Hit and Run,Alcohol,Drugs,Unbelted Person,Work Zone,Speeding Driver,Distracted Driver,Driveway,Pedestrian,Elderly Driver,Young Driver,Commercial Vehicle,Emergency Vehicles,Train,School Bus,Motorcycle,Bicycle,Deer,Longitude,Latitude,geom,geog,x,y
19155,9987810,DRAGOON,ARMY,2017-03-26,26,3,2017,2,1,8,9,,4,0,,1,1,4,35,2,3,1,5,0,0,0,0,true,,false,false,true,true,false,,,,,,false,false,true,,,false,false,false,false,false,-83.10579,42.31205,"{
  ""coordinates"": [
    -8.310579055400000e+01,
    4.231205437200000e+01
  ],
  ""type"": ""Point""
}","{
  ""coordinates"": [
    -83.105790554,
    42.312054372
  ],
  ""type"": ""Point""
}",-83.105790554,42.312054372
19156,1016410,I-75,WARREN,2017-03-26,26,3,2017,3,1,5,1,,1,0,,1,1,4,70,3,2,3,5,0,0,0,0,true,,false,false,false,false,false,,,,,,false,false,true,,,false,false,false,false,false,-83.05598,42.36422,"{
  ""coordinates"": [
    -8.305597707999991e+01,
    4.236421462800010e+01
  ],
  ""type"": ""Point""
}","{
  ""coordinates"": [
    -83.05597708,
    42.364214628
  ],
  ""type"": ""Point""
}",-83.0559770799999,42.3642146280001
19157,9987110,GREENFIELD,PAUL,2017-03-26,26,3,2017,13,1,5,9,,2,0,,2,4,1,35,2,2,2,5,0,0,0,0,true,,false,false,false,false,false,,,,,,false,false,true,,,false,false,false,false,false,-83.19613,42.33644,"{
  ""coordinates"": [
    -8.319613060300000e+01,
    4.233644084000010e+01
  ],
  ""type"": ""Point""
}","{
  ""coordinates"": [
    -83.196130603,
    42.33644084
  ],
  ""type"": ""Point""
}",-83.196130603,42.3364408400001
19158,9987126,MCNICHOLS,BARLOW,2017-03-26,26,3,2017,14,1,4,9,,4,0,,2,4,1,30,4,2,2,5,0,0,0,0,true,,true,false,true,false,false,,,,,,false,true,false,,,false,false,false,false,false,-82.99547,42.42302,"{
  ""coordinates"": [
    -8.299546851799990e+01,
    4.242301913300000e+01
  ],
  ""type"": ""Point""
}","{
  ""coordinates"": [
    -82.995468518,
    42.423019133
  ],
  ""type"": ""Point""
}",-82.9954685179999,42.423019133
19159,9987075,W I 94,MOUNT ELLIOTT,2017-03-26,26,3,2017,4,1,1,1,,1,1,,1,1,4,55,3,1,1,3,0,0,1,0,false,,false,false,false,false,false,,,,,,false,false,true,,,false,false,false,false,false,-83.03393,42.37925,"{
  ""coordinates"": [
    -8.303392981000000e+01,
    4.237924883400010e+01
  ],
  ""type"": ""Point""
}","{
  ""coordinates"": [
    -83.03392981,
    42.379248834
  ],
  ""type"": ""Point""
}",-83.03392981,42.3792488340001
19160,9988540,M-10,HOWARD,2017-03-26,26,3,2017,12,1,5,3,,1,0,,3,4,1,55,3,2,5,4,0,0,0,1,false,,false,false,false,false,false,,,,,,false,false,true,,,false,false,false,false,false,-83.05816,42.32868,"{
  ""coordinates"": [
    -8.305815560199990e+01,
    4.232867792900000e+01
  ],
  ""type"": ""Point""
}","{
  ""coordinates"": [
    -83.058155602,
    42.328677929
  ],
  ""type"": ""Point""
}",-83.0581556019999,42.328677929
19161,9987814,VERNOR,WATERMAN,2017-03-26,26,3,2017,2,1,2,9,,4,0,,1,1,4,25,4,2,2,5,0,0,0,0,true,,false,false,true,true,false,,,,,,false,false,true,,,false,false,false,false,false,-83.11658,42.31582,"{
  ""coordinates"": [
    -8.311658192100001e+01,
    4.231581771000000e+01
  ],
  ""type"": ""Point""
}","{
  ""coordinates"": [
    -83.116581921,
    42.31581771
  ],
  ""type"": ""Point""
}",-83.116581921,42.31581771
19162,9987085,CANFIELD,CASS,2017-03-26,26,3,2017,16,1,10,9,,4,0,,2,2,1,25,4,2,1,5,0,0,0,0,true,,false,false,true,false,false,,,,,,false,false,false,,,false,false,false,false,false,-83.06428,42.35176,"{
  ""coordinates"": [
    -8.306427754100000e+01,
    4.235176173800010e+01
  ],
  ""type"": ""Point""
}","{
  ""coordinates"": [
    -83.064277541,
    42.351761738
  ],
  ""type"": ""Point""
}",-83.064277541,42.3517617380001
19163,9987104,PARKLAND,CONSTANCE,2017-03-26,26,3,2017,2,1,1,9,,,0,,1,1,4,25,2,1,1,5,0,0,0,0,true,,false,false,false,false,false,,,,,,false,false,true,,,false,false,false,false,true,-83.26146,42.35385,"{
  ""coordinates"": [
    -8.326145636299999e+01,
    4.235384859100000e+01
  ],
  ""type"": ""Point""
}","{
  ""coordinates"": [
    -83.261456363,
    42.353848591
  ],
  ""type"": ""Point""
}",-83.261456363,42.353848591
19164,9987824,HOUSTON WHITTIER,DICKERSON,2017-03-26,26,3,2017,2,1,98,9,,4,0,,1,4,1,30,2,2,1,5,0,0,0,0,true,,false,false,true,false,false,,,,,,false,false,false,,,false,false,false,false,false,-82.98376,42.42046,"{
  ""coordinates"": [
    -8.298375900900000e+01,
    4.242045651400010e+01
  ],
  ""type"": ""Point""
}","{
  ""coordinates"": [
    -82.983759009,
    42.420456514
  ],
  ""type"": ""Point""
}",-82.983759009,42.4204565140001
19165,9985874,BROOKLYN,TEMPLE,2017-03-26,26,3,2017,2,1,10,9,,,0,,1,1,4,25,2,2,3,5,0,0,0,0,true,,false,false,false,false,false,,,,,,false,false,false,,,false,false,false,false,false,-83.06791,42.33879,"{
  ""coordinates"": [
    -8.306791025500000e+01,
    4.233879139800010e+01
  ],
  ""type"": ""Point""
}","{
  ""coordinates"": [
    -83.067910255,
    42.338791398
  ],
  ""type"": ""Point""
}",-83.067910255,42.3387913980001
19166,9988541,RAMP 139F,DAVISON,2017-03-26,26,3,2017,15,1,1,1,,1,1,,2,2,1,55,3,1,1,4,0,0,0,1,false,,false,false,false,false,false,,,,,,false,false,false,,,false,false,false,false,false,-83.15506,42.38472,"{
  ""coordinates"": [
    -8.315506309499990e+01,
    4.238472164200000e+01
  ],
  ""type"": ""Point""
}","{
  ""coordinates"": [
    -83.155063095,
    42.384721642
  ],
  ""type"": ""Point""
}",-83.1550630949999,42.384721642
19167,9987091,JOHN C LODGE SERVICE,GRAND,2017-03-26,26,3,2017,19,1,5,9,,4,0,,2,4,3,30,3,2,2,5,0,0,0,0,true,,false,false,false,false,false,,,,,,false,false,true,,,false,false,false,false,false,-83.06828,42.34464,"{
  ""coordinates"": [
    -8.306828409699990e+01,
    4.234463706100010e+01
  ],
  ""type"": ""Point""
}","{
  ""coordinates"": [
    -83.068284097,
    42.344637061
  ],
  ""type"": ""Point""
}",-83.0682840969999,42.3446370610001
19168,9989446,VAN DYKE,I 94 SERVICE,2017-03-26,26,3,2017,2,1,9,1,,1,0,,2,1,4,35,5,2,1,5,0,0,0,0,true,,false,false,true,false,false,,,,,,false,true,false,,,false,false,false,false,false,-83.01929,42.38604,"{
  ""coordinates"": [
    -8.301928799099990e+01,
    4.238603981000010e+01
  ],
  ""type"": ""Point""
}","{
  ""coordinates"": [
    -83.019287991,
    42.38603981
  ],
  ""type"": ""Point""
}",-83.0192879909999,42.3860398100001
19169,9987109,FORRER,WHITLOCK,2017-03-26,26,3,2017,23,1,2,9,,,0,,1,1,5,25,4,2,1,4,0,0,0,1,false,,false,false,true,false,false,,,,,,false,false,true,,,false,false,false,false,false,-83.19977,42.34001,"{
  ""coordinates"": [
    -8.319977046799990e+01,
    4.234000801100010e+01
  ],
  ""type"": ""Point""
}","{
  ""coordinates"": [
    -83.199770468,
    42.340008011
  ],
  ""type"": ""Point""
}",-83.1997704679999,42.3400080110001
19170,1008156,THIRD,COLLINGWOOD,2017-03-26,26,3,2017,4,1,4,9,,4,0,,1,1,4,25,2,2,1,3,0,0,1,0,false,,true,false,true,false,false,,,,,,false,false,false,,,false,false,false,false,false,-83.09276,42.38807,"{
  ""coordinates"": [
    -8.309275629699989e+01,
    4.238807275200000e+01
  ],
  ""type"": ""Point""
}","{
  ""coordinates"": [
    -83.092756297,
    42.388072752
  ],
  ""type"": ""Point""
}",-83.0927562969999,42.388072752
19171,9987086,CHICAGO,E I 96,2017-03-26,26,3,2017,17,1,4,9,,4,0,,2,4,1,35,4,2,2,5,0,0,0,0,true,,true,true,false,false,false,,,,,,false,false,true,,,false,false,false,false,false,-83.13988,42.36756,"{
  ""coordinates"": [
    -8.313988200400000e+01,
    4.236756306600010e+01
  ],
  ""type"": ""Point""
}","{
  ""coordinates"": [
    -83.139882004,
    42.367563066
  ],
  ""type"": ""Point""
}",-83.139882004,42.3675630660001
19172,9987108,GREENFIELD,PEMBROOK,2017-03-26,26,3,2017,0,1,4,9,,2,0,,1,1,4,30,6,2,1,5,0,0,0,0,true,,false,false,true,false,false,,,,,,false,false,false,,,false,false,false,false,false,-83.20017,42.43763,"{
  ""coordinates"": [
    -8.320017339299990e+01,
    4.243763076200000e+01
  ],
  ""type"": ""Point""
}","{
  ""coordinates"": [
    -83.200173393,
    42.437630762
  ],
  ""type"": ""Point""
}",-83.2001733929999,42.437630762
19173,9999288,7 MILE,BARLOW,2017-03-26,26,3,2017,8,1,1,9,,4,0,,1,1,2,30,2,2,2,2,0,1,0,0,false,,false,false,true,false,false,,,,,,false,false,false,,,false,false,false,true,false,-82.99594,42.43468,"{
  ""coordinates"": [
    -8.299593911900000e+01,
    4.243468202300010e+01
  ],
  ""type"": ""Point""
}","{
  ""coordinates"": [
    -82.995939119,
    42.434682023
  ],
  ""type"": ""Point""
}",-82.995939119,42.4346820230001
19174,9989435,OUTER,COURVILLE,2017-03-26,26,3,2017,14,1,4,9,,2,0,,2,4,1,35,2,2,5,5,0,0,0,0,true,,false,false,false,false,false,,,,,,false,false,true,,,false,false,false,false,false,-82.94225,42.40777,"{
  ""coordinates"": [
    -8.294224341700000e+01,
    4.240777395900010e+01
  ],
  ""type"": ""Point""
}","{
  ""coordinates"": [
    -82.942243417,
    42.407773959
  ],
  ""type"": ""Point""
}",-82.942243417,42.4077739590001
19175,9987124,ARCHDALE,TOURNIER,2017-03-26,26,3,2017,19,1,5,9,,,0,,2,4,3,25,2,2,4,5,0,0,0,0,true,,false,false,true,false,false,,,,,,false,false,true,,,false,false,false,false,false,-83.21659,42.39758,"{
  ""coordinates"": [
    -8.321659277200000e+01,
    4.239758364400010e+01
  ],
  ""type"": ""Point""
}","{
  ""coordinates"": [
    -83.216592772,
    42.397583644
  ],
  ""type"": ""Point""
}",-83.216592772,42.3975836440001
19176,9987090,WESTMINSTER,JOHN R,2017-03-26,26,3,2017,13,1,97,9,,,0,,1,1,1,25,2,2,3,5,0,0,0,0,true,,false,false,false,false,false,,,,,,false,false,false,,,false,false,false,false,false,-83.07909,42.38693,"{
  ""coordinates"": [
    -8.307908249799991e+01,
    4.238693178300010e+01
  ],
  ""type"": ""Point""
}","{
  ""coordinates"": [
    -83.079082498,
    42.386931783
  ],
  ""type"": ""Point""
}",-83.0790824979999,42.3869317830001
19177,1004655,GRATIOT,KNODELL,2017-03-26,26,3,2017,23,1,4,3,,1,0,,2,2,4,35,4,2,3,5,0,0,0,0,true,,false,false,false,false,false,,,,,,false,false,true,,,false,false,false,false,false,-83.00132,42.39907,"{
  ""coordinates"": [
    -8.300131674999990e+01,
    4.239906950300010e+01
  ],
  ""type"": ""Point""
}","{
  ""coordinates"": [
    -83.00131675,
    42.399069503
  ],
  ""type"": ""Point""
}",-83.0013167499999,42.3990695030001
19178,1004083,DOLPHIN,OUTER,2017-03-26,26,3,2017,13,1,4,9,,,0,,2,4,1,25,2,2,2,3,0,0,1,0,false,,false,false,false,false,false,,,,,,false,false,true,,,false,false,false,false,false,-83.25839,42.38366,"{
  ""coordinates"": [
    -8.325838858199999e+01,
    4.238365399600010e+01
  ],
  ""type"": ""Point""
}","{
  ""coordinates"": [
    -83.258388582,
    42.383653996
  ],
  ""type"": ""Point""
}",-83.258388582,42.3836539960001
19179,9987822,EDSEL,OUTER,2017-03-26,26,3,2017,0,1,5,9,,,0,,98,1,98,25,3,2,2,3,0,0,1,1,false,,false,false,false,false,true,,,,,,false,false,false,,,false,false,false,false,false,-83.16656,42.2613,"{
  ""coordinates"": [
    -8.316655423700000e+01,
    4.226130205900010e+01
  ],
  ""type"": ""Point""
}","{
  ""coordinates"": [
    -83.166554237,
    42.261302059
  ],
  ""type"": ""Point""
}",-83.166554237,42.2613020590001
19180,1025787,MARTIN,WAGNER,2017-03-26,26,3,2017,17,1,9,9,,4,2,,2,2,1,30,2,2,1,5,0,0,0,0,true,,false,false,true,false,false,,,,,,false,false,false,,,false,false,false,false,false,-83.13431,42.3404,"{
  ""coordinates"": [
    -8.313430585400000e+01,
    4.234040129600000e+01
  ],
  ""type"": ""Point""
}","{
  ""coordinates"": [
    -83.134305854,
    42.340401296
  ],
  ""type"": ""Point""
}",-83.134305854,42.340401296
19181,9989433,CHALMERS,VERNOR,2017-03-26,26,3,2017,16,1,4,9,,4,0,,2,2,1,35,7,2,3,4,0,0,0,1,false,,true,true,false,false,false,,,,,,false,false,true,,,false,false,false,false,false,-82.94904,42.38055,"{
  ""coordinates"": [
    -8.294904619700000e+01,
    4.238055415000010e+01
  ],
  ""type"": ""Point""
}","{
  ""coordinates"": [
    -82.949046197,
    42.38055415
  ],
  ""type"": ""Point""
}",-82.949046197,42.3805541500001
19182,9987083,6TH,JEFFERSON,2017-03-26,26,3,2017,16,1,8,9,,,0,,2,4,1,25,2,2,1,5,0,0,0,0,true,,false,false,true,false,false,,,,,,false,false,false,,,false,false,false,false,false,-83.05744,42.32464,"{
  ""coordinates"": [
    -8.305743964700000e+01,
    4.232464012200010e+01
  ],
  ""type"": ""Point""
}","{
  ""coordinates"": [
    -83.057439647,
    42.324640122
  ],
  ""type"": ""Point""
}",-83.057439647,42.3246401220001
19183,9988542,I-75,MICHIGAN,2017-03-26,26,3,2017,16,1,8,1,,1,0,,2,2,1,55,3,2,2,5,0,0,0,0,true,,false,false,false,false,false,,,,,,false,false,true,,,false,false,false,false,false,-83.08564,42.33029,"{
  ""coordinates"": [
    -8.308563942500000e+01,
    4.233029356400000e+01
  ],
  ""type"": ""Point""
}","{
  ""coordinates"": [
    -83.085639425,
    42.330293564
  ],
  ""type"": ""Point""
}",-83.085639425,42.330293564
19184,9987107,JOY,S M 39 SERVICE DRIVE,2017-03-26,26,3,2017,16,1,4,9,,2,0,,2,4,1,35,2,2,6,4,0,0,0,2,false,,false,false,false,false,false,,,,,,false,false,true,,,false,false,false,false,false,-83.2169,42.35785,"{
  ""coordinates"": [
    -8.321690356100000e+01,
    4.235784385700000e+01
  ],
  ""type"": ""Point""
}","{
  ""coordinates"": [
    -83.216903561,
    42.357843857
  ],
  ""type"": ""Point""
}",-83.216903561,42.357843857
19185,9987062,I-94,CADIEUX,2017-03-26,26,3,2017,4,1,5,1,,1,0,,1,1,4,55,3,2,2,5,0,0,0,0,true,,false,false,false,false,false,,,,,,false,false,true,,,false,false,false,false,false,-82.94414,42.41216,"{
  ""coordinates"": [
    -8.294413576300001e+01,
    4.241216142000010e+01
  ],
  ""type"": ""Point""
}","{
  ""coordinates"": [
    -82.944135763,
    42.41216142
  ],
  ""type"": ""Point""
}",-82.944135763,42.4121614200001
19186,9987106,VAUGHAN,SAWYER,2017-03-26,26,3,2017,2,1,2,9,,,2,,1,1,4,25,2,2,1,5,0,0,0,0,true,,false,false,false,false,false,,,,,,false,false,false,,,false,false,false,false,false,-83.23674,42.3466,"{
  ""coordinates"": [
    -8.323674246400000e+01,
    4.234659973700010e+01
  ],
  ""type"": ""Point""
}","{
  ""coordinates"": [
    -83.236742464,
    42.346599737
  ],
  ""type"": ""Point""
}",-83.236742464,42.3465997370001
19187,9990674,FORT,WOODMERE,2017-03-26,26,3,2017,15,1,1,3,,1,0,,2,2,1,35,2,1,1,5,0,0,0,0,true,,false,false,false,false,false,,,,,,false,false,false,,,false,false,false,false,false,-83.13094,42.29572,"{
  ""coordinates"": [
    -8.313093893800000e+01,
    4.229571717100000e+01
  ],
  ""type"": ""Point""
}","{
  ""coordinates"": [
    -83.130938938,
    42.295717171
  ],
  ""type"": ""Point""
}",-83.130938938,42.295717171
19188,9991888,I-94,FRENCH,2017-03-26,26,3,2017,11,1,1,1,,1,1,,1,2,1,55,3,1,2,4,0,0,0,1,false,,false,false,false,false,false,,,,,,false,false,true,,,false,false,false,false,false,-82.99318,42.39313,"{
  ""coordinates"": [
    -8.299317696500000e+01,
    4.239313048300000e+01
  ],
  ""type"": ""Point""
}","{
  ""coordinates"": [
    -82.993176965,
    42.393130483
  ],
  ""type"": ""Point""
}",-82.993176965,42.393130483
19189,9989413,RAMP 047H,N I 75,2017-03-26,26,3,2017,1,1,8,1,,1,0,,1,2,4,55,2,2,1,5,0,0,0,0,true,,false,false,true,false,false,,,,,,false,false,false,,,false,false,false,false,false,-83.07978,42.40953,"{
  ""coordinates"": [
    -8.307978064900000e+01,
    4.240953594600010e+01
  ],
  ""type"": ""Point""
}","{
  ""coordinates"": [
    -83.079780649,
    42.409535946
  ],
  ""type"": ""Point""
}",-83.079780649,42.4095359460001
19190,9987125,HOUSTON WHITTIER,FOURNIER,2017-03-26,26,3,2017,15,1,2,9,,4,0,,2,1,1,30,2,2,4,5,0,0,0,0,true,,false,false,false,false,false,,,,,,false,false,false,,,false,false,false,false,false,-82.98532,42.42042,"{
  ""coordinates"": [
    -8.298532438900000e+01,
    4.242042019300000e+01
  ],
  ""type"": ""Point""
}","{
  ""coordinates"": [
    -82.985324389,
    42.420420193
  ],
  ""type"": ""Point""
}",-82.985324389,42.420420193
19191,9987093,TRUMBULL,WARREN,2017-03-26,26,3,2017,20,1,4,9,,4,0,,2,4,4,30,6,2,3,5,0,0,0,0,true,,true,true,false,false,false,,,,,,false,false,true,,,false,false,false,false,false,-83.07872,42.3521,"{
  ""coordinates"": [
    -8.307872376300000e+01,
    4.235210059000010e+01
  ],
  ""type"": ""Point""
}","{
  ""coordinates"": [
    -83.078723763,
    42.35210059
  ],
  ""type"": ""Point""
}",-83.078723763,42.3521005900001
19192,1143833,MAPLEWOOD,BEECHWOOD,2017-03-26,26,3,2017,2,1,5,9,,,0,,1,1,4,25,1,2,1,5,0,0,0,0,true,,false,false,false,false,false,,,,,,false,false,false,,,false,false,false,false,false,-83.12452,42.36028,"{
  ""coordinates"": [
    -8.312451823399989e+01,
    4.236028015700000e+01
  ],
  ""type"": ""Point""
}","{
  ""coordinates"": [
    -83.124518234,
    42.360280157
  ],
  ""type"": ""Point""
}",-83.1245182339999,42.360280157
19193,9987140,ANTHONY WAYNE,KIRBY,2017-03-26,26,3,2017,12,1,5,9,,4,0,,2,4,1,25,2,2,2,5,0,0,0,0,true,,false,false,true,false,false,,,,,,false,false,true,,,false,false,false,false,false,-83.07289,42.3577,"{
  ""coordinates"": [
    -8.307289061099991e+01,
    4.235770014700010e+01
  ],
  ""type"": ""Point""
}","{
  ""coordinates"": [
    -83.072890611,
    42.357700147
  ],
  ""type"": ""Point""
}",-83.0728906109999,42.3577001470001
19194,9988528,N I 75,N I 375,2017-03-26,26,3,2017,12,1,1,1,,1,1,,2,4,1,55,2,1,1,5,0,0,0,0,true,,false,false,false,false,false,,,,,,false,true,false,,,false,false,false,false,false,-83.04396,42.34453,"{
  ""coordinates"": [
    -8.304395708500000e+01,
    4.234453231100010e+01
  ],
  ""type"": ""Point""
}","{
  ""coordinates"": [
    -83.043957085,
    42.344532311
  ],
  ""type"": ""Point""
}",-83.043957085,42.3445323110001
19195,9988574,IVANHOE,NORTHFIELD,2017-03-26,26,3,2017,22,1,98,9,,,0,,2,4,5,25,1,2,1,5,0,0,0,0,true,,false,false,true,false,false,,,,,,false,false,false,,,false,false,false,false,false,-83.12868,42.35674,"{
  ""coordinates"": [
    -8.312867398899991e+01,
    4.235674123700010e+01
  ],
  ""type"": ""Point""
}","{
  ""coordinates"": [
    -83.128673989,
    42.356741237
  ],
  ""type"": ""Point""
}",-83.1286739889999,42.3567412370001
19196,9991885,RAMP 014H,GRATIOT,2017-03-25,25,3,2017,8,7,1,1,,1,1,,2,4,1,55,2,1,1,4,0,0,0,1,false,,false,false,false,false,false,,,,,,false,false,false,,,false,false,false,false,false,-83.04399,42.34337,"{
  ""coordinates"": [
    -8.304398939299990e+01,
    4.234336912900010e+01
  ],
  ""type"": ""Point""
}","{
  ""coordinates"": [
    -83.043989393,
    42.343369129
  ],
  ""type"": ""Point""
}",-83.0439893929999,42.3433691290001
19197,9990710,CARRIE,MILBANK,2017-03-25,25,3,2017,12,7,5,9,,,0,,2,1,1,25,2,2,2,5,0,0,0,0,true,,false,false,false,false,false,,,,,,false,false,true,,,false,false,false,false,false,-83.03069,42.44332,"{
  ""coordinates"": [
    -8.303069407700001e+01,
    4.244331900600010e+01
  ],
  ""type"": ""Point""
}","{
  ""coordinates"": [
    -83.030694077,
    42.443319006
  ],
  ""type"": ""Point""
}",-83.030694077,42.4433190060001
19198,1005432,WARREN,MANSFIELD,2017-03-25,25,3,2017,21,7,1,9,,2,1,,1,1,4,35,4,1,1,5,0,0,0,0,true,,false,false,false,false,false,,,,,,false,false,false,,,false,false,false,false,false,-83.20228,42.34359,"{
  ""coordinates"": [
    -8.320228113000000e+01,
    4.234359416000010e+01
  ],
  ""type"": ""Point""
}","{
  ""coordinates"": [
    -83.20228113,
    42.34359416
  ],
  ""type"": ""Point""
}",-83.20228113,42.3435941600001
19199,9987118,FENKELL,PREVOST,2017-03-25,25,3,2017,15,7,4,9,,2,0,,1,1,1,30,2,2,3,3,0,0,2,0,false,,false,false,false,false,false,,,,,,false,false,true,,,false,false,false,false,false,-83.20297,42.40142,"{
  ""coordinates"": [
    -8.320297205100000e+01,
    4.240141512600010e+01
  ],
  ""type"": ""Point""
}","{
  ""coordinates"": [
    -83.202972051,
    42.401415126
  ],
  ""type"": ""Point""
}",-83.202972051,42.4014151260001
19200,9985846,DAVISON,DAVISON,2017-03-25,25,3,2017,5,7,1,3,,1,1,,2,4,4,35,3,1,1,4,0,0,0,2,false,,false,false,false,false,false,,,,,,false,false,false,,,false,false,false,false,false,-83.14622,42.38639,"{
  ""coordinates"": [
    -8.314622123500000e+01,
    4.238639434000000e+01
  ],
  ""type"": ""Point""
}","{
  ""coordinates"": [
    -83.146221235,
    42.38639434
  ],
  ""type"": ""Point""
}",-83.146221235,42.38639434
19201,1014063,WYOMING,PLYMOUTH,2017-03-25,25,3,2017,16,7,8,9,,4,0,,1,1,1,35,6,2,2,5,0,0,0,0,true,,false,false,false,false,false,,,,,,false,false,true,,,false,false,false,false,false,-83.15855,42.37331,"{
  ""coordinates"": [
    -8.315855531699999e+01,
    4.237330762200000e+01
  ],
  ""type"": ""Point""
}","{
  ""coordinates"": [
    -83.158555317,
    42.373307622
  ],
  ""type"": ""Point""
}",-83.158555317,42.373307622
19202,9987117,8 MILE,LAHSER,2017-03-25,25,3,2017,19,7,7,3,,1,0,,1,1,4,45,4,2,3,5,0,0,0,0,true,,false,false,false,false,false,,,,,,false,false,false,,,false,false,false,false,false,-83.25906,42.44324,"{
  ""coordinates"": [
    -8.325906221400000e+01,
    4.244323601600010e+01
  ],
  ""type"": ""Point""
}","{
  ""coordinates"": [
    -83.259062214,
    42.443236016
  ],
  ""type"": ""Point""
}",-83.259062214,42.4432360160001
19203,9987088,N M 10,RAMP 119C,2017-03-25,25,3,2017,22,7,97,3,,1,0,,2,2,5,0,2,2,3,5,0,0,0,0,true,,false,false,false,false,false,,,,,,false,false,false,,,false,false,false,false,false,-83.07115,42.34999,"{
  ""coordinates"": [
    -8.307115249600000e+01,
    4.234999221700010e+01
  ],
  ""type"": ""Point""
}","{
  ""coordinates"": [
    -83.071152496,
    42.349992217
  ],
  ""type"": ""Point""
}",-83.071152496,42.3499922170001
19204,9985916,GREENFIELD,SAINT MARTINS,2017-03-25,25,3,2017,7,7,1,9,,2,0,,2,1,1,35,4,2,2,2,0,1,0,0,false,,true,false,false,false,false,,,,,,false,false,false,,,false,false,false,true,false,-83.2001,42.43579,"{
  ""coordinates"": [
    -8.320009721699989e+01,
    4.243578981600010e+01
  ],
  ""type"": ""Point""
}","{
  ""coordinates"": [
    -83.200097217,
    42.435789816
  ],
  ""type"": ""Point""
}",-83.2000972169999,42.4357898160001
19205,9985856,I-94,BEAUBIEN,2017-03-25,25,3,2017,20,7,5,1,,1,0,,1,2,4,55,3,2,3,4,0,0,0,1,false,,false,false,false,false,false,,,,,,false,false,true,,,false,false,false,false,false,-83.0631,42.36632,"{
  ""coordinates"": [
    -8.306310563700001e+01,
    4.236631616600000e+01
  ],
  ""type"": ""Point""
}","{
  ""coordinates"": [
    -83.063105637,
    42.366316166
  ],
  ""type"": ""Point""
}",-83.063105637,42.366316166
19206,9987098,MC GRAW,SPRINGWELLS,2017-03-25,25,3,2017,8,7,7,9,,4,0,,1,1,1,25,2,2,2,5,0,0,0,0,true,,false,false,false,false,false,,,,,,false,true,true,,,false,false,false,false,false,-83.14256,42.33477,"{
  ""coordinates"": [
    -8.314255491700000e+01,
    4.233477542100010e+01
  ],
  ""type"": ""Point""
}","{
  ""coordinates"": [
    -83.142554917,
    42.334775421
  ],
  ""type"": ""Point""
}",-83.142554917,42.3347754210001
19207,9985935,DAVISON,LODGE,2017-03-25,25,3,2017,12,7,1,3,,1,1,,2,1,1,35,3,1,1,5,0,0,0,0,true,,false,false,false,false,false,,,,,,false,false,false,,,false,false,false,false,false,-83.10953,42.39844,"{
  ""coordinates"": [
    -8.310952947899990e+01,
    4.239843571200000e+01
  ],
  ""type"": ""Point""
}","{
  ""coordinates"": [
    -83.109529479,
    42.398435712
  ],
  ""type"": ""Point""
}",-83.1095294789999,42.398435712
19208,9985928,CHALMERS,7 MILE,2017-03-25,25,3,2017,11,7,4,9,,4,0,,2,2,1,30,3,2,2,4,0,0,0,1,false,,true,true,false,false,false,,,,,,false,false,false,,,false,false,false,false,false,-82.97527,42.43514,"{
  ""coordinates"": [
    -8.297527528800001e+01,
    4.243513949000000e+01
  ],
  ""type"": ""Point""
}","{
  ""coordinates"": [
    -82.975275288,
    42.43513949
  ],
  ""type"": ""Point""
}",-82.975275288,42.43513949
19209,1001331,SCHAEFER,CAMBRIDGE,2017-03-25,25,3,2017,16,7,2,9,,4,2,,1,1,1,0,4,2,0,5,0,0,0,0,true,,false,false,false,false,false,,,,,,false,false,false,,,false,false,false,false,false,-83.18055,42.4329,"{
  ""coordinates"": [
    -8.318055287899990e+01,
    4.243290511500000e+01
  ],
  ""type"": ""Point""
}","{
  ""coordinates"": [
    -83.180552879,
    42.432905115
  ],
  ""type"": ""Point""
}",-83.1805528789999,42.432905115
19210,9990712,DEQUINDRE,7 MILE,2017-03-25,25,3,2017,17,7,5,9,,4,0,,2,4,1,0,2,2,1,5,0,0,0,0,true,,false,false,false,false,false,,,,,,false,false,false,,,false,false,false,false,false,-83.08289,42.43291,"{
  ""coordinates"": [
    -8.308288978400000e+01,
    4.243290816400000e+01
  ],
  ""type"": ""Point""
}","{
  ""coordinates"": [
    -83.082889784,
    42.432908164
  ],
  ""type"": ""Point""
}",-83.082889784,42.432908164