ObjectId,Crash ID,Primary Road,Intersecting Road,Crash Date,Day,Month,Year,Hour,Weekday,Crash Type Code,Highway Classification Code,Community Code,Jurisdiction Code,Lane Departure Type Code,Surface Type,Road Condition,Weather Condition,Lighting Condition,Speed Limit,Lanes,Units,Occupants,Most Severe Injury,Fatal Injuries,Suspected Serious Injuries,Suspected Minor Injuries,Possible Injuries,Property Damage Only,Secondary Crash,Traffic Control,Red Light Run,Hit and Run,Alcohol,Drugs,Unbelted Person,Work Zone,Speeding Driver,Distracted Driver,Driveway,Pedestrian,Elderly Driver,Young Driver,Commercial Vehicle,Emergency Vehicles,Train,School Bus,Motorcycle,Bicycle,Deer,Longitude,Latitude,geom,geog,x,y
19496,9984713,MOROSS,CHANDLER PARK,2017-03-21,21,3,2017,13,3,9,9,,2,0,,1,1,1,35,2,2,1,5,0,0,0,0,true,,false,false,true,false,false,,,,,,false,false,false,,,false,false,false,false,false,-82.91522,42.41872,"{
  ""coordinates"": [
    -8.291522553500000e+01,
    4.241871693800000e+01
  ],
  ""type"": ""Point""
}","{
  ""coordinates"": [
    -82.915225535,
    42.418716938
  ],
  ""type"": ""Point""
}",-82.915225535,42.418716938
19497,9985705,M-10,8 MILE,2017-03-21,21,3,2017,11,3,1,3,,1,1,,1,1,1,70,3,1,1,5,0,0,0,0,true,,false,false,false,false,false,,,,,,false,false,false,,,false,false,false,false,false,-83.20293,42.4444,"{
  ""coordinates"": [
    -8.320292438500000e+01,
    4.244440336200010e+01
  ],
  ""type"": ""Point""
}","{
  ""coordinates"": [
    -83.202924385,
    42.444403362
  ],
  ""type"": ""Point""
}",-83.202924385,42.4444033620001
19498,9984700,JOHN R,ERSKINE,2017-03-21,21,3,2017,10,3,9,9,,4,2,,1,1,1,25,2,2,2,5,0,0,0,0,true,,false,false,false,false,false,,,,,,false,false,false,,,false,false,false,false,false,-83.05466,42.34654,"{
  ""coordinates"": [
    -8.305466657300001e+01,
    4.234653864200000e+01
  ],
  ""type"": ""Point""
}","{
  ""coordinates"": [
    -83.054666573,
    42.346538642
  ],
  ""type"": ""Point""
}",-83.054666573,42.346538642
19499,9988585,MARK TWAIN,CLARITA,2017-03-21,21,3,2017,15,3,9,9,,,2,,1,2,1,25,2,2,1,5,0,0,0,0,true,,false,false,true,false,false,,,,,,false,false,false,,,false,false,false,false,false,-83.18755,42.42854,"{
  ""coordinates"": [
    -8.318754395400001e+01,
    4.242853686500010e+01
  ],
  ""type"": ""Point""
}","{
  ""coordinates"": [
    -83.187543954,
    42.428536865
  ],
  ""type"": ""Point""
}",-83.187543954,42.4285368650001
19500,1000262,LIVERNOIS,N I 75 SERVICE DRIVE,2017-03-20,20,3,2017,10,2,5,9,,4,0,,2,2,1,25,2,2,3,2,0,1,0,0,false,,false,false,false,false,false,,,,,,false,false,false,,,false,false,false,false,false,-83.10381,42.3071,"{
  ""coordinates"": [
    -8.310380468100000e+01,
    4.230710219400000e+01
  ],
  ""type"": ""Point""
}","{
  ""coordinates"": [
    -83.103804681,
    42.307102194
  ],
  ""type"": ""Point""
}",-83.103804681,42.307102194
19501,9985822,S I 75,RAMP 216J,2017-03-20,20,3,2017,22,2,5,1,,1,0,,2,2,4,55,3,2,2,5,0,0,0,0,true,,false,false,false,false,false,,,,,,false,false,false,,,false,false,false,false,false,-83.05878,42.36975,"{
  ""coordinates"": [
    -8.305877901400000e+01,
    4.236975490500000e+01
  ],
  ""type"": ""Point""
}","{
  ""coordinates"": [
    -83.058779014,
    42.369754905
  ],
  ""type"": ""Point""
}",-83.058779014,42.369754905
19502,9982301,DAVISON,HASSE,2017-03-20,20,3,2017,22,2,4,9,,4,0,,2,4,4,25,6,2,2,4,0,0,0,2,false,,false,false,true,false,false,,,,,,false,false,true,,,false,false,false,false,false,-83.05534,42.41785,"{
  ""coordinates"": [
    -8.305533910000000e+01,
    4.241785444100000e+01
  ],
  ""type"": ""Point""
}","{
  ""coordinates"": [
    -83.0553391,
    42.417854441
  ],
  ""type"": ""Point""
}",-83.0553391,42.417854441
19503,9982975,DEXTER,OAKMAN,2017-03-20,20,3,2017,8,2,7,9,,4,0,,2,2,1,30,5,2,1,4,0,0,0,1,false,,false,false,false,false,false,,,,,,false,false,true,,,false,false,false,false,false,-83.13308,42.39305,"{
  ""coordinates"": [
    -8.313308019300000e+01,
    4.239304644700010e+01
  ],
  ""type"": ""Point""
}","{
  ""coordinates"": [
    -83.133080193,
    42.393046447
  ],
  ""type"": ""Point""
}",-83.133080193,42.3930464470001
19504,9982296,HAYES,8 MILE,2017-03-20,20,3,2017,8,2,4,3,,4,0,,2,2,1,25,2,2,1,5,0,0,0,0,true,,false,false,true,false,false,,,,,,false,false,false,,,false,false,false,false,false,-82.96609,42.44989,"{
  ""coordinates"": [
    -8.296608734199999e+01,
    4.244989323500000e+01
  ],
  ""type"": ""Point""
}","{
  ""coordinates"": [
    -82.966087342,
    42.449893235
  ],
  ""type"": ""Point""
}",-82.966087342,42.449893235
19505,9985963,VASSAR,TRACEY,2017-03-20,20,3,2017,15,2,4,9,,4,0,,1,1,1,25,4,2,2,4,0,0,0,1,false,,false,false,true,false,false,,,,,,false,false,false,,,false,false,false,false,false,-83.18182,42.43452,"{
  ""coordinates"": [
    -8.318181685699990e+01,
    4.243452498800010e+01
  ],
  ""type"": ""Point""
}","{
  ""coordinates"": [
    -83.181816857,
    42.434524988
  ],
  ""type"": ""Point""
}",-83.1818168569999,42.4345249880001
19506,9982291,CHENE,HENDRICKS,2017-03-20,20,3,2017,23,2,4,9,,4,0,,2,1,3,25,8,2,8,5,0,0,0,0,true,,false,false,false,false,false,,,,,,false,false,false,,,false,false,false,false,false,-83.0308,42.35062,"{
  ""coordinates"": [
    -8.303079831199990e+01,
    4.235061665000010e+01
  ],
  ""type"": ""Point""
}","{
  ""coordinates"": [
    -83.030798312,
    42.35061665
  ],
  ""type"": ""Point""
}",-83.0307983119999,42.3506166500001
19507,9987073,W I 94,CONCORD,2017-03-20,20,3,2017,21,2,5,1,,1,0,,2,4,4,55,3,2,2,5,0,0,0,0,true,,false,false,false,false,false,,,,,,false,false,false,,,false,false,false,false,false,-83.0293,42.3839,"{
  ""coordinates"": [
    -8.302929369600000e+01,
    4.238390354100010e+01
  ],
  ""type"": ""Point""
}","{
  ""coordinates"": [
    -83.029293696,
    42.383903541
  ],
  ""type"": ""Point""
}",-83.029293696,42.3839035410001
19508,9987811,FORT,SCHAEFER,2017-03-20,20,3,2017,12,2,8,3,,1,0,,1,1,1,25,2,2,5,5,0,0,0,0,true,,false,false,false,false,false,,,,,,false,false,true,,,false,false,false,false,false,-83.15511,42.27623,"{
  ""coordinates"": [
    -8.315511151999991e+01,
    4.227622431700010e+01
  ],
  ""type"": ""Point""
}","{
  ""coordinates"": [
    -83.15511152,
    42.276224317
  ],
  ""type"": ""Point""
}",-83.1551115199999,42.2762243170001
19509,9985988,MCNICHOLS,PREST,2017-03-20,20,3,2017,14,2,3,9,,2,0,,1,1,1,0,4,2,5,4,0,0,0,4,false,,false,false,false,false,false,,,,,,false,false,true,,,false,false,false,false,false,-83.19808,42.41603,"{
  ""coordinates"": [
    -8.319807974100000e+01,
    4.241603312400010e+01
  ],
  ""type"": ""Point""
}","{
  ""coordinates"": [
    -83.198079741,
    42.416033124
  ],
  ""type"": ""Point""
}",-83.198079741,42.4160331240001
19510,9982952,MCNICHOLS,ROSEMONT,2017-03-20,20,3,2017,20,2,8,9,,2,0,,2,1,3,35,4,2,1,5,0,0,0,0,true,,false,false,false,false,false,,,,,,false,false,true,,,false,false,false,false,false,-83.22116,42.41551,"{
  ""coordinates"": [
    -8.322116219899991e+01,
    4.241551240000010e+01
  ],
  ""type"": ""Point""
}","{
  ""coordinates"": [
    -83.221162199,
    42.4155124
  ],
  ""type"": ""Point""
}",-83.2211621989999,42.4155124000001
19511,9982979,DAVISON,CONANT,2017-03-20,20,3,2017,0,2,4,3,,1,0,,1,1,4,35,6,2,6,5,0,0,0,0,true,,false,false,true,false,false,,,,,,false,false,true,,,false,false,false,false,false,-83.06149,42.41553,"{
  ""coordinates"": [
    -8.306148208600000e+01,
    4.241552767100010e+01
  ],
  ""type"": ""Point""
}","{
  ""coordinates"": [
    -83.061482086,
    42.415527671
  ],
  ""type"": ""Point""
}",-83.061482086,42.4155276710001
19512,9988524,RAMP 216E,RAMP 216D,2017-03-20,20,3,2017,15,2,5,1,,1,0,,1,2,1,55,2,3,2,5,0,0,0,0,true,,false,false,true,false,false,,,,,,false,false,false,,,false,false,false,false,false,-83.05714,42.36821,"{
  ""coordinates"": [
    -8.305714428100001e+01,
    4.236821363100010e+01
  ],
  ""type"": ""Point""
}","{
  ""coordinates"": [
    -83.057144281,
    42.368213631
  ],
  ""type"": ""Point""
}",-83.057144281,42.3682136310001
19513,9981404,7 MILE,JOHN R,2017-03-20,20,3,2017,7,2,8,9,,4,0,,2,1,1,0,2,2,3,5,0,0,0,0,true,,false,false,false,false,false,,,,,,false,false,false,,,false,false,false,false,false,-83.1021,42.43229,"{
  ""coordinates"": [
    -8.310210571999990e+01,
    4.243229001000000e+01
  ],
  ""type"": ""Point""
}","{
  ""coordinates"": [
    -83.10210572,
    42.43229001
  ],
  ""type"": ""Point""
}",-83.1021057199999,42.43229001
19514,9987081,RAMP 122H,RAMP 122J,2017-03-20,20,3,2017,10,2,1,1,,1,1,,1,2,1,55,1,1,1,5,0,0,0,0,true,,false,false,false,false,false,,,,,,false,false,false,,,false,false,false,false,false,-83.0622,42.33471,"{
  ""coordinates"": [
    -8.306219924700000e+01,
    4.233471323700010e+01
  ],
  ""type"": ""Point""
}","{
  ""coordinates"": [
    -83.062199247,
    42.334713237
  ],
  ""type"": ""Point""
}",-83.062199247,42.3347132370001
19515,9982974,SANTA MARIA,EVERGREEN,2017-03-20,20,3,2017,10,2,5,9,,,0,,2,3,1,25,1,2,1,5,0,0,0,0,true,,false,false,true,false,false,,,,,,false,false,false,,,false,false,false,false,false,-83.2384,42.41745,"{
  ""coordinates"": [
    -8.323839923100000e+01,
    4.241744903700000e+01
  ],
  ""type"": ""Point""
}","{
  ""coordinates"": [
    -83.238399231,
    42.417449037
  ],
  ""type"": ""Point""
}",-83.238399231,42.417449037
19516,1006444,ROXBURY,BRITAIN,2017-03-20,20,3,2017,0,2,2,9,,,2,,1,1,5,25,1,2,1,5,0,0,0,0,true,,false,false,false,false,false,,,,,,false,false,false,,,false,false,false,false,false,-82.94859,42.42237,"{
  ""coordinates"": [
    -8.294858479800000e+01,
    4.242237308500010e+01
  ],
  ""type"": ""Point""
}","{
  ""coordinates"": [
    -82.948584798,
    42.422373085
  ],
  ""type"": ""Point""
}",-82.948584798,42.4223730850001
19517,9982955,SOUTHFIELD SERVICE DRIVE,HESSEL,2017-03-20,20,3,2017,6,2,1,3,,5,1,,2,2,4,30,2,1,1,5,0,0,0,0,true,,false,false,true,false,false,,,,,,false,false,false,,,false,false,false,false,false,-83.2201,42.44256,"{
  ""coordinates"": [
    -8.322010239699991e+01,
    4.244256351700010e+01
  ],
  ""type"": ""Point""
}","{
  ""coordinates"": [
    -83.220102397,
    42.442563517
  ],
  ""type"": ""Point""
}",-83.2201023969999,42.4425635170001
19518,9997532,NEVADA,CARRIE,2017-03-20,20,3,2017,7,2,97,9,,4,0,,2,4,2,25,2,2,2,3,0,0,1,0,false,,false,false,false,false,false,,,,,,false,false,true,,,false,false,false,false,false,-83.03009,42.42661,"{
  ""coordinates"": [
    -8.303008796099989e+01,
    4.242661336100010e+01
  ],
  ""type"": ""Point""
}","{
  ""coordinates"": [
    -83.030087961,
    42.426613361
  ],
  ""type"": ""Point""
}",-83.0300879609999,42.4266133610001
19519,1002142,216E,I-75,2017-03-20,20,3,2017,14,2,5,1,,1,0,,1,2,1,55,2,2,3,1,1,1,0,1,false,,false,false,false,false,false,,,,,,false,false,false,,,false,false,false,false,false,-83.0547,42.36245,"{
  ""coordinates"": [
    -8.305469169100000e+01,
    4.236244401000000e+01
  ],
  ""type"": ""Point""
}","{
  ""coordinates"": [
    -83.054691691,
    42.36244401
  ],
  ""type"": ""Point""
}",-83.054691691,42.36244401
19520,9982279,WHITCOMB,PURITAN,2017-03-20,20,3,2017,2,2,5,9,,,0,,2,4,4,0,2,2,0,5,0,0,0,0,true,,false,false,true,false,false,,,,,,false,false,false,,,false,false,false,false,false,-83.19656,42.40883,"{
  ""coordinates"": [
    -8.319655865700000e+01,
    4.240883262200000e+01
  ],
  ""type"": ""Point""
}","{
  ""coordinates"": [
    -83.196558657,
    42.408832622
  ],
  ""type"": ""Point""
}",-83.196558657,42.408832622
19521,9982285,GRAND,2ND,2017-03-20,20,3,2017,16,2,97,9,,4,0,,1,2,1,25,2,2,2,5,0,0,0,0,true,,false,false,false,false,false,,,,,,false,false,false,,,false,false,false,false,false,-83.06262,42.345,"{
  ""coordinates"": [
    -8.306262524499989e+01,
    4.234499792800010e+01
  ],
  ""type"": ""Point""
}","{
  ""coordinates"": [
    -83.062625245,
    42.344997928
  ],
  ""type"": ""Point""
}",-83.0626252449999,42.3449979280001
19522,9982280,GRAND RIVER,E I 96 SERVICE DRIVE,2017-03-20,20,3,2017,9,2,3,3,,1,0,,2,2,1,30,7,2,3,5,0,0,0,0,true,,false,false,false,false,false,,,,,,false,false,true,,,false,false,false,false,false,-83.17519,42.38334,"{
  ""coordinates"": [
    -8.317518955000000e+01,
    4.238333359400010e+01
  ],
  ""type"": ""Point""
}","{
  ""coordinates"": [
    -83.17518955,
    42.383333594
  ],
  ""type"": ""Point""
}",-83.17518955,42.3833335940001
19523,9985962,WOODWARD,7 MILE,2017-03-20,20,3,2017,17,2,8,3,,1,0,,1,2,1,35,5,2,2,5,0,0,0,0,true,,false,false,false,false,false,,,,,,false,true,true,,,false,false,false,false,false,-83.11475,42.43178,"{
  ""coordinates"": [
    -8.311474319000000e+01,
    4.243177877200000e+01
  ],
  ""type"": ""Point""
}","{
  ""coordinates"": [
    -83.11474319,
    42.431778772
  ],
  ""type"": ""Point""
}",-83.11474319,42.431778772
19524,1038618,EVERGREEN,W I 96,2017-03-20,20,3,2017,8,2,4,9,,4,0,,1,1,1,35,4,2,2,5,0,0,0,0,true,,false,false,true,false,false,,,,,,false,false,false,,,false,false,false,false,false,-83.23665,42.38041,"{
  ""coordinates"": [
    -8.323664690399990e+01,
    4.238040960600010e+01
  ],
  ""type"": ""Point""
}","{
  ""coordinates"": [
    -83.236646904,
    42.380409606
  ],
  ""type"": ""Point""
}",-83.2366469039999,42.3804096060001
19525,9982964,CHARLEVOIX,MOUNT ELLIOTT,2017-03-20,20,3,2017,15,2,9,9,,4,0,,1,1,1,30,3,2,3,4,0,0,0,3,false,,false,false,false,false,false,,,,,,false,false,true,,,false,false,false,false,false,-83.01881,42.35707,"{
  ""coordinates"": [
    -8.301881008200000e+01,
    4.235706610600000e+01
  ],
  ""type"": ""Point""
}","{
  ""coordinates"": [
    -83.018810082,
    42.357066106
  ],
  ""type"": ""Point""
}",-83.018810082,42.357066106
19526,9982298,DRESDEN,LAPPIN,2017-03-20,20,3,2017,5,2,4,9,,,0,,2,2,4,25,2,2,2,4,0,0,0,1,false,,false,false,true,false,false,,,,,,false,false,false,,,false,false,false,false,false,-82.99986,42.43639,"{
  ""coordinates"": [
    -8.299985914400000e+01,
    4.243639413700000e+01
  ],
  ""type"": ""Point""
}","{
  ""coordinates"": [
    -82.999859144,
    42.436394137
  ],
  ""type"": ""Point""
}",-82.999859144,42.436394137
19527,9982957,S M 39 SERVICE DRIVE,TIREMAN,2017-03-20,20,3,2017,9,2,8,9,,4,0,,1,1,1,55,3,2,1,5,0,0,0,0,true,,false,false,true,false,false,,,,,,false,false,false,,,false,false,false,false,false,-83.21678,42.35082,"{
  ""coordinates"": [
    -8.321678347999990e+01,
    4.235082165500010e+01
  ],
  ""type"": ""Point""
}","{
  ""coordinates"": [
    -83.21678348,
    42.350821655
  ],
  ""type"": ""Point""
}",-83.2167834799999,42.3508216550001
19528,1022338,JOY,CHEYENNE,2017-03-20,20,3,2017,14,2,4,9,,4,0,,1,1,1,30,4,2,3,5,0,0,0,0,true,,true,false,false,false,false,,,,,,false,true,false,,,false,false,false,false,false,-83.17372,42.35863,"{
  ""coordinates"": [
    -8.317371859699990e+01,
    4.235862772600010e+01
  ],
  ""type"": ""Point""
}","{
  ""coordinates"": [
    -83.173718597,
    42.358627726
  ],
  ""type"": ""Point""
}",-83.1737185969999,42.3586277260001
19529,9982984,WOODWARD,STATE FAIR,2017-03-20,20,3,2017,14,2,4,3,,1,0,,1,1,1,40,5,2,3,1,1,0,2,0,false,,true,true,false,false,false,,,,,,false,true,false,,,false,false,false,false,false,-83.12019,42.43915,"{
  ""coordinates"": [
    -8.312018370800000e+01,
    4.243915291800000e+01
  ],
  ""type"": ""Point""
}","{
  ""coordinates"": [
    -83.120183708,
    42.439152918
  ],
  ""type"": ""Point""
}",-83.120183708,42.439152918
19530,9982971,GRATIOT,MANNNING,2017-03-20,20,3,2017,15,2,98,3,,1,0,,1,1,1,35,7,2,3,5,0,0,0,0,true,,false,false,false,false,false,,,,,,false,false,false,,,false,false,false,false,false,-82.974,42.4407,"{
  ""coordinates"": [
    -8.297399580099990e+01,
    4.244070440900000e+01
  ],
  ""type"": ""Point""
}","{
  ""coordinates"": [
    -82.973995801,
    42.440704409
  ],
  ""type"": ""Point""
}",-82.9739958009999,42.440704409
19531,1000287,JOHN R,7 MILE,2017-03-20,20,3,2017,18,2,8,9,,4,0,,1,1,1,35,2,2,2,5,0,0,0,0,true,,false,false,true,false,false,,,,,,false,false,false,,,false,false,false,false,false,-83.10237,42.43221,"{
  ""coordinates"": [
    -8.310237386400000e+01,
    4.243221154700010e+01
  ],
  ""type"": ""Point""
}","{
  ""coordinates"": [
    -83.102373864,
    42.432211547
  ],
  ""type"": ""Point""
}",-83.102373864,42.4322115470001
19532,9989407,S/B M-39,7 MILE,2017-03-20,20,3,2017,0,2,8,3,,1,0,,1,1,4,55,3,2,1,5,0,0,0,0,true,,false,false,true,false,false,,,,,,false,false,false,,,false,false,false,false,false,-83.21931,42.42858,"{
  ""coordinates"": [
    -8.321931448799999e+01,
    4.242857720200000e+01
  ],
  ""type"": ""Point""
}","{
  ""coordinates"": [
    -83.219314488,
    42.428577202
  ],
  ""type"": ""Point""
}",-83.219314488,42.428577202
19533,9985821,RAMP 109D,M-10,2017-03-20,20,3,2017,18,2,1,3,,1,1,,2,4,4,55,1,1,3,4,0,0,0,3,false,,false,false,false,false,false,,,,,,false,false,true,,,false,false,false,false,false,-83.10854,42.39719,"{
  ""coordinates"": [
    -8.310854498399991e+01,
    4.239718512100010e+01
  ],
  ""type"": ""Point""
}","{
  ""coordinates"": [
    -83.108544984,
    42.397185121
  ],
  ""type"": ""Point""
}",-83.1085449839999,42.3971851210001
19534,9982958,RANDOLPH,JEFFERSON,2017-03-20,20,3,2017,13,2,10,3,,1,0,,1,1,1,10,2,2,4,5,0,0,0,0,true,,false,false,false,false,false,,,,,,false,false,true,,,false,false,false,false,false,-83.04221,42.32992,"{
  ""coordinates"": [
    -8.304220220900000e+01,
    4.232992138500000e+01
  ],
  ""type"": ""Point""
}","{
  ""coordinates"": [
    -83.042202209,
    42.329921385
  ],
  ""type"": ""Point""
}",-83.042202209,42.329921385
19535,9982969,OUTER,SAINT MARYS,2017-03-20,20,3,2017,18,2,8,9,,2,0,,2,1,1,35,2,2,1,5,0,0,0,0,true,,false,false,true,false,false,,,,,,false,false,false,,,false,false,false,false,false,-83.20728,42.41951,"{
  ""coordinates"": [
    -8.320728013599999e+01,
    4.241951322900010e+01
  ],
  ""type"": ""Point""
}","{
  ""coordinates"": [
    -83.207280136,
    42.419513229
  ],
  ""type"": ""Point""
}",-83.207280136,42.4195132290001
19536,9985837,I-94,WOODWARD,2017-03-20,20,3,2017,14,2,1,1,,1,1,,1,1,1,55,3,1,1,5,0,0,0,0,true,,false,false,false,false,false,,,,,,false,true,false,,,false,false,false,false,false,-83.07072,42.36279,"{
  ""coordinates"": [
    -8.307072137599990e+01,
    4.236279433400010e+01
  ],
  ""type"": ""Point""
}","{
  ""coordinates"": [
    -83.070721376,
    42.362794334
  ],
  ""type"": ""Point""
}",-83.0707213759999,42.3627943340001
19537,9982286,WOODWARD,FOREST,2017-03-20,20,3,2017,13,2,8,3,,1,0,,1,2,1,30,7,2,2,5,0,0,0,0,true,,false,false,false,false,false,,,,,,false,false,true,,,false,false,false,false,false,-83.06285,42.35455,"{
  ""coordinates"": [
    -8.306284801100000e+01,
    4.235454411000010e+01
  ],
  ""type"": ""Point""
}","{
  ""coordinates"": [
    -83.062848011,
    42.35454411
  ],
  ""type"": ""Point""
}",-83.062848011,42.3545441100001
19538,9987122,EVERGREEN,SANTA MARIA,2017-03-20,20,3,2017,15,2,4,9,,4,0,,1,1,1,30,2,2,3,4,0,0,0,1,false,,false,false,false,false,false,,,,,,false,true,true,,,false,false,false,false,false,-83.2383,42.41745,"{
  ""coordinates"": [
    -8.323830176900000e+01,
    4.241745147300000e+01
  ],
  ""type"": ""Point""
}","{
  ""coordinates"": [
    -83.238301769,
    42.417451473
  ],
  ""type"": ""Point""
}",-83.238301769,42.417451473
19539,9988584,N M 10,RAMP 107C,2017-03-20,20,3,2017,15,2,5,3,,1,0,,1,1,1,55,4,2,1,5,0,0,0,0,true,,false,false,false,false,false,,,,,,false,false,false,,,false,false,false,false,false,-83.13589,42.40501,"{
  ""coordinates"": [
    -8.313589391600000e+01,
    4.240501147600000e+01
  ],
  ""type"": ""Point""
}","{
  ""coordinates"": [
    -83.135893916,
    42.405011476
  ],
  ""type"": ""Point""
}",-83.135893916,42.405011476
19540,9982302,8 MILE,ILENE,2017-03-20,20,3,2017,10,2,5,3,,1,0,,1,1,1,40,4,2,2,5,0,0,0,0,true,,false,false,false,false,false,,,,,,false,true,false,,,false,false,false,false,false,-83.16394,42.44561,"{
  ""coordinates"": [
    -8.316394049099991e+01,
    4.244560732100010e+01
  ],
  ""type"": ""Point""
}","{
  ""coordinates"": [
    -83.163940491,
    42.445607321
  ],
  ""type"": ""Point""
}",-83.1639404909999,42.4456073210001
19541,9982972,HARPER,WHITTIER,2017-03-20,20,3,2017,10,2,4,9,,4,0,,98,98,4,35,7,2,2,5,0,0,0,0,true,,false,false,false,false,false,,,,,,false,false,false,,,false,false,false,false,false,-82.94238,42.41246,"{
  ""coordinates"": [
    -8.294237974000001e+01,
    4.241245804800010e+01
  ],
  ""type"": ""Point""
}","{
  ""coordinates"": [
    -82.94237974,
    42.412458048
  ],
  ""type"": ""Point""
}",-82.94237974,42.4124580480001
19542,9983868,GRISWALD,STATE,2017-03-20,20,3,2017,8,2,8,9,,4,0,,1,1,1,25,2,2,1,5,0,0,0,0,true,,false,false,true,false,false,,,,,,false,false,false,,,false,false,false,false,false,-83.04926,42.33304,"{
  ""coordinates"": [
    -8.304925394799990e+01,
    4.233303805000000e+01
  ],
  ""type"": ""Point""
}","{
  ""coordinates"": [
    -83.049253948,
    42.33303805
  ],
  ""type"": ""Point""
}",-83.0492539479999,42.33303805
19543,9982973,DAVISON,SANTA ROSA,2017-03-20,20,3,2017,16,2,8,3,,1,0,,1,1,1,30,4,2,2,5,0,0,0,0,true,,false,false,false,false,false,,,,,,false,false,false,,,false,false,false,false,false,-83.14186,42.38641,"{
  ""coordinates"": [
    -8.314186043200000e+01,
    4.238641435900010e+01
  ],
  ""type"": ""Point""
}","{
  ""coordinates"": [
    -83.141860432,
    42.386414359
  ],
  ""type"": ""Point""
}",-83.141860432,42.3864143590001
19544,1000286,DAVISON,S I 75,2017-03-20,20,3,2017,13,2,8,9,,4,0,,1,1,1,55,4,2,2,5,0,0,0,0,true,,false,false,true,false,false,,,,,,false,false,false,,,false,false,false,false,false,-83.07943,42.40857,"{
  ""coordinates"": [
    -8.307942864899999e+01,
    4.240857221800010e+01
  ],
  ""type"": ""Point""
}","{
  ""coordinates"": [
    -83.079428649,
    42.408572218
  ],
  ""type"": ""Point""
}",-83.079428649,42.4085722180001
19545,9983836,I-94,WARREN,2017-03-20,20,3,2017,17,2,8,1,,1,0,,1,2,1,55,3,2,2,4,0,0,0,1,false,,false,false,false,false,false,,,,,,false,false,false,,,false,false,false,false,false,-83.1132,42.34491,"{
  ""coordinates"": [
    -8.311320220999990e+01,
    4.234490476000010e+01
  ],
  ""type"": ""Point""
}","{
  ""coordinates"": [
    -83.11320221,
    42.34490476
  ],
  ""type"": ""Point""
}",-83.1132022099999,42.3449047600001
19546,9982954,S M 39 SERVICE DRIVE,JOY,2017-03-20,20,3,2017,19,2,8,9,,4,0,,1,1,1,55,3,2,3,5,0,0,0,0,true,,false,false,true,false,false,,,,,,false,false,false,,,false,false,false,false,false,-83.21688,42.35757,"{
  ""coordinates"": [
    -8.321688293600000e+01,
    4.235757290400010e+01
  ],
  ""type"": ""Point""
}","{
  ""coordinates"": [
    -83.216882936,
    42.357572904
  ],
  ""type"": ""Point""
}",-83.216882936,42.3575729040001
19547,9982288,LIVERNOIS,JOHN KRONK,2017-03-20,20,3,2017,7,2,1,9,,4,1,,2,4,2,40,4,1,2,5,0,0,0,0,true,,false,false,false,false,false,,,,,,false,false,false,,,false,false,false,false,false,-83.11494,42.3237,"{
  ""coordinates"": [
    -8.311494534000001e+01,
    4.232370342000010e+01
  ],
  ""type"": ""Point""
}","{
  ""coordinates"": [
    -83.11494534,
    42.32370342
  ],
  ""type"": ""Point""
}",-83.11494534,42.3237034200001
19548,9982284,ANTHONY WAYNE,WARREN,2017-03-20,20,3,2017,15,2,8,9,,4,0,,1,2,1,25,2,2,2,5,0,0,0,0,true,,false,false,false,false,false,,,,,,false,false,false,,,false,false,false,false,false,-83.07159,42.35493,"{
  ""coordinates"": [
    -8.307159119799999e+01,
    4.235493200200010e+01
  ],
  ""type"": ""Point""
}","{
  ""coordinates"": [
    -83.071591198,
    42.354932002
  ],
  ""type"": ""Point""
}",-83.071591198,42.3549320020001
19549,9982312,MARGARETA,FREELAND,2017-03-20,20,3,2017,1,2,4,9,,,0,,2,4,4,25,2,2,3,5,0,0,0,0,true,,true,false,false,false,false,,,,,,false,false,false,,,false,false,false,false,false,-83.18631,42.42725,"{
  ""coordinates"": [
    -8.318630752400000e+01,
    4.242725304300010e+01
  ],
  ""type"": ""Point""
}","{
  ""coordinates"": [
    -83.186307524,
    42.427253043
  ],
  ""type"": ""Point""
}",-83.186307524,42.4272530430001
19550,9982278,WHITCOMB,PURITAN,2017-03-20,20,3,2017,4,2,5,9,,,0,,1,1,4,25,4,3,1,5,0,0,0,0,true,,false,false,false,false,false,,,,,,false,false,false,,,false,false,false,false,false,-83.19656,42.40892,"{
  ""coordinates"": [
    -8.319656236500001e+01,
    4.240891935700010e+01
  ],
  ""type"": ""Point""
}","{
  ""coordinates"": [
    -83.196562365,
    42.408919357
  ],
  ""type"": ""Point""
}",-83.196562365,42.4089193570001
19551,1018461,FORT,24TH,2017-03-20,20,3,2017,9,2,10,3,,1,0,,1,1,1,15,1,2,4,5,0,0,0,0,true,,false,false,false,false,false,,,,,,false,false,false,,,false,false,false,false,false,-83.08098,42.31628,"{
  ""coordinates"": [
    -8.308097777200000e+01,
    4.231627984200000e+01
  ],
  ""type"": ""Point""
}","{
  ""coordinates"": [
    -83.080977772,
    42.316279842
  ],
  ""type"": ""Point""
}",-83.080977772,42.316279842
19552,1018411,S M 10,GRAND,2017-03-20,20,3,2017,11,2,97,3,,1,0,,1,1,1,70,3,1,1,5,0,0,0,0,true,,false,false,false,false,false,,,,,,false,false,false,,,false,false,false,false,false,-83.08188,42.36695,"{
  ""coordinates"": [
    -8.308187955800000e+01,
    4.236695485500010e+01
  ],
  ""type"": ""Point""
}","{
  ""coordinates"": [
    -83.081879558,
    42.366954855
  ],
  ""type"": ""Point""
}",-83.081879558,42.3669548550001