ObjectId,Crash ID,Primary Road,Intersecting Road,Crash Date,Day,Month,Year,Hour,Weekday,Crash Type Code,Highway Classification Code,Community Code,Jurisdiction Code,Lane Departure Type Code,Surface Type,Road Condition,Weather Condition,Lighting Condition,Speed Limit,Lanes,Units,Occupants,Most Severe Injury,Fatal Injuries,Suspected Serious Injuries,Suspected Minor Injuries,Possible Injuries,Property Damage Only,Secondary Crash,Traffic Control,Red Light Run,Hit and Run,Alcohol,Drugs,Unbelted Person,Work Zone,Speeding Driver,Distracted Driver,Driveway,Pedestrian,Elderly Driver,Young Driver,Commercial Vehicle,Emergency Vehicles,Train,School Bus,Motorcycle,Bicycle,Deer,Longitude,Latitude,geom,geog,x,y
19553,9982959,GREENFIELD,JOY,2017-03-20,20,3,2017,16,2,4,9,,2,0,,1,1,1,35,4,2,1,5,0,0,0,0,true,,false,false,false,false,false,,,,,,false,true,false,,,false,false,false,false,false,-83.19699,42.35814,"{
  ""coordinates"": [
    -8.319699252399990e+01,
    4.235813564000010e+01
  ],
  ""type"": ""Point""
}","{
  ""coordinates"": [
    -83.196992524,
    42.35813564
  ],
  ""type"": ""Point""
}",-83.1969925239999,42.3581356400001
19554,9987072,M-10,MCNICHOLS,2017-03-20,20,3,2017,17,2,5,3,,1,0,,1,2,1,55,3,2,1,5,0,0,0,0,true,,false,false,true,false,false,,,,,,false,true,false,,,false,false,false,false,false,-83.16623,42.41085,"{
  ""coordinates"": [
    -8.316622569200000e+01,
    4.241085095700000e+01
  ],
  ""type"": ""Point""
}","{
  ""coordinates"": [
    -83.166225692,
    42.410850957
  ],
  ""type"": ""Point""
}",-83.166225692,42.410850957
19555,9982241,I-94,I-75,2017-03-20,20,3,2017,15,2,5,1,,1,0,,1,2,1,70,4,2,2,5,0,0,0,0,true,,false,false,false,false,false,,,,,,false,false,false,,,false,false,false,false,false,-83.06232,42.36663,"{
  ""coordinates"": [
    -8.306231884499989e+01,
    4.236663612200000e+01
  ],
  ""type"": ""Point""
}","{
  ""coordinates"": [
    -83.062318845,
    42.366636122
  ],
  ""type"": ""Point""
}",-83.0623188449999,42.366636122
19556,9985843,W I 96,KENTFIELD,2017-03-20,20,3,2017,1,2,1,1,,1,1,,1,2,4,70,4,1,1,5,0,0,0,0,true,,false,false,false,false,false,,,,,,false,false,false,,,false,false,false,false,false,-83.24073,42.38387,"{
  ""coordinates"": [
    -8.324073167099991e+01,
    4.238387430700000e+01
  ],
  ""type"": ""Point""
}","{
  ""coordinates"": [
    -83.240731671,
    42.383874307
  ],
  ""type"": ""Point""
}",-83.2407316709999,42.383874307
19557,9981398,KILBOURNE,ROSEBERRY,2017-03-19,19,3,2017,19,1,4,9,,,0,,1,1,98,25,2,2,1,5,0,0,0,0,true,,false,false,true,false,false,,,,,,false,false,false,,,false,false,false,false,false,-82.98864,42.41101,"{
  ""coordinates"": [
    -8.298863923300000e+01,
    4.241101316200010e+01
  ],
  ""type"": ""Point""
}","{
  ""coordinates"": [
    -82.988639233,
    42.411013162
  ],
  ""type"": ""Point""
}",-82.988639233,42.4110131620001
19558,9985974,VASSAR,LESURE,2017-03-19,19,3,2017,16,1,4,9,,4,0,,1,1,1,35,3,2,1,5,0,0,0,0,true,,true,false,true,false,false,,,,,,false,false,false,,,false,false,false,false,false,-83.18298,42.43448,"{
  ""coordinates"": [
    -8.318298688899991e+01,
    4.243448000600010e+01
  ],
  ""type"": ""Point""
}","{
  ""coordinates"": [
    -83.182986889,
    42.434480006
  ],
  ""type"": ""Point""
}",-83.1829868889999,42.4344800060001
19559,9981378,EVERGREEN,RAMP 135C,2017-03-19,19,3,2017,9,1,4,1,,4,0,,1,2,1,45,6,2,1,5,0,0,0,0,true,,true,true,true,false,false,,,,,,false,false,false,,,false,false,false,false,false,-83.23668,42.38109,"{
  ""coordinates"": [
    -8.323668050399991e+01,
    4.238108824000010e+01
  ],
  ""type"": ""Point""
}","{
  ""coordinates"": [
    -83.236680504,
    42.38108824
  ],
  ""type"": ""Point""
}",-83.2366805039999,42.3810882400001
19560,9981381,ROSEMONT,CAPITOL,2017-03-19,19,3,2017,16,1,1,9,,,0,,1,1,1,25,2,1,1,3,0,0,1,0,false,,false,false,false,false,false,,,,,,false,false,true,,,false,false,false,false,false,-83.21939,42.3759,"{
  ""coordinates"": [
    -8.321939046300000e+01,
    4.237589840400010e+01
  ],
  ""type"": ""Point""
}","{
  ""coordinates"": [
    -83.219390463,
    42.375898404
  ],
  ""type"": ""Point""
}",-83.219390463,42.3758984040001
19561,9981405,CONANT,OUTER,2017-03-19,19,3,2017,9,1,4,9,,4,0,,1,1,1,30,4,2,3,5,0,0,0,0,true,,false,false,false,false,false,,,,,,false,true,true,,,false,false,false,false,false,-83.07893,42.44025,"{
  ""coordinates"": [
    -8.307893391300000e+01,
    4.244025021900010e+01
  ],
  ""type"": ""Point""
}","{
  ""coordinates"": [
    -83.078933913,
    42.440250219
  ],
  ""type"": ""Point""
}",-83.078933913,42.4402502190001
19562,9981373,WYOMING,ELMIRA,2017-03-19,19,3,2017,17,1,1,9,,4,0,,1,1,1,35,3,1,1,5,0,0,0,0,true,,false,false,false,false,false,,,,,,false,true,false,,,false,false,false,false,false,-83.15845,42.37133,"{
  ""coordinates"": [
    -8.315845591899991e+01,
    4.237132559200010e+01
  ],
  ""type"": ""Point""
}","{
  ""coordinates"": [
    -83.158455919,
    42.371325592
  ],
  ""type"": ""Point""
}",-83.1584559189999,42.3713255920001
19563,9985868,JEFFERSON,RANDOLPH,2017-03-19,19,3,2017,0,1,2,3,,1,0,,1,2,4,35,4,2,2,5,0,0,0,0,true,,false,false,true,false,false,,,,,,false,false,false,,,false,false,false,false,false,-83.04185,42.32965,"{
  ""coordinates"": [
    -8.304185798899989e+01,
    4.232965467200010e+01
  ],
  ""type"": ""Point""
}","{
  ""coordinates"": [
    -83.041857989,
    42.329654672
  ],
  ""type"": ""Point""
}",-83.0418579889999,42.3296546720001
19564,9982938,I-75,M-10,2017-03-19,19,3,2017,15,1,8,4,,1,0,,1,1,1,55,3,2,7,5,0,0,0,0,true,,false,false,false,false,false,,,,,,false,false,true,,,false,false,false,false,false,-83.04015,42.33038,"{
  ""coordinates"": [
    -8.304014275500001e+01,
    4.233037681100010e+01
  ],
  ""type"": ""Point""
}","{
  ""coordinates"": [
    -83.040142755,
    42.330376811
  ],
  ""type"": ""Point""
}",-83.040142755,42.3303768110001
19565,9981372,LESURE,GROVE,2017-03-19,19,3,2017,16,1,10,9,,,3,,1,1,1,25,1,2,2,5,0,0,0,0,true,,false,false,true,false,false,,,,,,false,false,false,,,false,false,false,false,false,-83.18182,42.41441,"{
  ""coordinates"": [
    -8.318181517600000e+01,
    4.241441126300000e+01
  ],
  ""type"": ""Point""
}","{
  ""coordinates"": [
    -83.181815176,
    42.414411263
  ],
  ""type"": ""Point""
}",-83.181815176,42.414411263
19566,9985951,VASSAR,SCHAEFER,2017-03-19,19,3,2017,15,1,4,9,,4,0,,1,1,1,30,2,2,4,3,0,0,1,0,false,,true,true,false,false,false,,,,,,false,false,false,,,false,false,false,false,false,-83.18057,42.43457,"{
  ""coordinates"": [
    -8.318057625199999e+01,
    4.243456790400010e+01
  ],
  ""type"": ""Point""
}","{
  ""coordinates"": [
    -83.180576252,
    42.434567904
  ],
  ""type"": ""Point""
}",-83.180576252,42.4345679040001
19567,9981402,1176 CALVERT,BYRON,2017-03-19,19,3,2017,2,1,1,9,,4,1,,1,1,4,25,1,1,1,3,0,0,1,0,false,,false,false,false,false,false,,,,,,false,false,false,,,false,false,false,false,false,-83.09856,42.38485,"{
  ""coordinates"": [
    -8.309855951599999e+01,
    4.238484915600000e+01
  ],
  ""type"": ""Point""
}","{
  ""coordinates"": [
    -83.098559516,
    42.384849156
  ],
  ""type"": ""Point""
}",-83.098559516,42.384849156
19568,9984721,DICKERSON,FRANKFORT,2017-03-19,19,3,2017,19,1,4,9,,4,0,,1,1,4,30,2,2,2,4,0,0,0,1,false,,false,false,false,false,false,,,,,,false,false,false,,,false,false,false,false,false,-82.9682,42.3941,"{
  ""coordinates"": [
    -8.296819721500000e+01,
    4.239410484400000e+01
  ],
  ""type"": ""Point""
}","{
  ""coordinates"": [
    -82.968197215,
    42.394104844
  ],
  ""type"": ""Point""
}",-82.968197215,42.394104844
19569,9981387,FENMORE,CAMBRIDGE,2017-03-19,19,3,2017,14,1,4,9,,,0,,1,1,1,25,4,2,5,3,0,0,1,2,false,,false,false,false,false,false,,,,,,false,false,true,,,false,false,false,false,false,-83.21835,42.43184,"{
  ""coordinates"": [
    -8.321834442900000e+01,
    4.243183750500000e+01
  ],
  ""type"": ""Point""
}","{
  ""coordinates"": [
    -83.218344429,
    42.431837505
  ],
  ""type"": ""Point""
}",-83.218344429,42.431837505
19570,9984717,MOROSS,LINVILLE,2017-03-19,19,3,2017,6,1,8,9,,2,0,,1,2,4,35,1,2,6,5,0,0,0,0,true,,false,false,true,false,false,,,,,,false,false,true,,,false,false,false,false,false,-82.91676,42.41933,"{
  ""coordinates"": [
    -8.291675264400000e+01,
    4.241933274900000e+01
  ],
  ""type"": ""Point""
}","{
  ""coordinates"": [
    -82.916752644,
    42.419332749
  ],
  ""type"": ""Point""
}",-82.916752644,42.419332749
19571,9989396,I 75,DAVISON,2017-03-19,19,3,2017,3,1,1,1,,1,0,,1,1,4,70,3,1,1,5,0,0,0,0,true,,false,false,false,false,false,,,,,,false,false,false,,,false,false,false,false,false,-83.07408,42.40503,"{
  ""coordinates"": [
    -8.307408484199991e+01,
    4.240502600200010e+01
  ],
  ""type"": ""Point""
}","{
  ""coordinates"": [
    -83.074084842,
    42.405026002
  ],
  ""type"": ""Point""
}",-83.0740848419999,42.4050260020001
19572,9982982,VAN DYKE,ROBINWOOD,2017-03-19,19,3,2017,2,1,2,3,,1,2,,1,1,4,0,7,2,1,5,0,0,0,0,true,,false,false,false,false,false,,,,,,false,false,true,,,false,false,false,false,false,-83.02418,42.43197,"{
  ""coordinates"": [
    -8.302417626600000e+01,
    4.243196826800000e+01
  ],
  ""type"": ""Point""
}","{
  ""coordinates"": [
    -83.024176266,
    42.431968268
  ],
  ""type"": ""Point""
}",-83.024176266,42.431968268
19573,9988570,SEVEN MILE,ST MARYS,2017-03-19,19,3,2017,17,1,8,9,,2,0,,1,1,1,35,4,2,2,4,0,0,0,1,false,,false,false,false,false,false,,,,,,false,false,false,,,false,false,false,false,false,-83.20726,42.43032,"{
  ""coordinates"": [
    -8.320726215400001e+01,
    4.243032010500010e+01
  ],
  ""type"": ""Point""
}","{
  ""coordinates"": [
    -83.207262154,
    42.430320105
  ],
  ""type"": ""Point""
}",-83.207262154,42.4303201050001
19574,9981395,GRATIOT,WARREN,2017-03-19,19,3,2017,3,1,4,3,,1,0,,1,1,4,0,7,2,3,3,0,0,1,2,false,,true,true,false,false,false,,,,,,false,false,false,,,false,false,false,false,false,-83.01786,42.37405,"{
  ""coordinates"": [
    -8.301786124499991e+01,
    4.237404776500010e+01
  ],
  ""type"": ""Point""
}","{
  ""coordinates"": [
    -83.017861245,
    42.374047765
  ],
  ""type"": ""Point""
}",-83.0178612449999,42.3740477650001
19575,9981376,TRUMBULL,S I 75,2017-03-19,19,3,2017,19,1,8,9,,4,0,,1,1,2,25,2,2,3,5,0,0,0,0,true,,false,false,true,false,false,,,,,,false,false,false,,,false,false,false,false,false,-83.06867,42.33451,"{
  ""coordinates"": [
    -8.306867286799999e+01,
    4.233450802300010e+01
  ],
  ""type"": ""Point""
}","{
  ""coordinates"": [
    -83.068672868,
    42.334508023
  ],
  ""type"": ""Point""
}",-83.068672868,42.3345080230001
19576,9985914,MCNICHOLS,RUTHERFORD,2017-03-19,19,3,2017,13,1,8,9,,2,0,,1,1,1,30,4,2,3,5,0,0,0,0,true,,false,false,false,false,false,,,,,,false,false,false,,,false,false,false,false,false,-83.20499,42.41585,"{
  ""coordinates"": [
    -8.320499682799991e+01,
    4.241585175700000e+01
  ],
  ""type"": ""Point""
}","{
  ""coordinates"": [
    -83.204996828,
    42.415851757
  ],
  ""type"": ""Point""
}",-83.2049968279999,42.415851757
19577,9985886,CLARK,N I 75,2017-03-19,19,3,2017,16,1,5,7,,1,0,,1,1,1,25,2,2,2,5,0,0,0,0,true,,false,false,true,false,false,,,,,,false,true,false,,,false,false,false,false,false,-83.09099,42.31354,"{
  ""coordinates"": [
    -8.309098921600000e+01,
    4.231353923700000e+01
  ],
  ""type"": ""Point""
}","{
  ""coordinates"": [
    -83.090989216,
    42.313539237
  ],
  ""type"": ""Point""
}",-83.090989216,42.313539237
19578,9982277,PINEHURST,KEELER,2017-03-19,19,3,2017,23,1,98,9,,,0,,1,1,4,25,2,1,0,5,0,0,0,0,true,,false,false,true,false,false,,,,,,false,false,false,,,false,false,false,false,false,-83.16655,42.40896,"{
  ""coordinates"": [
    -8.316655049600000e+01,
    4.240896376200000e+01
  ],
  ""type"": ""Point""
}","{
  ""coordinates"": [
    -83.166550496,
    42.408963762
  ],
  ""type"": ""Point""
}",-83.166550496,42.408963762
19579,9981389,GRAND RIVER,LAHSER,2017-03-19,19,3,2017,19,1,4,3,,1,0,,1,1,3,35,7,2,2,5,0,0,0,0,true,,false,false,false,false,false,,,,,,false,false,true,,,false,false,false,false,false,-83.25764,42.4165,"{
  ""coordinates"": [
    -8.325763905500000e+01,
    4.241649551200000e+01
  ],
  ""type"": ""Point""
}","{
  ""coordinates"": [
    -83.257639055,
    42.416495512
  ],
  ""type"": ""Point""
}",-83.257639055,42.416495512
19580,9981386,OUTER,PREVOST,2017-03-19,19,3,2017,11,1,4,9,,2,0,,1,2,1,35,3,2,2,4,0,0,0,2,false,,false,false,false,false,false,,,,,,false,false,false,,,false,false,false,false,false,-83.20356,42.41958,"{
  ""coordinates"": [
    -8.320356127199990e+01,
    4.241958401400010e+01
  ],
  ""type"": ""Point""
}","{
  ""coordinates"": [
    -83.203561272,
    42.419584014
  ],
  ""type"": ""Point""
}",-83.2035612719999,42.4195840140001
19581,9984718,EDGEFIELD,MOROSS,2017-03-19,19,3,2017,10,1,8,9,,,0,,1,2,1,25,1,2,0,5,0,0,0,0,true,,false,false,true,false,false,,,,,,false,false,false,,,false,false,false,false,false,-82.92587,42.42334,"{
  ""coordinates"": [
    -8.292586365400000e+01,
    4.242334406000000e+01
  ],
  ""type"": ""Point""
}","{
  ""coordinates"": [
    -82.925863654,
    42.42334406
  ],
  ""type"": ""Point""
}",-82.925863654,42.42334406
19582,9989406,E I 94,RAMP 213M,2017-03-19,19,3,2017,2,1,97,1,,1,0,,1,1,4,0,3,4,4,5,0,0,0,0,true,,false,false,false,false,false,,,,,,false,false,true,,,false,false,false,false,false,-83.09998,42.34983,"{
  ""coordinates"": [
    -8.309998173600000e+01,
    4.234983617700000e+01
  ],
  ""type"": ""Point""
}","{
  ""coordinates"": [
    -83.099981736,
    42.349836177
  ],
  ""type"": ""Point""
}",-83.099981736,42.349836177
19583,9981406,OUTER,SHERWOOD,2017-03-19,19,3,2017,14,1,4,9,,2,0,,1,1,1,30,3,2,0,5,0,0,0,0,true,,true,true,true,false,false,,,,,,false,false,false,,,false,false,false,false,false,-83.03423,42.44094,"{
  ""coordinates"": [
    -8.303422788500001e+01,
    4.244094117800010e+01
  ],
  ""type"": ""Point""
}","{
  ""coordinates"": [
    -83.034227885,
    42.440941178
  ],
  ""type"": ""Point""
}",-83.034227885,42.4409411780001
19584,9981403,FORT,GRISWALD,2017-03-19,19,3,2017,1,1,10,3,,4,0,,1,2,4,0,2,2,1,5,0,0,0,0,true,,false,false,true,false,false,,,,,,false,false,false,,,false,false,false,false,false,-83.0471,42.33086,"{
  ""coordinates"": [
    -8.304710021100000e+01,
    4.233086284600010e+01
  ],
  ""type"": ""Point""
}","{
  ""coordinates"": [
    -83.047100211,
    42.330862846
  ],
  ""type"": ""Point""
}",-83.047100211,42.3308628460001
19585,9982945,I-75,GREEN,2017-03-19,19,3,2017,11,1,5,1,,1,0,,1,2,1,55,4,2,4,4,0,0,0,2,false,,false,false,false,false,false,,,,,,false,false,true,,,false,false,false,false,false,-83.11211,42.30418,"{
  ""coordinates"": [
    -8.311210271999990e+01,
    4.230417693800010e+01
  ],
  ""type"": ""Point""
}","{
  ""coordinates"": [
    -83.11210272,
    42.304176938
  ],
  ""type"": ""Point""
}",-83.1121027199999,42.3041769380001
19586,9992724,SHIAWASSEE,MARGARETA,2017-03-19,19,3,2017,17,1,8,9,,,0,,1,1,1,25,1,2,2,4,0,0,0,2,false,,false,false,true,false,false,,,,,,false,false,false,,,false,false,false,false,false,-83.27254,42.42496,"{
  ""coordinates"": [
    -8.327254117400000e+01,
    4.242496194200000e+01
  ],
  ""type"": ""Point""
}","{
  ""coordinates"": [
    -83.272541174,
    42.424961942
  ],
  ""type"": ""Point""
}",-83.272541174,42.424961942
19587,9989395,I 75,DAVISON,2017-03-19,19,3,2017,3,1,1,1,,1,1,,1,1,4,70,4,1,1,4,0,0,0,1,false,,false,false,false,true,false,,,,,,false,false,false,,,false,false,false,false,false,-83.07408,42.40503,"{
  ""coordinates"": [
    -8.307408484199991e+01,
    4.240502600200010e+01
  ],
  ""type"": ""Point""
}","{
  ""coordinates"": [
    -83.074084842,
    42.405026002
  ],
  ""type"": ""Point""
}",-83.0740848419999,42.4050260020001
19588,9981374,PURITAN,STRATHMOOR,2017-03-19,19,3,2017,20,1,4,9,,4,0,,1,1,1,35,2,2,4,5,0,0,0,0,true,,false,false,false,false,false,,,,,,false,false,false,,,false,false,false,false,false,-83.18809,42.4091,"{
  ""coordinates"": [
    -8.318808834200000e+01,
    4.240909828300000e+01
  ],
  ""type"": ""Point""
}","{
  ""coordinates"": [
    -83.188088342,
    42.409098283
  ],
  ""type"": ""Point""
}",-83.188088342,42.409098283
19589,9981384,VAN DYKE,MACK,2017-03-19,19,3,2017,14,1,3,9,,4,0,,1,1,1,35,2,2,5,3,0,0,1,0,false,,false,false,false,false,false,,,,,,false,false,false,,,false,false,false,false,false,-83.00698,42.3682,"{
  ""coordinates"": [
    -8.300698059900000e+01,
    4.236820010200010e+01
  ],
  ""type"": ""Point""
}","{
  ""coordinates"": [
    -83.006980599,
    42.368200102
  ],
  ""type"": ""Point""
}",-83.006980599,42.3682001020001
19590,9981385,HEYEDEN,MCNICHOLS,2017-03-19,19,3,2017,4,1,2,9,,,2,,2,1,4,25,2,4,1,3,0,0,1,0,false,,false,false,false,false,false,,,,,,false,false,false,,,false,false,false,false,false,-83.24008,42.41457,"{
  ""coordinates"": [
    -8.324008288100001e+01,
    4.241456639900010e+01
  ],
  ""type"": ""Point""
}","{
  ""coordinates"": [
    -83.240082881,
    42.414566399
  ],
  ""type"": ""Point""
}",-83.240082881,42.4145663990001
19591,9985979,CHIPPEWA,PINEHURST,2017-03-19,19,3,2017,11,1,4,9,,,0,,1,1,4,25,2,2,2,4,0,0,0,1,false,,false,false,true,false,false,,,,,,false,false,false,,,false,false,false,false,false,-83.16779,42.44079,"{
  ""coordinates"": [
    -8.316779684100000e+01,
    4.244078810600010e+01
  ],
  ""type"": ""Point""
}","{
  ""coordinates"": [
    -83.167796841,
    42.440788106
  ],
  ""type"": ""Point""
}",-83.167796841,42.4407881060001
19592,9984731,CHENE,HALE,2017-03-19,19,3,2017,3,1,1,9,,4,0,,1,1,4,0,4,1,1,5,0,0,0,0,true,,false,false,false,false,false,,,,,,false,false,true,,,false,false,false,false,false,-83.03426,42.35585,"{
  ""coordinates"": [
    -8.303425573600001e+01,
    4.235584923100000e+01
  ],
  ""type"": ""Point""
}","{
  ""coordinates"": [
    -83.034255736,
    42.355849231
  ],
  ""type"": ""Point""
}",-83.034255736,42.355849231
19593,9985975,SCHAEFER,THATCHER,2017-03-19,19,3,2017,17,1,4,9,,4,0,,1,1,1,35,6,2,2,5,0,0,0,0,true,,true,false,true,false,false,,,,,,false,false,false,,,false,false,false,false,false,-83.18005,42.42202,"{
  ""coordinates"": [
    -8.318005623600000e+01,
    4.242201649200010e+01
  ],
  ""type"": ""Point""
}","{
  ""coordinates"": [
    -83.180056236,
    42.422016492
  ],
  ""type"": ""Point""
}",-83.180056236,42.4220164920001
19594,9981377,JEFFERSON,BEAUBIEN,2017-03-19,19,3,2017,6,1,5,4,,1,0,,1,2,1,35,5,2,1,5,0,0,0,0,true,,false,false,false,false,false,,,,,,false,false,false,,,false,false,false,false,false,-83.03976,42.3309,"{
  ""coordinates"": [
    -8.303975703600000e+01,
    4.233090287700000e+01
  ],
  ""type"": ""Point""
}","{
  ""coordinates"": [
    -83.039757036,
    42.330902877
  ],
  ""type"": ""Point""
}",-83.039757036,42.330902877
19595,9982939,I-75,8 MILE,2017-03-19,19,3,2017,12,1,1,1,,1,1,,1,1,1,70,3,1,1,5,0,0,0,0,true,,false,false,false,false,false,,,,,,false,false,true,,,false,false,false,false,false,-83.09466,42.44535,"{
  ""coordinates"": [
    -8.309466079600000e+01,
    4.244535407500010e+01
  ],
  ""type"": ""Point""
}","{
  ""coordinates"": [
    -83.094660796,
    42.445354075
  ],
  ""type"": ""Point""
}",-83.094660796,42.4453540750001
19596,9980137,MCNICHOLS,ARDMORE,2017-03-19,19,3,2017,2,1,3,9,,2,0,,1,1,4,35,4,2,2,5,0,0,0,0,true,,false,false,false,false,false,,,,,,false,false,false,,,false,false,false,false,false,-83.18491,42.41653,"{
  ""coordinates"": [
    -8.318491593000000e+01,
    4.241653492900010e+01
  ],
  ""type"": ""Point""
}","{
  ""coordinates"": [
    -83.18491593,
    42.416534929
  ],
  ""type"": ""Point""
}",-83.18491593,42.4165349290001
19597,9990686,JOY,GRANDVILLE,2017-03-19,19,3,2017,8,1,4,9,,2,0,,1,1,1,30,4,2,2,5,0,0,0,0,true,,false,false,false,false,false,,,,,,false,false,false,,,false,false,false,false,false,-83.22992,42.35766,"{
  ""coordinates"": [
    -8.322991631799989e+01,
    4.235766342100000e+01
  ],
  ""type"": ""Point""
}","{
  ""coordinates"": [
    -83.229916318,
    42.357663421
  ],
  ""type"": ""Point""
}",-83.2299163179999,42.357663421
19598,9982303,WOODWARD,8 MILE,2017-03-19,19,3,2017,0,1,5,3,,1,0,,1,1,4,35,3,2,3,5,0,0,0,0,true,,false,false,false,false,false,,,,,,false,false,false,,,false,false,false,false,false,-83.1248,42.44645,"{
  ""coordinates"": [
    -8.312480207199999e+01,
    4.244645110800010e+01
  ],
  ""type"": ""Point""
}","{
  ""coordinates"": [
    -83.124802072,
    42.446451108
  ],
  ""type"": ""Point""
}",-83.124802072,42.4464511080001
19599,1255404,LIVERNOIS,PICKFORD,2017-03-19,19,3,2017,2,1,1,9,,4,1,,2,1,4,35,2,1,0,5,0,0,0,0,true,,false,false,false,false,false,,,,,,false,false,false,,,false,false,false,false,false,-83.14113,42.42603,"{
  ""coordinates"": [
    -8.314112506700000e+01,
    4.242602716000000e+01
  ],
  ""type"": ""Point""
}","{
  ""coordinates"": [
    -83.141125067,
    42.42602716
  ],
  ""type"": ""Point""
}",-83.141125067,42.42602716
19600,1096683,PENROD,FENKELL,2017-03-19,19,3,2017,11,1,4,9,,,0,,1,1,1,25,2,2,1,5,0,0,0,0,true,,false,false,true,false,false,,,,,,false,true,false,,,false,false,false,false,false,-83.22172,42.401,"{
  ""coordinates"": [
    -8.322171930300000e+01,
    4.240100339600010e+01
  ],
  ""type"": ""Point""
}","{
  ""coordinates"": [
    -83.221719303,
    42.401003396
  ],
  ""type"": ""Point""
}",-83.221719303,42.4010033960001
19601,9982304,WHITMORE,2ND,2017-03-19,19,3,2017,11,1,98,9,,,0,,1,1,1,25,2,2,1,5,0,0,0,0,true,,false,false,true,false,false,,,,,,false,false,false,,,false,false,false,false,false,-83.11019,42.41925,"{
  ""coordinates"": [
    -8.311019286299999e+01,
    4.241925088100000e+01
  ],
  ""type"": ""Point""
}","{
  ""coordinates"": [
    -83.110192863,
    42.419250881
  ],
  ""type"": ""Point""
}",-83.110192863,42.419250881
19602,9982944,I-94,I-96,2017-03-19,19,3,2017,6,1,1,1,,1,0,,1,1,4,55,2,1,1,5,0,0,0,0,true,,false,false,false,false,false,,,,,,false,false,false,,,false,false,false,false,false,-83.0972,42.3507,"{
  ""coordinates"": [
    -8.309719886200000e+01,
    4.235070592400010e+01
  ],
  ""type"": ""Point""
}","{
  ""coordinates"": [
    -83.097198862,
    42.350705924
  ],
  ""type"": ""Point""
}",-83.097198862,42.3507059240001
19603,9982983,VICTORIA,NEWBERN,2017-03-19,19,3,2017,22,1,98,9,,,0,,1,1,4,25,2,2,2,2,0,1,0,0,false,,true,false,true,false,false,,,,,,false,false,false,,,false,false,false,false,false,-83.06535,42.41697,"{
  ""coordinates"": [
    -8.306534794100000e+01,
    4.241696664900010e+01
  ],
  ""type"": ""Point""
}","{
  ""coordinates"": [
    -83.065347941,
    42.416966649
  ],
  ""type"": ""Point""
}",-83.065347941,42.4169666490001
19604,9980145,GRAND,MCDOUGALL,2017-03-19,19,3,2017,1,1,1,9,,4,0,,2,1,5,0,3,1,1,5,0,0,0,0,true,,false,false,false,false,false,,,,,,false,false,false,,,false,false,false,false,false,-83.04037,42.37403,"{
  ""coordinates"": [
    -8.304037092500000e+01,
    4.237402892400010e+01
  ],
  ""type"": ""Point""
}","{
  ""coordinates"": [
    -83.040370925,
    42.374028924
  ],
  ""type"": ""Point""
}",-83.040370925,42.3740289240001
19605,9982976,CHRYSLER,MCNICHOLS,2017-03-19,19,3,2017,17,1,3,1,,1,0,,1,1,1,35,9,2,2,5,0,0,0,0,true,,true,true,false,false,false,,,,,,false,false,false,,,false,false,false,false,false,-83.08763,42.41811,"{
  ""coordinates"": [
    -8.308763363799990e+01,
    4.241810552500000e+01
  ],
  ""type"": ""Point""
}","{
  ""coordinates"": [
    -83.087633638,
    42.418105525
  ],
  ""type"": ""Point""
}",-83.0876336379999,42.418105525
19606,9982961,CASS,HENRY,2017-03-19,19,3,2017,20,1,1,9,,4,1,,1,1,2,25,2,1,1,5,0,0,0,0,true,,false,false,false,false,false,,,,,,false,false,false,,,false,false,false,false,false,-83.05715,42.33929,"{
  ""coordinates"": [
    -8.305715310799999e+01,
    4.233929174900000e+01
  ],
  ""type"": ""Point""
}","{
  ""coordinates"": [
    -83.057153108,
    42.339291749
  ],
  ""type"": ""Point""
}",-83.057153108,42.339291749
19607,9980161,CABOT,MICHIGAN,2017-03-18,18,3,2017,7,7,4,2,,,0,,2,5,2,25,2,2,2,5,0,0,0,0,true,,false,false,true,false,false,,,,,,false,false,false,,,false,false,false,false,false,-83.14941,42.32952,"{
  ""coordinates"": [
    -8.314941432300000e+01,
    4.232951916100010e+01
  ],
  ""type"": ""Point""
}","{
  ""coordinates"": [
    -83.149414323,
    42.329519161
  ],
  ""type"": ""Point""
}",-83.149414323,42.3295191610001
19608,9981365,M-10,OUTER,2017-03-18,18,3,2017,10,7,5,3,,1,0,,1,2,1,55,3,2,2,4,0,0,0,1,false,,false,false,false,false,false,,,,,,false,true,false,,,false,false,false,false,false,-83.17714,42.42205,"{
  ""coordinates"": [
    -8.317713883800000e+01,
    4.242205098400010e+01
  ],
  ""type"": ""Point""
}","{
  ""coordinates"": [
    -83.177138838,
    42.422050984
  ],
  ""type"": ""Point""
}",-83.177138838,42.4220509840001
19609,9988548,JOHN R,KENILWORTH,2017-03-18,18,3,2017,2,7,98,9,,4,0,,1,1,4,0,4,2,0,5,0,0,0,0,true,,false,false,true,false,false,,,,,,false,false,false,,,false,false,false,false,false,-83.07969,42.38537,"{
  ""coordinates"": [
    -8.307968679100000e+01,
    4.238537163000010e+01
  ],
  ""type"": ""Point""
}","{
  ""coordinates"": [
    -83.079686791,
    42.38537163
  ],
  ""type"": ""Point""
}",-83.079686791,42.3853716300001