ObjectId,Crash ID,Primary Road,Intersecting Road,Crash Date,Day,Month,Year,Hour,Weekday,Crash Type Code,Highway Classification Code,Community Code,Jurisdiction Code,Lane Departure Type Code,Surface Type,Road Condition,Weather Condition,Lighting Condition,Speed Limit,Lanes,Units,Occupants,Most Severe Injury,Fatal Injuries,Suspected Serious Injuries,Suspected Minor Injuries,Possible Injuries,Property Damage Only,Secondary Crash,Traffic Control,Red Light Run,Hit and Run,Alcohol,Drugs,Unbelted Person,Work Zone,Speeding Driver,Distracted Driver,Driveway,Pedestrian,Elderly Driver,Young Driver,Commercial Vehicle,Emergency Vehicles,Train,School Bus,Motorcycle,Bicycle,Deer,Longitude,Latitude,geom,geog,x,y
19610,9981393,E I 94,MOROSS,2017-03-18,18,3,2017,14,7,5,1,,1,0,,1,1,1,40,3,2,2,5,0,0,0,0,true,,false,false,false,false,false,,,,,,false,false,false,,,false,false,false,false,false,-82.92861,42.42456,"{
  ""coordinates"": [
    -8.292861214899990e+01,
    4.242455501300000e+01
  ],
  ""type"": ""Point""
}","{
  ""coordinates"": [
    -82.928612149,
    42.424555013
  ],
  ""type"": ""Point""
}",-82.9286121489999,42.424555013
19611,9997493,WASHINGTON,MICHIGAN,2017-03-18,18,3,2017,15,7,8,9,,4,0,,1,1,1,35,2,2,1,5,0,0,0,0,true,,false,false,false,false,false,,,,,,false,false,false,,,false,false,false,false,false,-83.05118,42.33196,"{
  ""coordinates"": [
    -8.305117641800000e+01,
    4.233196091600010e+01
  ],
  ""type"": ""Point""
}","{
  ""coordinates"": [
    -83.051176418,
    42.331960916
  ],
  ""type"": ""Point""
}",-83.051176418,42.3319609160001
19612,9985869,CLARK,UTHES,2017-03-18,18,3,2017,22,7,9,9,,4,2,,1,2,5,25,2,3,0,5,0,0,0,0,true,,false,false,true,false,false,,,,,,false,false,false,,,false,false,false,false,false,-83.09669,42.32146,"{
  ""coordinates"": [
    -8.309668535799990e+01,
    4.232146460400000e+01
  ],
  ""type"": ""Point""
}","{
  ""coordinates"": [
    -83.096685358,
    42.321464604
  ],
  ""type"": ""Point""
}",-83.0966853579999,42.321464604
19613,9988590,MCNICHOLS,MEYERS,2017-03-18,18,3,2017,0,7,1,9,,2,0,,2,4,4,35,4,1,4,5,0,0,0,0,true,,false,false,false,false,false,,,,,,false,false,true,,,false,false,false,false,false,-83.17013,42.41666,"{
  ""coordinates"": [
    -8.317012508800001e+01,
    4.241666300200010e+01
  ],
  ""type"": ""Point""
}","{
  ""coordinates"": [
    -83.170125088,
    42.416663002
  ],
  ""type"": ""Point""
}",-83.170125088,42.4166630020001
19614,9985961,LIVERNOIS,OUTER,2017-03-18,18,3,2017,9,7,97,9,,4,3,,4,5,1,30,4,2,2,5,0,0,0,0,true,,false,false,true,false,false,,,,,,false,false,false,,,false,false,false,false,false,-83.14173,42.43555,"{
  ""coordinates"": [
    -8.314173075900000e+01,
    4.243554911400000e+01
  ],
  ""type"": ""Point""
}","{
  ""coordinates"": [
    -83.141730759,
    42.435549114
  ],
  ""type"": ""Point""
}",-83.141730759,42.435549114
19615,9980204,PURITAN,GREENFIELD,2017-03-18,18,3,2017,19,7,4,9,,4,0,,2,2,4,35,3,2,1,5,0,0,0,0,true,,false,false,true,false,false,,,,,,false,false,false,,,false,false,false,false,false,-83.19907,42.40876,"{
  ""coordinates"": [
    -8.319907163100000e+01,
    4.240875771100010e+01
  ],
  ""type"": ""Point""
}","{
  ""coordinates"": [
    -83.199071631,
    42.408757711
  ],
  ""type"": ""Point""
}",-83.199071631,42.4087577110001
19616,9985955,KENTUCKY,PEMBROKE,2017-03-18,18,3,2017,10,7,10,9,,,0,,4,5,4,25,2,2,0,5,0,0,0,0,true,,false,false,true,false,false,,,,,,false,false,false,,,false,false,false,false,false,-83.16016,42.43856,"{
  ""coordinates"": [
    -8.316015878300000e+01,
    4.243856210400000e+01
  ],
  ""type"": ""Point""
}","{
  ""coordinates"": [
    -83.160158783,
    42.438562104
  ],
  ""type"": ""Point""
}",-83.160158783,42.438562104
19617,9980139,WETHERBY,CLIFTON,2017-03-18,18,3,2017,15,7,8,9,,,0,,1,2,1,25,4,2,4,4,0,0,0,2,false,,false,false,false,false,false,,,,,,false,false,true,,,false,false,false,false,false,-83.13963,42.3468,"{
  ""coordinates"": [
    -8.313963183600001e+01,
    4.234680262000010e+01
  ],
  ""type"": ""Point""
}","{
  ""coordinates"": [
    -83.139631836,
    42.34680262
  ],
  ""type"": ""Point""
}",-83.139631836,42.3468026200001
19618,9980198,PLYMOUTH,SOUTHFIELD SERVICE DRIVE,2017-03-18,18,3,2017,2,7,8,9,,4,0,,98,1,4,35,4,2,1,5,0,0,0,0,true,,false,false,true,false,false,,,,,,false,false,false,,,false,false,false,false,false,-83.21727,42.37225,"{
  ""coordinates"": [
    -8.321726842800000e+01,
    4.237225467800000e+01
  ],
  ""type"": ""Point""
}","{
  ""coordinates"": [
    -83.217268428,
    42.372254678
  ],
  ""type"": ""Point""
}",-83.217268428,42.372254678
19619,9980194,HARPER,MAXWELL,2017-03-18,18,3,2017,14,7,1,9,,4,0,,2,1,1,30,2,1,0,5,0,0,0,0,true,,false,false,false,false,false,,,,,,false,false,false,,,false,false,false,false,false,-83.02005,42.38851,"{
  ""coordinates"": [
    -8.302004644399990e+01,
    4.238851269000000e+01
  ],
  ""type"": ""Point""
}","{
  ""coordinates"": [
    -83.020046444,
    42.38851269
  ],
  ""type"": ""Point""
}",-83.0200464439999,42.38851269
19620,1095895,VANDYKE,WALDEN,2017-03-18,18,3,2017,13,7,5,3,,1,0,,1,2,1,0,5,2,3,5,0,0,0,0,true,,false,false,false,false,false,,,,,,false,false,false,,,false,false,false,false,false,-83.02266,42.39283,"{
  ""coordinates"": [
    -8.302265926200000e+01,
    4.239283278900010e+01
  ],
  ""type"": ""Point""
}","{
  ""coordinates"": [
    -83.022659262,
    42.392832789
  ],
  ""type"": ""Point""
}",-83.022659262,42.3928327890001
19621,9982283,WOODWARD,WARREN,2017-03-18,18,3,2017,20,7,5,3,,1,0,,3,5,4,30,3,2,2,5,0,0,0,0,true,,false,false,false,false,false,,,,,,false,false,false,,,false,false,false,false,false,-83.06432,42.35685,"{
  ""coordinates"": [
    -8.306431229899989e+01,
    4.235684455400010e+01
  ],
  ""type"": ""Point""
}","{
  ""coordinates"": [
    -83.064312299,
    42.356844554
  ],
  ""type"": ""Point""
}",-83.0643122989999,42.3568445540001
19622,9980158,FORT,SCHAEFER,2017-03-18,18,3,2017,11,7,9,3,,1,0,,2,4,1,30,4,3,4,5,0,0,0,0,true,,false,false,false,false,false,,,,,,false,false,false,,,false,false,false,false,false,-83.15511,42.27623,"{
  ""coordinates"": [
    -8.315511151999991e+01,
    4.227622431700010e+01
  ],
  ""type"": ""Point""
}","{
  ""coordinates"": [
    -83.15511152,
    42.276224317
  ],
  ""type"": ""Point""
}",-83.1551115199999,42.2762243170001
19623,9980218,JEFFERSON,MARLBOROUGH,2017-03-18,18,3,2017,0,7,9,9,,4,0,,4,5,4,35,4,2,2,5,0,0,0,0,true,,false,false,true,false,false,,,,,,false,false,false,,,false,false,false,false,false,-82.94321,42.37336,"{
  ""coordinates"": [
    -8.294321192200000e+01,
    4.237335713900010e+01
  ],
  ""type"": ""Point""
}","{
  ""coordinates"": [
    -82.943211922,
    42.373357139
  ],
  ""type"": ""Point""
}",-82.943211922,42.3733571390001
19624,9983821,I-75,7 MILE,2017-03-18,18,3,2017,5,7,5,1,,1,0,,3,1,4,55,4,2,1,5,0,0,0,0,true,,false,false,true,false,false,,,,,,false,false,false,,,false,false,false,false,false,-83.09448,42.43112,"{
  ""coordinates"": [
    -8.309448094200000e+01,
    4.243111905200000e+01
  ],
  ""type"": ""Point""
}","{
  ""coordinates"": [
    -83.094480942,
    42.431119052
  ],
  ""type"": ""Point""
}",-83.094480942,42.431119052
19625,9981401,ROSA PARKS,VIRGINIA PARK,2017-03-18,18,3,2017,20,7,1,9,,4,0,,2,4,5,30,5,1,1,3,0,0,1,0,false,,false,false,false,true,false,,,,,,false,false,false,,,false,false,false,false,false,-83.09494,42.36979,"{
  ""coordinates"": [
    -8.309493797800000e+01,
    4.236979110900010e+01
  ],
  ""type"": ""Point""
}","{
  ""coordinates"": [
    -83.094937978,
    42.369791109
  ],
  ""type"": ""Point""
}",-83.094937978,42.3697911090001
19626,9980231,8 MILE,BLOOM,2017-03-18,18,3,2017,2,7,5,3,,1,0,,2,4,4,40,4,2,2,5,0,0,0,0,true,,false,false,true,false,false,,,,,,false,false,false,,,false,false,false,false,false,-83.04943,42.44762,"{
  ""coordinates"": [
    -8.304942763699999e+01,
    4.244762539000000e+01
  ],
  ""type"": ""Point""
}","{
  ""coordinates"": [
    -83.049427637,
    42.44762539
  ],
  ""type"": ""Point""
}",-83.049427637,42.44762539
19627,9980116,E I 96,CSX TRANSPORTATION,2017-03-18,18,3,2017,2,7,1,1,,1,1,,2,3,4,70,4,1,1,5,0,0,0,0,true,,false,false,false,false,false,,,,,,false,false,false,,,false,false,false,false,false,-83.19219,42.37919,"{
  ""coordinates"": [
    -8.319219455400000e+01,
    4.237919410400010e+01
  ],
  ""type"": ""Point""
}","{
  ""coordinates"": [
    -83.192194554,
    42.379194104
  ],
  ""type"": ""Point""
}",-83.192194554,42.3791941040001
19628,9981371,PURITAN,ROBISON,2017-03-18,18,3,2017,23,7,8,9,,4,0,,1,1,4,0,2,2,2,5,0,0,0,0,true,,false,false,false,false,false,,,,,,false,true,false,,,false,false,false,false,false,-83.19295,42.40894,"{
  ""coordinates"": [
    -8.319294479000000e+01,
    4.240894309500000e+01
  ],
  ""type"": ""Point""
}","{
  ""coordinates"": [
    -83.19294479,
    42.408943095
  ],
  ""type"": ""Point""
}",-83.19294479,42.408943095
19629,9985923,SEVEN MILE,WALTHAM,2017-03-18,18,3,2017,2,7,2,9,,4,0,,2,4,4,35,2,2,3,2,0,2,0,1,false,,true,false,false,false,false,,,,,,false,false,false,,,false,false,false,false,false,-82.99485,42.43471,"{
  ""coordinates"": [
    -8.299485390099990e+01,
    4.243471011600010e+01
  ],
  ""type"": ""Point""
}","{
  ""coordinates"": [
    -82.994853901,
    42.434710116
  ],
  ""type"": ""Point""
}",-82.9948539009999,42.4347101160001
19630,9982978,MOUND,HAMLET,2017-03-18,18,3,2017,16,7,4,9,,2,0,,1,1,1,35,2,2,3,5,0,0,0,0,true,,false,false,false,false,false,,,,,,false,false,false,,,false,false,false,false,false,-83.04387,42.44622,"{
  ""coordinates"": [
    -8.304386596300000e+01,
    4.244621884200010e+01
  ],
  ""type"": ""Point""
}","{
  ""coordinates"": [
    -83.043865963,
    42.446218842
  ],
  ""type"": ""Point""
}",-83.043865963,42.4462188420001
19631,1006486,WYOMING,FLORENCE,2017-03-18,18,3,2017,2,7,97,9,,4,0,,2,1,4,35,4,2,4,5,0,0,0,0,true,,true,false,false,false,false,,,,,,false,false,false,,,false,false,false,false,false,-83.16011,42.41215,"{
  ""coordinates"": [
    -8.316010881600000e+01,
    4.241215211500000e+01
  ],
  ""type"": ""Point""
}","{
  ""coordinates"": [
    -83.160108816,
    42.412152115
  ],
  ""type"": ""Point""
}",-83.160108816,42.412152115
19632,9982309,GREENLAWN,MCNICHOLS,2017-03-18,18,3,2017,10,7,4,9,,,0,,4,5,1,30,2,2,1,5,0,0,0,0,true,,false,false,true,false,false,,,,,,false,true,false,,,false,false,false,false,false,-83.15115,42.41689,"{
  ""coordinates"": [
    -8.315115573999999e+01,
    4.241688825600000e+01
  ],
  ""type"": ""Point""
}","{
  ""coordinates"": [
    -83.15115574,
    42.416888256
  ],
  ""type"": ""Point""
}",-83.15115574,42.416888256
19633,9980215,HAYES,EASTWOOD,2017-03-18,18,3,2017,18,7,4,9,,4,0,,2,2,3,35,4,2,2,4,0,0,0,2,false,,true,false,true,false,false,,,,,,false,false,true,,,false,false,false,false,false,-82.96545,42.43385,"{
  ""coordinates"": [
    -8.296544764799999e+01,
    4.243385459400000e+01
  ],
  ""type"": ""Point""
}","{
  ""coordinates"": [
    -82.965447648,
    42.433854594
  ],
  ""type"": ""Point""
}",-82.965447648,42.433854594
19634,9984722,ALTER,WAVENEY,2017-03-18,18,3,2017,5,7,5,9,,4,3,,2,4,4,25,4,3,1,5,0,0,0,0,true,,false,false,false,false,false,,,,,,false,false,false,,,false,false,false,false,false,-82.95088,42.39207,"{
  ""coordinates"": [
    -8.295088106000000e+01,
    4.239206585100000e+01
  ],
  ""type"": ""Point""
}","{
  ""coordinates"": [
    -82.95088106,
    42.392065851
  ],
  ""type"": ""Point""
}",-82.95088106,42.392065851
19635,9980189,GREENFIELD,TIREMAN,2017-03-18,18,3,2017,1,7,8,9,,2,3,,2,4,4,35,4,2,1,5,0,0,0,0,true,,false,false,false,false,false,,,,,,false,false,false,,,false,false,false,false,false,-83.1966,42.35084,"{
  ""coordinates"": [
    -8.319660144999990e+01,
    4.235083854700010e+01
  ],
  ""type"": ""Point""
}","{
  ""coordinates"": [
    -83.19660145,
    42.350838547
  ],
  ""type"": ""Point""
}",-83.1966014499999,42.3508385470001
19636,9982942,I-96,EVERGREEN,2017-03-18,18,3,2017,9,7,1,1,,1,1,,2,5,1,70,3,1,1,5,0,0,0,0,true,,false,false,false,false,false,,,,,,false,false,false,,,false,false,false,false,false,-83.23518,42.37953,"{
  ""coordinates"": [
    -8.323517253999999e+01,
    4.237952932100010e+01
  ],
  ""type"": ""Point""
}","{
  ""coordinates"": [
    -83.23517254,
    42.379529321
  ],
  ""type"": ""Point""
}",-83.23517254,42.3795293210001
19637,1026719,HAYES,KILBOURNE,2017-03-18,18,3,2017,21,7,2,9,,4,0,,1,1,3,0,2,2,1,2,0,1,0,0,false,,false,false,true,false,false,,,,,,false,false,false,,,false,false,false,false,false,-82.96486,42.41681,"{
  ""coordinates"": [
    -8.296485919100000e+01,
    4.241680456600010e+01
  ],
  ""type"": ""Point""
}","{
  ""coordinates"": [
    -82.964859191,
    42.416804566
  ],
  ""type"": ""Point""
}",-82.964859191,42.4168045660001
19638,9981383,GRATIOT,ROHNS,2017-03-18,18,3,2017,20,7,1,3,,1,0,,1,2,4,30,8,2,0,4,0,0,0,1,false,,false,false,true,false,false,,,,,,true,false,false,,,false,false,false,false,false,-83.00901,42.38741,"{
  ""coordinates"": [
    -8.300901084100001e+01,
    4.238740858000010e+01
  ],
  ""type"": ""Point""
}","{
  ""coordinates"": [
    -83.009010841,
    42.38740858
  ],
  ""type"": ""Point""
}",-83.009010841,42.3874085800001
19639,9981382,GRATIOT,MCDOUGALL,2017-03-18,18,3,2017,21,7,8,3,,1,0,,2,4,4,35,7,2,2,4,0,0,0,1,false,,false,false,false,false,false,,,,,,false,false,false,,,false,false,false,false,false,-83.02898,42.35717,"{
  ""coordinates"": [
    -8.302898163099999e+01,
    4.235717450800010e+01
  ],
  ""type"": ""Point""
}","{
  ""coordinates"": [
    -83.028981631,
    42.357174508
  ],
  ""type"": ""Point""
}",-83.028981631,42.3571745080001
19640,9982943,I-94,FRENCH,2017-03-18,18,3,2017,10,7,5,1,,1,0,,2,5,1,55,3,2,4,5,0,0,0,0,true,,false,false,false,false,false,,,,,,false,false,true,,,false,false,false,false,false,-82.99397,42.3927,"{
  ""coordinates"": [
    -8.299397338400000e+01,
    4.239269881200000e+01
  ],
  ""type"": ""Point""
}","{
  ""coordinates"": [
    -82.993973384,
    42.392698812
  ],
  ""type"": ""Point""
}",-82.993973384,42.392698812
19641,9982289,GILBERT,DENNIS,2017-03-18,18,3,2017,23,7,98,9,,,0,,2,2,4,25,4,2,0,5,0,0,0,0,true,,false,false,true,false,false,,,,,,false,false,false,,,false,false,false,false,false,-83.11914,42.3271,"{
  ""coordinates"": [
    -8.311914293300001e+01,
    4.232710407600010e+01
  ],
  ""type"": ""Point""
}","{
  ""coordinates"": [
    -83.119142933,
    42.327104076
  ],
  ""type"": ""Point""
}",-83.119142933,42.3271040760001
19642,9980159,FORT,DENMARK,2017-03-18,18,3,2017,10,7,9,3,,4,0,,2,4,1,30,3,2,2,5,0,0,0,0,true,,false,false,false,false,false,,,,,,false,false,false,,,false,false,false,false,false,-83.14372,42.29081,"{
  ""coordinates"": [
    -8.314372477900000e+01,
    4.229081231600000e+01
  ],
  ""type"": ""Point""
}","{
  ""coordinates"": [
    -83.143724779,
    42.290812316
  ],
  ""type"": ""Point""
}",-83.143724779,42.290812316
19643,9987095,FORT,WOODMERE,2017-03-18,18,3,2017,11,7,1,3,,1,0,,2,4,1,35,6,1,1,5,0,0,0,0,true,,false,false,false,false,false,,,,,,false,false,false,,,false,false,false,false,false,-83.13087,42.29574,"{
  ""coordinates"": [
    -8.313086858900000e+01,
    4.229574275700000e+01
  ],
  ""type"": ""Point""
}","{
  ""coordinates"": [
    -83.130868589,
    42.295742757
  ],
  ""type"": ""Point""
}",-83.130868589,42.295742757
19644,9980192,LAFAYETTE,ORLEANS,2017-03-18,18,3,2017,2,7,1,9,,4,1,,2,2,4,30,2,1,1,5,0,0,0,0,true,,false,false,false,false,false,,,,,,false,false,false,,,false,false,false,false,false,-83.03168,42.33849,"{
  ""coordinates"": [
    -8.303168275600000e+01,
    4.233848514500000e+01
  ],
  ""type"": ""Point""
}","{
  ""coordinates"": [
    -83.031682756,
    42.338485145
  ],
  ""type"": ""Point""
}",-83.031682756,42.338485145
19645,9982977,VAN DYKE,MILBANK,2017-03-18,18,3,2017,19,7,4,3,,1,0,,2,2,1,35,5,2,2,5,0,0,0,0,true,,false,false,false,false,false,,,,,,false,true,false,,,false,false,false,false,false,-83.02456,42.44296,"{
  ""coordinates"": [
    -8.302456135599989e+01,
    4.244295733400000e+01
  ],
  ""type"": ""Point""
}","{
  ""coordinates"": [
    -83.024561356,
    42.442957334
  ],
  ""type"": ""Point""
}",-83.0245613559999,42.442957334
19646,9980187,WARREN,FORRER,2017-03-18,18,3,2017,18,7,97,9,,2,0,,1,1,1,35,4,3,4,4,0,0,0,1,false,,true,false,false,false,false,,,,,,false,false,true,,,false,false,false,false,false,-83.19991,42.34362,"{
  ""coordinates"": [
    -8.319990360799990e+01,
    4.234362496300000e+01
  ],
  ""type"": ""Point""
}","{
  ""coordinates"": [
    -83.199903608,
    42.343624963
  ],
  ""type"": ""Point""
}",-83.1999036079999,42.343624963
19647,9980163,TARNOW,MICHIGAN,2017-03-18,18,3,2017,5,7,8,2,,,0,,2,4,4,25,4,2,0,5,0,0,0,0,true,,false,false,true,false,false,,,,,,false,false,false,,,false,false,false,false,false,-83.13452,42.33121,"{
  ""coordinates"": [
    -8.313452365800001e+01,
    4.233121241500000e+01
  ],
  ""type"": ""Point""
}","{
  ""coordinates"": [
    -83.134523658,
    42.331212415
  ],
  ""type"": ""Point""
}",-83.134523658,42.331212415
19648,9987142,ANTHONY WAYNE,FOREST,2017-03-18,18,3,2017,23,7,5,9,,4,0,,2,1,4,25,3,2,1,5,0,0,0,0,true,,false,false,false,true,false,,,,,,false,false,true,,,false,false,false,false,false,-83.07,42.35255,"{
  ""coordinates"": [
    -8.306999793900000e+01,
    4.235255501500010e+01
  ],
  ""type"": ""Point""
}","{
  ""coordinates"": [
    -83.069997939,
    42.352555015
  ],
  ""type"": ""Point""
}",-83.069997939,42.3525550150001
19649,9980201,EVERGREEN,GROVE,2017-03-18,18,3,2017,15,7,4,9,,4,0,,1,2,1,30,4,2,2,5,0,0,0,0,true,,false,false,false,false,false,,,,,,false,false,true,,,false,false,false,false,false,-83.2381,42.41357,"{
  ""coordinates"": [
    -8.323810068099991e+01,
    4.241356901600010e+01
  ],
  ""type"": ""Point""
}","{
  ""coordinates"": [
    -83.238100681,
    42.413569016
  ],
  ""type"": ""Point""
}",-83.2381006809999,42.4135690160001
19650,9989411,N M 10,RAMP 112C,2017-03-18,18,3,2017,1,7,5,3,,1,0,,2,8,4,55,3,2,2,5,0,0,0,0,true,,false,false,false,false,false,,,,,,false,false,false,,,false,false,false,false,false,-83.0907,42.38031,"{
  ""coordinates"": [
    -8.309070036000000e+01,
    4.238031488500010e+01
  ],
  ""type"": ""Point""
}","{
  ""coordinates"": [
    -83.09070036,
    42.380314885
  ],
  ""type"": ""Point""
}",-83.09070036,42.3803148850001
19651,9987115,RUTLAND,LYNDON,2017-03-18,18,3,2017,21,7,2,9,,,0,,2,1,4,25,2,2,2,5,0,0,0,0,true,,false,false,false,false,false,,,,,,false,false,true,,,false,false,false,false,false,-83.21358,42.39402,"{
  ""coordinates"": [
    -8.321358760899990e+01,
    4.239401800900000e+01
  ],
  ""type"": ""Point""
}","{
  ""coordinates"": [
    -83.213587609,
    42.394018009
  ],
  ""type"": ""Point""
}",-83.2135876089999,42.394018009
19652,9980202,GRAND RIVER,ASBURY,2017-03-18,18,3,2017,14,7,4,3,,1,3,,2,5,1,35,7,2,0,5,0,0,0,0,true,,false,false,true,false,false,,,,,,false,false,false,,,false,false,false,false,false,-83.20724,42.39625,"{
  ""coordinates"": [
    -8.320724648399990e+01,
    4.239624972300000e+01
  ],
  ""type"": ""Point""
}","{
  ""coordinates"": [
    -83.207246484,
    42.396249723
  ],
  ""type"": ""Point""
}",-83.2072464839999,42.396249723
19653,9985968,8 MILE,WOODWARD,2017-03-18,18,3,2017,13,7,4,3,,1,0,,1,1,1,35,5,2,2,5,0,0,0,0,true,,false,false,false,false,false,,,,,,false,false,false,,,false,false,false,false,false,-83.12498,42.44651,"{
  ""coordinates"": [
    -8.312498466900000e+01,
    4.244650975300000e+01
  ],
  ""type"": ""Point""
}","{
  ""coordinates"": [
    -83.124984669,
    42.446509753
  ],
  ""type"": ""Point""
}",-83.124984669,42.446509753
19654,9980191,MT ELLIOTT,ELBA,2017-03-18,18,3,2017,6,7,1,9,,4,0,,4,5,3,30,2,1,0,5,0,0,0,0,true,,false,false,true,false,false,,,,,,false,false,false,,,false,false,false,false,false,-83.02058,42.35975,"{
  ""coordinates"": [
    -8.302058455699991e+01,
    4.235975067100000e+01
  ],
  ""type"": ""Point""
}","{
  ""coordinates"": [
    -83.020584557,
    42.359750671
  ],
  ""type"": ""Point""
}",-83.0205845569999,42.359750671
19655,9981388,MCNICHOLS,GILCHRIST,2017-03-18,18,3,2017,0,7,3,9,,2,0,,2,7,4,30,2,2,2,5,0,0,0,0,true,,false,false,false,false,false,,,,,,false,false,false,,,false,false,false,false,false,-83.21209,42.41571,"{
  ""coordinates"": [
    -8.321209042500000e+01,
    4.241570521700000e+01
  ],
  ""type"": ""Point""
}","{
  ""coordinates"": [
    -83.212090425,
    42.415705217
  ],
  ""type"": ""Point""
}",-83.212090425,42.415705217
19656,9982310,WYOMING,MCNICHOLS,2017-03-18,18,3,2017,10,7,5,9,,4,0,,2,5,1,35,4,2,1,5,0,0,0,0,true,,false,false,true,false,false,,,,,,false,true,false,,,false,false,false,false,false,-83.16031,42.41672,"{
  ""coordinates"": [
    -8.316030922700000e+01,
    4.241672124700010e+01
  ],
  ""type"": ""Point""
}","{
  ""coordinates"": [
    -83.160309227,
    42.416721247
  ],
  ""type"": ""Point""
}",-83.160309227,42.4167212470001
19657,1014094,CONANT,DAVISON,2017-03-18,18,3,2017,0,7,8,3,,4,0,,2,5,4,35,2,2,2,5,0,0,0,0,true,,false,false,true,false,false,,,,,,false,false,false,,,false,false,false,false,false,-83.0615,42.41555,"{
  ""coordinates"": [
    -8.306149961300000e+01,
    4.241555355600010e+01
  ],
  ""type"": ""Point""
}","{
  ""coordinates"": [
    -83.061499613,
    42.415553556
  ],
  ""type"": ""Point""
}",-83.061499613,42.4155535560001
19658,9980200,EVERGREEN,SANTA CLARA,2017-03-18,18,3,2017,12,7,8,9,,4,0,,2,2,1,30,4,2,1,4,0,0,0,1,false,,false,false,false,false,false,,,,,,false,false,false,,,false,false,false,false,false,-83.23837,42.41907,"{
  ""coordinates"": [
    -8.323837437299990e+01,
    4.241906854400000e+01
  ],
  ""type"": ""Point""
}","{
  ""coordinates"": [
    -83.238374373,
    42.419068544
  ],
  ""type"": ""Point""
}",-83.2383743729999,42.419068544
19659,9989410,N M 10,RAMP 112C,2017-03-18,18,3,2017,1,7,1,3,,1,1,,2,4,4,55,3,1,1,5,0,0,0,0,true,,false,false,false,false,false,,,,,,false,false,false,,,false,false,false,false,false,-83.09095,42.38057,"{
  ""coordinates"": [
    -8.309094653800000e+01,
    4.238057485100010e+01
  ],
  ""type"": ""Point""
}","{
  ""coordinates"": [
    -83.090946538,
    42.380574851
  ],
  ""type"": ""Point""
}",-83.090946538,42.3805748510001
19660,9980144,WOODWARD,WARREN,2017-03-18,18,3,2017,20,7,8,3,,1,0,,1,1,4,0,4,2,2,5,0,0,0,0,true,,false,false,false,false,false,,,,,,false,false,false,,,false,false,false,false,false,-83.06436,42.35694,"{
  ""coordinates"": [
    -8.306436533700000e+01,
    4.235693747500010e+01
  ],
  ""type"": ""Point""
}","{
  ""coordinates"": [
    -83.064365337,
    42.356937475
  ],
  ""type"": ""Point""
}",-83.064365337,42.3569374750001
19661,9981366,M-39,FITZPATRICK,2017-03-18,18,3,2017,13,7,8,3,,1,0,,1,2,1,55,3,2,2,5,0,0,0,0,true,,false,false,false,false,false,,,,,,false,false,true,,,false,false,false,false,false,-83.21653,42.36281,"{
  ""coordinates"": [
    -8.321653198999999e+01,
    4.236281014200010e+01
  ],
  ""type"": ""Point""
}","{
  ""coordinates"": [
    -83.21653199,
    42.362810142
  ],
  ""type"": ""Point""
}",-83.21653199,42.3628101420001
19662,9980203,SOUTHFIELD SERVICE,GRAND RIVER,2017-03-18,18,3,2017,12,7,4,3,,1,0,,2,2,1,25,3,2,2,5,0,0,0,0,true,,false,false,false,false,false,,,,,,false,false,false,,,false,false,false,false,false,-83.21823,42.40401,"{
  ""coordinates"": [
    -8.321823159099991e+01,
    4.240400991800000e+01
  ],
  ""type"": ""Point""
}","{
  ""coordinates"": [
    -83.218231591,
    42.404009918
  ],
  ""type"": ""Point""
}",-83.2182315909999,42.404009918
19663,9980195,HARPER,ST CYRIL,2017-03-18,18,3,2017,8,7,1,9,,4,1,,2,5,1,25,1,1,0,5,0,0,0,0,true,,false,false,false,false,false,,,,,,false,false,false,,,false,false,false,false,false,-83.02546,42.38644,"{
  ""coordinates"": [
    -8.302545893400000e+01,
    4.238644458000000e+01
  ],
  ""type"": ""Point""
}","{
  ""coordinates"": [
    -83.025458934,
    42.38644458
  ],
  ""type"": ""Point""
}",-83.025458934,42.38644458
19664,9980225,FENKELL,LIVERNOIS,2017-03-18,18,3,2017,6,7,1,9,,4,1,,2,3,4,30,5,1,1,5,0,0,0,0,true,,false,false,false,false,false,,,,,,false,false,false,,,false,false,false,false,false,-83.1403,42.40267,"{
  ""coordinates"": [
    -8.314030471300001e+01,
    4.240267021500010e+01
  ],
  ""type"": ""Point""
}","{
  ""coordinates"": [
    -83.140304713,
    42.402670215
  ],
  ""type"": ""Point""
}",-83.140304713,42.4026702150001
19665,9982981,SYRACUSE,LUCE,2017-03-18,18,3,2017,17,7,4,9,,,0,,2,4,1,25,2,2,3,4,0,0,0,2,false,,false,false,false,false,false,,,,,,false,false,true,,,false,false,false,false,false,-83.04464,42.41525,"{
  ""coordinates"": [
    -8.304463680200000e+01,
    4.241525276800010e+01
  ],
  ""type"": ""Point""
}","{
  ""coordinates"": [
    -83.044636802,
    42.415252768
  ],
  ""type"": ""Point""
}",-83.044636802,42.4152527680001
19666,9980197,MCNICHOLS,S M 39,2017-03-18,18,3,2017,0,7,4,9,,2,0,,2,7,4,35,4,2,3,5,0,0,0,0,true,,false,false,false,false,false,,,,,,false,false,true,,,false,false,false,false,false,-83.21902,42.41555,"{
  ""coordinates"": [
    -8.321902727799990e+01,
    4.241555052000010e+01
  ],
  ""type"": ""Point""
}","{
  ""coordinates"": [
    -83.219027278,
    42.41555052
  ],
  ""type"": ""Point""
}",-83.2190272779999,42.4155505200001