ObjectId,Crash ID,Primary Road,Intersecting Road,Crash Date,Day,Month,Year,Hour,Weekday,Crash Type Code,Highway Classification Code,Community Code,Jurisdiction Code,Lane Departure Type Code,Surface Type,Road Condition,Weather Condition,Lighting Condition,Speed Limit,Lanes,Units,Occupants,Most Severe Injury,Fatal Injuries,Suspected Serious Injuries,Suspected Minor Injuries,Possible Injuries,Property Damage Only,Secondary Crash,Traffic Control,Red Light Run,Hit and Run,Alcohol,Drugs,Unbelted Person,Work Zone,Speeding Driver,Distracted Driver,Driveway,Pedestrian,Elderly Driver,Young Driver,Commercial Vehicle,Emergency Vehicles,Train,School Bus,Motorcycle,Bicycle,Deer,Longitude,Latitude,geom,geog,x,y
19667,9981415,FREDERICK DOUGLASS,BRUSH,2017-03-18,18,3,2017,15,7,8,9,,,0,,2,2,1,25,1,2,3,5,0,0,0,0,true,,false,false,false,false,false,,,,,,false,false,false,,,false,false,false,false,false,-83.06168,42.36083,"{
  ""coordinates"": [
    -8.306168367899990e+01,
    4.236083139000000e+01
  ],
  ""type"": ""Point""
}","{
  ""coordinates"": [
    -83.061683679,
    42.36083139
  ],
  ""type"": ""Point""
}",-83.0616836789999,42.36083139
19668,9980162,JEFFERSON,CRAWFORD,2017-03-18,18,3,2017,3,7,1,9,,4,1,,2,3,5,35,2,1,2,3,0,0,1,0,false,,false,false,false,false,false,,,,,,false,false,false,,,false,false,false,false,false,-83.10036,42.29864,"{
  ""coordinates"": [
    -8.310035378899990e+01,
    4.229864114800010e+01
  ],
  ""type"": ""Point""
}","{
  ""coordinates"": [
    -83.100353789,
    42.298641148
  ],
  ""type"": ""Point""
}",-83.1003537889999,42.2986411480001
19669,9987130,OUTER,SCHAEFER,2017-03-18,18,3,2017,17,7,1,9,,2,0,,98,98,98,30,4,1,1,5,0,0,0,0,true,,false,false,false,false,false,,,,,,false,true,false,,,false,false,false,false,false,-83.17997,42.42011,"{
  ""coordinates"": [
    -8.317996800899989e+01,
    4.242011296900010e+01
  ],
  ""type"": ""Point""
}","{
  ""coordinates"": [
    -83.179968009,
    42.420112969
  ],
  ""type"": ""Point""
}",-83.1799680089999,42.4201129690001
19670,9980214,EASTWOOD,STRASBURG,2017-03-18,18,3,2017,2,7,97,9,,,0,,2,4,4,25,1,3,1,5,0,0,0,0,true,,false,false,false,false,false,,,,,,false,false,true,,,false,false,false,false,false,-82.99872,42.4328,"{
  ""coordinates"": [
    -8.299871830900000e+01,
    4.243279841700010e+01
  ],
  ""type"": ""Point""
}","{
  ""coordinates"": [
    -82.998718309,
    42.432798417
  ],
  ""type"": ""Point""
}",-82.998718309,42.4327984170001
19671,9982968,GRANDRIVER,FENKELL,2017-03-18,18,3,2017,23,7,8,3,,1,0,,1,1,4,40,4,2,2,5,0,0,0,0,true,,false,false,false,false,false,,,,,,false,false,true,,,false,false,false,false,false,-83.21963,42.40124,"{
  ""coordinates"": [
    -8.321962666400000e+01,
    4.240123885900000e+01
  ],
  ""type"": ""Point""
}","{
  ""coordinates"": [
    -83.219626664,
    42.401238859
  ],
  ""type"": ""Point""
}",-83.219626664,42.401238859
19672,9982236,S I 75,RAMP 041I,2017-03-17,17,3,2017,16,6,5,1,,1,0,,2,5,1,55,4,2,2,5,0,0,0,0,true,,false,false,false,false,false,,,,,,false,false,true,,,false,false,false,false,false,-83.04469,42.34506,"{
  ""coordinates"": [
    -8.304468595100001e+01,
    4.234505670000000e+01
  ],
  ""type"": ""Point""
}","{
  ""coordinates"": [
    -83.044685951,
    42.3450567
  ],
  ""type"": ""Point""
}",-83.044685951,42.3450567
19673,9991887,M-10,MILWAUKEE,2017-03-17,17,3,2017,7,6,1,3,,1,1,,1,1,4,55,3,1,1,5,0,0,0,0,true,,false,false,false,false,false,,,,,,false,false,false,,,false,false,false,false,false,-83.07992,42.36474,"{
  ""coordinates"": [
    -8.307992054899999e+01,
    4.236473966500010e+01
  ],
  ""type"": ""Point""
}","{
  ""coordinates"": [
    -83.079920549,
    42.364739665
  ],
  ""type"": ""Point""
}",-83.079920549,42.3647396650001
19674,9980138,SOUTHFIELD SERVICE DRIVE,SCHOOLCRAFT,2017-03-17,17,3,2017,14,6,8,9,,4,0,,1,1,1,25,3,2,2,5,0,0,0,0,true,,false,false,true,false,false,,,,,,false,false,false,,,false,false,false,false,false,-83.21722,42.38652,"{
  ""coordinates"": [
    -8.321722177800000e+01,
    4.238651852400010e+01
  ],
  ""type"": ""Point""
}","{
  ""coordinates"": [
    -83.217221778,
    42.386518524
  ],
  ""type"": ""Point""
}",-83.217221778,42.3865185240001
19675,1017740,MARTIN LUTHER KING JR,N M 10 SERVICE DRIVE,2017-03-17,17,3,2017,15,6,8,9,,4,0,,2,1,1,35,6,2,5,5,0,0,0,0,true,,false,false,false,false,false,,,,,,false,false,true,,,false,false,false,false,false,-83.06721,42.34364,"{
  ""coordinates"": [
    -8.306721857500000e+01,
    4.234363667600010e+01
  ],
  ""type"": ""Point""
}","{
  ""coordinates"": [
    -83.067218575,
    42.343636676
  ],
  ""type"": ""Point""
}",-83.067218575,42.3436366760001
19676,9980135,LITTLEFIELD,WESTFIELD,2017-03-17,17,3,2017,14,6,4,9,,,0,,1,2,1,25,4,2,2,5,0,0,0,0,true,,true,false,false,false,false,,,,,,false,false,false,,,false,false,false,false,false,-83.1752,42.36364,"{
  ""coordinates"": [
    -8.317520030700000e+01,
    4.236364245800010e+01
  ],
  ""type"": ""Point""
}","{
  ""coordinates"": [
    -83.175200307,
    42.363642458
  ],
  ""type"": ""Point""
}",-83.175200307,42.3636424580001
19677,9980170,DICKERSON,FREUD,2017-03-17,17,3,2017,7,6,5,9,,4,0,,2,2,1,25,2,2,1,5,0,0,0,0,true,,false,false,false,false,false,,,,,,false,true,false,,,false,false,false,false,false,-82.94966,42.36602,"{
  ""coordinates"": [
    -8.294966102599990e+01,
    4.236601767000010e+01
  ],
  ""type"": ""Point""
}","{
  ""coordinates"": [
    -82.949661026,
    42.36601767
  ],
  ""type"": ""Point""
}",-82.9496610259999,42.3660176700001
19678,9980233,LIVERNOIS,MCNICHOLS,2017-03-17,17,3,2017,23,6,8,9,,4,0,,2,4,4,30,2,2,3,5,0,0,0,0,true,,false,false,false,false,false,,,,,,false,false,true,,,false,false,false,false,false,-83.14072,42.41718,"{
  ""coordinates"": [
    -8.314071730700000e+01,
    4.241718432700000e+01
  ],
  ""type"": ""Point""
}","{
  ""coordinates"": [
    -83.140717307,
    42.417184327
  ],
  ""type"": ""Point""
}",-83.140717307,42.417184327
19679,9980143,BRUSH,OWEN,2017-03-17,17,3,2017,15,6,4,9,,4,0,,3,5,1,30,3,2,2,4,0,0,0,2,false,,false,false,true,false,false,,,,,,false,false,false,,,false,false,false,false,false,-83.07575,42.38506,"{
  ""coordinates"": [
    -8.307575364000000e+01,
    4.238506403300000e+01
  ],
  ""type"": ""Point""
}","{
  ""coordinates"": [
    -83.07575364,
    42.385064033
  ],
  ""type"": ""Point""
}",-83.07575364,42.385064033
19680,9980146,HOLBROOK,BRUSH,2017-03-17,17,3,2017,14,6,4,9,,4,0,,2,2,1,30,4,2,2,5,0,0,0,0,true,,true,false,false,false,false,,,,,,false,false,true,,,false,false,false,false,false,-83.07539,42.38304,"{
  ""coordinates"": [
    -8.307538755000000e+01,
    4.238303667500000e+01
  ],
  ""type"": ""Point""
}","{
  ""coordinates"": [
    -83.07538755,
    42.383036675
  ],
  ""type"": ""Point""
}",-83.07538755,42.383036675
19681,9980193,GRATIOT,CHENE,2017-03-17,17,3,2017,12,6,8,3,,1,0,,1,1,1,40,3,2,3,5,0,0,0,0,true,,false,false,false,false,false,,,,,,false,false,true,,,false,false,false,false,false,-83.03192,42.35268,"{
  ""coordinates"": [
    -8.303192300900000e+01,
    4.235267685200010e+01
  ],
  ""type"": ""Point""
}","{
  ""coordinates"": [
    -83.031923009,
    42.352676852
  ],
  ""type"": ""Point""
}",-83.031923009,42.3526768520001
19682,9980216,7 MILE,RUNYON,2017-03-17,17,3,2017,21,6,5,9,,4,0,,2,4,5,35,2,2,4,5,0,0,0,0,true,,false,false,false,false,false,,,,,,false,false,false,,,false,false,false,false,false,-83.00696,42.43438,"{
  ""coordinates"": [
    -8.300695914399989e+01,
    4.243438406500010e+01
  ],
  ""type"": ""Point""
}","{
  ""coordinates"": [
    -83.006959144,
    42.434384065
  ],
  ""type"": ""Point""
}",-83.0069591439999,42.4343840650001
19683,9982940,I-75,WOODWARD,2017-03-17,17,3,2017,16,6,5,1,,1,0,,2,4,1,55,4,2,2,5,0,0,0,0,true,,false,false,false,false,false,,,,,,false,false,true,,,false,false,false,false,false,-83.0546,42.33928,"{
  ""coordinates"": [
    -8.305460198899991e+01,
    4.233927569000010e+01
  ],
  ""type"": ""Point""
}","{
  ""coordinates"": [
    -83.054601989,
    42.33927569
  ],
  ""type"": ""Point""
}",-83.0546019889999,42.3392756900001
19684,9989409,I-94,JOHN R,2017-03-17,17,3,2017,18,6,97,1,,1,0,,6,5,1,55,3,3,2,4,0,0,0,1,false,,false,false,true,false,false,,,,,,false,true,false,,,false,false,false,false,false,-83.06252,42.36639,"{
  ""coordinates"": [
    -8.306252338099991e+01,
    4.236639154000010e+01
  ],
  ""type"": ""Point""
}","{
  ""coordinates"": [
    -83.062523381,
    42.36639154
  ],
  ""type"": ""Point""
}",-83.0625233809999,42.3663915400001
19685,9980190,PETER HUNT,RAYMOND,2017-03-17,17,3,2017,1,6,4,9,,,0,,1,1,5,25,2,2,4,3,0,0,1,0,false,,false,false,false,false,false,,,,,,false,false,true,,,false,false,false,false,false,-83.00798,42.39386,"{
  ""coordinates"": [
    -8.300798335499999e+01,
    4.239385877600010e+01
  ],
  ""type"": ""Point""
}","{
  ""coordinates"": [
    -83.007983355,
    42.393858776
  ],
  ""type"": ""Point""
}",-83.007983355,42.3938587760001
19686,9983788,W I 96,KENTFIELD,2017-03-17,17,3,2017,14,6,5,1,,1,0,,1,1,1,70,3,2,4,5,0,0,0,0,true,,false,false,false,false,false,,,,,,false,false,false,,,false,false,false,false,false,-83.24052,42.3837,"{
  ""coordinates"": [
    -8.324052695700000e+01,
    4.238369921300010e+01
  ],
  ""type"": ""Point""
}","{
  ""coordinates"": [
    -83.240526957,
    42.383699213
  ],
  ""type"": ""Point""
}",-83.240526957,42.3836992130001
19687,9982281,WOODWARD,FISHER,2017-03-17,17,3,2017,15,6,8,3,,1,0,,2,5,1,25,3,2,1,5,0,0,0,0,true,,false,false,true,false,false,,,,,,false,false,false,,,false,false,false,false,false,-83.05248,42.33936,"{
  ""coordinates"": [
    -8.305247973000000e+01,
    4.233935482000000e+01
  ],
  ""type"": ""Point""
}","{
  ""coordinates"": [
    -83.05247973,
    42.33935482
  ],
  ""type"": ""Point""
}",-83.05247973,42.33935482
19688,9980154,ROSA PARKS,FORT,2017-03-17,17,3,2017,14,6,5,3,,4,0,,1,1,1,25,2,2,2,5,0,0,0,0,true,,false,false,true,false,false,,,,,,false,false,false,,,false,false,false,false,false,-83.06684,42.32236,"{
  ""coordinates"": [
    -8.306684051500000e+01,
    4.232236060200010e+01
  ],
  ""type"": ""Point""
}","{
  ""coordinates"": [
    -83.066840515,
    42.322360602
  ],
  ""type"": ""Point""
}",-83.066840515,42.3223606020001
19689,9982294,MC NICHOLS,HOOVER,2017-03-17,17,3,2017,17,6,9,9,,4,0,,4,5,1,35,2,2,2,5,0,0,0,0,true,,false,false,false,false,false,,,,,,false,false,true,,,false,false,false,false,false,-83.00398,42.41996,"{
  ""coordinates"": [
    -8.300398181799990e+01,
    4.241995544700010e+01
  ],
  ""type"": ""Point""
}","{
  ""coordinates"": [
    -83.003981818,
    42.419955447
  ],
  ""type"": ""Point""
}",-83.0039818179999,42.4199554470001
19690,9980140,BEAUBIEN,MONROE,2017-03-17,17,3,2017,12,6,8,9,,4,0,,1,2,1,35,2,2,2,5,0,0,0,0,true,,false,false,false,false,false,,,,,,false,false,false,,,false,false,false,false,false,-83.04265,42.33503,"{
  ""coordinates"": [
    -8.304264804099989e+01,
    4.233502813700010e+01
  ],
  ""type"": ""Point""
}","{
  ""coordinates"": [
    -83.042648041,
    42.335028137
  ],
  ""type"": ""Point""
}",-83.0426480409999,42.3350281370001
19691,9991878,E I 96,KENTFIELD,2017-03-17,17,3,2017,20,6,1,1,,1,1,,6,5,4,55,3,1,1,5,0,0,0,0,true,,false,false,false,false,false,,,,,,false,false,true,,,false,false,false,false,false,-83.23994,42.38296,"{
  ""coordinates"": [
    -8.323993696399999e+01,
    4.238295794200010e+01
  ],
  ""type"": ""Point""
}","{
  ""coordinates"": [
    -83.239936964,
    42.382957942
  ],
  ""type"": ""Point""
}",-83.239936964,42.3829579420001
19692,9980188,S M 39 SERVICE DRIVE,WARREN,2017-03-17,17,3,2017,16,6,4,9,,4,0,,2,2,1,35,2,2,1,5,0,0,0,0,true,,false,false,true,false,false,,,,,,false,false,false,,,false,false,false,false,false,-83.21651,42.34283,"{
  ""coordinates"": [
    -8.321650660400000e+01,
    4.234282844800000e+01
  ],
  ""type"": ""Point""
}","{
  ""coordinates"": [
    -83.216506604,
    42.342828448
  ],
  ""type"": ""Point""
}",-83.216506604,42.342828448
19693,9980184,SOUTHFIELD,PLYMOUTH,2017-03-17,17,3,2017,21,6,1,3,,1,1,,4,5,4,55,3,1,2,5,0,0,0,0,true,,false,false,false,false,false,,,,,,false,false,false,,,false,false,false,false,false,-83.21661,42.36868,"{
  ""coordinates"": [
    -8.321661169600000e+01,
    4.236868069400000e+01
  ],
  ""type"": ""Point""
}","{
  ""coordinates"": [
    -83.216611696,
    42.368680694
  ],
  ""type"": ""Point""
}",-83.216611696,42.368680694
19694,9980142,CONGRESS,ST ANTOINE,2017-03-17,17,3,2017,8,6,1,9,,4,0,,1,1,1,25,4,1,1,5,0,0,0,0,true,,false,false,false,false,false,,,,,,false,false,false,,,false,false,false,false,false,-83.03926,42.33303,"{
  ""coordinates"": [
    -8.303926081299990e+01,
    4.233302786700010e+01
  ],
  ""type"": ""Point""
}","{
  ""coordinates"": [
    -83.039260813,
    42.333027867
  ],
  ""type"": ""Point""
}",-83.0392608129999,42.3330278670001
19695,9989405,N/B M-39,7 MILE,2017-03-17,17,3,2017,19,6,8,3,,1,0,,6,8,1,55,3,2,1,5,0,0,0,0,true,,false,false,true,false,false,,,,,,false,false,false,,,false,false,false,false,false,-83.21916,42.42859,"{
  ""coordinates"": [
    -8.321916191900000e+01,
    4.242858333400010e+01
  ],
  ""type"": ""Point""
}","{
  ""coordinates"": [
    -83.219161919,
    42.428583334
  ],
  ""type"": ""Point""
}",-83.219161919,42.4285833340001
19696,9990662,W I 94 SERVICE DRIVE,CHALMERS,2017-03-17,17,3,2017,14,6,8,1,,7,0,,98,98,98,0,1,2,2,5,0,0,0,0,true,,true,false,true,false,false,,,,,,false,false,false,,,false,false,false,false,false,-82.96442,42.40409,"{
  ""coordinates"": [
    -8.296441469000000e+01,
    4.240409241000000e+01
  ],
  ""type"": ""Point""
}","{
  ""coordinates"": [
    -82.96441469,
    42.40409241
  ],
  ""type"": ""Point""
}",-82.96441469,42.40409241
19697,9980177,WARWICK,WESTFIELD,2017-03-17,17,3,2017,15,6,98,9,,,0,,2,5,1,25,2,2,0,5,0,0,0,0,true,,false,false,true,false,false,,,,,,false,false,false,,,false,false,false,false,false,-83.2275,42.36325,"{
  ""coordinates"": [
    -8.322750285599990e+01,
    4.236324825100010e+01
  ],
  ""type"": ""Point""
}","{
  ""coordinates"": [
    -83.227502856,
    42.363248251
  ],
  ""type"": ""Point""
}",-83.2275028559999,42.3632482510001
19698,1033937,BRUSH,PIQUETTE,2017-03-17,17,3,2017,17,6,1,9,,4,1,,2,5,1,30,2,1,1,5,0,0,0,0,true,,false,false,false,false,false,,,,,,false,false,false,,,false,false,false,false,false,-83.06627,42.36837,"{
  ""coordinates"": [
    -8.306626880600000e+01,
    4.236837515900000e+01
  ],
  ""type"": ""Point""
}","{
  ""coordinates"": [
    -83.066268806,
    42.368375159
  ],
  ""type"": ""Point""
}",-83.066268806,42.368375159
19699,9981380,CONSTANCE,EVERGREEN,2017-03-17,17,3,2017,9,6,5,9,,,0,,2,2,2,25,2,2,0,5,0,0,0,0,true,,false,false,true,false,false,,,,,,false,false,false,,,false,false,false,false,false,-83.23596,42.35395,"{
  ""coordinates"": [
    -8.323595847099990e+01,
    4.235395379800010e+01
  ],
  ""type"": ""Point""
}","{
  ""coordinates"": [
    -83.235958471,
    42.353953798
  ],
  ""type"": ""Point""
}",-83.2359584709999,42.3539537980001
19700,9982313,S M 10,MOTOR,2017-03-17,17,3,2017,10,6,1,3,,1,1,,1,1,1,35,2,1,1,5,0,0,0,0,true,,false,false,false,false,false,,,,,,false,false,false,,,false,false,false,false,false,-83.20197,42.44352,"{
  ""coordinates"": [
    -8.320196471900000e+01,
    4.244352327100010e+01
  ],
  ""type"": ""Point""
}","{
  ""coordinates"": [
    -83.201964719,
    42.443523271
  ],
  ""type"": ""Point""
}",-83.201964719,42.4435232710001
19701,9989389,M 10,GRISWOLD,2017-03-17,17,3,2017,21,6,5,3,,1,0,,2,5,4,45,3,3,3,5,0,0,0,0,true,,false,false,true,true,false,,,,,,false,false,true,,,false,false,false,false,false,-83.04866,42.32693,"{
  ""coordinates"": [
    -8.304866114200000e+01,
    4.232692935100000e+01
  ],
  ""type"": ""Point""
}","{
  ""coordinates"": [
    -83.048661142,
    42.326929351
  ],
  ""type"": ""Point""
}",-83.048661142,42.326929351
19702,9980114,DAVISON,RAMP 047E,2017-03-17,17,3,2017,19,6,1,9,,4,1,,2,4,4,55,4,1,1,4,0,0,0,1,false,,false,false,false,false,false,,,,,,false,false,false,,,false,false,false,false,false,-83.08023,42.40882,"{
  ""coordinates"": [
    -8.308022971100000e+01,
    4.240882121600000e+01
  ],
  ""type"": ""Point""
}","{
  ""coordinates"": [
    -83.080229711,
    42.408821216
  ],
  ""type"": ""Point""
}",-83.080229711,42.408821216
19703,9983844,N M 39,PEMBROKE,2017-03-17,17,3,2017,17,6,5,3,,1,0,,3,5,1,55,3,3,2,4,0,0,0,1,false,,false,false,true,false,false,,,,,,false,false,false,,,false,false,false,false,false,-83.21953,42.43705,"{
  ""coordinates"": [
    -8.321952667700000e+01,
    4.243705447400000e+01
  ],
  ""type"": ""Point""
}","{
  ""coordinates"": [
    -83.219526677,
    42.437054474
  ],
  ""type"": ""Point""
}",-83.219526677,42.437054474
19704,9985896,MINNEAPOLIS,CADIEUX,2017-03-17,17,3,2017,19,6,2,9,,,0,,1,1,3,25,2,2,0,5,0,0,0,0,true,,false,false,true,false,false,,,,,,false,true,false,,,false,false,false,false,false,-82.92583,42.40004,"{
  ""coordinates"": [
    -8.292582382599990e+01,
    4.240003794000010e+01
  ],
  ""type"": ""Point""
}","{
  ""coordinates"": [
    -82.925823826,
    42.40003794
  ],
  ""type"": ""Point""
}",-82.9258238259999,42.4000379400001
19705,9980199,REDFORD,MCNICHOLS,2017-03-17,17,3,2017,20,6,98,9,,4,0,,2,5,4,25,2,2,0,5,0,0,0,0,true,,false,false,true,false,false,,,,,,false,false,false,,,false,false,false,false,false,-83.26219,42.41479,"{
  ""coordinates"": [
    -8.326219357900000e+01,
    4.241478675300000e+01
  ],
  ""type"": ""Point""
}","{
  ""coordinates"": [
    -83.262193579,
    42.414786753
  ],
  ""type"": ""Point""
}",-83.262193579,42.414786753
19706,9982290,WARREN,ST AUBIN,2017-03-17,17,3,2017,15,6,4,9,,4,0,,2,2,1,30,5,2,3,5,0,0,0,0,true,,false,false,false,false,false,,,,,,false,false,true,,,false,false,false,false,false,-83.04434,42.36441,"{
  ""coordinates"": [
    -8.304434520900000e+01,
    4.236441277100000e+01
  ],
  ""type"": ""Point""
}","{
  ""coordinates"": [
    -83.044345209,
    42.364412771
  ],
  ""type"": ""Point""
}",-83.044345209,42.364412771
19707,1032763,MACK,N I 75,2017-03-17,17,3,2017,21,6,4,9,,4,0,,2,4,4,25,6,2,2,5,0,0,0,0,true,,false,false,false,false,false,,,,,,false,false,true,,,false,false,false,false,false,-83.04794,42.35134,"{
  ""coordinates"": [
    -8.304793404700000e+01,
    4.235133815500010e+01
  ],
  ""type"": ""Point""
}","{
  ""coordinates"": [
    -83.047934047,
    42.351338155
  ],
  ""type"": ""Point""
}",-83.047934047,42.3513381550001
19708,9980156,E I 94,30TH,2017-03-17,17,3,2017,10,6,1,1,,1,1,,1,2,1,25,1,1,2,4,0,0,0,1,false,,false,false,false,false,false,,,,,,false,false,false,,,false,false,false,false,false,-83.11516,42.343,"{
  ""coordinates"": [
    -8.311515818500000e+01,
    4.234300107100010e+01
  ],
  ""type"": ""Point""
}","{
  ""coordinates"": [
    -83.115158185,
    42.343001071
  ],
  ""type"": ""Point""
}",-83.115158185,42.3430010710001
19709,9980226,OUTER,STOTTER,2017-03-17,17,3,2017,14,6,8,9,,2,0,,1,2,1,35,3,2,2,5,0,0,0,0,true,,false,false,false,false,false,,,,,,false,false,false,,,false,false,false,false,false,-83.02524,42.44133,"{
  ""coordinates"": [
    -8.302524134299991e+01,
    4.244132787800000e+01
  ],
  ""type"": ""Point""
}","{
  ""coordinates"": [
    -83.025241343,
    42.441327878
  ],
  ""type"": ""Point""
}",-83.0252413429999,42.441327878
19710,9980178,WARREN,ROSEMONT,2017-03-17,17,3,2017,20,6,4,9,,2,0,,2,1,4,35,2,2,1,5,0,0,0,0,true,,false,false,true,false,false,,,,,,false,false,false,,,false,false,false,false,false,-83.21809,42.34336,"{
  ""coordinates"": [
    -8.321809024399990e+01,
    4.234335746200000e+01
  ],
  ""type"": ""Point""
}","{
  ""coordinates"": [
    -83.218090244,
    42.343357462
  ],
  ""type"": ""Point""
}",-83.2180902439999,42.343357462
19711,9983820,N I 75,RAMP 216B,2017-03-17,17,3,2017,23,6,97,1,,1,0,,1,1,4,55,4,2,1,5,0,0,0,0,true,,false,false,true,false,false,,,,,,false,false,false,,,false,false,false,false,false,-83.057,42.36657,"{
  ""coordinates"": [
    -8.305699927400001e+01,
    4.236656436900010e+01
  ],
  ""type"": ""Point""
}","{
  ""coordinates"": [
    -83.056999274,
    42.366564369
  ],
  ""type"": ""Point""
}",-83.056999274,42.3665643690001
19712,1134674,1723 VINEWOOD,BAGLEY,2017-03-17,17,3,2017,1,6,97,9,,,3,,1,1,5,20,3,3,0,5,0,0,0,0,true,,false,false,true,false,false,,,,,,false,false,true,,,false,false,false,false,false,-83.09025,42.32195,"{
  ""coordinates"": [
    -8.309024751600001e+01,
    4.232195458600010e+01
  ],
  ""type"": ""Point""
}","{
  ""coordinates"": [
    -83.090247516,
    42.321954586
  ],
  ""type"": ""Point""
}",-83.090247516,42.3219545860001
19713,1036773,ROSA PARKS,GRAND,2017-03-17,17,3,2017,18,6,4,9,,4,0,,2,5,1,25,3,2,2,5,0,0,0,0,true,,true,true,false,false,false,,,,,,false,true,false,,,false,false,false,false,false,-83.09102,42.36362,"{
  ""coordinates"": [
    -8.309102210400000e+01,
    4.236361597400000e+01
  ],
  ""type"": ""Point""
}","{
  ""coordinates"": [
    -83.091022104,
    42.363615974
  ],
  ""type"": ""Point""
}",-83.091022104,42.363615974
19714,9987101,MARK TWAIN,MACKENZIE,2017-03-17,17,3,2017,18,6,4,9,,,0,,2,5,1,25,2,2,2,4,0,0,0,1,false,,true,false,false,false,false,,,,,,false,false,false,,,false,false,false,false,false,-83.18469,42.35603,"{
  ""coordinates"": [
    -8.318469293899990e+01,
    4.235602909700000e+01
  ],
  ""type"": ""Point""
}","{
  ""coordinates"": [
    -83.184692939,
    42.356029097
  ],
  ""type"": ""Point""
}",-83.1846929389999,42.356029097
19715,9981416,CASS,BURROUGHS,2017-03-17,17,3,2017,16,6,4,9,,4,0,,2,5,1,25,2,2,5,3,0,0,1,0,false,,false,false,false,false,false,,,,,,false,true,true,,,false,false,false,false,false,-83.07185,42.3651,"{
  ""coordinates"": [
    -8.307185436400000e+01,
    4.236510210100000e+01
  ],
  ""type"": ""Point""
}","{
  ""coordinates"": [
    -83.071854364,
    42.365102101
  ],
  ""type"": ""Point""
}",-83.071854364,42.365102101
19716,9980157,ST JAMES,MICHIGAN,2017-03-17,17,3,2017,4,6,1,2,,,0,,1,1,4,35,2,2,0,2,0,1,0,0,false,,false,false,true,false,false,,,,,,true,false,false,,,false,false,false,false,false,-83.15073,42.32946,"{
  ""coordinates"": [
    -8.315072743899999e+01,
    4.232946014000000e+01
  ],
  ""type"": ""Point""
}","{
  ""coordinates"": [
    -83.150727439,
    42.32946014
  ],
  ""type"": ""Point""
}",-83.150727439,42.32946014
19717,9982941,I-75,CLARK,2017-03-17,17,3,2017,17,6,8,1,,1,0,,2,4,1,55,4,3,2,3,0,0,1,1,false,,false,false,true,false,false,,,,,,false,false,true,,,false,false,false,false,false,-83.09282,42.31301,"{
  ""coordinates"": [
    -8.309281698699991e+01,
    4.231301224200010e+01
  ],
  ""type"": ""Point""
}","{
  ""coordinates"": [
    -83.092816987,
    42.313012242
  ],
  ""type"": ""Point""
}",-83.0928169869999,42.3130122420001
19718,9980213,CHESTER,MARSEILLES,2017-03-17,17,3,2017,22,6,4,9,,4,0,,2,4,5,25,2,2,3,5,0,0,0,0,true,,false,false,true,false,false,,,,,,false,false,false,,,false,false,false,false,false,-82.92864,42.42042,"{
  ""coordinates"": [
    -8.292863921999999e+01,
    4.242041853900000e+01
  ],
  ""type"": ""Point""
}","{
  ""coordinates"": [
    -82.92863922,
    42.420418539
  ],
  ""type"": ""Point""
}",-82.92863922,42.420418539
19719,9982306,GLYNN,3RD,2017-03-17,17,3,2017,8,6,10,9,,,0,,1,1,1,0,2,2,2,5,0,0,0,0,true,,false,false,false,false,false,,,,,,false,false,false,,,false,false,false,false,false,-83.09158,42.38642,"{
  ""coordinates"": [
    -8.309157699799989e+01,
    4.238641718000010e+01
  ],
  ""type"": ""Point""
}","{
  ""coordinates"": [
    -83.091576998,
    42.38641718
  ],
  ""type"": ""Point""
}",-83.0915769979999,42.3864171800001
19720,9982282,MILWAUKEE,WOODWARD,2017-03-17,17,3,2017,2,6,98,3,,4,0,,1,1,4,35,2,2,0,5,0,0,0,0,true,,false,false,false,false,false,,,,,,false,false,false,,,false,false,false,false,false,-83.07241,42.36918,"{
  ""coordinates"": [
    -8.307240886400000e+01,
    4.236918361500010e+01
  ],
  ""type"": ""Point""
}","{
  ""coordinates"": [
    -83.072408864,
    42.369183615
  ],
  ""type"": ""Point""
}",-83.072408864,42.3691836150001
19721,9982307,OUTER,WISCONSIN,2017-03-17,17,3,2017,12,6,4,9,,2,0,,1,1,1,0,2,2,1,5,0,0,0,0,true,,false,false,true,false,false,,,,,,false,false,false,,,false,false,false,false,false,-83.15781,42.43489,"{
  ""coordinates"": [
    -8.315781294200001e+01,
    4.243489635000000e+01
  ],
  ""type"": ""Point""
}","{
  ""coordinates"": [
    -83.157812942,
    42.43489635
  ],
  ""type"": ""Point""
}",-83.157812942,42.43489635
19722,9997545,APPOLINE,THATCHER,2017-03-17,17,3,2017,9,6,4,9,,,0,,1,1,1,25,4,2,2,5,0,0,0,0,true,,false,false,true,false,false,,,,,,false,false,false,,,false,false,false,false,false,-83.17146,42.42216,"{
  ""coordinates"": [
    -8.317146352499999e+01,
    4.242215954400010e+01
  ],
  ""type"": ""Point""
}","{
  ""coordinates"": [
    -83.171463525,
    42.422159544
  ],
  ""type"": ""Point""
}",-83.171463525,42.4221595440001
19723,9985817,I-94,VAN DYKE,2017-03-17,17,3,2017,0,6,5,1,,1,0,,1,1,4,55,3,2,2,5,0,0,0,0,true,,false,false,false,false,false,,,,,,false,false,false,,,false,false,false,false,false,-83.01974,42.38628,"{
  ""coordinates"": [
    -8.301974223500000e+01,
    4.238627698200000e+01
  ],
  ""type"": ""Point""
}","{
  ""coordinates"": [
    -83.019742235,
    42.386276982
  ],
  ""type"": ""Point""
}",-83.019742235,42.386276982