ObjectId,Crash ID,Primary Road,Intersecting Road,Crash Date,Day,Month,Year,Hour,Weekday,Crash Type Code,Highway Classification Code,Community Code,Jurisdiction Code,Lane Departure Type Code,Surface Type,Road Condition,Weather Condition,Lighting Condition,Speed Limit,Lanes,Units,Occupants,Most Severe Injury,Fatal Injuries,Suspected Serious Injuries,Suspected Minor Injuries,Possible Injuries,Property Damage Only,Secondary Crash,Traffic Control,Red Light Run,Hit and Run,Alcohol,Drugs,Unbelted Person,Work Zone,Speeding Driver,Distracted Driver,Driveway,Pedestrian,Elderly Driver,Young Driver,Commercial Vehicle,Emergency Vehicles,Train,School Bus,Motorcycle,Bicycle,Deer,Longitude,Latitude,geom,geog,x,y
19838,9977925,LIVERNOIS,EWALD,2017-03-15,15,3,2017,16,4,4,9,,4,0,,1,1,1,30,2,2,2,5,0,0,0,0,true,,false,false,true,false,false,,,,,,false,false,false,,,false,false,false,false,false,-83.13986,42.3919,"{
  ""coordinates"": [
    -8.313986374000000e+01,
    4.239190447000000e+01
  ],
  ""type"": ""Point""
}","{
  ""coordinates"": [
    -83.13986374,
    42.39190447
  ],
  ""type"": ""Point""
}",-83.13986374,42.39190447
19839,9978878,VAN DYKE,YOLONDA,2017-03-15,15,3,2017,12,4,5,3,,1,0,,1,1,1,35,5,2,2,5,0,0,0,0,true,,false,false,false,false,false,,,,,,false,true,true,,,false,false,false,false,false,-83.02439,42.43826,"{
  ""coordinates"": [
    -8.302439273300000e+01,
    4.243825730100010e+01
  ],
  ""type"": ""Point""
}","{
  ""coordinates"": [
    -83.024392733,
    42.438257301
  ],
  ""type"": ""Point""
}",-83.024392733,42.4382573010001
19840,9983810,I-75,MILWAUKEE,2017-03-15,15,3,2017,16,4,8,1,,1,0,,1,1,1,55,4,2,3,5,0,0,0,0,true,,false,false,false,false,false,,,,,,false,false,true,,,false,false,false,false,false,-83.05923,42.3717,"{
  ""coordinates"": [
    -8.305922629600001e+01,
    4.237169864900010e+01
  ],
  ""type"": ""Point""
}","{
  ""coordinates"": [
    -83.059226296,
    42.371698649
  ],
  ""type"": ""Point""
}",-83.059226296,42.3716986490001
19841,9977897,CLINTON,SAINT ANTOINE,2017-03-15,15,3,2017,15,4,8,9,,4,0,,1,1,1,25,1,2,1,5,0,0,0,0,true,,false,false,false,false,false,,,,,,false,false,false,,,false,false,false,false,false,-83.04099,42.33733,"{
  ""coordinates"": [
    -8.304099096100001e+01,
    4.233732565700010e+01
  ],
  ""type"": ""Point""
}","{
  ""coordinates"": [
    -83.040990961,
    42.337325657
  ],
  ""type"": ""Point""
}",-83.040990961,42.3373256570001
19842,9977864,WOODWARD,BALTIMORE,2017-03-15,15,3,2017,15,4,98,3,,1,0,,1,1,1,25,3,2,1,5,0,0,0,0,true,,false,false,true,false,false,,,,,,false,true,false,,,false,false,false,false,false,-83.07209,42.36842,"{
  ""coordinates"": [
    -8.307209393499990e+01,
    4.236841910600000e+01
  ],
  ""type"": ""Point""
}","{
  ""coordinates"": [
    -83.072093935,
    42.368419106
  ],
  ""type"": ""Point""
}",-83.0720939349999,42.368419106
19843,1010827,E I 96 CD,KENTFIELD,2017-03-15,15,3,2017,10,4,4,1,,1,0,,1,1,1,30,2,2,2,4,0,0,0,1,false,,false,false,false,false,false,,,,,,false,false,false,,,false,false,false,false,false,-83.23902,42.38188,"{
  ""coordinates"": [
    -8.323902076000000e+01,
    4.238188058100010e+01
  ],
  ""type"": ""Point""
}","{
  ""coordinates"": [
    -83.23902076,
    42.381880581
  ],
  ""type"": ""Point""
}",-83.23902076,42.3818805810001
19844,9977896,MACK,GRATIOT,2017-03-15,15,3,2017,8,4,8,3,,4,0,,3,5,1,0,2,2,1,5,0,0,0,0,true,,false,false,true,false,false,,,,,,false,false,false,,,false,false,false,false,false,-83.02776,42.35904,"{
  ""coordinates"": [
    -8.302775726599999e+01,
    4.235904143000000e+01
  ],
  ""type"": ""Point""
}","{
  ""coordinates"": [
    -83.027757266,
    42.35904143
  ],
  ""type"": ""Point""
}",-83.027757266,42.35904143
19845,9977917,SEYMOUR,GROVER,2017-03-15,15,3,2017,10,4,4,9,,4,0,,1,1,1,25,3,2,3,5,0,0,0,0,true,,false,false,true,false,false,,,,,,false,false,false,,,false,false,false,false,false,-82.97989,42.42701,"{
  ""coordinates"": [
    -8.297988582799999e+01,
    4.242701143600000e+01
  ],
  ""type"": ""Point""
}","{
  ""coordinates"": [
    -82.979885828,
    42.427011436
  ],
  ""type"": ""Point""
}",-82.979885828,42.427011436
19846,9977870,DIX,STAIR,2017-03-15,15,3,2017,17,4,1,9,,4,0,,1,1,1,35,4,1,1,5,0,0,0,0,true,,false,false,false,false,false,,,,,,false,false,false,,,false,false,false,false,false,-83.12456,42.31694,"{
  ""coordinates"": [
    -8.312455936100000e+01,
    4.231694085400010e+01
  ],
  ""type"": ""Point""
}","{
  ""coordinates"": [
    -83.124559361,
    42.316940854
  ],
  ""type"": ""Point""
}",-83.124559361,42.3169408540001
19847,9977895,JEFFERSON,VAN DYKE,2017-03-15,15,3,2017,8,4,97,9,,4,0,,4,1,1,35,3,2,1,3,0,0,1,0,false,,false,false,false,false,false,,,,,,true,false,false,,,false,false,false,false,false,-82.99467,42.35154,"{
  ""coordinates"": [
    -8.299467303499991e+01,
    4.235153645900000e+01
  ],
  ""type"": ""Point""
}","{
  ""coordinates"": [
    -82.994673035,
    42.351536459
  ],
  ""type"": ""Point""
}",-82.9946730349999,42.351536459
19848,9977908,RENO,PFENT,2017-03-15,15,3,2017,3,4,2,9,,,2,,4,5,5,25,2,2,0,5,0,0,0,0,true,,false,false,true,false,false,,,,,,false,false,false,,,false,false,false,false,false,-82.98289,42.43803,"{
  ""coordinates"": [
    -8.298288662999990e+01,
    4.243802696600010e+01
  ],
  ""type"": ""Point""
}","{
  ""coordinates"": [
    -82.98288663,
    42.438026966
  ],
  ""type"": ""Point""
}",-82.9828866299999,42.4380269660001
19849,9985912,JEFFERSON,BRENNAN,2017-03-15,15,3,2017,16,4,8,9,,4,0,,1,1,1,35,4,2,3,4,0,0,0,1,false,,false,false,false,false,false,,,,,,false,false,false,,,false,false,false,false,false,-83.12614,42.28308,"{
  ""coordinates"": [
    -8.312614643900000e+01,
    4.228308412500010e+01
  ],
  ""type"": ""Point""
}","{
  ""coordinates"": [
    -83.126146439,
    42.283084125
  ],
  ""type"": ""Point""
}",-83.126146439,42.2830841250001
19850,9983863,GRANDRIVER,WARREN,2017-03-15,15,3,2017,21,4,5,3,,1,0,,1,1,4,35,3,2,1,5,0,0,0,0,true,,false,false,true,false,false,,,,,,false,false,false,,,false,false,false,false,false,-83.08911,42.34863,"{
  ""coordinates"": [
    -8.308910906499990e+01,
    4.234862452500000e+01
  ],
  ""type"": ""Point""
}","{
  ""coordinates"": [
    -83.089109065,
    42.348624525
  ],
  ""type"": ""Point""
}",-83.0891090649999,42.348624525
19851,9983830,M-39,8 MILE,2017-03-15,15,3,2017,16,4,5,3,,1,0,,1,1,1,55,3,2,2,4,0,0,0,1,false,,false,false,false,false,false,,,,,,false,true,false,,,false,false,false,false,false,-83.21981,42.4439,"{
  ""coordinates"": [
    -8.321980691800000e+01,
    4.244389773500010e+01
  ],
  ""type"": ""Point""
}","{
  ""coordinates"": [
    -83.219806918,
    42.443897735
  ],
  ""type"": ""Point""
}",-83.219806918,42.4438977350001
19852,9983829,M-39,FENKELL,2017-03-15,15,3,2017,16,4,5,3,,1,0,,1,1,1,55,3,2,4,5,0,0,0,0,true,,false,false,false,false,false,,,,,,false,false,false,,,false,false,false,false,false,-83.21838,42.40085,"{
  ""coordinates"": [
    -8.321838098500000e+01,
    4.240084770100000e+01
  ],
  ""type"": ""Point""
}","{
  ""coordinates"": [
    -83.218380985,
    42.400847701
  ],
  ""type"": ""Point""
}",-83.218380985,42.400847701
19853,9976791,MACK,BEAUBIEN,2017-03-15,15,3,2017,8,4,5,9,,4,0,,1,1,1,30,4,2,2,5,0,0,0,0,true,,false,false,false,false,false,,,,,,false,false,false,,,false,false,false,false,false,-83.05237,42.34973,"{
  ""coordinates"": [
    -8.305236668899990e+01,
    4.234972694900010e+01
  ],
  ""type"": ""Point""
}","{
  ""coordinates"": [
    -83.052366689,
    42.349726949
  ],
  ""type"": ""Point""
}",-83.0523666889999,42.3497269490001
19854,9977862,8 MILE,REGENT,2017-03-15,15,3,2017,11,4,5,3,,1,0,,1,1,1,35,4,2,2,5,0,0,0,0,true,,false,false,false,false,false,,,,,,false,false,true,,,false,false,false,false,false,-82.97585,42.44954,"{
  ""coordinates"": [
    -8.297584242600000e+01,
    4.244953641900000e+01
  ],
  ""type"": ""Point""
}","{
  ""coordinates"": [
    -82.975842426,
    42.449536419
  ],
  ""type"": ""Point""
}",-82.975842426,42.449536419
19855,9980235,7 MILE,OUTER,2017-03-15,15,3,2017,17,4,5,9,,2,0,,2,1,1,30,2,2,2,5,0,0,0,0,true,,false,false,false,false,false,,,,,,false,false,true,,,false,false,false,false,false,-83.17559,42.43118,"{
  ""coordinates"": [
    -8.317559277800000e+01,
    4.243117521000000e+01
  ],
  ""type"": ""Point""
}","{
  ""coordinates"": [
    -83.175592778,
    42.43117521
  ],
  ""type"": ""Point""
}",-83.175592778,42.43117521
19856,9983828,M-39,JOY,2017-03-15,15,3,2017,15,4,5,3,,1,0,,1,1,1,55,3,2,2,4,0,0,0,3,false,,false,false,false,false,false,,,,,,false,false,true,,,false,false,false,false,false,-83.21641,42.35813,"{
  ""coordinates"": [
    -8.321640497800000e+01,
    4.235813072100010e+01
  ],
  ""type"": ""Point""
}","{
  ""coordinates"": [
    -83.216404978,
    42.358130721
  ],
  ""type"": ""Point""
}",-83.216404978,42.3581307210001
19857,9990679,RAMP 211B,ADDISON,2017-03-15,15,3,2017,9,4,97,1,,1,0,,1,1,1,25,2,2,2,5,0,0,0,0,true,,false,false,false,false,false,,,,,,false,false,false,,,false,false,false,false,false,-83.15121,42.33049,"{
  ""coordinates"": [
    -8.315121390500001e+01,
    4.233048670400010e+01
  ],
  ""type"": ""Point""
}","{
  ""coordinates"": [
    -83.151213905,
    42.330486704
  ],
  ""type"": ""Point""
}",-83.151213905,42.3304867040001
19858,9978867,GRAND RIVER,STOUT,2017-03-15,15,3,2017,10,4,4,3,,1,0,,1,1,1,0,4,2,2,5,0,0,0,0,true,,false,false,false,false,false,,,,,,false,false,false,,,false,false,false,false,false,-83.2422,42.41032,"{
  ""coordinates"": [
    -8.324219456500001e+01,
    4.241031831500000e+01
  ],
  ""type"": ""Point""
}","{
  ""coordinates"": [
    -83.242194565,
    42.410318315
  ],
  ""type"": ""Point""
}",-83.242194565,42.410318315
19859,9983853,KERCHEVAL,BELLEVUE,2017-03-15,15,3,2017,8,4,97,9,,4,0,,1,1,1,0,3,2,1,5,0,0,0,0,true,,false,false,true,false,false,,,,,,false,false,false,,,false,false,false,false,false,-83.01198,42.35397,"{
  ""coordinates"": [
    -8.301198088599990e+01,
    4.235396738600010e+01
  ],
  ""type"": ""Point""
}","{
  ""coordinates"": [
    -83.011980886,
    42.353967386
  ],
  ""type"": ""Point""
}",-83.0119808859999,42.3539673860001
19860,9983849,JEFFERSON,BRUSH,2017-03-15,15,3,2017,9,4,8,4,,1,0,,1,1,1,35,5,2,4,5,0,0,0,0,true,,false,false,false,false,false,,,,,,false,false,true,,,false,false,false,false,false,-83.04107,42.33035,"{
  ""coordinates"": [
    -8.304107046400000e+01,
    4.233035235900010e+01
  ],
  ""type"": ""Point""
}","{
  ""coordinates"": [
    -83.041070464,
    42.330352359
  ],
  ""type"": ""Point""
}",-83.041070464,42.3303523590001
19861,9983808,W I 96,GREENFIELD,2017-03-15,15,3,2017,13,4,5,1,,1,0,,1,1,1,70,3,2,1,5,0,0,0,0,true,,false,false,true,false,false,,,,,,false,false,false,,,false,false,false,false,false,-83.19528,42.37925,"{
  ""coordinates"": [
    -8.319527990700000e+01,
    4.237925529400010e+01
  ],
  ""type"": ""Point""
}","{
  ""coordinates"": [
    -83.195279907,
    42.379255294
  ],
  ""type"": ""Point""
}",-83.195279907,42.3792552940001
19862,9978843,I-96,LIVERNOIS,2017-03-15,15,3,2017,23,4,1,1,,1,1,,1,1,4,55,3,1,1,4,0,0,0,1,false,,false,false,false,false,false,,,,,,false,false,false,,,false,false,false,false,false,-83.13877,42.36719,"{
  ""coordinates"": [
    -8.313877193300000e+01,
    4.236718871400010e+01
  ],
  ""type"": ""Point""
}","{
  ""coordinates"": [
    -83.138771933,
    42.367188714
  ],
  ""type"": ""Point""
}",-83.138771933,42.3671887140001
19863,9978870,MCNICHOLS,MANSFIELD,2017-03-15,15,3,2017,17,4,4,9,,2,0,,1,1,1,35,4,2,1,4,0,0,0,1,false,,false,false,true,false,false,,,,,,false,true,false,,,false,false,false,false,false,-83.20596,42.41583,"{
  ""coordinates"": [
    -8.320595689500000e+01,
    4.241583243700010e+01
  ],
  ""type"": ""Point""
}","{
  ""coordinates"": [
    -83.205956895,
    42.415832437
  ],
  ""type"": ""Point""
}",-83.205956895,42.4158324370001
19864,1094205,EUCLID,GRAND RIVER,2017-03-15,15,3,2017,11,4,97,9,,4,3,,3,1,1,25,2,3,2,5,0,0,0,0,true,,false,false,false,false,false,,,,,,false,false,false,,,false,false,false,false,false,-83.11954,42.36167,"{
  ""coordinates"": [
    -8.311954074900000e+01,
    4.236167197800010e+01
  ],
  ""type"": ""Point""
}","{
  ""coordinates"": [
    -83.119540749,
    42.361671978
  ],
  ""type"": ""Point""
}",-83.119540749,42.3616719780001
19865,9978848,DEARBORN,FORT,2017-03-15,15,3,2017,9,4,97,3,,4,0,,1,1,1,25,2,2,2,5,0,0,0,0,true,,false,false,false,false,false,,,,,,false,false,false,,,false,false,false,false,false,-83.1364,42.29369,"{
  ""coordinates"": [
    -8.313640115299999e+01,
    4.229368823200010e+01
  ],
  ""type"": ""Point""
}","{
  ""coordinates"": [
    -83.136401153,
    42.293688232
  ],
  ""type"": ""Point""
}",-83.136401153,42.2936882320001
19866,9978885,8 MILE,GODDARD,2017-03-15,15,3,2017,13,4,4,3,,1,0,,3,1,1,45,3,2,1,5,0,0,0,0,true,,false,false,true,false,false,,,,,,false,false,false,,,false,false,false,false,false,-83.07823,42.44709,"{
  ""coordinates"": [
    -8.307823256499999e+01,
    4.244709485100000e+01
  ],
  ""type"": ""Point""
}","{
  ""coordinates"": [
    -83.078232565,
    42.447094851
  ],
  ""type"": ""Point""
}",-83.078232565,42.447094851
19867,9989387,I-94,LIVERNOIS,2017-03-15,15,3,2017,16,4,5,1,,1,0,,1,1,1,55,3,2,2,5,0,0,0,0,true,,false,false,false,false,false,,,,,,false,false,false,,,false,false,false,false,false,-83.12469,42.33755,"{
  ""coordinates"": [
    -8.312469434799991e+01,
    4.233754600200010e+01
  ],
  ""type"": ""Point""
}","{
  ""coordinates"": [
    -83.124694348,
    42.337546002
  ],
  ""type"": ""Point""
}",-83.1246943479999,42.3375460020001
19868,9978889,7 MILE,VEACH,2017-03-15,15,3,2017,11,4,4,9,,4,0,,3,1,1,35,2,2,1,5,0,0,0,0,true,,false,false,true,false,false,,,,,,false,false,false,,,false,false,false,false,false,-83.02106,42.43404,"{
  ""coordinates"": [
    -8.302105339500000e+01,
    4.243403640100010e+01
  ],
  ""type"": ""Point""
}","{
  ""coordinates"": [
    -83.021053395,
    42.434036401
  ],
  ""type"": ""Point""
}",-83.021053395,42.4340364010001
19869,9977898,GRANDRIVER,BILTMORE,2017-03-15,15,3,2017,9,4,8,3,,1,0,,1,1,1,35,2,2,2,5,0,0,0,0,true,,false,false,false,false,false,,,,,,false,true,false,,,false,false,false,false,false,-83.21295,42.39855,"{
  ""coordinates"": [
    -8.321295021600000e+01,
    4.239855335400010e+01
  ],
  ""type"": ""Point""
}","{
  ""coordinates"": [
    -83.212950216,
    42.398553354
  ],
  ""type"": ""Point""
}",-83.212950216,42.3985533540001
19870,9980234,REX,BRINGARD,2017-03-15,15,3,2017,12,4,1,9,,,0,,3,1,1,25,2,1,1,5,0,0,0,0,true,,false,false,false,false,false,,,,,,false,false,true,,,false,false,false,false,false,-82.95857,42.4464,"{
  ""coordinates"": [
    -8.295857471900000e+01,
    4.244640202500010e+01
  ],
  ""type"": ""Point""
}","{
  ""coordinates"": [
    -82.958574719,
    42.446402025
  ],
  ""type"": ""Point""
}",-82.958574719,42.4464020250001
19871,9977924,LIVERNOIS,WESTFIELD,2017-03-15,15,3,2017,15,4,8,9,,4,0,,1,1,1,35,4,2,2,5,0,0,0,0,true,,false,false,false,false,false,,,,,,false,false,true,,,false,false,false,false,false,-83.13859,42.36404,"{
  ""coordinates"": [
    -8.313859049599991e+01,
    4.236404110400010e+01
  ],
  ""type"": ""Point""
}","{
  ""coordinates"": [
    -83.138590496,
    42.364041104
  ],
  ""type"": ""Point""
}",-83.1385904959999,42.3640411040001
19872,9978852,JOY,FAUST,2017-03-15,15,3,2017,21,4,5,9,,2,0,,1,1,4,35,4,3,3,5,0,0,0,0,true,,false,false,true,false,false,,,,,,false,false,false,,,false,false,false,false,false,-83.22131,42.35778,"{
  ""coordinates"": [
    -8.322131385400000e+01,
    4.235778213700010e+01
  ],
  ""type"": ""Point""
}","{
  ""coordinates"": [
    -83.221313854,
    42.357782137
  ],
  ""type"": ""Point""
}",-83.221313854,42.3577821370001
19873,9982305,SCHAEFER,MCNICHOLS,2017-03-14,14,3,2017,13,3,8,9,,4,0,,2,1,1,0,4,2,2,5,0,0,0,0,true,,false,false,false,false,false,,,,,,false,false,true,,,false,false,false,false,false,-83.17979,42.41639,"{
  ""coordinates"": [
    -8.317979222199990e+01,
    4.241639429300010e+01
  ],
  ""type"": ""Point""
}","{
  ""coordinates"": [
    -83.179792222,
    42.416394293
  ],
  ""type"": ""Point""
}",-83.1797922219999,42.4163942930001
19874,9976797,SCHOOLCRAFT,GRAYDALE,2017-03-14,14,3,2017,16,3,8,9,,4,0,,1,1,1,35,2,2,3,5,0,0,0,0,true,,false,false,false,false,false,,,,,,false,false,false,,,false,false,false,false,false,-83.25478,42.38593,"{
  ""coordinates"": [
    -8.325477317500000e+01,
    4.238593006000010e+01
  ],
  ""type"": ""Point""
}","{
  ""coordinates"": [
    -83.254773175,
    42.38593006
  ],
  ""type"": ""Point""
}",-83.254773175,42.3859300600001
19875,9983852,JEFFERSON,ST ANTOINE,2017-03-14,14,3,2017,8,3,5,9,,4,0,,1,1,1,0,3,2,2,5,0,0,0,0,true,,false,false,false,false,false,,,,,,false,false,false,,,false,false,false,false,false,-83.03844,42.33148,"{
  ""coordinates"": [
    -8.303844500100000e+01,
    4.233147669600000e+01
  ],
  ""type"": ""Point""
}","{
  ""coordinates"": [
    -83.038445001,
    42.331476696
  ],
  ""type"": ""Point""
}",-83.038445001,42.331476696
19876,9975679,JOHN R,FOREST,2017-03-14,14,3,2017,6,3,4,9,,4,0,,4,5,4,30,4,2,2,5,0,0,0,0,true,,true,true,false,false,false,,,,,,false,false,true,,,false,false,false,false,false,-83.0608,42.35573,"{
  ""coordinates"": [
    -8.306079559800000e+01,
    4.235573313700010e+01
  ],
  ""type"": ""Point""
}","{
  ""coordinates"": [
    -83.060795598,
    42.355733137
  ],
  ""type"": ""Point""
}",-83.060795598,42.3557331370001
19877,1119627,WARREN,BERKSHIRE,2017-03-14,14,3,2017,9,3,98,9,,4,0,,4,1,1,35,4,2,2,4,0,0,0,1,false,,false,false,false,false,false,,,,,,false,true,false,,,false,false,false,false,false,-82.94451,42.40069,"{
  ""coordinates"": [
    -8.294450848500000e+01,
    4.240069371700010e+01
  ],
  ""type"": ""Point""
}","{
  ""coordinates"": [
    -82.944508485,
    42.400693717
  ],
  ""type"": ""Point""
}",-82.944508485,42.4006937170001
19878,9975672,THIRD,MICHIGAN,2017-03-14,14,3,2017,8,3,6,2,,4,0,,2,1,1,35,2,2,2,5,0,0,0,0,true,,false,false,false,false,false,,,,,,false,false,false,,,false,false,false,false,false,-83.05742,42.33168,"{
  ""coordinates"": [
    -8.305742204500000e+01,
    4.233168150700000e+01
  ],
  ""type"": ""Point""
}","{
  ""coordinates"": [
    -83.057422045,
    42.331681507
  ],
  ""type"": ""Point""
}",-83.057422045,42.331681507
19879,9980172,ST CLAIR,KERCHEVAL,2017-03-14,14,3,2017,21,3,98,9,,,0,,4,5,5,25,1,2,0,5,0,0,0,0,true,,false,false,false,false,false,,,,,,false,false,false,,,false,false,false,false,false,-82.98051,42.36703,"{
  ""coordinates"": [
    -8.298050882400000e+01,
    4.236702623200010e+01
  ],
  ""type"": ""Point""
}","{
  ""coordinates"": [
    -82.980508824,
    42.367026232
  ],
  ""type"": ""Point""
}",-82.980508824,42.3670262320001
19880,9980104,M 10,WARREN,2017-03-14,14,3,2017,21,3,5,3,,1,0,,1,1,4,55,3,2,4,5,0,0,0,0,true,,false,false,false,false,false,,,,,,false,false,true,,,false,false,false,false,false,-83.07262,42.35252,"{
  ""coordinates"": [
    -8.307262774700000e+01,
    4.235252391400010e+01
  ],
  ""type"": ""Point""
}","{
  ""coordinates"": [
    -83.072627747,
    42.352523914
  ],
  ""type"": ""Point""
}",-83.072627747,42.3525239140001
19881,9976819,EVERGREEN,RAMP 135B,2017-03-14,14,3,2017,9,3,97,9,,4,0,,2,1,1,35,5,2,2,5,0,0,0,0,true,,false,false,false,false,false,,,,,,false,false,false,,,false,false,false,false,false,-83.23661,42.37973,"{
  ""coordinates"": [
    -8.323661359000000e+01,
    4.237972872100000e+01
  ],
  ""type"": ""Point""
}","{
  ""coordinates"": [
    -83.23661359,
    42.379728721
  ],
  ""type"": ""Point""
}",-83.23661359,42.379728721
19882,9976784,JEFFRIES,SCHAEFER,2017-03-14,14,3,2017,16,3,6,1,,1,0,,1,1,1,35,3,2,2,5,0,0,0,0,true,,false,false,false,false,false,,,,,,false,true,false,,,false,false,false,false,false,-83.17863,42.38374,"{
  ""coordinates"": [
    -8.317862908300000e+01,
    4.238373706900010e+01
  ],
  ""type"": ""Point""
}","{
  ""coordinates"": [
    -83.178629083,
    42.383737069
  ],
  ""type"": ""Point""
}",-83.178629083,42.3837370690001
19883,9976814,GARTNER,SPRINGWELLS,2017-03-14,14,3,2017,16,3,8,9,,,0,,2,1,1,25,2,2,3,5,0,0,0,0,true,,true,false,true,false,false,,,,,,false,false,false,,,false,true,false,false,false,-83.12497,42.30891,"{
  ""coordinates"": [
    -8.312497299899999e+01,
    4.230891303000000e+01
  ],
  ""type"": ""Point""
}","{
  ""coordinates"": [
    -83.124972999,
    42.30891303
  ],
  ""type"": ""Point""
}",-83.124972999,42.30891303
19884,9977894,MACK,BELLEVUE,2017-03-14,14,3,2017,14,3,4,9,,4,0,,1,2,1,30,4,2,3,5,0,0,0,0,true,,false,false,false,false,false,,,,,,false,false,true,,,false,false,false,false,false,-83.01772,42.36271,"{
  ""coordinates"": [
    -8.301771568100000e+01,
    4.236271192300010e+01
  ],
  ""type"": ""Point""
}","{
  ""coordinates"": [
    -83.017715681,
    42.362711923
  ],
  ""type"": ""Point""
}",-83.017715681,42.3627119230001
19885,9976839,SOUTHFIELD SERVICE,SOUTHFIELD SERVICE DRIVE,2017-03-14,14,3,2017,8,3,8,9,,4,0,,4,1,1,35,4,2,4,4,0,0,0,1,false,,true,true,false,false,false,,,,,,false,false,false,,,false,false,false,false,false,-83.21632,42.37745,"{
  ""coordinates"": [
    -8.321631486400000e+01,
    4.237745359400000e+01
  ],
  ""type"": ""Point""
}","{
  ""coordinates"": [
    -83.216314864,
    42.377453594
  ],
  ""type"": ""Point""
}",-83.216314864,42.377453594
19886,9980155,CLARK,N I 75,2017-03-14,14,3,2017,6,3,5,7,,1,0,,2,5,4,25,2,2,2,5,0,0,0,0,true,,false,false,false,false,false,,,,,,false,false,false,,,false,false,false,false,false,-83.091,42.31355,"{
  ""coordinates"": [
    -8.309099817600000e+01,
    4.231355192100010e+01
  ],
  ""type"": ""Point""
}","{
  ""coordinates"": [
    -83.090998176,
    42.313551921
  ],
  ""type"": ""Point""
}",-83.090998176,42.3135519210001
19887,9976806,PARKWAY,CHICAGO,2017-03-14,14,3,2017,2,3,97,9,,,0,,4,5,4,25,4,2,1,5,0,0,0,0,true,,false,false,true,false,false,,,,,,false,false,false,,,false,false,false,false,false,-83.26548,42.36434,"{
  ""coordinates"": [
    -8.326548120599990e+01,
    4.236434346200010e+01
  ],
  ""type"": ""Point""
}","{
  ""coordinates"": [
    -83.265481206,
    42.364343462
  ],
  ""type"": ""Point""
}",-83.2654812059999,42.3643434620001
19888,9980151,HENRY,ROSA PARKS,2017-03-14,14,3,2017,6,3,4,1,,4,0,,4,5,4,30,4,2,2,4,0,0,0,1,false,,true,true,false,false,false,,,,,,false,true,false,,,false,false,false,false,false,-83.07338,42.33389,"{
  ""coordinates"": [
    -8.307337789499999e+01,
    4.233389063700000e+01
  ],
  ""type"": ""Point""
}","{
  ""coordinates"": [
    -83.073377895,
    42.333890637
  ],
  ""type"": ""Point""
}",-83.073377895,42.333890637
19889,9983797,DAVISON,GODDARD,2017-03-14,14,3,2017,6,3,97,3,,1,0,,3,1,4,55,3,3,4,5,0,0,0,0,true,,false,false,false,false,false,,,,,,false,false,false,,,false,false,false,false,false,-83.07459,42.41017,"{
  ""coordinates"": [
    -8.307459446599999e+01,
    4.241017125900000e+01
  ],
  ""type"": ""Point""
}","{
  ""coordinates"": [
    -83.074594466,
    42.410171259
  ],
  ""type"": ""Point""
}",-83.074594466,42.410171259
19890,9978873,DAVISON,OAKMAN,2017-03-14,14,3,2017,10,3,8,3,,1,0,,1,1,1,35,4,2,2,5,0,0,0,0,true,,false,false,false,false,false,,,,,,false,false,false,,,false,false,false,false,false,-83.14391,42.38631,"{
  ""coordinates"": [
    -8.314390801800000e+01,
    4.238630906500000e+01
  ],
  ""type"": ""Point""
}","{
  ""coordinates"": [
    -83.143908018,
    42.386309065
  ],
  ""type"": ""Point""
}",-83.143908018,42.386309065
19891,9978857,SOUTHFIELD SERVICE DRIVE,MCNICHOLS,2017-03-14,14,3,2017,5,3,97,3,,4,0,,1,1,4,30,2,2,0,4,0,0,0,1,false,,false,false,true,false,false,,,,,,true,false,false,,,false,false,false,false,false,-83.21839,42.4155,"{
  ""coordinates"": [
    -8.321839100100000e+01,
    4.241549687000000e+01
  ],
  ""type"": ""Point""
}","{
  ""coordinates"": [
    -83.218391001,
    42.41549687
  ],
  ""type"": ""Point""
}",-83.218391001,42.41549687
19892,9976789,MICHIGAN,ROSA PARKS,2017-03-14,14,3,2017,18,3,5,2,,1,0,,1,1,1,30,7,2,3,4,0,0,0,1,false,,false,false,false,false,false,,,,,,false,false,false,,,false,false,false,false,false,-83.0719,42.3314,"{
  ""coordinates"": [
    -8.307189616600000e+01,
    4.233139778700010e+01
  ],
  ""type"": ""Point""
}","{
  ""coordinates"": [
    -83.071896166,
    42.331397787
  ],
  ""type"": ""Point""
}",-83.071896166,42.3313977870001
19893,9977868,BAGLEY,TRUMBULL,2017-03-14,14,3,2017,17,3,8,9,,4,0,,1,2,1,0,2,2,0,5,0,0,0,0,true,,false,false,true,false,false,,,,,,false,false,false,,,false,false,false,false,false,-83.06584,42.32937,"{
  ""coordinates"": [
    -8.306584288200000e+01,
    4.232937127600010e+01
  ],
  ""type"": ""Point""
}","{
  ""coordinates"": [
    -83.065842882,
    42.329371276
  ],
  ""type"": ""Point""
}",-83.065842882,42.3293712760001
19894,9980175,MOROSS,E I 94 SERVICE DRIVE,2017-03-14,14,3,2017,7,3,4,9,,2,0,,2,1,1,35,3,2,2,5,0,0,0,0,true,,false,false,false,false,false,,,,,,false,false,false,,,false,false,false,false,false,-82.92814,42.42454,"{
  ""coordinates"": [
    -8.292814079700000e+01,
    4.242453720900010e+01
  ],
  ""type"": ""Point""
}","{
  ""coordinates"": [
    -82.928140797,
    42.424537209
  ],
  ""type"": ""Point""
}",-82.928140797,42.4245372090001