ObjectId,Crash ID,Primary Road,Intersecting Road,Crash Date,Day,Month,Year,Hour,Weekday,Crash Type Code,Highway Classification Code,Community Code,Jurisdiction Code,Lane Departure Type Code,Surface Type,Road Condition,Weather Condition,Lighting Condition,Speed Limit,Lanes,Units,Occupants,Most Severe Injury,Fatal Injuries,Suspected Serious Injuries,Suspected Minor Injuries,Possible Injuries,Property Damage Only,Secondary Crash,Traffic Control,Red Light Run,Hit and Run,Alcohol,Drugs,Unbelted Person,Work Zone,Speeding Driver,Distracted Driver,Driveway,Pedestrian,Elderly Driver,Young Driver,Commercial Vehicle,Emergency Vehicles,Train,School Bus,Motorcycle,Bicycle,Deer,Longitude,Latitude,geom,geog,x,y
19952,9976817,FENKELL,EVERGREEN,2017-03-14,14,3,2017,21,3,5,9,,2,0,,2,1,4,35,2,2,1,5,0,0,0,0,true,,false,false,true,false,false,,,,,,false,false,false,,,false,false,false,false,false,-83.23744,42.40068,"{
  ""coordinates"": [
    -8.323744011399999e+01,
    4.240067568500010e+01
  ],
  ""type"": ""Point""
}","{
  ""coordinates"": [
    -83.237440114,
    42.400675685
  ],
  ""type"": ""Point""
}",-83.237440114,42.4006756850001
19953,9991866,I-75,8 MILE,2017-03-14,14,3,2017,10,3,1,1,,1,1,,2,1,1,70,3,1,3,4,0,0,0,3,false,,false,false,false,false,false,,,,,,false,false,true,,,false,false,false,false,false,-83.09495,42.44016,"{
  ""coordinates"": [
    -8.309495043999991e+01,
    4.244016208800010e+01
  ],
  ""type"": ""Point""
}","{
  ""coordinates"": [
    -83.09495044,
    42.440162088
  ],
  ""type"": ""Point""
}",-83.0949504399999,42.4401620880001
19954,9976786,6 MILE,MANSFIELD,2017-03-14,14,3,2017,18,3,8,9,,2,0,,98,1,3,30,4,2,2,5,0,0,0,0,true,,false,false,true,false,false,,,,,,false,false,false,,,false,false,false,false,false,-83.2058,42.41584,"{
  ""coordinates"": [
    -8.320580013400000e+01,
    4.241583560400010e+01
  ],
  ""type"": ""Point""
}","{
  ""coordinates"": [
    -83.205800134,
    42.415835604
  ],
  ""type"": ""Point""
}",-83.205800134,42.4158356040001
19955,9977903,GREINER,RUNYON,2017-03-14,14,3,2017,21,3,4,9,,4,0,,3,5,4,30,4,2,1,5,0,0,0,0,true,,true,false,true,false,false,,,,,,false,false,false,,,false,false,false,false,false,-83.0068,42.42717,"{
  ""coordinates"": [
    -8.300680076700000e+01,
    4.242717336000000e+01
  ],
  ""type"": ""Point""
}","{
  ""coordinates"": [
    -83.006800767,
    42.42717336
  ],
  ""type"": ""Point""
}",-83.006800767,42.42717336
19956,9976850,MT ELLIOTT,OUTER,2017-03-14,14,3,2017,15,3,5,9,,4,0,,4,1,1,35,2,2,2,5,0,0,0,0,true,,false,false,true,false,false,,,,,,false,false,true,,,false,false,false,false,false,-83.03918,42.44067,"{
  ""coordinates"": [
    -8.303918246500000e+01,
    4.244067119800010e+01
  ],
  ""type"": ""Point""
}","{
  ""coordinates"": [
    -83.039182465,
    42.440671198
  ],
  ""type"": ""Point""
}",-83.039182465,42.4406711980001
19957,9978856,CAMBRIDGE,ANNCHESTER,2017-03-14,14,3,2017,15,3,4,9,,,0,,4,5,1,25,2,2,3,5,0,0,0,0,true,,false,false,true,false,false,,,,,,false,false,false,,,false,false,false,false,false,-83.23566,42.43143,"{
  ""coordinates"": [
    -8.323565444899999e+01,
    4.243142545800000e+01
  ],
  ""type"": ""Point""
}","{
  ""coordinates"": [
    -83.235654449,
    42.431425458
  ],
  ""type"": ""Point""
}",-83.235654449,42.431425458
19958,9976792,SALLIOTTE,LIDDESDALE,2017-03-14,14,3,2017,12,3,1,9,,,1,,3,1,1,25,2,1,1,5,0,0,0,0,true,,false,false,false,false,false,,,,,,false,false,false,,,false,false,false,false,false,-83.16364,42.2596,"{
  ""coordinates"": [
    -8.316364377600000e+01,
    4.225960309600000e+01
  ],
  ""type"": ""Point""
}","{
  ""coordinates"": [
    -83.163643776,
    42.259603096
  ],
  ""type"": ""Point""
}",-83.163643776,42.259603096
19959,9978896,KENTUCKY,THATCHER,2017-03-14,14,3,2017,8,3,97,9,,,0,,4,1,1,20,1,2,1,5,0,0,0,0,true,,false,false,false,false,false,,,,,,false,false,false,,,false,false,false,false,false,-83.15956,42.42259,"{
  ""coordinates"": [
    -8.315955913499990e+01,
    4.242258999700000e+01
  ],
  ""type"": ""Point""
}","{
  ""coordinates"": [
    -83.159559135,
    42.422589997
  ],
  ""type"": ""Point""
}",-83.1595591349999,42.422589997
19960,9985973,PURITAN,OHIO,2017-03-14,14,3,2017,17,3,4,9,,4,0,,2,1,1,25,4,2,8,5,0,0,0,0,true,,true,false,true,false,false,,,,,,false,false,false,,,false,false,false,false,false,-83.15565,42.40976,"{
  ""coordinates"": [
    -8.315564533299990e+01,
    4.240975938300010e+01
  ],
  ""type"": ""Point""
}","{
  ""coordinates"": [
    -83.155645333,
    42.409759383
  ],
  ""type"": ""Point""
}",-83.1556453329999,42.4097593830001
19961,1006427,VERNOR,MOUNT ELLIOTT,2017-03-14,14,3,2017,10,3,98,9,,4,0,,3,5,1,30,5,2,1,4,0,0,0,1,false,,false,false,true,false,false,,,,,,false,false,true,,,false,false,false,false,false,-83.01773,42.35493,"{
  ""coordinates"": [
    -8.301773445399991e+01,
    4.235493657400010e+01
  ],
  ""type"": ""Point""
}","{
  ""coordinates"": [
    -83.017734454,
    42.354936574
  ],
  ""type"": ""Point""
}",-83.0177344539999,42.3549365740001
19962,9989385,E I 96,RAMP 145A,2017-03-14,14,3,2017,9,3,5,1,,1,0,,2,1,1,55,4,3,3,5,0,0,0,0,true,,false,false,false,false,false,,,,,,false,false,true,,,false,false,false,false,false,-83.093,42.33983,"{
  ""coordinates"": [
    -8.309300025600000e+01,
    4.233982997500000e+01
  ],
  ""type"": ""Point""
}","{
  ""coordinates"": [
    -83.093000256,
    42.339829975
  ],
  ""type"": ""Point""
}",-83.093000256,42.339829975
19963,9976864,PURITAN,APPOLINE,2017-03-14,14,3,2017,15,3,5,9,,4,0,,1,1,1,30,4,2,2,5,0,0,0,0,true,,false,false,false,false,false,,,,,,false,false,false,,,false,false,false,false,false,-83.171,42.40952,"{
  ""coordinates"": [
    -8.317099570200000e+01,
    4.240951971500000e+01
  ],
  ""type"": ""Point""
}","{
  ""coordinates"": [
    -83.170995702,
    42.409519715
  ],
  ""type"": ""Point""
}",-83.170995702,42.409519715
19964,9985958,8 MILE,MONTE,2017-03-14,14,3,2017,8,3,8,3,,1,0,,2,1,1,35,4,2,1,5,0,0,0,0,true,,false,false,true,false,false,,,,,,false,false,false,,,false,false,false,false,false,-83.16829,42.44548,"{
  ""coordinates"": [
    -8.316829206999989e+01,
    4.244548267800010e+01
  ],
  ""type"": ""Point""
}","{
  ""coordinates"": [
    -83.16829207,
    42.445482678
  ],
  ""type"": ""Point""
}",-83.1682920699999,42.4454826780001
19965,9976846,LAWTON,RICHTON,2017-03-14,14,3,2017,13,3,4,9,,,0,,3,1,1,25,2,2,1,5,0,0,0,0,true,,true,false,true,false,false,,,,,,false,false,true,,,false,false,false,false,false,-83.12009,42.38512,"{
  ""coordinates"": [
    -8.312009707300000e+01,
    4.238511708700000e+01
  ],
  ""type"": ""Point""
}","{
  ""coordinates"": [
    -83.120097073,
    42.385117087
  ],
  ""type"": ""Point""
}",-83.120097073,42.385117087
19966,9977902,SANTA MARIA,STOUT,2017-03-14,14,3,2017,20,3,8,9,,,0,,3,5,4,25,2,2,1,5,0,0,0,0,true,,false,false,false,false,false,,,,,,false,false,true,,,false,false,false,false,false,-83.24241,42.41734,"{
  ""coordinates"": [
    -8.324241013400000e+01,
    4.241734027700010e+01
  ],
  ""type"": ""Point""
}","{
  ""coordinates"": [
    -83.242410134,
    42.417340277
  ],
  ""type"": ""Point""
}",-83.242410134,42.4173402770001
19967,9977926,DUMBARTON,QUINCY,2017-03-14,14,3,2017,12,3,97,9,,,3,,4,5,1,25,2,2,1,5,0,0,0,0,true,,false,false,false,false,false,,,,,,false,false,true,,,false,false,false,false,false,-83.1201,42.36586,"{
  ""coordinates"": [
    -8.312010434299999e+01,
    4.236586461500010e+01
  ],
  ""type"": ""Point""
}","{
  ""coordinates"": [
    -83.120104343,
    42.365864615
  ],
  ""type"": ""Point""
}",-83.120104343,42.3658646150001
19968,9977867,COCHRANE,PINE,2017-03-14,14,3,2017,19,3,4,9,,,0,,3,2,5,25,2,2,3,5,0,0,0,0,true,,true,false,false,false,false,,,,,,false,false,false,,,false,false,false,false,false,-83.07145,42.33501,"{
  ""coordinates"": [
    -8.307144633599999e+01,
    4.233500660700000e+01
  ],
  ""type"": ""Point""
}","{
  ""coordinates"": [
    -83.071446336,
    42.335006607
  ],
  ""type"": ""Point""
}",-83.071446336,42.335006607
19969,9977921,DAVISON,PETOSKEY,2017-03-14,14,3,2017,13,3,5,3,,1,0,,4,5,1,35,6,2,2,5,0,0,0,0,true,,false,false,false,false,false,,,,,,false,false,false,,,false,false,false,false,false,-83.13552,42.38799,"{
  ""coordinates"": [
    -8.313552402499990e+01,
    4.238798943200000e+01
  ],
  ""type"": ""Point""
}","{
  ""coordinates"": [
    -83.135524025,
    42.387989432
  ],
  ""type"": ""Point""
}",-83.1355240249999,42.387989432
19970,9977889,ST MARYS,WHITLOCK,2017-03-14,14,3,2017,19,3,9,9,,,2,,4,1,4,25,2,2,0,5,0,0,0,0,true,,false,false,true,false,false,,,,,,false,false,false,,,false,false,false,false,false,-83.20351,42.34023,"{
  ""coordinates"": [
    -8.320350434499990e+01,
    4.234023171600010e+01
  ],
  ""type"": ""Point""
}","{
  ""coordinates"": [
    -83.203504345,
    42.340231716
  ],
  ""type"": ""Point""
}",-83.2035043449999,42.3402317160001
19971,9977873,WOODMERE,ELSMERE,2017-03-14,14,3,2017,18,3,5,9,,4,0,,3,1,1,0,2,2,1,5,0,0,0,0,true,,true,false,true,false,false,,,,,,false,true,false,,,false,false,false,false,false,-83.13496,42.30597,"{
  ""coordinates"": [
    -8.313495434299990e+01,
    4.230596842300000e+01
  ],
  ""type"": ""Point""
}","{
  ""coordinates"": [
    -83.134954343,
    42.305968423
  ],
  ""type"": ""Point""
}",-83.1349543429999,42.305968423
19972,9980110,I-94,LIVERNOIS,2017-03-13,13,3,2017,17,2,5,1,,1,0,,2,5,1,55,3,2,2,5,0,0,0,0,true,,false,false,false,false,false,,,,,,false,false,false,,,false,false,false,false,false,-83.12461,42.33758,"{
  ""coordinates"": [
    -8.312460802200000e+01,
    4.233758001900000e+01
  ],
  ""type"": ""Point""
}","{
  ""coordinates"": [
    -83.124608022,
    42.337580019
  ],
  ""type"": ""Point""
}",-83.124608022,42.337580019
19973,9975724,DAVISON,MORAN,2017-03-13,13,3,2017,10,2,3,3,,1,0,,4,5,1,35,6,2,3,5,0,0,0,0,true,,false,false,true,false,false,,,,,,false,false,false,,,false,false,false,false,false,-83.06265,42.41512,"{
  ""coordinates"": [
    -8.306265591200000e+01,
    4.241511699600010e+01
  ],
  ""type"": ""Point""
}","{
  ""coordinates"": [
    -83.062655912,
    42.415116996
  ],
  ""type"": ""Point""
}",-83.062655912,42.4151169960001
19974,9975682,BRUSH,OWEN,2017-03-13,13,3,2017,17,2,4,9,,4,0,,4,5,1,25,4,2,3,4,0,0,0,2,false,,false,false,false,false,false,,,,,,false,false,false,,,false,false,false,false,false,-83.07571,42.385,"{
  ""coordinates"": [
    -8.307570973999999e+01,
    4.238499896700010e+01
  ],
  ""type"": ""Point""
}","{
  ""coordinates"": [
    -83.07570974,
    42.384998967
  ],
  ""type"": ""Point""
}",-83.07570974,42.3849989670001
19975,9976798,SCHOOLCRAFT,PIEDMONT,2017-03-13,13,3,2017,1,2,98,9,,2,0,,1,1,4,35,2,2,0,5,0,0,0,0,true,,false,false,true,false,false,,,,,,false,false,false,,,false,false,false,false,false,-83.22968,42.38642,"{
  ""coordinates"": [
    -8.322967942600000e+01,
    4.238641918300000e+01
  ],
  ""type"": ""Point""
}","{
  ""coordinates"": [
    -83.229679426,
    42.386419183
  ],
  ""type"": ""Point""
}",-83.229679426,42.386419183
19976,9975666,MEYERS,INTERVALE,2017-03-13,13,3,2017,17,2,2,9,,4,2,,4,5,1,35,1,2,2,5,0,0,0,0,true,,false,false,true,false,false,,,,,,false,false,false,,,false,false,false,false,false,-83.16887,42.39142,"{
  ""coordinates"": [
    -8.316887101899989e+01,
    4.239142321600010e+01
  ],
  ""type"": ""Point""
}","{
  ""coordinates"": [
    -83.168871019,
    42.391423216
  ],
  ""type"": ""Point""
}",-83.1688710189999,42.3914232160001
19977,9978876,8 MILE,DEQUINDRE,2017-03-13,13,3,2017,14,2,5,3,,1,0,,4,5,1,40,8,2,3,5,0,0,0,0,true,,false,false,false,false,false,,,,,,false,false,false,,,false,false,false,false,false,-83.07955,42.44708,"{
  ""coordinates"": [
    -8.307955226599999e+01,
    4.244707936900010e+01
  ],
  ""type"": ""Point""
}","{
  ""coordinates"": [
    -83.079552266,
    42.447079369
  ],
  ""type"": ""Point""
}",-83.079552266,42.4470793690001
19978,9977906,CHALMERS,LINVILLE,2017-03-13,13,3,2017,8,2,5,9,,4,0,,1,1,5,25,2,2,1,5,0,0,0,0,true,,false,false,true,false,false,,,,,,false,false,false,,,false,false,false,false,false,-82.96313,42.40207,"{
  ""coordinates"": [
    -8.296312508299999e+01,
    4.240206449800010e+01
  ],
  ""type"": ""Point""
}","{
  ""coordinates"": [
    -82.963125083,
    42.402064498
  ],
  ""type"": ""Point""
}",-82.963125083,42.4020644980001
19979,9975689,JOHN KRONK,LIVERNOIS,2017-03-13,13,3,2017,10,2,9,9,,4,0,,4,5,1,30,2,2,2,5,0,0,0,0,true,,false,false,false,false,false,,,,,,false,false,false,,,false,false,false,false,false,-83.11555,42.32447,"{
  ""coordinates"": [
    -8.311554785399990e+01,
    4.232447202400000e+01
  ],
  ""type"": ""Point""
}","{
  ""coordinates"": [
    -83.115547854,
    42.324472024
  ],
  ""type"": ""Point""
}",-83.1155478539999,42.324472024
19980,9975721,S/B I-75,8 MILE,2017-03-13,13,3,2017,12,2,8,1,,1,0,,4,5,1,25,2,2,2,5,0,0,0,0,true,,false,false,true,false,false,,,,,,false,false,false,,,false,false,false,false,false,-83.09492,42.44661,"{
  ""coordinates"": [
    -8.309491359899990e+01,
    4.244661036900000e+01
  ],
  ""type"": ""Point""
}","{
  ""coordinates"": [
    -83.094913599,
    42.446610369
  ],
  ""type"": ""Point""
}",-83.0949135989999,42.446610369
19981,9975718,JOY,PETOSKEY,2017-03-13,13,3,2017,11,2,5,9,,4,0,,4,5,1,0,4,2,1,5,0,0,0,0,true,,false,false,true,false,false,,,,,,false,false,false,,,false,false,false,false,false,-83.12209,42.36848,"{
  ""coordinates"": [
    -8.312208924100000e+01,
    4.236847646800000e+01
  ],
  ""type"": ""Point""
}","{
  ""coordinates"": [
    -83.122089241,
    42.368476468
  ],
  ""type"": ""Point""
}",-83.122089241,42.368476468
19982,9975698,MOUNT ELLIOTT,LAFAYETTE,2017-03-13,13,3,2017,16,2,97,9,,4,0,,4,5,1,35,6,2,1,5,0,0,0,0,true,,false,false,true,false,false,,,,,,false,false,true,,,false,false,false,false,false,-83.01212,42.34696,"{
  ""coordinates"": [
    -8.301212051000000e+01,
    4.234695776400010e+01
  ],
  ""type"": ""Point""
}","{
  ""coordinates"": [
    -83.01212051,
    42.346957764
  ],
  ""type"": ""Point""
}",-83.01212051,42.3469577640001
19983,9975701,JEFFERSON,JOSEPH CAMPAU,2017-03-13,13,3,2017,14,2,5,9,,4,0,,4,8,1,35,9,2,2,5,0,0,0,0,true,,false,false,false,false,false,,,,,,false,false,false,,,false,false,false,false,false,-83.01974,42.3395,"{
  ""coordinates"": [
    -8.301974183399990e+01,
    4.233949644900010e+01
  ],
  ""type"": ""Point""
}","{
  ""coordinates"": [
    -83.019741834,
    42.339496449
  ],
  ""type"": ""Point""
}",-83.0197418339999,42.3394964490001
19984,9975725,HAWTHORNE,SEVEN MILE,2017-03-13,13,3,2017,9,2,4,9,,,0,,4,5,1,0,2,2,2,5,0,0,0,0,true,,false,false,false,false,false,,,,,,false,false,true,,,false,false,false,false,false,-83.09264,42.43256,"{
  ""coordinates"": [
    -8.309263301599999e+01,
    4.243256472700010e+01
  ],
  ""type"": ""Point""
}","{
  ""coordinates"": [
    -83.092633016,
    42.432564727
  ],
  ""type"": ""Point""
}",-83.092633016,42.4325647270001
19985,9977927,FRENCH,DEVINE,2017-03-13,13,3,2017,7,2,8,9,,4,0,,4,5,1,0,4,2,2,5,0,0,0,0,true,,false,false,false,false,false,,,,,,false,true,true,,,false,false,false,false,false,-82.99918,42.39819,"{
  ""coordinates"": [
    -8.299917666300000e+01,
    4.239819103600010e+01
  ],
  ""type"": ""Point""
}","{
  ""coordinates"": [
    -82.999176663,
    42.398191036
  ],
  ""type"": ""Point""
}",-82.999176663,42.3981910360001
19986,9975727,RYAN,DAVISON,2017-03-13,13,3,2017,7,2,6,9,,4,0,,4,5,4,35,7,2,2,5,0,0,0,0,true,,false,false,false,false,false,,,,,,false,false,false,,,false,false,false,false,false,-83.06059,42.41587,"{
  ""coordinates"": [
    -8.306058362900001e+01,
    4.241586913300010e+01
  ],
  ""type"": ""Point""
}","{
  ""coordinates"": [
    -83.060583629,
    42.415869133
  ],
  ""type"": ""Point""
}",-83.060583629,42.4158691330001
19987,9975684,FORT,MILLER,2017-03-13,13,3,2017,10,2,4,3,,1,0,,3,5,1,35,2,2,2,5,0,0,0,0,true,,false,false,false,false,false,,,,,,false,false,false,,,false,false,false,false,false,-83.14115,42.2918,"{
  ""coordinates"": [
    -8.314114942099999e+01,
    4.229180071200010e+01
  ],
  ""type"": ""Point""
}","{
  ""coordinates"": [
    -83.141149421,
    42.291800712
  ],
  ""type"": ""Point""
}",-83.141149421,42.2918007120001
19988,9974411,W I 94,RAMP 213L,2017-03-13,13,3,2017,0,2,1,1,,1,1,,1,1,4,55,2,1,1,5,0,0,0,0,true,,false,false,false,false,false,,,,,,false,false,false,,,false,false,false,false,false,-83.09592,42.35125,"{
  ""coordinates"": [
    -8.309592638399990e+01,
    4.235124404700010e+01
  ],
  ""type"": ""Point""
}","{
  ""coordinates"": [
    -83.095926384,
    42.351244047
  ],
  ""type"": ""Point""
}",-83.0959263839999,42.3512440470001
19989,9975702,GRATIOT,SENECA,2017-03-13,13,3,2017,15,2,97,3,,1,0,,3,5,1,0,2,2,3,4,0,0,0,1,false,,false,false,false,false,false,,,,,,false,true,false,,,false,false,false,false,false,-83.01167,42.38338,"{
  ""coordinates"": [
    -8.301167352100001e+01,
    4.238338529000000e+01
  ],
  ""type"": ""Point""
}","{
  ""coordinates"": [
    -83.011673521,
    42.38338529
  ],
  ""type"": ""Point""
}",-83.011673521,42.38338529
19990,9974462,MCDOUGALL,GRAND,2017-03-13,13,3,2017,1,2,1,9,,4,0,,1,1,4,25,2,1,0,5,0,0,0,0,true,,false,false,false,false,false,,,,,,false,false,false,,,false,false,false,false,false,-83.03985,42.37374,"{
  ""coordinates"": [
    -8.303984550699990e+01,
    4.237373634100000e+01
  ],
  ""type"": ""Point""
}","{
  ""coordinates"": [
    -83.039845507,
    42.373736341
  ],
  ""type"": ""Point""
}",-83.0398455069999,42.373736341
19991,9975710,MCNICHOLS,LAUDER,2017-03-13,13,3,2017,8,2,5,9,,2,0,,4,5,1,30,5,2,1,3,0,0,1,0,false,,false,false,true,false,false,,,,,,false,false,true,,,false,false,false,false,false,-83.19178,42.41636,"{
  ""coordinates"": [
    -8.319178195099990e+01,
    4.241635799700000e+01
  ],
  ""type"": ""Point""
}","{
  ""coordinates"": [
    -83.191781951,
    42.416357997
  ],
  ""type"": ""Point""
}",-83.1917819509999,42.416357997
19992,9976813,KENTFIELD,FARGO,2017-03-13,13,3,2017,18,2,4,9,,,0,,4,5,1,25,2,2,3,4,0,0,0,1,false,,true,false,false,false,false,,,,,,false,false,false,,,false,false,false,false,false,-83.24286,42.43837,"{
  ""coordinates"": [
    -8.324285885700000e+01,
    4.243836828500010e+01
  ],
  ""type"": ""Point""
}","{
  ""coordinates"": [
    -83.242858857,
    42.438368285
  ],
  ""type"": ""Point""
}",-83.242858857,42.4383682850001
19993,9975717,JOY,BROADSTREET,2017-03-13,13,3,2017,10,2,97,9,,4,0,,4,5,1,30,4,3,4,4,0,0,0,4,false,,false,false,false,false,false,,,,,,false,false,true,,,false,false,false,false,false,-83.12579,42.36708,"{
  ""coordinates"": [
    -8.312579382599991e+01,
    4.236707686500010e+01
  ],
  ""type"": ""Point""
}","{
  ""coordinates"": [
    -83.125793826,
    42.367076865
  ],
  ""type"": ""Point""
}",-83.1257938259999,42.3670768650001
19994,9980094,S/B I-75,I-94,2017-03-13,13,3,2017,15,2,1,1,,1,1,,4,5,1,55,3,1,1,5,0,0,0,0,true,,false,false,false,false,false,,,,,,false,false,true,,,false,false,false,false,false,-83.05826,42.36864,"{
  ""coordinates"": [
    -8.305825655900000e+01,
    4.236863666600000e+01
  ],
  ""type"": ""Point""
}","{
  ""coordinates"": [
    -83.058256559,
    42.368636666
  ],
  ""type"": ""Point""
}",-83.058256559,42.368636666
19995,9981414,RAMP 029B,N I 75,2017-03-13,13,3,2017,10,2,5,1,,1,0,,4,5,1,25,2,2,3,5,0,0,0,0,true,,false,false,false,false,false,,,,,,false,false,true,,,false,false,false,false,false,-83.15697,42.27684,"{
  ""coordinates"": [
    -8.315697500900001e+01,
    4.227684014800010e+01
  ],
  ""type"": ""Point""
}","{
  ""coordinates"": [
    -83.156975009,
    42.276840148
  ],
  ""type"": ""Point""
}",-83.156975009,42.2768401480001
19996,9980186,MICHIGAN,SHELBY,2017-03-13,13,3,2017,13,2,5,9,,4,3,,4,5,1,25,4,2,2,5,0,0,0,0,true,,false,false,true,false,false,,,,,,false,false,false,,,false,false,false,false,false,-83.05024,42.33168,"{
  ""coordinates"": [
    -8.305024138499989e+01,
    4.233168493500010e+01
  ],
  ""type"": ""Point""
}","{
  ""coordinates"": [
    -83.050241385,
    42.331684935
  ],
  ""type"": ""Point""
}",-83.0502413849999,42.3316849350001
19997,9975726,OUTER,MOUND,2017-03-13,13,3,2017,1,2,97,9,,2,0,,1,1,4,35,6,3,2,4,0,0,0,1,false,,false,false,true,false,false,,,,,,false,false,true,,,false,false,false,false,false,-83.04405,42.44072,"{
  ""coordinates"": [
    -8.304405396999989e+01,
    4.244072263400010e+01
  ],
  ""type"": ""Point""
}","{
  ""coordinates"": [
    -83.04405397,
    42.440722634
  ],
  ""type"": ""Point""
}",-83.0440539699999,42.4407226340001
19998,9989382,M-39,7 MILE,2017-03-13,13,3,2017,14,2,8,3,,1,0,,2,5,1,55,3,4,6,5,0,0,0,0,true,,false,false,false,false,false,,,,,,false,false,true,,,false,false,false,false,false,-83.2194,42.42982,"{
  ""coordinates"": [
    -8.321939616899991e+01,
    4.242982095700010e+01
  ],
  ""type"": ""Point""
}","{
  ""coordinates"": [
    -83.219396169,
    42.429820957
  ],
  ""type"": ""Point""
}",-83.2193961689999,42.4298209570001
19999,9982934,M-10,WARREN,2017-03-13,13,3,2017,15,2,4,3,,1,0,,4,5,1,55,3,2,1,5,0,0,0,0,true,,false,false,false,false,false,,,,,,false,false,false,,,false,false,false,false,false,-83.07432,42.35498,"{
  ""coordinates"": [
    -8.307431926500000e+01,
    4.235498303100010e+01
  ],
  ""type"": ""Point""
}","{
  ""coordinates"": [
    -83.074319265,
    42.354983031
  ],
  ""type"": ""Point""
}",-83.074319265,42.3549830310001
20000,9982261,DAVISON,DEQUINDRE,2017-03-13,13,3,2017,16,2,1,3,,1,1,,4,5,1,55,3,1,1,5,0,0,0,0,true,,false,false,false,false,false,,,,,,false,false,true,,,false,false,false,false,false,-83.07759,42.40929,"{
  ""coordinates"": [
    -8.307758890600000e+01,
    4.240928766200010e+01
  ],
  ""type"": ""Point""
}","{
  ""coordinates"": [
    -83.077588906,
    42.409287662
  ],
  ""type"": ""Point""
}",-83.077588906,42.4092876620001
20001,9975715,JAMES COUZENS,MEYERS,2017-03-13,13,3,2017,9,2,5,3,,4,0,,4,5,1,25,2,2,2,5,0,0,0,0,true,,false,false,true,false,false,,,,,,false,false,false,,,false,false,false,false,false,-83.16998,42.41396,"{
  ""coordinates"": [
    -8.316997768800000e+01,
    4.241396047700000e+01
  ],
  ""type"": ""Point""
}","{
  ""coordinates"": [
    -83.169977688,
    42.413960477
  ],
  ""type"": ""Point""
}",-83.169977688,42.413960477
20002,9975690,VERNOR,24TH,2017-03-13,13,3,2017,14,2,5,9,,4,0,,3,5,1,0,2,2,2,5,0,0,0,0,true,,false,false,false,false,false,,,,,,false,false,false,,,false,false,false,false,false,-83.0863,42.32402,"{
  ""coordinates"": [
    -8.308629685499990e+01,
    4.232402277700000e+01
  ],
  ""type"": ""Point""
}","{
  ""coordinates"": [
    -83.086296855,
    42.324022777
  ],
  ""type"": ""Point""
}",-83.0862968549999,42.324022777
20003,9975719,ELMHURST,BELLETERRE,2017-03-13,13,3,2017,14,2,98,9,,4,0,,4,5,1,30,4,2,1,2,0,1,0,0,false,,false,false,false,false,false,,,,,,true,false,false,,,false,false,false,false,false,-83.13807,42.37616,"{
  ""coordinates"": [
    -8.313806839900001e+01,
    4.237615586600000e+01
  ],
  ""type"": ""Point""
}","{
  ""coordinates"": [
    -83.138068399,
    42.376155866
  ],
  ""type"": ""Point""
}",-83.138068399,42.376155866
20004,9977883,MACK,MCCLELLAN,2017-03-13,13,3,2017,17,2,5,9,,4,0,,4,5,1,35,6,4,2,5,0,0,0,0,true,,false,false,true,false,false,,,,,,false,false,false,,,false,false,false,false,false,-82.99388,42.37216,"{
  ""coordinates"": [
    -8.299388416700000e+01,
    4.237216244000010e+01
  ],
  ""type"": ""Point""
}","{
  ""coordinates"": [
    -82.993884167,
    42.37216244
  ],
  ""type"": ""Point""
}",-82.993884167,42.3721624400001
20005,9978874,8 MILE,RYAN,2017-03-13,13,3,2017,17,2,5,3,,1,0,,4,5,1,40,8,2,2,5,0,0,0,0,true,,false,false,false,false,false,,,,,,false,false,false,,,false,false,false,false,false,-83.0636,42.44727,"{
  ""coordinates"": [
    -8.306359826800001e+01,
    4.244727297900000e+01
  ],
  ""type"": ""Point""
}","{
  ""coordinates"": [
    -83.063598268,
    42.447272979
  ],
  ""type"": ""Point""
}",-83.063598268,42.447272979
20006,9975667,EUCLID,3RD,2017-03-13,13,3,2017,19,2,8,9,,4,0,,4,5,1,25,2,2,1,3,0,0,1,0,false,,false,false,false,false,false,,,,,,false,false,false,,,false,false,false,false,false,-83.08369,42.37506,"{
  ""coordinates"": [
    -8.308368754700000e+01,
    4.237505987000000e+01
  ],
  ""type"": ""Point""
}","{
  ""coordinates"": [
    -83.083687547,
    42.37505987
  ],
  ""type"": ""Point""
}",-83.083687547,42.37505987
20007,9975687,2935 SCOTTEN,BRANDON,2017-03-13,13,3,2017,16,2,98,9,,4,0,,4,5,1,35,2,2,2,5,0,0,0,0,true,,false,false,false,false,false,,,,,,false,false,false,,,false,false,false,false,false,-83.10124,42.33115,"{
  ""coordinates"": [
    -8.310124174000001e+01,
    4.233115445100000e+01
  ],
  ""type"": ""Point""
}","{
  ""coordinates"": [
    -83.10124174,
    42.331154451
  ],
  ""type"": ""Point""
}",-83.10124174,42.331154451