ObjectId,Crash ID,Primary Road,Intersecting Road,Crash Date,Day,Month,Year,Hour,Weekday,Crash Type Code,Highway Classification Code,Community Code,Jurisdiction Code,Lane Departure Type Code,Surface Type,Road Condition,Weather Condition,Lighting Condition,Speed Limit,Lanes,Units,Occupants,Most Severe Injury,Fatal Injuries,Suspected Serious Injuries,Suspected Minor Injuries,Possible Injuries,Property Damage Only,Secondary Crash,Traffic Control,Red Light Run,Hit and Run,Alcohol,Drugs,Unbelted Person,Work Zone,Speeding Driver,Distracted Driver,Driveway,Pedestrian,Elderly Driver,Young Driver,Commercial Vehicle,Emergency Vehicles,Train,School Bus,Motorcycle,Bicycle,Deer,Longitude,Latitude,geom,geog,x,y
20008,9982262,DAVISON,DEQUINDRE,2017-03-13,13,3,2017,16,2,8,3,,1,0,,4,5,1,55,3,2,3,5,0,0,0,0,true,,false,false,false,false,false,,,,,,false,false,true,,,false,false,false,false,false,-83.07706,42.40941,"{
  ""coordinates"": [
    -8.307706641899991e+01,
    4.240941192900000e+01
  ],
  ""type"": ""Point""
}","{
  ""coordinates"": [
    -83.077066419,
    42.409411929
  ],
  ""type"": ""Point""
}",-83.0770664189999,42.409411929
20009,9983787,I-96,BURT,2017-03-13,13,3,2017,12,2,1,1,,1,1,,4,5,1,70,3,1,1,3,0,0,1,0,false,,false,false,false,false,false,,,,,,false,false,false,,,false,false,false,false,false,-83.25049,42.38539,"{
  ""coordinates"": [
    -8.325048786000001e+01,
    4.238538798300000e+01
  ],
  ""type"": ""Point""
}","{
  ""coordinates"": [
    -83.25048786,
    42.385387983
  ],
  ""type"": ""Point""
}",-83.25048786,42.385387983
20010,9975677,WARREN,MCKINLEY,2017-03-13,13,3,2017,16,2,5,9,,4,0,,6,5,1,35,5,2,2,4,0,0,0,1,false,,false,false,false,false,false,,,,,,false,false,false,,,false,false,false,false,false,-83.10464,42.34486,"{
  ""coordinates"": [
    -8.310464321400001e+01,
    4.234485893100000e+01
  ],
  ""type"": ""Point""
}","{
  ""coordinates"": [
    -83.104643214,
    42.344858931
  ],
  ""type"": ""Point""
}",-83.104643214,42.344858931
20011,9983791,I-75,CLAY,2017-03-13,13,3,2017,7,2,8,1,,1,0,,4,5,1,55,4,2,4,5,0,0,0,0,true,,false,false,false,false,false,,,,,,false,false,true,,,false,false,false,false,false,-83.06227,42.37789,"{
  ""coordinates"": [
    -8.306227369999991e+01,
    4.237789175200000e+01
  ],
  ""type"": ""Point""
}","{
  ""coordinates"": [
    -83.0622737,
    42.377891752
  ],
  ""type"": ""Point""
}",-83.0622736999999,42.377891752
20012,9976832,GRATIOT,MT ELLIOTT,2017-03-13,13,3,2017,7,2,5,3,,1,0,,4,5,1,30,9,3,3,5,0,0,0,0,true,,false,false,false,false,false,,,,,,false,false,false,,,false,false,false,false,false,-83.02403,42.36472,"{
  ""coordinates"": [
    -8.302403587200000e+01,
    4.236472298600010e+01
  ],
  ""type"": ""Point""
}","{
  ""coordinates"": [
    -83.024035872,
    42.364722986
  ],
  ""type"": ""Point""
}",-83.024035872,42.3647229860001
20013,9983851,LAFAYETTE,RIVARD,2017-03-13,13,3,2017,14,2,97,9,,4,0,,4,5,1,30,2,1,1,5,0,0,0,0,true,,false,false,true,false,false,,,,,,false,false,false,,,false,false,false,false,false,-83.03622,42.33635,"{
  ""coordinates"": [
    -8.303621974299990e+01,
    4.233635176500010e+01
  ],
  ""type"": ""Point""
}","{
  ""coordinates"": [
    -83.036219743,
    42.336351765
  ],
  ""type"": ""Point""
}",-83.0362197429999,42.3363517650001
20014,9975686,HOMER,LAWNDALE,2017-03-13,13,3,2017,16,2,5,9,,,0,,4,5,1,25,1,2,1,5,0,0,0,0,true,,false,false,true,false,false,,,,,,false,false,false,,,false,false,false,false,false,-83.12823,42.30302,"{
  ""coordinates"": [
    -8.312822417000000e+01,
    4.230302537100000e+01
  ],
  ""type"": ""Point""
}","{
  ""coordinates"": [
    -83.12822417,
    42.303025371
  ],
  ""type"": ""Point""
}",-83.12822417,42.303025371
20015,9975714,7 MILE,GRUEBNER,2017-03-13,13,3,2017,17,2,9,9,,4,0,,4,5,1,35,2,2,2,5,0,0,0,0,true,,false,false,true,false,false,,,,,,false,false,false,,,false,false,false,false,false,-83.01218,42.43423,"{
  ""coordinates"": [
    -8.301217636699990e+01,
    4.243422890600000e+01
  ],
  ""type"": ""Point""
}","{
  ""coordinates"": [
    -83.012176367,
    42.434228906
  ],
  ""type"": ""Point""
}",-83.0121763669999,42.434228906
20016,9982948,EVANSTON,BERKSHIRE,2017-03-13,13,3,2017,14,2,5,9,,,0,,4,5,1,15,2,2,2,4,0,0,0,1,false,,false,false,false,false,false,,,,,,false,false,false,,,false,false,false,false,false,-82.95144,42.40907,"{
  ""coordinates"": [
    -8.295143938500000e+01,
    4.240907372300010e+01
  ],
  ""type"": ""Point""
}","{
  ""coordinates"": [
    -82.951439385,
    42.409073723
  ],
  ""type"": ""Point""
}",-82.951439385,42.4090737230001
20017,9975745,EIGHT MILE,SCHAEFER,2017-03-13,13,3,2017,15,2,4,3,,1,0,,3,5,1,35,6,2,3,5,0,0,0,0,true,,false,false,false,false,false,,,,,,false,false,false,,,false,false,false,false,false,-83.18098,42.4452,"{
  ""coordinates"": [
    -8.318097524800000e+01,
    4.244519814000010e+01
  ],
  ""type"": ""Point""
}","{
  ""coordinates"": [
    -83.180975248,
    42.44519814
  ],
  ""type"": ""Point""
}",-83.180975248,42.4451981400001
20018,9975683,BAGLEY,22ND,2017-03-13,13,3,2017,16,2,1,9,,,0,,4,8,1,25,2,1,1,5,0,0,0,0,true,,false,false,false,false,false,,,,,,false,false,true,,,false,false,false,false,false,-83.0842,42.32353,"{
  ""coordinates"": [
    -8.308420138500000e+01,
    4.232353087300000e+01
  ],
  ""type"": ""Point""
}","{
  ""coordinates"": [
    -83.084201385,
    42.323530873
  ],
  ""type"": ""Point""
}",-83.084201385,42.323530873
20019,9975712,EDMORE,REDMOND,2017-03-13,13,3,2017,18,2,4,9,,,0,,4,5,1,25,1,2,2,4,0,0,0,1,false,,false,false,true,false,false,,,,,,false,false,false,,,false,false,false,false,false,-82.95615,42.44738,"{
  ""coordinates"": [
    -8.295614680800000e+01,
    4.244737604600000e+01
  ],
  ""type"": ""Point""
}","{
  ""coordinates"": [
    -82.956146808,
    42.447376046
  ],
  ""type"": ""Point""
}",-82.956146808,42.447376046
20020,9980092,I-96,HUBBELL,2017-03-13,13,3,2017,6,2,5,1,,1,0,,4,5,4,70,3,2,1,5,0,0,0,0,true,,false,false,true,false,false,,,,,,false,false,false,,,false,false,false,false,false,-83.18777,42.38061,"{
  ""coordinates"": [
    -8.318776628200000e+01,
    4.238060869500000e+01
  ],
  ""type"": ""Point""
}","{
  ""coordinates"": [
    -83.187766282,
    42.380608695
  ],
  ""type"": ""Point""
}",-83.187766282,42.380608695
20021,9980109,E I 96,SOUTHFIELD SERVICE DRIVE,2017-03-13,13,3,2017,17,2,1,1,,1,0,,2,5,1,55,3,1,1,5,0,0,0,0,true,,false,false,false,false,false,,,,,,false,false,false,,,false,false,false,false,false,-83.21384,42.37869,"{
  ""coordinates"": [
    -8.321384395599991e+01,
    4.237869270100000e+01
  ],
  ""type"": ""Point""
}","{
  ""coordinates"": [
    -83.213843956,
    42.378692701
  ],
  ""type"": ""Point""
}",-83.2138439559999,42.378692701
20022,9975696,GRATIOT,ELLERY,2017-03-13,13,3,2017,16,2,2,3,,1,0,,4,5,1,35,7,2,2,5,0,0,0,0,true,,false,false,false,false,false,,,,,,false,false,true,,,false,false,false,false,false,-83.02577,42.36207,"{
  ""coordinates"": [
    -8.302577233499990e+01,
    4.236207266600010e+01
  ],
  ""type"": ""Point""
}","{
  ""coordinates"": [
    -83.025772335,
    42.362072666
  ],
  ""type"": ""Point""
}",-83.0257723349999,42.3620726660001
20023,9977884,ST.CLAIR,SHOEMAKER25,2017-03-13,13,3,2017,19,2,9,9,,,2,,4,5,4,25,3,2,1,5,0,0,0,0,true,,false,false,true,false,false,,,,,,false,false,false,,,false,false,false,false,false,-82.99614,42.38915,"{
  ""coordinates"": [
    -8.299614052200000e+01,
    4.238914783200000e+01
  ],
  ""type"": ""Point""
}","{
  ""coordinates"": [
    -82.996140522,
    42.389147832
  ],
  ""type"": ""Point""
}",-82.996140522,42.389147832
20024,9975673,ROSA PARKS,FERRY PARK,2017-03-13,13,3,2017,8,2,4,9,,4,0,,4,5,1,30,3,2,2,5,0,0,0,0,true,,false,false,true,false,false,,,,,,false,false,false,,,false,false,false,false,false,-83.09019,42.36249,"{
  ""coordinates"": [
    -8.309018781200000e+01,
    4.236248859200000e+01
  ],
  ""type"": ""Point""
}","{
  ""coordinates"": [
    -83.090187812,
    42.362488592
  ],
  ""type"": ""Point""
}",-83.090187812,42.362488592
20025,9980167,CADILLAC,KERCHEVAL,2017-03-13,13,3,2017,10,2,4,9,,4,0,,4,5,1,25,2,2,2,5,0,0,0,0,true,,false,false,false,false,false,,,,,,false,false,true,,,false,false,false,false,false,-82.98432,42.36457,"{
  ""coordinates"": [
    -8.298432536699990e+01,
    4.236457207500010e+01
  ],
  ""type"": ""Point""
}","{
  ""coordinates"": [
    -82.984325367,
    42.364572075
  ],
  ""type"": ""Point""
}",-82.9843253669999,42.3645720750001
20026,9980166,BALFOUR,CORNWALL,2017-03-13,13,3,2017,9,2,4,9,,,0,,4,5,1,25,2,2,1,5,0,0,0,0,true,,false,false,false,false,false,,,,,,false,false,false,,,false,false,false,false,false,-82.94562,42.3982,"{
  ""coordinates"": [
    -8.294561683599990e+01,
    4.239820002200000e+01
  ],
  ""type"": ""Point""
}","{
  ""coordinates"": [
    -82.945616836,
    42.398200022
  ],
  ""type"": ""Point""
}",-82.9456168359999,42.398200022
20027,9976835,JEFFERSON,SAINT AUBIN,2017-03-13,13,3,2017,14,2,98,9,,4,0,,4,5,1,35,7,2,2,5,0,0,0,0,true,,false,false,false,false,false,,,,,,false,false,true,,,false,false,false,false,false,-83.0262,42.33672,"{
  ""coordinates"": [
    -8.302619800799989e+01,
    4.233671823900000e+01
  ],
  ""type"": ""Point""
}","{
  ""coordinates"": [
    -83.026198008,
    42.336718239
  ],
  ""type"": ""Point""
}",-83.0261980079999,42.336718239
20028,9983780,I94,OUTER,2017-03-13,13,3,2017,13,2,5,1,,1,0,,2,5,1,55,3,2,3,2,0,3,0,0,false,,false,false,false,false,false,,,,,,false,false,true,,,false,false,false,false,false,-82.95971,42.40525,"{
  ""coordinates"": [
    -8.295970599799990e+01,
    4.240524639400010e+01
  ],
  ""type"": ""Point""
}","{
  ""coordinates"": [
    -82.959705998,
    42.405246394
  ],
  ""type"": ""Point""
}",-82.9597059979999,42.4052463940001
20029,9983846,I-75,MICHIGAN,2017-03-13,13,3,2017,11,2,1,1,,1,1,,4,5,1,70,2,1,2,4,0,0,0,1,false,,false,false,false,false,false,,,,,,false,false,false,,,false,false,false,false,false,-83.08567,42.32817,"{
  ""coordinates"": [
    -8.308567147500000e+01,
    4.232816840700010e+01
  ],
  ""type"": ""Point""
}","{
  ""coordinates"": [
    -83.085671475,
    42.328168407
  ],
  ""type"": ""Point""
}",-83.085671475,42.3281684070001
20030,9987097,FORT,DOWNING,2017-03-13,13,3,2017,8,2,4,3,,1,0,,4,5,1,25,3,2,2,5,0,0,0,0,true,,false,false,false,false,false,,,,,,false,false,false,,,false,false,false,false,false,-83.15838,42.27232,"{
  ""coordinates"": [
    -8.315838009399990e+01,
    4.227231990200000e+01
  ],
  ""type"": ""Point""
}","{
  ""coordinates"": [
    -83.158380094,
    42.272319902
  ],
  ""type"": ""Point""
}",-83.1583800939999,42.272319902
20031,9981368,S I 75,RAMP 047E,2017-03-13,13,3,2017,16,2,97,1,,1,0,,3,5,1,55,4,4,3,5,0,0,0,0,true,,false,false,true,false,false,,,,,,false,false,true,,,false,false,false,false,false,-83.07868,42.40782,"{
  ""coordinates"": [
    -8.307868033499990e+01,
    4.240782160700010e+01
  ],
  ""type"": ""Point""
}","{
  ""coordinates"": [
    -83.078680335,
    42.407821607
  ],
  ""type"": ""Point""
}",-83.0786803349999,42.4078216070001
20032,9980169,MANSFIELD,GLENDALE,2017-03-13,13,3,2017,16,2,9,9,,,2,,4,5,1,25,2,2,1,5,0,0,0,0,true,,false,false,true,false,false,,,,,,false,false,false,,,false,false,false,false,false,-83.20395,42.38249,"{
  ""coordinates"": [
    -8.320394893000000e+01,
    4.238249095400000e+01
  ],
  ""type"": ""Point""
}","{
  ""coordinates"": [
    -83.20394893,
    42.382490954
  ],
  ""type"": ""Point""
}",-83.20394893,42.382490954
20033,9980100,I 96,I 75,2017-03-13,13,3,2017,19,2,1,1,,1,1,,4,5,1,55,1,1,1,5,0,0,0,0,true,,false,false,false,false,false,,,,,,false,false,false,,,false,false,false,false,false,-83.08289,42.32321,"{
  ""coordinates"": [
    -8.308288663099999e+01,
    4.232321298600000e+01
  ],
  ""type"": ""Point""
}","{
  ""coordinates"": [
    -83.082886631,
    42.323212986
  ],
  ""type"": ""Point""
}",-83.082886631,42.323212986
20034,9980103,M 39,FENKELL,2017-03-13,13,3,2017,22,2,5,3,,1,0,,4,5,4,55,3,3,2,5,0,0,0,0,true,,false,false,true,false,false,,,,,,false,false,true,,,false,false,false,false,false,-83.21835,42.4025,"{
  ""coordinates"": [
    -8.321835220299990e+01,
    4.240249673800000e+01
  ],
  ""type"": ""Point""
}","{
  ""coordinates"": [
    -83.218352203,
    42.402496738
  ],
  ""type"": ""Point""
}",-83.2183522029999,42.402496738
20035,9980102,E I 96,E I 96 CD,2017-03-13,13,3,2017,21,2,8,1,,1,0,,6,5,4,70,3,2,4,5,0,0,0,0,true,,false,false,false,false,false,,,,,,false,false,false,,,false,false,false,false,false,-83.25456,42.38541,"{
  ""coordinates"": [
    -8.325456532999991e+01,
    4.238540537700000e+01
  ],
  ""type"": ""Point""
}","{
  ""coordinates"": [
    -83.25456533,
    42.385405377
  ],
  ""type"": ""Point""
}",-83.2545653299999,42.385405377
20036,1095875,WARREN,ST JEAN,2017-03-13,13,3,2017,7,2,8,9,,4,0,,4,5,1,30,4,2,4,5,0,0,0,0,true,,false,false,false,false,false,,,,,,false,false,false,,,false,false,false,false,false,-82.98369,42.38733,"{
  ""coordinates"": [
    -8.298368649299989e+01,
    4.238732989000000e+01
  ],
  ""type"": ""Point""
}","{
  ""coordinates"": [
    -82.983686493,
    42.38732989
  ],
  ""type"": ""Point""
}",-82.9836864929999,42.38732989
20037,9976834,MT ELLIOTT,HENDRICKS,2017-03-13,13,3,2017,11,2,4,9,,4,0,,4,5,1,30,4,2,4,5,0,0,0,0,true,,false,false,false,false,false,,,,,,false,false,false,,,false,false,false,false,false,-83.01794,42.35574,"{
  ""coordinates"": [
    -8.301793429500000e+01,
    4.235573531600010e+01
  ],
  ""type"": ""Point""
}","{
  ""coordinates"": [
    -83.017934295,
    42.355735316
  ],
  ""type"": ""Point""
}",-83.017934295,42.3557353160001
20038,9974469,LAHSER,SANTA CLARA,2017-03-13,13,3,2017,7,2,5,9,,2,0,,4,5,1,35,2,2,3,5,0,0,0,0,true,,false,false,false,false,false,,,,,,false,false,true,,,false,false,false,false,false,-83.25787,42.41888,"{
  ""coordinates"": [
    -8.325786836799990e+01,
    4.241887967400000e+01
  ],
  ""type"": ""Point""
}","{
  ""coordinates"": [
    -83.257868368,
    42.418879674
  ],
  ""type"": ""Point""
}",-83.2578683679999,42.418879674
20039,9976826,SB SOUTHFIELD SD,PAUL,2017-03-13,13,3,2017,20,2,1,3,,1,1,,4,1,5,35,2,1,4,4,0,0,0,1,false,,false,false,false,false,false,,,,,,false,false,false,,,false,false,false,false,false,-83.21577,42.33636,"{
  ""coordinates"": [
    -8.321576893000000e+01,
    4.233635725200000e+01
  ],
  ""type"": ""Point""
}","{
  ""coordinates"": [
    -83.21576893,
    42.336357252
  ],
  ""type"": ""Point""
}",-83.21576893,42.336357252
20040,9987036,I-96,GREENFIELD,2017-03-13,13,3,2017,11,2,1,1,,1,1,,4,5,1,70,3,1,1,4,0,0,0,1,false,,false,false,false,false,false,,,,,,false,false,false,,,false,false,false,false,false,-83.20007,42.37907,"{
  ""coordinates"": [
    -8.320006949000000e+01,
    4.237906556700010e+01
  ],
  ""type"": ""Point""
}","{
  ""coordinates"": [
    -83.20006949,
    42.379065567
  ],
  ""type"": ""Point""
}",-83.20006949,42.3790655670001
20041,9976811,EVERGREEN,7 MILE,2017-03-13,13,3,2017,14,2,8,9,,4,0,,4,5,1,35,2,2,1,5,0,0,0,0,true,,false,false,true,false,false,,,,,,false,false,false,,,false,false,false,false,false,-83.23886,42.42958,"{
  ""coordinates"": [
    -8.323886203300000e+01,
    4.242957852200000e+01
  ],
  ""type"": ""Point""
}","{
  ""coordinates"": [
    -83.238862033,
    42.429578522
  ],
  ""type"": ""Point""
}",-83.238862033,42.429578522
20042,9987037,M-39,PLYMOUTH,2017-03-13,13,3,2017,12,2,1,3,,1,1,,4,5,1,55,3,1,1,5,0,0,0,0,true,,false,false,false,false,false,,,,,,false,false,false,,,false,false,false,false,false,-83.21661,42.37281,"{
  ""coordinates"": [
    -8.321660383200000e+01,
    4.237281329800000e+01
  ],
  ""type"": ""Point""
}","{
  ""coordinates"": [
    -83.216603832,
    42.372813298
  ],
  ""type"": ""Point""
}",-83.216603832,42.372813298
20043,9980125,S M 10,GRAND,2017-03-13,13,3,2017,20,2,8,3,,1,0,,4,5,4,55,3,2,2,4,0,0,0,1,false,,false,false,false,false,false,,,,,,false,false,true,,,false,false,false,false,false,-83.08275,42.36827,"{
  ""coordinates"": [
    -8.308275098500000e+01,
    4.236827448800010e+01
  ],
  ""type"": ""Point""
}","{
  ""coordinates"": [
    -83.082750985,
    42.368274488
  ],
  ""type"": ""Point""
}",-83.082750985,42.3682744880001
20044,9976812,EVERGREEN,SCHOOLCRAFT,2017-03-13,13,3,2017,17,2,4,9,,4,0,,4,5,1,30,4,2,2,5,0,0,0,0,true,,false,false,false,false,false,,,,,,false,false,true,,,false,false,false,false,false,-83.23685,42.38633,"{
  ""coordinates"": [
    -8.323685023099991e+01,
    4.238633258400010e+01
  ],
  ""type"": ""Point""
}","{
  ""coordinates"": [
    -83.236850231,
    42.386332584
  ],
  ""type"": ""Point""
}",-83.2368502309999,42.3863325840001
20045,9980093,M10,WYOMING,2017-03-13,13,3,2017,8,2,1,3,,1,1,,4,5,1,55,3,1,1,4,0,0,0,1,false,,false,false,false,false,false,,,,,,false,false,false,,,false,false,false,false,false,-83.16473,42.40936,"{
  ""coordinates"": [
    -8.316473650899999e+01,
    4.240936213500000e+01
  ],
  ""type"": ""Point""
}","{
  ""coordinates"": [
    -83.164736509,
    42.409362135
  ],
  ""type"": ""Point""
}",-83.164736509,42.409362135
20046,9977877,MACK,MARSEILLES,2017-03-13,13,3,2017,15,2,5,9,,2,0,,4,5,1,30,2,2,4,5,0,0,0,0,true,,false,false,true,false,false,,,,,,false,true,false,,,false,false,false,false,false,-82.9172,42.40295,"{
  ""coordinates"": [
    -8.291719458100000e+01,
    4.240295529900000e+01
  ],
  ""type"": ""Point""
}","{
  ""coordinates"": [
    -82.917194581,
    42.402955299
  ],
  ""type"": ""Point""
}",-82.917194581,42.402955299
20047,9977912,HARPER,WHITTIER,2017-03-13,13,3,2017,7,2,5,9,,4,0,,4,5,1,0,4,2,4,5,0,0,0,0,true,,false,false,false,false,false,,,,,,false,false,false,,,false,false,false,false,false,-82.94237,42.41247,"{
  ""coordinates"": [
    -8.294236597100000e+01,
    4.241246833800010e+01
  ],
  ""type"": ""Point""
}","{
  ""coordinates"": [
    -82.942365971,
    42.412468338
  ],
  ""type"": ""Point""
}",-82.942365971,42.4124683380001
20048,9980168,VERNOR,HURLBUT,2017-03-13,13,3,2017,17,2,4,9,,4,0,,4,5,1,0,3,2,2,5,0,0,0,0,true,,false,false,false,false,false,,,,,,false,false,false,,,false,false,false,false,false,-82.98468,42.36747,"{
  ""coordinates"": [
    -8.298468021600000e+01,
    4.236747201300010e+01
  ],
  ""type"": ""Point""
}","{
  ""coordinates"": [
    -82.984680216,
    42.367472013
  ],
  ""type"": ""Point""
}",-82.984680216,42.3674720130001
20049,9980101,RAMP 037A,I 75,2017-03-13,13,3,2017,19,2,1,1,,1,1,,4,5,3,45,1,1,1,5,0,0,0,0,true,,false,false,false,false,false,,,,,,false,false,true,,,false,false,false,false,false,-83.08264,42.3321,"{
  ""coordinates"": [
    -8.308264216799989e+01,
    4.233210450000010e+01
  ],
  ""type"": ""Point""
}","{
  ""coordinates"": [
    -83.082642168,
    42.3321045
  ],
  ""type"": ""Point""
}",-83.0826421679999,42.3321045000001
20050,9980126,S/B I-75,DAVISON,2017-03-13,13,3,2017,22,2,1,1,,1,1,,4,5,4,70,4,1,1,5,0,0,0,0,true,,false,false,false,false,false,,,,,,false,false,true,,,false,false,false,false,false,-83.0797,42.40883,"{
  ""coordinates"": [
    -8.307970539699990e+01,
    4.240882744700010e+01
  ],
  ""type"": ""Point""
}","{
  ""coordinates"": [
    -83.079705397,
    42.408827447
  ],
  ""type"": ""Point""
}",-83.0797053969999,42.4088274470001
20051,9977882,WARREN,SAINT JEAN,2017-03-13,13,3,2017,16,2,5,9,,4,0,,4,5,1,30,5,3,4,4,0,0,0,1,false,,false,false,false,false,false,,,,,,false,true,false,,,false,false,false,false,false,-82.9837,42.38733,"{
  ""coordinates"": [
    -8.298370409400000e+01,
    4.238732356300010e+01
  ],
  ""type"": ""Point""
}","{
  ""coordinates"": [
    -82.983704094,
    42.387323563
  ],
  ""type"": ""Point""
}",-82.983704094,42.3873235630001
20052,9980099,DAVISON,DEQUINDRE,2017-03-13,13,3,2017,18,2,97,3,,1,0,,4,5,1,55,3,2,4,5,0,0,0,0,true,,false,false,false,false,false,,,,,,false,false,false,,,false,false,false,false,false,-83.07911,42.40895,"{
  ""coordinates"": [
    -8.307910880400000e+01,
    4.240894705800010e+01
  ],
  ""type"": ""Point""
}","{
  ""coordinates"": [
    -83.079108804,
    42.408947058
  ],
  ""type"": ""Point""
}",-83.079108804,42.4089470580001
20053,9976795,FENMORE,MARGARETA,2017-03-13,13,3,2017,0,2,9,9,,,2,,1,1,4,25,2,2,4,5,0,0,0,0,true,,false,false,false,false,false,,,,,,false,false,true,,,false,false,false,false,false,-83.21804,42.42657,"{
  ""coordinates"": [
    -8.321804187100000e+01,
    4.242656897900010e+01
  ],
  ""type"": ""Point""
}","{
  ""coordinates"": [
    -83.218041871,
    42.426568979
  ],
  ""type"": ""Point""
}",-83.218041871,42.4265689790001
20054,9976779,I 75,SCHAEFER,2017-03-13,13,3,2017,12,2,1,1,,1,1,,4,5,1,70,3,1,1,5,0,0,0,0,true,,false,false,false,false,false,,,,,,false,false,false,,,false,false,false,false,false,-83.15451,42.27773,"{
  ""coordinates"": [
    -8.315451339600000e+01,
    4.227773210000000e+01
  ],
  ""type"": ""Point""
}","{
  ""coordinates"": [
    -83.154513396,
    42.2777321
  ],
  ""type"": ""Point""
}",-83.154513396,42.2777321
20055,9980112,I-94,VAN DYKE,2017-03-13,13,3,2017,22,2,1,1,,1,1,,2,5,4,55,3,1,1,5,0,0,0,0,true,,false,false,false,false,false,,,,,,false,false,true,,,false,false,false,false,false,-83.01974,42.38628,"{
  ""coordinates"": [
    -8.301974223500000e+01,
    4.238627698200000e+01
  ],
  ""type"": ""Point""
}","{
  ""coordinates"": [
    -83.019742235,
    42.386276982
  ],
  ""type"": ""Point""
}",-83.019742235,42.386276982
20056,9976730,I-75,HOLBROOK,2017-03-13,13,3,2017,13,2,1,1,,1,1,,4,5,1,70,4,1,1,5,0,0,0,0,true,,false,false,false,false,false,,,,,,false,false,true,,,false,false,false,false,false,-83.06961,42.38923,"{
  ""coordinates"": [
    -8.306961043500000e+01,
    4.238923452600010e+01
  ],
  ""type"": ""Point""
}","{
  ""coordinates"": [
    -83.069610435,
    42.389234526
  ],
  ""type"": ""Point""
}",-83.069610435,42.3892345260001
20057,9975665,GRANDRIVER,BILTMORE,2017-03-13,13,3,2017,12,2,4,3,,1,0,,4,5,1,0,5,2,2,5,0,0,0,0,true,,false,false,true,false,false,,,,,,false,false,false,,,false,false,false,false,false,-83.21271,42.39846,"{
  ""coordinates"": [
    -8.321270854900000e+01,
    4.239845589800010e+01
  ],
  ""type"": ""Point""
}","{
  ""coordinates"": [
    -83.212708549,
    42.398455898
  ],
  ""type"": ""Point""
}",-83.212708549,42.3984558980001
20058,9983781,I94,OUTER,2017-03-13,13,3,2017,13,2,1,1,,1,1,,2,5,1,55,3,1,2,2,0,1,0,0,false,,false,false,false,false,false,,,,,,false,false,false,,,false,false,false,false,false,-82.95937,42.40535,"{
  ""coordinates"": [
    -8.295936329200001e+01,
    4.240535284700010e+01
  ],
  ""type"": ""Point""
}","{
  ""coordinates"": [
    -82.959363292,
    42.405352847
  ],
  ""type"": ""Point""
}",-82.959363292,42.4053528470001
20059,9983792,M-8,I-75,2017-03-13,13,3,2017,9,2,8,3,,1,0,,4,5,1,55,3,2,2,4,0,0,0,1,false,,false,false,false,false,false,,,,,,false,false,false,,,false,true,false,false,false,-83.0799,42.40859,"{
  ""coordinates"": [
    -8.307990072400000e+01,
    4.240859013700000e+01
  ],
  ""type"": ""Point""
}","{
  ""coordinates"": [
    -83.079900724,
    42.408590137
  ],
  ""type"": ""Point""
}",-83.079900724,42.408590137
20060,9976842,OUTER,ROSEBERRY,2017-03-13,13,3,2017,9,2,7,9,,2,0,,3,5,1,25,2,2,2,5,0,0,0,0,true,,false,false,false,false,false,,,,,,false,false,false,,,false,false,false,false,false,-82.98735,42.40916,"{
  ""coordinates"": [
    -8.298735386600001e+01,
    4.240915940600010e+01
  ],
  ""type"": ""Point""
}","{
  ""coordinates"": [
    -82.987353866,
    42.409159406
  ],
  ""type"": ""Point""
}",-82.987353866,42.4091594060001
20061,9975699,JEFFERSON,MT ELLIOT,2017-03-13,13,3,2017,15,2,8,9,,4,0,,3,5,1,35,8,2,2,5,0,0,0,0,true,,false,false,false,false,false,,,,,,false,false,false,,,false,false,false,false,false,-83.01005,42.34367,"{
  ""coordinates"": [
    -8.301004699000001e+01,
    4.234366628000000e+01
  ],
  ""type"": ""Point""
}","{
  ""coordinates"": [
    -83.01004699,
    42.34366628
  ],
  ""type"": ""Point""
}",-83.01004699,42.34366628
20062,9977911,GRATIOT,LAPPIN,2017-03-13,13,3,2017,8,2,5,3,,1,0,,4,5,1,25,8,2,2,5,0,0,0,0,true,,false,false,false,false,false,,,,,,false,false,false,,,false,false,false,false,false,-82.97631,42.43717,"{
  ""coordinates"": [
    -8.297631225500000e+01,
    4.243717379700010e+01
  ],
  ""type"": ""Point""
}","{
  ""coordinates"": [
    -82.976312255,
    42.437173797
  ],
  ""type"": ""Point""
}",-82.976312255,42.4371737970001
20063,9983794,M-10,OAKMAN,2017-03-13,13,3,2017,14,2,8,3,,1,3,,4,5,1,55,4,2,2,5,0,0,0,0,true,,false,false,false,false,false,,,,,,false,false,true,,,false,false,false,false,false,-83.11624,42.40215,"{
  ""coordinates"": [
    -8.311624447900000e+01,
    4.240214455000010e+01
  ],
  ""type"": ""Point""
}","{
  ""coordinates"": [
    -83.116244479,
    42.40214455
  ],
  ""type"": ""Point""
}",-83.116244479,42.4021445500001
20064,9977919,BROADSTREET,CORTLAND,2017-03-13,13,3,2017,12,2,5,9,,4,0,,4,5,1,25,2,2,5,5,0,0,0,0,true,,false,false,false,false,false,,,,,,false,false,false,,,false,false,false,false,false,-83.13491,42.38046,"{
  ""coordinates"": [
    -8.313491268999999e+01,
    4.238046093600010e+01
  ],
  ""type"": ""Point""
}","{
  ""coordinates"": [
    -83.13491269,
    42.380460936
  ],
  ""type"": ""Point""
}",-83.13491269,42.3804609360001