ObjectId,Crash ID,Primary Road,Intersecting Road,Crash Date,Day,Month,Year,Hour,Weekday,Crash Type Code,Highway Classification Code,Community Code,Jurisdiction Code,Lane Departure Type Code,Surface Type,Road Condition,Weather Condition,Lighting Condition,Speed Limit,Lanes,Units,Occupants,Most Severe Injury,Fatal Injuries,Suspected Serious Injuries,Suspected Minor Injuries,Possible Injuries,Property Damage Only,Secondary Crash,Traffic Control,Red Light Run,Hit and Run,Alcohol,Drugs,Unbelted Person,Work Zone,Speeding Driver,Distracted Driver,Driveway,Pedestrian,Elderly Driver,Young Driver,Commercial Vehicle,Emergency Vehicles,Train,School Bus,Motorcycle,Bicycle,Deer,Longitude,Latitude,geom,geog,x,y
20179,9975723,MOUND,7 MILE,2017-03-12,12,3,2017,15,1,6,9,,2,0,,1,1,1,35,3,2,3,5,0,0,0,0,true,,false,false,false,false,false,,,,,,false,false,true,,,false,false,false,false,false,-83.04381,42.4333,"{
  ""coordinates"": [
    -8.304380524000000e+01,
    4.243329641400000e+01
  ],
  ""type"": ""Point""
}","{
  ""coordinates"": [
    -83.04380524,
    42.433296414
  ],
  ""type"": ""Point""
}",-83.04380524,42.433296414
20180,9974410,N M 10,E M 8,2017-03-12,12,3,2017,21,1,1,3,,1,1,,1,1,4,55,3,1,2,3,0,0,1,1,false,,false,false,false,false,false,,,,,,false,false,false,,,false,false,false,false,false,-83.1097,42.39826,"{
  ""coordinates"": [
    -8.310969391200000e+01,
    4.239826185400010e+01
  ],
  ""type"": ""Point""
}","{
  ""coordinates"": [
    -83.109693912,
    42.398261854
  ],
  ""type"": ""Point""
}",-83.109693912,42.3982618540001
20181,9974457,I-96,EVERGREEN,2017-03-12,12,3,2017,16,1,97,1,,1,0,,1,1,1,35,2,3,1,5,0,0,0,0,true,,false,false,false,false,false,,,,,,false,false,false,,,false,false,false,false,false,-83.23669,42.38029,"{
  ""coordinates"": [
    -8.323668352700000e+01,
    4.238029277400010e+01
  ],
  ""type"": ""Point""
}","{
  ""coordinates"": [
    -83.236683527,
    42.380292774
  ],
  ""type"": ""Point""
}",-83.236683527,42.3802927740001
20182,9974466,8 MILE,GRANDVILLE,2017-03-12,12,3,2017,11,1,4,3,,1,0,,1,1,1,45,4,2,3,4,0,0,0,1,false,,false,false,false,false,false,,,,,,false,false,false,,,false,false,false,false,false,-83.23305,42.44389,"{
  ""coordinates"": [
    -8.323304474400000e+01,
    4.244389224700010e+01
  ],
  ""type"": ""Point""
}","{
  ""coordinates"": [
    -83.233044744,
    42.443892247
  ],
  ""type"": ""Point""
}",-83.233044744,42.4438922470001
20183,9974415,N M 10,LINWOOD,2017-03-12,12,3,2017,19,1,1,3,,1,0,,1,1,1,55,3,1,1,5,0,0,0,0,true,,false,false,false,false,false,,,,,,false,false,false,,,false,false,false,false,false,-83.12737,42.40522,"{
  ""coordinates"": [
    -8.312736772200000e+01,
    4.240522513500010e+01
  ],
  ""type"": ""Point""
}","{
  ""coordinates"": [
    -83.127367722,
    42.405225135
  ],
  ""type"": ""Point""
}",-83.127367722,42.4052251350001
20184,9976805,GRAND,GRAND RIVER,2017-03-12,12,3,2017,9,1,8,3,,4,0,,1,1,1,35,4,2,2,5,0,0,0,0,true,,false,false,false,false,false,,,,,,false,true,false,,,false,false,false,false,false,-83.10928,42.35673,"{
  ""coordinates"": [
    -8.310928623699991e+01,
    4.235672935000010e+01
  ],
  ""type"": ""Point""
}","{
  ""coordinates"": [
    -83.109286237,
    42.35672935
  ],
  ""type"": ""Point""
}",-83.1092862369999,42.3567293500001
20185,9974460,GRAND,PRESTON,2017-03-12,12,3,2017,8,1,8,9,,4,0,,1,1,1,25,1,2,1,5,0,0,0,0,true,,false,false,false,false,false,,,,,,false,false,false,,,false,false,false,false,false,-83.01285,42.36374,"{
  ""coordinates"": [
    -8.301285059600001e+01,
    4.236373445600000e+01
  ],
  ""type"": ""Point""
}","{
  ""coordinates"": [
    -83.012850596,
    42.363734456
  ],
  ""type"": ""Point""
}",-83.012850596,42.363734456
20186,9974605,TELEGRAPH,MCNICHOLS,2017-03-12,12,3,2017,22,1,1,2,,1,1,,1,1,4,45,8,1,1,5,0,0,0,0,true,,false,false,false,false,false,,,,,,false,false,false,,,false,false,false,false,false,-83.27696,42.41451,"{
  ""coordinates"": [
    -8.327696177000000e+01,
    4.241451246300010e+01
  ],
  ""type"": ""Point""
}","{
  ""coordinates"": [
    -83.27696177,
    42.414512463
  ],
  ""type"": ""Point""
}",-83.27696177,42.4145124630001
20187,9980183,FENKELL,LAHSER,2017-03-12,12,3,2017,14,1,8,9,,2,0,,1,1,1,0,2,2,2,5,0,0,0,0,true,,false,false,true,false,false,,,,,,false,true,false,,,false,false,false,false,false,-83.25655,42.4003,"{
  ""coordinates"": [
    -8.325655501300000e+01,
    4.240029863900000e+01
  ],
  ""type"": ""Point""
}","{
  ""coordinates"": [
    -83.256555013,
    42.400298639
  ],
  ""type"": ""Point""
}",-83.256555013,42.400298639
20188,1001302,CURTIS,MEYERS,2017-03-12,12,3,2017,20,1,5,9,,4,0,,1,2,4,30,1,2,2,5,0,0,0,0,true,,false,false,false,false,false,,,,,,false,true,true,,,false,false,false,false,false,-83.17043,42.424,"{
  ""coordinates"": [
    -8.317043403400000e+01,
    4.242399990200000e+01
  ],
  ""type"": ""Point""
}","{
  ""coordinates"": [
    -83.170434034,
    42.423999902
  ],
  ""type"": ""Point""
}",-83.170434034,42.423999902
20189,9981370,STOEPEL,DOVER,2017-03-12,12,3,2017,21,1,4,9,,,0,,1,1,4,25,2,2,2,1,1,0,0,1,false,,false,false,true,true,true,,,,,,false,false,true,,,false,false,false,false,false,-83.13959,42.36088,"{
  ""coordinates"": [
    -8.313958828499990e+01,
    4.236088231700010e+01
  ],
  ""type"": ""Point""
}","{
  ""coordinates"": [
    -83.139588285,
    42.360882317
  ],
  ""type"": ""Point""
}",-83.1395882849999,42.3608823170001
20190,9975722,JOHN R,EMERY,2017-03-12,12,3,2017,12,1,2,9,,4,2,,1,1,1,30,4,2,3,4,0,0,0,3,false,,false,false,false,false,false,,,,,,false,false,false,,,false,false,false,false,false,-83.10251,42.43673,"{
  ""coordinates"": [
    -8.310250539000000e+01,
    4.243672405100010e+01
  ],
  ""type"": ""Point""
}","{
  ""coordinates"": [
    -83.10250539,
    42.436724051
  ],
  ""type"": ""Point""
}",-83.10250539,42.4367240510001
20191,9974489,HAYES,HOUSTON WHITTIER,2017-03-12,12,3,2017,0,1,5,9,,4,0,,1,1,4,30,6,2,3,5,0,0,0,0,true,,false,false,false,false,false,,,,,,false,false,true,,,false,false,false,false,false,-82.96503,42.42074,"{
  ""coordinates"": [
    -8.296502894100000e+01,
    4.242073806100010e+01
  ],
  ""type"": ""Point""
}","{
  ""coordinates"": [
    -82.965028941,
    42.420738061
  ],
  ""type"": ""Point""
}",-82.965028941,42.4207380610001
20192,9974456,WARREN,MONTROSE,2017-03-12,12,3,2017,15,1,3,9,,2,0,,1,1,1,35,4,2,2,5,0,0,0,0,true,,false,false,true,false,false,,,,,,false,false,false,,,false,false,false,false,false,-83.19906,42.34364,"{
  ""coordinates"": [
    -8.319906190499999e+01,
    4.234363591000000e+01
  ],
  ""type"": ""Point""
}","{
  ""coordinates"": [
    -83.199061905,
    42.34363591
  ],
  ""type"": ""Point""
}",-83.199061905,42.34363591
20193,9974472,SCHOENHERR,LAPPIN,2017-03-12,12,3,2017,13,1,5,9,,4,0,,1,1,1,30,4,2,4,5,0,0,0,0,true,,false,false,true,false,false,,,,,,false,false,false,,,false,false,false,false,false,-82.9852,42.43698,"{
  ""coordinates"": [
    -8.298520230000000e+01,
    4.243697687400000e+01
  ],
  ""type"": ""Point""
}","{
  ""coordinates"": [
    -82.9852023,
    42.436976874
  ],
  ""type"": ""Point""
}",-82.9852023,42.436976874
20194,9974451,W I 94,GRATIOT,2017-03-12,12,3,2017,17,1,8,1,,1,0,,1,1,1,55,3,2,1,5,0,0,0,0,true,,false,false,true,false,false,,,,,,false,false,true,,,false,false,false,false,false,-83.00609,42.39159,"{
  ""coordinates"": [
    -8.300608468800000e+01,
    4.239158622900000e+01
  ],
  ""type"": ""Point""
}","{
  ""coordinates"": [
    -83.006084688,
    42.391586229
  ],
  ""type"": ""Point""
}",-83.006084688,42.391586229
20195,9975676,S I 375,LARNED,2017-03-12,12,3,2017,21,1,4,1,,1,0,,1,1,4,25,3,2,4,5,0,0,0,0,true,,true,true,false,false,false,,,,,,false,false,true,,,false,false,false,false,false,-83.0364,42.33332,"{
  ""coordinates"": [
    -8.303639953500000e+01,
    4.233331767800010e+01
  ],
  ""type"": ""Point""
}","{
  ""coordinates"": [
    -83.036399535,
    42.333317678
  ],
  ""type"": ""Point""
}",-83.036399535,42.3333176780001
20196,9983880,ALTER,KERCHEVAL,2017-03-12,12,3,2017,6,1,8,9,,4,0,,1,1,4,35,2,2,1,5,0,0,0,0,true,,false,false,false,false,false,,,,,,false,false,false,,,false,false,false,false,false,-82.94296,42.38008,"{
  ""coordinates"": [
    -8.294296304499990e+01,
    4.238007546000010e+01
  ],
  ""type"": ""Point""
}","{
  ""coordinates"": [
    -82.942963045,
    42.38007546
  ],
  ""type"": ""Point""
}",-82.9429630449999,42.3800754600001
20197,9974433,MC GRAW,LIVERNOIS,2017-03-12,12,3,2017,13,1,4,9,,4,0,,1,1,1,30,2,2,1,5,0,0,0,0,true,,false,false,false,false,false,,,,,,false,true,false,,,false,false,false,false,false,-83.12741,42.34083,"{
  ""coordinates"": [
    -8.312741214899999e+01,
    4.234082884400000e+01
  ],
  ""type"": ""Point""
}","{
  ""coordinates"": [
    -83.127412149,
    42.340828844
  ],
  ""type"": ""Point""
}",-83.127412149,42.340828844
20198,9974454,CHANDLER PARK,OUTER,2017-03-11,11,3,2017,19,7,4,9,,2,0,,1,1,4,30,4,2,2,5,0,0,0,0,true,,false,false,true,false,false,,,,,,false,false,true,,,false,false,false,false,false,-82.95787,42.40181,"{
  ""coordinates"": [
    -8.295787295299991e+01,
    4.240181046100000e+01
  ],
  ""type"": ""Point""
}","{
  ""coordinates"": [
    -82.957872953,
    42.401810461
  ],
  ""type"": ""Point""
}",-82.9578729529999,42.401810461
20199,9983826,I-94,BRUSH,2017-03-11,11,3,2017,11,7,8,1,,1,0,,1,1,1,55,3,2,3,5,0,0,0,0,true,,false,false,false,false,false,,,,,,false,false,false,,,false,false,false,false,false,-83.06321,42.36628,"{
  ""coordinates"": [
    -8.306320826099990e+01,
    4.236627443200010e+01
  ],
  ""type"": ""Point""
}","{
  ""coordinates"": [
    -83.063208261,
    42.366274432
  ],
  ""type"": ""Point""
}",-83.0632082609999,42.3662744320001
20200,9974429,ROSA PARKS,MICHIGAN,2017-03-11,11,3,2017,23,7,97,2,,4,0,,1,2,4,35,2,2,0,3,0,0,1,0,false,,false,false,true,false,false,,,,,,true,false,false,,,false,false,false,false,false,-83.07185,42.33152,"{
  ""coordinates"": [
    -8.307184520000000e+01,
    4.233152076900010e+01
  ],
  ""type"": ""Point""
}","{
  ""coordinates"": [
    -83.0718452,
    42.331520769
  ],
  ""type"": ""Point""
}",-83.0718452,42.3315207690001
20201,9991924,GREENVIEW,WHITLOCK,2017-03-11,11,3,2017,11,7,4,9,,,0,,1,1,1,25,2,2,5,4,0,0,0,1,false,,false,false,true,false,false,,,,,,false,false,false,,,false,false,false,false,false,-83.22186,42.33969,"{
  ""coordinates"": [
    -8.322186352499990e+01,
    4.233968984200000e+01
  ],
  ""type"": ""Point""
}","{
  ""coordinates"": [
    -83.221863525,
    42.339689842
  ],
  ""type"": ""Point""
}",-83.2218635249999,42.339689842
20202,9973558,OUTER,SCHAEFER,2017-03-11,11,3,2017,5,7,4,9,,2,0,,1,1,5,35,2,2,1,5,0,0,0,0,true,,false,false,true,false,false,,,,,,false,false,false,,,false,false,false,false,false,-83.18035,42.42031,"{
  ""coordinates"": [
    -8.318035126500000e+01,
    4.242030959700000e+01
  ],
  ""type"": ""Point""
}","{
  ""coordinates"": [
    -83.180351265,
    42.420309597
  ],
  ""type"": ""Point""
}",-83.180351265,42.420309597
20203,9982293,ROSSINI,HOYT,2017-03-11,11,3,2017,14,7,4,9,,,0,,1,1,1,25,4,2,2,5,0,0,0,0,true,,false,false,false,false,false,,,,,,false,false,false,,,false,false,false,false,false,-82.9808,42.4432,"{
  ""coordinates"": [
    -8.298080184600001e+01,
    4.244320313200010e+01
  ],
  ""type"": ""Point""
}","{
  ""coordinates"": [
    -82.980801846,
    42.443203132
  ],
  ""type"": ""Point""
}",-82.980801846,42.4432031320001
20204,9980223,DAVISON CROSSOVER,LIVERNOIS,2017-03-11,11,3,2017,10,7,4,3,,1,0,,1,1,1,35,6,2,2,5,0,0,0,0,true,,false,false,false,false,false,,,,,,false,false,false,,,false,false,false,false,false,-83.13953,42.3865,"{
  ""coordinates"": [
    -8.313953606299999e+01,
    4.238649928100010e+01
  ],
  ""type"": ""Point""
}","{
  ""coordinates"": [
    -83.139536063,
    42.386499281
  ],
  ""type"": ""Point""
}",-83.139536063,42.3864992810001
20205,9982264,I-75,NEVADA,2017-03-11,11,3,2017,15,7,8,1,,1,0,,1,1,1,70,4,4,3,5,0,0,0,0,true,,false,false,true,false,false,,,,,,false,false,true,,,false,false,false,false,false,-83.09292,42.42457,"{
  ""coordinates"": [
    -8.309291552799991e+01,
    4.242456642900000e+01
  ],
  ""type"": ""Point""
}","{
  ""coordinates"": [
    -83.092915528,
    42.424566429
  ],
  ""type"": ""Point""
}",-83.0929155279999,42.424566429
20206,9974464,PURITAN,GILCHRIST,2017-03-11,11,3,2017,15,7,4,9,,4,0,,1,1,1,25,2,2,3,3,0,0,1,0,false,,false,false,false,false,false,,,,,,false,false,false,,,false,false,false,false,false,-83.21178,42.40848,"{
  ""coordinates"": [
    -8.321178495100000e+01,
    4.240847845600010e+01
  ],
  ""type"": ""Point""
}","{
  ""coordinates"": [
    -83.211784951,
    42.408478456
  ],
  ""type"": ""Point""
}",-83.211784951,42.4084784560001
20207,9980207,DICKERSON,ELMDALE,2017-03-11,11,3,2017,0,7,4,9,,4,0,,1,1,4,25,2,2,6,3,0,0,1,0,false,,true,false,false,false,false,,,,,,false,false,false,,,false,false,false,false,false,-82.97629,42.40733,"{
  ""coordinates"": [
    -8.297628459600000e+01,
    4.240732611400010e+01
  ],
  ""type"": ""Point""
}","{
  ""coordinates"": [
    -82.976284596,
    42.407326114
  ],
  ""type"": ""Point""
}",-82.976284596,42.4073261140001
20208,9987051,RAMP 012A,N M 39,2017-03-11,11,3,2017,22,7,8,3,,1,0,,1,1,4,55,1,2,2,5,0,0,0,0,true,,false,false,true,false,false,,,,,,false,false,false,,,false,false,false,false,false,-83.21957,42.44049,"{
  ""coordinates"": [
    -8.321956864299990e+01,
    4.244049201800000e+01
  ],
  ""type"": ""Point""
}","{
  ""coordinates"": [
    -83.219568643,
    42.440492018
  ],
  ""type"": ""Point""
}",-83.2195686429999,42.440492018
20209,9983796,I-94,ROSA,2017-03-11,11,3,2017,17,7,5,1,,1,0,,1,2,1,55,3,2,4,5,0,0,0,0,true,,false,false,false,false,false,,,,,,false,false,false,,,false,false,false,false,false,-83.08349,42.35516,"{
  ""coordinates"": [
    -8.308348482299991e+01,
    4.235516323500010e+01
  ],
  ""type"": ""Point""
}","{
  ""coordinates"": [
    -83.083484823,
    42.355163235
  ],
  ""type"": ""Point""
}",-83.0834848229999,42.3551632350001
20210,9982266,I-94,TRUMBULL,2017-03-11,11,3,2017,14,7,8,1,,1,0,,1,1,1,55,3,2,6,4,0,0,0,1,false,,false,false,false,false,false,,,,,,false,false,false,,,false,false,false,false,false,-83.0813,42.35589,"{
  ""coordinates"": [
    -8.308130262899989e+01,
    4.235588878700000e+01
  ],
  ""type"": ""Point""
}","{
  ""coordinates"": [
    -83.081302629,
    42.355888787
  ],
  ""type"": ""Point""
}",-83.0813026289999,42.355888787
20211,9973559,PLYMOUTH,GREENFIELD,2017-03-11,11,3,2017,11,7,3,9,,4,0,,1,1,1,35,4,2,2,4,0,0,0,1,false,,false,false,false,false,false,,,,,,false,true,false,,,false,false,false,false,false,-83.19756,42.37257,"{
  ""coordinates"": [
    -8.319755609600000e+01,
    4.237256648100000e+01
  ],
  ""type"": ""Point""
}","{
  ""coordinates"": [
    -83.197556096,
    42.372566481
  ],
  ""type"": ""Point""
}",-83.197556096,42.372566481
20212,9973510,TIREMAN,SCHAEFER,2017-03-11,11,3,2017,15,7,4,9,,2,0,,1,1,1,35,5,2,2,5,0,0,0,0,true,,false,false,false,false,false,,,,,,false,true,false,,,false,false,false,false,false,-83.17718,42.35129,"{
  ""coordinates"": [
    -8.317717955900000e+01,
    4.235129066100010e+01
  ],
  ""type"": ""Point""
}","{
  ""coordinates"": [
    -83.177179559,
    42.351290661
  ],
  ""type"": ""Point""
}",-83.177179559,42.3512906610001
20213,9973488,S I 375,RAMP 041G,2017-03-11,11,3,2017,18,7,8,1,,1,0,,1,1,4,55,3,2,3,5,0,0,0,0,true,,false,false,false,false,false,,,,,,false,false,true,,,false,false,false,false,false,-83.04448,42.3454,"{
  ""coordinates"": [
    -8.304448060999989e+01,
    4.234539655300010e+01
  ],
  ""type"": ""Point""
}","{
  ""coordinates"": [
    -83.04448061,
    42.345396553
  ],
  ""type"": ""Point""
}",-83.0444806099999,42.3453965530001
20214,9973520,HANCOCK,WOODWARD,2017-03-11,11,3,2017,1,7,8,3,,,0,,1,1,4,25,2,2,1,5,0,0,0,0,true,,false,false,true,false,false,,,,,,false,false,false,,,false,false,false,false,false,-83.06347,42.35588,"{
  ""coordinates"": [
    -8.306347067400000e+01,
    4.235588464300000e+01
  ],
  ""type"": ""Point""
}","{
  ""coordinates"": [
    -83.063470674,
    42.355884643
  ],
  ""type"": ""Point""
}",-83.063470674,42.355884643
20215,9981408,MCNICHOLS,WOODINGHAM,2017-03-11,11,3,2017,14,7,8,9,,4,0,,1,1,1,25,1,2,1,5,0,0,0,0,true,,false,false,true,false,false,,,,,,false,false,true,,,false,false,false,false,false,-83.14996,42.41711,"{
  ""coordinates"": [
    -8.314995320600001e+01,
    4.241711573000000e+01
  ],
  ""type"": ""Point""
}","{
  ""coordinates"": [
    -83.149953206,
    42.41711573
  ],
  ""type"": ""Point""
}",-83.149953206,42.41711573
20216,9982272,I-94,GRAND RIVER,2017-03-11,11,3,2017,14,7,1,1,,1,1,,1,1,1,55,3,1,1,5,0,0,0,0,true,,false,false,false,false,false,,,,,,false,false,true,,,false,false,false,false,false,-83.09727,42.35069,"{
  ""coordinates"": [
    -8.309727062199990e+01,
    4.235068329700000e+01
  ],
  ""type"": ""Point""
}","{
  ""coordinates"": [
    -83.097270622,
    42.350683297
  ],
  ""type"": ""Point""
}",-83.0972706219999,42.350683297
20217,9974424,TELEGRAPH,SEVEN MILE,2017-03-11,11,3,2017,15,7,5,2,,1,0,,1,1,1,35,6,2,1,5,0,0,0,0,true,,false,false,false,false,false,,,,,,false,true,false,,,false,false,false,false,false,-83.27799,42.42902,"{
  ""coordinates"": [
    -8.327799101200000e+01,
    4.242902053100000e+01
  ],
  ""type"": ""Point""
}","{
  ""coordinates"": [
    -83.277991012,
    42.429020531
  ],
  ""type"": ""Point""
}",-83.277991012,42.429020531
20218,9973525,PALLISTER,JOHN C LODGE SERVICE,2017-03-11,11,3,2017,22,7,97,3,,1,0,,1,1,4,0,2,2,2,5,0,0,0,0,true,,true,false,false,false,false,,,,,,false,false,false,,,false,false,false,false,false,-83.08514,42.37176,"{
  ""coordinates"": [
    -8.308513713799989e+01,
    4.237175728100000e+01
  ],
  ""type"": ""Point""
}","{
  ""coordinates"": [
    -83.085137138,
    42.371757281
  ],
  ""type"": ""Point""
}",-83.0851371379999,42.371757281
20219,9973527,2ND,HENRY,2017-03-11,11,3,2017,12,7,98,9,,4,0,,1,1,1,25,3,2,4,5,0,0,0,0,true,,false,false,false,false,false,,,,,,false,false,false,,,false,false,false,false,false,-83.05928,42.33842,"{
  ""coordinates"": [
    -8.305927896700000e+01,
    4.233842026900000e+01
  ],
  ""type"": ""Point""
}","{
  ""coordinates"": [
    -83.059278967,
    42.338420269
  ],
  ""type"": ""Point""
}",-83.059278967,42.338420269
20220,9973543,OUTER,MACK,2017-03-11,11,3,2017,9,7,4,9,,2,0,,1,1,1,35,2,2,2,5,0,0,0,0,true,,false,false,false,false,false,,,,,,false,false,true,,,false,false,false,false,false,-82.9297,42.39344,"{
  ""coordinates"": [
    -8.292969368099990e+01,
    4.239344248500000e+01
  ],
  ""type"": ""Point""
}","{
  ""coordinates"": [
    -82.929693681,
    42.393442485
  ],
  ""type"": ""Point""
}",-82.9296936809999,42.393442485
20221,1018498,DEXTER,DAVISON,2017-03-11,11,3,2017,2,7,5,3,,4,0,,1,1,5,35,6,2,2,5,0,0,0,0,true,,false,false,true,false,false,,,,,,false,false,false,,,false,false,false,false,false,-83.13087,42.38975,"{
  ""coordinates"": [
    -8.313086805400000e+01,
    4.238974974100010e+01
  ],
  ""type"": ""Point""
}","{
  ""coordinates"": [
    -83.130868054,
    42.389749741
  ],
  ""type"": ""Point""
}",-83.130868054,42.3897497410001
20222,9973562,SOUTHFIELD SERVICE DRIVE,GLENDALE,2017-03-11,11,3,2017,0,7,1,9,,4,1,,1,1,4,35,2,1,0,3,0,0,1,0,false,,false,false,false,false,false,,,,,,false,false,false,,,false,false,false,false,false,-83.21696,42.38226,"{
  ""coordinates"": [
    -8.321696542599990e+01,
    4.238226493500010e+01
  ],
  ""type"": ""Point""
}","{
  ""coordinates"": [
    -83.216965426,
    42.382264935
  ],
  ""type"": ""Point""
}",-83.2169654259999,42.3822649350001
20223,9973610,SEVEN MILE,ROSEMONT,2017-03-11,11,3,2017,10,7,6,9,,2,0,,1,1,1,35,4,2,6,4,0,0,0,3,false,,false,false,true,false,false,,,,,,false,false,false,,,false,false,false,false,false,-83.22166,42.42997,"{
  ""coordinates"": [
    -8.322165827100000e+01,
    4.242997320700000e+01
  ],
  ""type"": ""Point""
}","{
  ""coordinates"": [
    -83.221658271,
    42.429973207
  ],
  ""type"": ""Point""
}",-83.221658271,42.429973207
20224,9973509,MEYERS,PLYMOUTH,2017-03-11,11,3,2017,13,7,4,9,,4,0,,1,1,1,30,5,2,3,3,0,0,1,1,false,,false,false,false,false,false,,,,,,false,false,true,,,false,false,false,false,false,-83.16815,42.37326,"{
  ""coordinates"": [
    -8.316815182900000e+01,
    4.237326588700010e+01
  ],
  ""type"": ""Point""
}","{
  ""coordinates"": [
    -83.168151829,
    42.373265887
  ],
  ""type"": ""Point""
}",-83.168151829,42.3732658870001
20225,9981409,MCNICHOLS,GREENLAWN,2017-03-11,11,3,2017,3,7,5,9,,4,0,,98,98,4,30,4,2,2,4,0,0,0,1,false,,false,false,false,false,false,,,,,,false,false,false,,,false,false,false,false,false,-83.15116,42.41711,"{
  ""coordinates"": [
    -8.315116158799999e+01,
    4.241710486200000e+01
  ],
  ""type"": ""Point""
}","{
  ""coordinates"": [
    -83.151161588,
    42.417104862
  ],
  ""type"": ""Point""
}",-83.151161588,42.417104862
20226,9973513,GRAND RIVER,PATTON,2017-03-11,11,3,2017,16,7,5,3,,1,0,,1,1,1,35,7,2,2,5,0,0,0,0,true,,false,false,true,false,false,,,,,,false,true,false,,,false,false,false,false,false,-83.24393,42.41101,"{
  ""coordinates"": [
    -8.324392418500000e+01,
    4.241101118400010e+01
  ],
  ""type"": ""Point""
}","{
  ""coordinates"": [
    -83.243924185,
    42.411011184
  ],
  ""type"": ""Point""
}",-83.243924185,42.4110111840001
20227,9974488,OUTER,MT ELLIOTT,2017-03-11,11,3,2017,14,7,4,9,,2,0,,1,1,1,35,2,2,6,4,0,0,0,1,false,,true,true,true,false,false,,,,,,false,false,false,,,false,false,false,false,false,-83.03892,42.44085,"{
  ""coordinates"": [
    -8.303891508399990e+01,
    4.244084398400000e+01
  ],
  ""type"": ""Point""
}","{
  ""coordinates"": [
    -83.038915084,
    42.440843984
  ],
  ""type"": ""Point""
}",-83.0389150839999,42.440843984
20228,9973560,WARREN,RUTHERFORD,2017-03-11,11,3,2017,14,7,97,9,,2,0,,1,1,1,35,5,2,1,5,0,0,0,0,true,,false,false,false,false,false,,,,,,false,false,false,,,false,false,false,false,false,-83.20116,42.34361,"{
  ""coordinates"": [
    -8.320115429799991e+01,
    4.234360935700000e+01
  ],
  ""type"": ""Point""
}","{
  ""coordinates"": [
    -83.201154298,
    42.343609357
  ],
  ""type"": ""Point""
}",-83.2011542979999,42.343609357
20229,9973522,MICHIGAN,CASS,2017-03-11,11,3,2017,8,7,4,2,,1,0,,1,1,1,30,8,2,2,5,0,0,0,0,true,,false,false,false,false,false,,,,,,false,false,true,,,false,false,false,false,false,-83.05266,42.33168,"{
  ""coordinates"": [
    -8.305265881199990e+01,
    4.233167956700000e+01
  ],
  ""type"": ""Point""
}","{
  ""coordinates"": [
    -83.052658812,
    42.331679567
  ],
  ""type"": ""Point""
}",-83.0526588119999,42.331679567
20230,9976815,OUTER,ROUGE PARK,2017-03-11,11,3,2017,20,7,1,9,,2,1,,1,1,3,25,4,1,0,5,0,0,0,0,true,,false,false,false,false,false,,,,,,false,false,false,,,false,false,false,false,false,-83.261,42.37614,"{
  ""coordinates"": [
    -8.326100049099990e+01,
    4.237613589200000e+01
  ],
  ""type"": ""Point""
}","{
  ""coordinates"": [
    -83.261000491,
    42.376135892
  ],
  ""type"": ""Point""
}",-83.2610004909999,42.376135892
20231,9973573,MINOCK,WARREN,2017-03-11,11,3,2017,17,7,97,9,,,0,,1,1,1,25,2,3,1,5,0,0,0,0,true,,false,false,false,false,false,,,,,,false,true,true,,,false,false,false,false,false,-83.23173,42.34359,"{
  ""coordinates"": [
    -8.323172472200000e+01,
    4.234359478400010e+01
  ],
  ""type"": ""Point""
}","{
  ""coordinates"": [
    -83.231724722,
    42.343594784
  ],
  ""type"": ""Point""
}",-83.231724722,42.3435947840001
20232,9983827,I-75,8 MILE,2017-03-11,11,3,2017,16,7,8,1,,1,0,,1,1,1,70,4,2,3,5,0,0,0,0,true,,false,false,false,false,false,,,,,,false,false,true,,,false,false,false,false,false,-83.09488,42.44571,"{
  ""coordinates"": [
    -8.309488152800000e+01,
    4.244571256400010e+01
  ],
  ""type"": ""Point""
}","{
  ""coordinates"": [
    -83.094881528,
    42.445712564
  ],
  ""type"": ""Point""
}",-83.094881528,42.4457125640001
20233,9982265,S M 10,LIVERNOIS,2017-03-11,11,3,2017,14,7,1,3,,1,1,,1,1,1,55,3,1,2,4,0,0,0,1,false,,false,false,false,false,false,,,,,,false,false,false,,,false,false,false,false,false,-83.14048,42.40481,"{
  ""coordinates"": [
    -8.314048032100000e+01,
    4.240481165600000e+01
  ],
  ""type"": ""Point""
}","{
  ""coordinates"": [
    -83.140480321,
    42.404811656
  ],
  ""type"": ""Point""
}",-83.140480321,42.404811656
20234,9973602,DAVISON CROSSOVER,LAWTON,2017-03-11,11,3,2017,11,7,5,3,,1,0,,1,1,1,35,2,2,2,5,0,0,0,0,true,,false,false,false,false,false,,,,,,false,false,true,,,false,false,false,false,false,-83.12517,42.39186,"{
  ""coordinates"": [
    -8.312517138699999e+01,
    4.239185618600000e+01
  ],
  ""type"": ""Point""
}","{
  ""coordinates"": [
    -83.125171387,
    42.391856186
  ],
  ""type"": ""Point""
}",-83.125171387,42.391856186
20235,9974432,MICHIGAN,LONYO,2017-03-11,11,3,2017,14,7,97,2,,1,3,,1,1,1,35,5,3,2,5,0,0,0,0,true,,false,false,false,false,false,,,,,,false,false,false,,,false,false,false,false,false,-83.14455,42.33044,"{
  ""coordinates"": [
    -8.314455750600000e+01,
    4.233043938800010e+01
  ],
  ""type"": ""Point""
}","{
  ""coordinates"": [
    -83.144557506,
    42.330439388
  ],
  ""type"": ""Point""
}",-83.144557506,42.3304393880001