ObjectId,Crash ID,Primary Road,Intersecting Road,Crash Date,Day,Month,Year,Hour,Weekday,Crash Type Code,Highway Classification Code,Community Code,Jurisdiction Code,Lane Departure Type Code,Surface Type,Road Condition,Weather Condition,Lighting Condition,Speed Limit,Lanes,Units,Occupants,Most Severe Injury,Fatal Injuries,Suspected Serious Injuries,Suspected Minor Injuries,Possible Injuries,Property Damage Only,Secondary Crash,Traffic Control,Red Light Run,Hit and Run,Alcohol,Drugs,Unbelted Person,Work Zone,Speeding Driver,Distracted Driver,Driveway,Pedestrian,Elderly Driver,Young Driver,Commercial Vehicle,Emergency Vehicles,Train,School Bus,Motorcycle,Bicycle,Deer,Longitude,Latitude,geom,geog,x,y
20236,9973572,VASSER,BENTLER,2017-03-11,11,3,2017,2,7,10,9,,,0,,1,1,4,25,3,2,2,5,0,0,0,0,true,,false,false,false,false,false,,,,,,false,false,true,,,false,false,false,false,false,-83.25286,42.43286,"{
  ""coordinates"": [
    -8.325285808699989e+01,
    4.243285864400010e+01
  ],
  ""type"": ""Point""
}","{
  ""coordinates"": [
    -83.252858087,
    42.432858644
  ],
  ""type"": ""Point""
}",-83.2528580869999,42.4328586440001
20237,9973502,VAN DYKE,GRATIOT,2017-03-11,11,3,2017,11,7,8,3,,1,0,,1,1,1,25,2,2,2,5,0,0,0,0,true,,false,false,false,false,false,,,,,,false,false,true,,,false,false,false,false,false,-83.0147,42.37885,"{
  ""coordinates"": [
    -8.301470205699999e+01,
    4.237885465500010e+01
  ],
  ""type"": ""Point""
}","{
  ""coordinates"": [
    -83.014702057,
    42.378854655
  ],
  ""type"": ""Point""
}",-83.014702057,42.3788546550001
20238,9974450,STATE FAIR,BOULDER,2017-03-11,11,3,2017,14,7,3,9,,5,0,,1,1,1,25,2,2,3,5,0,0,0,0,true,,false,false,false,false,false,,,,,,false,false,true,,,false,false,false,false,false,-82.95354,42.44291,"{
  ""coordinates"": [
    -8.295353914000000e+01,
    4.244290953600010e+01
  ],
  ""type"": ""Point""
}","{
  ""coordinates"": [
    -82.95353914,
    42.442909536
  ],
  ""type"": ""Point""
}",-82.95353914,42.4429095360001
20239,9974437,ANNABELLE,VISGER,2017-03-11,11,3,2017,11,7,4,9,,,0,,1,1,1,30,4,2,2,5,0,0,0,0,true,,false,false,false,false,false,,,,,,false,true,false,,,false,false,false,false,false,-83.15746,42.26651,"{
  ""coordinates"": [
    -8.315745439400000e+01,
    4.226651103100010e+01
  ],
  ""type"": ""Point""
}","{
  ""coordinates"": [
    -83.157454394,
    42.266511031
  ],
  ""type"": ""Point""
}",-83.157454394,42.2665110310001
20240,9973617,BEAUBIEN,LAFAYETTE,2017-03-11,11,3,2017,18,7,8,9,,4,0,,1,1,1,25,1,2,4,5,0,0,0,0,true,,false,false,false,false,false,,,,,,false,true,false,,,false,false,false,false,false,-83.04199,42.334,"{
  ""coordinates"": [
    -8.304199097999999e+01,
    4.233400397700010e+01
  ],
  ""type"": ""Point""
}","{
  ""coordinates"": [
    -83.04199098,
    42.334003977
  ],
  ""type"": ""Point""
}",-83.04199098,42.3340039770001
20241,9974434,FORT,OUTER,2017-03-11,11,3,2017,14,7,4,3,,1,0,,1,1,1,35,3,2,2,5,0,0,0,0,true,,true,true,false,false,false,,,,,,false,false,false,,,false,false,false,false,false,-83.16708,42.26252,"{
  ""coordinates"": [
    -8.316707561600001e+01,
    4.226251807900010e+01
  ],
  ""type"": ""Point""
}","{
  ""coordinates"": [
    -83.167075616,
    42.262518079
  ],
  ""type"": ""Point""
}",-83.167075616,42.2625180790001
20242,9973606,WILDEMERE,WAVERLY,2017-03-11,11,3,2017,11,7,97,9,,,0,,1,1,1,25,1,2,3,5,0,0,0,0,true,,false,false,true,false,false,,,,,,false,false,false,,,false,false,false,false,false,-83.12699,42.39037,"{
  ""coordinates"": [
    -8.312698981299999e+01,
    4.239036429800010e+01
  ],
  ""type"": ""Point""
}","{
  ""coordinates"": [
    -83.126989813,
    42.390364298
  ],
  ""type"": ""Point""
}",-83.126989813,42.3903642980001
20243,9973539,LAKEWOOD,SCRIPPS,2017-03-11,11,3,2017,5,7,1,9,,5,0,,1,1,4,25,2,1,0,5,0,0,0,0,true,,false,false,false,false,false,,,,,,false,false,false,,,false,false,false,false,false,-82.93771,42.36014,"{
  ""coordinates"": [
    -8.293771253100000e+01,
    4.236014336300010e+01
  ],
  ""type"": ""Point""
}","{
  ""coordinates"": [
    -82.937712531,
    42.360143363
  ],
  ""type"": ""Point""
}",-82.937712531,42.3601433630001
20244,9973587,TACOMA,QUEEN,2017-03-11,11,3,2017,20,7,97,9,,,0,,1,1,4,25,1,2,1,5,0,0,0,0,true,,false,false,false,false,false,,,,,,false,false,false,,,false,false,false,false,false,-82.96855,42.44176,"{
  ""coordinates"": [
    -8.296855520799990e+01,
    4.244175888300000e+01
  ],
  ""type"": ""Point""
}","{
  ""coordinates"": [
    -82.968555208,
    42.441758883
  ],
  ""type"": ""Point""
}",-82.9685552079999,42.441758883
20245,9976856,SANTA CLARA,PENNINGTON,2017-03-11,11,3,2017,13,7,97,9,,,0,,1,1,1,0,1,2,2,5,0,0,0,0,true,,false,false,true,false,false,,,,,,false,false,false,,,false,false,false,false,false,-83.1478,42.42075,"{
  ""coordinates"": [
    -8.314780038000001e+01,
    4.242075183400000e+01
  ],
  ""type"": ""Point""
}","{
  ""coordinates"": [
    -83.14780038,
    42.420751834
  ],
  ""type"": ""Point""
}",-83.14780038,42.420751834
20246,9975763,MACK,S I 75 SERVICE DRIVE,2017-03-11,11,3,2017,13,7,5,9,,4,0,,1,1,98,35,3,2,2,5,0,0,0,0,true,,false,false,false,false,false,,,,,,false,true,false,,,false,false,false,false,false,-83.04848,42.35097,"{
  ""coordinates"": [
    -8.304848731000000e+01,
    4.235096727000010e+01
  ],
  ""type"": ""Point""
}","{
  ""coordinates"": [
    -83.04848731,
    42.35096727
  ],
  ""type"": ""Point""
}",-83.04848731,42.3509672700001
20247,9977046,JEFFERSON,LOUIS,2017-03-11,11,3,2017,23,7,1,9,,4,1,,1,1,4,35,5,1,1,5,0,0,0,0,true,,false,false,false,true,false,,,,,,false,false,false,,,false,false,false,false,false,-83.05457,42.32542,"{
  ""coordinates"": [
    -8.305456789899991e+01,
    4.232542226500000e+01
  ],
  ""type"": ""Point""
}","{
  ""coordinates"": [
    -83.054567899,
    42.325422265
  ],
  ""type"": ""Point""
}",-83.0545678989999,42.325422265
20248,9980206,OUTER,DICKERSON,2017-03-11,11,3,2017,22,7,1,9,,2,0,,1,1,4,35,2,1,1,5,0,0,0,0,true,,false,false,false,false,false,,,,,,false,false,false,,,false,false,false,false,false,-82.9796,42.41208,"{
  ""coordinates"": [
    -8.297959962800000e+01,
    4.241207784500010e+01
  ],
  ""type"": ""Point""
}","{
  ""coordinates"": [
    -82.979599628,
    42.412077845
  ],
  ""type"": ""Point""
}",-82.979599628,42.4120778450001
20249,9975669,CONGRESS,SHELBY,2017-03-11,11,3,2017,2,7,8,9,,4,0,,1,1,4,25,2,2,2,5,0,0,0,0,true,,false,false,true,false,false,,,,,,false,false,false,,,false,false,false,false,false,-83.04768,42.32941,"{
  ""coordinates"": [
    -8.304767410800000e+01,
    4.232940966700000e+01
  ],
  ""type"": ""Point""
}","{
  ""coordinates"": [
    -83.047674108,
    42.329409667
  ],
  ""type"": ""Point""
}",-83.047674108,42.329409667
20250,9980133,BALDWIN,KIRBY,2017-03-11,11,3,2017,1,7,4,9,,,0,,1,1,1,15,1,2,4,5,0,0,0,0,true,,false,false,false,false,false,,,,,,false,false,false,,,false,false,false,false,false,-83.01678,42.37825,"{
  ""coordinates"": [
    -8.301678716700000e+01,
    4.237824488100010e+01
  ],
  ""type"": ""Point""
}","{
  ""coordinates"": [
    -83.016787167,
    42.378244881
  ],
  ""type"": ""Point""
}",-83.016787167,42.3782448810001
20251,9978866,BURT,TROJAN,2017-03-11,11,3,2017,17,7,3,9,,4,0,,1,2,1,25,2,3,3,5,0,0,0,0,true,,false,false,false,false,false,,,,,,false,false,false,,,false,false,false,false,false,-83.24903,42.44061,"{
  ""coordinates"": [
    -8.324902835400000e+01,
    4.244060772400010e+01
  ],
  ""type"": ""Point""
}","{
  ""coordinates"": [
    -83.249028354,
    42.440607724
  ],
  ""type"": ""Point""
}",-83.249028354,42.4406077240001
20252,1211500,MCNICHOLS,WOODINGHAM,2017-03-11,11,3,2017,14,7,9,9,,4,0,,1,1,1,35,3,2,1,5,0,0,0,0,true,,false,false,true,false,false,,,,,,false,true,false,,,false,false,false,false,false,-83.14992,42.41711,"{
  ""coordinates"": [
    -8.314991390099991e+01,
    4.241711593500000e+01
  ],
  ""type"": ""Point""
}","{
  ""coordinates"": [
    -83.149913901,
    42.417115935
  ],
  ""type"": ""Point""
}",-83.1499139009999,42.417115935
20253,9982970,PURITAN,SOUTHFIELD SERVICE,2017-03-11,11,3,2017,13,7,1,9,,4,0,,3,8,1,30,2,1,1,4,0,0,0,1,false,,false,false,false,false,false,,,,,,false,false,false,,,false,false,false,false,false,-83.21825,42.40835,"{
  ""coordinates"": [
    -8.321824289300000e+01,
    4.240834801200000e+01
  ],
  ""type"": ""Point""
}","{
  ""coordinates"": [
    -83.218242893,
    42.408348012
  ],
  ""type"": ""Point""
}",-83.218242893,42.408348012
20254,9975704,7 MILE,ST MARY,2017-03-11,11,3,2017,15,7,8,9,,2,0,,1,1,1,35,2,2,1,5,0,0,0,0,true,,false,false,true,false,false,,,,,,false,false,false,,,false,false,false,false,false,-83.21106,42.43025,"{
  ""coordinates"": [
    -8.321105799599999e+01,
    4.243025116500010e+01
  ],
  ""type"": ""Point""
}","{
  ""coordinates"": [
    -83.211057996,
    42.430251165
  ],
  ""type"": ""Point""
}",-83.211057996,42.4302511650001
20255,9983770,E I 96,DAVISON CROSSOVER,2017-03-11,11,3,2017,13,7,5,1,,1,0,,1,1,1,55,4,2,2,4,0,0,0,1,false,,false,false,false,false,false,,,,,,false,false,false,,,false,false,false,false,false,-83.15933,42.38526,"{
  ""coordinates"": [
    -8.315932965899999e+01,
    4.238525757000010e+01
  ],
  ""type"": ""Point""
}","{
  ""coordinates"": [
    -83.159329659,
    42.38525757
  ],
  ""type"": ""Point""
}",-83.159329659,42.3852575700001
20256,9973614,PURITAN,MEYERS,2017-03-10,10,3,2017,15,6,5,9,,4,0,,1,2,1,30,2,2,2,4,0,0,0,1,false,,false,false,false,false,true,,,,,,false,false,false,,,false,false,false,false,false,-83.16984,42.40954,"{
  ""coordinates"": [
    -8.316984172399999e+01,
    4.240954009100010e+01
  ],
  ""type"": ""Point""
}","{
  ""coordinates"": [
    -83.169841724,
    42.409540091
  ],
  ""type"": ""Point""
}",-83.169841724,42.4095400910001
20257,9973542,MACK,MOROSS,2017-03-10,10,3,2017,17,6,6,9,,2,0,,1,1,1,30,2,2,1,5,0,0,0,0,true,,false,false,true,false,false,,,,,,false,false,false,,,false,false,false,false,false,-82.9108,42.417,"{
  ""coordinates"": [
    -8.291079838400000e+01,
    4.241699482400000e+01
  ],
  ""type"": ""Point""
}","{
  ""coordinates"": [
    -82.910798384,
    42.416994824
  ],
  ""type"": ""Point""
}",-82.910798384,42.416994824
20258,9973601,DAVISON CROSSOVER,LINWOOD,2017-03-10,10,3,2017,5,6,5,3,,1,0,,1,1,1,35,2,2,2,5,0,0,0,0,true,,false,false,false,false,false,,,,,,false,false,false,,,false,false,false,false,false,-83.12227,42.39293,"{
  ""coordinates"": [
    -8.312227101500000e+01,
    4.239293306200010e+01
  ],
  ""type"": ""Point""
}","{
  ""coordinates"": [
    -83.122271015,
    42.392933062
  ],
  ""type"": ""Point""
}",-83.122271015,42.3929330620001
20259,9973600,DAVISON,LIVERNOIS,2017-03-10,10,3,2017,18,6,97,3,,1,0,,1,1,5,0,6,2,3,4,0,0,0,1,false,,false,false,false,false,false,,,,,,false,true,false,,,false,false,false,false,false,-83.13953,42.3865,"{
  ""coordinates"": [
    -8.313953606299999e+01,
    4.238649928100010e+01
  ],
  ""type"": ""Point""
}","{
  ""coordinates"": [
    -83.139536063,
    42.386499281
  ],
  ""type"": ""Point""
}",-83.139536063,42.3864992810001
20260,9983765,I-75,CLAY,2017-03-10,10,3,2017,13,6,5,1,,1,0,,1,1,1,70,4,3,4,4,0,0,0,2,false,,false,false,false,false,false,,,,,,false,true,false,,,false,false,false,false,false,-83.06268,42.37805,"{
  ""coordinates"": [
    -8.306268424099990e+01,
    4.237804753000010e+01
  ],
  ""type"": ""Point""
}","{
  ""coordinates"": [
    -83.062684241,
    42.37804753
  ],
  ""type"": ""Point""
}",-83.0626842409999,42.3780475300001
20261,9973517,WARREN,COMMONWEALTH,2017-03-10,10,3,2017,9,6,8,9,,4,0,,1,2,1,30,4,2,2,5,0,0,0,0,true,,false,false,false,false,false,,,,,,false,true,true,,,false,false,false,false,false,-83.07987,42.35173,"{
  ""coordinates"": [
    -8.307987038399990e+01,
    4.235172937100000e+01
  ],
  ""type"": ""Point""
}","{
  ""coordinates"": [
    -83.079870384,
    42.351729371
  ],
  ""type"": ""Point""
}",-83.0798703839999,42.351729371
20262,9983806,M-10,JEFFERSON,2017-03-10,10,3,2017,6,6,5,3,,1,0,,1,1,4,55,3,2,0,5,0,0,0,0,true,,false,false,true,false,false,,,,,,false,false,false,,,false,false,false,false,false,-83.05032,42.32619,"{
  ""coordinates"": [
    -8.305031318000000e+01,
    4.232619089400000e+01
  ],
  ""type"": ""Point""
}","{
  ""coordinates"": [
    -83.05031318,
    42.326190894
  ],
  ""type"": ""Point""
}",-83.05031318,42.326190894
20263,9997544,8 MILE,LESURE,2017-03-10,10,3,2017,22,6,5,3,,1,0,,1,1,4,40,4,2,5,3,0,0,1,3,false,,false,false,true,false,false,,,,,,false,false,false,,,false,false,false,false,false,-83.18342,42.44515,"{
  ""coordinates"": [
    -8.318341599699990e+01,
    4.244514694700010e+01
  ],
  ""type"": ""Point""
}","{
  ""coordinates"": [
    -83.183415997,
    42.445146947
  ],
  ""type"": ""Point""
}",-83.1834159969999,42.4451469470001
20264,9973468,M-39,GRAND RIVER,2017-03-10,10,3,2017,19,6,5,3,,1,0,,1,1,5,55,3,2,2,5,0,0,0,0,true,,false,false,false,false,false,,,,,,false,false,true,,,false,false,false,false,false,-83.21788,42.39344,"{
  ""coordinates"": [
    -8.321787886800000e+01,
    4.239343888900000e+01
  ],
  ""type"": ""Point""
}","{
  ""coordinates"": [
    -83.217878868,
    42.393438889
  ],
  ""type"": ""Point""
}",-83.217878868,42.393438889
20265,9980208,7 MILE,OUTER,2017-03-10,10,3,2017,5,6,5,9,,2,0,,2,1,2,35,2,2,1,5,0,0,0,0,true,,false,false,true,false,false,,,,,,false,false,true,,,false,false,false,false,false,-83.17569,42.43118,"{
  ""coordinates"": [
    -8.317569078000000e+01,
    4.243117366500010e+01
  ],
  ""type"": ""Point""
}","{
  ""coordinates"": [
    -83.17569078,
    42.431173665
  ],
  ""type"": ""Point""
}",-83.17569078,42.4311736650001
20266,9972447,CADIEUX,CHANDLER PARK,2017-03-10,10,3,2017,1,6,5,9,,4,0,,1,1,5,30,2,2,5,5,0,0,0,0,true,,false,false,false,false,false,,,,,,false,false,true,,,false,false,false,false,false,-82.933,42.41093,"{
  ""coordinates"": [
    -8.293299932900000e+01,
    4.241093096500000e+01
  ],
  ""type"": ""Point""
}","{
  ""coordinates"": [
    -82.932999329,
    42.410930965
  ],
  ""type"": ""Point""
}",-82.932999329,42.410930965
20267,9973585,PARK GROVE,PELKEY,2017-03-10,10,3,2017,8,6,4,9,,,0,,1,1,1,25,2,2,6,4,0,0,0,3,false,,false,false,false,false,false,,,,,,false,false,false,,,false,false,false,false,false,-82.98612,42.42946,"{
  ""coordinates"": [
    -8.298612194200000e+01,
    4.242946300600000e+01
  ],
  ""type"": ""Point""
}","{
  ""coordinates"": [
    -82.986121942,
    42.429463006
  ],
  ""type"": ""Point""
}",-82.986121942,42.429463006
20268,9973577,GRATIOT,GUNSTON,2017-03-10,10,3,2017,20,6,5,3,,1,0,,1,1,4,40,6,2,4,5,0,0,0,0,true,,false,false,false,false,false,,,,,,false,false,false,,,false,false,false,false,false,-82.99502,42.4087,"{
  ""coordinates"": [
    -8.299501682600000e+01,
    4.240870034000010e+01
  ],
  ""type"": ""Point""
}","{
  ""coordinates"": [
    -82.995016826,
    42.40870034
  ],
  ""type"": ""Point""
}",-82.995016826,42.4087003400001
20269,9973570,8MILE,HUBBELL,2017-03-10,10,3,2017,14,6,4,3,,1,0,,1,1,1,40,6,2,2,4,0,0,0,1,false,,false,false,false,false,false,,,,,,false,false,false,,,false,false,false,false,false,-83.19072,42.44501,"{
  ""coordinates"": [
    -8.319072229600000e+01,
    4.244500566200000e+01
  ],
  ""type"": ""Point""
}","{
  ""coordinates"": [
    -83.190722296,
    42.445005662
  ],
  ""type"": ""Point""
}",-83.190722296,42.445005662
20270,9990625,M-39,MCNICHOLS,2017-03-10,10,3,2017,6,6,1,3,,1,1,,1,1,5,55,3,1,1,4,0,0,0,1,false,,false,false,false,false,false,,,,,,false,false,true,,,false,false,false,false,false,-83.21889,42.41583,"{
  ""coordinates"": [
    -8.321888506900000e+01,
    4.241582851600000e+01
  ],
  ""type"": ""Point""
}","{
  ""coordinates"": [
    -83.218885069,
    42.415828516
  ],
  ""type"": ""Point""
}",-83.218885069,42.415828516
20271,9977910,CADIEUX,E I 94,2017-03-10,10,3,2017,13,6,5,1,,4,0,,1,2,1,30,3,2,3,5,0,0,0,0,true,,false,false,true,false,false,,,,,,false,false,false,,,false,false,false,false,false,-82.93717,42.41727,"{
  ""coordinates"": [
    -8.293717259300000e+01,
    4.241726529600000e+01
  ],
  ""type"": ""Point""
}","{
  ""coordinates"": [
    -82.937172593,
    42.417265296
  ],
  ""type"": ""Point""
}",-82.937172593,42.417265296
20272,9973512,GREENFIELD,MCNICHOLS,2017-03-10,10,3,2017,19,6,4,9,,2,0,,1,1,3,35,5,2,5,5,0,0,0,0,true,,false,false,false,false,false,,,,,,false,false,true,,,false,false,false,false,false,-83.19929,42.41531,"{
  ""coordinates"": [
    -8.319928367400000e+01,
    4.241530588700000e+01
  ],
  ""type"": ""Point""
}","{
  ""coordinates"": [
    -83.199283674,
    42.415305887
  ],
  ""type"": ""Point""
}",-83.199283674,42.415305887
20273,9973538,WARREN,DICKERSON,2017-03-10,10,3,2017,12,6,4,9,,4,0,,1,1,1,30,7,2,4,4,0,0,0,1,false,,false,false,true,false,false,,,,,,false,true,true,,,false,false,false,false,false,-82.96707,42.39249,"{
  ""coordinates"": [
    -8.296707489800001e+01,
    4.239249343800000e+01
  ],
  ""type"": ""Point""
}","{
  ""coordinates"": [
    -82.967074898,
    42.392493438
  ],
  ""type"": ""Point""
}",-82.967074898,42.392493438
20274,9977880,NOTTINGHAM,OUTER,2017-03-10,10,3,2017,11,6,97,9,,,0,,1,1,5,35,3,3,4,4,0,0,0,1,false,,false,false,false,false,false,,,,,,false,true,true,,,false,false,false,false,false,-82.95208,42.40397,"{
  ""coordinates"": [
    -8.295208268000000e+01,
    4.240396826500010e+01
  ],
  ""type"": ""Point""
}","{
  ""coordinates"": [
    -82.95208268,
    42.403968265
  ],
  ""type"": ""Point""
}",-82.95208268,42.4039682650001
20275,9973544,GREENFIELD,PLYMOUTH,2017-03-10,10,3,2017,15,6,5,9,,2,0,,1,1,1,35,4,2,1,5,0,0,0,0,true,,false,false,true,false,false,,,,,,false,false,false,,,false,false,false,false,false,-83.19756,42.37277,"{
  ""coordinates"": [
    -8.319756434300000e+01,
    4.237277022400010e+01
  ],
  ""type"": ""Point""
}","{
  ""coordinates"": [
    -83.197564343,
    42.372770224
  ],
  ""type"": ""Point""
}",-83.197564343,42.3727702240001
20276,9990028,OUTER,N M 39,2017-03-10,10,3,2017,16,6,8,9,,2,0,,1,2,1,35,3,2,2,5,0,0,0,0,true,,false,false,false,false,false,,,,,,false,false,false,,,false,false,false,false,false,-83.2189,42.41927,"{
  ""coordinates"": [
    -8.321890454200000e+01,
    4.241927266000000e+01
  ],
  ""type"": ""Point""
}","{
  ""coordinates"": [
    -83.218904542,
    42.41927266
  ],
  ""type"": ""Point""
}",-83.218904542,42.41927266
20277,9978886,7 MILE,SHERWOOD,2017-03-10,10,3,2017,14,6,4,9,,4,0,,1,1,1,0,2,2,3,4,0,0,0,1,false,,false,false,false,false,false,,,,,,false,false,false,,,false,false,false,false,false,-83.03404,42.43378,"{
  ""coordinates"": [
    -8.303404138300000e+01,
    4.243377516300010e+01
  ],
  ""type"": ""Point""
}","{
  ""coordinates"": [
    -83.034041383,
    42.433775163
  ],
  ""type"": ""Point""
}",-83.034041383,42.4337751630001
20278,9973603,TIREMAN,CHASE,2017-03-10,10,3,2017,7,6,5,9,,2,0,,1,1,4,0,2,2,3,5,0,0,0,0,true,,false,false,true,false,false,,,,,,false,false,false,,,false,false,false,false,false,-83.1869,42.35109,"{
  ""coordinates"": [
    -8.318690637100001e+01,
    4.235108556400010e+01
  ],
  ""type"": ""Point""
}","{
  ""coordinates"": [
    -83.186906371,
    42.351085564
  ],
  ""type"": ""Point""
}",-83.186906371,42.3510855640001
20279,1025832,DAVISON,RYAN,2017-03-10,10,3,2017,8,6,5,9,,4,0,,1,1,1,35,4,2,2,5,0,0,0,0,true,,false,false,true,false,false,,,,,,false,false,false,,,false,false,false,false,false,-83.06034,42.41596,"{
  ""coordinates"": [
    -8.306033909300000e+01,
    4.241596192300010e+01
  ],
  ""type"": ""Point""
}","{
  ""coordinates"": [
    -83.060339093,
    42.415961923
  ],
  ""type"": ""Point""
}",-83.060339093,42.4159619230001
20280,9973581,TEPPERT,EASTWOOD,2017-03-10,10,3,2017,19,6,4,9,,,0,,98,98,4,25,2,2,2,5,0,0,0,0,true,,false,false,false,false,false,,,,,,false,false,false,,,false,false,false,false,false,-83.00832,42.43267,"{
  ""coordinates"": [
    -8.300831427799990e+01,
    4.243266649500000e+01
  ],
  ""type"": ""Point""
}","{
  ""coordinates"": [
    -83.008314278,
    42.432666495
  ],
  ""type"": ""Point""
}",-83.0083142779999,42.432666495
20281,9982263,S I 75,14TH,2017-03-10,10,3,2017,16,6,5,1,,1,0,,1,1,3,55,2,2,2,5,0,0,0,0,true,,false,false,false,false,false,,,,,,false,true,false,,,false,false,false,false,false,-83.07714,42.33253,"{
  ""coordinates"": [
    -8.307714444500000e+01,
    4.233253594500010e+01
  ],
  ""type"": ""Point""
}","{
  ""coordinates"": [
    -83.077144445,
    42.332535945
  ],
  ""type"": ""Point""
}",-83.077144445,42.3325359450001
20282,1000271,TELEGRAPH,7 MILE,2017-03-10,10,3,2017,21,6,5,2,,1,0,,1,1,5,45,5,2,3,4,0,0,0,1,false,,false,false,true,false,false,,,,,,false,false,false,,,false,false,false,false,false,-83.27798,42.42896,"{
  ""coordinates"": [
    -8.327798837700000e+01,
    4.242896236800000e+01
  ],
  ""type"": ""Point""
}","{
  ""coordinates"": [
    -83.277988377,
    42.428962368
  ],
  ""type"": ""Point""
}",-83.277988377,42.428962368
20283,9981392,MOROSS,EDGEFIELD,2017-03-10,10,3,2017,13,6,4,9,,2,0,,1,1,1,35,3,2,2,5,0,0,0,0,true,,true,false,false,false,false,,,,,,false,false,false,,,false,false,false,false,false,-82.92614,42.42316,"{
  ""coordinates"": [
    -8.292613968099990e+01,
    4.242316587900010e+01
  ],
  ""type"": ""Point""
}","{
  ""coordinates"": [
    -82.926139681,
    42.423165879
  ],
  ""type"": ""Point""
}",-82.9261396809999,42.4231658790001
20284,9973521,GRATIOT,SAINT AUBIN,2017-03-10,10,3,2017,19,6,4,3,,1,0,,1,1,4,35,7,2,3,5,0,0,0,0,true,,false,false,false,false,false,,,,,,false,false,true,,,false,false,false,false,false,-83.0343,42.34929,"{
  ""coordinates"": [
    -8.303430448700000e+01,
    4.234928819900010e+01
  ],
  ""type"": ""Point""
}","{
  ""coordinates"": [
    -83.034304487,
    42.349288199
  ],
  ""type"": ""Point""
}",-83.034304487,42.3492881990001
20285,9973557,OUTER,BLACKSTONE,2017-03-10,10,3,2017,13,6,4,9,,2,0,,1,1,1,30,3,2,1,5,0,0,0,0,true,,false,false,true,false,false,,,,,,false,false,false,,,false,false,false,false,false,-83.2493,42.39769,"{
  ""coordinates"": [
    -8.324930102099999e+01,
    4.239768743900000e+01
  ],
  ""type"": ""Point""
}","{
  ""coordinates"": [
    -83.249301021,
    42.397687439
  ],
  ""type"": ""Point""
}",-83.249301021,42.397687439
20286,9984692,HOOVER,GIETZEN,2017-03-10,10,3,2017,22,6,1,3,,1,1,,1,1,5,45,2,1,2,5,0,0,0,0,true,,false,false,false,false,false,,,,,,false,false,false,,,false,false,false,false,false,-83.00424,42.4255,"{
  ""coordinates"": [
    -8.300424069800000e+01,
    4.242550063400010e+01
  ],
  ""type"": ""Point""
}","{
  ""coordinates"": [
    -83.004240698,
    42.425500634
  ],
  ""type"": ""Point""
}",-83.004240698,42.4255006340001
20287,9973576,HAYES,8 MILE,2017-03-10,10,3,2017,20,6,7,3,,4,0,,1,1,4,30,2,2,3,5,0,0,0,0,true,,false,false,true,false,false,,,,,,false,false,false,,,false,false,false,false,false,-82.96608,42.44969,"{
  ""coordinates"": [
    -8.296607952600000e+01,
    4.244968998400000e+01
  ],
  ""type"": ""Point""
}","{
  ""coordinates"": [
    -82.966079526,
    42.449689984
  ],
  ""type"": ""Point""
}",-82.966079526,42.449689984
20288,9998386,MACK,JOHN R,2017-03-10,10,3,2017,15,6,97,9,,4,0,,1,1,1,25,3,2,2,5,0,0,0,0,true,,false,false,false,false,false,,,,,,false,false,false,,,false,false,false,false,false,-83.05565,42.34855,"{
  ""coordinates"": [
    -8.305564726300000e+01,
    4.234854665000010e+01
  ],
  ""type"": ""Point""
}","{
  ""coordinates"": [
    -83.055647263,
    42.34854665
  ],
  ""type"": ""Point""
}",-83.055647263,42.3485466500001
20289,9973508,SCHAEFER,GRAND,2017-03-10,10,3,2017,17,6,5,1,,4,0,,1,1,1,35,5,2,2,5,0,0,0,0,true,,false,false,true,false,false,,,,,,false,false,false,,,false,false,false,false,false,-83.17834,42.38269,"{
  ""coordinates"": [
    -8.317834061699990e+01,
    4.238268766100000e+01
  ],
  ""type"": ""Point""
}","{
  ""coordinates"": [
    -83.178340617,
    42.382687661
  ],
  ""type"": ""Point""
}",-83.1783406169999,42.382687661
20290,9977869,GRAND,14TH,2017-03-10,10,3,2017,19,6,4,9,,4,0,,1,1,5,30,2,2,2,5,0,0,0,0,true,,false,false,false,false,false,,,,,,false,true,true,,,false,false,false,false,false,-83.09451,42.36232,"{
  ""coordinates"": [
    -8.309450786900000e+01,
    4.236231902600010e+01
  ],
  ""type"": ""Point""
}","{
  ""coordinates"": [
    -83.094507869,
    42.362319026
  ],
  ""type"": ""Point""
}",-83.094507869,42.3623190260001
20291,9981411,SANTA ROSA,PILGRIM,2017-03-10,10,3,2017,17,6,5,9,,,3,,1,1,1,25,1,2,0,5,0,0,0,0,true,,false,false,true,false,false,,,,,,false,true,false,,,false,false,false,false,false,-83.14262,42.40775,"{
  ""coordinates"": [
    -8.314261852600001e+01,
    4.240774528400000e+01
  ],
  ""type"": ""Point""
}","{
  ""coordinates"": [
    -83.142618526,
    42.407745284
  ],
  ""type"": ""Point""
}",-83.142618526,42.407745284
20292,9974414,RAMP 035I,RAMP 035E,2017-03-10,10,3,2017,19,6,1,1,,1,1,,1,1,4,55,2,1,1,3,0,0,1,0,false,,false,false,false,false,false,,,,,,false,false,false,,,false,false,false,false,false,-83.08297,42.32231,"{
  ""coordinates"": [
    -8.308297163400000e+01,
    4.232231298900010e+01
  ],
  ""type"": ""Point""
}","{
  ""coordinates"": [
    -83.082971634,
    42.322312989
  ],
  ""type"": ""Point""
}",-83.082971634,42.3223129890001