ObjectId,Crash ID,Primary Road,Intersecting Road,Crash Date,Day,Month,Year,Hour,Weekday,Crash Type Code,Highway Classification Code,Community Code,Jurisdiction Code,Lane Departure Type Code,Surface Type,Road Condition,Weather Condition,Lighting Condition,Speed Limit,Lanes,Units,Occupants,Most Severe Injury,Fatal Injuries,Suspected Serious Injuries,Suspected Minor Injuries,Possible Injuries,Property Damage Only,Secondary Crash,Traffic Control,Red Light Run,Hit and Run,Alcohol,Drugs,Unbelted Person,Work Zone,Speeding Driver,Distracted Driver,Driveway,Pedestrian,Elderly Driver,Young Driver,Commercial Vehicle,Emergency Vehicles,Train,School Bus,Motorcycle,Bicycle,Deer,Longitude,Latitude,geom,geog,x,y
20293,9977904,SAINT JEAN,WARREN,2017-03-10,10,3,2017,14,6,5,9,,4,0,,1,1,1,0,2,2,2,5,0,0,0,0,true,,false,false,true,false,false,,,,,,false,false,false,,,false,false,false,false,false,-82.98396,42.38745,"{
  ""coordinates"": [
    -8.298396676199999e+01,
    4.238745480500010e+01
  ],
  ""type"": ""Point""
}","{
  ""coordinates"": [
    -82.983966762,
    42.387454805
  ],
  ""type"": ""Point""
}",-82.983966762,42.3874548050001
20294,9973515,FISHER,GRANDRIVER,2017-03-10,10,3,2017,3,6,1,1,,4,1,,1,1,4,30,2,1,1,5,0,0,0,0,true,,false,false,false,false,false,,,,,,false,false,false,,,false,false,false,false,false,-83.05831,42.33744,"{
  ""coordinates"": [
    -8.305830826000000e+01,
    4.233743851300010e+01
  ],
  ""type"": ""Point""
}","{
  ""coordinates"": [
    -83.05830826,
    42.337438513
  ],
  ""type"": ""Point""
}",-83.05830826,42.3374385130001
20295,9978891,OUTER,HARTWELL,2017-03-10,10,3,2017,8,6,5,9,,4,0,,1,1,1,30,2,2,0,5,0,0,0,0,true,,false,false,false,false,false,,,,,,false,false,false,,,false,false,false,false,false,-83.17999,42.43458,"{
  ""coordinates"": [
    -8.317998614200000e+01,
    4.243457977500000e+01
  ],
  ""type"": ""Point""
}","{
  ""coordinates"": [
    -83.179986142,
    42.434579775
  ],
  ""type"": ""Point""
}",-83.179986142,42.434579775
20296,9973414,I-75,BRUSH,2017-03-10,10,3,2017,18,6,8,1,,1,0,,1,1,1,55,4,2,2,5,0,0,0,0,true,,false,false,false,false,false,,,,,,false,false,false,,,false,false,false,false,false,-83.05025,42.34092,"{
  ""coordinates"": [
    -8.305025071400000e+01,
    4.234092433800000e+01
  ],
  ""type"": ""Point""
}","{
  ""coordinates"": [
    -83.050250714,
    42.340924338
  ],
  ""type"": ""Point""
}",-83.050250714,42.340924338
20297,9975739,MCNICHOLS,LESURE,2017-03-10,10,3,2017,20,6,97,9,,2,3,,1,1,4,35,2,2,0,5,0,0,0,0,true,,false,false,true,false,false,,,,,,false,false,false,,,false,false,false,false,false,-83.18209,42.41657,"{
  ""coordinates"": [
    -8.318209274100001e+01,
    4.241657205000010e+01
  ],
  ""type"": ""Point""
}","{
  ""coordinates"": [
    -83.182092741,
    42.41657205
  ],
  ""type"": ""Point""
}",-83.182092741,42.4165720500001
20298,9973579,MORANG,LANSDOWNE,2017-03-10,10,3,2017,14,6,5,9,,4,0,,1,2,1,30,2,2,5,5,0,0,0,0,true,,false,false,false,false,false,,,,,,false,false,false,,,false,false,false,false,false,-82.95034,42.42627,"{
  ""coordinates"": [
    -8.295034220699991e+01,
    4.242627181300000e+01
  ],
  ""type"": ""Point""
}","{
  ""coordinates"": [
    -82.950342207,
    42.426271813
  ],
  ""type"": ""Point""
}",-82.9503422069999,42.426271813
20299,9973588,MCCORMICK,ROSSITER,2017-03-10,10,3,2017,10,6,4,9,,,0,,1,1,1,25,1,2,3,4,0,0,0,1,false,,false,false,true,false,false,,,,,,false,false,false,,,false,false,false,false,false,-82.94479,42.43222,"{
  ""coordinates"": [
    -8.294478273899990e+01,
    4.243222159000000e+01
  ],
  ""type"": ""Point""
}","{
  ""coordinates"": [
    -82.944782739,
    42.43222159
  ],
  ""type"": ""Point""
}",-82.9447827389999,42.43222159
20300,9976861,7 MILE,HUBBELL,2017-03-10,10,3,2017,14,6,5,9,,2,0,,1,1,1,35,4,2,2,4,0,0,0,1,false,,true,true,true,false,false,,,,,,false,false,false,,,false,false,false,false,false,-83.18988,42.43073,"{
  ""coordinates"": [
    -8.318987744200000e+01,
    4.243073215300010e+01
  ],
  ""type"": ""Point""
}","{
  ""coordinates"": [
    -83.189877442,
    42.430732153
  ],
  ""type"": ""Point""
}",-83.189877442,42.4307321530001
20301,1008166,I-94,CADIEUX,2017-03-10,10,3,2017,21,6,8,1,,1,0,,1,1,3,55,3,2,4,5,0,0,0,0,true,,false,false,true,false,false,,,,,,false,false,false,,,false,false,false,false,false,-82.92763,42.42581,"{
  ""coordinates"": [
    -8.292762682400000e+01,
    4.242580677300000e+01
  ],
  ""type"": ""Point""
}","{
  ""coordinates"": [
    -82.927626824,
    42.425806773
  ],
  ""type"": ""Point""
}",-82.927626824,42.425806773
20302,9973590,RADFORD,VICKSBURG,2017-03-10,10,3,2017,20,6,4,9,,,0,,1,1,4,25,2,2,2,5,0,0,0,0,true,,false,false,false,false,false,,,,,,false,false,false,,,false,false,false,false,false,-83.11687,42.36083,"{
  ""coordinates"": [
    -8.311686983500000e+01,
    4.236083055000010e+01
  ],
  ""type"": ""Point""
}","{
  ""coordinates"": [
    -83.116869835,
    42.36083055
  ],
  ""type"": ""Point""
}",-83.116869835,42.3608305500001
20303,9973571,MONTROSE,KENDALL,2017-03-10,10,3,2017,21,6,4,9,,,0,,1,1,4,25,2,2,4,5,0,0,0,0,true,,true,false,false,false,false,,,,,,false,false,true,,,false,false,false,false,false,-83.20033,42.38929,"{
  ""coordinates"": [
    -8.320032146499990e+01,
    4.238928714000010e+01
  ],
  ""type"": ""Point""
}","{
  ""coordinates"": [
    -83.200321465,
    42.38928714
  ],
  ""type"": ""Point""
}",-83.2003214649999,42.3892871400001
20304,9973582,VAN DYKE,OUTER,2017-03-10,10,3,2017,8,6,4,3,,1,0,,1,1,1,35,7,2,2,5,0,0,0,0,true,,false,false,false,false,false,,,,,,false,false,true,,,false,false,false,false,false,-83.0245,42.44135,"{
  ""coordinates"": [
    -8.302449633000001e+01,
    4.244134830400000e+01
  ],
  ""type"": ""Point""
}","{
  ""coordinates"": [
    -83.02449633,
    42.441348304
  ],
  ""type"": ""Point""
}",-83.02449633,42.441348304
20305,9974484,8 MILE,8 MILE/DEQUINDRE,2017-03-10,10,3,2017,20,6,5,3,,1,0,,1,1,4,40,5,2,2,5,0,0,0,0,true,,false,false,false,false,false,,,,,,false,false,false,,,false,false,false,false,false,-83.08611,42.44696,"{
  ""coordinates"": [
    -8.308611154499989e+01,
    4.244696424200000e+01
  ],
  ""type"": ""Point""
}","{
  ""coordinates"": [
    -83.086111545,
    42.446964242
  ],
  ""type"": ""Point""
}",-83.0861115449999,42.446964242
20306,9973575,W I 94,MOROSS,2017-03-10,10,3,2017,17,6,5,1,,1,0,,1,1,3,25,1,2,2,5,0,0,0,0,true,,false,false,false,false,false,,,,,,false,false,true,,,false,false,false,false,false,-82.92882,42.42457,"{
  ""coordinates"": [
    -8.292881822800000e+01,
    4.242456909800010e+01
  ],
  ""type"": ""Point""
}","{
  ""coordinates"": [
    -82.928818228,
    42.424569098
  ],
  ""type"": ""Point""
}",-82.928818228,42.4245690980001
20307,9974483,OUTER,FENELON,2017-03-10,10,3,2017,17,6,4,9,,2,0,,1,1,1,35,3,2,2,4,0,0,0,1,false,,false,false,false,false,false,,,,,,false,false,false,,,false,false,false,false,false,-83.05428,42.44072,"{
  ""coordinates"": [
    -8.305427288999989e+01,
    4.244072237400010e+01
  ],
  ""type"": ""Point""
}","{
  ""coordinates"": [
    -83.05427289,
    42.440722374
  ],
  ""type"": ""Point""
}",-83.0542728899999,42.4407223740001
20308,9973561,BURGE,7 MILE,2017-03-10,10,3,2017,22,6,4,9,,,3,,1,1,4,30,2,2,1,5,0,0,0,0,true,,false,false,false,false,false,,,,,,false,false,false,,,false,false,false,false,false,-83.25614,42.43642,"{
  ""coordinates"": [
    -8.325613923000000e+01,
    4.243642472900010e+01
  ],
  ""type"": ""Point""
}","{
  ""coordinates"": [
    -83.25613923,
    42.436424729
  ],
  ""type"": ""Point""
}",-83.25613923,42.4364247290001
20309,9973487,I-96,WYOMING,2017-03-10,10,3,2017,22,6,1,1,,1,1,,1,1,4,70,4,1,1,3,0,0,1,0,false,,false,false,false,false,false,,,,,,false,false,false,,,false,false,false,false,false,-83.17818,42.38337,"{
  ""coordinates"": [
    -8.317817403899990e+01,
    4.238336804500010e+01
  ],
  ""type"": ""Point""
}","{
  ""coordinates"": [
    -83.178174039,
    42.383368045
  ],
  ""type"": ""Point""
}",-83.1781740389999,42.3833680450001
20310,9973518,CHRYSLER SERVICE,HOLBROOK,2017-03-10,10,3,2017,10,6,8,1,,1,0,,1,2,1,25,4,2,1,5,0,0,0,0,true,,false,false,true,false,false,,,,,,false,false,true,,,false,false,false,false,false,-83.06819,42.38623,"{
  ""coordinates"": [
    -8.306818934800000e+01,
    4.238623022000010e+01
  ],
  ""type"": ""Point""
}","{
  ""coordinates"": [
    -83.068189348,
    42.38623022
  ],
  ""type"": ""Point""
}",-83.068189348,42.3862302200001
20311,9974449,CHARLEVOIX,BELLEVUE,2017-03-10,10,3,2017,6,6,4,9,,4,0,,98,98,5,25,2,2,1,5,0,0,0,0,true,,true,false,true,false,false,,,,,,false,false,false,,,false,false,false,false,false,-83.01491,42.35849,"{
  ""coordinates"": [
    -8.301490620100000e+01,
    4.235849117700010e+01
  ],
  ""type"": ""Point""
}","{
  ""coordinates"": [
    -83.014906201,
    42.358491177
  ],
  ""type"": ""Point""
}",-83.014906201,42.3584911770001
20312,9973547,EVERGREEN,WARREN,2017-03-10,10,3,2017,12,6,8,9,,4,0,,1,2,1,35,6,2,2,5,0,0,0,0,true,,false,false,true,false,false,,,,,,false,false,false,,,false,false,false,false,false,-83.23538,42.34313,"{
  ""coordinates"": [
    -8.323538283100000e+01,
    4.234313233100000e+01
  ],
  ""type"": ""Point""
}","{
  ""coordinates"": [
    -83.235382831,
    42.343132331
  ],
  ""type"": ""Point""
}",-83.235382831,42.343132331
20313,9973567,8 MILE,TRINITY,2017-03-10,10,3,2017,15,6,4,3,,1,0,,1,1,1,45,4,2,1,5,0,0,0,0,true,,false,false,true,false,false,,,,,,false,false,false,,,false,false,false,false,false,-83.25043,42.44346,"{
  ""coordinates"": [
    -8.325043410900000e+01,
    4.244346233300010e+01
  ],
  ""type"": ""Point""
}","{
  ""coordinates"": [
    -83.250434109,
    42.443462333
  ],
  ""type"": ""Point""
}",-83.250434109,42.4434623330001
20314,9973516,W I 96 SERVICE DRIVE,GRAND,2017-03-10,10,3,2017,7,6,5,1,,4,0,,1,1,1,25,3,2,2,5,0,0,0,0,true,,false,false,false,false,false,,,,,,false,false,true,,,false,false,false,false,false,-83.11048,42.35618,"{
  ""coordinates"": [
    -8.311048109300000e+01,
    4.235617789300010e+01
  ],
  ""type"": ""Point""
}","{
  ""coordinates"": [
    -83.110481093,
    42.356177893
  ],
  ""type"": ""Point""
}",-83.110481093,42.3561778930001
20315,9973564,VAN DYKE,MILBANK,2017-03-10,10,3,2017,7,6,4,3,,1,0,,1,2,1,30,7,2,2,5,0,0,0,0,true,,false,false,false,false,false,,,,,,false,false,false,,,false,false,false,false,false,-83.0246,42.44418,"{
  ""coordinates"": [
    -8.302460713900000e+01,
    4.244418197500000e+01
  ],
  ""type"": ""Point""
}","{
  ""coordinates"": [
    -83.024607139,
    42.444181975
  ],
  ""type"": ""Point""
}",-83.024607139,42.444181975
20316,9974422,GRAND RIVER,WHITCOMB,2017-03-10,10,3,2017,14,6,3,3,,1,0,,1,1,1,35,7,3,7,4,0,0,0,5,false,,false,false,true,true,false,,,,,,false,true,false,,,false,false,false,false,false,-83.1963,42.39183,"{
  ""coordinates"": [
    -8.319629643800000e+01,
    4.239183043000000e+01
  ],
  ""type"": ""Point""
}","{
  ""coordinates"": [
    -83.196296438,
    42.39183043
  ],
  ""type"": ""Point""
}",-83.196296438,42.39183043
20317,9973467,I-96,TELEGRAPH,2017-03-10,10,3,2017,18,6,5,1,,1,0,,1,1,1,70,4,2,2,5,0,0,0,0,true,,false,false,false,false,false,,,,,,false,false,true,,,false,false,false,false,false,-83.27419,42.3855,"{
  ""coordinates"": [
    -8.327418459200000e+01,
    4.238549780100000e+01
  ],
  ""type"": ""Point""
}","{
  ""coordinates"": [
    -83.274184592,
    42.385497801
  ],
  ""type"": ""Point""
}",-83.274184592,42.385497801
20318,9977916,MCKINNEY,EVERTS,2017-03-10,10,3,2017,0,6,97,9,,,0,,1,1,4,25,1,2,2,5,0,0,0,0,true,,false,false,true,false,false,,,,,,false,false,true,,,false,false,false,false,false,-82.94709,42.41514,"{
  ""coordinates"": [
    -8.294709091800000e+01,
    4.241513943600010e+01
  ],
  ""type"": ""Point""
}","{
  ""coordinates"": [
    -82.947090918,
    42.415139436
  ],
  ""type"": ""Point""
}",-82.947090918,42.4151394360001
20319,9973511,FARMER,BATES,2017-03-10,10,3,2017,19,6,5,9,,4,0,,1,1,4,0,2,2,1,5,0,0,0,0,true,,false,false,true,false,false,,,,,,false,false,false,,,false,false,false,false,false,-83.04478,42.33261,"{
  ""coordinates"": [
    -8.304477619799999e+01,
    4.233261036600000e+01
  ],
  ""type"": ""Point""
}","{
  ""coordinates"": [
    -83.044776198,
    42.332610366
  ],
  ""type"": ""Point""
}",-83.044776198,42.332610366
20320,9973563,LARNED,MCDOUGALL,2017-03-10,10,3,2017,7,6,8,9,,4,0,,1,1,2,30,6,2,2,5,0,0,0,0,true,,false,false,false,false,false,,,,,,false,false,false,,,false,false,false,false,false,-83.01678,42.34169,"{
  ""coordinates"": [
    -8.301678740800000e+01,
    4.234168999300000e+01
  ],
  ""type"": ""Point""
}","{
  ""coordinates"": [
    -83.016787408,
    42.341689993
  ],
  ""type"": ""Point""
}",-83.016787408,42.341689993
20321,9977922,DAVISON,WILDEMERE,2017-03-10,10,3,2017,15,6,4,3,,1,0,,1,1,1,35,3,2,3,5,0,0,0,0,true,,false,false,true,false,false,,,,,,false,false,false,,,false,false,false,false,false,-83.12769,42.39093,"{
  ""coordinates"": [
    -8.312768280200000e+01,
    4.239092768500010e+01
  ],
  ""type"": ""Point""
}","{
  ""coordinates"": [
    -83.127682802,
    42.390927685
  ],
  ""type"": ""Point""
}",-83.127682802,42.3909276850001
20322,9973501,JEFFERSON,RANDOLPH,2017-03-10,10,3,2017,16,6,10,3,,1,0,,1,1,1,35,5,2,2,5,0,0,0,0,true,,false,false,false,false,false,,,,,,false,true,false,,,false,false,false,false,false,-83.04203,42.32994,"{
  ""coordinates"": [
    -8.304203184100000e+01,
    4.232994348500010e+01
  ],
  ""type"": ""Point""
}","{
  ""coordinates"": [
    -83.042031841,
    42.329943485
  ],
  ""type"": ""Point""
}",-83.042031841,42.3299434850001
20323,9973505,FENKELL,MEYERS,2017-03-10,10,3,2017,9,6,4,9,,2,0,,1,1,1,30,4,2,1,5,0,0,0,0,true,,false,false,true,false,false,,,,,,false,false,false,,,false,false,false,false,false,-83.16936,42.40224,"{
  ""coordinates"": [
    -8.316935842299991e+01,
    4.240223701500000e+01
  ],
  ""type"": ""Point""
}","{
  ""coordinates"": [
    -83.169358423,
    42.402237015
  ],
  ""type"": ""Point""
}",-83.1693584229999,42.402237015
20324,9973540,JEFFERSON,GRISWALL,2017-03-10,10,3,2017,5,6,5,9,,5,0,,1,1,3,0,4,3,2,5,0,0,0,0,true,,false,false,true,false,false,,,,,,false,false,false,,,false,false,false,false,false,-83.04558,42.32844,"{
  ""coordinates"": [
    -8.304557593700000e+01,
    4.232843944300000e+01
  ],
  ""type"": ""Point""
}","{
  ""coordinates"": [
    -83.045575937,
    42.328439443
  ],
  ""type"": ""Point""
}",-83.045575937,42.328439443
20325,9976756,W/B I 94,MICHIGAN,2017-03-10,10,3,2017,16,6,5,1,,1,0,,1,2,1,55,3,2,2,5,0,0,0,0,true,,false,false,false,false,false,,,,,,false,false,false,,,false,false,false,false,false,-83.15251,42.32984,"{
  ""coordinates"": [
    -8.315250818399990e+01,
    4.232984064000000e+01
  ],
  ""type"": ""Point""
}","{
  ""coordinates"": [
    -83.152508184,
    42.32984064
  ],
  ""type"": ""Point""
}",-83.1525081839999,42.32984064
20326,9973446,RAMP 117A,M-10,2017-03-10,10,3,2017,18,6,8,3,,1,0,,1,1,1,55,2,2,2,5,0,0,0,0,true,,false,false,false,false,false,,,,,,false,false,false,,,false,false,false,false,false,-83.08093,42.36647,"{
  ""coordinates"": [
    -8.308093390499990e+01,
    4.236646486700000e+01
  ],
  ""type"": ""Point""
}","{
  ""coordinates"": [
    -83.080933905,
    42.366464867
  ],
  ""type"": ""Point""
}",-83.0809339049999,42.366464867
20327,9973541,W I 94,CONNER,2017-03-10,10,3,2017,8,6,8,1,,1,0,,1,1,1,0,4,2,1,5,0,0,0,0,true,,false,false,false,false,false,,,,,,false,false,false,,,false,false,false,false,false,-82.98773,42.39667,"{
  ""coordinates"": [
    -8.298773353000000e+01,
    4.239666561000010e+01
  ],
  ""type"": ""Point""
}","{
  ""coordinates"": [
    -82.98773353,
    42.39666561
  ],
  ""type"": ""Point""
}",-82.98773353,42.3966656100001
20328,9973435,I-94,OUTER,2017-03-10,10,3,2017,9,6,5,1,,1,0,,1,1,1,55,3,2,4,5,0,0,0,0,true,,false,false,false,false,false,,,,,,false,false,false,,,false,false,false,false,false,-82.96083,42.4049,"{
  ""coordinates"": [
    -8.296083181900001e+01,
    4.240489793000010e+01
  ],
  ""type"": ""Point""
}","{
  ""coordinates"": [
    -82.960831819,
    42.40489793
  ],
  ""type"": ""Point""
}",-82.960831819,42.4048979300001
20329,9973537,CHANDLER PARK,CADIEUX,2017-03-10,10,3,2017,7,6,4,9,,2,0,,1,1,1,35,4,2,6,5,0,0,0,0,true,,false,false,false,false,false,,,,,,false,false,false,,,false,false,false,false,false,-82.93308,42.41113,"{
  ""coordinates"": [
    -8.293308413699999e+01,
    4.241112630400000e+01
  ],
  ""type"": ""Point""
}","{
  ""coordinates"": [
    -82.933084137,
    42.411126304
  ],
  ""type"": ""Point""
}",-82.933084137,42.411126304
20330,9973613,8 MILE,GREENFIELD,2017-03-10,10,3,2017,22,6,8,3,,1,0,,1,2,4,45,3,2,2,5,0,0,0,0,true,,false,false,false,false,false,,,,,,false,false,false,,,false,false,false,false,false,-83.20034,42.44481,"{
  ""coordinates"": [
    -8.320034030200000e+01,
    4.244480472700010e+01
  ],
  ""type"": ""Point""
}","{
  ""coordinates"": [
    -83.200340302,
    42.444804727
  ],
  ""type"": ""Point""
}",-83.200340302,42.4448047270001
20331,9973586,HAYES,MANNING,2017-03-10,10,3,2017,13,6,5,9,,4,0,,1,1,1,30,2,3,5,5,0,0,0,0,true,,false,false,false,false,false,,,,,,false,false,true,,,false,false,false,false,false,-82.96568,42.44086,"{
  ""coordinates"": [
    -8.296568035900000e+01,
    4.244086047200010e+01
  ],
  ""type"": ""Point""
}","{
  ""coordinates"": [
    -82.965680359,
    42.440860472
  ],
  ""type"": ""Point""
}",-82.965680359,42.4408604720001
20332,9973589,DAVISON,PETOSKEY,2017-03-10,10,3,2017,15,6,97,3,,1,0,,1,1,1,35,6,2,1,5,0,0,0,0,true,,false,false,true,false,false,,,,,,false,false,false,,,false,false,false,false,false,-83.13512,42.38814,"{
  ""coordinates"": [
    -8.313512415299989e+01,
    4.238813996300010e+01
  ],
  ""type"": ""Point""
}","{
  ""coordinates"": [
    -83.135124153,
    42.388139963
  ],
  ""type"": ""Point""
}",-83.1351241529999,42.3881399630001
20333,9972441,WOODMERE,LAWNDALE,2017-03-10,10,3,2017,2,6,1,9,,4,0,,1,2,4,25,3,1,0,5,0,0,0,0,true,,false,false,true,false,false,,,,,,false,false,false,,,false,false,false,false,false,-83.13485,42.31213,"{
  ""coordinates"": [
    -8.313485227099990e+01,
    4.231213406600010e+01
  ],
  ""type"": ""Point""
}","{
  ""coordinates"": [
    -83.134852271,
    42.312134066
  ],
  ""type"": ""Point""
}",-83.1348522709999,42.3121340660001
20334,9973546,MCNICHOLS,SOUTHFIELD SERVICE DRIVE,2017-03-10,10,3,2017,11,6,5,9,,2,0,,1,2,1,0,6,2,2,4,0,0,0,1,false,,false,false,false,false,false,,,,,,false,false,true,,,false,false,false,false,false,-83.21934,42.41554,"{
  ""coordinates"": [
    -8.321934099800001e+01,
    4.241554123700010e+01
  ],
  ""type"": ""Point""
}","{
  ""coordinates"": [
    -83.219340998,
    42.415541237
  ],
  ""type"": ""Point""
}",-83.219340998,42.4155412370001
20335,9982271,I-75,6 MILE,2017-03-10,10,3,2017,17,6,5,1,,1,0,,1,1,1,70,4,2,4,5,0,0,0,0,true,,false,false,false,false,false,,,,,,false,false,false,,,false,false,false,false,false,-83.08813,42.41833,"{
  ""coordinates"": [
    -8.308813311300000e+01,
    4.241832922300010e+01
  ],
  ""type"": ""Point""
}","{
  ""coordinates"": [
    -83.088133113,
    42.418329223
  ],
  ""type"": ""Point""
}",-83.088133113,42.4183292230001
20336,9973504,GRAND RIVER,HUBBELL,2017-03-10,10,3,2017,14,6,4,3,,1,0,,1,1,1,35,7,2,3,4,0,0,0,2,false,,false,false,false,false,false,,,,,,false,false,true,,,false,false,false,false,false,-83.18841,42.38866,"{
  ""coordinates"": [
    -8.318840931699999e+01,
    4.238865492200010e+01
  ],
  ""type"": ""Point""
}","{
  ""coordinates"": [
    -83.188409317,
    42.388654922
  ],
  ""type"": ""Point""
}",-83.188409317,42.3886549220001
20337,9973566,OUTER,ASBURY,2017-03-10,10,3,2017,7,6,5,9,,2,0,,1,1,1,35,4,2,3,5,0,0,0,0,true,,false,false,false,false,false,,,,,,false,false,false,,,false,false,false,false,false,-83.20941,42.41927,"{
  ""coordinates"": [
    -8.320940824699990e+01,
    4.241926848200010e+01
  ],
  ""type"": ""Point""
}","{
  ""coordinates"": [
    -83.209408247,
    42.419268482
  ],
  ""type"": ""Point""
}",-83.2094082469999,42.4192684820001
20338,9973523,MEDBURY,BRUSH,2017-03-10,10,3,2017,7,6,5,9,,4,0,,1,1,1,55,4,2,1,5,0,0,0,0,true,,false,false,true,false,false,,,,,,false,false,false,,,false,false,false,false,false,-83.06469,42.36605,"{
  ""coordinates"": [
    -8.306469091500000e+01,
    4.236605628400010e+01
  ],
  ""type"": ""Point""
}","{
  ""coordinates"": [
    -83.064690915,
    42.366056284
  ],
  ""type"": ""Point""
}",-83.064690915,42.3660562840001
20339,9974480,FREDRO,CONANT,2017-03-10,10,3,2017,17,6,5,9,,,0,,1,1,1,25,2,2,1,5,0,0,0,0,true,,false,false,false,false,false,,,,,,false,false,false,,,false,false,false,false,false,-83.0573,42.40932,"{
  ""coordinates"": [
    -8.305729387900000e+01,
    4.240932593900000e+01
  ],
  ""type"": ""Point""
}","{
  ""coordinates"": [
    -83.057293879,
    42.409325939
  ],
  ""type"": ""Point""
}",-83.057293879,42.409325939
20340,9973578,MORANG,CADIEUX,2017-03-10,10,3,2017,10,6,5,9,,4,0,,1,2,1,30,2,2,1,5,0,0,0,0,true,,false,false,false,false,false,,,,,,false,false,true,,,false,false,false,false,false,-82.94126,42.42256,"{
  ""coordinates"": [
    -8.294126039100000e+01,
    4.242255931800000e+01
  ],
  ""type"": ""Point""
}","{
  ""coordinates"": [
    -82.941260391,
    42.422559318
  ],
  ""type"": ""Point""
}",-82.941260391,42.422559318
20341,9973532,MICHIGAN,FISHER,2017-03-10,10,3,2017,13,6,5,2,,1,0,,1,1,1,0,4,2,1,5,0,0,0,0,true,,false,false,false,false,false,,,,,,false,false,false,,,false,false,false,false,false,-83.07657,42.33135,"{
  ""coordinates"": [
    -8.307656748300001e+01,
    4.233135384900000e+01
  ],
  ""type"": ""Point""
}","{
  ""coordinates"": [
    -83.076567483,
    42.331353849
  ],
  ""type"": ""Point""
}",-83.076567483,42.331353849
20342,9983848,RENAISSANCE,BEAUBIEN,2017-03-10,10,3,2017,11,6,8,9,,,0,,1,1,1,20,3,2,1,5,0,0,0,0,true,,false,false,false,false,false,,,,,,false,false,false,,,false,false,false,false,false,-83.03791,42.3287,"{
  ""coordinates"": [
    -8.303791250899999e+01,
    4.232869627100010e+01
  ],
  ""type"": ""Point""
}","{
  ""coordinates"": [
    -83.037912509,
    42.328696271
  ],
  ""type"": ""Point""
}",-83.037912509,42.3286962710001
20343,9975695,VERNOR,22ND,2017-03-10,10,3,2017,1,6,4,9,,4,0,,1,1,4,30,2,2,7,3,0,0,2,4,false,,false,false,false,false,false,,,,,,false,false,true,,,false,false,false,false,false,-83.08468,42.32468,"{
  ""coordinates"": [
    -8.308467874800000e+01,
    4.232468097900000e+01
  ],
  ""type"": ""Point""
}","{
  ""coordinates"": [
    -83.084678748,
    42.324680979
  ],
  ""type"": ""Point""
}",-83.084678748,42.324680979
20344,9973506,WYOMING,INTERVALE,2017-03-10,10,3,2017,18,6,5,9,,4,0,,1,1,1,35,3,2,1,4,0,0,0,1,false,,false,false,true,false,false,,,,,,false,true,false,,,false,false,false,false,false,-83.1592,42.39167,"{
  ""coordinates"": [
    -8.315920596399999e+01,
    4.239167072900010e+01
  ],
  ""type"": ""Point""
}","{
  ""coordinates"": [
    -83.159205964,
    42.391670729
  ],
  ""type"": ""Point""
}",-83.159205964,42.3916707290001
20345,9973553,PLYMOUTH,ARCHDALE,2017-03-10,10,3,2017,18,6,6,9,,4,0,,1,1,1,35,2,2,2,5,0,0,0,0,true,,false,false,true,false,false,,,,,,false,true,false,,,false,false,false,false,false,-83.21559,42.37228,"{
  ""coordinates"": [
    -8.321559481400000e+01,
    4.237227503700010e+01
  ],
  ""type"": ""Point""
}","{
  ""coordinates"": [
    -83.215594814,
    42.372275037
  ],
  ""type"": ""Point""
}",-83.215594814,42.3722750370001
20346,9980164,ALSTEAD,MOROSS,2017-03-10,10,3,2017,14,6,2,9,,,0,,1,2,1,35,2,2,2,2,0,1,0,0,false,,false,false,false,false,false,,,,,,false,false,true,,,false,false,false,false,false,-82.92786,42.42403,"{
  ""coordinates"": [
    -8.292786745699991e+01,
    4.242402942900000e+01
  ],
  ""type"": ""Point""
}","{
  ""coordinates"": [
    -82.927867457,
    42.424029429
  ],
  ""type"": ""Point""
}",-82.9278674569999,42.424029429
20347,9972462,SEVEN MILE,OAKFIELD,2017-03-09,9,3,2017,15,5,5,9,,2,0,,1,1,1,35,4,2,4,5,0,0,0,0,true,,false,false,false,false,false,,,,,,false,true,false,,,false,false,false,false,false,-83.21474,42.43015,"{
  ""coordinates"": [
    -8.321474599500000e+01,
    4.243014794200010e+01
  ],
  ""type"": ""Point""
}","{
  ""coordinates"": [
    -83.214745995,
    42.430147942
  ],
  ""type"": ""Point""
}",-83.214745995,42.4301479420001
20348,9978849,MICHIGAN,CLIPPERT,2017-03-09,9,3,2017,8,5,5,2,,1,0,,1,1,1,35,5,2,2,5,0,0,0,0,true,,false,false,false,false,false,,,,,,false,false,true,,,false,false,false,false,false,-83.12528,42.33113,"{
  ""coordinates"": [
    -8.312528570500000e+01,
    4.233113453500000e+01
  ],
  ""type"": ""Point""
}","{
  ""coordinates"": [
    -83.125285705,
    42.331134535
  ],
  ""type"": ""Point""
}",-83.125285705,42.331134535
20349,1095876,WARREN,GUILFORD,2017-03-09,9,3,2017,12,5,5,9,,4,0,,1,1,1,35,7,2,3,4,0,0,0,2,false,,false,false,false,false,false,,,,,,false,false,false,,,false,false,false,false,false,-82.92702,42.4071,"{
  ""coordinates"": [
    -8.292702215500000e+01,
    4.240710388100010e+01
  ],
  ""type"": ""Point""
}","{
  ""coordinates"": [
    -82.927022155,
    42.407103881
  ],
  ""type"": ""Point""
}",-82.927022155,42.4071038810001