ObjectId,Crash ID,Primary Road,Intersecting Road,Crash Date,Day,Month,Year,Hour,Weekday,Crash Type Code,Highway Classification Code,Community Code,Jurisdiction Code,Lane Departure Type Code,Surface Type,Road Condition,Weather Condition,Lighting Condition,Speed Limit,Lanes,Units,Occupants,Most Severe Injury,Fatal Injuries,Suspected Serious Injuries,Suspected Minor Injuries,Possible Injuries,Property Damage Only,Secondary Crash,Traffic Control,Red Light Run,Hit and Run,Alcohol,Drugs,Unbelted Person,Work Zone,Speeding Driver,Distracted Driver,Driveway,Pedestrian,Elderly Driver,Young Driver,Commercial Vehicle,Emergency Vehicles,Train,School Bus,Motorcycle,Bicycle,Deer,Longitude,Latitude,geom,geog,x,y
20407,9978836,W/B I-94,CHALMERS,2017-03-09,9,3,2017,15,5,8,1,,1,0,,1,1,1,55,3,2,2,4,0,0,0,1,false,,false,false,false,false,false,,,,,,false,false,true,,,false,false,false,false,false,-82.96497,42.4036,"{
  ""coordinates"": [
    -8.296496759900000e+01,
    4.240360155200010e+01
  ],
  ""type"": ""Point""
}","{
  ""coordinates"": [
    -82.964967599,
    42.403601552
  ],
  ""type"": ""Point""
}",-82.964967599,42.4036015520001
20408,9973568,GRAND RIVER,SOUTHFIELD SERVICE,2017-03-09,9,3,2017,20,5,5,3,,1,0,,1,1,1,35,5,2,2,5,0,0,0,0,true,,false,false,false,false,false,,,,,,false,false,false,,,false,false,false,false,false,-83.21957,42.40122,"{
  ""coordinates"": [
    -8.321957557099999e+01,
    4.240121783900000e+01
  ],
  ""type"": ""Point""
}","{
  ""coordinates"": [
    -83.219575571,
    42.401217839
  ],
  ""type"": ""Point""
}",-83.219575571,42.401217839
20409,9974482,GRATIOT,EDGEWOOD,2017-03-09,9,3,2017,19,5,8,3,,1,0,,1,1,4,35,3,2,1,5,0,0,0,0,true,,false,false,true,false,false,,,,,,false,false,false,,,false,false,false,false,false,-83.00168,42.39852,"{
  ""coordinates"": [
    -8.300167609800000e+01,
    4.239852154900010e+01
  ],
  ""type"": ""Point""
}","{
  ""coordinates"": [
    -83.001676098,
    42.398521549
  ],
  ""type"": ""Point""
}",-83.001676098,42.3985215490001
20410,9972444,HAVERHILL,CORNWALL,2017-03-09,9,3,2017,4,5,1,9,,,0,,1,6,5,25,2,1,1,5,0,0,0,0,true,,false,false,false,false,false,,,,,,false,false,false,,,false,false,false,false,false,-82.94225,42.40036,"{
  ""coordinates"": [
    -8.294224597100001e+01,
    4.240035956800010e+01
  ],
  ""type"": ""Point""
}","{
  ""coordinates"": [
    -82.942245971,
    42.400359568
  ],
  ""type"": ""Point""
}",-82.942245971,42.4003595680001
20411,9973526,LARNED,BRUSH,2017-03-08,8,3,2017,17,4,5,9,,4,0,,1,1,1,25,3,2,1,5,0,0,0,0,true,,false,false,false,false,false,,,,,,false,false,false,,,false,false,false,false,false,-83.04149,42.33105,"{
  ""coordinates"": [
    -8.304148723700000e+01,
    4.233104616200010e+01
  ],
  ""type"": ""Point""
}","{
  ""coordinates"": [
    -83.041487237,
    42.331046162
  ],
  ""type"": ""Point""
}",-83.041487237,42.3310461620001
20412,9972442,BEATRICE,PLEASANT,2017-03-08,8,3,2017,0,4,4,9,,,0,,1,1,4,35,2,2,1,5,0,0,0,0,true,,false,false,true,false,false,,,,,,false,false,false,,,false,false,false,false,false,-83.144,42.28114,"{
  ""coordinates"": [
    -8.314400307200000e+01,
    4.228114093300010e+01
  ],
  ""type"": ""Point""
}","{
  ""coordinates"": [
    -83.144003072,
    42.281140933
  ],
  ""type"": ""Point""
}",-83.144003072,42.2811409330001
20413,9973486,I-75,MCNICHOLS,2017-03-08,8,3,2017,17,4,8,1,,1,0,,1,1,1,70,5,2,2,5,0,0,0,0,true,,false,false,false,false,false,,,,,,false,false,false,,,false,false,false,false,false,-83.08716,42.41752,"{
  ""coordinates"": [
    -8.308716106900000e+01,
    4.241752318900010e+01
  ],
  ""type"": ""Point""
}","{
  ""coordinates"": [
    -83.087161069,
    42.417523189
  ],
  ""type"": ""Point""
}",-83.087161069,42.4175231890001
20414,9973514,CHRYSLER,MACK,2017-03-08,8,3,2017,13,4,1,1,,1,0,,1,1,1,25,4,2,1,3,0,0,1,0,false,,false,false,false,false,false,,,,,,true,false,false,,,false,false,false,false,false,-83.0481,42.35112,"{
  ""coordinates"": [
    -8.304810351799991e+01,
    4.235111480100010e+01
  ],
  ""type"": ""Point""
}","{
  ""coordinates"": [
    -83.048103518,
    42.351114801
  ],
  ""type"": ""Point""
}",-83.0481035179999,42.3511148010001
20415,9974453,CADIEUX,FRANKFORT,2017-03-08,8,3,2017,11,4,5,9,,4,0,,1,1,1,30,2,2,2,5,0,0,0,0,true,,false,false,false,false,false,,,,,,false,false,true,,,false,false,false,false,false,-82.93108,42.40802,"{
  ""coordinates"": [
    -8.293108284399990e+01,
    4.240801567900010e+01
  ],
  ""type"": ""Point""
}","{
  ""coordinates"": [
    -82.931082844,
    42.408015679
  ],
  ""type"": ""Point""
}",-82.9310828439999,42.4080156790001
20416,9972448,PLYMOUTH,WOODMONT,2017-03-08,8,3,2017,16,4,5,9,,4,0,,1,1,1,30,6,2,5,4,0,0,0,1,false,,false,false,false,false,false,,,,,,false,false,false,,,false,false,false,false,false,-83.20827,42.37243,"{
  ""coordinates"": [
    -8.320826856699991e+01,
    4.237242437300010e+01
  ],
  ""type"": ""Point""
}","{
  ""coordinates"": [
    -83.208268567,
    42.372424373
  ],
  ""type"": ""Point""
}",-83.2082685669999,42.3724243730001
20417,9972396,E I 96 CD,RAMP 135A,2017-03-08,8,3,2017,14,4,1,1,,1,0,,1,1,1,50,3,1,1,5,0,0,0,0,true,,false,false,false,false,false,,,,,,false,false,false,,,false,false,false,false,false,-83.24139,42.38395,"{
  ""coordinates"": [
    -8.324138642799990e+01,
    4.238395422000010e+01
  ],
  ""type"": ""Point""
}","{
  ""coordinates"": [
    -83.241386428,
    42.38395422
  ],
  ""type"": ""Point""
}",-83.2413864279999,42.3839542200001
20418,9975733,SANTA MARIA,SNOWDEN,2017-03-08,8,3,2017,15,4,4,9,,,0,,1,6,1,25,1,2,2,4,0,0,0,1,false,,false,false,false,false,false,,,,,,false,false,true,,,false,false,false,false,false,-83.17754,42.41845,"{
  ""coordinates"": [
    -8.317754110300000e+01,
    4.241844988600010e+01
  ],
  ""type"": ""Point""
}","{
  ""coordinates"": [
    -83.177541103,
    42.418449886
  ],
  ""type"": ""Point""
}",-83.177541103,42.4184498860001
20419,9972453,OUTER,BURT,2017-03-08,8,3,2017,22,4,4,9,,2,0,,1,1,5,0,2,2,2,5,0,0,0,0,true,,false,false,true,false,false,,,,,,false,false,false,,,false,false,false,false,false,-83.24729,42.39794,"{
  ""coordinates"": [
    -8.324729403500000e+01,
    4.239793873700010e+01
  ],
  ""type"": ""Point""
}","{
  ""coordinates"": [
    -83.247294035,
    42.397938737
  ],
  ""type"": ""Point""
}",-83.247294035,42.3979387370001
20420,9982937,M-10,MILWAUKEE,2017-03-08,8,3,2017,17,4,5,3,,1,0,,1,1,1,55,4,2,1,5,0,0,0,0,true,,false,false,true,false,false,,,,,,false,false,false,,,false,false,false,false,false,-83.07992,42.36474,"{
  ""coordinates"": [
    -8.307992054899999e+01,
    4.236473966500010e+01
  ],
  ""type"": ""Point""
}","{
  ""coordinates"": [
    -83.079920549,
    42.364739665
  ],
  ""type"": ""Point""
}",-83.079920549,42.3647396650001
20421,9980120,W/B I-94,JOHN R,2017-03-08,8,3,2017,20,4,5,1,,1,0,,1,1,4,55,3,2,2,5,0,0,0,0,true,,false,false,false,false,false,,,,,,false,true,false,,,false,false,false,false,false,-83.06623,42.36505,"{
  ""coordinates"": [
    -8.306623413400000e+01,
    4.236504573000010e+01
  ],
  ""type"": ""Point""
}","{
  ""coordinates"": [
    -83.066234134,
    42.36504573
  ],
  ""type"": ""Point""
}",-83.066234134,42.3650457300001
20422,9973580,CHALMERS,FLANDERS,2017-03-08,8,3,2017,9,4,4,9,,4,0,,1,1,1,0,2,2,2,5,0,0,0,0,true,,false,false,false,false,false,,,,,,false,true,false,,,false,false,false,false,false,-82.97366,42.41898,"{
  ""coordinates"": [
    -8.297366393399990e+01,
    4.241897698400000e+01
  ],
  ""type"": ""Point""
}","{
  ""coordinates"": [
    -82.973663934,
    42.418976984
  ],
  ""type"": ""Point""
}",-82.9736639339999,42.418976984
20423,1001279,CHALMERS,FLANDERS,2017-03-08,8,3,2017,9,4,4,9,,4,0,,1,1,1,0,2,2,2,5,0,0,0,0,true,,false,false,false,false,false,,,,,,false,true,false,,,false,false,false,false,false,-82.9739,42.41934,"{
  ""coordinates"": [
    -8.297390328700000e+01,
    4.241934294300010e+01
  ],
  ""type"": ""Point""
}","{
  ""coordinates"": [
    -82.973903287,
    42.419342943
  ],
  ""type"": ""Point""
}",-82.973903287,42.4193429430001
20424,9972467,7 MILE,N I 75,2017-03-08,8,3,2017,16,4,4,9,,4,0,,1,1,1,30,4,2,2,5,0,0,0,0,true,,false,false,false,false,false,,,,,,false,true,false,,,false,false,false,false,false,-83.09475,42.43249,"{
  ""coordinates"": [
    -8.309474578200000e+01,
    4.243248669400000e+01
  ],
  ""type"": ""Point""
}","{
  ""coordinates"": [
    -83.094745782,
    42.432486694
  ],
  ""type"": ""Point""
}",-83.094745782,42.432486694
20425,9975757,WARREN,THIRD,2017-03-08,8,3,2017,16,4,5,9,,4,0,,1,1,1,25,3,3,3,5,0,0,0,0,true,,false,false,false,false,false,,,,,,false,true,false,,,false,false,false,false,false,-83.0719,42.35444,"{
  ""coordinates"": [
    -8.307190033500000e+01,
    4.235444250800000e+01
  ],
  ""type"": ""Point""
}","{
  ""coordinates"": [
    -83.071900335,
    42.354442508
  ],
  ""type"": ""Point""
}",-83.071900335,42.354442508
20426,9972461,GLASTONBURY,SCHOOLCRAFT,2017-03-08,8,3,2017,6,4,7,9,,,0,,1,1,5,25,2,2,1,4,0,0,0,1,false,,false,false,true,false,false,,,,,,false,false,false,,,false,false,false,false,false,-83.22476,42.3864,"{
  ""coordinates"": [
    -8.322475875700000e+01,
    4.238640112300000e+01
  ],
  ""type"": ""Point""
}","{
  ""coordinates"": [
    -83.224758757,
    42.386401123
  ],
  ""type"": ""Point""
}",-83.224758757,42.386401123
20427,9974467,1457 VAN DYKE,COE,2017-03-08,8,3,2017,13,4,1,9,,4,1,,1,6,1,25,2,1,2,3,0,0,1,1,false,,false,false,false,false,false,,,,,,false,false,false,,,false,false,false,false,false,-82.99833,42.3562,"{
  ""coordinates"": [
    -8.299833171499991e+01,
    4.235619692300000e+01
  ],
  ""type"": ""Point""
}","{
  ""coordinates"": [
    -82.998331715,
    42.356196923
  ],
  ""type"": ""Point""
}",-82.9983317149999,42.356196923
20428,1001223,TARNOW,EDSELFORD,2017-03-08,8,3,2017,18,4,98,9,,,0,,1,6,1,30,2,2,0,5,0,0,0,0,true,,false,false,true,false,false,,,,,,false,false,false,,,false,false,false,false,false,-83.13628,42.3336,"{
  ""coordinates"": [
    -8.313627357699990e+01,
    4.233359710400000e+01
  ],
  ""type"": ""Point""
}","{
  ""coordinates"": [
    -83.136273577,
    42.333597104
  ],
  ""type"": ""Point""
}",-83.1362735769999,42.333597104
20429,9973464,I-96,SCHAEFER,2017-03-08,8,3,2017,4,4,5,1,,1,0,,1,1,4,55,4,2,2,5,0,0,0,0,true,,false,false,false,false,false,,,,,,false,false,false,,,false,false,false,false,false,-83.17648,42.38374,"{
  ""coordinates"": [
    -8.317648160800000e+01,
    4.238373738200000e+01
  ],
  ""type"": ""Point""
}","{
  ""coordinates"": [
    -83.176481608,
    42.383737382
  ],
  ""type"": ""Point""
}",-83.176481608,42.383737382
20430,9973531,TRACEY,PURITAN,2017-03-08,8,3,2017,18,4,4,9,,,0,,1,1,1,25,1,2,1,5,0,0,0,0,true,,false,false,true,false,false,,,,,,false,false,false,,,false,false,false,false,false,-83.18053,42.4095,"{
  ""coordinates"": [
    -8.318052925099990e+01,
    4.240949468400000e+01
  ],
  ""type"": ""Point""
}","{
  ""coordinates"": [
    -83.180529251,
    42.409494684
  ],
  ""type"": ""Point""
}",-83.1805292509999,42.409494684
20431,9972443,JEFFERSON,KITCHENER,2017-03-08,8,3,2017,18,4,1,9,,4,0,,1,1,1,35,5,2,0,2,0,1,0,0,false,,false,false,true,false,false,,,,,,true,false,false,,,false,false,false,false,false,-82.95582,42.37031,"{
  ""coordinates"": [
    -8.295581845800000e+01,
    4.237031236200000e+01
  ],
  ""type"": ""Point""
}","{
  ""coordinates"": [
    -82.955818458,
    42.370312362
  ],
  ""type"": ""Point""
}",-82.955818458,42.370312362
20432,9973445,I-96,TELEGRAPH1,2017-03-08,8,3,2017,3,4,5,1,,1,0,,1,1,4,70,4,2,2,5,0,0,0,0,true,,false,false,false,false,false,,,,,,false,false,false,,,false,false,false,false,false,-83.26627,42.38579,"{
  ""coordinates"": [
    -8.326627631199990e+01,
    4.238578818600010e+01
  ],
  ""type"": ""Point""
}","{
  ""coordinates"": [
    -83.266276312,
    42.385788186
  ],
  ""type"": ""Point""
}",-83.2662763119999,42.3857881860001
20433,9973534,CADET,RADEMACHER,2017-03-08,8,3,2017,21,4,1,9,,,0,,1,1,4,25,2,1,1,5,0,0,0,0,true,,false,false,false,true,false,,,,,,false,false,true,,,false,false,false,false,false,-83.11227,42.31225,"{
  ""coordinates"": [
    -8.311226982999990e+01,
    4.231224856100000e+01
  ],
  ""type"": ""Point""
}","{
  ""coordinates"": [
    -83.11226983,
    42.312248561
  ],
  ""type"": ""Point""
}",-83.1122698299999,42.312248561
20434,9972450,ROUGE PARK,PLYMOUTH,2017-03-08,8,3,2017,13,4,1,9,,2,0,,1,2,1,25,2,1,1,5,0,0,0,0,true,,false,false,false,false,false,,,,,,false,false,false,,,false,false,false,false,false,-83.25918,42.3717,"{
  ""coordinates"": [
    -8.325918041400000e+01,
    4.237169681500010e+01
  ],
  ""type"": ""Point""
}","{
  ""coordinates"": [
    -83.259180414,
    42.371696815
  ],
  ""type"": ""Point""
}",-83.259180414,42.3716968150001
20435,9973605,14TH,GRAND,2017-03-08,8,3,2017,19,4,4,9,,4,0,,1,1,5,0,5,2,2,4,0,0,0,2,false,,false,false,false,false,false,,,,,,false,false,false,,,false,false,false,false,false,-83.09451,42.36232,"{
  ""coordinates"": [
    -8.309450786900000e+01,
    4.236231902600010e+01
  ],
  ""type"": ""Point""
}","{
  ""coordinates"": [
    -83.094507869,
    42.362319026
  ],
  ""type"": ""Point""
}",-83.094507869,42.3623190260001
20436,9970813,MACK,BEAUBIEN,2017-03-08,8,3,2017,8,4,8,9,,4,0,,1,1,1,0,3,2,3,5,0,0,0,0,true,,false,false,false,false,false,,,,,,false,true,false,,,false,false,false,false,false,-83.05237,42.34973,"{
  ""coordinates"": [
    -8.305236668899990e+01,
    4.234972694900010e+01
  ],
  ""type"": ""Point""
}","{
  ""coordinates"": [
    -83.052366689,
    42.349726949
  ],
  ""type"": ""Point""
}",-83.0523666889999,42.3497269490001
20437,9972469,RYAN,NEVADA,2017-03-08,8,3,2017,9,4,5,9,,4,0,,1,1,1,25,2,2,2,5,0,0,0,0,true,,false,false,false,false,false,,,,,,false,false,true,,,false,false,false,false,false,-83.06285,42.42864,"{
  ""coordinates"": [
    -8.306285093199990e+01,
    4.242863807800010e+01
  ],
  ""type"": ""Point""
}","{
  ""coordinates"": [
    -83.062850932,
    42.428638078
  ],
  ""type"": ""Point""
}",-83.0628509319999,42.4286380780001
20438,9973611,CURTIS,JAMES COUZENS,2017-03-08,8,3,2017,16,4,5,9,,4,0,,1,1,1,25,2,2,4,5,0,0,0,0,true,,false,false,false,false,false,,,,,,false,true,false,,,false,false,false,false,false,-83.17864,42.42386,"{
  ""coordinates"": [
    -8.317864174999990e+01,
    4.242386361700010e+01
  ],
  ""type"": ""Point""
}","{
  ""coordinates"": [
    -83.17864175,
    42.423863617
  ],
  ""type"": ""Point""
}",-83.1786417499999,42.4238636170001
20439,9978850,S I 75,TRUMBULL,2017-03-08,8,3,2017,17,4,5,1,,1,0,,1,2,1,55,3,2,2,5,0,0,0,0,true,,false,false,false,false,false,,,,,,false,false,true,,,false,false,false,false,false,-83.06828,42.33457,"{
  ""coordinates"": [
    -8.306828378300000e+01,
    4.233456976400000e+01
  ],
  ""type"": ""Point""
}","{
  ""coordinates"": [
    -83.068283783,
    42.334569764
  ],
  ""type"": ""Point""
}",-83.068283783,42.334569764
20440,9972452,MANSFIELD,WARREN,2017-03-08,8,3,2017,21,4,1,9,,,1,,1,1,5,25,2,1,1,4,0,0,0,1,false,,false,false,false,false,false,,,,,,false,false,true,,,false,false,false,false,false,-83.20238,42.34339,"{
  ""coordinates"": [
    -8.320238804000000e+01,
    4.234338946100010e+01
  ],
  ""type"": ""Point""
}","{
  ""coordinates"": [
    -83.20238804,
    42.343389461
  ],
  ""type"": ""Point""
}",-83.20238804,42.3433894610001
20441,9973463,M-8,WOODWARD,2017-03-08,8,3,2017,3,4,5,3,,1,0,,1,1,4,55,4,2,2,4,0,0,0,2,false,,false,false,false,false,false,,,,,,false,true,true,,,false,false,false,false,false,-83.0482,42.33037,"{
  ""coordinates"": [
    -8.304820312899990e+01,
    4.233037095200010e+01
  ],
  ""type"": ""Point""
}","{
  ""coordinates"": [
    -83.048203129,
    42.330370952
  ],
  ""type"": ""Point""
}",-83.0482031289999,42.3303709520001
20442,9971640,FORT,DOWNING,2017-03-08,8,3,2017,8,4,5,3,,1,0,,1,1,1,30,6,2,2,5,0,0,0,0,true,,false,false,false,false,false,,,,,,false,true,false,,,false,false,false,false,false,-83.15895,42.27226,"{
  ""coordinates"": [
    -8.315894938700001e+01,
    4.227225825900010e+01
  ],
  ""type"": ""Point""
}","{
  ""coordinates"": [
    -83.158949387,
    42.272258259
  ],
  ""type"": ""Point""
}",-83.158949387,42.2722582590001
20443,9972455,AGNES,MCCLLELAN,2017-03-08,8,3,2017,9,4,1,9,,,0,,1,1,1,25,1,1,1,5,0,0,0,0,true,,false,false,false,false,false,,,,,,false,true,false,,,false,false,false,false,false,-82.98544,42.36059,"{
  ""coordinates"": [
    -8.298543449899999e+01,
    4.236059089000000e+01
  ],
  ""type"": ""Point""
}","{
  ""coordinates"": [
    -82.985434499,
    42.36059089
  ],
  ""type"": ""Point""
}",-82.985434499,42.36059089
20444,9975761,ST ANTOINE,CANFIELD,2017-03-08,8,3,2017,10,4,8,9,,4,0,,1,1,1,25,3,2,2,5,0,0,0,0,true,,false,false,false,true,false,,,,,,false,false,false,,,false,false,false,false,false,-83.05425,42.35562,"{
  ""coordinates"": [
    -8.305425630199990e+01,
    4.235561782100010e+01
  ],
  ""type"": ""Point""
}","{
  ""coordinates"": [
    -83.054256302,
    42.355617821
  ],
  ""type"": ""Point""
}",-83.0542563019999,42.3556178210001
20445,9987365,MACK,WHITTIER,2017-03-08,8,3,2017,21,4,5,9,,2,0,,1,1,5,30,4,2,4,4,0,0,0,1,false,,false,false,false,false,false,,,,,,false,false,true,,,false,false,false,false,false,-82.92915,42.39218,"{
  ""coordinates"": [
    -8.292915198000000e+01,
    4.239217877600000e+01
  ],
  ""type"": ""Point""
}","{
  ""coordinates"": [
    -82.92915198,
    42.392178776
  ],
  ""type"": ""Point""
}",-82.92915198,42.392178776
20446,9973533,MICHIGAN,WESSON,2017-03-08,8,3,2017,17,4,97,2,,1,0,,1,1,1,35,5,2,3,2,0,1,0,0,false,,false,false,false,false,false,,,,,,false,false,true,,,false,false,false,false,false,-83.11556,42.33115,"{
  ""coordinates"": [
    -8.311556332000001e+01,
    4.233115448200000e+01
  ],
  ""type"": ""Point""
}","{
  ""coordinates"": [
    -83.11556332,
    42.331154482
  ],
  ""type"": ""Point""
}",-83.11556332,42.331154482
20447,9974448,EDSEL FORD,I-75,2017-03-08,8,3,2017,12,4,5,1,,1,0,,1,1,1,55,3,2,2,5,0,0,0,0,true,,false,false,false,false,false,,,,,,false,false,false,,,false,false,false,false,false,-83.05849,42.36816,"{
  ""coordinates"": [
    -8.305848508199990e+01,
    4.236815917100010e+01
  ],
  ""type"": ""Point""
}","{
  ""coordinates"": [
    -83.058485082,
    42.368159171
  ],
  ""type"": ""Point""
}",-83.0584850819999,42.3681591710001
20448,9973485,MICHIGAN,LIVERNOIS,2017-03-08,8,3,2017,10,4,5,2,,1,0,,1,1,1,35,5,3,5,4,0,0,0,1,false,,false,false,false,false,false,,,,,,false,false,true,,,false,false,false,false,false,-83.12219,42.33113,"{
  ""coordinates"": [
    -8.312219216100000e+01,
    4.233112716300010e+01
  ],
  ""type"": ""Point""
}","{
  ""coordinates"": [
    -83.122192161,
    42.331127163
  ],
  ""type"": ""Point""
}",-83.122192161,42.3311271630001
20449,9971619,I-75,WARREN,2017-03-08,8,3,2017,8,4,1,1,,1,1,,1,1,1,55,4,1,1,5,0,0,0,0,true,,false,false,false,false,false,,,,,,false,false,false,,,false,false,false,false,false,-83.05362,42.35944,"{
  ""coordinates"": [
    -8.305361934400000e+01,
    4.235944526500000e+01
  ],
  ""type"": ""Point""
}","{
  ""coordinates"": [
    -83.053619344,
    42.359445265
  ],
  ""type"": ""Point""
}",-83.053619344,42.359445265
20450,9971638,14TH,WARREN,2017-03-08,8,3,2017,9,4,98,9,,4,0,,1,1,1,35,4,2,2,5,0,0,0,0,true,,true,true,true,false,false,,,,,,false,false,false,,,false,false,false,false,false,-83.08685,42.34954,"{
  ""coordinates"": [
    -8.308685615300000e+01,
    4.234953672800000e+01
  ],
  ""type"": ""Point""
}","{
  ""coordinates"": [
    -83.086856153,
    42.349536728
  ],
  ""type"": ""Point""
}",-83.086856153,42.349536728
20451,9989436,CADIEUX,CHANDLER PARK,2017-03-08,8,3,2017,18,4,6,9,,4,0,,1,1,4,30,2,2,2,5,0,0,0,0,true,,false,false,true,false,false,,,,,,false,true,false,,,false,false,false,false,false,-82.933,42.41093,"{
  ""coordinates"": [
    -8.293299932900000e+01,
    4.241093096500000e+01
  ],
  ""type"": ""Point""
}","{
  ""coordinates"": [
    -82.932999329,
    42.410930965
  ],
  ""type"": ""Point""
}",-82.932999329,42.410930965
20452,9971656,8 MILE,SOUTHFIELD SERVICE DRIVE,2017-03-08,8,3,2017,12,4,4,3,,1,0,,1,1,1,45,4,2,2,5,0,0,0,0,true,,false,false,false,false,false,,,,,,false,true,true,,,false,false,false,false,false,-83.22018,42.44417,"{
  ""coordinates"": [
    -8.322018324000000e+01,
    4.244417247000010e+01
  ],
  ""type"": ""Point""
}","{
  ""coordinates"": [
    -83.22018324,
    42.44417247
  ],
  ""type"": ""Point""
}",-83.22018324,42.4441724700001
20453,9970728,I-75,7 MILE,2017-03-08,8,3,2017,6,4,8,1,,1,0,,1,1,2,70,4,2,2,5,0,0,0,0,true,,false,false,true,false,false,,,,,,false,false,false,,,false,false,false,false,false,-83.07737,42.40725,"{
  ""coordinates"": [
    -8.307736623300001e+01,
    4.240724395500010e+01
  ],
  ""type"": ""Point""
}","{
  ""coordinates"": [
    -83.077366233,
    42.407243955
  ],
  ""type"": ""Point""
}",-83.077366233,42.4072439550001
20454,9974442,FREUD,SAINT JEAN,2017-03-08,8,3,2017,7,4,1,9,,4,1,,1,1,1,25,2,1,0,5,0,0,0,0,true,,false,false,true,false,false,,,,,,false,false,false,,,false,false,false,false,false,-82.96796,42.36063,"{
  ""coordinates"": [
    -8.296796033100000e+01,
    4.236063556000000e+01
  ],
  ""type"": ""Point""
}","{
  ""coordinates"": [
    -82.967960331,
    42.36063556
  ],
  ""type"": ""Point""
}",-82.967960331,42.36063556
20455,9975760,FOREST,S M 10,2017-03-08,8,3,2017,21,4,5,9,,4,0,,1,6,4,30,5,2,2,5,0,0,0,0,true,,false,false,true,false,false,,,,,,false,false,false,,,false,false,false,false,false,-83.07225,42.35158,"{
  ""coordinates"": [
    -8.307224823500000e+01,
    4.235157812900010e+01
  ],
  ""type"": ""Point""
}","{
  ""coordinates"": [
    -83.072248235,
    42.351578129
  ],
  ""type"": ""Point""
}",-83.072248235,42.3515781290001
20456,9973444,I-75,GREENDALE,2017-03-08,8,3,2017,1,4,1,9,,5,0,,1,1,4,70,4,1,0,5,0,0,0,0,true,,false,false,false,false,false,,,,,,false,false,false,,,false,false,false,false,false,-83.09563,42.44159,"{
  ""coordinates"": [
    -8.309562626199990e+01,
    4.244159160700010e+01
  ],
  ""type"": ""Point""
}","{
  ""coordinates"": [
    -83.095626262,
    42.441591607
  ],
  ""type"": ""Point""
}",-83.0956262619999,42.4415916070001
20457,9971636,GRATIOT,RANDOLPH,2017-03-08,8,3,2017,8,4,4,3,,1,0,,1,2,1,30,7,2,2,5,0,0,0,0,true,,false,false,false,false,false,,,,,,false,false,false,,,false,false,false,false,false,-83.04504,42.33534,"{
  ""coordinates"": [
    -8.304503457800000e+01,
    4.233533762900000e+01
  ],
  ""type"": ""Point""
}","{
  ""coordinates"": [
    -83.045034578,
    42.335337629
  ],
  ""type"": ""Point""
}",-83.045034578,42.335337629
20458,9978882,DEAN,LANTZ,2017-03-08,8,3,2017,22,4,8,9,,,0,,1,1,4,30,3,2,0,5,0,0,0,0,true,,false,false,true,false,false,,,,,,false,false,false,,,false,false,false,false,false,-83.06238,42.43822,"{
  ""coordinates"": [
    -8.306238009099999e+01,
    4.243821549600010e+01
  ],
  ""type"": ""Point""
}","{
  ""coordinates"": [
    -83.062380091,
    42.438215496
  ],
  ""type"": ""Point""
}",-83.062380091,42.4382154960001
20459,9971650,W.WARREN,GREENFIELD,2017-03-08,8,3,2017,14,4,97,9,,2,0,,1,1,1,35,4,2,3,5,0,0,0,0,true,,false,false,true,false,false,,,,,,false,false,false,,,false,false,false,false,false,-83.19628,42.34367,"{
  ""coordinates"": [
    -8.319628346000000e+01,
    4.234367159600000e+01
  ],
  ""type"": ""Point""
}","{
  ""coordinates"": [
    -83.19628346,
    42.343671596
  ],
  ""type"": ""Point""
}",-83.19628346,42.343671596
20460,9974473,CHALMERS,LONGVIEW,2017-03-08,8,3,2017,0,4,2,9,,4,2,,1,1,4,35,2,3,3,3,0,0,1,1,false,,false,false,false,true,false,,,,,,false,false,false,,,false,false,false,false,false,-82.9688,42.41145,"{
  ""coordinates"": [
    -8.296879703199990e+01,
    4.241144467600000e+01
  ],
  ""type"": ""Point""
}","{
  ""coordinates"": [
    -82.968797032,
    42.411444676
  ],
  ""type"": ""Point""
}",-82.9687970319999,42.411444676
20461,9970858,EXETER,REMINGTON,2017-03-08,8,3,2017,0,4,4,9,,,0,,1,1,4,25,2,2,3,5,0,0,0,0,true,,true,false,false,true,false,,,,,,false,false,true,,,false,false,false,false,false,-83.10513,42.44209,"{
  ""coordinates"": [
    -8.310513297200001e+01,
    4.244209401200000e+01
  ],
  ""type"": ""Point""
}","{
  ""coordinates"": [
    -83.105132972,
    42.442094012
  ],
  ""type"": ""Point""
}",-83.105132972,42.442094012
20462,9991211,GREENFIELD,BLESSER,2017-03-08,8,3,2017,16,4,5,9,,2,0,,1,1,1,35,3,2,3,5,0,0,0,0,true,,false,false,false,false,false,,,,,,false,false,false,,,false,false,false,false,false,-83.19622,42.34194,"{
  ""coordinates"": [
    -8.319621823499990e+01,
    4.234194272600010e+01
  ],
  ""type"": ""Point""
}","{
  ""coordinates"": [
    -83.196218235,
    42.341942726
  ],
  ""type"": ""Point""
}",-83.1962182349999,42.3419427260001
20463,9991858,I-75,8 MILE,2017-03-08,8,3,2017,16,4,5,1,,1,0,,1,1,1,70,3,5,6,4,0,0,0,3,false,,false,false,false,false,false,,,,,,false,false,false,,,false,false,false,false,false,-83.09466,42.44535,"{
  ""coordinates"": [
    -8.309466079600000e+01,
    4.244535407500010e+01
  ],
  ""type"": ""Point""
}","{
  ""coordinates"": [
    -83.094660796,
    42.445354075
  ],
  ""type"": ""Point""
}",-83.094660796,42.4453540750001