ObjectId,Crash ID,Primary Road,Intersecting Road,Crash Date,Day,Month,Year,Hour,Weekday,Crash Type Code,Highway Classification Code,Community Code,Jurisdiction Code,Lane Departure Type Code,Surface Type,Road Condition,Weather Condition,Lighting Condition,Speed Limit,Lanes,Units,Occupants,Most Severe Injury,Fatal Injuries,Suspected Serious Injuries,Suspected Minor Injuries,Possible Injuries,Property Damage Only,Secondary Crash,Traffic Control,Red Light Run,Hit and Run,Alcohol,Drugs,Unbelted Person,Work Zone,Speeding Driver,Distracted Driver,Driveway,Pedestrian,Elderly Driver,Young Driver,Commercial Vehicle,Emergency Vehicles,Train,School Bus,Motorcycle,Bicycle,Deer,Longitude,Latitude,geom,geog,x,y
20578,9970854,7 MILE,VAN DYKE,2017-03-07,7,3,2017,14,3,8,3,,4,0,,1,1,1,35,4,2,1,5,0,0,0,0,true,,false,false,false,false,false,,,,,,false,false,true,,,false,false,false,false,false,-83.02398,42.43398,"{
  ""coordinates"": [
    -8.302397784199999e+01,
    4.243398164500010e+01
  ],
  ""type"": ""Point""
}","{
  ""coordinates"": [
    -83.023977842,
    42.433981645
  ],
  ""type"": ""Point""
}",-83.023977842,42.4339816450001
20579,9976726,I-75,HOLBROOK,2017-03-07,7,3,2017,18,3,5,1,,1,0,,1,1,3,70,4,2,3,5,0,0,0,0,true,,false,false,false,false,false,,,,,,false,false,false,,,false,false,false,false,false,-83.06798,42.3864,"{
  ""coordinates"": [
    -8.306797435500000e+01,
    4.238639731300000e+01
  ],
  ""type"": ""Point""
}","{
  ""coordinates"": [
    -83.067974355,
    42.386397313
  ],
  ""type"": ""Point""
}",-83.067974355,42.386397313
20580,9975738,KENTUCKY,7 MILE,2017-03-07,7,3,2017,16,3,4,9,,,0,,1,2,1,25,2,2,2,5,0,0,0,0,true,,false,false,false,false,false,,,,,,false,false,false,,,false,false,false,false,false,-83.15988,42.43117,"{
  ""coordinates"": [
    -8.315988159400000e+01,
    4.243117024000000e+01
  ],
  ""type"": ""Point""
}","{
  ""coordinates"": [
    -83.159881594,
    42.43117024
  ],
  ""type"": ""Point""
}",-83.159881594,42.43117024
20581,9982929,I-96,EVERGREEN,2017-03-07,7,3,2017,16,3,97,1,,1,0,,1,1,1,70,3,2,3,5,0,0,0,0,true,,false,false,false,false,false,,,,,,false,true,false,,,false,false,false,false,false,-83.23803,42.38129,"{
  ""coordinates"": [
    -8.323802782300000e+01,
    4.238128683700010e+01
  ],
  ""type"": ""Point""
}","{
  ""coordinates"": [
    -83.238027823,
    42.381286837
  ],
  ""type"": ""Point""
}",-83.238027823,42.3812868370001
20582,9970839,SUNDERLAND,PICKFORD,2017-03-07,7,3,2017,18,3,4,9,,,0,,1,1,1,25,2,2,6,5,0,0,0,0,true,,true,false,false,false,false,,,,,,false,false,false,,,false,false,false,false,false,-83.22845,42.42473,"{
  ""coordinates"": [
    -8.322845544499999e+01,
    4.242473023200010e+01
  ],
  ""type"": ""Point""
}","{
  ""coordinates"": [
    -83.228455445,
    42.424730232
  ],
  ""type"": ""Point""
}",-83.228455445,42.4247302320001
20583,9973478,I-75,7 MILE,2017-03-07,7,3,2017,6,3,1,1,,1,1,,2,4,4,70,4,1,1,5,0,0,0,0,true,,false,false,false,false,false,,,,,,false,false,true,,,false,false,false,false,false,-83.09429,42.4296,"{
  ""coordinates"": [
    -8.309428805499989e+01,
    4.242960201900010e+01
  ],
  ""type"": ""Point""
}","{
  ""coordinates"": [
    -83.094288055,
    42.429602019
  ],
  ""type"": ""Point""
}",-83.0942880549999,42.4296020190001
20584,9977863,GRAND,ROSA PARKS,2017-03-07,7,3,2017,17,3,4,9,,4,0,,1,1,1,0,3,2,2,5,0,0,0,0,true,,false,false,false,false,false,,,,,,false,false,false,,,false,false,false,false,false,-83.09102,42.36362,"{
  ""coordinates"": [
    -8.309102210400000e+01,
    4.236361597400000e+01
  ],
  ""type"": ""Point""
}","{
  ""coordinates"": [
    -83.091022104,
    42.363615974
  ],
  ""type"": ""Point""
}",-83.091022104,42.363615974
20585,9975668,OWEN,OAKLAND,2017-03-07,7,3,2017,9,3,4,9,,4,0,,2,2,1,35,2,2,1,5,0,0,0,0,true,,false,false,false,false,false,,,,,,false,false,false,,,false,false,false,false,false,-83.07276,42.38608,"{
  ""coordinates"": [
    -8.307276226899999e+01,
    4.238607943100000e+01
  ],
  ""type"": ""Point""
}","{
  ""coordinates"": [
    -83.072762269,
    42.386079431
  ],
  ""type"": ""Point""
}",-83.072762269,42.386079431
20586,9971648,FIELDING,GRAND RIVER,2017-03-07,7,3,2017,16,3,97,9,,,0,,1,1,1,25,2,2,0,5,0,0,0,0,true,,false,false,true,false,false,,,,,,false,false,false,,,false,false,false,false,false,-83.24318,42.41206,"{
  ""coordinates"": [
    -8.324317826200000e+01,
    4.241206482700010e+01
  ],
  ""type"": ""Point""
}","{
  ""coordinates"": [
    -83.243178262,
    42.412064827
  ],
  ""type"": ""Point""
}",-83.243178262,42.4120648270001
20587,9973489,I-94,MT ELLIOTT,2017-03-07,7,3,2017,0,3,1,1,,1,1,,2,2,4,55,3,1,1,5,0,0,0,0,true,,false,false,false,false,false,,,,,,false,false,false,,,false,false,false,false,false,-83.03545,42.37846,"{
  ""coordinates"": [
    -8.303545324899990e+01,
    4.237846214900000e+01
  ],
  ""type"": ""Point""
}","{
  ""coordinates"": [
    -83.035453249,
    42.378462149
  ],
  ""type"": ""Point""
}",-83.0354532489999,42.378462149
20588,9975764,SECOND,HANCOCK,2017-03-07,7,3,2017,1,3,4,9,,5,0,,2,1,4,25,5,2,3,5,0,0,0,0,true,,false,false,false,false,false,,,,,,false,false,true,,,false,false,false,false,false,-83.06825,42.35415,"{
  ""coordinates"": [
    -8.306825393500000e+01,
    4.235415209900000e+01
  ],
  ""type"": ""Point""
}","{
  ""coordinates"": [
    -83.068253935,
    42.354152099
  ],
  ""type"": ""Point""
}",-83.068253935,42.354152099
20589,9976851,MCNICHOLS,GRIGGS,2017-03-06,6,3,2017,12,2,9,9,,2,0,,2,4,1,25,1,2,4,5,0,0,0,0,true,,false,false,false,false,false,,,,,,false,true,true,,,false,false,false,false,false,-83.16357,42.41685,"{
  ""coordinates"": [
    -8.316356466100000e+01,
    4.241684700700010e+01
  ],
  ""type"": ""Point""
}","{
  ""coordinates"": [
    -83.163564661,
    42.416847007
  ],
  ""type"": ""Point""
}",-83.163564661,42.4168470070001
20590,9974470,MEYERS,8 MILE,2017-03-06,6,3,2017,0,2,5,3,,4,3,,98,98,1,35,2,2,0,5,0,0,0,0,true,,false,false,true,false,false,,,,,,false,false,false,,,false,false,false,false,false,-83.17125,42.44533,"{
  ""coordinates"": [
    -8.317124786999990e+01,
    4.244533306600000e+01
  ],
  ""type"": ""Point""
}","{
  ""coordinates"": [
    -83.17124787,
    42.445333066
  ],
  ""type"": ""Point""
}",-83.1712478699999,42.445333066
20591,9970821,LAWNDALE,SAINT JOHN,2017-03-06,6,3,2017,4,2,8,9,,,3,,1,1,4,25,1,2,0,5,0,0,0,0,true,,false,false,true,false,false,,,,,,false,false,false,,,false,false,false,false,false,-83.1441,42.32383,"{
  ""coordinates"": [
    -8.314410075399999e+01,
    4.232383162100010e+01
  ],
  ""type"": ""Point""
}","{
  ""coordinates"": [
    -83.144100754,
    42.323831621
  ],
  ""type"": ""Point""
}",-83.144100754,42.3238316210001
20592,9973422,I-94,JUNCTION,2017-03-06,6,3,2017,7,2,5,1,,1,0,,2,2,1,55,3,2,2,5,0,0,0,0,true,,false,false,false,false,false,,,,,,false,false,false,,,false,false,false,false,false,-83.1181,42.34053,"{
  ""coordinates"": [
    -8.311810073299991e+01,
    4.234052945000010e+01
  ],
  ""type"": ""Point""
}","{
  ""coordinates"": [
    -83.118100733,
    42.34052945
  ],
  ""type"": ""Point""
}",-83.1181007329999,42.3405294500001
20593,9970028,HAZELWOOD,3RD,2017-03-06,6,3,2017,20,2,4,9,,,0,,2,4,4,25,3,2,2,5,0,0,0,0,true,,false,false,false,false,false,,,,,,false,false,false,,,false,false,false,false,false,-83.08666,42.37903,"{
  ""coordinates"": [
    -8.308666571200000e+01,
    4.237903358300010e+01
  ],
  ""type"": ""Point""
}","{
  ""coordinates"": [
    -83.086665712,
    42.379033583
  ],
  ""type"": ""Point""
}",-83.086665712,42.3790335830001
20594,9973429,I-75,CLAY,2017-03-06,6,3,2017,8,2,8,1,,1,0,,1,1,1,70,4,2,2,5,0,0,0,0,true,,false,false,false,false,false,,,,,,false,true,false,,,false,false,false,false,false,-83.06348,42.37968,"{
  ""coordinates"": [
    -8.306347695700001e+01,
    4.237968467200010e+01
  ],
  ""type"": ""Point""
}","{
  ""coordinates"": [
    -83.063476957,
    42.379684672
  ],
  ""type"": ""Point""
}",-83.063476957,42.3796846720001
20595,9975693,FORT,MILLER,2017-03-06,6,3,2017,12,2,3,3,,1,0,,2,2,1,30,5,3,6,4,0,0,0,2,false,,false,false,false,false,false,,,,,,false,false,false,,,false,false,false,false,false,-83.14111,42.29182,"{
  ""coordinates"": [
    -8.314111556599990e+01,
    4.229181495500010e+01
  ],
  ""type"": ""Point""
}","{
  ""coordinates"": [
    -83.141115566,
    42.291814955
  ],
  ""type"": ""Point""
}",-83.1411155659999,42.2918149550001
20596,9970835,PURITAN,LINDSAY,2017-03-06,6,3,2017,6,2,4,9,,4,0,,2,4,4,35,2,2,1,5,0,0,0,0,true,,false,false,false,false,false,,,,,,false,false,false,,,false,false,false,false,false,-83.21297,42.40845,"{
  ""coordinates"": [
    -8.321296628399990e+01,
    4.240845367000000e+01
  ],
  ""type"": ""Point""
}","{
  ""coordinates"": [
    -83.212966284,
    42.40845367
  ],
  ""type"": ""Point""
}",-83.2129662839999,42.40845367
20597,9970859,N M 10,7 MILE,2017-03-06,6,3,2017,12,2,5,3,,1,0,,2,4,1,30,4,2,2,5,0,0,0,0,true,,false,false,true,false,false,,,,,,false,false,false,,,false,false,false,false,false,-83.18671,42.43062,"{
  ""coordinates"": [
    -8.318671348800000e+01,
    4.243062036500000e+01
  ],
  ""type"": ""Point""
}","{
  ""coordinates"": [
    -83.186713488,
    42.430620365
  ],
  ""type"": ""Point""
}",-83.186713488,42.430620365
20598,9975766,WARREN,AVERY,2017-03-06,6,3,2017,18,2,4,9,,4,0,,2,1,4,30,3,2,3,5,0,0,0,0,true,,false,false,false,false,false,,,,,,false,false,true,,,false,false,false,false,false,-83.08114,42.35133,"{
  ""coordinates"": [
    -8.308113717700000e+01,
    4.235133288300010e+01
  ],
  ""type"": ""Point""
}","{
  ""coordinates"": [
    -83.081137177,
    42.351332883
  ],
  ""type"": ""Point""
}",-83.081137177,42.3513328830001
20599,9982249,I-75,HOLBROOK,2017-03-06,6,3,2017,17,2,5,1,,1,0,,2,4,4,70,4,2,1,5,0,0,0,0,true,,false,false,true,false,false,,,,,,false,false,false,,,false,false,false,false,false,-83.06973,42.38995,"{
  ""coordinates"": [
    -8.306972618000000e+01,
    4.238995122100000e+01
  ],
  ""type"": ""Point""
}","{
  ""coordinates"": [
    -83.06972618,
    42.389951221
  ],
  ""type"": ""Point""
}",-83.06972618,42.389951221
20600,9974474,FORDHAM,MACCRARY,2017-03-06,6,3,2017,5,2,1,9,,,0,,1,2,4,25,1,1,1,3,0,0,1,0,false,,false,false,false,false,false,,,,,,false,false,false,,,false,false,false,false,false,-82.97018,42.43446,"{
  ""coordinates"": [
    -8.297018237700000e+01,
    4.243445604200010e+01
  ],
  ""type"": ""Point""
}","{
  ""coordinates"": [
    -82.970182377,
    42.434456042
  ],
  ""type"": ""Point""
}",-82.970182377,42.4344560420001
20601,1140286,HARPER,HARRELL,2017-03-06,6,3,2017,12,2,8,9,,4,0,,2,4,1,30,3,2,3,5,0,0,0,0,true,,false,false,false,false,false,,,,,,false,false,true,,,false,false,false,false,false,-82.98325,42.39917,"{
  ""coordinates"": [
    -8.298324699999991e+01,
    4.239916656100010e+01
  ],
  ""type"": ""Point""
}","{
  ""coordinates"": [
    -82.983247,
    42.399166561
  ],
  ""type"": ""Point""
}",-82.9832469999999,42.3991665610001
20602,9978864,GRANDRIVER,MINOCK,2017-03-06,6,3,2017,16,2,97,3,,1,0,,2,4,1,35,6,3,6,4,0,0,0,6,false,,false,false,false,false,false,,,,,,false,false,true,,,false,false,false,false,false,-83.23401,42.40703,"{
  ""coordinates"": [
    -8.323401195000000e+01,
    4.240703104900010e+01
  ],
  ""type"": ""Point""
}","{
  ""coordinates"": [
    -83.23401195,
    42.407031049
  ],
  ""type"": ""Point""
}",-83.23401195,42.4070310490001
20603,9970032,CASS,HANCOCK,2017-03-06,6,3,2017,18,2,5,9,,4,0,,2,2,4,25,2,2,4,5,0,0,0,0,true,,false,false,false,false,false,,,,,,false,false,true,,,false,false,false,false,false,-83.06584,42.35457,"{
  ""coordinates"": [
    -8.306584186899990e+01,
    4.235457046200000e+01
  ],
  ""type"": ""Point""
}","{
  ""coordinates"": [
    -83.065841869,
    42.354570462
  ],
  ""type"": ""Point""
}",-83.0658418689999,42.354570462
20604,9970035,BRUSH,E I 94,2017-03-06,6,3,2017,23,2,4,9,,4,0,,2,4,4,25,4,2,2,5,0,0,0,0,true,,true,true,false,false,false,,,,,,false,false,true,,,false,false,false,false,false,-83.06451,42.36571,"{
  ""coordinates"": [
    -8.306450325599999e+01,
    4.236570866500010e+01
  ],
  ""type"": ""Point""
}","{
  ""coordinates"": [
    -83.064503256,
    42.365708665
  ],
  ""type"": ""Point""
}",-83.064503256,42.3657086650001
20605,9970063,LUMPKIN,OUTER,2017-03-06,6,3,2017,13,2,97,9,,,0,,2,1,1,30,2,2,2,5,0,0,0,0,true,,false,false,true,false,false,,,,,,false,false,false,,,false,false,false,false,false,-83.08067,42.44004,"{
  ""coordinates"": [
    -8.308067317400000e+01,
    4.244004343800000e+01
  ],
  ""type"": ""Point""
}","{
  ""coordinates"": [
    -83.080673174,
    42.440043438
  ],
  ""type"": ""Point""
}",-83.080673174,42.440043438
20606,9970843,MINOCK,CHICAGO,2017-03-06,6,3,2017,23,2,5,9,,,0,,98,98,98,25,2,2,0,5,0,0,0,0,true,,false,false,true,false,false,,,,,,false,false,false,,,false,false,false,false,false,-83.23239,42.36457,"{
  ""coordinates"": [
    -8.323238816100000e+01,
    4.236457575500000e+01
  ],
  ""type"": ""Point""
}","{
  ""coordinates"": [
    -83.232388161,
    42.364575755
  ],
  ""type"": ""Point""
}",-83.232388161,42.364575755
20607,9976852,MEYERS,PURITAN,2017-03-06,6,3,2017,13,2,8,9,,4,0,,1,2,1,30,2,2,1,5,0,0,0,0,true,,false,false,false,false,false,,,,,,false,false,false,,,false,false,false,false,false,-83.16975,42.40936,"{
  ""coordinates"": [
    -8.316975585199999e+01,
    4.240935334900010e+01
  ],
  ""type"": ""Point""
}","{
  ""coordinates"": [
    -83.169755852,
    42.409353349
  ],
  ""type"": ""Point""
}",-83.169755852,42.4093533490001
20608,9970828,GRAND,CAMERON,2017-03-06,6,3,2017,17,2,5,9,,4,0,,2,1,1,35,4,2,2,5,0,0,0,0,true,,true,true,false,false,false,,,,,,false,false,false,,,false,false,false,false,false,-83.06221,42.37426,"{
  ""coordinates"": [
    -8.306221264300000e+01,
    4.237426388600010e+01
  ],
  ""type"": ""Point""
}","{
  ""coordinates"": [
    -83.062212643,
    42.374263886
  ],
  ""type"": ""Point""
}",-83.062212643,42.3742638860001
20609,9970060,LIVERNOIS,CLEMENTS,2017-03-06,6,3,2017,15,2,8,9,,4,0,,2,1,1,30,6,2,4,5,0,0,0,0,true,,false,false,false,false,false,,,,,,false,false,true,,,false,false,false,false,false,-83.13948,42.38749,"{
  ""coordinates"": [
    -8.313947889600000e+01,
    4.238748450100010e+01
  ],
  ""type"": ""Point""
}","{
  ""coordinates"": [
    -83.139478896,
    42.387484501
  ],
  ""type"": ""Point""
}",-83.139478896,42.3874845010001
20610,9970027,SAINT ANTOINE,WARREN,2017-03-06,6,3,2017,10,2,98,9,,4,0,,2,2,1,35,3,2,2,5,0,0,0,0,true,,false,false,false,false,false,,,,,,false,false,false,,,false,false,false,false,false,-83.05736,42.35991,"{
  ""coordinates"": [
    -8.305735459399990e+01,
    4.235990333600010e+01
  ],
  ""type"": ""Point""
}","{
  ""coordinates"": [
    -83.057354594,
    42.359903336
  ],
  ""type"": ""Point""
}",-83.0573545939999,42.3599033360001
20611,9971659,DAVISON,KENTFIELD,2017-03-06,6,3,2017,21,2,8,9,,,0,,2,4,4,35,6,2,3,5,0,0,0,0,true,,false,false,false,false,false,,,,,,false,false,true,,,false,false,false,false,false,-83.23956,42.3839,"{
  ""coordinates"": [
    -8.323956094700000e+01,
    4.238390016000010e+01
  ],
  ""type"": ""Point""
}","{
  ""coordinates"": [
    -83.239560947,
    42.38390016
  ],
  ""type"": ""Point""
}",-83.239560947,42.3839001600001
20612,9977918,WOODWARD,CHICAGO,2017-03-06,6,3,2017,17,2,5,3,,1,0,,1,1,4,0,5,2,2,5,0,0,0,0,true,,false,false,false,false,false,,,,,,false,false,true,,,false,false,false,false,false,-83.08415,42.38641,"{
  ""coordinates"": [
    -8.308415084599990e+01,
    4.238641143600010e+01
  ],
  ""type"": ""Point""
}","{
  ""coordinates"": [
    -83.084150846,
    42.386411436
  ],
  ""type"": ""Point""
}",-83.0841508459999,42.3864114360001
20613,9980220,TULLER,LYNDON,2017-03-06,6,3,2017,1,2,8,9,,,0,,98,98,98,15,2,2,0,5,0,0,0,0,true,,false,false,true,false,false,,,,,,false,false,false,,,false,false,false,false,false,-83.14677,42.39563,"{
  ""coordinates"": [
    -8.314676833199999e+01,
    4.239563403600000e+01
  ],
  ""type"": ""Point""
}","{
  ""coordinates"": [
    -83.146768332,
    42.395634036
  ],
  ""type"": ""Point""
}",-83.146768332,42.395634036
20614,9970861,GRATIOT,MOHICAN,2017-03-06,6,3,2017,14,2,97,3,,1,0,,2,1,1,35,6,2,3,4,0,0,0,2,false,,false,false,false,false,false,,,,,,false,true,false,,,false,false,false,false,false,-82.97078,42.44557,"{
  ""coordinates"": [
    -8.297077618199999e+01,
    4.244557130700010e+01
  ],
  ""type"": ""Point""
}","{
  ""coordinates"": [
    -82.970776182,
    42.445571307
  ],
  ""type"": ""Point""
}",-82.970776182,42.4455713070001
20615,9970076,MCNICHOLS,GRIGGS,2017-03-06,6,3,2017,21,2,1,9,,2,0,,2,4,4,25,2,2,0,4,0,0,0,1,false,,false,false,true,true,false,,,,,,true,false,false,,,false,false,false,false,false,-83.16357,42.41685,"{
  ""coordinates"": [
    -8.316356466100000e+01,
    4.241684700700010e+01
  ],
  ""type"": ""Point""
}","{
  ""coordinates"": [
    -83.163564661,
    42.416847007
  ],
  ""type"": ""Point""
}",-83.163564661,42.4168470070001
20616,9976715,I-75,HOLBROOK,2017-03-06,6,3,2017,18,2,5,1,,1,0,,2,2,4,70,4,2,2,5,0,0,0,0,true,,false,false,false,false,false,,,,,,false,false,false,,,false,false,false,false,false,-83.06799,42.38641,"{
  ""coordinates"": [
    -8.306798290400000e+01,
    4.238641036000010e+01
  ],
  ""type"": ""Point""
}","{
  ""coordinates"": [
    -83.067982904,
    42.38641036
  ],
  ""type"": ""Point""
}",-83.067982904,42.3864103600001
20617,9970034,LARNED,BEAUBIEN,2017-03-06,6,3,2017,13,2,97,9,,4,0,,2,2,1,30,2,2,2,5,0,0,0,0,true,,false,false,true,false,false,,,,,,false,false,false,,,false,false,false,false,false,-83.04023,42.3316,"{
  ""coordinates"": [
    -8.304022758699990e+01,
    4.233159479500010e+01
  ],
  ""type"": ""Point""
}","{
  ""coordinates"": [
    -83.040227587,
    42.331594795
  ],
  ""type"": ""Point""
}",-83.0402275869999,42.3315947950001
20618,9980152,JOHN R,BETHUNE,2017-03-06,6,3,2017,22,2,97,9,,4,0,,2,4,4,25,2,2,1,4,0,0,0,1,false,,true,false,true,false,false,,,,,,true,false,false,,,false,false,false,false,false,-83.07251,42.37319,"{
  ""coordinates"": [
    -8.307250829299990e+01,
    4.237319192800000e+01
  ],
  ""type"": ""Point""
}","{
  ""coordinates"": [
    -83.072508293,
    42.373191928
  ],
  ""type"": ""Point""
}",-83.0725082929999,42.373191928
20619,9970049,SEMINOLE,FOREST,2017-03-06,6,3,2017,16,2,2,9,,,2,,2,4,1,25,2,2,0,5,0,0,0,0,true,,false,false,true,false,false,,,,,,false,false,false,,,false,false,false,false,false,-83.00832,42.37527,"{
  ""coordinates"": [
    -8.300832090199999e+01,
    4.237527382200010e+01
  ],
  ""type"": ""Point""
}","{
  ""coordinates"": [
    -83.008320902,
    42.375273822
  ],
  ""type"": ""Point""
}",-83.008320902,42.3752738220001
20620,9977874,HARPER,CHALMERS,2017-03-06,6,3,2017,0,2,3,9,,4,0,,1,1,4,30,5,2,3,4,0,0,0,2,false,,false,false,false,true,false,,,,,,false,false,false,,,false,false,false,false,false,-82.96455,42.40468,"{
  ""coordinates"": [
    -8.296454717800000e+01,
    4.240468061500010e+01
  ],
  ""type"": ""Point""
}","{
  ""coordinates"": [
    -82.964547178,
    42.404680615
  ],
  ""type"": ""Point""
}",-82.964547178,42.4046806150001
20621,9970058,YORKSHIRE,LAKEPOINTE,2017-03-06,6,3,2017,9,2,4,9,,,0,,1,2,1,25,2,2,1,5,0,0,0,0,true,,false,false,true,false,false,,,,,,false,false,true,,,false,false,false,false,false,-82.95249,42.41909,"{
  ""coordinates"": [
    -8.295248822199990e+01,
    4.241908893300010e+01
  ],
  ""type"": ""Point""
}","{
  ""coordinates"": [
    -82.952488222,
    42.419088933
  ],
  ""type"": ""Point""
}",-82.9524882219999,42.4190889330001
20622,9970074,WOODINGHAM,MCNICHOLS,2017-03-06,6,3,2017,18,2,98,9,,,0,,1,1,2,0,4,2,0,2,0,1,0,0,false,,false,false,true,false,false,,,,,,true,false,false,,,false,false,false,false,false,-83.14996,42.41711,"{
  ""coordinates"": [
    -8.314995320600001e+01,
    4.241711573000000e+01
  ],
  ""type"": ""Point""
}","{
  ""coordinates"": [
    -83.149953206,
    42.41711573
  ],
  ""type"": ""Point""
}",-83.149953206,42.41711573
20623,9975765,WOODWARD,KIRBY,2017-03-06,6,3,2017,9,2,8,3,,1,0,,1,2,1,25,6,2,2,5,0,0,0,0,true,,false,false,false,false,false,,,,,,false,false,false,,,false,false,false,false,false,-83.06633,42.35987,"{
  ""coordinates"": [
    -8.306632953199990e+01,
    4.235987485300010e+01
  ],
  ""type"": ""Point""
}","{
  ""coordinates"": [
    -83.066329532,
    42.359874853
  ],
  ""type"": ""Point""
}",-83.0663295319999,42.3598748530001
20624,9969227,MCDONALD AVEALD,RADCLIFF,2017-03-06,6,3,2017,7,2,1,9,,,1,,2,4,1,25,2,1,1,5,0,0,0,0,true,,false,false,false,false,false,,,,,,false,false,false,,,false,false,false,false,false,-83.14745,42.34015,"{
  ""coordinates"": [
    -8.314744950399999e+01,
    4.234014374500000e+01
  ],
  ""type"": ""Point""
}","{
  ""coordinates"": [
    -83.147449504,
    42.340143745
  ],
  ""type"": ""Point""
}",-83.147449504,42.340143745
20625,9970038,CASS,ELIZABETH,2017-03-06,6,3,2017,9,2,4,9,,4,0,,1,1,1,0,4,2,6,4,0,0,0,2,false,,false,false,false,false,false,,,,,,false,false,false,,,false,false,false,false,false,-83.05525,42.33598,"{
  ""coordinates"": [
    -8.305525450999990e+01,
    4.233597908600010e+01
  ],
  ""type"": ""Point""
}","{
  ""coordinates"": [
    -83.05525451,
    42.335979086
  ],
  ""type"": ""Point""
}",-83.0552545099999,42.3359790860001
20626,9970825,DIX,WOODMERE,2017-03-06,6,3,2017,19,2,97,9,,4,0,,2,4,1,25,2,4,2,5,0,0,0,0,true,,false,false,false,false,false,,,,,,false,true,false,,,false,false,false,false,false,-83.13173,42.31701,"{
  ""coordinates"": [
    -8.313173163600000e+01,
    4.231700792300010e+01
  ],
  ""type"": ""Point""
}","{
  ""coordinates"": [
    -83.131731636,
    42.317007923
  ],
  ""type"": ""Point""
}",-83.131731636,42.3170079230001
20627,9970040,FAIRVIEW,MACK,2017-03-06,6,3,2017,16,2,1,9,,,0,,2,4,1,25,4,1,0,5,0,0,0,0,true,,false,false,true,false,false,,,,,,false,false,false,,,false,false,false,false,false,-82.98174,42.37777,"{
  ""coordinates"": [
    -8.298174344099991e+01,
    4.237776953400000e+01
  ],
  ""type"": ""Point""
}","{
  ""coordinates"": [
    -82.981743441,
    42.377769534
  ],
  ""type"": ""Point""
}",-82.9817434409999,42.377769534
20628,9970066,GRAND,CHURCHILL,2017-03-06,6,3,2017,12,2,5,9,,4,0,,2,4,1,25,2,2,2,5,0,0,0,0,true,,false,false,false,false,false,,,,,,false,false,false,,,false,false,false,false,false,-83.08979,42.36399,"{
  ""coordinates"": [
    -8.308978733399989e+01,
    4.236398701800000e+01
  ],
  ""type"": ""Point""
}","{
  ""coordinates"": [
    -83.089787334,
    42.363987018
  ],
  ""type"": ""Point""
}",-83.0897873339999,42.363987018
20629,9970860,WOODINGHAM,SANTA MARIA,2017-03-06,6,3,2017,18,2,4,9,,,0,,2,4,98,25,4,2,1,5,0,0,0,0,true,,false,false,true,false,false,,,,,,false,true,false,,,false,false,false,false,false,-83.15009,42.41899,"{
  ""coordinates"": [
    -8.315009123999990e+01,
    4.241898798600000e+01
  ],
  ""type"": ""Point""
}","{
  ""coordinates"": [
    -83.15009124,
    42.418987986
  ],
  ""type"": ""Point""
}",-83.1500912399999,42.418987986
20630,9976744,M39,WARREN,2017-03-06,6,3,2017,8,2,5,3,,1,0,,2,1,1,55,3,4,4,5,0,0,0,0,true,,false,false,false,false,false,,,,,,false,false,false,,,false,false,false,false,false,-83.21612,42.34555,"{
  ""coordinates"": [
    -8.321611891100000e+01,
    4.234555299700000e+01
  ],
  ""type"": ""Point""
}","{
  ""coordinates"": [
    -83.216118911,
    42.345552997
  ],
  ""type"": ""Point""
}",-83.216118911,42.345552997
20631,9970811,I-375,GRATIOT,2017-03-06,6,3,2017,17,2,5,1,,1,0,,2,4,1,55,3,2,2,5,0,0,0,0,true,,false,false,false,false,false,,,,,,false,false,false,,,false,false,false,false,false,-83.04083,42.33977,"{
  ""coordinates"": [
    -8.304082898300000e+01,
    4.233976684700010e+01
  ],
  ""type"": ""Point""
}","{
  ""coordinates"": [
    -83.040828983,
    42.339766847
  ],
  ""type"": ""Point""
}",-83.040828983,42.3397668470001
20632,9970025,STANSBURY,CHALFONTE,2017-03-06,6,3,2017,19,2,1,9,,,1,,2,4,5,25,2,1,1,3,0,0,1,0,false,,false,false,false,false,false,,,,,,false,false,false,,,false,false,false,false,false,-83.18221,42.40022,"{
  ""coordinates"": [
    -8.318221020000000e+01,
    4.240022291000000e+01
  ],
  ""type"": ""Point""
}","{
  ""coordinates"": [
    -83.1822102,
    42.40022291
  ],
  ""type"": ""Point""
}",-83.1822102,42.40022291
20633,9975736,MCNICHOLS,GREENFIELD,2017-03-06,6,3,2017,20,2,8,9,,2,0,,1,1,4,30,4,2,1,5,0,0,0,0,true,,false,false,true,false,false,,,,,,false,true,false,,,false,false,false,false,false,-83.19926,42.41599,"{
  ""coordinates"": [
    -8.319925337200000e+01,
    4.241599176600000e+01
  ],
  ""type"": ""Point""
}","{
  ""coordinates"": [
    -83.199253372,
    42.415991766
  ],
  ""type"": ""Point""
}",-83.199253372,42.415991766
20634,9970044,8MILE,BRAILE,2017-03-06,6,3,2017,11,2,8,3,,1,0,,2,4,1,45,4,2,2,5,0,0,0,0,true,,false,false,false,false,false,,,,,,false,true,true,,,false,false,false,false,false,-83.24657,42.44357,"{
  ""coordinates"": [
    -8.324656473800000e+01,
    4.244356439700000e+01
  ],
  ""type"": ""Point""
}","{
  ""coordinates"": [
    -83.246564738,
    42.443564397
  ],
  ""type"": ""Point""
}",-83.246564738,42.443564397