ObjectId,Crash ID,Primary Road,Intersecting Road,Crash Date,Day,Month,Year,Hour,Weekday,Crash Type Code,Highway Classification Code,Community Code,Jurisdiction Code,Lane Departure Type Code,Surface Type,Road Condition,Weather Condition,Lighting Condition,Speed Limit,Lanes,Units,Occupants,Most Severe Injury,Fatal Injuries,Suspected Serious Injuries,Suspected Minor Injuries,Possible Injuries,Property Damage Only,Secondary Crash,Traffic Control,Red Light Run,Hit and Run,Alcohol,Drugs,Unbelted Person,Work Zone,Speeding Driver,Distracted Driver,Driveway,Pedestrian,Elderly Driver,Young Driver,Commercial Vehicle,Emergency Vehicles,Train,School Bus,Motorcycle,Bicycle,Deer,Longitude,Latitude,geom,geog,x,y
20635,9970054,GREENFIELD,VERNE,2017-03-06,6,3,2017,16,2,97,9,,2,0,,2,4,1,35,4,2,4,3,0,0,1,0,false,,false,false,false,false,false,,,,,,true,false,false,,,false,false,false,false,false,-83.19917,42.41255,"{
  ""coordinates"": [
    -8.319917570500000e+01,
    4.241255231300000e+01
  ],
  ""type"": ""Point""
}","{
  ""coordinates"": [
    -83.199175705,
    42.412552313
  ],
  ""type"": ""Point""
}",-83.199175705,42.412552313
20636,9973390,I-94,BRUSH,2017-03-06,6,3,2017,7,2,5,1,,1,0,,2,4,1,55,3,2,3,5,0,0,0,0,true,,false,false,false,false,false,,,,,,false,false,true,,,false,false,false,false,false,-83.06422,42.36591,"{
  ""coordinates"": [
    -8.306421757000000e+01,
    4.236590750200000e+01
  ],
  ""type"": ""Point""
}","{
  ""coordinates"": [
    -83.06421757,
    42.365907502
  ],
  ""type"": ""Point""
}",-83.06421757,42.365907502
20637,9970048,GRATIOT,MACK,2017-03-06,6,3,2017,14,2,5,3,,1,0,,2,4,1,35,9,2,2,5,0,0,0,0,true,,false,false,false,false,false,,,,,,false,false,false,,,false,false,false,false,false,-83.02776,42.35904,"{
  ""coordinates"": [
    -8.302775726599999e+01,
    4.235904143000000e+01
  ],
  ""type"": ""Point""
}","{
  ""coordinates"": [
    -83.027757266,
    42.35904143
  ],
  ""type"": ""Point""
}",-83.027757266,42.35904143
20638,9972477,DAVISON,RYAN,2017-03-06,6,3,2017,16,2,5,9,,4,0,,1,2,1,30,3,2,1,5,0,0,0,0,true,,false,false,false,false,false,,,,,,false,false,false,,,false,false,false,false,false,-83.06017,42.41603,"{
  ""coordinates"": [
    -8.306016442399989e+01,
    4.241602820100010e+01
  ],
  ""type"": ""Point""
}","{
  ""coordinates"": [
    -83.060164424,
    42.416028201
  ],
  ""type"": ""Point""
}",-83.0601644239999,42.4160282010001
20639,9969242,LAWNDALE,ARNOLD,2017-03-06,6,3,2017,0,2,8,9,,,0,,1,1,4,25,2,2,1,5,0,0,0,0,true,,false,false,true,false,false,,,,,,false,false,true,,,false,false,false,false,false,-83.14567,42.32599,"{
  ""coordinates"": [
    -8.314567109399999e+01,
    4.232598925900000e+01
  ],
  ""type"": ""Point""
}","{
  ""coordinates"": [
    -83.145671094,
    42.325989259
  ],
  ""type"": ""Point""
}",-83.145671094,42.325989259
20640,9973472,I-94,I-75,2017-03-06,6,3,2017,14,2,8,1,,1,0,,1,2,1,55,3,2,3,5,0,0,0,0,true,,false,false,false,false,false,,,,,,false,false,true,,,false,false,false,false,false,-83.05507,42.37064,"{
  ""coordinates"": [
    -8.305507220399990e+01,
    4.237063422700000e+01
  ],
  ""type"": ""Point""
}","{
  ""coordinates"": [
    -83.055072204,
    42.370634227
  ],
  ""type"": ""Point""
}",-83.0550722039999,42.370634227
20641,9970052,ASHTON,7 MILE,2017-03-06,6,3,2017,9,2,5,9,,,0,,2,2,1,25,2,2,2,5,0,0,0,0,true,,false,false,true,false,false,,,,,,false,false,false,,,false,false,false,false,false,-83.2205,42.4302,"{
  ""coordinates"": [
    -8.322050417900000e+01,
    4.243019712400010e+01
  ],
  ""type"": ""Point""
}","{
  ""coordinates"": [
    -83.220504179,
    42.430197124
  ],
  ""type"": ""Point""
}",-83.220504179,42.4301971240001
20642,9973461,M-39,FORD,2017-03-06,6,3,2017,17,2,5,3,,1,0,,1,2,1,55,3,2,2,5,0,0,0,0,true,,false,false,false,false,false,,,,,,false,false,false,,,false,false,false,false,false,-83.21561,42.32966,"{
  ""coordinates"": [
    -8.321560890799999e+01,
    4.232965737900000e+01
  ],
  ""type"": ""Point""
}","{
  ""coordinates"": [
    -83.215608908,
    42.329657379
  ],
  ""type"": ""Point""
}",-83.215608908,42.329657379
20643,9971649,TELEGRAPH,MCNICHOLS,2017-03-06,6,3,2017,17,2,97,2,,1,0,,1,1,1,45,8,2,2,5,0,0,0,0,true,,false,false,false,false,false,,,,,,false,false,false,,,false,false,false,false,false,-83.27742,42.41474,"{
  ""coordinates"": [
    -8.327741648400000e+01,
    4.241474009800000e+01
  ],
  ""type"": ""Point""
}","{
  ""coordinates"": [
    -83.277416484,
    42.414740098
  ],
  ""type"": ""Point""
}",-83.277416484,42.414740098
20644,9972479,WYOMING,PURITAN,2017-03-06,6,3,2017,14,2,5,9,,4,0,,1,2,1,30,4,2,2,5,0,0,0,0,true,,false,false,false,false,false,,,,,,false,false,false,,,false,false,false,false,false,-83.16,42.4098,"{
  ""coordinates"": [
    -8.316000301100000e+01,
    4.240980007400000e+01
  ],
  ""type"": ""Point""
}","{
  ""coordinates"": [
    -83.160003011,
    42.409800074
  ],
  ""type"": ""Point""
}",-83.160003011,42.409800074
20645,9973428,I-94,BEDFORD,2017-03-06,6,3,2017,8,2,5,9,,,0,,2,1,1,55,3,2,2,4,0,0,0,1,false,,false,false,false,false,false,,,,,,false,false,true,,,false,false,false,false,false,-82.94738,42.41037,"{
  ""coordinates"": [
    -8.294738359000000e+01,
    4.241036997200010e+01
  ],
  ""type"": ""Point""
}","{
  ""coordinates"": [
    -82.94738359,
    42.410369972
  ],
  ""type"": ""Point""
}",-82.94738359,42.4103699720001
20646,9970024,PURITAN,SCHAEFER,2017-03-06,6,3,2017,15,2,8,9,,4,0,,1,1,1,35,3,2,2,5,0,0,0,0,true,,false,false,false,false,false,,,,,,false,false,false,,,false,false,false,false,false,-83.17954,42.40937,"{
  ""coordinates"": [
    -8.317953974700001e+01,
    4.240936517600010e+01
  ],
  ""type"": ""Point""
}","{
  ""coordinates"": [
    -83.179539747,
    42.409365176
  ],
  ""type"": ""Point""
}",-83.179539747,42.4093651760001
20647,9970059,JOY,BEECHWOOD,2017-03-06,6,3,2017,13,2,4,9,,4,0,,2,4,1,30,2,2,2,4,0,0,0,2,false,,true,false,true,false,false,,,,,,false,false,false,,,false,false,false,false,false,-83.13169,42.36383,"{
  ""coordinates"": [
    -8.313168872499990e+01,
    4.236382600400000e+01
  ],
  ""type"": ""Point""
}","{
  ""coordinates"": [
    -83.131688725,
    42.363826004
  ],
  ""type"": ""Point""
}",-83.1316887249999,42.363826004
20648,9984707,FORT,LAWNDALE,2017-03-06,6,3,2017,7,2,5,3,,1,0,,2,4,1,30,5,2,2,5,0,0,0,0,true,,false,false,false,false,false,,,,,,false,false,false,,,false,false,false,false,false,-83.12482,42.29802,"{
  ""coordinates"": [
    -8.312482761500000e+01,
    4.229802233200010e+01
  ],
  ""type"": ""Point""
}","{
  ""coordinates"": [
    -83.124827615,
    42.298022332
  ],
  ""type"": ""Point""
}",-83.124827615,42.2980223320001
20649,9970053,GRAND RIVER,MCINTYRE,2017-03-06,6,3,2017,11,2,5,3,,1,0,,2,4,1,35,4,2,1,4,0,0,0,1,false,,false,false,false,false,false,,,,,,false,false,false,,,false,false,false,false,false,-83.26405,42.41907,"{
  ""coordinates"": [
    -8.326405468199989e+01,
    4.241907116200010e+01
  ],
  ""type"": ""Point""
}","{
  ""coordinates"": [
    -83.264054682,
    42.419071162
  ],
  ""type"": ""Point""
}",-83.2640546819999,42.4190711620001
20650,9973430,I-94,ROSA PARKS,2017-03-06,6,3,2017,9,2,5,1,,1,0,,1,2,1,55,3,3,3,5,0,0,0,0,true,,false,false,false,false,false,,,,,,false,false,false,,,false,false,false,false,false,-83.0834,42.35519,"{
  ""coordinates"": [
    -8.308339545900000e+01,
    4.235519051900010e+01
  ],
  ""type"": ""Point""
}","{
  ""coordinates"": [
    -83.083395459,
    42.355190519
  ],
  ""type"": ""Point""
}",-83.083395459,42.3551905190001
20651,9970047,WARREN,RUTHERFORD,2017-03-06,6,3,2017,12,2,5,9,,2,0,,2,2,1,35,4,2,3,4,0,0,0,2,false,,false,false,false,false,false,,,,,,false,true,false,,,false,false,false,false,false,-83.20116,42.34361,"{
  ""coordinates"": [
    -8.320115429799991e+01,
    4.234360935700000e+01
  ],
  ""type"": ""Point""
}","{
  ""coordinates"": [
    -83.201154298,
    42.343609357
  ],
  ""type"": ""Point""
}",-83.2011542979999,42.343609357
20652,9973393,W/B I-94,I-75,2017-03-06,6,3,2017,14,2,5,1,,1,0,,2,4,1,55,3,2,2,4,0,0,0,1,false,,false,false,false,false,false,,,,,,false,false,false,,,false,false,false,false,false,-83.0585,42.3684,"{
  ""coordinates"": [
    -8.305850171799990e+01,
    4.236839887200010e+01
  ],
  ""type"": ""Point""
}","{
  ""coordinates"": [
    -83.058501718,
    42.368398872
  ],
  ""type"": ""Point""
}",-83.0585017179999,42.3683988720001
20653,9973427,W I 94,GRAND,2017-03-06,6,3,2017,8,2,5,1,,1,0,,2,2,1,55,3,3,3,5,0,0,0,0,true,,false,false,false,false,false,,,,,,false,false,true,,,false,false,false,false,false,-83.10894,42.34716,"{
  ""coordinates"": [
    -8.310894159799990e+01,
    4.234715938900010e+01
  ],
  ""type"": ""Point""
}","{
  ""coordinates"": [
    -83.108941598,
    42.347159389
  ],
  ""type"": ""Point""
}",-83.1089415979999,42.3471593890001
20654,9973431,I-75,HOLBROOK,2017-03-06,6,3,2017,11,2,8,1,,1,0,,1,2,1,70,5,2,6,5,0,0,0,0,true,,false,false,false,false,false,,,,,,false,false,false,,,false,false,false,false,false,-83.06702,42.38449,"{
  ""coordinates"": [
    -8.306702346700000e+01,
    4.238449144000000e+01
  ],
  ""type"": ""Point""
}","{
  ""coordinates"": [
    -83.067023467,
    42.38449144
  ],
  ""type"": ""Point""
}",-83.067023467,42.38449144
20655,9970039,GRATIOT,FRENCH,2017-03-06,6,3,2017,9,2,3,3,,1,0,,2,2,1,35,7,2,2,5,0,0,0,0,true,,false,false,true,false,false,,,,,,false,false,false,,,false,false,false,false,false,-83.00085,42.39978,"{
  ""coordinates"": [
    -8.300085660500000e+01,
    4.239977458300010e+01
  ],
  ""type"": ""Point""
}","{
  ""coordinates"": [
    -83.000856605,
    42.399774583
  ],
  ""type"": ""Point""
}",-83.000856605,42.3997745830001
20656,9975742,MENDOTA,PEMBROKE,2017-03-06,6,3,2017,20,2,5,9,,,0,,1,1,2,0,2,2,2,5,0,0,0,0,true,,false,false,true,false,false,,,,,,false,false,false,,,false,false,false,false,false,-83.16666,42.43885,"{
  ""coordinates"": [
    -8.316666621699990e+01,
    4.243885391000000e+01
  ],
  ""type"": ""Point""
}","{
  ""coordinates"": [
    -83.166666217,
    42.43885391
  ],
  ""type"": ""Point""
}",-83.1666662169999,42.43885391
20657,9973391,I-94,24TH,2017-03-06,6,3,2017,8,2,5,1,,1,0,,2,4,1,55,3,3,4,3,0,0,1,0,false,,false,false,false,false,false,,,,,,false,false,true,,,false,false,false,false,false,-83.10282,42.34892,"{
  ""coordinates"": [
    -8.310282117900000e+01,
    4.234892269300010e+01
  ],
  ""type"": ""Point""
}","{
  ""coordinates"": [
    -83.102821179,
    42.348922693
  ],
  ""type"": ""Point""
}",-83.102821179,42.3489226930001
20658,9973460,M-10,CLAIRMOUNT,2017-03-06,6,3,2017,14,2,8,3,,1,0,,1,2,1,55,3,2,2,5,0,0,0,0,true,,false,false,false,false,false,,,,,,false,false,false,,,false,false,false,false,false,-83.09004,42.37948,"{
  ""coordinates"": [
    -8.309003881099990e+01,
    4.237948164000010e+01
  ],
  ""type"": ""Point""
}","{
  ""coordinates"": [
    -83.090038811,
    42.37948164
  ],
  ""type"": ""Point""
}",-83.0900388109999,42.3794816400001
20659,9970026,FENKELL,ARDMORE,2017-03-06,6,3,2017,19,2,3,9,,2,0,,2,4,4,35,4,2,3,3,0,0,1,0,false,,false,false,false,false,false,,,,,,false,false,true,,,false,false,false,false,false,-83.18452,42.40194,"{
  ""coordinates"": [
    -8.318452133200000e+01,
    4.240194413600010e+01
  ],
  ""type"": ""Point""
}","{
  ""coordinates"": [
    -83.184521332,
    42.401944136
  ],
  ""type"": ""Point""
}",-83.184521332,42.4019441360001
20660,9984743,LAFAYETTE,SHIPHERD,2017-03-06,6,3,2017,11,2,6,9,,4,0,,2,2,1,0,3,2,3,4,0,0,0,2,false,,false,false,false,false,false,,,,,,false,false,true,,,false,false,false,false,false,-82.99755,42.35277,"{
  ""coordinates"": [
    -8.299755056200000e+01,
    4.235276898100010e+01
  ],
  ""type"": ""Point""
}","{
  ""coordinates"": [
    -82.997550562,
    42.352768981
  ],
  ""type"": ""Point""
}",-82.997550562,42.3527689810001
20661,9973392,I-75,CLAY,2017-03-06,6,3,2017,12,2,5,1,,1,0,,2,4,1,70,4,2,3,5,0,0,0,0,true,,false,false,false,false,false,,,,,,false,false,false,,,false,false,false,false,false,-83.06268,42.37805,"{
  ""coordinates"": [
    -8.306268424099990e+01,
    4.237804753000010e+01
  ],
  ""type"": ""Point""
}","{
  ""coordinates"": [
    -83.062684241,
    42.37804753
  ],
  ""type"": ""Point""
}",-83.0626842409999,42.3780475300001
20662,9973548,BRAILE,VASSAR,2017-03-06,6,3,2017,1,2,98,9,,,0,,1,1,4,25,4,2,0,5,0,0,0,0,true,,false,false,false,false,false,,,,,,false,false,false,,,false,false,false,false,false,-83.2463,42.43307,"{
  ""coordinates"": [
    -8.324629871300000e+01,
    4.243307106700010e+01
  ],
  ""type"": ""Point""
}","{
  ""coordinates"": [
    -83.246298713,
    42.433071067
  ],
  ""type"": ""Point""
}",-83.246298713,42.4330710670001
20663,9970037,KIRBY,CASS,2017-03-05,5,3,2017,12,1,10,9,,,0,,1,1,1,0,1,2,3,5,0,0,0,0,true,,false,false,false,false,false,,,,,,false,false,false,,,false,false,false,false,false,-83.04311,42.36875,"{
  ""coordinates"": [
    -8.304311243900000e+01,
    4.236874754500010e+01
  ],
  ""type"": ""Point""
}","{
  ""coordinates"": [
    -83.043112439,
    42.368747545
  ],
  ""type"": ""Point""
}",-83.043112439,42.3687475450001
20664,9969259,EWALD,MONICA,2017-03-05,5,3,2017,1,1,8,9,,4,0,,1,1,5,25,1,5,2,4,0,0,0,1,false,,false,false,false,false,false,,,,,,false,false,true,,,false,false,false,false,false,-83.14236,42.39054,"{
  ""coordinates"": [
    -8.314236269100000e+01,
    4.239054047200010e+01
  ],
  ""type"": ""Point""
}","{
  ""coordinates"": [
    -83.142362691,
    42.390540472
  ],
  ""type"": ""Point""
}",-83.142362691,42.3905404720001
20665,1073982,7 MILE,MARK TWAIN,2017-03-05,5,3,2017,21,1,97,9,,2,0,,1,1,4,30,2,2,1,4,0,0,0,1,false,,false,false,true,false,false,,,,,,false,false,true,,,false,false,false,false,false,-83.1876,42.43081,"{
  ""coordinates"": [
    -8.318760238599999e+01,
    4.243080661100000e+01
  ],
  ""type"": ""Point""
}","{
  ""coordinates"": [
    -83.187602386,
    42.430806611
  ],
  ""type"": ""Point""
}",-83.187602386,42.430806611
20666,1071882,N I 75,GRAND,2017-03-05,5,3,2017,13,1,8,1,,1,0,,1,1,1,55,5,2,2,5,0,0,0,0,true,,false,false,true,false,false,,,,,,false,false,false,,,false,false,false,false,false,-83.08459,42.3161,"{
  ""coordinates"": [
    -8.308459445200000e+01,
    4.231610317100010e+01
  ],
  ""type"": ""Point""
}","{
  ""coordinates"": [
    -83.084594452,
    42.316103171
  ],
  ""type"": ""Point""
}",-83.084594452,42.3161031710001
20667,9970842,GRATIOT,OUTER,2017-03-05,5,3,2017,0,1,5,3,,1,0,,1,1,4,35,7,2,2,2,0,1,0,0,false,,false,false,false,false,false,,,,,,false,false,true,,,false,false,false,false,false,-82.99651,42.40643,"{
  ""coordinates"": [
    -8.299650228500001e+01,
    4.240643169700010e+01
  ],
  ""type"": ""Point""
}","{
  ""coordinates"": [
    -82.996502285,
    42.406431697
  ],
  ""type"": ""Point""
}",-82.996502285,42.4064316970001
20668,9978835,W/B I-94,CONNER,2017-03-05,5,3,2017,12,1,1,1,,1,1,,1,1,1,55,3,1,1,4,0,0,0,1,false,,false,false,false,false,false,,,,,,false,false,false,,,false,false,false,false,false,-82.97919,42.39998,"{
  ""coordinates"": [
    -8.297919758499999e+01,
    4.239998347300010e+01
  ],
  ""type"": ""Point""
}","{
  ""coordinates"": [
    -82.979197585,
    42.399983473
  ],
  ""type"": ""Point""
}",-82.979197585,42.3999834730001
20669,9970042,HUBBELL,OUTER,2017-03-05,5,3,2017,23,1,10,9,,4,0,,2,4,4,30,4,2,2,5,0,0,0,0,true,,false,false,false,false,false,,,,,,false,false,false,,,false,false,false,false,false,-83.18965,42.42008,"{
  ""coordinates"": [
    -8.318964771700000e+01,
    4.242007809900010e+01
  ],
  ""type"": ""Point""
}","{
  ""coordinates"": [
    -83.189647717,
    42.420078099
  ],
  ""type"": ""Point""
}",-83.189647717,42.4200780990001
20670,9980117,E I 96 CD,RAMP 135A,2017-03-05,5,3,2017,4,1,1,1,,1,1,,1,1,4,70,4,1,1,5,0,0,0,0,true,,false,false,false,false,false,,,,,,false,false,true,,,false,false,false,false,false,-83.2415,42.38403,"{
  ""coordinates"": [
    -8.324150295999991e+01,
    4.238403169800010e+01
  ],
  ""type"": ""Point""
}","{
  ""coordinates"": [
    -83.24150296,
    42.384031698
  ],
  ""type"": ""Point""
}",-83.2415029599999,42.3840316980001
20671,9969181,I-75,7 MILE,2017-03-05,5,3,2017,22,1,1,1,,1,1,,2,2,4,70,4,1,1,5,0,0,0,0,true,,false,false,false,false,false,,,,,,false,false,false,,,false,false,false,false,false,-83.09422,42.42888,"{
  ""coordinates"": [
    -8.309422102500000e+01,
    4.242887872800000e+01
  ],
  ""type"": ""Point""
}","{
  ""coordinates"": [
    -83.094221025,
    42.428878728
  ],
  ""type"": ""Point""
}",-83.094221025,42.428878728
20672,9975729,7 MILE,LAMONT,2017-03-05,5,3,2017,16,1,5,9,,4,0,,98,2,1,30,1,3,2,4,0,0,0,1,false,,false,false,true,false,false,,,,,,false,false,false,,,false,false,false,false,false,-83.0547,42.43332,"{
  ""coordinates"": [
    -8.305469519400000e+01,
    4.243332018900000e+01
  ],
  ""type"": ""Point""
}","{
  ""coordinates"": [
    -83.054695194,
    42.433320189
  ],
  ""type"": ""Point""
}",-83.054695194,42.433320189
20673,9970051,TELEGRAPH,GRAND RIVER,2017-03-05,5,3,2017,13,1,5,2,,1,0,,1,1,1,45,3,4,5,4,0,0,0,1,false,,false,false,false,false,false,,,,,,false,false,false,,,false,false,false,false,false,-83.27737,42.42463,"{
  ""coordinates"": [
    -8.327737594800000e+01,
    4.242462453500010e+01
  ],
  ""type"": ""Point""
}","{
  ""coordinates"": [
    -83.277375948,
    42.424624535
  ],
  ""type"": ""Point""
}",-83.277375948,42.4246245350001
20674,1142790,GRATIOT,7 MILE,2017-03-05,5,3,2017,17,1,8,3,,1,0,,1,1,1,0,7,2,1,5,0,0,0,0,true,,false,false,true,false,false,,,,,,false,false,false,,,false,false,false,false,false,-82.97781,42.43491,"{
  ""coordinates"": [
    -8.297780304199991e+01,
    4.243491370200010e+01
  ],
  ""type"": ""Point""
}","{
  ""coordinates"": [
    -82.977803042,
    42.434913702
  ],
  ""type"": ""Point""
}",-82.9778030419999,42.4349137020001
20675,9971657,PINEHURST,ORANGELAWN,2017-03-05,5,3,2017,4,1,1,9,,,1,,1,1,4,25,1,1,2,5,0,0,0,0,true,,false,false,false,false,false,,,,,,false,false,false,,,false,false,false,false,false,-83.16559,42.36835,"{
  ""coordinates"": [
    -8.316559030799991e+01,
    4.236835310900010e+01
  ],
  ""type"": ""Point""
}","{
  ""coordinates"": [
    -83.165590308,
    42.368353109
  ],
  ""type"": ""Point""
}",-83.1655903079999,42.3683531090001
20676,9970849,JEFFRIES,GREENWAY,2017-03-05,5,3,2017,22,1,5,9,,4,0,,2,1,4,35,2,2,2,5,0,0,0,0,true,,false,false,true,false,false,,,,,,false,true,false,,,false,false,false,false,false,-83.13434,42.36612,"{
  ""coordinates"": [
    -8.313434198200000e+01,
    4.236611530100000e+01
  ],
  ""type"": ""Point""
}","{
  ""coordinates"": [
    -83.134341982,
    42.366115301
  ],
  ""type"": ""Point""
}",-83.134341982,42.366115301
20677,9969251,BALFOUR,MOROSS,2017-03-05,5,3,2017,16,1,2,9,,,2,,1,1,1,25,1,2,1,5,0,0,0,0,true,,false,false,false,false,false,,,,,,false,false,false,,,false,false,false,false,false,-82.93848,42.42862,"{
  ""coordinates"": [
    -8.293848311399999e+01,
    4.242862441200000e+01
  ],
  ""type"": ""Point""
}","{
  ""coordinates"": [
    -82.938483114,
    42.428624412
  ],
  ""type"": ""Point""
}",-82.938483114,42.428624412
20678,9969247,8 MILE,PIERSON,2017-03-05,5,3,2017,16,1,5,3,,1,0,,1,1,1,45,4,2,1,5,0,0,0,0,true,,false,false,false,false,false,,,,,,false,false,true,,,false,false,false,false,false,-83.24796,42.44353,"{
  ""coordinates"": [
    -8.324795542800000e+01,
    4.244352993700010e+01
  ],
  ""type"": ""Point""
}","{
  ""coordinates"": [
    -83.247955428,
    42.443529937
  ],
  ""type"": ""Point""
}",-83.247955428,42.4435299370001
20679,9969256,GRATIOT,HOUSTON WHITTIER,2017-03-05,5,3,2017,17,1,5,3,,1,0,,1,1,1,35,7,2,3,4,0,0,0,3,false,,false,false,false,false,false,,,,,,false,false,false,,,false,false,false,false,false,-82.98754,42.42013,"{
  ""coordinates"": [
    -8.298753912799999e+01,
    4.242012884400000e+01
  ],
  ""type"": ""Point""
}","{
  ""coordinates"": [
    -82.987539128,
    42.420128844
  ],
  ""type"": ""Point""
}",-82.987539128,42.420128844
20680,9970064,OUTER,SEVEN MILE,2017-03-05,5,3,2017,23,1,4,9,,2,0,,1,1,4,35,8,2,3,3,0,0,2,0,false,,true,false,true,false,false,,,,,,false,false,true,,,false,false,false,false,false,-82.91525,42.41872,"{
  ""coordinates"": [
    -8.291524269500000e+01,
    4.241872416400000e+01
  ],
  ""type"": ""Point""
}","{
  ""coordinates"": [
    -82.915242695,
    42.418724164
  ],
  ""type"": ""Point""
}",-82.915242695,42.418724164
20681,9970073,LIVERNOIS,CURTIS,2017-03-05,5,3,2017,10,1,4,9,,4,0,,1,1,1,30,3,2,4,5,0,0,0,0,true,,true,true,false,false,false,,,,,,false,false,false,,,false,false,false,false,false,-83.14129,42.42462,"{
  ""coordinates"": [
    -8.314128606199991e+01,
    4.242462115100010e+01
  ],
  ""type"": ""Point""
}","{
  ""coordinates"": [
    -83.141286062,
    42.424621151
  ],
  ""type"": ""Point""
}",-83.1412860619999,42.4246211510001
20682,9980119,DAVISON,CANADIAN NATIONAL RAILWAY,2017-03-05,5,3,2017,21,1,8,9,,4,0,,1,2,4,55,3,2,2,5,0,0,0,0,true,,false,false,true,false,false,,,,,,false,false,false,,,false,false,false,false,false,-83.08131,42.40813,"{
  ""coordinates"": [
    -8.308130819300000e+01,
    4.240812775400010e+01
  ],
  ""type"": ""Point""
}","{
  ""coordinates"": [
    -83.081308193,
    42.408127754
  ],
  ""type"": ""Point""
}",-83.081308193,42.4081277540001
20683,9976841,OUTER,7 MILE,2017-03-05,5,3,2017,23,1,8,9,,2,0,,1,1,4,35,4,2,0,5,0,0,0,0,true,,false,false,true,false,false,,,,,,false,false,false,,,false,false,false,false,false,-83.17547,42.431,"{
  ""coordinates"": [
    -8.317546710600000e+01,
    4.243100311400010e+01
  ],
  ""type"": ""Point""
}","{
  ""coordinates"": [
    -83.175467106,
    42.431003114
  ],
  ""type"": ""Point""
}",-83.175467106,42.4310031140001
20684,9969255,BARLOW,FAIRMOUNT,2017-03-05,5,3,2017,15,1,8,9,,,0,,1,1,3,25,2,2,1,5,0,0,0,0,true,,false,false,true,false,false,,,,,,false,false,false,,,false,false,false,false,false,-82.99638,42.44317,"{
  ""coordinates"": [
    -8.299638549600000e+01,
    4.244317019900010e+01
  ],
  ""type"": ""Point""
}","{
  ""coordinates"": [
    -82.996385496,
    42.443170199
  ],
  ""type"": ""Point""
}",-82.996385496,42.4431701990001
20685,9974441,OUTER,ALTER,2017-03-05,5,3,2017,9,1,4,9,,4,0,,1,1,1,35,2,2,6,4,0,0,0,3,false,,true,true,false,false,false,,,,,,false,false,true,,,false,false,false,false,false,-82.9576,42.40122,"{
  ""coordinates"": [
    -8.295760505699999e+01,
    4.240121857000000e+01
  ],
  ""type"": ""Point""
}","{
  ""coordinates"": [
    -82.957605057,
    42.40121857
  ],
  ""type"": ""Point""
}",-82.957605057,42.40121857
20686,9969180,RAMP 047F,E M 8,2017-03-05,5,3,2017,18,1,1,1,,1,1,,1,2,1,35,1,1,1,5,0,0,0,0,true,,false,false,false,false,false,,,,,,false,false,false,,,false,false,false,false,false,-83.07949,42.40874,"{
  ""coordinates"": [
    -8.307949126999991e+01,
    4.240874226400010e+01
  ],
  ""type"": ""Point""
}","{
  ""coordinates"": [
    -83.07949127,
    42.408742264
  ],
  ""type"": ""Point""
}",-83.0794912699999,42.4087422640001
20687,9973608,MILFORD,IRONWOOD,2017-03-05,5,3,2017,10,1,1,9,,,1,,1,1,1,25,2,1,1,3,0,0,1,0,false,,false,false,false,false,false,,,,,,false,false,false,,,false,false,false,false,false,-83.12145,42.34977,"{
  ""coordinates"": [
    -8.312145054400000e+01,
    4.234976895900010e+01
  ],
  ""type"": ""Point""
}","{
  ""coordinates"": [
    -83.121450544,
    42.349768959
  ],
  ""type"": ""Point""
}",-83.121450544,42.3497689590001
20688,9972468,N I 75,RAMP 041G,2017-03-05,5,3,2017,0,1,8,1,,1,0,,1,1,4,55,4,2,1,5,0,0,0,0,true,,false,false,true,false,false,,,,,,false,false,false,,,false,false,false,false,false,-83.04417,42.34538,"{
  ""coordinates"": [
    -8.304417181100000e+01,
    4.234538400800010e+01
  ],
  ""type"": ""Point""
}","{
  ""coordinates"": [
    -83.044171811,
    42.345384008
  ],
  ""type"": ""Point""
}",-83.044171811,42.3453840080001
20689,9969201,JOY,OAKMAN,2017-03-05,5,3,2017,19,1,10,9,,4,0,,1,1,4,35,2,2,2,5,0,0,0,0,true,,false,false,true,false,false,,,,,,false,false,false,,,false,false,true,false,false,-83.16052,42.35896,"{
  ""coordinates"": [
    -8.316051948900000e+01,
    4.235895488200000e+01
  ],
  ""type"": ""Point""
}","{
  ""coordinates"": [
    -83.160519489,
    42.358954882
  ],
  ""type"": ""Point""
}",-83.160519489,42.358954882
20690,9969199,ST MARYS,FENKELL,2017-03-05,5,3,2017,12,1,8,9,,,0,,1,1,1,25,2,2,3,5,0,0,0,0,true,,false,false,false,false,false,,,,,,false,false,false,,,false,false,false,false,false,-83.20625,42.4014,"{
  ""coordinates"": [
    -8.320624847200000e+01,
    4.240139891800000e+01
  ],
  ""type"": ""Point""
}","{
  ""coordinates"": [
    -83.206248472,
    42.401398918
  ],
  ""type"": ""Point""
}",-83.206248472,42.401398918
20691,1282082,BELLEVUE,CHARLEVOIX,2017-03-05,5,3,2017,15,1,4,9,,,0,,1,1,1,25,5,2,1,4,0,0,0,1,false,,true,false,true,false,false,,,,,,false,false,true,,,false,false,false,false,false,-83.015,42.3586,"{
  ""coordinates"": [
    -8.301500086000000e+01,
    4.235860181400010e+01
  ],
  ""type"": ""Point""
}","{
  ""coordinates"": [
    -83.01500086,
    42.358601814
  ],
  ""type"": ""Point""
}",-83.01500086,42.3586018140001