ObjectId,Crash ID,Primary Road,Intersecting Road,Crash Date,Day,Month,Year,Hour,Weekday,Crash Type Code,Highway Classification Code,Community Code,Jurisdiction Code,Lane Departure Type Code,Surface Type,Road Condition,Weather Condition,Lighting Condition,Speed Limit,Lanes,Units,Occupants,Most Severe Injury,Fatal Injuries,Suspected Serious Injuries,Suspected Minor Injuries,Possible Injuries,Property Damage Only,Secondary Crash,Traffic Control,Red Light Run,Hit and Run,Alcohol,Drugs,Unbelted Person,Work Zone,Speeding Driver,Distracted Driver,Driveway,Pedestrian,Elderly Driver,Young Driver,Commercial Vehicle,Emergency Vehicles,Train,School Bus,Motorcycle,Bicycle,Deer,Longitude,Latitude,geom,geog,x,y
20863,1005383,I-75,I-375,2017-03-02,2,3,2017,23,5,5,1,,1,0,,3,5,4,55,2,3,2,5,0,0,0,0,true,,false,false,true,false,false,,,,,,false,false,false,,,false,false,false,false,false,-83.04659,42.34935,"{
  ""coordinates"": [
    -8.304659523399989e+01,
    4.234934499900000e+01
  ],
  ""type"": ""Point""
}","{
  ""coordinates"": [
    -83.046595234,
    42.349344999
  ],
  ""type"": ""Point""
}",-83.0465952339999,42.349344999
20864,9968333,JAMES COUZENS,WYOMING,2017-03-02,2,3,2017,7,5,1,9,,4,0,,1,1,1,25,2,1,1,5,0,0,0,0,true,,false,false,false,false,false,,,,,,false,true,false,,,false,false,false,false,false,-83.15981,42.40565,"{
  ""coordinates"": [
    -8.315981411900000e+01,
    4.240564586800010e+01
  ],
  ""type"": ""Point""
}","{
  ""coordinates"": [
    -83.159814119,
    42.405645868
  ],
  ""type"": ""Point""
}",-83.159814119,42.4056458680001
20865,9970820,N I 75,RAMP 035F,2017-03-02,2,3,2017,22,5,1,1,,1,1,,3,5,4,35,1,1,1,4,0,0,0,1,false,,false,false,false,false,false,,,,,,false,false,false,,,false,false,false,false,false,-83.08393,42.32561,"{
  ""coordinates"": [
    -8.308393459900000e+01,
    4.232561430400010e+01
  ],
  ""type"": ""Point""
}","{
  ""coordinates"": [
    -83.083934599,
    42.325614304
  ],
  ""type"": ""Point""
}",-83.083934599,42.3256143040001
20866,9967085,JOY,GREENFIELD,2017-03-02,2,3,2017,18,5,4,9,,4,0,,2,5,4,35,5,2,4,5,0,0,0,0,true,,false,false,false,false,false,,,,,,false,false,true,,,false,false,false,false,false,-83.19662,42.35814,"{
  ""coordinates"": [
    -8.319662503099990e+01,
    4.235814279700000e+01
  ],
  ""type"": ""Point""
}","{
  ""coordinates"": [
    -83.196625031,
    42.358142797
  ],
  ""type"": ""Point""
}",-83.1966250309999,42.358142797
20867,9968292,JOY,SCHAEFER,2017-03-02,2,3,2017,2,5,97,9,,4,0,,1,2,3,35,4,2,3,5,0,0,0,0,true,,false,false,true,false,false,,,,,,false,false,false,,,false,false,false,false,false,-83.17743,42.35855,"{
  ""coordinates"": [
    -8.317743289399991e+01,
    4.235855439000010e+01
  ],
  ""type"": ""Point""
}","{
  ""coordinates"": [
    -83.177432894,
    42.35855439
  ],
  ""type"": ""Point""
}",-83.1774328939999,42.3585543900001
20868,9967100,KERCHEVAL,MT ELLIOTT,2017-03-02,2,3,2017,9,5,8,9,,4,0,,1,1,1,0,2,2,3,5,0,0,0,0,true,,false,false,false,false,false,,,,,,false,false,false,,,false,false,false,false,false,-83.01584,42.35257,"{
  ""coordinates"": [
    -8.301583693200000e+01,
    4.235256669800000e+01
  ],
  ""type"": ""Point""
}","{
  ""coordinates"": [
    -83.015836932,
    42.352566698
  ],
  ""type"": ""Point""
}",-83.015836932,42.352566698
20869,9970850,WARREN,GRANDRIVER,2017-03-02,2,3,2017,9,5,97,3,,4,0,,1,1,1,0,4,1,1,5,0,0,0,0,true,,false,false,false,false,false,,,,,,false,false,false,,,false,false,false,false,false,-83.08984,42.34855,"{
  ""coordinates"": [
    -8.308984424600000e+01,
    4.234854889400000e+01
  ],
  ""type"": ""Point""
}","{
  ""coordinates"": [
    -83.089844246,
    42.348548894
  ],
  ""type"": ""Point""
}",-83.089844246,42.348548894
20870,9969205,LONYO,DIX,2017-03-02,2,3,2017,2,5,5,9,,4,0,,3,6,5,35,2,2,2,2,0,2,0,0,false,,false,false,true,false,false,,,,,,false,false,false,,,false,false,false,false,false,-83.1349,42.31729,"{
  ""coordinates"": [
    -8.313490294199990e+01,
    4.231728761400010e+01
  ],
  ""type"": ""Point""
}","{
  ""coordinates"": [
    -83.134902942,
    42.317287614
  ],
  ""type"": ""Point""
}",-83.1349029419999,42.3172876140001
20871,9980217,DEXTER,JOY,2017-03-02,2,3,2017,19,5,97,9,,4,0,,2,2,4,30,5,2,1,2,0,1,0,0,false,,false,false,false,true,false,,,,,,true,false,false,,,false,false,false,false,false,-83.11775,42.37034,"{
  ""coordinates"": [
    -8.311774986899999e+01,
    4.237033845600010e+01
  ],
  ""type"": ""Point""
}","{
  ""coordinates"": [
    -83.117749869,
    42.370338456
  ],
  ""type"": ""Point""
}",-83.117749869,42.3703384560001
20872,9969174,I-75,THIRD,2017-03-02,2,3,2017,21,5,1,1,,1,1,,4,5,4,55,3,1,1,5,0,0,0,0,true,,false,false,false,false,false,,,,,,false,false,false,,,false,false,false,false,false,-83.05847,42.33704,"{
  ""coordinates"": [
    -8.305847410900000e+01,
    4.233704520900010e+01
  ],
  ""type"": ""Point""
}","{
  ""coordinates"": [
    -83.058474109,
    42.337045209
  ],
  ""type"": ""Point""
}",-83.058474109,42.3370452090001
20873,9982268,I-94,LIVERNOIS,2017-03-02,2,3,2017,6,5,8,1,,1,0,,3,1,4,55,3,2,3,4,0,0,0,2,false,,false,false,false,false,false,,,,,,false,false,false,,,false,false,false,false,false,-83.12916,42.33562,"{
  ""coordinates"": [
    -8.312915978400000e+01,
    4.233562616200000e+01
  ],
  ""type"": ""Point""
}","{
  ""coordinates"": [
    -83.129159784,
    42.335626162
  ],
  ""type"": ""Point""
}",-83.129159784,42.335626162
20874,9970071,HUBBELL,7 MILE,2017-03-02,2,3,2017,5,5,4,9,,4,0,,2,1,4,30,4,2,2,5,0,0,0,0,true,,false,false,true,false,false,,,,,,false,false,false,,,false,false,false,false,false,-83.18991,42.4306,"{
  ""coordinates"": [
    -8.318991272200000e+01,
    4.243060070800000e+01
  ],
  ""type"": ""Point""
}","{
  ""coordinates"": [
    -83.189912722,
    42.430600708
  ],
  ""type"": ""Point""
}",-83.189912722,42.430600708
20875,9968424,ROSA PARKS,MICHIGAN,2017-03-02,2,3,2017,19,5,8,2,,4,0,,2,5,4,30,3,2,2,5,0,0,0,0,true,,false,false,false,false,false,,,,,,false,false,false,,,false,false,false,false,false,-83.07203,42.33142,"{
  ""coordinates"": [
    -8.307202655700000e+01,
    4.233142422500000e+01
  ],
  ""type"": ""Point""
}","{
  ""coordinates"": [
    -83.072026557,
    42.331424225
  ],
  ""type"": ""Point""
}",-83.072026557,42.331424225
20876,9970856,GRATIOT,ORLEANS,2017-03-02,2,3,2017,22,5,5,7,,1,0,,3,5,4,30,6,2,1,5,0,0,0,0,true,,false,false,true,false,false,,,,,,false,false,false,,,false,false,false,false,false,-83.03757,42.346,"{
  ""coordinates"": [
    -8.303756886100000e+01,
    4.234599898000000e+01
  ],
  ""type"": ""Point""
}","{
  ""coordinates"": [
    -83.037568861,
    42.34599898
  ],
  ""type"": ""Point""
}",-83.037568861,42.34599898
20877,9968327,MANDERSON,WHITMORE,2017-03-02,2,3,2017,15,5,8,9,,,0,,1,2,1,25,1,2,3,5,0,0,0,0,true,,false,false,false,false,false,,,,,,false,false,false,,,false,false,false,false,false,-83.11713,42.42089,"{
  ""coordinates"": [
    -8.311713104599990e+01,
    4.242089584600010e+01
  ],
  ""type"": ""Point""
}","{
  ""coordinates"": [
    -83.117131046,
    42.420895846
  ],
  ""type"": ""Point""
}",-83.1171310459999,42.4208958460001
20878,9968296,GRATIOT,PULFORD,2017-03-02,2,3,2017,9,5,1,3,,1,0,,1,1,1,35,8,1,1,5,0,0,0,0,true,,false,false,false,false,false,,,,,,false,false,false,,,false,false,false,false,false,-83.02652,42.36093,"{
  ""coordinates"": [
    -8.302651942700000e+01,
    4.236093115700000e+01
  ],
  ""type"": ""Point""
}","{
  ""coordinates"": [
    -83.026519427,
    42.360931157
  ],
  ""type"": ""Point""
}",-83.026519427,42.360931157
20879,9967103,7 MILE,VOTROBECK,2017-03-02,2,3,2017,8,5,4,9,,2,0,,1,1,1,35,4,2,2,4,0,0,0,1,false,,false,false,false,false,false,,,,,,false,false,false,,,false,false,false,false,false,-83.24294,42.42948,"{
  ""coordinates"": [
    -8.324293824999999e+01,
    4.242948311200010e+01
  ],
  ""type"": ""Point""
}","{
  ""coordinates"": [
    -83.24293825,
    42.429483112
  ],
  ""type"": ""Point""
}",-83.24293825,42.4294831120001
20880,9967088,JOHN C,MILWAUKEE,2017-03-02,2,3,2017,12,5,4,3,,1,0,,1,2,1,25,3,2,2,5,0,0,0,0,true,,false,false,false,false,false,,,,,,false,false,false,,,false,false,false,false,false,-83.08109,42.36591,"{
  ""coordinates"": [
    -8.308109369000000e+01,
    4.236591319800000e+01
  ],
  ""type"": ""Point""
}","{
  ""coordinates"": [
    -83.08109369,
    42.365913198
  ],
  ""type"": ""Point""
}",-83.08109369,42.365913198
20881,9968328,TRACEY,PEMBROKE,2017-03-02,2,3,2017,11,5,9,9,,,2,,1,2,1,25,2,2,2,5,0,0,0,0,true,,false,false,false,false,false,,,,,,false,false,false,,,false,false,false,false,false,-83.18198,42.43849,"{
  ""coordinates"": [
    -8.318197995000000e+01,
    4.243848824900000e+01
  ],
  ""type"": ""Point""
}","{
  ""coordinates"": [
    -83.18197995,
    42.438488249
  ],
  ""type"": ""Point""
}",-83.18197995,42.438488249
20882,9968276,ALTER,JEFFERSON,2017-03-02,2,3,2017,14,5,6,9,,4,0,,1,2,1,25,2,2,2,5,0,0,0,0,true,,false,false,false,false,false,,,,,,false,false,true,,,false,false,false,false,false,-82.93929,42.37452,"{
  ""coordinates"": [
    -8.293928352899999e+01,
    4.237451682300010e+01
  ],
  ""type"": ""Point""
}","{
  ""coordinates"": [
    -82.939283529,
    42.374516823
  ],
  ""type"": ""Point""
}",-82.939283529,42.3745168230001
20883,9967095,VERNOR,DRAGOON,2017-03-02,2,3,2017,9,5,3,9,,4,0,,1,1,1,25,3,2,2,5,0,0,0,0,true,,false,false,false,false,false,,,,,,false,false,true,,,false,false,false,false,false,-83.108,42.3157,"{
  ""coordinates"": [
    -8.310800123900000e+01,
    4.231569765000010e+01
  ],
  ""type"": ""Point""
}","{
  ""coordinates"": [
    -83.108001239,
    42.31569765
  ],
  ""type"": ""Point""
}",-83.108001239,42.3156976500001
20884,9967097,ROBSON,MCKENZIE,2017-03-02,2,3,2017,3,5,97,9,,,0,,4,2,3,25,2,2,0,5,0,0,0,0,true,,false,false,true,false,false,,,,,,false,false,false,,,false,false,false,false,false,-83.19144,42.35451,"{
  ""coordinates"": [
    -8.319144382000000e+01,
    4.235451147000000e+01
  ],
  ""type"": ""Point""
}","{
  ""coordinates"": [
    -83.19144382,
    42.35451147
  ],
  ""type"": ""Point""
}",-83.19144382,42.35451147
20885,9967108,WESTPHALIA,LAPPIN,2017-03-02,2,3,2017,0,5,4,9,,,0,,4,2,4,25,4,2,1,5,0,0,0,0,true,,false,false,true,false,false,,,,,,false,false,false,,,false,false,false,false,false,-82.99246,42.43657,"{
  ""coordinates"": [
    -8.299245850699999e+01,
    4.243657186600010e+01
  ],
  ""type"": ""Point""
}","{
  ""coordinates"": [
    -82.992458507,
    42.436571866
  ],
  ""type"": ""Point""
}",-82.992458507,42.4365718660001
20886,9968331,BRUSH,LAFAYETTE,2017-03-02,2,3,2017,1,5,5,9,,4,0,,1,1,1,0,2,2,2,5,0,0,0,0,true,,false,false,false,false,false,,,,,,false,false,false,,,false,false,false,false,false,-83.04314,42.33358,"{
  ""coordinates"": [
    -8.304313790399991e+01,
    4.233357486700000e+01
  ],
  ""type"": ""Point""
}","{
  ""coordinates"": [
    -83.043137904,
    42.333574867
  ],
  ""type"": ""Point""
}",-83.0431379039999,42.333574867
20887,9969193,I-94,JUNCTION,2017-03-02,2,3,2017,14,5,5,1,,1,0,,1,2,1,55,3,2,2,5,0,0,0,0,true,,false,false,false,false,false,,,,,,false,false,true,,,false,false,false,false,false,-83.11797,42.34089,"{
  ""coordinates"": [
    -8.311797327100000e+01,
    4.234089048500000e+01
  ],
  ""type"": ""Point""
}","{
  ""coordinates"": [
    -83.117973271,
    42.340890485
  ],
  ""type"": ""Point""
}",-83.117973271,42.340890485
20888,1006425,GRATIOT,MACK,2017-03-02,2,3,2017,15,5,5,3,,1,0,,1,2,1,30,6,2,3,5,0,0,0,0,true,,false,false,true,false,false,,,,,,false,false,false,,,false,false,false,false,false,-83.02776,42.35904,"{
  ""coordinates"": [
    -8.302775726599999e+01,
    4.235904143000000e+01
  ],
  ""type"": ""Point""
}","{
  ""coordinates"": [
    -83.027757266,
    42.35904143
  ],
  ""type"": ""Point""
}",-83.027757266,42.35904143
20889,9969235,SCHAEFER,ELECTRIC,2017-03-02,2,3,2017,0,5,1,9,,2,1,,3,5,4,25,4,1,1,5,0,0,0,0,true,,false,false,false,false,false,,,,,,false,false,false,,,false,false,false,false,false,-83.15339,42.27554,"{
  ""coordinates"": [
    -8.315339019200000e+01,
    4.227554071400000e+01
  ],
  ""type"": ""Point""
}","{
  ""coordinates"": [
    -83.153390192,
    42.275540714
  ],
  ""type"": ""Point""
}",-83.153390192,42.275540714
20890,9967110,WILFRED,CHALMERS,2017-03-02,2,3,2017,2,5,8,9,,,0,,1,1,4,25,2,2,1,5,0,0,0,0,true,,false,false,true,false,false,,,,,,false,false,false,,,false,false,false,false,false,-82.97356,42.41835,"{
  ""coordinates"": [
    -8.297356147900000e+01,
    4.241835505100000e+01
  ],
  ""type"": ""Point""
}","{
  ""coordinates"": [
    -82.973561479,
    42.418355051
  ],
  ""type"": ""Point""
}",-82.973561479,42.418355051
20891,9969237,VERNOR,LANSING,2017-03-02,2,3,2017,16,5,4,9,,4,0,,1,1,1,0,2,2,3,5,0,0,0,0,true,,false,false,false,false,false,,,,,,false,true,true,,,false,false,false,false,false,-83.09818,42.31932,"{
  ""coordinates"": [
    -8.309817798200000e+01,
    4.231932597800010e+01
  ],
  ""type"": ""Point""
}","{
  ""coordinates"": [
    -83.098177982,
    42.319325978
  ],
  ""type"": ""Point""
}",-83.098177982,42.3193259780001
20892,9967093,MICHIGAN,GILBERT,2017-03-02,2,3,2017,8,5,97,2,,1,0,,1,1,1,35,5,2,5,5,0,0,0,0,true,,false,false,false,false,false,,,,,,false,false,false,,,false,false,false,false,false,-83.12203,42.33113,"{
  ""coordinates"": [
    -8.312203580900000e+01,
    4.233112655200010e+01
  ],
  ""type"": ""Point""
}","{
  ""coordinates"": [
    -83.122035809,
    42.331126552
  ],
  ""type"": ""Point""
}",-83.122035809,42.3311265520001
20893,9969197,I-94,ROSA PARKS,2017-03-02,2,3,2017,6,5,5,1,,1,0,,1,2,1,55,3,2,2,4,0,0,0,1,false,,false,false,false,false,false,,,,,,false,false,false,,,false,false,false,false,false,-83.08485,42.35474,"{
  ""coordinates"": [
    -8.308485017800000e+01,
    4.235473657900010e+01
  ],
  ""type"": ""Point""
}","{
  ""coordinates"": [
    -83.084850178,
    42.354736579
  ],
  ""type"": ""Point""
}",-83.084850178,42.3547365790001
20894,9968260,BEAUBIEN,MONROE,2017-03-02,2,3,2017,22,5,1,9,,4,0,,2,1,4,30,2,2,3,5,0,0,0,0,true,,false,false,true,false,false,,,,,,true,false,false,,,false,false,false,false,false,-83.04256,42.33491,"{
  ""coordinates"": [
    -8.304256818000000e+01,
    4.233491261900010e+01
  ],
  ""type"": ""Point""
}","{
  ""coordinates"": [
    -83.04256818,
    42.334912619
  ],
  ""type"": ""Point""
}",-83.04256818,42.3349126190001
20895,9967112,CONNER,MINDEN,2017-03-02,2,3,2017,12,5,8,9,,4,0,,1,1,1,35,4,2,4,5,0,0,0,0,true,,false,false,true,false,false,,,,,,false,false,true,,,false,false,false,false,false,-83.00719,42.41256,"{
  ""coordinates"": [
    -8.300719203900000e+01,
    4.241256177600010e+01
  ],
  ""type"": ""Point""
}","{
  ""coordinates"": [
    -83.007192039,
    42.412561776
  ],
  ""type"": ""Point""
}",-83.007192039,42.4125617760001
20896,9970017,I-75,OUTER,2017-03-02,2,3,2017,18,5,1,1,,1,1,,3,5,4,70,4,1,1,5,0,0,0,0,true,,false,false,false,false,false,,,,,,false,false,false,,,false,false,false,false,false,-83.16477,42.27047,"{
  ""coordinates"": [
    -8.316476973600000e+01,
    4.227046592200000e+01
  ],
  ""type"": ""Point""
}","{
  ""coordinates"": [
    -83.164769736,
    42.270465922
  ],
  ""type"": ""Point""
}",-83.164769736,42.270465922
20897,9969172,I-96,GREENFIELD,2017-03-02,2,3,2017,0,5,1,1,,1,1,,4,5,4,55,3,1,1,4,0,0,0,1,false,,false,false,false,false,false,,,,,,false,false,false,,,false,false,false,false,false,-83.19608,42.37908,"{
  ""coordinates"": [
    -8.319608123700000e+01,
    4.237908004600010e+01
  ],
  ""type"": ""Point""
}","{
  ""coordinates"": [
    -83.196081237,
    42.379080046
  ],
  ""type"": ""Point""
}",-83.196081237,42.3790800460001
20898,9969194,I-94,LIVERNOIS,2017-03-02,2,3,2017,15,5,5,1,,1,0,,1,2,1,55,3,2,2,5,0,0,0,0,true,,false,false,false,false,false,,,,,,false,false,false,,,false,false,false,false,false,-83.12583,42.33694,"{
  ""coordinates"": [
    -8.312583206100000e+01,
    4.233694023500000e+01
  ],
  ""type"": ""Point""
}","{
  ""coordinates"": [
    -83.125832061,
    42.336940235
  ],
  ""type"": ""Point""
}",-83.125832061,42.336940235
20899,9973439,RAMP 037F,I-75,2017-03-02,2,3,2017,19,5,1,1,,1,1,,2,2,4,55,1,1,1,4,0,0,0,1,false,,false,false,false,false,false,,,,,,false,false,false,,,false,false,false,false,false,-83.08501,42.33231,"{
  ""coordinates"": [
    -8.308500593799990e+01,
    4.233231274600010e+01
  ],
  ""type"": ""Point""
}","{
  ""coordinates"": [
    -83.085005938,
    42.332312746
  ],
  ""type"": ""Point""
}",-83.0850059379999,42.3323127460001
20900,9973497,I-75,I-375,2017-03-02,2,3,2017,22,5,8,1,,1,0,,3,5,4,55,2,3,2,4,0,0,0,1,false,,false,false,true,false,false,,,,,,false,false,false,,,false,false,false,false,false,-83.04659,42.34935,"{
  ""coordinates"": [
    -8.304659523399989e+01,
    4.234934499900000e+01
  ],
  ""type"": ""Point""
}","{
  ""coordinates"": [
    -83.046595234,
    42.349344999
  ],
  ""type"": ""Point""
}",-83.0465952339999,42.349344999
20901,9970022,I-75,I-375,2017-03-02,2,3,2017,22,5,8,1,,1,0,,3,5,4,55,2,2,1,5,0,0,0,0,true,,false,false,true,false,false,,,,,,false,false,false,,,false,false,false,false,false,-83.04659,42.34935,"{
  ""coordinates"": [
    -8.304659523399989e+01,
    4.234934499900000e+01
  ],
  ""type"": ""Point""
}","{
  ""coordinates"": [
    -83.046595234,
    42.349344999
  ],
  ""type"": ""Point""
}",-83.0465952339999,42.349344999
20902,9967084,SCHAEFER,PLYMOUTH,2017-03-02,2,3,2017,13,5,4,9,,4,0,,1,1,1,35,5,2,2,3,0,0,1,0,false,,true,true,false,false,false,,,,,,false,true,true,,,false,false,false,false,false,-83.17799,42.37304,"{
  ""coordinates"": [
    -8.317798868800000e+01,
    4.237304426800010e+01
  ],
  ""type"": ""Point""
}","{
  ""coordinates"": [
    -83.177988688,
    42.373044268
  ],
  ""type"": ""Point""
}",-83.177988688,42.3730442680001
20903,9973457,M-39,WARREN,2017-03-02,2,3,2017,7,5,97,3,,1,0,,1,1,1,55,3,4,6,5,0,0,0,0,true,,false,false,false,false,false,,,,,,false,false,true,,,false,false,false,false,false,-83.21603,42.3431,"{
  ""coordinates"": [
    -8.321603145099991e+01,
    4.234310041800010e+01
  ],
  ""type"": ""Point""
}","{
  ""coordinates"": [
    -83.216031451,
    42.343100418
  ],
  ""type"": ""Point""
}",-83.2160314509999,42.3431004180001
20904,9970069,7 MILE,OUTER,2017-03-02,2,3,2017,22,5,4,9,,2,0,,1,1,5,35,2,2,2,5,0,0,0,0,true,,false,false,false,false,false,,,,,,false,false,true,,,false,false,false,false,false,-83.17567,42.43118,"{
  ""coordinates"": [
    -8.317567117899991e+01,
    4.243117397400000e+01
  ],
  ""type"": ""Point""
}","{
  ""coordinates"": [
    -83.175671179,
    42.431173974
  ],
  ""type"": ""Point""
}",-83.1756711789999,42.431173974
20905,9967104,VERNE,WESTBROOK,2017-03-02,2,3,2017,11,5,4,9,,,0,,3,2,1,25,2,2,1,5,0,0,0,0,true,,true,false,true,false,false,,,,,,false,false,false,,,false,false,false,false,false,-83.25094,42.4113,"{
  ""coordinates"": [
    -8.325093882399990e+01,
    4.241130454900010e+01
  ],
  ""type"": ""Point""
}","{
  ""coordinates"": [
    -83.250938824,
    42.411304549
  ],
  ""type"": ""Point""
}",-83.2509388239999,42.4113045490001
20906,9969195,N M 10,N JOHN C LODGE/S JOHN C LODGE,2017-03-02,2,3,2017,16,5,1,3,,1,1,,1,2,1,55,3,1,2,5,0,0,0,0,true,,false,false,false,false,false,,,,,,false,false,false,,,false,false,false,false,false,-83.07166,42.35088,"{
  ""coordinates"": [
    -8.307165268800000e+01,
    4.235087497100010e+01
  ],
  ""type"": ""Point""
}","{
  ""coordinates"": [
    -83.071652688,
    42.350874971
  ],
  ""type"": ""Point""
}",-83.071652688,42.3508749710001
20907,9969261,WARREN,ANTHONY WAYNE,2017-03-02,2,3,2017,14,5,8,9,,4,0,,1,1,1,30,4,2,3,5,0,0,0,0,true,,false,false,false,false,false,,,,,,false,false,true,,,false,false,false,false,false,-83.07165,42.35452,"{
  ""coordinates"": [
    -8.307165102099999e+01,
    4.235452071300010e+01
  ],
  ""type"": ""Point""
}","{
  ""coordinates"": [
    -83.071651021,
    42.354520713
  ],
  ""type"": ""Point""
}",-83.071651021,42.3545207130001
20908,9967099,GRANDVILLE,TIREMAN,2017-03-02,2,3,2017,2,5,1,9,,,0,,3,1,4,25,2,1,2,5,0,0,0,0,true,,false,false,false,false,false,,,,,,false,false,false,,,false,false,false,false,false,-83.22958,42.35044,"{
  ""coordinates"": [
    -8.322958076899990e+01,
    4.235044177000000e+01
  ],
  ""type"": ""Point""
}","{
  ""coordinates"": [
    -83.229580769,
    42.35044177
  ],
  ""type"": ""Point""
}",-83.2295807689999,42.35044177
20909,9973440,RAMP 040B,I-75,2017-03-02,2,3,2017,20,5,1,1,,1,1,,3,2,4,55,1,1,2,3,0,0,2,0,false,,false,false,false,false,false,,,,,,false,false,false,,,false,false,false,false,false,-83.05438,42.33899,"{
  ""coordinates"": [
    -8.305438401600000e+01,
    4.233898359800000e+01
  ],
  ""type"": ""Point""
}","{
  ""coordinates"": [
    -83.054384016,
    42.338983598
  ],
  ""type"": ""Point""
}",-83.054384016,42.338983598
20910,9968330,EVERGREEN,PEMBROKE,2017-03-02,2,3,2017,9,5,5,9,,4,0,,1,1,4,25,2,2,1,5,0,0,0,0,true,,false,false,true,false,false,,,,,,false,false,false,,,false,false,false,false,false,-83.23914,42.43678,"{
  ""coordinates"": [
    -8.323913220599999e+01,
    4.243677889200010e+01
  ],
  ""type"": ""Point""
}","{
  ""coordinates"": [
    -83.239132206,
    42.436778892
  ],
  ""type"": ""Point""
}",-83.239132206,42.4367788920001
20911,9969264,OUTER,VAN DYKE,2017-03-02,2,3,2017,17,5,97,3,,2,0,,4,5,4,25,3,2,7,5,0,0,0,0,true,,false,false,false,false,false,,,,,,false,false,false,,,false,false,false,false,false,-83.02422,42.44135,"{
  ""coordinates"": [
    -8.302422518500001e+01,
    4.244135294700000e+01
  ],
  ""type"": ""Point""
}","{
  ""coordinates"": [
    -83.024225185,
    42.441352947
  ],
  ""type"": ""Point""
}",-83.024225185,42.441352947
20912,9973456,E I 96,KENTFIELD,2017-03-02,2,3,2017,6,5,1,1,,1,1,,3,1,4,70,3,1,1,4,0,0,0,1,false,,false,false,false,false,false,,,,,,false,false,false,,,false,false,false,false,false,-83.2384,42.38159,"{
  ""coordinates"": [
    -8.323839430699999e+01,
    4.238158935800000e+01
  ],
  ""type"": ""Point""
}","{
  ""coordinates"": [
    -83.238394307,
    42.381589358
  ],
  ""type"": ""Point""
}",-83.238394307,42.381589358
20913,9968249,ROBSON,PILGRIM,2017-03-02,2,3,2017,1,5,8,9,,,3,,1,5,4,25,2,2,1,5,0,0,0,0,true,,false,false,false,false,false,,,,,,false,false,false,,,false,false,false,false,false,-83.19287,42.40733,"{
  ""coordinates"": [
    -8.319287387599999e+01,
    4.240732753100010e+01
  ],
  ""type"": ""Point""
}","{
  ""coordinates"": [
    -83.192873876,
    42.407327531
  ],
  ""type"": ""Point""
}",-83.192873876,42.4073275310001
20914,9973459,M-39,JOY,2017-03-02,2,3,2017,11,5,8,3,,1,0,,1,1,1,55,3,3,4,5,0,0,0,0,true,,false,false,false,false,false,,,,,,false,false,true,,,false,false,false,false,false,-83.21641,42.35813,"{
  ""coordinates"": [
    -8.321640497800000e+01,
    4.235813072100010e+01
  ],
  ""type"": ""Point""
}","{
  ""coordinates"": [
    -83.216404978,
    42.358130721
  ],
  ""type"": ""Point""
}",-83.216404978,42.3581307210001
20915,9973398,NOTTINGHAM,WHITTIER,2017-03-02,2,3,2017,22,5,97,9,,,0,,1,2,4,25,2,2,2,3,0,0,1,0,false,,false,false,false,false,false,,,,,,false,false,false,,,false,false,false,false,false,-82.9499,42.41721,"{
  ""coordinates"": [
    -8.294990023100000e+01,
    4.241721132000000e+01
  ],
  ""type"": ""Point""
}","{
  ""coordinates"": [
    -82.949900231,
    42.41721132
  ],
  ""type"": ""Point""
}",-82.949900231,42.41721132
20916,9970016,I-96,EVERGREEN,2017-03-02,2,3,2017,0,5,8,1,,1,0,,3,5,4,70,3,2,2,5,0,0,0,0,true,,false,false,true,false,false,,,,,,false,false,false,,,false,false,false,false,false,-83.23796,42.38123,"{
  ""coordinates"": [
    -8.323796228700000e+01,
    4.238123286600010e+01
  ],
  ""type"": ""Point""
}","{
  ""coordinates"": [
    -83.237962287,
    42.381232866
  ],
  ""type"": ""Point""
}",-83.237962287,42.3812328660001
20917,9968342,MARTIN LUTHER KING JR,2ND,2017-03-02,2,3,2017,20,5,97,9,,4,0,,2,2,4,30,9,2,2,5,0,0,0,0,true,,false,false,false,false,false,,,,,,false,false,true,,,false,false,false,false,false,-83.06262,42.345,"{
  ""coordinates"": [
    -8.306262524499989e+01,
    4.234499792800010e+01
  ],
  ""type"": ""Point""
}","{
  ""coordinates"": [
    -83.062625245,
    42.344997928
  ],
  ""type"": ""Point""
}",-83.0626252449999,42.3449979280001
20918,9973438,DAVISON,I-75,2017-03-02,2,3,2017,18,5,8,3,,1,0,,1,2,1,55,4,2,1,5,0,0,0,0,true,,false,false,true,false,false,,,,,,false,false,false,,,false,false,false,false,false,-83.0754,42.40987,"{
  ""coordinates"": [
    -8.307539932000000e+01,
    4.240987329400010e+01
  ],
  ""type"": ""Point""
}","{
  ""coordinates"": [
    -83.07539932,
    42.409873294
  ],
  ""type"": ""Point""
}",-83.07539932,42.4098732940001
20919,9970019,I-75,I-375,2017-03-02,2,3,2017,22,5,8,1,,1,0,,3,5,4,55,2,2,2,5,0,0,0,0,true,,false,false,false,false,false,,,,,,false,false,true,,,false,false,false,false,false,-83.04659,42.34935,"{
  ""coordinates"": [
    -8.304659523399989e+01,
    4.234934499900000e+01
  ],
  ""type"": ""Point""
}","{
  ""coordinates"": [
    -83.046595234,
    42.349344999
  ],
  ""type"": ""Point""
}",-83.0465952339999,42.349344999
20920,9970012,I-96,M-39,2017-03-02,2,3,2017,0,5,5,1,,1,0,,3,5,4,35,1,2,2,5,0,0,0,0,true,,false,false,true,false,false,,,,,,false,false,true,,,false,false,false,false,false,-83.19743,42.37942,"{
  ""coordinates"": [
    -8.319742325100000e+01,
    4.237941565300010e+01
  ],
  ""type"": ""Point""
}","{
  ""coordinates"": [
    -83.197423251,
    42.379415653
  ],
  ""type"": ""Point""
}",-83.197423251,42.3794156530001