ObjectId,Crash ID,Primary Road,Intersecting Road,Crash Date,Day,Month,Year,Hour,Weekday,Crash Type Code,Highway Classification Code,Community Code,Jurisdiction Code,Lane Departure Type Code,Surface Type,Road Condition,Weather Condition,Lighting Condition,Speed Limit,Lanes,Units,Occupants,Most Severe Injury,Fatal Injuries,Suspected Serious Injuries,Suspected Minor Injuries,Possible Injuries,Property Damage Only,Secondary Crash,Traffic Control,Red Light Run,Hit and Run,Alcohol,Drugs,Unbelted Person,Work Zone,Speeding Driver,Distracted Driver,Driveway,Pedestrian,Elderly Driver,Young Driver,Commercial Vehicle,Emergency Vehicles,Train,School Bus,Motorcycle,Bicycle,Deer,Longitude,Latitude,geom,geog,x,y
20921,9970013,I-75,CLAY,2017-03-02,2,3,2017,18,5,5,1,,1,0,,1,1,1,70,4,2,2,5,0,0,0,0,true,,false,false,false,false,false,,,,,,false,false,true,,,false,false,false,false,false,-83.05922,42.37165,"{
  ""coordinates"": [
    -8.305921814399990e+01,
    4.237165607800010e+01
  ],
  ""type"": ""Point""
}","{
  ""coordinates"": [
    -83.059218144,
    42.371656078
  ],
  ""type"": ""Point""
}",-83.0592181439999,42.3716560780001
20922,9973421,I-75,7 MILE,2017-03-02,2,3,2017,16,5,5,1,,1,0,,1,2,1,70,4,2,2,5,0,0,0,0,true,,false,false,false,false,false,,,,,,false,false,false,,,false,false,false,false,false,-83.09429,42.4296,"{
  ""coordinates"": [
    -8.309428805499989e+01,
    4.242960201900010e+01
  ],
  ""type"": ""Point""
}","{
  ""coordinates"": [
    -83.094288055,
    42.429602019
  ],
  ""type"": ""Point""
}",-83.0942880549999,42.4296020190001
20923,1016633,CHENE,GRAND,2017-03-02,2,3,2017,15,5,5,1,,4,0,,1,8,1,30,4,3,3,4,0,0,0,1,false,,false,false,true,false,false,,,,,,false,false,false,,,false,false,false,false,false,-83.04652,42.37507,"{
  ""coordinates"": [
    -8.304651740299990e+01,
    4.237507415400010e+01
  ],
  ""type"": ""Point""
}","{
  ""coordinates"": [
    -83.046517403,
    42.375074154
  ],
  ""type"": ""Point""
}",-83.0465174029999,42.3750741540001
20924,9980134,I-75,LAFAYETTE,2017-03-02,2,3,2017,20,5,5,1,,1,0,,2,5,4,55,1,2,2,5,0,0,0,0,true,,false,false,false,false,false,,,,,,false,false,false,,,false,false,false,false,false,-83.08836,42.31503,"{
  ""coordinates"": [
    -8.308835705500000e+01,
    4.231503450900000e+01
  ],
  ""type"": ""Point""
}","{
  ""coordinates"": [
    -83.088357055,
    42.315034509
  ],
  ""type"": ""Point""
}",-83.088357055,42.315034509
20925,9970018,S I 75,3RD,2017-03-02,2,3,2017,20,5,1,1,,1,1,,3,5,4,70,3,1,1,5,0,0,0,0,true,,false,false,false,false,false,,,,,,false,false,false,,,false,false,false,false,false,-83.06007,42.33636,"{
  ""coordinates"": [
    -8.306006603799990e+01,
    4.233636167200010e+01
  ],
  ""type"": ""Point""
}","{
  ""coordinates"": [
    -83.060066038,
    42.336361672
  ],
  ""type"": ""Point""
}",-83.0600660379999,42.3363616720001
20926,9969173,I-75,THIRD,2017-03-02,2,3,2017,20,5,1,1,,1,1,,4,5,4,55,3,1,1,5,0,0,0,0,true,,false,false,false,false,false,,,,,,false,false,false,,,false,false,false,false,false,-83.05847,42.33704,"{
  ""coordinates"": [
    -8.305847410900000e+01,
    4.233704520900010e+01
  ],
  ""type"": ""Point""
}","{
  ""coordinates"": [
    -83.058474109,
    42.337045209
  ],
  ""type"": ""Point""
}",-83.058474109,42.3370452090001
20927,9985969,WYOMING,THATCHER,2017-03-02,2,3,2017,17,5,8,9,,4,0,,1,1,1,0,3,2,2,5,0,0,0,0,true,,false,false,false,false,false,,,,,,false,true,false,,,false,false,false,false,false,-83.16062,42.42234,"{
  ""coordinates"": [
    -8.316061956599999e+01,
    4.242234398500010e+01
  ],
  ""type"": ""Point""
}","{
  ""coordinates"": [
    -83.160619566,
    42.422343985
  ],
  ""type"": ""Point""
}",-83.160619566,42.4223439850001
20928,9973437,RAMP 037F,RAMP 037C,2017-03-01,1,3,2017,23,4,1,1,,1,1,,3,5,4,55,1,1,1,4,0,0,0,1,false,,false,false,false,false,false,,,,,,false,false,false,,,false,false,false,false,false,-83.08483,42.33248,"{
  ""coordinates"": [
    -8.308482966500000e+01,
    4.233247789600010e+01
  ],
  ""type"": ""Point""
}","{
  ""coordinates"": [
    -83.084829665,
    42.332477896
  ],
  ""type"": ""Point""
}",-83.084829665,42.3324778960001
20929,9969240,CHAMBERLAIN,SPRINGWELLS,2017-03-01,1,3,2017,14,4,5,9,,4,3,,1,1,1,30,2,2,0,5,0,0,0,0,true,,false,false,true,false,false,,,,,,false,false,false,,,false,false,false,false,false,-83.123,42.30313,"{
  ""coordinates"": [
    -8.312299785800001e+01,
    4.230312850800000e+01
  ],
  ""type"": ""Point""
}","{
  ""coordinates"": [
    -83.122997858,
    42.303128508
  ],
  ""type"": ""Point""
}",-83.122997858,42.303128508
20930,9969241,CLIPPERT,OTIS,2017-03-01,1,3,2017,22,4,98,9,,,0,,4,5,4,25,1,2,0,5,0,0,0,0,true,,false,false,true,false,false,,,,,,false,false,false,,,false,false,false,false,false,-83.12141,42.3258,"{
  ""coordinates"": [
    -8.312140319500000e+01,
    4.232580111400010e+01
  ],
  ""type"": ""Point""
}","{
  ""coordinates"": [
    -83.121403195,
    42.325801114
  ],
  ""type"": ""Point""
}",-83.121403195,42.3258011140001
20931,9973413,I-94,TRUMBULL,2017-03-01,1,3,2017,19,4,8,1,,1,0,,1,2,4,55,3,2,2,5,0,0,0,0,true,,false,false,false,false,false,,,,,,false,false,false,,,false,false,false,false,false,-83.07968,42.35723,"{
  ""coordinates"": [
    -8.307967975400000e+01,
    4.235723428900010e+01
  ],
  ""type"": ""Point""
}","{
  ""coordinates"": [
    -83.079679754,
    42.357234289
  ],
  ""type"": ""Point""
}",-83.079679754,42.3572342890001
20932,9973416,RAMP 037C,S I 75,2017-03-01,1,3,2017,15,4,1,1,,1,1,,2,2,1,55,1,1,1,5,0,0,0,0,true,,false,false,true,true,true,,,,,,false,false,false,,,false,false,false,false,false,-83.08366,42.3322,"{
  ""coordinates"": [
    -8.308366171099991e+01,
    4.233219852500010e+01
  ],
  ""type"": ""Point""
}","{
  ""coordinates"": [
    -83.083661711,
    42.332198525
  ],
  ""type"": ""Point""
}",-83.0836617109999,42.3321985250001
20933,9967098,PLYMOUTH,FORRER,2017-03-01,1,3,2017,23,4,9,9,,4,0,,2,7,4,35,5,2,3,5,0,0,0,0,true,,false,false,false,false,false,,,,,,false,false,false,,,false,false,false,false,false,-83.20089,42.37252,"{
  ""coordinates"": [
    -8.320089088700000e+01,
    4.237252089300010e+01
  ],
  ""type"": ""Point""
}","{
  ""coordinates"": [
    -83.200890887,
    42.372520893
  ],
  ""type"": ""Point""
}",-83.200890887,42.3725208930001
20934,9971631,TYLER,COYLE,2017-03-01,1,3,2017,0,4,98,9,,,3,,98,98,4,25,1,2,0,5,0,0,0,0,true,,false,false,true,false,false,,,,,,false,false,false,,,false,false,false,false,false,-83.19324,42.38391,"{
  ""coordinates"": [
    -8.319324211999999e+01,
    4.238391551900000e+01
  ],
  ""type"": ""Point""
}","{
  ""coordinates"": [
    -83.19324212,
    42.383915519
  ],
  ""type"": ""Point""
}",-83.19324212,42.383915519
20935,9968213,I 94,JOHN R,2017-03-01,1,3,2017,1,4,5,1,,1,0,,2,4,4,55,3,2,1,5,0,0,0,0,true,,false,false,true,false,false,,,,,,false,false,true,,,false,false,false,false,false,-83.05846,42.36843,"{
  ""coordinates"": [
    -8.305845998400000e+01,
    4.236843000200000e+01
  ],
  ""type"": ""Point""
}","{
  ""coordinates"": [
    -83.058459984,
    42.368430002
  ],
  ""type"": ""Point""
}",-83.058459984,42.368430002
20936,9964962,SUSSEX,FENKELL,2017-03-01,1,3,2017,4,4,97,9,,,0,,1,4,4,30,6,2,1,5,0,0,0,0,true,,false,false,false,true,false,,,,,,false,false,false,,,false,false,false,false,false,-83.19501,42.40157,"{
  ""coordinates"": [
    -8.319501732399991e+01,
    4.240157486700010e+01
  ],
  ""type"": ""Point""
}","{
  ""coordinates"": [
    -83.195017324,
    42.401574867
  ],
  ""type"": ""Point""
}",-83.1950173239999,42.4015748670001
20937,9969191,I-94,JUNCTION,2017-03-01,1,3,2017,14,4,5,1,,1,0,,2,4,1,55,3,2,2,5,0,0,0,0,true,,false,false,false,false,false,,,,,,false,true,true,,,false,false,false,false,false,-83.11828,42.34063,"{
  ""coordinates"": [
    -8.311828067499989e+01,
    4.234062788600000e+01
  ],
  ""type"": ""Point""
}","{
  ""coordinates"": [
    -83.118280675,
    42.340627886
  ],
  ""type"": ""Point""
}",-83.1182806749999,42.340627886
20938,9968255,FENKELL,WARD,2017-03-01,1,3,2017,16,4,8,9,,4,0,,1,1,1,35,4,2,3,5,0,0,0,0,true,,false,false,false,false,false,,,,,,false,false,true,,,false,false,false,false,false,-83.09407,42.36885,"{
  ""coordinates"": [
    -8.309407315599999e+01,
    4.236885083400010e+01
  ],
  ""type"": ""Point""
}","{
  ""coordinates"": [
    -83.094073156,
    42.368850834
  ],
  ""type"": ""Point""
}",-83.094073156,42.3688508340001
20939,9969268,7 MILE,SAINT LOUIS,2017-03-01,1,3,2017,15,4,5,9,,4,0,,1,1,1,35,2,2,2,5,0,0,0,0,true,,false,false,false,false,false,,,,,,false,false,true,,,false,false,false,false,false,-83.04018,42.43366,"{
  ""coordinates"": [
    -8.304018214599991e+01,
    4.243365745900010e+01
  ],
  ""type"": ""Point""
}","{
  ""coordinates"": [
    -83.040182146,
    42.433657459
  ],
  ""type"": ""Point""
}",-83.0401821459999,42.4336574590001
20940,9970840,GRATIOT,WILFRED,2017-03-01,1,3,2017,21,4,97,3,,1,0,,97,8,4,35,7,4,16,4,0,0,0,7,false,,true,false,true,false,false,,,,,,false,false,true,,,false,false,false,false,false,-82.99323,42.41143,"{
  ""coordinates"": [
    -8.299323302700000e+01,
    4.241143234600000e+01
  ],
  ""type"": ""Point""
}","{
  ""coordinates"": [
    -82.993233027,
    42.411432346
  ],
  ""type"": ""Point""
}",-82.993233027,42.411432346
20941,9969262,MT.ELLIOTT,NEVADA,2017-03-01,1,3,2017,15,4,5,9,,2,0,,2,4,1,25,2,2,1,5,0,0,0,0,true,,true,true,true,false,false,,,,,,false,false,false,,,false,false,false,false,false,-83.04307,42.42658,"{
  ""coordinates"": [
    -8.304306600200000e+01,
    4.242658066500010e+01
  ],
  ""type"": ""Point""
}","{
  ""coordinates"": [
    -83.043066002,
    42.426580665
  ],
  ""type"": ""Point""
}",-83.043066002,42.4265806650001
20942,9973452,I-75,CLAY,2017-03-01,1,3,2017,6,4,1,1,,1,1,,2,4,4,55,4,1,1,5,0,0,0,0,true,,false,false,false,false,false,,,,,,false,false,false,,,false,false,false,false,false,-83.06227,42.37789,"{
  ""coordinates"": [
    -8.306227369999991e+01,
    4.237789175200000e+01
  ],
  ""type"": ""Point""
}","{
  ""coordinates"": [
    -83.0622737,
    42.377891752
  ],
  ""type"": ""Point""
}",-83.0622736999999,42.377891752
20943,9987792,W/B I-94,I-75,2017-03-01,1,3,2017,18,4,8,1,,1,0,,1,1,1,55,3,2,1,5,0,0,0,0,true,,false,false,true,false,false,,,,,,false,false,false,,,false,false,false,false,false,-83.05434,42.37112,"{
  ""coordinates"": [
    -8.305434637600000e+01,
    4.237112065600010e+01
  ],
  ""type"": ""Point""
}","{
  ""coordinates"": [
    -83.054346376,
    42.371120656
  ],
  ""type"": ""Point""
}",-83.054346376,42.3711206560001
20944,9969189,I-375,MONROE,2017-03-01,1,3,2017,9,4,5,1,,1,0,,2,2,1,55,3,3,3,5,0,0,0,0,true,,false,false,false,false,false,,,,,,false,false,true,,,false,false,false,false,false,-83.03876,42.33687,"{
  ""coordinates"": [
    -8.303876753899991e+01,
    4.233686984300000e+01
  ],
  ""type"": ""Point""
}","{
  ""coordinates"": [
    -83.038767539,
    42.336869843
  ],
  ""type"": ""Point""
}",-83.0387675389999,42.336869843
20945,9967092,LONYO,KIRKWOOD,2017-03-01,1,3,2017,12,4,5,9,,4,0,,2,2,1,25,4,2,3,4,0,0,0,2,false,,false,false,false,false,false,,,,,,false,false,true,,,false,false,false,false,false,-83.14923,42.33701,"{
  ""coordinates"": [
    -8.314923154699990e+01,
    4.233700952600000e+01
  ],
  ""type"": ""Point""
}","{
  ""coordinates"": [
    -83.149231547,
    42.337009526
  ],
  ""type"": ""Point""
}",-83.1492315469999,42.337009526
20946,9967123,CASS,PALMER,2017-03-01,1,3,2017,8,4,5,9,,4,0,,1,2,1,25,2,2,1,5,0,0,0,0,true,,false,false,true,false,false,,,,,,false,false,false,,,false,false,false,false,false,-83.07046,42.36265,"{
  ""coordinates"": [
    -8.307045384600001e+01,
    4.236264879300010e+01
  ],
  ""type"": ""Point""
}","{
  ""coordinates"": [
    -83.070453846,
    42.362648793
  ],
  ""type"": ""Point""
}",-83.070453846,42.3626487930001
20947,9968212,S M 10,LIVERNOIS,2017-03-01,1,3,2017,0,4,1,3,,1,1,,2,4,4,55,3,1,1,5,0,0,0,0,true,,false,false,false,false,false,,,,,,false,false,true,,,false,false,false,false,false,-83.14072,42.40481,"{
  ""coordinates"": [
    -8.314071606800000e+01,
    4.240480877700000e+01
  ],
  ""type"": ""Point""
}","{
  ""coordinates"": [
    -83.140716068,
    42.404808777
  ],
  ""type"": ""Point""
}",-83.140716068,42.404808777
20948,9966104,8 MILE,EVERGREEN,2017-03-01,1,3,2017,9,4,5,3,,1,0,,2,2,1,40,4,2,5,5,0,0,0,0,true,,false,false,false,false,false,,,,,,false,false,false,,,false,false,false,false,false,-83.2397,42.44375,"{
  ""coordinates"": [
    -8.323969711099990e+01,
    4.244375385800000e+01
  ],
  ""type"": ""Point""
}","{
  ""coordinates"": [
    -83.239697111,
    42.443753858
  ],
  ""type"": ""Point""
}",-83.2396971109999,42.443753858
20949,9969192,M-10,SCHAEFER,2017-03-01,1,3,2017,8,4,5,3,,1,0,,1,2,1,55,3,2,2,5,0,0,0,0,true,,false,false,false,false,false,,,,,,false,false,false,,,false,false,false,false,false,-83.17892,42.42372,"{
  ""coordinates"": [
    -8.317891940299999e+01,
    4.242371975700010e+01
  ],
  ""type"": ""Point""
}","{
  ""coordinates"": [
    -83.178919403,
    42.423719757
  ],
  ""type"": ""Point""
}",-83.178919403,42.4237197570001
20950,9988490,FORT,SOLVAY,2017-03-01,1,3,2017,5,4,4,3,,1,3,,2,4,4,30,5,2,3,5,0,0,0,0,true,,false,false,false,false,false,,,,,,false,false,false,,,false,false,false,false,false,-83.11565,42.30158,"{
  ""coordinates"": [
    -8.311565627100001e+01,
    4.230158170700000e+01
  ],
  ""type"": ""Point""
}","{
  ""coordinates"": [
    -83.115656271,
    42.301581707
  ],
  ""type"": ""Point""
}",-83.115656271,42.301581707
20951,9967115,MCGRAW,LONYO,2017-03-01,1,3,2017,11,4,4,9,,4,0,,2,2,1,25,4,2,3,4,0,0,0,1,false,,true,true,false,false,false,,,,,,false,false,true,,,false,false,false,false,false,-83.14639,42.33323,"{
  ""coordinates"": [
    -8.314638730699990e+01,
    4.233323333000000e+01
  ],
  ""type"": ""Point""
}","{
  ""coordinates"": [
    -83.146387307,
    42.33323333
  ],
  ""type"": ""Point""
}",-83.1463873069999,42.33323333
20952,9969270,DWYER,SOBIESKI,2017-03-01,1,3,2017,8,4,4,9,,,0,,2,4,1,25,2,2,3,5,0,0,0,0,true,,false,false,false,false,false,,,,,,false,false,true,,,false,false,false,false,false,-83.04041,42.41065,"{
  ""coordinates"": [
    -8.304041612299990e+01,
    4.241064821300010e+01
  ],
  ""type"": ""Point""
}","{
  ""coordinates"": [
    -83.040416123,
    42.410648213
  ],
  ""type"": ""Point""
}",-83.0404161229999,42.4106482130001
20953,9964967,GRAND RIVER,INDIANA,2017-03-01,1,3,2017,1,4,5,3,,1,3,,2,4,3,35,4,2,1,5,0,0,0,0,true,,false,false,false,true,false,,,,,,false,false,false,,,false,false,false,false,false,-83.15657,42.37583,"{
  ""coordinates"": [
    -8.315656792000000e+01,
    4.237583332000000e+01
  ],
  ""type"": ""Point""
}","{
  ""coordinates"": [
    -83.15656792,
    42.37583332
  ],
  ""type"": ""Point""
}",-83.15656792,42.37583332
20954,9968205,N I 75,RAMP 044B,2017-03-01,1,3,2017,15,4,5,1,,1,0,,1,2,1,55,4,3,4,4,0,0,0,1,false,,false,false,false,false,false,,,,,,false,false,false,,,false,false,false,false,false,-83.05599,42.36426,"{
  ""coordinates"": [
    -8.305599220999990e+01,
    4.236425665500010e+01
  ],
  ""type"": ""Point""
}","{
  ""coordinates"": [
    -83.05599221,
    42.364256655
  ],
  ""type"": ""Point""
}",-83.0559922099999,42.3642566550001
20955,9973455,M-10,CHICAGO,2017-03-01,1,3,2017,12,4,97,3,,1,0,,1,2,1,55,3,2,4,3,0,0,1,0,false,,false,false,false,false,false,,,,,,false,false,true,,,false,false,false,false,false,-83.09431,42.38232,"{
  ""coordinates"": [
    -8.309430317800000e+01,
    4.238231484600000e+01
  ],
  ""type"": ""Point""
}","{
  ""coordinates"": [
    -83.094303178,
    42.382314846
  ],
  ""type"": ""Point""
}",-83.094303178,42.382314846
20956,9966103,WARREN,GRAND,2017-03-01,1,3,2017,22,4,4,9,,4,0,,2,7,4,35,4,2,2,4,0,0,0,2,false,,false,false,false,false,false,,,,,,false,false,false,,,false,false,false,false,false,-83.019,42.37362,"{
  ""coordinates"": [
    -8.301900405299990e+01,
    4.237362350700000e+01
  ],
  ""type"": ""Point""
}","{
  ""coordinates"": [
    -83.019004053,
    42.373623507
  ],
  ""type"": ""Point""
}",-83.0190040529999,42.373623507
20957,9973454,M-39,SCHOOLCRAFT,2017-03-01,1,3,2017,9,4,97,3,,1,0,,2,2,1,55,3,4,5,5,0,0,0,0,true,,false,false,false,false,false,,,,,,false,false,true,,,false,false,false,false,false,-83.21754,42.38644,"{
  ""coordinates"": [
    -8.321753421499990e+01,
    4.238644210200000e+01
  ],
  ""type"": ""Point""
}","{
  ""coordinates"": [
    -83.217534215,
    42.386442102
  ],
  ""type"": ""Point""
}",-83.2175342149999,42.386442102
20958,9966092,TIREMAN,SPINOZA,2017-03-01,1,3,2017,0,4,4,9,,4,0,,2,4,4,25,4,2,2,4,0,0,0,1,false,,true,false,false,false,false,,,,,,false,false,false,,,false,false,false,false,false,-83.24734,42.35012,"{
  ""coordinates"": [
    -8.324733809299990e+01,
    4.235011606600010e+01
  ],
  ""type"": ""Point""
}","{
  ""coordinates"": [
    -83.247338093,
    42.350116066
  ],
  ""type"": ""Point""
}",-83.2473380929999,42.3501160660001
20959,9969190,N I 75,RAMP 037A,2017-03-01,1,3,2017,13,4,1,1,,1,1,,2,4,1,55,2,1,1,5,0,0,0,0,true,,false,false,false,false,false,,,,,,false,false,false,,,false,false,false,false,false,-83.08156,42.33229,"{
  ""coordinates"": [
    -8.308155595999990e+01,
    4.233229266500010e+01
  ],
  ""type"": ""Point""
}","{
  ""coordinates"": [
    -83.08155596,
    42.332292665
  ],
  ""type"": ""Point""
}",-83.0815559599999,42.3322926650001
20960,9968227,E I 96 SERVICE DRIVE,LITTLEFIELD,2017-03-01,1,3,2017,1,4,1,1,,1,1,,2,4,4,70,4,1,1,5,0,0,0,0,true,,false,false,false,false,false,,,,,,false,false,true,,,false,false,false,false,false,-83.17593,42.38314,"{
  ""coordinates"": [
    -8.317593630000000e+01,
    4.238314607300000e+01
  ],
  ""type"": ""Point""
}","{
  ""coordinates"": [
    -83.1759363,
    42.383146073
  ],
  ""type"": ""Point""
}",-83.1759363,42.383146073
20961,9969196,I-75,CLAY,2017-03-01,1,3,2017,8,4,5,1,,1,0,,1,2,2,70,4,2,2,5,0,0,0,0,true,,false,false,false,false,false,,,,,,false,false,true,,,false,false,false,false,false,-83.06344,42.37915,"{
  ""coordinates"": [
    -8.306343710899991e+01,
    4.237914597900000e+01
  ],
  ""type"": ""Point""
}","{
  ""coordinates"": [
    -83.063437109,
    42.379145979
  ],
  ""type"": ""Point""
}",-83.0634371089999,42.379145979
20962,9976858,PONTCHARTRAIN,7 MILE,2017-03-01,1,3,2017,9,4,8,9,,7,0,,2,2,1,35,2,2,2,5,0,0,0,0,true,,false,false,false,false,false,,,,,,false,false,true,,,false,false,false,false,false,-83.12592,42.43177,"{
  ""coordinates"": [
    -8.312592086799999e+01,
    4.243176819800000e+01
  ],
  ""type"": ""Point""
}","{
  ""coordinates"": [
    -83.125920868,
    42.431768198
  ],
  ""type"": ""Point""
}",-83.125920868,42.431768198
20963,9966100,WARREN,MINOCK,2017-03-01,1,3,2017,8,4,4,9,,2,0,,2,1,1,35,4,2,4,4,0,0,0,1,false,,true,false,false,false,false,,,,,,false,false,false,,,false,false,false,false,false,-83.23173,42.34319,"{
  ""coordinates"": [
    -8.323172659399999e+01,
    4.234318923100010e+01
  ],
  ""type"": ""Point""
}","{
  ""coordinates"": [
    -83.231726594,
    42.343189231
  ],
  ""type"": ""Point""
}",-83.231726594,42.3431892310001
20964,9969276,OUTER,SAINT LOUIS,2017-03-01,1,3,2017,16,4,9,9,,2,2,,1,2,1,0,2,2,1,5,0,0,0,0,true,,false,false,true,false,false,,,,,,false,false,false,,,false,false,false,false,false,-83.03993,42.44101,"{
  ""coordinates"": [
    -8.303993514500000e+01,
    4.244101060200010e+01
  ],
  ""type"": ""Point""
}","{
  ""coordinates"": [
    -83.039935145,
    42.441010602
  ],
  ""type"": ""Point""
}",-83.039935145,42.4410106020001
20965,9973476,W I 94,WARREN,2017-03-01,1,3,2017,16,4,5,1,,1,0,,2,4,1,55,3,2,2,5,0,0,0,0,true,,false,false,false,false,false,,,,,,false,false,false,,,false,false,false,false,false,-83.11317,42.34494,"{
  ""coordinates"": [
    -8.311316325300000e+01,
    4.234493711100000e+01
  ],
  ""type"": ""Point""
}","{
  ""coordinates"": [
    -83.113163253,
    42.344937111
  ],
  ""type"": ""Point""
}",-83.113163253,42.344937111
20966,1000266,JOY,ASHTON,2017-03-01,1,3,2017,14,4,4,9,,2,0,,1,1,1,35,6,2,1,3,0,0,1,0,false,,false,false,false,false,false,,,,,,false,false,false,,,false,false,false,false,false,-83.21767,42.35783,"{
  ""coordinates"": [
    -8.321766479599999e+01,
    4.235783357800010e+01
  ],
  ""type"": ""Point""
}","{
  ""coordinates"": [
    -83.217664796,
    42.357833578
  ],
  ""type"": ""Point""
}",-83.217664796,42.3578335780001
20967,9968229,HUGHES,LIVERNOIS,2017-03-01,1,3,2017,2,4,1,3,,4,1,,2,4,4,55,3,1,2,4,0,0,0,1,false,,false,false,false,false,false,,,,,,false,false,false,,,false,false,false,false,false,-83.14021,42.40529,"{
  ""coordinates"": [
    -8.314020507899990e+01,
    4.240528821100000e+01
  ],
  ""type"": ""Point""
}","{
  ""coordinates"": [
    -83.140205079,
    42.405288211
  ],
  ""type"": ""Point""
}",-83.1402050789999,42.405288211
20968,1001295,MCNICHOLS,JOSEPH CAMPAU,2017-03-01,1,3,2017,3,4,2,9,,4,0,,2,4,5,35,4,2,1,5,0,0,0,0,true,,false,false,true,false,false,,,,,,false,false,false,,,false,false,false,false,false,-83.07253,42.41861,"{
  ""coordinates"": [
    -8.307252433900000e+01,
    4.241860616900000e+01
  ],
  ""type"": ""Point""
}","{
  ""coordinates"": [
    -83.072524339,
    42.418606169
  ],
  ""type"": ""Point""
}",-83.072524339,42.418606169
20969,9973453,W I 96,WARREN,2017-03-01,1,3,2017,8,4,5,1,,1,0,,2,2,1,55,4,3,3,4,0,0,0,1,false,,false,false,false,false,false,,,,,,false,false,false,,,false,false,false,false,false,-83.09739,42.34784,"{
  ""coordinates"": [
    -8.309738585600000e+01,
    4.234784392900010e+01
  ],
  ""type"": ""Point""
}","{
  ""coordinates"": [
    -83.097385856,
    42.347843929
  ],
  ""type"": ""Point""
}",-83.097385856,42.3478439290001
20970,9966085,WYOMING,PLYMOUTH,2017-03-01,1,3,2017,7,4,4,9,,4,0,,8,2,1,30,2,2,8,4,0,0,0,2,false,,false,false,false,false,false,,,,,,false,false,false,,,false,false,false,false,false,-83.15861,42.37462,"{
  ""coordinates"": [
    -8.315860570500000e+01,
    4.237461967600010e+01
  ],
  ""type"": ""Point""
}","{
  ""coordinates"": [
    -83.158605705,
    42.374619676
  ],
  ""type"": ""Point""
}",-83.158605705,42.3746196760001
20971,9966123,GENEVA,LOG CABIN,2017-03-01,1,3,2017,13,4,10,9,,,0,,2,2,1,25,1,2,2,5,0,0,0,0,true,,false,false,true,false,false,,,,,,false,false,false,,,false,false,false,false,false,-83.12135,42.41349,"{
  ""coordinates"": [
    -8.312134748400000e+01,
    4.241348501400010e+01
  ],
  ""type"": ""Point""
}","{
  ""coordinates"": [
    -83.121347484,
    42.413485014
  ],
  ""type"": ""Point""
}",-83.121347484,42.4134850140001
20972,9966105,MCNICHOLS,GRAND RIVER,2017-03-01,1,3,2017,17,4,4,3,,2,0,,1,1,1,35,4,2,3,5,0,0,0,0,true,,false,false,false,false,false,,,,,,false,true,true,,,false,false,false,false,false,-83.25299,42.41483,"{
  ""coordinates"": [
    -8.325298770700000e+01,
    4.241482614500010e+01
  ],
  ""type"": ""Point""
}","{
  ""coordinates"": [
    -83.252987707,
    42.414826145
  ],
  ""type"": ""Point""
}",-83.252987707,42.4148261450001
20973,9966113,KINGSVILLE,LANSDOWNE,2017-03-01,1,3,2017,7,4,4,9,,,0,,2,2,2,25,2,2,7,5,0,0,0,0,true,,true,false,false,false,false,,,,,,false,false,false,,,false,false,false,false,false,-82.94573,42.43351,"{
  ""coordinates"": [
    -8.294572995700000e+01,
    4.243350928300000e+01
  ],
  ""type"": ""Point""
}","{
  ""coordinates"": [
    -82.945729957,
    42.433509283
  ],
  ""type"": ""Point""
}",-82.945729957,42.433509283
20974,9966098,OUTER,ROUGE PARK,2017-03-01,1,3,2017,8,4,4,9,,2,0,,2,1,1,30,3,2,3,5,0,0,0,0,true,,true,false,false,false,false,,,,,,false,true,false,,,false,false,false,false,false,-83.26043,42.36238,"{
  ""coordinates"": [
    -8.326042985799999e+01,
    4.236238172700010e+01
  ],
  ""type"": ""Point""
}","{
  ""coordinates"": [
    -83.260429858,
    42.362381727
  ],
  ""type"": ""Point""
}",-83.260429858,42.3623817270001
20975,9966086,WOODWARD,HORTON,2017-03-01,1,3,2017,15,4,5,3,,1,0,,1,2,1,30,5,3,3,5,0,0,0,0,true,,false,false,false,false,false,,,,,,false,true,false,,,false,false,false,false,false,-83.07384,42.37107,"{
  ""coordinates"": [
    -8.307383994799990e+01,
    4.237106537400010e+01
  ],
  ""type"": ""Point""
}","{
  ""coordinates"": [
    -83.073839948,
    42.371065374
  ],
  ""type"": ""Point""
}",-83.0738399479999,42.3710653740001
20976,9976849,FULLERTON,SCHAEFER,2017-03-01,1,3,2017,12,4,4,9,,4,0,,2,4,1,30,2,2,1,5,0,0,0,0,true,,true,true,true,false,false,,,,,,false,false,false,,,false,false,false,false,false,-83.17812,42.38029,"{
  ""coordinates"": [
    -8.317812104599990e+01,
    4.238029461900000e+01
  ],
  ""type"": ""Point""
}","{
  ""coordinates"": [
    -83.178121046,
    42.380294619
  ],
  ""type"": ""Point""
}",-83.1781210459999,42.380294619
20977,9966122,8 MILE,GREENLAWN,2017-03-01,1,3,2017,13,4,5,3,,1,0,,2,4,1,40,4,3,3,5,0,0,0,0,true,,false,false,false,false,false,,,,,,false,false,true,,,false,false,false,false,false,-83.15273,42.44585,"{
  ""coordinates"": [
    -8.315273339100000e+01,
    4.244585328700000e+01
  ],
  ""type"": ""Point""
}","{
  ""coordinates"": [
    -83.152733391,
    42.445853287
  ],
  ""type"": ""Point""
}",-83.152733391,42.445853287