ObjectId,Crash ID,Primary Road,Intersecting Road,Crash Date,Day,Month,Year,Hour,Weekday,Crash Type Code,Highway Classification Code,Community Code,Jurisdiction Code,Lane Departure Type Code,Surface Type,Road Condition,Weather Condition,Lighting Condition,Speed Limit,Lanes,Units,Occupants,Most Severe Injury,Fatal Injuries,Suspected Serious Injuries,Suspected Minor Injuries,Possible Injuries,Property Damage Only,Secondary Crash,Traffic Control,Red Light Run,Hit and Run,Alcohol,Drugs,Unbelted Person,Work Zone,Speeding Driver,Distracted Driver,Driveway,Pedestrian,Elderly Driver,Young Driver,Commercial Vehicle,Emergency Vehicles,Train,School Bus,Motorcycle,Bicycle,Deer,Longitude,Latitude,geom,geog,x,y
21149,9967082,M 39,PEMBROKE,2017-02-27,27,2,2017,16,2,5,3,,1,0,,1,1,1,55,3,4,4,3,0,0,1,1,false,,false,false,false,false,false,,,,,,false,true,true,,,false,false,false,false,false,-83.21955,42.43752,"{
  ""coordinates"": [
    -8.321955003100000e+01,
    4.243751818100000e+01
  ],
  ""type"": ""Point""
}","{
  ""coordinates"": [
    -83.219550031,
    42.437518181
  ],
  ""type"": ""Point""
}",-83.219550031,42.437518181
21150,9968305,VAUGHAN,SANTA CLARA,2017-02-27,27,2,2017,14,2,4,9,,,0,,1,1,1,25,1,2,1,4,0,0,0,1,false,,false,false,true,false,false,,,,,,false,false,true,,,false,false,false,false,false,-83.23936,42.41923,"{
  ""coordinates"": [
    -8.323935537400000e+01,
    4.241922918900010e+01
  ],
  ""type"": ""Point""
}","{
  ""coordinates"": [
    -83.239355374,
    42.419229189
  ],
  ""type"": ""Point""
}",-83.239355374,42.4192291890001
21151,9968319,JEFFERSON,CONNER,2017-02-27,27,2,2017,16,2,5,9,,4,0,,1,1,1,35,7,2,2,5,0,0,0,0,true,,false,false,true,false,false,,,,,,false,false,false,,,false,false,false,false,false,-82.95911,42.36998,"{
  ""coordinates"": [
    -8.295911496699991e+01,
    4.236998537000010e+01
  ],
  ""type"": ""Point""
}","{
  ""coordinates"": [
    -82.959114967,
    42.36998537
  ],
  ""type"": ""Point""
}",-82.9591149669999,42.3699853700001
21152,9969185,M-39,MCNICHOLS,2017-02-27,27,2,2017,12,2,1,3,,1,0,,1,1,1,55,3,1,2,5,0,0,0,0,true,,false,false,false,false,false,,,,,,false,false,false,,,false,false,false,false,false,-83.21887,42.4141,"{
  ""coordinates"": [
    -8.321887280599999e+01,
    4.241409996800010e+01
  ],
  ""type"": ""Point""
}","{
  ""coordinates"": [
    -83.218872806,
    42.414099968
  ],
  ""type"": ""Point""
}",-83.218872806,42.4140999680001
21153,9969239,MICHIGAN,CENTRAL,2017-02-27,27,2,2017,17,2,97,2,,1,0,,1,1,1,35,5,2,2,5,0,0,0,0,true,,false,false,false,false,false,,,,,,false,false,false,,,false,false,false,false,false,-83.13869,42.33114,"{
  ""coordinates"": [
    -8.313869179600000e+01,
    4.233114409200000e+01
  ],
  ""type"": ""Point""
}","{
  ""coordinates"": [
    -83.138691796,
    42.331144092
  ],
  ""type"": ""Point""
}",-83.138691796,42.331144092
21154,9969186,M-39,MCNICHOLS,2017-02-27,27,2,2017,12,2,5,3,,1,0,,1,1,1,55,3,2,1,5,0,0,0,0,true,,false,false,true,false,false,,,,,,false,false,false,,,false,false,false,false,false,-83.21872,42.41412,"{
  ""coordinates"": [
    -8.321871881600001e+01,
    4.241411600000000e+01
  ],
  ""type"": ""Point""
}","{
  ""coordinates"": [
    -83.218718816,
    42.414116
  ],
  ""type"": ""Point""
}",-83.218718816,42.414116
21155,9969208,31ST,E I 94 SERVICE DRIVE,2017-02-27,27,2,2017,3,2,1,9,,,0,,1,1,4,25,2,1,2,4,0,0,0,1,false,,false,false,false,false,false,,,,,,false,false,false,,,false,false,false,false,false,-83.11586,42.34189,"{
  ""coordinates"": [
    -8.311586362299990e+01,
    4.234188768900000e+01
  ],
  ""type"": ""Point""
}","{
  ""coordinates"": [
    -83.115863623,
    42.341887689
  ],
  ""type"": ""Point""
}",-83.1158636229999,42.341887689
21156,9969184,I-94,CONNER,2017-02-27,27,2,2017,8,2,1,1,,1,0,,1,1,1,55,3,1,1,5,0,0,0,0,true,,false,false,false,false,false,,,,,,false,false,false,,,false,false,false,false,false,-82.98612,42.39753,"{
  ""coordinates"": [
    -8.298611943799990e+01,
    4.239753146700010e+01
  ],
  ""type"": ""Point""
}","{
  ""coordinates"": [
    -82.986119438,
    42.397531467
  ],
  ""type"": ""Point""
}",-82.9861194379999,42.3975314670001
21157,9964975,TIREMAN,PIEDMONT,2017-02-27,27,2,2017,14,2,4,9,,4,0,,1,1,1,30,4,2,1,5,0,0,0,0,true,,false,false,false,false,false,,,,,,false,false,false,,,false,false,false,false,false,-83.22836,42.35044,"{
  ""coordinates"": [
    -8.322836022500000e+01,
    4.235044476400000e+01
  ],
  ""type"": ""Point""
}","{
  ""coordinates"": [
    -83.228360225,
    42.350444764
  ],
  ""type"": ""Point""
}",-83.228360225,42.350444764
21158,9966084,SCHAEFER,FENKELL,2017-02-27,27,2,2017,16,2,8,9,,4,0,,1,1,1,30,4,2,1,5,0,0,0,0,true,,false,false,true,false,false,,,,,,false,false,false,,,false,false,false,false,false,-83.17912,42.40188,"{
  ""coordinates"": [
    -8.317911609799999e+01,
    4.240188349400010e+01
  ],
  ""type"": ""Point""
}","{
  ""coordinates"": [
    -83.179116098,
    42.401883494
  ],
  ""type"": ""Point""
}",-83.179116098,42.4018834940001
21159,9969217,FORT,SPRINGWELLS,2017-02-27,27,2,2017,18,2,5,3,,1,0,,1,1,1,30,5,2,1,5,0,0,0,0,true,,false,false,false,false,false,,,,,,false,false,false,,,false,false,false,false,false,-83.11985,42.29995,"{
  ""coordinates"": [
    -8.311984804399999e+01,
    4.229994719600010e+01
  ],
  ""type"": ""Point""
}","{
  ""coordinates"": [
    -83.119848044,
    42.299947196
  ],
  ""type"": ""Point""
}",-83.119848044,42.2999471960001
21160,9969187,W I 96,RAMP 213M,2017-02-27,27,2,2017,14,2,5,1,,1,0,,1,1,1,55,4,3,3,2,0,1,0,0,false,,false,false,false,false,false,,,,,,false,false,true,,,false,false,false,false,false,-83.10014,42.35131,"{
  ""coordinates"": [
    -8.310014466199991e+01,
    4.235131536400010e+01
  ],
  ""type"": ""Point""
}","{
  ""coordinates"": [
    -83.100144662,
    42.351315364
  ],
  ""type"": ""Point""
}",-83.1001446619999,42.3513153640001
21161,9968297,ADELAIDE,GRATIOT,2017-02-27,27,2,2017,8,2,4,3,,,0,,1,1,1,25,2,2,3,5,0,0,0,0,true,,false,false,false,false,false,,,,,,false,false,false,,,false,false,false,false,false,-83.03512,42.34853,"{
  ""coordinates"": [
    -8.303512082400000e+01,
    4.234853319300000e+01
  ],
  ""type"": ""Point""
}","{
  ""coordinates"": [
    -83.035120824,
    42.348533193
  ],
  ""type"": ""Point""
}",-83.035120824,42.348533193
21162,9970078,THIRD,PLUM,2017-02-27,27,2,2017,12,2,10,9,,4,0,,1,1,1,30,2,2,2,5,0,0,0,0,true,,false,false,false,false,false,,,,,,false,false,false,,,false,false,false,false,false,-83.05933,42.33518,"{
  ""coordinates"": [
    -8.305932470099999e+01,
    4.233517767200000e+01
  ],
  ""type"": ""Point""
}","{
  ""coordinates"": [
    -83.059324701,
    42.335177672
  ],
  ""type"": ""Point""
}",-83.059324701,42.335177672
21163,1162393,E I 96 CD,RAMP 135A,2017-02-27,27,2,2017,16,2,8,1,,1,0,,1,1,1,0,3,2,2,5,0,0,0,0,true,,false,false,false,false,false,,,,,,false,false,false,,,false,false,false,false,false,-83.24108,42.38373,"{
  ""coordinates"": [
    -8.324108231600000e+01,
    4.238372839500000e+01
  ],
  ""type"": ""Point""
}","{
  ""coordinates"": [
    -83.241082316,
    42.383728395
  ],
  ""type"": ""Point""
}",-83.241082316,42.383728395
21164,9964955,I-94,GRATIOT,2017-02-27,27,2,2017,7,2,8,1,,1,0,,1,1,1,55,3,2,2,4,0,0,0,1,false,,false,false,true,false,false,,,,,,false,false,false,,,false,false,false,false,false,-83.00816,42.39085,"{
  ""coordinates"": [
    -8.300816114700000e+01,
    4.239085096900000e+01
  ],
  ""type"": ""Point""
}","{
  ""coordinates"": [
    -83.008161147,
    42.390850969
  ],
  ""type"": ""Point""
}",-83.008161147,42.390850969
21165,9970068,LIVERNOIS,CURTIS,2017-02-27,27,2,2017,19,2,98,9,,4,0,,1,1,2,0,4,1,1,5,0,0,0,0,true,,false,false,false,true,false,,,,,,false,false,false,,,false,false,false,false,false,-83.14106,42.42461,"{
  ""coordinates"": [
    -8.314105801400000e+01,
    4.242460862800000e+01
  ],
  ""type"": ""Point""
}","{
  ""coordinates"": [
    -83.141058014,
    42.424608628
  ],
  ""type"": ""Point""
}",-83.141058014,42.424608628
21166,9964994,HAMBURG,NASHVILLE,2017-02-27,27,2,2017,22,2,8,9,,,3,,2,4,5,25,2,2,0,5,0,0,0,0,true,,false,false,true,false,false,,,,,,false,false,false,,,false,false,false,false,false,-82.99437,42.42033,"{
  ""coordinates"": [
    -8.299436829900000e+01,
    4.242032457600000e+01
  ],
  ""type"": ""Point""
}","{
  ""coordinates"": [
    -82.994368299,
    42.420324576
  ],
  ""type"": ""Point""
}",-82.994368299,42.420324576
21167,9963296,CHENE,GRATIOT,2017-02-26,26,2,2017,10,1,5,3,,4,0,,1,1,1,30,4,2,4,5,0,0,0,0,true,,false,false,false,false,false,,,,,,false,false,false,,,false,false,false,false,false,-83.03204,42.35249,"{
  ""coordinates"": [
    -8.303203327999999e+01,
    4.235248880200000e+01
  ],
  ""type"": ""Point""
}","{
  ""coordinates"": [
    -83.03203328,
    42.352488802
  ],
  ""type"": ""Point""
}",-83.03203328,42.352488802
21168,1100545,DAVISON SERVICE,DEXTER,2017-02-26,26,2,2017,4,1,4,3,,1,0,,2,5,4,35,6,2,1,5,0,0,0,0,true,,true,true,true,false,false,,,,,,false,false,false,,,false,false,false,false,false,-83.13087,42.38975,"{
  ""coordinates"": [
    -8.313086805400000e+01,
    4.238974974100010e+01
  ],
  ""type"": ""Point""
}","{
  ""coordinates"": [
    -83.130868054,
    42.389749741
  ],
  ""type"": ""Point""
}",-83.130868054,42.3897497410001
21169,9968236,MORAN,CARPENTER,2017-02-26,26,2,2017,17,1,8,9,,,0,,1,1,1,25,2,2,1,5,0,0,0,0,true,,false,false,false,false,false,,,,,,false,false,false,,,false,false,false,false,false,-83.05849,42.40939,"{
  ""coordinates"": [
    -8.305848977900000e+01,
    4.240938643300010e+01
  ],
  ""type"": ""Point""
}","{
  ""coordinates"": [
    -83.058489779,
    42.409386433
  ],
  ""type"": ""Point""
}",-83.058489779,42.4093864330001
21170,1090651,MOROSS,BALFOUR,2017-02-26,26,2,2017,11,1,8,9,,2,0,,1,1,1,35,2,2,1,4,0,0,0,1,false,,false,false,true,false,false,,,,,,false,false,false,,,false,false,false,false,false,-82.93871,42.42889,"{
  ""coordinates"": [
    -8.293871446400000e+01,
    4.242888674400010e+01
  ],
  ""type"": ""Point""
}","{
  ""coordinates"": [
    -82.938714464,
    42.428886744
  ],
  ""type"": ""Point""
}",-82.938714464,42.4288867440001
21171,9973450,I-75,MCNICHOLS,2017-02-26,26,2,2017,6,1,8,1,,1,0,,1,1,4,70,4,2,2,4,0,0,0,1,false,,false,false,false,false,false,,,,,,false,false,false,,,false,false,false,false,false,-83.08744,42.41787,"{
  ""coordinates"": [
    -8.308744259900000e+01,
    4.241787011400000e+01
  ],
  ""type"": ""Point""
}","{
  ""coordinates"": [
    -83.087442599,
    42.417870114
  ],
  ""type"": ""Point""
}",-83.087442599,42.417870114
21172,9964148,CECIL,WAGNER,2017-02-26,26,2,2017,1,1,5,9,,,0,,2,1,5,25,2,2,1,5,0,0,0,0,true,,false,false,true,false,false,,,,,,false,false,false,,,false,false,false,false,false,-83.13761,42.33867,"{
  ""coordinates"": [
    -8.313760934299999e+01,
    4.233867006400000e+01
  ],
  ""type"": ""Point""
}","{
  ""coordinates"": [
    -83.137609343,
    42.338670064
  ],
  ""type"": ""Point""
}",-83.137609343,42.338670064
21173,9970075,MEYERS,CHIPPEWA,2017-02-26,26,2,2017,16,1,8,9,,4,0,,1,1,1,35,4,2,4,5,0,0,0,0,true,,false,false,false,false,false,,,,,,false,false,false,,,false,false,false,false,false,-83.17109,42.44093,"{
  ""coordinates"": [
    -8.317108662500000e+01,
    4.244092533400000e+01
  ],
  ""type"": ""Point""
}","{
  ""coordinates"": [
    -83.171086625,
    42.440925334
  ],
  ""type"": ""Point""
}",-83.171086625,42.440925334
21174,9973425,RAMP 216I,I-94,2017-02-26,26,2,2017,14,1,5,1,,1,0,,1,1,1,55,1,2,6,5,0,0,0,0,true,,false,false,false,false,false,,,,,,false,false,false,,,false,false,false,false,false,-83.0617,42.36701,"{
  ""coordinates"": [
    -8.306169896900001e+01,
    4.236700891300010e+01
  ],
  ""type"": ""Point""
}","{
  ""coordinates"": [
    -83.061698969,
    42.367008913
  ],
  ""type"": ""Point""
}",-83.061698969,42.3670089130001
21175,9964190,DEAN,AMRAD,2017-02-26,26,2,2017,12,1,2,9,,,0,,1,1,1,25,4,2,2,5,0,0,0,0,true,,false,false,false,false,false,,,,,,false,true,false,,,false,false,false,false,false,-83.06268,42.44383,"{
  ""coordinates"": [
    -8.306268106399990e+01,
    4.244383095100010e+01
  ],
  ""type"": ""Point""
}","{
  ""coordinates"": [
    -83.062681064,
    42.443830951
  ],
  ""type"": ""Point""
}",-83.0626810639999,42.4438309510001
21176,9964175,HARNED,EMERY,2017-02-26,26,2,2017,13,1,8,9,,,0,,1,1,5,15,2,2,0,5,0,0,0,0,true,,false,false,true,false,false,,,,,,false,false,false,,,false,false,false,false,false,-83.07359,42.43554,"{
  ""coordinates"": [
    -8.307359607500000e+01,
    4.243553596500000e+01
  ],
  ""type"": ""Point""
}","{
  ""coordinates"": [
    -83.073596075,
    42.435535965
  ],
  ""type"": ""Point""
}",-83.073596075,42.435535965
21177,9966101,WARREN,VAUGHAN,2017-02-26,26,2,2017,16,1,4,9,,2,0,,1,1,1,35,4,2,2,5,0,0,0,0,true,,false,false,true,false,false,,,,,,false,false,true,,,false,false,false,false,false,-83.23661,42.34311,"{
  ""coordinates"": [
    -8.323661367600000e+01,
    4.234311038100000e+01
  ],
  ""type"": ""Point""
}","{
  ""coordinates"": [
    -83.236613676,
    42.343110381
  ],
  ""type"": ""Point""
}",-83.236613676,42.343110381
21178,9963270,LARNED,BEAUBIEN,2017-02-26,26,2,2017,16,1,8,9,,4,0,,1,1,1,25,4,2,3,5,0,0,0,0,true,,false,false,false,false,false,,,,,,false,false,true,,,false,false,false,false,false,-83.04028,42.33157,"{
  ""coordinates"": [
    -8.304027844500000e+01,
    4.233157282300000e+01
  ],
  ""type"": ""Point""
}","{
  ""coordinates"": [
    -83.040278445,
    42.331572823
  ],
  ""type"": ""Point""
}",-83.040278445,42.331572823
21179,9967087,WYOMING,JOY,2017-02-26,26,2,2017,2,1,2,9,,4,0,,2,1,4,30,4,2,3,4,0,0,0,1,false,,false,false,false,false,false,,,,,,false,true,true,,,false,false,false,false,false,-83.15796,42.35889,"{
  ""coordinates"": [
    -8.315795900800001e+01,
    4.235889391400010e+01
  ],
  ""type"": ""Point""
}","{
  ""coordinates"": [
    -83.157959008,
    42.358893914
  ],
  ""type"": ""Point""
}",-83.157959008,42.3588939140001
21180,9975732,LIVERNOIS,7 MILE,2017-02-26,26,2,2017,15,1,5,9,,4,0,,1,1,1,35,3,3,3,5,0,0,0,0,true,,false,false,false,false,false,,,,,,false,false,false,,,false,false,false,false,false,-83.14137,42.43154,"{
  ""coordinates"": [
    -8.314136775500000e+01,
    4.243154311500010e+01
  ],
  ""type"": ""Point""
}","{
  ""coordinates"": [
    -83.141367755,
    42.431543115
  ],
  ""type"": ""Point""
}",-83.141367755,42.4315431150001
21181,9963272,GRAND RIVER,SOUTHFIELD SERVICE,2017-02-26,26,2,2017,17,1,5,3,,1,0,,1,1,1,35,6,2,3,5,0,0,0,0,true,,false,false,true,false,false,,,,,,false,true,false,,,false,false,false,false,false,-83.21783,42.40052,"{
  ""coordinates"": [
    -8.321783153400000e+01,
    4.240052363800000e+01
  ],
  ""type"": ""Point""
}","{
  ""coordinates"": [
    -83.217831534,
    42.400523638
  ],
  ""type"": ""Point""
}",-83.217831534,42.400523638
21182,9963276,LIVERNOIS,I 96,2017-02-26,26,2,2017,9,1,4,9,,4,0,,1,1,1,35,7,2,3,4,0,0,0,1,false,,false,false,false,false,false,,,,,,false,true,false,,,false,false,false,false,false,-83.13873,42.36713,"{
  ""coordinates"": [
    -8.313873410799989e+01,
    4.236713177700010e+01
  ],
  ""type"": ""Point""
}","{
  ""coordinates"": [
    -83.138734108,
    42.367131777
  ],
  ""type"": ""Point""
}",-83.1387341079999,42.3671317770001
21183,9963291,DICKERSON,LINVILLE,2017-02-26,26,2,2017,2,1,5,9,,4,0,,2,8,4,30,2,3,1,5,0,0,0,0,true,,false,false,false,false,false,,,,,,false,false,true,,,false,false,false,false,false,-82.97147,42.39906,"{
  ""coordinates"": [
    -8.297147705700000e+01,
    4.239905370000000e+01
  ],
  ""type"": ""Point""
}","{
  ""coordinates"": [
    -82.971477057,
    42.3990537
  ],
  ""type"": ""Point""
}",-82.971477057,42.3990537
21184,9963271,GREENLAWN,MCNICHOLS,2017-02-26,26,2,2017,12,1,4,9,,,0,,1,1,1,25,4,2,3,5,0,0,0,0,true,,true,true,true,false,false,,,,,,false,false,false,,,false,false,false,false,false,-83.15116,42.41697,"{
  ""coordinates"": [
    -8.315115808000000e+01,
    4.241697489800000e+01
  ],
  ""type"": ""Point""
}","{
  ""coordinates"": [
    -83.15115808,
    42.416974898
  ],
  ""type"": ""Point""
}",-83.15115808,42.416974898
21185,9966960,HARPER,MOROSS,2017-02-26,26,2,2017,13,1,4,1,,4,0,,1,1,1,35,3,2,3,5,0,0,0,0,true,,false,false,true,false,true,,,,,,false,false,true,,,false,false,false,false,false,-82.92816,42.42451,"{
  ""coordinates"": [
    -8.292816050200000e+01,
    4.242451213600000e+01
  ],
  ""type"": ""Point""
}","{
  ""coordinates"": [
    -82.928160502,
    42.424512136
  ],
  ""type"": ""Point""
}",-82.928160502,42.424512136
21186,9963311,OUTER,CHERRYLAWN,2017-02-26,26,2,2017,7,1,5,9,,2,0,,1,1,1,35,4,2,1,5,0,0,0,0,true,,false,false,false,false,false,,,,,,false,false,false,,,false,false,false,false,false,-83.15559,42.43512,"{
  ""coordinates"": [
    -8.315559080600001e+01,
    4.243511671400010e+01
  ],
  ""type"": ""Point""
}","{
  ""coordinates"": [
    -83.155590806,
    42.435116714
  ],
  ""type"": ""Point""
}",-83.155590806,42.4351167140001
21187,9964156,BRACE,WARREN,2017-02-26,26,2,2017,13,1,97,9,,,0,,1,1,1,15,3,2,2,5,0,0,0,0,true,,false,false,true,false,false,,,,,,false,false,false,,,false,false,false,false,false,-83.2232,42.34441,"{
  ""coordinates"": [
    -8.322319450299990e+01,
    4.234441024400010e+01
  ],
  ""type"": ""Point""
}","{
  ""coordinates"": [
    -83.223194503,
    42.344410244
  ],
  ""type"": ""Point""
}",-83.2231945029999,42.3444102440001
21188,9966073,DAVISON,CONANT,2017-02-26,26,2,2017,0,1,8,9,,2,0,,1,1,4,70,3,2,1,4,0,0,0,1,false,,false,false,true,false,false,,,,,,false,false,false,,,false,false,false,false,false,-83.04409,42.42214,"{
  ""coordinates"": [
    -8.304408658900000e+01,
    4.242214111600000e+01
  ],
  ""type"": ""Point""
}","{
  ""coordinates"": [
    -83.044086589,
    42.422141116
  ],
  ""type"": ""Point""
}",-83.044086589,42.422141116
21189,9964998,8 MILE,GROSBECK,2017-02-26,26,2,2017,12,1,8,3,,1,0,,1,1,1,40,4,2,2,5,0,0,0,0,true,,false,false,false,false,false,,,,,,false,false,false,,,false,false,false,false,false,-83.00242,42.44891,"{
  ""coordinates"": [
    -8.300241847699991e+01,
    4.244890967500000e+01
  ],
  ""type"": ""Point""
}","{
  ""coordinates"": [
    -83.002418477,
    42.448909675
  ],
  ""type"": ""Point""
}",-83.0024184769999,42.448909675
21190,9963304,WYOMING,FENKELL,2017-02-26,26,2,2017,2,1,5,9,,4,0,,2,5,4,35,2,2,1,5,0,0,0,0,true,,false,false,true,false,false,,,,,,false,false,false,,,false,false,false,false,false,-83.15965,42.40211,"{
  ""coordinates"": [
    -8.315965376100000e+01,
    4.240211544400010e+01
  ],
  ""type"": ""Point""
}","{
  ""coordinates"": [
    -83.159653761,
    42.402115444
  ],
  ""type"": ""Point""
}",-83.159653761,42.4021154440001
21191,9963301,VANDYKE,8 MILE,2017-02-26,26,2,2017,17,1,5,3,,1,0,,1,1,1,35,4,2,4,5,0,0,0,0,true,,false,false,false,false,false,,,,,,false,false,false,,,false,false,false,false,false,-83.02474,42.4482,"{
  ""coordinates"": [
    -8.302474116099999e+01,
    4.244819566200000e+01
  ],
  ""type"": ""Point""
}","{
  ""coordinates"": [
    -83.024741161,
    42.448195662
  ],
  ""type"": ""Point""
}",-83.024741161,42.448195662
21192,9964158,S M 39 SERVICE DRIVE,JOY,2017-02-26,26,2,2017,19,1,3,9,,4,0,,1,1,4,35,2,2,1,5,0,0,0,0,true,,false,false,false,false,false,,,,,,false,true,false,,,false,false,false,false,false,-83.21689,42.35764,"{
  ""coordinates"": [
    -8.321688811900000e+01,
    4.235764100400010e+01
  ],
  ""type"": ""Point""
}","{
  ""coordinates"": [
    -83.216888119,
    42.357641004
  ],
  ""type"": ""Point""
}",-83.216888119,42.3576410040001
21193,9963305,BETHUNE,POE,2017-02-26,26,2,2017,5,1,1,9,,,0,,1,1,4,25,2,1,0,5,0,0,0,0,true,,false,false,true,false,false,,,,,,false,false,false,,,false,false,false,false,false,-83.08821,42.36779,"{
  ""coordinates"": [
    -8.308821339100000e+01,
    4.236779133900010e+01
  ],
  ""type"": ""Point""
}","{
  ""coordinates"": [
    -83.088213391,
    42.367791339
  ],
  ""type"": ""Point""
}",-83.088213391,42.3677913390001
21194,9963310,7 MILE,SHERWOOD,2017-02-26,26,2,2017,13,1,4,9,,4,0,,1,1,1,35,2,2,4,5,0,0,0,0,true,,false,false,false,false,false,,,,,,false,false,true,,,false,false,false,false,false,-83.03404,42.43378,"{
  ""coordinates"": [
    -8.303404138300000e+01,
    4.243377516300010e+01
  ],
  ""type"": ""Point""
}","{
  ""coordinates"": [
    -83.034041383,
    42.433775163
  ],
  ""type"": ""Point""
}",-83.034041383,42.4337751630001
21195,9963274,APPOLINE,WESTFIELD,2017-02-26,26,2,2017,1,1,98,9,,,0,,2,1,4,0,2,2,0,5,0,0,0,0,true,,false,false,true,false,false,,,,,,false,false,false,,,false,false,false,false,false,-83.16908,42.36379,"{
  ""coordinates"": [
    -8.316908372400000e+01,
    4.236379384200010e+01
  ],
  ""type"": ""Point""
}","{
  ""coordinates"": [
    -83.169083724,
    42.363793842
  ],
  ""type"": ""Point""
}",-83.169083724,42.3637938420001
21196,9963297,GRANDRIVER,OUTER,2017-02-26,26,2,2017,0,1,4,3,,1,0,,1,1,1,35,5,2,2,5,0,0,0,0,true,,false,false,true,false,false,,,,,,false,false,false,,,false,false,false,false,false,-83.25764,42.4165,"{
  ""coordinates"": [
    -8.325763905500000e+01,
    4.241649551200000e+01
  ],
  ""type"": ""Point""
}","{
  ""coordinates"": [
    -83.257639055,
    42.416495512
  ],
  ""type"": ""Point""
}",-83.257639055,42.416495512
21197,9963298,WARREN,ARTESIAN,2017-02-26,26,2,2017,23,1,1,9,,2,0,,1,1,4,35,4,2,1,1,1,0,0,0,false,,false,false,false,true,false,,,,,,true,false,false,,,false,false,false,false,false,-83.22564,42.34328,"{
  ""coordinates"": [
    -8.322564180700000e+01,
    4.234328421400010e+01
  ],
  ""type"": ""Point""
}","{
  ""coordinates"": [
    -83.225641807,
    42.343284214
  ],
  ""type"": ""Point""
}",-83.225641807,42.3432842140001
21198,9969207,CECIL,WAGNER,2017-02-26,26,2,2017,1,1,8,9,,,0,,1,1,4,25,2,2,1,5,0,0,0,0,true,,false,false,true,false,false,,,,,,false,false,false,,,false,false,false,false,false,-83.13754,42.33858,"{
  ""coordinates"": [
    -8.313754265900000e+01,
    4.233858170300000e+01
  ],
  ""type"": ""Point""
}","{
  ""coordinates"": [
    -83.137542659,
    42.338581703
  ],
  ""type"": ""Point""
}",-83.137542659,42.338581703
21199,9963283,TEMPLE,S M 10,2017-02-26,26,2,2017,3,1,8,3,,4,0,,1,1,4,30,3,2,2,4,0,0,0,1,false,,false,false,false,true,false,,,,,,false,false,true,,,false,false,false,false,false,-83.0663,42.33917,"{
  ""coordinates"": [
    -8.306629570099990e+01,
    4.233916965900000e+01
  ],
  ""type"": ""Point""
}","{
  ""coordinates"": [
    -83.066295701,
    42.339169659
  ],
  ""type"": ""Point""
}",-83.0662957009999,42.339169659
21200,9963294,WARREN,ABINGTON,2017-02-26,26,2,2017,13,1,8,9,,2,0,,1,1,1,0,2,2,1,4,0,0,0,1,false,,false,false,false,false,false,,,,,,false,false,false,,,false,false,false,false,false,-83.20951,42.34348,"{
  ""coordinates"": [
    -8.320951383700000e+01,
    4.234348398900000e+01
  ],
  ""type"": ""Point""
}","{
  ""coordinates"": [
    -83.209513837,
    42.343483989
  ],
  ""type"": ""Point""
}",-83.209513837,42.343483989
21201,9969211,7 MILE,SCHAEFER,2017-02-26,26,2,2017,14,1,97,9,,2,0,,1,1,1,35,3,2,2,5,0,0,0,0,true,,false,false,false,false,false,,,,,,false,true,false,,,false,false,false,false,false,-83.1805,42.43108,"{
  ""coordinates"": [
    -8.318050235899990e+01,
    4.243108414600000e+01
  ],
  ""type"": ""Point""
}","{
  ""coordinates"": [
    -83.180502359,
    42.431084146
  ],
  ""type"": ""Point""
}",-83.1805023589999,42.431084146
21202,9962373,MOUND,8 MILE,2017-02-26,26,2,2017,5,1,4,3,,2,0,,3,2,4,45,4,2,6,4,0,0,0,2,false,,false,false,true,false,false,,,,,,false,false,false,,,false,false,false,false,false,-83.04395,42.44781,"{
  ""coordinates"": [
    -8.304395265799999e+01,
    4.244780795300010e+01
  ],
  ""type"": ""Point""
}","{
  ""coordinates"": [
    -83.043952658,
    42.447807953
  ],
  ""type"": ""Point""
}",-83.043952658,42.4478079530001
21203,9969230,LIVERNOIS,TOLEDO,2017-02-26,26,2,2017,0,1,5,9,,4,0,,1,1,4,35,4,2,2,5,0,0,0,0,true,,false,false,false,false,false,,,,,,false,false,false,,,false,false,false,false,false,-83.11073,42.31791,"{
  ""coordinates"": [
    -8.311072649600000e+01,
    4.231791254400010e+01
  ],
  ""type"": ""Point""
}","{
  ""coordinates"": [
    -83.110726496,
    42.317912544
  ],
  ""type"": ""Point""
}",-83.110726496,42.3179125440001
21204,9989440,NORTHROP,WILLMARTH,2017-02-26,26,2,2017,13,1,10,9,,,0,,1,1,1,25,1,2,1,5,0,0,0,0,true,,false,false,false,false,false,,,,,,false,false,false,,,false,false,false,false,false,-83.26136,42.42041,"{
  ""coordinates"": [
    -8.326136135599999e+01,
    4.242041354200010e+01
  ],
  ""type"": ""Point""
}","{
  ""coordinates"": [
    -83.261361356,
    42.420413542
  ],
  ""type"": ""Point""
}",-83.261361356,42.4204135420001
21205,9964147,VERNOR,CLARKDALE,2017-02-26,26,2,2017,8,1,5,9,,4,0,,1,1,1,25,4,2,3,5,0,0,0,0,true,,false,false,true,false,false,,,,,,false,false,false,,,false,false,false,false,false,-83.09489,42.32065,"{
  ""coordinates"": [
    -8.309488996200000e+01,
    4.232065231300000e+01
  ],
  ""type"": ""Point""
}","{
  ""coordinates"": [
    -83.094889962,
    42.320652313
  ],
  ""type"": ""Point""
}",-83.094889962,42.320652313