ObjectId,Crash ID,Primary Road,Intersecting Road,Crash Date,Day,Month,Year,Hour,Weekday,Crash Type Code,Highway Classification Code,Community Code,Jurisdiction Code,Lane Departure Type Code,Surface Type,Road Condition,Weather Condition,Lighting Condition,Speed Limit,Lanes,Units,Occupants,Most Severe Injury,Fatal Injuries,Suspected Serious Injuries,Suspected Minor Injuries,Possible Injuries,Property Damage Only,Secondary Crash,Traffic Control,Red Light Run,Hit and Run,Alcohol,Drugs,Unbelted Person,Work Zone,Speeding Driver,Distracted Driver,Driveway,Pedestrian,Elderly Driver,Young Driver,Commercial Vehicle,Emergency Vehicles,Train,School Bus,Motorcycle,Bicycle,Deer,Longitude,Latitude,geom,geog,x,y
21263,9963289,JUNCTION,TOLEDO,2017-02-25,25,2,2017,13,7,3,9,,4,0,,1,1,1,30,2,2,2,5,0,0,0,0,true,,false,false,false,false,false,,,,,,false,false,false,,,false,false,false,false,false,-83.10407,42.32094,"{
  ""coordinates"": [
    -8.310407351299990e+01,
    4.232093800200000e+01
  ],
  ""type"": ""Point""
}","{
  ""coordinates"": [
    -83.104073513,
    42.320938002
  ],
  ""type"": ""Point""
}",-83.1040735129999,42.320938002
21264,9963278,ELIZABETH,CLIFFORD,2017-02-25,25,2,2017,22,7,4,9,,4,0,,1,2,4,25,4,2,4,3,0,0,1,0,false,,true,false,false,false,false,,,,,,false,false,true,,,false,false,false,false,false,-83.05427,42.33641,"{
  ""coordinates"": [
    -8.305426545599990e+01,
    4.233640489000000e+01
  ],
  ""type"": ""Point""
}","{
  ""coordinates"": [
    -83.054265456,
    42.33640489
  ],
  ""type"": ""Point""
}",-83.0542654559999,42.33640489
21265,9964189,8 MILE,GREENFIELD,2017-02-25,25,2,2017,10,7,8,3,,1,0,,1,2,1,40,4,2,1,5,0,0,0,0,true,,false,false,true,false,false,,,,,,false,false,false,,,false,false,false,false,false,-83.20059,42.44479,"{
  ""coordinates"": [
    -8.320059440199999e+01,
    4.244479057400010e+01
  ],
  ""type"": ""Point""
}","{
  ""coordinates"": [
    -83.200594402,
    42.444790574
  ],
  ""type"": ""Point""
}",-83.200594402,42.4447905740001
21266,9963314,OUTER,PICKFORD,2017-02-25,25,2,2017,23,7,4,9,,2,0,,1,1,4,35,1,2,2,5,0,0,0,0,true,,false,false,true,false,false,,,,,,false,false,false,,,false,false,false,false,false,-83.1755,42.42576,"{
  ""coordinates"": [
    -8.317549617600000e+01,
    4.242576309200010e+01
  ],
  ""type"": ""Point""
}","{
  ""coordinates"": [
    -83.175496176,
    42.425763092
  ],
  ""type"": ""Point""
}",-83.175496176,42.4257630920001
21267,9964966,MEYERS,GRAND RIVER,2017-02-25,25,2,2017,1,7,4,3,,4,0,,1,1,4,30,6,2,2,4,0,0,0,1,false,,true,false,true,false,false,,,,,,false,false,false,,,false,false,false,false,false,-83.16845,42.3806,"{
  ""coordinates"": [
    -8.316845226600000e+01,
    4.238059916300010e+01
  ],
  ""type"": ""Point""
}","{
  ""coordinates"": [
    -83.168452266,
    42.380599163
  ],
  ""type"": ""Point""
}",-83.168452266,42.3805991630001
21268,9987029,EB I-96,TELEGRAPH,2017-02-25,25,2,2017,21,7,1,1,,1,1,,4,1,4,70,5,1,2,5,0,0,0,0,true,,false,false,false,false,false,,,,,,false,false,true,,,false,false,false,false,false,-83.27416,42.3853,"{
  ""coordinates"": [
    -8.327416595900000e+01,
    4.238530060300010e+01
  ],
  ""type"": ""Point""
}","{
  ""coordinates"": [
    -83.274165959,
    42.385300603
  ],
  ""type"": ""Point""
}",-83.274165959,42.3853006030001
21269,9962331,N M 39,TIREMAN,2017-02-25,25,2,2017,2,7,8,3,,1,0,,2,1,4,55,3,2,1,5,0,0,0,0,true,,false,false,true,false,false,,,,,,false,false,false,,,false,false,false,false,false,-83.21626,42.35062,"{
  ""coordinates"": [
    -8.321626118899999e+01,
    4.235062494100000e+01
  ],
  ""type"": ""Point""
}","{
  ""coordinates"": [
    -83.216261189,
    42.350624941
  ],
  ""type"": ""Point""
}",-83.216261189,42.350624941
21270,9966118,GLYNN,WOODROW WILSON,2017-02-25,25,2,2017,9,7,97,9,,,0,,1,1,1,25,1,2,0,5,0,0,0,0,true,,false,false,true,false,false,,,,,,false,false,false,,,false,false,false,false,false,-83.10111,42.38288,"{
  ""coordinates"": [
    -8.310110859199990e+01,
    4.238288503900000e+01
  ],
  ""type"": ""Point""
}","{
  ""coordinates"": [
    -83.101108592,
    42.382885039
  ],
  ""type"": ""Point""
}",-83.1011085919999,42.382885039
21271,9962348,BUCHANAN,16TH,2017-02-25,25,2,2017,0,7,4,9,,4,0,,2,4,4,25,2,2,2,4,0,0,0,1,false,,true,false,false,false,false,,,,,,false,true,true,,,false,false,false,false,false,-83.08661,42.34447,"{
  ""coordinates"": [
    -8.308660856800000e+01,
    4.234447278200000e+01
  ],
  ""type"": ""Point""
}","{
  ""coordinates"": [
    -83.086608568,
    42.344472782
  ],
  ""type"": ""Point""
}",-83.086608568,42.344472782
21272,9962349,CONGRESS,THIRD,2017-02-25,25,2,2017,11,7,5,9,,4,0,,1,1,1,0,7,2,2,5,0,0,0,0,true,,false,false,false,false,false,,,,,,false,false,false,,,false,false,false,false,false,-83.05345,42.3269,"{
  ""coordinates"": [
    -8.305345240299989e+01,
    4.232690450900000e+01
  ],
  ""type"": ""Point""
}","{
  ""coordinates"": [
    -83.053452403,
    42.326904509
  ],
  ""type"": ""Point""
}",-83.0534524029999,42.326904509
21273,9962368,PARKWAY,TIREMAN,2017-02-25,25,2,2017,10,7,5,9,,5,0,,1,1,1,25,2,2,1,2,0,1,0,0,false,,false,false,false,false,false,,,,,,false,false,false,,,false,false,false,false,false,-83.2641,42.34889,"{
  ""coordinates"": [
    -8.326409967700000e+01,
    4.234888989000010e+01
  ],
  ""type"": ""Point""
}","{
  ""coordinates"": [
    -83.264099677,
    42.34888989
  ],
  ""type"": ""Point""
}",-83.264099677,42.3488898900001
21274,9962376,MCNICHOLS,FERGUSON,2017-02-25,25,2,2017,18,7,8,9,,2,0,,1,1,4,35,8,2,2,5,0,0,0,0,true,,false,false,false,false,false,,,,,,false,false,false,,,false,false,false,false,false,-83.2104,42.41574,"{
  ""coordinates"": [
    -8.321039578300000e+01,
    4.241574218100000e+01
  ],
  ""type"": ""Point""
}","{
  ""coordinates"": [
    -83.210395783,
    42.415742181
  ],
  ""type"": ""Point""
}",-83.210395783,42.415742181
21275,9962351,JEFFERSON,RANDOLPH,2017-02-25,25,2,2017,9,7,8,3,,1,0,,1,2,1,35,7,2,2,5,0,0,0,0,true,,false,false,false,false,false,,,,,,false,false,false,,,false,false,false,false,false,-83.04191,42.32963,"{
  ""coordinates"": [
    -8.304190835900000e+01,
    4.232963241800010e+01
  ],
  ""type"": ""Point""
}","{
  ""coordinates"": [
    -83.041908359,
    42.329632418
  ],
  ""type"": ""Point""
}",-83.041908359,42.3296324180001
21276,9962324,I-94,I-75,2017-02-25,25,2,2017,5,7,5,1,,1,3,,1,2,4,55,4,2,2,4,0,0,0,2,false,,false,false,false,false,false,,,,,,false,false,true,,,false,false,false,false,false,-83.05736,42.36889,"{
  ""coordinates"": [
    -8.305735591900000e+01,
    4.236888903400010e+01
  ],
  ""type"": ""Point""
}","{
  ""coordinates"": [
    -83.057355919,
    42.368889034
  ],
  ""type"": ""Point""
}",-83.057355919,42.3688890340001
21277,9967126,PUTNAM,WOODWARD,2017-02-25,25,2,2017,11,7,8,3,,,0,,1,2,1,25,4,2,4,5,0,0,0,0,true,,false,false,false,false,false,,,,,,false,false,false,,,false,false,false,false,false,-83.06524,42.35784,"{
  ""coordinates"": [
    -8.306523978699990e+01,
    4.235784186700000e+01
  ],
  ""type"": ""Point""
}","{
  ""coordinates"": [
    -83.065239787,
    42.357841867
  ],
  ""type"": ""Point""
}",-83.0652397869999,42.357841867
21278,9962330,N M 10,LINWOOD,2017-02-25,25,2,2017,0,7,1,3,,1,1,,2,4,4,55,4,1,3,5,0,0,0,0,true,,false,false,false,false,false,,,,,,false,false,true,,,false,false,false,false,false,-83.12737,42.40522,"{
  ""coordinates"": [
    -8.312736772200000e+01,
    4.240522513500010e+01
  ],
  ""type"": ""Point""
}","{
  ""coordinates"": [
    -83.127367722,
    42.405225135
  ],
  ""type"": ""Point""
}",-83.127367722,42.4052251350001
21279,9964166,GRANDVILLE,LYNDON,2017-02-25,25,2,2017,11,7,8,9,,,0,,1,1,1,25,1,2,1,5,0,0,0,0,true,,false,false,false,false,false,,,,,,false,false,false,,,false,false,false,false,false,-83.23108,42.39341,"{
  ""coordinates"": [
    -8.323108122900000e+01,
    4.239341247100000e+01
  ],
  ""type"": ""Point""
}","{
  ""coordinates"": [
    -83.231081229,
    42.393412471
  ],
  ""type"": ""Point""
}",-83.231081229,42.393412471
21280,9962369,WARREN,ST MARYS,2017-02-25,25,2,2017,17,7,5,9,,2,0,,1,2,1,35,4,2,2,5,0,0,0,0,true,,false,false,false,false,false,,,,,,false,false,true,,,false,false,false,false,false,-83.20364,42.34357,"{
  ""coordinates"": [
    -8.320363732600001e+01,
    4.234357630600000e+01
  ],
  ""type"": ""Point""
}","{
  ""coordinates"": [
    -83.203637326,
    42.343576306
  ],
  ""type"": ""Point""
}",-83.203637326,42.343576306
21281,9962339,MEYERS,PLYMOUTH,2017-02-25,25,2,2017,1,7,8,9,,4,0,,2,2,4,30,4,2,2,5,0,0,0,0,true,,false,false,false,false,false,,,,,,false,false,false,,,false,false,false,false,false,-83.16815,42.37324,"{
  ""coordinates"": [
    -8.316815079199991e+01,
    4.237323680200010e+01
  ],
  ""type"": ""Point""
}","{
  ""coordinates"": [
    -83.168150792,
    42.373236802
  ],
  ""type"": ""Point""
}",-83.1681507919999,42.3732368020001
21282,9982314,GRATIOT,FRENCH,2017-02-24,24,2,2017,16,6,5,3,,1,0,,2,4,1,35,7,2,4,5,0,0,0,0,true,,false,false,false,false,false,,,,,,false,false,true,,,false,false,false,false,false,-83.00034,42.40057,"{
  ""coordinates"": [
    -8.300033628300000e+01,
    4.240057042200000e+01
  ],
  ""type"": ""Point""
}","{
  ""coordinates"": [
    -83.000336283,
    42.400570422
  ],
  ""type"": ""Point""
}",-83.000336283,42.400570422
21283,9964988,7 MILE,HARLOW,2017-02-24,24,2,2017,12,6,5,9,,2,0,,1,2,1,35,4,2,0,5,0,0,0,0,true,,false,false,true,false,false,,,,,,false,false,false,,,false,false,false,false,false,-83.21667,42.4301,"{
  ""coordinates"": [
    -8.321666454800000e+01,
    4.243009570800010e+01
  ],
  ""type"": ""Point""
}","{
  ""coordinates"": [
    -83.216664548,
    42.430095708
  ],
  ""type"": ""Point""
}",-83.216664548,42.4300957080001
21284,9961114,PENROD,PAUL,2017-02-24,24,2,2017,0,6,2,9,,,0,,2,4,4,25,1,3,0,5,0,0,0,0,true,,false,false,true,false,false,,,,,,false,false,false,,,false,false,false,false,false,-83.21931,42.33622,"{
  ""coordinates"": [
    -8.321930956800000e+01,
    4.233622200800000e+01
  ],
  ""type"": ""Point""
}","{
  ""coordinates"": [
    -83.219309568,
    42.336222008
  ],
  ""type"": ""Point""
}",-83.219309568,42.336222008
21285,9963285,DIX,OAKWOOD,2017-02-24,24,2,2017,18,6,1,9,,4,1,,1,1,1,30,2,1,1,5,0,0,0,0,true,,false,false,false,false,false,,,,,,false,true,false,,,false,false,false,false,false,-83.16062,42.28556,"{
  ""coordinates"": [
    -8.316062032699990e+01,
    4.228556453100000e+01
  ],
  ""type"": ""Point""
}","{
  ""coordinates"": [
    -83.160620327,
    42.285564531
  ],
  ""type"": ""Point""
}",-83.1606203269999,42.285564531
21286,1008385,MOROSS,BEACONSFIELD,2017-02-24,24,2,2017,14,6,5,9,,2,0,,1,2,1,35,2,3,4,4,0,0,0,2,false,,false,false,false,false,false,,,,,,false,false,true,,,false,false,false,false,false,-82.94145,42.43,"{
  ""coordinates"": [
    -8.294145281199999e+01,
    4.243000415200000e+01
  ],
  ""type"": ""Point""
}","{
  ""coordinates"": [
    -82.941452812,
    42.430004152
  ],
  ""type"": ""Point""
}",-82.941452812,42.430004152
21287,9973419,I-96,JOY,2017-02-24,24,2,2017,23,6,1,1,,1,1,,2,4,4,70,4,1,2,4,0,0,0,2,false,,false,false,false,false,false,,,,,,false,false,false,,,false,false,false,false,false,-83.12679,42.36293,"{
  ""coordinates"": [
    -8.312679167600000e+01,
    4.236293187300000e+01
  ],
  ""type"": ""Point""
}","{
  ""coordinates"": [
    -83.126791676,
    42.362931873
  ],
  ""type"": ""Point""
}",-83.126791676,42.362931873
21288,9962344,MICHIGAN,WASHINGTON,2017-02-24,24,2,2017,23,6,8,9,,4,0,,2,4,4,30,2,2,3,5,0,0,0,0,true,,false,false,false,false,false,,,,,,false,false,false,,,false,false,false,false,false,-83.05127,42.33168,"{
  ""coordinates"": [
    -8.305127090300000e+01,
    4.233168312400010e+01
  ],
  ""type"": ""Point""
}","{
  ""coordinates"": [
    -83.051270903,
    42.331683124
  ],
  ""type"": ""Point""
}",-83.051270903,42.3316831240001
21289,9962346,BRUSH,W I 94,2017-02-24,24,2,2017,3,6,4,9,,4,0,,2,4,4,35,3,2,2,4,0,0,0,1,false,,true,true,false,false,false,,,,,,false,false,false,,,false,false,false,false,false,-83.06451,42.36572,"{
  ""coordinates"": [
    -8.306451198199990e+01,
    4.236572165000010e+01
  ],
  ""type"": ""Point""
}","{
  ""coordinates"": [
    -83.064511982,
    42.36572165
  ],
  ""type"": ""Point""
}",-83.0645119819999,42.3657216500001
21290,9962345,GRAND,N M 10,2017-02-24,24,2,2017,23,6,3,9,,4,0,,2,1,4,30,3,2,2,5,0,0,0,0,true,,true,true,false,false,false,,,,,,false,false,true,,,false,false,false,false,false,-83.08166,42.36704,"{
  ""coordinates"": [
    -8.308165565300000e+01,
    4.236703891700010e+01
  ],
  ""type"": ""Point""
}","{
  ""coordinates"": [
    -83.081655653,
    42.367038917
  ],
  ""type"": ""Point""
}",-83.081655653,42.3670389170001
21291,9966112,IRONWOOD,PACIFIC,2017-02-24,24,2,2017,23,6,4,9,,,0,,2,4,4,25,4,2,3,3,0,0,1,1,false,,false,false,true,false,false,,,,,,false,false,false,,,false,false,false,false,false,-83.1236,42.35561,"{
  ""coordinates"": [
    -8.312359837299989e+01,
    4.235561147200010e+01
  ],
  ""type"": ""Point""
}","{
  ""coordinates"": [
    -83.123598373,
    42.355611472
  ],
  ""type"": ""Point""
}",-83.1235983729999,42.3556114720001
21292,9964132,S M 10,WYOMING,2017-02-24,24,2,2017,2,6,1,3,,1,1,,2,4,4,55,3,1,1,4,0,0,0,1,false,,false,false,false,false,false,,,,,,false,false,true,,,false,false,false,false,false,-83.16043,42.4054,"{
  ""coordinates"": [
    -8.316042921300000e+01,
    4.240540369100010e+01
  ],
  ""type"": ""Point""
}","{
  ""coordinates"": [
    -83.160429213,
    42.405403691
  ],
  ""type"": ""Point""
}",-83.160429213,42.4054036910001
21293,9968246,CADILLAC,RANDOLPH,2017-02-24,24,2,2017,13,6,8,3,,4,3,,1,1,1,0,2,2,1,5,0,0,0,0,true,,false,false,false,false,false,,,,,,false,false,false,,,false,false,false,false,false,-83.04344,42.33141,"{
  ""coordinates"": [
    -8.304344093000000e+01,
    4.233140841000010e+01
  ],
  ""type"": ""Point""
}","{
  ""coordinates"": [
    -83.04344093,
    42.33140841
  ],
  ""type"": ""Point""
}",-83.04344093,42.3314084100001
21294,9962338,SORRENTO,ELMIRA,2017-02-24,24,2,2017,22,6,8,9,,,0,,2,4,4,25,4,2,4,5,0,0,0,0,true,,true,false,true,false,false,,,,,,false,false,false,,,false,false,false,false,false,-83.17178,42.37089,"{
  ""coordinates"": [
    -8.317177731500000e+01,
    4.237088715200010e+01
  ],
  ""type"": ""Point""
}","{
  ""coordinates"": [
    -83.171777315,
    42.370887152
  ],
  ""type"": ""Point""
}",-83.171777315,42.3708871520001
21295,9985956,7 MILE,TELEGRAPH,2017-02-24,24,2,2017,20,6,5,2,,,0,,1,1,4,35,2,2,2,5,0,0,0,0,true,,false,false,false,false,false,,,,,,false,false,false,,,false,false,false,false,false,-83.27782,42.42736,"{
  ""coordinates"": [
    -8.327782343599991e+01,
    4.242735795200010e+01
  ],
  ""type"": ""Point""
}","{
  ""coordinates"": [
    -83.277823436,
    42.427357952
  ],
  ""type"": ""Point""
}",-83.2778234359999,42.4273579520001
21296,9967080,W I 96,GRAND RIVER,2017-02-24,24,2,2017,16,6,8,1,,1,0,,2,4,1,70,4,2,2,5,0,0,0,0,true,,false,false,false,false,false,,,,,,false,false,true,,,false,false,false,false,false,-83.17579,42.38389,"{
  ""coordinates"": [
    -8.317578641800000e+01,
    4.238388762800000e+01
  ],
  ""type"": ""Point""
}","{
  ""coordinates"": [
    -83.175786418,
    42.383887628
  ],
  ""type"": ""Point""
}",-83.175786418,42.383887628
21297,9962347,BROADWAY,GRATIOT,2017-02-24,24,2,2017,18,6,97,3,,4,0,,1,2,1,25,4,2,2,5,0,0,0,0,true,,false,false,false,false,false,,,,,,false,false,false,,,false,false,false,false,false,-83.04563,42.3347,"{
  ""coordinates"": [
    -8.304563126499990e+01,
    4.233469717700010e+01
  ],
  ""type"": ""Point""
}","{
  ""coordinates"": [
    -83.045631265,
    42.334697177
  ],
  ""type"": ""Point""
}",-83.0456312649999,42.3346971770001
21298,9962375,BILTMORE,TROJAN,2017-02-24,24,2,2017,0,6,8,9,,,3,,2,4,4,25,2,3,1,5,0,0,0,0,true,,false,false,true,false,false,,,,,,false,false,false,,,false,false,false,false,false,-83.21248,42.44139,"{
  ""coordinates"": [
    -8.321247535600000e+01,
    4.244138739800010e+01
  ],
  ""type"": ""Point""
}","{
  ""coordinates"": [
    -83.212475356,
    42.441387398
  ],
  ""type"": ""Point""
}",-83.212475356,42.4413873980001
21299,9968234,E I 96,GRAND RIVER,2017-02-24,24,2,2017,16,6,1,1,,1,1,,2,4,1,70,3,1,1,5,0,0,0,0,true,,false,false,false,false,false,,,,,,false,false,false,,,false,false,false,false,false,-83.17532,42.38382,"{
  ""coordinates"": [
    -8.317531346000000e+01,
    4.238381399800010e+01
  ],
  ""type"": ""Point""
}","{
  ""coordinates"": [
    -83.17531346,
    42.383813998
  ],
  ""type"": ""Point""
}",-83.17531346,42.3838139980001
21300,9970077,TEMPLE,TRUMBULL,2017-02-24,24,2,2017,20,6,4,9,,4,0,,1,1,4,25,2,2,1,5,0,0,0,0,true,,false,false,true,false,false,,,,,,false,true,false,,,false,false,false,false,false,-83.07027,42.33804,"{
  ""coordinates"": [
    -8.307027694700000e+01,
    4.233803730100000e+01
  ],
  ""type"": ""Point""
}","{
  ""coordinates"": [
    -83.070276947,
    42.338037301
  ],
  ""type"": ""Point""
}",-83.070276947,42.338037301
21301,9968217,I-94,24TH,2017-02-24,24,2,2017,17,6,5,1,,1,0,,2,2,1,55,3,2,2,4,0,0,0,1,false,,false,false,false,false,false,,,,,,false,false,false,,,false,false,false,false,false,-83.10255,42.34915,"{
  ""coordinates"": [
    -8.310255647600000e+01,
    4.234914949600010e+01
  ],
  ""type"": ""Point""
}","{
  ""coordinates"": [
    -83.102556476,
    42.349149496
  ],
  ""type"": ""Point""
}",-83.102556476,42.3491494960001
21302,9964195,PENNINGTON,OUTER,2017-02-24,24,2,2017,22,6,4,9,,,0,,2,4,4,35,2,2,3,4,0,0,0,1,false,,false,false,false,false,false,,,,,,false,false,false,,,false,false,false,false,false,-83.14827,42.43501,"{
  ""coordinates"": [
    -8.314827072500000e+01,
    4.243501036700010e+01
  ],
  ""type"": ""Point""
}","{
  ""coordinates"": [
    -83.148270725,
    42.435010367
  ],
  ""type"": ""Point""
}",-83.148270725,42.4350103670001
21303,9963268,BRUSH,MONROE,2017-02-24,24,2,2017,21,6,8,9,,4,0,,2,4,4,25,2,2,2,5,0,0,0,0,true,,false,false,false,false,false,,,,,,false,true,false,,,false,false,false,false,false,-83.04369,42.33441,"{
  ""coordinates"": [
    -8.304369612200000e+01,
    4.233441209800000e+01
  ],
  ""type"": ""Point""
}","{
  ""coordinates"": [
    -83.043696122,
    42.334412098
  ],
  ""type"": ""Point""
}",-83.043696122,42.334412098
21304,9963269,JEFFERSON,GRISWOLD,2017-02-24,24,2,2017,23,6,8,3,,1,0,,2,4,4,35,6,2,3,5,0,0,0,0,true,,false,false,false,false,false,,,,,,false,false,false,,,false,false,false,false,false,-83.04522,42.32822,"{
  ""coordinates"": [
    -8.304522290100000e+01,
    4.232822289200000e+01
  ],
  ""type"": ""Point""
}","{
  ""coordinates"": [
    -83.045222901,
    42.328222892
  ],
  ""type"": ""Point""
}",-83.045222901,42.328222892
21305,9962367,TEMPLE,BROOKLYN,2017-02-24,24,2,2017,12,6,8,9,,4,0,,1,1,1,25,2,2,1,5,0,0,0,0,true,,false,false,true,false,false,,,,,,false,true,false,,,false,false,false,false,false,-83.06721,42.33897,"{
  ""coordinates"": [
    -8.306720543400000e+01,
    4.233897438800010e+01
  ],
  ""type"": ""Point""
}","{
  ""coordinates"": [
    -83.067205434,
    42.338974388
  ],
  ""type"": ""Point""
}",-83.067205434,42.3389743880001
21306,9964193,PEMBROKE,MARK TWAIN,2017-02-24,24,2,2017,12,6,5,9,,5,0,,1,1,1,25,2,2,2,5,0,0,0,0,true,,false,false,true,false,false,,,,,,false,false,false,,,false,false,false,false,false,-83.18821,42.43805,"{
  ""coordinates"": [
    -8.318820704300001e+01,
    4.243804590400000e+01
  ],
  ""type"": ""Point""
}","{
  ""coordinates"": [
    -83.188207043,
    42.438045904
  ],
  ""type"": ""Point""
}",-83.188207043,42.438045904
21307,9966097,GRAND RIVER,OUTER,2017-02-24,24,2,2017,9,6,5,3,,1,0,,1,1,1,35,6,2,1,5,0,0,0,0,true,,false,false,false,false,false,,,,,,false,false,false,,,false,false,false,false,false,-83.23251,42.40643,"{
  ""coordinates"": [
    -8.323251687100000e+01,
    4.240642787200010e+01
  ],
  ""type"": ""Point""
}","{
  ""coordinates"": [
    -83.232516871,
    42.406427872
  ],
  ""type"": ""Point""
}",-83.232516871,42.4064278720001
21308,9962397,HEALY,OUTER,2017-02-24,24,2,2017,18,6,10,9,,,0,,1,1,1,25,1,2,6,5,0,0,0,0,true,,false,false,false,false,false,,,,,,false,false,false,,,false,false,false,false,false,-83.05616,42.43999,"{
  ""coordinates"": [
    -8.305616376400000e+01,
    4.243998705600010e+01
  ],
  ""type"": ""Point""
}","{
  ""coordinates"": [
    -83.056163764,
    42.439987056
  ],
  ""type"": ""Point""
}",-83.056163764,42.4399870560001
21309,9962350,CLAIRMOUNT,ROSA PARKS,2017-02-24,24,2,2017,17,6,4,9,,4,0,,1,1,1,30,6,2,2,5,0,0,0,0,true,,false,false,true,false,false,,,,,,false,false,true,,,false,false,false,false,false,-83.09937,42.37643,"{
  ""coordinates"": [
    -8.309936327500000e+01,
    4.237642587600000e+01
  ],
  ""type"": ""Point""
}","{
  ""coordinates"": [
    -83.099363275,
    42.376425876
  ],
  ""type"": ""Point""
}",-83.099363275,42.376425876
21310,9962381,WILSHIRE,CHALMERS,2017-02-24,24,2,2017,18,6,1,9,,,1,,2,1,4,25,2,1,0,5,0,0,0,0,true,,false,false,true,false,false,,,,,,false,false,false,,,false,false,false,false,false,-82.97022,42.41302,"{
  ""coordinates"": [
    -8.297022426200000e+01,
    4.241301651700010e+01
  ],
  ""type"": ""Point""
}","{
  ""coordinates"": [
    -82.970224262,
    42.413016517
  ],
  ""type"": ""Point""
}",-82.970224262,42.4130165170001
21311,9962382,8 MILE,MT ELLIOTT,2017-02-24,24,2,2017,13,6,8,3,,1,0,,1,1,1,40,4,2,1,5,0,0,0,0,true,,false,false,true,false,false,,,,,,false,false,false,,,false,false,false,false,false,-83.03867,42.4479,"{
  ""coordinates"": [
    -8.303866716000000e+01,
    4.244789736700010e+01
  ],
  ""type"": ""Point""
}","{
  ""coordinates"": [
    -83.03866716,
    42.447897367
  ],
  ""type"": ""Point""
}",-83.03866716,42.4478973670001
21312,9962365,GRAND RIVER,MINCOCK,2017-02-24,24,2,2017,16,6,4,3,,1,0,,2,2,1,35,4,2,3,5,0,0,0,0,true,,false,false,false,false,false,,,,,,false,false,true,,,false,false,false,false,false,-83.23434,42.40716,"{
  ""coordinates"": [
    -8.323433548900000e+01,
    4.240716112900000e+01
  ],
  ""type"": ""Point""
}","{
  ""coordinates"": [
    -83.234335489,
    42.407161129
  ],
  ""type"": ""Point""
}",-83.234335489,42.407161129
21313,9968220,W I 94,GRAND,2017-02-24,24,2,2017,17,6,5,1,,1,0,,2,2,1,55,3,2,2,4,0,0,0,1,false,,false,false,false,false,false,,,,,,false,false,true,,,false,false,false,false,false,-83.1088,42.3472,"{
  ""coordinates"": [
    -8.310879723200000e+01,
    4.234720379900010e+01
  ],
  ""type"": ""Point""
}","{
  ""coordinates"": [
    -83.108797232,
    42.347203799
  ],
  ""type"": ""Point""
}",-83.108797232,42.3472037990001
21314,9967124,EDSEL FORD,TRUMBULL,2017-02-24,24,2,2017,18,6,8,1,,1,0,,2,2,3,55,3,2,1,5,0,0,0,0,true,,false,false,true,false,false,,,,,,false,false,false,,,false,false,false,false,false,-83.08226,42.35547,"{
  ""coordinates"": [
    -8.308226176800000e+01,
    4.235546725000010e+01
  ],
  ""type"": ""Point""
}","{
  ""coordinates"": [
    -83.082261768,
    42.35546725
  ],
  ""type"": ""Point""
}",-83.082261768,42.3554672500001
21315,9962315,E I 94,RAMP 211D,2017-02-24,24,2,2017,23,6,1,1,,1,1,,2,4,4,55,3,1,1,5,0,0,0,0,true,,false,false,false,false,false,,,,,,false,false,false,,,false,false,false,false,false,-83.14178,42.33175,"{
  ""coordinates"": [
    -8.314178298099991e+01,
    4.233174669700000e+01
  ],
  ""type"": ""Point""
}","{
  ""coordinates"": [
    -83.141782981,
    42.331746697
  ],
  ""type"": ""Point""
}",-83.1417829809999,42.331746697
21316,9962396,OUTER,MACKAY,2017-02-24,24,2,2017,9,6,4,9,,2,0,,1,2,1,35,6,2,2,5,0,0,0,0,true,,false,false,false,false,false,,,,,,false,false,false,,,false,false,false,false,false,-83.07628,42.44032,"{
  ""coordinates"": [
    -8.307627847200000e+01,
    4.244032190100010e+01
  ],
  ""type"": ""Point""
}","{
  ""coordinates"": [
    -83.076278472,
    42.440321901
  ],
  ""type"": ""Point""
}",-83.076278472,42.4403219010001
21317,9962343,LINWOOD,HOOKER,2017-02-24,24,2,2017,17,6,2,9,,4,0,,2,2,97,25,4,2,1,4,0,0,0,1,false,,false,false,true,false,false,,,,,,false,false,false,,,false,false,false,false,false,-83.09673,42.35668,"{
  ""coordinates"": [
    -8.309673653000000e+01,
    4.235668297900000e+01
  ],
  ""type"": ""Point""
}","{
  ""coordinates"": [
    -83.09673653,
    42.356682979
  ],
  ""type"": ""Point""
}",-83.09673653,42.356682979
21318,9964134,I-94,MT ELLIOTT,2017-02-24,24,2,2017,3,6,1,1,,1,1,,2,4,4,55,3,1,1,4,0,0,0,1,false,,false,false,false,false,false,,,,,,false,false,false,,,false,false,false,false,false,-83.03355,42.37934,"{
  ""coordinates"": [
    -8.303354815599990e+01,
    4.237933605000010e+01
  ],
  ""type"": ""Point""
}","{
  ""coordinates"": [
    -83.033548156,
    42.37933605
  ],
  ""type"": ""Point""
}",-83.0335481559999,42.3793360500001
21319,9962359,BEATRICE,OMAHA,2017-02-24,24,2,2017,6,6,5,9,,,0,,2,2,4,25,3,2,0,5,0,0,0,0,true,,false,false,true,false,false,,,,,,false,false,false,,,false,false,false,false,false,-83.15491,42.26803,"{
  ""coordinates"": [
    -8.315491050299990e+01,
    4.226802825300010e+01
  ],
  ""type"": ""Point""
}","{
  ""coordinates"": [
    -83.154910503,
    42.268028253
  ],
  ""type"": ""Point""
}",-83.1549105029999,42.2680282530001