ObjectId,Crash ID,Primary Road,Intersecting Road,Crash Date,Day,Month,Year,Hour,Weekday,Crash Type Code,Highway Classification Code,Community Code,Jurisdiction Code,Lane Departure Type Code,Surface Type,Road Condition,Weather Condition,Lighting Condition,Speed Limit,Lanes,Units,Occupants,Most Severe Injury,Fatal Injuries,Suspected Serious Injuries,Suspected Minor Injuries,Possible Injuries,Property Damage Only,Secondary Crash,Traffic Control,Red Light Run,Hit and Run,Alcohol,Drugs,Unbelted Person,Work Zone,Speeding Driver,Distracted Driver,Driveway,Pedestrian,Elderly Driver,Young Driver,Commercial Vehicle,Emergency Vehicles,Train,School Bus,Motorcycle,Bicycle,Deer,Longitude,Latitude,geom,geog,x,y
21320,9962337,MARLOWE,LYNDON,2017-02-24,24,2,2017,3,6,4,9,,,0,,1,1,4,25,2,2,1,5,0,0,0,0,true,,false,false,true,false,false,,,,,,false,false,false,,,false,false,false,false,false,-83.18961,42.39424,"{
  ""coordinates"": [
    -8.318961283700000e+01,
    4.239424052300010e+01
  ],
  ""type"": ""Point""
}","{
  ""coordinates"": [
    -83.189612837,
    42.394240523
  ],
  ""type"": ""Point""
}",-83.189612837,42.3942405230001
21321,9962395,8 MILE,MOUNT ELLIOTT,2017-02-24,24,2,2017,14,6,5,3,,1,3,,1,1,1,40,4,2,2,5,0,0,0,0,true,,false,false,false,false,false,,,,,,false,false,false,,,false,false,false,false,false,-83.03979,42.44788,"{
  ""coordinates"": [
    -8.303978405299991e+01,
    4.244787418100000e+01
  ],
  ""type"": ""Point""
}","{
  ""coordinates"": [
    -83.039784053,
    42.447874181
  ],
  ""type"": ""Point""
}",-83.0397840529999,42.447874181
21322,9962377,TELEGRAPH,GRAND RIVER,2017-02-24,24,2,2017,17,6,5,2,,1,0,,2,4,1,45,4,2,1,5,0,0,0,0,true,,false,false,true,false,false,,,,,,false,false,false,,,false,false,false,false,false,-83.27738,42.42484,"{
  ""coordinates"": [
    -8.327738425000000e+01,
    4.242484262600000e+01
  ],
  ""type"": ""Point""
}","{
  ""coordinates"": [
    -83.27738425,
    42.424842626
  ],
  ""type"": ""Point""
}",-83.27738425,42.424842626
21323,9964185,MCNICHOLS,JAMES COUZENS,2017-02-24,24,2,2017,18,6,8,9,,2,0,,2,1,4,30,4,2,1,5,0,0,0,0,true,,false,false,true,false,false,,,,,,false,false,false,,,false,false,false,false,false,-83.17219,42.41665,"{
  ""coordinates"": [
    -8.317218420800000e+01,
    4.241664709800010e+01
  ],
  ""type"": ""Point""
}","{
  ""coordinates"": [
    -83.172184208,
    42.416647098
  ],
  ""type"": ""Point""
}",-83.172184208,42.4166470980001
21324,9962394,7 MILE,HEALY,2017-02-24,24,2,2017,8,6,8,9,,4,0,,2,2,1,30,2,2,1,5,0,0,0,0,true,,false,false,false,false,false,,,,,,false,false,false,,,false,false,false,false,false,-83.05569,42.4333,"{
  ""coordinates"": [
    -8.305568692000000e+01,
    4.243329832800000e+01
  ],
  ""type"": ""Point""
}","{
  ""coordinates"": [
    -83.05568692,
    42.433298328
  ],
  ""type"": ""Point""
}",-83.05568692,42.433298328
21325,9962401,PRAIRIE,MCNICHOLS,2017-02-24,24,2,2017,16,6,4,9,,,0,,2,4,1,25,2,2,6,4,0,0,0,1,false,,false,false,false,false,false,,,,,,false,false,false,,,false,false,false,false,false,-83.1451,42.41576,"{
  ""coordinates"": [
    -8.314509578600000e+01,
    4.241576138000000e+01
  ],
  ""type"": ""Point""
}","{
  ""coordinates"": [
    -83.145095786,
    42.41576138
  ],
  ""type"": ""Point""
}",-83.145095786,42.41576138
21326,9962379,MADISON,BEAUBIAN,2017-02-24,24,2,2017,13,6,8,9,,4,0,,1,1,1,30,2,2,3,5,0,0,0,0,true,,false,false,false,false,false,,,,,,false,true,false,,,false,false,false,false,false,-83.04481,42.33777,"{
  ""coordinates"": [
    -8.304480712500001e+01,
    4.233776960200000e+01
  ],
  ""type"": ""Point""
}","{
  ""coordinates"": [
    -83.044807125,
    42.337769602
  ],
  ""type"": ""Point""
}",-83.044807125,42.337769602
21327,9962392,LINWOOD,DAVISON,2017-02-24,24,2,2017,9,6,4,3,,4,0,,2,2,1,35,5,2,2,5,0,0,0,0,true,,false,false,false,false,false,,,,,,false,false,true,,,false,false,false,false,false,-83.12215,42.39321,"{
  ""coordinates"": [
    -8.312214845499990e+01,
    4.239320853900010e+01
  ],
  ""type"": ""Point""
}","{
  ""coordinates"": [
    -83.122148455,
    42.393208539
  ],
  ""type"": ""Point""
}",-83.1221484549999,42.3932085390001
21328,9973449,N I 75,RAMP 044B,2017-02-24,24,2,2017,6,6,1,1,,1,0,,1,1,4,70,4,1,1,5,0,0,0,0,true,,false,false,false,false,false,,,,,,false,false,false,,,false,false,false,false,false,-83.05591,42.36402,"{
  ""coordinates"": [
    -8.305590647699999e+01,
    4.236401850500000e+01
  ],
  ""type"": ""Point""
}","{
  ""coordinates"": [
    -83.055906477,
    42.364018505
  ],
  ""type"": ""Point""
}",-83.055906477,42.364018505
21329,9967101,MINOCK,SCHOOLCRAFT,2017-02-24,24,2,2017,14,6,8,9,,,0,,1,1,1,25,2,2,1,5,0,0,0,0,true,,false,false,true,false,false,,,,,,false,false,false,,,false,false,false,false,false,-83.2332,42.38551,"{
  ""coordinates"": [
    -8.323319796999991e+01,
    4.238551417100010e+01
  ],
  ""type"": ""Point""
}","{
  ""coordinates"": [
    -83.23319797,
    42.385514171
  ],
  ""type"": ""Point""
}",-83.2331979699999,42.3855141710001
21330,9963293,I 375 SERVICE,JEFFERSON,2017-02-24,24,2,2017,17,6,1,9,,7,1,,3,4,1,55,3,1,1,5,0,0,0,0,true,,false,false,false,false,false,,,,,,false,false,true,,,false,false,false,false,false,-83.03539,42.3326,"{
  ""coordinates"": [
    -8.303538718000000e+01,
    4.233260071100010e+01
  ],
  ""type"": ""Point""
}","{
  ""coordinates"": [
    -83.03538718,
    42.332600711
  ],
  ""type"": ""Point""
}",-83.03538718,42.3326007110001
21331,9997415,W I 94,RAMP 215B,2017-02-24,24,2,2017,23,6,5,1,,1,0,,2,4,4,55,1,2,1,5,0,0,0,0,true,,false,false,true,false,false,,,,,,false,false,true,,,false,false,false,false,false,-83.07764,42.35863,"{
  ""coordinates"": [
    -8.307764330899990e+01,
    4.235863064800000e+01
  ],
  ""type"": ""Point""
}","{
  ""coordinates"": [
    -83.077643309,
    42.358630648
  ],
  ""type"": ""Point""
}",-83.0776433089999,42.358630648
21332,9962314,I-94,LIVERNOIS,2017-02-24,24,2,2017,18,6,5,1,,1,0,,1,1,4,55,3,2,2,5,0,0,0,0,true,,false,false,true,false,false,,,,,,false,false,false,,,false,false,false,false,false,-83.11708,42.34164,"{
  ""coordinates"": [
    -8.311707847400000e+01,
    4.234163762100010e+01
  ],
  ""type"": ""Point""
}","{
  ""coordinates"": [
    -83.117078474,
    42.341637621
  ],
  ""type"": ""Point""
}",-83.117078474,42.3416376210001
21333,1006411,PLYMOUTH,WESTWOOD,2017-02-24,24,2,2017,1,6,7,9,,4,0,,2,4,4,0,2,2,4,5,0,0,0,0,true,,false,false,false,false,false,,,,,,false,false,false,,,false,false,false,false,false,-83.23138,42.37197,"{
  ""coordinates"": [
    -8.323137430799990e+01,
    4.237197286100010e+01
  ],
  ""type"": ""Point""
}","{
  ""coordinates"": [
    -83.231374308,
    42.371972861
  ],
  ""type"": ""Point""
}",-83.2313743079999,42.3719728610001
21334,9961123,8 MILE,SCHOENHERR,2017-02-24,24,2,2017,3,6,97,3,,1,0,,2,4,4,45,4,2,0,2,0,1,0,0,false,,false,false,true,true,true,,,,,,true,false,false,,,false,false,false,false,false,-82.98355,42.44934,"{
  ""coordinates"": [
    -8.298354768199989e+01,
    4.244933756500010e+01
  ],
  ""type"": ""Point""
}","{
  ""coordinates"": [
    -82.983547682,
    42.449337565
  ],
  ""type"": ""Point""
}",-82.9835476819999,42.4493375650001
21335,9966047,S M 39,WARREN,2017-02-24,24,2,2017,1,6,8,3,,1,0,,2,2,4,55,3,2,1,5,0,0,0,0,true,,false,false,true,false,false,,,,,,false,false,false,,,false,false,false,false,false,-83.21629,42.34482,"{
  ""coordinates"": [
    -8.321628301299999e+01,
    4.234481962200000e+01
  ],
  ""type"": ""Point""
}","{
  ""coordinates"": [
    -83.216283013,
    42.344819622
  ],
  ""type"": ""Point""
}",-83.216283013,42.344819622
21336,9980210,GROESBECK,8 MILE,2017-02-24,24,2,2017,4,6,1,3,,1,0,,98,98,98,35,8,2,0,2,0,1,0,0,false,,false,false,true,false,false,,,,,,true,false,false,,,false,false,false,false,false,-83.00272,42.44888,"{
  ""coordinates"": [
    -8.300271254800001e+01,
    4.244888285200010e+01
  ],
  ""type"": ""Point""
}","{
  ""coordinates"": [
    -83.002712548,
    42.448882852
  ],
  ""type"": ""Point""
}",-83.002712548,42.4488828520001
21337,9963284,VERNOR,MILITARY,2017-02-24,24,2,2017,15,6,9,9,,4,0,,1,2,1,0,2,2,2,5,0,0,0,0,true,,false,false,false,false,false,,,,,,false,false,false,,,false,true,false,false,false,-83.10688,42.31577,"{
  ""coordinates"": [
    -8.310687714300001e+01,
    4.231576595400000e+01
  ],
  ""type"": ""Point""
}","{
  ""coordinates"": [
    -83.106877143,
    42.315765954
  ],
  ""type"": ""Point""
}",-83.106877143,42.315765954
21338,9966117,DAVISON,WOODROW WISON,2017-02-24,24,2,2017,15,6,3,3,,1,0,,1,1,1,35,3,2,1,5,0,0,0,0,true,,false,false,true,false,false,,,,,,false,false,false,,,false,false,false,false,false,-83.11147,42.3976,"{
  ""coordinates"": [
    -8.311146434999991e+01,
    4.239759722600010e+01
  ],
  ""type"": ""Point""
}","{
  ""coordinates"": [
    -83.11146435,
    42.397597226
  ],
  ""type"": ""Point""
}",-83.1114643499999,42.3975972260001
21339,9962360,CAVALRY,VERNOR,2017-02-24,24,2,2017,10,6,97,9,,,0,,1,1,1,25,3,2,1,5,0,0,0,0,true,,false,false,false,false,false,,,,,,false,false,false,,,false,false,false,false,false,-83.10574,42.31637,"{
  ""coordinates"": [
    -8.310574159200000e+01,
    4.231637203700010e+01
  ],
  ""type"": ""Point""
}","{
  ""coordinates"": [
    -83.105741592,
    42.316372037
  ],
  ""type"": ""Point""
}",-83.105741592,42.3163720370001
21340,9962403,7 MILE,BLAKE,2017-02-24,24,2,2017,17,6,1,9,,4,0,,2,2,4,35,2,1,1,4,0,0,0,1,false,,false,false,false,false,true,,,,,,false,false,false,,,false,false,false,false,false,-83.10822,42.43222,"{
  ""coordinates"": [
    -8.310821469800000e+01,
    4.243222178200010e+01
  ],
  ""type"": ""Point""
}","{
  ""coordinates"": [
    -83.108214698,
    42.432221782
  ],
  ""type"": ""Point""
}",-83.108214698,42.4322217820001
21341,9962334,JOY,OAKMAN,2017-02-24,24,2,2017,16,6,4,9,,4,0,,2,4,1,35,2,2,2,4,0,0,0,1,false,,false,false,false,false,false,,,,,,false,false,false,,,false,false,false,false,false,-83.16056,42.35896,"{
  ""coordinates"": [
    -8.316055928100000e+01,
    4.235895472700000e+01
  ],
  ""type"": ""Point""
}","{
  ""coordinates"": [
    -83.160559281,
    42.358954727
  ],
  ""type"": ""Point""
}",-83.160559281,42.358954727
21342,9966125,WAVERLY,HOLMUR,2017-02-24,24,2,2017,21,6,8,9,,,0,,2,4,4,25,2,2,1,5,0,0,0,0,true,,false,false,true,false,false,,,,,,false,false,false,,,false,false,false,false,false,-83.13303,42.38814,"{
  ""coordinates"": [
    -8.313303662399990e+01,
    4.238814231900010e+01
  ],
  ""type"": ""Point""
}","{
  ""coordinates"": [
    -83.133036624,
    42.388142319
  ],
  ""type"": ""Point""
}",-83.1330366239999,42.3881423190001
21343,9968235,I-96,TELEGRAPH,2017-02-24,24,2,2017,17,6,5,1,,1,0,,1,2,1,70,4,2,1,5,0,0,0,0,true,,false,false,true,false,false,,,,,,false,false,true,,,false,false,false,false,false,-83.27306,42.38553,"{
  ""coordinates"": [
    -8.327306695399990e+01,
    4.238552840200000e+01
  ],
  ""type"": ""Point""
}","{
  ""coordinates"": [
    -83.273066954,
    42.385528402
  ],
  ""type"": ""Point""
}",-83.2730669539999,42.385528402
21344,9962380,GOULBURN,LINNHURST,2017-02-24,24,2,2017,20,6,2,9,,,2,,1,1,4,25,2,2,1,5,0,0,0,0,true,,false,false,true,false,false,,,,,,false,false,false,,,false,false,false,false,false,-82.99351,42.43166,"{
  ""coordinates"": [
    -8.299350623200000e+01,
    4.243166169800000e+01
  ],
  ""type"": ""Point""
}","{
  ""coordinates"": [
    -82.993506232,
    42.431661698
  ],
  ""type"": ""Point""
}",-82.993506232,42.431661698
21345,9962363,VAUGHAN,FENKELL,2017-02-24,24,2,2017,11,6,5,9,,,0,,1,1,1,25,4,2,1,5,0,0,0,0,true,,false,false,true,false,false,,,,,,false,false,false,,,false,false,false,false,false,-83.23849,42.40069,"{
  ""coordinates"": [
    -8.323848973299989e+01,
    4.240068771900010e+01
  ],
  ""type"": ""Point""
}","{
  ""coordinates"": [
    -83.238489733,
    42.400687719
  ],
  ""type"": ""Point""
}",-83.2384897329999,42.4006877190001
21346,9962335,SCHAEFER,LYNDON,2017-02-24,24,2,2017,2,6,4,9,,4,0,,2,4,4,30,5,2,2,4,0,0,0,1,false,,false,false,false,false,false,,,,,,false,false,true,,,false,false,false,false,false,-83.1788,42.39496,"{
  ""coordinates"": [
    -8.317880161399999e+01,
    4.239496149500010e+01
  ],
  ""type"": ""Point""
}","{
  ""coordinates"": [
    -83.178801614,
    42.394961495
  ],
  ""type"": ""Point""
}",-83.178801614,42.3949614950001
21347,1045148,CADIEUX,HARPER,2017-02-24,24,2,2017,17,6,8,9,,4,0,,1,1,3,35,6,2,1,5,0,0,0,0,true,,false,false,true,false,false,,,,,,false,false,true,,,false,false,false,false,false,-82.93651,42.41626,"{
  ""coordinates"": [
    -8.293650925500000e+01,
    4.241626104300010e+01
  ],
  ""type"": ""Point""
}","{
  ""coordinates"": [
    -82.936509255,
    42.416261043
  ],
  ""type"": ""Point""
}",-82.936509255,42.4162610430001
21348,9962329,RAMP 215B,W I 94,2017-02-24,24,2,2017,23,6,8,1,,1,0,,2,4,4,55,4,2,1,5,0,0,0,0,true,,false,false,true,false,false,,,,,,false,false,true,,,false,false,false,false,false,-83.07716,42.35934,"{
  ""coordinates"": [
    -8.307716438400000e+01,
    4.235933802900010e+01
  ],
  ""type"": ""Point""
}","{
  ""coordinates"": [
    -83.077164384,
    42.359338029
  ],
  ""type"": ""Point""
}",-83.077164384,42.3593380290001
21349,9968218,I-75,MILWAUKEE,2017-02-24,24,2,2017,7,6,8,1,,1,0,,1,2,2,55,3,3,3,4,0,0,0,1,false,,false,false,false,false,false,,,,,,false,false,false,,,false,false,false,false,false,-83.05981,42.37337,"{
  ""coordinates"": [
    -8.305980574700000e+01,
    4.237336857300010e+01
  ],
  ""type"": ""Point""
}","{
  ""coordinates"": [
    -83.059805747,
    42.373368573
  ],
  ""type"": ""Point""
}",-83.059805747,42.3733685730001
21350,9965016,WOODWARD,MCNICHOLS,2017-02-23,23,2,2017,14,5,5,3,,1,0,,1,1,1,30,7,2,2,5,0,0,0,0,true,,false,false,false,false,false,,,,,,false,false,false,,,false,false,false,false,false,-83.10531,42.41778,"{
  ""coordinates"": [
    -8.310530913299991e+01,
    4.241778035700000e+01
  ],
  ""type"": ""Point""
}","{
  ""coordinates"": [
    -83.105309133,
    42.417780357
  ],
  ""type"": ""Point""
}",-83.1053091329999,42.417780357
21351,9991874,M-39,TIREMAN,2017-02-23,23,2,2017,15,5,5,3,,1,0,,1,1,1,55,3,2,3,5,0,0,0,0,true,,false,false,false,false,false,,,,,,false,false,true,,,false,false,false,false,false,-83.21625,42.34917,"{
  ""coordinates"": [
    -8.321624535099990e+01,
    4.234917590800010e+01
  ],
  ""type"": ""Point""
}","{
  ""coordinates"": [
    -83.216245351,
    42.349175908
  ],
  ""type"": ""Point""
}",-83.2162453509999,42.3491759080001
21352,9967079,I 94,BARRETT,2017-02-23,23,2,2017,7,5,5,1,,1,0,,1,1,1,55,3,3,3,5,0,0,0,0,true,,false,false,false,false,false,,,,,,false,false,true,,,false,false,false,false,false,-82.98377,42.39864,"{
  ""coordinates"": [
    -8.298377152499999e+01,
    4.239863785500010e+01
  ],
  ""type"": ""Point""
}","{
  ""coordinates"": [
    -82.983771525,
    42.398637855
  ],
  ""type"": ""Point""
}",-82.983771525,42.3986378550001
21353,9962333,WARREN,BEECHTON,2017-02-23,23,2,2017,2,5,1,9,,4,1,,1,1,4,35,4,1,0,5,0,0,0,0,true,,false,false,false,false,false,,,,,,false,false,false,,,false,false,false,false,false,-83.13187,42.34473,"{
  ""coordinates"": [
    -8.313187209900001e+01,
    4.234473327000010e+01
  ],
  ""type"": ""Point""
}","{
  ""coordinates"": [
    -83.131872099,
    42.34473327
  ],
  ""type"": ""Point""
}",-83.131872099,42.3447332700001
21354,1183921,MCNICHOLS,SOUTHFIELD,2017-02-23,23,2,2017,19,5,4,9,,2,0,,1,1,4,35,4,2,2,5,0,0,0,0,true,,false,false,false,false,false,,,,,,false,true,false,,,false,false,false,false,false,-83.21812,42.41558,"{
  ""coordinates"": [
    -8.321811417100000e+01,
    4.241557526100010e+01
  ],
  ""type"": ""Point""
}","{
  ""coordinates"": [
    -83.218114171,
    42.415575261
  ],
  ""type"": ""Point""
}",-83.218114171,42.4155752610001
21355,9968289,HARDING,VERNOR,2017-02-23,23,2,2017,18,5,8,9,,,0,,1,1,1,0,3,2,0,5,0,0,0,0,true,,false,false,true,false,false,,,,,,false,false,false,,,false,false,false,false,false,-82.98055,42.36924,"{
  ""coordinates"": [
    -8.298054146500000e+01,
    4.236924106600000e+01
  ],
  ""type"": ""Point""
}","{
  ""coordinates"": [
    -82.980541465,
    42.369241066
  ],
  ""type"": ""Point""
}",-82.980541465,42.369241066
21356,9983850,JEFFERSON,WOODWARD,2017-02-23,23,2,2017,9,5,8,3,,1,0,,1,1,1,35,4,2,3,5,0,0,0,0,true,,false,false,false,false,false,,,,,,false,false,false,,,false,false,false,false,false,-83.04437,42.32855,"{
  ""coordinates"": [
    -8.304436889300000e+01,
    4.232855044100010e+01
  ],
  ""type"": ""Point""
}","{
  ""coordinates"": [
    -83.044368893,
    42.328550441
  ],
  ""type"": ""Point""
}",-83.044368893,42.3285504410001
21357,9964168,GRANDRIVER,LAHSER,2017-02-23,23,2,2017,22,5,97,3,,1,0,,1,1,4,35,6,2,1,4,0,0,0,1,false,,false,false,false,false,false,,,,,,true,false,true,,,false,false,false,false,false,-83.25784,42.41658,"{
  ""coordinates"": [
    -8.325784534000000e+01,
    4.241657830000000e+01
  ],
  ""type"": ""Point""
}","{
  ""coordinates"": [
    -83.25784534,
    42.4165783
  ],
  ""type"": ""Point""
}",-83.25784534,42.4165783
21358,9968242,S M 10,MEYERS,2017-02-23,23,2,2017,7,5,5,3,,1,0,,1,1,1,55,3,2,2,5,0,0,0,0,true,,false,false,false,false,false,,,,,,false,false,false,,,false,false,false,false,false,-83.17014,42.41434,"{
  ""coordinates"": [
    -8.317013556900000e+01,
    4.241433984800010e+01
  ],
  ""type"": ""Point""
}","{
  ""coordinates"": [
    -83.170135569,
    42.414339848
  ],
  ""type"": ""Point""
}",-83.170135569,42.4143398480001
21359,9968243,S M 10,MEYERS,2017-02-23,23,2,2017,7,5,5,3,,1,0,,1,1,1,55,3,2,2,5,0,0,0,0,true,,false,false,false,false,false,,,,,,false,false,true,,,false,false,false,false,false,-83.17004,42.41423,"{
  ""coordinates"": [
    -8.317003660700000e+01,
    4.241423229400000e+01
  ],
  ""type"": ""Point""
}","{
  ""coordinates"": [
    -83.170036607,
    42.414232294
  ],
  ""type"": ""Point""
}",-83.170036607,42.414232294
21360,9962327,I-375,LAFAYETTE,2017-02-23,23,2,2017,9,5,5,1,,1,0,,1,1,1,55,3,4,4,5,0,0,0,0,true,,false,false,false,false,false,,,,,,false,false,false,,,false,false,false,false,false,-83.0388,42.33691,"{
  ""coordinates"": [
    -8.303879365400000e+01,
    4.233690889600010e+01
  ],
  ""type"": ""Point""
}","{
  ""coordinates"": [
    -83.038793654,
    42.336908896
  ],
  ""type"": ""Point""
}",-83.038793654,42.3369088960001
21361,9966120,LIVERNOIS,JOY,2017-02-23,23,2,2017,11,5,8,9,,4,0,,1,1,1,35,6,2,2,5,0,0,0,0,true,,false,false,true,false,false,,,,,,false,true,false,,,false,false,false,false,false,-83.13839,42.35941,"{
  ""coordinates"": [
    -8.313838945000001e+01,
    4.235940503500010e+01
  ],
  ""type"": ""Point""
}","{
  ""coordinates"": [
    -83.13838945,
    42.359405035
  ],
  ""type"": ""Point""
}",-83.13838945,42.3594050350001
21362,9964332,OUTER,S M 39,2017-02-23,23,2,2017,8,5,8,9,,2,0,,1,1,1,35,8,2,2,5,0,0,0,0,true,,false,false,false,false,false,,,,,,false,true,false,,,false,false,false,false,false,-83.21904,42.41908,"{
  ""coordinates"": [
    -8.321904013600000e+01,
    4.241907528500010e+01
  ],
  ""type"": ""Point""
}","{
  ""coordinates"": [
    -83.219040136,
    42.419075285
  ],
  ""type"": ""Point""
}",-83.219040136,42.4190752850001
21363,9964956,I-94,I-96,2017-02-23,23,2,2017,9,5,8,1,,1,0,,1,1,1,55,3,2,1,5,0,0,0,0,true,,false,false,true,false,false,,,,,,false,false,false,,,false,false,false,false,false,-83.10105,42.3495,"{
  ""coordinates"": [
    -8.310104856100000e+01,
    4.234950043800010e+01
  ],
  ""type"": ""Point""
}","{
  ""coordinates"": [
    -83.101048561,
    42.349500438
  ],
  ""type"": ""Point""
}",-83.101048561,42.3495004380001
21364,9973465,BROCK,8 MILE,2017-02-23,23,2,2017,22,5,2,3,,,2,,1,2,4,25,2,2,2,3,0,0,1,0,false,,false,false,false,false,false,,,,,,false,false,false,,,false,false,false,false,false,-82.96366,42.44986,"{
  ""coordinates"": [
    -8.296366456999991e+01,
    4.244986456900010e+01
  ],
  ""type"": ""Point""
}","{
  ""coordinates"": [
    -82.96366457,
    42.449864569
  ],
  ""type"": ""Point""
}",-82.9636645699999,42.4498645690001
21365,9970826,SCHOOLCRAFT,BURT,2017-02-23,23,2,2017,11,5,5,9,,4,0,,1,1,1,30,2,2,2,5,0,0,0,0,true,,false,false,false,false,false,,,,,,false,true,false,,,false,false,false,false,false,-83.24691,42.38607,"{
  ""coordinates"": [
    -8.324690879699990e+01,
    4.238607509600010e+01
  ],
  ""type"": ""Point""
}","{
  ""coordinates"": [
    -83.246908797,
    42.386075096
  ],
  ""type"": ""Point""
}",-83.2469087969999,42.3860750960001
21366,9962342,BRUSH,E I 94 SERVICE DRIVE,2017-02-23,23,2,2017,20,5,98,9,,4,0,,1,2,4,35,4,2,1,5,0,0,0,0,true,,true,true,true,false,false,,,,,,false,false,true,,,false,false,false,false,false,-83.06429,42.3654,"{
  ""coordinates"": [
    -8.306429454499990e+01,
    4.236540215400000e+01
  ],
  ""type"": ""Point""
}","{
  ""coordinates"": [
    -83.064294545,
    42.365402154
  ],
  ""type"": ""Point""
}",-83.0642945449999,42.365402154
21367,9962328,I-75,CARPENTER,2017-02-23,23,2,2017,15,5,8,1,,1,0,,1,2,1,55,5,2,3,5,0,0,0,0,true,,false,false,false,false,false,,,,,,false,false,true,,,false,false,false,false,false,-83.07346,42.40428,"{
  ""coordinates"": [
    -8.307345984700000e+01,
    4.240427667000010e+01
  ],
  ""type"": ""Point""
}","{
  ""coordinates"": [
    -83.073459847,
    42.40427667
  ],
  ""type"": ""Point""
}",-83.073459847,42.4042766700001
21368,9962313,S/B M-39,MCNICHOLS,2017-02-23,23,2,2017,20,5,5,3,,1,0,,1,1,4,55,3,2,2,5,0,0,0,0,true,,false,false,false,false,false,,,,,,false,false,true,,,false,false,false,false,false,-83.21887,42.4141,"{
  ""coordinates"": [
    -8.321887280599999e+01,
    4.241409996800010e+01
  ],
  ""type"": ""Point""
}","{
  ""coordinates"": [
    -83.218872806,
    42.414099968
  ],
  ""type"": ""Point""
}",-83.218872806,42.4140999680001
21369,9961122,18491 EDINBOROUGH,CLARITA,2017-02-23,23,2,2017,2,5,5,9,,,3,,1,1,4,25,2,2,0,5,0,0,0,0,true,,false,false,true,false,false,,,,,,false,false,false,,,false,false,false,false,false,-83.23441,42.42687,"{
  ""coordinates"": [
    -8.323440453099990e+01,
    4.242686874700010e+01
  ],
  ""type"": ""Point""
}","{
  ""coordinates"": [
    -83.234404531,
    42.426868747
  ],
  ""type"": ""Point""
}",-83.2344045309999,42.4268687470001
21370,9961108,KENDALL,GLASTONBURY,2017-02-23,23,2,2017,12,5,4,9,,,0,,1,1,1,25,2,2,3,4,0,0,0,2,false,,false,false,false,false,false,,,,,,false,false,true,,,false,false,false,false,false,-83.22495,42.38894,"{
  ""coordinates"": [
    -8.322494596800000e+01,
    4.238893645500010e+01
  ],
  ""type"": ""Point""
}","{
  ""coordinates"": [
    -83.224945968,
    42.388936455
  ],
  ""type"": ""Point""
}",-83.224945968,42.3889364550001
21371,9962361,MACK,FAIRVIEW,2017-02-23,23,2,2017,11,5,4,9,,4,0,,1,1,1,30,6,2,2,4,0,0,0,1,false,,true,true,true,false,false,,,,,,false,false,true,,,false,false,false,false,false,-82.98169,42.37776,"{
  ""coordinates"": [
    -8.298169233800000e+01,
    4.237775892400000e+01
  ],
  ""type"": ""Point""
}","{
  ""coordinates"": [
    -82.981692338,
    42.377758924
  ],
  ""type"": ""Point""
}",-82.981692338,42.377758924
21372,9961149,MACK,JOHN R,2017-02-23,23,2,2017,16,5,8,9,,4,0,,1,1,1,25,3,2,1,5,0,0,0,0,true,,false,false,true,false,false,,,,,,false,false,false,,,false,false,false,false,false,-83.05594,42.34824,"{
  ""coordinates"": [
    -8.305594105800000e+01,
    4.234823794500010e+01
  ],
  ""type"": ""Point""
}","{
  ""coordinates"": [
    -83.055941058,
    42.348237945
  ],
  ""type"": ""Point""
}",-83.055941058,42.3482379450001
21373,9961141,8 MILE,MEYERS,2017-02-23,23,2,2017,17,5,5,3,,1,0,,1,1,1,40,4,2,2,5,0,0,0,0,true,,false,false,false,false,false,,,,,,false,true,false,,,false,false,false,false,false,-83.16928,42.44545,"{
  ""coordinates"": [
    -8.316927918499989e+01,
    4.244544780200000e+01
  ],
  ""type"": ""Point""
}","{
  ""coordinates"": [
    -83.169279185,
    42.445447802
  ],
  ""type"": ""Point""
}",-83.1692791849999,42.445447802
21374,9962355,FORT,SCHAEFER,2017-02-23,23,2,2017,13,5,9,3,,1,2,,1,1,1,35,4,2,6,5,0,0,0,0,true,,false,false,false,false,false,,,,,,false,false,false,,,false,false,false,false,false,-83.15575,42.27607,"{
  ""coordinates"": [
    -8.315575222200000e+01,
    4.227606686400000e+01
  ],
  ""type"": ""Point""
}","{
  ""coordinates"": [
    -83.155752222,
    42.276066864
  ],
  ""type"": ""Point""
}",-83.155752222,42.276066864
21375,9961150,ANTHONY WAYNE,MERRICK,2017-02-23,23,2,2017,16,5,10,9,,4,3,,1,1,1,25,2,2,1,5,0,0,0,0,true,,false,false,false,false,false,,,,,,false,false,true,,,false,false,false,false,false,-83.07289,42.3577,"{
  ""coordinates"": [
    -8.307289061099991e+01,
    4.235770014700010e+01
  ],
  ""type"": ""Point""
}","{
  ""coordinates"": [
    -83.072890611,
    42.357700147
  ],
  ""type"": ""Point""
}",-83.0728906109999,42.3577001470001
21376,9961112,CHICAGO,ABBINGTON,2017-02-23,23,2,2017,22,5,8,9,,4,0,,2,4,4,30,4,3,1,5,0,0,0,0,true,,false,false,false,false,false,,,,,,false,false,true,,,false,false,false,false,false,-83.21085,42.36516,"{
  ""coordinates"": [
    -8.321085694399990e+01,
    4.236515971600010e+01
  ],
  ""type"": ""Point""
}","{
  ""coordinates"": [
    -83.210856944,
    42.365159716
  ],
  ""type"": ""Point""
}",-83.2108569439999,42.3651597160001