ObjectId,Crash ID,Primary Road,Intersecting Road,Crash Date,Day,Month,Year,Hour,Weekday,Crash Type Code,Highway Classification Code,Community Code,Jurisdiction Code,Lane Departure Type Code,Surface Type,Road Condition,Weather Condition,Lighting Condition,Speed Limit,Lanes,Units,Occupants,Most Severe Injury,Fatal Injuries,Suspected Serious Injuries,Suspected Minor Injuries,Possible Injuries,Property Damage Only,Secondary Crash,Traffic Control,Red Light Run,Hit and Run,Alcohol,Drugs,Unbelted Person,Work Zone,Speeding Driver,Distracted Driver,Driveway,Pedestrian,Elderly Driver,Young Driver,Commercial Vehicle,Emergency Vehicles,Train,School Bus,Motorcycle,Bicycle,Deer,Longitude,Latitude,geom,geog,x,y
21604,9956772,EVERGREEN,SANTA CLARA,2017-02-18,18,2,2017,14,7,8,9,,4,0,,1,1,1,30,2,2,2,5,0,0,0,0,true,,false,false,false,false,false,,,,,,false,false,false,,,false,false,false,false,false,-83.2384,42.41948,"{
  ""coordinates"": [
    -8.323839252999990e+01,
    4.241947375100010e+01
  ],
  ""type"": ""Point""
}","{
  ""coordinates"": [
    -83.23839253,
    42.419473751
  ],
  ""type"": ""Point""
}",-83.2383925299999,42.4194737510001
21605,9957569,I-75,VERNOR,2017-02-18,18,2,2017,22,7,5,1,,1,0,,1,1,5,70,5,2,1,5,0,0,0,0,true,,false,false,true,false,false,,,,,,false,false,false,,,false,false,false,false,false,-83.08346,42.32489,"{
  ""coordinates"": [
    -8.308345774199999e+01,
    4.232488943600000e+01
  ],
  ""type"": ""Point""
}","{
  ""coordinates"": [
    -83.083457742,
    42.324889436
  ],
  ""type"": ""Point""
}",-83.083457742,42.324889436
21606,9964129,RAMP 043B,N I 75 SERVICE DRIVE,2017-02-18,18,2,2017,23,7,8,1,,1,0,,1,1,4,55,1,2,3,4,0,0,0,1,false,,false,false,false,false,false,,,,,,false,false,true,,,false,false,false,false,false,-83.04822,42.35234,"{
  ""coordinates"": [
    -8.304821974799999e+01,
    4.235233552200000e+01
  ],
  ""type"": ""Point""
}","{
  ""coordinates"": [
    -83.048219748,
    42.352335522
  ],
  ""type"": ""Point""
}",-83.048219748,42.352335522
21607,9956795,8 MILE,I-75,2017-02-18,18,2,2017,16,7,5,3,,1,0,,1,1,1,35,3,2,3,5,0,0,0,0,true,,false,false,false,false,false,,,,,,false,false,false,,,false,false,false,false,false,-83.09469,42.44681,"{
  ""coordinates"": [
    -8.309468962100000e+01,
    4.244680834300000e+01
  ],
  ""type"": ""Point""
}","{
  ""coordinates"": [
    -83.094689621,
    42.446808343
  ],
  ""type"": ""Point""
}",-83.094689621,42.446808343
21608,9957590,TYLER,WILDEMERE,2017-02-18,18,2,2017,17,7,1,9,,,0,,1,1,1,25,2,1,1,4,0,0,0,1,false,,false,false,false,false,false,,,,,,false,false,false,,,false,false,false,false,false,-83.12621,42.38981,"{
  ""coordinates"": [
    -8.312621405700000e+01,
    4.238981056600010e+01
  ],
  ""type"": ""Point""
}","{
  ""coordinates"": [
    -83.126214057,
    42.389810566
  ],
  ""type"": ""Point""
}",-83.126214057,42.3898105660001
21609,9957589,GRAND RIVER,JOY,2017-02-18,18,2,2017,16,7,5,3,,1,0,,1,1,1,30,2,2,1,5,0,0,0,0,true,,false,false,true,false,false,,,,,,false,false,true,,,false,false,false,false,false,-83.13049,42.36531,"{
  ""coordinates"": [
    -8.313048433099991e+01,
    4.236531308200010e+01
  ],
  ""type"": ""Point""
}","{
  ""coordinates"": [
    -83.130484331,
    42.365313082
  ],
  ""type"": ""Point""
}",-83.1304843309999,42.3653130820001
21610,9957567,GRATIOT,RAMP 219D,2017-02-18,18,2,2017,0,7,5,3,,1,0,,1,1,4,55,1,2,3,5,0,0,0,0,true,,false,false,false,false,false,,,,,,false,false,true,,,false,false,false,false,false,-83.00595,42.39204,"{
  ""coordinates"": [
    -8.300595066800000e+01,
    4.239204315800000e+01
  ],
  ""type"": ""Point""
}","{
  ""coordinates"": [
    -83.005950668,
    42.392043158
  ],
  ""type"": ""Point""
}",-83.005950668,42.392043158
21611,9957559,M-39 SERVICE DR,WARREN,2017-02-18,18,2,2017,22,7,8,9,,4,0,,1,2,4,35,3,2,4,5,0,0,0,0,true,,false,false,false,false,false,,,,,,false,false,true,,,false,false,false,false,false,-83.21653,42.34336,"{
  ""coordinates"": [
    -8.321653094600001e+01,
    4.234336655700000e+01
  ],
  ""type"": ""Point""
}","{
  ""coordinates"": [
    -83.216530946,
    42.343366557
  ],
  ""type"": ""Point""
}",-83.216530946,42.343366557
21612,9957579,WARREN,SOUTHFIELD,2017-02-18,18,2,2017,16,7,3,9,,2,0,,1,1,1,35,2,2,5,5,0,0,0,0,true,,true,true,false,false,false,,,,,,false,false,false,,,false,false,false,false,false,-83.216,42.34338,"{
  ""coordinates"": [
    -8.321599914300000e+01,
    4.234337736200010e+01
  ],
  ""type"": ""Point""
}","{
  ""coordinates"": [
    -83.215999143,
    42.343377362
  ],
  ""type"": ""Point""
}",-83.215999143,42.3433773620001
21613,9957583,SHAFTSBURY,OUTER,2017-02-18,18,2,2017,20,7,97,9,,,0,,1,1,4,25,3,2,1,5,0,0,0,0,true,,false,false,true,false,false,,,,,,false,false,false,,,false,false,false,false,false,-83.23051,42.41912,"{
  ""coordinates"": [
    -8.323050955699991e+01,
    4.241912179000010e+01
  ],
  ""type"": ""Point""
}","{
  ""coordinates"": [
    -83.230509557,
    42.41912179
  ],
  ""type"": ""Point""
}",-83.2305095569999,42.4191217900001
21614,9970070,APPOLINE,PEMBROKE,2017-02-18,18,2,2017,20,7,8,9,,,0,,1,1,4,25,2,2,3,5,0,0,0,0,true,,false,false,false,false,false,,,,,,false,true,false,,,false,false,false,false,false,-83.17211,42.43926,"{
  ""coordinates"": [
    -8.317210809100000e+01,
    4.243926029700000e+01
  ],
  ""type"": ""Point""
}","{
  ""coordinates"": [
    -83.172108091,
    42.439260297
  ],
  ""type"": ""Point""
}",-83.172108091,42.439260297
21615,9987063,I 375,LARNED,2017-02-18,18,2,2017,15,7,1,1,,1,1,,1,1,1,55,2,1,3,4,0,0,0,2,false,,false,false,false,false,false,,,,,,false,false,true,,,false,false,false,false,false,-83.03622,42.33303,"{
  ""coordinates"": [
    -8.303621467700000e+01,
    4.233302865700010e+01
  ],
  ""type"": ""Point""
}","{
  ""coordinates"": [
    -83.036214677,
    42.333028657
  ],
  ""type"": ""Point""
}",-83.036214677,42.3330286570001
21616,9956765,GREENFIELD,GROVE,2017-02-18,18,2,2017,1,7,5,9,,2,3,,2,1,4,35,3,2,1,5,0,0,0,0,true,,false,false,false,false,false,,,,,,false,false,false,,,false,false,false,false,false,-83.19923,42.41397,"{
  ""coordinates"": [
    -8.319922800499999e+01,
    4.241396927100000e+01
  ],
  ""type"": ""Point""
}","{
  ""coordinates"": [
    -83.199228005,
    42.413969271
  ],
  ""type"": ""Point""
}",-83.199228005,42.413969271
21617,9959105,I-94,CASS,2017-02-18,18,2,2017,14,7,5,1,,1,0,,1,1,1,55,3,3,3,5,0,0,0,0,true,,false,false,false,false,false,,,,,,false,false,false,,,false,false,false,false,false,-83.07078,42.36254,"{
  ""coordinates"": [
    -8.307077724500000e+01,
    4.236253694400010e+01
  ],
  ""type"": ""Point""
}","{
  ""coordinates"": [
    -83.070777245,
    42.362536944
  ],
  ""type"": ""Point""
}",-83.070777245,42.3625369440001
21618,9959100,M-39,GLENDALE,2017-02-18,18,2,2017,12,7,97,9,,4,0,,1,1,1,55,3,2,3,5,0,0,0,0,true,,false,false,false,false,false,,,,,,false,true,false,,,false,false,false,false,false,-83.21719,42.3835,"{
  ""coordinates"": [
    -8.321718344000000e+01,
    4.238350317700010e+01
  ],
  ""type"": ""Point""
}","{
  ""coordinates"": [
    -83.21718344,
    42.383503177
  ],
  ""type"": ""Point""
}",-83.21718344,42.3835031770001
21619,9962400,LIVERNOIS,JOHN C,2017-02-18,18,2,2017,18,7,3,9,,4,0,,1,1,4,30,5,2,4,4,0,0,0,2,false,,false,false,false,false,false,,,,,,false,false,false,,,false,false,false,false,false,-83.14043,42.40502,"{
  ""coordinates"": [
    -8.314043070199990e+01,
    4.240501981300010e+01
  ],
  ""type"": ""Point""
}","{
  ""coordinates"": [
    -83.140430702,
    42.405019813
  ],
  ""type"": ""Point""
}",-83.1404307019999,42.4050198130001
21620,9964157,10TH,CHURCH,2017-02-18,18,2,2017,16,7,98,9,,,0,,1,1,1,0,2,2,0,5,0,0,0,0,true,,false,false,true,false,false,,,,,,false,false,false,,,false,false,false,false,false,-83.06807,42.3308,"{
  ""coordinates"": [
    -8.306806848699991e+01,
    4.233079766000000e+01
  ],
  ""type"": ""Point""
}","{
  ""coordinates"": [
    -83.068068487,
    42.33079766
  ],
  ""type"": ""Point""
}",-83.0680684869999,42.33079766
21621,9956726,CHICAGO,PRAIRIE,2017-02-18,18,2,2017,17,7,5,9,,4,0,,1,1,1,35,3,2,2,5,0,0,0,0,true,,false,false,false,false,false,,,,,,false,true,false,,,false,false,false,false,false,-83.1433,42.3665,"{
  ""coordinates"": [
    -8.314330282299990e+01,
    4.236650324100000e+01
  ],
  ""type"": ""Point""
}","{
  ""coordinates"": [
    -83.143302823,
    42.366503241
  ],
  ""type"": ""Point""
}",-83.1433028229999,42.366503241
21622,9980219,RUTHERFORD,MAJESTIC,2017-02-18,18,2,2017,4,7,4,9,,,0,,1,1,4,25,1,2,3,5,0,0,0,0,true,,false,false,false,false,false,,,,,,false,false,true,,,false,false,false,false,false,-83.20127,42.34599,"{
  ""coordinates"": [
    -8.320126924899991e+01,
    4.234598934900000e+01
  ],
  ""type"": ""Point""
}","{
  ""coordinates"": [
    -83.201269249,
    42.345989349
  ],
  ""type"": ""Point""
}",-83.2012692489999,42.345989349
21623,1148482,8 MILE,GLASTONBURY,2017-02-18,18,2,2017,0,7,9,3,,1,2,,1,1,4,0,2,2,4,5,0,0,0,0,true,,false,false,true,false,false,,,,,,false,false,false,,,false,false,false,false,false,-83.22366,42.4441,"{
  ""coordinates"": [
    -8.322366389599991e+01,
    4.244409810400000e+01
  ],
  ""type"": ""Point""
}","{
  ""coordinates"": [
    -83.223663896,
    42.444098104
  ],
  ""type"": ""Point""
}",-83.2236638959999,42.444098104
21624,9956808,LIVERNOIS,7 MILE,2017-02-18,18,2,2017,8,7,4,9,,4,0,,1,2,2,35,3,2,2,5,0,0,0,0,true,,true,true,false,false,false,,,,,,false,true,false,,,false,false,false,false,false,-83.14138,42.43182,"{
  ""coordinates"": [
    -8.314137760499990e+01,
    4.243181837100010e+01
  ],
  ""type"": ""Point""
}","{
  ""coordinates"": [
    -83.141377605,
    42.431818371
  ],
  ""type"": ""Point""
}",-83.1413776049999,42.4318183710001
21625,9971076,OUTER,SOUTHFIELD SERVICE DRIVE,2017-02-18,18,2,2017,22,7,4,9,,2,0,,1,1,4,35,3,2,2,5,0,0,0,0,true,,true,true,false,false,false,,,,,,false,false,true,,,false,false,false,false,false,-83.21933,42.41927,"{
  ""coordinates"": [
    -8.321932646700000e+01,
    4.241926871100000e+01
  ],
  ""type"": ""Point""
}","{
  ""coordinates"": [
    -83.219326467,
    42.419268711
  ],
  ""type"": ""Point""
}",-83.219326467,42.419268711
21626,9957581,VAN DYKE,VERNOR,2017-02-18,18,2,2017,21,7,5,9,,4,0,,1,1,4,35,2,2,0,5,0,0,0,0,true,,false,false,true,false,false,,,,,,false,false,false,,,false,false,false,false,false,-83.00166,42.36082,"{
  ""coordinates"": [
    -8.300166644300000e+01,
    4.236082475300000e+01
  ],
  ""type"": ""Point""
}","{
  ""coordinates"": [
    -83.001666443,
    42.360824753
  ],
  ""type"": ""Point""
}",-83.001666443,42.360824753
21627,1046531,W I 96,EVERGREEN,2017-02-18,18,2,2017,21,7,5,1,,1,0,,1,2,4,55,3,2,4,4,0,0,0,1,false,,false,false,false,false,false,,,,,,false,true,false,,,false,false,false,false,false,-83.23637,42.38029,"{
  ""coordinates"": [
    -8.323637152600000e+01,
    4.238028744000010e+01
  ],
  ""type"": ""Point""
}","{
  ""coordinates"": [
    -83.236371526,
    42.38028744
  ],
  ""type"": ""Point""
}",-83.236371526,42.3802874400001
21628,9959081,W/B I-94,MORANG,2017-02-18,18,2,2017,9,7,1,1,,1,1,,1,1,1,55,3,1,1,5,0,0,0,0,true,,false,false,false,false,false,,,,,,false,true,false,,,false,false,false,false,false,-82.93306,42.41974,"{
  ""coordinates"": [
    -8.293306028700000e+01,
    4.241973978800010e+01
  ],
  ""type"": ""Point""
}","{
  ""coordinates"": [
    -82.933060287,
    42.419739788
  ],
  ""type"": ""Point""
}",-82.933060287,42.4197397880001
21629,9956786,8 MILE,CORDELL,2017-02-18,18,2,2017,13,7,1,3,,1,0,,7,1,1,40,4,1,1,3,0,0,1,0,false,,false,false,false,false,false,,,,,,false,false,false,,,false,false,true,false,false,-82.95242,42.45013,"{
  ""coordinates"": [
    -8.295242025300000e+01,
    4.245012787600010e+01
  ],
  ""type"": ""Point""
}","{
  ""coordinates"": [
    -82.952420253,
    42.450127876
  ],
  ""type"": ""Point""
}",-82.952420253,42.4501278760001
21630,9959149,JEFFERSON,BRUSH,2017-02-18,18,2,2017,16,7,5,4,,1,0,,1,1,1,30,3,2,2,5,0,0,0,0,true,,false,false,true,false,false,,,,,,false,false,false,,,false,false,false,false,false,-83.04085,42.33009,"{
  ""coordinates"": [
    -8.304084871100000e+01,
    4.233008463000000e+01
  ],
  ""type"": ""Point""
}","{
  ""coordinates"": [
    -83.040848711,
    42.33008463
  ],
  ""type"": ""Point""
}",-83.040848711,42.33008463
21631,9959140,MARLOWE,7 MILE,2017-02-18,18,2,2017,15,7,8,9,,,0,,1,1,1,25,2,2,2,5,0,0,0,0,true,,false,false,false,false,false,,,,,,false,false,false,,,false,false,false,false,false,-83.19113,42.43076,"{
  ""coordinates"": [
    -8.319113354800000e+01,
    4.243076428600010e+01
  ],
  ""type"": ""Point""
}","{
  ""coordinates"": [
    -83.191133548,
    42.430764286
  ],
  ""type"": ""Point""
}",-83.191133548,42.4307642860001
21632,9964121,W I 96 CD,FULLERTON,2017-02-18,18,2,2017,2,7,8,1,,1,0,,1,1,4,70,3,2,3,5,0,0,0,0,true,,false,false,true,false,false,,,,,,false,false,true,,,false,false,false,false,false,-83.18964,42.38033,"{
  ""coordinates"": [
    -8.318963320700000e+01,
    4.238032406100010e+01
  ],
  ""type"": ""Point""
}","{
  ""coordinates"": [
    -83.189633207,
    42.380324061
  ],
  ""type"": ""Point""
}",-83.189633207,42.3803240610001
21633,9962370,EVERGREEN,SCHOOLCRAFT,2017-02-17,17,2,2017,22,6,8,9,,4,0,,1,1,4,35,2,2,2,5,0,0,0,0,true,,false,false,true,false,false,,,,,,false,true,false,,,false,false,false,false,false,-83.23685,42.38646,"{
  ""coordinates"": [
    -8.323685603199991e+01,
    4.238646299800010e+01
  ],
  ""type"": ""Point""
}","{
  ""coordinates"": [
    -83.236856032,
    42.386462998
  ],
  ""type"": ""Point""
}",-83.2368560319999,42.3864629980001
21634,9959067,I 96,MAPLEWOOD,2017-02-17,17,2,2017,10,6,8,1,,1,0,,1,1,1,70,4,2,2,4,0,0,0,1,false,,false,false,false,false,false,,,,,,false,false,false,,,false,false,false,false,false,-83.12255,42.36128,"{
  ""coordinates"": [
    -8.312254903300000e+01,
    4.236128371100010e+01
  ],
  ""type"": ""Point""
}","{
  ""coordinates"": [
    -83.122549033,
    42.361283711
  ],
  ""type"": ""Point""
}",-83.122549033,42.3612837110001
21635,9956799,SAINT MARTINS,SORRENTO,2017-02-17,17,2,2017,11,6,4,9,,,0,,1,1,1,25,2,2,3,4,0,0,0,1,false,,false,false,true,false,false,,,,,,false,false,false,,,false,false,false,false,false,-83.17418,42.43655,"{
  ""coordinates"": [
    -8.317418150299990e+01,
    4.243655338100010e+01
  ],
  ""type"": ""Point""
}","{
  ""coordinates"": [
    -83.174181503,
    42.436553381
  ],
  ""type"": ""Point""
}",-83.1741815029999,42.4365533810001
21636,9956760,I 96,I 94,2017-02-17,17,2,2017,15,6,97,9,,4,0,,1,1,1,55,8,2,3,5,0,0,0,0,true,,false,false,false,false,false,,,,,,false,true,true,,,false,false,false,false,false,-83.11087,42.35534,"{
  ""coordinates"": [
    -8.311086745599989e+01,
    4.235534085700000e+01
  ],
  ""type"": ""Point""
}","{
  ""coordinates"": [
    -83.110867456,
    42.355340857
  ],
  ""type"": ""Point""
}",-83.1108674559999,42.355340857
21637,9956763,SOUTHFIELD SERVICE DRIVE,PLYMOUTH,2017-02-17,17,2,2017,17,6,98,9,,4,0,,1,1,1,35,3,2,3,5,0,0,0,0,true,,false,false,false,false,false,,,,,,false,false,false,,,false,false,false,false,false,-83.21626,42.37226,"{
  ""coordinates"": [
    -8.321626113300000e+01,
    4.237226648100010e+01
  ],
  ""type"": ""Point""
}","{
  ""coordinates"": [
    -83.216261133,
    42.372266481
  ],
  ""type"": ""Point""
}",-83.216261133,42.3722664810001
21638,9956806,7 MILE,OUTER,2017-02-17,17,2,2017,10,6,8,9,,4,0,,1,1,1,30,3,2,0,5,0,0,0,0,true,,false,false,true,false,false,,,,,,false,false,false,,,false,false,false,false,false,-83.01408,42.43419,"{
  ""coordinates"": [
    -8.301407995400000e+01,
    4.243418880300000e+01
  ],
  ""type"": ""Point""
}","{
  ""coordinates"": [
    -83.014079954,
    42.434188803
  ],
  ""type"": ""Point""
}",-83.014079954,42.434188803
21639,9981410,APPOLINE,MARGARETA,2017-02-17,17,2,2017,23,6,10,9,,,0,,1,1,4,0,2,2,1,5,0,0,0,0,true,,false,false,false,false,false,,,,,,false,false,true,,,false,false,false,false,false,-83.17171,42.42763,"{
  ""coordinates"": [
    -8.317171778600000e+01,
    4.242762602600000e+01
  ],
  ""type"": ""Point""
}","{
  ""coordinates"": [
    -83.171717786,
    42.427626026
  ],
  ""type"": ""Point""
}",-83.171717786,42.427626026
21640,9956743,SCOTTEN,MAGNOLIA,2017-02-17,17,2,2017,3,6,1,9,,4,0,,1,1,4,0,2,1,0,5,0,0,0,0,true,,false,false,false,false,false,,,,,,false,false,false,,,false,false,false,false,false,-83.1038,42.33473,"{
  ""coordinates"": [
    -8.310379711600000e+01,
    4.233472915600000e+01
  ],
  ""type"": ""Point""
}","{
  ""coordinates"": [
    -83.103797116,
    42.334729156
  ],
  ""type"": ""Point""
}",-83.103797116,42.334729156
21641,9956746,MOROSS,ALSTEAD,2017-02-17,17,2,2017,10,6,5,9,,2,0,,1,1,1,30,3,2,2,5,0,0,0,0,true,,false,false,false,false,false,,,,,,false,false,false,,,false,false,false,false,false,-82.92699,42.424,"{
  ""coordinates"": [
    -8.292699640500000e+01,
    4.242399766200000e+01
  ],
  ""type"": ""Point""
}","{
  ""coordinates"": [
    -82.926996405,
    42.423997662
  ],
  ""type"": ""Point""
}",-82.926996405,42.423997662
21642,9956777,HARPER,CONNER,2017-02-17,17,2,2017,17,6,5,9,,4,0,,1,1,1,35,4,2,2,5,0,0,0,0,true,,false,false,false,false,false,,,,,,false,false,false,,,false,false,false,false,false,-82.98976,42.39724,"{
  ""coordinates"": [
    -8.298976380700000e+01,
    4.239724167100010e+01
  ],
  ""type"": ""Point""
}","{
  ""coordinates"": [
    -82.989763807,
    42.397241671
  ],
  ""type"": ""Point""
}",-82.989763807,42.3972416710001
21643,9959080,W/B I-94,ADDISON,2017-02-17,17,2,2017,16,6,5,1,,1,0,,1,1,1,55,3,2,2,5,0,0,0,0,true,,false,false,false,false,false,,,,,,false,false,false,,,false,false,false,false,false,-83.15327,42.32968,"{
  ""coordinates"": [
    -8.315327476300000e+01,
    4.232967588300000e+01
  ],
  ""type"": ""Point""
}","{
  ""coordinates"": [
    -83.153274763,
    42.329675883
  ],
  ""type"": ""Point""
}",-83.153274763,42.329675883
21644,9959092,RAMP 008K,E I 96 CD,2017-02-17,17,2,2017,15,6,5,1,,1,0,,1,1,1,55,2,2,2,5,0,0,0,0,true,,false,false,false,false,false,,,,,,false,false,false,,,false,false,false,false,false,-83.22314,42.37794,"{
  ""coordinates"": [
    -8.322314420899990e+01,
    4.237794493400000e+01
  ],
  ""type"": ""Point""
}","{
  ""coordinates"": [
    -83.223144209,
    42.377944934
  ],
  ""type"": ""Point""
}",-83.2231442089999,42.377944934
21645,9956724,HUBBELL,MACKENZIE,2017-02-17,17,2,2017,7,6,5,9,,4,0,,1,1,1,25,2,2,1,5,0,0,0,0,true,,false,false,false,false,false,,,,,,false,false,false,,,false,false,false,false,false,-83.18714,42.35619,"{
  ""coordinates"": [
    -8.318714000999999e+01,
    4.235618939200000e+01
  ],
  ""type"": ""Point""
}","{
  ""coordinates"": [
    -83.18714001,
    42.356189392
  ],
  ""type"": ""Point""
}",-83.18714001,42.356189392
21646,9956792,MCNICHOLS,OAKLAND,2017-02-17,17,2,2017,9,6,5,1,,2,0,,1,1,1,30,2,3,4,4,0,0,0,1,false,,false,false,false,false,false,,,,,,false,false,false,,,false,false,false,false,false,-83.08698,42.41813,"{
  ""coordinates"": [
    -8.308698246800000e+01,
    4.241812764300000e+01
  ],
  ""type"": ""Point""
}","{
  ""coordinates"": [
    -83.086982468,
    42.418127643
  ],
  ""type"": ""Point""
}",-83.086982468,42.418127643
21647,9956730,BEAUBIEN,LAFAYETTE,2017-02-17,17,2,2017,22,6,6,9,,4,0,,1,1,4,25,2,2,3,4,0,0,0,2,false,,false,false,false,false,false,,,,,,false,false,false,,,false,false,false,false,false,-83.04201,42.33403,"{
  ""coordinates"": [
    -8.304200771099990e+01,
    4.233403031400010e+01
  ],
  ""type"": ""Point""
}","{
  ""coordinates"": [
    -83.042007711,
    42.334030314
  ],
  ""type"": ""Point""
}",-83.0420077109999,42.3340303140001
21648,9957591,LINWOOD,VICKSBURG,2017-02-17,17,2,2017,19,6,1,9,,4,0,,1,1,4,35,4,1,1,3,0,0,1,0,false,,false,false,false,true,false,,,,,,false,false,false,,,false,false,false,false,false,-83.10363,42.36581,"{
  ""coordinates"": [
    -8.310362964500000e+01,
    4.236580979700010e+01
  ],
  ""type"": ""Point""
}","{
  ""coordinates"": [
    -83.103629645,
    42.365809797
  ],
  ""type"": ""Point""
}",-83.103629645,42.3658097970001
21649,9956762,GRAND RIVER,FENKEL,2017-02-17,17,2,2017,17,6,97,3,,1,0,,1,1,1,35,5,2,1,5,0,0,0,0,true,,false,false,true,false,false,,,,,,false,false,false,,,false,false,false,false,false,-83.2193,42.4011,"{
  ""coordinates"": [
    -8.321930308100001e+01,
    4.240110572900010e+01
  ],
  ""type"": ""Point""
}","{
  ""coordinates"": [
    -83.219303081,
    42.401105729
  ],
  ""type"": ""Point""
}",-83.219303081,42.4011057290001
21650,9956798,GREENFIELD,8 MILE,2017-02-17,17,2,2017,13,6,9,7,,1,2,,1,1,1,35,5,2,3,5,0,0,0,0,true,,false,false,false,false,false,,,,,,false,false,true,,,false,false,false,false,false,-83.20049,42.4444,"{
  ""coordinates"": [
    -8.320049336499990e+01,
    4.244439638600010e+01
  ],
  ""type"": ""Point""
}","{
  ""coordinates"": [
    -83.200493365,
    42.444396386
  ],
  ""type"": ""Point""
}",-83.2004933649999,42.4443963860001
21651,9956764,GREENFIELD,GRANDRIVER,2017-02-17,17,2,2017,18,6,97,9,,2,0,,1,1,3,35,5,2,2,5,0,0,0,0,true,,false,false,false,false,false,,,,,,false,false,false,,,false,false,false,false,false,-83.19841,42.39404,"{
  ""coordinates"": [
    -8.319840806000001e+01,
    4.239403377300000e+01
  ],
  ""type"": ""Point""
}","{
  ""coordinates"": [
    -83.19840806,
    42.394033773
  ],
  ""type"": ""Point""
}",-83.19840806,42.394033773
21652,9956781,TACOMA,HOYT,2017-02-17,17,2,2017,17,6,5,9,,,0,,1,1,1,30,1,2,3,5,0,0,0,0,true,,false,false,false,false,false,,,,,,false,false,false,,,false,false,false,false,false,-82.98073,42.44151,"{
  ""coordinates"": [
    -8.298073079300001e+01,
    4.244151310600010e+01
  ],
  ""type"": ""Point""
}","{
  ""coordinates"": [
    -82.980730793,
    42.441513106
  ],
  ""type"": ""Point""
}",-82.980730793,42.4415131060001
21653,9956729,RAMP 213L,RAMP 213K,2017-02-17,17,2,2017,23,6,97,1,,1,0,,1,1,4,55,3,2,1,5,0,0,0,0,true,,false,false,true,false,false,,,,,,false,false,false,,,false,false,false,false,false,-83.097,42.35109,"{
  ""coordinates"": [
    -8.309699786600000e+01,
    4.235108622800000e+01
  ],
  ""type"": ""Point""
}","{
  ""coordinates"": [
    -83.096997866,
    42.351086228
  ],
  ""type"": ""Point""
}",-83.096997866,42.351086228
21654,9985866,WOODWARD,SEWARD,2017-02-17,17,2,2017,17,6,8,3,,1,0,,1,1,1,35,2,2,2,4,0,0,0,2,false,,false,false,true,false,false,,,,,,false,false,false,,,false,false,false,false,false,-83.07642,42.37494,"{
  ""coordinates"": [
    -8.307642591800000e+01,
    4.237493414400010e+01
  ],
  ""type"": ""Point""
}","{
  ""coordinates"": [
    -83.076425918,
    42.374934144
  ],
  ""type"": ""Point""
}",-83.076425918,42.3749341440001
21655,9956793,GALLAGHER,ROBINWOOD,2017-02-17,17,2,2017,10,6,8,9,,,0,,1,1,1,25,1,3,0,5,0,0,0,0,true,,false,false,true,false,false,,,,,,false,false,false,,,false,false,false,false,false,-83.06979,42.43067,"{
  ""coordinates"": [
    -8.306978879099999e+01,
    4.243067001800010e+01
  ],
  ""type"": ""Point""
}","{
  ""coordinates"": [
    -83.069788791,
    42.430670018
  ],
  ""type"": ""Point""
}",-83.069788791,42.4306700180001
21656,9959098,RAMP 041A,I-375,2017-02-17,17,2,2017,9,6,1,1,,1,1,,1,1,1,55,2,1,2,5,0,0,0,0,true,,false,false,false,false,false,,,,,,false,false,false,,,false,false,false,false,false,-83.04427,42.34161,"{
  ""coordinates"": [
    -8.304426642899990e+01,
    4.234161515900010e+01
  ],
  ""type"": ""Point""
}","{
  ""coordinates"": [
    -83.044266429,
    42.341615159
  ],
  ""type"": ""Point""
}",-83.0442664289999,42.3416151590001
21657,9962322,I-96,WYOMING,2017-02-17,17,2,2017,3,6,1,1,,1,1,,1,1,1,55,4,1,3,5,0,0,0,0,true,,false,false,false,false,false,,,,,,false,false,false,,,false,false,false,false,false,-83.17818,42.38337,"{
  ""coordinates"": [
    -8.317817403899990e+01,
    4.238336804500010e+01
  ],
  ""type"": ""Point""
}","{
  ""coordinates"": [
    -83.178174039,
    42.383368045
  ],
  ""type"": ""Point""
}",-83.1781740389999,42.3833680450001
21658,9969254,MCKINNEY,BRITAIN,2017-02-17,17,2,2017,19,6,4,9,,,0,,1,1,4,25,1,2,2,4,0,0,0,2,false,,false,false,true,false,false,,,,,,false,false,false,,,false,false,false,false,false,-82.94324,42.42028,"{
  ""coordinates"": [
    -8.294324678299991e+01,
    4.242027676800010e+01
  ],
  ""type"": ""Point""
}","{
  ""coordinates"": [
    -82.943246783,
    42.420276768
  ],
  ""type"": ""Point""
}",-82.9432467829999,42.4202767680001
21659,9959091,I 96,WARREN,2017-02-17,17,2,2017,13,6,5,1,,1,0,,1,1,1,55,5,2,3,4,0,0,0,1,false,,false,false,false,false,false,,,,,,false,true,false,,,false,false,false,false,false,-83.09462,42.34311,"{
  ""coordinates"": [
    -8.309462036799989e+01,
    4.234311445500000e+01
  ],
  ""type"": ""Point""
}","{
  ""coordinates"": [
    -83.094620368,
    42.343114455
  ],
  ""type"": ""Point""
}",-83.0946203679999,42.343114455
21660,9956744,BEATRICE,GLEASON,2017-02-17,17,2,2017,21,6,1,9,,,1,,1,1,4,20,2,1,0,5,0,0,0,0,true,,false,false,false,false,false,,,,,,false,false,false,,,false,false,false,false,false,-83.16006,42.26203,"{
  ""coordinates"": [
    -8.316006607299990e+01,
    4.226202860300000e+01
  ],
  ""type"": ""Point""
}","{
  ""coordinates"": [
    -83.160066073,
    42.262028603
  ],
  ""type"": ""Point""
}",-83.1600660729999,42.262028603