ObjectId,Crash ID,Primary Road,Intersecting Road,Crash Date,Day,Month,Year,Hour,Weekday,Crash Type Code,Highway Classification Code,Community Code,Jurisdiction Code,Lane Departure Type Code,Surface Type,Road Condition,Weather Condition,Lighting Condition,Speed Limit,Lanes,Units,Occupants,Most Severe Injury,Fatal Injuries,Suspected Serious Injuries,Suspected Minor Injuries,Possible Injuries,Property Damage Only,Secondary Crash,Traffic Control,Red Light Run,Hit and Run,Alcohol,Drugs,Unbelted Person,Work Zone,Speeding Driver,Distracted Driver,Driveway,Pedestrian,Elderly Driver,Young Driver,Commercial Vehicle,Emergency Vehicles,Train,School Bus,Motorcycle,Bicycle,Deer,Longitude,Latitude,geom,geog,x,y
21661,9966094,GREENFIELD,PLYMOUTH,2017-02-17,17,2,2017,14,6,97,9,,2,0,,1,1,1,35,4,2,2,4,0,0,0,1,false,,false,false,false,false,false,,,,,,false,false,false,,,false,false,false,false,false,-83.19756,42.3727,"{
  ""coordinates"": [
    -8.319756139700000e+01,
    4.237269745900010e+01
  ],
  ""type"": ""Point""
}","{
  ""coordinates"": [
    -83.197561397,
    42.372697459
  ],
  ""type"": ""Point""
}",-83.197561397,42.3726974590001
21662,9956755,MOROSS,ALSTEAD,2017-02-17,17,2,2017,11,6,5,9,,2,0,,1,1,1,40,2,2,2,5,0,0,0,0,true,,false,false,false,false,false,,,,,,false,false,false,,,false,false,false,false,false,-82.92755,42.42426,"{
  ""coordinates"": [
    -8.292755209599990e+01,
    4.242426453000010e+01
  ],
  ""type"": ""Point""
}","{
  ""coordinates"": [
    -82.927552096,
    42.42426453
  ],
  ""type"": ""Point""
}",-82.9275520959999,42.4242645300001
21663,9959102,M-10,BAGLEY,2017-02-17,17,2,2017,5,6,8,3,,1,0,,1,1,4,55,3,2,2,5,0,0,0,0,true,,false,false,false,false,false,,,,,,false,false,false,,,false,false,false,false,false,-83.06583,42.33798,"{
  ""coordinates"": [
    -8.306582548199999e+01,
    4.233798326500000e+01
  ],
  ""type"": ""Point""
}","{
  ""coordinates"": [
    -83.065825482,
    42.337983265
  ],
  ""type"": ""Point""
}",-83.065825482,42.337983265
21664,9959068,RAMP 136A,GREENFIELD,2017-02-17,17,2,2017,10,6,5,1,,1,0,,1,1,1,55,3,2,2,5,0,0,0,0,true,,false,false,false,false,false,,,,,,false,false,false,,,false,false,false,false,false,-83.19837,42.37857,"{
  ""coordinates"": [
    -8.319837406700000e+01,
    4.237857439100000e+01
  ],
  ""type"": ""Point""
}","{
  ""coordinates"": [
    -83.198374067,
    42.378574391
  ],
  ""type"": ""Point""
}",-83.198374067,42.378574391
21665,9956779,7 MILE,ALCOY,2017-02-17,17,2,2017,15,6,4,9,,4,0,,1,1,1,30,2,2,3,5,0,0,0,0,true,,true,false,false,false,false,,,,,,false,false,true,,,false,false,false,false,false,-82.98878,42.43484,"{
  ""coordinates"": [
    -8.298878028000000e+01,
    4.243484040400010e+01
  ],
  ""type"": ""Point""
}","{
  ""coordinates"": [
    -82.98878028,
    42.434840404
  ],
  ""type"": ""Point""
}",-82.98878028,42.4348404040001
21666,9959150,ANTHONY WAYNE,KIRBY,2017-02-17,17,2,2017,20,6,9,9,,4,2,,1,1,4,25,2,2,1,5,0,0,0,0,true,,false,false,false,false,false,,,,,,false,false,true,,,false,false,false,false,false,-83.07297,42.35783,"{
  ""coordinates"": [
    -8.307296642100000e+01,
    4.235783348200000e+01
  ],
  ""type"": ""Point""
}","{
  ""coordinates"": [
    -83.072966421,
    42.357833482
  ],
  ""type"": ""Point""
}",-83.072966421,42.357833482
21667,9959077,S M 39,FULLERTON,2017-02-17,17,2,2017,6,6,1,3,,1,1,,1,1,4,55,3,1,1,5,0,0,0,0,true,,false,false,false,false,false,,,,,,false,false,false,,,false,false,false,false,false,-83.21732,42.38069,"{
  ""coordinates"": [
    -8.321732509600000e+01,
    4.238068634800000e+01
  ],
  ""type"": ""Point""
}","{
  ""coordinates"": [
    -83.217325096,
    42.380686348
  ],
  ""type"": ""Point""
}",-83.217325096,42.380686348
21668,9969216,PETOSKY,DAVISON,2017-02-17,17,2,2017,17,6,4,3,,,0,,98,98,98,25,2,2,2,5,0,0,0,0,true,,true,true,false,false,false,,,,,,false,false,false,,,false,false,false,false,false,-83.13535,42.38802,"{
  ""coordinates"": [
    -8.313534974600000e+01,
    4.238802439700000e+01
  ],
  ""type"": ""Point""
}","{
  ""coordinates"": [
    -83.135349746,
    42.388024397
  ],
  ""type"": ""Point""
}",-83.135349746,42.388024397
21669,9968285,CONNER,CANFIELD,2017-02-17,17,2,2017,17,6,5,9,,4,0,,1,1,1,35,5,2,2,5,0,0,0,0,true,,false,false,true,false,false,,,,,,false,false,true,,,false,false,false,false,false,-82.97099,42.3873,"{
  ""coordinates"": [
    -8.297098845700000e+01,
    4.238729948200010e+01
  ],
  ""type"": ""Point""
}","{
  ""coordinates"": [
    -82.970988457,
    42.387299482
  ],
  ""type"": ""Point""
}",-82.970988457,42.3872994820001
21670,9976776,RAMP 213P,RAMP 213K,2017-02-17,17,2,2017,15,6,5,1,,1,0,,1,1,1,0,1,3,2,5,0,0,0,0,true,,false,false,false,false,false,,,,,,false,false,true,,,false,false,false,false,false,-83.09899,42.35061,"{
  ""coordinates"": [
    -8.309899163700000e+01,
    4.235061215900000e+01
  ],
  ""type"": ""Point""
}","{
  ""coordinates"": [
    -83.098991637,
    42.350612159
  ],
  ""type"": ""Point""
}",-83.098991637,42.350612159
21671,9956747,MOROSS,ALSTEAD,2017-02-17,17,2,2017,14,6,5,9,,2,0,,1,1,1,30,3,2,3,5,0,0,0,0,true,,false,false,false,false,false,,,,,,false,true,false,,,false,false,false,false,false,-82.92699,42.424,"{
  ""coordinates"": [
    -8.292699640500000e+01,
    4.242399766200000e+01
  ],
  ""type"": ""Point""
}","{
  ""coordinates"": [
    -82.926996405,
    42.423997662
  ],
  ""type"": ""Point""
}",-82.926996405,42.423997662
21672,9987074,I-94,WARREN,2017-02-17,17,2,2017,12,6,5,1,,1,0,,1,1,1,55,3,2,2,5,0,0,0,0,true,,false,false,false,false,true,,,,,,false,false,false,,,false,false,false,false,false,-83.1121,42.34574,"{
  ""coordinates"": [
    -8.311210163000000e+01,
    4.234574310500010e+01
  ],
  ""type"": ""Point""
}","{
  ""coordinates"": [
    -83.11210163,
    42.345743105
  ],
  ""type"": ""Point""
}",-83.11210163,42.3457431050001
21673,9958394,ELMIRA,MARLOWE,2017-02-17,17,2,2017,18,6,97,9,,,0,,1,1,4,25,4,2,2,5,0,0,0,0,true,,false,false,true,false,false,,,,,,false,false,true,,,false,false,false,false,false,-83.18839,42.37041,"{
  ""coordinates"": [
    -8.318838567599990e+01,
    4.237041617200000e+01
  ],
  ""type"": ""Point""
}","{
  ""coordinates"": [
    -83.188385676,
    42.370416172
  ],
  ""type"": ""Point""
}",-83.1883856759999,42.370416172
21674,9956770,7 MILE,MANSFILED,2017-02-17,17,2,2017,16,6,5,9,,2,0,,1,1,1,40,4,4,1,5,0,0,0,0,true,,false,false,true,false,false,,,,,,false,false,false,,,false,false,false,false,false,-83.20656,42.43033,"{
  ""coordinates"": [
    -8.320656131500000e+01,
    4.243032911600010e+01
  ],
  ""type"": ""Point""
}","{
  ""coordinates"": [
    -83.206561315,
    42.430329116
  ],
  ""type"": ""Point""
}",-83.206561315,42.4303291160001
21675,9958408,STAHELIN,WARREN,2017-02-17,17,2,2017,20,6,97,9,,,0,,1,1,1,25,2,2,1,5,0,0,0,0,true,,false,false,true,false,false,,,,,,false,false,false,,,false,false,false,false,false,-83.2243,42.34282,"{
  ""coordinates"": [
    -8.322430492399999e+01,
    4.234282126600000e+01
  ],
  ""type"": ""Point""
}","{
  ""coordinates"": [
    -83.224304924,
    42.342821266
  ],
  ""type"": ""Point""
}",-83.224304924,42.342821266
21676,9957540,W I 94,DICKERSON,2017-02-17,17,2,2017,18,6,8,1,,1,0,,1,1,4,55,3,2,1,5,0,0,0,0,true,,false,false,true,false,false,,,,,,false,false,false,,,false,false,false,false,false,-82.97022,42.40229,"{
  ""coordinates"": [
    -8.297021891299990e+01,
    4.240228613500010e+01
  ],
  ""type"": ""Point""
}","{
  ""coordinates"": [
    -82.970218913,
    42.402286135
  ],
  ""type"": ""Point""
}",-82.9702189129999,42.4022861350001
21677,9956766,GRATIOT,E I 94,2017-02-17,17,2,2017,18,6,5,3,,1,0,,1,1,4,35,7,3,4,4,0,0,0,2,false,,false,false,false,false,false,,,,,,false,false,false,,,false,false,false,false,false,-83.00639,42.39137,"{
  ""coordinates"": [
    -8.300639532900000e+01,
    4.239136444000010e+01
  ],
  ""type"": ""Point""
}","{
  ""coordinates"": [
    -83.006395329,
    42.39136444
  ],
  ""type"": ""Point""
}",-83.006395329,42.3913644400001
21678,9959093,W I 94,LUCKY,2017-02-17,17,2,2017,16,6,8,1,,1,0,,1,1,1,55,3,2,1,5,0,0,0,0,true,,false,false,true,false,false,,,,,,false,false,false,,,false,false,false,false,false,-83.03691,42.37791,"{
  ""coordinates"": [
    -8.303691179899990e+01,
    4.237790533600000e+01
  ],
  ""type"": ""Point""
}","{
  ""coordinates"": [
    -83.036911799,
    42.377905336
  ],
  ""type"": ""Point""
}",-83.0369117989999,42.377905336
21679,9959078,I-94,MT ELLIOT,2017-02-17,17,2,2017,16,6,5,1,,1,0,,1,1,1,55,3,2,2,5,0,0,0,0,true,,false,false,false,false,false,,,,,,false,false,true,,,false,false,false,false,false,-83.03259,42.38038,"{
  ""coordinates"": [
    -8.303258474499999e+01,
    4.238038403800000e+01
  ],
  ""type"": ""Point""
}","{
  ""coordinates"": [
    -83.032584745,
    42.380384038
  ],
  ""type"": ""Point""
}",-83.032584745,42.380384038
21680,9955323,WOODWARD,7 MILE,2017-02-17,17,2,2017,5,6,4,3,,1,0,,1,1,4,45,4,2,2,4,0,0,0,2,false,,false,false,false,false,false,,,,,,false,true,false,,,false,false,false,false,false,-83.11559,42.43237,"{
  ""coordinates"": [
    -8.311558244000000e+01,
    4.243236974900000e+01
  ],
  ""type"": ""Point""
}","{
  ""coordinates"": [
    -83.11558244,
    42.432369749
  ],
  ""type"": ""Point""
}",-83.11558244,42.432369749
21681,9956720,I 75 SERVICE,LAFFAYETTE,2017-02-17,17,2,2017,9,6,8,9,,4,0,,1,1,1,15,3,2,1,5,0,0,0,0,true,,false,false,true,false,false,,,,,,false,false,false,,,false,false,false,false,false,-83.10046,42.31025,"{
  ""coordinates"": [
    -8.310045345100001e+01,
    4.231025471200010e+01
  ],
  ""type"": ""Point""
}","{
  ""coordinates"": [
    -83.100453451,
    42.310254712
  ],
  ""type"": ""Point""
}",-83.100453451,42.3102547120001
21682,9956774,7 MILE,HUNTINGTON,2017-02-17,17,2,2017,18,6,5,9,,2,0,,1,1,3,35,4,2,2,5,0,0,0,0,true,,false,false,false,false,false,,,,,,false,false,true,,,false,false,false,false,false,-83.23354,42.42973,"{
  ""coordinates"": [
    -8.323353323000001e+01,
    4.242972390600000e+01
  ],
  ""type"": ""Point""
}","{
  ""coordinates"": [
    -83.23353323,
    42.429723906
  ],
  ""type"": ""Point""
}",-83.23353323,42.429723906
21683,9956769,7 MILE,STAHELIN,2017-02-17,17,2,2017,7,6,8,9,,2,0,,1,1,1,35,2,2,0,5,0,0,0,0,true,,false,false,true,false,false,,,,,,false,false,false,,,false,false,false,false,false,-83.22814,42.42986,"{
  ""coordinates"": [
    -8.322814457699999e+01,
    4.242986399600010e+01
  ],
  ""type"": ""Point""
}","{
  ""coordinates"": [
    -83.228144577,
    42.429863996
  ],
  ""type"": ""Point""
}",-83.228144577,42.4298639960001
21684,9957556,I-94,WOODWARD,2017-02-17,17,2,2017,19,6,97,1,,1,0,,1,1,4,55,3,3,4,4,0,0,0,2,false,,false,false,false,false,false,,,,,,false,false,false,,,false,false,false,false,false,-83.07264,42.36135,"{
  ""coordinates"": [
    -8.307263738599990e+01,
    4.236135274600010e+01
  ],
  ""type"": ""Point""
}","{
  ""coordinates"": [
    -83.072637386,
    42.361352746
  ],
  ""type"": ""Point""
}",-83.0726373859999,42.3613527460001
21685,9955304,SCHOOLCRAFT,TURNER,2017-02-16,16,2,2017,16,5,9,9,,4,2,,1,1,1,30,2,2,5,4,0,0,0,1,false,,false,false,false,false,false,,,,,,false,true,false,,,false,false,false,false,false,-83.14816,42.38873,"{
  ""coordinates"": [
    -8.314815797800000e+01,
    4.238873103400000e+01
  ],
  ""type"": ""Point""
}","{
  ""coordinates"": [
    -83.148157978,
    42.388731034
  ],
  ""type"": ""Point""
}",-83.148157978,42.388731034
21686,9968215,I-94,VAN DYKE,2017-02-16,16,2,2017,6,5,8,1,,1,0,,1,2,4,55,3,3,3,5,0,0,0,0,true,,false,false,false,false,false,,,,,,false,false,true,,,false,false,false,false,false,-83.02172,42.38584,"{
  ""coordinates"": [
    -8.302172207000000e+01,
    4.238584296400010e+01
  ],
  ""type"": ""Point""
}","{
  ""coordinates"": [
    -83.02172207,
    42.385842964
  ],
  ""type"": ""Point""
}",-83.02172207,42.3858429640001
21687,9968209,E I 96,CSX TRANSPORTATION,2017-02-16,16,2,2017,9,5,8,1,,1,0,,1,1,1,70,3,2,2,3,0,0,1,0,false,,false,false,false,false,false,,,,,,false,false,false,,,false,false,false,false,false,-83.19336,42.3791,"{
  ""coordinates"": [
    -8.319336061599989e+01,
    4.237909876800010e+01
  ],
  ""type"": ""Point""
}","{
  ""coordinates"": [
    -83.193360616,
    42.379098768
  ],
  ""type"": ""Point""
}",-83.1933606159999,42.3790987680001
21688,9960125,SOUTHFIELD,WARREN,2017-02-16,16,2,2017,17,5,5,3,,1,0,,1,1,1,55,3,2,2,5,0,0,0,0,true,,false,false,false,false,false,,,,,,false,false,true,,,false,false,false,false,false,-83.2162,42.33975,"{
  ""coordinates"": [
    -8.321620355600000e+01,
    4.233974765800010e+01
  ],
  ""type"": ""Point""
}","{
  ""coordinates"": [
    -83.216203556,
    42.339747658
  ],
  ""type"": ""Point""
}",-83.216203556,42.3397476580001
21689,9955284,S I 75,PIQUETTE,2017-02-16,16,2,2017,18,5,5,1,,1,0,,1,1,1,55,4,2,2,5,0,0,0,0,true,,false,false,false,false,false,,,,,,false,false,false,,,false,false,false,false,false,-83.05956,42.3721,"{
  ""coordinates"": [
    -8.305956638600000e+01,
    4.237209957700000e+01
  ],
  ""type"": ""Point""
}","{
  ""coordinates"": [
    -83.059566386,
    42.372099577
  ],
  ""type"": ""Point""
}",-83.059566386,42.372099577
21690,9980222,DAVISON,LINWOOD,2017-02-16,16,2,2017,8,5,5,3,,1,0,,1,1,1,35,7,3,3,4,0,0,0,1,false,,false,false,false,false,false,,,,,,false,false,true,,,false,false,false,false,false,-83.12202,42.39302,"{
  ""coordinates"": [
    -8.312202594599999e+01,
    4.239302515600010e+01
  ],
  ""type"": ""Point""
}","{
  ""coordinates"": [
    -83.122025946,
    42.393025156
  ],
  ""type"": ""Point""
}",-83.122025946,42.3930251560001
21691,9955308,VAN DYKE,LYNCH,2017-02-16,16,2,2017,14,5,5,3,,1,0,,1,1,1,35,3,2,2,5,0,0,0,0,true,,false,false,false,false,false,,,,,,false,false,false,,,false,false,false,false,false,-83.02315,42.4048,"{
  ""coordinates"": [
    -8.302314595000000e+01,
    4.240479972600010e+01
  ],
  ""type"": ""Point""
}","{
  ""coordinates"": [
    -83.02314595,
    42.404799726
  ],
  ""type"": ""Point""
}",-83.02314595,42.4047997260001
21692,9956702,W I 94,HARPER,2017-02-16,16,2,2017,12,5,8,1,,1,0,,1,1,1,55,3,2,3,5,0,0,0,0,true,,false,false,false,false,false,,,,,,false,false,true,,,false,false,false,false,false,-82.93253,42.42017,"{
  ""coordinates"": [
    -8.293253554499999e+01,
    4.242017159600000e+01
  ],
  ""type"": ""Point""
}","{
  ""coordinates"": [
    -82.932535545,
    42.420171596
  ],
  ""type"": ""Point""
}",-82.932535545,42.420171596
21693,9955319,JAMES COUZENS,APPOLINE,2017-02-16,16,2,2017,8,5,8,9,,4,3,,1,1,1,35,2,2,1,5,0,0,0,0,true,,false,false,true,false,false,,,,,,false,false,false,,,false,false,false,false,false,-83.17097,42.41504,"{
  ""coordinates"": [
    -8.317096914900000e+01,
    4.241504237100000e+01
  ],
  ""type"": ""Point""
}","{
  ""coordinates"": [
    -83.170969149,
    42.415042371
  ],
  ""type"": ""Point""
}",-83.170969149,42.415042371
21694,9956706,I-96,JOY,2017-02-16,16,2,2017,14,5,1,1,,1,1,,1,1,1,70,4,1,1,5,0,0,0,0,true,,false,false,false,false,false,,,,,,false,false,false,,,false,false,false,false,false,-83.13049,42.3643,"{
  ""coordinates"": [
    -8.313049145799990e+01,
    4.236429616300010e+01
  ],
  ""type"": ""Point""
}","{
  ""coordinates"": [
    -83.130491458,
    42.364296163
  ],
  ""type"": ""Point""
}",-83.1304914579999,42.3642961630001
21695,9968286,RAMP 223C,W I 94 SERVICE DRIVE,2017-02-16,16,2,2017,15,5,5,1,,1,0,,1,1,1,0,3,2,2,5,0,0,0,0,true,,false,false,false,false,false,,,,,,false,false,false,,,false,false,false,false,false,-82.936,42.41822,"{
  ""coordinates"": [
    -8.293600554999990e+01,
    4.241822198600000e+01
  ],
  ""type"": ""Point""
}","{
  ""coordinates"": [
    -82.93600555,
    42.418221986
  ],
  ""type"": ""Point""
}",-82.9360055499999,42.418221986
21696,9964041,I-94,DICEKRSON,2017-02-16,16,2,2017,17,5,5,1,,1,0,,1,1,1,55,3,2,3,5,0,0,0,0,true,,false,false,false,false,false,,,,,,false,false,true,,,false,false,false,false,false,-82.97489,42.40103,"{
  ""coordinates"": [
    -8.297489219900000e+01,
    4.240102912800010e+01
  ],
  ""type"": ""Point""
}","{
  ""coordinates"": [
    -82.974892199,
    42.401029128
  ],
  ""type"": ""Point""
}",-82.974892199,42.4010291280001
21697,9955333,MACK,BRUSH,2017-02-16,16,2,2017,8,5,8,9,,4,0,,1,1,1,30,3,2,2,5,0,0,0,0,true,,false,false,false,false,false,,,,,,false,false,false,,,false,false,false,false,false,-83.05408,42.34921,"{
  ""coordinates"": [
    -8.305408641400000e+01,
    4.234921123100000e+01
  ],
  ""type"": ""Point""
}","{
  ""coordinates"": [
    -83.054086414,
    42.349211231
  ],
  ""type"": ""Point""
}",-83.054086414,42.349211231
21698,9956805,8 MILE SERVICE,WOODWARD,2017-02-16,16,2,2017,18,5,8,3,,1,0,,1,1,4,35,4,2,3,5,0,0,0,0,true,,false,false,false,false,false,,,,,,false,false,true,,,false,false,false,false,false,-83.1242,42.44639,"{
  ""coordinates"": [
    -8.312419968800000e+01,
    4.244639089500000e+01
  ],
  ""type"": ""Point""
}","{
  ""coordinates"": [
    -83.124199688,
    42.446390895
  ],
  ""type"": ""Point""
}",-83.124199688,42.446390895
21699,9955309,7 MILE,RYAN,2017-02-16,16,2,2017,16,5,9,9,,4,2,,1,1,1,35,2,2,5,5,0,0,0,0,true,,false,false,false,false,false,,,,,,false,false,false,,,false,false,false,false,false,-83.06274,42.43314,"{
  ""coordinates"": [
    -8.306274248600000e+01,
    4.243314464800010e+01
  ],
  ""type"": ""Point""
}","{
  ""coordinates"": [
    -83.062742486,
    42.433144648
  ],
  ""type"": ""Point""
}",-83.062742486,42.4331446480001
21700,9955207,M-10,WYOMING,2017-02-16,16,2,2017,9,5,8,3,,1,0,,1,2,1,55,3,2,2,4,0,0,0,1,false,,false,false,true,false,false,,,,,,false,false,true,,,false,false,false,false,false,-83.16332,42.4076,"{
  ""coordinates"": [
    -8.316331956200000e+01,
    4.240760219700010e+01
  ],
  ""type"": ""Point""
}","{
  ""coordinates"": [
    -83.163319562,
    42.407602197
  ],
  ""type"": ""Point""
}",-83.163319562,42.4076021970001
21701,9957553,M-39,PLYMOUTH,2017-02-16,16,2,2017,7,5,5,3,,1,0,,1,2,2,55,3,2,2,5,0,0,0,0,true,,false,false,false,false,false,,,,,,false,false,false,,,false,false,false,false,false,-83.21655,42.37144,"{
  ""coordinates"": [
    -8.321654671000000e+01,
    4.237143531400010e+01
  ],
  ""type"": ""Point""
}","{
  ""coordinates"": [
    -83.21654671,
    42.371435314
  ],
  ""type"": ""Point""
}",-83.21654671,42.3714353140001
21702,9955293,8 MILE,LAHSER,2017-02-16,16,2,2017,15,5,97,3,,1,0,,1,1,1,50,8,2,12,4,0,0,0,1,false,,false,false,false,false,false,,,,,,false,true,false,,,false,false,false,false,false,-83.25977,42.44322,"{
  ""coordinates"": [
    -8.325976582800000e+01,
    4.244321876200010e+01
  ],
  ""type"": ""Point""
}","{
  ""coordinates"": [
    -83.259765828,
    42.443218762
  ],
  ""type"": ""Point""
}",-83.259765828,42.4432187620001
21703,9955290,FORRER,WARREN,2017-02-16,16,2,2017,9,5,10,9,,,0,,1,2,1,25,2,2,2,5,0,0,0,0,true,,false,false,false,false,false,,,,,,false,false,false,,,false,false,false,false,false,-83.19992,42.34349,"{
  ""coordinates"": [
    -8.319991796700000e+01,
    4.234349434200000e+01
  ],
  ""type"": ""Point""
}","{
  ""coordinates"": [
    -83.199917967,
    42.343494342
  ],
  ""type"": ""Point""
}",-83.199917967,42.343494342
21704,9956714,JEFFERSON,RANDOLPH,2017-02-16,16,2,2017,16,5,8,4,,1,0,,1,1,1,35,3,2,2,5,0,0,0,0,true,,false,false,false,false,false,,,,,,false,false,false,,,false,false,false,false,false,-83.04181,42.32968,"{
  ""coordinates"": [
    -8.304180744500000e+01,
    4.232967658300000e+01
  ],
  ""type"": ""Point""
}","{
  ""coordinates"": [
    -83.041807445,
    42.329676583
  ],
  ""type"": ""Point""
}",-83.041807445,42.329676583
21705,9955280,MARTIN LUTHER KING JR,N M 10,2017-02-16,16,2,2017,18,5,4,9,,4,0,,1,1,1,25,3,2,2,5,0,0,0,0,true,,false,false,false,false,false,,,,,,false,false,false,,,false,false,false,false,false,-83.06805,42.34322,"{
  ""coordinates"": [
    -8.306804706100000e+01,
    4.234321912300000e+01
  ],
  ""type"": ""Point""
}","{
  ""coordinates"": [
    -83.068047061,
    42.343219123
  ],
  ""type"": ""Point""
}",-83.068047061,42.343219123
21706,9956761,LAHSER,FENKELL,2017-02-16,16,2,2017,9,5,97,9,,2,0,,1,2,1,35,2,2,1,5,0,0,0,0,true,,true,true,false,false,false,,,,,,false,false,false,,,false,false,false,false,false,-83.25683,42.4003,"{
  ""coordinates"": [
    -8.325682867200000e+01,
    4.240029600300010e+01
  ],
  ""type"": ""Point""
}","{
  ""coordinates"": [
    -83.256828672,
    42.400296003
  ],
  ""type"": ""Point""
}",-83.256828672,42.4002960030001
21707,9956719,LARNED,WASHINGTON,2017-02-16,16,2,2017,8,5,5,9,,4,0,,1,1,1,35,3,2,2,5,0,0,0,0,true,,false,false,false,false,false,,,,,,false,false,false,,,false,false,false,false,false,-83.04884,42.32789,"{
  ""coordinates"": [
    -8.304883639300000e+01,
    4.232789026400010e+01
  ],
  ""type"": ""Point""
}","{
  ""coordinates"": [
    -83.048836393,
    42.327890264
  ],
  ""type"": ""Point""
}",-83.048836393,42.3278902640001
21708,9955292,SCHAEFER,JOY,2017-02-16,16,2,2017,11,5,4,9,,4,0,,1,1,1,30,2,2,1,4,0,0,0,1,false,,false,false,true,false,false,,,,,,false,false,true,,,false,false,false,false,false,-83.17749,42.35855,"{
  ""coordinates"": [
    -8.317749123899991e+01,
    4.235855311000010e+01
  ],
  ""type"": ""Point""
}","{
  ""coordinates"": [
    -83.177491239,
    42.35855311
  ],
  ""type"": ""Point""
}",-83.1774912389999,42.3585531100001
21709,9959090,E I 94,RAMP 217C,2017-02-16,16,2,2017,23,5,1,1,,1,1,,1,2,4,55,3,1,1,4,0,0,0,1,false,,false,false,false,false,false,,,,,,false,false,true,,,false,false,false,false,false,-83.04216,42.37585,"{
  ""coordinates"": [
    -8.304215723100000e+01,
    4.237585007500010e+01
  ],
  ""type"": ""Point""
}","{
  ""coordinates"": [
    -83.042157231,
    42.375850075
  ],
  ""type"": ""Point""
}",-83.042157231,42.3758500750001
21710,9955289,GRATIOT,RANDOLPH,2017-02-16,16,2,2017,14,5,4,3,,1,0,,1,1,1,25,3,2,2,5,0,0,0,0,true,,true,true,false,false,false,,,,,,false,true,false,,,false,false,false,false,false,-83.04513,42.33523,"{
  ""coordinates"": [
    -8.304512620799990e+01,
    4.233522717700000e+01
  ],
  ""type"": ""Point""
}","{
  ""coordinates"": [
    -83.045126208,
    42.335227177
  ],
  ""type"": ""Point""
}",-83.0451262079999,42.335227177
21711,9956803,7 MILE,SOUTHFIELD SERVICE DRIVE,2017-02-16,16,2,2017,7,5,5,9,,2,0,,1,1,4,35,4,2,1,5,0,0,0,0,true,,true,true,false,false,false,,,,,,false,false,false,,,false,false,false,false,false,-83.21973,42.43002,"{
  ""coordinates"": [
    -8.321972746199999e+01,
    4.243001685500010e+01
  ],
  ""type"": ""Point""
}","{
  ""coordinates"": [
    -83.219727462,
    42.430016855
  ],
  ""type"": ""Point""
}",-83.219727462,42.4300168550001
21712,9956704,I-94,TRUMBULL,2017-02-16,16,2,2017,16,5,5,1,,1,0,,1,1,1,55,3,2,2,5,0,0,0,0,true,,false,false,false,false,false,,,,,,false,false,false,,,false,false,false,false,false,-83.08247,42.35555,"{
  ""coordinates"": [
    -8.308247488900000e+01,
    4.235554509300000e+01
  ],
  ""type"": ""Point""
}","{
  ""coordinates"": [
    -83.082474889,
    42.355545093
  ],
  ""type"": ""Point""
}",-83.082474889,42.355545093
21713,9956698,M-10,PEMBROKE,2017-02-16,16,2,2017,11,5,5,3,,1,0,,1,1,1,55,3,2,2,5,0,0,0,0,true,,false,false,false,false,false,,,,,,false,false,false,,,false,false,false,false,false,-83.19474,42.43813,"{
  ""coordinates"": [
    -8.319473885799989e+01,
    4.243813507200010e+01
  ],
  ""type"": ""Point""
}","{
  ""coordinates"": [
    -83.194738858,
    42.438135072
  ],
  ""type"": ""Point""
}",-83.1947388579999,42.4381350720001
21714,9956722,FREDA,BELTON,2017-02-16,16,2,2017,23,5,8,9,,,0,,1,1,4,25,2,2,1,5,0,0,0,0,true,,false,false,false,false,false,,,,,,false,false,false,,,false,false,false,false,false,-83.1599,42.35394,"{
  ""coordinates"": [
    -8.315990351700000e+01,
    4.235394295800010e+01
  ],
  ""type"": ""Point""
}","{
  ""coordinates"": [
    -83.159903517,
    42.353942958
  ],
  ""type"": ""Point""
}",-83.159903517,42.3539429580001
21715,9956756,ALTER,JEFFERSON,2017-02-16,16,2,2017,17,5,3,9,,4,0,,1,1,1,25,2,2,2,5,0,0,0,0,true,,true,true,false,false,false,,,,,,false,false,false,,,false,false,false,false,false,-82.93952,42.37488,"{
  ""coordinates"": [
    -8.293952495900000e+01,
    4.237488114600010e+01
  ],
  ""type"": ""Point""
}","{
  ""coordinates"": [
    -82.939524959,
    42.374881146
  ],
  ""type"": ""Point""
}",-82.939524959,42.3748811460001
21716,9988583,PILGRIM,CHERRYLAWN,2017-02-16,16,2,2017,17,5,2,9,,,0,,1,1,4,25,1,2,1,5,0,0,0,0,true,,false,false,true,false,false,,,,,,false,false,false,,,false,false,false,false,false,-83.15452,42.40791,"{
  ""coordinates"": [
    -8.315451799000000e+01,
    4.240791451200000e+01
  ],
  ""type"": ""Point""
}","{
  ""coordinates"": [
    -83.15451799,
    42.407914512
  ],
  ""type"": ""Point""
}",-83.15451799,42.407914512
21717,9960163,N I 75,PIQUETTE,2017-02-16,16,2,2017,17,5,5,1,,1,0,,3,1,1,55,3,2,2,5,0,0,0,0,true,,false,false,false,false,false,,,,,,false,true,false,,,false,false,false,false,false,-83.05909,42.37111,"{
  ""coordinates"": [
    -8.305908641500000e+01,
    4.237111348300000e+01
  ],
  ""type"": ""Point""
}","{
  ""coordinates"": [
    -83.059086415,
    42.371113483
  ],
  ""type"": ""Point""
}",-83.059086415,42.371113483