ObjectId,Crash ID,Primary Road,Intersecting Road,Crash Date,Day,Month,Year,Hour,Weekday,Crash Type Code,Highway Classification Code,Community Code,Jurisdiction Code,Lane Departure Type Code,Surface Type,Road Condition,Weather Condition,Lighting Condition,Speed Limit,Lanes,Units,Occupants,Most Severe Injury,Fatal Injuries,Suspected Serious Injuries,Suspected Minor Injuries,Possible Injuries,Property Damage Only,Secondary Crash,Traffic Control,Red Light Run,Hit and Run,Alcohol,Drugs,Unbelted Person,Work Zone,Speeding Driver,Distracted Driver,Driveway,Pedestrian,Elderly Driver,Young Driver,Commercial Vehicle,Emergency Vehicles,Train,School Bus,Motorcycle,Bicycle,Deer,Longitude,Latitude,geom,geog,x,y
21832,9956801,3RD,GRAND RIVER,2017-02-14,14,2,2017,15,3,8,9,,4,0,,1,1,1,0,2,2,2,5,0,0,0,0,true,,false,false,false,false,false,,,,,,false,true,false,,,false,false,false,false,false,-83.06046,42.33661,"{
  ""coordinates"": [
    -8.306045376299990e+01,
    4.233661152700010e+01
  ],
  ""type"": ""Point""
}","{
  ""coordinates"": [
    -83.060453763,
    42.336611527
  ],
  ""type"": ""Point""
}",-83.0604537629999,42.3366115270001
21833,9954359,I 94,WOODWARD,2017-02-14,14,2,2017,13,3,8,1,,1,0,,1,1,1,55,4,2,2,5,0,0,0,0,true,,false,false,true,false,false,,,,,,false,true,false,,,false,false,false,false,false,-83.06831,42.36407,"{
  ""coordinates"": [
    -8.306830616000001e+01,
    4.236406691800000e+01
  ],
  ""type"": ""Point""
}","{
  ""coordinates"": [
    -83.06830616,
    42.364066918
  ],
  ""type"": ""Point""
}",-83.06830616,42.364066918
21834,9954352,OUTER,GRAND RIVER,2017-02-14,14,2,2017,19,3,8,9,,2,3,,1,2,4,30,3,2,2,5,0,0,0,0,true,,false,false,true,false,false,,,,,,false,false,true,,,false,false,false,false,false,-83.23289,42.40596,"{
  ""coordinates"": [
    -8.323289809399991e+01,
    4.240595624800010e+01
  ],
  ""type"": ""Point""
}","{
  ""coordinates"": [
    -83.232898094,
    42.405956248
  ],
  ""type"": ""Point""
}",-83.2328980939999,42.4059562480001
21835,9956759,MCNICHOLS,EVERGREEN,2017-02-14,14,2,2017,17,3,8,9,,2,0,,1,1,1,45,5,2,2,5,0,0,0,0,true,,false,false,true,false,false,,,,,,false,false,false,,,false,false,false,false,false,-83.23818,42.41519,"{
  ""coordinates"": [
    -8.323818252500000e+01,
    4.241518907800000e+01
  ],
  ""type"": ""Point""
}","{
  ""coordinates"": [
    -83.238182525,
    42.415189078
  ],
  ""type"": ""Point""
}",-83.238182525,42.415189078
21836,9981390,MOHICAN,8MILE,2017-02-14,14,2,2017,18,3,4,3,,,0,,1,1,1,40,4,2,2,5,0,0,0,0,true,,true,false,true,false,false,,,,,,false,false,true,,,false,false,false,false,false,-82.97092,42.44968,"{
  ""coordinates"": [
    -8.297091534200000e+01,
    4.244967631700010e+01
  ],
  ""type"": ""Point""
}","{
  ""coordinates"": [
    -82.970915342,
    42.449676317
  ],
  ""type"": ""Point""
}",-82.970915342,42.4496763170001
21837,9973447,I-75,SPRINGWELLS,2017-02-14,14,2,2017,16,3,8,1,,1,0,,1,1,1,0,4,2,2,5,0,0,0,0,true,,false,false,false,false,false,,,,,,false,true,false,,,false,false,false,false,false,-83.12237,42.29951,"{
  ""coordinates"": [
    -8.312236962999999e+01,
    4.229951633400000e+01
  ],
  ""type"": ""Point""
}","{
  ""coordinates"": [
    -83.12236963,
    42.299516334
  ],
  ""type"": ""Point""
}",-83.12236963,42.299516334
21838,9967494,FORD,OUTER DR,2017-02-14,14,2,2017,13,3,8,1,,1,0,,1,1,1,40,3,2,2,5,0,0,0,0,true,,false,false,false,false,false,,,,,,false,true,false,,,false,false,false,false,false,-82.95815,42.40572,"{
  ""coordinates"": [
    -8.295815020299990e+01,
    4.240571926700010e+01
  ],
  ""type"": ""Point""
}","{
  ""coordinates"": [
    -82.958150203,
    42.405719267
  ],
  ""type"": ""Point""
}",-82.9581502029999,42.4057192670001
21839,9953348,M-10,LINWOOD,2017-02-14,14,2,2017,18,3,5,3,,1,0,,1,1,2,55,3,2,2,5,0,0,0,0,true,,false,false,false,false,false,,,,,,false,false,false,,,false,false,false,false,false,-83.1188,42.40377,"{
  ""coordinates"": [
    -8.311879472699999e+01,
    4.240377392800010e+01
  ],
  ""type"": ""Point""
}","{
  ""coordinates"": [
    -83.118794727,
    42.403773928
  ],
  ""type"": ""Point""
}",-83.118794727,42.4037739280001
21840,9955301,LONGFELLOW,14TH,2017-02-14,14,2,2017,4,3,8,9,,,0,,1,1,4,20,1,2,0,5,0,0,0,0,true,,false,false,true,false,false,,,,,,false,false,false,,,false,false,false,false,false,-83.10394,42.378,"{
  ""coordinates"": [
    -8.310394023399989e+01,
    4.237799705800010e+01
  ],
  ""type"": ""Point""
}","{
  ""coordinates"": [
    -83.103940234,
    42.377997058
  ],
  ""type"": ""Point""
}",-83.1039402339999,42.3779970580001
21841,9953390,PICKFORD,FENTON,2017-02-14,14,2,2017,10,3,4,9,,,0,,1,1,1,25,2,2,2,4,0,0,0,1,false,,false,false,false,false,false,,,,,,false,false,true,,,false,false,false,false,false,-83.28278,42.42339,"{
  ""coordinates"": [
    -8.328278258800000e+01,
    4.242338825000010e+01
  ],
  ""type"": ""Point""
}","{
  ""coordinates"": [
    -83.282782588,
    42.42338825
  ],
  ""type"": ""Point""
}",-83.282782588,42.4233882500001
21842,9953373,DIX,WOODMERE,2017-02-14,14,2,2017,19,3,4,9,,4,0,,1,1,1,25,2,2,2,5,0,0,0,0,true,,false,false,false,false,false,,,,,,false,true,false,,,false,false,false,false,false,-83.13242,42.31692,"{
  ""coordinates"": [
    -8.313242509600001e+01,
    4.231691829900010e+01
  ],
  ""type"": ""Point""
}","{
  ""coordinates"": [
    -83.132425096,
    42.316918299
  ],
  ""type"": ""Point""
}",-83.132425096,42.3169182990001
21843,9966075,W I 96,RAMP 213J,2017-02-14,14,2,2017,16,3,5,1,,1,0,,1,1,1,55,1,2,1,5,0,0,0,0,true,,false,false,true,false,false,,,,,,false,false,false,,,false,false,false,false,false,-83.09752,42.34809,"{
  ""coordinates"": [
    -8.309751999400000e+01,
    4.234808573600000e+01
  ],
  ""type"": ""Point""
}","{
  ""coordinates"": [
    -83.097519994,
    42.348085736
  ],
  ""type"": ""Point""
}",-83.097519994,42.348085736
21844,9953397,KELLY,EDMORE,2017-02-14,14,2,2017,14,3,1,9,,2,0,,1,2,1,35,3,2,2,4,0,0,0,1,false,,false,false,false,false,false,,,,,,true,true,false,,,false,false,false,false,false,-82.94369,42.44736,"{
  ""coordinates"": [
    -8.294369079700000e+01,
    4.244736670100010e+01
  ],
  ""type"": ""Point""
}","{
  ""coordinates"": [
    -82.943690797,
    42.447366701
  ],
  ""type"": ""Point""
}",-82.943690797,42.4473667010001
21845,9954398,ANTHONY WAYNE,WARREN,2017-02-14,14,2,2017,19,3,8,9,,4,0,,1,1,4,30,3,2,2,5,0,0,0,0,true,,true,true,false,false,false,,,,,,false,false,true,,,false,false,false,false,false,-83.0714,42.3546,"{
  ""coordinates"": [
    -8.307140243000001e+01,
    4.235459860600000e+01
  ],
  ""type"": ""Point""
}","{
  ""coordinates"": [
    -83.07140243,
    42.354598606
  ],
  ""type"": ""Point""
}",-83.07140243,42.354598606
21846,9953391,OUTER,SOUTHFIELD SERVICE DRIVE,2017-02-14,14,2,2017,12,3,8,9,,2,0,,1,1,1,35,3,2,2,5,0,0,0,0,true,,false,false,true,false,false,,,,,,false,false,false,,,false,false,false,false,false,-83.2191,42.41908,"{
  ""coordinates"": [
    -8.321910158900000e+01,
    4.241907447800000e+01
  ],
  ""type"": ""Point""
}","{
  ""coordinates"": [
    -83.219101589,
    42.419074478
  ],
  ""type"": ""Point""
}",-83.219101589,42.419074478
21847,9953346,S/B M-39,MCNICHOLS,2017-02-14,14,2,2017,3,3,1,3,,1,1,,1,1,4,55,3,1,1,5,0,0,0,0,true,,false,false,false,false,false,,,,,,false,false,false,,,false,false,false,false,false,-83.21887,42.4141,"{
  ""coordinates"": [
    -8.321887280599999e+01,
    4.241409996800010e+01
  ],
  ""type"": ""Point""
}","{
  ""coordinates"": [
    -83.218872806,
    42.414099968
  ],
  ""type"": ""Point""
}",-83.218872806,42.4140999680001
21848,9960179,8 MILE,TELEGRAPH,2017-02-14,14,2,2017,17,3,5,3,,1,0,,1,1,1,25,1,2,3,5,0,0,0,0,true,,false,false,false,false,false,,,,,,false,true,true,,,false,false,false,false,false,-83.2783,42.44275,"{
  ""coordinates"": [
    -8.327829730099999e+01,
    4.244274603400000e+01
  ],
  ""type"": ""Point""
}","{
  ""coordinates"": [
    -83.278297301,
    42.442746034
  ],
  ""type"": ""Point""
}",-83.278297301,42.442746034
21849,9956741,FOREST,2ND,2017-02-14,14,2,2017,17,3,8,9,,4,0,,1,1,1,30,3,2,1,5,0,0,0,0,true,,false,false,true,false,false,,,,,,false,false,false,,,false,false,false,false,false,-83.06711,42.35319,"{
  ""coordinates"": [
    -8.306711073600000e+01,
    4.235319095500010e+01
  ],
  ""type"": ""Point""
}","{
  ""coordinates"": [
    -83.067110736,
    42.353190955
  ],
  ""type"": ""Point""
}",-83.067110736,42.3531909550001
21850,9955305,DAVISON,CONANT35,2017-02-14,14,2,2017,14,3,5,3,,4,0,,1,1,1,0,2,2,2,5,0,0,0,0,true,,false,false,false,false,false,,,,,,false,true,false,,,false,false,false,false,false,-83.06116,42.41565,"{
  ""coordinates"": [
    -8.306115380499990e+01,
    4.241565243700010e+01
  ],
  ""type"": ""Point""
}","{
  ""coordinates"": [
    -83.061153805,
    42.415652437
  ],
  ""type"": ""Point""
}",-83.0611538049999,42.4156524370001
21851,9959097,E I 96,RAMP 008F,2017-02-14,14,2,2017,17,3,8,1,,1,0,,1,1,1,70,3,2,1,5,0,0,0,0,true,,false,false,true,false,false,,,,,,false,false,false,,,false,false,false,false,false,-83.21683,42.37865,"{
  ""coordinates"": [
    -8.321682903999989e+01,
    4.237864532900010e+01
  ],
  ""type"": ""Point""
}","{
  ""coordinates"": [
    -83.21682904,
    42.378645329
  ],
  ""type"": ""Point""
}",-83.2168290399999,42.3786453290001
21852,9987064,I 94,BEAUBIEN,2017-02-14,14,2,2017,8,3,8,1,,1,0,,1,1,1,55,3,2,2,5,0,0,0,0,true,,false,false,false,false,false,,,,,,false,true,false,,,false,false,false,false,false,-83.06367,42.3661,"{
  ""coordinates"": [
    -8.306366603100000e+01,
    4.236610481300000e+01
  ],
  ""type"": ""Point""
}","{
  ""coordinates"": [
    -83.063666031,
    42.366104813
  ],
  ""type"": ""Point""
}",-83.063666031,42.366104813
21853,9953383,MT ELLIOTT,HUBER,2017-02-14,14,2,2017,8,3,10,9,,4,0,,1,2,1,30,4,2,2,5,0,0,0,0,true,,false,false,false,false,false,,,,,,false,false,false,,,false,false,false,false,false,-83.03758,42.39751,"{
  ""coordinates"": [
    -8.303758021100001e+01,
    4.239751530300000e+01
  ],
  ""type"": ""Point""
}","{
  ""coordinates"": [
    -83.037580211,
    42.397515303
  ],
  ""type"": ""Point""
}",-83.037580211,42.397515303
21854,9953379,MCNICHOLS,ASHTON,2017-02-14,14,2,2017,16,3,97,9,,2,0,,1,1,1,35,4,2,2,5,0,0,0,0,true,,false,false,false,false,false,,,,,,false,true,false,,,false,false,false,false,false,-83.22012,42.41554,"{
  ""coordinates"": [
    -8.322011386600001e+01,
    4.241553726900000e+01
  ],
  ""type"": ""Point""
}","{
  ""coordinates"": [
    -83.220113866,
    42.415537269
  ],
  ""type"": ""Point""
}",-83.220113866,42.415537269
21855,9953402,CAMBRIDGE,STEEL,2017-02-14,14,2,2017,9,3,4,9,,,0,,1,1,1,25,1,2,3,5,0,0,0,0,true,,true,false,false,false,false,,,,,,false,false,true,,,false,false,false,false,false,-83.17297,42.43299,"{
  ""coordinates"": [
    -8.317296288900000e+01,
    4.243299334200000e+01
  ],
  ""type"": ""Point""
}","{
  ""coordinates"": [
    -83.172962889,
    42.432993342
  ],
  ""type"": ""Point""
}",-83.172962889,42.432993342
21856,9953368,350 WARREN,BRUSH,2017-02-14,14,2,2017,16,3,8,9,,4,0,,1,1,1,30,4,2,3,5,0,0,0,0,true,,false,false,false,false,false,,,,,,false,false,false,,,false,false,false,false,false,-83.05975,42.35871,"{
  ""coordinates"": [
    -8.305975669799990e+01,
    4.235870814100010e+01
  ],
  ""type"": ""Point""
}","{
  ""coordinates"": [
    -83.059756698,
    42.358708141
  ],
  ""type"": ""Point""
}",-83.0597566979999,42.3587081410001
21857,9953404,I 94,BRUSH,2017-02-14,14,2,2017,7,3,5,1,,1,0,,1,1,1,55,3,2,2,4,0,0,0,1,false,,false,false,false,false,false,,,,,,false,false,false,,,false,false,false,false,false,-83.06413,42.36577,"{
  ""coordinates"": [
    -8.306413358799990e+01,
    4.236577364000000e+01
  ],
  ""type"": ""Point""
}","{
  ""coordinates"": [
    -83.064133588,
    42.36577364
  ],
  ""type"": ""Point""
}",-83.0641335879999,42.36577364
21858,9953388,7 MILE,GREENVIEW,2017-02-14,14,2,2017,13,3,5,9,,2,0,,1,1,1,35,4,2,2,3,0,0,1,0,false,,false,false,false,false,false,,,,,,false,true,false,,,false,false,false,false,false,-83.2255,42.42991,"{
  ""coordinates"": [
    -8.322550330900000e+01,
    4.242990723700010e+01
  ],
  ""type"": ""Point""
}","{
  ""coordinates"": [
    -83.225503309,
    42.429907237
  ],
  ""type"": ""Point""
}",-83.225503309,42.4299072370001
21859,9960157,N I 75,WARREN,2017-02-14,14,2,2017,14,3,8,1,,1,0,,1,1,1,55,4,2,2,5,0,0,0,0,true,,false,false,false,false,false,,,,,,false,true,false,,,false,false,false,false,false,-83.05521,42.36263,"{
  ""coordinates"": [
    -8.305520429599990e+01,
    4.236263369900010e+01
  ],
  ""type"": ""Point""
}","{
  ""coordinates"": [
    -83.055204296,
    42.362633699
  ],
  ""type"": ""Point""
}",-83.0552042959999,42.3626336990001
21860,9955312,8-MILE,YACAMA,2017-02-14,14,2,2017,20,3,5,3,,1,0,,1,1,4,40,2,2,3,5,0,0,0,0,true,,false,false,false,false,false,,,,,,false,false,false,,,false,false,false,false,false,-83.0971,42.44657,"{
  ""coordinates"": [
    -8.309710081500000e+01,
    4.244656752100010e+01
  ],
  ""type"": ""Point""
}","{
  ""coordinates"": [
    -83.097100815,
    42.446567521
  ],
  ""type"": ""Point""
}",-83.097100815,42.4465675210001
21861,9953363,EUCLID,N M 10,2017-02-14,14,2,2017,19,3,97,9,,4,0,,1,1,5,0,2,2,0,4,0,0,0,1,false,,false,false,true,false,false,,,,,,true,false,false,,,false,false,false,false,false,-83.08641,42.37403,"{
  ""coordinates"": [
    -8.308640865400000e+01,
    4.237403570500000e+01
  ],
  ""type"": ""Point""
}","{
  ""coordinates"": [
    -83.086408654,
    42.374035705
  ],
  ""type"": ""Point""
}",-83.086408654,42.374035705
21862,9953367,WARREN,ST ANTOINE,2017-02-14,14,2,2017,17,3,98,9,,4,0,,1,1,3,35,3,2,5,4,0,0,0,4,false,,false,false,false,false,false,,,,,,false,false,true,,,false,false,false,false,false,-83.05703,42.35982,"{
  ""coordinates"": [
    -8.305702761399991e+01,
    4.235982146500000e+01
  ],
  ""type"": ""Point""
}","{
  ""coordinates"": [
    -83.057027614,
    42.359821465
  ],
  ""type"": ""Point""
}",-83.0570276139999,42.359821465
21863,9953375,GREEN,FORT,2017-02-14,14,2,2017,16,3,4,3,,,0,,1,1,1,25,2,2,2,5,0,0,0,0,true,,false,false,false,false,false,,,,,,false,false,false,,,false,false,false,false,false,-83.11298,42.30231,"{
  ""coordinates"": [
    -8.311297746699999e+01,
    4.230231227500010e+01
  ],
  ""type"": ""Point""
}","{
  ""coordinates"": [
    -83.112977467,
    42.302312275
  ],
  ""type"": ""Point""
}",-83.112977467,42.3023122750001
21864,9973417,RAMP 938F,TRUMBULL,2017-02-14,14,2,2017,16,3,5,1,,1,0,,1,1,1,55,2,2,2,5,0,0,0,0,true,,false,false,false,false,false,,,,,,false,false,false,,,false,false,false,false,false,-83.06878,42.33468,"{
  ""coordinates"": [
    -8.306878154700000e+01,
    4.233468309300010e+01
  ],
  ""type"": ""Point""
}","{
  ""coordinates"": [
    -83.068781547,
    42.334683093
  ],
  ""type"": ""Point""
}",-83.068781547,42.3346830930001
21865,9962358,FORT,DRAGOON,2017-02-14,14,2,2017,11,3,4,3,,1,0,,1,1,1,30,7,2,3,4,0,0,0,1,false,,false,false,false,false,false,,,,,,false,true,false,,,false,false,false,false,false,-83.1023,42.30713,"{
  ""coordinates"": [
    -8.310230298099999e+01,
    4.230713172500000e+01
  ],
  ""type"": ""Point""
}","{
  ""coordinates"": [
    -83.102302981,
    42.307131725
  ],
  ""type"": ""Point""
}",-83.102302981,42.307131725
21866,9953400,ROSSINI,SHAKESPEARE,2017-02-14,14,2,2017,11,3,97,9,,,0,,1,1,1,25,1,2,2,5,0,0,0,0,true,,false,false,false,false,false,,,,,,false,false,false,,,false,false,false,false,false,-82.94808,42.44394,"{
  ""coordinates"": [
    -8.294807981199990e+01,
    4.244393381100010e+01
  ],
  ""type"": ""Point""
}","{
  ""coordinates"": [
    -82.948079812,
    42.443933811
  ],
  ""type"": ""Point""
}",-82.9480798119999,42.4439338110001
21867,9955307,7 MILE,SHERWOOD,2017-02-14,14,2,2017,17,3,8,9,,4,0,,1,1,1,30,4,2,2,5,0,0,0,0,true,,false,false,false,false,false,,,,,,false,false,false,,,false,false,false,false,false,-83.03404,42.43378,"{
  ""coordinates"": [
    -8.303404138300000e+01,
    4.243377516300010e+01
  ],
  ""type"": ""Point""
}","{
  ""coordinates"": [
    -83.034041383,
    42.433775163
  ],
  ""type"": ""Point""
}",-83.034041383,42.4337751630001
21868,9953374,GRAND,HOWARD,2017-02-14,14,2,2017,11,3,10,9,,4,0,,1,1,1,25,2,2,3,5,0,0,0,0,true,,false,false,false,false,false,,,,,,false,false,false,,,false,false,false,false,false,-83.08594,42.31862,"{
  ""coordinates"": [
    -8.308593432000001e+01,
    4.231861825600000e+01
  ],
  ""type"": ""Point""
}","{
  ""coordinates"": [
    -83.08593432,
    42.318618256
  ],
  ""type"": ""Point""
}",-83.08593432,42.318618256
21869,9953366,EUCLID,JOHN R,2017-02-14,14,2,2017,8,3,1,9,,4,0,,1,1,1,25,4,2,4,5,0,0,0,0,true,,false,false,false,false,false,,,,,,false,false,true,,,false,false,false,true,false,-83.07575,42.378,"{
  ""coordinates"": [
    -8.307574906900000e+01,
    4.237800077100010e+01
  ],
  ""type"": ""Point""
}","{
  ""coordinates"": [
    -83.075749069,
    42.378000771
  ],
  ""type"": ""Point""
}",-83.075749069,42.3780007710001
21870,9953370,FORT,TRUMBULL,2017-02-14,14,2,2017,16,3,5,3,,1,0,,1,1,1,35,5,2,3,5,0,0,0,0,true,,false,false,false,false,false,,,,,,false,false,false,,,false,false,false,false,false,-83.06171,42.32456,"{
  ""coordinates"": [
    -8.306170568200000e+01,
    4.232455748800000e+01
  ],
  ""type"": ""Point""
}","{
  ""coordinates"": [
    -83.061705682,
    42.324557488
  ],
  ""type"": ""Point""
}",-83.061705682,42.324557488
21871,9956745,CHANDLER PARK,NEFF,2017-02-14,14,2,2017,13,3,1,9,,2,0,,1,1,1,25,4,1,1,5,0,0,0,0,true,,false,false,false,false,false,,,,,,false,false,false,,,false,false,false,false,false,-82.92831,42.41291,"{
  ""coordinates"": [
    -8.292830763700000e+01,
    4.241291265600010e+01
  ],
  ""type"": ""Point""
}","{
  ""coordinates"": [
    -82.928307637,
    42.412912656
  ],
  ""type"": ""Point""
}",-82.928307637,42.4129126560001
21872,9953396,DEVONSHIRE,WARREN,2017-02-14,14,2,2017,14,3,5,9,,,0,,1,1,1,25,2,2,1,5,0,0,0,0,true,,false,false,true,false,false,,,,,,false,false,false,,,false,false,false,false,false,-82.94237,42.40236,"{
  ""coordinates"": [
    -8.294236487099990e+01,
    4.240235511400000e+01
  ],
  ""type"": ""Point""
}","{
  ""coordinates"": [
    -82.942364871,
    42.402355114
  ],
  ""type"": ""Point""
}",-82.9423648709999,42.402355114
21873,9960156,I-94,BEAUBIEN,2017-02-14,14,2,2017,7,3,5,1,,1,0,,1,1,1,55,3,6,6,4,0,0,0,1,false,,false,false,false,false,false,,,,,,false,false,true,,,false,false,false,false,false,-83.06161,42.36691,"{
  ""coordinates"": [
    -8.306161160300000e+01,
    4.236691317100010e+01
  ],
  ""type"": ""Point""
}","{
  ""coordinates"": [
    -83.061611603,
    42.366913171
  ],
  ""type"": ""Point""
}",-83.061611603,42.3669131710001
21874,9955302,OAKMAN,LIVERNOIS,2017-02-14,14,2,2017,4,3,4,9,,4,0,,1,1,4,25,2,2,2,5,0,0,0,0,true,,false,false,false,false,false,,,,,,false,false,false,,,false,false,false,false,false,-83.13969,42.3903,"{
  ""coordinates"": [
    -8.313968411300000e+01,
    4.239030442600010e+01
  ],
  ""type"": ""Point""
}","{
  ""coordinates"": [
    -83.139684113,
    42.390304426
  ],
  ""type"": ""Point""
}",-83.139684113,42.3903044260001
21875,9957548,W I 94,GRAND RIVER,2017-02-14,14,2,2017,17,3,5,1,,1,0,,1,1,1,55,3,2,3,5,0,0,0,0,true,,false,false,false,false,false,,,,,,false,false,true,,,false,false,false,false,false,-83.09505,42.35152,"{
  ""coordinates"": [
    -8.309504611800000e+01,
    4.235152212300010e+01
  ],
  ""type"": ""Point""
}","{
  ""coordinates"": [
    -83.095046118,
    42.351522123
  ],
  ""type"": ""Point""
}",-83.095046118,42.3515221230001
21876,9953377,GRAND RIVER,SAINT MARYS,2017-02-14,14,2,2017,7,3,5,3,,1,0,,1,1,1,35,4,2,2,5,0,0,0,0,true,,false,false,false,false,false,,,,,,false,false,false,,,false,false,false,false,false,-83.20628,42.39586,"{
  ""coordinates"": [
    -8.320628143200000e+01,
    4.239586011800000e+01
  ],
  ""type"": ""Point""
}","{
  ""coordinates"": [
    -83.206281432,
    42.395860118
  ],
  ""type"": ""Point""
}",-83.206281432,42.395860118
21877,9968250,CHICAGO,HUBBELL,2017-02-14,14,2,2017,13,3,4,9,,4,0,,1,1,1,35,6,3,2,1,1,0,0,1,false,,false,false,false,false,true,,,,,,false,false,false,,,false,false,false,false,false,-83.1875,42.36559,"{
  ""coordinates"": [
    -8.318749729900000e+01,
    4.236558856500010e+01
  ],
  ""type"": ""Point""
}","{
  ""coordinates"": [
    -83.187497299,
    42.365588565
  ],
  ""type"": ""Point""
}",-83.187497299,42.3655885650001
21878,9955328,JOHN C LODGE SERVICE,FOREST,2017-02-14,14,2,2017,16,3,5,3,,1,0,,1,1,1,25,4,2,2,5,0,0,0,0,true,,false,false,false,false,false,,,,,,false,false,true,,,false,false,false,false,false,-83.07201,42.35151,"{
  ""coordinates"": [
    -8.307200889400001e+01,
    4.235150359700000e+01
  ],
  ""type"": ""Point""
}","{
  ""coordinates"": [
    -83.072008894,
    42.351503597
  ],
  ""type"": ""Point""
}",-83.072008894,42.351503597
21879,9959085,I-94,BARRETT,2017-02-14,14,2,2017,7,3,5,1,,1,0,,1,1,1,55,3,2,2,5,0,0,0,0,true,,false,false,false,false,false,,,,,,false,false,false,,,false,false,false,false,false,-82.98396,42.39858,"{
  ""coordinates"": [
    -8.298395192800000e+01,
    4.239858360300010e+01
  ],
  ""type"": ""Point""
}","{
  ""coordinates"": [
    -82.983951928,
    42.398583603
  ],
  ""type"": ""Point""
}",-82.983951928,42.3985836030001
21880,9956773,8 MILE,REDFERN,2017-02-14,14,2,2017,8,3,5,3,,1,0,,1,2,1,25,2,2,2,5,0,0,0,0,true,,false,false,false,false,false,,,,,,false,true,false,,,false,false,false,false,false,-83.26527,42.44308,"{
  ""coordinates"": [
    -8.326527414500001e+01,
    4.244308143300000e+01
  ],
  ""type"": ""Point""
}","{
  ""coordinates"": [
    -83.265274145,
    42.443081433
  ],
  ""type"": ""Point""
}",-83.265274145,42.443081433
21881,9953360,ADAMS,PARK,2017-02-14,14,2,2017,6,3,4,9,,4,0,,1,1,4,0,2,2,2,5,0,0,0,0,true,,false,false,false,false,false,,,,,,false,false,false,,,false,false,false,false,false,-83.05233,42.33638,"{
  ""coordinates"": [
    -8.305233002999999e+01,
    4.233637832500010e+01
  ],
  ""type"": ""Point""
}","{
  ""coordinates"": [
    -83.05233003,
    42.336378325
  ],
  ""type"": ""Point""
}",-83.05233003,42.3363783250001
21882,9954358,CHICAGO,ST MARY'S,2017-02-14,14,2,2017,9,3,97,9,,4,0,,1,1,1,45,5,2,1,3,0,0,1,0,false,,false,false,true,false,false,,,,,,true,false,false,,,false,false,false,false,false,-83.20455,42.36526,"{
  ""coordinates"": [
    -8.320455368200000e+01,
    4.236526642300000e+01
  ],
  ""type"": ""Point""
}","{
  ""coordinates"": [
    -83.204553682,
    42.365266423
  ],
  ""type"": ""Point""
}",-83.204553682,42.365266423
21883,9954380,MOROSS,PEERLESS,2017-02-14,14,2,2017,5,3,8,9,,2,0,,1,1,4,35,2,2,2,5,0,0,0,0,true,,false,false,false,false,false,,,,,,false,false,true,,,false,false,false,false,false,-82.93557,42.42719,"{
  ""coordinates"": [
    -8.293556595699989e+01,
    4.242719317900000e+01
  ],
  ""type"": ""Point""
}","{
  ""coordinates"": [
    -82.935565957,
    42.427193179
  ],
  ""type"": ""Point""
}",-82.9355659569999,42.427193179
21884,9968303,MCNICHOLS,MURRAYHILL,2017-02-14,14,2,2017,22,3,4,9,,2,0,,2,5,4,35,4,2,6,4,0,0,0,3,false,,true,true,false,false,false,,,,,,false,false,false,,,false,false,false,false,false,-83.20769,42.4158,"{
  ""coordinates"": [
    -8.320768698099990e+01,
    4.241579751200000e+01
  ],
  ""type"": ""Point""
}","{
  ""coordinates"": [
    -83.207686981,
    42.415797512
  ],
  ""type"": ""Point""
}",-83.2076869809999,42.415797512
21885,9953382,VERNOR,MT ELLIOTT,2017-02-14,14,2,2017,8,3,3,9,,4,0,,1,1,1,30,4,2,5,4,0,0,0,1,false,,false,false,false,false,false,,,,,,false,false,true,,,false,false,false,false,false,-83.01747,42.35503,"{
  ""coordinates"": [
    -8.301746894699990e+01,
    4.235503280000010e+01
  ],
  ""type"": ""Point""
}","{
  ""coordinates"": [
    -83.017468947,
    42.3550328
  ],
  ""type"": ""Point""
}",-83.0174689469999,42.3550328000001
21886,9956780,HAYES,7 MILE,2017-02-13,13,2,2017,9,2,5,9,,4,0,,1,1,1,25,5,2,3,4,0,0,0,2,false,,false,false,false,false,false,,,,,,false,false,false,,,false,false,false,false,false,-82.96547,42.43546,"{
  ""coordinates"": [
    -8.296546758800000e+01,
    4.243545884400000e+01
  ],
  ""type"": ""Point""
}","{
  ""coordinates"": [
    -82.965467588,
    42.435458844
  ],
  ""type"": ""Point""
}",-82.965467588,42.435458844
21887,9952535,PAUL,BRACE,2017-02-13,13,2,2017,14,2,97,9,,4,0,,1,1,1,25,2,2,2,5,0,0,0,0,true,,false,false,false,false,false,,,,,,false,false,false,,,false,true,false,false,false,-83.2233,42.33604,"{
  ""coordinates"": [
    -8.322329354399990e+01,
    4.233603853000010e+01
  ],
  ""type"": ""Point""
}","{
  ""coordinates"": [
    -83.223293544,
    42.33603853
  ],
  ""type"": ""Point""
}",-83.2232935439999,42.3360385300001
21888,9952544,JOHN R,STATE FAIR,2017-02-13,13,2,2017,15,2,8,9,,4,0,,1,1,1,30,3,2,1,5,0,0,0,0,true,,false,false,true,false,false,,,,,,false,false,false,,,false,false,false,false,false,-83.10258,42.43953,"{
  ""coordinates"": [
    -8.310258611800000e+01,
    4.243953292600000e+01
  ],
  ""type"": ""Point""
}","{
  ""coordinates"": [
    -83.102586118,
    42.439532926
  ],
  ""type"": ""Point""
}",-83.102586118,42.439532926