ObjectId,Crash ID,Primary Road,Intersecting Road,Crash Date,Day,Month,Year,Hour,Weekday,Crash Type Code,Highway Classification Code,Community Code,Jurisdiction Code,Lane Departure Type Code,Surface Type,Road Condition,Weather Condition,Lighting Condition,Speed Limit,Lanes,Units,Occupants,Most Severe Injury,Fatal Injuries,Suspected Serious Injuries,Suspected Minor Injuries,Possible Injuries,Property Damage Only,Secondary Crash,Traffic Control,Red Light Run,Hit and Run,Alcohol,Drugs,Unbelted Person,Work Zone,Speeding Driver,Distracted Driver,Driveway,Pedestrian,Elderly Driver,Young Driver,Commercial Vehicle,Emergency Vehicles,Train,School Bus,Motorcycle,Bicycle,Deer,Longitude,Latitude,geom,geog,x,y
21946,9953395,GRATIOT,GUNSTON,2017-02-13,13,2,2017,23,2,4,3,,1,0,,1,1,4,35,6,2,6,3,0,0,2,2,false,,false,false,false,false,false,,,,,,false,false,true,,,false,false,false,false,false,-82.99508,42.40861,"{
  ""coordinates"": [
    -8.299507640099991e+01,
    4.240860899300000e+01
  ],
  ""type"": ""Point""
}","{
  ""coordinates"": [
    -82.995076401,
    42.408608993
  ],
  ""type"": ""Point""
}",-82.9950764009999,42.408608993
21947,9951516,M-39,WARREN,2017-02-12,12,2,2017,8,1,5,3,,1,0,,2,4,1,55,3,2,2,5,0,0,0,0,true,,false,false,false,false,false,,,,,,false,false,true,,,false,false,false,false,false,-83.21625,42.34392,"{
  ""coordinates"": [
    -8.321624808400000e+01,
    4.234392255900010e+01
  ],
  ""type"": ""Point""
}","{
  ""coordinates"": [
    -83.216248084,
    42.343922559
  ],
  ""type"": ""Point""
}",-83.216248084,42.3439225590001
21948,9951528,7 MILE,SOUTHFIELD,2017-02-12,12,2,2017,12,1,5,9,,2,0,,1,1,1,35,4,2,4,5,0,0,0,0,true,,false,false,false,false,false,,,,,,false,false,true,,,false,false,false,false,false,-83.21872,42.43003,"{
  ""coordinates"": [
    -8.321871680399990e+01,
    4.243003649900000e+01
  ],
  ""type"": ""Point""
}","{
  ""coordinates"": [
    -83.218716804,
    42.430036499
  ],
  ""type"": ""Point""
}",-83.2187168039999,42.430036499
21949,9955315,8 MILE,WEXFORD,2017-02-12,12,2,2017,21,1,1,3,,1,0,,1,1,4,35,3,1,2,5,0,0,0,0,true,,false,false,false,false,false,,,,,,false,false,true,,,false,false,false,false,false,-83.06594,42.44724,"{
  ""coordinates"": [
    -8.306594090800000e+01,
    4.244724022100010e+01
  ],
  ""type"": ""Point""
}","{
  ""coordinates"": [
    -83.065940908,
    42.447240221
  ],
  ""type"": ""Point""
}",-83.065940908,42.4472402210001
21950,9957565,109A,DAVISON,2017-02-12,12,2,2017,11,1,1,3,,1,1,,2,2,1,55,1,1,1,5,0,0,0,0,true,,false,false,false,false,false,,,,,,false,false,true,,,false,false,false,false,false,-83.11089,42.39851,"{
  ""coordinates"": [
    -8.311088360399999e+01,
    4.239851365100000e+01
  ],
  ""type"": ""Point""
}","{
  ""coordinates"": [
    -83.110883604,
    42.398513651
  ],
  ""type"": ""Point""
}",-83.110883604,42.398513651
21951,9951468,I 96,BURT,2017-02-12,12,2,2017,2,1,97,1,,1,0,,2,4,4,55,3,3,4,4,0,0,0,1,false,,false,false,false,false,false,,,,,,false,false,false,,,false,false,false,false,false,-83.24918,42.3854,"{
  ""coordinates"": [
    -8.324917995000000e+01,
    4.238540421100000e+01
  ],
  ""type"": ""Point""
}","{
  ""coordinates"": [
    -83.24917995,
    42.385404211
  ],
  ""type"": ""Point""
}",-83.24917995,42.385404211
21952,9952539,VAN DYKE,AGNES,2017-02-12,12,2,2017,10,1,9,9,,4,0,,2,4,1,0,2,2,4,5,0,0,0,0,true,,true,false,false,false,false,,,,,,false,false,false,,,false,false,false,false,false,-82.99744,42.35495,"{
  ""coordinates"": [
    -8.299743496799989e+01,
    4.235495145400010e+01
  ],
  ""type"": ""Point""
}","{
  ""coordinates"": [
    -82.997434968,
    42.354951454
  ],
  ""type"": ""Point""
}",-82.9974349679999,42.3549514540001
21953,9951517,W I 96,GREENFIELD,2017-02-12,12,2,2017,12,1,1,1,,1,1,,2,2,1,55,3,1,1,4,0,0,0,1,false,,false,false,false,false,false,,,,,,false,false,false,,,false,false,false,false,false,-83.19785,42.37924,"{
  ""coordinates"": [
    -8.319784411700000e+01,
    4.237924126700010e+01
  ],
  ""type"": ""Point""
}","{
  ""coordinates"": [
    -83.197844117,
    42.379241267
  ],
  ""type"": ""Point""
}",-83.197844117,42.3792412670001
21954,9969238,VERNOR,MORRELL,2017-02-12,12,2,2017,0,1,2,9,,4,0,,2,4,4,25,2,2,4,3,0,0,1,1,false,,false,false,false,true,false,,,,,,false,false,true,,,false,false,false,false,false,-83.10075,42.31827,"{
  ""coordinates"": [
    -8.310074779099990e+01,
    4.231826881200000e+01
  ],
  ""type"": ""Point""
}","{
  ""coordinates"": [
    -83.100747791,
    42.318268812
  ],
  ""type"": ""Point""
}",-83.1007477909999,42.318268812
21955,9953394,WHITTIER,PAYTON,2017-02-12,12,2,2017,1,1,1,9,,4,0,,2,4,5,30,2,1,0,5,0,0,0,0,true,,false,false,true,false,false,,,,,,false,false,false,,,false,false,false,false,false,-82.96205,42.42067,"{
  ""coordinates"": [
    -8.296205024999990e+01,
    4.242066669000010e+01
  ],
  ""type"": ""Point""
}","{
  ""coordinates"": [
    -82.96205025,
    42.42066669
  ],
  ""type"": ""Point""
}",-82.9620502499999,42.4206666900001
21956,9951454,S/B M-10,MICHIGAN,2017-02-12,12,2,2017,0,1,5,3,,1,0,,2,4,4,55,3,2,3,4,0,0,0,1,false,,false,false,true,false,false,,,,,,false,false,false,,,false,false,false,false,false,-83.06206,42.33172,"{
  ""coordinates"": [
    -8.306205711699990e+01,
    4.233172089400010e+01
  ],
  ""type"": ""Point""
}","{
  ""coordinates"": [
    -83.062057117,
    42.331720894
  ],
  ""type"": ""Point""
}",-83.0620571169999,42.3317208940001
21957,9954337,N M 10,RAMP 123B,2017-02-12,12,2,2017,1,1,1,3,,1,1,,2,4,4,55,3,1,2,5,0,0,0,0,true,,false,false,false,false,false,,,,,,false,false,false,,,false,false,false,false,false,-83.06003,42.33049,"{
  ""coordinates"": [
    -8.306003127600000e+01,
    4.233048503100010e+01
  ],
  ""type"": ""Point""
}","{
  ""coordinates"": [
    -83.060031276,
    42.330485031
  ],
  ""type"": ""Point""
}",-83.060031276,42.3304850310001
21958,9954331,I-94,CHALMERS,2017-02-12,12,2,2017,4,1,5,1,,1,0,,2,4,4,55,3,2,2,3,0,0,1,1,false,,false,false,false,false,false,,,,,,false,false,false,,,false,false,false,false,false,-82.96319,42.40402,"{
  ""coordinates"": [
    -8.296318679900000e+01,
    4.240402331900000e+01
  ],
  ""type"": ""Point""
}","{
  ""coordinates"": [
    -82.963186799,
    42.404023319
  ],
  ""type"": ""Point""
}",-82.963186799,42.404023319
21959,9952542,WYOMING,MCNICHOLS,2017-02-12,12,2,2017,21,1,97,9,,4,0,,1,1,4,30,4,3,3,4,0,0,0,2,false,,false,false,false,false,false,,,,,,false,false,false,,,false,false,false,false,false,-83.16032,42.41698,"{
  ""coordinates"": [
    -8.316032171800001e+01,
    4.241698162500010e+01
  ],
  ""type"": ""Point""
}","{
  ""coordinates"": [
    -83.160321718,
    42.416981625
  ],
  ""type"": ""Point""
}",-83.160321718,42.4169816250001
21960,9951448,I-94,MT ELLIOT,2017-02-12,12,2,2017,1,1,5,1,,1,0,,2,4,4,55,3,3,3,5,0,0,0,0,true,,false,false,false,false,false,,,,,,false,false,false,,,false,false,false,false,false,-83.02742,42.38452,"{
  ""coordinates"": [
    -8.302741834299999e+01,
    4.238451963300000e+01
  ],
  ""type"": ""Point""
}","{
  ""coordinates"": [
    -83.027418343,
    42.384519633
  ],
  ""type"": ""Point""
}",-83.027418343,42.384519633
21961,9951556,MCNICHOLS,BIRWOOD,2017-02-12,12,2,2017,3,1,4,9,,2,0,,2,4,4,35,3,2,1,4,0,0,0,1,false,,false,false,true,false,false,,,,,,false,false,false,,,false,false,false,false,false,-83.16467,42.41682,"{
  ""coordinates"": [
    -8.316466771099989e+01,
    4.241681568000010e+01
  ],
  ""type"": ""Point""
}","{
  ""coordinates"": [
    -83.164667711,
    42.41681568
  ],
  ""type"": ""Point""
}",-83.1646677109999,42.4168156800001
21962,9954386,DEXTER,BOSTON,2017-02-12,12,2,2017,13,1,8,9,,4,0,,1,1,1,35,4,2,2,5,0,0,0,0,true,,false,false,false,false,false,,,,,,false,false,false,,,false,false,false,false,false,-83.12081,42.37485,"{
  ""coordinates"": [
    -8.312081431000000e+01,
    4.237485301700010e+01
  ],
  ""type"": ""Point""
}","{
  ""coordinates"": [
    -83.12081431,
    42.374853017
  ],
  ""type"": ""Point""
}",-83.12081431,42.3748530170001
21963,9963315,GRAND RIVER,SCHAEFER,2017-02-12,12,2,2017,21,1,8,3,,1,0,,1,1,5,40,5,2,3,5,0,0,0,0,true,,false,false,false,false,false,,,,,,false,true,true,,,false,false,false,false,false,-83.17793,42.38442,"{
  ""coordinates"": [
    -8.317793442500000e+01,
    4.238441963600010e+01
  ],
  ""type"": ""Point""
}","{
  ""coordinates"": [
    -83.177934425,
    42.384419636
  ],
  ""type"": ""Point""
}",-83.177934425,42.3844196360001
21964,9952514,W/B I 96,TELEGRAPH,2017-02-12,12,2,2017,6,1,1,1,,1,1,,2,4,4,55,4,1,1,5,0,0,0,0,true,,false,false,false,false,false,,,,,,false,false,false,,,false,false,false,false,false,-83.26627,42.38579,"{
  ""coordinates"": [
    -8.326627631199990e+01,
    4.238578818600010e+01
  ],
  ""type"": ""Point""
}","{
  ""coordinates"": [
    -83.266276312,
    42.385788186
  ],
  ""type"": ""Point""
}",-83.2662763119999,42.3857881860001
21965,9956749,CADIEUX,MACK,2017-02-12,12,2,2017,11,1,5,9,,4,0,,2,4,1,35,4,2,1,4,0,0,0,1,false,,false,false,true,false,false,,,,,,false,false,false,,,false,false,false,false,false,-82.92241,42.39486,"{
  ""coordinates"": [
    -8.292241092099989e+01,
    4.239486192300010e+01
  ],
  ""type"": ""Point""
}","{
  ""coordinates"": [
    -82.922410921,
    42.394861923
  ],
  ""type"": ""Point""
}",-82.9224109209999,42.3948619230001
21966,9964149,DIX,WATERMAN,2017-02-12,12,2,2017,14,1,5,9,,4,0,,1,1,1,30,2,2,6,3,0,0,1,0,false,,false,false,true,false,false,,,,,,false,true,false,,,false,false,false,false,false,-83.11695,42.31599,"{
  ""coordinates"": [
    -8.311695449099990e+01,
    4.231598816900000e+01
  ],
  ""type"": ""Point""
}","{
  ""coordinates"": [
    -83.116954491,
    42.315988169
  ],
  ""type"": ""Point""
}",-83.1169544909999,42.315988169
21967,9951467,E I 94,HARPER,2017-02-12,12,2,2017,1,1,5,1,,1,0,,2,4,4,55,3,2,3,4,0,0,0,1,false,,false,false,false,false,false,,,,,,false,false,false,,,false,false,false,false,false,-82.94794,42.4093,"{
  ""coordinates"": [
    -8.294793526200000e+01,
    4.240930278000010e+01
  ],
  ""type"": ""Point""
}","{
  ""coordinates"": [
    -82.947935262,
    42.40930278
  ],
  ""type"": ""Point""
}",-82.947935262,42.4093027800001
21968,9966505,VERNIER,KELLY,2017-02-12,12,2,2017,20,1,4,3,,1,0,,1,2,4,40,4,2,2,5,0,0,0,0,true,,false,false,false,false,false,,,,,,false,false,false,,,false,false,false,false,false,-82.94073,42.45023,"{
  ""coordinates"": [
    -8.294073577400000e+01,
    4.245023029600000e+01
  ],
  ""type"": ""Point""
}","{
  ""coordinates"": [
    -82.940735774,
    42.450230296
  ],
  ""type"": ""Point""
}",-82.940735774,42.450230296
21969,9957541,S I 375,LARNED,2017-02-12,12,2,2017,12,1,1,1,,1,1,,2,1,1,55,2,1,1,5,0,0,0,0,true,,false,false,false,false,false,,,,,,false,false,false,,,false,false,false,false,false,-83.03675,42.33385,"{
  ""coordinates"": [
    -8.303675004000000e+01,
    4.233385524700000e+01
  ],
  ""type"": ""Point""
}","{
  ""coordinates"": [
    -83.03675004,
    42.333855247
  ],
  ""type"": ""Point""
}",-83.03675004,42.333855247
21970,9962310,I-75,DAVISON,2017-02-12,12,2,2017,5,1,8,1,,1,0,,2,4,4,70,4,2,3,5,0,0,0,0,true,,false,false,false,false,false,,,,,,false,false,true,,,false,false,false,false,false,-83.07809,42.40768,"{
  ""coordinates"": [
    -8.307809271100000e+01,
    4.240768411200000e+01
  ],
  ""type"": ""Point""
}","{
  ""coordinates"": [
    -83.078092711,
    42.407684112
  ],
  ""type"": ""Point""
}",-83.078092711,42.407684112
21971,9952547,WYOMING,PURITAN,2017-02-12,12,2,2017,8,1,5,9,,4,0,,2,2,1,35,5,2,2,4,0,0,0,1,false,,false,false,true,false,false,,,,,,false,false,false,,,false,false,false,false,false,-83.16,42.40967,"{
  ""coordinates"": [
    -8.315999722700001e+01,
    4.240966963000010e+01
  ],
  ""type"": ""Point""
}","{
  ""coordinates"": [
    -83.159997227,
    42.40966963
  ],
  ""type"": ""Point""
}",-83.159997227,42.4096696300001
21972,9952516,TIREMAN,OAKMAN,2017-02-12,12,2,2017,15,1,5,9,,2,0,,1,1,1,30,2,2,1,4,0,0,0,1,false,,false,false,true,false,false,,,,,,false,true,false,,,false,false,false,false,false,-83.16995,42.35145,"{
  ""coordinates"": [
    -8.316995499399999e+01,
    4.235144762200010e+01
  ],
  ""type"": ""Point""
}","{
  ""coordinates"": [
    -83.169954994,
    42.351447622
  ],
  ""type"": ""Point""
}",-83.169954994,42.3514476220001
21973,9954397,MARTIN LUTHER KING JR,LINCOLN,2017-02-12,12,2,2017,10,1,4,9,,4,0,,2,2,1,30,3,2,3,5,0,0,0,0,true,,false,false,false,false,false,,,,,,false,true,false,,,false,false,false,false,false,-83.07164,42.34208,"{
  ""coordinates"": [
    -8.307164344400000e+01,
    4.234208317000010e+01
  ],
  ""type"": ""Point""
}","{
  ""coordinates"": [
    -83.071643444,
    42.34208317
  ],
  ""type"": ""Point""
}",-83.071643444,42.3420831700001
21974,9950407,W I 94,MOROSS,2017-02-12,12,2,2017,5,1,5,1,,1,0,,2,4,4,35,3,2,2,5,0,0,0,0,true,,false,false,false,false,false,,,,,,false,false,false,,,false,false,false,false,false,-82.92869,42.42474,"{
  ""coordinates"": [
    -8.292868803000000e+01,
    4.242473608800000e+01
  ],
  ""type"": ""Point""
}","{
  ""coordinates"": [
    -82.92868803,
    42.424736088
  ],
  ""type"": ""Point""
}",-82.92868803,42.424736088
21975,9953380,SOUTHFIELD SERVICE DRIVE,MCNICHOLS,2017-02-12,12,2,2017,18,1,97,9,,4,0,,1,1,3,35,2,2,1,5,0,0,0,0,true,,false,false,true,false,false,,,,,,false,false,false,,,false,false,false,false,false,-83.21922,42.41559,"{
  ""coordinates"": [
    -8.321922250999999e+01,
    4.241558824300010e+01
  ],
  ""type"": ""Point""
}","{
  ""coordinates"": [
    -83.21922251,
    42.415588243
  ],
  ""type"": ""Point""
}",-83.21922251,42.4155882430001
21976,9954351,JEFFERSON,RIVARD,2017-02-12,12,2,2017,13,1,5,9,,4,0,,1,1,1,35,7,3,2,4,0,0,0,1,false,,false,false,true,false,false,,,,,,false,true,false,,,false,false,false,false,false,-83.0342,42.33328,"{
  ""coordinates"": [
    -8.303420097000000e+01,
    4.233327867100010e+01
  ],
  ""type"": ""Point""
}","{
  ""coordinates"": [
    -83.03420097,
    42.333278671
  ],
  ""type"": ""Point""
}",-83.03420097,42.3332786710001
21977,9950350,W I 96,RAMP 141D,2017-02-12,12,2,2017,3,1,8,1,,1,0,,2,4,4,20,1,2,2,5,0,0,0,0,true,,false,false,false,true,false,,,,,,false,false,false,,,false,false,false,false,false,-83.14338,42.36946,"{
  ""coordinates"": [
    -8.314338062000000e+01,
    4.236946222200000e+01
  ],
  ""type"": ""Point""
}","{
  ""coordinates"": [
    -83.14338062,
    42.369462222
  ],
  ""type"": ""Point""
}",-83.14338062,42.369462222
21978,9951550,GRAND,SHIAWASEE,2017-02-12,12,2,2017,10,1,97,3,,1,0,,1,1,1,35,3,2,4,5,0,0,0,0,true,,false,false,false,false,false,,,,,,false,false,false,,,false,false,false,false,false,-83.2724,42.42261,"{
  ""coordinates"": [
    -8.327240077000000e+01,
    4.242261024400010e+01
  ],
  ""type"": ""Point""
}","{
  ""coordinates"": [
    -83.27240077,
    42.422610244
  ],
  ""type"": ""Point""
}",-83.27240077,42.4226102440001
21979,9951449,W I 96,GRAND RIVER,2017-02-12,12,2,2017,3,1,1,1,,1,1,,2,4,4,70,4,1,1,2,0,1,0,0,false,,false,false,false,false,false,,,,,,false,false,false,,,false,false,false,false,false,-83.17451,42.38416,"{
  ""coordinates"": [
    -8.317451188800000e+01,
    4.238416234200000e+01
  ],
  ""type"": ""Point""
}","{
  ""coordinates"": [
    -83.174511888,
    42.384162342
  ],
  ""type"": ""Point""
}",-83.174511888,42.384162342
21980,9951534,S I 75 SERVICE DRIVE,CLIFFORD,2017-02-12,12,2,2017,0,1,4,9,,4,0,,2,4,4,25,2,2,2,5,0,0,0,0,true,,true,true,false,false,false,,,,,,false,false,true,,,false,false,false,false,false,-83.0562,42.33883,"{
  ""coordinates"": [
    -8.305619774199990e+01,
    4.233883011800000e+01
  ],
  ""type"": ""Point""
}","{
  ""coordinates"": [
    -83.056197742,
    42.338830118
  ],
  ""type"": ""Point""
}",-83.0561977419999,42.338830118
21981,9951455,RAMP 3213L,I-96,2017-02-12,12,2,2017,2,1,1,1,,1,1,,2,4,4,55,1,1,1,4,0,0,0,1,false,,false,false,false,false,false,,,,,,false,false,false,,,false,false,false,false,false,-83.10012,42.35203,"{
  ""coordinates"": [
    -8.310011857099990e+01,
    4.235203058300000e+01
  ],
  ""type"": ""Point""
}","{
  ""coordinates"": [
    -83.100118571,
    42.352030583
  ],
  ""type"": ""Point""
}",-83.1001185709999,42.352030583
21982,9956783,CHALMERS,LONGVIEW,2017-02-12,12,2,2017,14,1,97,9,,4,0,,1,1,1,30,2,2,4,5,0,0,0,0,true,,false,false,false,false,false,,,,,,false,true,false,,,false,false,false,false,false,-82.96868,42.41126,"{
  ""coordinates"": [
    -8.296867809799990e+01,
    4.241126064900000e+01
  ],
  ""type"": ""Point""
}","{
  ""coordinates"": [
    -82.968678098,
    42.411260649
  ],
  ""type"": ""Point""
}",-82.9686780979999,42.411260649
21983,9959122,ASBURY,GROVE,2017-02-12,12,2,2017,22,1,4,9,,4,0,,1,1,5,25,2,2,2,3,0,0,1,0,false,,false,false,true,false,false,,,,,,false,false,false,,,false,false,false,false,false,-83.20896,42.41395,"{
  ""coordinates"": [
    -8.320896509900000e+01,
    4.241395296800000e+01
  ],
  ""type"": ""Point""
}","{
  ""coordinates"": [
    -83.208965099,
    42.413952968
  ],
  ""type"": ""Point""
}",-83.208965099,42.413952968
21984,9951547,PARKWAY,DOVER,2017-02-12,12,2,2017,2,1,4,9,,,0,,2,4,4,0,2,2,3,5,0,0,0,0,true,,true,false,true,false,false,,,,,,false,false,false,,,false,false,false,false,false,-83.26532,42.35942,"{
  ""coordinates"": [
    -8.326532179700000e+01,
    4.235941810300010e+01
  ],
  ""type"": ""Point""
}","{
  ""coordinates"": [
    -83.265321797,
    42.359418103
  ],
  ""type"": ""Point""
}",-83.265321797,42.3594181030001
21985,9950513,MCNICHOLS,SNOWDEN,2017-02-11,11,2,2017,11,7,8,9,,2,0,,1,1,1,35,6,2,2,5,0,0,0,0,true,,false,false,false,false,false,,,,,,false,true,false,,,false,false,false,false,false,-83.17718,42.4166,"{
  ""coordinates"": [
    -8.317717413799990e+01,
    4.241660467400000e+01
  ],
  ""type"": ""Point""
}","{
  ""coordinates"": [
    -83.177174138,
    42.416604674
  ],
  ""type"": ""Point""
}",-83.1771741379999,42.416604674
21986,9955286,FISHER,2ND,2017-02-11,11,2,2017,19,7,4,1,,4,0,,2,2,4,25,3,2,2,5,0,0,0,0,true,,false,false,false,false,false,,,,,,false,true,false,,,false,false,false,false,false,-83.05866,42.33721,"{
  ""coordinates"": [
    -8.305866071199991e+01,
    4.233720914700010e+01
  ],
  ""type"": ""Point""
}","{
  ""coordinates"": [
    -83.058660712,
    42.337209147
  ],
  ""type"": ""Point""
}",-83.0586607119999,42.3372091470001
21987,9952541,OUTER,STOEPEL,2017-02-11,11,2,2017,20,7,4,9,,2,0,,2,4,4,30,2,2,1,5,0,0,0,0,true,,false,false,true,false,false,,,,,,false,true,false,,,false,false,false,false,false,-83.14273,42.43532,"{
  ""coordinates"": [
    -8.314273057699999e+01,
    4.243532298100010e+01
  ],
  ""type"": ""Point""
}","{
  ""coordinates"": [
    -83.142730577,
    42.435322981
  ],
  ""type"": ""Point""
}",-83.142730577,42.4353229810001
21988,9957572,FENKELL,WHITCOMB,2017-02-11,11,2,2017,21,7,4,9,,2,0,,2,4,4,30,4,2,2,5,0,0,0,0,true,,false,false,true,false,false,,,,,,false,false,false,,,false,false,false,false,false,-83.19624,42.40159,"{
  ""coordinates"": [
    -8.319623761699999e+01,
    4.240159301000010e+01
  ],
  ""type"": ""Point""
}","{
  ""coordinates"": [
    -83.196237617,
    42.40159301
  ],
  ""type"": ""Point""
}",-83.196237617,42.4015930100001
21989,9950425,7 MILE,LAHSER,2017-02-11,11,2,2017,3,7,4,9,,2,0,,1,1,4,35,2,2,2,5,0,0,0,0,true,,false,false,false,true,false,,,,,,false,false,true,,,false,false,false,false,false,-83.25856,42.42912,"{
  ""coordinates"": [
    -8.325856218800000e+01,
    4.242912429200000e+01
  ],
  ""type"": ""Point""
}","{
  ""coordinates"": [
    -83.258562188,
    42.429124292
  ],
  ""type"": ""Point""
}",-83.258562188,42.429124292
21990,9950442,LAFAYETTE,BELLEVUE,2017-02-11,11,2,2017,12,7,98,9,,4,0,,1,1,1,30,2,2,3,4,0,0,0,1,false,,false,false,true,false,false,,,,,,false,false,false,,,false,false,false,false,false,-83.00832,42.34856,"{
  ""coordinates"": [
    -8.300832041000000e+01,
    4.234855922200010e+01
  ],
  ""type"": ""Point""
}","{
  ""coordinates"": [
    -83.00832041,
    42.348559222
  ],
  ""type"": ""Point""
}",-83.00832041,42.3485592220001
21991,9951514,M-39,7 MILE,2017-02-11,11,2,2017,13,7,1,3,,1,1,,1,2,1,55,3,1,2,5,0,0,0,0,true,,false,false,false,false,false,,,,,,false,false,false,,,false,false,false,false,false,-83.21907,42.4264,"{
  ""coordinates"": [
    -8.321906729599991e+01,
    4.242640163200010e+01
  ],
  ""type"": ""Point""
}","{
  ""coordinates"": [
    -83.219067296,
    42.426401632
  ],
  ""type"": ""Point""
}",-83.2190672959999,42.4264016320001
21992,9950397,MONTCLAIR,SHOEMAKER,2017-02-11,11,2,2017,5,7,4,9,,,0,,1,1,5,25,2,2,2,5,0,0,0,0,true,,true,false,false,false,false,,,,,,false,false,true,,,false,false,false,false,false,-82.99255,42.3894,"{
  ""coordinates"": [
    -8.299255056800000e+01,
    4.238940048600010e+01
  ],
  ""type"": ""Point""
}","{
  ""coordinates"": [
    -82.992550568,
    42.389400486
  ],
  ""type"": ""Point""
}",-82.992550568,42.3894004860001
21993,9950469,MCNICHOLS,PREVOST,2017-02-11,11,2,2017,0,7,1,9,,2,0,,1,1,4,35,4,1,0,5,0,0,0,0,true,,false,false,true,false,false,,,,,,false,false,false,,,false,false,false,false,false,-83.20351,42.41588,"{
  ""coordinates"": [
    -8.320351324599990e+01,
    4.241588289400000e+01
  ],
  ""type"": ""Point""
}","{
  ""coordinates"": [
    -83.203513246,
    42.415882894
  ],
  ""type"": ""Point""
}",-83.2035132459999,42.415882894
21994,9954330,M-39,7 MILE,2017-02-11,11,2,2017,19,7,8,3,,1,0,,2,4,4,55,4,2,4,3,0,0,1,1,false,,false,false,false,false,false,,,,,,false,false,true,,,false,false,false,false,false,-83.21924,42.4303,"{
  ""coordinates"": [
    -8.321923905400000e+01,
    4.243030128200010e+01
  ],
  ""type"": ""Point""
}","{
  ""coordinates"": [
    -83.219239054,
    42.430301282
  ],
  ""type"": ""Point""
}",-83.219239054,42.4303012820001
21995,9950480,GRATIOT,WILFRED,2017-02-11,11,2,2017,7,7,4,3,,1,0,,1,2,1,35,7,2,4,5,0,0,0,0,true,,false,false,false,false,false,,,,,,false,false,true,,,false,false,false,false,false,-82.99311,42.41162,"{
  ""coordinates"": [
    -8.299311306999989e+01,
    4.241161547000010e+01
  ],
  ""type"": ""Point""
}","{
  ""coordinates"": [
    -82.99311307,
    42.41161547
  ],
  ""type"": ""Point""
}",-82.9931130699999,42.4116154700001
21996,9950398,JEFFERSON,MONTCLAIR,2017-02-11,11,2,2017,7,7,1,9,,4,0,,1,2,4,35,7,1,1,5,0,0,0,0,true,,false,false,false,false,false,,,,,,false,false,false,,,false,false,false,false,false,-82.97557,42.36464,"{
  ""coordinates"": [
    -8.297556999800000e+01,
    4.236463647300010e+01
  ],
  ""type"": ""Point""
}","{
  ""coordinates"": [
    -82.975569998,
    42.364636473
  ],
  ""type"": ""Point""
}",-82.975569998,42.3646364730001
21997,9950460,LAHSER,MCNICHOLS,2017-02-11,11,2,2017,17,7,9,9,,2,2,,1,1,1,35,2,2,2,4,0,0,0,1,false,,false,false,false,true,false,,,,,,false,false,false,,,false,false,false,false,false,-83.25745,42.4142,"{
  ""coordinates"": [
    -8.325744334800000e+01,
    4.241419701200000e+01
  ],
  ""type"": ""Point""
}","{
  ""coordinates"": [
    -83.257443348,
    42.414197012
  ],
  ""type"": ""Point""
}",-83.257443348,42.414197012
21998,9998360,OUTER,GREINER,2017-02-11,11,2,2017,1,7,8,9,,2,0,,1,1,4,35,4,2,2,5,0,0,0,0,true,,false,false,true,false,false,,,,,,false,false,false,,,false,false,false,false,false,-83.01431,42.42733,"{
  ""coordinates"": [
    -8.301430598600000e+01,
    4.242733232200000e+01
  ],
  ""type"": ""Point""
}","{
  ""coordinates"": [
    -83.014305986,
    42.427332322
  ],
  ""type"": ""Point""
}",-83.014305986,42.427332322
21999,9950399,NOTTINGHAM,WAVENEY,2017-02-11,11,2,2017,11,7,4,9,,,0,,1,2,1,25,2,2,3,3,0,0,1,1,false,,false,false,true,false,false,,,,,,false,false,true,,,false,false,false,false,false,-82.94555,42.39418,"{
  ""coordinates"": [
    -8.294554967999990e+01,
    4.239418248100000e+01
  ],
  ""type"": ""Point""
}","{
  ""coordinates"": [
    -82.94554968,
    42.394182481
  ],
  ""type"": ""Point""
}",-82.9455496799999,42.394182481
22000,9951553,CONANT,OUTER,2017-02-11,11,2,2017,20,7,4,9,,4,0,,2,4,4,35,2,2,4,5,0,0,0,0,true,,false,false,true,false,false,,,,,,false,false,false,,,false,false,false,false,false,-83.07868,42.4399,"{
  ""coordinates"": [
    -8.307867938000000e+01,
    4.243989477300000e+01
  ],
  ""type"": ""Point""
}","{
  ""coordinates"": [
    -83.07867938,
    42.439894773
  ],
  ""type"": ""Point""
}",-83.07867938,42.439894773
22001,9953361,CASS,ELIZABETH,2017-02-11,11,2,2017,14,7,5,9,,4,0,,1,2,2,25,2,2,7,5,0,0,0,0,true,,false,false,false,false,false,,,,,,false,false,true,,,false,false,false,false,false,-83.05522,42.33593,"{
  ""coordinates"": [
    -8.305522431299990e+01,
    4.233592627300000e+01
  ],
  ""type"": ""Point""
}","{
  ""coordinates"": [
    -83.055224313,
    42.335926273
  ],
  ""type"": ""Point""
}",-83.0552243129999,42.335926273
22002,9950424,ERWIN,LYNCH,2017-02-11,11,2,2017,10,7,8,9,,4,0,,1,1,1,35,3,2,1,5,0,0,0,0,true,,false,false,false,false,false,,,,,,false,false,false,,,false,false,false,false,false,-83.01837,42.40513,"{
  ""coordinates"": [
    -8.301836978400000e+01,
    4.240512780500010e+01
  ],
  ""type"": ""Point""
}","{
  ""coordinates"": [
    -83.018369784,
    42.405127805
  ],
  ""type"": ""Point""
}",-83.018369784,42.4051278050001