ObjectId,Crash ID,Primary Road,Intersecting Road,Crash Date,Day,Month,Year,Hour,Weekday,Crash Type Code,Highway Classification Code,Community Code,Jurisdiction Code,Lane Departure Type Code,Surface Type,Road Condition,Weather Condition,Lighting Condition,Speed Limit,Lanes,Units,Occupants,Most Severe Injury,Fatal Injuries,Suspected Serious Injuries,Suspected Minor Injuries,Possible Injuries,Property Damage Only,Secondary Crash,Traffic Control,Red Light Run,Hit and Run,Alcohol,Drugs,Unbelted Person,Work Zone,Speeding Driver,Distracted Driver,Driveway,Pedestrian,Elderly Driver,Young Driver,Commercial Vehicle,Emergency Vehicles,Train,School Bus,Motorcycle,Bicycle,Deer,Longitude,Latitude,geom,geog,x,y
22003,9951510,N M 39,FITZPATRICK,2017-02-11,11,2,2017,19,7,5,3,,1,0,,2,4,4,55,3,2,2,5,0,0,0,0,true,,false,false,false,false,false,,,,,,false,false,false,,,false,false,false,false,false,-83.21636,42.36413,"{
  ""coordinates"": [
    -8.321636538000000e+01,
    4.236412985200010e+01
  ],
  ""type"": ""Point""
}","{
  ""coordinates"": [
    -83.21636538,
    42.364129852
  ],
  ""type"": ""Point""
}",-83.21636538,42.3641298520001
22004,9950347,E I 94 SERVICE DRIVE,ROHNS,2017-02-11,11,2,2017,1,7,8,9,,,0,,2,1,4,55,3,2,2,3,0,0,1,1,false,,false,false,false,true,false,,,,,,false,false,false,,,false,false,false,false,false,-83.01113,42.38937,"{
  ""coordinates"": [
    -8.301113061599990e+01,
    4.238937336900010e+01
  ],
  ""type"": ""Point""
}","{
  ""coordinates"": [
    -83.011130616,
    42.389373369
  ],
  ""type"": ""Point""
}",-83.0111306159999,42.3893733690001
22005,9950502,WOODINGHAM,PURITAN,2017-02-11,11,2,2017,5,7,8,9,,,0,,1,1,4,25,2,2,1,5,0,0,0,0,true,,false,false,false,true,false,,,,,,false,false,false,,,false,false,false,false,false,-83.14983,42.41092,"{
  ""coordinates"": [
    -8.314982490800000e+01,
    4.241091762600010e+01
  ],
  ""type"": ""Point""
}","{
  ""coordinates"": [
    -83.149824908,
    42.410917626
  ],
  ""type"": ""Point""
}",-83.149824908,42.4109176260001
22006,9950390,CENTRAL,WALDO,2017-02-11,11,2,2017,21,7,9,9,,4,2,,2,4,4,35,2,2,3,5,0,0,0,0,true,,false,false,false,true,false,,,,,,false,false,false,,,false,false,false,false,false,-83.13374,42.32569,"{
  ""coordinates"": [
    -8.313374296400001e+01,
    4.232569069600000e+01
  ],
  ""type"": ""Point""
}","{
  ""coordinates"": [
    -83.133742964,
    42.325690696
  ],
  ""type"": ""Point""
}",-83.133742964,42.325690696
22007,9964155,SOUTHFIELD SERVICE DRIVE,MCNICHOLS,2017-02-11,11,2,2017,14,7,8,3,,4,0,,1,1,1,35,3,2,4,5,0,0,0,0,true,,false,false,false,false,false,,,,,,false,false,false,,,false,false,false,false,false,-83.21839,42.41555,"{
  ""coordinates"": [
    -8.321839332699990e+01,
    4.241555481800000e+01
  ],
  ""type"": ""Point""
}","{
  ""coordinates"": [
    -83.218393327,
    42.415554818
  ],
  ""type"": ""Point""
}",-83.2183933269999,42.415554818
22008,9950462,BURT,HESSEL,2017-02-11,11,2,2017,9,7,4,9,,4,0,,1,1,1,25,2,2,3,5,0,0,0,0,true,,true,false,false,false,false,,,,,,false,false,false,,,false,false,false,false,false,-83.24907,42.44185,"{
  ""coordinates"": [
    -8.324907271300000e+01,
    4.244185325800000e+01
  ],
  ""type"": ""Point""
}","{
  ""coordinates"": [
    -83.249072713,
    42.441853258
  ],
  ""type"": ""Point""
}",-83.249072713,42.441853258
22009,9954360,PURITAN,MARLOWE,2017-02-11,11,2,2017,22,7,97,9,,4,0,,2,4,3,35,2,2,2,5,0,0,0,0,true,,false,false,false,false,false,,,,,,true,false,false,,,false,false,false,false,false,-83.19095,42.40901,"{
  ""coordinates"": [
    -8.319094507100000e+01,
    4.240900648800000e+01
  ],
  ""type"": ""Point""
}","{
  ""coordinates"": [
    -83.190945071,
    42.409006488
  ],
  ""type"": ""Point""
}",-83.190945071,42.409006488
22010,9951529,OWEN,JOHN R,2017-02-11,11,2,2017,1,7,1,9,,4,0,,1,2,4,25,2,1,1,5,0,0,0,0,true,,false,false,false,true,false,,,,,,false,false,false,,,false,false,false,false,false,-83.07885,42.38384,"{
  ""coordinates"": [
    -8.307885286100000e+01,
    4.238383917000000e+01
  ],
  ""type"": ""Point""
}","{
  ""coordinates"": [
    -83.078852861,
    42.38383917
  ],
  ""type"": ""Point""
}",-83.078852861,42.38383917
22011,9969221,MCMILLAN,LANSING,2017-02-11,11,2,2017,4,7,2,9,,,2,,1,1,4,25,2,2,0,5,0,0,0,0,true,,false,false,true,false,false,,,,,,false,false,false,,,false,false,false,false,false,-83.09917,42.32085,"{
  ""coordinates"": [
    -8.309916645500000e+01,
    4.232085432700010e+01
  ],
  ""type"": ""Point""
}","{
  ""coordinates"": [
    -83.099166455,
    42.320854327
  ],
  ""type"": ""Point""
}",-83.099166455,42.3208543270001
22012,9951457,I-75,BRUSH,2017-02-11,11,2,2017,14,7,8,7,,1,0,,1,2,1,55,4,2,2,5,0,0,0,0,true,,false,false,true,false,false,,,,,,false,false,false,,,false,false,false,false,false,-83.04887,42.34151,"{
  ""coordinates"": [
    -8.304887341400000e+01,
    4.234151364000010e+01
  ],
  ""type"": ""Point""
}","{
  ""coordinates"": [
    -83.048873414,
    42.34151364
  ],
  ""type"": ""Point""
}",-83.048873414,42.3415136400001
22013,9951485,W I 96,GREENFIELD,2017-02-11,11,2,2017,9,7,1,1,,1,1,,2,1,1,55,3,1,1,5,0,0,0,0,true,,false,false,false,false,false,,,,,,false,false,false,,,false,false,false,false,false,-83.19637,42.37925,"{
  ""coordinates"": [
    -8.319637605900000e+01,
    4.237924930500000e+01
  ],
  ""type"": ""Point""
}","{
  ""coordinates"": [
    -83.196376059,
    42.379249305
  ],
  ""type"": ""Point""
}",-83.196376059,42.379249305
22014,9954374,7 MILE,RUTHERFORD,2017-02-11,11,2,2017,1,7,97,9,,2,0,,1,1,4,35,4,2,1,1,1,0,0,0,false,,false,false,true,false,false,,,,,,true,false,false,,,false,false,false,false,false,-83.20547,42.43034,"{
  ""coordinates"": [
    -8.320546482100001e+01,
    4.243034228800010e+01
  ],
  ""type"": ""Point""
}","{
  ""coordinates"": [
    -83.205464821,
    42.430342288
  ],
  ""type"": ""Point""
}",-83.205464821,42.4303422880001
22015,9956751,MACK,BEWICK,2017-02-11,11,2,2017,20,7,1,9,,4,0,,2,4,4,0,3,2,2,3,0,0,1,0,false,,false,false,true,false,false,,,,,,false,false,false,,,false,false,false,true,false,-82.98883,42.37448,"{
  ""coordinates"": [
    -8.298883378999990e+01,
    4.237447565200010e+01
  ],
  ""type"": ""Point""
}","{
  ""coordinates"": [
    -82.98883379,
    42.374475652
  ],
  ""type"": ""Point""
}",-82.9888337899999,42.3744756520001
22016,9952551,MCNICHOLS,N M 10,2017-02-11,11,2,2017,20,7,5,9,,2,0,,1,1,3,35,4,2,1,4,0,0,0,1,false,,false,false,true,false,false,,,,,,false,false,true,,,false,false,false,false,false,-83.17216,42.41665,"{
  ""coordinates"": [
    -8.317216300800000e+01,
    4.241664719500010e+01
  ],
  ""type"": ""Point""
}","{
  ""coordinates"": [
    -83.172163008,
    42.416647195
  ],
  ""type"": ""Point""
}",-83.172163008,42.4166471950001
22017,9969252,ROCHELLE,GROVER,2017-02-11,11,2,2017,5,7,8,9,,,0,,1,1,5,25,1,2,0,5,0,0,0,0,true,,false,false,true,false,false,,,,,,false,false,false,,,false,false,false,false,false,-82.97681,42.42303,"{
  ""coordinates"": [
    -8.297680411300000e+01,
    4.242303394000000e+01
  ],
  ""type"": ""Point""
}","{
  ""coordinates"": [
    -82.976804113,
    42.42303394
  ],
  ""type"": ""Point""
}",-82.976804113,42.42303394
22018,9957594,7 MILE,FLEMING,2017-02-11,11,2,2017,1,7,1,9,,4,0,,1,1,4,35,2,1,1,4,0,0,0,1,false,,false,false,false,false,false,,,,,,false,false,false,,,false,false,false,false,false,-83.07933,42.43291,"{
  ""coordinates"": [
    -8.307933036199999e+01,
    4.243290814400010e+01
  ],
  ""type"": ""Point""
}","{
  ""coordinates"": [
    -83.079330362,
    42.432908144
  ],
  ""type"": ""Point""
}",-83.079330362,42.4329081440001
22019,9951548,WOODMONT,GLENDALE,2017-02-11,11,2,2017,18,7,8,9,,,0,,1,1,3,25,1,2,0,5,0,0,0,0,true,,false,false,true,false,false,,,,,,false,false,false,,,false,false,false,false,false,-83.20878,42.3824,"{
  ""coordinates"": [
    -8.320878148299990e+01,
    4.238239812900010e+01
  ],
  ""type"": ""Point""
}","{
  ""coordinates"": [
    -83.208781483,
    42.382398129
  ],
  ""type"": ""Point""
}",-83.2087814829999,42.3823981290001
22020,9950349,N/B M-10,WYOMING,2017-02-11,11,2,2017,2,7,5,3,,1,0,,1,1,4,55,3,2,2,4,0,0,0,1,false,,false,false,false,true,true,,,,,,false,false,false,,,false,false,false,false,false,-83.16134,42.40605,"{
  ""coordinates"": [
    -8.316133718299990e+01,
    4.240604712800010e+01
  ],
  ""type"": ""Point""
}","{
  ""coordinates"": [
    -83.161337183,
    42.406047128
  ],
  ""type"": ""Point""
}",-83.1613371829999,42.4060471280001
22021,9950369,GREENFIELD,MIDLAND,2017-02-11,11,2,2017,17,7,4,9,,2,0,,1,1,1,35,6,2,5,5,0,0,0,0,true,,false,false,false,false,false,,,,,,false,false,true,,,false,false,false,false,false,-83.1989,42.40593,"{
  ""coordinates"": [
    -8.319890185400000e+01,
    4.240593440500000e+01
  ],
  ""type"": ""Point""
}","{
  ""coordinates"": [
    -83.198901854,
    42.405934405
  ],
  ""type"": ""Point""
}",-83.198901854,42.405934405
22022,9950493,MT ELLIOTT,DOREMUS,2017-02-11,11,2,2017,15,7,8,9,,4,0,,1,1,1,35,2,3,1,5,0,0,0,0,true,,false,false,true,false,false,,,,,,false,true,false,,,false,false,false,false,false,-83.03763,42.3988,"{
  ""coordinates"": [
    -8.303762796400000e+01,
    4.239880492700010e+01
  ],
  ""type"": ""Point""
}","{
  ""coordinates"": [
    -83.037627964,
    42.398804927
  ],
  ""type"": ""Point""
}",-83.037627964,42.3988049270001
22023,9951536,DEACON,OMAHA,2017-02-11,11,2,2017,16,7,98,9,,,0,,1,1,1,25,2,2,0,5,0,0,0,0,true,,false,false,true,false,false,,,,,,false,false,false,,,false,false,false,false,false,-83.15405,42.2674,"{
  ""coordinates"": [
    -8.315405370600000e+01,
    4.226740291100000e+01
  ],
  ""type"": ""Point""
}","{
  ""coordinates"": [
    -83.154053706,
    42.267402911
  ],
  ""type"": ""Point""
}",-83.154053706,42.267402911
22024,1045119,MCNICHOLS,MEYERS,2017-02-11,11,2,2017,15,7,5,9,,2,0,,1,1,3,35,4,2,3,5,0,0,0,0,true,,false,false,false,false,false,,,,,,false,false,true,,,false,false,false,false,false,-83.17198,42.41665,"{
  ""coordinates"": [
    -8.317198171000000e+01,
    4.241664803600000e+01
  ],
  ""type"": ""Point""
}","{
  ""coordinates"": [
    -83.17198171,
    42.416648036
  ],
  ""type"": ""Point""
}",-83.17198171,42.416648036
22025,9950511,WILDEMERE,PHILADEPHIA,2017-02-11,11,2,2017,0,7,5,9,,,0,,1,1,4,25,2,2,2,5,0,0,0,0,true,,false,false,false,false,false,,,,,,false,false,false,,,false,false,false,false,false,-83.11063,42.36589,"{
  ""coordinates"": [
    -8.311062910699999e+01,
    4.236589041500010e+01
  ],
  ""type"": ""Point""
}","{
  ""coordinates"": [
    -83.110629107,
    42.365890415
  ],
  ""type"": ""Point""
}",-83.110629107,42.3658904150001
22026,9950481,DICKERSON,GLENFIELD,2017-02-11,11,2,2017,1,7,4,9,,4,0,,1,1,4,30,2,2,6,4,0,0,0,2,false,,true,false,false,true,true,,,,,,false,false,true,,,false,false,false,false,false,-82.98104,42.41483,"{
  ""coordinates"": [
    -8.298104104700001e+01,
    4.241482990300010e+01
  ],
  ""type"": ""Point""
}","{
  ""coordinates"": [
    -82.981041047,
    42.414829903
  ],
  ""type"": ""Point""
}",-82.981041047,42.4148299030001
22027,9956736,CENTRAL,PITT,2017-02-11,11,2,2017,16,7,5,9,,4,0,,1,1,3,30,2,2,3,5,0,0,0,0,true,,false,false,false,false,false,,,,,,false,false,true,,,false,false,false,false,false,-83.12578,42.31468,"{
  ""coordinates"": [
    -8.312577970599990e+01,
    4.231467630700010e+01
  ],
  ""type"": ""Point""
}","{
  ""coordinates"": [
    -83.125779706,
    42.314676307
  ],
  ""type"": ""Point""
}",-83.1257797059999,42.3146763070001
22028,9950348,N M 39,RAMP 008A,2017-02-11,11,2,2017,2,7,1,3,,1,1,,1,1,4,55,3,1,1,5,0,0,0,0,true,,false,false,false,false,false,,,,,,false,false,false,,,false,false,false,false,false,-83.21644,42.36908,"{
  ""coordinates"": [
    -8.321643601800000e+01,
    4.236908301700000e+01
  ],
  ""type"": ""Point""
}","{
  ""coordinates"": [
    -83.216436018,
    42.369083017
  ],
  ""type"": ""Point""
}",-83.216436018,42.369083017
22029,9950376,GRAND RIVER,W I 94,2017-02-11,11,2,2017,10,7,4,3,,1,0,,1,2,1,35,7,2,2,4,0,0,0,2,false,,true,true,false,true,false,,,,,,false,false,false,,,false,false,false,false,false,-83.0957,42.35129,"{
  ""coordinates"": [
    -8.309569537899991e+01,
    4.235128839700010e+01
  ],
  ""type"": ""Point""
}","{
  ""coordinates"": [
    -83.095695379,
    42.351288397
  ],
  ""type"": ""Point""
}",-83.0956953789999,42.3512883970001
22030,9951551,DAVISON,LINWOOD,2017-02-11,11,2,2017,10,7,8,3,,1,0,,1,1,1,35,6,2,2,5,0,0,0,0,true,,false,false,false,false,false,,,,,,false,false,false,,,false,false,false,false,false,-83.1217,42.39315,"{
  ""coordinates"": [
    -8.312169460699990e+01,
    4.239314851000010e+01
  ],
  ""type"": ""Point""
}","{
  ""coordinates"": [
    -83.121694607,
    42.39314851
  ],
  ""type"": ""Point""
}",-83.1216946069999,42.3931485100001
22031,9951554,KLINGER,LAWLEY,2017-02-11,11,2,2017,22,7,8,9,,,0,,2,4,4,25,1,2,2,5,0,0,0,0,true,,false,false,false,false,false,,,,,,false,false,false,,,false,false,false,false,false,-83.06194,42.41273,"{
  ""coordinates"": [
    -8.306193385099991e+01,
    4.241273068300010e+01
  ],
  ""type"": ""Point""
}","{
  ""coordinates"": [
    -83.061933851,
    42.412730683
  ],
  ""type"": ""Point""
}",-83.0619338509999,42.4127306830001
22032,9964479,KINGSVILLE,RAYMOND,2017-02-11,11,2,2017,7,7,1,9,,,1,,1,2,1,25,1,1,1,5,0,0,0,0,true,,false,false,false,true,false,,,,,,false,false,false,,,false,false,false,false,false,-82.91499,42.42082,"{
  ""coordinates"": [
    -8.291498233999990e+01,
    4.242082034800010e+01
  ],
  ""type"": ""Point""
}","{
  ""coordinates"": [
    -82.91498234,
    42.420820348
  ],
  ""type"": ""Point""
}",-82.9149823399999,42.4208203480001
22033,9951532,WOODWARD,N I 75,2017-02-11,11,2,2017,14,7,5,3,,1,0,,1,2,1,30,7,2,3,5,0,0,0,0,true,,false,false,false,false,false,,,,,,false,false,false,,,false,false,false,false,false,-83.05284,42.3399,"{
  ""coordinates"": [
    -8.305284410699990e+01,
    4.233990073300000e+01
  ],
  ""type"": ""Point""
}","{
  ""coordinates"": [
    -83.052844107,
    42.339900733
  ],
  ""type"": ""Point""
}",-83.0528441069999,42.339900733
22034,9951456,RAMP3 215E,M-10,2017-02-11,11,2,2017,8,7,1,1,,1,1,,2,2,1,0,1,1,1,5,0,0,0,0,true,,false,false,false,false,false,,,,,,false,false,false,,,false,false,false,false,false,-83.07774,42.36178,"{
  ""coordinates"": [
    -8.307774182400000e+01,
    4.236177768500000e+01
  ],
  ""type"": ""Point""
}","{
  ""coordinates"": [
    -83.077741824,
    42.361777685
  ],
  ""type"": ""Point""
}",-83.077741824,42.361777685
22035,9954382,MADDELEIN,KELLY,2017-02-11,11,2,2017,22,7,8,9,,,0,,1,1,5,25,2,3,1,4,0,0,0,1,false,,false,false,true,false,false,,,,,,false,false,true,,,false,false,false,false,false,-82.95321,42.43655,"{
  ""coordinates"": [
    -8.295320946200000e+01,
    4.243655409900000e+01
  ],
  ""type"": ""Point""
}","{
  ""coordinates"": [
    -82.953209462,
    42.436554099
  ],
  ""type"": ""Point""
}",-82.953209462,42.436554099
22036,9950433,E I 96,EVERGREEN,2017-02-10,10,2,2017,15,6,5,1,,1,0,,1,1,1,70,4,2,2,4,0,0,0,1,false,,false,false,true,false,false,,,,,,false,true,false,,,false,false,false,false,false,-83.23609,42.37989,"{
  ""coordinates"": [
    -8.323609070600000e+01,
    4.237989043600000e+01
  ],
  ""type"": ""Point""
}","{
  ""coordinates"": [
    -83.236090706,
    42.379890436
  ],
  ""type"": ""Point""
}",-83.236090706,42.379890436
22037,9950363,WYOMING,E I 96 CD,2017-02-10,10,2,2017,8,6,1,9,,4,1,,1,1,1,35,3,1,1,4,0,0,0,1,false,,false,false,false,false,false,,,,,,false,false,false,,,false,false,false,false,false,-83.15897,42.38515,"{
  ""coordinates"": [
    -8.315896682100001e+01,
    4.238515255100000e+01
  ],
  ""type"": ""Point""
}","{
  ""coordinates"": [
    -83.158966821,
    42.385152551
  ],
  ""type"": ""Point""
}",-83.158966821,42.385152551
22038,9968214,017B,I-375,2017-02-10,10,2,2017,16,6,5,1,,1,0,,1,1,1,55,1,3,4,5,0,0,0,0,true,,false,false,true,false,false,,,,,,false,false,false,,,false,false,false,false,false,-83.03958,42.33758,"{
  ""coordinates"": [
    -8.303958046199990e+01,
    4.233757713200000e+01
  ],
  ""type"": ""Point""
}","{
  ""coordinates"": [
    -83.039580462,
    42.337577132
  ],
  ""type"": ""Point""
}",-83.0395804619999,42.337577132
22039,9950361,LYNDON,SUSSEX,2017-02-10,10,2,2017,16,6,4,9,,4,0,,1,1,1,25,4,2,1,5,0,0,0,0,true,,true,false,true,false,false,,,,,,false,false,false,,,false,false,false,false,false,-83.19471,42.39438,"{
  ""coordinates"": [
    -8.319471355300000e+01,
    4.239437821800000e+01
  ],
  ""type"": ""Point""
}","{
  ""coordinates"": [
    -83.194713553,
    42.394378218
  ],
  ""type"": ""Point""
}",-83.194713553,42.394378218
22040,9950431,WARREN,STAHELIN,2017-02-10,10,2,2017,20,6,5,9,,2,0,,1,1,4,0,2,2,2,5,0,0,0,0,true,,false,false,false,false,false,,,,,,false,false,false,,,false,false,false,false,false,-83.22405,42.3433,"{
  ""coordinates"": [
    -8.322404892700000e+01,
    4.234330157600000e+01
  ],
  ""type"": ""Point""
}","{
  ""coordinates"": [
    -83.224048927,
    42.343301576
  ],
  ""type"": ""Point""
}",-83.224048927,42.343301576
22041,9950427,FENKELL,PIERSON,2017-02-10,10,2,2017,13,6,8,9,,2,0,,1,1,1,30,4,2,2,4,0,0,0,2,false,,true,false,true,false,false,,,,,,false,false,false,,,false,false,false,false,false,-83.24596,42.40054,"{
  ""coordinates"": [
    -8.324596401500000e+01,
    4.240054047500010e+01
  ],
  ""type"": ""Point""
}","{
  ""coordinates"": [
    -83.245964015,
    42.400540475
  ],
  ""type"": ""Point""
}",-83.245964015,42.4005404750001
22042,9950366,CHICAGO,I 96 SERVICE,2017-02-10,10,2,2017,16,6,4,9,,4,0,,1,1,1,35,2,2,2,5,0,0,0,0,true,,true,true,true,false,false,,,,,,false,false,false,,,false,false,false,false,false,-83.13992,42.3675,"{
  ""coordinates"": [
    -8.313992400399999e+01,
    4.236749733700000e+01
  ],
  ""type"": ""Point""
}","{
  ""coordinates"": [
    -83.139924004,
    42.367497337
  ],
  ""type"": ""Point""
}",-83.139924004,42.367497337
22043,9950364,PLYMOUTH,HUBBELL,2017-02-10,10,2,2017,15,6,4,9,,4,0,,1,1,1,30,4,2,2,5,0,0,0,0,true,,true,true,false,false,false,,,,,,false,false,true,,,false,false,false,false,false,-83.18774,42.37284,"{
  ""coordinates"": [
    -8.318774659800000e+01,
    4.237283942800010e+01
  ],
  ""type"": ""Point""
}","{
  ""coordinates"": [
    -83.187746598,
    42.372839428
  ],
  ""type"": ""Point""
}",-83.187746598,42.3728394280001
22044,9950429,W I 96,SOUTHFIELD SERVICE DRIVE,2017-02-10,10,2,2017,14,6,5,1,,1,0,,1,1,3,0,1,2,2,5,0,0,0,0,true,,false,false,false,false,false,,,,,,false,true,false,,,false,false,false,false,false,-83.21673,42.37881,"{
  ""coordinates"": [
    -8.321672869100000e+01,
    4.237880988600010e+01
  ],
  ""type"": ""Point""
}","{
  ""coordinates"": [
    -83.216728691,
    42.378809886
  ],
  ""type"": ""Point""
}",-83.216728691,42.3788098860001
22045,9961121,SAINT MARYS,ACACIA,2017-02-10,10,2,2017,22,6,9,9,,,2,,98,98,98,25,2,2,0,5,0,0,0,0,true,,false,false,true,false,false,,,,,,false,false,false,,,false,false,false,false,false,-83.20588,42.39169,"{
  ""coordinates"": [
    -8.320587849499999e+01,
    4.239169483900000e+01
  ],
  ""type"": ""Point""
}","{
  ""coordinates"": [
    -83.205878495,
    42.391694839
  ],
  ""type"": ""Point""
}",-83.205878495,42.391694839
22046,9952550,ANTHONY WAYNE,WARREN,2017-02-10,10,2,2017,19,6,8,9,,4,0,,1,1,4,25,2,2,0,5,0,0,0,0,true,,false,false,false,false,false,,,,,,false,false,false,,,false,false,false,false,false,-83.0714,42.3546,"{
  ""coordinates"": [
    -8.307140243000001e+01,
    4.235459860600000e+01
  ],
  ""type"": ""Point""
}","{
  ""coordinates"": [
    -83.07140243,
    42.354598606
  ],
  ""type"": ""Point""
}",-83.07140243,42.354598606
22047,9950492,MT ELLIOTT,8 MILE,2017-02-10,10,2,2017,7,6,5,3,,4,0,,1,2,1,35,2,2,1,5,0,0,0,0,true,,false,false,true,false,false,,,,,,false,false,false,,,false,false,false,false,false,-83.03941,42.44748,"{
  ""coordinates"": [
    -8.303940366099989e+01,
    4.244747644700000e+01
  ],
  ""type"": ""Point""
}","{
  ""coordinates"": [
    -83.039403661,
    42.447476447
  ],
  ""type"": ""Point""
}",-83.0394036609999,42.447476447
22048,9952538,GRATIOT,IROQUOIS,2017-02-10,10,2,2017,18,6,5,3,,1,0,,1,1,2,30,8,2,2,5,0,0,0,0,true,,false,false,false,false,false,,,,,,false,false,true,,,false,false,false,false,false,-83.01215,42.38266,"{
  ""coordinates"": [
    -8.301215314500000e+01,
    4.238265858000010e+01
  ],
  ""type"": ""Point""
}","{
  ""coordinates"": [
    -83.012153145,
    42.38265858
  ],
  ""type"": ""Point""
}",-83.012153145,42.3826585800001
22049,9953358,RAMP 213N,E I 96,2017-02-10,10,2,2017,3,6,1,1,,1,1,,1,1,5,70,1,1,1,1,1,0,0,0,false,,false,false,false,false,false,,,,,,false,false,false,,,false,false,false,false,false,-83.10371,42.35323,"{
  ""coordinates"": [
    -8.310371502399990e+01,
    4.235322829600010e+01
  ],
  ""type"": ""Point""
}","{
  ""coordinates"": [
    -83.103715024,
    42.353228296
  ],
  ""type"": ""Point""
}",-83.1037150239999,42.3532282960001
22050,9956750,OUTER,3 MILE,2017-02-10,10,2,2017,18,6,4,9,,2,0,,1,1,4,35,2,2,2,5,0,0,0,0,true,,false,false,false,false,false,,,,,,false,false,false,,,false,false,false,false,false,-82.94314,42.40722,"{
  ""coordinates"": [
    -8.294313819900000e+01,
    4.240721563500010e+01
  ],
  ""type"": ""Point""
}","{
  ""coordinates"": [
    -82.943138199,
    42.407215635
  ],
  ""type"": ""Point""
}",-82.943138199,42.4072156350001
22051,9950443,JEFFERSON,PARKER,2017-02-10,10,2,2017,12,6,5,9,,4,0,,1,2,1,35,6,2,3,5,0,0,0,0,true,,false,false,false,false,false,,,,,,false,false,false,,,false,false,false,false,false,-82.99408,42.35192,"{
  ""coordinates"": [
    -8.299407829099989e+01,
    4.235192152700010e+01
  ],
  ""type"": ""Point""
}","{
  ""coordinates"": [
    -82.994078291,
    42.351921527
  ],
  ""type"": ""Point""
}",-82.9940782909999,42.3519215270001
22052,9950464,SUSSEX,MACKENZIE,2017-02-10,10,2,2017,2,6,97,9,,,0,,3,1,4,25,2,2,1,5,0,0,0,0,true,,false,false,true,false,false,,,,,,false,false,false,,,false,false,false,false,false,-83.19364,42.35543,"{
  ""coordinates"": [
    -8.319363835500000e+01,
    4.235543377100000e+01
  ],
  ""type"": ""Point""
}","{
  ""coordinates"": [
    -83.193638355,
    42.355433771
  ],
  ""type"": ""Point""
}",-83.193638355,42.355433771
22053,9950428,VAN DYKE,DUNCAN,2017-02-10,10,2,2017,16,6,5,3,,1,0,,1,1,3,0,4,2,2,5,0,0,0,0,true,,false,false,false,false,false,,,,,,false,false,true,,,false,false,false,false,false,-83.02053,42.38676,"{
  ""coordinates"": [
    -8.302052810799999e+01,
    4.238676626800000e+01
  ],
  ""type"": ""Point""
}","{
  ""coordinates"": [
    -83.020528108,
    42.386766268
  ],
  ""type"": ""Point""
}",-83.020528108,42.386766268
22054,9950375,GRAND,LODGE SERVICE,2017-02-10,10,2,2017,14,6,4,9,,,0,,1,2,1,35,3,2,2,5,0,0,0,0,true,,false,false,false,false,false,,,,,,false,true,false,,,false,false,false,false,false,-83.11041,42.39935,"{
  ""coordinates"": [
    -8.311041355700000e+01,
    4.239935257400000e+01
  ],
  ""type"": ""Point""
}","{
  ""coordinates"": [
    -83.110413557,
    42.399352574
  ],
  ""type"": ""Point""
}",-83.110413557,42.399352574
22055,9950372,BRUSH,BALTIMORE,2017-02-10,10,2,2017,14,6,1,9,,4,0,,1,1,1,30,2,1,1,5,0,0,0,0,true,,false,false,false,false,false,,,,,,false,false,false,,,false,false,false,false,false,-83.06721,42.36977,"{
  ""coordinates"": [
    -8.306720716800000e+01,
    4.236976690000010e+01
  ],
  ""type"": ""Point""
}","{
  ""coordinates"": [
    -83.067207168,
    42.3697669
  ],
  ""type"": ""Point""
}",-83.067207168,42.3697669000001
22056,9950491,EDSEL,MT ELLIOTT,2017-02-10,10,2,2017,14,6,5,1,,1,0,,1,1,1,45,6,2,1,4,0,0,0,1,false,,false,false,true,false,false,,,,,,false,false,false,,,false,false,false,false,false,-83.04684,42.37428,"{
  ""coordinates"": [
    -8.304684786000000e+01,
    4.237427457300000e+01
  ],
  ""type"": ""Point""
}","{
  ""coordinates"": [
    -83.04684786,
    42.374274573
  ],
  ""type"": ""Point""
}",-83.04684786,42.374274573
22057,9949388,MOROSS,MCKINNEY,2017-02-10,10,2,2017,8,6,8,9,,2,0,,1,1,1,30,2,2,1,5,0,0,0,0,true,,false,false,true,false,false,,,,,,false,false,false,,,false,false,false,false,false,-82.93728,42.42789,"{
  ""coordinates"": [
    -8.293728026199990e+01,
    4.242789470100010e+01
  ],
  ""type"": ""Point""
}","{
  ""coordinates"": [
    -82.937280262,
    42.427894701
  ],
  ""type"": ""Point""
}",-82.9372802619999,42.4278947010001
22058,9950474,7 MILE,CHALMERS,2017-02-10,10,2,2017,19,6,4,9,,2,0,,1,1,4,0,2,2,2,5,0,0,0,0,true,,true,true,false,false,false,,,,,,false,false,false,,,false,false,false,false,false,-82.97527,42.43514,"{
  ""coordinates"": [
    -8.297527528800001e+01,
    4.243513949000000e+01
  ],
  ""type"": ""Point""
}","{
  ""coordinates"": [
    -82.975275288,
    42.43513949
  ],
  ""type"": ""Point""
}",-82.975275288,42.43513949
22059,9954329,I-96,M-39,2017-02-10,10,2,2017,18,6,5,1,,1,0,,1,2,3,70,4,2,2,5,0,0,0,0,true,,false,false,false,false,false,,,,,,false,false,false,,,false,false,false,false,false,-83.21204,42.37886,"{
  ""coordinates"": [
    -8.321204267600000e+01,
    4.237885576700010e+01
  ],
  ""type"": ""Point""
}","{
  ""coordinates"": [
    -83.212042676,
    42.378855767
  ],
  ""type"": ""Point""
}",-83.212042676,42.3788557670001