ObjectId,Crash ID,Primary Road,Intersecting Road,Crash Date,Day,Month,Year,Hour,Weekday,Crash Type Code,Highway Classification Code,Community Code,Jurisdiction Code,Lane Departure Type Code,Surface Type,Road Condition,Weather Condition,Lighting Condition,Speed Limit,Lanes,Units,Occupants,Most Severe Injury,Fatal Injuries,Suspected Serious Injuries,Suspected Minor Injuries,Possible Injuries,Property Damage Only,Secondary Crash,Traffic Control,Red Light Run,Hit and Run,Alcohol,Drugs,Unbelted Person,Work Zone,Speeding Driver,Distracted Driver,Driveway,Pedestrian,Elderly Driver,Young Driver,Commercial Vehicle,Emergency Vehicles,Train,School Bus,Motorcycle,Bicycle,Deer,Longitude,Latitude,geom,geog,x,y
22116,9950362,HUBBELL,MCNICHOLS,2017-02-09,9,2,2017,18,5,4,9,,4,0,,1,1,4,35,6,2,6,4,0,0,0,1,false,,true,true,false,false,false,,,,,,false,false,false,,,false,false,false,false,false,-83.18955,42.41645,"{
  ""coordinates"": [
    -8.318955024699990e+01,
    4.241645117500010e+01
  ],
  ""type"": ""Point""
}","{
  ""coordinates"": [
    -83.189550247,
    42.416451175
  ],
  ""type"": ""Point""
}",-83.1895502469999,42.4164511750001
22117,9949334,E I 96,BURT,2017-02-09,9,2,2017,18,5,5,1,,1,0,,1,1,2,70,3,2,2,3,0,0,1,0,false,,false,false,false,false,false,,,,,,false,false,false,,,false,false,false,false,false,-83.24857,42.38541,"{
  ""coordinates"": [
    -8.324857486699990e+01,
    4.238541448900000e+01
  ],
  ""type"": ""Point""
}","{
  ""coordinates"": [
    -83.248574867,
    42.385414489
  ],
  ""type"": ""Point""
}",-83.2485748669999,42.385414489
22118,9949356,JEFFERSON,RANDOLPH,2017-02-09,9,2,2017,13,5,8,4,,1,0,,1,2,1,30,5,2,5,5,0,0,0,0,true,,false,false,false,false,false,,,,,,false,false,false,,,false,false,false,false,false,-83.04182,42.32967,"{
  ""coordinates"": [
    -8.304182432100001e+01,
    4.232966933600010e+01
  ],
  ""type"": ""Point""
}","{
  ""coordinates"": [
    -83.041824321,
    42.329669336
  ],
  ""type"": ""Point""
}",-83.041824321,42.3296693360001
22119,9951531,ELIZABETH,GRAND RIVER,2017-02-09,9,2,2017,16,5,5,3,,4,0,,1,1,1,30,2,2,1,5,0,0,0,0,true,,false,false,true,false,false,,,,,,false,false,false,,,false,false,false,false,false,-83.05653,42.33543,"{
  ""coordinates"": [
    -8.305652646199999e+01,
    4.233542874100000e+01
  ],
  ""type"": ""Point""
}","{
  ""coordinates"": [
    -83.056526462,
    42.335428741
  ],
  ""type"": ""Point""
}",-83.056526462,42.335428741
22120,9949387,GRAND RIVER,7 MILE,2017-02-09,9,2,2017,17,5,5,3,,1,0,,1,2,4,35,5,2,3,5,0,0,0,0,true,,false,false,false,false,false,,,,,,false,false,false,,,false,false,false,false,false,-83.28654,42.4283,"{
  ""coordinates"": [
    -8.328654613200000e+01,
    4.242829347300010e+01
  ],
  ""type"": ""Point""
}","{
  ""coordinates"": [
    -83.286546132,
    42.428293473
  ],
  ""type"": ""Point""
}",-83.286546132,42.4282934730001
22121,9950358,E I 96,RAMP 144B,2017-02-09,9,2,2017,8,5,5,1,,1,0,,1,8,1,0,5,2,2,5,0,0,0,0,true,,false,false,false,false,false,,,,,,false,false,false,,,false,false,false,false,false,-83.09538,42.34383,"{
  ""coordinates"": [
    -8.309537969599999e+01,
    4.234383346500000e+01
  ],
  ""type"": ""Point""
}","{
  ""coordinates"": [
    -83.095379696,
    42.343833465
  ],
  ""type"": ""Point""
}",-83.095379696,42.343833465
22122,9949345,WYOMING,INTERVALE,2017-02-09,9,2,2017,15,5,8,9,,4,0,,3,2,1,35,2,2,2,5,0,0,0,0,true,,false,false,true,false,false,,,,,,false,false,false,,,false,false,false,false,false,-83.1592,42.39167,"{
  ""coordinates"": [
    -8.315920596399999e+01,
    4.239167072900010e+01
  ],
  ""type"": ""Point""
}","{
  ""coordinates"": [
    -83.159205964,
    42.391670729
  ],
  ""type"": ""Point""
}",-83.159205964,42.3916707290001
22123,9961129,7 MILE,MOUNT ELLIOTT,2017-02-09,9,2,2017,20,5,97,9,,4,0,,1,1,4,35,4,2,2,4,0,0,0,1,false,,true,true,false,false,false,,,,,,false,false,true,,,false,false,false,false,false,-83.03894,42.43369,"{
  ""coordinates"": [
    -8.303894280899991e+01,
    4.243368855600000e+01
  ],
  ""type"": ""Point""
}","{
  ""coordinates"": [
    -83.038942809,
    42.433688556
  ],
  ""type"": ""Point""
}",-83.0389428089999,42.433688556
22124,9966062,I-94,RUSSEL,2017-02-09,9,2,2017,17,5,8,1,,1,0,,1,1,1,55,3,2,2,5,0,0,0,0,true,,false,false,false,false,false,,,,,,false,false,true,,,false,false,false,false,false,-83.056,42.37001,"{
  ""coordinates"": [
    -8.305600182599990e+01,
    4.237000775700010e+01
  ],
  ""type"": ""Point""
}","{
  ""coordinates"": [
    -83.056001826,
    42.370007757
  ],
  ""type"": ""Point""
}",-83.0560018259999,42.3700077570001
22125,9949347,7 MILE,SUNDERLAND,2017-02-09,9,2,2017,16,5,5,9,,2,0,,1,1,1,35,4,3,3,2,0,2,0,0,false,,false,false,false,true,false,,,,,,false,false,false,,,false,false,false,false,false,-83.22939,42.42984,"{
  ""coordinates"": [
    -8.322939506800000e+01,
    4.242983854400010e+01
  ],
  ""type"": ""Point""
}","{
  ""coordinates"": [
    -83.229395068,
    42.429838544
  ],
  ""type"": ""Point""
}",-83.229395068,42.4298385440001
22126,9950356,I-75,DAVISON,2017-02-09,9,2,2017,14,5,5,1,,1,0,,1,1,1,70,5,2,2,5,0,0,0,0,true,,false,false,false,false,false,,,,,,false,true,false,,,false,false,false,false,false,-83.08162,42.41112,"{
  ""coordinates"": [
    -8.308162184600000e+01,
    4.241111832800000e+01
  ],
  ""type"": ""Point""
}","{
  ""coordinates"": [
    -83.081621846,
    42.411118328
  ],
  ""type"": ""Point""
}",-83.081621846,42.411118328
22127,9962321,I-94,CONNER,2017-02-09,9,2,2017,9,5,5,1,,1,0,,1,2,1,55,3,4,3,5,0,0,0,0,true,,false,false,true,false,false,,,,,,false,true,true,,,false,false,false,false,false,-82.98112,42.39942,"{
  ""coordinates"": [
    -8.298112651100000e+01,
    4.239941771700010e+01
  ],
  ""type"": ""Point""
}","{
  ""coordinates"": [
    -82.981126511,
    42.399417717
  ],
  ""type"": ""Point""
}",-82.981126511,42.3994177170001
22128,9949364,GILBERT,MICHIGAN,2017-02-09,9,2,2017,15,5,8,2,,,0,,1,2,1,35,2,2,1,5,0,0,0,0,true,,false,false,true,false,false,,,,,,false,false,false,,,false,false,false,false,false,-83.12208,42.33113,"{
  ""coordinates"": [
    -8.312207494899999e+01,
    4.233112674100000e+01
  ],
  ""type"": ""Point""
}","{
  ""coordinates"": [
    -83.122074949,
    42.331126741
  ],
  ""type"": ""Point""
}",-83.122074949,42.331126741
22129,9960139,I-75,DAVISON,2017-02-09,9,2,2017,10,5,5,1,,1,0,,4,1,1,55,4,2,2,5,0,0,0,0,true,,false,false,false,false,false,,,,,,false,false,true,,,false,false,false,false,false,-83.07802,42.40763,"{
  ""coordinates"": [
    -8.307801864899990e+01,
    4.240763585200010e+01
  ],
  ""type"": ""Point""
}","{
  ""coordinates"": [
    -83.078018649,
    42.407635852
  ],
  ""type"": ""Point""
}",-83.0780186489999,42.4076358520001
22130,1017738,WYOMING,KENDALL,2017-02-09,9,2,2017,16,5,3,9,,4,0,,1,1,1,35,3,2,3,4,0,0,0,1,false,,false,false,false,false,false,,,,,,false,false,false,,,false,false,false,false,false,-83.15916,42.39058,"{
  ""coordinates"": [
    -8.315916009400000e+01,
    4.239057997500000e+01
  ],
  ""type"": ""Point""
}","{
  ""coordinates"": [
    -83.159160094,
    42.390579975
  ],
  ""type"": ""Point""
}",-83.159160094,42.390579975
22131,9962830,GREENFIELD,WARREN,2017-02-09,9,2,2017,11,5,5,9,,2,0,,3,2,1,35,5,2,2,5,0,0,0,0,true,,false,false,false,false,false,,,,,,false,false,false,,,false,false,false,false,false,-83.19628,42.34364,"{
  ""coordinates"": [
    -8.319628326899991e+01,
    4.234364279600000e+01
  ],
  ""type"": ""Point""
}","{
  ""coordinates"": [
    -83.196283269,
    42.343642796
  ],
  ""type"": ""Point""
}",-83.1962832689999,42.343642796
22132,9950340,DAVISON,RAMP 047B,2017-02-09,9,2,2017,9,5,1,9,,4,1,,4,5,1,55,3,1,1,5,0,0,0,0,true,,false,false,false,false,false,,,,,,false,false,false,,,false,false,false,false,false,-83.07886,42.4087,"{
  ""coordinates"": [
    -8.307885614900000e+01,
    4.240870257900010e+01
  ],
  ""type"": ""Point""
}","{
  ""coordinates"": [
    -83.078856149,
    42.408702579
  ],
  ""type"": ""Point""
}",-83.078856149,42.4087025790001
22133,9950498,8 MILE,S I 75 SERVICE DRIVE,2017-02-09,9,2,2017,10,5,4,3,,1,0,,1,1,1,0,2,2,1,5,0,0,0,0,true,,true,true,true,false,false,,,,,,false,false,true,,,false,false,false,false,false,-83.09514,42.4468,"{
  ""coordinates"": [
    -8.309513784099990e+01,
    4.244680008700000e+01
  ],
  ""type"": ""Point""
}","{
  ""coordinates"": [
    -83.095137841,
    42.446800087
  ],
  ""type"": ""Point""
}",-83.0951378409999,42.446800087
22134,9960149,M-39,PLYMOUTH,2017-02-09,9,2,2017,10,5,8,3,,1,0,,3,5,1,55,3,3,3,5,0,0,0,0,true,,false,false,false,false,false,,,,,,false,true,true,,,false,false,false,false,false,-83.21692,42.37588,"{
  ""coordinates"": [
    -8.321691723500000e+01,
    4.237587656700000e+01
  ],
  ""type"": ""Point""
}","{
  ""coordinates"": [
    -83.216917235,
    42.375876567
  ],
  ""type"": ""Point""
}",-83.216917235,42.375876567
22135,9949351,ALTER,JEFFERSON,2017-02-09,9,2,2017,9,5,8,9,,4,0,,1,1,1,35,2,2,1,5,0,0,0,0,true,,false,false,false,false,false,,,,,,false,false,false,,,false,false,false,false,false,-82.93919,42.37439,"{
  ""coordinates"": [
    -8.293919730399990e+01,
    4.237438670800000e+01
  ],
  ""type"": ""Point""
}","{
  ""coordinates"": [
    -82.939197304,
    42.374386708
  ],
  ""type"": ""Point""
}",-82.9391973039999,42.374386708
22136,9959120,3RD,LAFAYETTE,2017-02-09,9,2,2017,8,5,5,9,,4,0,,2,5,1,0,2,2,2,5,0,0,0,0,true,,false,false,false,false,false,,,,,,false,true,false,,,false,false,false,false,false,-83.05502,42.32861,"{
  ""coordinates"": [
    -8.305502302500000e+01,
    4.232860739900010e+01
  ],
  ""type"": ""Point""
}","{
  ""coordinates"": [
    -83.055023025,
    42.328607399
  ],
  ""type"": ""Point""
}",-83.055023025,42.3286073990001
22137,9949355,S I 75 SERVICE DRIVE,MACK,2017-02-09,9,2,2017,10,5,5,1,,4,0,,3,5,1,30,6,2,2,5,0,0,0,0,true,,false,false,false,false,false,,,,,,false,false,true,,,false,false,false,false,false,-83.04859,42.35113,"{
  ""coordinates"": [
    -8.304859316300001e+01,
    4.235112704900010e+01
  ],
  ""type"": ""Point""
}","{
  ""coordinates"": [
    -83.048593163,
    42.351127049
  ],
  ""type"": ""Point""
}",-83.048593163,42.3511270490001
22138,9950512,SCHAEFER,VASSAR,2017-02-09,9,2,2017,5,5,4,9,,4,0,,1,1,4,30,2,2,2,4,0,0,0,2,false,,true,true,false,false,false,,,,,,false,false,false,,,false,false,false,false,false,-83.18062,42.43475,"{
  ""coordinates"": [
    -8.318062193999999e+01,
    4.243475218800010e+01
  ],
  ""type"": ""Point""
}","{
  ""coordinates"": [
    -83.18062194,
    42.434752188
  ],
  ""type"": ""Point""
}",-83.18062194,42.4347521880001
22139,9948387,M-39,8 MILE,2017-02-09,9,2,2017,7,5,5,3,,1,0,,1,2,2,55,3,2,2,5,0,0,0,0,true,,false,false,false,false,false,,,,,,false,false,false,,,false,false,false,false,false,-83.21968,42.44128,"{
  ""coordinates"": [
    -8.321968015700000e+01,
    4.244128336600010e+01
  ],
  ""type"": ""Point""
}","{
  ""coordinates"": [
    -83.219680157,
    42.441283366
  ],
  ""type"": ""Point""
}",-83.219680157,42.4412833660001
22140,9951538,DEACON,OMAHA,2017-02-09,9,2,2017,13,5,4,9,,,0,,3,1,1,25,4,2,2,5,0,0,0,0,true,,false,false,false,false,false,,,,,,false,false,false,,,false,false,false,false,false,-83.15393,42.26755,"{
  ""coordinates"": [
    -8.315392968099999e+01,
    4.226754987600000e+01
  ],
  ""type"": ""Point""
}","{
  ""coordinates"": [
    -83.153929681,
    42.267549876
  ],
  ""type"": ""Point""
}",-83.153929681,42.267549876
22141,9949368,N I 75 SERVICE DRIVE,DRAGOON,2017-02-09,9,2,2017,10,5,97,9,,4,0,,3,5,1,55,1,2,2,5,0,0,0,0,true,,false,false,false,false,false,,,,,,false,false,false,,,false,false,false,false,false,-83.10275,42.30777,"{
  ""coordinates"": [
    -8.310274745299991e+01,
    4.230776629500010e+01
  ],
  ""type"": ""Point""
}","{
  ""coordinates"": [
    -83.102747453,
    42.307766295
  ],
  ""type"": ""Point""
}",-83.1027474529999,42.3077662950001
22142,9950338,M 10,MEYERS,2017-02-09,9,2,2017,9,5,1,3,,1,1,,4,5,1,55,3,1,1,5,0,0,0,0,true,,false,false,false,false,false,,,,,,false,false,false,,,false,false,false,false,false,-83.16976,42.41394,"{
  ""coordinates"": [
    -8.316975818200000e+01,
    4.241394334900010e+01
  ],
  ""type"": ""Point""
}","{
  ""coordinates"": [
    -83.169758182,
    42.413943349
  ],
  ""type"": ""Point""
}",-83.169758182,42.4139433490001
22143,9949352,CHRYSLER,FORD,2017-02-09,9,2,2017,10,5,8,9,,4,0,,3,8,1,55,4,2,2,5,0,0,0,0,true,,false,false,false,false,false,,,,,,false,false,false,,,false,false,false,false,false,-83.06115,42.37487,"{
  ""coordinates"": [
    -8.306114980400000e+01,
    4.237486618100010e+01
  ],
  ""type"": ""Point""
}","{
  ""coordinates"": [
    -83.061149804,
    42.374866181
  ],
  ""type"": ""Point""
}",-83.061149804,42.3748661810001
22144,9949354,GRAND,LODGE,2017-02-09,9,2,2017,12,5,4,9,,,0,,1,2,1,30,2,2,2,5,0,0,0,0,true,,false,false,false,false,false,,,,,,false,false,false,,,false,false,false,false,false,-83.11018,42.39944,"{
  ""coordinates"": [
    -8.311018662799999e+01,
    4.239943633100010e+01
  ],
  ""type"": ""Point""
}","{
  ""coordinates"": [
    -83.110186628,
    42.399436331
  ],
  ""type"": ""Point""
}",-83.110186628,42.3994363310001
22145,9949372,VERNOR,CABOT,2017-02-09,9,2,2017,15,5,5,9,,4,0,,1,1,1,25,2,2,3,4,0,0,0,1,false,,false,false,false,false,false,,,,,,false,false,false,,,false,false,false,false,false,-83.13344,42.30891,"{
  ""coordinates"": [
    -8.313344165800000e+01,
    4.230890703500010e+01
  ],
  ""type"": ""Point""
}","{
  ""coordinates"": [
    -83.133441658,
    42.308907035
  ],
  ""type"": ""Point""
}",-83.133441658,42.3089070350001
22146,9959084,DAVISON,LIVERNOIS,2017-02-09,9,2,2017,10,5,8,3,,1,0,,4,5,1,35,3,2,2,5,0,0,0,0,true,,false,false,false,false,false,,,,,,false,false,true,,,false,false,false,false,false,-83.13991,42.38649,"{
  ""coordinates"": [
    -8.313991015399991e+01,
    4.238648781400010e+01
  ],
  ""type"": ""Point""
}","{
  ""coordinates"": [
    -83.139910154,
    42.386487814
  ],
  ""type"": ""Point""
}",-83.1399101539999,42.3864878140001
22147,9983816,S M 39,7 MILE,2017-02-09,9,2,2017,16,5,5,3,,1,0,,1,1,1,55,3,2,1,5,0,0,0,0,true,,false,false,true,false,false,,,,,,false,false,false,,,false,false,false,false,false,-83.21933,42.42889,"{
  ""coordinates"": [
    -8.321933172500000e+01,
    4.242889552400000e+01
  ],
  ""type"": ""Point""
}","{
  ""coordinates"": [
    -83.219331725,
    42.428895524
  ],
  ""type"": ""Point""
}",-83.219331725,42.428895524
22148,9959096,RAMP 047D,DAVISON,2017-02-09,9,2,2017,16,5,5,1,,1,0,,1,1,1,0,1,2,2,5,0,0,0,0,true,,false,false,false,false,false,,,,,,false,false,false,,,false,false,false,false,false,-83.08219,42.40934,"{
  ""coordinates"": [
    -8.308219489800000e+01,
    4.240933520700000e+01
  ],
  ""type"": ""Point""
}","{
  ""coordinates"": [
    -83.082194898,
    42.409335207
  ],
  ""type"": ""Point""
}",-83.082194898,42.409335207
22149,9949371,LIVERNOIS,JOHN KRONK,2017-02-09,9,2,2017,10,5,4,9,,4,0,,3,5,1,30,4,2,2,5,0,0,0,0,true,,false,false,false,false,false,,,,,,false,false,false,,,false,false,false,false,false,-83.11552,42.32449,"{
  ""coordinates"": [
    -8.311551619300000e+01,
    4.232448925600000e+01
  ],
  ""type"": ""Point""
}","{
  ""coordinates"": [
    -83.115516193,
    42.324489256
  ],
  ""type"": ""Point""
}",-83.115516193,42.324489256
22150,1013337,W I 96,KENTFIELD,2017-02-09,9,2,2017,8,5,8,1,,1,0,,1,1,1,70,3,2,2,5,0,0,0,0,true,,false,false,true,false,false,,,,,,false,false,false,,,false,false,false,false,false,-83.24067,42.38382,"{
  ""coordinates"": [
    -8.324066769800000e+01,
    4.238381959000000e+01
  ],
  ""type"": ""Point""
}","{
  ""coordinates"": [
    -83.240667698,
    42.38381959
  ],
  ""type"": ""Point""
}",-83.240667698,42.38381959
22151,9952523,N I 75 SERVICE DRIVE,WARREN,2017-02-09,9,2,2017,16,5,4,9,,4,0,,2,1,1,30,4,2,2,5,0,0,0,0,true,,false,false,false,false,false,,,,,,false,false,false,,,false,false,false,false,false,-83.05382,42.36098,"{
  ""coordinates"": [
    -8.305381588800000e+01,
    4.236098661900010e+01
  ],
  ""type"": ""Point""
}","{
  ""coordinates"": [
    -83.053815888,
    42.360986619
  ],
  ""type"": ""Point""
}",-83.053815888,42.3609866190001
22152,9960140,I-94,WOODWARD,2017-02-09,9,2,2017,17,5,8,1,,1,0,,1,1,1,55,3,2,2,5,0,0,0,0,true,,false,false,false,false,false,,,,,,false,false,false,,,false,false,false,false,false,-83.06718,42.36441,"{
  ""coordinates"": [
    -8.306717673900000e+01,
    4.236440898000010e+01
  ],
  ""type"": ""Point""
}","{
  ""coordinates"": [
    -83.067176739,
    42.36440898
  ],
  ""type"": ""Point""
}",-83.067176739,42.3644089800001
22153,9956727,I-75,MCNICHOLS,2017-02-09,9,2,2017,12,5,97,1,,1,0,,1,1,1,70,5,2,3,5,0,0,0,0,true,,false,false,false,false,false,,,,,,false,false,false,,,false,false,false,false,false,-83.0857,42.41578,"{
  ""coordinates"": [
    -8.308570378000000e+01,
    4.241577775500010e+01
  ],
  ""type"": ""Point""
}","{
  ""coordinates"": [
    -83.08570378,
    42.415777755
  ],
  ""type"": ""Point""
}",-83.08570378,42.4157777550001
22154,9949382,GRAND RIVER,WESTBROOK,2017-02-09,9,2,2017,20,5,97,3,,1,0,,1,2,3,35,5,2,2,5,0,0,0,0,true,,false,false,false,false,false,,,,,,false,false,true,,,false,false,false,false,false,-83.25178,42.41416,"{
  ""coordinates"": [
    -8.325177487099999e+01,
    4.241416054900000e+01
  ],
  ""type"": ""Point""
}","{
  ""coordinates"": [
    -83.251774871,
    42.414160549
  ],
  ""type"": ""Point""
}",-83.251774871,42.414160549
22155,9950440,CRANE,YATES,2017-02-09,9,2,2017,17,5,2,9,,,0,,1,1,2,25,1,2,3,5,0,0,0,0,true,,false,false,false,false,false,,,,,,false,false,false,,,false,false,false,false,false,-83.00268,42.37611,"{
  ""coordinates"": [
    -8.300267428900000e+01,
    4.237610893600000e+01
  ],
  ""type"": ""Point""
}","{
  ""coordinates"": [
    -83.002674289,
    42.376108936
  ],
  ""type"": ""Point""
}",-83.002674289,42.376108936
22156,9950343,S/B M-39,GRAND RIVER,2017-02-09,9,2,2017,11,5,5,3,,1,0,,1,2,1,55,3,2,1,5,0,0,0,0,true,,false,false,true,false,false,,,,,,false,false,false,,,false,false,false,false,false,-83.21803,42.39249,"{
  ""coordinates"": [
    -8.321803193400000e+01,
    4.239249342100000e+01
  ],
  ""type"": ""Point""
}","{
  ""coordinates"": [
    -83.218031934,
    42.392493421
  ],
  ""type"": ""Point""
}",-83.218031934,42.392493421
22157,9950339,M 10,MEYERS,2017-02-09,9,2,2017,9,5,5,3,,1,0,,4,5,1,55,3,2,2,5,0,0,0,0,true,,false,false,false,false,false,,,,,,false,false,true,,,false,false,false,false,false,-83.16976,42.41394,"{
  ""coordinates"": [
    -8.316975818200000e+01,
    4.241394334900010e+01
  ],
  ""type"": ""Point""
}","{
  ""coordinates"": [
    -83.169758182,
    42.413943349
  ],
  ""type"": ""Point""
}",-83.169758182,42.4139433490001
22158,9950436,WARREN,N I 75,2017-02-09,9,2,2017,16,5,8,9,,4,0,,1,1,1,30,4,2,2,5,0,0,0,0,true,,true,true,false,false,false,,,,,,false,false,false,,,false,false,false,false,false,-83.0542,42.36086,"{
  ""coordinates"": [
    -8.305420177799989e+01,
    4.236085322700010e+01
  ],
  ""type"": ""Point""
}","{
  ""coordinates"": [
    -83.054201778,
    42.360853227
  ],
  ""type"": ""Point""
}",-83.0542017779999,42.3608532270001
22159,9950470,GRATIOT,STATE FAIR,2017-02-09,9,2,2017,15,5,4,3,,1,0,,1,2,2,35,4,2,2,5,0,0,0,0,true,,true,true,false,false,false,,,,,,false,false,false,,,false,false,false,false,false,-82.9728,42.44251,"{
  ""coordinates"": [
    -8.297280215399999e+01,
    4.244250755700010e+01
  ],
  ""type"": ""Point""
}","{
  ""coordinates"": [
    -82.972802154,
    42.442507557
  ],
  ""type"": ""Point""
}",-82.972802154,42.4425075570001
22160,9950414,ALTER,JEFFERSON,2017-02-09,9,2,2017,10,5,8,9,,4,0,,1,1,1,30,2,2,0,5,0,0,0,0,true,,false,false,false,false,false,,,,,,false,false,false,,,false,false,false,false,false,-82.93954,42.37491,"{
  ""coordinates"": [
    -8.293954225499991e+01,
    4.237490723800000e+01
  ],
  ""type"": ""Point""
}","{
  ""coordinates"": [
    -82.939542255,
    42.374907238
  ],
  ""type"": ""Point""
}",-82.9395422549999,42.374907238
22161,9949357,MICHIGAN,18TH,2017-02-09,9,2,2017,7,5,5,2,,1,0,,1,2,1,30,5,5,1,3,0,0,1,0,false,,false,false,false,false,false,,,,,,false,false,false,,,false,false,false,false,false,-83.08094,42.33135,"{
  ""coordinates"": [
    -8.308094256699999e+01,
    4.233135039200000e+01
  ],
  ""type"": ""Point""
}","{
  ""coordinates"": [
    -83.080942567,
    42.331350392
  ],
  ""type"": ""Point""
}",-83.080942567,42.331350392
22162,9949381,SCHOOLCRAFT,GRANDVILLE,2017-02-09,9,2,2017,17,5,97,9,,2,0,,1,1,1,35,2,2,1,5,0,0,0,0,true,,false,false,true,false,false,,,,,,false,false,false,,,false,false,false,false,false,-83.23058,42.3864,"{
  ""coordinates"": [
    -8.323058060300001e+01,
    4.238639810400010e+01
  ],
  ""type"": ""Point""
}","{
  ""coordinates"": [
    -83.230580603,
    42.386398104
  ],
  ""type"": ""Point""
}",-83.230580603,42.3863981040001
22163,9950377,FORT,GOVIN,2017-02-09,9,2,2017,17,5,5,3,,1,0,,1,1,1,0,4,2,2,5,0,0,0,0,true,,false,false,false,false,false,,,,,,false,true,false,,,false,false,false,false,false,-83.1197,42.30001,"{
  ""coordinates"": [
    -8.311969395700000e+01,
    4.230000703600010e+01
  ],
  ""type"": ""Point""
}","{
  ""coordinates"": [
    -83.119693957,
    42.300007036
  ],
  ""type"": ""Point""
}",-83.119693957,42.3000070360001
22164,9951542,LONYO,MCGRAW,2017-02-09,9,2,2017,10,5,97,9,,4,0,,3,8,1,25,4,2,3,5,0,0,0,0,true,,false,false,false,false,false,,,,,,false,false,false,,,false,false,false,false,false,-83.14634,42.3331,"{
  ""coordinates"": [
    -8.314634046899990e+01,
    4.233310396800000e+01
  ],
  ""type"": ""Point""
}","{
  ""coordinates"": [
    -83.146340469,
    42.333103968
  ],
  ""type"": ""Point""
}",-83.1463404689999,42.333103968
22165,9950509,JOHN R,LANTZ,2017-02-09,9,2,2017,20,5,4,9,,4,0,,1,1,4,30,2,2,1,5,0,0,0,0,true,,true,false,true,false,false,,,,,,false,false,false,,,false,false,false,false,false,-83.10252,42.43713,"{
  ""coordinates"": [
    -8.310251699700000e+01,
    4.243713032000010e+01
  ],
  ""type"": ""Point""
}","{
  ""coordinates"": [
    -83.102516997,
    42.43713032
  ],
  ""type"": ""Point""
}",-83.102516997,42.4371303200001
22166,9952530,MICHIGAN,CENTRAL,2017-02-09,9,2,2017,11,5,97,2,,1,0,,3,5,1,35,5,2,1,5,0,0,0,0,true,,false,false,false,false,false,,,,,,false,false,false,,,false,false,false,false,false,-83.1375,42.33111,"{
  ""coordinates"": [
    -8.313749484100001e+01,
    4.233110634900000e+01
  ],
  ""type"": ""Point""
}","{
  ""coordinates"": [
    -83.137494841,
    42.331106349
  ],
  ""type"": ""Point""
}",-83.137494841,42.331106349
22167,9949359,WARREN,15TH,2017-02-09,9,2,2017,18,5,5,9,,4,0,,1,1,4,30,4,2,2,5,0,0,0,0,true,,false,false,false,false,false,,,,,,false,true,false,,,false,false,false,false,false,-83.08802,42.34917,"{
  ""coordinates"": [
    -8.308801935799990e+01,
    4.234917077000010e+01
  ],
  ""type"": ""Point""
}","{
  ""coordinates"": [
    -83.088019358,
    42.34917077
  ],
  ""type"": ""Point""
}",-83.0880193579999,42.3491707700001
22168,9967105,7 MILE,SUNDERLAND,2017-02-09,9,2,2017,16,5,5,9,,2,0,,1,1,1,35,4,3,4,2,0,1,0,1,false,,false,false,false,true,false,,,,,,false,false,false,,,false,false,false,false,false,-83.22939,42.42984,"{
  ""coordinates"": [
    -8.322939506800000e+01,
    4.242983854400010e+01
  ],
  ""type"": ""Point""
}","{
  ""coordinates"": [
    -83.229395068,
    42.429838544
  ],
  ""type"": ""Point""
}",-83.229395068,42.4298385440001
22169,9950391,W I 94,VAN DYKE,2017-02-09,9,2,2017,20,5,8,1,,1,0,,1,1,5,55,3,2,2,5,0,0,0,0,true,,false,false,false,false,false,,,,,,false,false,false,,,false,false,false,false,false,-83.01968,42.38646,"{
  ""coordinates"": [
    -8.301967570900000e+01,
    4.238645900000010e+01
  ],
  ""type"": ""Point""
}","{
  ""coordinates"": [
    -83.019675709,
    42.386459
  ],
  ""type"": ""Point""
}",-83.019675709,42.3864590000001
22170,9974447,FORT,DRAGOON,2017-02-09,9,2,2017,15,5,5,3,,1,0,,1,1,1,35,5,2,4,4,0,0,0,1,false,,false,false,false,false,false,,,,,,false,false,false,,,false,false,false,false,false,-83.10062,42.30785,"{
  ""coordinates"": [
    -8.310061692700000e+01,
    4.230784416400010e+01
  ],
  ""type"": ""Point""
}","{
  ""coordinates"": [
    -83.100616927,
    42.307844164
  ],
  ""type"": ""Point""
}",-83.100616927,42.3078441640001
22171,9949394,N M 10,WYOMING,2017-02-09,9,2,2017,9,5,7,3,,1,0,,4,5,1,35,2,2,1,5,0,0,0,0,true,,false,false,true,false,false,,,,,,false,false,true,,,false,false,false,false,false,-83.15981,42.40532,"{
  ""coordinates"": [
    -8.315980160700001e+01,
    4.240532404900010e+01
  ],
  ""type"": ""Point""
}","{
  ""coordinates"": [
    -83.159801607,
    42.405324049
  ],
  ""type"": ""Point""
}",-83.159801607,42.4053240490001
22172,9949353,W.WARREN,GRANDRIVER,2017-02-09,9,2,2017,15,5,5,3,,4,0,,1,1,1,30,2,2,2,5,0,0,0,0,true,,false,false,false,false,false,,,,,,false,false,false,,,false,false,false,false,false,-83.08968,42.3486,"{
  ""coordinates"": [
    -8.308968310700000e+01,
    4.234860157300010e+01
  ],
  ""type"": ""Point""
}","{
  ""coordinates"": [
    -83.089683107,
    42.348601573
  ],
  ""type"": ""Point""
}",-83.089683107,42.3486015730001