ObjectId,Crash ID,Primary Road,Intersecting Road,Crash Date,Day,Month,Year,Hour,Weekday,Crash Type Code,Highway Classification Code,Community Code,Jurisdiction Code,Lane Departure Type Code,Surface Type,Road Condition,Weather Condition,Lighting Condition,Speed Limit,Lanes,Units,Occupants,Most Severe Injury,Fatal Injuries,Suspected Serious Injuries,Suspected Minor Injuries,Possible Injuries,Property Damage Only,Secondary Crash,Traffic Control,Red Light Run,Hit and Run,Alcohol,Drugs,Unbelted Person,Work Zone,Speeding Driver,Distracted Driver,Driveway,Pedestrian,Elderly Driver,Young Driver,Commercial Vehicle,Emergency Vehicles,Train,School Bus,Motorcycle,Bicycle,Deer,Longitude,Latitude,geom,geog,x,y
22173,9949314,JAMES COUZENS,WYOMING,2017-02-09,9,2,2017,1,5,1,9,,4,1,,1,1,4,55,3,1,3,5,0,0,0,0,true,,false,false,false,false,false,,,,,,false,false,true,,,false,false,false,false,false,-83.1598,42.40564,"{
  ""coordinates"": [
    -8.315979704800000e+01,
    4.240563870000010e+01
  ],
  ""type"": ""Point""
}","{
  ""coordinates"": [
    -83.159797048,
    42.4056387
  ],
  ""type"": ""Point""
}",-83.159797048,42.4056387000001
22174,9973549,TIREMAN,SCHAEFER,2017-02-09,9,2,2017,23,5,4,9,,2,0,,1,1,4,30,4,2,2,2,0,1,0,0,false,,false,false,false,false,false,,,,,,false,false,false,,,false,false,false,false,false,-83.17718,42.35129,"{
  ""coordinates"": [
    -8.317717955900000e+01,
    4.235129066100010e+01
  ],
  ""type"": ""Point""
}","{
  ""coordinates"": [
    -83.177179559,
    42.351290661
  ],
  ""type"": ""Point""
}",-83.177179559,42.3512906610001
22175,9950476,GRATIOT,GUNSTON,2017-02-09,9,2,2017,23,5,1,3,,1,0,,1,1,4,0,2,1,1,4,0,0,0,1,false,,false,false,false,true,false,,,,,,false,false,false,,,false,false,false,false,false,-82.99509,42.40858,"{
  ""coordinates"": [
    -8.299509342300000e+01,
    4.240858289400010e+01
  ],
  ""type"": ""Point""
}","{
  ""coordinates"": [
    -82.995093423,
    42.408582894
  ],
  ""type"": ""Point""
}",-82.995093423,42.4085828940001
22176,9949349,JOY,LIVERNOIS,2017-02-09,9,2,2017,13,5,5,9,,4,0,,3,1,1,35,6,2,8,4,0,0,0,3,false,,false,false,false,false,false,,,,,,false,false,false,,,false,false,false,false,false,-83.13824,42.35972,"{
  ""coordinates"": [
    -8.313824804399999e+01,
    4.235972203200000e+01
  ],
  ""type"": ""Point""
}","{
  ""coordinates"": [
    -83.138248044,
    42.359722032
  ],
  ""type"": ""Point""
}",-83.138248044,42.359722032
22177,9949402,GRATIOT,MCCLELLAN,2017-02-09,9,2,2017,17,5,6,3,,1,0,,1,1,1,35,4,2,6,5,0,0,0,0,true,,false,false,true,false,false,,,,,,false,false,false,,,false,false,false,false,false,-83.00706,42.39036,"{
  ""coordinates"": [
    -8.300706270700000e+01,
    4.239035921900010e+01
  ],
  ""type"": ""Point""
}","{
  ""coordinates"": [
    -83.007062707,
    42.390359219
  ],
  ""type"": ""Point""
}",-83.007062707,42.3903592190001
22178,9954350,FORT,CLARK,2017-02-09,9,2,2017,18,5,98,3,,1,0,,1,1,4,35,5,2,3,5,0,0,0,0,true,,false,false,false,false,false,,,,,,false,false,false,,,false,false,false,false,false,-83.09039,42.31221,"{
  ""coordinates"": [
    -8.309039046700001e+01,
    4.231221420400000e+01
  ],
  ""type"": ""Point""
}","{
  ""coordinates"": [
    -83.090390467,
    42.312214204
  ],
  ""type"": ""Point""
}",-83.090390467,42.312214204
22179,9950435,ST AUBIN,VERNOR,2017-02-08,8,2,2017,8,4,8,9,,4,0,,1,2,1,30,3,2,4,5,0,0,0,0,true,,false,false,true,false,false,,,,,,false,false,false,,,false,false,false,false,false,-83.03371,42.34866,"{
  ""coordinates"": [
    -8.303371784099990e+01,
    4.234865520400010e+01
  ],
  ""type"": ""Point""
}","{
  ""coordinates"": [
    -83.033717841,
    42.348655204
  ],
  ""type"": ""Point""
}",-83.0337178409999,42.3486552040001
22180,9950342,S/B M-39,I-96,2017-02-08,8,2,2017,15,4,8,3,,1,0,,1,2,1,55,3,2,4,5,0,0,0,0,true,,false,false,true,false,false,,,,,,false,false,false,,,false,false,false,false,false,-83.21688,42.37502,"{
  ""coordinates"": [
    -8.321688256300000e+01,
    4.237502134900010e+01
  ],
  ""type"": ""Point""
}","{
  ""coordinates"": [
    -83.216882563,
    42.375021349
  ],
  ""type"": ""Point""
}",-83.216882563,42.3750213490001
22181,9949384,CHENE,KIRBY,2017-02-08,8,2,2017,21,4,4,9,,4,0,,1,2,4,30,4,2,1,4,0,0,0,1,false,,false,false,true,false,false,,,,,,false,false,false,,,false,false,false,false,false,-83.04299,42.36903,"{
  ""coordinates"": [
    -8.304299285899999e+01,
    4.236903046700010e+01
  ],
  ""type"": ""Point""
}","{
  ""coordinates"": [
    -83.042992859,
    42.369030467
  ],
  ""type"": ""Point""
}",-83.042992859,42.3690304670001
22182,9948518,7 MILE,CONANT,2017-02-08,8,2,2017,17,4,5,9,,4,0,,1,1,4,35,2,2,3,5,0,0,0,0,true,,false,false,false,false,false,,,,,,false,false,false,,,false,false,false,false,false,-83.07356,42.43293,"{
  ""coordinates"": [
    -8.307356603700001e+01,
    4.243293549900010e+01
  ],
  ""type"": ""Point""
}","{
  ""coordinates"": [
    -83.073566037,
    42.432935499
  ],
  ""type"": ""Point""
}",-83.073566037,42.4329354990001
22183,9950396,MOROSS,E I 94,2017-02-08,8,2,2017,0,4,4,9,,2,0,,2,4,4,35,3,2,2,4,0,0,0,2,false,,false,false,false,false,false,,,,,,false,false,true,,,false,false,false,false,false,-82.92869,42.42437,"{
  ""coordinates"": [
    -8.292869182500000e+01,
    4.242436946500000e+01
  ],
  ""type"": ""Point""
}","{
  ""coordinates"": [
    -82.928691825,
    42.424369465
  ],
  ""type"": ""Point""
}",-82.928691825,42.424369465
22184,9949313,I-94,WYOMING,2017-02-08,8,2,2017,18,4,5,1,,1,0,,1,1,3,55,3,3,3,5,0,0,0,0,true,,false,false,false,false,false,,,,,,false,false,true,,,false,false,false,false,false,-83.15633,42.329,"{
  ""coordinates"": [
    -8.315632636100000e+01,
    4.232899684800000e+01
  ],
  ""type"": ""Point""
}","{
  ""coordinates"": [
    -83.156326361,
    42.328996848
  ],
  ""type"": ""Point""
}",-83.156326361,42.328996848
22185,1003125,WASHBURN,CHALFONTE,2017-02-08,8,2,2017,8,4,4,9,,,0,,1,2,1,25,4,2,2,5,0,0,0,0,true,,true,false,false,false,false,,,,,,false,false,true,,,false,false,false,false,false,-83.16063,42.40025,"{
  ""coordinates"": [
    -8.316062936299990e+01,
    4.240025272400000e+01
  ],
  ""type"": ""Point""
}","{
  ""coordinates"": [
    -83.160629363,
    42.400252724
  ],
  ""type"": ""Point""
}",-83.1606293629999,42.400252724
22186,9950473,CHALMERS,SEYMOUR,2017-02-08,8,2,2017,14,4,97,9,,4,0,,1,1,1,35,3,2,4,4,0,0,0,1,false,,false,false,false,false,false,,,,,,false,true,false,,,false,false,false,false,false,-82.97507,42.42725,"{
  ""coordinates"": [
    -8.297507740499999e+01,
    4.242725105400010e+01
  ],
  ""type"": ""Point""
}","{
  ""coordinates"": [
    -82.975077405,
    42.427251054
  ],
  ""type"": ""Point""
}",-82.975077405,42.4272510540001
22187,9950352,S M 10,RAMP 123A,2017-02-08,8,2,2017,8,4,5,3,,1,0,,1,1,1,55,3,2,2,5,0,0,0,0,true,,false,false,false,false,false,,,,,,false,true,true,,,false,false,false,false,false,-83.05994,42.32996,"{
  ""coordinates"": [
    -8.305993723400000e+01,
    4.232995963900000e+01
  ],
  ""type"": ""Point""
}","{
  ""coordinates"": [
    -83.059937234,
    42.329959639
  ],
  ""type"": ""Point""
}",-83.059937234,42.329959639
22188,9949324,I 94,ROSA PARKS,2017-02-08,8,2,2017,18,4,5,1,,1,0,,1,2,4,55,3,2,1,5,0,0,0,0,true,,false,false,true,false,false,,,,,,false,false,false,,,false,false,false,false,false,-83.08691,42.3541,"{
  ""coordinates"": [
    -8.308690264099990e+01,
    4.235409563200010e+01
  ],
  ""type"": ""Point""
}","{
  ""coordinates"": [
    -83.086902641,
    42.354095632
  ],
  ""type"": ""Point""
}",-83.0869026409999,42.3540956320001
22189,9950344,I-94,JUNCTION,2017-02-08,8,2,2017,7,4,5,1,,1,0,,1,2,1,55,3,2,2,5,0,0,0,0,true,,false,false,false,false,false,,,,,,false,false,true,,,false,false,false,false,false,-83.12238,42.33831,"{
  ""coordinates"": [
    -8.312237711900001e+01,
    4.233831138500010e+01
  ],
  ""type"": ""Point""
}","{
  ""coordinates"": [
    -83.122377119,
    42.338311385
  ],
  ""type"": ""Point""
}",-83.122377119,42.3383113850001
22190,1120690,W I 96,KENTFIELD,2017-02-08,8,2,2017,11,4,8,1,,1,0,,1,1,1,55,4,2,2,5,0,0,0,0,true,,false,false,false,false,false,,,,,,false,true,false,,,false,false,false,false,false,-83.24077,42.38391,"{
  ""coordinates"": [
    -8.324077005399990e+01,
    4.238390713600010e+01
  ],
  ""type"": ""Point""
}","{
  ""coordinates"": [
    -83.240770054,
    42.383907136
  ],
  ""type"": ""Point""
}",-83.2407700539999,42.3839071360001
22191,9950499,SEVEN MILE,LIVERNOIS,2017-02-08,8,2,2017,21,4,97,9,,2,0,,1,1,4,35,2,3,4,5,0,0,0,0,true,,true,true,false,true,false,,,,,,false,false,true,,,false,false,false,false,false,-83.14146,42.43161,"{
  ""coordinates"": [
    -8.314146235200000e+01,
    4.243161358400000e+01
  ],
  ""type"": ""Point""
}","{
  ""coordinates"": [
    -83.141462352,
    42.431613584
  ],
  ""type"": ""Point""
}",-83.141462352,42.431613584
22192,9953355,N/B I-75,GRAND,2017-02-08,8,2,2017,17,4,5,1,,1,0,,1,1,3,55,4,2,2,5,0,0,0,0,true,,false,false,false,false,false,,,,,,false,false,false,,,false,false,false,false,false,-83.05987,42.37421,"{
  ""coordinates"": [
    -8.305986921100001e+01,
    4.237420667600000e+01
  ],
  ""type"": ""Point""
}","{
  ""coordinates"": [
    -83.059869211,
    42.374206676
  ],
  ""type"": ""Point""
}",-83.059869211,42.374206676
22193,9966082,I 75,MACK,2017-02-08,8,2,2017,8,4,5,1,,1,0,,1,1,1,55,3,2,1,5,0,0,0,0,true,,false,false,true,false,false,,,,,,false,false,false,,,false,false,false,false,false,-83.04765,42.35098,"{
  ""coordinates"": [
    -8.304765634700000e+01,
    4.235097637500010e+01
  ],
  ""type"": ""Point""
}","{
  ""coordinates"": [
    -83.047656347,
    42.350976375
  ],
  ""type"": ""Point""
}",-83.047656347,42.3509763750001
22194,9950353,I-94,MARTIN,2017-02-08,8,2,2017,12,4,8,1,,1,0,,1,1,1,55,3,2,2,5,0,0,0,0,true,,false,false,false,false,false,,,,,,false,false,true,,,false,false,false,false,false,-83.13203,42.33449,"{
  ""coordinates"": [
    -8.313202584299999e+01,
    4.233448961400010e+01
  ],
  ""type"": ""Point""
}","{
  ""coordinates"": [
    -83.132025843,
    42.334489614
  ],
  ""type"": ""Point""
}",-83.132025843,42.3344896140001
22195,9950516,RAMP 029A,N I 75,2017-02-08,8,2,2017,5,4,5,1,,1,0,,1,1,5,25,2,2,2,5,0,0,0,0,true,,false,false,false,false,false,,,,,,false,false,true,,,false,false,false,false,false,-83.15812,42.27633,"{
  ""coordinates"": [
    -8.315812264000000e+01,
    4.227632873400010e+01
  ],
  ""type"": ""Point""
}","{
  ""coordinates"": [
    -83.15812264,
    42.276328734
  ],
  ""type"": ""Point""
}",-83.15812264,42.2763287340001
22196,9950346,I-94,I-75,2017-02-08,8,2,2017,16,4,5,1,,1,0,,1,2,1,55,4,2,2,5,0,0,0,0,true,,false,false,false,false,false,,,,,,false,false,true,,,false,false,false,false,false,-83.05362,42.3716,"{
  ""coordinates"": [
    -8.305361866999991e+01,
    4.237159636600010e+01
  ],
  ""type"": ""Point""
}","{
  ""coordinates"": [
    -83.05361867,
    42.371596366
  ],
  ""type"": ""Point""
}",-83.0536186699999,42.3715963660001
22197,9950388,JEFFERSON,VOSS,2017-02-08,8,2,2017,15,4,8,9,,4,0,,1,1,1,25,2,2,2,5,0,0,0,0,true,,false,false,false,false,false,,,,,,false,false,true,,,false,false,false,false,false,-83.12638,42.28289,"{
  ""coordinates"": [
    -8.312637854499999e+01,
    4.228288825000000e+01
  ],
  ""type"": ""Point""
}","{
  ""coordinates"": [
    -83.126378545,
    42.28288825
  ],
  ""type"": ""Point""
}",-83.126378545,42.28288825
22198,9949398,WOODROW WILSON,MIDLAND,2017-02-08,8,2,2017,9,4,9,9,,4,2,,1,2,1,30,2,2,1,5,0,0,0,0,true,,false,false,false,false,false,,,,,,false,false,false,,,false,false,false,false,false,-83.11562,42.40549,"{
  ""coordinates"": [
    -8.311561884699999e+01,
    4.240548854000010e+01
  ],
  ""type"": ""Point""
}","{
  ""coordinates"": [
    -83.115618847,
    42.40548854
  ],
  ""type"": ""Point""
}",-83.115618847,42.4054885400001
22199,9964188,LIVERNOIS,PICKFORD,2017-02-08,8,2,2017,22,4,98,9,,4,3,,1,1,4,30,2,2,0,5,0,0,0,0,true,,false,false,true,false,false,,,,,,false,false,false,,,false,false,false,false,false,-83.14112,42.42588,"{
  ""coordinates"": [
    -8.314111822400000e+01,
    4.242588241200010e+01
  ],
  ""type"": ""Point""
}","{
  ""coordinates"": [
    -83.141118224,
    42.425882412
  ],
  ""type"": ""Point""
}",-83.141118224,42.4258824120001
22200,9964142,ROSA PARKS,MICHIGAN,2017-02-08,8,2,2017,8,4,4,2,,4,0,,1,1,1,0,3,2,3,5,0,0,0,0,true,,false,false,false,false,false,,,,,,false,false,false,,,false,false,false,false,false,-83.07201,42.3314,"{
  ""coordinates"": [
    -8.307201252499991e+01,
    4.233139717200000e+01
  ],
  ""type"": ""Point""
}","{
  ""coordinates"": [
    -83.072012525,
    42.331397172
  ],
  ""type"": ""Point""
}",-83.0720125249999,42.331397172
22201,9948478,PIERSON,CONSTANCE,2017-02-08,8,2,2017,12,4,97,9,,,0,,1,2,1,25,2,2,1,5,0,0,0,0,true,,false,false,true,false,false,,,,,,false,false,true,,,false,false,false,false,false,-83.24431,42.35312,"{
  ""coordinates"": [
    -8.324431098399999e+01,
    4.235311760700010e+01
  ],
  ""type"": ""Point""
}","{
  ""coordinates"": [
    -83.244310984,
    42.353117607
  ],
  ""type"": ""Point""
}",-83.244310984,42.3531176070001
22202,9948472,S I 75 SERVICE DRIVE,GRAND,2017-02-08,8,2,2017,8,4,5,9,,,0,,1,2,1,25,4,2,2,5,0,0,0,0,true,,false,false,false,false,false,,,,,,false,false,false,,,false,false,false,false,false,-83.06053,42.37422,"{
  ""coordinates"": [
    -8.306053465600000e+01,
    4.237422342200010e+01
  ],
  ""type"": ""Point""
}","{
  ""coordinates"": [
    -83.060534656,
    42.374223422
  ],
  ""type"": ""Point""
}",-83.060534656,42.3742234220001
22203,9960150,N M 39,RAMP 008M,2017-02-08,8,2,2017,8,4,5,3,,1,0,,1,2,1,55,3,2,2,5,0,0,0,0,true,,false,false,false,false,false,,,,,,false,false,true,,,false,false,false,false,false,-83.21694,42.37893,"{
  ""coordinates"": [
    -8.321694301299991e+01,
    4.237893069400010e+01
  ],
  ""type"": ""Point""
}","{
  ""coordinates"": [
    -83.216943013,
    42.378930694
  ],
  ""type"": ""Point""
}",-83.2169430129999,42.3789306940001
22204,9948466,WOODWARD,N I 75,2017-02-08,8,2,2017,6,4,4,3,,1,0,,1,2,4,30,7,2,3,4,0,0,0,1,false,,true,true,false,false,false,,,,,,false,true,false,,,false,false,false,false,false,-83.05281,42.33985,"{
  ""coordinates"": [
    -8.305280913999999e+01,
    4.233984814700010e+01
  ],
  ""type"": ""Point""
}","{
  ""coordinates"": [
    -83.05280914,
    42.339848147
  ],
  ""type"": ""Point""
}",-83.05280914,42.3398481470001
22205,9964187,WOODINGHAM,7 MILE,2017-02-08,8,2,2017,7,4,4,9,,,0,,1,1,1,30,4,2,6,5,0,0,0,0,true,,false,false,false,false,false,,,,,,false,false,true,,,false,false,false,false,false,-83.15068,42.43148,"{
  ""coordinates"": [
    -8.315068054499990e+01,
    4.243147751000000e+01
  ],
  ""type"": ""Point""
}","{
  ""coordinates"": [
    -83.150680545,
    42.43147751
  ],
  ""type"": ""Point""
}",-83.1506805449999,42.43147751
22206,9948510,BLACKMOOR,LAPPIN,2017-02-08,8,2,2017,14,4,6,9,,,0,,1,1,1,25,2,2,3,5,0,0,0,0,true,,false,false,true,false,false,,,,,,false,false,false,,,false,false,false,false,false,-83.01331,42.43608,"{
  ""coordinates"": [
    -8.301331550799991e+01,
    4.243608601800000e+01
  ],
  ""type"": ""Point""
}","{
  ""coordinates"": [
    -83.013315508,
    42.436086018
  ],
  ""type"": ""Point""
}",-83.0133155079999,42.436086018
22207,9948491,GRATIOT,PULFORD,2017-02-08,8,2,2017,15,4,1,3,,1,0,,1,1,1,35,7,1,2,4,0,0,0,2,false,,false,false,false,false,false,,,,,,false,false,false,,,false,false,false,false,false,-83.02669,42.36068,"{
  ""coordinates"": [
    -8.302668571800000e+01,
    4.236067743600010e+01
  ],
  ""type"": ""Point""
}","{
  ""coordinates"": [
    -83.026685718,
    42.360677436
  ],
  ""type"": ""Point""
}",-83.026685718,42.3606774360001
22208,9948490,MOUNT ELLIOTT,WATERLOO,2017-02-08,8,2,2017,2,4,5,9,,4,0,,1,1,1,30,2,2,2,5,0,0,0,0,true,,false,false,false,false,false,,,,,,false,false,false,,,false,false,false,false,false,-83.01675,42.35394,"{
  ""coordinates"": [
    -8.301674504200000e+01,
    4.235393789200000e+01
  ],
  ""type"": ""Point""
}","{
  ""coordinates"": [
    -83.016745042,
    42.353937892
  ],
  ""type"": ""Point""
}",-83.016745042,42.353937892
22209,9951535,ADDISON,MICHIGAN,2017-02-08,8,2,2017,9,4,8,2,,4,0,,1,1,1,25,4,2,0,5,0,0,0,0,true,,false,false,true,false,false,,,,,,false,false,false,,,false,false,false,false,false,-83.15059,42.32957,"{
  ""coordinates"": [
    -8.315059129299991e+01,
    4.232957420300000e+01
  ],
  ""type"": ""Point""
}","{
  ""coordinates"": [
    -83.150591293,
    42.329574203
  ],
  ""type"": ""Point""
}",-83.1505912929999,42.329574203
22210,9948460,SCHAEFER,PLYMOUTH,2017-02-08,8,2,2017,10,4,8,9,,4,0,,1,2,1,35,3,2,2,5,0,0,0,0,true,,false,false,false,false,false,,,,,,false,false,false,,,false,false,false,false,false,-83.17799,42.3732,"{
  ""coordinates"": [
    -8.317799432399990e+01,
    4.237320423000010e+01
  ],
  ""type"": ""Point""
}","{
  ""coordinates"": [
    -83.177994324,
    42.37320423
  ],
  ""type"": ""Point""
}",-83.1779943239999,42.3732042300001
22211,9950496,DAVISON,CONANT,2017-02-08,8,2,2017,2,4,4,3,,4,0,,1,2,4,40,5,2,1,5,0,0,0,0,true,,false,false,true,false,false,,,,,,false,false,false,,,false,false,false,false,false,-83.06146,42.41553,"{
  ""coordinates"": [
    -8.306146480800000e+01,
    4.241553423700000e+01
  ],
  ""type"": ""Point""
}","{
  ""coordinates"": [
    -83.061464808,
    42.415534237
  ],
  ""type"": ""Point""
}",-83.061464808,42.415534237
22212,9948481,JOY,STAHELIN,2017-02-08,8,2,2017,8,4,4,9,,2,0,,1,2,1,35,4,2,4,5,0,0,0,0,true,,false,false,false,false,false,,,,,,false,false,true,,,false,false,false,false,false,-83.22514,42.35773,"{
  ""coordinates"": [
    -8.322514600200000e+01,
    4.235772971200000e+01
  ],
  ""type"": ""Point""
}","{
  ""coordinates"": [
    -83.225146002,
    42.357729712
  ],
  ""type"": ""Point""
}",-83.225146002,42.357729712
22213,9948468,ARDEN PARK,BRUSH,2017-02-08,8,2,2017,9,4,4,9,,4,0,,1,2,1,25,2,2,3,5,0,0,0,0,true,,true,false,false,false,false,,,,,,false,false,false,,,false,false,false,false,false,-83.07818,42.38866,"{
  ""coordinates"": [
    -8.307817676799991e+01,
    4.238866266900000e+01
  ],
  ""type"": ""Point""
}","{
  ""coordinates"": [
    -83.078176768,
    42.388662669
  ],
  ""type"": ""Point""
}",-83.0781767679999,42.388662669
22214,9953356,RAMP 008K,BORMAN,2017-02-08,8,2,2017,18,4,5,1,,1,0,,1,1,4,55,2,2,4,4,0,0,0,1,false,,false,false,false,false,false,,,,,,false,false,false,,,false,false,false,false,false,-83.21838,42.37815,"{
  ""coordinates"": [
    -8.321838065700000e+01,
    4.237814731300010e+01
  ],
  ""type"": ""Point""
}","{
  ""coordinates"": [
    -83.218380657,
    42.378147313
  ],
  ""type"": ""Point""
}",-83.218380657,42.3781473130001
22215,9948475,CHICAGO,STAHELIN,2017-02-08,8,2,2017,13,4,8,9,,4,0,,1,2,1,30,2,2,1,5,0,0,0,0,true,,false,false,false,false,false,,,,,,false,false,false,,,false,false,false,false,false,-83.22498,42.36492,"{
  ""coordinates"": [
    -8.322497791300000e+01,
    4.236491866200000e+01
  ],
  ""type"": ""Point""
}","{
  ""coordinates"": [
    -83.224977913,
    42.364918662
  ],
  ""type"": ""Point""
}",-83.224977913,42.364918662
22216,9948480,W I 96,GRAND,2017-02-08,8,2,2017,8,4,98,1,,1,0,,1,1,1,30,3,2,2,5,0,0,0,0,true,,false,false,false,false,false,,,,,,false,false,false,,,false,false,false,false,false,-83.11037,42.35593,"{
  ""coordinates"": [
    -8.311037430000000e+01,
    4.235592563100000e+01
  ],
  ""type"": ""Point""
}","{
  ""coordinates"": [
    -83.1103743,
    42.355925631
  ],
  ""type"": ""Point""
}",-83.1103743,42.355925631
22217,9950337,S I 75,14TH,2017-02-08,8,2,2017,17,4,8,1,,1,0,,4,1,1,55,2,2,2,5,0,0,0,0,true,,false,false,false,false,false,,,,,,false,false,false,,,false,false,false,false,false,-83.07699,42.33254,"{
  ""coordinates"": [
    -8.307698872799990e+01,
    4.233254401800010e+01
  ],
  ""type"": ""Point""
}","{
  ""coordinates"": [
    -83.076988728,
    42.332544018
  ],
  ""type"": ""Point""
}",-83.0769887279999,42.3325440180001
22218,9950354,I-94,BRUSH,2017-02-08,8,2,2017,13,4,5,1,,1,0,,1,1,1,55,3,3,4,5,0,0,0,0,true,,false,false,false,false,false,,,,,,false,false,false,,,false,false,false,false,false,-83.06613,42.3649,"{
  ""coordinates"": [
    -8.306613484800000e+01,
    4.236489778200010e+01
  ],
  ""type"": ""Point""
}","{
  ""coordinates"": [
    -83.066134848,
    42.364897782
  ],
  ""type"": ""Point""
}",-83.066134848,42.3648977820001
22219,9948464,WOODWARD,LARNED,2017-02-08,8,2,2017,15,4,4,9,,4,0,,1,2,1,30,2,2,1,5,0,0,0,0,true,,false,false,false,false,false,,,,,,false,false,false,,,false,false,false,false,false,-83.04504,42.32952,"{
  ""coordinates"": [
    -8.304503943000000e+01,
    4.232951646100000e+01
  ],
  ""type"": ""Point""
}","{
  ""coordinates"": [
    -83.04503943,
    42.329516461
  ],
  ""type"": ""Point""
}",-83.04503943,42.329516461
22220,9949377,WHITLOCK,ROSEMONT,2017-02-08,8,2,2017,16,4,4,9,,,0,,1,1,1,25,3,2,24,5,0,0,0,0,true,,false,false,false,false,false,,,,,,false,false,false,,,false,true,false,false,false,-83.21824,42.33973,"{
  ""coordinates"": [
    -8.321823728699999e+01,
    4.233973027500010e+01
  ],
  ""type"": ""Point""
}","{
  ""coordinates"": [
    -83.218237287,
    42.339730275
  ],
  ""type"": ""Point""
}",-83.218237287,42.3397302750001
22221,9950330,I-96,GREENFIELD,2017-02-08,8,2,2017,1,4,1,1,,1,1,,2,4,4,70,3,1,1,4,0,0,0,1,false,,false,false,false,false,false,,,,,,false,false,false,,,false,false,false,false,false,-83.19581,42.37925,"{
  ""coordinates"": [
    -8.319580840799991e+01,
    4.237925240700010e+01
  ],
  ""type"": ""Point""
}","{
  ""coordinates"": [
    -83.195808408,
    42.379252407
  ],
  ""type"": ""Point""
}",-83.1958084079999,42.3792524070001
22222,9950360,N I 75,GRAND,2017-02-08,8,2,2017,6,4,8,1,,1,0,,1,1,4,55,5,2,2,4,0,0,0,1,false,,false,false,false,false,false,,,,,,false,false,false,,,false,false,false,false,false,-83.08456,42.31612,"{
  ""coordinates"": [
    -8.308456500900000e+01,
    4.231612185600010e+01
  ],
  ""type"": ""Point""
}","{
  ""coordinates"": [
    -83.084565009,
    42.316121856
  ],
  ""type"": ""Point""
}",-83.084565009,42.3161218560001
22223,9948511,GRATIOT,CONNER,2017-02-08,8,2,2017,18,4,8,3,,1,0,,1,1,4,35,3,3,4,5,0,0,0,0,true,,false,false,true,false,false,,,,,,false,false,true,,,false,false,false,false,false,-82.99742,42.40503,"{
  ""coordinates"": [
    -8.299742155900000e+01,
    4.240503367400000e+01
  ],
  ""type"": ""Point""
}","{
  ""coordinates"": [
    -82.997421559,
    42.405033674
  ],
  ""type"": ""Point""
}",-82.997421559,42.405033674
22224,9950345,W I 94,RAMP 212E,2017-02-08,8,2,2017,14,4,8,1,,1,0,,1,2,1,55,3,2,2,5,0,0,0,0,true,,false,false,false,false,false,,,,,,false,true,false,,,false,false,false,false,false,-83.11638,42.34222,"{
  ""coordinates"": [
    -8.311637669500000e+01,
    4.234222069700010e+01
  ],
  ""type"": ""Point""
}","{
  ""coordinates"": [
    -83.116376695,
    42.342220697
  ],
  ""type"": ""Point""
}",-83.116376695,42.3422206970001
22225,9949323,I 94,CASS,2017-02-08,8,2,2017,18,4,5,1,,1,0,,1,2,4,55,3,3,2,5,0,0,0,0,true,,false,false,true,false,false,,,,,,false,false,false,,,false,false,false,false,false,-83.07144,42.36235,"{
  ""coordinates"": [
    -8.307144418699990e+01,
    4.236234841000000e+01
  ],
  ""type"": ""Point""
}","{
  ""coordinates"": [
    -83.071444187,
    42.36234841
  ],
  ""type"": ""Point""
}",-83.0714441869999,42.36234841
22226,9953357,N/B M-39,PLYMOUTH,2017-02-08,8,2,2017,19,4,8,3,,1,0,,1,1,4,55,3,2,2,5,0,0,0,0,true,,false,false,false,false,false,,,,,,false,false,false,,,false,false,false,false,false,-83.21643,42.36863,"{
  ""coordinates"": [
    -8.321642775200000e+01,
    4.236863493400010e+01
  ],
  ""type"": ""Point""
}","{
  ""coordinates"": [
    -83.216427752,
    42.368634934
  ],
  ""type"": ""Point""
}",-83.216427752,42.3686349340001
22227,1059457,LOTHROP,SECOND,2017-02-08,8,2,2017,6,4,4,9,,4,0,,1,1,1,0,1,2,1,5,0,0,0,0,true,,false,false,false,false,false,,,,,,false,false,false,,,false,false,false,false,false,-83.07882,42.36981,"{
  ""coordinates"": [
    -8.307882131100000e+01,
    4.236981255100010e+01
  ],
  ""type"": ""Point""
}","{
  ""coordinates"": [
    -83.078821311,
    42.369812551
  ],
  ""type"": ""Point""
}",-83.078821311,42.3698125510001
22228,9948465,MACK,JOHN R,2017-02-08,8,2,2017,17,4,4,9,,4,0,,1,2,3,25,3,2,4,5,0,0,0,0,true,,false,false,false,false,false,,,,,,false,false,false,,,false,false,false,false,false,-83.05661,42.34814,"{
  ""coordinates"": [
    -8.305661202200000e+01,
    4.234813580900000e+01
  ],
  ""type"": ""Point""
}","{
  ""coordinates"": [
    -83.056612022,
    42.348135809
  ],
  ""type"": ""Point""
}",-83.056612022,42.348135809
22229,9948467,GRAND RIVER,VINEWOOD,2017-02-08,8,2,2017,8,4,5,3,,1,0,,1,2,1,35,7,2,4,5,0,0,0,0,true,,false,false,false,false,false,,,,,,false,false,false,,,false,false,false,false,false,-83.10905,42.35667,"{
  ""coordinates"": [
    -8.310905800599990e+01,
    4.235666490600000e+01
  ],
  ""type"": ""Point""
}","{
  ""coordinates"": [
    -83.109058006,
    42.356664906
  ],
  ""type"": ""Point""
}",-83.1090580059999,42.356664906
22230,9948471,2 ND,BRAINARD,2017-02-08,8,2,2017,15,4,4,9,,4,0,,1,1,1,30,5,2,2,4,0,0,0,1,false,,false,false,false,false,false,,,,,,false,false,false,,,false,false,false,false,false,-83.06358,42.34596,"{
  ""coordinates"": [
    -8.306357319599989e+01,
    4.234595884300010e+01
  ],
  ""type"": ""Point""
}","{
  ""coordinates"": [
    -83.063573196,
    42.345958843
  ],
  ""type"": ""Point""
}",-83.0635731959999,42.3459588430001