ObjectId,Crash ID,Primary Road,Intersecting Road,Crash Date,Day,Month,Year,Hour,Weekday,Crash Type Code,Highway Classification Code,Community Code,Jurisdiction Code,Lane Departure Type Code,Surface Type,Road Condition,Weather Condition,Lighting Condition,Speed Limit,Lanes,Units,Occupants,Most Severe Injury,Fatal Injuries,Suspected Serious Injuries,Suspected Minor Injuries,Possible Injuries,Property Damage Only,Secondary Crash,Traffic Control,Red Light Run,Hit and Run,Alcohol,Drugs,Unbelted Person,Work Zone,Speeding Driver,Distracted Driver,Driveway,Pedestrian,Elderly Driver,Young Driver,Commercial Vehicle,Emergency Vehicles,Train,School Bus,Motorcycle,Bicycle,Deer,Longitude,Latitude,geom,geog,x,y
22345,9951477,M-39,MCNICOLES,2017-02-06,6,2,2017,9,2,5,3,,1,0,,1,1,1,55,3,2,2,5,0,0,0,0,true,,false,false,false,false,false,,,,,,false,false,true,,,false,false,false,false,false,-83.21887,42.4141,"{
  ""coordinates"": [
    -8.321887280599999e+01,
    4.241409996800010e+01
  ],
  ""type"": ""Point""
}","{
  ""coordinates"": [
    -83.218872806,
    42.414099968
  ],
  ""type"": ""Point""
}",-83.218872806,42.4140999680001
22346,1038636,N M 10,LIVERNOIS,2017-02-06,6,2,2017,7,2,5,3,,1,0,,1,1,1,30,3,3,7,5,0,0,0,0,true,,false,false,false,false,false,,,,,,false,false,false,,,false,false,false,false,false,-83.14024,42.40496,"{
  ""coordinates"": [
    -8.314023479900000e+01,
    4.240496381800010e+01
  ],
  ""type"": ""Point""
}","{
  ""coordinates"": [
    -83.140234799,
    42.404963818
  ],
  ""type"": ""Point""
}",-83.140234799,42.4049638180001
22347,9948519,7 MILE,YACAMA,2017-02-06,6,2,2017,16,2,8,9,,4,0,,1,1,1,35,2,2,2,5,0,0,0,0,true,,false,false,true,false,false,,,,,,false,false,false,,,false,false,false,false,false,-83.09682,42.43241,"{
  ""coordinates"": [
    -8.309682781600000e+01,
    4.243240873000010e+01
  ],
  ""type"": ""Point""
}","{
  ""coordinates"": [
    -83.096827816,
    42.43240873
  ],
  ""type"": ""Point""
}",-83.096827816,42.4324087300001
22348,9950420,MARLBOROUGH,CANFIELD,2017-02-06,6,2,2017,4,2,8,9,,,3,,98,98,98,25,1,2,0,5,0,0,0,0,true,,false,false,false,false,false,,,,,,false,false,false,,,false,false,false,false,false,-82.95573,42.39255,"{
  ""coordinates"": [
    -8.295572779500000e+01,
    4.239254755200010e+01
  ],
  ""type"": ""Point""
}","{
  ""coordinates"": [
    -82.955727795,
    42.392547552
  ],
  ""type"": ""Point""
}",-82.955727795,42.3925475520001
22349,9951478,N I 75,FERRY,2017-02-06,6,2,2017,15,2,8,1,,1,0,,1,1,1,55,4,2,3,5,0,0,0,0,true,,false,false,false,false,false,,,,,,false,false,true,,,false,false,false,false,false,-83.05682,42.36619,"{
  ""coordinates"": [
    -8.305682538400001e+01,
    4.236619286900000e+01
  ],
  ""type"": ""Point""
}","{
  ""coordinates"": [
    -83.056825384,
    42.366192869
  ],
  ""type"": ""Point""
}",-83.056825384,42.366192869
22350,9947612,FRENCH,HARPER,2017-02-06,6,2,2017,10,2,1,9,,4,1,,1,1,1,25,2,1,1,5,0,0,0,0,true,,false,false,false,false,false,,,,,,false,false,false,,,false,false,false,false,false,-82.99715,42.3942,"{
  ""coordinates"": [
    -8.299714944800000e+01,
    4.239419952000000e+01
  ],
  ""type"": ""Point""
}","{
  ""coordinates"": [
    -82.997149448,
    42.39419952
  ],
  ""type"": ""Point""
}",-82.997149448,42.39419952
22351,9946735,GREENFIELD,E I 96,2017-02-06,6,2,2017,9,2,2,9,,2,0,,1,1,1,35,5,2,3,4,0,0,0,1,false,,false,false,false,false,false,,,,,,false,false,false,,,false,false,false,false,false,-83.19804,42.37904,"{
  ""coordinates"": [
    -8.319803647000001e+01,
    4.237904246000010e+01
  ],
  ""type"": ""Point""
}","{
  ""coordinates"": [
    -83.19803647,
    42.37904246
  ],
  ""type"": ""Point""
}",-83.19803647,42.3790424600001
22352,9950324,I-94,VAN DYKE,2017-02-06,6,2,2017,23,2,5,1,,1,0,,1,2,4,55,3,3,3,4,0,0,0,1,false,,false,false,false,false,false,,,,,,false,false,false,,,false,false,false,false,false,-83.02052,42.38617,"{
  ""coordinates"": [
    -8.302051225699999e+01,
    4.238617452600000e+01
  ],
  ""type"": ""Point""
}","{
  ""coordinates"": [
    -83.020512257,
    42.386174526
  ],
  ""type"": ""Point""
}",-83.020512257,42.386174526
22353,9950404,MOROSS,MACK,2017-02-06,6,2,2017,10,2,5,9,,2,0,,1,1,1,30,3,2,3,5,0,0,0,0,true,,false,false,false,false,false,,,,,,false,false,false,,,false,false,false,false,false,-82.91084,42.41701,"{
  ""coordinates"": [
    -8.291083250900000e+01,
    4.241700763400010e+01
  ],
  ""type"": ""Point""
}","{
  ""coordinates"": [
    -82.910832509,
    42.417007634
  ],
  ""type"": ""Point""
}",-82.910832509,42.4170076340001
22354,9989443,AUDUBON,CORNWALL,2017-02-06,6,2,2017,6,2,8,9,,,0,,6,1,4,25,2,2,0,5,0,0,0,0,true,,false,false,true,false,false,,,,,,false,false,false,,,false,false,false,false,false,-82.93659,42.40128,"{
  ""coordinates"": [
    -8.293659423699999e+01,
    4.240128354700000e+01
  ],
  ""type"": ""Point""
}","{
  ""coordinates"": [
    -82.936594237,
    42.401283547
  ],
  ""type"": ""Point""
}",-82.936594237,42.401283547
22355,9948456,RAMP 215E,N M 10,2017-02-06,6,2,2017,6,2,5,1,,1,0,,2,3,4,0,1,2,2,5,0,0,0,0,true,,false,false,false,false,false,,,,,,false,true,false,,,false,false,false,false,false,-83.07631,42.36061,"{
  ""coordinates"": [
    -8.307630866700001e+01,
    4.236061244900000e+01
  ],
  ""type"": ""Point""
}","{
  ""coordinates"": [
    -83.076308667,
    42.360612449
  ],
  ""type"": ""Point""
}",-83.076308667,42.360612449
22356,9946711,M-10,GRAND,2017-02-06,6,2,2017,22,2,1,3,,1,1,,1,1,4,55,3,1,1,5,0,0,0,0,true,,false,false,false,false,false,,,,,,false,false,false,,,false,false,false,false,false,-83.08233,42.36762,"{
  ""coordinates"": [
    -8.308232776499990e+01,
    4.236762169400000e+01
  ],
  ""type"": ""Point""
}","{
  ""coordinates"": [
    -83.082327765,
    42.367621694
  ],
  ""type"": ""Point""
}",-83.0823277649999,42.367621694
22357,9949391,DAVISON,PETOSKEY,2017-02-06,6,2,2017,12,2,5,3,,1,0,,1,1,1,35,6,2,2,5,0,0,0,0,true,,false,false,true,false,false,,,,,,false,false,false,,,false,false,false,false,false,-83.13552,42.38799,"{
  ""coordinates"": [
    -8.313552402499990e+01,
    4.238798943200000e+01
  ],
  ""type"": ""Point""
}","{
  ""coordinates"": [
    -83.135524025,
    42.387989432
  ],
  ""type"": ""Point""
}",-83.1355240249999,42.387989432
22358,9946741,JOHN C LODGE S/B S/D,WARREN,2017-02-06,6,2,2017,18,2,8,3,,1,0,,1,2,4,30,2,2,12,5,0,0,0,0,true,,false,false,false,false,false,,,,,,false,false,false,,,false,false,false,false,false,-83.07367,42.35387,"{
  ""coordinates"": [
    -8.307367077000001e+01,
    4.235386867000010e+01
  ],
  ""type"": ""Point""
}","{
  ""coordinates"": [
    -83.07367077,
    42.35386867
  ],
  ""type"": ""Point""
}",-83.07367077,42.3538686700001
22359,9953378,MCNICHOLS,SOUTHFIELD SERVICE DRIVE,2017-02-06,6,2,2017,11,2,8,9,,2,0,,1,1,1,35,6,2,2,5,0,0,0,0,true,,false,false,false,false,false,,,,,,false,false,false,,,false,false,false,false,false,-83.2195,42.41554,"{
  ""coordinates"": [
    -8.321949969900000e+01,
    4.241554407700000e+01
  ],
  ""type"": ""Point""
}","{
  ""coordinates"": [
    -83.219499699,
    42.415544077
  ],
  ""type"": ""Point""
}",-83.219499699,42.415544077
22360,9949406,SECOND,PRENTIS,2017-02-06,6,2,2017,17,2,8,9,,4,0,,1,1,3,30,5,2,2,5,0,0,0,0,true,,false,false,false,false,false,,,,,,false,true,false,,,false,false,false,false,false,-83.06705,42.35203,"{
  ""coordinates"": [
    -8.306704362399999e+01,
    4.235203204700010e+01
  ],
  ""type"": ""Point""
}","{
  ""coordinates"": [
    -83.067043624,
    42.352032047
  ],
  ""type"": ""Point""
}",-83.067043624,42.3520320470001
22361,9951523,M-39,TIREMAN,2017-02-06,6,2,2017,8,2,5,3,,1,0,,1,1,1,55,3,3,3,5,0,0,0,0,true,,false,false,false,false,false,,,,,,false,false,false,,,false,false,false,false,false,-83.21645,42.3509,"{
  ""coordinates"": [
    -8.321644434500000e+01,
    4.235089708500000e+01
  ],
  ""type"": ""Point""
}","{
  ""coordinates"": [
    -83.216444345,
    42.350897085
  ],
  ""type"": ""Point""
}",-83.216444345,42.350897085
22362,9950471,LODGE,LINWOOD,2017-02-06,6,2,2017,15,2,5,3,,1,0,,1,1,1,0,3,2,3,5,0,0,0,0,true,,false,false,false,false,false,,,,,,false,false,true,,,false,false,false,false,false,-83.1274,42.40522,"{
  ""coordinates"": [
    -8.312740685300000e+01,
    4.240522480600000e+01
  ],
  ""type"": ""Point""
}","{
  ""coordinates"": [
    -83.127406853,
    42.405224806
  ],
  ""type"": ""Point""
}",-83.127406853,42.405224806
22363,9945589,S I 75 SERVICE DRIVE,7 MILE,2017-02-06,6,2,2017,7,2,4,9,,4,0,,1,1,2,35,3,2,2,5,0,0,0,0,true,,false,false,false,false,false,,,,,,false,false,false,,,false,false,false,false,false,-83.09535,42.43251,"{
  ""coordinates"": [
    -8.309535109699991e+01,
    4.243250766700000e+01
  ],
  ""type"": ""Point""
}","{
  ""coordinates"": [
    -83.095351097,
    42.432507667
  ],
  ""type"": ""Point""
}",-83.0953510969999,42.432507667
22364,9956728,MACK,N I 75 SERVICE DRIVE,2017-02-06,6,2,2017,20,2,8,9,,4,0,,1,1,4,25,4,2,3,5,0,0,0,0,true,,false,false,false,false,false,,,,,,false,true,false,,,false,false,false,false,false,-83.04685,42.35174,"{
  ""coordinates"": [
    -8.304685140200000e+01,
    4.235173987500010e+01
  ],
  ""type"": ""Point""
}","{
  ""coordinates"": [
    -83.046851402,
    42.351739875
  ],
  ""type"": ""Point""
}",-83.046851402,42.3517398750001
22365,9946753,LAHSER,GRAND RIVER,2017-02-06,6,2,2017,1,2,97,3,,2,0,,1,1,4,30,4,3,4,5,0,0,0,0,true,,true,true,false,true,false,,,,,,false,false,false,,,false,false,false,false,false,-83.25764,42.4165,"{
  ""coordinates"": [
    -8.325763905500000e+01,
    4.241649551200000e+01
  ],
  ""type"": ""Point""
}","{
  ""coordinates"": [
    -83.257639055,
    42.416495512
  ],
  ""type"": ""Point""
}",-83.257639055,42.416495512
22366,9946744,STOUT,VAN BUREN,2017-02-06,6,2,2017,12,2,8,9,,,0,,1,1,1,25,1,2,2,5,0,0,0,0,true,,false,false,false,false,false,,,,,,false,false,true,,,false,false,false,false,false,-83.23952,42.35513,"{
  ""coordinates"": [
    -8.323951809600000e+01,
    4.235512669100010e+01
  ],
  ""type"": ""Point""
}","{
  ""coordinates"": [
    -83.239518096,
    42.355126691
  ],
  ""type"": ""Point""
}",-83.239518096,42.3551266910001
22367,9946750,WINSTON,NORFOLK,2017-02-06,6,2,2017,12,2,97,9,,,0,,1,1,1,25,2,2,1,5,0,0,0,0,true,,false,false,false,false,false,,,,,,false,false,false,,,false,false,false,false,false,-83.28396,42.43943,"{
  ""coordinates"": [
    -8.328395520399989e+01,
    4.243943380400000e+01
  ],
  ""type"": ""Point""
}","{
  ""coordinates"": [
    -83.283955204,
    42.439433804
  ],
  ""type"": ""Point""
}",-83.2839552039999,42.439433804
22368,9951537,JUNCTION,FEDERAL,2017-02-06,6,2,2017,13,2,6,9,,4,0,,2,1,1,0,2,2,2,5,0,0,0,0,true,,false,false,false,false,false,,,,,,false,false,true,,,false,false,false,false,false,-83.10708,42.32512,"{
  ""coordinates"": [
    -8.310707657800000e+01,
    4.232511799500000e+01
  ],
  ""type"": ""Point""
}","{
  ""coordinates"": [
    -83.107076578,
    42.325117995
  ],
  ""type"": ""Point""
}",-83.107076578,42.325117995
22369,9946755,7 MILE,LESURE,2017-02-06,6,2,2017,15,2,8,9,,2,0,,1,1,1,30,4,2,3,5,0,0,0,0,true,,false,false,false,false,false,,,,,,false,true,false,,,false,false,false,false,false,-83.18268,42.43101,"{
  ""coordinates"": [
    -8.318267822199989e+01,
    4.243100720300000e+01
  ],
  ""type"": ""Point""
}","{
  ""coordinates"": [
    -83.182678222,
    42.431007203
  ],
  ""type"": ""Point""
}",-83.1826782219999,42.431007203
22370,9948497,CHENE,LAFAYETTE,2017-02-06,6,2,2017,5,2,1,9,,4,0,,1,1,4,0,2,1,0,5,0,0,0,0,true,,false,false,false,false,false,,,,,,false,false,false,,,false,false,false,false,false,-83.02467,42.34132,"{
  ""coordinates"": [
    -8.302466531000000e+01,
    4.234132256000000e+01
  ],
  ""type"": ""Point""
}","{
  ""coordinates"": [
    -83.02466531,
    42.34132256
  ],
  ""type"": ""Point""
}",-83.02466531,42.34132256
22371,9947613,LENOX,CANFIELD,2017-02-06,6,2,2017,2,2,5,9,,,0,,3,5,4,25,2,2,1,5,0,0,0,0,true,,false,false,false,false,false,,,,,,false,false,false,,,false,false,false,false,false,-82.96396,42.38974,"{
  ""coordinates"": [
    -8.296395503100000e+01,
    4.238973778700010e+01
  ],
  ""type"": ""Point""
}","{
  ""coordinates"": [
    -82.963955031,
    42.389737787
  ],
  ""type"": ""Point""
}",-82.963955031,42.3897377870001
22372,9949363,FORT,DEARBORN,2017-02-06,6,2,2017,19,2,5,3,,1,0,,1,2,4,35,2,2,4,5,0,0,0,0,true,,false,false,false,false,false,,,,,,false,false,false,,,false,false,false,false,false,-83.1364,42.29369,"{
  ""coordinates"": [
    -8.313640115299999e+01,
    4.229368823200010e+01
  ],
  ""type"": ""Point""
}","{
  ""coordinates"": [
    -83.136401153,
    42.293688232
  ],
  ""type"": ""Point""
}",-83.136401153,42.2936882320001
22373,9946739,HUDSON,STANTON,2017-02-06,6,2,2017,14,2,4,9,,,0,,1,1,1,30,4,2,2,5,0,0,0,0,true,,true,false,false,false,false,,,,,,false,false,true,,,false,false,false,false,false,-83.09295,42.35318,"{
  ""coordinates"": [
    -8.309294713199991e+01,
    4.235318524300000e+01
  ],
  ""type"": ""Point""
}","{
  ""coordinates"": [
    -83.092947132,
    42.353185243
  ],
  ""type"": ""Point""
}",-83.0929471319999,42.353185243
22374,9949362,14TH,S I 75,2017-02-06,6,2,2017,17,2,8,9,,4,0,,1,2,1,25,3,2,2,5,0,0,0,0,true,,false,false,false,false,false,,,,,,false,false,false,,,false,false,false,false,false,-83.07713,42.33247,"{
  ""coordinates"": [
    -8.307712580799991e+01,
    4.233246768600000e+01
  ],
  ""type"": ""Point""
}","{
  ""coordinates"": [
    -83.077125808,
    42.332467686
  ],
  ""type"": ""Point""
}",-83.0771258079999,42.332467686
22375,9951479,M-39,JOY,2017-02-06,6,2,2017,16,2,8,3,,1,0,,1,1,1,55,3,2,2,5,0,0,0,0,true,,false,false,false,false,false,,,,,,false,false,true,,,false,false,false,false,false,-83.2164,42.3593,"{
  ""coordinates"": [
    -8.321639834599991e+01,
    4.235930322100010e+01
  ],
  ""type"": ""Point""
}","{
  ""coordinates"": [
    -83.216398346,
    42.359303221
  ],
  ""type"": ""Point""
}",-83.2163983459999,42.3593032210001
22376,9946715,RAMP 220G,RAMP 220F,2017-02-06,6,2,2017,18,2,5,1,,1,0,,4,1,4,55,4,2,2,5,0,0,0,0,true,,false,false,false,false,false,,,,,,false,true,true,,,false,false,false,false,false,-82.98903,42.39624,"{
  ""coordinates"": [
    -8.298902773799990e+01,
    4.239624075500010e+01
  ],
  ""type"": ""Point""
}","{
  ""coordinates"": [
    -82.989027738,
    42.396240755
  ],
  ""type"": ""Point""
}",-82.9890277379999,42.3962407550001
22377,1081395,BLACKSTONE,PURITAN,2017-02-06,6,2,2017,4,2,1,9,,,0,,3,1,4,25,2,2,1,1,1,0,0,0,false,,false,false,true,true,true,,,,,,true,false,false,,,false,false,false,false,false,-83.24966,42.40856,"{
  ""coordinates"": [
    -8.324966057599990e+01,
    4.240855630600000e+01
  ],
  ""type"": ""Point""
}","{
  ""coordinates"": [
    -83.249660576,
    42.408556306
  ],
  ""type"": ""Point""
}",-83.2496605759999,42.408556306
22378,9946757,OUTER,THATCHER,2017-02-06,6,2,2017,1,2,1,9,,2,1,,1,1,4,25,2,1,3,4,0,0,0,3,false,,false,false,false,false,false,,,,,,false,false,false,,,false,false,false,false,false,-83.17503,42.42183,"{
  ""coordinates"": [
    -8.317503403900000e+01,
    4.242182607800000e+01
  ],
  ""type"": ""Point""
}","{
  ""coordinates"": [
    -83.175034039,
    42.421826078
  ],
  ""type"": ""Point""
}",-83.175034039,42.421826078
22379,9946710,I-94FWY,I-96,2017-02-06,6,2,2017,18,2,5,1,,1,0,,1,1,4,55,3,2,2,5,0,0,0,0,true,,false,false,false,false,false,,,,,,false,false,false,,,false,false,false,false,false,-83.09737,42.35079,"{
  ""coordinates"": [
    -8.309736532900000e+01,
    4.235078830200010e+01
  ],
  ""type"": ""Point""
}","{
  ""coordinates"": [
    -83.097365329,
    42.350788302
  ],
  ""type"": ""Point""
}",-83.097365329,42.3507883020001
22380,9947585,DAVIDSON,LINWOOD35,2017-02-06,6,2,2017,20,2,4,3,,1,0,,1,1,4,35,3,2,2,4,0,0,0,1,false,,false,false,true,false,false,,,,,,false,false,false,,,false,false,false,false,false,-83.12202,42.39302,"{
  ""coordinates"": [
    -8.312202594599999e+01,
    4.239302515600010e+01
  ],
  ""type"": ""Point""
}","{
  ""coordinates"": [
    -83.122025946,
    42.393025156
  ],
  ""type"": ""Point""
}",-83.122025946,42.3930251560001
22381,9945559,WOODWARD,EDISON,2017-02-05,5,2,2017,14,1,8,3,,1,0,,1,1,1,35,7,2,1,5,0,0,0,0,true,,false,false,false,false,false,,,,,,false,false,false,,,false,false,false,false,false,-83.08327,42.38511,"{
  ""coordinates"": [
    -8.308326932599989e+01,
    4.238510333000000e+01
  ],
  ""type"": ""Point""
}","{
  ""coordinates"": [
    -83.083269326,
    42.38510333
  ],
  ""type"": ""Point""
}",-83.0832693259999,42.38510333
22382,9946705,I-75,NEVADA,2017-02-05,5,2,2017,10,1,1,1,,1,1,,3,2,1,70,4,1,1,5,0,0,0,0,true,,false,false,false,false,false,,,,,,false,false,true,,,false,false,false,false,false,-83.0945,42.42842,"{
  ""coordinates"": [
    -8.309449572499990e+01,
    4.242842568000000e+01
  ],
  ""type"": ""Point""
}","{
  ""coordinates"": [
    -83.094495725,
    42.42842568
  ],
  ""type"": ""Point""
}",-83.0944957249999,42.42842568
22383,1211194,WARREN,WESTWOOD,2017-02-05,5,2,2017,14,1,5,9,,2,0,,2,2,1,35,4,2,1,4,0,0,0,1,false,,false,false,true,false,false,,,,,,false,false,false,,,false,false,false,false,false,-83.23062,42.34321,"{
  ""coordinates"": [
    -8.323061876199991e+01,
    4.234320687400000e+01
  ],
  ""type"": ""Point""
}","{
  ""coordinates"": [
    -83.230618762,
    42.343206874
  ],
  ""type"": ""Point""
}",-83.2306187619999,42.343206874
22384,9946703,I-75,MCNICHOLS,2017-02-05,5,2,2017,8,1,4,1,,1,0,,3,2,1,70,4,2,2,5,0,0,0,0,true,,false,false,false,false,false,,,,,,false,true,true,,,false,false,false,false,false,-83.08794,42.41848,"{
  ""coordinates"": [
    -8.308793952900000e+01,
    4.241847842800010e+01
  ],
  ""type"": ""Point""
}","{
  ""coordinates"": [
    -83.087939529,
    42.418478428
  ],
  ""type"": ""Point""
}",-83.087939529,42.4184784280001
22385,1019492,HARPER,BERKSHIRE,2017-02-05,5,2,2017,2,1,2,9,,4,2,,1,1,2,30,2,2,4,4,0,0,0,3,false,,false,false,false,false,false,,,,,,false,false,false,,,false,false,false,false,false,-82.9503,42.40853,"{
  ""coordinates"": [
    -8.295030428599991e+01,
    4.240852758400010e+01
  ],
  ""type"": ""Point""
}","{
  ""coordinates"": [
    -82.950304286,
    42.408527584
  ],
  ""type"": ""Point""
}",-82.9503042859999,42.4085275840001
22386,9945572,GRAND RIVER,EVERGREEN,2017-02-05,5,2,2017,17,1,5,3,,1,0,,1,2,3,35,7,2,2,2,0,1,0,0,false,,false,false,false,false,false,,,,,,false,false,false,,,false,false,false,false,false,-83.2377,42.40851,"{
  ""coordinates"": [
    -8.323770207200000e+01,
    4.240851255100010e+01
  ],
  ""type"": ""Point""
}","{
  ""coordinates"": [
    -83.237702072,
    42.408512551
  ],
  ""type"": ""Point""
}",-83.237702072,42.4085125510001
22387,9972435,I 75,VERNOR,2017-02-05,5,2,2017,6,1,1,1,,1,1,,3,5,2,70,3,1,1,4,0,0,0,1,false,,false,false,false,false,false,,,,,,false,false,true,,,false,false,false,false,false,-83.08214,42.32246,"{
  ""coordinates"": [
    -8.308213660500000e+01,
    4.232246546400010e+01
  ],
  ""type"": ""Point""
}","{
  ""coordinates"": [
    -83.082136605,
    42.322465464
  ],
  ""type"": ""Point""
}",-83.082136605,42.3224654640001
22388,9946725,I-75,CANIFF,2017-02-05,5,2,2017,7,1,1,1,,1,1,,4,2,4,55,4,1,1,5,0,0,0,0,true,,false,false,false,false,false,,,,,,false,false,true,,,false,false,false,false,false,-83.06997,42.38954,"{
  ""coordinates"": [
    -8.306996547800000e+01,
    4.238953768500010e+01
  ],
  ""type"": ""Point""
}","{
  ""coordinates"": [
    -83.069965478,
    42.389537685
  ],
  ""type"": ""Point""
}",-83.069965478,42.3895376850001
22389,9985901,GRATIOT,OUTER,2017-02-05,5,2,2017,18,1,4,3,,1,0,,1,1,1,0,2,2,2,5,0,0,0,0,true,,false,false,false,false,false,,,,,,false,false,false,,,false,false,false,false,false,-82.99644,42.40652,"{
  ""coordinates"": [
    -8.299644313600000e+01,
    4.240652201500010e+01
  ],
  ""type"": ""Point""
}","{
  ""coordinates"": [
    -82.996443136,
    42.406522015
  ],
  ""type"": ""Point""
}",-82.996443136,42.4065220150001
22390,9947624,FARGO,GREENFIELD,2017-02-05,5,2,2017,2,1,1,9,,,0,,1,1,4,35,4,1,1,2,0,1,0,0,false,,false,false,false,true,false,,,,,,false,false,false,,,false,false,false,false,false,-83.20033,42.43945,"{
  ""coordinates"": [
    -8.320033406499989e+01,
    4.243944929200010e+01
  ],
  ""type"": ""Point""
}","{
  ""coordinates"": [
    -83.200334065,
    42.439449292
  ],
  ""type"": ""Point""
}",-83.2003340649999,42.4394492920001
22391,9950485,GRAND RIVER,E I 96 SERVICE DRIVE,2017-02-05,5,2,2017,13,1,5,3,,1,0,,1,2,1,35,3,2,5,4,0,0,0,1,false,,false,false,true,false,false,,,,,,false,false,true,,,false,false,false,false,false,-83.17488,42.38321,"{
  ""coordinates"": [
    -8.317487800200000e+01,
    4.238320827200000e+01
  ],
  ""type"": ""Point""
}","{
  ""coordinates"": [
    -83.174878002,
    42.383208272
  ],
  ""type"": ""Point""
}",-83.174878002,42.383208272
22392,9946756,7 MILE,COYLE,2017-02-05,5,2,2017,17,1,8,9,,2,0,,1,1,1,35,4,2,1,5,0,0,0,0,true,,false,false,true,false,false,,,,,,false,false,true,,,false,false,false,false,false,-83.19498,42.43056,"{
  ""coordinates"": [
    -8.319497593800000e+01,
    4.243056278700000e+01
  ],
  ""type"": ""Point""
}","{
  ""coordinates"": [
    -83.194975938,
    42.430562787
  ],
  ""type"": ""Point""
}",-83.194975938,42.430562787
22393,9945571,OUTER,FLORENCE,2017-02-05,5,2,2017,11,1,4,9,,2,0,,2,5,1,0,4,2,2,4,0,0,0,1,false,,false,false,false,false,false,,,,,,false,true,false,,,false,false,false,false,false,-83.23164,42.40988,"{
  ""coordinates"": [
    -8.323163407300000e+01,
    4.240988213000000e+01
  ],
  ""type"": ""Point""
}","{
  ""coordinates"": [
    -83.231634073,
    42.40988213
  ],
  ""type"": ""Point""
}",-83.231634073,42.40988213
22394,9946726,M-10,ROSA PARKS,2017-02-05,5,2,2017,8,1,8,3,,1,0,,4,2,1,55,4,2,2,5,0,0,0,0,true,,false,false,false,false,false,,,,,,false,false,false,,,false,false,false,false,false,-83.11659,42.40238,"{
  ""coordinates"": [
    -8.311659548800000e+01,
    4.240237693500010e+01
  ],
  ""type"": ""Point""
}","{
  ""coordinates"": [
    -83.116595488,
    42.402376935
  ],
  ""type"": ""Point""
}",-83.116595488,42.4023769350001
22395,9945584,LIVERNOIS,FENKELL,2017-02-05,5,2,2017,14,1,5,9,,4,0,,2,2,1,30,4,2,1,4,0,0,0,1,false,,false,false,true,false,false,,,,,,false,false,false,,,false,false,false,false,false,-83.14034,42.40247,"{
  ""coordinates"": [
    -8.314033739099990e+01,
    4.240246886400010e+01
  ],
  ""type"": ""Point""
}","{
  ""coordinates"": [
    -83.140337391,
    42.402468864
  ],
  ""type"": ""Point""
}",-83.1403373909999,42.4024688640001
22396,9949399,WOODWARD,NEVADA,2017-02-05,5,2,2017,11,1,5,3,,1,0,,2,1,1,40,4,2,2,5,0,0,0,0,true,,false,false,false,false,false,,,,,,false,false,false,,,false,false,false,false,false,-83.10944,42.42334,"{
  ""coordinates"": [
    -8.310944042700000e+01,
    4.242334420300010e+01
  ],
  ""type"": ""Point""
}","{
  ""coordinates"": [
    -83.109440427,
    42.423344203
  ],
  ""type"": ""Point""
}",-83.109440427,42.4233442030001
22397,9945562,JOY,METTETAL,2017-02-05,5,2,2017,3,1,1,9,,2,1,,1,1,4,30,4,1,0,5,0,0,0,0,true,,false,false,false,false,false,,,,,,false,false,false,,,false,false,false,false,false,-83.20556,42.35801,"{
  ""coordinates"": [
    -8.320556177200000e+01,
    4.235800422900010e+01
  ],
  ""type"": ""Point""
}","{
  ""coordinates"": [
    -83.205561772,
    42.358004229
  ],
  ""type"": ""Point""
}",-83.205561772,42.3580042290001
22398,9945557,SCHAEFER,SCHOOLCRAFT,2017-02-05,5,2,2017,9,1,5,9,,4,0,,3,5,1,30,4,2,3,5,0,0,0,0,true,,false,false,false,false,false,,,,,,false,false,false,,,false,false,false,false,false,-83.17856,42.38883,"{
  ""coordinates"": [
    -8.317855767799990e+01,
    4.238882797200010e+01
  ],
  ""type"": ""Point""
}","{
  ""coordinates"": [
    -83.178557678,
    42.388827972
  ],
  ""type"": ""Point""
}",-83.1785576779999,42.3888279720001
22399,9950406,WOODBRIDGE,SAINT AUBIN,2017-02-05,5,2,2017,2,1,5,9,,,0,,1,1,5,25,2,2,0,5,0,0,0,0,true,,false,false,true,false,false,,,,,,false,false,false,,,false,false,false,false,false,-83.02583,42.33597,"{
  ""coordinates"": [
    -8.302583283199991e+01,
    4.233596809200000e+01
  ],
  ""type"": ""Point""
}","{
  ""coordinates"": [
    -83.025832832,
    42.335968092
  ],
  ""type"": ""Point""
}",-83.0258328319999,42.335968092
22400,9945590,EUREKA,DAVISON,2017-02-05,5,2,2017,0,1,9,9,,,2,,1,1,3,25,2,2,1,5,0,0,0,0,true,,false,false,false,false,false,,,,,,false,false,false,,,false,false,false,false,false,-83.05589,42.41703,"{
  ""coordinates"": [
    -8.305588182600000e+01,
    4.241703092500010e+01
  ],
  ""type"": ""Point""
}","{
  ""coordinates"": [
    -83.055881826,
    42.417030925
  ],
  ""type"": ""Point""
}",-83.055881826,42.4170309250001
22401,9945576,AUGUST,DICKERSON,2017-02-05,5,2,2017,16,1,4,9,,,0,,1,1,1,25,2,2,0,5,0,0,0,0,true,,false,false,true,false,false,,,,,,false,false,false,,,false,false,false,false,false,-82.98306,42.41985,"{
  ""coordinates"": [
    -8.298306207400000e+01,
    4.241985229900010e+01
  ],
  ""type"": ""Point""
}","{
  ""coordinates"": [
    -82.983062074,
    42.419852299
  ],
  ""type"": ""Point""
}",-82.983062074,42.4198522990001