ObjectId,Crash ID,Primary Road,Intersecting Road,Crash Date,Day,Month,Year,Hour,Weekday,Crash Type Code,Highway Classification Code,Community Code,Jurisdiction Code,Lane Departure Type Code,Surface Type,Road Condition,Weather Condition,Lighting Condition,Speed Limit,Lanes,Units,Occupants,Most Severe Injury,Fatal Injuries,Suspected Serious Injuries,Suspected Minor Injuries,Possible Injuries,Property Damage Only,Secondary Crash,Traffic Control,Red Light Run,Hit and Run,Alcohol,Drugs,Unbelted Person,Work Zone,Speeding Driver,Distracted Driver,Driveway,Pedestrian,Elderly Driver,Young Driver,Commercial Vehicle,Emergency Vehicles,Train,School Bus,Motorcycle,Bicycle,Deer,Longitude,Latitude,geom,geog,x,y
22402,1211193,PLYMOUTH,LONGACRE,2017-02-05,5,2,2017,10,1,5,9,,4,0,,2,2,1,30,5,2,2,5,0,0,0,0,true,,false,false,false,false,false,,,,,,false,true,false,,,false,false,false,false,false,-83.21465,42.3723,"{
  ""coordinates"": [
    -8.321464696600000e+01,
    4.237229574700010e+01
  ],
  ""type"": ""Point""
}","{
  ""coordinates"": [
    -83.214646966,
    42.372295747
  ],
  ""type"": ""Point""
}",-83.214646966,42.3722957470001
22403,9949366,CAMPBELL,PORTER,2017-02-05,5,2,2017,11,1,4,9,,,0,,3,1,1,25,2,2,1,4,0,0,0,1,false,,true,false,true,false,false,,,,,,false,false,false,,,false,false,false,false,false,-83.10098,42.31311,"{
  ""coordinates"": [
    -8.310098257100000e+01,
    4.231310790900010e+01
  ],
  ""type"": ""Point""
}","{
  ""coordinates"": [
    -83.100982571,
    42.313107909
  ],
  ""type"": ""Point""
}",-83.100982571,42.3131079090001
22404,9951544,HARPER,OUTER,2017-02-05,5,2,2017,18,1,8,9,,4,3,,1,1,4,35,4,2,1,5,0,0,0,0,true,,false,false,false,false,false,,,,,,false,false,false,,,false,false,false,false,false,-82.96105,42.40571,"{
  ""coordinates"": [
    -8.296105088900001e+01,
    4.240571003300000e+01
  ],
  ""type"": ""Point""
}","{
  ""coordinates"": [
    -82.961050889,
    42.405710033
  ],
  ""type"": ""Point""
}",-82.961050889,42.405710033
22405,9946723,I-94,CADIEUX,2017-02-05,5,2,2017,9,1,8,1,,1,0,,2,5,1,55,3,2,1,5,0,0,0,0,true,,false,false,false,false,false,,,,,,false,false,true,,,false,false,false,false,false,-82.94071,42.41476,"{
  ""coordinates"": [
    -8.294070834699990e+01,
    4.241475948000000e+01
  ],
  ""type"": ""Point""
}","{
  ""coordinates"": [
    -82.940708347,
    42.41475948
  ],
  ""type"": ""Point""
}",-82.9407083469999,42.41475948
22406,9945593,S M 10,7 MILE,2017-02-05,5,2,2017,1,1,4,3,,1,0,,1,1,4,35,3,2,3,2,0,2,0,0,false,,true,true,false,true,false,,,,,,false,false,true,,,false,false,false,false,false,-83.18719,42.43086,"{
  ""coordinates"": [
    -8.318719027700000e+01,
    4.243086215600000e+01
  ],
  ""type"": ""Point""
}","{
  ""coordinates"": [
    -83.187190277,
    42.430862156
  ],
  ""type"": ""Point""
}",-83.187190277,42.430862156
22407,9946729,M 10,WYOMING,2017-02-05,5,2,2017,9,1,1,3,,1,1,,4,2,1,55,3,1,1,5,0,0,0,0,true,,false,false,false,false,false,,,,,,false,false,false,,,false,false,false,false,false,-83.16015,42.40546,"{
  ""coordinates"": [
    -8.316014941299990e+01,
    4.240545729600010e+01
  ],
  ""type"": ""Point""
}","{
  ""coordinates"": [
    -83.160149413,
    42.405457296
  ],
  ""type"": ""Point""
}",-83.1601494129999,42.4054572960001
22408,9946724,I-75,8 MILE,2017-02-05,5,2,2017,6,1,8,1,,1,0,,4,5,4,70,4,2,2,5,0,0,0,0,true,,false,false,false,false,false,,,,,,false,false,true,,,false,false,false,false,false,-83.0949,42.44637,"{
  ""coordinates"": [
    -8.309490155799990e+01,
    4.244636393800000e+01
  ],
  ""type"": ""Point""
}","{
  ""coordinates"": [
    -83.094901558,
    42.446363938
  ],
  ""type"": ""Point""
}",-83.0949015579999,42.446363938
22409,9947600,CHATHAM,WARREN,2017-02-05,5,2,2017,16,1,97,9,,,0,,3,1,1,25,2,2,1,5,0,0,0,0,true,,false,false,false,false,false,,,,,,false,true,false,,,false,false,false,false,false,-83.25991,42.34309,"{
  ""coordinates"": [
    -8.325990754900000e+01,
    4.234308532100000e+01
  ],
  ""type"": ""Point""
}","{
  ""coordinates"": [
    -83.259907549,
    42.343085321
  ],
  ""type"": ""Point""
}",-83.259907549,42.343085321
22410,9945588,7 MILE,CONCORD,2017-02-05,5,2,2017,2,1,1,9,,4,0,,1,1,4,30,2,1,0,5,0,0,0,0,true,,false,false,false,false,false,,,,,,false,false,false,,,false,false,false,false,false,-83.0331,42.4338,"{
  ""coordinates"": [
    -8.303310525599990e+01,
    4.243379563200010e+01
  ],
  ""type"": ""Point""
}","{
  ""coordinates"": [
    -83.033105256,
    42.433795632
  ],
  ""type"": ""Point""
}",-83.0331052559999,42.4337956320001
22411,9945591,MT ELLIOT,CASHMERE,2017-02-05,5,2,2017,5,1,1,9,,4,1,,4,5,3,35,2,1,1,5,0,0,0,0,true,,false,false,false,false,false,,,,,,false,false,false,,,false,false,false,false,false,-83.03848,42.40864,"{
  ""coordinates"": [
    -8.303848040199991e+01,
    4.240864173900010e+01
  ],
  ""type"": ""Point""
}","{
  ""coordinates"": [
    -83.038480402,
    42.408641739
  ],
  ""type"": ""Point""
}",-83.0384804019999,42.4086417390001
22412,9961077,JOY,MANSFIELD,2017-02-05,5,2,2017,7,1,9,9,,2,0,,3,2,4,35,4,2,2,4,0,0,0,1,false,,false,false,true,true,false,,,,,,false,false,false,,,false,false,false,false,false,-83.20335,42.35804,"{
  ""coordinates"": [
    -8.320335459300000e+01,
    4.235804038800010e+01
  ],
  ""type"": ""Point""
}","{
  ""coordinates"": [
    -83.203354593,
    42.358040388
  ],
  ""type"": ""Point""
}",-83.203354593,42.3580403880001
22413,9998371,REGENT,ROSSINI,2017-02-05,5,2,2017,1,1,97,9,,,0,,1,1,4,25,2,2,0,3,0,0,1,0,false,,false,false,true,false,false,,,,,,false,false,false,,,false,false,false,false,false,-82.97562,42.44339,"{
  ""coordinates"": [
    -8.297562056899990e+01,
    4.244338778400000e+01
  ],
  ""type"": ""Point""
}","{
  ""coordinates"": [
    -82.975620569,
    42.443387784
  ],
  ""type"": ""Point""
}",-82.9756205689999,42.443387784
22414,9946704,RAMP 220H,I-94,2017-02-05,5,2,2017,9,1,1,1,,1,1,,3,2,1,55,1,1,2,5,0,0,0,0,true,,false,false,false,false,false,,,,,,false,false,false,,,false,false,false,false,false,-82.99059,42.39481,"{
  ""coordinates"": [
    -8.299059184200000e+01,
    4.239480603600000e+01
  ],
  ""type"": ""Point""
}","{
  ""coordinates"": [
    -82.990591842,
    42.394806036
  ],
  ""type"": ""Point""
}",-82.990591842,42.394806036
22415,9945575,PURITAN,BILTMORE,2017-02-05,5,2,2017,12,1,4,9,,4,0,,1,1,1,35,2,2,2,5,0,0,0,0,true,,false,false,false,false,false,,,,,,false,false,false,,,false,false,false,false,false,-83.21068,42.4085,"{
  ""coordinates"": [
    -8.321067569699990e+01,
    4.240850180000010e+01
  ],
  ""type"": ""Point""
}","{
  ""coordinates"": [
    -83.210675697,
    42.4085018
  ],
  ""type"": ""Point""
}",-83.2106756969999,42.4085018000001
22416,9946728,I 75,MCNICHOLS,2017-02-05,5,2,2017,9,1,1,1,,1,1,,4,2,1,70,4,1,1,5,0,0,0,0,true,,false,false,false,false,false,,,,,,false,false,false,,,false,false,false,false,false,-83.08744,42.41787,"{
  ""coordinates"": [
    -8.308744259900000e+01,
    4.241787011400000e+01
  ],
  ""type"": ""Point""
}","{
  ""coordinates"": [
    -83.087442599,
    42.417870114
  ],
  ""type"": ""Point""
}",-83.087442599,42.417870114
22417,9946690,E I 94,FRONTENAC,2017-02-05,5,2,2017,15,1,8,1,,1,0,,1,2,1,55,3,2,1,5,0,0,0,0,true,,false,false,true,false,false,,,,,,false,false,false,,,false,false,false,false,false,-83.02473,42.38509,"{
  ""coordinates"": [
    -8.302473500500000e+01,
    4.238508739900000e+01
  ],
  ""type"": ""Point""
}","{
  ""coordinates"": [
    -83.024735005,
    42.385087399
  ],
  ""type"": ""Point""
}",-83.024735005,42.385087399
22418,9948501,GRATIOT,JOSEPH CAMPAU,2017-02-05,5,2,2017,4,1,1,3,,1,1,,3,1,4,35,3,1,0,5,0,0,0,0,true,,false,false,false,false,false,,,,,,false,false,false,,,false,false,false,false,false,-83.0302,42.35533,"{
  ""coordinates"": [
    -8.303019336100000e+01,
    4.235532749500000e+01
  ],
  ""type"": ""Point""
}","{
  ""coordinates"": [
    -83.030193361,
    42.355327495
  ],
  ""type"": ""Point""
}",-83.030193361,42.355327495
22419,9948514,DEXTER,EWALD,2017-02-05,5,2,2017,10,1,97,9,,4,0,,4,5,1,35,2,2,5,3,0,0,1,0,false,,true,true,false,false,false,,,,,,false,false,false,,,false,false,false,false,false,-83.13369,42.39395,"{
  ""coordinates"": [
    -8.313368711399990e+01,
    4.239395040600000e+01
  ],
  ""type"": ""Point""
}","{
  ""coordinates"": [
    -83.133687114,
    42.393950406
  ],
  ""type"": ""Point""
}",-83.1336871139999,42.393950406
22420,9948525,CHARLES,FENELON,2017-02-05,5,2,2017,14,1,9,9,,4,0,,1,1,1,35,2,2,2,5,0,0,0,0,true,,false,false,true,false,false,,,,,,false,false,true,,,false,false,false,false,false,-83.05246,42.41167,"{
  ""coordinates"": [
    -8.305245848200001e+01,
    4.241166590000010e+01
  ],
  ""type"": ""Point""
}","{
  ""coordinates"": [
    -83.052458482,
    42.4116659
  ],
  ""type"": ""Point""
}",-83.052458482,42.4116659000001
22421,9945596,MEYERS,MCNICHOLS,2017-02-05,5,2,2017,1,1,1,9,,4,1,,1,1,3,30,2,1,0,5,0,0,0,0,true,,false,false,false,false,false,,,,,,false,false,false,,,false,false,false,false,false,-83.1701,42.41639,"{
  ""coordinates"": [
    -8.317009621299999e+01,
    4.241638971700010e+01
  ],
  ""type"": ""Point""
}","{
  ""coordinates"": [
    -83.170096213,
    42.416389717
  ],
  ""type"": ""Point""
}",-83.170096213,42.4163897170001
22422,9950359,M 10,MEYERS,2017-02-05,5,2,2017,9,1,5,3,,1,0,,4,5,1,55,3,2,2,5,0,0,0,0,true,,false,false,false,false,false,,,,,,false,false,false,,,false,false,false,false,false,-83.16976,42.41394,"{
  ""coordinates"": [
    -8.316975818200000e+01,
    4.241394334900010e+01
  ],
  ""type"": ""Point""
}","{
  ""coordinates"": [
    -83.169758182,
    42.413943349
  ],
  ""type"": ""Point""
}",-83.169758182,42.4139433490001
22423,9946722,M-10,OAKMAN,2017-02-05,5,2,2017,8,1,5,3,,1,0,,4,5,1,55,3,2,1,5,0,0,0,0,true,,false,false,true,false,false,,,,,,false,false,true,,,false,false,false,false,false,-83.11739,42.40267,"{
  ""coordinates"": [
    -8.311738428699989e+01,
    4.240266972900010e+01
  ],
  ""type"": ""Point""
}","{
  ""coordinates"": [
    -83.117384287,
    42.402669729
  ],
  ""type"": ""Point""
}",-83.1173842869999,42.4026697290001
22424,9945563,FORRER,KEELER,2017-02-05,5,2,2017,1,1,8,9,,,0,,1,1,4,25,2,2,1,5,0,0,0,0,true,,false,false,true,false,false,,,,,,false,false,false,,,false,false,false,false,false,-83.20161,42.40324,"{
  ""coordinates"": [
    -8.320161806999990e+01,
    4.240323868900000e+01
  ],
  ""type"": ""Point""
}","{
  ""coordinates"": [
    -83.20161807,
    42.403238689
  ],
  ""type"": ""Point""
}",-83.2016180699999,42.403238689
22425,9952525,N I 75,ROSA PARKS,2017-02-05,5,2,2017,0,1,4,1,,1,0,,1,1,4,30,3,2,1,5,0,0,0,0,true,,true,false,true,false,false,,,,,,false,false,false,,,false,false,false,false,false,-83.07327,42.33322,"{
  ""coordinates"": [
    -8.307326819600000e+01,
    4.233321601400010e+01
  ],
  ""type"": ""Point""
}","{
  ""coordinates"": [
    -83.073268196,
    42.333216014
  ],
  ""type"": ""Point""
}",-83.073268196,42.3332160140001
22426,9946701,I-94,RUSSELL,2017-02-05,5,2,2017,6,1,1,1,,1,1,,3,2,2,55,3,1,1,5,0,0,0,0,true,,false,false,false,false,false,,,,,,false,false,false,,,false,false,false,false,false,-83.05659,42.36943,"{
  ""coordinates"": [
    -8.305659676600000e+01,
    4.236942558800010e+01
  ],
  ""type"": ""Point""
}","{
  ""coordinates"": [
    -83.056596766,
    42.369425588
  ],
  ""type"": ""Point""
}",-83.056596766,42.3694255880001
22427,9946732,PURITAN,SUSSEX,2017-02-05,5,2,2017,23,1,97,9,,4,0,,1,1,4,30,2,3,1,4,0,0,0,1,false,,false,false,false,false,false,,,,,,false,false,false,,,false,false,false,false,false,-83.19558,42.40886,"{
  ""coordinates"": [
    -8.319557672099999e+01,
    4.240886196600010e+01
  ],
  ""type"": ""Point""
}","{
  ""coordinates"": [
    -83.195576721,
    42.408861966
  ],
  ""type"": ""Point""
}",-83.195576721,42.4088619660001
22428,1085399,GREENFIELD,RAMP 136D,2017-02-05,5,2,2017,5,1,4,1,,2,0,,2,5,5,35,4,2,3,5,0,0,0,0,true,,true,true,false,false,false,,,,,,false,false,false,,,false,false,false,false,false,-83.19824,42.3796,"{
  ""coordinates"": [
    -8.319824322900000e+01,
    4.237960063200010e+01
  ],
  ""type"": ""Point""
}","{
  ""coordinates"": [
    -83.198243229,
    42.379600632
  ],
  ""type"": ""Point""
}",-83.198243229,42.3796006320001
22429,9946747,8 MILE,FERGUSON,2017-02-05,5,2,2017,9,1,1,3,,1,1,,4,5,1,45,8,1,2,5,0,0,0,0,true,,false,false,false,false,false,,,,,,false,false,true,,,false,false,false,false,false,-83.21133,42.44439,"{
  ""coordinates"": [
    -8.321133425700000e+01,
    4.244439161000000e+01
  ],
  ""type"": ""Point""
}","{
  ""coordinates"": [
    -83.211334257,
    42.44439161
  ],
  ""type"": ""Point""
}",-83.211334257,42.44439161
22430,9946721,I-94,VAN DYKE,2017-02-05,5,2,2017,6,1,1,1,,1,1,,4,5,5,55,3,1,1,5,0,0,0,0,true,,false,false,false,false,false,,,,,,false,false,false,,,false,false,false,false,false,-83.0219,42.38565,"{
  ""coordinates"": [
    -8.302190358300000e+01,
    4.238565104100010e+01
  ],
  ""type"": ""Point""
}","{
  ""coordinates"": [
    -83.021903583,
    42.385651041
  ],
  ""type"": ""Point""
}",-83.021903583,42.3856510410001
22431,9945556,I75,MACK,2017-02-05,5,2,2017,3,1,1,1,,1,1,,1,1,4,55,4,1,2,5,0,0,0,0,true,,false,false,false,false,false,,,,,,false,false,false,,,false,false,false,false,false,-83.0461,42.34863,"{
  ""coordinates"": [
    -8.304609357899990e+01,
    4.234862627300000e+01
  ],
  ""type"": ""Point""
}","{
  ""coordinates"": [
    -83.046093579,
    42.348626273
  ],
  ""type"": ""Point""
}",-83.0460935789999,42.348626273
22432,9945592,WOODWARD,SEVEN MILE,2017-02-05,5,2,2017,2,1,8,3,,1,0,,1,1,4,0,3,2,2,5,0,0,0,0,true,,false,false,true,false,false,,,,,,false,false,false,,,false,false,false,false,false,-83.11416,42.43091,"{
  ""coordinates"": [
    -8.311416092800000e+01,
    4.243090921100000e+01
  ],
  ""type"": ""Point""
}","{
  ""coordinates"": [
    -83.114160928,
    42.430909211
  ],
  ""type"": ""Point""
}",-83.114160928,42.430909211
22433,9950357,I-75 SERVICE,WARREN,2017-02-05,5,2,2017,16,1,5,9,,4,0,,1,2,1,55,3,2,4,4,0,0,0,1,false,,false,false,true,false,false,,,,,,false,false,false,,,false,false,false,false,false,-83.05368,42.36073,"{
  ""coordinates"": [
    -8.305368349699999e+01,
    4.236072880600010e+01
  ],
  ""type"": ""Point""
}","{
  ""coordinates"": [
    -83.053683497,
    42.360728806
  ],
  ""type"": ""Point""
}",-83.053683497,42.3607288060001
22434,9945581,EDMORE,SCHOENHERR,2017-02-05,5,2,2017,11,1,5,9,,,0,,3,1,4,30,2,2,0,5,0,0,0,0,true,,false,false,true,false,false,,,,,,false,false,false,,,false,false,false,false,false,-82.9855,42.44674,"{
  ""coordinates"": [
    -8.298550505199999e+01,
    4.244673477100010e+01
  ],
  ""type"": ""Point""
}","{
  ""coordinates"": [
    -82.985505052,
    42.446734771
  ],
  ""type"": ""Point""
}",-82.985505052,42.4467347710001
22435,9950409,LENOX,FOREST,2017-02-05,5,2,2017,10,1,5,9,,,0,,1,1,3,0,2,3,0,5,0,0,0,0,true,,false,false,true,false,false,,,,,,false,false,false,,,false,false,false,false,false,-82.96498,42.39132,"{
  ""coordinates"": [
    -8.296498369999991e+01,
    4.239131937700010e+01
  ],
  ""type"": ""Point""
}","{
  ""coordinates"": [
    -82.9649837,
    42.391319377
  ],
  ""type"": ""Point""
}",-82.9649836999999,42.3913193770001
22436,9945565,PLYMOUTH,SOUTHFIELD SERVICE DRIVE,2017-02-05,5,2,2017,14,1,5,9,,4,0,,2,2,1,30,2,2,2,5,0,0,0,0,true,,false,false,true,false,false,,,,,,false,false,false,,,false,false,false,false,false,-83.21727,42.37225,"{
  ""coordinates"": [
    -8.321726842800000e+01,
    4.237225467800000e+01
  ],
  ""type"": ""Point""
}","{
  ""coordinates"": [
    -83.217268428,
    42.372254678
  ],
  ""type"": ""Point""
}",-83.217268428,42.372254678
22437,9945577,7 MILE,DRESDEN,2017-02-05,5,2,2017,16,1,1,9,,4,1,,1,2,1,30,4,1,1,4,0,0,0,1,false,,false,false,false,false,false,,,,,,false,false,false,,,false,false,false,false,false,-82.99986,42.43458,"{
  ""coordinates"": [
    -8.299985882000000e+01,
    4.243458069000010e+01
  ],
  ""type"": ""Point""
}","{
  ""coordinates"": [
    -82.99985882,
    42.43458069
  ],
  ""type"": ""Point""
}",-82.99985882,42.4345806900001
22438,9946702,I-94,BARRETT,2017-02-05,5,2,2017,8,1,1,1,,1,1,,3,2,1,55,3,1,1,5,0,0,0,0,true,,false,false,false,false,false,,,,,,false,false,true,,,false,false,false,false,false,-82.97945,42.39976,"{
  ""coordinates"": [
    -8.297945275500000e+01,
    4.239976117100010e+01
  ],
  ""type"": ""Point""
}","{
  ""coordinates"": [
    -82.979452755,
    42.399761171
  ],
  ""type"": ""Point""
}",-82.979452755,42.3997611710001
22439,9946736,MEYERS,CHICAGO,2017-02-05,5,2,2017,4,1,5,9,,4,0,,1,1,4,0,2,2,0,5,0,0,0,0,true,,false,false,true,false,false,,,,,,false,false,false,,,false,false,false,false,false,-83.16792,42.36573,"{
  ""coordinates"": [
    -8.316791525500000e+01,
    4.236572761600010e+01
  ],
  ""type"": ""Point""
}","{
  ""coordinates"": [
    -83.167915255,
    42.365727616
  ],
  ""type"": ""Point""
}",-83.167915255,42.3657276160001
22440,9945560,WARREN,JEFFRIES,2017-02-05,5,2,2017,9,1,1,9,,4,0,,1,1,1,35,4,1,1,5,0,0,0,0,true,,false,false,false,false,false,,,,,,false,false,false,,,false,false,false,false,false,-83.09729,42.34621,"{
  ""coordinates"": [
    -8.309729327199990e+01,
    4.234620760200000e+01
  ],
  ""type"": ""Point""
}","{
  ""coordinates"": [
    -83.097293272,
    42.346207602
  ],
  ""type"": ""Point""
}",-83.0972932719999,42.346207602
22441,9944528,JEFFERSON,COPLAND,2017-02-04,4,2,2017,10,7,4,9,,4,0,,1,1,1,35,4,2,2,5,0,0,0,0,true,,false,false,false,false,false,,,,,,false,true,false,,,false,false,false,false,false,-83.12022,42.28906,"{
  ""coordinates"": [
    -8.312022264099990e+01,
    4.228906343100000e+01
  ],
  ""type"": ""Point""
}","{
  ""coordinates"": [
    -83.120222641,
    42.289063431
  ],
  ""type"": ""Point""
}",-83.1202226409999,42.289063431
22442,9947623,WOODWARD,STATE FAIR,2017-02-04,4,2,2017,23,7,8,3,,1,0,,1,1,4,40,5,3,5,3,0,0,1,3,false,,false,false,false,false,false,,,,,,false,false,true,,,false,false,false,false,false,-83.11972,42.43909,"{
  ""coordinates"": [
    -8.311971667499991e+01,
    4.243909116900010e+01
  ],
  ""type"": ""Point""
}","{
  ""coordinates"": [
    -83.119716675,
    42.439091169
  ],
  ""type"": ""Point""
}",-83.1197166749999,42.4390911690001
22443,9944589,GRATIOT,7 MILE,2017-02-04,4,2,2017,1,7,5,3,,1,0,,1,1,1,35,7,2,2,5,0,0,0,0,true,,false,false,true,false,false,,,,,,false,false,false,,,false,false,false,false,false,-82.97745,42.43545,"{
  ""coordinates"": [
    -8.297745125599990e+01,
    4.243544745300010e+01
  ],
  ""type"": ""Point""
}","{
  ""coordinates"": [
    -82.977451256,
    42.435447453
  ],
  ""type"": ""Point""
}",-82.9774512559999,42.4354474530001
22444,9944564,LIVERNOIS,LAFAYETTE,2017-02-04,4,2,2017,1,7,4,9,,4,0,,3,1,4,25,2,2,1,4,0,0,0,1,false,,true,false,true,false,false,,,,,,false,false,true,,,false,false,false,false,false,-83.1049,42.30862,"{
  ""coordinates"": [
    -8.310490732200000e+01,
    4.230861901700010e+01
  ],
  ""type"": ""Point""
}","{
  ""coordinates"": [
    -83.104907322,
    42.308619017
  ],
  ""type"": ""Point""
}",-83.104907322,42.3086190170001
22445,9954376,GRAND RIVER,MCNICHOLS,2017-02-04,4,2,2017,11,7,3,3,,1,0,,1,1,1,0,8,2,5,2,0,1,1,2,false,,false,false,false,true,false,,,,,,false,true,false,,,false,false,false,false,false,-83.25334,42.41481,"{
  ""coordinates"": [
    -8.325334385100000e+01,
    4.241481205300000e+01
  ],
  ""type"": ""Point""
}","{
  ""coordinates"": [
    -83.253343851,
    42.414812053
  ],
  ""type"": ""Point""
}",-83.253343851,42.414812053
22446,9944578,MCNICHOLS,ASBURY,2017-02-04,4,2,2017,9,7,5,9,,2,0,,1,1,1,0,4,2,2,5,0,0,0,0,true,,false,false,false,false,false,,,,,,false,false,true,,,false,false,false,false,false,-83.2093,42.41576,"{
  ""coordinates"": [
    -8.320930257200000e+01,
    4.241576411500010e+01
  ],
  ""type"": ""Point""
}","{
  ""coordinates"": [
    -83.209302572,
    42.415764115
  ],
  ""type"": ""Point""
}",-83.209302572,42.4157641150001
22447,9949365,OGDEN,KIRKWOOD,2017-02-04,4,2,2017,18,7,97,9,,,0,,1,2,5,25,2,4,2,5,0,0,0,0,true,,false,false,false,false,false,,,,,,false,false,true,,,false,false,false,false,false,-83.15011,42.33514,"{
  ""coordinates"": [
    -8.315011206199991e+01,
    4.233514516700010e+01
  ],
  ""type"": ""Point""
}","{
  ""coordinates"": [
    -83.150112062,
    42.335145167
  ],
  ""type"": ""Point""
}",-83.1501120619999,42.3351451670001
22448,9944606,MCNICHOLS,ROSELAWN,2017-02-04,4,2,2017,2,7,8,9,,4,0,,1,1,4,30,1,2,1,5,0,0,0,0,true,,false,false,true,false,false,,,,,,false,false,false,,,false,false,false,false,false,-83.1524,42.41708,"{
  ""coordinates"": [
    -8.315240197999999e+01,
    4.241708352700000e+01
  ],
  ""type"": ""Point""
}","{
  ""coordinates"": [
    -83.15240198,
    42.417083527
  ],
  ""type"": ""Point""
}",-83.15240198,42.417083527
22449,9945585,W I 96,KENTFIELD,2017-02-04,4,2,2017,15,7,8,1,,1,0,,1,1,1,35,4,2,5,5,0,0,0,0,true,,false,false,false,false,false,,,,,,false,true,false,,,false,false,false,false,false,-83.24045,42.38363,"{
  ""coordinates"": [
    -8.324045018899990e+01,
    4.238363355400000e+01
  ],
  ""type"": ""Point""
}","{
  ""coordinates"": [
    -83.240450189,
    42.383633554
  ],
  ""type"": ""Point""
}",-83.2404501889999,42.383633554
22450,9957545,E I 96,RAMP 213K,2017-02-04,4,2,2017,1,7,1,1,,1,1,,1,1,4,55,4,1,1,5,0,0,0,0,true,,false,false,false,false,false,,,,,,false,false,false,,,false,false,false,false,false,-83.09957,42.35041,"{
  ""coordinates"": [
    -8.309956839499991e+01,
    4.235041091700000e+01
  ],
  ""type"": ""Point""
}","{
  ""coordinates"": [
    -83.099568395,
    42.350410917
  ],
  ""type"": ""Point""
}",-83.0995683949999,42.350410917
22451,9946733,SCHEAFER,FULLERTON,2017-02-04,4,2,2017,20,7,5,9,,4,0,,1,98,4,25,5,2,1,5,0,0,0,0,true,,false,false,true,false,false,,,,,,false,false,false,,,false,false,false,false,false,-83.17826,42.38049,"{
  ""coordinates"": [
    -8.317826418399990e+01,
    4.238049349600000e+01
  ],
  ""type"": ""Point""
}","{
  ""coordinates"": [
    -83.178264184,
    42.380493496
  ],
  ""type"": ""Point""
}",-83.1782641839999,42.380493496
22452,9944609,7 MILE,FREELAND,2017-02-04,4,2,2017,21,7,4,9,,2,0,,4,1,4,40,4,2,3,4,0,0,0,3,false,,false,false,true,false,false,,,,,,false,false,false,,,false,false,false,false,false,-83.18637,42.43087,"{
  ""coordinates"": [
    -8.318637297700000e+01,
    4.243086524900010e+01
  ],
  ""type"": ""Point""
}","{
  ""coordinates"": [
    -83.186372977,
    42.430865249
  ],
  ""type"": ""Point""
}",-83.186372977,42.4308652490001
22453,9944607,8 MILE,GARDENDALE,2017-02-04,4,2,2017,14,7,4,3,,1,0,,1,1,1,40,3,2,2,5,0,0,0,0,true,,false,false,false,false,false,,,,,,false,false,false,,,false,false,false,false,false,-83.13882,42.44616,"{
  ""coordinates"": [
    -8.313881595200000e+01,
    4.244616143300000e+01
  ],
  ""type"": ""Point""
}","{
  ""coordinates"": [
    -83.138815952,
    42.446161433
  ],
  ""type"": ""Point""
}",-83.138815952,42.446161433
22454,9949346,LIVERNOIS,VERNOR,2017-02-04,4,2,2017,23,7,5,9,,4,3,,1,1,1,35,2,3,1,3,0,0,1,0,false,,false,false,false,false,false,,,,,,false,false,false,,,false,false,false,false,false,-83.10983,42.31541,"{
  ""coordinates"": [
    -8.310982834399989e+01,
    4.231541576300000e+01
  ],
  ""type"": ""Point""
}","{
  ""coordinates"": [
    -83.109828344,
    42.315415763
  ],
  ""type"": ""Point""
}",-83.1098283439999,42.315415763
22455,9945574,PATTON,GRAND RIVER,2017-02-04,4,2,2017,20,7,8,3,,,0,,3,5,4,25,2,2,2,5,0,0,0,0,true,,false,false,true,false,false,,,,,,false,false,false,,,false,false,false,false,false,-83.24424,42.41087,"{
  ""coordinates"": [
    -8.324424006600000e+01,
    4.241086679200000e+01
  ],
  ""type"": ""Point""
}","{
  ""coordinates"": [
    -83.244240066,
    42.410866792
  ],
  ""type"": ""Point""
}",-83.244240066,42.410866792
22456,9949411,TRUMBULL,EDSEL FORD SERVICE,2017-02-04,4,2,2017,19,7,4,9,,,0,,1,1,4,25,4,2,3,4,0,0,0,1,false,,false,false,true,false,false,,,,,,false,false,true,,,false,false,false,false,false,-83.08449,42.36587,"{
  ""coordinates"": [
    -8.308449111800000e+01,
    4.236587323700010e+01
  ],
  ""type"": ""Point""
}","{
  ""coordinates"": [
    -83.084491118,
    42.365873237
  ],
  ""type"": ""Point""
}",-83.084491118,42.3658732370001
22457,9948517,BEECHWOOD,LINSDALE,2017-02-04,4,2,2017,12,7,2,9,,4,0,,1,1,1,30,2,2,2,4,0,0,0,1,false,,false,false,false,false,false,,,,,,false,true,true,,,false,false,false,false,false,-83.12489,42.36089,"{
  ""coordinates"": [
    -8.312488603400000e+01,
    4.236089233400000e+01
  ],
  ""type"": ""Point""
}","{
  ""coordinates"": [
    -83.124886034,
    42.360892334
  ],
  ""type"": ""Point""
}",-83.124886034,42.360892334
22458,9946727,I 94,WARREN,2017-02-04,4,2,2017,13,7,97,1,,1,0,,1,1,1,55,3,2,2,5,0,0,0,0,true,,false,false,false,false,false,,,,,,false,false,true,,,false,false,false,false,false,-83.11368,42.3445,"{
  ""coordinates"": [
    -8.311367994999991e+01,
    4.234449857600000e+01
  ],
  ""type"": ""Point""
}","{
  ""coordinates"": [
    -83.11367995,
    42.344498576
  ],
  ""type"": ""Point""
}",-83.1136799499999,42.344498576