ObjectId,Crash ID,Primary Road,Intersecting Road,Crash Date,Day,Month,Year,Hour,Weekday,Crash Type Code,Highway Classification Code,Community Code,Jurisdiction Code,Lane Departure Type Code,Surface Type,Road Condition,Weather Condition,Lighting Condition,Speed Limit,Lanes,Units,Occupants,Most Severe Injury,Fatal Injuries,Suspected Serious Injuries,Suspected Minor Injuries,Possible Injuries,Property Damage Only,Secondary Crash,Traffic Control,Red Light Run,Hit and Run,Alcohol,Drugs,Unbelted Person,Work Zone,Speeding Driver,Distracted Driver,Driveway,Pedestrian,Elderly Driver,Young Driver,Commercial Vehicle,Emergency Vehicles,Train,School Bus,Motorcycle,Bicycle,Deer,Longitude,Latitude,geom,geog,x,y
22573,9946708,RAMP 008A,N M 39,2017-02-02,2,2,2017,19,5,1,3,,1,1,,1,1,4,30,2,1,1,3,0,0,1,0,false,,false,false,false,false,false,,,,,,false,false,true,,,false,false,false,false,false,-83.21637,42.36987,"{
  ""coordinates"": [
    -8.321636629999990e+01,
    4.236986556000010e+01
  ],
  ""type"": ""Point""
}","{
  ""coordinates"": [
    -83.2163663,
    42.36986556
  ],
  ""type"": ""Point""
}",-83.2163662999999,42.3698655600001
22574,9944566,MOROSS,CHESTER,2017-02-02,2,2,2017,13,5,5,9,,2,0,,1,1,1,35,6,2,3,5,0,0,0,0,true,,false,false,false,false,false,,,,,,false,true,false,,,false,false,false,false,false,-82.92262,42.42208,"{
  ""coordinates"": [
    -8.292262206100000e+01,
    4.242208512400000e+01
  ],
  ""type"": ""Point""
}","{
  ""coordinates"": [
    -82.922622061,
    42.422085124
  ],
  ""type"": ""Point""
}",-82.922622061,42.422085124
22575,9944568,WARREN,CONNER,2017-02-02,2,2,2017,7,5,4,9,,4,0,,1,1,1,35,7,2,5,5,0,0,0,0,true,,false,false,true,false,false,,,,,,false,false,false,,,false,false,false,false,false,-82.97964,42.38877,"{
  ""coordinates"": [
    -8.297963516500000e+01,
    4.238877489300010e+01
  ],
  ""type"": ""Point""
}","{
  ""coordinates"": [
    -82.979635165,
    42.388774893
  ],
  ""type"": ""Point""
}",-82.979635165,42.3887748930001
22576,9951465,I-75,CLAY,2017-02-02,2,2,2017,16,5,5,1,,1,0,,1,1,1,55,4,3,3,5,0,0,0,0,true,,false,false,false,false,false,,,,,,false,false,false,,,false,false,false,false,false,-83.06211,42.37765,"{
  ""coordinates"": [
    -8.306210742199990e+01,
    4.237764648800000e+01
  ],
  ""type"": ""Point""
}","{
  ""coordinates"": [
    -83.062107422,
    42.377646488
  ],
  ""type"": ""Point""
}",-83.0621074219999,42.377646488
22577,9944559,KIRKWOOD,LONYO,2017-02-02,2,2,2017,12,5,9,9,,,0,,3,1,1,25,2,2,5,5,0,0,0,0,true,,false,false,false,false,false,,,,,,false,false,true,,,false,false,false,false,false,-83.14927,42.33703,"{
  ""coordinates"": [
    -8.314926990100000e+01,
    4.233702714700010e+01
  ],
  ""type"": ""Point""
}","{
  ""coordinates"": [
    -83.149269901,
    42.337027147
  ],
  ""type"": ""Point""
}",-83.149269901,42.3370271470001
22578,9949413,CASS,FERRY,2017-02-02,2,2,2017,20,5,97,9,,4,0,,1,2,5,25,2,2,1,3,0,0,1,0,false,,false,false,false,false,false,,,,,,true,false,false,,,false,false,false,false,false,-83.06921,42.36046,"{
  ""coordinates"": [
    -8.306920475299999e+01,
    4.236046138600010e+01
  ],
  ""type"": ""Point""
}","{
  ""coordinates"": [
    -83.069204753,
    42.360461386
  ],
  ""type"": ""Point""
}",-83.069204753,42.3604613860001
22579,9943028,WYOMING,PURITAN,2017-02-02,2,2,2017,11,5,4,9,,4,0,,1,1,1,30,4,2,3,5,0,0,0,0,true,,false,false,false,false,false,,,,,,false,false,false,,,false,false,false,false,false,-83.15999,42.40944,"{
  ""coordinates"": [
    -8.315998708500000e+01,
    4.240943799700010e+01
  ],
  ""type"": ""Point""
}","{
  ""coordinates"": [
    -83.159987085,
    42.409437997
  ],
  ""type"": ""Point""
}",-83.159987085,42.4094379970001
22580,9948485,LAFAYETTE,FIELD,2017-02-02,2,2,2017,11,5,4,9,,4,0,,2,1,1,0,4,2,4,5,0,0,0,0,true,,false,false,false,false,false,,,,,,false,false,false,,,false,false,false,false,false,-83.00247,42.35098,"{
  ""coordinates"": [
    -8.300247231799990e+01,
    4.235098122300010e+01
  ],
  ""type"": ""Point""
}","{
  ""coordinates"": [
    -83.002472318,
    42.350981223
  ],
  ""type"": ""Point""
}",-83.0024723179999,42.3509812230001
22581,9959116,BUCHANAN,30TH,2017-02-02,2,2,2017,9,5,4,9,,4,0,,3,1,1,25,2,2,1,5,0,0,0,0,true,,false,false,true,false,false,,,,,,false,false,false,,,false,false,false,false,false,-83.11085,42.33654,"{
  ""coordinates"": [
    -8.311084651700000e+01,
    4.233654565700000e+01
  ],
  ""type"": ""Point""
}","{
  ""coordinates"": [
    -83.110846517,
    42.336545657
  ],
  ""type"": ""Point""
}",-83.110846517,42.336545657
22582,9944600,7 MILE,VAN DYKE,2017-02-02,2,2,2017,14,5,5,3,,4,0,,1,1,1,30,2,2,1,5,0,0,0,0,true,,false,false,true,false,false,,,,,,false,false,false,,,false,false,false,false,false,-83.02402,42.43398,"{
  ""coordinates"": [
    -8.302401703699999e+01,
    4.243398091500010e+01
  ],
  ""type"": ""Point""
}","{
  ""coordinates"": [
    -83.024017037,
    42.433980915
  ],
  ""type"": ""Point""
}",-83.024017037,42.4339809150001
22583,9944549,MICHIGAN,3RD,2017-02-02,2,2,2017,20,5,8,2,,1,0,,1,1,4,30,3,2,2,5,0,0,0,0,true,,false,false,true,false,false,,,,,,false,false,false,,,false,false,false,false,false,-83.05742,42.33167,"{
  ""coordinates"": [
    -8.305741649299991e+01,
    4.233166778900010e+01
  ],
  ""type"": ""Point""
}","{
  ""coordinates"": [
    -83.057416493,
    42.331667789
  ],
  ""type"": ""Point""
}",-83.0574164929999,42.3316677890001
22584,9944538,TRUMBULL,GR,2017-02-02,2,2,2017,8,5,4,9,,4,0,,1,1,1,35,2,2,2,5,0,0,0,0,true,,true,true,false,false,false,,,,,,false,false,false,,,false,false,false,false,false,-83.07277,42.34172,"{
  ""coordinates"": [
    -8.307276827699999e+01,
    4.234172068700010e+01
  ],
  ""type"": ""Point""
}","{
  ""coordinates"": [
    -83.072768277,
    42.341720687
  ],
  ""type"": ""Point""
}",-83.072768277,42.3417206870001
22585,9947578,BEAUBIEN,KIRBY,2017-02-02,2,2,2017,16,5,8,9,,,0,,1,1,1,25,2,2,1,5,0,0,0,0,true,,false,false,false,false,false,,,,,,false,false,false,,,false,false,false,false,false,-83.06107,42.36279,"{
  ""coordinates"": [
    -8.306106494600000e+01,
    4.236279131200010e+01
  ],
  ""type"": ""Point""
}","{
  ""coordinates"": [
    -83.061064946,
    42.362791312
  ],
  ""type"": ""Point""
}",-83.061064946,42.3627913120001
22586,9944610,CHALFONTE,HUBBELL,2017-02-02,2,2,2017,20,5,4,9,,,0,,98,2,4,25,2,2,1,5,0,0,0,0,true,,false,false,false,false,false,,,,,,false,false,false,,,false,false,false,false,false,-83.18882,42.39961,"{
  ""coordinates"": [
    -8.318881898200000e+01,
    4.239961198100010e+01
  ],
  ""type"": ""Point""
}","{
  ""coordinates"": [
    -83.188818982,
    42.399611981
  ],
  ""type"": ""Point""
}",-83.188818982,42.3996119810001
22587,9951474,I-75,CLARK,2017-02-02,2,2,2017,6,5,8,1,,1,0,,1,1,1,55,3,2,1,5,0,0,0,0,true,,false,false,true,false,false,,,,,,false,false,false,,,false,false,false,false,false,-83.09267,42.3128,"{
  ""coordinates"": [
    -8.309267071300000e+01,
    4.231280104600010e+01
  ],
  ""type"": ""Point""
}","{
  ""coordinates"": [
    -83.092670713,
    42.312801046
  ],
  ""type"": ""Point""
}",-83.092670713,42.3128010460001
22588,9951520,I-94,WYOMING,2017-02-02,2,2,2017,10,5,97,1,,1,0,,1,1,1,55,3,2,2,5,0,0,0,0,true,,false,false,false,false,false,,,,,,false,false,false,,,false,false,false,false,false,-83.15472,42.32919,"{
  ""coordinates"": [
    -8.315471905500000e+01,
    4.232918749600000e+01
  ],
  ""type"": ""Point""
}","{
  ""coordinates"": [
    -83.154719055,
    42.329187496
  ],
  ""type"": ""Point""
}",-83.154719055,42.329187496
22589,9943011,LIVERNOIS,LYNDON,2017-02-02,2,2,2017,15,5,8,9,,4,0,,1,1,1,30,4,2,1,4,0,0,0,1,false,,false,false,true,false,false,,,,,,false,false,true,,,false,false,false,false,false,-83.14002,42.39548,"{
  ""coordinates"": [
    -8.314002404699990e+01,
    4.239548025900010e+01
  ],
  ""type"": ""Point""
}","{
  ""coordinates"": [
    -83.140024047,
    42.395480259
  ],
  ""type"": ""Point""
}",-83.1400240469999,42.3954802590001
22590,9951476,M-10,BAGLEY,2017-02-02,2,2,2017,17,5,5,3,,1,0,,1,1,1,55,3,2,3,5,0,0,0,0,true,,false,false,false,false,false,,,,,,false,false,true,,,false,false,false,false,false,-83.0649,42.33592,"{
  ""coordinates"": [
    -8.306489991699991e+01,
    4.233592104400000e+01
  ],
  ""type"": ""Point""
}","{
  ""coordinates"": [
    -83.064899917,
    42.335921044
  ],
  ""type"": ""Point""
}",-83.0648999169999,42.335921044
22591,9951497,I-75,CLAY,2017-02-02,2,2,2017,13,5,5,1,,1,0,,1,1,1,70,4,2,2,5,0,0,0,0,true,,false,false,false,false,false,,,,,,false,false,false,,,false,false,false,false,false,-83.06374,42.37959,"{
  ""coordinates"": [
    -8.306374029700000e+01,
    4.237958541800000e+01
  ],
  ""type"": ""Point""
}","{
  ""coordinates"": [
    -83.063740297,
    42.379585418
  ],
  ""type"": ""Point""
}",-83.063740297,42.379585418
22592,9951475,M-10,WARREN,2017-02-02,2,2,2017,17,5,5,3,,1,0,,1,1,1,55,3,2,2,5,0,0,0,0,true,,false,false,false,false,false,,,,,,false,false,true,,,false,false,false,false,false,-83.07259,42.35246,"{
  ""coordinates"": [
    -8.307258753500000e+01,
    4.235245794000010e+01
  ],
  ""type"": ""Point""
}","{
  ""coordinates"": [
    -83.072587535,
    42.35245794
  ],
  ""type"": ""Point""
}",-83.072587535,42.3524579400001
22593,9943017,MOUND,OUTER,2017-02-02,2,2,2017,17,5,8,9,,2,0,,1,1,1,35,4,2,2,5,0,0,0,0,true,,false,false,false,false,false,,,,,,false,false,false,,,false,false,false,false,false,-83.04406,42.441,"{
  ""coordinates"": [
    -8.304405763599991e+01,
    4.244099703800000e+01
  ],
  ""type"": ""Point""
}","{
  ""coordinates"": [
    -83.044057636,
    42.440997038
  ],
  ""type"": ""Point""
}",-83.0440576359999,42.440997038
22594,9964981,N I 75,RAMP 044B,2017-02-02,2,2,2017,16,5,5,1,,1,0,,1,1,1,55,4,2,2,5,0,0,0,0,true,,false,false,false,false,false,,,,,,false,false,false,,,false,false,false,false,false,-83.0563,42.36507,"{
  ""coordinates"": [
    -8.305629728600000e+01,
    4.236506588200010e+01
  ],
  ""type"": ""Point""
}","{
  ""coordinates"": [
    -83.056297286,
    42.365065882
  ],
  ""type"": ""Point""
}",-83.056297286,42.3650658820001
22595,9943008,CHALMERS,KILBOURNE,2017-02-02,2,2,2017,12,5,8,9,,4,0,,1,1,1,25,2,2,2,5,0,0,0,0,true,,false,false,true,false,false,,,,,,false,false,false,,,false,false,false,false,false,-82.97231,42.41691,"{
  ""coordinates"": [
    -8.297231645499990e+01,
    4.241691249600010e+01
  ],
  ""type"": ""Point""
}","{
  ""coordinates"": [
    -82.972316455,
    42.416912496
  ],
  ""type"": ""Point""
}",-82.9723164549999,42.4169124960001
22596,9943021,N I 75 SERVICE DRIVE,7 MILE,2017-02-02,2,2,2017,16,5,5,9,,4,0,,1,1,1,30,2,2,2,5,0,0,0,0,true,,false,false,false,false,false,,,,,,false,false,false,,,false,false,false,false,false,-83.09425,42.43248,"{
  ""coordinates"": [
    -8.309424275299990e+01,
    4.243247692900010e+01
  ],
  ""type"": ""Point""
}","{
  ""coordinates"": [
    -83.094242753,
    42.432476929
  ],
  ""type"": ""Point""
}",-83.0942427529999,42.4324769290001
22597,9943029,LINWOOD,GROVE,2017-02-02,2,2,2017,14,5,9,9,,4,2,,1,1,1,25,2,2,3,5,0,0,0,0,true,,false,false,false,false,false,,,,,,false,true,false,,,false,false,false,false,false,-83.12801,42.41444,"{
  ""coordinates"": [
    -8.312800440900000e+01,
    4.241444378100000e+01
  ],
  ""type"": ""Point""
}","{
  ""coordinates"": [
    -83.128004409,
    42.414443781
  ],
  ""type"": ""Point""
}",-83.128004409,42.414443781
22598,9947576,I-75,DEARBORN,2017-02-02,2,2,2017,15,5,8,1,,1,0,,1,1,1,70,4,2,7,5,0,0,0,0,true,,false,false,false,false,false,,,,,,false,false,true,,,false,false,false,false,false,-83.13519,42.28855,"{
  ""coordinates"": [
    -8.313519239000000e+01,
    4.228854671300010e+01
  ],
  ""type"": ""Point""
}","{
  ""coordinates"": [
    -83.13519239,
    42.288546713
  ],
  ""type"": ""Point""
}",-83.13519239,42.2885467130001
22599,9943007,WESTPHALIA,LAPPIN,2017-02-02,2,2,2017,13,5,3,9,,,0,,1,1,1,25,2,2,2,5,0,0,0,0,true,,false,false,false,false,false,,,,,,false,true,false,,,false,false,false,false,false,-82.99245,42.43644,"{
  ""coordinates"": [
    -8.299245437000000e+01,
    4.243644165500010e+01
  ],
  ""type"": ""Point""
}","{
  ""coordinates"": [
    -82.99245437,
    42.436441655
  ],
  ""type"": ""Point""
}",-82.99245437,42.4364416550001
22600,1214351,VANDYKE,8MILE,2017-02-02,2,2,2017,10,5,4,3,,1,0,,1,1,1,0,8,2,2,5,0,0,0,0,true,,false,false,false,false,false,,,,,,false,true,false,,,false,false,false,false,false,-83.02473,42.44796,"{
  ""coordinates"": [
    -8.302473337299990e+01,
    4.244796248200000e+01
  ],
  ""type"": ""Point""
}","{
  ""coordinates"": [
    -83.024733373,
    42.447962482
  ],
  ""type"": ""Point""
}",-83.0247333729999,42.447962482
22601,9942995,PAUL,METTETAL,2017-02-02,2,2,2017,13,5,5,9,,4,0,,1,1,1,25,2,2,1,5,0,0,0,0,true,,false,false,true,false,false,,,,,,false,false,false,,,false,false,false,false,false,-83.20457,42.33633,"{
  ""coordinates"": [
    -8.320457572899990e+01,
    4.233632514700000e+01
  ],
  ""type"": ""Point""
}","{
  ""coordinates"": [
    -83.204575729,
    42.336325147
  ],
  ""type"": ""Point""
}",-83.2045757289999,42.336325147
22602,9950381,TORREY,28TH,2017-02-02,2,2,2017,8,5,5,9,,,0,,3,1,1,25,4,2,1,5,0,0,0,0,true,,false,false,true,false,false,,,,,,false,false,false,,,false,false,false,false,false,-83.10492,42.33183,"{
  ""coordinates"": [
    -8.310492091600000e+01,
    4.233182652600000e+01
  ],
  ""type"": ""Point""
}","{
  ""coordinates"": [
    -83.104920916,
    42.331826526
  ],
  ""type"": ""Point""
}",-83.104920916,42.331826526
22603,9946754,S I 75 SERVICE DRIVE,7 MILE,2017-02-02,2,2,2017,14,5,97,9,,4,0,,1,1,1,30,4,2,2,5,0,0,0,0,true,,true,true,false,false,false,,,,,,false,false,true,,,false,false,false,false,false,-83.09535,42.43249,"{
  ""coordinates"": [
    -8.309535038800000e+01,
    4.243249306600010e+01
  ],
  ""type"": ""Point""
}","{
  ""coordinates"": [
    -83.095350388,
    42.432493066
  ],
  ""type"": ""Point""
}",-83.095350388,42.4324930660001
22604,9953386,BRAMELL,PLYMOUTH,2017-02-02,2,2,2017,6,5,9,9,,,2,,2,1,5,25,2,2,1,5,0,0,0,0,true,,false,false,true,false,false,,,,,,false,false,false,,,false,false,false,false,false,-83.26315,42.36744,"{
  ""coordinates"": [
    -8.326314658800000e+01,
    4.236743622900010e+01
  ],
  ""type"": ""Point""
}","{
  ""coordinates"": [
    -83.263146588,
    42.367436229
  ],
  ""type"": ""Point""
}",-83.263146588,42.3674362290001
22605,9943001,CHAPEL,GRAND RIVER,2017-02-02,2,2,2017,0,5,2,9,,,2,,3,5,4,25,2,2,1,5,0,0,0,0,true,,false,false,false,false,false,,,,,,false,false,false,,,false,false,false,false,false,-83.25382,42.41554,"{
  ""coordinates"": [
    -8.325382120400000e+01,
    4.241554325800010e+01
  ],
  ""type"": ""Point""
}","{
  ""coordinates"": [
    -83.253821204,
    42.415543258
  ],
  ""type"": ""Point""
}",-83.253821204,42.4155432580001
22606,9943027,GREENLAWN,CAMBRIDGE,2017-02-02,2,2,2017,8,5,1,9,,,0,,3,1,1,25,4,2,2,5,0,0,0,0,true,,false,false,false,false,false,,,,,,false,false,false,,,false,false,false,true,false,-83.15191,42.43323,"{
  ""coordinates"": [
    -8.315191167899999e+01,
    4.243323037700000e+01
  ],
  ""type"": ""Point""
}","{
  ""coordinates"": [
    -83.151911679,
    42.433230377
  ],
  ""type"": ""Point""
}",-83.151911679,42.433230377
22607,9946682,I 94,SECOND,2017-02-02,2,2,2017,18,5,5,1,,1,0,,1,1,5,55,3,4,4,4,0,0,0,1,false,,false,false,false,false,false,,,,,,false,false,true,,,false,false,false,false,false,-83.07233,42.36182,"{
  ""coordinates"": [
    -8.307233418000000e+01,
    4.236182536600010e+01
  ],
  ""type"": ""Point""
}","{
  ""coordinates"": [
    -83.07233418,
    42.361825366
  ],
  ""type"": ""Point""
}",-83.07233418,42.3618253660001
22608,9943022,JOS CAMPAU,HALLECK,2017-02-02,2,2,2017,15,5,3,9,,4,0,,1,1,1,35,4,2,4,5,0,0,0,0,true,,false,false,false,false,false,,,,,,false,false,false,,,false,false,false,false,false,-83.06556,42.40829,"{
  ""coordinates"": [
    -8.306555892100000e+01,
    4.240828866100000e+01
  ],
  ""type"": ""Point""
}","{
  ""coordinates"": [
    -83.065558921,
    42.408288661
  ],
  ""type"": ""Point""
}",-83.065558921,42.408288661
22609,9951521,I-94,FRENCH,2017-02-02,2,2,2017,13,5,8,1,,1,0,,1,1,1,55,3,2,2,5,0,0,0,0,true,,false,false,true,false,false,,,,,,false,false,true,,,false,false,false,false,false,-82.99628,42.39235,"{
  ""coordinates"": [
    -8.299628584999989e+01,
    4.239235180500000e+01
  ],
  ""type"": ""Point""
}","{
  ""coordinates"": [
    -82.99628585,
    42.392351805
  ],
  ""type"": ""Point""
}",-82.9962858499999,42.392351805
22610,9943018,7 MILE,MT ELLIOTT,2017-02-02,2,2,2017,8,5,4,9,,4,0,,1,1,1,35,4,2,3,2,0,1,0,2,false,,false,false,false,false,false,,,,,,false,true,false,,,false,false,false,false,false,-83.0389,42.43369,"{
  ""coordinates"": [
    -8.303890359199990e+01,
    4.243368934900010e+01
  ],
  ""type"": ""Point""
}","{
  ""coordinates"": [
    -83.038903592,
    42.433689349
  ],
  ""type"": ""Point""
}",-83.0389035919999,42.4336893490001
22611,9951496,I-75,STATE FAIR,2017-02-02,2,2,2017,8,5,8,1,,1,0,,1,1,1,70,4,2,4,5,0,0,0,0,true,,false,false,false,false,false,,,,,,false,false,true,,,false,false,false,false,false,-83.09519,42.43954,"{
  ""coordinates"": [
    -8.309519113800000e+01,
    4.243954486400000e+01
  ],
  ""type"": ""Point""
}","{
  ""coordinates"": [
    -83.095191138,
    42.439544864
  ],
  ""type"": ""Point""
}",-83.095191138,42.439544864
22612,9944539,GRAND RIVER,MONICA,2017-02-02,2,2,2017,9,5,5,3,,1,0,,1,1,1,45,3,2,1,4,0,0,0,1,false,,false,false,false,false,false,,,,,,false,false,false,,,false,false,false,false,false,-83.14134,42.36969,"{
  ""coordinates"": [
    -8.314134003399990e+01,
    4.236969505900000e+01
  ],
  ""type"": ""Point""
}","{
  ""coordinates"": [
    -83.141340034,
    42.369695059
  ],
  ""type"": ""Point""
}",-83.1413400339999,42.369695059
22613,9944590,HAYES,HAZELRIDGE,2017-02-02,2,2,2017,22,5,4,9,,4,0,,1,1,4,30,2,2,1,5,0,0,0,0,true,,false,false,true,false,false,,,,,,false,false,false,,,false,false,false,false,false,-82.96517,42.42479,"{
  ""coordinates"": [
    -8.296517483799990e+01,
    4.242478634900000e+01
  ],
  ""type"": ""Point""
}","{
  ""coordinates"": [
    -82.965174838,
    42.424786349
  ],
  ""type"": ""Point""
}",-82.9651748379999,42.424786349
22614,9949409,WARREN,WOODWARD,2017-02-02,2,2,2017,15,5,8,3,,4,0,,1,1,1,30,4,2,2,5,0,0,0,0,true,,false,false,true,false,false,,,,,,false,false,false,,,false,false,false,false,false,-83.06436,42.35697,"{
  ""coordinates"": [
    -8.306436195399991e+01,
    4.235696839600010e+01
  ],
  ""type"": ""Point""
}","{
  ""coordinates"": [
    -83.064361954,
    42.356968396
  ],
  ""type"": ""Point""
}",-83.0643619539999,42.3569683960001
22615,9948489,MACK,S I 75,2017-02-02,2,2,2017,14,5,8,9,,4,0,,1,1,1,30,6,2,4,5,0,0,0,0,true,,false,false,false,false,false,,,,,,false,false,false,,,false,false,false,false,false,-83.04807,42.35113,"{
  ""coordinates"": [
    -8.304806978399991e+01,
    4.235112773400000e+01
  ],
  ""type"": ""Point""
}","{
  ""coordinates"": [
    -83.048069784,
    42.351127734
  ],
  ""type"": ""Point""
}",-83.0480697839999,42.351127734
22616,9944545,WARREN,JOHN R,2017-02-02,2,2,2017,11,5,4,9,,4,0,,1,1,1,30,3,2,2,5,0,0,0,0,true,,false,false,false,false,false,,,,,,false,false,false,,,false,false,false,false,false,-83.06208,42.3576,"{
  ""coordinates"": [
    -8.306208310999990e+01,
    4.235759727800010e+01
  ],
  ""type"": ""Point""
}","{
  ""coordinates"": [
    -83.06208311,
    42.357597278
  ],
  ""type"": ""Point""
}",-83.0620831099999,42.3575972780001
22617,9951509,I-96,OUTER,2017-02-02,2,2,2017,23,5,5,1,,1,0,,1,1,4,55,4,2,2,4,0,0,0,1,false,,false,false,false,false,false,,,,,,false,true,false,,,false,false,false,false,false,-83.26105,42.38579,"{
  ""coordinates"": [
    -8.326105606499991e+01,
    4.238578647100010e+01
  ],
  ""type"": ""Point""
}","{
  ""coordinates"": [
    -83.261056065,
    42.385786471
  ],
  ""type"": ""Point""
}",-83.2610560649999,42.3857864710001
22618,9953387,MARGARET,GREENVIEW,2017-02-02,2,2,2017,5,5,98,9,,,0,,3,1,4,25,2,2,0,5,0,0,0,0,true,,false,false,true,false,false,,,,,,false,false,false,,,false,false,false,false,false,-83.22569,42.42674,"{
  ""coordinates"": [
    -8.322568515800000e+01,
    4.242673886800000e+01
  ],
  ""type"": ""Point""
}","{
  ""coordinates"": [
    -83.225685158,
    42.426738868
  ],
  ""type"": ""Point""
}",-83.225685158,42.426738868
22619,9948470,S I 75,2ND,2017-02-02,2,2,2017,17,5,5,1,,1,0,,1,1,3,30,1,2,3,5,0,0,0,0,true,,false,false,false,false,false,,,,,,false,false,false,,,false,false,false,false,false,-83.05849,42.33704,"{
  ""coordinates"": [
    -8.305848931799990e+01,
    4.233703493800000e+01
  ],
  ""type"": ""Point""
}","{
  ""coordinates"": [
    -83.058489318,
    42.337034938
  ],
  ""type"": ""Point""
}",-83.0584893179999,42.337034938
22620,9950374,I-375 SERVICE,CONGRESS,2017-02-02,2,2,2017,9,5,97,9,,4,0,,1,1,1,35,3,2,1,5,0,0,0,0,true,,false,false,false,false,false,,,,,,false,false,false,,,false,false,false,false,false,-83.03683,42.33328,"{
  ""coordinates"": [
    -8.303682608400000e+01,
    4.233328164800000e+01
  ],
  ""type"": ""Point""
}","{
  ""coordinates"": [
    -83.036826084,
    42.333281648
  ],
  ""type"": ""Point""
}",-83.036826084,42.333281648
22621,9944575,EVERGREEN,7 MILE,2017-02-02,2,2,2017,21,5,3,9,,4,0,,1,1,4,35,5,2,2,5,0,0,0,0,true,,true,true,false,false,false,,,,,,false,false,true,,,false,false,false,false,false,-83.23886,42.42958,"{
  ""coordinates"": [
    -8.323886203300000e+01,
    4.242957852200000e+01
  ],
  ""type"": ""Point""
}","{
  ""coordinates"": [
    -83.238862033,
    42.429578522
  ],
  ""type"": ""Point""
}",-83.238862033,42.429578522
22622,9944533,BEAUBIEN,GRAND,2017-02-02,2,2,2017,16,5,4,9,,4,0,,1,1,1,25,2,2,4,4,0,0,0,2,false,,false,false,false,false,false,,,,,,false,false,false,,,false,false,false,false,false,-83.06756,42.37255,"{
  ""coordinates"": [
    -8.306755855499991e+01,
    4.237255644900010e+01
  ],
  ""type"": ""Point""
}","{
  ""coordinates"": [
    -83.067558555,
    42.372556449
  ],
  ""type"": ""Point""
}",-83.0675585549999,42.3725564490001
22623,9951489,I-96,I-94,2017-02-01,1,2,2017,7,4,1,1,,1,1,,4,5,4,55,3,1,2,5,0,0,0,0,true,,false,false,false,false,false,,,,,,false,false,false,,,false,false,false,false,false,-83.0986,42.34968,"{
  ""coordinates"": [
    -8.309859986500000e+01,
    4.234967716800000e+01
  ],
  ""type"": ""Point""
}","{
  ""coordinates"": [
    -83.098599865,
    42.349677168
  ],
  ""type"": ""Point""
}",-83.098599865,42.349677168
22624,9951494,W I 94,HARPER,2017-02-01,1,2,2017,16,4,1,1,,1,1,,1,2,1,55,3,1,2,5,0,0,0,0,true,,false,false,false,false,false,,,,,,false,false,false,,,false,false,false,false,false,-82.94823,42.40931,"{
  ""coordinates"": [
    -8.294823764400000e+01,
    4.240931360500010e+01
  ],
  ""type"": ""Point""
}","{
  ""coordinates"": [
    -82.948237644,
    42.409313605
  ],
  ""type"": ""Point""
}",-82.948237644,42.4093136050001
22625,9941996,I-94,MT ELLIOT,2017-02-01,1,2,2017,18,4,5,1,,1,0,,2,4,4,55,3,2,1,5,0,0,0,0,true,,false,false,true,false,false,,,,,,false,false,false,,,false,false,false,false,false,-83.03524,42.37839,"{
  ""coordinates"": [
    -8.303524141299989e+01,
    4.237838740200000e+01
  ],
  ""type"": ""Point""
}","{
  ""coordinates"": [
    -83.035241413,
    42.378387402
  ],
  ""type"": ""Point""
}",-83.0352414129999,42.378387402
22626,9951490,S I 75,14TH,2017-02-01,1,2,2017,6,4,4,1,,1,0,,4,5,4,55,3,2,2,5,0,0,0,0,true,,false,false,false,false,false,,,,,,false,false,false,,,false,false,false,false,false,-83.07705,42.33254,"{
  ""coordinates"": [
    -8.307704712200000e+01,
    4.233254099100000e+01
  ],
  ""type"": ""Point""
}","{
  ""coordinates"": [
    -83.077047122,
    42.332540991
  ],
  ""type"": ""Point""
}",-83.077047122,42.332540991
22627,9950456,GRAND RIVER,ROBSON,2017-02-01,1,2,2017,17,4,97,3,,1,0,,2,5,2,35,6,2,1,5,0,0,0,0,true,,false,false,true,false,false,,,,,,false,false,false,,,false,false,false,false,false,-83.19215,42.39016,"{
  ""coordinates"": [
    -8.319214500399990e+01,
    4.239015721100000e+01
  ],
  ""type"": ""Point""
}","{
  ""coordinates"": [
    -83.192145004,
    42.390157211
  ],
  ""type"": ""Point""
}",-83.1921450039999,42.390157211
22628,9944537,MCGRAW,LIVERNOIS,2017-02-01,1,2,2017,9,4,1,9,,4,1,,3,1,1,25,1,1,1,5,0,0,0,0,true,,false,false,false,false,false,,,,,,false,false,false,,,false,false,false,false,false,-83.12764,42.34074,"{
  ""coordinates"": [
    -8.312763933900000e+01,
    4.234074082500010e+01
  ],
  ""type"": ""Point""
}","{
  ""coordinates"": [
    -83.127639339,
    42.340740825
  ],
  ""type"": ""Point""
}",-83.127639339,42.3407408250001
22629,9944558,VERNOR,S I 75,2017-02-01,1,2,2017,15,4,4,9,,4,0,,1,2,1,25,2,2,3,4,0,0,0,1,false,,false,false,false,false,false,,,,,,false,false,false,,,false,false,false,false,false,-83.08406,42.32494,"{
  ""coordinates"": [
    -8.308406130299990e+01,
    4.232493636100000e+01
  ],
  ""type"": ""Point""
}","{
  ""coordinates"": [
    -83.084061303,
    42.324936361
  ],
  ""type"": ""Point""
}",-83.0840613029999,42.324936361