ObjectId,Crash ID,Primary Road,Intersecting Road,Crash Date,Day,Month,Year,Hour,Weekday,Crash Type Code,Highway Classification Code,Community Code,Jurisdiction Code,Lane Departure Type Code,Surface Type,Road Condition,Weather Condition,Lighting Condition,Speed Limit,Lanes,Units,Occupants,Most Severe Injury,Fatal Injuries,Suspected Serious Injuries,Suspected Minor Injuries,Possible Injuries,Property Damage Only,Secondary Crash,Traffic Control,Red Light Run,Hit and Run,Alcohol,Drugs,Unbelted Person,Work Zone,Speeding Driver,Distracted Driver,Driveway,Pedestrian,Elderly Driver,Young Driver,Commercial Vehicle,Emergency Vehicles,Train,School Bus,Motorcycle,Bicycle,Deer,Longitude,Latitude,geom,geog,x,y
22744,9941027,GRATIOT,TROESTER,2017-01-31,31,1,2017,17,3,5,3,,1,0,,2,1,1,35,3,2,2,4,0,0,0,2,false,,false,false,true,false,false,,,,,,false,false,false,,,false,false,false,false,false,-82.98363,42.42609,"{
  ""coordinates"": [
    -8.298362878700000e+01,
    4.242608473700010e+01
  ],
  ""type"": ""Point""
}","{
  ""coordinates"": [
    -82.983628787,
    42.426084737
  ],
  ""type"": ""Point""
}",-82.983628787,42.4260847370001
22745,9939944,FORT,OUTER,2017-01-31,31,1,2017,20,3,4,3,,1,0,,2,1,4,40,5,2,2,4,0,0,0,1,false,,true,true,false,false,false,,,,,,false,false,true,,,false,false,false,false,false,-83.16711,42.26247,"{
  ""coordinates"": [
    -8.316711471100000e+01,
    4.226246891500010e+01
  ],
  ""type"": ""Point""
}","{
  ""coordinates"": [
    -83.167114711,
    42.262468915
  ],
  ""type"": ""Point""
}",-83.167114711,42.2624689150001
22746,9948493,GRATIOT,RUSSELL,2017-01-31,31,1,2017,17,3,8,3,,1,0,,4,5,3,0,3,2,4,5,0,0,0,0,true,,false,false,false,false,false,,,,,,false,true,false,,,false,false,false,false,false,-83.03889,42.34335,"{
  ""coordinates"": [
    -8.303888682000000e+01,
    4.234335105100010e+01
  ],
  ""type"": ""Point""
}","{
  ""coordinates"": [
    -83.03888682,
    42.343351051
  ],
  ""type"": ""Point""
}",-83.03888682,42.3433510510001
22747,9947581,CORTLAND,OHIO,2017-01-31,31,1,2017,9,3,4,9,,,0,,4,1,1,25,2,2,2,5,0,0,0,0,true,,false,false,false,false,false,,,,,,false,false,true,,,false,false,false,false,false,-83.1548,42.37905,"{
  ""coordinates"": [
    -8.315480275499991e+01,
    4.237904596800010e+01
  ],
  ""type"": ""Point""
}","{
  ""coordinates"": [
    -83.154802755,
    42.379045968
  ],
  ""type"": ""Point""
}",-83.1548027549999,42.3790459680001
22748,9941005,GRAND,CASS,2017-01-31,31,1,2017,11,3,4,9,,4,0,,2,2,1,30,4,2,2,4,0,0,0,1,false,,true,true,false,false,false,,,,,,false,false,false,,,false,false,false,false,false,-83.07486,42.36982,"{
  ""coordinates"": [
    -8.307486066199991e+01,
    4.236981501900000e+01
  ],
  ""type"": ""Point""
}","{
  ""coordinates"": [
    -83.074860662,
    42.369815019
  ],
  ""type"": ""Point""
}",-83.0748606619999,42.369815019
22749,9947582,WADSWORTH,TERRY,2017-01-31,31,1,2017,11,3,9,9,,,0,,3,1,1,25,2,2,1,5,0,0,0,0,true,,false,false,false,false,false,,,,,,false,false,false,,,false,false,false,false,false,-83.19106,42.37493,"{
  ""coordinates"": [
    -8.319105519899990e+01,
    4.237492605500010e+01
  ],
  ""type"": ""Point""
}","{
  ""coordinates"": [
    -83.191055199,
    42.374926055
  ],
  ""type"": ""Point""
}",-83.1910551989999,42.3749260550001
22750,9941006,WARREN,SAINT ANTOINE,2017-01-31,31,1,2017,14,3,5,9,,4,0,,2,2,1,30,4,2,3,5,0,0,0,0,true,,false,false,false,false,false,,,,,,false,false,false,,,false,false,false,false,false,-83.0571,42.35999,"{
  ""coordinates"": [
    -8.305709659300000e+01,
    4.235999186300010e+01
  ],
  ""type"": ""Point""
}","{
  ""coordinates"": [
    -83.057096593,
    42.359991863
  ],
  ""type"": ""Point""
}",-83.057096593,42.3599918630001
22751,9940994,W I 96,E M 8,2017-01-31,31,1,2017,7,3,5,1,,1,0,,4,5,2,70,3,2,4,5,0,0,0,0,true,,false,false,false,false,false,,,,,,false,false,false,,,false,false,false,false,false,-83.15102,42.38437,"{
  ""coordinates"": [
    -8.315101915000000e+01,
    4.238436704700010e+01
  ],
  ""type"": ""Point""
}","{
  ""coordinates"": [
    -83.15101915,
    42.384367047
  ],
  ""type"": ""Point""
}",-83.15101915,42.3843670470001
22752,9941022,HAYES,ALMA,2017-01-31,31,1,2017,16,3,1,9,,4,0,,2,5,1,30,2,1,1,5,0,0,0,0,true,,false,false,false,false,false,,,,,,false,false,true,,,false,false,false,false,false,-82.96506,42.4216,"{
  ""coordinates"": [
    -8.296506108800000e+01,
    4.242160061200010e+01
  ],
  ""type"": ""Point""
}","{
  ""coordinates"": [
    -82.965061088,
    42.421600612
  ],
  ""type"": ""Point""
}",-82.965061088,42.4216006120001
22753,9941039,GREENFIELD,8 MILE,2017-01-31,31,1,2017,12,3,4,7,,1,0,,2,2,1,35,4,2,3,4,0,0,0,1,false,,false,false,false,false,false,,,,,,false,false,false,,,false,false,false,false,false,-83.20049,42.4444,"{
  ""coordinates"": [
    -8.320049336499990e+01,
    4.244439638600010e+01
  ],
  ""type"": ""Point""
}","{
  ""coordinates"": [
    -83.200493365,
    42.444396386
  ],
  ""type"": ""Point""
}",-83.2004933649999,42.4443963860001
22754,9941995,S/B I-75,GRATIOT,2017-01-31,31,1,2017,7,3,8,1,,1,0,,6,1,1,55,4,2,1,5,0,0,0,0,true,,false,false,true,false,false,,,,,,false,false,false,,,false,false,false,false,false,-83.04151,42.33971,"{
  ""coordinates"": [
    -8.304150815199991e+01,
    4.233971263900000e+01
  ],
  ""type"": ""Point""
}","{
  ""coordinates"": [
    -83.041508152,
    42.339712639
  ],
  ""type"": ""Point""
}",-83.0415081519999,42.339712639
22755,9941030,COPLIN,HAMPSHIRE,2017-01-31,31,1,2017,11,3,4,9,,,0,,4,1,1,25,2,2,2,5,0,0,0,0,true,,false,false,false,false,false,,,,,,false,false,false,,,false,false,false,false,false,-82.97115,42.40439,"{
  ""coordinates"": [
    -8.297114543399989e+01,
    4.240439381100000e+01
  ],
  ""type"": ""Point""
}","{
  ""coordinates"": [
    -82.971145434,
    42.404393811
  ],
  ""type"": ""Point""
}",-82.9711454339999,42.404393811
22756,9941033,BUHR,VAN DYKE,2017-01-31,31,1,2017,13,3,97,3,,,0,,3,5,1,25,2,2,1,5,0,0,0,0,true,,false,false,false,false,false,,,,,,false,false,false,,,false,false,false,false,false,-83.02399,42.4244,"{
  ""coordinates"": [
    -8.302399178099991e+01,
    4.242440538400010e+01
  ],
  ""type"": ""Point""
}","{
  ""coordinates"": [
    -83.023991781,
    42.424405384
  ],
  ""type"": ""Point""
}",-83.0239917809999,42.4244053840001
22757,9940986,I-75,CLAY,2017-01-31,31,1,2017,5,3,5,1,,1,0,,4,5,4,70,4,2,1,5,0,0,0,0,true,,false,false,true,false,false,,,,,,false,false,false,,,false,false,false,false,false,-83.06043,42.37514,"{
  ""coordinates"": [
    -8.306043067199990e+01,
    4.237513556300010e+01
  ],
  ""type"": ""Point""
}","{
  ""coordinates"": [
    -83.060430672,
    42.375135563
  ],
  ""type"": ""Point""
}",-83.0604306719999,42.3751355630001
22758,9941035,PONTCHARTRAIN,MERRILL PLAISANCE,2017-01-31,31,1,2017,9,3,1,9,,4,1,,6,5,1,30,2,1,1,5,0,0,0,0,true,,false,false,false,false,false,,,,,,false,false,true,,,false,false,false,false,false,-83.12151,42.42494,"{
  ""coordinates"": [
    -8.312150860400000e+01,
    4.242493896700010e+01
  ],
  ""type"": ""Point""
}","{
  ""coordinates"": [
    -83.121508604,
    42.424938967
  ],
  ""type"": ""Point""
}",-83.121508604,42.4249389670001
22759,9946694,M-10,MEYERS,2017-01-31,31,1,2017,9,3,1,3,,1,1,,3,5,1,55,3,1,1,5,0,0,0,0,true,,false,false,false,false,false,,,,,,false,false,true,,,false,false,false,false,false,-83.17273,42.41716,"{
  ""coordinates"": [
    -8.317273046199990e+01,
    4.241715696600010e+01
  ],
  ""type"": ""Point""
}","{
  ""coordinates"": [
    -83.172730462,
    42.417156966
  ],
  ""type"": ""Point""
}",-83.1727304619999,42.4171569660001
22760,9959082,I-94,MT ELLIOT,2017-01-31,31,1,2017,10,3,1,1,,1,1,,2,5,1,55,3,1,1,5,0,0,0,0,true,,false,false,false,false,false,,,,,,false,false,false,,,false,false,false,false,false,-83.03104,42.38218,"{
  ""coordinates"": [
    -8.303104054900000e+01,
    4.238218122100010e+01
  ],
  ""type"": ""Point""
}","{
  ""coordinates"": [
    -83.031040549,
    42.382181221
  ],
  ""type"": ""Point""
}",-83.031040549,42.3821812210001
22761,9946751,8 MILE,BURT,2017-01-31,31,1,2017,0,3,97,3,,1,0,,4,5,4,35,6,2,2,5,0,0,0,0,true,,false,false,false,false,false,,,,,,false,false,false,,,false,false,false,false,false,-83.24987,42.44348,"{
  ""coordinates"": [
    -8.324986941600000e+01,
    4.244347708100000e+01
  ],
  ""type"": ""Point""
}","{
  ""coordinates"": [
    -83.249869416,
    42.443477081
  ],
  ""type"": ""Point""
}",-83.249869416,42.443477081
22762,9941013,HEYDEN,PILGRIM,2017-01-31,31,1,2017,14,3,2,9,,,0,,2,5,1,25,2,2,0,5,0,0,0,0,true,,false,false,true,false,false,,,,,,false,false,false,,,false,false,false,false,false,-83.23977,42.40605,"{
  ""coordinates"": [
    -8.323976811700000e+01,
    4.240604827100000e+01
  ],
  ""type"": ""Point""
}","{
  ""coordinates"": [
    -83.239768117,
    42.406048271
  ],
  ""type"": ""Point""
}",-83.239768117,42.406048271
22763,9946719,I-75,WILKINS,2017-01-31,31,1,2017,15,3,5,1,,1,0,,2,5,3,55,5,2,3,5,0,0,0,0,true,,false,false,false,false,false,,,,,,false,false,false,,,false,false,false,false,false,-83.04681,42.34919,"{
  ""coordinates"": [
    -8.304681568500000e+01,
    4.234919221900000e+01
  ],
  ""type"": ""Point""
}","{
  ""coordinates"": [
    -83.046815685,
    42.349192219
  ],
  ""type"": ""Point""
}",-83.046815685,42.349192219
22764,9940995,W I 96,SCHAEFER,2017-01-31,31,1,2017,9,3,8,1,,1,0,,4,5,1,70,4,2,1,5,0,0,0,0,true,,false,false,false,false,false,,,,,,false,false,true,,,false,false,false,false,false,-83.17818,42.38337,"{
  ""coordinates"": [
    -8.317817403899990e+01,
    4.238336804500010e+01
  ],
  ""type"": ""Point""
}","{
  ""coordinates"": [
    -83.178174039,
    42.383368045
  ],
  ""type"": ""Point""
}",-83.1781740389999,42.3833680450001
22765,9940978,I-75,MCNICHOLS,2017-01-31,31,1,2017,9,3,8,1,,1,0,,2,5,1,55,4,2,2,5,0,0,0,0,true,,false,false,false,false,false,,,,,,false,false,true,,,false,false,false,false,false,-83.08984,42.4207,"{
  ""coordinates"": [
    -8.308983546899999e+01,
    4.242070427500000e+01
  ],
  ""type"": ""Point""
}","{
  ""coordinates"": [
    -83.089835469,
    42.420704275
  ],
  ""type"": ""Point""
}",-83.089835469,42.420704275
22766,9941007,JEFFERSON,RANDOLPH,2017-01-31,31,1,2017,18,3,4,3,,1,0,,2,8,4,35,6,2,2,4,0,0,0,1,false,,false,false,false,false,false,,,,,,false,false,false,,,false,false,false,false,false,-83.04219,42.32988,"{
  ""coordinates"": [
    -8.304218955200000e+01,
    4.232987647600000e+01
  ],
  ""type"": ""Point""
}","{
  ""coordinates"": [
    -83.042189552,
    42.329876476
  ],
  ""type"": ""Point""
}",-83.042189552,42.329876476
22767,9946691,M-39,OUTER,2017-01-31,31,1,2017,7,3,1,3,,1,1,,4,2,4,55,3,1,1,5,0,0,0,0,true,,false,false,false,false,false,,,,,,false,false,false,,,false,false,false,false,false,-83.21871,42.41546,"{
  ""coordinates"": [
    -8.321870884499999e+01,
    4.241545931400000e+01
  ],
  ""type"": ""Point""
}","{
  ""coordinates"": [
    -83.218708845,
    42.415459314
  ],
  ""type"": ""Point""
}",-83.218708845,42.415459314
22768,9945567,WYOMING,FENKELL,2017-01-31,31,1,2017,14,3,5,9,,4,0,,2,5,1,35,4,2,1,5,0,0,0,0,true,,false,false,true,false,false,,,,,,false,false,true,,,false,false,false,false,false,-83.15969,42.40255,"{
  ""coordinates"": [
    -8.315968811800001e+01,
    4.240255067900010e+01
  ],
  ""type"": ""Point""
}","{
  ""coordinates"": [
    -83.159688118,
    42.402550679
  ],
  ""type"": ""Point""
}",-83.159688118,42.4025506790001
22769,9946752,RANDOLPH,JEFFERSON,2017-01-31,31,1,2017,6,3,97,3,,1,0,,2,5,4,35,4,2,1,3,0,0,1,0,false,,false,false,false,false,false,,,,,,true,false,true,,,false,false,false,false,false,-83.042,42.32996,"{
  ""coordinates"": [
    -8.304199665000000e+01,
    4.232995843700010e+01
  ],
  ""type"": ""Point""
}","{
  ""coordinates"": [
    -83.04199665,
    42.329958437
  ],
  ""type"": ""Point""
}",-83.04199665,42.3299584370001
22770,9946716,I-96,OUTER,2017-01-31,31,1,2017,6,3,8,1,,1,0,,4,5,5,70,5,3,3,4,0,0,0,1,false,,false,false,false,false,false,,,,,,false,false,false,,,false,false,false,false,false,-83.25816,42.38546,"{
  ""coordinates"": [
    -8.325815597499999e+01,
    4.238546190900010e+01
  ],
  ""type"": ""Point""
}","{
  ""coordinates"": [
    -83.258155975,
    42.385461909
  ],
  ""type"": ""Point""
}",-83.258155975,42.3854619090001
22771,9946696,I-94,ST AUBIN,2017-01-31,31,1,2017,17,3,5,1,,1,0,,2,5,1,55,3,2,2,5,0,0,0,0,true,,false,false,false,false,false,,,,,,false,false,true,,,false,false,false,false,false,-83.05418,42.37107,"{
  ""coordinates"": [
    -8.305417508600000e+01,
    4.237106941300000e+01
  ],
  ""type"": ""Point""
}","{
  ""coordinates"": [
    -83.054175086,
    42.371069413
  ],
  ""type"": ""Point""
}",-83.054175086,42.371069413
22772,9941029,GRATIOT,7 MILE,2017-01-31,31,1,2017,7,3,97,3,,1,0,,4,5,2,35,7,2,2,5,0,0,0,0,true,,false,false,false,false,false,,,,,,false,false,false,,,false,false,false,false,false,-82.97753,42.43533,"{
  ""coordinates"": [
    -8.297752826500000e+01,
    4.243533069900010e+01
  ],
  ""type"": ""Point""
}","{
  ""coordinates"": [
    -82.977528265,
    42.435330699
  ],
  ""type"": ""Point""
}",-82.977528265,42.4353306990001
22773,9941032,DAVISON,DEXTER,2017-01-31,31,1,2017,8,3,97,3,,1,0,,4,5,1,35,2,2,2,3,0,0,1,0,false,,false,false,false,false,false,,,,,,false,false,false,,,false,false,false,false,false,-83.13062,42.38984,"{
  ""coordinates"": [
    -8.313062303899990e+01,
    4.238984035500000e+01
  ],
  ""type"": ""Point""
}","{
  ""coordinates"": [
    -83.130623039,
    42.389840355
  ],
  ""type"": ""Point""
}",-83.1306230389999,42.389840355
22774,9941011,CONNER,EUGENE,2017-01-31,31,1,2017,23,3,8,9,,4,0,,4,5,4,35,6,2,1,5,0,0,0,0,true,,false,false,true,false,false,,,,,,false,false,true,,,false,false,false,false,false,-82.97356,42.3884,"{
  ""coordinates"": [
    -8.297355612199991e+01,
    4.238840580500000e+01
  ],
  ""type"": ""Point""
}","{
  ""coordinates"": [
    -82.973556122,
    42.388405805
  ],
  ""type"": ""Point""
}",-82.9735561219999,42.388405805
22775,9948494,VERNOR,VAN DYKE,2017-01-31,31,1,2017,19,3,8,9,,4,0,,4,5,4,30,3,2,1,5,0,0,0,0,true,,false,false,true,false,false,,,,,,false,false,false,,,false,false,false,false,false,-83.00167,42.36036,"{
  ""coordinates"": [
    -8.300167100100001e+01,
    4.236036270900010e+01
  ],
  ""type"": ""Point""
}","{
  ""coordinates"": [
    -83.001671001,
    42.360362709
  ],
  ""type"": ""Point""
}",-83.001671001,42.3603627090001
22776,9950421,JEFFERSON,CONNER,2017-01-31,31,1,2017,22,3,1,9,,4,1,,2,5,4,35,7,1,4,3,0,0,1,0,false,,false,false,false,true,false,,,,,,false,false,false,,,false,false,false,false,false,-82.95707,42.37019,"{
  ""coordinates"": [
    -8.295707125000000e+01,
    4.237019097100010e+01
  ],
  ""type"": ""Point""
}","{
  ""coordinates"": [
    -82.95707125,
    42.370190971
  ],
  ""type"": ""Point""
}",-82.95707125,42.3701909710001
22777,9944601,HUBBELL,CURTIS,2017-01-31,31,1,2017,15,3,4,9,,4,0,,2,2,1,30,2,2,4,4,0,0,0,1,false,,false,false,false,false,false,,,,,,false,false,true,,,false,false,false,false,false,-83.18974,42.42351,"{
  ""coordinates"": [
    -8.318973387699999e+01,
    4.242350850500000e+01
  ],
  ""type"": ""Point""
}","{
  ""coordinates"": [
    -83.189733877,
    42.423508505
  ],
  ""type"": ""Point""
}",-83.189733877,42.423508505
22778,9946692,M-39,8 MILE,2017-01-31,31,1,2017,7,3,4,3,,1,0,,4,5,1,55,3,2,2,4,0,0,0,1,false,,false,false,true,false,false,,,,,,false,false,false,,,false,false,false,false,false,-83.21968,42.44056,"{
  ""coordinates"": [
    -8.321967782400000e+01,
    4.244055995200010e+01
  ],
  ""type"": ""Point""
}","{
  ""coordinates"": [
    -83.219677824,
    42.440559952
  ],
  ""type"": ""Point""
}",-83.219677824,42.4405599520001
22779,9948498,VAN DKYE,KERN,2017-01-31,31,1,2017,15,3,1,3,,1,0,,2,1,1,30,4,1,1,3,0,0,1,0,false,,false,false,false,true,true,,,,,,false,false,false,,,false,false,false,false,false,-83.02277,42.39538,"{
  ""coordinates"": [
    -8.302276964799999e+01,
    4.239537924900000e+01
  ],
  ""type"": ""Point""
}","{
  ""coordinates"": [
    -83.022769648,
    42.395379249
  ],
  ""type"": ""Point""
}",-83.022769648,42.395379249
22780,9948455,I-94,WYOMING,2017-01-31,31,1,2017,4,3,1,1,,1,1,,4,5,5,55,3,1,1,5,0,0,0,0,true,,false,false,false,false,false,,,,,,false,false,false,,,false,false,false,false,false,-83.15652,42.32895,"{
  ""coordinates"": [
    -8.315651383399999e+01,
    4.232895403400000e+01
  ],
  ""type"": ""Point""
}","{
  ""coordinates"": [
    -83.156513834,
    42.328954034
  ],
  ""type"": ""Point""
}",-83.156513834,42.328954034
22781,9941040,WOODWARD,STATE FAIR,2017-01-31,31,1,2017,17,3,5,3,,1,0,,4,5,3,35,4,2,2,5,0,0,0,0,true,,false,false,false,false,false,,,,,,false,true,false,,,false,false,false,false,false,-83.12022,42.43921,"{
  ""coordinates"": [
    -8.312021685900000e+01,
    4.243920516600010e+01
  ],
  ""type"": ""Point""
}","{
  ""coordinates"": [
    -83.120216859,
    42.439205166
  ],
  ""type"": ""Point""
}",-83.120216859,42.4392051660001
22782,9944505,N M 10,LIVERNOIS,2017-01-31,31,1,2017,4,3,1,3,,1,1,,4,5,4,55,3,1,1,5,0,0,0,0,true,,false,false,false,false,false,,,,,,false,false,false,,,false,false,false,false,false,-83.1402,42.40496,"{
  ""coordinates"": [
    -8.314019567799990e+01,
    4.240496384900010e+01
  ],
  ""type"": ""Point""
}","{
  ""coordinates"": [
    -83.140195678,
    42.404963849
  ],
  ""type"": ""Point""
}",-83.1401956779999,42.4049638490001
22783,9941012,WOODMONT,ACACIA,2017-01-31,31,1,2017,12,3,4,9,,,0,,2,5,1,25,2,2,1,5,0,0,0,0,true,,false,false,true,false,false,,,,,,false,true,false,,,false,false,false,false,false,-83.20951,42.39145,"{
  ""coordinates"": [
    -8.320950884199991e+01,
    4.239144837200010e+01
  ],
  ""type"": ""Point""
}","{
  ""coordinates"": [
    -83.209508842,
    42.391448372
  ],
  ""type"": ""Point""
}",-83.2095088419999,42.3914483720001
22784,9951527,WESTFIELD,NORTHLAWN,2017-01-31,31,1,2017,16,3,8,9,,,0,,6,5,1,25,2,2,1,5,0,0,0,0,true,,false,false,true,false,false,,,,,,false,false,false,,,false,false,false,false,false,-83.15223,42.36367,"{
  ""coordinates"": [
    -8.315223020600000e+01,
    4.236366645100000e+01
  ],
  ""type"": ""Point""
}","{
  ""coordinates"": [
    -83.152230206,
    42.363666451
  ],
  ""type"": ""Point""
}",-83.152230206,42.363666451
22785,9949389,W I 96,KENTFIELD,2017-01-31,31,1,2017,7,3,9,1,,1,2,,4,5,2,35,2,2,2,5,0,0,0,0,true,,false,false,true,false,false,,,,,,false,false,false,,,false,false,false,false,false,-83.24075,42.38388,"{
  ""coordinates"": [
    -8.324074446500001e+01,
    4.238388525000000e+01
  ],
  ""type"": ""Point""
}","{
  ""coordinates"": [
    -83.240744465,
    42.38388525
  ],
  ""type"": ""Point""
}",-83.240744465,42.38388525
22786,9946693,E I 96,GRAND RIVER,2017-01-31,31,1,2017,6,3,8,1,,1,0,,4,5,2,55,3,2,2,5,0,0,0,0,true,,false,false,false,false,false,,,,,,false,false,false,,,false,false,false,false,false,-83.17434,42.38403,"{
  ""coordinates"": [
    -8.317433862900000e+01,
    4.238402581700010e+01
  ],
  ""type"": ""Point""
}","{
  ""coordinates"": [
    -83.174338629,
    42.384025817
  ],
  ""type"": ""Point""
}",-83.174338629,42.3840258170001
22787,9947594,CONGRESS,BATES,2017-01-31,31,1,2017,10,3,8,9,,4,0,,4,1,1,35,2,2,0,5,0,0,0,0,true,,false,false,true,false,false,,,,,,false,false,false,,,false,false,false,false,false,-83.04421,42.33089,"{
  ""coordinates"": [
    -8.304421563800000e+01,
    4.233089242700000e+01
  ],
  ""type"": ""Point""
}","{
  ""coordinates"": [
    -83.044215638,
    42.330892427
  ],
  ""type"": ""Point""
}",-83.044215638,42.330892427
22788,9946717,I-75,DEARBORN,2017-01-31,31,1,2017,14,3,5,1,,1,0,,2,5,1,70,4,2,3,5,0,0,0,0,true,,false,false,false,false,false,,,,,,false,false,false,,,false,false,false,false,false,-83.12698,42.29433,"{
  ""coordinates"": [
    -8.312698260000001e+01,
    4.229433068400000e+01
  ],
  ""type"": ""Point""
}","{
  ""coordinates"": [
    -83.1269826,
    42.294330684
  ],
  ""type"": ""Point""
}",-83.1269826,42.294330684
22789,1293499,7 MILE,ASHTON,2017-01-31,31,1,2017,22,3,4,9,,2,0,,2,4,4,35,4,2,1,4,0,0,0,1,false,,false,false,true,false,false,,,,,,false,false,true,,,false,false,false,false,false,-83.22059,42.42999,"{
  ""coordinates"": [
    -8.322059090399991e+01,
    4.242999057100010e+01
  ],
  ""type"": ""Point""
}","{
  ""coordinates"": [
    -83.220590904,
    42.429990571
  ],
  ""type"": ""Point""
}",-83.2205909039999,42.4299905710001
22790,9941041,BEAUBIEN,LAFAYETTE,2017-01-31,31,1,2017,8,3,4,9,,4,0,,2,5,1,25,2,2,2,5,0,0,0,0,true,,true,true,false,false,false,,,,,,false,false,false,,,false,false,false,false,false,-83.04195,42.33399,"{
  ""coordinates"": [
    -8.304195640200000e+01,
    4.233399056300000e+01
  ],
  ""type"": ""Point""
}","{
  ""coordinates"": [
    -83.041956402,
    42.333990563
  ],
  ""type"": ""Point""
}",-83.041956402,42.333990563
22791,9939323,E I 96,DAVISON CROSSOVER,2017-01-31,31,1,2017,5,3,5,1,,1,0,,4,5,4,55,3,2,1,5,0,0,0,0,true,,false,false,false,false,false,,,,,,false,false,false,,,false,false,false,false,false,-83.16013,42.38526,"{
  ""coordinates"": [
    -8.316013213300000e+01,
    4.238526023600010e+01
  ],
  ""type"": ""Point""
}","{
  ""coordinates"": [
    -83.160132133,
    42.385260236
  ],
  ""type"": ""Point""
}",-83.160132133,42.3852602360001
22792,9939317,S M 39 SERVICE DRIVE,JOY,2017-01-30,30,1,2017,14,2,97,9,,4,0,,1,1,1,35,2,2,2,5,0,0,0,0,true,,false,false,false,false,false,,,,,,false,false,false,,,false,false,false,false,false,-83.2169,42.35789,"{
  ""coordinates"": [
    -8.321690543400000e+01,
    4.235788705100000e+01
  ],
  ""type"": ""Point""
}","{
  ""coordinates"": [
    -83.216905434,
    42.357887051
  ],
  ""type"": ""Point""
}",-83.216905434,42.357887051
22793,9941031,DAVISON,LINWOOD,2017-01-30,30,1,2017,6,2,4,3,,1,0,,6,5,4,35,4,2,2,5,0,0,0,0,true,,false,false,false,false,false,,,,,,false,false,false,,,false,false,false,false,false,-83.12196,42.39305,"{
  ""coordinates"": [
    -8.312195619100000e+01,
    4.239305112500010e+01
  ],
  ""type"": ""Point""
}","{
  ""coordinates"": [
    -83.121956191,
    42.393051125
  ],
  ""type"": ""Point""
}",-83.121956191,42.3930511250001
22794,9985839,RAMP 008H,W I 96 CD,2017-01-30,30,1,2017,6,2,5,1,,1,0,,1,2,4,55,1,2,2,5,0,0,0,0,true,,false,false,true,false,false,,,,,,false,false,false,,,false,false,false,false,false,-83.22323,42.37852,"{
  ""coordinates"": [
    -8.322323173200000e+01,
    4.237851970000000e+01
  ],
  ""type"": ""Point""
}","{
  ""coordinates"": [
    -83.223231732,
    42.3785197
  ],
  ""type"": ""Point""
}",-83.223231732,42.3785197
22795,9940984,I-94,CADIEUX,2017-01-30,30,1,2017,5,2,8,1,,1,0,,2,2,4,55,3,2,1,5,0,0,0,0,true,,false,false,true,false,false,,,,,,false,false,false,,,false,false,false,false,false,-82.94071,42.41476,"{
  ""coordinates"": [
    -8.294070834699990e+01,
    4.241475948000000e+01
  ],
  ""type"": ""Point""
}","{
  ""coordinates"": [
    -82.940708347,
    42.41475948
  ],
  ""type"": ""Point""
}",-82.9407083469999,42.41475948
22796,9938355,ALTER,MACK,2017-01-30,30,1,2017,5,2,1,9,,4,1,,3,5,4,35,2,1,1,5,0,0,0,0,true,,false,false,true,false,false,,,,,,false,false,false,,,false,false,false,false,false,-82.94762,42.38719,"{
  ""coordinates"": [
    -8.294761671600000e+01,
    4.238719047800000e+01
  ],
  ""type"": ""Point""
}","{
  ""coordinates"": [
    -82.947616716,
    42.387190478
  ],
  ""type"": ""Point""
}",-82.947616716,42.387190478
22797,1211189,E I 96,GRAND RIVER,2017-01-30,30,1,2017,7,2,8,1,,1,0,,2,1,1,30,3,2,4,5,0,0,0,0,true,,false,false,false,false,false,,,,,,false,false,false,,,false,false,false,false,false,-83.17608,42.38365,"{
  ""coordinates"": [
    -8.317608257400001e+01,
    4.238364681100010e+01
  ],
  ""type"": ""Point""
}","{
  ""coordinates"": [
    -83.176082574,
    42.383646811
  ],
  ""type"": ""Point""
}",-83.176082574,42.3836468110001
22798,1009903,I 96,GRAND,2017-01-30,30,1,2017,23,2,97,1,,1,0,,4,5,4,70,4,3,3,4,0,0,0,1,false,,false,false,false,false,false,,,,,,false,false,false,,,false,false,false,false,false,-83.1088,42.35497,"{
  ""coordinates"": [
    -8.310879358100000e+01,
    4.235496680600000e+01
  ],
  ""type"": ""Point""
}","{
  ""coordinates"": [
    -83.108793581,
    42.354966806
  ],
  ""type"": ""Point""
}",-83.108793581,42.354966806
22799,9943005,STATE FAIR,CORDELL,2017-01-30,30,1,2017,14,2,4,9,,5,0,,2,1,1,25,2,2,1,5,0,0,0,0,true,,false,false,true,false,false,,,,,,false,false,false,,,false,false,false,false,false,-82.95222,42.44292,"{
  ""coordinates"": [
    -8.295222838399999e+01,
    4.244291969900010e+01
  ],
  ""type"": ""Point""
}","{
  ""coordinates"": [
    -82.952228384,
    42.442919699
  ],
  ""type"": ""Point""
}",-82.952228384,42.4429196990001
22800,9940990,I-94,24TH,2017-01-30,30,1,2017,7,2,5,1,,1,0,,3,2,2,55,3,2,2,5,0,0,0,0,true,,false,false,false,false,false,,,,,,false,false,false,,,false,false,false,false,false,-83.10496,42.34827,"{
  ""coordinates"": [
    -8.310495693999999e+01,
    4.234827131000000e+01
  ],
  ""type"": ""Point""
}","{
  ""coordinates"": [
    -83.10495694,
    42.34827131
  ],
  ""type"": ""Point""
}",-83.10495694,42.34827131