ObjectId,Crash ID,Primary Road,Intersecting Road,Crash Date,Day,Month,Year,Hour,Weekday,Crash Type Code,Highway Classification Code,Community Code,Jurisdiction Code,Lane Departure Type Code,Surface Type,Road Condition,Weather Condition,Lighting Condition,Speed Limit,Lanes,Units,Occupants,Most Severe Injury,Fatal Injuries,Suspected Serious Injuries,Suspected Minor Injuries,Possible Injuries,Property Damage Only,Secondary Crash,Traffic Control,Red Light Run,Hit and Run,Alcohol,Drugs,Unbelted Person,Work Zone,Speeding Driver,Distracted Driver,Driveway,Pedestrian,Elderly Driver,Young Driver,Commercial Vehicle,Emergency Vehicles,Train,School Bus,Motorcycle,Bicycle,Deer,Longitude,Latitude,geom,geog,x,y
22915,9938359,BURT,CONSTANCE,2017-01-29,29,1,2017,19,1,4,9,,,0,,4,5,3,25,4,2,3,4,0,0,0,3,false,,false,false,false,false,false,,,,,,false,false,true,,,false,false,false,false,false,-83.24554,42.35374,"{
  ""coordinates"": [
    -8.324553482899999e+01,
    4.235374428000010e+01
  ],
  ""type"": ""Point""
}","{
  ""coordinates"": [
    -83.245534829,
    42.35374428
  ],
  ""type"": ""Point""
}",-83.245534829,42.3537442800001
22916,9938342,I 75,SCHAEFER,2017-01-29,29,1,2017,2,1,8,1,,1,0,,4,1,4,70,4,2,2,5,0,0,0,0,true,,false,false,false,false,false,,,,,,false,false,false,,,false,false,false,false,false,-83.16045,42.27529,"{
  ""coordinates"": [
    -8.316044400700000e+01,
    4.227528710100010e+01
  ],
  ""type"": ""Point""
}","{
  ""coordinates"": [
    -83.160444007,
    42.275287101
  ],
  ""type"": ""Point""
}",-83.160444007,42.2752871010001
22917,9939305,TEMPLE,COCHRANE,2017-01-29,29,1,2017,2,1,1,9,,,0,,3,1,4,25,4,1,3,5,0,0,0,0,true,,false,false,false,false,false,,,,,,false,false,true,,,false,false,false,false,false,-83.07272,42.33727,"{
  ""coordinates"": [
    -8.307272565200000e+01,
    4.233726959900010e+01
  ],
  ""type"": ""Point""
}","{
  ""coordinates"": [
    -83.072725652,
    42.337269599
  ],
  ""type"": ""Point""
}",-83.072725652,42.3372695990001
22918,9938380,MCNICHOLS,JOHN R,2017-01-29,29,1,2017,10,1,8,9,,4,0,,3,7,1,35,2,2,2,5,0,0,0,0,true,,false,false,false,false,false,,,,,,false,false,false,,,false,false,false,false,false,-83.10181,42.41784,"{
  ""coordinates"": [
    -8.310180723400001e+01,
    4.241783506700010e+01
  ],
  ""type"": ""Point""
}","{
  ""coordinates"": [
    -83.101807234,
    42.417835067
  ],
  ""type"": ""Point""
}",-83.101807234,42.4178350670001
22919,9951458,RAMP 141A,I-96 SERVICE,2017-01-28,28,1,2017,16,7,1,1,,1,1,,1,2,3,55,1,1,2,4,0,0,0,1,false,,false,false,false,false,false,,,,,,false,false,false,,,false,false,false,false,false,-83.14192,42.3681,"{
  ""coordinates"": [
    -8.314192121300000e+01,
    4.236809810700000e+01
  ],
  ""type"": ""Point""
}","{
  ""coordinates"": [
    -83.141921213,
    42.368098107
  ],
  ""type"": ""Point""
}",-83.141921213,42.368098107
22920,9961099,W I 96 SERVICE DRIVE,GRAND RIVER/I 96 CROSSOVER,2017-01-28,28,1,2017,21,7,8,1,,1,0,,4,5,4,55,4,2,2,4,0,0,0,1,false,,false,false,false,false,false,,,,,,false,false,true,,,false,false,false,false,false,-83.17766,42.38397,"{
  ""coordinates"": [
    -8.317766120000000e+01,
    4.238396887200000e+01
  ],
  ""type"": ""Point""
}","{
  ""coordinates"": [
    -83.1776612,
    42.383968872
  ],
  ""type"": ""Point""
}",-83.1776612,42.383968872
22921,9941000,BEAUBIEN,MACOMB,2017-01-28,28,1,2017,20,7,4,9,,4,0,,2,8,4,30,4,2,3,5,0,0,0,0,true,,false,false,false,false,false,,,,,,false,false,false,,,false,false,false,false,false,-83.04305,42.33561,"{
  ""coordinates"": [
    -8.304304566199990e+01,
    4.233560682400010e+01
  ],
  ""type"": ""Point""
}","{
  ""coordinates"": [
    -83.043045662,
    42.335606824
  ],
  ""type"": ""Point""
}",-83.0430456619999,42.3356068240001
22922,9948502,VAN DYKE,JEFFERSON,2017-01-28,28,1,2017,23,7,1,9,,4,0,,4,5,4,35,8,2,0,5,0,0,0,0,true,,false,false,true,false,false,,,,,,true,false,false,,,false,false,false,false,false,-82.99487,42.35141,"{
  ""coordinates"": [
    -8.299487611599990e+01,
    4.235140497200010e+01
  ],
  ""type"": ""Point""
}","{
  ""coordinates"": [
    -82.994876116,
    42.351404972
  ],
  ""type"": ""Point""
}",-82.9948761159999,42.3514049720001
22923,9938361,ARTESIAN,FENKELL,2017-01-28,28,1,2017,19,7,4,9,,,0,,4,5,4,25,2,2,2,5,0,0,0,0,true,,true,true,false,false,false,,,,,,false,false,false,,,false,false,false,false,false,-83.22764,42.40089,"{
  ""coordinates"": [
    -8.322763825700000e+01,
    4.240088734100000e+01
  ],
  ""type"": ""Point""
}","{
  ""coordinates"": [
    -83.227638257,
    42.400887341
  ],
  ""type"": ""Point""
}",-83.227638257,42.400887341
22924,9936721,OUTER,HEALY,2017-01-28,28,1,2017,2,7,5,9,,2,0,,1,1,4,30,2,2,1,5,0,0,0,0,true,,false,false,false,false,false,,,,,,false,false,false,,,false,false,false,false,false,-83.05618,42.44048,"{
  ""coordinates"": [
    -8.305618663900000e+01,
    4.244048162100010e+01
  ],
  ""type"": ""Point""
}","{
  ""coordinates"": [
    -83.056186639,
    42.440481621
  ],
  ""type"": ""Point""
}",-83.056186639,42.4404816210001
22925,9946679,W I 96 CD,RAMP 135E,2017-01-28,28,1,2017,20,7,1,1,,1,1,,2,1,4,55,3,1,1,4,0,0,0,1,false,,false,false,false,false,false,,,,,,false,false,true,,,false,false,false,false,false,-83.24045,42.38387,"{
  ""coordinates"": [
    -8.324044829600000e+01,
    4.238387175200010e+01
  ],
  ""type"": ""Point""
}","{
  ""coordinates"": [
    -83.240448296,
    42.383871752
  ],
  ""type"": ""Point""
}",-83.240448296,42.3838717520001
22926,9936698,STAHELIN,TIREMAN,2017-01-28,28,1,2017,1,7,97,9,,,0,,1,8,1,0,2,2,5,4,0,0,0,2,false,,true,false,false,false,false,,,,,,false,false,true,,,false,false,false,false,false,-83.22459,42.35047,"{
  ""coordinates"": [
    -8.322459150400000e+01,
    4.235047298000010e+01
  ],
  ""type"": ""Point""
}","{
  ""coordinates"": [
    -83.224591504,
    42.35047298
  ],
  ""type"": ""Point""
}",-83.224591504,42.3504729800001
22927,9936696,S M 39 SERVICE DRIVE,JOY,2017-01-28,28,1,2017,2,7,1,9,,4,1,,1,8,4,55,4,1,1,2,0,1,0,0,false,,false,false,false,false,false,,,,,,false,false,true,,,false,false,false,false,false,-83.2169,42.35787,"{
  ""coordinates"": [
    -8.321690481000000e+01,
    4.235787265300010e+01
  ],
  ""type"": ""Point""
}","{
  ""coordinates"": [
    -83.21690481,
    42.357872653
  ],
  ""type"": ""Point""
}",-83.21690481,42.3578726530001
22928,1211190,PURITIAN,BLACKSTONE,2017-01-28,28,1,2017,23,7,4,9,,,0,,3,5,5,30,2,2,1,5,0,0,0,0,true,,false,false,true,false,false,,,,,,false,false,true,,,false,false,false,false,false,-83.2499,42.40765,"{
  ""coordinates"": [
    -8.324989756500000e+01,
    4.240765296800000e+01
  ],
  ""type"": ""Point""
}","{
  ""coordinates"": [
    -83.249897565,
    42.407652968
  ],
  ""type"": ""Point""
}",-83.249897565,42.407652968
22929,9938350,7 MILE,DEQUINDRE,2017-01-28,28,1,2017,17,7,8,9,,4,0,,4,5,1,0,4,2,2,5,0,0,0,0,true,,false,false,true,false,false,,,,,,false,true,false,,,false,false,false,false,false,-83.08316,42.4329,"{
  ""coordinates"": [
    -8.308316319499990e+01,
    4.243290393700000e+01
  ],
  ""type"": ""Point""
}","{
  ""coordinates"": [
    -83.083163195,
    42.432903937
  ],
  ""type"": ""Point""
}",-83.0831631949999,42.432903937
22930,9936701,PLYMOUTH,FIELDING,2017-01-28,28,1,2017,11,7,5,9,,4,0,,1,1,1,35,7,2,2,3,0,0,1,0,false,,false,false,false,false,false,,,,,,false,false,false,,,false,false,false,false,false,-83.24126,42.37188,"{
  ""coordinates"": [
    -8.324126258200000e+01,
    4.237187906200010e+01
  ],
  ""type"": ""Point""
}","{
  ""coordinates"": [
    -83.241262582,
    42.371879062
  ],
  ""type"": ""Point""
}",-83.241262582,42.3718790620001
22931,9938369,LARNED,RIVARD,2017-01-28,28,1,2017,5,7,8,9,,4,0,,1,1,3,25,4,2,0,5,0,0,0,0,true,,false,false,true,false,false,,,,,,false,false,false,,,false,false,false,false,false,-83.03497,42.33405,"{
  ""coordinates"": [
    -8.303496979300000e+01,
    4.233404684200010e+01
  ],
  ""type"": ""Point""
}","{
  ""coordinates"": [
    -83.034969793,
    42.334046842
  ],
  ""type"": ""Point""
}",-83.034969793,42.3340468420001
22932,9952540,SEYMOUR,CELESTINE,2017-01-28,28,1,2017,2,7,97,9,,4,1,,1,1,4,25,2,1,2,1,1,0,1,0,false,,false,false,false,true,false,,,,,,false,false,false,,,false,false,false,false,false,-82.97337,42.42708,"{
  ""coordinates"": [
    -8.297337010599990e+01,
    4.242707782700010e+01
  ],
  ""type"": ""Point""
}","{
  ""coordinates"": [
    -82.973370106,
    42.427077827
  ],
  ""type"": ""Point""
}",-82.9733701059999,42.4270778270001
22933,9947599,LAHSER,PEMBROKE,2017-01-28,28,1,2017,22,7,97,9,,2,0,,4,5,3,35,2,2,1,5,0,0,0,0,true,,true,true,true,false,false,,,,,,false,false,false,,,false,false,false,false,false,-83.25857,42.43636,"{
  ""coordinates"": [
    -8.325856789900000e+01,
    4.243636156100010e+01
  ],
  ""type"": ""Point""
}","{
  ""coordinates"": [
    -83.258567899,
    42.436361561
  ],
  ""type"": ""Point""
}",-83.258567899,42.4363615610001
22934,9936720,CADIEUX,E I 94,2017-01-28,28,1,2017,11,7,5,1,,4,0,,4,5,4,35,4,3,4,5,0,0,0,0,true,,false,false,true,false,false,,,,,,false,false,false,,,false,false,false,false,false,-82.93716,42.41725,"{
  ""coordinates"": [
    -8.293716431099990e+01,
    4.241725287400000e+01
  ],
  ""type"": ""Point""
}","{
  ""coordinates"": [
    -82.937164311,
    42.417252874
  ],
  ""type"": ""Point""
}",-82.9371643109999,42.417252874
22935,9938351,WOODWARD,MONROE,2017-01-28,28,1,2017,22,7,98,9,,4,0,,2,5,4,30,2,2,0,5,0,0,0,0,true,,false,false,true,false,false,,,,,,false,false,false,,,false,false,false,false,false,-83.04628,42.33207,"{
  ""coordinates"": [
    -8.304627865600000e+01,
    4.233206961500010e+01
  ],
  ""type"": ""Point""
}","{
  ""coordinates"": [
    -83.046278656,
    42.332069615
  ],
  ""type"": ""Point""
}",-83.046278656,42.3320696150001
22936,9936688,CADIEUX,WARREN,2017-01-28,28,1,2017,8,7,5,9,,4,0,,1,1,1,30,5,2,2,5,0,0,0,0,true,,false,false,false,false,false,,,,,,false,false,false,,,false,false,false,false,false,-82.9297,42.4059,"{
  ""coordinates"": [
    -8.292970326600000e+01,
    4.240590008900010e+01
  ],
  ""type"": ""Point""
}","{
  ""coordinates"": [
    -82.929703266,
    42.405900089
  ],
  ""type"": ""Point""
}",-82.929703266,42.4059000890001
22937,9936728,OUTER,CLARITA,2017-01-28,28,1,2017,13,7,4,9,,2,0,,1,2,1,35,2,2,2,5,0,0,0,0,true,,false,false,false,false,false,,,,,,false,true,false,,,false,false,false,false,false,-83.17539,42.42938,"{
  ""coordinates"": [
    -8.317539141500001e+01,
    4.242937730900010e+01
  ],
  ""type"": ""Point""
}","{
  ""coordinates"": [
    -83.175391415,
    42.429377309
  ],
  ""type"": ""Point""
}",-83.175391415,42.4293773090001
22938,9936691,S M 39 SERVICE DRIVE,RAMP 007C,2017-01-28,28,1,2017,4,7,5,9,,4,0,,1,1,4,55,3,2,2,5,0,0,0,0,true,,false,false,false,false,false,,,,,,false,false,true,,,false,false,false,false,false,-83.21691,42.35839,"{
  ""coordinates"": [
    -8.321691336500000e+01,
    4.235839111700010e+01
  ],
  ""type"": ""Point""
}","{
  ""coordinates"": [
    -83.216913365,
    42.358391117
  ],
  ""type"": ""Point""
}",-83.216913365,42.3583911170001
22939,9938388,MCNICHOLS,ILENE,2017-01-28,28,1,2017,21,7,8,9,,2,3,,4,5,5,30,2,2,0,5,0,0,0,0,true,,false,false,true,false,false,,,,,,false,false,false,,,false,false,false,false,false,-83.1622,42.41689,"{
  ""coordinates"": [
    -8.316220065999990e+01,
    4.241688587300010e+01
  ],
  ""type"": ""Point""
}","{
  ""coordinates"": [
    -83.16220066,
    42.416885873
  ],
  ""type"": ""Point""
}",-83.1622006599999,42.4168858730001
22940,9938368,ALCOY,PINEWOOD,2017-01-28,28,1,2017,2,7,2,9,,,2,,1,1,4,25,2,2,2,5,0,0,0,0,true,,false,false,true,false,false,,,,,,false,false,false,,,false,false,false,false,false,-82.98887,42.43765,"{
  ""coordinates"": [
    -8.298887062999999e+01,
    4.243765138300010e+01
  ],
  ""type"": ""Point""
}","{
  ""coordinates"": [
    -82.98887063,
    42.437651383
  ],
  ""type"": ""Point""
}",-82.98887063,42.4376513830001
22941,9936730,WOODWARD,FISHER,2017-01-28,28,1,2017,11,7,4,3,,1,0,,1,2,1,25,9,2,2,4,0,0,0,1,false,,false,false,false,false,false,,,,,,false,false,false,,,false,false,false,false,false,-83.05302,42.34016,"{
  ""coordinates"": [
    -8.305302548200000e+01,
    4.234015738800010e+01
  ],
  ""type"": ""Point""
}","{
  ""coordinates"": [
    -83.053025482,
    42.340157388
  ],
  ""type"": ""Point""
}",-83.053025482,42.3401573880001
22942,9949317,I-75,MICHIGAN,2017-01-28,28,1,2017,19,7,1,1,,1,1,,2,1,4,55,3,1,1,5,0,0,0,0,true,,false,false,false,false,false,,,,,,false,false,false,,,false,false,false,false,false,-83.0865,42.33012,"{
  ""coordinates"": [
    -8.308649846400000e+01,
    4.233011794000000e+01
  ],
  ""type"": ""Point""
}","{
  ""coordinates"": [
    -83.086498464,
    42.33011794
  ],
  ""type"": ""Point""
}",-83.086498464,42.33011794
22943,9938335,S I 75,TRUMBULL,2017-01-28,28,1,2017,20,7,1,1,,1,1,,3,5,4,55,3,1,2,4,0,0,0,1,false,,false,false,false,false,false,,,,,,false,false,false,,,false,false,false,false,false,-83.06837,42.33455,"{
  ""coordinates"": [
    -8.306837717400001e+01,
    4.233454807600000e+01
  ],
  ""type"": ""Point""
}","{
  ""coordinates"": [
    -83.068377174,
    42.334548076
  ],
  ""type"": ""Point""
}",-83.068377174,42.334548076
22944,9936697,JOY,MEMORIAL,2017-01-28,28,1,2017,1,7,8,9,,2,0,,1,1,4,35,4,2,2,5,0,0,0,0,true,,false,false,false,false,false,,,,,,false,false,true,,,false,false,false,false,false,-83.21162,42.35794,"{
  ""coordinates"": [
    -8.321161390200000e+01,
    4.235794565000000e+01
  ],
  ""type"": ""Point""
}","{
  ""coordinates"": [
    -83.211613902,
    42.35794565
  ],
  ""type"": ""Point""
}",-83.211613902,42.35794565
22945,9936654,I-94,SECOND,2017-01-28,28,1,2017,14,7,1,1,,1,1,,1,2,1,55,3,1,1,5,0,0,0,0,true,,false,false,false,false,false,,,,,,false,false,false,,,false,false,false,false,false,-83.07188,42.36185,"{
  ""coordinates"": [
    -8.307187417900001e+01,
    4.236185291600000e+01
  ],
  ""type"": ""Point""
}","{
  ""coordinates"": [
    -83.071874179,
    42.361852916
  ],
  ""type"": ""Point""
}",-83.071874179,42.361852916
22946,9938358,BENITEAU,MACK,2017-01-28,28,1,2017,3,7,1,9,,,1,,2,1,4,25,2,1,1,4,0,0,0,1,false,,false,false,false,true,false,,,,,,false,false,false,,,false,false,false,false,false,-82.97965,42.37843,"{
  ""coordinates"": [
    -8.297965332800000e+01,
    4.237843359800010e+01
  ],
  ""type"": ""Point""
}","{
  ""coordinates"": [
    -82.979653328,
    42.378433598
  ],
  ""type"": ""Point""
}",-82.979653328,42.3784335980001
22947,9951469,I-375,LAFAYETTE,2017-01-28,28,1,2017,14,7,5,1,,1,0,,1,2,1,55,4,2,2,5,0,0,0,0,true,,false,false,true,false,false,,,,,,false,false,false,,,false,false,false,false,false,-83.03841,42.33635,"{
  ""coordinates"": [
    -8.303841665499991e+01,
    4.233635142200010e+01
  ],
  ""type"": ""Point""
}","{
  ""coordinates"": [
    -83.038416655,
    42.336351422
  ],
  ""type"": ""Point""
}",-83.0384166549999,42.3363514220001
22948,9946681,I 94,MARTIN,2017-01-28,28,1,2017,3,7,9,1,,1,2,,1,1,4,55,3,3,6,4,0,0,0,4,false,,false,false,false,false,false,,,,,,false,false,true,,,false,false,false,false,false,-83.13096,42.33491,"{
  ""coordinates"": [
    -8.313095845700001e+01,
    4.233490571100000e+01
  ],
  ""type"": ""Point""
}","{
  ""coordinates"": [
    -83.130958457,
    42.334905711
  ],
  ""type"": ""Point""
}",-83.130958457,42.334905711
22949,9936674,ROSA PARKS,S I 75,2017-01-28,28,1,2017,0,7,4,9,,4,0,,1,2,4,35,3,2,1,5,0,0,0,0,true,,true,true,false,false,false,,,,,,false,false,true,,,false,false,false,false,false,-83.07314,42.33336,"{
  ""coordinates"": [
    -8.307314046499990e+01,
    4.233336346700000e+01
  ],
  ""type"": ""Point""
}","{
  ""coordinates"": [
    -83.073140465,
    42.333363467
  ],
  ""type"": ""Point""
}",-83.0731404649999,42.333363467
22950,9947598,SOUTHFIELD SERVICE DRIVE,CHICAGO,2017-01-28,28,1,2017,21,7,1,9,,4,0,,1,2,3,55,8,1,1,5,0,0,0,0,true,,false,false,false,false,false,,,,,,false,false,false,,,false,false,false,false,false,-83.21687,42.36526,"{
  ""coordinates"": [
    -8.321687282900000e+01,
    4.236526151300010e+01
  ],
  ""type"": ""Point""
}","{
  ""coordinates"": [
    -83.216872829,
    42.365261513
  ],
  ""type"": ""Point""
}",-83.216872829,42.3652615130001
22951,9938337,I-96,DAVISON,2017-01-28,28,1,2017,0,7,1,3,,1,1,,1,1,4,25,3,1,7,3,0,0,2,1,false,,false,false,false,true,false,,,,,,false,false,false,,,false,false,false,false,false,-83.14745,42.38526,"{
  ""coordinates"": [
    -8.314744582799990e+01,
    4.238526195800010e+01
  ],
  ""type"": ""Point""
}","{
  ""coordinates"": [
    -83.147445828,
    42.385261958
  ],
  ""type"": ""Point""
}",-83.1474458279999,42.3852619580001
22952,1151447,LIVERNOIS,JEFFERIES,2017-01-28,28,1,2017,22,7,2,9,,4,0,,4,5,4,35,4,3,4,5,0,0,0,0,true,,false,false,false,false,false,,,,,,false,false,false,,,false,false,false,false,false,-83.14024,42.40502,"{
  ""coordinates"": [
    -8.314023593099991e+01,
    4.240502253100000e+01
  ],
  ""type"": ""Point""
}","{
  ""coordinates"": [
    -83.140235931,
    42.405022531
  ],
  ""type"": ""Point""
}",-83.1402359309999,42.405022531
22953,9936670,WYOMING,INTERVALE,2017-01-28,28,1,2017,21,7,4,9,,4,0,,2,2,4,30,4,2,3,5,0,0,0,0,true,,false,false,false,false,false,,,,,,false,false,true,,,false,false,false,false,false,-83.1592,42.39165,"{
  ""coordinates"": [
    -8.315920528100000e+01,
    4.239165625900010e+01
  ],
  ""type"": ""Point""
}","{
  ""coordinates"": [
    -83.159205281,
    42.391656259
  ],
  ""type"": ""Point""
}",-83.159205281,42.3916562590001
22954,9938378,7 MILE,GOODARD,2017-01-28,28,1,2017,15,7,4,9,,4,0,,4,1,1,35,4,2,3,5,0,0,0,0,true,,false,false,false,false,false,,,,,,false,false,true,,,false,false,false,false,false,-83.07852,42.43292,"{
  ""coordinates"": [
    -8.307852128400000e+01,
    4.243291843000000e+01
  ],
  ""type"": ""Point""
}","{
  ""coordinates"": [
    -83.078521284,
    42.43291843
  ],
  ""type"": ""Point""
}",-83.078521284,42.43291843
22955,9938348,I-75,GRATIOT,2017-01-28,28,1,2017,19,7,1,1,,1,1,,4,5,4,55,3,1,1,5,0,0,0,0,true,,false,false,false,false,false,,,,,,false,false,false,,,false,false,false,false,false,-83.04005,42.33908,"{
  ""coordinates"": [
    -8.304005783799990e+01,
    4.233907671800010e+01
  ],
  ""type"": ""Point""
}","{
  ""coordinates"": [
    -83.040057838,
    42.339076718
  ],
  ""type"": ""Point""
}",-83.0400578379999,42.3390767180001
22956,9938356,CHANDLER PARK,WHITTIER,2017-01-28,28,1,2017,13,7,1,9,,2,0,,1,2,1,35,3,1,1,5,0,0,0,0,true,,false,false,false,true,false,,,,,,false,false,false,,,false,false,false,false,false,-82.93971,42.4087,"{
  ""coordinates"": [
    -8.293971378200000e+01,
    4.240870004800010e+01
  ],
  ""type"": ""Point""
}","{
  ""coordinates"": [
    -82.939713782,
    42.408700048
  ],
  ""type"": ""Point""
}",-82.939713782,42.4087000480001
22957,9936710,SOUTHFIELD SERVICE,8 MILE,2017-01-28,28,1,2017,0,7,4,3,,1,0,,1,1,4,25,2,2,3,5,0,0,0,0,true,,true,true,false,false,false,,,,,,false,false,true,,,false,false,false,false,false,-83.21964,42.43964,"{
  ""coordinates"": [
    -8.321964083500001e+01,
    4.243963457500010e+01
  ],
  ""type"": ""Point""
}","{
  ""coordinates"": [
    -83.219640835,
    42.439634575
  ],
  ""type"": ""Point""
}",-83.219640835,42.4396345750001
22958,9951450,I-75,MICHIGAN,2017-01-28,28,1,2017,19,7,9,1,,1,2,,2,5,4,55,3,2,2,5,0,0,0,0,true,,false,false,false,false,false,,,,,,false,false,true,,,false,false,false,false,false,-83.0865,42.33012,"{
  ""coordinates"": [
    -8.308649846400000e+01,
    4.233011794000000e+01
  ],
  ""type"": ""Point""
}","{
  ""coordinates"": [
    -83.086498464,
    42.33011794
  ],
  ""type"": ""Point""
}",-83.086498464,42.33011794
22959,9936718,ANVIL,8 MILE,2017-01-28,28,1,2017,16,7,8,3,,,0,,2,5,1,0,1,2,5,5,0,0,0,0,true,,false,false,false,false,false,,,,,,false,false,true,,,false,false,false,false,false,-82.97831,42.44927,"{
  ""coordinates"": [
    -8.297830852800000e+01,
    4.244926769400010e+01
  ],
  ""type"": ""Point""
}","{
  ""coordinates"": [
    -82.978308528,
    42.449267694
  ],
  ""type"": ""Point""
}",-82.978308528,42.4492676940001
22960,9950459,GRAND RIVER,MARENE,2017-01-28,28,1,2017,17,7,1,3,,1,1,,3,8,1,35,7,1,2,5,0,0,0,0,true,,false,false,false,false,false,,,,,,false,false,false,,,false,false,false,false,false,-83.26667,42.42002,"{
  ""coordinates"": [
    -8.326667219599990e+01,
    4.242002012000010e+01
  ],
  ""type"": ""Point""
}","{
  ""coordinates"": [
    -83.266672196,
    42.42002012
  ],
  ""type"": ""Point""
}",-83.2666721959999,42.4200201200001
22961,9936663,RAMP 047A,MEADE,2017-01-28,28,1,2017,11,7,1,1,,1,1,,3,2,1,55,1,1,4,4,0,0,0,1,false,,false,false,false,false,false,,,,,,false,false,false,,,false,false,false,false,false,-83.07655,42.40711,"{
  ""coordinates"": [
    -8.307654598300000e+01,
    4.240711020300010e+01
  ],
  ""type"": ""Point""
}","{
  ""coordinates"": [
    -83.076545983,
    42.407110203
  ],
  ""type"": ""Point""
}",-83.076545983,42.4071102030001
22962,9941008,S M 10,GRAND,2017-01-28,28,1,2017,2,7,1,3,,1,0,,1,2,4,30,4,1,1,2,0,1,0,0,false,,false,false,false,false,false,,,,,,false,false,true,,,false,false,false,false,false,-83.08183,42.36689,"{
  ""coordinates"": [
    -8.308183490999990e+01,
    4.236689006900010e+01
  ],
  ""type"": ""Point""
}","{
  ""coordinates"": [
    -83.08183491,
    42.366890069
  ],
  ""type"": ""Point""
}",-83.0818349099999,42.3668900690001
22963,9938327,M-39,7 MILE,2017-01-28,28,1,2017,2,7,5,3,,1,0,,1,1,4,55,3,2,3,4,0,0,0,3,false,,false,false,false,false,false,,,,,,false,false,true,,,false,false,false,false,false,-83.21916,42.42865,"{
  ""coordinates"": [
    -8.321916524800000e+01,
    4.242865551800000e+01
  ],
  ""type"": ""Point""
}","{
  ""coordinates"": [
    -83.219165248,
    42.428655518
  ],
  ""type"": ""Point""
}",-83.219165248,42.428655518
22964,9936722,OUTER,SUNSET,2017-01-28,28,1,2017,5,7,1,9,,2,0,,1,1,4,30,3,2,1,4,0,0,0,1,false,,false,false,true,false,false,,,,,,false,false,false,,,false,false,false,true,false,-83.06137,42.44058,"{
  ""coordinates"": [
    -8.306137069600000e+01,
    4.244058020900010e+01
  ],
  ""type"": ""Point""
}","{
  ""coordinates"": [
    -83.061370696,
    42.440580209
  ],
  ""type"": ""Point""
}",-83.061370696,42.4405802090001
22965,9936668,ROSELAWN,CHICAGO,2017-01-28,28,1,2017,4,7,2,9,,,0,,1,1,4,25,2,3,2,5,0,0,0,0,true,,false,false,true,false,false,,,,,,false,false,false,,,false,false,false,false,false,-83.14991,42.36635,"{
  ""coordinates"": [
    -8.314990849899991e+01,
    4.236634905500010e+01
  ],
  ""type"": ""Point""
}","{
  ""coordinates"": [
    -83.149908499,
    42.366349055
  ],
  ""type"": ""Point""
}",-83.1499084989999,42.3663490550001
22966,9938385,7 MILE,WOODWARD,2017-01-28,28,1,2017,22,7,8,3,,2,0,,2,1,4,25,2,2,2,5,0,0,0,0,true,,false,false,true,false,false,,,,,,false,false,false,,,false,false,false,false,false,-83.11546,42.43213,"{
  ""coordinates"": [
    -8.311545314700000e+01,
    4.243213204800000e+01
  ],
  ""type"": ""Point""
}","{
  ""coordinates"": [
    -83.115453147,
    42.432132048
  ],
  ""type"": ""Point""
}",-83.115453147,42.432132048
22967,9936692,JOY,GRANDMONT,2017-01-28,28,1,2017,18,7,4,9,,2,0,,2,5,4,30,5,2,5,5,0,0,0,0,true,,false,false,true,false,false,,,,,,false,false,false,,,false,false,false,false,false,-83.20936,42.35799,"{
  ""coordinates"": [
    -8.320935525199999e+01,
    4.235798531900010e+01
  ],
  ""type"": ""Point""
}","{
  ""coordinates"": [
    -83.209355252,
    42.357985319
  ],
  ""type"": ""Point""
}",-83.209355252,42.3579853190001
22968,9942021,CHICAGO,TERRY,2017-01-28,28,1,2017,3,7,1,9,,4,0,,1,1,4,30,2,1,0,5,0,0,0,0,true,,false,false,true,false,false,,,,,,false,false,false,,,false,false,false,false,false,-83.19075,42.36552,"{
  ""coordinates"": [
    -8.319075029100000e+01,
    4.236551480000000e+01
  ],
  ""type"": ""Point""
}","{
  ""coordinates"": [
    -83.190750291,
    42.3655148
  ],
  ""type"": ""Point""
}",-83.190750291,42.3655148
22969,9940972,I-75,WILKINS,2017-01-28,28,1,2017,16,7,8,1,,1,0,,2,2,1,55,5,2,5,4,0,0,0,5,false,,false,false,false,false,false,,,,,,false,false,false,,,false,false,false,false,false,-83.04514,42.34665,"{
  ""coordinates"": [
    -8.304513984800001e+01,
    4.234664932800010e+01
  ],
  ""type"": ""Point""
}","{
  ""coordinates"": [
    -83.045139848,
    42.346649328
  ],
  ""type"": ""Point""
}",-83.045139848,42.3466493280001
22970,9956712,I-96,I-75,2017-01-28,28,1,2017,20,7,1,1,,1,1,,4,5,4,55,2,1,1,5,0,0,0,0,true,,false,false,false,false,false,,,,,,false,false,false,,,false,false,false,false,false,-83.08904,42.33404,"{
  ""coordinates"": [
    -8.308903174200000e+01,
    4.233404294400000e+01
  ],
  ""type"": ""Point""
}","{
  ""coordinates"": [
    -83.089031742,
    42.334042944
  ],
  ""type"": ""Point""
}",-83.089031742,42.334042944
22971,9941992,I-94,CHALMERS,2017-01-28,28,1,2017,21,7,1,1,,1,1,,4,5,4,55,3,1,1,5,0,0,0,0,true,,false,false,false,false,false,,,,,,false,false,true,,,false,false,false,false,false,-82.9649,42.40351,"{
  ""coordinates"": [
    -8.296490325600000e+01,
    4.240350604800010e+01
  ],
  ""type"": ""Point""
}","{
  ""coordinates"": [
    -82.964903256,
    42.403506048
  ],
  ""type"": ""Point""
}",-82.964903256,42.4035060480001