ObjectId,Crash ID,Primary Road,Intersecting Road,Crash Date,Day,Month,Year,Hour,Weekday,Crash Type Code,Highway Classification Code,Community Code,Jurisdiction Code,Lane Departure Type Code,Surface Type,Road Condition,Weather Condition,Lighting Condition,Speed Limit,Lanes,Units,Occupants,Most Severe Injury,Fatal Injuries,Suspected Serious Injuries,Suspected Minor Injuries,Possible Injuries,Property Damage Only,Secondary Crash,Traffic Control,Red Light Run,Hit and Run,Alcohol,Drugs,Unbelted Person,Work Zone,Speeding Driver,Distracted Driver,Driveway,Pedestrian,Elderly Driver,Young Driver,Commercial Vehicle,Emergency Vehicles,Train,School Bus,Motorcycle,Bicycle,Deer,Longitude,Latitude,geom,geog,x,y
23029,9935372,PLYMOUTH,OUTER,2017-01-26,26,1,2017,18,5,3,9,,4,0,,2,4,4,35,7,2,2,5,0,0,0,0,true,,false,false,false,false,false,,,,,,false,false,true,,,false,false,false,false,false,-83.26083,42.3716,"{
  ""coordinates"": [
    -8.326082749100000e+01,
    4.237160361600010e+01
  ],
  ""type"": ""Point""
}","{
  ""coordinates"": [
    -83.260827491,
    42.371603616
  ],
  ""type"": ""Point""
}",-83.260827491,42.3716036160001
23030,9935375,S I 75 SERVICE DRIVE,CANFIELD,2017-01-26,26,1,2017,7,5,8,9,,4,0,,2,1,1,25,2,2,3,5,0,0,0,0,true,,false,false,false,false,false,,,,,,false,false,false,,,false,false,false,false,false,-83.05214,42.35642,"{
  ""coordinates"": [
    -8.305213754600000e+01,
    4.235642096900010e+01
  ],
  ""type"": ""Point""
}","{
  ""coordinates"": [
    -83.052137546,
    42.356420969
  ],
  ""type"": ""Point""
}",-83.052137546,42.3564209690001
23031,9948492,VILLAGE,ROBERT BRADBY,2017-01-26,26,1,2017,13,5,10,9,,,0,,2,2,1,20,1,2,1,5,0,0,0,0,true,,false,false,false,false,false,,,,,,false,false,true,,,false,false,false,false,false,-83.02013,42.34671,"{
  ""coordinates"": [
    -8.302013542000000e+01,
    4.234671514200010e+01
  ],
  ""type"": ""Point""
}","{
  ""coordinates"": [
    -83.02013542,
    42.346715142
  ],
  ""type"": ""Point""
}",-83.02013542,42.3467151420001
23032,9947617,FORD,SOUTHFIELD,2017-01-26,26,1,2017,13,5,5,3,,1,0,,2,2,1,45,4,2,2,4,0,0,0,1,false,,false,false,false,false,false,,,,,,false,false,true,,,false,false,false,false,false,-83.21786,42.32907,"{
  ""coordinates"": [
    -8.321785659800000e+01,
    4.232906967100010e+01
  ],
  ""type"": ""Point""
}","{
  ""coordinates"": [
    -83.217856598,
    42.329069671
  ],
  ""type"": ""Point""
}",-83.217856598,42.3290696710001
23033,9935390,MEYERS,FLORENCE,2017-01-26,26,1,2017,19,5,8,9,,4,0,,2,7,4,30,4,2,1,5,0,0,0,0,true,,false,false,false,false,false,,,,,,false,false,true,,,false,false,false,false,false,-83.16985,42.41143,"{
  ""coordinates"": [
    -8.316985087800001e+01,
    4.241142643700000e+01
  ],
  ""type"": ""Point""
}","{
  ""coordinates"": [
    -83.169850878,
    42.411426437
  ],
  ""type"": ""Point""
}",-83.169850878,42.411426437
23034,9968309,MCNICHOLS,PATTON,2017-01-26,26,1,2017,22,5,4,9,,2,0,,2,4,4,35,2,2,3,3,0,0,1,0,false,,false,false,true,false,false,,,,,,false,false,true,,,false,false,false,false,false,-83.24472,42.41484,"{
  ""coordinates"": [
    -8.324471740199991e+01,
    4.241483847700000e+01
  ],
  ""type"": ""Point""
}","{
  ""coordinates"": [
    -83.244717402,
    42.414838477
  ],
  ""type"": ""Point""
}",-83.2447174019999,42.414838477
23035,9936699,TELEGRAPH,7 MILE,2017-01-26,26,1,2017,19,5,97,2,,1,0,,2,4,4,35,3,2,1,5,0,0,0,0,true,,false,false,true,false,false,,,,,,false,false,false,,,false,false,false,false,false,-83.27756,42.42893,"{
  ""coordinates"": [
    -8.327755635400000e+01,
    4.242893117300010e+01
  ],
  ""type"": ""Point""
}","{
  ""coordinates"": [
    -83.277556354,
    42.428931173
  ],
  ""type"": ""Point""
}",-83.277556354,42.4289311730001
23036,9935388,MAINE,GRIXDALE,2017-01-26,26,1,2017,16,5,8,9,,,0,,2,4,1,25,1,2,2,5,0,0,0,0,true,,false,false,false,false,false,,,,,,false,false,false,,,false,true,false,false,false,-83.07583,42.42817,"{
  ""coordinates"": [
    -8.307582878100000e+01,
    4.242817354200000e+01
  ],
  ""type"": ""Point""
}","{
  ""coordinates"": [
    -83.075828781,
    42.428173542
  ],
  ""type"": ""Point""
}",-83.075828781,42.428173542
23037,9935389,SEVEN MILE,SANTA BARBARA,2017-01-26,26,1,2017,18,5,6,9,,2,0,,2,2,4,35,2,2,1,5,0,0,0,0,true,,false,false,true,false,false,,,,,,false,false,false,,,false,false,false,false,false,-83.14945,42.43146,"{
  ""coordinates"": [
    -8.314945583600000e+01,
    4.243146103900010e+01
  ],
  ""type"": ""Point""
}","{
  ""coordinates"": [
    -83.149455836,
    42.431461039
  ],
  ""type"": ""Point""
}",-83.149455836,42.4314610390001
23038,9936689,JAMES COUZENS,OUTER,2017-01-26,26,1,2017,13,5,8,9,,4,0,,1,2,1,25,2,2,3,5,0,0,0,0,true,,false,false,false,false,false,,,,,,false,true,false,,,false,false,false,false,false,-83.17609,42.42113,"{
  ""coordinates"": [
    -8.317608964700000e+01,
    4.242112646400010e+01
  ],
  ""type"": ""Point""
}","{
  ""coordinates"": [
    -83.176089647,
    42.421126464
  ],
  ""type"": ""Point""
}",-83.176089647,42.4211264640001
23039,9939298,SUSSEX,WADSWORTH,2017-01-26,26,1,2017,15,5,4,9,,,0,,2,2,1,25,2,2,2,5,0,0,0,0,true,,false,false,false,false,false,,,,,,false,false,true,,,false,false,false,false,false,-83.19435,42.37484,"{
  ""coordinates"": [
    -8.319435436200000e+01,
    4.237483826900010e+01
  ],
  ""type"": ""Point""
}","{
  ""coordinates"": [
    -83.194354362,
    42.374838269
  ],
  ""type"": ""Point""
}",-83.194354362,42.3748382690001
23040,9935373,EVERGEEN,BELTON,2017-01-26,26,1,2017,15,5,4,9,,4,0,,2,2,1,30,2,2,2,5,0,0,0,0,true,,false,false,false,false,false,,,,,,false,false,true,,,false,false,false,false,false,-83.23573,42.35215,"{
  ""coordinates"": [
    -8.323572251300000e+01,
    4.235214885800010e+01
  ],
  ""type"": ""Point""
}","{
  ""coordinates"": [
    -83.235722513,
    42.352148858
  ],
  ""type"": ""Point""
}",-83.235722513,42.3521488580001
23041,9935376,OUTER,RUTHERFORD,2017-01-26,26,1,2017,7,5,4,9,,2,0,,2,1,1,35,4,2,6,2,0,1,0,0,false,,false,false,false,false,false,,,,,,false,false,true,,,false,false,false,false,false,-83.20486,42.41935,"{
  ""coordinates"": [
    -8.320486389400000e+01,
    4.241935433300010e+01
  ],
  ""type"": ""Point""
}","{
  ""coordinates"": [
    -83.204863894,
    42.419354333
  ],
  ""type"": ""Point""
}",-83.204863894,42.4193543330001
23042,9936716,TEPPERT,SAUER,2017-01-26,26,1,2017,18,5,4,9,,,0,,1,2,4,25,2,2,1,5,0,0,0,0,true,,true,false,true,false,false,,,,,,false,false,false,,,false,false,false,false,false,-83.00777,42.42206,"{
  ""coordinates"": [
    -8.300777368599999e+01,
    4.242205774600010e+01
  ],
  ""type"": ""Point""
}","{
  ""coordinates"": [
    -83.007773686,
    42.422057746
  ],
  ""type"": ""Point""
}",-83.007773686,42.4220577460001
23043,9934092,8 MILE,MEYERS,2017-01-26,26,1,2017,9,5,5,3,,1,0,,2,2,1,40,4,2,2,5,0,0,0,0,true,,false,false,false,false,false,,,,,,false,false,false,,,false,false,false,false,false,-83.17162,42.4454,"{
  ""coordinates"": [
    -8.317162235700000e+01,
    4.244539701500000e+01
  ],
  ""type"": ""Point""
}","{
  ""coordinates"": [
    -83.171622357,
    42.445397015
  ],
  ""type"": ""Point""
}",-83.171622357,42.445397015
23044,9940983,I-75,CLAY,2017-01-26,26,1,2017,16,5,5,1,,1,0,,2,2,1,70,4,3,3,5,0,0,0,0,true,,false,false,false,false,false,,,,,,false,false,false,,,false,false,false,false,false,-83.06043,42.37514,"{
  ""coordinates"": [
    -8.306043067199990e+01,
    4.237513556300010e+01
  ],
  ""type"": ""Point""
}","{
  ""coordinates"": [
    -83.060430672,
    42.375135563
  ],
  ""type"": ""Point""
}",-83.0604306719999,42.3751355630001
23045,9935384,DEXTER,FULLERTON,2017-01-26,26,1,2017,14,5,4,9,,4,0,,2,4,1,30,4,2,3,5,0,0,0,0,true,,false,false,false,false,false,,,,,,false,false,true,,,false,false,false,false,false,-83.12787,42.38529,"{
  ""coordinates"": [
    -8.312786795400000e+01,
    4.238529129300010e+01
  ],
  ""type"": ""Point""
}","{
  ""coordinates"": [
    -83.127867954,
    42.385291293
  ],
  ""type"": ""Point""
}",-83.127867954,42.3852912930001
23046,9936707,MCNICHOLS,STAHELIN,2017-01-26,26,1,2017,18,5,4,9,,2,0,,1,1,4,35,2,2,5,5,0,0,0,0,true,,false,false,false,false,false,,,,,,false,false,false,,,false,false,false,false,false,-83.22675,42.4154,"{
  ""coordinates"": [
    -8.322674281799991e+01,
    4.241539902200000e+01
  ],
  ""type"": ""Point""
}","{
  ""coordinates"": [
    -83.226742818,
    42.415399022
  ],
  ""type"": ""Point""
}",-83.2267428179999,42.415399022
23047,9936681,LIVERNOIS,WHITEHEAD,2017-01-26,26,1,2017,16,5,8,9,,4,0,,1,2,1,35,5,2,1,5,0,0,0,0,true,,false,false,true,false,false,,,,,,false,false,false,,,false,false,false,false,false,-83.12419,42.33643,"{
  ""coordinates"": [
    -8.312419368300000e+01,
    4.233642521600010e+01
  ],
  ""type"": ""Point""
}","{
  ""coordinates"": [
    -83.124193683,
    42.336425216
  ],
  ""type"": ""Point""
}",-83.124193683,42.3364252160001
23048,9942015,I-75,VERNOR,2017-01-26,26,1,2017,13,5,5,1,,1,0,,2,4,1,55,4,2,2,5,0,0,0,0,true,,false,false,true,false,false,,,,,,false,false,false,,,false,false,false,false,false,-83.0828,42.32391,"{
  ""coordinates"": [
    -8.308280160899990e+01,
    4.232390743200010e+01
  ],
  ""type"": ""Point""
}","{
  ""coordinates"": [
    -83.082801609,
    42.323907432
  ],
  ""type"": ""Point""
}",-83.0828016089999,42.3239074320001
23049,9938379,DAVISON,HASSE,2017-01-26,26,1,2017,16,5,3,9,,4,0,,2,1,1,35,5,2,3,5,0,0,0,0,true,,false,false,false,false,false,,,,,,false,false,true,,,false,false,false,false,false,-83.05534,42.41785,"{
  ""coordinates"": [
    -8.305533910000000e+01,
    4.241785444100000e+01
  ],
  ""type"": ""Point""
}","{
  ""coordinates"": [
    -83.0553391,
    42.417854441
  ],
  ""type"": ""Point""
}",-83.0553391,42.417854441
23050,9946706,S I 75,RAMP 216J,2017-01-26,26,1,2017,16,5,5,1,,1,0,,1,2,1,55,4,2,1,5,0,0,0,0,true,,false,false,true,false,false,,,,,,false,false,false,,,false,false,false,false,false,-83.05864,42.36945,"{
  ""coordinates"": [
    -8.305863859499991e+01,
    4.236945302000000e+01
  ],
  ""type"": ""Point""
}","{
  ""coordinates"": [
    -83.058638595,
    42.36945302
  ],
  ""type"": ""Point""
}",-83.0586385949999,42.36945302
23051,9935357,WARD,PLYMOUTH,2017-01-26,26,1,2017,9,5,8,9,,,3,,2,4,5,25,2,2,1,5,0,0,0,0,true,,false,false,true,false,false,,,,,,false,false,false,,,false,false,false,false,false,-83.17305,42.37258,"{
  ""coordinates"": [
    -8.317304988599990e+01,
    4.237258017700000e+01
  ],
  ""type"": ""Point""
}","{
  ""coordinates"": [
    -83.173049886,
    42.372580177
  ],
  ""type"": ""Point""
}",-83.1730498859999,42.372580177
23052,9935382,HOUSTON-WHITTIER,QUEEN,2017-01-26,26,1,2017,13,5,9,9,,4,2,,1,2,1,30,2,2,3,5,0,0,0,0,true,,false,false,false,false,false,,,,,,false,false,false,,,false,false,false,false,false,-82.9679,42.42075,"{
  ""coordinates"": [
    -8.296789405999991e+01,
    4.242074927700000e+01
  ],
  ""type"": ""Point""
}","{
  ""coordinates"": [
    -82.96789406,
    42.420749277
  ],
  ""type"": ""Point""
}",-82.9678940599999,42.420749277
23053,9939306,CENTRAL,PITT,2017-01-26,26,1,2017,16,5,9,9,,4,0,,98,98,1,25,2,2,1,5,0,0,0,0,true,,false,false,false,false,false,,,,,,false,false,true,,,false,false,false,false,false,-83.12566,42.31451,"{
  ""coordinates"": [
    -8.312565972700000e+01,
    4.231451075700010e+01
  ],
  ""type"": ""Point""
}","{
  ""coordinates"": [
    -83.125659727,
    42.314510757
  ],
  ""type"": ""Point""
}",-83.125659727,42.3145107570001
23054,9936677,SEWARD,M 10 SERVICE,2017-01-26,26,1,2017,22,5,7,9,,,0,,2,1,4,25,2,2,2,5,0,0,0,0,true,,false,false,false,false,false,,,,,,false,false,true,,,false,false,false,false,false,-83.08451,42.3722,"{
  ""coordinates"": [
    -8.308451453899990e+01,
    4.237219935100010e+01
  ],
  ""type"": ""Point""
}","{
  ""coordinates"": [
    -83.084514539,
    42.372199351
  ],
  ""type"": ""Point""
}",-83.0845145389999,42.3721993510001
23055,9940980,I-94,WOODWARD,2017-01-26,26,1,2017,9,5,8,1,,1,0,,2,2,1,55,3,3,2,5,0,0,0,0,true,,false,false,true,false,false,,,,,,false,false,false,,,false,false,false,false,false,-83.0648,42.36569,"{
  ""coordinates"": [
    -8.306479447000000e+01,
    4.236568792900000e+01
  ],
  ""type"": ""Point""
}","{
  ""coordinates"": [
    -83.06479447,
    42.365687929
  ],
  ""type"": ""Point""
}",-83.06479447,42.365687929
23056,9936631,I-94,MORANG,2017-01-26,26,1,2017,15,5,5,1,,1,0,,2,2,1,55,3,2,2,5,0,0,0,0,true,,false,false,false,false,false,,,,,,false,false,true,,,false,false,false,false,false,-82.93359,42.41917,"{
  ""coordinates"": [
    -8.293358354799990e+01,
    4.241916953300010e+01
  ],
  ""type"": ""Point""
}","{
  ""coordinates"": [
    -82.933583548,
    42.419169533
  ],
  ""type"": ""Point""
}",-82.9335835479999,42.4191695330001
23057,9941017,EVERGREEN,PEMBROKE,2017-01-26,26,1,2017,16,5,5,9,,4,0,,98,98,1,30,4,2,2,5,0,0,0,0,true,,false,false,false,false,false,,,,,,false,false,false,,,false,false,false,false,false,-83.23914,42.43685,"{
  ""coordinates"": [
    -8.323913524800000e+01,
    4.243685159100000e+01
  ],
  ""type"": ""Point""
}","{
  ""coordinates"": [
    -83.239135248,
    42.436851591
  ],
  ""type"": ""Point""
}",-83.239135248,42.436851591
23058,9934091,WOODWARD,WORCESTER,2017-01-26,26,1,2017,8,5,5,3,,1,0,,2,2,1,40,5,2,2,5,0,0,0,0,true,,false,false,false,false,false,,,,,,false,false,true,,,false,false,false,false,false,-83.10797,42.42178,"{
  ""coordinates"": [
    -8.310797433300000e+01,
    4.242178508700000e+01
  ],
  ""type"": ""Point""
}","{
  ""coordinates"": [
    -83.107974333,
    42.421785087
  ],
  ""type"": ""Point""
}",-83.107974333,42.421785087
23059,9943024,HILDALE,CHRYSLER,2017-01-26,26,1,2017,2,5,97,9,,,1,,1,1,98,0,1,1,0,5,0,0,0,0,true,,false,false,true,false,false,,,,,,false,false,false,,,false,false,false,false,false,-83.0938,42.42861,"{
  ""coordinates"": [
    -8.309380028899990e+01,
    4.242861362800010e+01
  ],
  ""type"": ""Point""
}","{
  ""coordinates"": [
    -83.093800289,
    42.428613628
  ],
  ""type"": ""Point""
}",-83.0938002889999,42.4286136280001
23060,9983996,JOHN C LODGE SERVICE,CLAIRMONT,2017-01-26,26,1,2017,11,5,8,3,,1,0,,1,2,1,40,2,2,1,5,0,0,0,0,true,,false,false,true,false,false,,,,,,false,false,false,,,false,false,false,false,false,-83.09048,42.37978,"{
  ""coordinates"": [
    -8.309048153200000e+01,
    4.237978546900010e+01
  ],
  ""type"": ""Point""
}","{
  ""coordinates"": [
    -83.090481532,
    42.379785469
  ],
  ""type"": ""Point""
}",-83.090481532,42.3797854690001
23061,9945558,I 94,I 75,2017-01-26,26,1,2017,5,5,8,1,,1,0,,2,2,1,55,3,2,2,5,0,0,0,0,true,,false,false,true,false,false,,,,,,false,false,false,,,false,false,false,false,false,-83.05762,42.369,"{
  ""coordinates"": [
    -8.305761608099991e+01,
    4.236899765600000e+01
  ],
  ""type"": ""Point""
}","{
  ""coordinates"": [
    -83.057616081,
    42.368997656
  ],
  ""type"": ""Point""
}",-83.0576160809999,42.368997656
23062,9935366,GRATIOT,BEAUBIEN,2017-01-26,26,1,2017,1,5,1,3,,1,0,,1,1,4,30,3,1,0,5,0,0,0,0,true,,false,false,true,false,false,,,,,,false,false,false,,,false,false,false,false,false,-83.04388,42.33685,"{
  ""coordinates"": [
    -8.304388355200000e+01,
    4.233684510800000e+01
  ],
  ""type"": ""Point""
}","{
  ""coordinates"": [
    -83.043883552,
    42.336845108
  ],
  ""type"": ""Point""
}",-83.043883552,42.336845108
23063,9941989,I-94,CHENE,2017-01-26,26,1,2017,4,5,8,1,,1,0,,2,4,5,55,3,2,1,5,0,0,0,0,true,,false,false,true,false,false,,,,,,false,false,false,,,false,false,false,false,false,-83.05078,42.37275,"{
  ""coordinates"": [
    -8.305078284200000e+01,
    4.237275385800010e+01
  ],
  ""type"": ""Point""
}","{
  ""coordinates"": [
    -83.050782842,
    42.372753858
  ],
  ""type"": ""Point""
}",-83.050782842,42.3727538580001
23064,9934094,MEYERS,PICKFORD,2017-01-26,26,1,2017,8,5,4,9,,4,0,,2,4,1,0,4,2,3,4,0,0,0,1,false,,false,false,true,false,false,,,,,,false,false,false,,,false,false,false,false,false,-83.17049,42.42583,"{
  ""coordinates"": [
    -8.317049728700000e+01,
    4.242583196400010e+01
  ],
  ""type"": ""Point""
}","{
  ""coordinates"": [
    -83.170497287,
    42.425831964
  ],
  ""type"": ""Point""
}",-83.170497287,42.4258319640001
23065,9940982,I-75,DAVISON,2017-01-26,26,1,2017,13,5,5,1,,1,0,,2,2,1,70,4,3,3,5,0,0,0,0,true,,false,false,false,false,false,,,,,,false,true,false,,,false,false,false,false,false,-83.07964,42.40877,"{
  ""coordinates"": [
    -8.307964686400000e+01,
    4.240876902500000e+01
  ],
  ""type"": ""Point""
}","{
  ""coordinates"": [
    -83.079646864,
    42.408769025
  ],
  ""type"": ""Point""
}",-83.079646864,42.408769025
23066,9934075,MT ELLIOTT,VERNOR,2017-01-26,26,1,2017,5,5,97,9,,4,0,,2,1,4,35,4,1,1,5,0,0,0,0,true,,false,false,false,false,false,,,,,,false,false,false,,,false,false,false,false,false,-83.01771,42.3554,"{
  ""coordinates"": [
    -8.301771037000000e+01,
    4.235539705100010e+01
  ],
  ""type"": ""Point""
}","{
  ""coordinates"": [
    -83.01771037,
    42.355397051
  ],
  ""type"": ""Point""
}",-83.01771037,42.3553970510001
23067,9935360,PURITAN,FREELAND,2017-01-26,26,1,2017,7,5,5,9,,4,0,,2,4,1,30,2,2,2,5,0,0,0,0,true,,false,false,false,false,false,,,,,,false,false,false,,,false,false,false,false,false,-83.1858,42.40917,"{
  ""coordinates"": [
    -8.318580233900001e+01,
    4.240917076200000e+01
  ],
  ""type"": ""Point""
}","{
  ""coordinates"": [
    -83.185802339,
    42.409170762
  ],
  ""type"": ""Point""
}",-83.185802339,42.409170762
23068,9935391,MARK TWAIN,VASSAR,2017-01-26,26,1,2017,14,5,4,9,,,0,,1,2,1,25,2,2,2,4,0,0,0,1,false,,false,false,false,false,false,,,,,,false,false,false,,,false,false,false,false,false,-83.18775,42.4344,"{
  ""coordinates"": [
    -8.318774950400000e+01,
    4.243439800800010e+01
  ],
  ""type"": ""Point""
}","{
  ""coordinates"": [
    -83.187749504,
    42.434398008
  ],
  ""type"": ""Point""
}",-83.187749504,42.4343980080001
23069,9939320,MURRAY HILL,CAMBRIDGE,2017-01-26,26,1,2017,3,5,1,9,,,0,,1,1,4,25,2,1,2,2,0,2,0,0,false,,false,false,false,false,false,,,,,,false,false,true,,,false,false,false,false,false,-83.20851,42.43211,"{
  ""coordinates"": [
    -8.320850926999999e+01,
    4.243210493500000e+01
  ],
  ""type"": ""Point""
}","{
  ""coordinates"": [
    -83.20850927,
    42.432104935
  ],
  ""type"": ""Point""
}",-83.20850927,42.432104935
23070,9942018,MEYERS,PICKFORD,2017-01-26,26,1,2017,8,5,97,9,,4,0,,1,1,1,35,4,2,4,2,0,1,2,0,false,,false,false,true,false,false,,,,,,false,false,false,,,false,false,false,false,false,-83.17049,42.4258,"{
  ""coordinates"": [
    -8.317049628300001e+01,
    4.242580288400010e+01
  ],
  ""type"": ""Point""
}","{
  ""coordinates"": [
    -83.170496283,
    42.425802884
  ],
  ""type"": ""Point""
}",-83.170496283,42.4258028840001
23071,9936727,CHIPPEWA,PRAIRIE,2017-01-26,26,1,2017,17,5,4,9,,,0,,1,2,1,30,2,2,3,5,0,0,0,0,true,,false,false,false,false,false,,,,,,false,false,false,,,false,false,false,false,false,-83.14617,42.44127,"{
  ""coordinates"": [
    -8.314616926600000e+01,
    4.244126929100000e+01
  ],
  ""type"": ""Point""
}","{
  ""coordinates"": [
    -83.146169266,
    42.441269291
  ],
  ""type"": ""Point""
}",-83.146169266,42.441269291
23072,9942017,GRAND RIVER,S M 39,2017-01-26,26,1,2017,12,5,5,3,,1,0,,1,1,1,35,5,2,2,5,0,0,0,0,true,,false,false,true,false,false,,,,,,false,false,false,,,false,false,false,false,false,-83.21835,42.40073,"{
  ""coordinates"": [
    -8.321834785300000e+01,
    4.240073154400010e+01
  ],
  ""type"": ""Point""
}","{
  ""coordinates"": [
    -83.218347853,
    42.400731544
  ],
  ""type"": ""Point""
}",-83.218347853,42.4007315440001
23073,9935400,BRUSH,E I 94,2017-01-26,26,1,2017,23,5,4,9,,4,0,,2,2,4,0,3,2,1,5,0,0,0,0,true,,false,false,true,false,false,,,,,,false,false,false,,,false,false,false,false,false,-83.06451,42.36571,"{
  ""coordinates"": [
    -8.306450325599999e+01,
    4.236570866500010e+01
  ],
  ""type"": ""Point""
}","{
  ""coordinates"": [
    -83.064503256,
    42.365708665
  ],
  ""type"": ""Point""
}",-83.064503256,42.3657086650001
23074,9938353,VERNOR,FERRIS,2017-01-26,26,1,2017,8,5,4,9,,4,0,,2,4,1,25,2,2,2,5,0,0,0,0,true,,false,false,false,false,false,,,,,,false,false,true,,,false,false,false,false,false,-83.13203,42.30948,"{
  ""coordinates"": [
    -8.313203435900000e+01,
    4.230948254900010e+01
  ],
  ""type"": ""Point""
}","{
  ""coordinates"": [
    -83.132034359,
    42.309482549
  ],
  ""type"": ""Point""
}",-83.132034359,42.3094825490001
23075,9954335,M-10,GRAND,2017-01-26,26,1,2017,12,5,8,3,,1,0,,2,4,1,55,4,2,1,5,0,0,0,0,true,,false,false,true,false,false,,,,,,false,false,false,,,false,false,false,false,false,-83.0815,42.36679,"{
  ""coordinates"": [
    -8.308149795500000e+01,
    4.236678844800010e+01
  ],
  ""type"": ""Point""
}","{
  ""coordinates"": [
    -83.081497955,
    42.366788448
  ],
  ""type"": ""Point""
}",-83.081497955,42.3667884480001
23076,9948487,JEFFERSON,RIVARD,2017-01-26,26,1,2017,17,5,97,9,,4,0,,1,1,4,35,7,3,4,5,0,0,0,0,true,,true,true,true,true,false,,,,,,false,false,false,,,false,false,false,false,false,-83.03416,42.33329,"{
  ""coordinates"": [
    -8.303416818399999e+01,
    4.233329348300000e+01
  ],
  ""type"": ""Point""
}","{
  ""coordinates"": [
    -83.034168184,
    42.333293483
  ],
  ""type"": ""Point""
}",-83.034168184,42.333293483
23077,9935387,8 MILE,S I 75 SERVICE DRIVE,2017-01-26,26,1,2017,17,5,5,3,,1,0,,2,4,4,35,6,2,2,5,0,0,0,0,true,,false,false,false,false,false,,,,,,false,false,false,,,false,false,false,false,false,-83.09543,42.44679,"{
  ""coordinates"": [
    -8.309543020900000e+01,
    4.244679341300010e+01
  ],
  ""type"": ""Point""
}","{
  ""coordinates"": [
    -83.095430209,
    42.446793413
  ],
  ""type"": ""Point""
}",-83.095430209,42.4467934130001
23078,9947591,S M 39 SERVICE DRIVE,WARREN,2017-01-26,26,1,2017,11,5,97,9,,4,0,,1,2,1,30,8,3,4,5,0,0,0,0,true,,false,false,true,false,false,,,,,,false,false,false,,,false,false,false,false,false,-83.21653,42.34343,"{
  ""coordinates"": [
    -8.321653213499999e+01,
    4.234342492200010e+01
  ],
  ""type"": ""Point""
}","{
  ""coordinates"": [
    -83.216532135,
    42.343424922
  ],
  ""type"": ""Point""
}",-83.216532135,42.3434249220001
23079,9935383,14TH,TAYLOR,2017-01-26,26,1,2017,17,5,4,9,,4,0,,2,5,4,0,3,2,2,5,0,0,0,0,true,,true,false,false,false,false,,,,,,false,false,true,,,false,false,false,false,false,-83.10235,42.37431,"{
  ""coordinates"": [
    -8.310235212500000e+01,
    4.237431437900010e+01
  ],
  ""type"": ""Point""
}","{
  ""coordinates"": [
    -83.102352125,
    42.374314379
  ],
  ""type"": ""Point""
}",-83.102352125,42.3743143790001
23080,9936682,OAKWOOD,DIX,2017-01-26,26,1,2017,17,5,3,9,,0,0,,1,2,4,30,1,2,2,5,0,0,0,0,true,,false,false,false,false,false,,,,,,false,false,false,,,false,false,false,false,false,-83.15596,42.29109,"{
  ""coordinates"": [
    -8.315596232500000e+01,
    4.229109312500000e+01
  ],
  ""type"": ""Point""
}","{
  ""coordinates"": [
    -83.155962325,
    42.291093125
  ],
  ""type"": ""Point""
}",-83.155962325,42.291093125
23081,9939304,S I 75 SERVICE DRIVE,LIVERNOIS,2017-01-26,26,1,2017,12,5,9,9,,4,2,,1,1,1,25,3,2,6,5,0,0,0,0,true,,false,false,true,false,false,,,,,,false,false,false,,,false,false,false,false,false,-83.10452,42.30814,"{
  ""coordinates"": [
    -8.310451243800000e+01,
    4.230813596400000e+01
  ],
  ""type"": ""Point""
}","{
  ""coordinates"": [
    -83.104512438,
    42.308135964
  ],
  ""type"": ""Point""
}",-83.104512438,42.308135964
23082,9983815,W I 94,GRAND,2017-01-26,26,1,2017,16,5,5,1,,1,0,,1,1,1,55,3,2,2,5,0,0,0,0,true,,false,false,false,false,false,,,,,,false,false,false,,,false,false,false,false,false,-83.04011,42.37675,"{
  ""coordinates"": [
    -8.304010993999999e+01,
    4.237674711300010e+01
  ],
  ""type"": ""Point""
}","{
  ""coordinates"": [
    -83.04010994,
    42.376747113
  ],
  ""type"": ""Point""
}",-83.04010994,42.3767471130001
23083,9936729,EWALD,LIVERNOIS,2017-01-26,26,1,2017,10,5,9,9,,4,2,,1,1,1,25,2,2,2,5,0,0,0,0,true,,false,false,false,false,false,,,,,,false,false,false,,,false,false,false,false,false,-83.13938,42.39157,"{
  ""coordinates"": [
    -8.313938034700000e+01,
    4.239157107400010e+01
  ],
  ""type"": ""Point""
}","{
  ""coordinates"": [
    -83.139380347,
    42.391571074
  ],
  ""type"": ""Point""
}",-83.139380347,42.3915710740001
23084,9935292,M-39,JOY,2017-01-26,26,1,2017,15,5,5,3,,1,0,,1,2,1,55,3,3,6,4,0,0,0,2,false,,false,false,false,false,false,,,,,,false,false,false,,,false,false,false,false,false,-83.21638,42.3651,"{
  ""coordinates"": [
    -8.321637642099989e+01,
    4.236510624700000e+01
  ],
  ""type"": ""Point""
}","{
  ""coordinates"": [
    -83.216376421,
    42.365106247
  ],
  ""type"": ""Point""
}",-83.2163764209999,42.365106247
23085,9935364,MICHIGAN,SHELBY,2017-01-26,26,1,2017,13,5,8,9,,4,0,,1,1,1,35,6,2,2,5,0,0,0,0,true,,false,false,false,false,false,,,,,,false,false,false,,,false,false,false,false,false,-83.04915,42.33167,"{
  ""coordinates"": [
    -8.304914871100000e+01,
    4.233167290100000e+01
  ],
  ""type"": ""Point""
}","{
  ""coordinates"": [
    -83.049148711,
    42.331672901
  ],
  ""type"": ""Point""
}",-83.049148711,42.331672901