ObjectId,Crash ID,Primary Road,Intersecting Road,Crash Date,Day,Month,Year,Hour,Weekday,Crash Type Code,Highway Classification Code,Community Code,Jurisdiction Code,Lane Departure Type Code,Surface Type,Road Condition,Weather Condition,Lighting Condition,Speed Limit,Lanes,Units,Occupants,Most Severe Injury,Fatal Injuries,Suspected Serious Injuries,Suspected Minor Injuries,Possible Injuries,Property Damage Only,Secondary Crash,Traffic Control,Red Light Run,Hit and Run,Alcohol,Drugs,Unbelted Person,Work Zone,Speeding Driver,Distracted Driver,Driveway,Pedestrian,Elderly Driver,Young Driver,Commercial Vehicle,Emergency Vehicles,Train,School Bus,Motorcycle,Bicycle,Deer,Longitude,Latitude,geom,geog,x,y
23256,9934045,HARDING,WARREN,2017-01-22,22,1,2017,17,1,5,9,,,0,,2,3,2,35,4,2,1,5,0,0,0,0,true,,false,false,true,false,false,,,,,,false,false,false,,,false,false,false,false,false,-82.99155,42.38444,"{
  ""coordinates"": [
    -8.299155592999990e+01,
    4.238443610500010e+01
  ],
  ""type"": ""Point""
}","{
  ""coordinates"": [
    -82.99155593,
    42.384436105
  ],
  ""type"": ""Point""
}",-82.9915559299999,42.3844361050001
23257,9931591,GRATIOT,SYLVESTER,2017-01-22,22,1,2017,4,1,1,3,,1,1,,2,3,4,45,3,1,1,5,0,0,0,0,true,,false,false,false,false,false,,,,,,false,false,false,,,false,false,false,false,false,-83.0251,42.3631,"{
  ""coordinates"": [
    -8.302510090999991e+01,
    4.236309665500000e+01
  ],
  ""type"": ""Point""
}","{
  ""coordinates"": [
    -83.02510091,
    42.363096655
  ],
  ""type"": ""Point""
}",-83.0251009099999,42.363096655
23258,9959079,ELMHURST,S M 10 SERVICE DRIVE,2017-01-22,22,1,2017,12,1,1,9,,4,1,,2,3,1,55,1,1,2,2,0,1,0,0,false,,false,false,false,false,false,,,,,,false,false,false,,,false,false,false,false,false,-83.10411,42.38947,"{
  ""coordinates"": [
    -8.310411330999990e+01,
    4.238947250700010e+01
  ],
  ""type"": ""Point""
}","{
  ""coordinates"": [
    -83.10411331,
    42.389472507
  ],
  ""type"": ""Point""
}",-83.1041133099999,42.3894725070001
23259,9936641,RAMP 139C,DAVISON,2017-01-22,22,1,2017,9,1,8,1,,1,0,,2,3,1,55,4,2,3,5,0,0,0,0,true,,false,false,false,false,false,,,,,,false,true,false,,,false,false,false,false,false,-83.1478,42.38447,"{
  ""coordinates"": [
    -8.314780027700000e+01,
    4.238446828100010e+01
  ],
  ""type"": ""Point""
}","{
  ""coordinates"": [
    -83.147800277,
    42.384468281
  ],
  ""type"": ""Point""
}",-83.147800277,42.3844682810001
23260,9931582,CHICAGO,LIVERNOIS,2017-01-22,22,1,2017,5,1,2,9,,4,2,,2,3,4,35,4,2,1,3,0,0,1,0,false,,false,false,false,false,false,,,,,,false,true,false,,,false,false,false,false,false,-83.13898,42.36659,"{
  ""coordinates"": [
    -8.313898336599991e+01,
    4.236658883300000e+01
  ],
  ""type"": ""Point""
}","{
  ""coordinates"": [
    -83.138983366,
    42.366588833
  ],
  ""type"": ""Point""
}",-83.1389833659999,42.366588833
23261,9931602,WYOMING,OUTER,2017-01-22,22,1,2017,15,1,97,9,,4,0,,1,1,1,30,4,4,5,4,0,0,0,2,false,,true,true,false,false,false,,,,,,false,false,true,,,false,false,false,false,false,-83.1611,42.43489,"{
  ""coordinates"": [
    -8.316110273800000e+01,
    4.243488845100010e+01
  ],
  ""type"": ""Point""
}","{
  ""coordinates"": [
    -83.161102738,
    42.434888451
  ],
  ""type"": ""Point""
}",-83.161102738,42.4348884510001
23262,9932311,LINWOOD,DAVISON,2017-01-22,22,1,2017,0,1,4,3,,4,0,,2,1,4,35,2,2,2,4,0,0,0,1,false,,false,false,false,false,false,,,,,,false,false,false,,,false,false,false,false,false,-83.12204,42.39305,"{
  ""coordinates"": [
    -8.312204344700000e+01,
    4.239305135400010e+01
  ],
  ""type"": ""Point""
}","{
  ""coordinates"": [
    -83.122043447,
    42.393051354
  ],
  ""type"": ""Point""
}",-83.122043447,42.3930513540001
23263,9934044,HARPER,CADIEUX,2017-01-22,22,1,2017,19,1,8,9,,4,0,,2,3,4,35,4,2,1,5,0,0,0,0,true,,false,false,true,false,false,,,,,,false,false,false,,,false,false,false,false,false,-82.93658,42.41646,"{
  ""coordinates"": [
    -8.293658006999991e+01,
    4.241646345600000e+01
  ],
  ""type"": ""Point""
}","{
  ""coordinates"": [
    -82.93658007,
    42.416463456
  ],
  ""type"": ""Point""
}",-82.9365800699999,42.416463456
23264,9936679,MICHIGAN,HARRISON,2017-01-22,22,1,2017,14,1,97,2,,1,0,,2,3,1,35,5,1,2,5,0,0,0,0,true,,false,false,false,false,false,,,,,,false,true,false,,,false,false,false,false,false,-83.07092,42.3314,"{
  ""coordinates"": [
    -8.307091986899999e+01,
    4.233140232400010e+01
  ],
  ""type"": ""Point""
}","{
  ""coordinates"": [
    -83.070919869,
    42.331402324
  ],
  ""type"": ""Point""
}",-83.070919869,42.3314023240001
23265,9936627,RAMP 008X,M-39,2017-01-22,22,1,2017,10,1,1,1,,1,1,,2,3,1,55,2,1,1,3,0,0,1,0,false,,false,false,false,false,false,,,,,,false,false,false,,,false,false,false,false,false,-83.21301,42.3793,"{
  ""coordinates"": [
    -8.321300280400000e+01,
    4.237930206100000e+01
  ],
  ""type"": ""Point""
}","{
  ""coordinates"": [
    -83.213002804,
    42.379302061
  ],
  ""type"": ""Point""
}",-83.213002804,42.379302061
23266,9931598,HAYES,CORBETT,2017-01-22,22,1,2017,12,1,4,9,,4,0,,2,3,1,35,2,2,2,5,0,0,0,0,true,,false,false,false,false,false,,,,,,false,false,false,,,false,false,false,false,false,-82.96453,42.40937,"{
  ""coordinates"": [
    -8.296453042800000e+01,
    4.240937473700010e+01
  ],
  ""type"": ""Point""
}","{
  ""coordinates"": [
    -82.964530428,
    42.409374737
  ],
  ""type"": ""Point""
}",-82.964530428,42.4093747370001
23267,9932294,LARKIN,MICHIGAN,2017-01-22,22,1,2017,2,1,97,2,,,0,,2,3,4,25,2,2,1,4,0,0,0,1,false,,false,false,true,false,false,,,,,,true,false,false,,,false,false,false,false,false,-83.13042,42.33123,"{
  ""coordinates"": [
    -8.313041524700000e+01,
    4.233122766700010e+01
  ],
  ""type"": ""Point""
}","{
  ""coordinates"": [
    -83.130415247,
    42.331227667
  ],
  ""type"": ""Point""
}",-83.130415247,42.3312276670001
23268,9931597,GRINNELL,RAYMOND,2017-01-22,22,1,2017,9,1,1,9,,4,1,,2,3,98,35,2,1,0,5,0,0,0,0,true,,false,false,false,false,false,,,,,,false,false,false,,,false,false,false,false,false,-83.00888,42.40123,"{
  ""coordinates"": [
    -8.300888248599991e+01,
    4.240122579800000e+01
  ],
  ""type"": ""Point""
}","{
  ""coordinates"": [
    -83.008882486,
    42.401225798
  ],
  ""type"": ""Point""
}",-83.0088824859999,42.401225798
23269,9931600,MINNESOTA,RUSSELL,2017-01-22,22,1,2017,9,1,98,9,,,0,,1,3,5,25,2,2,1,5,0,0,0,0,true,,false,false,true,false,false,,,,,,false,false,false,,,false,false,false,false,false,-83.08981,42.42359,"{
  ""coordinates"": [
    -8.308981107300001e+01,
    4.242358796100010e+01
  ],
  ""type"": ""Point""
}","{
  ""coordinates"": [
    -83.089811073,
    42.423587961
  ],
  ""type"": ""Point""
}",-83.089811073,42.4235879610001
23270,9934081,HAYES,YOUNG,2017-01-22,22,1,2017,2,1,4,9,,4,0,,2,3,4,30,2,2,3,3,0,0,2,0,false,,true,false,true,false,false,,,,,,false,false,false,,,false,false,false,false,false,-82.96515,42.42399,"{
  ""coordinates"": [
    -8.296514657800000e+01,
    4.242398867900000e+01
  ],
  ""type"": ""Point""
}","{
  ""coordinates"": [
    -82.965146578,
    42.423988679
  ],
  ""type"": ""Point""
}",-82.965146578,42.423988679
23271,9931583,PURITAN,TRACEY,2017-01-22,22,1,2017,17,1,8,9,,4,0,,2,3,3,35,2,2,3,5,0,0,0,0,true,,false,false,false,false,false,,,,,,false,false,true,,,false,false,false,false,false,-83.18079,42.40933,"{
  ""coordinates"": [
    -8.318078590000000e+01,
    4.240932704700000e+01
  ],
  ""type"": ""Point""
}","{
  ""coordinates"": [
    -83.1807859,
    42.409327047
  ],
  ""type"": ""Point""
}",-83.1807859,42.409327047
23272,9933944,S/B M-39,JOY,2017-01-22,22,1,2017,5,1,1,3,,1,1,,2,3,4,55,3,1,1,5,0,0,0,0,true,,false,false,false,false,false,,,,,,false,false,true,,,false,false,false,false,false,-83.21658,42.35806,"{
  ""coordinates"": [
    -8.321658585599990e+01,
    4.235805450600000e+01
  ],
  ""type"": ""Point""
}","{
  ""coordinates"": [
    -83.216585856,
    42.358054506
  ],
  ""type"": ""Point""
}",-83.2165858559999,42.358054506
23273,9956791,WHITTER,MCKINNEY,2017-01-22,22,1,2017,19,1,97,9,,4,0,,2,3,4,30,2,3,5,2,0,2,0,0,false,,true,true,false,false,false,,,,,,false,false,true,,,false,false,false,false,false,-82.94722,42.41453,"{
  ""coordinates"": [
    -8.294722107000000e+01,
    4.241452629300010e+01
  ],
  ""type"": ""Point""
}","{
  ""coordinates"": [
    -82.94722107,
    42.414526293
  ],
  ""type"": ""Point""
}",-82.94722107,42.4145262930001
23274,9931601,8 MILE,MOUND,2017-01-22,22,1,2017,18,1,2,3,,1,2,,2,3,4,45,4,2,3,5,0,0,0,0,true,,false,false,true,false,false,,,,,,false,false,false,,,false,false,false,false,false,-83.04397,42.44778,"{
  ""coordinates"": [
    -8.304397021299999e+01,
    4.244777801700010e+01
  ],
  ""type"": ""Point""
}","{
  ""coordinates"": [
    -83.043970213,
    42.447778017
  ],
  ""type"": ""Point""
}",-83.043970213,42.4477780170001
23275,9934046,GRATIOT,MOUNT ELLIOTT,2017-01-22,22,1,2017,18,1,8,3,,1,0,,2,3,4,35,6,2,3,4,0,0,0,1,false,,false,false,true,false,false,,,,,,false,false,false,,,false,false,false,false,false,-83.0242,42.36447,"{
  ""coordinates"": [
    -8.302419956100000e+01,
    4.236447287100000e+01
  ],
  ""type"": ""Point""
}","{
  ""coordinates"": [
    -83.024199561,
    42.364472871
  ],
  ""type"": ""Point""
}",-83.024199561,42.364472871
23276,9936642,RAMP 041E,S I 75/GRATIOT,2017-01-22,22,1,2017,11,1,1,1,,1,1,,2,3,1,55,2,1,2,5,0,0,0,0,true,,false,false,false,false,false,,,,,,false,false,false,,,false,false,false,false,false,-83.04503,42.34344,"{
  ""coordinates"": [
    -8.304502562200000e+01,
    4.234344116300010e+01
  ],
  ""type"": ""Point""
}","{
  ""coordinates"": [
    -83.045025622,
    42.343441163
  ],
  ""type"": ""Point""
}",-83.045025622,42.3434411630001
23277,9936669,WYOMING,LYNDON,2017-01-22,22,1,2017,1,1,5,9,,4,0,,1,2,4,30,3,2,4,4,0,0,0,2,false,,false,false,false,true,false,,,,,,false,false,false,,,false,false,false,false,false,-83.15935,42.39532,"{
  ""coordinates"": [
    -8.315934932399990e+01,
    4.239531884000010e+01
  ],
  ""type"": ""Point""
}","{
  ""coordinates"": [
    -83.159349324,
    42.39531884
  ],
  ""type"": ""Point""
}",-83.1593493239999,42.3953188400001
23278,9931604,HUBBELL,CURTIS,2017-01-22,22,1,2017,7,1,5,9,,4,0,,2,3,2,0,2,2,2,5,0,0,0,0,true,,false,false,true,false,false,,,,,,false,false,false,,,false,false,false,false,false,-83.18972,42.42293,"{
  ""coordinates"": [
    -8.318971982600000e+01,
    4.242292767000000e+01
  ],
  ""type"": ""Point""
}","{
  ""coordinates"": [
    -83.189719826,
    42.42292767
  ],
  ""type"": ""Point""
}",-83.189719826,42.42292767
23279,1023345,FLANDERS,GUNSTON,2017-01-22,22,1,2017,18,1,98,3,,,3,,2,3,4,25,2,2,0,5,0,0,0,0,true,,false,false,true,false,false,,,,,,false,false,false,,,false,false,false,false,false,-82.99693,42.41103,"{
  ""coordinates"": [
    -8.299693640399990e+01,
    4.241102991500000e+01
  ],
  ""type"": ""Point""
}","{
  ""coordinates"": [
    -82.996936404,
    42.411029915
  ],
  ""type"": ""Point""
}",-82.9969364039999,42.411029915
23280,9935393,N I 75,RAMP 047A,2017-01-22,22,1,2017,3,1,9,1,,1,0,,2,3,4,35,2,2,2,5,0,0,0,0,true,,false,false,false,false,false,,,,,,false,false,false,,,false,false,false,false,false,-83.07497,42.40597,"{
  ""coordinates"": [
    -8.307497197399989e+01,
    4.240597204700000e+01
  ],
  ""type"": ""Point""
}","{
  ""coordinates"": [
    -83.074971974,
    42.405972047
  ],
  ""type"": ""Point""
}",-83.0749719739999,42.405972047
23281,9942982,FORT,WOODMERE,2017-01-22,22,1,2017,2,1,5,3,,1,0,,2,1,4,40,6,3,3,4,0,0,0,3,false,,false,false,false,true,false,,,,,,false,false,false,,,false,false,false,false,false,-83.13066,42.29582,"{
  ""coordinates"": [
    -8.313065921700000e+01,
    4.229581893300010e+01
  ],
  ""type"": ""Point""
}","{
  ""coordinates"": [
    -83.130659217,
    42.295818933
  ],
  ""type"": ""Point""
}",-83.130659217,42.2958189330001
23282,9931585,GRAND RIVER,N I 75,2017-01-22,22,1,2017,13,1,4,3,,1,0,,2,3,1,30,9,2,4,5,0,0,0,0,true,,true,true,false,false,false,,,,,,false,true,false,,,false,false,false,false,false,-83.05917,42.33651,"{
  ""coordinates"": [
    -8.305917671700000e+01,
    4.233651471300000e+01
  ],
  ""type"": ""Point""
}","{
  ""coordinates"": [
    -83.059176717,
    42.336514713
  ],
  ""type"": ""Point""
}",-83.059176717,42.336514713
23283,9934042,M39,PLYMOUTH,2017-01-22,22,1,2017,4,1,97,3,,1,0,,2,3,4,55,3,3,2,2,0,1,0,2,false,,false,false,false,true,false,,,,,,true,false,false,,,false,false,false,false,false,-83.21658,42.37206,"{
  ""coordinates"": [
    -8.321657241900000e+01,
    4.237205988800010e+01
  ],
  ""type"": ""Point""
}","{
  ""coordinates"": [
    -83.216572419,
    42.372059888
  ],
  ""type"": ""Point""
}",-83.216572419,42.3720598880001
23284,1112456,MOLENA,VAN DYKE,2017-01-22,22,1,2017,19,1,98,3,,,0,,2,3,4,25,4,2,0,5,0,0,0,0,true,,false,false,true,false,false,,,,,,false,false,false,,,false,false,false,false,false,-83.02295,42.40601,"{
  ""coordinates"": [
    -8.302294556399990e+01,
    4.240601079400010e+01
  ],
  ""type"": ""Point""
}","{
  ""coordinates"": [
    -83.022945564,
    42.406010794
  ],
  ""type"": ""Point""
}",-83.0229455639999,42.4060107940001
23285,9933154,WYOMING,MARGARETA,2017-01-21,21,1,2017,23,7,97,9,,4,0,,2,3,4,35,4,3,3,3,0,0,1,4,false,,false,false,false,false,false,,,,,,false,false,true,,,false,false,false,false,false,-83.16084,42.42778,"{
  ""coordinates"": [
    -8.316084314800000e+01,
    4.242777595800000e+01
  ],
  ""type"": ""Point""
}","{
  ""coordinates"": [
    -83.160843148,
    42.427775958
  ],
  ""type"": ""Point""
}",-83.160843148,42.427775958
23286,9985920,HOOVER,BRINGARD,2017-01-21,21,1,2017,2,7,1,3,,1,0,,2,3,4,30,2,1,0,5,0,0,0,0,true,,false,false,true,false,false,,,,,,false,false,false,,,false,false,false,false,false,-83.0051,42.44524,"{
  ""coordinates"": [
    -8.300509461500000e+01,
    4.244523723800010e+01
  ],
  ""type"": ""Point""
}","{
  ""coordinates"": [
    -83.005094615,
    42.445237238
  ],
  ""type"": ""Point""
}",-83.005094615,42.4452372380001
23287,9935380,ROSSINI,REGENT,2017-01-21,21,1,2017,17,7,5,9,,,0,,98,98,4,25,2,2,0,5,0,0,0,0,true,,false,false,true,false,false,,,,,,false,false,false,,,false,false,false,false,false,-82.97558,42.44333,"{
  ""coordinates"": [
    -8.297557909299999e+01,
    4.244333110900000e+01
  ],
  ""type"": ""Point""
}","{
  ""coordinates"": [
    -82.975579093,
    42.443331109
  ],
  ""type"": ""Point""
}",-82.975579093,42.443331109
23288,9930671,JEFFERSON,WOODWARD,2017-01-21,21,1,2017,18,7,8,3,,1,0,,1,1,4,35,4,2,4,4,0,0,0,1,false,,false,false,false,false,false,,,,,,false,false,false,,,false,false,false,false,false,-83.04389,42.32915,"{
  ""coordinates"": [
    -8.304389431100000e+01,
    4.232914612100010e+01
  ],
  ""type"": ""Point""
}","{
  ""coordinates"": [
    -83.043894311,
    42.329146121
  ],
  ""type"": ""Point""
}",-83.043894311,42.3291461210001
23289,9932318,PARKSIDE,PURITAN,2017-01-21,21,1,2017,12,7,8,9,,,3,,1,1,1,25,2,2,0,5,0,0,0,0,true,,false,false,true,false,false,,,,,,false,false,false,,,false,false,false,false,false,-83.13135,42.4109,"{
  ""coordinates"": [
    -8.313134528499999e+01,
    4.241089519700010e+01
  ],
  ""type"": ""Point""
}","{
  ""coordinates"": [
    -83.131345285,
    42.410895197
  ],
  ""type"": ""Point""
}",-83.131345285,42.4108951970001
23290,9930659,WYOMING,MACKENZIE,2017-01-21,21,1,2017,14,7,4,9,,4,0,,1,1,1,25,2,2,2,5,0,0,0,0,true,,false,false,false,false,false,,,,,,false,true,false,,,false,false,false,false,false,-83.15779,42.35656,"{
  ""coordinates"": [
    -8.315779433400000e+01,
    4.235656075000000e+01
  ],
  ""type"": ""Point""
}","{
  ""coordinates"": [
    -83.157794334,
    42.35656075
  ],
  ""type"": ""Point""
}",-83.157794334,42.35656075
23291,9931596,W I 94,CADIEUX,2017-01-21,21,1,2017,22,7,8,1,,1,0,,97,1,4,50,6,2,16,5,0,0,0,0,true,,false,false,true,false,false,,,,,,false,true,false,,,false,false,false,false,false,-82.93733,42.41728,"{
  ""coordinates"": [
    -8.293732884900000e+01,
    4.241727641100000e+01
  ],
  ""type"": ""Point""
}","{
  ""coordinates"": [
    -82.937328849,
    42.417276411
  ],
  ""type"": ""Point""
}",-82.937328849,42.417276411
23292,9930669,GRAND,BEAUBIEN,2017-01-21,21,1,2017,23,7,1,9,,4,1,,1,1,4,30,3,1,1,5,0,0,0,0,true,,false,false,false,false,false,,,,,,false,false,true,,,false,false,false,false,false,-83.06693,42.37252,"{
  ""coordinates"": [
    -8.306692925100000e+01,
    4.237252285200000e+01
  ],
  ""type"": ""Point""
}","{
  ""coordinates"": [
    -83.066929251,
    42.372522852
  ],
  ""type"": ""Point""
}",-83.066929251,42.372522852
23293,9930654,PRAIRIE,WESTFIELD,2017-01-21,21,1,2017,4,7,5,9,,,0,,2,4,4,25,1,2,0,5,0,0,0,0,true,,false,false,true,false,false,,,,,,false,false,false,,,false,false,false,false,false,-83.143,42.36308,"{
  ""coordinates"": [
    -8.314299420400000e+01,
    4.236308178500010e+01
  ],
  ""type"": ""Point""
}","{
  ""coordinates"": [
    -83.142994204,
    42.363081785
  ],
  ""type"": ""Point""
}",-83.142994204,42.3630817850001
23294,9930747,LIVERNOIS,CHIPPEWA,2017-01-21,21,1,2017,12,7,5,9,,4,0,,1,1,1,35,2,2,5,5,0,0,0,0,true,,false,false,false,false,false,,,,,,false,true,false,,,false,false,false,false,false,-83.14175,42.44155,"{
  ""coordinates"": [
    -8.314175156999990e+01,
    4.244154911500000e+01
  ],
  ""type"": ""Point""
}","{
  ""coordinates"": [
    -83.14175157,
    42.441549115
  ],
  ""type"": ""Point""
}",-83.1417515699999,42.441549115
23295,9930736,VAN DYKE,7 MILE,2017-01-21,21,1,2017,18,7,5,3,,1,0,,1,3,4,35,5,2,2,5,0,0,0,0,true,,false,false,false,false,false,,,,,,false,false,false,,,false,false,false,false,false,-83.02424,42.4337,"{
  ""coordinates"": [
    -8.302424170099989e+01,
    4.243369953000010e+01
  ],
  ""type"": ""Point""
}","{
  ""coordinates"": [
    -83.024241701,
    42.43369953
  ],
  ""type"": ""Point""
}",-83.0242417009999,42.4336995300001
23296,9934058,FRENCH,SHOEMAKER,2017-01-21,21,1,2017,0,7,1,9,,4,1,,2,3,4,30,2,1,1,2,0,1,0,0,false,,false,false,false,false,false,,,,,,false,false,false,,,false,false,false,false,false,-82.99357,42.38905,"{
  ""coordinates"": [
    -8.299356774899999e+01,
    4.238905306800010e+01
  ],
  ""type"": ""Point""
}","{
  ""coordinates"": [
    -82.993567749,
    42.389053068
  ],
  ""type"": ""Point""
}",-82.993567749,42.3890530680001
23297,9949309,RIOPELLE,STATE FAIR,2017-01-21,21,1,2017,20,7,4,9,,,0,,1,1,5,25,1,2,4,2,0,1,0,0,false,,false,false,false,false,false,,,,,,false,false,false,,,false,false,false,false,false,-83.08677,42.44,"{
  ""coordinates"": [
    -8.308676960000000e+01,
    4.243999682200010e+01
  ],
  ""type"": ""Point""
}","{
  ""coordinates"": [
    -83.0867696,
    42.439996822
  ],
  ""type"": ""Point""
}",-83.0867696,42.4399968220001
23298,9933123,FORT,ROSA PARKS,2017-01-21,21,1,2017,12,7,10,3,,1,0,,1,1,1,0,5,2,1,5,0,0,0,0,true,,false,false,true,false,false,,,,,,false,false,false,,,false,false,false,false,false,-83.06669,42.32243,"{
  ""coordinates"": [
    -8.306668717900000e+01,
    4.232242624600010e+01
  ],
  ""type"": ""Point""
}","{
  ""coordinates"": [
    -83.066687179,
    42.322426246
  ],
  ""type"": ""Point""
}",-83.066687179,42.3224262460001
23299,9930751,BEAUBIEN,LAFAYETTE,2017-01-21,21,1,2017,16,7,10,9,,4,0,,2,1,1,25,2,2,4,5,0,0,0,0,true,,false,false,false,false,false,,,,,,false,false,true,,,false,false,false,false,false,-83.04191,42.33389,"{
  ""coordinates"": [
    -8.304190853800000e+01,
    4.233389006400010e+01
  ],
  ""type"": ""Point""
}","{
  ""coordinates"": [
    -83.041908538,
    42.333890064
  ],
  ""type"": ""Point""
}",-83.041908538,42.3338900640001
23300,9930665,GRISWOLD,LAFAYETTE,2017-01-21,21,1,2017,17,7,8,9,,4,0,,1,1,1,30,4,2,2,5,0,0,0,0,true,,false,false,false,false,false,,,,,,false,false,false,,,false,false,false,false,false,-83.04826,42.33168,"{
  ""coordinates"": [
    -8.304826715300000e+01,
    4.233168246400000e+01
  ],
  ""type"": ""Point""
}","{
  ""coordinates"": [
    -83.048267153,
    42.331682464
  ],
  ""type"": ""Point""
}",-83.048267153,42.331682464
23301,9931590,MELDRUM,LAFAYETTE,2017-01-21,21,1,2017,3,7,1,9,,,1,,1,1,5,25,1,1,0,5,0,0,0,0,true,,false,false,false,false,false,,,,,,false,false,false,,,false,false,false,false,false,-83.01101,42.34763,"{
  ""coordinates"": [
    -8.301101187899999e+01,
    4.234763105700010e+01
  ],
  ""type"": ""Point""
}","{
  ""coordinates"": [
    -83.011011879,
    42.347631057
  ],
  ""type"": ""Point""
}",-83.011011879,42.3476310570001
23302,9930744,S I 75,W M 8,2017-01-21,21,1,2017,0,7,8,1,,1,0,,2,3,4,55,4,2,2,4,0,0,0,2,false,,false,false,true,false,false,,,,,,false,false,false,,,false,false,false,false,false,-83.07964,42.40876,"{
  ""coordinates"": [
    -8.307963513000000e+01,
    4.240875721700010e+01
  ],
  ""type"": ""Point""
}","{
  ""coordinates"": [
    -83.07963513,
    42.408757217
  ],
  ""type"": ""Point""
}",-83.07963513,42.4087572170001
23303,9935371,PATTON,HESSEL,2017-01-21,21,1,2017,15,7,97,9,,,0,,1,1,1,25,2,2,0,5,0,0,0,0,true,,false,false,true,false,false,,,,,,false,false,false,,,false,false,false,false,false,-83.24535,42.44057,"{
  ""coordinates"": [
    -8.324535569400000e+01,
    4.244057054800000e+01
  ],
  ""type"": ""Point""
}","{
  ""coordinates"": [
    -83.245355694,
    42.440570548
  ],
  ""type"": ""Point""
}",-83.245355694,42.440570548
23304,9934037,M-10,WYOMING,2017-01-21,21,1,2017,2,7,1,3,,1,1,,2,3,4,55,3,1,1,5,0,0,0,0,true,,false,false,false,false,false,,,,,,false,false,false,,,false,false,false,false,false,-83.16162,42.40604,"{
  ""coordinates"": [
    -8.316162158000000e+01,
    4.240603560400010e+01
  ],
  ""type"": ""Point""
}","{
  ""coordinates"": [
    -83.16162158,
    42.406035604
  ],
  ""type"": ""Point""
}",-83.16162158,42.4060356040001
23305,9932312,DAVISON,EWALD,2017-01-21,21,1,2017,23,7,8,3,,1,0,,2,1,4,35,3,2,3,5,0,0,0,0,true,,false,false,false,false,false,,,,,,false,false,false,,,false,false,false,false,false,-83.14532,42.38641,"{
  ""coordinates"": [
    -8.314532379500000e+01,
    4.238641238800010e+01
  ],
  ""type"": ""Point""
}","{
  ""coordinates"": [
    -83.145323795,
    42.386412388
  ],
  ""type"": ""Point""
}",-83.145323795,42.3864123880001
23306,9930670,GRAND RIVER,N I 75,2017-01-21,21,1,2017,0,7,4,3,,1,0,,2,3,4,30,2,2,4,4,0,0,0,1,false,,true,true,false,false,false,,,,,,false,false,true,,,false,false,false,false,false,-83.05916,42.33651,"{
  ""coordinates"": [
    -8.305915958999999e+01,
    4.233650817300000e+01
  ],
  ""type"": ""Point""
}","{
  ""coordinates"": [
    -83.05915959,
    42.336508173
  ],
  ""type"": ""Point""
}",-83.05915959,42.336508173
23307,9930657,MEYERS,W I 96 CD,2017-01-21,21,1,2017,6,7,1,9,,4,0,,2,1,4,30,2,1,1,3,0,0,1,0,false,,false,false,false,false,false,,,,,,false,false,false,,,false,false,false,false,false,-83.1686,42.38544,"{
  ""coordinates"": [
    -8.316860383900000e+01,
    4.238544508600010e+01
  ],
  ""type"": ""Point""
}","{
  ""coordinates"": [
    -83.168603839,
    42.385445086
  ],
  ""type"": ""Point""
}",-83.168603839,42.3854450860001
23308,9935378,TIREMAN,FAUST,2017-01-21,21,1,2017,23,7,4,9,,4,0,,1,3,4,25,4,2,2,1,1,0,0,0,false,,true,false,true,false,false,,,,,,false,false,true,,,false,false,false,false,false,-83.22106,42.35056,"{
  ""coordinates"": [
    -8.322106350099990e+01,
    4.235055421500000e+01
  ],
  ""type"": ""Point""
}","{
  ""coordinates"": [
    -83.221063501,
    42.350554215
  ],
  ""type"": ""Point""
}",-83.2210635009999,42.350554215
23309,9930714,OUTER,GRAND RIVER,2017-01-21,21,1,2017,12,7,4,3,,2,0,,1,1,1,0,3,2,2,4,0,0,0,1,false,,true,true,false,false,false,,,,,,false,false,true,,,false,false,false,false,false,-83.23258,42.40646,"{
  ""coordinates"": [
    -8.323258477500001e+01,
    4.240645515600000e+01
  ],
  ""type"": ""Point""
}","{
  ""coordinates"": [
    -83.232584775,
    42.406455156
  ],
  ""type"": ""Point""
}",-83.232584775,42.406455156
23310,9930750,MCNICHOLS,ARDMORE,2017-01-21,21,1,2017,8,7,4,9,,2,0,,1,3,4,25,4,2,1,5,0,0,0,0,true,,false,false,true,false,false,,,,,,false,false,false,,,false,false,false,false,false,-83.1849,42.41653,"{
  ""coordinates"": [
    -8.318489632200000e+01,
    4.241653521100010e+01
  ],
  ""type"": ""Point""
}","{
  ""coordinates"": [
    -83.184896322,
    42.416535211
  ],
  ""type"": ""Point""
}",-83.184896322,42.4165352110001
23311,9932289,MICHIGAN,SHELBY,2017-01-21,21,1,2017,17,7,5,9,,4,0,,1,1,1,35,5,2,3,5,0,0,0,0,true,,false,false,true,false,false,,,,,,false,false,false,,,false,false,false,false,false,-83.04942,42.33168,"{
  ""coordinates"": [
    -8.304942389999999e+01,
    4.233167705600000e+01
  ],
  ""type"": ""Point""
}","{
  ""coordinates"": [
    -83.0494239,
    42.331677056
  ],
  ""type"": ""Point""
}",-83.0494239,42.331677056
23312,9930748,JAMES COUZENS,GRIGGS,2017-01-21,21,1,2017,2,7,5,9,,4,0,,1,3,4,30,3,2,2,3,0,0,1,0,false,,false,false,false,true,false,,,,,,false,false,true,,,false,false,false,false,false,-83.16323,42.40795,"{
  ""coordinates"": [
    -8.316323424300001e+01,
    4.240795040200000e+01
  ],
  ""type"": ""Point""
}","{
  ""coordinates"": [
    -83.163234243,
    42.407950402
  ],
  ""type"": ""Point""
}",-83.163234243,42.407950402