ObjectId,Crash ID,Primary Road,Intersecting Road,Crash Date,Day,Month,Year,Hour,Weekday,Crash Type Code,Highway Classification Code,Community Code,Jurisdiction Code,Lane Departure Type Code,Surface Type,Road Condition,Weather Condition,Lighting Condition,Speed Limit,Lanes,Units,Occupants,Most Severe Injury,Fatal Injuries,Suspected Serious Injuries,Suspected Minor Injuries,Possible Injuries,Property Damage Only,Secondary Crash,Traffic Control,Red Light Run,Hit and Run,Alcohol,Drugs,Unbelted Person,Work Zone,Speeding Driver,Distracted Driver,Driveway,Pedestrian,Elderly Driver,Young Driver,Commercial Vehicle,Emergency Vehicles,Train,School Bus,Motorcycle,Bicycle,Deer,Longitude,Latitude,geom,geog,x,y
23370,9930652,CHEYENNE,BELTON,2017-01-20,20,1,2017,18,6,5,9,,,3,,2,4,3,25,2,3,1,5,0,0,0,0,true,,false,false,false,false,false,,,,,,false,true,false,,,false,false,false,false,false,-83.17382,42.35294,"{
  ""coordinates"": [
    -8.317382281399991e+01,
    4.235294144500010e+01
  ],
  ""type"": ""Point""
}","{
  ""coordinates"": [
    -83.173822814,
    42.352941445
  ],
  ""type"": ""Point""
}",-83.1738228139999,42.3529414450001
23371,9930677,LIVERNOIS,OTIS,2017-01-20,20,1,2017,22,6,5,9,,4,0,,2,1,4,25,5,2,5,5,0,0,0,0,true,,false,false,false,false,false,,,,,,false,false,false,,,false,false,false,false,false,-83.11687,42.32635,"{
  ""coordinates"": [
    -8.311687277199999e+01,
    4.232635457300010e+01
  ],
  ""type"": ""Point""
}","{
  ""coordinates"": [
    -83.116872772,
    42.326354573
  ],
  ""type"": ""Point""
}",-83.116872772,42.3263545730001
23372,9930664,MARTIN LUTHER KING JR,LINCOLN,2017-01-20,20,1,2017,16,6,4,9,,4,0,,2,3,1,35,2,2,2,5,0,0,0,0,true,,true,false,false,false,false,,,,,,false,false,false,,,false,false,false,false,false,-83.07143,42.34231,"{
  ""coordinates"": [
    -8.307143589600000e+01,
    4.234230844900000e+01
  ],
  ""type"": ""Point""
}","{
  ""coordinates"": [
    -83.071435896,
    42.342308449
  ],
  ""type"": ""Point""
}",-83.071435896,42.342308449
23373,9930745,GREENFIELD,EIGHT MILE,2017-01-20,20,1,2017,17,6,5,7,,1,0,,1,1,1,35,4,5,8,4,0,0,0,2,false,,false,false,false,false,false,,,,,,false,true,true,,,false,true,false,false,false,-83.20052,42.44479,"{
  ""coordinates"": [
    -8.320051594900001e+01,
    4.244479375200010e+01
  ],
  ""type"": ""Point""
}","{
  ""coordinates"": [
    -83.200515949,
    42.444793752
  ],
  ""type"": ""Point""
}",-83.200515949,42.4447937520001
23374,9933127,MICHIGAN,MILITARY,2017-01-20,20,1,2017,8,6,4,2,,1,0,,2,4,1,35,7,2,1,5,0,0,0,0,true,,false,false,true,false,false,,,,,,false,false,false,,,false,false,false,false,false,-83.11887,42.33112,"{
  ""coordinates"": [
    -8.311887372599990e+01,
    4.233112406200010e+01
  ],
  ""type"": ""Point""
}","{
  ""coordinates"": [
    -83.118873726,
    42.331124062
  ],
  ""type"": ""Point""
}",-83.1188737259999,42.3311240620001
23375,9930706,LIVERNOIS,PEMBROKE,2017-01-20,20,1,2017,18,6,8,9,,4,0,,2,1,1,35,3,2,1,5,0,0,0,0,true,,false,false,false,false,false,,,,,,false,false,false,,,false,false,false,false,false,-83.14162,42.43857,"{
  ""coordinates"": [
    -8.314162480600000e+01,
    4.243856827400000e+01
  ],
  ""type"": ""Point""
}","{
  ""coordinates"": [
    -83.141624806,
    42.438568274
  ],
  ""type"": ""Point""
}",-83.141624806,42.438568274
23376,9984729,RUSSELL,ERSKINE,2017-01-20,20,1,2017,13,6,6,9,,4,0,,2,4,1,25,2,2,3,5,0,0,0,0,true,,false,false,false,false,false,,,,,,false,false,false,,,false,false,false,false,false,-83.04331,42.3505,"{
  ""coordinates"": [
    -8.304331451500001e+01,
    4.235050242300010e+01
  ],
  ""type"": ""Point""
}","{
  ""coordinates"": [
    -83.043314515,
    42.350502423
  ],
  ""type"": ""Point""
}",-83.043314515,42.3505024230001
23377,9933114,STOPEL,WESTFIELD,2017-01-20,20,1,2017,10,6,5,9,,,0,,1,1,1,25,3,2,2,5,0,0,0,0,true,,false,false,true,false,false,,,,,,false,true,false,,,false,false,false,false,false,-83.13972,42.36395,"{
  ""coordinates"": [
    -8.313972632699991e+01,
    4.236394648700010e+01
  ],
  ""type"": ""Point""
}","{
  ""coordinates"": [
    -83.139726327,
    42.363946487
  ],
  ""type"": ""Point""
}",-83.1397263269999,42.3639464870001
23378,9930653,SCHOOLCRAFT,ILENE,2017-01-20,20,1,2017,17,6,8,9,,4,0,,2,1,4,35,4,2,1,4,0,0,0,1,false,,false,false,true,false,false,,,,,,false,false,false,,,false,false,false,false,false,-83.16125,42.38845,"{
  ""coordinates"": [
    -8.316124708699989e+01,
    4.238845228000010e+01
  ],
  ""type"": ""Point""
}","{
  ""coordinates"": [
    -83.161247087,
    42.38845228
  ],
  ""type"": ""Point""
}",-83.1612470869999,42.3884522800001
23379,9933961,M 39,PURITAN,2017-01-20,20,1,2017,19,6,5,3,,1,0,,2,2,4,55,3,2,1,5,0,0,0,0,true,,false,false,true,false,false,,,,,,false,false,false,,,false,false,false,false,false,-83.21861,42.40971,"{
  ""coordinates"": [
    -8.321860834599990e+01,
    4.240971001200010e+01
  ],
  ""type"": ""Point""
}","{
  ""coordinates"": [
    -83.218608346,
    42.409710012
  ],
  ""type"": ""Point""
}",-83.2186083459999,42.4097100120001
23380,9930719,I 75,WARREN,2017-01-20,20,1,2017,18,6,5,1,,1,0,,2,4,4,70,4,2,3,5,0,0,0,0,true,,false,false,false,false,false,,,,,,false,false,false,,,false,false,false,false,false,-83.05454,42.36133,"{
  ""coordinates"": [
    -8.305454181000000e+01,
    4.236133120100000e+01
  ],
  ""type"": ""Point""
}","{
  ""coordinates"": [
    -83.05454181,
    42.361331201
  ],
  ""type"": ""Point""
}",-83.05454181,42.361331201
23381,9930702,SOUTHFIELD SERVICE DRIVE,7 MILE,2017-01-20,20,1,2017,18,6,97,9,,4,0,,2,2,3,35,2,2,2,5,0,0,0,0,true,,true,true,true,false,false,,,,,,false,false,false,,,false,false,false,false,false,-83.21889,42.43,"{
  ""coordinates"": [
    -8.321888866700000e+01,
    4.243000485900010e+01
  ],
  ""type"": ""Point""
}","{
  ""coordinates"": [
    -83.218888667,
    42.430004859
  ],
  ""type"": ""Point""
}",-83.218888667,42.4300048590001
23382,1063374,N I 75,7 MILE,2017-01-20,20,1,2017,7,6,8,1,,1,0,,2,4,2,60,4,2,2,5,0,0,0,0,true,,false,false,false,false,false,,,,,,false,true,true,,,false,false,false,false,false,-83.09464,42.43242,"{
  ""coordinates"": [
    -8.309464114399999e+01,
    4.243241819200010e+01
  ],
  ""type"": ""Point""
}","{
  ""coordinates"": [
    -83.094641144,
    42.432418192
  ],
  ""type"": ""Point""
}",-83.094641144,42.4324181920001
23383,9936610,RAMP 216J,I-94,2017-01-20,20,1,2017,16,6,5,1,,1,0,,2,2,1,55,2,2,2,4,0,0,0,1,false,,false,false,false,false,false,,,,,,false,false,false,,,false,false,false,false,false,-83.05637,42.36936,"{
  ""coordinates"": [
    -8.305637356499990e+01,
    4.236936058800010e+01
  ],
  ""type"": ""Point""
}","{
  ""coordinates"": [
    -83.056373565,
    42.369360588
  ],
  ""type"": ""Point""
}",-83.0563735649999,42.3693605880001
23384,9936633,N I 75,RAMP 216D,2017-01-20,20,1,2017,15,6,8,1,,1,0,,2,2,1,55,4,2,1,5,0,0,0,0,true,,false,false,true,false,false,,,,,,false,false,false,,,false,false,false,false,false,-83.05789,42.36845,"{
  ""coordinates"": [
    -8.305789107500000e+01,
    4.236845429600000e+01
  ],
  ""type"": ""Point""
}","{
  ""coordinates"": [
    -83.057891075,
    42.368454296
  ],
  ""type"": ""Point""
}",-83.057891075,42.368454296
23385,9934034,S M 10,S M 10 SERVICE DRIVE,2017-01-20,20,1,2017,21,6,5,3,,1,0,,2,1,4,55,3,3,3,5,0,0,0,0,true,,false,false,false,false,false,,,,,,false,false,false,,,false,false,false,false,false,-83.06658,42.33968,"{
  ""coordinates"": [
    -8.306658478299990e+01,
    4.233967458900000e+01
  ],
  ""type"": ""Point""
}","{
  ""coordinates"": [
    -83.066584783,
    42.339674589
  ],
  ""type"": ""Point""
}",-83.0665847829999,42.339674589
23386,9930692,MACK,ST JEAN,2017-01-20,20,1,2017,14,6,8,9,,4,0,,2,2,1,35,5,2,3,5,0,0,0,0,true,,false,false,true,false,false,,,,,,false,false,false,,,false,false,false,false,false,-82.97858,42.37914,"{
  ""coordinates"": [
    -8.297858253399990e+01,
    4.237914345000010e+01
  ],
  ""type"": ""Point""
}","{
  ""coordinates"": [
    -82.978582534,
    42.37914345
  ],
  ""type"": ""Point""
}",-82.9785825339999,42.3791434500001
23387,9930720,CHALMERS,E I 94,2017-01-20,20,1,2017,9,6,4,1,,4,0,,2,4,1,30,5,2,2,5,0,0,0,0,true,,true,true,false,false,false,,,,,,false,false,true,,,false,false,false,false,false,-82.96423,42.40374,"{
  ""coordinates"": [
    -8.296423154300000e+01,
    4.240373714800010e+01
  ],
  ""type"": ""Point""
}","{
  ""coordinates"": [
    -82.964231543,
    42.403737148
  ],
  ""type"": ""Point""
}",-82.964231543,42.4037371480001
23388,9930678,BUCHANAN,LOVETT,2017-01-20,20,1,2017,16,6,98,9,,4,0,,1,1,1,20,1,3,3,4,0,0,0,2,false,,false,false,false,false,false,,,,,,false,false,false,,,false,false,false,false,false,-83.10763,42.33782,"{
  ""coordinates"": [
    -8.310762695200000e+01,
    4.233782266800010e+01
  ],
  ""type"": ""Point""
}","{
  ""coordinates"": [
    -83.107626952,
    42.337822668
  ],
  ""type"": ""Point""
}",-83.107626952,42.3378226680001
23389,9930709,BRETTON,FENKELL,2017-01-20,20,1,2017,7,6,9,3,,,0,,2,4,2,35,8,2,4,3,0,0,3,0,false,,true,true,false,false,false,,,,,,false,false,true,,,false,false,false,false,false,-83.2193,42.4011,"{
  ""coordinates"": [
    -8.321930308100001e+01,
    4.240110572900010e+01
  ],
  ""type"": ""Point""
}","{
  ""coordinates"": [
    -83.219303081,
    42.401105729
  ],
  ""type"": ""Point""
}",-83.219303081,42.4011057290001
23390,9930725,DICKERSON,HARPER,2017-01-20,20,1,2017,7,6,97,9,,4,0,,2,1,4,25,2,2,1,5,0,0,0,0,true,,false,false,true,false,false,,,,,,false,false,false,,,false,false,false,false,false,-82.97337,42.40209,"{
  ""coordinates"": [
    -8.297336533299990e+01,
    4.240209262200010e+01
  ],
  ""type"": ""Point""
}","{
  ""coordinates"": [
    -82.973365333,
    42.402092622
  ],
  ""type"": ""Point""
}",-82.9733653329999,42.4020926220001
23391,9930704,CHICAGO,PENROD,2017-01-20,20,1,2017,17,6,4,9,,4,0,,2,2,3,30,2,2,2,5,0,0,0,0,true,,false,false,false,false,false,,,,,,false,true,false,,,false,false,false,false,false,-83.22029,42.365,"{
  ""coordinates"": [
    -8.322028797300000e+01,
    4.236500132500000e+01
  ],
  ""type"": ""Point""
}","{
  ""coordinates"": [
    -83.220287973,
    42.365001325
  ],
  ""type"": ""Point""
}",-83.220287973,42.365001325
23392,9930662,S I 375 SERVICE DRIVE,LAFAYETTE,2017-01-20,20,1,2017,10,6,5,9,,4,0,,2,4,1,55,1,2,2,4,0,0,0,1,false,,false,false,false,false,false,,,,,,false,false,true,,,false,false,false,false,false,-83.03841,42.33557,"{
  ""coordinates"": [
    -8.303840363599990e+01,
    4.233557022200010e+01
  ],
  ""type"": ""Point""
}","{
  ""coordinates"": [
    -83.038403636,
    42.335570222
  ],
  ""type"": ""Point""
}",-83.0384036359999,42.3355702220001
23393,9932279,N M 10,VASSAR,2017-01-20,20,1,2017,18,6,5,3,,1,0,,1,1,4,55,3,2,2,5,0,0,0,0,true,,false,false,false,false,false,,,,,,false,false,false,,,false,false,false,false,false,-83.19013,42.43399,"{
  ""coordinates"": [
    -8.319013446799990e+01,
    4.243398641800010e+01
  ],
  ""type"": ""Point""
}","{
  ""coordinates"": [
    -83.190134468,
    42.433986418
  ],
  ""type"": ""Point""
}",-83.1901344679999,42.4339864180001
23394,9936621,E I 94,W I 96,2017-01-20,20,1,2017,16,6,5,1,,1,0,,2,1,1,55,3,3,3,5,0,0,0,0,true,,false,false,false,false,false,,,,,,false,false,false,,,false,false,false,false,false,-83.09885,42.35019,"{
  ""coordinates"": [
    -8.309884538700000e+01,
    4.235018731700010e+01
  ],
  ""type"": ""Point""
}","{
  ""coordinates"": [
    -83.098845387,
    42.350187317
  ],
  ""type"": ""Point""
}",-83.098845387,42.3501873170001
23395,9930728,COLLINGWOOD,LA SALLE,2017-01-20,20,1,2017,7,6,97,9,,,0,,2,4,1,25,4,2,1,2,0,1,0,0,false,,false,false,true,false,false,,,,,,true,false,false,,,false,false,false,false,false,-83.10906,42.38202,"{
  ""coordinates"": [
    -8.310905895900000e+01,
    4.238201965700010e+01
  ],
  ""type"": ""Point""
}","{
  ""coordinates"": [
    -83.109058959,
    42.382019657
  ],
  ""type"": ""Point""
}",-83.109058959,42.3820196570001
23396,9930740,MCNICHOLS,GRIGGS,2017-01-20,20,1,2017,10,6,97,9,,2,0,,2,4,1,35,4,2,2,5,0,0,0,0,true,,false,false,false,false,false,,,,,,false,true,false,,,false,false,false,false,false,-83.16386,42.41684,"{
  ""coordinates"": [
    -8.316385482800000e+01,
    4.241683876900000e+01
  ],
  ""type"": ""Point""
}","{
  ""coordinates"": [
    -83.163854828,
    42.416838769
  ],
  ""type"": ""Point""
}",-83.163854828,42.416838769
23397,9933116,MICHIGAN,CLARK,2017-01-20,20,1,2017,12,6,3,2,,1,0,,2,4,1,35,2,2,2,4,0,0,0,2,false,,false,false,false,false,false,,,,,,false,true,false,,,false,false,false,false,false,-83.10234,42.3313,"{
  ""coordinates"": [
    -8.310234381200000e+01,
    4.233129801600010e+01
  ],
  ""type"": ""Point""
}","{
  ""coordinates"": [
    -83.102343812,
    42.331298016
  ],
  ""type"": ""Point""
}",-83.102343812,42.3312980160001
23398,9930667,WOODWARD,JEFFERSON,2017-01-20,20,1,2017,21,6,98,3,,4,0,,1,1,4,35,3,2,2,5,0,0,0,0,true,,false,false,false,false,false,,,,,,false,false,false,,,false,false,false,false,false,-83.0444,42.3287,"{
  ""coordinates"": [
    -8.304440409300000e+01,
    4.232870369700000e+01
  ],
  ""type"": ""Point""
}","{
  ""coordinates"": [
    -83.044404093,
    42.328703697
  ],
  ""type"": ""Point""
}",-83.044404093,42.328703697
23399,9930701,N M 39,CIRCLE,2017-01-20,20,1,2017,16,6,97,3,,1,0,,2,2,1,55,6,2,2,5,0,0,0,0,true,,false,false,false,false,false,,,,,,false,false,false,,,false,false,false,false,false,-83.21966,42.44315,"{
  ""coordinates"": [
    -8.321965514199999e+01,
    4.244314914700000e+01
  ],
  ""type"": ""Point""
}","{
  ""coordinates"": [
    -83.219655142,
    42.443149147
  ],
  ""type"": ""Point""
}",-83.219655142,42.443149147
23400,9930705,WARREN,RUTLAND,2017-01-20,20,1,2017,15,6,5,9,,2,0,,2,1,1,35,4,3,4,4,0,0,0,2,false,,false,false,false,false,false,,,,,,false,true,true,,,false,false,false,false,false,-83.21254,42.34343,"{
  ""coordinates"": [
    -8.321254139000000e+01,
    4.234343426400010e+01
  ],
  ""type"": ""Point""
}","{
  ""coordinates"": [
    -83.21254139,
    42.343434264
  ],
  ""type"": ""Point""
}",-83.21254139,42.3434342640001
23401,9930741,HUBBELL,OUTER,2017-01-20,20,1,2017,11,6,2,9,,4,2,,2,4,1,30,2,2,1,4,0,0,0,1,false,,false,false,false,false,false,,,,,,false,false,false,,,false,false,false,false,false,-83.18965,42.42037,"{
  ""coordinates"": [
    -8.318965500800000e+01,
    4.242036680000010e+01
  ],
  ""type"": ""Point""
}","{
  ""coordinates"": [
    -83.189655008,
    42.4203668
  ],
  ""type"": ""Point""
}",-83.189655008,42.4203668000001
23402,9930743,WYOMING,7 MILE,2017-01-20,20,1,2017,7,6,8,9,,4,0,,2,4,1,30,2,2,1,5,0,0,0,0,true,,false,false,true,false,false,,,,,,false,true,false,,,false,false,false,false,false,-83.16097,42.43108,"{
  ""coordinates"": [
    -8.316096963299999e+01,
    4.243107954400010e+01
  ],
  ""type"": ""Point""
}","{
  ""coordinates"": [
    -83.160969633,
    42.431079544
  ],
  ""type"": ""Point""
}",-83.160969633,42.4310795440001
23403,1303531,SANTA CLARA,SAN JUAN,2017-01-20,20,1,2017,20,6,5,9,,,0,,1,1,4,25,1,2,0,5,0,0,0,0,true,,false,false,true,false,false,,,,,,false,false,false,,,false,false,false,false,false,-83.14674,42.42076,"{
  ""coordinates"": [
    -8.314673454699989e+01,
    4.242075715900010e+01
  ],
  ""type"": ""Point""
}","{
  ""coordinates"": [
    -83.146734547,
    42.420757159
  ],
  ""type"": ""Point""
}",-83.1467345469999,42.4207571590001
23404,9950383,DIX,LONYO,2017-01-20,20,1,2017,12,6,3,9,,2,0,,2,4,1,25,4,2,2,5,0,0,0,0,true,,false,false,false,false,false,,,,,,false,false,false,,,false,false,false,false,false,-83.13438,42.31656,"{
  ""coordinates"": [
    -8.313437826300000e+01,
    4.231655903100010e+01
  ],
  ""type"": ""Point""
}","{
  ""coordinates"": [
    -83.134378263,
    42.316559031
  ],
  ""type"": ""Point""
}",-83.134378263,42.3165590310001
23405,9934013,N M 10,LIVERNOIS,2017-01-20,20,1,2017,22,6,1,3,,1,1,,1,1,1,55,3,1,2,5,0,0,0,0,true,,false,false,false,false,false,,,,,,false,false,false,,,false,false,false,false,false,-83.1402,42.40496,"{
  ""coordinates"": [
    -8.314019567799990e+01,
    4.240496384900010e+01
  ],
  ""type"": ""Point""
}","{
  ""coordinates"": [
    -83.140195678,
    42.404963849
  ],
  ""type"": ""Point""
}",-83.1401956779999,42.4049638490001
23406,9953365,JEFFERSON,WOODWARD,2017-01-20,20,1,2017,21,6,98,3,,1,0,,2,4,5,25,2,2,2,5,0,0,0,0,true,,false,false,true,false,false,,,,,,false,false,true,,,false,false,false,false,false,-83.04475,42.32876,"{
  ""coordinates"": [
    -8.304474726799999e+01,
    4.232876353700000e+01
  ],
  ""type"": ""Point""
}","{
  ""coordinates"": [
    -83.044747268,
    42.328763537
  ],
  ""type"": ""Point""
}",-83.044747268,42.328763537
23407,9930721,KELLY,FLANDERS,2017-01-20,20,1,2017,10,6,1,9,,4,0,,98,98,98,30,3,1,0,5,0,0,0,0,true,,false,false,true,false,false,,,,,,false,false,false,,,false,false,false,false,false,-82.9641,42.41996,"{
  ""coordinates"": [
    -8.296410088700000e+01,
    4.241996296500000e+01
  ],
  ""type"": ""Point""
}","{
  ""coordinates"": [
    -82.964100887,
    42.419962965
  ],
  ""type"": ""Point""
}",-82.964100887,42.419962965
23408,9930650,MARLOWE,KEELER,2017-01-20,20,1,2017,12,6,4,9,,,0,,2,4,1,25,2,2,2,4,0,0,0,1,false,,false,false,true,false,false,,,,,,false,false,false,,,false,false,false,false,false,-83.19016,42.40359,"{
  ""coordinates"": [
    -8.319015752699990e+01,
    4.240359326900010e+01
  ],
  ""type"": ""Point""
}","{
  ""coordinates"": [
    -83.190157527,
    42.403593269
  ],
  ""type"": ""Point""
}",-83.1901575269999,42.4035932690001
23409,9930660,ROSA PARKS,WARREN,2017-01-20,20,1,2017,8,6,8,9,,4,0,,2,4,1,0,6,2,3,5,0,0,0,0,true,,false,false,false,false,false,,,,,,false,false,false,,,false,false,false,false,false,-83.08285,42.3505,"{
  ""coordinates"": [
    -8.308284407600000e+01,
    4.235049820600010e+01
  ],
  ""type"": ""Point""
}","{
  ""coordinates"": [
    -83.082844076,
    42.350498206
  ],
  ""type"": ""Point""
}",-83.082844076,42.3504982060001
23410,9956711,N I 75,WARREN,2017-01-20,20,1,2017,2,6,1,1,,1,1,,1,1,4,70,5,1,1,1,1,0,0,0,false,,false,false,false,false,false,,,,,,false,false,false,,,false,false,false,false,false,-83.0545,42.36126,"{
  ""coordinates"": [
    -8.305450402500000e+01,
    4.236126434900010e+01
  ],
  ""type"": ""Point""
}","{
  ""coordinates"": [
    -83.054504025,
    42.361264349
  ],
  ""type"": ""Point""
}",-83.054504025,42.3612643490001
23411,9930717,7 MILE,HOOVER,2017-01-20,20,1,2017,14,6,8,3,,4,0,,2,4,1,0,1,2,2,5,0,0,0,0,true,,false,false,false,false,false,,,,,,false,false,false,,,false,false,false,false,false,-83.00442,42.43444,"{
  ""coordinates"": [
    -8.300441625099999e+01,
    4.243444095000010e+01
  ],
  ""type"": ""Point""
}","{
  ""coordinates"": [
    -83.004416251,
    42.43444095
  ],
  ""type"": ""Point""
}",-83.004416251,42.4344409500001
23412,9934062,E I 94,CONNER,2017-01-20,20,1,2017,17,6,8,1,,1,0,,2,3,4,25,1,2,7,5,0,0,0,0,true,,false,false,false,false,false,,,,,,false,false,false,,,false,false,false,false,false,-82.98796,42.3963,"{
  ""coordinates"": [
    -8.298796401300000e+01,
    4.239629601300000e+01
  ],
  ""type"": ""Point""
}","{
  ""coordinates"": [
    -82.987964013,
    42.396296013
  ],
  ""type"": ""Point""
}",-82.987964013,42.396296013
23413,9933128,CASPER,PANAMA,2017-01-20,20,1,2017,10,6,97,9,,,0,,2,4,1,25,3,2,3,5,0,0,0,0,true,,false,false,false,false,false,,,,,,false,false,false,,,false,false,false,false,false,-83.14047,42.33366,"{
  ""coordinates"": [
    -8.314047366100000e+01,
    4.233365690200000e+01
  ],
  ""type"": ""Point""
}","{
  ""coordinates"": [
    -83.140473661,
    42.333656902
  ],
  ""type"": ""Point""
}",-83.140473661,42.333656902
23414,1019503,7 MILE,DEAN,2017-01-20,20,1,2017,18,6,2,9,,4,0,,2,4,4,0,2,2,2,5,0,0,0,0,true,,false,false,true,false,false,,,,,,false,false,false,,,false,false,false,false,false,-83.06179,42.43317,"{
  ""coordinates"": [
    -8.306178719499999e+01,
    4.243316616600000e+01
  ],
  ""type"": ""Point""
}","{
  ""coordinates"": [
    -83.061787195,
    42.433166166
  ],
  ""type"": ""Point""
}",-83.061787195,42.433166166
23415,9942985,CABOT,MICHIGAN,2017-01-19,19,1,2017,4,5,97,2,,,3,,1,1,4,25,2,3,0,5,0,0,0,0,true,,false,false,true,false,false,,,,,,false,false,false,,,false,false,false,false,false,-83.14928,42.32934,"{
  ""coordinates"": [
    -8.314928219699991e+01,
    4.232934129200000e+01
  ],
  ""type"": ""Point""
}","{
  ""coordinates"": [
    -83.149282197,
    42.329341292
  ],
  ""type"": ""Point""
}",-83.1492821969999,42.329341292
23416,9929432,WOODWARD,MILWAUKEE,2017-01-19,19,1,2017,15,5,4,3,,1,0,,1,1,1,30,4,2,1,5,0,0,0,0,true,,true,true,true,false,false,,,,,,false,true,false,,,false,false,false,false,false,-83.07256,42.36913,"{
  ""coordinates"": [
    -8.307256638000000e+01,
    4.236912475200010e+01
  ],
  ""type"": ""Point""
}","{
  ""coordinates"": [
    -83.07256638,
    42.369124752
  ],
  ""type"": ""Point""
}",-83.07256638,42.3691247520001
23417,9929454,PURITAN,WYOMING,2017-01-19,19,1,2017,13,5,3,9,,4,0,,1,1,1,30,3,2,3,4,0,0,0,2,false,,false,false,false,false,false,,,,,,false,true,false,,,false,false,false,false,false,-83.16,42.40971,"{
  ""coordinates"": [
    -8.315999912900000e+01,
    4.240971306100000e+01
  ],
  ""type"": ""Point""
}","{
  ""coordinates"": [
    -83.159999129,
    42.409713061
  ],
  ""type"": ""Point""
}",-83.159999129,42.409713061
23418,9930693,HOUGHTON,PEMBROKE,2017-01-19,19,1,2017,11,5,4,9,,,0,,1,1,1,25,2,2,1,5,0,0,0,0,true,,false,false,false,false,false,,,,,,false,false,false,,,false,false,false,false,false,-83.26109,42.43605,"{
  ""coordinates"": [
    -8.326109193900000e+01,
    4.243605124800010e+01
  ],
  ""type"": ""Point""
}","{
  ""coordinates"": [
    -83.261091939,
    42.436051248
  ],
  ""type"": ""Point""
}",-83.261091939,42.4360512480001
23419,9935394,FENKELL,WYOMING,2017-01-19,19,1,2017,13,5,4,9,,4,0,,1,1,1,35,5,2,2,5,0,0,0,0,true,,false,false,false,false,false,,,,,,false,false,false,,,false,false,false,false,false,-83.15951,42.40252,"{
  ""coordinates"": [
    -8.315950728599999e+01,
    4.240252409300010e+01
  ],
  ""type"": ""Point""
}","{
  ""coordinates"": [
    -83.159507286,
    42.402524093
  ],
  ""type"": ""Point""
}",-83.159507286,42.4025240930001
23420,9929445,N I 75 SERVICE DRIVE,WARREN,2017-01-19,19,1,2017,16,5,5,9,,4,0,,1,2,1,30,8,2,3,5,0,0,0,0,true,,false,false,false,false,false,,,,,,false,false,false,,,false,false,false,false,false,-83.0538,42.36096,"{
  ""coordinates"": [
    -8.305380223000000e+01,
    4.236095939500010e+01
  ],
  ""type"": ""Point""
}","{
  ""coordinates"": [
    -83.05380223,
    42.360959395
  ],
  ""type"": ""Point""
}",-83.05380223,42.3609593950001
23421,9933161,CASS,CANFIELD,2017-01-19,19,1,2017,14,5,5,9,,4,0,,1,2,1,25,4,2,2,4,0,0,0,1,false,,false,false,false,false,false,,,,,,false,false,false,,,false,false,false,false,false,-83.06415,42.3516,"{
  ""coordinates"": [
    -8.306414519600000e+01,
    4.235160236400000e+01
  ],
  ""type"": ""Point""
}","{
  ""coordinates"": [
    -83.064145196,
    42.351602364
  ],
  ""type"": ""Point""
}",-83.064145196,42.351602364
23422,9930673,LIVERNOIS,JOHN KRONK,2017-01-19,19,1,2017,20,5,1,9,,4,1,,1,2,4,35,7,1,1,4,0,0,0,1,false,,false,false,false,false,false,,,,,,false,false,true,,,false,false,false,false,false,-83.11485,42.32358,"{
  ""coordinates"": [
    -8.311485319699990e+01,
    4.232357645700010e+01
  ],
  ""type"": ""Point""
}","{
  ""coordinates"": [
    -83.114853197,
    42.323576457
  ],
  ""type"": ""Point""
}",-83.1148531969999,42.3235764570001
23423,9929434,14TH,GRAND RIVER,2017-01-19,19,1,2017,11,5,8,3,,4,0,,1,2,1,30,3,2,4,5,0,0,0,0,true,,false,false,false,false,false,,,,,,false,false,false,,,false,false,false,false,false,-83.08544,42.34705,"{
  ""coordinates"": [
    -8.308544023300000e+01,
    4.234704836400000e+01
  ],
  ""type"": ""Point""
}","{
  ""coordinates"": [
    -83.085440233,
    42.347048364
  ],
  ""type"": ""Point""
}",-83.085440233,42.347048364
23424,1284567,JEFFERSON,BRUSH,2017-01-19,19,1,2017,18,5,5,4,,1,0,,2,1,4,25,4,2,2,4,0,0,0,1,false,,false,false,false,false,false,,,,,,false,false,false,,,false,false,false,false,false,-83.04071,42.33051,"{
  ""coordinates"": [
    -8.304071323999990e+01,
    4.233050463500010e+01
  ],
  ""type"": ""Point""
}","{
  ""coordinates"": [
    -83.04071324,
    42.330504635
  ],
  ""type"": ""Point""
}",-83.0407132399999,42.3305046350001
23425,9929426,MCNICHOLS,ROBSON,2017-01-19,19,1,2017,15,5,5,9,,2,0,,1,1,1,35,4,2,2,5,0,0,0,0,true,,false,false,false,false,false,,,,,,false,false,false,,,false,false,false,false,false,-83.19343,42.41627,"{
  ""coordinates"": [
    -8.319342567900000e+01,
    4.241627275600010e+01
  ],
  ""type"": ""Point""
}","{
  ""coordinates"": [
    -83.193425679,
    42.416272756
  ],
  ""type"": ""Point""
}",-83.193425679,42.4162727560001
23426,1043153,FENKELL,PREST,2017-01-19,19,1,2017,22,5,9,9,,2,2,,1,1,4,35,2,2,2,5,0,0,0,0,true,,false,false,true,false,false,,,,,,false,false,false,,,false,false,false,false,false,-83.19781,42.40154,"{
  ""coordinates"": [
    -8.319780467600000e+01,
    4.240154411900010e+01
  ],
  ""type"": ""Point""
}","{
  ""coordinates"": [
    -83.197804676,
    42.401544119
  ],
  ""type"": ""Point""
}",-83.197804676,42.4015441190001