ObjectId,Crash ID,Primary Road,Intersecting Road,Crash Date,Day,Month,Year,Hour,Weekday,Crash Type Code,Highway Classification Code,Community Code,Jurisdiction Code,Lane Departure Type Code,Surface Type,Road Condition,Weather Condition,Lighting Condition,Speed Limit,Lanes,Units,Occupants,Most Severe Injury,Fatal Injuries,Suspected Serious Injuries,Suspected Minor Injuries,Possible Injuries,Property Damage Only,Secondary Crash,Traffic Control,Red Light Run,Hit and Run,Alcohol,Drugs,Unbelted Person,Work Zone,Speeding Driver,Distracted Driver,Driveway,Pedestrian,Elderly Driver,Young Driver,Commercial Vehicle,Emergency Vehicles,Train,School Bus,Motorcycle,Bicycle,Deer,Longitude,Latitude,geom,geog,x,y
23598,9928365,MCNICHOLS,FRENCH,2017-01-16,16,1,2017,3,2,1,9,,4,0,,1,1,3,30,4,1,0,5,0,0,0,0,true,,false,false,false,false,false,,,,,,false,false,false,,,false,false,false,false,false,-83.01945,42.41957,"{
  ""coordinates"": [
    -8.301944840399990e+01,
    4.241956541600010e+01
  ],
  ""type"": ""Point""
}","{
  ""coordinates"": [
    -83.019448404,
    42.419565416
  ],
  ""type"": ""Point""
}",-83.0194484039999,42.4195654160001
23599,9928386,COMMONWEALTH,MERRICK,2017-01-16,16,1,2017,15,2,8,9,,,0,,2,4,4,25,2,2,1,5,0,0,0,0,true,,false,false,true,false,false,,,,,,false,false,false,,,false,false,false,false,false,-83.08118,42.35414,"{
  ""coordinates"": [
    -8.308118502900000e+01,
    4.235414307400000e+01
  ],
  ""type"": ""Point""
}","{
  ""coordinates"": [
    -83.081185029,
    42.354143074
  ],
  ""type"": ""Point""
}",-83.081185029,42.354143074
23600,9927413,I-75,SCHAEFER,2017-01-16,16,1,2017,7,2,8,1,,1,0,,3,1,4,70,4,2,1,5,0,0,0,0,true,,false,false,true,false,false,,,,,,false,false,false,,,false,false,false,false,false,-83.14932,42.2819,"{
  ""coordinates"": [
    -8.314932415299999e+01,
    4.228190242200000e+01
  ],
  ""type"": ""Point""
}","{
  ""coordinates"": [
    -83.149324153,
    42.281902422
  ],
  ""type"": ""Point""
}",-83.149324153,42.281902422
23601,9926379,8 MILE,VEACH,2017-01-16,16,1,2017,17,2,8,3,,1,0,,2,4,4,35,4,2,3,5,0,0,0,0,true,,false,false,false,false,false,,,,,,false,false,true,,,false,false,false,false,false,-83.01852,42.44834,"{
  ""coordinates"": [
    -8.301852736300000e+01,
    4.244834274200010e+01
  ],
  ""type"": ""Point""
}","{
  ""coordinates"": [
    -83.018527363,
    42.448342742
  ],
  ""type"": ""Point""
}",-83.018527363,42.4483427420001
23602,9989391,I 94,WARREN,2017-01-16,16,1,2017,16,2,8,1,,1,0,,2,4,1,0,3,2,1,5,0,0,0,0,true,,false,false,false,false,false,,,,,,false,false,true,,,false,false,false,false,false,-83.11394,42.34428,"{
  ""coordinates"": [
    -8.311393638899990e+01,
    4.234428220400010e+01
  ],
  ""type"": ""Point""
}","{
  ""coordinates"": [
    -83.113936389,
    42.344282204
  ],
  ""type"": ""Point""
}",-83.1139363889999,42.3442822040001
23603,9950401,WAYBURN,WAVENEY,2017-01-16,16,1,2017,16,2,4,9,,,0,,2,4,1,25,2,2,2,5,0,0,0,0,true,,false,false,true,false,false,,,,,,false,false,false,,,false,false,false,false,false,-82.95011,42.39262,"{
  ""coordinates"": [
    -8.295011404699990e+01,
    4.239262324300010e+01
  ],
  ""type"": ""Point""
}","{
  ""coordinates"": [
    -82.950114047,
    42.392623243
  ],
  ""type"": ""Point""
}",-82.9501140469999,42.3926232430001
23604,9928359,7 MILE,S I 75 SERVICE DRIVE,2017-01-16,16,1,2017,14,2,4,9,,4,0,,2,3,1,0,4,2,2,5,0,0,0,0,true,,true,true,false,false,false,,,,,,false,false,false,,,false,false,false,false,false,-83.09531,42.43246,"{
  ""coordinates"": [
    -8.309530992500000e+01,
    4.243246534300000e+01
  ],
  ""type"": ""Point""
}","{
  ""coordinates"": [
    -83.095309925,
    42.432465343
  ],
  ""type"": ""Point""
}",-83.095309925,42.432465343
23605,9926354,CHICAGO,STOUT,2017-01-16,16,1,2017,14,2,4,9,,4,0,,2,4,1,0,2,2,1,5,0,0,0,0,true,,false,false,true,false,false,,,,,,false,false,false,,,false,false,false,false,false,-83.24009,42.36464,"{
  ""coordinates"": [
    -8.324008793900001e+01,
    4.236464248200010e+01
  ],
  ""type"": ""Point""
}","{
  ""coordinates"": [
    -83.240087939,
    42.364642482
  ],
  ""type"": ""Point""
}",-83.240087939,42.3646424820001
23606,9929409,I-75,DEARBORN,2017-01-16,16,1,2017,5,2,1,1,,1,1,,3,2,5,70,4,1,1,5,0,0,0,0,true,,false,false,false,false,false,,,,,,false,false,false,,,false,false,false,false,false,-83.12794,42.29283,"{
  ""coordinates"": [
    -8.312793469899999e+01,
    4.229282674400010e+01
  ],
  ""type"": ""Point""
}","{
  ""coordinates"": [
    -83.127934699,
    42.292826744
  ],
  ""type"": ""Point""
}",-83.127934699,42.2928267440001
23607,9934021,N I 75,RAMP 033B,2017-01-16,16,1,2017,8,2,1,1,,1,1,,3,1,2,70,4,1,1,3,0,0,1,0,false,,false,false,false,false,false,,,,,,false,false,false,,,false,false,false,false,false,-83.08585,42.31544,"{
  ""coordinates"": [
    -8.308585544399990e+01,
    4.231543672300010e+01
  ],
  ""type"": ""Point""
}","{
  ""coordinates"": [
    -83.085855444,
    42.315436723
  ],
  ""type"": ""Point""
}",-83.0858554439999,42.3154367230001
23608,9942426,KELLY,KELLY,2017-01-16,16,1,2017,14,2,8,3,,2,0,,2,7,1,35,2,2,3,5,0,0,0,0,true,,false,false,false,false,false,,,,,,false,false,false,,,false,false,false,false,false,-82.9409,42.45007,"{
  ""coordinates"": [
    -8.294089590300000e+01,
    4.245006594800000e+01
  ],
  ""type"": ""Point""
}","{
  ""coordinates"": [
    -82.940895903,
    42.450065948
  ],
  ""type"": ""Point""
}",-82.940895903,42.450065948
23609,9943637,MACK,WHITTIER,2017-01-16,16,1,2017,12,2,5,9,,2,0,,3,2,1,30,4,2,2,5,0,0,0,0,true,,false,false,true,false,false,,,,,,false,false,false,,,false,false,false,false,false,-82.92912,42.39219,"{
  ""coordinates"": [
    -8.292911773700000e+01,
    4.239219296000000e+01
  ],
  ""type"": ""Point""
}","{
  ""coordinates"": [
    -82.929117737,
    42.39219296
  ],
  ""type"": ""Point""
}",-82.929117737,42.39219296
23610,9930688,HARPER,DEVONSHIRE,2017-01-16,16,1,2017,12,2,4,9,,4,0,,3,7,1,30,2,2,3,5,0,0,0,0,true,,true,true,false,false,false,,,,,,false,false,true,,,false,false,false,false,false,-82.9469,42.40929,"{
  ""coordinates"": [
    -8.294690247100000e+01,
    4.240929563000000e+01
  ],
  ""type"": ""Point""
}","{
  ""coordinates"": [
    -82.946902471,
    42.40929563
  ],
  ""type"": ""Point""
}",-82.946902471,42.40929563
23611,9926372,MCNICHOLS,SOUTHFIELD SERVICE,2017-01-16,16,1,2017,16,2,5,9,,2,0,,2,4,1,35,5,2,2,5,0,0,0,0,true,,false,false,false,false,false,,,,,,false,true,false,,,false,false,false,false,false,-83.21825,42.41557,"{
  ""coordinates"": [
    -8.321825404099999e+01,
    4.241557228300010e+01
  ],
  ""type"": ""Point""
}","{
  ""coordinates"": [
    -83.218254041,
    42.415572283
  ],
  ""type"": ""Point""
}",-83.218254041,42.4155722830001
23612,9934022,I-94,JOHN R,2017-01-16,16,1,2017,11,2,1,1,,1,1,,1,2,1,55,3,1,2,5,0,0,0,0,true,,false,false,false,false,false,,,,,,false,false,true,,,false,false,false,false,false,-83.0677,42.36416,"{
  ""coordinates"": [
    -8.306770638400000e+01,
    4.236415926800000e+01
  ],
  ""type"": ""Point""
}","{
  ""coordinates"": [
    -83.067706384,
    42.364159268
  ],
  ""type"": ""Point""
}",-83.067706384,42.364159268
23613,9929419,RAMP 213I,W I 96,2017-01-16,16,1,2017,8,2,1,1,,1,1,,3,1,2,70,2,1,1,4,0,0,0,1,false,,false,false,false,false,false,,,,,,false,false,true,,,false,false,false,false,false,-83.09927,42.35054,"{
  ""coordinates"": [
    -8.309926788500000e+01,
    4.235054320700000e+01
  ],
  ""type"": ""Point""
}","{
  ""coordinates"": [
    -83.099267885,
    42.350543207
  ],
  ""type"": ""Point""
}",-83.099267885,42.350543207
23614,9930681,CHALMERS,FOREST,2017-01-16,16,1,2017,23,2,5,9,,4,0,,2,4,4,30,2,3,1,5,0,0,0,0,true,,false,false,false,true,false,,,,,,false,false,false,,,false,false,false,false,false,-82.95784,42.39391,"{
  ""coordinates"": [
    -8.295783790000000e+01,
    4.239391277100000e+01
  ],
  ""type"": ""Point""
}","{
  ""coordinates"": [
    -82.9578379,
    42.393912771
  ],
  ""type"": ""Point""
}",-82.9578379,42.393912771
23615,9928312,E M 8,RAMP 139F,2017-01-16,16,1,2017,17,2,1,3,,1,1,,2,2,4,55,3,1,2,4,0,0,0,2,false,,false,false,false,false,false,,,,,,false,false,true,,,false,false,false,false,false,-83.1527,42.38459,"{
  ""coordinates"": [
    -8.315270296800000e+01,
    4.238459406800010e+01
  ],
  ""type"": ""Point""
}","{
  ""coordinates"": [
    -83.152702968,
    42.384594068
  ],
  ""type"": ""Point""
}",-83.152702968,42.3845940680001
23616,9929422,ROSA PARKS,MICHIGAN,2017-01-16,16,1,2017,18,2,5,9,,4,0,,2,4,4,35,2,2,3,4,0,0,0,1,false,,false,false,false,false,false,,,,,,false,false,true,,,false,false,false,false,false,-83.07105,42.33013,"{
  ""coordinates"": [
    -8.307105039699999e+01,
    4.233013309100010e+01
  ],
  ""type"": ""Point""
}","{
  ""coordinates"": [
    -83.071050397,
    42.330133091
  ],
  ""type"": ""Point""
}",-83.071050397,42.3301330910001
23617,9926339,N/B I-75,MEADE,2017-01-16,16,1,2017,6,2,8,1,,1,0,,1,1,4,70,4,2,2,5,0,0,0,0,true,,false,false,false,false,false,,,,,,false,false,false,,,false,false,false,false,false,-83.075,42.40599,"{
  ""coordinates"": [
    -8.307500338299999e+01,
    4.240598938400010e+01
  ],
  ""type"": ""Point""
}","{
  ""coordinates"": [
    -83.075003383,
    42.405989384
  ],
  ""type"": ""Point""
}",-83.075003383,42.4059893840001
23618,9934035,S/B I-75,I-375,2017-01-16,16,1,2017,21,2,8,1,,1,0,,2,4,4,55,2,2,2,5,0,0,0,0,true,,false,false,true,false,false,,,,,,false,false,false,,,false,false,false,false,false,-83.04467,42.34512,"{
  ""coordinates"": [
    -8.304466985800001e+01,
    4.234511893200000e+01
  ],
  ""type"": ""Point""
}","{
  ""coordinates"": [
    -83.044669858,
    42.345118932
  ],
  ""type"": ""Point""
}",-83.044669858,42.345118932
23619,9932317,WYOMING,MCNICHOLS,2017-01-16,16,1,2017,17,2,97,9,,4,0,,2,1,4,35,2,3,6,4,0,0,0,2,false,,true,true,false,false,false,,,,,,false,true,true,,,false,false,false,false,false,-83.16032,42.41694,"{
  ""coordinates"": [
    -8.316031954499989e+01,
    4.241693820200000e+01
  ],
  ""type"": ""Point""
}","{
  ""coordinates"": [
    -83.160319545,
    42.416938202
  ],
  ""type"": ""Point""
}",-83.1603195449999,42.416938202
23620,9927426,RAMP 035H,RAMP 035E,2017-01-16,16,1,2017,7,2,4,1,,1,0,,3,1,1,35,1,2,3,5,0,0,0,0,true,,false,false,false,false,false,,,,,,false,false,false,,,false,false,false,false,false,-83.08334,42.32179,"{
  ""coordinates"": [
    -8.308333366700001e+01,
    4.232178855800000e+01
  ],
  ""type"": ""Point""
}","{
  ""coordinates"": [
    -83.083333667,
    42.321788558
  ],
  ""type"": ""Point""
}",-83.083333667,42.321788558
23621,9926341,LARNED,WOODWARD,2017-01-16,16,1,2017,16,2,8,9,,4,0,,2,4,3,25,4,2,2,5,0,0,0,0,true,,false,false,false,false,false,,,,,,false,false,false,,,false,false,false,false,false,-83.04562,42.32924,"{
  ""coordinates"": [
    -8.304561939900000e+01,
    4.232924420800000e+01
  ],
  ""type"": ""Point""
}","{
  ""coordinates"": [
    -83.045619399,
    42.329244208
  ],
  ""type"": ""Point""
}",-83.045619399,42.329244208
23622,9928329,S/B I 75,DEARBORN,2017-01-16,16,1,2017,7,2,8,1,,1,0,,3,1,5,55,4,3,3,5,0,0,0,0,true,,false,false,false,false,false,,,,,,false,false,false,,,false,false,false,false,false,-83.13551,42.28864,"{
  ""coordinates"": [
    -8.313550331300000e+01,
    4.228864442800010e+01
  ],
  ""type"": ""Point""
}","{
  ""coordinates"": [
    -83.135503313,
    42.288644428
  ],
  ""type"": ""Point""
}",-83.135503313,42.2886444280001
23623,9938325,RAMP 216E,RAMP 044B,2017-01-16,16,1,2017,2,2,8,1,,1,0,,1,1,4,25,1,2,2,5,0,0,0,0,true,,false,false,true,false,false,,,,,,false,false,false,,,false,false,false,false,false,-83.05516,42.36354,"{
  ""coordinates"": [
    -8.305515707099990e+01,
    4.236354089700010e+01
  ],
  ""type"": ""Point""
}","{
  ""coordinates"": [
    -83.055157071,
    42.363540897
  ],
  ""type"": ""Point""
}",-83.0551570709999,42.3635408970001
23624,9929449,TRINITY,CAMBRIDGE,2017-01-16,16,1,2017,17,2,9,9,,,0,,98,98,98,30,2,2,0,5,0,0,0,0,true,,false,false,true,false,false,,,,,,false,false,false,,,false,false,false,false,false,-83.2499,42.43099,"{
  ""coordinates"": [
    -8.324990154499990e+01,
    4.243099027500010e+01
  ],
  ""type"": ""Point""
}","{
  ""coordinates"": [
    -83.249901545,
    42.430990275
  ],
  ""type"": ""Point""
}",-83.2499015449999,42.4309902750001
23625,9928313,W I 96,GREENFIELD,2017-01-16,16,1,2017,18,2,1,1,,1,1,,2,4,4,55,3,1,2,3,0,0,1,1,false,,false,false,false,true,false,,,,,,false,false,false,,,false,false,false,false,false,-83.19637,42.37925,"{
  ""coordinates"": [
    -8.319637605900000e+01,
    4.237924930500000e+01
  ],
  ""type"": ""Point""
}","{
  ""coordinates"": [
    -83.196376059,
    42.379249305
  ],
  ""type"": ""Point""
}",-83.196376059,42.379249305
23626,9927457,PARKWOOD,PARKINSON,2017-01-16,16,1,2017,4,2,2,9,,,2,,1,1,4,25,2,2,1,5,0,0,0,0,true,,false,false,true,false,false,,,,,,false,true,false,,,false,false,false,false,false,-83.12899,42.32849,"{
  ""coordinates"": [
    -8.312898855799990e+01,
    4.232848774900000e+01
  ],
  ""type"": ""Point""
}","{
  ""coordinates"": [
    -83.128988558,
    42.328487749
  ],
  ""type"": ""Point""
}",-83.1289885579999,42.328487749
23627,9926340,W/B I-94,THIRD,2017-01-16,16,1,2017,11,2,5,1,,1,0,,2,2,1,55,3,2,3,2,0,1,0,1,false,,false,false,false,false,false,,,,,,false,false,true,,,false,false,false,false,false,-83.07432,42.36072,"{
  ""coordinates"": [
    -8.307431870900000e+01,
    4.236071984100000e+01
  ],
  ""type"": ""Point""
}","{
  ""coordinates"": [
    -83.074318709,
    42.360719841
  ],
  ""type"": ""Point""
}",-83.074318709,42.360719841
23628,9926368,CLARITA,CODDING,2017-01-16,16,1,2017,10,2,97,9,,,0,,2,2,1,0,1,2,3,5,0,0,0,0,true,,false,false,true,false,false,,,,,,true,false,true,,,false,false,false,false,false,-83.27177,42.42715,"{
  ""coordinates"": [
    -8.327176752799990e+01,
    4.242715570200010e+01
  ],
  ""type"": ""Point""
}","{
  ""coordinates"": [
    -83.271767528,
    42.427155702
  ],
  ""type"": ""Point""
}",-83.2717675279999,42.4271557020001
23629,9938364,GRATIOT,HELEN,2017-01-16,16,1,2017,11,2,8,3,,1,0,,2,8,1,35,4,2,3,5,0,0,0,0,true,,false,false,false,false,false,,,,,,false,false,true,,,false,false,false,false,false,-83.01953,42.37153,"{
  ""coordinates"": [
    -8.301952946499991e+01,
    4.237152922100010e+01
  ],
  ""type"": ""Point""
}","{
  ""coordinates"": [
    -83.019529465,
    42.371529221
  ],
  ""type"": ""Point""
}",-83.0195294649999,42.3715292210001
23630,9927404,I-75,DEARBORN,2017-01-16,16,1,2017,6,2,8,1,,1,3,,3,1,4,70,4,3,3,4,0,0,0,1,false,,false,false,false,false,false,,,,,,false,false,true,,,false,false,false,false,false,-83.12872,42.29204,"{
  ""coordinates"": [
    -8.312872238400000e+01,
    4.229203986500000e+01
  ],
  ""type"": ""Point""
}","{
  ""coordinates"": [
    -83.128722384,
    42.292039865
  ],
  ""type"": ""Point""
}",-83.128722384,42.292039865
23631,9926348,JEFFERSON,WOODWARD,2017-01-16,16,1,2017,9,2,1,3,,1,1,,3,2,1,25,1,1,1,5,0,0,0,0,true,,false,false,false,false,false,,,,,,false,false,false,,,false,false,false,false,false,-83.04476,42.32839,"{
  ""coordinates"": [
    -8.304476322499990e+01,
    4.232838892100010e+01
  ],
  ""type"": ""Point""
}","{
  ""coordinates"": [
    -83.044763225,
    42.328388921
  ],
  ""type"": ""Point""
}",-83.0447632249999,42.3283889210001
23632,9926378,7 MILE,DWYER,2017-01-16,16,1,2017,8,2,9,9,,4,0,,1,1,1,35,1,2,2,5,0,0,0,0,true,,false,false,false,false,false,,,,,,false,false,false,,,false,false,false,false,false,-83.04202,42.43361,"{
  ""coordinates"": [
    -8.304202592099990e+01,
    4.243361002900010e+01
  ],
  ""type"": ""Point""
}","{
  ""coordinates"": [
    -83.042025921,
    42.433610029
  ],
  ""type"": ""Point""
}",-83.0420259209999,42.4336100290001
23633,9926351,ARTESIAN,JOY,2017-01-16,16,1,2017,15,2,97,9,,,0,,2,4,1,25,3,2,0,5,0,0,0,0,true,,false,false,true,false,false,,,,,,false,false,false,,,false,false,false,false,false,-83.22622,42.35812,"{
  ""coordinates"": [
    -8.322621818000000e+01,
    4.235811940800010e+01
  ],
  ""type"": ""Point""
}","{
  ""coordinates"": [
    -83.22621818,
    42.358119408
  ],
  ""type"": ""Point""
}",-83.22621818,42.3581194080001
23634,9927458,GRATIOT,MOHICAN,2017-01-16,16,1,2017,19,2,3,3,,1,0,,2,4,4,35,7,2,1,4,0,0,0,1,false,,false,false,true,false,false,,,,,,false,false,false,,,false,false,false,false,false,-82.97078,42.44557,"{
  ""coordinates"": [
    -8.297077618199999e+01,
    4.244557130700010e+01
  ],
  ""type"": ""Point""
}","{
  ""coordinates"": [
    -82.970776182,
    42.445571307
  ],
  ""type"": ""Point""
}",-82.970776182,42.4455713070001
23635,9928358,7 MILE,ALBANY,2017-01-16,16,1,2017,8,2,3,9,,4,0,,1,1,1,25,2,2,1,5,0,0,0,0,true,,false,false,false,false,false,,,,,,false,false,false,,,false,false,false,false,false,-83.04498,42.43354,"{
  ""coordinates"": [
    -8.304498391800000e+01,
    4.243354329900010e+01
  ],
  ""type"": ""Point""
}","{
  ""coordinates"": [
    -83.044983918,
    42.433543299
  ],
  ""type"": ""Point""
}",-83.044983918,42.4335432990001
23636,9929401,I-75,DEARBORN,2017-01-16,16,1,2017,5,2,1,1,,1,1,,2,1,5,70,4,1,1,5,0,0,0,0,true,,false,false,false,false,false,,,,,,false,false,false,,,false,false,false,false,false,-83.12702,42.29427,"{
  ""coordinates"": [
    -8.312702384999990e+01,
    4.229426517300000e+01
  ],
  ""type"": ""Point""
}","{
  ""coordinates"": [
    -83.12702385,
    42.294265173
  ],
  ""type"": ""Point""
}",-83.1270238499999,42.294265173
23637,9928328,S/B I 75,DEARBORN,2017-01-16,16,1,2017,7,2,1,1,,1,1,,3,1,5,55,4,1,1,5,0,0,0,0,true,,false,false,false,false,false,,,,,,false,false,false,,,false,false,false,false,false,-83.13551,42.28864,"{
  ""coordinates"": [
    -8.313550331300000e+01,
    4.228864442800010e+01
  ],
  ""type"": ""Point""
}","{
  ""coordinates"": [
    -83.135503313,
    42.288644428
  ],
  ""type"": ""Point""
}",-83.135503313,42.2886444280001
23638,9929400,M-39,PURITAN,2017-01-16,16,1,2017,0,2,5,3,,1,0,,1,1,4,55,3,2,1,5,0,0,0,0,true,,false,false,true,false,false,,,,,,false,false,false,,,false,false,false,false,false,-83.21844,42.40696,"{
  ""coordinates"": [
    -8.321844140899999e+01,
    4.240696327300000e+01
  ],
  ""type"": ""Point""
}","{
  ""coordinates"": [
    -83.218441409,
    42.406963273
  ],
  ""type"": ""Point""
}",-83.218441409,42.406963273
23639,9934019,I-75,DEARBORN,2017-01-16,16,1,2017,6,2,1,1,,1,1,,3,1,4,70,4,1,1,5,0,0,0,0,true,,false,false,false,false,false,,,,,,false,false,false,,,false,false,false,false,false,-83.12897,42.29174,"{
  ""coordinates"": [
    -8.312897828400000e+01,
    4.229174544500010e+01
  ],
  ""type"": ""Point""
}","{
  ""coordinates"": [
    -83.128978284,
    42.291745445
  ],
  ""type"": ""Point""
}",-83.128978284,42.2917454450001
23640,9929418,W I 94,RAMP 215B,2017-01-16,16,1,2017,6,2,2,1,,1,0,,1,1,4,55,3,2,2,4,0,0,0,1,false,,false,false,false,false,false,,,,,,false,false,false,,,false,false,false,false,false,-83.07744,42.35877,"{
  ""coordinates"": [
    -8.307744072500000e+01,
    4.235876731300000e+01
  ],
  ""type"": ""Point""
}","{
  ""coordinates"": [
    -83.077440725,
    42.358767313
  ],
  ""type"": ""Point""
}",-83.077440725,42.358767313
23641,9934020,I-75,SCHAEFER,2017-01-16,16,1,2017,6,2,8,1,,1,0,,3,1,4,70,4,3,5,5,0,0,0,0,true,,false,false,false,false,false,,,,,,false,false,false,,,false,false,false,false,false,-83.14932,42.2819,"{
  ""coordinates"": [
    -8.314932415299999e+01,
    4.228190242200000e+01
  ],
  ""type"": ""Point""
}","{
  ""coordinates"": [
    -83.149324153,
    42.281902422
  ],
  ""type"": ""Point""
}",-83.149324153,42.281902422
23642,9956710,I-75,DEARBORN,2017-01-16,16,1,2017,7,2,5,1,,1,0,,3,2,2,70,4,2,2,3,0,0,1,0,false,,false,false,false,false,false,,,,,,false,false,true,,,false,false,false,false,false,-83.12744,42.29402,"{
  ""coordinates"": [
    -8.312744051100000e+01,
    4.229402125800000e+01
  ],
  ""type"": ""Point""
}","{
  ""coordinates"": [
    -83.127440511,
    42.294021258
  ],
  ""type"": ""Point""
}",-83.127440511,42.294021258
23643,9928373,CHIPPEWA,KENTUCKY,2017-01-16,16,1,2017,21,2,1,9,,,0,,2,4,4,25,2,1,1,5,0,0,0,0,true,,false,false,false,false,false,,,,,,false,false,false,,,false,false,false,false,false,-83.16024,42.44094,"{
  ""coordinates"": [
    -8.316024097000000e+01,
    4.244094647800010e+01
  ],
  ""type"": ""Point""
}","{
  ""coordinates"": [
    -83.16024097,
    42.440946478
  ],
  ""type"": ""Point""
}",-83.16024097,42.4409464780001
23644,9928333,I-75,SCHAEFER,2017-01-16,16,1,2017,8,2,5,1,,1,0,,3,2,2,70,4,2,2,5,0,0,0,0,true,,false,false,false,false,false,,,,,,false,false,false,,,false,false,false,false,false,-83.15545,42.27763,"{
  ""coordinates"": [
    -8.315545005199991e+01,
    4.227763351900010e+01
  ],
  ""type"": ""Point""
}","{
  ""coordinates"": [
    -83.155450052,
    42.277633519
  ],
  ""type"": ""Point""
}",-83.1554500519999,42.2776335190001
23645,9927465,HARTWELL,PURITAN,2017-01-16,16,1,2017,16,2,2,9,,,2,,2,4,1,25,1,3,0,5,0,0,0,0,true,,false,false,true,false,false,,,,,,false,false,false,,,false,false,false,false,false,-83.17837,42.40917,"{
  ""coordinates"": [
    -8.317836825800001e+01,
    4.240917048400010e+01
  ],
  ""type"": ""Point""
}","{
  ""coordinates"": [
    -83.178368258,
    42.409170484
  ],
  ""type"": ""Point""
}",-83.178368258,42.4091704840001
23646,9947602,EVERGREEN,E I 96 CD,2017-01-16,16,1,2017,15,2,8,9,,4,0,,2,4,1,30,4,2,2,4,0,0,0,1,false,,false,false,false,false,false,,,,,,false,false,true,,,false,false,false,false,false,-83.23663,42.38012,"{
  ""coordinates"": [
    -8.323663416300001e+01,
    4.238012180200010e+01
  ],
  ""type"": ""Point""
}","{
  ""coordinates"": [
    -83.236634163,
    42.380121802
  ],
  ""type"": ""Point""
}",-83.236634163,42.3801218020001
23647,9928327,S I 75,RAMP 029F,2017-01-16,16,1,2017,7,2,1,1,,1,1,,3,1,5,55,3,1,1,5,0,0,0,0,true,,false,false,false,false,false,,,,,,false,false,false,,,false,false,false,false,false,-83.16074,42.27528,"{
  ""coordinates"": [
    -8.316074059399990e+01,
    4.227528292800010e+01
  ],
  ""type"": ""Point""
}","{
  ""coordinates"": [
    -83.160740594,
    42.275282928
  ],
  ""type"": ""Point""
}",-83.1607405939999,42.2752829280001
23648,9925433,7 MILE,VAN DYKE,2017-01-15,15,1,2017,16,1,4,3,,4,0,,1,1,1,35,2,2,4,5,0,0,0,0,true,,false,false,true,false,false,,,,,,false,false,false,,,false,false,false,false,false,-83.02425,42.43398,"{
  ""coordinates"": [
    -8.302425221500000e+01,
    4.243397653700000e+01
  ],
  ""type"": ""Point""
}","{
  ""coordinates"": [
    -83.024252215,
    42.433976537
  ],
  ""type"": ""Point""
}",-83.024252215,42.433976537
23649,9926359,GRATIOT,HEIDELBERG,2017-01-15,15,1,2017,16,1,1,3,,1,0,,1,1,4,35,7,2,1,1,1,0,0,0,false,,false,false,false,true,false,,,,,,true,false,false,,,false,false,false,false,false,-83.03015,42.3554,"{
  ""coordinates"": [
    -8.303015034299990e+01,
    4.235540401500000e+01
  ],
  ""type"": ""Point""
}","{
  ""coordinates"": [
    -83.030150343,
    42.355404015
  ],
  ""type"": ""Point""
}",-83.0301503429999,42.355404015
23650,9925427,SCHAEFER,LIEBOLD,2017-01-15,15,1,2017,14,1,8,9,,2,0,,1,1,1,0,4,2,1,5,0,0,0,0,true,,false,false,true,false,false,,,,,,false,false,true,,,false,false,false,false,false,-83.15263,42.27535,"{
  ""coordinates"": [
    -8.315263354599990e+01,
    4.227535395600010e+01
  ],
  ""type"": ""Point""
}","{
  ""coordinates"": [
    -83.152633546,
    42.275353956
  ],
  ""type"": ""Point""
}",-83.1526335459999,42.2753539560001
23651,9927450,ARCHDALE,PEMBROKE,2017-01-15,15,1,2017,22,1,98,9,,,0,,1,1,4,0,2,2,1,5,0,0,0,0,true,,false,false,true,false,false,,,,,,false,false,false,,,false,false,false,false,false,-83.21707,42.43749,"{
  ""coordinates"": [
    -8.321707149900000e+01,
    4.243748745800010e+01
  ],
  ""type"": ""Point""
}","{
  ""coordinates"": [
    -83.217071499,
    42.437487458
  ],
  ""type"": ""Point""
}",-83.217071499,42.4374874580001
23652,1015268,SCAHEFER,PILGRIM,2017-01-15,15,1,2017,13,1,1,9,,4,0,,1,1,1,30,3,2,1,2,0,1,0,0,false,,false,false,true,false,false,,,,,,true,false,false,,,false,false,false,false,false,-83.17937,42.40754,"{
  ""coordinates"": [
    -8.317937559900000e+01,
    4.240753552000010e+01
  ],
  ""type"": ""Point""
}","{
  ""coordinates"": [
    -83.179375599,
    42.40753552
  ],
  ""type"": ""Point""
}",-83.179375599,42.4075355200001
23653,9926342,TIREMAN,GREENFIELD,2017-01-15,15,1,2017,22,1,5,9,,4,0,,1,1,4,30,2,2,3,5,0,0,0,0,true,,false,false,false,false,false,,,,,,false,false,false,,,false,false,false,false,false,-83.19666,42.35089,"{
  ""coordinates"": [
    -8.319666333100000e+01,
    4.235089588800000e+01
  ],
  ""type"": ""Point""
}","{
  ""coordinates"": [
    -83.196663331,
    42.350895888
  ],
  ""type"": ""Point""
}",-83.196663331,42.350895888
23654,9926377,GRAND RIVER,JOY,2017-01-15,15,1,2017,3,1,1,3,,1,1,,98,98,98,30,3,1,1,5,0,0,0,0,true,,false,false,false,false,false,,,,,,false,false,false,,,false,false,false,false,false,-83.12619,42.36358,"{
  ""coordinates"": [
    -8.312619327600000e+01,
    4.236358400100000e+01
  ],
  ""type"": ""Point""
}","{
  ""coordinates"": [
    -83.126193276,
    42.363584001
  ],
  ""type"": ""Point""
}",-83.126193276,42.363584001