ObjectId,Crash ID,Primary Road,Intersecting Road,Crash Date,Day,Month,Year,Hour,Weekday,Crash Type Code,Highway Classification Code,Community Code,Jurisdiction Code,Lane Departure Type Code,Surface Type,Road Condition,Weather Condition,Lighting Condition,Speed Limit,Lanes,Units,Occupants,Most Severe Injury,Fatal Injuries,Suspected Serious Injuries,Suspected Minor Injuries,Possible Injuries,Property Damage Only,Secondary Crash,Traffic Control,Red Light Run,Hit and Run,Alcohol,Drugs,Unbelted Person,Work Zone,Speeding Driver,Distracted Driver,Driveway,Pedestrian,Elderly Driver,Young Driver,Commercial Vehicle,Emergency Vehicles,Train,School Bus,Motorcycle,Bicycle,Deer,Longitude,Latitude,geom,geog,x,y
23655,9925414,RAMP 018A,MADISON,2017-01-15,15,1,2017,10,1,1,1,,1,1,,1,1,1,55,2,1,1,5,0,0,0,0,true,,false,false,true,false,false,,,,,,false,false,true,,,false,false,false,false,false,-83.04232,42.33947,"{
  ""coordinates"": [
    -8.304231749600000e+01,
    4.233947457400010e+01
  ],
  ""type"": ""Point""
}","{
  ""coordinates"": [
    -83.042317496,
    42.339474574
  ],
  ""type"": ""Point""
}",-83.042317496,42.3394745740001
23656,9930700,SCHAEFER,GRANDRIVER,2017-01-15,15,1,2017,14,1,97,3,,4,0,,1,1,3,35,2,2,1,5,0,0,0,0,true,,false,false,true,false,false,,,,,,false,false,false,,,false,false,false,false,false,-83.17841,42.38469,"{
  ""coordinates"": [
    -8.317841102599991e+01,
    4.238469335800000e+01
  ],
  ""type"": ""Point""
}","{
  ""coordinates"": [
    -83.178411026,
    42.384693358
  ],
  ""type"": ""Point""
}",-83.1784110259999,42.384693358
23657,9927438,RAMP 031A,N I 75 SERVICE DRIVE,2017-01-15,15,1,2017,14,1,8,1,,1,0,,1,1,1,25,2,2,1,5,0,0,0,0,true,,false,false,true,false,false,,,,,,false,false,false,,,false,false,false,false,false,-83.11932,42.30083,"{
  ""coordinates"": [
    -8.311932664200000e+01,
    4.230082701300010e+01
  ],
  ""type"": ""Point""
}","{
  ""coordinates"": [
    -83.119326642,
    42.300827013
  ],
  ""type"": ""Point""
}",-83.119326642,42.3008270130001
23658,9927394,E M 8,W I 96 CD,2017-01-15,15,1,2017,16,1,1,3,,1,1,,1,1,1,55,3,1,1,2,0,3,0,0,false,,false,false,false,false,false,,,,,,false,false,true,,,false,false,false,false,false,-83.14985,42.3847,"{
  ""coordinates"": [
    -8.314985175000000e+01,
    4.238470551100000e+01
  ],
  ""type"": ""Point""
}","{
  ""coordinates"": [
    -83.14985175,
    42.384705511
  ],
  ""type"": ""Point""
}",-83.14985175,42.384705511
23659,9926362,JEFFERSON,FIELD,2017-01-15,15,1,2017,15,1,1,9,,4,0,,1,1,1,35,8,1,1,5,0,0,0,0,true,,false,false,false,false,false,,,,,,false,false,false,,,false,false,false,false,false,-83.00041,42.34787,"{
  ""coordinates"": [
    -8.300041487700000e+01,
    4.234787458200000e+01
  ],
  ""type"": ""Point""
}","{
  ""coordinates"": [
    -83.000414877,
    42.347874582
  ],
  ""type"": ""Point""
}",-83.000414877,42.347874582
23660,9925431,KENTFIELD,GRAND RIVER,2017-01-15,15,1,2017,1,1,4,3,,,0,,1,1,4,0,2,2,1,5,0,0,0,0,true,,false,false,true,false,false,,,,,,false,false,false,,,false,false,false,false,false,-83.24084,42.40997,"{
  ""coordinates"": [
    -8.324083898500000e+01,
    4.240997225000010e+01
  ],
  ""type"": ""Point""
}","{
  ""coordinates"": [
    -83.240838985,
    42.40997225
  ],
  ""type"": ""Point""
}",-83.240838985,42.4099722500001
23661,9928323,E I 96,S M 39,2017-01-15,15,1,2017,7,1,1,1,,1,1,,3,1,2,55,2,1,2,4,0,0,0,1,false,,false,false,false,false,false,,,,,,false,true,false,,,false,false,false,false,false,-83.21716,42.37865,"{
  ""coordinates"": [
    -8.321715284299999e+01,
    4.237864673600010e+01
  ],
  ""type"": ""Point""
}","{
  ""coordinates"": [
    -83.217152843,
    42.378646736
  ],
  ""type"": ""Point""
}",-83.217152843,42.3786467360001
23662,9930687,MOROSS,LAING,2017-01-15,15,1,2017,15,1,4,9,,2,0,,1,1,1,35,2,2,3,4,0,0,0,2,false,,true,false,false,false,false,,,,,,false,false,false,,,false,false,false,false,false,-82.94886,42.43304,"{
  ""coordinates"": [
    -8.294885702600000e+01,
    4.243303798000010e+01
  ],
  ""type"": ""Point""
}","{
  ""coordinates"": [
    -82.948857026,
    42.43303798
  ],
  ""type"": ""Point""
}",-82.948857026,42.4330379800001
23663,9925429,CHICAGO,ST MARYS,2017-01-15,15,1,2017,15,1,5,9,,4,0,,1,1,1,35,5,2,1,5,0,0,0,0,true,,false,false,false,false,false,,,,,,false,false,false,,,false,false,false,false,false,-83.20454,42.36526,"{
  ""coordinates"": [
    -8.320453423600000e+01,
    4.236526677100010e+01
  ],
  ""type"": ""Point""
}","{
  ""coordinates"": [
    -83.204534236,
    42.365266771
  ],
  ""type"": ""Point""
}",-83.204534236,42.3652667710001
23664,9965008,VANDYKE,NEVADA,2017-01-15,15,1,2017,15,1,5,3,,1,0,,1,1,1,35,4,2,2,4,0,0,0,1,false,,false,false,false,false,false,,,,,,false,false,false,,,false,false,false,false,false,-83.02398,42.42674,"{
  ""coordinates"": [
    -8.302397915400000e+01,
    4.242674158600000e+01
  ],
  ""type"": ""Point""
}","{
  ""coordinates"": [
    -83.023979154,
    42.426741586
  ],
  ""type"": ""Point""
}",-83.023979154,42.426741586
23665,9925400,I-94,LINWOOD,2017-01-15,15,1,2017,11,1,8,1,,1,0,,1,1,1,55,3,2,2,5,0,0,0,0,true,,false,false,false,false,false,,,,,,false,false,false,,,false,false,false,false,false,-83.092,42.35249,"{
  ""coordinates"": [
    -8.309199169199999e+01,
    4.235248972500010e+01
  ],
  ""type"": ""Point""
}","{
  ""coordinates"": [
    -83.091991692,
    42.352489725
  ],
  ""type"": ""Point""
}",-83.091991692,42.3524897250001
23666,9928361,7 MILE,HULL,2017-01-15,15,1,2017,21,1,4,9,,4,0,,1,2,4,35,2,2,2,5,0,0,0,0,true,,true,true,false,false,false,,,,,,false,false,false,,,false,false,false,false,false,-83.08927,42.43269,"{
  ""coordinates"": [
    -8.308927057499990e+01,
    4.243268640100010e+01
  ],
  ""type"": ""Point""
}","{
  ""coordinates"": [
    -83.089270575,
    42.432686401
  ],
  ""type"": ""Point""
}",-83.0892705749999,42.4326864010001
23667,9926376,MARTIN LUTHER KING JR,N M 10,2017-01-15,15,1,2017,3,1,4,9,,4,0,,98,98,98,30,3,2,3,5,0,0,0,0,true,,false,false,false,false,false,,,,,,false,false,true,,,false,false,false,false,false,-83.06792,42.34326,"{
  ""coordinates"": [
    -8.306791833499990e+01,
    4.234325992600000e+01
  ],
  ""type"": ""Point""
}","{
  ""coordinates"": [
    -83.067918335,
    42.343259926
  ],
  ""type"": ""Point""
}",-83.0679183349999,42.343259926
23668,9926371,PEMBROKE,ARCHDALE,2017-01-15,15,1,2017,18,1,8,9,,4,0,,1,1,4,0,2,2,1,5,0,0,0,0,true,,false,false,true,false,false,,,,,,false,false,false,,,false,false,false,false,false,-83.21724,42.43728,"{
  ""coordinates"": [
    -8.321724232699999e+01,
    4.243728176400000e+01
  ],
  ""type"": ""Point""
}","{
  ""coordinates"": [
    -83.217242327,
    42.437281764
  ],
  ""type"": ""Point""
}",-83.217242327,42.437281764
23669,9925421,8 MILE,MEYERS,2017-01-15,15,1,2017,0,1,5,3,,1,0,,1,1,4,40,4,2,2,5,0,0,0,0,true,,true,true,false,true,false,,,,,,false,true,false,,,false,false,false,false,false,-83.1687,42.44547,"{
  ""coordinates"": [
    -8.316870242999990e+01,
    4.244546629000010e+01
  ],
  ""type"": ""Point""
}","{
  ""coordinates"": [
    -83.16870243,
    42.44546629
  ],
  ""type"": ""Point""
}",-83.1687024299999,42.4454662900001
23670,9925399,RAMP 220D,RAMP 220I,2017-01-15,15,1,2017,4,1,1,1,,1,1,,1,1,4,55,3,1,1,5,0,0,0,0,true,,false,false,false,false,false,,,,,,false,false,true,,,false,false,false,false,false,-82.98732,42.39564,"{
  ""coordinates"": [
    -8.298732056199999e+01,
    4.239563946600000e+01
  ],
  ""type"": ""Point""
}","{
  ""coordinates"": [
    -82.987320562,
    42.395639466
  ],
  ""type"": ""Point""
}",-82.987320562,42.395639466
23671,9925425,PLYMOUTH,GRAND RIVER,2017-01-15,15,1,2017,6,1,5,3,,4,0,,3,2,5,35,2,2,1,5,0,0,0,0,true,,false,false,true,false,false,,,,,,false,false,false,,,false,false,false,false,false,-83.15114,42.37364,"{
  ""coordinates"": [
    -8.315113761500000e+01,
    4.237364182800010e+01
  ],
  ""type"": ""Point""
}","{
  ""coordinates"": [
    -83.151137615,
    42.373641828
  ],
  ""type"": ""Point""
}",-83.151137615,42.3736418280001
23672,9926363,MOUNT ELLIOTT,HARPER,2017-01-15,15,1,2017,3,1,5,9,,4,0,,1,1,4,30,3,2,1,5,0,0,0,0,true,,false,false,true,false,false,,,,,,false,false,false,,,false,false,false,false,false,-83.03346,42.37899,"{
  ""coordinates"": [
    -8.303346283099999e+01,
    4.237898941500000e+01
  ],
  ""type"": ""Point""
}","{
  ""coordinates"": [
    -83.033462831,
    42.378989415
  ],
  ""type"": ""Point""
}",-83.033462831,42.378989415
23673,9942984,LAWNDALE,LANE,2017-01-15,15,1,2017,5,1,8,9,,4,3,,1,1,4,25,4,2,0,5,0,0,0,0,true,,false,false,true,false,false,,,,,,false,false,false,,,false,false,false,false,false,-83.13004,42.3056,"{
  ""coordinates"": [
    -8.313003831600000e+01,
    4.230559676800000e+01
  ],
  ""type"": ""Point""
}","{
  ""coordinates"": [
    -83.130038316,
    42.305596768
  ],
  ""type"": ""Point""
}",-83.130038316,42.305596768
23674,9924822,NEVADA,MOENART,2017-01-15,15,1,2017,5,1,1,9,,4,0,,1,1,4,30,2,1,1,5,0,0,0,0,true,,false,false,false,false,false,,,,,,false,false,false,,,false,false,false,false,false,-83.04996,42.42616,"{
  ""coordinates"": [
    -8.304995568000000e+01,
    4.242616162400000e+01
  ],
  ""type"": ""Point""
}","{
  ""coordinates"": [
    -83.04995568,
    42.426161624
  ],
  ""type"": ""Point""
}",-83.04995568,42.426161624
23675,9927442,HOWARD,JUNCTION,2017-01-15,15,1,2017,21,1,8,9,,,3,,1,1,5,0,1,2,0,5,0,0,0,0,true,,false,false,true,false,false,,,,,,false,false,false,,,false,false,false,false,false,-83.10008,42.31247,"{
  ""coordinates"": [
    -8.310008003300000e+01,
    4.231247103700010e+01
  ],
  ""type"": ""Point""
}","{
  ""coordinates"": [
    -83.100080033,
    42.312471037
  ],
  ""type"": ""Point""
}",-83.100080033,42.3124710370001
23676,9925406,I 96,SCHAEFER,2017-01-15,15,1,2017,1,1,1,1,,1,1,,1,1,4,55,3,1,4,4,0,0,0,1,false,,false,false,false,false,false,,,,,,false,false,false,,,false,false,false,false,false,-83.17366,42.38417,"{
  ""coordinates"": [
    -8.317366371299990e+01,
    4.238417246300000e+01
  ],
  ""type"": ""Point""
}","{
  ""coordinates"": [
    -83.173663713,
    42.384172463
  ],
  ""type"": ""Point""
}",-83.1736637129999,42.384172463
23677,9927443,KORTE,MANISTIQUE,2017-01-15,15,1,2017,8,1,4,9,,,0,,2,2,1,0,2,2,2,5,0,0,0,0,true,,false,false,false,false,false,,,,,,false,true,false,,,false,false,false,false,false,-82.93468,42.3643,"{
  ""coordinates"": [
    -8.293467337399990e+01,
    4.236429974800010e+01
  ],
  ""type"": ""Point""
}","{
  ""coordinates"": [
    -82.934673374,
    42.364299748
  ],
  ""type"": ""Point""
}",-82.9346733739999,42.3642997480001
23678,9928293,I-94,GRAND RIVER,2017-01-15,15,1,2017,17,1,8,1,,1,0,,1,2,1,55,3,2,2,5,0,0,0,0,true,,false,false,true,false,false,,,,,,false,false,false,,,false,false,false,false,false,-83.09522,42.35134,"{
  ""coordinates"": [
    -8.309521911600000e+01,
    4.235134241700010e+01
  ],
  ""type"": ""Point""
}","{
  ""coordinates"": [
    -83.095219116,
    42.351342417
  ],
  ""type"": ""Point""
}",-83.095219116,42.3513424170001
23679,9949886,CASS,KIRBY,2017-01-15,15,1,2017,15,1,4,9,,4,0,,1,1,1,25,2,2,0,5,0,0,0,0,true,,false,false,true,false,false,,,,,,false,false,false,,,false,false,false,false,false,-83.06815,42.35862,"{
  ""coordinates"": [
    -8.306815519600001e+01,
    4.235862171400000e+01
  ],
  ""type"": ""Point""
}","{
  ""coordinates"": [
    -83.068155196,
    42.358621714
  ],
  ""type"": ""Point""
}",-83.068155196,42.358621714
23680,9938326,I-96,TELEGRAPH,2017-01-15,15,1,2017,19,1,1,1,,1,1,,1,1,4,70,4,1,1,4,0,0,0,1,false,,false,false,false,false,false,,,,,,false,false,false,,,false,false,false,false,false,-83.27419,42.3855,"{
  ""coordinates"": [
    -8.327418459200000e+01,
    4.238549780100000e+01
  ],
  ""type"": ""Point""
}","{
  ""coordinates"": [
    -83.274184592,
    42.385497801
  ],
  ""type"": ""Point""
}",-83.274184592,42.385497801
23681,9924826,7 MILE,ROGGE,2017-01-15,15,1,2017,3,1,5,9,,4,0,,1,1,4,30,2,2,6,4,0,0,0,1,false,,false,false,false,false,false,,,,,,false,false,true,,,false,false,false,false,false,-83.0294,42.43387,"{
  ""coordinates"": [
    -8.302939750300000e+01,
    4.243387124000000e+01
  ],
  ""type"": ""Point""
}","{
  ""coordinates"": [
    -83.029397503,
    42.43387124
  ],
  ""type"": ""Point""
}",-83.029397503,42.43387124
23682,9925424,CHICAGO,TERRY,2017-01-15,15,1,2017,15,1,4,9,,4,0,,1,1,1,35,2,2,4,3,0,0,1,0,false,,false,false,false,false,false,,,,,,false,false,false,,,false,false,false,false,false,-83.19102,42.36551,"{
  ""coordinates"": [
    -8.319102664099999e+01,
    4.236550858700010e+01
  ],
  ""type"": ""Point""
}","{
  ""coordinates"": [
    -83.191026641,
    42.365508587
  ],
  ""type"": ""Point""
}",-83.191026641,42.3655085870001
23683,9926357,GRAND,JEFFERSON,2017-01-15,15,1,2017,15,1,4,9,,4,0,,1,1,1,30,8,2,2,4,0,0,0,1,false,,true,true,true,false,false,,,,,,false,false,false,,,false,false,false,false,false,-83.08155,42.31282,"{
  ""coordinates"": [
    -8.308155128800000e+01,
    4.231282333100010e+01
  ],
  ""type"": ""Point""
}","{
  ""coordinates"": [
    -83.081551288,
    42.312823331
  ],
  ""type"": ""Point""
}",-83.081551288,42.3128233310001
23684,9925418,I-94,OUTER,2017-01-15,15,1,2017,2,1,5,1,,1,0,,1,1,4,55,3,2,2,5,0,0,0,0,true,,false,false,true,false,false,,,,,,false,false,false,,,false,false,false,false,false,-82.96205,42.40437,"{
  ""coordinates"": [
    -8.296205126500000e+01,
    4.240436936000000e+01
  ],
  ""type"": ""Point""
}","{
  ""coordinates"": [
    -82.962051265,
    42.40436936
  ],
  ""type"": ""Point""
}",-82.962051265,42.40436936
23685,9935362,FORT,10 TH,2017-01-15,15,1,2017,9,1,5,3,,1,0,,1,1,1,35,3,2,4,3,0,0,1,3,false,,false,false,false,false,false,,,,,,false,false,false,,,false,false,false,false,false,-83.0627,42.32413,"{
  ""coordinates"": [
    -8.306269467000000e+01,
    4.232413307300000e+01
  ],
  ""type"": ""Point""
}","{
  ""coordinates"": [
    -83.06269467,
    42.324133073
  ],
  ""type"": ""Point""
}",-83.06269467,42.324133073
23686,9926353,KENTFIELD,ACACIA,2017-01-15,15,1,2017,1,1,2,9,,,2,,1,1,4,25,2,2,0,5,0,0,0,0,true,,false,false,true,false,false,,,,,,false,false,false,,,false,false,false,false,false,-83.24019,42.39133,"{
  ""coordinates"": [
    -8.324018931499999e+01,
    4.239133385500000e+01
  ],
  ""type"": ""Point""
}","{
  ""coordinates"": [
    -83.240189315,
    42.391333855
  ],
  ""type"": ""Point""
}",-83.240189315,42.391333855
23687,9925415,M-10,FORT,2017-01-15,15,1,2017,10,1,8,3,,1,0,,1,1,1,55,3,2,4,5,0,0,0,0,true,,false,false,false,false,false,,,,,,false,false,true,,,false,false,false,false,false,-83.05523,42.32693,"{
  ""coordinates"": [
    -8.305522549900000e+01,
    4.232692908300000e+01
  ],
  ""type"": ""Point""
}","{
  ""coordinates"": [
    -83.055225499,
    42.326929083
  ],
  ""type"": ""Point""
}",-83.055225499,42.326929083
23688,9926373,AMERICAN,BURLINGAME,2017-01-15,15,1,2017,12,1,5,9,,,0,,98,98,98,30,2,2,0,5,0,0,0,0,true,,false,false,true,false,false,,,,,,false,true,false,,,false,false,false,false,false,-83.14439,42.37338,"{
  ""coordinates"": [
    -8.314439690700000e+01,
    4.237338433400000e+01
  ],
  ""type"": ""Point""
}","{
  ""coordinates"": [
    -83.144396907,
    42.373384334
  ],
  ""type"": ""Point""
}",-83.144396907,42.373384334
23689,9927412,I-75 SERVICE,8 MILE,2017-01-15,15,1,2017,16,1,8,1,,5,0,,1,1,3,55,1,2,3,5,0,0,0,0,true,,true,true,false,false,false,,,,,,false,false,true,,,false,false,false,false,false,-83.0956,42.44252,"{
  ""coordinates"": [
    -8.309559569500000e+01,
    4.244252542900010e+01
  ],
  ""type"": ""Point""
}","{
  ""coordinates"": [
    -83.095595695,
    42.442525429
  ],
  ""type"": ""Point""
}",-83.095595695,42.4425254290001
23690,9926365,FENKELL,GREENFIELD,2017-01-15,15,1,2017,12,1,5,9,,2,0,,1,1,1,0,4,2,1,5,0,0,0,0,true,,false,false,true,false,false,,,,,,false,false,true,,,false,false,false,false,false,-83.19869,42.40152,"{
  ""coordinates"": [
    -8.319869068400000e+01,
    4.240151996100010e+01
  ],
  ""type"": ""Point""
}","{
  ""coordinates"": [
    -83.198690684,
    42.401519961
  ],
  ""type"": ""Point""
}",-83.198690684,42.4015199610001
23691,9926346,TIREMAN,MIDDLEPOINT,2017-01-15,15,1,2017,21,1,5,9,,4,0,,1,1,4,30,2,2,2,5,0,0,0,0,true,,false,false,false,false,false,,,,,,false,false,false,,,false,false,false,false,false,-83.16235,42.35162,"{
  ""coordinates"": [
    -8.316235694600000e+01,
    4.235161787600000e+01
  ],
  ""type"": ""Point""
}","{
  ""coordinates"": [
    -83.162356946,
    42.351617876
  ],
  ""type"": ""Point""
}",-83.162356946,42.351617876
23692,9924831,7 MILE,ARDMORE,2017-01-14,14,1,2017,20,7,6,9,,2,0,,1,1,5,35,2,2,4,5,0,0,0,0,true,,false,false,false,false,false,,,,,,false,false,true,,,false,false,false,false,false,-83.1852,42.43091,"{
  ""coordinates"": [
    -8.318520407299999e+01,
    4.243091216900010e+01
  ],
  ""type"": ""Point""
}","{
  ""coordinates"": [
    -83.185204073,
    42.430912169
  ],
  ""type"": ""Point""
}",-83.185204073,42.4309121690001
23693,9924726,215F,I-94,2017-01-14,14,1,2017,7,7,1,1,,1,1,,3,1,2,55,1,1,1,5,0,0,0,0,true,,false,false,false,false,false,,,,,,false,false,false,,,false,false,false,false,false,-83.07391,42.36057,"{
  ""coordinates"": [
    -8.307391023199990e+01,
    4.236057351400010e+01
  ],
  ""type"": ""Point""
}","{
  ""coordinates"": [
    -83.073910232,
    42.360573514
  ],
  ""type"": ""Point""
}",-83.0739102319999,42.3605735140001
23694,9933989,I 94,GRATIOT,2017-01-14,14,1,2017,15,7,8,1,,1,0,,1,1,1,55,3,2,1,5,0,0,0,0,true,,false,false,true,false,false,,,,,,false,false,false,,,false,false,false,false,false,-83.0074,42.39109,"{
  ""coordinates"": [
    -8.300740009099999e+01,
    4.239108980700010e+01
  ],
  ""type"": ""Point""
}","{
  ""coordinates"": [
    -83.007400091,
    42.391089807
  ],
  ""type"": ""Point""
}",-83.007400091,42.3910898070001
23695,9924812,REX,MANNING,2017-01-14,14,1,2017,4,7,8,9,,,0,,1,1,5,25,1,2,0,5,0,0,0,0,true,,false,false,true,false,false,,,,,,false,false,false,,,false,false,false,false,false,-82.95838,42.44119,"{
  ""coordinates"": [
    -8.295838278799989e+01,
    4.244118795500000e+01
  ],
  ""type"": ""Point""
}","{
  ""coordinates"": [
    -82.958382788,
    42.441187955
  ],
  ""type"": ""Point""
}",-82.9583827879999,42.441187955
23696,9926358,GRATIOT,SENECA,2017-01-14,14,1,2017,0,7,1,3,,1,0,,1,1,4,35,4,1,1,4,0,0,0,1,false,,false,false,false,true,false,,,,,,false,false,true,,,false,false,false,false,false,-83.01167,42.38338,"{
  ""coordinates"": [
    -8.301167352100001e+01,
    4.238338529000000e+01
  ],
  ""type"": ""Point""
}","{
  ""coordinates"": [
    -83.011673521,
    42.38338529
  ],
  ""type"": ""Point""
}",-83.011673521,42.38338529
23697,9933109,I 94,M 10,2017-01-14,14,1,2017,10,7,1,1,,1,0,,1,1,1,55,3,1,2,5,0,0,0,0,true,,false,false,false,false,false,,,,,,false,false,false,,,false,false,false,false,false,-83.07732,42.35884,"{
  ""coordinates"": [
    -8.307732412999999e+01,
    4.235884395700000e+01
  ],
  ""type"": ""Point""
}","{
  ""coordinates"": [
    -83.07732413,
    42.358843957
  ],
  ""type"": ""Point""
}",-83.07732413,42.358843957
23698,9978893,ASBURY,VASSAR,2017-01-14,14,1,2017,16,7,5,9,,4,0,,3,1,1,0,2,2,0,5,0,0,0,0,true,,false,false,true,false,false,,,,,,false,false,false,,,false,false,false,false,false,-83.20972,42.43385,"{
  ""coordinates"": [
    -8.320972257100000e+01,
    4.243384870700000e+01
  ],
  ""type"": ""Point""
}","{
  ""coordinates"": [
    -83.209722571,
    42.433848707
  ],
  ""type"": ""Point""
}",-83.209722571,42.433848707
23699,9924830,SOUTHFIELD SERVICE DRIVE,CIRCLE,2017-01-14,14,1,2017,8,7,5,3,,5,0,,1,1,1,35,2,2,2,5,0,0,0,0,true,,false,false,false,false,false,,,,,,false,false,false,,,false,false,false,false,false,-83.21936,42.443,"{
  ""coordinates"": [
    -8.321936113100000e+01,
    4.244300154700010e+01
  ],
  ""type"": ""Point""
}","{
  ""coordinates"": [
    -83.219361131,
    42.443001547
  ],
  ""type"": ""Point""
}",-83.219361131,42.4430015470001
23700,9924766,GREENFIELD,FLORENCE,2017-01-14,14,1,2017,0,7,5,9,,2,0,,1,1,4,35,4,2,1,5,0,0,0,0,true,,false,false,false,false,false,,,,,,false,false,false,,,false,false,false,false,false,-83.1991,42.41092,"{
  ""coordinates"": [
    -8.319910251999990e+01,
    4.241092048200010e+01
  ],
  ""type"": ""Point""
}","{
  ""coordinates"": [
    -83.19910252,
    42.410920482
  ],
  ""type"": ""Point""
}",-83.1991025199999,42.4109204820001
23701,9924803,TELEGRAPH,MCNICHOLS,2017-01-14,14,1,2017,8,7,4,2,,1,0,,1,2,1,40,4,2,1,5,0,0,0,0,true,,true,true,false,false,false,,,,,,false,false,false,,,false,false,false,false,false,-83.27737,42.414,"{
  ""coordinates"": [
    -8.327736609800000e+01,
    4.241400249400000e+01
  ],
  ""type"": ""Point""
}","{
  ""coordinates"": [
    -83.277366098,
    42.414002494
  ],
  ""type"": ""Point""
}",-83.277366098,42.414002494
23702,9925422,CHALFONTE,CHEYENNE,2017-01-14,14,1,2017,17,7,4,9,,,0,,1,2,1,25,4,2,2,3,0,0,1,1,false,,false,false,false,false,false,,,,,,false,false,false,,,false,false,false,false,false,-83.17471,42.39996,"{
  ""coordinates"": [
    -8.317470197800000e+01,
    4.239996250600010e+01
  ],
  ""type"": ""Point""
}","{
  ""coordinates"": [
    -83.174701978,
    42.399962506
  ],
  ""type"": ""Point""
}",-83.174701978,42.3999625060001
23703,9926374,GRATIOT,VAN DYKE,2017-01-14,14,1,2017,18,7,4,3,,1,0,,1,1,4,35,7,2,1,4,0,0,0,1,false,,false,false,true,false,false,,,,,,false,false,false,,,false,false,false,false,false,-83.01469,42.37883,"{
  ""coordinates"": [
    -8.301468343800001e+01,
    4.237882942500000e+01
  ],
  ""type"": ""Point""
}","{
  ""coordinates"": [
    -83.014683438,
    42.378829425
  ],
  ""type"": ""Point""
}",-83.014683438,42.378829425
23704,9924823,I94,MT ELLIOTT,2017-01-14,14,1,2017,11,7,5,1,,1,0,,1,1,1,55,3,2,2,5,0,0,0,0,true,,false,false,true,false,false,,,,,,false,false,false,,,false,false,false,false,false,-83.03355,42.37934,"{
  ""coordinates"": [
    -8.303354815599990e+01,
    4.237933605000010e+01
  ],
  ""type"": ""Point""
}","{
  ""coordinates"": [
    -83.033548156,
    42.37933605
  ],
  ""type"": ""Point""
}",-83.0335481559999,42.3793360500001
23705,9929399,008R,M-39,2017-01-14,14,1,2017,0,7,1,1,,1,1,,1,1,4,25,1,1,2,3,0,0,1,1,false,,false,false,false,false,false,,,,,,false,false,true,,,false,false,false,false,false,-83.21249,42.37936,"{
  ""coordinates"": [
    -8.321249351499991e+01,
    4.237935743500000e+01
  ],
  ""type"": ""Point""
}","{
  ""coordinates"": [
    -83.212493515,
    42.379357435
  ],
  ""type"": ""Point""
}",-83.2124935149999,42.379357435
23706,9925413,I-94,LINWOOD,2017-01-14,14,1,2017,10,7,1,1,,1,1,,3,2,1,55,3,1,1,4,0,0,0,1,false,,false,false,false,false,false,,,,,,false,false,false,,,false,false,false,false,false,-83.09429,42.35176,"{
  ""coordinates"": [
    -8.309428862599999e+01,
    4.235176354900010e+01
  ],
  ""type"": ""Point""
}","{
  ""coordinates"": [
    -83.094288626,
    42.351763549
  ],
  ""type"": ""Point""
}",-83.094288626,42.3517635490001
23707,9924742,S M 10,LINWOOD,2017-01-14,14,1,2017,6,7,8,3,,1,0,,1,1,4,55,3,2,2,4,0,0,0,2,false,,false,false,true,false,false,,,,,,false,true,false,,,false,false,false,false,false,-83.12749,42.40508,"{
  ""coordinates"": [
    -8.312749420400000e+01,
    4.240508440700010e+01
  ],
  ""type"": ""Point""
}","{
  ""coordinates"": [
    -83.127494204,
    42.405084407
  ],
  ""type"": ""Point""
}",-83.127494204,42.4050844070001
23708,9927439,W I 94,S M 10,2017-01-14,14,1,2017,17,7,8,1,,1,0,,1,1,1,55,3,2,2,5,0,0,0,0,true,,false,false,false,false,false,,,,,,false,false,false,,,false,false,false,false,false,-83.07697,42.35907,"{
  ""coordinates"": [
    -8.307697017100000e+01,
    4.235906662600010e+01
  ],
  ""type"": ""Point""
}","{
  ""coordinates"": [
    -83.076970171,
    42.359066626
  ],
  ""type"": ""Point""
}",-83.076970171,42.3590666260001
23709,9925398,E I 94,GRAND,2017-01-14,14,1,2017,14,7,8,1,,1,0,,1,1,1,55,3,2,2,5,0,0,0,0,true,,false,false,true,false,false,,,,,,false,false,true,,,false,false,false,false,false,-83.10846,42.34702,"{
  ""coordinates"": [
    -8.310845950899990e+01,
    4.234701950500000e+01
  ],
  ""type"": ""Point""
}","{
  ""coordinates"": [
    -83.108459509,
    42.347019505
  ],
  ""type"": ""Point""
}",-83.1084595089999,42.347019505
23710,9925430,N M 39 SERVICE DRIVE,JOY,2017-01-14,14,1,2017,1,7,5,9,,4,0,,1,1,4,0,4,2,1,5,0,0,0,0,true,,false,false,true,false,false,,,,,,false,false,true,,,false,false,false,false,false,-83.21608,42.35729,"{
  ""coordinates"": [
    -8.321607747400000e+01,
    4.235728868500010e+01
  ],
  ""type"": ""Point""
}","{
  ""coordinates"": [
    -83.216077474,
    42.357288685
  ],
  ""type"": ""Point""
}",-83.216077474,42.3572886850001
23711,9924816,JOY,GRAND RIVER,2017-01-14,14,1,2017,14,7,8,3,,4,0,,1,1,1,30,2,2,3,5,0,0,0,0,true,,false,false,false,false,false,,,,,,false,false,false,,,false,false,false,false,false,-83.13055,42.36528,"{
  ""coordinates"": [
    -8.313055212800001e+01,
    4.236528482400010e+01
  ],
  ""type"": ""Point""
}","{
  ""coordinates"": [
    -83.130552128,
    42.365284824
  ],
  ""type"": ""Point""
}",-83.130552128,42.3652848240001