ObjectId,Crash ID,Primary Road,Intersecting Road,Crash Date,Day,Month,Year,Hour,Weekday,Crash Type Code,Highway Classification Code,Community Code,Jurisdiction Code,Lane Departure Type Code,Surface Type,Road Condition,Weather Condition,Lighting Condition,Speed Limit,Lanes,Units,Occupants,Most Severe Injury,Fatal Injuries,Suspected Serious Injuries,Suspected Minor Injuries,Possible Injuries,Property Damage Only,Secondary Crash,Traffic Control,Red Light Run,Hit and Run,Alcohol,Drugs,Unbelted Person,Work Zone,Speeding Driver,Distracted Driver,Driveway,Pedestrian,Elderly Driver,Young Driver,Commercial Vehicle,Emergency Vehicles,Train,School Bus,Motorcycle,Bicycle,Deer,Longitude,Latitude,geom,geog,x,y
23769,9927396,W M 8,RAMP 047F,2017-01-13,13,1,2017,12,6,5,3,,1,0,,2,2,1,55,3,2,2,5,0,0,0,0,true,,false,false,false,false,false,,,,,,false,false,true,,,false,false,false,false,false,-83.07935,42.40889,"{
  ""coordinates"": [
    -8.307934713400000e+01,
    4.240889452300010e+01
  ],
  ""type"": ""Point""
}","{
  ""coordinates"": [
    -83.079347134,
    42.408894523
  ],
  ""type"": ""Point""
}",-83.079347134,42.4088945230001
23770,9924787,MEMORIAL,WADSWORTH,2017-01-13,13,1,2017,1,6,1,9,,,0,,1,1,4,25,2,1,1,3,0,0,1,0,false,,false,false,false,true,false,,,,,,false,false,false,,,false,false,false,false,false,-83.21209,42.3744,"{
  ""coordinates"": [
    -8.321209247300000e+01,
    4.237439832400000e+01
  ],
  ""type"": ""Point""
}","{
  ""coordinates"": [
    -83.212092473,
    42.374398324
  ],
  ""type"": ""Point""
}",-83.212092473,42.374398324
23771,9925410,W I 96,CSX TRANSPORTATION,2017-01-13,13,1,2017,6,6,5,1,,1,0,,1,1,4,55,2,2,3,4,0,0,0,1,false,,false,false,false,false,false,,,,,,false,false,true,,,false,false,false,false,false,-83.23516,42.37952,"{
  ""coordinates"": [
    -8.323515719700001e+01,
    4.237952039200010e+01
  ],
  ""type"": ""Point""
}","{
  ""coordinates"": [
    -83.235157197,
    42.379520392
  ],
  ""type"": ""Point""
}",-83.235157197,42.3795203920001
23772,9924772,WOODWARD,JOSEPHINE,2017-01-13,13,1,2017,10,6,5,3,,1,0,,1,2,1,35,4,2,2,5,0,0,0,0,true,,false,false,false,false,false,,,,,,false,false,false,,,false,false,false,false,false,-83.08115,42.38195,"{
  ""coordinates"": [
    -8.308114965899991e+01,
    4.238195280800010e+01
  ],
  ""type"": ""Point""
}","{
  ""coordinates"": [
    -83.081149659,
    42.381952808
  ],
  ""type"": ""Point""
}",-83.0811496589999,42.3819528080001
23773,9926361,JEFFERSON,RIVARD,2017-01-13,13,1,2017,16,6,5,9,,4,0,,1,1,1,35,9,2,3,5,0,0,0,0,true,,false,false,false,false,false,,,,,,false,false,false,,,false,false,false,false,false,-83.03386,42.33342,"{
  ""coordinates"": [
    -8.303386171600000e+01,
    4.233342347500010e+01
  ],
  ""type"": ""Point""
}","{
  ""coordinates"": [
    -83.033861716,
    42.333423475
  ],
  ""type"": ""Point""
}",-83.033861716,42.3334234750001
23774,9926381,LYNDON,HARTWELL,2017-01-13,13,1,2017,14,6,5,9,,4,0,,1,1,1,30,2,2,2,5,0,0,0,0,true,,false,false,false,false,false,,,,,,false,false,false,,,false,false,false,false,false,-83.17772,42.39486,"{
  ""coordinates"": [
    -8.317771607600000e+01,
    4.239485496600000e+01
  ],
  ""type"": ""Point""
}","{
  ""coordinates"": [
    -83.177716076,
    42.394854966
  ],
  ""type"": ""Point""
}",-83.177716076,42.394854966
23775,9924793,VERNE,HEYDEN,2017-01-13,13,1,2017,19,6,4,9,,,0,,1,1,5,25,2,2,1,5,0,0,0,0,true,,false,false,false,false,false,,,,,,false,false,false,,,false,false,false,false,false,-83.23989,42.41152,"{
  ""coordinates"": [
    -8.323989418399999e+01,
    4.241151984500000e+01
  ],
  ""type"": ""Point""
}","{
  ""coordinates"": [
    -83.239894184,
    42.411519845
  ],
  ""type"": ""Point""
}",-83.239894184,42.411519845
23776,9924790,S M 39 SERVICE DRIVE,RAMP 005J,2017-01-13,13,1,2017,13,6,1,3,,1,1,,1,2,1,25,2,1,1,5,0,0,0,0,true,,false,false,false,false,false,,,,,,false,false,true,,,false,false,false,false,false,-83.21623,42.33213,"{
  ""coordinates"": [
    -8.321623589700000e+01,
    4.233212736900000e+01
  ],
  ""type"": ""Point""
}","{
  ""coordinates"": [
    -83.216235897,
    42.332127369
  ],
  ""type"": ""Point""
}",-83.216235897,42.332127369
23777,9925403,M39,GRAND RIVER,2017-01-13,13,1,2017,7,6,8,3,,1,0,,3,1,1,55,4,2,2,5,0,0,0,0,true,,false,false,false,false,false,,,,,,false,false,true,,,false,false,false,false,false,-83.2182,42.40096,"{
  ""coordinates"": [
    -8.321819894700000e+01,
    4.240095468600000e+01
  ],
  ""type"": ""Point""
}","{
  ""coordinates"": [
    -83.218198947,
    42.400954686
  ],
  ""type"": ""Point""
}",-83.218198947,42.400954686
23778,9924798,ASHTON,PICKFORD,2017-01-13,13,1,2017,12,6,5,9,,,0,,1,2,1,25,1,2,1,5,0,0,0,0,true,,false,false,false,false,false,,,,,,false,false,false,,,false,false,false,false,false,-83.2203,42.4251,"{
  ""coordinates"": [
    -8.322029630599999e+01,
    4.242510227300000e+01
  ],
  ""type"": ""Point""
}","{
  ""coordinates"": [
    -83.220296306,
    42.425102273
  ],
  ""type"": ""Point""
}",-83.220296306,42.425102273
23779,9926366,I 96,MARTIN LUTHER KING,2017-01-13,13,1,2017,7,6,97,1,,1,0,,1,2,3,55,8,3,1,5,0,0,0,0,true,,false,false,true,false,false,,,,,,false,false,true,,,false,false,false,false,false,-83.09161,42.33747,"{
  ""coordinates"": [
    -8.309160314099999e+01,
    4.233746565900000e+01
  ],
  ""type"": ""Point""
}","{
  ""coordinates"": [
    -83.091603141,
    42.337465659
  ],
  ""type"": ""Point""
}",-83.091603141,42.337465659
23780,9924819,STATE FAIR,S I 75,2017-01-13,13,1,2017,14,6,5,9,,4,0,,1,1,1,30,4,2,2,5,0,0,0,0,true,,false,false,false,false,false,,,,,,false,false,false,,,false,false,false,false,false,-83.09506,42.43975,"{
  ""coordinates"": [
    -8.309506386899990e+01,
    4.243975448200010e+01
  ],
  ""type"": ""Point""
}","{
  ""coordinates"": [
    -83.095063869,
    42.439754482
  ],
  ""type"": ""Point""
}",-83.0950638689999,42.4397544820001
23781,9934060,MARIETTA,PENNSYLVANIA,2017-01-13,13,1,2017,17,6,5,9,,,0,,1,1,3,25,4,2,0,5,0,0,0,0,true,,false,false,true,false,false,,,,,,false,false,false,,,false,false,false,false,false,-82.9904,42.36928,"{
  ""coordinates"": [
    -8.299040359200001e+01,
    4.236927779400000e+01
  ],
  ""type"": ""Point""
}","{
  ""coordinates"": [
    -82.990403592,
    42.369277794
  ],
  ""type"": ""Point""
}",-82.990403592,42.369277794
23782,9944518,I-94,14TH,2017-01-13,13,1,2017,2,6,1,1,,1,1,,1,2,4,55,3,1,3,5,0,0,0,0,true,,false,false,false,true,false,,,,,,false,false,true,,,false,false,false,false,false,-83.08879,42.35349,"{
  ""coordinates"": [
    -8.308879268699999e+01,
    4.235349288100010e+01
  ],
  ""type"": ""Point""
}","{
  ""coordinates"": [
    -83.088792687,
    42.353492881
  ],
  ""type"": ""Point""
}",-83.088792687,42.3534928810001
23783,9926350,EDSEL FORD SERVICE,OUTER,2017-01-13,13,1,2017,13,6,4,1,,1,0,,1,1,1,30,2,2,3,5,0,0,0,0,true,,true,true,false,false,false,,,,,,false,false,false,,,false,false,false,false,false,-82.95981,42.40506,"{
  ""coordinates"": [
    -8.295980460200001e+01,
    4.240506436900010e+01
  ],
  ""type"": ""Point""
}","{
  ""coordinates"": [
    -82.959804602,
    42.405064369
  ],
  ""type"": ""Point""
}",-82.959804602,42.4050643690001
23784,9924725,S/B M-39,JOY,2017-01-13,13,1,2017,21,6,5,3,,1,0,,1,2,4,55,3,4,2,5,0,0,0,0,true,,false,false,true,false,false,,,,,,false,false,true,,,false,false,false,false,false,-83.2166,42.3584,"{
  ""coordinates"": [
    -8.321660124600000e+01,
    4.235840273900000e+01
  ],
  ""type"": ""Point""
}","{
  ""coordinates"": [
    -83.216601246,
    42.358402739
  ],
  ""type"": ""Point""
}",-83.216601246,42.358402739
23785,9942986,MICHIGAN,CICOTTE,2017-01-13,13,1,2017,7,6,4,2,,1,0,,1,1,1,35,5,2,2,5,0,0,0,0,true,,false,false,false,false,false,,,,,,false,false,true,,,false,false,false,false,false,-83.12358,42.33113,"{
  ""coordinates"": [
    -8.312357917299990e+01,
    4.233113213800000e+01
  ],
  ""type"": ""Point""
}","{
  ""coordinates"": [
    -83.123579173,
    42.331132138
  ],
  ""type"": ""Point""
}",-83.1235791729999,42.331132138
23786,9924791,N M 39,TIREMAN,2017-01-13,13,1,2017,16,6,5,3,,1,0,,1,2,1,55,3,2,4,4,0,0,0,1,false,,false,false,true,false,false,,,,,,false,false,false,,,false,false,false,false,false,-83.21626,42.35044,"{
  ""coordinates"": [
    -8.321625913000000e+01,
    4.235043656700000e+01
  ],
  ""type"": ""Point""
}","{
  ""coordinates"": [
    -83.21625913,
    42.350436567
  ],
  ""type"": ""Point""
}",-83.21625913,42.350436567
23787,9924764,MEYERS,ELLIS,2017-01-13,13,1,2017,17,6,1,9,,4,0,,1,1,4,30,6,1,2,3,0,0,1,1,false,,false,false,false,false,false,,,,,,false,false,true,,,false,false,false,false,false,-83.16779,42.36106,"{
  ""coordinates"": [
    -8.316778614700000e+01,
    4.236105600700010e+01
  ],
  ""type"": ""Point""
}","{
  ""coordinates"": [
    -83.167786147,
    42.361056007
  ],
  ""type"": ""Point""
}",-83.167786147,42.3610560070001
23788,9924753,RAMP 008K,E I 96 CD,2017-01-13,13,1,2017,8,6,5,1,,1,0,,1,1,1,55,2,2,3,5,0,0,0,0,true,,false,false,true,false,false,,,,,,false,false,true,,,false,false,false,false,false,-83.22199,42.37801,"{
  ""coordinates"": [
    -8.322199603000000e+01,
    4.237800842800000e+01
  ],
  ""type"": ""Point""
}","{
  ""coordinates"": [
    -83.22199603,
    42.378008428
  ],
  ""type"": ""Point""
}",-83.22199603,42.378008428
23789,9924715,N M 39,SCHOOLCRAFT,2017-01-13,13,1,2017,18,6,5,3,,1,0,,1,1,4,55,3,2,4,4,0,0,0,1,false,,false,false,false,false,false,,,,,,false,false,true,,,false,false,false,false,false,-83.21749,42.38535,"{
  ""coordinates"": [
    -8.321749320100000e+01,
    4.238535340000000e+01
  ],
  ""type"": ""Point""
}","{
  ""coordinates"": [
    -83.217493201,
    42.3853534
  ],
  ""type"": ""Point""
}",-83.217493201,42.3853534
23790,9924769,JOHN R,MACK,2017-01-13,13,1,2017,18,6,4,9,,4,0,,1,1,1,25,2,2,3,4,0,0,0,3,false,,false,false,false,false,false,,,,,,false,true,false,,,false,false,false,false,false,-83.05613,42.34866,"{
  ""coordinates"": [
    -8.305613086499990e+01,
    4.234865472900000e+01
  ],
  ""type"": ""Point""
}","{
  ""coordinates"": [
    -83.056130865,
    42.348654729
  ],
  ""type"": ""Point""
}",-83.0561308649999,42.348654729
23791,9924774,TEMPLE,PARK,2017-01-13,13,1,2017,14,6,97,9,,4,0,,1,2,1,25,4,3,4,4,0,0,0,1,false,,false,false,false,true,false,,,,,,false,false,true,,,false,false,false,false,false,-83.0574,42.34234,"{
  ""coordinates"": [
    -8.305739531300000e+01,
    4.234233965800010e+01
  ],
  ""type"": ""Point""
}","{
  ""coordinates"": [
    -83.057395313,
    42.342339658
  ],
  ""type"": ""Point""
}",-83.057395313,42.3423396580001
23792,9930684,HOOVER,GROESBECK,2017-01-13,13,1,2017,18,6,5,9,,4,0,,1,1,1,30,2,2,4,4,0,0,0,1,false,,false,false,false,false,false,,,,,,false,false,true,,,false,false,false,false,false,-83.00516,42.4472,"{
  ""coordinates"": [
    -8.300515500700000e+01,
    4.244720589000010e+01
  ],
  ""type"": ""Point""
}","{
  ""coordinates"": [
    -83.005155007,
    42.44720589
  ],
  ""type"": ""Point""
}",-83.005155007,42.4472058900001
23793,9924724,W I 96,RAMP 008C,2017-01-13,13,1,2017,19,6,5,1,,1,0,,1,1,4,55,3,2,2,5,0,0,0,0,true,,false,false,false,false,false,,,,,,false,false,false,,,false,false,false,false,false,-83.21727,42.37881,"{
  ""coordinates"": [
    -8.321727170299989e+01,
    4.237880842800010e+01
  ],
  ""type"": ""Point""
}","{
  ""coordinates"": [
    -83.217271703,
    42.378808428
  ],
  ""type"": ""Point""
}",-83.2172717029999,42.3788084280001
23794,9925426,TRUMBULL,FORT,2017-01-13,13,1,2017,9,6,5,3,,4,0,,1,1,1,0,4,2,2,5,0,0,0,0,true,,false,false,false,false,false,,,,,,false,false,false,,,false,false,false,false,false,-83.06184,42.32482,"{
  ""coordinates"": [
    -8.306184146299999e+01,
    4.232481698100000e+01
  ],
  ""type"": ""Point""
}","{
  ""coordinates"": [
    -83.061841463,
    42.324816981
  ],
  ""type"": ""Point""
}",-83.061841463,42.324816981
23795,9924804,TELEGRAPH,7 MILE,2017-01-13,13,1,2017,15,6,4,2,,1,0,,1,1,4,45,4,2,3,4,0,0,0,1,false,,false,false,false,false,false,,,,,,false,false,true,,,false,false,false,false,false,-83.27757,42.42922,"{
  ""coordinates"": [
    -8.327756870499999e+01,
    4.242922023500010e+01
  ],
  ""type"": ""Point""
}","{
  ""coordinates"": [
    -83.277568705,
    42.429220235
  ],
  ""type"": ""Point""
}",-83.277568705,42.4292202350001
23796,9924716,N M 39,SCHOOLCRAFT,2017-01-13,13,1,2017,18,6,5,3,,1,0,,1,1,4,55,3,2,3,4,0,0,0,1,false,,false,false,false,false,false,,,,,,false,false,false,,,false,false,false,false,false,-83.21749,42.38535,"{
  ""coordinates"": [
    -8.321749320100000e+01,
    4.238535340000000e+01
  ],
  ""type"": ""Point""
}","{
  ""coordinates"": [
    -83.217493201,
    42.3853534
  ],
  ""type"": ""Point""
}",-83.217493201,42.3853534
23797,9924827,MCNICHOLS,HUBBELL,2017-01-13,13,1,2017,20,6,9,9,,2,0,,1,1,3,0,4,2,3,5,0,0,0,0,true,,false,false,true,false,false,,,,,,false,false,false,,,false,false,false,false,false,-83.18951,42.41647,"{
  ""coordinates"": [
    -8.318951183599999e+01,
    4.241646644300000e+01
  ],
  ""type"": ""Point""
}","{
  ""coordinates"": [
    -83.189511836,
    42.416466443
  ],
  ""type"": ""Point""
}",-83.189511836,42.416466443
23798,9926360,JEFFERSON,CHENE,2017-01-12,12,1,2017,16,5,3,9,,4,0,,1,1,1,35,7,2,2,5,0,0,0,0,true,,false,false,false,false,false,,,,,,false,false,true,,,false,false,false,false,false,-83.02264,42.33825,"{
  ""coordinates"": [
    -8.302264196000000e+01,
    4.233825178300000e+01
  ],
  ""type"": ""Point""
}","{
  ""coordinates"": [
    -83.02264196,
    42.338251783
  ],
  ""type"": ""Point""
}",-83.02264196,42.338251783
23799,9936616,I-94,TRUMBULL,2017-01-12,12,1,2017,15,5,5,1,,1,0,,1,1,1,55,3,4,3,4,0,0,0,1,false,,false,false,true,false,false,,,,,,false,false,false,,,false,false,false,false,false,-83.08268,42.3553,"{
  ""coordinates"": [
    -8.308267843199999e+01,
    4.235530621000000e+01
  ],
  ""type"": ""Point""
}","{
  ""coordinates"": [
    -83.082678432,
    42.35530621
  ],
  ""type"": ""Point""
}",-83.082678432,42.35530621
23800,9923434,7 MILE,SCHAEFER,2017-01-12,12,1,2017,7,5,8,9,,2,0,,2,4,4,0,7,2,3,5,0,0,0,0,true,,false,false,false,false,false,,,,,,false,false,false,,,false,false,false,false,false,-83.18419,42.43095,"{
  ""coordinates"": [
    -8.318418768899990e+01,
    4.243095075800010e+01
  ],
  ""type"": ""Point""
}","{
  ""coordinates"": [
    -83.184187689,
    42.430950758
  ],
  ""type"": ""Point""
}",-83.1841876889999,42.4309507580001
23801,9923433,7 MILE,SCHAEFER,2017-01-12,12,1,2017,7,5,4,9,,2,0,,2,1,4,35,7,2,2,4,0,0,0,1,false,,false,false,false,false,false,,,,,,false,false,false,,,false,false,false,false,false,-83.1805,42.43108,"{
  ""coordinates"": [
    -8.318050235899990e+01,
    4.243108414600000e+01
  ],
  ""type"": ""Point""
}","{
  ""coordinates"": [
    -83.180502359,
    42.431084146
  ],
  ""type"": ""Point""
}",-83.1805023589999,42.431084146
23802,9942980,MELVILLE,WESTEND,2017-01-12,12,1,2017,0,5,2,9,,,2,,2,4,5,0,2,2,0,5,0,0,0,0,true,,false,false,true,false,false,,,,,,false,false,false,,,false,false,false,false,false,-83.11585,42.29647,"{
  ""coordinates"": [
    -8.311585233600000e+01,
    4.229646633700000e+01
  ],
  ""type"": ""Point""
}","{
  ""coordinates"": [
    -83.115852336,
    42.296466337
  ],
  ""type"": ""Point""
}",-83.115852336,42.296466337
23803,1009925,GRISWOLD,LARNED,2017-01-12,12,1,2017,14,5,98,9,,4,0,,2,4,3,25,2,2,2,5,0,0,0,0,true,,false,false,false,false,false,,,,,,false,false,false,,,false,false,false,false,false,-83.04604,42.32903,"{
  ""coordinates"": [
    -8.304603303700000e+01,
    4.232902546800010e+01
  ],
  ""type"": ""Point""
}","{
  ""coordinates"": [
    -83.046033037,
    42.329025468
  ],
  ""type"": ""Point""
}",-83.046033037,42.3290254680001
23804,9924788,TIREMAN,BRACE,2017-01-12,12,1,2017,23,5,4,9,,4,0,,1,2,4,25,2,2,3,4,0,0,0,2,false,,true,false,true,false,false,,,,,,false,false,false,,,false,false,false,false,true,-83.22337,42.35052,"{
  ""coordinates"": [
    -8.322336439700000e+01,
    4.235051830100010e+01
  ],
  ""type"": ""Point""
}","{
  ""coordinates"": [
    -83.223364397,
    42.350518301
  ],
  ""type"": ""Point""
}",-83.223364397,42.3505183010001
23805,9923442,HEYDEN,CLARITA,2017-01-12,12,1,2017,19,5,5,9,,,0,,1,1,4,25,2,2,0,5,0,0,0,0,true,,false,false,true,false,false,,,,,,false,false,false,,,false,false,false,false,false,-83.24063,42.42656,"{
  ""coordinates"": [
    -8.324063165299999e+01,
    4.242656151500010e+01
  ],
  ""type"": ""Point""
}","{
  ""coordinates"": [
    -83.240631653,
    42.426561515
  ],
  ""type"": ""Point""
}",-83.240631653,42.4265615150001
23806,9924814,SCHOOLCRAFT,OHIO,2017-01-12,12,1,2017,18,5,9,9,,4,0,,2,4,5,25,2,2,2,5,0,0,0,0,true,,false,false,true,false,false,,,,,,false,false,true,,,false,false,false,false,false,-83.15499,42.38859,"{
  ""coordinates"": [
    -8.315498758200000e+01,
    4.238859009000000e+01
  ],
  ""type"": ""Point""
}","{
  ""coordinates"": [
    -83.154987582,
    42.38859009
  ],
  ""type"": ""Point""
}",-83.154987582,42.38859009
23807,9924733,M 39,PLYMOUTH,2017-01-12,12,1,2017,16,5,5,3,,1,0,,1,1,1,55,3,2,2,4,0,0,0,1,false,,false,false,false,false,false,,,,,,false,false,false,,,false,false,false,false,false,-83.21675,42.37199,"{
  ""coordinates"": [
    -8.321675253599990e+01,
    4.237198600600000e+01
  ],
  ""type"": ""Point""
}","{
  ""coordinates"": [
    -83.216752536,
    42.371986006
  ],
  ""type"": ""Point""
}",-83.2167525359999,42.371986006
23808,9937588,WARREN,ANTHONY,2017-01-12,12,1,2017,15,5,4,9,,4,0,,1,1,1,35,5,2,2,2,0,1,0,0,false,,false,false,false,false,false,,,,,,false,false,false,,,false,false,false,false,false,-83.07004,42.35482,"{
  ""coordinates"": [
    -8.307004131699991e+01,
    4.235482593600010e+01
  ],
  ""type"": ""Point""
}","{
  ""coordinates"": [
    -83.070041317,
    42.354825936
  ],
  ""type"": ""Point""
}",-83.0700413169999,42.3548259360001
23809,9923460,ALEXANDRINE,WOODWARD,2017-01-12,12,1,2017,14,5,4,3,,4,0,,2,4,1,35,4,2,1,5,0,0,0,0,true,,false,false,false,false,false,,,,,,false,false,false,,,false,false,false,false,false,-83.05986,42.35065,"{
  ""coordinates"": [
    -8.305985972400001e+01,
    4.235064922600000e+01
  ],
  ""type"": ""Point""
}","{
  ""coordinates"": [
    -83.059859724,
    42.350649226
  ],
  ""type"": ""Point""
}",-83.059859724,42.350649226
23810,9942981,FORT,PLEASANT,2017-01-12,12,1,2017,4,5,1,3,,1,1,,2,1,4,35,6,1,1,5,0,0,0,0,true,,false,false,false,false,false,,,,,,false,false,false,,,false,false,false,false,false,-83.14934,42.28334,"{
  ""coordinates"": [
    -8.314933919800001e+01,
    4.228333633600000e+01
  ],
  ""type"": ""Point""
}","{
  ""coordinates"": [
    -83.149339198,
    42.283336336
  ],
  ""type"": ""Point""
}",-83.149339198,42.283336336
23811,9930734,CONANT,MILO,2017-01-12,12,1,2017,22,5,1,9,,4,0,,1,1,4,30,3,1,3,3,0,0,1,0,false,,false,false,false,false,false,,,,,,false,false,false,,,false,false,false,false,false,-83.06799,42.42497,"{
  ""coordinates"": [
    -8.306798853600000e+01,
    4.242497352300010e+01
  ],
  ""type"": ""Point""
}","{
  ""coordinates"": [
    -83.067988536,
    42.424973523
  ],
  ""type"": ""Point""
}",-83.067988536,42.4249735230001
23812,9924750,I-75,8 MILE,2017-01-12,12,1,2017,8,5,5,1,,1,0,,1,2,1,70,4,2,2,5,0,0,0,0,true,,false,false,false,false,false,,,,,,false,false,false,,,false,false,false,false,false,-83.09505,42.44392,"{
  ""coordinates"": [
    -8.309505452099999e+01,
    4.244392309200000e+01
  ],
  ""type"": ""Point""
}","{
  ""coordinates"": [
    -83.095054521,
    42.443923092
  ],
  ""type"": ""Point""
}",-83.095054521,42.443923092
23813,9924779,WATERMAN,STRATTON,2017-01-12,12,1,2017,9,5,97,9,,4,0,,2,4,1,30,2,1,1,5,0,0,0,0,true,,false,false,false,false,false,,,,,,false,false,false,,,false,false,false,false,false,-83.11618,42.31528,"{
  ""coordinates"": [
    -8.311618389400000e+01,
    4.231528613800000e+01
  ],
  ""type"": ""Point""
}","{
  ""coordinates"": [
    -83.116183894,
    42.315286138
  ],
  ""type"": ""Point""
}",-83.116183894,42.315286138
23814,9923468,MUIRLAND,SANTA CLARA,2017-01-12,12,1,2017,8,5,4,9,,,0,,2,4,1,0,1,2,4,5,0,0,0,0,true,,false,false,false,true,false,,,,,,false,false,false,,,false,false,false,false,false,-83.13426,42.42108,"{
  ""coordinates"": [
    -8.313426098900000e+01,
    4.242107653800010e+01
  ],
  ""type"": ""Point""
}","{
  ""coordinates"": [
    -83.134260989,
    42.421076538
  ],
  ""type"": ""Point""
}",-83.134260989,42.4210765380001
23815,9924739,E I 94,MOUNT ELLIOTT,2017-01-12,12,1,2017,12,5,8,1,,1,0,,2,4,1,55,3,2,2,3,0,0,1,1,false,,false,false,false,false,false,,,,,,false,true,false,,,false,false,false,false,false,-83.03306,42.37971,"{
  ""coordinates"": [
    -8.303305451499990e+01,
    4.237970941900010e+01
  ],
  ""type"": ""Point""
}","{
  ""coordinates"": [
    -83.033054515,
    42.379709419
  ],
  ""type"": ""Point""
}",-83.0330545149999,42.3797094190001
23816,9922237,MORAN,HENDRICKS,2017-01-12,12,1,2017,1,5,4,9,,,0,,2,2,4,25,2,2,2,4,0,0,0,2,false,,true,false,true,false,false,,,,,,false,false,false,,,false,false,false,false,false,-83.02209,42.35416,"{
  ""coordinates"": [
    -8.302208534000000e+01,
    4.235416438900010e+01
  ],
  ""type"": ""Point""
}","{
  ""coordinates"": [
    -83.02208534,
    42.354164389
  ],
  ""type"": ""Point""
}",-83.02208534,42.3541643890001
23817,9926188,M-39,EIGHT MILE,2017-01-12,12,1,2017,17,5,8,3,,1,0,,1,2,4,55,3,2,1,5,0,0,0,0,true,,false,false,true,false,false,,,,,,false,false,false,,,false,false,false,false,false,-83.21964,42.43955,"{
  ""coordinates"": [
    -8.321963734500000e+01,
    4.243954782500000e+01
  ],
  ""type"": ""Point""
}","{
  ""coordinates"": [
    -83.219637345,
    42.439547825
  ],
  ""type"": ""Point""
}",-83.219637345,42.439547825
23818,9924738,S I 75,RAMP 216J,2017-01-12,12,1,2017,7,5,5,1,,1,0,,1,1,5,55,3,2,1,5,0,0,0,0,true,,false,false,true,false,false,,,,,,false,false,false,,,false,false,false,false,false,-83.05877,42.36974,"{
  ""coordinates"": [
    -8.305877263000001e+01,
    4.236974118400010e+01
  ],
  ""type"": ""Point""
}","{
  ""coordinates"": [
    -83.05877263,
    42.369741184
  ],
  ""type"": ""Point""
}",-83.05877263,42.3697411840001
23819,9925409,I-96,FULLERTON,2017-01-12,12,1,2017,7,5,8,1,,1,0,,2,2,2,55,4,2,2,5,0,0,0,0,true,,false,false,false,false,false,,,,,,false,false,true,,,false,false,false,false,false,-83.18703,42.38087,"{
  ""coordinates"": [
    -8.318702660900000e+01,
    4.238087449900010e+01
  ],
  ""type"": ""Point""
}","{
  ""coordinates"": [
    -83.187026609,
    42.380874499
  ],
  ""type"": ""Point""
}",-83.187026609,42.3808744990001
23820,9924818,I 75,DAVISON,2017-01-12,12,1,2017,17,5,5,1,,1,0,,1,1,1,70,4,2,1,5,0,0,0,0,true,,false,false,false,false,false,,,,,,false,true,false,,,false,false,false,false,false,-83.08018,42.40939,"{
  ""coordinates"": [
    -8.308017939400000e+01,
    4.240939180700010e+01
  ],
  ""type"": ""Point""
}","{
  ""coordinates"": [
    -83.080179394,
    42.409391807
  ],
  ""type"": ""Point""
}",-83.080179394,42.4093918070001
23821,9927436,JOHN R,FOREST,2017-01-12,12,1,2017,15,5,5,9,,4,0,,2,2,1,30,4,2,2,5,0,0,0,0,true,,false,false,false,false,false,,,,,,false,false,false,,,false,false,false,false,false,-83.06078,42.35571,"{
  ""coordinates"": [
    -8.306077797700000e+01,
    4.235570699900010e+01
  ],
  ""type"": ""Point""
}","{
  ""coordinates"": [
    -83.060777977,
    42.355706999
  ],
  ""type"": ""Point""
}",-83.060777977,42.3557069990001
23822,9923452,GRATIOT,GRAND,2017-01-12,12,1,2017,21,5,1,1,,1,0,,1,1,4,35,7,1,1,3,0,0,1,0,false,,false,false,false,false,false,,,,,,false,false,false,,,false,false,false,false,false,-83.08443,42.31659,"{
  ""coordinates"": [
    -8.308443801899990e+01,
    4.231658690300000e+01
  ],
  ""type"": ""Point""
}","{
  ""coordinates"": [
    -83.084438019,
    42.316586903
  ],
  ""type"": ""Point""
}",-83.0844380189999,42.316586903
23823,9923461,GRATIOT,MC DOUGALL,2017-01-12,12,1,2017,13,5,4,3,,1,0,,2,4,1,35,9,2,1,5,0,0,0,0,true,,false,false,false,false,false,,,,,,false,false,false,,,false,false,false,false,false,-83.02903,42.3571,"{
  ""coordinates"": [
    -8.302903282999991e+01,
    4.235709639700010e+01
  ],
  ""type"": ""Point""
}","{
  ""coordinates"": [
    -83.02903283,
    42.357096397
  ],
  ""type"": ""Point""
}",-83.0290328299999,42.3570963970001
23824,9923441,DACOSTA,TIREMAN,2017-01-12,12,1,2017,0,5,5,9,,,3,,2,4,4,25,2,2,0,5,0,0,0,0,true,,false,false,true,false,false,,,,,,false,false,false,,,false,false,false,false,false,-83.25809,42.34902,"{
  ""coordinates"": [
    -8.325808367099999e+01,
    4.234901817700010e+01
  ],
  ""type"": ""Point""
}","{
  ""coordinates"": [
    -83.258083671,
    42.349018177
  ],
  ""type"": ""Point""
}",-83.258083671,42.3490181770001
23825,9923453,GREENVIEW,CURTIS,2017-01-12,12,1,2017,18,5,5,9,,,0,,2,1,4,25,1,2,4,5,0,0,0,0,true,,false,false,false,false,false,,,,,,false,false,false,,,false,false,false,false,false,-83.225,42.42267,"{
  ""coordinates"": [
    -8.322499727099991e+01,
    4.242266770400000e+01
  ],
  ""type"": ""Point""
}","{
  ""coordinates"": [
    -83.224997271,
    42.422667704
  ],
  ""type"": ""Point""
}",-83.2249972709999,42.422667704