ObjectId,Crash ID,Primary Road,Intersecting Road,Crash Date,Day,Month,Year,Hour,Weekday,Crash Type Code,Highway Classification Code,Community Code,Jurisdiction Code,Lane Departure Type Code,Surface Type,Road Condition,Weather Condition,Lighting Condition,Speed Limit,Lanes,Units,Occupants,Most Severe Injury,Fatal Injuries,Suspected Serious Injuries,Suspected Minor Injuries,Possible Injuries,Property Damage Only,Secondary Crash,Traffic Control,Red Light Run,Hit and Run,Alcohol,Drugs,Unbelted Person,Work Zone,Speeding Driver,Distracted Driver,Driveway,Pedestrian,Elderly Driver,Young Driver,Commercial Vehicle,Emergency Vehicles,Train,School Bus,Motorcycle,Bicycle,Deer,Longitude,Latitude,geom,geog,x,y
23826,9923438,N M 10,HOWARD,2017-01-12,12,1,2017,9,5,5,3,,1,0,,2,4,1,55,2,2,2,5,0,0,0,0,true,,false,false,false,false,false,,,,,,false,false,false,,,false,false,false,false,false,-83.05765,42.32856,"{
  ""coordinates"": [
    -8.305764745300000e+01,
    4.232856115900010e+01
  ],
  ""type"": ""Point""
}","{
  ""coordinates"": [
    -83.057647453,
    42.328561159
  ],
  ""type"": ""Point""
}",-83.057647453,42.3285611590001
23827,9927409,FISHER,RUSSELL,2017-01-12,12,1,2017,18,5,5,7,,1,0,,1,1,3,45,3,4,3,5,0,0,0,0,true,,false,false,true,false,false,,,,,,false,false,true,,,false,false,false,false,false,-83.03985,42.34477,"{
  ""coordinates"": [
    -8.303984817600001e+01,
    4.234476896600010e+01
  ],
  ""type"": ""Point""
}","{
  ""coordinates"": [
    -83.039848176,
    42.344768966
  ],
  ""type"": ""Point""
}",-83.039848176,42.3447689660001
23828,9923456,PATTON,VASSAR,2017-01-12,12,1,2017,17,5,4,9,,,0,,2,1,4,0,2,2,1,5,0,0,0,0,true,,false,false,true,false,false,,,,,,false,false,false,,,false,false,false,false,false,-83.24532,42.43323,"{
  ""coordinates"": [
    -8.324531907999990e+01,
    4.243322733000010e+01
  ],
  ""type"": ""Point""
}","{
  ""coordinates"": [
    -83.24531908,
    42.43322733
  ],
  ""type"": ""Point""
}",-83.2453190799999,42.4332273300001
23829,9924780,W I 96,RAMP 141D,2017-01-12,12,1,2017,9,5,8,1,,1,0,,2,4,1,55,3,2,1,4,0,0,0,1,false,,false,false,true,false,false,,,,,,false,false,true,,,false,false,false,false,false,-83.14336,42.36945,"{
  ""coordinates"": [
    -8.314336763499990e+01,
    4.236945137700010e+01
  ],
  ""type"": ""Point""
}","{
  ""coordinates"": [
    -83.143367635,
    42.369451377
  ],
  ""type"": ""Point""
}",-83.1433676349999,42.3694513770001
23830,9926382,FORD,LINWOOD,2017-01-12,12,1,2017,16,5,8,9,,,0,,1,1,1,0,3,2,2,5,0,0,0,0,true,,false,false,false,false,false,,,,,,false,false,false,,,false,false,false,false,false,-83.12435,42.396,"{
  ""coordinates"": [
    -8.312434997600000e+01,
    4.239599901100010e+01
  ],
  ""type"": ""Point""
}","{
  ""coordinates"": [
    -83.124349976,
    42.395999011
  ],
  ""type"": ""Point""
}",-83.124349976,42.3959990110001
23831,1010828,TELEGRAPH,GRAND RIVER,2017-01-12,12,1,2017,13,5,1,2,,1,1,,2,1,1,0,4,1,1,5,0,0,0,0,true,,false,false,false,false,false,,,,,,false,false,false,,,false,false,false,false,false,-83.27734,42.42393,"{
  ""coordinates"": [
    -8.327734446999990e+01,
    4.242393420900000e+01
  ],
  ""type"": ""Point""
}","{
  ""coordinates"": [
    -83.27734447,
    42.423934209
  ],
  ""type"": ""Point""
}",-83.2773444699999,42.423934209
23832,9941252,EVERGREEN,EVERGREEN/W I 96,2017-01-12,12,1,2017,9,5,5,1,,4,0,,1,1,1,40,3,3,3,5,0,0,0,0,true,,false,false,false,false,false,,,,,,false,false,true,,,false,false,false,false,false,-83.23672,42.38272,"{
  ""coordinates"": [
    -8.323672468500000e+01,
    4.238271772600010e+01
  ],
  ""type"": ""Point""
}","{
  ""coordinates"": [
    -83.236724685,
    42.382717726
  ],
  ""type"": ""Point""
}",-83.236724685,42.3827177260001
23833,9924751,M-39,MCNICHOLS,2017-01-12,12,1,2017,11,5,5,3,,1,0,,2,4,1,55,3,2,2,5,0,0,0,0,true,,false,false,false,false,false,,,,,,false,false,true,,,false,false,false,false,false,-83.21872,42.41419,"{
  ""coordinates"": [
    -8.321871828099999e+01,
    4.241418823300010e+01
  ],
  ""type"": ""Point""
}","{
  ""coordinates"": [
    -83.218718281,
    42.414188233
  ],
  ""type"": ""Point""
}",-83.218718281,42.4141882330001
23834,9923469,JAMES COUZENS,PILGRIM,2017-01-12,12,1,2017,18,5,8,9,,4,0,,1,1,4,30,3,4,2,4,0,0,0,1,false,,false,false,false,false,false,,,,,,false,false,false,,,false,false,false,false,false,-83.16312,42.40783,"{
  ""coordinates"": [
    -8.316311856300000e+01,
    4.240782895800000e+01
  ],
  ""type"": ""Point""
}","{
  ""coordinates"": [
    -83.163118563,
    42.407828958
  ],
  ""type"": ""Point""
}",-83.163118563,42.407828958
23835,9923464,GRAND,DEXTER,2017-01-12,12,1,2017,9,5,4,9,,4,0,,2,4,1,35,3,2,1,5,0,0,0,0,true,,true,true,true,false,false,,,,,,false,true,false,,,false,false,false,false,false,-83.10871,42.35694,"{
  ""coordinates"": [
    -8.310871178199990e+01,
    4.235693730800010e+01
  ],
  ""type"": ""Point""
}","{
  ""coordinates"": [
    -83.108711782,
    42.356937308
  ],
  ""type"": ""Point""
}",-83.1087117819999,42.3569373080001
23836,9938384,CURTIS,WYOMING,2017-01-12,12,1,2017,22,5,1,9,,4,0,,1,1,4,40,2,1,1,5,0,0,0,0,true,,false,false,false,false,false,,,,,,false,false,false,,,false,false,false,false,false,-83.16099,42.42418,"{
  ""coordinates"": [
    -8.316098780499991e+01,
    4.242417879200010e+01
  ],
  ""type"": ""Point""
}","{
  ""coordinates"": [
    -83.160987805,
    42.424178792
  ],
  ""type"": ""Point""
}",-83.1609878049999,42.4241787920001
23837,9924768,GRISWOLD,LARNED,2017-01-12,12,1,2017,16,5,4,9,,4,0,,1,1,1,25,4,2,2,5,0,0,0,0,true,,false,false,false,false,false,,,,,,false,false,false,,,false,false,false,false,false,-83.04617,42.3292,"{
  ""coordinates"": [
    -8.304616988700000e+01,
    4.232920025800010e+01
  ],
  ""type"": ""Point""
}","{
  ""coordinates"": [
    -83.046169887,
    42.329200258
  ],
  ""type"": ""Point""
}",-83.046169887,42.3292002580001
23838,9932322,CASS,KIRBY,2017-01-12,12,1,2017,16,5,8,9,,4,0,,1,2,1,25,2,2,3,5,0,0,0,0,true,,false,false,false,false,false,,,,,,false,false,false,,,false,false,false,false,false,-83.06836,42.35898,"{
  ""coordinates"": [
    -8.306836077000000e+01,
    4.235898187000000e+01
  ],
  ""type"": ""Point""
}","{
  ""coordinates"": [
    -83.06836077,
    42.35898187
  ],
  ""type"": ""Point""
}",-83.06836077,42.35898187
23839,9923463,DAVISON,OAKMAN,2017-01-12,12,1,2017,6,5,5,3,,1,0,,3,1,4,25,3,2,2,5,0,0,0,0,true,,false,false,false,false,false,,,,,,false,false,false,,,false,false,false,false,false,-83.14449,42.38643,"{
  ""coordinates"": [
    -8.314448456699991e+01,
    4.238643105000010e+01
  ],
  ""type"": ""Point""
}","{
  ""coordinates"": [
    -83.144484567,
    42.38643105
  ],
  ""type"": ""Point""
}",-83.1444845669999,42.3864310500001
23840,9924731,N M 39,PLYMOUTH,2017-01-12,12,1,2017,8,5,5,3,,1,0,,1,1,1,55,3,2,2,5,0,0,0,0,true,,false,false,false,false,false,,,,,,false,false,false,,,false,false,false,false,false,-83.21655,42.37157,"{
  ""coordinates"": [
    -8.321655209100000e+01,
    4.237156603900010e+01
  ],
  ""type"": ""Point""
}","{
  ""coordinates"": [
    -83.216552091,
    42.371566039
  ],
  ""type"": ""Point""
}",-83.216552091,42.3715660390001
23841,9924752,I-94,LIVERNOIS,2017-01-12,12,1,2017,13,5,5,1,,1,0,,2,2,1,55,3,2,2,5,0,0,0,0,true,,false,false,false,false,false,,,,,,false,false,false,,,false,false,false,false,false,-83.12526,42.33732,"{
  ""coordinates"": [
    -8.312526032100000e+01,
    4.233732097400010e+01
  ],
  ""type"": ""Point""
}","{
  ""coordinates"": [
    -83.125260321,
    42.337320974
  ],
  ""type"": ""Point""
}",-83.125260321,42.3373209740001
23842,9925405,I-96,WARREN,2017-01-12,12,1,2017,8,5,5,1,,1,0,,1,1,1,55,5,2,2,5,0,0,0,0,true,,false,false,false,false,false,,,,,,false,false,false,,,false,false,false,false,false,-83.09579,42.3451,"{
  ""coordinates"": [
    -8.309579715200000e+01,
    4.234510152200000e+01
  ],
  ""type"": ""Point""
}","{
  ""coordinates"": [
    -83.095797152,
    42.345101522
  ],
  ""type"": ""Point""
}",-83.095797152,42.345101522
23843,9922238,MOUNT ELLIOTT,VERNOR,2017-01-12,12,1,2017,8,5,8,9,,4,0,,1,2,4,30,2,2,3,5,0,0,0,0,true,,false,false,true,false,false,,,,,,false,false,false,,,false,false,false,false,false,-83.01755,42.35515,"{
  ""coordinates"": [
    -8.301754654699990e+01,
    4.235514988100000e+01
  ],
  ""type"": ""Point""
}","{
  ""coordinates"": [
    -83.017546547,
    42.355149881
  ],
  ""type"": ""Point""
}",-83.0175465469999,42.355149881
23844,9927418,W I 96,W I 96 CD,2017-01-12,12,1,2017,18,5,5,1,,1,0,,1,1,4,55,2,2,4,5,0,0,0,0,true,,false,false,false,false,false,,,,,,false,false,false,,,false,false,false,false,false,-83.25497,42.38559,"{
  ""coordinates"": [
    -8.325496797999990e+01,
    4.238558635200010e+01
  ],
  ""type"": ""Point""
}","{
  ""coordinates"": [
    -83.25496798,
    42.385586352
  ],
  ""type"": ""Point""
}",-83.2549679799999,42.3855863520001
23845,9933132,TIREMAN,GREENVIEW,2017-01-12,12,1,2017,9,5,4,9,,4,0,,2,4,1,30,4,2,1,5,0,0,0,0,true,,false,false,true,false,false,,,,,,false,false,true,,,false,false,false,false,false,-83.22225,42.35054,"{
  ""coordinates"": [
    -8.322225244700000e+01,
    4.235053523700000e+01
  ],
  ""type"": ""Point""
}","{
  ""coordinates"": [
    -83.222252447,
    42.350535237
  ],
  ""type"": ""Point""
}",-83.222252447,42.350535237
23846,9924732,M 39,FORD,2017-01-12,12,1,2017,9,5,1,3,,1,1,,2,4,1,55,3,1,1,4,0,0,0,1,false,,false,false,false,false,false,,,,,,false,false,false,,,false,false,false,false,false,-83.21568,42.33128,"{
  ""coordinates"": [
    -8.321567357200000e+01,
    4.233127922100000e+01
  ],
  ""type"": ""Point""
}","{
  ""coordinates"": [
    -83.215673572,
    42.331279221
  ],
  ""type"": ""Point""
}",-83.215673572,42.331279221
23847,9924799,GREENFIELD,CLARITA,2017-01-12,12,1,2017,12,5,4,9,,2,0,,1,1,1,35,4,2,2,5,0,0,0,0,true,,false,false,true,false,false,,,,,,false,true,false,,,false,false,false,false,false,-83.1998,42.42859,"{
  ""coordinates"": [
    -8.319979673099991e+01,
    4.242858461300010e+01
  ],
  ""type"": ""Point""
}","{
  ""coordinates"": [
    -83.199796731,
    42.428584613
  ],
  ""type"": ""Point""
}",-83.1997967309999,42.4285846130001
23848,9924730,I 96,OUTER,2017-01-12,12,1,2017,7,5,8,1,,1,0,,1,1,4,70,4,2,2,5,0,0,0,0,true,,false,false,false,false,false,,,,,,false,false,false,,,false,false,false,false,false,-83.25694,42.38545,"{
  ""coordinates"": [
    -8.325694334199990e+01,
    4.238545314300010e+01
  ],
  ""type"": ""Point""
}","{
  ""coordinates"": [
    -83.256943342,
    42.385453143
  ],
  ""type"": ""Point""
}",-83.2569433419999,42.3854531430001
23849,9927424,I-94,BRUSH,2017-01-12,12,1,2017,18,5,5,1,,1,0,,2,2,4,55,3,3,3,5,0,0,0,0,true,,false,false,false,false,false,,,,,,false,false,false,,,false,false,false,false,false,-83.06431,42.36588,"{
  ""coordinates"": [
    -8.306430652599990e+01,
    4.236587567800010e+01
  ],
  ""type"": ""Point""
}","{
  ""coordinates"": [
    -83.064306526,
    42.365875678
  ],
  ""type"": ""Point""
}",-83.0643065259999,42.3658756780001
23850,9923444,E I 96,N M 39,2017-01-12,12,1,2017,7,5,5,1,,1,0,,2,1,4,35,2,2,2,5,0,0,0,0,true,,false,false,false,false,false,,,,,,false,false,true,,,false,false,false,false,false,-83.21694,42.37865,"{
  ""coordinates"": [
    -8.321694472000000e+01,
    4.237864632100010e+01
  ],
  ""type"": ""Point""
}","{
  ""coordinates"": [
    -83.21694472,
    42.378646321
  ],
  ""type"": ""Point""
}",-83.21694472,42.3786463210001
23851,9924783,BAGLEY,18TH,2017-01-12,12,1,2017,18,5,8,9,,4,0,,1,2,4,0,2,2,0,5,0,0,0,0,true,,false,false,true,false,false,,,,,,false,false,false,,,false,false,false,false,false,-83.07826,42.32537,"{
  ""coordinates"": [
    -8.307826588899999e+01,
    4.232536882400010e+01
  ],
  ""type"": ""Point""
}","{
  ""coordinates"": [
    -83.078265889,
    42.325368824
  ],
  ""type"": ""Point""
}",-83.078265889,42.3253688240001
23852,9923435,STRATHCONA,GLOUCESTER,2017-01-12,12,1,2017,14,5,9,9,,,0,,2,2,1,25,1,2,0,5,0,0,0,0,true,,false,false,true,false,false,,,,,,false,false,false,,,false,false,false,false,false,-83.1255,42.43721,"{
  ""coordinates"": [
    -8.312550129999990e+01,
    4.243721061000010e+01
  ],
  ""type"": ""Point""
}","{
  ""coordinates"": [
    -83.1255013,
    42.43721061
  ],
  ""type"": ""Point""
}",-83.1255012999999,42.4372106100001
23853,9924784,CHANDLER PARK,KENSINGTON,2017-01-12,12,1,2017,11,5,4,9,,2,0,,2,4,1,30,5,2,3,5,0,0,0,0,true,,false,false,false,false,false,,,,,,false,false,false,,,false,false,false,false,false,-82.93842,42.40895,"{
  ""coordinates"": [
    -8.293841748900000e+01,
    4.240894705400010e+01
  ],
  ""type"": ""Point""
}","{
  ""coordinates"": [
    -82.938417489,
    42.408947054
  ],
  ""type"": ""Point""
}",-82.938417489,42.4089470540001
23854,9929416,M-39,PLYMOUTH,2017-01-12,12,1,2017,18,5,5,3,,1,0,,1,1,4,55,3,2,1,4,0,0,0,1,false,,false,false,true,false,false,,,,,,false,false,false,,,false,false,false,false,false,-83.21643,42.36863,"{
  ""coordinates"": [
    -8.321642775200000e+01,
    4.236863493400010e+01
  ],
  ""type"": ""Point""
}","{
  ""coordinates"": [
    -83.216427752,
    42.368634934
  ],
  ""type"": ""Point""
}",-83.216427752,42.3686349340001
23855,9922252,E I 94,WHITTIER,2017-01-11,11,1,2017,8,4,5,1,,1,0,,3,1,1,30,2,2,2,5,0,0,0,0,true,,false,false,false,false,false,,,,,,false,false,false,,,false,false,false,false,false,-82.94315,42.41291,"{
  ""coordinates"": [
    -8.294315692299990e+01,
    4.241290951700010e+01
  ],
  ""type"": ""Point""
}","{
  ""coordinates"": [
    -82.943156923,
    42.412909517
  ],
  ""type"": ""Point""
}",-82.9431569229999,42.4129095170001
23856,9930682,JEFFERSON,GRAND,2017-01-11,11,1,2017,7,4,8,9,,4,0,,3,1,1,30,4,2,1,5,0,0,0,0,true,,false,false,true,false,false,,,,,,false,false,false,,,false,false,false,false,false,-83.00174,42.34731,"{
  ""coordinates"": [
    -8.300173798400000e+01,
    4.234730840500000e+01
  ],
  ""type"": ""Point""
}","{
  ""coordinates"": [
    -83.001737984,
    42.347308405
  ],
  ""type"": ""Point""
}",-83.001737984,42.347308405
23857,9960133,M-39,PLYMOUTH,2017-01-11,11,1,2017,17,4,5,3,,1,0,,2,4,5,55,3,3,3,4,0,0,0,1,false,,false,false,false,false,false,,,,,,false,false,false,,,false,false,false,false,false,-83.21652,42.37081,"{
  ""coordinates"": [
    -8.321652100100000e+01,
    4.237081074100010e+01
  ],
  ""type"": ""Point""
}","{
  ""coordinates"": [
    -83.216521001,
    42.370810741
  ],
  ""type"": ""Point""
}",-83.216521001,42.3708107410001
23858,9922250,ELMDALE,ROSEBERRY,2017-01-11,11,1,2017,5,4,8,9,,,0,,1,1,2,25,2,2,1,5,0,0,0,0,true,,false,false,true,false,false,,,,,,false,false,false,,,false,false,false,false,false,-82.98454,42.40456,"{
  ""coordinates"": [
    -8.298453704799989e+01,
    4.240456146100010e+01
  ],
  ""type"": ""Point""
}","{
  ""coordinates"": [
    -82.984537048,
    42.404561461
  ],
  ""type"": ""Point""
}",-82.9845370479999,42.4045614610001
23859,9922259,MOUND,RUPERT,2017-01-11,11,1,2017,8,4,97,9,,2,0,,3,1,1,35,2,2,2,5,0,0,0,0,true,,false,false,false,false,false,,,,,,false,false,false,,,false,false,false,false,false,-83.04297,42.41461,"{
  ""coordinates"": [
    -8.304296885699991e+01,
    4.241461296800000e+01
  ],
  ""type"": ""Point""
}","{
  ""coordinates"": [
    -83.042968857,
    42.414612968
  ],
  ""type"": ""Point""
}",-83.0429688569999,42.414612968
23860,1211169,JOY,SOUTHFIELD,2017-01-11,11,1,2017,19,4,9,9,,2,0,,2,4,4,35,6,2,3,5,0,0,0,0,true,,false,false,false,false,false,,,,,,false,false,true,,,false,false,false,false,false,-83.21597,42.35786,"{
  ""coordinates"": [
    -8.321596997200000e+01,
    4.235786444400000e+01
  ],
  ""type"": ""Point""
}","{
  ""coordinates"": [
    -83.215969972,
    42.357864444
  ],
  ""type"": ""Point""
}",-83.215969972,42.357864444
23861,9924728,I 96,M 39,2017-01-11,11,1,2017,7,4,5,1,,1,0,,1,1,1,70,3,2,2,5,0,0,0,0,true,,false,false,false,false,false,,,,,,false,false,true,,,false,false,false,false,false,-83.21822,42.3786,"{
  ""coordinates"": [
    -8.321821262299990e+01,
    4.237860260100010e+01
  ],
  ""type"": ""Point""
}","{
  ""coordinates"": [
    -83.218212623,
    42.378602601
  ],
  ""type"": ""Point""
}",-83.2182126229999,42.3786026010001
23862,9924745,N/B I-75,WARREN,2017-01-11,11,1,2017,9,4,8,1,,1,0,,3,2,4,55,4,2,1,5,0,0,0,0,true,,false,false,true,false,false,,,,,,false,false,false,,,false,false,false,false,false,-83.05206,42.35759,"{
  ""coordinates"": [
    -8.305206400100001e+01,
    4.235758670900000e+01
  ],
  ""type"": ""Point""
}","{
  ""coordinates"": [
    -83.052064001,
    42.357586709
  ],
  ""type"": ""Point""
}",-83.052064001,42.357586709
23863,9928383,JOHN R,PALMER,2017-01-11,11,1,2017,16,4,4,9,,4,0,,2,2,1,0,4,2,3,4,0,0,0,1,false,,false,false,false,false,false,,,,,,false,false,true,,,false,false,false,false,false,-83.06562,42.3629,"{
  ""coordinates"": [
    -8.306562157799991e+01,
    4.236289984000010e+01
  ],
  ""type"": ""Point""
}","{
  ""coordinates"": [
    -83.065621578,
    42.36289984
  ],
  ""type"": ""Point""
}",-83.0656215779999,42.3628998400001
23864,9928291,RAMP 216F,RAMP 216K,2017-01-11,11,1,2017,15,4,8,1,,1,0,,98,1,1,55,1,2,3,5,0,0,0,0,true,,false,false,false,false,false,,,,,,false,false,false,,,false,false,false,false,false,-83.05982,42.36808,"{
  ""coordinates"": [
    -8.305981880300000e+01,
    4.236808555300010e+01
  ],
  ""type"": ""Point""
}","{
  ""coordinates"": [
    -83.059818803,
    42.368085553
  ],
  ""type"": ""Point""
}",-83.059818803,42.3680855530001
23865,9926888,SOUTHFIELD,I 96,2017-01-11,11,1,2017,8,4,5,3,,1,0,,1,2,1,55,3,2,2,4,0,0,0,1,false,,false,false,false,false,false,,,,,,false,false,true,,,false,false,false,false,false,-83.21671,42.37519,"{
  ""coordinates"": [
    -8.321670346000001e+01,
    4.237518730300010e+01
  ],
  ""type"": ""Point""
}","{
  ""coordinates"": [
    -83.21670346,
    42.375187303
  ],
  ""type"": ""Point""
}",-83.21670346,42.3751873030001
23866,9923450,MT ELLIOTT,STRONG,2017-01-11,11,1,2017,22,4,1,9,,4,0,,98,98,4,30,2,2,2,4,0,0,0,1,false,,false,false,true,false,false,,,,,,false,false,false,,,false,false,false,true,false,-83.03854,42.38525,"{
  ""coordinates"": [
    -8.303853387700001e+01,
    4.238524511300010e+01
  ],
  ""type"": ""Point""
}","{
  ""coordinates"": [
    -83.038533877,
    42.385245113
  ],
  ""type"": ""Point""
}",-83.038533877,42.3852451130001
23867,9928384,ANTHONY WAYNE,WARREN,2017-01-11,11,1,2017,17,4,5,9,,4,0,,1,2,4,30,3,2,2,5,0,0,0,0,true,,false,false,false,false,false,,,,,,false,false,true,,,false,false,false,false,false,-83.07108,42.3545,"{
  ""coordinates"": [
    -8.307107239399990e+01,
    4.235450317800010e+01
  ],
  ""type"": ""Point""
}","{
  ""coordinates"": [
    -83.071072394,
    42.354503178
  ],
  ""type"": ""Point""
}",-83.0710723939999,42.3545031780001
23868,9963279,GRISWOLD,CONGRESS,2017-01-11,11,1,2017,10,4,8,9,,4,0,,2,2,1,30,4,2,1,5,0,0,0,0,true,,false,false,false,false,false,,,,,,false,false,false,,,false,false,false,false,false,-83.04673,42.32991,"{
  ""coordinates"": [
    -8.304672787700000e+01,
    4.232991270400000e+01
  ],
  ""type"": ""Point""
}","{
  ""coordinates"": [
    -83.046727877,
    42.329912704
  ],
  ""type"": ""Point""
}",-83.046727877,42.329912704
23869,9931581,BEAUBIEN,JEFFERSON,2017-01-11,11,1,2017,18,4,8,4,,4,0,,1,1,1,35,2,2,3,5,0,0,0,0,true,,false,false,false,false,false,,,,,,false,false,false,,,false,false,false,false,false,-83.03982,42.33086,"{
  ""coordinates"": [
    -8.303981508299999e+01,
    4.233086344800010e+01
  ],
  ""type"": ""Point""
}","{
  ""coordinates"": [
    -83.039815083,
    42.330863448
  ],
  ""type"": ""Point""
}",-83.039815083,42.3308634480001
23870,9922265,WOODWARD,MERTON,2017-01-11,11,1,2017,7,4,8,3,,1,0,,3,1,4,40,4,2,2,5,0,0,0,0,true,,false,false,false,false,false,,,,,,false,false,false,,,false,false,false,false,false,-83.10602,42.41864,"{
  ""coordinates"": [
    -8.310601806800000e+01,
    4.241863854100010e+01
  ],
  ""type"": ""Point""
}","{
  ""coordinates"": [
    -83.106018068,
    42.418638541
  ],
  ""type"": ""Point""
}",-83.106018068,42.4186385410001
23871,9922222,ETHEL,MELVIN,2017-01-11,11,1,2017,10,4,1,9,,,1,,3,2,1,25,2,1,3,3,0,0,1,0,false,,false,false,false,false,false,,,,,,false,false,true,,,false,false,false,false,false,-83.14686,42.2743,"{
  ""coordinates"": [
    -8.314685788199991e+01,
    4.227429843500000e+01
  ],
  ""type"": ""Point""
}","{
  ""coordinates"": [
    -83.146857882,
    42.274298435
  ],
  ""type"": ""Point""
}",-83.1468578819999,42.274298435
23872,9922258,N I 75 SERVICE DRIVE,7 MILE,2017-01-11,11,1,2017,9,4,1,9,,4,1,,3,1,1,30,3,1,1,5,0,0,0,0,true,,false,false,false,false,false,,,,,,false,false,false,,,false,false,false,false,false,-83.09425,42.43249,"{
  ""coordinates"": [
    -8.309424409899999e+01,
    4.243249127900000e+01
  ],
  ""type"": ""Point""
}","{
  ""coordinates"": [
    -83.094244099,
    42.432491279
  ],
  ""type"": ""Point""
}",-83.094244099,42.432491279
23873,9924744,N/B I-75,WARREN,2017-01-11,11,1,2017,8,4,1,1,,1,1,,3,2,2,55,4,1,1,5,0,0,0,0,true,,false,false,false,false,false,,,,,,false,false,false,,,false,false,false,false,false,-83.05206,42.35759,"{
  ""coordinates"": [
    -8.305206400100001e+01,
    4.235758670900000e+01
  ],
  ""type"": ""Point""
}","{
  ""coordinates"": [
    -83.052064001,
    42.357586709
  ],
  ""type"": ""Point""
}",-83.052064001,42.357586709
23874,9924743,N/B I-75,MACK,2017-01-11,11,1,2017,7,4,1,1,,1,1,,3,2,2,55,4,1,1,5,0,0,0,0,true,,false,false,false,false,false,,,,,,false,false,false,,,false,false,false,false,false,-83.05001,42.35447,"{
  ""coordinates"": [
    -8.305001088300000e+01,
    4.235447184000000e+01
  ],
  ""type"": ""Point""
}","{
  ""coordinates"": [
    -83.050010883,
    42.35447184
  ],
  ""type"": ""Point""
}",-83.050010883,42.35447184
23875,9923458,8 MILE,HAYES,2017-01-11,11,1,2017,19,4,4,3,,1,0,,2,4,5,35,3,2,1,4,0,0,0,1,false,,true,true,true,false,false,,,,,,false,false,false,,,false,false,false,false,false,-82.96609,42.44989,"{
  ""coordinates"": [
    -8.296608734199999e+01,
    4.244989323500000e+01
  ],
  ""type"": ""Point""
}","{
  ""coordinates"": [
    -82.966087342,
    42.449893235
  ],
  ""type"": ""Point""
}",-82.966087342,42.449893235
23876,9923454,GRAND RIVER,WESTBROOK,2017-01-11,11,1,2017,18,4,1,3,,1,0,,2,4,4,35,5,2,1,4,0,0,0,1,false,,false,false,false,false,false,,,,,,true,true,false,,,false,false,false,false,false,-83.25121,42.41393,"{
  ""coordinates"": [
    -8.325121024200000e+01,
    4.241393333900000e+01
  ],
  ""type"": ""Point""
}","{
  ""coordinates"": [
    -83.251210242,
    42.413933339
  ],
  ""type"": ""Point""
}",-83.251210242,42.413933339
23877,9922256,DAVISON,LIVERNOIS,2017-01-11,11,1,2017,14,4,5,3,,1,0,,1,1,1,35,6,2,2,4,0,0,0,1,false,,false,false,false,false,false,,,,,,false,false,false,,,false,false,false,false,false,-83.13937,42.38671,"{
  ""coordinates"": [
    -8.313936654400000e+01,
    4.238670571600010e+01
  ],
  ""type"": ""Point""
}","{
  ""coordinates"": [
    -83.139366544,
    42.386705716
  ],
  ""type"": ""Point""
}",-83.139366544,42.3867057160001
23878,9923459,PARK,KILBOURNE,2017-01-11,11,1,2017,21,4,97,9,,,0,,2,4,4,25,4,2,2,5,0,0,0,0,true,,false,false,true,false,false,,,,,,false,false,false,,,false,false,false,false,false,-82.9831,42.41293,"{
  ""coordinates"": [
    -8.298310154200000e+01,
    4.241292697700000e+01
  ],
  ""type"": ""Point""
}","{
  ""coordinates"": [
    -82.983101542,
    42.412926977
  ],
  ""type"": ""Point""
}",-82.983101542,42.412926977
23879,9922221,BALTIMORE,CASS,2017-01-11,11,1,2017,14,4,9,9,,4,0,,1,2,1,30,4,2,2,5,0,0,0,0,true,,false,false,false,false,false,,,,,,false,false,true,,,false,false,false,false,false,-83.07372,42.36779,"{
  ""coordinates"": [
    -8.307372429199999e+01,
    4.236779097000000e+01
  ],
  ""type"": ""Point""
}","{
  ""coordinates"": [
    -83.073724292,
    42.36779097
  ],
  ""type"": ""Point""
}",-83.073724292,42.36779097
23880,9923455,GRAND RIVER,EVERGREEN,2017-01-11,11,1,2017,19,4,5,3,,1,0,,2,4,4,35,5,2,2,5,0,0,0,0,true,,false,false,false,false,false,,,,,,false,false,false,,,false,false,false,false,false,-83.23777,42.40854,"{
  ""coordinates"": [
    -8.323777026300000e+01,
    4.240853990200000e+01
  ],
  ""type"": ""Point""
}","{
  ""coordinates"": [
    -83.237770263,
    42.408539902
  ],
  ""type"": ""Point""
}",-83.237770263,42.408539902
23881,9924721,I-94,SCOTTEN,2017-01-11,11,1,2017,3,4,5,1,,1,0,,1,2,4,55,3,2,2,3,0,0,1,0,false,,false,false,false,false,false,,,,,,false,false,false,,,false,false,false,false,false,-83.11158,42.34605,"{
  ""coordinates"": [
    -8.311157881199991e+01,
    4.234604595300000e+01
  ],
  ""type"": ""Point""
}","{
  ""coordinates"": [
    -83.111578812,
    42.346045953
  ],
  ""type"": ""Point""
}",-83.1115788119999,42.346045953
23882,9922220,THIRD,MICHIGAN,2017-01-11,11,1,2017,11,4,8,2,,4,0,,1,2,1,30,4,2,2,4,0,0,0,1,false,,false,false,false,false,false,,,,,,false,false,false,,,false,false,false,false,false,-83.05739,42.33163,"{
  ""coordinates"": [
    -8.305738683399990e+01,
    4.233162989000000e+01
  ],
  ""type"": ""Point""
}","{
  ""coordinates"": [
    -83.057386834,
    42.33162989
  ],
  ""type"": ""Point""
}",-83.0573868339999,42.33162989