ObjectId,Crash ID,Primary Road,Intersecting Road,Crash Date,Day,Month,Year,Hour,Weekday,Crash Type Code,Highway Classification Code,Community Code,Jurisdiction Code,Lane Departure Type Code,Surface Type,Road Condition,Weather Condition,Lighting Condition,Speed Limit,Lanes,Units,Occupants,Most Severe Injury,Fatal Injuries,Suspected Serious Injuries,Suspected Minor Injuries,Possible Injuries,Property Damage Only,Secondary Crash,Traffic Control,Red Light Run,Hit and Run,Alcohol,Drugs,Unbelted Person,Work Zone,Speeding Driver,Distracted Driver,Driveway,Pedestrian,Elderly Driver,Young Driver,Commercial Vehicle,Emergency Vehicles,Train,School Bus,Motorcycle,Bicycle,Deer,Longitude,Latitude,geom,geog,x,y
23883,9922251,GRATIOT,8 MILE,2017-01-11,11,1,2017,18,4,97,3,,1,0,,2,4,4,35,3,2,5,5,0,0,0,0,true,,false,false,false,false,false,,,,,,false,false,false,,,false,false,false,false,false,-82.9686,42.44886,"{
  ""coordinates"": [
    -8.296859595699991e+01,
    4.244886091600010e+01
  ],
  ""type"": ""Point""
}","{
  ""coordinates"": [
    -82.968595957,
    42.448860916
  ],
  ""type"": ""Point""
}",-82.9685959569999,42.4488609160001
23884,9924736,I-94,TRUMBULL,2017-01-11,11,1,2017,15,4,5,1,,1,0,,1,2,1,55,3,3,3,5,0,0,0,0,true,,false,false,false,false,false,,,,,,false,false,false,,,false,false,false,false,false,-83.08536,42.35443,"{
  ""coordinates"": [
    -8.308535804800000e+01,
    4.235442870100010e+01
  ],
  ""type"": ""Point""
}","{
  ""coordinates"": [
    -83.085358048,
    42.354428701
  ],
  ""type"": ""Point""
}",-83.085358048,42.3544287010001
23885,9924723,W/B I-94,SCOTTEN,2017-01-11,11,1,2017,2,4,8,1,,1,3,,1,1,4,55,3,3,2,5,0,0,0,0,true,,false,false,false,false,false,,,,,,false,false,false,,,false,false,false,false,false,-83.11158,42.34605,"{
  ""coordinates"": [
    -8.311157881199991e+01,
    4.234604595300000e+01
  ],
  ""type"": ""Point""
}","{
  ""coordinates"": [
    -83.111578812,
    42.346045953
  ],
  ""type"": ""Point""
}",-83.1115788119999,42.346045953
23886,9922211,PURITAN,STANSBURY,2017-01-11,11,1,2017,17,4,4,9,,4,0,,2,2,3,30,4,2,2,4,0,0,0,1,false,,true,false,true,false,false,,,,,,false,false,false,,,false,false,false,false,false,-83.18262,42.40927,"{
  ""coordinates"": [
    -8.318261917800000e+01,
    4.240927092000000e+01
  ],
  ""type"": ""Point""
}","{
  ""coordinates"": [
    -83.182619178,
    42.40927092
  ],
  ""type"": ""Point""
}",-83.182619178,42.40927092
23887,9923466,SHERWOOD,8 MILE,2017-01-11,11,1,2017,5,4,8,3,,4,0,,1,1,4,25,2,2,1,5,0,0,0,0,true,,false,false,true,false,false,,,,,,false,false,false,,,false,false,false,false,false,-83.0345,42.44754,"{
  ""coordinates"": [
    -8.303450269299999e+01,
    4.244753893300000e+01
  ],
  ""type"": ""Point""
}","{
  ""coordinates"": [
    -83.034502693,
    42.447538933
  ],
  ""type"": ""Point""
}",-83.034502693,42.447538933
23888,9923443,EVERGREEN,TIREMAN,2017-01-11,11,1,2017,2,4,5,9,,4,0,,1,2,4,30,4,2,0,5,0,0,0,0,true,,false,false,true,false,false,,,,,,false,false,false,,,false,false,false,false,false,-83.23563,42.35006,"{
  ""coordinates"": [
    -8.323563675299989e+01,
    4.235006388800010e+01
  ],
  ""type"": ""Point""
}","{
  ""coordinates"": [
    -83.235636753,
    42.350063888
  ],
  ""type"": ""Point""
}",-83.2356367529999,42.3500638880001
23889,9922260,DWYER,DOROTHY,2017-01-11,11,1,2017,16,4,8,9,,,0,,1,1,1,15,1,2,2,5,0,0,0,0,true,,false,false,false,false,false,,,,,,false,false,false,,,false,true,false,false,false,-83.04005,42.39105,"{
  ""coordinates"": [
    -8.304005161399991e+01,
    4.239105120500010e+01
  ],
  ""type"": ""Point""
}","{
  ""coordinates"": [
    -83.040051614,
    42.391051205
  ],
  ""type"": ""Point""
}",-83.0400516139999,42.3910512050001
23890,9922262,SCHAEFER,7 MILE,2017-01-11,11,1,2017,21,4,3,9,,4,0,,2,1,5,30,5,2,4,5,0,0,0,0,true,,false,false,false,false,false,,,,,,false,false,false,,,false,false,false,false,false,-83.1805,42.43108,"{
  ""coordinates"": [
    -8.318050235899990e+01,
    4.243108414600000e+01
  ],
  ""type"": ""Point""
}","{
  ""coordinates"": [
    -83.180502359,
    42.431084146
  ],
  ""type"": ""Point""
}",-83.1805023589999,42.431084146
23891,9936618,S/B I-375,LAFAYETTE,2017-01-11,11,1,2017,13,4,5,1,,1,0,,1,2,1,55,3,3,5,4,0,0,0,2,false,,false,false,false,false,false,,,,,,false,false,false,,,false,false,false,false,false,-83.04027,42.33877,"{
  ""coordinates"": [
    -8.304027022900000e+01,
    4.233877116200010e+01
  ],
  ""type"": ""Point""
}","{
  ""coordinates"": [
    -83.040270229,
    42.338771162
  ],
  ""type"": ""Point""
}",-83.040270229,42.3387711620001
23892,9922190,RAMP 009B,SOUTHFIELD SERVICE DRIVE,2017-01-11,11,1,2017,7,4,1,3,,1,1,,3,1,2,55,4,1,2,4,0,0,0,2,false,,false,false,false,false,false,,,,,,false,false,true,,,false,false,false,false,false,-83.21802,42.40285,"{
  ""coordinates"": [
    -8.321802112700000e+01,
    4.240284873300000e+01
  ],
  ""type"": ""Point""
}","{
  ""coordinates"": [
    -83.218021127,
    42.402848733
  ],
  ""type"": ""Point""
}",-83.218021127,42.402848733
23893,9922210,LIVERNOIS,TIREMAN,2017-01-11,11,1,2017,15,4,8,9,,4,0,,2,2,1,35,9,2,2,5,0,0,0,0,true,,false,false,false,false,false,,,,,,false,true,false,,,false,true,false,false,false,-83.13573,42.35215,"{
  ""coordinates"": [
    -8.313573637699990e+01,
    4.235214441800010e+01
  ],
  ""type"": ""Point""
}","{
  ""coordinates"": [
    -83.135736377,
    42.352144418
  ],
  ""type"": ""Point""
}",-83.1357363769999,42.3521444180001
23894,9929423,W I 96 CD,RAMP 135E,2017-01-11,11,1,2017,18,4,5,1,,1,0,,2,4,4,55,4,3,3,4,0,0,0,1,false,,false,false,false,false,false,,,,,,false,false,false,,,false,false,false,false,false,-83.24045,42.38387,"{
  ""coordinates"": [
    -8.324044829600000e+01,
    4.238387175200010e+01
  ],
  ""type"": ""Point""
}","{
  ""coordinates"": [
    -83.240448296,
    42.383871752
  ],
  ""type"": ""Point""
}",-83.240448296,42.3838717520001
23895,9927403,N/B M-10,I-94,2017-01-11,11,1,2017,11,4,8,3,,1,0,,1,2,1,55,3,2,2,5,0,0,0,0,true,,false,false,false,false,false,,,,,,false,false,true,,,false,false,false,false,false,-83.0744,42.35567,"{
  ""coordinates"": [
    -8.307440494600000e+01,
    4.235566549200010e+01
  ],
  ""type"": ""Point""
}","{
  ""coordinates"": [
    -83.074404946,
    42.355665492
  ],
  ""type"": ""Point""
}",-83.074404946,42.3556654920001
23896,9922146,M 39,7 MILE,2017-01-11,11,1,2017,12,4,5,3,,1,0,,1,1,1,55,3,2,1,5,0,0,0,0,true,,false,false,true,false,false,,,,,,false,false,false,,,false,false,false,false,false,-83.21942,42.4303,"{
  ""coordinates"": [
    -8.321942152699999e+01,
    4.243029829100000e+01
  ],
  ""type"": ""Point""
}","{
  ""coordinates"": [
    -83.219421527,
    42.430298291
  ],
  ""type"": ""Point""
}",-83.219421527,42.430298291
23897,9923470,SANTA MARIA,OHIO,2017-01-11,11,1,2017,17,4,4,9,,,0,,2,4,4,25,4,2,2,5,0,0,0,0,true,,false,false,false,false,false,,,,,,false,true,false,,,false,false,false,false,false,-83.156,42.41882,"{
  ""coordinates"": [
    -8.315599757599990e+01,
    4.241882130800010e+01
  ],
  ""type"": ""Point""
}","{
  ""coordinates"": [
    -83.155997576,
    42.418821308
  ],
  ""type"": ""Point""
}",-83.1559975759999,42.4188213080001
23898,9924778,VISGER,ELECTRIC,2017-01-11,11,1,2017,12,4,4,9,,4,0,,1,1,1,25,4,2,2,5,0,0,0,0,true,,false,false,false,false,false,,,,,,false,true,false,,,false,false,false,false,false,-83.15997,42.26765,"{
  ""coordinates"": [
    -8.315996621399999e+01,
    4.226764888500000e+01
  ],
  ""type"": ""Point""
}","{
  ""coordinates"": [
    -83.159966214,
    42.267648885
  ],
  ""type"": ""Point""
}",-83.159966214,42.267648885
23899,9927417,RAMP 102D,M 10,2017-01-11,11,1,2017,18,4,1,3,,1,1,,2,4,4,45,1,1,1,5,0,0,0,0,true,,false,false,false,false,false,,,,,,false,false,false,,,false,false,false,false,false,-83.20252,42.44422,"{
  ""coordinates"": [
    -8.320251900900000e+01,
    4.244422155300000e+01
  ],
  ""type"": ""Point""
}","{
  ""coordinates"": [
    -83.202519009,
    42.444221553
  ],
  ""type"": ""Point""
}",-83.202519009,42.444221553
23900,9922236,WARREN,RUSSELL,2017-01-11,11,1,2017,9,4,5,9,,4,0,,3,2,1,30,3,2,2,5,0,0,0,0,true,,false,false,false,false,false,,,,,,false,false,true,,,false,false,false,false,false,-83.05083,42.36207,"{
  ""coordinates"": [
    -8.305082348500000e+01,
    4.236207109300010e+01
  ],
  ""type"": ""Point""
}","{
  ""coordinates"": [
    -83.050823485,
    42.362071093
  ],
  ""type"": ""Point""
}",-83.050823485,42.3620710930001
23901,9949400,PONTCHARTRAIN,7 MILE,2017-01-11,11,1,2017,11,4,8,9,,7,0,,1,2,1,35,4,2,3,5,0,0,0,0,true,,false,false,true,false,false,,,,,,false,false,false,,,false,false,false,false,false,-83.12592,42.43171,"{
  ""coordinates"": [
    -8.312591517500000e+01,
    4.243171111600000e+01
  ],
  ""type"": ""Point""
}","{
  ""coordinates"": [
    -83.125915175,
    42.431711116
  ],
  ""type"": ""Point""
}",-83.125915175,42.431711116
23902,9922263,WARRINGTON,SANTA CLARA,2017-01-11,11,1,2017,7,4,98,9,,,0,,3,7,4,25,2,2,1,5,0,0,0,0,true,,false,false,true,false,false,,,,,,false,false,false,,,false,false,false,false,false,-83.13998,42.42076,"{
  ""coordinates"": [
    -8.313998779699990e+01,
    4.242075617600010e+01
  ],
  ""type"": ""Point""
}","{
  ""coordinates"": [
    -83.139987797,
    42.420756176
  ],
  ""type"": ""Point""
}",-83.1399877969999,42.4207561760001
23903,9927423,E I 96 CD,EVERGREEN,2017-01-11,11,1,2017,23,4,1,1,,1,1,,2,4,4,55,2,1,1,4,0,0,0,1,false,,false,false,false,false,false,,,,,,false,false,false,,,false,false,false,false,false,-83.23642,42.37991,"{
  ""coordinates"": [
    -8.323642170999990e+01,
    4.237990749200000e+01
  ],
  ""type"": ""Point""
}","{
  ""coordinates"": [
    -83.23642171,
    42.379907492
  ],
  ""type"": ""Point""
}",-83.2364217099999,42.379907492
23904,9924722,039A,GRAND RIVER,2017-01-11,11,1,2017,4,4,1,1,,1,1,,3,1,4,25,2,1,1,5,0,0,0,0,true,,false,false,false,false,false,,,,,,false,false,false,,,false,false,false,false,false,-83.05833,42.33735,"{
  ""coordinates"": [
    -8.305832480899990e+01,
    4.233734996400010e+01
  ],
  ""type"": ""Point""
}","{
  ""coordinates"": [
    -83.058324809,
    42.337349964
  ],
  ""type"": ""Point""
}",-83.0583248089999,42.3373499640001
23905,9921038,JEFFERSON,GRAND,2017-01-11,11,1,2017,7,4,8,9,,4,0,,3,2,2,30,7,2,2,5,0,0,0,0,true,,false,false,false,false,false,,,,,,false,false,true,,,false,false,false,false,false,-83.00143,42.34744,"{
  ""coordinates"": [
    -8.300143265400000e+01,
    4.234743906400010e+01
  ],
  ""type"": ""Point""
}","{
  ""coordinates"": [
    -83.001432654,
    42.347439064
  ],
  ""type"": ""Point""
}",-83.001432654,42.3474390640001
23906,9922219,LEDYARD,2ND,2017-01-11,11,1,2017,19,4,8,9,,,0,,2,4,4,25,2,2,1,5,0,0,0,0,true,,false,false,false,false,false,,,,,,false,false,true,,,false,false,false,false,false,-83.06264,42.33892,"{
  ""coordinates"": [
    -8.306264475200000e+01,
    4.233892137500000e+01
  ],
  ""type"": ""Point""
}","{
  ""coordinates"": [
    -83.062644752,
    42.338921375
  ],
  ""type"": ""Point""
}",-83.062644752,42.338921375
23907,9953344,CHAREST,LANTZ,2017-01-11,11,1,2017,21,4,2,9,,,0,,2,4,4,25,2,2,3,5,0,0,0,0,true,,false,false,false,false,false,,,,,,false,false,false,,,false,false,false,false,false,-83.07149,42.4378,"{
  ""coordinates"": [
    -8.307148517500001e+01,
    4.243779995700000e+01
  ],
  ""type"": ""Point""
}","{
  ""coordinates"": [
    -83.071485175,
    42.437799957
  ],
  ""type"": ""Point""
}",-83.071485175,42.437799957
23908,9924718,N/B M-39,FENKELL,2017-01-11,11,1,2017,4,4,8,3,,1,0,,1,1,4,55,3,2,2,5,0,0,0,0,true,,false,false,false,false,false,,,,,,false,false,false,,,false,false,false,false,false,-83.21853,42.40837,"{
  ""coordinates"": [
    -8.321852906200000e+01,
    4.240836732600010e+01
  ],
  ""type"": ""Point""
}","{
  ""coordinates"": [
    -83.218529062,
    42.408367326
  ],
  ""type"": ""Point""
}",-83.218529062,42.4083673260001
23909,9930647,CONNER,CHANDLER PARK,2017-01-11,11,1,2017,7,4,8,9,,4,0,,1,1,2,35,3,2,1,5,0,0,0,0,true,,false,false,true,false,false,,,,,,false,false,false,,,false,false,false,false,false,-82.98335,42.39302,"{
  ""coordinates"": [
    -8.298335642300000e+01,
    4.239301697400000e+01
  ],
  ""type"": ""Point""
}","{
  ""coordinates"": [
    -82.983356423,
    42.393016974
  ],
  ""type"": ""Point""
}",-82.983356423,42.393016974
23910,9922209,MEYERS,WESTFIELD,2017-01-11,11,1,2017,11,4,5,9,,4,0,,2,1,1,30,4,2,1,3,0,0,1,0,false,,false,false,false,false,false,,,,,,false,false,true,,,false,false,false,false,false,-83.16786,42.36386,"{
  ""coordinates"": [
    -8.316786223100000e+01,
    4.236386255400000e+01
  ],
  ""type"": ""Point""
}","{
  ""coordinates"": [
    -83.167862231,
    42.363862554
  ],
  ""type"": ""Point""
}",-83.167862231,42.363862554
23911,9960176,SUSSEX,7 MILE,2017-01-11,11,1,2017,19,4,4,9,,,0,,2,4,5,25,2,2,3,4,0,0,0,2,false,,false,false,false,false,false,,,,,,false,true,true,,,false,false,false,false,false,-83.19616,42.43052,"{
  ""coordinates"": [
    -8.319615846799999e+01,
    4.243052432000010e+01
  ],
  ""type"": ""Point""
}","{
  ""coordinates"": [
    -83.196158468,
    42.43052432
  ],
  ""type"": ""Point""
}",-83.196158468,42.4305243200001
23912,9922257,N I 75 SERVICE DRIVE,7 MILE,2017-01-11,11,1,2017,9,4,1,9,,4,0,,3,1,1,0,2,1,1,4,0,0,0,1,false,,false,false,false,false,false,,,,,,false,false,false,,,false,false,false,false,false,-83.09425,42.43248,"{
  ""coordinates"": [
    -8.309424275299990e+01,
    4.243247692900010e+01
  ],
  ""type"": ""Point""
}","{
  ""coordinates"": [
    -83.094242753,
    42.432476929
  ],
  ""type"": ""Point""
}",-83.0942427529999,42.4324769290001
23913,9923446,WESTMORELAND,VASSAR,2017-01-11,11,1,2017,6,4,4,9,,,0,,3,2,1,25,4,2,2,4,0,0,0,1,false,,true,false,false,false,false,,,,,,false,true,false,,,false,false,false,false,false,-83.23682,42.43324,"{
  ""coordinates"": [
    -8.323681514499999e+01,
    4.243323838500000e+01
  ],
  ""type"": ""Point""
}","{
  ""coordinates"": [
    -83.236815145,
    42.433238385
  ],
  ""type"": ""Point""
}",-83.236815145,42.433238385
23914,9921039,JEFFERSON,GRAND,2017-01-11,11,1,2017,7,4,8,9,,4,0,,3,1,4,35,3,2,3,5,0,0,0,0,true,,false,false,false,false,false,,,,,,false,false,false,,,false,false,false,false,false,-83.00157,42.34738,"{
  ""coordinates"": [
    -8.300156835699990e+01,
    4.234738099300010e+01
  ],
  ""type"": ""Point""
}","{
  ""coordinates"": [
    -83.001568357,
    42.347380993
  ],
  ""type"": ""Point""
}",-83.0015683569999,42.3473809930001
23915,9922261,MCNICHOLS,N I 75,2017-01-11,11,1,2017,23,4,1,9,,2,1,,2,4,4,30,3,1,1,5,0,0,0,0,true,,false,false,false,false,false,,,,,,false,false,false,,,false,false,false,false,false,-83.08767,42.41811,"{
  ""coordinates"": [
    -8.308767210900000e+01,
    4.241810427000010e+01
  ],
  ""type"": ""Point""
}","{
  ""coordinates"": [
    -83.087672109,
    42.41810427
  ],
  ""type"": ""Point""
}",-83.087672109,42.4181042700001
23916,9924729,I 96,VIRGIL,2017-01-11,11,1,2017,17,4,5,1,,1,0,,1,1,1,70,4,2,2,5,0,0,0,0,true,,false,false,false,false,false,,,,,,false,false,false,,,false,false,false,false,false,-83.27148,42.38561,"{
  ""coordinates"": [
    -8.327148361699990e+01,
    4.238561153900010e+01
  ],
  ""type"": ""Point""
}","{
  ""coordinates"": [
    -83.271483617,
    42.385611539
  ],
  ""type"": ""Point""
}",-83.2714836169999,42.3856115390001
23917,9922145,I 94,CHENE,2017-01-11,11,1,2017,7,4,8,1,,1,0,,3,1,4,55,3,3,3,5,0,0,0,0,true,,false,false,false,false,false,,,,,,false,false,false,,,false,false,false,false,false,-83.05078,42.37275,"{
  ""coordinates"": [
    -8.305078284200000e+01,
    4.237275385800010e+01
  ],
  ""type"": ""Point""
}","{
  ""coordinates"": [
    -83.050782842,
    42.372753858
  ],
  ""type"": ""Point""
}",-83.050782842,42.3727538580001
23918,9924737,M-10,CLAIRMOUNT,2017-01-11,11,1,2017,16,4,5,3,,1,0,,1,2,3,55,4,2,2,5,0,0,0,0,true,,false,false,false,false,false,,,,,,false,true,false,,,false,false,false,false,false,-83.08932,42.37844,"{
  ""coordinates"": [
    -8.308931723300000e+01,
    4.237843696300010e+01
  ],
  ""type"": ""Point""
}","{
  ""coordinates"": [
    -83.089317233,
    42.378436963
  ],
  ""type"": ""Point""
}",-83.089317233,42.3784369630001
23919,9922255,JOY,MANOR,2017-01-11,11,1,2017,13,4,8,9,,4,0,,98,98,98,30,3,2,3,5,0,0,0,0,true,,false,false,false,false,false,,,,,,false,false,false,,,false,false,false,false,false,-83.16679,42.35875,"{
  ""coordinates"": [
    -8.316678829400000e+01,
    4.235875416400010e+01
  ],
  ""type"": ""Point""
}","{
  ""coordinates"": [
    -83.166788294,
    42.358754164
  ],
  ""type"": ""Point""
}",-83.166788294,42.3587541640001
23920,9927421,I-96,JOY,2017-01-11,11,1,2017,19,4,5,1,,1,0,,2,4,4,55,3,2,2,5,0,0,0,0,true,,false,false,false,false,false,,,,,,false,false,false,,,false,false,false,false,false,-83.13067,42.36436,"{
  ""coordinates"": [
    -8.313066730100000e+01,
    4.236435893200010e+01
  ],
  ""type"": ""Point""
}","{
  ""coordinates"": [
    -83.130667301,
    42.364358932
  ],
  ""type"": ""Point""
}",-83.130667301,42.3643589320001
23921,9927395,M 10,OAKMAN,2017-01-11,11,1,2017,16,4,1,3,,1,0,,1,1,1,55,3,1,1,5,0,0,0,0,true,,false,false,false,false,false,,,,,,false,false,false,,,false,false,false,false,false,-83.11968,42.40401,"{
  ""coordinates"": [
    -8.311968046000000e+01,
    4.240401124900010e+01
  ],
  ""type"": ""Point""
}","{
  ""coordinates"": [
    -83.11968046,
    42.404011249
  ],
  ""type"": ""Point""
}",-83.11968046,42.4040112490001
23922,9923462,STATE FAIR,KELLY,2017-01-11,11,1,2017,21,4,97,9,,5,3,,2,4,5,25,2,2,0,5,0,0,0,0,true,,false,false,false,false,false,,,,,,false,false,false,,,false,false,false,false,false,-82.94724,42.44296,"{
  ""coordinates"": [
    -8.294723696900000e+01,
    4.244296205600010e+01
  ],
  ""type"": ""Point""
}","{
  ""coordinates"": [
    -82.947236969,
    42.442962056
  ],
  ""type"": ""Point""
}",-82.947236969,42.4429620560001
23923,9927422,DAVISON,RAMP 047E,2017-01-11,11,1,2017,19,4,8,9,,4,0,,2,4,4,55,3,2,1,5,0,0,0,0,true,,false,false,true,false,false,,,,,,false,false,false,,,false,false,false,false,false,-83.07983,42.40848,"{
  ""coordinates"": [
    -8.307982326400000e+01,
    4.240848295900000e+01
  ],
  ""type"": ""Point""
}","{
  ""coordinates"": [
    -83.079823264,
    42.408482959
  ],
  ""type"": ""Point""
}",-83.079823264,42.408482959
23924,9922212,JEFFERSON,WASHINGTON,2017-01-11,11,1,2017,16,4,8,3,,1,0,,2,1,1,25,3,2,3,5,0,0,0,0,true,,false,false,false,false,false,,,,,,false,false,false,,,false,false,false,false,false,-83.04796,42.32726,"{
  ""coordinates"": [
    -8.304795552800000e+01,
    4.232725714400000e+01
  ],
  ""type"": ""Point""
}","{
  ""coordinates"": [
    -83.047955528,
    42.327257144
  ],
  ""type"": ""Point""
}",-83.047955528,42.327257144
23925,9921069,PURITAN,NORMANDY,2017-01-11,11,1,2017,0,4,3,9,,4,0,,2,2,4,30,4,2,4,4,0,0,0,1,false,,false,false,true,false,false,,,,,,false,false,true,,,false,false,false,false,false,-83.12661,42.41018,"{
  ""coordinates"": [
    -8.312661177099990e+01,
    4.241018184200000e+01
  ],
  ""type"": ""Point""
}","{
  ""coordinates"": [
    -83.126611771,
    42.410181842
  ],
  ""type"": ""Point""
}",-83.1266117709999,42.410181842
23926,9920940,M-10,HAMILTON,2017-01-10,10,1,2017,6,3,97,3,,1,0,,4,5,4,55,3,3,3,5,0,0,0,0,true,,false,false,false,false,false,,,,,,false,false,true,,,false,false,false,false,false,-83.09199,42.38118,"{
  ""coordinates"": [
    -8.309199133300000e+01,
    4.238117959200010e+01
  ],
  ""type"": ""Point""
}","{
  ""coordinates"": [
    -83.091991333,
    42.381179592
  ],
  ""type"": ""Point""
}",-83.091991333,42.3811795920001
23927,9921065,LESURE,THATCHER,2017-01-10,10,1,2017,14,3,9,9,,,0,,4,5,1,25,1,2,1,5,0,0,0,0,true,,false,false,true,false,false,,,,,,false,false,false,,,false,false,false,false,false,-83.18243,42.42183,"{
  ""coordinates"": [
    -8.318242461200001e+01,
    4.242183406100000e+01
  ],
  ""type"": ""Point""
}","{
  ""coordinates"": [
    -83.182424612,
    42.421834061
  ],
  ""type"": ""Point""
}",-83.182424612,42.421834061
23928,9927449,SOUTHFIELD SERVICE DRIVE,GLENDALE,2017-01-10,10,1,2017,8,3,5,9,,4,0,,2,2,1,25,4,2,13,4,0,0,0,1,false,,false,false,false,false,false,,,,,,false,false,true,,,false,false,false,false,false,-83.21692,42.382,"{
  ""coordinates"": [
    -8.321691918700000e+01,
    4.238200435900010e+01
  ],
  ""type"": ""Point""
}","{
  ""coordinates"": [
    -83.216919187,
    42.382004359
  ],
  ""type"": ""Point""
}",-83.216919187,42.3820043590001
23929,9920919,I-375,LAFAYETTE,2017-01-10,10,1,2017,0,3,1,1,,1,1,,2,2,4,55,3,1,1,5,0,0,0,0,true,,false,false,false,false,false,,,,,,false,false,false,,,false,false,false,false,false,-83.03757,42.33543,"{
  ""coordinates"": [
    -8.303756662900000e+01,
    4.233542690500010e+01
  ],
  ""type"": ""Point""
}","{
  ""coordinates"": [
    -83.037566629,
    42.335426905
  ],
  ""type"": ""Point""
}",-83.037566629,42.3354269050001
23930,9921056,DAVISON,14TH,2017-01-10,10,1,2017,15,3,5,3,,1,0,,2,1,1,45,6,2,1,5,0,0,0,0,true,,false,false,true,false,false,,,,,,false,false,false,,,false,false,false,false,false,-83.11537,42.39549,"{
  ""coordinates"": [
    -8.311537177299989e+01,
    4.239549264900010e+01
  ],
  ""type"": ""Point""
}","{
  ""coordinates"": [
    -83.115371773,
    42.395492649
  ],
  ""type"": ""Point""
}",-83.1153717729999,42.3954926490001
23931,9947588,S M 39 SERVICE DRIVE,JOY,2017-01-10,10,1,2017,18,3,8,9,,4,0,,2,2,4,55,4,2,2,5,0,0,0,0,true,,false,false,false,false,false,,,,,,false,true,false,,,false,false,false,false,false,-83.21691,42.35804,"{
  ""coordinates"": [
    -8.321691230200000e+01,
    4.235804542800000e+01
  ],
  ""type"": ""Point""
}","{
  ""coordinates"": [
    -83.216912302,
    42.358045428
  ],
  ""type"": ""Point""
}",-83.216912302,42.358045428
23932,9921064,MEYERS,CURTIS,2017-01-10,10,1,2017,13,3,4,9,,4,0,,4,5,1,0,2,2,3,5,0,0,0,0,true,,false,false,false,false,false,,,,,,false,false,false,,,false,false,false,false,false,-83.1704,42.42318,"{
  ""coordinates"": [
    -8.317039964199989e+01,
    4.242317602600010e+01
  ],
  ""type"": ""Point""
}","{
  ""coordinates"": [
    -83.170399642,
    42.423176026
  ],
  ""type"": ""Point""
}",-83.1703996419999,42.4231760260001
23933,9924727,I-75,CLARK,2017-01-10,10,1,2017,7,3,8,1,,1,0,,4,5,2,55,4,2,1,5,0,0,0,0,true,,false,false,true,false,false,,,,,,false,false,false,,,false,false,false,false,false,-83.09267,42.3128,"{
  ""coordinates"": [
    -8.309267071300000e+01,
    4.231280104600010e+01
  ],
  ""type"": ""Point""
}","{
  ""coordinates"": [
    -83.092670713,
    42.312801046
  ],
  ""type"": ""Point""
}",-83.092670713,42.3128010460001
23934,9920918,S I 75,RAMP 216J,2017-01-10,10,1,2017,0,3,1,1,,1,1,,4,5,4,55,2,1,1,5,0,0,0,0,true,,false,false,false,false,false,,,,,,false,false,true,,,false,false,false,false,false,-83.05848,42.36911,"{
  ""coordinates"": [
    -8.305847903199999e+01,
    4.236910996700000e+01
  ],
  ""type"": ""Point""
}","{
  ""coordinates"": [
    -83.058479032,
    42.369109967
  ],
  ""type"": ""Point""
}",-83.058479032,42.369109967
23935,9920994,RAMP 122K,N M 10,2017-01-10,10,1,2017,9,3,1,1,,1,1,,4,5,1,55,4,1,1,5,0,0,0,0,true,,false,false,false,false,false,,,,,,false,false,true,,,false,false,false,false,false,-83.06419,42.33553,"{
  ""coordinates"": [
    -8.306418476999990e+01,
    4.233553380200000e+01
  ],
  ""type"": ""Point""
}","{
  ""coordinates"": [
    -83.06418477,
    42.335533802
  ],
  ""type"": ""Point""
}",-83.0641847699999,42.335533802
23936,9921035,S M 39,RAMP 008K,2017-01-10,10,1,2017,18,3,97,3,,1,1,,2,4,3,55,3,1,5,5,0,0,0,0,true,,false,false,false,false,false,,,,,,false,false,false,,,false,false,false,false,false,-83.21684,42.37363,"{
  ""coordinates"": [
    -8.321683212900000e+01,
    4.237363079700000e+01
  ],
  ""type"": ""Point""
}","{
  ""coordinates"": [
    -83.216832129,
    42.373630797
  ],
  ""type"": ""Point""
}",-83.216832129,42.373630797
23937,9925412,I-96,DAVISON,2017-01-10,10,1,2017,22,3,1,3,,1,1,,2,4,4,70,3,1,1,5,0,0,0,0,true,,false,false,false,false,false,,,,,,false,false,true,,,false,false,false,false,false,-83.11353,42.39618,"{
  ""coordinates"": [
    -8.311352180599989e+01,
    4.239618239100000e+01
  ],
  ""type"": ""Point""
}","{
  ""coordinates"": [
    -83.113521806,
    42.396182391
  ],
  ""type"": ""Point""
}",-83.1135218059999,42.396182391
23938,9922208,I-75,STATE FAIR,2017-01-10,10,1,2017,12,3,8,1,,1,0,,6,4,1,70,3,2,3,5,0,0,0,0,true,,false,false,false,false,false,,,,,,false,false,false,,,false,false,false,false,false,-83.09495,42.44016,"{
  ""coordinates"": [
    -8.309495043999991e+01,
    4.244016208800010e+01
  ],
  ""type"": ""Point""
}","{
  ""coordinates"": [
    -83.09495044,
    42.440162088
  ],
  ""type"": ""Point""
}",-83.0949504399999,42.4401620880001