ObjectId,Crash ID,Primary Road,Intersecting Road,Crash Date,Day,Month,Year,Hour,Weekday,Crash Type Code,Highway Classification Code,Community Code,Jurisdiction Code,Lane Departure Type Code,Surface Type,Road Condition,Weather Condition,Lighting Condition,Speed Limit,Lanes,Units,Occupants,Most Severe Injury,Fatal Injuries,Suspected Serious Injuries,Suspected Minor Injuries,Possible Injuries,Property Damage Only,Secondary Crash,Traffic Control,Red Light Run,Hit and Run,Alcohol,Drugs,Unbelted Person,Work Zone,Speeding Driver,Distracted Driver,Driveway,Pedestrian,Elderly Driver,Young Driver,Commercial Vehicle,Emergency Vehicles,Train,School Bus,Motorcycle,Bicycle,Deer,Longitude,Latitude,geom,geog,x,y
24053,9920916,I 94,I 75,2017-01-09,9,1,2017,22,2,8,1,,1,0,,1,1,4,55,3,2,2,5,0,0,0,0,true,,false,false,false,false,false,,,,,,false,true,false,,,false,false,false,false,false,-83.05764,42.36869,"{
  ""coordinates"": [
    -8.305764079399999e+01,
    4.236869056200000e+01
  ],
  ""type"": ""Point""
}","{
  ""coordinates"": [
    -83.057640794,
    42.368690562
  ],
  ""type"": ""Point""
}",-83.057640794,42.368690562
24054,9921044,GRAND RIVER,7 MILE,2017-01-09,9,1,2017,18,2,4,3,,1,0,,1,1,4,45,8,2,3,5,0,0,0,0,true,,true,true,false,false,false,,,,,,false,false,false,,,false,false,false,false,false,-83.28703,42.42849,"{
  ""coordinates"": [
    -8.328703006400001e+01,
    4.242849054900010e+01
  ],
  ""type"": ""Point""
}","{
  ""coordinates"": [
    -83.287030064,
    42.428490549
  ],
  ""type"": ""Point""
}",-83.287030064,42.4284905490001
24055,9921026,PLYMOUTH,GLASTONBERRY,2017-01-09,9,1,2017,14,2,97,9,,4,0,,1,2,1,35,4,2,2,5,0,0,0,0,true,,false,false,false,false,false,,,,,,false,false,false,,,false,false,false,false,false,-83.22414,42.37213,"{
  ""coordinates"": [
    -8.322414592299999e+01,
    4.237212664100010e+01
  ],
  ""type"": ""Point""
}","{
  ""coordinates"": [
    -83.224145923,
    42.372126641
  ],
  ""type"": ""Point""
}",-83.224145923,42.3721266410001
24056,9922224,SCHAEFER,I96 SERVICE,2017-01-09,9,1,2017,10,2,8,1,,4,0,,1,1,1,35,4,2,6,4,0,0,0,5,false,,false,false,false,false,false,,,,,,false,false,false,,,false,false,false,false,false,-83.17838,42.38382,"{
  ""coordinates"": [
    -8.317837887699990e+01,
    4.238381651500000e+01
  ],
  ""type"": ""Point""
}","{
  ""coordinates"": [
    -83.178378877,
    42.383816515
  ],
  ""type"": ""Point""
}",-83.1783788769999,42.383816515
24057,9922232,FORT,WESTEND,2017-01-09,9,1,2017,8,2,5,3,,1,0,,1,1,1,30,4,2,1,5,0,0,0,0,true,,false,false,true,false,false,,,,,,false,false,false,,,false,false,false,false,false,-83.11925,42.30018,"{
  ""coordinates"": [
    -8.311924881200000e+01,
    4.230017990100000e+01
  ],
  ""type"": ""Point""
}","{
  ""coordinates"": [
    -83.119248812,
    42.300179901
  ],
  ""type"": ""Point""
}",-83.119248812,42.300179901
24058,9925411,I-96,MARTIN LUTHER KING JR,2017-01-09,9,1,2017,9,2,5,1,,1,0,,1,2,1,70,4,3,3,5,0,0,0,0,true,,false,false,false,false,false,,,,,,false,false,true,,,false,false,false,false,false,-83.09098,42.33646,"{
  ""coordinates"": [
    -8.309097734900000e+01,
    4.233646361500010e+01
  ],
  ""type"": ""Point""
}","{
  ""coordinates"": [
    -83.090977349,
    42.336463615
  ],
  ""type"": ""Point""
}",-83.090977349,42.3364636150001
24059,1009943,GRANDRIVER,GLASTONBURY,2017-01-09,9,1,2017,8,2,8,3,,1,0,,1,1,1,35,4,2,2,5,0,0,0,0,true,,false,false,true,false,false,,,,,,false,false,false,,,false,false,false,false,false,-83.22432,42.40313,"{
  ""coordinates"": [
    -8.322431839099990e+01,
    4.240313285100010e+01
  ],
  ""type"": ""Point""
}","{
  ""coordinates"": [
    -83.224318391,
    42.403132851
  ],
  ""type"": ""Point""
}",-83.2243183909999,42.4031328510001
24060,9930712,EVERGREEN,SEVEN MILE,2017-01-09,9,1,2017,7,2,1,9,,4,0,,1,2,1,30,7,2,1,5,0,0,0,0,true,,true,true,false,false,false,,,,,,true,false,false,,,false,false,false,false,false,-83.23888,42.43013,"{
  ""coordinates"": [
    -8.323888471500000e+01,
    4.243013058100010e+01
  ],
  ""type"": ""Point""
}","{
  ""coordinates"": [
    -83.238884715,
    42.430130581
  ],
  ""type"": ""Point""
}",-83.238884715,42.4301305810001
24061,9920952,I-75,MCNICHOLS,2017-01-09,9,1,2017,9,2,5,1,,1,0,,3,5,1,70,4,2,2,5,0,0,0,0,true,,false,false,false,false,false,,,,,,false,false,false,,,false,false,false,false,false,-83.08249,42.41208,"{
  ""coordinates"": [
    -8.308249128400000e+01,
    4.241207906000010e+01
  ],
  ""type"": ""Point""
}","{
  ""coordinates"": [
    -83.082491284,
    42.41207906
  ],
  ""type"": ""Point""
}",-83.082491284,42.4120790600001
24062,9919760,LAFAYETTE,3RD,2017-01-09,9,1,2017,20,2,4,9,,4,0,,1,2,4,25,2,2,2,5,0,0,0,0,true,,false,false,false,false,false,,,,,,false,false,false,,,false,false,false,false,false,-83.05502,42.32861,"{
  ""coordinates"": [
    -8.305502302500000e+01,
    4.232860739900010e+01
  ],
  ""type"": ""Point""
}","{
  ""coordinates"": [
    -83.055023025,
    42.328607399
  ],
  ""type"": ""Point""
}",-83.055023025,42.3286073990001
24063,9920982,I-75,STATE FAIR,2017-01-09,9,1,2017,9,2,5,1,,1,0,,1,2,1,70,4,2,2,5,0,0,0,0,true,,false,false,false,false,false,,,,,,false,false,false,,,false,false,false,false,false,-83.09517,42.43892,"{
  ""coordinates"": [
    -8.309516815700000e+01,
    4.243891717300000e+01
  ],
  ""type"": ""Point""
}","{
  ""coordinates"": [
    -83.095168157,
    42.438917173
  ],
  ""type"": ""Point""
}",-83.095168157,42.438917173
24064,9942404,TIREMAN,ESPER,2017-01-09,9,1,2017,14,2,4,9,,4,0,,1,1,1,25,2,2,1,5,0,0,0,0,true,,false,false,true,false,false,,,,,,false,false,false,,,false,false,false,false,false,-83.16735,42.35151,"{
  ""coordinates"": [
    -8.316734926600000e+01,
    4.235150603400010e+01
  ],
  ""type"": ""Point""
}","{
  ""coordinates"": [
    -83.167349266,
    42.351506034
  ],
  ""type"": ""Point""
}",-83.167349266,42.3515060340001
24065,9921009,ST ANTOINE,THEODORE,2017-01-09,9,1,2017,10,2,10,9,,,3,,1,1,1,0,2,2,2,5,0,0,0,0,true,,false,false,false,false,false,,,,,,false,true,false,,,false,false,false,false,false,-83.05791,42.36074,"{
  ""coordinates"": [
    -8.305791681100000e+01,
    4.236073850600010e+01
  ],
  ""type"": ""Point""
}","{
  ""coordinates"": [
    -83.057916811,
    42.360738506
  ],
  ""type"": ""Point""
}",-83.057916811,42.3607385060001
24066,9921005,MACK,WOODWARD,2017-01-09,9,1,2017,16,2,8,3,,4,0,,1,1,3,30,3,2,3,5,0,0,0,0,true,,false,false,false,false,false,,,,,,false,true,false,,,false,false,false,false,false,-83.05814,42.34743,"{
  ""coordinates"": [
    -8.305814006799990e+01,
    4.234743579200010e+01
  ],
  ""type"": ""Point""
}","{
  ""coordinates"": [
    -83.058140068,
    42.347435792
  ],
  ""type"": ""Point""
}",-83.0581400679999,42.3474357920001
24067,9921045,WARREN,N M 39 SERVICE DRIVE,2017-01-09,9,1,2017,15,2,5,9,,2,0,,1,1,1,25,3,2,2,5,0,0,0,0,true,,false,false,false,false,false,,,,,,false,false,false,,,false,false,false,false,false,-83.21571,42.34338,"{
  ""coordinates"": [
    -8.321571102199989e+01,
    4.234338318500010e+01
  ],
  ""type"": ""Point""
}","{
  ""coordinates"": [
    -83.215711022,
    42.343383185
  ],
  ""type"": ""Point""
}",-83.2157110219999,42.3433831850001
24068,9930646,BRUSH,MECHANIC,2017-01-09,9,1,2017,8,2,8,9,,4,0,,1,1,1,25,2,2,0,5,0,0,0,0,true,,false,false,true,false,false,,,,,,false,false,false,,,false,false,false,false,false,-83.04535,42.33686,"{
  ""coordinates"": [
    -8.304535156599999e+01,
    4.233685641900010e+01
  ],
  ""type"": ""Point""
}","{
  ""coordinates"": [
    -83.045351566,
    42.336856419
  ],
  ""type"": ""Point""
}",-83.045351566,42.3368564190001
24069,9920913,I-75,HOLBROOK,2017-01-09,9,1,2017,6,2,5,1,,1,0,,1,1,2,55,4,2,2,5,0,0,0,0,true,,false,false,false,false,false,,,,,,false,false,true,,,false,false,false,false,false,-83.06816,42.38619,"{
  ""coordinates"": [
    -8.306816334299999e+01,
    4.238619126400000e+01
  ],
  ""type"": ""Point""
}","{
  ""coordinates"": [
    -83.068163343,
    42.386191264
  ],
  ""type"": ""Point""
}",-83.068163343,42.386191264
24070,9920988,RAMP 047E,DAVISON,2017-01-09,9,1,2017,23,2,1,1,,1,1,,1,1,5,30,1,1,2,5,0,0,0,0,true,,false,false,false,false,false,,,,,,false,false,false,,,false,false,false,false,false,-83.07968,42.40849,"{
  ""coordinates"": [
    -8.307967988000000e+01,
    4.240848624900010e+01
  ],
  ""type"": ""Point""
}","{
  ""coordinates"": [
    -83.07967988,
    42.408486249
  ],
  ""type"": ""Point""
}",-83.07967988,42.4084862490001
24071,9921025,CADIEUX,LINVILLE,2017-01-09,9,1,2017,16,2,3,9,,4,0,,1,2,1,30,2,2,4,4,0,0,0,1,false,,false,false,false,false,false,,,,,,false,true,false,,,false,false,false,false,false,-82.93412,42.41262,"{
  ""coordinates"": [
    -8.293411920800000e+01,
    4.241262180400000e+01
  ],
  ""type"": ""Point""
}","{
  ""coordinates"": [
    -82.934119208,
    42.412621804
  ],
  ""type"": ""Point""
}",-82.934119208,42.412621804
24072,9922233,GRAYTON,BERDEN,2017-01-09,9,1,2017,22,2,8,9,,,0,,1,1,4,25,1,2,2,5,0,0,0,0,true,,false,false,true,false,false,,,,,,false,false,false,,,false,false,false,false,false,-82.93759,42.41368,"{
  ""coordinates"": [
    -8.293759422900000e+01,
    4.241367613400010e+01
  ],
  ""type"": ""Point""
}","{
  ""coordinates"": [
    -82.937594229,
    42.413676134
  ],
  ""type"": ""Point""
}",-82.937594229,42.4136761340001
24073,9920983,I-75,SCHAEFER,2017-01-09,9,1,2017,14,2,5,1,,1,0,,1,2,1,70,3,2,3,5,0,0,0,0,true,,false,false,false,false,false,,,,,,false,false,false,,,false,false,false,false,false,-83.15364,42.27805,"{
  ""coordinates"": [
    -8.315363990600000e+01,
    4.227805231000010e+01
  ],
  ""type"": ""Point""
}","{
  ""coordinates"": [
    -83.153639906,
    42.27805231
  ],
  ""type"": ""Point""
}",-83.153639906,42.2780523100001
24074,9919754,BALITIMORE,SECOND,2017-01-09,9,1,2017,8,2,10,9,,4,0,,1,2,1,25,2,2,2,5,0,0,0,0,true,,false,false,true,false,false,,,,,,false,false,false,,,false,false,false,false,false,-83.07577,42.36702,"{
  ""coordinates"": [
    -8.307576796399999e+01,
    4.236702204800010e+01
  ],
  ""type"": ""Point""
}","{
  ""coordinates"": [
    -83.075767964,
    42.367022048
  ],
  ""type"": ""Point""
}",-83.075767964,42.3670220480001
24075,9919758,MARTIN LUTHER KING JR,14TH,2017-01-09,9,1,2017,14,2,5,9,,4,0,,1,2,1,25,3,2,2,4,0,0,0,1,false,,false,false,false,false,false,,,,,,false,true,false,,,false,false,false,false,false,-83.0811,42.33912,"{
  ""coordinates"": [
    -8.308109868799990e+01,
    4.233911389500000e+01
  ],
  ""type"": ""Point""
}","{
  ""coordinates"": [
    -83.081098688,
    42.339113895
  ],
  ""type"": ""Point""
}",-83.0810986879999,42.339113895
24076,9924746,I 94,CADIEUX,2017-01-09,9,1,2017,16,2,5,1,,1,0,,1,1,1,55,3,2,3,4,0,0,0,1,false,,false,false,false,false,false,,,,,,false,false,true,,,false,false,false,false,false,-82.93684,42.41738,"{
  ""coordinates"": [
    -8.293684106599990e+01,
    4.241738162000010e+01
  ],
  ""type"": ""Point""
}","{
  ""coordinates"": [
    -82.936841066,
    42.41738162
  ],
  ""type"": ""Point""
}",-82.9368410659999,42.4173816200001
24077,9919776,DAVISON,MORAN,2017-01-09,9,1,2017,17,2,2,3,,1,2,,1,1,4,35,4,2,3,5,0,0,0,0,true,,false,false,false,false,false,,,,,,false,false,true,,,false,false,false,false,false,-83.06265,42.41512,"{
  ""coordinates"": [
    -8.306265591200000e+01,
    4.241511699600010e+01
  ],
  ""type"": ""Point""
}","{
  ""coordinates"": [
    -83.062655912,
    42.415116996
  ],
  ""type"": ""Point""
}",-83.062655912,42.4151169960001
24078,9919767,CATHEDRAL,PIERSON,2017-01-09,9,1,2017,22,2,4,9,,,0,,1,1,4,25,3,2,3,5,0,0,0,0,true,,false,false,false,false,false,,,,,,false,false,true,,,false,false,false,false,false,-83.24459,42.36095,"{
  ""coordinates"": [
    -8.324458812500001e+01,
    4.236095330200000e+01
  ],
  ""type"": ""Point""
}","{
  ""coordinates"": [
    -83.244588125,
    42.360953302
  ],
  ""type"": ""Point""
}",-83.244588125,42.360953302
24079,9920915,I 75,SCHAEFER,2017-01-09,9,1,2017,18,2,4,1,,1,0,,1,1,4,70,3,2,3,4,0,0,0,1,false,,false,false,false,false,false,,,,,,false,false,true,,,false,false,false,false,false,-83.1546,42.2777,"{
  ""coordinates"": [
    -8.315460225800000e+01,
    4.227770259900010e+01
  ],
  ""type"": ""Point""
}","{
  ""coordinates"": [
    -83.154602258,
    42.277702599
  ],
  ""type"": ""Point""
}",-83.154602258,42.2777025990001
24080,9921017,JEFFERSON,ST JEAN,2017-01-09,9,1,2017,16,2,8,9,,4,0,,1,1,1,35,6,3,4,5,0,0,0,0,true,,false,false,false,false,false,,,,,,false,false,false,,,false,false,false,false,false,-82.97066,42.36697,"{
  ""coordinates"": [
    -8.297065526999999e+01,
    4.236696498800010e+01
  ],
  ""type"": ""Point""
}","{
  ""coordinates"": [
    -82.97065527,
    42.366964988
  ],
  ""type"": ""Point""
}",-82.97065527,42.3669649880001
24081,9923431,WASHINGTON,FORT,2017-01-09,9,1,2017,8,2,4,3,,4,0,,1,1,1,30,4,2,2,5,0,0,0,0,true,,false,false,false,false,false,,,,,,false,false,false,,,false,false,false,false,false,-83.04984,42.32967,"{
  ""coordinates"": [
    -8.304983414199999e+01,
    4.232967352100010e+01
  ],
  ""type"": ""Point""
}","{
  ""coordinates"": [
    -83.049834142,
    42.329673521
  ],
  ""type"": ""Point""
}",-83.049834142,42.3296735210001
24082,9919775,OUTER,RYAN,2017-01-09,9,1,2017,11,2,4,9,,2,0,,1,1,1,35,4,2,2,5,0,0,0,0,true,,true,true,false,false,false,,,,,,false,true,true,,,false,false,false,false,false,-83.06356,42.44054,"{
  ""coordinates"": [
    -8.306356089900000e+01,
    4.244053761100000e+01
  ],
  ""type"": ""Point""
}","{
  ""coordinates"": [
    -83.063560899,
    42.440537611
  ],
  ""type"": ""Point""
}",-83.063560899,42.440537611
24083,9921042,FOSTER,CYMBAL01,2017-01-09,9,1,2017,14,2,97,9,,,0,,3,1,1,0,1,2,1,5,0,0,0,0,true,,false,false,true,false,false,,,,,,false,false,false,,,false,false,false,false,false,-83.03371,42.38833,"{
  ""coordinates"": [
    -8.303370733000000e+01,
    4.238833404800000e+01
  ],
  ""type"": ""Point""
}","{
  ""coordinates"": [
    -83.03370733,
    42.388334048
  ],
  ""type"": ""Point""
}",-83.03370733,42.388334048
24084,9919751,GRISWOLD,FORT,2017-01-09,9,1,2017,7,2,5,3,,4,0,,1,1,1,20,3,2,2,5,0,0,0,0,true,,false,false,true,false,false,,,,,,false,false,true,,,false,false,false,false,false,-83.04732,42.3306,"{
  ""coordinates"": [
    -8.304731557600000e+01,
    4.233060126100000e+01
  ],
  ""type"": ""Point""
}","{
  ""coordinates"": [
    -83.047315576,
    42.330601261
  ],
  ""type"": ""Point""
}",-83.047315576,42.330601261
24085,9921058,WYOMING,FENKELL,2017-01-09,9,1,2017,14,2,5,9,,4,0,,1,1,2,35,4,2,3,5,0,0,0,0,true,,false,false,false,false,false,,,,,,false,false,false,,,false,false,false,false,false,-83.15966,42.40232,"{
  ""coordinates"": [
    -8.315966354600000e+01,
    4.240231937700000e+01
  ],
  ""type"": ""Point""
}","{
  ""coordinates"": [
    -83.159663546,
    42.402319377
  ],
  ""type"": ""Point""
}",-83.159663546,42.402319377
24086,9919763,PATTON,MCNICHOLS,2017-01-09,9,1,2017,21,2,9,9,,,2,,1,2,4,35,5,2,1,5,0,0,0,0,true,,false,false,true,false,false,,,,,,false,false,true,,,false,false,false,false,false,-83.24477,42.415,"{
  ""coordinates"": [
    -8.324476830600000e+01,
    4.241500093600010e+01
  ],
  ""type"": ""Point""
}","{
  ""coordinates"": [
    -83.244768306,
    42.415000936
  ],
  ""type"": ""Point""
}",-83.244768306,42.4150009360001
24087,9944586,MANNING,BROCK,2017-01-09,9,1,2017,10,2,3,9,,,0,,1,1,1,25,2,2,1,5,0,0,0,0,true,,false,false,true,false,false,,,,,,false,false,false,,,false,false,false,false,false,-82.9633,42.44088,"{
  ""coordinates"": [
    -8.296330102800000e+01,
    4.244087439000000e+01
  ],
  ""type"": ""Point""
}","{
  ""coordinates"": [
    -82.963301028,
    42.44087439
  ],
  ""type"": ""Point""
}",-82.963301028,42.44087439
24088,9920981,I-94,MOUNT ELLIOTT,2017-01-09,9,1,2017,8,2,5,1,,1,0,,1,2,2,55,3,2,2,5,0,0,0,0,true,,false,false,false,false,false,,,,,,false,false,true,,,false,false,false,false,false,-83.0331,42.37989,"{
  ""coordinates"": [
    -8.303310213000000e+01,
    4.237988920200010e+01
  ],
  ""type"": ""Point""
}","{
  ""coordinates"": [
    -83.03310213,
    42.379889202
  ],
  ""type"": ""Point""
}",-83.03310213,42.3798892020001
24089,9922283,GRAND,BEAUBIEN,2017-01-09,9,1,2017,10,2,1,9,,4,1,,1,1,1,30,4,1,1,3,0,0,1,0,false,,false,false,false,false,false,,,,,,false,false,false,,,false,false,false,false,false,-83.06705,42.37268,"{
  ""coordinates"": [
    -8.306705305299990e+01,
    4.237267580500000e+01
  ],
  ""type"": ""Point""
}","{
  ""coordinates"": [
    -83.067053053,
    42.372675805
  ],
  ""type"": ""Point""
}",-83.0670530529999,42.372675805
24090,9919757,FORT,ROSA PARKS,2017-01-09,9,1,2017,8,2,2,3,,1,0,,98,98,98,30,5,2,0,5,0,0,0,0,true,,false,false,true,false,false,,,,,,false,false,false,,,false,false,false,false,false,-83.0667,42.32242,"{
  ""coordinates"": [
    -8.306670421599991e+01,
    4.232241895200010e+01
  ],
  ""type"": ""Point""
}","{
  ""coordinates"": [
    -83.066704216,
    42.322418952
  ],
  ""type"": ""Point""
}",-83.0667042159999,42.3224189520001
24091,9919753,PORTER,TRUMBULL,2017-01-09,9,1,2017,10,2,98,9,,,0,,1,1,1,35,2,2,0,5,0,0,0,0,true,,false,false,true,false,false,,,,,,false,false,false,,,false,false,false,false,false,-83.06404,42.32799,"{
  ""coordinates"": [
    -8.306403770799990e+01,
    4.232799113000000e+01
  ],
  ""type"": ""Point""
}","{
  ""coordinates"": [
    -83.064037708,
    42.32799113
  ],
  ""type"": ""Point""
}",-83.0640377079999,42.32799113
24092,9920980,I-96,GRAND,2017-01-09,9,1,2017,7,2,5,1,,1,0,,1,1,4,70,5,3,6,5,0,0,0,0,true,,false,false,false,false,false,,,,,,false,false,false,,,false,false,false,false,false,-83.10782,42.35463,"{
  ""coordinates"": [
    -8.310781748300001e+01,
    4.235463343200010e+01
  ],
  ""type"": ""Point""
}","{
  ""coordinates"": [
    -83.107817483,
    42.354633432
  ],
  ""type"": ""Point""
}",-83.107817483,42.3546334320001
24093,9935355,I-96,DAVISON,2017-01-08,8,1,2017,9,1,8,3,,1,0,,1,1,1,70,3,2,1,5,0,0,0,0,true,,false,false,true,false,false,,,,,,false,true,false,,,false,false,false,false,false,-83.13068,42.38982,"{
  ""coordinates"": [
    -8.313067554199991e+01,
    4.238982093800010e+01
  ],
  ""type"": ""Point""
}","{
  ""coordinates"": [
    -83.130675542,
    42.389820938
  ],
  ""type"": ""Point""
}",-83.1306755419999,42.3898209380001
24094,9918659,W I 96,WARREN,2017-01-08,8,1,2017,3,1,8,1,,1,0,,3,2,4,55,3,2,3,4,0,0,0,1,false,,false,false,true,false,false,,,,,,false,false,false,,,false,false,false,false,false,-83.09688,42.34693,"{
  ""coordinates"": [
    -8.309687912200000e+01,
    4.234693043200010e+01
  ],
  ""type"": ""Point""
}","{
  ""coordinates"": [
    -83.096879122,
    42.346930432
  ],
  ""type"": ""Point""
}",-83.096879122,42.3469304320001
24095,9919772,MCNICHOLS,RYAN,2017-01-08,8,1,2017,17,1,5,9,,4,0,,1,1,3,0,1,2,3,5,0,0,0,0,true,,false,false,false,false,false,,,,,,false,false,true,,,false,false,false,false,false,-83.06251,42.41869,"{
  ""coordinates"": [
    -8.306250944700000e+01,
    4.241869295700010e+01
  ],
  ""type"": ""Point""
}","{
  ""coordinates"": [
    -83.062509447,
    42.418692957
  ],
  ""type"": ""Point""
}",-83.062509447,42.4186929570001
24096,9918682,SEYMOUR,PEORIA,2017-01-08,8,1,2017,20,1,1,9,,4,1,,4,5,4,0,2,1,2,4,0,0,0,2,false,,false,false,false,false,false,,,,,,false,false,false,,,false,false,false,false,false,-82.97686,42.42703,"{
  ""coordinates"": [
    -8.297685757300000e+01,
    4.242703278400010e+01
  ],
  ""type"": ""Point""
}","{
  ""coordinates"": [
    -82.976857573,
    42.427032784
  ],
  ""type"": ""Point""
}",-82.976857573,42.4270327840001
24097,9918673,BRUSH,JEFFERSON,2017-01-08,8,1,2017,14,1,97,4,,,0,,1,1,1,25,3,2,3,5,0,0,0,0,true,,false,false,false,false,false,,,,,,false,true,true,,,false,false,false,false,false,-83.04092,42.33019,"{
  ""coordinates"": [
    -8.304091691399999e+01,
    4.233018728800000e+01
  ],
  ""type"": ""Point""
}","{
  ""coordinates"": [
    -83.040916914,
    42.330187288
  ],
  ""type"": ""Point""
}",-83.040916914,42.330187288
24098,9918645,E/B I-94,LINWOOD,2017-01-08,8,1,2017,3,1,1,1,,1,1,,3,1,4,55,3,1,1,5,0,0,0,0,true,,false,false,false,false,false,,,,,,false,false,true,,,false,false,false,false,false,-83.09544,42.35127,"{
  ""coordinates"": [
    -8.309543266999999e+01,
    4.235127341900010e+01
  ],
  ""type"": ""Point""
}","{
  ""coordinates"": [
    -83.09543267,
    42.351273419
  ],
  ""type"": ""Point""
}",-83.09543267,42.3512734190001
24099,9922226,FORT,VISGER,2017-01-08,8,1,2017,9,1,1,3,,1,0,,3,1,1,30,4,1,1,5,0,0,0,0,true,,false,false,false,false,false,,,,,,false,false,false,,,false,false,false,false,false,-83.16193,42.2686,"{
  ""coordinates"": [
    -8.316193462599990e+01,
    4.226860365200000e+01
  ],
  ""type"": ""Point""
}","{
  ""coordinates"": [
    -83.161934626,
    42.268603652
  ],
  ""type"": ""Point""
}",-83.1619346259999,42.268603652
24100,9921070,FOREST,ANTHONY WAYNE,2017-01-08,8,1,2017,16,1,5,9,,4,0,,1,2,1,30,4,2,4,5,0,0,0,0,true,,false,false,false,false,false,,,,,,false,false,true,,,false,false,false,false,false,-83.06954,42.35246,"{
  ""coordinates"": [
    -8.306954541300000e+01,
    4.235245594700010e+01
  ],
  ""type"": ""Point""
}","{
  ""coordinates"": [
    -83.069545413,
    42.352455947
  ],
  ""type"": ""Point""
}",-83.069545413,42.3524559470001
24101,9922229,VERNOR,JUNCTION,2017-01-08,8,1,2017,21,1,5,9,,4,0,,1,1,4,25,2,2,0,5,0,0,0,0,true,,false,false,true,false,false,,,,,,false,false,false,,,false,false,false,false,false,-83.10215,42.31769,"{
  ""coordinates"": [
    -8.310215336600000e+01,
    4.231769118200000e+01
  ],
  ""type"": ""Point""
}","{
  ""coordinates"": [
    -83.102153366,
    42.317691182
  ],
  ""type"": ""Point""
}",-83.102153366,42.317691182
24102,9921059,LIVERNOIS,JOY,2017-01-08,8,1,2017,20,1,10,9,,4,0,,1,1,5,35,2,2,2,5,0,0,0,0,true,,false,false,false,false,false,,,,,,false,false,false,,,false,false,false,false,false,-83.1384,42.35963,"{
  ""coordinates"": [
    -8.313840002400001e+01,
    4.235963284000010e+01
  ],
  ""type"": ""Point""
}","{
  ""coordinates"": [
    -83.138400024,
    42.35963284
  ],
  ""type"": ""Point""
}",-83.138400024,42.3596328400001
24103,9921020,CONNER,FRANKFORT,2017-01-08,8,1,2017,16,1,4,9,,4,0,,1,2,1,35,5,2,3,4,0,0,0,1,false,,false,false,false,false,false,,,,,,false,false,false,,,false,false,false,false,false,-82.97829,42.39003,"{
  ""coordinates"": [
    -8.297828623299991e+01,
    4.239003239700000e+01
  ],
  ""type"": ""Point""
}","{
  ""coordinates"": [
    -82.978286233,
    42.390032397
  ],
  ""type"": ""Point""
}",-82.9782862329999,42.390032397
24104,1036063,LAHSER,VASSAR,2017-01-08,8,1,2017,6,1,5,9,,2,0,,3,8,4,30,3,2,1,5,0,0,0,0,true,,false,false,false,false,false,,,,,,false,false,false,,,false,false,false,false,false,-83.25845,42.43277,"{
  ""coordinates"": [
    -8.325844281699990e+01,
    4.243277240500000e+01
  ],
  ""type"": ""Point""
}","{
  ""coordinates"": [
    -83.258442817,
    42.432772405
  ],
  ""type"": ""Point""
}",-83.2584428169999,42.432772405
24105,9921053,BURNETTE,WESTFIELD,2017-01-08,8,1,2017,21,1,4,9,,,0,,1,1,4,0,2,2,2,4,0,0,0,1,false,,false,false,true,false,false,,,,,,false,false,false,,,false,false,false,false,false,-83.14194,42.36414,"{
  ""coordinates"": [
    -8.314194014799990e+01,
    4.236413394100000e+01
  ],
  ""type"": ""Point""
}","{
  ""coordinates"": [
    -83.141940148,
    42.364133941
  ],
  ""type"": ""Point""
}",-83.1419401479999,42.364133941
24106,9921004,WOODWARD,GRATIOT,2017-01-08,8,1,2017,16,1,9,9,,4,0,,1,1,1,25,4,2,3,5,0,0,0,0,true,,false,false,false,false,false,,,,,,false,false,true,,,false,false,false,false,false,-83.04781,42.3329,"{
  ""coordinates"": [
    -8.304780932900000e+01,
    4.233290510300000e+01
  ],
  ""type"": ""Point""
}","{
  ""coordinates"": [
    -83.047809329,
    42.332905103
  ],
  ""type"": ""Point""
}",-83.047809329,42.332905103
24107,9921051,KING RICHARD,EVERTS,2017-01-08,8,1,2017,12,1,8,9,,,0,,1,2,1,30,2,2,1,5,0,0,0,0,true,,false,false,false,false,false,,,,,,false,false,false,,,false,false,false,false,false,-82.94483,42.41397,"{
  ""coordinates"": [
    -8.294483480199990e+01,
    4.241397088800010e+01
  ],
  ""type"": ""Point""
}","{
  ""coordinates"": [
    -82.944834802,
    42.413970888
  ],
  ""type"": ""Point""
}",-82.9448348019999,42.4139708880001
24108,9918658,I-94,MT ELLIOTT,2017-01-08,8,1,2017,2,1,5,1,,1,0,,1,2,4,55,3,2,3,5,0,0,0,0,true,,false,false,false,false,false,,,,,,false,false,true,,,false,false,false,false,false,-83.03321,42.37958,"{
  ""coordinates"": [
    -8.303321444900000e+01,
    4.237958141600010e+01
  ],
  ""type"": ""Point""
}","{
  ""coordinates"": [
    -83.033214449,
    42.379581416
  ],
  ""type"": ""Point""
}",-83.033214449,42.3795814160001
24109,9930690,ALTER,KERCHEVAL,2017-01-08,8,1,2017,9,1,2,9,,4,2,,1,1,1,30,2,2,4,4,0,0,0,1,false,,false,false,false,false,false,,,,,,false,false,false,,,false,false,false,false,false,-82.94333,42.38063,"{
  ""coordinates"": [
    -8.294332800200000e+01,
    4.238063006100000e+01
  ],
  ""type"": ""Point""
}","{
  ""coordinates"": [
    -82.943328002,
    42.380630061
  ],
  ""type"": ""Point""
}",-82.943328002,42.380630061