ObjectId,Crash ID,Primary Road,Intersecting Road,Crash Date,Day,Month,Year,Hour,Weekday,Crash Type Code,Highway Classification Code,Community Code,Jurisdiction Code,Lane Departure Type Code,Surface Type,Road Condition,Weather Condition,Lighting Condition,Speed Limit,Lanes,Units,Occupants,Most Severe Injury,Fatal Injuries,Suspected Serious Injuries,Suspected Minor Injuries,Possible Injuries,Property Damage Only,Secondary Crash,Traffic Control,Red Light Run,Hit and Run,Alcohol,Drugs,Unbelted Person,Work Zone,Speeding Driver,Distracted Driver,Driveway,Pedestrian,Elderly Driver,Young Driver,Commercial Vehicle,Emergency Vehicles,Train,School Bus,Motorcycle,Bicycle,Deer,Longitude,Latitude,geom,geog,x,y
24167,9917261,LAFAYETTE,GRAND,2017-01-06,6,1,2017,15,6,8,9,,4,0,,1,2,1,30,2,3,2,5,0,0,0,0,true,,false,false,true,false,false,,,,,,false,true,false,,,false,false,false,false,false,-83.00402,42.3504,"{
  ""coordinates"": [
    -8.300401963300000e+01,
    4.235039923400010e+01
  ],
  ""type"": ""Point""
}","{
  ""coordinates"": [
    -83.004019633,
    42.350399234
  ],
  ""type"": ""Point""
}",-83.004019633,42.3503992340001
24168,9917285,MARTIN LUTHER KING JR,MAYBURY GRAND,2017-01-06,6,1,2017,8,6,5,9,,4,0,,3,8,1,0,2,2,2,5,0,0,0,0,true,,false,false,false,false,false,,,,,,false,false,false,,,false,false,false,false,false,-83.08997,42.33632,"{
  ""coordinates"": [
    -8.308997636700001e+01,
    4.233632278100000e+01
  ],
  ""type"": ""Point""
}","{
  ""coordinates"": [
    -83.089976367,
    42.336322781
  ],
  ""type"": ""Point""
}",-83.089976367,42.336322781
24169,9924807,GRATIOT,GOULBURN,2017-01-06,6,1,2017,20,6,2,3,,1,0,,1,1,4,35,7,2,1,4,0,0,0,1,false,,false,false,true,false,false,,,,,,false,false,false,,,false,false,false,false,false,-82.98769,42.4199,"{
  ""coordinates"": [
    -8.298769384400001e+01,
    4.241989356700000e+01
  ],
  ""type"": ""Point""
}","{
  ""coordinates"": [
    -82.987693844,
    42.419893567
  ],
  ""type"": ""Point""
}",-82.987693844,42.419893567
24170,9917237,MILWAUKEE,JOHN R,2017-01-06,6,1,2017,16,6,5,9,,4,0,,1,2,1,25,2,2,1,5,0,0,0,0,true,,false,false,false,false,false,,,,,,false,true,false,,,false,false,false,false,false,-83.0706,42.36985,"{
  ""coordinates"": [
    -8.307060165300000e+01,
    4.236985248000010e+01
  ],
  ""type"": ""Point""
}","{
  ""coordinates"": [
    -83.070601653,
    42.36985248
  ],
  ""type"": ""Point""
}",-83.070601653,42.3698524800001
24171,9917232,GRAND RIVER,S I 75,2017-01-06,6,1,2017,9,6,4,3,,1,0,,3,2,1,30,6,2,2,5,0,0,0,0,true,,false,false,false,false,false,,,,,,false,false,false,,,false,false,false,false,false,-83.05928,42.33656,"{
  ""coordinates"": [
    -8.305927948100000e+01,
    4.233655394700000e+01
  ],
  ""type"": ""Point""
}","{
  ""coordinates"": [
    -83.059279481,
    42.336553947
  ],
  ""type"": ""Point""
}",-83.059279481,42.336553947
24172,9917264,SOUTHFIELD SERVICE DRIVE,GRAND RIVER,2017-01-06,6,1,2017,8,6,8,3,,4,0,,97,1,1,35,3,2,2,5,0,0,0,0,true,,false,false,false,false,false,,,,,,false,false,false,,,false,false,false,false,false,-83.21799,42.40056,"{
  ""coordinates"": [
    -8.321798451500000e+01,
    4.240055723200000e+01
  ],
  ""type"": ""Point""
}","{
  ""coordinates"": [
    -83.217984515,
    42.400557232
  ],
  ""type"": ""Point""
}",-83.217984515,42.400557232
24173,9920966,E I 96,E M 8,2017-01-06,6,1,2017,9,6,5,1,,1,0,,3,1,1,55,4,2,2,5,0,0,0,0,true,,false,false,false,false,false,,,,,,false,false,true,,,false,false,false,false,false,-83.15838,42.38525,"{
  ""coordinates"": [
    -8.315838106099990e+01,
    4.238525293600000e+01
  ],
  ""type"": ""Point""
}","{
  ""coordinates"": [
    -83.158381061,
    42.385252936
  ],
  ""type"": ""Point""
}",-83.1583810609999,42.385252936
24174,9917270,GRAND RIVER,ARCHDALE,2017-01-06,6,1,2017,21,6,8,3,,1,0,,1,1,4,35,5,2,1,5,0,0,0,0,true,,false,false,true,false,false,,,,,,false,false,false,,,false,false,false,false,false,-83.21645,42.39996,"{
  ""coordinates"": [
    -8.321644385799991e+01,
    4.239996130600010e+01
  ],
  ""type"": ""Point""
}","{
  ""coordinates"": [
    -83.216443858,
    42.399961306
  ],
  ""type"": ""Point""
}",-83.2164438579999,42.3999613060001
24175,9936690,CHICAGO,PATTON,2017-01-06,6,1,2017,20,6,4,9,,4,0,,1,2,4,30,8,2,1,4,0,0,0,2,false,,true,false,true,false,false,,,,,,false,false,true,,,false,false,false,false,false,-83.24217,42.36462,"{
  ""coordinates"": [
    -8.324217330899999e+01,
    4.236461460500000e+01
  ],
  ""type"": ""Point""
}","{
  ""coordinates"": [
    -83.242173309,
    42.364614605
  ],
  ""type"": ""Point""
}",-83.242173309,42.364614605
24176,9920967,RAMP 041A,BRUSH,2017-01-06,6,1,2017,12,6,97,1,,1,0,,3,1,1,55,2,3,5,5,0,0,0,0,true,,false,false,false,false,false,,,,,,false,true,false,,,false,false,false,false,false,-83.04496,42.34175,"{
  ""coordinates"": [
    -8.304495674299990e+01,
    4.234174916700000e+01
  ],
  ""type"": ""Point""
}","{
  ""coordinates"": [
    -83.044956743,
    42.341749167
  ],
  ""type"": ""Point""
}",-83.0449567429999,42.341749167
24177,9917230,PIEDMONT,JOY,2017-01-06,6,1,2017,21,6,98,9,,,0,,2,1,5,25,2,2,0,5,0,0,0,0,true,,false,false,true,false,false,,,,,,false,false,false,,,false,false,false,false,false,-83.22865,42.3578,"{
  ""coordinates"": [
    -8.322864325300000e+01,
    4.235779813800010e+01
  ],
  ""type"": ""Point""
}","{
  ""coordinates"": [
    -83.228643253,
    42.357798138
  ],
  ""type"": ""Point""
}",-83.228643253,42.3577981380001
24178,9917287,S I 75,8 MILE SERVICE DRIVE,2017-01-06,6,1,2017,15,6,6,1,,1,0,,1,5,1,35,3,2,2,5,0,0,0,0,true,,false,false,false,false,false,,,,,,false,false,false,,,false,false,false,false,false,-83.09492,42.44671,"{
  ""coordinates"": [
    -8.309491849999991e+01,
    4.244670856000000e+01
  ],
  ""type"": ""Point""
}","{
  ""coordinates"": [
    -83.0949185,
    42.44670856
  ],
  ""type"": ""Point""
}",-83.0949184999999,42.44670856
24179,9917241,LONYO,RAMP 211D,2017-01-06,6,1,2017,2,6,8,1,,4,0,,4,5,1,25,2,2,1,5,0,0,0,0,true,,false,false,false,false,false,,,,,,false,false,false,,,false,false,false,false,false,-83.1448,42.33095,"{
  ""coordinates"": [
    -8.314479969600001e+01,
    4.233094631400010e+01
  ],
  ""type"": ""Point""
}","{
  ""coordinates"": [
    -83.144799696,
    42.330946314
  ],
  ""type"": ""Point""
}",-83.144799696,42.3309463140001
24180,9920936,E I 96,SCHAEFER,2017-01-06,6,1,2017,7,6,8,1,,1,0,,1,1,2,70,4,2,2,5,0,0,0,0,true,,false,false,false,false,false,,,,,,false,false,false,,,false,false,false,false,false,-83.17789,42.38325,"{
  ""coordinates"": [
    -8.317788708900000e+01,
    4.238325280000000e+01
  ],
  ""type"": ""Point""
}","{
  ""coordinates"": [
    -83.177887089,
    42.3832528
  ],
  ""type"": ""Point""
}",-83.177887089,42.3832528
24181,9922127,E/B I-94,CONCORD,2017-01-06,6,1,2017,12,6,1,1,,1,1,,1,2,1,55,3,1,1,2,0,1,0,0,false,,false,false,false,false,false,,,,,,false,false,true,,,false,false,false,false,false,-83.03244,42.38029,"{
  ""coordinates"": [
    -8.303244227700000e+01,
    4.238029468600010e+01
  ],
  ""type"": ""Point""
}","{
  ""coordinates"": [
    -83.032442277,
    42.380294686
  ],
  ""type"": ""Point""
}",-83.032442277,42.3802946860001
24182,9917215,I-94,MT ELLIOTT,2017-01-06,6,1,2017,19,6,5,1,,1,0,,1,2,4,55,3,2,1,5,0,0,0,0,true,,false,false,true,false,false,,,,,,false,false,false,,,false,false,false,false,false,-83.03795,42.37739,"{
  ""coordinates"": [
    -8.303794546200000e+01,
    4.237738985500000e+01
  ],
  ""type"": ""Point""
}","{
  ""coordinates"": [
    -83.037945462,
    42.377389855
  ],
  ""type"": ""Point""
}",-83.037945462,42.377389855
24183,9917234,HOWARD,S M 10,2017-01-06,6,1,2017,15,6,5,3,,4,0,,1,2,1,30,4,2,2,5,0,0,0,0,true,,false,false,false,false,false,,,,,,false,false,false,,,false,false,false,false,false,-83.05782,42.32851,"{
  ""coordinates"": [
    -8.305781184100000e+01,
    4.232851536900010e+01
  ],
  ""type"": ""Point""
}","{
  ""coordinates"": [
    -83.057811841,
    42.328515369
  ],
  ""type"": ""Point""
}",-83.057811841,42.3285153690001
24184,9917266,FENKELL,FERGUSON,2017-01-06,6,1,2017,15,6,7,9,,2,0,,1,1,1,35,2,2,5,5,0,0,0,0,true,,false,false,false,false,false,,,,,,false,false,false,,,false,false,false,false,false,-83.20933,42.40128,"{
  ""coordinates"": [
    -8.320932762900000e+01,
    4.240128011800000e+01
  ],
  ""type"": ""Point""
}","{
  ""coordinates"": [
    -83.209327629,
    42.401280118
  ],
  ""type"": ""Point""
}",-83.209327629,42.401280118
24185,9917196,N/B M-39,GRAND RIVER,2017-01-06,6,1,2017,20,6,5,3,,1,0,,1,1,4,55,3,2,2,5,0,0,0,0,true,,false,false,false,false,false,,,,,,false,false,true,,,false,false,false,false,false,-83.21816,42.39923,"{
  ""coordinates"": [
    -8.321816251000000e+01,
    4.239922920800010e+01
  ],
  ""type"": ""Point""
}","{
  ""coordinates"": [
    -83.21816251,
    42.399229208
  ],
  ""type"": ""Point""
}",-83.21816251,42.3992292080001
24186,9917268,SALEM,PICKFORD,2017-01-06,6,1,2017,16,6,4,9,,,0,,1,1,1,25,3,2,1,5,0,0,0,0,true,,false,false,false,false,false,,,,,,false,false,false,,,false,false,false,false,false,-83.28555,42.4233,"{
  ""coordinates"": [
    -8.328554493999999e+01,
    4.242330088200000e+01
  ],
  ""type"": ""Point""
}","{
  ""coordinates"": [
    -83.28554494,
    42.423300882
  ],
  ""type"": ""Point""
}",-83.28554494,42.423300882
24187,9917256,PLYMOUTH,ROUGE PARK,2017-01-06,6,1,2017,11,6,5,9,,4,0,,1,1,1,35,4,2,2,4,0,0,0,1,false,,false,false,false,false,false,,,,,,false,false,true,,,false,false,false,false,false,-83.2588,42.37163,"{
  ""coordinates"": [
    -8.325880571700000e+01,
    4.237163310400010e+01
  ],
  ""type"": ""Point""
}","{
  ""coordinates"": [
    -83.258805717,
    42.371633104
  ],
  ""type"": ""Point""
}",-83.258805717,42.3716331040001
24188,9917226,CASS,S I 75,2017-01-06,6,1,2017,9,6,97,9,,4,0,,2,1,1,35,7,2,2,5,0,0,0,0,true,,false,false,false,false,false,,,,,,false,false,false,,,false,false,false,false,false,-83.0565,42.33818,"{
  ""coordinates"": [
    -8.305650632200000e+01,
    4.233817630500000e+01
  ],
  ""type"": ""Point""
}","{
  ""coordinates"": [
    -83.056506322,
    42.338176305
  ],
  ""type"": ""Point""
}",-83.056506322,42.338176305
24189,9922281,WOODWARD,BURROUGHS,2017-01-06,6,1,2017,12,6,5,3,,1,0,,1,2,1,30,6,2,2,5,0,0,0,0,true,,false,false,false,false,false,,,,,,false,false,false,,,false,false,false,false,false,-83.07034,42.36573,"{
  ""coordinates"": [
    -8.307034236999991e+01,
    4.236572791000000e+01
  ],
  ""type"": ""Point""
}","{
  ""coordinates"": [
    -83.07034237,
    42.36572791
  ],
  ""type"": ""Point""
}",-83.0703423699999,42.36572791
24190,9917274,8 MILE,REX,2017-01-06,6,1,2017,10,6,5,3,,1,0,,1,2,1,40,4,2,3,5,0,0,0,0,true,,false,false,false,false,false,,,,,,false,true,false,,,false,false,false,false,false,-82.9595,42.45,"{
  ""coordinates"": [
    -8.295950192200000e+01,
    4.245000499700010e+01
  ],
  ""type"": ""Point""
}","{
  ""coordinates"": [
    -82.959501922,
    42.450004997
  ],
  ""type"": ""Point""
}",-82.959501922,42.4500049970001
24191,9922185,M-10,LINWOOD,2017-01-06,6,1,2017,12,6,1,3,,1,1,,1,1,1,55,3,1,1,4,0,0,0,1,false,,false,false,false,false,false,,,,,,false,false,true,,,false,false,false,false,false,-83.1214,42.40476,"{
  ""coordinates"": [
    -8.312139765800001e+01,
    4.240475971800000e+01
  ],
  ""type"": ""Point""
}","{
  ""coordinates"": [
    -83.121397658,
    42.404759718
  ],
  ""type"": ""Point""
}",-83.121397658,42.404759718
24192,9918666,GROVE,TRACEY,2017-01-06,6,1,2017,18,6,4,9,,,0,,1,1,5,25,4,2,2,4,0,0,0,1,false,,false,false,true,false,false,,,,,,false,false,false,,,false,false,false,false,false,-83.18079,42.41445,"{
  ""coordinates"": [
    -8.318078275499990e+01,
    4.241445238600010e+01
  ],
  ""type"": ""Point""
}","{
  ""coordinates"": [
    -83.180782755,
    42.414452386
  ],
  ""type"": ""Point""
}",-83.1807827549999,42.4144523860001
24193,9918642,W/B I-94,CECIL,2017-01-06,6,1,2017,21,6,8,1,,1,0,,1,1,4,55,3,2,4,4,0,0,0,1,false,,false,false,false,false,false,,,,,,false,false,true,,,false,false,false,false,false,-83.13226,42.33457,"{
  ""coordinates"": [
    -8.313226643199989e+01,
    4.233456756200010e+01
  ],
  ""type"": ""Point""
}","{
  ""coordinates"": [
    -83.132266432,
    42.334567562
  ],
  ""type"": ""Point""
}",-83.1322664319999,42.3345675620001
24194,9917293,LIVERNOIS,FLORENCE,2017-01-06,6,1,2017,10,6,4,9,,4,0,,1,1,1,30,3,2,2,5,0,0,0,0,true,,true,true,false,false,false,,,,,,false,false,true,,,false,false,false,false,false,-83.14052,42.41249,"{
  ""coordinates"": [
    -8.314051678200001e+01,
    4.241248709100010e+01
  ],
  ""type"": ""Point""
}","{
  ""coordinates"": [
    -83.140516782,
    42.412487091
  ],
  ""type"": ""Point""
}",-83.140516782,42.4124870910001
24195,9920996,S M 39,RAMP 010C,2017-01-06,6,1,2017,2,6,1,3,,1,1,,2,5,4,55,1,1,2,5,0,0,0,0,true,,false,false,false,false,false,,,,,,false,false,false,,,false,false,false,false,false,-83.2189,42.41744,"{
  ""coordinates"": [
    -8.321890609300000e+01,
    4.241744173700000e+01
  ],
  ""type"": ""Point""
}","{
  ""coordinates"": [
    -83.218906093,
    42.417441737
  ],
  ""type"": ""Point""
}",-83.218906093,42.417441737
24196,9925408,I-75,7 MILE,2017-01-06,6,1,2017,17,6,5,1,,1,0,,1,2,3,70,4,3,4,5,0,0,0,0,true,,false,false,false,false,false,,,,,,false,false,false,,,false,false,false,false,false,-83.09448,42.43112,"{
  ""coordinates"": [
    -8.309448094200000e+01,
    4.243111905200000e+01
  ],
  ""type"": ""Point""
}","{
  ""coordinates"": [
    -83.094480942,
    42.431119052
  ],
  ""type"": ""Point""
}",-83.094480942,42.431119052
24197,9917235,LAFAYETTE,RANDOLPH,2017-01-06,6,1,2017,17,6,5,3,,4,0,,1,1,1,25,5,2,2,5,0,0,0,0,true,,false,false,false,false,false,,,,,,false,false,false,,,false,false,false,false,false,-83.04408,42.33317,"{
  ""coordinates"": [
    -8.304408334599999e+01,
    4.233316746500000e+01
  ],
  ""type"": ""Point""
}","{
  ""coordinates"": [
    -83.044083346,
    42.333167465
  ],
  ""type"": ""Point""
}",-83.044083346,42.333167465
24198,9917214,M-39,6 MILE,2017-01-06,6,1,2017,18,6,4,3,,1,0,,3,2,4,55,3,2,2,5,0,0,0,0,true,,false,false,false,false,false,,,,,,false,false,true,,,false,false,false,false,false,-83.21889,42.41535,"{
  ""coordinates"": [
    -8.321889175000000e+01,
    4.241535042400010e+01
  ],
  ""type"": ""Point""
}","{
  ""coordinates"": [
    -83.21889175,
    42.415350424
  ],
  ""type"": ""Point""
}",-83.21889175,42.4153504240001
24199,9917257,STAHELIN,KIRKWOOD,2017-01-06,6,1,2017,2,6,2,9,,,2,,3,5,4,25,2,2,0,5,0,0,0,0,true,,false,false,true,false,false,,,,,,false,false,false,,,false,false,false,false,false,-83.22398,42.33212,"{
  ""coordinates"": [
    -8.322397636800000e+01,
    4.233212354000010e+01
  ],
  ""type"": ""Point""
}","{
  ""coordinates"": [
    -83.223976368,
    42.33212354
  ],
  ""type"": ""Point""
}",-83.223976368,42.3321235400001
24200,9917275,HARPER,MOROSS,2017-01-06,6,1,2017,7,6,5,9,,4,0,,1,1,2,55,4,2,2,5,0,0,0,0,true,,false,false,false,false,false,,,,,,false,false,true,,,false,false,false,false,false,-82.92901,42.42496,"{
  ""coordinates"": [
    -8.292901050200000e+01,
    4.242495590200010e+01
  ],
  ""type"": ""Point""
}","{
  ""coordinates"": [
    -82.929010502,
    42.424955902
  ],
  ""type"": ""Point""
}",-82.929010502,42.4249559020001
24201,9917223,OAKMAN,JOY,2017-01-06,6,1,2017,9,6,1,9,,4,0,,3,5,1,25,2,1,1,5,0,0,0,0,true,,false,false,false,false,false,,,,,,false,false,false,,,false,false,false,false,false,-83.16052,42.35916,"{
  ""coordinates"": [
    -8.316052457799999e+01,
    4.235915858000000e+01
  ],
  ""type"": ""Point""
}","{
  ""coordinates"": [
    -83.160524578,
    42.35915858
  ],
  ""type"": ""Point""
}",-83.160524578,42.35915858
24202,9919744,S I 75,RAMP 037F,2017-01-06,6,1,2017,5,6,1,1,,1,1,,3,5,4,55,4,1,1,5,0,0,0,0,true,,false,false,false,false,false,,,,,,false,false,false,,,false,false,false,false,false,-83.08543,42.33186,"{
  ""coordinates"": [
    -8.308542377000001e+01,
    4.233185708900000e+01
  ],
  ""type"": ""Point""
}","{
  ""coordinates"": [
    -83.08542377,
    42.331857089
  ],
  ""type"": ""Point""
}",-83.08542377,42.331857089
24203,9917192,S I 75,RAMP 216B,2017-01-06,6,1,2017,19,6,5,1,,1,0,,1,1,4,70,3,2,2,5,0,0,0,0,true,,false,false,false,false,false,,,,,,false,true,false,,,false,false,false,false,false,-83.05762,42.36729,"{
  ""coordinates"": [
    -8.305762725900000e+01,
    4.236729400700010e+01
  ],
  ""type"": ""Point""
}","{
  ""coordinates"": [
    -83.057627259,
    42.367294007
  ],
  ""type"": ""Point""
}",-83.057627259,42.3672940070001
24204,9917255,S M 39,JOY,2017-01-06,6,1,2017,13,6,5,3,,1,0,,1,1,1,55,6,2,1,5,0,0,0,0,true,,false,false,true,false,false,,,,,,false,false,false,,,false,false,false,false,false,-83.21659,42.35813,"{
  ""coordinates"": [
    -8.321658906300000e+01,
    4.235812705600010e+01
  ],
  ""type"": ""Point""
}","{
  ""coordinates"": [
    -83.216589063,
    42.358127056
  ],
  ""type"": ""Point""
}",-83.216589063,42.3581270560001
24205,9917225,BEAUBIEN,GRAND,2017-01-06,6,1,2017,20,6,4,9,,4,0,,1,1,4,25,4,2,2,5,0,0,0,0,true,,false,false,false,false,false,,,,,,false,false,false,,,false,false,false,false,false,-83.06744,42.37238,"{
  ""coordinates"": [
    -8.306743833300000e+01,
    4.237237600500000e+01
  ],
  ""type"": ""Point""
}","{
  ""coordinates"": [
    -83.067438333,
    42.372376005
  ],
  ""type"": ""Point""
}",-83.067438333,42.372376005
24206,9922282,WOODWARD,MACK,2017-01-06,6,1,2017,1,6,3,3,,1,0,,1,2,1,30,6,2,3,4,0,0,0,1,false,,false,false,false,false,false,,,,,,false,false,false,,,false,false,false,false,false,-83.0579,42.34743,"{
  ""coordinates"": [
    -8.305789789600000e+01,
    4.234742627000000e+01
  ],
  ""type"": ""Point""
}","{
  ""coordinates"": [
    -83.057897896,
    42.34742627
  ],
  ""type"": ""Point""
}",-83.057897896,42.34742627
24207,9924735,I-94,VAN DYKE,2017-01-06,6,1,2017,16,6,8,1,,1,0,,1,1,1,55,3,2,2,4,0,0,0,1,false,,false,false,true,false,false,,,,,,false,false,false,,,false,false,false,false,false,-83.0219,42.38565,"{
  ""coordinates"": [
    -8.302190358300000e+01,
    4.238565104100010e+01
  ],
  ""type"": ""Point""
}","{
  ""coordinates"": [
    -83.021903583,
    42.385651041
  ],
  ""type"": ""Point""
}",-83.021903583,42.3856510410001
24208,9917263,8 MILE,TELEGRAPH,2017-01-06,6,1,2017,14,6,8,3,,1,0,,1,2,1,45,4,2,3,5,0,0,0,0,true,,false,false,false,false,false,,,,,,false,false,false,,,false,false,false,false,false,-83.27802,42.44275,"{
  ""coordinates"": [
    -8.327802232300000e+01,
    4.244275102800000e+01
  ],
  ""type"": ""Point""
}","{
  ""coordinates"": [
    -83.278022323,
    42.442751028
  ],
  ""type"": ""Point""
}",-83.278022323,42.442751028
24209,9917198,S M 39,RAMP 008K,2017-01-06,6,1,2017,18,6,5,3,,1,0,,1,1,4,55,3,2,1,5,0,0,0,0,true,,false,false,true,false,false,,,,,,false,false,true,,,false,false,false,false,false,-83.21684,42.3737,"{
  ""coordinates"": [
    -8.321683656300000e+01,
    4.237370276300000e+01
  ],
  ""type"": ""Point""
}","{
  ""coordinates"": [
    -83.216836563,
    42.373702763
  ],
  ""type"": ""Point""
}",-83.216836563,42.373702763
24210,9927408,RAMP 117A,M-10,2017-01-06,6,1,2017,13,6,8,3,,1,0,,1,2,1,35,2,2,2,5,0,0,0,0,true,,false,false,false,false,false,,,,,,false,false,false,,,false,false,false,false,false,-83.08089,42.3664,"{
  ""coordinates"": [
    -8.308088670200000e+01,
    4.236640060200010e+01
  ],
  ""type"": ""Point""
}","{
  ""coordinates"": [
    -83.080886702,
    42.366400602
  ],
  ""type"": ""Point""
}",-83.080886702,42.3664006020001
24211,9917239,SPRINGWELLS,GARTNER,2017-01-06,6,1,2017,9,6,5,9,,4,0,,4,5,1,25,2,2,2,5,0,0,0,0,true,,false,false,false,false,false,,,,,,false,false,false,,,false,false,false,false,false,-83.12529,42.30877,"{
  ""coordinates"": [
    -8.312528995299991e+01,
    4.230877273900010e+01
  ],
  ""type"": ""Point""
}","{
  ""coordinates"": [
    -83.125289953,
    42.308772739
  ],
  ""type"": ""Point""
}",-83.1252899529999,42.3087727390001
24212,9917296,JOHN R,MACK,2017-01-06,6,1,2017,6,6,5,9,,4,0,,2,1,2,0,2,2,2,5,0,0,0,0,true,,false,false,true,false,false,,,,,,false,false,true,,,false,false,false,false,false,-83.05594,42.34837,"{
  ""coordinates"": [
    -8.305593695999990e+01,
    4.234837240800000e+01
  ],
  ""type"": ""Point""
}","{
  ""coordinates"": [
    -83.05593696,
    42.348372408
  ],
  ""type"": ""Point""
}",-83.0559369599999,42.348372408
24213,9917294,OUTER,JAMES COUZENS,2017-01-06,6,1,2017,13,6,5,9,,2,0,,1,2,1,35,2,2,2,5,0,0,0,0,true,,false,false,true,false,false,,,,,,false,true,false,,,false,false,false,false,false,-83.17601,42.42096,"{
  ""coordinates"": [
    -8.317600692199990e+01,
    4.242095767700000e+01
  ],
  ""type"": ""Point""
}","{
  ""coordinates"": [
    -83.176006922,
    42.420957677
  ],
  ""type"": ""Point""
}",-83.1760069219999,42.420957677
24214,9917299,SEVEN MILE,WHITCOMB,2017-01-06,6,1,2017,19,6,6,9,,2,0,,1,1,4,0,4,2,2,5,0,0,0,0,true,,false,false,true,false,false,,,,,,false,false,false,,,false,false,false,false,false,-83.19779,42.43048,"{
  ""coordinates"": [
    -8.319779275000000e+01,
    4.243047833400000e+01
  ],
  ""type"": ""Point""
}","{
  ""coordinates"": [
    -83.19779275,
    42.430478334
  ],
  ""type"": ""Point""
}",-83.19779275,42.430478334
24215,9917265,SOUTHFIELD,KIRKWOOD,2017-01-06,6,1,2017,15,6,5,3,,1,0,,4,2,1,0,2,2,1,3,0,0,1,0,false,,false,false,true,false,false,,,,,,false,false,false,,,false,false,false,false,false,-83.21623,42.33226,"{
  ""coordinates"": [
    -8.321623391599999e+01,
    4.233225736100010e+01
  ],
  ""type"": ""Point""
}","{
  ""coordinates"": [
    -83.216233916,
    42.332257361
  ],
  ""type"": ""Point""
}",-83.216233916,42.3322573610001
24216,9921071,ANTHONY WAYNE,WARREN,2017-01-06,6,1,2017,16,6,5,9,,4,0,,97,2,1,25,3,3,3,5,0,0,0,0,true,,false,false,false,false,false,,,,,,false,false,true,,,false,false,false,false,false,-83.0711,42.35456,"{
  ""coordinates"": [
    -8.307110183000000e+01,
    4.235455523800000e+01
  ],
  ""type"": ""Point""
}","{
  ""coordinates"": [
    -83.07110183,
    42.354555238
  ],
  ""type"": ""Point""
}",-83.07110183,42.354555238
24217,9918667,MCNICHOLS,STANSBURY,2017-01-06,6,1,2017,21,6,5,9,,2,0,,1,1,4,35,4,2,4,5,0,0,0,0,true,,false,false,false,false,false,,,,,,false,false,true,,,false,false,false,false,false,-83.1833,42.41656,"{
  ""coordinates"": [
    -8.318329474699991e+01,
    4.241655554700000e+01
  ],
  ""type"": ""Point""
}","{
  ""coordinates"": [
    -83.183294747,
    42.416555547
  ],
  ""type"": ""Point""
}",-83.1832947469999,42.416555547
24218,9917228,JOHN C LODGE SERVICE,LOTHROP,2017-01-06,6,1,2017,16,6,5,9,,4,0,,1,1,1,35,3,2,2,5,0,0,0,0,true,,false,false,false,false,false,,,,,,false,false,false,,,false,false,false,false,false,-83.08237,42.36856,"{
  ""coordinates"": [
    -8.308236581599991e+01,
    4.236855943100010e+01
  ],
  ""type"": ""Point""
}","{
  ""coordinates"": [
    -83.082365816,
    42.368559431
  ],
  ""type"": ""Point""
}",-83.0823658159999,42.3685594310001
24219,9917233,FORT,SHELBY,2017-01-06,6,1,2017,12,6,8,3,,1,0,,1,2,1,30,6,2,3,5,0,0,0,0,true,,false,false,false,false,false,,,,,,false,false,false,,,false,false,false,false,false,-83.04883,42.3301,"{
  ""coordinates"": [
    -8.304882700199990e+01,
    4.233010338700010e+01
  ],
  ""type"": ""Point""
}","{
  ""coordinates"": [
    -83.048827002,
    42.330103387
  ],
  ""type"": ""Point""
}",-83.0488270019999,42.3301033870001
24220,9917248,PITT,INGLIS,2017-01-06,6,1,2017,21,6,4,9,,,0,,3,1,4,25,2,2,2,5,0,0,0,0,true,,false,false,false,false,false,,,,,,false,false,true,,,false,false,false,false,false,-83.12975,42.31285,"{
  ""coordinates"": [
    -8.312974655200000e+01,
    4.231284880900010e+01
  ],
  ""type"": ""Point""
}","{
  ""coordinates"": [
    -83.129746552,
    42.312848809
  ],
  ""type"": ""Point""
}",-83.129746552,42.3128488090001
24221,9918641,N/B M-39,GRAND,2017-01-06,6,1,2017,18,6,5,3,,1,0,,1,1,4,55,3,3,4,4,0,0,0,1,false,,false,false,true,false,false,,,,,,false,false,true,,,false,false,false,false,false,-83.2182,42.4004,"{
  ""coordinates"": [
    -8.321819787299999e+01,
    4.240039748800010e+01
  ],
  ""type"": ""Point""
}","{
  ""coordinates"": [
    -83.218197873,
    42.400397488
  ],
  ""type"": ""Point""
}",-83.218197873,42.4003974880001
24222,9919748,FENKELL,SOUTHFIELD SERVICE DRIVE,2017-01-06,6,1,2017,20,6,9,9,,2,0,,1,1,4,30,6,2,1,5,0,0,0,0,true,,false,false,true,false,false,,,,,,false,false,false,,,false,false,false,false,false,-83.21786,42.40113,"{
  ""coordinates"": [
    -8.321785534199999e+01,
    4.240113634600000e+01
  ],
  ""type"": ""Point""
}","{
  ""coordinates"": [
    -83.217855342,
    42.401136346
  ],
  ""type"": ""Point""
}",-83.217855342,42.401136346
24223,9917295,N I 75,RAMP 122B,2017-01-06,6,1,2017,5,6,6,1,,1,0,,2,5,1,0,2,2,2,5,0,0,0,0,true,,false,false,true,false,false,,,,,,false,false,false,,,false,false,false,false,false,-83.06503,42.33511,"{
  ""coordinates"": [
    -8.306502730999991e+01,
    4.233510660600010e+01
  ],
  ""type"": ""Point""
}","{
  ""coordinates"": [
    -83.06502731,
    42.335106606
  ],
  ""type"": ""Point""
}",-83.0650273099999,42.3351066060001