ObjectId,Crash ID,Primary Road,Intersecting Road,Crash Date,Day,Month,Year,Hour,Weekday,Crash Type Code,Highway Classification Code,Community Code,Jurisdiction Code,Lane Departure Type Code,Surface Type,Road Condition,Weather Condition,Lighting Condition,Speed Limit,Lanes,Units,Occupants,Most Severe Injury,Fatal Injuries,Suspected Serious Injuries,Suspected Minor Injuries,Possible Injuries,Property Damage Only,Secondary Crash,Traffic Control,Red Light Run,Hit and Run,Alcohol,Drugs,Unbelted Person,Work Zone,Speeding Driver,Distracted Driver,Driveway,Pedestrian,Elderly Driver,Young Driver,Commercial Vehicle,Emergency Vehicles,Train,School Bus,Motorcycle,Bicycle,Deer,Longitude,Latitude,geom,geog,x,y
24224,9917267,TELEGRAPH,GRAND RIVER,2017-01-05,5,1,2017,20,5,97,2,,1,0,,1,1,4,45,3,2,2,5,0,0,0,0,true,,false,false,false,false,false,,,,,,false,false,false,,,false,false,false,false,false,-83.27737,42.42463,"{
  ""coordinates"": [
    -8.327737594800000e+01,
    4.242462453500010e+01
  ],
  ""type"": ""Point""
}","{
  ""coordinates"": [
    -83.277375948,
    42.424624535
  ],
  ""type"": ""Point""
}",-83.277375948,42.4246245350001
24225,9915662,GRAND RIVER,TELEGRAPH,2017-01-05,5,1,2017,9,5,5,3,,1,0,,1,1,1,40,8,2,2,5,0,0,0,0,true,,false,false,false,false,false,,,,,,false,false,false,,,false,false,false,false,false,-83.27731,42.4242,"{
  ""coordinates"": [
    -8.327730979899999e+01,
    4.242420319600010e+01
  ],
  ""type"": ""Point""
}","{
  ""coordinates"": [
    -83.277309799,
    42.424203196
  ],
  ""type"": ""Point""
}",-83.277309799,42.4242031960001
24226,9931150,OAKMAN,TIREMAN,2017-01-05,5,1,2017,18,5,4,9,,4,0,,1,1,4,30,4,2,2,5,0,0,0,0,true,,false,false,false,false,false,,,,,,false,true,false,,,false,false,false,false,false,-83.16969,42.35145,"{
  ""coordinates"": [
    -8.316969612400000e+01,
    4.235145175700010e+01
  ],
  ""type"": ""Point""
}","{
  ""coordinates"": [
    -83.169696124,
    42.351451757
  ],
  ""type"": ""Point""
}",-83.169696124,42.3514517570001
24227,9915661,GREENFIELD,CURTIS,2017-01-05,5,1,2017,21,5,5,9,,2,0,,1,1,4,35,4,2,2,5,0,0,0,0,true,,false,false,false,false,false,,,,,,false,false,false,,,false,false,false,false,false,-83.19958,42.42319,"{
  ""coordinates"": [
    -8.319958485099990e+01,
    4.242319088000000e+01
  ],
  ""type"": ""Point""
}","{
  ""coordinates"": [
    -83.199584851,
    42.42319088
  ],
  ""type"": ""Point""
}",-83.1995848509999,42.42319088
24228,9920911,I-75,ROSA PARKS,2017-01-05,5,1,2017,10,5,8,1,,4,0,,4,5,1,55,3,2,2,5,0,0,0,0,true,,false,false,false,false,false,,,,,,false,false,false,,,false,false,false,false,false,-83.07459,42.33225,"{
  ""coordinates"": [
    -8.307459492899990e+01,
    4.233225005200010e+01
  ],
  ""type"": ""Point""
}","{
  ""coordinates"": [
    -83.074594929,
    42.332250052
  ],
  ""type"": ""Point""
}",-83.0745949289999,42.3322500520001
24229,9920931,I-75,DAVISON,2017-01-05,5,1,2017,8,5,5,1,,1,0,,4,5,1,70,4,2,3,3,0,0,1,0,false,,false,false,false,false,false,,,,,,false,false,true,,,false,false,false,false,false,-83.08216,42.41172,"{
  ""coordinates"": [
    -8.308216290999999e+01,
    4.241171973700010e+01
  ],
  ""type"": ""Point""
}","{
  ""coordinates"": [
    -83.08216291,
    42.411719737
  ],
  ""type"": ""Point""
}",-83.08216291,42.4117197370001
24230,9920960,M-10,MICHIGAN,2017-01-05,5,1,2017,8,5,5,3,,1,0,,3,5,1,55,3,2,2,5,0,0,0,0,true,,false,false,false,false,false,,,,,,false,false,true,,,false,false,false,false,false,-83.06274,42.33244,"{
  ""coordinates"": [
    -8.306274059700000e+01,
    4.233244504500000e+01
  ],
  ""type"": ""Point""
}","{
  ""coordinates"": [
    -83.062740597,
    42.332445045
  ],
  ""type"": ""Point""
}",-83.062740597,42.332445045
24231,9915656,MT ELLIOTT,PULFORD,2017-01-05,5,1,2017,15,5,5,9,,4,0,,4,2,1,35,2,2,3,5,0,0,0,0,true,,false,false,false,false,false,,,,,,false,false,true,,,false,false,false,false,false,-83.02248,42.36262,"{
  ""coordinates"": [
    -8.302248054099989e+01,
    4.236262158800000e+01
  ],
  ""type"": ""Point""
}","{
  ""coordinates"": [
    -83.022480541,
    42.362621588
  ],
  ""type"": ""Point""
}",-83.0224805409999,42.362621588
24232,9920956,RAMP 036A,MICHIGAN,2017-01-05,5,1,2017,11,5,1,1,,1,1,,3,1,1,55,1,1,1,5,0,0,0,0,true,,false,false,false,false,false,,,,,,false,false,false,,,false,false,false,false,false,-83.08585,42.33049,"{
  ""coordinates"": [
    -8.308585367700000e+01,
    4.233048911400000e+01
  ],
  ""type"": ""Point""
}","{
  ""coordinates"": [
    -83.085853677,
    42.330489114
  ],
  ""type"": ""Point""
}",-83.085853677,42.330489114
24233,9920951,E I 96,MARTIN LUTHER KING JR,2017-01-05,5,1,2017,8,5,5,1,,1,0,,3,5,1,55,4,2,2,4,0,0,0,1,false,,false,false,false,false,false,,,,,,false,false,true,,,false,false,false,false,false,-83.09156,42.3374,"{
  ""coordinates"": [
    -8.309156386300000e+01,
    4.233739906400010e+01
  ],
  ""type"": ""Point""
}","{
  ""coordinates"": [
    -83.091563863,
    42.337399064
  ],
  ""type"": ""Point""
}",-83.091563863,42.3373990640001
24234,9915624,I 96 SERVICE,GRAND RIVER,2017-01-05,5,1,2017,7,5,1,1,,1,0,,3,1,1,25,3,1,1,5,0,0,0,0,true,,false,false,false,false,false,,,,,,false,false,false,,,false,false,false,false,false,-83.17686,42.38415,"{
  ""coordinates"": [
    -8.317685410800000e+01,
    4.238415146800000e+01
  ],
  ""type"": ""Point""
}","{
  ""coordinates"": [
    -83.176854108,
    42.384151468
  ],
  ""type"": ""Point""
}",-83.176854108,42.384151468
24235,9917286,OUTER,ANGLIN,2017-01-05,5,1,2017,21,5,97,9,,2,0,,3,1,4,25,3,2,1,5,0,0,0,0,true,,false,false,false,false,false,,,,,,false,true,false,,,false,false,false,false,false,-83.07492,42.44014,"{
  ""coordinates"": [
    -8.307492413300000e+01,
    4.244014208300010e+01
  ],
  ""type"": ""Point""
}","{
  ""coordinates"": [
    -83.074924133,
    42.440142083
  ],
  ""type"": ""Point""
}",-83.074924133,42.4401420830001
24236,9920977,RAMP 212C,LIVERNOIS,2017-01-05,5,1,2017,8,5,8,1,,1,0,,3,5,1,20,1,2,2,5,0,0,0,0,true,,false,false,false,false,false,,,,,,false,false,false,,,false,false,false,false,false,-83.12632,42.33747,"{
  ""coordinates"": [
    -8.312632102700000e+01,
    4.233747084300010e+01
  ],
  ""type"": ""Point""
}","{
  ""coordinates"": [
    -83.126321027,
    42.337470843
  ],
  ""type"": ""Point""
}",-83.126321027,42.3374708430001
24237,9920953,I-96,BUCHANAN,2017-01-05,5,1,2017,8,5,5,1,,1,0,,4,5,1,55,4,3,4,5,0,0,0,0,true,,false,false,true,false,false,,,,,,false,false,false,,,false,false,false,false,false,-83.09353,42.3407,"{
  ""coordinates"": [
    -8.309352503400000e+01,
    4.234070030600000e+01
  ],
  ""type"": ""Point""
}","{
  ""coordinates"": [
    -83.093525034,
    42.340700306
  ],
  ""type"": ""Point""
}",-83.093525034,42.340700306
24238,9920910,RAMP 216F,W I 94,2017-01-05,5,1,2017,9,5,1,1,,1,1,,3,5,1,55,1,1,1,5,0,0,0,0,true,,false,false,false,false,false,,,,,,false,false,false,,,false,false,false,false,false,-83.05849,42.36826,"{
  ""coordinates"": [
    -8.305849821800000e+01,
    4.236825979200010e+01
  ],
  ""type"": ""Point""
}","{
  ""coordinates"": [
    -83.058498218,
    42.368259792
  ],
  ""type"": ""Point""
}",-83.058498218,42.3682597920001
24239,9920961,M-10,MICHIGAN,2017-01-05,5,1,2017,9,5,5,3,,1,0,,4,5,1,55,3,2,2,5,0,0,0,0,true,,false,false,false,false,false,,,,,,false,false,true,,,false,false,false,false,false,-83.06254,42.33221,"{
  ""coordinates"": [
    -8.306254103099999e+01,
    4.233221125200000e+01
  ],
  ""type"": ""Point""
}","{
  ""coordinates"": [
    -83.062541031,
    42.332211252
  ],
  ""type"": ""Point""
}",-83.062541031,42.332211252
24240,9922217,N I 75,WARREN,2017-01-05,5,1,2017,9,5,5,1,,1,0,,3,2,1,25,3,2,2,5,0,0,0,0,true,,false,false,false,false,false,,,,,,false,false,true,,,false,false,false,false,false,-83.05424,42.36085,"{
  ""coordinates"": [
    -8.305424568599990e+01,
    4.236085318700000e+01
  ],
  ""type"": ""Point""
}","{
  ""coordinates"": [
    -83.054245686,
    42.360853187
  ],
  ""type"": ""Point""
}",-83.0542456859999,42.360853187
24241,9919728,N I 75,RAMP 033B,2017-01-05,5,1,2017,10,5,1,1,,1,1,,3,5,1,55,3,1,1,5,0,0,0,0,true,,false,false,false,false,false,,,,,,false,false,false,,,false,false,false,false,false,-83.08837,42.31447,"{
  ""coordinates"": [
    -8.308837472700000e+01,
    4.231447356000010e+01
  ],
  ""type"": ""Point""
}","{
  ""coordinates"": [
    -83.088374727,
    42.31447356
  ],
  ""type"": ""Point""
}",-83.088374727,42.3144735600001
24242,9933975,RAMP 036A,W I 96,2017-01-05,5,1,2017,11,5,1,1,,1,1,,3,2,1,55,1,1,1,5,0,0,0,0,true,,false,false,false,false,false,,,,,,false,false,false,,,false,false,false,false,false,-83.08604,42.32994,"{
  ""coordinates"": [
    -8.308603554299999e+01,
    4.232994204000000e+01
  ],
  ""type"": ""Point""
}","{
  ""coordinates"": [
    -83.086035543,
    42.32994204
  ],
  ""type"": ""Point""
}",-83.086035543,42.32994204
24243,1016522,I-94,ROOSEVELT,2017-01-05,5,1,2017,8,5,8,9,,,0,,4,5,1,55,3,3,3,4,0,0,0,1,false,,false,false,false,false,false,,,,,,false,false,true,,,false,false,false,false,false,-83.1045,42.34806,"{
  ""coordinates"": [
    -8.310450077199989e+01,
    4.234805659300010e+01
  ],
  ""type"": ""Point""
}","{
  ""coordinates"": [
    -83.104500772,
    42.348056593
  ],
  ""type"": ""Point""
}",-83.1045007719999,42.3480565930001
24244,9920906,RAMP 215H,E I 94,2017-01-05,5,1,2017,0,5,1,1,,1,1,,3,1,4,35,1,1,1,5,0,0,0,0,true,,false,false,false,false,false,,,,,,false,false,false,,,false,false,false,false,false,-83.07893,42.35767,"{
  ""coordinates"": [
    -8.307892253599989e+01,
    4.235767223700000e+01
  ],
  ""type"": ""Point""
}","{
  ""coordinates"": [
    -83.078922536,
    42.357672237
  ],
  ""type"": ""Point""
}",-83.0789225359999,42.357672237
24245,9915629,S M 10 SERVICE DRIVE,RAMP 120A,2017-01-05,5,1,2017,8,5,1,3,,4,1,,4,5,1,35,3,1,1,5,0,0,0,0,true,,false,false,false,false,false,,,,,,false,false,false,,,false,false,false,false,false,-83.06722,42.34027,"{
  ""coordinates"": [
    -8.306721990699999e+01,
    4.234027583200000e+01
  ],
  ""type"": ""Point""
}","{
  ""coordinates"": [
    -83.067219907,
    42.340275832
  ],
  ""type"": ""Point""
}",-83.067219907,42.340275832
24246,9917253,GRATIOT,LINNHURST,2017-01-05,5,1,2017,17,5,5,3,,1,0,,1,8,1,35,3,2,1,5,0,0,0,0,true,,false,false,true,false,false,,,,,,false,false,false,,,false,false,false,false,false,-82.98007,42.43148,"{
  ""coordinates"": [
    -8.298007090399990e+01,
    4.243147478800010e+01
  ],
  ""type"": ""Point""
}","{
  ""coordinates"": [
    -82.980070904,
    42.431474788
  ],
  ""type"": ""Point""
}",-82.9800709039999,42.4314747880001
24247,9920934,RAMP 122H,N M 10,2017-01-05,5,1,2017,10,5,97,1,,1,0,,4,2,1,55,1,2,1,5,0,0,0,0,true,,false,false,false,false,false,,,,,,false,true,false,,,false,false,false,false,false,-83.0624,42.33311,"{
  ""coordinates"": [
    -8.306239900799990e+01,
    4.233311509500000e+01
  ],
  ""type"": ""Point""
}","{
  ""coordinates"": [
    -83.062399008,
    42.333115095
  ],
  ""type"": ""Point""
}",-83.0623990079999,42.333115095
24248,9922203,RAMP 213N,MCGRAW,2017-01-05,5,1,2017,9,5,5,1,,1,0,,3,5,1,55,3,2,3,5,0,0,0,0,true,,false,false,false,false,false,,,,,,false,false,false,,,false,false,false,false,false,-83.10256,42.35243,"{
  ""coordinates"": [
    -8.310256139900000e+01,
    4.235243037800010e+01
  ],
  ""type"": ""Point""
}","{
  ""coordinates"": [
    -83.102561399,
    42.352430378
  ],
  ""type"": ""Point""
}",-83.102561399,42.3524303780001
24249,9920979,I-75,DAVISON,2017-01-05,5,1,2017,15,5,1,1,,1,1,,1,2,1,70,4,1,4,5,0,0,0,0,true,,false,false,false,false,false,,,,,,false,false,false,,,false,false,false,false,false,-83.0783,42.40755,"{
  ""coordinates"": [
    -8.307830086199991e+01,
    4.240754718600000e+01
  ],
  ""type"": ""Point""
}","{
  ""coordinates"": [
    -83.078300862,
    42.407547186
  ],
  ""type"": ""Point""
}",-83.0783008619999,42.407547186
24250,9920933,RAMP 122H,N M 10,2017-01-05,5,1,2017,10,5,1,1,,1,1,,4,5,1,55,1,1,1,5,0,0,0,0,true,,false,false,false,false,false,,,,,,false,false,false,,,false,false,false,false,false,-83.06236,42.33304,"{
  ""coordinates"": [
    -8.306236644599990e+01,
    4.233304233400000e+01
  ],
  ""type"": ""Point""
}","{
  ""coordinates"": [
    -83.062366446,
    42.333042334
  ],
  ""type"": ""Point""
}",-83.0623664459999,42.333042334
24251,9918670,SHIRLEY,THORNTON,2017-01-05,5,1,2017,19,5,1,9,,,0,,1,1,4,25,2,1,0,5,0,0,0,0,true,,false,false,false,false,false,,,,,,false,false,false,,,false,false,false,false,false,-83.1824,42.37459,"{
  ""coordinates"": [
    -8.318239629700000e+01,
    4.237458838900010e+01
  ],
  ""type"": ""Point""
}","{
  ""coordinates"": [
    -83.182396297,
    42.374588389
  ],
  ""type"": ""Point""
}",-83.182396297,42.3745883890001
24252,9923448,RAMP 122B,RAMP 122I,2017-01-05,5,1,2017,9,5,97,1,,1,0,,3,5,1,55,6,2,1,5,0,0,0,0,true,,false,false,true,false,false,,,,,,false,true,false,,,false,false,false,false,false,-83.06535,42.33601,"{
  ""coordinates"": [
    -8.306535248099991e+01,
    4.233600863400010e+01
  ],
  ""type"": ""Point""
}","{
  ""coordinates"": [
    -83.065352481,
    42.336008634
  ],
  ""type"": ""Point""
}",-83.0653524809999,42.3360086340001
24253,9933131,PLYMOUTH,MEMORIAL,2017-01-05,5,1,2017,16,5,8,9,,4,0,,1,1,1,35,4,2,1,5,0,0,0,0,true,,false,false,true,false,false,,,,,,false,false,false,,,false,false,false,false,false,-83.21205,42.37234,"{
  ""coordinates"": [
    -8.321204879600000e+01,
    4.237234385700000e+01
  ],
  ""type"": ""Point""
}","{
  ""coordinates"": [
    -83.212048796,
    42.372343857
  ],
  ""type"": ""Point""
}",-83.212048796,42.372343857
24254,9917224,BAGLEY,THIRD,2017-01-05,5,1,2017,9,5,1,9,,4,1,,3,5,1,55,2,1,1,4,0,0,0,1,false,,false,false,false,false,false,,,,,,false,false,false,,,false,false,false,false,false,-83.05739,42.33243,"{
  ""coordinates"": [
    -8.305738613299999e+01,
    4.233242697200010e+01
  ],
  ""type"": ""Point""
}","{
  ""coordinates"": [
    -83.057386133,
    42.332426972
  ],
  ""type"": ""Point""
}",-83.057386133,42.3324269720001
24255,9920932,N I 75,ROSA PARKS,2017-01-05,5,1,2017,9,5,1,1,,1,1,,4,5,1,55,2,1,1,5,0,0,0,0,true,,false,false,false,false,false,,,,,,false,false,false,,,false,false,false,false,false,-83.07378,42.33306,"{
  ""coordinates"": [
    -8.307377541100000e+01,
    4.233306017800000e+01
  ],
  ""type"": ""Point""
}","{
  ""coordinates"": [
    -83.073775411,
    42.333060178
  ],
  ""type"": ""Point""
}",-83.073775411,42.333060178
24256,9915648,OUTER,SCHOOLCRAFT,2017-01-05,5,1,2017,16,5,97,9,,2,0,,1,1,1,35,3,2,3,5,0,0,0,0,true,,false,false,false,false,false,,,,,,false,false,false,,,false,false,false,false,false,-83.25617,42.38504,"{
  ""coordinates"": [
    -8.325616891300000e+01,
    4.238504421100000e+01
  ],
  ""type"": ""Point""
}","{
  ""coordinates"": [
    -83.256168913,
    42.385044211
  ],
  ""type"": ""Point""
}",-83.256168913,42.385044211
24257,9915676,SCHAEFER,8 MILE,2017-01-05,5,1,2017,12,5,4,3,,4,0,,1,2,1,30,4,2,2,4,0,0,0,2,false,,true,true,false,false,false,,,,,,false,true,false,,,false,false,false,false,false,-83.18099,42.4452,"{
  ""coordinates"": [
    -8.318099492399990e+01,
    4.244519771700000e+01
  ],
  ""type"": ""Point""
}","{
  ""coordinates"": [
    -83.180994924,
    42.445197717
  ],
  ""type"": ""Point""
}",-83.1809949239999,42.445197717
24258,9921037,CONNER,MACK,2017-01-05,5,1,2017,5,5,8,9,,4,0,,2,1,4,35,6,2,2,5,0,0,0,0,true,,false,false,false,false,false,,,,,,false,false,false,,,false,false,false,false,false,-82.96783,42.3837,"{
  ""coordinates"": [
    -8.296783807799990e+01,
    4.238370285500010e+01
  ],
  ""type"": ""Point""
}","{
  ""coordinates"": [
    -82.967838078,
    42.383702855
  ],
  ""type"": ""Point""
}",-82.9678380779999,42.3837028550001
24259,9920976,RAMP 212C,LIVERNOIS,2017-01-05,5,1,2017,8,5,1,1,,1,1,,3,5,1,20,1,1,1,5,0,0,0,0,true,,false,false,false,false,false,,,,,,false,false,false,,,false,false,false,false,false,-83.12458,42.33768,"{
  ""coordinates"": [
    -8.312457663500000e+01,
    4.233767890500010e+01
  ],
  ""type"": ""Point""
}","{
  ""coordinates"": [
    -83.124576635,
    42.337678905
  ],
  ""type"": ""Point""
}",-83.124576635,42.3376789050001
24260,9920907,I-96,M-39,2017-01-05,5,1,2017,19,5,5,1,,1,0,,1,1,4,55,2,2,1,5,0,0,0,0,true,,false,false,true,false,false,,,,,,false,false,false,,,false,false,false,false,false,-83.21908,42.37875,"{
  ""coordinates"": [
    -8.321907425700000e+01,
    4.237875335100010e+01
  ],
  ""type"": ""Point""
}","{
  ""coordinates"": [
    -83.219074257,
    42.378753351
  ],
  ""type"": ""Point""
}",-83.219074257,42.3787533510001
24261,9917236,RANDOLPH,FARMER,2017-01-05,5,1,2017,15,5,8,3,,1,0,,1,2,1,30,4,2,3,5,0,0,0,0,true,,false,false,false,false,false,,,,,,false,false,false,,,false,false,false,false,false,-83.04387,42.33272,"{
  ""coordinates"": [
    -8.304386878600000e+01,
    4.233271753200010e+01
  ],
  ""type"": ""Point""
}","{
  ""coordinates"": [
    -83.043868786,
    42.332717532
  ],
  ""type"": ""Point""
}",-83.043868786,42.3327175320001
24262,9920957,RAMP 012A,M-39,2017-01-05,5,1,2017,16,5,5,3,,1,0,,1,1,1,55,1,4,5,5,0,0,0,0,true,,false,false,false,false,false,,,,,,false,false,false,,,false,false,false,false,false,-83.21955,42.44088,"{
  ""coordinates"": [
    -8.321955124800000e+01,
    4.244088394900010e+01
  ],
  ""type"": ""Point""
}","{
  ""coordinates"": [
    -83.219551248,
    42.440883949
  ],
  ""type"": ""Point""
}",-83.219551248,42.4408839490001
24263,9915647,WARREN,FORRER,2017-01-05,5,1,2017,18,5,5,9,,2,0,,1,1,4,35,2,2,2,4,0,0,0,1,false,,false,false,false,false,false,,,,,,false,false,false,,,false,false,false,false,false,-83.2002,42.34362,"{
  ""coordinates"": [
    -8.320019676399990e+01,
    4.234362129800010e+01
  ],
  ""type"": ""Point""
}","{
  ""coordinates"": [
    -83.200196764,
    42.343621298
  ],
  ""type"": ""Point""
}",-83.2001967639999,42.3436212980001
24264,9915674,8 MILE,ASTON,2017-01-05,5,1,2017,7,5,8,3,,1,0,,1,5,1,40,4,2,3,5,0,0,0,0,true,,false,false,true,false,false,,,,,,false,true,false,,,false,false,false,false,false,-83.22394,42.44409,"{
  ""coordinates"": [
    -8.322393601900001e+01,
    4.244409217000000e+01
  ],
  ""type"": ""Point""
}","{
  ""coordinates"": [
    -83.223936019,
    42.44409217
  ],
  ""type"": ""Point""
}",-83.223936019,42.44409217
24265,9915660,TELEGRAPH,FRISBEE,2017-01-05,5,1,2017,17,5,1,2,,1,0,,1,1,3,45,4,2,1,3,0,0,1,0,false,,false,false,false,false,false,,,,,,true,false,false,,,false,false,false,false,false,-83.27801,42.43544,"{
  ""coordinates"": [
    -8.327801126100000e+01,
    4.243544148300000e+01
  ],
  ""type"": ""Point""
}","{
  ""coordinates"": [
    -83.278011261,
    42.435441483
  ],
  ""type"": ""Point""
}",-83.278011261,42.435441483
24266,9915678,GREENFIELD,CURTIS,2017-01-05,5,1,2017,19,5,97,9,,2,0,,2,1,1,35,2,3,4,4,0,0,0,3,false,,true,true,false,false,false,,,,,,false,true,true,,,false,false,false,false,false,-83.19958,42.42316,"{
  ""coordinates"": [
    -8.319958369800000e+01,
    4.242316188800000e+01
  ],
  ""type"": ""Point""
}","{
  ""coordinates"": [
    -83.199583698,
    42.423161888
  ],
  ""type"": ""Point""
}",-83.199583698,42.423161888
24267,9915668,MOROSS,LANSDOWNE,2017-01-05,5,1,2017,17,5,4,9,,2,0,,1,1,3,30,1,2,1,5,0,0,0,0,true,,false,false,false,false,false,,,,,,false,false,true,,,false,false,false,false,false,-82.947,42.43187,"{
  ""coordinates"": [
    -8.294699889799990e+01,
    4.243187223400000e+01
  ],
  ""type"": ""Point""
}","{
  ""coordinates"": [
    -82.946998898,
    42.431872234
  ],
  ""type"": ""Point""
}",-82.9469988979999,42.431872234
24268,9917220,JEFFERSON,N I 375,2017-01-05,5,1,2017,9,5,1,4,,1,1,,3,5,1,35,2,1,1,5,0,0,0,0,true,,false,false,false,false,false,,,,,,false,false,false,,,false,false,false,false,false,-83.03904,42.33085,"{
  ""coordinates"": [
    -8.303903617600000e+01,
    4.233085204900000e+01
  ],
  ""type"": ""Point""
}","{
  ""coordinates"": [
    -83.039036176,
    42.330852049
  ],
  ""type"": ""Point""
}",-83.039036176,42.330852049
24269,9915655,EVERGREEN,WHITLOCK,2017-01-05,5,1,2017,17,5,10,9,,4,0,,1,5,5,0,1,2,0,5,0,0,0,0,true,,false,false,true,false,false,,,,,,false,false,false,,,false,false,false,false,false,-83.23534,42.34196,"{
  ""coordinates"": [
    -8.323533882299991e+01,
    4.234195930800010e+01
  ],
  ""type"": ""Point""
}","{
  ""coordinates"": [
    -83.235338823,
    42.341959308
  ],
  ""type"": ""Point""
}",-83.2353388229999,42.3419593080001
24270,9917238,LIVERNOIS,MICHIGAN,2017-01-05,5,1,2017,9,5,4,2,,4,0,,4,5,1,35,6,2,2,5,0,0,0,0,true,,false,false,true,false,false,,,,,,false,false,true,,,false,false,false,false,false,-83.12033,42.33112,"{
  ""coordinates"": [
    -8.312033324299991e+01,
    4.233111831500000e+01
  ],
  ""type"": ""Point""
}","{
  ""coordinates"": [
    -83.120333243,
    42.331118315
  ],
  ""type"": ""Point""
}",-83.1203332429999,42.331118315
24271,9915616,GREENFIELD,JOY,2017-01-05,5,1,2017,11,5,1,9,,2,0,,1,1,1,35,5,2,1,4,0,0,0,1,false,,false,false,true,false,false,,,,,,false,false,false,,,false,false,false,true,false,-83.19699,42.35809,"{
  ""coordinates"": [
    -8.319699036700000e+01,
    4.235809198900010e+01
  ],
  ""type"": ""Point""
}","{
  ""coordinates"": [
    -83.196990367,
    42.358091989
  ],
  ""type"": ""Point""
}",-83.196990367,42.3580919890001
24272,9920930,N I 75,CONSOLIDATED RAIL CORPORATION,2017-01-05,5,1,2017,6,5,5,1,,1,0,,1,1,4,55,5,2,2,5,0,0,0,0,true,,false,false,false,false,false,,,,,,false,false,false,,,false,false,false,false,false,-83.0603,42.37494,"{
  ""coordinates"": [
    -8.306029781900000e+01,
    4.237493821100000e+01
  ],
  ""type"": ""Point""
}","{
  ""coordinates"": [
    -83.060297819,
    42.374938211
  ],
  ""type"": ""Point""
}",-83.060297819,42.374938211
24273,9915646,ST MARYS,PAUL,2017-01-05,5,1,2017,9,5,5,9,,,0,,4,1,1,25,2,2,0,5,0,0,0,0,true,,false,false,true,false,false,,,,,,false,false,false,,,false,false,false,false,false,-83.20336,42.33674,"{
  ""coordinates"": [
    -8.320336270000000e+01,
    4.233674123600010e+01
  ],
  ""type"": ""Point""
}","{
  ""coordinates"": [
    -83.2033627,
    42.336741236
  ],
  ""type"": ""Point""
}",-83.2033627,42.3367412360001
24274,9920912,I-75,ROSA PARKS,2017-01-05,5,1,2017,10,5,5,1,,4,3,,4,5,1,55,3,3,2,5,0,0,0,0,true,,false,false,false,false,false,,,,,,false,false,true,,,false,false,false,false,false,-83.07459,42.33225,"{
  ""coordinates"": [
    -8.307459492899990e+01,
    4.233225005200010e+01
  ],
  ""type"": ""Point""
}","{
  ""coordinates"": [
    -83.074594929,
    42.332250052
  ],
  ""type"": ""Point""
}",-83.0745949289999,42.3322500520001
24275,9915634,CHARLEVOIX,CHALMERS,2017-01-05,5,1,2017,6,5,4,9,,4,0,,1,1,4,30,2,2,2,4,0,0,0,1,false,,true,false,false,false,false,,,,,,false,false,false,,,false,false,false,false,false,-82.95061,42.38291,"{
  ""coordinates"": [
    -8.295061165999989e+01,
    4.238291010100000e+01
  ],
  ""type"": ""Point""
}","{
  ""coordinates"": [
    -82.95061166,
    42.382910101
  ],
  ""type"": ""Point""
}",-82.9506116599999,42.382910101
24276,9917303,BAGLEY,6TH,2017-01-05,5,1,2017,9,5,1,9,,4,1,,3,2,1,25,2,1,1,5,0,0,0,0,true,,false,false,false,false,false,,,,,,false,false,false,,,false,false,false,false,false,-83.06194,42.33106,"{
  ""coordinates"": [
    -8.306193943600000e+01,
    4.233105962000010e+01
  ],
  ""type"": ""Point""
}","{
  ""coordinates"": [
    -83.061939436,
    42.33105962
  ],
  ""type"": ""Point""
}",-83.061939436,42.3310596200001
24277,9915669,E I 94 SERVICE DRIVE,MOROSS,2017-01-05,5,1,2017,8,5,5,1,,4,0,,3,1,1,0,2,2,3,5,0,0,0,0,true,,false,false,false,false,false,,,,,,false,false,false,,,false,false,false,false,false,-82.92842,42.42419,"{
  ""coordinates"": [
    -8.292841788699999e+01,
    4.242418493000010e+01
  ],
  ""type"": ""Point""
}","{
  ""coordinates"": [
    -82.928417887,
    42.42418493
  ],
  ""type"": ""Point""
}",-82.928417887,42.4241849300001
24278,9976769,I-96,MARTIN LUTHER KING,2017-01-05,5,1,2017,9,5,97,1,,1,0,,3,8,1,55,4,2,2,5,0,0,0,0,true,,false,false,false,false,false,,,,,,false,false,false,,,false,false,false,false,false,-83.08878,42.33375,"{
  ""coordinates"": [
    -8.308878569800000e+01,
    4.233374702100010e+01
  ],
  ""type"": ""Point""
}","{
  ""coordinates"": [
    -83.088785698,
    42.333747021
  ],
  ""type"": ""Point""
}",-83.088785698,42.3337470210001
24279,9917247,ADDISON,E I 94,2017-01-05,5,1,2017,10,5,98,9,,4,0,,4,5,4,0,1,1,1,5,0,0,0,0,true,,false,false,false,false,false,,,,,,false,false,false,,,false,false,false,false,false,-83.15096,42.33008,"{
  ""coordinates"": [
    -8.315096345599990e+01,
    4.233008027800000e+01
  ],
  ""type"": ""Point""
}","{
  ""coordinates"": [
    -83.150963456,
    42.330080278
  ],
  ""type"": ""Point""
}",-83.1509634559999,42.330080278
24280,9915645,BRAILE,8 MILE,2017-01-05,5,1,2017,21,5,97,3,,,0,,1,2,3,25,2,2,0,5,0,0,0,0,true,,false,false,true,false,false,,,,,,false,false,false,,,false,false,false,false,false,-83.24665,42.44315,"{
  ""coordinates"": [
    -8.324665049299990e+01,
    4.244315362700010e+01
  ],
  ""type"": ""Point""
}","{
  ""coordinates"": [
    -83.246650493,
    42.443153627
  ],
  ""type"": ""Point""
}",-83.2466504929999,42.4431536270001