ObjectId,Crash ID,Primary Road,Intersecting Road,Crash Date,Day,Month,Year,Hour,Weekday,Crash Type Code,Highway Classification Code,Community Code,Jurisdiction Code,Lane Departure Type Code,Surface Type,Road Condition,Weather Condition,Lighting Condition,Speed Limit,Lanes,Units,Occupants,Most Severe Injury,Fatal Injuries,Suspected Serious Injuries,Suspected Minor Injuries,Possible Injuries,Property Damage Only,Secondary Crash,Traffic Control,Red Light Run,Hit and Run,Alcohol,Drugs,Unbelted Person,Work Zone,Speeding Driver,Distracted Driver,Driveway,Pedestrian,Elderly Driver,Young Driver,Commercial Vehicle,Emergency Vehicles,Train,School Bus,Motorcycle,Bicycle,Deer,Longitude,Latitude,geom,geog,x,y
24395,9912936,MCNICHOLS,NORTHLAWN,2017-01-03,3,1,2017,14,3,5,9,,4,0,,1,2,1,25,2,2,2,4,0,0,0,1,false,,false,false,false,false,false,,,,,,false,false,false,,,false,false,false,false,false,-83.15382,42.41706,"{
  ""coordinates"": [
    -8.315381980500000e+01,
    4.241705799900010e+01
  ],
  ""type"": ""Point""
}","{
  ""coordinates"": [
    -83.153819805,
    42.417057999
  ],
  ""type"": ""Point""
}",-83.153819805,42.4170579990001
24396,9912911,MCNICHOLS,RUTHERFORD,2017-01-03,3,1,2017,16,3,97,9,,2,0,,2,2,1,35,4,2,3,5,0,0,0,0,true,,false,false,true,false,false,,,,,,false,false,false,,,false,false,false,false,false,-83.20472,42.41586,"{
  ""coordinates"": [
    -8.320472252600000e+01,
    4.241585727200000e+01
  ],
  ""type"": ""Point""
}","{
  ""coordinates"": [
    -83.204722526,
    42.415857272
  ],
  ""type"": ""Point""
}",-83.204722526,42.415857272
24397,9914386,MACK,ST JEAN,2017-01-03,3,1,2017,11,3,5,9,,4,0,,2,4,1,35,5,2,2,5,0,0,0,0,true,,false,false,false,false,false,,,,,,false,false,true,,,false,false,false,false,false,-82.97858,42.37914,"{
  ""coordinates"": [
    -8.297858253399990e+01,
    4.237914345000010e+01
  ],
  ""type"": ""Point""
}","{
  ""coordinates"": [
    -82.978582534,
    42.37914345
  ],
  ""type"": ""Point""
}",-82.9785825339999,42.3791434500001
24398,9914401,WILDEMERE,BOURKE,2017-01-03,3,1,2017,18,3,4,9,,,0,,2,4,4,25,2,2,3,4,0,0,0,1,false,,false,false,false,false,false,,,,,,false,false,true,,,false,false,false,false,false,-83.1319,42.39896,"{
  ""coordinates"": [
    -8.313189977099999e+01,
    4.239896360400010e+01
  ],
  ""type"": ""Point""
}","{
  ""coordinates"": [
    -83.131899771,
    42.398963604
  ],
  ""type"": ""Point""
}",-83.131899771,42.3989636040001
24399,9912932,DAVISON,LINWOOD,2017-01-03,3,1,2017,3,3,5,3,,1,0,,2,4,4,35,4,2,1,5,0,0,0,0,true,,false,false,true,false,false,,,,,,false,false,true,,,false,false,false,false,false,-83.12202,42.39302,"{
  ""coordinates"": [
    -8.312202594599999e+01,
    4.239302515600010e+01
  ],
  ""type"": ""Point""
}","{
  ""coordinates"": [
    -83.122025946,
    42.393025156
  ],
  ""type"": ""Point""
}",-83.122025946,42.3930251560001
24400,9912913,GREENFIELD,PLYMOUTH,2017-01-03,3,1,2017,18,3,97,9,,2,0,,2,2,3,35,4,2,2,5,0,0,0,0,true,,false,false,false,false,false,,,,,,false,false,false,,,false,false,false,false,false,-83.19757,42.37299,"{
  ""coordinates"": [
    -8.319757300299990e+01,
    4.237298415400010e+01
  ],
  ""type"": ""Point""
}","{
  ""coordinates"": [
    -83.197573003,
    42.372984154
  ],
  ""type"": ""Point""
}",-83.1975730029999,42.3729841540001
24401,9912937,CHARLESTON,REMINGTON,2017-01-03,3,1,2017,23,3,2,9,,,2,,2,2,4,25,1,2,1,5,0,0,0,0,true,,false,false,false,false,false,,,,,,false,false,false,,,false,false,false,false,false,-83.10711,42.44226,"{
  ""coordinates"": [
    -8.310711131300000e+01,
    4.244225949200010e+01
  ],
  ""type"": ""Point""
}","{
  ""coordinates"": [
    -83.107111313,
    42.442259492
  ],
  ""type"": ""Point""
}",-83.107111313,42.4422594920001
24402,9917243,LAFAYETTE,CLARK,2017-01-03,3,1,2017,20,3,5,7,,4,0,,2,4,4,25,2,2,1,5,0,0,0,0,true,,false,false,true,false,false,,,,,,false,false,true,,,false,false,false,false,false,-83.09126,42.31396,"{
  ""coordinates"": [
    -8.309126652700000e+01,
    4.231396366600010e+01
  ],
  ""type"": ""Point""
}","{
  ""coordinates"": [
    -83.091266527,
    42.313963666
  ],
  ""type"": ""Point""
}",-83.091266527,42.3139636660001
24403,9922126,E I 96,EVERGREEN,2017-01-03,3,1,2017,16,3,5,1,,1,0,,2,2,1,70,3,2,2,2,0,1,1,0,false,,false,false,false,false,false,,,,,,false,false,true,,,false,false,false,false,false,-83.23758,42.38094,"{
  ""coordinates"": [
    -8.323758197500000e+01,
    4.238094030300000e+01
  ],
  ""type"": ""Point""
}","{
  ""coordinates"": [
    -83.237581975,
    42.380940303
  ],
  ""type"": ""Point""
}",-83.237581975,42.380940303
24404,9917246,LONYO,MCGRAW,2017-01-03,3,1,2017,15,3,8,9,,4,0,,1,1,4,25,2,2,2,5,0,0,0,0,true,,false,false,false,false,false,,,,,,false,false,false,,,false,false,false,false,false,-83.1466,42.33347,"{
  ""coordinates"": [
    -8.314659994300000e+01,
    4.233346473000010e+01
  ],
  ""type"": ""Point""
}","{
  ""coordinates"": [
    -83.146599943,
    42.33346473
  ],
  ""type"": ""Point""
}",-83.146599943,42.3334647300001
24405,9912939,N M 10,MEYERS,2017-01-03,3,1,2017,19,3,5,3,,1,0,,2,4,4,30,4,2,2,5,0,0,0,0,true,,false,false,true,false,false,,,,,,false,false,false,,,false,false,false,false,false,-83.16979,42.4142,"{
  ""coordinates"": [
    -8.316979176800000e+01,
    4.241420273000010e+01
  ],
  ""type"": ""Point""
}","{
  ""coordinates"": [
    -83.169791768,
    42.41420273
  ],
  ""type"": ""Point""
}",-83.169791768,42.4142027300001
24406,9912926,MCNICHOLS,SHAFTSBURY,2017-01-03,3,1,2017,10,3,5,9,,2,0,,2,4,1,35,4,2,2,5,0,0,0,0,true,,false,false,false,false,false,,,,,,false,false,true,,,false,false,false,false,false,-83.23051,42.41533,"{
  ""coordinates"": [
    -8.323051132200000e+01,
    4.241532928100000e+01
  ],
  ""type"": ""Point""
}","{
  ""coordinates"": [
    -83.230511322,
    42.415329281
  ],
  ""type"": ""Point""
}",-83.230511322,42.415329281
24407,9922231,JOHN KRONK,LIVERNOIS,2017-01-03,3,1,2017,6,3,97,9,,4,0,,2,4,4,30,4,2,2,5,0,0,0,0,true,,false,false,false,false,false,,,,,,false,false,false,,,false,false,false,false,false,-83.11558,42.32446,"{
  ""coordinates"": [
    -8.311557951299990e+01,
    4.232445479300000e+01
  ],
  ""type"": ""Point""
}","{
  ""coordinates"": [
    -83.115579513,
    42.324454793
  ],
  ""type"": ""Point""
}",-83.1155795129999,42.324454793
24408,9912938,COVINGTON,3RD,2017-01-03,3,1,2017,6,3,8,9,,,0,,2,4,4,30,2,2,2,5,0,0,0,0,true,,false,false,false,false,false,,,,,,false,true,false,,,false,false,false,false,false,-83.11292,42.4204,"{
  ""coordinates"": [
    -8.311291485500000e+01,
    4.242040288800010e+01
  ],
  ""type"": ""Point""
}","{
  ""coordinates"": [
    -83.112914855,
    42.420402888
  ],
  ""type"": ""Point""
}",-83.112914855,42.4204028880001
24409,9961069,S M 10,RAMP 103A,2017-01-03,3,1,2017,8,3,1,3,,1,1,,2,2,1,55,3,1,0,5,0,0,0,0,true,,false,false,false,false,false,,,,,,false,false,false,,,false,false,false,false,false,-83.19008,42.43373,"{
  ""coordinates"": [
    -8.319007763400000e+01,
    4.243373257700010e+01
  ],
  ""type"": ""Point""
}","{
  ""coordinates"": [
    -83.190077634,
    42.433732577
  ],
  ""type"": ""Point""
}",-83.190077634,42.4337325770001
24410,9914377,W I 94,CONNER,2017-01-03,3,1,2017,20,3,5,1,,1,0,,2,4,4,35,2,2,4,5,0,0,0,0,true,,false,false,false,false,false,,,,,,false,false,false,,,false,false,false,false,false,-82.98917,42.3956,"{
  ""coordinates"": [
    -8.298916304600000e+01,
    4.239560415300010e+01
  ],
  ""type"": ""Point""
}","{
  ""coordinates"": [
    -82.989163046,
    42.395604153
  ],
  ""type"": ""Point""
}",-82.989163046,42.3956041530001
24411,9912929,GRATIOT,CARLISLE,2017-01-03,3,1,2017,17,3,3,3,,1,0,,2,1,4,35,7,2,3,5,0,0,0,0,true,,false,false,false,false,false,,,,,,false,false,false,,,false,false,false,false,false,-82.96841,42.44913,"{
  ""coordinates"": [
    -8.296841358099989e+01,
    4.244913247500010e+01
  ],
  ""type"": ""Point""
}","{
  ""coordinates"": [
    -82.968413581,
    42.449132475
  ],
  ""type"": ""Point""
}",-82.9684135809999,42.4491324750001
24412,9912914,GRAND RIVER,REDFORD,2017-01-03,3,1,2017,17,3,97,3,,1,0,,2,2,3,35,5,2,2,5,0,0,0,0,true,,true,false,false,false,false,,,,,,false,false,false,,,false,false,false,false,false,-83.25812,42.41669,"{
  ""coordinates"": [
    -8.325812038799999e+01,
    4.241668868200000e+01
  ],
  ""type"": ""Point""
}","{
  ""coordinates"": [
    -83.258120388,
    42.416688682
  ],
  ""type"": ""Point""
}",-83.258120388,42.416688682
24413,9912900,SAINT ANTOINE,HANCOCK,2017-01-03,3,1,2017,9,3,9,9,,4,0,,1,1,1,25,3,2,2,4,0,0,0,2,false,,false,false,false,false,false,,,,,,false,true,true,,,false,false,false,false,false,-83.05653,42.3587,"{
  ""coordinates"": [
    -8.305653693100000e+01,
    4.235870527700010e+01
  ],
  ""type"": ""Point""
}","{
  ""coordinates"": [
    -83.056536931,
    42.358705277
  ],
  ""type"": ""Point""
}",-83.056536931,42.3587052770001
24414,9923445,OUTER,KENDALL,2017-01-02,2,1,2017,13,2,4,9,,2,0,,1,1,1,35,4,2,5,5,0,0,0,0,true,,false,false,true,false,false,,,,,,false,false,false,,,false,false,false,false,false,-83.25625,42.3883,"{
  ""coordinates"": [
    -8.325625189599999e+01,
    4.238830125700010e+01
  ],
  ""type"": ""Point""
}","{
  ""coordinates"": [
    -83.256251896,
    42.388301257
  ],
  ""type"": ""Point""
}",-83.256251896,42.3883012570001
24415,9911962,CALVERT,LINWOOD,2017-01-02,2,1,2017,0,2,1,9,,4,0,,1,1,4,25,2,1,2,5,0,0,0,0,true,,false,false,false,false,false,,,,,,false,false,true,,,false,false,false,false,false,-83.11279,42.37962,"{
  ""coordinates"": [
    -8.311279450399999e+01,
    4.237961673600010e+01
  ],
  ""type"": ""Point""
}","{
  ""coordinates"": [
    -83.112794504,
    42.379616736
  ],
  ""type"": ""Point""
}",-83.112794504,42.3796167360001
24416,9928319,M-10,DAVISON,2017-01-02,2,1,2017,14,2,1,3,,1,1,,1,2,1,55,3,1,1,4,0,0,0,1,false,,false,false,false,false,false,,,,,,false,false,false,,,false,false,false,false,false,-83.11765,42.40284,"{
  ""coordinates"": [
    -8.311765403200000e+01,
    4.240284135100010e+01
  ],
  ""type"": ""Point""
}","{
  ""coordinates"": [
    -83.117654032,
    42.402841351
  ],
  ""type"": ""Point""
}",-83.117654032,42.4028413510001
24417,9928311,W I 96 CD,RAMP 008P,2017-01-02,2,1,2017,1,2,1,1,,1,1,,1,1,4,55,4,1,2,4,0,0,0,1,false,,false,false,false,true,false,,,,,,false,false,false,,,false,false,false,false,false,-83.21642,42.37907,"{
  ""coordinates"": [
    -8.321641301299999e+01,
    4.237906512100010e+01
  ],
  ""type"": ""Point""
}","{
  ""coordinates"": [
    -83.216413013,
    42.379065121
  ],
  ""type"": ""Point""
}",-83.216413013,42.3790651210001
24418,9912903,GRAND,LINWOOD,2017-01-02,2,1,2017,12,2,8,9,,,0,,1,1,1,35,3,2,1,5,0,0,0,0,true,,false,false,true,false,false,,,,,,false,false,false,,,false,false,false,false,false,-83.12319,42.3946,"{
  ""coordinates"": [
    -8.312318973500000e+01,
    4.239459479900010e+01
  ],
  ""type"": ""Point""
}","{
  ""coordinates"": [
    -83.123189735,
    42.394594799
  ],
  ""type"": ""Point""
}",-83.123189735,42.3945947990001
24419,9911966,PURITAN,FAIRFIELD,2017-01-02,2,1,2017,10,2,9,9,,4,0,,1,2,1,30,2,2,4,5,0,0,0,0,true,,false,false,false,false,false,,,,,,false,false,false,,,false,false,false,false,false,-83.13501,42.41001,"{
  ""coordinates"": [
    -8.313501207400000e+01,
    4.241001121600000e+01
  ],
  ""type"": ""Point""
}","{
  ""coordinates"": [
    -83.135012074,
    42.410011216
  ],
  ""type"": ""Point""
}",-83.135012074,42.410011216
24420,9911945,SAINT ANTOINE,MACK,2017-01-02,2,1,2017,0,2,4,9,,4,0,,1,1,4,35,2,2,1,4,0,0,0,1,false,,false,false,true,false,false,,,,,,false,false,false,,,false,false,false,false,false,-83.05236,42.34965,"{
  ""coordinates"": [
    -8.305236181799999e+01,
    4.234964953500000e+01
  ],
  ""type"": ""Point""
}","{
  ""coordinates"": [
    -83.052361818,
    42.349649535
  ],
  ""type"": ""Point""
}",-83.052361818,42.349649535
24421,9915636,MACK,LILLIBRIDGE,2017-01-02,2,1,2017,17,2,8,9,,4,0,,2,4,5,35,4,2,2,5,0,0,0,0,true,,false,false,true,false,false,,,,,,false,false,false,,,false,false,false,false,false,-82.98088,42.37813,"{
  ""coordinates"": [
    -8.298088124799990e+01,
    4.237812928100000e+01
  ],
  ""type"": ""Point""
}","{
  ""coordinates"": [
    -82.980881248,
    42.378129281
  ],
  ""type"": ""Point""
}",-82.9808812479999,42.378129281
24422,9912901,SCHAEFER,CHALFONTE,2017-01-02,2,1,2017,13,2,8,9,,4,0,,1,1,1,30,3,2,2,5,0,0,0,0,true,,false,false,true,false,false,,,,,,false,false,false,,,false,false,false,false,false,-83.17902,42.39985,"{
  ""coordinates"": [
    -8.317902466699999e+01,
    4.239984582300010e+01
  ],
  ""type"": ""Point""
}","{
  ""coordinates"": [
    -83.179024667,
    42.399845823
  ],
  ""type"": ""Point""
}",-83.179024667,42.3998458230001
24423,9914330,N M 10,CHICAGO,2017-01-02,2,1,2017,0,2,8,3,,1,0,,1,1,4,55,3,3,3,5,0,0,0,0,true,,false,false,false,false,false,,,,,,false,false,true,,,false,false,false,false,false,-83.09456,42.38239,"{
  ""coordinates"": [
    -8.309455767400000e+01,
    4.238239110600010e+01
  ],
  ""type"": ""Point""
}","{
  ""coordinates"": [
    -83.094557674,
    42.382391106
  ],
  ""type"": ""Point""
}",-83.094557674,42.3823911060001
24424,1215330,HUBBELL,CHALFONTE,2017-01-02,2,1,2017,19,2,97,9,,4,0,,1,1,4,25,4,3,1,4,0,0,0,1,false,,false,false,false,false,false,,,,,,false,false,false,,,false,false,false,false,false,-83.18882,42.3996,"{
  ""coordinates"": [
    -8.318881838100000e+01,
    4.239959747800000e+01
  ],
  ""type"": ""Point""
}","{
  ""coordinates"": [
    -83.188818381,
    42.399597478
  ],
  ""type"": ""Point""
}",-83.188818381,42.399597478
24425,1003735,JEFFERSON,GRISWOLD,2017-01-02,2,1,2017,12,2,5,3,,1,0,,1,1,1,35,3,2,2,5,0,0,0,0,true,,false,false,false,false,false,,,,,,false,false,true,,,false,false,false,false,false,-83.04527,42.32821,"{
  ""coordinates"": [
    -8.304527594000000e+01,
    4.232820373500000e+01
  ],
  ""type"": ""Point""
}","{
  ""coordinates"": [
    -83.04527594,
    42.328203735
  ],
  ""type"": ""Point""
}",-83.04527594,42.328203735
24426,9912918,MCNICHOLS,FENMORE,2017-01-02,2,1,2017,1,2,1,9,,2,0,,1,1,4,35,4,1,1,2,0,1,0,0,false,,false,false,false,true,false,,,,,,false,false,false,,,false,false,false,false,false,-83.21783,42.41558,"{
  ""coordinates"": [
    -8.321783443399990e+01,
    4.241558121800010e+01
  ],
  ""type"": ""Point""
}","{
  ""coordinates"": [
    -83.217834434,
    42.415581218
  ],
  ""type"": ""Point""
}",-83.2178344339999,42.4155812180001
24427,9917245,VERNOR,WOODMERE,2017-01-02,2,1,2017,20,2,4,9,,4,0,,2,4,4,30,2,2,2,5,0,0,0,0,true,,false,false,false,false,false,,,,,,false,false,true,,,false,false,false,false,false,-83.1358,42.30796,"{
  ""coordinates"": [
    -8.313579320299991e+01,
    4.230795736600000e+01
  ],
  ""type"": ""Point""
}","{
  ""coordinates"": [
    -83.135793203,
    42.307957366
  ],
  ""type"": ""Point""
}",-83.1357932029999,42.307957366
24428,9911944,LARNED,RANDOLPH,2017-01-02,2,1,2017,16,2,8,9,,4,0,,1,1,1,25,4,2,5,5,0,0,0,0,true,,false,false,false,false,false,,,,,,false,false,false,,,false,false,false,false,false,-83.04347,42.33019,"{
  ""coordinates"": [
    -8.304347002000000e+01,
    4.233018953700010e+01
  ],
  ""type"": ""Point""
}","{
  ""coordinates"": [
    -83.04347002,
    42.330189537
  ],
  ""type"": ""Point""
}",-83.04347002,42.3301895370001
24429,9928343,I-75,BRUSH,2017-01-02,2,1,2017,3,2,5,1,,1,0,,1,1,4,55,1,2,5,5,0,0,0,0,true,,false,false,false,false,false,,,,,,false,false,false,,,false,false,false,false,false,-83.04675,42.342,"{
  ""coordinates"": [
    -8.304674302699991e+01,
    4.234200271400000e+01
  ],
  ""type"": ""Point""
}","{
  ""coordinates"": [
    -83.046743027,
    42.342002714
  ],
  ""type"": ""Point""
}",-83.0467430269999,42.342002714
24430,1098399,7 MILE,GRANDVILLE,2017-01-02,2,1,2017,20,2,4,9,,2,0,,2,4,4,35,4,2,3,4,0,0,0,2,false,,false,false,false,false,false,,,,,,false,false,false,,,false,false,false,false,false,-83.23215,42.42976,"{
  ""coordinates"": [
    -8.323214405600000e+01,
    4.242976303800000e+01
  ],
  ""type"": ""Point""
}","{
  ""coordinates"": [
    -83.232144056,
    42.429763038
  ],
  ""type"": ""Point""
}",-83.232144056,42.429763038
24431,9911947,JUNCTION,KOPERNICK,2017-01-02,2,1,2017,12,2,97,9,,4,0,,1,1,1,30,4,2,0,5,0,0,0,0,true,,false,false,true,false,false,,,,,,false,false,false,,,false,false,false,false,false,-83.11053,42.32987,"{
  ""coordinates"": [
    -8.311052748799990e+01,
    4.232986682900000e+01
  ],
  ""type"": ""Point""
}","{
  ""coordinates"": [
    -83.110527488,
    42.329866829
  ],
  ""type"": ""Point""
}",-83.1105274879999,42.329866829
24432,9914395,WILFRED,ANNSBURY,2017-01-02,2,1,2017,22,2,5,9,,,0,,98,98,4,25,1,2,1,5,0,0,0,0,true,,false,false,false,false,false,,,,,,false,false,true,,,false,false,false,false,false,-82.98667,42.41375,"{
  ""coordinates"": [
    -8.298667436700001e+01,
    4.241374975800010e+01
  ],
  ""type"": ""Point""
}","{
  ""coordinates"": [
    -82.986674367,
    42.413749758
  ],
  ""type"": ""Point""
}",-82.986674367,42.4137497580001
24433,9911967,8 MILE,MEYERS,2017-01-02,2,1,2017,11,2,5,3,,1,0,,1,1,1,40,4,2,3,5,0,0,0,0,true,,false,false,false,false,false,,,,,,false,false,false,,,false,false,false,false,false,-83.17097,42.44541,"{
  ""coordinates"": [
    -8.317097757200000e+01,
    4.244541110500010e+01
  ],
  ""type"": ""Point""
}","{
  ""coordinates"": [
    -83.170977572,
    42.445411105
  ],
  ""type"": ""Point""
}",-83.170977572,42.4454111050001
24434,9914411,CURTIS,APPOLINE,2017-01-02,2,1,2017,23,2,5,9,,4,0,,2,4,4,0,2,2,4,5,0,0,0,0,true,,false,false,false,false,false,,,,,,false,false,false,,,false,false,false,false,false,-83.17155,42.42398,"{
  ""coordinates"": [
    -8.317154692199991e+01,
    4.242398460200010e+01
  ],
  ""type"": ""Point""
}","{
  ""coordinates"": [
    -83.171546922,
    42.423984602
  ],
  ""type"": ""Point""
}",-83.1715469219999,42.4239846020001
24435,9911965,8 MILE,MOUND,2017-01-02,2,1,2017,19,2,97,3,,1,0,,2,4,4,0,4,2,1,5,0,0,0,0,true,,false,false,true,false,false,,,,,,false,false,false,,,false,false,false,false,false,-83.04432,42.44777,"{
  ""coordinates"": [
    -8.304431665500000e+01,
    4.244777070000000e+01
  ],
  ""type"": ""Point""
}","{
  ""coordinates"": [
    -83.044316655,
    42.4477707
  ],
  ""type"": ""Point""
}",-83.044316655,42.4477707
24436,9926347,GRAND RIVER,SORRENTO,2017-01-02,2,1,2017,19,2,5,3,,1,0,,2,2,4,35,5,3,3,4,0,0,0,2,false,,false,false,true,false,false,,,,,,false,true,false,,,false,false,false,false,false,-83.17191,42.38201,"{
  ""coordinates"": [
    -8.317190467700000e+01,
    4.238200782100010e+01
  ],
  ""type"": ""Point""
}","{
  ""coordinates"": [
    -83.171904677,
    42.382007821
  ],
  ""type"": ""Point""
}",-83.171904677,42.3820078210001
24437,9933973,I 75,SCHAEFER,2017-01-02,2,1,2017,20,2,8,1,,1,0,,2,4,4,70,4,2,2,2,0,1,0,0,false,,false,false,false,false,false,,,,,,false,false,true,,,false,false,false,false,false,-83.14156,42.28616,"{
  ""coordinates"": [
    -8.314155955500000e+01,
    4.228615950400010e+01
  ],
  ""type"": ""Point""
}","{
  ""coordinates"": [
    -83.141559555,
    42.286159504
  ],
  ""type"": ""Point""
}",-83.141559555,42.2861595040001
24438,9919738,RAMP 017A,I-375,2017-01-02,2,1,2017,2,2,8,1,,1,0,,1,1,4,55,1,2,1,3,0,0,1,0,false,,false,false,true,false,false,,,,,,false,false,false,,,false,false,false,false,false,-83.03938,42.33832,"{
  ""coordinates"": [
    -8.303937278300000e+01,
    4.233832257600010e+01
  ],
  ""type"": ""Point""
}","{
  ""coordinates"": [
    -83.039372783,
    42.338322576
  ],
  ""type"": ""Point""
}",-83.039372783,42.3383225760001
24439,9915638,KERCHEVAL,LAKEWOOD,2017-01-02,2,1,2017,12,2,4,9,,4,0,,1,1,1,30,4,2,2,4,0,0,0,1,false,,true,false,false,false,false,,,,,,false,false,true,,,false,false,false,false,false,-82.94904,42.37831,"{
  ""coordinates"": [
    -8.294904284700000e+01,
    4.237830611100000e+01
  ],
  ""type"": ""Point""
}","{
  ""coordinates"": [
    -82.949042847,
    42.378306111
  ],
  ""type"": ""Point""
}",-82.949042847,42.378306111
24440,9910819,JOHN C LODGE SERV,LINWOOD,2017-01-02,2,1,2017,3,2,1,3,,5,0,,1,1,4,35,3,1,0,5,0,0,0,0,true,,false,false,true,false,false,,,,,,false,false,false,,,false,false,false,false,false,-83.12742,42.40559,"{
  ""coordinates"": [
    -8.312741717800000e+01,
    4.240559171900000e+01
  ],
  ""type"": ""Point""
}","{
  ""coordinates"": [
    -83.127417178,
    42.405591719
  ],
  ""type"": ""Point""
}",-83.127417178,42.405591719
24441,9947589,KENTFIELD,OUTER,2017-01-02,2,1,2017,14,2,4,9,,,0,,1,2,1,0,2,2,1,4,0,0,0,1,false,,false,false,true,false,false,,,,,,false,false,false,,,false,false,false,false,false,-83.24045,42.39792,"{
  ""coordinates"": [
    -8.324044963400000e+01,
    4.239791827500010e+01
  ],
  ""type"": ""Point""
}","{
  ""coordinates"": [
    -83.240449634,
    42.397918275
  ],
  ""type"": ""Point""
}",-83.240449634,42.3979182750001
24442,9914389,CONNER,GRATIOT,2017-01-02,2,1,2017,6,2,1,3,,4,0,,1,1,4,35,4,1,1,5,0,0,0,0,true,,false,false,false,false,false,,,,,,false,false,false,,,false,false,false,false,false,-82.99776,42.40511,"{
  ""coordinates"": [
    -8.299775644600000e+01,
    4.240511500600010e+01
  ],
  ""type"": ""Point""
}","{
  ""coordinates"": [
    -82.997756446,
    42.405115006
  ],
  ""type"": ""Point""
}",-82.997756446,42.4051150060001
24443,9911964,DAVISION,MORAN,2017-01-02,2,1,2017,21,2,9,3,,1,2,,2,4,4,35,3,2,4,4,0,0,0,1,false,,false,false,false,true,false,,,,,,false,false,false,,,false,false,false,false,false,-83.06274,42.41508,"{
  ""coordinates"": [
    -8.306274263099991e+01,
    4.241508586100010e+01
  ],
  ""type"": ""Point""
}","{
  ""coordinates"": [
    -83.062742631,
    42.415085861
  ],
  ""type"": ""Point""
}",-83.0627426309999,42.4150858610001
24444,9912928,8 MILE,RALSTON,2017-01-02,2,1,2017,18,2,5,3,,1,0,,2,4,4,35,5,2,3,3,0,0,1,1,false,,false,false,false,false,false,,,,,,false,false,true,,,false,false,false,false,false,-83.11775,42.44659,"{
  ""coordinates"": [
    -8.311774850099989e+01,
    4.244659351800000e+01
  ],
  ""type"": ""Point""
}","{
  ""coordinates"": [
    -83.117748501,
    42.446593518
  ],
  ""type"": ""Point""
}",-83.1177485009999,42.446593518
24445,9912910,CADIEUX,E I 94,2017-01-02,2,1,2017,23,2,5,1,,4,0,,2,4,4,35,5,2,3,5,0,0,0,0,true,,false,false,false,false,false,,,,,,false,false,true,,,false,false,false,false,false,-82.93706,42.4171,"{
  ""coordinates"": [
    -8.293705818699991e+01,
    4.241709522300000e+01
  ],
  ""type"": ""Point""
}","{
  ""coordinates"": [
    -82.937058187,
    42.417095223
  ],
  ""type"": ""Point""
}",-82.9370581869999,42.417095223
24446,9914392,OUTER,E I 96,2017-01-02,2,1,2017,20,2,8,9,,2,0,,1,1,4,25,2,2,3,5,0,0,0,0,true,,false,false,false,false,false,,,,,,false,false,true,,,false,false,false,false,false,-83.25619,42.38541,"{
  ""coordinates"": [
    -8.325618554999990e+01,
    4.238541411300000e+01
  ],
  ""type"": ""Point""
}","{
  ""coordinates"": [
    -83.25618555,
    42.385414113
  ],
  ""type"": ""Point""
}",-83.2561855499999,42.385414113
24447,9923447,OUTER,SOUTHFIELD SERVICE DRIVE,2017-01-02,2,1,2017,17,2,97,9,,2,0,,1,1,1,35,4,2,4,5,0,0,0,0,true,,false,false,false,false,false,,,,,,false,false,true,,,false,false,false,false,false,-83.21862,42.41927,"{
  ""coordinates"": [
    -8.321861778999990e+01,
    4.241927484900000e+01
  ],
  ""type"": ""Point""
}","{
  ""coordinates"": [
    -83.21861779,
    42.419274849
  ],
  ""type"": ""Point""
}",-83.2186177899999,42.419274849
24448,9911960,HESSE,REDFERN,2017-01-02,2,1,2017,12,2,5,9,,,0,,98,98,1,25,2,2,0,5,0,0,0,0,true,,false,false,true,false,false,,,,,,false,false,false,,,false,false,false,false,false,-83.26549,42.44196,"{
  ""coordinates"": [
    -8.326548663800000e+01,
    4.244195476900010e+01
  ],
  ""type"": ""Point""
}","{
  ""coordinates"": [
    -83.265486638,
    42.441954769
  ],
  ""type"": ""Point""
}",-83.265486638,42.4419547690001
24449,9912935,MCNICHOLS,JAMES COUZENS,2017-01-02,2,1,2017,14,2,5,9,,2,0,,1,2,1,30,2,2,1,5,0,0,0,0,true,,false,false,false,false,false,,,,,,false,false,true,,,false,false,false,false,false,-83.17185,42.41665,"{
  ""coordinates"": [
    -8.317184993200000e+01,
    4.241664865600010e+01
  ],
  ""type"": ""Point""
}","{
  ""coordinates"": [
    -83.171849932,
    42.416648656
  ],
  ""type"": ""Point""
}",-83.171849932,42.4166486560001
24450,9911942,W.WARREN,ROOSEVELT,2017-01-02,2,1,2017,18,2,10,9,,4,0,,2,4,4,25,2,2,3,5,0,0,0,0,true,,false,false,false,false,false,,,,,,false,false,false,,,false,false,false,false,false,-83.10293,42.34489,"{
  ""coordinates"": [
    -8.310293160600000e+01,
    4.234489030900000e+01
  ],
  ""type"": ""Point""
}","{
  ""coordinates"": [
    -83.102931606,
    42.344890309
  ],
  ""type"": ""Point""
}",-83.102931606,42.344890309
24451,9910801,JOHN C,FOREST,2017-01-01,1,1,2017,2,1,8,3,,1,0,,1,5,4,25,2,2,3,5,0,0,0,0,true,,false,false,false,false,false,,,,,,false,false,false,,,false,false,false,false,false,-83.07227,42.35154,"{
  ""coordinates"": [
    -8.307226725600000e+01,
    4.235153746600000e+01
  ],
  ""type"": ""Point""
}","{
  ""coordinates"": [
    -83.072267256,
    42.351537466
  ],
  ""type"": ""Point""
}",-83.072267256,42.351537466