ObjectId,Crash ID,Primary Road,Intersecting Road,Crash Date,Day,Month,Year,Hour,Weekday,Crash Type Code,Highway Classification Code,Community Code,Jurisdiction Code,Lane Departure Type Code,Surface Type,Road Condition,Weather Condition,Lighting Condition,Speed Limit,Lanes,Units,Occupants,Most Severe Injury,Fatal Injuries,Suspected Serious Injuries,Suspected Minor Injuries,Possible Injuries,Property Damage Only,Secondary Crash,Traffic Control,Red Light Run,Hit and Run,Alcohol,Drugs,Unbelted Person,Work Zone,Speeding Driver,Distracted Driver,Driveway,Pedestrian,Elderly Driver,Young Driver,Commercial Vehicle,Emergency Vehicles,Train,School Bus,Motorcycle,Bicycle,Deer,Longitude,Latitude,geom,geog,x,y
24452,9909798,GRAND RIVER,E I 96 SERVICE DRIVE,2017-01-01,1,1,2017,8,1,8,3,,1,0,,1,1,1,35,6,2,1,5,0,0,0,0,true,,false,false,true,false,false,,,,,,false,true,false,,,false,false,false,false,false,-83.17519,42.38334,"{
  ""coordinates"": [
    -8.317518955000000e+01,
    4.238333359400010e+01
  ],
  ""type"": ""Point""
}","{
  ""coordinates"": [
    -83.17518955,
    42.383333594
  ],
  ""type"": ""Point""
}",-83.17518955,42.3833335940001
24453,9911961,GRATIOT,SANFORD,2017-01-01,1,1,2017,18,1,4,3,,1,0,,1,1,1,35,2,2,2,5,0,0,0,0,true,,false,false,true,false,false,,,,,,false,false,false,,,false,false,false,false,false,-82.99122,42.41451,"{
  ""coordinates"": [
    -8.299121813300000e+01,
    4.241450790500010e+01
  ],
  ""type"": ""Point""
}","{
  ""coordinates"": [
    -82.991218133,
    42.414507905
  ],
  ""type"": ""Point""
}",-82.991218133,42.4145079050001
24454,9910768,LIVERNOIS,MICHIGAN,2017-01-01,1,1,2017,19,1,3,2,,4,0,,1,1,4,35,5,2,3,3,0,0,2,1,false,,false,false,false,false,false,,,,,,false,false,false,,,false,false,false,false,false,-83.12033,42.33112,"{
  ""coordinates"": [
    -8.312033324299991e+01,
    4.233111831500000e+01
  ],
  ""type"": ""Point""
}","{
  ""coordinates"": [
    -83.120333243,
    42.331118315
  ],
  ""type"": ""Point""
}",-83.1203332429999,42.331118315
24455,9910815,PURITAN,PRAIRIE,2017-01-01,1,1,2017,10,1,5,9,,4,0,,1,1,1,30,2,2,2,4,0,0,0,2,false,,false,false,false,false,false,,,,,,false,false,false,,,false,false,false,false,false,-83.14479,42.40987,"{
  ""coordinates"": [
    -8.314479213700000e+01,
    4.240986845600000e+01
  ],
  ""type"": ""Point""
}","{
  ""coordinates"": [
    -83.144792137,
    42.409868456
  ],
  ""type"": ""Point""
}",-83.144792137,42.409868456
24456,9911952,STEEL,PLYMOUTH,2017-01-01,1,1,2017,0,1,4,9,,,0,,1,1,4,25,4,2,5,5,0,0,0,0,true,,false,false,false,false,false,,,,,,false,false,true,,,false,false,false,false,false,-83.17061,42.37318,"{
  ""coordinates"": [
    -8.317061090399990e+01,
    4.237318270000000e+01
  ],
  ""type"": ""Point""
}","{
  ""coordinates"": [
    -83.170610904,
    42.3731827
  ],
  ""type"": ""Point""
}",-83.1706109039999,42.3731827
24457,9911958,GRATIOT,MT ELLIOT,2017-01-01,1,1,2017,18,1,98,3,,1,0,,1,1,4,35,7,2,1,4,0,0,0,1,false,,false,false,true,false,false,,,,,,true,false,false,,,false,false,false,false,false,-83.02393,42.36489,"{
  ""coordinates"": [
    -8.302392329199991e+01,
    4.236489460300000e+01
  ],
  ""type"": ""Point""
}","{
  ""coordinates"": [
    -83.023923292,
    42.364894603
  ],
  ""type"": ""Point""
}",-83.0239232919999,42.364894603
24458,9914281,I 75 N/B,DAVISON,2017-01-01,1,1,2017,19,1,97,1,,1,0,,1,1,4,70,4,1,1,5,0,0,0,0,true,,false,false,false,false,false,,,,,,false,false,false,,,false,false,false,false,false,-83.07565,42.40636,"{
  ""coordinates"": [
    -8.307565108800000e+01,
    4.240636232700010e+01
  ],
  ""type"": ""Point""
}","{
  ""coordinates"": [
    -83.075651088,
    42.406362327
  ],
  ""type"": ""Point""
}",-83.075651088,42.4063623270001
24459,9910772,CASPER,MICHIGAN,2017-01-01,1,1,2017,2,1,4,2,,,0,,1,1,4,25,2,2,0,5,0,0,0,0,true,,false,false,true,false,false,,,,,,false,false,false,,,false,false,false,false,false,-83.13879,42.33134,"{
  ""coordinates"": [
    -8.313878298799990e+01,
    4.233134221500010e+01
  ],
  ""type"": ""Point""
}","{
  ""coordinates"": [
    -83.138782988,
    42.331342215
  ],
  ""type"": ""Point""
}",-83.1387829879999,42.3313422150001
24460,9910797,GRAND RIVER,STOUT,2017-01-01,1,1,2017,17,1,3,3,,1,0,,1,1,4,35,6,2,1,5,0,0,0,0,true,,false,false,true,false,false,,,,,,false,false,true,,,false,false,false,false,false,-83.24213,42.41029,"{
  ""coordinates"": [
    -8.324212640000000e+01,
    4.241029106900000e+01
  ],
  ""type"": ""Point""
}","{
  ""coordinates"": [
    -83.2421264,
    42.410291069
  ],
  ""type"": ""Point""
}",-83.2421264,42.410291069
24461,9917195,I-94,OUTER,2017-01-01,1,1,2017,20,1,1,1,,1,1,,1,1,5,55,3,1,1,5,0,0,0,0,true,,false,false,false,false,true,,,,,,false,false,false,,,false,false,false,false,false,-82.95946,42.40517,"{
  ""coordinates"": [
    -8.295946103900000e+01,
    4.240517042500010e+01
  ],
  ""type"": ""Point""
}","{
  ""coordinates"": [
    -82.959461039,
    42.405170425
  ],
  ""type"": ""Point""
}",-82.959461039,42.4051704250001
24462,9914391,CHANDLER PARK,NEFF,2017-01-01,1,1,2017,15,1,4,9,,2,0,,1,1,1,35,3,2,7,3,0,0,1,0,false,,true,false,false,false,false,,,,,,false,true,false,,,false,false,false,false,false,-82.92831,42.41291,"{
  ""coordinates"": [
    -8.292830763700000e+01,
    4.241291265600010e+01
  ],
  ""type"": ""Point""
}","{
  ""coordinates"": [
    -82.928307637,
    42.412912656
  ],
  ""type"": ""Point""
}",-82.928307637,42.4129126560001
24463,9910810,STOEPEL,DAVISON,2017-01-01,1,1,2017,1,1,1,3,,,0,,1,1,4,35,2,1,1,5,0,0,0,0,true,,false,false,false,false,false,,,,,,false,false,false,,,false,false,false,false,false,-83.14059,42.38641,"{
  ""coordinates"": [
    -8.314059697200000e+01,
    4.238640867800010e+01
  ],
  ""type"": ""Point""
}","{
  ""coordinates"": [
    -83.140596972,
    42.386408678
  ],
  ""type"": ""Point""
}",-83.140596972,42.3864086780001
24464,9911954,SOUTHFIELD SERVICE DRIVE,8 MILE,2017-01-01,1,1,2017,0,1,4,3,,5,0,,1,1,4,30,3,2,3,5,0,0,0,0,true,,false,false,false,false,false,,,,,,false,false,true,,,false,false,false,false,false,-83.22015,42.44415,"{
  ""coordinates"": [
    -8.322014337900001e+01,
    4.244414405700010e+01
  ],
  ""type"": ""Point""
}","{
  ""coordinates"": [
    -83.220143379,
    42.444144057
  ],
  ""type"": ""Point""
}",-83.220143379,42.4441440570001
24465,9914329,I 94 E/B,I 75,2017-01-01,1,1,2017,4,1,8,1,,1,0,,1,1,4,55,3,2,1,5,0,0,0,0,true,,false,false,true,false,false,,,,,,false,false,true,,,false,false,false,false,false,-83.05433,42.37096,"{
  ""coordinates"": [
    -8.305433188300000e+01,
    4.237096152500000e+01
  ],
  ""type"": ""Point""
}","{
  ""coordinates"": [
    -83.054331883,
    42.370961525
  ],
  ""type"": ""Point""
}",-83.054331883,42.370961525
24466,9975730,KEATING,STATE FAIR,2017-01-01,1,1,2017,22,1,1,9,,,0,,1,1,5,25,1,2,0,2,0,1,0,0,false,,false,false,true,false,false,,,,,,true,false,false,,,false,false,false,false,false,-83.10043,42.43959,"{
  ""coordinates"": [
    -8.310043203100000e+01,
    4.243959466600010e+01
  ],
  ""type"": ""Point""
}","{
  ""coordinates"": [
    -83.100432031,
    42.439594666
  ],
  ""type"": ""Point""
}",-83.100432031,42.4395946660001
24467,9917252,MACK,ALTER,2017-01-01,1,1,2017,16,1,5,9,,4,0,,1,1,1,35,4,2,2,5,0,0,0,0,true,,false,false,false,false,false,,,,,,false,false,true,,,false,false,false,false,false,-82.94769,42.38731,"{
  ""coordinates"": [
    -8.294769385799999e+01,
    4.238730664300000e+01
  ],
  ""type"": ""Point""
}","{
  ""coordinates"": [
    -82.947693858,
    42.387306643
  ],
  ""type"": ""Point""
}",-82.947693858,42.387306643
24468,9910788,WOODWARD,ELIZABETH,2017-01-01,1,1,2017,3,1,10,3,,1,0,,1,1,4,35,2,2,10,5,0,0,0,0,true,,false,false,false,false,false,,,,,,false,false,false,,,false,false,false,false,false,-83.05133,42.33767,"{
  ""coordinates"": [
    -8.305133363100001e+01,
    4.233767265700000e+01
  ],
  ""type"": ""Point""
}","{
  ""coordinates"": [
    -83.051333631,
    42.337672657
  ],
  ""type"": ""Point""
}",-83.051333631,42.337672657
24469,9973320,RALSTON,WOODWARD,2017-01-01,1,1,2017,6,1,1,3,,,0,,1,2,4,25,1,1,1,5,0,0,0,0,true,,false,false,false,false,false,,,,,,false,false,false,,,false,false,false,false,false,-83.11708,42.43526,"{
  ""coordinates"": [
    -8.311707906500000e+01,
    4.243525592700010e+01
  ],
  ""type"": ""Point""
}","{
  ""coordinates"": [
    -83.117079065,
    42.435255927
  ],
  ""type"": ""Point""
}",-83.117079065,42.4352559270001
24470,9911956,GRAND RIVER,FREELAND,2017-01-01,1,1,2017,15,1,10,3,,1,0,,1,1,1,30,3,2,1,5,0,0,0,0,true,,false,false,true,false,false,,,,,,false,false,false,,,false,false,false,false,false,-83.18492,42.38725,"{
  ""coordinates"": [
    -8.318491895600000e+01,
    4.238724953600010e+01
  ],
  ""type"": ""Point""
}","{
  ""coordinates"": [
    -83.184918956,
    42.387249536
  ],
  ""type"": ""Point""
}",-83.184918956,42.3872495360001
24471,9911978,N M 10,RAMP 215C,2017-01-01,1,1,2017,0,1,1,3,,1,1,,1,1,4,15,1,1,1,3,0,0,1,0,false,,false,false,false,true,false,,,,,,false,false,false,,,false,false,false,false,false,-83.0743,42.35543,"{
  ""coordinates"": [
    -8.307429212499990e+01,
    4.235543385300010e+01
  ],
  ""type"": ""Point""
}","{
  ""coordinates"": [
    -83.074292125,
    42.355433853
  ],
  ""type"": ""Point""
}",-83.0742921249999,42.3554338530001
24472,9909845,NEVADA,ST LOUIS,2017-01-01,1,1,2017,0,1,4,9,,4,0,,1,1,4,35,2,2,3,3,0,0,2,1,false,,true,false,true,false,false,,,,,,false,false,false,,,false,false,false,false,false,-83.04001,42.42638,"{
  ""coordinates"": [
    -8.304000517000000e+01,
    4.242638020900010e+01
  ],
  ""type"": ""Point""
}","{
  ""coordinates"": [
    -83.04000517,
    42.426380209
  ],
  ""type"": ""Point""
}",-83.04000517,42.4263802090001
24473,9917297,THIRD,PLUM,2017-01-01,1,1,2017,3,1,8,9,,4,0,,1,1,4,25,2,2,2,5,0,0,0,0,true,,false,false,false,false,false,,,,,,false,false,false,,,false,false,false,false,false,-83.05937,42.33526,"{
  ""coordinates"": [
    -8.305937055200000e+01,
    4.233525842500010e+01
  ],
  ""type"": ""Point""
}","{
  ""coordinates"": [
    -83.059370552,
    42.335258425
  ],
  ""type"": ""Point""
}",-83.059370552,42.3352584250001
24474,9915630,CHALMERS,FRANKFORT,2017-01-01,1,1,2017,2,1,4,9,,4,0,,1,1,4,35,4,2,6,5,0,0,0,0,true,,false,false,false,false,false,,,,,,false,false,true,,,false,false,false,false,false,-82.95987,42.39707,"{
  ""coordinates"": [
    -8.295987314000000e+01,
    4.239707181400010e+01
  ],
  ""type"": ""Point""
}","{
  ""coordinates"": [
    -82.95987314,
    42.397071814
  ],
  ""type"": ""Point""
}",-82.95987314,42.3970718140001
24475,9912940,15788 PINEHURST,PILGRIM,2017-01-01,1,1,2017,18,1,98,9,,,0,,1,1,1,25,2,2,0,5,0,0,0,0,true,,false,false,true,false,false,,,,,,false,false,false,,,false,false,false,false,false,-83.1665,42.40732,"{
  ""coordinates"": [
    -8.316649259699990e+01,
    4.240731973400010e+01
  ],
  ""type"": ""Point""
}","{
  ""coordinates"": [
    -83.166492597,
    42.407319734
  ],
  ""type"": ""Point""
}",-83.1664925969999,42.4073197340001
24476,9910816,PURITAN,WYOMING,2017-01-01,1,1,2017,20,1,4,9,,4,0,,1,1,4,30,2,2,1,5,0,0,0,0,true,,false,false,true,false,false,,,,,,false,false,false,,,false,false,false,false,false,-83.15982,42.40971,"{
  ""coordinates"": [
    -8.315982367299991e+01,
    4.240971501300000e+01
  ],
  ""type"": ""Point""
}","{
  ""coordinates"": [
    -83.159823673,
    42.409715013
  ],
  ""type"": ""Point""
}",-83.1598236729999,42.409715013
24477,9914340,RAMP 036A,W I 96,2017-01-01,1,1,2017,6,1,1,1,,1,1,,1,1,4,55,1,1,1,4,0,0,0,1,false,,false,false,false,false,false,,,,,,false,false,false,,,false,false,false,false,false,-83.08602,42.33,"{
  ""coordinates"": [
    -8.308602347899991e+01,
    4.232999895300000e+01
  ],
  ""type"": ""Point""
}","{
  ""coordinates"": [
    -83.086023479,
    42.329998953
  ],
  ""type"": ""Point""
}",-83.0860234789999,42.329998953
24478,9910818,OUTER,MARK TWAIN,2017-01-01,1,1,2017,23,1,4,9,,2,0,,1,1,4,35,3,2,1,4,0,0,0,1,false,,false,false,true,false,false,,,,,,false,false,false,,,false,false,false,false,false,-83.18733,42.41999,"{
  ""coordinates"": [
    -8.318733027699990e+01,
    4.241998802600010e+01
  ],
  ""type"": ""Point""
}","{
  ""coordinates"": [
    -83.187330277,
    42.419988026
  ],
  ""type"": ""Point""
}",-83.1873302769999,42.4199880260001
24479,9910805,GUNSTON,EVANSTON,2017-01-01,1,1,2017,14,1,4,9,,,0,,1,1,1,25,2,2,5,5,0,0,0,0,true,,true,false,false,false,false,,,,,,false,false,true,,,false,false,false,false,false,-82.98785,42.39845,"{
  ""coordinates"": [
    -8.298784477600000e+01,
    4.239845039000010e+01
  ],
  ""type"": ""Point""
}","{
  ""coordinates"": [
    -82.987844776,
    42.39845039
  ],
  ""type"": ""Point""
}",-82.987844776,42.3984503900001
24480,9922227,FISHER FWY SRVC,ROSA PARKS,2017-01-01,1,1,2017,18,1,5,1,,1,0,,1,1,4,25,2,2,2,5,0,0,0,0,true,,false,false,true,false,false,,,,,,false,false,false,,,false,false,false,false,false,-83.07318,42.33343,"{
  ""coordinates"": [
    -8.307317910200000e+01,
    4.233342914900000e+01
  ],
  ""type"": ""Point""
}","{
  ""coordinates"": [
    -83.073179102,
    42.333429149
  ],
  ""type"": ""Point""
}",-83.073179102,42.333429149
24481,9910776,CLAYBURN,WARREN,2017-01-01,1,1,2017,2,1,9,9,,,2,,1,1,4,25,2,4,6,2,0,2,0,0,false,,false,false,false,false,false,,,,,,false,false,false,,,false,false,false,false,false,-83.21159,42.34401,"{
  ""coordinates"": [
    -8.321159404699991e+01,
    4.234400412700010e+01
  ],
  ""type"": ""Point""
}","{
  ""coordinates"": [
    -83.211594047,
    42.344004127
  ],
  ""type"": ""Point""
}",-83.2115940469999,42.3440041270001
24482,9928290,N I 75,CLAY,2017-01-01,1,1,2017,19,1,1,1,,1,0,,2,2,4,55,3,1,2,5,0,0,0,0,true,,false,false,false,false,false,,,,,,false,false,false,,,false,false,false,false,false,-83.06211,42.37765,"{
  ""coordinates"": [
    -8.306210742199990e+01,
    4.237764648800000e+01
  ],
  ""type"": ""Point""
}","{
  ""coordinates"": [
    -83.062107422,
    42.377646488
  ],
  ""type"": ""Point""
}",-83.0621074219999,42.377646488
24483,9910785,GREENFIELD,FENKELL,2017-01-01,1,1,2017,10,1,8,9,,2,0,,1,1,1,40,4,2,2,5,0,0,0,0,true,,false,false,true,false,false,,,,,,false,false,false,,,false,false,false,false,false,-83.19872,42.402,"{
  ""coordinates"": [
    -8.319871548000000e+01,
    4.240199639500000e+01
  ],
  ""type"": ""Point""
}","{
  ""coordinates"": [
    -83.19871548,
    42.401996395
  ],
  ""type"": ""Point""
}",-83.19871548,42.401996395
24484,9910802,ALCOY,MANNING,2017-01-01,1,1,2017,0,1,8,9,,,0,,1,2,4,0,1,2,2,3,0,0,1,1,false,,false,false,true,false,false,,,,,,false,false,false,,,false,false,false,false,false,-82.98898,42.44065,"{
  ""coordinates"": [
    -8.298897982200000e+01,
    4.244064737700010e+01
  ],
  ""type"": ""Point""
}","{
  ""coordinates"": [
    -82.988979822,
    42.440647377
  ],
  ""type"": ""Point""
}",-82.988979822,42.4406473770001
24485,9922266,WHITTIER,CHANDLER PARK,2017-01-01,1,1,2017,13,1,8,9,,4,0,,1,1,1,30,2,2,1,5,0,0,0,0,true,,false,false,false,false,false,,,,,,false,false,false,,,false,false,false,false,false,-82.93982,42.40866,"{
  ""coordinates"": [
    -8.293981901099990e+01,
    4.240866158400010e+01
  ],
  ""type"": ""Point""
}","{
  ""coordinates"": [
    -82.939819011,
    42.408661584
  ],
  ""type"": ""Point""
}",-82.9398190109999,42.4086615840001
24486,9910765,WOODWARD,PETERBORO,2017-01-01,1,1,2017,7,1,8,3,,1,3,,1,1,1,30,5,2,0,5,0,0,0,0,true,,false,false,true,false,false,,,,,,false,false,false,,,false,false,false,false,false,-83.05668,42.3456,"{
  ""coordinates"": [
    -8.305667684299991e+01,
    4.234560218100010e+01
  ],
  ""type"": ""Point""
}","{
  ""coordinates"": [
    -83.056676843,
    42.345602181
  ],
  ""type"": ""Point""
}",-83.0566768429999,42.3456021810001
24487,9910811,LIVERNOIS,CHALFONTE,2017-01-01,1,1,2017,8,1,4,9,,4,0,,1,1,1,30,2,2,3,4,0,0,0,1,false,,false,false,false,false,false,,,,,,false,true,true,,,false,false,false,false,false,-83.14003,42.40067,"{
  ""coordinates"": [
    -8.314002901299990e+01,
    4.240066570600000e+01
  ],
  ""type"": ""Point""
}","{
  ""coordinates"": [
    -83.140029013,
    42.400665706
  ],
  ""type"": ""Point""
}",-83.1400290129999,42.400665706
24488,9911951,BEAUBIEN,GRATIOT,2017-01-01,1,1,2017,8,1,1,3,,4,1,,1,1,4,0,1,1,1,5,0,0,0,0,true,,false,false,true,false,false,,,,,,false,false,false,,,false,false,false,false,false,-83.04376,42.33667,"{
  ""coordinates"": [
    -8.304376052100000e+01,
    4.233666769800000e+01
  ],
  ""type"": ""Point""
}","{
  ""coordinates"": [
    -83.043760521,
    42.336667698
  ],
  ""type"": ""Point""
}",-83.043760521,42.336667698
24489,9915637,JEFFERSON,NAVAHOE,2017-01-01,1,1,2017,7,1,8,9,,4,0,,1,1,1,0,6,2,4,5,0,0,0,0,true,,false,false,false,false,false,,,,,,false,false,true,,,false,false,false,false,false,-82.95788,42.37011,"{
  ""coordinates"": [
    -8.295788173499990e+01,
    4.237011075100000e+01
  ],
  ""type"": ""Point""
}","{
  ""coordinates"": [
    -82.957881735,
    42.370110751
  ],
  ""type"": ""Point""
}",-82.9578817349999,42.370110751
24490,9910771,JEFFERSON,CLARK,2017-01-01,1,1,2017,21,1,1,9,,4,0,,1,1,4,30,2,1,1,4,0,0,0,1,false,,false,false,false,false,false,,,,,,false,true,false,,,false,false,false,false,false,-83.087,42.30759,"{
  ""coordinates"": [
    -8.308699520300000e+01,
    4.230758713900010e+01
  ],
  ""type"": ""Point""
}","{
  ""coordinates"": [
    -83.086995203,
    42.307587139
  ],
  ""type"": ""Point""
}",-83.086995203,42.3075871390001
24491,1002138,E I 94,HARPER,2017-01-01,1,1,2017,2,1,8,1,,1,0,,1,2,4,55,3,2,2,5,0,0,0,0,true,,false,false,true,false,false,,,,,,false,false,false,,,false,false,false,false,false,-82.94909,42.4085,"{
  ""coordinates"": [
    -8.294908849900000e+01,
    4.240850467700010e+01
  ],
  ""type"": ""Point""
}","{
  ""coordinates"": [
    -82.949088499,
    42.408504677
  ],
  ""type"": ""Point""
}",-82.949088499,42.4085046770001
24492,9914385,HAYES,HAZELRIDGE,2017-01-01,1,1,2017,2,1,4,9,,4,0,,1,1,4,30,2,2,1,5,0,0,0,0,true,,false,false,true,false,false,,,,,,false,false,true,,,false,false,false,false,false,-82.96517,42.42479,"{
  ""coordinates"": [
    -8.296517483799990e+01,
    4.242478634900000e+01
  ],
  ""type"": ""Point""
}","{
  ""coordinates"": [
    -82.965174838,
    42.424786349
  ],
  ""type"": ""Point""
}",-82.9651748379999,42.424786349
24493,9910766,CASPER,PITT,2017-01-01,1,1,2017,1,1,98,9,,,0,,1,1,4,0,4,2,0,5,0,0,0,0,true,,false,false,true,false,false,,,,,,false,false,false,,,false,false,false,false,false,-83.12675,42.31383,"{
  ""coordinates"": [
    -8.312675645600000e+01,
    4.231383259000010e+01
  ],
  ""type"": ""Point""
}","{
  ""coordinates"": [
    -83.126756456,
    42.31383259
  ],
  ""type"": ""Point""
}",-83.126756456,42.3138325900001
24494,9914418,AVERY,WILLIS,2017-01-01,1,1,2017,3,1,9,9,,,2,,1,1,4,25,3,2,1,5,0,0,0,0,true,,false,false,false,false,false,,,,,,false,false,false,,,false,false,false,false,false,-83.07837,42.34644,"{
  ""coordinates"": [
    -8.307836907500000e+01,
    4.234644356700010e+01
  ],
  ""type"": ""Point""
}","{
  ""coordinates"": [
    -83.078369075,
    42.346443567
  ],
  ""type"": ""Point""
}",-83.078369075,42.3464435670001
24495,9909847,OUTER,HELEN,2017-01-01,1,1,2017,2,1,2,9,,2,0,,1,1,4,35,3,2,1,4,0,0,0,1,false,,false,false,true,false,false,,,,,,false,false,false,,,false,false,false,false,false,-83.03201,42.44098,"{
  ""coordinates"": [
    -8.303200552000000e+01,
    4.244097820900000e+01
  ],
  ""type"": ""Point""
}","{
  ""coordinates"": [
    -83.03200552,
    42.440978209
  ],
  ""type"": ""Point""
}",-83.03200552,42.440978209
24496,9914280,I 75 S/B,MACK,2017-01-01,1,1,2017,19,1,5,1,,1,0,,1,1,4,55,4,2,2,5,0,0,0,0,true,,false,false,false,false,false,,,,,,false,true,true,,,false,false,false,false,false,-83.04597,42.34785,"{
  ""coordinates"": [
    -8.304596760800000e+01,
    4.234785104700010e+01
  ],
  ""type"": ""Point""
}","{
  ""coordinates"": [
    -83.045967608,
    42.347851047
  ],
  ""type"": ""Point""
}",-83.045967608,42.3478510470001
24497,9912862,VASSAR,S M 10,2017-01-01,1,1,2017,15,1,1,9,,4,0,,1,1,1,25,1,1,3,5,0,0,0,0,true,,false,false,false,false,false,,,,,,false,false,false,,,false,false,false,false,false,-83.17729,42.43462,"{
  ""coordinates"": [
    -8.317729564800000e+01,
    4.243462064700000e+01
  ],
  ""type"": ""Point""
}","{
  ""coordinates"": [
    -83.177295648,
    42.434620647
  ],
  ""type"": ""Point""
}",-83.177295648,42.434620647
24498,9910760,WASHINGTON,PARK,2017-01-01,1,1,2017,13,1,1,9,,4,0,,1,1,1,25,2,1,1,5,0,0,0,0,true,,false,false,false,true,false,,,,,,false,false,true,,,false,false,false,false,false,-83.0512,42.33574,"{
  ""coordinates"": [
    -8.305120156000000e+01,
    4.233574242300010e+01
  ],
  ""type"": ""Point""
}","{
  ""coordinates"": [
    -83.05120156,
    42.335742423
  ],
  ""type"": ""Point""
}",-83.05120156,42.3357424230001
24499,9910803,MANNING,CORDELL,2017-01-01,1,1,2017,14,1,4,9,,,0,,1,1,1,25,2,2,7,5,0,0,0,0,true,,true,false,true,false,false,,,,,,false,false,true,,,false,false,false,false,false,-82.95106,42.44109,"{
  ""coordinates"": [
    -8.295105712100001e+01,
    4.244108528100000e+01
  ],
  ""type"": ""Point""
}","{
  ""coordinates"": [
    -82.951057121,
    42.441085281
  ],
  ""type"": ""Point""
}",-82.951057121,42.441085281
24500,9910794,LAHSER,MIDLAND,2017-01-01,1,1,2017,2,1,97,9,,2,0,,1,1,4,35,2,2,0,4,0,0,0,1,false,,false,false,true,false,false,,,,,,true,false,false,,,false,false,false,false,false,-83.25697,42.40364,"{
  ""coordinates"": [
    -8.325696189600001e+01,
    4.240364544500010e+01
  ],
  ""type"": ""Point""
}","{
  ""coordinates"": [
    -83.256961896,
    42.403645445
  ],
  ""type"": ""Point""
}",-83.256961896,42.4036454450001
24501,9915672,8 MILE,GROESBECK,2017-01-01,1,1,2017,16,1,97,3,,1,0,,1,1,1,40,4,2,1,5,0,0,0,0,true,,false,false,false,false,false,,,,,,false,false,false,,,false,false,false,false,false,-83.00297,42.4489,"{
  ""coordinates"": [
    -8.300296708699990e+01,
    4.244890180200010e+01
  ],
  ""type"": ""Point""
}","{
  ""coordinates"": [
    -83.002967087,
    42.448901802
  ],
  ""type"": ""Point""
}",-83.0029670869999,42.4489018020001
24502,9910763,MICHIGAN,CICOTTE,2017-01-01,1,1,2017,2,1,4,2,,1,0,,1,1,4,45,4,2,2,3,0,0,1,0,false,,false,false,false,false,false,,,,,,false,false,false,,,false,false,false,false,false,-83.12341,42.33113,"{
  ""coordinates"": [
    -8.312340335499989e+01,
    4.233113150800010e+01
  ],
  ""type"": ""Point""
}","{
  ""coordinates"": [
    -83.123403355,
    42.331131508
  ],
  ""type"": ""Point""
}",-83.1234033549999,42.3311315080001
24503,9954392,KEATING,STATE FAIR,2017-01-01,1,1,2017,22,1,1,9,,,0,,1,1,5,25,1,2,0,5,0,0,0,0,true,,false,false,true,false,false,,,,,,true,false,false,,,false,false,false,false,false,-83.10043,42.43959,"{
  ""coordinates"": [
    -8.310043203100000e+01,
    4.243959466600010e+01
  ],
  ""type"": ""Point""
}","{
  ""coordinates"": [
    -83.100432031,
    42.439594666
  ],
  ""type"": ""Point""
}",-83.100432031,42.4395946660001
24504,9909818,MCCLELLAN,GRATIOT,2017-01-01,1,1,2017,3,1,5,3,,4,0,,1,1,4,35,2,2,2,5,0,0,0,0,true,,false,false,true,false,false,,,,,,false,false,true,,,false,false,false,false,false,-83.007,42.39029,"{
  ""coordinates"": [
    -8.300700693700000e+01,
    4.239028506600000e+01
  ],
  ""type"": ""Point""
}","{
  ""coordinates"": [
    -83.007006937,
    42.390285066
  ],
  ""type"": ""Point""
}",-83.007006937,42.390285066
24505,9910759,ROBSON,LYNDON,2017-01-01,1,1,2017,13,1,4,9,,,0,,1,1,1,25,2,2,4,4,0,0,0,1,false,,true,false,false,false,false,,,,,,false,false,false,,,false,false,false,false,false,-83.19258,42.39444,"{
  ""coordinates"": [
    -8.319257774200000e+01,
    4.239443611400000e+01
  ],
  ""type"": ""Point""
}","{
  ""coordinates"": [
    -83.192577742,
    42.394436114
  ],
  ""type"": ""Point""
}",-83.192577742,42.394436114
24506,9910793,FENKELL,ASHTON,2017-01-01,1,1,2017,3,1,1,9,,2,0,,1,1,4,35,3,1,2,5,0,0,0,0,true,,false,false,false,false,false,,,,,,false,false,false,,,false,false,false,false,false,-83.22022,42.40107,"{
  ""coordinates"": [
    -8.322022224100000e+01,
    4.240107139200010e+01
  ],
  ""type"": ""Point""
}","{
  ""coordinates"": [
    -83.220222241,
    42.401071392
  ],
  ""type"": ""Point""
}",-83.220222241,42.4010713920001
24507,9910817,MARGARETA,WYOMING,2017-01-01,1,1,2017,17,1,1,9,,,0,,1,1,5,35,2,2,1,3,0,0,1,0,false,,false,false,true,false,false,,,,,,false,false,false,,,false,false,false,true,false,-83.16084,42.42778,"{
  ""coordinates"": [
    -8.316084314800000e+01,
    4.242777595800000e+01
  ],
  ""type"": ""Point""
}","{
  ""coordinates"": [
    -83.160843148,
    42.427775958
  ],
  ""type"": ""Point""
}",-83.160843148,42.427775958
24508,9910806,DICKERSON,WILFRED,2017-01-01,1,1,2017,19,1,4,9,,4,0,,1,1,4,25,2,2,2,3,0,0,1,1,false,,false,false,false,false,false,,,,,,false,false,true,,,false,false,false,false,false,-82.98152,42.41556,"{
  ""coordinates"": [
    -8.298151806899990e+01,
    4.241555983500010e+01
  ],
  ""type"": ""Point""
}","{
  ""coordinates"": [
    -82.981518069,
    42.415559835
  ],
  ""type"": ""Point""
}",-82.9815180689999,42.4155598350001